Recipe name,MSKU Code,Recipe Type,Recipe Yield,Recipe Yield UOM,Ingredient Name,Ingredient Type,Ingredient ID,Ingredient Quantity,Ingredient UOM,Preparation,Sub-Recipe ID,Sub-Recipe Categories,Instructions,Allergen Contains,Recipe Score,Sub-Recipe Yield,Portion Qty,Portion Method,Method Color,Method Type,Sub-Allergens,Sub-Recipe EA to OZ,Sub-Recipe OZ to LBS,Sub-Recipe Raw Ingredient Weight (oz),Sub-Recipe Raw Ingredient Weight (lbs),Primary Packaging Sku Code,Compartment Name,Secondary Packaging Sku Codes
FE0025L - Chicken in lemon-capers sauce [PENDING CULINARY REVIEW],REC-014137-4-012,R,1,portions,Mash - Garlic Herb Mashed Cauliflower - Rice,S,,110,grams,,SUB-013551-4-001,HAND MIX / BLAST CHILLER,"110g mash
1 ea chicken
50g sauce
100g broccoli
10g butter
**PLATING INSTRUCTION**

2 COMPARTMENT

MAIN COMPARTMENT: 
110g mash
1 ea chicken
50g sauce

2nd COMPARTMENT
100g broccoli
10g butter

NET WEIGHT = 370g
",MILCH (EINSCHLIESSLICH LAKTOSE),,0.97998,,,,,,,0.24251,3.95939,0.24746,PCK-00-151923-5,Main,
FE0025L - Chicken in lemon-capers sauce [PENDING CULINARY REVIEW],REC-014137-4-012,R,1,portions,Chicken breast - Sun-Dried Tomato Chicken Batch - Grilled 160g,S,,1,each,,SUB-013572-4-001,MARINADE / GRILL / OVEN / BLAST CHILLER,,,,0.68509,,,,,,4.23288,0.26455,6.17859,0.38616,PCK-00-151923-5,Main,
FE0025L - Chicken in lemon-capers sauce [PENDING CULINARY REVIEW],REC-014137-4-012,R,1,portions,Sauce - Piccata Sauce - Lower Fat,S,,50,grams,,SUB-013605-4-001,SPICE PORTIONING / IMMERSION BLENDER / BRAISER / BLAST CHILLER,,"MILCH (EINSCHLIESSLICH LAKTOSE), SCHWEFELDIOXIDE UND SULFITE",,0.87052,,,,,,,0.11023,2.02603,0.12663,PCK-00-151923-5,Main,
FE0025L - Chicken in lemon-capers sauce [PENDING CULINARY REVIEW],REC-014137-4-012,R,1,portions,Broccoli - S&P Broccoli FLORETS - less salt,S,,100,grams,,SUB-013822-4-001,HAND MIX,,,,0.69966,,,,,,,0.22046,5.04162,0.3151,PCK-00-151923-5,Main,
FE0025L - Chicken in lemon-capers sauce [PENDING CULINARY REVIEW],REC-014137-4-012,R,1,portions,Compound butter - Parmesan-Chive,S,,10,grams,,SUB-013536-4-001,PLANETARY MIXER / SCOOPER (BUTTER) / BLAST CHILLER,,MILCH (EINSCHLIESSLICH LAKTOSE),,0.9055,,,,,,,0.02205,0.38955,0.02435,PCK-00-151923-5,Main,

FE0031B - Creamy tomato risotto [PENDING CULINARY REVIEW],REC-013939-4-002,R,1,portions,Risotto - Roasted Vegetable Risotto Batch (without wine),S,,250,grams,,SUB-013758-4-001,SPICE PORTIONING / IMMERSION BLENDER / BRAISER / BLAST CHILLER,"***PLATING INSTRUCTIONS***
(From the bottom to the top)

3 Compartment

MAIN COMPARTMENT
risotto - 250g
roasted tomatoes - 50g

2ND COMPARTMENT
zucchini & pepper - 80g

3RD COMPARTMENT
IN A CUP - pine nuts - 17g

NET WEIGHT = 397g
incl LAB 401g","MILCH (EINSCHLIESSLICH LAKTOSE), SCHWEFELDIOXIDE UND SULFITE",,0.92191,,,,,,,0.55116,9.56542,0.59784,PCK-00-151923-5,Main,
FE0031B - Creamy tomato risotto [PENDING CULINARY REVIEW],REC-013939-4-002,R,1,portions,Tomatoes - Vegetable Risotto Roasted Tomatoes [PENDING CULINARY REVIEW],S,,50,grams,,SUB-013680-4-001,OVEN / BLAST CHILLER,,,,0.89213,,,,,,,0.11023,1.97694,0.12356,PCK-00-151923-5,Main,
FE0031B - Creamy tomato risotto [PENDING CULINARY REVIEW],REC-013939-4-002,R,1,portions,Mixed veg - Tomato & Roasted Vegetable Risotto Zucchini [PENDING CULINARY REVIEW],S,,80,grams,,SUB-013681-4-001,OVEN / BLAST CHILLER,,,,0.89581,,,,,,,0.17637,3.15013,0.19688,PCK-00-151923-5,Main,
FE0031B - Creamy tomato risotto [PENDING CULINARY REVIEW],REC-013939-4-002,R,1,portions,Pinenuts - roasted,S,,17,grams,,SUB-013663-4-001,HAND MARINADE / OVEN / BLAST CHILLER,,,,0.78751,,,,,,,0.03748,0.76146,0.04759,PCK-00-151923-5,Main,

FE0036A - Salmon on cheesy cauliflower rice [PENDING CULINARY REVIEW],REC-013815-4-001,R,1,portions,Cauliflower rice - Blackened Salmon Gouda Grits [PENDING CULINARY REVIEW],S,,100,grams,,SUB-013814-4-001,SPICE PORTIONING / BRAISER / BLAST CHILLER,"GOUDA CAULIFLOWER GRITS
100 G PER PLATE (BEIGE SCOOP)
BLACKENED SALMON
1 EA PER PLATE = 115 G
CAJUN TOMATO GRAVY
45 G PER PLATE (RED SCOOP)
BROCCOLI
85 G PER PLATE
***PLATING INSTRUCTIONS***
(From the bottom to the top)

2 Compartment

MAIN COMPARTMENT
gouda grits = 100g
salmon 1 EA = 115g

2ND COMPARTMENT
tomato gravy = 45g (red scoop)
broccoli = 85g

NET WEIGHT: 345g","MILCH (EINSCHLIESSLICH LAKTOSE), SCHWEFELDIOXIDE UND SULFITE",,0.94225,,,,,,,0.22046,3.7436,0.23397,PCK-00-151923-5,Main,
FE0036A - Salmon on cheesy cauliflower rice [PENDING CULINARY REVIEW],REC-013815-4-001,R,1,portions,Salmon - Blackened Salmon Batch,S,,1,each,,SUB-013797-4-001,THAW / HAND MARINADE / OVEN / BLAST CHILLER,,FISCH,,0.80352,,,,,,4.05651,0.25353,5.04841,0.31553,PCK-00-151923-5,Main,
FE0036A - Salmon on cheesy cauliflower rice [PENDING CULINARY REVIEW],REC-013815-4-001,R,1,portions,Sauce - Cajun Tomato Gravy [PENDING CULINARY REVIEW],S,,45,grams,,SUB-013798-4-001,SPICE PORTIONING / IMMERSION BLENDER / BRAISER / BLAST CHILLER,,"MILCH (EINSCHLIESSLICH LAKTOSE), SCHWEFELDIOXIDE UND SULFITE, SELLERIE",,0.90576,,,,,,,0.09921,1.75247,0.10953,PCK-00-151923-5,Main,
FE0036A - Salmon on cheesy cauliflower rice [PENDING CULINARY REVIEW],REC-013815-4-001,R,1,portions,Broccoli - Blackened Salmon Broccoli - New [PENDING CULINARY REVIEW],S,,85,grams,,SUB-013609-4-001,OVEN / BLAST CHILLER,,,,1.003,,,,,,,0.18739,2.98931,0.18683,PCK-00-151923-5,Main,

FE0129F - Peruvian Chicken [PENDING CULINARY REVIEW],REC-014159-4-006,R,1,portions,Cauliflower rice - Red Pepper Cauliflower grits [PENDING CULINARY REVIEW],S,,150,grams,,SUB-013820-4-001,SPICE PORTIONING / BRAISER / BLAST CHILLER,"***PLATING
INSTRUCTIONS***
(From the bottom to the top)
2 Compartment
MAIN COMPARTMENT
red pepper grits 140g
chicken breast 100g



","MILCH (EINSCHLIESSLICH LAKTOSE), SCHWEFELDIOXIDE UND SULFITE",,0.94123,,,,,,,0.33069,5.62145,0.35134,PCK-00-151924-5,Main,
FE0129F - Peruvian Chicken [PENDING CULINARY REVIEW],REC-014159-4-006,R,1,portions,Chicken breast - Jalapeño-Lime-Cheddar Chicken Batch 125g [PENDING CULINARY REVIEW],S,,1,each,,SUB-013832-4-001,MARINADE / GRILL / OVEN / BLAST CHILLER,,,,0.74047,,,,,,3.5274,0.22046,4.76375,0.29773,PCK-00-151924-5,Main,
FE0129F - Peruvian Chicken [PENDING CULINARY REVIEW],REC-014159-4-006,R,1,portions,Broccoli - S&P Broccoli FLORETS - less salt,S,,85,grams,,SUB-013822-4-001,HAND MIX,"2ND COMPARTMENT
broccoli 75g
chili garlic butter 8g

",,,0.69966,,,,,,,0.18739,4.28538,0.26784,PCK-00-151924-5,2nd,
FE0129F - Peruvian Chicken [PENDING CULINARY REVIEW],REC-014159-4-006,R,1,portions,Compound butter - Chili-Garlic,S,,10,grams,,SUB-013823-4-001,PLANETARY MIXER / SCOOPER (BUTTER) / BLAST CHILLER,,MILCH (EINSCHLIESSLICH LAKTOSE),,0.98001,,,,,,,0.02205,0.35994,0.0225,PCK-00-151924-5,2nd,
FE0129F - Peruvian Chicken [PENDING CULINARY REVIEW],REC-014159-4-006,R,1,portions,Sauce - Aji Verde Sauce [PENDING CULINARY REVIEW],S,,35,grams,,SUB-013821-4-001,IMMERSION BLENDER / BLAST CHILLER,"Cupped = Aji Verde Sauce 30g
NET WEIGHT = 380g","EIER, SCHWEFELDIOXIDE UND SULFITE, SENF",,0.99756,,,,,,,0.07716,1.2376,0.07735,PCK-00-151924-5,3rd,

"FE0198C - Spicy chicken with jalapeño, lime and cheddar [PENDING CULINARY REVIEW]",REC-013833-4-003,R,1,portions,Cilantro-Cumin Cream [PENDING CULINARY REVIEW],S,,56,grams,,SUB-013804-4-001,IMMERSION BLENDER / CUPPING,"CILANTRO CUMIN CREAM
56 G PER PLATE
40 G POBLANO RAJAS
JALAPENO-LIME CHICKEN
1ea per plate 100g
CHEESE/JALAPENO/ONION GARNISH

place on top of chicken breast, starting with cheddar, then jalapenos, then green onions
JALAPENO-CILANTRO POPPER RICE
125 G PER PLATE
***PLATING INSTRUCTIONS***
(From the bottom to the top)

2 Compartment

MAIN COMPARTMENT
cilantro cumin cream - 56g
poblano rajas - 40g
chicken - 1 EA (100g)
cheddar cheese - 14g
jalapeno slices - 14g
green onions - 6g

2ND COMPARTMENT
popper rice - 125g

Net Weight- 355g","MILCH (EINSCHLIESSLICH LAKTOSE), SCHWEFELDIOXIDE UND SULFITE",,0.90721,,,,,,,0.12346,2.17737,0.13609,PCK-00-151923-5,Main,
"FE0198C - Spicy chicken with jalapeño, lime and cheddar [PENDING CULINARY REVIEW]",REC-013833-4-003,R,1,portions,Green Pepper Rajas [PENDING CULINARY REVIEW],S,,40,grams,,SUB-013831-4-001,OVEN / BLAST CHILLER,,SCHWEFELDIOXIDE UND SULFITE,,0.70298,,,,,,,0.08818,2.00712,0.12544,PCK-00-151923-5,Main,
"FE0198C - Spicy chicken with jalapeño, lime and cheddar [PENDING CULINARY REVIEW]",REC-013833-4-003,R,1,portions,Chicken breast - Jalapeño-Lime-Cheddar Chicken Batch 125g [PENDING CULINARY REVIEW],S,,1,each,,SUB-013832-4-001,MARINADE / GRILL / OVEN / BLAST CHILLER,,,,0.74047,,,,,,3.5274,0.22046,4.76375,0.29773,PCK-00-151923-5,Main,
"FE0198C - Spicy chicken with jalapeño, lime and cheddar [PENDING CULINARY REVIEW]",REC-013833-4-003,R,1,portions,"FA-DE Cheese, White Cheddar, Shredded /Käse, weißer Cheddar, gerieben",I,DAI-00-139135-3,14,grams,,,,,MILCH (EINSCHLIESSLICH LAKTOSE),,,,,,,,,0.03086,0.49384,0.03086,PCK-00-151923-5,Main,
"FE0198C - Spicy chicken with jalapeño, lime and cheddar [PENDING CULINARY REVIEW]",REC-013833-4-003,R,1,portions,Drained Jalapenos- Sub Recipe [PENDING CULINARY REVIEW],S,,14,grams,,SUB-013806-4-001,STAGING / DEBOX,,,,0.64001,,,,,,,0.03086,0.7716,0.04823,PCK-00-151923-5,Main,
"FE0198C - Spicy chicken with jalapeño, lime and cheddar [PENDING CULINARY REVIEW]",REC-013833-4-003,R,1,portions,"FA-DE Onion, Green, Sliced 5mm /Zwiebel, grün, in Scheiben geschnitten, 5 mm",I,PHF-00-149803-3,6,grams,,,,,,,,,,,,,,0.01323,0.21164,0.01323,PCK-00-151923-5,Main,
"FE0198C - Spicy chicken with jalapeño, lime and cheddar [PENDING CULINARY REVIEW]",REC-013833-4-003,R,1,portions,Jalapeño-Lime-Cheddar Chicken Cauliflower Rice [PENDING CULINARY REVIEW],S,,125,grams,,SUB-013805-4-001,SPICE PORTIONING / BRAISER / BLAST CHILLER,,MILCH (EINSCHLIESSLICH LAKTOSE),,0.90107,,,,,,,0.27558,4.89334,0.30583,PCK-00-151923-5,Main,

FE0230D - Chickpeas Bowl in Italian way [PENDING CULINARY REVIEW],REC-013958-4-004,R,1,portions,Mixed grains - Lemon Brown Rice + Quinoa [PENDING CULINARY REVIEW],S,,110,grams,,SUB-013954-4-001,HAND MIX / BLAST CHILLER,"MAIN COMPARTMENT
Rice & Quinoa Mix - 110 gr
Sauteed Italian Chickpeas - 128 gr
Italian Peppers & Onions - 57 gr

2ND COMPARTMENT
Italian Herb Roasted Zucchini - 85 gr
Roasted Red Pepper Sauce - 37 gr

NET WEIGHT: 417 gr","SCHWEFELDIOXIDE UND SULFITE, SELLERIE",,0.99992,,,,,,,0.24251,3.88046,0.24253,PCK-00-151923-5,Main,
FE0230D - Chickpeas Bowl in Italian way [PENDING CULINARY REVIEW],REC-013958-4-004,R,1,portions,Chickpeas - Sauteed Italian Chickpeas [PENDING CULINARY REVIEW],S,,128,grams,,SUB-013955-4-001,SPICE PORTIONING / BRAISER / BLAST CHILLER,,"MILCH (EINSCHLIESSLICH LAKTOSE), SCHWEFELDIOXIDE UND SULFITE",,0.93867,,,,,,,0.28219,4.81006,0.30063,PCK-00-151923-5,Main,
FE0230D - Chickpeas Bowl in Italian way [PENDING CULINARY REVIEW],REC-013958-4-004,R,1,portions,Mixed veg - Italian Peppers & Onions,S,,57,grams,,SUB-013956-4-001,HAND MARINADE / OVEN / BLAST CHILLER,,,,0.74308,,,,,,,0.12566,2.70579,0.16911,PCK-00-151923-5,Main,
FE0230D - Chickpeas Bowl in Italian way [PENDING CULINARY REVIEW],REC-013958-4-004,R,1,portions,Courgette - Italian Herb Roasted Zucchini [PENDING CULINARY REVIEW],S,,85,grams,,SUB-013957-4-001,OVEN / BLAST CHILLER,,SCHWEFELDIOXIDE UND SULFITE,,0.72099,,,,,,,0.18739,4.15854,0.25991,PCK-00-151923-5,Main,
FE0230D - Chickpeas Bowl in Italian way [PENDING CULINARY REVIEW],REC-013958-4-004,R,1,portions,Sauce - Roasted Red Pepper & Basil Sauce [PENDING CULINARY REVIEW],S,,37,grams,,SUB-013927-4-001,HAND MIX,,MILCH (EINSCHLIESSLICH LAKTOSE),,0.99815,,,,,,,0.08157,1.30755,0.08172,PCK-00-151923-5,Main,

FE0277D - Braised beef with sesame dressing [PENDING CULINARY REVIEW],REC-013877-4-004,R,1,portions,Rice - Brown Basmati Rice with GGS [PENDING CULINARY REVIEW],S,,90,grams,,SUB-013384-4-001,HAND MIX / BLAST CHILLER,"90g brown rice
100g Braised beef
80g asian vegetables


80g broccoli

28g miso sauce in a cup


***PLATING INSTRUCTIONS***
(From the bottom to the top)

3 Compartment

MAIN COMPARTMENT
90g = brown rice
100g = Braised beef
80g = asian vegetables

2ND COMPARTMENT
80g = broccoli florets

3RD COMPARTMENT
28g = Miso Sweet Soy (cup)

Net Weight : 378g",SCHWEFELDIOXIDE UND SULFITE,,1.02258,,,,,,,0.19842,3.10456,0.19404,PCK-00-151923-5,Main,
FE0277D - Braised beef with sesame dressing [PENDING CULINARY REVIEW],REC-013877-4-004,R,1,portions,Brined BEEF CHUCK - Asian spice - base cook [PENDING CULINARY REVIEW],S,,100,grams,,SUB-013876-4-001,BRINE,,SCHWEFELDIOXIDE UND SULFITE,,0.61926,,,,,,,0.22046,5.69613,0.35601,PCK-00-151923-5,Main,
FE0277D - Braised beef with sesame dressing [PENDING CULINARY REVIEW],REC-013877-4-004,R,1,portions,Mixed veg - Asian Stir Fry Veg [PENDING CULINARY REVIEW],S,,80,grams,,SUB-013386-4-001,OVEN / BLAST CHILLER,,"SCHWEFELDIOXIDE UND SULFITE, SESAMSAMEN",,0.80772,,,,,,,0.17637,3.49369,0.21836,PCK-00-151923-5,Main,
FE0277D - Braised beef with sesame dressing [PENDING CULINARY REVIEW],REC-013877-4-004,R,1,portions,Broccoli - Sesame IQF Broccoli Florets [PENDING CULINARY REVIEW],S,,80,grams,,SUB-013387-4-001,SPICE PORTIONING / HAND MIX,,SESAMSAMEN,,0.98651,,,,,,,0.17637,2.8605,0.17878,PCK-00-151923-5,Main,
FE0277D - Braised beef with sesame dressing [PENDING CULINARY REVIEW],REC-013877-4-004,R,1,portions,Sauce - Miso Sweet-Soy [PENDING CULINARY REVIEW],S,,28,grams,,SUB-013388-4-001,IMMERSION BLENDER / CUPPING,,"SCHWEFELDIOXIDE UND SULFITE, SESAMSAMEN, SOJA",,1.08902,,,,,,,0.06173,0.90693,0.05668,PCK-00-151923-5,Main,

FE0286B - Pork tenderloin with chimichurri,REC-013986-4-002,R,1,portions,Mash - Red Bell Pepper Cauliflower Mash,S,,150,grams,,SUB-013981-4-001,SPICE PORTIONING / IMMERSION BLENDER / BRAISER / BLAST CHILLER,"Red Pepper Cauli Mash 125g
Chimichurri Pork Tenderloin 1 ea (100g)
Roasted Squash 85g
Chili-Garlic Butter 12g
Chimichurri Sauce 35g CUP 
***PLATING INSTRUCTIONS*** (From the bottom to the top) 
MAIN COMPARTMENT 
Red Pepper Cauli Mash 150g
Chimichurri Pork Tenderloin 1 ea (100g)

2ND COMPARTMENT 
Roasted Squash 100g
Chili-Garlic Butter 12g
Chimichurri Sauce 35g CUP 

NET WEIGHT: 397g",MILCH (EINSCHLIESSLICH LAKTOSE),,0.82066,,,,,,,0.33069,6.44739,0.40296,PCK-00-151923-5,Main,
FE0286B - Pork tenderloin with chimichurri,REC-013986-4-002,R,1,portions,Garlic Marinade for Porktenderloin,S,,100,grams,,SUB-013928-4-001,MARINADE / GRILL / OVEN / SLICER / BLAST CHILLER,,SCHWEFELDIOXIDE UND SULFITE,,1,,,,,,,0.22046,3.5274,0.22046,PCK-00-151923-5,Main,
FE0286B - Pork tenderloin with chimichurri,REC-013986-4-002,R,1,portions,Roasted Zucchini,S,,100,grams,,SUB-013984-4-001,OVEN / BLAST CHILLER,,SCHWEFELDIOXIDE UND SULFITE,,0.88104,,,,,,,0.22046,4.0037,0.25023,PCK-00-151923-5,Main,
FE0286B - Pork tenderloin with chimichurri,REC-013986-4-002,R,1,portions,Compound butter - Chili-Garlic,S,,12,grams,,SUB-013823-4-001,PLANETARY MIXER / SCOOPER (BUTTER) / BLAST CHILLER,,MILCH (EINSCHLIESSLICH LAKTOSE),,0.98001,,,,,,,0.02646,0.43192,0.027,PCK-00-151923-5,Main,
FE0286B - Pork tenderloin with chimichurri,REC-013986-4-002,R,1,portions,Sauce - Chimichurri Sauce Batch,S,,35,grams,,SUB-013982-4-001,IMMERSION BLENDER / CUPPING,,"SCHALENFRÜCHTE, SCHWEFELDIOXIDE UND SULFITE, WALNÜSSE",,0.98415,,,,,,,0.07716,1.25447,0.0784,PCK-00-151923-5,Main,

FE0410C - Honey Mustard Chicken [PENDING CULINARY REVIEW],REC-013825-4-003,R,1,portions,Potatoes - Rosemary Roasted Potatoes [PENDING CULINARY REVIEW],S,,100,grams,,SUB-013789-4-001,OVEN / BLAST CHILLER,"GRILLED HERBED CHICKEN BREAST 
1 EA PER PLATE 100g
ROSEMARY ROASTED POTATOES
75g PER PLATE
ROASTED GARLIC GREEN BEANS
85g PER PLATE  
ROASTED CARROTS
65g PER PLATE
HONEY MUSTARD SAUCE 
30g CUP PER PLATE
***PLATING INSTRUCTIONS***
(From the bottom to the top)

3 Compartment

MAIN COMPARTMENT
green beans = 85g
carrots = 85g
chicken = 1 EA (100g)

2ND COMPARTMENT
rosemary potatoes = 100g

3RD COMPARTMENT
honey mustard = 30g (cup)

Net Weight: 400g",,,0.72841,,,,,,,0.22046,4.84258,0.30266,PCK-00-151923-5,Main,
FE0410C - Honey Mustard Chicken [PENDING CULINARY REVIEW],REC-013825-4-003,R,1,portions,Green beans - Roasted Green Beans w/ Roasted Garlic - Less Oil,S,,85,grams,,SUB-013529-4-001,OVEN / BLAST CHILLER,,,,0.68735,,,,,,,0.18739,4.36211,0.27263,PCK-00-151923-5,Main,
FE0410C - Honey Mustard Chicken [PENDING CULINARY REVIEW],REC-013825-4-003,R,1,portions,Honey Mustard Chicken Marinade,S,,120,grams,,SUB-013528-4-001,MARINADE / GRILL / OVEN / BLAST CHILLER,,SENF,,0.94971,,,,,,,0.26455,4.45702,0.27856,PCK-00-151923-5,Main,
FE0410C - Honey Mustard Chicken [PENDING CULINARY REVIEW],REC-013825-4-003,R,1,portions,Sauce - Honey Mustard Sauce [PENDING CULINARY REVIEW],S,,30,grams,,SUB-013409-4-001,HAND MIX,,"EIER, SENF",,0.98342,,,,,,,0.06614,1.07606,0.06725,PCK-00-151923-5,Main,
FE0410C - Honey Mustard Chicken [PENDING CULINARY REVIEW],REC-013825-4-003,R,1,portions,Carrots - Roasted Carrots [PENDING CULINARY REVIEW],S,,85,grams,,SUB-013751-4-001,OVEN / BLAST CHILLER,,,,0.75918,,,,,,,0.18739,3.94939,0.24684,PCK-00-151923-5,Main,

FE0412C - Mujadara rice bowl [PENDING CULINARY REVIEW],REC-014125-4-003,R,1,portions,Lentil & Rice Batch - Mujadara [PENDING CULINARY REVIEW],S,,185,grams,,SUB-014124-4-001,HAND MIX / BLAST CHILLER,"185g Rice & Lentil Mix
75g Roasted Onions
8g Green Onion
115g carrots
30g cupped sauce
**PLATING INSTRUCTIONS**

MAIN:
185g Rice & Lentil Mix
75g Roasted Onions
8g Green Onion

2ND:
115g carrots
30g cupped sauce

NET WEIGHT: 413g","SCHWEFELDIOXIDE UND SULFITE, SELLERIE",,0.96146,,,,,,,0.40786,6.7873,0.42421,PCK-00-151923-5,Main,
FE0412C - Mujadara rice bowl [PENDING CULINARY REVIEW],REC-014125-4-003,R,1,portions,Roasted Onion Mix - Mujadara [PENDING CULINARY REVIEW],S,,75,grams,,SUB-014120-4-001,HAND MARINADE / OVEN / BLAST CHILLER,,,,0.29118,,,,,,,0.16535,9.0855,0.56784,PCK-00-151923-5,Main,
FE0412C - Mujadara rice bowl [PENDING CULINARY REVIEW],REC-014125-4-003,R,1,portions,"FA-DE Onion, Green, Sliced 5mm /Zwiebel, grün, in Scheiben geschnitten, 5 mm",I,PHF-00-149803-3,8,grams,,,,,,,,,,,,,,0.01764,0.28219,0.01764,PCK-00-151923-5,Main,
FE0412C - Mujadara rice bowl [PENDING CULINARY REVIEW],REC-014125-4-003,R,1,portions,Sesame Roasted Carrots - Mujadara [PENDING CULINARY REVIEW],S,,115,grams,,SUB-014121-4-001,SPICE PORTIONING / BRAISER / BLAST CHILLER,,SESAMSAMEN,,0.7599,,,,,,,0.25353,5.3382,0.33364,PCK-00-151923-5,Main,
FE0412C - Mujadara rice bowl [PENDING CULINARY REVIEW],REC-014125-4-003,R,1,portions,Sauce - Zhoug Sauce - Mujadara [PENDING CULINARY REVIEW],S,,30,grams,,SUB-014122-4-001,HAND MIX,,SCHWEFELDIOXIDE UND SULFITE,,1.07005,,,,,,,0.06614,0.98894,0.06181,PCK-00-151923-5,Main,

FE0425C - Quinoa bowl with sweet potato and peanut sauce [PENDING CULINARY REVIEW],REC-013905-4-003,R,1,portions,Quinoa - Cilantro Quinoa Batch [PENDING CULINARY REVIEW],S,,75,grams,,SUB-013689-4-001,HAND MIX / BLAST CHILLER,"***PLATING INSTRUCTIONS***
(From the bottom to the top)

3 Compartment

MAIN COMPARTMENT
quinoa - 75g
sweet potato/pepper mix - 150g
peanuts - 14g
green onion - 7g

2ND COMPARTMENT
Sesame broccoli - 103g

3RD COMPARTMENT
peanut sauce 44g (cup)

NET WEIGHT: 394g","SCHWEFELDIOXIDE UND SULFITE, SELLERIE",,1,,,,,,,0.16535,2.64555,0.16535,PCK-00-151923-5,Main,
FE0425C - Quinoa bowl with sweet potato and peanut sauce [PENDING CULINARY REVIEW],REC-013905-4-003,R,1,portions,Peanut Buddha Bowl Sweet Potatoes & Peppers Batch [PENDING CULINARY REVIEW],S,,150,grams,,SUB-013692-4-001,OVEN / BLAST CHILLER,,SCHWEFELDIOXIDE UND SULFITE,,0.99941,,,,,,,0.33069,5.29421,0.33089,PCK-00-151923-5,Main,
FE0425C - Quinoa bowl with sweet potato and peanut sauce [PENDING CULINARY REVIEW],REC-013905-4-003,R,1,portions,Peanuts - Gochugaru-Lime Roasted Peanut Halves [PENDING CULINARY REVIEW],S,,14,grams,,SUB-013693-4-001,HAND MARINADE / OVEN / BLAST CHILLER,,,,0.95877,,,,,,,0.03086,0.51507,0.03219,PCK-00-151923-5,Main,
FE0425C - Quinoa bowl with sweet potato and peanut sauce [PENDING CULINARY REVIEW],REC-013905-4-003,R,1,portions,"FA-DE Onion, Green, Sliced 5mm /Zwiebel, grün, in Scheiben geschnitten, 5 mm",I,PHF-00-149803-3,7,grams,,,,,,,,,,,,,,0.01543,0.24692,0.01543,PCK-00-151923-5,Main,
FE0425C - Quinoa bowl with sweet potato and peanut sauce [PENDING CULINARY REVIEW],REC-013905-4-003,R,1,portions,Broccoli - Sesame IQF Broccoli [PENDING CULINARY REVIEW],S,,103,grams,,SUB-013694-4-001,SPICE PORTIONING / HAND MIX,,SESAMSAMEN,,0.99845,,,,,,,0.22708,3.63885,0.22743,PCK-00-151923-5,Main,
FE0425C - Quinoa bowl with sweet potato and peanut sauce [PENDING CULINARY REVIEW],REC-013905-4-003,R,1,portions,Sauce - Peanut Sauce for Buddha Bowl [PENDING CULINARY REVIEW],S,,44,grams,,SUB-013695-4-001,SPICE PORTIONING / IMMERSION BLENDER / BRAISER / BLAST CHILLER,,"SCHWEFELDIOXIDE UND SULFITE, SESAMSAMEN, SOJA",,0.99062,,,,,,,0.097,1.56675,0.09792,PCK-00-151923-5,Main,

FE0430C - Roasted Red Pepper Pork Tenderloin [PENDING CULINARY REVIEW],REC-013570-4-003,R,1,portions,Mash - Yukons with Roasted Garlic Batch [PENDING CULINARY REVIEW],S,,125,grams,,SUB-013564-4-001,PLANETARY MIXER / BLAST CHILLER,"125g per plate
100g per plate
25g per plate
25g per plate
125g per plate
***PLATING INSTRUCTIONS***
(From the bottom to the top)

2 Compartment

MAIN COMPARTMENT
125g =  whipped potato 
100g = pork tenderloin
25g =  red pepper sauce
25g =  balsamic caramelized onions

2ND COMPARTMENT
125g =  Green Beans

NET WEIGHT = 400g",MILCH (EINSCHLIESSLICH LAKTOSE),,0.90292,,,,,,,0.27558,4.88332,0.30521,PCK-00-151923-5,Main,
FE0430C - Roasted Red Pepper Pork Tenderloin [PENDING CULINARY REVIEW],REC-013570-4-003,R,1,portions,Pork tenderloin - Grilled Pork Tenderloin Batch [PENDING CULINARY REVIEW],S,,100,grams,,SUB-013565-4-001,MARINADE / GRILL / OVEN / SLICER / BLAST CHILLER,,SENF,,0.74857,,,,,,,0.22046,4.71215,0.29451,PCK-00-151923-5,Main,
FE0430C - Roasted Red Pepper Pork Tenderloin [PENDING CULINARY REVIEW],REC-013570-4-003,R,1,portions,Sauce - RRPPT Roasted Red Pepper Sauce [PENDING CULINARY REVIEW],S,,25,grams,,SUB-013567-4-001,SPICE PORTIONING / IMMERSION BLENDER / BRAISER / BLAST CHILLER,,"MILCH (EINSCHLIESSLICH LAKTOSE), SCHWEFELDIOXIDE UND SULFITE",,0.88048,,,,,,,0.05512,1.00156,0.0626,PCK-00-151923-5,Main,
FE0430C - Roasted Red Pepper Pork Tenderloin [PENDING CULINARY REVIEW],REC-013570-4-003,R,1,portions,Balsamic Caramelized Onion [PENDING CULINARY REVIEW],S,,25,grams,,SUB-013568-4-001,SPICE PORTIONING / BRAISER / BLAST CHILLER,,SCHWEFELDIOXIDE UND SULFITE,,0.72962,,,,,,,0.05512,1.20864,0.07554,PCK-00-151923-5,Main,
FE0430C - Roasted Red Pepper Pork Tenderloin [PENDING CULINARY REVIEW],REC-013570-4-003,R,1,portions,"Green beans - S&P Roasted Green Beans, 40mm Cut -  Less Salt",S,,125,grams,,SUB-013569-4-001,SPICE PORTIONING / HAND MIX,,,,0.64924,,,,,,,0.27558,6.79136,0.42446,PCK-00-151923-5,Main,

FE0432E - Thai Vegetable Coconut Green Curry [PENDING CULINARY REVIEW],REC-013911-4-005,R,1,portions,Sauce - Coconut Green Curry with lime leaf extract [PENDING CULINARY REVIEW],S,,80,grams,,SUB-013909-4-001,SPICE PORTIONING / IMMERSION BLENDER / BRAISER / BLAST CHILLER,"80 G GREEN CURRY SAUCE
180 G MIXED VEGETABLES
155 G COCONUT RICE
***PLATING INSTRUCTIONS***
2 CT BENTO
(From the bottom to
the top)

MAIN COMPARTMENT
80 G GREEN CURRY SAUCE
180 G MIXED VEGETABLES

SIDE COMPARTMENT
155 G COCONUT RICE

Net weight: 415 grams","SCHWEFELDIOXIDE UND SULFITE, SELLERIE, SENF",,0.53991,,,,,,,0.17637,5.22667,0.32667,PCK-00-151923-5,Main,
FE0432E - Thai Vegetable Coconut Green Curry [PENDING CULINARY REVIEW],REC-013911-4-005,R,1,portions,Curry Vegetables [PENDING CULINARY REVIEW],S,,180,grams,,SUB-013910-4-001,OVEN / BLAST CHILLER,,,,0.76399,,,,,,,0.39683,8.31074,0.51942,PCK-00-151923-5,Main,
FE0432E - Thai Vegetable Coconut Green Curry [PENDING CULINARY REVIEW],REC-013911-4-005,R,1,portions,Rice - Coconut - Garlic Lime Brown Rice - parboiled rice [PENDING CULINARY REVIEW],S,,155,grams,,SUB-013413-4-001,OVEN / BLAST CHILLER,,SELLERIE,,0.99978,,,,,,,0.34172,5.46867,0.34179,PCK-00-151923-5,Main,

FE0517B - Apricot Mustard Chicken [PENDING CULINARY REVIEW],REC-014024-4-002,R,1,portions,Mash - Cheese mashed potatoes and celery root [PENDING CULINARY REVIEW],S,,115,grams,,SUB-013641-4-001,HAND MIX / BLAST CHILLER,"**PLATING INSTRUCTIONS** 

Main Compartment
115g mashed potatoes
110g ground chicken
25g caramalized onions

2nd Compartment
125g green beans
20g sauce

Net Weight = 410G","MILCH (EINSCHLIESSLICH LAKTOSE), SELLERIE",,0.93517,,,,,,,0.25353,4.33773,0.27111,PCK-00-151923-5,Main,
FE0517B - Apricot Mustard Chicken [PENDING CULINARY REVIEW],REC-014024-4-002,R,1,portions,Apricot Mustard Chicken Thigh [PENDING CULINARY REVIEW],S,,150,grams,,SUB-013723-4-001,MARINADE / OVEN / HOT SHREDDER / BLAST CHILLER,,"MILCH (EINSCHLIESSLICH LAKTOSE), SCHWEFELDIOXIDE UND SULFITE, SENF",,1,,,,,,,0.33069,5.2911,0.33069,PCK-00-151923-5,Main,
FE0517B - Apricot Mustard Chicken [PENDING CULINARY REVIEW],REC-014024-4-002,R,1,portions,"FA-DE Green Beans, Fresh and Trimmed/Grüne Bohnen, frisch und geschnitten",I,PHF-00-139198-3,125,grams,,,,,,,,,,,,,,0.27558,4.40925,0.27558,PCK-00-151923-5,Main,
FE0517B - Apricot Mustard Chicken [PENDING CULINARY REVIEW],REC-014024-4-002,R,1,portions,Almonds - Garlic & Black Pepper Toasted Almonds,S,,20,grams,,SUB-013553-4-001,HAND MARINADE / OVEN / BLAST CHILLER,,"MANDELN, SCHALENFRÜCHTE",,0.81278,,,,,,,0.04409,0.86798,0.05425,PCK-00-151923-5,Main,

FE0612C - Minced beef dish with cheese sauce [PENDING CULINARY REVIEW],REC-014010-4-003,R,1,portions,Roasted Potatoes,S,,140,grams,,SUB-013668-4-001,OVEN / BLAST CHILLER,"140g roasted potatoes
75g spinach
80g beef
25g cheese fondue

130g garlic beans and broccoli
***PLATING
INSTRUCTIONS***
(From the bottom to the top)

MAIN COMPARTMENT: 
140g roasted potatoes
75g spinach
80g beef 
25g cheese fondue

SIDE COMPARTMENT:
130g green beans and broccoli 

NET WEIGHT: 450g",,,0.70701,,,,,,,0.30865,6.98488,0.43655,PCK-00-151923-5,Main,
FE0612C - Minced beef dish with cheese sauce [PENDING CULINARY REVIEW],REC-014010-4-003,R,1,portions,Spinach - Garlic Spinach - Frzn Spinach - less garlic,S,,75,grams,,SUB-013415-4-001,OVEN / BLAST CHILLER,,SCHWEFELDIOXIDE UND SULFITE,,0.80664,,,,,,,0.16535,3.2797,0.20498,PCK-00-151923-5,Main,
FE0612C - Minced beef dish with cheese sauce [PENDING CULINARY REVIEW],REC-014010-4-003,R,1,portions,Ground beef - Mushroom Beef (more salt) [PENDING CULINARY REVIEW],S,,80,grams,,SUB-013669-4-001,SPICE PORTIONING / IMMERSION BLENDER / BRAISER / BLAST CHILLER,,SENF,,0.94756,,,,,,,0.17637,2.9781,0.18613,PCK-00-151923-5,Main,
FE0612C - Minced beef dish with cheese sauce [PENDING CULINARY REVIEW],REC-014010-4-003,R,1,portions,Sauce - Emmentaler Fondue,S,,25,grams,,SUB-013671-4-001,SPICE PORTIONING / IMMERSION BLENDER / BRAISER / BLAST CHILLER,,MILCH (EINSCHLIESSLICH LAKTOSE),,0.8717,,,,,,,0.05512,1.01164,0.06323,PCK-00-151923-5,Main,
FE0612C - Minced beef dish with cheese sauce [PENDING CULINARY REVIEW],REC-014010-4-003,R,1,portions,Mixed veg - garlic green beans and broccoli [PENDING CULINARY REVIEW],S,,130,grams,,SUB-013660-4-001,OVEN / BLAST CHILLER,,SCHWEFELDIOXIDE UND SULFITE,,0.93809,,,,,,,0.2866,4.88827,0.30552,PCK-00-151923-5,Main,

FE0628B - Mushroom Chicken & Wild Rice [BNL],REC-013861-4-002,R,1,portions,Rice - MCTWR Cheesy Creamy Wild Rice Blend Batch,S,,140,grams,,SUB-013858-4-001,HAND MIX / BLAST CHILLER,"***PLATING INSTRUCTIONS***
(From the bottom to the top)

2 Compartment

MAIN COMPARTMENT
140g creamy wild rice
1 ea / 100g chicken
50g roasted sliced mushroom

2ND COMPARTMENT
110g green beans

NET WEIGHT = 400g",MILCH (EINSCHLIESSLICH LAKTOSE),,0.99992,,,,,,,0.30865,4.93875,0.30867,PCK-00-151923-5,Main,
FE0628B - Mushroom Chicken & Wild Rice [BNL],REC-013861-4-002,R,1,portions,Chicken breast - Herb Grilled Chicken Breast,S,,1,each,,SUB-013545-4-001,MARINADE / GRILL / OVEN / BLAST CHILLER,,,,0.62422,,,,,,4.23288,0.26455,6.78107,0.42382,PCK-00-151923-5,Main,
FE0628B - Mushroom Chicken & Wild Rice [BNL],REC-013861-4-002,R,1,portions,Mushrooms - MCTWR Roasted Sliced Mushrooms,S,,50,grams,,SUB-013859-4-001,OVEN / BLAST CHILLER,,SCHWEFELDIOXIDE UND SULFITE,,0.54832,,,,,,,0.11023,3.21657,0.20104,PCK-00-151923-5,Main,
FE0628B - Mushroom Chicken & Wild Rice [BNL],REC-013861-4-002,R,1,portions,Green beans - MCTWR Roasted Garlic Green Beans,S,,110,grams,,SUB-013860-4-001,OVEN / BLAST CHILLER,,,,0.76973,,,,,,,0.24251,5.04094,0.31506,PCK-00-151923-5,2nd,

FE0628B - Mushroom Chicken & Wild Rice [DE],REC-013861-4-004,R,1,portions,Rice - MCTWR Cheesy Creamy Wild Rice Blend Batch,S,,140,grams,,SUB-013858-4-001,HAND MIX / BLAST CHILLER,"***PLATING INSTRUCTIONS***
(From the bottom to the top)

2 Compartment

MAIN COMPARTMENT
140g creamy wild rice
1 ea / 100g chicken
50g roasted sliced mushroom

2ND COMPARTMENT
110g green beans

NET WEIGHT = 400g",MILCH (EINSCHLIESSLICH LAKTOSE),,0.99992,,,,,,,0.30865,4.93875,0.30867,PCK-00-151923-5,Main,
FE0628B - Mushroom Chicken & Wild Rice [DE],REC-013861-4-004,R,1,portions,Chicken breast - Herb Grilled Chicken Breast,S,,1,each,,SUB-013545-4-001,MARINADE / GRILL / OVEN / BLAST CHILLER,,,,0.62422,,,,,,4.23288,0.26455,6.78107,0.42382,PCK-00-151923-5,Main,
FE0628B - Mushroom Chicken & Wild Rice [DE],REC-013861-4-004,R,1,portions,Mushrooms - MCTWR Roasted Sliced Mushrooms,S,,50,grams,,SUB-013859-4-001,OVEN / BLAST CHILLER,,SCHWEFELDIOXIDE UND SULFITE,,0.54832,,,,,,,0.11023,3.21657,0.20104,PCK-00-151923-5,Main,
FE0628B - Mushroom Chicken & Wild Rice [DE],REC-013861-4-004,R,1,portions,Green beans - MCTWR Roasted Garlic Green Beans,S,,110,grams,,SUB-013860-4-001,OVEN / BLAST CHILLER,,,,0.76973,,,,,,,0.24251,5.04094,0.31506,PCK-00-151923-5,2nd,

FE0628B - Mushroom Chicken & Wild Rice [DKSE],REC-013861-4-003,R,1,portions,Rice - MCTWR Cheesy Creamy Wild Rice Blend Batch,S,,140,grams,,SUB-013858-4-001,HAND MIX / BLAST CHILLER,"***PLATING INSTRUCTIONS***
(From the bottom to the top)

2 Compartment

MAIN COMPARTMENT
140g creamy wild rice
1 ea / 100g chicken
50g roasted sliced mushroom

2ND COMPARTMENT
110g green beans

NET WEIGHT = 400g",MILCH (EINSCHLIESSLICH LAKTOSE),,0.99992,,,,,,,0.30865,4.93875,0.30867,PCK-00-151923-5,Main,
FE0628B - Mushroom Chicken & Wild Rice [DKSE],REC-013861-4-003,R,1,portions,Chicken breast - Herb Grilled Chicken Breast,S,,1,each,,SUB-013545-4-001,MARINADE / GRILL / OVEN / BLAST CHILLER,,,,0.62422,,,,,,4.23288,0.26455,6.78107,0.42382,PCK-00-151923-5,Main,
FE0628B - Mushroom Chicken & Wild Rice [DKSE],REC-013861-4-003,R,1,portions,Mushrooms - MCTWR Roasted Sliced Mushrooms,S,,50,grams,,SUB-013859-4-001,OVEN / BLAST CHILLER,,SCHWEFELDIOXIDE UND SULFITE,,0.54832,,,,,,,0.11023,3.21657,0.20104,PCK-00-151923-5,Main,
FE0628B - Mushroom Chicken & Wild Rice [DKSE],REC-013861-4-003,R,1,portions,Green beans - MCTWR Roasted Garlic Green Beans,S,,110,grams,,SUB-013860-4-001,OVEN / BLAST CHILLER,,,,0.76973,,,,,,,0.24251,5.04094,0.31506,PCK-00-151923-5,2nd,

FE0673A - Thai Peanut Chicken Chunks [PENDING CULINARY REVIEW],REC-014318-4-001,R,1,portions,Rice - Coconut - Garlic Lime Brown Rice - parboiled rice [PENDING CULINARY REVIEW],S,,140,grams,,SUB-013413-4-001,OVEN / BLAST CHILLER,"140g Coconut Rice
50 g Red pepper and edamame
100g Chicken chunks
100g stir fry veg
30g Peanut Dressing CUPPED
***PLATING INSTRUCTIONS***
(From the bottom to the top)

2 Compartment

MAIN COMPARTMENT
140g Rice
50 g Red Pepper and Edamame
100g Chicken

2ND COMPARTMENT
100 g Stir fry veggies
30g Peanut Sauce CUPPED

NET WEIGHT = 420g",SELLERIE,,0.99978,,,,,,,0.30865,4.93944,0.30872,PCK-00-151923-5,Main,
FE0673A - Thai Peanut Chicken Chunks [PENDING CULINARY REVIEW],REC-014318-4-001,R,1,portions,Diced chicken - Thai Marinated Chicken Chunks [PENDING CULINARY REVIEW],S,,100,grams,,SUB-014308-4-001,MARINADE / OVEN / BLAST CHILLER,,"SCHWEFELDIOXIDE UND SULFITE, SOJA",,0.6349,,,,,,,0.22046,5.55581,0.34724,PCK-00-151923-5,Main,
FE0673A - Thai Peanut Chicken Chunks [PENDING CULINARY REVIEW],REC-014318-4-001,R,1,portions,Mixed veg - Red Pepper and Edamame Side [PENDING CULINARY REVIEW],S,,50,grams,,SUB-014251-4-001,SPICE PORTIONING / BRAISER / BLAST CHILLER,,SOJA,,0.89011,,,,,,,0.11023,1.98144,0.12384,PCK-00-151923-5,Main,
FE0673A - Thai Peanut Chicken Chunks [PENDING CULINARY REVIEW],REC-014318-4-001,R,1,portions,Mixed veg - Asian Stir Fry Veg [PENDING CULINARY REVIEW],S,,100,grams,,SUB-013386-4-001,OVEN / BLAST CHILLER,,"SCHWEFELDIOXIDE UND SULFITE, SESAMSAMEN",,0.80772,,,,,,,0.22046,4.36711,0.27294,PCK-00-151923-5,Main,
FE0673A - Thai Peanut Chicken Chunks [PENDING CULINARY REVIEW],REC-014318-4-001,R,1,portions,Sauce - Peanut Sauce for Buddha Bowl [PENDING CULINARY REVIEW],S,,30,grams,,SUB-013695-4-001,SPICE PORTIONING / IMMERSION BLENDER / BRAISER / BLAST CHILLER,,"SCHWEFELDIOXIDE UND SULFITE, SESAMSAMEN, SOJA",,0.99062,,,,,,,0.06614,1.06824,0.06676,PCK-00-151923-5,Main,

FE0673B- Thai style chicken and peanut sauce [PENDING CULINARY REVIEW],REC-014318-4-002,R,1,portions,Rice - Coconut - Garlic Lime Brown Rice - parboiled rice [PENDING CULINARY REVIEW],S,,140,grams,,SUB-013413-4-001,OVEN / BLAST CHILLER,"140g Coconut Rice
50 g Red pepper and edamame
100g Chicken chunks
100g stir fry veg
30g Peanut Dressing CUPPED
***PLATING INSTRUCTIONS***
(From the bottom to the top)

2 Compartment

MAIN COMPARTMENT
140g Rice
50 g Red Pepper and Edamame
100g Chicken

2ND COMPARTMENT
100 g Stir fry veggies
30g Peanut Sauce CUPPED

NET WEIGHT = 420g",SELLERIE,,0.99978,,,,,,,0.30865,4.93944,0.30872,PCK-00-151923-5,Main,
FE0673B- Thai style chicken and peanut sauce [PENDING CULINARY REVIEW],REC-014318-4-002,R,1,portions,CHICKEN BREAST- GARLIC-HERB - GRILLED,S,,1,each,,SUB-014727-4-001,MARINADE / GRILL / OVEN / BLAST CHILLER,,SCHWEFELDIOXIDE UND SULFITE,,0.73215,,,,,,4.23288,0.26455,5.78141,0.36134,PCK-00-151923-5,Main,
FE0673B- Thai style chicken and peanut sauce [PENDING CULINARY REVIEW],REC-014318-4-002,R,1,portions,Mixed veg - Red Pepper and Edamame Side [PENDING CULINARY REVIEW],S,,50,grams,,SUB-014251-4-001,SPICE PORTIONING / BRAISER / BLAST CHILLER,,SOJA,,0.89011,,,,,,,0.11023,1.98144,0.12384,PCK-00-151923-5,Main,
FE0673B- Thai style chicken and peanut sauce [PENDING CULINARY REVIEW],REC-014318-4-002,R,1,portions,Mixed veg - Asian Stir Fry Veg [PENDING CULINARY REVIEW],S,,100,grams,,SUB-013386-4-001,OVEN / BLAST CHILLER,,"SCHWEFELDIOXIDE UND SULFITE, SESAMSAMEN",,0.80772,,,,,,,0.22046,4.36711,0.27294,PCK-00-151923-5,Main,
FE0673B- Thai style chicken and peanut sauce [PENDING CULINARY REVIEW],REC-014318-4-002,R,1,portions,Sauce - Peanut Sauce for Buddha Bowl [PENDING CULINARY REVIEW],S,,30,grams,,SUB-013695-4-001,SPICE PORTIONING / IMMERSION BLENDER / BRAISER / BLAST CHILLER,,"SCHWEFELDIOXIDE UND SULFITE, SESAMSAMEN, SOJA",,0.99062,,,,,,,0.06614,1.06824,0.06676,PCK-00-151923-5,Main,

FE0745A - Beef in paprika sauce [PENDING CULINARY REVIEW],REC-013991-4-001,R,1,portions,Mash - SCK Roasted Garlic Cauliflower Mashed [PENDING CULINARY REVIEW],S,,100,grams,,SUB-013987-4-001,SPICE PORTIONING / IMMERSION BLENDER / BRAISER / BLAST CHILLER,"100g cauliflower mash
100g beef
55g red pepper sauce
10g pecorino
4g green onion
140g courgette
Plating Instruction (from bottom to top)

Main compartment: 
One side: 100g cauliflower mash
Other side: 
55g red pepper sauce 
100g beef
On top: 
10g pecorino
4g green onion

Side compartment: 
140g courgette

Net weight: 409g",MILCH (EINSCHLIESSLICH LAKTOSE),,1.0095,,,,,,,0.22046,3.4942,0.21839,PCK-00-151923-5,Main,
FE0745A - Beef in paprika sauce [PENDING CULINARY REVIEW],REC-013991-4-001,R,1,portions,"Beef, Chuck Roast - Bulk [PENDING CULINARY REVIEW]",S,,100,grams,,SUB-013445-4-001,UNCATEGORIZED BOM,,,,0.70275,,,,,,,0.22046,5.01944,0.31372,PCK-00-151923-5,Main,
FE0745A - Beef in paprika sauce [PENDING CULINARY REVIEW],REC-013991-4-001,R,1,portions,Sauce - RRPPT Roasted Red Pepper Sauce [PENDING CULINARY REVIEW],S,,55,grams,,SUB-013567-4-001,SPICE PORTIONING / IMMERSION BLENDER / BRAISER / BLAST CHILLER,,"MILCH (EINSCHLIESSLICH LAKTOSE), SCHWEFELDIOXIDE UND SULFITE",,0.88048,,,,,,,0.12125,2.20343,0.13771,PCK-00-151923-5,Main,
FE0745A - Beef in paprika sauce [PENDING CULINARY REVIEW],REC-013991-4-001,R,1,portions,"FA-DE Cheese, Parmesan, Grated /Käse, Parmesan, gerieben",I,DAI-00-139127-3,10,grams,,,,,MILCH (EINSCHLIESSLICH LAKTOSE),,,,,,,,,0.02205,0.35274,0.02205,PCK-00-151923-5,Main,
FE0745A - Beef in paprika sauce [PENDING CULINARY REVIEW],REC-013991-4-001,R,1,portions,"FA-DE Onion, Green, Sliced 5mm /Zwiebel, grün, in Scheiben geschnitten, 5 mm",I,PHF-00-149803-3,4,grams,,,,,,,,,,,,,,0.00882,0.1411,0.00882,PCK-00-151923-5,Main,
FE0745A - Beef in paprika sauce [PENDING CULINARY REVIEW],REC-013991-4-001,R,1,portions,Zucchini - Garlic Roasted Zucchini,S,,140,grams,,SUB-013632-4-001,OVEN / BLAST CHILLER,,,,0.6565,,,,,,,0.30865,7.52222,0.47014,PCK-00-151923-5,Main,

FE0928A - Salmon with coriander rice [PENDING CULINARY REVIEW],REC-013383-4-001,R,1,portions,Rice - Salsa Verde Rice - no chorizo spice [PENDING CULINARY REVIEW],S,,135,grams,,SUB-013381-4-001,HAND MIX / BLAST CHILLER,"135g rice
50g tomato sofrito
1 ea salmon
100g courgette
35g crema (CUPPED)
PLATING INSTRUCTIONS:

**2 COMPARTMENT BENTO**
MAIN: 
135g rice
50g tomato sofrito
1 ea salmon

2ND: 
100g courgette
35g crema (CUPPED)

NET WEIGHT: 420g
",SCHWEFELDIOXIDE UND SULFITE,,1,,,,,,,0.29762,4.76199,0.29762,PCK-00-151923-5,Main,
FE0928A - Salmon with coriander rice [PENDING CULINARY REVIEW],REC-013383-4-001,R,1,portions,Sauce - Roasted Tomato Sofrito - with fancy diced peppers [PENDING CULINARY REVIEW],S,,50,grams,,SUB-013375-4-001,OVEN / BLAST CHILLER,,SCHWEFELDIOXIDE UND SULFITE,,0.72358,,,,,,,0.11023,2.43747,0.15234,PCK-00-151923-5,Main,
FE0928A - Salmon with coriander rice [PENDING CULINARY REVIEW],REC-013383-4-001,R,1,portions,Salmon - garlic seasoning,S,,1,each,,SUB-013382-4-001,THAW / HAND MARINADE / OVEN / BLAST CHILLER,,FISCH,,0.81816,,,,,,4.05651,0.25353,4.95811,0.30988,PCK-00-151923-5,Main,
FE0928A - Salmon with coriander rice [PENDING CULINARY REVIEW],REC-013383-4-001,R,1,portions,Cumin Roasted Courgette [PENDING CULINARY REVIEW],S,,100,grams,,SUB-013377-4-001,OVEN / BLAST CHILLER,,,,0.77974,,,,,,,0.22046,4.52382,0.28274,PCK-00-151923-5,Main,
FE0928A - Salmon with coriander rice [PENDING CULINARY REVIEW],REC-013383-4-001,R,1,portions,Chimichurri Crema - with honey [PENDING CULINARY REVIEW],S,,35,grams,,SUB-013374-4-001,IMMERSION BLENDER / CUPPING,,MILCH (EINSCHLIESSLICH LAKTOSE),,1.0001,,,,,,,0.07716,1.23447,0.07715,PCK-00-151923-5,Main,

FE1072A - Pork tenderloin in spicy ancho chili sauce [PENDING CULINARY REVIEW],REC-014313-4-001,R,1,portions,Spanish Rice and Sofrito [PENDING CULINARY REVIEW],S,,130,grams,,SUB-014113-4-001,HAND MIX / BLAST CHILLER,"130g rice
115g adobo pork
35g sauce
120g courgette and corn
**PLATING INSTRUCTIONS**

1 : (from bottom to top)
130g rice
115g adobo pork
35g sauce

2 :
120g courgette and corn

Net Weight : 402g","SCHWEFELDIOXIDE UND SULFITE, SELLERIE",,1.00024,,,,,,,0.2866,4.58454,0.28653,PCK-00-151923-5,Main,
FE1072A - Pork tenderloin in spicy ancho chili sauce [PENDING CULINARY REVIEW],REC-014313-4-001,R,1,portions,Adobo Pork Base [PENDING CULINARY REVIEW],S,,115,grams,,SUB-013362-4-001,IMMERSION BLENDER,,SCHWEFELDIOXIDE UND SULFITE,,0.83857,,,,,,,0.25353,4.8374,0.30234,PCK-00-151923-5,Main,
FE1072A - Pork tenderloin in spicy ancho chili sauce [PENDING CULINARY REVIEW],REC-014313-4-001,R,1,portions,Sauce - Adobo Pork Sauce [PENDING CULINARY REVIEW],S,,35,grams,,SUB-014312-4-001,SPICE PORTIONING / IMMERSION BLENDER / BRAISER / BLAST CHILLER,,SCHWEFELDIOXIDE UND SULFITE,,0.82541,,,,,,,0.07716,1.49573,0.09348,PCK-00-151923-5,Main,
FE1072A - Pork tenderloin in spicy ancho chili sauce [PENDING CULINARY REVIEW],REC-014313-4-001,R,1,portions,Mixed veg - Roasted Zucchini & Corn,S,,120,grams,,SUB-013917-4-001,OVEN / BLAST CHILLER,,SCHWEFELDIOXIDE UND SULFITE,,0.47849,,,,,,,0.26455,8.84634,0.5529,PCK-00-151923-5,Main,

FE1367B - Thai-Style Grilled Chicken Bowl [PENDING CULINARY REVIEW],REC-016242-4-001,R,1,portions,GGS Brown Jasmine Rice & Pepper Blend [PENDING CULINARY REVIEW],S,,110,grams,,SUB-016244-4-001,HAND MIX / BLAST CHILLER,"***ALTERNATIVE PLATING INSTRUCTIONS***
(From the bottom to the top)

2 Compartment

MAIN COMPARTMENT
100g = brown jasmine rice & pepper blend on one side of main compartment
100g = 1 grilled chicken breast on other side of main compartment
3g = b&w sesame seeds on top of chicken breast

2ND COMPARTMENT
100g = Edamame/Pepper/Cabbage Slaw
40g = thai almond sauce (cup)

Net Weight = 343g",SCHWEFELDIOXIDE UND SULFITE,,0.99999,,,,,,,0.24251,3.88018,0.24251,PCK-00-151923-5,Main,
FE1367B - Thai-Style Grilled Chicken Bowl [PENDING CULINARY REVIEW],REC-016242-4-001,R,1,portions,Grilled Chicken Breast Marinade #6 - Asian (EACH),S,,1,each,,SUB-016253-4-001,MARINADE / GRILL / OVEN / BLAST CHILLER,,"SCHWEFELDIOXIDE UND SULFITE, SESAMSAMEN, SOJA",,0.68415,,,,,,4.23288,0.26455,6.18706,0.38669,PCK-00-151923-5,Main,
FE1367B - Thai-Style Grilled Chicken Bowl [PENDING CULINARY REVIEW],REC-016242-4-001,R,1,portions,B&W sesame seeds 30/70,S,,3,grams,,SUB-014115-4-001,OVEN / BLAST CHILLER,,SESAMSAMEN,,0.9,,,,,,,0.00661,0.11758,0.00735,PCK-00-151923-5,Main,
FE1367B - Thai-Style Grilled Chicken Bowl [PENDING CULINARY REVIEW],REC-016242-4-001,R,1,portions,Edamame Bell Pepper and Cabbage Slaw [PENDING CULINARY REVIEW],S,,100,grams,,SUB-016254-4-001,OVEN / BLAST CHILLER,,"SCHWEFELDIOXIDE UND SULFITE, SESAMSAMEN, SOJA",,0.74734,,,,,,,0.22046,4.71997,0.295,PCK-00-151923-5,Main,
FE1367B - Thai-Style Grilled Chicken Bowl [PENDING CULINARY REVIEW],REC-016242-4-001,R,1,portions,Sauce - Peanut Sauce for Buddha Bowl [PENDING CULINARY REVIEW],S,,40,grams,,SUB-013695-4-001,SPICE PORTIONING / IMMERSION BLENDER / BRAISER / BLAST CHILLER,,"SCHWEFELDIOXIDE UND SULFITE, SESAMSAMEN, SOJA",,0.99062,,,,,,,0.08818,1.42431,0.08902,PCK-00-151923-5,Main,

FE1451A - West African Style Chicken Peanut Curry [PENDING CULINARY REVIEW],REC-016216-4-001,R,1,portions,Curry Rice [PENDING CULINARY REVIEW],S,,50,grams,,SUB-016215-4-001,OVEN / HAND MIX / BLAST CHILLER,"***Plating Instructions***
(2 compartment)

1ST COMPARTMENT
50 g rice
30 g sweet potato
100 g diced chicken
105 g curry
10 g peanuts

2ND COMPARTMENT
50 g broccoli
50 g peppers",SENF,,1.048,,,,,,,0.11023,1.68292,0.10518,PCK-00-151923-5,Main,
FE1451A - West African Style Chicken Peanut Curry [PENDING CULINARY REVIEW],REC-016216-4-001,R,1,portions,Roasted Sweet Potatoes - diced - less salt,S,,30,grams,,SUB-015321-4-001,OVEN / BLAST CHILLER,,,,0.73987,,,,,,,0.06614,1.43028,0.08939,PCK-00-151923-5,Main,
FE1451A - West African Style Chicken Peanut Curry [PENDING CULINARY REVIEW],REC-016216-4-001,R,1,portions,Chicken Chunk - Mod Marinade #4 Garlic and Herb,S,,100,grams,,SUB-016207-4-001,MARINADE / OVEN / BLAST CHILLER,,SCHWEFELDIOXIDE UND SULFITE,,0.68623,,,,,,,0.22046,5.14022,0.32126,PCK-00-151923-5,Main,
FE1451A - West African Style Chicken Peanut Curry [PENDING CULINARY REVIEW],REC-016216-4-001,R,1,portions,African Peanut Curry Sauce [PENDING CULINARY REVIEW],S,,105,grams,,SUB-016206-4-001,SPICE PORTIONING / IMMERSION BLENDER / BRAISER / BLAST CHILLER,,"SCHWEFELDIOXIDE UND SULFITE, SENF, SESAMSAMEN",,0.85743,,,,,,,0.23149,4.31959,0.26997,PCK-00-151923-5,Main,
FE1451A - West African Style Chicken Peanut Curry [PENDING CULINARY REVIEW],REC-016216-4-001,R,1,portions,Gochugaru-Lime-Green Onion Roasted Peanuts [PENDING CULINARY REVIEW],S,,10,grams,,SUB-016210-4-001,HAND MARINADE / OVEN / BLAST CHILLER,,,,0.97043,,,,,,,0.02205,0.36349,0.02272,PCK-00-151923-5,Main,
FE1451A - West African Style Chicken Peanut Curry [PENDING CULINARY REVIEW],REC-016216-4-001,R,1,portions,Broccoli - Roasted S&P,S,,50,grams,,SUB-016200-4-001,OVEN / BLAST CHILLER,,,,0.7425,,,,,,,0.11023,2.37536,0.14846,PCK-00-151923-5,Main,
FE1451A - West African Style Chicken Peanut Curry [PENDING CULINARY REVIEW],REC-016216-4-001,R,1,portions,Roasted sliced red bell peppers - No Salt [PENDING CULINARY REVIEW],S,,50,grams,,SUB-016213-4-001,OVEN / BLAST CHILLER,,,,0.73364,,,,,,,0.11023,2.40403,0.15025,PCK-00-151923-5,Main,

FE4004A - Chicken in basil-pepper sauce [PENDING CULINARY REVIEW],REC-014044-4-001,R,1,portions,Chicken breast - Herb Grilled Chicken Breast,S,,1,each,,SUB-013545-4-001,MARINADE / GRILL / OVEN / BLAST CHILLER,"1 ea = grilled chicken
25g  = sauce

105 gr = rice
146g mixed veg
2g basil
***PLATING INSTRUCTIONS***
(From the bottom to the top)

2 Compartment

MAIN COMPARTMENT
105g = rice
1 ea = grilled chicken
25g  = sauce

2ND COMPARTMENT
146g mixed veg
2g basil

NET WEIGHT: 378g + 4g LAB (when produced at Maitre)",,,0.62422,,,,,,4.23288,0.26455,6.78107,0.42382,PCK-00-151923-5,Main,
FE4004A - Chicken in basil-pepper sauce [PENDING CULINARY REVIEW],REC-014044-4-001,R,1,portions,Sauce - Roasted Red Pepper & Basil Sauce [PENDING CULINARY REVIEW],S,,25,grams,,SUB-013927-4-001,HAND MIX,,MILCH (EINSCHLIESSLICH LAKTOSE),,0.99815,,,,,,,0.05512,0.88348,0.05522,PCK-00-151923-5,Main,
FE4004A - Chicken in basil-pepper sauce [PENDING CULINARY REVIEW],REC-014044-4-001,R,1,portions,Rice - Creamy Sicilian Brown Rice - parboiled rice [PENDING CULINARY REVIEW],S,,105,grams,,SUB-014042-4-001,HAND MIX / BLAST CHILLER,,"MILCH (EINSCHLIESSLICH LAKTOSE), SELLERIE",,1.08022,,,,,,,0.23149,3.42871,0.21429,PCK-00-151923-5,Main,
FE4004A - Chicken in basil-pepper sauce [PENDING CULINARY REVIEW],REC-014044-4-001,R,1,portions,Mixed peppers - Roasted diced red and green bell peppers,S,,68,grams,,SUB-013633-4-001,OVEN / BLAST CHILLER,,SCHWEFELDIOXIDE UND SULFITE,,0.68987,,,,,,,0.14991,3.47692,0.21731,PCK-00-151923-5,Main,
FE4004A - Chicken in basil-pepper sauce [PENDING CULINARY REVIEW],REC-014044-4-001,R,1,portions,Fennel - Roasted Fennel [PENDING CULINARY REVIEW],S,,40,grams,,SUB-014043-4-001,OVEN / BLAST CHILLER,,,,0.7897,,,,,,,0.08818,1.78669,0.11167,PCK-00-151923-5,Main,
FE4004A - Chicken in basil-pepper sauce [PENDING CULINARY REVIEW],REC-014044-4-001,R,1,portions,Tomatoes - Roasted Italian grape tomatoes [PENDING CULINARY REVIEW],S,,38,grams,,SUB-014014-4-001,OVEN / BLAST CHILLER,,,,0.93766,,,,,,,0.08378,1.42954,0.08935,PCK-00-151923-5,Main,
FE4004A - Chicken in basil-pepper sauce [PENDING CULINARY REVIEW],REC-014044-4-001,R,1,portions,Basil - Picked Basil Leaves,S,,2,grams,,SUB-013424-4-001,STAGING / DEBOX,,,,0.55986,,,,,,,0.00441,0.12601,0.00788,PCK-00-151923-5,Main,

FE4004B - Chicken in basil-pepper sauce [PENDING CULINARY REVIEW],REC-014044-4-002,R,1,portions,Chicken breast - Herb Grilled Chicken Breast,S,,1,each,,SUB-013545-4-001,MARINADE / GRILL / OVEN / BLAST CHILLER,"1 ea = grilled chicken
25g  = sauce

120 gr = rice
141g mixed veg
2g basil
***PLATING INSTRUCTIONS***
(From the bottom to the top)

2 Compartment

MAIN COMPARTMENT
115g = rice
1 ea = grilled chicken
25g  = sauce

2ND COMPARTMENT
141g mixed veg
2g basil

NET WEIGHT: 388g + 4g LAB (when produced at Maitre)",,,0.62422,,,,,,4.23288,0.26455,6.78107,0.42382,PCK-00-151923-5,Main,
FE4004B - Chicken in basil-pepper sauce [PENDING CULINARY REVIEW],REC-014044-4-002,R,1,portions,Sauce - Roasted Red Pepper & Basil Sauce [PENDING CULINARY REVIEW],S,,25,grams,,SUB-013927-4-001,HAND MIX,,MILCH (EINSCHLIESSLICH LAKTOSE),,0.99815,,,,,,,0.05512,0.88348,0.05522,PCK-00-151923-5,Main,
FE4004B - Chicken in basil-pepper sauce [PENDING CULINARY REVIEW],REC-014044-4-002,R,1,portions,Rice - Creamy Sicilian Brown Rice - parboiled rice [PENDING CULINARY REVIEW],S,,120,grams,,SUB-014042-4-001,HAND MIX / BLAST CHILLER,,"MILCH (EINSCHLIESSLICH LAKTOSE), SELLERIE",,1.08022,,,,,,,0.26455,3.91852,0.24491,PCK-00-151923-5,Main,
FE4004B - Chicken in basil-pepper sauce [PENDING CULINARY REVIEW],REC-014044-4-002,R,1,portions,Mixed peppers - Roasted diced red and green bell peppers,S,,65,grams,,SUB-013633-4-001,OVEN / BLAST CHILLER,,SCHWEFELDIOXIDE UND SULFITE,,0.68987,,,,,,,0.1433,3.32352,0.20772,PCK-00-151923-5,Main,
FE4004B - Chicken in basil-pepper sauce [PENDING CULINARY REVIEW],REC-014044-4-002,R,1,portions,Fennel - Roasted Fennel [PENDING CULINARY REVIEW],S,,40,grams,,SUB-014043-4-001,OVEN / BLAST CHILLER,,,,0.7897,,,,,,,0.08818,1.78669,0.11167,PCK-00-151923-5,Main,
FE4004B - Chicken in basil-pepper sauce [PENDING CULINARY REVIEW],REC-014044-4-002,R,1,portions,Tomatoes - Roasted Italian grape tomatoes [PENDING CULINARY REVIEW],S,,36,grams,,SUB-014014-4-001,OVEN / BLAST CHILLER,,,,0.93766,,,,,,,0.07937,1.3543,0.08464,PCK-00-151923-5,Main,
FE4004B - Chicken in basil-pepper sauce [PENDING CULINARY REVIEW],REC-014044-4-002,R,1,portions,Basil - Picked Basil Leaves,S,,2,grams,,SUB-013424-4-001,STAGING / DEBOX,,,,0.55986,,,,,,,0.00441,0.12601,0.00788,PCK-00-151923-5,Main,

FE4005B - Green Beef Curry [PENDING CULINARY REVIEW],REC-014244-4-002,R,1,portions,Sauce - Coconut Green Curry with lime leaf extract [PENDING CULINARY REVIEW],S,,100,grams,,SUB-013909-4-001,SPICE PORTIONING / IMMERSION BLENDER / BRAISER / BLAST CHILLER,"100G GREEN CURRY SAUCE
145G MIXED VEGETABLES
80 G BEEF
110G CAULIFLOWER RICE 
***PLATING INSTRUCTIONS***
2 CT BENTO
(From the bottom to the top)

MAIN COMPARTMENT
80 G BEEF CHUCK 
100 G GREEN CURRY SAUCE
145 G MIXED VEGETABLES

SIDE COMPARTMENT
110 G CAULIFLOWER RICE 

Net weight: 435g","SCHWEFELDIOXIDE UND SULFITE, SELLERIE, SENF",,0.53991,,,,,,,0.22046,6.53334,0.40833,PCK-00-151923-5,Main,
FE4005B - Green Beef Curry [PENDING CULINARY REVIEW],REC-014244-4-002,R,1,portions,Mixed veg - Green curry beef and veg [PENDING CULINARY REVIEW],S,,145,grams,,SUB-014046-4-001,OVEN / BLAST CHILLER,,,,1.33344,,,,,,,0.31967,3.83574,0.23973,PCK-00-151923-5,Main,
FE4005B - Green Beef Curry [PENDING CULINARY REVIEW],REC-014244-4-002,R,1,portions,Brined BEEF CHUCK - Asian spice - base cook [PENDING CULINARY REVIEW],S,,80,grams,,SUB-013876-4-001,BRINE,,SCHWEFELDIOXIDE UND SULFITE,,0.61926,,,,,,,0.17637,4.5569,0.28481,PCK-00-151923-5,Main,
FE4005B - Green Beef Curry [PENDING CULINARY REVIEW],REC-014244-4-002,R,1,portions,Mixed rice & cauli rice - Brown Rice & Cauliflower Rice Mix [PENDING CULINARY REVIEW],S,,110,grams,,SUB-013737-4-001,HAND MIX / BLAST CHILLER,,SELLERIE,,1,,,,,,,0.24251,3.88014,0.24251,PCK-00-151923-5,Main,

FE4010A - Grilled pork tenderloin and tomato butter [PENDING CULINARY REVIEW],REC-013610-4-001,R,1,portions,Mash - Garlic Herb Mashed Cauliflower - Rice,S,,110,grams,,SUB-013551-4-001,HAND MIX / BLAST CHILLER,"110 G MASH (BEIGE SCOOP)
1 EA PORK TENDERLOIN
10 G BUTTER
40 G SAUCE (RED SCOOP)
110G BROCCOLI
***PLATING INSTRUCTIONS***
(From the bottom to the top)

2 Compartment

MAIN COMPARTMENT
mash = 110g
pork tenderloin 1 EA = 100g
butter = 10g
(butter is plated on mash, next to pork tenderloin)

2ND COMPARTMENT
red pepper sauce = 40g (red scoop)
broccoli = 110g

NET WEIGHT: 370g",MILCH (EINSCHLIESSLICH LAKTOSE),,0.97998,,,,,,,0.24251,3.95939,0.24746,PCK-00-151923-5,Main,
FE4010A - Grilled pork tenderloin and tomato butter [PENDING CULINARY REVIEW],REC-013610-4-001,R,1,portions,Pork tenderloin - Grilled Pork Tenderloin Batch [PENDING CULINARY REVIEW],S,,100,grams,,SUB-013565-4-001,MARINADE / GRILL / OVEN / SLICER / BLAST CHILLER,,SENF,,0.74857,,,,,,,0.22046,4.71215,0.29451,PCK-00-151923-5,Main,
FE4010A - Grilled pork tenderloin and tomato butter [PENDING CULINARY REVIEW],REC-013610-4-001,R,1,portions,Compound butter - Sun-Dried Tomato,S,,10,grams,,SUB-013608-4-001,PLANETARY MIXER / SCOOPER (BUTTER) / BLAST CHILLER,,MILCH (EINSCHLIESSLICH LAKTOSE),,1,,,,,,,0.02205,0.35274,0.02205,PCK-00-151923-5,Main,
FE4010A - Grilled pork tenderloin and tomato butter [PENDING CULINARY REVIEW],REC-013610-4-001,R,1,portions,Sauce - RRPPT Roasted Red Pepper Sauce [PENDING CULINARY REVIEW],S,,40,grams,,SUB-013567-4-001,SPICE PORTIONING / IMMERSION BLENDER / BRAISER / BLAST CHILLER,,"MILCH (EINSCHLIESSLICH LAKTOSE), SCHWEFELDIOXIDE UND SULFITE",,0.88048,,,,,,,0.08818,1.60249,0.10016,PCK-00-151923-5,Main,
FE4010A - Grilled pork tenderloin and tomato butter [PENDING CULINARY REVIEW],REC-013610-4-001,R,1,portions,Broccoli - Roasted S&P,S,,110,grams,,SUB-016200-4-001,OVEN / BLAST CHILLER,,,,0.7425,,,,,,,0.24251,5.22579,0.32661,PCK-00-151923-5,Main,

FE4011A - Spicy pulled chicken and beans [PENDING CULINARY REVIEW],REC-013620-4-001,R,1,portions,Tamale Cake [PENDING CULINARY REVIEW],S,,75,grams,,SUB-013611-4-001,OVEN / BLAST CHILLER,"***PLATING INSTRUCTIONS***
(From the bottom to the top)

2 Compartment

MAIN COMPARTMENT
75g =  tamale cake
80g = shredded chicken
60g = sauce 
40g = beans

2ND COMPARTMENT
25g = sauce (cupped)
110g = carrots

Total Net Weight: 395g",MILCH (EINSCHLIESSLICH LAKTOSE),,0.89842,,,,,,,0.16535,2.94466,0.18404,PCK-00-151923-5,Main,
FE4011A - Spicy pulled chicken and beans [PENDING CULINARY REVIEW],REC-013620-4-001,R,1,portions,Shredded Chicken Batch for Taco Bowl [PENDING CULINARY REVIEW],S,,80,grams,,SUB-013613-4-001,MARINADE / OVEN / HOT SHREDDER / BLAST CHILLER,,,,0.71934,,,,,,,0.17637,3.92291,0.24518,PCK-00-151923-5,Main,
FE4011A - Spicy pulled chicken and beans [PENDING CULINARY REVIEW],REC-013620-4-001,R,1,portions,Sauce - Red Chili Sauce - Vegetarian,S,,60,grams,,SUB-013614-4-001,SPICE PORTIONING / IMMERSION BLENDER / BRAISER / BLAST CHILLER,,SCHWEFELDIOXIDE UND SULFITE,,0.8673,,,,,,,0.13228,2.44025,0.15252,PCK-00-151923-5,Main,
FE4011A - Spicy pulled chicken and beans [PENDING CULINARY REVIEW],REC-013620-4-001,R,1,portions,Mixed beans - Mexican Vegetarian Bean Mix- Low Sodium,S,,40,grams,,SUB-013617-4-001,SPICE PORTIONING / BRAISER / BLAST CHILLER,,SCHWEFELDIOXIDE UND SULFITE,,0.95386,,,,,,,0.08818,1.4792,0.09245,PCK-00-151923-5,Main,
FE4011A - Spicy pulled chicken and beans [PENDING CULINARY REVIEW],REC-013620-4-001,R,1,portions,Cold sauce - Yoghurt Sauce with parsley [PENDING CULINARY REVIEW],S,,25,grams,,SUB-013618-4-001,IMMERSION BLENDER / CUPPING,,MILCH (EINSCHLIESSLICH LAKTOSE),,0.78,,,,,,,0.05512,1.13058,0.07066,PCK-00-151923-5,Main,
FE4011A - Spicy pulled chicken and beans [PENDING CULINARY REVIEW],REC-013620-4-001,R,1,portions,Carrots - Mexican Spiced Carrots [PENDING CULINARY REVIEW],S,,110,grams,,SUB-013619-4-001,OVEN / BLAST CHILLER,,,,0.78354,,,,,,,0.24251,4.95208,0.30951,PCK-00-151923-5,Main,

FE4012B - Pork tenderloin and smoky paprika rice [PENDING CULINARY REVIEW],REC-013637-4-002,R,1,portions,Rice - Greek Rice and bell pepper Sofrito [PENDING CULINARY REVIEW],S,,120,grams,,SUB-013541-4-001,HAND MIX / BLAST CHILLER,"120g rice
80g spinach
100g pork tenderloin

50g bell pepper
50g roasted zucchini
30g dill Sauce
***PLATING INSTRUCTIONS***
(From the bottom to the top)

2 Compartment

MAIN COMPARTMENT
120g rice
80g spinach
100g pork tenderloin

SIDE COMP: 
50g bell pepper
50g roasted zucchini
30g dill Sauce

Net Weight : 430g","SCHWEFELDIOXIDE UND SULFITE, SELLERIE",,1.00024,,,,,,,0.26455,4.23188,0.26449,PCK-00-151923-5,Main,
FE4012B - Pork tenderloin and smoky paprika rice [PENDING CULINARY REVIEW],REC-013637-4-002,R,1,portions,Spinach - Garlic Spinach - Frzn Spinach - less garlic,S,,80,grams,,SUB-013415-4-001,OVEN / BLAST CHILLER,,SCHWEFELDIOXIDE UND SULFITE,,0.80664,,,,,,,0.17637,3.49834,0.21865,PCK-00-151923-5,Main,
FE4012B - Pork tenderloin and smoky paprika rice [PENDING CULINARY REVIEW],REC-013637-4-002,R,1,portions,Souvlaki Pork Tenderloin Batch,S,,100,grams,,SUB-013635-4-001,MARINADE / GRILL / OVEN / SLICER / BLAST CHILLER,,SCHWEFELDIOXIDE UND SULFITE,,0.77199,,,,,,,0.22046,4.56921,0.28558,PCK-00-151923-5,Main,
FE4012B - Pork tenderloin and smoky paprika rice [PENDING CULINARY REVIEW],REC-013637-4-002,R,1,portions,Mixed peppers - Roasted diced red and green bell peppers,S,,50,grams,,SUB-013633-4-001,OVEN / BLAST CHILLER,,SCHWEFELDIOXIDE UND SULFITE,,0.68987,,,,,,,0.11023,2.55656,0.15978,PCK-00-151923-5,Main,
FE4012B - Pork tenderloin and smoky paprika rice [PENDING CULINARY REVIEW],REC-013637-4-002,R,1,portions,Courgette - Roasted Zucchini,S,,50,grams,,SUB-013371-4-001,OVEN / BLAST CHILLER,,SCHWEFELDIOXIDE UND SULFITE,,0.78114,,,,,,,0.11023,2.25784,0.14111,PCK-00-151923-5,Main,
FE4012B - Pork tenderloin and smoky paprika rice [PENDING CULINARY REVIEW],REC-013637-4-002,R,1,portions,Sauce - Lemon Dill Yogurt,S,,30,grams,,SUB-013636-4-001,HAND MIX,,MILCH (EINSCHLIESSLICH LAKTOSE),,0.95,,,,,,,0.06614,1.11392,0.06962,PCK-00-151923-5,Main,

FE4013A	- Chicken in yellow curry [PENDING CULINARY REVIEW],REC-013742-4-001,R,1,portions,Sauce - Coconut Yellow Curry [PENDING CULINARY REVIEW],S,,70,grams,,SUB-013740-4-001,SPICE PORTIONING / IMMERSION BLENDER / BRAISER / BLAST CHILLER,"***PLATING INSTRUCTIONS***
2 CT BENTO
(From the bottom to the top)

MAIN COMPARTMENT
70g = yellow curry
80g = diced chicken
50g = bell pepper
50g = broccoli

SIDE COMPARTMENT
150G RICE / CAULIFLOWER 

Net weight: 400 grams","SCHWEFELDIOXIDE UND SULFITE, SELLERIE, SENF",,1.07946,,,,,,,0.15432,2.28743,0.14296,PCK-00-151923-5,Main,
FE4013A	- Chicken in yellow curry [PENDING CULINARY REVIEW],REC-013742-4-001,R,1,portions,Diced Chicken - Garlic & Herb Marinade,S,,80,grams,,SUB-013453-4-001,MARINADE / OVEN / BLAST CHILLER,,SCHWEFELDIOXIDE UND SULFITE,,0.75582,,,,,,,0.17637,3.73361,0.23335,PCK-00-151923-5,Main,
FE4013A	- Chicken in yellow curry [PENDING CULINARY REVIEW],REC-013742-4-001,R,1,portions,Mixed peppers - Roasted diced red and green bell peppers,S,,50,grams,,SUB-013633-4-001,OVEN / BLAST CHILLER,,SCHWEFELDIOXIDE UND SULFITE,,0.68987,,,,,,,0.11023,2.55656,0.15978,PCK-00-151923-5,Main,
FE4013A	- Chicken in yellow curry [PENDING CULINARY REVIEW],REC-013742-4-001,R,1,portions,Broccoli - Ginger-Garlic Broccoli,S,,50,grams,,SUB-013741-4-001,OVEN / BLAST CHILLER,,SCHWEFELDIOXIDE UND SULFITE,,0.76586,,,,,,,0.11023,2.30291,0.14393,PCK-00-151923-5,Main,
FE4013A	- Chicken in yellow curry [PENDING CULINARY REVIEW],REC-013742-4-001,R,1,portions,Mixed rice & cauli rice - Brown Rice & Cauliflower Rice Mix [PENDING CULINARY REVIEW],S,,150,grams,,SUB-013737-4-001,HAND MIX / BLAST CHILLER,,SELLERIE,,1,,,,,,,0.33069,5.2911,0.33069,PCK-00-151923-5,Main,

FE4014B - Creamy basil risotto with chicken [PENDING CULINARY REVIEW],REC-013739-4-002,R,1,portions,Risotto - Creamy Risotto Batch with Basil [PENDING CULINARY REVIEW],S,,160,grams,,SUB-013662-4-001,SPICE PORTIONING / BRAISER / BLAST CHILLER,"1 ea chicken
160g risotto
40g red pepper
130g mixed veg
***PLATING INSTRUCTIONS***
(From the bottom to the top)

2 Compartment

MAIN COMPARTMENT
160g risotto
40g red pepper
1 ea chicken

2ND COMPARTMENT
130g of vegetables

NET WEIGHT: 430g","MILCH (EINSCHLIESSLICH LAKTOSE), SCHWEFELDIOXIDE UND SULFITE",,0.89409,,,,,,,0.35274,6.31242,0.39453,PCK-00-151923-5,Main,
FE4014B - Creamy basil risotto with chicken [PENDING CULINARY REVIEW],REC-013739-4-002,R,1,portions,Chicken breast - Herb Grilled Chicken Breast,S,,1,each,,SUB-013545-4-001,MARINADE / GRILL / OVEN / BLAST CHILLER,,,,0.62422,,,,,,4.23288,0.26455,6.78107,0.42382,PCK-00-151923-5,Main,
FE4014B - Creamy basil risotto with chicken [PENDING CULINARY REVIEW],REC-013739-4-002,R,1,portions,"Red peppers - Roasted diced ¼"" red bell peppers",S,,40,grams,,SUB-013372-4-001,OVEN / BLAST CHILLER,,,,0.69039,,,,,,,0.08818,2.0437,0.12773,PCK-00-151923-5,Main,
FE4014B - Creamy basil risotto with chicken [PENDING CULINARY REVIEW],REC-013739-4-002,R,1,portions,Mixed veg - Garlic Roasted courgette & parsley,S,,130,grams,,SUB-013400-4-001,OVEN / BLAST CHILLER,,,,0.58301,,,,,,,0.2866,7.86548,0.49159,PCK-00-151923-5,Main,

FE4019A - Grilled chicken on cheesy cabbage [PENDING CULINARY REVIEW],REC-013773-4-001,R,1,portions,Chicken breast - Herb Grilled Chicken Breast,S,,1,each,,SUB-013545-4-001,MARINADE / GRILL / OVEN / BLAST CHILLER,"100g chicken
70g cheese cabbage
90g sweet potato
130g green beans
6g topping
***PLATING INSTRUCTIONS***
(From the bottom to the top)

3 Compartment

MAIN COMPARTMENT
70g cheese cabbage
1ea chicken breast
90g sweet potato

2ND COMPARTMENT
130g green beans
6g topping

NET WEIGHT = 396 +4g
",,,0.62422,,,,,,4.23288,0.26455,6.78107,0.42382,PCK-00-151923-5,Main,
FE4019A - Grilled chicken on cheesy cabbage [PENDING CULINARY REVIEW],REC-013773-4-001,R,1,portions,Cabbage - Cheesy Cabbage Casserole,S,,70,grams,,SUB-013771-4-001,SPICE PORTIONING / BRAISER / BLAST CHILLER,,MILCH (EINSCHLIESSLICH LAKTOSE),,0.89308,,,,,,,0.15432,2.76478,0.1728,PCK-00-151923-5,Main,
FE4019A - Grilled chicken on cheesy cabbage [PENDING CULINARY REVIEW],REC-013773-4-001,R,1,portions,Sweet potatoes - Rosemary Roasted Sweet Potatoes [PENDING CULINARY REVIEW],S,,90,grams,,SUB-013772-4-001,OVEN / BLAST CHILLER,,,,0.72841,,,,,,,0.19842,4.35832,0.2724,PCK-00-151923-5,Main,
FE4019A - Grilled chicken on cheesy cabbage [PENDING CULINARY REVIEW],REC-013773-4-001,R,1,portions,Green beans - oil and sea salt,S,,130,grams,,SUB-013552-4-001,OVEN / BLAST CHILLER,,,,0.76705,,,,,,,0.2866,5.97822,0.37364,PCK-00-151923-5,Main,
FE4019A - Grilled chicken on cheesy cabbage [PENDING CULINARY REVIEW],REC-013773-4-001,R,1,portions,Almonds - Garlic & Black Pepper Toasted Almonds,S,,6,grams,,SUB-013553-4-001,HAND MARINADE / OVEN / BLAST CHILLER,,"MANDELN, SCHALENFRÜCHTE",,0.81278,,,,,,,0.01323,0.2604,0.01627,PCK-00-151923-5,Main,

FE4020A - Grilled pork tenderloin on vegetables in herby sauce [PENDING CULINARY REVIEW],REC-013929-4-001,R,1,portions,Sauce - Roasted Red Pepper & Basil Sauce [PENDING CULINARY REVIEW],S,,35,grams,,SUB-013927-4-001,HAND MIX,"***PLATING INSTRUCTIONS***
(From the bottom to the top)

2 Compartment

MAIN COMPARTMENT
35g roasted red pepper & basil sauce
105g broccoli
100g pork tenderloin

2ND COMPARTMENT
125g cauliflower grits
12g butter

NET WEIGHT=  377g",MILCH (EINSCHLIESSLICH LAKTOSE),,0.99815,,,,,,,0.07716,1.23687,0.0773,PCK-00-151923-5,Main,
FE4020A - Grilled pork tenderloin on vegetables in herby sauce [PENDING CULINARY REVIEW],REC-013929-4-001,R,1,portions,Broccoli - with garlic and onion,S,,105,grams,,SUB-013546-4-001,SPICE PORTIONING / HAND MIX,,SCHWEFELDIOXIDE UND SULFITE,,0.9926,,,,,,,0.23149,3.73137,0.23321,PCK-00-151923-5,Main,
FE4020A - Grilled pork tenderloin on vegetables in herby sauce [PENDING CULINARY REVIEW],REC-013929-4-001,R,1,portions,Garlic Marinade for Porktenderloin,S,,100,grams,,SUB-013928-4-001,MARINADE / GRILL / OVEN / SLICER / BLAST CHILLER,,SCHWEFELDIOXIDE UND SULFITE,,1,,,,,,,0.22046,3.5274,0.22046,PCK-00-151923-5,Main,
FE4020A - Grilled pork tenderloin on vegetables in herby sauce [PENDING CULINARY REVIEW],REC-013929-4-001,R,1,portions,Cauliflower rice - Gouda Grits with rosemary and thyme [PENDING CULINARY REVIEW],S,,125,grams,,SUB-013926-4-001,SPICE PORTIONING / BRAISER / BLAST CHILLER,,"MILCH (EINSCHLIESSLICH LAKTOSE), SCHWEFELDIOXIDE UND SULFITE",,0.94062,,,,,,,0.27558,4.68758,0.29297,PCK-00-151923-5,Main,
FE4020A - Grilled pork tenderloin on vegetables in herby sauce [PENDING CULINARY REVIEW],REC-013929-4-001,R,1,portions,Compound butter - Parmesan-Chive,S,,12,grams,,SUB-013536-4-001,PLANETARY MIXER / SCOOPER (BUTTER) / BLAST CHILLER,,MILCH (EINSCHLIESSLICH LAKTOSE),,0.9055,,,,,,,0.02646,0.46746,0.02922,PCK-00-151923-5,Main,

FE4021A - Savory chickpea cake & couscous [PENDING CULINARY REVIEW],REC-013925-4-001,R,1,portions,Chickpeas - herby chickpea cake [PENDING CULINARY REVIEW],S,,100,grams,,SUB-013921-4-001,OVEN / BLAST CHILLER,"100g cake
100g sauce
60g veg
10g feta
130g couscous
***PLATING INSTRUCTIONS***
(From the bottom to the top)

2 Compartment

MAIN COMPARTMENT
100g cake
100g sauce
60g veg
10g feta

2ND COMPARTMENT
130g couscous

NET WEIGHT: 400g",MILCH (EINSCHLIESSLICH LAKTOSE),,1.002,,,,,,,0.22046,3.52034,0.22002,PCK-00-151923-5,Main,
FE4021A - Savory chickpea cake & couscous [PENDING CULINARY REVIEW],REC-013925-4-001,R,1,portions,Sauce - Moroccan Spiced Sauce for Chickpea bake [PENDING CULINARY REVIEW],S,,100,grams,,SUB-013922-4-001,HAND MIX,,SCHWEFELDIOXIDE UND SULFITE,,1.00037,,,,,,,0.22046,3.52609,0.22038,PCK-00-151923-5,Main,
FE4021A - Savory chickpea cake & couscous [PENDING CULINARY REVIEW],REC-013925-4-001,R,1,portions,Mixed veg - Grilled veg for chickpea bake [PENDING CULINARY REVIEW],S,,60,grams,,SUB-013923-4-001,OVEN / BLAST CHILLER,,SCHWEFELDIOXIDE UND SULFITE,,0.96834,,,,,,,0.13228,2.18563,0.1366,PCK-00-151923-5,Main,
FE4021A - Savory chickpea cake & couscous [PENDING CULINARY REVIEW],REC-013925-4-001,R,1,portions,"FA-DE Cheese, Feta /Käse, Feta",I,DAI-00-144309-3,10,grams,,,,,MILCH (EINSCHLIESSLICH LAKTOSE),,,,,,,,,0.02205,0.35274,0.02205,PCK-00-151923-5,Main,
FE4021A - Savory chickpea cake & couscous [PENDING CULINARY REVIEW],REC-013925-4-001,R,1,portions,"Couscous - Lemon Couscous with Almonds, Currrants & Fresh herbs [PENDING CULINARY REVIEW]",S,,130,grams,,SUB-013924-4-001,HAND MIX / BLAST CHILLER,,"GLUTENHALTIGES GETREIDE, MANDELN, SCHALENFRÜCHTE, SCHWEFELDIOXIDE UND SULFITE, SELLERIE, WEIZEN",,1,,,,,,,0.2866,4.58562,0.2866,PCK-00-151923-5,Main,

FE4025A - Tagine-style chicken [PENDING CULINARY REVIEW],REC-013561-4-001,R,1,portions,Sauce - Vegetarian Tajin Sauce [PENDING CULINARY REVIEW],S,,90,grams,,SUB-013560-4-001,OVEN / BLAST CHILLER,"90g Tajin Sauce
70g Vegetables (pepper, onion and courgette)
90g chicken thigh
15g Feta
155g couscous
***PLATING INSTRUCTIONS***
(From the bottom to the top)

2 Compartment

MAIN COMPARTMENT
90g Tajin Sauce
90g chicken thigh
70g Vegetables (pepper, onion and courgette)
15g Feta

2ND COMPARTMENT
155g couscous

NET WEIGHT = 420g

",SCHWEFELDIOXIDE UND SULFITE,,0.97157,,,,,,,0.19842,3.26755,0.20422,PCK-00-151923-5,Main,
FE4025A - Tagine-style chicken [PENDING CULINARY REVIEW],REC-013561-4-001,R,1,portions,Tajin Vegetables [PENDING CULINARY REVIEW],S,,70,grams,,SUB-013486-4-001,OVEN / BLAST CHILLER,,,,0.96759,,,,,,,0.15432,2.5519,0.15949,PCK-00-151923-5,Main,
FE4025A - Tagine-style chicken [PENDING CULINARY REVIEW],REC-013561-4-001,R,1,portions,Shredded chicken with garlic [PENDING CULINARY REVIEW],S,,90,grams,,SUB-013550-4-001,MARINADE / OVEN / HOT SHREDDER / BLAST CHILLER,,,,0.96154,,,,,,,0.19842,3.30165,0.20635,PCK-00-151923-5,Main,
FE4025A - Tagine-style chicken [PENDING CULINARY REVIEW],REC-013561-4-001,R,1,portions,"FA-DE Cheese, Feta /Käse, Feta",I,DAI-00-144309-3,15,grams,,,,,MILCH (EINSCHLIESSLICH LAKTOSE),,,,,,,,,0.03307,0.52911,0.03307,PCK-00-151923-5,Main,
FE4025A - Tagine-style chicken [PENDING CULINARY REVIEW],REC-013561-4-001,R,1,portions,Lemon Couscous with Dates & Fresh herbs [PENDING CULINARY REVIEW],S,,155,grams,,SUB-013491-4-001,HAND MIX / BLAST CHILLER,,"GLUTENHALTIGES GETREIDE, SCHWEFELDIOXIDE UND SULFITE, SELLERIE, WEIZEN",,1.23457,,,,,,,0.34172,4.42865,0.27679,PCK-00-151923-5,Main,

FE4030A - Spicy cajun chicken [PENDING CULINARY REVIEW],REC-014134-4-001,R,1,portions,Roasted White Cabbage [PENDING CULINARY REVIEW],S,,90,grams,,SUB-014133-4-001,OVEN / BLAST CHILLER,"90g cabbage
20g roasted diced red bells
1 chicken
30g sauce
65g polenta
95g corn
**PLATING INSTRUCTIONS**

MAIN: 
30g sauce
90g cabbage
20g roasted diced red bells
1 chicken

2nd: 
65g polenta
95g corn

NET WEIGHT: 400g
",SCHWEFELDIOXIDE UND SULFITE,,0.87423,,,,,,,0.19842,3.63136,0.22696,PCK-00-151923-5,Main,
FE4030A - Spicy cajun chicken [PENDING CULINARY REVIEW],REC-014134-4-001,R,1,portions,"Red peppers - Roasted diced ¼"" red bell peppers",S,,20,grams,,SUB-013372-4-001,OVEN / BLAST CHILLER,,,,0.69039,,,,,,,0.04409,1.02185,0.06387,PCK-00-151923-5,Main,
FE4030A - Spicy cajun chicken [PENDING CULINARY REVIEW],REC-014134-4-001,R,1,portions,Chicken breast - Jalapeño-Lime-Cheddar Chicken Batch 125g [PENDING CULINARY REVIEW],S,,1,each,,SUB-013832-4-001,MARINADE / GRILL / OVEN / BLAST CHILLER,,,,0.74047,,,,,,3.5274,0.22046,4.76375,0.29773,PCK-00-151923-5,Main,
FE4030A - Spicy cajun chicken [PENDING CULINARY REVIEW],REC-014134-4-001,R,1,portions,Sauce - Cajun Tomato Gravy [PENDING CULINARY REVIEW],S,,30,grams,,SUB-013798-4-001,SPICE PORTIONING / IMMERSION BLENDER / BRAISER / BLAST CHILLER,,"MILCH (EINSCHLIESSLICH LAKTOSE), SCHWEFELDIOXIDE UND SULFITE, SELLERIE",,0.90576,,,,,,,0.06614,1.16832,0.07302,PCK-00-151923-5,Main,
FE4030A - Spicy cajun chicken [PENDING CULINARY REVIEW],REC-014134-4-001,R,1,portions,Polenta - with Mascarpone and Parmesan - Quick Cook,S,,65,grams,,SUB-013621-4-001,SPICE PORTIONING / BRAISER / BLAST CHILLER,,MILCH (EINSCHLIESSLICH LAKTOSE),,0.85548,,,,,,,0.1433,2.68014,0.16751,PCK-00-151923-5,Main,
FE4030A - Spicy cajun chicken [PENDING CULINARY REVIEW],REC-014134-4-001,R,1,portions,Chive-parsley corn kernels [PENDING CULINARY REVIEW],S,,95,grams,,SUB-013490-4-001,OVEN / BLAST CHILLER,,,,0.74729,,,,,,,0.20944,4.48422,0.28026,PCK-00-151923-5,Main,

FE4037A - Miso mushrooms [PENDING CULINARY REVIEW],REC-013417-4-001,R,1,portions,Rice - Coconut - Garlic Lime Brown Rice - parboiled rice [PENDING CULINARY REVIEW],S,,135,grams,,SUB-013413-4-001,OVEN / BLAST CHILLER,"135g rice 
75g mushrooms 
10g peanuts
50g spinach
100g broccoli
30g sauce cupped 
**PLATING INSTRUCTION**

MAIN: 
135g rice 
50g spinach
75g mushrooms
10g peanuts

Side: 
100g broccoli
30g sauce cupped 

NET WEIGHT : 400g",SELLERIE,,0.99978,,,,,,,0.29762,4.76303,0.29769,PCK-00-151923-5,Main,
FE4037A - Miso mushrooms [PENDING CULINARY REVIEW],REC-013417-4-001,R,1,portions,Mushrooms - Miso Mushrooms [PENDING CULINARY REVIEW],S,,75,grams,,SUB-013414-4-001,OVEN / BLAST CHILLER,,"SCHWEFELDIOXIDE UND SULFITE, SOJA",,0.69541,,,,,,,0.16535,3.8043,0.23777,PCK-00-151923-5,Main,
FE4037A - Miso mushrooms [PENDING CULINARY REVIEW],REC-013417-4-001,R,1,portions,"FA-DE Peanuts, Halves, Unsalted /Erdnüsse, halbiert, ungesalzen",I,SPI-00-139178-5,10,grams,,,,,,,,,,,,,,0.02205,0.35274,0.02205,PCK-00-151923-5,Main,
FE4037A - Miso mushrooms [PENDING CULINARY REVIEW],REC-013417-4-001,R,1,portions,Spinach - Garlic Spinach - Frzn Spinach - less garlic,S,,50,grams,,SUB-013415-4-001,OVEN / BLAST CHILLER,,SCHWEFELDIOXIDE UND SULFITE,,0.80664,,,,,,,0.11023,2.18646,0.13665,PCK-00-151923-5,Main,
FE4037A - Miso mushrooms [PENDING CULINARY REVIEW],REC-013417-4-001,R,1,portions,Broccoli - Sesame IQF Broccoli Florets [PENDING CULINARY REVIEW],S,,100,grams,,SUB-013387-4-001,SPICE PORTIONING / HAND MIX,,SESAMSAMEN,,0.98651,,,,,,,0.22046,3.57563,0.22348,PCK-00-151923-5,Main,
FE4037A - Miso mushrooms [PENDING CULINARY REVIEW],REC-013417-4-001,R,1,portions,Sauce - Ginger Sweet-Soy Dressing [PENDING CULINARY REVIEW],S,,30,grams,,SUB-013416-4-001,HAND MIX,,"SCHWEFELDIOXIDE UND SULFITE, SOJA",,0.94999,,,,,,,0.06614,1.11392,0.06962,PCK-00-151923-5,Main,

FE4043A - Beef ragu [PENDING CULINARY REVIEW],REC-013992-4-001,R,1,portions,Shredded beef - Shredded Red Wine Beef Chuck [PENDING CULINARY REVIEW],S,,100,grams,,SUB-013447-4-001,HAND MIX / COLD SHREDDER,"100g beef
100g tomato sauce
110g broccoi
130g potato wedges
PLATING INSTRUCTION (from bottom to top)

MAIN COMPARTMENT: 
Top half: 
- 100g beef
- 110g broccoli 
- 100g tomato sauce

2ND COMPARTMENT: 
130g potatoes 

Net weight: 440g",SCHWEFELDIOXIDE UND SULFITE,,0.64239,,,,,,,0.22046,5.49101,0.34319,PCK-00-151923-5,Main,
FE4043A - Beef ragu [PENDING CULINARY REVIEW],REC-013992-4-001,R,1,portions,Sauce - Ricotta Meatballs Tomato Sauce [PENDING CULINARY REVIEW],S,,100,grams,,SUB-013622-4-001,SPICE PORTIONING / IMMERSION BLENDER / BRAISER / BLAST CHILLER,,SCHWEFELDIOXIDE UND SULFITE,,0.91628,,,,,,,0.22046,3.8497,0.24061,PCK-00-151923-5,Main,
FE4043A - Beef ragu [PENDING CULINARY REVIEW],REC-013992-4-001,R,1,portions,Broccoli - with garlic and onion,S,,110,grams,,SUB-013546-4-001,SPICE PORTIONING / HAND MIX,,SCHWEFELDIOXIDE UND SULFITE,,0.9926,,,,,,,0.24251,3.90905,0.24432,PCK-00-151923-5,Main,
FE4043A - Beef ragu [PENDING CULINARY REVIEW],REC-013992-4-001,R,1,portions,Potatoes - Roasted Potato Wedges with Skin,S,,130,grams,,SUB-013752-4-001,OVEN / BLAST CHILLER,,,,0.63579,,,,,,,0.2866,7.21244,0.45078,PCK-00-151923-5,Main,

FE4046A - Creamy Pumpkin & Sage Risotto [PENDING CULINARY REVIEW],REC-014164-4-001,R,1,portions,Risotto - Pumpkin Risotto Batch without Wine [PENDING CULINARY REVIEW],S,,250,grams,,SUB-014162-4-001,SPICE PORTIONING / BRAISER / BLAST CHILLER,"250g risotto
50g butternut
12g pumpkin seeds
110g green beans 
***PLATING INSTRUCTIONS***
(From the bottom to the top)

3 Compartment

MAIN COMPARTMENT
250g risotto
50g butternut
12g pumpkin seeds

2ND COMPARTMENT
110g green beans

NET WEIGHT = 422g","MILCH (EINSCHLIESSLICH LAKTOSE), SCHWEFELDIOXIDE UND SULFITE",,0.89133,,,,,,,0.55116,9.89365,0.61835,PCK-00-151923-5,Main,
FE4046A - Creamy Pumpkin & Sage Risotto [PENDING CULINARY REVIEW],REC-014164-4-001,R,1,portions,Pumpkin - Roasted diced butternut,S,,50,grams,,SUB-014163-4-001,OVEN / BLAST CHILLER,,,,0.99701,,,,,,,0.11023,1.76899,0.11056,PCK-00-151923-5,Main,
FE4046A - Creamy Pumpkin & Sage Risotto [PENDING CULINARY REVIEW],REC-014164-4-001,R,1,portions,"FA-DE Pumpkin Seeds, Roasted Unsalted/Kürbiskerne, geröstet, ungesalzen",I,SPI-00-139164-5,12,grams,,,,,,,,,,,,,,0.02646,0.42329,0.02646,PCK-00-151923-5,Main,
FE4046A - Creamy Pumpkin & Sage Risotto [PENDING CULINARY REVIEW],REC-014164-4-001,R,1,portions,Green beans - Roasted Green Beans w/ Roasted Garlic - Less Oil,S,,110,grams,,SUB-013529-4-001,OVEN / BLAST CHILLER,,,,0.68735,,,,,,,0.24251,5.64508,0.35282,PCK-00-151923-5,Main,

FE4049A - Red chile pulled pork [PENDING CULINARY REVIEW],REC-014236-4-001,R,1,portions,Tamale Cake [PENDING CULINARY REVIEW],S,,75,grams,,SUB-013611-4-001,OVEN / BLAST CHILLER,"60g =  tamale cake
80g = pulled pork
180g = sauce + beans
10g = cheese
150g = mixed vegies
***PLATING INSTRUCTIONS***
(From the bottom to the top)

2 Compartment

MAIN COMPARTMENT
75g =  tamale cake
100g = pulled pork
100g = sauce + beans
10g = cheese

2ND COMPARTMENT
120g = mixed veggies

Total Net Weight: 405g",MILCH (EINSCHLIESSLICH LAKTOSE),,0.89842,1,SCOOP,beige,LEVEL,,,0.16535,2.94466,0.18404,PCK-00-151923-5,Main,
FE4049A - Red chile pulled pork [PENDING CULINARY REVIEW],REC-014236-4-001,R,1,portions,Shredded pork - Pulled Pork Base Recipe,S,,100,grams,,SUB-013730-4-001,HAND MIX / COLD SHREDDER,,,,0.98,,,,,,,0.22046,3.59939,0.22496,PCK-00-151923-5,Main,
FE4049A - Red chile pulled pork [PENDING CULINARY REVIEW],REC-014236-4-001,R,1,portions,Mixed beans and sauce - chili sauce and black beans [PENDING CULINARY REVIEW],S,,100,grams,,SUB-013776-4-001,HAND MIX / BLAST CHILLER,,SCHWEFELDIOXIDE UND SULFITE,,1,,,,,,,0.22046,3.5274,0.22046,PCK-00-151923-5,Main,
FE4049A - Red chile pulled pork [PENDING CULINARY REVIEW],REC-014236-4-001,R,1,portions,Crumbled Ricotta Salata [PENDING CULINARY REVIEW],S,,10,grams,,SUB-024414-4-001,PLANETARY MIXER,,,,0.95,,,,,,,0.02205,0.37131,0.02321,PCK-00-151923-5,Main,
FE4049A - Red chile pulled pork [PENDING CULINARY REVIEW],REC-014236-4-001,R,1,portions,Corn - Red Chili pulled Pork,S,,60,grams,,SUB-013700-4-001,OVEN / BLAST CHILLER,,,,0.73814,,,,,,,0.13228,2.86724,0.1792,PCK-00-151923-5,Main,
FE4049A - Red chile pulled pork [PENDING CULINARY REVIEW],REC-014236-4-001,R,1,portions,Courgette - Roasted Zucchini,S,,60,grams,,SUB-013371-4-001,OVEN / BLAST CHILLER,,SCHWEFELDIOXIDE UND SULFITE,,0.78114,,,,,,,0.13228,2.70941,0.16934,PCK-00-151923-5,Main,

FE4050A - Beef and Black bean bowl [PENDING CULINARY REVIEW],REC-014238-4-001,R,1,portions,Beef and Black Bean Enchilada Mix [PENDING CULINARY REVIEW],S,,195,grams,,SUB-014237-4-001,HAND MIX / BLAST CHILLER,"195g black beans and ground beef mix
5g green onion 
110g rice
120g corn
**PLATING INSTRUCTIONS**

2 COMPARTMENT BENTO

MAIN COMPARTMENT
Plate next to each other, not on top of each other: 
195g black bean and ground beef mix
110g rice
Top with 5g green onion 

SIDE COMP: 
120g corn and veg mix

NET WEIGHT: 430g",SCHWEFELDIOXIDE UND SULFITE,,1.03091,,,,,,,0.4299,6.6722,0.41701,PCK-00-151923-5,Main,
FE4050A - Beef and Black bean bowl [PENDING CULINARY REVIEW],REC-014238-4-001,R,1,portions,"FA-DE Onion, Green, Sliced 5mm /Zwiebel, grün, in Scheiben geschnitten, 5 mm",I,PHF-00-149803-3,5,grams,,,,,,,,,,,,,,0.01102,0.17637,0.01102,PCK-00-151923-5,Main,
FE4050A - Beef and Black bean bowl [PENDING CULINARY REVIEW],REC-014238-4-001,R,1,portions,Rice - Enchilada Bowl Rice,S,,110,grams,,SUB-013914-4-001,HAND MIX / BLAST CHILLER,,"SCHWEFELDIOXIDE UND SULFITE, SELLERIE",,0.91,,,,,,,0.24251,4.26389,0.26649,PCK-00-151923-5,Main,
FE4050A - Beef and Black bean bowl [PENDING CULINARY REVIEW],REC-014238-4-001,R,1,portions,Corn - Red Chili pulled Pork,S,,120,grams,,SUB-013700-4-001,OVEN / BLAST CHILLER,,,,0.73814,,,,,,,0.26455,5.73449,0.35841,PCK-00-151923-5,Main,

FE4051A - Tomato-mozzarella chicken [PENDING CULINARY REVIEW],REC-014242-4-001,R,1,portions,Courgette - Garlic Zucchini Noodles [PENDING CULINARY REVIEW],S,,100,grams,,SUB-013812-4-001,OVEN / BLAST CHILLER,"100g courgette 
1 ea chicken breast
50g sauce
30g cheese
110g green beans 
12h compound butter
**PLATING INSTRUCTIONS**

2 COMPARTMENT BENTO
(from bottom to top)

MAIN COMP: 
120g courgette
1 ea chicken breast
On top of chicken: 
50g sauce
30g cheese

SIDE COMP: 
90g green beans 
12g compound butter

Net weight: 402g
",,,0.67178,,,,,,,0.22046,5.25081,0.32818,PCK-00-151923-5,Main,
FE4051A - Tomato-mozzarella chicken [PENDING CULINARY REVIEW],REC-014242-4-001,R,1,portions,Chicken breast - Sun-Dried Tomato Chicken Batch - Grilled 160g,S,,1,each,,SUB-013572-4-001,MARINADE / GRILL / OVEN / BLAST CHILLER,,,,0.68509,,,,,,4.23288,0.26455,6.17859,0.38616,PCK-00-151923-5,Main,
FE4051A - Tomato-mozzarella chicken [PENDING CULINARY REVIEW],REC-014242-4-001,R,1,portions,Sauce - Spicy Tomato Sauce - keto,S,,50,grams,,SUB-014241-4-001,SPICE PORTIONING / IMMERSION BLENDER / BRAISER / BLAST CHILLER,,SCHWEFELDIOXIDE UND SULFITE,,0.91268,,,,,,,0.11023,1.93244,0.12078,PCK-00-151923-5,Main,
FE4051A - Tomato-mozzarella chicken [PENDING CULINARY REVIEW],REC-014242-4-001,R,1,portions,"FA-DE Cheese, Mozzarella, Shredded /Käse, Mozzarella, gerieben",I,DAI-00-139125-3,30,grams,,,,,MILCH (EINSCHLIESSLICH LAKTOSE),,,,,,,,,0.06614,1.05822,0.06614,PCK-00-151923-5,Main,
FE4051A - Tomato-mozzarella chicken [PENDING CULINARY REVIEW],REC-014242-4-001,R,1,portions,Green beans - w/ Italian Seasoning - Less Oil [PENDING CULINARY REVIEW],S,,90,grams,,SUB-014240-4-001,OVEN / BLAST CHILLER,,,,0.73897,,,,,,,0.19842,4.29604,0.2685,PCK-00-151923-5,2nd,
FE4051A - Tomato-mozzarella chicken [PENDING CULINARY REVIEW],REC-014242-4-001,R,1,portions,Compound butter - Parmesan-Chive,S,,12,grams,,SUB-013536-4-001,PLANETARY MIXER / SCOOPER (BUTTER) / BLAST CHILLER,,MILCH (EINSCHLIESSLICH LAKTOSE),,0.9055,,,,,,,0.02646,0.46746,0.02922,PCK-00-151923-5,2nd,

FV0002A - [BNL] Chicken and Mushrooms in Red Wine Sauce,REC-013937-4-004,R,1,portions,Mash -Roasted Garlic Cauliflower Mashed -Less Fat,S,,80,grams,,SUB-032780-4-001,DEBOX / SPICE PORTIONING / IMMERSION BLENDER,"***PRODUCTION PLATING***
(From the bottom to the top)

2 Compartment

MAIN COMPARTMENT
80g =Cauliflower mash 
1 EA (120g) Chicken 
28g = Mushrooms
43g = Marsala sauce ",MILCH (EINSCHLIESSLICH LAKTOSE),,0.97264,,,,,,,0.17637,2.9013,0.18133,PCK-00-151923-5,Main,
FV0002A - [BNL] Chicken and Mushrooms in Red Wine Sauce,REC-013937-4-004,R,1,portions,Chicken breast - Chicken & Mushroom Marsala Batch 160g,S,,1,each,,SUB-013936-4-001,MARINADE / GRILL / OVEN / BLAST CHILLER,,SCHWEFELDIOXIDE UND SULFITE,,0.70734,,,,,,4.23288,0.26455,5.98423,0.37401,PCK-00-151923-5,Main,
FV0002A - [BNL] Chicken and Mushrooms in Red Wine Sauce,REC-013937-4-004,R,1,portions,Marsala Mushrooms (thick sliced),S,,28,grams,,SUB-013675-4-001,SPICE PORTIONING / BRAISER / BLAST CHILLER,,SCHWEFELDIOXIDE UND SULFITE,,0.54557,,,,,,,0.06173,1.81035,0.11315,PCK-00-151923-5,Main,
FV0002A - [BNL] Chicken and Mushrooms in Red Wine Sauce,REC-013937-4-004,R,1,portions,Sauce - Marsala Sauce - REWORK,S,,43,grams,,SUB-013676-4-002,SPICE PORTIONING / BRAISER / BLAST CHILLER,,SCHWEFELDIOXIDE UND SULFITE,,0.67157,,,,,,,0.0948,2.25856,0.14116,PCK-00-151923-5,Main,
FV0002A - [BNL] Chicken and Mushrooms in Red Wine Sauce,REC-013937-4-004,R,1,portions,S&P Roasted Green Beans LESS FAT 1,S,,100,grams,,SUB-033143-4-001,OVEN / BLAST CHILLER,"2ND COMPARTMENT
100g = Haricot verts

NET WEIGHT: 371g",,,0.71473,,,,,,,0.22046,4.93526,0.30845,PCK-00-151923-5,2nd,

FV0002A - [DE] Chicken and Mushrooms in Red Wine Sauce,REC-013937-4-006,R,1,portions,Mash -Roasted Garlic Cauliflower Mashed -Less Fat,S,,80,grams,,SUB-032780-4-001,DEBOX / SPICE PORTIONING / IMMERSION BLENDER,"***PRODUCTION PLATING***
(From the bottom to the top)

2 Compartment

MAIN COMPARTMENT
80g =Cauliflower mash 
1 EA (120g) Chicken 
28g = Mushrooms
43g = Marsala sauce ",MILCH (EINSCHLIESSLICH LAKTOSE),,0.97264,,,,,,,0.17637,2.9013,0.18133,PCK-00-151923-5,Main,
FV0002A - [DE] Chicken and Mushrooms in Red Wine Sauce,REC-013937-4-006,R,1,portions,Chicken breast - Chicken & Mushroom Marsala Batch 160g,S,,1,each,,SUB-013936-4-001,MARINADE / GRILL / OVEN / BLAST CHILLER,,SCHWEFELDIOXIDE UND SULFITE,,0.70734,,,,,,4.23288,0.26455,5.98423,0.37401,PCK-00-151923-5,Main,
FV0002A - [DE] Chicken and Mushrooms in Red Wine Sauce,REC-013937-4-006,R,1,portions,Marsala Mushrooms (thick sliced),S,,28,grams,,SUB-013675-4-001,SPICE PORTIONING / BRAISER / BLAST CHILLER,,SCHWEFELDIOXIDE UND SULFITE,,0.54557,,,,,,,0.06173,1.81035,0.11315,PCK-00-151923-5,Main,
FV0002A - [DE] Chicken and Mushrooms in Red Wine Sauce,REC-013937-4-006,R,1,portions,Sauce - Marsala Sauce - REWORK,S,,43,grams,,SUB-013676-4-002,SPICE PORTIONING / BRAISER / BLAST CHILLER,,SCHWEFELDIOXIDE UND SULFITE,,0.67157,,,,,,,0.0948,2.25856,0.14116,PCK-00-151923-5,Main,
FV0002A - [DE] Chicken and Mushrooms in Red Wine Sauce,REC-013937-4-006,R,1,portions,S&P Roasted Green Beans LESS FAT 1,S,,100,grams,,SUB-033143-4-001,OVEN / BLAST CHILLER,"2ND COMPARTMENT
100g = Haricot verts

NET WEIGHT: 371g",,,0.71473,,,,,,,0.22046,4.93526,0.30845,PCK-00-151923-5,2nd,

FV0002A - [DSKE] Chicken and Mushrooms in Red Wine Sauce,REC-013937-4-005,R,1,portions,Mash -Roasted Garlic Cauliflower Mashed -Less Fat,S,,80,grams,,SUB-032780-4-001,DEBOX / SPICE PORTIONING / IMMERSION BLENDER,"***PRODUCTION PLATING***
(From the bottom to the top)

2 Compartment

MAIN COMPARTMENT
80g =Cauliflower mash 
1 EA (120g) Chicken 
28g = Mushrooms
43g = Marsala sauce ",MILCH (EINSCHLIESSLICH LAKTOSE),,0.97264,,,,,,,0.17637,2.9013,0.18133,PCK-00-151923-5,Main,
FV0002A - [DSKE] Chicken and Mushrooms in Red Wine Sauce,REC-013937-4-005,R,1,portions,Chicken breast - Chicken & Mushroom Marsala Batch 160g,S,,1,each,,SUB-013936-4-001,MARINADE / GRILL / OVEN / BLAST CHILLER,,SCHWEFELDIOXIDE UND SULFITE,,0.70734,,,,,,4.23288,0.26455,5.98423,0.37401,PCK-00-151923-5,Main,
FV0002A - [DSKE] Chicken and Mushrooms in Red Wine Sauce,REC-013937-4-005,R,1,portions,Marsala Mushrooms (thick sliced),S,,28,grams,,SUB-013675-4-001,SPICE PORTIONING / BRAISER / BLAST CHILLER,,SCHWEFELDIOXIDE UND SULFITE,,0.54557,,,,,,,0.06173,1.81035,0.11315,PCK-00-151923-5,Main,
FV0002A - [DSKE] Chicken and Mushrooms in Red Wine Sauce,REC-013937-4-005,R,1,portions,Sauce - Marsala Sauce - REWORK,S,,43,grams,,SUB-013676-4-002,SPICE PORTIONING / BRAISER / BLAST CHILLER,,SCHWEFELDIOXIDE UND SULFITE,,0.67157,,,,,,,0.0948,2.25856,0.14116,PCK-00-151923-5,Main,
FV0002A - [DSKE] Chicken and Mushrooms in Red Wine Sauce,REC-013937-4-005,R,1,portions,S&P Roasted Green Beans LESS FAT 1,S,,100,grams,,SUB-033143-4-001,OVEN / BLAST CHILLER,"2ND COMPARTMENT
100g = Haricot verts

NET WEIGHT: 371g",,,0.71473,,,,,,,0.22046,4.93526,0.30845,PCK-00-151923-5,2nd,

FV0024A - Chicken in tomato cream sauce [BNL],REC-013938-4-007,R,1,portions,Sauce-Sun Dried Tomato Sauce -Less Salt-Less Sat Fat,S,,140,grams,,SUB-032674-4-001,SPICE PORTIONING / IMMERSION BLENDER / BRAISER / BLAST CHILLER,"***PLATING INSTRUCTIONS***
(From the bottom to the top)

2 Compartment

MAIN COMPARTMENT
tomato cream sauce =  140g
chicken = 1 EA 160g raw, 120g cooked

","MILCH (EINSCHLIESSLICH LAKTOSE), SCHWEFELDIOXIDE UND SULFITE",,0.90287,,,,,,,0.30865,5.4696,0.34185,PCK-00-151923-5,Main,
FV0024A - Chicken in tomato cream sauce [BNL],REC-013938-4-007,R,1,portions,Chicken breast - Sun-Dried Tomato Chicken Batch - Grilled 160g,S,,1,each,,SUB-013572-4-001,MARINADE / GRILL / OVEN / BLAST CHILLER,,,,0.68509,1,HAND_PORTIONED,Hand Portioned,BY_TRAY,,4.23288,0.26455,6.17859,0.38616,PCK-00-151923-5,Main,
FV0024A - Chicken in tomato cream sauce [BNL],REC-013938-4-007,R,1,portions,Cooked Courgette Noodles - No Salt,S,,100,grams,,SUB-013573-4-001,HAND MARINADE / OVEN / BLAST CHILLER,"2ND COMPARTMENT
Zucchini noodles -  100g

NET WEIGHT: 360g",,,0.68363,1,SCOOP,grey,NATURAL,,,0.22046,5.15981,0.32249,PCK-00-151923-5,2nd,

FV0024A - Chicken in tomato cream sauce [DE],REC-013938-4-005,R,1,portions,Sauce - Sun-Dried Tomato Sauce - Less Salt,S,,140,grams,,SUB-013571-4-001,SPICE PORTIONING / IMMERSION BLENDER / BRAISER / BLAST CHILLER,"***PLATING INSTRUCTIONS***
(From the bottom to the top)

2 Compartment

MAIN COMPARTMENT
tomato cream sauce =  140g
chicken = 1 EA 160g raw, 120g cooked

","MILCH (EINSCHLIESSLICH LAKTOSE), SCHWEFELDIOXIDE UND SULFITE",,0.88017,1,SCOOP,white,LEVEL,,,0.30865,5.61072,0.35067,PCK-00-151923-5,Main,
FV0024A - Chicken in tomato cream sauce [DE],REC-013938-4-005,R,1,portions,Chicken breast - Sun-Dried Tomato Chicken Batch - Grilled 160g,S,,1,each,,SUB-013572-4-001,MARINADE / GRILL / OVEN / BLAST CHILLER,,,,0.68509,1,HAND_PORTIONED,Hand Portioned,,,4.23288,0.26455,6.17859,0.38616,PCK-00-151923-5,Main,
FV0024A - Chicken in tomato cream sauce [DE],REC-013938-4-005,R,1,portions,Cooked Courgette Noodles - No Salt,S,,100,grams,,SUB-013573-4-001,HAND MARINADE / OVEN / BLAST CHILLER,"2ND COMPARTMENT
Zucchini noodles -  100g

NET WEIGHT: 360g",,,0.68363,1,SCOOP,grey,NATURAL,,,0.22046,5.15981,0.32249,PCK-00-151923-5,2nd,

FV0024A - Chicken in tomato cream sauce [DKSE],REC-013938-4-006,R,1,portions,Sauce - Sun-Dried Tomato Sauce - Less Salt,S,,140,grams,,SUB-013571-4-001,SPICE PORTIONING / IMMERSION BLENDER / BRAISER / BLAST CHILLER,"***PLATING INSTRUCTIONS***
(From the bottom to the top)

2 Compartment

MAIN COMPARTMENT
tomato cream sauce =  140g
chicken = 1 EA 160g raw, 120g cooked

","MILCH (EINSCHLIESSLICH LAKTOSE), SCHWEFELDIOXIDE UND SULFITE",,0.88017,1,SCOOP,white,LEVEL,,,0.30865,5.61072,0.35067,PCK-00-151923-5,Main,
FV0024A - Chicken in tomato cream sauce [DKSE],REC-013938-4-006,R,1,portions,Chicken breast - Sun-Dried Tomato Chicken Batch - Grilled 160g,S,,1,each,,SUB-013572-4-001,MARINADE / GRILL / OVEN / BLAST CHILLER,,,,0.68509,1,HAND_PORTIONED,Hand Portioned,,,4.23288,0.26455,6.17859,0.38616,PCK-00-151923-5,Main,
FV0024A - Chicken in tomato cream sauce [DKSE],REC-013938-4-006,R,1,portions,Cooked Courgette Noodles - No Salt,S,,100,grams,,SUB-013573-4-001,HAND MARINADE / OVEN / BLAST CHILLER,"2ND COMPARTMENT
Zucchini noodles -  100g

NET WEIGHT: 360g",,,0.68363,1,SCOOP,grey,NATURAL,,,0.22046,5.15981,0.32249,PCK-00-151923-5,2nd,

FV0031A - [BNL] Creamy Tomato Risotto,REC-033250-4-001,R,1,portions,Tomato Risotto white wine,S,,250,grams,,SUB-033251-4-001,SPICE PORTIONING / BRAISER / BLAST CHILLER,"***PLATING INSTRUCTIONS***
(From the bottom to the top)

2 Compartment

MAIN COMPARTMENT
risotto - 250 g
roasted tomatoes - 35 g
toasted pine nuts - 12 g","MILCH (EINSCHLIESSLICH LAKTOSE), SCHWEFELDIOXIDE UND SULFITE, SELLERIE",,0.91389,,,,,,,0.55116,9.64942,0.60309,PCK-00-151923-5,Main,
FV0031A - [BNL] Creamy Tomato Risotto,REC-033250-4-001,R,1,portions,Tomatoes - S&P Roasted Cherry Tomatoes,S,,35,grams,,SUB-033254-4-001,UNCATEGORIZED BOM,,,,0.8916,,,,,,,0.07716,1.38468,0.08654,PCK-00-151923-5,Main,
FV0031A - [BNL] Creamy Tomato Risotto,REC-033250-4-001,R,1,portions,Pinenuts - roasted,S,,12,grams,,SUB-013663-4-001,HAND MARINADE / OVEN / BLAST CHILLER,,,,0.78751,,,,,,,0.02646,0.5375,0.03359,PCK-00-151923-5,Main,
FV0031A - [BNL] Creamy Tomato Risotto,REC-033250-4-001,R,1,portions,"Mixed veg - Roasted pepper, Courgette & Onion",S,,120,grams,,SUB-033256-4-001,OVEN / BLAST CHILLER,"2ND COMPARTMENT
zucchini & pepper - 120 g

NET WEIGHT = 417 g",,,0.74479,,,,,,,0.26455,5.6833,0.35521,PCK-00-151923-5,2nd,

FV0031A - [DE] Creamy Tomato Risotto,REC-033250-4-002,R,1,portions,Tomato Risotto white wine,S,,250,grams,,SUB-033251-4-001,SPICE PORTIONING / BRAISER / BLAST CHILLER,"***PLATING INSTRUCTIONS***
(From the bottom to the top)

2 Compartment

MAIN COMPARTMENT
risotto - 250 g
roasted tomatoes - 35 g
toasted pine nuts - 12 g","MILCH (EINSCHLIESSLICH LAKTOSE), SCHWEFELDIOXIDE UND SULFITE, SELLERIE",,0.91389,,,,,,,0.55116,9.64942,0.60309,PCK-00-151923-5,Main,
FV0031A - [DE] Creamy Tomato Risotto,REC-033250-4-002,R,1,portions,Tomatoes - S&P Roasted Cherry Tomatoes,S,,35,grams,,SUB-033254-4-001,UNCATEGORIZED BOM,,,,0.8916,,,,,,,0.07716,1.38468,0.08654,PCK-00-151923-5,Main,
FV0031A - [DE] Creamy Tomato Risotto,REC-033250-4-002,R,1,portions,Pinenuts - roasted,S,,12,grams,,SUB-013663-4-001,HAND MARINADE / OVEN / BLAST CHILLER,,,,0.78751,,,,,,,0.02646,0.5375,0.03359,PCK-00-151923-5,Main,
FV0031A - [DE] Creamy Tomato Risotto,REC-033250-4-002,R,1,portions,"Mixed veg - Roasted pepper, Courgette & Onion",S,,120,grams,,SUB-033256-4-001,OVEN / BLAST CHILLER,"2ND COMPARTMENT
zucchini & pepper - 120 g

NET WEIGHT = 417 g",,,0.74479,,,,,,,0.26455,5.6833,0.35521,PCK-00-151923-5,2nd,

FV0035A - Salmon with pesto [BNL],REC-013940-4-007,R,1,portions,Spinach - Creamed Spinach,S,,115,grams,,SUB-013867-4-001,HAND MIX / BLAST CHILLER,"***PLATING INSTRUCTIONS***
(From the bottom to the top)

2 Compartment

MAIN COMPARTMENT
115g = creamed spinach 
1 EA (119g cooked)  = salmon 
30g (black scoop) = pesto sauce

 

NET WEIGHT: 361g","MILCH (EINSCHLIESSLICH LAKTOSE), SCHWEFELDIOXIDE UND SULFITE",,0.84,1,SCOOP,grey,LEVEL,,,0.25353,4.82918,0.30182,PCK-00-151923-5,Main,
FV0035A - Salmon with pesto [BNL],REC-013940-4-007,R,1,portions,Salmon - garlic seasoning,S,,1,each,,SUB-013382-4-001,THAW / HAND MARINADE / OVEN / BLAST CHILLER,,FISCH,,0.81816,,,,,,4.05651,0.25353,4.95811,0.30988,PCK-00-151923-5,Main,
FV0035A - Salmon with pesto [BNL],REC-013940-4-007,R,1,portions,Sauce - Pesto,S,,30,grams,,SUB-013665-4-001,IMMERSION BLENDER / BLAST CHILLER,,"MANDELN, MILCH (EINSCHLIESSLICH LAKTOSE), SCHALENFRÜCHTE",,0.95726,1,SCOOP,black,LEVEL,,,0.06614,1.10547,0.06909,PCK-00-151923-5,Main,
FV0035A - Salmon with pesto [BNL],REC-013940-4-007,R,1,portions,S&P Roasted Green Beans 1,S,,90,grams,,SUB-014184-4-001,OVEN / BLAST CHILLER,"2ND COMPARTMENT
90g = green beans
1/2 scoop (14g) = Sun-dried butter ",,,0.62123,1,SCOOP,white,NATURAL,,,0.19842,5.11025,0.31939,PCK-00-151923-5,2nd,
FV0035A - Salmon with pesto [BNL],REC-013940-4-007,R,1,portions,Compound butter - Sun-Dried Tomato,S,,14,grams,,SUB-013608-4-001,PLANETARY MIXER / SCOOPER (BUTTER) / BLAST CHILLER,,MILCH (EINSCHLIESSLICH LAKTOSE),,1,1,HAND_PORTIONED,Hand Portioned,,,,0.03086,0.49384,0.03086,PCK-00-151923-5,2nd,

FV0035A - Salmon with pesto [DE],REC-013940-4-006,R,1,portions,Spinach - Creamed Spinach,S,,115,grams,,SUB-013867-4-001,HAND MIX / BLAST CHILLER,"***PLATING INSTRUCTIONS***
(From the bottom to the top)

2 Compartment

MAIN COMPARTMENT
115g = creamed spinach 
1 EA (119g cooked)  = salmon 
30g (black scoop) = pesto sauce

 

NET WEIGHT: 361g","MILCH (EINSCHLIESSLICH LAKTOSE), SCHWEFELDIOXIDE UND SULFITE",,0.84,1,SCOOP,grey,LEVEL,,,0.25353,4.82918,0.30182,PCK-00-151923-5,Main,
FV0035A - Salmon with pesto [DE],REC-013940-4-006,R,1,portions,Salmon - garlic seasoning,S,,1,each,,SUB-013382-4-001,THAW / HAND MARINADE / OVEN / BLAST CHILLER,,FISCH,,0.81816,1,HAND_PORTIONED,Hand Portioned,,,4.05651,0.25353,4.95811,0.30988,PCK-00-151923-5,Main,
FV0035A - Salmon with pesto [DE],REC-013940-4-006,R,1,portions,Sauce - Pesto,S,,30,grams,,SUB-013665-4-001,IMMERSION BLENDER / BLAST CHILLER,,"MANDELN, MILCH (EINSCHLIESSLICH LAKTOSE), SCHALENFRÜCHTE",,0.95726,1,SCOOP,black,LEVEL,,,0.06614,1.10547,0.06909,PCK-00-151923-5,Main,
FV0035A - Salmon with pesto [DE],REC-013940-4-006,R,1,portions,S&P Roasted Green Beans 1,S,,90,grams,,SUB-014184-4-001,OVEN / BLAST CHILLER,"2ND COMPARTMENT
90g = green beans
1/2 scoop (14g) = Sun-dried butter ",,,0.62123,1,SCOOP,white,NATURAL,,,0.19842,5.11025,0.31939,PCK-00-151923-5,2nd,
FV0035A - Salmon with pesto [DE],REC-013940-4-006,R,1,portions,Compound butter - Sun-Dried Tomato,S,,14,grams,,SUB-013608-4-001,PLANETARY MIXER / SCOOPER (BUTTER) / BLAST CHILLER,,MILCH (EINSCHLIESSLICH LAKTOSE),,1,1,HAND_PORTIONED,Hand Portioned,,,,0.03086,0.49384,0.03086,PCK-00-151923-5,2nd,

FV0035A - Salmon with pesto [DKSE],REC-013940-4-004,R,1,portions,Spinach - Creamed Spinach,S,,115,grams,,SUB-013867-4-001,HAND MIX / BLAST CHILLER,"***PLATING INSTRUCTIONS***
(From the bottom to the top)

2 Compartment

MAIN COMPARTMENT
115g = creamed spinach 
1 EA (119g cooked)  = salmon 
30g (black scoop) = pesto sauce

 

NET WEIGHT: 361g","MILCH (EINSCHLIESSLICH LAKTOSE), SCHWEFELDIOXIDE UND SULFITE",,0.84,1,SCOOP,grey,LEVEL,,,0.25353,4.82918,0.30182,PCK-00-151923-5,Main,
FV0035A - Salmon with pesto [DKSE],REC-013940-4-004,R,1,portions,Salmon - garlic seasoning,S,,1,each,,SUB-013382-4-001,THAW / HAND MARINADE / OVEN / BLAST CHILLER,,FISCH,,0.81816,,,,,,4.05651,0.25353,4.95811,0.30988,PCK-00-151923-5,Main,
FV0035A - Salmon with pesto [DKSE],REC-013940-4-004,R,1,portions,Sauce - Pesto,S,,30,grams,,SUB-013665-4-001,IMMERSION BLENDER / BLAST CHILLER,,"MANDELN, MILCH (EINSCHLIESSLICH LAKTOSE), SCHALENFRÜCHTE",,0.95726,1,SCOOP,black,LEVEL,,,0.06614,1.10547,0.06909,PCK-00-151923-5,Main,
FV0035A - Salmon with pesto [DKSE],REC-013940-4-004,R,1,portions,S&P Roasted Green Beans 1,S,,90,grams,,SUB-014184-4-001,OVEN / BLAST CHILLER,"2ND COMPARTMENT
90g = green beans
1/2 scoop (14g) = Sun-dried butter ",,,0.62123,1,SCOOP,white,NATURAL,,,0.19842,5.11025,0.31939,PCK-00-151923-5,2nd,
FV0035A - Salmon with pesto [DKSE],REC-013940-4-004,R,1,portions,Compound butter - Sun-Dried Tomato,S,,14,grams,,SUB-013608-4-001,PLANETARY MIXER / SCOOPER (BUTTER) / BLAST CHILLER,,MILCH (EINSCHLIESSLICH LAKTOSE),,1,1,HAND_PORTIONED,Hand Portioned,,,,0.03086,0.49384,0.03086,PCK-00-151923-5,2nd,

FV0047A -Beef & pepper casserole [BNL],REC-014153-4-008,R,1,portions,Rice - Stuffed Pepper Casserole Cheesy Rice,S,,115,grams,,SUB-014149-4-001,HAND MIX / BLAST CHILLER,"115g rice mix
155g casserole base
50g peppers
10g cheddar
110g green beans 
***PLATING
INSTRUCTIONS***
(From the bottom to the top)

2 Compartment
MAIN COMPARTMENT
115g rice mix
155g casserole base
50g peppers
10g cheddar",MILCH (EINSCHLIESSLICH LAKTOSE),,0.99802,1,SCOOP,grey,LEVEL,,,0.25353,4.06457,0.25404,PCK-00-151923-5,Main,
FV0047A -Beef & pepper casserole [BNL],REC-014153-4-008,R,1,portions,Stuffed Pepper Casserole Base-V2,S,,155,grams,,SUB-014150-4-001,BRAISER / BLAST CHILLER,,SCHWEFELDIOXIDE UND SULFITE,,0.94003,"1
1","SCOOP
SCOOP","red
grey","LEVEL
LEVEL",,,0.34172,5.81627,0.36352,PCK-00-151923-5,Main,
FV0047A -Beef & pepper casserole [BNL],REC-014153-4-008,R,1,portions,Stuffed Pepper Casserole Peppers,S,,50,grams,,SUB-014151-4-001,OVEN / BLAST CHILLER,,,,0.71536,1,SCOOP,red,LEVEL,,,0.11023,2.46548,0.15409,PCK-00-151923-5,Main,
FV0047A -Beef & pepper casserole [BNL],REC-014153-4-008,R,1,portions,"FA-DE Cheese, White Cheddar, Shredded /Käse, weißer Cheddar, gerieben",I,DAI-00-139135-3,10,grams,,,,,MILCH (EINSCHLIESSLICH LAKTOSE),,,10,HAND_PORTIONED,Hand Portioned,BY_CAMBRO,,,0.02205,0.35274,0.02205,PCK-00-151923-5,Main,
FV0047A -Beef & pepper casserole [BNL],REC-014153-4-008,R,1,portions,Green beans - Stuffed Pepper Casserole Green Beans,S,,110,grams,,SUB-014152-4-001,OVEN / BLAST CHILLER,"2ND COMPARTMENT
110g green beans 

NET WEIGHT: 440g",,,0.65275,"1
1","SCOOP
SCOOP","black
white","LEVEL
LEVEL",,,0.24251,5.94432,0.37152,PCK-00-151923-5,2nd,

FV0047A -Beef & pepper casserole [DE},REC-014153-4-007,R,1,portions,Rice - Stuffed Pepper Casserole Cheesy Rice,S,,120,grams,,SUB-014149-4-001,HAND MIX / BLAST CHILLER,"115g rice mix
155g casserole base
50g peppers
10g cheddar
110g green beans 
***PLATING
INSTRUCTIONS***
(From the bottom to the top)

2 Compartment
MAIN COMPARTMENT
115g rice mix
155g casserole base
50g peppers
10g cheddar",MILCH (EINSCHLIESSLICH LAKTOSE),,0.99802,1,SCOOP,grey,LEVEL,,,0.26455,4.24129,0.26508,PCK-00-151923-5,Main,
FV0047A -Beef & pepper casserole [DE},REC-014153-4-007,R,1,portions,Stuffed Pepper Casserole Base-V2,S,,155,grams,,SUB-014150-4-001,BRAISER / BLAST CHILLER,,SCHWEFELDIOXIDE UND SULFITE,,0.94003,"1
1","SCOOP
SCOOP","red
grey","LEVEL
LEVEL",,,0.34172,5.81627,0.36352,PCK-00-151923-5,Main,
FV0047A -Beef & pepper casserole [DE},REC-014153-4-007,R,1,portions,Stuffed Pepper Casserole Peppers,S,,50,grams,,SUB-014151-4-001,OVEN / BLAST CHILLER,,,,0.71536,1,SCOOP,red,LEVEL,,,0.11023,2.46548,0.15409,PCK-00-151923-5,Main,
FV0047A -Beef & pepper casserole [DE},REC-014153-4-007,R,1,portions,"FA-DE Cheese, White Cheddar, Shredded /Käse, weißer Cheddar, gerieben",I,DAI-00-139135-3,10,grams,,,,,MILCH (EINSCHLIESSLICH LAKTOSE),,,10,HAND_PORTIONED,Hand Portioned,BY_CAMBRO,,,0.02205,0.35274,0.02205,PCK-00-151923-5,Main,
FV0047A -Beef & pepper casserole [DE},REC-014153-4-007,R,1,portions,Green beans - Stuffed Pepper Casserole Green Beans,S,,110,grams,,SUB-014152-4-001,OVEN / BLAST CHILLER,"2ND COMPARTMENT
110g green beans 

NET WEIGHT: 440g",,,0.65275,"1
1","SCOOP
SCOOP","black
white","LEVEL
LEVEL",,,0.24251,5.94432,0.37152,PCK-00-151923-5,2nd,

FV0047A -Beef & pepper casserole [DK/SE],REC-014153-4-009,R,1,portions,Rice - Stuffed Pepper Casserole Cheesy Rice,S,,120,grams,,SUB-014149-4-001,HAND MIX / BLAST CHILLER,"115g rice mix
155g casserole base
50g peppers
10g cheddar
110g green beans 
***PLATING
INSTRUCTIONS***
(From the bottom to the top)

2 Compartment
MAIN COMPARTMENT
120g rice mix
155g casserole base
50g peppers
10g cheddar",MILCH (EINSCHLIESSLICH LAKTOSE),,0.99802,1,SCOOP,grey,LEVEL,,,0.26455,4.24129,0.26508,PCK-00-151923-5,Main,
FV0047A -Beef & pepper casserole [DK/SE],REC-014153-4-009,R,1,portions,Stuffed Pepper Casserole Base-V2,S,,155,grams,,SUB-014150-4-001,BRAISER / BLAST CHILLER,,SCHWEFELDIOXIDE UND SULFITE,,0.94003,"1
1","SCOOP
SCOOP","red
grey","LEVEL
LEVEL",,,0.34172,5.81627,0.36352,PCK-00-151923-5,Main,
FV0047A -Beef & pepper casserole [DK/SE],REC-014153-4-009,R,1,portions,Stuffed Pepper Casserole Peppers,S,,50,grams,,SUB-014151-4-001,OVEN / BLAST CHILLER,,,,0.71536,1,SCOOP,red,LEVEL,,,0.11023,2.46548,0.15409,PCK-00-151923-5,Main,
FV0047A -Beef & pepper casserole [DK/SE],REC-014153-4-009,R,1,portions,"FA-DE Cheese, White Cheddar, Shredded /Käse, weißer Cheddar, gerieben",I,DAI-00-139135-3,10,grams,,,,,MILCH (EINSCHLIESSLICH LAKTOSE),,,10,HAND_PORTIONED,Hand Portioned,BY_CAMBRO,,,0.02205,0.35274,0.02205,PCK-00-151923-5,Main,
FV0047A -Beef & pepper casserole [DK/SE],REC-014153-4-009,R,1,portions,Green beans - Stuffed Pepper Casserole Green Beans,S,,110,grams,,SUB-014152-4-001,OVEN / BLAST CHILLER,"2ND COMPARTMENT
110g green beans 

NET WEIGHT: 440g",,,0.65275,"1
1","SCOOP
SCOOP","black
white","LEVEL
LEVEL",,,0.24251,5.94432,0.37152,PCK-00-151923-5,2nd,

FV0076A - Pulled Pork in Spicy Citrus Marinade [BNL],REC-013819-4-003,R,1,portions,Cooked Wild Rice Blend w/ Roasted Chicken Base & Cilantro,S,,75,grams,,SUB-013761-4-001,OVEN / BLAST CHILLER,"***PLATING INSTRUCTIONS***
(From the bottom to the top)

2 Compartment

MAIN COMPARTMENT
Wild Rice Blend - 75g
Stewed Black Beans - 50g
Shredded Pork  - 80g
Citrus Mojo Sauce
Green Onion Garnish - 8 g",,,0.99709,1,SCOOP,green,LEVEL,,,0.16535,2.65328,0.16583,PCK-00-151923-5,Main,
FV0076A - Pulled Pork in Spicy Citrus Marinade [BNL],REC-013819-4-003,R,1,portions,Black beans - Stewed Black Beans & Peppers,S,,50,grams,,SUB-013443-4-001,SPICE PORTIONING / BRAISER / BLAST CHILLER,,SCHWEFELDIOXIDE UND SULFITE,,0.84485,1,SCOOP,red,LEVEL,,,0.11023,2.08758,0.13047,PCK-00-151923-5,Main,
FV0076A - Pulled Pork in Spicy Citrus Marinade [BNL],REC-013819-4-003,R,1,portions,"FA-DE Pork, Pulled, Sous Vide/Schweinefleisch, Pulled, Sous Vide",I,PTN-00-139311-3,80,grams,,,,,,,,1,SCOOP,green,LEVEL,,,0.17637,2.82192,0.17637,PCK-00-151923-5,Main,
FV0076A - Pulled Pork in Spicy Citrus Marinade [BNL],REC-013819-4-003,R,1,portions,Sauce - Mojo Sauce,S,,38,grams,,SUB-013785-4-001,IMMERSION BLENDER / BLAST CHILLER,,SCHWEFELDIOXIDE UND SULFITE,,0.85605,1,SCOOP,grey,LEVEL,,,0.08378,1.56582,0.09786,PCK-00-151923-5,Main,
FV0076A - Pulled Pork in Spicy Citrus Marinade [BNL],REC-013819-4-003,R,1,portions,Roasted Green Onions,S,,8,grams,,SUB-023370-4-001,OVEN / BLAST CHILLER,,,,0.502,8,HAND_PORTIONED,Hand Portioned,BY_CAMBRO,,,0.01764,0.56214,0.03513,PCK-00-151923-5,Main,
FV0076A - Pulled Pork in Spicy Citrus Marinade [BNL],REC-013819-4-003,R,1,portions,Smoky Cauliflower Florets,S,,125,grams,,SUB-013818-4-001,OVEN / BLAST CHILLER,"2ND COMPARTMENT
Cauliflower Florets - 125g

NET WEIGHT: 376 g",,,0.7418,1,SCOOP,grey,LEVEL,,,0.27558,5.94395,0.3715,PCK-00-151923-5,2nd,

FV0076A - Pulled Pork in Spicy Citrus Marinade [DE],REC-013819-4-002,R,1,portions,Cooked Wild Rice Blend w/ Roasted Chicken Base & Cilantro,S,,75,grams,,SUB-013761-4-001,OVEN / BLAST CHILLER,"***PLATING INSTRUCTIONS***
(From the bottom to the top)

2 Compartment

MAIN COMPARTMENT
Wild Rice Blend - 75g
Stewed Black Beans - 50g
Shredded Pork  - 80g
Citrus Mojo Sauce
Green Onion Garnish - 8 g",,,0.99709,1,SCOOP,green,LEVEL,,,0.16535,2.65328,0.16583,PCK-00-151923-5,Main,
FV0076A - Pulled Pork in Spicy Citrus Marinade [DE],REC-013819-4-002,R,1,portions,Black beans - Stewed Black Beans & Peppers,S,,50,grams,,SUB-013443-4-001,SPICE PORTIONING / BRAISER / BLAST CHILLER,,SCHWEFELDIOXIDE UND SULFITE,,0.84485,1,SCOOP,red,LEVEL,,,0.11023,2.08758,0.13047,PCK-00-151923-5,Main,
FV0076A - Pulled Pork in Spicy Citrus Marinade [DE],REC-013819-4-002,R,1,portions,"FA-DE Pork, Pulled, Sous Vide/Schweinefleisch, Pulled, Sous Vide",I,PTN-00-139311-3,80,grams,,,,,,,,1,SCOOP,green,LEVEL,,,0.17637,2.82192,0.17637,PCK-00-151923-5,Main,
FV0076A - Pulled Pork in Spicy Citrus Marinade [DE],REC-013819-4-002,R,1,portions,Sauce - Mojo Sauce,S,,38,grams,,SUB-013785-4-001,IMMERSION BLENDER / BLAST CHILLER,,SCHWEFELDIOXIDE UND SULFITE,,0.85605,1,SCOOP,grey,LEVEL,,,0.08378,1.56582,0.09786,PCK-00-151923-5,Main,
FV0076A - Pulled Pork in Spicy Citrus Marinade [DE],REC-013819-4-002,R,1,portions,Roasted Green Onions,S,,8,grams,,SUB-023370-4-001,OVEN / BLAST CHILLER,,,,0.502,8,HAND_PORTIONED,Hand Portioned,BY_CAMBRO,,,0.01764,0.56214,0.03513,PCK-00-151923-5,Main,
FV0076A - Pulled Pork in Spicy Citrus Marinade [DE],REC-013819-4-002,R,1,portions,Smoky Cauliflower Florets,S,,125,grams,,SUB-013818-4-001,OVEN / BLAST CHILLER,"2ND COMPARTMENT
Cauliflower Florets - 125g

NET WEIGHT: 376 g",,,0.7418,1,SCOOP,grey,LEVEL,,,0.27558,5.94395,0.3715,PCK-00-151923-5,2nd,

FV0076A - Pulled Pork in Spicy Citrus Marinade [DK/SE],REC-013819-4-001,R,1,portions,Cooked Wild Rice Blend w/ Roasted Chicken Base & Cilantro,S,,75,grams,,SUB-013761-4-001,OVEN / BLAST CHILLER,"***PLATING INSTRUCTIONS***
(From the bottom to the top)

2 Compartment

MAIN COMPARTMENT
Wild Rice Blend - 75g
Stewed Black Beans - 50g
Shredded Pork  - 80g
Citrus Mojo Sauce
Green Onion Garnish - 8 g",,,0.99709,1,SCOOP,green,LEVEL,,,0.16535,2.65328,0.16583,PCK-00-151923-5,Main,
FV0076A - Pulled Pork in Spicy Citrus Marinade [DK/SE],REC-013819-4-001,R,1,portions,Black beans - Stewed Black Beans & Peppers,S,,50,grams,,SUB-013443-4-001,SPICE PORTIONING / BRAISER / BLAST CHILLER,,SCHWEFELDIOXIDE UND SULFITE,,0.84485,1,SCOOP,red,LEVEL,,,0.11023,2.08758,0.13047,PCK-00-151923-5,Main,
FV0076A - Pulled Pork in Spicy Citrus Marinade [DK/SE],REC-013819-4-001,R,1,portions,"FA-DE Pork, Pulled, Sous Vide/Schweinefleisch, Pulled, Sous Vide",I,PTN-00-139311-3,80,grams,,,,,,,,1,SCOOP,green,LEVEL,,,0.17637,2.82192,0.17637,PCK-00-151923-5,Main,
FV0076A - Pulled Pork in Spicy Citrus Marinade [DK/SE],REC-013819-4-001,R,1,portions,Sauce - Mojo Sauce,S,,38,grams,,SUB-013785-4-001,IMMERSION BLENDER / BLAST CHILLER,,SCHWEFELDIOXIDE UND SULFITE,,0.85605,1,SCOOP,grey,LEVEL,,,0.08378,1.56582,0.09786,PCK-00-151923-5,Main,
FV0076A - Pulled Pork in Spicy Citrus Marinade [DK/SE],REC-013819-4-001,R,1,portions,Roasted Green Onions,S,,8,grams,,SUB-023370-4-001,OVEN / BLAST CHILLER,,,,0.502,8,HAND_PORTIONED,Hand Portioned,BY_CAMBRO,,,0.01764,0.56214,0.03513,PCK-00-151923-5,Main,
FV0076A - Pulled Pork in Spicy Citrus Marinade [DK/SE],REC-013819-4-001,R,1,portions,Smoky Cauliflower Florets,S,,125,grams,,SUB-013818-4-001,OVEN / BLAST CHILLER,"2ND COMPARTMENT
Cauliflower Florets - 125g

NET WEIGHT: 376 g",,,0.7418,1,SCOOP,grey,LEVEL,,,0.27558,5.94395,0.3715,PCK-00-151923-5,2nd,

FV0090A - Ratatouille of zucchini and pepper [BNL],REC-013827-4-002,R,1,portions,Mixed veg - Ratatouille Vegetable Batch,S,,255,grams,,SUB-013764-4-001,SPICE PORTIONING / BRAISER / BLAST CHILLER,"***PLATING INSTRUCTIONS***
(From the bottom to the top)

2 Compartment

MAIN COMPARTMENT
ratatouille 255g

2ND COMPARTMENT
Polenta - 140g

3RD COMPARTMENT
sunflower seed crunch 10g

NET WEIGHT: 405g",SCHWEFELDIOXIDE UND SULFITE,,0.8975,2,SCOOP,grey,LEVEL,,,0.56218,10.02209,0.62638,PCK-00-151924-5,Main,
FV0090A - Ratatouille of zucchini and pepper [BNL],REC-013827-4-002,R,1,portions,Polenta less fat - Vegetarian,S,,140,grams,,SUB-031689-4-002,SPICE PORTIONING / BRAISER / BLAST CHILLER,,MILCH (EINSCHLIESSLICH LAKTOSE),,0.7576,,,,,,,0.30865,6.51845,0.4074,PCK-00-151924-5,2nd,
FV0090A - Ratatouille of zucchini and pepper [BNL],REC-013827-4-002,R,1,portions,Sunflower seeds - Vegetable Ratatouille Toasted Seed Garnish,S,,10,grams,,SUB-013826-4-001,HAND MARINADE / OVEN / BLAST CHILLER,,,,0.91945,,,,,,,0.02205,0.38364,0.02398,PCK-00-151924-5,3rd,

FV0090A - Ratatouille of zucchini and pepper [DE],REC-013827-4-004,R,1,portions,Mixed veg - Ratatouille Vegetable Batch,S,,255,grams,,SUB-013764-4-001,SPICE PORTIONING / BRAISER / BLAST CHILLER,"***PLATING INSTRUCTIONS***
(From the bottom to the top)

2 Compartment

MAIN COMPARTMENT
ratatouille 255g

2ND COMPARTMENT
Polenta - 140g


3RD COMPARTMENT
sunflower seed crunch 10g

NET WEIGHT: 405g",SCHWEFELDIOXIDE UND SULFITE,,0.8975,2,SCOOP,grey,LEVEL,,,0.56218,10.02209,0.62638,PCK-00-151924-5,Main,
FV0090A - Ratatouille of zucchini and pepper [DE],REC-013827-4-004,R,1,portions,Polenta less fat - Vegetarian,S,,140,grams,,SUB-031689-4-002,SPICE PORTIONING / BRAISER / BLAST CHILLER,,MILCH (EINSCHLIESSLICH LAKTOSE),,0.7576,,,,,,,0.30865,6.51845,0.4074,PCK-00-151924-5,2nd,
FV0090A - Ratatouille of zucchini and pepper [DE],REC-013827-4-004,R,1,portions,Sunflower seeds - Vegetable Ratatouille Toasted Seed Garnish,S,,10,grams,,SUB-013826-4-001,HAND MARINADE / OVEN / BLAST CHILLER,,,,0.91945,,,,,,,0.02205,0.38364,0.02398,PCK-00-151924-5,3rd,

FV0090A - Ratatouille of zucchini and pepper [DKSE],REC-013827-4-003,R,1,portions,Mixed veg - Ratatouille Vegetable Batch,S,,255,grams,,SUB-013764-4-001,SPICE PORTIONING / BRAISER / BLAST CHILLER,"***PLATING INSTRUCTIONS***
(From the bottom to the top)

2 Compartment

MAIN COMPARTMENT
ratatouille 255g


2ND COMPARTMENT
Polenta - 140g

3RD COMPARTMENT

sunflower seed crunch 10g

NET WEIGHT: 405g",SCHWEFELDIOXIDE UND SULFITE,,0.8975,2,SCOOP,grey,LEVEL,,,0.56218,10.02209,0.62638,PCK-00-151924-5,Main,
FV0090A - Ratatouille of zucchini and pepper [DKSE],REC-013827-4-003,R,1,portions,Polenta less fat - Vegetarian,S,,140,grams,,SUB-031689-4-002,SPICE PORTIONING / BRAISER / BLAST CHILLER,,MILCH (EINSCHLIESSLICH LAKTOSE),,0.7576,,,,,,,0.30865,6.51845,0.4074,PCK-00-151924-5,2nd,
FV0090A - Ratatouille of zucchini and pepper [DKSE],REC-013827-4-003,R,1,portions,Sunflower seeds - Vegetable Ratatouille Toasted Seed Garnish,S,,10,grams,,SUB-013826-4-001,HAND MARINADE / OVEN / BLAST CHILLER,,,,0.91945,,,,,,,0.02205,0.38364,0.02398,PCK-00-151924-5,3rd,

FV0121A - Mexican style corn cake,REC-013907-4-002,R,1,portions,Tamale Cake [PENDING CULINARY REVIEW],S,,90,grams,,SUB-013611-4-001,OVEN / BLAST CHILLER,"***PLATING INSTRUCTIONS***
(From the bottom to the top)

2 Compartment

MAIN COMPARTMENT
90g =  tamale cake(smash down to form even layer)
170g = bean mixture
7g = ricotta salata

2ND COMPARTMENT
30g = jalapeno crema on bottom of small compartment. 
90g = sweet potatoes

Total Net Weight: 387g",MILCH (EINSCHLIESSLICH LAKTOSE),,0.89842,,,,,,,0.19842,3.53359,0.22085,PCK-00-151924-5,Main,
FV0121A - Mexican style corn cake,REC-013907-4-002,R,1,portions,Mixed beans - Mexican Vegetarian Bean Mix- Low Sodium,S,,170,grams,,SUB-013617-4-001,SPICE PORTIONING / BRAISER / BLAST CHILLER,,SCHWEFELDIOXIDE UND SULFITE,,0.95386,,,,,,,0.37479,6.28662,0.39291,PCK-00-151924-5,Main,
FV0121A - Mexican style corn cake,REC-013907-4-002,R,1,portions,Crumbled Ricotta Salata [PENDING CULINARY REVIEW],S,,7,grams,,SUB-024414-4-001,PLANETARY MIXER,,,,0.95,,,,,,,0.01543,0.25991,0.01624,PCK-00-151924-5,Main,
FV0121A - Mexican style corn cake,REC-013907-4-002,R,1,portions,Sweet potatoes - Mexican Spiced Sweet Potatoes [PENDING CULINARY REVIEW],S,,90,grams,,SUB-013710-4-001,OVEN / BLAST CHILLER,,,,0.75884,,,,,,,0.19842,4.18357,0.26147,PCK-00-151924-5,2nd,
FV0121A - Mexican style corn cake,REC-013907-4-002,R,1,portions,Sauce - Pickled Jalapeno Crema,S,,30,grams,,SUB-013709-4-001,IMMERSION BLENDER / CUPPING,,MILCH (EINSCHLIESSLICH LAKTOSE),,0.99649,1,CUP,Cup,,,,0.06614,1.06195,0.06637,PCK-00-151924-5,3rd,

FV0123A - [BNL] - Chicken Alfredo,REC-014301-4-010,R,1,portions,Sauce - Alfredo Sauce,S,,80,grams,,SUB-013542-4-001,SPICE PORTIONING / IMMERSION BLENDER / BRAISER / BLAST CHILLER,"80g Alfredo sauce
120g chicken breast 
60g roasted tomatoes

120 g broccoli
10 g butter
***PLATING INSTRUCTIONS***
(From the bottom to the top)

2 Compartment

MAIN COMPARTMENT
60g Alfredo sauce
120g chicken breast 
60g roasted tomatoes


Net Weight = 374g","MANDELN, MILCH (EINSCHLIESSLICH LAKTOSE), SCHALENFRÜCHTE, SCHWEFELDIOXIDE UND SULFITE",,0.89347,,,,,,,0.17637,3.1584,0.1974,PCK-00-151923-5,Main,
FV0123A - [BNL] - Chicken Alfredo,REC-014301-4-010,R,1,portions,Chicken breast - Herb Grilled Chicken Breast,S,,1,each,,SUB-013545-4-001,MARINADE / GRILL / OVEN / BLAST CHILLER,,,,0.62422,,,,,,4.23288,0.26455,6.78107,0.42382,PCK-00-151923-5,Main,
FV0123A - [BNL] - Chicken Alfredo,REC-014301-4-010,R,1,portions,Tomatoes - Roasted Tomatoes w/ Basil,S,,60,grams,,SUB-013543-4-001,OVEN / BLAST CHILLER,,SCHWEFELDIOXIDE UND SULFITE,,0.8469,,,,,,,0.13228,2.49903,0.15619,PCK-00-151923-5,Main,
FV0123A - [BNL] - Chicken Alfredo,REC-014301-4-010,R,1,portions,Broccoli - Onion Powder Broccoli FLORETS - More Salt,S,,120,grams,,SUB-013597-4-001,OVEN / BLAST CHILLER,"2ND COMPARTMENT
120g broccoli
10g butter
",,,0.75895,,,,,,,0.26455,5.57726,0.34858,PCK-00-151923-5,2nd,
FV0123A - [BNL] - Chicken Alfredo,REC-014301-4-010,R,1,portions,Compound butter - Sun-Dried Tomato,S,,10,grams,,SUB-013608-4-001,PLANETARY MIXER / SCOOPER (BUTTER) / BLAST CHILLER,,MILCH (EINSCHLIESSLICH LAKTOSE),,1,,,,,,,0.02205,0.35274,0.02205,PCK-00-151923-5,2nd,

FV0123A - [DE] - Chicken Alfredo,REC-014301-4-009,R,1,portions,Sauce - Alfredo Sauce,S,,80,grams,,SUB-013542-4-001,SPICE PORTIONING / IMMERSION BLENDER / BRAISER / BLAST CHILLER,"80g Alfredo sauce
120g chicken breast 
60g roasted tomatoes

120 g broccoli
10 g butter
***PLATING INSTRUCTIONS***
(From the bottom to the top)

2 Compartment

MAIN COMPARTMENT
60g Alfredo sauce
120g chicken breast 
60g roasted tomatoes


Net Weight = 374g","MANDELN, MILCH (EINSCHLIESSLICH LAKTOSE), SCHALENFRÜCHTE, SCHWEFELDIOXIDE UND SULFITE",,0.89347,,,,,,,0.17637,3.1584,0.1974,PCK-00-151923-5,Main,
FV0123A - [DE] - Chicken Alfredo,REC-014301-4-009,R,1,portions,Chicken breast - Herb Grilled Chicken Breast,S,,1,each,,SUB-013545-4-001,MARINADE / GRILL / OVEN / BLAST CHILLER,,,,0.62422,,,,,,4.23288,0.26455,6.78107,0.42382,PCK-00-151923-5,Main,
FV0123A - [DE] - Chicken Alfredo,REC-014301-4-009,R,1,portions,Tomatoes - Roasted Tomatoes w/ Basil,S,,60,grams,,SUB-013543-4-001,OVEN / BLAST CHILLER,,SCHWEFELDIOXIDE UND SULFITE,,0.8469,,,,,,,0.13228,2.49903,0.15619,PCK-00-151923-5,Main,
FV0123A - [DE] - Chicken Alfredo,REC-014301-4-009,R,1,portions,Broccoli - Onion Powder Broccoli FLORETS - More Salt,S,,120,grams,,SUB-013597-4-001,OVEN / BLAST CHILLER,"2ND COMPARTMENT
120g broccoli
10g butter
",,,0.75895,,,,,,,0.26455,5.57726,0.34858,PCK-00-151923-5,2nd,
FV0123A - [DE] - Chicken Alfredo,REC-014301-4-009,R,1,portions,Compound butter - Sun-Dried Tomato,S,,10,grams,,SUB-013608-4-001,PLANETARY MIXER / SCOOPER (BUTTER) / BLAST CHILLER,,MILCH (EINSCHLIESSLICH LAKTOSE),,1,,,,,,,0.02205,0.35274,0.02205,PCK-00-151923-5,2nd,

FV0123A - [DK/SE] - Chicken Alfredo,REC-014301-4-008,R,1,portions,Sauce - Alfredo Sauce,S,,80,grams,,SUB-013542-4-001,SPICE PORTIONING / IMMERSION BLENDER / BRAISER / BLAST CHILLER,"80g Alfredo sauce
120g chicken breast 
60g roasted tomatoes

120 g broccoli
10 g butter
***PLATING INSTRUCTIONS***
(From the bottom to the top)

2 Compartment

MAIN COMPARTMENT
60g Alfredo sauce
120g chicken breast 
60g roasted tomatoes


Net Weight = 374g","MANDELN, MILCH (EINSCHLIESSLICH LAKTOSE), SCHALENFRÜCHTE, SCHWEFELDIOXIDE UND SULFITE",,0.89347,,,,,,,0.17637,3.1584,0.1974,PCK-00-151923-5,Main,
FV0123A - [DK/SE] - Chicken Alfredo,REC-014301-4-008,R,1,portions,Chicken breast - Herb Grilled Chicken Breast,S,,1,each,,SUB-013545-4-001,MARINADE / GRILL / OVEN / BLAST CHILLER,,,,0.62422,,,,,,4.23288,0.26455,6.78107,0.42382,PCK-00-151923-5,Main,
FV0123A - [DK/SE] - Chicken Alfredo,REC-014301-4-008,R,1,portions,Tomatoes - Roasted Tomatoes w/ Basil,S,,60,grams,,SUB-013543-4-001,OVEN / BLAST CHILLER,,SCHWEFELDIOXIDE UND SULFITE,,0.8469,,,,,,,0.13228,2.49903,0.15619,PCK-00-151923-5,Main,
FV0123A - [DK/SE] - Chicken Alfredo,REC-014301-4-008,R,1,portions,Broccoli - Onion Powder Broccoli FLORETS - More Salt,S,,120,grams,,SUB-013597-4-001,OVEN / BLAST CHILLER,"2ND COMPARTMENT
120g broccoli
10g butter
",,,0.75895,,,,,,,0.26455,5.57726,0.34858,PCK-00-151923-5,2nd,
FV0123A - [DK/SE] - Chicken Alfredo,REC-014301-4-008,R,1,portions,Compound butter - Sun-Dried Tomato,S,,10,grams,,SUB-013608-4-001,PLANETARY MIXER / SCOOPER (BUTTER) / BLAST CHILLER,,MILCH (EINSCHLIESSLICH LAKTOSE),,1,,,,,,,0.02205,0.35274,0.02205,PCK-00-151923-5,2nd,

FV0130A - Pulled Chicken Burrito Bowl - [BNL],REC-014049-4-006,R,1,portions,Rice - Shredded Chicken Taco Bowl Rice & Beans - Parboiled Rice,S,,100,grams,,SUB-013698-4-001,HAND MIX / BLAST CHILLER,"***PLATING INSTRUCTIONS***
(From the bottom to the top)

3 Compartment

MAIN COMPARTMENT
rice & beans - 100g
roasted peppers - 45g
shredded chicken - 100g cooked
cheese - 15g 
Roasted green onions - 5g
",,,0.90386,1,SCOOP,grey,LEVEL,,,0.22046,3.90261,0.24391,PCK-00-151924-5,Main,
FV0130A - Pulled Chicken Burrito Bowl - [BNL],REC-014049-4-006,R,1,portions,Roasted Green and Red Bell Peppers - Diced - reduced salt,S,,45,grams,,SUB-013883-4-001,OVEN / BLAST CHILLER,,,,0.70266,1,SCOOP,red,LEVEL,,,0.09921,2.25901,0.14119,PCK-00-151924-5,Main,
FV0130A - Pulled Chicken Burrito Bowl - [BNL],REC-014049-4-006,R,1,portions,Pulled Chicken - Batch for Taco Bowl,S,,100,grams,,SUB-014048-4-001,MARINADE / OVEN / HOT SHREDDER / BLAST CHILLER,,,,0.60121,1,SCOOP,grey,LEVEL,,,0.22046,5.86713,0.3667,PCK-00-151924-5,Main,
FV0130A - Pulled Chicken Burrito Bowl - [BNL],REC-014049-4-006,R,1,portions,"FA-DE Cheese, White Cheddar, Shredded /Käse, weißer Cheddar, gerieben",I,DAI-00-139135-3,15,grams,,,,,MILCH (EINSCHLIESSLICH LAKTOSE),,,,,,,,,0.03307,0.52911,0.03307,PCK-00-151924-5,Main,
FV0130A - Pulled Chicken Burrito Bowl - [BNL],REC-014049-4-006,R,1,portions,Roasted Green Onions,S,,5,grams,,SUB-023370-4-001,OVEN / BLAST CHILLER,,,,0.502,,,,,,,0.01102,0.35133,0.02196,PCK-00-151924-5,Main,
FV0130A - Pulled Chicken Burrito Bowl - [BNL],REC-014049-4-006,R,1,portions,Corn - Red Chili pulled Pork,S,,90,grams,,SUB-013700-4-001,OVEN / BLAST CHILLER,"2ND COMPARTMENT
corn salsa - 90g",,,0.73814,1,SCOOP,beige,LEVEL,,,0.19842,4.30087,0.2688,PCK-00-151924-5,2nd,
FV0130A - Pulled Chicken Burrito Bowl - [BNL],REC-014049-4-006,R,1,portions,Sauce - Cilantro Sour Cream,S,,44,grams,,SUB-013701-4-001,IMMERSION BLENDER / CUPPING,"3RD COMPARTMENT
cilantro sour cream (cup) - 44g

NET WEIGHT: 399g",MILCH (EINSCHLIESSLICH LAKTOSE),,0.8912,,,,,,,0.097,1.74153,0.10885,PCK-00-151924-5,3rd,

FV0130A - Pulled Chicken Burrito Bowl - [DE],REC-014049-4-005,R,1,portions,Rice - Shredded Chicken Taco Bowl Rice & Beans - Parboiled Rice,S,,100,grams,,SUB-013698-4-001,HAND MIX / BLAST CHILLER,"***PLATING INSTRUCTIONS***
(From the bottom to the top)

3 Compartment

MAIN COMPARTMENT
rice & beans - 100g
roasted peppers - 45g
shredded chicken - 100g cooked
cheese - 15g 
Roasted green onions - 5g
",,,0.90386,1,SCOOP,grey,LEVEL,,,0.22046,3.90261,0.24391,PCK-00-151924-5,Main,
FV0130A - Pulled Chicken Burrito Bowl - [DE],REC-014049-4-005,R,1,portions,Roasted Green and Red Bell Peppers - Diced - reduced salt,S,,45,grams,,SUB-013883-4-001,OVEN / BLAST CHILLER,,,,0.70266,1,SCOOP,red,LEVEL,,,0.09921,2.25901,0.14119,PCK-00-151924-5,Main,
FV0130A - Pulled Chicken Burrito Bowl - [DE],REC-014049-4-005,R,1,portions,Pulled Chicken - Batch for Taco Bowl,S,,100,grams,,SUB-014048-4-001,MARINADE / OVEN / HOT SHREDDER / BLAST CHILLER,,,,0.60121,1,SCOOP,grey,LEVEL,,,0.22046,5.86713,0.3667,PCK-00-151924-5,Main,
FV0130A - Pulled Chicken Burrito Bowl - [DE],REC-014049-4-005,R,1,portions,"FA-DE Cheese, White Cheddar, Shredded /Käse, weißer Cheddar, gerieben",I,DAI-00-139135-3,15,grams,,,,,MILCH (EINSCHLIESSLICH LAKTOSE),,,,,,,,,0.03307,0.52911,0.03307,PCK-00-151924-5,Main,
FV0130A - Pulled Chicken Burrito Bowl - [DE],REC-014049-4-005,R,1,portions,Roasted Green Onions,S,,5,grams,,SUB-023370-4-001,OVEN / BLAST CHILLER,,,,0.502,,,,,,,0.01102,0.35133,0.02196,PCK-00-151924-5,Main,
FV0130A - Pulled Chicken Burrito Bowl - [DE],REC-014049-4-005,R,1,portions,Corn - Red Chili pulled Pork,S,,90,grams,,SUB-013700-4-001,OVEN / BLAST CHILLER,"2ND COMPARTMENT
corn salsa - 90g",,,0.73814,1,SCOOP,beige,LEVEL,,,0.19842,4.30087,0.2688,PCK-00-151924-5,2nd,
FV0130A - Pulled Chicken Burrito Bowl - [DE],REC-014049-4-005,R,1,portions,Sauce - Cilantro Sour Cream,S,,44,grams,,SUB-013701-4-001,IMMERSION BLENDER / CUPPING,"3RD COMPARTMENT
cilantro sour cream (cup) - 44g

NET WEIGHT: 399g",MILCH (EINSCHLIESSLICH LAKTOSE),,0.8912,,,,,,,0.097,1.74153,0.10885,PCK-00-151924-5,3rd,

FV0130A - Pulled Chicken Burrito Bowl [DKSE],REC-014049-4-004,R,1,portions,Rice - Shredded Chicken Taco Bowl Rice & Beans - Parboiled Rice,S,,100,grams,,SUB-013698-4-001,HAND MIX / BLAST CHILLER,"***PLATING INSTRUCTIONS***
(From the bottom to the top)

3 Compartment

MAIN COMPARTMENT
rice & beans - 100g
roasted peppers - 45g
shredded chicken - 100g cooked
cheese - 15g 
Roasted green onions - 5g
",,,0.90386,1,SCOOP,grey,LEVEL,,,0.22046,3.90261,0.24391,PCK-00-151924-5,Main,
FV0130A - Pulled Chicken Burrito Bowl [DKSE],REC-014049-4-004,R,1,portions,Roasted Green and Red Bell Peppers - Diced - reduced salt,S,,45,grams,,SUB-013883-4-001,OVEN / BLAST CHILLER,,,,0.70266,1,SCOOP,red,LEVEL,,,0.09921,2.25901,0.14119,PCK-00-151924-5,Main,
FV0130A - Pulled Chicken Burrito Bowl [DKSE],REC-014049-4-004,R,1,portions,Pulled Chicken - Batch for Taco Bowl,S,,100,grams,,SUB-014048-4-001,MARINADE / OVEN / HOT SHREDDER / BLAST CHILLER,,,,0.60121,1,SCOOP,grey,LEVEL,,,0.22046,5.86713,0.3667,PCK-00-151924-5,Main,
FV0130A - Pulled Chicken Burrito Bowl [DKSE],REC-014049-4-004,R,1,portions,"FA-DE Cheese, White Cheddar, Shredded /Käse, weißer Cheddar, gerieben",I,DAI-00-139135-3,15,grams,,,,,MILCH (EINSCHLIESSLICH LAKTOSE),,,,,,,,,0.03307,0.52911,0.03307,PCK-00-151924-5,Main,
FV0130A - Pulled Chicken Burrito Bowl [DKSE],REC-014049-4-004,R,1,portions,Roasted Green Onions,S,,5,grams,,SUB-023370-4-001,OVEN / BLAST CHILLER,,,,0.502,,,,,,,0.01102,0.35133,0.02196,PCK-00-151924-5,Main,
FV0130A - Pulled Chicken Burrito Bowl [DKSE],REC-014049-4-004,R,1,portions,Corn - Red Chili pulled Pork,S,,90,grams,,SUB-013700-4-001,OVEN / BLAST CHILLER,"2ND COMPARTMENT
corn salsa - 90g",,,0.73814,1,SCOOP,beige,LEVEL,,,0.19842,4.30087,0.2688,PCK-00-151924-5,2nd,
FV0130A - Pulled Chicken Burrito Bowl [DKSE],REC-014049-4-004,R,1,portions,Sauce - Cilantro Sour Cream,S,,44,grams,,SUB-013701-4-001,IMMERSION BLENDER / CUPPING,"3RD COMPARTMENT
cilantro sour cream (cup) - 44g

NET WEIGHT: 399g",MILCH (EINSCHLIESSLICH LAKTOSE),,0.8912,,,,,,,0.097,1.74153,0.10885,PCK-00-151924-5,3rd,

FV0131A - Black bean bowl and enchilada sauce [BNL],REC-013918-4-003,R,1,portions,Rice - Enchilada Bowl Rice,S,,100,grams,,SUB-013914-4-001,HAND MIX / BLAST CHILLER,"MAIN COMPARTMENT
Enchilada Bowl Rice - 100 gr
Black Bean Enchilada Mix - 120 gr
Shredded Cheddar Cheese - 20 gr
Roasted Green Onions - 5 gr
","SCHWEFELDIOXIDE UND SULFITE, SELLERIE",,0.91,1,SCOOP,green,LEVEL,,,0.22046,3.87626,0.24227,PCK-00-151924-5,Main,
FV0131A - Black bean bowl and enchilada sauce [BNL],REC-013918-4-003,R,1,portions,Black Bean Enchilada Mix,S,,120,grams,,SUB-013916-4-001,HAND MIX / BLAST CHILLER,,SCHWEFELDIOXIDE UND SULFITE,,0.89949,"2
1","SCOOP
SCOOP","red
beige","LEVEL
LEVEL",,,0.26455,4.70588,0.29412,PCK-00-151924-5,Main,
FV0131A - Black bean bowl and enchilada sauce [BNL],REC-013918-4-003,R,1,portions,"FA-DE Cheese, White Cheddar, Shredded /Käse, weißer Cheddar, gerieben",I,DAI-00-139135-3,20,grams,,,,,MILCH (EINSCHLIESSLICH LAKTOSE),,,,,,,,,0.04409,0.70548,0.04409,PCK-00-151924-5,Main,
FV0131A - Black bean bowl and enchilada sauce [BNL],REC-013918-4-003,R,1,portions,Roasted Green Onions,S,,5,grams,,SUB-023370-4-001,OVEN / BLAST CHILLER,,,,0.502,,,,,,,0.01102,0.35133,0.02196,PCK-00-151924-5,Main,
FV0131A - Black bean bowl and enchilada sauce [BNL],REC-013918-4-003,R,1,portions,Mixed veg - Roasted Zucchini & Corn,S,,80,grams,,SUB-013917-4-001,OVEN / BLAST CHILLER,"SIDE COMPARTMENT 1
Roasted zucchini & corn - 80 gr
",SCHWEFELDIOXIDE UND SULFITE,,0.47849,1,SCOOP,green,LEVEL,,,0.17637,5.89756,0.3686,PCK-00-151924-5,2nd,
FV0131A - Black bean bowl and enchilada sauce [BNL],REC-013918-4-003,R,1,portions,Sauce - Roasted Green Chili Salsa Verde,S,,45,grams,,SUB-013913-4-002,SPICE PORTIONING / IMMERSION BLENDER / BRAISER / BLAST CHILLER,"SIDE COMPARTMENT 2
Green chile salsa verde - 45 gr - CUP

NET WEIGHT: 370 G",SCHWEFELDIOXIDE UND SULFITE,,0.69859,,,,,,,0.09921,2.27218,0.14201,PCK-00-151924-5,3rd,

FV0131A - Black bean bowl and enchilada sauce [DE],REC-013918-4-004,R,1,portions,Rice - Enchilada Bowl Rice,S,,100,grams,,SUB-013914-4-001,HAND MIX / BLAST CHILLER,"MAIN COMPARTMENT
Enchilada Bowl Rice - 100 gr
Black Bean Enchilada Mix - 120 gr
Shredded Cheddar Cheese - 20 gr
Roasted Green Onions - 5 gr

","SCHWEFELDIOXIDE UND SULFITE, SELLERIE",,0.91,1,SCOOP,green,LEVEL,,,0.22046,3.87626,0.24227,PCK-00-151924-5,Main,
FV0131A - Black bean bowl and enchilada sauce [DE],REC-013918-4-004,R,1,portions,Black Bean Enchilada Mix,S,,120,grams,,SUB-013916-4-001,HAND MIX / BLAST CHILLER,,SCHWEFELDIOXIDE UND SULFITE,,0.89949,"2
1","SCOOP
SCOOP","red
beige","LEVEL
LEVEL",,,0.26455,4.70588,0.29412,PCK-00-151924-5,Main,
FV0131A - Black bean bowl and enchilada sauce [DE],REC-013918-4-004,R,1,portions,"FA-DE Cheese, White Cheddar, Shredded /Käse, weißer Cheddar, gerieben",I,DAI-00-139135-3,20,grams,,,,,MILCH (EINSCHLIESSLICH LAKTOSE),,,,,,,,,0.04409,0.70548,0.04409,PCK-00-151924-5,Main,
FV0131A - Black bean bowl and enchilada sauce [DE],REC-013918-4-004,R,1,portions,Roasted Green Onions,S,,5,grams,,SUB-023370-4-001,OVEN / BLAST CHILLER,,,,0.502,,,,,,,0.01102,0.35133,0.02196,PCK-00-151924-5,Main,
FV0131A - Black bean bowl and enchilada sauce [DE],REC-013918-4-004,R,1,portions,Mixed veg - Roasted Zucchini & Corn,S,,80,grams,,SUB-013917-4-001,OVEN / BLAST CHILLER,"SIDE COMPARTMENT 1
Roasted zucchini & corn - 80 gr
",SCHWEFELDIOXIDE UND SULFITE,,0.47849,1,SCOOP,green,LEVEL,,,0.17637,5.89756,0.3686,PCK-00-151924-5,2nd,
FV0131A - Black bean bowl and enchilada sauce [DE],REC-013918-4-004,R,1,portions,Sauce - Roasted Green Chili Salsa Verde,S,,45,grams,,SUB-013913-4-002,SPICE PORTIONING / IMMERSION BLENDER / BRAISER / BLAST CHILLER,"SIDE COMPARTMENT 2
Green chile salsa verde - 45 gr - CUPPED

NET WEIGHT: 370 G",SCHWEFELDIOXIDE UND SULFITE,,0.69859,,,,,,,0.09921,2.27218,0.14201,PCK-00-151924-5,3rd,

FV0131A - Black bean bowl and enchilada sauce [DKSE],REC-013918-4-005,R,1,portions,Rice - Enchilada Bowl Rice,S,,100,grams,,SUB-013914-4-001,HAND MIX / BLAST CHILLER,"MAIN COMPARTMENT
Enchilada Bowl Rice - 100 gr
Black Bean Enchilada Mix - 120 gr
Shredded Cheddar Cheese - 20 gr
Roasted Green Onions - 5 gr

","SCHWEFELDIOXIDE UND SULFITE, SELLERIE",,0.91,1,SCOOP,green,LEVEL,,,0.22046,3.87626,0.24227,PCK-00-151924-5,Main,
FV0131A - Black bean bowl and enchilada sauce [DKSE],REC-013918-4-005,R,1,portions,Black Bean Enchilada Mix,S,,120,grams,,SUB-013916-4-001,HAND MIX / BLAST CHILLER,,SCHWEFELDIOXIDE UND SULFITE,,0.89949,"2
1","SCOOP
SCOOP","red
beige","LEVEL
LEVEL",,,0.26455,4.70588,0.29412,PCK-00-151924-5,Main,
FV0131A - Black bean bowl and enchilada sauce [DKSE],REC-013918-4-005,R,1,portions,"FA-DE Cheese, White Cheddar, Shredded /Käse, weißer Cheddar, gerieben",I,DAI-00-139135-3,20,grams,,,,,MILCH (EINSCHLIESSLICH LAKTOSE),,,,,,,,,0.04409,0.70548,0.04409,PCK-00-151924-5,Main,
FV0131A - Black bean bowl and enchilada sauce [DKSE],REC-013918-4-005,R,1,portions,Roasted Green Onions,S,,5,grams,,SUB-023370-4-001,OVEN / BLAST CHILLER,,,,0.502,,,,,,,0.01102,0.35133,0.02196,PCK-00-151924-5,Main,
FV0131A - Black bean bowl and enchilada sauce [DKSE],REC-013918-4-005,R,1,portions,Mixed veg - Roasted Zucchini & Corn,S,,80,grams,,SUB-013917-4-001,OVEN / BLAST CHILLER,"SIDE COMPARTMENT 1
Roasted zucchini & corn - 80 gr
",SCHWEFELDIOXIDE UND SULFITE,,0.47849,1,SCOOP,green,LEVEL,,,0.17637,5.89756,0.3686,PCK-00-151924-5,2nd,
FV0131A - Black bean bowl and enchilada sauce [DKSE],REC-013918-4-005,R,1,portions,Sauce - Roasted Green Chili Salsa Verde,S,,45,grams,,SUB-013913-4-002,SPICE PORTIONING / IMMERSION BLENDER / BRAISER / BLAST CHILLER,"SIDE COMPARTMENT 2
Green chile salsa verde - 45 gr - CUPPED

NET WEIGHT: 370 G",SCHWEFELDIOXIDE UND SULFITE,,0.69859,,,,,,,0.09921,2.27218,0.14201,PCK-00-151924-5,3rd,

FV0160A - Beef Shepherds Pie [BNL],REC-013396-4-008,R,1,portions,Beef Shepherd's Pie Meat Base - enhanced,S,,140,grams,,SUB-013392-4-001,SPICE PORTIONING / IMMERSION BLENDER / BRAISER / BLAST CHILLER,"140gr meat base
140g mash
10g cheddar cheese
110g green beans
***PLATING INSTRUCTIONS***
(From the bottom to the top)

2 Compartment

MAIN COMPARTMENT
140gr meat base
140g mash
10g cheddar

2ND COMPARTMENT
green beans - 110g

NET WEIGHT: 410g","SCHWEFELDIOXIDE UND SULFITE, SELLERIE, SENF",,0.77759,1,SCOOP,white,LEVEL,,,0.30865,6.35086,0.39693,PCK-00-151923-5,Main,
FV0160A - Beef Shepherds Pie [BNL],REC-013396-4-008,R,1,portions,Shepherd Pie Mash Potatoes,S,,140,grams,,SUB-013394-4-001,PLANETARY MIXER / BLAST CHILLER,,MILCH (EINSCHLIESSLICH LAKTOSE),,0.89642,1,SCOOP,white,LEVEL,,,0.30865,5.509,0.34431,PCK-00-151923-5,Main,
FV0160A - Beef Shepherds Pie [BNL],REC-013396-4-008,R,1,portions,"FA-DE Cheese, White Cheddar, Shredded /Käse, weißer Cheddar, gerieben",I,DAI-00-139135-3,10,grams,,,,,MILCH (EINSCHLIESSLICH LAKTOSE),,,,,,,,,0.02205,0.35274,0.02205,PCK-00-151923-5,Main,
FV0160A - Beef Shepherds Pie [BNL],REC-013396-4-008,R,1,portions,"Green beans - Plain S&P Roasted Green Beans, Whole",S,,110,grams,,SUB-013395-4-001,OVEN / BLAST CHILLER,,,,0.72739,"1
1","SCOOP
SCOOP","purple
white","LEVEL
LEVEL",,,0.24251,5.33437,0.3334,PCK-00-151923-5,2nd,

FV0160A - Beef Shepherds Pie [DE],REC-013396-4-007,R,1,portions,Beef Shepherd's Pie Meat Base - enhanced,S,,140,grams,,SUB-013392-4-001,SPICE PORTIONING / IMMERSION BLENDER / BRAISER / BLAST CHILLER,"140gr meat base
140g mash
10g cheddar cheese
110g green beans
***PLATING INSTRUCTIONS***
(From the bottom to the top)

2 Compartment

MAIN COMPARTMENT
140gr meat base
140g mash
10g cheddar

2ND COMPARTMENT
green beans - 110g

NET WEIGHT: 410g","SCHWEFELDIOXIDE UND SULFITE, SELLERIE, SENF",,0.77759,1,SCOOP,white,LEVEL,,,0.30865,6.35086,0.39693,PCK-00-151923-5,Main,
FV0160A - Beef Shepherds Pie [DE],REC-013396-4-007,R,1,portions,Shepherd Pie Mash Potatoes,S,,140,grams,,SUB-013394-4-001,PLANETARY MIXER / BLAST CHILLER,,MILCH (EINSCHLIESSLICH LAKTOSE),,0.89642,1,SCOOP,white,LEVEL,,,0.30865,5.509,0.34431,PCK-00-151923-5,Main,
FV0160A - Beef Shepherds Pie [DE],REC-013396-4-007,R,1,portions,"FA-DE Cheese, White Cheddar, Shredded /Käse, weißer Cheddar, gerieben",I,DAI-00-139135-3,10,grams,,,,,MILCH (EINSCHLIESSLICH LAKTOSE),,,,,,,,,0.02205,0.35274,0.02205,PCK-00-151923-5,Main,
FV0160A - Beef Shepherds Pie [DE],REC-013396-4-007,R,1,portions,"Green beans - Plain S&P Roasted Green Beans, Whole",S,,110,grams,,SUB-013395-4-001,OVEN / BLAST CHILLER,,,,0.72739,"1
1","SCOOP
SCOOP","purple
white","LEVEL
LEVEL",,,0.24251,5.33437,0.3334,PCK-00-151923-5,2nd,

FV0160A - Beef Shepherds Pie [DKSE],REC-013396-4-003,R,1,portions,Beef Shepherd's Pie Meat Base - enhanced,S,,140,grams,,SUB-013392-4-001,SPICE PORTIONING / IMMERSION BLENDER / BRAISER / BLAST CHILLER,"140gr meat base
140g mash
10g cheddar cheese
110g green beans
***PLATING INSTRUCTIONS***
(From the bottom to the top)

2 Compartment

MAIN COMPARTMENT
140gr meat base
140g mash
10g cheddar

2ND COMPARTMENT
green beans - 110g

NET WEIGHT: 410g","SCHWEFELDIOXIDE UND SULFITE, SELLERIE, SENF",,0.77759,1,SCOOP,white,LEVEL,,,0.30865,6.35086,0.39693,PCK-00-151923-5,Main,
FV0160A - Beef Shepherds Pie [DKSE],REC-013396-4-003,R,1,portions,Shepherd Pie Mash Potatoes,S,,140,grams,,SUB-013394-4-001,PLANETARY MIXER / BLAST CHILLER,,MILCH (EINSCHLIESSLICH LAKTOSE),,0.89642,1,SCOOP,white,LEVEL,,,0.30865,5.509,0.34431,PCK-00-151923-5,Main,
FV0160A - Beef Shepherds Pie [DKSE],REC-013396-4-003,R,1,portions,"FA-DE Cheese, White Cheddar, Shredded /Käse, weißer Cheddar, gerieben",I,DAI-00-139135-3,10,grams,,,,,MILCH (EINSCHLIESSLICH LAKTOSE),,,,,,,,,0.02205,0.35274,0.02205,PCK-00-151923-5,Main,
FV0160A - Beef Shepherds Pie [DKSE],REC-013396-4-003,R,1,portions,"Green beans - Plain S&P Roasted Green Beans, Whole",S,,110,grams,,SUB-013395-4-001,OVEN / BLAST CHILLER,,,,0.72739,"1
1","SCOOP
SCOOP","purple
white","LEVEL
LEVEL",,,0.24251,5.33437,0.3334,PCK-00-151923-5,2nd,

FV0160B - Pork Cottage Pie [BNL],REC-013396-4-004,R,1,portions,Pork Shepherd's Pie Meat Base - enhanced,S,,140,grams,,SUB-013392-4-002,SPICE PORTIONING / IMMERSION BLENDER / BRAISER / BLAST CHILLER,"140gr meat base
140g mash
20g cheddar cheese
110g green beans
***PLATING INSTRUCTIONS***
(From the bottom to the top)

2 Compartment

MAIN COMPARTMENT
140gr meat base
140g mash
20g cheddar
","SCHWEFELDIOXIDE UND SULFITE, SELLERIE, SENF",,0.8009,,,,,,,0.30865,6.16601,0.38538,PCK-00-151923-5,Main,
FV0160B - Pork Cottage Pie [BNL],REC-013396-4-004,R,1,portions,Shepherd Pie Mash Potatoes,S,,140,grams,,SUB-013394-4-001,PLANETARY MIXER / BLAST CHILLER,,MILCH (EINSCHLIESSLICH LAKTOSE),,0.89642,,,,,,,0.30865,5.509,0.34431,PCK-00-151923-5,Main,
FV0160B - Pork Cottage Pie [BNL],REC-013396-4-004,R,1,portions,"FA-DE Cheese, White Cheddar, Shredded /Käse, weißer Cheddar, gerieben",I,DAI-00-139135-3,20,grams,,,,,MILCH (EINSCHLIESSLICH LAKTOSE),,,,,,,,,0.04409,0.70548,0.04409,PCK-00-151923-5,Main,
FV0160B - Pork Cottage Pie [BNL],REC-013396-4-004,R,1,portions,"Green beans - Plain S&P Roasted Green Beans, Whole",S,,110,grams,,SUB-013395-4-001,OVEN / BLAST CHILLER,"2ND COMPARTMENT
green beans - 110g

NET WEIGHT: 410g",,,0.72739,,,,,,,0.24251,5.33437,0.3334,PCK-00-151923-5,2nd,

FV0160B - Pork Cottage Pie [DE],REC-013396-4-006,R,1,portions,Pork Shepherd's Pie Meat Base - enhanced,S,,140,grams,,SUB-013392-4-002,SPICE PORTIONING / IMMERSION BLENDER / BRAISER / BLAST CHILLER,"140gr meat base
140g mash
20g cheddar cheese
110g green beans
***PLATING INSTRUCTIONS***
(From the bottom to the top)

2 Compartment

MAIN COMPARTMENT
140gr meat base
140g mash
20g cheddar
","SCHWEFELDIOXIDE UND SULFITE, SELLERIE, SENF",,0.8009,,,,,,,0.30865,6.16601,0.38538,PCK-00-151923-5,Main,
FV0160B - Pork Cottage Pie [DE],REC-013396-4-006,R,1,portions,Shepherd Pie Mash Potatoes,S,,140,grams,,SUB-013394-4-001,PLANETARY MIXER / BLAST CHILLER,,MILCH (EINSCHLIESSLICH LAKTOSE),,0.89642,,,,,,,0.30865,5.509,0.34431,PCK-00-151923-5,Main,
FV0160B - Pork Cottage Pie [DE],REC-013396-4-006,R,1,portions,"FA-DE Cheese, White Cheddar, Shredded /Käse, weißer Cheddar, gerieben",I,DAI-00-139135-3,20,grams,,,,,MILCH (EINSCHLIESSLICH LAKTOSE),,,,,,,,,0.04409,0.70548,0.04409,PCK-00-151923-5,Main,
FV0160B - Pork Cottage Pie [DE],REC-013396-4-006,R,1,portions,"Green beans - Plain S&P Roasted Green Beans, Whole",S,,110,grams,,SUB-013395-4-001,OVEN / BLAST CHILLER,"2ND COMPARTMENT
green beans - 110g

NET WEIGHT: 410g",,,0.72739,,,,,,,0.24251,5.33437,0.3334,PCK-00-151923-5,2nd,

FV0160B - Pork Cottage Pie [DKSE],REC-013396-4-005,R,1,portions,Pork Shepherd's Pie Meat Base - enhanced,S,,140,grams,,SUB-013392-4-002,SPICE PORTIONING / IMMERSION BLENDER / BRAISER / BLAST CHILLER,"140gr meat base
140g mash
20g cheddar cheese
110g green beans
***PLATING INSTRUCTIONS***
(From the bottom to the top)

2 Compartment

MAIN COMPARTMENT
140gr meat base
140g mash
20g cheddar
","SCHWEFELDIOXIDE UND SULFITE, SELLERIE, SENF",,0.8009,,,,,,,0.30865,6.16601,0.38538,PCK-00-151923-5,Main,
FV0160B - Pork Cottage Pie [DKSE],REC-013396-4-005,R,1,portions,Shepherd Pie Mash Potatoes,S,,140,grams,,SUB-013394-4-001,PLANETARY MIXER / BLAST CHILLER,,MILCH (EINSCHLIESSLICH LAKTOSE),,0.89642,,,,,,,0.30865,5.509,0.34431,PCK-00-151923-5,Main,
FV0160B - Pork Cottage Pie [DKSE],REC-013396-4-005,R,1,portions,"FA-DE Cheese, White Cheddar, Shredded /Käse, weißer Cheddar, gerieben",I,DAI-00-139135-3,20,grams,,,,,MILCH (EINSCHLIESSLICH LAKTOSE),,,,,,,,,0.04409,0.70548,0.04409,PCK-00-151923-5,Main,
FV0160B - Pork Cottage Pie [DKSE],REC-013396-4-005,R,1,portions,"Green beans - Plain S&P Roasted Green Beans, Whole",S,,110,grams,,SUB-013395-4-001,OVEN / BLAST CHILLER,"2ND COMPARTMENT
green beans - 110g

NET WEIGHT: 410g",,,0.72739,,,,,,,0.24251,5.33437,0.3334,PCK-00-151923-5,2nd,

FV0169A -  [DKSE] - Pork tenderloin in creamy garlic mustard sauce,REC-013942-4-008,R,1,portions,"Mash - Celery Root/Cauliflower Mash - cauli rice, even less sat fat",S,,120,grams,,SUB-013869-4-001,HAND MIX / BLAST CHILLER,"***PLATING INSTRUCTIONS***
(From the bottom to the top)

2 Compartment

MAIN COMPARTMENT
cauliflower mash on bottom - 120g
3 slices shingled pork - 100g
scoop of dijon sauce - 40g
","MILCH (EINSCHLIESSLICH LAKTOSE), SELLERIE",,0.82357,1,SCOOP,grey,LEVEL,,,0.26455,5.1397,0.32123,PCK-00-151923-5,Main,
FV0169A -  [DKSE] - Pork tenderloin in creamy garlic mustard sauce,REC-013942-4-008,R,1,portions,Pork tenderloin - Creamy Dijon Pork Tenderloin Batch,S,,100,grams,,SUB-013788-4-001,MARINADE / GRILL / OVEN / SLICER / BLAST CHILLER,,"SCHWEFELDIOXIDE UND SULFITE, SENF",,0.5843,,,,,,,0.22046,6.03693,0.37731,PCK-00-151923-5,Main,
FV0169A -  [DKSE] - Pork tenderloin in creamy garlic mustard sauce,REC-013942-4-008,R,1,portions,Sauce - Creamy Dijon Sauce,S,,40,grams,,SUB-013642-4-001,SPICE PORTIONING / IMMERSION BLENDER / BRAISER / BLAST CHILLER,,"MILCH (EINSCHLIESSLICH LAKTOSE), SCHWEFELDIOXIDE UND SULFITE, SENF",,0.82319,1,SCOOP,red,LEVEL,,,0.08818,1.71401,0.10713,PCK-00-151923-5,Main,
FV0169A -  [DKSE] - Pork tenderloin in creamy garlic mustard sauce,REC-013942-4-008,R,1,portions,Roasted Garlic Broccoli,S,,120,grams,,SUB-014209-4-001,OVEN / BLAST CHILLER,"2ND COMPARTMENT
broccoli in side compartment - 120g

Net weight- 380g",,,0.65089,1,SCOOP,teal,LEVEL,,,0.26455,6.50321,0.40645,PCK-00-151923-5,2nd,

FV0169A - [BNL] -Pork tenderloin in creamy garlic mustard sauce,REC-013942-4-007,R,1,portions,"Mash - Celery Root/Cauliflower Mash - cauli rice, even less sat fat",S,,120,grams,,SUB-013869-4-001,HAND MIX / BLAST CHILLER,"***PLATING INSTRUCTIONS***
(From the bottom to the top)

2 Compartment

MAIN COMPARTMENT
cauliflower mash on bottom - 120g
3 slices shingled pork - 100g
scoop of dijon sauce - 40g
","MILCH (EINSCHLIESSLICH LAKTOSE), SELLERIE",,0.82357,1,SCOOP,grey,LEVEL,,,0.26455,5.1397,0.32123,PCK-00-151923-5,Main,
FV0169A - [BNL] -Pork tenderloin in creamy garlic mustard sauce,REC-013942-4-007,R,1,portions,Pork tenderloin - Creamy Dijon Pork Tenderloin Batch,S,,100,grams,,SUB-013788-4-001,MARINADE / GRILL / OVEN / SLICER / BLAST CHILLER,,"SCHWEFELDIOXIDE UND SULFITE, SENF",,0.5843,,,,,,,0.22046,6.03693,0.37731,PCK-00-151923-5,Main,
FV0169A - [BNL] -Pork tenderloin in creamy garlic mustard sauce,REC-013942-4-007,R,1,portions,Sauce -Creamy Dijon Sauce-Less fat,S,,40,grams,,SUB-032669-4-001,SPICE PORTIONING / IMMERSION BLENDER / BRAISER / BLAST CHILLER,,"MILCH (EINSCHLIESSLICH LAKTOSE), SCHWEFELDIOXIDE UND SULFITE, SENF",,0.89285,,,,,,,0.08818,1.58029,0.09877,PCK-00-151923-5,Main,
FV0169A - [BNL] -Pork tenderloin in creamy garlic mustard sauce,REC-013942-4-007,R,1,portions,Roasted Garlic Broccoli,S,,120,grams,,SUB-014209-4-001,OVEN / BLAST CHILLER,"2ND COMPARTMENT
broccoli in side compartment - 120g

Net weight- 380g",,,0.65089,1,SCOOP,teal,LEVEL,,,0.26455,6.50321,0.40645,PCK-00-151923-5,2nd,

FV0169A - [DE] - Pork tenderloin in creamy garlic mustard sauce,REC-013942-4-009,R,1,portions,"Mash - Celery Root/Cauliflower Mash - cauli rice, even less sat fat",S,,120,grams,,SUB-013869-4-001,HAND MIX / BLAST CHILLER,"***PLATING INSTRUCTIONS***
(From the bottom to the top)

2 Compartment

MAIN COMPARTMENT
cauliflower mash on bottom - 120g
3 slices shingled pork - 100g
scoop of dijon sauce - 40g
","MILCH (EINSCHLIESSLICH LAKTOSE), SELLERIE",,0.82357,1,SCOOP,grey,LEVEL,,,0.26455,5.1397,0.32123,PCK-00-151923-5,Main,
FV0169A - [DE] - Pork tenderloin in creamy garlic mustard sauce,REC-013942-4-009,R,1,portions,Pork tenderloin - Creamy Dijon Pork Tenderloin Batch,S,,100,grams,,SUB-013788-4-001,MARINADE / GRILL / OVEN / SLICER / BLAST CHILLER,,"SCHWEFELDIOXIDE UND SULFITE, SENF",,0.5843,,,,,,,0.22046,6.03693,0.37731,PCK-00-151923-5,Main,
FV0169A - [DE] - Pork tenderloin in creamy garlic mustard sauce,REC-013942-4-009,R,1,portions,Sauce - Creamy Dijon Sauce,S,,40,grams,,SUB-013642-4-001,SPICE PORTIONING / IMMERSION BLENDER / BRAISER / BLAST CHILLER,,"MILCH (EINSCHLIESSLICH LAKTOSE), SCHWEFELDIOXIDE UND SULFITE, SENF",,0.82319,1,SCOOP,red,LEVEL,,,0.08818,1.71401,0.10713,PCK-00-151923-5,Main,
FV0169A - [DE] - Pork tenderloin in creamy garlic mustard sauce,REC-013942-4-009,R,1,portions,Roasted Garlic Broccoli,S,,120,grams,,SUB-014209-4-001,OVEN / BLAST CHILLER,"2ND COMPARTMENT
broccoli in side compartment - 120g

Net weight- 380g",,,0.65089,1,SCOOP,teal,LEVEL,,,0.26455,6.50321,0.40645,PCK-00-151923-5,2nd,

FV0207A - [BNL] - Chicken in creamy spinach,REC-013750-4-008,R,1,portions,Artichoke & Spinach Dip,S,,130,grams,,SUB-013749-4-004,PLANETARY MIXER,"***PLATING INSTRUCTIONS***
(From the bottom to the top)

2 Compartment

MAIN COMPARTMENT
1. Artichoke Spinach Dip - 115g
2. Chicken Breast - 1ea (120g)



Net Weight = 437g","EIER, MILCH (EINSCHLIESSLICH LAKTOSE), SENF",,0.95411,,,,,,,0.2866,4.80615,0.30038,PCK-00-151923-5,Main,
FV0207A - [BNL] - Chicken in creamy spinach,REC-013750-4-008,R,1,portions,Chicken breast - Herb Grilled Chicken Breast,S,,1,each,,SUB-013545-4-001,MARINADE / GRILL / OVEN / BLAST CHILLER,,,,0.62422,1,HAND_PORTIONED,Hand Portioned,BY_TRAY,,4.23288,0.26455,6.78107,0.42382,PCK-00-151923-5,Main,
FV0207A - [BNL] - Chicken in creamy spinach,REC-013750-4-008,R,1,portions,Zucchini - Garlic Roasted Zucchini - more oil for FV0207A,S,,100,grams,,SUB-013632-4-002,OVEN / BLAST CHILLER,"SIDE COMPARTMENT
1. Zucchini - 100g
2. Roasted grape tomatoes - 50g
3. Roasted Bell peppers - 25g
3. Sun-Dried tomato butter - 12g",,,0.7504,,,,,,,0.22046,4.70071,0.29379,PCK-00-151923-5,2nd,
FV0207A - [BNL] - Chicken in creamy spinach,REC-013750-4-008,R,1,portions,Tomatoes - Roasted cherry tomatoes,S,,50,grams,,SUB-013627-4-001,OVEN / BLAST CHILLER,,,,0.8416,,,,,,,0.11023,2.09566,0.13098,PCK-00-151923-5,2nd,
FV0207A - [BNL] - Chicken in creamy spinach,REC-013750-4-008,R,1,portions,Roasted Peppers - 10mm Diced,S,,25,grams,,SUB-013734-4-001,OVEN / BLAST CHILLER,,,,0.52983,,,,,,,0.05512,1.6644,0.10402,PCK-00-151923-5,2nd,
FV0207A - [BNL] - Chicken in creamy spinach,REC-013750-4-008,R,1,portions,Compound butter - Sun-Dried Tomato,S,,12,grams,,SUB-013608-4-001,PLANETARY MIXER / SCOOPER (BUTTER) / BLAST CHILLER,,MILCH (EINSCHLIESSLICH LAKTOSE),,1,,,,,,,0.02646,0.42329,0.02646,PCK-00-151923-5,2nd,

FV0207A - [DE] - Chicken in creamy spinach,REC-013750-4-009,R,1,portions,Artichoke & Spinach Dip,S,,130,grams,,SUB-013749-4-004,PLANETARY MIXER,"***PLATING INSTRUCTIONS***
(From the bottom to the top)

2 Compartment

MAIN COMPARTMENT
1. Artichoke Spinach Dip - 115g
2. Chicken Breast - 1ea (120g)



Net Weight = 437g","EIER, MILCH (EINSCHLIESSLICH LAKTOSE), SENF",,0.95411,,,,,,,0.2866,4.80615,0.30038,PCK-00-151923-5,Main,
FV0207A - [DE] - Chicken in creamy spinach,REC-013750-4-009,R,1,portions,Chicken breast - Herb Grilled Chicken Breast,S,,1,each,,SUB-013545-4-001,MARINADE / GRILL / OVEN / BLAST CHILLER,,,,0.62422,1,HAND_PORTIONED,Hand Portioned,BY_TRAY,,4.23288,0.26455,6.78107,0.42382,PCK-00-151923-5,Main,
FV0207A - [DE] - Chicken in creamy spinach,REC-013750-4-009,R,1,portions,Zucchini - Garlic Roasted Zucchini - more oil for FV0207A,S,,100,grams,,SUB-013632-4-002,OVEN / BLAST CHILLER,"SIDE COMPARTMENT
1. Zucchini - 100g
2. Roasted grape tomatoes - 50g
3. Roasted Bell peppers - 25g
3. Sun-Dried tomato butter - 12g",,,0.7504,,,,,,,0.22046,4.70071,0.29379,PCK-00-151923-5,2nd,
FV0207A - [DE] - Chicken in creamy spinach,REC-013750-4-009,R,1,portions,Tomatoes - Roasted cherry tomatoes,S,,50,grams,,SUB-013627-4-001,OVEN / BLAST CHILLER,,,,0.8416,,,,,,,0.11023,2.09566,0.13098,PCK-00-151923-5,2nd,
FV0207A - [DE] - Chicken in creamy spinach,REC-013750-4-009,R,1,portions,Roasted Peppers - 10mm Diced,S,,25,grams,,SUB-013734-4-001,OVEN / BLAST CHILLER,,,,0.52983,,,,,,,0.05512,1.6644,0.10402,PCK-00-151923-5,2nd,
FV0207A - [DE] - Chicken in creamy spinach,REC-013750-4-009,R,1,portions,Compound butter - Sun-Dried Tomato,S,,12,grams,,SUB-013608-4-001,PLANETARY MIXER / SCOOPER (BUTTER) / BLAST CHILLER,,MILCH (EINSCHLIESSLICH LAKTOSE),,1,,,,,,,0.02646,0.42329,0.02646,PCK-00-151923-5,2nd,

FV0207A - [DK/SE] - Chicken in creamy spinach,REC-013750-4-010,R,1,portions,Artichoke & Spinach Dip,S,,130,grams,,SUB-013749-4-004,PLANETARY MIXER,"***PLATING INSTRUCTIONS***
(From the bottom to the top)

2 Compartment

MAIN COMPARTMENT
1. Artichoke Spinach Dip - 115g
2. Chicken Breast - 1ea (120g)



Net Weight = 437g","EIER, MILCH (EINSCHLIESSLICH LAKTOSE), SENF",,0.95411,,,,,,,0.2866,4.80615,0.30038,PCK-00-151923-5,Main,
FV0207A - [DK/SE] - Chicken in creamy spinach,REC-013750-4-010,R,1,portions,Chicken breast - Herb Grilled Chicken Breast,S,,1,each,,SUB-013545-4-001,MARINADE / GRILL / OVEN / BLAST CHILLER,,,,0.62422,1,HAND_PORTIONED,Hand Portioned,BY_TRAY,,4.23288,0.26455,6.78107,0.42382,PCK-00-151923-5,Main,
FV0207A - [DK/SE] - Chicken in creamy spinach,REC-013750-4-010,R,1,portions,Zucchini - Garlic Roasted Zucchini - more oil for FV0207A,S,,100,grams,,SUB-013632-4-002,OVEN / BLAST CHILLER,"SIDE COMPARTMENT
1. Zucchini - 100g
2. Roasted grape tomatoes - 50g
3. Roasted Bell peppers - 25g
3. Sun-Dried tomato butter - 12g",,,0.7504,,,,,,,0.22046,4.70071,0.29379,PCK-00-151923-5,2nd,
FV0207A - [DK/SE] - Chicken in creamy spinach,REC-013750-4-010,R,1,portions,Tomatoes - Roasted cherry tomatoes,S,,50,grams,,SUB-013627-4-001,OVEN / BLAST CHILLER,,,,0.8416,,,,,,,0.11023,2.09566,0.13098,PCK-00-151923-5,2nd,
FV0207A - [DK/SE] - Chicken in creamy spinach,REC-013750-4-010,R,1,portions,Roasted Peppers - 10mm Diced,S,,25,grams,,SUB-013734-4-001,OVEN / BLAST CHILLER,,,,0.52983,,,,,,,0.05512,1.6644,0.10402,PCK-00-151923-5,2nd,
FV0207A - [DK/SE] - Chicken in creamy spinach,REC-013750-4-010,R,1,portions,Compound butter - Sun-Dried Tomato,S,,12,grams,,SUB-013608-4-001,PLANETARY MIXER / SCOOPER (BUTTER) / BLAST CHILLER,,MILCH (EINSCHLIESSLICH LAKTOSE),,1,,,,,,,0.02646,0.42329,0.02646,PCK-00-151923-5,2nd,

FV0224A - Chicken à la Florentine [BNL],REC-013963-4-003,R,1,portions,Polenta less fat,S,,90,grams,,SUB-031689-4-001,SPICE PORTIONING / BRAISER / BLAST CHILLER,"***PLATING INSTRUCTIONS***
(From the bottom to the top)

2 Compartment

MAIN COMPARTMENT

90g Polenta
1 EA Grilled Chicken Breast
25g Florentine Cream Sauce
60g Garlic Spinach
15g Shredded Mozzarella

",MILCH (EINSCHLIESSLICH LAKTOSE),,0.7576,1,SCOOP,green,LEVEL,,,0.19842,4.19043,0.2619,PCK-00-151923-5,Main,
FV0224A - Chicken à la Florentine [BNL],REC-013963-4-003,R,1,portions,Chicken breast - Herb Grilled Chicken Breast,S,,1,each,,SUB-013545-4-001,MARINADE / GRILL / OVEN / BLAST CHILLER,,,,0.62422,1,HAND_PORTIONED,Hand Portioned,,,4.23288,0.26455,6.78107,0.42382,PCK-00-151923-5,Main,
FV0224A - Chicken à la Florentine [BNL],REC-013963-4-003,R,1,portions,Sauce - Florentine Cream Sauce,S,,25,grams,,SUB-013962-4-001,SPICE PORTIONING / IMMERSION BLENDER / BRAISER / BLAST CHILLER,,"MILCH (EINSCHLIESSLICH LAKTOSE), SCHWEFELDIOXIDE UND SULFITE",,0.87072,1,SCOOP,purple,LEVEL,,,0.05512,1.01278,0.0633,PCK-00-151923-5,Main,
FV0224A - Chicken à la Florentine [BNL],REC-013963-4-003,R,1,portions,Spinach - Garlic Spinach - Frzn Spinach - less garlic,S,,60,grams,,SUB-013415-4-001,OVEN / BLAST CHILLER,,SCHWEFELDIOXIDE UND SULFITE,,0.80664,1,SCOOP,red,LEVEL,,,0.13228,2.62376,0.16398,PCK-00-151923-5,Main,
FV0224A - Chicken à la Florentine [BNL],REC-013963-4-003,R,1,portions,"FA-DE Cheese, Mozzarella, Shredded /Käse, Mozzarella, gerieben",I,DAI-00-139125-3,15,grams,,,,,MILCH (EINSCHLIESSLICH LAKTOSE),,,1,SCOOP,purple,LEVEL,,,0.03307,0.52911,0.03307,PCK-00-151923-5,Main,
FV0224A - Chicken à la Florentine [BNL],REC-013963-4-003,R,1,portions,Cauliflower - Chili-Garlic Cauliflower Florets,S,,110,grams,,SUB-013454-4-001,OVEN / BLAST CHILLER,"2ND COMPARTMENT
110g Cauliflower

NET WEIGHT: 420g ",SCHWEFELDIOXIDE UND SULFITE,,0.70477,,,,,,,0.24251,5.50555,0.3441,PCK-00-151923-5,2nd,

FV0224A - Chicken à la Florentine [DE],REC-013963-4-005,R,1,portions,Polenta less fat,S,,90,grams,,SUB-031689-4-001,SPICE PORTIONING / BRAISER / BLAST CHILLER,"***PLATING INSTRUCTIONS***
(From the bottom to the top)

2 Compartment

MAIN COMPARTMENT

90g Polenta
1 EA Grilled Chicken Breast
25g Florentine Cream Sauce
60g Garlic Spinach
15g Shredded Mozzarella

",MILCH (EINSCHLIESSLICH LAKTOSE),,0.7576,1,SCOOP,green,LEVEL,,,0.19842,4.19043,0.2619,PCK-00-151923-5,Main,
FV0224A - Chicken à la Florentine [DE],REC-013963-4-005,R,1,portions,Chicken breast - Herb Grilled Chicken Breast,S,,1,each,,SUB-013545-4-001,MARINADE / GRILL / OVEN / BLAST CHILLER,,,,0.62422,1,HAND_PORTIONED,Hand Portioned,,,4.23288,0.26455,6.78107,0.42382,PCK-00-151923-5,Main,
FV0224A - Chicken à la Florentine [DE],REC-013963-4-005,R,1,portions,Sauce - Florentine Cream Sauce,S,,25,grams,,SUB-013962-4-001,SPICE PORTIONING / IMMERSION BLENDER / BRAISER / BLAST CHILLER,,"MILCH (EINSCHLIESSLICH LAKTOSE), SCHWEFELDIOXIDE UND SULFITE",,0.87072,1,SCOOP,purple,LEVEL,,,0.05512,1.01278,0.0633,PCK-00-151923-5,Main,
FV0224A - Chicken à la Florentine [DE],REC-013963-4-005,R,1,portions,Spinach - Garlic Spinach - Frzn Spinach - less garlic,S,,60,grams,,SUB-013415-4-001,OVEN / BLAST CHILLER,,SCHWEFELDIOXIDE UND SULFITE,,0.80664,1,SCOOP,red,LEVEL,,,0.13228,2.62376,0.16398,PCK-00-151923-5,Main,
FV0224A - Chicken à la Florentine [DE],REC-013963-4-005,R,1,portions,"FA-DE Cheese, Mozzarella, Shredded /Käse, Mozzarella, gerieben",I,DAI-00-139125-3,15,grams,,,,,MILCH (EINSCHLIESSLICH LAKTOSE),,,1,SCOOP,purple,LEVEL,,,0.03307,0.52911,0.03307,PCK-00-151923-5,Main,
FV0224A - Chicken à la Florentine [DE],REC-013963-4-005,R,1,portions,Cauliflower - Chili-Garlic Cauliflower Florets,S,,110,grams,,SUB-013454-4-001,OVEN / BLAST CHILLER,"2ND COMPARTMENT
110g Cauliflower

NET WEIGHT: 420g ",SCHWEFELDIOXIDE UND SULFITE,,0.70477,,,,,,,0.24251,5.50555,0.3441,PCK-00-151923-5,2nd,

FV0224A - Chicken à la Florentine [DKSE],REC-013963-4-004,R,1,portions,Polenta less fat,S,,90,grams,,SUB-031689-4-001,SPICE PORTIONING / BRAISER / BLAST CHILLER,"***PLATING INSTRUCTIONS***
(From the bottom to the top)

2 Compartment

MAIN COMPARTMENT

90g Polenta
1 EA Grilled Chicken Breast
25g Florentine Cream Sauce
60g Garlic Spinach
15g Shredded Mozzarella

",MILCH (EINSCHLIESSLICH LAKTOSE),,0.7576,1,SCOOP,green,LEVEL,,,0.19842,4.19043,0.2619,PCK-00-151923-5,Main,
FV0224A - Chicken à la Florentine [DKSE],REC-013963-4-004,R,1,portions,Chicken breast - Herb Grilled Chicken Breast,S,,1,each,,SUB-013545-4-001,MARINADE / GRILL / OVEN / BLAST CHILLER,,,,0.62422,1,HAND_PORTIONED,Hand Portioned,,,4.23288,0.26455,6.78107,0.42382,PCK-00-151923-5,Main,
FV0224A - Chicken à la Florentine [DKSE],REC-013963-4-004,R,1,portions,Sauce - Florentine Cream Sauce,S,,25,grams,,SUB-013962-4-001,SPICE PORTIONING / IMMERSION BLENDER / BRAISER / BLAST CHILLER,,"MILCH (EINSCHLIESSLICH LAKTOSE), SCHWEFELDIOXIDE UND SULFITE",,0.87072,1,SCOOP,purple,LEVEL,,,0.05512,1.01278,0.0633,PCK-00-151923-5,Main,
FV0224A - Chicken à la Florentine [DKSE],REC-013963-4-004,R,1,portions,Spinach - Garlic Spinach - Frzn Spinach - less garlic,S,,60,grams,,SUB-013415-4-001,OVEN / BLAST CHILLER,,SCHWEFELDIOXIDE UND SULFITE,,0.80664,1,SCOOP,red,LEVEL,,,0.13228,2.62376,0.16398,PCK-00-151923-5,Main,
FV0224A - Chicken à la Florentine [DKSE],REC-013963-4-004,R,1,portions,"FA-DE Cheese, Mozzarella, Shredded /Käse, Mozzarella, gerieben",I,DAI-00-139125-3,15,grams,,,,,MILCH (EINSCHLIESSLICH LAKTOSE),,,1,SCOOP,purple,LEVEL,,,0.03307,0.52911,0.03307,PCK-00-151923-5,Main,
FV0224A - Chicken à la Florentine [DKSE],REC-013963-4-004,R,1,portions,Cauliflower - Chili-Garlic Cauliflower Florets,S,,110,grams,,SUB-013454-4-001,OVEN / BLAST CHILLER,"2ND COMPARTMENT
110g Cauliflower

NET WEIGHT: 420g ",SCHWEFELDIOXIDE UND SULFITE,,0.70477,,,,,,,0.24251,5.50555,0.3441,PCK-00-151923-5,2nd,

FV0232A - Herb Crusted Chicken [BNL],REC-013836-4-004,R,1,portions,Herb-Crusted Chicken - 1 piece,S,,1,each,,SUB-013811-4-001,MARINADE / CRUSTED / OVEN / BLAST CHILLER,"***PLATING INSTRUCTIONS***
(From the bottom to the top)

2 Compartment

MAIN COMPARTMENT
mash on bottom - 100g
crusted chicken on top - 1 EA","EIER, MANDELN, MILCH (EINSCHLIESSLICH LAKTOSE), SCHALENFRÜCHTE, SENF",,0.73684,1,HAND_PORTIONED,Hand Portioned,BY_TRAY,,4.93836,0.30865,6.70206,0.41888,PCK-00-151923-5,Main,
FV0232A - Herb Crusted Chicken [BNL],REC-013836-4-004,R,1,portions,Mash - Garlic Herb Mashed Cauliflower - Rice,S,,100,grams,,SUB-013551-4-001,HAND MIX / BLAST CHILLER,,MILCH (EINSCHLIESSLICH LAKTOSE),,0.97998,1,SCOOP,beige,LEVEL,,,0.22046,3.59945,0.22497,PCK-00-151923-5,Main,
FV0232A - Herb Crusted Chicken [BNL],REC-013836-4-004,R,1,portions,Almonds - Garlic & Black Pepper Toasted Almonds,S,,6,grams,,SUB-013553-4-001,HAND MARINADE / OVEN / BLAST CHILLER,"2ND COMPARTMENT
1. green beans - 80g
2. toasted almonds - 6g
3. butter - 13g (1/2 scoop)

Net Weight: 339g","MANDELN, SCHALENFRÜCHTE",,0.81278,1,SCOOP,silver #110,NATURAL,,,0.01323,0.2604,0.01627,PCK-00-151923-5,2nd,
FV0232A - Herb Crusted Chicken [BNL],REC-013836-4-004,R,1,portions,Green beans - oil and sea salt,S,,80,grams,,SUB-013552-4-001,OVEN / BLAST CHILLER,,,,0.76705,1,SCOOP,white,LEVEL,,,0.17637,3.6789,0.22993,PCK-00-151923-5,2nd,
FV0232A - Herb Crusted Chicken [BNL],REC-013836-4-004,R,1,portions,Compound butter - Garlic Lemon Butter,S,,13,grams,,SUB-013547-4-001,PLANETARY MIXER / SCOOPER (BUTTER) / BLAST CHILLER,,MILCH (EINSCHLIESSLICH LAKTOSE),,0.90575,13,HAND_PORTIONED,Hand Portioned,BY_TRAY,,,0.02866,0.50628,0.03164,PCK-00-151923-5,2nd,

FV0232A - Herb Crusted Chicken [DE],REC-013836-4-006,R,1,portions,Herb-Crusted Chicken - 1 piece,S,,1,each,,SUB-013811-4-001,MARINADE / CRUSTED / OVEN / BLAST CHILLER,"***PLATING INSTRUCTIONS***
(From the bottom to the top)

2 Compartment

MAIN COMPARTMENT
mash on bottom - 100g
crusted chicken on top - 1 EA

","EIER, MANDELN, MILCH (EINSCHLIESSLICH LAKTOSE), SCHALENFRÜCHTE, SENF",,0.73684,,,,,,4.93836,0.30865,6.70206,0.41888,PCK-00-151923-5,Main,
FV0232A - Herb Crusted Chicken [DE],REC-013836-4-006,R,1,portions,Mash - Garlic Herb Mashed Cauliflower - Rice,S,,100,grams,,SUB-013551-4-001,HAND MIX / BLAST CHILLER,,MILCH (EINSCHLIESSLICH LAKTOSE),,0.97998,1,SCOOP,beige,LEVEL,,,0.22046,3.59945,0.22497,PCK-00-151923-5,Main,
FV0232A - Herb Crusted Chicken [DE],REC-013836-4-006,R,1,portions,Almonds - Garlic & Black Pepper Toasted Almonds,S,,6,grams,,SUB-013553-4-001,HAND MARINADE / OVEN / BLAST CHILLER,"2ND COMPARTMENT
1. green beans - 80g
2. toasted almonds - 6g
3. butter - 13g (1/2 scoop)

Net Weight: 339g","MANDELN, SCHALENFRÜCHTE",,0.81278,1,SCOOP,silver #110,NATURAL,,,0.01323,0.2604,0.01627,PCK-00-151923-5,2nd,
FV0232A - Herb Crusted Chicken [DE],REC-013836-4-006,R,1,portions,Green beans - oil and sea salt,S,,80,grams,,SUB-013552-4-001,OVEN / BLAST CHILLER,,,,0.76705,1,SCOOP,white,LEVEL,,,0.17637,3.6789,0.22993,PCK-00-151923-5,2nd,
FV0232A - Herb Crusted Chicken [DE],REC-013836-4-006,R,1,portions,Compound butter - Garlic Lemon Butter,S,,13,grams,,SUB-013547-4-001,PLANETARY MIXER / SCOOPER (BUTTER) / BLAST CHILLER,,MILCH (EINSCHLIESSLICH LAKTOSE),,0.90575,13,HAND_PORTIONED,Hand Portioned,BY_TRAY,,,0.02866,0.50628,0.03164,PCK-00-151923-5,2nd,

FV0232A - Herb Crusted Chicken [DKSE],REC-013836-4-005,R,1,portions,Herb-Crusted Chicken - 1 piece,S,,1,each,,SUB-013811-4-001,MARINADE / CRUSTED / OVEN / BLAST CHILLER,"***PLATING INSTRUCTIONS***
(From the bottom to the top)

2 Compartment

MAIN COMPARTMENT
mash on bottom - 100g
crusted chicken on top - 1 EA

","EIER, MANDELN, MILCH (EINSCHLIESSLICH LAKTOSE), SCHALENFRÜCHTE, SENF",,0.73684,1,HAND_PORTIONED,Hand Portioned,BY_TRAY,,4.93836,0.30865,6.70206,0.41888,PCK-00-151923-5,Main,
FV0232A - Herb Crusted Chicken [DKSE],REC-013836-4-005,R,1,portions,Mash - Garlic Herb Mashed Cauliflower - Rice,S,,100,grams,,SUB-013551-4-001,HAND MIX / BLAST CHILLER,,MILCH (EINSCHLIESSLICH LAKTOSE),,0.97998,1,SCOOP,beige,LEVEL,,,0.22046,3.59945,0.22497,PCK-00-151923-5,Main,
FV0232A - Herb Crusted Chicken [DKSE],REC-013836-4-005,R,1,portions,Almonds - Garlic & Black Pepper Toasted Almonds,S,,6,grams,,SUB-013553-4-001,HAND MARINADE / OVEN / BLAST CHILLER,"2ND COMPARTMENT
1. green beans - 80g
2. toasted almonds - 6g
3. butter - 13g (1/2 scoop)

Net Weight: 339g","MANDELN, SCHALENFRÜCHTE",,0.81278,1,SCOOP,silver #110,LEVEL,,,0.01323,0.2604,0.01627,PCK-00-151923-5,2nd,
FV0232A - Herb Crusted Chicken [DKSE],REC-013836-4-005,R,1,portions,Green beans - oil and sea salt,S,,80,grams,,SUB-013552-4-001,OVEN / BLAST CHILLER,,,,0.76705,1,SCOOP,white,LEVEL,,,0.17637,3.6789,0.22993,PCK-00-151923-5,2nd,
FV0232A - Herb Crusted Chicken [DKSE],REC-013836-4-005,R,1,portions,Compound butter - Garlic Lemon Butter,S,,13,grams,,SUB-013547-4-001,PLANETARY MIXER / SCOOPER (BUTTER) / BLAST CHILLER,,MILCH (EINSCHLIESSLICH LAKTOSE),,0.90575,1,HAND_PORTIONED,Hand Portioned,BY_TRAY,,,0.02866,0.50628,0.03164,PCK-00-151923-5,2nd,

FV0243A - [BNL] - Vegan risotto and mushrooms in red wine sauce,REC-013830-4-004,R,1,portions,Vegan Onion Risotto,S,,160,grams,,SUB-013655-4-001,SPICE PORTIONING / BRAISER / BLAST CHILLER,"***PLATING INSTRUCTIONS***
(From the bottom to the top)

2 Compartment

MAIN:
risotto = 160g 
portobellos = 50g
mushrooms = 80g
marsala sauce = 40g",SCHWEFELDIOXIDE UND SULFITE,,0.86973,,,,,,,0.35274,6.4892,0.40558,PCK-00-151923-5,Main,
FV0243A - [BNL] - Vegan risotto and mushrooms in red wine sauce,REC-013830-4-004,R,1,portions,Roasted Portobellos - Marsala,S,,50,grams,,SUB-013792-4-001,OVEN / BLAST CHILLER,,,,0.70043,,,,,,,0.11023,2.51804,0.15738,PCK-00-151923-5,Main,
FV0243A - [BNL] - Vegan risotto and mushrooms in red wine sauce,REC-013830-4-004,R,1,portions,Roasted Mushrooms - Sliced - Less Oil,S,,80,grams,,SUB-013800-4-001,OVEN / BLAST CHILLER,,,,0.77421,,,,,,,0.17637,3.6449,0.22781,PCK-00-151923-5,Main,
FV0243A - [BNL] - Vegan risotto and mushrooms in red wine sauce,REC-013830-4-004,R,1,portions,Sauce - Vegan Marsala Sauce,S,,40,grams,,SUB-013829-4-001,SPICE PORTIONING / IMMERSION BLENDER / BRAISER / BLAST CHILLER,,"SCHWEFELDIOXIDE UND SULFITE, SELLERIE",,0.7682,,,,,,,0.08818,1.83671,0.11479,PCK-00-151923-5,Main,
FV0243A - [BNL] - Vegan risotto and mushrooms in red wine sauce,REC-013830-4-004,R,1,portions,Green beans - Roasted Green Beans w/ Roasted Garlic - Less Oil,S,,70,grams,,SUB-013529-4-001,OVEN / BLAST CHILLER,"2ND COMPARTMENT
green beans = 70g

NET WEIGHT = 400 g",,,0.68735,,,,,,,0.15432,3.59232,0.22452,PCK-00-151923-5,2nd,

FV0243A - [DE] - Vegan risotto and mushrooms in red wine sauce,REC-013830-4-005,R,1,portions,Vegan Onion Risotto,S,,160,grams,,SUB-013655-4-001,SPICE PORTIONING / BRAISER / BLAST CHILLER,"***PLATING INSTRUCTIONS***
(From the bottom to the top)

2 Compartment

MAIN:
risotto = 160g 
portobellos = 50g
mushrooms = 80g
marsala sauce = 40g",SCHWEFELDIOXIDE UND SULFITE,,0.86973,,,,,,,0.35274,6.4892,0.40558,PCK-00-151923-5,Main,
FV0243A - [DE] - Vegan risotto and mushrooms in red wine sauce,REC-013830-4-005,R,1,portions,Roasted Portobellos - Marsala,S,,50,grams,,SUB-013792-4-001,OVEN / BLAST CHILLER,,,,0.70043,,,,,,,0.11023,2.51804,0.15738,PCK-00-151923-5,Main,
FV0243A - [DE] - Vegan risotto and mushrooms in red wine sauce,REC-013830-4-005,R,1,portions,Roasted Mushrooms - Sliced - Less Oil,S,,80,grams,,SUB-013800-4-001,OVEN / BLAST CHILLER,,,,0.77421,,,,,,,0.17637,3.6449,0.22781,PCK-00-151923-5,Main,
FV0243A - [DE] - Vegan risotto and mushrooms in red wine sauce,REC-013830-4-005,R,1,portions,Sauce - Vegan Marsala Sauce,S,,40,grams,,SUB-013829-4-001,SPICE PORTIONING / IMMERSION BLENDER / BRAISER / BLAST CHILLER,,"SCHWEFELDIOXIDE UND SULFITE, SELLERIE",,0.7682,,,,,,,0.08818,1.83671,0.11479,PCK-00-151923-5,Main,
FV0243A - [DE] - Vegan risotto and mushrooms in red wine sauce,REC-013830-4-005,R,1,portions,Green beans - Roasted Green Beans w/ Roasted Garlic - Less Oil,S,,70,grams,,SUB-013529-4-001,OVEN / BLAST CHILLER,"2ND COMPARTMENT
green beans = 70g

NET WEIGHT = 400 g",,,0.68735,,,,,,,0.15432,3.59232,0.22452,PCK-00-151923-5,2nd,

FV0243A - [DK/SE] - Vegan risotto and mushrooms in red wine sauce,REC-013830-4-003,R,1,portions,Vegan Onion Risotto,S,,160,grams,,SUB-013655-4-001,SPICE PORTIONING / BRAISER / BLAST CHILLER,"***PLATING INSTRUCTIONS***
(From the bottom to the top)

2 Compartment

MAIN:
risotto = 160g 
portobellos = 50g
mushrooms = 80g
marsala sauce = 40g",SCHWEFELDIOXIDE UND SULFITE,,0.86973,,,,,,,0.35274,6.4892,0.40558,PCK-00-151923-5,Main,
FV0243A - [DK/SE] - Vegan risotto and mushrooms in red wine sauce,REC-013830-4-003,R,1,portions,Roasted Portobellos - Marsala,S,,50,grams,,SUB-013792-4-001,OVEN / BLAST CHILLER,,,,0.70043,,,,,,,0.11023,2.51804,0.15738,PCK-00-151923-5,Main,
FV0243A - [DK/SE] - Vegan risotto and mushrooms in red wine sauce,REC-013830-4-003,R,1,portions,Roasted Mushrooms - Sliced - Less Oil,S,,80,grams,,SUB-013800-4-001,OVEN / BLAST CHILLER,,,,0.77421,,,,,,,0.17637,3.6449,0.22781,PCK-00-151923-5,Main,
FV0243A - [DK/SE] - Vegan risotto and mushrooms in red wine sauce,REC-013830-4-003,R,1,portions,Sauce - Vegan Marsala Sauce,S,,40,grams,,SUB-013829-4-001,SPICE PORTIONING / IMMERSION BLENDER / BRAISER / BLAST CHILLER,,"SCHWEFELDIOXIDE UND SULFITE, SELLERIE",,0.7682,,,,,,,0.08818,1.83671,0.11479,PCK-00-151923-5,Main,
FV0243A - [DK/SE] - Vegan risotto and mushrooms in red wine sauce,REC-013830-4-003,R,1,portions,Green beans - Roasted Green Beans w/ Roasted Garlic - Less Oil,S,,70,grams,,SUB-013529-4-001,OVEN / BLAST CHILLER,"2ND COMPARTMENT
green beans = 70g

NET WEIGHT = 400 g",,,0.68735,,,,,,,0.15432,3.59232,0.22452,PCK-00-151923-5,2nd,

FV0257A - Greek style ground beef and feta [BNL],REC-013943-4-005,R,1,portions,Ground beef - Red Wine & Garlic Beef Ragu,S,,130,grams,,SUB-013683-4-001,SPICE PORTIONING / IMMERSION BLENDER / BRAISER / BLAST CHILLER,"

(peppers and spinach can be combined for plating)
***PLATING INSTRUCTIONS***
(From the bottom to the top)

3 Compartment

MAIN COMPARTMENT
130g = beef ragu
40g = garlic spinach
20g = peppers
30g = roasted grape tomatoes
15g = herbed feta


Net Weight : 373g",SCHWEFELDIOXIDE UND SULFITE,,0.75362,,,,,,,0.2866,6.08476,0.3803,PCK-00-151924-5,Main,
FV0257A - Greek style ground beef and feta [BNL],REC-013943-4-005,R,1,portions,Spinach - Garlic Spinach - Frzn Spinach - less garlic,S,,40,grams,,SUB-013415-4-001,OVEN / BLAST CHILLER,,SCHWEFELDIOXIDE UND SULFITE,,0.80664,,,,,,,0.08818,1.74917,0.10932,PCK-00-151924-5,Main,
FV0257A - Greek style ground beef and feta [BNL],REC-013943-4-005,R,1,portions,"Red peppers - Roasted diced ¼"" red bell peppers",S,,20,grams,,SUB-013372-4-001,OVEN / BLAST CHILLER,,,,0.69039,,,,,,,0.04409,1.02185,0.06387,PCK-00-151924-5,Main,
FV0257A - Greek style ground beef and feta [BNL],REC-013943-4-005,R,1,portions,Tomatoes - Roasted cherry tomatoes,S,,30,grams,,SUB-013627-4-001,OVEN / BLAST CHILLER,,,,0.8416,,,,,,,0.06614,1.25739,0.07859,PCK-00-151924-5,Main,
FV0257A - Greek style ground beef and feta [BNL],REC-013943-4-005,R,1,portions,Herbed feta,S,,15,grams,,SUB-013684-4-001,HAND MIX,,MILCH (EINSCHLIESSLICH LAKTOSE),,0.994,,,,,,,0.03307,0.5323,0.03327,PCK-00-151924-5,Main,
FV0257A - Greek style ground beef and feta [BNL],REC-013943-4-005,R,1,portions,Zucchini - Garlic Roasted Zucchini,S,,85,grams,,SUB-013632-4-001,OVEN / BLAST CHILLER,"2ND COMPARTMENT
85g = zucchini  
8 g = oregano tomato butter",,,0.6565,,,,,,,0.18739,4.56706,0.28544,PCK-00-151924-5,2nd,
FV0257A - Greek style ground beef and feta [BNL],REC-013943-4-005,R,1,portions,Compound butter - Oregano-Tomato,S,,8,grams,,SUB-013634-4-001,PLANETARY MIXER / SCOOPER (BUTTER) / BLAST CHILLER,,MILCH (EINSCHLIESSLICH LAKTOSE),,0.9468,,,,,,,0.01764,0.29805,0.01863,PCK-00-151924-5,2nd,
FV0257A - Greek style ground beef and feta [BNL],REC-013943-4-005,R,1,portions,Sauce - Yia Yia's Creamy Greek Sauce - sour cream,S,,40,grams,,SUB-013685-4-001,IMMERSION BLENDER / CUPPING,"3RD COMPARTMENT
40g = creamy greek sauce in cup",MILCH (EINSCHLIESSLICH LAKTOSE),,0.96881,1,CUP,Cup,,,,0.08818,1.45638,0.09102,PCK-00-151924-5,3rd,

FV0257A - Greek style ground beef and feta [DE],REC-013943-4-004,R,1,portions,Ground beef - Red Wine & Garlic Beef Ragu,S,,130,grams,,SUB-013683-4-001,SPICE PORTIONING / IMMERSION BLENDER / BRAISER / BLAST CHILLER,"

(peppers and spinach can be combined for plating)
***PLATING INSTRUCTIONS***
(From the bottom to the top)

3 Compartment

MAIN COMPARTMENT
130g = beef ragu
40g = garlic spinach
20g = peppers
30g = roasted grape tomatoes
15g = herbed feta


Net Weight : 373g",SCHWEFELDIOXIDE UND SULFITE,,0.75362,,,,,,,0.2866,6.08476,0.3803,PCK-00-151924-5,Main,
FV0257A - Greek style ground beef and feta [DE],REC-013943-4-004,R,1,portions,Spinach - Garlic Spinach - Frzn Spinach - less garlic,S,,40,grams,,SUB-013415-4-001,OVEN / BLAST CHILLER,,SCHWEFELDIOXIDE UND SULFITE,,0.80664,,,,,,,0.08818,1.74917,0.10932,PCK-00-151924-5,Main,
FV0257A - Greek style ground beef and feta [DE],REC-013943-4-004,R,1,portions,"Red peppers - Roasted diced ¼"" red bell peppers",S,,20,grams,,SUB-013372-4-001,OVEN / BLAST CHILLER,,,,0.69039,,,,,,,0.04409,1.02185,0.06387,PCK-00-151924-5,Main,
FV0257A - Greek style ground beef and feta [DE],REC-013943-4-004,R,1,portions,Tomatoes - Roasted cherry tomatoes,S,,30,grams,,SUB-013627-4-001,OVEN / BLAST CHILLER,,,,0.8416,,,,,,,0.06614,1.25739,0.07859,PCK-00-151924-5,Main,
FV0257A - Greek style ground beef and feta [DE],REC-013943-4-004,R,1,portions,Herbed feta,S,,15,grams,,SUB-013684-4-001,HAND MIX,,MILCH (EINSCHLIESSLICH LAKTOSE),,0.994,,,,,,,0.03307,0.5323,0.03327,PCK-00-151924-5,Main,
FV0257A - Greek style ground beef and feta [DE],REC-013943-4-004,R,1,portions,Zucchini - Garlic Roasted Zucchini,S,,85,grams,,SUB-013632-4-001,OVEN / BLAST CHILLER,"2ND COMPARTMENT
85g = zucchini  
8 g = oregano tomato butter",,,0.6565,,,,,,,0.18739,4.56706,0.28544,PCK-00-151924-5,2nd,
FV0257A - Greek style ground beef and feta [DE],REC-013943-4-004,R,1,portions,Compound butter - Oregano-Tomato,S,,8,grams,,SUB-013634-4-001,PLANETARY MIXER / SCOOPER (BUTTER) / BLAST CHILLER,,MILCH (EINSCHLIESSLICH LAKTOSE),,0.9468,,,,,,,0.01764,0.29805,0.01863,PCK-00-151924-5,2nd,
FV0257A - Greek style ground beef and feta [DE],REC-013943-4-004,R,1,portions,Sauce - Yia Yia's Creamy Greek Sauce - sour cream,S,,40,grams,,SUB-013685-4-001,IMMERSION BLENDER / CUPPING,"3RD COMPARTMENT
40g = creamy greek sauce in cup",MILCH (EINSCHLIESSLICH LAKTOSE),,0.96881,1,CUP,Cup,,,,0.08818,1.45638,0.09102,PCK-00-151924-5,3rd,

FV0257A - Greek style ground beef and feta [DKSE],REC-013943-4-003,R,1,portions,Ground beef - Red Wine & Garlic Beef Ragu,S,,130,grams,,SUB-013683-4-001,SPICE PORTIONING / IMMERSION BLENDER / BRAISER / BLAST CHILLER,"

(peppers and spinach can be combined for plating)
***PLATING INSTRUCTIONS***
(From the bottom to the top)

3 Compartment

MAIN COMPARTMENT
130g = beef ragu
40g = garlic spinach
20g = peppers
30g = roasted grape tomatoes
15g = herbed feta


Net Weight : 373g",SCHWEFELDIOXIDE UND SULFITE,,0.75362,,,,,,,0.2866,6.08476,0.3803,PCK-00-151924-5,Main,
FV0257A - Greek style ground beef and feta [DKSE],REC-013943-4-003,R,1,portions,Spinach - Garlic Spinach - Frzn Spinach - less garlic,S,,40,grams,,SUB-013415-4-001,OVEN / BLAST CHILLER,,SCHWEFELDIOXIDE UND SULFITE,,0.80664,,,,,,,0.08818,1.74917,0.10932,PCK-00-151924-5,Main,
FV0257A - Greek style ground beef and feta [DKSE],REC-013943-4-003,R,1,portions,"Red peppers - Roasted diced ¼"" red bell peppers",S,,20,grams,,SUB-013372-4-001,OVEN / BLAST CHILLER,,,,0.69039,,,,,,,0.04409,1.02185,0.06387,PCK-00-151924-5,Main,
FV0257A - Greek style ground beef and feta [DKSE],REC-013943-4-003,R,1,portions,Tomatoes - Roasted cherry tomatoes,S,,30,grams,,SUB-013627-4-001,OVEN / BLAST CHILLER,,,,0.8416,,,,,,,0.06614,1.25739,0.07859,PCK-00-151924-5,Main,
FV0257A - Greek style ground beef and feta [DKSE],REC-013943-4-003,R,1,portions,Herbed feta,S,,15,grams,,SUB-013684-4-001,HAND MIX,,MILCH (EINSCHLIESSLICH LAKTOSE),,0.994,,,,,,,0.03307,0.5323,0.03327,PCK-00-151924-5,Main,
FV0257A - Greek style ground beef and feta [DKSE],REC-013943-4-003,R,1,portions,Zucchini - Garlic Roasted Zucchini,S,,85,grams,,SUB-013632-4-001,OVEN / BLAST CHILLER,"2ND COMPARTMENT
85g = zucchini  
8 g = oregano tomato butter",,,0.6565,,,,,,,0.18739,4.56706,0.28544,PCK-00-151924-5,2nd,
FV0257A - Greek style ground beef and feta [DKSE],REC-013943-4-003,R,1,portions,Compound butter - Oregano-Tomato,S,,8,grams,,SUB-013634-4-001,PLANETARY MIXER / SCOOPER (BUTTER) / BLAST CHILLER,,MILCH (EINSCHLIESSLICH LAKTOSE),,0.9468,,,,,,,0.01764,0.29805,0.01863,PCK-00-151924-5,2nd,
FV0257A - Greek style ground beef and feta [DKSE],REC-013943-4-003,R,1,portions,Sauce - Yia Yia's Creamy Greek Sauce - sour cream,S,,40,grams,,SUB-013685-4-001,IMMERSION BLENDER / CUPPING,"3RD COMPARTMENT
40g = creamy greek sauce in cup",MILCH (EINSCHLIESSLICH LAKTOSE),,0.96881,1,CUP,Cup,,,,0.08818,1.45638,0.09102,PCK-00-151924-5,3rd,

FV0281A - Baja Salmon [BNL],REC-014197-4-006,R,1,portions,Mexican Cauliflower Rice,S,,120,grams,,SUB-014051-4-001,OVEN,"***PLATING INSTRUCTIONS***
(From the bottom to the top)

2 Compartment
MAIN COMPARTMENT
120g cauliflower rice
1 ea salmon
12g butter",,,0.70768,1,SCOOP,grey,NATURAL,,,0.26455,5.98132,0.37383,PCK-00-151924-5,Main,
FV0281A - Baja Salmon [BNL],REC-014197-4-006,R,1,portions,Salmon - BAJA Salmon - Batch,S,,1,each,,SUB-014053-4-001,THAW / HAND MARINADE / OVEN / BLAST CHILLER,,"FISCH, SCHWEFELDIOXIDE UND SULFITE",,0.7335,1,HAND_PORTIONED,Hand Portioned,,,4.23288,0.26455,5.77082,0.36068,PCK-00-151924-5,Main,
FV0281A - Baja Salmon [BNL],REC-014197-4-006,R,1,portions,Compound butter - Chili-Garlic Butter - master batch,S,,12,grams,,SUB-014054-4-001,PLANETARY MIXER / SCOOPER (BUTTER) / BLAST CHILLER,,MILCH (EINSCHLIESSLICH LAKTOSE),,0.91103,1,SCOOP,silver #110,LEVEL,,,0.02646,0.46462,0.02904,PCK-00-151924-5,Main,
FV0281A - Baja Salmon [BNL],REC-014197-4-006,R,1,portions,Broccoli - S&P Broccoli FLORETS - less salt,S,,85,grams,,SUB-013822-4-001,HAND MIX,"2ND COMPARTMENT
85g broccoli florets",,,0.69966,1,SCOOP,grey,LEVEL,,,0.18739,4.28538,0.26784,PCK-00-151924-5,2nd,
FV0281A - Baja Salmon [BNL],REC-014197-4-006,R,1,portions,Sauce - Cilantro Sour Cream,S,,40,grams,,SUB-013701-4-001,IMMERSION BLENDER / CUPPING,"3RD COMPARTMENT
40g sauce Cupped

Total weight = 377g",MILCH (EINSCHLIESSLICH LAKTOSE),,0.8912,1,CUP,Cup,,,,0.08818,1.58321,0.09895,PCK-00-151924-5,3rd,

FV0281A - Baja Salmon [DE],REC-014197-4-004,R,1,portions,Mexican Cauliflower Rice,S,,120,grams,,SUB-014051-4-001,OVEN,"***PLATING INSTRUCTIONS***
(From the bottom to the top)

2 Compartment
MAIN COMPARTMENT
120g cauliflower rice
1 ea salmon
12g butter",,,0.70768,1,SCOOP,grey,NATURAL,,,0.26455,5.98132,0.37383,PCK-00-151924-5,Main,
FV0281A - Baja Salmon [DE],REC-014197-4-004,R,1,portions,Salmon - BAJA Salmon - Batch,S,,1,each,,SUB-014053-4-001,THAW / HAND MARINADE / OVEN / BLAST CHILLER,,"FISCH, SCHWEFELDIOXIDE UND SULFITE",,0.7335,1,HAND_PORTIONED,Hand Portioned,,,4.23288,0.26455,5.77082,0.36068,PCK-00-151924-5,Main,
FV0281A - Baja Salmon [DE],REC-014197-4-004,R,1,portions,Compound butter - Chili-Garlic Butter - master batch,S,,12,grams,,SUB-014054-4-001,PLANETARY MIXER / SCOOPER (BUTTER) / BLAST CHILLER,,MILCH (EINSCHLIESSLICH LAKTOSE),,0.91103,1,SCOOP,silver #110,LEVEL,,,0.02646,0.46462,0.02904,PCK-00-151924-5,Main,
FV0281A - Baja Salmon [DE],REC-014197-4-004,R,1,portions,Broccoli - S&P Broccoli FLORETS - less salt,S,,85,grams,,SUB-013822-4-001,HAND MIX,"2ND COMPARTMENT
85g broccoli florets",,,0.69966,1,SCOOP,grey,LEVEL,,,0.18739,4.28538,0.26784,PCK-00-151924-5,2nd,
FV0281A - Baja Salmon [DE],REC-014197-4-004,R,1,portions,Sauce - Cilantro Sour Cream,S,,40,grams,,SUB-013701-4-001,IMMERSION BLENDER / CUPPING,"3RD COMPARTMENT
40g sauce Cupped

Total weight = 377g",MILCH (EINSCHLIESSLICH LAKTOSE),,0.8912,1,CUP,Cup,,,,0.08818,1.58321,0.09895,PCK-00-151924-5,3rd,

FV0281A - Baja Salmon [DKSE],REC-014197-4-005,R,1,portions,Mexican Cauliflower Rice,S,,120,grams,,SUB-014051-4-001,OVEN,"***PLATING INSTRUCTIONS***
(From the bottom to the top)

2 Compartment
MAIN COMPARTMENT
120g cauliflower rice
1 ea salmon
12g butter",,,0.70768,1,SCOOP,grey,NATURAL,,,0.26455,5.98132,0.37383,PCK-00-151924-5,Main,
FV0281A - Baja Salmon [DKSE],REC-014197-4-005,R,1,portions,Salmon - BAJA Salmon - Batch,S,,1,each,,SUB-014053-4-001,THAW / HAND MARINADE / OVEN / BLAST CHILLER,,"FISCH, SCHWEFELDIOXIDE UND SULFITE",,0.7335,1,HAND_PORTIONED,Hand Portioned,,,4.23288,0.26455,5.77082,0.36068,PCK-00-151924-5,Main,
FV0281A - Baja Salmon [DKSE],REC-014197-4-005,R,1,portions,Compound butter - Chili-Garlic Butter - master batch,S,,12,grams,,SUB-014054-4-001,PLANETARY MIXER / SCOOPER (BUTTER) / BLAST CHILLER,,MILCH (EINSCHLIESSLICH LAKTOSE),,0.91103,1,SCOOP,silver #110,LEVEL,,,0.02646,0.46462,0.02904,PCK-00-151924-5,Main,
FV0281A - Baja Salmon [DKSE],REC-014197-4-005,R,1,portions,Broccoli - S&P Broccoli FLORETS - less salt,S,,85,grams,,SUB-013822-4-001,HAND MIX,"2ND COMPARTMENT
85g broccoli florets",,,0.69966,1,SCOOP,grey,LEVEL,,,0.18739,4.28538,0.26784,PCK-00-151924-5,2nd,
FV0281A - Baja Salmon [DKSE],REC-014197-4-005,R,1,portions,Sauce - Cilantro Sour Cream,S,,40,grams,,SUB-013701-4-001,IMMERSION BLENDER / CUPPING,"3RD COMPARTMENT
40g sauce Cupped

Total weight = 377g",MILCH (EINSCHLIESSLICH LAKTOSE),,0.8912,1,CUP,Cup,,,,0.08818,1.58321,0.09895,PCK-00-151924-5,3rd,

FV0322A - Sour Cream & Chive Chicken [BNL],REC-014219-4-001,R,1,portions,Sour Cream and Chive Mashed Yukons (more salt),S,,110,grams,,SUB-014217-4-001,PLANETARY MIXER / BLAST CHILLER,"***PLATING INSTRUCTIONS***
(From the bottom to the top)

2 Compartment
MAIN COMPARTMENT
Next to each other: 
1) 110g sour cream and chive mash
2) 60g broccoli
1 pc Chicken

2ND COMPARTMENT
110g green beans
butter (10g)
",MILCH (EINSCHLIESSLICH LAKTOSE),,0.95705,1,SCOOP,grey,LEVEL,,,0.24251,4.05425,0.25339,PCK-00-151923-5,Main,
FV0322A - Sour Cream & Chive Chicken [BNL],REC-014219-4-001,R,1,portions,Broccoli - Roasted S&P,S,,60,grams,,SUB-016200-4-001,OVEN / BLAST CHILLER,,,,0.7425,60,HAND_PORTIONED,Hand Portioned,BY_TRAY,,,0.13228,2.85043,0.17815,PCK-00-151923-5,Main,
FV0322A - Sour Cream & Chive Chicken [BNL],REC-014219-4-001,R,1,portions,Grilled Chicken Breast Marinade #4 - Garlic Herb (EACH),S,,1,each,,SUB-014216-4-001,MARINADE / GRILL / OVEN / BLAST CHILLER,,SCHWEFELDIOXIDE UND SULFITE,,0.71642,1,HAND_PORTIONED,Hand Portioned,BY_TRAY,,4.23288,0.26455,5.90839,0.36927,PCK-00-151923-5,Main,
FV0322A - Sour Cream & Chive Chicken [BNL],REC-014219-4-001,R,1,portions,S&P Roasted Green Beans 1,S,,110,grams,,SUB-014184-4-001,OVEN / BLAST CHILLER,,,,0.62123,110,HAND_PORTIONED,Hand Portioned,BY_TRAY,,,0.24251,6.24586,0.39037,PCK-00-151923-5,2nd,
FV0322A - Sour Cream & Chive Chicken [BNL],REC-014219-4-001,R,1,portions,Chive-Garlic Butter,S,,10,grams,,SUB-014218-4-001,PLANETARY MIXER / SCOOPER (BUTTER) / BLAST CHILLER,,MILCH (EINSCHLIESSLICH LAKTOSE),,0.9246,1,SCOOP,silver #110,LEVEL,,,0.02205,0.38151,0.02384,PCK-00-151923-5,2nd,

FV0322A - Sour Cream & Chive Chicken [DE],REC-014219-4-003,R,1,portions,Sour Cream and Chive Mashed Yukons (more salt),S,,110,grams,,SUB-014217-4-001,PLANETARY MIXER / BLAST CHILLER,"***PLATING INSTRUCTIONS***
(From the bottom to the top)

2 Compartment
MAIN COMPARTMENT
Next to each other: 
1) 110g sour cream and chive mash
2) 60g broccoli
1 pc Chicken


",MILCH (EINSCHLIESSLICH LAKTOSE),,0.95705,1,SCOOP,grey,LEVEL,,,0.24251,4.05425,0.25339,PCK-00-151923-5,Main,
FV0322A - Sour Cream & Chive Chicken [DE],REC-014219-4-003,R,1,portions,Broccoli - Roasted S&P,S,,60,grams,,SUB-016200-4-001,OVEN / BLAST CHILLER,,,,0.7425,60,HAND_PORTIONED,Hand Portioned,BY_TRAY,,,0.13228,2.85043,0.17815,PCK-00-151923-5,Main,
FV0322A - Sour Cream & Chive Chicken [DE],REC-014219-4-003,R,1,portions,Grilled Chicken Breast Marinade #4 - Garlic Herb (EACH),S,,1,each,,SUB-014216-4-001,MARINADE / GRILL / OVEN / BLAST CHILLER,,SCHWEFELDIOXIDE UND SULFITE,,0.71642,1,HAND_PORTIONED,Hand Portioned,BY_TRAY,,4.23288,0.26455,5.90839,0.36927,PCK-00-151923-5,Main,
FV0322A - Sour Cream & Chive Chicken [DE],REC-014219-4-003,R,1,portions,S&P Roasted Green Beans 1,S,,110,grams,,SUB-014184-4-001,OVEN / BLAST CHILLER,"2ND COMPARTMENT
110g green beans
butter (10g)

410g net weight",,,0.62123,110,HAND_PORTIONED,Hand Portioned,BY_TRAY,,,0.24251,6.24586,0.39037,PCK-00-151923-5,2nd,
FV0322A - Sour Cream & Chive Chicken [DE],REC-014219-4-003,R,1,portions,Chive-Garlic Butter,S,,10,grams,,SUB-014218-4-001,PLANETARY MIXER / SCOOPER (BUTTER) / BLAST CHILLER,,MILCH (EINSCHLIESSLICH LAKTOSE),,0.9246,10,SCOOP,silver #110,LEVEL,,,0.02205,0.38151,0.02384,PCK-00-151923-5,2nd,

FV0322A - Sour Cream & Chive Chicken [DKSE],REC-014219-4-002,R,1,portions,Sour Cream and Chive Mashed Yukons (more salt),S,,110,grams,,SUB-014217-4-001,PLANETARY MIXER / BLAST CHILLER,"***PLATING INSTRUCTIONS***
(From the bottom to the top)

2 Compartment
MAIN COMPARTMENT
Next to each other: 
1) 110g sour cream and chive mash
2) 60g broccoli
1 pc Chicken

2ND COMPARTMENT
110g green beans
butter (10g)
",MILCH (EINSCHLIESSLICH LAKTOSE),,0.95705,1,SCOOP,grey,LEVEL,,,0.24251,4.05425,0.25339,PCK-00-151923-5,Main,
FV0322A - Sour Cream & Chive Chicken [DKSE],REC-014219-4-002,R,1,portions,Broccoli - Roasted S&P,S,,60,grams,,SUB-016200-4-001,OVEN / BLAST CHILLER,,,,0.7425,60,HAND_PORTIONED,Hand Portioned,BY_TRAY,,,0.13228,2.85043,0.17815,PCK-00-151923-5,Main,
FV0322A - Sour Cream & Chive Chicken [DKSE],REC-014219-4-002,R,1,portions,Grilled Chicken Breast Marinade #4 - Garlic Herb (EACH),S,,1,each,,SUB-014216-4-001,MARINADE / GRILL / OVEN / BLAST CHILLER,,SCHWEFELDIOXIDE UND SULFITE,,0.71642,1,HAND_PORTIONED,Hand Portioned,BY_TRAY,,4.23288,0.26455,5.90839,0.36927,PCK-00-151923-5,Main,
FV0322A - Sour Cream & Chive Chicken [DKSE],REC-014219-4-002,R,1,portions,S&P Roasted Green Beans 1,S,,110,grams,,SUB-014184-4-001,OVEN / BLAST CHILLER,,,,0.62123,110,HAND_PORTIONED,Hand Portioned,BY_TRAY,,,0.24251,6.24586,0.39037,PCK-00-151923-5,2nd,
FV0322A - Sour Cream & Chive Chicken [DKSE],REC-014219-4-002,R,1,portions,Chive-Garlic Butter,S,,10,grams,,SUB-014218-4-001,PLANETARY MIXER / SCOOPER (BUTTER) / BLAST CHILLER,,MILCH (EINSCHLIESSLICH LAKTOSE),,0.9246,1,SCOOP,silver #110,LEVEL,,,0.02205,0.38151,0.02384,PCK-00-151923-5,2nd,

FV0332A - [BNL] North African style chicken fillet,REC-013748-4-002,R,1,portions,Rice -Lemon Brown Basmati Rice with Almonds + Dates,S,,100,grams,,SUB-033955-4-001,PLANETARY MIXER,"*** PLATING INSTRUCTIONS ***

Main Compartment

Rice on bottom - 100g
Roasted zucchini - 70g
Chicken breast - 1 EA

","MANDELN, SCHALENFRÜCHTE, SCHWEFELDIOXIDE UND SULFITE",,0.85875,,,,,,,0.22046,4.10762,0.25673,PCK-00-151924-5,Main,
FV0332A - [BNL] North African style chicken fillet,REC-013748-4-002,R,1,portions,Zucchini - Garlic Roasted Zucchini,S,,70,grams,,SUB-013632-4-001,OVEN / BLAST CHILLER,,,,0.6565,,,,,,,0.15432,3.76111,0.23507,PCK-00-151924-5,Main,
FV0332A - [BNL] North African style chicken fillet,REC-013748-4-002,R,1,portions,Chicken breast - Tunisian Spiced Chicken Batch,S,,1,each,,SUB-013746-4-001,MARINADE / GRILL / OVEN / BLAST CHILLER,,,,0.71856,,,,,,4.23288,0.26455,5.89076,0.36817,PCK-00-151924-5,Main,
FV0332A - [BNL] North African style chicken fillet,REC-013748-4-002,R,1,portions,Mixed peppers - Roasted Peppers & Red Onions - Tagine Spiced,S,,45,grams,,SUB-013648-4-001,OVEN / BLAST CHILLER,"Second Compartment

Carrots - 45g
Peppers/Onions - 45g
",SCHWEFELDIOXIDE UND SULFITE,,0.84158,,,,,,,0.09921,1.88612,0.11788,PCK-00-151924-5,2nd,
FV0332A - [BNL] North African style chicken fillet,REC-013748-4-002,R,1,portions,Carrots - Tagine Spiced,S,,45,grams,,SUB-013747-4-001,OVEN / BLAST CHILLER,,,,0.73831,,,,,,,0.09921,2.14995,0.13437,PCK-00-151924-5,2nd,
FV0332A - [BNL] North African style chicken fillet,REC-013748-4-002,R,1,portions,Sauce - Chermoula Sauce,S,,40,grams,,SUB-013645-4-001,SPICE PORTIONING / IMMERSION BLENDER / BRAISER / BLAST CHILLER,"Third Compartment

cup of sauce - 40g

NET WEIGHT: 420g",SCHWEFELDIOXIDE UND SULFITE,,0.99183,,,,,,,0.08818,1.42258,0.08891,PCK-00-151924-5,3rd,

FV0332A - [DE] North African style chicken fillet,REC-013748-4-003,R,1,portions,Rice -Lemon Brown Basmati Rice with Almonds + Dates,S,,100,grams,,SUB-033955-4-001,PLANETARY MIXER,"*** PLATING INSTRUCTIONS ***

Main Compartment

Rice on bottom - 100g
Roasted zucchini - 70g
Chicken breast - 1 EA

","MANDELN, SCHALENFRÜCHTE, SCHWEFELDIOXIDE UND SULFITE",,0.85875,,,,,,,0.22046,4.10762,0.25673,PCK-00-151924-5,Main,
FV0332A - [DE] North African style chicken fillet,REC-013748-4-003,R,1,portions,Zucchini - Garlic Roasted Zucchini,S,,70,grams,,SUB-013632-4-001,OVEN / BLAST CHILLER,,,,0.6565,,,,,,,0.15432,3.76111,0.23507,PCK-00-151924-5,Main,
FV0332A - [DE] North African style chicken fillet,REC-013748-4-003,R,1,portions,Chicken breast - Tunisian Spiced Chicken Batch,S,,1,each,,SUB-013746-4-001,MARINADE / GRILL / OVEN / BLAST CHILLER,,,,0.71856,,,,,,4.23288,0.26455,5.89076,0.36817,PCK-00-151924-5,Main,
FV0332A - [DE] North African style chicken fillet,REC-013748-4-003,R,1,portions,Mixed peppers - Roasted Peppers & Red Onions - Tagine Spiced,S,,45,grams,,SUB-013648-4-001,OVEN / BLAST CHILLER,"Second Compartment

Carrots - 45g
Peppers/Onions - 45g
",SCHWEFELDIOXIDE UND SULFITE,,0.84158,,,,,,,0.09921,1.88612,0.11788,PCK-00-151924-5,2nd,
FV0332A - [DE] North African style chicken fillet,REC-013748-4-003,R,1,portions,Carrots - Tagine Spiced,S,,45,grams,,SUB-013747-4-001,OVEN / BLAST CHILLER,,,,0.73831,,,,,,,0.09921,2.14995,0.13437,PCK-00-151924-5,2nd,
FV0332A - [DE] North African style chicken fillet,REC-013748-4-003,R,1,portions,Sauce - Chermoula Sauce,S,,40,grams,,SUB-013645-4-001,SPICE PORTIONING / IMMERSION BLENDER / BRAISER / BLAST CHILLER,"Third Compartment

cup of sauce - 40g

NET WEIGHT: 420g",SCHWEFELDIOXIDE UND SULFITE,,0.99183,,,,,,,0.08818,1.42258,0.08891,PCK-00-151924-5,3rd,

FV0332A - [DSKE] North African style chicken fillet,REC-013748-4-004,R,1,portions,Rice -Lemon Brown Basmati Rice with Almonds + Dates,S,,100,grams,,SUB-033955-4-001,PLANETARY MIXER,"*** PLATING INSTRUCTIONS ***

Main Compartment

Rice on bottom - 100g
Roasted zucchini - 70g
Chicken breast - 1 EA

","MANDELN, SCHALENFRÜCHTE, SCHWEFELDIOXIDE UND SULFITE",,0.85875,,,,,,,0.22046,4.10762,0.25673,PCK-00-151924-5,Main,
FV0332A - [DSKE] North African style chicken fillet,REC-013748-4-004,R,1,portions,Zucchini - Garlic Roasted Zucchini,S,,70,grams,,SUB-013632-4-001,OVEN / BLAST CHILLER,,,,0.6565,,,,,,,0.15432,3.76111,0.23507,PCK-00-151924-5,Main,
FV0332A - [DSKE] North African style chicken fillet,REC-013748-4-004,R,1,portions,Chicken breast - Tunisian Spiced Chicken Batch,S,,1,each,,SUB-013746-4-001,MARINADE / GRILL / OVEN / BLAST CHILLER,,,,0.71856,,,,,,4.23288,0.26455,5.89076,0.36817,PCK-00-151924-5,Main,
FV0332A - [DSKE] North African style chicken fillet,REC-013748-4-004,R,1,portions,Mixed peppers - Roasted Peppers & Red Onions - Tagine Spiced,S,,45,grams,,SUB-013648-4-001,OVEN / BLAST CHILLER,"Second Compartment

Carrots - 45g
Peppers/Onions - 45g
",SCHWEFELDIOXIDE UND SULFITE,,0.84158,,,,,,,0.09921,1.88612,0.11788,PCK-00-151924-5,2nd,
FV0332A - [DSKE] North African style chicken fillet,REC-013748-4-004,R,1,portions,Carrots - Tagine Spiced,S,,45,grams,,SUB-013747-4-001,OVEN / BLAST CHILLER,,,,0.73831,,,,,,,0.09921,2.14995,0.13437,PCK-00-151924-5,2nd,
FV0332A - [DSKE] North African style chicken fillet,REC-013748-4-004,R,1,portions,Sauce - Chermoula Sauce,S,,40,grams,,SUB-013645-4-001,SPICE PORTIONING / IMMERSION BLENDER / BRAISER / BLAST CHILLER,"Third Compartment

cup of sauce - 40g

NET WEIGHT: 420g",SCHWEFELDIOXIDE UND SULFITE,,0.99183,,,,,,,0.08818,1.42258,0.08891,PCK-00-151924-5,3rd,

FV0333A - Tuscan Shrimp [BNL],REC-013835-4-004,R,1,portions,Creamed Kale - Cream Cheese,S,,100,grams,,SUB-013834-4-001,SPICE PORTIONING / BRAISER / BLAST CHILLER,"***PLATING INSTRUCTIONS***
(From the bottom to the top)

2 Compartment

MAIN COMPARTMENT
creamed kale - 100g
shrimp - Count pcs in production
butter sauce - 35g","MILCH (EINSCHLIESSLICH LAKTOSE), SCHWEFELDIOXIDE UND SULFITE",,0.95227,1,SCOOP,green,LEVEL,,,0.22046,3.70419,0.23151,PCK-00-151923-5,Main,
FV0333A - Tuscan Shrimp [BNL],REC-013835-4-004,R,1,portions,Sauce - Tuscan Shrimp Butter Sauce,S,,35,grams,,SUB-013803-4-001,SPICE PORTIONING / IMMERSION BLENDER / BRAISER / BLAST CHILLER,,"MILCH (EINSCHLIESSLICH LAKTOSE), SCHWEFELDIOXIDE UND SULFITE, SELLERIE",,0.89392,1,SCOOP,black,LEVEL,,,0.07716,1.38109,0.08632,PCK-00-151923-5,Main,
FV0333A - Tuscan Shrimp [BNL],REC-013835-4-004,R,1,portions,Tuscan Shrimp batch,S,,105,grams,,SUB-013801-4-001,THAW / MARINADE / OVEN / BLAST CHILLER,,"KREBSTIERE, SCHWEFELDIOXIDE UND SULFITE",,0.60001,,,,,,,0.23149,6.17283,0.3858,PCK-00-151923-5,Main,
FV0333A - Tuscan Shrimp [BNL],REC-013835-4-004,R,1,portions,"Zucchini/Pepper/Onion Mix for Tuscan Shrimp - 1/2"" Diced",S,,100,grams,,SUB-013802-4-001,OVEN / BLAST CHILLER,"2ND COMPARTMENT
zucchini/pepper mix - 100g

NET WEIGHT: 340g",,,0.79487,1,SCOOP,beige,NATURAL,,,0.22046,4.43772,0.27736,PCK-00-151923-5,2nd,

FV0333A - Tuscan Shrimp [DE],REC-013835-4-002,R,1,portions,Tuscan Shrimp batch,S,,105,grams,,SUB-013801-4-001,THAW / MARINADE / OVEN / BLAST CHILLER,"***PLATING INSTRUCTIONS***
(From the bottom to the top)

2 Compartment

MAIN COMPARTMENT
creamed kale - 100g
shrimp - 7 EA (105g)
butter sauce - 35g","KREBSTIERE, SCHWEFELDIOXIDE UND SULFITE",,0.60001,7,HAND_PORTIONED,Hand Portioned,,,,0.23149,6.17283,0.3858,PCK-00-151923-5,Main,
FV0333A - Tuscan Shrimp [DE],REC-013835-4-002,R,1,portions,Creamed Kale - Cream Cheese,S,,100,grams,,SUB-013834-4-001,SPICE PORTIONING / BRAISER / BLAST CHILLER,,"MILCH (EINSCHLIESSLICH LAKTOSE), SCHWEFELDIOXIDE UND SULFITE",,0.95227,1,SCOOP,green,LEVEL,,,0.22046,3.70419,0.23151,PCK-00-151923-5,Main,
FV0333A - Tuscan Shrimp [DE],REC-013835-4-002,R,1,portions,Sauce - Tuscan Shrimp Butter Sauce,S,,35,grams,,SUB-013803-4-001,SPICE PORTIONING / IMMERSION BLENDER / BRAISER / BLAST CHILLER,,"MILCH (EINSCHLIESSLICH LAKTOSE), SCHWEFELDIOXIDE UND SULFITE, SELLERIE",,0.89392,1,SCOOP,black,LEVEL,,,0.07716,1.38109,0.08632,PCK-00-151923-5,Main,
FV0333A - Tuscan Shrimp [DE],REC-013835-4-002,R,1,portions,"Zucchini/Pepper/Onion Mix for Tuscan Shrimp - 1/2"" Diced",S,,100,grams,,SUB-013802-4-001,OVEN / BLAST CHILLER,"2ND COMPARTMENT
zucchini/pepper mix - 100g

NET WEIGHT: 340g",,,0.79487,1,SCOOP,beige,NATURAL,,,0.22046,4.43772,0.27736,PCK-00-151923-5,2nd,

FV0333A - Tuscan Shrimp [DKSE],REC-013835-4-003,R,1,portions,Creamed Kale - Cream Cheese,S,,100,grams,,SUB-013834-4-001,SPICE PORTIONING / BRAISER / BLAST CHILLER,"***PLATING INSTRUCTIONS***
(From the bottom to the top)

2 Compartment

MAIN COMPARTMENT
creamed kale - 100g
shrimp - 7 EA (105g)
butter sauce - 35g","MILCH (EINSCHLIESSLICH LAKTOSE), SCHWEFELDIOXIDE UND SULFITE",,0.95227,1,SCOOP,green,LEVEL,,,0.22046,3.70419,0.23151,PCK-00-151923-5,Main,
FV0333A - Tuscan Shrimp [DKSE],REC-013835-4-003,R,1,portions,Tuscan Shrimp batch,S,,105,grams,,SUB-013801-4-001,THAW / MARINADE / OVEN / BLAST CHILLER,,"KREBSTIERE, SCHWEFELDIOXIDE UND SULFITE",,0.60001,7,HAND_PORTIONED,Hand Portioned,,,,0.23149,6.17283,0.3858,PCK-00-151923-5,Main,
FV0333A - Tuscan Shrimp [DKSE],REC-013835-4-003,R,1,portions,Sauce - Tuscan Shrimp Butter Sauce,S,,35,grams,,SUB-013803-4-001,SPICE PORTIONING / IMMERSION BLENDER / BRAISER / BLAST CHILLER,,"MILCH (EINSCHLIESSLICH LAKTOSE), SCHWEFELDIOXIDE UND SULFITE, SELLERIE",,0.89392,1,SCOOP,black,LEVEL,,,0.07716,1.38109,0.08632,PCK-00-151923-5,Main,
FV0333A - Tuscan Shrimp [DKSE],REC-013835-4-003,R,1,portions,"Zucchini/Pepper/Onion Mix for Tuscan Shrimp - 1/2"" Diced",S,,100,grams,,SUB-013802-4-001,OVEN / BLAST CHILLER,"2ND COMPARTMENT
zucchini/pepper mix - 100g

NET WEIGHT: 340g",,,0.79487,1,SCOOP,beige,NATURAL,,,0.22046,4.43772,0.27736,PCK-00-151923-5,2nd,

FV0345A - Beef Stroganoff Meatballs [BNL],REC-014227-4-001,R,1,portions,Cauliflower Gratin- No Onions,S,,120,grams,,SUB-014177-4-001,SPICE PORTIONING / IMMERSION BLENDER / BRAISER / BLAST CHILLER,"**PLATING INSTRUCTIONS**                                                                                                                                       
                                                                                                                                    3 Compartment Tray                                                                                                                     
                                                                                                                                       1 : Main Compartment (from bottom to top)

120 g Base -  Cauliflower Gratin
5 ea Meatballs
",MILCH (EINSCHLIESSLICH LAKTOSE),,0.95916,1,SCOOP,white,LEVEL,,,0.26455,4.41313,0.27582,PCK-00-151924-5,Main,
FV0345A - Beef Stroganoff Meatballs [BNL],REC-014227-4-001,R,1,portions,Master Meatball - Beef Only,S,,5,each,,SUB-032735-4-001,HORIZONTAL MIXER / PATTY MAKER / OVEN / BLAST CHILLER,,"MILCH (EINSCHLIESSLICH LAKTOSE), SELLERIE",,0.68918,,,,,,3.5274,0.22046,5.11824,0.31989,PCK-00-151924-5,Main,
FV0345A - Beef Stroganoff Meatballs [BNL],REC-014227-4-001,R,1,portions,Roasted Portobello's- Less Garlic,S,,60,grams,,SUB-014226-4-001,OVEN / BLAST CHILLER,"2: Side Compartment 

60 g Portobello",,,0.67852,1,SCOOP,yellow,LEVEL,,,0.13228,3.11919,0.19495,PCK-00-151924-5,2nd,
FV0345A - Beef Stroganoff Meatballs [BNL],REC-014227-4-001,R,1,portions,Stroganoff Sauce (thick sliced),S,,40,grams,,SUB-014176-4-001,SPICE PORTIONING / IMMERSION BLENDER / BRAISER / BLAST CHILLER,"3. Side Compartment 
40 g Stroganoff Sauce

Net Weight :  340","MILCH (EINSCHLIESSLICH LAKTOSE), SCHWEFELDIOXIDE UND SULFITE, SENF",,0.77913,1,SCOOP,red,LEVEL,,,0.08818,1.81093,0.11318,PCK-00-151924-5,3rd,

FV0345A - Beef Stroganoff Meatballs [DE],REC-014227-4-002,R,1,portions,Cauliflower Gratin- No Onions,S,,120,grams,,SUB-014177-4-001,SPICE PORTIONING / IMMERSION BLENDER / BRAISER / BLAST CHILLER,"**PLATING INSTRUCTIONS**                                                                                                                                       
                                                                                                                                    3 Compartment Tray                                                                                                                     
                                                                                                                                       1 : Main Compartment (from bottom to top)

120 g Base -  Cauliflower Gratin
5 ea Meatballs
",MILCH (EINSCHLIESSLICH LAKTOSE),,0.95916,1,SCOOP,white,LEVEL,,,0.26455,4.41313,0.27582,PCK-00-151924-5,Main,
FV0345A - Beef Stroganoff Meatballs [DE],REC-014227-4-002,R,1,portions,Master Meatball - Beef Only,S,,5,each,,SUB-032735-4-001,HORIZONTAL MIXER / PATTY MAKER / OVEN / BLAST CHILLER,,"MILCH (EINSCHLIESSLICH LAKTOSE), SELLERIE",,0.68918,,,,,,3.5274,0.22046,5.11824,0.31989,PCK-00-151924-5,Main,
FV0345A - Beef Stroganoff Meatballs [DE],REC-014227-4-002,R,1,portions,Roasted Portobello's- Less Garlic,S,,60,grams,,SUB-014226-4-001,OVEN / BLAST CHILLER,"
2: Side Compartment 

60 g Portobello",,,0.67852,1,SCOOP,yellow,LEVEL,,,0.13228,3.11919,0.19495,PCK-00-151924-5,2nd,
FV0345A - Beef Stroganoff Meatballs [DE],REC-014227-4-002,R,1,portions,Stroganoff Sauce (thick sliced),S,,40,grams,,SUB-014176-4-001,SPICE PORTIONING / IMMERSION BLENDER / BRAISER / BLAST CHILLER,"
3. Side Compartment 
40 g Stroganoff Sauce

Net Weight :  340 g
","MILCH (EINSCHLIESSLICH LAKTOSE), SCHWEFELDIOXIDE UND SULFITE, SENF",,0.77913,1,SCOOP,red,LEVEL,,,0.08818,1.81093,0.11318,PCK-00-151924-5,3rd,

FV0345A - Beef Stroganoff Meatballs [DKSE],REC-014227-4-003,R,1,portions,Cauliflower Gratin- No Onions,S,,120,grams,,SUB-014177-4-001,SPICE PORTIONING / IMMERSION BLENDER / BRAISER / BLAST CHILLER,"**PLATING INSTRUCTIONS**                                                                                                                                       
3 Compartment Tray                                                                                                                    1 : Main Compartment (from bottom to top)

120 g Base -  Cauliflower Gratin
5 ea Meatballs
",MILCH (EINSCHLIESSLICH LAKTOSE),,0.95916,1,SCOOP,white,LEVEL,,,0.26455,4.41313,0.27582,PCK-00-151924-5,Main,
FV0345A - Beef Stroganoff Meatballs [DKSE],REC-014227-4-003,R,1,portions,Master Meatball - Beef Only,S,,5,each,,SUB-032735-4-001,HORIZONTAL MIXER / PATTY MAKER / OVEN / BLAST CHILLER,,"MILCH (EINSCHLIESSLICH LAKTOSE), SELLERIE",,0.68918,,,,,,3.5274,0.22046,5.11824,0.31989,PCK-00-151924-5,Main,
FV0345A - Beef Stroganoff Meatballs [DKSE],REC-014227-4-003,R,1,portions,Roasted Portobello's- Less Garlic,S,,60,grams,,SUB-014226-4-001,OVEN / BLAST CHILLER,"2: Side Compartment 

60 g Portobello",,,0.67852,1,SCOOP,yellow,LEVEL,,,0.13228,3.11919,0.19495,PCK-00-151924-5,2nd,
FV0345A - Beef Stroganoff Meatballs [DKSE],REC-014227-4-003,R,1,portions,Stroganoff Sauce (thick sliced),S,,40,grams,,SUB-014176-4-001,SPICE PORTIONING / IMMERSION BLENDER / BRAISER / BLAST CHILLER,"
3. Side Compartment 
40 g Stroganoff Sauce

Net Weight :  340 g
","MILCH (EINSCHLIESSLICH LAKTOSE), SCHWEFELDIOXIDE UND SULFITE, SENF",,0.77913,1,SCOOP,red,LEVEL,,,0.08818,1.81093,0.11318,PCK-00-151924-5,3rd,

FV0384A - Chive & Garlic Chicken - [BNL],REC-016430-4-002,R,1,portions,Cheddar Chive Mashed Potatoes - more cheese,S,,120,grams,,SUB-016425-4-001,PLANETARY MIXER / BLAST CHILLER,"***PLATING INSTRUCTIONS***
(From the bottom to the top)

2 Compartment

MAIN COMPARTMENT
120 g cheddar chive mash
1 ea chicken - 120g
30g mushrooms

2ND COMPARTMENT
100g broccoli
6g smoky onion butter

NET WEIGHT: 376 g",MILCH (EINSCHLIESSLICH LAKTOSE),,0.95009,1,SCOOP,grey,LEVEL,,,0.26455,4.45524,0.27845,PCK-00-151923-5,Main,
FV0384A - Chive & Garlic Chicken - [BNL],REC-016430-4-002,R,1,portions,Chicken Breast  #5 - Italian Herb - Grilled,S,,1,each,,SUB-016427-4-001,MARINADE / GRILL / OVEN / BLAST CHILLER,,SCHWEFELDIOXIDE UND SULFITE,,0.68571,,,,,,4.23288,0.26455,6.17295,0.38581,PCK-00-151923-5,Main,
FV0384A - Chive & Garlic Chicken - [BNL],REC-016430-4-002,R,1,portions,Mushrooms - MCTWR Roasted Sliced Mushrooms,S,,30,grams,,SUB-013859-4-001,OVEN / BLAST CHILLER,,SCHWEFELDIOXIDE UND SULFITE,,0.54832,1,SCOOP,purple,LEVEL,,,0.06614,1.92994,0.12062,PCK-00-151923-5,Main,
FV0384A - Chive & Garlic Chicken - [BNL],REC-016430-4-002,R,1,portions,Allium Roasted Broccoli FLORETS -fresh,S,,100,grams,,SUB-016431-4-001,OVEN / BLAST CHILLER,,,,0.71421,1,SCOOP,beige,LEVEL,,,0.22046,4.93891,0.30868,PCK-00-151923-5,2nd,
FV0384A - Chive & Garlic Chicken - [BNL],REC-016430-4-002,R,1,portions,Onion Butter,S,,6,grams,,SUB-016428-4-001,PLANETARY MIXER / SCOOPER (BUTTER) / BLAST CHILLER,,MILCH (EINSCHLIESSLICH LAKTOSE),,0.89001,,,,,,,0.01323,0.2378,0.01486,PCK-00-151923-5,2nd,

FV0384A - Chive & Garlic Chicken - [DE],REC-016430-4-003,R,1,portions,Cheddar Chive Mashed Potatoes - more cheese,S,,120,grams,,SUB-016425-4-001,PLANETARY MIXER / BLAST CHILLER,"***PLATING INSTRUCTIONS***
(From the bottom to the top)

2 Compartment

MAIN COMPARTMENT
120 g cheddar chive mash
1 ea chicken - 120g
30g mushrooms

2ND COMPARTMENT
100g broccoli
6g smoky onion butter

NET WEIGHT: 376 g",MILCH (EINSCHLIESSLICH LAKTOSE),,0.95009,1,SCOOP,grey,LEVEL,,,0.26455,4.45524,0.27845,PCK-00-151923-5,Main,
FV0384A - Chive & Garlic Chicken - [DE],REC-016430-4-003,R,1,portions,Chicken Breast  #5 - Italian Herb - Grilled,S,,1,each,,SUB-016427-4-001,MARINADE / GRILL / OVEN / BLAST CHILLER,,SCHWEFELDIOXIDE UND SULFITE,,0.68571,,,,,,4.23288,0.26455,6.17295,0.38581,PCK-00-151923-5,Main,
FV0384A - Chive & Garlic Chicken - [DE],REC-016430-4-003,R,1,portions,Mushrooms - MCTWR Roasted Sliced Mushrooms,S,,30,grams,,SUB-013859-4-001,OVEN / BLAST CHILLER,,SCHWEFELDIOXIDE UND SULFITE,,0.54832,1,SCOOP,purple,LEVEL,,,0.06614,1.92994,0.12062,PCK-00-151923-5,Main,
FV0384A - Chive & Garlic Chicken - [DE],REC-016430-4-003,R,1,portions,Allium Roasted Broccoli FLORETS -fresh,S,,100,grams,,SUB-016431-4-001,OVEN / BLAST CHILLER,,,,0.71421,1,SCOOP,beige,LEVEL,,,0.22046,4.93891,0.30868,PCK-00-151923-5,2nd,
FV0384A - Chive & Garlic Chicken - [DE],REC-016430-4-003,R,1,portions,Onion Butter,S,,6,grams,,SUB-016428-4-001,PLANETARY MIXER / SCOOPER (BUTTER) / BLAST CHILLER,,MILCH (EINSCHLIESSLICH LAKTOSE),,0.89001,,,,,,,0.01323,0.2378,0.01486,PCK-00-151923-5,2nd,

FV0384A - Chive & Garlic Chicken - [DKSE],REC-016430-4-001,R,1,portions,Cheddar Chive Mashed Potatoes - more cheese,S,,120,grams,,SUB-016425-4-001,PLANETARY MIXER / BLAST CHILLER,"***PLATING INSTRUCTIONS***
(From the bottom to the top)

2 Compartment

MAIN COMPARTMENT
120 g cheddar chive mash
1 ea chicken - 120g
30g mushrooms

2ND COMPARTMENT
100g broccoli
6g smoky onion butter

NET WEIGHT: 376 g",MILCH (EINSCHLIESSLICH LAKTOSE),,0.95009,1,SCOOP,grey,LEVEL,,,0.26455,4.45524,0.27845,PCK-00-151923-5,Main,
FV0384A - Chive & Garlic Chicken - [DKSE],REC-016430-4-001,R,1,portions,Chicken Breast  #5 - Italian Herb - Grilled,S,,1,each,,SUB-016427-4-001,MARINADE / GRILL / OVEN / BLAST CHILLER,,SCHWEFELDIOXIDE UND SULFITE,,0.68571,,,,,,4.23288,0.26455,6.17295,0.38581,PCK-00-151923-5,Main,
FV0384A - Chive & Garlic Chicken - [DKSE],REC-016430-4-001,R,1,portions,Mushrooms - MCTWR Roasted Sliced Mushrooms,S,,30,grams,,SUB-013859-4-001,OVEN / BLAST CHILLER,,SCHWEFELDIOXIDE UND SULFITE,,0.54832,1,SCOOP,purple,LEVEL,,,0.06614,1.92994,0.12062,PCK-00-151923-5,Main,
FV0384A - Chive & Garlic Chicken - [DKSE],REC-016430-4-001,R,1,portions,Allium Roasted Broccoli FLORETS -fresh,S,,100,grams,,SUB-016431-4-001,OVEN / BLAST CHILLER,,,,0.71421,1,SCOOP,beige,LEVEL,,,0.22046,4.93891,0.30868,PCK-00-151923-5,2nd,
FV0384A - Chive & Garlic Chicken - [DKSE],REC-016430-4-001,R,1,portions,Onion Butter,S,,6,grams,,SUB-016428-4-001,PLANETARY MIXER / SCOOPER (BUTTER) / BLAST CHILLER,,MILCH (EINSCHLIESSLICH LAKTOSE),,0.89001,,,,,,,0.01323,0.2378,0.01486,PCK-00-151923-5,2nd,

FV0386A - [BNL] Chicken & Mushroom Tetrazzini,REC-033162-4-001,R,1,portions,"FA-DE Pasta, Whole Wheat, Penne IQF/Nudeln, vollkorn, IQF",I,PRO-00-139304-1,80,grams,,,,"***PLATING INSTRUCTIONS***
(From the bottom to the top)

2 Compartment

MAIN COMPARTMENT
80g = pasta
100g = shredded chicken
70g = cream
40g = mushrooms","GLUTENHALTIGES GETREIDE, WEIZEN",,,,,,,,,0.17637,2.82192,0.17637,PCK-00-151923-5,Main,
FV0386A - [BNL] Chicken & Mushroom Tetrazzini,REC-033162-4-001,R,1,portions,Shredded Garlic - Chive Chicken,S,,100,grams,,SUB-033161-4-001,MARINADE / OVEN / HOT SHREDDER / BLAST CHILLER,,,,0.76001,,,,,,,0.22046,4.64125,0.29008,PCK-00-151923-5,Main,
FV0386A - [BNL] Chicken & Mushroom Tetrazzini,REC-033162-4-001,R,1,portions,Turkey Tettrazini Cream base,S,,70,grams,,SUB-033165-4-001,SPICE PORTIONING / IMMERSION BLENDER / BRAISER / BLAST CHILLER,,"MILCH (EINSCHLIESSLICH LAKTOSE), SCHWEFELDIOXIDE UND SULFITE, SELLERIE",,0.78913,,,,,,,0.15432,3.12898,0.19556,PCK-00-151923-5,Main,
FV0386A - [BNL] Chicken & Mushroom Tetrazzini,REC-033162-4-001,R,1,portions,Red Wine Braised Mushrooms,S,,40,grams,,SUB-033166-4-001,SPICE PORTIONING / BRAISER / BLAST CHILLER,,SCHWEFELDIOXIDE UND SULFITE,,0.66166,,,,,,,0.08818,2.13245,0.13328,PCK-00-151923-5,Main,
FV0386A - [BNL] Chicken & Mushroom Tetrazzini,REC-033162-4-001,R,1,portions,Mod Cut Green Beans - Roasted Garlic,S,,100,grams,,SUB-033167-4-001,OVEN / BLAST CHILLER,"2ND COMPARTMENT
100g = green beans

Net Weight: 390g",,,0.7325,,,,,,,0.22046,4.81555,0.30097,PCK-00-151923-5,2nd,

FV0386A -[DE] Chicken & Mushroom Tetrazzini,REC-033162-4-002,R,1,portions,"FA-DE Pasta, Whole Wheat, Penne IQF/Nudeln, vollkorn, IQF",I,PRO-00-139304-1,80,grams,,,,"***PLATING INSTRUCTIONS***
(From the bottom to the top)

2 Compartment

MAIN COMPARTMENT
80g = pasta
100g = shredded chicken
70g = cream
40g = mushrooms","GLUTENHALTIGES GETREIDE, WEIZEN",,,,,,,,,0.17637,2.82192,0.17637,PCK-00-151923-5,Main,
FV0386A -[DE] Chicken & Mushroom Tetrazzini,REC-033162-4-002,R,1,portions,Shredded Garlic - Chive Chicken,S,,100,grams,,SUB-033161-4-001,MARINADE / OVEN / HOT SHREDDER / BLAST CHILLER,,,,0.76001,,,,,,,0.22046,4.64125,0.29008,PCK-00-151923-5,Main,
FV0386A -[DE] Chicken & Mushroom Tetrazzini,REC-033162-4-002,R,1,portions,Turkey Tettrazini Cream base,S,,70,grams,,SUB-033165-4-001,SPICE PORTIONING / IMMERSION BLENDER / BRAISER / BLAST CHILLER,,"MILCH (EINSCHLIESSLICH LAKTOSE), SCHWEFELDIOXIDE UND SULFITE, SELLERIE",,0.78913,,,,,,,0.15432,3.12898,0.19556,PCK-00-151923-5,Main,
FV0386A -[DE] Chicken & Mushroom Tetrazzini,REC-033162-4-002,R,1,portions,Red Wine Braised Mushrooms,S,,40,grams,,SUB-033166-4-001,SPICE PORTIONING / BRAISER / BLAST CHILLER,,SCHWEFELDIOXIDE UND SULFITE,,0.66166,,,,,,,0.08818,2.13245,0.13328,PCK-00-151923-5,Main,
FV0386A -[DE] Chicken & Mushroom Tetrazzini,REC-033162-4-002,R,1,portions,Mod Cut Green Beans - Roasted Garlic,S,,100,grams,,SUB-033167-4-001,OVEN / BLAST CHILLER,"2ND COMPARTMENT
100g = green beans

Net Weight: 390g",,,0.7325,,,,,,,0.22046,4.81555,0.30097,PCK-00-151923-5,2nd,

FV0386A -[DSKE] Chicken & Mushroom Tetrazzini,REC-033162-4-003,R,1,portions,"FA-DE Pasta, Whole Wheat, Penne IQF/Nudeln, vollkorn, IQF",I,PRO-00-139304-1,80,grams,,,,"***PLATING INSTRUCTIONS***
(From the bottom to the top)

2 Compartment

MAIN COMPARTMENT
80g = pasta
100g = shredded chicken
70g = cream
40g = mushrooms","GLUTENHALTIGES GETREIDE, WEIZEN",,,,,,,,,0.17637,2.82192,0.17637,PCK-00-151923-5,Main,
FV0386A -[DSKE] Chicken & Mushroom Tetrazzini,REC-033162-4-003,R,1,portions,Shredded Garlic - Chive Chicken,S,,100,grams,,SUB-033161-4-001,MARINADE / OVEN / HOT SHREDDER / BLAST CHILLER,,,,0.76001,,,,,,,0.22046,4.64125,0.29008,PCK-00-151923-5,Main,
FV0386A -[DSKE] Chicken & Mushroom Tetrazzini,REC-033162-4-003,R,1,portions,Turkey Tettrazini Cream base,S,,70,grams,,SUB-033165-4-001,SPICE PORTIONING / IMMERSION BLENDER / BRAISER / BLAST CHILLER,,"MILCH (EINSCHLIESSLICH LAKTOSE), SCHWEFELDIOXIDE UND SULFITE, SELLERIE",,0.78913,,,,,,,0.15432,3.12898,0.19556,PCK-00-151923-5,Main,
FV0386A -[DSKE] Chicken & Mushroom Tetrazzini,REC-033162-4-003,R,1,portions,Red Wine Braised Mushrooms,S,,40,grams,,SUB-033166-4-001,SPICE PORTIONING / BRAISER / BLAST CHILLER,,SCHWEFELDIOXIDE UND SULFITE,,0.66166,,,,,,,0.08818,2.13245,0.13328,PCK-00-151923-5,Main,
FV0386A -[DSKE] Chicken & Mushroom Tetrazzini,REC-033162-4-003,R,1,portions,Mod Cut Green Beans - Roasted Garlic,S,,100,grams,,SUB-033167-4-001,OVEN / BLAST CHILLER,"2ND COMPARTMENT
100g = green beans

Net Weight: 390g",,,0.7325,,,,,,,0.22046,4.81555,0.30097,PCK-00-151923-5,2nd,

FV0401A - Pulled chicken with cheddar and bacon [BNL],REC-013941-4-008,R,1,portions,Sauce - Crack Chicken Cheese Mix,S,,50,grams,,SUB-013714-4-001,PLANETARY MIXER,"***PLATING INSTRUCTIONS***
(From the bottom to the top)

3 Compartment

MAIN COMPARTMENT
50g = cream cheese mixture 
140g = chicken
10g = cheddar cheese
10g = crispy bacon
10g = green onions",MILCH (EINSCHLIESSLICH LAKTOSE),,0.98,1,SCOOP,yellow,LEVEL,,,0.11023,1.7997,0.11248,PCK-00-151924-5,Main,
FV0401A - Pulled chicken with cheddar and bacon [BNL],REC-013941-4-008,R,1,portions,Shredded chicken - Keto Crack Chicken Thigh Batch - Shredder,S,,140,grams,,SUB-013715-4-002,HAND MIX / BLAST CHILLER,,MILCH (EINSCHLIESSLICH LAKTOSE),,0.97775,1,SCOOP,white,LEVEL,,,0.30865,5.05071,0.31567,PCK-00-151924-5,Main,
FV0401A - Pulled chicken with cheddar and bacon [BNL],REC-013941-4-008,R,1,portions,Extra Crispy Diced Bacon,S,,10,grams,,SUB-013468-4-001,OVEN / DRAIN / BLAST CHILLER,,,,0.4399,1,SCOOP,purple,LEVEL,,,0.02205,0.80186,0.05012,PCK-00-151924-5,Main,
FV0401A - Pulled chicken with cheddar and bacon [BNL],REC-013941-4-008,R,1,portions,Roasted Green Onions,S,,10,grams,,SUB-023370-4-001,OVEN / BLAST CHILLER,,,,0.502,1,SCOOP,purple,LEVEL,,,0.02205,0.70267,0.04392,PCK-00-151924-5,Main,
FV0401A - Pulled chicken with cheddar and bacon [BNL],REC-013941-4-008,R,1,portions,"FA-DE Cheese, White Cheddar, Shredded /Käse, weißer Cheddar, gerieben",I,DAI-00-139135-3,10,grams,,,,,MILCH (EINSCHLIESSLICH LAKTOSE),,,,,,,,,0.02205,0.35274,0.02205,PCK-00-151924-5,Main,
FV0401A - Pulled chicken with cheddar and bacon [BNL],REC-013941-4-008,R,1,portions,Garlic Broccoli - less salt,S,,55,grams,,SUB-014208-4-002,OVEN / BLAST CHILLER,"2ND COMPARTMENT
55g = broccoli 
",,,0.6348,1,SCOOP,blue,LEVEL,,,0.12125,3.05618,0.19101,PCK-00-151924-5,2nd,
FV0401A - Pulled chicken with cheddar and bacon [BNL],REC-013941-4-008,R,1,portions,Portobello - CBRSC Roasted Portobello's,S,,55,grams,,SUB-013717-4-001,OVEN / BLAST CHILLER,"3RD COMPARTMENT
55g = mushrooms 

NET WEIGHT: 330g",,,0.61956,1,SCOOP,green,LEVEL,,,0.12125,3.13135,0.19571,PCK-00-151924-5,3rd,

FV0401A - Pulled chicken with cheddar and bacon [DE],REC-013941-4-003,R,1,portions,Sauce - Crack Chicken Cheese Mix,S,,50,grams,,SUB-013714-4-001,PLANETARY MIXER,"***PLATING INSTRUCTIONS***
(From the bottom to the top)

3 Compartment

MAIN COMPARTMENT
50g = cream cheese mixture 
140g = chicken
10g = cheddar cheese
10g = crispy bacon
10g = green onions",MILCH (EINSCHLIESSLICH LAKTOSE),,0.98,1,SCOOP,yellow,LEVEL,,,0.11023,1.7997,0.11248,PCK-00-151924-5,Main,
FV0401A - Pulled chicken with cheddar and bacon [DE],REC-013941-4-003,R,1,portions,Shredded chicken - Keto Crack Chicken Thigh Batch - Shredder,S,,140,grams,,SUB-013715-4-002,HAND MIX / BLAST CHILLER,,MILCH (EINSCHLIESSLICH LAKTOSE),,0.97775,1,SCOOP,white,LEVEL,,,0.30865,5.05071,0.31567,PCK-00-151924-5,Main,
FV0401A - Pulled chicken with cheddar and bacon [DE],REC-013941-4-003,R,1,portions,"FA-DE Cheese, Red Cheddar/Käse, Roter Cheddar",I,DAI-00-139129-3,10,grams,,,,,MILCH (EINSCHLIESSLICH LAKTOSE),,,1,HAND_PORTIONED,Hand Portioned,BY_TRAY,,,0.02205,0.35274,0.02205,PCK-00-151924-5,Main,
FV0401A - Pulled chicken with cheddar and bacon [DE],REC-013941-4-003,R,1,portions,Extra Crispy Diced Bacon,S,,10,grams,,SUB-013468-4-001,OVEN / DRAIN / BLAST CHILLER,,,,0.4399,1,SCOOP,purple,LEVEL,,,0.02205,0.80186,0.05012,PCK-00-151924-5,Main,
FV0401A - Pulled chicken with cheddar and bacon [DE],REC-013941-4-003,R,1,portions,Roasted Green Onions,S,,10,grams,,SUB-023370-4-001,OVEN / BLAST CHILLER,,,,0.502,1,SCOOP,purple,LEVEL,,,0.02205,0.70267,0.04392,PCK-00-151924-5,Main,
FV0401A - Pulled chicken with cheddar and bacon [DE],REC-013941-4-003,R,1,portions,Garlic Broccoli - less salt,S,,55,grams,,SUB-014208-4-002,OVEN / BLAST CHILLER,"2ND COMPARTMENT
55g = broccoli 
",,,0.6348,1,SCOOP,blue,LEVEL,,,0.12125,3.05618,0.19101,PCK-00-151924-5,2nd,
FV0401A - Pulled chicken with cheddar and bacon [DE],REC-013941-4-003,R,1,portions,Portobello - CBRSC Roasted Portobello's,S,,55,grams,,SUB-013717-4-001,OVEN / BLAST CHILLER,"3RD COMPARTMENT
55g = mushrooms 

NET WEIGHT: 330g",,,0.61956,1,SCOOP,green,LEVEL,,,0.12125,3.13135,0.19571,PCK-00-151924-5,3rd,

FV0401A - Pulled chicken with cheddar and bacon [DKSE],REC-013941-4-007,R,1,portions,Sauce - Crack Chicken Cheese Mix,S,,50,grams,,SUB-013714-4-001,PLANETARY MIXER,"***PLATING INSTRUCTIONS***
(From the bottom to the top)

3 Compartment

MAIN COMPARTMENT
50g = cream cheese mixture 
140g = chicken
10g = cheddar cheese
10g = crispy bacon
10g = green onions",MILCH (EINSCHLIESSLICH LAKTOSE),,0.98,1,SCOOP,yellow,LEVEL,,,0.11023,1.7997,0.11248,PCK-00-151924-5,Main,
FV0401A - Pulled chicken with cheddar and bacon [DKSE],REC-013941-4-007,R,1,portions,Shredded chicken - Keto Crack Chicken Thigh Batch - Shredder,S,,140,grams,,SUB-013715-4-002,HAND MIX / BLAST CHILLER,,MILCH (EINSCHLIESSLICH LAKTOSE),,0.97775,1,SCOOP,white,LEVEL,,,0.30865,5.05071,0.31567,PCK-00-151924-5,Main,
FV0401A - Pulled chicken with cheddar and bacon [DKSE],REC-013941-4-007,R,1,portions,"FA-DE Cheese, Red Cheddar/Käse, Roter Cheddar",I,DAI-00-139129-3,10,grams,,,,,MILCH (EINSCHLIESSLICH LAKTOSE),,,1,HAND_PORTIONED,Hand Portioned,BY_TRAY,,,0.02205,0.35274,0.02205,PCK-00-151924-5,Main,
FV0401A - Pulled chicken with cheddar and bacon [DKSE],REC-013941-4-007,R,1,portions,Extra Crispy Diced Bacon,S,,10,grams,,SUB-013468-4-001,OVEN / DRAIN / BLAST CHILLER,,,,0.4399,1,SCOOP,purple,LEVEL,,,0.02205,0.80186,0.05012,PCK-00-151924-5,Main,
FV0401A - Pulled chicken with cheddar and bacon [DKSE],REC-013941-4-007,R,1,portions,Roasted Green Onions,S,,10,grams,,SUB-023370-4-001,OVEN / BLAST CHILLER,,,,0.502,1,SCOOP,purple,LEVEL,,,0.02205,0.70267,0.04392,PCK-00-151924-5,Main,
FV0401A - Pulled chicken with cheddar and bacon [DKSE],REC-013941-4-007,R,1,portions,Garlic Broccoli - less salt,S,,55,grams,,SUB-014208-4-002,OVEN / BLAST CHILLER,"2ND COMPARTMENT
55g = broccoli 
",,,0.6348,1,SCOOP,blue,LEVEL,,,0.12125,3.05618,0.19101,PCK-00-151924-5,2nd,
FV0401A - Pulled chicken with cheddar and bacon [DKSE],REC-013941-4-007,R,1,portions,Portobello - CBRSC Roasted Portobello's,S,,55,grams,,SUB-013717-4-001,OVEN / BLAST CHILLER,"3RD COMPARTMENT
55g = mushrooms 

NET WEIGHT: 330g",,,0.61956,1,SCOOP,green,LEVEL,,,0.12125,3.13135,0.19571,PCK-00-151924-5,3rd,

FV0402A - Spicy jalapeño bowl with beef  [BNL],REC-013885-4-005,R,1,portions,Jalapeno Roasted Zucchini,S,,80,grams,,SUB-013881-4-001,SPICE PORTIONING / BRAISER / BLAST CHILLER,"80 g zucchini
130 g ground beef mix
15 g shredded mozzarella
35 g roasted peppers
120 g Cauliflower mash
5 g Green Onion 
***PLATING INSTRUCTIONS***
(From the bottom to the top)

2 Compartment

MAIN COMPARTMENT
80 g zucchini
130 g ground beef mix
15 gshredded mozzarella
35 g roasted bell peppers

2ND COMPARTMENT
120 g mash
5 g scallion

Net weight : 385 g",,,0.73866,1,SCOOP,beige,LEVEL,,,0.17637,3.82031,0.23877,PCK-00-151923-5,Main,
FV0402A - Spicy jalapeño bowl with beef  [BNL],REC-013885-4-005,R,1,portions,Keto Jalapeno - Cilantro Ground beef,S,,130,grams,,SUB-013882-4-001,SPICE PORTIONING / IMMERSION BLENDER / BRAISER / BLAST CHILLER,,,,0.94864,1,SCOOP,grey,LEVEL,,,0.2866,4.8339,0.30212,PCK-00-151923-5,Main,
FV0402A - Spicy jalapeño bowl with beef  [BNL],REC-013885-4-005,R,1,portions,"FA-DE Cheese, Mozzarella, Shredded /Käse, Mozzarella, gerieben",I,DAI-00-139125-3,15,grams,,,,,MILCH (EINSCHLIESSLICH LAKTOSE),,,,,,,,,0.03307,0.52911,0.03307,PCK-00-151923-5,Main,
FV0402A - Spicy jalapeño bowl with beef  [BNL],REC-013885-4-005,R,1,portions,Roasted Green and Red Bell Peppers - Diced - reduced salt,S,,35,grams,,SUB-013883-4-001,OVEN / BLAST CHILLER,,,,0.70266,1,SCOOP,purple,LEVEL,,,0.07716,1.75701,0.10981,PCK-00-151923-5,Main,
FV0402A - Spicy jalapeño bowl with beef  [BNL],REC-013885-4-005,R,1,portions,Mash - Bell pepper cauliflower mash - rice,S,,120,grams,,SUB-013884-4-001,SPICE PORTIONING / IMMERSION BLENDER / BRAISER / BLAST CHILLER,,MILCH (EINSCHLIESSLICH LAKTOSE),,0.89281,1,SCOOP,grey,LEVEL,,,0.26455,4.7411,0.29632,PCK-00-151923-5,2nd,
FV0402A - Spicy jalapeño bowl with beef  [BNL],REC-013885-4-005,R,1,portions,Roasted Green Onions,S,,5,grams,,SUB-023370-4-001,OVEN / BLAST CHILLER,,,,0.502,,,,,,,0.01102,0.35133,0.02196,PCK-00-151923-5,2nd,

FV0402A - Spicy jalapeño bowl with beef [DE],REC-013885-4-004,R,1,portions,Jalapeno Roasted Zucchini,S,,80,grams,,SUB-013881-4-001,SPICE PORTIONING / BRAISER / BLAST CHILLER,"80 g zucchini
130 g ground beef mix
15 g shredded mozzarella
35 g roasted peppers
120 g Cauliflower mash
5 g Green Onion 
***PLATING INSTRUCTIONS***
(From the bottom to the top)

2 Compartment

MAIN COMPARTMENT
80 g zucchini
130 g ground beef mix
15 gshredded mozzarella
35 g roasted bell peppers

2ND COMPARTMENT
120 g mash
5 g scallion

Net weight : 385 g",,,0.73866,1,SCOOP,beige,LEVEL,,,0.17637,3.82031,0.23877,PCK-00-151923-5,Main,
FV0402A - Spicy jalapeño bowl with beef [DE],REC-013885-4-004,R,1,portions,Keto Jalapeno - Cilantro Ground beef,S,,130,grams,,SUB-013882-4-001,SPICE PORTIONING / IMMERSION BLENDER / BRAISER / BLAST CHILLER,,,,0.94864,1,SCOOP,grey,LEVEL,,,0.2866,4.8339,0.30212,PCK-00-151923-5,Main,
FV0402A - Spicy jalapeño bowl with beef [DE],REC-013885-4-004,R,1,portions,"FA-DE Cheese, Mozzarella, Shredded /Käse, Mozzarella, gerieben",I,DAI-00-139125-3,15,grams,,,,,MILCH (EINSCHLIESSLICH LAKTOSE),,,,,,,,,0.03307,0.52911,0.03307,PCK-00-151923-5,Main,
FV0402A - Spicy jalapeño bowl with beef [DE],REC-013885-4-004,R,1,portions,Roasted Green and Red Bell Peppers - Diced - reduced salt,S,,35,grams,,SUB-013883-4-001,OVEN / BLAST CHILLER,,,,0.70266,1,SCOOP,purple,LEVEL,,,0.07716,1.75701,0.10981,PCK-00-151923-5,Main,
FV0402A - Spicy jalapeño bowl with beef [DE],REC-013885-4-004,R,1,portions,Mash - Bell pepper cauliflower mash - rice,S,,120,grams,,SUB-013884-4-001,SPICE PORTIONING / IMMERSION BLENDER / BRAISER / BLAST CHILLER,,MILCH (EINSCHLIESSLICH LAKTOSE),,0.89281,1,SCOOP,grey,LEVEL,,,0.26455,4.7411,0.29632,PCK-00-151923-5,2nd,
FV0402A - Spicy jalapeño bowl with beef [DE],REC-013885-4-004,R,1,portions,Roasted Green Onions,S,,5,grams,,SUB-023370-4-001,OVEN / BLAST CHILLER,,,,0.502,,,,,,,0.01102,0.35133,0.02196,PCK-00-151923-5,2nd,

FV0402A - Spicy jalapeño bowl with beef [DKSE],REC-013885-4-003,R,1,portions,Jalapeno Roasted Zucchini,S,,80,grams,,SUB-013881-4-001,SPICE PORTIONING / BRAISER / BLAST CHILLER,"80 g zucchini
130 g ground beef mix
15 g shredded mozzarella
35 g roasted peppers
80 g Cauliflower mash
5 g Green Onion 
***PLATING INSTRUCTIONS***
(From the bottom to the top)

2 Compartment

MAIN COMPARTMENT
80 g zucchini
130 g ground beef mix
15 gshredded mozzarella
35 g roasted bell peppers

2ND COMPARTMENT
100 g mash
5 g scallion

Net weight : 365 g",,,0.73866,1,SCOOP,beige,LEVEL,,,0.17637,3.82031,0.23877,PCK-00-151923-5,Main,
FV0402A - Spicy jalapeño bowl with beef [DKSE],REC-013885-4-003,R,1,portions,Keto Jalapeno - Cilantro Ground beef,S,,130,grams,,SUB-013882-4-001,SPICE PORTIONING / IMMERSION BLENDER / BRAISER / BLAST CHILLER,,,,0.94864,1,SCOOP,grey,LEVEL,,,0.2866,4.8339,0.30212,PCK-00-151923-5,Main,
FV0402A - Spicy jalapeño bowl with beef [DKSE],REC-013885-4-003,R,1,portions,"FA-DE Cheese, Mozzarella, Shredded /Käse, Mozzarella, gerieben",I,DAI-00-139125-3,15,grams,,,,,MILCH (EINSCHLIESSLICH LAKTOSE),,,,,,,,,0.03307,0.52911,0.03307,PCK-00-151923-5,Main,
FV0402A - Spicy jalapeño bowl with beef [DKSE],REC-013885-4-003,R,1,portions,Roasted Green and Red Bell Peppers - Diced - reduced salt,S,,35,grams,,SUB-013883-4-001,OVEN / BLAST CHILLER,,,,0.70266,1,SCOOP,purple,LEVEL,,,0.07716,1.75701,0.10981,PCK-00-151923-5,Main,
FV0402A - Spicy jalapeño bowl with beef [DKSE],REC-013885-4-003,R,1,portions,Mash - Bell pepper cauliflower mash - rice,S,,100,grams,,SUB-013884-4-001,SPICE PORTIONING / IMMERSION BLENDER / BRAISER / BLAST CHILLER,,MILCH (EINSCHLIESSLICH LAKTOSE),,0.89281,1,SCOOP,grey,LEVEL,,,0.22046,3.95091,0.24693,PCK-00-151923-5,2nd,
FV0402A - Spicy jalapeño bowl with beef [DKSE],REC-013885-4-003,R,1,portions,Roasted Green Onions,S,,5,grams,,SUB-023370-4-001,OVEN / BLAST CHILLER,,,,0.502,,,,,,,0.01102,0.35133,0.02196,PCK-00-151923-5,2nd,

FV0413A - Braised beef in herby jus [BNL],REC-014130-4-008,R,1,portions,Mash - Parmesan Cauli Mash w/ Chives,S,,120,grams,,SUB-014129-4-001,IMMERSION BLENDER / OVEN / BLAST CHILLER,"***PRODUCTION PLATING***
(From the bottom to the top)

2 Compartment

Main:
120g mash
80g beef
30g sauce
30g onions
15g cheese



NET WEIGHT: 275g
",MILCH (EINSCHLIESSLICH LAKTOSE),,0.87561,1,SCOOP,grey,LEVEL,,,0.26455,4.8342,0.30214,PCK-00-151923-5,Main,
FV0413A - Braised beef in herby jus [BNL],REC-014130-4-008,R,1,portions,Shredded Sous Vide Beef,S,,80,grams,,SUB-013599-4-001,HAND MIX / COLD SHREDDER,,,,0.93864,1,SCOOP,green,NATURAL,,,0.17637,3.0064,0.1879,PCK-00-151923-5,Main,
FV0413A - Braised beef in herby jus [BNL],REC-014130-4-008,R,1,portions,Sauce - for French Dip Shredded Beef,S,,30,grams,,SUB-014127-4-001,SPICE PORTIONING / IMMERSION BLENDER / BRAISER / BLAST CHILLER,,,,0.86298,1,SCOOP,black,LEVEL,,,0.06614,1.22623,0.07664,PCK-00-151923-5,Main,
FV0413A - Braised beef in herby jus [BNL],REC-014130-4-008,R,1,portions,Onions - Caramelized Onions,S,,30,grams,,SUB-014017-4-001,SPICE PORTIONING / BRAISER / BLAST CHILLER,,,,0.56666,1,SCOOP,black,LEVEL,,,0.06614,1.86747,0.11672,PCK-00-151923-5,Main,
FV0413A - Braised beef in herby jus [BNL],REC-014130-4-008,R,1,portions,"FA-DE Cheese, Emmentaler, Shredded /Käse, Emmentaler, gerieben",I,DAI-00-139134-3,15,grams,,,,,MILCH (EINSCHLIESSLICH LAKTOSE),,,1,SCOOP,purple,LEVEL,,,0.03307,0.52911,0.03307,PCK-00-151923-5,Main,
FV0413A - Braised beef in herby jus [BNL],REC-014130-4-008,R,1,portions,Broccoli - S&P Broccoli FLORETS - less salt,S,,100,grams,,SUB-013822-4-001,HAND MIX,"2nd: 
100g broccoli
12g butter

NET WEIGHT: 112g

TOTAL NET WEIGHT: 387g",,,0.69966,1,SCOOP,white,LEVEL,,,0.22046,5.04162,0.3151,PCK-00-151923-5,2nd,
FV0413A - Braised beef in herby jus [BNL],REC-014130-4-008,R,1,portions,Compound butter - Parmesan-Chive,S,,12,grams,,SUB-013536-4-001,PLANETARY MIXER / SCOOPER (BUTTER) / BLAST CHILLER,,MILCH (EINSCHLIESSLICH LAKTOSE),,0.9055,1,SCOOP,silver #60,LEVEL,,,0.02646,0.46746,0.02922,PCK-00-151923-5,2nd,

FV0413A - Braised beef in herby jus [DE],REC-014130-4-006,R,1,portions,Mash - Parmesan Cauli Mash w/ Chives,S,,120,grams,,SUB-014129-4-001,IMMERSION BLENDER / OVEN / BLAST CHILLER,"***PRODUCTION PLATING***
(From the bottom to the top)

2 Compartment

Main:
120g mash
80g beef
30g sauce
30g onions
15g cheese



NET WEIGHT: 275g
",MILCH (EINSCHLIESSLICH LAKTOSE),,0.87561,1,SCOOP,grey,LEVEL,,,0.26455,4.8342,0.30214,PCK-00-151923-5,Main,
FV0413A - Braised beef in herby jus [DE],REC-014130-4-006,R,1,portions,Shredded Sous Vide Beef,S,,80,grams,,SUB-013599-4-001,HAND MIX / COLD SHREDDER,,,,0.93864,1,SCOOP,green,NATURAL,,,0.17637,3.0064,0.1879,PCK-00-151923-5,Main,
FV0413A - Braised beef in herby jus [DE],REC-014130-4-006,R,1,portions,Sauce - for French Dip Shredded Beef,S,,30,grams,,SUB-014127-4-001,SPICE PORTIONING / IMMERSION BLENDER / BRAISER / BLAST CHILLER,,,,0.86298,1,SCOOP,black,LEVEL,,,0.06614,1.22623,0.07664,PCK-00-151923-5,Main,
FV0413A - Braised beef in herby jus [DE],REC-014130-4-006,R,1,portions,Onions - Caramelized Onions,S,,30,grams,,SUB-014017-4-001,SPICE PORTIONING / BRAISER / BLAST CHILLER,,,,0.56666,1,SCOOP,black,LEVEL,,,0.06614,1.86747,0.11672,PCK-00-151923-5,Main,
FV0413A - Braised beef in herby jus [DE],REC-014130-4-006,R,1,portions,"FA-DE Cheese, Emmentaler, Shredded /Käse, Emmentaler, gerieben",I,DAI-00-139134-3,15,grams,,,,,MILCH (EINSCHLIESSLICH LAKTOSE),,,1,SCOOP,purple,LEVEL,,,0.03307,0.52911,0.03307,PCK-00-151923-5,Main,
FV0413A - Braised beef in herby jus [DE],REC-014130-4-006,R,1,portions,Broccoli - S&P Broccoli FLORETS - less salt,S,,100,grams,,SUB-013822-4-001,HAND MIX,"2nd: 
100g broccoli
12g butter

NET WEIGHT: 112g

TOTAL NET WEIGHT: 387g",,,0.69966,1,SCOOP,white,LEVEL,,,0.22046,5.04162,0.3151,PCK-00-151923-5,2nd,
FV0413A - Braised beef in herby jus [DE],REC-014130-4-006,R,1,portions,Compound butter - Parmesan-Chive,S,,12,grams,,SUB-013536-4-001,PLANETARY MIXER / SCOOPER (BUTTER) / BLAST CHILLER,,MILCH (EINSCHLIESSLICH LAKTOSE),,0.9055,1,SCOOP,silver #60,LEVEL,,,0.02646,0.46746,0.02922,PCK-00-151923-5,2nd,

FV0413A - Braised beef in herby jus [DKSE],REC-014130-4-007,R,1,portions,Mash - Parmesan Cauli Mash w/ Chives,S,,120,grams,,SUB-014129-4-001,IMMERSION BLENDER / OVEN / BLAST CHILLER,"***PRODUCTION PLATING***
(From the bottom to the top)

2 Compartment

Main:
120g mash
80g beef
30g sauce
30g onions
15g cheese



NET WEIGHT: 275g
",MILCH (EINSCHLIESSLICH LAKTOSE),,0.87561,1,SCOOP,grey,LEVEL,,,0.26455,4.8342,0.30214,PCK-00-151923-5,Main,
FV0413A - Braised beef in herby jus [DKSE],REC-014130-4-007,R,1,portions,Shredded Sous Vide Beef,S,,80,grams,,SUB-013599-4-001,HAND MIX / COLD SHREDDER,,,,0.93864,1,SCOOP,green,NATURAL,,,0.17637,3.0064,0.1879,PCK-00-151923-5,Main,
FV0413A - Braised beef in herby jus [DKSE],REC-014130-4-007,R,1,portions,Sauce - for French Dip Shredded Beef,S,,30,grams,,SUB-014127-4-001,SPICE PORTIONING / IMMERSION BLENDER / BRAISER / BLAST CHILLER,,,,0.86298,1,SCOOP,black,LEVEL,,,0.06614,1.22623,0.07664,PCK-00-151923-5,Main,
FV0413A - Braised beef in herby jus [DKSE],REC-014130-4-007,R,1,portions,Onions - Caramelized Onions,S,,30,grams,,SUB-014017-4-001,SPICE PORTIONING / BRAISER / BLAST CHILLER,,,,0.56666,1,SCOOP,black,LEVEL,,,0.06614,1.86747,0.11672,PCK-00-151923-5,Main,
FV0413A - Braised beef in herby jus [DKSE],REC-014130-4-007,R,1,portions,"FA-DE Cheese, Emmentaler, Shredded /Käse, Emmentaler, gerieben",I,DAI-00-139134-3,15,grams,,,,,MILCH (EINSCHLIESSLICH LAKTOSE),,,1,SCOOP,purple,LEVEL,,,0.03307,0.52911,0.03307,PCK-00-151923-5,Main,
FV0413A - Braised beef in herby jus [DKSE],REC-014130-4-007,R,1,portions,Broccoli - S&P Broccoli FLORETS - less salt,S,,100,grams,,SUB-013822-4-001,HAND MIX,"2nd: 
100g broccoli
12g butter

NET WEIGHT: 112g

TOTAL NET WEIGHT: 387g",,,0.69966,1,SCOOP,white,LEVEL,,,0.22046,5.04162,0.3151,PCK-00-151923-5,2nd,
FV0413A - Braised beef in herby jus [DKSE],REC-014130-4-007,R,1,portions,Compound butter - Parmesan-Chive,S,,12,grams,,SUB-013536-4-001,PLANETARY MIXER / SCOOPER (BUTTER) / BLAST CHILLER,,MILCH (EINSCHLIESSLICH LAKTOSE),,0.9055,1,SCOOP,silver #60,LEVEL,,,0.02646,0.46746,0.02922,PCK-00-151923-5,2nd,

FV0426A - Potato Leek Mash & Grilled Chicken [BNL],REC-013840-4-002,R,1,portions,Chicken breast - Herb Grilled Chicken Breast,S,,1,each,,SUB-013545-4-001,MARINADE / GRILL / OVEN / BLAST CHILLER,"***PLATING INSTRUCTIONS***
(From the bottom to the top)

2 Compartment

MAIN COMPARTMENT
150g = leek mash  
120g =1 ea grilled chicken breast 

",,,0.62422,1,HAND_PORTIONED,Hand Portioned,BY_TRAY,,4.23288,0.26455,6.78107,0.42382,PCK-00-151923-5,Main,
FV0426A - Potato Leek Mash & Grilled Chicken [BNL],REC-013840-4-002,R,1,portions,Mash - Leek & Cream cheese Mashed Potatoes,S,,150,grams,,SUB-013838-4-001,PLANETARY MIXER / BLAST CHILLER,,"MILCH (EINSCHLIESSLICH LAKTOSE), SCHWEFELDIOXIDE UND SULFITE",,0.78043,1,SCOOP,white,LEVEL,,,0.33069,6.77969,0.42373,PCK-00-151923-5,Main,
FV0426A - Potato Leek Mash & Grilled Chicken [BNL],REC-013840-4-002,R,1,portions,Corn - S&P Roasty Corn Saute - Oven - more onions,S,,65,grams,,SUB-013839-4-002,SPICE PORTIONING / BRAISER / BLAST CHILLER,"2ND COMPARTMENT
65g = corn
65g = zucchini
12g = 1/2 scoop parmesan chive butter

(zucchini and corn can be combined in production, please ensure consistent ratios when plated)

Net Weight : 412 g",SCHWEFELDIOXIDE UND SULFITE,,0.84001,1,SCOOP,blue,LEVEL,,,0.1433,2.72949,0.17059,PCK-00-151923-5,2nd,
FV0426A - Potato Leek Mash & Grilled Chicken [BNL],REC-013840-4-002,R,1,portions,Courgette - Herb Roasted Zucchini + more salt,S,,65,grams,,SUB-013535-4-001,OVEN / BLAST CHILLER,,,,0.7628,1,SCOOP,blue,LEVEL,,,0.1433,3.00577,0.18786,PCK-00-151923-5,2nd,
FV0426A - Potato Leek Mash & Grilled Chicken [BNL],REC-013840-4-002,R,1,portions,Compound butter - Parmesan-Chive,S,,12,grams,,SUB-013536-4-001,PLANETARY MIXER / SCOOPER (BUTTER) / BLAST CHILLER,,MILCH (EINSCHLIESSLICH LAKTOSE),,0.9055,1,HAND_PORTIONED,Hand Portioned,BY_TRAY,,,0.02646,0.46746,0.02922,PCK-00-151923-5,2nd,

FV0426A - Potato Leek Mash & Grilled Chicken [DE],REC-013840-4-004,R,1,portions,Chicken breast - Herb Grilled Chicken Breast,S,,1,each,,SUB-013545-4-001,MARINADE / GRILL / OVEN / BLAST CHILLER,"***PLATING INSTRUCTIONS***
(From the bottom to the top)

2 Compartment

MAIN COMPARTMENT
150g = leek mash  
120g =1 ea grilled chicken breast 

",,,0.62422,1,HAND_PORTIONED,Hand Portioned,BY_TRAY,,4.23288,0.26455,6.78107,0.42382,PCK-00-151923-5,Main,
FV0426A - Potato Leek Mash & Grilled Chicken [DE],REC-013840-4-004,R,1,portions,Mash - Leek & Cream cheese Mashed Potatoes,S,,150,grams,,SUB-013838-4-001,PLANETARY MIXER / BLAST CHILLER,,"MILCH (EINSCHLIESSLICH LAKTOSE), SCHWEFELDIOXIDE UND SULFITE",,0.78043,1,SCOOP,white,LEVEL,,,0.33069,6.77969,0.42373,PCK-00-151923-5,Main,
FV0426A - Potato Leek Mash & Grilled Chicken [DE],REC-013840-4-004,R,1,portions,Corn - S&P Roasty Corn Saute - Oven - more onions,S,,65,grams,,SUB-013839-4-002,SPICE PORTIONING / BRAISER / BLAST CHILLER,"2ND COMPARTMENT
65g = corn
65g = zucchini
12g = 1/2 scoop parmesan chive butter

(zucchini and corn can be combined in production, please ensure consistent ratios when plated)

Net Weight : 412 g",SCHWEFELDIOXIDE UND SULFITE,,0.84001,1,SCOOP,blue,LEVEL,,,0.1433,2.72949,0.17059,PCK-00-151923-5,2nd,
FV0426A - Potato Leek Mash & Grilled Chicken [DE],REC-013840-4-004,R,1,portions,Courgette - Herb Roasted Zucchini + more salt,S,,65,grams,,SUB-013535-4-001,OVEN / BLAST CHILLER,,,,0.7628,1,SCOOP,blue,LEVEL,,,0.1433,3.00577,0.18786,PCK-00-151923-5,2nd,
FV0426A - Potato Leek Mash & Grilled Chicken [DE],REC-013840-4-004,R,1,portions,Compound butter - Parmesan-Chive,S,,12,grams,,SUB-013536-4-001,PLANETARY MIXER / SCOOPER (BUTTER) / BLAST CHILLER,,MILCH (EINSCHLIESSLICH LAKTOSE),,0.9055,1,HAND_PORTIONED,Hand Portioned,BY_TRAY,,,0.02646,0.46746,0.02922,PCK-00-151923-5,2nd,

FV0426A - Potato Leek Mash & Grilled Chicken [DKSE],REC-013840-4-003,R,1,portions,Chicken breast - Herb Grilled Chicken Breast,S,,1,each,,SUB-013545-4-001,MARINADE / GRILL / OVEN / BLAST CHILLER,"***PLATING INSTRUCTIONS***
(From the bottom to the top)

2 Compartment

MAIN COMPARTMENT
150g = leek mash  
120g =1 ea grilled chicken breast 

",,,0.62422,1,HAND_PORTIONED,Hand Portioned,BY_TRAY,,4.23288,0.26455,6.78107,0.42382,PCK-00-151923-5,Main,
FV0426A - Potato Leek Mash & Grilled Chicken [DKSE],REC-013840-4-003,R,1,portions,Mash - Leek & Cream cheese Mashed Potatoes,S,,150,grams,,SUB-013838-4-001,PLANETARY MIXER / BLAST CHILLER,,"MILCH (EINSCHLIESSLICH LAKTOSE), SCHWEFELDIOXIDE UND SULFITE",,0.78043,1,SCOOP,white,LEVEL,,,0.33069,6.77969,0.42373,PCK-00-151923-5,Main,
FV0426A - Potato Leek Mash & Grilled Chicken [DKSE],REC-013840-4-003,R,1,portions,Corn - S&P Roasty Corn Saute - Oven - more onions,S,,65,grams,,SUB-013839-4-002,SPICE PORTIONING / BRAISER / BLAST CHILLER,"2ND COMPARTMENT
65g = corn
65g = zucchini
12g = 1/2 scoop parmesan chive butter

(zucchini and corn can be combined in production, please ensure consistent ratios when plated)

Net Weight : 412 g",SCHWEFELDIOXIDE UND SULFITE,,0.84001,1,SCOOP,blue,LEVEL,,,0.1433,2.72949,0.17059,PCK-00-151923-5,2nd,
FV0426A - Potato Leek Mash & Grilled Chicken [DKSE],REC-013840-4-003,R,1,portions,Courgette - Herb Roasted Zucchini + more salt,S,,65,grams,,SUB-013535-4-001,OVEN / BLAST CHILLER,,,,0.7628,1,SCOOP,blue,LEVEL,,,0.1433,3.00577,0.18786,PCK-00-151923-5,2nd,
FV0426A - Potato Leek Mash & Grilled Chicken [DKSE],REC-013840-4-003,R,1,portions,Compound butter - Parmesan-Chive,S,,12,grams,,SUB-013536-4-001,PLANETARY MIXER / SCOOPER (BUTTER) / BLAST CHILLER,,MILCH (EINSCHLIESSLICH LAKTOSE),,0.9055,1,HAND_PORTIONED,Hand Portioned,BY_TRAY,,,0.02646,0.46746,0.02922,PCK-00-151923-5,2nd,

FV0444A- [BNL] Vegetarian Biryani,REC-014311-4-003,R,1,portions,Rice - Biryani rice base,S,,128,grams,,SUB-013845-4-001,HAND MIX / BLAST CHILLER,"PLATING INSTRUCTIONS

MAIN (from bottom to top)
- 128g Rice base
- 22g Corn Kernels*
- 22g Peas*
- 14g Carrots*
- 28g Cut Green Beans
- 22g Cashews

","SCHWEFELDIOXIDE UND SULFITE, SENF",,1.00102,,,,,,,0.28219,4.51047,0.2819,PCK-00-151924-5,Main,
FV0444A- [BNL] Vegetarian Biryani,REC-014311-4-003,R,1,portions,Corn - steamed corn kernels,S,,22,grams,,SUB-013793-4-001,OVEN / BLAST CHILLER,,,,0.90662,,,,,,,0.0485,0.85596,0.0535,PCK-00-151924-5,Main,
FV0444A- [BNL] Vegetarian Biryani,REC-014311-4-003,R,1,portions,"Green beans - S&P Roasted Green Beans, 1-1/2"" Cut -  Less Salt",S,,28,grams,,SUB-013848-4-001,OVEN / BLAST CHILLER,,,,0.80227,,,,,,,0.06173,1.23109,0.07694,PCK-00-151924-5,Main,
FV0444A- [BNL] Vegetarian Biryani,REC-014311-4-003,R,1,portions,Cashews - Curried Cashews,S,,22,grams,,SUB-013849-4-001,HAND MARINADE / OVEN / BLAST CHILLER,,"KASCHUNÜSSE, SCHALENFRÜCHTE",,0.78176,,,,,,,0.0485,0.99267,0.06204,PCK-00-151924-5,Main,
FV0444A- [BNL] Vegetarian Biryani,REC-014311-4-003,R,1,portions,Peas - Steamed Peas,S,,22,grams,,SUB-013399-4-001,OVEN / BLAST CHILLER,,,,0.92912,,,,,,,0.0485,0.83523,0.0522,PCK-00-151924-5,Main,
FV0444A- [BNL] Vegetarian Biryani,REC-014311-4-003,R,1,portions,Carrots - Cooked Matchstick Carrots,S,,14,grams,,SUB-013846-4-001,OVEN / BLAST CHILLER,,,,0.87221,,,,,,,0.03086,0.56619,0.03539,PCK-00-151924-5,Main,
FV0444A- [BNL] Vegetarian Biryani,REC-014311-4-003,R,1,portions,Sauce - Indian Curry Yogurt Sauce,S,,30,grams,,SUB-013889-4-001,HAND MIX,"2nd COMPARTMENT

- 30g Curry Yogurt","MILCH (EINSCHLIESSLICH LAKTOSE), SCHWEFELDIOXIDE UND SULFITE, SENF",,0.98846,,,,,,,0.06614,1.07057,0.06691,PCK-00-151924-5,2nd,
FV0444A- [BNL] Vegetarian Biryani,REC-014311-4-003,R,1,portions,Cauliflower - Tandoori Cauliflower Florets,S,,68,grams,,SUB-013887-4-001,SPICE PORTIONING / HAND MIX,"3rd COMPARTMENT

- 68g Tandoori Cauliflower
- 10g Honey Curry Butter

Net Weight : 344 g

**corn, peas, carrots can be combined in production for plating",,,0.75858,,,,,,,0.14991,3.162,0.19762,PCK-00-151924-5,3rd,
FV0444A- [BNL] Vegetarian Biryani,REC-014311-4-003,R,1,portions,Compound butter - Curry Honey Butter,S,,10,grams,,SUB-013890-4-001,PLANETARY MIXER / SCOOPER (BUTTER) / BLAST CHILLER,,"MILCH (EINSCHLIESSLICH LAKTOSE), SCHWEFELDIOXIDE UND SULFITE, SENF",,0.9872,,,,,,,0.02205,0.35731,0.02233,PCK-00-151924-5,3rd,

FV0444A- [DE] Vegetarian Biryani,REC-014311-4-004,R,1,portions,Rice - Biryani rice base,S,,128,grams,,SUB-013845-4-001,HAND MIX / BLAST CHILLER,"PLATING INSTRUCTIONS

MAIN (from bottom to top)
- 128g Rice base
- 22g Corn Kernels*
- 22g Peas*
- 14g Carrots*
- 28g Cut Green Beans
- 22g Cashews

","SCHWEFELDIOXIDE UND SULFITE, SENF",,1.00102,,,,,,,0.28219,4.51047,0.2819,PCK-00-151924-5,Main,
FV0444A- [DE] Vegetarian Biryani,REC-014311-4-004,R,1,portions,Corn - steamed corn kernels,S,,22,grams,,SUB-013793-4-001,OVEN / BLAST CHILLER,,,,0.90662,,,,,,,0.0485,0.85596,0.0535,PCK-00-151924-5,Main,
FV0444A- [DE] Vegetarian Biryani,REC-014311-4-004,R,1,portions,"Green beans - S&P Roasted Green Beans, 1-1/2"" Cut -  Less Salt",S,,28,grams,,SUB-013848-4-001,OVEN / BLAST CHILLER,,,,0.80227,,,,,,,0.06173,1.23109,0.07694,PCK-00-151924-5,Main,
FV0444A- [DE] Vegetarian Biryani,REC-014311-4-004,R,1,portions,Cashews - Curried Cashews,S,,22,grams,,SUB-013849-4-001,HAND MARINADE / OVEN / BLAST CHILLER,,"KASCHUNÜSSE, SCHALENFRÜCHTE",,0.78176,,,,,,,0.0485,0.99267,0.06204,PCK-00-151924-5,Main,
FV0444A- [DE] Vegetarian Biryani,REC-014311-4-004,R,1,portions,Peas - Steamed Peas,S,,22,grams,,SUB-013399-4-001,OVEN / BLAST CHILLER,,,,0.92912,,,,,,,0.0485,0.83523,0.0522,PCK-00-151924-5,Main,
FV0444A- [DE] Vegetarian Biryani,REC-014311-4-004,R,1,portions,Carrots - Cooked Matchstick Carrots,S,,14,grams,,SUB-013846-4-001,OVEN / BLAST CHILLER,,,,0.87221,,,,,,,0.03086,0.56619,0.03539,PCK-00-151924-5,Main,
FV0444A- [DE] Vegetarian Biryani,REC-014311-4-004,R,1,portions,Sauce - Indian Curry Yogurt Sauce,S,,30,grams,,SUB-013889-4-001,HAND MIX,"2nd COMPARTMENT

- 30g Curry Yogurt","MILCH (EINSCHLIESSLICH LAKTOSE), SCHWEFELDIOXIDE UND SULFITE, SENF",,0.98846,,,,,,,0.06614,1.07057,0.06691,PCK-00-151924-5,2nd,
FV0444A- [DE] Vegetarian Biryani,REC-014311-4-004,R,1,portions,Cauliflower - Tandoori Cauliflower Florets,S,,68,grams,,SUB-013887-4-001,SPICE PORTIONING / HAND MIX,"3rd COMPARTMENT

- 68g Tandoori Cauliflower
- 10g Honey Curry Butter

Net Weight : 344 g

**corn, peas, carrots can be combined in production for plating",,,0.75858,,,,,,,0.14991,3.162,0.19762,PCK-00-151924-5,3rd,
FV0444A- [DE] Vegetarian Biryani,REC-014311-4-004,R,1,portions,Compound butter - Curry Honey Butter,S,,10,grams,,SUB-013890-4-001,PLANETARY MIXER / SCOOPER (BUTTER) / BLAST CHILLER,,"MILCH (EINSCHLIESSLICH LAKTOSE), SCHWEFELDIOXIDE UND SULFITE, SENF",,0.9872,,,,,,,0.02205,0.35731,0.02233,PCK-00-151924-5,3rd,

FV0444A- [DSKE] Vegetarian Biryani,REC-014311-4-005,R,1,portions,Rice - Biryani rice base,S,,128,grams,,SUB-013845-4-001,HAND MIX / BLAST CHILLER,"PLATING INSTRUCTIONS

MAIN (from bottom to top)
- 128g Rice base
- 22g Corn Kernels*
- 22g Peas*
- 14g Carrots*
- 28g Cut Green Beans
- 22g Cashews

","SCHWEFELDIOXIDE UND SULFITE, SENF",,1.00102,,,,,,,0.28219,4.51047,0.2819,PCK-00-151924-5,Main,
FV0444A- [DSKE] Vegetarian Biryani,REC-014311-4-005,R,1,portions,Corn - steamed corn kernels,S,,22,grams,,SUB-013793-4-001,OVEN / BLAST CHILLER,,,,0.90662,,,,,,,0.0485,0.85596,0.0535,PCK-00-151924-5,Main,
FV0444A- [DSKE] Vegetarian Biryani,REC-014311-4-005,R,1,portions,"Green beans - S&P Roasted Green Beans, 1-1/2"" Cut -  Less Salt",S,,28,grams,,SUB-013848-4-001,OVEN / BLAST CHILLER,,,,0.80227,,,,,,,0.06173,1.23109,0.07694,PCK-00-151924-5,Main,
FV0444A- [DSKE] Vegetarian Biryani,REC-014311-4-005,R,1,portions,Cashews - Curried Cashews,S,,22,grams,,SUB-013849-4-001,HAND MARINADE / OVEN / BLAST CHILLER,,"KASCHUNÜSSE, SCHALENFRÜCHTE",,0.78176,,,,,,,0.0485,0.99267,0.06204,PCK-00-151924-5,Main,
FV0444A- [DSKE] Vegetarian Biryani,REC-014311-4-005,R,1,portions,Peas - Steamed Peas,S,,22,grams,,SUB-013399-4-001,OVEN / BLAST CHILLER,,,,0.92912,,,,,,,0.0485,0.83523,0.0522,PCK-00-151924-5,Main,
FV0444A- [DSKE] Vegetarian Biryani,REC-014311-4-005,R,1,portions,Carrots - Cooked Matchstick Carrots,S,,14,grams,,SUB-013846-4-001,OVEN / BLAST CHILLER,,,,0.87221,,,,,,,0.03086,0.56619,0.03539,PCK-00-151924-5,Main,
FV0444A- [DSKE] Vegetarian Biryani,REC-014311-4-005,R,1,portions,Sauce - Indian Curry Yogurt Sauce,S,,30,grams,,SUB-013889-4-001,HAND MIX,"2nd COMPARTMENT

- 30g Curry Yogurt","MILCH (EINSCHLIESSLICH LAKTOSE), SCHWEFELDIOXIDE UND SULFITE, SENF",,0.98846,,,,,,,0.06614,1.07057,0.06691,PCK-00-151924-5,2nd,
FV0444A- [DSKE] Vegetarian Biryani,REC-014311-4-005,R,1,portions,Cauliflower - Tandoori Cauliflower Florets,S,,68,grams,,SUB-013887-4-001,SPICE PORTIONING / HAND MIX,"3rd COMPARTMENT

- 68g Tandoori Cauliflower
- 10g Honey Curry Butter

Net Weight : 344 g

**corn, peas, carrots can be combined in production for plating",,,0.75858,,,,,,,0.14991,3.162,0.19762,PCK-00-151924-5,3rd,
FV0444A- [DSKE] Vegetarian Biryani,REC-014311-4-005,R,1,portions,Compound butter - Curry Honey Butter,S,,10,grams,,SUB-013890-4-001,PLANETARY MIXER / SCOOPER (BUTTER) / BLAST CHILLER,,"MILCH (EINSCHLIESSLICH LAKTOSE), SCHWEFELDIOXIDE UND SULFITE, SENF",,0.9872,,,,,,,0.02205,0.35731,0.02233,PCK-00-151924-5,3rd,

FV0444B -  [BNL] Vegetarian Biryani,REC-014311-4-006,R,1,portions,Rice - Biryani rice base,S,,128,grams,,SUB-013845-4-001,HAND MIX / BLAST CHILLER,"PLATING INSTRUCTIONS

MAIN (from bottom to top)
- 128g Rice base
- 22g Corn Kernels*
- 22g Peas*
- 14g Carrots*
- 28g Cut Green Beans
- 22g Cashews

","SCHWEFELDIOXIDE UND SULFITE, SENF",,1.00102,,,,,,,0.28219,4.51047,0.2819,PCK-00-151924-5,Main,
FV0444B -  [BNL] Vegetarian Biryani,REC-014311-4-006,R,1,portions,Corn - steamed corn kernels,S,,22,grams,,SUB-013793-4-001,OVEN / BLAST CHILLER,,,,0.90662,,,,,,,0.0485,0.85596,0.0535,PCK-00-151924-5,Main,
FV0444B -  [BNL] Vegetarian Biryani,REC-014311-4-006,R,1,portions,"Green beans - S&P Roasted Green Beans, 1-1/2"" Cut -  Less Salt",S,,28,grams,,SUB-013848-4-001,OVEN / BLAST CHILLER,,,,0.80227,,,,,,,0.06173,1.23109,0.07694,PCK-00-151924-5,Main,
FV0444B -  [BNL] Vegetarian Biryani,REC-014311-4-006,R,1,portions,Cashews - Curried Cashews,S,,22,grams,,SUB-013849-4-001,HAND MARINADE / OVEN / BLAST CHILLER,,"KASCHUNÜSSE, SCHALENFRÜCHTE",,0.78176,,,,,,,0.0485,0.99267,0.06204,PCK-00-151924-5,Main,
FV0444B -  [BNL] Vegetarian Biryani,REC-014311-4-006,R,1,portions,Peas - Steamed Peas,S,,22,grams,,SUB-013399-4-001,OVEN / BLAST CHILLER,,,,0.92912,,,,,,,0.0485,0.83523,0.0522,PCK-00-151924-5,Main,
FV0444B -  [BNL] Vegetarian Biryani,REC-014311-4-006,R,1,portions,Carrots - Cooked Matchstick Carrots,S,,14,grams,,SUB-013846-4-001,OVEN / BLAST CHILLER,,,,0.87221,,,,,,,0.03086,0.56619,0.03539,PCK-00-151924-5,Main,
FV0444B -  [BNL] Vegetarian Biryani,REC-014311-4-006,R,1,portions,Sauce - Indian Curry Yogurt Sauce,S,,30,grams,,SUB-013889-4-001,HAND MIX,"2nd COMPARTMENT

- 30g Curry Yogurt","MILCH (EINSCHLIESSLICH LAKTOSE), SCHWEFELDIOXIDE UND SULFITE, SENF",,0.98846,,,,,,,0.06614,1.07057,0.06691,PCK-00-151924-5,2nd,
FV0444B -  [BNL] Vegetarian Biryani,REC-014311-4-006,R,1,portions,IQF Cauliflower - Tandoori Cauliflower Florets - IQF,S,,68,grams,,SUB-013887-4-002,OVEN / BLAST CHILLER,"3rd COMPARTMENT

- 68g Tandoori Cauliflower
- 10g Honey Curry Butter

Net Weight : 344 g

**corn, peas, carrots can be combined in production for plating",,,0.67509,,,,,,,0.14991,3.55303,0.22206,PCK-00-151924-5,3rd,
FV0444B -  [BNL] Vegetarian Biryani,REC-014311-4-006,R,1,portions,Compound butter - Curry Honey Butter,S,,10,grams,,SUB-013890-4-001,PLANETARY MIXER / SCOOPER (BUTTER) / BLAST CHILLER,,"MILCH (EINSCHLIESSLICH LAKTOSE), SCHWEFELDIOXIDE UND SULFITE, SENF",,0.9872,,,,,,,0.02205,0.35731,0.02233,PCK-00-151924-5,3rd,

FV0444B- [DE] Vegetarian Biryani,REC-014311-4-007,R,1,portions,Rice - Biryani rice base,S,,128,grams,,SUB-013845-4-001,HAND MIX / BLAST CHILLER,"PLATING INSTRUCTIONS

MAIN (from bottom to top)
- 128g Rice base
- 22g Corn Kernels*
- 22g Peas*
- 14g Carrots*
- 28g Cut Green Beans
- 22g Cashews

","SCHWEFELDIOXIDE UND SULFITE, SENF",,1.00102,,,,,,,0.28219,4.51047,0.2819,PCK-00-151924-5,Main,
FV0444B- [DE] Vegetarian Biryani,REC-014311-4-007,R,1,portions,Corn - steamed corn kernels,S,,22,grams,,SUB-013793-4-001,OVEN / BLAST CHILLER,,,,0.90662,,,,,,,0.0485,0.85596,0.0535,PCK-00-151924-5,Main,
FV0444B- [DE] Vegetarian Biryani,REC-014311-4-007,R,1,portions,"Green beans - S&P Roasted Green Beans, 1-1/2"" Cut -  Less Salt",S,,28,grams,,SUB-013848-4-001,OVEN / BLAST CHILLER,,,,0.80227,,,,,,,0.06173,1.23109,0.07694,PCK-00-151924-5,Main,
FV0444B- [DE] Vegetarian Biryani,REC-014311-4-007,R,1,portions,Cashews - Curried Cashews,S,,22,grams,,SUB-013849-4-001,HAND MARINADE / OVEN / BLAST CHILLER,,"KASCHUNÜSSE, SCHALENFRÜCHTE",,0.78176,,,,,,,0.0485,0.99267,0.06204,PCK-00-151924-5,Main,
FV0444B- [DE] Vegetarian Biryani,REC-014311-4-007,R,1,portions,Peas - Steamed Peas,S,,22,grams,,SUB-013399-4-001,OVEN / BLAST CHILLER,,,,0.92912,,,,,,,0.0485,0.83523,0.0522,PCK-00-151924-5,Main,
FV0444B- [DE] Vegetarian Biryani,REC-014311-4-007,R,1,portions,Carrots - Cooked Matchstick Carrots,S,,14,grams,,SUB-013846-4-001,OVEN / BLAST CHILLER,,,,0.87221,,,,,,,0.03086,0.56619,0.03539,PCK-00-151924-5,Main,
FV0444B- [DE] Vegetarian Biryani,REC-014311-4-007,R,1,portions,Sauce - Indian Curry Yogurt Sauce,S,,30,grams,,SUB-013889-4-001,HAND MIX,"2nd COMPARTMENT

- 30g Curry Yogurt","MILCH (EINSCHLIESSLICH LAKTOSE), SCHWEFELDIOXIDE UND SULFITE, SENF",,0.98846,,,,,,,0.06614,1.07057,0.06691,PCK-00-151924-5,2nd,
FV0444B- [DE] Vegetarian Biryani,REC-014311-4-007,R,1,portions,IQF Cauliflower - Tandoori Cauliflower Florets - IQF,S,,68,grams,,SUB-013887-4-002,OVEN / BLAST CHILLER,"3rd COMPARTMENT

- 68g Tandoori Cauliflower
- 10g Honey Curry Butter

Net Weight : 344 g

**corn, peas, carrots can be combined in production for plating",,,0.67509,,,,,,,0.14991,3.55303,0.22206,PCK-00-151924-5,3rd,
FV0444B- [DE] Vegetarian Biryani,REC-014311-4-007,R,1,portions,Compound butter - Curry Honey Butter,S,,10,grams,,SUB-013890-4-001,PLANETARY MIXER / SCOOPER (BUTTER) / BLAST CHILLER,,"MILCH (EINSCHLIESSLICH LAKTOSE), SCHWEFELDIOXIDE UND SULFITE, SENF",,0.9872,,,,,,,0.02205,0.35731,0.02233,PCK-00-151924-5,3rd,

FV0444B- [DSKE] Vegetarian Biryani,REC-014311-4-008,R,1,portions,Rice - Biryani rice base,S,,128,grams,,SUB-013845-4-001,HAND MIX / BLAST CHILLER,"PLATING INSTRUCTIONS

MAIN (from bottom to top)
- 128g Rice base
- 22g Corn Kernels*
- 22g Peas*
- 14g Carrots*
- 28g Cut Green Beans
- 22g Cashews

","SCHWEFELDIOXIDE UND SULFITE, SENF",,1.00102,,,,,,,0.28219,4.51047,0.2819,PCK-00-151924-5,Main,
FV0444B- [DSKE] Vegetarian Biryani,REC-014311-4-008,R,1,portions,Corn - steamed corn kernels,S,,22,grams,,SUB-013793-4-001,OVEN / BLAST CHILLER,,,,0.90662,,,,,,,0.0485,0.85596,0.0535,PCK-00-151924-5,Main,
FV0444B- [DSKE] Vegetarian Biryani,REC-014311-4-008,R,1,portions,"Green beans - S&P Roasted Green Beans, 1-1/2"" Cut -  Less Salt",S,,28,grams,,SUB-013848-4-001,OVEN / BLAST CHILLER,,,,0.80227,,,,,,,0.06173,1.23109,0.07694,PCK-00-151924-5,Main,
FV0444B- [DSKE] Vegetarian Biryani,REC-014311-4-008,R,1,portions,Cashews - Curried Cashews,S,,22,grams,,SUB-013849-4-001,HAND MARINADE / OVEN / BLAST CHILLER,,"KASCHUNÜSSE, SCHALENFRÜCHTE",,0.78176,,,,,,,0.0485,0.99267,0.06204,PCK-00-151924-5,Main,
FV0444B- [DSKE] Vegetarian Biryani,REC-014311-4-008,R,1,portions,Peas - Steamed Peas,S,,22,grams,,SUB-013399-4-001,OVEN / BLAST CHILLER,,,,0.92912,,,,,,,0.0485,0.83523,0.0522,PCK-00-151924-5,Main,
FV0444B- [DSKE] Vegetarian Biryani,REC-014311-4-008,R,1,portions,Carrots - Cooked Matchstick Carrots,S,,14,grams,,SUB-013846-4-001,OVEN / BLAST CHILLER,,,,0.87221,,,,,,,0.03086,0.56619,0.03539,PCK-00-151924-5,Main,
FV0444B- [DSKE] Vegetarian Biryani,REC-014311-4-008,R,1,portions,Sauce - Indian Curry Yogurt Sauce,S,,30,grams,,SUB-013889-4-001,HAND MIX,"2nd COMPARTMENT

- 30g Curry Yogurt","MILCH (EINSCHLIESSLICH LAKTOSE), SCHWEFELDIOXIDE UND SULFITE, SENF",,0.98846,,,,,,,0.06614,1.07057,0.06691,PCK-00-151924-5,2nd,
FV0444B- [DSKE] Vegetarian Biryani,REC-014311-4-008,R,1,portions,IQF Cauliflower - Tandoori Cauliflower Florets - IQF,S,,68,grams,,SUB-013887-4-002,OVEN / BLAST CHILLER,"3rd COMPARTMENT

- 68g Tandoori Cauliflower
- 10g Honey Curry Butter

Net Weight : 344 g

**corn, peas, carrots can be combined in production for plating",,,0.67509,,,,,,,0.14991,3.55303,0.22206,PCK-00-151924-5,3rd,
FV0444B- [DSKE] Vegetarian Biryani,REC-014311-4-008,R,1,portions,Compound butter - Curry Honey Butter,S,,10,grams,,SUB-013890-4-001,PLANETARY MIXER / SCOOPER (BUTTER) / BLAST CHILLER,,"MILCH (EINSCHLIESSLICH LAKTOSE), SCHWEFELDIOXIDE UND SULFITE, SENF",,0.9872,,,,,,,0.02205,0.35731,0.02233,PCK-00-151924-5,3rd,

FV0444C -  [BNL] Vegetarian Biryani,REC-014311-4-009,R,1,portions,Rice - Biryani rice base - BiB Tomatoes,S,,128,grams,,SUB-013845-4-002,HAND MIX / BLAST CHILLER,"PLATING INSTRUCTIONS

MAIN (from bottom to top)
- 128g Rice base
- 22g Corn Kernels*
- 22g Peas*
- 14g Carrots*
- 28g Cut Green Beans
- 22g Cashews

","SCHWEFELDIOXIDE UND SULFITE, SENF",,1.00102,,,,,,,0.28219,4.51047,0.2819,PCK-00-151924-5,Main,
FV0444C -  [BNL] Vegetarian Biryani,REC-014311-4-009,R,1,portions,Corn - steamed corn kernels,S,,22,grams,,SUB-013793-4-001,OVEN / BLAST CHILLER,,,,0.90662,,,,,,,0.0485,0.85596,0.0535,PCK-00-151924-5,Main,
FV0444C -  [BNL] Vegetarian Biryani,REC-014311-4-009,R,1,portions,"Green beans - S&P Roasted Green Beans, 1-1/2"" Cut -  Less Salt",S,,28,grams,,SUB-013848-4-001,OVEN / BLAST CHILLER,,,,0.80227,,,,,,,0.06173,1.23109,0.07694,PCK-00-151924-5,Main,
FV0444C -  [BNL] Vegetarian Biryani,REC-014311-4-009,R,1,portions,Cashews - Curried Cashews,S,,22,grams,,SUB-013849-4-001,HAND MARINADE / OVEN / BLAST CHILLER,,"KASCHUNÜSSE, SCHALENFRÜCHTE",,0.78176,,,,,,,0.0485,0.99267,0.06204,PCK-00-151924-5,Main,
FV0444C -  [BNL] Vegetarian Biryani,REC-014311-4-009,R,1,portions,Peas - Steamed Peas,S,,22,grams,,SUB-013399-4-001,OVEN / BLAST CHILLER,,,,0.92912,,,,,,,0.0485,0.83523,0.0522,PCK-00-151924-5,Main,
FV0444C -  [BNL] Vegetarian Biryani,REC-014311-4-009,R,1,portions,Carrots - Cooked Matchstick Carrots,S,,14,grams,,SUB-013846-4-001,OVEN / BLAST CHILLER,,,,0.87221,,,,,,,0.03086,0.56619,0.03539,PCK-00-151924-5,Main,
FV0444C -  [BNL] Vegetarian Biryani,REC-014311-4-009,R,1,portions,Sauce - Indian Curry Yogurt Sauce,S,,30,grams,,SUB-013889-4-001,HAND MIX,"2nd COMPARTMENT

- 30g Curry Yogurt","MILCH (EINSCHLIESSLICH LAKTOSE), SCHWEFELDIOXIDE UND SULFITE, SENF",,0.98846,,,,,,,0.06614,1.07057,0.06691,PCK-00-151924-5,2nd,
FV0444C -  [BNL] Vegetarian Biryani,REC-014311-4-009,R,1,portions,IQF Cauliflower - Tandoori Cauliflower Florets - IQF,S,,68,grams,,SUB-013887-4-002,OVEN / BLAST CHILLER,"3rd COMPARTMENT

- 68g Tandoori Cauliflower
- 10g Honey Curry Butter

Net Weight : 344 g

**corn, peas, carrots can be combined in production for plating",,,0.67509,,,,,,,0.14991,3.55303,0.22206,PCK-00-151924-5,3rd,
FV0444C -  [BNL] Vegetarian Biryani,REC-014311-4-009,R,1,portions,Compound butter - Curry Honey Butter,S,,10,grams,,SUB-013890-4-001,PLANETARY MIXER / SCOOPER (BUTTER) / BLAST CHILLER,,"MILCH (EINSCHLIESSLICH LAKTOSE), SCHWEFELDIOXIDE UND SULFITE, SENF",,0.9872,,,,,,,0.02205,0.35731,0.02233,PCK-00-151924-5,3rd,

FV0444C- [DE] Vegetarian Biryani,REC-014311-4-010,R,1,portions,Rice - Biryani rice base - BiB Tomatoes,S,,128,grams,,SUB-013845-4-002,HAND MIX / BLAST CHILLER,"PLATING INSTRUCTIONS

MAIN (from bottom to top)
- 128g Rice base
- 22g Corn Kernels*
- 22g Peas*
- 14g Carrots*
- 28g Cut Green Beans
- 22g Cashews

","SCHWEFELDIOXIDE UND SULFITE, SENF",,1.00102,,,,,,,0.28219,4.51047,0.2819,PCK-00-151924-5,Main,
FV0444C- [DE] Vegetarian Biryani,REC-014311-4-010,R,1,portions,Corn - steamed corn kernels,S,,22,grams,,SUB-013793-4-001,OVEN / BLAST CHILLER,,,,0.90662,,,,,,,0.0485,0.85596,0.0535,PCK-00-151924-5,Main,
FV0444C- [DE] Vegetarian Biryani,REC-014311-4-010,R,1,portions,"Green beans - S&P Roasted Green Beans, 1-1/2"" Cut -  Less Salt",S,,28,grams,,SUB-013848-4-001,OVEN / BLAST CHILLER,,,,0.80227,,,,,,,0.06173,1.23109,0.07694,PCK-00-151924-5,Main,
FV0444C- [DE] Vegetarian Biryani,REC-014311-4-010,R,1,portions,Cashews - Curried Cashews,S,,22,grams,,SUB-013849-4-001,HAND MARINADE / OVEN / BLAST CHILLER,,"KASCHUNÜSSE, SCHALENFRÜCHTE",,0.78176,,,,,,,0.0485,0.99267,0.06204,PCK-00-151924-5,Main,
FV0444C- [DE] Vegetarian Biryani,REC-014311-4-010,R,1,portions,Peas - Steamed Peas,S,,22,grams,,SUB-013399-4-001,OVEN / BLAST CHILLER,,,,0.92912,,,,,,,0.0485,0.83523,0.0522,PCK-00-151924-5,Main,
FV0444C- [DE] Vegetarian Biryani,REC-014311-4-010,R,1,portions,Carrots - Cooked Matchstick Carrots,S,,14,grams,,SUB-013846-4-001,OVEN / BLAST CHILLER,,,,0.87221,,,,,,,0.03086,0.56619,0.03539,PCK-00-151924-5,Main,
FV0444C- [DE] Vegetarian Biryani,REC-014311-4-010,R,1,portions,Sauce - Indian Curry Yogurt Sauce,S,,30,grams,,SUB-013889-4-001,HAND MIX,"2nd COMPARTMENT

- 30g Curry Yogurt","MILCH (EINSCHLIESSLICH LAKTOSE), SCHWEFELDIOXIDE UND SULFITE, SENF",,0.98846,,,,,,,0.06614,1.07057,0.06691,PCK-00-151924-5,2nd,
FV0444C- [DE] Vegetarian Biryani,REC-014311-4-010,R,1,portions,IQF Cauliflower - Tandoori Cauliflower Florets - IQF,S,,68,grams,,SUB-013887-4-002,OVEN / BLAST CHILLER,"3rd COMPARTMENT

- 68g Tandoori Cauliflower
- 10g Honey Curry Butter

Net Weight : 344 g

**corn, peas, carrots can be combined in production for plating",,,0.67509,,,,,,,0.14991,3.55303,0.22206,PCK-00-151924-5,3rd,
FV0444C- [DE] Vegetarian Biryani,REC-014311-4-010,R,1,portions,Compound butter - Curry Honey Butter,S,,10,grams,,SUB-013890-4-001,PLANETARY MIXER / SCOOPER (BUTTER) / BLAST CHILLER,,"MILCH (EINSCHLIESSLICH LAKTOSE), SCHWEFELDIOXIDE UND SULFITE, SENF",,0.9872,,,,,,,0.02205,0.35731,0.02233,PCK-00-151924-5,3rd,

FV0444C- [DSKE] Vegetarian Biryani,REC-014311-4-011,R,1,portions,Rice - Biryani rice base - BiB Tomatoes,S,,128,grams,,SUB-013845-4-002,HAND MIX / BLAST CHILLER,"PLATING INSTRUCTIONS

MAIN (from bottom to top)
- 128g Rice base
- 22g Corn Kernels*
- 22g Peas*
- 14g Carrots*
- 28g Cut Green Beans
- 22g Cashews

","SCHWEFELDIOXIDE UND SULFITE, SENF",,1.00102,,,,,,,0.28219,4.51047,0.2819,PCK-00-151924-5,Main,
FV0444C- [DSKE] Vegetarian Biryani,REC-014311-4-011,R,1,portions,Corn - steamed corn kernels,S,,22,grams,,SUB-013793-4-001,OVEN / BLAST CHILLER,,,,0.90662,,,,,,,0.0485,0.85596,0.0535,PCK-00-151924-5,Main,
FV0444C- [DSKE] Vegetarian Biryani,REC-014311-4-011,R,1,portions,"Green beans - S&P Roasted Green Beans, 1-1/2"" Cut -  Less Salt",S,,28,grams,,SUB-013848-4-001,OVEN / BLAST CHILLER,,,,0.80227,,,,,,,0.06173,1.23109,0.07694,PCK-00-151924-5,Main,
FV0444C- [DSKE] Vegetarian Biryani,REC-014311-4-011,R,1,portions,Cashews - Curried Cashews,S,,22,grams,,SUB-013849-4-001,HAND MARINADE / OVEN / BLAST CHILLER,,"KASCHUNÜSSE, SCHALENFRÜCHTE",,0.78176,,,,,,,0.0485,0.99267,0.06204,PCK-00-151924-5,Main,
FV0444C- [DSKE] Vegetarian Biryani,REC-014311-4-011,R,1,portions,Peas - Steamed Peas,S,,22,grams,,SUB-013399-4-001,OVEN / BLAST CHILLER,,,,0.92912,,,,,,,0.0485,0.83523,0.0522,PCK-00-151924-5,Main,
FV0444C- [DSKE] Vegetarian Biryani,REC-014311-4-011,R,1,portions,Carrots - Cooked Matchstick Carrots,S,,14,grams,,SUB-013846-4-001,OVEN / BLAST CHILLER,,,,0.87221,,,,,,,0.03086,0.56619,0.03539,PCK-00-151924-5,Main,
FV0444C- [DSKE] Vegetarian Biryani,REC-014311-4-011,R,1,portions,Sauce - Indian Curry Yogurt Sauce,S,,30,grams,,SUB-013889-4-001,HAND MIX,"2nd COMPARTMENT

- 30g Curry Yogurt","MILCH (EINSCHLIESSLICH LAKTOSE), SCHWEFELDIOXIDE UND SULFITE, SENF",,0.98846,,,,,,,0.06614,1.07057,0.06691,PCK-00-151924-5,2nd,
FV0444C- [DSKE] Vegetarian Biryani,REC-014311-4-011,R,1,portions,IQF Cauliflower - Tandoori Cauliflower Florets - IQF,S,,68,grams,,SUB-013887-4-002,OVEN / BLAST CHILLER,"3rd COMPARTMENT

- 68g Tandoori Cauliflower
- 10g Honey Curry Butter

Net Weight : 344 g

**corn, peas, carrots can be combined in production for plating",,,0.67509,,,,,,,0.14991,3.55303,0.22206,PCK-00-151924-5,3rd,
FV0444C- [DSKE] Vegetarian Biryani,REC-014311-4-011,R,1,portions,Compound butter - Curry Honey Butter,S,,10,grams,,SUB-013890-4-001,PLANETARY MIXER / SCOOPER (BUTTER) / BLAST CHILLER,,"MILCH (EINSCHLIESSLICH LAKTOSE), SCHWEFELDIOXIDE UND SULFITE, SENF",,0.9872,,,,,,,0.02205,0.35731,0.02233,PCK-00-151924-5,3rd,

FV0472A - Indian Butter Chicken [BNL],REC-013852-4-003,R,1,portions,Diced chicken - Butter Chicken Batch - BA,S,,115,grams,,SUB-013850-4-001,MARINADE / OVEN / BLAST CHILLER,"***PLATING INSTRUCTIONS***
(From the bottom to the top)

2 Compartment

MAIN COMPARTMENT
115g = Chicken
115g =  Butter Chicken sauce
6g = Green Onion

SIDE COMPARTMENT
120g = Cauliflower Rice

NET WEIGHT = 356g","MILCH (EINSCHLIESSLICH LAKTOSE), SCHWEFELDIOXIDE UND SULFITE",,0.7715,115,HAND_PORTIONED,Hand Portioned,BY_TRAY,,,0.25353,5.25795,0.32862,PCK-00-151923-5,Main,
FV0472A - Indian Butter Chicken [BNL],REC-013852-4-003,R,1,portions,Sauce - Butter Chicken sauce,S,,115,grams,,SUB-013851-4-001,SPICE PORTIONING / IMMERSION BLENDER / BRAISER / BLAST CHILLER,,"MILCH (EINSCHLIESSLICH LAKTOSE), SCHWEFELDIOXIDE UND SULFITE",,0.8272,1,SCOOP,grey,LEVEL,,,0.25353,4.90391,0.30649,PCK-00-151923-5,Main,
FV0472A - Indian Butter Chicken [BNL],REC-013852-4-003,R,1,portions,Roasted Green Onions,S,,6,grams,,SUB-023370-4-001,OVEN / BLAST CHILLER,,,,0.502,1,SCOOP,silver #110,LEVEL,,,0.01323,0.4216,0.02635,PCK-00-151923-5,Main,
FV0472A - Indian Butter Chicken [BNL],REC-013852-4-003,R,1,portions,Cauliflower rice - Cilantro and Lime Cauliflower Rice - BA,S,,120,grams,,SUB-013733-4-001,OVEN / BLAST CHILLER,,,,0.77359,1,SCOOP,white,LEVEL,,,0.26455,5.47171,0.34198,PCK-00-151923-5,2nd,

FV0472A - Indian Butter Chicken [DE],REC-013852-4-002,R,1,portions,Diced chicken - Butter Chicken Batch - BA,S,,115,grams,,SUB-013850-4-001,MARINADE / OVEN / BLAST CHILLER,"***PLATING INSTRUCTIONS***
(From the bottom to the top)

2 Compartment

MAIN COMPARTMENT
115g = Chicken
115g =  Butter Chicken sauce
6g = Green Onion

SIDE COMPARTMENT
120g = Cauliflower Rice

NET WEIGHT = 356g","MILCH (EINSCHLIESSLICH LAKTOSE), SCHWEFELDIOXIDE UND SULFITE",,0.7715,115,HAND_PORTIONED,Hand Portioned,BY_TRAY,,,0.25353,5.25795,0.32862,PCK-00-151923-5,Main,
FV0472A - Indian Butter Chicken [DE],REC-013852-4-002,R,1,portions,Sauce - Butter Chicken sauce,S,,115,grams,,SUB-013851-4-001,SPICE PORTIONING / IMMERSION BLENDER / BRAISER / BLAST CHILLER,,"MILCH (EINSCHLIESSLICH LAKTOSE), SCHWEFELDIOXIDE UND SULFITE",,0.8272,1,SCOOP,grey,LEVEL,,,0.25353,4.90391,0.30649,PCK-00-151923-5,Main,
FV0472A - Indian Butter Chicken [DE],REC-013852-4-002,R,1,portions,Roasted Green Onions,S,,6,grams,,SUB-023370-4-001,OVEN / BLAST CHILLER,,,,0.502,1,SCOOP,silver #110,LEVEL,,,0.01323,0.4216,0.02635,PCK-00-151923-5,Main,
FV0472A - Indian Butter Chicken [DE],REC-013852-4-002,R,1,portions,Cauliflower rice - Cilantro and Lime Cauliflower Rice - BA,S,,120,grams,,SUB-013733-4-001,OVEN / BLAST CHILLER,,,,0.77359,1,SCOOP,white,LEVEL,,,0.26455,5.47171,0.34198,PCK-00-151923-5,2nd,

FV0472A - Indian Butter Chicken [DKSE],REC-013852-4-001,R,1,portions,Diced chicken - Butter Chicken Batch - BA,S,,115,grams,,SUB-013850-4-001,MARINADE / OVEN / BLAST CHILLER,"***PLATING INSTRUCTIONS***
(From the bottom to the top)

2 Compartment

MAIN COMPARTMENT
115g = Chicken
115g =  Butter Chicken sauce
6g = Green Onion

SIDE COMPARTMENT
120g = Cauliflower Rice

NET WEIGHT = 356g","MILCH (EINSCHLIESSLICH LAKTOSE), SCHWEFELDIOXIDE UND SULFITE",,0.7715,115,HAND_PORTIONED,Hand Portioned,BY_TRAY,,,0.25353,5.25795,0.32862,PCK-00-151923-5,Main,
FV0472A - Indian Butter Chicken [DKSE],REC-013852-4-001,R,1,portions,Sauce - Butter Chicken sauce,S,,115,grams,,SUB-013851-4-001,SPICE PORTIONING / IMMERSION BLENDER / BRAISER / BLAST CHILLER,,"MILCH (EINSCHLIESSLICH LAKTOSE), SCHWEFELDIOXIDE UND SULFITE",,0.8272,1,SCOOP,grey,LEVEL,,,0.25353,4.90391,0.30649,PCK-00-151923-5,Main,
FV0472A - Indian Butter Chicken [DKSE],REC-013852-4-001,R,1,portions,Roasted Green Onions,S,,6,grams,,SUB-023370-4-001,OVEN / BLAST CHILLER,,,,0.502,1,SCOOP,silver #110,LEVEL,,,0.01323,0.4216,0.02635,PCK-00-151923-5,Main,
FV0472A - Indian Butter Chicken [DKSE],REC-013852-4-001,R,1,portions,Cauliflower rice - Cilantro and Lime Cauliflower Rice - BA,S,,120,grams,,SUB-013733-4-001,OVEN / BLAST CHILLER,,,,0.77359,1,SCOOP,white,LEVEL,,,0.26455,5.47171,0.34198,PCK-00-151923-5,2nd,

FV0478A - [BNL] Chickpea Curry,REC-013856-4-003,R,1,portions,Rice - Brown + Wild Rice - COOKED with curry,S,,70,grams,,SUB-013853-4-001,OVEN / HAND MIX / BLAST CHILLER,"***PLATING INSTRUCTIONS***
(From the bottom to the top)

2 Compartment

MAIN COMPARTMENT
70g = rice blend
225g = chickpea curry
",SENF,,0.9958,,,,,,,0.15432,2.4796,0.15498,PCK-00-151923-5,Main,
FV0478A - [BNL] Chickpea Curry,REC-013856-4-003,R,1,portions,Chickpea Curry Batch,S,,225,grams,,SUB-013854-4-001,SPICE PORTIONING / IMMERSION BLENDER / BRAISER / BLAST CHILLER,,"SCHWEFELDIOXIDE UND SULFITE, SENF",,0.90639,,,,,,,0.49604,8.75636,0.54727,PCK-00-151923-5,Main,
FV0478A - [BNL] Chickpea Curry,REC-013856-4-003,R,1,portions,Roasted Ginger-Garlic Broccoli,S,,90,grams,,SUB-013855-4-001,OVEN / BLAST CHILLER,"2ND COMPARTMENT
90g = broccoli

NET WEIGHT: 385g",SCHWEFELDIOXIDE UND SULFITE,,0.75171,,,,,,,0.19842,4.22327,0.26395,PCK-00-151923-5,2nd,

FV0478A - [DE] Chickpea Curry,REC-013856-4-001,R,1,portions,Rice - Brown + Wild Rice - COOKED with curry,S,,70,grams,,SUB-013853-4-001,OVEN / HAND MIX / BLAST CHILLER,"***PLATING INSTRUCTIONS***
(From the bottom to the top)

2 Compartment

MAIN COMPARTMENT
70g = rice blend
225g = chickpea curry
",SENF,,0.9958,,,,,,,0.15432,2.4796,0.15498,PCK-00-151923-5,Main,
FV0478A - [DE] Chickpea Curry,REC-013856-4-001,R,1,portions,Chickpea Curry Batch,S,,225,grams,,SUB-013854-4-001,SPICE PORTIONING / IMMERSION BLENDER / BRAISER / BLAST CHILLER,,"SCHWEFELDIOXIDE UND SULFITE, SENF",,0.90639,,,,,,,0.49604,8.75636,0.54727,PCK-00-151923-5,Main,
FV0478A - [DE] Chickpea Curry,REC-013856-4-001,R,1,portions,Roasted Ginger-Garlic Broccoli,S,,90,grams,,SUB-013855-4-001,OVEN / BLAST CHILLER,"2ND COMPARTMENT
90g = broccoli

NET WEIGHT: 385g",SCHWEFELDIOXIDE UND SULFITE,,0.75171,,,,,,,0.19842,4.22327,0.26395,PCK-00-151923-5,2nd,

FV0478A - [DSKE] Chickpea Curry,REC-013856-4-002,R,1,portions,Rice - Brown + Wild Rice - COOKED with curry,S,,70,grams,,SUB-013853-4-001,OVEN / HAND MIX / BLAST CHILLER,"***PLATING INSTRUCTIONS***
(From the bottom to the top)

2 Compartment

MAIN COMPARTMENT
70g = rice blend
225g = chickpea curry
",SENF,,0.9958,,,,,,,0.15432,2.4796,0.15498,PCK-00-151923-5,Main,
FV0478A - [DSKE] Chickpea Curry,REC-013856-4-002,R,1,portions,Chickpea Curry Batch,S,,225,grams,,SUB-013854-4-001,SPICE PORTIONING / IMMERSION BLENDER / BRAISER / BLAST CHILLER,,"SCHWEFELDIOXIDE UND SULFITE, SENF",,0.90639,,,,,,,0.49604,8.75636,0.54727,PCK-00-151923-5,Main,
FV0478A - [DSKE] Chickpea Curry,REC-013856-4-002,R,1,portions,Roasted Ginger-Garlic Broccoli,S,,90,grams,,SUB-013855-4-001,OVEN / BLAST CHILLER,"2ND COMPARTMENT
90g = broccoli

NET WEIGHT: 385g",SCHWEFELDIOXIDE UND SULFITE,,0.75171,,,,,,,0.19842,4.22327,0.26395,PCK-00-151923-5,2nd,

FV0485A - Rosemary-tomato chicken - [BNL],REC-013537-4-008,R,1,portions,Sauce - Creamy Tomato Rosemary Marinara - keto,S,,85,grams,,SUB-013534-4-001,SPICE PORTIONING / IMMERSION BLENDER / BRAISER / BLAST CHILLER,"**PLATING INSTRUCTION**

MAIN COMP: 
85g sauce
110g shredded chicken 
40g red peppers
10g Parmesan","MILCH (EINSCHLIESSLICH LAKTOSE), SCHWEFELDIOXIDE UND SULFITE",,0.90656,1,SCOOP,beige,LEVEL,,,0.18739,3.30733,0.20671,PCK-00-151923-5,Main,
FV0485A - Rosemary-tomato chicken - [BNL],REC-013537-4-008,R,1,portions,Shredded Chicken - naturel,S,,110,grams,,SUB-013533-4-001,MARINADE / OVEN / HOT SHREDDER / BLAST CHILLER,,,,0.6175,1,SCOOP,beige,LEVEL,,,0.24251,6.28363,0.39273,PCK-00-151923-5,Main,
FV0485A - Rosemary-tomato chicken - [BNL],REC-013537-4-008,R,1,portions,"Red peppers - Roasted diced ¼"" red bell peppers",S,,40,grams,,SUB-013372-4-001,OVEN / BLAST CHILLER,,,,0.69039,"1
1","SCOOP
SCOOP","silver #60
purple","LEVEL
LEVEL",,,0.08818,2.0437,0.12773,PCK-00-151923-5,Main,
FV0485A - Rosemary-tomato chicken - [BNL],REC-013537-4-008,R,1,portions,"FA-DE Cheese, Parmesan, Grated /Käse, Parmesan, gerieben",I,DAI-00-139127-3,10,grams,,,,,MILCH (EINSCHLIESSLICH LAKTOSE),,,,,,,,,0.02205,0.35274,0.02205,PCK-00-151923-5,Main,
FV0485A - Rosemary-tomato chicken - [BNL],REC-013537-4-008,R,1,portions,Courgette - Herb Roasted Zucchini + more salt,S,,110,grams,,SUB-013535-4-001,OVEN / BLAST CHILLER,"SIDE COMP
110g courgette
10g compound butter

Total weight: 380 g",,,0.7628,1,SCOOP,grey,LEVEL,,,0.24251,5.08668,0.31792,PCK-00-151923-5,2nd,
FV0485A - Rosemary-tomato chicken - [BNL],REC-013537-4-008,R,1,portions,Compound butter - Parmesan-Chive,S,,10,grams,,SUB-013536-4-001,PLANETARY MIXER / SCOOPER (BUTTER) / BLAST CHILLER,,MILCH (EINSCHLIESSLICH LAKTOSE),,0.9055,,,,,,,0.02205,0.38955,0.02435,PCK-00-151923-5,2nd,

FV0485A - Rosemary-tomato chicken - [DE],REC-013537-4-007,R,1,portions,Sauce - Creamy Tomato Rosemary Marinara - keto,S,,85,grams,,SUB-013534-4-001,SPICE PORTIONING / IMMERSION BLENDER / BRAISER / BLAST CHILLER,"**PLATING INSTRUCTION**

MAIN COMP: 
85g sauce
110g shredded chicken 
40g red peppers
10g Parmesan","MILCH (EINSCHLIESSLICH LAKTOSE), SCHWEFELDIOXIDE UND SULFITE",,0.90656,1,SCOOP,beige,LEVEL,,,0.18739,3.30733,0.20671,PCK-00-151923-5,Main,
FV0485A - Rosemary-tomato chicken - [DE],REC-013537-4-007,R,1,portions,Shredded Chicken - naturel,S,,110,grams,,SUB-013533-4-001,MARINADE / OVEN / HOT SHREDDER / BLAST CHILLER,,,,0.6175,1,SCOOP,beige,LEVEL,,,0.24251,6.28363,0.39273,PCK-00-151923-5,Main,
FV0485A - Rosemary-tomato chicken - [DE],REC-013537-4-007,R,1,portions,"Red peppers - Roasted diced ¼"" red bell peppers",S,,40,grams,,SUB-013372-4-001,OVEN / BLAST CHILLER,,,,0.69039,"1
1","SCOOP
SCOOP","silver #60
purple","LEVEL
LEVEL",,,0.08818,2.0437,0.12773,PCK-00-151923-5,Main,
FV0485A - Rosemary-tomato chicken - [DE],REC-013537-4-007,R,1,portions,"FA-DE Cheese, Parmesan, Grated /Käse, Parmesan, gerieben",I,DAI-00-139127-3,10,grams,,,,,MILCH (EINSCHLIESSLICH LAKTOSE),,,,,,,,,0.02205,0.35274,0.02205,PCK-00-151923-5,Main,
FV0485A - Rosemary-tomato chicken - [DE],REC-013537-4-007,R,1,portions,Courgette - Herb Roasted Zucchini + more salt,S,,110,grams,,SUB-013535-4-001,OVEN / BLAST CHILLER,"SIDE COMP
110g courgette
10g compound butter

Total weight: 380 g",,,0.7628,1,SCOOP,grey,LEVEL,,,0.24251,5.08668,0.31792,PCK-00-151923-5,2nd,
FV0485A - Rosemary-tomato chicken - [DE],REC-013537-4-007,R,1,portions,Compound butter - Parmesan-Chive,S,,10,grams,,SUB-013536-4-001,PLANETARY MIXER / SCOOPER (BUTTER) / BLAST CHILLER,,MILCH (EINSCHLIESSLICH LAKTOSE),,0.9055,,,,,,,0.02205,0.38955,0.02435,PCK-00-151923-5,2nd,

FV0485A - Rosemary-tomato chicken - [DKSE],REC-013537-4-006,R,1,portions,Sauce - Creamy Tomato Rosemary Marinara - keto,S,,80,grams,,SUB-013534-4-001,SPICE PORTIONING / IMMERSION BLENDER / BRAISER / BLAST CHILLER,"100g sauce
110g shredded chicken 
40g red peppers
10g Parmesan
110g courgette
10g compound butter
**PLATING INSTRUCTION**

MAIN COMP: 
100g sauce
110g shredded chicken 
40g red peppers
10g Parmesan","MILCH (EINSCHLIESSLICH LAKTOSE), SCHWEFELDIOXIDE UND SULFITE",,0.90656,1,SCOOP,beige,LEVEL,,,0.17637,3.11278,0.19455,PCK-00-151923-5,Main,
FV0485A - Rosemary-tomato chicken - [DKSE],REC-013537-4-006,R,1,portions,Shredded Chicken - naturel,S,,110,grams,,SUB-013533-4-001,MARINADE / OVEN / HOT SHREDDER / BLAST CHILLER,,,,0.6175,1,SCOOP,beige,LEVEL,,,0.24251,6.28363,0.39273,PCK-00-151923-5,Main,
FV0485A - Rosemary-tomato chicken - [DKSE],REC-013537-4-006,R,1,portions,"Red peppers - Roasted diced ¼"" red bell peppers",S,,40,grams,,SUB-013372-4-001,OVEN / BLAST CHILLER,,,,0.69039,"1
1","SCOOP
SCOOP","silver #60
purple","LEVEL
LEVEL",,,0.08818,2.0437,0.12773,PCK-00-151923-5,Main,
FV0485A - Rosemary-tomato chicken - [DKSE],REC-013537-4-006,R,1,portions,"FA-DE Cheese, Parmesan, Grated /Käse, Parmesan, gerieben",I,DAI-00-139127-3,10,grams,,,,,MILCH (EINSCHLIESSLICH LAKTOSE),,,,,,,,,0.02205,0.35274,0.02205,PCK-00-151923-5,Main,
FV0485A - Rosemary-tomato chicken - [DKSE],REC-013537-4-006,R,1,portions,Courgette - Herb Roasted Zucchini + more salt,S,,110,grams,,SUB-013535-4-001,OVEN / BLAST CHILLER,"SIDE COMP
110g courgette
10g compound butter

Total weight: 380 g",,,0.7628,1,SCOOP,grey,LEVEL,,,0.24251,5.08668,0.31792,PCK-00-151923-5,2nd,
FV0485A - Rosemary-tomato chicken - [DKSE],REC-013537-4-006,R,1,portions,Compound butter - Parmesan-Chive,S,,10,grams,,SUB-013536-4-001,PLANETARY MIXER / SCOOPER (BUTTER) / BLAST CHILLER,,MILCH (EINSCHLIESSLICH LAKTOSE),,0.9055,,,,,,,0.02205,0.38955,0.02435,PCK-00-151923-5,2nd,

FV0516A - [BNL] - Sun-Dried Tomato & Spinach Penne,REC-014000-4-001,R,1,portions,"FA-DE Pasta, Whole Wheat, Penne IQF/Nudeln, vollkorn, IQF",I,PRO-00-139304-1,120,grams,,,,"**PLATING INSTRUCTION** from bottom to top

MAIN COMPARTMENT: 
120g penne
40g garlic spinach
120g sun dried tomato sauce
5g mozzarella 
","GLUTENHALTIGES GETREIDE, WEIZEN",,,,,,,,,0.26455,4.23288,0.26455,PCK-00-151923-5,Main,
FV0516A - [BNL] - Sun-Dried Tomato & Spinach Penne,REC-014000-4-001,R,1,portions,Steamed Spinach,S,,40,grams,,SUB-032944-4-001,OVEN / BLAST CHILLER,,,,0.8286,,,,,,,0.08818,1.70282,0.10643,PCK-00-151923-5,Main,
FV0516A - [BNL] - Sun-Dried Tomato & Spinach Penne,REC-014000-4-001,R,1,portions,Sauce - Sun-Dried Tomato Sauce - No Spinach,S,,120,grams,,SUB-013999-4-001,SPICE PORTIONING / IMMERSION BLENDER / BRAISER / BLAST CHILLER,,"MILCH (EINSCHLIESSLICH LAKTOSE), SCHWEFELDIOXIDE UND SULFITE, SELLERIE",,0.82122,,,,,,,0.26455,5.15437,0.32215,PCK-00-151923-5,Main,
FV0516A - [BNL] - Sun-Dried Tomato & Spinach Penne,REC-014000-4-001,R,1,portions,"FA-DE Cheese, Mozzarella, Shredded /Käse, Mozzarella, gerieben",I,DAI-00-139125-3,5,grams,,,,,MILCH (EINSCHLIESSLICH LAKTOSE),,,,,,,,,0.01102,0.17637,0.01102,PCK-00-151923-5,Main,
FV0516A - [BNL] - Sun-Dried Tomato & Spinach Penne,REC-014000-4-001,R,1,portions,Courgette - Herb Roasted Zucchini + more salt,S,,110,grams,,SUB-013535-4-001,OVEN / BLAST CHILLER,"2ND COMPARTMENT: 
110g zucchini

Net weight: 395G",,,0.7628,,,,,,,0.24251,5.08668,0.31792,PCK-00-151923-5,2nd,

FV0516A - [DE] - Sun-Dried Tomato & Spinach Penne,REC-014000-4-003,R,1,portions,"FA-DE Pasta, Whole Wheat, Penne IQF/Nudeln, vollkorn, IQF",I,PRO-00-139304-1,120,grams,,,,"**PLATING INSTRUCTION** from bottom to top

MAIN COMPARTMENT: 
120g penne
40g garlic spinach
120g sun dried tomato sauce
5g mozzarella cheese

","GLUTENHALTIGES GETREIDE, WEIZEN",,,,,,,,,0.26455,4.23288,0.26455,PCK-00-151923-5,Main,
FV0516A - [DE] - Sun-Dried Tomato & Spinach Penne,REC-014000-4-003,R,1,portions,Steamed Spinach,S,,40,grams,,SUB-032944-4-001,OVEN / BLAST CHILLER,,,,0.8286,,,,,,,0.08818,1.70282,0.10643,PCK-00-151923-5,Main,
FV0516A - [DE] - Sun-Dried Tomato & Spinach Penne,REC-014000-4-003,R,1,portions,Sauce - Sun-Dried Tomato Sauce - No Spinach,S,,120,grams,,SUB-013999-4-001,SPICE PORTIONING / IMMERSION BLENDER / BRAISER / BLAST CHILLER,,"MILCH (EINSCHLIESSLICH LAKTOSE), SCHWEFELDIOXIDE UND SULFITE, SELLERIE",,0.82122,,,,,,,0.26455,5.15437,0.32215,PCK-00-151923-5,Main,
FV0516A - [DE] - Sun-Dried Tomato & Spinach Penne,REC-014000-4-003,R,1,portions,"FA-DE Cheese, Mozzarella, Shredded /Käse, Mozzarella, gerieben",I,DAI-00-139125-3,5,grams,,,,,MILCH (EINSCHLIESSLICH LAKTOSE),,,,,,,,,0.01102,0.17637,0.01102,PCK-00-151923-5,Main,
FV0516A - [DE] - Sun-Dried Tomato & Spinach Penne,REC-014000-4-003,R,1,portions,Courgette - Herb Roasted Zucchini + more salt,S,,110,grams,,SUB-013535-4-001,OVEN / BLAST CHILLER,"2ND COMPARTMENT: 
110g zucchini

Net weight: 395G",,,0.7628,,,,,,,0.24251,5.08668,0.31792,PCK-00-151923-5,2nd,

FV0516A - [DKSE] - Sun-Dried Tomato & Spinach Penne,REC-014000-4-002,R,1,portions,"FA-DE Pasta, Whole Wheat, Penne IQF/Nudeln, vollkorn, IQF",I,PRO-00-139304-1,120,grams,,,,"**PLATING INSTRUCTION** from bottom to top

MAIN COMPARTMENT: 
120g penne
40g garlic spinach
120g sun dried tomato sauce
5g mozzarella cheese

","GLUTENHALTIGES GETREIDE, WEIZEN",,,,,,,,,0.26455,4.23288,0.26455,PCK-00-151923-5,Main,
FV0516A - [DKSE] - Sun-Dried Tomato & Spinach Penne,REC-014000-4-002,R,1,portions,Steamed Spinach,S,,40,grams,,SUB-032944-4-001,OVEN / BLAST CHILLER,,,,0.8286,,,,,,,0.08818,1.70282,0.10643,PCK-00-151923-5,Main,
FV0516A - [DKSE] - Sun-Dried Tomato & Spinach Penne,REC-014000-4-002,R,1,portions,Sauce - Sun-Dried Tomato Sauce - No Spinach,S,,120,grams,,SUB-013999-4-001,SPICE PORTIONING / IMMERSION BLENDER / BRAISER / BLAST CHILLER,,"MILCH (EINSCHLIESSLICH LAKTOSE), SCHWEFELDIOXIDE UND SULFITE, SELLERIE",,0.82122,,,,,,,0.26455,5.15437,0.32215,PCK-00-151923-5,Main,
FV0516A - [DKSE] - Sun-Dried Tomato & Spinach Penne,REC-014000-4-002,R,1,portions,"FA-DE Cheese, Mozzarella, Shredded /Käse, Mozzarella, gerieben",I,DAI-00-139125-3,5,grams,,,,,MILCH (EINSCHLIESSLICH LAKTOSE),,,,,,,,,0.01102,0.17637,0.01102,PCK-00-151923-5,Main,
FV0516A - [DKSE] - Sun-Dried Tomato & Spinach Penne,REC-014000-4-002,R,1,portions,Courgette - Herb Roasted Zucchini + more salt,S,,110,grams,,SUB-013535-4-001,OVEN / BLAST CHILLER,"2ND COMPARTMENT: 
110g zucchini

Net weight: 395G",,,0.7628,,,,,,,0.24251,5.08668,0.31792,PCK-00-151923-5,2nd,

FV0565A - [BNL] - Bacon & Onion Pork Tenderloin,REC-014040-4-005,R,1,portions,Mash - Swiss Cauliflower Mash - Rice,S,,100,grams,,SUB-014037-4-001,IMMERSION BLENDER / OVEN / BLAST CHILLER,"100g cauliflower mash
130g pork tenderloin, sliced and shingled
30g bacon onion jam
90g garlic chili green beans
40g mushroom cream
***PLATING INSTRUCTIONS***
(From the bottom to the top)
2 Compartment

MAIN COMPARTMENT
100g = cauliflower mash
130g = pork tenderloin, sliced and shingled
30g = bacon onion jam",MILCH (EINSCHLIESSLICH LAKTOSE),,0.93908,,,,,,,0.22046,3.75623,0.23476,PCK-00-151923-5,Main,
FV0565A - [BNL] - Bacon & Onion Pork Tenderloin,REC-014040-4-005,R,1,portions,Pork tenderloin - herb marinade,S,,130,grams,,SUB-013466-4-001,MARINADE / GRILL / OVEN / SLICER / BLAST CHILLER,,,,0.74489,,,,,,,0.2866,6.1561,0.38476,PCK-00-151923-5,Main,
FV0565A - [BNL] - Bacon & Onion Pork Tenderloin,REC-014040-4-005,R,1,portions,Bacon Onion Jam - No sweetener,S,,30,grams,,SUB-013469-4-001,SPICE PORTIONING / BRAISER / BLAST CHILLER,,,,0.83943,,,,,,,0.06614,1.26064,0.07879,PCK-00-151923-5,Main,
FV0565A - [BNL] - Bacon & Onion Pork Tenderloin,REC-014040-4-005,R,1,portions,Garlic Chili Marinated Green Beans,S,,90,grams,,SUB-033213-4-001,UNCATEGORIZED BOM,"2ND COMPARTMENT
90g = garlic chili green beans
40g = mushroom cream

Net Weight 390g",,,0.76239,,,,,,,0.19842,4.16409,0.26026,PCK-00-151923-5,2nd,
FV0565A - [BNL] - Bacon & Onion Pork Tenderloin,REC-014040-4-005,R,1,portions,Sauce - Roasted Mushroom Cream (thick sliced),S,,40,grams,,SUB-014039-4-001,IMMERSION BLENDER / BLAST CHILLER,,MILCH (EINSCHLIESSLICH LAKTOSE),,0.91109,,,,,,,0.08818,1.54865,0.09679,PCK-00-151923-5,2nd,

FV0565A - [DE] - Bacon & Onion Pork Tenderloin,REC-014040-4-004,R,1,portions,Mash - Swiss Cauliflower Mash - Rice,S,,100,grams,,SUB-014037-4-001,IMMERSION BLENDER / OVEN / BLAST CHILLER,"100g cauliflower mash
130g pork tenderloin, sliced and shingled
30g bacon onion jam
90g garlic chili green beans
40g mushroom cream
***PLATING INSTRUCTIONS***
(From the bottom to the top)
2 Compartment

MAIN COMPARTMENT
100g = cauliflower mash
130g = pork tenderloin, sliced and shingled
30g = bacon onion jam",MILCH (EINSCHLIESSLICH LAKTOSE),,0.93908,,,,,,,0.22046,3.75623,0.23476,PCK-00-151923-5,Main,
FV0565A - [DE] - Bacon & Onion Pork Tenderloin,REC-014040-4-004,R,1,portions,Pork tenderloin - herb marinade,S,,130,grams,,SUB-013466-4-001,MARINADE / GRILL / OVEN / SLICER / BLAST CHILLER,,,,0.74489,,,,,,,0.2866,6.1561,0.38476,PCK-00-151923-5,Main,
FV0565A - [DE] - Bacon & Onion Pork Tenderloin,REC-014040-4-004,R,1,portions,Bacon Onion Jam - No sweetener,S,,30,grams,,SUB-013469-4-001,SPICE PORTIONING / BRAISER / BLAST CHILLER,,,,0.83943,,,,,,,0.06614,1.26064,0.07879,PCK-00-151923-5,Main,
FV0565A - [DE] - Bacon & Onion Pork Tenderloin,REC-014040-4-004,R,1,portions,Garlic Chili Marinated Green Beans,S,,90,grams,,SUB-033213-4-001,UNCATEGORIZED BOM,"2ND COMPARTMENT
90g = garlic chili green beans
40g = mushroom cream

Net Weight 390g",,,0.76239,,,,,,,0.19842,4.16409,0.26026,PCK-00-151923-5,2nd,
FV0565A - [DE] - Bacon & Onion Pork Tenderloin,REC-014040-4-004,R,1,portions,Sauce - Roasted Mushroom Cream (thick sliced),S,,40,grams,,SUB-014039-4-001,IMMERSION BLENDER / BLAST CHILLER,,MILCH (EINSCHLIESSLICH LAKTOSE),,0.91109,,,,,,,0.08818,1.54865,0.09679,PCK-00-151923-5,2nd,

FV0565A - [DK/SE] - Bacon & Onion Pork Tenderloin,REC-014040-4-003,R,1,portions,Mash - Swiss Cauliflower Mash - Rice,S,,100,grams,,SUB-014037-4-001,IMMERSION BLENDER / OVEN / BLAST CHILLER,"100g cauliflower mash
130g pork tenderloin, sliced and shingled
30g bacon onion jam
90g garlic chili green beans
40g mushroom cream
***PLATING INSTRUCTIONS***
(From the bottom to the top)
2 Compartment

MAIN COMPARTMENT
100g = cauliflower mash
130g = pork tenderloin, sliced and shingled
30g = bacon onion jam",MILCH (EINSCHLIESSLICH LAKTOSE),,0.93908,,,,,,,0.22046,3.75623,0.23476,PCK-00-151923-5,Main,
FV0565A - [DK/SE] - Bacon & Onion Pork Tenderloin,REC-014040-4-003,R,1,portions,Pork tenderloin - herb marinade,S,,130,grams,,SUB-013466-4-001,MARINADE / GRILL / OVEN / SLICER / BLAST CHILLER,,,,0.74489,,,,,,,0.2866,6.1561,0.38476,PCK-00-151923-5,Main,
FV0565A - [DK/SE] - Bacon & Onion Pork Tenderloin,REC-014040-4-003,R,1,portions,Bacon Onion Jam - No sweetener,S,,30,grams,,SUB-013469-4-001,SPICE PORTIONING / BRAISER / BLAST CHILLER,,,,0.83943,,,,,,,0.06614,1.26064,0.07879,PCK-00-151923-5,Main,
FV0565A - [DK/SE] - Bacon & Onion Pork Tenderloin,REC-014040-4-003,R,1,portions,Garlic Chili Marinated Green Beans,S,,90,grams,,SUB-033213-4-001,UNCATEGORIZED BOM,"2ND COMPARTMENT
90g = garlic chili green beans
40g = mushroom cream

Net Weight 390g",,,0.76239,,,,,,,0.19842,4.16409,0.26026,PCK-00-151923-5,2nd,
FV0565A - [DK/SE] - Bacon & Onion Pork Tenderloin,REC-014040-4-003,R,1,portions,Sauce - Roasted Mushroom Cream (thick sliced),S,,40,grams,,SUB-014039-4-001,IMMERSION BLENDER / BLAST CHILLER,,MILCH (EINSCHLIESSLICH LAKTOSE),,0.91109,,,,,,,0.08818,1.54865,0.09679,PCK-00-151923-5,2nd,

FV0576A - Creamy Lemon Pepper Chicken [BNL],REC-030756-4-003,R,1,portions,Carrot & Pea Brown Rice Pilaf,S,,110,grams,,SUB-030757-4-001,UNCATEGORIZED BOM,"**PLATING INSTRUCTIONS**

2-Compartment Tray

1. Main Compartment 
(from bottom to top)
110 g rice pilaf
1 EA (120g) chicken breast
65 g cream cheese sauce (on top of chicken)","SCHWEFELDIOXIDE UND SULFITE, SELLERIE",,0.95237,1,SCOOP,white,LEVEL,,,0.24251,4.0742,0.25464,PCK-00-151923-5,Main,
FV0576A - Creamy Lemon Pepper Chicken [BNL],REC-030756-4-003,R,1,portions,Chicken Breast Marinade #4 - NO GRILL,S,,1,each,,SUB-030761-4-001,MARINADE / OVEN / BLAST CHILLER,,SCHWEFELDIOXIDE UND SULFITE,,0.72547,1,HAND_PORTIONED,Hand Portioned,BY_TRAY,,4.23288,0.26455,5.83467,0.36467,PCK-00-151923-5,Main,
FV0576A - Creamy Lemon Pepper Chicken [BNL],REC-030756-4-003,R,1,portions,Lemon Herb Cream Cheese Sauce - Low Fat,S,,65,grams,,SUB-030760-4-001,SPICE PORTIONING / IMMERSION BLENDER / BRAISER / BLAST CHILLER,,MILCH (EINSCHLIESSLICH LAKTOSE),,0.88317,1,SCOOP,blue,LEVEL,,,0.1433,2.59611,0.16226,PCK-00-151923-5,Main,
FV0576A - Creamy Lemon Pepper Chicken [BNL],REC-030756-4-003,R,1,portions,Rosemary Carrot Coins,S,,50,grams,,SUB-013596-4-001,OVEN / BLAST CHILLER,"2ND Compartment

(from bottom to top)

50 g broccoli
50 g carrot coins

Net Weight : 395 g",,,0.59689,1,SCOOP,red,LEVEL,,,0.11023,2.95481,0.18468,PCK-00-151923-5,2nd,
FV0576A - Creamy Lemon Pepper Chicken [BNL],REC-030756-4-003,R,1,portions,Grated Parmesan Broccoli,S,,50,grams,,SUB-030759-4-001,UNCATEGORIZED BOM,,MILCH (EINSCHLIESSLICH LAKTOSE),,0.70753,1,SCOOP,yellow,LEVEL,,,0.11023,2.49274,0.1558,PCK-00-151923-5,2nd,

FV0576A - Creamy Lemon Pepper Chicken [DE],REC-030756-4-002,R,1,portions,Carrot & Pea Brown Rice Pilaf,S,,110,grams,,SUB-030757-4-001,UNCATEGORIZED BOM,"**PLATING INSTRUCTIONS**

2-Compartment Tray

1. Main Compartment 
(from bottom to top)
110 g rice pilaf
1 EA (120g) chicken breast
65 g cream cheese sauce (on top of chicken)","SCHWEFELDIOXIDE UND SULFITE, SELLERIE",,0.95237,1,SCOOP,white,LEVEL,,,0.24251,4.0742,0.25464,PCK-00-151923-5,Main,
FV0576A - Creamy Lemon Pepper Chicken [DE],REC-030756-4-002,R,1,portions,Chicken Breast Marinade #4 - NO GRILL,S,,1,each,,SUB-030761-4-001,MARINADE / OVEN / BLAST CHILLER,,SCHWEFELDIOXIDE UND SULFITE,,0.72547,1,HAND_PORTIONED,Hand Portioned,BY_TRAY,,4.23288,0.26455,5.83467,0.36467,PCK-00-151923-5,Main,
FV0576A - Creamy Lemon Pepper Chicken [DE],REC-030756-4-002,R,1,portions,Lemon Herb Cream Cheese Sauce - Low Fat,S,,65,grams,,SUB-030760-4-001,SPICE PORTIONING / IMMERSION BLENDER / BRAISER / BLAST CHILLER,,MILCH (EINSCHLIESSLICH LAKTOSE),,0.88317,1,SCOOP,blue,LEVEL,,,0.1433,2.59611,0.16226,PCK-00-151923-5,Main,
FV0576A - Creamy Lemon Pepper Chicken [DE],REC-030756-4-002,R,1,portions,Rosemary Carrot Coins,S,,50,grams,,SUB-013596-4-001,OVEN / BLAST CHILLER,"2ND Compartment

(from bottom to top)

50 g broccoli
50 g carrot coins

Net Weight : 395 g",,,0.59689,1,SCOOP,red,LEVEL,,,0.11023,2.95481,0.18468,PCK-00-151923-5,2nd,
FV0576A - Creamy Lemon Pepper Chicken [DE],REC-030756-4-002,R,1,portions,Grated Parmesan Broccoli,S,,50,grams,,SUB-030759-4-001,UNCATEGORIZED BOM,,MILCH (EINSCHLIESSLICH LAKTOSE),,0.70753,1,SCOOP,yellow,LEVEL,,,0.11023,2.49274,0.1558,PCK-00-151923-5,2nd,

FV0576A - Creamy Lemon Pepper Chicken [DKSE],REC-030756-4-001,R,1,portions,Carrot & Pea Brown Rice Pilaf,S,,110,grams,,SUB-030757-4-001,UNCATEGORIZED BOM,"**PLATING INSTRUCTIONS**

2-Compartment Tray

1. Main Compartment 
(from bottom to top)
110 g rice pilaf
1 EA (120g) chicken breast
65 g cream cheese sauce (on top of chicken)","SCHWEFELDIOXIDE UND SULFITE, SELLERIE",,0.95237,1,SCOOP,white,LEVEL,,,0.24251,4.0742,0.25464,PCK-00-151923-5,Main,
FV0576A - Creamy Lemon Pepper Chicken [DKSE],REC-030756-4-001,R,1,portions,Chicken Breast Marinade #4 - NO GRILL,S,,1,each,,SUB-030761-4-001,MARINADE / OVEN / BLAST CHILLER,,SCHWEFELDIOXIDE UND SULFITE,,0.72547,1,HAND_PORTIONED,Hand Portioned,BY_TRAY,,4.23288,0.26455,5.83467,0.36467,PCK-00-151923-5,Main,
FV0576A - Creamy Lemon Pepper Chicken [DKSE],REC-030756-4-001,R,1,portions,Lemon Herb Cream Cheese Sauce - Low Fat,S,,65,grams,,SUB-030760-4-001,SPICE PORTIONING / IMMERSION BLENDER / BRAISER / BLAST CHILLER,,MILCH (EINSCHLIESSLICH LAKTOSE),,0.88317,1,SCOOP,blue,LEVEL,,,0.1433,2.59611,0.16226,PCK-00-151923-5,Main,
FV0576A - Creamy Lemon Pepper Chicken [DKSE],REC-030756-4-001,R,1,portions,Rosemary Carrot Coins,S,,50,grams,,SUB-013596-4-001,OVEN / BLAST CHILLER,"2ND Compartment

(from bottom to top)

50 g broccoli
50 g carrot coins

Net Weight : 395 g",,,0.59689,1,SCOOP,red,LEVEL,,,0.11023,2.95481,0.18468,PCK-00-151923-5,2nd,
FV0576A - Creamy Lemon Pepper Chicken [DKSE],REC-030756-4-001,R,1,portions,Grated Parmesan Broccoli,S,,50,grams,,SUB-030759-4-001,UNCATEGORIZED BOM,,MILCH (EINSCHLIESSLICH LAKTOSE),,0.70753,1,SCOOP,yellow,LEVEL,,,0.11023,2.49274,0.1558,PCK-00-151923-5,2nd,

FV0601A - Mozzarella Burger & Roasted Potatoes [BNL],REC-013423-4-005,R,1,portions,Roasted Garlic and Parsley Roasted Potato - SH,S,,115,grams,,SUB-013390-4-001,OVEN / BLAST CHILLER,"**PLATING INSTRUCTIONS**

MAIN: 
115g potatoes
14g mozz / parsley
1 each burger
14g mozz / parsley

",,,0.66608,1,SCOOP,white,LEVEL,,,0.25353,6.09015,0.38063,PCK-00-151924-5,Main,
FV0601A - Mozzarella Burger & Roasted Potatoes [BNL],REC-013423-4-005,R,1,portions,Mozzarella + Parsley Mix,S,,14,grams,,SUB-013419-4-001,HAND MIX,,MILCH (EINSCHLIESSLICH LAKTOSE),,0.94982,1,SCOOP,black,NATURAL,,,0.03086,0.51992,0.0325,PCK-00-151924-5,Main,
FV0601A - Mozzarella Burger & Roasted Potatoes [BNL],REC-013423-4-005,R,1,portions,Beef Burger Master EU,S,,1,each,,SUB-031776-4-001,HORIZONTAL MIXER / PATTY MAKER / OVEN / BLAST CHILLER,,SCHWEFELDIOXIDE UND SULFITE,,0.6701,1,HAND_PORTIONED,Hand Portioned,BY_TRAY,,4.58562,0.2866,6.84315,0.4277,PCK-00-151924-5,Main,
FV0601A - Mozzarella Burger & Roasted Potatoes [BNL],REC-013423-4-005,R,1,portions,Mozzarella + Parsley Mix,S,,14,grams,,SUB-013419-4-001,HAND MIX,,MILCH (EINSCHLIESSLICH LAKTOSE),,0.94982,1,SCOOP,black,NATURAL,,,0.03086,0.51992,0.0325,PCK-00-151924-5,Main,
FV0601A - Mozzarella Burger & Roasted Potatoes [BNL],REC-013423-4-005,R,1,portions,Mixed veg - Summer Zucchini Roast,S,,85,grams,,SUB-013418-4-001,OVEN / BLAST CHILLER,"2ND: 
85g Zucchini Roast
",SCHWEFELDIOXIDE UND SULFITE,,0.68712,1,SCOOP,green,LEVEL,,,0.18739,4.36356,0.27272,PCK-00-151924-5,2nd,
FV0601A - Mozzarella Burger & Roasted Potatoes [BNL],REC-013423-4-005,R,1,portions,Smokehouse Ketchup,S,,30,grams,,SUB-013422-4-001,SPICE PORTIONING / IMMERSION BLENDER / BRAISER / BLAST CHILLER,"3RD:
30g cupped sauce

NET WEIGHT: 388g",SCHWEFELDIOXIDE UND SULFITE,,0.89996,,,,,,,0.06614,1.17585,0.07349,PCK-00-151924-5,3rd,

FV0601A - Mozzarella Burger & Roasted Potatoes [DE],REC-013423-4-003,R,1,portions,Roasted Garlic and Parsley Roasted Potato - SH,S,,115,grams,,SUB-013390-4-001,OVEN / BLAST CHILLER,"**PLATING INSTRUCTIONS**

MAIN: 
115g potatoes
14g mozz / parsley
1ea burger
14g mozz / parsley
",,,0.66608,1,SCOOP,white,LEVEL,,,0.25353,6.09015,0.38063,PCK-00-151924-5,Main,
FV0601A - Mozzarella Burger & Roasted Potatoes [DE],REC-013423-4-003,R,1,portions,Mozzarella + Parsley Mix,S,,14,grams,,SUB-013419-4-001,HAND MIX,,MILCH (EINSCHLIESSLICH LAKTOSE),,0.94982,1,SCOOP,black,NATURAL,,,0.03086,0.51992,0.0325,PCK-00-151924-5,Main,
FV0601A - Mozzarella Burger & Roasted Potatoes [DE],REC-013423-4-003,R,1,portions,Beef Burger Master EU,S,,1,each,,SUB-031776-4-001,HORIZONTAL MIXER / PATTY MAKER / OVEN / BLAST CHILLER,,SCHWEFELDIOXIDE UND SULFITE,,0.6701,1,HAND_PORTIONED,Hand Portioned,BY_TRAY,,4.58562,0.2866,6.84315,0.4277,PCK-00-151924-5,Main,
FV0601A - Mozzarella Burger & Roasted Potatoes [DE],REC-013423-4-003,R,1,portions,Mozzarella + Parsley Mix,S,,14,grams,,SUB-013419-4-001,HAND MIX,,MILCH (EINSCHLIESSLICH LAKTOSE),,0.94982,1,SCOOP,black,NATURAL,,,0.03086,0.51992,0.0325,PCK-00-151924-5,Main,
FV0601A - Mozzarella Burger & Roasted Potatoes [DE],REC-013423-4-003,R,1,portions,Mixed veg - Summer Zucchini Roast,S,,85,grams,,SUB-013418-4-001,OVEN / BLAST CHILLER,"2ND: 
85g Zucchini Roast",SCHWEFELDIOXIDE UND SULFITE,,0.68712,1,SCOOP,green,LEVEL,,,0.18739,4.36356,0.27272,PCK-00-151924-5,2nd,
FV0601A - Mozzarella Burger & Roasted Potatoes [DE],REC-013423-4-003,R,1,portions,Smokehouse Ketchup,S,,30,grams,,SUB-013422-4-001,SPICE PORTIONING / IMMERSION BLENDER / BRAISER / BLAST CHILLER,"3RD:
30g cupped sauce

NET WEIGHT: 388g",SCHWEFELDIOXIDE UND SULFITE,,0.89996,,,,,,,0.06614,1.17585,0.07349,PCK-00-151924-5,3rd,

FV0601A - Mozzarella Burger & Roasted Potatoes [DKSE],REC-013423-4-004,R,1,portions,Roasted Garlic and Parsley Roasted Potato - SH,S,,115,grams,,SUB-013390-4-001,OVEN / BLAST CHILLER,"**PLATING INSTRUCTIONS**

MAIN: 
115g potatoes
14g mozz / parsley
1 each burger
14g mozz / parsley

",,,0.66608,1,SCOOP,white,LEVEL,,,0.25353,6.09015,0.38063,PCK-00-151924-5,Main,
FV0601A - Mozzarella Burger & Roasted Potatoes [DKSE],REC-013423-4-004,R,1,portions,Mozzarella + Parsley Mix,S,,14,grams,,SUB-013419-4-001,HAND MIX,,MILCH (EINSCHLIESSLICH LAKTOSE),,0.94982,1,SCOOP,black,NATURAL,,,0.03086,0.51992,0.0325,PCK-00-151924-5,Main,
FV0601A - Mozzarella Burger & Roasted Potatoes [DKSE],REC-013423-4-004,R,1,portions,Beef Burger Master EU,S,,1,each,,SUB-031776-4-001,HORIZONTAL MIXER / PATTY MAKER / OVEN / BLAST CHILLER,,SCHWEFELDIOXIDE UND SULFITE,,0.6701,1,HAND_PORTIONED,Hand Portioned,BY_TRAY,,4.58562,0.2866,6.84315,0.4277,PCK-00-151924-5,Main,
FV0601A - Mozzarella Burger & Roasted Potatoes [DKSE],REC-013423-4-004,R,1,portions,Mozzarella + Parsley Mix,S,,14,grams,,SUB-013419-4-001,HAND MIX,,MILCH (EINSCHLIESSLICH LAKTOSE),,0.94982,1,SCOOP,black,NATURAL,,,0.03086,0.51992,0.0325,PCK-00-151924-5,Main,
FV0601A - Mozzarella Burger & Roasted Potatoes [DKSE],REC-013423-4-004,R,1,portions,Mixed veg - Summer Zucchini Roast,S,,85,grams,,SUB-013418-4-001,OVEN / BLAST CHILLER,"2ND: 
85g Zucchini Roast
",SCHWEFELDIOXIDE UND SULFITE,,0.68712,1,SCOOP,green,LEVEL,,,0.18739,4.36356,0.27272,PCK-00-151924-5,2nd,
FV0601A - Mozzarella Burger & Roasted Potatoes [DKSE],REC-013423-4-004,R,1,portions,Smokehouse Ketchup,S,,30,grams,,SUB-013422-4-001,SPICE PORTIONING / IMMERSION BLENDER / BRAISER / BLAST CHILLER,"3RD:
30g cupped sauce

NET WEIGHT: 388g",SCHWEFELDIOXIDE UND SULFITE,,0.89996,,,,,,,0.06614,1.17585,0.07349,PCK-00-151924-5,3rd,

FV0612A - Dijon Ground Beef & Mushroom Skillet [BNL],REC-014010-4-005,R,1,portions,Roasted Potatoes,S,,110,grams,,SUB-013668-4-001,OVEN / BLAST CHILLER,"***PLATING
INSTRUCTIONS***
(From the bottom to the top)

1 Compartment

MAIN COMPARTMENT
110g roasted potatoes
80g roasted mushrooms, 
50g Roasted Red Onion
85g mushroom beef
55g Emmentaler fondue
5g green onion


Net Weight: 375g",,,0.70701,1,SCOOP,white,NATURAL,,,0.24251,5.48812,0.34301,PCK-00-151922-5,Main,
FV0612A - Dijon Ground Beef & Mushroom Skillet [BNL],REC-014010-4-005,R,1,portions,Dry Roasted Mushrooms (thick),S,,80,grams,,SUB-014006-4-001,OVEN / BLAST CHILLER,,,,0.58166,1,SCOOP,beige,LEVEL,,,0.17637,4.85145,0.30322,PCK-00-151922-5,Main,
FV0612A - Dijon Ground Beef & Mushroom Skillet [BNL],REC-014010-4-005,R,1,portions,Roasted Red Onion,S,,50,grams,,SUB-014007-4-001,OVEN / BLAST CHILLER,,,,0.69276,1,SCOOP,red,LEVEL,,,0.11023,2.54589,0.15912,PCK-00-151922-5,Main,
FV0612A - Dijon Ground Beef & Mushroom Skillet [BNL],REC-014010-4-005,R,1,portions,Mushroom Swiss Beef (medium salt),S,,85,grams,,SUB-014302-4-001,BRAISER / BLAST CHILLER,,SENF,,0.70785,1,SCOOP,green,LEVEL,,,0.18739,4.23576,0.26474,PCK-00-151922-5,Main,
FV0612A - Dijon Ground Beef & Mushroom Skillet [BNL],REC-014010-4-005,R,1,portions,Sauce - Emmentaler Fondue,S,,55,grams,,SUB-013671-4-001,SPICE PORTIONING / IMMERSION BLENDER / BRAISER / BLAST CHILLER,,MILCH (EINSCHLIESSLICH LAKTOSE),,0.8717,1,SCOOP,yellow,LEVEL,,,0.12125,2.22562,0.1391,PCK-00-151922-5,Main,
FV0612A - Dijon Ground Beef & Mushroom Skillet [BNL],REC-014010-4-005,R,1,portions,Roasted Green Onions,S,,5,grams,,SUB-023370-4-001,OVEN / BLAST CHILLER,,,,0.502,,,,,,,0.01102,0.35133,0.02196,PCK-00-151922-5,Main,

FV0612A - Dijon Ground Beef & Mushroom Skillet [DE],REC-014010-4-002,R,1,portions,Roasted Potatoes,S,,110,grams,,SUB-013668-4-001,OVEN / BLAST CHILLER,"***PLATING
INSTRUCTIONS***
(From the bottom to the top)

1 Compartment

MAIN COMPARTMENT
110g roasted potatoes
80g roasted mushrooms, 
50g Roasted Red Onion
85g mushroom beef
55g Emmentaler fondue
5g green onion


Net Weight: 385g",,,0.70701,1,SCOOP,white,NATURAL,,,0.24251,5.48812,0.34301,PCK-00-151922-5,Main,
FV0612A - Dijon Ground Beef & Mushroom Skillet [DE],REC-014010-4-002,R,1,portions,Dry Roasted Mushrooms (thick),S,,80,grams,,SUB-014006-4-001,OVEN / BLAST CHILLER,,,,0.58166,1,SCOOP,beige,LEVEL,,,0.17637,4.85145,0.30322,PCK-00-151922-5,Main,
FV0612A - Dijon Ground Beef & Mushroom Skillet [DE],REC-014010-4-002,R,1,portions,Roasted Red Onion,S,,50,grams,,SUB-014007-4-001,OVEN / BLAST CHILLER,,,,0.69276,1,SCOOP,red,LEVEL,,,0.11023,2.54589,0.15912,PCK-00-151922-5,Main,
FV0612A - Dijon Ground Beef & Mushroom Skillet [DE],REC-014010-4-002,R,1,portions,Mushroom Swiss Beef (medium salt),S,,85,grams,,SUB-014302-4-001,BRAISER / BLAST CHILLER,,SENF,,0.70785,1,SCOOP,green,LEVEL,,,0.18739,4.23576,0.26474,PCK-00-151922-5,Main,
FV0612A - Dijon Ground Beef & Mushroom Skillet [DE],REC-014010-4-002,R,1,portions,Sauce - Emmentaler Fondue,S,,55,grams,,SUB-013671-4-001,SPICE PORTIONING / IMMERSION BLENDER / BRAISER / BLAST CHILLER,,MILCH (EINSCHLIESSLICH LAKTOSE),,0.8717,1,SCOOP,yellow,LEVEL,,,0.12125,2.22562,0.1391,PCK-00-151922-5,Main,
FV0612A - Dijon Ground Beef & Mushroom Skillet [DE],REC-014010-4-002,R,1,portions,Roasted Green Onions,S,,5,grams,,SUB-023370-4-001,OVEN / BLAST CHILLER,,,,0.502,,,,,,,0.01102,0.35133,0.02196,PCK-00-151922-5,Main,

FV0612A - Dijon Ground Beef & Mushroom Skillet [DKSE],REC-014010-4-004,R,1,portions,Roasted Potatoes,S,,110,grams,,SUB-013668-4-001,OVEN / BLAST CHILLER,"***PLATING
INSTRUCTIONS***
(From the bottom to the top)

1 Compartment

MAIN COMPARTMENT
110g roasted potatoes
80g roasted mushrooms, 
50g Roasted Red Onion
85g mushroom beef
55g Emmentaler fondue
5g green onion


Net Weight: 385g",,,0.70701,1,SCOOP,white,NATURAL,,,0.24251,5.48812,0.34301,PCK-00-151922-5,Main,
FV0612A - Dijon Ground Beef & Mushroom Skillet [DKSE],REC-014010-4-004,R,1,portions,Dry Roasted Mushrooms (thick),S,,80,grams,,SUB-014006-4-001,OVEN / BLAST CHILLER,,,,0.58166,1,SCOOP,beige,LEVEL,,,0.17637,4.85145,0.30322,PCK-00-151922-5,Main,
FV0612A - Dijon Ground Beef & Mushroom Skillet [DKSE],REC-014010-4-004,R,1,portions,Roasted Red Onion,S,,50,grams,,SUB-014007-4-001,OVEN / BLAST CHILLER,,,,0.69276,1,SCOOP,red,LEVEL,,,0.11023,2.54589,0.15912,PCK-00-151922-5,Main,
FV0612A - Dijon Ground Beef & Mushroom Skillet [DKSE],REC-014010-4-004,R,1,portions,Mushroom Swiss Beef (medium salt),S,,85,grams,,SUB-014302-4-001,BRAISER / BLAST CHILLER,,SENF,,0.70785,1,SCOOP,green,LEVEL,,,0.18739,4.23576,0.26474,PCK-00-151922-5,Main,
FV0612A - Dijon Ground Beef & Mushroom Skillet [DKSE],REC-014010-4-004,R,1,portions,Sauce - Emmentaler Fondue,S,,55,grams,,SUB-013671-4-001,SPICE PORTIONING / IMMERSION BLENDER / BRAISER / BLAST CHILLER,,MILCH (EINSCHLIESSLICH LAKTOSE),,0.8717,1,SCOOP,yellow,LEVEL,,,0.12125,2.22562,0.1391,PCK-00-151922-5,Main,
FV0612A - Dijon Ground Beef & Mushroom Skillet [DKSE],REC-014010-4-004,R,1,portions,Roasted Green Onions,S,,5,grams,,SUB-023370-4-001,OVEN / BLAST CHILLER,,,,0.502,,,,,,,0.01102,0.35133,0.02196,PCK-00-151922-5,Main,

FV0628A - [BNL] Mushroom Chicken & Rice,REC-033613-4-001,R,1,portions,Cooked Long Grain & Wild Rice Blend w/ Sage,S,,100,grams,,SUB-013857-4-001,OVEN / BLAST CHILLER,"***PLATING INSTRUCTIONS***
(From the bottom to the top)

2 Compartment

MAIN COMPARTMENT
100 g = wild rice
120 g = shredded chicken
55 g = roasted sliced mushroom",,,0.98262,,,,,,,0.22046,3.5898,0.22436,PCK-00-151923-5,Main,
FV0628A - [BNL] Mushroom Chicken & Rice,REC-033613-4-001,R,1,portions,Shredded Chicken Thighs - Mod Marinade #8 - Mediterranean,S,,120,grams,,SUB-033614-4-001,MARINADE / OVEN / HOT SHREDDER / BLAST CHILLER,,SCHWEFELDIOXIDE UND SULFITE,,0.70581,,,,,,,0.26455,5.9972,0.37483,PCK-00-151923-5,Main,
FV0628A - [BNL] Mushroom Chicken & Rice,REC-033613-4-001,R,1,portions,Button Mushroom Sliced - Rosemary/Garlic/Thyme,S,,55,grams,,SUB-033617-4-001,OVEN / BLAST CHILLER,,,,0.55084,,,,,,,0.12125,3.52199,0.22012,PCK-00-151923-5,Main,
FV0628A - [BNL] Mushroom Chicken & Rice,REC-033613-4-001,R,1,portions,Green beans - Roasted Green Beans w/ Roasted Garlic - Less Oil,S,,85,grams,,SUB-013529-4-001,OVEN / BLAST CHILLER,"2ND COMPARTMENT
85 g = green beans

NET WEIGHT 360g",,,0.68735,,,,,,,0.18739,4.36211,0.27263,PCK-00-151923-5,2nd,

FV0628A - [DE] Mushroom Chicken & Rice,REC-033613-4-002,R,1,portions,Cooked Long Grain & Wild Rice Blend w/ Sage,S,,100,grams,,SUB-013857-4-001,OVEN / BLAST CHILLER,"***PLATING INSTRUCTIONS***
(From the bottom to the top)

2 Compartment

MAIN COMPARTMENT
100 g = wild rice
120 g = shredded chicken
55 g = roasted sliced mushroom",,,0.98262,,,,,,,0.22046,3.5898,0.22436,PCK-00-151923-5,Main,
FV0628A - [DE] Mushroom Chicken & Rice,REC-033613-4-002,R,1,portions,Shredded Chicken Thighs - Mod Marinade #8 - Mediterranean,S,,120,grams,,SUB-033614-4-001,MARINADE / OVEN / HOT SHREDDER / BLAST CHILLER,,SCHWEFELDIOXIDE UND SULFITE,,0.70581,,,,,,,0.26455,5.9972,0.37483,PCK-00-151923-5,Main,
FV0628A - [DE] Mushroom Chicken & Rice,REC-033613-4-002,R,1,portions,Button Mushroom Sliced - Rosemary/Garlic/Thyme,S,,55,grams,,SUB-033617-4-001,OVEN / BLAST CHILLER,,,,0.55084,,,,,,,0.12125,3.52199,0.22012,PCK-00-151923-5,Main,
FV0628A - [DE] Mushroom Chicken & Rice,REC-033613-4-002,R,1,portions,Green beans - Roasted Green Beans w/ Roasted Garlic - Less Oil,S,,85,grams,,SUB-013529-4-001,OVEN / BLAST CHILLER,"2ND COMPARTMENT
85 g = green beans

NET WEIGHT 360g",,,0.68735,,,,,,,0.18739,4.36211,0.27263,PCK-00-151923-5,2nd,

FV0628A - [DSKE] Mushroom Chicken & Rice,REC-033613-4-003,R,1,portions,Cooked Long Grain & Wild Rice Blend w/ Sage,S,,100,grams,,SUB-013857-4-001,OVEN / BLAST CHILLER,"***PLATING INSTRUCTIONS***
(From the bottom to the top)

2 Compartment

MAIN COMPARTMENT
100 g = wild rice
120 g = shredded chicken
55 g = roasted sliced mushroom",,,0.98262,,,,,,,0.22046,3.5898,0.22436,PCK-00-151923-5,Main,
FV0628A - [DSKE] Mushroom Chicken & Rice,REC-033613-4-003,R,1,portions,Shredded Chicken Thighs - Mod Marinade #8 - Mediterranean,S,,120,grams,,SUB-033614-4-001,MARINADE / OVEN / HOT SHREDDER / BLAST CHILLER,,SCHWEFELDIOXIDE UND SULFITE,,0.70581,,,,,,,0.26455,5.9972,0.37483,PCK-00-151923-5,Main,
FV0628A - [DSKE] Mushroom Chicken & Rice,REC-033613-4-003,R,1,portions,Button Mushroom Sliced - Rosemary/Garlic/Thyme,S,,55,grams,,SUB-033617-4-001,OVEN / BLAST CHILLER,,,,0.55084,,,,,,,0.12125,3.52199,0.22012,PCK-00-151923-5,Main,
FV0628A - [DSKE] Mushroom Chicken & Rice,REC-033613-4-003,R,1,portions,Green beans - Roasted Green Beans w/ Roasted Garlic - Less Oil,S,,85,grams,,SUB-013529-4-001,OVEN / BLAST CHILLER,"2ND COMPARTMENT
85 g = green beans

NET WEIGHT 360g",,,0.68735,,,,,,,0.18739,4.36211,0.27263,PCK-00-151923-5,2nd,

FV0651A - BBQ Chickpeas & Roasted Cabbage Slaw [BNL],REC-013948-4-003,R,1,portions,Cabbage - Roasted Green Cabbage,S,,80,grams,,SUB-013919-4-001,OVEN / BLAST CHILLER,"***PLATING INSTRUCTIONS***
(From the bottom to the top)

2 Compartment

MAIN COMPARTMENT
80g green cabbage
130g bbq chickpeas
20g cheese

",SCHWEFELDIOXIDE UND SULFITE,,0.74908,"1
1","SCOOP
SCOOP","yellow
green","LEVEL
LEVEL",,,0.17637,3.76718,0.23545,PCK-00-151924-5,Main,
FV0651A - BBQ Chickpeas & Roasted Cabbage Slaw [BNL],REC-013948-4-003,R,1,portions,Chickpeas - BBQ Chickpeas,S,,130,grams,,SUB-013931-4-001,HAND MIX / BLAST CHILLER,,SCHWEFELDIOXIDE UND SULFITE,,0.89608,1,SCOOP,white,LEVEL,,,0.2866,5.11739,0.31984,PCK-00-151924-5,Main,
FV0651A - BBQ Chickpeas & Roasted Cabbage Slaw [BNL],REC-013948-4-003,R,1,portions,"FA-DE Cheese, White Cheddar, Shredded /Käse, weißer Cheddar, gerieben",I,DAI-00-139135-3,20,grams,,,,,MILCH (EINSCHLIESSLICH LAKTOSE),,,1,SCOOP,yellow,LEVEL,,,0.04409,0.70548,0.04409,PCK-00-151924-5,Main,
FV0651A - BBQ Chickpeas & Roasted Cabbage Slaw [BNL],REC-013948-4-003,R,1,portions,Polenta - with Mascarpone and Parmesan - Quick Cook,S,,70,grams,,SUB-013621-4-001,SPICE PORTIONING / BRAISER / BLAST CHILLER,"2ND COMPARTMENT
70g polenta
40g corn
",MILCH (EINSCHLIESSLICH LAKTOSE),,0.85548,1,SCOOP,blue,NATURAL,,,0.15432,2.8863,0.18039,PCK-00-151924-5,2nd,
FV0651A - BBQ Chickpeas & Roasted Cabbage Slaw [BNL],REC-013948-4-003,R,1,portions,Corn - Chive-garlic corn kernels,S,,40,grams,,SUB-013947-4-001,HAND MARINADE / OVEN / BLAST CHILLER,,,,0.65798,1,SCOOP,green,LEVEL,,,0.08818,2.14437,0.13402,PCK-00-151924-5,2nd,
FV0651A - BBQ Chickpeas & Roasted Cabbage Slaw [BNL],REC-013948-4-003,R,1,portions,"Green beans - S&P Roasted Green Beans, 40mm Cut -  Less Salt",S,,50,grams,,SUB-013569-4-001,SPICE PORTIONING / HAND MIX,"3RD COMPARTMENT
50g Green beans
Net weight: 390g",,,0.64924,,,,,,,0.11023,2.71654,0.16978,PCK-00-151924-5,3rd,

FV0651A - BBQ Chickpeas & Roasted Cabbage Slaw [DE],REC-013948-4-004,R,1,portions,Cabbage - Roasted Green Cabbage,S,,80,grams,,SUB-013919-4-001,OVEN / BLAST CHILLER,"***PLATING INSTRUCTIONS***
(From the bottom to the top)

2 Compartment

MAIN COMPARTMENT
80g green cabbage
130g bbq chickpeas
20g cheese

",SCHWEFELDIOXIDE UND SULFITE,,0.74908,"1
1","SCOOP
SCOOP","yellow
green","LEVEL
LEVEL",,,0.17637,3.76718,0.23545,PCK-00-151924-5,Main,
FV0651A - BBQ Chickpeas & Roasted Cabbage Slaw [DE],REC-013948-4-004,R,1,portions,Chickpeas - BBQ Chickpeas,S,,130,grams,,SUB-013931-4-001,HAND MIX / BLAST CHILLER,,SCHWEFELDIOXIDE UND SULFITE,,0.89608,1,SCOOP,white,LEVEL,,,0.2866,5.11739,0.31984,PCK-00-151924-5,Main,
FV0651A - BBQ Chickpeas & Roasted Cabbage Slaw [DE],REC-013948-4-004,R,1,portions,"FA-DE Cheese, White Cheddar, Shredded /Käse, weißer Cheddar, gerieben",I,DAI-00-139135-3,20,grams,,,,,MILCH (EINSCHLIESSLICH LAKTOSE),,,1,SCOOP,yellow,LEVEL,,,0.04409,0.70548,0.04409,PCK-00-151924-5,Main,
FV0651A - BBQ Chickpeas & Roasted Cabbage Slaw [DE],REC-013948-4-004,R,1,portions,Polenta - with Mascarpone and Parmesan - Quick Cook,S,,70,grams,,SUB-013621-4-001,SPICE PORTIONING / BRAISER / BLAST CHILLER,"2ND COMPARTMENT
70g polenta
40g corn
",MILCH (EINSCHLIESSLICH LAKTOSE),,0.85548,1,SCOOP,blue,NATURAL,,,0.15432,2.8863,0.18039,PCK-00-151924-5,2nd,
FV0651A - BBQ Chickpeas & Roasted Cabbage Slaw [DE],REC-013948-4-004,R,1,portions,Corn - Chive-garlic corn kernels,S,,40,grams,,SUB-013947-4-001,HAND MARINADE / OVEN / BLAST CHILLER,,,,0.65798,1,SCOOP,green,LEVEL,,,0.08818,2.14437,0.13402,PCK-00-151924-5,2nd,
FV0651A - BBQ Chickpeas & Roasted Cabbage Slaw [DE],REC-013948-4-004,R,1,portions,"Green beans - S&P Roasted Green Beans, 40mm Cut -  Less Salt",S,,50,grams,,SUB-013569-4-001,SPICE PORTIONING / HAND MIX,"3RD COMPARTMENT
50g Green beans

Net weight: 390g",,,0.64924,,,,,,,0.11023,2.71654,0.16978,PCK-00-151924-5,3rd,

FV0651A - BBQ Chickpeas & Roasted Cabbage Slaw [DKSE],REC-013948-4-002,R,1,portions,Cabbage - Roasted Green Cabbage,S,,80,grams,,SUB-013919-4-001,OVEN / BLAST CHILLER,"***PLATING INSTRUCTIONS***
(From the bottom to the top)

2 Compartment

MAIN COMPARTMENT
80g green cabbage
130g bbq chickpeas
20g cheese

",SCHWEFELDIOXIDE UND SULFITE,,0.74908,"1
1","SCOOP
SCOOP","yellow
green","LEVEL
LEVEL",,,0.17637,3.76718,0.23545,PCK-00-151924-5,Main,
FV0651A - BBQ Chickpeas & Roasted Cabbage Slaw [DKSE],REC-013948-4-002,R,1,portions,Chickpeas - BBQ Chickpeas,S,,130,grams,,SUB-013931-4-001,HAND MIX / BLAST CHILLER,,SCHWEFELDIOXIDE UND SULFITE,,0.89608,1,SCOOP,white,LEVEL,,,0.2866,5.11739,0.31984,PCK-00-151924-5,Main,
FV0651A - BBQ Chickpeas & Roasted Cabbage Slaw [DKSE],REC-013948-4-002,R,1,portions,"FA-DE Cheese, White Cheddar, Shredded /Käse, weißer Cheddar, gerieben",I,DAI-00-139135-3,20,grams,,,,,MILCH (EINSCHLIESSLICH LAKTOSE),,,1,SCOOP,yellow,LEVEL,,,0.04409,0.70548,0.04409,PCK-00-151924-5,Main,
FV0651A - BBQ Chickpeas & Roasted Cabbage Slaw [DKSE],REC-013948-4-002,R,1,portions,Polenta - with Mascarpone and Parmesan - Quick Cook,S,,70,grams,,SUB-013621-4-001,SPICE PORTIONING / BRAISER / BLAST CHILLER,"2ND COMPARTMENT
70g polenta
40g corn",MILCH (EINSCHLIESSLICH LAKTOSE),,0.85548,1,SCOOP,blue,NATURAL,,,0.15432,2.8863,0.18039,PCK-00-151924-5,2nd,
FV0651A - BBQ Chickpeas & Roasted Cabbage Slaw [DKSE],REC-013948-4-002,R,1,portions,Corn - Chive-garlic corn kernels,S,,40,grams,,SUB-013947-4-001,HAND MARINADE / OVEN / BLAST CHILLER,,,,0.65798,1,SCOOP,green,LEVEL,,,0.08818,2.14437,0.13402,PCK-00-151924-5,2nd,
FV0651A - BBQ Chickpeas & Roasted Cabbage Slaw [DKSE],REC-013948-4-002,R,1,portions,"Green beans - S&P Roasted Green Beans, 40mm Cut -  Less Salt",S,,50,grams,,SUB-013569-4-001,SPICE PORTIONING / HAND MIX,"3RD COMPARTMENT
50g Green beans

Net weight: 390g",,,0.64924,,,,,,,0.11023,2.71654,0.16978,PCK-00-151924-5,3rd,

FV0689A - [BNL] - Keema inspired Beef Curry,REC-030444-4-003,R,1,portions,Cilantro Basmati Rice Blend - 50/50,S,,90,grams,,SUB-030439-4-001,UNCATEGORIZED BOM,"***PLATING INSTRUCTIONS***

(From the bottom to the top)

2 Compartment

MAIN:
rice - 90 g
ground beef mix - 120 g
potatoes - 50 g
",SCHWEFELDIOXIDE UND SULFITE,,0.99986,,,,,,,0.19842,3.17511,0.19844,PCK-00-151923-5,Main,
FV0689A - [BNL] - Keema inspired Beef Curry,REC-030444-4-003,R,1,portions,Keema Curry Ground Beef,S,,120,grams,,SUB-033214-4-001,SPICE PORTIONING / IMMERSION BLENDER / BRAISER / BLAST CHILLER,,"SCHWEFELDIOXIDE UND SULFITE, SENF",,0.95,,,,,,,0.26455,4.45566,0.27848,PCK-00-151923-5,Main,
FV0689A - [BNL] - Keema inspired Beef Curry,REC-030444-4-003,R,1,portions,Roasted Potato for Keema curry,S,,50,grams,,SUB-033215-4-001,OVEN / BLAST CHILLER,,SENF,,0.78937,,,,,,,0.11023,2.23431,0.13964,PCK-00-151923-5,Main,
FV0689A - [BNL] - Keema inspired Beef Curry,REC-030444-4-003,R,1,portions,Cilantro-Cumin Cauliflower Florets,S,,140,grams,,SUB-033217-4-001,OVEN / BLAST CHILLER,"SIDE:

Cauliflower Florets - 140 g

NET WEIGHT: 400 g",,,0.75181,,,,,,,0.30865,6.56862,0.41054,PCK-00-151923-5,2nd,

FV0689A - [DE] - Keema inspired Beef Curry,REC-030444-4-002,R,1,portions,Cilantro Basmati Rice Blend - 50/50,S,,90,grams,,SUB-030439-4-001,UNCATEGORIZED BOM,"***PLATING INSTRUCTIONS***

(From the bottom to the top)

2 Compartment

MAIN:
rice - 90 g
ground beef mix - 120 g
potatoes - 50 g
",SCHWEFELDIOXIDE UND SULFITE,,0.99986,,,,,,,0.19842,3.17511,0.19844,PCK-00-151923-5,Main,
FV0689A - [DE] - Keema inspired Beef Curry,REC-030444-4-002,R,1,portions,Keema Curry Ground Beef,S,,120,grams,,SUB-033214-4-001,SPICE PORTIONING / IMMERSION BLENDER / BRAISER / BLAST CHILLER,,"SCHWEFELDIOXIDE UND SULFITE, SENF",,0.95,,,,,,,0.26455,4.45566,0.27848,PCK-00-151923-5,Main,
FV0689A - [DE] - Keema inspired Beef Curry,REC-030444-4-002,R,1,portions,Roasted Potato for Keema curry,S,,50,grams,,SUB-033215-4-001,OVEN / BLAST CHILLER,,SENF,,0.78937,,,,,,,0.11023,2.23431,0.13964,PCK-00-151923-5,Main,
FV0689A - [DE] - Keema inspired Beef Curry,REC-030444-4-002,R,1,portions,Cilantro-Cumin Cauliflower Florets,S,,140,grams,,SUB-033217-4-001,OVEN / BLAST CHILLER,"SIDE:

Cauliflower Florets - 140 g

NET WEIGHT: 400 g",,,0.75181,,,,,,,0.30865,6.56862,0.41054,PCK-00-151923-5,2nd,

FV0689A - [DK/SE] - Keema inspired Beef Curry,REC-030444-4-001,R,1,portions,Cilantro Basmati Rice Blend - 50/50,S,,90,grams,,SUB-030439-4-001,UNCATEGORIZED BOM,"***PLATING INSTRUCTIONS***

(From the bottom to the top)

2 Compartment

MAIN:
rice - 90 g
ground beef mix - 120 g
potatoes - 50 g
",SCHWEFELDIOXIDE UND SULFITE,,0.99986,,,,,,,0.19842,3.17511,0.19844,PCK-00-151923-5,Main,
FV0689A - [DK/SE] - Keema inspired Beef Curry,REC-030444-4-001,R,1,portions,Keema Curry Ground Beef,S,,120,grams,,SUB-033214-4-001,SPICE PORTIONING / IMMERSION BLENDER / BRAISER / BLAST CHILLER,,"SCHWEFELDIOXIDE UND SULFITE, SENF",,0.95,,,,,,,0.26455,4.45566,0.27848,PCK-00-151923-5,Main,
FV0689A - [DK/SE] - Keema inspired Beef Curry,REC-030444-4-001,R,1,portions,Roasted Potato for Keema curry,S,,50,grams,,SUB-033215-4-001,OVEN / BLAST CHILLER,,SENF,,0.78937,,,,,,,0.11023,2.23431,0.13964,PCK-00-151923-5,Main,
FV0689A - [DK/SE] - Keema inspired Beef Curry,REC-030444-4-001,R,1,portions,Cilantro-Cumin Cauliflower Florets,S,,140,grams,,SUB-033217-4-001,OVEN / BLAST CHILLER,"SIDE:

Cauliflower Florets - 140 g

NET WEIGHT: 400 g",,,0.75181,,,,,,,0.30865,6.56862,0.41054,PCK-00-151923-5,2nd,

FV0689B - [BNL] - Keema inspired Beef Curry,REC-030444-4-004,R,1,portions,Cilantro Basmati Rice Blend - 50/50,S,,90,grams,,SUB-030439-4-001,UNCATEGORIZED BOM,"***PLATING INSTRUCTIONS***

(From the bottom to the top)

2 Compartment

MAIN:
rice - 90 g
ground beef mix - 120 g
potatoes - 50 g
",SCHWEFELDIOXIDE UND SULFITE,,0.99986,,,,,,,0.19842,3.17511,0.19844,PCK-00-151923-5,Main,
FV0689B - [BNL] - Keema inspired Beef Curry,REC-030444-4-004,R,1,portions,Keema Curry Ground Beef,S,,120,grams,,SUB-033214-4-001,SPICE PORTIONING / IMMERSION BLENDER / BRAISER / BLAST CHILLER,,"SCHWEFELDIOXIDE UND SULFITE, SENF",,0.95,,,,,,,0.26455,4.45566,0.27848,PCK-00-151923-5,Main,
FV0689B - [BNL] - Keema inspired Beef Curry,REC-030444-4-004,R,1,portions,Roasted Potato for Keema curry,S,,50,grams,,SUB-033215-4-001,OVEN / BLAST CHILLER,,SENF,,0.78937,,,,,,,0.11023,2.23431,0.13964,PCK-00-151923-5,Main,
FV0689B - [BNL] - Keema inspired Beef Curry,REC-030444-4-004,R,1,portions,IQF Cilantro-Cumin Cauliflower Florets - IQF,S,,140,grams,,SUB-033217-4-002,OVEN / BLAST CHILLER,"SIDE:

Cauliflower Florets - 140 g

NET WEIGHT: 400 g",,,0.67506,,,,,,,0.30865,7.31546,0.45722,PCK-00-151923-5,2nd,

FV0689B - [DE] - Keema inspired Beef Curry,REC-030444-4-005,R,1,portions,Cilantro Basmati Rice Blend - 50/50,S,,90,grams,,SUB-030439-4-001,UNCATEGORIZED BOM,"***PLATING INSTRUCTIONS***

(From the bottom to the top)

2 Compartment

MAIN:
rice - 90 g
ground beef mix - 120 g
potatoes - 50 g
",SCHWEFELDIOXIDE UND SULFITE,,0.99986,,,,,,,0.19842,3.17511,0.19844,PCK-00-151923-5,Main,
FV0689B - [DE] - Keema inspired Beef Curry,REC-030444-4-005,R,1,portions,Keema Curry Ground Beef,S,,120,grams,,SUB-033214-4-001,SPICE PORTIONING / IMMERSION BLENDER / BRAISER / BLAST CHILLER,,"SCHWEFELDIOXIDE UND SULFITE, SENF",,0.95,,,,,,,0.26455,4.45566,0.27848,PCK-00-151923-5,Main,
FV0689B - [DE] - Keema inspired Beef Curry,REC-030444-4-005,R,1,portions,Roasted Potato for Keema curry,S,,50,grams,,SUB-033215-4-001,OVEN / BLAST CHILLER,,SENF,,0.78937,,,,,,,0.11023,2.23431,0.13964,PCK-00-151923-5,Main,
FV0689B - [DE] - Keema inspired Beef Curry,REC-030444-4-005,R,1,portions,IQF Cilantro-Cumin Cauliflower Florets - IQF,S,,140,grams,,SUB-033217-4-002,OVEN / BLAST CHILLER,"SIDE:

Cauliflower Florets - 140 g

NET WEIGHT: 400 g",,,0.67506,,,,,,,0.30865,7.31546,0.45722,PCK-00-151923-5,2nd,

FV0689B - [DK/SE] - Keema inspired Beef Curry,REC-030444-4-006,R,1,portions,Cilantro Basmati Rice Blend - 50/50,S,,90,grams,,SUB-030439-4-001,UNCATEGORIZED BOM,"***PLATING INSTRUCTIONS***

(From the bottom to the top)

2 Compartment

MAIN:
rice - 90 g
ground beef mix - 120 g
potatoes - 50 g
",SCHWEFELDIOXIDE UND SULFITE,,0.99986,,,,,,,0.19842,3.17511,0.19844,PCK-00-151923-5,Main,
FV0689B - [DK/SE] - Keema inspired Beef Curry,REC-030444-4-006,R,1,portions,Keema Curry Ground Beef,S,,120,grams,,SUB-033214-4-001,SPICE PORTIONING / IMMERSION BLENDER / BRAISER / BLAST CHILLER,,"SCHWEFELDIOXIDE UND SULFITE, SENF",,0.95,,,,,,,0.26455,4.45566,0.27848,PCK-00-151923-5,Main,
FV0689B - [DK/SE] - Keema inspired Beef Curry,REC-030444-4-006,R,1,portions,Roasted Potato for Keema curry,S,,50,grams,,SUB-033215-4-001,OVEN / BLAST CHILLER,,SENF,,0.78937,,,,,,,0.11023,2.23431,0.13964,PCK-00-151923-5,Main,
FV0689B - [DK/SE] - Keema inspired Beef Curry,REC-030444-4-006,R,1,portions,IQF Cilantro-Cumin Cauliflower Florets - IQF,S,,140,grams,,SUB-033217-4-002,OVEN / BLAST CHILLER,"SIDE:

Cauliflower Florets - 140 g

NET WEIGHT: 400 g",,,0.67506,,,,,,,0.30865,7.31546,0.45722,PCK-00-151923-5,2nd,

FV0713A - Cabbage in cheese sauce with minced beef [BNL],REC-013950-4-001,R,1,portions,Cabbage - Cheesy Cabbage Casserole,S,,100,grams,,SUB-013771-4-001,SPICE PORTIONING / BRAISER / BLAST CHILLER,"***PLATING INSTRUCTIONS***
(from the bottom to the top)

2 Compartment

MAIN:
cheesy cabbage - 100 g
ground beef mix - 130 g
cheese - 25 g

",MILCH (EINSCHLIESSLICH LAKTOSE),,0.89308,1,SCOOP,beige,LEVEL,,,0.22046,3.94969,0.24686,PCK-00-151923-5,Main,
FV0713A - Cabbage in cheese sauce with minced beef [BNL],REC-013950-4-001,R,1,portions,Tomato Ground Beef Mix,S,,130,grams,,SUB-013949-4-001,SPICE PORTIONING / IMMERSION BLENDER / BRAISER / BLAST CHILLER,,"MILCH (EINSCHLIESSLICH LAKTOSE), SENF",,0.7768,1,SCOOP,grey,LEVEL,,,0.2866,5.9032,0.36895,PCK-00-151923-5,Main,
FV0713A - Cabbage in cheese sauce with minced beef [BNL],REC-013950-4-001,R,1,portions,"FA-DE Cheese, White Cheddar, Shredded /Käse, weißer Cheddar, gerieben",I,DAI-00-139135-3,25,grams,,,,,MILCH (EINSCHLIESSLICH LAKTOSE),,,1,SCOOP,yellow,LEVEL,,,0.05512,0.88185,0.05512,PCK-00-151923-5,Main,
FV0713A - Cabbage in cheese sauce with minced beef [BNL],REC-013950-4-001,R,1,portions,Mixed veg - Garlic Chili Green Beans & Red Bell Peppers,S,,100,grams,,SUB-013731-4-001,OVEN / BLAST CHILLER,"SIDE:
green bean/pepper mix - 100 g

NET WEIGHT:  355 g",,,0.7688,"1
1","SCOOP
SCOOP","blue
grey","LEVEL
LEVEL",,,0.22046,4.58821,0.28676,PCK-00-151923-5,2nd,

FV0713A - Cabbage in cheese sauce with minced beef [DE],REC-013950-4-002,R,1,portions,Cabbage - Cheesy Cabbage Casserole,S,,100,grams,,SUB-013771-4-001,SPICE PORTIONING / BRAISER / BLAST CHILLER,"***PLATING INSTRUCTIONS***
(from the bottom to the top)

2 Compartment

MAIN:
cheesy cabbage - 100 g
ground beef mix - 130 g
cheese - 25 g

",MILCH (EINSCHLIESSLICH LAKTOSE),,0.89308,1,SCOOP,beige,LEVEL,,,0.22046,3.94969,0.24686,PCK-00-151923-5,Main,
FV0713A - Cabbage in cheese sauce with minced beef [DE],REC-013950-4-002,R,1,portions,Tomato Ground Beef Mix,S,,130,grams,,SUB-013949-4-001,SPICE PORTIONING / IMMERSION BLENDER / BRAISER / BLAST CHILLER,,"MILCH (EINSCHLIESSLICH LAKTOSE), SENF",,0.7768,1,SCOOP,grey,LEVEL,,,0.2866,5.9032,0.36895,PCK-00-151923-5,Main,
FV0713A - Cabbage in cheese sauce with minced beef [DE],REC-013950-4-002,R,1,portions,"FA-DE Cheese, White Cheddar, Shredded /Käse, weißer Cheddar, gerieben",I,DAI-00-139135-3,25,grams,,,,,MILCH (EINSCHLIESSLICH LAKTOSE),,,1,SCOOP,yellow,LEVEL,,,0.05512,0.88185,0.05512,PCK-00-151923-5,Main,
FV0713A - Cabbage in cheese sauce with minced beef [DE],REC-013950-4-002,R,1,portions,Mixed veg - Garlic Chili Green Beans & Red Bell Peppers,S,,100,grams,,SUB-013731-4-001,OVEN / BLAST CHILLER,"SIDE:
green bean/pepper mix - 100 g

NET WEIGHT:  355 g",,,0.7688,"1
1","SCOOP
SCOOP","blue
grey","LEVEL
LEVEL",,,0.22046,4.58821,0.28676,PCK-00-151923-5,2nd,

FV0713A - Cabbage in cheese sauce with minced beef [DKSE],REC-013950-4-003,R,1,portions,Cabbage - Cheesy Cabbage Casserole,S,,100,grams,,SUB-013771-4-001,SPICE PORTIONING / BRAISER / BLAST CHILLER,"***PLATING INSTRUCTIONS***
(from the bottom to the top)

2 Compartment

MAIN:
cheesy cabbage - 100 g
ground beef mix - 130 g
cheese - 25 g

",MILCH (EINSCHLIESSLICH LAKTOSE),,0.89308,1,SCOOP,beige,LEVEL,,,0.22046,3.94969,0.24686,PCK-00-151923-5,Main,
FV0713A - Cabbage in cheese sauce with minced beef [DKSE],REC-013950-4-003,R,1,portions,Tomato Ground Beef Mix,S,,130,grams,,SUB-013949-4-001,SPICE PORTIONING / IMMERSION BLENDER / BRAISER / BLAST CHILLER,,"MILCH (EINSCHLIESSLICH LAKTOSE), SENF",,0.7768,1,SCOOP,grey,LEVEL,,,0.2866,5.9032,0.36895,PCK-00-151923-5,Main,
FV0713A - Cabbage in cheese sauce with minced beef [DKSE],REC-013950-4-003,R,1,portions,"FA-DE Cheese, White Cheddar, Shredded /Käse, weißer Cheddar, gerieben",I,DAI-00-139135-3,25,grams,,,,,MILCH (EINSCHLIESSLICH LAKTOSE),,,1,SCOOP,yellow,LEVEL,,,0.05512,0.88185,0.05512,PCK-00-151923-5,Main,
FV0713A - Cabbage in cheese sauce with minced beef [DKSE],REC-013950-4-003,R,1,portions,Mixed veg - Garlic Chili Green Beans & Red Bell Peppers,S,,100,grams,,SUB-013731-4-001,OVEN / BLAST CHILLER,"SIDE:
green bean/pepper mix - 100 g

NET WEIGHT:  355 g",,,0.7688,"1
1","SCOOP
SCOOP","blue
grey","LEVEL
LEVEL",,,0.22046,4.58821,0.28676,PCK-00-151923-5,2nd,

FV0746A - [BNL] - Spicy ground beef with jalapenos,REC-014078-4-003,R,1,portions,Cauliflower rice - JBTBK Green Pepper Cauliflower Rice,S,,125,grams,,SUB-014066-4-001,OVEN / BLAST CHILLER,"***PLATING INSTRUCTIONS***
(From the bottom to the top)

2 Compartment
MAIN COMPARTMENT
Next to each other: 125g cauliflower rice & 125g beef
10g Cheddar
10g jalapeno",MILCH (EINSCHLIESSLICH LAKTOSE),,0.8587,1,SCOOP,white,LEVEL,,,0.27558,5.13481,0.32093,PCK-00-151923-5,Main,
FV0746A - [BNL] - Spicy ground beef with jalapenos,REC-014078-4-003,R,1,portions,JBTBK Poblano Ground Beef KETO,S,,125,grams,,SUB-014077-4-001,BRAISER / BLAST CHILLER,,SCHWEFELDIOXIDE UND SULFITE,,0.98485,1,SCOOP,grey,LEVEL,,,0.27558,4.47705,0.27982,PCK-00-151923-5,Main,
FV0746A - [BNL] - Spicy ground beef with jalapenos,REC-014078-4-003,R,1,portions,"FA-DE Cheese, White Cheddar, Shredded /Käse, weißer Cheddar, gerieben",I,DAI-00-139135-3,10,grams,,,,,MILCH (EINSCHLIESSLICH LAKTOSE),,,,,,,,,0.02205,0.35274,0.02205,PCK-00-151923-5,Main,
FV0746A - [BNL] - Spicy ground beef with jalapenos,REC-014078-4-003,R,1,portions,"FA-DE Jalapeno Peppers, Nacho Sliced /Jalapeno-Paprikaschoten, Nacho in Scheiben geschnitten",I,PRO-00-139249-5,10,grams,,,,,,,,,,,,,,0.02205,0.35274,0.02205,PCK-00-151923-5,Main,
FV0746A - [BNL] - Spicy ground beef with jalapenos,REC-014078-4-003,R,1,portions,Mexican Roasted Zucchini,S,,120,grams,,SUB-014070-4-001,OVEN / BLAST CHILLER,"2ND COMPARTMENT
110g Courgette 
25g Crema (cupped)

NET WEIGHT = 425g",,,0.77905,1,SCOOP,grey,LEVEL,,,0.26455,5.43335,0.33958,PCK-00-151923-5,2nd,
FV0746A - [BNL] - Spicy ground beef with jalapenos,REC-014078-4-003,R,1,portions,Cilantro Crema,S,,25,grams,,SUB-014068-4-001,IMMERSION BLENDER / CUPPING,,MILCH (EINSCHLIESSLICH LAKTOSE),,0.94992,1,CUP,Cup,,,,0.05512,0.92834,0.05802,PCK-00-151923-5,2nd,

FV0746A - [DE] - Spicy ground beef with jalapenos,REC-014078-4-002,R,1,portions,Cauliflower rice - JBTBK Green Pepper Cauliflower Rice,S,,125,grams,,SUB-014066-4-001,OVEN / BLAST CHILLER,"***PLATING INSTRUCTIONS***
(From the bottom to the top)

2 Compartment
MAIN COMPARTMENT
Next to each other: 125g cauliflower rice & 125g beef
10g Cheddar
10g jalapeno",MILCH (EINSCHLIESSLICH LAKTOSE),,0.8587,1,SCOOP,white,LEVEL,,,0.27558,5.13481,0.32093,PCK-00-151923-5,Main,
FV0746A - [DE] - Spicy ground beef with jalapenos,REC-014078-4-002,R,1,portions,JBTBK Poblano Ground Beef KETO,S,,125,grams,,SUB-014077-4-001,BRAISER / BLAST CHILLER,,SCHWEFELDIOXIDE UND SULFITE,,0.98485,1,SCOOP,grey,LEVEL,,,0.27558,4.47705,0.27982,PCK-00-151923-5,Main,
FV0746A - [DE] - Spicy ground beef with jalapenos,REC-014078-4-002,R,1,portions,"FA-DE Cheese, White Cheddar, Shredded /Käse, weißer Cheddar, gerieben",I,DAI-00-139135-3,10,grams,,,,,MILCH (EINSCHLIESSLICH LAKTOSE),,,,,,,,,0.02205,0.35274,0.02205,PCK-00-151923-5,Main,
FV0746A - [DE] - Spicy ground beef with jalapenos,REC-014078-4-002,R,1,portions,"FA-DE Jalapeno Peppers, Nacho Sliced /Jalapeno-Paprikaschoten, Nacho in Scheiben geschnitten",I,PRO-00-139249-5,10,grams,,,,,,,,,,,,,,0.02205,0.35274,0.02205,PCK-00-151923-5,Main,
FV0746A - [DE] - Spicy ground beef with jalapenos,REC-014078-4-002,R,1,portions,Mexican Roasted Zucchini,S,,120,grams,,SUB-014070-4-001,OVEN / BLAST CHILLER,"2ND COMPARTMENT
110g Courgette 
25g Crema (cupped)

NET WEIGHT = 425g",,,0.77905,1,SCOOP,grey,LEVEL,,,0.26455,5.43335,0.33958,PCK-00-151923-5,2nd,
FV0746A - [DE] - Spicy ground beef with jalapenos,REC-014078-4-002,R,1,portions,Cilantro Crema,S,,25,grams,,SUB-014068-4-001,IMMERSION BLENDER / CUPPING,,MILCH (EINSCHLIESSLICH LAKTOSE),,0.94992,1,CUP,Cup,,,,0.05512,0.92834,0.05802,PCK-00-151923-5,2nd,

FV0746A - [DK/SE] - Spicy ground beef with jalapenos,REC-014078-4-001,R,1,portions,Cauliflower rice - JBTBK Green Pepper Cauliflower Rice,S,,125,grams,,SUB-014066-4-001,OVEN / BLAST CHILLER,"***PLATING INSTRUCTIONS***
(From the bottom to the top)

2 Compartment
MAIN COMPARTMENT
Next to each other: 125g cauliflower rice & 125g beef
10g Cheddar
10g jalapeno",MILCH (EINSCHLIESSLICH LAKTOSE),,0.8587,1,SCOOP,white,LEVEL,,,0.27558,5.13481,0.32093,PCK-00-151923-5,Main,
FV0746A - [DK/SE] - Spicy ground beef with jalapenos,REC-014078-4-001,R,1,portions,JBTBK Poblano Ground Beef KETO,S,,125,grams,,SUB-014077-4-001,BRAISER / BLAST CHILLER,,SCHWEFELDIOXIDE UND SULFITE,,0.98485,1,SCOOP,grey,LEVEL,,,0.27558,4.47705,0.27982,PCK-00-151923-5,Main,
FV0746A - [DK/SE] - Spicy ground beef with jalapenos,REC-014078-4-001,R,1,portions,"FA-DE Cheese, White Cheddar, Shredded /Käse, weißer Cheddar, gerieben",I,DAI-00-139135-3,10,grams,,,,,MILCH (EINSCHLIESSLICH LAKTOSE),,,,,,,,,0.02205,0.35274,0.02205,PCK-00-151923-5,Main,
FV0746A - [DK/SE] - Spicy ground beef with jalapenos,REC-014078-4-001,R,1,portions,"FA-DE Jalapeno Peppers, Nacho Sliced /Jalapeno-Paprikaschoten, Nacho in Scheiben geschnitten",I,PRO-00-139249-5,10,grams,,,,,,,,,,,,,,0.02205,0.35274,0.02205,PCK-00-151923-5,Main,
FV0746A - [DK/SE] - Spicy ground beef with jalapenos,REC-014078-4-001,R,1,portions,Mexican Roasted Zucchini,S,,120,grams,,SUB-014070-4-001,OVEN / BLAST CHILLER,"2ND COMPARTMENT
110g Courgette 
25g Crema (cupped)

NET WEIGHT = 425g",,,0.77905,1,SCOOP,grey,LEVEL,,,0.26455,5.43335,0.33958,PCK-00-151923-5,2nd,
FV0746A - [DK/SE] - Spicy ground beef with jalapenos,REC-014078-4-001,R,1,portions,Cilantro Crema,S,,25,grams,,SUB-014068-4-001,IMMERSION BLENDER / CUPPING,,MILCH (EINSCHLIESSLICH LAKTOSE),,0.94992,1,CUP,Cup,,,,0.05512,0.92834,0.05802,PCK-00-151923-5,2nd,

FV0778A- Creamy pesto pasta [BNL],REC-014155-4-003,R,1,portions,"FA-DE Pasta, Whole Wheat, Penne IQF/Nudeln, vollkorn, IQF",I,PRO-00-139304-1,115,grams,,,,"***PLATING
INSTRUCTIONS***
(From the bottom to the top)
2 Compartment
MAIN COMPARTMENT

115g Pasta
75g roasted veg
90g pesto cream sauce
35g cherry tomatoes

","GLUTENHALTIGES GETREIDE, WEIZEN",,,1,SCOOP,orange,LEVEL,,,0.25353,4.05651,0.25353,PCK-00-151923-5,Main,
FV0778A- Creamy pesto pasta [BNL],REC-014155-4-003,R,1,portions,Mixed veg - Roasted Vegetable BATCH 25% less oil,S,,75,grams,,SUB-014154-4-001,OVEN / BLAST CHILLER,,SCHWEFELDIOXIDE UND SULFITE,,0.7271,1,SCOOP,blue,NATURAL,,,0.16535,3.63848,0.22741,PCK-00-151923-5,Main,
FV0778A- Creamy pesto pasta [BNL],REC-014155-4-003,R,1,portions,Creamy Pesto Batch - no Parmesan,S,,90,grams,,SUB-013782-4-002,IMMERSION BLENDER / BLAST CHILLER,,SCHWEFELDIOXIDE UND SULFITE,,0.95679,,,,,,,0.19842,3.31805,0.20738,PCK-00-151923-5,Main,
FV0778A- Creamy pesto pasta [BNL],REC-014155-4-003,R,1,portions,Tomatoes - Roasted cherry tomatoes,S,,35,grams,,SUB-013627-4-001,OVEN / BLAST CHILLER,,,,0.8416,1,SCOOP,black,LEVEL,,,0.07716,1.46696,0.09168,PCK-00-151923-5,Main,
FV0778A- Creamy pesto pasta [BNL],REC-014155-4-003,R,1,portions,"Green Beans -Roasted Green Beans w/Roasted Garlic less oil, less fat",S,,120,grams,,SUB-032114-4-001,OVEN / BLAST CHILLER,"2ND COMPARTMENT
120g green beans 

NET WEIGHT = 435g",,,0.6884,,,,,,,0.26455,6.14885,0.3843,PCK-00-151923-5,2nd,

FV0778A- Creamy pesto pasta [DE],REC-014155-4-004,R,1,portions,"FA-DE Pasta, Whole Wheat, Penne IQF/Nudeln, vollkorn, IQF",I,PRO-00-139304-1,115,grams,,,,"***PLATING
INSTRUCTIONS***
(From the bottom to the top)
2 Compartment
MAIN COMPARTMENT

115g Pasta
75g roasted veg
90g pesto cream sauce
35g cherry tomatoes

","GLUTENHALTIGES GETREIDE, WEIZEN",,,1,SCOOP,orange,LEVEL,,,0.25353,4.05651,0.25353,PCK-00-151923-5,Main,
FV0778A- Creamy pesto pasta [DE],REC-014155-4-004,R,1,portions,Mixed veg - Roasted Vegetable BATCH 25% less oil,S,,75,grams,,SUB-014154-4-001,OVEN / BLAST CHILLER,,SCHWEFELDIOXIDE UND SULFITE,,0.7271,1,SCOOP,blue,NATURAL,,,0.16535,3.63848,0.22741,PCK-00-151923-5,Main,
FV0778A- Creamy pesto pasta [DE],REC-014155-4-004,R,1,portions,Creamy Pesto Batch - no Parmesan,S,,90,grams,,SUB-013782-4-002,IMMERSION BLENDER / BLAST CHILLER,,SCHWEFELDIOXIDE UND SULFITE,,0.95679,,,,,,,0.19842,3.31805,0.20738,PCK-00-151923-5,Main,
FV0778A- Creamy pesto pasta [DE],REC-014155-4-004,R,1,portions,Tomatoes - Roasted cherry tomatoes,S,,35,grams,,SUB-013627-4-001,OVEN / BLAST CHILLER,,,,0.8416,1,SCOOP,black,LEVEL,,,0.07716,1.46696,0.09168,PCK-00-151923-5,Main,
FV0778A- Creamy pesto pasta [DE],REC-014155-4-004,R,1,portions,"Green Beans -Roasted Green Beans w/Roasted Garlic less oil, less fat",S,,120,grams,,SUB-032114-4-001,OVEN / BLAST CHILLER,"2ND COMPARTMENT
120g green beans 

NET WEIGHT = 435g",,,0.6884,,,,,,,0.26455,6.14885,0.3843,PCK-00-151923-5,2nd,

FV0778A- Creamy pesto pasta [DKSE],REC-014155-4-005,R,1,portions,"FA-DE Pasta, Whole Wheat, Penne IQF/Nudeln, vollkorn, IQF",I,PRO-00-139304-1,115,grams,,,,"***PLATING
INSTRUCTIONS***
(From the bottom to the top)
2 Compartment
MAIN COMPARTMENT

115g Pasta
75g roasted veg
90g pesto cream sauce
35g cherry tomatoes

","GLUTENHALTIGES GETREIDE, WEIZEN",,,1,SCOOP,orange,LEVEL,,,0.25353,4.05651,0.25353,PCK-00-151923-5,Main,
FV0778A- Creamy pesto pasta [DKSE],REC-014155-4-005,R,1,portions,Mixed veg - Roasted Vegetable BATCH 25% less oil,S,,75,grams,,SUB-014154-4-001,OVEN / BLAST CHILLER,,SCHWEFELDIOXIDE UND SULFITE,,0.7271,1,SCOOP,blue,LEVEL,,,0.16535,3.63848,0.22741,PCK-00-151923-5,Main,
FV0778A- Creamy pesto pasta [DKSE],REC-014155-4-005,R,1,portions,Creamy Pesto Batch - no Parmesan,S,,90,grams,,SUB-013782-4-002,IMMERSION BLENDER / BLAST CHILLER,,SCHWEFELDIOXIDE UND SULFITE,,0.95679,,,,,,,0.19842,3.31805,0.20738,PCK-00-151923-5,Main,
FV0778A- Creamy pesto pasta [DKSE],REC-014155-4-005,R,1,portions,Tomatoes - Roasted cherry tomatoes,S,,35,grams,,SUB-013627-4-001,OVEN / BLAST CHILLER,,,,0.8416,1,SCOOP,black,LEVEL,,,0.07716,1.46696,0.09168,PCK-00-151923-5,Main,
FV0778A- Creamy pesto pasta [DKSE],REC-014155-4-005,R,1,portions,"Green Beans -Roasted Green Beans w/Roasted Garlic less oil, less fat",S,,120,grams,,SUB-032114-4-001,OVEN / BLAST CHILLER,"2ND COMPARTMENT
120g green beans 

NET WEIGHT = 435g",,,0.6884,,,,,,,0.26455,6.14885,0.3843,PCK-00-151923-5,2nd,

FV0780A - Whole Wheat Penne Bolognese [BNL],REC-014315-4-004,R,1,portions,"FA-DE Pasta, Whole Wheat, Penne IQF/Nudeln, vollkorn, IQF",I,PRO-00-139304-1,110,grams,,,,"***PLATING INSTRUCTIONS***
(From the bottom to the top)

2 Compartment
MAIN COMPARTMENT
110g pasta 
130g beef sauce
40g roasted grape tomatoes

","GLUTENHALTIGES GETREIDE, WEIZEN",,,,,,,,,0.24251,3.88014,0.24251,PCK-00-151923-5,Main,
FV0780A - Whole Wheat Penne Bolognese [BNL],REC-014315-4-004,R,1,portions,Sauce - Ground Beef Bolognese Sauce with carrot,S,,130,grams,,SUB-014145-4-001,SPICE PORTIONING / IMMERSION BLENDER / BRAISER / BLAST CHILLER,,"MILCH (EINSCHLIESSLICH LAKTOSE), SCHWEFELDIOXIDE UND SULFITE, SELLERIE",,0.89901,1,SCOOP,grey,LEVEL,,,0.2866,5.10072,0.3188,PCK-00-151923-5,Main,
FV0780A - Whole Wheat Penne Bolognese [BNL],REC-014315-4-004,R,1,portions,Tomatoes - Roasted cherry tomatoes,S,,40,grams,,SUB-013627-4-001,OVEN / BLAST CHILLER,,,,0.8416,40,HAND_PORTIONED,Hand Portioned,BY_CAMBRO,,,0.08818,1.67652,0.10478,PCK-00-151923-5,Main,
FV0780A - Whole Wheat Penne Bolognese [BNL],REC-014315-4-004,R,1,portions,Zucchini - Garlic Roasted Zucchini,S,,100,grams,,SUB-013632-4-001,OVEN / BLAST CHILLER,"2ND COMPARTMENT
100g courgette

NET WEIGHT: 380 g",,,0.6565,1,SCOOP,beige,LEVEL,,,0.22046,5.37301,0.33581,PCK-00-151923-5,2nd,

FV0780A - Whole Wheat Penne Bolognese [DE],REC-014315-4-006,R,1,portions,"FA-DE Pasta, Whole Wheat, Penne IQF/Nudeln, vollkorn, IQF",I,PRO-00-139304-1,110,grams,,,,"***PLATING INSTRUCTIONS***
(From the bottom to the top)

2 Compartment
MAIN COMPARTMENT
110g pasta 
130g beef sauce
40g roasted grape tomatoes

","GLUTENHALTIGES GETREIDE, WEIZEN",,,,,,,,,0.24251,3.88014,0.24251,PCK-00-151923-5,Main,
FV0780A - Whole Wheat Penne Bolognese [DE],REC-014315-4-006,R,1,portions,Sauce - Ground Beef Bolognese Sauce with carrot,S,,130,grams,,SUB-014145-4-001,SPICE PORTIONING / IMMERSION BLENDER / BRAISER / BLAST CHILLER,,"MILCH (EINSCHLIESSLICH LAKTOSE), SCHWEFELDIOXIDE UND SULFITE, SELLERIE",,0.89901,1,SCOOP,grey,LEVEL,,,0.2866,5.10072,0.3188,PCK-00-151923-5,Main,
FV0780A - Whole Wheat Penne Bolognese [DE],REC-014315-4-006,R,1,portions,Tomatoes - Roasted cherry tomatoes,S,,40,grams,,SUB-013627-4-001,OVEN / BLAST CHILLER,,,,0.8416,40,HAND_PORTIONED,Hand Portioned,BY_CAMBRO,,,0.08818,1.67652,0.10478,PCK-00-151923-5,Main,
FV0780A - Whole Wheat Penne Bolognese [DE],REC-014315-4-006,R,1,portions,Zucchini - Garlic Roasted Zucchini,S,,100,grams,,SUB-013632-4-001,OVEN / BLAST CHILLER,"2ND COMPARTMENT
100g courgette

NET WEIGHT: 380 g",,,0.6565,1,SCOOP,beige,LEVEL,,,0.22046,5.37301,0.33581,PCK-00-151923-5,2nd,

FV0780A - Whole Wheat Penne Bolognese [DK/SE],REC-014315-4-005,R,1,portions,"FA-DE Pasta, Whole Wheat, Penne IQF/Nudeln, vollkorn, IQF",I,PRO-00-139304-1,110,grams,,,,"***PLATING INSTRUCTIONS***
(From the bottom to the top)

2 Compartment
MAIN COMPARTMENT
110g pasta 
130g beef sauce
40g roasted grape tomatoes

","GLUTENHALTIGES GETREIDE, WEIZEN",,,,,,,,,0.24251,3.88014,0.24251,PCK-00-151923-5,Main,
FV0780A - Whole Wheat Penne Bolognese [DK/SE],REC-014315-4-005,R,1,portions,Sauce - Ground Beef Bolognese Sauce with carrot,S,,130,grams,,SUB-014145-4-001,SPICE PORTIONING / IMMERSION BLENDER / BRAISER / BLAST CHILLER,,"MILCH (EINSCHLIESSLICH LAKTOSE), SCHWEFELDIOXIDE UND SULFITE, SELLERIE",,0.89901,1,SCOOP,grey,LEVEL,,,0.2866,5.10072,0.3188,PCK-00-151923-5,Main,
FV0780A - Whole Wheat Penne Bolognese [DK/SE],REC-014315-4-005,R,1,portions,Tomatoes - Roasted cherry tomatoes,S,,40,grams,,SUB-013627-4-001,OVEN / BLAST CHILLER,,,,0.8416,40,HAND_PORTIONED,Hand Portioned,BY_CAMBRO,,,0.08818,1.67652,0.10478,PCK-00-151923-5,Main,
FV0780A - Whole Wheat Penne Bolognese [DK/SE],REC-014315-4-005,R,1,portions,Zucchini - Garlic Roasted Zucchini,S,,100,grams,,SUB-013632-4-001,OVEN / BLAST CHILLER,"2ND COMPARTMENT
100g courgette

NET WEIGHT: 380 g",,,0.6565,1,SCOOP,beige,LEVEL,,,0.22046,5.37301,0.33581,PCK-00-151923-5,2nd,

FV0794A - [BNL] -  Loaded Bacon Shredded Chicken,REC-013489-4-003,R,1,portions,Bacon Chicken Casserole,S,,200,grams,,SUB-013488-4-001,HAND MIX / BLAST CHILLER,"***PLATING INSTRUCTIONS***
(From the bottom to the top)

2 Compartment

MAIN COMPARTMENT
200g = Bacon Chicken Casserole
10g = Extra Crispy Diced Bacon

","MILCH (EINSCHLIESSLICH LAKTOSE), SCHWEFELDIOXIDE UND SULFITE",,0.78649,"1
1","SCOOP
SCOOP","yellow
white","LEVEL
LEVEL",,,0.44092,8.97002,0.56063,PCK-00-151924-5,Main,
FV0794A - [BNL] -  Loaded Bacon Shredded Chicken,REC-013489-4-003,R,1,portions,Extra Crispy Diced Bacon,S,,10,grams,,SUB-013468-4-001,OVEN / DRAIN / BLAST CHILLER,,,,0.4399,1,SCOOP,purple,LEVEL,,,0.02205,0.80186,0.05012,PCK-00-151924-5,Main,
FV0794A - [BNL] -  Loaded Bacon Shredded Chicken,REC-013489-4-003,R,1,portions,Green Beans CUT 1-1/2 - Fresh,S,,70,grams,,SUB-013484-4-001,OVEN / BLAST CHILLER,"2ND COMPARTMENT
70g = Green Beans


",,,0.73433,1,SCOOP,white,LEVEL,,,0.15432,3.3625,0.21016,PCK-00-151924-5,2nd,
FV0794A - [BNL] -  Loaded Bacon Shredded Chicken,REC-013489-4-003,R,1,portions,Ranch Sour Cream Batch - PH,S,,35,grams,,SUB-013485-4-001,HAND MIX / BLAST CHILLER,"3RD
35g = Cupped Sauce

NET WEIGHT = 315g",MILCH (EINSCHLIESSLICH LAKTOSE),,1,,,,,,,0.07716,1.23459,0.07716,PCK-00-151924-5,3rd,

FV0794A - [DE] - Loaded Bacon Shredded Chicken,REC-013489-4-001,R,1,portions,Bacon Chicken Casserole,S,,200,grams,,SUB-013488-4-001,HAND MIX / BLAST CHILLER,"***PLATING INSTRUCTIONS***
(From the bottom to the top)

2 Compartment

MAIN COMPARTMENT
200g = Bacon Chicken Casserole
10g = Extra Crispy Diced Bacon


","MILCH (EINSCHLIESSLICH LAKTOSE), SCHWEFELDIOXIDE UND SULFITE",,0.78649,"1
1","SCOOP
SCOOP","yellow
white","LEVEL
LEVEL",,,0.44092,8.97002,0.56063,PCK-00-151924-5,Main,
FV0794A - [DE] - Loaded Bacon Shredded Chicken,REC-013489-4-001,R,1,portions,Extra Crispy Diced Bacon,S,,10,grams,,SUB-013468-4-001,OVEN / DRAIN / BLAST CHILLER,,,,0.4399,1,SCOOP,purple,LEVEL,,,0.02205,0.80186,0.05012,PCK-00-151924-5,Main,
FV0794A - [DE] - Loaded Bacon Shredded Chicken,REC-013489-4-001,R,1,portions,Green Beans CUT 1-1/2 - Fresh - LS,S,,70,grams,,SUB-013484-4-002,OVEN / BLAST CHILLER,"2ND COMPARTMENT
70g = Green Beans

",,,0.73434,,,,,,,0.15432,3.36243,0.21015,PCK-00-151924-5,2nd,
FV0794A - [DE] - Loaded Bacon Shredded Chicken,REC-013489-4-001,R,1,portions,Ranch Sour Cream Batch - PH,S,,35,grams,,SUB-013485-4-001,HAND MIX / BLAST CHILLER,"3RD COMPARTMENT
35g = Cupped Sauce

NET WEIGHT = 315g",MILCH (EINSCHLIESSLICH LAKTOSE),,1,,,,,,,0.07716,1.23459,0.07716,PCK-00-151924-5,3rd,

FV0794A - [DK/SE] -  Loaded Bacon Shredded Chicken,REC-013489-4-002,R,1,portions,Bacon Chicken Casserole,S,,200,grams,,SUB-013488-4-001,HAND MIX / BLAST CHILLER,"***PLATING INSTRUCTIONS***
(From the bottom to the top)

2 Compartment

MAIN COMPARTMENT
200g = Bacon Chicken Casserole
10g = Extra Crispy Diced Bacon

","MILCH (EINSCHLIESSLICH LAKTOSE), SCHWEFELDIOXIDE UND SULFITE",,0.78649,"1
1","SCOOP
SCOOP","yellow
white","LEVEL
LEVEL",,,0.44092,8.97002,0.56063,PCK-00-151924-5,Main,
FV0794A - [DK/SE] -  Loaded Bacon Shredded Chicken,REC-013489-4-002,R,1,portions,Extra Crispy Diced Bacon,S,,10,grams,,SUB-013468-4-001,OVEN / DRAIN / BLAST CHILLER,,,,0.4399,1,SCOOP,purple,LEVEL,,,0.02205,0.80186,0.05012,PCK-00-151924-5,Main,
FV0794A - [DK/SE] -  Loaded Bacon Shredded Chicken,REC-013489-4-002,R,1,portions,Green Beans CUT 1-1/2 - Fresh - LS,S,,70,grams,,SUB-013484-4-002,OVEN / BLAST CHILLER,"2ND COMPARTMENT
70g = green beans",,,0.73434,,,,,,,0.15432,3.36243,0.21015,PCK-00-151924-5,2nd,
FV0794A - [DK/SE] -  Loaded Bacon Shredded Chicken,REC-013489-4-002,R,1,portions,Ranch Sour Cream Batch - PH,S,,35,grams,,SUB-013485-4-001,HAND MIX / BLAST CHILLER,"3RD COMPARTMENT
35g = Cupped Sauce

NET WEIGHT = 315g",MILCH (EINSCHLIESSLICH LAKTOSE),,1,,,,,,,0.07716,1.23459,0.07716,PCK-00-151924-5,3rd,

FV0815A - [BNL] - Charred Corn & Pulled Chicken Penne,REC-033253-4-001,R,1,portions,"FA-DE Pasta, Whole Wheat, Penne IQF/Nudeln, vollkorn, IQF",I,PRO-00-139304-1,100,grams,,,,"""**PLATING INSTRUCTIONS**                                                                                                                                       
                                                                                                                                    ** Compartment Size**                                                                                                                         
                                                                                                                                       1 : Main Compartment (from bottom to top)
100 g Pasta
70 g Chicken
70 g Sauce
30 g Corn

","GLUTENHALTIGES GETREIDE, WEIZEN",,,,,,,,,0.22046,3.5274,0.22046,PCK-00-151923-5,Main,
FV0815A - [BNL] - Charred Corn & Pulled Chicken Penne,REC-033253-4-001,R,1,portions,Carbonara Style Pulled Chicken,S,,70,grams,,SUB-033252-4-001,UNCATEGORIZED BOM,,,,0.69538,,,,,,,0.15432,3.55084,0.22193,PCK-00-151923-5,Main,
FV0815A - [BNL] - Charred Corn & Pulled Chicken Penne,REC-033253-4-001,R,1,portions,Eggless Carbonara Sauce,S,,70,grams,,SUB-033249-4-001,UNCATEGORIZED BOM,,"MILCH (EINSCHLIESSLICH LAKTOSE), SCHWEFELDIOXIDE UND SULFITE",,0.87721,,,,,,,0.15432,2.8148,0.17593,PCK-00-151923-5,Main,
FV0815A - [BNL] - Charred Corn & Pulled Chicken Penne,REC-033253-4-001,R,1,portions,MOD Roasted Corn - Chili-Garlic,S,,30,grams,,SUB-033247-4-001,UNCATEGORIZED BOM,,SCHWEFELDIOXIDE UND SULFITE,,0.948,,,,,,,0.06614,1.11627,0.06977,PCK-00-151923-5,Main,
FV0815A - [BNL] - Charred Corn & Pulled Chicken Penne,REC-033253-4-001,R,1,portions,Mod Broccoli - Parsley & Garlic,S,,100,grams,,SUB-033245-4-001,UNCATEGORIZED BOM,"2 : Side Compartment (from bottom to top)
100 g Broccoli

Net Weight : 370 g""",,,0.72981,,,,,,,0.22046,4.83331,0.30208,PCK-00-151923-5,2nd,

FV0815A - [DE] - Charred Corn & Pulled Chicken Penne,REC-033253-4-002,R,1,portions,"FA-DE Pasta, Whole Wheat, Penne IQF/Nudeln, vollkorn, IQF",I,PRO-00-139304-1,100,grams,,,,"""**PLATING INSTRUCTIONS**                                                                                                                                       
                                                                                                                                    ** Compartment Size**                                                                                                                         
                                                                                                                                       1 : Main Compartment (from bottom to top)
100 g Pasta
70 g Chicken
70 g Sauce
30 g Corn

","GLUTENHALTIGES GETREIDE, WEIZEN",,,,,,,,,0.22046,3.5274,0.22046,PCK-00-151923-5,Main,
FV0815A - [DE] - Charred Corn & Pulled Chicken Penne,REC-033253-4-002,R,1,portions,Carbonara Style Pulled Chicken,S,,70,grams,,SUB-033252-4-001,UNCATEGORIZED BOM,,,,0.69538,,,,,,,0.15432,3.55084,0.22193,PCK-00-151923-5,Main,
FV0815A - [DE] - Charred Corn & Pulled Chicken Penne,REC-033253-4-002,R,1,portions,Eggless Carbonara Sauce,S,,70,grams,,SUB-033249-4-001,UNCATEGORIZED BOM,,"MILCH (EINSCHLIESSLICH LAKTOSE), SCHWEFELDIOXIDE UND SULFITE",,0.87721,,,,,,,0.15432,2.8148,0.17593,PCK-00-151923-5,Main,
FV0815A - [DE] - Charred Corn & Pulled Chicken Penne,REC-033253-4-002,R,1,portions,MOD Roasted Corn - Chili-Garlic,S,,30,grams,,SUB-033247-4-001,UNCATEGORIZED BOM,,SCHWEFELDIOXIDE UND SULFITE,,0.948,,,,,,,0.06614,1.11627,0.06977,PCK-00-151923-5,Main,
FV0815A - [DE] - Charred Corn & Pulled Chicken Penne,REC-033253-4-002,R,1,portions,Mod Broccoli - Parsley & Garlic,S,,100,grams,,SUB-033245-4-001,UNCATEGORIZED BOM,"2 : Side Compartment (from bottom to top)
100 g Broccoli

Net Weight : 370 g""",,,0.72981,,,,,,,0.22046,4.83331,0.30208,PCK-00-151923-5,2nd,

FV0815A - [DK/SE] - Charred Corn & Pulled Chicken Penne,REC-033253-4-003,R,1,portions,"FA-DE Pasta, Whole Wheat, Penne IQF/Nudeln, vollkorn, IQF",I,PRO-00-139304-1,100,grams,,,,"""**PLATING INSTRUCTIONS**                                                                                                                                       
                                                                                                                                    ** Compartment Size**                                                                                                                         
                                                                                                                                       1 : Main Compartment (from bottom to top)
100 g Pasta
70 g Chicken
70 g Sauce
30 g Corn

","GLUTENHALTIGES GETREIDE, WEIZEN",,,,,,,,,0.22046,3.5274,0.22046,PCK-00-151923-5,Main,
FV0815A - [DK/SE] - Charred Corn & Pulled Chicken Penne,REC-033253-4-003,R,1,portions,Carbonara Style Pulled Chicken,S,,70,grams,,SUB-033252-4-001,UNCATEGORIZED BOM,,,,0.69538,,,,,,,0.15432,3.55084,0.22193,PCK-00-151923-5,Main,
FV0815A - [DK/SE] - Charred Corn & Pulled Chicken Penne,REC-033253-4-003,R,1,portions,Eggless Carbonara Sauce,S,,70,grams,,SUB-033249-4-001,UNCATEGORIZED BOM,,"MILCH (EINSCHLIESSLICH LAKTOSE), SCHWEFELDIOXIDE UND SULFITE",,0.87721,,,,,,,0.15432,2.8148,0.17593,PCK-00-151923-5,Main,
FV0815A - [DK/SE] - Charred Corn & Pulled Chicken Penne,REC-033253-4-003,R,1,portions,MOD Roasted Corn - Chili-Garlic,S,,30,grams,,SUB-033247-4-001,UNCATEGORIZED BOM,,SCHWEFELDIOXIDE UND SULFITE,,0.948,,,,,,,0.06614,1.11627,0.06977,PCK-00-151923-5,Main,
FV0815A - [DK/SE] - Charred Corn & Pulled Chicken Penne,REC-033253-4-003,R,1,portions,Mod Broccoli - Parsley & Garlic,S,,100,grams,,SUB-033245-4-001,UNCATEGORIZED BOM,"2 : Side Compartment (from bottom to top)
100 g Broccoli

Net Weight : 370 g""",,,0.72981,,,,,,,0.22046,4.83331,0.30208,PCK-00-151923-5,2nd,

FV0846A - Stroganoff-Style Beef Burger [BNL],REC-029854-4-003,R,1,portions,Sauce for Beef Stroganoff - 1/2 garlic- No wine,S,,100,grams,,SUB-029908-4-001,SPICE PORTIONING / IMMERSION BLENDER / BRAISER / BLAST CHILLER,"***PLATING INSTRUCTIONS***
(From the bottom to the top)

2 Compartment

MAIN COMPARTMENT
100g = stroganoff sauce
1 ea = master burger
5g  = green onion

","MILCH (EINSCHLIESSLICH LAKTOSE), SCHWEFELDIOXIDE UND SULFITE, SELLERIE, SENF",,0.91055,1,SCOOP,beige,LEVEL,,,0.22046,3.87394,0.24212,PCK-00-151923-5,Main,
FV0846A - Stroganoff-Style Beef Burger [BNL],REC-029854-4-003,R,1,portions,Beef Burger Master EU,S,,1,each,,SUB-031776-4-001,HORIZONTAL MIXER / PATTY MAKER / OVEN / BLAST CHILLER,,SCHWEFELDIOXIDE UND SULFITE,,0.6701,1,HAND_PORTIONED,Hand Portioned,,,4.58562,0.2866,6.84315,0.4277,PCK-00-151923-5,Main,
FV0846A - Stroganoff-Style Beef Burger [BNL],REC-029854-4-003,R,1,portions,Roasted Green Onions,S,,5,grams,,SUB-023370-4-001,OVEN / BLAST CHILLER,,,,0.502,1,SCOOP,silver #110,LEVEL,,,0.01102,0.35133,0.02196,PCK-00-151923-5,Main,
FV0846A - Stroganoff-Style Beef Burger [BNL],REC-029854-4-003,R,1,portions,Green Beans CUT 1-1/2 - Fresh - Less Salt,S,,50,grams,,SUB-029004-4-001,OVEN / BLAST CHILLER,"2ND COMPARTMENT
50g = green beans
50g = roasted mushrooms
12g = parmesan butter (1/2 scoop)

Net Weight- 345 g",,,0.73433,1,SCOOP,green,NATURAL,,,0.11023,2.40178,0.15011,PCK-00-151923-5,2nd,
FV0846A - Stroganoff-Style Beef Burger [BNL],REC-029854-4-003,R,1,portions,Loaded Roasted Sliced Mushrooms 1/2 green onion,S,,50,grams,,SUB-029969-4-001,OVEN / BLAST CHILLER,,SCHWEFELDIOXIDE UND SULFITE,,0.59865,1,SCOOP,yellow,LEVEL,,,0.11023,2.94614,0.18413,PCK-00-151923-5,2nd,
FV0846A - Stroganoff-Style Beef Burger [BNL],REC-029854-4-003,R,1,portions,Herb-Parmesan Butter,S,,12,grams,,SUB-029972-4-001,PLANETARY MIXER / SCOOPER (BUTTER) / BLAST CHILLER,,MILCH (EINSCHLIESSLICH LAKTOSE),,0.92063,1,SCOOP,silver #60,LEVEL,,,0.02646,0.45978,0.02874,PCK-00-151923-5,2nd,

FV0846A - Stroganoff-Style Beef Burger [DE],REC-029854-4-001,R,1,portions,Sauce for Beef Stroganoff - 1/2 garlic- No wine,S,,100,grams,,SUB-029908-4-001,SPICE PORTIONING / IMMERSION BLENDER / BRAISER / BLAST CHILLER,"***PLATING INSTRUCTIONS***
(From the bottom to the top)

2 Compartment

MAIN COMPARTMENT
100g = stroganoff sauce
1 ea = master burger
5g  = green onion

","MILCH (EINSCHLIESSLICH LAKTOSE), SCHWEFELDIOXIDE UND SULFITE, SELLERIE, SENF",,0.91055,1,SCOOP,beige,LEVEL,,,0.22046,3.87394,0.24212,PCK-00-151923-5,Main,
FV0846A - Stroganoff-Style Beef Burger [DE],REC-029854-4-001,R,1,portions,Beef Burger Master EU,S,,1,each,,SUB-031776-4-001,HORIZONTAL MIXER / PATTY MAKER / OVEN / BLAST CHILLER,,SCHWEFELDIOXIDE UND SULFITE,,0.6701,1,HAND_PORTIONED,Hand Portioned,,,4.58562,0.2866,6.84315,0.4277,PCK-00-151923-5,Main,
FV0846A - Stroganoff-Style Beef Burger [DE],REC-029854-4-001,R,1,portions,Roasted Green Onions,S,,5,grams,,SUB-023370-4-001,OVEN / BLAST CHILLER,,,,0.502,1,SCOOP,silver #110,LEVEL,,,0.01102,0.35133,0.02196,PCK-00-151923-5,Main,
FV0846A - Stroganoff-Style Beef Burger [DE],REC-029854-4-001,R,1,portions,Green Beans CUT 1-1/2 - Fresh - Less Salt,S,,50,grams,,SUB-029004-4-001,OVEN / BLAST CHILLER,"2ND COMPARTMENT
50g = green beans
50g = roasted mushrooms
12g = parmesan butter

Net Weight- 345 g",,,0.73433,1,SCOOP,green,NATURAL,,,0.11023,2.40178,0.15011,PCK-00-151923-5,2nd,
FV0846A - Stroganoff-Style Beef Burger [DE],REC-029854-4-001,R,1,portions,Loaded Roasted Sliced Mushrooms 1/2 green onion,S,,50,grams,,SUB-029969-4-001,OVEN / BLAST CHILLER,,SCHWEFELDIOXIDE UND SULFITE,,0.59865,1,SCOOP,yellow,LEVEL,,,0.11023,2.94614,0.18413,PCK-00-151923-5,2nd,
FV0846A - Stroganoff-Style Beef Burger [DE],REC-029854-4-001,R,1,portions,Herb-Parmesan Butter,S,,12,grams,,SUB-029972-4-001,PLANETARY MIXER / SCOOPER (BUTTER) / BLAST CHILLER,,MILCH (EINSCHLIESSLICH LAKTOSE),,0.92063,1,SCOOP,silver #60,NATURAL,,,0.02646,0.45978,0.02874,PCK-00-151923-5,2nd,

FV0846A - Stroganoff-Style Beef Burger [DKSE],REC-029854-4-002,R,1,portions,Sauce for Beef Stroganoff - 1/2 garlic- No wine,S,,100,grams,,SUB-029908-4-001,SPICE PORTIONING / IMMERSION BLENDER / BRAISER / BLAST CHILLER,"***PLATING INSTRUCTIONS***
(From the bottom to the top)

2 Compartment

MAIN COMPARTMENT
100g = stroganoff sauce
1 ea = master burger
5g  = green onion

","MILCH (EINSCHLIESSLICH LAKTOSE), SCHWEFELDIOXIDE UND SULFITE, SELLERIE, SENF",,0.91055,1,SCOOP,beige,LEVEL,,,0.22046,3.87394,0.24212,PCK-00-151923-5,Main,
FV0846A - Stroganoff-Style Beef Burger [DKSE],REC-029854-4-002,R,1,portions,Beef Burger Master EU,S,,1,each,,SUB-031776-4-001,HORIZONTAL MIXER / PATTY MAKER / OVEN / BLAST CHILLER,,SCHWEFELDIOXIDE UND SULFITE,,0.6701,1,HAND_PORTIONED,Hand Portioned,,,4.58562,0.2866,6.84315,0.4277,PCK-00-151923-5,Main,
FV0846A - Stroganoff-Style Beef Burger [DKSE],REC-029854-4-002,R,1,portions,Roasted Green Onions,S,,5,grams,,SUB-023370-4-001,OVEN / BLAST CHILLER,,,,0.502,1,SCOOP,silver #110,LEVEL,,,0.01102,0.35133,0.02196,PCK-00-151923-5,Main,
FV0846A - Stroganoff-Style Beef Burger [DKSE],REC-029854-4-002,R,1,portions,Green Beans CUT 1-1/2 - Fresh - Less Salt,S,,50,grams,,SUB-029004-4-001,OVEN / BLAST CHILLER,"2ND COMPARTMENT
50g = green beans
50g = roasted mushrooms
12g = parmesan butter (1/2 scoop)

Net Weight- 345 g",,,0.73433,1,SCOOP,green,NATURAL,,,0.11023,2.40178,0.15011,PCK-00-151923-5,2nd,
FV0846A - Stroganoff-Style Beef Burger [DKSE],REC-029854-4-002,R,1,portions,Loaded Roasted Sliced Mushrooms 1/2 green onion,S,,50,grams,,SUB-029969-4-001,OVEN / BLAST CHILLER,,SCHWEFELDIOXIDE UND SULFITE,,0.59865,1,SCOOP,yellow,LEVEL,,,0.11023,2.94614,0.18413,PCK-00-151923-5,2nd,
FV0846A - Stroganoff-Style Beef Burger [DKSE],REC-029854-4-002,R,1,portions,Herb-Parmesan Butter,S,,12,grams,,SUB-029972-4-001,PLANETARY MIXER / SCOOPER (BUTTER) / BLAST CHILLER,,MILCH (EINSCHLIESSLICH LAKTOSE),,0.92063,1,SCOOP,silver #60,LEVEL,,,0.02646,0.45978,0.02874,PCK-00-151923-5,2nd,

FV0849A - Courgette-spaghetti Bolognese - [BNL],REC-014094-4-003,R,1,portions,Sauce - Ground Beef Bolognese Sauce,S,,150,grams,,SUB-014093-4-001,SPICE PORTIONING / IMMERSION BLENDER / BRAISER / BLAST CHILLER,"***PLATING INSTRUCTIONS***
(From the bottom to the top)

2 Compartment

MAIN COMPARTMENT
150g= ground beef
80g = Loaded mushrooms
8g = shredded mozz
3g = green onion

","MILCH (EINSCHLIESSLICH LAKTOSE), SCHWEFELDIOXIDE UND SULFITE, SELLERIE",,0.9105,"1
1","SCOOP
SCOOP","red
green","LEVEL
LEVEL",,,0.33069,5.81119,0.3632,PCK-00-151923-5,Main,
FV0849A - Courgette-spaghetti Bolognese - [BNL],REC-014094-4-003,R,1,portions,Mushrooms - Loaded Roasted Sliced Mushrooms,S,,80,grams,,SUB-013462-4-001,OVEN / BLAST CHILLER,,SCHWEFELDIOXIDE UND SULFITE,,0.57654,1,SCOOP,beige,LEVEL,,,0.17637,4.89454,0.30591,PCK-00-151923-5,Main,
FV0849A - Courgette-spaghetti Bolognese - [BNL],REC-014094-4-003,R,1,portions,"FA-DE Cheese, Mozzarella, Shredded /Käse, Mozzarella, gerieben",I,DAI-00-139125-3,8,grams,,,,,MILCH (EINSCHLIESSLICH LAKTOSE),,,,,,,,,0.01764,0.28219,0.01764,PCK-00-151923-5,Main,
FV0849A - Courgette-spaghetti Bolognese - [BNL],REC-014094-4-003,R,1,portions,Roasted Green Onions,S,,3,grams,,SUB-023370-4-001,OVEN / BLAST CHILLER,,,,0.502,,,,,,,0.00661,0.2108,0.01318,PCK-00-151923-5,Main,
FV0849A - Courgette-spaghetti Bolognese - [BNL],REC-014094-4-003,R,1,portions,Courgette - Parmesan Roasted Courgetti,S,,100,grams,,SUB-013464-4-001,OVEN / BLAST CHILLER,"2ND COMPARTMENT
100g = roasted courgetti

Net Weight = 341g",MILCH (EINSCHLIESSLICH LAKTOSE),,0.69674,1,SCOOP,grey,LEVEL,,,0.22046,5.06275,0.31642,PCK-00-151923-5,2nd,

FV0849A - Courgette-spaghetti Bolognese - [DE],REC-014094-4-002,R,1,portions,Sauce - Ground Beef Bolognese Sauce,S,,150,grams,,SUB-014093-4-001,SPICE PORTIONING / IMMERSION BLENDER / BRAISER / BLAST CHILLER,"***PLATING INSTRUCTIONS***
(From the bottom to the top)

2 Compartment

MAIN COMPARTMENT
150g= ground beef
80g = Loaded mushrooms
8g = shredded mozz
3g = green onion

","MILCH (EINSCHLIESSLICH LAKTOSE), SCHWEFELDIOXIDE UND SULFITE, SELLERIE",,0.9105,"1
1","SCOOP
SCOOP","red
green","LEVEL
LEVEL",,,0.33069,5.81119,0.3632,PCK-00-151923-5,Main,
FV0849A - Courgette-spaghetti Bolognese - [DE],REC-014094-4-002,R,1,portions,Mushrooms - Loaded Roasted Sliced Mushrooms,S,,80,grams,,SUB-013462-4-001,OVEN / BLAST CHILLER,,SCHWEFELDIOXIDE UND SULFITE,,0.57654,1,SCOOP,beige,LEVEL,,,0.17637,4.89454,0.30591,PCK-00-151923-5,Main,
FV0849A - Courgette-spaghetti Bolognese - [DE],REC-014094-4-002,R,1,portions,"FA-DE Cheese, Mozzarella, Shredded /Käse, Mozzarella, gerieben",I,DAI-00-139125-3,8,grams,,,,,MILCH (EINSCHLIESSLICH LAKTOSE),,,,,,,,,0.01764,0.28219,0.01764,PCK-00-151923-5,Main,
FV0849A - Courgette-spaghetti Bolognese - [DE],REC-014094-4-002,R,1,portions,Roasted Green Onions,S,,3,grams,,SUB-023370-4-001,OVEN / BLAST CHILLER,,,,0.502,,,,,,,0.00661,0.2108,0.01318,PCK-00-151923-5,Main,
FV0849A - Courgette-spaghetti Bolognese - [DE],REC-014094-4-002,R,1,portions,Courgette - Parmesan Roasted Courgetti,S,,100,grams,,SUB-013464-4-001,OVEN / BLAST CHILLER,"2ND COMPARTMENT
100g = roasted courgetti

Net Weight = 341g",MILCH (EINSCHLIESSLICH LAKTOSE),,0.69674,1,SCOOP,grey,LEVEL,,,0.22046,5.06275,0.31642,PCK-00-151923-5,2nd,

FV0849A - Courgette-spaghetti Bolognese - [DKSE],REC-014094-4-001,R,1,portions,Sauce - Ground Beef Bolognese Sauce,S,,150,grams,,SUB-014093-4-001,SPICE PORTIONING / IMMERSION BLENDER / BRAISER / BLAST CHILLER,"***PLATING INSTRUCTIONS***
(From the bottom to the top)

2 Compartment

MAIN COMPARTMENT
150g= ground beef
80g = Loaded mushrooms
8g = shredded mozz
3g = green onion

","MILCH (EINSCHLIESSLICH LAKTOSE), SCHWEFELDIOXIDE UND SULFITE, SELLERIE",,0.9105,"1
1","SCOOP
SCOOP","red
green","LEVEL
LEVEL",,,0.33069,5.81119,0.3632,PCK-00-151923-5,Main,
FV0849A - Courgette-spaghetti Bolognese - [DKSE],REC-014094-4-001,R,1,portions,Mushrooms - Loaded Roasted Sliced Mushrooms,S,,80,grams,,SUB-013462-4-001,OVEN / BLAST CHILLER,,SCHWEFELDIOXIDE UND SULFITE,,0.57654,1,SCOOP,beige,LEVEL,,,0.17637,4.89454,0.30591,PCK-00-151923-5,Main,
FV0849A - Courgette-spaghetti Bolognese - [DKSE],REC-014094-4-001,R,1,portions,"FA-DE Cheese, Mozzarella, Shredded /Käse, Mozzarella, gerieben",I,DAI-00-139125-3,8,grams,,,,,MILCH (EINSCHLIESSLICH LAKTOSE),,,,,,,,,0.01764,0.28219,0.01764,PCK-00-151923-5,Main,
FV0849A - Courgette-spaghetti Bolognese - [DKSE],REC-014094-4-001,R,1,portions,Roasted Green Onions,S,,3,grams,,SUB-023370-4-001,OVEN / BLAST CHILLER,,,,0.502,,,,,,,0.00661,0.2108,0.01318,PCK-00-151923-5,Main,
FV0849A - Courgette-spaghetti Bolognese - [DKSE],REC-014094-4-001,R,1,portions,Courgette - Parmesan Roasted Courgetti,S,,100,grams,,SUB-013464-4-001,OVEN / BLAST CHILLER,"2ND COMPARTMENT
100g = roasted courgetti

Net Weight = 341g",MILCH (EINSCHLIESSLICH LAKTOSE),,0.69674,1,SCOOP,grey,LEVEL,,,0.22046,5.06275,0.31642,PCK-00-151923-5,2nd,

FV0890A -[BNL] Pork tenderloin with apple-mustard sauce,REC-014316-4-002,R,1,portions,Mash -Creamy Sweet Potato Puree -Less Salt,S,,120,grams,,SUB-033820-4-001,SPICE PORTIONING / IMMERSION BLENDER / BRAISER / BLAST CHILLER,"***PRODUCTION PLATING***
(From the bottom to the top)
2 Compartment

MAIN COMPARTMENT
sweet potato puree - 120g
Spinach - 50g
pork tenderloin - 1 EA (120g)",MILCH (EINSCHLIESSLICH LAKTOSE),,0.87821,,,,,,,0.26455,4.81989,0.30124,PCK-00-151923-5,Main,
FV0890A -[BNL] Pork tenderloin with apple-mustard sauce,REC-014316-4-002,R,1,portions,Spinach - Garlic Spinach - Frzn Spinach - less garlic,S,,50,grams,,SUB-013415-4-001,OVEN / BLAST CHILLER,,SCHWEFELDIOXIDE UND SULFITE,,0.80664,,,,,,,0.11023,2.18646,0.13665,PCK-00-151923-5,Main,
FV0890A -[BNL] Pork tenderloin with apple-mustard sauce,REC-014316-4-002,R,1,portions,Pork tenderloin - herb marinade,S,,120,grams,,SUB-013466-4-001,MARINADE / GRILL / OVEN / SLICER / BLAST CHILLER,,,,0.74489,,,,,,,0.26455,5.68255,0.35516,PCK-00-151923-5,Main,
FV0890A -[BNL] Pork tenderloin with apple-mustard sauce,REC-014316-4-002,R,1,portions,IQF Apple Mustard,S,,35,grams,,SUB-014158-4-001,IMMERSION BLENDER / CUPPING,"2ND COMPARTMENT

Green Beans - 80g
apple mustard - 35g 

NET WEIGHT 405g",SENF,,0.87183,1,CUP,Cup,,,,0.07716,1.41609,0.08851,PCK-00-151923-5,2nd,
FV0890A -[BNL] Pork tenderloin with apple-mustard sauce,REC-014316-4-002,R,1,portions,"Green beans - S&P Roasted Green Beans, 1-1/2"" Cut -  Less Salt",S,,80,grams,,SUB-013848-4-001,OVEN / BLAST CHILLER,,,,0.80227,,,,,,,0.17637,3.51741,0.21984,PCK-00-151923-5,2nd,

FV0890A -[DE] Pork tenderloin with apple-mustard sauce,REC-014316-4-003,R,1,portions,Mash -Creamy Sweet Potato Puree -Less Salt,S,,120,grams,,SUB-033820-4-001,SPICE PORTIONING / IMMERSION BLENDER / BRAISER / BLAST CHILLER,"***PRODUCTION PLATING***
(From the bottom to the top)
2 Compartment

MAIN COMPARTMENT
sweet potato puree - 120g
Spinach - 50g
pork tenderloin - 1 EA (120g)",MILCH (EINSCHLIESSLICH LAKTOSE),,0.87821,,,,,,,0.26455,4.81989,0.30124,PCK-00-151923-5,Main,
FV0890A -[DE] Pork tenderloin with apple-mustard sauce,REC-014316-4-003,R,1,portions,Spinach - Garlic Spinach - Frzn Spinach - less garlic,S,,50,grams,,SUB-013415-4-001,OVEN / BLAST CHILLER,,SCHWEFELDIOXIDE UND SULFITE,,0.80664,,,,,,,0.11023,2.18646,0.13665,PCK-00-151923-5,Main,
FV0890A -[DE] Pork tenderloin with apple-mustard sauce,REC-014316-4-003,R,1,portions,Pork tenderloin - herb marinade,S,,120,grams,,SUB-013466-4-001,MARINADE / GRILL / OVEN / SLICER / BLAST CHILLER,,,,0.74489,,,,,,,0.26455,5.68255,0.35516,PCK-00-151923-5,Main,
FV0890A -[DE] Pork tenderloin with apple-mustard sauce,REC-014316-4-003,R,1,portions,IQF Apple Mustard,S,,35,grams,,SUB-014158-4-001,IMMERSION BLENDER / CUPPING,"2ND COMPARTMENT

Green Beans - 80g
apple mustard - 35g 

NET WEIGHT 405g",SENF,,0.87183,1,CUP,Cup,,,,0.07716,1.41609,0.08851,PCK-00-151923-5,2nd,
FV0890A -[DE] Pork tenderloin with apple-mustard sauce,REC-014316-4-003,R,1,portions,"Green beans - S&P Roasted Green Beans, 1-1/2"" Cut -  Less Salt",S,,80,grams,,SUB-013848-4-001,OVEN / BLAST CHILLER,,,,0.80227,,,,,,,0.17637,3.51741,0.21984,PCK-00-151923-5,2nd,

FV0890A -[DSKE] Pork tenderloin with apple-mustard sauce,REC-014316-4-004,R,1,portions,Mash -Creamy Sweet Potato Puree -Less Salt,S,,120,grams,,SUB-033820-4-001,SPICE PORTIONING / IMMERSION BLENDER / BRAISER / BLAST CHILLER,"***PRODUCTION PLATING***
(From the bottom to the top)
2 Compartment

MAIN COMPARTMENT
sweet potato puree - 120g
Spinach - 50g
pork tenderloin - 1 EA (120g)",MILCH (EINSCHLIESSLICH LAKTOSE),,0.87821,,,,,,,0.26455,4.81989,0.30124,PCK-00-151923-5,Main,
FV0890A -[DSKE] Pork tenderloin with apple-mustard sauce,REC-014316-4-004,R,1,portions,Spinach - Garlic Spinach - Frzn Spinach - less garlic,S,,50,grams,,SUB-013415-4-001,OVEN / BLAST CHILLER,,SCHWEFELDIOXIDE UND SULFITE,,0.80664,,,,,,,0.11023,2.18646,0.13665,PCK-00-151923-5,Main,
FV0890A -[DSKE] Pork tenderloin with apple-mustard sauce,REC-014316-4-004,R,1,portions,Pork tenderloin - herb marinade,S,,120,grams,,SUB-013466-4-001,MARINADE / GRILL / OVEN / SLICER / BLAST CHILLER,,,,0.74489,,,,,,,0.26455,5.68255,0.35516,PCK-00-151923-5,Main,
FV0890A -[DSKE] Pork tenderloin with apple-mustard sauce,REC-014316-4-004,R,1,portions,IQF Apple Mustard,S,,35,grams,,SUB-014158-4-001,IMMERSION BLENDER / CUPPING,"2ND COMPARTMENT

Green Beans - 80g
apple mustard - 35g 

NET WEIGHT 405g",SENF,,0.87183,1,CUP,Cup,,,,0.07716,1.41609,0.08851,PCK-00-151923-5,2nd,
FV0890A -[DSKE] Pork tenderloin with apple-mustard sauce,REC-014316-4-004,R,1,portions,"Green beans - S&P Roasted Green Beans, 1-1/2"" Cut -  Less Salt",S,,80,grams,,SUB-013848-4-001,OVEN / BLAST CHILLER,,,,0.80227,,,,,,,0.17637,3.51741,0.21984,PCK-00-151923-5,2nd,

FV0908A  - [DE] - Coriander-Lime Barramundi,REC-033093-4-002,R,1,portions,Mash - Jalapeno pepper cauliflower mash - rice,S,,120,grams,,SUB-013884-4-002,SPICE PORTIONING / IMMERSION BLENDER / BRAISER / BLAST CHILLER,"""**PLATING INSTRUCTIONS**     
                                                                                                                                  
** 2 COMPARTMENT**             
                                                                                                            
 1 : Main Compartment 
(from bottom to top)

120 g Mash
1 ea Barramundfi
60 g Squash
20 g Courgette","MILCH (EINSCHLIESSLICH LAKTOSE), SCHWEFELDIOXIDE UND SULFITE",,0.89279,,,,,,,0.26455,4.74116,0.29632,PCK-00-151923-5,Main,
FV0908A  - [DE] - Coriander-Lime Barramundi,REC-033093-4-002,R,1,portions,Verde marinated Barramundi,S,,1,each,,SUB-033090-4-001,THAW / DEBOX / HAND MARINADE / OVEN / BLAST CHILLER,,"FISCH, SCHWEFELDIOXIDE UND SULFITE",,0.79827,,,,,,4.06885,0.2543,5.09709,0.31857,PCK-00-151923-5,Main,
FV0908A  - [DE] - Coriander-Lime Barramundi,REC-033093-4-002,R,1,portions,Chili Roasted Squash,S,,60,grams,,SUB-033091-4-001,OVEN / BLAST CHILLER,,,,0.67,,,,,,,0.13228,3.15887,0.19743,PCK-00-151923-5,Main,
FV0908A  - [DE] - Coriander-Lime Barramundi,REC-033093-4-002,R,1,portions,Courgette - Roasted Zucchini,S,,20,grams,,SUB-013371-4-001,OVEN / BLAST CHILLER,,SCHWEFELDIOXIDE UND SULFITE,,0.78114,,,,,,,0.04409,0.90314,0.05645,PCK-00-151923-5,Main,
FV0908A  - [DE] - Coriander-Lime Barramundi,REC-033093-4-002,R,1,portions,Ancho roasted Green and Red Peppers,S,,45,grams,,SUB-033092-4-001,UNCATEGORIZED BOM,"2 : Side Compartment 
(from bottom to top)

45 g Peppers 
10 g Chili - Garlic Butter

Net Weight : 370 g",,,0.72238,,,,,,,0.09921,2.19735,0.13733,PCK-00-151923-5,2nd,
FV0908A  - [DE] - Coriander-Lime Barramundi,REC-033093-4-002,R,1,portions,Compound butter - Chili-Garlic,S,,10,grams,,SUB-013823-4-001,PLANETARY MIXER / SCOOPER (BUTTER) / BLAST CHILLER,,MILCH (EINSCHLIESSLICH LAKTOSE),,0.98001,,,,,,,0.02205,0.35994,0.0225,PCK-00-151923-5,2nd,

FV0908A - [BNL] - Coriander-Lime Barramundi,REC-033093-4-003,R,1,portions,Mash - Jalapeno pepper cauliflower mash - rice,S,,120,grams,,SUB-013884-4-002,SPICE PORTIONING / IMMERSION BLENDER / BRAISER / BLAST CHILLER,"""**PLATING INSTRUCTIONS**     
                                                                                                                                  
** 2 COMPARTMENT**             
                                                                                                            
 1 : Main Compartment 
(from bottom to top)

120 g Mash
1 ea Barramundfi
60 g Squash
20 g Courgette","MILCH (EINSCHLIESSLICH LAKTOSE), SCHWEFELDIOXIDE UND SULFITE",,0.89279,,,,,,,0.26455,4.74116,0.29632,PCK-00-151923-5,Main,
FV0908A - [BNL] - Coriander-Lime Barramundi,REC-033093-4-003,R,1,portions,Verde marinated Barramundi,S,,1,each,,SUB-033090-4-001,THAW / DEBOX / HAND MARINADE / OVEN / BLAST CHILLER,,"FISCH, SCHWEFELDIOXIDE UND SULFITE",,0.79827,,,,,,4.06885,0.2543,5.09709,0.31857,PCK-00-151923-5,Main,
FV0908A - [BNL] - Coriander-Lime Barramundi,REC-033093-4-003,R,1,portions,Chili Roasted Squash,S,,60,grams,,SUB-033091-4-001,OVEN / BLAST CHILLER,,,,0.67,,,,,,,0.13228,3.15887,0.19743,PCK-00-151923-5,Main,
FV0908A - [BNL] - Coriander-Lime Barramundi,REC-033093-4-003,R,1,portions,Courgette - Roasted Zucchini,S,,20,grams,,SUB-013371-4-001,OVEN / BLAST CHILLER,,SCHWEFELDIOXIDE UND SULFITE,,0.78114,,,,,,,0.04409,0.90314,0.05645,PCK-00-151923-5,Main,
FV0908A - [BNL] - Coriander-Lime Barramundi,REC-033093-4-003,R,1,portions,Ancho roasted Green and Red Peppers,S,,45,grams,,SUB-033092-4-001,UNCATEGORIZED BOM,"2 : Side Compartment 
(from bottom to top)

45 g Peppers 
10 g Chili - Garlic Butter

Net Weight : 370 g",,,0.72238,,,,,,,0.09921,2.19735,0.13733,PCK-00-151923-5,2nd,
FV0908A - [BNL] - Coriander-Lime Barramundi,REC-033093-4-003,R,1,portions,Compound butter - Chili-Garlic,S,,10,grams,,SUB-013823-4-001,PLANETARY MIXER / SCOOPER (BUTTER) / BLAST CHILLER,,MILCH (EINSCHLIESSLICH LAKTOSE),,0.98001,,,,,,,0.02205,0.35994,0.0225,PCK-00-151923-5,2nd,

FV0908A - [DK/SE] - Coriander-Lime Barramundi,REC-033093-4-001,R,1,portions,Mash - Jalapeno pepper cauliflower mash - rice,S,,120,grams,,SUB-013884-4-002,SPICE PORTIONING / IMMERSION BLENDER / BRAISER / BLAST CHILLER,"""**PLATING INSTRUCTIONS**     
                                                                                                                                  
** 2 COMPARTMENT**             
                                                                                                            
 1 : Main Compartment 
(from bottom to top)

120 g Mash
1 ea Barramundfi
60 g Squash
20 g Courgette","MILCH (EINSCHLIESSLICH LAKTOSE), SCHWEFELDIOXIDE UND SULFITE",,0.89279,,,,,,,0.26455,4.74116,0.29632,PCK-00-151923-5,Main,
FV0908A - [DK/SE] - Coriander-Lime Barramundi,REC-033093-4-001,R,1,portions,Verde marinated Barramundi,S,,1,each,,SUB-033090-4-001,THAW / DEBOX / HAND MARINADE / OVEN / BLAST CHILLER,,"FISCH, SCHWEFELDIOXIDE UND SULFITE",,0.79827,,,,,,4.06885,0.2543,5.09709,0.31857,PCK-00-151923-5,Main,
FV0908A - [DK/SE] - Coriander-Lime Barramundi,REC-033093-4-001,R,1,portions,Chili Roasted Squash,S,,60,grams,,SUB-033091-4-001,OVEN / BLAST CHILLER,,,,0.67,,,,,,,0.13228,3.15887,0.19743,PCK-00-151923-5,Main,
FV0908A - [DK/SE] - Coriander-Lime Barramundi,REC-033093-4-001,R,1,portions,Courgette - Roasted Zucchini,S,,20,grams,,SUB-013371-4-001,OVEN / BLAST CHILLER,,SCHWEFELDIOXIDE UND SULFITE,,0.78114,,,,,,,0.04409,0.90314,0.05645,PCK-00-151923-5,Main,
FV0908A - [DK/SE] - Coriander-Lime Barramundi,REC-033093-4-001,R,1,portions,Ancho roasted Green and Red Peppers,S,,45,grams,,SUB-033092-4-001,UNCATEGORIZED BOM,"2 : Side Compartment 
(from bottom to top)

45 g Peppers 
10 g Chili - Garlic Butter

Net Weight : 370 g",,,0.72238,,,,,,,0.09921,2.19735,0.13733,PCK-00-151923-5,2nd,
FV0908A - [DK/SE] - Coriander-Lime Barramundi,REC-033093-4-001,R,1,portions,Compound butter - Chili-Garlic,S,,10,grams,,SUB-013823-4-001,PLANETARY MIXER / SCOOPER (BUTTER) / BLAST CHILLER,,MILCH (EINSCHLIESSLICH LAKTOSE),,0.98001,,,,,,,0.02205,0.35994,0.0225,PCK-00-151923-5,2nd,

FV0944A - [BNL] -   Garlic Herb Roasted Barramundi,REC-033097-4-003,R,1,portions,Parsley - Garlic marinated Potato Wedges,S,,100,grams,,SUB-033096-4-001,OVEN / BLAST CHILLER,"""**PLATING INSTRUCTIONS**                                                                                                                                       
                                                                                                                                    **3  Compartment**                                                                                                                         
                                                                                                                                       1 : Main Compartment (from bottom to top)
100 g Potatos 
1 ea Barramundi",SCHWEFELDIOXIDE UND SULFITE,,0.62932,,,,,,,0.22046,5.60511,0.35032,PCK-00-151924-5,Main,
FV0944A - [BNL] -   Garlic Herb Roasted Barramundi,REC-033097-4-003,R,1,portions,Garlic & Herb Marinated Barramundi,S,,1,each,,SUB-033056-4-001,UNCATEGORIZED BOM,,"FISCH, SCHWEFELDIOXIDE UND SULFITE",,0.75,,,,,,4.02123,0.25133,5.36165,0.3351,PCK-00-151924-5,Main,
FV0944A - [BNL] -   Garlic Herb Roasted Barramundi,REC-033097-4-003,R,1,portions,Toasted Garlic Zucchini - Half Moons 3 - less salt,S,,100,grams,,SUB-014278-4-001,OVEN / BLAST CHILLER,"2 : Side Compartment (from bottom to top)
100 g Zucchini moons 
9g Butter ",,,0.74054,,,,,,,0.22046,4.76328,0.29771,PCK-00-151924-5,2nd,
FV0944A - [BNL] -   Garlic Herb Roasted Barramundi,REC-033097-4-003,R,1,portions,Chive-Garlic Butter,S,,9,grams,,SUB-014218-4-001,PLANETARY MIXER / SCOOPER (BUTTER) / BLAST CHILLER,,MILCH (EINSCHLIESSLICH LAKTOSE),,0.9246,,,,,,,0.01984,0.34335,0.02146,PCK-00-151924-5,2nd,
FV0944A - [BNL] -   Garlic Herb Roasted Barramundi,REC-033097-4-003,R,1,portions,Lemon Chive Sauce,S,,40,grams,,SUB-033094-4-001,IMMERSION BLENDER / CUPPING,"3 : Side Compartment 
CUPPED
40 g Lemon Chive Sauce

Net Weight : 363 g","MILCH (EINSCHLIESSLICH LAKTOSE), SCHWEFELDIOXIDE UND SULFITE, SELLERIE",,0.90353,1,CUP,Cup,,,,0.08818,1.5616,0.0976,PCK-00-151924-5,3rd,

FV0944A - [DE] -  Garlic Herb Roasted Barramundi,REC-033097-4-002,R,1,portions,Parsley - Garlic marinated Potato Wedges,S,,100,grams,,SUB-033096-4-001,OVEN / BLAST CHILLER,"""**PLATING INSTRUCTIONS**                                                                                                                                       
                                                                                                                                    **3  Compartment**                                                                                                                         
                                                                                                                                       1 : Main Compartment (from bottom to top)
100 g Potatos 
1 ea Barramundi",SCHWEFELDIOXIDE UND SULFITE,,0.62932,,,,,,,0.22046,5.60511,0.35032,PCK-00-151924-5,Main,
FV0944A - [DE] -  Garlic Herb Roasted Barramundi,REC-033097-4-002,R,1,portions,Garlic & Herb Marinated Barramundi,S,,1,each,,SUB-033056-4-001,UNCATEGORIZED BOM,,"FISCH, SCHWEFELDIOXIDE UND SULFITE",,0.75,,,,,,4.02123,0.25133,5.36165,0.3351,PCK-00-151924-5,Main,
FV0944A - [DE] -  Garlic Herb Roasted Barramundi,REC-033097-4-002,R,1,portions,Toasted Garlic Zucchini - Half Moons 3 - less salt,S,,100,grams,,SUB-014278-4-001,OVEN / BLAST CHILLER,"2 : Side Compartment (from bottom to top)
100 g Zucchini moons 
9g Butter ",,,0.74054,,,,,,,0.22046,4.76328,0.29771,PCK-00-151924-5,2nd,
FV0944A - [DE] -  Garlic Herb Roasted Barramundi,REC-033097-4-002,R,1,portions,Chive-Garlic Butter,S,,9,grams,,SUB-014218-4-001,PLANETARY MIXER / SCOOPER (BUTTER) / BLAST CHILLER,,MILCH (EINSCHLIESSLICH LAKTOSE),,0.9246,,,,,,,0.01984,0.34335,0.02146,PCK-00-151924-5,2nd,
FV0944A - [DE] -  Garlic Herb Roasted Barramundi,REC-033097-4-002,R,1,portions,Lemon Chive Sauce,S,,40,grams,,SUB-033094-4-001,IMMERSION BLENDER / CUPPING,"3 : Side Compartment 
CUPPED
40 g Lemon Chive Sauce

Net Weight : 363 g","MILCH (EINSCHLIESSLICH LAKTOSE), SCHWEFELDIOXIDE UND SULFITE, SELLERIE",,0.90353,1,CUP,Cup,,,,0.08818,1.5616,0.0976,PCK-00-151924-5,3rd,

FV0944A - [DK/SE] -  Garlic Herb Roasted Barramundi,REC-033097-4-001,R,1,portions,Parsley - Garlic marinated Potato Wedges,S,,100,grams,,SUB-033096-4-001,OVEN / BLAST CHILLER,"""**PLATING INSTRUCTIONS**                                                                                                                                       
                                                                                                                                    **3  Compartment**                                                                                                                         
                                                                                                                                       1 : Main Compartment (from bottom to top)
100 g Potatos 
1 ea Barramundi",SCHWEFELDIOXIDE UND SULFITE,,0.62932,,,,,,,0.22046,5.60511,0.35032,PCK-00-151924-5,Main,
FV0944A - [DK/SE] -  Garlic Herb Roasted Barramundi,REC-033097-4-001,R,1,portions,Garlic & Herb Marinated Barramundi,S,,1,each,,SUB-033056-4-001,UNCATEGORIZED BOM,,"FISCH, SCHWEFELDIOXIDE UND SULFITE",,0.75,,,,,,4.02123,0.25133,5.36165,0.3351,PCK-00-151924-5,Main,
FV0944A - [DK/SE] -  Garlic Herb Roasted Barramundi,REC-033097-4-001,R,1,portions,Toasted Garlic Zucchini - Half Moons 3 - less salt,S,,100,grams,,SUB-014278-4-001,OVEN / BLAST CHILLER,"2 : Side Compartment (from bottom to top)
100 g Zucchini moons 
9g Butter ",,,0.74054,,,,,,,0.22046,4.76328,0.29771,PCK-00-151924-5,2nd,
FV0944A - [DK/SE] -  Garlic Herb Roasted Barramundi,REC-033097-4-001,R,1,portions,Chive-Garlic Butter,S,,9,grams,,SUB-014218-4-001,PLANETARY MIXER / SCOOPER (BUTTER) / BLAST CHILLER,,MILCH (EINSCHLIESSLICH LAKTOSE),,0.9246,,,,,,,0.01984,0.34335,0.02146,PCK-00-151924-5,2nd,
FV0944A - [DK/SE] -  Garlic Herb Roasted Barramundi,REC-033097-4-001,R,1,portions,Lemon Chive Sauce,S,,40,grams,,SUB-033094-4-001,IMMERSION BLENDER / CUPPING,"3 : Side Compartment 
CUPPED
40 g Lemon Chive Sauce

Net Weight : 363 g","MILCH (EINSCHLIESSLICH LAKTOSE), SCHWEFELDIOXIDE UND SULFITE, SELLERIE",,0.90353,1,CUP,Cup,,,,0.08818,1.5616,0.0976,PCK-00-151924-5,3rd,

FV0962A - [BNL] - Apricot Smothered Pork Tenderloin,REC-029409-4-001,R,1,portions,S&P Roasted Green Beans 1,S,,85,grams,,SUB-014184-4-001,OVEN / BLAST CHILLER,"Plating Instructions
2CT Bento
 
Main:
85g green beans
140g pork tenderloin, sliced
45g apricot glaze
",,,0.62123,,,,,,,0.18739,4.82635,0.30165,PCK-00-151923-5,Main,
FV0962A - [BNL] - Apricot Smothered Pork Tenderloin,REC-029409-4-001,R,1,portions,Garlic Chive Pork Tenderloin Batch,S,,140,grams,,SUB-029410-4-001,MARINADE / GRILL / OVEN / SLICER / BLAST CHILLER,,,,0.7758,,,,,,,0.30865,6.36554,0.39785,PCK-00-151923-5,Main,
FV0962A - [BNL] - Apricot Smothered Pork Tenderloin,REC-029409-4-001,R,1,portions,Kickin' Ginger Apricot Glaze,S,,45,grams,,SUB-029412-4-001,SPICE PORTIONING / IMMERSION BLENDER / BRAISER / BLAST CHILLER,,SCHWEFELDIOXIDE UND SULFITE,,0.94999,,,,,,,0.09921,1.67089,0.10443,PCK-00-151923-5,Main,
FV0962A - [BNL] - Apricot Smothered Pork Tenderloin,REC-029409-4-001,R,1,portions,Parmesan Roasted Potatoes,S,,110,grams,,SUB-032895-4-001,PLANETARY MIXER,"110g roasted potatoes

Net Weight: 380g",MILCH (EINSCHLIESSLICH LAKTOSE),,0.95,,,,,,,0.24251,4.08436,0.25527,PCK-00-151923-5,2nd,

FV0962A - [DE] - Apricot Smothered Pork Tenderloin,REC-029409-4-003,R,1,portions,S&P Roasted Green Beans 1,S,,85,grams,,SUB-014184-4-001,OVEN / BLAST CHILLER,"Plating Instructions
2CT Bento
 
Main:
85g green beans
140g pork tenderloin, sliced
45g apricot glaze
",,,0.62123,,,,,,,0.18739,4.82635,0.30165,PCK-00-151923-5,Main,
FV0962A - [DE] - Apricot Smothered Pork Tenderloin,REC-029409-4-003,R,1,portions,Garlic Chive Pork Tenderloin Batch,S,,140,grams,,SUB-029410-4-001,MARINADE / GRILL / OVEN / SLICER / BLAST CHILLER,,,,0.7758,,,,,,,0.30865,6.36554,0.39785,PCK-00-151923-5,Main,
FV0962A - [DE] - Apricot Smothered Pork Tenderloin,REC-029409-4-003,R,1,portions,Kickin' Ginger Apricot Glaze,S,,45,grams,,SUB-029412-4-001,SPICE PORTIONING / IMMERSION BLENDER / BRAISER / BLAST CHILLER,,SCHWEFELDIOXIDE UND SULFITE,,0.94999,,,,,,,0.09921,1.67089,0.10443,PCK-00-151923-5,Main,
FV0962A - [DE] - Apricot Smothered Pork Tenderloin,REC-029409-4-003,R,1,portions,Parmesan Roasted Potatoes,S,,110,grams,,SUB-032895-4-001,PLANETARY MIXER,"110g roasted potatoes

Net Weight: 380g",MILCH (EINSCHLIESSLICH LAKTOSE),,0.95,,,,,,,0.24251,4.08436,0.25527,PCK-00-151923-5,2nd,

FV0962A - [DKSE] - Apricot Smothered Pork Tenderloin,REC-029409-4-002,R,1,portions,S&P Roasted Green Beans 1,S,,85,grams,,SUB-014184-4-001,OVEN / BLAST CHILLER,"Plating Instructions
2CT Bento
 
Main:
85g green beans
140g pork tenderloin, sliced
45g apricot glaze
",,,0.62123,,,,,,,0.18739,4.82635,0.30165,PCK-00-151923-5,Main,
FV0962A - [DKSE] - Apricot Smothered Pork Tenderloin,REC-029409-4-002,R,1,portions,Garlic Chive Pork Tenderloin Batch,S,,140,grams,,SUB-029410-4-001,MARINADE / GRILL / OVEN / SLICER / BLAST CHILLER,,,,0.7758,,,,,,,0.30865,6.36554,0.39785,PCK-00-151923-5,Main,
FV0962A - [DKSE] - Apricot Smothered Pork Tenderloin,REC-029409-4-002,R,1,portions,Kickin' Ginger Apricot Glaze,S,,45,grams,,SUB-029412-4-001,SPICE PORTIONING / IMMERSION BLENDER / BRAISER / BLAST CHILLER,,SCHWEFELDIOXIDE UND SULFITE,,0.94999,,,,,,,0.09921,1.67089,0.10443,PCK-00-151923-5,Main,
FV0962A - [DKSE] - Apricot Smothered Pork Tenderloin,REC-029409-4-002,R,1,portions,Parmesan Roasted Potatoes,S,,110,grams,,SUB-032895-4-001,PLANETARY MIXER,"110g roasted potatoes

Net Weight: 380g",MILCH (EINSCHLIESSLICH LAKTOSE),,0.95,,,,,,,0.24251,4.08436,0.25527,PCK-00-151923-5,2nd,

FV0970A - Caramelized Onion & Emmental Fondue Chicken [BNL],REC-014186-4-004,R,1,portions,S&P Roasted Green Beans 1,S,,50,grams,,SUB-014184-4-001,OVEN / BLAST CHILLER,"**PLATING INSTRUCTIONS**

1 : (from bottom to top)
50g Roasted Green Beans
35g Caramelized Onions
1 ea Chicken Breast
55g Swiss Cheese Sauce
5g Green Onions


Net Weight : 370g",,,0.62123,1,SCOOP,beige,NATURAL,,,0.11023,2.83903,0.17744,PCK-00-151923-5,Main,
FV0970A - Caramelized Onion & Emmental Fondue Chicken [BNL],REC-014186-4-004,R,1,portions,Keto French Onion Burger Onions - More Salt - no wine,S,,35,grams,,SUB-014181-4-001,SPICE PORTIONING / BRAISER / BLAST CHILLER,,"MILCH (EINSCHLIESSLICH LAKTOSE), SCHWEFELDIOXIDE UND SULFITE",,0.76116,1,SCOOP,black,LEVEL,,,0.07716,1.62199,0.10137,PCK-00-151923-5,Main,
FV0970A - Caramelized Onion & Emmental Fondue Chicken [BNL],REC-014186-4-004,R,1,portions,Chicken breast - Herb Grilled Chicken Breast,S,,1,each,,SUB-013545-4-001,MARINADE / GRILL / OVEN / BLAST CHILLER,,,,0.62422,1,HAND_PORTIONED,Hand Portioned,,,4.23288,0.26455,6.78107,0.42382,PCK-00-151923-5,Main,
FV0970A - Caramelized Onion & Emmental Fondue Chicken [BNL],REC-014186-4-004,R,1,portions,Emmental Cheese Sauce - More Salt/Fat,S,,55,grams,,SUB-014183-4-001,SPICE PORTIONING / IMMERSION BLENDER / BRAISER / BLAST CHILLER,,MILCH (EINSCHLIESSLICH LAKTOSE),,0.8771,1,SCOOP,yellow,LEVEL,,,0.12125,2.2119,0.13824,PCK-00-151923-5,Main,
FV0970A - Caramelized Onion & Emmental Fondue Chicken [BNL],REC-014186-4-004,R,1,portions,Roasted Green Onions,S,,5,grams,,SUB-023370-4-001,OVEN / BLAST CHILLER,,,,0.502,1,SCOOP,silver #110,LEVEL,,,0.01102,0.35133,0.02196,PCK-00-151923-5,Main,
FV0970A - Caramelized Onion & Emmental Fondue Chicken [BNL],REC-014186-4-004,R,1,portions,"Thyme Roasted Mushrooms (less pepper, more salt)",S,,90,grams,,SUB-014182-4-001,OVEN / BLAST CHILLER,"2 :
90g Roasted Mushrooms
15g Garlic Herb Butter",,,0.63947,1,SCOOP,grey,LEVEL,,,0.19842,4.96453,0.31028,PCK-00-151923-5,2nd,
FV0970A - Caramelized Onion & Emmental Fondue Chicken [BNL],REC-014186-4-004,R,1,portions,Garlic Herb Butter,S,,15,grams,,SUB-014185-4-001,PLANETARY MIXER / SCOOPER (BUTTER) / BLAST CHILLER,,"MILCH (EINSCHLIESSLICH LAKTOSE), SCHWEFELDIOXIDE UND SULFITE",,0.89482,1,SCOOP,silver #60,LEVEL,,,0.03307,0.5913,0.03696,PCK-00-151923-5,2nd,

FV0970A - Caramelized Onion & Emmental Fondue Chicken [DE],REC-014186-4-002,R,1,portions,S&P Roasted Green Beans 1,S,,50,grams,,SUB-014184-4-001,OVEN / BLAST CHILLER,"**PLATING INSTRUCTIONS**

1 : (from bottom to top)
50g Roasted Green Beans
35g Caramelized Onions
1 ea Chicken Breast
55g Swiss Cheese Sauce
5g Green Onions


Net Weight : 370g",,,0.62123,1,SCOOP,beige,NATURAL,,,0.11023,2.83903,0.17744,PCK-00-151923-5,Main,
FV0970A - Caramelized Onion & Emmental Fondue Chicken [DE],REC-014186-4-002,R,1,portions,Keto French Onion Burger Onions - More Salt - no wine,S,,35,grams,,SUB-014181-4-001,SPICE PORTIONING / BRAISER / BLAST CHILLER,,"MILCH (EINSCHLIESSLICH LAKTOSE), SCHWEFELDIOXIDE UND SULFITE",,0.76116,1,SCOOP,black,LEVEL,,,0.07716,1.62199,0.10137,PCK-00-151923-5,Main,
FV0970A - Caramelized Onion & Emmental Fondue Chicken [DE],REC-014186-4-002,R,1,portions,Chicken breast - Herb Grilled Chicken Breast,S,,1,each,,SUB-013545-4-001,MARINADE / GRILL / OVEN / BLAST CHILLER,,,,0.62422,1,HAND_PORTIONED,Hand Portioned,,,4.23288,0.26455,6.78107,0.42382,PCK-00-151923-5,Main,
FV0970A - Caramelized Onion & Emmental Fondue Chicken [DE],REC-014186-4-002,R,1,portions,Emmental Cheese Sauce - More Salt/Fat,S,,55,grams,,SUB-014183-4-001,SPICE PORTIONING / IMMERSION BLENDER / BRAISER / BLAST CHILLER,,MILCH (EINSCHLIESSLICH LAKTOSE),,0.8771,1,SCOOP,yellow,LEVEL,,,0.12125,2.2119,0.13824,PCK-00-151923-5,Main,
FV0970A - Caramelized Onion & Emmental Fondue Chicken [DE],REC-014186-4-002,R,1,portions,Roasted Green Onions,S,,5,grams,,SUB-023370-4-001,OVEN / BLAST CHILLER,,,,0.502,1,SCOOP,silver #110,LEVEL,,,0.01102,0.35133,0.02196,PCK-00-151923-5,Main,
FV0970A - Caramelized Onion & Emmental Fondue Chicken [DE],REC-014186-4-002,R,1,portions,"Thyme Roasted Mushrooms (less pepper, more salt)",S,,90,grams,,SUB-014182-4-001,OVEN / BLAST CHILLER,"2 :
90g Roasted Mushrooms
15g Garlic Herb Butter",,,0.63947,1,SCOOP,grey,LEVEL,,,0.19842,4.96453,0.31028,PCK-00-151923-5,2nd,
FV0970A - Caramelized Onion & Emmental Fondue Chicken [DE],REC-014186-4-002,R,1,portions,Garlic Herb Butter,S,,15,grams,,SUB-014185-4-001,PLANETARY MIXER / SCOOPER (BUTTER) / BLAST CHILLER,,"MILCH (EINSCHLIESSLICH LAKTOSE), SCHWEFELDIOXIDE UND SULFITE",,0.89482,1,SCOOP,silver #60,LEVEL,,,0.03307,0.5913,0.03696,PCK-00-151923-5,2nd,

FV0970A - Caramelized Onion & Emmental Fondue Chicken [DKSE],REC-014186-4-003,R,1,portions,S&P Roasted Green Beans 1,S,,50,grams,,SUB-014184-4-001,OVEN / BLAST CHILLER,"**PLATING INSTRUCTIONS**

1 : (from bottom to top)
50g Roasted Green Beans
35g Caramelized Onions
1 ea Chicken Breast
55g Swiss Cheese Sauce
5g Green Onions


Net Weight : 370g",,,0.62123,1,SCOOP,beige,NATURAL,,,0.11023,2.83903,0.17744,PCK-00-151923-5,Main,
FV0970A - Caramelized Onion & Emmental Fondue Chicken [DKSE],REC-014186-4-003,R,1,portions,Keto French Onion Burger Onions - More Salt - no wine,S,,35,grams,,SUB-014181-4-001,SPICE PORTIONING / BRAISER / BLAST CHILLER,,"MILCH (EINSCHLIESSLICH LAKTOSE), SCHWEFELDIOXIDE UND SULFITE",,0.76116,1,SCOOP,black,LEVEL,,,0.07716,1.62199,0.10137,PCK-00-151923-5,Main,
FV0970A - Caramelized Onion & Emmental Fondue Chicken [DKSE],REC-014186-4-003,R,1,portions,Chicken breast - Herb Grilled Chicken Breast,S,,1,each,,SUB-013545-4-001,MARINADE / GRILL / OVEN / BLAST CHILLER,,,,0.62422,1,HAND_PORTIONED,Hand Portioned,,,4.23288,0.26455,6.78107,0.42382,PCK-00-151923-5,Main,
FV0970A - Caramelized Onion & Emmental Fondue Chicken [DKSE],REC-014186-4-003,R,1,portions,Emmental Cheese Sauce - More Salt/Fat,S,,55,grams,,SUB-014183-4-001,SPICE PORTIONING / IMMERSION BLENDER / BRAISER / BLAST CHILLER,,MILCH (EINSCHLIESSLICH LAKTOSE),,0.8771,1,SCOOP,yellow,LEVEL,,,0.12125,2.2119,0.13824,PCK-00-151923-5,Main,
FV0970A - Caramelized Onion & Emmental Fondue Chicken [DKSE],REC-014186-4-003,R,1,portions,Roasted Green Onions,S,,5,grams,,SUB-023370-4-001,OVEN / BLAST CHILLER,,,,0.502,1,SCOOP,silver #110,LEVEL,,,0.01102,0.35133,0.02196,PCK-00-151923-5,Main,
FV0970A - Caramelized Onion & Emmental Fondue Chicken [DKSE],REC-014186-4-003,R,1,portions,"Thyme Roasted Mushrooms (less pepper, more salt)",S,,90,grams,,SUB-014182-4-001,OVEN / BLAST CHILLER,"2 :
90g Roasted Mushrooms
15g Garlic Herb Butter",,,0.63947,1,SCOOP,grey,LEVEL,,,0.19842,4.96453,0.31028,PCK-00-151923-5,2nd,
FV0970A - Caramelized Onion & Emmental Fondue Chicken [DKSE],REC-014186-4-003,R,1,portions,Garlic Herb Butter,S,,15,grams,,SUB-014185-4-001,PLANETARY MIXER / SCOOPER (BUTTER) / BLAST CHILLER,,"MILCH (EINSCHLIESSLICH LAKTOSE), SCHWEFELDIOXIDE UND SULFITE",,0.89482,1,SCOOP,silver #60,LEVEL,,,0.03307,0.5913,0.03696,PCK-00-151923-5,2nd,

FV0972A - Salmon Piccata [BNL],REC-013607-4-003,R,1,portions,Parmesan Cauliflower Mash - Rice - HTD - Batch,S,,100,grams,,SUB-013598-4-001,SPICE PORTIONING / BRAISER / BLAST CHILLER,". PLATING INSTRUCTIONS:
**2 COMPARTMENT BENTO**

MAIN - FROM BOTTOM TO TOP:
100g Parmesan Cauliflower Mash
1ea  Garlic & Herb Salmon
50g Piccata Sauce
10g Capers

",MILCH (EINSCHLIESSLICH LAKTOSE),,0.81465,1,SCOOP,beige,LEVEL,,,0.22046,4.32994,0.27062,PCK-00-151923-5,Main,
FV0972A - Salmon Piccata [BNL],REC-013607-4-003,R,1,portions,Garlic Herb Marinated Salmon,S,,1,each,,SUB-013603-4-001,THAW / HAND MARINADE / OVEN / BLAST CHILLER,,"FISCH, SCHWEFELDIOXIDE UND SULFITE",,0.77441,1,HAND_PORTIONED,Hand Portioned,BY_TRAY,,4.05651,0.25353,5.23819,0.32739,PCK-00-151923-5,Main,
FV0972A - Salmon Piccata [BNL],REC-013607-4-003,R,1,portions,Sauce - Piccata Sauce - Lower Fat,S,,50,grams,,SUB-013605-4-001,SPICE PORTIONING / IMMERSION BLENDER / BRAISER / BLAST CHILLER,,"MILCH (EINSCHLIESSLICH LAKTOSE), SCHWEFELDIOXIDE UND SULFITE",,0.87052,1,SCOOP,yellow,LEVEL,,,0.11023,2.02603,0.12663,PCK-00-151923-5,Main,
FV0972A - Salmon Piccata [BNL],REC-013607-4-003,R,1,portions,Capers,S,,7,grams,,SUB-032499-4-001,STAGING / DEBOX,,,,0.57,1,SCOOP,silver #60,LEVEL,,,0.01543,0.43319,0.02707,PCK-00-151923-5,Main,
FV0972A - Salmon Piccata [BNL],REC-013607-4-003,R,1,portions,Broccoli - S&P Broccoli FLORETS - less salt,S,,100,grams,,SUB-013822-4-001,HAND MIX,"SIDE:
100g Broccoli Florets",,,0.69966,1,SCOOP,white,LEVEL,,,0.22046,5.04162,0.3151,PCK-00-151923-5,2nd,

FV0972A - Salmon Piccata [DE],REC-013607-4-001,R,1,portions,Parmesan Cauliflower Mash - Rice - HTD - Batch,S,,100,grams,,SUB-013598-4-001,SPICE PORTIONING / BRAISER / BLAST CHILLER,". PLATING INSTRUCTIONS:
**2 COMPARTMENT BENTO**

MAIN - FROM BOTTOM TO TOP:
100g Parmesan Cauliflower Mash
1ea  Garlic & Herb Salmon
50g Piccata Sauce
10g Capers

",MILCH (EINSCHLIESSLICH LAKTOSE),,0.81465,1,SCOOP,beige,LEVEL,,,0.22046,4.32994,0.27062,PCK-00-151923-5,Main,
FV0972A - Salmon Piccata [DE],REC-013607-4-001,R,1,portions,Garlic Herb Marinated Salmon,S,,1,each,,SUB-013603-4-001,THAW / HAND MARINADE / OVEN / BLAST CHILLER,,"FISCH, SCHWEFELDIOXIDE UND SULFITE",,0.77441,1,HAND_PORTIONED,Hand Portioned,BY_TRAY,,4.05651,0.25353,5.23819,0.32739,PCK-00-151923-5,Main,
FV0972A - Salmon Piccata [DE],REC-013607-4-001,R,1,portions,Sauce - Piccata Sauce - Lower Fat,S,,50,grams,,SUB-013605-4-001,SPICE PORTIONING / IMMERSION BLENDER / BRAISER / BLAST CHILLER,,"MILCH (EINSCHLIESSLICH LAKTOSE), SCHWEFELDIOXIDE UND SULFITE",,0.87052,1,SCOOP,yellow,LEVEL,,,0.11023,2.02603,0.12663,PCK-00-151923-5,Main,
FV0972A - Salmon Piccata [DE],REC-013607-4-001,R,1,portions,Capers,S,,7,grams,,SUB-032499-4-001,STAGING / DEBOX,,,,0.57,1,SCOOP,silver #60,LEVEL,,,0.01543,0.43319,0.02707,PCK-00-151923-5,Main,
FV0972A - Salmon Piccata [DE],REC-013607-4-001,R,1,portions,Broccoli - S&P Broccoli FLORETS - less salt,S,,100,grams,,SUB-013822-4-001,HAND MIX,"SIDE:
100g Broccoli Florets",,,0.69966,1,SCOOP,white,LEVEL,,,0.22046,5.04162,0.3151,PCK-00-151923-5,2nd,

FV0972A - Salmon Piccata [DKSE],REC-013607-4-002,R,1,portions,Parmesan Cauliflower Mash - Rice - HTD - Batch,S,,100,grams,,SUB-013598-4-001,SPICE PORTIONING / BRAISER / BLAST CHILLER,". PLATING INSTRUCTIONS:
**2 COMPARTMENT BENTO**

MAIN - FROM BOTTOM TO TOP:
100g Parmesan Cauliflower Mash
1ea  Garlic & Herb Salmon
50g Piccata Sauce
10g Capers

",MILCH (EINSCHLIESSLICH LAKTOSE),,0.81465,1,SCOOP,beige,LEVEL,,,0.22046,4.32994,0.27062,PCK-00-151923-5,Main,
FV0972A - Salmon Piccata [DKSE],REC-013607-4-002,R,1,portions,Garlic Herb Marinated Salmon,S,,1,each,,SUB-013603-4-001,THAW / HAND MARINADE / OVEN / BLAST CHILLER,,"FISCH, SCHWEFELDIOXIDE UND SULFITE",,0.77441,1,HAND_PORTIONED,Hand Portioned,BY_TRAY,,4.05651,0.25353,5.23819,0.32739,PCK-00-151923-5,Main,
FV0972A - Salmon Piccata [DKSE],REC-013607-4-002,R,1,portions,Sauce - Piccata Sauce - Lower Fat,S,,50,grams,,SUB-013605-4-001,SPICE PORTIONING / IMMERSION BLENDER / BRAISER / BLAST CHILLER,,"MILCH (EINSCHLIESSLICH LAKTOSE), SCHWEFELDIOXIDE UND SULFITE",,0.87052,1,SCOOP,yellow,LEVEL,,,0.11023,2.02603,0.12663,PCK-00-151923-5,Main,
FV0972A - Salmon Piccata [DKSE],REC-013607-4-002,R,1,portions,Capers,S,,7,grams,,SUB-032499-4-001,STAGING / DEBOX,,,,0.57,1,SCOOP,silver #60,LEVEL,,,0.01543,0.43319,0.02707,PCK-00-151923-5,Main,
FV0972A - Salmon Piccata [DKSE],REC-013607-4-002,R,1,portions,Broccoli - S&P Broccoli FLORETS - less salt,S,,100,grams,,SUB-013822-4-001,HAND MIX,"SIDE:
100g Broccoli Florets",,,0.69966,1,SCOOP,white,LEVEL,,,0.22046,5.04162,0.3151,PCK-00-151923-5,2nd,

FV1068A -  [DKSE] - Shredded Moroccan Chicken Thighs & Spiced Potatoes [DKSE],REC-030395-4-001,R,1,portions,Spice Roasted Potatoes 10mm Diced-Less Pepper,S,,80,grams,,SUB-030305-4-001,OVEN / BLAST CHILLER,"***Plating Instructions***

3 Compartment

1:
80 g potatoes
100 g chicken
60 g sauce 
",,,0.71132,1,SCOOP,grey,NATURAL,,,0.17637,3.96716,0.24795,PCK-00-151924-5,Main,
FV1068A -  [DKSE] - Shredded Moroccan Chicken Thighs & Spiced Potatoes [DKSE],REC-030395-4-001,R,1,portions,Shredded Moroccan  Chicken Thighs,S,,100,grams,,SUB-030396-4-001,UNCATEGORIZED BOM,,MILCH (EINSCHLIESSLICH LAKTOSE),,0.61282,1,SCOOP,grey,NATURAL,,,0.22046,5.75604,0.35975,PCK-00-151924-5,Main,
FV1068A -  [DKSE] - Shredded Moroccan Chicken Thighs & Spiced Potatoes [DKSE],REC-030395-4-001,R,1,portions,Moroccan  cherry tomato sauce,S,,60,grams,,SUB-030308-4-001,UNCATEGORIZED BOM,,SCHWEFELDIOXIDE UND SULFITE,,0.88001,1,SCOOP,yellow,LEVEL,,,0.13228,2.40501,0.15031,PCK-00-151924-5,Main,
FV1068A -  [DKSE] - Shredded Moroccan Chicken Thighs & Spiced Potatoes [DKSE],REC-030395-4-001,R,1,portions,Lebanese Green Beans Batch,S,,70,grams,,SUB-030311-4-001,SPICE PORTIONING / BRAISER / BLAST CHILLER,70 g green beans,SCHWEFELDIOXIDE UND SULFITE,,0.88171,1,SCOOP,grey,NATURAL,,,0.15432,2.80045,0.17503,PCK-00-151924-5,2nd,
FV1068A -  [DKSE] - Shredded Moroccan Chicken Thighs & Spiced Potatoes [DKSE],REC-030395-4-001,R,1,portions,Cumin Coriander Yogurt - CUPPED,S,,35,grams,,SUB-030550-4-001,IMMERSION BLENDER / CUPPING,"35 g yogurt (cupped)

Net Weight: 345 g",MILCH (EINSCHLIESSLICH LAKTOSE),,0.8954,1,CUP,Cup,,,,0.07716,1.37882,0.08618,PCK-00-151924-5,3rd,

FV1068A - [BNL]- Shredded Moroccan Chicken Thighs & Spiced Potatoes,REC-030395-4-003,R,1,portions,Spice Roasted Potatoes 10mm Diced-Less Pepper,S,,80,grams,,SUB-030305-4-001,OVEN / BLAST CHILLER,"***Plating Instructions***

3 Compartment

1:
80 g potatoes
100 g shredded chicken
60 g sauce 
",,,0.71132,1,SCOOP,grey,NATURAL,,,0.17637,3.96716,0.24795,PCK-00-151924-5,Main,
FV1068A - [BNL]- Shredded Moroccan Chicken Thighs & Spiced Potatoes,REC-030395-4-003,R,1,portions,Shredded Moroccan  Chicken Thighs,S,,100,grams,,SUB-030396-4-001,UNCATEGORIZED BOM,,MILCH (EINSCHLIESSLICH LAKTOSE),,0.61282,1,SCOOP,white,NATURAL,,,0.22046,5.75604,0.35975,PCK-00-151924-5,Main,
FV1068A - [BNL]- Shredded Moroccan Chicken Thighs & Spiced Potatoes,REC-030395-4-003,R,1,portions,Moroccan  cherry tomato sauce,S,,60,grams,,SUB-030308-4-001,UNCATEGORIZED BOM,,SCHWEFELDIOXIDE UND SULFITE,,0.88001,1,SCOOP,yellow,LEVEL,,,0.13228,2.40501,0.15031,PCK-00-151924-5,Main,
FV1068A - [BNL]- Shredded Moroccan Chicken Thighs & Spiced Potatoes,REC-030395-4-003,R,1,portions,Lebanese Green Beans Batch,S,,70,grams,,SUB-030311-4-001,SPICE PORTIONING / BRAISER / BLAST CHILLER,70 g green beans,SCHWEFELDIOXIDE UND SULFITE,,0.88171,1,SCOOP,grey,NATURAL,,,0.15432,2.80045,0.17503,PCK-00-151924-5,2nd,
FV1068A - [BNL]- Shredded Moroccan Chicken Thighs & Spiced Potatoes,REC-030395-4-003,R,1,portions,Cumin Coriander Yogurt - CUPPED,S,,35,grams,,SUB-030550-4-001,IMMERSION BLENDER / CUPPING,"35 g yogurt (cupped)

Net Weight: 345 g",MILCH (EINSCHLIESSLICH LAKTOSE),,0.8954,1,CUP,Cup,,,,0.07716,1.37882,0.08618,PCK-00-151924-5,3rd,

FV1068A - [DE] - Shredded Moroccan Chicken Thighs & Spiced Potatoes,REC-030395-4-002,R,1,portions,Spice Roasted Potatoes 10mm Diced-Less Pepper,S,,80,grams,,SUB-030305-4-001,OVEN / BLAST CHILLER,"***Plating Instructions***

3 Compartment
from bottom to the top

1:
80 g potatoes
100 g chicken
60 g sauce 
",,,0.71132,1,SCOOP,grey,NATURAL,,,0.17637,3.96716,0.24795,PCK-00-151924-5,Main,
FV1068A - [DE] - Shredded Moroccan Chicken Thighs & Spiced Potatoes,REC-030395-4-002,R,1,portions,Shredded Moroccan  Chicken Thighs,S,,100,grams,,SUB-030396-4-001,UNCATEGORIZED BOM,,MILCH (EINSCHLIESSLICH LAKTOSE),,0.61282,1,SCOOP,grey,NATURAL,,,0.22046,5.75604,0.35975,PCK-00-151924-5,Main,
FV1068A - [DE] - Shredded Moroccan Chicken Thighs & Spiced Potatoes,REC-030395-4-002,R,1,portions,Moroccan  cherry tomato sauce,S,,60,grams,,SUB-030308-4-001,UNCATEGORIZED BOM,,SCHWEFELDIOXIDE UND SULFITE,,0.88001,1,SCOOP,yellow,LEVEL,,,0.13228,2.40501,0.15031,PCK-00-151924-5,Main,
FV1068A - [DE] - Shredded Moroccan Chicken Thighs & Spiced Potatoes,REC-030395-4-002,R,1,portions,Lebanese Green Beans Batch,S,,70,grams,,SUB-030311-4-001,SPICE PORTIONING / BRAISER / BLAST CHILLER,70 g green beans,SCHWEFELDIOXIDE UND SULFITE,,0.88171,1,SCOOP,grey,NATURAL,,,0.15432,2.80045,0.17503,PCK-00-151924-5,2nd,
FV1068A - [DE] - Shredded Moroccan Chicken Thighs & Spiced Potatoes,REC-030395-4-002,R,1,portions,Cumin Coriander Yogurt - CUPPED,S,,35,grams,,SUB-030550-4-001,IMMERSION BLENDER / CUPPING,"35 g yogurt (cupped)

Net Weight: 340 g",MILCH (EINSCHLIESSLICH LAKTOSE),,0.8954,1,CUP,Cup,,,,0.07716,1.37882,0.08618,PCK-00-151924-5,3rd,

FV1145A - Roasted Salmon & Dill Yogurt [BNL],REC-029971-4-003,R,1,portions,Italian Roasted Diced Potatoes,S,,100,grams,,SUB-029885-4-001,OVEN / BLAST CHILLER,"**PLATING INSTRUCTIONS**

3 COMPARTMENT
1 : (from bottom to top)

MAIN:
100g Potatoes
30g Spanish onion
115g Salmon (1 ea)
30g Red Peppers",,,0.70371,1,SCOOP,white,LEVEL,,,0.22046,5.0126,0.31329,PCK-00-151924-5,Main,
FV1145A - Roasted Salmon & Dill Yogurt [BNL],REC-029971-4-003,R,1,portions,Cooked 10mm diced Spanish Onions,S,,30,grams,,SUB-029899-4-001,OVEN / BLAST CHILLER,,,,0.75472,1,SCOOP,black,LEVEL,,,0.06614,1.40214,0.08763,PCK-00-151924-5,Main,
FV1145A - Roasted Salmon & Dill Yogurt [BNL],REC-029971-4-003,R,1,portions,Moroccan Salmon Batch,S,,1,each,,SUB-029902-4-001,THAW / HAND MARINADE / OVEN / BLAST CHILLER,,"FISCH, MILCH (EINSCHLIESSLICH LAKTOSE)",,0.79724,1,HAND_PORTIONED,Hand Portioned,,,4.23288,0.26455,5.30944,0.33184,PCK-00-151924-5,Main,
FV1145A - Roasted Salmon & Dill Yogurt [BNL],REC-029971-4-003,R,1,portions,Roasted Red Peppers - Diced (half pepper),S,,30,grams,,SUB-029906-4-001,OVEN / BLAST CHILLER,,SCHWEFELDIOXIDE UND SULFITE,,0.74645,1,SCOOP,black,LEVEL,,,0.06614,1.41766,0.0886,PCK-00-151924-5,Main,
FV1145A - Roasted Salmon & Dill Yogurt [BNL],REC-029971-4-003,R,1,portions,Green Beans CUT 1-1/2 - Fresh,S,,60,grams,,SUB-013484-4-001,OVEN / BLAST CHILLER,"2nd:
60g Green Beans",,,0.73433,,,,,,,0.13228,2.88214,0.18013,PCK-00-151924-5,2nd,
FV1145A - Roasted Salmon & Dill Yogurt [BNL],REC-029971-4-003,R,1,portions,Lemon Dill Yogurt,S,,35,grams,,SUB-029910-4-001,IMMERSION BLENDER / CUPPING,"3rd :
35g Lemon Dill Yogurt (CUPPED)

Net Weight : 370g",MILCH (EINSCHLIESSLICH LAKTOSE),,0.98005,1,CUP,Cup,,,,0.07716,1.25972,0.07873,PCK-00-151924-5,3rd,

FV1145A - Roasted Salmon & Dill Yogurt [DE],REC-029971-4-002,R,1,portions,Italian Roasted Diced Potatoes,S,,100,grams,,SUB-029885-4-001,OVEN / BLAST CHILLER,"**PLATING INSTRUCTIONS**

3 COMPARTMENT
1 : (from bottom to top)

MAIN:
100g Potatoes
30g Spanish onion
115g Salmon (1 ea)
30g Red Peppers",,,0.70371,1,SCOOP,white,LEVEL,,,0.22046,5.0126,0.31329,PCK-00-151924-5,Main,
FV1145A - Roasted Salmon & Dill Yogurt [DE],REC-029971-4-002,R,1,portions,Cooked 10mm diced Spanish Onions,S,,30,grams,,SUB-029899-4-001,OVEN / BLAST CHILLER,,,,0.75472,1,SCOOP,black,LEVEL,,,0.06614,1.40214,0.08763,PCK-00-151924-5,Main,
FV1145A - Roasted Salmon & Dill Yogurt [DE],REC-029971-4-002,R,1,portions,Moroccan Salmon Batch,S,,1,each,,SUB-029902-4-001,THAW / HAND MARINADE / OVEN / BLAST CHILLER,,"FISCH, MILCH (EINSCHLIESSLICH LAKTOSE)",,0.79724,1,HAND_PORTIONED,Hand Portioned,,,4.23288,0.26455,5.30944,0.33184,PCK-00-151924-5,Main,
FV1145A - Roasted Salmon & Dill Yogurt [DE],REC-029971-4-002,R,1,portions,Roasted Red Peppers - Diced (half pepper),S,,30,grams,,SUB-029906-4-001,OVEN / BLAST CHILLER,,SCHWEFELDIOXIDE UND SULFITE,,0.74645,1,SCOOP,black,LEVEL,,,0.06614,1.41766,0.0886,PCK-00-151924-5,Main,
FV1145A - Roasted Salmon & Dill Yogurt [DE],REC-029971-4-002,R,1,portions,Green Beans CUT 1-1/2 - Fresh - very little salt,S,,60,grams,,SUB-014171-4-001,OVEN / BLAST CHILLER,"2nd:
60g Green Beans",,,0.73551,1,SCOOP,beige,LEVEL,,,0.13228,2.8775,0.17984,PCK-00-151924-5,2nd,
FV1145A - Roasted Salmon & Dill Yogurt [DE],REC-029971-4-002,R,1,portions,Lemon Dill Yogurt,S,,35,grams,,SUB-029910-4-001,IMMERSION BLENDER / CUPPING,"3rd :
35g Lemon Dill Yogurt (CUPPED)

Net Weight : 370g",MILCH (EINSCHLIESSLICH LAKTOSE),,0.98005,1,CUP,Cup,,,,0.07716,1.25972,0.07873,PCK-00-151924-5,3rd,

FV1145A - Roasted Salmon & Dill Yogurt [DKSE],REC-029971-4-001,R,1,portions,Italian Roasted Diced Potatoes,S,,100,grams,,SUB-029885-4-001,OVEN / BLAST CHILLER,"**PLATING INSTRUCTIONS**

3 COMPARTMENT
1 : (from bottom to top)

MAIN:
100g Potatoes
30g Spanish onion
115g Salmon (1 ea)
30g Red Peppers",,,0.70371,1,SCOOP,white,LEVEL,,,0.22046,5.0126,0.31329,PCK-00-151924-5,Main,
FV1145A - Roasted Salmon & Dill Yogurt [DKSE],REC-029971-4-001,R,1,portions,Cooked 10mm diced Spanish Onions,S,,30,grams,,SUB-029899-4-001,OVEN / BLAST CHILLER,,,,0.75472,1,SCOOP,black,LEVEL,,,0.06614,1.40214,0.08763,PCK-00-151924-5,Main,
FV1145A - Roasted Salmon & Dill Yogurt [DKSE],REC-029971-4-001,R,1,portions,Moroccan Salmon Batch,S,,1,each,,SUB-029902-4-001,THAW / HAND MARINADE / OVEN / BLAST CHILLER,,"FISCH, MILCH (EINSCHLIESSLICH LAKTOSE)",,0.79724,1,HAND_PORTIONED,Hand Portioned,,,4.23288,0.26455,5.30944,0.33184,PCK-00-151924-5,Main,
FV1145A - Roasted Salmon & Dill Yogurt [DKSE],REC-029971-4-001,R,1,portions,Roasted Red Peppers - Diced (half pepper),S,,30,grams,,SUB-029906-4-001,OVEN / BLAST CHILLER,,SCHWEFELDIOXIDE UND SULFITE,,0.74645,1,SCOOP,black,LEVEL,,,0.06614,1.41766,0.0886,PCK-00-151924-5,Main,
FV1145A - Roasted Salmon & Dill Yogurt [DKSE],REC-029971-4-001,R,1,portions,Green Beans CUT 1-1/2 - Fresh - very little salt,S,,60,grams,,SUB-014171-4-001,OVEN / BLAST CHILLER,"2nd:
60g Green Beans",,,0.73551,1,SCOOP,beige,LEVEL,,,0.13228,2.8775,0.17984,PCK-00-151924-5,2nd,
FV1145A - Roasted Salmon & Dill Yogurt [DKSE],REC-029971-4-001,R,1,portions,Lemon Dill Yogurt,S,,35,grams,,SUB-029910-4-001,IMMERSION BLENDER / CUPPING,"3rd :
35g Lemon Dill Yogurt (CUPPED)

Net Weight : 370g",MILCH (EINSCHLIESSLICH LAKTOSE),,0.98005,1,CUP,Cup,,,,0.07716,1.25972,0.07873,PCK-00-151924-5,3rd,

FV1169A - [BNL] -Salmon and sweet soy dressing,REC-014250-4-001,R,1,portions,Rice - Garlic and Ginger Brown Rice,S,,130,grams,,SUB-013770-4-001,HAND MIX / BLAST CHILLER,"***PLATING INSTRUCTIONS***
(From the bottom to the top)

2 Compartment

MAIN COMPARTMENT
130g rice
60g cabbage
1 ea salmon (115g)
3 g sesame seeds

","SCHWEFELDIOXIDE UND SULFITE, SELLERIE",,0.97997,1,SCOOP,grey,LEVEL,,,0.2866,4.67936,0.29246,PCK-00-151923-5,Main,
FV1169A - [BNL] -Salmon and sweet soy dressing,REC-014250-4-001,R,1,portions,Ginger Cabbage,S,,60,grams,,SUB-014114-4-001,OVEN / BLAST CHILLER,,SCHWEFELDIOXIDE UND SULFITE,,0.77492,2,SCOOP,red,LEVEL,,,0.13228,2.73117,0.1707,PCK-00-151923-5,Main,
FV1169A - [BNL] -Salmon and sweet soy dressing,REC-014250-4-001,R,1,portions,Salmon - Blackened Salmon Batch,S,,1,each,,SUB-013797-4-001,THAW / HAND MARINADE / OVEN / BLAST CHILLER,,FISCH,,0.80352,,,,,,4.05651,0.25353,5.04841,0.31553,PCK-00-151923-5,Main,
FV1169A - [BNL] -Salmon and sweet soy dressing,REC-014250-4-001,R,1,portions,B&W sesame seeds 30/70,S,,3,grams,,SUB-014115-4-001,OVEN / BLAST CHILLER,,SESAMSAMEN,,0.9,,,,,,,0.00661,0.11758,0.00735,PCK-00-151923-5,Main,
FV1169A - [BNL] -Salmon and sweet soy dressing,REC-014250-4-001,R,1,portions,Green beans - Sesame roasted CUT green beans with onion slices,S,,80,grams,,SUB-014116-4-001,OVEN / BLAST CHILLER,"2ND COMPARTMENT
80g green beans
31g teriyaki cupped

NET WEIGHT 419g",SESAMSAMEN,,0.73706,1,SCOOP,white,LEVEL,,,0.17637,3.82863,0.23929,PCK-00-151923-5,2nd,
FV1169A - [BNL] -Salmon and sweet soy dressing,REC-014250-4-001,R,1,portions,Teriyaki - Sweet Soy,S,,31,grams,,SUB-014118-4-001,SPICE PORTIONING / IMMERSION BLENDER / BRAISER / BLAST CHILLER,,"SESAMSAMEN, SOJA",,0.95199,,,,,,,0.06834,1.14864,0.07179,PCK-00-151923-5,2nd,

FV1169A - [DE] -Salmon and sweet soy dressing,REC-014250-4-004,R,1,portions,Rice - Garlic and Ginger Brown Rice,S,,130,grams,,SUB-013770-4-001,HAND MIX / BLAST CHILLER,"***PLATING INSTRUCTIONS***
(From the bottom to the top)

2 Compartment

MAIN COMPARTMENT
130g rice
60g cabbage
1 ea salmon (115g)
3 g sesame seeds

","SCHWEFELDIOXIDE UND SULFITE, SELLERIE",,0.97997,1,SCOOP,grey,LEVEL,,,0.2866,4.67936,0.29246,PCK-00-151923-5,Main,
FV1169A - [DE] -Salmon and sweet soy dressing,REC-014250-4-004,R,1,portions,Ginger Cabbage,S,,60,grams,,SUB-014114-4-001,OVEN / BLAST CHILLER,,SCHWEFELDIOXIDE UND SULFITE,,0.77492,2,SCOOP,red,LEVEL,,,0.13228,2.73117,0.1707,PCK-00-151923-5,Main,
FV1169A - [DE] -Salmon and sweet soy dressing,REC-014250-4-004,R,1,portions,Salmon - Blackened Salmon Batch,S,,1,each,,SUB-013797-4-001,THAW / HAND MARINADE / OVEN / BLAST CHILLER,,FISCH,,0.80352,,,,,,4.05651,0.25353,5.04841,0.31553,PCK-00-151923-5,Main,
FV1169A - [DE] -Salmon and sweet soy dressing,REC-014250-4-004,R,1,portions,B&W sesame seeds 30/70,S,,3,grams,,SUB-014115-4-001,OVEN / BLAST CHILLER,,SESAMSAMEN,,0.9,,,,,,,0.00661,0.11758,0.00735,PCK-00-151923-5,Main,
FV1169A - [DE] -Salmon and sweet soy dressing,REC-014250-4-004,R,1,portions,Green beans - Sesame roasted CUT green beans with onion slices,S,,80,grams,,SUB-014116-4-001,OVEN / BLAST CHILLER,"2ND COMPARTMENT
80g green beans
31g teriyaki cupped

NET WEIGHT 419g",SESAMSAMEN,,0.73706,1,SCOOP,white,LEVEL,,,0.17637,3.82863,0.23929,PCK-00-151923-5,2nd,
FV1169A - [DE] -Salmon and sweet soy dressing,REC-014250-4-004,R,1,portions,Teriyaki - Sweet Soy,S,,31,grams,,SUB-014118-4-001,SPICE PORTIONING / IMMERSION BLENDER / BRAISER / BLAST CHILLER,,"SESAMSAMEN, SOJA",,0.95199,,,,,,,0.06834,1.14864,0.07179,PCK-00-151923-5,2nd,

FV1169A - [DSKE] -Salmon and sweet soy dressing,REC-014250-4-005,R,1,portions,Rice - Garlic and Ginger Brown Rice,S,,130,grams,,SUB-013770-4-001,HAND MIX / BLAST CHILLER,"***PLATING INSTRUCTIONS***
(From the bottom to the top)

2 Compartment

MAIN COMPARTMENT
130g rice
60g cabbage
1 ea salmon (115g)
3 g sesame seeds

","SCHWEFELDIOXIDE UND SULFITE, SELLERIE",,0.97997,1,SCOOP,grey,LEVEL,,,0.2866,4.67936,0.29246,PCK-00-151923-5,Main,
FV1169A - [DSKE] -Salmon and sweet soy dressing,REC-014250-4-005,R,1,portions,Ginger Cabbage,S,,60,grams,,SUB-014114-4-001,OVEN / BLAST CHILLER,,SCHWEFELDIOXIDE UND SULFITE,,0.77492,2,SCOOP,red,LEVEL,,,0.13228,2.73117,0.1707,PCK-00-151923-5,Main,
FV1169A - [DSKE] -Salmon and sweet soy dressing,REC-014250-4-005,R,1,portions,Salmon - Blackened Salmon Batch,S,,1,each,,SUB-013797-4-001,THAW / HAND MARINADE / OVEN / BLAST CHILLER,,FISCH,,0.80352,,,,,,4.05651,0.25353,5.04841,0.31553,PCK-00-151923-5,Main,
FV1169A - [DSKE] -Salmon and sweet soy dressing,REC-014250-4-005,R,1,portions,B&W sesame seeds 30/70,S,,3,grams,,SUB-014115-4-001,OVEN / BLAST CHILLER,,SESAMSAMEN,,0.9,,,,,,,0.00661,0.11758,0.00735,PCK-00-151923-5,Main,
FV1169A - [DSKE] -Salmon and sweet soy dressing,REC-014250-4-005,R,1,portions,Green beans - Sesame roasted CUT green beans with onion slices,S,,80,grams,,SUB-014116-4-001,OVEN / BLAST CHILLER,"2ND COMPARTMENT
80g green beans
31g teriyaki cupped

NET WEIGHT 419g",SESAMSAMEN,,0.73706,1,SCOOP,white,LEVEL,,,0.17637,3.82863,0.23929,PCK-00-151923-5,2nd,
FV1169A - [DSKE] -Salmon and sweet soy dressing,REC-014250-4-005,R,1,portions,Teriyaki - Sweet Soy,S,,31,grams,,SUB-014118-4-001,SPICE PORTIONING / IMMERSION BLENDER / BRAISER / BLAST CHILLER,,"SESAMSAMEN, SOJA",,0.95199,,,,,,,0.06834,1.14864,0.07179,PCK-00-151923-5,2nd,

FV1320A - Aji Verde Salmon [BNL],REC-029892-4-003,R,1,portions,Tomato & Bell Pepper Quinoa Batch 2,S,,120,grams,,SUB-029879-4-001,HAND MIX / BLAST CHILLER,"PRODUCTION PLATING
(from the bottom to the top)

3 Compartment 

MAIN:
120g quinoa
1 ea salmon (115 g)
45g pepper mix

",,,0.85411,1,SCOOP,grey,LEVEL,,,0.26455,4.95591,0.30974,PCK-00-151924-5,Main,
FV1320A - Aji Verde Salmon [BNL],REC-029892-4-003,R,1,portions,Scallion Marinated Salmon,S,,1,each,,SUB-029881-4-001,THAW / HAND MARINADE / OVEN / BLAST CHILLER,,FISCH,,0.76708,1,HAND_PORTIONED,Hand Portioned,BY_TRAY,,4.05651,0.25353,5.28828,0.33052,PCK-00-151924-5,Main,
FV1320A - Aji Verde Salmon [BNL],REC-029892-4-003,R,1,portions,Cumin Roasted Diced Red & Green Bell Peppers - 10mm,S,,45,grams,,SUB-029888-4-001,OVEN / BLAST CHILLER,,,,0.73737,1,SCOOP,red,LEVEL,,,0.09921,2.1527,0.13454,PCK-00-151924-5,Main,
FV1320A - Aji Verde Salmon [BNL],REC-029892-4-003,R,1,portions,Roasted Zucchini & Corn - Less Corn,S,,85,grams,,SUB-029887-4-001,OVEN / BLAST CHILLER,"SIDE. 1:
85g zucchini/corn
",SCHWEFELDIOXIDE UND SULFITE,,0.75058,1,SCOOP,green,LEVEL,,,0.18739,3.99463,0.24966,PCK-00-151924-5,2nd,
FV1320A - Aji Verde Salmon [BNL],REC-029892-4-003,R,1,portions,Aji Verde Sauce (CUPPED) - Less Spicy,S,,30,grams,,SUB-029904-4-002,IMMERSION BLENDER / CUPPING,"30g aji verde sauce (cup)

Net Weight: 395g","EIER, MILCH (EINSCHLIESSLICH LAKTOSE), SCHWEFELDIOXIDE UND SULFITE, SENF",,0.95001,,,,,,,0.06614,1.1139,0.06962,PCK-00-151924-5,3rd,

FV1320A - Aji Verde Salmon [DE],REC-029892-4-001,R,1,portions,Tomato & Bell Pepper Quinoa Batch 2,S,,120,grams,,SUB-029879-4-001,HAND MIX / BLAST CHILLER,"PRODUCTION PLATING
(from the bottom to the top)

3 Compartment 

MAIN:
120g quinoa
1 ea salmon (115 g)
45g pepper mix

",,,0.85411,1,SCOOP,grey,LEVEL,,,0.26455,4.95591,0.30974,PCK-00-151924-5,Main,
FV1320A - Aji Verde Salmon [DE],REC-029892-4-001,R,1,portions,Scallion Marinated Salmon,S,,1,each,,SUB-029881-4-001,THAW / HAND MARINADE / OVEN / BLAST CHILLER,,FISCH,,0.76708,1,HAND_PORTIONED,Hand Portioned,BY_TRAY,,4.05651,0.25353,5.28828,0.33052,PCK-00-151924-5,Main,
FV1320A - Aji Verde Salmon [DE],REC-029892-4-001,R,1,portions,Cumin Roasted Diced Red & Green Bell Peppers - 10mm,S,,45,grams,,SUB-029888-4-001,OVEN / BLAST CHILLER,,,,0.73737,1,SCOOP,red,LEVEL,,,0.09921,2.1527,0.13454,PCK-00-151924-5,Main,
FV1320A - Aji Verde Salmon [DE],REC-029892-4-001,R,1,portions,Roasted Zucchini & Corn - Less Corn,S,,85,grams,,SUB-029887-4-001,OVEN / BLAST CHILLER,"SIDE. 1:
85g zucchini/corn
",SCHWEFELDIOXIDE UND SULFITE,,0.75058,1,SCOOP,green,LEVEL,,,0.18739,3.99463,0.24966,PCK-00-151924-5,2nd,
FV1320A - Aji Verde Salmon [DE],REC-029892-4-001,R,1,portions,Aji Verde Sauce (CUPPED) - Less Spicy,S,,30,grams,,SUB-029904-4-002,IMMERSION BLENDER / CUPPING,"30g aji verde sauce (cup)

Net Weight: 395g","EIER, MILCH (EINSCHLIESSLICH LAKTOSE), SCHWEFELDIOXIDE UND SULFITE, SENF",,0.95001,,,,,,,0.06614,1.1139,0.06962,PCK-00-151924-5,3rd,

FV1320A - Aji Verde Salmon [DKSE],REC-029892-4-002,R,1,portions,Tomato & Bell Pepper Quinoa Batch 2,S,,120,grams,,SUB-029879-4-001,HAND MIX / BLAST CHILLER,"PRODUCTION PLATING
(from the bottom to the top)

3 Compartment 

MAIN:
120g quinoa
1 ea salmon (115 g)
45g pepper mix

",,,0.85411,1,SCOOP,grey,LEVEL,,,0.26455,4.95591,0.30974,PCK-00-151924-5,Main,
FV1320A - Aji Verde Salmon [DKSE],REC-029892-4-002,R,1,portions,Scallion Marinated Salmon,S,,1,each,,SUB-029881-4-001,THAW / HAND MARINADE / OVEN / BLAST CHILLER,,FISCH,,0.76708,1,HAND_PORTIONED,Hand Portioned,BY_TRAY,,4.05651,0.25353,5.28828,0.33052,PCK-00-151924-5,Main,
FV1320A - Aji Verde Salmon [DKSE],REC-029892-4-002,R,1,portions,Cumin Roasted Diced Red & Green Bell Peppers - 10mm,S,,45,grams,,SUB-029888-4-001,OVEN / BLAST CHILLER,,,,0.73737,1,SCOOP,red,LEVEL,,,0.09921,2.1527,0.13454,PCK-00-151924-5,Main,
FV1320A - Aji Verde Salmon [DKSE],REC-029892-4-002,R,1,portions,Roasted Zucchini & Corn - Less Corn,S,,85,grams,,SUB-029887-4-001,OVEN / BLAST CHILLER,"SIDE. 1:
85g zucchini/corn
30g aji verde sauce (cup)

Net Weight: 395g",SCHWEFELDIOXIDE UND SULFITE,,0.75058,1,SCOOP,green,LEVEL,,,0.18739,3.99463,0.24966,PCK-00-151924-5,2nd,
FV1320A - Aji Verde Salmon [DKSE],REC-029892-4-002,R,1,portions,Aji Verde Sauce (CUPPED) - Less Spicy,S,,30,grams,,SUB-029904-4-002,IMMERSION BLENDER / CUPPING,,"EIER, MILCH (EINSCHLIESSLICH LAKTOSE), SCHWEFELDIOXIDE UND SULFITE, SENF",,0.95001,,,,,,,0.06614,1.1139,0.06962,PCK-00-151924-5,2nd,

FV1346A - Parmesan & Garlic Cream Shredded Beef [BNL],REC-015144-4-001,R,1,portions,Rosemary and Thyme Roasted Potato Wedges,S,,90,grams,,SUB-015143-4-001,OVEN / BLAST CHILLER,"Main compartment:
1st layer:
Roasted potatoes 90g
2nd layer:
Roasted peppers and onions 40g
3nd layer:
Shredded beef 110g
4rd layer:
Toasted garlic cream 70g
",,,0.48142,1,SCOOP,white,NATURAL,,,0.19842,6.59439,0.41215,PCK-00-151923-5,Main,
FV1346A - Parmesan & Garlic Cream Shredded Beef [BNL],REC-015144-4-001,R,1,portions,Mixed veg - Roasted Peppers & Onions,S,,40,grams,,SUB-026055-4-001,OVEN / BLAST CHILLER,,,,0.53,1,SCOOP,red,LEVEL,,,0.08818,2.66217,0.16639,PCK-00-151923-5,Main,
FV1346A - Parmesan & Garlic Cream Shredded Beef [BNL],REC-015144-4-001,R,1,portions,Shredded Sous Vide Beef,S,,110,grams,,SUB-013599-4-001,HAND MIX / COLD SHREDDER,,,,0.93864,1,SCOOP,beige,NATURAL,,,0.24251,4.1338,0.25836,PCK-00-151923-5,Main,
FV1346A - Parmesan & Garlic Cream Shredded Beef [BNL],REC-015144-4-001,R,1,portions,Toasted garlic cream,S,,70,grams,,SUB-015142-4-001,SPICE PORTIONING / BRAISER / BLAST CHILLER,,MILCH (EINSCHLIESSLICH LAKTOSE),,0.96087,1,SCOOP,blue,LEVEL,,,0.15432,2.56973,0.16061,PCK-00-151923-5,Main,
FV1346A - Parmesan & Garlic Cream Shredded Beef [BNL],REC-015144-4-001,R,1,portions,Roasted Broccoli - Alliums,S,,90,grams,,SUB-014233-4-001,SPICE PORTIONING / HAND MIX,"Side compartment:
1st layer:
Broccoli 90
2nd layer:
Butter 10 g

Net weight: 410g",,,0.67685,1,SCOOP,grey,NATURAL,,,0.19842,4.69031,0.29314,PCK-00-151923-5,2nd,
FV1346A - Parmesan & Garlic Cream Shredded Beef [BNL],REC-015144-4-001,R,1,portions,Herb-Parmesan Butter (best),S,,10,grams,,SUB-014168-4-001,PLANETARY MIXER / SCOOPER (BUTTER) / BLAST CHILLER,,MILCH (EINSCHLIESSLICH LAKTOSE),,0.86299,,,,,,,0.02205,0.40874,0.02555,PCK-00-151923-5,2nd,

FV1346A - Parmesan & Garlic Cream Shredded Beef [DE],REC-015144-4-003,R,1,portions,Rosemary and Thyme Roasted Potato Wedges,S,,90,grams,,SUB-015143-4-001,OVEN / BLAST CHILLER,"Main compartment:
1st layer:
Roasted potatoes 90g
2nd layer:
Roasted peppers and onions 40g
3nd layer:
Shredded beef 110g
4rd layer:
Toasted garlic cream 70g
",,,0.48142,1,SCOOP,teal,NATURAL,,,0.19842,6.59439,0.41215,PCK-00-151923-5,Main,
FV1346A - Parmesan & Garlic Cream Shredded Beef [DE],REC-015144-4-003,R,1,portions,Mixed veg - Roasted Peppers & Onions,S,,40,grams,,SUB-026055-4-001,OVEN / BLAST CHILLER,,,,0.53,1,SCOOP,yellow,LEVEL,,,0.08818,2.66217,0.16639,PCK-00-151923-5,Main,
FV1346A - Parmesan & Garlic Cream Shredded Beef [DE],REC-015144-4-003,R,1,portions,Shredded Sous Vide Beef,S,,110,grams,,SUB-013599-4-001,HAND MIX / COLD SHREDDER,,,,0.93864,1,SCOOP,beige,NATURAL,,,0.24251,4.1338,0.25836,PCK-00-151923-5,Main,
FV1346A - Parmesan & Garlic Cream Shredded Beef [DE],REC-015144-4-003,R,1,portions,Toasted garlic cream,S,,70,grams,,SUB-015142-4-001,SPICE PORTIONING / BRAISER / BLAST CHILLER,,MILCH (EINSCHLIESSLICH LAKTOSE),,0.96087,1,SCOOP,blue,LEVEL,,,0.15432,2.56973,0.16061,PCK-00-151923-5,Main,
FV1346A - Parmesan & Garlic Cream Shredded Beef [DE],REC-015144-4-003,R,1,portions,Roasted Broccoli - Alliums,S,,90,grams,,SUB-014233-4-001,SPICE PORTIONING / HAND MIX,"Side compartment:
1st layer:
Broccoli 90
2nd layer:
Butter 10 g

Net weight: 410g",,,0.67685,1,SCOOP,grey,NATURAL,,,0.19842,4.69031,0.29314,PCK-00-151923-5,2nd,
FV1346A - Parmesan & Garlic Cream Shredded Beef [DE],REC-015144-4-003,R,1,portions,Herb-Parmesan Butter (best),S,,10,grams,,SUB-014168-4-001,PLANETARY MIXER / SCOOPER (BUTTER) / BLAST CHILLER,,MILCH (EINSCHLIESSLICH LAKTOSE),,0.86299,1,HAND_PORTIONED,Hand Portioned,,,,0.02205,0.40874,0.02555,PCK-00-151923-5,2nd,

FV1346A - Parmesan & Garlic Cream Shredded Beef [DKSE],REC-015144-4-002,R,1,portions,Rosemary and Thyme Roasted Potato Wedges,S,,90,grams,,SUB-015143-4-001,OVEN / BLAST CHILLER,"Main compartment:
1st layer:
Roasted potatoes 90g
2nd layer:
Roasted peppers and onions 40g
3nd layer:
Shredded beef 110g
4rd layer:
Toasted garlic cream 70g
",,,0.48142,1,SCOOP,white,NATURAL,,,0.19842,6.59439,0.41215,PCK-00-151923-5,Main,
FV1346A - Parmesan & Garlic Cream Shredded Beef [DKSE],REC-015144-4-002,R,1,portions,Mixed veg - Roasted Peppers & Onions,S,,40,grams,,SUB-026055-4-001,OVEN / BLAST CHILLER,,,,0.53,1,SCOOP,red,LEVEL,,,0.08818,2.66217,0.16639,PCK-00-151923-5,Main,
FV1346A - Parmesan & Garlic Cream Shredded Beef [DKSE],REC-015144-4-002,R,1,portions,Shredded Sous Vide Beef,S,,110,grams,,SUB-013599-4-001,HAND MIX / COLD SHREDDER,,,,0.93864,1,SCOOP,beige,NATURAL,,,0.24251,4.1338,0.25836,PCK-00-151923-5,Main,
FV1346A - Parmesan & Garlic Cream Shredded Beef [DKSE],REC-015144-4-002,R,1,portions,Toasted garlic cream,S,,70,grams,,SUB-015142-4-001,SPICE PORTIONING / BRAISER / BLAST CHILLER,,MILCH (EINSCHLIESSLICH LAKTOSE),,0.96087,1,SCOOP,blue,LEVEL,,,0.15432,2.56973,0.16061,PCK-00-151923-5,Main,
FV1346A - Parmesan & Garlic Cream Shredded Beef [DKSE],REC-015144-4-002,R,1,portions,Roasted Broccoli - Alliums,S,,90,grams,,SUB-014233-4-001,SPICE PORTIONING / HAND MIX,"Side compartment:
1st layer:
Broccoli 90
2nd layer:
Butter 10 g

Net weight: 410g",,,0.67685,1,SCOOP,grey,NATURAL,,,0.19842,4.69031,0.29314,PCK-00-151923-5,2nd,
FV1346A - Parmesan & Garlic Cream Shredded Beef [DKSE],REC-015144-4-002,R,1,portions,Herb-Parmesan Butter (best),S,,10,grams,,SUB-014168-4-001,PLANETARY MIXER / SCOOPER (BUTTER) / BLAST CHILLER,,MILCH (EINSCHLIESSLICH LAKTOSE),,0.86299,,,,,,,0.02205,0.40874,0.02555,PCK-00-151923-5,2nd,

FV1347A - Pot Roast Shredded Beef & Mash [BNL],REC-013601-4-003,R,1,portions,French Onion Mashed Potatoes,S,,110,grams,,SUB-013594-4-001,PLANETARY MIXER / BLAST CHILLER,"PLATING INSTRUCTIONS

2 Compartment

Main - 
110g  potato
110g  beef
35g jus
35g pearl onions

Plate beef and potatoes next to each other. Top beef with jus and onions

",MILCH (EINSCHLIESSLICH LAKTOSE),,0.95005,1,SCOOP,grey,LEVEL,,,0.24251,4.08413,0.25526,PCK-00-151923-5,Main,
FV1347A - Pot Roast Shredded Beef & Mash [BNL],REC-013601-4-003,R,1,portions,Shredded Sous Vide Beef,S,,110,grams,,SUB-013599-4-001,HAND MIX / COLD SHREDDER,,,,0.93864,1,SCOOP,beige,NATURAL,,,0.24251,4.1338,0.25836,PCK-00-151923-5,Main,
FV1347A - Pot Roast Shredded Beef & Mash [BNL],REC-013601-4-003,R,1,portions,Chicken Jus Lie + cream cheese,S,,35,grams,,SUB-013595-4-001,SPICE PORTIONING / IMMERSION BLENDER / BRAISER / BLAST CHILLER,,,,0.92502,1,SCOOP,red,LEVEL,,,0.07716,1.33466,0.08342,PCK-00-151923-5,Main,
FV1347A - Pot Roast Shredded Beef & Mash [BNL],REC-013601-4-003,R,1,portions,Pearl onions - Roasted Pearl Onions,S,,35,grams,,SUB-013600-4-001,OVEN / BLAST CHILLER,,,,0.73739,1,SCOOP,red,LEVEL,,,0.07716,1.67427,0.10464,PCK-00-151923-5,Main,
FV1347A - Pot Roast Shredded Beef & Mash [BNL],REC-013601-4-003,R,1,portions,Broccoli - Onion Powder Broccoli FLORETS - More Salt,S,,60,grams,,SUB-013597-4-001,OVEN / BLAST CHILLER,"2nd comp - 
60g broccoli
60g carrots
10g butter

Net weight: 420 g",,,0.75895,1,SCOOP,blue,NATURAL,,,0.13228,2.78863,0.17429,PCK-00-151923-5,2nd,
FV1347A - Pot Roast Shredded Beef & Mash [BNL],REC-013601-4-003,R,1,portions,Rosemary Carrot Coins,S,,60,grams,,SUB-013596-4-001,OVEN / BLAST CHILLER,,,,0.59689,1,SCOOP,blue,LEVEL,,,0.13228,3.54578,0.22161,PCK-00-151923-5,2nd,
FV1347A - Pot Roast Shredded Beef & Mash [BNL],REC-013601-4-003,R,1,portions,Compound butter - Parmesan-Chive,S,,10,grams,,SUB-013536-4-001,PLANETARY MIXER / SCOOPER (BUTTER) / BLAST CHILLER,,MILCH (EINSCHLIESSLICH LAKTOSE),,0.9055,1,SCOOP,silver #60,LEVEL,,,0.02205,0.38955,0.02435,PCK-00-151923-5,2nd,

FV1347A - Pot Roast Shredded Beef & Mash [DE],REC-013601-4-001,R,1,portions,French Onion Mashed Potatoes,S,,110,grams,,SUB-013594-4-001,PLANETARY MIXER / BLAST CHILLER,"PLATING INSTRUCTIONS

2 Compartment

Main - 
110g  potato
110g  beef
35g jus
35g pearl onions

Plate beef and potatoes next to each other. Top beef with jus and onions

",MILCH (EINSCHLIESSLICH LAKTOSE),,0.95005,1,SCOOP,grey,LEVEL,,,0.24251,4.08413,0.25526,PCK-00-151923-5,Main,
FV1347A - Pot Roast Shredded Beef & Mash [DE],REC-013601-4-001,R,1,portions,Shredded Sous Vide Beef,S,,110,grams,,SUB-013599-4-001,HAND MIX / COLD SHREDDER,,,,0.93864,1,SCOOP,beige,NATURAL,,,0.24251,4.1338,0.25836,PCK-00-151923-5,Main,
FV1347A - Pot Roast Shredded Beef & Mash [DE],REC-013601-4-001,R,1,portions,Chicken Jus Lie + cream cheese,S,,35,grams,,SUB-013595-4-001,SPICE PORTIONING / IMMERSION BLENDER / BRAISER / BLAST CHILLER,,,,0.92502,1,SCOOP,red,LEVEL,,,0.07716,1.33466,0.08342,PCK-00-151923-5,Main,
FV1347A - Pot Roast Shredded Beef & Mash [DE],REC-013601-4-001,R,1,portions,Pearl onions - Roasted Pearl Onions,S,,35,grams,,SUB-013600-4-001,OVEN / BLAST CHILLER,,,,0.73739,1,SCOOP,red,LEVEL,,,0.07716,1.67427,0.10464,PCK-00-151923-5,Main,
FV1347A - Pot Roast Shredded Beef & Mash [DE],REC-013601-4-001,R,1,portions,Broccoli - Onion Powder Broccoli FLORETS - More Salt,S,,60,grams,,SUB-013597-4-001,OVEN / BLAST CHILLER,"2nd comp - 
60g broccoli
60g carrots
10g butter

Net weight: 420 g",,,0.75895,1,SCOOP,blue,NATURAL,,,0.13228,2.78863,0.17429,PCK-00-151923-5,2nd,
FV1347A - Pot Roast Shredded Beef & Mash [DE],REC-013601-4-001,R,1,portions,Rosemary Carrot Coins,S,,60,grams,,SUB-013596-4-001,OVEN / BLAST CHILLER,,,,0.59689,1,SCOOP,blue,LEVEL,,,0.13228,3.54578,0.22161,PCK-00-151923-5,2nd,
FV1347A - Pot Roast Shredded Beef & Mash [DE],REC-013601-4-001,R,1,portions,Compound butter - Parmesan-Chive,S,,10,grams,,SUB-013536-4-001,PLANETARY MIXER / SCOOPER (BUTTER) / BLAST CHILLER,,MILCH (EINSCHLIESSLICH LAKTOSE),,0.9055,1,SCOOP,silver #60,LEVEL,,,0.02205,0.38955,0.02435,PCK-00-151923-5,2nd,

FV1347A - Pot Roast Shredded Beef & Mash [DKSE],REC-013601-4-002,R,1,portions,French Onion Mashed Potatoes,S,,110,grams,,SUB-013594-4-001,PLANETARY MIXER / BLAST CHILLER,"PLATING INSTRUCTIONS

2 Compartment

Main - 
110g  potato
110g  beef
35g jus
35g pearl onions

Plate beef and potatoes next to each other. Top beef with jus and onions

",MILCH (EINSCHLIESSLICH LAKTOSE),,0.95005,1,SCOOP,grey,LEVEL,,,0.24251,4.08413,0.25526,PCK-00-151923-5,Main,
FV1347A - Pot Roast Shredded Beef & Mash [DKSE],REC-013601-4-002,R,1,portions,Shredded Sous Vide Beef,S,,110,grams,,SUB-013599-4-001,HAND MIX / COLD SHREDDER,,,,0.93864,1,SCOOP,beige,NATURAL,,,0.24251,4.1338,0.25836,PCK-00-151923-5,Main,
FV1347A - Pot Roast Shredded Beef & Mash [DKSE],REC-013601-4-002,R,1,portions,Chicken Jus Lie + cream cheese,S,,35,grams,,SUB-013595-4-001,SPICE PORTIONING / IMMERSION BLENDER / BRAISER / BLAST CHILLER,,,,0.92502,1,SCOOP,red,LEVEL,,,0.07716,1.33466,0.08342,PCK-00-151923-5,Main,
FV1347A - Pot Roast Shredded Beef & Mash [DKSE],REC-013601-4-002,R,1,portions,Pearl onions - Roasted Pearl Onions,S,,35,grams,,SUB-013600-4-001,OVEN / BLAST CHILLER,,,,0.73739,1,SCOOP,red,LEVEL,,,0.07716,1.67427,0.10464,PCK-00-151923-5,Main,
FV1347A - Pot Roast Shredded Beef & Mash [DKSE],REC-013601-4-002,R,1,portions,Broccoli - Onion Powder Broccoli FLORETS - More Salt,S,,60,grams,,SUB-013597-4-001,OVEN / BLAST CHILLER,"2nd comp - 
60g broccoli
60g carrots
10g butter

Net weight: 420 g",,,0.75895,1,SCOOP,blue,NATURAL,,,0.13228,2.78863,0.17429,PCK-00-151923-5,2nd,
FV1347A - Pot Roast Shredded Beef & Mash [DKSE],REC-013601-4-002,R,1,portions,Rosemary Carrot Coins,S,,60,grams,,SUB-013596-4-001,OVEN / BLAST CHILLER,,,,0.59689,1,SCOOP,blue,LEVEL,,,0.13228,3.54578,0.22161,PCK-00-151923-5,2nd,
FV1347A - Pot Roast Shredded Beef & Mash [DKSE],REC-013601-4-002,R,1,portions,Compound butter - Parmesan-Chive,S,,10,grams,,SUB-013536-4-001,PLANETARY MIXER / SCOOPER (BUTTER) / BLAST CHILLER,,MILCH (EINSCHLIESSLICH LAKTOSE),,0.9055,1,SCOOP,silver #60,LEVEL,,,0.02205,0.38955,0.02435,PCK-00-151923-5,2nd,

FV1368A - [BNL] Cremini Mushrooms & Meatballs,REC-014235-4-001,R,1,portions,Mash -Leek & Cream Cheese Mashed Potatoes -Less Salt,S,,100,grams,,SUB-033780-4-001,PLANETARY MIXER / BLAST CHILLER,". PLATING INSTRUCTIONS
(from bottom to top)
2 Compartment

MAIN
100 g mash
5 meatballs  120g
35 g mushrooms
30 g jus lie
","MILCH (EINSCHLIESSLICH LAKTOSE), SCHWEFELDIOXIDE UND SULFITE",,0.78043,,,,,,,0.22046,4.51979,0.28249,PCK-00-151923-5,Main,
FV1368A - [BNL] Cremini Mushrooms & Meatballs,REC-014235-4-001,R,1,portions,Beef and Pork Meatball Master- Less Salt,S,,5,each,,SUB-033785-4-001,HORIZONTAL MIXER / PATTY MAKER / OVEN / BLAST CHILLER,,"MILCH (EINSCHLIESSLICH LAKTOSE), SELLERIE",,0.70267,,,,,,3.68613,0.23038,5.24593,0.32787,PCK-00-151923-5,Main,
FV1368A - [BNL] Cremini Mushrooms & Meatballs,REC-014235-4-001,R,1,portions,Roasted Button mushrooms for PU filet - half salt,S,,35,grams,,SUB-014231-4-001,OVEN / BLAST CHILLER,,,,0.59572,,,,,,,0.07716,2.07243,0.12953,PCK-00-151923-5,Main,
FV1368A - [BNL] Cremini Mushrooms & Meatballs,REC-014235-4-001,R,1,portions,Chicken Jus Lie + cream cheese - less salt,S,,30,grams,,SUB-014232-4-001,SPICE PORTIONING / IMMERSION BLENDER / BRAISER / BLAST CHILLER,,MILCH (EINSCHLIESSLICH LAKTOSE),,0.9088,,,,,,,0.06614,1.16442,0.07278,PCK-00-151923-5,Main,
FV1368A - [BNL] Cremini Mushrooms & Meatballs,REC-014235-4-001,R,1,portions,Roasted Broccoli -Alliums -Less fat,S,,55,grams,,SUB-033788-4-001,OVEN / BLAST CHILLER,"SIDE
55 g broccoli
40 g carrot coins
Net Weight : 364.5g",,,0.70474,,,,,,,0.12125,2.7529,0.17206,PCK-00-151923-5,2nd,
FV1368A - [BNL] Cremini Mushrooms & Meatballs,REC-014235-4-001,R,1,portions,Rosemary Carrot Coins 1/4 inch w/ Honey,S,,40,grams,,SUB-014234-4-001,OVEN / BLAST CHILLER,,,,0.7251,,,,,,,0.08818,1.94588,0.12162,PCK-00-151923-5,2nd,

FV1368A - [DE] Cremini Mushrooms & Meatballs,REC-014235-4-002,R,1,portions,Mash -Leek & Cream Cheese Mashed Potatoes -Less Salt,S,,100,grams,,SUB-033780-4-001,PLANETARY MIXER / BLAST CHILLER,". PLATING INSTRUCTIONS
(from bottom to top)
2 Compartment

MAIN
100 g mash
5 meatballs  120g
35 g mushrooms
30 g jus lie
","MILCH (EINSCHLIESSLICH LAKTOSE), SCHWEFELDIOXIDE UND SULFITE",,0.78043,,,,,,,0.22046,4.51979,0.28249,PCK-00-151923-5,Main,
FV1368A - [DE] Cremini Mushrooms & Meatballs,REC-014235-4-002,R,1,portions,Beef and Pork Meatball Master- Less Salt,S,,5,each,,SUB-033785-4-001,HORIZONTAL MIXER / PATTY MAKER / OVEN / BLAST CHILLER,,"MILCH (EINSCHLIESSLICH LAKTOSE), SELLERIE",,0.70267,,,,,,3.68613,0.23038,5.24593,0.32787,PCK-00-151923-5,Main,
FV1368A - [DE] Cremini Mushrooms & Meatballs,REC-014235-4-002,R,1,portions,Roasted Button mushrooms for PU filet - half salt,S,,35,grams,,SUB-014231-4-001,OVEN / BLAST CHILLER,,,,0.59572,,,,,,,0.07716,2.07243,0.12953,PCK-00-151923-5,Main,
FV1368A - [DE] Cremini Mushrooms & Meatballs,REC-014235-4-002,R,1,portions,Chicken Jus Lie + cream cheese - less salt,S,,30,grams,,SUB-014232-4-001,SPICE PORTIONING / IMMERSION BLENDER / BRAISER / BLAST CHILLER,,MILCH (EINSCHLIESSLICH LAKTOSE),,0.9088,,,,,,,0.06614,1.16442,0.07278,PCK-00-151923-5,Main,
FV1368A - [DE] Cremini Mushrooms & Meatballs,REC-014235-4-002,R,1,portions,Roasted Broccoli -Alliums -Less fat,S,,55,grams,,SUB-033788-4-001,OVEN / BLAST CHILLER,"SIDE
55 g broccoli
40 g carrot coins
Net Weight : 364.5g",,,0.70474,,,,,,,0.12125,2.7529,0.17206,PCK-00-151923-5,2nd,
FV1368A - [DE] Cremini Mushrooms & Meatballs,REC-014235-4-002,R,1,portions,Rosemary Carrot Coins 1/4 inch w/ Honey,S,,40,grams,,SUB-014234-4-001,OVEN / BLAST CHILLER,,,,0.7251,,,,,,,0.08818,1.94588,0.12162,PCK-00-151923-5,2nd,

FV1368A - [DSKE] Cremini Mushrooms & Meatballs,REC-014235-4-003,R,1,portions,Mash -Leek & Cream Cheese Mashed Potatoes -Less Salt,S,,100,grams,,SUB-033780-4-001,PLANETARY MIXER / BLAST CHILLER,". PLATING INSTRUCTIONS
(from bottom to top)
2 Compartment

MAIN
100 g mash
5 meatballs  120g
35 g mushrooms
30 g jus lie
","MILCH (EINSCHLIESSLICH LAKTOSE), SCHWEFELDIOXIDE UND SULFITE",,0.78043,,,,,,,0.22046,4.51979,0.28249,PCK-00-151923-5,Main,
FV1368A - [DSKE] Cremini Mushrooms & Meatballs,REC-014235-4-003,R,1,portions,Beef and Pork Meatball Master- Less Salt,S,,5,each,,SUB-033785-4-001,HORIZONTAL MIXER / PATTY MAKER / OVEN / BLAST CHILLER,,"MILCH (EINSCHLIESSLICH LAKTOSE), SELLERIE",,0.70267,,,,,,3.68613,0.23038,5.24593,0.32787,PCK-00-151923-5,Main,
FV1368A - [DSKE] Cremini Mushrooms & Meatballs,REC-014235-4-003,R,1,portions,Roasted Button mushrooms for PU filet - half salt,S,,35,grams,,SUB-014231-4-001,OVEN / BLAST CHILLER,,,,0.59572,,,,,,,0.07716,2.07243,0.12953,PCK-00-151923-5,Main,
FV1368A - [DSKE] Cremini Mushrooms & Meatballs,REC-014235-4-003,R,1,portions,Chicken Jus Lie + cream cheese - less salt,S,,30,grams,,SUB-014232-4-001,SPICE PORTIONING / IMMERSION BLENDER / BRAISER / BLAST CHILLER,,MILCH (EINSCHLIESSLICH LAKTOSE),,0.9088,,,,,,,0.06614,1.16442,0.07278,PCK-00-151923-5,Main,
FV1368A - [DSKE] Cremini Mushrooms & Meatballs,REC-014235-4-003,R,1,portions,Roasted Broccoli -Alliums -Less fat,S,,55,grams,,SUB-033788-4-001,OVEN / BLAST CHILLER,"SIDE
55 g broccoli
40 g carrot coins
Net Weight : 364.5g",,,0.70474,,,,,,,0.12125,2.7529,0.17206,PCK-00-151923-5,2nd,
FV1368A - [DSKE] Cremini Mushrooms & Meatballs,REC-014235-4-003,R,1,portions,Rosemary Carrot Coins 1/4 inch w/ Honey,S,,40,grams,,SUB-014234-4-001,OVEN / BLAST CHILLER,,,,0.7251,,,,,,,0.08818,1.94588,0.12162,PCK-00-151923-5,2nd,

FV1398A - Indian-Style Chicken Curry [BNL],REC-014279-4-003,R,1,portions,Toasted Garlic Zucchini - Half Moons 3 - less salt,S,,70,grams,,SUB-014278-4-001,OVEN / BLAST CHILLER,"PLATING INSTRUCTIONS

2 Compartment

MAIN:

70 g  zucchini moons
45 g  cauliflowewr florets
 90 g chicken chunk
135 g tomato curry base.
15 g steamed peas.",,,0.74054,1,SCOOP,green,LEVEL,,,0.15432,3.3343,0.20839,PCK-00-151923-5,Main,
FV1398A - Indian-Style Chicken Curry [BNL],REC-014279-4-003,R,1,portions,Cumin Cauliflower Florets,S,,45,grams,,SUB-014277-4-001,OVEN / BLAST CHILLER,,,,0.72887,1,SCOOP,red,LEVEL,,,0.09921,2.1778,0.13611,PCK-00-151923-5,Main,
FV1398A - Indian-Style Chicken Curry [BNL],REC-014279-4-003,R,1,portions,Diced Chicken - Garlic & Herb Marinade,S,,90,grams,,SUB-013453-4-001,MARINADE / OVEN / BLAST CHILLER,,SCHWEFELDIOXIDE UND SULFITE,,0.75582,1,SCOOP,beige,LEVEL,,,0.19842,4.20031,0.26252,PCK-00-151923-5,Main,
FV1398A - Indian-Style Chicken Curry [BNL],REC-014279-4-003,R,1,portions,Tomato Curry Base,S,,135,grams,,SUB-014276-4-001,SPICE PORTIONING / IMMERSION BLENDER / BRAISER / BLAST CHILLER,,"MILCH (EINSCHLIESSLICH LAKTOSE), SCHWEFELDIOXIDE UND SULFITE, SENF",,0.84163,1,SCOOP,white,LEVEL,,,0.29762,5.65807,0.35363,PCK-00-151923-5,Main,
FV1398A - Indian-Style Chicken Curry [BNL],REC-014279-4-003,R,1,portions,Steamed Peas - Plain,S,,15,grams,,SUB-014275-4-001,OVEN / BLAST CHILLER,,,,0.94961,1,SCOOP,silver #60,LEVEL,,,0.03307,0.55719,0.03482,PCK-00-151923-5,Main,
FV1398A - Indian-Style Chicken Curry [BNL],REC-014279-4-003,R,1,portions,Basmati Rice & Cauliflower Blend,S,,80,grams,,SUB-014274-4-001,HAND MIX / BLAST CHILLER,"SIDE:
80 g  basmati rice & veg blend

NET WEIGHT: 435","SCHWEFELDIOXIDE UND SULFITE, SESAMSAMEN",,0.99974,1,SCOOP,blue,LEVEL,,,0.17637,2.82266,0.17642,PCK-00-151923-5,2nd,

FV1398A - Indian-Style Chicken Curry [DE],REC-014279-4-002,R,1,portions,Toasted Garlic Zucchini - Half Moons 3 - less salt,S,,70,grams,,SUB-014278-4-001,OVEN / BLAST CHILLER,"PLATING INSTRUCTIONS

2 Compartment

MAIN:

70 g  zucchini moons
45 g  cauliflowewr florets
 90 g chicken chunk
135 g tomato curry base.
15 g steamed peas.",,,0.74054,1,SCOOP,green,LEVEL,,,0.15432,3.3343,0.20839,PCK-00-151923-5,Main,
FV1398A - Indian-Style Chicken Curry [DE],REC-014279-4-002,R,1,portions,Cumin Cauliflower Florets,S,,45,grams,,SUB-014277-4-001,OVEN / BLAST CHILLER,,,,0.72887,1,SCOOP,red,LEVEL,,,0.09921,2.1778,0.13611,PCK-00-151923-5,Main,
FV1398A - Indian-Style Chicken Curry [DE],REC-014279-4-002,R,1,portions,Diced Chicken - Garlic & Herb Marinade,S,,90,grams,,SUB-013453-4-001,MARINADE / OVEN / BLAST CHILLER,,SCHWEFELDIOXIDE UND SULFITE,,0.75582,1,SCOOP,beige,LEVEL,,,0.19842,4.20031,0.26252,PCK-00-151923-5,Main,
FV1398A - Indian-Style Chicken Curry [DE],REC-014279-4-002,R,1,portions,Tomato Curry Base,S,,135,grams,,SUB-014276-4-001,SPICE PORTIONING / IMMERSION BLENDER / BRAISER / BLAST CHILLER,,"MILCH (EINSCHLIESSLICH LAKTOSE), SCHWEFELDIOXIDE UND SULFITE, SENF",,0.84163,1,SCOOP,white,LEVEL,,,0.29762,5.65807,0.35363,PCK-00-151923-5,Main,
FV1398A - Indian-Style Chicken Curry [DE],REC-014279-4-002,R,1,portions,Steamed Peas - Plain,S,,15,grams,,SUB-014275-4-001,OVEN / BLAST CHILLER,,,,0.94961,1,SCOOP,silver #60,LEVEL,,,0.03307,0.55719,0.03482,PCK-00-151923-5,Main,
FV1398A - Indian-Style Chicken Curry [DE],REC-014279-4-002,R,1,portions,Basmati Rice & Cauliflower Blend,S,,80,grams,,SUB-014274-4-001,HAND MIX / BLAST CHILLER,"SIDE:
80 g  basmati rice & veg blend

NET WEIGHT: 435","SCHWEFELDIOXIDE UND SULFITE, SESAMSAMEN",,0.99974,1,SCOOP,blue,LEVEL,,,0.17637,2.82266,0.17642,PCK-00-151923-5,2nd,

FV1398A - Indian-Style Chicken Curry [DK/SE],REC-014279-4-001,R,1,portions,Toasted Garlic Zucchini - Half Moons 3 - less salt,S,,70,grams,,SUB-014278-4-001,OVEN / BLAST CHILLER,"PLATING INSTRUCTIONS

2 Compartment

MAIN:

70 g  zucchini moons
45 g  cauliflowewr florets
 90 g chicken chunk
135 g tomato curry base.
15 g steamed peas.",,,0.74054,1,SCOOP,green,LEVEL,,,0.15432,3.3343,0.20839,PCK-00-151923-5,Main,
FV1398A - Indian-Style Chicken Curry [DK/SE],REC-014279-4-001,R,1,portions,Cumin Cauliflower Florets,S,,45,grams,,SUB-014277-4-001,OVEN / BLAST CHILLER,,,,0.72887,1,SCOOP,red,LEVEL,,,0.09921,2.1778,0.13611,PCK-00-151923-5,Main,
FV1398A - Indian-Style Chicken Curry [DK/SE],REC-014279-4-001,R,1,portions,Diced Chicken - Garlic & Herb Marinade,S,,90,grams,,SUB-013453-4-001,MARINADE / OVEN / BLAST CHILLER,,SCHWEFELDIOXIDE UND SULFITE,,0.75582,1,SCOOP,beige,LEVEL,,,0.19842,4.20031,0.26252,PCK-00-151923-5,Main,
FV1398A - Indian-Style Chicken Curry [DK/SE],REC-014279-4-001,R,1,portions,Tomato Curry Base,S,,135,grams,,SUB-014276-4-001,SPICE PORTIONING / IMMERSION BLENDER / BRAISER / BLAST CHILLER,,"MILCH (EINSCHLIESSLICH LAKTOSE), SCHWEFELDIOXIDE UND SULFITE, SENF",,0.84163,1,SCOOP,white,LEVEL,,,0.29762,5.65807,0.35363,PCK-00-151923-5,Main,
FV1398A - Indian-Style Chicken Curry [DK/SE],REC-014279-4-001,R,1,portions,Steamed Peas - Plain,S,,15,grams,,SUB-014275-4-001,OVEN / BLAST CHILLER,,,,0.94961,1,SCOOP,silver #60,LEVEL,,,0.03307,0.55719,0.03482,PCK-00-151923-5,Main,
FV1398A - Indian-Style Chicken Curry [DK/SE],REC-014279-4-001,R,1,portions,Basmati Rice & Cauliflower Blend,S,,80,grams,,SUB-014274-4-001,HAND MIX / BLAST CHILLER,"SIDE:
80 g  basmati rice & veg blend

NET WEIGHT: 435","SCHWEFELDIOXIDE UND SULFITE, SESAMSAMEN",,0.99974,1,SCOOP,blue,LEVEL,,,0.17637,2.82266,0.17642,PCK-00-151923-5,2nd,

FV1404A Bulgogi Shredded Beef Bowl  [BNL],REC-029549-4-003,R,1,portions,Brown Basmati Rice & Cauliflower Blend,S,,77,grams,,SUB-029544-4-001,HAND MIX / BLAST CHILLER,"***PLATING INSTRUCTIONS***
(From the bottom to the top)

2 Compartment

MAIN COMPARTMENT
Rice - 100g
cabbage & carrots - 30g
Shredded beef - 100g
Bulgogi Sauce - 45g
Sesame - 35g","SCHWEFELDIOXIDE UND SULFITE, SESAMSAMEN",,0.98,1,SCOOP,grey,LEVEL,,,0.16976,2.77153,0.17322,PCK-00-151923-5,Main,
FV1404A Bulgogi Shredded Beef Bowl  [BNL],REC-029549-4-003,R,1,portions,Roasted Garlic Green Cabbage & Carrots,S,,30,grams,,SUB-029546-4-001,OVEN / BLAST CHILLER,,,,0.8038,1,SCOOP,yellow,LEVEL,,,0.06614,1.31651,0.08228,PCK-00-151923-5,Main,
FV1404A Bulgogi Shredded Beef Bowl  [BNL],REC-029549-4-003,R,1,portions,Shredded Sous Vide Beef,S,,100,grams,,SUB-013599-4-001,HAND MIX / COLD SHREDDER,,,,0.93864,1,SCOOP,green,NATURAL,,,0.22046,3.758,0.23488,PCK-00-151923-5,Main,
FV1404A Bulgogi Shredded Beef Bowl  [BNL],REC-029549-4-003,R,1,portions,Bulgogi Sauce,S,,45,grams,,SUB-029548-4-001,SPICE PORTIONING / BRAISER / BLAST CHILLER,,"SCHWEFELDIOXIDE UND SULFITE, SESAMSAMEN, SOJA",,0.8578,1,SCOOP,red,NATURAL,,,0.09921,1.85046,0.11565,PCK-00-151923-5,Main,
FV1404A Bulgogi Shredded Beef Bowl  [BNL],REC-029549-4-003,R,1,portions,Sesame-ginger roasted diced red peppers,S,,35,grams,,SUB-029545-4-001,OVEN / BLAST CHILLER,,"SCHWEFELDIOXIDE UND SULFITE, SESAMSAMEN",,0.65769,1,SCOOP,black,LEVEL,,,0.07716,1.87716,0.11732,PCK-00-151923-5,Main,
FV1404A Bulgogi Shredded Beef Bowl  [BNL],REC-029549-4-003,R,1,portions,Chili-Garlic Roasted Zucchini Half Moons,S,,100,grams,,SUB-029547-4-001,OVEN / BLAST CHILLER,"MAIN COMPARTMENT
Zucchini - 90g",,,0.72661,1,SCOOP,white,NATURAL,,,0.22046,4.85459,0.30341,PCK-00-151923-5,2nd,

FV1404A Bulgogi Shredded Beef Bowl  [DE],REC-029549-4-001,R,1,portions,Brown Basmati Rice & Cauliflower Blend,S,,100,grams,,SUB-029544-4-001,HAND MIX / BLAST CHILLER,"***PLATING INSTRUCTIONS***
(From the bottom to the top)

2 Compartment

MAIN COMPARTMENT
Rice - 100g
cabbage & carrots - 30g
Shredded beef - 100g
Bulgogi Sauce - 45g
Sesame - 35g","SCHWEFELDIOXIDE UND SULFITE, SESAMSAMEN",,0.98,1,SCOOP,grey,LEVEL,,,0.22046,3.59939,0.22496,PCK-00-151923-5,Main,
FV1404A Bulgogi Shredded Beef Bowl  [DE],REC-029549-4-001,R,1,portions,Roasted Garlic Green Cabbage & Carrots,S,,30,grams,,SUB-029546-4-001,OVEN / BLAST CHILLER,,,,0.8038,1,SCOOP,yellow,LEVEL,,,0.06614,1.31651,0.08228,PCK-00-151923-5,Main,
FV1404A Bulgogi Shredded Beef Bowl  [DE],REC-029549-4-001,R,1,portions,Shredded Sous Vide Beef,S,,100,grams,,SUB-013599-4-001,HAND MIX / COLD SHREDDER,,,,0.93864,1,SCOOP,green,NATURAL,,,0.22046,3.758,0.23488,PCK-00-151923-5,Main,
FV1404A Bulgogi Shredded Beef Bowl  [DE],REC-029549-4-001,R,1,portions,Bulgogi Sauce,S,,45,grams,,SUB-029548-4-001,SPICE PORTIONING / BRAISER / BLAST CHILLER,,"SCHWEFELDIOXIDE UND SULFITE, SESAMSAMEN, SOJA",,0.8578,1,SCOOP,red,NATURAL,,,0.09921,1.85046,0.11565,PCK-00-151923-5,Main,
FV1404A Bulgogi Shredded Beef Bowl  [DE],REC-029549-4-001,R,1,portions,Sesame-ginger roasted diced red peppers,S,,35,grams,,SUB-029545-4-001,OVEN / BLAST CHILLER,,"SCHWEFELDIOXIDE UND SULFITE, SESAMSAMEN",,0.65769,1,SCOOP,black,LEVEL,,,0.07716,1.87716,0.11732,PCK-00-151923-5,Main,
FV1404A Bulgogi Shredded Beef Bowl  [DE],REC-029549-4-001,R,1,portions,Chili-Garlic Roasted Zucchini Half Moons,S,,90,grams,,SUB-029547-4-001,OVEN / BLAST CHILLER,"MAIN COMPARTMENT
Zucchini - 90g",,,0.72661,1,SCOOP,white,NATURAL,,,0.19842,4.36913,0.27307,PCK-00-151923-5,2nd,

FV1404A Bulgogi Shredded Beef Bowl  [DKSE],REC-029549-4-002,R,1,portions,Brown Basmati Rice & Cauliflower Blend,S,,100,grams,,SUB-029544-4-001,HAND MIX / BLAST CHILLER,"***PLATING INSTRUCTIONS***
(From the bottom to the top)

2 Compartment

MAIN COMPARTMENT
Rice - 100g
cabbage & carrots - 30g
Shredded beef - 100g
Bulgogi Sauce - 45g
Sesame peppers - 35g","SCHWEFELDIOXIDE UND SULFITE, SESAMSAMEN",,0.98,1,SCOOP,grey,LEVEL,,,0.22046,3.59939,0.22496,PCK-00-151923-5,Main,
FV1404A Bulgogi Shredded Beef Bowl  [DKSE],REC-029549-4-002,R,1,portions,Roasted Garlic Green Cabbage & Carrots,S,,30,grams,,SUB-029546-4-001,OVEN / BLAST CHILLER,,,,0.8038,1,SCOOP,yellow,LEVEL,,,0.06614,1.31651,0.08228,PCK-00-151923-5,Main,
FV1404A Bulgogi Shredded Beef Bowl  [DKSE],REC-029549-4-002,R,1,portions,Shredded Sous Vide Beef,S,,100,grams,,SUB-013599-4-001,HAND MIX / COLD SHREDDER,,,,0.93864,1,SCOOP,green,NATURAL,,,0.22046,3.758,0.23488,PCK-00-151923-5,Main,
FV1404A Bulgogi Shredded Beef Bowl  [DKSE],REC-029549-4-002,R,1,portions,Bulgogi Sauce,S,,45,grams,,SUB-029548-4-001,SPICE PORTIONING / BRAISER / BLAST CHILLER,,"SCHWEFELDIOXIDE UND SULFITE, SESAMSAMEN, SOJA",,0.8578,1,SCOOP,red,NATURAL,,,0.09921,1.85046,0.11565,PCK-00-151923-5,Main,
FV1404A Bulgogi Shredded Beef Bowl  [DKSE],REC-029549-4-002,R,1,portions,Sesame-ginger roasted diced red peppers,S,,35,grams,,SUB-029545-4-001,OVEN / BLAST CHILLER,,"SCHWEFELDIOXIDE UND SULFITE, SESAMSAMEN",,0.65769,1,SCOOP,black,LEVEL,,,0.07716,1.87716,0.11732,PCK-00-151923-5,Main,
FV1404A Bulgogi Shredded Beef Bowl  [DKSE],REC-029549-4-002,R,1,portions,Chili-Garlic Roasted Zucchini Half Moons,S,,90,grams,,SUB-029547-4-001,OVEN / BLAST CHILLER,"MAIN COMPARTMENT
Zucchini - 90g",,,0.72661,1,SCOOP,white,NATURAL,,,0.19842,4.36913,0.27307,PCK-00-151923-5,2nd,

FV1408A - [BNL] Chicken Vindaloo & Cumin Potatoes,REC-033544-4-001,R,1,portions,Jeera Aloo - Indian Cumin Potatoes,S,,90,grams,,SUB-033545-4-001,PLANETARY MIXER,"***Plating Instructions***

1st COMPARTMENT

90g- Potatoes
100g Chicken
40g Diced Peppers
80g -Sauce","SCHWEFELDIOXIDE UND SULFITE, SELLERIE, SENF",,1,,,,,,,0.19842,3.17466,0.19842,PCK-00-151924-5,Main,
FV1408A - [BNL] Chicken Vindaloo & Cumin Potatoes,REC-033544-4-001,R,1,portions,Chicken Chunk - Mod Marinade #4 Garlic and Herb,S,,100,grams,,SUB-016207-4-001,MARINADE / OVEN / BLAST CHILLER,,SCHWEFELDIOXIDE UND SULFITE,,0.68623,,,,,,,0.22046,5.14022,0.32126,PCK-00-151924-5,Main,
FV1408A - [BNL] Chicken Vindaloo & Cumin Potatoes,REC-033544-4-001,R,1,portions,"Diced Pepper, Onion & Carrots with Cardamom",S,,40,grams,,SUB-033549-4-001,HAND MARINADE / OVEN / BLAST CHILLER,,,,0.79007,,,,,,,0.08818,1.78586,0.11162,PCK-00-151924-5,Main,
FV1408A - [BNL] Chicken Vindaloo & Cumin Potatoes,REC-033544-4-001,R,1,portions,Creamy Vindaloo Sauce,S,,80,grams,,SUB-033548-4-001,SPICE PORTIONING / IMMERSION BLENDER / BRAISER / BLAST CHILLER,,"MILCH (EINSCHLIESSLICH LAKTOSE), SCHWEFELDIOXIDE UND SULFITE, SELLERIE, SENF",,0.90235,,,,,,,0.17637,3.12729,0.19546,PCK-00-151924-5,Main,
FV1408A - [BNL] Chicken Vindaloo & Cumin Potatoes,REC-033544-4-001,R,1,portions,"Green beans - Toasted Garlic Green Beans - 1-1/2"" Cut [PENDING CULINARY REVIEW]",S,,60,grams,,SUB-013581-4-001,OVEN / BLAST CHILLER,"2ND COMPARTMENT

60g -Green Beans
",,,0.74848,,,,,,,0.13228,2.82763,0.17673,PCK-00-151924-5,2nd,
FV1408A - [BNL] Chicken Vindaloo & Cumin Potatoes,REC-033544-4-001,R,1,portions,Mint Yoghurt dip,S,,30,grams,,SUB-029474-4-001,IMMERSION BLENDER / CUPPING,"3RD COMPARTMENT

30g -Mint yogurt dip

Net weight: 400g","MILCH (EINSCHLIESSLICH LAKTOSE), SCHWEFELDIOXIDE UND SULFITE",,1,1,CUP,Cup,,,,0.06614,1.05822,0.06614,PCK-00-151924-5,3rd,

FV1408A - [DE] Chicken Vindaloo & Cumin Potatoes,REC-033544-4-002,R,1,portions,Jeera Aloo - Indian Cumin Potatoes,S,,90,grams,,SUB-033545-4-001,PLANETARY MIXER,"***Plating Instructions***

1st COMPARTMENT

90g- Potatoes
100g Chicken
40g Diced Peppers
80g -Sauce","SCHWEFELDIOXIDE UND SULFITE, SELLERIE, SENF",,1,,,,,,,0.19842,3.17466,0.19842,PCK-00-151924-5,Main,
FV1408A - [DE] Chicken Vindaloo & Cumin Potatoes,REC-033544-4-002,R,1,portions,Chicken Chunk - Mod Marinade #4 Garlic and Herb,S,,100,grams,,SUB-016207-4-001,MARINADE / OVEN / BLAST CHILLER,,SCHWEFELDIOXIDE UND SULFITE,,0.68623,,,,,,,0.22046,5.14022,0.32126,PCK-00-151924-5,Main,
FV1408A - [DE] Chicken Vindaloo & Cumin Potatoes,REC-033544-4-002,R,1,portions,"Diced Pepper, Onion & Carrots with Cardamom",S,,40,grams,,SUB-033549-4-001,HAND MARINADE / OVEN / BLAST CHILLER,,,,0.79007,,,,,,,0.08818,1.78586,0.11162,PCK-00-151924-5,Main,
FV1408A - [DE] Chicken Vindaloo & Cumin Potatoes,REC-033544-4-002,R,1,portions,Creamy Vindaloo Sauce,S,,80,grams,,SUB-033548-4-001,SPICE PORTIONING / IMMERSION BLENDER / BRAISER / BLAST CHILLER,,"MILCH (EINSCHLIESSLICH LAKTOSE), SCHWEFELDIOXIDE UND SULFITE, SELLERIE, SENF",,0.90235,,,,,,,0.17637,3.12729,0.19546,PCK-00-151924-5,Main,
FV1408A - [DE] Chicken Vindaloo & Cumin Potatoes,REC-033544-4-002,R,1,portions,"Green beans - Toasted Garlic Green Beans - 1-1/2"" Cut [PENDING CULINARY REVIEW]",S,,60,grams,,SUB-013581-4-001,OVEN / BLAST CHILLER,"2ND COMPARTMENT

60g -Green Beans
",,,0.74848,,,,,,,0.13228,2.82763,0.17673,PCK-00-151924-5,2nd,
FV1408A - [DE] Chicken Vindaloo & Cumin Potatoes,REC-033544-4-002,R,1,portions,Mint Yoghurt dip,S,,30,grams,,SUB-029474-4-001,IMMERSION BLENDER / CUPPING,"3RD COMPARTMENT

30g -Mint yogurt dip

Net weight: 400g","MILCH (EINSCHLIESSLICH LAKTOSE), SCHWEFELDIOXIDE UND SULFITE",,1,1,CUP,Cup,,,,0.06614,1.05822,0.06614,PCK-00-151924-5,3rd,

FV1408A - [DSKE] Chicken Vindaloo & Cumin Potatoes,REC-033544-4-003,R,1,portions,Jeera Aloo - Indian Cumin Potatoes,S,,90,grams,,SUB-033545-4-001,PLANETARY MIXER,"***Plating Instructions***

1st COMPARTMENT

90g- Potatoes
100g Chicken
40g Diced Peppers
80g -Sauce","SCHWEFELDIOXIDE UND SULFITE, SELLERIE, SENF",,1,,,,,,,0.19842,3.17466,0.19842,PCK-00-151924-5,Main,
FV1408A - [DSKE] Chicken Vindaloo & Cumin Potatoes,REC-033544-4-003,R,1,portions,Chicken Chunk - Mod Marinade #4 Garlic and Herb,S,,100,grams,,SUB-016207-4-001,MARINADE / OVEN / BLAST CHILLER,,SCHWEFELDIOXIDE UND SULFITE,,0.68623,,,,,,,0.22046,5.14022,0.32126,PCK-00-151924-5,Main,
FV1408A - [DSKE] Chicken Vindaloo & Cumin Potatoes,REC-033544-4-003,R,1,portions,"Diced Pepper, Onion & Carrots with Cardamom",S,,40,grams,,SUB-033549-4-001,HAND MARINADE / OVEN / BLAST CHILLER,,,,0.79007,,,,,,,0.08818,1.78586,0.11162,PCK-00-151924-5,Main,
FV1408A - [DSKE] Chicken Vindaloo & Cumin Potatoes,REC-033544-4-003,R,1,portions,Creamy Vindaloo Sauce,S,,80,grams,,SUB-033548-4-001,SPICE PORTIONING / IMMERSION BLENDER / BRAISER / BLAST CHILLER,,"MILCH (EINSCHLIESSLICH LAKTOSE), SCHWEFELDIOXIDE UND SULFITE, SELLERIE, SENF",,0.90235,,,,,,,0.17637,3.12729,0.19546,PCK-00-151924-5,Main,
FV1408A - [DSKE] Chicken Vindaloo & Cumin Potatoes,REC-033544-4-003,R,1,portions,"Green beans - Toasted Garlic Green Beans - 1-1/2"" Cut [PENDING CULINARY REVIEW]",S,,60,grams,,SUB-013581-4-001,OVEN / BLAST CHILLER,"2ND COMPARTMENT

60g -Green Beans
",,,0.74848,,,,,,,0.13228,2.82763,0.17673,PCK-00-151924-5,2nd,
FV1408A - [DSKE] Chicken Vindaloo & Cumin Potatoes,REC-033544-4-003,R,1,portions,Mint Yoghurt dip,S,,30,grams,,SUB-029474-4-001,IMMERSION BLENDER / CUPPING,"3RD COMPARTMENT

30g -Mint yogurt dip

Net weight: 400g","MILCH (EINSCHLIESSLICH LAKTOSE), SCHWEFELDIOXIDE UND SULFITE",,1,1,CUP,Cup,,,,0.06614,1.05822,0.06614,PCK-00-151924-5,3rd,

FV1439A - Tzatziki Salmon & Lemon Rice [BNL],REC-029425-4-003,R,1,portions,Greek Lemon Rice w/ inclusions,S,,105,grams,,SUB-029398-4-001,HAND MIX / BLAST CHILLER,"***PLATING INSTRUCTIONS***
(From the bottom to the top)

2 Compartment

MAIN COMPARTMENT
105g = rice to the other side of the bento
1 ea = salmon to one side of the main bento","SCHWEFELDIOXIDE UND SULFITE, SELLERIE",,0.95092,1,SCOOP,grey,LEVEL,,,0.23149,3.89493,0.24343,PCK-00-151923-5,Main,
FV1439A - Tzatziki Salmon & Lemon Rice [BNL],REC-029425-4-003,R,1,portions,Salmon - garlic seasoning,S,,1,each,,SUB-013382-4-001,THAW / HAND MARINADE / OVEN / BLAST CHILLER,,FISCH,,0.81816,1,HAND_PORTIONED,Hand Portioned,,,4.05651,0.25353,4.95811,0.30988,PCK-00-151923-5,Main,
FV1439A - Tzatziki Salmon & Lemon Rice [BNL],REC-029425-4-003,R,1,portions,Garlic and Chive Roasted Cauliflower Florets,S,,70,grams,,SUB-029387-4-001,OVEN / BLAST CHILLER,"2ND COMPARTMENT
70g = cauliflower
35g = zucchini
25g = onions
35g = tzatziki (cupped)",SCHWEFELDIOXIDE UND SULFITE,,0.68894,1,SCOOP,blue,NATURAL,,,0.15432,3.58404,0.224,PCK-00-151923-5,2nd,
FV1439A - Tzatziki Salmon & Lemon Rice [BNL],REC-029425-4-003,R,1,portions,"Roasted Zucchini, Diced - Toasted Garlic",S,,35,grams,,SUB-029391-4-001,OVEN / BLAST CHILLER,,,,0.66762,1,SCOOP,black,LEVEL,,,0.07716,1.84925,0.11558,PCK-00-151923-5,2nd,
FV1439A - Tzatziki Salmon & Lemon Rice [BNL],REC-029425-4-003,R,1,portions,Roasted Balsamic Pearl Onions- Half Balsamic,S,,25,grams,,SUB-029392-4-001,OVEN / BLAST CHILLER,,SCHWEFELDIOXIDE UND SULFITE,,0.50063,1,SCOOP,purple,LEVEL,,,0.05512,1.76147,0.11009,PCK-00-151923-5,2nd,
FV1439A - Tzatziki Salmon & Lemon Rice [BNL],REC-029425-4-003,R,1,portions,GBB Tzatziki,S,,35,grams,,SUB-029389-4-001,IMMERSION BLENDER / BLAST CHILLER,,MILCH (EINSCHLIESSLICH LAKTOSE),,0.9547,,,,,,,0.07716,1.29317,0.08082,PCK-00-151923-5,2nd,

FV1439A - Tzatziki Salmon & Lemon Rice [DE],REC-029425-4-001,R,1,portions,Greek Lemon Rice w/ inclusions,S,,105,grams,,SUB-029398-4-001,HAND MIX / BLAST CHILLER,"***PLATING INSTRUCTIONS***
(From the bottom to the top)

2 Compartment

MAIN COMPARTMENT
105g = rice to the other side of the bento
1 ea = salmon to one side of the main bento","SCHWEFELDIOXIDE UND SULFITE, SELLERIE",,0.95092,1,SCOOP,grey,LEVEL,,,0.23149,3.89493,0.24343,PCK-00-151923-5,Main,
FV1439A - Tzatziki Salmon & Lemon Rice [DE],REC-029425-4-001,R,1,portions,Salmon - garlic seasoning,S,,1,each,,SUB-013382-4-001,THAW / HAND MARINADE / OVEN / BLAST CHILLER,,FISCH,,0.81816,1,HAND_PORTIONED,Hand Portioned,BY_TRAY,,4.05651,0.25353,4.95811,0.30988,PCK-00-151923-5,Main,
FV1439A - Tzatziki Salmon & Lemon Rice [DE],REC-029425-4-001,R,1,portions,Garlic and Chive Roasted Cauliflower Florets,S,,70,grams,,SUB-029387-4-001,OVEN / BLAST CHILLER,"2ND COMPARTMENT
70g = cauliflower
35g = zucchini
25g = onions
35g = tzatziki (cupped)",SCHWEFELDIOXIDE UND SULFITE,,0.68894,1,SCOOP,blue,NATURAL,,,0.15432,3.58404,0.224,PCK-00-151923-5,2nd,
FV1439A - Tzatziki Salmon & Lemon Rice [DE],REC-029425-4-001,R,1,portions,"Roasted Zucchini, Diced - Toasted Garlic",S,,35,grams,,SUB-029391-4-001,OVEN / BLAST CHILLER,,,,0.66762,1,SCOOP,black,LEVEL,,,0.07716,1.84925,0.11558,PCK-00-151923-5,2nd,
FV1439A - Tzatziki Salmon & Lemon Rice [DE],REC-029425-4-001,R,1,portions,Roasted Balsamic Pearl Onions- Half Balsamic,S,,25,grams,,SUB-029392-4-001,OVEN / BLAST CHILLER,,SCHWEFELDIOXIDE UND SULFITE,,0.50063,1,SCOOP,purple,LEVEL,,,0.05512,1.76147,0.11009,PCK-00-151923-5,2nd,
FV1439A - Tzatziki Salmon & Lemon Rice [DE],REC-029425-4-001,R,1,portions,GBB Tzatziki,S,,35,grams,,SUB-029389-4-001,IMMERSION BLENDER / BLAST CHILLER,,MILCH (EINSCHLIESSLICH LAKTOSE),,0.9547,,,,,,,0.07716,1.29317,0.08082,PCK-00-151923-5,2nd,

FV1439A - Tzatziki Salmon & Lemon Rice [DKSE],REC-029425-4-002,R,1,portions,Greek Lemon Rice w/ inclusions,S,,105,grams,,SUB-029398-4-001,HAND MIX / BLAST CHILLER,"***PLATING INSTRUCTIONS***
(From the bottom to the top)

2 Compartment

MAIN COMPARTMENT
105g = rice to the other side of the bento
1 ea = salmon to one side of the main bento","SCHWEFELDIOXIDE UND SULFITE, SELLERIE",,0.95092,1,SCOOP,grey,LEVEL,,,0.23149,3.89493,0.24343,PCK-00-151923-5,Main,
FV1439A - Tzatziki Salmon & Lemon Rice [DKSE],REC-029425-4-002,R,1,portions,Salmon - garlic seasoning,S,,1,each,,SUB-013382-4-001,THAW / HAND MARINADE / OVEN / BLAST CHILLER,,FISCH,,0.81816,1,HAND_PORTIONED,Hand Portioned,,,4.05651,0.25353,4.95811,0.30988,PCK-00-151923-5,Main,
FV1439A - Tzatziki Salmon & Lemon Rice [DKSE],REC-029425-4-002,R,1,portions,Garlic and Chive Roasted Cauliflower Florets,S,,70,grams,,SUB-029387-4-001,OVEN / BLAST CHILLER,"2ND COMPARTMENT
70g = cauliflower
35g = zucchini
25g = onions
35g = tzatziki (cupped)",SCHWEFELDIOXIDE UND SULFITE,,0.68894,1,SCOOP,blue,NATURAL,,,0.15432,3.58404,0.224,PCK-00-151923-5,2nd,
FV1439A - Tzatziki Salmon & Lemon Rice [DKSE],REC-029425-4-002,R,1,portions,"Roasted Zucchini, Diced - Toasted Garlic",S,,35,grams,,SUB-029391-4-001,OVEN / BLAST CHILLER,,,,0.66762,1,SCOOP,black,LEVEL,,,0.07716,1.84925,0.11558,PCK-00-151923-5,2nd,
FV1439A - Tzatziki Salmon & Lemon Rice [DKSE],REC-029425-4-002,R,1,portions,Roasted Balsamic Pearl Onions- Half Balsamic,S,,25,grams,,SUB-029392-4-001,OVEN / BLAST CHILLER,,SCHWEFELDIOXIDE UND SULFITE,,0.50063,1,SCOOP,purple,LEVEL,,,0.05512,1.76147,0.11009,PCK-00-151923-5,2nd,
FV1439A - Tzatziki Salmon & Lemon Rice [DKSE],REC-029425-4-002,R,1,portions,GBB Tzatziki,S,,35,grams,,SUB-029389-4-001,IMMERSION BLENDER / BLAST CHILLER,,MILCH (EINSCHLIESSLICH LAKTOSE),,0.9547,,,,,,,0.07716,1.29317,0.08082,PCK-00-151923-5,2nd,

FV1444A - Basil Barramundi & Tomato Risotto [BNL],REC-032213-4-001,R,1,portions,Tomato Risotto,S,,145,grams,,SUB-032158-4-001,SPICE PORTIONING / BRAISER / BLAST CHILLER,"***PLATING INSTRUCTIONS***
(From the bottom to the top)

2 Compartment

MAIN COMPARTMENT
145 g = risotto
1 ea  = barramundi
10 g = pine nuts 

","MILCH (EINSCHLIESSLICH LAKTOSE), SCHWEFELDIOXIDE UND SULFITE, SELLERIE",,0.92437,"1
1","SCOOP
SCOOP","yellow
green","LEVEL
LEVEL",,,0.31967,5.53322,0.34583,PCK-00-151923-5,Main,
FV1444A - Basil Barramundi & Tomato Risotto [BNL],REC-032213-4-001,R,1,portions,Basil Garlic Barramundi,S,,1,each,,SUB-032201-4-001,THAW / DEBOX / HAND MARINADE / OVEN / BLAST CHILLER,,"FISCH, SCHWEFELDIOXIDE UND SULFITE",,0.77922,1,HAND_PORTIONED,Hand Portioned,BY_TRAY,,4.23288,0.26455,5.43219,0.33951,PCK-00-151923-5,Main,
FV1444A - Basil Barramundi & Tomato Risotto [BNL],REC-032213-4-001,R,1,portions,Pinenuts - roasted,S,,10,grams,,SUB-013663-4-001,HAND MARINADE / OVEN / BLAST CHILLER,,,,0.78751,15,HAND_PORTIONED,Hand Portioned,BY_CAMBRO,,,0.02205,0.44792,0.02799,PCK-00-151923-5,Main,
FV1444A - Basil Barramundi & Tomato Risotto [BNL],REC-032213-4-001,R,1,portions,Roasted Spinach & Basil Zucchini,S,,80,grams,,SUB-032467-4-001,OVEN / BLAST CHILLER,"2ND COMPARTMENT

80 g zucchini","MILCH (EINSCHLIESSLICH LAKTOSE), SCHWEFELDIOXIDE UND SULFITE",,0.85771,1,SCOOP,green,LEVEL,,,0.17637,3.29006,0.20563,PCK-00-151923-5,2nd,

FV1444A - Basil Barramundi & Tomato Risotto [DE],REC-032213-4-002,R,1,portions,Tomato Risotto,S,,145,grams,,SUB-032158-4-001,SPICE PORTIONING / BRAISER / BLAST CHILLER,"***PLATING INSTRUCTIONS***
(From the bottom to the top)

2 Compartment

MAIN COMPARTMENT
145 g = risotto
1 ea  = barramundi
15 g = pine nuts 

","MILCH (EINSCHLIESSLICH LAKTOSE), SCHWEFELDIOXIDE UND SULFITE, SELLERIE",,0.92437,"1
1","SCOOP
SCOOP","yellow
green","LEVEL
LEVEL",,,0.31967,5.53322,0.34583,PCK-00-151923-5,Main,
FV1444A - Basil Barramundi & Tomato Risotto [DE],REC-032213-4-002,R,1,portions,Basil Garlic Barramundi,S,,1,each,,SUB-032201-4-001,THAW / DEBOX / HAND MARINADE / OVEN / BLAST CHILLER,,"FISCH, SCHWEFELDIOXIDE UND SULFITE",,0.77922,1,HAND_PORTIONED,Hand Portioned,BY_TRAY,,4.23288,0.26455,5.43219,0.33951,PCK-00-151923-5,Main,
FV1444A - Basil Barramundi & Tomato Risotto [DE],REC-032213-4-002,R,1,portions,Pinenuts - roasted,S,,10,grams,,SUB-013663-4-001,HAND MARINADE / OVEN / BLAST CHILLER,,,,0.78751,15,HAND_PORTIONED,Hand Portioned,BY_CAMBRO,,,0.02205,0.44792,0.02799,PCK-00-151923-5,Main,
FV1444A - Basil Barramundi & Tomato Risotto [DE],REC-032213-4-002,R,1,portions,Roasted Spinach & Basil Zucchini,S,,80,grams,,SUB-032467-4-001,OVEN / BLAST CHILLER,"2ND COMPARTMENT

80 g zucchini","MILCH (EINSCHLIESSLICH LAKTOSE), SCHWEFELDIOXIDE UND SULFITE",,0.85771,1,SCOOP,green,LEVEL,,,0.17637,3.29006,0.20563,PCK-00-151923-5,2nd,

FV1444A - Basil Barramundi & Tomato Risotto [DK/SE],REC-032213-4-003,R,1,portions,Tomato Risotto,S,,145,grams,,SUB-032158-4-001,SPICE PORTIONING / BRAISER / BLAST CHILLER,"***PLATING INSTRUCTIONS***
(From the bottom to the top)

2 Compartment

MAIN COMPARTMENT
145 g = risotto
1 ea  = barramundi
15 g = pine nuts 

","MILCH (EINSCHLIESSLICH LAKTOSE), SCHWEFELDIOXIDE UND SULFITE, SELLERIE",,0.92437,"1
1","SCOOP
SCOOP","yellow
green","LEVEL
LEVEL",,,0.31967,5.53322,0.34583,PCK-00-151923-5,Main,
FV1444A - Basil Barramundi & Tomato Risotto [DK/SE],REC-032213-4-003,R,1,portions,Basil Garlic Barramundi,S,,1,each,,SUB-032201-4-001,THAW / DEBOX / HAND MARINADE / OVEN / BLAST CHILLER,,"FISCH, SCHWEFELDIOXIDE UND SULFITE",,0.77922,1,HAND_PORTIONED,Hand Portioned,BY_TRAY,,4.23288,0.26455,5.43219,0.33951,PCK-00-151923-5,Main,
FV1444A - Basil Barramundi & Tomato Risotto [DK/SE],REC-032213-4-003,R,1,portions,Pinenuts - roasted,S,,10,grams,,SUB-013663-4-001,HAND MARINADE / OVEN / BLAST CHILLER,,,,0.78751,15,HAND_PORTIONED,Hand Portioned,BY_CAMBRO,,,0.02205,0.44792,0.02799,PCK-00-151923-5,Main,
FV1444A - Basil Barramundi & Tomato Risotto [DK/SE],REC-032213-4-003,R,1,portions,Roasted Spinach & Basil Zucchini,S,,80,grams,,SUB-032467-4-001,OVEN / BLAST CHILLER,"2ND COMPARTMENT

80 g zucchini","MILCH (EINSCHLIESSLICH LAKTOSE), SCHWEFELDIOXIDE UND SULFITE",,0.85771,1,SCOOP,green,LEVEL,,,0.17637,3.29006,0.20563,PCK-00-151923-5,2nd,

FV1444B - [BNL] - Basil Barramundi & Tomato Risotto,REC-032213-4-004,R,1,portions,Tomato Risotto - BiB Tomatoes,S,,145,grams,,SUB-032158-4-002,SPICE PORTIONING / BRAISER / BLAST CHILLER,"***PLATING INSTRUCTIONS***
(From the bottom to the top)

2 Compartment

MAIN COMPARTMENT
145 g = risotto
1 ea  = barramundi
10 g = pine nuts 

","MILCH (EINSCHLIESSLICH LAKTOSE), SCHWEFELDIOXIDE UND SULFITE, SELLERIE",,0.92437,,,,,,,0.31967,5.53322,0.34583,PCK-00-151923-5,Main,
FV1444B - [BNL] - Basil Barramundi & Tomato Risotto,REC-032213-4-004,R,1,portions,Basil Garlic Barramundi,S,,1,each,,SUB-032201-4-001,THAW / DEBOX / HAND MARINADE / OVEN / BLAST CHILLER,,"FISCH, SCHWEFELDIOXIDE UND SULFITE",,0.77922,1,HAND_PORTIONED,Hand Portioned,BY_TRAY,,4.23288,0.26455,5.43219,0.33951,PCK-00-151923-5,Main,
FV1444B - [BNL] - Basil Barramundi & Tomato Risotto,REC-032213-4-004,R,1,portions,Pinenuts - roasted,S,,10,grams,,SUB-013663-4-001,HAND MARINADE / OVEN / BLAST CHILLER,,,,0.78751,15,HAND_PORTIONED,Hand Portioned,BY_CAMBRO,,,0.02205,0.44792,0.02799,PCK-00-151923-5,Main,
FV1444B - [BNL] - Basil Barramundi & Tomato Risotto,REC-032213-4-004,R,1,portions,Roasted Spinach & Basil Zucchini,S,,80,grams,,SUB-032467-4-001,OVEN / BLAST CHILLER,"2ND COMPARTMENT

80 g zucchini","MILCH (EINSCHLIESSLICH LAKTOSE), SCHWEFELDIOXIDE UND SULFITE",,0.85771,1,SCOOP,green,LEVEL,,,0.17637,3.29006,0.20563,PCK-00-151923-5,2nd,

FV1444B - [DE] - Basil Barramundi & Tomato Risotto,REC-032213-4-005,R,1,portions,Tomato Risotto - BiB Tomatoes,S,,145,grams,,SUB-032158-4-002,SPICE PORTIONING / BRAISER / BLAST CHILLER,"***PLATING INSTRUCTIONS***
(From the bottom to the top)

2 Compartment

MAIN COMPARTMENT
145 g = risotto
1 ea  = barramundi
15 g = pine nuts 

","MILCH (EINSCHLIESSLICH LAKTOSE), SCHWEFELDIOXIDE UND SULFITE, SELLERIE",,0.92437,,,,,,,0.31967,5.53322,0.34583,PCK-00-151923-5,Main,
FV1444B - [DE] - Basil Barramundi & Tomato Risotto,REC-032213-4-005,R,1,portions,Basil Garlic Barramundi,S,,1,each,,SUB-032201-4-001,THAW / DEBOX / HAND MARINADE / OVEN / BLAST CHILLER,,"FISCH, SCHWEFELDIOXIDE UND SULFITE",,0.77922,1,HAND_PORTIONED,Hand Portioned,BY_TRAY,,4.23288,0.26455,5.43219,0.33951,PCK-00-151923-5,Main,
FV1444B - [DE] - Basil Barramundi & Tomato Risotto,REC-032213-4-005,R,1,portions,Pinenuts - roasted,S,,10,grams,,SUB-013663-4-001,HAND MARINADE / OVEN / BLAST CHILLER,,,,0.78751,15,HAND_PORTIONED,Hand Portioned,BY_CAMBRO,,,0.02205,0.44792,0.02799,PCK-00-151923-5,Main,
FV1444B - [DE] - Basil Barramundi & Tomato Risotto,REC-032213-4-005,R,1,portions,Roasted Spinach & Basil Zucchini,S,,80,grams,,SUB-032467-4-001,OVEN / BLAST CHILLER,"2ND COMPARTMENT

80 g zucchini","MILCH (EINSCHLIESSLICH LAKTOSE), SCHWEFELDIOXIDE UND SULFITE",,0.85771,1,SCOOP,green,LEVEL,,,0.17637,3.29006,0.20563,PCK-00-151923-5,2nd,

FV1444B - [DKSE] - Basil Barramundi & Tomato Risotto,REC-032213-4-006,R,1,portions,Tomato Risotto - BiB Tomatoes,S,,145,grams,,SUB-032158-4-002,SPICE PORTIONING / BRAISER / BLAST CHILLER,"***PLATING INSTRUCTIONS***
(From the bottom to the top)

2 Compartment

MAIN COMPARTMENT
145 g = risotto
1 ea  = barramundi
15 g = pine nuts 

","MILCH (EINSCHLIESSLICH LAKTOSE), SCHWEFELDIOXIDE UND SULFITE, SELLERIE",,0.92437,,,,,,,0.31967,5.53322,0.34583,PCK-00-151923-5,Main,
FV1444B - [DKSE] - Basil Barramundi & Tomato Risotto,REC-032213-4-006,R,1,portions,Basil Garlic Barramundi,S,,1,each,,SUB-032201-4-001,THAW / DEBOX / HAND MARINADE / OVEN / BLAST CHILLER,,"FISCH, SCHWEFELDIOXIDE UND SULFITE",,0.77922,1,HAND_PORTIONED,Hand Portioned,BY_TRAY,,4.23288,0.26455,5.43219,0.33951,PCK-00-151923-5,Main,
FV1444B - [DKSE] - Basil Barramundi & Tomato Risotto,REC-032213-4-006,R,1,portions,Pinenuts - roasted,S,,10,grams,,SUB-013663-4-001,HAND MARINADE / OVEN / BLAST CHILLER,,,,0.78751,15,HAND_PORTIONED,Hand Portioned,BY_CAMBRO,,,0.02205,0.44792,0.02799,PCK-00-151923-5,Main,
FV1444B - [DKSE] - Basil Barramundi & Tomato Risotto,REC-032213-4-006,R,1,portions,Roasted Spinach & Basil Zucchini,S,,80,grams,,SUB-032467-4-001,OVEN / BLAST CHILLER,"2ND COMPARTMENT

80 g zucchini","MILCH (EINSCHLIESSLICH LAKTOSE), SCHWEFELDIOXIDE UND SULFITE",,0.85771,1,SCOOP,green,LEVEL,,,0.17637,3.29006,0.20563,PCK-00-151923-5,2nd,

FV1458A - [BNL] - Japanese-Style BBQ Chicken & Cabbage,REC-033508-4-002,R,1,portions,Brown Jasmine Rice & Cauliflower Blend,S,,100,grams,,SUB-033515-4-001,OVEN / HAND MIX / BLAST CHILLER,"""**PLATING INSTRUCTIONS**                                                                                                                                       
                                                                                                                                    ** Compartment Size**                                                                                                                         
                                                                                                                                       1 : Main Compartment (from bottom to top)

100 g Rice % Cauliflower rice Blend 
60 g Cabbage 
1 ea Chicken Breast","SCHWEFELDIOXIDE UND SULFITE, SESAMSAMEN, SOJA",,1,,,,,,,0.22046,3.5274,0.22046,PCK-00-151924-5,Main,
FV1458A - [BNL] - Japanese-Style BBQ Chicken & Cabbage,REC-033508-4-002,R,1,portions,Mod Cabbage Green Shredded - Green Onion (Sesame Oil Base),S,,50,grams,,SUB-033519-4-001,OVEN / BLAST CHILLER,,SESAMSAMEN,,0.7952,,,,,,,0.11023,2.21793,0.13862,PCK-00-151924-5,Main,
FV1458A - [BNL] - Japanese-Style BBQ Chicken & Cabbage,REC-033508-4-002,R,1,portions,V&P Chicken Breast - S&P - GRILLED,S,,1,each,,SUB-033513-4-001,MARINADE / GRILL / OVEN / BLAST CHILLER,,,,0.64,,,,,,4.06356,0.25397,6.34932,0.39683,PCK-00-151924-5,Main,
FV1458A - [BNL] - Japanese-Style BBQ Chicken & Cabbage,REC-033508-4-002,R,1,portions,Japanese BBQ Sauce - CUPPED,S,,40,grams,,SUB-033514-4-001,SPICE PORTIONING / IMMERSION BLENDER / BRAISER / BLAST CHILLER,"2 : Side Compartment (from bottom to top)

CUPPED

40g Japanese BBQ Sauce","SCHWEFELDIOXIDE UND SULFITE, SESAMSAMEN, SOJA",,0.89242,,,,,,,0.08818,1.58105,0.09882,PCK-00-151924-5,2nd,
FV1458A - [BNL] - Japanese-Style BBQ Chicken & Cabbage,REC-033508-4-002,R,1,portions,Steamed Edamame,S,,60,grams,,SUB-023338-4-001,OVEN / BLAST CHILLER,"3 : Side Compartment (from bottom to top)

60 g Edamame
40 g Red Peppers

Net Weight : 405 g",SOJA,,0.88599,,,,,,,0.13228,2.38878,0.1493,PCK-00-151924-5,3rd,
FV1458A - [BNL] - Japanese-Style BBQ Chicken & Cabbage,REC-033508-4-002,R,1,portions,Mod Red Peppers Diced 10mm - Garlic & Ginger,S,,40,grams,,SUB-033509-4-001,OVEN / BLAST CHILLER,,"SCHWEFELDIOXIDE UND SULFITE, SESAMSAMEN, SOJA",,0.83472,,,,,,,0.08818,1.69034,0.10565,PCK-00-151924-5,3rd,

FV1458A - [DE] - Japanese-Style BBQ Chicken & Cabbage - copy v3,REC-033508-4-003,R,1,portions,Brown Jasmine Rice & Cauliflower Blend,S,,100,grams,,SUB-033515-4-001,OVEN / HAND MIX / BLAST CHILLER,"""**PLATING INSTRUCTIONS**                                                                                                                                       
                                                                                                                                    ** Compartment Size**                                                                                                                         
                                                                                                                                       1 : Main Compartment (from bottom to top)

100 g Rice Blend 
60 g Cabbage 
1 ea Chicken Breast","SCHWEFELDIOXIDE UND SULFITE, SESAMSAMEN, SOJA",,1,,,,,,,0.22046,3.5274,0.22046,PCK-00-151924-5,Main,
FV1458A - [DE] - Japanese-Style BBQ Chicken & Cabbage - copy v3,REC-033508-4-003,R,1,portions,Mod Cabbage Green Shredded - Green Onion (Sesame Oil Base),S,,50,grams,,SUB-033519-4-001,OVEN / BLAST CHILLER,,SESAMSAMEN,,0.7952,,,,,,,0.11023,2.21793,0.13862,PCK-00-151924-5,Main,
FV1458A - [DE] - Japanese-Style BBQ Chicken & Cabbage - copy v3,REC-033508-4-003,R,1,portions,V&P Chicken Breast - S&P - GRILLED,S,,1,each,,SUB-033513-4-001,MARINADE / GRILL / OVEN / BLAST CHILLER,,,,0.64,,,,,,4.06356,0.25397,6.34932,0.39683,PCK-00-151924-5,Main,
FV1458A - [DE] - Japanese-Style BBQ Chicken & Cabbage - copy v3,REC-033508-4-003,R,1,portions,Japanese BBQ Sauce - CUPPED,S,,40,grams,,SUB-033514-4-001,SPICE PORTIONING / IMMERSION BLENDER / BRAISER / BLAST CHILLER,"2 : Side Compartment (from bottom to top)

CUPPED

40g Japanese BBQ Sauce","SCHWEFELDIOXIDE UND SULFITE, SESAMSAMEN, SOJA",,0.89242,,,,,,,0.08818,1.58105,0.09882,PCK-00-151924-5,2nd,
FV1458A - [DE] - Japanese-Style BBQ Chicken & Cabbage - copy v3,REC-033508-4-003,R,1,portions,Steamed Edamame,S,,60,grams,,SUB-023338-4-001,OVEN / BLAST CHILLER,"3 : Side Compartment (from bottom to top)

60 g Edamame
40 g Red Peppers

Net Weight : 405 g",SOJA,,0.88599,,,,,,,0.13228,2.38878,0.1493,PCK-00-151924-5,3rd,
FV1458A - [DE] - Japanese-Style BBQ Chicken & Cabbage - copy v3,REC-033508-4-003,R,1,portions,Mod Red Peppers Diced 10mm - Garlic & Ginger,S,,40,grams,,SUB-033509-4-001,OVEN / BLAST CHILLER,,"SCHWEFELDIOXIDE UND SULFITE, SESAMSAMEN, SOJA",,0.83472,,,,,,,0.08818,1.69034,0.10565,PCK-00-151924-5,3rd,

FV1458A - [DK/SE] - Japanese-Style BBQ Chicken & Cabbage,REC-033508-4-001,R,1,portions,Brown Jasmine Rice & Cauliflower Blend,S,,100,grams,,SUB-033515-4-001,OVEN / HAND MIX / BLAST CHILLER,"""**PLATING INSTRUCTIONS**                                                                                                                                       
                                                                                                                                    ** Compartment Size**                                                                                                                         
                                                                                                                                       1 : Main Compartment (from bottom to top)

100 g Rice Blend 
60 g Cabbage 
1 ea Chicken Breast","SCHWEFELDIOXIDE UND SULFITE, SESAMSAMEN, SOJA",,1,,,,,,,0.22046,3.5274,0.22046,PCK-00-151924-5,Main,
FV1458A - [DK/SE] - Japanese-Style BBQ Chicken & Cabbage,REC-033508-4-001,R,1,portions,Mod Cabbage Green Shredded - Green Onion (Sesame Oil Base),S,,50,grams,,SUB-033519-4-001,OVEN / BLAST CHILLER,,SESAMSAMEN,,0.7952,,,,,,,0.11023,2.21793,0.13862,PCK-00-151924-5,Main,
FV1458A - [DK/SE] - Japanese-Style BBQ Chicken & Cabbage,REC-033508-4-001,R,1,portions,V&P Chicken Breast - S&P - GRILLED,S,,1,each,,SUB-033513-4-001,MARINADE / GRILL / OVEN / BLAST CHILLER,,,,0.64,,,,,,4.06356,0.25397,6.34932,0.39683,PCK-00-151924-5,Main,
FV1458A - [DK/SE] - Japanese-Style BBQ Chicken & Cabbage,REC-033508-4-001,R,1,portions,Japanese BBQ Sauce - CUPPED,S,,40,grams,,SUB-033514-4-001,SPICE PORTIONING / IMMERSION BLENDER / BRAISER / BLAST CHILLER,"2 : Side Compartment (from bottom to top)

CUPPED

40g Japanese BBQ Sauce","SCHWEFELDIOXIDE UND SULFITE, SESAMSAMEN, SOJA",,0.89242,,,,,,,0.08818,1.58105,0.09882,PCK-00-151924-5,2nd,
FV1458A - [DK/SE] - Japanese-Style BBQ Chicken & Cabbage,REC-033508-4-001,R,1,portions,Steamed Edamame,S,,60,grams,,SUB-023338-4-001,OVEN / BLAST CHILLER,"3 : Side Compartment (from bottom to top)

60 g Edamame
40 g Red Peppers

Net Weight : 405 g",SOJA,,0.88599,,,,,,,0.13228,2.38878,0.1493,PCK-00-151924-5,3rd,
FV1458A - [DK/SE] - Japanese-Style BBQ Chicken & Cabbage,REC-033508-4-001,R,1,portions,Mod Red Peppers Diced 10mm - Garlic & Ginger,S,,40,grams,,SUB-033509-4-001,OVEN / BLAST CHILLER,,"SCHWEFELDIOXIDE UND SULFITE, SESAMSAMEN, SOJA",,0.83472,,,,,,,0.08818,1.69034,0.10565,PCK-00-151924-5,3rd,

FV1481A - [BNL] - Thai Coconut Curry Barramundi,REC-032214-4-003,R,1,portions,Asian Brown Jasmine with GGS,S,,100,grams,,SUB-030615-4-001,HAND MIX / BLAST CHILLER,"PLATING INSTRUCTIONS 

from bottom to top

100 g rice 
1 ea Barramundi
60 g Thai Yellow Curry Sauce
10 g peanuts","SCHWEFELDIOXIDE UND SULFITE, SESAMSAMEN",,0.97993,,,,,,,0.22046,3.59963,0.22498,PCK-00-151923-5,Main,
FV1481A - [BNL] - Thai Coconut Curry Barramundi,REC-032214-4-003,R,1,portions,Asian Spiced Barramundi Batch,S,,1,each,,SUB-032340-4-001,THAW / DEBOX / HAND MARINADE / OVEN / BLAST CHILLER,,FISCH,,0.84283,,,,,,4.19937,0.26246,4.98245,0.3114,PCK-00-151923-5,Main,
FV1481A - [BNL] - Thai Coconut Curry Barramundi,REC-032214-4-003,R,1,portions,Thai Yellow Curry Sauce,S,,60,grams,,SUB-032216-4-001,UNCATEGORIZED BOM,,"SCHWEFELDIOXIDE UND SULFITE, SOJA",,0.828,,,,,,,0.13228,2.55608,0.15976,PCK-00-151923-5,Main,
FV1481A - [BNL] - Thai Coconut Curry Barramundi,REC-032214-4-003,R,1,portions,Gochugaru - Lemon - Green Onion roasted Peanuts,S,,10,grams,,SUB-032339-4-001,OVEN / BLAST CHILLER,,,,0.76936,,,,,,,0.02205,0.45848,0.02866,PCK-00-151923-5,Main,
FV1481A - [BNL] - Thai Coconut Curry Barramundi,REC-032214-4-003,R,1,portions,Lemongrass Broccoli Florets,S,,70,grams,,SUB-032489-4-001,OVEN / BLAST CHILLER,"2ND COMPARTMENT

70 g broccoli
",SESAMSAMEN,,0.8669,,,,,,,0.15432,2.84829,0.17802,PCK-00-151923-5,2nd,

FV1481A - [DE] - Thai Coconut Curry Barramundi,REC-032214-4-002,R,1,portions,Asian Brown Jasmine with GGS,S,,100,grams,,SUB-030615-4-001,HAND MIX / BLAST CHILLER,"PLATING INSTRUCTIONS 

from bottom to top

100 g rice 
1 ea Barramundi
60 g Thai Yellow Curry Sauce
10 g peanuts","SCHWEFELDIOXIDE UND SULFITE, SESAMSAMEN",,0.97993,,,,,,,0.22046,3.59963,0.22498,PCK-00-151923-5,Main,
FV1481A - [DE] - Thai Coconut Curry Barramundi,REC-032214-4-002,R,1,portions,Asian Spiced Barramundi Batch,S,,1,each,,SUB-032340-4-001,THAW / DEBOX / HAND MARINADE / OVEN / BLAST CHILLER,,FISCH,,0.84283,,,,,,4.19937,0.26246,4.98245,0.3114,PCK-00-151923-5,Main,
FV1481A - [DE] - Thai Coconut Curry Barramundi,REC-032214-4-002,R,1,portions,Thai Yellow Curry Sauce,S,,60,grams,,SUB-032216-4-001,UNCATEGORIZED BOM,,"SCHWEFELDIOXIDE UND SULFITE, SOJA",,0.828,,,,,,,0.13228,2.55608,0.15976,PCK-00-151923-5,Main,
FV1481A - [DE] - Thai Coconut Curry Barramundi,REC-032214-4-002,R,1,portions,Gochugaru - Lemon - Green Onion roasted Peanuts,S,,10,grams,,SUB-032339-4-001,OVEN / BLAST CHILLER,,,,0.76936,,,,,,,0.02205,0.45848,0.02866,PCK-00-151923-5,Main,
FV1481A - [DE] - Thai Coconut Curry Barramundi,REC-032214-4-002,R,1,portions,Lemongrass Broccoli Florets,S,,70,grams,,SUB-032489-4-001,OVEN / BLAST CHILLER,"2ND COMPARTMENT

70 g broccoli
",SESAMSAMEN,,0.8669,,,,,,,0.15432,2.84829,0.17802,PCK-00-151923-5,2nd,

FV1481A - [DK/SE] - Thai Coconut Curry Barramundi,REC-032214-4-001,R,1,portions,Asian Brown Jasmine with GGS,S,,100,grams,,SUB-030615-4-001,HAND MIX / BLAST CHILLER,"PLATING INSTRUCTIONS 

from bottom to top

100 g rice 
1 ea Barramundi
60 g Thai Yellow Curry Sauce
10 g peanuts","SCHWEFELDIOXIDE UND SULFITE, SESAMSAMEN",,0.97993,,,,,,,0.22046,3.59963,0.22498,PCK-00-151923-5,Main,
FV1481A - [DK/SE] - Thai Coconut Curry Barramundi,REC-032214-4-001,R,1,portions,Asian Spiced Barramundi Batch,S,,1,each,,SUB-032340-4-001,THAW / DEBOX / HAND MARINADE / OVEN / BLAST CHILLER,,FISCH,,0.84283,,,,,,4.19937,0.26246,4.98245,0.3114,PCK-00-151923-5,Main,
FV1481A - [DK/SE] - Thai Coconut Curry Barramundi,REC-032214-4-001,R,1,portions,Thai Yellow Curry Sauce,S,,60,grams,,SUB-032216-4-001,UNCATEGORIZED BOM,,"SCHWEFELDIOXIDE UND SULFITE, SOJA",,0.828,,,,,,,0.13228,2.55608,0.15976,PCK-00-151923-5,Main,
FV1481A - [DK/SE] - Thai Coconut Curry Barramundi,REC-032214-4-001,R,1,portions,Gochugaru - Lemon - Green Onion roasted Peanuts,S,,10,grams,,SUB-032339-4-001,OVEN / BLAST CHILLER,,,,0.76936,,,,,,,0.02205,0.45848,0.02866,PCK-00-151923-5,Main,
FV1481A - [DK/SE] - Thai Coconut Curry Barramundi,REC-032214-4-001,R,1,portions,Lemongrass Broccoli Florets,S,,70,grams,,SUB-032489-4-001,OVEN / BLAST CHILLER,"2ND COMPARTMENT

70 g broccoli
",SESAMSAMEN,,0.8669,,,,,,,0.15432,2.84829,0.17802,PCK-00-151923-5,2nd,

FV1481B - [BNL] - Thai Coconut Curry Barramundi,REC-032214-4-004,R,1,portions,Asian Brown Jasmine with GGS,S,,100,grams,,SUB-030615-4-001,HAND MIX / BLAST CHILLER,"PLATING INSTRUCTIONS 

from bottom to top

100 g rice 
1 ea Barramundi
60 g Thai Yellow Curry Sauce
10 g cashew","SCHWEFELDIOXIDE UND SULFITE, SESAMSAMEN",,0.97993,,,,,,,0.22046,3.59963,0.22498,PCK-00-151923-5,Main,
FV1481B - [BNL] - Thai Coconut Curry Barramundi,REC-032214-4-004,R,1,portions,Asian Spiced Barramundi Batch,S,,1,each,,SUB-032340-4-001,THAW / DEBOX / HAND MARINADE / OVEN / BLAST CHILLER,,FISCH,,0.84283,,,,,,4.19937,0.26246,4.98245,0.3114,PCK-00-151923-5,Main,
FV1481B - [BNL] - Thai Coconut Curry Barramundi,REC-032214-4-004,R,1,portions,Thai Yellow Curry Sauce,S,,60,grams,,SUB-032216-4-001,UNCATEGORIZED BOM,,"SCHWEFELDIOXIDE UND SULFITE, SOJA",,0.828,,,,,,,0.13228,2.55608,0.15976,PCK-00-151923-5,Main,
FV1481B - [BNL] - Thai Coconut Curry Barramundi,REC-032214-4-004,R,1,portions,Gochugaru - Lemon - Green Onion roasted Cashews,S,,10,grams,,SUB-032339-4-003,OVEN / BLAST CHILLER,,"KASCHUNÜSSE, SCHALENFRÜCHTE",,0.61018,,,,,,,0.02205,0.57809,0.03613,PCK-00-151923-5,Main,
FV1481B - [BNL] - Thai Coconut Curry Barramundi,REC-032214-4-004,R,1,portions,Lemongrass Broccoli Florets,S,,70,grams,,SUB-032489-4-001,OVEN / BLAST CHILLER,"2ND COMPARTMENT

70 g broccoli
",SESAMSAMEN,,0.8669,,,,,,,0.15432,2.84829,0.17802,PCK-00-151923-5,2nd,

FV1481B - [DE] - Thai Coconut Curry Barramundi,REC-032214-4-005,R,1,portions,Asian Brown Jasmine with GGS,S,,100,grams,,SUB-030615-4-001,HAND MIX / BLAST CHILLER,"PLATING INSTRUCTIONS 

from bottom to top

100 g rice 
1 ea Barramundi
60 g Thai Yellow Curry Sauce
10 g cashew","SCHWEFELDIOXIDE UND SULFITE, SESAMSAMEN",,0.97993,,,,,,,0.22046,3.59963,0.22498,PCK-00-151923-5,Main,
FV1481B - [DE] - Thai Coconut Curry Barramundi,REC-032214-4-005,R,1,portions,Asian Spiced Barramundi Batch,S,,1,each,,SUB-032340-4-001,THAW / DEBOX / HAND MARINADE / OVEN / BLAST CHILLER,,FISCH,,0.84283,,,,,,4.19937,0.26246,4.98245,0.3114,PCK-00-151923-5,Main,
FV1481B - [DE] - Thai Coconut Curry Barramundi,REC-032214-4-005,R,1,portions,Thai Yellow Curry Sauce,S,,60,grams,,SUB-032216-4-001,UNCATEGORIZED BOM,,"SCHWEFELDIOXIDE UND SULFITE, SOJA",,0.828,,,,,,,0.13228,2.55608,0.15976,PCK-00-151923-5,Main,
FV1481B - [DE] - Thai Coconut Curry Barramundi,REC-032214-4-005,R,1,portions,Gochugaru - Lemon - Green Onion roasted Cashews,S,,10,grams,,SUB-032339-4-003,OVEN / BLAST CHILLER,,"KASCHUNÜSSE, SCHALENFRÜCHTE",,0.61018,,,,,,,0.02205,0.57809,0.03613,PCK-00-151923-5,Main,
FV1481B - [DE] - Thai Coconut Curry Barramundi,REC-032214-4-005,R,1,portions,Lemongrass Broccoli Florets,S,,70,grams,,SUB-032489-4-001,OVEN / BLAST CHILLER,"2ND COMPARTMENT

70 g broccoli
",SESAMSAMEN,,0.8669,,,,,,,0.15432,2.84829,0.17802,PCK-00-151923-5,2nd,

FV1481B - [DK/SE] - Thai Coconut Curry Barramundi,REC-032214-4-006,R,1,portions,Asian Brown Jasmine with GGS,S,,100,grams,,SUB-030615-4-001,HAND MIX / BLAST CHILLER,"PLATING INSTRUCTIONS 

from bottom to top

100 g rice 
1 ea Barramundi
60 g Thai Yellow Curry Sauce
10 g cashew","SCHWEFELDIOXIDE UND SULFITE, SESAMSAMEN",,0.97993,,,,,,,0.22046,3.59963,0.22498,PCK-00-151923-5,Main,
FV1481B - [DK/SE] - Thai Coconut Curry Barramundi,REC-032214-4-006,R,1,portions,Asian Spiced Barramundi Batch,S,,1,each,,SUB-032340-4-001,THAW / DEBOX / HAND MARINADE / OVEN / BLAST CHILLER,,FISCH,,0.84283,,,,,,4.19937,0.26246,4.98245,0.3114,PCK-00-151923-5,Main,
FV1481B - [DK/SE] - Thai Coconut Curry Barramundi,REC-032214-4-006,R,1,portions,Thai Yellow Curry Sauce,S,,60,grams,,SUB-032216-4-001,UNCATEGORIZED BOM,,"SCHWEFELDIOXIDE UND SULFITE, SOJA",,0.828,,,,,,,0.13228,2.55608,0.15976,PCK-00-151923-5,Main,
FV1481B - [DK/SE] - Thai Coconut Curry Barramundi,REC-032214-4-006,R,1,portions,Gochugaru - Lemon - Green Onion roasted Cashews,S,,10,grams,,SUB-032339-4-003,OVEN / BLAST CHILLER,,"KASCHUNÜSSE, SCHALENFRÜCHTE",,0.61018,,,,,,,0.02205,0.57809,0.03613,PCK-00-151923-5,Main,
FV1481B - [DK/SE] - Thai Coconut Curry Barramundi,REC-032214-4-006,R,1,portions,Lemongrass Broccoli Florets,S,,70,grams,,SUB-032489-4-001,OVEN / BLAST CHILLER,"2ND COMPARTMENT

70 g broccoli
",SESAMSAMEN,,0.8669,,,,,,,0.15432,2.84829,0.17802,PCK-00-151923-5,2nd,

FV1487A - [BNL] - Pork Tenderloin and Butternut Mash,REC-033139-4-001,R,1,portions,Pork Tenderloin - Black Pepper & Sage Batch (oil),S,,140,grams,,SUB-014057-4-001,MARINADE / GRILL / OVEN / SLICER / BLAST CHILLER,"""**PLATING INSTRUCTIONS**                                                                                                                                       
                                                                                                                                    ** 2 COMPARTMENT**                                                                                                                         
                                                                                                                                       1 : Main Compartment
(from bottom to top)
140 g Pork Tenderloin
100 g Mash
35 g Onions

",,,0.8454,,,,,,,0.30865,5.84148,0.36509,PCK-00-151923-5,Main,
FV1487A - [BNL] - Pork Tenderloin and Butternut Mash,REC-033139-4-001,R,1,portions,Brown Butter Butternut Squash Mash,S,,100,grams,,SUB-033138-4-001,DEBOX / SPICE PORTIONING / IMMERSION BLENDER,,MILCH (EINSCHLIESSLICH LAKTOSE),,0.88091,,,,,,,0.22046,4.00427,0.25027,PCK-00-151923-5,Main,
FV1487A - [BNL] - Pork Tenderloin and Butternut Mash,REC-033139-4-001,R,1,portions,Onions - Caramelized Onions,S,,35,grams,,SUB-014017-4-001,SPICE PORTIONING / BRAISER / BLAST CHILLER,,,,0.56666,,,,,,,0.07716,2.17871,0.13617,PCK-00-151923-5,Main,
FV1487A - [BNL] - Pork Tenderloin and Butternut Mash,REC-033139-4-001,R,1,portions,Brussels Sprouts Shredded - Allium,S,,100,grams,,SUB-033135-4-001,OVEN / BLAST CHILLER,"Side Compartment 
(from bottom to top)

100 g Brussels 

Net Weight : 370 g",,,0.7283,,,,,,,0.22046,4.84333,0.30271,PCK-00-151923-5,2nd,

FV1487A - [DE] - Pork Tenderloin and Butternut Mash,REC-033139-4-002,R,1,portions,Pork Tenderloin - Black Pepper & Sage Batch (oil),S,,140,grams,,SUB-014057-4-001,MARINADE / GRILL / OVEN / SLICER / BLAST CHILLER,"""**PLATING INSTRUCTIONS**                                                                                                                                       
                                                                                                                                    ** 2 COMPARTMENT**                                                                                                                         
                                                                                                                                       1 : Main Compartment
(from bottom to top)
140 g Pork Tenderloin
100 g Mash
35 g Onions

",,,0.8454,,,,,,,0.30865,5.84148,0.36509,PCK-00-151923-5,Main,
FV1487A - [DE] - Pork Tenderloin and Butternut Mash,REC-033139-4-002,R,1,portions,Brown Butter Butternut Squash Mash,S,,100,grams,,SUB-033138-4-001,DEBOX / SPICE PORTIONING / IMMERSION BLENDER,,MILCH (EINSCHLIESSLICH LAKTOSE),,0.88091,,,,,,,0.22046,4.00427,0.25027,PCK-00-151923-5,Main,
FV1487A - [DE] - Pork Tenderloin and Butternut Mash,REC-033139-4-002,R,1,portions,Onions - Caramelized Onions,S,,35,grams,,SUB-014017-4-001,SPICE PORTIONING / BRAISER / BLAST CHILLER,,,,0.56666,,,,,,,0.07716,2.17871,0.13617,PCK-00-151923-5,Main,
FV1487A - [DE] - Pork Tenderloin and Butternut Mash,REC-033139-4-002,R,1,portions,Brussels Sprouts Shredded - Allium,S,,100,grams,,SUB-033135-4-001,OVEN / BLAST CHILLER,"Side Compartment 
(from bottom to top)

100 g Brussels 

Net Weight : 370 g",,,0.7283,,,,,,,0.22046,4.84333,0.30271,PCK-00-151923-5,2nd,

FV1487A - [DK/SE] - Pork Tenderloin and Butternut Mash,REC-033139-4-003,R,1,portions,Pork Tenderloin - Black Pepper & Sage Batch (oil),S,,140,grams,,SUB-014057-4-001,MARINADE / GRILL / OVEN / SLICER / BLAST CHILLER,"""**PLATING INSTRUCTIONS**                                                                                                                                       
                                                                                                                                    ** 2 COMPARTMENT**                                                                                                                         
                                                                                                                                       1 : Main Compartment
(from bottom to top)
140 g Pork Tenderloin
100 g Mash
35 g Onions

",,,0.8454,,,,,,,0.30865,5.84148,0.36509,PCK-00-151923-5,Main,
FV1487A - [DK/SE] - Pork Tenderloin and Butternut Mash,REC-033139-4-003,R,1,portions,Brown Butter Butternut Squash Mash,S,,100,grams,,SUB-033138-4-001,DEBOX / SPICE PORTIONING / IMMERSION BLENDER,,MILCH (EINSCHLIESSLICH LAKTOSE),,0.88091,,,,,,,0.22046,4.00427,0.25027,PCK-00-151923-5,Main,
FV1487A - [DK/SE] - Pork Tenderloin and Butternut Mash,REC-033139-4-003,R,1,portions,Onions - Caramelized Onions,S,,35,grams,,SUB-014017-4-001,SPICE PORTIONING / BRAISER / BLAST CHILLER,,,,0.56666,,,,,,,0.07716,2.17871,0.13617,PCK-00-151923-5,Main,
FV1487A - [DK/SE] - Pork Tenderloin and Butternut Mash,REC-033139-4-003,R,1,portions,Brussels Sprouts Shredded - Allium,S,,100,grams,,SUB-033135-4-001,OVEN / BLAST CHILLER,"Side Compartment 
(from bottom to top)

100 g Brussels 

Net Weight : 370 g",,,0.7283,,,,,,,0.22046,4.84333,0.30271,PCK-00-151923-5,2nd,

FV1646A Lemon Garlic Shrimp & Spanakorizo [BNL],REC-030366-4-002,R,1,portions,Spanakopita Rice,S,,105,grams,,SUB-031599-4-001,UNCATEGORIZED BOM,"***PLATING INSTRUCTIONS***
(From the bottom to the top)

 2 Compartment

MAIN COMPARTMENT
105 g = Rice
95 g = (count pcs at production)
43 g = lemon garlic sauce
","MILCH (EINSCHLIESSLICH LAKTOSE), SCHWEFELDIOXIDE UND SULFITE",,0.98,1,SCOOP,grey,NATURAL,,,0.23149,3.77936,0.23621,PCK-00-151923-5,Main,
FV1646A Lemon Garlic Shrimp & Spanakorizo [BNL],REC-030366-4-002,R,1,portions,Tuscan Shrimp Batch 2,S,,95,grams,,SUB-030357-4-001,THAW / MARINADE / OVEN / BLAST CHILLER,,"KREBSTIERE, SCHWEFELDIOXIDE UND SULFITE",,0.60003,,,,,,,0.20944,5.58477,0.34905,PCK-00-151923-5,Main,
FV1646A Lemon Garlic Shrimp & Spanakorizo [BNL],REC-030366-4-002,R,1,portions,Lemon Garlic Cream Sauce,S,,43,grams,,SUB-030358-4-001,SPICE PORTIONING / IMMERSION BLENDER / BRAISER / BLAST CHILLER,,"MILCH (EINSCHLIESSLICH LAKTOSE), SCHWEFELDIOXIDE UND SULFITE",,0.8878,,,,,,,0.0948,1.70846,0.10678,PCK-00-151923-5,Main,
FV1646A Lemon Garlic Shrimp & Spanakorizo [BNL],REC-030366-4-002,R,1,portions,Garlic and Chive Roasted Cauliflower Florets,S,,90,grams,,SUB-029387-4-001,OVEN / BLAST CHILLER,"
2ND COMPARTMENT
90 g= cauliflower
40 g = zucchini
32 g = grape tomato

Net weight = 405 g",SCHWEFELDIOXIDE UND SULFITE,,0.68894,1,SCOOP,beige,NATURAL,,,0.19842,4.60805,0.288,PCK-00-151923-5,2nd,
FV1646A Lemon Garlic Shrimp & Spanakorizo [BNL],REC-030366-4-002,R,1,portions,Toasted Garlic Zucchini - Half moons 3 - half salt,S,,40,grams,,SUB-030364-4-001,OVEN / BLAST CHILLER,,,,0.6209,1,SCOOP,blue,NATURAL,,,0.08818,2.27244,0.14203,PCK-00-151923-5,2nd,
FV1646A Lemon Garlic Shrimp & Spanakorizo [BNL],REC-030366-4-002,R,1,portions,Balsamic Cherry Tomatoes,S,,32,grams,,SUB-014243-4-001,OVEN / BLAST CHILLER,,SCHWEFELDIOXIDE UND SULFITE,,0.85641,1,SCOOP,red,NATURAL,,,0.07055,1.31802,0.08238,PCK-00-151923-5,2nd,

FV1646A Lemon Garlic Shrimp & Spanakorizo [DE],REC-030366-4-001,R,1,portions,Spanakopita Rice,S,,105,grams,,SUB-031599-4-001,UNCATEGORIZED BOM,"***PLATING INSTRUCTIONS***
(From the bottom to the top)

 2 Compartment

MAIN COMPARTMENT
105 g = Rice
95 g = count at plating
43 g = lemon garlic sauce 
","MILCH (EINSCHLIESSLICH LAKTOSE), SCHWEFELDIOXIDE UND SULFITE",,0.98,1,SCOOP,grey,NATURAL,,,0.23149,3.77936,0.23621,PCK-00-151923-5,Main,
FV1646A Lemon Garlic Shrimp & Spanakorizo [DE],REC-030366-4-001,R,1,portions,Tuscan Shrimp Batch 2,S,,95,grams,,SUB-030357-4-001,THAW / MARINADE / OVEN / BLAST CHILLER,,"KREBSTIERE, SCHWEFELDIOXIDE UND SULFITE",,0.60003,,,,,,,0.20944,5.58477,0.34905,PCK-00-151923-5,Main,
FV1646A Lemon Garlic Shrimp & Spanakorizo [DE],REC-030366-4-001,R,1,portions,Lemon Garlic Cream Sauce,S,,43,grams,,SUB-030358-4-001,SPICE PORTIONING / IMMERSION BLENDER / BRAISER / BLAST CHILLER,,"MILCH (EINSCHLIESSLICH LAKTOSE), SCHWEFELDIOXIDE UND SULFITE",,0.8878,,,,,,,0.0948,1.70846,0.10678,PCK-00-151923-5,Main,
FV1646A Lemon Garlic Shrimp & Spanakorizo [DE],REC-030366-4-001,R,1,portions,Garlic and Chive Roasted Cauliflower Florets,S,,90,grams,,SUB-029387-4-001,OVEN / BLAST CHILLER,"
2ND COMPARTMENT
90 g= cauliflower
40 g = zucchini
32 g = grape tomato",SCHWEFELDIOXIDE UND SULFITE,,0.68894,1,SCOOP,beige,NATURAL,,,0.19842,4.60805,0.288,PCK-00-151923-5,2nd,
FV1646A Lemon Garlic Shrimp & Spanakorizo [DE],REC-030366-4-001,R,1,portions,Toasted Garlic Zucchini - Half moons 3 - half salt,S,,40,grams,,SUB-030364-4-001,OVEN / BLAST CHILLER,,,,0.6209,1,SCOOP,blue,NATURAL,,,0.08818,2.27244,0.14203,PCK-00-151923-5,2nd,
FV1646A Lemon Garlic Shrimp & Spanakorizo [DE],REC-030366-4-001,R,1,portions,Balsamic Cherry Tomatoes,S,,32,grams,,SUB-014243-4-001,OVEN / BLAST CHILLER,,SCHWEFELDIOXIDE UND SULFITE,,0.85641,1,SCOOP,red,NATURAL,,,0.07055,1.31802,0.08238,PCK-00-151923-5,2nd,

FV1646A Lemon Garlic Shrimp & Spanakorizo [DKSE],REC-030366-4-003,R,1,portions,Spanakopita Rice,S,,105,grams,,SUB-031599-4-001,UNCATEGORIZED BOM,"***PLATING INSTRUCTIONS***
(From the bottom to the top)

 2 Compartment

MAIN COMPARTMENT
105 g = Rice
95 g = count at plating
43 g = lemon garlic sauce
","MILCH (EINSCHLIESSLICH LAKTOSE), SCHWEFELDIOXIDE UND SULFITE",,0.98,1,SCOOP,grey,NATURAL,,,0.23149,3.77936,0.23621,PCK-00-151923-5,Main,
FV1646A Lemon Garlic Shrimp & Spanakorizo [DKSE],REC-030366-4-003,R,1,portions,Tuscan Shrimp Batch 2,S,,95,grams,,SUB-030357-4-001,THAW / MARINADE / OVEN / BLAST CHILLER,,"KREBSTIERE, SCHWEFELDIOXIDE UND SULFITE",,0.60003,,,,,,,0.20944,5.58477,0.34905,PCK-00-151923-5,Main,
FV1646A Lemon Garlic Shrimp & Spanakorizo [DKSE],REC-030366-4-003,R,1,portions,Lemon Garlic Cream Sauce,S,,43,grams,,SUB-030358-4-001,SPICE PORTIONING / IMMERSION BLENDER / BRAISER / BLAST CHILLER,,"MILCH (EINSCHLIESSLICH LAKTOSE), SCHWEFELDIOXIDE UND SULFITE",,0.8878,,,,,,,0.0948,1.70846,0.10678,PCK-00-151923-5,Main,
FV1646A Lemon Garlic Shrimp & Spanakorizo [DKSE],REC-030366-4-003,R,1,portions,Garlic and Chive Roasted Cauliflower Florets,S,,90,grams,,SUB-029387-4-001,OVEN / BLAST CHILLER,"
2ND COMPARTMENT
90 g= cauliflower
40 g = zucchini
32 g = grape tomato",SCHWEFELDIOXIDE UND SULFITE,,0.68894,1,SCOOP,beige,NATURAL,,,0.19842,4.60805,0.288,PCK-00-151923-5,2nd,
FV1646A Lemon Garlic Shrimp & Spanakorizo [DKSE],REC-030366-4-003,R,1,portions,Toasted Garlic Zucchini - Half moons 3 - half salt,S,,40,grams,,SUB-030364-4-001,OVEN / BLAST CHILLER,,,,0.6209,1,SCOOP,blue,NATURAL,,,0.08818,2.27244,0.14203,PCK-00-151923-5,2nd,
FV1646A Lemon Garlic Shrimp & Spanakorizo [DKSE],REC-030366-4-003,R,1,portions,Balsamic Cherry Tomatoes,S,,32,grams,,SUB-014243-4-001,OVEN / BLAST CHILLER,,SCHWEFELDIOXIDE UND SULFITE,,0.85641,1,SCOOP,red,NATURAL,,,0.07055,1.31802,0.08238,PCK-00-151923-5,2nd,

FV1696A - [DE]- Tunisian-Spiced Tomato & Chicken Bowl,REC-032661-4-003,R,1,portions,Tomato & Bell Pepper Brown Rice Batch,S,,105,grams,,SUB-032662-4-001,PLANETARY MIXER,"PLATING INSTRUCTIONS
(From the bottom to the top) 

2 Compartment

MAIN:
105 tomato bell pepper rice
85g chicken chunks
42g Shakshuka tomato sauce
30g Fire roasted tomatoes 
",,,0.82324,,,,,,,0.23149,4.499,0.28119,PCK-00-151923-5,Main,
FV1696A - [DE]- Tunisian-Spiced Tomato & Chicken Bowl,REC-032661-4-003,R,1,portions,Chicken Chunk - Mod Marinade #7 Smoky Char Garlic,S,,85,grams,,SUB-032646-4-001,MARINADE / OVEN / BLAST CHILLER,,SCHWEFELDIOXIDE UND SULFITE,,0.51369,,,,,,,0.18739,5.83681,0.3648,PCK-00-151923-5,Main,
FV1696A - [DE]- Tunisian-Spiced Tomato & Chicken Bowl,REC-032661-4-003,R,1,portions,Fire Roasted Shakshuka Tomato Sauce -Tunisian Spiced Tomato & Chicken Bowl,S,,42,grams,,SUB-032647-4-001,SPICE PORTIONING / IMMERSION BLENDER / BRAISER / BLAST CHILLER,,SCHWEFELDIOXIDE UND SULFITE,,0.89776,,,,,,,0.09259,1.65023,0.10314,PCK-00-151923-5,Main,
FV1696A - [DE]- Tunisian-Spiced Tomato & Chicken Bowl,REC-032661-4-003,R,1,portions,Fire Roasted Tomato Salsa - Chunky,S,,30,grams,,SUB-032648-4-001,SPICE PORTIONING / IMMERSION BLENDER / BRAISER / BLAST CHILLER,,SCHWEFELDIOXIDE UND SULFITE,,0.81828,,,,,,,0.06614,1.29322,0.08083,PCK-00-151923-5,Main,
FV1696A - [DE]- Tunisian-Spiced Tomato & Chicken Bowl,REC-032661-4-003,R,1,portions,Chermoula Roasted Diced Carrots - Less Salt,S,,45,grams,,SUB-032659-4-001,OVEN / BLAST CHILLER,"SIDE:
45g Diced carrots
70g  Zucchini/bell pepper mix
4g Toasted Sliced Almonds

Net Weight: 381g",,,0.6434,,,,,,,0.09921,2.46711,0.15419,PCK-00-151923-5,2nd,
FV1696A - [DE]- Tunisian-Spiced Tomato & Chicken Bowl,REC-032661-4-003,R,1,portions,Chermoula Zucchini & Bell Peppers - Less Salt,S,,70,grams,,SUB-032660-4-001,OVEN / BLAST CHILLER,,,,0.79211,,,,,,,0.15432,3.1172,0.19483,PCK-00-151923-5,2nd,
FV1696A - [DE]- Tunisian-Spiced Tomato & Chicken Bowl,REC-032661-4-003,R,1,portions,Toasted Sliced Almonds,S,,4,grams,,SUB-013495-4-001,HAND MARINADE / OVEN / BLAST CHILLER,,"MANDELN, SCHALENFRÜCHTE",,0.77147,,,,,,,0.00882,0.18289,0.01143,PCK-00-151923-5,2nd,

FV1696A - [DKSE] -Tunisian-Spiced Tomato & Chicken Bowl,REC-032661-4-001,R,1,portions,Tomato & Bell Pepper Brown Rice Batch,S,,105,grams,,SUB-032662-4-001,PLANETARY MIXER,"PLATING INSTRUCTIONS
(From the bottom to the top) 

2 Compartment

MAIN:
105 tomato bell pepper rice
85g chicken chunks
42g Shakshuka tomato sauce
30g Fire roasted tomatoes 
",,,0.82324,,,,,,,0.23149,4.499,0.28119,PCK-00-151923-5,Main,
FV1696A - [DKSE] -Tunisian-Spiced Tomato & Chicken Bowl,REC-032661-4-001,R,1,portions,Chicken Chunk - Mod Marinade #7 Smoky Char Garlic,S,,85,grams,,SUB-032646-4-001,MARINADE / OVEN / BLAST CHILLER,,SCHWEFELDIOXIDE UND SULFITE,,0.51369,,,,,,,0.18739,5.83681,0.3648,PCK-00-151923-5,Main,
FV1696A - [DKSE] -Tunisian-Spiced Tomato & Chicken Bowl,REC-032661-4-001,R,1,portions,Fire Roasted Shakshuka Tomato Sauce -Tunisian Spiced Tomato & Chicken Bowl,S,,42,grams,,SUB-032647-4-001,SPICE PORTIONING / IMMERSION BLENDER / BRAISER / BLAST CHILLER,,SCHWEFELDIOXIDE UND SULFITE,,0.89776,,,,,,,0.09259,1.65023,0.10314,PCK-00-151923-5,Main,
FV1696A - [DKSE] -Tunisian-Spiced Tomato & Chicken Bowl,REC-032661-4-001,R,1,portions,Fire Roasted Tomato Salsa - Chunky,S,,30,grams,,SUB-032648-4-001,SPICE PORTIONING / IMMERSION BLENDER / BRAISER / BLAST CHILLER,,SCHWEFELDIOXIDE UND SULFITE,,0.81828,,,,,,,0.06614,1.29322,0.08083,PCK-00-151923-5,Main,
FV1696A - [DKSE] -Tunisian-Spiced Tomato & Chicken Bowl,REC-032661-4-001,R,1,portions,Chermoula Roasted Diced Carrots - Less Salt,S,,45,grams,,SUB-032659-4-001,OVEN / BLAST CHILLER,"SIDE:
45g Diced carrots
70g  Zucchini/bell pepper mix
4g Toasted Sliced Almonds

Net Weight: 381g",,,0.6434,,,,,,,0.09921,2.46711,0.15419,PCK-00-151923-5,2nd,
FV1696A - [DKSE] -Tunisian-Spiced Tomato & Chicken Bowl,REC-032661-4-001,R,1,portions,Chermoula Zucchini & Bell Peppers - Less Salt,S,,70,grams,,SUB-032660-4-001,OVEN / BLAST CHILLER,,,,0.79211,,,,,,,0.15432,3.1172,0.19483,PCK-00-151923-5,2nd,
FV1696A - [DKSE] -Tunisian-Spiced Tomato & Chicken Bowl,REC-032661-4-001,R,1,portions,Toasted Sliced Almonds,S,,4,grams,,SUB-013495-4-001,HAND MARINADE / OVEN / BLAST CHILLER,,"MANDELN, SCHALENFRÜCHTE",,0.77147,,,,,,,0.00882,0.18289,0.01143,PCK-00-151923-5,2nd,

FV1696A -[BNL]- Tunisian-Spiced Tomato & Chicken Bowl,REC-032661-4-002,R,1,portions,Tomato & Bell Pepper Brown Rice Batch,S,,105,grams,,SUB-032662-4-001,PLANETARY MIXER,"PLATING INSTRUCTIONS
(From the bottom to the top) 

2 Compartment

MAIN:
105 tomato bell pepper rice
85g chicken chunks
42g Shakshuka tomato sauce
30g Fire roasted tomatoes 
",,,0.82324,,,,,,,0.23149,4.499,0.28119,PCK-00-151923-5,Main,
FV1696A -[BNL]- Tunisian-Spiced Tomato & Chicken Bowl,REC-032661-4-002,R,1,portions,Chicken Chunk - Mod Marinade #7 Smoky Char Garlic,S,,85,grams,,SUB-032646-4-001,MARINADE / OVEN / BLAST CHILLER,,SCHWEFELDIOXIDE UND SULFITE,,0.51369,,,,,,,0.18739,5.83681,0.3648,PCK-00-151923-5,Main,
FV1696A -[BNL]- Tunisian-Spiced Tomato & Chicken Bowl,REC-032661-4-002,R,1,portions,Fire Roasted Shakshuka Tomato Sauce -Tunisian Spiced Tomato & Chicken Bowl,S,,42,grams,,SUB-032647-4-001,SPICE PORTIONING / IMMERSION BLENDER / BRAISER / BLAST CHILLER,,SCHWEFELDIOXIDE UND SULFITE,,0.89776,,,,,,,0.09259,1.65023,0.10314,PCK-00-151923-5,Main,
FV1696A -[BNL]- Tunisian-Spiced Tomato & Chicken Bowl,REC-032661-4-002,R,1,portions,Fire Roasted Tomato Salsa - Chunky,S,,30,grams,,SUB-032648-4-001,SPICE PORTIONING / IMMERSION BLENDER / BRAISER / BLAST CHILLER,,SCHWEFELDIOXIDE UND SULFITE,,0.81828,,,,,,,0.06614,1.29322,0.08083,PCK-00-151923-5,Main,
FV1696A -[BNL]- Tunisian-Spiced Tomato & Chicken Bowl,REC-032661-4-002,R,1,portions,Chermoula Roasted Diced Carrots - Less Salt,S,,45,grams,,SUB-032659-4-001,OVEN / BLAST CHILLER,"SIDE:
45g Diced carrots
70g  Zucchini/bell pepper mix
4g Toasted Sliced Almonds

Net Weight: 381g",,,0.6434,,,,,,,0.09921,2.46711,0.15419,PCK-00-151923-5,2nd,
FV1696A -[BNL]- Tunisian-Spiced Tomato & Chicken Bowl,REC-032661-4-002,R,1,portions,Chermoula Zucchini & Bell Peppers - Less Salt,S,,70,grams,,SUB-032660-4-001,OVEN / BLAST CHILLER,,,,0.79211,,,,,,,0.15432,3.1172,0.19483,PCK-00-151923-5,2nd,
FV1696A -[BNL]- Tunisian-Spiced Tomato & Chicken Bowl,REC-032661-4-002,R,1,portions,Toasted Sliced Almonds,S,,4,grams,,SUB-013495-4-001,HAND MARINADE / OVEN / BLAST CHILLER,,"MANDELN, SCHALENFRÜCHTE",,0.77147,,,,,,,0.00882,0.18289,0.01143,PCK-00-151923-5,2nd,

FV1731A - [BNL] -  Citrus-Miso Glazed Salmon Bowl,REC-033132-4-001,R,1,portions,Brown basmati rice + sesame and scallion Less Salt,S,,80,grams,,SUB-029310-4-001,UNCATEGORIZED BOM,"""**PLATING INSTRUCTIONS**                                                                                                                                       
** 2 COMPARTMENT TRAY**                                                                                                                         
 1 : Main Compartment (from bottom to top)
80 g Rice 
20 g Peppers
1 ea Salmon
40 g Citrus Miso Glaze
20 g Edamame","SCHWEFELDIOXIDE UND SULFITE, SESAMSAMEN",,0.97996,,,,,,,0.17637,2.87963,0.17998,PCK-00-151923-5,Main,
FV1731A - [BNL] -  Citrus-Miso Glazed Salmon Bowl,REC-033132-4-001,R,1,portions,Garlic Roasted Red Peppers - Diced -Low Fat,S,,20,grams,,SUB-033130-4-001,UNCATEGORIZED BOM,,SCHWEFELDIOXIDE UND SULFITE,,0.72171,,,,,,,0.04409,0.97751,0.06109,PCK-00-151923-5,Main,
FV1731A - [BNL] -  Citrus-Miso Glazed Salmon Bowl,REC-033132-4-001,R,1,portions,Salmon - Asian Ginger Soy,S,,1,each,,SUB-033131-4-001,UNCATEGORIZED BOM,,"FISCH, SCHWEFELDIOXIDE UND SULFITE, SESAMSAMEN, SOJA",,0.80043,,,,,,4.23288,0.26455,5.28828,0.33052,PCK-00-151923-5,Main,
FV1731A - [BNL] -  Citrus-Miso Glazed Salmon Bowl,REC-033132-4-001,R,1,portions,Citrus Miso Glaze,S,,40,grams,,SUB-029311-4-001,SPICE PORTIONING / IMMERSION BLENDER / BRAISER / BLAST CHILLER,,"SCHWEFELDIOXIDE UND SULFITE, SESAMSAMEN, SOJA",,0.92304,,,,,,,0.08818,1.52861,0.09554,PCK-00-151923-5,Main,
FV1731A - [BNL] -  Citrus-Miso Glazed Salmon Bowl,REC-033132-4-001,R,1,portions,Steamed Edamame,S,,20,grams,,SUB-023338-4-001,OVEN / BLAST CHILLER,,SOJA,,0.88599,,,,,,,0.04409,0.79626,0.04977,PCK-00-151923-5,Main,
FV1731A - [BNL] -  Citrus-Miso Glazed Salmon Bowl,REC-033132-4-001,R,1,portions,Sesame roasted green beans with diced onion,S,,100,grams,,SUB-029316-4-001,UNCATEGORIZED BOM,"2 : Side Compartment (from bottom to top)
100 g Green Beans

Net Weight : 380 g",SESAMSAMEN,,0.66423,,,,,,,0.22046,5.31052,0.33191,PCK-00-151923-5,2nd,

FV1731A - [DE]  - Citrus-Miso Glazed Salmon Bowl,REC-033132-4-002,R,1,portions,Brown basmati rice + sesame and scallion Less Salt,S,,80,grams,,SUB-029310-4-001,UNCATEGORIZED BOM,"""**PLATING INSTRUCTIONS**                                                                                                                                       
** 2 COMPARTMENT TRAY**                                                                                                                         
 1 : Main Compartment (from bottom to top)
80 g Rice 
20 g Peppers
1 ea Salmon
40 g Citrus Miso Glaze
20 g Edamame","SCHWEFELDIOXIDE UND SULFITE, SESAMSAMEN",,0.97996,,,,,,,0.17637,2.87963,0.17998,PCK-00-151923-5,Main,
FV1731A - [DE]  - Citrus-Miso Glazed Salmon Bowl,REC-033132-4-002,R,1,portions,Garlic Roasted Red Peppers - Diced -Low Fat,S,,20,grams,,SUB-033130-4-001,UNCATEGORIZED BOM,,SCHWEFELDIOXIDE UND SULFITE,,0.72171,,,,,,,0.04409,0.97751,0.06109,PCK-00-151923-5,Main,
FV1731A - [DE]  - Citrus-Miso Glazed Salmon Bowl,REC-033132-4-002,R,1,portions,Salmon - Asian Ginger Soy,S,,1,each,,SUB-033131-4-001,UNCATEGORIZED BOM,,"FISCH, SCHWEFELDIOXIDE UND SULFITE, SESAMSAMEN, SOJA",,0.80043,,,,,,4.23288,0.26455,5.28828,0.33052,PCK-00-151923-5,Main,
FV1731A - [DE]  - Citrus-Miso Glazed Salmon Bowl,REC-033132-4-002,R,1,portions,Citrus Miso Glaze,S,,40,grams,,SUB-029311-4-001,SPICE PORTIONING / IMMERSION BLENDER / BRAISER / BLAST CHILLER,,"SCHWEFELDIOXIDE UND SULFITE, SESAMSAMEN, SOJA",,0.92304,,,,,,,0.08818,1.52861,0.09554,PCK-00-151923-5,Main,
FV1731A - [DE]  - Citrus-Miso Glazed Salmon Bowl,REC-033132-4-002,R,1,portions,Steamed Edamame,S,,20,grams,,SUB-023338-4-001,OVEN / BLAST CHILLER,,SOJA,,0.88599,,,,,,,0.04409,0.79626,0.04977,PCK-00-151923-5,Main,
FV1731A - [DE]  - Citrus-Miso Glazed Salmon Bowl,REC-033132-4-002,R,1,portions,Sesame roasted green beans with diced onion,S,,100,grams,,SUB-029316-4-001,UNCATEGORIZED BOM,"2 : Side Compartment (from bottom to top)
100 g Green Beans

Net Weight : 380 g",SESAMSAMEN,,0.66423,,,,,,,0.22046,5.31052,0.33191,PCK-00-151923-5,2nd,

FV1731A - [DK/SE] - Citrus-Miso Glazed Salmon Bowl,REC-033132-4-003,R,1,portions,Brown basmati rice + sesame and scallion Less Salt,S,,80,grams,,SUB-029310-4-001,UNCATEGORIZED BOM,"""**PLATING INSTRUCTIONS**                                                                                                                                       
** 2 COMPARTMENT TRAY**                                                                                                                         
 1 : Main Compartment (from bottom to top)
80 g Rice 
20 g Peppers
1 ea Salmon
40 g Citrus Miso Glaze
20 g Edamame","SCHWEFELDIOXIDE UND SULFITE, SESAMSAMEN",,0.97996,,,,,,,0.17637,2.87963,0.17998,PCK-00-151923-5,Main,
FV1731A - [DK/SE] - Citrus-Miso Glazed Salmon Bowl,REC-033132-4-003,R,1,portions,Garlic Roasted Red Peppers - Diced -Low Fat,S,,20,grams,,SUB-033130-4-001,UNCATEGORIZED BOM,,SCHWEFELDIOXIDE UND SULFITE,,0.72171,,,,,,,0.04409,0.97751,0.06109,PCK-00-151923-5,Main,
FV1731A - [DK/SE] - Citrus-Miso Glazed Salmon Bowl,REC-033132-4-003,R,1,portions,Salmon - Asian Ginger Soy,S,,1,each,,SUB-033131-4-001,UNCATEGORIZED BOM,,"FISCH, SCHWEFELDIOXIDE UND SULFITE, SESAMSAMEN, SOJA",,0.80043,,,,,,4.23288,0.26455,5.28828,0.33052,PCK-00-151923-5,Main,
FV1731A - [DK/SE] - Citrus-Miso Glazed Salmon Bowl,REC-033132-4-003,R,1,portions,Citrus Miso Glaze,S,,40,grams,,SUB-029311-4-001,SPICE PORTIONING / IMMERSION BLENDER / BRAISER / BLAST CHILLER,,"SCHWEFELDIOXIDE UND SULFITE, SESAMSAMEN, SOJA",,0.92304,,,,,,,0.08818,1.52861,0.09554,PCK-00-151923-5,Main,
FV1731A - [DK/SE] - Citrus-Miso Glazed Salmon Bowl,REC-033132-4-003,R,1,portions,Steamed Edamame,S,,20,grams,,SUB-023338-4-001,OVEN / BLAST CHILLER,,SOJA,,0.88599,,,,,,,0.04409,0.79626,0.04977,PCK-00-151923-5,Main,
FV1731A - [DK/SE] - Citrus-Miso Glazed Salmon Bowl,REC-033132-4-003,R,1,portions,Sesame roasted green beans with diced onion,S,,100,grams,,SUB-029316-4-001,UNCATEGORIZED BOM,"2 : Side Compartment (from bottom to top)
100 g Green Beans

Net Weight : 380 g",SESAMSAMEN,,0.66423,,,,,,,0.22046,5.31052,0.33191,PCK-00-151923-5,2nd,

FV1741A Hot Honey Barramundi and Wild Rice [BNL],REC-032372-4-003,R,1,portions,Ginger & Garlic Wild Rice Blend,S,,100,grams,,SUB-032371-4-001,OVEN / HAND MIX / BLAST CHILLER,"***PLATING INSTRUCTIONS***
(From the bottom to the top)

2 Compartment

MAIN COMPARTMENT
100 g Rice
1 ea Barramundi 
60 g Spinach
5 g Sesame
 

NET WEIGHT: 405",SCHWEFELDIOXIDE UND SULFITE,,0.96819,1,SCOOP,grey,LEVEL,,,0.22046,3.64327,0.2277,PCK-00-151923-5,Main,
FV1741A Hot Honey Barramundi and Wild Rice [BNL],REC-032372-4-003,R,1,portions,Barramundi - Asian Ginger Soy,S,,1,each,,SUB-032367-4-001,THAW / DEBOX / HAND MARINADE / OVEN / BLAST CHILLER,,"FISCH, SCHWEFELDIOXIDE UND SULFITE, SESAMSAMEN, SOJA",,0.82018,1,HAND_PORTIONED,Hand Portioned,BY_TRAY,,4.06885,0.2543,4.96093,0.31006,PCK-00-151923-5,Main,
FV1741A Hot Honey Barramundi and Wild Rice [BNL],REC-032372-4-003,R,1,portions,Miso Sesame Ginger Spinach,S,,60,grams,,SUB-032368-4-001,SPICE PORTIONING / BRAISER / BLAST CHILLER,,"SCHWEFELDIOXIDE UND SULFITE, SESAMSAMEN, SOJA",,0.68373,1,SCOOP,red,LEVEL,,,0.13228,3.09542,0.19346,PCK-00-151923-5,Main,
FV1741A Hot Honey Barramundi and Wild Rice [BNL],REC-032372-4-003,R,1,portions,Toasted Sesame Seeds,S,,5,grams,,SUB-033414-4-001,OVEN / BLAST CHILLER,,SESAMSAMEN,,0.97,,,,,,,0.01102,0.18182,0.01136,PCK-00-151923-5,Main,
FV1741A Hot Honey Barramundi and Wild Rice [BNL],REC-032372-4-003,R,1,portions,Cut Green Beans - Green Onion (Sesame Oil Base),S,,80,grams,,SUB-032363-4-001,OVEN / BLAST CHILLER,"2ND COMPARTMENT

80 g beans 

CUPPED 
40 g hot honey",SESAMSAMEN,,0.61818,1,SCOOP,white,LEVEL,,,0.17637,4.56485,0.2853,PCK-00-151923-5,2nd,
FV1741A Hot Honey Barramundi and Wild Rice [BNL],REC-032372-4-003,R,1,portions,Hot Honey Sauce,S,,40,grams,,SUB-032365-4-001,SPICE PORTIONING / IMMERSION BLENDER / BRAISER / BLAST CHILLER,,"SCHWEFELDIOXIDE UND SULFITE, SESAMSAMEN, SOJA",,0.9224,,,,,,,0.08818,1.52966,0.0956,PCK-00-151923-5,2nd,

FV1741A Hot Honey Barramundi and Wild Rice [DE],REC-032372-4-002,R,1,portions,Ginger & Garlic Wild Rice Blend,S,,100,grams,,SUB-032371-4-001,OVEN / HAND MIX / BLAST CHILLER,"***PLATING INSTRUCTIONS***
(From the bottom to the top)

2 Compartment

MAIN COMPARTMENT
100 g Rice
1 ea Barramundi 
60 g Spinach
5 g Sesame
 

NET WEIGHT: 405",SCHWEFELDIOXIDE UND SULFITE,,0.96819,1,SCOOP,grey,LEVEL,,,0.22046,3.64327,0.2277,PCK-00-151923-5,Main,
FV1741A Hot Honey Barramundi and Wild Rice [DE],REC-032372-4-002,R,1,portions,Barramundi - Asian Ginger Soy,S,,1,each,,SUB-032367-4-001,THAW / DEBOX / HAND MARINADE / OVEN / BLAST CHILLER,,"FISCH, SCHWEFELDIOXIDE UND SULFITE, SESAMSAMEN, SOJA",,0.82018,1,HAND_PORTIONED,Hand Portioned,BY_TRAY,,4.06885,0.2543,4.96093,0.31006,PCK-00-151923-5,Main,
FV1741A Hot Honey Barramundi and Wild Rice [DE],REC-032372-4-002,R,1,portions,Miso Sesame Ginger Spinach,S,,60,grams,,SUB-032368-4-001,SPICE PORTIONING / BRAISER / BLAST CHILLER,,"SCHWEFELDIOXIDE UND SULFITE, SESAMSAMEN, SOJA",,0.68373,1,SCOOP,red,LEVEL,,,0.13228,3.09542,0.19346,PCK-00-151923-5,Main,
FV1741A Hot Honey Barramundi and Wild Rice [DE],REC-032372-4-002,R,1,portions,Toasted Sesame Seeds,S,,5,grams,,SUB-033414-4-001,OVEN / BLAST CHILLER,,SESAMSAMEN,,0.97,,,,,,,0.01102,0.18182,0.01136,PCK-00-151923-5,Main,
FV1741A Hot Honey Barramundi and Wild Rice [DE],REC-032372-4-002,R,1,portions,Cut Green Beans - Green Onion (Sesame Oil Base),S,,80,grams,,SUB-032363-4-001,OVEN / BLAST CHILLER,"2ND COMPARTMENT

80 g beans 

CUPPED 
40 g hot honey",SESAMSAMEN,,0.61818,1,SCOOP,white,LEVEL,,,0.17637,4.56485,0.2853,PCK-00-151923-5,2nd,
FV1741A Hot Honey Barramundi and Wild Rice [DE],REC-032372-4-002,R,1,portions,Hot Honey Sauce,S,,40,grams,,SUB-032365-4-001,SPICE PORTIONING / IMMERSION BLENDER / BRAISER / BLAST CHILLER,,"SCHWEFELDIOXIDE UND SULFITE, SESAMSAMEN, SOJA",,0.9224,,,,,,,0.08818,1.52966,0.0956,PCK-00-151923-5,2nd,

FV1741A Hot Honey Barramundi and Wild Rice [DK/SE],REC-032372-4-001,R,1,portions,Ginger & Garlic Wild Rice Blend,S,,100,grams,,SUB-032371-4-001,OVEN / HAND MIX / BLAST CHILLER,"***PLATING INSTRUCTIONS***
(From the bottom to the top)

2 Compartment

MAIN COMPARTMENT
100 g Rice
1 ea Barramundi 
60 g Spinach
5 g Sesame
 

NET WEIGHT: 405",SCHWEFELDIOXIDE UND SULFITE,,0.96819,1,SCOOP,grey,LEVEL,,,0.22046,3.64327,0.2277,PCK-00-151923-5,Main,
FV1741A Hot Honey Barramundi and Wild Rice [DK/SE],REC-032372-4-001,R,1,portions,Barramundi - Asian Ginger Soy,S,,1,each,,SUB-032367-4-001,THAW / DEBOX / HAND MARINADE / OVEN / BLAST CHILLER,,"FISCH, SCHWEFELDIOXIDE UND SULFITE, SESAMSAMEN, SOJA",,0.82018,1,HAND_PORTIONED,Hand Portioned,BY_TRAY,,4.06885,0.2543,4.96093,0.31006,PCK-00-151923-5,Main,
FV1741A Hot Honey Barramundi and Wild Rice [DK/SE],REC-032372-4-001,R,1,portions,Miso Sesame Ginger Spinach,S,,60,grams,,SUB-032368-4-001,SPICE PORTIONING / BRAISER / BLAST CHILLER,,"SCHWEFELDIOXIDE UND SULFITE, SESAMSAMEN, SOJA",,0.68373,1,SCOOP,red,LEVEL,,,0.13228,3.09542,0.19346,PCK-00-151923-5,Main,
FV1741A Hot Honey Barramundi and Wild Rice [DK/SE],REC-032372-4-001,R,1,portions,Toasted Sesame Seeds,S,,5,grams,,SUB-033414-4-001,OVEN / BLAST CHILLER,,SESAMSAMEN,,0.97,,,,,,,0.01102,0.18182,0.01136,PCK-00-151923-5,Main,
FV1741A Hot Honey Barramundi and Wild Rice [DK/SE],REC-032372-4-001,R,1,portions,Cut Green Beans - Green Onion (Sesame Oil Base),S,,80,grams,,SUB-032363-4-001,OVEN / BLAST CHILLER,"2ND COMPARTMENT

80 g beans 

CUPPED 
40 g hot honey",SESAMSAMEN,,0.61818,1,SCOOP,white,LEVEL,,,0.17637,4.56485,0.2853,PCK-00-151923-5,2nd,
FV1741A Hot Honey Barramundi and Wild Rice [DK/SE],REC-032372-4-001,R,1,portions,Hot Honey Sauce,S,,40,grams,,SUB-032365-4-001,SPICE PORTIONING / IMMERSION BLENDER / BRAISER / BLAST CHILLER,,"SCHWEFELDIOXIDE UND SULFITE, SESAMSAMEN, SOJA",,0.9224,,,,,,,0.08818,1.52966,0.0956,PCK-00-151923-5,2nd,

FV1741B Hot Honey Barramundi and Wild Rice [BNL],REC-032372-4-004,R,1,portions,Wild Rice + Brown Jasmine - Ginger & Garlic,S,,100,grams,,SUB-033289-4-001,PLANETARY MIXER,"***PLATING INSTRUCTIONS***
(From the bottom to the top)

2 Compartment

MAIN COMPARTMENT
100 g Rice
1 ea Barramundi 
60 g Spinach
5 g Sesame
 

NET WEIGHT: 405",SCHWEFELDIOXIDE UND SULFITE,,0.95,,,,,,,0.22046,3.71305,0.23207,PCK-00-151923-5,Main,
FV1741B Hot Honey Barramundi and Wild Rice [BNL],REC-032372-4-004,R,1,portions,Barramundi - Asian Ginger Soy,S,,1,each,,SUB-032367-4-001,THAW / DEBOX / HAND MARINADE / OVEN / BLAST CHILLER,,"FISCH, SCHWEFELDIOXIDE UND SULFITE, SESAMSAMEN, SOJA",,0.82018,1,HAND_PORTIONED,Hand Portioned,BY_TRAY,,4.06885,0.2543,4.96093,0.31006,PCK-00-151923-5,Main,
FV1741B Hot Honey Barramundi and Wild Rice [BNL],REC-032372-4-004,R,1,portions,Miso Sesame Ginger Spinach,S,,60,grams,,SUB-032368-4-001,SPICE PORTIONING / BRAISER / BLAST CHILLER,,"SCHWEFELDIOXIDE UND SULFITE, SESAMSAMEN, SOJA",,0.68373,1,SCOOP,red,LEVEL,,,0.13228,3.09542,0.19346,PCK-00-151923-5,Main,
FV1741B Hot Honey Barramundi and Wild Rice [BNL],REC-032372-4-004,R,1,portions,"FA-DE Spice, Sesame Seeds, Black /Gewürz, Sesamsamen, Schwarz",I,SPI-00-139380-5,5,grams,,,,,,,,5,HAND_PORTIONED,Hand Portioned,BY_CAMBRO,,,0.01102,0.17637,0.01102,PCK-00-151923-5,Main,
FV1741B Hot Honey Barramundi and Wild Rice [BNL],REC-032372-4-004,R,1,portions,Cut Green Beans - Green Onion (Sesame Oil Base),S,,80,grams,,SUB-032363-4-001,OVEN / BLAST CHILLER,"2ND COMPARTMENT

80 g beans 

CUPPED 
40 g hot honey",SESAMSAMEN,,0.61818,1,SCOOP,white,LEVEL,,,0.17637,4.56485,0.2853,PCK-00-151923-5,2nd,
FV1741B Hot Honey Barramundi and Wild Rice [BNL],REC-032372-4-004,R,1,portions,Hot Honey Sauce,S,,40,grams,,SUB-032365-4-001,SPICE PORTIONING / IMMERSION BLENDER / BRAISER / BLAST CHILLER,,"SCHWEFELDIOXIDE UND SULFITE, SESAMSAMEN, SOJA",,0.9224,,,,,,,0.08818,1.52966,0.0956,PCK-00-151923-5,2nd,

FV1741B Hot Honey Barramundi and Wild Rice [DE],REC-032372-4-005,R,1,portions,Wild Rice + Brown Jasmine - Ginger & Garlic,S,,100,grams,,SUB-033289-4-001,PLANETARY MIXER,"***PLATING INSTRUCTIONS***
(From the bottom to the top)

2 Compartment

MAIN COMPARTMENT
100 g Rice
1 ea Barramundi 
60 g Spinach
5 g Sesame
 

NET WEIGHT: 405",SCHWEFELDIOXIDE UND SULFITE,,0.95,,,,,,,0.22046,3.71305,0.23207,PCK-00-151923-5,Main,
FV1741B Hot Honey Barramundi and Wild Rice [DE],REC-032372-4-005,R,1,portions,Barramundi - Asian Ginger Soy,S,,1,each,,SUB-032367-4-001,THAW / DEBOX / HAND MARINADE / OVEN / BLAST CHILLER,,"FISCH, SCHWEFELDIOXIDE UND SULFITE, SESAMSAMEN, SOJA",,0.82018,1,HAND_PORTIONED,Hand Portioned,BY_TRAY,,4.06885,0.2543,4.96093,0.31006,PCK-00-151923-5,Main,
FV1741B Hot Honey Barramundi and Wild Rice [DE],REC-032372-4-005,R,1,portions,Miso Sesame Ginger Spinach,S,,60,grams,,SUB-032368-4-001,SPICE PORTIONING / BRAISER / BLAST CHILLER,,"SCHWEFELDIOXIDE UND SULFITE, SESAMSAMEN, SOJA",,0.68373,1,SCOOP,red,LEVEL,,,0.13228,3.09542,0.19346,PCK-00-151923-5,Main,
FV1741B Hot Honey Barramundi and Wild Rice [DE],REC-032372-4-005,R,1,portions,"FA-DE Spice, Sesame Seeds, Black /Gewürz, Sesamsamen, Schwarz",I,SPI-00-139380-5,5,grams,,,,,,,,5,HAND_PORTIONED,Hand Portioned,BY_CAMBRO,,,0.01102,0.17637,0.01102,PCK-00-151923-5,Main,
FV1741B Hot Honey Barramundi and Wild Rice [DE],REC-032372-4-005,R,1,portions,Cut Green Beans - Green Onion (Sesame Oil Base),S,,80,grams,,SUB-032363-4-001,OVEN / BLAST CHILLER,"2ND COMPARTMENT

80 g beans 

CUPPED 
40 g hot honey",SESAMSAMEN,,0.61818,1,SCOOP,white,LEVEL,,,0.17637,4.56485,0.2853,PCK-00-151923-5,2nd,
FV1741B Hot Honey Barramundi and Wild Rice [DE],REC-032372-4-005,R,1,portions,Hot Honey Sauce,S,,40,grams,,SUB-032365-4-001,SPICE PORTIONING / IMMERSION BLENDER / BRAISER / BLAST CHILLER,,"SCHWEFELDIOXIDE UND SULFITE, SESAMSAMEN, SOJA",,0.9224,,,,,,,0.08818,1.52966,0.0956,PCK-00-151923-5,2nd,

FV1741B Hot Honey Barramundi and Wild Rice [DK/SE],REC-032372-4-006,R,1,portions,Wild Rice + Brown Jasmine - Ginger & Garlic,S,,100,grams,,SUB-033289-4-001,PLANETARY MIXER,"***PLATING INSTRUCTIONS***
(From the bottom to the top)

2 Compartment

MAIN COMPARTMENT
100 g Rice
1 ea Barramundi 
60 g Spinach
5 g Sesame
 

NET WEIGHT: 405",SCHWEFELDIOXIDE UND SULFITE,,0.95,,,,,,,0.22046,3.71305,0.23207,PCK-00-151923-5,Main,
FV1741B Hot Honey Barramundi and Wild Rice [DK/SE],REC-032372-4-006,R,1,portions,Barramundi - Asian Ginger Soy,S,,1,each,,SUB-032367-4-001,THAW / DEBOX / HAND MARINADE / OVEN / BLAST CHILLER,,"FISCH, SCHWEFELDIOXIDE UND SULFITE, SESAMSAMEN, SOJA",,0.82018,1,HAND_PORTIONED,Hand Portioned,BY_TRAY,,4.06885,0.2543,4.96093,0.31006,PCK-00-151923-5,Main,
FV1741B Hot Honey Barramundi and Wild Rice [DK/SE],REC-032372-4-006,R,1,portions,Miso Sesame Ginger Spinach,S,,60,grams,,SUB-032368-4-001,SPICE PORTIONING / BRAISER / BLAST CHILLER,,"SCHWEFELDIOXIDE UND SULFITE, SESAMSAMEN, SOJA",,0.68373,1,SCOOP,red,LEVEL,,,0.13228,3.09542,0.19346,PCK-00-151923-5,Main,
FV1741B Hot Honey Barramundi and Wild Rice [DK/SE],REC-032372-4-006,R,1,portions,"FA-DE Spice, Sesame Seeds, Black /Gewürz, Sesamsamen, Schwarz",I,SPI-00-139380-5,5,grams,,,,,,,,5,HAND_PORTIONED,Hand Portioned,BY_CAMBRO,,,0.01102,0.17637,0.01102,PCK-00-151923-5,Main,
FV1741B Hot Honey Barramundi and Wild Rice [DK/SE],REC-032372-4-006,R,1,portions,Cut Green Beans - Green Onion (Sesame Oil Base),S,,80,grams,,SUB-032363-4-001,OVEN / BLAST CHILLER,"2ND COMPARTMENT

80 g beans 

CUPPED 
40 g hot honey",SESAMSAMEN,,0.61818,1,SCOOP,white,LEVEL,,,0.17637,4.56485,0.2853,PCK-00-151923-5,2nd,
FV1741B Hot Honey Barramundi and Wild Rice [DK/SE],REC-032372-4-006,R,1,portions,Hot Honey Sauce,S,,40,grams,,SUB-032365-4-001,SPICE PORTIONING / IMMERSION BLENDER / BRAISER / BLAST CHILLER,,"SCHWEFELDIOXIDE UND SULFITE, SESAMSAMEN, SOJA",,0.9224,,,,,,,0.08818,1.52966,0.0956,PCK-00-151923-5,2nd,

FV1776A Tomato & Feta Shrimp [BNL],REC-029186-4-001,R,1,portions,Greek Lemon Rice - Brown Jasmine,S,,90,grams,,SUB-029184-4-001,UNCATEGORIZED BOM,"PLATING INSTRUCTIONS
(from the bottom to the top)

2 Compartment

MAIN:
90g lemon rice
105g shrimp 
70g tomato & feta sauce

SIDE:
90 g zucchini moons
35 g tomatoes
",SCHWEFELDIOXIDE UND SULFITE,,0.95005,1,SCOOP,blue,LEVEL,,,0.19842,3.34159,0.20885,PCK-00-151923-5,Main,
FV1776A Tomato & Feta Shrimp [BNL],REC-029186-4-001,R,1,portions,Basil-Garlic Shrimp Batch - Less Oil,S,,105,grams,,SUB-029191-4-001,THAW / MARINADE / OVEN / BLAST CHILLER,,"KREBSTIERE, SCHWEFELDIOXIDE UND SULFITE",,0.59997,,,,,,,0.23149,6.17322,0.38583,PCK-00-151923-5,Main,
FV1776A Tomato & Feta Shrimp [BNL],REC-029186-4-001,R,1,portions,Tomato & Feta Sauce - Chunky,S,,70,grams,,SUB-029195-4-001,SPICE PORTIONING / IMMERSION BLENDER / BRAISER / BLAST CHILLER,,"MILCH (EINSCHLIESSLICH LAKTOSE), SCHWEFELDIOXIDE UND SULFITE",,0.90619,1,SCOOP,blue,LEVEL,,,0.15432,2.7248,0.1703,PCK-00-151923-5,Main,
FV1776A Tomato & Feta Shrimp [BNL],REC-029186-4-001,R,1,portions,Garlic & Rosemary Zucchini Moons,S,,90,grams,,SUB-029192-4-001,OVEN / BLAST CHILLER,,,,0.6407,1,SCOOP,grey,LEVEL,,,0.19842,4.95496,0.30968,PCK-00-151923-5,2nd,
FV1776A Tomato & Feta Shrimp [BNL],REC-029186-4-001,R,1,portions,Greek Herb Roasted Cherry Tomatoes - No Salt,S,,35,grams,,SUB-029193-4-001,OVEN / BLAST CHILLER,,,,0.64087,1,SCOOP,black,LEVEL,,,0.07716,1.92642,0.1204,PCK-00-151923-5,2nd,

FV1776A Tomato & Feta Shrimp [DE],REC-029186-4-002,R,1,portions,Greek Lemon Rice - Brown Jasmine,S,,90,grams,,SUB-029184-4-001,UNCATEGORIZED BOM,"PLATING INSTRUCTIONS
(from the bottom to the top)

2 Compartment

MAIN:
90g lemon rice
105g shrimp 
70g tomato & feta sauce

SIDE:
90 g zucchini moons
35 g tomatoes
",SCHWEFELDIOXIDE UND SULFITE,,0.95005,1,SCOOP,blue,LEVEL,,,0.19842,3.34159,0.20885,PCK-00-151923-5,Main,
FV1776A Tomato & Feta Shrimp [DE],REC-029186-4-002,R,1,portions,Tomato & Feta Sauce - Chunky,S,,70,grams,,SUB-029195-4-001,SPICE PORTIONING / IMMERSION BLENDER / BRAISER / BLAST CHILLER,,"MILCH (EINSCHLIESSLICH LAKTOSE), SCHWEFELDIOXIDE UND SULFITE",,0.90619,1,SCOOP,blue,LEVEL,,,0.15432,2.7248,0.1703,PCK-00-151923-5,Main,
FV1776A Tomato & Feta Shrimp [DE],REC-029186-4-002,R,1,portions,Basil-Garlic Shrimp Batch - Less Oil,S,,105,grams,,SUB-029191-4-001,THAW / MARINADE / OVEN / BLAST CHILLER,,"KREBSTIERE, SCHWEFELDIOXIDE UND SULFITE",,0.59997,,,,,,,0.23149,6.17322,0.38583,PCK-00-151923-5,Main,
FV1776A Tomato & Feta Shrimp [DE],REC-029186-4-002,R,1,portions,Garlic & Rosemary Zucchini Moons,S,,90,grams,,SUB-029192-4-001,OVEN / BLAST CHILLER,,,,0.6407,1,SCOOP,grey,LEVEL,,,0.19842,4.95496,0.30968,PCK-00-151923-5,2nd,
FV1776A Tomato & Feta Shrimp [DE],REC-029186-4-002,R,1,portions,Greek Herb Roasted Cherry Tomatoes - No Salt,S,,35,grams,,SUB-029193-4-001,OVEN / BLAST CHILLER,,,,0.64087,1,SCOOP,black,LEVEL,,,0.07716,1.92642,0.1204,PCK-00-151923-5,2nd,

FV1776A Tomato & Feta Shrimp [DKSE],REC-029186-4-003,R,1,portions,Greek Lemon Rice - Brown Jasmine,S,,90,grams,,SUB-029184-4-001,UNCATEGORIZED BOM,"PLATING INSTRUCTIONS
(from the bottom to the top)

2 Compartment

MAIN:
90g lemon rice
105g shrimp 
70g tomato & feta sauce

SIDE:
90 g zucchini moons
35 g tomatoes
",SCHWEFELDIOXIDE UND SULFITE,,0.95005,1,SCOOP,blue,LEVEL,,,0.19842,3.34159,0.20885,PCK-00-151923-5,Main,
FV1776A Tomato & Feta Shrimp [DKSE],REC-029186-4-003,R,1,portions,Basil-Garlic Shrimp Batch - Less Oil,S,,105,grams,,SUB-029191-4-001,THAW / MARINADE / OVEN / BLAST CHILLER,,"KREBSTIERE, SCHWEFELDIOXIDE UND SULFITE",,0.59997,,,,,,,0.23149,6.17322,0.38583,PCK-00-151923-5,Main,
FV1776A Tomato & Feta Shrimp [DKSE],REC-029186-4-003,R,1,portions,Tomato & Feta Sauce - Chunky,S,,70,grams,,SUB-029195-4-001,SPICE PORTIONING / IMMERSION BLENDER / BRAISER / BLAST CHILLER,,"MILCH (EINSCHLIESSLICH LAKTOSE), SCHWEFELDIOXIDE UND SULFITE",,0.90619,1,SCOOP,blue,LEVEL,,,0.15432,2.7248,0.1703,PCK-00-151923-5,Main,
FV1776A Tomato & Feta Shrimp [DKSE],REC-029186-4-003,R,1,portions,Garlic & Rosemary Zucchini Moons,S,,90,grams,,SUB-029192-4-001,OVEN / BLAST CHILLER,,,,0.6407,1,SCOOP,grey,LEVEL,,,0.19842,4.95496,0.30968,PCK-00-151923-5,2nd,
FV1776A Tomato & Feta Shrimp [DKSE],REC-029186-4-003,R,1,portions,Greek Herb Roasted Cherry Tomatoes - No Salt,S,,35,grams,,SUB-029193-4-001,OVEN / BLAST CHILLER,,,,0.64087,1,SCOOP,black,LEVEL,,,0.07716,1.92642,0.1204,PCK-00-151923-5,2nd,

FV1790A - [BNL] - Tangy Miso Chicken Bowl,REC-033523-4-001,R,1,portions,Brown Jasmine Rice with Onion Inclusions,S,,100,grams,,SUB-033528-4-001,PLANETARY MIXER,"""**PLATING INSTRUCTIONS**                                                                                                                                       
                                                                                                                                    ** Compartment Size**                                                                                                                         
                                                                                                                                       1 : Main Compartment (from bottom to top)

100 g Rice
30 g Cabbage
1 ea Chicken","SCHWEFELDIOXIDE UND SULFITE, SESAMSAMEN",,0.98002,,,,,,,0.22046,3.59932,0.22496,PCK-00-151924-5,Main,
FV1790A - [BNL] - Tangy Miso Chicken Bowl,REC-033523-4-001,R,1,portions,Mod Cabbage Green Shredded - Green Onion (Sesame Oil Base),S,,30,grams,,SUB-033519-4-001,OVEN / BLAST CHILLER,,SESAMSAMEN,,0.7952,,,,,,,0.06614,1.33076,0.08317,PCK-00-151924-5,Main,
FV1790A - [BNL] - Tangy Miso Chicken Bowl,REC-033523-4-001,R,1,portions,Grilled Chicken Breast Marinade - Asian Soy Ginger,S,,1,each,,SUB-033526-4-001,MARINADE / GRILL / OVEN / BLAST CHILLER,,"SCHWEFELDIOXIDE UND SULFITE, SESAMSAMEN, SOJA",,0.70291,,,,,,4.00007,0.25,5.69075,0.35567,PCK-00-151924-5,Main,
FV1790A - [BNL] - Tangy Miso Chicken Bowl,REC-033523-4-001,R,1,portions,Mod Carrot Coins  - Garlic & Ginger,S,,110,grams,,SUB-033524-4-001,OVEN / BLAST CHILLER,"2 : Side Compartment (from bottom to top)

110 g Carrots","SCHWEFELDIOXIDE UND SULFITE, SESAMSAMEN, SOJA",,0.70001,,,,,,,0.24251,5.54301,0.34644,PCK-00-151924-5,2nd,
FV1790A - [BNL] - Tangy Miso Chicken Bowl,REC-033523-4-001,R,1,portions,Miso Honey Vinegar,S,,30,grams,,SUB-033522-4-001,SPICE PORTIONING / IMMERSION BLENDER / BRAISER / BLAST CHILLER,"3 : Side Compartment 
(from bottom to top)

CUPPED

30 g Miso Honey Vinegar

Net Weight : 384 g","SCHWEFELDIOXIDE UND SULFITE, SENF, SOJA",,0.9697,,,,,,,0.06614,1.09129,0.06821,PCK-00-151924-5,3rd,

FV1790A - [DE] - Tangy Miso Chicken Bowl,REC-033523-4-002,R,1,portions,Brown Jasmine Rice with Onion Inclusions,S,,100,grams,,SUB-033528-4-001,PLANETARY MIXER,"""**PLATING INSTRUCTIONS**                                                                                                                                       
                                                                                                                                    ** Compartment Size**                                                                                                                         
                                                                                                                                       1 : Main Compartment (from bottom to top)

100 g Rice
30 g Cabbage
1 ea Chicken","SCHWEFELDIOXIDE UND SULFITE, SESAMSAMEN",,0.98002,,,,,,,0.22046,3.59932,0.22496,PCK-00-151924-5,Main,
FV1790A - [DE] - Tangy Miso Chicken Bowl,REC-033523-4-002,R,1,portions,Mod Cabbage Green Shredded - Green Onion (Sesame Oil Base),S,,30,grams,,SUB-033519-4-001,OVEN / BLAST CHILLER,,SESAMSAMEN,,0.7952,,,,,,,0.06614,1.33076,0.08317,PCK-00-151924-5,Main,
FV1790A - [DE] - Tangy Miso Chicken Bowl,REC-033523-4-002,R,1,portions,Grilled Chicken Breast Marinade - Asian Soy Ginger,S,,1,each,,SUB-033526-4-001,MARINADE / GRILL / OVEN / BLAST CHILLER,,"SCHWEFELDIOXIDE UND SULFITE, SESAMSAMEN, SOJA",,0.70291,,,,,,4.00007,0.25,5.69075,0.35567,PCK-00-151924-5,Main,
FV1790A - [DE] - Tangy Miso Chicken Bowl,REC-033523-4-002,R,1,portions,Mod Carrot Coins  - Garlic & Ginger,S,,110,grams,,SUB-033524-4-001,OVEN / BLAST CHILLER,"2 : Side Compartment (from bottom to top)

110 g Carrots","SCHWEFELDIOXIDE UND SULFITE, SESAMSAMEN, SOJA",,0.70001,,,,,,,0.24251,5.54301,0.34644,PCK-00-151924-5,2nd,
FV1790A - [DE] - Tangy Miso Chicken Bowl,REC-033523-4-002,R,1,portions,Miso Honey Vinegar,S,,30,grams,,SUB-033522-4-001,SPICE PORTIONING / IMMERSION BLENDER / BRAISER / BLAST CHILLER,"3 : Side Compartment 
(from bottom to top)

CUPPED

30 g Miso Honey Vinegar

Net Weight : 384 g","SCHWEFELDIOXIDE UND SULFITE, SENF, SOJA",,0.9697,,,,,,,0.06614,1.09129,0.06821,PCK-00-151924-5,3rd,

FV1790A - [DK/SE] - Tangy Miso Chicken Bowl,REC-033523-4-003,R,1,portions,Brown Jasmine Rice with Onion Inclusions,S,,100,grams,,SUB-033528-4-001,PLANETARY MIXER,"""**PLATING INSTRUCTIONS**                                                                                                                                       
                                                                                                                                    ** Compartment Size**                                                                                                                         
                                                                                                                                       1 : Main Compartment (from bottom to top)

100 g Rice
30 g Cabbage
1 ea Chicken","SCHWEFELDIOXIDE UND SULFITE, SESAMSAMEN",,0.98002,,,,,,,0.22046,3.59932,0.22496,PCK-00-151924-5,Main,
FV1790A - [DK/SE] - Tangy Miso Chicken Bowl,REC-033523-4-003,R,1,portions,Mod Cabbage Green Shredded - Green Onion (Sesame Oil Base),S,,30,grams,,SUB-033519-4-001,OVEN / BLAST CHILLER,,SESAMSAMEN,,0.7952,,,,,,,0.06614,1.33076,0.08317,PCK-00-151924-5,Main,
FV1790A - [DK/SE] - Tangy Miso Chicken Bowl,REC-033523-4-003,R,1,portions,Grilled Chicken Breast Marinade - Asian Soy Ginger,S,,1,each,,SUB-033526-4-001,MARINADE / GRILL / OVEN / BLAST CHILLER,,"SCHWEFELDIOXIDE UND SULFITE, SESAMSAMEN, SOJA",,0.70291,,,,,,4.00007,0.25,5.69075,0.35567,PCK-00-151924-5,Main,
FV1790A - [DK/SE] - Tangy Miso Chicken Bowl,REC-033523-4-003,R,1,portions,Mod Carrot Coins  - Garlic & Ginger,S,,110,grams,,SUB-033524-4-001,OVEN / BLAST CHILLER,"2 : Side Compartment (from bottom to top)

110 g Carrots","SCHWEFELDIOXIDE UND SULFITE, SESAMSAMEN, SOJA",,0.70001,,,,,,,0.24251,5.54301,0.34644,PCK-00-151924-5,2nd,
FV1790A - [DK/SE] - Tangy Miso Chicken Bowl,REC-033523-4-003,R,1,portions,Miso Honey Vinegar,S,,30,grams,,SUB-033522-4-001,SPICE PORTIONING / IMMERSION BLENDER / BRAISER / BLAST CHILLER,"3 : Side Compartment 
(from bottom to top)

CUPPED

30 g Miso Honey Vinegar

Net Weight : 384 g","SCHWEFELDIOXIDE UND SULFITE, SENF, SOJA",,0.9697,,,,,,,0.06614,1.09129,0.06821,PCK-00-151924-5,3rd,

FV1829A - [BNL] -Shakshuka-Style Chicken,REC-028985-4-001,R,1,portions,Moroccan Quinoa,S,,100,grams,,SUB-029016-4-001,OVEN / HAND MIX / BLAST CHILLER,"PLATING INSTRUCTIONS
(bottom to top)

2-COMPARTMENT

MAIN:

Quinoa- 100
Chicken Breast- 1ea (160g)
Shakshuka Sauce-45 g
","SCHWEFELDIOXIDE UND SULFITE, SELLERIE",,1,,,,,,,0.22046,3.5274,0.22046,PCK-00-151923-5,Main,
FV1829A - [BNL] -Shakshuka-Style Chicken,REC-028985-4-001,R,1,portions,Fire Roasted Shakshuka Tomato Sauce,S,,45,grams,,SUB-029019-4-001,SPICE PORTIONING / BRAISER / BLAST CHILLER,,SCHWEFELDIOXIDE UND SULFITE,,0.90738,,,,,,,0.09921,1.74935,0.10933,PCK-00-151923-5,Main,
FV1829A - [BNL] -Shakshuka-Style Chicken,REC-028985-4-001,R,1,portions,ChickenBreast - Mod Marinade #7 Smoky Char Garlic,S,,160,grams,,SUB-033778-4-001,MARINADE / GRILL / OVEN / BLAST CHILLER,,SCHWEFELDIOXIDE UND SULFITE,,0.70697,,,,,,659.99048,0.35274,933.54733,58.34671,PCK-00-151923-5,Main,
FV1829A - [BNL] -Shakshuka-Style Chicken,REC-028985-4-001,R,1,portions,Chermoula Roasted Carrots & Potatoes,S,,45,grams,,SUB-029020-4-001,OVEN / BLAST CHILLER,"2nd COMPARTMENT:

Carrots & Potatoes- 45g
Peppers & Onions- 50g

Net weight 400g",,,0.75861,,,,,,,0.09921,2.09242,0.13078,PCK-00-151923-5,2nd,
FV1829A - [BNL] -Shakshuka-Style Chicken,REC-028985-4-001,R,1,portions,Chermoula Roasted Peppers & Onions,S,,50,grams,,SUB-029023-4-001,OVEN / BLAST CHILLER,,,,0.71371,,,,,,,0.11023,2.47118,0.15445,PCK-00-151923-5,2nd,

FV1829A - [DE] -Shakshuka-Style Chicken,REC-028985-4-002,R,1,portions,Moroccan Quinoa,S,,100,grams,,SUB-029016-4-001,OVEN / HAND MIX / BLAST CHILLER,"PLATING INSTRUCTIONS
(bottom to top)

2-COMPARTMENT

MAIN:

Quinoa- 100
Chicken Breast- 1ea (116g)
Shakshuka Sauce-45 g
","SCHWEFELDIOXIDE UND SULFITE, SELLERIE",,1,,,,,,,0.22046,3.5274,0.22046,PCK-00-151923-5,Main,
FV1829A - [DE] -Shakshuka-Style Chicken,REC-028985-4-002,R,1,portions,Fire Roasted Shakshuka Tomato Sauce,S,,45,grams,,SUB-029019-4-001,SPICE PORTIONING / BRAISER / BLAST CHILLER,,SCHWEFELDIOXIDE UND SULFITE,,0.90738,,,,,,,0.09921,1.74935,0.10933,PCK-00-151923-5,Main,
FV1829A - [DE] -Shakshuka-Style Chicken,REC-028985-4-002,R,1,portions,ChickenBreast - Mod Marinade #7 Smoky Char Garlic,S,,1,each,,SUB-033778-4-001,MARINADE / GRILL / OVEN / BLAST CHILLER,,SCHWEFELDIOXIDE UND SULFITE,,0.70697,,,,,,4.12494,0.25781,5.83467,0.36467,PCK-00-151923-5,Main,
FV1829A - [DE] -Shakshuka-Style Chicken,REC-028985-4-002,R,1,portions,Chermoula Roasted Carrots & Potatoes,S,,45,grams,,SUB-029020-4-001,OVEN / BLAST CHILLER,"2nd COMPARTMENT:

Carrots & Potatoes- 45g
Peppers & Onions- 50g

Net weight 400g",,,0.75861,,,,,,,0.09921,2.09242,0.13078,PCK-00-151923-5,2nd,
FV1829A - [DE] -Shakshuka-Style Chicken,REC-028985-4-002,R,1,portions,Chermoula Roasted Peppers & Onions,S,,50,grams,,SUB-029023-4-001,OVEN / BLAST CHILLER,,,,0.71371,,,,,,,0.11023,2.47118,0.15445,PCK-00-151923-5,2nd,

FV1829A - [DSKE] -Shakshuka-Style Chicken,REC-028985-4-003,R,1,portions,Moroccan Quinoa,S,,100,grams,,SUB-029016-4-001,OVEN / HAND MIX / BLAST CHILLER,"PLATING INSTRUCTIONS
(bottom to top)

2-COMPARTMENT

MAIN:

Quinoa- 100
Chicken Breast- 1ea (160g)
Shakshuka Sauce-45 g
","SCHWEFELDIOXIDE UND SULFITE, SELLERIE",,1,,,,,,,0.22046,3.5274,0.22046,PCK-00-151923-5,Main,
FV1829A - [DSKE] -Shakshuka-Style Chicken,REC-028985-4-003,R,1,portions,Fire Roasted Shakshuka Tomato Sauce,S,,45,grams,,SUB-029019-4-001,SPICE PORTIONING / BRAISER / BLAST CHILLER,,SCHWEFELDIOXIDE UND SULFITE,,0.90738,,,,,,,0.09921,1.74935,0.10933,PCK-00-151923-5,Main,
FV1829A - [DSKE] -Shakshuka-Style Chicken,REC-028985-4-003,R,1,portions,ChickenBreast - Mod Marinade #7 Smoky Char Garlic,S,,160,grams,,SUB-033778-4-001,MARINADE / GRILL / OVEN / BLAST CHILLER,,SCHWEFELDIOXIDE UND SULFITE,,0.70697,,,,,,659.99048,0.35274,933.54733,58.34671,PCK-00-151923-5,Main,
FV1829A - [DSKE] -Shakshuka-Style Chicken,REC-028985-4-003,R,1,portions,Chermoula Roasted Carrots & Potatoes,S,,45,grams,,SUB-029020-4-001,OVEN / BLAST CHILLER,"2nd COMPARTMENT:

Carrots & Potatoes- 45g
Peppers & Onions- 50g

Net weight 400g",,,0.75861,,,,,,,0.09921,2.09242,0.13078,PCK-00-151923-5,2nd,
FV1829A - [DSKE] -Shakshuka-Style Chicken,REC-028985-4-003,R,1,portions,Chermoula Roasted Peppers & Onions,S,,50,grams,,SUB-029023-4-001,OVEN / BLAST CHILLER,,,,0.71371,,,,,,,0.11023,2.47118,0.15445,PCK-00-151923-5,2nd,

FV1942A Tandoori-Spiced Salmon Bowl [BNL],REC-030574-4-001,R,1,portions,Smokey Tumeric Rice - Tandoor Inclusion,S,,140,grams,,SUB-030575-4-001,PLANETARY MIXER,"PLATING INSTRUCTIONS
(From the bottom to the top) 

2 Compartment 

Main
140 g = rice
1 ea = Salmon
50 g = Cauliflower
5 g = pistachio


2 Compartment
100 g = carrots
45  g = yogurt (cupped) pH 4.15","SCHWEFELDIOXIDE UND SULFITE, SELLERIE",,0.96,1,SCOOP,green,LEVEL,,,0.30865,5.14412,0.32151,PCK-00-151922-5,Main,
FV1942A Tandoori-Spiced Salmon Bowl [BNL],REC-030574-4-001,R,1,portions,Tandoori Dry Rub Salmon Batch,S,,1,each,,SUB-030556-4-001,THAW / HAND MARINADE / OVEN / BLAST CHILLER,,FISCH,,0.82191,,,,,,4.20007,0.2625,5.11014,0.31938,PCK-00-151922-5,Main,
FV1942A Tandoori-Spiced Salmon Bowl [BNL],REC-030574-4-001,R,1,portions,Cilantro-Cumin Cauliflower Florets,S,,50,grams,,SUB-033217-4-001,OVEN / BLAST CHILLER,,,,0.75181,,,,,,,0.11023,2.34594,0.14662,PCK-00-151922-5,Main,
FV1942A Tandoori-Spiced Salmon Bowl [BNL],REC-030574-4-001,R,1,portions,Toasted Pistachios,S,,5,grams,,SUB-030554-4-001,OVEN / BLAST CHILLER,,"PISTAZIEN, SCHALENFRÜCHTE",,0.73098,1,SCOOP,purple,NATURAL,,,0.01102,0.24128,0.01508,PCK-00-151922-5,Main,
FV1942A Tandoori-Spiced Salmon Bowl [BNL],REC-030574-4-001,R,1,portions,Garlic-Honey Carrot Coins - Less Garlic w/ Cilantro,S,,100,grams,,SUB-030552-4-001,OVEN / BLAST CHILLER,,SCHWEFELDIOXIDE UND SULFITE,,0.67141,1,SCOOP,white,NATURAL,,,0.22046,5.25374,0.32836,PCK-00-151922-5,Main,
FV1942A Tandoori-Spiced Salmon Bowl [BNL],REC-030574-4-001,R,1,portions,Cumin Coriander Yogurt - CUPPED,S,,45,grams,,SUB-030550-4-001,IMMERSION BLENDER / CUPPING,,MILCH (EINSCHLIESSLICH LAKTOSE),,0.8954,1,CUP,Cup,,,,0.09921,1.77277,0.1108,PCK-00-151922-5,Main,

FV1942A Tandoori-Spiced Salmon Bowl [DE],REC-030574-4-002,R,1,portions,Smokey Tumeric Rice - Tandoor Inclusion,S,,140,grams,,SUB-030575-4-001,PLANETARY MIXER,"PLATING INSTRUCTIONS
(From the bottom to the top) 

2 Compartment 

Main
140 g = rice
1 ea = Salmon
50 g = Cauliflower
5 g = pistachio


2 Compartment
100 g = carrots
45  g = yogurt (cupped) pH 4.15","SCHWEFELDIOXIDE UND SULFITE, SELLERIE",,0.96,1,SCOOP,green,LEVEL,,,0.30865,5.14412,0.32151,PCK-00-151922-5,Main,
FV1942A Tandoori-Spiced Salmon Bowl [DE],REC-030574-4-002,R,1,portions,Tandoori Dry Rub Salmon Batch,S,,1,each,,SUB-030556-4-001,THAW / HAND MARINADE / OVEN / BLAST CHILLER,,FISCH,,0.82191,,,,,,4.20007,0.2625,5.11014,0.31938,PCK-00-151922-5,Main,
FV1942A Tandoori-Spiced Salmon Bowl [DE],REC-030574-4-002,R,1,portions,Cilantro-Cumin Cauliflower Florets,S,,50,grams,,SUB-033217-4-001,OVEN / BLAST CHILLER,,,,0.75181,,,,,,,0.11023,2.34594,0.14662,PCK-00-151922-5,Main,
FV1942A Tandoori-Spiced Salmon Bowl [DE],REC-030574-4-002,R,1,portions,Toasted Pistachios,S,,5,grams,,SUB-030554-4-001,OVEN / BLAST CHILLER,,"PISTAZIEN, SCHALENFRÜCHTE",,0.73098,1,SCOOP,purple,NATURAL,,,0.01102,0.24128,0.01508,PCK-00-151922-5,Main,
FV1942A Tandoori-Spiced Salmon Bowl [DE],REC-030574-4-002,R,1,portions,Garlic-Honey Carrot Coins - Less Garlic w/ Cilantro,S,,100,grams,,SUB-030552-4-001,OVEN / BLAST CHILLER,,SCHWEFELDIOXIDE UND SULFITE,,0.67141,1,SCOOP,white,NATURAL,,,0.22046,5.25374,0.32836,PCK-00-151922-5,Main,
FV1942A Tandoori-Spiced Salmon Bowl [DE],REC-030574-4-002,R,1,portions,Cumin Coriander Yogurt - CUPPED,S,,45,grams,,SUB-030550-4-001,IMMERSION BLENDER / CUPPING,,MILCH (EINSCHLIESSLICH LAKTOSE),,0.8954,1,CUP,Cup,,,,0.09921,1.77277,0.1108,PCK-00-151922-5,Main,

FV1942A Tandoori-Spiced Salmon Bowl [DK/SE],REC-030574-4-003,R,1,portions,Smokey Tumeric Rice - Tandoor Inclusion,S,,140,grams,,SUB-030575-4-001,PLANETARY MIXER,"PLATING INSTRUCTIONS
(From the bottom to the top) 

2 Compartment 

Main
140 g = rice
1 ea = Salmon
50 g = Cauliflower
5 g = pistachio


2 Compartment
100 g = carrots
45  g = yogurt (cupped) pH 4.15","SCHWEFELDIOXIDE UND SULFITE, SELLERIE",,0.96,1,SCOOP,green,LEVEL,,,0.30865,5.14412,0.32151,PCK-00-151922-5,Main,
FV1942A Tandoori-Spiced Salmon Bowl [DK/SE],REC-030574-4-003,R,1,portions,Tandoori Dry Rub Salmon Batch,S,,1,each,,SUB-030556-4-001,THAW / HAND MARINADE / OVEN / BLAST CHILLER,,FISCH,,0.82191,,,,,,4.20007,0.2625,5.11014,0.31938,PCK-00-151922-5,Main,
FV1942A Tandoori-Spiced Salmon Bowl [DK/SE],REC-030574-4-003,R,1,portions,Cilantro-Cumin Cauliflower Florets,S,,50,grams,,SUB-033217-4-001,OVEN / BLAST CHILLER,,,,0.75181,,,,,,,0.11023,2.34594,0.14662,PCK-00-151922-5,Main,
FV1942A Tandoori-Spiced Salmon Bowl [DK/SE],REC-030574-4-003,R,1,portions,Toasted Pistachios,S,,5,grams,,SUB-030554-4-001,OVEN / BLAST CHILLER,,"PISTAZIEN, SCHALENFRÜCHTE",,0.73098,1,SCOOP,purple,NATURAL,,,0.01102,0.24128,0.01508,PCK-00-151922-5,Main,
FV1942A Tandoori-Spiced Salmon Bowl [DK/SE],REC-030574-4-003,R,1,portions,Garlic-Honey Carrot Coins - Less Garlic w/ Cilantro,S,,100,grams,,SUB-030552-4-001,OVEN / BLAST CHILLER,,SCHWEFELDIOXIDE UND SULFITE,,0.67141,1,SCOOP,white,NATURAL,,,0.22046,5.25374,0.32836,PCK-00-151922-5,Main,
FV1942A Tandoori-Spiced Salmon Bowl [DK/SE],REC-030574-4-003,R,1,portions,Cumin Coriander Yogurt - CUPPED,S,,45,grams,,SUB-030550-4-001,IMMERSION BLENDER / CUPPING,,MILCH (EINSCHLIESSLICH LAKTOSE),,0.8954,,,,,,,0.09921,1.77277,0.1108,PCK-00-151922-5,Main,

FV1942B - [BNL] - Tandoori-Spiced Salmon Bowl,REC-030574-4-004,R,1,portions,Smokey Tumeric Rice - Tandoor Inclusion,S,,150,grams,,SUB-030575-4-001,PLANETARY MIXER,"PLATING INSTRUCTIONS
(From the bottom to the top) 

2 Compartment 

Main
150 g = rice
1 ea = Salmon
50 g = Cauliflower
5 g = pistachio


2 Compartment
100 g = carrots
40  g = yogurt (cupped) pH 4.15","SCHWEFELDIOXIDE UND SULFITE, SELLERIE",,0.96,1,SCOOP,green,LEVEL,,,0.33069,5.51156,0.34447,PCK-00-151922-5,Main,
FV1942B - [BNL] - Tandoori-Spiced Salmon Bowl,REC-030574-4-004,R,1,portions,Tandoori Yogurt Rub Salmon,S,,1,each,,SUB-030556-4-002,THAW / HAND MARINADE / OVEN / BLAST CHILLER,,"FISCH, MILCH (EINSCHLIESSLICH LAKTOSE)",,0.67366,,,,,,4.20007,0.2625,6.23468,0.38967,PCK-00-151922-5,Main,
FV1942B - [BNL] - Tandoori-Spiced Salmon Bowl,REC-030574-4-004,R,1,portions,Cilantro-Cumin Cauliflower Florets,S,,50,grams,,SUB-033217-4-001,OVEN / BLAST CHILLER,,,,0.75181,,,,,,,0.11023,2.34594,0.14662,PCK-00-151922-5,Main,
FV1942B - [BNL] - Tandoori-Spiced Salmon Bowl,REC-030574-4-004,R,1,portions,Toasted Pistachios,S,,5,grams,,SUB-030554-4-001,OVEN / BLAST CHILLER,,"PISTAZIEN, SCHALENFRÜCHTE",,0.73098,1,SCOOP,purple,NATURAL,,,0.01102,0.24128,0.01508,PCK-00-151922-5,Main,
FV1942B - [BNL] - Tandoori-Spiced Salmon Bowl,REC-030574-4-004,R,1,portions,Garlic-Honey Carrot Coins - Less Garlic w/ Cilantro,S,,100,grams,,SUB-030552-4-001,OVEN / BLAST CHILLER,,SCHWEFELDIOXIDE UND SULFITE,,0.67141,1,SCOOP,white,NATURAL,,,0.22046,5.25374,0.32836,PCK-00-151922-5,Main,
FV1942B - [BNL] - Tandoori-Spiced Salmon Bowl,REC-030574-4-004,R,1,portions,Cumin Coriander Yogurt - CUPPED,S,,40,grams,,SUB-030550-4-001,IMMERSION BLENDER / CUPPING,,MILCH (EINSCHLIESSLICH LAKTOSE),,0.8954,1,CUP,Cup,,,,0.08818,1.5758,0.09849,PCK-00-151922-5,Main,

FV1942B - [DE] - Tandoori-Spiced Salmon Bowl,REC-030574-4-005,R,1,portions,Smokey Tumeric Rice - Tandoor Inclusion,S,,150,grams,,SUB-030575-4-001,PLANETARY MIXER,"PLATING INSTRUCTIONS
(From the bottom to the top) 

2 Compartment 

Main
150 g = rice
1 ea = Salmon
50 g = Cauliflower
5 g = pistachio


2 Compartment
100 g = carrots
40  g = yogurt (cupped) pH 4.15","SCHWEFELDIOXIDE UND SULFITE, SELLERIE",,0.96,1,SCOOP,green,LEVEL,,,0.33069,5.51156,0.34447,PCK-00-151922-5,Main,
FV1942B - [DE] - Tandoori-Spiced Salmon Bowl,REC-030574-4-005,R,1,portions,Tandoori Yogurt Rub Salmon,S,,1,each,,SUB-030556-4-002,THAW / HAND MARINADE / OVEN / BLAST CHILLER,,"FISCH, MILCH (EINSCHLIESSLICH LAKTOSE)",,0.67366,,,,,,4.20007,0.2625,6.23468,0.38967,PCK-00-151922-5,Main,
FV1942B - [DE] - Tandoori-Spiced Salmon Bowl,REC-030574-4-005,R,1,portions,Cilantro-Cumin Cauliflower Florets,S,,50,grams,,SUB-033217-4-001,OVEN / BLAST CHILLER,,,,0.75181,,,,,,,0.11023,2.34594,0.14662,PCK-00-151922-5,Main,
FV1942B - [DE] - Tandoori-Spiced Salmon Bowl,REC-030574-4-005,R,1,portions,Toasted Pistachios,S,,5,grams,,SUB-030554-4-001,OVEN / BLAST CHILLER,,"PISTAZIEN, SCHALENFRÜCHTE",,0.73098,1,SCOOP,purple,NATURAL,,,0.01102,0.24128,0.01508,PCK-00-151922-5,Main,
FV1942B - [DE] - Tandoori-Spiced Salmon Bowl,REC-030574-4-005,R,1,portions,Garlic-Honey Carrot Coins - Less Garlic w/ Cilantro,S,,100,grams,,SUB-030552-4-001,OVEN / BLAST CHILLER,,SCHWEFELDIOXIDE UND SULFITE,,0.67141,1,SCOOP,white,NATURAL,,,0.22046,5.25374,0.32836,PCK-00-151922-5,Main,
FV1942B - [DE] - Tandoori-Spiced Salmon Bowl,REC-030574-4-005,R,1,portions,Cumin Coriander Yogurt - CUPPED,S,,40,grams,,SUB-030550-4-001,IMMERSION BLENDER / CUPPING,,MILCH (EINSCHLIESSLICH LAKTOSE),,0.8954,1,CUP,Cup,,,,0.08818,1.5758,0.09849,PCK-00-151922-5,Main,

FV1942B - [DK-SE] - Tandoori-Spiced Salmon Bowl,REC-030574-4-006,R,1,portions,Smokey Tumeric Rice - Tandoor Inclusion,S,,150,grams,,SUB-030575-4-001,PLANETARY MIXER,"PLATING INSTRUCTIONS
(From the bottom to the top) 

2 Compartment 

Main
150 g = rice
1 ea = Salmon
50 g = Cauliflower
5 g = pistachio


2 Compartment
100 g = carrots
40  g = yogurt (cupped) pH 4.15","SCHWEFELDIOXIDE UND SULFITE, SELLERIE",,0.96,1,SCOOP,green,LEVEL,,,0.33069,5.51156,0.34447,PCK-00-151922-5,Main,
FV1942B - [DK-SE] - Tandoori-Spiced Salmon Bowl,REC-030574-4-006,R,1,portions,Tandoori Yogurt Rub Salmon,S,,1,each,,SUB-030556-4-002,THAW / HAND MARINADE / OVEN / BLAST CHILLER,,"FISCH, MILCH (EINSCHLIESSLICH LAKTOSE)",,0.67366,,,,,,4.20007,0.2625,6.23468,0.38967,PCK-00-151922-5,Main,
FV1942B - [DK-SE] - Tandoori-Spiced Salmon Bowl,REC-030574-4-006,R,1,portions,Cilantro-Cumin Cauliflower Florets,S,,50,grams,,SUB-033217-4-001,OVEN / BLAST CHILLER,,,,0.75181,,,,,,,0.11023,2.34594,0.14662,PCK-00-151922-5,Main,
FV1942B - [DK-SE] - Tandoori-Spiced Salmon Bowl,REC-030574-4-006,R,1,portions,Toasted Pistachios,S,,5,grams,,SUB-030554-4-001,OVEN / BLAST CHILLER,,"PISTAZIEN, SCHALENFRÜCHTE",,0.73098,1,SCOOP,purple,NATURAL,,,0.01102,0.24128,0.01508,PCK-00-151922-5,Main,
FV1942B - [DK-SE] - Tandoori-Spiced Salmon Bowl,REC-030574-4-006,R,1,portions,Garlic-Honey Carrot Coins - Less Garlic w/ Cilantro,S,,100,grams,,SUB-030552-4-001,OVEN / BLAST CHILLER,,SCHWEFELDIOXIDE UND SULFITE,,0.67141,1,SCOOP,white,NATURAL,,,0.22046,5.25374,0.32836,PCK-00-151922-5,Main,
FV1942B - [DK-SE] - Tandoori-Spiced Salmon Bowl,REC-030574-4-006,R,1,portions,Cumin Coriander Yogurt - CUPPED,S,,40,grams,,SUB-030550-4-001,IMMERSION BLENDER / CUPPING,,MILCH (EINSCHLIESSLICH LAKTOSE),,0.8954,1,CUP,Cup,,,,0.08818,1.5758,0.09849,PCK-00-151922-5,Main,

FV4001A -  [DSKE] -Grilled Chicken Fillet Pesto,REC-014028-4-003,R,1,portions,Mash - Leek & Cream cheese Mashed Potatoes -Grilled Chicken Fillet Pesto,S,,120,grams,,SUB-031845-4-001,PLANETARY MIXER / BLAST CHILLER,"***PLATING INSTRUCTIONS***
(From the bottom to the top)

2 Compartment

MAIN COMPARTMENT
120g = Mash
1 ea = Chicken breast
20g = Pesto sauce

","MILCH (EINSCHLIESSLICH LAKTOSE), SCHWEFELDIOXIDE UND SULFITE",,0.92973,,,,,,,0.26455,4.55279,0.28455,PCK-00-151923-5,Main,
FV4001A -  [DSKE] -Grilled Chicken Fillet Pesto,REC-014028-4-003,R,1,portions,Chicken breast - Herb Grilled Chicken Breast,S,,1,each,,SUB-013545-4-001,MARINADE / GRILL / OVEN / BLAST CHILLER,,,,0.62422,,,,,,4.23288,0.26455,6.78107,0.42382,PCK-00-151923-5,Main,
FV4001A -  [DSKE] -Grilled Chicken Fillet Pesto,REC-014028-4-003,R,1,portions,Sauce - Pesto,S,,20,grams,,SUB-013665-4-001,IMMERSION BLENDER / BLAST CHILLER,,"MANDELN, MILCH (EINSCHLIESSLICH LAKTOSE), SCHALENFRÜCHTE",,0.95726,,,,,,,0.04409,0.73698,0.04606,PCK-00-151923-5,Main,
FV4001A -  [DSKE] -Grilled Chicken Fillet Pesto,REC-014028-4-003,R,1,portions,"Green beans - S&P Roasted Green Beans, Whole",S,,60,grams,,SUB-014026-4-001,OVEN / BLAST CHILLER,"2ND COMPARTMENT
60g = Whole green beans
60g = Cherry tomatoes

NET WEIGHT: 380g",,,0.6519,,,,,,,0.13228,3.24657,0.20291,PCK-00-151923-5,2nd,
FV4001A -  [DSKE] -Grilled Chicken Fillet Pesto,REC-014028-4-003,R,1,portions,Tomatoes - Roasted cherry tomatoes with balsamic,S,,60,grams,,SUB-014027-4-001,OVEN / BLAST CHILLER,,SCHWEFELDIOXIDE UND SULFITE,,0.89484,,,,,,,0.13228,2.36515,0.14782,PCK-00-151923-5,2nd,

FV4001A - [BNL] -Grilled Chicken Fillet Pesto,REC-014028-4-001,R,1,portions,Mash - Leek & Cream cheese Mashed Potatoes -Grilled Chicken Fillet Pesto,S,,120,grams,,SUB-031845-4-001,PLANETARY MIXER / BLAST CHILLER,"***PLATING INSTRUCTIONS***
(From the bottom to the top)

2 Compartment

MAIN COMPARTMENT
120g = Mash
1 ea = Chicken breast
25g = Pesto sauce

","MILCH (EINSCHLIESSLICH LAKTOSE), SCHWEFELDIOXIDE UND SULFITE",,0.92973,,,,,,,0.26455,4.55279,0.28455,PCK-00-151923-5,Main,
FV4001A - [BNL] -Grilled Chicken Fillet Pesto,REC-014028-4-001,R,1,portions,Chicken breast - Herb Grilled Chicken Breast,S,,1,each,,SUB-013545-4-001,MARINADE / GRILL / OVEN / BLAST CHILLER,,,,0.62422,,,,,,4.23288,0.26455,6.78107,0.42382,PCK-00-151923-5,Main,
FV4001A - [BNL] -Grilled Chicken Fillet Pesto,REC-014028-4-001,R,1,portions,Sauce Pesto -Less Fat,S,,20,grams,,SUB-033191-4-001,IMMERSION BLENDER / BLAST CHILLER,,"MANDELN, MILCH (EINSCHLIESSLICH LAKTOSE), SCHALENFRÜCHTE",,0.99527,,,,,,,0.04409,0.70883,0.0443,PCK-00-151923-5,Main,
FV4001A - [BNL] -Grilled Chicken Fillet Pesto,REC-014028-4-001,R,1,portions,"Green beans - S&P Roasted Green Beans, Whole",S,,60,grams,,SUB-014026-4-001,OVEN / BLAST CHILLER,"2ND COMPARTMENT
60g = Whole green beans
60g = Cherry tomatoes

NET WEIGHT: 380g",,,0.6519,,,,,,,0.13228,3.24657,0.20291,PCK-00-151923-5,2nd,
FV4001A - [BNL] -Grilled Chicken Fillet Pesto,REC-014028-4-001,R,1,portions,Tomatoes -Roasted Cherry Tomatoes with Balsamic (less fat),S,,60,grams,,SUB-033193-4-001,OVEN / BLAST CHILLER,,SCHWEFELDIOXIDE UND SULFITE,,0.89899,,,,,,,0.13228,2.35425,0.14714,PCK-00-151923-5,2nd,

FV4001A - [DE] -Grilled Chicken Fillet Pesto,REC-014028-4-002,R,1,portions,Mash - Leek & Cream cheese Mashed Potatoes -Grilled Chicken Fillet Pesto,S,,120,grams,,SUB-031845-4-001,PLANETARY MIXER / BLAST CHILLER,"***PLATING INSTRUCTIONS***
(From the bottom to the top)

2 Compartment

MAIN COMPARTMENT
120g = Mash
1 ea = Chicken breast
20g = Pesto sauce

","MILCH (EINSCHLIESSLICH LAKTOSE), SCHWEFELDIOXIDE UND SULFITE",,0.92973,,,,,,,0.26455,4.55279,0.28455,PCK-00-151923-5,Main,
FV4001A - [DE] -Grilled Chicken Fillet Pesto,REC-014028-4-002,R,1,portions,Chicken breast - Herb Grilled Chicken Breast,S,,1,each,,SUB-013545-4-001,MARINADE / GRILL / OVEN / BLAST CHILLER,,,,0.62422,,,,,,4.23288,0.26455,6.78107,0.42382,PCK-00-151923-5,Main,
FV4001A - [DE] -Grilled Chicken Fillet Pesto,REC-014028-4-002,R,1,portions,Sauce - Pesto,S,,20,grams,,SUB-013665-4-001,IMMERSION BLENDER / BLAST CHILLER,,"MANDELN, MILCH (EINSCHLIESSLICH LAKTOSE), SCHALENFRÜCHTE",,0.95726,,,,,,,0.04409,0.73698,0.04606,PCK-00-151923-5,Main,
FV4001A - [DE] -Grilled Chicken Fillet Pesto,REC-014028-4-002,R,1,portions,"Green beans - S&P Roasted Green Beans, Whole",S,,60,grams,,SUB-014026-4-001,OVEN / BLAST CHILLER,"2ND COMPARTMENT
60g = Whole green beans
60g = Cherry tomatoes

NET WEIGHT: 380g",,,0.6519,,,,,,,0.13228,3.24657,0.20291,PCK-00-151923-5,2nd,
FV4001A - [DE] -Grilled Chicken Fillet Pesto,REC-014028-4-002,R,1,portions,Tomatoes - Roasted cherry tomatoes with balsamic,S,,60,grams,,SUB-014027-4-001,OVEN / BLAST CHILLER,,SCHWEFELDIOXIDE UND SULFITE,,0.89484,,,,,,,0.13228,2.36515,0.14782,PCK-00-151923-5,2nd,

FV4006A - Pork tenderloin in sun dried tomato sauce [BNL],REC-014085-4-001,R,1,portions,Mash - Roasted Garlic Cauliflower Mashed,S,,100,grams,,SUB-013673-4-001,PLANETARY MIXER / BLAST CHILLER,"***PLATING INSTRUCTIONS***
(From the bottom to the top)

2 Compartment

MAIN COMPARTMENT
Smashed cauliflower - 100g
Pork tenderloin - 140g
Sun-dried tomato sauce - 50g

",MILCH (EINSCHLIESSLICH LAKTOSE),,0.87509,1,SCOOP,beige,LEVEL,,,0.22046,4.0309,0.25193,PCK-00-151923-5,Main,
FV4006A - Pork tenderloin in sun dried tomato sauce [BNL],REC-014085-4-001,R,1,portions,Pork tenderloin - herb marinade,S,,140,grams,,SUB-013466-4-001,MARINADE / GRILL / OVEN / SLICER / BLAST CHILLER,,,,0.74489,4,HAND_PORTIONED,Hand Portioned,,,,0.30865,6.62965,0.41435,PCK-00-151923-5,Main,
FV4006A - Pork tenderloin in sun dried tomato sauce [BNL],REC-014085-4-001,R,1,portions,Sauce - Sun-Dried Tomato Sauce - Less Salt,S,,50,grams,,SUB-013571-4-001,SPICE PORTIONING / IMMERSION BLENDER / BRAISER / BLAST CHILLER,,"MILCH (EINSCHLIESSLICH LAKTOSE), SCHWEFELDIOXIDE UND SULFITE",,0.88017,1,SCOOP,red,NATURAL,,,0.11023,2.00383,0.12524,PCK-00-151923-5,Main,
FV4006A - Pork tenderloin in sun dried tomato sauce [BNL],REC-014085-4-001,R,1,portions,Broccoli - Roasted S&P,S,,50,grams,,SUB-016200-4-001,OVEN / BLAST CHILLER,"2ND COMPARTMENT
Broccoli 50g
Cauliflower 50g
Parmesan-Chive butter, 10g

Total weight 400g",,,0.7425,1,SCOOP,blue,LEVEL,,,0.11023,2.37536,0.14846,PCK-00-151923-5,2nd,
FV4006A - Pork tenderloin in sun dried tomato sauce [BNL],REC-014085-4-001,R,1,portions,Cauliflower - Roasted S&P,S,,50,grams,,SUB-016201-4-001,OVEN / BLAST CHILLER,,,,0.75476,1,SCOOP,yellow,LEVEL,,,0.11023,2.33676,0.14605,PCK-00-151923-5,2nd,
FV4006A - Pork tenderloin in sun dried tomato sauce [BNL],REC-014085-4-001,R,1,portions,Compound butter - Parmesan-Chive,S,,10,grams,,SUB-013536-4-001,PLANETARY MIXER / SCOOPER (BUTTER) / BLAST CHILLER,,MILCH (EINSCHLIESSLICH LAKTOSE),,0.9055,1,HAND_PORTIONED,Hand Portioned,,,,0.02205,0.38955,0.02435,PCK-00-151923-5,2nd,

FV4006A - Pork tenderloin in sun dried tomato sauce [DE],REC-014085-4-003,R,1,portions,Mash - Roasted Garlic Cauliflower Mashed,S,,100,grams,,SUB-013673-4-001,PLANETARY MIXER / BLAST CHILLER,"***PLATING INSTRUCTIONS***
(From the bottom to the top)

2 Compartment

MAIN COMPARTMENT
Smashed cauliflower - 100g
Pork tenderloin - 140g
Sun-dried tomato sauce - 50g",MILCH (EINSCHLIESSLICH LAKTOSE),,0.87509,1,SCOOP,beige,LEVEL,,,0.22046,4.0309,0.25193,PCK-00-151923-5,Main,
FV4006A - Pork tenderloin in sun dried tomato sauce [DE],REC-014085-4-003,R,1,portions,Pork tenderloin - herb marinade,S,,140,grams,,SUB-013466-4-001,MARINADE / GRILL / OVEN / SLICER / BLAST CHILLER,,,,0.74489,4,HAND_PORTIONED,Hand Portioned,,,,0.30865,6.62965,0.41435,PCK-00-151923-5,Main,
FV4006A - Pork tenderloin in sun dried tomato sauce [DE],REC-014085-4-003,R,1,portions,Sauce - Sun-Dried Tomato Sauce - Less Salt,S,,50,grams,,SUB-013571-4-001,SPICE PORTIONING / IMMERSION BLENDER / BRAISER / BLAST CHILLER,,"MILCH (EINSCHLIESSLICH LAKTOSE), SCHWEFELDIOXIDE UND SULFITE",,0.88017,1,SCOOP,red,NATURAL,,,0.11023,2.00383,0.12524,PCK-00-151923-5,Main,
FV4006A - Pork tenderloin in sun dried tomato sauce [DE],REC-014085-4-003,R,1,portions,Broccoli - Roasted S&P,S,,50,grams,,SUB-016200-4-001,OVEN / BLAST CHILLER,"2ND COMPARTMENT
Broccoli 50g
Cauliflower 50g
Parmesan-Chive Butter 10g

Total weight 400g",,,0.7425,1,SCOOP,blue,LEVEL,,,0.11023,2.37536,0.14846,PCK-00-151923-5,2nd,
FV4006A - Pork tenderloin in sun dried tomato sauce [DE],REC-014085-4-003,R,1,portions,Cauliflower - Roasted S&P,S,,50,grams,,SUB-016201-4-001,OVEN / BLAST CHILLER,,,,0.75476,1,SCOOP,yellow,LEVEL,,,0.11023,2.33676,0.14605,PCK-00-151923-5,2nd,
FV4006A - Pork tenderloin in sun dried tomato sauce [DE],REC-014085-4-003,R,1,portions,Compound butter - Parmesan-Chive,S,,10,grams,,SUB-013536-4-001,PLANETARY MIXER / SCOOPER (BUTTER) / BLAST CHILLER,,MILCH (EINSCHLIESSLICH LAKTOSE),,0.9055,1,HAND_PORTIONED,Hand Portioned,,,,0.02205,0.38955,0.02435,PCK-00-151923-5,2nd,

FV4006A - Pork tenderloin in sun dried tomato sauce [DKSE],REC-014085-4-002,R,1,portions,Mash - Roasted Garlic Cauliflower Mashed,S,,100,grams,,SUB-013673-4-001,PLANETARY MIXER / BLAST CHILLER,"***PLATING INSTRUCTIONS***
(From the bottom to the top)

2 Compartment

MAIN COMPARTMENT
Smashed cauliflower - 100g
Pork tenderloin - 140g
Sun-dried tomato sauce - 50g",MILCH (EINSCHLIESSLICH LAKTOSE),,0.87509,1,SCOOP,beige,LEVEL,,,0.22046,4.0309,0.25193,PCK-00-151923-5,Main,
FV4006A - Pork tenderloin in sun dried tomato sauce [DKSE],REC-014085-4-002,R,1,portions,Pork tenderloin - herb marinade,S,,140,grams,,SUB-013466-4-001,MARINADE / GRILL / OVEN / SLICER / BLAST CHILLER,,,,0.74489,4,HAND_PORTIONED,Hand Portioned,,,,0.30865,6.62965,0.41435,PCK-00-151923-5,Main,
FV4006A - Pork tenderloin in sun dried tomato sauce [DKSE],REC-014085-4-002,R,1,portions,Sauce - Sun-Dried Tomato Sauce - Less Salt,S,,50,grams,,SUB-013571-4-001,SPICE PORTIONING / IMMERSION BLENDER / BRAISER / BLAST CHILLER,,"MILCH (EINSCHLIESSLICH LAKTOSE), SCHWEFELDIOXIDE UND SULFITE",,0.88017,1,SCOOP,red,NATURAL,,,0.11023,2.00383,0.12524,PCK-00-151923-5,Main,
FV4006A - Pork tenderloin in sun dried tomato sauce [DKSE],REC-014085-4-002,R,1,portions,Broccoli - Roasted S&P,S,,50,grams,,SUB-016200-4-001,OVEN / BLAST CHILLER,"2ND COMPARTMENT
Broccoli 50g
Cauliflower 50g
Compound Butter 10g

Total weight 400g",,,0.7425,1,SCOOP,blue,LEVEL,,,0.11023,2.37536,0.14846,PCK-00-151923-5,2nd,
FV4006A - Pork tenderloin in sun dried tomato sauce [DKSE],REC-014085-4-002,R,1,portions,Cauliflower - Roasted S&P,S,,50,grams,,SUB-016201-4-001,OVEN / BLAST CHILLER,,,,0.75476,1,SCOOP,yellow,LEVEL,,,0.11023,2.33676,0.14605,PCK-00-151923-5,2nd,
FV4006A - Pork tenderloin in sun dried tomato sauce [DKSE],REC-014085-4-002,R,1,portions,Compound butter - Parmesan-Chive,S,,10,grams,,SUB-013536-4-001,PLANETARY MIXER / SCOOPER (BUTTER) / BLAST CHILLER,,MILCH (EINSCHLIESSLICH LAKTOSE),,0.9055,1,HAND_PORTIONED,Hand Portioned,,,,0.02205,0.38955,0.02435,PCK-00-151923-5,2nd,

FV4006B - Pork tenderloin in sun dried tomato sauce [BNL],REC-014085-4-004,R,1,portions,Mash - Roasted Garlic Cauliflower Mashed,S,,100,grams,,SUB-013673-4-001,PLANETARY MIXER / BLAST CHILLER,"***PLATING INSTRUCTIONS***
(From the bottom to the top)

2 Compartment

MAIN COMPARTMENT
Smashed cauliflower - 100g
Pork tenderloin - 140g
Sun-dried tomato sauce - 50g

",MILCH (EINSCHLIESSLICH LAKTOSE),,0.87509,1,SCOOP,beige,LEVEL,,,0.22046,4.0309,0.25193,PCK-00-151923-5,Main,
FV4006B - Pork tenderloin in sun dried tomato sauce [BNL],REC-014085-4-004,R,1,portions,Pork tenderloin - herb marinade,S,,140,grams,,SUB-013466-4-001,MARINADE / GRILL / OVEN / SLICER / BLAST CHILLER,,,,0.74489,4,HAND_PORTIONED,Hand Portioned,BY_TRAY,,,0.30865,6.62965,0.41435,PCK-00-151923-5,Main,
FV4006B - Pork tenderloin in sun dried tomato sauce [BNL],REC-014085-4-004,R,1,portions,Sauce - Sun-Dried Tomato Sauce - Less Salt,S,,50,grams,,SUB-013571-4-001,SPICE PORTIONING / IMMERSION BLENDER / BRAISER / BLAST CHILLER,,"MILCH (EINSCHLIESSLICH LAKTOSE), SCHWEFELDIOXIDE UND SULFITE",,0.88017,1,SCOOP,red,NATURAL,,,0.11023,2.00383,0.12524,PCK-00-151923-5,Main,
FV4006B - Pork tenderloin in sun dried tomato sauce [BNL],REC-014085-4-004,R,1,portions,Broccoli - Roasted S&P,S,,50,grams,,SUB-016200-4-001,OVEN / BLAST CHILLER,"2ND COMPARTMENT
Broccoli 50g
Cauliflower 50g
Parmesan-Chive butter, 10g

Total weight 400g",,,0.7425,1,SCOOP,blue,LEVEL,,,0.11023,2.37536,0.14846,PCK-00-151923-5,2nd,
FV4006B - Pork tenderloin in sun dried tomato sauce [BNL],REC-014085-4-004,R,1,portions,IQF Cauliflower - Roasted S&P - IQF,S,,50,grams,,SUB-016201-4-002,OVEN / BLAST CHILLER,,,,0.67513,,,,,,,0.11023,2.61237,0.16327,PCK-00-151923-5,2nd,
FV4006B - Pork tenderloin in sun dried tomato sauce [BNL],REC-014085-4-004,R,1,portions,Compound butter - Parmesan-Chive,S,,10,grams,,SUB-013536-4-001,PLANETARY MIXER / SCOOPER (BUTTER) / BLAST CHILLER,,MILCH (EINSCHLIESSLICH LAKTOSE),,0.9055,1,HAND_PORTIONED,Hand Portioned,BY_TRAY,,,0.02205,0.38955,0.02435,PCK-00-151923-5,2nd,

FV4006B - Pork tenderloin in sun dried tomato sauce [DE],REC-014085-4-005,R,1,portions,Mash - Roasted Garlic Cauliflower Mashed,S,,100,grams,,SUB-013673-4-001,PLANETARY MIXER / BLAST CHILLER,"***PLATING INSTRUCTIONS***
(From the bottom to the top)

2 Compartment

MAIN COMPARTMENT
Smashed cauliflower - 100g
Pork tenderloin - 140g
Sun-dried tomato sauce - 50g",MILCH (EINSCHLIESSLICH LAKTOSE),,0.87509,1,SCOOP,beige,LEVEL,,,0.22046,4.0309,0.25193,PCK-00-151923-5,Main,
FV4006B - Pork tenderloin in sun dried tomato sauce [DE],REC-014085-4-005,R,1,portions,Pork tenderloin - herb marinade,S,,140,grams,,SUB-013466-4-001,MARINADE / GRILL / OVEN / SLICER / BLAST CHILLER,,,,0.74489,4,HAND_PORTIONED,Hand Portioned,BY_TRAY,,,0.30865,6.62965,0.41435,PCK-00-151923-5,Main,
FV4006B - Pork tenderloin in sun dried tomato sauce [DE],REC-014085-4-005,R,1,portions,Sauce - Sun-Dried Tomato Sauce - Less Salt,S,,50,grams,,SUB-013571-4-001,SPICE PORTIONING / IMMERSION BLENDER / BRAISER / BLAST CHILLER,,"MILCH (EINSCHLIESSLICH LAKTOSE), SCHWEFELDIOXIDE UND SULFITE",,0.88017,1,SCOOP,red,NATURAL,,,0.11023,2.00383,0.12524,PCK-00-151923-5,Main,
FV4006B - Pork tenderloin in sun dried tomato sauce [DE],REC-014085-4-005,R,1,portions,Broccoli - Roasted S&P,S,,50,grams,,SUB-016200-4-001,OVEN / BLAST CHILLER,"2ND COMPARTMENT
Broccoli 50g
Cauliflower 50g
Parmesan-Chive Butter 10g

Total weight 400g",,,0.7425,1,SCOOP,blue,LEVEL,,,0.11023,2.37536,0.14846,PCK-00-151923-5,2nd,
FV4006B - Pork tenderloin in sun dried tomato sauce [DE],REC-014085-4-005,R,1,portions,IQF Cauliflower - Roasted S&P - IQF,S,,50,grams,,SUB-016201-4-002,OVEN / BLAST CHILLER,,,,0.67513,,,,,,,0.11023,2.61237,0.16327,PCK-00-151923-5,2nd,
FV4006B - Pork tenderloin in sun dried tomato sauce [DE],REC-014085-4-005,R,1,portions,Compound butter - Parmesan-Chive,S,,10,grams,,SUB-013536-4-001,PLANETARY MIXER / SCOOPER (BUTTER) / BLAST CHILLER,,MILCH (EINSCHLIESSLICH LAKTOSE),,0.9055,1,HAND_PORTIONED,Hand Portioned,BY_TRAY,,,0.02205,0.38955,0.02435,PCK-00-151923-5,2nd,

FV4006B - Pork tenderloin in sun dried tomato sauce [DKSE],REC-014085-4-006,R,1,portions,Mash - Roasted Garlic Cauliflower Mashed,S,,100,grams,,SUB-013673-4-001,PLANETARY MIXER / BLAST CHILLER,"***PLATING INSTRUCTIONS***
(From the bottom to the top)

2 Compartment

MAIN COMPARTMENT
Smashed cauliflower - 100g
Pork tenderloin - 140g
Sun-dried tomato sauce - 50g",MILCH (EINSCHLIESSLICH LAKTOSE),,0.87509,1,SCOOP,beige,LEVEL,,,0.22046,4.0309,0.25193,PCK-00-151923-5,Main,
FV4006B - Pork tenderloin in sun dried tomato sauce [DKSE],REC-014085-4-006,R,1,portions,Pork tenderloin - herb marinade,S,,140,grams,,SUB-013466-4-001,MARINADE / GRILL / OVEN / SLICER / BLAST CHILLER,,,,0.74489,4,HAND_PORTIONED,Hand Portioned,BY_TRAY,,,0.30865,6.62965,0.41435,PCK-00-151923-5,Main,
FV4006B - Pork tenderloin in sun dried tomato sauce [DKSE],REC-014085-4-006,R,1,portions,Sauce - Sun-Dried Tomato Sauce - Less Salt,S,,50,grams,,SUB-013571-4-001,SPICE PORTIONING / IMMERSION BLENDER / BRAISER / BLAST CHILLER,,"MILCH (EINSCHLIESSLICH LAKTOSE), SCHWEFELDIOXIDE UND SULFITE",,0.88017,1,SCOOP,red,NATURAL,,,0.11023,2.00383,0.12524,PCK-00-151923-5,Main,
FV4006B - Pork tenderloin in sun dried tomato sauce [DKSE],REC-014085-4-006,R,1,portions,Broccoli - Roasted S&P,S,,50,grams,,SUB-016200-4-001,OVEN / BLAST CHILLER,"2ND COMPARTMENT
Broccoli 50g
Cauliflower 50g
Compound Butter 10g

Total weight 400g",,,0.7425,1,SCOOP,blue,LEVEL,,,0.11023,2.37536,0.14846,PCK-00-151923-5,2nd,
FV4006B - Pork tenderloin in sun dried tomato sauce [DKSE],REC-014085-4-006,R,1,portions,IQF Cauliflower - Roasted S&P - IQF,S,,50,grams,,SUB-016201-4-002,OVEN / BLAST CHILLER,,,,0.67513,,,,,,,0.11023,2.61237,0.16327,PCK-00-151923-5,2nd,
FV4006B - Pork tenderloin in sun dried tomato sauce [DKSE],REC-014085-4-006,R,1,portions,Compound butter - Parmesan-Chive,S,,10,grams,,SUB-013536-4-001,PLANETARY MIXER / SCOOPER (BUTTER) / BLAST CHILLER,,MILCH (EINSCHLIESSLICH LAKTOSE),,0.9055,1,HAND_PORTIONED,Hand Portioned,BY_TRAY,,,0.02205,0.38955,0.02435,PCK-00-151923-5,2nd,

FV4008A - [BNL] - Indian Style Curry with Cauliflower,REC-014087-4-001,R,1,portions,Sauce - Indian Style Curry Sauce,S,,140,grams,,SUB-014086-4-001,SPICE PORTIONING / IMMERSION BLENDER / BRAISER / BLAST CHILLER,"140g = sauce
70g= cauliflower
40g= sweet potato
140g rice
5g onion
***PRODUCTION PLATING***
(From the bottom to the top)

2 Compartment

MAIN COMPARTMENT
140g = sauce
70g= cauliflower
40g= sweet potato
5g = green onion",SCHWEFELDIOXIDE UND SULFITE,,0.86394,,,,,,,0.30865,5.71607,0.35725,PCK-00-151923-5,Main,
FV4008A - [BNL] - Indian Style Curry with Cauliflower,REC-014087-4-001,R,1,portions,Indian Curry Cauliflower Batch,S,,70,grams,,SUB-013508-4-001,OVEN / BLAST CHILLER,,"MILCH (EINSCHLIESSLICH LAKTOSE), SCHWEFELDIOXIDE UND SULFITE",,0.78431,,,,,,,0.15432,3.14823,0.19676,PCK-00-151923-5,Main,
FV4008A - [BNL] - Indian Style Curry with Cauliflower,REC-014087-4-001,R,1,portions,Roasted Sweet Potatoes - diced - less salt,S,,40,grams,,SUB-015321-4-001,OVEN / BLAST CHILLER,,,,0.73987,,,,,,,0.08818,1.90704,0.11919,PCK-00-151923-5,Main,
FV4008A - [BNL] - Indian Style Curry with Cauliflower,REC-014087-4-001,R,1,portions,Roasted Green Onions,S,,5,grams,,SUB-023370-4-001,OVEN / BLAST CHILLER,,,,0.502,,,,,,,0.01102,0.35133,0.02196,PCK-00-151923-5,Main,
FV4008A - [BNL] - Indian Style Curry with Cauliflower,REC-014087-4-001,R,1,portions,Rice - Garlic and Ginger Brown Rice,S,,140,grams,,SUB-013770-4-001,HAND MIX / BLAST CHILLER,"2ND COMPARTMENT
140g = rice

NET WEIGHT: 395g","SCHWEFELDIOXIDE UND SULFITE, SELLERIE",,0.97997,,,,,,,0.30865,5.03931,0.31496,PCK-00-151923-5,2nd,

FV4008A - [DE] - Indian Style Curry with Cauliflower,REC-014087-4-002,R,1,portions,Sauce - Indian Style Curry Sauce,S,,140,grams,,SUB-014086-4-001,SPICE PORTIONING / IMMERSION BLENDER / BRAISER / BLAST CHILLER,"140g = sauce
70g= cauliflower
40g= sweet potato
140g rice
5g onion
***PRODUCTION PLATING***
(From the bottom to the top)

2 Compartment

MAIN COMPARTMENT
140g = sauce
70g= cauliflower
40g= sweet potato
5g = green onion",SCHWEFELDIOXIDE UND SULFITE,,0.86394,,,,,,,0.30865,5.71607,0.35725,PCK-00-151923-5,Main,
FV4008A - [DE] - Indian Style Curry with Cauliflower,REC-014087-4-002,R,1,portions,Indian Curry Cauliflower Batch,S,,70,grams,,SUB-013508-4-001,OVEN / BLAST CHILLER,,"MILCH (EINSCHLIESSLICH LAKTOSE), SCHWEFELDIOXIDE UND SULFITE",,0.78431,,,,,,,0.15432,3.14823,0.19676,PCK-00-151923-5,Main,
FV4008A - [DE] - Indian Style Curry with Cauliflower,REC-014087-4-002,R,1,portions,Roasted Sweet Potatoes - diced - less salt,S,,40,grams,,SUB-015321-4-001,OVEN / BLAST CHILLER,,,,0.73987,,,,,,,0.08818,1.90704,0.11919,PCK-00-151923-5,Main,
FV4008A - [DE] - Indian Style Curry with Cauliflower,REC-014087-4-002,R,1,portions,Roasted Green Onions,S,,5,grams,,SUB-023370-4-001,OVEN / BLAST CHILLER,,,,0.502,,,,,,,0.01102,0.35133,0.02196,PCK-00-151923-5,Main,
FV4008A - [DE] - Indian Style Curry with Cauliflower,REC-014087-4-002,R,1,portions,Rice - Garlic and Ginger Brown Rice,S,,140,grams,,SUB-013770-4-001,HAND MIX / BLAST CHILLER,"2ND COMPARTMENT
140g = rice

NET WEIGHT: 395g","SCHWEFELDIOXIDE UND SULFITE, SELLERIE",,0.97997,,,,,,,0.30865,5.03931,0.31496,PCK-00-151923-5,2nd,

FV4008A - [DK/SE] - Indian Style Curry with Cauliflower,REC-014087-4-003,R,1,portions,Sauce - Indian Style Curry Sauce,S,,140,grams,,SUB-014086-4-001,SPICE PORTIONING / IMMERSION BLENDER / BRAISER / BLAST CHILLER,"140g = sauce
70g= cauliflower
40g= sweet potato
140g rice
5g onion
***PRODUCTION PLATING***
(From the bottom to the top)

2 Compartment

MAIN COMPARTMENT
140g = sauce
70g= cauliflower
40g= sweet potato
5g = green onion",SCHWEFELDIOXIDE UND SULFITE,,0.86394,,,,,,,0.30865,5.71607,0.35725,PCK-00-151923-5,Main,
FV4008A - [DK/SE] - Indian Style Curry with Cauliflower,REC-014087-4-003,R,1,portions,Indian Curry Cauliflower Batch,S,,70,grams,,SUB-013508-4-001,OVEN / BLAST CHILLER,,"MILCH (EINSCHLIESSLICH LAKTOSE), SCHWEFELDIOXIDE UND SULFITE",,0.78431,,,,,,,0.15432,3.14823,0.19676,PCK-00-151923-5,Main,
FV4008A - [DK/SE] - Indian Style Curry with Cauliflower,REC-014087-4-003,R,1,portions,Roasted Sweet Potatoes - diced - less salt,S,,40,grams,,SUB-015321-4-001,OVEN / BLAST CHILLER,,,,0.73987,,,,,,,0.08818,1.90704,0.11919,PCK-00-151923-5,Main,
FV4008A - [DK/SE] - Indian Style Curry with Cauliflower,REC-014087-4-003,R,1,portions,Roasted Green Onions,S,,5,grams,,SUB-023370-4-001,OVEN / BLAST CHILLER,,,,0.502,,,,,,,0.01102,0.35133,0.02196,PCK-00-151923-5,Main,
FV4008A - [DK/SE] - Indian Style Curry with Cauliflower,REC-014087-4-003,R,1,portions,Rice - Garlic and Ginger Brown Rice,S,,140,grams,,SUB-013770-4-001,HAND MIX / BLAST CHILLER,"2ND COMPARTMENT
140g = rice

NET WEIGHT: 395g","SCHWEFELDIOXIDE UND SULFITE, SELLERIE",,0.97997,,,,,,,0.30865,5.03931,0.31496,PCK-00-151923-5,2nd,

FV4008B - [BNL] - Indian Style Curry with Cauliflower,REC-014087-4-004,R,1,portions,Sauce - Indian Style Curry Sauce,S,,140,grams,,SUB-014086-4-001,SPICE PORTIONING / IMMERSION BLENDER / BRAISER / BLAST CHILLER,"140g = sauce
70g= cauliflower
40g= sweet potato
140g rice
5g onion
***PRODUCTION PLATING***
(From the bottom to the top)

2 Compartment

MAIN COMPARTMENT
140g = sauce
70g= cauliflower
40g= sweet potato
5g = green onion",SCHWEFELDIOXIDE UND SULFITE,,0.86394,,,,,,,0.30865,5.71607,0.35725,PCK-00-151923-5,Main,
FV4008B - [BNL] - Indian Style Curry with Cauliflower,REC-014087-4-004,R,1,portions,IQF Indian Curry Cauliflower Batch - IQF,S,,70,grams,,SUB-013508-4-002,OVEN / BLAST CHILLER,,"MILCH (EINSCHLIESSLICH LAKTOSE), SCHWEFELDIOXIDE UND SULFITE",,0.6751,,,,,,,0.15432,3.65751,0.22859,PCK-00-151923-5,Main,
FV4008B - [BNL] - Indian Style Curry with Cauliflower,REC-014087-4-004,R,1,portions,Roasted Sweet Potatoes - diced - less salt,S,,40,grams,,SUB-015321-4-001,OVEN / BLAST CHILLER,,,,0.73987,,,,,,,0.08818,1.90704,0.11919,PCK-00-151923-5,Main,
FV4008B - [BNL] - Indian Style Curry with Cauliflower,REC-014087-4-004,R,1,portions,Roasted Green Onions,S,,5,grams,,SUB-023370-4-001,OVEN / BLAST CHILLER,,,,0.502,,,,,,,0.01102,0.35133,0.02196,PCK-00-151923-5,Main,
FV4008B - [BNL] - Indian Style Curry with Cauliflower,REC-014087-4-004,R,1,portions,Rice - Garlic and Ginger Brown Rice,S,,140,grams,,SUB-013770-4-001,HAND MIX / BLAST CHILLER,"2ND COMPARTMENT
140g = rice

NET WEIGHT: 395g","SCHWEFELDIOXIDE UND SULFITE, SELLERIE",,0.97997,,,,,,,0.30865,5.03931,0.31496,PCK-00-151923-5,2nd,

FV4008B - [DE] - Indian Style Curry with Cauliflower,REC-014087-4-005,R,1,portions,Sauce - Indian Style Curry Sauce,S,,140,grams,,SUB-014086-4-001,SPICE PORTIONING / IMMERSION BLENDER / BRAISER / BLAST CHILLER,"140g = sauce
70g= cauliflower
40g= sweet potato
140g rice
5g onion
***PRODUCTION PLATING***
(From the bottom to the top)

2 Compartment

MAIN COMPARTMENT
140g = sauce
70g= cauliflower
40g= sweet potato
5g = green onion",SCHWEFELDIOXIDE UND SULFITE,,0.86394,,,,,,,0.30865,5.71607,0.35725,PCK-00-151923-5,Main,
FV4008B - [DE] - Indian Style Curry with Cauliflower,REC-014087-4-005,R,1,portions,IQF Indian Curry Cauliflower Batch - IQF,S,,70,grams,,SUB-013508-4-002,OVEN / BLAST CHILLER,,"MILCH (EINSCHLIESSLICH LAKTOSE), SCHWEFELDIOXIDE UND SULFITE",,0.6751,,,,,,,0.15432,3.65751,0.22859,PCK-00-151923-5,Main,
FV4008B - [DE] - Indian Style Curry with Cauliflower,REC-014087-4-005,R,1,portions,Roasted Sweet Potatoes - diced - less salt,S,,40,grams,,SUB-015321-4-001,OVEN / BLAST CHILLER,,,,0.73987,,,,,,,0.08818,1.90704,0.11919,PCK-00-151923-5,Main,
FV4008B - [DE] - Indian Style Curry with Cauliflower,REC-014087-4-005,R,1,portions,Roasted Green Onions,S,,5,grams,,SUB-023370-4-001,OVEN / BLAST CHILLER,,,,0.502,,,,,,,0.01102,0.35133,0.02196,PCK-00-151923-5,Main,
FV4008B - [DE] - Indian Style Curry with Cauliflower,REC-014087-4-005,R,1,portions,Rice - Garlic and Ginger Brown Rice,S,,140,grams,,SUB-013770-4-001,HAND MIX / BLAST CHILLER,"2ND COMPARTMENT
140g = rice

NET WEIGHT: 395g","SCHWEFELDIOXIDE UND SULFITE, SELLERIE",,0.97997,,,,,,,0.30865,5.03931,0.31496,PCK-00-151923-5,2nd,

FV4008B - [DK/SE] - Indian Style Curry with Cauliflower,REC-014087-4-006,R,1,portions,Sauce - Indian Style Curry Sauce,S,,140,grams,,SUB-014086-4-001,SPICE PORTIONING / IMMERSION BLENDER / BRAISER / BLAST CHILLER,"140g = sauce
70g= cauliflower
40g= sweet potato
140g rice
5g onion
***PRODUCTION PLATING***
(From the bottom to the top)

2 Compartment

MAIN COMPARTMENT
140g = sauce
70g= cauliflower
40g= sweet potato
5g = green onion",SCHWEFELDIOXIDE UND SULFITE,,0.86394,,,,,,,0.30865,5.71607,0.35725,PCK-00-151923-5,Main,
FV4008B - [DK/SE] - Indian Style Curry with Cauliflower,REC-014087-4-006,R,1,portions,IQF Indian Curry Cauliflower Batch - IQF,S,,70,grams,,SUB-013508-4-002,OVEN / BLAST CHILLER,,"MILCH (EINSCHLIESSLICH LAKTOSE), SCHWEFELDIOXIDE UND SULFITE",,0.6751,,,,,,,0.15432,3.65751,0.22859,PCK-00-151923-5,Main,
FV4008B - [DK/SE] - Indian Style Curry with Cauliflower,REC-014087-4-006,R,1,portions,Roasted Sweet Potatoes - diced - less salt,S,,40,grams,,SUB-015321-4-001,OVEN / BLAST CHILLER,,,,0.73987,,,,,,,0.08818,1.90704,0.11919,PCK-00-151923-5,Main,
FV4008B - [DK/SE] - Indian Style Curry with Cauliflower,REC-014087-4-006,R,1,portions,Roasted Green Onions,S,,5,grams,,SUB-023370-4-001,OVEN / BLAST CHILLER,,,,0.502,,,,,,,0.01102,0.35133,0.02196,PCK-00-151923-5,Main,
FV4008B - [DK/SE] - Indian Style Curry with Cauliflower,REC-014087-4-006,R,1,portions,Rice - Garlic and Ginger Brown Rice,S,,140,grams,,SUB-013770-4-001,HAND MIX / BLAST CHILLER,"2ND COMPARTMENT
140g = rice

NET WEIGHT: 395g","SCHWEFELDIOXIDE UND SULFITE, SELLERIE",,0.97997,,,,,,,0.30865,5.03931,0.31496,PCK-00-151923-5,2nd,

FV4009A - Salmon with a mustard dill sauce [BNL],REC-013579-4-003,R,1,portions,Garlic Spinach Stamppot,S,,130,grams,,SUB-013577-4-001,HAND MIX / BLAST CHILLER,"PLATING INSTRUCTION

MAIN COMPARTMENT: 
130g mash 
1 ea salmon
40g sauce


Net weight: 285g","MILCH (EINSCHLIESSLICH LAKTOSE), SCHWEFELDIOXIDE UND SULFITE",,0.95,1,SCOOP,white,LEVEL,,,0.2866,4.82697,0.30169,PCK-00-151923-5,Main,
FV4009A - Salmon with a mustard dill sauce [BNL],REC-013579-4-003,R,1,portions,Salmon - garlic seasoning,S,,1,each,,SUB-013382-4-001,THAW / HAND MARINADE / OVEN / BLAST CHILLER,,FISCH,,0.81816,1,HAND_PORTIONED,Hand Portioned,,,4.05651,0.25353,4.95811,0.30988,PCK-00-151923-5,Main,
FV4009A - Salmon with a mustard dill sauce [BNL],REC-013579-4-003,R,1,portions,Sauce - Creamy Dijon and Dill Sauce,S,,40,grams,,SUB-013575-4-001,SPICE PORTIONING / IMMERSION BLENDER / BRAISER / BLAST CHILLER,,"MILCH (EINSCHLIESSLICH LAKTOSE), SCHWEFELDIOXIDE UND SULFITE, SENF",,0.8417,1,SCOOP,red,LEVEL,,,0.08818,1.67632,0.10477,PCK-00-151923-5,Main,
FV4009A - Salmon with a mustard dill sauce [BNL],REC-013579-4-003,R,1,portions,Green Beans CUT 1-1/2 - Fresh - Less Salt,S,,60,grams,,SUB-029004-4-001,OVEN / BLAST CHILLER,"SIDE COMPARTMENT: 
60g carrots
60g green beans

Net weight: 120g

Total Net weight: 405g",,,0.73433,1,SCOOP,beige,LEVEL,,,0.13228,2.88214,0.18013,PCK-00-151923-5,2nd,
FV4009A - Salmon with a mustard dill sauce [BNL],REC-013579-4-003,R,1,portions,Honey-Garlic Roasted Carrot Coins,S,,60,grams,,SUB-013578-4-001,OVEN / BLAST CHILLER,,,,0.7305,1,SCOOP,blue,NATURAL,,,0.13228,2.89723,0.18108,PCK-00-151923-5,2nd,

FV4009A - Salmon with a mustard dill sauce [DE],REC-013579-4-001,R,1,portions,Garlic Spinach Stamppot,S,,130,grams,,SUB-013577-4-001,HAND MIX / BLAST CHILLER,"PLATING INSTRUCTION

MAIN COMPARTMENT: 
130g mash 
1 ea salmon
40g sauce


Net weight: 285g","MILCH (EINSCHLIESSLICH LAKTOSE), SCHWEFELDIOXIDE UND SULFITE",,0.95,1,SCOOP,white,LEVEL,,,0.2866,4.82697,0.30169,PCK-00-151923-5,Main,
FV4009A - Salmon with a mustard dill sauce [DE],REC-013579-4-001,R,1,portions,Salmon - garlic seasoning,S,,1,each,,SUB-013382-4-001,THAW / HAND MARINADE / OVEN / BLAST CHILLER,,FISCH,,0.81816,1,HAND_PORTIONED,Hand Portioned,,,4.05651,0.25353,4.95811,0.30988,PCK-00-151923-5,Main,
FV4009A - Salmon with a mustard dill sauce [DE],REC-013579-4-001,R,1,portions,Sauce - Creamy Dijon and Dill Sauce,S,,40,grams,,SUB-013575-4-001,SPICE PORTIONING / IMMERSION BLENDER / BRAISER / BLAST CHILLER,,"MILCH (EINSCHLIESSLICH LAKTOSE), SCHWEFELDIOXIDE UND SULFITE, SENF",,0.8417,1,SCOOP,red,LEVEL,,,0.08818,1.67632,0.10477,PCK-00-151923-5,Main,
FV4009A - Salmon with a mustard dill sauce [DE],REC-013579-4-001,R,1,portions,Green Beans CUT 1-1/2 - Fresh - Less Salt,S,,60,grams,,SUB-029004-4-001,OVEN / BLAST CHILLER,"SIDE COMPARTMENT: 
60g carrots
60g green beans

Net weight: 120g

Total Net weight: 405g",,,0.73433,1,SCOOP,beige,LEVEL,,,0.13228,2.88214,0.18013,PCK-00-151923-5,2nd,
FV4009A - Salmon with a mustard dill sauce [DE],REC-013579-4-001,R,1,portions,Honey-Garlic Roasted Carrot Coins,S,,60,grams,,SUB-013578-4-001,OVEN / BLAST CHILLER,,,,0.7305,1,SCOOP,blue,NATURAL,,,0.13228,2.89723,0.18108,PCK-00-151923-5,2nd,

FV4009A - Salmon with a mustard dill sauce [DKSE],REC-013579-4-002,R,1,portions,Garlic Spinach Stamppot,S,,130,grams,,SUB-013577-4-001,HAND MIX / BLAST CHILLER,"PLATING INSTRUCTION

MAIN COMPARTMENT: 
130g mash 
1 ea salmon
40g sauce


Net weight: 285g","MILCH (EINSCHLIESSLICH LAKTOSE), SCHWEFELDIOXIDE UND SULFITE",,0.95,1,SCOOP,white,LEVEL,,,0.2866,4.82697,0.30169,PCK-00-151923-5,Main,
FV4009A - Salmon with a mustard dill sauce [DKSE],REC-013579-4-002,R,1,portions,Salmon - garlic seasoning,S,,1,each,,SUB-013382-4-001,THAW / HAND MARINADE / OVEN / BLAST CHILLER,,FISCH,,0.81816,1,HAND_PORTIONED,Hand Portioned,,,4.05651,0.25353,4.95811,0.30988,PCK-00-151923-5,Main,
FV4009A - Salmon with a mustard dill sauce [DKSE],REC-013579-4-002,R,1,portions,Sauce - Creamy Dijon and Dill Sauce,S,,40,grams,,SUB-013575-4-001,SPICE PORTIONING / IMMERSION BLENDER / BRAISER / BLAST CHILLER,,"MILCH (EINSCHLIESSLICH LAKTOSE), SCHWEFELDIOXIDE UND SULFITE, SENF",,0.8417,1,SCOOP,red,LEVEL,,,0.08818,1.67632,0.10477,PCK-00-151923-5,Main,
FV4009A - Salmon with a mustard dill sauce [DKSE],REC-013579-4-002,R,1,portions,Green Beans CUT 1-1/2 - Fresh - Less Salt,S,,60,grams,,SUB-029004-4-001,OVEN / BLAST CHILLER,"SIDE COMPARTMENT: 
60g carrots
60g green beans

Net weight: 120g

Total Net weight: 405g",,,0.73433,1,SCOOP,beige,LEVEL,,,0.13228,2.88214,0.18013,PCK-00-151923-5,2nd,
FV4009A - Salmon with a mustard dill sauce [DKSE],REC-013579-4-002,R,1,portions,Honey-Garlic Roasted Carrot Coins,S,,60,grams,,SUB-013578-4-001,OVEN / BLAST CHILLER,,,,0.7305,1,SCOOP,blue,NATURAL,,,0.13228,2.89723,0.18108,PCK-00-151923-5,2nd,

FV4012A - Souvlaki style pork tenderloin  [BNL],REC-013637-4-003,R,1,portions,Rice - Lemon Brown Basmati Rice with Almonds + Apricots,S,,100,grams,,SUB-013631-4-001,PLANETARY MIXER,"***PLATING INSTRUCTIONS***
(From the bottom to the top)

3 Compartment

MAIN COMPARTMENT
Rice: 100g
Pork: 130g
Cherry tomatoes: 40g
Butter: 10g","MANDELN, SCHALENFRÜCHTE, SCHWEFELDIOXIDE UND SULFITE",,0.85875,,,,,,,0.22046,4.10762,0.25673,PCK-00-151924-5,Main,
FV4012A - Souvlaki style pork tenderloin  [BNL],REC-013637-4-003,R,1,portions,Souvlaki Pork Tenderloin Batch,S,,130,grams,,SUB-013635-4-001,MARINADE / GRILL / OVEN / SLICER / BLAST CHILLER,,SCHWEFELDIOXIDE UND SULFITE,,0.77199,,,,,,,0.2866,5.93997,0.37125,PCK-00-151924-5,Main,
FV4012A - Souvlaki style pork tenderloin  [BNL],REC-013637-4-003,R,1,portions,Tomatoes - Roasted cherry tomatoes,S,,40,grams,,SUB-013627-4-001,OVEN / BLAST CHILLER,,,,0.8416,,,,,,,0.08818,1.67652,0.10478,PCK-00-151924-5,Main,
FV4012A - Souvlaki style pork tenderloin  [BNL],REC-013637-4-003,R,1,portions,Compound butter - Oregano-Tomato,S,,10,grams,,SUB-013634-4-001,PLANETARY MIXER / SCOOPER (BUTTER) / BLAST CHILLER,,MILCH (EINSCHLIESSLICH LAKTOSE),,0.9468,,,,,,,0.02205,0.37256,0.02328,PCK-00-151924-5,Main,
FV4012A - Souvlaki style pork tenderloin  [BNL],REC-013637-4-003,R,1,portions,Zucchini - Garlic Roasted Zucchini,S,,50,grams,,SUB-013632-4-001,OVEN / BLAST CHILLER,"SIDE COMP 1:
Courgette: 50g
Bell Peppers: 20g",,,0.6565,,,,,,,0.11023,2.68651,0.16791,PCK-00-151924-5,2nd,
FV4012A - Souvlaki style pork tenderloin  [BNL],REC-013637-4-003,R,1,portions,Mixed peppers - Roasted diced red and green bell peppers,S,,20,grams,,SUB-013633-4-001,OVEN / BLAST CHILLER,,SCHWEFELDIOXIDE UND SULFITE,,0.68987,,,,,,,0.04409,1.02262,0.06391,PCK-00-151924-5,2nd,
FV4012A - Souvlaki style pork tenderloin  [BNL],REC-013637-4-003,R,1,portions,Sauce - Lemon Dill Yogurt,S,,40,grams,,SUB-013636-4-001,HAND MIX,"SIDE COMP 2:
Cupped Sauce: 40g 

Net Weight : 390g",MILCH (EINSCHLIESSLICH LAKTOSE),,0.95,,,,,,,0.08818,1.48522,0.09283,PCK-00-151924-5,3rd,

FV4012A - Souvlaki style pork tenderloin  [DE},REC-013637-4-004,R,1,portions,Rice - Lemon Brown Basmati Rice with Almonds + Apricots,S,,100,grams,,SUB-013631-4-001,PLANETARY MIXER,"***PLATING INSTRUCTIONS***
(From the bottom to the top)

3 Compartment

MAIN COMPARTMENT
Rice: 100g
Pork: 130g
Cherry tomatoes: 40g
Butter: 10g","MANDELN, SCHALENFRÜCHTE, SCHWEFELDIOXIDE UND SULFITE",,0.85875,,,,,,,0.22046,4.10762,0.25673,PCK-00-151924-5,Main,
FV4012A - Souvlaki style pork tenderloin  [DE},REC-013637-4-004,R,1,portions,Souvlaki Pork Tenderloin Batch,S,,130,grams,,SUB-013635-4-001,MARINADE / GRILL / OVEN / SLICER / BLAST CHILLER,,SCHWEFELDIOXIDE UND SULFITE,,0.77199,,,,,,,0.2866,5.93997,0.37125,PCK-00-151924-5,Main,
FV4012A - Souvlaki style pork tenderloin  [DE},REC-013637-4-004,R,1,portions,Tomatoes - Roasted cherry tomatoes,S,,40,grams,,SUB-013627-4-001,OVEN / BLAST CHILLER,,,,0.8416,,,,,,,0.08818,1.67652,0.10478,PCK-00-151924-5,Main,
FV4012A - Souvlaki style pork tenderloin  [DE},REC-013637-4-004,R,1,portions,Compound butter - Oregano-Tomato,S,,10,grams,,SUB-013634-4-001,PLANETARY MIXER / SCOOPER (BUTTER) / BLAST CHILLER,,MILCH (EINSCHLIESSLICH LAKTOSE),,0.9468,,,,,,,0.02205,0.37256,0.02328,PCK-00-151924-5,Main,
FV4012A - Souvlaki style pork tenderloin  [DE},REC-013637-4-004,R,1,portions,Zucchini - Garlic Roasted Zucchini,S,,50,grams,,SUB-013632-4-001,OVEN / BLAST CHILLER,"SIDE COMP 1:
Courgette: 50g
Bell Peppers: 20g",,,0.6565,,,,,,,0.11023,2.68651,0.16791,PCK-00-151924-5,2nd,
FV4012A - Souvlaki style pork tenderloin  [DE},REC-013637-4-004,R,1,portions,Mixed peppers - Roasted diced red and green bell peppers,S,,20,grams,,SUB-013633-4-001,OVEN / BLAST CHILLER,,SCHWEFELDIOXIDE UND SULFITE,,0.68987,,,,,,,0.04409,1.02262,0.06391,PCK-00-151924-5,2nd,
FV4012A - Souvlaki style pork tenderloin  [DE},REC-013637-4-004,R,1,portions,Sauce - Lemon Dill Yogurt,S,,40,grams,,SUB-013636-4-001,HAND MIX,"SIDE COMP 2:
Cupped Sauce: 40g 

Net Weight : 390g",MILCH (EINSCHLIESSLICH LAKTOSE),,0.95,,,,,,,0.08818,1.48522,0.09283,PCK-00-151924-5,3rd,

FV4012A - Souvlaki style pork tenderloin  [DSKE],REC-013637-4-005,R,1,portions,Rice - Lemon Brown Basmati Rice with Almonds + Apricots,S,,100,grams,,SUB-013631-4-001,PLANETARY MIXER,"***PLATING INSTRUCTIONS***
(From the bottom to the top)

3 Compartment

MAIN COMPARTMENT
Rice: 100g
Pork: 130g
Cherry tomatoes: 40g
Butter: 10g","MANDELN, SCHALENFRÜCHTE, SCHWEFELDIOXIDE UND SULFITE",,0.85875,,,,,,,0.22046,4.10762,0.25673,PCK-00-151924-5,Main,
FV4012A - Souvlaki style pork tenderloin  [DSKE],REC-013637-4-005,R,1,portions,Souvlaki Pork Tenderloin Batch,S,,130,grams,,SUB-013635-4-001,MARINADE / GRILL / OVEN / SLICER / BLAST CHILLER,,SCHWEFELDIOXIDE UND SULFITE,,0.77199,,,,,,,0.2866,5.93997,0.37125,PCK-00-151924-5,Main,
FV4012A - Souvlaki style pork tenderloin  [DSKE],REC-013637-4-005,R,1,portions,Tomatoes - Roasted cherry tomatoes,S,,40,grams,,SUB-013627-4-001,OVEN / BLAST CHILLER,,,,0.8416,,,,,,,0.08818,1.67652,0.10478,PCK-00-151924-5,Main,
FV4012A - Souvlaki style pork tenderloin  [DSKE],REC-013637-4-005,R,1,portions,Compound butter - Oregano-Tomato,S,,10,grams,,SUB-013634-4-001,PLANETARY MIXER / SCOOPER (BUTTER) / BLAST CHILLER,,MILCH (EINSCHLIESSLICH LAKTOSE),,0.9468,,,,,,,0.02205,0.37256,0.02328,PCK-00-151924-5,Main,
FV4012A - Souvlaki style pork tenderloin  [DSKE],REC-013637-4-005,R,1,portions,Zucchini - Garlic Roasted Zucchini,S,,50,grams,,SUB-013632-4-001,OVEN / BLAST CHILLER,"SIDE COMP 1:
Courgette: 50g
Bell Peppers: 20g",,,0.6565,,,,,,,0.11023,2.68651,0.16791,PCK-00-151924-5,2nd,
FV4012A - Souvlaki style pork tenderloin  [DSKE],REC-013637-4-005,R,1,portions,Mixed peppers - Roasted diced red and green bell peppers,S,,20,grams,,SUB-013633-4-001,OVEN / BLAST CHILLER,,SCHWEFELDIOXIDE UND SULFITE,,0.68987,,,,,,,0.04409,1.02262,0.06391,PCK-00-151924-5,2nd,
FV4012A - Souvlaki style pork tenderloin  [DSKE],REC-013637-4-005,R,1,portions,Sauce - Lemon Dill Yogurt,S,,40,grams,,SUB-013636-4-001,HAND MIX,"SIDE COMP 2:
Cupped Sauce: 40g 

Net Weight : 390g",MILCH (EINSCHLIESSLICH LAKTOSE),,0.95,,,,,,,0.08818,1.48522,0.09283,PCK-00-151924-5,3rd,

FV4012B - [BNL] - Souvlaki style pork tenderloin,REC-013637-4-006,R,1,portions,Rice - Lemon Brown Basmati Rice with Almonds + Dates,S,,100,grams,,SUB-013631-4-002,PLANETARY MIXER,"***PLATING INSTRUCTIONS***
(From the bottom to the top)

3 Compartment

MAIN COMPARTMENT
Rice: 100g
Pork: 130g
Cherry tomatoes: 40g
Butter: 10g","MANDELN, SCHALENFRÜCHTE, SCHWEFELDIOXIDE UND SULFITE",,0.85875,,,,,,,0.22046,4.10762,0.25673,PCK-00-151924-5,Main,
FV4012B - [BNL] - Souvlaki style pork tenderloin,REC-013637-4-006,R,1,portions,Souvlaki Pork Tenderloin Batch,S,,130,grams,,SUB-013635-4-001,MARINADE / GRILL / OVEN / SLICER / BLAST CHILLER,,SCHWEFELDIOXIDE UND SULFITE,,0.77199,,,,,,,0.2866,5.93997,0.37125,PCK-00-151924-5,Main,
FV4012B - [BNL] - Souvlaki style pork tenderloin,REC-013637-4-006,R,1,portions,Tomatoes - Roasted cherry tomatoes,S,,40,grams,,SUB-013627-4-001,OVEN / BLAST CHILLER,,,,0.8416,,,,,,,0.08818,1.67652,0.10478,PCK-00-151924-5,Main,
FV4012B - [BNL] - Souvlaki style pork tenderloin,REC-013637-4-006,R,1,portions,Compound butter - Oregano-Tomato,S,,10,grams,,SUB-013634-4-001,PLANETARY MIXER / SCOOPER (BUTTER) / BLAST CHILLER,,MILCH (EINSCHLIESSLICH LAKTOSE),,0.9468,,,,,,,0.02205,0.37256,0.02328,PCK-00-151924-5,Main,
FV4012B - [BNL] - Souvlaki style pork tenderloin,REC-013637-4-006,R,1,portions,Zucchini - Garlic Roasted Zucchini,S,,50,grams,,SUB-013632-4-001,OVEN / BLAST CHILLER,"SIDE COMP 1:
Courgette: 50g
Bell Peppers: 20g",,,0.6565,,,,,,,0.11023,2.68651,0.16791,PCK-00-151924-5,2nd,
FV4012B - [BNL] - Souvlaki style pork tenderloin,REC-013637-4-006,R,1,portions,Mixed peppers - Roasted diced red and green bell peppers,S,,20,grams,,SUB-013633-4-001,OVEN / BLAST CHILLER,,SCHWEFELDIOXIDE UND SULFITE,,0.68987,,,,,,,0.04409,1.02262,0.06391,PCK-00-151924-5,2nd,
FV4012B - [BNL] - Souvlaki style pork tenderloin,REC-013637-4-006,R,1,portions,Sauce - Lemon Dill Yogurt,S,,40,grams,,SUB-013636-4-001,HAND MIX,"SIDE COMP 2:
Cupped Sauce: 40g 

Net Weight : 390g",MILCH (EINSCHLIESSLICH LAKTOSE),,0.95,,,,,,,0.08818,1.48522,0.09283,PCK-00-151924-5,3rd,

FV4012B - [DE] - Souvlaki style pork tenderloin,REC-013637-4-007,R,1,portions,Rice - Lemon Brown Basmati Rice with Almonds + Dates,S,,100,grams,,SUB-013631-4-002,PLANETARY MIXER,"***PLATING INSTRUCTIONS***
(From the bottom to the top)

3 Compartment

MAIN COMPARTMENT
Rice: 100g
Pork: 130g
Cherry tomatoes: 40g
Butter: 10g","MANDELN, SCHALENFRÜCHTE, SCHWEFELDIOXIDE UND SULFITE",,0.85875,,,,,,,0.22046,4.10762,0.25673,PCK-00-151924-5,Main,
FV4012B - [DE] - Souvlaki style pork tenderloin,REC-013637-4-007,R,1,portions,Souvlaki Pork Tenderloin Batch,S,,130,grams,,SUB-013635-4-001,MARINADE / GRILL / OVEN / SLICER / BLAST CHILLER,,SCHWEFELDIOXIDE UND SULFITE,,0.77199,,,,,,,0.2866,5.93997,0.37125,PCK-00-151924-5,Main,
FV4012B - [DE] - Souvlaki style pork tenderloin,REC-013637-4-007,R,1,portions,Tomatoes - Roasted cherry tomatoes,S,,40,grams,,SUB-013627-4-001,OVEN / BLAST CHILLER,,,,0.8416,,,,,,,0.08818,1.67652,0.10478,PCK-00-151924-5,Main,
FV4012B - [DE] - Souvlaki style pork tenderloin,REC-013637-4-007,R,1,portions,Compound butter - Oregano-Tomato,S,,10,grams,,SUB-013634-4-001,PLANETARY MIXER / SCOOPER (BUTTER) / BLAST CHILLER,,MILCH (EINSCHLIESSLICH LAKTOSE),,0.9468,,,,,,,0.02205,0.37256,0.02328,PCK-00-151924-5,Main,
FV4012B - [DE] - Souvlaki style pork tenderloin,REC-013637-4-007,R,1,portions,Zucchini - Garlic Roasted Zucchini,S,,50,grams,,SUB-013632-4-001,OVEN / BLAST CHILLER,"SIDE COMP 1:
Courgette: 50g
Bell Peppers: 20g",,,0.6565,,,,,,,0.11023,2.68651,0.16791,PCK-00-151924-5,2nd,
FV4012B - [DE] - Souvlaki style pork tenderloin,REC-013637-4-007,R,1,portions,Mixed peppers - Roasted diced red and green bell peppers,S,,20,grams,,SUB-013633-4-001,OVEN / BLAST CHILLER,,SCHWEFELDIOXIDE UND SULFITE,,0.68987,,,,,,,0.04409,1.02262,0.06391,PCK-00-151924-5,2nd,
FV4012B - [DE] - Souvlaki style pork tenderloin,REC-013637-4-007,R,1,portions,Sauce - Lemon Dill Yogurt,S,,40,grams,,SUB-013636-4-001,HAND MIX,"SIDE COMP 2:
Cupped Sauce: 40g 

Net Weight : 390g",MILCH (EINSCHLIESSLICH LAKTOSE),,0.95,,,,,,,0.08818,1.48522,0.09283,PCK-00-151924-5,3rd,

FV4012B - [DK/SE] - Souvlaki style pork tenderloin,REC-013637-4-008,R,1,portions,Rice - Lemon Brown Basmati Rice with Almonds + Dates,S,,100,grams,,SUB-013631-4-002,PLANETARY MIXER,"***PLATING INSTRUCTIONS***
(From the bottom to the top)

3 Compartment

MAIN COMPARTMENT
Rice: 100g
Pork: 130g
Cherry tomatoes: 40g
Butter: 10g","MANDELN, SCHALENFRÜCHTE, SCHWEFELDIOXIDE UND SULFITE",,0.85875,,,,,,,0.22046,4.10762,0.25673,PCK-00-151924-5,Main,
FV4012B - [DK/SE] - Souvlaki style pork tenderloin,REC-013637-4-008,R,1,portions,Souvlaki Pork Tenderloin Batch,S,,130,grams,,SUB-013635-4-001,MARINADE / GRILL / OVEN / SLICER / BLAST CHILLER,,SCHWEFELDIOXIDE UND SULFITE,,0.77199,,,,,,,0.2866,5.93997,0.37125,PCK-00-151924-5,Main,
FV4012B - [DK/SE] - Souvlaki style pork tenderloin,REC-013637-4-008,R,1,portions,Tomatoes - Roasted cherry tomatoes,S,,40,grams,,SUB-013627-4-001,OVEN / BLAST CHILLER,,,,0.8416,,,,,,,0.08818,1.67652,0.10478,PCK-00-151924-5,Main,
FV4012B - [DK/SE] - Souvlaki style pork tenderloin,REC-013637-4-008,R,1,portions,Compound butter - Oregano-Tomato,S,,10,grams,,SUB-013634-4-001,PLANETARY MIXER / SCOOPER (BUTTER) / BLAST CHILLER,,MILCH (EINSCHLIESSLICH LAKTOSE),,0.9468,,,,,,,0.02205,0.37256,0.02328,PCK-00-151924-5,Main,
FV4012B - [DK/SE] - Souvlaki style pork tenderloin,REC-013637-4-008,R,1,portions,Zucchini - Garlic Roasted Zucchini,S,,50,grams,,SUB-013632-4-001,OVEN / BLAST CHILLER,"SIDE COMP 1:
Courgette: 50g
Bell Peppers: 20g",,,0.6565,,,,,,,0.11023,2.68651,0.16791,PCK-00-151924-5,2nd,
FV4012B - [DK/SE] - Souvlaki style pork tenderloin,REC-013637-4-008,R,1,portions,Mixed peppers - Roasted diced red and green bell peppers,S,,20,grams,,SUB-013633-4-001,OVEN / BLAST CHILLER,,SCHWEFELDIOXIDE UND SULFITE,,0.68987,,,,,,,0.04409,1.02262,0.06391,PCK-00-151924-5,2nd,
FV4012B - [DK/SE] - Souvlaki style pork tenderloin,REC-013637-4-008,R,1,portions,Sauce - Lemon Dill Yogurt,S,,40,grams,,SUB-013636-4-001,HAND MIX,"SIDE COMP 2:
Cupped Sauce: 40g 

Net Weight : 390g",MILCH (EINSCHLIESSLICH LAKTOSE),,0.95,,,,,,,0.08818,1.48522,0.09283,PCK-00-151924-5,3rd,

FV4015A - Chicken ratatouille [BNL],REC-013765-4-003,R,1,portions,Chicken breast - Herb Grilled Chicken Breast,S,,1,each,,SUB-013545-4-001,MARINADE / GRILL / OVEN / BLAST CHILLER,"***PLATING INSTRUCTIONS***
(From the bottom to the top)

2 Compartment

MAIN COMPARTMENT
150G RATATOUILLE VEG
1 EA CHICKEN BREAST
10G MOZZARELLA
",,,0.62422,1,HAND_PORTIONED,Hand Portioned,,,4.23288,0.26455,6.78107,0.42382,PCK-00-151924-5,Main,
FV4015A - Chicken ratatouille [BNL],REC-013765-4-003,R,1,portions,Mixed veg - Ratatouille Vegetable Batch,S,,150,grams,,SUB-013764-4-001,SPICE PORTIONING / BRAISER / BLAST CHILLER,,SCHWEFELDIOXIDE UND SULFITE,,0.8975,1,SCOOP,white,LEVEL,,,0.33069,5.89535,0.36846,PCK-00-151924-5,Main,
FV4015A - Chicken ratatouille [BNL],REC-013765-4-003,R,1,portions,"FA-DE Cheese, Mozzarella, Shredded /Käse, Mozzarella, gerieben",I,DAI-00-139125-3,10,grams,,,,,MILCH (EINSCHLIESSLICH LAKTOSE),,,1,SCOOP,silver #60,LEVEL,,,0.02205,0.35274,0.02205,PCK-00-151924-5,Main,
FV4015A - Chicken ratatouille [BNL],REC-013765-4-003,R,1,portions,Potatoes - Roasted Potato Wedges with Skin,S,,90,grams,,SUB-013752-4-001,OVEN / BLAST CHILLER,"2ND COMPARTMENT
90G POTATO
",,,0.63579,1,SCOOP,grey,LEVEL,,,0.19842,4.99323,0.31208,PCK-00-151924-5,2nd,
FV4015A - Chicken ratatouille [BNL],REC-013765-4-003,R,1,portions,Sauce - Herby Parmesan Garlic Dressing,S,,30,grams,,SUB-013556-4-001,HAND MIX,"3RD COMPARTMENT
30G SAUCE CUPPED 

NET WEIGHT: 400G",MILCH (EINSCHLIESSLICH LAKTOSE),,0.84375,,,,,,,0.06614,1.25418,0.07839,PCK-00-151924-5,3rd,

FV4015A - Chicken ratatouille [DE],REC-013765-4-001,R,1,portions,Chicken breast - Herb Grilled Chicken Breast,S,,1,each,,SUB-013545-4-001,MARINADE / GRILL / OVEN / BLAST CHILLER,"***PLATING INSTRUCTIONS***
(From the bottom to the top)

2 Compartment

MAIN COMPARTMENT
150G RATATOUILLE VEG
1 EA CHICKEN BREAST
10G MOZZARELLA
",,,0.62422,1,HAND_PORTIONED,Hand Portioned,,,4.23288,0.26455,6.78107,0.42382,PCK-00-151924-5,Main,
FV4015A - Chicken ratatouille [DE],REC-013765-4-001,R,1,portions,Mixed veg - Ratatouille Vegetable Batch,S,,150,grams,,SUB-013764-4-001,SPICE PORTIONING / BRAISER / BLAST CHILLER,,SCHWEFELDIOXIDE UND SULFITE,,0.8975,1,SCOOP,white,LEVEL,,,0.33069,5.89535,0.36846,PCK-00-151924-5,Main,
FV4015A - Chicken ratatouille [DE],REC-013765-4-001,R,1,portions,"FA-DE Cheese, Mozzarella, Shredded /Käse, Mozzarella, gerieben",I,DAI-00-139125-3,10,grams,,,,,MILCH (EINSCHLIESSLICH LAKTOSE),,,1,SCOOP,silver #60,LEVEL,,,0.02205,0.35274,0.02205,PCK-00-151924-5,Main,
FV4015A - Chicken ratatouille [DE],REC-013765-4-001,R,1,portions,Potatoes - Roasted Potato Wedges with Skin,S,,90,grams,,SUB-013752-4-001,OVEN / BLAST CHILLER,"2ND COMPARTMENT
90G POTATO
",,,0.63579,1,SCOOP,grey,LEVEL,,,0.19842,4.99323,0.31208,PCK-00-151924-5,2nd,
FV4015A - Chicken ratatouille [DE],REC-013765-4-001,R,1,portions,Sauce - Herby Parmesan Garlic Dressing,S,,30,grams,,SUB-013556-4-001,HAND MIX,"3RD COMPARTMENT
30G SAUCE CUPPED 

NET WEIGHT: 400G",MILCH (EINSCHLIESSLICH LAKTOSE),,0.84375,,,,,,,0.06614,1.25418,0.07839,PCK-00-151924-5,3rd,

FV4015A - Chicken ratatouille [DKSE],REC-013765-4-002,R,1,portions,Chicken breast - Herb Grilled Chicken Breast,S,,1,each,,SUB-013545-4-001,MARINADE / GRILL / OVEN / BLAST CHILLER,"***PLATING INSTRUCTIONS***
(From the bottom to the top)

2 Compartment

MAIN COMPARTMENT
150G RATATOUILLE VEG
1 EA CHICKEN BREAST
10G MOZZARELLA
",,,0.62422,1,HAND_PORTIONED,Hand Portioned,,,4.23288,0.26455,6.78107,0.42382,PCK-00-151924-5,Main,
FV4015A - Chicken ratatouille [DKSE],REC-013765-4-002,R,1,portions,Mixed veg - Ratatouille Vegetable Batch,S,,150,grams,,SUB-013764-4-001,SPICE PORTIONING / BRAISER / BLAST CHILLER,,SCHWEFELDIOXIDE UND SULFITE,,0.8975,1,SCOOP,white,LEVEL,,,0.33069,5.89535,0.36846,PCK-00-151924-5,Main,
FV4015A - Chicken ratatouille [DKSE],REC-013765-4-002,R,1,portions,"FA-DE Cheese, Mozzarella, Shredded /Käse, Mozzarella, gerieben",I,DAI-00-139125-3,10,grams,,,,,MILCH (EINSCHLIESSLICH LAKTOSE),,,1,SCOOP,silver #60,LEVEL,,,0.02205,0.35274,0.02205,PCK-00-151924-5,Main,
FV4015A - Chicken ratatouille [DKSE],REC-013765-4-002,R,1,portions,Potatoes - Roasted Potato Wedges with Skin,S,,90,grams,,SUB-013752-4-001,OVEN / BLAST CHILLER,"2ND COMPARTMENT
90G POTATO
",,,0.63579,1,SCOOP,grey,LEVEL,,,0.19842,4.99323,0.31208,PCK-00-151924-5,2nd,
FV4015A - Chicken ratatouille [DKSE],REC-013765-4-002,R,1,portions,Sauce - Herby Parmesan Garlic Dressing,S,,30,grams,,SUB-013556-4-001,HAND MIX,"3RD COMPARTMENT
30G SAUCE CUPPED 

NET WEIGHT: 400G",MILCH (EINSCHLIESSLICH LAKTOSE),,0.84375,,,,,,,0.06614,1.25418,0.07839,PCK-00-151924-5,3rd,

FV4023A - Chicken in creamy chives sauce,REC-013563-4-001,R,1,portions,Chicken breast - Herb Grilled Chicken Breast,S,,1,each,,SUB-013545-4-001,MARINADE / GRILL / OVEN / BLAST CHILLER,"***PLATING INSTRUCTIONS***
(From the bottom to the top)

2 Compartment

MAIN COMPARTMENT
cream sauce = 120g
chicken = 1 EA 

",,,0.62422,,,,,,4.23288,0.26455,6.78107,0.42382,PCK-00-151923-5,Main,
FV4023A - Chicken in creamy chives sauce,REC-013563-4-001,R,1,portions,Sauce - Creamy Chives Sauce,S,,120,grams,,SUB-013562-4-001,SPICE PORTIONING / IMMERSION BLENDER / BRAISER / BLAST CHILLER,,"MILCH (EINSCHLIESSLICH LAKTOSE), SCHWEFELDIOXIDE UND SULFITE",,0.8617,,,,,,,0.26455,4.91224,0.30701,PCK-00-151923-5,Main,
FV4023A - Chicken in creamy chives sauce,REC-013563-4-001,R,1,portions,Green beans - oil and sea salt,S,,145,grams,,SUB-013552-4-001,OVEN / BLAST CHILLER,"2ND COMPARTMENT

green beans - 145g
Butter - 10g

NET WEIGHT: 395 g
",,,0.76705,,,,,,,0.31967,6.66801,0.41675,PCK-00-151923-5,2nd,
FV4023A - Chicken in creamy chives sauce,REC-013563-4-001,R,1,portions,Compound butter - Garlic Lemon Butter,S,,10,grams,,SUB-013547-4-001,PLANETARY MIXER / SCOOPER (BUTTER) / BLAST CHILLER,,MILCH (EINSCHLIESSLICH LAKTOSE),,0.90575,,,,,,,0.02205,0.38944,0.02434,PCK-00-151923-5,2nd,

FV4024A -[BNL]  Vegetarian shawarma-style cauliflower bowl,REC-014097-4-001,R,1,portions,Lemon Couscous with grilled veg,S,,190,grams,,SUB-013373-4-001,HAND MIX / BLAST CHILLER,"***PLATING INSTRUCTIONS***
(From the bottom to the top)

2 Compartment

MAIN COMPARTMENT
190g Couscous
100g Sauce and chickpeas
15g Feta
 ","GLUTENHALTIGES GETREIDE, SCHWEFELDIOXIDE UND SULFITE, SELLERIE, WEIZEN",,0.94444,,,,,,,0.41888,7.0963,0.44352,PCK-00-151923-5,Main,
FV4024A -[BNL]  Vegetarian shawarma-style cauliflower bowl,REC-014097-4-001,R,1,portions,Sauce - Bell pepper chickpea tomato sauce,S,,100,grams,,SUB-014096-4-001,SPICE PORTIONING / IMMERSION BLENDER / BRAISER / BLAST CHILLER,,SCHWEFELDIOXIDE UND SULFITE,,0.88082,,,,,,,0.22046,4.00466,0.25029,PCK-00-151923-5,Main,
FV4024A -[BNL]  Vegetarian shawarma-style cauliflower bowl,REC-014097-4-001,R,1,portions,"FA-DE Cheese, Feta /Käse, Feta",I,DAI-00-144309-3,15,grams,,,,,MILCH (EINSCHLIESSLICH LAKTOSE),,,,,,,,,0.03307,0.52911,0.03307,PCK-00-151923-5,Main,
FV4024A -[BNL]  Vegetarian shawarma-style cauliflower bowl,REC-014097-4-001,R,1,portions,Shoarma Cauliflower Batch - BA,S,,100,grams,,SUB-014095-4-001,OVEN / BLAST CHILLER,"2nd COMPARTMENT

100g Cauliflower
30g Garlic sauce (cupped)

Net Weight = 435g ","MILCH (EINSCHLIESSLICH LAKTOSE), SCHWEFELDIOXIDE UND SULFITE",,0.78241,,,,,,,0.22046,4.50838,0.28177,PCK-00-151923-5,2nd,
FV4024A -[BNL]  Vegetarian shawarma-style cauliflower bowl,REC-014097-4-001,R,1,portions,Sauce - Herby Parmesan Garlic Dressing,S,,30,grams,,SUB-013556-4-001,HAND MIX,,MILCH (EINSCHLIESSLICH LAKTOSE),,0.84375,,,,,,,0.06614,1.25418,0.07839,PCK-00-151923-5,2nd,

FV4024A -[DE]  Vegetarian shawarma-style cauliflower bowl,REC-014097-4-002,R,1,portions,Lemon Couscous with grilled veg,S,,190,grams,,SUB-013373-4-001,HAND MIX / BLAST CHILLER,"***PLATING INSTRUCTIONS***
(From the bottom to the top)

2 Compartment

MAIN COMPARTMENT
190g Couscous
100g Sauce and chickpeas
15g Feta
 ","GLUTENHALTIGES GETREIDE, SCHWEFELDIOXIDE UND SULFITE, SELLERIE, WEIZEN",,0.94444,,,,,,,0.41888,7.0963,0.44352,PCK-00-151923-5,Main,
FV4024A -[DE]  Vegetarian shawarma-style cauliflower bowl,REC-014097-4-002,R,1,portions,Sauce - Bell pepper chickpea tomato sauce,S,,100,grams,,SUB-014096-4-001,SPICE PORTIONING / IMMERSION BLENDER / BRAISER / BLAST CHILLER,,SCHWEFELDIOXIDE UND SULFITE,,0.88082,,,,,,,0.22046,4.00466,0.25029,PCK-00-151923-5,Main,
FV4024A -[DE]  Vegetarian shawarma-style cauliflower bowl,REC-014097-4-002,R,1,portions,"FA-DE Cheese, Feta /Käse, Feta",I,DAI-00-144309-3,15,grams,,,,,MILCH (EINSCHLIESSLICH LAKTOSE),,,,,,,,,0.03307,0.52911,0.03307,PCK-00-151923-5,Main,
FV4024A -[DE]  Vegetarian shawarma-style cauliflower bowl,REC-014097-4-002,R,1,portions,Shoarma Cauliflower Batch - BA,S,,100,grams,,SUB-014095-4-001,OVEN / BLAST CHILLER,"2nd COMPARTMENT

100g Cauliflower
30g Garlic sauce (cupped)

Net Weight = 435g ","MILCH (EINSCHLIESSLICH LAKTOSE), SCHWEFELDIOXIDE UND SULFITE",,0.78241,,,,,,,0.22046,4.50838,0.28177,PCK-00-151923-5,2nd,
FV4024A -[DE]  Vegetarian shawarma-style cauliflower bowl,REC-014097-4-002,R,1,portions,Sauce - Herby Parmesan Garlic Dressing,S,,30,grams,,SUB-013556-4-001,HAND MIX,,MILCH (EINSCHLIESSLICH LAKTOSE),,0.84375,,,,,,,0.06614,1.25418,0.07839,PCK-00-151923-5,2nd,

FV4024A -[DKSE]  Vegetarian shawarma-style cauliflower bowl,REC-014097-4-003,R,1,portions,Lemon Couscous with grilled veg,S,,190,grams,,SUB-013373-4-001,HAND MIX / BLAST CHILLER,"***PLATING INSTRUCTIONS***
(From the bottom to the top)

2 Compartment

MAIN COMPARTMENT
190g Couscous
100g Sauce and chickpeas
15g Feta
 ","GLUTENHALTIGES GETREIDE, SCHWEFELDIOXIDE UND SULFITE, SELLERIE, WEIZEN",,0.94444,,,,,,,0.41888,7.0963,0.44352,PCK-00-151923-5,Main,
FV4024A -[DKSE]  Vegetarian shawarma-style cauliflower bowl,REC-014097-4-003,R,1,portions,Sauce - Bell pepper chickpea tomato sauce,S,,100,grams,,SUB-014096-4-001,SPICE PORTIONING / IMMERSION BLENDER / BRAISER / BLAST CHILLER,,SCHWEFELDIOXIDE UND SULFITE,,0.88082,,,,,,,0.22046,4.00466,0.25029,PCK-00-151923-5,Main,
FV4024A -[DKSE]  Vegetarian shawarma-style cauliflower bowl,REC-014097-4-003,R,1,portions,"FA-DE Cheese, Feta /Käse, Feta",I,DAI-00-144309-3,15,grams,,,,,MILCH (EINSCHLIESSLICH LAKTOSE),,,,,,,,,0.03307,0.52911,0.03307,PCK-00-151923-5,Main,
FV4024A -[DKSE]  Vegetarian shawarma-style cauliflower bowl,REC-014097-4-003,R,1,portions,Shoarma Cauliflower Batch - BA,S,,100,grams,,SUB-014095-4-001,OVEN / BLAST CHILLER,"2nd COMPARTMENT

100g Cauliflower
30g Garlic sauce (cupped)

Net Weight = 435g ","MILCH (EINSCHLIESSLICH LAKTOSE), SCHWEFELDIOXIDE UND SULFITE",,0.78241,,,,,,,0.22046,4.50838,0.28177,PCK-00-151923-5,2nd,
FV4024A -[DKSE]  Vegetarian shawarma-style cauliflower bowl,REC-014097-4-003,R,1,portions,Sauce - Herby Parmesan Garlic Dressing,S,,30,grams,,SUB-013556-4-001,HAND MIX,,MILCH (EINSCHLIESSLICH LAKTOSE),,0.84375,,,,,,,0.06614,1.25418,0.07839,PCK-00-151923-5,2nd,

FV4027A  [BNL]-Beef & BBQ sauce,REC-014063-4-001,R,1,portions,Mash Leek & Cream Cheese mashed Potatoes -Less Salt,S,,160,grams,,SUB-032507-4-001,PLANETARY MIXER / BLAST CHILLER,"PLATING INSTRUCTION (top to bottom)

2 COMPARTMENT

MAIN: 
160g mashed potatoes
90g beef
50g sauce
6 gr green onion
","MILCH (EINSCHLIESSLICH LAKTOSE), SCHWEFELDIOXIDE UND SULFITE",,0.94438,,,,,,,0.35274,5.97625,0.37352,PCK-00-151923-5,Main,
FV4027A  [BNL]-Beef & BBQ sauce,REC-014063-4-001,R,1,portions,Pulled Beef - Beef and BBQ sauce,S,,90,grams,,SUB-032498-4-001,PLANETARY MIXER,,,,0.78012,,,,,,,0.19842,4.06946,0.25434,PCK-00-151923-5,Main,
FV4027A  [BNL]-Beef & BBQ sauce,REC-014063-4-001,R,1,portions,Sauce - Maple BBQ Sauce,S,,50,grams,,SUB-013524-4-001,SPICE PORTIONING / IMMERSION BLENDER / BRAISER / BLAST CHILLER,,,,0.7977,,,,,,,0.11023,2.21099,0.13819,PCK-00-151923-5,Main,
FV4027A  [BNL]-Beef & BBQ sauce,REC-014063-4-001,R,1,portions,"FA-DE Onion, Green, Sliced 5mm /Zwiebel, grün, in Scheiben geschnitten, 5 mm",I,PHF-00-149803-3,6,grams,,,,,,,,,,,,,,0.01323,0.21164,0.01323,PCK-00-151923-5,Main,
FV4027A  [BNL]-Beef & BBQ sauce,REC-014063-4-001,R,1,portions,Mixed veg - Roasted Zucchini & Corn,S,,120,grams,,SUB-013917-4-001,OVEN / BLAST CHILLER,"2nd: 
120g zucchini and corn

NET WEIGHT: 426G",SCHWEFELDIOXIDE UND SULFITE,,0.47849,,,,,,,0.26455,8.84634,0.5529,PCK-00-151923-5,2nd,

FV4027A  [DE]-Beef & BBQ sauce,REC-014063-4-004,R,1,portions,Mash Leek & Cream Cheese mashed Potatoes -Less Salt,S,,160,grams,,SUB-032507-4-001,PLANETARY MIXER / BLAST CHILLER,"PLATING INSTRUCTION (top to bottom)

2 COMPARTMENT

MAIN: 
160g mashed potatoes
90g beef
50g sauce
6 gr green onion
","MILCH (EINSCHLIESSLICH LAKTOSE), SCHWEFELDIOXIDE UND SULFITE",,0.94438,,,,,,,0.35274,5.97625,0.37352,PCK-00-151923-5,Main,
FV4027A  [DE]-Beef & BBQ sauce,REC-014063-4-004,R,1,portions,Pulled Beef - Beef and BBQ sauce,S,,90,grams,,SUB-032498-4-001,PLANETARY MIXER,,,,0.78012,,,,,,,0.19842,4.06946,0.25434,PCK-00-151923-5,Main,
FV4027A  [DE]-Beef & BBQ sauce,REC-014063-4-004,R,1,portions,Sauce - Maple BBQ Sauce,S,,50,grams,,SUB-013524-4-001,SPICE PORTIONING / IMMERSION BLENDER / BRAISER / BLAST CHILLER,,,,0.7977,,,,,,,0.11023,2.21099,0.13819,PCK-00-151923-5,Main,
FV4027A  [DE]-Beef & BBQ sauce,REC-014063-4-004,R,1,portions,Steamed Green Onions,S,,6,grams,,SUB-023370-4-002,OVEN / BLAST CHILLER,,,,0.712,,,,,,,0.01323,0.29725,0.01858,PCK-00-151923-5,Main,
FV4027A  [DE]-Beef & BBQ sauce,REC-014063-4-004,R,1,portions,Mixed veg - Roasted Zucchini & Corn,S,,120,grams,,SUB-013917-4-001,OVEN / BLAST CHILLER,"2nd: 
120g zucchini and corn

NET WEIGHT: 426G",SCHWEFELDIOXIDE UND SULFITE,,0.47849,,,,,,,0.26455,8.84634,0.5529,PCK-00-151923-5,2nd,

FV4027A  [DSKE]-Beef & BBQ sauce,REC-014063-4-003,R,1,portions,Mash Leek & Cream Cheese mashed Potatoes -Less Salt,S,,160,grams,,SUB-032507-4-001,PLANETARY MIXER / BLAST CHILLER,"PLATING INSTRUCTION (top to bottom)

2 COMPARTMENT

MAIN: 
160g mashed potatoes
90g beef
50g sauce
6 gr green onion
","MILCH (EINSCHLIESSLICH LAKTOSE), SCHWEFELDIOXIDE UND SULFITE",,0.94438,,,,,,,0.35274,5.97625,0.37352,PCK-00-151923-5,Main,
FV4027A  [DSKE]-Beef & BBQ sauce,REC-014063-4-003,R,1,portions,Pulled Beef - Beef and BBQ sauce,S,,90,grams,,SUB-032498-4-001,PLANETARY MIXER,,,,0.78012,,,,,,,0.19842,4.06946,0.25434,PCK-00-151923-5,Main,
FV4027A  [DSKE]-Beef & BBQ sauce,REC-014063-4-003,R,1,portions,Sauce - Maple BBQ Sauce,S,,50,grams,,SUB-013524-4-001,SPICE PORTIONING / IMMERSION BLENDER / BRAISER / BLAST CHILLER,,,,0.7977,,,,,,,0.11023,2.21099,0.13819,PCK-00-151923-5,Main,
FV4027A  [DSKE]-Beef & BBQ sauce,REC-014063-4-003,R,1,portions,"FA-DE Onion, Green, Sliced 5mm /Zwiebel, grün, in Scheiben geschnitten, 5 mm",I,PHF-00-149803-3,6,grams,,,,,,,,,,,,,,0.01323,0.21164,0.01323,PCK-00-151923-5,Main,
FV4027A  [DSKE]-Beef & BBQ sauce,REC-014063-4-003,R,1,portions,Mixed veg - Roasted Zucchini & Corn,S,,120,grams,,SUB-013917-4-001,OVEN / BLAST CHILLER,"2nd: 
120g zucchini and corn

NET WEIGHT: 426G",SCHWEFELDIOXIDE UND SULFITE,,0.47849,,,,,,,0.26455,8.84634,0.5529,PCK-00-151923-5,2nd,

FV4034A - [BNL]  - Pulled chicken in smokey tomato sauce,REC-013401-4-003,R,1,portions,Potatoes - Diced potato wedges in fresh parsley,S,,110,grams,,SUB-013397-4-001,OVEN / BLAST CHILLER,"**PLATING INSTRUCTIONS**

2 compartment bento

MAIN COMPARTMENT
Plate 2 components next to each other: 
One side:  110g potato wedges
Other side: 115g shredded chicken
On top: 70g tomato sauce

",,,0.70753,1,SCOOP,white,LEVEL,,,0.24251,5.48403,0.34275,PCK-00-151923-5,Main,
FV4034A - [BNL]  - Pulled chicken in smokey tomato sauce,REC-013401-4-003,R,1,portions,Shredded Chicken Thigh - base,S,,115,grams,,SUB-013901-4-002,MARINADE / OVEN / HOT SHREDDER / BLAST CHILLER,,,,0.63206,1,SCOOP,white,LEVEL,,,0.25353,6.41791,0.40112,PCK-00-151923-5,Main,
FV4034A - [BNL]  - Pulled chicken in smokey tomato sauce,REC-013401-4-003,R,1,portions,Sauce - Spanish Tomato Sauce with chorizo spice,S,,70,grams,,SUB-013366-4-001,SPICE PORTIONING / IMMERSION BLENDER / BRAISER / BLAST CHILLER,,SCHWEFELDIOXIDE UND SULFITE,,0.8752,1,SCOOP,blue,LEVEL,,,0.15432,2.82126,0.17633,PCK-00-151923-5,Main,
FV4034A - [BNL]  - Pulled chicken in smokey tomato sauce,REC-013401-4-003,R,1,portions,Mixed veg - Garlic Roasted courgette & parsley,S,,66,grams,,SUB-013400-4-001,OVEN / BLAST CHILLER,"2ND COMPARTMENT: 
66g courgette 
44g peas

CUPPED
30g sauce 

NET WEIGHT: 435g",,,0.58301,1,SCOOP,beige,LEVEL,,,0.14551,3.99325,0.24958,PCK-00-151923-5,2nd,
FV4034A - [BNL]  - Pulled chicken in smokey tomato sauce,REC-013401-4-003,R,1,portions,Peas - Steamed Peas,S,,44,grams,,SUB-013399-4-001,OVEN / BLAST CHILLER,,,,0.92912,,,,,,,0.097,1.67045,0.1044,PCK-00-151923-5,2nd,
FV4034A - [BNL]  - Pulled chicken in smokey tomato sauce,REC-013401-4-003,R,1,portions,Sauce - Garlic Sauce ailoi,S,,30,grams,,SUB-013368-4-001,HAND MIX,,MILCH (EINSCHLIESSLICH LAKTOSE),,0.907,,,,,,,0.06614,1.16673,0.07292,PCK-00-151923-5,2nd,

FV4034A - [DE] - Pulled chicken in smokey tomato sauce,REC-013401-4-001,R,1,portions,Potatoes - Diced potato wedges in fresh parsley,S,,110,grams,,SUB-013397-4-001,OVEN / BLAST CHILLER,"**PLATING INSTRUCTIONS**

2 compartment bento

MAIN COMPARTMENT
Plate 2 components next to each other: 
One side:  110g potato wedges
Other side: 115g shredded chicken
On top: 70g tomato sauce

",,,0.70753,1,SCOOP,white,LEVEL,,,0.24251,5.48403,0.34275,PCK-00-151923-5,Main,
FV4034A - [DE] - Pulled chicken in smokey tomato sauce,REC-013401-4-001,R,1,portions,Shredded Chicken Thigh - base,S,,115,grams,,SUB-013901-4-002,MARINADE / OVEN / HOT SHREDDER / BLAST CHILLER,,,,0.63206,1,SCOOP,white,LEVEL,,,0.25353,6.41791,0.40112,PCK-00-151923-5,Main,
FV4034A - [DE] - Pulled chicken in smokey tomato sauce,REC-013401-4-001,R,1,portions,Sauce - Spanish Tomato Sauce with chorizo spice,S,,70,grams,,SUB-013366-4-001,SPICE PORTIONING / IMMERSION BLENDER / BRAISER / BLAST CHILLER,,SCHWEFELDIOXIDE UND SULFITE,,0.8752,1,SCOOP,blue,LEVEL,,,0.15432,2.82126,0.17633,PCK-00-151923-5,Main,
FV4034A - [DE] - Pulled chicken in smokey tomato sauce,REC-013401-4-001,R,1,portions,Mixed veg - Garlic Roasted courgette & parsley,S,,66,grams,,SUB-013400-4-001,OVEN / BLAST CHILLER,"2ND COMPARTMENT: 
66g courgette 
44g peas

30g sauce (CUPPED)

NET WEIGHT: 435g",,,0.58301,1,SCOOP,beige,LEVEL,,,0.14551,3.99325,0.24958,PCK-00-151923-5,2nd,
FV4034A - [DE] - Pulled chicken in smokey tomato sauce,REC-013401-4-001,R,1,portions,Peas - Steamed Peas,S,,44,grams,,SUB-013399-4-001,OVEN / BLAST CHILLER,,,,0.92912,,,,,,,0.097,1.67045,0.1044,PCK-00-151923-5,2nd,
FV4034A - [DE] - Pulled chicken in smokey tomato sauce,REC-013401-4-001,R,1,portions,Sauce - Garlic Sauce ailoi,S,,30,grams,,SUB-013368-4-001,HAND MIX,,MILCH (EINSCHLIESSLICH LAKTOSE),,0.907,,,,,,,0.06614,1.16673,0.07292,PCK-00-151923-5,2nd,

FV4034A - [DK/SE]  - Pulled chicken in smokey tomato sauce,REC-013401-4-002,R,1,portions,Potatoes - Diced potato wedges in fresh parsley,S,,110,grams,,SUB-013397-4-001,OVEN / BLAST CHILLER,"**PLATING INSTRUCTIONS**

2 compartment bento

MAIN COMPARTMENT
Plate 2 components next to each other: 
One side:  110g potato wedges
Other side: 115g shredded chicken
On top: 70g tomato sauce

",,,0.70753,1,SCOOP,white,LEVEL,,,0.24251,5.48403,0.34275,PCK-00-151923-5,Main,
FV4034A - [DK/SE]  - Pulled chicken in smokey tomato sauce,REC-013401-4-002,R,1,portions,Shredded Chicken Thigh - base,S,,115,grams,,SUB-013901-4-002,MARINADE / OVEN / HOT SHREDDER / BLAST CHILLER,,,,0.63206,1,SCOOP,white,LEVEL,,,0.25353,6.41791,0.40112,PCK-00-151923-5,Main,
FV4034A - [DK/SE]  - Pulled chicken in smokey tomato sauce,REC-013401-4-002,R,1,portions,Sauce - Spanish Tomato Sauce with chorizo spice,S,,70,grams,,SUB-013366-4-001,SPICE PORTIONING / IMMERSION BLENDER / BRAISER / BLAST CHILLER,,SCHWEFELDIOXIDE UND SULFITE,,0.8752,1,SCOOP,blue,LEVEL,,,0.15432,2.82126,0.17633,PCK-00-151923-5,Main,
FV4034A - [DK/SE]  - Pulled chicken in smokey tomato sauce,REC-013401-4-002,R,1,portions,Mixed veg - Garlic Roasted courgette & parsley,S,,66,grams,,SUB-013400-4-001,OVEN / BLAST CHILLER,"2ND COMPARTMENT: 
66g courgette 
44g peas

30g sauce (CUPPED)

NET WEIGHT: 435g",,,0.58301,1,SCOOP,beige,LEVEL,,,0.14551,3.99325,0.24958,PCK-00-151923-5,2nd,
FV4034A - [DK/SE]  - Pulled chicken in smokey tomato sauce,REC-013401-4-002,R,1,portions,Peas - Steamed Peas,S,,44,grams,,SUB-013399-4-001,OVEN / BLAST CHILLER,,,,0.92912,,,,,,,0.097,1.67045,0.1044,PCK-00-151923-5,2nd,
FV4034A - [DK/SE]  - Pulled chicken in smokey tomato sauce,REC-013401-4-002,R,1,portions,Sauce - Garlic Sauce ailoi,S,,30,grams,,SUB-013368-4-001,HAND MIX,,MILCH (EINSCHLIESSLICH LAKTOSE),,0.907,,,,,,,0.06614,1.16673,0.07292,PCK-00-151923-5,2nd,

FV4038A - [BNL] Chicken in creamy mushroom sauce,REC-014288-4-001,R,1,portions,Sauce - mushroom cream sauce -Chicken in creamy mushroom sauce,S,,145,grams,,SUB-031843-4-001,SPICE PORTIONING / IMMERSION BLENDER / BRAISER / BLAST CHILLER,"PLATING INCTRUCTION 

MAIN : 
145g Mushroom Sauce
1 ea Chicken 
","MILCH (EINSCHLIESSLICH LAKTOSE), SCHWEFELDIOXIDE UND SULFITE, SENF",,0.7685,,,,,,,0.31967,6.6555,0.41597,PCK-00-151923-5,Main,
FV4038A - [BNL] Chicken in creamy mushroom sauce,REC-014288-4-001,R,1,portions,Chicken breast - Herb Grilled Chicken Breast,S,,1,each,,SUB-013545-4-001,MARINADE / GRILL / OVEN / BLAST CHILLER,,,,0.62422,,,,,,4.23288,0.26455,6.78107,0.42382,PCK-00-151923-5,Main,
FV4038A - [BNL] Chicken in creamy mushroom sauce,REC-014288-4-001,R,1,portions,Roasted Garlic Broccoli,S,,70,grams,,SUB-014209-4-001,OVEN / BLAST CHILLER,"SIDE: 
70g Broccoli
70g Green beans 

Net weight: 405g",,,0.65089,,,,,,,0.15432,3.79354,0.2371,PCK-00-151923-5,2nd,
FV4038A - [BNL] Chicken in creamy mushroom sauce,REC-014288-4-001,R,1,portions,S&P Roasted Green Beans 1,S,,70,grams,,SUB-014184-4-001,OVEN / BLAST CHILLER,,,,0.62123,,,,,,,0.15432,3.97464,0.24841,PCK-00-151923-5,2nd,

FV4038A - [DE] Chicken in creamy mushroom sauce,REC-014288-4-002,R,1,portions,Sauce - mushroom cream sauce -Chicken in creamy mushroom sauce,S,,145,grams,,SUB-031843-4-001,SPICE PORTIONING / IMMERSION BLENDER / BRAISER / BLAST CHILLER,"PLATING INCTRUCTION 

MAIN : 
145g Mushroom Sauce
1 ea Chicken 
","MILCH (EINSCHLIESSLICH LAKTOSE), SCHWEFELDIOXIDE UND SULFITE, SENF",,0.7685,,,,,,,0.31967,6.6555,0.41597,PCK-00-151923-5,Main,
FV4038A - [DE] Chicken in creamy mushroom sauce,REC-014288-4-002,R,1,portions,Chicken breast - Herb Grilled Chicken Breast,S,,1,each,,SUB-013545-4-001,MARINADE / GRILL / OVEN / BLAST CHILLER,,,,0.62422,,,,,,4.23288,0.26455,6.78107,0.42382,PCK-00-151923-5,Main,
FV4038A - [DE] Chicken in creamy mushroom sauce,REC-014288-4-002,R,1,portions,Roasted Garlic Broccoli,S,,70,grams,,SUB-014209-4-001,OVEN / BLAST CHILLER,"SIDE: 
70g Broccoli
70g Green beans 

Net weight: 405g",,,0.65089,,,,,,,0.15432,3.79354,0.2371,PCK-00-151923-5,2nd,
FV4038A - [DE] Chicken in creamy mushroom sauce,REC-014288-4-002,R,1,portions,S&P Roasted Green Beans 1,S,,70,grams,,SUB-014184-4-001,OVEN / BLAST CHILLER,,,,0.62123,,,,,,,0.15432,3.97464,0.24841,PCK-00-151923-5,2nd,

FV4038A - [DKSE] Chicken in creamy mushroom sauce,REC-014288-4-003,R,1,portions,Sauce - mushroom cream sauce -Chicken in creamy mushroom sauce,S,,145,grams,,SUB-031843-4-001,SPICE PORTIONING / IMMERSION BLENDER / BRAISER / BLAST CHILLER,"PLATING INCTRUCTION 

MAIN : 
145g Mushroom Sauce
1 ea Chicken 
","MILCH (EINSCHLIESSLICH LAKTOSE), SCHWEFELDIOXIDE UND SULFITE, SENF",,0.7685,,,,,,,0.31967,6.6555,0.41597,PCK-00-151923-5,Main,
FV4038A - [DKSE] Chicken in creamy mushroom sauce,REC-014288-4-003,R,1,portions,Chicken breast - Herb Grilled Chicken Breast,S,,1,each,,SUB-013545-4-001,MARINADE / GRILL / OVEN / BLAST CHILLER,,,,0.62422,,,,,,4.23288,0.26455,6.78107,0.42382,PCK-00-151923-5,Main,
FV4038A - [DKSE] Chicken in creamy mushroom sauce,REC-014288-4-003,R,1,portions,Roasted Garlic Broccoli,S,,70,grams,,SUB-014209-4-001,OVEN / BLAST CHILLER,"SIDE: 
70g Broccoli
70g Green beans 

Net weight: 405g",,,0.65089,,,,,,,0.15432,3.79354,0.2371,PCK-00-151923-5,2nd,
FV4038A - [DKSE] Chicken in creamy mushroom sauce,REC-014288-4-003,R,1,portions,S&P Roasted Green Beans 1,S,,70,grams,,SUB-014184-4-001,OVEN / BLAST CHILLER,,,,0.62123,,,,,,,0.15432,3.97464,0.24841,PCK-00-151923-5,2nd,

FV4039A - Salmon in creamy gochugaru sauce [BNL],REC-013629-4-003,R,1,portions,Salmon - garlic seasoning,S,,1,each,,SUB-013382-4-001,THAW / HAND MARINADE / OVEN / BLAST CHILLER,"125g sauce
1 salmon
10g green onion
40g grape tomatoes
125g zucchini noodles 
PLATING INSTRUCTION

MAIN: 
1 salmon = 115g
115g sauce
10g green onion
40g grape tomatoes

SIDE: 
125g zucchini noodles 

Net weight = 405g",FISCH,,0.81816,1,HAND_PORTIONED,Hand Portioned,,,4.05651,0.25353,4.95811,0.30988,PCK-00-151923-5,Main,
FV4039A - Salmon in creamy gochugaru sauce [BNL],REC-013629-4-003,R,1,portions,Sauce - Creamy Gochugaru Sauce,S,,115,grams,,SUB-013450-4-001,SPICE PORTIONING / IMMERSION BLENDER / BRAISER / BLAST CHILLER,,"MILCH (EINSCHLIESSLICH LAKTOSE), SCHWEFELDIOXIDE UND SULFITE",,0.8465,1,SCOOP,white,LEVEL,,,0.25353,4.79212,0.29951,PCK-00-151923-5,Main,
FV4039A - Salmon in creamy gochugaru sauce [BNL],REC-013629-4-003,R,1,portions,Roasted Green Onions,S,,10,grams,,SUB-023370-4-001,OVEN / BLAST CHILLER,,,,0.502,1,SCOOP,purple,LEVEL,,,0.02205,0.70267,0.04392,PCK-00-151923-5,Main,
FV4039A - Salmon in creamy gochugaru sauce [BNL],REC-013629-4-003,R,1,portions,Tomatoes - Roasted cherry tomatoes,S,,40,grams,,SUB-013627-4-001,OVEN / BLAST CHILLER,,,,0.8416,1,SCOOP,red,NATURAL,,,0.08818,1.67652,0.10478,PCK-00-151923-5,Main,
FV4039A - Salmon in creamy gochugaru sauce [BNL],REC-013629-4-003,R,1,portions,Courgette - Sesame Zucchini Noodles,S,,125,grams,,SUB-013628-4-001,OVEN / BLAST CHILLER,,SESAMSAMEN,,0.69617,1,SCOOP,white,NATURAL,,,0.27558,6.33355,0.39585,PCK-00-151923-5,Main,

FV4039A - Salmon in creamy gochugaru sauce [DE],REC-013629-4-001,R,1,portions,Sauce - Creamy Gochugaru Sauce,S,,115,grams,,SUB-013450-4-001,SPICE PORTIONING / IMMERSION BLENDER / BRAISER / BLAST CHILLER,"125g sauce
1 salmon
10g green onion
40g grape tomatoes
125g zucchini noodles 
PLATING INSTRUCTION

MAIN: 
1 salmon = 115g
115g sauce
10g green onion
40g grape tomatoes

SIDE: 
125g zucchini noodles 

Net weight = 405g","MILCH (EINSCHLIESSLICH LAKTOSE), SCHWEFELDIOXIDE UND SULFITE",,0.8465,1,SCOOP,white,LEVEL,,,0.25353,4.79212,0.29951,PCK-00-151923-5,Main,
FV4039A - Salmon in creamy gochugaru sauce [DE],REC-013629-4-001,R,1,portions,Salmon - garlic seasoning,S,,1,each,,SUB-013382-4-001,THAW / HAND MARINADE / OVEN / BLAST CHILLER,,FISCH,,0.81816,1,HAND_PORTIONED,Hand Portioned,,,4.05651,0.25353,4.95811,0.30988,PCK-00-151923-5,Main,
FV4039A - Salmon in creamy gochugaru sauce [DE],REC-013629-4-001,R,1,portions,Roasted Green Onions,S,,10,grams,,SUB-023370-4-001,OVEN / BLAST CHILLER,,,,0.502,1,SCOOP,purple,LEVEL,,,0.02205,0.70267,0.04392,PCK-00-151923-5,Main,
FV4039A - Salmon in creamy gochugaru sauce [DE],REC-013629-4-001,R,1,portions,Tomatoes - Roasted cherry tomatoes,S,,40,grams,,SUB-013627-4-001,OVEN / BLAST CHILLER,,,,0.8416,1,SCOOP,red,NATURAL,,,0.08818,1.67652,0.10478,PCK-00-151923-5,Main,
FV4039A - Salmon in creamy gochugaru sauce [DE],REC-013629-4-001,R,1,portions,Courgette - Sesame Zucchini Noodles,S,,125,grams,,SUB-013628-4-001,OVEN / BLAST CHILLER,,SESAMSAMEN,,0.69617,1,SCOOP,white,NATURAL,,,0.27558,6.33355,0.39585,PCK-00-151923-5,2nd,

FV4039A - Salmon in creamy gochugaru sauce [DKSE],REC-013629-4-002,R,1,portions,Salmon - garlic seasoning,S,,1,each,,SUB-013382-4-001,THAW / HAND MARINADE / OVEN / BLAST CHILLER,"125g sauce
1 salmon
10g green onion
40g grape tomatoes
125g zucchini noodles 
PLATING INSTRUCTION

MAIN: 
1 salmon = 115g
115g sauce
10g green onion
40g grape tomatoes

SIDE: 
125g zucchini noodles 

Net weight = 405g",FISCH,,0.81816,1,HAND_PORTIONED,Hand Portioned,,,4.05651,0.25353,4.95811,0.30988,PCK-00-151923-5,Main,
FV4039A - Salmon in creamy gochugaru sauce [DKSE],REC-013629-4-002,R,1,portions,Sauce - Creamy Gochugaru Sauce,S,,115,grams,,SUB-013450-4-001,SPICE PORTIONING / IMMERSION BLENDER / BRAISER / BLAST CHILLER,,"MILCH (EINSCHLIESSLICH LAKTOSE), SCHWEFELDIOXIDE UND SULFITE",,0.8465,1,SCOOP,white,LEVEL,,,0.25353,4.79212,0.29951,PCK-00-151923-5,Main,
FV4039A - Salmon in creamy gochugaru sauce [DKSE],REC-013629-4-002,R,1,portions,Roasted Green Onions,S,,10,grams,,SUB-023370-4-001,OVEN / BLAST CHILLER,,,,0.502,1,SCOOP,purple,LEVEL,,,0.02205,0.70267,0.04392,PCK-00-151923-5,Main,
FV4039A - Salmon in creamy gochugaru sauce [DKSE],REC-013629-4-002,R,1,portions,Tomatoes - Roasted cherry tomatoes,S,,40,grams,,SUB-013627-4-001,OVEN / BLAST CHILLER,,,,0.8416,1,SCOOP,red,NATURAL,,,0.08818,1.67652,0.10478,PCK-00-151923-5,Main,
FV4039A - Salmon in creamy gochugaru sauce [DKSE],REC-013629-4-002,R,1,portions,Courgette - Sesame Zucchini Noodles,S,,125,grams,,SUB-013628-4-001,OVEN / BLAST CHILLER,,SESAMSAMEN,,0.69617,1,SCOOP,white,NATURAL,,,0.27558,6.33355,0.39585,PCK-00-151923-5,Main,

FV4040A - [BNL] Chicken in creamy basil sauce,REC-013994-4-001,R,1,portions,Sauce - Basil Pesto Cream Sauce,S,,120,grams,,SUB-013661-4-001,SPICE PORTIONING / IMMERSION BLENDER / BRAISER / BLAST CHILLER,"***PLATING INSTRUCTIONS***
(From the bottom to the top)

2 Compartment

MAIN COMPARTMENT
120g Sauce 
1 Chicken Breast
",MILCH (EINSCHLIESSLICH LAKTOSE),,0.92571,,,,,,,0.26455,4.57256,0.28579,PCK-00-151923-5,Main,
FV4040A - [BNL] Chicken in creamy basil sauce,REC-013994-4-001,R,1,portions,Chicken Breast -Sun Dried Tomato chicken batch -Grilled 160g Marinated,S,,1,each,,SUB-032733-4-001,MARINADE / GRILL / OVEN / BLAST CHILLER,,,,0.7011,,,,,,4.23288,0.26455,6.0375,0.37734,PCK-00-151923-5,Main,
FV4040A - [BNL] Chicken in creamy basil sauce,REC-013994-4-001,R,1,portions,Cauliflower - Chili-Garlic Cauliflower Florets,S,,150,grams,,SUB-013454-4-001,OVEN / BLAST CHILLER,"2ND COMPARTMENT
150g Cauliflower
20g Mozzarella

NET WEIGHT: 410g",SCHWEFELDIOXIDE UND SULFITE,,0.70477,,,,,,,0.33069,7.50757,0.46922,PCK-00-151923-5,2nd,
FV4040A - [BNL] Chicken in creamy basil sauce,REC-013994-4-001,R,1,portions,"FA-DE Cheese, Mozzarella, Shredded /Käse, Mozzarella, gerieben",I,DAI-00-139125-3,20,grams,,,,,MILCH (EINSCHLIESSLICH LAKTOSE),,,,,,,,,0.04409,0.70548,0.04409,PCK-00-151923-5,2nd,

FV4040A - [DE] Chicken in creamy basil sauce,REC-013994-4-004,R,1,portions,Sauce - Basil Pesto Cream Sauce,S,,120,grams,,SUB-013661-4-001,SPICE PORTIONING / IMMERSION BLENDER / BRAISER / BLAST CHILLER,"***PLATING INSTRUCTIONS***
(From the bottom to the top)

2 Compartment

MAIN COMPARTMENT
120g Sauce 
1 Chicken Breast
",MILCH (EINSCHLIESSLICH LAKTOSE),,0.92571,,,,,,,0.26455,4.57256,0.28579,PCK-00-151923-5,Main,
FV4040A - [DE] Chicken in creamy basil sauce,REC-013994-4-004,R,1,portions,Chicken Breast -Sun Dried Tomato chicken batch -Grilled 160g Marinated,S,,1,each,,SUB-032733-4-001,MARINADE / GRILL / OVEN / BLAST CHILLER,,,,0.7011,,,,,,4.23288,0.26455,6.0375,0.37734,PCK-00-151923-5,Main,
FV4040A - [DE] Chicken in creamy basil sauce,REC-013994-4-004,R,1,portions,Cauliflower - Chili-Garlic Cauliflower Florets,S,,150,grams,,SUB-013454-4-001,OVEN / BLAST CHILLER,"2ND COMPARTMENT
150g Cauliflower
20g Mozzarella

NET WEIGHT: 410g",SCHWEFELDIOXIDE UND SULFITE,,0.70477,,,,,,,0.33069,7.50757,0.46922,PCK-00-151923-5,2nd,
FV4040A - [DE] Chicken in creamy basil sauce,REC-013994-4-004,R,1,portions,"FA-DE Cheese, Mozzarella, Shredded /Käse, Mozzarella, gerieben",I,DAI-00-139125-3,20,grams,,,,,MILCH (EINSCHLIESSLICH LAKTOSE),,,,,,,,,0.04409,0.70548,0.04409,PCK-00-151923-5,2nd,

FV4040A - [DSKE] Chicken in creamy basil sauce,REC-013994-4-003,R,1,portions,Sauce - Basil Pesto Cream Sauce,S,,120,grams,,SUB-013661-4-001,SPICE PORTIONING / IMMERSION BLENDER / BRAISER / BLAST CHILLER,"***PLATING INSTRUCTIONS***
(From the bottom to the top)

2 Compartment

MAIN COMPARTMENT
120g Sauce 
1 Chicken Breast
",MILCH (EINSCHLIESSLICH LAKTOSE),,0.92571,,,,,,,0.26455,4.57256,0.28579,PCK-00-151923-5,Main,
FV4040A - [DSKE] Chicken in creamy basil sauce,REC-013994-4-003,R,1,portions,Chicken Breast -Sun Dried Tomato chicken batch -Grilled 160g Marinated,S,,1,each,,SUB-032733-4-001,MARINADE / GRILL / OVEN / BLAST CHILLER,,,,0.7011,,,,,,4.23288,0.26455,6.0375,0.37734,PCK-00-151923-5,Main,
FV4040A - [DSKE] Chicken in creamy basil sauce,REC-013994-4-003,R,1,portions,Cauliflower - Chili-Garlic Cauliflower Florets,S,,150,grams,,SUB-013454-4-001,OVEN / BLAST CHILLER,"2ND COMPARTMENT
150g Cauliflower
20g Mozzarella

NET WEIGHT: 410g",SCHWEFELDIOXIDE UND SULFITE,,0.70477,,,,,,,0.33069,7.50757,0.46922,PCK-00-151923-5,2nd,
FV4040A - [DSKE] Chicken in creamy basil sauce,REC-013994-4-003,R,1,portions,"FA-DE Cheese, Mozzarella, Shredded /Käse, Mozzarella, gerieben",I,DAI-00-139125-3,20,grams,,,,,MILCH (EINSCHLIESSLICH LAKTOSE),,,,,,,,,0.04409,0.70548,0.04409,PCK-00-151923-5,2nd,

FV4042A - Pork tenderloin with Mediterranean mash - [BNL],REC-013990-4-003,R,1,portions,Mash - Garlic Spinach Stamppot with sundried tomatoes,S,,175,grams,,SUB-013988-4-001,HAND MIX / BLAST CHILLER,"***PLATING INSTRUCTIONS***
(From the bottom to the top)

2 Compartment

MAIN COMPARTMENT
175g mash 
100g pork tenderloin ",MILCH (EINSCHLIESSLICH LAKTOSE),,0.99961,"1
1","SCOOP
SCOOP","red
grey","LEVEL
LEVEL",,,0.38581,6.17535,0.38596,PCK-00-151923-5,Main,
FV4042A - Pork tenderloin with Mediterranean mash - [BNL],REC-013990-4-003,R,1,portions,Chili Garlic marinated Pork Tenderloin,S,,100,grams,,SUB-032087-4-001,UNCATEGORIZED BOM,,SESAMSAMEN,,0.56579,100,HAND_PORTIONED,Hand Portioned,BY_CAMBRO,,,0.22046,6.23447,0.38965,PCK-00-151923-5,Main,
FV4042A - Pork tenderloin with Mediterranean mash - [BNL],REC-013990-4-003,R,1,portions,Green Beans - Garlic Chili Green Beans - less salt/less oil,S,,125,grams,,SUB-032670-4-001,OVEN / BLAST CHILLER,"2ND COMPARTMENT
125g green beans 
10g toasted pine nuts

Net weight: 410 g",,,0.71127,"1
1","SCOOP
SCOOP","green
grey","LEVEL
LEVEL",,,0.27558,6.19913,0.38745,PCK-00-151923-5,2nd,
FV4042A - Pork tenderloin with Mediterranean mash - [BNL],REC-013990-4-003,R,1,portions,Pinenuts - roasted,S,,10,grams,,SUB-013663-4-001,HAND MARINADE / OVEN / BLAST CHILLER,,,,0.78751,10,HAND_PORTIONED,Hand Portioned,BY_TRAY,,,0.02205,0.44792,0.02799,PCK-00-151923-5,2nd,

FV4042A - Pork tenderloin with Mediterranean mash - [DE],REC-013990-4-002,R,1,portions,Mash - Garlic Spinach Stamppot with sundried tomatoes,S,,175,grams,,SUB-013988-4-001,HAND MIX / BLAST CHILLER,"***PLATING INSTRUCTIONS***
(From the bottom to the top)

2 Compartment

MAIN COMPARTMENT
175g mash 
100g pork tenderloin ",MILCH (EINSCHLIESSLICH LAKTOSE),,0.99961,"1
1","SCOOP
SCOOP","red
grey","LEVEL
LEVEL",,,0.38581,6.17535,0.38596,PCK-00-151923-5,Main,
FV4042A - Pork tenderloin with Mediterranean mash - [DE],REC-013990-4-002,R,1,portions,Chili Garlic marinated Pork Tenderloin,S,,100,grams,,SUB-032087-4-001,UNCATEGORIZED BOM,,SESAMSAMEN,,0.56579,100,HAND_PORTIONED,Hand Portioned,BY_TRAY,,,0.22046,6.23447,0.38965,PCK-00-151923-5,Main,
FV4042A - Pork tenderloin with Mediterranean mash - [DE],REC-013990-4-002,R,1,portions,Green Beans - Garlic Chili Green Beans - less salt/less oil,S,,125,grams,,SUB-032670-4-001,OVEN / BLAST CHILLER,"2ND COMPARTMENT
125g green beans 
10g toasted pine nuts

Net weight: 410 g",,,0.71127,"1
1","SCOOP
SCOOP","green
grey","LEVEL
LEVEL",,,0.27558,6.19913,0.38745,PCK-00-151923-5,2nd,
FV4042A - Pork tenderloin with Mediterranean mash - [DE],REC-013990-4-002,R,1,portions,Pinenuts - roasted,S,,10,grams,,SUB-013663-4-001,HAND MARINADE / OVEN / BLAST CHILLER,,,,0.78751,10,HAND_PORTIONED,Hand Portioned,BY_TRAY,,,0.02205,0.44792,0.02799,PCK-00-151923-5,2nd,

FV4042A - Pork tenderloin with Mediterranean mash - [DKSE],REC-013990-4-001,R,1,portions,Mash - Garlic Spinach Stamppot with sundried tomatoes,S,,175,grams,,SUB-013988-4-001,HAND MIX / BLAST CHILLER,"***PLATING INSTRUCTIONS***
(From the bottom to the top)

2 Compartment

MAIN COMPARTMENT
175g mash 
100g pork tenderloin 
Net weight: 430g",MILCH (EINSCHLIESSLICH LAKTOSE),,0.99961,"1
1","SCOOP
SCOOP","red
grey","LEVEL
LEVEL",,,0.38581,6.17535,0.38596,PCK-00-151923-5,Main,
FV4042A - Pork tenderloin with Mediterranean mash - [DKSE],REC-013990-4-001,R,1,portions,Chili Garlic marinated Pork Tenderloin,S,,100,grams,,SUB-032087-4-001,UNCATEGORIZED BOM,,SESAMSAMEN,,0.56579,100,HAND_PORTIONED,Hand Portioned,BY_CAMBRO,,,0.22046,6.23447,0.38965,PCK-00-151923-5,Main,
FV4042A - Pork tenderloin with Mediterranean mash - [DKSE],REC-013990-4-001,R,1,portions,Green Beans - Garlic Chili Green Beans - less salt/less oil,S,,125,grams,,SUB-032670-4-001,OVEN / BLAST CHILLER,"2ND COMPARTMENT
125g green beans 
10g toasted pine nuts

Net weight: 410 g",,,0.71127,"1
1","SCOOP
SCOOP","green
grey","LEVEL
LEVEL",,,0.27558,6.19913,0.38745,PCK-00-151923-5,2nd,
FV4042A - Pork tenderloin with Mediterranean mash - [DKSE],REC-013990-4-001,R,1,portions,Pinenuts - roasted,S,,10,grams,,SUB-013663-4-001,HAND MARINADE / OVEN / BLAST CHILLER,,,,0.78751,10,HAND_PORTIONED,Hand Portioned,BY_TRAY,,,0.02205,0.44792,0.02799,PCK-00-151923-5,2nd,

FV4042B -  [BNL] - Pork tenderloin with Mediterranean mash,REC-013990-4-004,R,1,portions,Mash - Garlic Spinach Stamppot,S,,160,grams,,SUB-013988-4-002,HAND MIX / BLAST CHILLER,"***PLATING INSTRUCTIONS***
(From the bottom to the top)

2 Compartment

MAIN COMPARTMENT
160g mash 
100g pork tenderloin 
20 g Caramelized Onions ",MILCH (EINSCHLIESSLICH LAKTOSE),,0.9996,,,,,,,0.35274,5.64611,0.35288,PCK-00-151923-5,Main,
FV4042B -  [BNL] - Pork tenderloin with Mediterranean mash,REC-013990-4-004,R,1,portions,Garlic - Gochugaru marinated Pork Tenderloin,S,,100,grams,,SUB-032087-4-004,UNCATEGORIZED BOM,,SESAMSAMEN,,0.56579,,,,,,,0.22046,6.23447,0.38965,PCK-00-151923-5,Main,
FV4042B -  [BNL] - Pork tenderloin with Mediterranean mash,REC-013990-4-004,R,1,portions,Balsamic Caramelized Onion [PENDING CULINARY REVIEW],S,,20,grams,,SUB-013568-4-001,SPICE PORTIONING / BRAISER / BLAST CHILLER,,SCHWEFELDIOXIDE UND SULFITE,,0.72962,,,,,,,0.04409,0.96691,0.06043,PCK-00-151923-5,Main,
FV4042B -  [BNL] - Pork tenderloin with Mediterranean mash,REC-013990-4-004,R,1,portions,Green Beans - Garlic Chili Green Beans - less salt/less oil,S,,125,grams,,SUB-032670-4-001,OVEN / BLAST CHILLER,"2ND COMPARTMENT
125g green beans 
10g toasted pine nuts

Net weight: 415 g",,,0.71127,"1
1","SCOOP
SCOOP","green
grey","LEVEL
LEVEL",,,0.27558,6.19913,0.38745,PCK-00-151923-5,2nd,
FV4042B -  [BNL] - Pork tenderloin with Mediterranean mash,REC-013990-4-004,R,1,portions,Pinenuts - roasted,S,,10,grams,,SUB-013663-4-001,HAND MARINADE / OVEN / BLAST CHILLER,,,,0.78751,10,HAND_PORTIONED,Hand Portioned,BY_TRAY,,,0.02205,0.44792,0.02799,PCK-00-151923-5,2nd,

FV4042B - [DE] - Pork tenderloin with Mediterranean mash,REC-013990-4-005,R,1,portions,Mash - Garlic Spinach Stamppot,S,,160,grams,,SUB-013988-4-002,HAND MIX / BLAST CHILLER,"***PLATING INSTRUCTIONS***
(From the bottom to the top)

2 Compartment

MAIN COMPARTMENT
160g mash 
100g pork tenderloin 
20 g Caramelized Onions ",MILCH (EINSCHLIESSLICH LAKTOSE),,0.9996,,,,,,,0.35274,5.64611,0.35288,PCK-00-151923-5,Main,
FV4042B - [DE] - Pork tenderloin with Mediterranean mash,REC-013990-4-005,R,1,portions,Garlic - Gochugaru marinated Pork Tenderloin,S,,100,grams,,SUB-032087-4-004,UNCATEGORIZED BOM,,SESAMSAMEN,,0.56579,,,,,,,0.22046,6.23447,0.38965,PCK-00-151923-5,Main,
FV4042B - [DE] - Pork tenderloin with Mediterranean mash,REC-013990-4-005,R,1,portions,Balsamic Caramelized Onion [PENDING CULINARY REVIEW],S,,20,grams,,SUB-013568-4-001,SPICE PORTIONING / BRAISER / BLAST CHILLER,,SCHWEFELDIOXIDE UND SULFITE,,0.72962,,,,,,,0.04409,0.96691,0.06043,PCK-00-151923-5,Main,
FV4042B - [DE] - Pork tenderloin with Mediterranean mash,REC-013990-4-005,R,1,portions,Green Beans - Garlic Chili Green Beans - less salt/less oil,S,,125,grams,,SUB-032670-4-001,OVEN / BLAST CHILLER,"2ND COMPARTMENT
125g green beans 
10g toasted pine nuts

Net weight: 415 g",,,0.71127,"1
1","SCOOP
SCOOP","green
grey","LEVEL
LEVEL",,,0.27558,6.19913,0.38745,PCK-00-151923-5,2nd,
FV4042B - [DE] - Pork tenderloin with Mediterranean mash,REC-013990-4-005,R,1,portions,Pinenuts - roasted,S,,10,grams,,SUB-013663-4-001,HAND MARINADE / OVEN / BLAST CHILLER,,,,0.78751,10,HAND_PORTIONED,Hand Portioned,BY_TRAY,,,0.02205,0.44792,0.02799,PCK-00-151923-5,2nd,

FV4042B - [DK/SE] - Pork tenderloin with Mediterranean mash,REC-013990-4-006,R,1,portions,Mash - Garlic Spinach Stamppot,S,,160,grams,,SUB-013988-4-002,HAND MIX / BLAST CHILLER,"***PLATING INSTRUCTIONS***
(From the bottom to the top)

2 Compartment

MAIN COMPARTMENT
160g mash 
100g pork tenderloin 
20 g Caramelized Onions ",MILCH (EINSCHLIESSLICH LAKTOSE),,0.9996,,,,,,,0.35274,5.64611,0.35288,PCK-00-151923-5,Main,
FV4042B - [DK/SE] - Pork tenderloin with Mediterranean mash,REC-013990-4-006,R,1,portions,Garlic - Gochugaru marinated Pork Tenderloin,S,,100,grams,,SUB-032087-4-004,UNCATEGORIZED BOM,,SESAMSAMEN,,0.56579,,,,,,,0.22046,6.23447,0.38965,PCK-00-151923-5,Main,
FV4042B - [DK/SE] - Pork tenderloin with Mediterranean mash,REC-013990-4-006,R,1,portions,Balsamic Caramelized Onion [PENDING CULINARY REVIEW],S,,20,grams,,SUB-013568-4-001,SPICE PORTIONING / BRAISER / BLAST CHILLER,,SCHWEFELDIOXIDE UND SULFITE,,0.72962,,,,,,,0.04409,0.96691,0.06043,PCK-00-151923-5,Main,
FV4042B - [DK/SE] - Pork tenderloin with Mediterranean mash,REC-013990-4-006,R,1,portions,Green Beans - Garlic Chili Green Beans - less salt/less oil,S,,125,grams,,SUB-032670-4-001,OVEN / BLAST CHILLER,"2ND COMPARTMENT
125g green beans 
10g toasted pine nuts

Net weight: 415 g",,,0.71127,"1
1","SCOOP
SCOOP","green
grey","LEVEL
LEVEL",,,0.27558,6.19913,0.38745,PCK-00-151923-5,2nd,
FV4042B - [DK/SE] - Pork tenderloin with Mediterranean mash,REC-013990-4-006,R,1,portions,Pinenuts - roasted,S,,10,grams,,SUB-013663-4-001,HAND MARINADE / OVEN / BLAST CHILLER,,,,0.78751,10,HAND_PORTIONED,Hand Portioned,BY_TRAY,,,0.02205,0.44792,0.02799,PCK-00-151923-5,2nd,

FV4044A - [BNL] Salmon Over Tomato Risotto,REC-013993-4-001,R,1,portions,Risotto-Roasted Vegetable Risotto Batch (Without Wine) Less Fat,S,,140,grams,,SUB-033537-4-001,SPICE PORTIONING / IMMERSION BLENDER / BRAISER / BLAST CHILLER,"***PLATING INSTRUCTIONS***
(from bottom to top)

MAIN COMPARTMENT:
risotto - 140 g
salmon - 1ea
cherry tomatoes - 50 g
feta - 10 g","MILCH (EINSCHLIESSLICH LAKTOSE), SCHWEFELDIOXIDE UND SULFITE",,0.93216,,,,,,,0.30865,5.29775,0.33111,PCK-00-151923-5,Main,
FV4044A - [BNL] Salmon Over Tomato Risotto,REC-013993-4-001,R,1,portions,Salmon - garlic seasoning,S,,1,each,,SUB-013382-4-001,THAW / HAND MARINADE / OVEN / BLAST CHILLER,,FISCH,,0.81816,,,,,,4.05651,0.25353,4.95811,0.30988,PCK-00-151923-5,Main,
FV4044A - [BNL] Salmon Over Tomato Risotto,REC-013993-4-001,R,1,portions,Tomatoes - Roasted cherry tomatoes,S,,50,grams,,SUB-013627-4-001,OVEN / BLAST CHILLER,,,,0.8416,1,SCOOP,white,LEVEL,,,0.11023,2.09566,0.13098,PCK-00-151923-5,Main,
FV4044A - [BNL] Salmon Over Tomato Risotto,REC-013993-4-001,R,1,portions,Crumbled feta,S,,10,grams,,SUB-033179-4-001,HAND MIX,,MILCH (EINSCHLIESSLICH LAKTOSE),,0.98,,,,,,,0.02205,0.35994,0.0225,PCK-00-151923-5,Main,
FV4044A - [BNL] Salmon Over Tomato Risotto,REC-013993-4-001,R,1,portions,"Green beans - Plain S&P Roasted Green Beans, Whole",S,,100,grams,,SUB-013395-4-001,OVEN / BLAST CHILLER,"2ND COMPARTMENT

green beans - 100 g
pesto - 12 g

Net weight: 427 g",,,0.72739,,,,,,,0.22046,4.84942,0.30309,PCK-00-151923-5,2nd,
FV4044A - [BNL] Salmon Over Tomato Risotto,REC-013993-4-001,R,1,portions,Sauce - Pesto,S,,12,grams,,SUB-013665-4-001,IMMERSION BLENDER / BLAST CHILLER,,"MANDELN, MILCH (EINSCHLIESSLICH LAKTOSE), SCHALENFRÜCHTE",,0.95726,1,SCOOP,purple,LEVEL,,,0.02646,0.44219,0.02764,PCK-00-151923-5,2nd,

FV4044A - [DE] Salmon Over Tomato Risotto,REC-013993-4-002,R,1,portions,Risotto-Roasted Vegetable Risotto Batch (Without Wine) Less Fat,S,,140,grams,,SUB-033537-4-001,SPICE PORTIONING / IMMERSION BLENDER / BRAISER / BLAST CHILLER,"***PLATING INSTRUCTIONS***
(from bottom to top)

MAIN COMPARTMENT:
risotto - 140 g
salmon - 1EA
cherry tomatoes - 50 g
feta - 10 g","MILCH (EINSCHLIESSLICH LAKTOSE), SCHWEFELDIOXIDE UND SULFITE",,0.93216,,,,,,,0.30865,5.29775,0.33111,PCK-00-151923-5,Main,
FV4044A - [DE] Salmon Over Tomato Risotto,REC-013993-4-002,R,1,portions,Salmon - garlic seasoning,S,,1,each,,SUB-013382-4-001,THAW / HAND MARINADE / OVEN / BLAST CHILLER,,FISCH,,0.81816,,,,,,4.05651,0.25353,4.95811,0.30988,PCK-00-151923-5,Main,
FV4044A - [DE] Salmon Over Tomato Risotto,REC-013993-4-002,R,1,portions,Tomatoes - Roasted cherry tomatoes,S,,50,grams,,SUB-013627-4-001,OVEN / BLAST CHILLER,,,,0.8416,1,SCOOP,white,LEVEL,,,0.11023,2.09566,0.13098,PCK-00-151923-5,Main,
FV4044A - [DE] Salmon Over Tomato Risotto,REC-013993-4-002,R,1,portions,Crumbled feta,S,,10,grams,,SUB-033179-4-001,HAND MIX,,MILCH (EINSCHLIESSLICH LAKTOSE),,0.98,,,,,,,0.02205,0.35994,0.0225,PCK-00-151923-5,Main,
FV4044A - [DE] Salmon Over Tomato Risotto,REC-013993-4-002,R,1,portions,"Green beans - Plain S&P Roasted Green Beans, Whole",S,,100,grams,,SUB-013395-4-001,OVEN / BLAST CHILLER,"2ND COMPARTMENT

green beans - 100 g
pesto - 12 g

Net weight: 427 g",,,0.72739,,,,,,,0.22046,4.84942,0.30309,PCK-00-151923-5,2nd,
FV4044A - [DE] Salmon Over Tomato Risotto,REC-013993-4-002,R,1,portions,Sauce - Pesto,S,,12,grams,,SUB-013665-4-001,IMMERSION BLENDER / BLAST CHILLER,,"MANDELN, MILCH (EINSCHLIESSLICH LAKTOSE), SCHALENFRÜCHTE",,0.95726,1,SCOOP,purple,LEVEL,,,0.02646,0.44219,0.02764,PCK-00-151923-5,2nd,

FV4044A - [DKSE] Salmon Over Tomato Risotto,REC-013993-4-003,R,1,portions,Risotto-Roasted Vegetable Risotto Batch (Without Wine) Less Fat,S,,140,grams,,SUB-033537-4-001,SPICE PORTIONING / IMMERSION BLENDER / BRAISER / BLAST CHILLER,"***PLATING INSTRUCTIONS***
(from bottom to top)

MAIN COMPARTMENT:
risotto - 140 g
salmon - 1EA
cherry tomatoes - 50 g
feta - 10 g","MILCH (EINSCHLIESSLICH LAKTOSE), SCHWEFELDIOXIDE UND SULFITE",,0.93216,,,,,,,0.30865,5.29775,0.33111,PCK-00-151923-5,Main,
FV4044A - [DKSE] Salmon Over Tomato Risotto,REC-013993-4-003,R,1,portions,Salmon - garlic seasoning,S,,1,each,,SUB-013382-4-001,THAW / HAND MARINADE / OVEN / BLAST CHILLER,,FISCH,,0.81816,,,,,,4.05651,0.25353,4.95811,0.30988,PCK-00-151923-5,Main,
FV4044A - [DKSE] Salmon Over Tomato Risotto,REC-013993-4-003,R,1,portions,Tomatoes - Roasted cherry tomatoes,S,,50,grams,,SUB-013627-4-001,OVEN / BLAST CHILLER,,,,0.8416,1,SCOOP,white,LEVEL,,,0.11023,2.09566,0.13098,PCK-00-151923-5,Main,
FV4044A - [DKSE] Salmon Over Tomato Risotto,REC-013993-4-003,R,1,portions,Crumbled feta,S,,10,grams,,SUB-033179-4-001,HAND MIX,,MILCH (EINSCHLIESSLICH LAKTOSE),,0.98,,,,,,,0.02205,0.35994,0.0225,PCK-00-151923-5,Main,
FV4044A - [DKSE] Salmon Over Tomato Risotto,REC-013993-4-003,R,1,portions,"Green beans - Plain S&P Roasted Green Beans, Whole",S,,100,grams,,SUB-013395-4-001,OVEN / BLAST CHILLER,"2ND COMPARTMENT

green beans - 100 g
pesto - 12 g

Net weight: 427 g",,,0.72739,,,,,,,0.22046,4.84942,0.30309,PCK-00-151923-5,2nd,
FV4044A - [DKSE] Salmon Over Tomato Risotto,REC-013993-4-003,R,1,portions,Sauce - Pesto,S,,12,grams,,SUB-013665-4-001,IMMERSION BLENDER / BLAST CHILLER,,"MANDELN, MILCH (EINSCHLIESSLICH LAKTOSE), SCHALENFRÜCHTE",,0.95726,1,SCOOP,purple,LEVEL,,,0.02646,0.44219,0.02764,PCK-00-151923-5,2nd,

FV4048A - Creamy Leek Pork tenderloin  [BNL],REC-014223-4-003,R,1,portions,Creamy Leek -Low Fat (Creamier),S,,100,grams,,SUB-033461-4-001,SPICE PORTIONING / BRAISER / BLAST CHILLER,"**PLATING INSTRUCTIONS**

MAIN COMP: 
one side: 100g leek
other side: 95g mash
Top with pork tenderloin 
",MILCH (EINSCHLIESSLICH LAKTOSE),,0.56071,,,,,,,0.22046,6.29089,0.39318,PCK-00-151923-5,Main,
FV4048A - Creamy Leek Pork tenderloin  [BNL],REC-014223-4-003,R,1,portions,Mash - Creamy Sweet Potato Puree (more salt),S,,95,grams,,SUB-014156-4-001,SPICE PORTIONING / IMMERSION BLENDER / BRAISER / BLAST CHILLER,,MILCH (EINSCHLIESSLICH LAKTOSE),,0.87518,1,SCOOP,beige,LEVEL,,,0.20944,3.82894,0.23931,PCK-00-151923-5,Main,
FV4048A - Creamy Leek Pork tenderloin  [BNL],REC-014223-4-003,R,1,portions,Pork tenderloin - herb marinade,S,,100,grams,,SUB-013466-4-001,MARINADE / GRILL / OVEN / SLICER / BLAST CHILLER,,,,0.74489,,,,,,,0.22046,4.73546,0.29597,PCK-00-151923-5,Main,
FV4048A - Creamy Leek Pork tenderloin  [BNL],REC-014223-4-003,R,1,portions,Green beans - Roasted Green Beans w/ Roasted Garlic - Less Oil,S,,120,grams,,SUB-013529-4-001,OVEN / BLAST CHILLER,"SIDE COMP: 
120g green beans

net weight: 415g",,,0.68735,,,,,,,0.26455,6.15827,0.38489,PCK-00-151923-5,2nd,

FV4048A - Creamy Leek Pork tenderloin [DE],REC-014223-4-002,R,1,portions,Creamy Leek -Low Fat (Creamier),S,,100,grams,,SUB-033461-4-001,SPICE PORTIONING / BRAISER / BLAST CHILLER,"**PLATING INSTRUCTIONS**

MAIN COMP: 
one side: 100g leek
other side: 95g mash
Top with pork tenderloin 
",MILCH (EINSCHLIESSLICH LAKTOSE),,0.56071,,,,,,,0.22046,6.29089,0.39318,PCK-00-151923-5,Main,
FV4048A - Creamy Leek Pork tenderloin [DE],REC-014223-4-002,R,1,portions,Mash - Creamy Sweet Potato Puree (more salt),S,,95,grams,,SUB-014156-4-001,SPICE PORTIONING / IMMERSION BLENDER / BRAISER / BLAST CHILLER,,MILCH (EINSCHLIESSLICH LAKTOSE),,0.87518,1,SCOOP,beige,LEVEL,,,0.20944,3.82894,0.23931,PCK-00-151923-5,Main,
FV4048A - Creamy Leek Pork tenderloin [DE],REC-014223-4-002,R,1,portions,Pork tenderloin - herb marinade,S,,100,grams,,SUB-013466-4-001,MARINADE / GRILL / OVEN / SLICER / BLAST CHILLER,,,,0.74489,,,,,,,0.22046,4.73546,0.29597,PCK-00-151923-5,Main,
FV4048A - Creamy Leek Pork tenderloin [DE],REC-014223-4-002,R,1,portions,Green beans - Roasted Green Beans w/ Roasted Garlic - Less Oil,S,,120,grams,,SUB-013529-4-001,OVEN / BLAST CHILLER,"SIDE COMP: 
120g green beans

net weight: 415g",,,0.68735,,,,,,,0.26455,6.15827,0.38489,PCK-00-151923-5,2nd,

FV4048A - Creamy Leek Pork tenderloin [DKSE],REC-014223-4-001,R,1,portions,Creamy Leek - Low Fat,S,,100,grams,,SUB-014222-4-001,SPICE PORTIONING / BRAISER / BLAST CHILLER,"**PLATING INSTRUCTIONS**

MAIN COMP: 
one side: 100g leek
other side: 95g mash
Top with pork tenderloin 
",MILCH (EINSCHLIESSLICH LAKTOSE),,0.5691,1,SCOOP,beige,LEVEL,,,0.22046,6.19822,0.38739,PCK-00-151923-5,Main,
FV4048A - Creamy Leek Pork tenderloin [DKSE],REC-014223-4-001,R,1,portions,Mash - Creamy Sweet Potato Puree (more salt),S,,95,grams,,SUB-014156-4-001,SPICE PORTIONING / IMMERSION BLENDER / BRAISER / BLAST CHILLER,,MILCH (EINSCHLIESSLICH LAKTOSE),,0.87518,1,SCOOP,beige,LEVEL,,,0.20944,3.82894,0.23931,PCK-00-151923-5,Main,
FV4048A - Creamy Leek Pork tenderloin [DKSE],REC-014223-4-001,R,1,portions,Pork tenderloin - herb marinade,S,,100,grams,,SUB-013466-4-001,MARINADE / GRILL / OVEN / SLICER / BLAST CHILLER,,,,0.74489,1,HAND_PORTIONED,Hand Portioned,,,,0.22046,4.73546,0.29597,PCK-00-151923-5,Main,
FV4048A - Creamy Leek Pork tenderloin [DKSE],REC-014223-4-001,R,1,portions,Green beans - Roasted Green Beans w/ Roasted Garlic - Less Oil,S,,120,grams,,SUB-013529-4-001,OVEN / BLAST CHILLER,"SIDE COMP: 
120g green beans

net weight: 415g",,,0.68735,,,,,,,0.26455,6.15827,0.38489,PCK-00-151923-5,2nd,

FV4053A - Gochugaru Chicken [BNL],REC-013455-4-001,R,1,portions,Sauce - Creamy Gochugaru Sauce,S,,115,grams,,SUB-013450-4-001,SPICE PORTIONING / IMMERSION BLENDER / BRAISER / BLAST CHILLER,"115g sauce
100g chicken
15g green onion
135g cauliflower
15g mozzarella
PLATING INSTRUCTIONS 

2 COMPARTMENT: 

MAIN: 
115g sauce
100g chicken
15g green onion

","MILCH (EINSCHLIESSLICH LAKTOSE), SCHWEFELDIOXIDE UND SULFITE",,0.8465,1,SCOOP,white,LEVEL,,,0.25353,4.79212,0.29951,PCK-00-151923-5,Main,
FV4053A - Gochugaru Chicken [BNL],REC-013455-4-001,R,1,portions,Diced Chicken - Garlic & Herb Marinade,S,,100,grams,,SUB-013453-4-001,MARINADE / OVEN / BLAST CHILLER,,SCHWEFELDIOXIDE UND SULFITE,,0.75582,1,SCOOP,black,NATURAL,,,0.22046,4.66701,0.29169,PCK-00-151923-5,Main,
FV4053A - Gochugaru Chicken [BNL],REC-013455-4-001,R,1,portions,Roasted Green Onions,S,,15,grams,,SUB-023370-4-001,OVEN / BLAST CHILLER,,,,0.502,1,SCOOP,purple,LEVEL,,,0.03307,1.054,0.06588,PCK-00-151923-5,Main,
FV4053A - Gochugaru Chicken [BNL],REC-013455-4-001,R,1,portions,Cauliflower - Chili-Garlic Cauliflower Florets,S,,135,grams,,SUB-013454-4-001,OVEN / BLAST CHILLER,"SECOND: 
135g cauliflower
15g mozzarella

Total weight: 380g",SCHWEFELDIOXIDE UND SULFITE,,0.70477,,,,,,,0.29762,6.75681,0.4223,PCK-00-151923-5,2nd,
FV4053A - Gochugaru Chicken [BNL],REC-013455-4-001,R,1,portions,"FA-DE Cheese, Mozzarella, Shredded /Käse, Mozzarella, gerieben",I,DAI-00-139125-3,15,grams,,,,,MILCH (EINSCHLIESSLICH LAKTOSE),,,,,,,,,0.03307,0.52911,0.03307,PCK-00-151923-5,2nd,

FV4053A - Gochugaru Chicken [DE],REC-013455-4-002,R,1,portions,Sauce - Creamy Gochugaru Sauce,S,,115,grams,,SUB-013450-4-001,SPICE PORTIONING / IMMERSION BLENDER / BRAISER / BLAST CHILLER,"115g sauce
100g chicken
15g green onion
135g cauliflower
15g mozzarella
PLATING INSTRUCTIONS 

2 COMPARTMENT: 

MAIN: 
115g sauce
100g chicken
15g green onion

SECOND: 
135g cauliflower
15g mozzarella

Total weight: 380g","MILCH (EINSCHLIESSLICH LAKTOSE), SCHWEFELDIOXIDE UND SULFITE",,0.8465,1,SCOOP,white,LEVEL,,,0.25353,4.79212,0.29951,PCK-00-151923-5,Main,
FV4053A - Gochugaru Chicken [DE],REC-013455-4-002,R,1,portions,Diced Chicken - Garlic & Herb Marinade,S,,100,grams,,SUB-013453-4-001,MARINADE / OVEN / BLAST CHILLER,,SCHWEFELDIOXIDE UND SULFITE,,0.75582,1,SCOOP,black,NATURAL,,,0.22046,4.66701,0.29169,PCK-00-151923-5,Main,
FV4053A - Gochugaru Chicken [DE],REC-013455-4-002,R,1,portions,Roasted Green Onions,S,,15,grams,,SUB-023370-4-001,OVEN / BLAST CHILLER,,,,0.502,1,SCOOP,purple,LEVEL,,,0.03307,1.054,0.06588,PCK-00-151923-5,Main,
FV4053A - Gochugaru Chicken [DE],REC-013455-4-002,R,1,portions,Cauliflower - Chili-Garlic Cauliflower Florets,S,,135,grams,,SUB-013454-4-001,OVEN / BLAST CHILLER,,SCHWEFELDIOXIDE UND SULFITE,,0.70477,1,HAND_PORTIONED,Hand Portioned,,,,0.29762,6.75681,0.4223,PCK-00-151923-5,2nd,
FV4053A - Gochugaru Chicken [DE],REC-013455-4-002,R,1,portions,"FA-DE Cheese, Mozzarella, Shredded /Käse, Mozzarella, gerieben",I,DAI-00-139125-3,15,grams,,,,,MILCH (EINSCHLIESSLICH LAKTOSE),,,1,HAND_PORTIONED,Hand Portioned,,,,0.03307,0.52911,0.03307,PCK-00-151923-5,2nd,

FV4053A - Gochugaru Chicken [DKSE],REC-013455-4-003,R,1,portions,Sauce - Creamy Gochugaru Sauce,S,,115,grams,,SUB-013450-4-001,SPICE PORTIONING / IMMERSION BLENDER / BRAISER / BLAST CHILLER,"115g sauce
100g chicken
15g green onion
135g cauliflower
15g mozzarella
PLATING INSTRUCTIONS 

2 COMPARTMENT: 

MAIN: 
115g sauce
100g chicken
15g green onion

SECOND: 
135g cauliflower
15g mozzarella

Total weight: 380g","MILCH (EINSCHLIESSLICH LAKTOSE), SCHWEFELDIOXIDE UND SULFITE",,0.8465,1,SCOOP,white,LEVEL,,,0.25353,4.79212,0.29951,PCK-00-151923-5,Main,
FV4053A - Gochugaru Chicken [DKSE],REC-013455-4-003,R,1,portions,Diced Chicken - Garlic & Herb Marinade,S,,100,grams,,SUB-013453-4-001,MARINADE / OVEN / BLAST CHILLER,,SCHWEFELDIOXIDE UND SULFITE,,0.75582,1,SCOOP,black,NATURAL,,,0.22046,4.66701,0.29169,PCK-00-151923-5,Main,
FV4053A - Gochugaru Chicken [DKSE],REC-013455-4-003,R,1,portions,Roasted Green Onions,S,,15,grams,,SUB-023370-4-001,OVEN / BLAST CHILLER,,,,0.502,1,SCOOP,purple,LEVEL,,,0.03307,1.054,0.06588,PCK-00-151923-5,Main,
FV4053A - Gochugaru Chicken [DKSE],REC-013455-4-003,R,1,portions,Cauliflower - Chili-Garlic Cauliflower Florets,S,,135,grams,,SUB-013454-4-001,OVEN / BLAST CHILLER,,SCHWEFELDIOXIDE UND SULFITE,,0.70477,1,HAND_PORTIONED,Hand Portioned,,,,0.29762,6.75681,0.4223,PCK-00-151923-5,Main,
FV4053A - Gochugaru Chicken [DKSE],REC-013455-4-003,R,1,portions,"FA-DE Cheese, Mozzarella, Shredded /Käse, Mozzarella, gerieben",I,DAI-00-139125-3,15,grams,,,,,MILCH (EINSCHLIESSLICH LAKTOSE),,,1,HAND_PORTIONED,Hand Portioned,,,,0.03307,0.52911,0.03307,PCK-00-151923-5,Main,

FV4053B - [BNL] - Gochugaru Chicken,REC-013455-4-007,R,1,portions,Sauce - Creamy Gochugaru Sauce,S,,115,grams,,SUB-013450-4-001,SPICE PORTIONING / IMMERSION BLENDER / BRAISER / BLAST CHILLER,"115g sauce
100g chicken
15g green onion
135g cauliflower
15g mozzarella
PLATING INSTRUCTIONS 

2 COMPARTMENT: 

MAIN: 
115g sauce
100g chicken
15g green onion

","MILCH (EINSCHLIESSLICH LAKTOSE), SCHWEFELDIOXIDE UND SULFITE",,0.8465,1,SCOOP,white,LEVEL,,,0.25353,4.79212,0.29951,PCK-00-151923-5,Main,
FV4053B - [BNL] - Gochugaru Chicken,REC-013455-4-007,R,1,portions,Diced Chicken - Garlic & Herb Marinade,S,,100,grams,,SUB-013453-4-001,MARINADE / OVEN / BLAST CHILLER,,SCHWEFELDIOXIDE UND SULFITE,,0.75582,1,SCOOP,black,NATURAL,,,0.22046,4.66701,0.29169,PCK-00-151923-5,Main,
FV4053B - [BNL] - Gochugaru Chicken,REC-013455-4-007,R,1,portions,Roasted Green Onions,S,,15,grams,,SUB-023370-4-001,OVEN / BLAST CHILLER,,,,0.502,1,SCOOP,purple,LEVEL,,,0.03307,1.054,0.06588,PCK-00-151923-5,Main,
FV4053B - [BNL] - Gochugaru Chicken,REC-013455-4-007,R,1,portions,Cauliflower - Chili-Garlic Cauliflower Rice,S,,135,grams,,SUB-013454-4-003,OVEN / BLAST CHILLER,"SECOND: 
135g cauliflower
15g mozzarella

Total weight: 380g",SCHWEFELDIOXIDE UND SULFITE,,0.76997,,,,,,,0.29762,6.18466,0.38654,PCK-00-151923-5,2nd,
FV4053B - [BNL] - Gochugaru Chicken,REC-013455-4-007,R,1,portions,"FA-DE Cheese, Mozzarella, Shredded /Käse, Mozzarella, gerieben",I,DAI-00-139125-3,15,grams,,,,,MILCH (EINSCHLIESSLICH LAKTOSE),,,,,,,,,0.03307,0.52911,0.03307,PCK-00-151923-5,2nd,

FV4053B - [DE] - Gochugaru Chicken,REC-013455-4-008,R,1,portions,Sauce - Creamy Gochugaru Sauce,S,,115,grams,,SUB-013450-4-001,SPICE PORTIONING / IMMERSION BLENDER / BRAISER / BLAST CHILLER,"115g sauce
100g chicken
15g green onion
135g cauliflower
15g mozzarella
PLATING INSTRUCTIONS 

2 COMPARTMENT: 

MAIN: 
115g sauce
100g chicken
15g green onion

SECOND: 
135g cauliflower
15g mozzarella

Total weight: 380g","MILCH (EINSCHLIESSLICH LAKTOSE), SCHWEFELDIOXIDE UND SULFITE",,0.8465,1,SCOOP,white,LEVEL,,,0.25353,4.79212,0.29951,PCK-00-151923-5,Main,
FV4053B - [DE] - Gochugaru Chicken,REC-013455-4-008,R,1,portions,Diced Chicken - Garlic & Herb Marinade,S,,100,grams,,SUB-013453-4-001,MARINADE / OVEN / BLAST CHILLER,,SCHWEFELDIOXIDE UND SULFITE,,0.75582,1,SCOOP,black,NATURAL,,,0.22046,4.66701,0.29169,PCK-00-151923-5,Main,
FV4053B - [DE] - Gochugaru Chicken,REC-013455-4-008,R,1,portions,Roasted Green Onions,S,,15,grams,,SUB-023370-4-001,OVEN / BLAST CHILLER,,,,0.502,1,SCOOP,purple,LEVEL,,,0.03307,1.054,0.06588,PCK-00-151923-5,Main,
FV4053B - [DE] - Gochugaru Chicken,REC-013455-4-008,R,1,portions,Cauliflower - Chili-Garlic Cauliflower Rice,S,,135,grams,,SUB-013454-4-003,OVEN / BLAST CHILLER,,SCHWEFELDIOXIDE UND SULFITE,,0.76997,,,,,,,0.29762,6.18466,0.38654,PCK-00-151923-5,2nd,
FV4053B - [DE] - Gochugaru Chicken,REC-013455-4-008,R,1,portions,"FA-DE Cheese, Mozzarella, Shredded /Käse, Mozzarella, gerieben",I,DAI-00-139125-3,15,grams,,,,,MILCH (EINSCHLIESSLICH LAKTOSE),,,1,HAND_PORTIONED,Hand Portioned,BY_CAMBRO,,,0.03307,0.52911,0.03307,PCK-00-151923-5,2nd,

FV4053B - [DKSE] - Gochugaru Chicken,REC-013455-4-009,R,1,portions,Sauce - Creamy Gochugaru Sauce,S,,115,grams,,SUB-013450-4-001,SPICE PORTIONING / IMMERSION BLENDER / BRAISER / BLAST CHILLER,"115g sauce
100g chicken
15g green onion
135g cauliflower
15g mozzarella
PLATING INSTRUCTIONS 

2 COMPARTMENT: 

MAIN: 
115g sauce
100g chicken
15g green onion

SECOND: 
135g cauliflower
15g mozzarella

Total weight: 380g","MILCH (EINSCHLIESSLICH LAKTOSE), SCHWEFELDIOXIDE UND SULFITE",,0.8465,1,SCOOP,white,LEVEL,,,0.25353,4.79212,0.29951,PCK-00-151923-5,Main,
FV4053B - [DKSE] - Gochugaru Chicken,REC-013455-4-009,R,1,portions,Diced Chicken - Garlic & Herb Marinade,S,,100,grams,,SUB-013453-4-001,MARINADE / OVEN / BLAST CHILLER,,SCHWEFELDIOXIDE UND SULFITE,,0.75582,1,SCOOP,black,NATURAL,,,0.22046,4.66701,0.29169,PCK-00-151923-5,Main,
FV4053B - [DKSE] - Gochugaru Chicken,REC-013455-4-009,R,1,portions,Roasted Green Onions,S,,15,grams,,SUB-023370-4-001,OVEN / BLAST CHILLER,,,,0.502,1,SCOOP,purple,LEVEL,,,0.03307,1.054,0.06588,PCK-00-151923-5,Main,
FV4053B - [DKSE] - Gochugaru Chicken,REC-013455-4-009,R,1,portions,Cauliflower - Chili-Garlic Cauliflower Rice,S,,135,grams,,SUB-013454-4-003,OVEN / BLAST CHILLER,,SCHWEFELDIOXIDE UND SULFITE,,0.76997,,,,,,,0.29762,6.18466,0.38654,PCK-00-151923-5,Main,
FV4053B - [DKSE] - Gochugaru Chicken,REC-013455-4-009,R,1,portions,"FA-DE Cheese, Mozzarella, Shredded /Käse, Mozzarella, gerieben",I,DAI-00-139125-3,15,grams,,,,,MILCH (EINSCHLIESSLICH LAKTOSE),,,1,HAND_PORTIONED,Hand Portioned,BY_CAMBRO,,,0.03307,0.52911,0.03307,PCK-00-151923-5,Main,

FV4053C - [BNL] - Gochugaru Chicken,REC-013455-4-004,R,1,portions,Sauce - Creamy Gochugaru Sauce,S,,115,grams,,SUB-013450-4-001,SPICE PORTIONING / IMMERSION BLENDER / BRAISER / BLAST CHILLER,"115g sauce
100g chicken
15g green onion
135g cauliflower
15g mozzarella
PLATING INSTRUCTIONS 

2 COMPARTMENT: 

MAIN: 
115g sauce
100g chicken
15g green onion

","MILCH (EINSCHLIESSLICH LAKTOSE), SCHWEFELDIOXIDE UND SULFITE",,0.8465,1,SCOOP,white,LEVEL,,,0.25353,4.79212,0.29951,PCK-00-151923-5,Main,
FV4053C - [BNL] - Gochugaru Chicken,REC-013455-4-004,R,1,portions,Diced Chicken - Garlic & Herb Marinade,S,,100,grams,,SUB-013453-4-001,MARINADE / OVEN / BLAST CHILLER,,SCHWEFELDIOXIDE UND SULFITE,,0.75582,1,SCOOP,black,NATURAL,,,0.22046,4.66701,0.29169,PCK-00-151923-5,Main,
FV4053C - [BNL] - Gochugaru Chicken,REC-013455-4-004,R,1,portions,Roasted Green Onions,S,,15,grams,,SUB-023370-4-001,OVEN / BLAST CHILLER,,,,0.502,1,SCOOP,purple,LEVEL,,,0.03307,1.054,0.06588,PCK-00-151923-5,Main,
FV4053C - [BNL] - Gochugaru Chicken,REC-013455-4-004,R,1,portions,IQF Cauliflower - Chili-Garlic Cauliflower Florets - IQF,S,,135,grams,,SUB-013454-4-002,OVEN / BLAST CHILLER,"SECOND: 
135g cauliflower
15g mozzarella

Total weight: 380g",SCHWEFELDIOXIDE UND SULFITE,,0.67513,,,,,,,0.29762,7.05349,0.44084,PCK-00-151923-5,2nd,
FV4053C - [BNL] - Gochugaru Chicken,REC-013455-4-004,R,1,portions,"FA-DE Cheese, Mozzarella, Shredded /Käse, Mozzarella, gerieben",I,DAI-00-139125-3,15,grams,,,,,MILCH (EINSCHLIESSLICH LAKTOSE),,,,,,,,,0.03307,0.52911,0.03307,PCK-00-151923-5,2nd,

FV4053C - [DE] - Gochugaru Chicken,REC-013455-4-005,R,1,portions,Sauce - Creamy Gochugaru Sauce,S,,115,grams,,SUB-013450-4-001,SPICE PORTIONING / IMMERSION BLENDER / BRAISER / BLAST CHILLER,"115g sauce
100g chicken
15g green onion
135g cauliflower
15g mozzarella
PLATING INSTRUCTIONS 

2 COMPARTMENT: 

MAIN: 
115g sauce
100g chicken
15g green onion

SECOND: 
135g cauliflower
15g mozzarella

Total weight: 380g","MILCH (EINSCHLIESSLICH LAKTOSE), SCHWEFELDIOXIDE UND SULFITE",,0.8465,1,SCOOP,white,LEVEL,,,0.25353,4.79212,0.29951,PCK-00-151923-5,Main,
FV4053C - [DE] - Gochugaru Chicken,REC-013455-4-005,R,1,portions,Diced Chicken - Garlic & Herb Marinade,S,,100,grams,,SUB-013453-4-001,MARINADE / OVEN / BLAST CHILLER,,SCHWEFELDIOXIDE UND SULFITE,,0.75582,1,SCOOP,black,NATURAL,,,0.22046,4.66701,0.29169,PCK-00-151923-5,Main,
FV4053C - [DE] - Gochugaru Chicken,REC-013455-4-005,R,1,portions,Roasted Green Onions,S,,15,grams,,SUB-023370-4-001,OVEN / BLAST CHILLER,,,,0.502,1,SCOOP,purple,LEVEL,,,0.03307,1.054,0.06588,PCK-00-151923-5,Main,
FV4053C - [DE] - Gochugaru Chicken,REC-013455-4-005,R,1,portions,IQF Cauliflower - Chili-Garlic Cauliflower Florets - IQF,S,,135,grams,,SUB-013454-4-002,OVEN / BLAST CHILLER,,SCHWEFELDIOXIDE UND SULFITE,,0.67513,,,,,,,0.29762,7.05349,0.44084,PCK-00-151923-5,2nd,
FV4053C - [DE] - Gochugaru Chicken,REC-013455-4-005,R,1,portions,"FA-DE Cheese, Mozzarella, Shredded /Käse, Mozzarella, gerieben",I,DAI-00-139125-3,15,grams,,,,,MILCH (EINSCHLIESSLICH LAKTOSE),,,1,HAND_PORTIONED,Hand Portioned,BY_CAMBRO,,,0.03307,0.52911,0.03307,PCK-00-151923-5,2nd,

FV4053C - [DKSE] - Gochugaru Chicken,REC-013455-4-006,R,1,portions,Sauce - Creamy Gochugaru Sauce,S,,115,grams,,SUB-013450-4-001,SPICE PORTIONING / IMMERSION BLENDER / BRAISER / BLAST CHILLER,"115g sauce
100g chicken
15g green onion
135g cauliflower
15g mozzarella
PLATING INSTRUCTIONS 

2 COMPARTMENT: 

MAIN: 
115g sauce
100g chicken
15g green onion

SECOND: 
135g cauliflower
15g mozzarella

Total weight: 380g","MILCH (EINSCHLIESSLICH LAKTOSE), SCHWEFELDIOXIDE UND SULFITE",,0.8465,1,SCOOP,white,LEVEL,,,0.25353,4.79212,0.29951,PCK-00-151923-5,Main,
FV4053C - [DKSE] - Gochugaru Chicken,REC-013455-4-006,R,1,portions,Diced Chicken - Garlic & Herb Marinade,S,,100,grams,,SUB-013453-4-001,MARINADE / OVEN / BLAST CHILLER,,SCHWEFELDIOXIDE UND SULFITE,,0.75582,1,SCOOP,black,NATURAL,,,0.22046,4.66701,0.29169,PCK-00-151923-5,Main,
FV4053C - [DKSE] - Gochugaru Chicken,REC-013455-4-006,R,1,portions,Roasted Green Onions,S,,15,grams,,SUB-023370-4-001,OVEN / BLAST CHILLER,,,,0.502,1,SCOOP,purple,LEVEL,,,0.03307,1.054,0.06588,PCK-00-151923-5,Main,
FV4053C - [DKSE] - Gochugaru Chicken,REC-013455-4-006,R,1,portions,IQF Cauliflower - Chili-Garlic Cauliflower Florets - IQF,S,,135,grams,,SUB-013454-4-002,OVEN / BLAST CHILLER,,SCHWEFELDIOXIDE UND SULFITE,,0.67513,,,,,,,0.29762,7.05349,0.44084,PCK-00-151923-5,2nd,
FV4053C - [DKSE] - Gochugaru Chicken,REC-013455-4-006,R,1,portions,"FA-DE Cheese, Mozzarella, Shredded /Käse, Mozzarella, gerieben",I,DAI-00-139125-3,15,grams,,,,,MILCH (EINSCHLIESSLICH LAKTOSE),,,1,HAND_PORTIONED,Hand Portioned,BY_CAMBRO,,,0.03307,0.52911,0.03307,PCK-00-151923-5,2nd,

FV4055A -  [BNL]Chicken with lemon-garlic butter,REC-013554-4-001,R,1,portions,Mash - Garlic Herb Mashed Cauliflower - Rice -Less Fat,S,,150,grams,,SUB-032664-4-001,DEBOX / SPICE PORTIONING / IMMERSION BLENDER,"***PLATING INSTRUCTIONS***
(From the bottom to the top)

2 Compartment

MAIN COMPARTMENT
1. Mash - 150g 
2. Chicken - 1 ea of 120g
3. Butter - 1 ea of 10g

",MILCH (EINSCHLIESSLICH LAKTOSE),,0.99753,,,,,,,0.33069,5.30418,0.33151,PCK-00-151923-5,Main,
FV4055A -  [BNL]Chicken with lemon-garlic butter,REC-013554-4-001,R,1,portions,Compound butter - Garlic Lemon Butter,S,,10,grams,,SUB-013547-4-001,PLANETARY MIXER / SCOOPER (BUTTER) / BLAST CHILLER,,MILCH (EINSCHLIESSLICH LAKTOSE),,0.90575,,,,,,,0.02205,0.38944,0.02434,PCK-00-151923-5,Main,
FV4055A -  [BNL]Chicken with lemon-garlic butter,REC-013554-4-001,R,1,portions,Chicken breast - Herb Grilled Chicken Breast,S,,1,each,,SUB-013545-4-001,MARINADE / GRILL / OVEN / BLAST CHILLER,,,,0.62422,,,,,,4.23288,0.26455,6.78107,0.42382,PCK-00-151923-5,Main,
FV4055A -  [BNL]Chicken with lemon-garlic butter,REC-013554-4-001,R,1,portions,Green Beans -Oil and sea salt- less oil,S,,65,grams,,SUB-032668-4-001,OVEN / BLAST CHILLER,"2ND COMPARTMENT
1. Green beans - 65g
2. Toasted almonds - 2g

Net Weight: 347g",,,0.72686,,,,,,,0.1433,3.1544,0.19715,PCK-00-151923-5,2nd,
FV4055A -  [BNL]Chicken with lemon-garlic butter,REC-013554-4-001,R,1,portions,Almonds - Garlic & Black Pepper Toasted Almonds,S,,2,grams,,SUB-013553-4-001,HAND MARINADE / OVEN / BLAST CHILLER,,"MANDELN, SCHALENFRÜCHTE",,0.81278,,,,,,,0.00441,0.0868,0.00542,PCK-00-151923-5,2nd,

FV4055A -  [DE] Chicken with lemon-garlic butter,REC-013554-4-003,R,1,portions,Mash - Garlic Herb Mashed Cauliflower - Rice -Less Fat,S,,150,grams,,SUB-032664-4-001,DEBOX / SPICE PORTIONING / IMMERSION BLENDER,"***PLATING INSTRUCTIONS***
(From the bottom to the top)

2 Compartment

MAIN COMPARTMENT
1. Mash - 150g 
2. Chicken - 1 ea of 120g
3. Butter - 1 ea of 10g

",MILCH (EINSCHLIESSLICH LAKTOSE),,0.99753,,,,,,,0.33069,5.30418,0.33151,PCK-00-151923-5,Main,
FV4055A -  [DE] Chicken with lemon-garlic butter,REC-013554-4-003,R,1,portions,Compound butter - Garlic Lemon Butter,S,,10,grams,,SUB-013547-4-001,PLANETARY MIXER / SCOOPER (BUTTER) / BLAST CHILLER,,MILCH (EINSCHLIESSLICH LAKTOSE),,0.90575,,,,,,,0.02205,0.38944,0.02434,PCK-00-151923-5,Main,
FV4055A -  [DE] Chicken with lemon-garlic butter,REC-013554-4-003,R,1,portions,Chicken breast - Herb Grilled Chicken Breast,S,,1,each,,SUB-013545-4-001,MARINADE / GRILL / OVEN / BLAST CHILLER,,,,0.62422,,,,,,4.23288,0.26455,6.78107,0.42382,PCK-00-151923-5,Main,
FV4055A -  [DE] Chicken with lemon-garlic butter,REC-013554-4-003,R,1,portions,Green Beans -Oil and sea salt- less oil,S,,65,grams,,SUB-032668-4-001,OVEN / BLAST CHILLER,"2ND COMPARTMENT
1. Green beans - 65g
2. Toasted almonds - 2g

Net Weight: 347g",,,0.72686,,,,,,,0.1433,3.1544,0.19715,PCK-00-151923-5,2nd,
FV4055A -  [DE] Chicken with lemon-garlic butter,REC-013554-4-003,R,1,portions,Almonds - Garlic & Black Pepper Toasted Almonds,S,,2,grams,,SUB-013553-4-001,HAND MARINADE / OVEN / BLAST CHILLER,,"MANDELN, SCHALENFRÜCHTE",,0.81278,,,,,,,0.00441,0.0868,0.00542,PCK-00-151923-5,2nd,

FV4055A - [DSKE] Chicken with lemon-garlic butter,REC-013554-4-004,R,1,portions,Mash - Garlic Herb Mashed Cauliflower - Rice -Less Fat,S,,150,grams,,SUB-032664-4-001,DEBOX / SPICE PORTIONING / IMMERSION BLENDER,"***PLATING INSTRUCTIONS***
(From the bottom to the top)

2 Compartment

MAIN COMPARTMENT
1. Mash - 150g 
2. Chicken - 1 ea of 120g
3. Butter - 1 ea of 10g

",MILCH (EINSCHLIESSLICH LAKTOSE),,0.99753,,,,,,,0.33069,5.30418,0.33151,PCK-00-151923-5,Main,
FV4055A - [DSKE] Chicken with lemon-garlic butter,REC-013554-4-004,R,1,portions,Compound butter - Garlic Lemon Butter,S,,10,grams,,SUB-013547-4-001,PLANETARY MIXER / SCOOPER (BUTTER) / BLAST CHILLER,,MILCH (EINSCHLIESSLICH LAKTOSE),,0.90575,,,,,,,0.02205,0.38944,0.02434,PCK-00-151923-5,Main,
FV4055A - [DSKE] Chicken with lemon-garlic butter,REC-013554-4-004,R,1,portions,Chicken breast - Herb Grilled Chicken Breast,S,,1,each,,SUB-013545-4-001,MARINADE / GRILL / OVEN / BLAST CHILLER,,,,0.62422,,,,,,4.23288,0.26455,6.78107,0.42382,PCK-00-151923-5,Main,
FV4055A - [DSKE] Chicken with lemon-garlic butter,REC-013554-4-004,R,1,portions,Green Beans -Oil and sea salt- less oil,S,,65,grams,,SUB-032668-4-001,OVEN / BLAST CHILLER,"2ND COMPARTMENT
1. Green beans - 65g
2. Toasted almonds - 2g

Net Weight: 347g",,,0.72686,,,,,,,0.1433,3.1544,0.19715,PCK-00-151923-5,2nd,
FV4055A - [DSKE] Chicken with lemon-garlic butter,REC-013554-4-004,R,1,portions,Almonds - Garlic & Black Pepper Toasted Almonds,S,,2,grams,,SUB-013553-4-001,HAND MARINADE / OVEN / BLAST CHILLER,,"MANDELN, SCHALENFRÜCHTE",,0.81278,,,,,,,0.00441,0.0868,0.00542,PCK-00-151923-5,2nd,

FV4060B - [BNL] - Artichoke & Spinach Pork tenderloin,REC-013946-4-004,R,1,portions,Artichoke & Spinach Dip,S,,140,grams,,SUB-013749-4-004,PLANETARY MIXER,"140g artichoke & spinach dip
140g sliced, shingled pork tenderloin
120g cauliflower
**plating instruction**

from bottom to top

MAIN COMPARTMENT: 

140g artichoke & spinach dip
140g sliced pork tenderloin

","EIER, MILCH (EINSCHLIESSLICH LAKTOSE), SENF",,0.95411,"1
1","SCOOP
SCOOP","red
green","LEVEL
LEVEL",,,0.30865,5.17586,0.32349,PCK-00-151923-5,Main,
FV4060B - [BNL] - Artichoke & Spinach Pork tenderloin,REC-013946-4-004,R,1,portions,Pork Tenderloin - Garlic Marinated,S,,140,grams,,SUB-032663-4-001,MARINADE / GRILL / OVEN / SLICER / BLAST CHILLER,,SCHWEFELDIOXIDE UND SULFITE,,0.77616,140,HAND_PORTIONED,Hand Portioned,BY_TRAY,,,0.30865,6.36253,0.39766,PCK-00-151923-5,Main,
FV4060B - [BNL] - Artichoke & Spinach Pork tenderloin,REC-013946-4-004,R,1,portions,IQF Cauliflower - with basil and parmesan seasoning - IQF,S,,120,grams,,SUB-013945-4-002,OVEN / BLAST CHILLER,"SIDE COMPARTMENT:
120g cauliflower

Net weight: 400 g",MILCH (EINSCHLIESSLICH LAKTOSE),,0.67509,,,,,,,0.26455,6.27009,0.39188,PCK-00-151923-5,2nd,

FV4060B - [DE] - Artichoke & Spinach Pork tenderloin,REC-013946-4-005,R,1,portions,Artichoke & Spinach Dip,S,,140,grams,,SUB-013749-4-004,PLANETARY MIXER,"140g artichoke & spinach dip
140g sliced, shingled pork tenderloin
120g cauliflower
**plating instruction**

from bottom to top

MAIN COMPARTMENT: 

140g artichoke & spinach dip
140g sliced pork tenderloin

","EIER, MILCH (EINSCHLIESSLICH LAKTOSE), SENF",,0.95411,"1
1","SCOOP
SCOOP","red
green","LEVEL
LEVEL",,,0.30865,5.17586,0.32349,PCK-00-151923-5,Main,
FV4060B - [DE] - Artichoke & Spinach Pork tenderloin,REC-013946-4-005,R,1,portions,Pork Tenderloin - Garlic Marinated,S,,140,grams,,SUB-032663-4-001,MARINADE / GRILL / OVEN / SLICER / BLAST CHILLER,,SCHWEFELDIOXIDE UND SULFITE,,0.77616,140,HAND_PORTIONED,Hand Portioned,BY_TRAY,,,0.30865,6.36253,0.39766,PCK-00-151923-5,Main,
FV4060B - [DE] - Artichoke & Spinach Pork tenderloin,REC-013946-4-005,R,1,portions,IQF Cauliflower - with basil and parmesan seasoning - IQF,S,,120,grams,,SUB-013945-4-002,OVEN / BLAST CHILLER,"SIDE COMPARTMENT:
120g cauliflower

Net weight: 400 g",MILCH (EINSCHLIESSLICH LAKTOSE),,0.67509,,,,,,,0.26455,6.27009,0.39188,PCK-00-151923-5,2nd,

FV4060B - [DK/SE] - Artichoke & Spinach Pork tenderloin,REC-013946-4-006,R,1,portions,Artichoke & Spinach Dip,S,,140,grams,,SUB-013749-4-004,PLANETARY MIXER,"140g artichoke & spinach dip
140g sliced, shingled pork tenderloin
120g cauliflower
**plating instruction**

from bottom to top

MAIN COMPARTMENT: 

140g artichoke & spinach dip
140g sliced pork tenderloin

","EIER, MILCH (EINSCHLIESSLICH LAKTOSE), SENF",,0.95411,"1
1","SCOOP
SCOOP","red
green","LEVEL
LEVEL",,,0.30865,5.17586,0.32349,PCK-00-151923-5,Main,
FV4060B - [DK/SE] - Artichoke & Spinach Pork tenderloin,REC-013946-4-006,R,1,portions,Pork Tenderloin - Garlic Marinated,S,,140,grams,,SUB-032663-4-001,MARINADE / GRILL / OVEN / SLICER / BLAST CHILLER,,SCHWEFELDIOXIDE UND SULFITE,,0.77616,140,HAND_PORTIONED,Hand Portioned,BY_TRAY,,,0.30865,6.36253,0.39766,PCK-00-151923-5,Main,
FV4060B - [DK/SE] - Artichoke & Spinach Pork tenderloin,REC-013946-4-006,R,1,portions,IQF Cauliflower - with basil and parmesan seasoning - IQF,S,,120,grams,,SUB-013945-4-002,OVEN / BLAST CHILLER,"SIDE COMPARTMENT:
120g cauliflower

Net weight: 400 g",MILCH (EINSCHLIESSLICH LAKTOSE),,0.67509,,,,,,,0.26455,6.27009,0.39188,PCK-00-151923-5,2nd,

FV4063A - [BNL] - Cheddar Pulled Beef,REC-014036-4-002,R,1,portions,Mac n Cheese Sauce - chili cheddar,S,,100,grams,,SUB-013744-4-001,SPICE PORTIONING / IMMERSION BLENDER / BRAISER / BLAST CHILLER,"***PLATING INSTRUCTIONS***
(From the bottom to the top)

2 Compartment

MAIN COMPARTMENT
Cheese Sauce = 100g
Shredded Beef = 100g
Peppers & Onions = 55g
Cheddar cheese = 12g",MILCH (EINSCHLIESSLICH LAKTOSE),,0.6374,1,SCOOP,beige,LEVEL,,,0.22046,5.53407,0.34588,PCK-00-151923-5,Main,
FV4063A - [BNL] - Cheddar Pulled Beef,REC-014036-4-002,R,1,portions,Shredded Sous Vide Beef,S,,100,grams,,SUB-013599-4-001,HAND MIX / COLD SHREDDER,,,,0.93864,,,,,,,0.22046,3.758,0.23488,PCK-00-151923-5,Main,
FV4063A - [BNL] - Cheddar Pulled Beef,REC-014036-4-002,R,1,portions,Mixed veg -Italian Peppers and Onions -Less Salt,S,,55,grams,,SUB-033779-4-001,HAND MARINADE / OVEN / BLAST CHILLER,,,,0.7331,,,,,,,0.12125,2.64638,0.1654,PCK-00-151923-5,Main,
FV4063A - [BNL] - Cheddar Pulled Beef,REC-014036-4-002,R,1,portions,"FA-DE Cheese, White Cheddar, Shredded /Käse, weißer Cheddar, gerieben",I,DAI-00-139135-3,12,grams,,,,,MILCH (EINSCHLIESSLICH LAKTOSE),,,1,SCOOP,purple,NATURAL,,,0.02646,0.42329,0.02646,PCK-00-151923-5,Main,
FV4063A - [BNL] - Cheddar Pulled Beef,REC-014036-4-002,R,1,portions,Smoky Cauliflower Florets,S,,70,grams,,SUB-013818-4-001,OVEN / BLAST CHILLER,"2ND COMPARTMENT
Smoky cauliflower florets = 70g

NET WEIGHT: 337g",,,0.7418,1,SCOOP,grey,LEVEL,,,0.15432,3.32861,0.20804,PCK-00-151923-5,2nd,

FV4063A -[DE]  - Cheddar Pulled Beef,REC-014036-4-001,R,1,portions,Mac n Cheese Sauce - chili cheddar,S,,100,grams,,SUB-013744-4-001,SPICE PORTIONING / IMMERSION BLENDER / BRAISER / BLAST CHILLER,"***PLATING INSTRUCTIONS***
(From the bottom to the top)

2 Compartment

MAIN COMPARTMENT
Cheese Sauce = 95g
Shredded Beef = 100g
Peppers & Onions = 55g
Cheddar cheese = 12g
",MILCH (EINSCHLIESSLICH LAKTOSE),,0.6374,1,SCOOP,beige,LEVEL,,,0.22046,5.53407,0.34588,PCK-00-151923-5,Main,
FV4063A -[DE]  - Cheddar Pulled Beef,REC-014036-4-001,R,1,portions,Shredded Sous Vide Beef,S,,100,grams,,SUB-013599-4-001,HAND MIX / COLD SHREDDER,,,,0.93864,,,,,,,0.22046,3.758,0.23488,PCK-00-151923-5,Main,
FV4063A -[DE]  - Cheddar Pulled Beef,REC-014036-4-001,R,1,portions,Mixed veg -Italian Peppers and Onions -Less Salt,S,,55,grams,,SUB-033779-4-001,HAND MARINADE / OVEN / BLAST CHILLER,,,,0.7331,,,,,,,0.12125,2.64638,0.1654,PCK-00-151923-5,Main,
FV4063A -[DE]  - Cheddar Pulled Beef,REC-014036-4-001,R,1,portions,"FA-DE Cheese, White Cheddar, Shredded /Käse, weißer Cheddar, gerieben",I,DAI-00-139135-3,12,grams,,,,,MILCH (EINSCHLIESSLICH LAKTOSE),,,1,SCOOP,purple,NATURAL,,,0.02646,0.42329,0.02646,PCK-00-151923-5,Main,
FV4063A -[DE]  - Cheddar Pulled Beef,REC-014036-4-001,R,1,portions,Smoky Cauliflower Florets,S,,70,grams,,SUB-013818-4-001,OVEN / BLAST CHILLER,"2ND COMPARTMENT
Smoky cauliflower florets = 70g

NET WEIGHT: 337g",,,0.7418,1,SCOOP,grey,LEVEL,,,0.15432,3.32861,0.20804,PCK-00-151923-5,2nd,

FV4063A -[DKSE]- Cheddar Pulled Beef,REC-014036-4-003,R,1,portions,Mac n Cheese Sauce - chili cheddar,S,,100,grams,,SUB-013744-4-001,SPICE PORTIONING / IMMERSION BLENDER / BRAISER / BLAST CHILLER,"***PLATING INSTRUCTIONS***
(From the bottom to the top)

2 Compartment

MAIN COMPARTMENT
Cheese Sauce = 100g
Shredded Beef = 100g
Peppers & Onions = 55g
Cheddar cheese = 12g",MILCH (EINSCHLIESSLICH LAKTOSE),,0.6374,1,SCOOP,beige,LEVEL,,,0.22046,5.53407,0.34588,PCK-00-151923-5,Main,
FV4063A -[DKSE]- Cheddar Pulled Beef,REC-014036-4-003,R,1,portions,Shredded Sous Vide Beef,S,,100,grams,,SUB-013599-4-001,HAND MIX / COLD SHREDDER,,,,0.93864,,,,,,,0.22046,3.758,0.23488,PCK-00-151923-5,Main,
FV4063A -[DKSE]- Cheddar Pulled Beef,REC-014036-4-003,R,1,portions,Mixed veg -Italian Peppers and Onions -Less Salt,S,,55,grams,,SUB-033779-4-001,HAND MARINADE / OVEN / BLAST CHILLER,,,,0.7331,,,,,,,0.12125,2.64638,0.1654,PCK-00-151923-5,Main,
FV4063A -[DKSE]- Cheddar Pulled Beef,REC-014036-4-003,R,1,portions,"FA-DE Cheese, White Cheddar, Shredded /Käse, weißer Cheddar, gerieben",I,DAI-00-139135-3,12,grams,,,,,MILCH (EINSCHLIESSLICH LAKTOSE),,,1,SCOOP,purple,NATURAL,,,0.02646,0.42329,0.02646,PCK-00-151923-5,Main,
FV4063A -[DKSE]- Cheddar Pulled Beef,REC-014036-4-003,R,1,portions,Smoky Cauliflower Florets,S,,70,grams,,SUB-013818-4-001,OVEN / BLAST CHILLER,"2ND COMPARTMENT
Smoky cauliflower florets = 70g

NET WEIGHT: 337g",,,0.7418,1,SCOOP,grey,LEVEL,,,0.15432,3.32861,0.20804,PCK-00-151923-5,2nd,

FV4063B - [BNL] - Cheddar Pulled Beef,REC-014036-4-008,R,1,portions,Mac n Cheese Sauce - chili cheddar,S,,100,grams,,SUB-013744-4-001,SPICE PORTIONING / IMMERSION BLENDER / BRAISER / BLAST CHILLER,"***PLATING INSTRUCTIONS***
(From the bottom to the top)

2 Compartment

MAIN COMPARTMENT
Cheese Sauce = 100g
Shredded Beef = 100g
Peppers & Onions = 55g
Cheddar cheese = 12g",MILCH (EINSCHLIESSLICH LAKTOSE),,0.6374,1,SCOOP,beige,LEVEL,,,0.22046,5.53407,0.34588,PCK-00-151923-5,Main,
FV4063B - [BNL] - Cheddar Pulled Beef,REC-014036-4-008,R,1,portions,Shredded Sous Vide Beef,S,,100,grams,,SUB-013599-4-001,HAND MIX / COLD SHREDDER,,,,0.93864,,,,,,,0.22046,3.758,0.23488,PCK-00-151923-5,Main,
FV4063B - [BNL] - Cheddar Pulled Beef,REC-014036-4-008,R,1,portions,Mixed veg -Italian Peppers and Onions -Less Salt,S,,55,grams,,SUB-033779-4-001,HAND MARINADE / OVEN / BLAST CHILLER,,,,0.7331,,,,,,,0.12125,2.64638,0.1654,PCK-00-151923-5,Main,
FV4063B - [BNL] - Cheddar Pulled Beef,REC-014036-4-008,R,1,portions,"FA-DE Cheese, White Cheddar, Shredded /Käse, weißer Cheddar, gerieben",I,DAI-00-139135-3,12,grams,,,,,MILCH (EINSCHLIESSLICH LAKTOSE),,,1,SCOOP,purple,NATURAL,,,0.02646,0.42329,0.02646,PCK-00-151923-5,Main,
FV4063B - [BNL] - Cheddar Pulled Beef,REC-014036-4-008,R,1,portions,Smoky Cauliflower Rice,S,,70,grams,,SUB-013818-4-003,OVEN / BLAST CHILLER,"2ND COMPARTMENT
Smoky cauliflower rice = 70g

NET WEIGHT: 337g",,,0.77,,,,,,,0.15432,3.20673,0.20042,PCK-00-151923-5,2nd,

FV4063B -[DE]  - Cheddar Pulled Beef,REC-014036-4-009,R,1,portions,Mac n Cheese Sauce - chili cheddar,S,,100,grams,,SUB-013744-4-001,SPICE PORTIONING / IMMERSION BLENDER / BRAISER / BLAST CHILLER,"***PLATING INSTRUCTIONS***
(From the bottom to the top)

2 Compartment

MAIN COMPARTMENT
Cheese Sauce = 95g
Shredded Beef = 100g
Peppers & Onions = 55g
Cheddar cheese = 12g
",MILCH (EINSCHLIESSLICH LAKTOSE),,0.6374,1,SCOOP,beige,LEVEL,,,0.22046,5.53407,0.34588,PCK-00-151923-5,Main,
FV4063B -[DE]  - Cheddar Pulled Beef,REC-014036-4-009,R,1,portions,Shredded Sous Vide Beef,S,,100,grams,,SUB-013599-4-001,HAND MIX / COLD SHREDDER,,,,0.93864,,,,,,,0.22046,3.758,0.23488,PCK-00-151923-5,Main,
FV4063B -[DE]  - Cheddar Pulled Beef,REC-014036-4-009,R,1,portions,Mixed veg -Italian Peppers and Onions -Less Salt,S,,55,grams,,SUB-033779-4-001,HAND MARINADE / OVEN / BLAST CHILLER,,,,0.7331,,,,,,,0.12125,2.64638,0.1654,PCK-00-151923-5,Main,
FV4063B -[DE]  - Cheddar Pulled Beef,REC-014036-4-009,R,1,portions,"FA-DE Cheese, White Cheddar, Shredded /Käse, weißer Cheddar, gerieben",I,DAI-00-139135-3,12,grams,,,,,MILCH (EINSCHLIESSLICH LAKTOSE),,,1,SCOOP,purple,NATURAL,,,0.02646,0.42329,0.02646,PCK-00-151923-5,Main,
FV4063B -[DE]  - Cheddar Pulled Beef,REC-014036-4-009,R,1,portions,Smoky Cauliflower Rice,S,,70,grams,,SUB-013818-4-003,OVEN / BLAST CHILLER,"2ND COMPARTMENT
Smoky cauliflower rice = 70g

NET WEIGHT: 337g",,,0.77,,,,,,,0.15432,3.20673,0.20042,PCK-00-151923-5,2nd,

FV4063B -[DKSE]- Cheddar Pulled Beef,REC-014036-4-010,R,1,portions,Mac n Cheese Sauce - chili cheddar,S,,100,grams,,SUB-013744-4-001,SPICE PORTIONING / IMMERSION BLENDER / BRAISER / BLAST CHILLER,"***PLATING INSTRUCTIONS***
(From the bottom to the top)

2 Compartment

MAIN COMPARTMENT
Cheese Sauce = 100g
Shredded Beef = 100g
Peppers & Onions = 55g
Cheddar cheese = 12g",MILCH (EINSCHLIESSLICH LAKTOSE),,0.6374,1,SCOOP,beige,LEVEL,,,0.22046,5.53407,0.34588,PCK-00-151923-5,Main,
FV4063B -[DKSE]- Cheddar Pulled Beef,REC-014036-4-010,R,1,portions,Shredded Sous Vide Beef,S,,100,grams,,SUB-013599-4-001,HAND MIX / COLD SHREDDER,,,,0.93864,,,,,,,0.22046,3.758,0.23488,PCK-00-151923-5,Main,
FV4063B -[DKSE]- Cheddar Pulled Beef,REC-014036-4-010,R,1,portions,Mixed veg -Italian Peppers and Onions -Less Salt,S,,55,grams,,SUB-033779-4-001,HAND MARINADE / OVEN / BLAST CHILLER,,,,0.7331,,,,,,,0.12125,2.64638,0.1654,PCK-00-151923-5,Main,
FV4063B -[DKSE]- Cheddar Pulled Beef,REC-014036-4-010,R,1,portions,"FA-DE Cheese, White Cheddar, Shredded /Käse, weißer Cheddar, gerieben",I,DAI-00-139135-3,12,grams,,,,,MILCH (EINSCHLIESSLICH LAKTOSE),,,1,SCOOP,purple,NATURAL,,,0.02646,0.42329,0.02646,PCK-00-151923-5,Main,
FV4063B -[DKSE]- Cheddar Pulled Beef,REC-014036-4-010,R,1,portions,Smoky Cauliflower Rice,S,,70,grams,,SUB-013818-4-003,OVEN / BLAST CHILLER,"2ND COMPARTMENT
Smoky cauliflower rice = 70g

NET WEIGHT: 337g",,,0.77,,,,,,,0.15432,3.20673,0.20042,PCK-00-151923-5,2nd,

FV4063C - [BNL] - Cheddar Pulled Beef,REC-014036-4-005,R,1,portions,Mac n Cheese Sauce - chili cheddar,S,,100,grams,,SUB-013744-4-001,SPICE PORTIONING / IMMERSION BLENDER / BRAISER / BLAST CHILLER,"***PLATING INSTRUCTIONS***
(From the bottom to the top)

2 Compartment

MAIN COMPARTMENT
Cheese Sauce = 100g
Shredded Beef = 100g
Peppers & Onions = 55g
Cheddar cheese = 12g",MILCH (EINSCHLIESSLICH LAKTOSE),,0.6374,1,SCOOP,beige,LEVEL,,,0.22046,5.53407,0.34588,PCK-00-151923-5,Main,
FV4063C - [BNL] - Cheddar Pulled Beef,REC-014036-4-005,R,1,portions,Shredded Sous Vide Beef,S,,100,grams,,SUB-013599-4-001,HAND MIX / COLD SHREDDER,,,,0.93864,,,,,,,0.22046,3.758,0.23488,PCK-00-151923-5,Main,
FV4063C - [BNL] - Cheddar Pulled Beef,REC-014036-4-005,R,1,portions,Mixed veg -Italian Peppers and Onions -Less Salt,S,,55,grams,,SUB-033779-4-001,HAND MARINADE / OVEN / BLAST CHILLER,,,,0.7331,,,,,,,0.12125,2.64638,0.1654,PCK-00-151923-5,Main,
FV4063C - [BNL] - Cheddar Pulled Beef,REC-014036-4-005,R,1,portions,"FA-DE Cheese, White Cheddar, Shredded /Käse, weißer Cheddar, gerieben",I,DAI-00-139135-3,12,grams,,,,,MILCH (EINSCHLIESSLICH LAKTOSE),,,1,SCOOP,purple,NATURAL,,,0.02646,0.42329,0.02646,PCK-00-151923-5,Main,
FV4063C - [BNL] - Cheddar Pulled Beef,REC-014036-4-005,R,1,portions,IQF Smoky Cauliflower Florets - IQF,S,,70,grams,,SUB-013818-4-002,OVEN / BLAST CHILLER,"2ND COMPARTMENT
Smoky cauliflower florets = 70g

NET WEIGHT: 337g",,,0.6751,,,,,,,0.15432,3.65748,0.22859,PCK-00-151923-5,2nd,

FV4063C -[DE]  - Cheddar Pulled Beef,REC-014036-4-006,R,1,portions,Mac n Cheese Sauce - chili cheddar,S,,100,grams,,SUB-013744-4-001,SPICE PORTIONING / IMMERSION BLENDER / BRAISER / BLAST CHILLER,"***PLATING INSTRUCTIONS***
(From the bottom to the top)

2 Compartment

MAIN COMPARTMENT
Cheese Sauce = 95g
Shredded Beef = 100g
Peppers & Onions = 55g
Cheddar cheese = 12g
",MILCH (EINSCHLIESSLICH LAKTOSE),,0.6374,1,SCOOP,beige,LEVEL,,,0.22046,5.53407,0.34588,PCK-00-151923-5,Main,
FV4063C -[DE]  - Cheddar Pulled Beef,REC-014036-4-006,R,1,portions,Shredded Sous Vide Beef,S,,100,grams,,SUB-013599-4-001,HAND MIX / COLD SHREDDER,,,,0.93864,,,,,,,0.22046,3.758,0.23488,PCK-00-151923-5,Main,
FV4063C -[DE]  - Cheddar Pulled Beef,REC-014036-4-006,R,1,portions,Mixed veg -Italian Peppers and Onions -Less Salt,S,,55,grams,,SUB-033779-4-001,HAND MARINADE / OVEN / BLAST CHILLER,,,,0.7331,,,,,,,0.12125,2.64638,0.1654,PCK-00-151923-5,Main,
FV4063C -[DE]  - Cheddar Pulled Beef,REC-014036-4-006,R,1,portions,"FA-DE Cheese, White Cheddar, Shredded /Käse, weißer Cheddar, gerieben",I,DAI-00-139135-3,12,grams,,,,,MILCH (EINSCHLIESSLICH LAKTOSE),,,1,SCOOP,purple,NATURAL,,,0.02646,0.42329,0.02646,PCK-00-151923-5,Main,
FV4063C -[DE]  - Cheddar Pulled Beef,REC-014036-4-006,R,1,portions,IQF Smoky Cauliflower Florets - IQF,S,,70,grams,,SUB-013818-4-002,OVEN / BLAST CHILLER,"2ND COMPARTMENT
Smoky cauliflower florets = 70g

NET WEIGHT: 337g",,,0.6751,,,,,,,0.15432,3.65748,0.22859,PCK-00-151923-5,2nd,

FV4063C -[DKSE]- Cheddar Pulled Beef,REC-014036-4-007,R,1,portions,Mac n Cheese Sauce - chili cheddar,S,,100,grams,,SUB-013744-4-001,SPICE PORTIONING / IMMERSION BLENDER / BRAISER / BLAST CHILLER,"***PLATING INSTRUCTIONS***
(From the bottom to the top)

2 Compartment

MAIN COMPARTMENT
Cheese Sauce = 100g
Shredded Beef = 100g
Peppers & Onions = 55g
Cheddar cheese = 12g",MILCH (EINSCHLIESSLICH LAKTOSE),,0.6374,1,SCOOP,beige,LEVEL,,,0.22046,5.53407,0.34588,PCK-00-151923-5,Main,
FV4063C -[DKSE]- Cheddar Pulled Beef,REC-014036-4-007,R,1,portions,Shredded Sous Vide Beef,S,,100,grams,,SUB-013599-4-001,HAND MIX / COLD SHREDDER,,,,0.93864,,,,,,,0.22046,3.758,0.23488,PCK-00-151923-5,Main,
FV4063C -[DKSE]- Cheddar Pulled Beef,REC-014036-4-007,R,1,portions,Mixed veg -Italian Peppers and Onions -Less Salt,S,,55,grams,,SUB-033779-4-001,HAND MARINADE / OVEN / BLAST CHILLER,,,,0.7331,,,,,,,0.12125,2.64638,0.1654,PCK-00-151923-5,Main,
FV4063C -[DKSE]- Cheddar Pulled Beef,REC-014036-4-007,R,1,portions,"FA-DE Cheese, White Cheddar, Shredded /Käse, weißer Cheddar, gerieben",I,DAI-00-139135-3,12,grams,,,,,MILCH (EINSCHLIESSLICH LAKTOSE),,,1,SCOOP,purple,NATURAL,,,0.02646,0.42329,0.02646,PCK-00-151923-5,Main,
FV4063C -[DKSE]- Cheddar Pulled Beef,REC-014036-4-007,R,1,portions,IQF Smoky Cauliflower Florets - IQF,S,,70,grams,,SUB-013818-4-002,OVEN / BLAST CHILLER,"2ND COMPARTMENT
Smoky cauliflower florets = 70g

NET WEIGHT: 337g",,,0.6751,,,,,,,0.15432,3.65748,0.22859,PCK-00-151923-5,2nd,

FV4064A - Ginger Garlic Grilled Chicken [BNL],REC-016335-4-001,R,1,portions,Brown Basmati Rice with GGS,S,,110,grams,,SUB-014273-4-001,OVEN / HAND MIX / BLAST CHILLER,"**PLATING INSTRUCTIONS**

2-COMPARTMENT TRAY

MAIN COMPARTMENT (From the bottom to the top):
110g - rice
60g - edamame 
1pc - chicken (120g)
30g - teriyaki sauce
3g - sesame

2ND COMPARTMENT: 
100g - sesame broccoli

NET WEIGHT: 423g",SCHWEFELDIOXIDE UND SULFITE,,0.95661,1,SCOOP,grey,LEVEL,,,0.24251,4.05612,0.25351,PCK-00-151923-5,Main,
FV4064A - Ginger Garlic Grilled Chicken [BNL],REC-016335-4-001,R,1,portions,Edamame Succotash,S,,60,grams,,SUB-016331-4-001,OVEN / BLAST CHILLER,,"SCHWEFELDIOXIDE UND SULFITE, SESAMSAMEN, SOJA",,0.66697,1,SCOOP,beige,NATURAL,,,0.13228,3.1732,0.19833,PCK-00-151923-5,Main,
FV4064A - Ginger Garlic Grilled Chicken [BNL],REC-016335-4-001,R,1,portions,Grilled Chicken Breast Marinade #6 - Asian (EACH),S,,1,each,,SUB-016253-4-001,MARINADE / GRILL / OVEN / BLAST CHILLER,,"SCHWEFELDIOXIDE UND SULFITE, SESAMSAMEN, SOJA",,0.68415,1,HAND_PORTIONED,Hand Portioned,,,4.23288,0.26455,6.18706,0.38669,PCK-00-151923-5,Main,
FV4064A - Ginger Garlic Grilled Chicken [BNL],REC-016335-4-001,R,1,portions,Teriyaki Sauce,S,,30,grams,,SUB-016332-4-001,SPICE PORTIONING / IMMERSION BLENDER / BRAISER / BLAST CHILLER,,"SESAMSAMEN, SOJA",,0.89566,,,,,,,0.06614,1.18149,0.07384,PCK-00-151923-5,Main,
FV4064A - Ginger Garlic Grilled Chicken [BNL],REC-016335-4-001,R,1,portions,"FA-DE Spice, Sesame Seed, Roasted /Gewürz, Sesamsamen, geröstet",I,SPI-00-139379-5,3,grams,,,,,SESAMSAMEN,,,1,SCOOP,orange,LEVEL,,,0.00661,0.10582,0.00661,PCK-00-151923-5,Main,
FV4064A - Ginger Garlic Grilled Chicken [BNL],REC-016335-4-001,R,1,portions,Broccoli - Sesame Broccoli,S,,100,grams,,SUB-016334-4-001,OVEN / BLAST CHILLER,,SESAMSAMEN,,0.65245,1,SCOOP,silver #110,NATURAL,,,0.22046,5.4064,0.3379,PCK-00-151923-5,Main,

FV4064A - Ginger Garlic Grilled Chicken [DE],REC-016335-4-002,R,1,portions,Brown Basmati Rice with GGS,S,,110,grams,,SUB-014273-4-001,OVEN / HAND MIX / BLAST CHILLER,"**PLATING INSTRUCTIONS**

2-COMPARTMENT TRAY

MAIN COMPARTMENT (From the bottom to the top):
110g - rice
60g - edamame 
1pc - chicken (120g)
30g - teriyaki sauce
3g - sesame

2ND COMPARTMENT: 
100g - sesame broccoli

NET WEIGHT: 403g",SCHWEFELDIOXIDE UND SULFITE,,0.95661,1,SCOOP,grey,LEVEL,,,0.24251,4.05612,0.25351,PCK-00-151923-5,Main,
FV4064A - Ginger Garlic Grilled Chicken [DE],REC-016335-4-002,R,1,portions,Edamame Succotash,S,,60,grams,,SUB-016331-4-001,OVEN / BLAST CHILLER,,"SCHWEFELDIOXIDE UND SULFITE, SESAMSAMEN, SOJA",,0.66697,1,SCOOP,beige,NATURAL,,,0.13228,3.1732,0.19833,PCK-00-151923-5,Main,
FV4064A - Ginger Garlic Grilled Chicken [DE],REC-016335-4-002,R,1,portions,Grilled Chicken Breast Marinade #6 - Asian (EACH),S,,1,each,,SUB-016253-4-001,MARINADE / GRILL / OVEN / BLAST CHILLER,,"SCHWEFELDIOXIDE UND SULFITE, SESAMSAMEN, SOJA",,0.68415,1,HAND_PORTIONED,Hand Portioned,,,4.23288,0.26455,6.18706,0.38669,PCK-00-151923-5,Main,
FV4064A - Ginger Garlic Grilled Chicken [DE],REC-016335-4-002,R,1,portions,Teriyaki Sauce,S,,30,grams,,SUB-016332-4-001,SPICE PORTIONING / IMMERSION BLENDER / BRAISER / BLAST CHILLER,,"SESAMSAMEN, SOJA",,0.89566,1,SCOOP,black,LEVEL,,,0.06614,1.18149,0.07384,PCK-00-151923-5,Main,
FV4064A - Ginger Garlic Grilled Chicken [DE],REC-016335-4-002,R,1,portions,"FA-DE Spice, Sesame Seed, Roasted /Gewürz, Sesamsamen, geröstet",I,SPI-00-139379-5,3,grams,,,,,SESAMSAMEN,,,1,HAND_PORTIONED,Hand Portioned,,,,0.00661,0.10582,0.00661,PCK-00-151923-5,Main,
FV4064A - Ginger Garlic Grilled Chicken [DE],REC-016335-4-002,R,1,portions,Broccoli - Sesame Broccoli,S,,100,grams,,SUB-016334-4-001,OVEN / BLAST CHILLER,,SESAMSAMEN,,0.65245,1,SCOOP,white,NATURAL,,,0.22046,5.4064,0.3379,PCK-00-151923-5,2nd,

FV4064A - Ginger Garlic Grilled Chicken [DKSE],REC-016335-4-003,R,1,portions,Brown Basmati Rice with GGS,S,,110,grams,,SUB-014273-4-001,OVEN / HAND MIX / BLAST CHILLER,"**PLATING INSTRUCTIONS**

2-COMPARTMENT TRAY

MAIN COMPARTMENT (From the bottom to the top):
110g - rice
60g - edamame 
1pc - chicken (100g)
30g - teriyaki sauce
3g - sesame

2ND COMPARTMENT: 
100g - sesame broccoli

NET WEIGHT: 403g",SCHWEFELDIOXIDE UND SULFITE,,0.95661,1,SCOOP,grey,LEVEL,,,0.24251,4.05612,0.25351,PCK-00-151923-5,Main,
FV4064A - Ginger Garlic Grilled Chicken [DKSE],REC-016335-4-003,R,1,portions,Edamame Succotash,S,,60,grams,,SUB-016331-4-001,OVEN / BLAST CHILLER,,"SCHWEFELDIOXIDE UND SULFITE, SESAMSAMEN, SOJA",,0.66697,1,SCOOP,beige,NATURAL,,,0.13228,3.1732,0.19833,PCK-00-151923-5,Main,
FV4064A - Ginger Garlic Grilled Chicken [DKSE],REC-016335-4-003,R,1,portions,Grilled Chicken Breast Marinade #6 - Asian (EACH),S,,1,each,,SUB-016253-4-001,MARINADE / GRILL / OVEN / BLAST CHILLER,,"SCHWEFELDIOXIDE UND SULFITE, SESAMSAMEN, SOJA",,0.68415,1,HAND_PORTIONED,Hand Portioned,,,4.23288,0.26455,6.18706,0.38669,PCK-00-151923-5,Main,
FV4064A - Ginger Garlic Grilled Chicken [DKSE],REC-016335-4-003,R,1,portions,Teriyaki Sauce,S,,30,grams,,SUB-016332-4-001,SPICE PORTIONING / IMMERSION BLENDER / BRAISER / BLAST CHILLER,,"SESAMSAMEN, SOJA",,0.89566,,,,,,,0.06614,1.18149,0.07384,PCK-00-151923-5,Main,
FV4064A - Ginger Garlic Grilled Chicken [DKSE],REC-016335-4-003,R,1,portions,"FA-DE Spice, Sesame Seed, Roasted /Gewürz, Sesamsamen, geröstet",I,SPI-00-139379-5,3,grams,,,,,SESAMSAMEN,,,1,SCOOP,orange,LEVEL,,,0.00661,0.10582,0.00661,PCK-00-151923-5,Main,
FV4064A - Ginger Garlic Grilled Chicken [DKSE],REC-016335-4-003,R,1,portions,Broccoli - Sesame Broccoli,S,,100,grams,,SUB-016334-4-001,OVEN / BLAST CHILLER,,SESAMSAMEN,,0.65245,1,SCOOP,silver #110,LEVEL,,,0.22046,5.4064,0.3379,PCK-00-151923-5,Main,

FV4065A - Spicy Beef & Black Bean Chili [BNL],REC-029397-4-003,R,1,portions,Beef & Black Bean Chili Batch,S,,290,grams,,SUB-029390-4-001,SPICE PORTIONING / BRAISER / BLAST CHILLER,"**PLATING INSTRUCTIONS***

**3 Compartment Tray**

MAIN COMPARTMENT:
(From the bottom to the top)
290 g chili
5 g green onions
",SCHWEFELDIOXIDE UND SULFITE,,0.78644,"1
1
1","SCOOP
SCOOP
SCOOP","yellow
green
grey","LEVEL
LEVEL
LEVEL",,,0.63934,13.00732,0.81296,PCK-00-151924-5,Main,
FV4065A - Spicy Beef & Black Bean Chili [BNL],REC-029397-4-003,R,1,portions,Roasted Green Onions,S,,5,grams,,SUB-023370-4-001,OVEN / BLAST CHILLER,,,,0.502,,,,,,,0.01102,0.35133,0.02196,PCK-00-151924-5,Main,
FV4065A - Spicy Beef & Black Bean Chili [BNL],REC-029397-4-003,R,1,portions,Corn Salsa - Less Salt,S,,55,grams,,SUB-029395-4-001,OVEN / BLAST CHILLER,"2ND COMPARTMENT:
55 g corn 
",,,0.68925,1,SCOOP,yellow,LEVEL,,,0.12125,2.81474,0.17592,PCK-00-151924-5,2nd,
FV4065A - Spicy Beef & Black Bean Chili [BNL],REC-029397-4-003,R,1,portions,Coriander-Jalapeno Sweet Potatoes,S,,85,grams,,SUB-029396-4-001,OVEN / BLAST CHILLER,"3RD COMPARTMENT:
85 g sweet potatoes 

Total Net Weight: 435 g",,,0.62932,1,SCOOP,green,LEVEL,,,0.18739,4.76435,0.29777,PCK-00-151924-5,3rd,

FV4065A - Spicy Beef & Black Bean Chili [DE],REC-029397-4-002,R,1,portions,Beef & Black Bean Chili Batch,S,,290,grams,,SUB-029390-4-001,SPICE PORTIONING / BRAISER / BLAST CHILLER,"**PLATING INSTRUCTIONS***

**3 Compartment Tray**

MAIN COMPARTMENT:
(From the bottom to the top)
290 g chili
5 g green onions
",SCHWEFELDIOXIDE UND SULFITE,,0.78644,"1
1
1","SCOOP
SCOOP
SCOOP","yellow
green
grey","LEVEL
LEVEL
LEVEL",,,0.63934,13.00732,0.81296,PCK-00-151924-5,Main,
FV4065A - Spicy Beef & Black Bean Chili [DE],REC-029397-4-002,R,1,portions,Roasted Green Onions,S,,5,grams,,SUB-023370-4-001,OVEN / BLAST CHILLER,,,,0.502,,,,,,,0.01102,0.35133,0.02196,PCK-00-151924-5,Main,
FV4065A - Spicy Beef & Black Bean Chili [DE],REC-029397-4-002,R,1,portions,Corn Salsa - Less Salt,S,,55,grams,,SUB-029395-4-001,OVEN / BLAST CHILLER,"2ND COMPARTMENT:
55 g corn ",,,0.68925,1,SCOOP,yellow,LEVEL,,,0.12125,2.81474,0.17592,PCK-00-151924-5,2nd,
FV4065A - Spicy Beef & Black Bean Chili [DE],REC-029397-4-002,R,1,portions,Coriander-Jalapeno Sweet Potatoes,S,,85,grams,,SUB-029396-4-001,OVEN / BLAST CHILLER,"3RD COMPARTMENT

85 g sweet potatoes (other half)

Total Net Weight: 435 g",,,0.62932,1,SCOOP,green,LEVEL,,,0.18739,4.76435,0.29777,PCK-00-151924-5,3rd,

FV4065A - Spicy Beef & Black Bean Chili [DKSE],REC-029397-4-001,R,1,portions,Beef & Black Bean Chili Batch,S,,290,grams,,SUB-029390-4-001,SPICE PORTIONING / BRAISER / BLAST CHILLER,"**PLATING INSTRUCTIONS***

**3 Compartment Tray**

MAIN COMPARTMENT:
(From the bottom to the top)
290 g chili
5 g green onions

2ND COMPARTMENT:
55 g corn 
",SCHWEFELDIOXIDE UND SULFITE,,0.78644,"1
1
1","SCOOP
SCOOP
SCOOP","yellow
green
grey","LEVEL
LEVEL
LEVEL",,,0.63934,13.00732,0.81296,PCK-00-151924-5,Main,
FV4065A - Spicy Beef & Black Bean Chili [DKSE],REC-029397-4-001,R,1,portions,Roasted Green Onions,S,,5,grams,,SUB-023370-4-001,OVEN / BLAST CHILLER,,,,0.502,,,,,,,0.01102,0.35133,0.02196,PCK-00-151924-5,Main,
FV4065A - Spicy Beef & Black Bean Chili [DKSE],REC-029397-4-001,R,1,portions,Corn Salsa - Less Salt,S,,55,grams,,SUB-029395-4-001,OVEN / BLAST CHILLER,,,,0.68925,1,SCOOP,yellow,LEVEL,,,0.12125,2.81474,0.17592,PCK-00-151924-5,2nd,
FV4065A - Spicy Beef & Black Bean Chili [DKSE],REC-029397-4-001,R,1,portions,Coriander-Jalapeno Sweet Potatoes,S,,85,grams,,SUB-029396-4-001,OVEN / BLAST CHILLER,"3RD COMPARTMENT:

85 g sweet potatoes 

Total Net Weight: 435 g",,,0.62932,1,SCOOP,green,LEVEL,,,0.18739,4.76435,0.29777,PCK-00-151924-5,3rd,

FV4065B - Spicy Beef & Black Bean Chili [BNL],REC-029397-4-004,R,1,portions,Beef & Black Bean Chili Batch [Aji Amarillo Sub],S,,290,grams,,SUB-029390-4-002,SPICE PORTIONING / BRAISER / BLAST CHILLER,"**PLATING INSTRUCTIONS***

**3 Compartment Tray**

MAIN COMPARTMENT:
(From the bottom to the top)
290 g chili
5 g green onions
",SCHWEFELDIOXIDE UND SULFITE,,0.69846,"1
1
1","SCOOP
SCOOP
SCOOP","yellow
green
grey","LEVEL
LEVEL
LEVEL",,,0.63934,14.64578,0.91536,PCK-00-151924-5,Main,
FV4065B - Spicy Beef & Black Bean Chili [BNL],REC-029397-4-004,R,1,portions,Roasted Green Onions,S,,5,grams,,SUB-023370-4-001,OVEN / BLAST CHILLER,,,,0.502,,,,,,,0.01102,0.35133,0.02196,PCK-00-151924-5,Main,
FV4065B - Spicy Beef & Black Bean Chili [BNL],REC-029397-4-004,R,1,portions,Corn Salsa - Less Salt,S,,55,grams,,SUB-029395-4-001,OVEN / BLAST CHILLER,"2ND COMPARTMENT:
55 g corn 
",,,0.68925,1,SCOOP,yellow,LEVEL,,,0.12125,2.81474,0.17592,PCK-00-151924-5,2nd,
FV4065B - Spicy Beef & Black Bean Chili [BNL],REC-029397-4-004,R,1,portions,Coriander-Jalapeno Sweet Potatoes,S,,85,grams,,SUB-029396-4-001,OVEN / BLAST CHILLER,"3RD COMPARTMENT:
85 g sweet potatoes 

Total Net Weight: 435 g",,,0.62932,1,SCOOP,green,LEVEL,,,0.18739,4.76435,0.29777,PCK-00-151924-5,3rd,

FV4065B - Spicy Beef & Black Bean Chili [DKSE],REC-029397-4-006,R,1,portions,Beef & Black Bean Chili Batch [Aji Amarillo Sub],S,,290,grams,,SUB-029390-4-002,SPICE PORTIONING / BRAISER / BLAST CHILLER,"**PLATING INSTRUCTIONS***

**3 Compartment Tray**

MAIN COMPARTMENT:
(From the bottom to the top)
290 g chili
5 g green onions

2ND COMPARTMENT:
55 g corn 
",SCHWEFELDIOXIDE UND SULFITE,,0.69846,"1
1
1","SCOOP
SCOOP
SCOOP","yellow
green
grey","LEVEL
LEVEL
LEVEL",,,0.63934,14.64578,0.91536,PCK-00-151924-5,Main,
FV4065B - Spicy Beef & Black Bean Chili [DKSE],REC-029397-4-006,R,1,portions,Roasted Green Onions,S,,5,grams,,SUB-023370-4-001,OVEN / BLAST CHILLER,,,,0.502,,,,,,,0.01102,0.35133,0.02196,PCK-00-151924-5,Main,
FV4065B - Spicy Beef & Black Bean Chili [DKSE],REC-029397-4-006,R,1,portions,Corn Salsa - Less Salt,S,,55,grams,,SUB-029395-4-001,OVEN / BLAST CHILLER,,,,0.68925,1,SCOOP,yellow,LEVEL,,,0.12125,2.81474,0.17592,PCK-00-151924-5,2nd,
FV4065B - Spicy Beef & Black Bean Chili [DKSE],REC-029397-4-006,R,1,portions,Coriander-Jalapeno Sweet Potatoes,S,,85,grams,,SUB-029396-4-001,OVEN / BLAST CHILLER,"3RD COMPARTMENT:

85 g sweet potatoes 

Total Net Weight: 435 g",,,0.62932,1,SCOOP,green,LEVEL,,,0.18739,4.76435,0.29777,PCK-00-151924-5,3rd,

FV4065B- Spicy Beef & Black Bean Chili [DE],REC-029397-4-005,R,1,portions,Beef & Black Bean Chili Batch [Aji Amarillo Sub],S,,290,grams,,SUB-029390-4-002,SPICE PORTIONING / BRAISER / BLAST CHILLER,"**PLATING INSTRUCTIONS***

**3 Compartment Tray**

MAIN COMPARTMENT:
(From the bottom to the top)
290 g chili
5 g green onions
",SCHWEFELDIOXIDE UND SULFITE,,0.69846,"1
1
1","SCOOP
SCOOP
SCOOP","yellow
green
grey","LEVEL
LEVEL
LEVEL",,,0.63934,14.64578,0.91536,PCK-00-151924-5,Main,
FV4065B- Spicy Beef & Black Bean Chili [DE],REC-029397-4-005,R,1,portions,Roasted Green Onions,S,,5,grams,,SUB-023370-4-001,OVEN / BLAST CHILLER,,,,0.502,,,,,,,0.01102,0.35133,0.02196,PCK-00-151924-5,Main,
FV4065B- Spicy Beef & Black Bean Chili [DE],REC-029397-4-005,R,1,portions,Corn Salsa - Less Salt,S,,55,grams,,SUB-029395-4-001,OVEN / BLAST CHILLER,"2ND COMPARTMENT:
55 g corn ",,,0.68925,1,SCOOP,yellow,LEVEL,,,0.12125,2.81474,0.17592,PCK-00-151924-5,2nd,
FV4065B- Spicy Beef & Black Bean Chili [DE],REC-029397-4-005,R,1,portions,Coriander-Jalapeno Sweet Potatoes,S,,85,grams,,SUB-029396-4-001,OVEN / BLAST CHILLER,"3RD COMPARTMENT

85 g sweet potatoes (other half)

Total Net Weight: 435 g",,,0.62932,1,SCOOP,green,LEVEL,,,0.18739,4.76435,0.29777,PCK-00-151924-5,3rd,

FV4067A - [BNL] - Honey Miso Chicken & Scallion Rice,REC-022729-4-003,R,1,portions,Honey Miso Sauce,S,,40,grams,,SUB-022730-4-001,SPICE PORTIONING / IMMERSION BLENDER / BRAISER / BLAST CHILLER,"*PLATTING INSTRUCTIONS***
 One Compartment 

MAIN 
COMPARTMENT 
(from bottom to top)

 40g (CUP- Corner of Bento) Miso Honey Sauce 

1. 130g Rice 
2. 70g Carrots 
3. 50g Edamame 
4. 100g Chicken 
6. 5g sesame seeds

Net Weight: 395g

","SCHWEFELDIOXIDE UND SULFITE, SESAMSAMEN, SOJA",,0.80008,,,,,,,0.08818,1.76352,0.11022,PCK-00-151922-5,Main,
FV4067A - [BNL] - Honey Miso Chicken & Scallion Rice,REC-022729-4-003,R,1,portions,Garlic-Ginger-Green Onion Wild Rice,S,,130,grams,,SUB-022732-4-001,OVEN / HAND MIX / BLAST CHILLER,,SCHWEFELDIOXIDE UND SULFITE,,1.00047,1,SCOOP,grey,LEVEL,,,0.2866,4.58348,0.28647,PCK-00-151922-5,Main,
FV4067A - [BNL] - Honey Miso Chicken & Scallion Rice,REC-022729-4-003,R,1,portions,Garlic Carrot Coins,S,,70,grams,,SUB-023337-4-001,OVEN / BLAST CHILLER,,SCHWEFELDIOXIDE UND SULFITE,,0.67999,2,SCOOP,red,LEVEL,,,0.15432,3.63123,0.22695,PCK-00-151922-5,Main,
FV4067A - [BNL] - Honey Miso Chicken & Scallion Rice,REC-022729-4-003,R,1,portions,Steamed Edamame,S,,50,grams,,SUB-023338-4-001,OVEN / BLAST CHILLER,,SOJA,,0.88599,2,SCOOP,purple,LEVEL,,,0.11023,1.99065,0.12442,PCK-00-151922-5,Main,
FV4067A - [BNL] - Honey Miso Chicken & Scallion Rice,REC-022729-4-003,R,1,portions,Honey Miso Chicken chunk Batch,S,,100,grams,,SUB-023339-4-001,MARINADE / OVEN / BLAST CHILLER,,"SCHWEFELDIOXIDE UND SULFITE, SOJA",,0.66257,1,SCOOP,grey,LEVEL,,,0.22046,5.32385,0.33274,PCK-00-151922-5,Main,
FV4067A - [BNL] - Honey Miso Chicken & Scallion Rice,REC-022729-4-003,R,1,portions,Toasted Sesame Seeds,S,,5,grams,,SUB-033414-4-001,OVEN / BLAST CHILLER,,SESAMSAMEN,,0.97,,,,,,,0.01102,0.18182,0.01136,PCK-00-151922-5,Main,

FV4067A - [DE] - Honey Miso Chicken & Scallion Rice,REC-022729-4-002,R,1,portions,Honey Miso Sauce,S,,40,grams,,SUB-022730-4-001,SPICE PORTIONING / IMMERSION BLENDER / BRAISER / BLAST CHILLER,"*PLATTING INSTRUCTIONS***
 One Compartment 

MAIN 
COMPARTMENT 
(from bottom to top)

 40g (CUP- Corner of Bento) Miso Honey Sauce 

1. 130g Rice 
2. 70g Carrots 
3. 50g Edamame 
4. 100g Chicken 
6. 5g sesame seeds Net Weight: 395g

","SCHWEFELDIOXIDE UND SULFITE, SESAMSAMEN, SOJA",,0.80008,,,,,,,0.08818,1.76352,0.11022,PCK-00-151922-5,Main,
FV4067A - [DE] - Honey Miso Chicken & Scallion Rice,REC-022729-4-002,R,1,portions,Garlic-Ginger-Green Onion Wild Rice,S,,130,grams,,SUB-022732-4-001,OVEN / HAND MIX / BLAST CHILLER,,SCHWEFELDIOXIDE UND SULFITE,,1.00047,1,SCOOP,grey,LEVEL,,,0.2866,4.58348,0.28647,PCK-00-151922-5,Main,
FV4067A - [DE] - Honey Miso Chicken & Scallion Rice,REC-022729-4-002,R,1,portions,Garlic Carrot Coins,S,,70,grams,,SUB-023337-4-001,OVEN / BLAST CHILLER,,SCHWEFELDIOXIDE UND SULFITE,,0.67999,2,SCOOP,red,LEVEL,,,0.15432,3.63123,0.22695,PCK-00-151922-5,Main,
FV4067A - [DE] - Honey Miso Chicken & Scallion Rice,REC-022729-4-002,R,1,portions,Steamed Edamame,S,,50,grams,,SUB-023338-4-001,OVEN / BLAST CHILLER,,SOJA,,0.88599,2,SCOOP,purple,LEVEL,,,0.11023,1.99065,0.12442,PCK-00-151922-5,Main,
FV4067A - [DE] - Honey Miso Chicken & Scallion Rice,REC-022729-4-002,R,1,portions,Honey Miso Chicken chunk Batch,S,,100,grams,,SUB-023339-4-001,MARINADE / OVEN / BLAST CHILLER,,"SCHWEFELDIOXIDE UND SULFITE, SOJA",,0.66257,1,SCOOP,grey,LEVEL,,,0.22046,5.32385,0.33274,PCK-00-151922-5,Main,
FV4067A - [DE] - Honey Miso Chicken & Scallion Rice,REC-022729-4-002,R,1,portions,Toasted Sesame Seeds,S,,5,grams,,SUB-033414-4-001,OVEN / BLAST CHILLER,,SESAMSAMEN,,0.97,,,,,,,0.01102,0.18182,0.01136,PCK-00-151922-5,Main,

FV4067A - [DKSE] - Honey Miso Chicken & Scallion Rice,REC-022729-4-001,R,1,portions,Honey Miso Sauce,S,,40,grams,,SUB-022730-4-001,SPICE PORTIONING / IMMERSION BLENDER / BRAISER / BLAST CHILLER,"*PLATTING INSTRUCTIONS***
 One Compartment 

MAIN 
COMPARTMENT 
(from bottom to top)

 40g (CUP- Corner of Bento) Miso Honey Sauce 

1. 130g Rice 
2. 70g Carrots 
3. 50g Edamame 
4. 100g Chicken 
6. 5g sesame seeds Net Weight: 395g

","SCHWEFELDIOXIDE UND SULFITE, SESAMSAMEN, SOJA",,0.80008,,,,,,,0.08818,1.76352,0.11022,PCK-00-151922-5,Main,
FV4067A - [DKSE] - Honey Miso Chicken & Scallion Rice,REC-022729-4-001,R,1,portions,Garlic-Ginger-Green Onion Wild Rice,S,,130,grams,,SUB-022732-4-001,OVEN / HAND MIX / BLAST CHILLER,,SCHWEFELDIOXIDE UND SULFITE,,1.00047,1,SCOOP,grey,LEVEL,,,0.2866,4.58348,0.28647,PCK-00-151922-5,Main,
FV4067A - [DKSE] - Honey Miso Chicken & Scallion Rice,REC-022729-4-001,R,1,portions,Garlic Carrot Coins,S,,70,grams,,SUB-023337-4-001,OVEN / BLAST CHILLER,,SCHWEFELDIOXIDE UND SULFITE,,0.67999,2,SCOOP,red,LEVEL,,,0.15432,3.63123,0.22695,PCK-00-151922-5,Main,
FV4067A - [DKSE] - Honey Miso Chicken & Scallion Rice,REC-022729-4-001,R,1,portions,Steamed Edamame,S,,50,grams,,SUB-023338-4-001,OVEN / BLAST CHILLER,,SOJA,,0.88599,2,SCOOP,purple,LEVEL,,,0.11023,1.99065,0.12442,PCK-00-151922-5,Main,
FV4067A - [DKSE] - Honey Miso Chicken & Scallion Rice,REC-022729-4-001,R,1,portions,Honey Miso Chicken chunk Batch,S,,100,grams,,SUB-023339-4-001,MARINADE / OVEN / BLAST CHILLER,,"SCHWEFELDIOXIDE UND SULFITE, SOJA",,0.66257,1,SCOOP,grey,LEVEL,,,0.22046,5.32385,0.33274,PCK-00-151922-5,Main,
FV4067A - [DKSE] - Honey Miso Chicken & Scallion Rice,REC-022729-4-001,R,1,portions,Toasted Sesame Seeds,S,,5,grams,,SUB-033414-4-001,OVEN / BLAST CHILLER,,SESAMSAMEN,,0.97,,,,,,,0.01102,0.18182,0.01136,PCK-00-151922-5,Main,

FV4067B - [BNL] - Honey Miso Chicken & Scallion Rice,REC-022729-4-004,R,1,portions,Honey Miso Sauce,S,,40,grams,,SUB-022730-4-001,SPICE PORTIONING / IMMERSION BLENDER / BRAISER / BLAST CHILLER,"*PLATTING INSTRUCTIONS***
 One Compartment 

MAIN 
COMPARTMENT 
(from bottom to top)

CUPPED 40g 

130 g Rice 
70 g Carrot
50 g Edamame
100 g Chicken
5 g sesame 

Net Weight:  395g

","SCHWEFELDIOXIDE UND SULFITE, SESAMSAMEN, SOJA",,0.80008,,,,,,,0.08818,1.76352,0.11022,PCK-00-151922-5,Main,
FV4067B - [BNL] - Honey Miso Chicken & Scallion Rice,REC-022729-4-004,R,1,portions,Garlic-Ginger-Green Onion Brown + Wild Rice MIX,S,,130,grams,,SUB-022732-4-003,PLANETARY MIXER,,SCHWEFELDIOXIDE UND SULFITE,,0.95,,,,,,,0.2866,4.82697,0.30169,PCK-00-151922-5,Main,
FV4067B - [BNL] - Honey Miso Chicken & Scallion Rice,REC-022729-4-004,R,1,portions,Garlic Carrot Coins,S,,70,grams,,SUB-023337-4-001,OVEN / BLAST CHILLER,,SCHWEFELDIOXIDE UND SULFITE,,0.67999,2,SCOOP,red,LEVEL,,,0.15432,3.63123,0.22695,PCK-00-151922-5,Main,
FV4067B - [BNL] - Honey Miso Chicken & Scallion Rice,REC-022729-4-004,R,1,portions,Steamed Edamame,S,,50,grams,,SUB-023338-4-001,OVEN / BLAST CHILLER,,SOJA,,0.88599,2,SCOOP,purple,LEVEL,,,0.11023,1.99065,0.12442,PCK-00-151922-5,Main,
FV4067B - [BNL] - Honey Miso Chicken & Scallion Rice,REC-022729-4-004,R,1,portions,Honey Miso Chicken chunk Batch,S,,100,grams,,SUB-023339-4-001,MARINADE / OVEN / BLAST CHILLER,,"SCHWEFELDIOXIDE UND SULFITE, SOJA",,0.66257,1,SCOOP,grey,LEVEL,,,0.22046,5.32385,0.33274,PCK-00-151922-5,Main,
FV4067B - [BNL] - Honey Miso Chicken & Scallion Rice,REC-022729-4-004,R,1,portions,Toasted Sesame Seeds,S,,5,grams,,SUB-033414-4-001,OVEN / BLAST CHILLER,,SESAMSAMEN,,0.97,,,,,,,0.01102,0.18182,0.01136,PCK-00-151922-5,Main,

FV4067B - [DE] - Honey Miso Chicken & Scallion Rice,REC-022729-4-005,R,1,portions,Honey Miso Sauce,S,,40,grams,,SUB-022730-4-001,SPICE PORTIONING / IMMERSION BLENDER / BRAISER / BLAST CHILLER,"*PLATTING INSTRUCTIONS***
 One Compartment 

MAIN 
COMPARTMENT 
(from bottom to top)

CUPPED 40G

130 g Rice 
70 g Carrots
50 g Edamame
100 g Chicken
5 g Sesame 

Meal weight: 395 g



","SCHWEFELDIOXIDE UND SULFITE, SESAMSAMEN, SOJA",,0.80008,,,,,,,0.08818,1.76352,0.11022,PCK-00-151922-5,Main,
FV4067B - [DE] - Honey Miso Chicken & Scallion Rice,REC-022729-4-005,R,1,portions,Garlic-Ginger-Green Onion Brown + Wild Rice MIX,S,,130,grams,,SUB-022732-4-003,PLANETARY MIXER,,SCHWEFELDIOXIDE UND SULFITE,,0.95,,,,,,,0.2866,4.82697,0.30169,PCK-00-151922-5,Main,
FV4067B - [DE] - Honey Miso Chicken & Scallion Rice,REC-022729-4-005,R,1,portions,Garlic Carrot Coins,S,,70,grams,,SUB-023337-4-001,OVEN / BLAST CHILLER,,SCHWEFELDIOXIDE UND SULFITE,,0.67999,2,SCOOP,red,LEVEL,,,0.15432,3.63123,0.22695,PCK-00-151922-5,Main,
FV4067B - [DE] - Honey Miso Chicken & Scallion Rice,REC-022729-4-005,R,1,portions,Steamed Edamame,S,,50,grams,,SUB-023338-4-001,OVEN / BLAST CHILLER,,SOJA,,0.88599,2,SCOOP,purple,LEVEL,,,0.11023,1.99065,0.12442,PCK-00-151922-5,Main,
FV4067B - [DE] - Honey Miso Chicken & Scallion Rice,REC-022729-4-005,R,1,portions,Honey Miso Chicken chunk Batch,S,,100,grams,,SUB-023339-4-001,MARINADE / OVEN / BLAST CHILLER,,"SCHWEFELDIOXIDE UND SULFITE, SOJA",,0.66257,1,SCOOP,grey,LEVEL,,,0.22046,5.32385,0.33274,PCK-00-151922-5,Main,
FV4067B - [DE] - Honey Miso Chicken & Scallion Rice,REC-022729-4-005,R,1,portions,Toasted Sesame Seeds,S,,5,grams,,SUB-033414-4-001,OVEN / BLAST CHILLER,,SESAMSAMEN,,0.97,,,,,,,0.01102,0.18182,0.01136,PCK-00-151922-5,Main,

FV4067B - [DK/SE] - Honey Miso Chicken & Scallion Rice,REC-022729-4-006,R,1,portions,Garlic-Ginger-Green Onion Brown + Wild Rice MIX,S,,130,grams,,SUB-022732-4-003,PLANETARY MIXER,"*PLATTING INSTRUCTIONS***
 One Compartment 

MAIN 
COMPARTMENT 
(from bottom to top)

130 g Rice 
70 g Carrots
50 g Edamame 
100 g Chicken 
60 g Sauce 
5 g Sesame 

Mealweight: 415

",SCHWEFELDIOXIDE UND SULFITE,,0.95,,,,,,,0.2866,4.82697,0.30169,PCK-00-151922-5,Main,
FV4067B - [DK/SE] - Honey Miso Chicken & Scallion Rice,REC-022729-4-006,R,1,portions,Garlic Carrot Coins,S,,70,grams,,SUB-023337-4-001,OVEN / BLAST CHILLER,,SCHWEFELDIOXIDE UND SULFITE,,0.67999,2,SCOOP,red,LEVEL,,,0.15432,3.63123,0.22695,PCK-00-151922-5,Main,
FV4067B - [DK/SE] - Honey Miso Chicken & Scallion Rice,REC-022729-4-006,R,1,portions,Steamed Edamame,S,,50,grams,,SUB-023338-4-001,OVEN / BLAST CHILLER,,SOJA,,0.88599,2,SCOOP,purple,LEVEL,,,0.11023,1.99065,0.12442,PCK-00-151922-5,Main,
FV4067B - [DK/SE] - Honey Miso Chicken & Scallion Rice,REC-022729-4-006,R,1,portions,Honey Miso Chicken chunk Batch,S,,100,grams,,SUB-023339-4-001,MARINADE / OVEN / BLAST CHILLER,,"SCHWEFELDIOXIDE UND SULFITE, SOJA",,0.66257,1,SCOOP,grey,LEVEL,,,0.22046,5.32385,0.33274,PCK-00-151922-5,Main,
FV4067B - [DK/SE] - Honey Miso Chicken & Scallion Rice,REC-022729-4-006,R,1,portions,Honey Miso Sauce,S,,60,grams,,SUB-022730-4-001,SPICE PORTIONING / IMMERSION BLENDER / BRAISER / BLAST CHILLER,,"SCHWEFELDIOXIDE UND SULFITE, SESAMSAMEN, SOJA",,0.80008,,,,,,,0.13228,2.64528,0.16533,PCK-00-151922-5,Main,
FV4067B - [DK/SE] - Honey Miso Chicken & Scallion Rice,REC-022729-4-006,R,1,portions,Toasted Sesame Seeds,S,,5,grams,,SUB-033414-4-001,OVEN / BLAST CHILLER,,SESAMSAMEN,,0.97,,,,,,,0.01102,0.18182,0.01136,PCK-00-151922-5,Main,

FV4067C - [BNL] -  Honey Miso Chicken & Scallion Rice - Basmati and heated Sauce,REC-022729-4-007,R,1,portions,Garlic-Ginger-Green Onion Basmati Rice,S,,130,grams,,SUB-022732-4-004,OVEN / HAND MIX / BLAST CHILLER,"*PLATTING INSTRUCTIONS***
 One Compartment 

MAIN 
COMPARTMENT 
(from bottom to top)



1. 130g Rice 
2. 50g Carrots 
3. 70g Edamame 
4. 100g Chicken 
5. 60g Honey miso sauce
6. 5g sesame seeds

Net Weight: 415 g

",SCHWEFELDIOXIDE UND SULFITE,,1.00047,,,,,,,0.2866,4.58348,0.28647,PCK-00-151922-5,Main,
FV4067C - [BNL] -  Honey Miso Chicken & Scallion Rice - Basmati and heated Sauce,REC-022729-4-007,R,1,portions,Garlic Carrot Coins,S,,50,grams,,SUB-023337-4-001,OVEN / BLAST CHILLER,,SCHWEFELDIOXIDE UND SULFITE,,0.67999,2,SCOOP,red,LEVEL,,,0.11023,2.59373,0.16211,PCK-00-151922-5,Main,
FV4067C - [BNL] -  Honey Miso Chicken & Scallion Rice - Basmati and heated Sauce,REC-022729-4-007,R,1,portions,Steamed Edamame,S,,70,grams,,SUB-023338-4-001,OVEN / BLAST CHILLER,,SOJA,,0.88599,2,SCOOP,purple,LEVEL,,,0.15432,2.78691,0.17418,PCK-00-151922-5,Main,
FV4067C - [BNL] -  Honey Miso Chicken & Scallion Rice - Basmati and heated Sauce,REC-022729-4-007,R,1,portions,Honey Miso Chicken chunk Batch,S,,100,grams,,SUB-023339-4-001,MARINADE / OVEN / BLAST CHILLER,,"SCHWEFELDIOXIDE UND SULFITE, SOJA",,0.66257,1,SCOOP,grey,LEVEL,,,0.22046,5.32385,0.33274,PCK-00-151922-5,Main,
FV4067C - [BNL] -  Honey Miso Chicken & Scallion Rice - Basmati and heated Sauce,REC-022729-4-007,R,1,portions,Honey Miso Sauce,S,,60,grams,,SUB-022730-4-001,SPICE PORTIONING / IMMERSION BLENDER / BRAISER / BLAST CHILLER,,"SCHWEFELDIOXIDE UND SULFITE, SESAMSAMEN, SOJA",,0.80008,,,,,,,0.13228,2.64528,0.16533,PCK-00-151922-5,Main,
FV4067C - [BNL] -  Honey Miso Chicken & Scallion Rice - Basmati and heated Sauce,REC-022729-4-007,R,1,portions,Toasted Sesame Seeds,S,,5,grams,,SUB-033414-4-001,OVEN / BLAST CHILLER,,SESAMSAMEN,,0.97,,,,,,,0.01102,0.18182,0.01136,PCK-00-151922-5,Main,

FV4067C - [DE] -  Honey Miso Chicken & Scallion Rice - Basmati and heated Sauce,REC-022729-4-008,R,1,portions,Garlic-Ginger-Green Onion Basmati Rice,S,,130,grams,,SUB-022732-4-004,OVEN / HAND MIX / BLAST CHILLER,"*PLATTING INSTRUCTIONS***
 One Compartment 

MAIN 
COMPARTMENT 
(from bottom to top)



1. 130g Rice 
2. 50g Carrots 
3. 70g Edamame 
4. 100g Chicken 
5. 60g Honey miso sauce
6. 5g sesame seeds

Net Weight: 415 g

",SCHWEFELDIOXIDE UND SULFITE,,1.00047,,,,,,,0.2866,4.58348,0.28647,PCK-00-151922-5,Main,
FV4067C - [DE] -  Honey Miso Chicken & Scallion Rice - Basmati and heated Sauce,REC-022729-4-008,R,1,portions,Garlic Carrot Coins,S,,50,grams,,SUB-023337-4-001,OVEN / BLAST CHILLER,,SCHWEFELDIOXIDE UND SULFITE,,0.67999,2,SCOOP,red,LEVEL,,,0.11023,2.59373,0.16211,PCK-00-151922-5,Main,
FV4067C - [DE] -  Honey Miso Chicken & Scallion Rice - Basmati and heated Sauce,REC-022729-4-008,R,1,portions,Steamed Edamame,S,,70,grams,,SUB-023338-4-001,OVEN / BLAST CHILLER,,SOJA,,0.88599,2,SCOOP,purple,LEVEL,,,0.15432,2.78691,0.17418,PCK-00-151922-5,Main,
FV4067C - [DE] -  Honey Miso Chicken & Scallion Rice - Basmati and heated Sauce,REC-022729-4-008,R,1,portions,Honey Miso Chicken chunk Batch,S,,100,grams,,SUB-023339-4-001,MARINADE / OVEN / BLAST CHILLER,,"SCHWEFELDIOXIDE UND SULFITE, SOJA",,0.66257,1,SCOOP,grey,LEVEL,,,0.22046,5.32385,0.33274,PCK-00-151922-5,Main,
FV4067C - [DE] -  Honey Miso Chicken & Scallion Rice - Basmati and heated Sauce,REC-022729-4-008,R,1,portions,Honey Miso Sauce,S,,60,grams,,SUB-022730-4-001,SPICE PORTIONING / IMMERSION BLENDER / BRAISER / BLAST CHILLER,,"SCHWEFELDIOXIDE UND SULFITE, SESAMSAMEN, SOJA",,0.80008,,,,,,,0.13228,2.64528,0.16533,PCK-00-151922-5,Main,
FV4067C - [DE] -  Honey Miso Chicken & Scallion Rice - Basmati and heated Sauce,REC-022729-4-008,R,1,portions,Toasted Sesame Seeds,S,,5,grams,,SUB-033414-4-001,OVEN / BLAST CHILLER,,SESAMSAMEN,,0.97,,,,,,,0.01102,0.18182,0.01136,PCK-00-151922-5,Main,

FV4067C - [DK/SE] -  Honey Miso Chicken & Scallion Rice - Basmati and heated Sauce,REC-022729-4-009,R,1,portions,Garlic-Ginger-Green Onion Basmati Rice,S,,130,grams,,SUB-022732-4-004,OVEN / HAND MIX / BLAST CHILLER,"*PLATTING INSTRUCTIONS***
 One Compartment 

MAIN 
COMPARTMENT 
(from bottom to top)



1. 130g Rice 
2. 50g Carrots 
3. 70g Edamame 
4. 100g Chicken 
5. 60g Honey miso sauce
6. 5g sesame seeds

Net Weight: 415 g

",SCHWEFELDIOXIDE UND SULFITE,,1.00047,,,,,,,0.2866,4.58348,0.28647,PCK-00-151922-5,Main,
FV4067C - [DK/SE] -  Honey Miso Chicken & Scallion Rice - Basmati and heated Sauce,REC-022729-4-009,R,1,portions,Garlic Carrot Coins,S,,50,grams,,SUB-023337-4-001,OVEN / BLAST CHILLER,,SCHWEFELDIOXIDE UND SULFITE,,0.67999,2,SCOOP,red,LEVEL,,,0.11023,2.59373,0.16211,PCK-00-151922-5,Main,
FV4067C - [DK/SE] -  Honey Miso Chicken & Scallion Rice - Basmati and heated Sauce,REC-022729-4-009,R,1,portions,Steamed Edamame,S,,70,grams,,SUB-023338-4-001,OVEN / BLAST CHILLER,,SOJA,,0.88599,2,SCOOP,purple,LEVEL,,,0.15432,2.78691,0.17418,PCK-00-151922-5,Main,
FV4067C - [DK/SE] -  Honey Miso Chicken & Scallion Rice - Basmati and heated Sauce,REC-022729-4-009,R,1,portions,Honey Miso Chicken chunk Batch,S,,100,grams,,SUB-023339-4-001,MARINADE / OVEN / BLAST CHILLER,,"SCHWEFELDIOXIDE UND SULFITE, SOJA",,0.66257,1,SCOOP,grey,LEVEL,,,0.22046,5.32385,0.33274,PCK-00-151922-5,Main,
FV4067C - [DK/SE] -  Honey Miso Chicken & Scallion Rice - Basmati and heated Sauce,REC-022729-4-009,R,1,portions,Honey Miso Sauce,S,,60,grams,,SUB-022730-4-001,SPICE PORTIONING / IMMERSION BLENDER / BRAISER / BLAST CHILLER,,"SCHWEFELDIOXIDE UND SULFITE, SESAMSAMEN, SOJA",,0.80008,,,,,,,0.13228,2.64528,0.16533,PCK-00-151922-5,Main,
FV4067C - [DK/SE] -  Honey Miso Chicken & Scallion Rice - Basmati and heated Sauce,REC-022729-4-009,R,1,portions,Toasted Sesame Seeds,S,,5,grams,,SUB-033414-4-001,OVEN / BLAST CHILLER,,SESAMSAMEN,,0.97,,,,,,,0.01102,0.18182,0.01136,PCK-00-151922-5,Main,

FV4071A - [BNL] Pulled Jerk Chicken & Rice,REC-030406-4-001,R,1,portions,Coconut Rice & Red Beans,S,,170,grams,,SUB-030404-4-001,PLANETARY MIXER,"***PLATING INSTRUCTIONS***
(From the bottom to the top)

3 Compartment

MAIN COMPARTMENT
170g = coconut rice 
125g = jerk chicken
5gr = green onions
","SCHWEFELDIOXIDE UND SULFITE, SELLERIE",,0.98689,,,,,,,0.37479,6.07621,0.37976,PCK-00-151924-5,Main,
FV4071A - [BNL] Pulled Jerk Chicken & Rice,REC-030406-4-001,R,1,portions,Jerk Chicken Thighs,S,,125,grams,,SUB-030373-4-001,UNCATEGORIZED BOM,,"SCHWEFELDIOXIDE UND SULFITE, SOJA",,0.60581,,,,,,,0.27558,7.27833,0.4549,PCK-00-151924-5,Main,
FV4071A - [BNL] Pulled Jerk Chicken & Rice,REC-030406-4-001,R,1,portions,"FA-DE Onion, Green, Sliced 5mm /Zwiebel, grün, in Scheiben geschnitten, 5 mm",I,PHF-00-149803-3,5,grams,,,,,,,,,,,,,,0.01102,0.17637,0.01102,PCK-00-151924-5,Main,
FV4071A - [BNL] Pulled Jerk Chicken & Rice,REC-030406-4-001,R,1,portions,Roasted Sweet Potatoes -Diced -Less fat,S,,95,grams,,SUB-033798-4-001,OVEN / BLAST CHILLER,"2ND COMPARTMENT

95g = roasted sweet potato",,,0.70316,,,,,,,0.20944,4.76568,0.29786,PCK-00-151924-5,2nd,
FV4071A - [BNL] Pulled Jerk Chicken & Rice,REC-030406-4-001,R,1,portions,Mango Sauce,S,,30,grams,,SUB-030405-4-001,SPICE PORTIONING / IMMERSION BLENDER / BRAISER / BLAST CHILLER,"3RD COMPARTMENT

30g = Mango Sauce

Net Weight 425g",SCHWEFELDIOXIDE UND SULFITE,,0.93126,,,,,,,0.06614,1.13633,0.07102,PCK-00-151924-5,3rd,

FV4071A - [DE] Pulled Jerk Chicken & Rice,REC-030406-4-002,R,1,portions,Coconut Rice & Red Beans,S,,170,grams,,SUB-030404-4-001,PLANETARY MIXER,"***PLATING INSTRUCTIONS***
(From the bottom to the top)

3 Compartment

MAIN COMPARTMENT
170g = coconut rice 
125g = jerk chicken
5gr = green onions
","SCHWEFELDIOXIDE UND SULFITE, SELLERIE",,0.98689,,,,,,,0.37479,6.07621,0.37976,PCK-00-151924-5,Main,
FV4071A - [DE] Pulled Jerk Chicken & Rice,REC-030406-4-002,R,1,portions,Jerk Chicken Thighs,S,,125,grams,,SUB-030373-4-001,UNCATEGORIZED BOM,,"SCHWEFELDIOXIDE UND SULFITE, SOJA",,0.60581,,,,,,,0.27558,7.27833,0.4549,PCK-00-151924-5,Main,
FV4071A - [DE] Pulled Jerk Chicken & Rice,REC-030406-4-002,R,1,portions,"FA-DE Onion, Green, Sliced 5mm /Zwiebel, grün, in Scheiben geschnitten, 5 mm",I,PHF-00-149803-3,5,grams,,,,,,,,,,,,,,0.01102,0.17637,0.01102,PCK-00-151924-5,Main,
FV4071A - [DE] Pulled Jerk Chicken & Rice,REC-030406-4-002,R,1,portions,Roasted Sweet Potatoes -Diced -Less fat,S,,95,grams,,SUB-033798-4-001,OVEN / BLAST CHILLER,"2ND COMPARTMENT

95g = roasted sweet potato",,,0.70316,,,,,,,0.20944,4.76568,0.29786,PCK-00-151924-5,2nd,
FV4071A - [DE] Pulled Jerk Chicken & Rice,REC-030406-4-002,R,1,portions,Mango Sauce,S,,30,grams,,SUB-030405-4-001,SPICE PORTIONING / IMMERSION BLENDER / BRAISER / BLAST CHILLER,"3RD COMPARTMENT

30g = Mango Sauce

Net Weight 425g",SCHWEFELDIOXIDE UND SULFITE,,0.93126,,,,,,,0.06614,1.13633,0.07102,PCK-00-151924-5,3rd,

FV4071A - [DSKE] Pulled Jerk Chicken & Rice,REC-030406-4-003,R,1,portions,Coconut Rice & Red Beans,S,,170,grams,,SUB-030404-4-001,PLANETARY MIXER,"***PLATING INSTRUCTIONS***
(From the bottom to the top)

3 Compartment

MAIN COMPARTMENT
170g = coconut rice 
125g = jerk chicken
5gr = green onions
","SCHWEFELDIOXIDE UND SULFITE, SELLERIE",,0.98689,,,,,,,0.37479,6.07621,0.37976,PCK-00-151924-5,Main,
FV4071A - [DSKE] Pulled Jerk Chicken & Rice,REC-030406-4-003,R,1,portions,Jerk Chicken Thighs,S,,125,grams,,SUB-030373-4-001,UNCATEGORIZED BOM,,"SCHWEFELDIOXIDE UND SULFITE, SOJA",,0.60581,,,,,,,0.27558,7.27833,0.4549,PCK-00-151924-5,Main,
FV4071A - [DSKE] Pulled Jerk Chicken & Rice,REC-030406-4-003,R,1,portions,"FA-DE Onion, Green, Sliced 5mm /Zwiebel, grün, in Scheiben geschnitten, 5 mm",I,PHF-00-149803-3,5,grams,,,,,,,,,,,,,,0.01102,0.17637,0.01102,PCK-00-151924-5,Main,
FV4071A - [DSKE] Pulled Jerk Chicken & Rice,REC-030406-4-003,R,1,portions,Roasted Sweet Potatoes -Diced -Less fat,S,,95,grams,,SUB-033798-4-001,OVEN / BLAST CHILLER,"2ND COMPARTMENT

95g = roasted sweet potato",,,0.70316,,,,,,,0.20944,4.76568,0.29786,PCK-00-151924-5,2nd,
FV4071A - [DSKE] Pulled Jerk Chicken & Rice,REC-030406-4-003,R,1,portions,Mango Sauce,S,,30,grams,,SUB-030405-4-001,SPICE PORTIONING / IMMERSION BLENDER / BRAISER / BLAST CHILLER,"3RD COMPARTMENT

30g = Mango Sauce

Net Weight 425g",SCHWEFELDIOXIDE UND SULFITE,,0.93126,,,,,,,0.06614,1.13633,0.07102,PCK-00-151924-5,3rd,

FV4072A - [BNL] - Chicken & Eggplant Mozzarella Pomodoro,REC-033689-4-001,R,1,portions,Roasted Garlic Aubergine,S,,70,grams,,SUB-033692-4-001,OVEN / BLAST CHILLER,"""**PLATING INSTRUCTIONS**                                                                                                                                       
                                                                                                                                    ** Compartment Size**                                                                                                                         
                                                                                                                                       1 : Main Compartment 
(from bottom to top)

70 g Aubergines
100 g Diced Potatoes
100 g Chicken Chunks
10 g Mozzarella


",,,0.77502,,,,,,,0.15432,3.18595,0.19912,PCK-00-151923-5,Main,
FV4072A - [BNL] - Chicken & Eggplant Mozzarella Pomodoro,REC-033689-4-001,R,1,portions,Ovenroasted Diced Potatoes Rosemary & Thyme,S,,100,grams,,SUB-033683-4-001,HAND MARINADE / OVEN / BLAST CHILLER,,,,0.46734,,,,,,,0.22046,7.54786,0.47174,PCK-00-151923-5,Main,
FV4072A - [BNL] - Chicken & Eggplant Mozzarella Pomodoro,REC-033689-4-001,R,1,portions,Diced Chicken - Garlic & Herb Marinade,S,,100,grams,,SUB-013453-4-001,MARINADE / OVEN / BLAST CHILLER,,SCHWEFELDIOXIDE UND SULFITE,,0.75582,,,,,,,0.22046,4.66701,0.29169,PCK-00-151923-5,Main,
FV4072A - [BNL] - Chicken & Eggplant Mozzarella Pomodoro,REC-033689-4-001,R,1,portions,"FA-DE Cheese, Mozzarella, Shredded /Käse, Mozzarella, gerieben",I,DAI-00-139125-3,10,grams,,,,,MILCH (EINSCHLIESSLICH LAKTOSE),,,,,,,,,0.02205,0.35274,0.02205,PCK-00-151923-5,Main,
FV4072A - [BNL] - Chicken & Eggplant Mozzarella Pomodoro,REC-033689-4-001,R,1,portions,Italian Roasted Cauliflower & Broccoli,S,,120,grams,,SUB-033699-4-001,HAND MARINADE / OVEN / BLAST CHILLER,"2 : Side Compartment 
(from bottom to top)

120 g Roasted Cauliflower & Broccoli
Net Weight : 400 g",,,0.60295,,,,,,,0.26455,7.02023,0.43876,PCK-00-151923-5,2nd,

FV4072A - [DE] - Chicken & Eggplant Mozzarella Pomodoro,REC-033689-4-002,R,1,portions,Roasted Garlic Aubergine,S,,70,grams,,SUB-033692-4-001,OVEN / BLAST CHILLER,"""**PLATING INSTRUCTIONS**                                                                                                                                       
                                                                                                                                    ** Compartment Size**                                                                                                                         
                                                                                                                                       1 : Main Compartment 
(from bottom to top)

70 g Aubergines
100 g Diced Potatoes
100 g Chicken Chunks
10 g Mozzarella


",,,0.77502,,,,,,,0.15432,3.18595,0.19912,PCK-00-151923-5,Main,
FV4072A - [DE] - Chicken & Eggplant Mozzarella Pomodoro,REC-033689-4-002,R,1,portions,Ovenroasted Diced Potatoes Rosemary & Thyme,S,,100,grams,,SUB-033683-4-001,HAND MARINADE / OVEN / BLAST CHILLER,,,,0.46734,,,,,,,0.22046,7.54786,0.47174,PCK-00-151923-5,Main,
FV4072A - [DE] - Chicken & Eggplant Mozzarella Pomodoro,REC-033689-4-002,R,1,portions,Diced Chicken - Garlic & Herb Marinade,S,,100,grams,,SUB-013453-4-001,MARINADE / OVEN / BLAST CHILLER,,SCHWEFELDIOXIDE UND SULFITE,,0.75582,,,,,,,0.22046,4.66701,0.29169,PCK-00-151923-5,Main,
FV4072A - [DE] - Chicken & Eggplant Mozzarella Pomodoro,REC-033689-4-002,R,1,portions,"FA-DE Cheese, Mozzarella, Shredded /Käse, Mozzarella, gerieben",I,DAI-00-139125-3,10,grams,,,,,MILCH (EINSCHLIESSLICH LAKTOSE),,,,,,,,,0.02205,0.35274,0.02205,PCK-00-151923-5,Main,
FV4072A - [DE] - Chicken & Eggplant Mozzarella Pomodoro,REC-033689-4-002,R,1,portions,Italian Roasted Cauliflower & Broccoli,S,,120,grams,,SUB-033699-4-001,HAND MARINADE / OVEN / BLAST CHILLER,"2 : Side Compartment 
(from bottom to top)

120 g Roasted Cauliflower & Broccoli
Net Weight : 400 g",,,0.60295,,,,,,,0.26455,7.02023,0.43876,PCK-00-151923-5,2nd,

FV4072A - [DK/SE] - Chicken & Eggplant Mozzarella Pomodoro,REC-033689-4-003,R,1,portions,Roasted Garlic Aubergine,S,,70,grams,,SUB-033692-4-001,OVEN / BLAST CHILLER,"""**PLATING INSTRUCTIONS**                                                                                                                                       
                                                                                                                                    ** Compartment Size**                                                                                                                         
                                                                                                                                       1 : Main Compartment 
(from bottom to top)

70 g Aubergines
100 g Diced Potatoes
100 g Chicken Chunks
10 g Mozzarella


",,,0.77502,,,,,,,0.15432,3.18595,0.19912,PCK-00-151923-5,Main,
FV4072A - [DK/SE] - Chicken & Eggplant Mozzarella Pomodoro,REC-033689-4-003,R,1,portions,Ovenroasted Diced Potatoes Rosemary & Thyme,S,,100,grams,,SUB-033683-4-001,HAND MARINADE / OVEN / BLAST CHILLER,,,,0.46734,,,,,,,0.22046,7.54786,0.47174,PCK-00-151923-5,Main,
FV4072A - [DK/SE] - Chicken & Eggplant Mozzarella Pomodoro,REC-033689-4-003,R,1,portions,Diced Chicken - Garlic & Herb Marinade,S,,100,grams,,SUB-013453-4-001,MARINADE / OVEN / BLAST CHILLER,,SCHWEFELDIOXIDE UND SULFITE,,0.75582,,,,,,,0.22046,4.66701,0.29169,PCK-00-151923-5,Main,
FV4072A - [DK/SE] - Chicken & Eggplant Mozzarella Pomodoro,REC-033689-4-003,R,1,portions,"FA-DE Cheese, Mozzarella, Shredded /Käse, Mozzarella, gerieben",I,DAI-00-139125-3,10,grams,,,,,MILCH (EINSCHLIESSLICH LAKTOSE),,,,,,,,,0.02205,0.35274,0.02205,PCK-00-151923-5,Main,
FV4072A - [DK/SE] - Chicken & Eggplant Mozzarella Pomodoro,REC-033689-4-003,R,1,portions,Italian Roasted Cauliflower & Broccoli,S,,120,grams,,SUB-033699-4-001,HAND MARINADE / OVEN / BLAST CHILLER,"2 : Side Compartment 
(from bottom to top)

120 g Roasted Cauliflower & Broccoli
Net Weight : 400 g",,,0.60295,,,,,,,0.26455,7.02023,0.43876,PCK-00-151923-5,2nd,

FV4073A - [BNL] - Caprese Chicken Penne,REC-033703-4-002,R,1,portions,Steamed Spinach,S,,40,grams,,SUB-032944-4-001,OVEN / BLAST CHILLER,"***PLATTING INSTRUCTIONS***

1 Compartment Bento

MAIN COMPARTMENT

40g Steamed Spinach
100g Penne
60g Pesto Cream
110g Chicken Chunks
60g Bruchetta Tomato Mix
15g Mozzarella

Net Weight: 385g",,,0.8286,,,,,,,0.08818,1.70282,0.10643,PCK-00-151922-5,Main,
FV4073A - [BNL] - Caprese Chicken Penne,REC-033703-4-002,R,1,portions,"FA-DE Pasta, Whole Wheat, Penne IQF/Nudeln, vollkorn, IQF",I,PRO-00-139304-1,100,grams,,,,,"GLUTENHALTIGES GETREIDE, WEIZEN",,,,,,,,,0.22046,3.5274,0.22046,PCK-00-151922-5,Main,
FV4073A - [BNL] - Caprese Chicken Penne,REC-033703-4-002,R,1,portions,Pesto Cream Sauce (low fat),S,,60,grams,,SUB-033701-4-001,SPICE PORTIONING / BRAISER / BLAST CHILLER,,"MILCH (EINSCHLIESSLICH LAKTOSE), SCHALENFRÜCHTE, WALNÜSSE",,0.91427,,,,,,,0.13228,2.31491,0.14468,PCK-00-151922-5,Main,
FV4073A - [BNL] - Caprese Chicken Penne,REC-033703-4-002,R,1,portions,Diced Chicken - Garlic & Herb Marinade,S,,110,grams,,SUB-013453-4-001,MARINADE / OVEN / BLAST CHILLER,,SCHWEFELDIOXIDE UND SULFITE,,0.75582,,,,,,,0.24251,5.13371,0.32086,PCK-00-151922-5,Main,
FV4073A - [BNL] - Caprese Chicken Penne,REC-033703-4-002,R,1,portions,Bruschetta Tomato,S,,60,grams,,SUB-033700-4-001,OVEN / BLAST CHILLER,,SCHWEFELDIOXIDE UND SULFITE,,0.69979,,,,,,,0.13228,3.02437,0.18902,PCK-00-151922-5,Main,
FV4073A - [BNL] - Caprese Chicken Penne,REC-033703-4-002,R,1,portions,"FA-DE Cheese, Mozzarella, Shredded /Käse, Mozzarella, gerieben",I,DAI-00-139125-3,15,grams,,,,,MILCH (EINSCHLIESSLICH LAKTOSE),,,,,,,,,0.03307,0.52911,0.03307,PCK-00-151922-5,Main,

FV4073A - [DE] - Caprese Chicken Penne,REC-033703-4-003,R,1,portions,Steamed Spinach,S,,40,grams,,SUB-032944-4-001,OVEN / BLAST CHILLER,"***PLATTING INSTRUCTIONS***

1 Compartment Bento

MAIN COMPARTMENT

40g Steamed Spinach
100g Penne
60g Pesto Cream
110g Chicken Chunks
60g Bruchetta Tomato Mix
15g Mozzarella

Net Weight: 385g",,,0.8286,,,,,,,0.08818,1.70282,0.10643,PCK-00-151922-5,Main,
FV4073A - [DE] - Caprese Chicken Penne,REC-033703-4-003,R,1,portions,"FA-DE Pasta, Whole Wheat, Penne IQF/Nudeln, vollkorn, IQF",I,PRO-00-139304-1,100,grams,,,,,"GLUTENHALTIGES GETREIDE, WEIZEN",,,,,,,,,0.22046,3.5274,0.22046,PCK-00-151922-5,Main,
FV4073A - [DE] - Caprese Chicken Penne,REC-033703-4-003,R,1,portions,Pesto Cream Sauce (low fat),S,,60,grams,,SUB-033701-4-001,SPICE PORTIONING / BRAISER / BLAST CHILLER,,"MILCH (EINSCHLIESSLICH LAKTOSE), SCHALENFRÜCHTE, WALNÜSSE",,0.91427,,,,,,,0.13228,2.31491,0.14468,PCK-00-151922-5,Main,
FV4073A - [DE] - Caprese Chicken Penne,REC-033703-4-003,R,1,portions,Diced Chicken - Garlic & Herb Marinade,S,,110,grams,,SUB-013453-4-001,MARINADE / OVEN / BLAST CHILLER,,SCHWEFELDIOXIDE UND SULFITE,,0.75582,,,,,,,0.24251,5.13371,0.32086,PCK-00-151922-5,Main,
FV4073A - [DE] - Caprese Chicken Penne,REC-033703-4-003,R,1,portions,Bruschetta Tomato,S,,60,grams,,SUB-033700-4-001,OVEN / BLAST CHILLER,,SCHWEFELDIOXIDE UND SULFITE,,0.69979,,,,,,,0.13228,3.02437,0.18902,PCK-00-151922-5,Main,
FV4073A - [DE] - Caprese Chicken Penne,REC-033703-4-003,R,1,portions,"FA-DE Cheese, Mozzarella, Shredded /Käse, Mozzarella, gerieben",I,DAI-00-139125-3,15,grams,,,,,MILCH (EINSCHLIESSLICH LAKTOSE),,,,,,,,,0.03307,0.52911,0.03307,PCK-00-151922-5,Main,

FV4073A - [DK/SE] - Caprese Chicken Penne,REC-033703-4-001,R,1,portions,Steamed Spinach,S,,40,grams,,SUB-032944-4-001,OVEN / BLAST CHILLER,"***PLATTING INSTRUCTIONS***

1 Compartment Bento

MAIN COMPARTMENT

40g Steamed Spinach
100g Penne
60g Pesto Cream
110g Chicken Chunks
60g Bruchetta Tomato Mix
15g Mozzarella

Net Weight: 385g",,,0.8286,,,,,,,0.08818,1.70282,0.10643,PCK-00-151922-5,Main,
FV4073A - [DK/SE] - Caprese Chicken Penne,REC-033703-4-001,R,1,portions,"FA-DE Pasta, Whole Wheat, Penne IQF/Nudeln, vollkorn, IQF",I,PRO-00-139304-1,100,grams,,,,,"GLUTENHALTIGES GETREIDE, WEIZEN",,,,,,,,,0.22046,3.5274,0.22046,PCK-00-151922-5,Main,
FV4073A - [DK/SE] - Caprese Chicken Penne,REC-033703-4-001,R,1,portions,Pesto Cream Sauce (low fat),S,,60,grams,,SUB-033701-4-001,SPICE PORTIONING / BRAISER / BLAST CHILLER,,"MILCH (EINSCHLIESSLICH LAKTOSE), SCHALENFRÜCHTE, WALNÜSSE",,0.91427,,,,,,,0.13228,2.31491,0.14468,PCK-00-151922-5,Main,
FV4073A - [DK/SE] - Caprese Chicken Penne,REC-033703-4-001,R,1,portions,Diced Chicken - Garlic & Herb Marinade,S,,110,grams,,SUB-013453-4-001,MARINADE / OVEN / BLAST CHILLER,,SCHWEFELDIOXIDE UND SULFITE,,0.75582,,,,,,,0.24251,5.13371,0.32086,PCK-00-151922-5,Main,
FV4073A - [DK/SE] - Caprese Chicken Penne,REC-033703-4-001,R,1,portions,Bruschetta Tomato,S,,60,grams,,SUB-033700-4-001,OVEN / BLAST CHILLER,,SCHWEFELDIOXIDE UND SULFITE,,0.69979,,,,,,,0.13228,3.02437,0.18902,PCK-00-151922-5,Main,
FV4073A - [DK/SE] - Caprese Chicken Penne,REC-033703-4-001,R,1,portions,"FA-DE Cheese, Mozzarella, Shredded /Käse, Mozzarella, gerieben",I,DAI-00-139125-3,15,grams,,,,,MILCH (EINSCHLIESSLICH LAKTOSE),,,,,,,,,0.03307,0.52911,0.03307,PCK-00-151922-5,Main,

FV4075A - [BNL] Sun-Dried Tomato Beef Ragu & Penne,REC-030515-4-001,R,1,portions,"FA-DE Pasta, Whole Wheat, Penne IQF/Nudeln, vollkorn, IQF",I,PRO-00-139304-1,90,grams,,,,"**PLATING INSTRUCTIONS***
2 Compartment Tray

MAIN COMPARTMENT
(from bottom to top)
90g Penne
140g Beef
10g Parmesan 
","GLUTENHALTIGES GETREIDE, WEIZEN",,,,,,,,,0.19842,3.17466,0.19842,PCK-00-151923-5,Main,
FV4075A - [BNL] Sun-Dried Tomato Beef Ragu & Penne,REC-030515-4-001,R,1,portions,Sun-Dried Tomato Sauce with Ground Beef,S,,140,grams,,SUB-030512-4-001,SPICE PORTIONING / IMMERSION BLENDER / BRAISER / BLAST CHILLER,,"MILCH (EINSCHLIESSLICH LAKTOSE), SCHWEFELDIOXIDE UND SULFITE",,0.85039,,,,,,,0.30865,5.80716,0.36295,PCK-00-151923-5,Main,
FV4075A - [BNL] Sun-Dried Tomato Beef Ragu & Penne,REC-030515-4-001,R,1,portions,"FA-DE Cheese, Parmesan, Grated /Käse, Parmesan, gerieben",I,DAI-00-139127-3,10,grams,,,,,MILCH (EINSCHLIESSLICH LAKTOSE),,,,,,,,,0.02205,0.35274,0.02205,PCK-00-151923-5,Main,
FV4075A - [BNL] Sun-Dried Tomato Beef Ragu & Penne,REC-030515-4-001,R,1,portions,Roasted Green Beans w/ Garlic & Balsamic,S,,80,grams,,SUB-030513-4-001,OVEN / BLAST CHILLER,"SIDE COMPARTMENT
(from bottom to top)
80g Green Beans
40g Peppers & Onions

Net Weight: 360g",SCHWEFELDIOXIDE UND SULFITE,,0.64031,,,,,,,0.17637,4.40713,0.27545,PCK-00-151923-5,2nd,
FV4075A - [BNL] Sun-Dried Tomato Beef Ragu & Penne,REC-030515-4-001,R,1,portions,Roasted Sliced Red Peppers and Red Onion - less salt,S,,40,grams,,SUB-030514-4-001,OVEN / BLAST CHILLER,,SCHWEFELDIOXIDE UND SULFITE,,0.69979,,,,,,,0.08818,2.01626,0.12602,PCK-00-151923-5,2nd,

FV4075A - [DE] Sun-Dried Tomato Beef Ragu & Penne,REC-030515-4-002,R,1,portions,"FA-DE Pasta, Whole Wheat, Penne IQF/Nudeln, vollkorn, IQF",I,PRO-00-139304-1,90,grams,,,,"**PLATING INSTRUCTIONS***
2 Compartment Tray

MAIN COMPARTMENT
(from bottom to top)
90g Penne
140g Beef
10g Parmesan 
","GLUTENHALTIGES GETREIDE, WEIZEN",,,,,,,,,0.19842,3.17466,0.19842,PCK-00-151923-5,Main,
FV4075A - [DE] Sun-Dried Tomato Beef Ragu & Penne,REC-030515-4-002,R,1,portions,Sun-Dried Tomato Sauce with Ground Beef,S,,140,grams,,SUB-030512-4-001,SPICE PORTIONING / IMMERSION BLENDER / BRAISER / BLAST CHILLER,,"MILCH (EINSCHLIESSLICH LAKTOSE), SCHWEFELDIOXIDE UND SULFITE",,0.85039,,,,,,,0.30865,5.80716,0.36295,PCK-00-151923-5,Main,
FV4075A - [DE] Sun-Dried Tomato Beef Ragu & Penne,REC-030515-4-002,R,1,portions,"FA-DE Cheese, Parmesan, Grated /Käse, Parmesan, gerieben",I,DAI-00-139127-3,10,grams,,,,,MILCH (EINSCHLIESSLICH LAKTOSE),,,,,,,,,0.02205,0.35274,0.02205,PCK-00-151923-5,Main,
FV4075A - [DE] Sun-Dried Tomato Beef Ragu & Penne,REC-030515-4-002,R,1,portions,Roasted Green Beans w/ Garlic & Balsamic,S,,80,grams,,SUB-030513-4-001,OVEN / BLAST CHILLER,"SIDE COMPARTMENT
(from bottom to top)
80g Green Beans
40g Peppers & Onions

Net Weight: 360g",SCHWEFELDIOXIDE UND SULFITE,,0.64031,,,,,,,0.17637,4.40713,0.27545,PCK-00-151923-5,2nd,
FV4075A - [DE] Sun-Dried Tomato Beef Ragu & Penne,REC-030515-4-002,R,1,portions,Roasted Sliced Red Peppers and Red Onion - less salt,S,,40,grams,,SUB-030514-4-001,OVEN / BLAST CHILLER,,SCHWEFELDIOXIDE UND SULFITE,,0.69979,,,,,,,0.08818,2.01626,0.12602,PCK-00-151923-5,2nd,

FV4075A - [DSKE] Sun-Dried Tomato Beef Ragu & Penne,REC-030515-4-003,R,1,portions,"FA-DE Pasta, Whole Wheat, Penne IQF/Nudeln, vollkorn, IQF",I,PRO-00-139304-1,90,grams,,,,"**PLATING INSTRUCTIONS***
2 Compartment Tray

MAIN COMPARTMENT
(from bottom to top)
90g Penne
140g Beef
10g Parmesan 
","GLUTENHALTIGES GETREIDE, WEIZEN",,,,,,,,,0.19842,3.17466,0.19842,PCK-00-151923-5,Main,
FV4075A - [DSKE] Sun-Dried Tomato Beef Ragu & Penne,REC-030515-4-003,R,1,portions,Sun-Dried Tomato Sauce with Ground Beef,S,,140,grams,,SUB-030512-4-001,SPICE PORTIONING / IMMERSION BLENDER / BRAISER / BLAST CHILLER,,"MILCH (EINSCHLIESSLICH LAKTOSE), SCHWEFELDIOXIDE UND SULFITE",,0.85039,,,,,,,0.30865,5.80716,0.36295,PCK-00-151923-5,Main,
FV4075A - [DSKE] Sun-Dried Tomato Beef Ragu & Penne,REC-030515-4-003,R,1,portions,"FA-DE Cheese, Parmesan, Grated /Käse, Parmesan, gerieben",I,DAI-00-139127-3,10,grams,,,,,MILCH (EINSCHLIESSLICH LAKTOSE),,,,,,,,,0.02205,0.35274,0.02205,PCK-00-151923-5,Main,
FV4075A - [DSKE] Sun-Dried Tomato Beef Ragu & Penne,REC-030515-4-003,R,1,portions,Roasted Green Beans w/ Garlic & Balsamic,S,,80,grams,,SUB-030513-4-001,OVEN / BLAST CHILLER,"SIDE COMPARTMENT
(from bottom to top)
80g Green Beans
40g Peppers & Onions

Net Weight: 360g",SCHWEFELDIOXIDE UND SULFITE,,0.64031,,,,,,,0.17637,4.40713,0.27545,PCK-00-151923-5,2nd,
FV4075A - [DSKE] Sun-Dried Tomato Beef Ragu & Penne,REC-030515-4-003,R,1,portions,Roasted Sliced Red Peppers and Red Onion - less salt,S,,40,grams,,SUB-030514-4-001,OVEN / BLAST CHILLER,,SCHWEFELDIOXIDE UND SULFITE,,0.69979,,,,,,,0.08818,2.01626,0.12602,PCK-00-151923-5,2nd,

"FV4078A -[BNL]  Moussaka-Style Ground Beef, Eggplant & Bechamel",REC-030452-4-001,R,1,portions,Roast Oregano Potatoes,S,,70,grams,,SUB-030445-4-001,OVEN / BLAST CHILLER,"***PLATING INSTRUCTIONS***
2 Compartment

MAIN COMPARTMENT
70g Potatoes (green level scoop)
40g Eggplant (yellow natural scoop)
120g Beef (grey level scoop)
60g Bechamel (blue level scoop)",,,0.58383,1,SCOOP,green,LEVEL,,,0.15432,4.22925,0.26433,PCK-00-151923-5,Main,
"FV4078A -[BNL]  Moussaka-Style Ground Beef, Eggplant & Bechamel",REC-030452-4-001,R,1,portions,Roast Oregano Eggplant,S,,40,grams,,SUB-030447-4-001,OVEN / BLAST CHILLER,,,,0.61527,,,,,,,0.08818,2.29324,0.14333,PCK-00-151923-5,Main,
"FV4078A -[BNL]  Moussaka-Style Ground Beef, Eggplant & Bechamel",REC-030452-4-001,R,1,portions,Moussaka Beef (V2),S,,120,grams,,SUB-030448-4-001,BRAISER / BLAST CHILLER,,"SCHWEFELDIOXIDE UND SULFITE, SELLERIE",,0.88522,1,SCOOP,grey,LEVEL,,,0.26455,4.78174,0.29886,PCK-00-151923-5,Main,
"FV4078A -[BNL]  Moussaka-Style Ground Beef, Eggplant & Bechamel",REC-030452-4-001,R,1,portions,Roasted Garlic Bechamel Sauce,S,,60,grams,,SUB-030450-4-001,SPICE PORTIONING / IMMERSION BLENDER / BRAISER / BLAST CHILLER,,"MILCH (EINSCHLIESSLICH LAKTOSE), SOJA",,0.86648,1,SCOOP,blue,LEVEL,,,0.13228,2.44256,0.15266,PCK-00-151923-5,Main,
"FV4078A -[BNL]  Moussaka-Style Ground Beef, Eggplant & Bechamel",REC-030452-4-001,R,1,portions,Roasted Greek Vegetables & Chickpeas (V2),S,,140,grams,,SUB-030451-4-001,HAND MARINADE / OVEN / BLAST CHILLER,"SIDE COMPARTMENT
140g Veg Mix (white level scoop)

Net Weight:  430g",SCHWEFELDIOXIDE UND SULFITE,,0.6925,1,SCOOP,white,LEVEL,,,0.30865,7.13124,0.4457,PCK-00-151923-5,2nd,

"FV4078A -[DE]  Moussaka-Style Ground Beef, Eggplant & Bechamel",REC-030452-4-003,R,1,portions,Roast Oregano Potatoes,S,,70,grams,,SUB-030445-4-001,OVEN / BLAST CHILLER,"***PLATING INSTRUCTIONS***
2 Compartment

MAIN COMPARTMENT
70g Potatoes (green level scoop)
40g Eggplant (yellow natural scoop)
120g Beef (grey level scoop)
60g Bechamel (blue level scoop)",,,0.58383,1,SCOOP,green,LEVEL,,,0.15432,4.22925,0.26433,PCK-00-151923-5,Main,
"FV4078A -[DE]  Moussaka-Style Ground Beef, Eggplant & Bechamel",REC-030452-4-003,R,1,portions,Roast Oregano Eggplant,S,,40,grams,,SUB-030447-4-001,OVEN / BLAST CHILLER,,,,0.61527,,,,,,,0.08818,2.29324,0.14333,PCK-00-151923-5,Main,
"FV4078A -[DE]  Moussaka-Style Ground Beef, Eggplant & Bechamel",REC-030452-4-003,R,1,portions,Moussaka Beef (V2),S,,120,grams,,SUB-030448-4-001,BRAISER / BLAST CHILLER,,"SCHWEFELDIOXIDE UND SULFITE, SELLERIE",,0.88522,1,SCOOP,grey,LEVEL,,,0.26455,4.78174,0.29886,PCK-00-151923-5,Main,
"FV4078A -[DE]  Moussaka-Style Ground Beef, Eggplant & Bechamel",REC-030452-4-003,R,1,portions,Roasted Garlic Bechamel Sauce,S,,60,grams,,SUB-030450-4-001,SPICE PORTIONING / IMMERSION BLENDER / BRAISER / BLAST CHILLER,,"MILCH (EINSCHLIESSLICH LAKTOSE), SOJA",,0.86648,1,SCOOP,blue,LEVEL,,,0.13228,2.44256,0.15266,PCK-00-151923-5,Main,
"FV4078A -[DE]  Moussaka-Style Ground Beef, Eggplant & Bechamel",REC-030452-4-003,R,1,portions,Roasted Greek Vegetables & Chickpeas (V2),S,,140,grams,,SUB-030451-4-001,HAND MARINADE / OVEN / BLAST CHILLER,"SIDE COMPARTMENT
140g Veg Mix (white level scoop)

Net Weight:  430g",SCHWEFELDIOXIDE UND SULFITE,,0.6925,1,SCOOP,white,LEVEL,,,0.30865,7.13124,0.4457,PCK-00-151923-5,2nd,

"FV4078A -[DSKE]  Moussaka-Style Ground Beef, Eggplant & Bechamel",REC-030452-4-002,R,1,portions,Roast Oregano Potatoes,S,,70,grams,,SUB-030445-4-001,OVEN / BLAST CHILLER,"***PLATING INSTRUCTIONS***
2 Compartment

MAIN COMPARTMENT
70g Potatoes (green level scoop)
40g Eggplant (yellow natural scoop)
120g Beef (grey level scoop)
60g Bechamel (blue level scoop)",,,0.58383,1,SCOOP,green,LEVEL,,,0.15432,4.22925,0.26433,PCK-00-151923-5,Main,
"FV4078A -[DSKE]  Moussaka-Style Ground Beef, Eggplant & Bechamel",REC-030452-4-002,R,1,portions,Roast Oregano Eggplant,S,,40,grams,,SUB-030447-4-001,OVEN / BLAST CHILLER,,,,0.61527,,,,,,,0.08818,2.29324,0.14333,PCK-00-151923-5,Main,
"FV4078A -[DSKE]  Moussaka-Style Ground Beef, Eggplant & Bechamel",REC-030452-4-002,R,1,portions,Moussaka Beef (V2),S,,120,grams,,SUB-030448-4-001,BRAISER / BLAST CHILLER,,"SCHWEFELDIOXIDE UND SULFITE, SELLERIE",,0.88522,1,SCOOP,grey,LEVEL,,,0.26455,4.78174,0.29886,PCK-00-151923-5,Main,
"FV4078A -[DSKE]  Moussaka-Style Ground Beef, Eggplant & Bechamel",REC-030452-4-002,R,1,portions,Roasted Garlic Bechamel Sauce,S,,60,grams,,SUB-030450-4-001,SPICE PORTIONING / IMMERSION BLENDER / BRAISER / BLAST CHILLER,,"MILCH (EINSCHLIESSLICH LAKTOSE), SOJA",,0.86648,1,SCOOP,blue,LEVEL,,,0.13228,2.44256,0.15266,PCK-00-151923-5,Main,
"FV4078A -[DSKE]  Moussaka-Style Ground Beef, Eggplant & Bechamel",REC-030452-4-002,R,1,portions,Roasted Greek Vegetables & Chickpeas (V2),S,,140,grams,,SUB-030451-4-001,HAND MARINADE / OVEN / BLAST CHILLER,"SIDE COMPARTMENT
140g Veg Mix (white level scoop)

Net Weight:  430g",SCHWEFELDIOXIDE UND SULFITE,,0.6925,1,SCOOP,white,LEVEL,,,0.30865,7.13124,0.4457,PCK-00-151923-5,2nd,

FV4091A - [BNL] - Honey Mustard Pork Tenderloin,REC-033053-4-001,R,1,portions,Mashed Potatoes,S,,130,grams,,SUB-033052-4-001,PLANETARY MIXER,"*** PLATING INSTRUCTIONS***

2 Compartment

MAIN COMPARTMENT
(Bottom to Top)
130g Mashed Potato
130g Pork Tenderloin - Sliced
20g Honey Mustard",MILCH (EINSCHLIESSLICH LAKTOSE),,0.93817,,,,,,,0.2866,4.88783,0.30549,PCK-00-151923-5,Main,
FV4091A - [BNL] - Honey Mustard Pork Tenderloin,REC-033053-4-001,R,1,portions,Garlic Chive Pork Tenderloin Batch,S,,130,grams,,SUB-029410-4-001,MARINADE / GRILL / OVEN / SLICER / BLAST CHILLER,,,,0.7758,,,,,,,0.2866,5.91086,0.36943,PCK-00-151923-5,Main,
FV4091A - [BNL] - Honey Mustard Pork Tenderloin,REC-033053-4-001,R,1,portions,Honey Mustard Sauce - 10% less Mayo,S,,20,grams,,SUB-014726-4-001,IMMERSION BLENDER / BLAST CHILLER,,"EIER, SENF",,0.83001,,,,,,,0.04409,0.84997,0.05312,PCK-00-151923-5,Main,
FV4091A - [BNL] - Honey Mustard Pork Tenderloin,REC-033053-4-001,R,1,portions,"Green beans - S&P Roasted Green Beans, Whole",S,,95,grams,,SUB-014026-4-001,OVEN / BLAST CHILLER,"SIDE COMPARTMENT 
95g Green Bean
30g Onions

NET WEIGHT: 405g",,,0.6519,,,,,,,0.20944,5.1404,0.32127,PCK-00-151923-5,2nd,
FV4091A - [BNL] - Honey Mustard Pork Tenderloin,REC-033053-4-001,R,1,portions,Onions - Caramelized Onions,S,,30,grams,,SUB-014017-4-001,SPICE PORTIONING / BRAISER / BLAST CHILLER,,,,0.56666,,,,,,,0.06614,1.86747,0.11672,PCK-00-151923-5,2nd,

FV4091A - [DE] - Honey Mustard Pork Tenderloin,REC-033053-4-002,R,1,portions,Mashed Potatoes,S,,130,grams,,SUB-033052-4-001,PLANETARY MIXER,"*** PLATING INSTRUCTIONS***

2 Compartment

MAIN COMPARTMENT
(Bottom to Top)
130g Mashed Potato
130g Pork Tenderloin - Sliced
20g Honey Mustard",MILCH (EINSCHLIESSLICH LAKTOSE),,0.93817,,,,,,,0.2866,4.88783,0.30549,PCK-00-151923-5,Main,
FV4091A - [DE] - Honey Mustard Pork Tenderloin,REC-033053-4-002,R,1,portions,Garlic Chive Pork Tenderloin Batch,S,,130,grams,,SUB-029410-4-001,MARINADE / GRILL / OVEN / SLICER / BLAST CHILLER,,,,0.7758,,,,,,,0.2866,5.91086,0.36943,PCK-00-151923-5,Main,
FV4091A - [DE] - Honey Mustard Pork Tenderloin,REC-033053-4-002,R,1,portions,Honey Mustard Sauce - 10% less Mayo,S,,20,grams,,SUB-014726-4-001,IMMERSION BLENDER / BLAST CHILLER,,"EIER, SENF",,0.83001,,,,,,,0.04409,0.84997,0.05312,PCK-00-151923-5,Main,
FV4091A - [DE] - Honey Mustard Pork Tenderloin,REC-033053-4-002,R,1,portions,"Green beans - S&P Roasted Green Beans, Whole",S,,95,grams,,SUB-014026-4-001,OVEN / BLAST CHILLER,"SIDE COMPARTMENT 
95g Green Bean
30g Onions

NET WEIGHT: 405g",,,0.6519,,,,,,,0.20944,5.1404,0.32127,PCK-00-151923-5,2nd,
FV4091A - [DE] - Honey Mustard Pork Tenderloin,REC-033053-4-002,R,1,portions,Onions - Caramelized Onions,S,,30,grams,,SUB-014017-4-001,SPICE PORTIONING / BRAISER / BLAST CHILLER,,,,0.56666,,,,,,,0.06614,1.86747,0.11672,PCK-00-151923-5,2nd,

FV4091A - [DKSE] - Honey Mustard Pork Tenderloin,REC-033053-4-003,R,1,portions,Mashed Potatoes,S,,130,grams,,SUB-033052-4-001,PLANETARY MIXER,"*** PLATING INSTRUCTIONS***

2 Compartment

MAIN COMPARTMENT
(Bottom to Top)
130g Mashed Potato
130g Pork Tenderloin - Sliced
20g Honey Mustard",MILCH (EINSCHLIESSLICH LAKTOSE),,0.93817,,,,,,,0.2866,4.88783,0.30549,PCK-00-151923-5,Main,
FV4091A - [DKSE] - Honey Mustard Pork Tenderloin,REC-033053-4-003,R,1,portions,Garlic Chive Pork Tenderloin Batch,S,,130,grams,,SUB-029410-4-001,MARINADE / GRILL / OVEN / SLICER / BLAST CHILLER,,,,0.7758,,,,,,,0.2866,5.91086,0.36943,PCK-00-151923-5,Main,
FV4091A - [DKSE] - Honey Mustard Pork Tenderloin,REC-033053-4-003,R,1,portions,Honey Mustard Sauce - 10% less Mayo,S,,20,grams,,SUB-014726-4-001,IMMERSION BLENDER / BLAST CHILLER,,"EIER, SENF",,0.83001,,,,,,,0.04409,0.84997,0.05312,PCK-00-151923-5,Main,
FV4091A - [DKSE] - Honey Mustard Pork Tenderloin,REC-033053-4-003,R,1,portions,"Green beans - S&P Roasted Green Beans, Whole",S,,95,grams,,SUB-014026-4-001,OVEN / BLAST CHILLER,"SIDE COMPARTMENT 
95g Green Bean
30g Onions

NET WEIGHT: 405g",,,0.6519,,,,,,,0.20944,5.1404,0.32127,PCK-00-151923-5,2nd,
FV4091A - [DKSE] - Honey Mustard Pork Tenderloin,REC-033053-4-003,R,1,portions,Onions - Caramelized Onions,S,,30,grams,,SUB-014017-4-001,SPICE PORTIONING / BRAISER / BLAST CHILLER,,,,0.56666,,,,,,,0.06614,1.86747,0.11672,PCK-00-151923-5,2nd,

FV4092A - [BNL] Cashew Chicken Curry,REC-033538-4-001,R,1,portions,Toasted Cashews,S,,20,grams,,SUB-033539-4-001,HAND MARINADE / OVEN / BLAST CHILLER,"**PLATING INSTRUCTIONS**

1-COMPARTMENT TRAY

MAIN COMPARTMENT
20g - cashews (CUPPED)
170g - rice
130g - chicken
100g - sauce

NET WEIGHT: 420g","KASCHUNÜSSE, SCHALENFRÜCHTE",,1,,,,,,,0.04409,0.70548,0.04409,PCK-00-151922-5,Main,
FV4092A - [BNL] Cashew Chicken Curry,REC-033538-4-001,R,1,portions,Cooked Brown Rice - LESS SALT,S,,170,grams,,SUB-033540-4-001,OVEN / HAND MIX / BLAST CHILLER,,,,0.99108,,,,,,,0.37479,6.05055,0.37816,PCK-00-151922-5,Main,
FV4092A - [BNL] Cashew Chicken Curry,REC-033538-4-001,R,1,portions,Cashew Chicken Batch,S,,130,grams,,SUB-033542-4-001,MARINADE / OVEN / BLAST CHILLER,,"MILCH (EINSCHLIESSLICH LAKTOSE), SCHWEFELDIOXIDE UND SULFITE",,0.84961,,,,,,,0.2866,5.39734,0.33733,PCK-00-151922-5,Main,
FV4092A - [BNL] Cashew Chicken Curry,REC-033538-4-001,R,1,portions,Cashew Curry Sauce,S,,100,grams,,SUB-033543-4-001,SPICE PORTIONING / IMMERSION BLENDER / BRAISER / BLAST CHILLER,,"KASCHUNÜSSE, MILCH (EINSCHLIESSLICH LAKTOSE), SCHALENFRÜCHTE, SCHWEFELDIOXIDE UND SULFITE",,0.84129,,,,,,,0.22046,4.19285,0.26205,PCK-00-151922-5,Main,

FV4092A - [DE] Cashew Chicken Curry,REC-033538-4-002,R,1,portions,Toasted Cashews,S,,20,grams,,SUB-033539-4-001,HAND MARINADE / OVEN / BLAST CHILLER,"**PLATING INSTRUCTIONS**

1-COMPARTMENT TRAY

MAIN COMPARTMENT
20g - cashews (CUPPED)
170g - rice
130g - chicken
100g - sauce

NET WEIGHT: 420g","KASCHUNÜSSE, SCHALENFRÜCHTE",,1,,,,,,,0.04409,0.70548,0.04409,PCK-00-151922-5,Main,
FV4092A - [DE] Cashew Chicken Curry,REC-033538-4-002,R,1,portions,Cooked Brown Rice - LESS SALT,S,,170,grams,,SUB-033540-4-001,OVEN / HAND MIX / BLAST CHILLER,,,,0.99108,,,,,,,0.37479,6.05055,0.37816,PCK-00-151922-5,Main,
FV4092A - [DE] Cashew Chicken Curry,REC-033538-4-002,R,1,portions,Cashew Chicken Batch,S,,130,grams,,SUB-033542-4-001,MARINADE / OVEN / BLAST CHILLER,,"MILCH (EINSCHLIESSLICH LAKTOSE), SCHWEFELDIOXIDE UND SULFITE",,0.84961,,,,,,,0.2866,5.39734,0.33733,PCK-00-151922-5,Main,
FV4092A - [DE] Cashew Chicken Curry,REC-033538-4-002,R,1,portions,Cashew Curry Sauce,S,,100,grams,,SUB-033543-4-001,SPICE PORTIONING / IMMERSION BLENDER / BRAISER / BLAST CHILLER,,"KASCHUNÜSSE, MILCH (EINSCHLIESSLICH LAKTOSE), SCHALENFRÜCHTE, SCHWEFELDIOXIDE UND SULFITE",,0.84129,,,,,,,0.22046,4.19285,0.26205,PCK-00-151922-5,Main,

FV4092A - [DSKE] Cashew Chicken Curry,REC-033538-4-003,R,1,portions,Toasted Cashews,S,,20,grams,,SUB-033539-4-001,HAND MARINADE / OVEN / BLAST CHILLER,"**PLATING INSTRUCTIONS**

1-COMPARTMENT TRAY

MAIN COMPARTMENT
20g - cashews (CUPPED)
170g - rice
130g - chicken
100g - sauce

NET WEIGHT: 420g","KASCHUNÜSSE, SCHALENFRÜCHTE",,1,,,,,,,0.04409,0.70548,0.04409,PCK-00-151922-5,Main,
FV4092A - [DSKE] Cashew Chicken Curry,REC-033538-4-003,R,1,portions,Cooked Brown Rice - LESS SALT,S,,170,grams,,SUB-033540-4-001,OVEN / HAND MIX / BLAST CHILLER,,,,0.99108,,,,,,,0.37479,6.05055,0.37816,PCK-00-151922-5,Main,
FV4092A - [DSKE] Cashew Chicken Curry,REC-033538-4-003,R,1,portions,Cashew Chicken Batch,S,,130,grams,,SUB-033542-4-001,MARINADE / OVEN / BLAST CHILLER,,"MILCH (EINSCHLIESSLICH LAKTOSE), SCHWEFELDIOXIDE UND SULFITE",,0.84961,,,,,,,0.2866,5.39734,0.33733,PCK-00-151922-5,Main,
FV4092A - [DSKE] Cashew Chicken Curry,REC-033538-4-003,R,1,portions,Cashew Curry Sauce,S,,100,grams,,SUB-033543-4-001,SPICE PORTIONING / IMMERSION BLENDER / BRAISER / BLAST CHILLER,,"KASCHUNÜSSE, MILCH (EINSCHLIESSLICH LAKTOSE), SCHALENFRÜCHTE, SCHWEFELDIOXIDE UND SULFITE",,0.84129,,,,,,,0.22046,4.19285,0.26205,PCK-00-151922-5,Main,

FV4094A - [BNL]  Spiced Salmon & Saag Aloo,REC-029471-4-001,R,1,portions,Spiced Salmon,S,,1,each,,SUB-029472-4-001,THAW / HAND MARINADE / OVEN / BLAST CHILLER,"Plating instructions:

170g Saag Aloo Potatoes
1 ea Spiced Salmon
",FISCH,,0.76422,,,,,,4.05651,0.25353,5.30803,0.33175,PCK-00-151924-5,Main,
FV4094A - [BNL]  Spiced Salmon & Saag Aloo,REC-029471-4-001,R,1,portions,Saag Aloo Potatoes  with inclusions,S,,185,grams,,SUB-032635-4-001,PLANETARY MIXER,,"MILCH (EINSCHLIESSLICH LAKTOSE), SCHWEFELDIOXIDE UND SULFITE, SELLERIE, SENF",,0.98615,,,,,,,0.40786,6.61732,0.41358,PCK-00-151924-5,Main,
FV4094A - [BNL]  Spiced Salmon & Saag Aloo,REC-029471-4-001,R,1,portions,Cumin Cauliflower Florets -Less Oil,S,,100,grams,,SUB-033258-4-001,SPICE PORTIONING / HAND MIX,"PLATING INSTRUCTIONS

100g Cumin Cauliflower
",,,0.75028,,,,,,,0.22046,4.70143,0.29384,PCK-00-151924-5,2nd,
FV4094A - [BNL]  Spiced Salmon & Saag Aloo,REC-029471-4-001,R,1,portions,"FA-DE Diced Apricots, Dried/getrocknete, gewürfelte Aprikosen",I,DRY-00-144322-5,10,grams,,,,,,,,,,,,,,0.02205,0.35274,0.02205,PCK-00-151924-5,2nd,
FV4094A - [BNL]  Spiced Salmon & Saag Aloo,REC-029471-4-001,R,1,portions,Mint Yoghurt dip,S,,30,grams,,SUB-029474-4-001,IMMERSION BLENDER / CUPPING,"PLATING INSTRUCTIONS

30g (Cupped) Mint Yoghurt

NET WEIGHT 430g","MILCH (EINSCHLIESSLICH LAKTOSE), SCHWEFELDIOXIDE UND SULFITE",,1,1,CUP,Cup,,,,0.06614,1.05822,0.06614,PCK-00-151924-5,3rd,

FV4094A - [DE]  Spiced Salmon & Saag Aloo,REC-029471-4-002,R,1,portions,Spiced Salmon,S,,1,each,,SUB-029472-4-001,THAW / HAND MARINADE / OVEN / BLAST CHILLER,"Plating instructions:

170g Saag Aloo Potatoes
1 ea Spiced Salmon
",FISCH,,0.76422,,,,,,4.05651,0.25353,5.30803,0.33175,PCK-00-151924-5,Main,
FV4094A - [DE]  Spiced Salmon & Saag Aloo,REC-029471-4-002,R,1,portions,Saag Aloo Potatoes  with inclusions,S,,185,grams,,SUB-032635-4-001,PLANETARY MIXER,,"MILCH (EINSCHLIESSLICH LAKTOSE), SCHWEFELDIOXIDE UND SULFITE, SELLERIE, SENF",,0.98615,,,,,,,0.40786,6.61732,0.41358,PCK-00-151924-5,Main,
FV4094A - [DE]  Spiced Salmon & Saag Aloo,REC-029471-4-002,R,1,portions,Cumin Cauliflower Florets -Less Oil,S,,100,grams,,SUB-033258-4-001,SPICE PORTIONING / HAND MIX,"PLATING INSTRUCTIONS

100g Cumin Cauliflower
",,,0.75028,,,,,,,0.22046,4.70143,0.29384,PCK-00-151924-5,2nd,
FV4094A - [DE]  Spiced Salmon & Saag Aloo,REC-029471-4-002,R,1,portions,"FA-DE Diced Apricots, Dried/getrocknete, gewürfelte Aprikosen",I,DRY-00-144322-5,10,grams,,,,,,,,,,,,,,0.02205,0.35274,0.02205,PCK-00-151924-5,2nd,
FV4094A - [DE]  Spiced Salmon & Saag Aloo,REC-029471-4-002,R,1,portions,Mint Yoghurt dip,S,,30,grams,,SUB-029474-4-001,IMMERSION BLENDER / CUPPING,"PLATING INSTRUCTIONS

30g (Cupped) Mint Yoghurt

NET WEIGHT 430g","MILCH (EINSCHLIESSLICH LAKTOSE), SCHWEFELDIOXIDE UND SULFITE",,1,1,CUP,Cup,,,,0.06614,1.05822,0.06614,PCK-00-151924-5,3rd,

FV4094A - [DSKE]  Spiced Salmon & Saag Aloo,REC-029471-4-003,R,1,portions,Spiced Salmon,S,,1,each,,SUB-029472-4-001,THAW / HAND MARINADE / OVEN / BLAST CHILLER,"Plating instructions:

170g Saag Aloo Potatoes
1 ea Spiced Salmon
",FISCH,,0.76422,,,,,,4.05651,0.25353,5.30803,0.33175,PCK-00-151924-5,Main,
FV4094A - [DSKE]  Spiced Salmon & Saag Aloo,REC-029471-4-003,R,1,portions,Saag Aloo Potatoes  with inclusions,S,,185,grams,,SUB-032635-4-001,PLANETARY MIXER,,"MILCH (EINSCHLIESSLICH LAKTOSE), SCHWEFELDIOXIDE UND SULFITE, SELLERIE, SENF",,0.98615,,,,,,,0.40786,6.61732,0.41358,PCK-00-151924-5,Main,
FV4094A - [DSKE]  Spiced Salmon & Saag Aloo,REC-029471-4-003,R,1,portions,Cumin Cauliflower Florets -Less Oil,S,,100,grams,,SUB-033258-4-001,SPICE PORTIONING / HAND MIX,"PLATING INSTRUCTIONS

100g Cumin Cauliflower
",,,0.75028,,,,,,,0.22046,4.70143,0.29384,PCK-00-151924-5,2nd,
FV4094A - [DSKE]  Spiced Salmon & Saag Aloo,REC-029471-4-003,R,1,portions,"FA-DE Diced Apricots, Dried/getrocknete, gewürfelte Aprikosen",I,DRY-00-144322-5,10,grams,,,,,,,,,,,,,,0.02205,0.35274,0.02205,PCK-00-151924-5,2nd,
FV4094A - [DSKE]  Spiced Salmon & Saag Aloo,REC-029471-4-003,R,1,portions,Mint Yoghurt dip,S,,30,grams,,SUB-029474-4-001,IMMERSION BLENDER / CUPPING,"PLATING INSTRUCTIONS

30g (Cupped) Mint Yoghurt

NET WEIGHT 430g","MILCH (EINSCHLIESSLICH LAKTOSE), SCHWEFELDIOXIDE UND SULFITE",,1,1,CUP,Cup,,,,0.06614,1.05822,0.06614,PCK-00-151924-5,3rd,

FV4095A Salmon with Fasolakia [BNL],REC-030889-4-001,R,1,portions,Greek Style Tomato Sauce,S,,110,grams,,SUB-030887-4-001,SPICE PORTIONING / BRAISER / BLAST CHILLER,"**PLATING INSTRUCTIONS**

1-COMPARTMENT TRAY

MAIN COMPARTMENT (From the bottom to the top): 
110 g  - Tomato Sauce 
70 g Steamed Potatoes 
60 g  - Green Beans 
15 g Feta
1 ea Salmon in the center 
 

NET WEIGHT: 375 g",,,0.9346,,,,,,,0.24251,4.15165,0.25948,PCK-00-151922-5,Main,
FV4095A Salmon with Fasolakia [BNL],REC-030889-4-001,R,1,portions,Short steamed potatoes,S,,70,grams,,SUB-032825-4-001,OVEN / BLAST CHILLER,,,,0.9136,,,,,,,0.15432,2.70269,0.16892,PCK-00-151922-5,Main,
FV4095A Salmon with Fasolakia [BNL],REC-030889-4-001,R,1,portions,Crumbled feta,S,,15,grams,,SUB-033179-4-001,HAND MIX,,MILCH (EINSCHLIESSLICH LAKTOSE),,0.98,,,,,,,0.03307,0.53991,0.03374,PCK-00-151922-5,Main,
FV4095A Salmon with Fasolakia [BNL],REC-030889-4-001,R,1,portions,Fasolakia - Green Beans,S,,60,grams,,SUB-031308-4-001,OVEN / BLAST CHILLER,,,,0.75513,,,,,,,0.13228,2.80274,0.17517,PCK-00-151922-5,Main,
FV4095A Salmon with Fasolakia [BNL],REC-030889-4-001,R,1,portions,Tomato Dry - Rub Salmon,S,,1.04,each,,SUB-030894-4-001,THAW / HAND MARINADE / OVEN / BLAST CHILLER,,FISCH,,0.86466,1,HAND_PORTIONED,Hand Portioned,BY_TRAY,,4.21877,0.26367,4.8791,0.30494,PCK-00-151922-5,Main,

FV4095A Salmon with Fasolakia [DE],REC-030889-4-002,R,1,portions,Greek Style Tomato Sauce,S,,110,grams,,SUB-030887-4-001,SPICE PORTIONING / BRAISER / BLAST CHILLER,"**PLATING INSTRUCTIONS**

1-COMPARTMENT TRAY

MAIN COMPARTMENT (From the bottom to the top): 

110 g  - Tomato Sauce 
70 g Steamed Potatoes 
15 g Feta 
60 g  - Green Beans 
1 ea Salmon in the center 



NET WEIGHT: 375 g",,,0.9346,,,,,,,0.24251,4.15165,0.25948,PCK-00-151922-5,Main,
FV4095A Salmon with Fasolakia [DE],REC-030889-4-002,R,1,portions,Short steamed potatoes,S,,70,grams,,SUB-032825-4-001,OVEN / BLAST CHILLER,,,,0.9136,,,,,,,0.15432,2.70269,0.16892,PCK-00-151922-5,Main,
FV4095A Salmon with Fasolakia [DE],REC-030889-4-002,R,1,portions,Crumbled feta,S,,15,grams,,SUB-033179-4-001,HAND MIX,,MILCH (EINSCHLIESSLICH LAKTOSE),,0.98,,,,,,,0.03307,0.53991,0.03374,PCK-00-151922-5,Main,
FV4095A Salmon with Fasolakia [DE],REC-030889-4-002,R,1,portions,Fasolakia - Green Beans,S,,60,grams,,SUB-031308-4-001,OVEN / BLAST CHILLER,,,,0.75513,1,SCOOP,beige,LEVEL,,,0.13228,2.80274,0.17517,PCK-00-151922-5,Main,
FV4095A Salmon with Fasolakia [DE],REC-030889-4-002,R,1,portions,Tomato Dry - Rub Salmon,S,,1.04,each,,SUB-030894-4-001,THAW / HAND MARINADE / OVEN / BLAST CHILLER,,FISCH,,0.86466,1,HAND_PORTIONED,Hand Portioned,BY_TRAY,,4.21877,0.26367,4.8791,0.30494,PCK-00-151922-5,Main,

FV4095A Salmon with Fasolakia [DKSE],REC-030889-4-003,R,1,portions,Greek Style Tomato Sauce,S,,110,grams,,SUB-030887-4-001,SPICE PORTIONING / BRAISER / BLAST CHILLER,"**PLATING INSTRUCTIONS**

1-COMPARTMENT TRAY

MAIN COMPARTMENT (From the bottom to the top): 

110 g  - Tomato Sauce 
70 g Steamed Potatoes 
15 g Feta 
60 g  - Green Beans 
1 ea Salmon in the center 

NET WEIGHT:  375 g",,,0.9346,,,,,,,0.24251,4.15165,0.25948,PCK-00-151922-5,Main,
FV4095A Salmon with Fasolakia [DKSE],REC-030889-4-003,R,1,portions,Short steamed potatoes,S,,70,grams,,SUB-032825-4-001,OVEN / BLAST CHILLER,,,,0.9136,,,,,,,0.15432,2.70269,0.16892,PCK-00-151922-5,Main,
FV4095A Salmon with Fasolakia [DKSE],REC-030889-4-003,R,1,portions,Crumbled feta,S,,15,grams,,SUB-033179-4-001,HAND MIX,,MILCH (EINSCHLIESSLICH LAKTOSE),,0.98,,,,,,,0.03307,0.53991,0.03374,PCK-00-151922-5,Main,
FV4095A Salmon with Fasolakia [DKSE],REC-030889-4-003,R,1,portions,Fasolakia - Green Beans,S,,60,grams,,SUB-031308-4-001,OVEN / BLAST CHILLER,,,,0.75513,1,SCOOP,beige,LEVEL,,,0.13228,2.80274,0.17517,PCK-00-151922-5,Main,
FV4095A Salmon with Fasolakia [DKSE],REC-030889-4-003,R,1,portions,Tomato Dry - Rub Salmon,S,,1.04,each,,SUB-030894-4-001,THAW / HAND MARINADE / OVEN / BLAST CHILLER,,FISCH,,0.86466,1,HAND_PORTIONED,Hand Portioned,BY_TRAY,,4.21877,0.26367,4.8791,0.30494,PCK-00-151922-5,Main,

FV4096A Zaatar Rub Salmon & Jeweled Rice [BNL],REC-030830-4-003,R,1,portions,Jeweled Wild Rice,S,,135,grams,,SUB-030835-4-001,PLANETARY MIXER,"PLATING INSTRUCTIONS :
from bottom to the top
135 g of rice 
50 g peppers
1ea Salmon","KASCHUNÜSSE, SCHALENFRÜCHTE",,0.93761,1,SCOOP,white,LEVEL,,,0.29762,5.07884,0.31743,PCK-00-151923-5,Main,PCK-00-151925-5
FV4096A Zaatar Rub Salmon & Jeweled Rice [BNL],REC-030830-4-003,R,1,portions,Fire roasted Paprika with Cumin and Cilantro,S,,50,grams,,SUB-030944-4-001,OVEN / BLAST CHILLER,,,,0.70756,2,SCOOP,black,LEVEL,,,0.11023,2.49267,0.15579,PCK-00-151923-5,Main,
FV4096A Zaatar Rub Salmon & Jeweled Rice [BNL],REC-030830-4-003,R,1,portions,Zaatar Salmon,S,,1,each,,SUB-030870-4-001,THAW / HAND MARINADE / OVEN / BLAST CHILLER,,"FISCH, SESAMSAMEN",,0.87591,1,HAND_PORTIONED,Hand Portioned,BY_TRAY,,4.23288,0.26455,4.83254,0.30203,PCK-00-151923-5,Main,
FV4096A Zaatar Rub Salmon & Jeweled Rice [BNL],REC-030830-4-003,R,1,portions,Apicius glazed Carrots,S,,85,grams,,SUB-032484-4-001,OVEN / BLAST CHILLER,"85 g carrots

CUPPED
45 g Whipped Feta ",,,0.53979,1,SCOOP,grey,LEVEL,,,0.18739,5.55455,0.34716,PCK-00-151923-5,2nd,
FV4096A Zaatar Rub Salmon & Jeweled Rice [BNL],REC-030830-4-003,R,1,portions,Whipped Feta,S,,45,grams,,SUB-030833-4-001,PLANETARY MIXER,,MILCH (EINSCHLIESSLICH LAKTOSE),,0.94952,,,,,,,0.09921,1.67171,0.10448,PCK-00-151923-5,2nd,

FV4096A Zaatar Rub Salmon & Jeweled Rice [DE],REC-030830-4-002,R,1,portions,Jeweled Wild Rice,S,,130,grams,,SUB-030835-4-001,PLANETARY MIXER,"PLATING INSTRUCTIONS :
from bottom to the top
130 g of rice 
50 g peppers
1ea Salmon","KASCHUNÜSSE, SCHALENFRÜCHTE",,0.93761,1,SCOOP,white,LEVEL,,,0.2866,4.89074,0.30567,PCK-00-151923-5,Main,PCK-00-151925-5
FV4096A Zaatar Rub Salmon & Jeweled Rice [DE],REC-030830-4-002,R,1,portions,Fire roasted Paprika with Cumin and Cilantro,S,,50,grams,,SUB-030944-4-001,OVEN / BLAST CHILLER,,,,0.70756,2,SCOOP,black,LEVEL,,,0.11023,2.49267,0.15579,PCK-00-151923-5,Main,
FV4096A Zaatar Rub Salmon & Jeweled Rice [DE],REC-030830-4-002,R,1,portions,Zaatar Salmon,S,,1,each,,SUB-030870-4-001,THAW / HAND MARINADE / OVEN / BLAST CHILLER,,"FISCH, SESAMSAMEN",,0.87591,1,HAND_PORTIONED,Hand Portioned,BY_TRAY,,4.23288,0.26455,4.83254,0.30203,PCK-00-151923-5,Main,
FV4096A Zaatar Rub Salmon & Jeweled Rice [DE],REC-030830-4-002,R,1,portions,Apicius glazed Carrots,S,,80,grams,,SUB-032484-4-001,OVEN / BLAST CHILLER,"80 g carrots

CUPPED
45 g Whipped Feta ",,,0.53979,1,SCOOP,grey,LEVEL,,,0.17637,5.22781,0.32674,PCK-00-151923-5,2nd,
FV4096A Zaatar Rub Salmon & Jeweled Rice [DE],REC-030830-4-002,R,1,portions,Whipped Feta,S,,45,grams,,SUB-030833-4-001,PLANETARY MIXER,,MILCH (EINSCHLIESSLICH LAKTOSE),,0.94952,,,,,,,0.09921,1.67171,0.10448,PCK-00-151923-5,2nd,

FV4096A Zaatar Rub Salmon & Jeweled Rice [DKSE],REC-030830-4-001,R,1,portions,Jeweled Wild Rice,S,,130,grams,,SUB-030835-4-001,PLANETARY MIXER,"PLATING INSTRUCTIONS :
from bottom to the top
130 g of rice 
50 g peppers
1ea Salmon","KASCHUNÜSSE, SCHALENFRÜCHTE",,0.93761,1,SCOOP,white,LEVEL,,,0.2866,4.89074,0.30567,PCK-00-151923-5,Main,PCK-00-151925-5
FV4096A Zaatar Rub Salmon & Jeweled Rice [DKSE],REC-030830-4-001,R,1,portions,Fire roasted Paprika with Cumin and Cilantro,S,,50,grams,,SUB-030944-4-001,OVEN / BLAST CHILLER,,,,0.70756,2,SCOOP,black,LEVEL,,,0.11023,2.49267,0.15579,PCK-00-151923-5,Main,
FV4096A Zaatar Rub Salmon & Jeweled Rice [DKSE],REC-030830-4-001,R,1,portions,Zaatar Salmon,S,,1,each,,SUB-030870-4-001,THAW / HAND MARINADE / OVEN / BLAST CHILLER,,"FISCH, SESAMSAMEN",,0.87591,1,HAND_PORTIONED,Hand Portioned,BY_TRAY,,4.23288,0.26455,4.83254,0.30203,PCK-00-151923-5,Main,
FV4096A Zaatar Rub Salmon & Jeweled Rice [DKSE],REC-030830-4-001,R,1,portions,Apicius glazed Carrots,S,,80,grams,,SUB-032484-4-001,OVEN / BLAST CHILLER,"80 g carrots

CUPPED
45 g Whipped Feta ",,,0.53979,1,SCOOP,grey,LEVEL,,,0.17637,5.22781,0.32674,PCK-00-151923-5,2nd,
FV4096A Zaatar Rub Salmon & Jeweled Rice [DKSE],REC-030830-4-001,R,1,portions,Whipped Feta,S,,45,grams,,SUB-030833-4-001,PLANETARY MIXER,,MILCH (EINSCHLIESSLICH LAKTOSE),,0.94952,,,,,,,0.09921,1.67171,0.10448,PCK-00-151923-5,2nd,

FV4096B Zaatar Rub Salmon & Jeweled Rice [BNL],REC-030830-4-004,R,1,portions,Jeweled Wild + Brown Jasmine Rice,S,,135,grams,,SUB-030835-4-002,PLANETARY MIXER,"PLATING INSTRUCTIONS :
from bottom to the top
135 g of rice 
50 g peppers
1ea Salmon","KASCHUNÜSSE, SCHALENFRÜCHTE",,0.97,,,,,,,0.29762,4.90927,0.30683,PCK-00-151923-5,Main,PCK-00-151925-5
FV4096B Zaatar Rub Salmon & Jeweled Rice [BNL],REC-030830-4-004,R,1,portions,Fire roasted Paprika with Cumin and Cilantro,S,,50,grams,,SUB-030944-4-001,OVEN / BLAST CHILLER,,,,0.70756,2,SCOOP,black,LEVEL,,,0.11023,2.49267,0.15579,PCK-00-151923-5,Main,
FV4096B Zaatar Rub Salmon & Jeweled Rice [BNL],REC-030830-4-004,R,1,portions,Zaatar Salmon,S,,1,each,,SUB-030870-4-001,THAW / HAND MARINADE / OVEN / BLAST CHILLER,,"FISCH, SESAMSAMEN",,0.87591,1,HAND_PORTIONED,Hand Portioned,BY_TRAY,,4.23288,0.26455,4.83254,0.30203,PCK-00-151923-5,Main,
FV4096B Zaatar Rub Salmon & Jeweled Rice [BNL],REC-030830-4-004,R,1,portions,Apicius glazed Carrots,S,,85,grams,,SUB-032484-4-001,OVEN / BLAST CHILLER,"85 g carrots

CUPPED
45 g Whipped Feta ",,,0.53979,1,SCOOP,grey,LEVEL,,,0.18739,5.55455,0.34716,PCK-00-151923-5,2nd,
FV4096B Zaatar Rub Salmon & Jeweled Rice [BNL],REC-030830-4-004,R,1,portions,Whipped Feta,S,,45,grams,,SUB-030833-4-001,PLANETARY MIXER,,MILCH (EINSCHLIESSLICH LAKTOSE),,0.94952,,,,,,,0.09921,1.67171,0.10448,PCK-00-151923-5,2nd,

FV4096B Zaatar Rub Salmon & Jeweled Rice [DE],REC-030830-4-005,R,1,portions,Jeweled Wild + Brown Jasmine Rice,S,,130,grams,,SUB-030835-4-002,PLANETARY MIXER,"PLATING INSTRUCTIONS :
from bottom to the top
130 g of rice 
50 g peppers
1ea Salmon","KASCHUNÜSSE, SCHALENFRÜCHTE",,0.97,,,,,,,0.2866,4.72744,0.29547,PCK-00-151923-5,Main,PCK-00-151925-5
FV4096B Zaatar Rub Salmon & Jeweled Rice [DE],REC-030830-4-005,R,1,portions,Fire roasted Paprika with Cumin and Cilantro,S,,50,grams,,SUB-030944-4-001,OVEN / BLAST CHILLER,,,,0.70756,2,SCOOP,black,LEVEL,,,0.11023,2.49267,0.15579,PCK-00-151923-5,Main,
FV4096B Zaatar Rub Salmon & Jeweled Rice [DE],REC-030830-4-005,R,1,portions,Zaatar Salmon,S,,1,each,,SUB-030870-4-001,THAW / HAND MARINADE / OVEN / BLAST CHILLER,,"FISCH, SESAMSAMEN",,0.87591,1,HAND_PORTIONED,Hand Portioned,BY_TRAY,,4.23288,0.26455,4.83254,0.30203,PCK-00-151923-5,Main,
FV4096B Zaatar Rub Salmon & Jeweled Rice [DE],REC-030830-4-005,R,1,portions,Apicius glazed Carrots,S,,80,grams,,SUB-032484-4-001,OVEN / BLAST CHILLER,"80 g carrots

CUPPED
45 g Whipped Feta ",,,0.53979,1,SCOOP,grey,LEVEL,,,0.17637,5.22781,0.32674,PCK-00-151923-5,2nd,
FV4096B Zaatar Rub Salmon & Jeweled Rice [DE],REC-030830-4-005,R,1,portions,Whipped Feta,S,,45,grams,,SUB-030833-4-001,PLANETARY MIXER,,MILCH (EINSCHLIESSLICH LAKTOSE),,0.94952,,,,,,,0.09921,1.67171,0.10448,PCK-00-151923-5,2nd,

FV4096B Zaatar Rub Salmon & Jeweled Rice [DKSE],REC-030830-4-006,R,1,portions,Jeweled Wild + Brown Jasmine Rice,S,,130,grams,,SUB-030835-4-002,PLANETARY MIXER,"PLATING INSTRUCTIONS :
from bottom to the top
130 g of rice 
50 g peppers
1ea Salmon","KASCHUNÜSSE, SCHALENFRÜCHTE",,0.97,,,,,,,0.2866,4.72744,0.29547,PCK-00-151923-5,Main,PCK-00-151925-5
FV4096B Zaatar Rub Salmon & Jeweled Rice [DKSE],REC-030830-4-006,R,1,portions,Fire roasted Paprika with Cumin and Cilantro,S,,50,grams,,SUB-030944-4-001,OVEN / BLAST CHILLER,,,,0.70756,2,SCOOP,black,LEVEL,,,0.11023,2.49267,0.15579,PCK-00-151923-5,Main,
FV4096B Zaatar Rub Salmon & Jeweled Rice [DKSE],REC-030830-4-006,R,1,portions,Zaatar Salmon,S,,1,each,,SUB-030870-4-001,THAW / HAND MARINADE / OVEN / BLAST CHILLER,,"FISCH, SESAMSAMEN",,0.87591,1,HAND_PORTIONED,Hand Portioned,BY_TRAY,,4.23288,0.26455,4.83254,0.30203,PCK-00-151923-5,Main,
FV4096B Zaatar Rub Salmon & Jeweled Rice [DKSE],REC-030830-4-006,R,1,portions,Apicius glazed Carrots,S,,80,grams,,SUB-032484-4-001,OVEN / BLAST CHILLER,"80 g carrots

CUPPED
45 g Whipped Feta ",,,0.53979,1,SCOOP,grey,LEVEL,,,0.17637,5.22781,0.32674,PCK-00-151923-5,2nd,
FV4096B Zaatar Rub Salmon & Jeweled Rice [DKSE],REC-030830-4-006,R,1,portions,Whipped Feta,S,,45,grams,,SUB-030833-4-001,PLANETARY MIXER,,MILCH (EINSCHLIESSLICH LAKTOSE),,0.94952,,,,,,,0.09921,1.67171,0.10448,PCK-00-151923-5,2nd,

FV4097A - [BNL] -  Kare-Kare Barramundi & Pineapple Wild Rice,REC-032497-4-001,R,1,portions,Pineapple Coconut wild rice,S,,110,grams,,SUB-032494-4-001,OVEN / HAND MIX / BLAST CHILLER,"""**PLATING INSTRUCTIONS**                                                                                                                                       
                                                                                                                                    ** Compartment Size**                                                                                                                         
                                                                                                                                       1 : Main Compartment (from bottom to top)

110 g Rice
1 ea Barramundi
70 g Kare Kare Sauce
10 roasted Peanuts
",SCHWEFELDIOXIDE UND SULFITE,,1.01,,,,,,,0.24251,3.84172,0.24011,PCK-00-151923-5,Main,
FV4097A - [BNL] -  Kare-Kare Barramundi & Pineapple Wild Rice,REC-032497-4-001,R,1,portions,Chili & Ginger spiced Barramundi,S,,1,each,,SUB-032495-4-001,THAW / DEBOX / HAND MARINADE / OVEN / BLAST CHILLER,,FISCH,,0.80808,,,,,,4.23288,0.26455,5.23819,0.32739,PCK-00-151923-5,Main,
FV4097A - [BNL] -  Kare-Kare Barramundi & Pineapple Wild Rice,REC-032497-4-001,R,1,portions,Kare Kare Sauce Base,S,,70,grams,,SUB-032493-4-001,SPICE PORTIONING / IMMERSION BLENDER / BRAISER / BLAST CHILLER,,ERDNÜSSE,,0.77081,,,,,,,0.15432,3.20334,0.20021,PCK-00-151923-5,Main,
FV4097A - [BNL] -  Kare-Kare Barramundi & Pineapple Wild Rice,REC-032497-4-001,R,1,portions,Gochugaru - Lemon - Green Onion roasted Peanuts,S,,10,grams,,SUB-032339-4-001,OVEN / BLAST CHILLER,,,,0.76936,,,,,,,0.02205,0.45848,0.02866,PCK-00-151923-5,Main,
FV4097A - [BNL] -  Kare-Kare Barramundi & Pineapple Wild Rice,REC-032497-4-001,R,1,portions,Oven Roasted Pak choi,S,,80,grams,,SUB-033029-4-001,OVEN / BLAST CHILLER,"2 : Side Compartment (from bottom to top)

80 g Pak Choi

Net Weight : 390 g",SESAMSAMEN,,0.59,,,,,,,0.17637,4.78295,0.29893,PCK-00-151923-5,2nd,

FV4097A - [DE] - Kare-Kare Barramundi & Pineapple Wild Rice,REC-032497-4-003,R,1,portions,Pineapple Coconut wild rice,S,,110,grams,,SUB-032494-4-001,OVEN / HAND MIX / BLAST CHILLER,"""**PLATING INSTRUCTIONS**                                                                                                                                       
                                                                                                                                    ** Compartment Size**                                                                                                                         
                                                                                                                                       1 : Main Compartment (from bottom to top)

110 g Rice
1 ea Barramundi
70 g Kare Kare Sauce
10 roasted Peanuts
",SCHWEFELDIOXIDE UND SULFITE,,1.01,,,,,,,0.24251,3.84172,0.24011,PCK-00-151923-5,Main,
FV4097A - [DE] - Kare-Kare Barramundi & Pineapple Wild Rice,REC-032497-4-003,R,1,portions,Chili & Ginger spiced Barramundi,S,,1,each,,SUB-032495-4-001,THAW / DEBOX / HAND MARINADE / OVEN / BLAST CHILLER,,FISCH,,0.80808,,,,,,4.23288,0.26455,5.23819,0.32739,PCK-00-151923-5,Main,
FV4097A - [DE] - Kare-Kare Barramundi & Pineapple Wild Rice,REC-032497-4-003,R,1,portions,Kare Kare Sauce Base,S,,70,grams,,SUB-032493-4-001,SPICE PORTIONING / IMMERSION BLENDER / BRAISER / BLAST CHILLER,,ERDNÜSSE,,0.77081,,,,,,,0.15432,3.20334,0.20021,PCK-00-151923-5,Main,
FV4097A - [DE] - Kare-Kare Barramundi & Pineapple Wild Rice,REC-032497-4-003,R,1,portions,Gochugaru - Lemon - Green Onion roasted Peanuts,S,,10,grams,,SUB-032339-4-001,OVEN / BLAST CHILLER,,,,0.76936,,,,,,,0.02205,0.45848,0.02866,PCK-00-151923-5,Main,
FV4097A - [DE] - Kare-Kare Barramundi & Pineapple Wild Rice,REC-032497-4-003,R,1,portions,Oven Roasted Pak choi,S,,80,grams,,SUB-033029-4-001,OVEN / BLAST CHILLER,"2 : Side Compartment (from bottom to top)

80 g Pak Choi

Net Weight : 390 g",SESAMSAMEN,,0.59,,,,,,,0.17637,4.78295,0.29893,PCK-00-151923-5,2nd,

FV4097A - [DK/SE] - Kare-Kare Barramundi & Pineapple Wild Rice,REC-032497-4-002,R,1,portions,Pineapple Coconut wild rice,S,,110,grams,,SUB-032494-4-001,OVEN / HAND MIX / BLAST CHILLER,"""**PLATING INSTRUCTIONS**                                                                                                                                       
                                                                                                                                    ** Compartment Size**                                                                                                                         
                                                                                                                                       1 : Main Compartment (from bottom to top)

110 g Rice
1 ea Barramundi
70 g Kare Kare Sauce
10 roasted Peanuts
",SCHWEFELDIOXIDE UND SULFITE,,1.01,,,,,,,0.24251,3.84172,0.24011,PCK-00-151923-5,Main,
FV4097A - [DK/SE] - Kare-Kare Barramundi & Pineapple Wild Rice,REC-032497-4-002,R,1,portions,Chili & Ginger spiced Barramundi,S,,1,each,,SUB-032495-4-001,THAW / DEBOX / HAND MARINADE / OVEN / BLAST CHILLER,,FISCH,,0.80808,,,,,,4.23288,0.26455,5.23819,0.32739,PCK-00-151923-5,Main,
FV4097A - [DK/SE] - Kare-Kare Barramundi & Pineapple Wild Rice,REC-032497-4-002,R,1,portions,Kare Kare Sauce Base,S,,70,grams,,SUB-032493-4-001,SPICE PORTIONING / IMMERSION BLENDER / BRAISER / BLAST CHILLER,,ERDNÜSSE,,0.77081,,,,,,,0.15432,3.20334,0.20021,PCK-00-151923-5,Main,
FV4097A - [DK/SE] - Kare-Kare Barramundi & Pineapple Wild Rice,REC-032497-4-002,R,1,portions,Gochugaru - Lemon - Green Onion roasted Peanuts,S,,10,grams,,SUB-032339-4-001,OVEN / BLAST CHILLER,,,,0.76936,,,,,,,0.02205,0.45848,0.02866,PCK-00-151923-5,Main,
FV4097A - [DK/SE] - Kare-Kare Barramundi & Pineapple Wild Rice,REC-032497-4-002,R,1,portions,Oven Roasted Pak choi,S,,80,grams,,SUB-033029-4-001,OVEN / BLAST CHILLER,"2 : Side Compartment (from bottom to top)

80 g Pak Choi

Net Weight : 390 g",SESAMSAMEN,,0.59,,,,,,,0.17637,4.78295,0.29893,PCK-00-151923-5,2nd,

FV4098A - [BNL] -  Almond crusted Barramundi & Potato-Leek Mash,REC-033051-4-003,R,1,portions,Almond Crusted Barramundi,S,,1,each,,SUB-033058-4-001,UNCATEGORIZED BOM,"""**PLATING INSTRUCTIONS**                                                                                                                                       
        2 Compartment Tray        
                                                              
 1 : Main Compartment (from bottom to top)

140 g Mash 
1 ea Almond crusted Barramundi","EIER, FISCH, MANDELN, MILCH (EINSCHLIESSLICH LAKTOSE), SCHALENFRÜCHTE, SENF",,0.7956,,,,,,4.71472,0.29467,5.92603,0.37038,PCK-00-151923-5,Main,
FV4098A - [BNL] -  Almond crusted Barramundi & Potato-Leek Mash,REC-033051-4-003,R,1,portions,Mash Leek & Cream Cheese mashed Potatoes -Less Salt,S,,140,grams,,SUB-032507-4-001,PLANETARY MIXER / BLAST CHILLER,,"MILCH (EINSCHLIESSLICH LAKTOSE), SCHWEFELDIOXIDE UND SULFITE",,0.94438,,,,,,,0.30865,5.22922,0.32683,PCK-00-151923-5,Main,
FV4098A - [BNL] -  Almond crusted Barramundi & Potato-Leek Mash,REC-033051-4-003,R,1,portions,Tomatoes - Roasted cherry tomatoes,S,,50,grams,,SUB-013627-4-001,OVEN / BLAST CHILLER,"2 : Side Compartment (from bottom to top) 
50g Roasted Tomatos
50g Roasted Leek
Net Weight : 373.66 g",,,0.8416,,,,,,,0.11023,2.09566,0.13098,PCK-00-151923-5,2nd,
FV4098A - [BNL] -  Almond crusted Barramundi & Potato-Leek Mash,REC-033051-4-003,R,1,portions,Roasted Leeks,S,,50,grams,,SUB-033059-4-001,UNCATEGORIZED BOM,,,,0.70402,,,,,,,0.11023,2.5052,0.15657,PCK-00-151923-5,2nd,

FV4098A - [DE] -  Almond crusted Barramundi & Potato-Leek Mash,REC-033051-4-002,R,1,portions,Almond Crusted Barramundi,S,,1,each,,SUB-033058-4-001,UNCATEGORIZED BOM,"""**PLATING INSTRUCTIONS**                                                                                                                                       
        2 Compartment Tray        
                                                              
 1 : Main Compartment (from bottom to top)

140 g Mash 
1 ea Almond crusted Barramundi","EIER, FISCH, MANDELN, MILCH (EINSCHLIESSLICH LAKTOSE), SCHALENFRÜCHTE, SENF",,0.7956,,,,,,4.71472,0.29467,5.92603,0.37038,PCK-00-151923-5,Main,
FV4098A - [DE] -  Almond crusted Barramundi & Potato-Leek Mash,REC-033051-4-002,R,1,portions,Mash Leek & Cream Cheese mashed Potatoes -Less Salt,S,,140,grams,,SUB-032507-4-001,PLANETARY MIXER / BLAST CHILLER,,"MILCH (EINSCHLIESSLICH LAKTOSE), SCHWEFELDIOXIDE UND SULFITE",,0.94438,,,,,,,0.30865,5.22922,0.32683,PCK-00-151923-5,Main,
FV4098A - [DE] -  Almond crusted Barramundi & Potato-Leek Mash,REC-033051-4-002,R,1,portions,Tomatoes - Roasted cherry tomatoes,S,,50,grams,,SUB-013627-4-001,OVEN / BLAST CHILLER,"2 : Side Compartment (from bottom to top) 
50g Roasted Tomatos
50g Roasted Leek
Net Weight : 373.66 g",,,0.8416,,,,,,,0.11023,2.09566,0.13098,PCK-00-151923-5,2nd,
FV4098A - [DE] -  Almond crusted Barramundi & Potato-Leek Mash,REC-033051-4-002,R,1,portions,Roasted Leeks,S,,50,grams,,SUB-033059-4-001,UNCATEGORIZED BOM,,,,0.70402,,,,,,,0.11023,2.5052,0.15657,PCK-00-151923-5,2nd,

FV4098A - [DK/SE] -  Almond crusted Barramundi & Potato-Leek Mash,REC-033051-4-001,R,1,portions,Almond Crusted Barramundi,S,,1,each,,SUB-033058-4-001,UNCATEGORIZED BOM,"""**PLATING INSTRUCTIONS**                                                                                                                                       
        2 Compartment Tray        
                                                              
 1 : Main Compartment (from bottom to top)

140 g Mash 
1 ea Almond crusted Barramundi","EIER, FISCH, MANDELN, MILCH (EINSCHLIESSLICH LAKTOSE), SCHALENFRÜCHTE, SENF",,0.7956,,,,,,4.71472,0.29467,5.92603,0.37038,PCK-00-151923-5,Main,
FV4098A - [DK/SE] -  Almond crusted Barramundi & Potato-Leek Mash,REC-033051-4-001,R,1,portions,Mash Leek & Cream Cheese mashed Potatoes -Less Salt,S,,140,grams,,SUB-032507-4-001,PLANETARY MIXER / BLAST CHILLER,,"MILCH (EINSCHLIESSLICH LAKTOSE), SCHWEFELDIOXIDE UND SULFITE",,0.94438,,,,,,,0.30865,5.22922,0.32683,PCK-00-151923-5,Main,
FV4098A - [DK/SE] -  Almond crusted Barramundi & Potato-Leek Mash,REC-033051-4-001,R,1,portions,Tomatoes - Roasted cherry tomatoes,S,,50,grams,,SUB-013627-4-001,OVEN / BLAST CHILLER,"2 : Side Compartment (from bottom to top) 
50g Roasted Tomatos
50g Roasted Leek
Net Weight : 373.66 g",,,0.8416,,,,,,,0.11023,2.09566,0.13098,PCK-00-151923-5,2nd,
FV4098A - [DK/SE] -  Almond crusted Barramundi & Potato-Leek Mash,REC-033051-4-001,R,1,portions,Roasted Leeks,S,,50,grams,,SUB-033059-4-001,UNCATEGORIZED BOM,,,,0.70402,,,,,,,0.11023,2.5052,0.15657,PCK-00-151923-5,2nd,

FV4099A BBQ - [BNL] - pulled Pork loaded Sweet Potato,REC-032991-4-002,R,1,portions,Roasted Sweet Potato - Loaded Sweet Potato,S,,100,grams,,SUB-032730-4-001,OVEN / BLAST CHILLER,"""**PLATING INSTRUCTIONS**                                                                                                                                       
                                                                                                                                    ** Compartment Size**                                                                                                                         
                                                                                                                                       1 : Main Compartment (from bottom to top)
100 g Roasted loaded sweet potato 
95 g Pulled Pork 
70 g ancho - Mango BBQ sauce 
10 g Cheddar",,,0.85979,,,,,,,0.22046,4.10263,0.25641,PCK-00-151923-5,Main,
FV4099A BBQ - [BNL] - pulled Pork loaded Sweet Potato,REC-032991-4-002,R,1,portions,Shredded pork - Pulled Pork Base Recipe,S,,95,grams,,SUB-013730-4-001,HAND MIX / COLD SHREDDER,,,,0.98,,,,,,,0.20944,3.41942,0.21371,PCK-00-151923-5,Main,
FV4099A BBQ - [BNL] - pulled Pork loaded Sweet Potato,REC-032991-4-002,R,1,portions,Ancho - Mango Bbq Sauce,S,,70,grams,,SUB-032731-4-001,SPICE PORTIONING / IMMERSION BLENDER / BRAISER / BLAST CHILLER,,"SCHWEFELDIOXIDE UND SULFITE, SELLERIE",,0.9135,,,,,,,0.15432,2.70299,0.16894,PCK-00-151923-5,Main,
FV4099A BBQ - [BNL] - pulled Pork loaded Sweet Potato,REC-032991-4-002,R,1,portions,"FA-DE Cheese, Red Cheddar/Käse, Roter Cheddar",I,DAI-00-139129-3,10,grams,,,,,MILCH (EINSCHLIESSLICH LAKTOSE),,,,,,,,,0.02205,0.35274,0.02205,PCK-00-151923-5,Main,
FV4099A BBQ - [BNL] - pulled Pork loaded Sweet Potato,REC-032991-4-002,R,1,portions,Roasted Pepper and Red Cabbage Slaw,S,,60,grams,,SUB-032744-4-001,OVEN / BLAST CHILLER,"2 : Side Compartment 

Roasted Pepper and red Cabbage 60 g 

CUPPED
Slaw vinaigrett 25 g

Net Weight : 370 g",,,0.74529,,,,,,,0.13228,2.83976,0.17748,PCK-00-151923-5,2nd,
FV4099A BBQ - [BNL] - pulled Pork loaded Sweet Potato,REC-032991-4-002,R,1,portions,Slaw Vinaigrette,S,,25,grams,,SUB-033028-4-001,UNCATEGORIZED BOM,,"EIER, MILCH (EINSCHLIESSLICH LAKTOSE), SENF",,0.97998,,,,,,,0.05512,0.89986,0.05624,PCK-00-151923-5,2nd,

FV4099A BBQ - [DE] - pulled Pork loaded Sweet Potato,REC-032991-4-001,R,1,portions,Roasted Sweet Potato - Loaded Sweet Potato,S,,100,grams,,SUB-032730-4-001,OVEN / BLAST CHILLER,"""**PLATING INSTRUCTIONS**                                                                                                                                       
                                                                                                                                    ** Compartment Size**                                                                                                                         
                                                                                                                                       1 : Main Compartment (from bottom to top)
100 g Roasted loaded sweet potato 
95 g Pulled Pork 
70 g ancho - Mango BBQ sauce 
10 g Cheddar",,,0.85979,,,,,,,0.22046,4.10263,0.25641,PCK-00-151923-5,Main,
FV4099A BBQ - [DE] - pulled Pork loaded Sweet Potato,REC-032991-4-001,R,1,portions,Shredded pork - Pulled Pork Base Recipe,S,,95,grams,,SUB-013730-4-001,HAND MIX / COLD SHREDDER,,,,0.98,,,,,,,0.20944,3.41942,0.21371,PCK-00-151923-5,Main,
FV4099A BBQ - [DE] - pulled Pork loaded Sweet Potato,REC-032991-4-001,R,1,portions,Ancho - Mango Bbq Sauce,S,,70,grams,,SUB-032731-4-001,SPICE PORTIONING / IMMERSION BLENDER / BRAISER / BLAST CHILLER,,"SCHWEFELDIOXIDE UND SULFITE, SELLERIE",,0.9135,,,,,,,0.15432,2.70299,0.16894,PCK-00-151923-5,Main,
FV4099A BBQ - [DE] - pulled Pork loaded Sweet Potato,REC-032991-4-001,R,1,portions,"FA-DE Cheese, Red Cheddar/Käse, Roter Cheddar",I,DAI-00-139129-3,10,grams,,,,,MILCH (EINSCHLIESSLICH LAKTOSE),,,,,,,,,0.02205,0.35274,0.02205,PCK-00-151923-5,Main,
FV4099A BBQ - [DE] - pulled Pork loaded Sweet Potato,REC-032991-4-001,R,1,portions,Roasted Pepper and Red Cabbage Slaw,S,,60,grams,,SUB-032744-4-001,OVEN / BLAST CHILLER,"2 : Side Compartment 

Roasted Pepper and red Cabbage 60 g 

CUPPED
Slaw vinaigrett 25 g

Net Weight : 370 g",,,0.74529,,,,,,,0.13228,2.83976,0.17748,PCK-00-151923-5,2nd,
FV4099A BBQ - [DE] - pulled Pork loaded Sweet Potato,REC-032991-4-001,R,1,portions,Slaw Vinaigrette,S,,25,grams,,SUB-033028-4-001,UNCATEGORIZED BOM,,"EIER, MILCH (EINSCHLIESSLICH LAKTOSE), SENF",,0.97998,,,,,,,0.05512,0.89986,0.05624,PCK-00-151923-5,2nd,

FV4099A BBQ - [DK/SE] - pulled Pork loaded Sweet Potato,REC-032991-4-003,R,1,portions,Roasted Sweet Potato - Loaded Sweet Potato,S,,100,grams,,SUB-032730-4-001,OVEN / BLAST CHILLER,"""**PLATING INSTRUCTIONS**                                                                                                                                       
                                                                                                                                    ** Compartment Size**                                                                                                                         
                                                                                                                                       1 : Main Compartment (from bottom to top)
100 g Roasted loaded sweet potato 
95 g Pulled Pork 
70 g ancho - Mango BBQ sauce 
10 g Cheddar",,,0.85979,,,,,,,0.22046,4.10263,0.25641,PCK-00-151923-5,Main,
FV4099A BBQ - [DK/SE] - pulled Pork loaded Sweet Potato,REC-032991-4-003,R,1,portions,Shredded pork - Pulled Pork Base Recipe,S,,95,grams,,SUB-013730-4-001,HAND MIX / COLD SHREDDER,,,,0.98,,,,,,,0.20944,3.41942,0.21371,PCK-00-151923-5,Main,
FV4099A BBQ - [DK/SE] - pulled Pork loaded Sweet Potato,REC-032991-4-003,R,1,portions,Ancho - Mango Bbq Sauce,S,,70,grams,,SUB-032731-4-001,SPICE PORTIONING / IMMERSION BLENDER / BRAISER / BLAST CHILLER,,"SCHWEFELDIOXIDE UND SULFITE, SELLERIE",,0.9135,,,,,,,0.15432,2.70299,0.16894,PCK-00-151923-5,Main,
FV4099A BBQ - [DK/SE] - pulled Pork loaded Sweet Potato,REC-032991-4-003,R,1,portions,"FA-DE Cheese, Red Cheddar/Käse, Roter Cheddar",I,DAI-00-139129-3,10,grams,,,,,MILCH (EINSCHLIESSLICH LAKTOSE),,,,,,,,,0.02205,0.35274,0.02205,PCK-00-151923-5,Main,
FV4099A BBQ - [DK/SE] - pulled Pork loaded Sweet Potato,REC-032991-4-003,R,1,portions,Roasted Pepper and Red Cabbage Slaw,S,,60,grams,,SUB-032744-4-001,OVEN / BLAST CHILLER,"2 : Side Compartment 

Roasted Pepper and red Cabbage 60 g 

CUPPED
Slaw vinaigrett 25 g

Net Weight : 370 g",,,0.74529,,,,,,,0.13228,2.83976,0.17748,PCK-00-151923-5,2nd,
FV4099A BBQ - [DK/SE] - pulled Pork loaded Sweet Potato,REC-032991-4-003,R,1,portions,Slaw Vinaigrette,S,,25,grams,,SUB-033028-4-001,UNCATEGORIZED BOM,,"EIER, MILCH (EINSCHLIESSLICH LAKTOSE), SENF",,0.97998,,,,,,,0.05512,0.89986,0.05624,PCK-00-151923-5,2nd,

FV4100A - [BNL] Golden Turmeric Barramundi,REC-033013-4-001,R,1,portions,Coconut Rice with inclusions,S,,100,grams,,SUB-033552-4-001,OVEN / HAND MIX / BLAST CHILLER,"PLATING INSTRUCTIONS

100g -Coconut Rice
140g -Golden Turmeric Barramundi
70g -Cherry Tomatoes
2g -Green onions

",SCHWEFELDIOXIDE UND SULFITE,,1,,,,,,,0.22046,3.5274,0.22046,PCK-00-151923-5,Main,
FV4100A - [BNL] Golden Turmeric Barramundi,REC-033013-4-001,R,1,portions,Golden Turmeric Barramundi,S,,140,grams,,SUB-033557-4-001,THAW / DEBOX / HAND MARINADE / OVEN / BLAST CHILLER,,"FISCH, KASCHUNÜSSE, SCHALENFRÜCHTE, SCHWEFELDIOXIDE UND SULFITE",,0.8,,,,,,,0.30865,6.17295,0.38581,PCK-00-151923-5,Main,
FV4100A - [BNL] Golden Turmeric Barramundi,REC-033013-4-001,R,1,portions,Tomatoes - Roasted cherry tomatoes,S,,70,grams,,SUB-013627-4-001,OVEN / BLAST CHILLER,,,,0.8416,,,,,,,0.15432,2.93392,0.18337,PCK-00-151923-5,Main,
FV4100A - [BNL] Golden Turmeric Barramundi,REC-033013-4-001,R,1,portions,Roasted Green Onions,S,,2,grams,,SUB-023370-4-001,OVEN / BLAST CHILLER,,,,0.502,,,,,,,0.00441,0.14053,0.00878,PCK-00-151923-5,Main,
FV4100A - [BNL] Golden Turmeric Barramundi,REC-033013-4-001,R,1,portions,Oven Roasted Pak Choi (Sweet & Sour),S,,100,grams,,SUB-033338-4-001,OVEN / BLAST CHILLER,"PLATING INSTRUCTIONS

100g -Pak choi

NET WEIGHT: 440g",SESAMSAMEN,,0.69913,,,,,,,0.22046,5.04542,0.31534,PCK-00-151923-5,2nd,

FV4100A - [DE] Golden Turmeric Barramundi,REC-033013-4-002,R,1,portions,Coconut Rice with inclusions,S,,100,grams,,SUB-033552-4-001,OVEN / HAND MIX / BLAST CHILLER,"PLATING INSTRUCTIONS

100g -Coconut Rice
140g -Golden Turmeric Barramundi
70g -Cherry Tomatoes
2g -Green onions

",SCHWEFELDIOXIDE UND SULFITE,,1,,,,,,,0.22046,3.5274,0.22046,PCK-00-151923-5,Main,
FV4100A - [DE] Golden Turmeric Barramundi,REC-033013-4-002,R,1,portions,Golden Turmeric Barramundi,S,,140,grams,,SUB-033557-4-001,THAW / DEBOX / HAND MARINADE / OVEN / BLAST CHILLER,,"FISCH, KASCHUNÜSSE, SCHALENFRÜCHTE, SCHWEFELDIOXIDE UND SULFITE",,0.8,,,,,,,0.30865,6.17295,0.38581,PCK-00-151923-5,Main,
FV4100A - [DE] Golden Turmeric Barramundi,REC-033013-4-002,R,1,portions,Tomatoes - Roasted cherry tomatoes,S,,70,grams,,SUB-013627-4-001,OVEN / BLAST CHILLER,,,,0.8416,,,,,,,0.15432,2.93392,0.18337,PCK-00-151923-5,Main,
FV4100A - [DE] Golden Turmeric Barramundi,REC-033013-4-002,R,1,portions,Roasted Green Onions,S,,2,grams,,SUB-023370-4-001,OVEN / BLAST CHILLER,,,,0.502,,,,,,,0.00441,0.14053,0.00878,PCK-00-151923-5,Main,
FV4100A - [DE] Golden Turmeric Barramundi,REC-033013-4-002,R,1,portions,Oven Roasted Pak Choi (Sweet & Sour),S,,100,grams,,SUB-033338-4-001,OVEN / BLAST CHILLER,"PLATING INSTRUCTIONS

100g -Pak choi

NET WEIGHT: 440g",SESAMSAMEN,,0.69913,,,,,,,0.22046,5.04542,0.31534,PCK-00-151923-5,2nd,

FV4100A - [DSKE] Golden Turmeric Barramundi,REC-033013-4-003,R,1,portions,Coconut Rice with inclusions,S,,100,grams,,SUB-033552-4-001,OVEN / HAND MIX / BLAST CHILLER,"PLATING INSTRUCTIONS

100g -Coconut Rice
140g -Golden Turmeric Barramundi
70g -Cherry Tomatoes
2g -Green onions

",SCHWEFELDIOXIDE UND SULFITE,,1,,,,,,,0.22046,3.5274,0.22046,PCK-00-151923-5,Main,
FV4100A - [DSKE] Golden Turmeric Barramundi,REC-033013-4-003,R,1,portions,Golden Turmeric Barramundi,S,,140,grams,,SUB-033557-4-001,THAW / DEBOX / HAND MARINADE / OVEN / BLAST CHILLER,,"FISCH, KASCHUNÜSSE, SCHALENFRÜCHTE, SCHWEFELDIOXIDE UND SULFITE",,0.8,,,,,,,0.30865,6.17295,0.38581,PCK-00-151923-5,Main,
FV4100A - [DSKE] Golden Turmeric Barramundi,REC-033013-4-003,R,1,portions,Tomatoes - Roasted cherry tomatoes,S,,70,grams,,SUB-013627-4-001,OVEN / BLAST CHILLER,,,,0.8416,,,,,,,0.15432,2.93392,0.18337,PCK-00-151923-5,Main,
FV4100A - [DSKE] Golden Turmeric Barramundi,REC-033013-4-003,R,1,portions,Roasted Green Onions,S,,2,grams,,SUB-023370-4-001,OVEN / BLAST CHILLER,,,,0.502,,,,,,,0.00441,0.14053,0.00878,PCK-00-151923-5,Main,
FV4100A - [DSKE] Golden Turmeric Barramundi,REC-033013-4-003,R,1,portions,Oven Roasted Pak Choi (Sweet & Sour),S,,100,grams,,SUB-033338-4-001,OVEN / BLAST CHILLER,"PLATING INSTRUCTIONS

100g -Pak choi

NET WEIGHT: 440g",SESAMSAMEN,,0.69913,,,,,,,0.22046,5.04542,0.31534,PCK-00-151923-5,2nd,

FV4101A -[DE]  Sticky Seeded Salmon & Potato-Dill Mash,REC-030375-4-002,R,1,portions,Dill Mash,S,,160,grams,,SUB-030378-4-001,PLANETARY MIXER / BLAST CHILLER,"Plating Instructions

160g Dill Mash
1 Ea Salmon
65g Creme Sauce",MILCH (EINSCHLIESSLICH LAKTOSE),,0.9636,,,,,,,0.35274,5.85703,0.36606,PCK-00-151923-5,Main,
FV4101A -[DE]  Sticky Seeded Salmon & Potato-Dill Mash,REC-030375-4-002,R,1,portions,Marinated Sticky Seeded Salmon,S,,1,each,,SUB-033021-4-001,THAW / HAND MARINADE / OVEN / BLAST CHILLER,,FISCH,,0.87097,,,,,,4.76199,0.29762,5.46747,0.34172,PCK-00-151923-5,Main,
FV4101A -[DE]  Sticky Seeded Salmon & Potato-Dill Mash,REC-030375-4-002,R,1,portions,Creme sauce - Köttbullar Och Gräddsås,S,,65,grams,,SUB-030382-4-001,SPICE PORTIONING / BRAISER / BLAST CHILLER,,"MILCH (EINSCHLIESSLICH LAKTOSE), SELLERIE, SOJA",,0.52959,,,,,,,0.1433,4.32943,0.27059,PCK-00-151923-5,Main,
FV4101A -[DE]  Sticky Seeded Salmon & Potato-Dill Mash,REC-030375-4-002,R,1,portions,Roasted Beets,S,,85,grams,,SUB-029221-4-001,OVEN / BLAST CHILLER,"Plating Instructions

85g - Roasted Beets

Plated weight: 445g
","SCHWEFELDIOXIDE UND SULFITE, SESAMSAMEN",,0.4675,,,,,,,0.18739,6.41349,0.40084,PCK-00-151923-5,2nd,

FV4101A -[DSKE]  Sticky Seeded Salmon & Potato-Dill Mash,REC-030375-4-003,R,1,portions,Dill Mash,S,,160,grams,,SUB-030378-4-001,PLANETARY MIXER / BLAST CHILLER,"Plating Instructions

160g Dill Mash
1 Ea Salmon
65g Creme Sauce",MILCH (EINSCHLIESSLICH LAKTOSE),,0.9636,,,,,,,0.35274,5.85703,0.36606,PCK-00-151923-5,Main,
FV4101A -[DSKE]  Sticky Seeded Salmon & Potato-Dill Mash,REC-030375-4-003,R,1,portions,Marinated Sticky Seeded Salmon,S,,1,each,,SUB-033021-4-001,THAW / HAND MARINADE / OVEN / BLAST CHILLER,,FISCH,,0.87097,,,,,,4.76199,0.29762,5.46747,0.34172,PCK-00-151923-5,Main,
FV4101A -[DSKE]  Sticky Seeded Salmon & Potato-Dill Mash,REC-030375-4-003,R,1,portions,Creme sauce - Köttbullar Och Gräddsås,S,,65,grams,,SUB-030382-4-001,SPICE PORTIONING / BRAISER / BLAST CHILLER,,"MILCH (EINSCHLIESSLICH LAKTOSE), SELLERIE, SOJA",,0.52959,,,,,,,0.1433,4.32943,0.27059,PCK-00-151923-5,Main,
FV4101A -[DSKE]  Sticky Seeded Salmon & Potato-Dill Mash,REC-030375-4-003,R,1,portions,Roasted Beets,S,,85,grams,,SUB-029221-4-001,OVEN / BLAST CHILLER,"Plating Instructions

85g - Roasted Beets

Plated weight: 445g
","SCHWEFELDIOXIDE UND SULFITE, SESAMSAMEN",,0.4675,,,,,,,0.18739,6.41349,0.40084,PCK-00-151923-5,2nd,

FV4101A-[BNL] Sticky Seeded Salmon & Potato-Dill Mash,REC-030375-4-001,R,1,portions,Dill Mash,S,,160,grams,,SUB-030378-4-001,PLANETARY MIXER / BLAST CHILLER,"Plating Instructions

160g Dill Mash
1 Ea Salmon
65g Creme Sauce",MILCH (EINSCHLIESSLICH LAKTOSE),,0.9636,,,,,,,0.35274,5.85703,0.36606,PCK-00-151923-5,Main,
FV4101A-[BNL] Sticky Seeded Salmon & Potato-Dill Mash,REC-030375-4-001,R,1,portions,Marinated Sticky Seeded Salmon,S,,1,each,,SUB-033021-4-001,THAW / HAND MARINADE / OVEN / BLAST CHILLER,,FISCH,,0.87097,,,,,,4.76199,0.29762,5.46747,0.34172,PCK-00-151923-5,Main,
FV4101A-[BNL] Sticky Seeded Salmon & Potato-Dill Mash,REC-030375-4-001,R,1,portions,Creme sauce - Köttbullar Och Gräddsås,S,,65,grams,,SUB-030382-4-001,SPICE PORTIONING / BRAISER / BLAST CHILLER,,"MILCH (EINSCHLIESSLICH LAKTOSE), SELLERIE, SOJA",,0.52959,,,,,,,0.1433,4.32943,0.27059,PCK-00-151923-5,Main,
FV4101A-[BNL] Sticky Seeded Salmon & Potato-Dill Mash,REC-030375-4-001,R,1,portions,Roasted Beets,S,,85,grams,,SUB-029221-4-001,OVEN / BLAST CHILLER,"Plating Instructions

85g - Roasted Beets

Plated weight: 445g
","SCHWEFELDIOXIDE UND SULFITE, SESAMSAMEN",,0.4675,,,,,,,0.18739,6.41349,0.40084,PCK-00-151923-5,2nd,

FV4102A [BNL] Tomato-Spiced Rice & Meatballs,REC-032734-4-002,R,1,portions,Master Meatball - Beef Only,S,,6,each,,SUB-032735-4-001,HORIZONTAL MIXER / PATTY MAKER / OVEN / BLAST CHILLER,"Plating Instructions

6ea Meatballs
170g Tomato Rice
2g Green Onions","MILCH (EINSCHLIESSLICH LAKTOSE), SELLERIE",,0.68918,,,,,,4.23288,0.26455,6.14189,0.38387,PCK-00-151924-5,Main,
FV4102A [BNL] Tomato-Spiced Rice & Meatballs,REC-032734-4-002,R,1,portions,Tomato Rice,S,,170,grams,,SUB-032741-4-001,SPICE PORTIONING / IMMERSION BLENDER / BRAISER / BLAST CHILLER,,"SCHWEFELDIOXIDE UND SULFITE, SELLERIE",,0.89372,,,,,,,0.37479,6.70969,0.41936,PCK-00-151924-5,Main,
FV4102A [BNL] Tomato-Spiced Rice & Meatballs,REC-032734-4-002,R,1,portions,Roasted Green Onions,S,,2,grams,,SUB-023370-4-001,OVEN / BLAST CHILLER,,,,0.502,,,,,,,0.00441,0.14053,0.00878,PCK-00-151924-5,Main,
FV4102A [BNL] Tomato-Spiced Rice & Meatballs,REC-032734-4-002,R,1,portions,"Pumpkin - Pumpkin, onion and thyme",S,,100,grams,,SUB-014245-4-001,OVEN / BLAST CHILLER,"Plating instructions

100g Pumpkin",,,0.86275,,,,,,,0.22046,4.08858,0.25554,PCK-00-151924-5,2nd,
FV4102A [BNL] Tomato-Spiced Rice & Meatballs,REC-032734-4-002,R,1,portions,Sauce Green Chili Salsa Verde -Caramelized Garlic Meatballs version,S,,30,grams,,SUB-033054-4-001,HAND MIX,"Plating Instructions

1 cup Green Chili Salsa (30g)

Net weight 422g",SCHWEFELDIOXIDE UND SULFITE,,0.76633,,,,,,,0.06614,1.38089,0.08631,PCK-00-151924-5,3rd,

FV4102A [DE] Tomato-Spiced Rice & Meatballs,REC-032734-4-003,R,1,portions,Master Meatball - Beef Only,S,,6,each,,SUB-032735-4-001,HORIZONTAL MIXER / PATTY MAKER / OVEN / BLAST CHILLER,"Plating Instructions

6ea Meatballs
170g Tomato Rice
2g Green Onions","MILCH (EINSCHLIESSLICH LAKTOSE), SELLERIE",,0.68918,,,,,,4.23288,0.26455,6.14189,0.38387,PCK-00-151924-5,Main,
FV4102A [DE] Tomato-Spiced Rice & Meatballs,REC-032734-4-003,R,1,portions,Tomato Rice,S,,170,grams,,SUB-032741-4-001,SPICE PORTIONING / IMMERSION BLENDER / BRAISER / BLAST CHILLER,,"SCHWEFELDIOXIDE UND SULFITE, SELLERIE",,0.89372,,,,,,,0.37479,6.70969,0.41936,PCK-00-151924-5,Main,
FV4102A [DE] Tomato-Spiced Rice & Meatballs,REC-032734-4-003,R,1,portions,Roasted Green Onions,S,,2,grams,,SUB-023370-4-001,OVEN / BLAST CHILLER,,,,0.502,,,,,,,0.00441,0.14053,0.00878,PCK-00-151924-5,Main,
FV4102A [DE] Tomato-Spiced Rice & Meatballs,REC-032734-4-003,R,1,portions,"Pumpkin - Pumpkin, onion and thyme",S,,100,grams,,SUB-014245-4-001,OVEN / BLAST CHILLER,"Plating instructions

100g Pumpkin",,,0.86275,,,,,,,0.22046,4.08858,0.25554,PCK-00-151924-5,2nd,
FV4102A [DE] Tomato-Spiced Rice & Meatballs,REC-032734-4-003,R,1,portions,Sauce Green Chili Salsa Verde -Caramelized Garlic Meatballs version,S,,30,grams,,SUB-033054-4-001,HAND MIX,"Plating Instructions

1 cup Green Chili Salsa (30g)

Net weight 422g",SCHWEFELDIOXIDE UND SULFITE,,0.76633,,,,,,,0.06614,1.38089,0.08631,PCK-00-151924-5,3rd,

FV4102A [DSKE] Tomato-Spiced Rice & Meatballs,REC-032734-4-001,R,1,portions,Master Meatball - Beef Only,S,,6,each,,SUB-032735-4-001,HORIZONTAL MIXER / PATTY MAKER / OVEN / BLAST CHILLER,"Plating Instructions

6ea Meatballs
190g Tomato Rice
2g Green Onions","MILCH (EINSCHLIESSLICH LAKTOSE), SELLERIE",,0.68918,,,,,,4.23288,0.26455,6.14189,0.38387,PCK-00-151924-5,Main,
FV4102A [DSKE] Tomato-Spiced Rice & Meatballs,REC-032734-4-001,R,1,portions,Tomato Rice,S,,170,grams,,SUB-032741-4-001,SPICE PORTIONING / IMMERSION BLENDER / BRAISER / BLAST CHILLER,,"SCHWEFELDIOXIDE UND SULFITE, SELLERIE",,0.89372,,,,,,,0.37479,6.70969,0.41936,PCK-00-151924-5,Main,
FV4102A [DSKE] Tomato-Spiced Rice & Meatballs,REC-032734-4-001,R,1,portions,Roasted Green Onions,S,,2,grams,,SUB-023370-4-001,OVEN / BLAST CHILLER,,,,0.502,,,,,,,0.00441,0.14053,0.00878,PCK-00-151924-5,Main,
FV4102A [DSKE] Tomato-Spiced Rice & Meatballs,REC-032734-4-001,R,1,portions,"Pumpkin - Pumpkin, onion and thyme",S,,100,grams,,SUB-014245-4-001,OVEN / BLAST CHILLER,"Plating instructions

90g Pumpkin",,,0.86275,,,,,,,0.22046,4.08858,0.25554,PCK-00-151924-5,2nd,
FV4102A [DSKE] Tomato-Spiced Rice & Meatballs,REC-032734-4-001,R,1,portions,Sauce Green Chili Salsa Verde -Caramelized Garlic Meatballs version,S,,30,grams,,SUB-033054-4-001,HAND MIX,"Plating Instructions

1 cup Green Chili Salsa (30g)

Net weight 422g",SCHWEFELDIOXIDE UND SULFITE,,0.76633,,,,,,,0.06614,1.38089,0.08631,PCK-00-151924-5,3rd,

FV4103A -[BNL] Cinnamon Spiced Salmon & Lemon Couscous,REC-029486-4-002,R,1,portions,"Lemon Couscous with Dates, Mint and Dill",S,,170,grams,,SUB-031448-4-001,OVEN / HAND MIX / BLAST CHILLER,"Plating Instructions

170g Couscous
125g Salmon
2g Toasted almonds sprinkled on top
","GLUTENHALTIGES GETREIDE, SCHWEFELDIOXIDE UND SULFITE, WEIZEN",,0.92593,,,,,,,0.37479,6.4763,0.40477,PCK-00-151924-5,Main,
FV4103A -[BNL] Cinnamon Spiced Salmon & Lemon Couscous,REC-029486-4-002,R,1,portions,Cinnamon Rubbed Salmon V2,S,,1,each,,SUB-029489-4-001,THAW / HAND MARINADE / OVEN / BLAST CHILLER,,FISCH,,0.82616,,,,,,4.16233,0.26015,5.03818,0.31489,PCK-00-151924-5,Main,
FV4103A -[BNL] Cinnamon Spiced Salmon & Lemon Couscous,REC-029486-4-002,R,1,portions,Toasted Sliced Almonds,S,,2,grams,,SUB-013495-4-001,HAND MARINADE / OVEN / BLAST CHILLER,,"MANDELN, SCHALENFRÜCHTE",,0.77147,,,,,,,0.00441,0.09145,0.00572,PCK-00-151924-5,Main,
FV4103A -[BNL] Cinnamon Spiced Salmon & Lemon Couscous,REC-029486-4-002,R,1,portions,Carrots - Roasted Carrots with Thyme and Honey,S,,50,grams,,SUB-013640-4-001,OVEN / BLAST CHILLER,"Plating Instructions

SECOND COMPARTMENT

50g Carrots
50g Cumin
",,,0.98321,,,,,,,0.11023,1.79381,0.11211,PCK-00-151924-5,2nd,
FV4103A -[BNL] Cinnamon Spiced Salmon & Lemon Couscous,REC-029486-4-002,R,1,portions,Chili & Cumin Roasted Courgette,S,,50,grams,,SUB-014300-4-001,OVEN / BLAST CHILLER,,,,0.57162,,,,,,,0.11023,3.08546,0.19284,PCK-00-151924-5,2nd,
FV4103A -[BNL] Cinnamon Spiced Salmon & Lemon Couscous,REC-029486-4-002,R,1,portions,Lemon Tahini Yoghurt,S,,30,grams,,SUB-033248-4-001,IMMERSION BLENDER / CUPPING,"Plating Instructions

THIRD COMPARTMENT

30g Lemon Tahini sauce (Cupped)

NET WEIGHT 420g","MILCH (EINSCHLIESSLICH LAKTOSE), SESAMSAMEN",,0.8999,1,CUP,Cup,,,,0.06614,1.17593,0.0735,PCK-00-151924-5,3rd,

FV4103A -[DE] Cinnamon Spiced Salmon & Lemon Couscous,REC-029486-4-003,R,1,portions,"Lemon Couscous with Dates, Mint and Dill",S,,170,grams,,SUB-031448-4-001,OVEN / HAND MIX / BLAST CHILLER,"Plating Instructions

170g Couscous
125g Salmon
2g Toasted almonds sprinkled on top
","GLUTENHALTIGES GETREIDE, SCHWEFELDIOXIDE UND SULFITE, WEIZEN",,0.92593,,,,,,,0.37479,6.4763,0.40477,PCK-00-151924-5,Main,
FV4103A -[DE] Cinnamon Spiced Salmon & Lemon Couscous,REC-029486-4-003,R,1,portions,Cinnamon Rubbed Salmon V2,S,,1,each,,SUB-029489-4-001,THAW / HAND MARINADE / OVEN / BLAST CHILLER,,FISCH,,0.82616,,,,,,4.16233,0.26015,5.03818,0.31489,PCK-00-151924-5,Main,
FV4103A -[DE] Cinnamon Spiced Salmon & Lemon Couscous,REC-029486-4-003,R,1,portions,Toasted Sliced Almonds,S,,2,grams,,SUB-013495-4-001,HAND MARINADE / OVEN / BLAST CHILLER,,"MANDELN, SCHALENFRÜCHTE",,0.77147,,,,,,,0.00441,0.09145,0.00572,PCK-00-151924-5,Main,
FV4103A -[DE] Cinnamon Spiced Salmon & Lemon Couscous,REC-029486-4-003,R,1,portions,Carrots - Roasted Carrots with Thyme and Honey,S,,50,grams,,SUB-013640-4-001,OVEN / BLAST CHILLER,"Plating Instructions

SECOND COMPARTMENT

50g Carrots
50g Cumin
",,,0.98321,,,,,,,0.11023,1.79381,0.11211,PCK-00-151924-5,2nd,
FV4103A -[DE] Cinnamon Spiced Salmon & Lemon Couscous,REC-029486-4-003,R,1,portions,Chili & Cumin Roasted Courgette,S,,50,grams,,SUB-014300-4-001,OVEN / BLAST CHILLER,,,,0.57162,,,,,,,0.11023,3.08546,0.19284,PCK-00-151924-5,2nd,
FV4103A -[DE] Cinnamon Spiced Salmon & Lemon Couscous,REC-029486-4-003,R,1,portions,Lemon Tahini Yoghurt,S,,30,grams,,SUB-033248-4-001,IMMERSION BLENDER / CUPPING,"Plating Instructions

THIRD COMPARTMENT

30g Lemon Tahini sauce (Cupped)

NET WEIGHT 420g","MILCH (EINSCHLIESSLICH LAKTOSE), SESAMSAMEN",,0.8999,1,CUP,Cup,,,,0.06614,1.17593,0.0735,PCK-00-151924-5,3rd,

FV4103A -[DSKE] Cinnamon Spiced Salmon & Lemon Couscous,REC-029486-4-001,R,1,portions,"Lemon Couscous with Dates, Mint and Dill",S,,170,grams,,SUB-031448-4-001,OVEN / HAND MIX / BLAST CHILLER,"Plating Instructions

170g Couscous
125g Salmon
2g Toasted almonds sprinkled on top
","GLUTENHALTIGES GETREIDE, SCHWEFELDIOXIDE UND SULFITE, WEIZEN",,0.92593,,,,,,,0.37479,6.4763,0.40477,PCK-00-151924-5,Main,
FV4103A -[DSKE] Cinnamon Spiced Salmon & Lemon Couscous,REC-029486-4-001,R,1,portions,Cinnamon Rubbed Salmon V2,S,,1,each,,SUB-029489-4-001,THAW / HAND MARINADE / OVEN / BLAST CHILLER,,FISCH,,0.82616,,,,,,4.16233,0.26015,5.03818,0.31489,PCK-00-151924-5,Main,
FV4103A -[DSKE] Cinnamon Spiced Salmon & Lemon Couscous,REC-029486-4-001,R,1,portions,Toasted Sliced Almonds,S,,2,grams,,SUB-013495-4-001,HAND MARINADE / OVEN / BLAST CHILLER,,"MANDELN, SCHALENFRÜCHTE",,0.77147,,,,,,,0.00441,0.09145,0.00572,PCK-00-151924-5,Main,
FV4103A -[DSKE] Cinnamon Spiced Salmon & Lemon Couscous,REC-029486-4-001,R,1,portions,Carrots - Roasted Carrots with Thyme and Honey,S,,50,grams,,SUB-013640-4-001,OVEN / BLAST CHILLER,"Plating Instructions

SECOND COMPARTMENT

50g Carrots
50g Cumin
",,,0.98321,,,,,,,0.11023,1.79381,0.11211,PCK-00-151924-5,2nd,
FV4103A -[DSKE] Cinnamon Spiced Salmon & Lemon Couscous,REC-029486-4-001,R,1,portions,Chili & Cumin Roasted Courgette,S,,50,grams,,SUB-014300-4-001,OVEN / BLAST CHILLER,,,,0.57162,,,,,,,0.11023,3.08546,0.19284,PCK-00-151924-5,2nd,
FV4103A -[DSKE] Cinnamon Spiced Salmon & Lemon Couscous,REC-029486-4-001,R,1,portions,Lemon Tahini Yoghurt,S,,30,grams,,SUB-033248-4-001,IMMERSION BLENDER / CUPPING,"Plating Instructions

THIRD COMPARTMENT

30g Lemon Tahini sauce (Cupped)

NET WEIGHT 420g","MILCH (EINSCHLIESSLICH LAKTOSE), SESAMSAMEN",,0.8999,1,CUP,Cup,,,,0.06614,1.17593,0.0735,PCK-00-151924-5,3rd,

FV4104A - [BNL] - Basque Barramundi,REC-032870-4-001,R,1,portions,Basque Fennel Stew,S,,150,grams,,SUB-032868-4-001,SPICE PORTIONING / BRAISER / BLAST CHILLER,"""**PLATING INSTRUCTIONS**                                                                                                                                       
                                                                                                                                    ** Compartment Size**                                                                                                                         
                                                                                                                                       1 : Main Compartment (from bottom to top)

150 g Basque Fennel Stew 
1ea Barramundi


","SCHWEFELDIOXIDE UND SULFITE, SELLERIE, SENF",,0.6461,,,,,,,0.33069,8.18929,0.51183,PCK-00-151923-5,Main,
FV4104A - [BNL] - Basque Barramundi,REC-032870-4-001,R,1,portions,Garlic & Herb Marinated Barramundi,S,,1,each,,SUB-033056-4-001,UNCATEGORIZED BOM,,"FISCH, SCHWEFELDIOXIDE UND SULFITE",,0.75,,,,,,4.02123,0.25133,5.36165,0.3351,PCK-00-151923-5,Main,
FV4104A - [BNL] - Basque Barramundi,REC-032870-4-001,R,1,portions,Lemon & Thyme Polenta,S,,110,grams,,SUB-033055-4-001,SPICE PORTIONING / IMMERSION BLENDER / BRAISER / BLAST CHILLER,"2 : Side Compartment (from bottom to top)

110 g Polenta 
30 g Peas
15 g Leeks
Net Weight : 419g""",MILCH (EINSCHLIESSLICH LAKTOSE),,0.99459,,,,,,,0.24251,3.90123,0.24383,PCK-00-151923-5,2nd,
FV4104A - [BNL] - Basque Barramundi,REC-032870-4-001,R,1,portions,Peas - Steamed Peas,S,,30,grams,,SUB-013399-4-001,OVEN / BLAST CHILLER,,,,0.92912,,,,,,,0.06614,1.13894,0.07118,PCK-00-151923-5,2nd,
FV4104A - [BNL] - Basque Barramundi,REC-032870-4-001,R,1,portions,Roasted Leeks,S,,15,grams,,SUB-033059-4-001,UNCATEGORIZED BOM,,,,0.70402,,,,,,,0.03307,0.75156,0.04697,PCK-00-151923-5,2nd,

FV4104A - [DE] - Basque Barramundi,REC-032870-4-002,R,1,portions,Basque Fennel Stew,S,,150,grams,,SUB-032868-4-001,SPICE PORTIONING / BRAISER / BLAST CHILLER,"""**PLATING INSTRUCTIONS**                                                                                                                                       
                                                                                                                                    ** Compartment Size**                                                                                                                         
                                                                                                                                       1 : Main Compartment (from bottom to top)

150 g Basque Fennel Stew 
1ea Barramundi


","SCHWEFELDIOXIDE UND SULFITE, SELLERIE, SENF",,0.6461,,,,,,,0.33069,8.18929,0.51183,PCK-00-151923-5,Main,
FV4104A - [DE] - Basque Barramundi,REC-032870-4-002,R,1,portions,Garlic & Herb Marinated Barramundi,S,,1,each,,SUB-033056-4-001,UNCATEGORIZED BOM,,"FISCH, SCHWEFELDIOXIDE UND SULFITE",,0.75,,,,,,4.02123,0.25133,5.36165,0.3351,PCK-00-151923-5,Main,
FV4104A - [DE] - Basque Barramundi,REC-032870-4-002,R,1,portions,Lemon & Thyme Polenta,S,,110,grams,,SUB-033055-4-001,SPICE PORTIONING / IMMERSION BLENDER / BRAISER / BLAST CHILLER,"2 : Side Compartment (from bottom to top)

110 g Polenta 
30 g Peas
15 g Leeks
Net Weight : 419g""",MILCH (EINSCHLIESSLICH LAKTOSE),,0.99459,,,,,,,0.24251,3.90123,0.24383,PCK-00-151923-5,2nd,
FV4104A - [DE] - Basque Barramundi,REC-032870-4-002,R,1,portions,Peas - Steamed Peas,S,,30,grams,,SUB-013399-4-001,OVEN / BLAST CHILLER,,,,0.92912,,,,,,,0.06614,1.13894,0.07118,PCK-00-151923-5,2nd,
FV4104A - [DE] - Basque Barramundi,REC-032870-4-002,R,1,portions,Roasted Leeks,S,,15,grams,,SUB-033059-4-001,UNCATEGORIZED BOM,,,,0.70402,,,,,,,0.03307,0.75156,0.04697,PCK-00-151923-5,2nd,

FV4104A - [DK/SE] - Basque Barramundi,REC-032870-4-003,R,1,portions,Basque Fennel Stew,S,,150,grams,,SUB-032868-4-001,SPICE PORTIONING / BRAISER / BLAST CHILLER,"""**PLATING INSTRUCTIONS**                                                                                                                                       
                                                                                                                                    ** Compartment Size**                                                                                                                         
                                                                                                                                       1 : Main Compartment (from bottom to top)

150 g Basque Fennel Stew 
1ea Barramundi


","SCHWEFELDIOXIDE UND SULFITE, SELLERIE, SENF",,0.6461,,,,,,,0.33069,8.18929,0.51183,PCK-00-151923-5,Main,
FV4104A - [DK/SE] - Basque Barramundi,REC-032870-4-003,R,1,portions,Garlic & Herb Marinated Barramundi,S,,1,each,,SUB-033056-4-001,UNCATEGORIZED BOM,,"FISCH, SCHWEFELDIOXIDE UND SULFITE",,0.75,,,,,,4.02123,0.25133,5.36165,0.3351,PCK-00-151923-5,Main,
FV4104A - [DK/SE] - Basque Barramundi,REC-032870-4-003,R,1,portions,Lemon & Thyme Polenta,S,,110,grams,,SUB-033055-4-001,SPICE PORTIONING / IMMERSION BLENDER / BRAISER / BLAST CHILLER,"2 : Side Compartment (from bottom to top)

110 g Polenta 
30 g Peas
15 g Leeks
Net Weight : 419g""",MILCH (EINSCHLIESSLICH LAKTOSE),,0.99459,,,,,,,0.24251,3.90123,0.24383,PCK-00-151923-5,2nd,
FV4104A - [DK/SE] - Basque Barramundi,REC-032870-4-003,R,1,portions,Peas - Steamed Peas,S,,30,grams,,SUB-013399-4-001,OVEN / BLAST CHILLER,,,,0.92912,,,,,,,0.06614,1.13894,0.07118,PCK-00-151923-5,2nd,
FV4104A - [DK/SE] - Basque Barramundi,REC-032870-4-003,R,1,portions,Roasted Leeks,S,,15,grams,,SUB-033059-4-001,UNCATEGORIZED BOM,,,,0.70402,,,,,,,0.03307,0.75156,0.04697,PCK-00-151923-5,2nd,

FV4105A - [BNL] Sticky Beef & Broccoli,REC-030345-4-001,R,1,portions,Brown Basmati Rice Cooked -NO SALT,S,,120,grams,,SUB-030343-4-001,UNCATEGORIZED BOM,"1-COMPARTMENT TRAY

MAIN COMPARTMENT: 
From bottom to top
120g - Rice
120g -Beef
40g -Broccoli
70g -Sauce
3g -Sesame seeds
",,,1.02346,,,,,,,0.26455,4.13585,0.25849,PCK-00-151923-5,Main,
FV4105A - [BNL] Sticky Beef & Broccoli,REC-030345-4-001,R,1,portions,Shredded Sous Vide Beef,S,,120,grams,,SUB-013599-4-001,HAND MIX / COLD SHREDDER,,,,0.93864,,,,,,,0.26455,4.5096,0.28185,PCK-00-151923-5,Main,
FV4105A - [BNL] Sticky Beef & Broccoli,REC-030345-4-001,R,1,portions,Roasted Broccoli  (Broccoli and beef),S,,40,grams,,SUB-031359-4-001,OVEN / BLAST CHILLER,,,,0.78912,,,,,,,0.08818,1.78803,0.11175,PCK-00-151923-5,Main,
FV4105A - [BNL] Sticky Beef & Broccoli,REC-030345-4-001,R,1,portions,Asian Shaved Beef Sauce,S,,70,grams,,SUB-031360-4-001,SPICE PORTIONING / BRAISER / BLAST CHILLER,,"SCHWEFELDIOXIDE UND SULFITE, SESAMSAMEN, SOJA",,0.83409,,,,,,,0.15432,2.96033,0.18502,PCK-00-151923-5,Main,
FV4105A - [BNL] Sticky Beef & Broccoli,REC-030345-4-001,R,1,portions,"FA-DE Spice, Sesame Seed, Roasted /Gewürz, Sesamsamen, geröstet",I,SPI-00-139379-5,3,grams,,,,,SESAMSAMEN,,,,,,,,,0.00661,0.10582,0.00661,PCK-00-151923-5,Main,
FV4105A - [BNL] Sticky Beef & Broccoli,REC-030345-4-001,R,1,portions,Turmeric and lime green beans,S,,90,grams,,SUB-030356-4-001,OVEN / BLAST CHILLER,"SECOND COMPARTMENT: 

90g -Green Bean Stir Fry

NET WEIGHT: 443g","SCHWEFELDIOXIDE UND SULFITE, SENF",,0.70742,,,,,,,0.19842,4.48767,0.28048,PCK-00-151923-5,2nd,

FV4105A - [DE] Sticky Beef & Broccoli,REC-030345-4-002,R,1,portions,Brown Basmati Rice Cooked -NO SALT,S,,100,grams,,SUB-030343-4-001,UNCATEGORIZED BOM,"1-COMPARTMENT TRAY

MAIN COMPARTMENT: 
From bottom to top
100g - Rice
120g -Beef
40g -Broccoli
70g -Sauce
2g -Sesame seeds
",,,1.02346,,,,,,,0.22046,3.44654,0.21541,PCK-00-151923-5,Main,
FV4105A - [DE] Sticky Beef & Broccoli,REC-030345-4-002,R,1,portions,Shredded Sous Vide Beef,S,,120,grams,,SUB-013599-4-001,HAND MIX / COLD SHREDDER,,,,0.93864,,,,,,,0.26455,4.5096,0.28185,PCK-00-151923-5,Main,
FV4105A - [DE] Sticky Beef & Broccoli,REC-030345-4-002,R,1,portions,Roasted Broccoli  (Broccoli and beef),S,,40,grams,,SUB-031359-4-001,OVEN / BLAST CHILLER,,,,0.78912,,,,,,,0.08818,1.78803,0.11175,PCK-00-151923-5,Main,
FV4105A - [DE] Sticky Beef & Broccoli,REC-030345-4-002,R,1,portions,Asian Shaved Beef Sauce,S,,70,grams,,SUB-031360-4-001,SPICE PORTIONING / BRAISER / BLAST CHILLER,,"SCHWEFELDIOXIDE UND SULFITE, SESAMSAMEN, SOJA",,0.83409,,,,,,,0.15432,2.96033,0.18502,PCK-00-151923-5,Main,
FV4105A - [DE] Sticky Beef & Broccoli,REC-030345-4-002,R,1,portions,"FA-DE Spice, Sesame Seed, Roasted /Gewürz, Sesamsamen, geröstet",I,SPI-00-139379-5,2,grams,,,,,SESAMSAMEN,,,,,,,,,0.00441,0.07055,0.00441,PCK-00-151923-5,Main,
FV4105A - [DE] Sticky Beef & Broccoli,REC-030345-4-002,R,1,portions,Turmeric and lime green beans,S,,80,grams,,SUB-030356-4-001,OVEN / BLAST CHILLER,"SECOND COMPARTMENT: 

80g -Green Bean

NET WEIGHT: 412g","SCHWEFELDIOXIDE UND SULFITE, SENF",,0.70742,,,,,,,0.17637,3.98904,0.24932,PCK-00-151923-5,2nd,

FV4105A - [DSKE] Sticky Beef & Broccoli,REC-030345-4-003,R,1,portions,Brown Basmati Rice Cooked -NO SALT,S,,100,grams,,SUB-030343-4-001,UNCATEGORIZED BOM,"1-COMPARTMENT TRAY

MAIN COMPARTMENT: 
From bottom to top
100g - Rice
120g -Beef
40g -Broccoli
70g -Sauce
2g -Sesame seeds
",,,1.02346,,,,,,,0.22046,3.44654,0.21541,PCK-00-151923-5,Main,
FV4105A - [DSKE] Sticky Beef & Broccoli,REC-030345-4-003,R,1,portions,Shredded Sous Vide Beef,S,,120,grams,,SUB-013599-4-001,HAND MIX / COLD SHREDDER,,,,0.93864,,,,,,,0.26455,4.5096,0.28185,PCK-00-151923-5,Main,
FV4105A - [DSKE] Sticky Beef & Broccoli,REC-030345-4-003,R,1,portions,Roasted Broccoli  (Broccoli and beef),S,,40,grams,,SUB-031359-4-001,OVEN / BLAST CHILLER,,,,0.78912,,,,,,,0.08818,1.78803,0.11175,PCK-00-151923-5,Main,
FV4105A - [DSKE] Sticky Beef & Broccoli,REC-030345-4-003,R,1,portions,Asian Shaved Beef Sauce,S,,70,grams,,SUB-031360-4-001,SPICE PORTIONING / BRAISER / BLAST CHILLER,,"SCHWEFELDIOXIDE UND SULFITE, SESAMSAMEN, SOJA",,0.83409,,,,,,,0.15432,2.96033,0.18502,PCK-00-151923-5,Main,
FV4105A - [DSKE] Sticky Beef & Broccoli,REC-030345-4-003,R,1,portions,"FA-DE Spice, Sesame Seed, Roasted /Gewürz, Sesamsamen, geröstet",I,SPI-00-139379-5,2,grams,,,,,SESAMSAMEN,,,,,,,,,0.00441,0.07055,0.00441,PCK-00-151923-5,Main,
FV4105A - [DSKE] Sticky Beef & Broccoli,REC-030345-4-003,R,1,portions,Turmeric and lime green beans,S,,80,grams,,SUB-030356-4-001,OVEN / BLAST CHILLER,"SECOND COMPARTMENT: 

80g -Green Bean Stir Fry

NET WEIGHT: 412g","SCHWEFELDIOXIDE UND SULFITE, SENF",,0.70742,,,,,,,0.17637,3.98904,0.24932,PCK-00-151923-5,2nd,

FV4106A - [BNL] - Levantine-Style Chicken Quinoa Bowl,REC-032858-4-003,R,1,portions,Tomato Quinoa with Inclusions,S,,140,grams,,SUB-032859-4-001,HAND MIX / BLAST CHILLER,"***PLATING INSTRUCTIONS***
(From the bottom to the top)

3 Compartment

MAIN COMPARTMENT
140g quinoa
100g chicken chunks
95g sweet potato",,,0.95,,,,,,,0.30865,5.19827,0.32489,PCK-00-151924-5,Main,
FV4106A - [BNL] - Levantine-Style Chicken Quinoa Bowl,REC-032858-4-003,R,1,portions,Levantine Spice marinated Chicken Chunks,S,,100,grams,,SUB-032855-4-001,MARINADE / OVEN / BLAST CHILLER,,,,0.68619,,,,,,,0.22046,5.14056,0.32129,PCK-00-151924-5,Main,
FV4106A - [BNL] - Levantine-Style Chicken Quinoa Bowl,REC-032858-4-003,R,1,portions,Roasted Sweet Potato - Loaded Sweet Potato,S,,95,grams,,SUB-032730-4-001,OVEN / BLAST CHILLER,,,,0.85979,,,,,,,0.20944,3.8975,0.24359,PCK-00-151924-5,Main,
FV4106A - [BNL] - Levantine-Style Chicken Quinoa Bowl,REC-032858-4-003,R,1,portions,Paprika Roasted Red Cabbage - Shredded,S,,50,grams,,SUB-032848-4-001,OVEN / BLAST CHILLER,"2ND COMPARTMENT
50g cabbage
5g chili crunch",,,0.7794,,,,,,,0.11023,2.26288,0.14143,PCK-00-151924-5,2nd,
FV4106A - [BNL] - Levantine-Style Chicken Quinoa Bowl,REC-032858-4-003,R,1,portions,Chili Crunch seeds,S,,5,grams,,SUB-033017-4-001,OVEN / BLAST CHILLER,,,,0.86226,,,,,,,0.01102,0.20454,0.01278,PCK-00-151924-5,2nd,
FV4106A - [BNL] - Levantine-Style Chicken Quinoa Bowl,REC-032858-4-003,R,1,portions,Lemon - Sesame Drizzle,S,,30,grams,,SUB-032865-4-001,IMMERSION BLENDER / CUPPING,"3RD COMPARTMENT
30g cupped sauce","EIER, SENF, SESAMSAMEN, SOJA",,0.98,1,CUP,Cup,,,,0.06614,1.07982,0.06749,PCK-00-151924-5,3rd,

FV4106A - [DE] - Levantine-Style Chicken Quinoa Bowl,REC-032858-4-002,R,1,portions,Tomato Quinoa with Inclusions,S,,140,grams,,SUB-032859-4-001,HAND MIX / BLAST CHILLER,"***PLATING INSTRUCTIONS***
(From the bottom to the top)

3 Compartment

MAIN COMPARTMENT
140g quinoa
100g chicken chunks
95g sweet potato",,,0.95,,,,,,,0.30865,5.19827,0.32489,PCK-00-151924-5,Main,
FV4106A - [DE] - Levantine-Style Chicken Quinoa Bowl,REC-032858-4-002,R,1,portions,Levantine Spice marinated Chicken Chunks,S,,100,grams,,SUB-032855-4-001,MARINADE / OVEN / BLAST CHILLER,,,,0.68619,,,,,,,0.22046,5.14056,0.32129,PCK-00-151924-5,Main,
FV4106A - [DE] - Levantine-Style Chicken Quinoa Bowl,REC-032858-4-002,R,1,portions,Roasted Sweet Potato - Loaded Sweet Potato,S,,95,grams,,SUB-032730-4-001,OVEN / BLAST CHILLER,,,,0.85979,,,,,,,0.20944,3.8975,0.24359,PCK-00-151924-5,Main,
FV4106A - [DE] - Levantine-Style Chicken Quinoa Bowl,REC-032858-4-002,R,1,portions,Paprika Roasted Red Cabbage - Shredded,S,,50,grams,,SUB-032848-4-001,OVEN / BLAST CHILLER,"2ND COMPARTMENT
50g cabbage
5g chili crunch",,,0.7794,,,,,,,0.11023,2.26288,0.14143,PCK-00-151924-5,2nd,
FV4106A - [DE] - Levantine-Style Chicken Quinoa Bowl,REC-032858-4-002,R,1,portions,Chili Crunch seeds,S,,5,grams,,SUB-033017-4-001,OVEN / BLAST CHILLER,,,,0.86226,,,,,,,0.01102,0.20454,0.01278,PCK-00-151924-5,2nd,
FV4106A - [DE] - Levantine-Style Chicken Quinoa Bowl,REC-032858-4-002,R,1,portions,Lemon - Sesame Drizzle,S,,30,grams,,SUB-032865-4-001,IMMERSION BLENDER / CUPPING,"3RD COMPARTMENT
30g cupped sauce","EIER, SENF, SESAMSAMEN, SOJA",,0.98,1,CUP,Cup,,,,0.06614,1.07982,0.06749,PCK-00-151924-5,3rd,

FV4106A - [DK/SE] - Levantine-Style Chicken Quinoa Bowl,REC-032858-4-001,R,1,portions,Tomato Quinoa with Inclusions,S,,140,grams,,SUB-032859-4-001,HAND MIX / BLAST CHILLER,"***PLATING INSTRUCTIONS***
(From the bottom to the top)

3 Compartment

MAIN COMPARTMENT
140g quinoa
100g chicken chunks
95g sweet potato",,,0.95,,,,,,,0.30865,5.19827,0.32489,PCK-00-151924-5,Main,
FV4106A - [DK/SE] - Levantine-Style Chicken Quinoa Bowl,REC-032858-4-001,R,1,portions,Levantine Spice marinated Chicken Chunks,S,,100,grams,,SUB-032855-4-001,MARINADE / OVEN / BLAST CHILLER,,,,0.68619,,,,,,,0.22046,5.14056,0.32129,PCK-00-151924-5,Main,
FV4106A - [DK/SE] - Levantine-Style Chicken Quinoa Bowl,REC-032858-4-001,R,1,portions,Roasted Sweet Potato - Loaded Sweet Potato,S,,95,grams,,SUB-032730-4-001,OVEN / BLAST CHILLER,,,,0.85979,,,,,,,0.20944,3.8975,0.24359,PCK-00-151924-5,Main,
FV4106A - [DK/SE] - Levantine-Style Chicken Quinoa Bowl,REC-032858-4-001,R,1,portions,Paprika Roasted Red Cabbage - Shredded,S,,50,grams,,SUB-032848-4-001,OVEN / BLAST CHILLER,"2ND COMPARTMENT
50g cabbage
5g chili crunch",,,0.7794,,,,,,,0.11023,2.26288,0.14143,PCK-00-151924-5,2nd,
FV4106A - [DK/SE] - Levantine-Style Chicken Quinoa Bowl,REC-032858-4-001,R,1,portions,Chili Crunch seeds,S,,5,grams,,SUB-033017-4-001,OVEN / BLAST CHILLER,,,,0.86226,,,,,,,0.01102,0.20454,0.01278,PCK-00-151924-5,2nd,
FV4106A - [DK/SE] - Levantine-Style Chicken Quinoa Bowl,REC-032858-4-001,R,1,portions,Lemon - Sesame Drizzle,S,,30,grams,,SUB-032865-4-001,IMMERSION BLENDER / CUPPING,"3RD COMPARTMENT
30g cupped sauce","EIER, SENF, SESAMSAMEN, SOJA",,0.98,1,CUP,Cup,,,,0.06614,1.07982,0.06749,PCK-00-151924-5,3rd,

FV4108A -[BNL] Sweet & Sour Chicken,REC-033133-4-002,R,1,portions,Asian Fried Rice with Inclusions (White Rice),S,,150,grams,,SUB-033337-4-001,HAND MIX / BLAST CHILLER,"Plating  Instructions

Compartment 1

150g Asian Fried Rice
1 EA Chicken Breast
50g Sauteed Peppers and Pineapple
40g sweet and sour sauce
","EIER, MILCH (EINSCHLIESSLICH LAKTOSE), SCHWEFELDIOXIDE UND SULFITE, SESAMSAMEN",,0.93464,,,,,,,0.33069,5.66113,0.35382,PCK-00-151923-5,Main,
FV4108A -[BNL] Sweet & Sour Chicken,REC-033133-4-002,R,1,portions,Grilled Chicken Breast Marinade #6 - Asian (EACH),S,,1,each,,SUB-016253-4-001,MARINADE / GRILL / OVEN / BLAST CHILLER,,"SCHWEFELDIOXIDE UND SULFITE, SESAMSAMEN, SOJA",,0.68415,,,,,,4.23288,0.26455,6.18706,0.38669,PCK-00-151923-5,Main,
FV4108A -[BNL] Sweet & Sour Chicken,REC-033133-4-002,R,1,portions,Sauteed peppers and pineapple,S,,50,grams,,SUB-033134-4-001,SPICE PORTIONING / BRAISER / BLAST CHILLER,,SCHWEFELDIOXIDE UND SULFITE,,0.61781,,,,,,,0.11023,2.85476,0.17842,PCK-00-151923-5,Main,
FV4108A -[BNL] Sweet & Sour Chicken,REC-033133-4-002,R,1,portions,Sweet and Sour Chili Sauce,S,,40,grams,,SUB-033128-4-001,SPICE PORTIONING / IMMERSION BLENDER / BRAISER / BLAST CHILLER,,"SCHWEFELDIOXIDE UND SULFITE, SOJA",,0.8764,,,,,,,0.08818,1.60995,0.10062,PCK-00-151923-5,Main,
FV4108A -[BNL] Sweet & Sour Chicken,REC-033133-4-002,R,1,portions,Oven Roasted Pak Choi (Sweet & Sour),S,,60,grams,,SUB-033338-4-001,OVEN / BLAST CHILLER,"Second Compartment

60g Roasted Pak Choi

Net weight  420g",SESAMSAMEN,,0.69913,,,,,,,0.13228,3.02725,0.1892,PCK-00-151923-5,2nd,

FV4108A -[DE]Sweet & Sour Chicken,REC-033133-4-001,R,1,portions,Asian Fried Rice with Inclusions (White Rice),S,,150,grams,,SUB-033337-4-001,HAND MIX / BLAST CHILLER,"Plating  Instructions

Compartment 1

150g Asian Fried Rice
1 EA Chicken Breast
50g Sauteed Peppers and Pineapple
40g sweet and sour sauce
","EIER, MILCH (EINSCHLIESSLICH LAKTOSE), SCHWEFELDIOXIDE UND SULFITE, SESAMSAMEN",,0.93464,,,,,,,0.33069,5.66113,0.35382,PCK-00-151923-5,Main,
FV4108A -[DE]Sweet & Sour Chicken,REC-033133-4-001,R,1,portions,Grilled Chicken Breast Marinade #6 - Asian (EACH),S,,1,each,,SUB-016253-4-001,MARINADE / GRILL / OVEN / BLAST CHILLER,,"SCHWEFELDIOXIDE UND SULFITE, SESAMSAMEN, SOJA",,0.68415,,,,,,4.23288,0.26455,6.18706,0.38669,PCK-00-151923-5,Main,
FV4108A -[DE]Sweet & Sour Chicken,REC-033133-4-001,R,1,portions,Sauteed peppers and pineapple,S,,50,grams,,SUB-033134-4-001,SPICE PORTIONING / BRAISER / BLAST CHILLER,,SCHWEFELDIOXIDE UND SULFITE,,0.61781,,,,,,,0.11023,2.85476,0.17842,PCK-00-151923-5,Main,
FV4108A -[DE]Sweet & Sour Chicken,REC-033133-4-001,R,1,portions,Sweet and Sour Chili Sauce,S,,40,grams,,SUB-033128-4-001,SPICE PORTIONING / IMMERSION BLENDER / BRAISER / BLAST CHILLER,,"SCHWEFELDIOXIDE UND SULFITE, SOJA",,0.8764,,,,,,,0.08818,1.60995,0.10062,PCK-00-151923-5,Main,
FV4108A -[DE]Sweet & Sour Chicken,REC-033133-4-001,R,1,portions,Oven Roasted Pak Choi (Sweet & Sour),S,,60,grams,,SUB-033338-4-001,OVEN / BLAST CHILLER,"Second Compartment

60g Roasted Pak Choi

Net weight  420g",SESAMSAMEN,,0.69913,,,,,,,0.13228,3.02725,0.1892,PCK-00-151923-5,2nd,

FV4108A -[DSKE]Sweet & Sour Chicken,REC-033133-4-003,R,1,portions,Asian Fried Rice with Inclusions (White Rice),S,,150,grams,,SUB-033337-4-001,HAND MIX / BLAST CHILLER,"Plating  Instructions

Compartment 1

150g Asian Fried Rice
1 EA Chicken Breast
50g Sauteed Peppers and Pineapple
40g sweet and sour sauce
","EIER, MILCH (EINSCHLIESSLICH LAKTOSE), SCHWEFELDIOXIDE UND SULFITE, SESAMSAMEN",,0.93464,,,,,,,0.33069,5.66113,0.35382,PCK-00-151923-5,Main,
FV4108A -[DSKE]Sweet & Sour Chicken,REC-033133-4-003,R,1,portions,Grilled Chicken Breast Marinade #6 - Asian (EACH),S,,1,each,,SUB-016253-4-001,MARINADE / GRILL / OVEN / BLAST CHILLER,,"SCHWEFELDIOXIDE UND SULFITE, SESAMSAMEN, SOJA",,0.68415,,,,,,4.23288,0.26455,6.18706,0.38669,PCK-00-151923-5,Main,
FV4108A -[DSKE]Sweet & Sour Chicken,REC-033133-4-003,R,1,portions,Sauteed peppers and pineapple,S,,50,grams,,SUB-033134-4-001,SPICE PORTIONING / BRAISER / BLAST CHILLER,,SCHWEFELDIOXIDE UND SULFITE,,0.61781,,,,,,,0.11023,2.85476,0.17842,PCK-00-151923-5,Main,
FV4108A -[DSKE]Sweet & Sour Chicken,REC-033133-4-003,R,1,portions,Sweet and Sour Chili Sauce,S,,40,grams,,SUB-033128-4-001,SPICE PORTIONING / IMMERSION BLENDER / BRAISER / BLAST CHILLER,,"SCHWEFELDIOXIDE UND SULFITE, SOJA",,0.8764,,,,,,,0.08818,1.60995,0.10062,PCK-00-151923-5,Main,
FV4108A -[DSKE]Sweet & Sour Chicken,REC-033133-4-003,R,1,portions,Oven Roasted Pak Choi (Sweet & Sour),S,,60,grams,,SUB-033338-4-001,OVEN / BLAST CHILLER,"Second Compartment

60g Roasted Pak Choi

Net weight  420g",SESAMSAMEN,,0.69913,,,,,,,0.13228,3.02725,0.1892,PCK-00-151923-5,2nd,

FV4109A - Roasted Pumpkin & Parsley Risotto,REC-032847-4-001,R,1,portions,Parsley - Emmental Risotto,S,,140,grams,,SUB-031451-4-001,UNCATEGORIZED BOM,"***PLATING INSTRUCTIONS***
(From the bottom to the top)

2 Compartment                                                                                                                      
                                                                                                                                       MAIN COMPARTMENT
(from bottom to top)

140 g Risotto
110 g Pumpkin
","MILCH (EINSCHLIESSLICH LAKTOSE), SCHWEFELDIOXIDE UND SULFITE, SELLERIE",,0.9199,,,,,,,0.30865,5.36834,0.33552,PCK-00-151923-5,Main,
FV4109A - Roasted Pumpkin & Parsley Risotto,REC-032847-4-001,R,1,portions,Roasted Five Spice Pumpkin,S,,110,grams,,SUB-031454-4-001,UNCATEGORIZED BOM,,,,0.7499,,,,,,,0.24251,5.17419,0.32339,PCK-00-151923-5,Main,
FV4109A - Roasted Pumpkin & Parsley Risotto,REC-032847-4-001,R,1,portions,Roasted Mushrooms for FV4109A,S,,140,grams,,SUB-033203-4-003,OVEN / BLAST CHILLER,"2ND COMPARTMENT
(from bottom to top)

140 g Mushrooms

Net Weight: 390 g",SCHWEFELDIOXIDE UND SULFITE,,0.45228,,,,,,,0.30865,10.9187,0.68242,PCK-00-151923-5,2nd,

FV4110A - [BNL] - Asian-Style Fried Rice,REC-033032-4-001,R,1,portions,Asian Fried Rice with Inclusions,S,,160,grams,,SUB-033033-4-001,PLANETARY MIXER,"""**PLATING INSTRUCTIONS**                                                                                                                                       
                                                                                                                                    ** 3 compartment**                                                                                                                         
                                                                                                                                       1 : Main Compartment (from bottom to top)

160 g Fried Rice 
30 g Edamame
100g Tofu","EIER, MILCH (EINSCHLIESSLICH LAKTOSE), SCHWEFELDIOXIDE UND SULFITE, SESAMSAMEN, SOJA",,0.98,,,,,,,0.35274,5.75902,0.35994,PCK-00-151924-5,Main,
FV4110A - [BNL] - Asian-Style Fried Rice,REC-033032-4-001,R,1,portions,Steamed Edamame,S,,30,grams,,SUB-023338-4-001,OVEN / BLAST CHILLER,,SOJA,,0.88599,,,,,,,0.06614,1.19439,0.07465,PCK-00-151924-5,Main,
FV4110A - [BNL] - Asian-Style Fried Rice,REC-033032-4-001,R,1,portions,Asian Marinated Tofu,S,,100,grams,,SUB-033706-4-001,OVEN / BLAST CHILLER,,SOJA,,0.78,,,,,,,0.22046,4.52231,0.28264,PCK-00-151924-5,Main,
FV4110A - [BNL] - Asian-Style Fried Rice,REC-033032-4-001,R,1,portions,Oven Roasted Pak choi,S,,80,grams,,SUB-033029-4-001,OVEN / BLAST CHILLER,"2 : Side Compartment (from bottom to top)

80 g Pak Choi",SESAMSAMEN,,0.59,,,,,,,0.17637,4.78295,0.29893,PCK-00-151924-5,2nd,
FV4110A - [BNL] - Asian-Style Fried Rice,REC-033032-4-001,R,1,portions,Hoisin Style Dipping Sauce,S,,30,grams,,SUB-033704-4-001,SPICE PORTIONING / BRAISER / BLAST CHILLER,"3 : Side Compartment (from bottom to top); If applicable

CUPPED 

30 g Hoisin Style Sauce 

Net Weight : 400 g","ERDNÜSSE, SCHWEFELDIOXIDE UND SULFITE, SESAMSAMEN, SOJA",,0.85002,,,,,,,0.06614,1.24493,0.07781,PCK-00-151924-5,3rd,

FV4110A - [DE] -  Asian-Style Fried Rice,REC-033032-4-002,R,1,portions,Asian Fried Rice with Inclusions,S,,160,grams,,SUB-033033-4-001,PLANETARY MIXER,"""**PLATING INSTRUCTIONS**                                                                                                                                       
                                                                                                                                    ** 3 compartment**                                                                                                                         
                                                                                                                                       1 : Main Compartment (from bottom to top)

160 g Fried Rice 
30 g Edamame
100g Tofu","EIER, MILCH (EINSCHLIESSLICH LAKTOSE), SCHWEFELDIOXIDE UND SULFITE, SESAMSAMEN, SOJA",,0.98,,,,,,,0.35274,5.75902,0.35994,PCK-00-151924-5,Main,
FV4110A - [DE] -  Asian-Style Fried Rice,REC-033032-4-002,R,1,portions,Steamed Edamame,S,,30,grams,,SUB-023338-4-001,OVEN / BLAST CHILLER,,SOJA,,0.88599,,,,,,,0.06614,1.19439,0.07465,PCK-00-151924-5,Main,
FV4110A - [DE] -  Asian-Style Fried Rice,REC-033032-4-002,R,1,portions,Asian Marinated Tofu,S,,100,grams,,SUB-033706-4-001,OVEN / BLAST CHILLER,,SOJA,,0.78,,,,,,,0.22046,4.52231,0.28264,PCK-00-151924-5,Main,
FV4110A - [DE] -  Asian-Style Fried Rice,REC-033032-4-002,R,1,portions,Oven Roasted Pak choi,S,,80,grams,,SUB-033029-4-001,OVEN / BLAST CHILLER,"2 : Side Compartment (from bottom to top)

80 g Pak Choi",SESAMSAMEN,,0.59,,,,,,,0.17637,4.78295,0.29893,PCK-00-151924-5,2nd,
FV4110A - [DE] -  Asian-Style Fried Rice,REC-033032-4-002,R,1,portions,Hoisin Style Dipping Sauce,S,,30,grams,,SUB-033704-4-001,SPICE PORTIONING / BRAISER / BLAST CHILLER,"3 : Side Compartment (from bottom to top); If applicable

CUPPED 

30 g Hoisin Style Sauce 

Net Weight : 400 g","ERDNÜSSE, SCHWEFELDIOXIDE UND SULFITE, SESAMSAMEN, SOJA",,0.85002,,,,,,,0.06614,1.24493,0.07781,PCK-00-151924-5,3rd,

FV4110A - [DK/SE] -  Asian-Style Fried Rice,REC-033032-4-003,R,1,portions,Asian Fried Rice with Inclusions,S,,160,grams,,SUB-033033-4-001,PLANETARY MIXER,"""**PLATING INSTRUCTIONS**                                                                                                                                       
                                                                                                                                    ** 3 compartment**                                                                                                                         
                                                                                                                                       1 : Main Compartment (from bottom to top)

160 g Fried Rice 
30 g Edamame
100g Tofu","EIER, MILCH (EINSCHLIESSLICH LAKTOSE), SCHWEFELDIOXIDE UND SULFITE, SESAMSAMEN, SOJA",,0.98,,,,,,,0.35274,5.75902,0.35994,PCK-00-151924-5,Main,
FV4110A - [DK/SE] -  Asian-Style Fried Rice,REC-033032-4-003,R,1,portions,Steamed Edamame,S,,30,grams,,SUB-023338-4-001,OVEN / BLAST CHILLER,,SOJA,,0.88599,,,,,,,0.06614,1.19439,0.07465,PCK-00-151924-5,Main,
FV4110A - [DK/SE] -  Asian-Style Fried Rice,REC-033032-4-003,R,1,portions,Asian Marinated Tofu,S,,100,grams,,SUB-033706-4-001,OVEN / BLAST CHILLER,,SOJA,,0.78,,,,,,,0.22046,4.52231,0.28264,PCK-00-151924-5,Main,
FV4110A - [DK/SE] -  Asian-Style Fried Rice,REC-033032-4-003,R,1,portions,Oven Roasted Pak choi,S,,80,grams,,SUB-033029-4-001,OVEN / BLAST CHILLER,"2 : Side Compartment (from bottom to top)

80 g Pak Choi",SESAMSAMEN,,0.59,,,,,,,0.17637,4.78295,0.29893,PCK-00-151924-5,2nd,
FV4110A - [DK/SE] -  Asian-Style Fried Rice,REC-033032-4-003,R,1,portions,Hoisin Style Dipping Sauce,S,,30,grams,,SUB-033704-4-001,SPICE PORTIONING / BRAISER / BLAST CHILLER,"3 : Side Compartment (from bottom to top); If applicable

CUPPED 

30 g Hoisin Style Sauce 

Net Weight : 400 g","ERDNÜSSE, SCHWEFELDIOXIDE UND SULFITE, SESAMSAMEN, SOJA",,0.85002,,,,,,,0.06614,1.24493,0.07781,PCK-00-151924-5,3rd,

FV4111A - Apricot Gochugaru Glazed Chicken,REC-033145-4-001,R,1,portions,White Basmati Rice with GGS,S,,130,grams,,SUB-014272-4-001,OVEN / BLAST CHILLER,"**PLATING INSTRUCTIONS**                                                                                                                                       
                                                                                                                                    ** 1 COMPARTMENT**                                                                                                                         
                                                                                                                                       Main Compartment (from bottom to top)
130g Rice
110 g Diced Chicken
70g Sauce
5g Roasted green onions
5g Sesame seeds",SCHWEFELDIOXIDE UND SULFITE,,1.02106,,,,,,,0.2866,4.49105,0.28069,PCK-00-151923-5,Main,
FV4111A - Apricot Gochugaru Glazed Chicken,REC-033145-4-001,R,1,portions,Asian Marinade Diced Chicken,S,,110,grams,,SUB-033144-4-001,MARINADE / OVEN / BLAST CHILLER,,"SCHWEFELDIOXIDE UND SULFITE, SESAMSAMEN, SOJA",,0.75241,,,,,,,0.24251,5.15694,0.32231,PCK-00-151923-5,Main,
FV4111A - Apricot Gochugaru Glazed Chicken,REC-033145-4-001,R,1,portions,Gochugaru Apricot Glaze,S,,70,grams,,SUB-033142-4-001,SPICE PORTIONING / IMMERSION BLENDER / BRAISER / BLAST CHILLER,,"SCHWEFELDIOXIDE UND SULFITE, SOJA",,0.94999,,,,,,,0.15432,2.59916,0.16245,PCK-00-151923-5,Main,
FV4111A - Apricot Gochugaru Glazed Chicken,REC-033145-4-001,R,1,portions,Roasted Green Onions,S,,5,grams,,SUB-023370-4-001,OVEN / BLAST CHILLER,,,,0.502,,,,,,,0.01102,0.35133,0.02196,PCK-00-151923-5,Main,
FV4111A - Apricot Gochugaru Glazed Chicken,REC-033145-4-001,R,1,portions,"FA-DE Spice, Sesame Seed, Roasted /Gewürz, Sesamsamen, geröstet",I,SPI-00-139379-5,5,grams,,,,,SESAMSAMEN,,,,,,,,,0.01102,0.17637,0.01102,PCK-00-151923-5,Main,
FV4111A - Apricot Gochugaru Glazed Chicken,REC-033145-4-001,R,1,portions,"Mixed Veg - Pak Choi, Edamame, Carrot",S,,100,grams,,SUB-033164-4-001,OVEN / BLAST CHILLER,"100g Mixed Veggies

Net Weight: 420g","SCHWEFELDIOXIDE UND SULFITE, SESAMSAMEN, SOJA",,0.75,,,,,,,0.22046,4.7032,0.29395,PCK-00-151923-5,2nd,

FV4112A - [BNL] Red Curry Tofu,REC-033455-4-001,R,1,portions,Coconut Red Curry Sauce,S,,100,grams,,SUB-033452-4-001,SPICE PORTIONING / IMMERSION BLENDER / BRAISER / BLAST CHILLER,"***PLATING INSTRUCTIONS*** 

MAIN COMPARTMENT
100g coconut red curry sauce
90g Tofu
50g Broccoli
50g Bell Peppers
5g Roasted Green Onions
",SCHWEFELDIOXIDE UND SULFITE,,0.78978,,,,,,,0.22046,4.4663,0.27914,PCK-00-151923-5,Main,
FV4112A - [BNL] Red Curry Tofu,REC-033455-4-001,R,1,portions,Red Curry Roasted Tofu,S,,90,grams,,SUB-033453-4-001,DEBOX / HAND SLICE / MARINADE / OVEN / BLAST CHILLER,,SENF,,0.8136,,,,,,,0.19842,3.90199,0.24387,PCK-00-151923-5,Main,
FV4112A - [BNL] Red Curry Tofu,REC-033455-4-001,R,1,portions,Broccoli - Ginger-Garlic Broccoli,S,,50,grams,,SUB-013741-4-001,OVEN / BLAST CHILLER,,SCHWEFELDIOXIDE UND SULFITE,,0.76586,,,,,,,0.11023,2.30291,0.14393,PCK-00-151923-5,Main,
FV4112A - [BNL] Red Curry Tofu,REC-033455-4-001,R,1,portions,"Red Bell Peppers 1/4"" Sliced",S,,50,grams,,SUB-024746-4-001,OVEN / BLAST CHILLER,,,,0.74077,,,,,,,0.11023,2.3809,0.14881,PCK-00-151923-5,Main,
FV4112A - [BNL] Red Curry Tofu,REC-033455-4-001,R,1,portions,Roasted Green Onions,S,,5,grams,,SUB-023370-4-001,OVEN / BLAST CHILLER,,,,0.502,,,,,,,0.01102,0.35133,0.02196,PCK-00-151923-5,Main,
FV4112A - [BNL] Red Curry Tofu,REC-033455-4-001,R,1,portions,White Basmati Rice with GGS,S,,110,grams,,SUB-014272-4-001,OVEN / BLAST CHILLER,"2ND COMPARTMENT 
110g Rice

Net Weight : 405 g",SCHWEFELDIOXIDE UND SULFITE,,1.02106,,,,,,,0.24251,3.80012,0.23751,PCK-00-151923-5,2nd,

FV4112A - [DE] Red Curry Tofu,REC-033455-4-004,R,1,portions,Coconut Red Curry Sauce,S,,100,grams,,SUB-033452-4-001,SPICE PORTIONING / IMMERSION BLENDER / BRAISER / BLAST CHILLER,"***PLATING INSTRUCTIONS*** 

MAIN COMPARTMENT
100g coconut red curry sauce
90g Tofu
50g Broccoli
50g Bell Peppers
5g Roasted Green Onions
",SCHWEFELDIOXIDE UND SULFITE,,0.78978,,,,,,,0.22046,4.4663,0.27914,PCK-00-151923-5,Main,
FV4112A - [DE] Red Curry Tofu,REC-033455-4-004,R,1,portions,Red Curry Roasted Tofu,S,,90,grams,,SUB-033453-4-001,DEBOX / HAND SLICE / MARINADE / OVEN / BLAST CHILLER,,SENF,,0.8136,,,,,,,0.19842,3.90199,0.24387,PCK-00-151923-5,Main,
FV4112A - [DE] Red Curry Tofu,REC-033455-4-004,R,1,portions,Broccoli - Ginger-Garlic Broccoli,S,,50,grams,,SUB-013741-4-001,OVEN / BLAST CHILLER,,SCHWEFELDIOXIDE UND SULFITE,,0.76586,,,,,,,0.11023,2.30291,0.14393,PCK-00-151923-5,Main,
FV4112A - [DE] Red Curry Tofu,REC-033455-4-004,R,1,portions,"Red Bell Peppers 1/4"" Sliced",S,,50,grams,,SUB-024746-4-001,OVEN / BLAST CHILLER,,,,0.74077,,,,,,,0.11023,2.3809,0.14881,PCK-00-151923-5,Main,
FV4112A - [DE] Red Curry Tofu,REC-033455-4-004,R,1,portions,Roasted Green Onions,S,,5,grams,,SUB-023370-4-001,OVEN / BLAST CHILLER,,,,0.502,,,,,,,0.01102,0.35133,0.02196,PCK-00-151923-5,Main,
FV4112A - [DE] Red Curry Tofu,REC-033455-4-004,R,1,portions,White Basmati Rice with GGS,S,,110,grams,,SUB-014272-4-001,OVEN / BLAST CHILLER,"2ND COMPARTMENT 
110g Rice

Net Weight : 405 g",SCHWEFELDIOXIDE UND SULFITE,,1.02106,,,,,,,0.24251,3.80012,0.23751,PCK-00-151923-5,2nd,

FV4112A - [DKSE] Red Curry Tofu,REC-033455-4-003,R,1,portions,Coconut Red Curry Sauce,S,,100,grams,,SUB-033452-4-001,SPICE PORTIONING / IMMERSION BLENDER / BRAISER / BLAST CHILLER,"***PLATING INSTRUCTIONS*** 

MAIN COMPARTMENT
100g coconut red curry sauce
90g Tofu
50g Broccoli
50g Bell Peppers
5g Roasted Green Onions
",SCHWEFELDIOXIDE UND SULFITE,,0.78978,,,,,,,0.22046,4.4663,0.27914,PCK-00-151923-5,Main,
FV4112A - [DKSE] Red Curry Tofu,REC-033455-4-003,R,1,portions,Red Curry Roasted Tofu,S,,90,grams,,SUB-033453-4-001,DEBOX / HAND SLICE / MARINADE / OVEN / BLAST CHILLER,,SENF,,0.8136,,,,,,,0.19842,3.90199,0.24387,PCK-00-151923-5,Main,
FV4112A - [DKSE] Red Curry Tofu,REC-033455-4-003,R,1,portions,Broccoli - Ginger-Garlic Broccoli,S,,50,grams,,SUB-013741-4-001,OVEN / BLAST CHILLER,,SCHWEFELDIOXIDE UND SULFITE,,0.76586,,,,,,,0.11023,2.30291,0.14393,PCK-00-151923-5,Main,
FV4112A - [DKSE] Red Curry Tofu,REC-033455-4-003,R,1,portions,"Red Bell Peppers 1/4"" Sliced",S,,50,grams,,SUB-024746-4-001,OVEN / BLAST CHILLER,,,,0.74077,,,,,,,0.11023,2.3809,0.14881,PCK-00-151923-5,Main,
FV4112A - [DKSE] Red Curry Tofu,REC-033455-4-003,R,1,portions,Roasted Green Onions,S,,5,grams,,SUB-023370-4-001,OVEN / BLAST CHILLER,,,,0.502,,,,,,,0.01102,0.35133,0.02196,PCK-00-151923-5,Main,
FV4112A - [DKSE] Red Curry Tofu,REC-033455-4-003,R,1,portions,White Basmati Rice with GGS,S,,110,grams,,SUB-014272-4-001,OVEN / BLAST CHILLER,"2ND COMPARTMENT 
110g Rice

Net Weight : 405 g",SCHWEFELDIOXIDE UND SULFITE,,1.02106,,,,,,,0.24251,3.80012,0.23751,PCK-00-151923-5,2nd,

FV4113A - [BNL] - Chicken Shawarma & Parsley Couscous,REC-033184-4-003,R,1,portions,Parsley-Ginger Couscous,S,,180,grams,,SUB-032845-4-001,OVEN / HAND MIX / BLAST CHILLER,"""**PLATING INSTRUCTIONS**                                                                                                                                       
                                                                                                                                    ** 3 COMPARTMENT**                                                                                                                         
                                                                                                                                       1 : Main Compartment
(from bottom to top)
180 g couscous
130 g chicken thighs
2ND Compartment 

70 g aubergine","GLUTENHALTIGES GETREIDE, SCHWEFELDIOXIDE UND SULFITE, SELLERIE, WEIZEN",,0.98643,,,,,,,0.39683,6.43669,0.40229,PCK-00-151924-5,Main,
FV4113A - [BNL] - Chicken Shawarma & Parsley Couscous,REC-033184-4-003,R,1,portions,Shawarma Marinated Chicken Thighs,S,,130,grams,,SUB-033182-4-001,MARINADE / OVEN / HOT SHREDDER / BLAST CHILLER,,SCHWEFELDIOXIDE UND SULFITE,,0.83549,,,,,,,0.2866,5.48856,0.34303,PCK-00-151924-5,Main,
FV4113A - [BNL] - Chicken Shawarma & Parsley Couscous,REC-033184-4-003,R,1,portions,Aubergines in Tomatosauce,S,,70,grams,,SUB-033185-4-001,SPICE PORTIONING / BRAISER / BLAST CHILLER,,,,0.84551,,,,,,,0.15432,2.92034,0.18252,PCK-00-151924-5,2nd,
FV4113A - [BNL] - Chicken Shawarma & Parsley Couscous,REC-033184-4-003,R,1,portions,Mint Yoghurt dip,S,,40,grams,,SUB-029474-4-001,IMMERSION BLENDER / CUPPING,"3RD Compartment 

CUPPED
40 g yogurt dip

Net Weight : 420 g","MILCH (EINSCHLIESSLICH LAKTOSE), SCHWEFELDIOXIDE UND SULFITE",,1,1,CUP,Cup,,,,0.08818,1.41096,0.08818,PCK-00-151924-5,3rd,

FV4113A - [DE] - Chicken Shawarma & Parsley Couscous,REC-033184-4-002,R,1,portions,Parsley-Ginger Couscous,S,,180,grams,,SUB-032845-4-001,OVEN / HAND MIX / BLAST CHILLER,"""**PLATING INSTRUCTIONS**                                                                                                                                       
                                                                                                                                    ** 3 COMPARTMENT**                                                                                                                         
                                                                                                                                       1 : Main Compartment
(from bottom to top)
180 g couscous
130 g chicken thighs
2ND  Compartment 

70 g aubergine","GLUTENHALTIGES GETREIDE, SCHWEFELDIOXIDE UND SULFITE, SELLERIE, WEIZEN",,0.98643,,,,,,,0.39683,6.43669,0.40229,PCK-00-151924-5,Main,
FV4113A - [DE] - Chicken Shawarma & Parsley Couscous,REC-033184-4-002,R,1,portions,Shawarma Marinated Chicken Thighs,S,,130,grams,,SUB-033182-4-001,MARINADE / OVEN / HOT SHREDDER / BLAST CHILLER,,SCHWEFELDIOXIDE UND SULFITE,,0.83549,,,,,,,0.2866,5.48856,0.34303,PCK-00-151924-5,Main,
FV4113A - [DE] - Chicken Shawarma & Parsley Couscous,REC-033184-4-002,R,1,portions,Aubergines in Tomatosauce,S,,70,grams,,SUB-033185-4-001,SPICE PORTIONING / BRAISER / BLAST CHILLER,,,,0.84551,,,,,,,0.15432,2.92034,0.18252,PCK-00-151924-5,2nd,
FV4113A - [DE] - Chicken Shawarma & Parsley Couscous,REC-033184-4-002,R,1,portions,Mint Yoghurt dip,S,,40,grams,,SUB-029474-4-001,IMMERSION BLENDER / CUPPING,"3RD Compartment 

CUPPED
40 g yogurt dip

Net Weight : 420 g","MILCH (EINSCHLIESSLICH LAKTOSE), SCHWEFELDIOXIDE UND SULFITE",,1,1,CUP,Cup,,,,0.08818,1.41096,0.08818,PCK-00-151924-5,3rd,

FV4113A - [DK/SE] - Chicken Shawarma & Parsley Couscous,REC-033184-4-001,R,1,portions,Parsley-Ginger Couscous,S,,180,grams,,SUB-032845-4-001,OVEN / HAND MIX / BLAST CHILLER,"""**PLATING INSTRUCTIONS**                                                                                                                                       
                                                                                                                                    ** 2 COMPARTMENT**                                                                                                                         
                                                                                                                                       1 : Main Compartment
(from bottom to top)
180 g couscous
130 g chicken thighs","GLUTENHALTIGES GETREIDE, SCHWEFELDIOXIDE UND SULFITE, SELLERIE, WEIZEN",,0.98643,,,,,,,0.39683,6.43669,0.40229,PCK-00-151924-5,Main,
FV4113A - [DK/SE] - Chicken Shawarma & Parsley Couscous,REC-033184-4-001,R,1,portions,Shawarma Marinated Chicken Thighs,S,,130,grams,,SUB-033182-4-001,MARINADE / OVEN / HOT SHREDDER / BLAST CHILLER,,SCHWEFELDIOXIDE UND SULFITE,,0.83549,,,,,,,0.2866,5.48856,0.34303,PCK-00-151924-5,Main,
FV4113A - [DK/SE] - Chicken Shawarma & Parsley Couscous,REC-033184-4-001,R,1,portions,Aubergines in Tomatosauce,S,,70,grams,,SUB-033185-4-001,SPICE PORTIONING / BRAISER / BLAST CHILLER,"2ND Compartment 

70 g aubergines",,,0.84551,,,,,,,0.15432,2.92034,0.18252,PCK-00-151924-5,2nd,
FV4113A - [DK/SE] - Chicken Shawarma & Parsley Couscous,REC-033184-4-001,R,1,portions,Mint Yoghurt dip,S,,40,grams,,SUB-029474-4-001,IMMERSION BLENDER / CUPPING,"3RD Compartment 
CUPPED
40 g yogurt dip

Net Weight : 420 g","MILCH (EINSCHLIESSLICH LAKTOSE), SCHWEFELDIOXIDE UND SULFITE",,1,1,CUP,Cup,,,,0.08818,1.41096,0.08818,PCK-00-151924-5,3rd,

FV4114A - [BNL] - Morasa Polo - Style Chicken & Jeweled Quinoa,REC-033187-4-003,R,1,portions,Orange Quinoa-Basmati Base,S,,170,grams,,SUB-033417-4-001,HAND MIX / BLAST CHILLER,"**PLATING INSTRUCTIONS**                                                                                                                                       
                                                                                                                                    ** 2 Compartment **                                                                                                                         
                                                                                                                                       1 : Main Compartment (from bottom to top)

170 g Base
110 g Chicken
10 g Inclusion 
",SCHWEFELDIOXIDE UND SULFITE,,0.98,,,,,,,0.37479,6.11896,0.38243,PCK-00-151923-5,Main,
FV4114A - [BNL] - Morasa Polo - Style Chicken & Jeweled Quinoa,REC-033187-4-003,R,1,portions,Morasa Polo Shredded Chicken Thighs,S,,110,grams,,SUB-033291-4-001,MARINADE / OVEN / HOT SHREDDER / BLAST CHILLER,,,,0.7887,,,,,,,0.24251,4.91964,0.30748,PCK-00-151923-5,Main,
FV4114A - [BNL] - Morasa Polo - Style Chicken & Jeweled Quinoa,REC-033187-4-003,R,1,portions,Morasa Polo Inclusions,S,,10,grams,,SUB-033189-4-001,SPICE PORTIONING / BRAISER / BLAST CHILLER,,"MANDELN, PISTAZIEN, SCHALENFRÜCHTE, SCHWEFELDIOXIDE UND SULFITE, WALNÜSSE",,0.91996,,,,,,,0.02205,0.38343,0.02396,PCK-00-151923-5,Main,
FV4114A - [BNL] - Morasa Polo - Style Chicken & Jeweled Quinoa,REC-033187-4-003,R,1,portions,Lemon - Sumac Broccoli Florets,S,,90,grams,,SUB-033292-4-001,OVEN / BLAST CHILLER,"
2 : Side Compartment 

90 g Broccoli Florets 

40 g CUPPED Yoghurt

Net Weight : 420 g",,,0.8,,,,,,,0.19842,3.96832,0.24802,PCK-00-151923-5,2nd,
FV4114A - [BNL] - Morasa Polo - Style Chicken & Jeweled Quinoa,REC-033187-4-003,R,1,portions,Mint Dill Yoghurt,S,,40,grams,,SUB-033415-4-001,IMMERSION BLENDER / CUPPING,,MILCH (EINSCHLIESSLICH LAKTOSE),,0.98004,1,CUP,Cup,,,,0.08818,1.43969,0.08998,PCK-00-151923-5,2nd,

FV4114A - [DE] - Morasa Polo - Style Chicken & Jeweled Quinoa,REC-033187-4-002,R,1,portions,Orange Quinoa-Basmati Base,S,,170,grams,,SUB-033417-4-001,HAND MIX / BLAST CHILLER,"**PLATING INSTRUCTIONS**                                                                                                                                       
                                                                                                                                    ** 2 Compartment **                                                                                                                         
                                                                                                                                       1 : Main Compartment (from bottom to top)

170 g Base
110 g Chicken
10 g Inclusion 
",SCHWEFELDIOXIDE UND SULFITE,,0.98,,,,,,,0.37479,6.11896,0.38243,PCK-00-151923-5,Main,
FV4114A - [DE] - Morasa Polo - Style Chicken & Jeweled Quinoa,REC-033187-4-002,R,1,portions,Morasa Polo Shredded Chicken Thighs,S,,110,grams,,SUB-033291-4-001,MARINADE / OVEN / HOT SHREDDER / BLAST CHILLER,,,,0.7887,,,,,,,0.24251,4.91964,0.30748,PCK-00-151923-5,Main,
FV4114A - [DE] - Morasa Polo - Style Chicken & Jeweled Quinoa,REC-033187-4-002,R,1,portions,Morasa Polo Inclusions,S,,10,grams,,SUB-033189-4-001,SPICE PORTIONING / BRAISER / BLAST CHILLER,,"MANDELN, PISTAZIEN, SCHALENFRÜCHTE, SCHWEFELDIOXIDE UND SULFITE, WALNÜSSE",,0.91996,,,,,,,0.02205,0.38343,0.02396,PCK-00-151923-5,Main,
FV4114A - [DE] - Morasa Polo - Style Chicken & Jeweled Quinoa,REC-033187-4-002,R,1,portions,Lemon - Sumac Broccoli Florets,S,,90,grams,,SUB-033292-4-001,OVEN / BLAST CHILLER,"
2 : Side Compartment 

90 g Broccoli Florets 

40 g CUPPED Yoghurt

Net Weight : 420 g",,,0.8,,,,,,,0.19842,3.96832,0.24802,PCK-00-151923-5,2nd,
FV4114A - [DE] - Morasa Polo - Style Chicken & Jeweled Quinoa,REC-033187-4-002,R,1,portions,Mint Dill Yoghurt,S,,40,grams,,SUB-033415-4-001,IMMERSION BLENDER / CUPPING,,MILCH (EINSCHLIESSLICH LAKTOSE),,0.98004,1,CUP,Cup,,,,0.08818,1.43969,0.08998,PCK-00-151923-5,2nd,

FV4114A - [DK/SE] - Morasa Polo - Style Chicken & Jeweled Quinoa,REC-033187-4-001,R,1,portions,Orange Quinoa-Basmati Base,S,,170,grams,,SUB-033417-4-001,HAND MIX / BLAST CHILLER,"**PLATING INSTRUCTIONS**                                                                                                                                       
                                                                                                                                    ** 2 Compartment **                                                                                                                         
                                                                                                                                       1 : Main Compartment (from bottom to top)

170 g Base
110 g Chicken
10 g Inclusion 
",SCHWEFELDIOXIDE UND SULFITE,,0.98,,,,,,,0.37479,6.11896,0.38243,PCK-00-151923-5,Main,
FV4114A - [DK/SE] - Morasa Polo - Style Chicken & Jeweled Quinoa,REC-033187-4-001,R,1,portions,Morasa Polo Shredded Chicken Thighs,S,,110,grams,,SUB-033291-4-001,MARINADE / OVEN / HOT SHREDDER / BLAST CHILLER,,,,0.7887,,,,,,,0.24251,4.91964,0.30748,PCK-00-151923-5,Main,
FV4114A - [DK/SE] - Morasa Polo - Style Chicken & Jeweled Quinoa,REC-033187-4-001,R,1,portions,Morasa Polo Inclusions,S,,10,grams,,SUB-033189-4-001,SPICE PORTIONING / BRAISER / BLAST CHILLER,,"MANDELN, PISTAZIEN, SCHALENFRÜCHTE, SCHWEFELDIOXIDE UND SULFITE, WALNÜSSE",,0.91996,,,,,,,0.02205,0.38343,0.02396,PCK-00-151923-5,Main,
FV4114A - [DK/SE] - Morasa Polo - Style Chicken & Jeweled Quinoa,REC-033187-4-001,R,1,portions,Lemon - Sumac Broccoli Florets,S,,90,grams,,SUB-033292-4-001,OVEN / BLAST CHILLER,"
2 : Side Compartment 

90 g Broccoli Florets 

40 g CUPPED Yoghurt

Net Weight : 420 g",,,0.8,,,,,,,0.19842,3.96832,0.24802,PCK-00-151923-5,2nd,
FV4114A - [DK/SE] - Morasa Polo - Style Chicken & Jeweled Quinoa,REC-033187-4-001,R,1,portions,Mint Dill Yoghurt,S,,40,grams,,SUB-033415-4-001,IMMERSION BLENDER / CUPPING,,MILCH (EINSCHLIESSLICH LAKTOSE),,0.98004,1,CUP,Cup,,,,0.08818,1.43969,0.08998,PCK-00-151923-5,2nd,

FV4115A - [BNL] - Date-glazed Shrimp & Korma,REC-033466-4-003,R,1,portions,Korma Sauce Base,S,,80,grams,,SUB-033479-4-001,SPICE PORTIONING / IMMERSION BLENDER / BRAISER / BLAST CHILLER,"""**PLATING INSTRUCTIONS**                                                                                                                                       
                                                                                                                                    ** Compartment Size**                                                                                                                         
                                                                                                                                       1 : Main Compartment (from bottom to top)
80 g Korma Sauce 
40 g Carrots
35 g Peppers
20 g Steamed Peas 
120 g  Shrimps
","KASCHUNÜSSE, MILCH (EINSCHLIESSLICH LAKTOSE), SCHALENFRÜCHTE, SCHWEFELDIOXIDE UND SULFITE",,0.75998,,,,,,,0.17637,3.71315,0.23207,PCK-00-151923-5,Main,
FV4115A - [BNL] - Date-glazed Shrimp & Korma,REC-033466-4-003,R,1,portions,S&P Roasted Carrot Coins,S,,40,grams,,SUB-029512-4-001,HAND MARINADE / OVEN / BLAST CHILLER,,,,0.52265,,,,,,,0.08818,2.69964,0.16873,PCK-00-151923-5,Main,
FV4115A - [BNL] - Date-glazed Shrimp & Korma,REC-033466-4-003,R,1,portions,Garlic Roasted Red Peppers - Diced -Low Fat,S,,35,grams,,SUB-033130-4-001,UNCATEGORIZED BOM,,SCHWEFELDIOXIDE UND SULFITE,,0.72171,,,,,,,0.07716,1.71065,0.10692,PCK-00-151923-5,Main,
FV4115A - [BNL] - Date-glazed Shrimp & Korma,REC-033466-4-003,R,1,portions,Peas - Steamed Peas,S,,20,grams,,SUB-013399-4-001,OVEN / BLAST CHILLER,,,,0.92912,,,,,,,0.04409,0.7593,0.04746,PCK-00-151923-5,Main,
FV4115A - [BNL] - Date-glazed Shrimp & Korma,REC-033466-4-003,R,1,portions,Date glazed Shrimp,S,,120,grams,,SUB-033465-4-001,THAW / MARINADE / OVEN / BLAST CHILLER,,"KREBSTIERE, SCHWEFELDIOXIDE UND SULFITE",,0.7,,,,,,,0.26455,6.04697,0.37794,PCK-00-151923-5,Main,
FV4115A - [BNL] - Date-glazed Shrimp & Korma,REC-033466-4-003,R,1,portions,Orange and Onion Sweet Potato,S,,60,grams,,SUB-033480-4-001,OVEN / BLAST CHILLER,"
2 : Side Compartment (from bottom to top)
60 g Sweet Potato
30 g Spinach 

Net Weight : 385 g",,,0.74768,,,,,,,0.13228,2.83067,0.17692,PCK-00-151923-5,2nd,
FV4115A - [BNL] - Date-glazed Shrimp & Korma,REC-033466-4-003,R,1,portions,Garlic Spinach with Onion Flakes,S,,30,grams,,SUB-033481-4-001,OVEN / BLAST CHILLER,,,,0.59996,,,,,,,0.06614,1.76382,0.11024,PCK-00-151923-5,2nd,

FV4115A - [DE] - Date-glazed Shrimp & Korma -,REC-033466-4-002,R,1,portions,Korma Sauce Base,S,,80,grams,,SUB-033479-4-001,SPICE PORTIONING / IMMERSION BLENDER / BRAISER / BLAST CHILLER,"""**PLATING INSTRUCTIONS**                                                                                                                                       
                                                                                                                                    ** Compartment Size**                                                                                                                         
                                                                                                                                       1 : Main Compartment (from bottom to top)
80 g Korma Sauce 
40 g Carrots
35 g Peppers
20 g Steamed Peas 
120 g  Shrimps
","KASCHUNÜSSE, MILCH (EINSCHLIESSLICH LAKTOSE), SCHALENFRÜCHTE, SCHWEFELDIOXIDE UND SULFITE",,0.75998,,,,,,,0.17637,3.71315,0.23207,PCK-00-151923-5,Main,
FV4115A - [DE] - Date-glazed Shrimp & Korma -,REC-033466-4-002,R,1,portions,S&P Roasted Carrot Coins,S,,40,grams,,SUB-029512-4-001,HAND MARINADE / OVEN / BLAST CHILLER,,,,0.52265,,,,,,,0.08818,2.69964,0.16873,PCK-00-151923-5,Main,
FV4115A - [DE] - Date-glazed Shrimp & Korma -,REC-033466-4-002,R,1,portions,Garlic Roasted Red Peppers - Diced -Low Fat,S,,35,grams,,SUB-033130-4-001,UNCATEGORIZED BOM,,SCHWEFELDIOXIDE UND SULFITE,,0.72171,,,,,,,0.07716,1.71065,0.10692,PCK-00-151923-5,Main,
FV4115A - [DE] - Date-glazed Shrimp & Korma -,REC-033466-4-002,R,1,portions,Peas - Steamed Peas,S,,20,grams,,SUB-013399-4-001,OVEN / BLAST CHILLER,,,,0.92912,,,,,,,0.04409,0.7593,0.04746,PCK-00-151923-5,Main,
FV4115A - [DE] - Date-glazed Shrimp & Korma -,REC-033466-4-002,R,1,portions,Date glazed Shrimp,S,,120,grams,,SUB-033465-4-001,THAW / MARINADE / OVEN / BLAST CHILLER,,"KREBSTIERE, SCHWEFELDIOXIDE UND SULFITE",,0.7,,,,,,,0.26455,6.04697,0.37794,PCK-00-151923-5,Main,
FV4115A - [DE] - Date-glazed Shrimp & Korma -,REC-033466-4-002,R,1,portions,Orange and Onion Sweet Potato,S,,60,grams,,SUB-033480-4-001,OVEN / BLAST CHILLER,"
2 : Side Compartment (from bottom to top)
60 g Sweet Potato
30 g Spinach 

Net Weight : 385 g",,,0.74768,,,,,,,0.13228,2.83067,0.17692,PCK-00-151923-5,2nd,
FV4115A - [DE] - Date-glazed Shrimp & Korma -,REC-033466-4-002,R,1,portions,Garlic Spinach with Onion Flakes,S,,30,grams,,SUB-033481-4-001,OVEN / BLAST CHILLER,,,,0.59996,,,,,,,0.06614,1.76382,0.11024,PCK-00-151923-5,2nd,

FV4115A - [DK/SE] - Date-glazed Shrimp & Korma,REC-033466-4-001,R,1,portions,Korma Sauce Base,S,,80,grams,,SUB-033479-4-001,SPICE PORTIONING / IMMERSION BLENDER / BRAISER / BLAST CHILLER,"""**PLATING INSTRUCTIONS**                                                                                                                                       
                                                                                                                                    ** Compartment Size**                                                                                                                         
                                                                                                                                       1 : Main Compartment (from bottom to top)
80 g Korma Sauce 
40 g Carrots
35 g Peppers
20 g Steamed Peas 
120 g  Shrimps
","KASCHUNÜSSE, MILCH (EINSCHLIESSLICH LAKTOSE), SCHALENFRÜCHTE, SCHWEFELDIOXIDE UND SULFITE",,0.75998,,,,,,,0.17637,3.71315,0.23207,PCK-00-151923-5,Main,
FV4115A - [DK/SE] - Date-glazed Shrimp & Korma,REC-033466-4-001,R,1,portions,S&P Roasted Carrot Coins,S,,40,grams,,SUB-029512-4-001,HAND MARINADE / OVEN / BLAST CHILLER,,,,0.52265,,,,,,,0.08818,2.69964,0.16873,PCK-00-151923-5,Main,
FV4115A - [DK/SE] - Date-glazed Shrimp & Korma,REC-033466-4-001,R,1,portions,Garlic Roasted Red Peppers - Diced -Low Fat,S,,35,grams,,SUB-033130-4-001,UNCATEGORIZED BOM,,SCHWEFELDIOXIDE UND SULFITE,,0.72171,,,,,,,0.07716,1.71065,0.10692,PCK-00-151923-5,Main,
FV4115A - [DK/SE] - Date-glazed Shrimp & Korma,REC-033466-4-001,R,1,portions,Peas - Steamed Peas,S,,20,grams,,SUB-013399-4-001,OVEN / BLAST CHILLER,,,,0.92912,,,,,,,0.04409,0.7593,0.04746,PCK-00-151923-5,Main,
FV4115A - [DK/SE] - Date-glazed Shrimp & Korma,REC-033466-4-001,R,1,portions,Date glazed Shrimp,S,,120,grams,,SUB-033465-4-001,THAW / MARINADE / OVEN / BLAST CHILLER,,"KREBSTIERE, SCHWEFELDIOXIDE UND SULFITE",,0.7,,,,,,,0.26455,6.04697,0.37794,PCK-00-151923-5,Main,
FV4115A - [DK/SE] - Date-glazed Shrimp & Korma,REC-033466-4-001,R,1,portions,Orange and Onion Sweet Potato,S,,60,grams,,SUB-033480-4-001,OVEN / BLAST CHILLER,"
2 : Side Compartment (from bottom to top)
60 g Sweet Potato
30 g Spinach 

Net Weight : 385 g",,,0.74768,,,,,,,0.13228,2.83067,0.17692,PCK-00-151923-5,2nd,
FV4115A - [DK/SE] - Date-glazed Shrimp & Korma,REC-033466-4-001,R,1,portions,Garlic Spinach with Onion Flakes,S,,30,grams,,SUB-033481-4-001,OVEN / BLAST CHILLER,,,,0.59996,,,,,,,0.06614,1.76382,0.11024,PCK-00-151923-5,2nd,

FV4116A - [BNL] - Sweet Potato & Bulgogi-Spiced Beef,REC-033530-4-002,R,1,portions,Ginger & Sesame roasted Sweet Potato,S,,130,grams,,SUB-033529-4-001,OVEN / BLAST CHILLER,"""**PLATING INSTRUCTIONS**                                                                                                                                       
                                                                                                                                    ** 2 Compartment**                                                                                                                         
                                                                                                                                       1 : Main Compartment
 (from bottom to top)

130g sweet potato
100g shredded beef
70g bulgogi sauce
4g roasted green onions
1g sesame seeds


",SESAMSAMEN,,0.80917,,,,,,,0.2866,5.66706,0.35419,PCK-00-151923-5,Main,
FV4116A - [BNL] - Sweet Potato & Bulgogi-Spiced Beef,REC-033530-4-002,R,1,portions,Shredded Sous Vide Beef,S,,100,grams,,SUB-013599-4-001,HAND MIX / COLD SHREDDER,,,,0.93864,,,,,,,0.22046,3.758,0.23488,PCK-00-151923-5,Main,
FV4116A - [BNL] - Sweet Potato & Bulgogi-Spiced Beef,REC-033530-4-002,R,1,portions,Bulgogi Spiced Sauce,S,,70,grams,,SUB-033531-4-001,SPICE PORTIONING / IMMERSION BLENDER / BRAISER / BLAST CHILLER,,"SCHWEFELDIOXIDE UND SULFITE, SELLERIE, SOJA",,0.6336,,,,,,,0.15432,3.89703,0.24356,PCK-00-151923-5,Main,
FV4116A - [BNL] - Sweet Potato & Bulgogi-Spiced Beef,REC-033530-4-002,R,1,portions,Roasted Green Onions,S,,4,grams,,SUB-023370-4-001,OVEN / BLAST CHILLER,,,,0.502,,,,,,,0.00882,0.28107,0.01757,PCK-00-151923-5,Main,
FV4116A - [BNL] - Sweet Potato & Bulgogi-Spiced Beef,REC-033530-4-002,R,1,portions,Toasted Sesame Seeds,S,,1,grams,,SUB-033414-4-001,OVEN / BLAST CHILLER,,SESAMSAMEN,,0.97,,,,,,,0.0022,0.03636,0.00227,PCK-00-151923-5,Main,
FV4116A - [BNL] - Sweet Potato & Bulgogi-Spiced Beef,REC-033530-4-002,R,1,portions,Kimchi Inspired Slaw,S,,110,grams,,SUB-033418-4-001,SPICE PORTIONING / BRAISER / BLAST CHILLER,"2 : Side Compartment 
(from bottom to top)

110g kimchi slaw

Net Weight : 415g","SCHWEFELDIOXIDE UND SULFITE, SESAMSAMEN",,0.6689,,,,,,,0.24251,5.80082,0.36255,PCK-00-151923-5,2nd,

FV4116A - [DE] - Sweet Potato & Bulgogi-Spiced Beef,REC-033530-4-001,R,1,portions,Ginger & Sesame roasted Sweet Potato,S,,130,grams,,SUB-033529-4-001,OVEN / BLAST CHILLER,"""**PLATING INSTRUCTIONS**                                                                                                                                       
                                                                                                                                    ** 2 Compartment**                                                                                                                         
                                                                                                                                       1 : Main Compartment
 (from bottom to top)

130g sweet potato
100g shredded beef
70g bulgogi sauce
4g roasted green onions
1g sesame seeds


",SESAMSAMEN,,0.80917,,,,,,,0.2866,5.66706,0.35419,PCK-00-151923-5,Main,
FV4116A - [DE] - Sweet Potato & Bulgogi-Spiced Beef,REC-033530-4-001,R,1,portions,Shredded Sous Vide Beef,S,,100,grams,,SUB-013599-4-001,HAND MIX / COLD SHREDDER,,,,0.93864,,,,,,,0.22046,3.758,0.23488,PCK-00-151923-5,Main,
FV4116A - [DE] - Sweet Potato & Bulgogi-Spiced Beef,REC-033530-4-001,R,1,portions,Bulgogi Spiced Sauce,S,,70,grams,,SUB-033531-4-001,SPICE PORTIONING / IMMERSION BLENDER / BRAISER / BLAST CHILLER,,"SCHWEFELDIOXIDE UND SULFITE, SELLERIE, SOJA",,0.6336,,,,,,,0.15432,3.89703,0.24356,PCK-00-151923-5,Main,
FV4116A - [DE] - Sweet Potato & Bulgogi-Spiced Beef,REC-033530-4-001,R,1,portions,Roasted Green Onions,S,,4,grams,,SUB-023370-4-001,OVEN / BLAST CHILLER,,,,0.502,,,,,,,0.00882,0.28107,0.01757,PCK-00-151923-5,Main,
FV4116A - [DE] - Sweet Potato & Bulgogi-Spiced Beef,REC-033530-4-001,R,1,portions,Toasted Sesame Seeds,S,,1,grams,,SUB-033414-4-001,OVEN / BLAST CHILLER,,SESAMSAMEN,,0.97,,,,,,,0.0022,0.03636,0.00227,PCK-00-151923-5,Main,
FV4116A - [DE] - Sweet Potato & Bulgogi-Spiced Beef,REC-033530-4-001,R,1,portions,Kimchi Inspired Slaw,S,,110,grams,,SUB-033418-4-001,SPICE PORTIONING / BRAISER / BLAST CHILLER,"2 : Side Compartment 
(from bottom to top)

110g kimchi slaw

Net Weight : 415g","SCHWEFELDIOXIDE UND SULFITE, SESAMSAMEN",,0.6689,,,,,,,0.24251,5.80082,0.36255,PCK-00-151923-5,2nd,

FV4116A - [DK/SE] - Sweet Potato & Bulgogi-Spiced Beef,REC-033530-4-003,R,1,portions,Ginger & Sesame roasted Sweet Potato,S,,130,grams,,SUB-033529-4-001,OVEN / BLAST CHILLER,"""**PLATING INSTRUCTIONS**                                                                                                                                       
                                                                                                                                    ** 2 Compartment**                                                                                                                         
                                                                                                                                       1 : Main Compartment
 (from bottom to top)

130g sweet potato
100g shredded beef
70g bulgogi sauce
4g roasted green onions
1g sesame seeds


",SESAMSAMEN,,0.80917,,,,,,,0.2866,5.66706,0.35419,PCK-00-151923-5,Main,
FV4116A - [DK/SE] - Sweet Potato & Bulgogi-Spiced Beef,REC-033530-4-003,R,1,portions,Shredded Sous Vide Beef,S,,100,grams,,SUB-013599-4-001,HAND MIX / COLD SHREDDER,,,,0.93864,,,,,,,0.22046,3.758,0.23488,PCK-00-151923-5,Main,
FV4116A - [DK/SE] - Sweet Potato & Bulgogi-Spiced Beef,REC-033530-4-003,R,1,portions,Bulgogi Spiced Sauce,S,,70,grams,,SUB-033531-4-001,SPICE PORTIONING / IMMERSION BLENDER / BRAISER / BLAST CHILLER,,"SCHWEFELDIOXIDE UND SULFITE, SELLERIE, SOJA",,0.6336,,,,,,,0.15432,3.89703,0.24356,PCK-00-151923-5,Main,
FV4116A - [DK/SE] - Sweet Potato & Bulgogi-Spiced Beef,REC-033530-4-003,R,1,portions,Roasted Green Onions,S,,4,grams,,SUB-023370-4-001,OVEN / BLAST CHILLER,,,,0.502,,,,,,,0.00882,0.28107,0.01757,PCK-00-151923-5,Main,
FV4116A - [DK/SE] - Sweet Potato & Bulgogi-Spiced Beef,REC-033530-4-003,R,1,portions,Toasted Sesame Seeds,S,,1,grams,,SUB-033414-4-001,OVEN / BLAST CHILLER,,SESAMSAMEN,,0.97,,,,,,,0.0022,0.03636,0.00227,PCK-00-151923-5,Main,
FV4116A - [DK/SE] - Sweet Potato & Bulgogi-Spiced Beef,REC-033530-4-003,R,1,portions,Kimchi Inspired Slaw,S,,110,grams,,SUB-033418-4-001,SPICE PORTIONING / BRAISER / BLAST CHILLER,"2 : Side Compartment 
(from bottom to top)

110g kimchi slaw

Net Weight : 415g","SCHWEFELDIOXIDE UND SULFITE, SESAMSAMEN",,0.6689,,,,,,,0.24251,5.80082,0.36255,PCK-00-151923-5,2nd,

FV4119A - [BNL] - Baja Tofu & Cauliflower Rice,REC-014197-4-008,R,1,portions,Mexican Cauliflower Rice,S,,150,grams,,SUB-014051-4-001,OVEN,"***PLATING INSTRUCTIONS***
(From the bottom to the top)

2 Compartment
MAIN COMPARTMENT
150 g cauliflower rice
8 g butter
110 g Baja Tofu",,,0.70768,1,SCOOP,grey,NATURAL,,,0.33069,7.47665,0.46729,PCK-00-151924-5,Main,
FV4119A - [BNL] - Baja Tofu & Cauliflower Rice,REC-014197-4-008,R,1,portions,Compound butter - Chili-Garlic Butter - master batch,S,,8,grams,,SUB-014054-4-001,PLANETARY MIXER / SCOOPER (BUTTER) / BLAST CHILLER,,MILCH (EINSCHLIESSLICH LAKTOSE),,0.91103,1,SCOOP,silver #110,LEVEL,,,0.01764,0.30975,0.01936,PCK-00-151924-5,Main,
FV4119A - [BNL] - Baja Tofu & Cauliflower Rice,REC-014197-4-008,R,1,portions,Baja Marinated Tofu,S,,110,grams,,SUB-033411-4-001,OVEN / BLAST CHILLER,,SCHWEFELDIOXIDE UND SULFITE,,0.85,,,,,,,0.24251,4.56487,0.2853,PCK-00-151924-5,Main,
FV4119A - [BNL] - Baja Tofu & Cauliflower Rice,REC-014197-4-008,R,1,portions,Broccoli - S&P Broccoli FLORETS - less salt,S,,70,grams,,SUB-013822-4-001,HAND MIX,"2ND COMPARTMENT
70g broccoli florets",,,0.69966,1,SCOOP,grey,LEVEL,,,0.15432,3.52914,0.22057,PCK-00-151924-5,2nd,
FV4119A - [BNL] - Baja Tofu & Cauliflower Rice,REC-014197-4-008,R,1,portions,Sauce - Cilantro Sour Cream,S,,40,grams,,SUB-013701-4-001,IMMERSION BLENDER / CUPPING,"3RD COMPARTMENT
40g sauce Cupped

Total weight = 378g",MILCH (EINSCHLIESSLICH LAKTOSE),,0.8912,1,CUP,Cup,,,,0.08818,1.58321,0.09895,PCK-00-151924-5,3rd,

FV4119A - [DE] - Baja Tofu & Cauliflower Rice,REC-014197-4-009,R,1,portions,Mexican Cauliflower Rice,S,,150,grams,,SUB-014051-4-001,OVEN,"***PLATING INSTRUCTIONS***
(From the bottom to the top)

2 Compartment
MAIN COMPARTMENT
150 g cauliflower rice
8 g butter
110 g Baja Tofu",,,0.70768,1,SCOOP,grey,NATURAL,,,0.33069,7.47665,0.46729,PCK-00-151924-5,Main,
FV4119A - [DE] - Baja Tofu & Cauliflower Rice,REC-014197-4-009,R,1,portions,Compound butter - Chili-Garlic Butter - master batch,S,,8,grams,,SUB-014054-4-001,PLANETARY MIXER / SCOOPER (BUTTER) / BLAST CHILLER,,MILCH (EINSCHLIESSLICH LAKTOSE),,0.91103,1,SCOOP,silver #110,LEVEL,,,0.01764,0.30975,0.01936,PCK-00-151924-5,Main,
FV4119A - [DE] - Baja Tofu & Cauliflower Rice,REC-014197-4-009,R,1,portions,Baja Marinated Tofu,S,,110,grams,,SUB-033411-4-001,OVEN / BLAST CHILLER,,SCHWEFELDIOXIDE UND SULFITE,,0.85,,,,,,,0.24251,4.56487,0.2853,PCK-00-151924-5,Main,
FV4119A - [DE] - Baja Tofu & Cauliflower Rice,REC-014197-4-009,R,1,portions,Broccoli - S&P Broccoli FLORETS - less salt,S,,70,grams,,SUB-013822-4-001,HAND MIX,"2ND COMPARTMENT
70g broccoli florets",,,0.69966,1,SCOOP,grey,LEVEL,,,0.15432,3.52914,0.22057,PCK-00-151924-5,2nd,
FV4119A - [DE] - Baja Tofu & Cauliflower Rice,REC-014197-4-009,R,1,portions,Sauce - Cilantro Sour Cream,S,,40,grams,,SUB-013701-4-001,IMMERSION BLENDER / CUPPING,"3RD COMPARTMENT
40g sauce Cupped

Total weight = 378g",MILCH (EINSCHLIESSLICH LAKTOSE),,0.8912,1,CUP,Cup,,,,0.08818,1.58321,0.09895,PCK-00-151924-5,3rd,

FV4119A - [DK/SE] - Baja Tofu & Cauliflower Rice,REC-014197-4-010,R,1,portions,Mexican Cauliflower Rice,S,,150,grams,,SUB-014051-4-001,OVEN,"***PLATING INSTRUCTIONS***
(From the bottom to the top)

2 Compartment
MAIN COMPARTMENT
150 g cauliflower rice
8 g butter
110 g Baja Tofu",,,0.70768,1,SCOOP,grey,NATURAL,,,0.33069,7.47665,0.46729,PCK-00-151924-5,Main,
FV4119A - [DK/SE] - Baja Tofu & Cauliflower Rice,REC-014197-4-010,R,1,portions,Compound butter - Chili-Garlic Butter - master batch,S,,8,grams,,SUB-014054-4-001,PLANETARY MIXER / SCOOPER (BUTTER) / BLAST CHILLER,,MILCH (EINSCHLIESSLICH LAKTOSE),,0.91103,1,SCOOP,silver #110,LEVEL,,,0.01764,0.30975,0.01936,PCK-00-151924-5,Main,
FV4119A - [DK/SE] - Baja Tofu & Cauliflower Rice,REC-014197-4-010,R,1,portions,Baja Marinated Tofu,S,,110,grams,,SUB-033411-4-001,OVEN / BLAST CHILLER,,SCHWEFELDIOXIDE UND SULFITE,,0.85,,,,,,,0.24251,4.56487,0.2853,PCK-00-151924-5,Main,
FV4119A - [DK/SE] - Baja Tofu & Cauliflower Rice,REC-014197-4-010,R,1,portions,Broccoli - S&P Broccoli FLORETS - less salt,S,,70,grams,,SUB-013822-4-001,HAND MIX,"2ND COMPARTMENT
70g broccoli florets",,,0.69966,1,SCOOP,grey,LEVEL,,,0.15432,3.52914,0.22057,PCK-00-151924-5,2nd,
FV4119A - [DK/SE] - Baja Tofu & Cauliflower Rice,REC-014197-4-010,R,1,portions,Sauce - Cilantro Sour Cream,S,,40,grams,,SUB-013701-4-001,IMMERSION BLENDER / CUPPING,"3RD COMPARTMENT
40g sauce Cupped

Total weight = 378g",MILCH (EINSCHLIESSLICH LAKTOSE),,0.8912,1,CUP,Cup,,,,0.08818,1.58321,0.09895,PCK-00-151924-5,3rd,

FV4120A - [BNL] - Sesame-Spinach Rice & Baked Tofu,REC-033709-4-001,R,1,portions,Sesame & Spinach Rice,S,,210,grams,,SUB-033712-4-001,PLANETARY MIXER,"""**PLATING INSTRUCTIONS**                                                                                                                                       
                                                                                                                                    ** Compartment Size**                                                                                                                         
                                                                                                                                       1 : Main Compartment (from bottom to top)

 210 g Basmati - Spinach Base 
120 g Tofu

","SCHWEFELDIOXIDE UND SULFITE, SESAMSAMEN, SOJA",,0.99,,,,,,,0.46297,7.48236,0.46765,PCK-00-151924-5,Main,
FV4120A - [BNL] - Sesame-Spinach Rice & Baked Tofu,REC-033709-4-001,R,1,portions,Red Curry Roasted Tofu,S,,120,grams,,SUB-033453-4-001,DEBOX / HAND SLICE / MARINADE / OVEN / BLAST CHILLER,,SENF,,0.8136,,,,,,,0.26455,5.20265,0.32517,PCK-00-151924-5,Main,
FV4120A - [BNL] - Sesame-Spinach Rice & Baked Tofu,REC-033709-4-001,R,1,portions,Kinpira Style roasted Carrots,S,,50,grams,,SUB-033713-4-001,HAND MARINADE / OVEN / BLAST CHILLER,"2 : Side Compartment 

(from bottom to top)

50 g Carrots

","SCHWEFELDIOXIDE UND SULFITE, SESAMSAMEN, SOJA",,0.83995,,,,,,,0.11023,2.09976,0.13123,PCK-00-151924-5,2nd,
FV4120A - [BNL] - Sesame-Spinach Rice & Baked Tofu,REC-033709-4-001,R,1,portions,Terryaki Sauce,S,,20,grams,,SUB-033912-4-001,SPICE PORTIONING / IMMERSION BLENDER / BRAISER / BLAST CHILLER,"3 : Side Compartment 

CUPPED

20 g Terryaki Sauce 

Net Weight : 400g","SCHWEFELDIOXIDE UND SULFITE, SESAMSAMEN, SOJA",,0.70421,,,,,,,0.04409,1.0018,0.06261,PCK-00-151924-5,3rd,

FV4120A - [DE] - Sesame-Spinach Rice & Baked Tofu,REC-033709-4-003,R,1,portions,Sesame & Spinach Rice,S,,210,grams,,SUB-033712-4-001,PLANETARY MIXER,"""**PLATING INSTRUCTIONS**                                                                                                                                       
                                                                                                                                    ** Compartment Size**                                                                                                                         
                                                                                                                                       1 : Main Compartment (from bottom to top)

 210 g Basmati - Spinach Base 
120 g Tofu

","SCHWEFELDIOXIDE UND SULFITE, SESAMSAMEN, SOJA",,0.99,,,,,,,0.46297,7.48236,0.46765,PCK-00-151924-5,Main,
FV4120A - [DE] - Sesame-Spinach Rice & Baked Tofu,REC-033709-4-003,R,1,portions,Red Curry Roasted Tofu,S,,120,grams,,SUB-033453-4-001,DEBOX / HAND SLICE / MARINADE / OVEN / BLAST CHILLER,,SENF,,0.8136,,,,,,,0.26455,5.20265,0.32517,PCK-00-151924-5,Main,
FV4120A - [DE] - Sesame-Spinach Rice & Baked Tofu,REC-033709-4-003,R,1,portions,Kinpira Style roasted Carrots,S,,50,grams,,SUB-033713-4-001,HAND MARINADE / OVEN / BLAST CHILLER,"2 : Side Compartment 

(from bottom to top)

50 g Carrots

","SCHWEFELDIOXIDE UND SULFITE, SESAMSAMEN, SOJA",,0.83995,,,,,,,0.11023,2.09976,0.13123,PCK-00-151924-5,2nd,
FV4120A - [DE] - Sesame-Spinach Rice & Baked Tofu,REC-033709-4-003,R,1,portions,Terryaki Sauce,S,,20,grams,,SUB-033912-4-001,SPICE PORTIONING / IMMERSION BLENDER / BRAISER / BLAST CHILLER,"3 : Side Compartment 

CUPPED

20 g Terryaki Sauce 

Net Weight : 400g","SCHWEFELDIOXIDE UND SULFITE, SESAMSAMEN, SOJA",,0.70421,,,,,,,0.04409,1.0018,0.06261,PCK-00-151924-5,3rd,

FV4120A - [DK/SE] - Sesame-Spinach Rice & Baked Tofu,REC-033709-4-002,R,1,portions,Sesame & Spinach Rice,S,,210,grams,,SUB-033712-4-001,PLANETARY MIXER,"""**PLATING INSTRUCTIONS**                                                                                                                                       
                                                                                                                                    ** Compartment Size**                                                                                                                         
                                                                                                                                       1 : Main Compartment (from bottom to top)

 210 g Basmati - Spinach Base 
120 g Tofu

","SCHWEFELDIOXIDE UND SULFITE, SESAMSAMEN, SOJA",,0.99,,,,,,,0.46297,7.48236,0.46765,PCK-00-151924-5,Main,
FV4120A - [DK/SE] - Sesame-Spinach Rice & Baked Tofu,REC-033709-4-002,R,1,portions,Red Curry Roasted Tofu,S,,120,grams,,SUB-033453-4-001,DEBOX / HAND SLICE / MARINADE / OVEN / BLAST CHILLER,,SENF,,0.8136,,,,,,,0.26455,5.20265,0.32517,PCK-00-151924-5,Main,
FV4120A - [DK/SE] - Sesame-Spinach Rice & Baked Tofu,REC-033709-4-002,R,1,portions,Kinpira Style roasted Carrots,S,,50,grams,,SUB-033713-4-001,HAND MARINADE / OVEN / BLAST CHILLER,"2 : Side Compartment 

(from bottom to top)

50 g Carrots

","SCHWEFELDIOXIDE UND SULFITE, SESAMSAMEN, SOJA",,0.83995,,,,,,,0.11023,2.09976,0.13123,PCK-00-151924-5,2nd,
FV4120A - [DK/SE] - Sesame-Spinach Rice & Baked Tofu,REC-033709-4-002,R,1,portions,Terryaki Sauce,S,,20,grams,,SUB-033912-4-001,SPICE PORTIONING / IMMERSION BLENDER / BRAISER / BLAST CHILLER,"3 : Side Compartment 

CUPPED

20 g Terryaki Sauce 

Net Weight : 400g","SCHWEFELDIOXIDE UND SULFITE, SESAMSAMEN, SOJA",,0.70421,,,,,,,0.04409,1.0018,0.06261,PCK-00-151924-5,3rd,

FV4121A -[BNL] North-African-style Chickpea & Eggplant Stew,REC-033473-4-001,R,1,portions,North African Chickpea 'tagine',S,,150,grams,,SUB-033474-4-001,SPICE PORTIONING / IMMERSION BLENDER / BRAISER / BLAST CHILLER,"***PLATING INSTRUCTIONS***

COMPARTMENT 1

150g - Chickpea tagine
120g - Quinoa","SCHWEFELDIOXIDE UND SULFITE, SELLERIE",,0.88962,,,,,,,0.33069,5.94758,0.37172,PCK-00-151924-5,Main,
FV4121A -[BNL] North-African-style Chickpea & Eggplant Stew,REC-033473-4-001,R,1,portions,Moroccan Quinoa,S,,120,grams,,SUB-029016-4-001,OVEN / HAND MIX / BLAST CHILLER,,"SCHWEFELDIOXIDE UND SULFITE, SELLERIE",,1,,,,,,,0.26455,4.23288,0.26455,PCK-00-151924-5,Main,
FV4121A -[BNL] North-African-style Chickpea & Eggplant Stew,REC-033473-4-001,R,1,portions,Sweet and Sour Moroccan carrots,S,,90,grams,,SUB-033475-4-001,SPICE PORTIONING / BRAISER / BLAST CHILLER,"COMPARTMENT 2

90g -Carrots
",SCHWEFELDIOXIDE UND SULFITE,,0.91,,,,,,,0.19842,3.48864,0.21804,PCK-00-151924-5,2nd,
FV4121A -[BNL] North-African-style Chickpea & Eggplant Stew,REC-033473-4-001,R,1,portions,Turmeric & Tahini dressing,S,,30,grams,,SUB-033564-4-001,IMMERSION BLENDER / CUPPING,"30g - Turmeric & Tahini (cupped Sauce)

Net Weight 390g",SESAMSAMEN,,0.88999,1,CUP,Cup,,,,0.06614,1.18903,0.07431,PCK-00-151924-5,3rd,

FV4121A -[DE] North-African-style Chickpea & Eggplant Stew,REC-033473-4-002,R,1,portions,North African Chickpea 'tagine',S,,150,grams,,SUB-033474-4-001,SPICE PORTIONING / IMMERSION BLENDER / BRAISER / BLAST CHILLER,"***PLATING INSTRUCTIONS***

COMPARTMENT 1

150g - Chickpea tagine
120g - Quinoa","SCHWEFELDIOXIDE UND SULFITE, SELLERIE",,0.88962,,,,,,,0.33069,5.94758,0.37172,PCK-00-151924-5,Main,
FV4121A -[DE] North-African-style Chickpea & Eggplant Stew,REC-033473-4-002,R,1,portions,Moroccan Quinoa,S,,120,grams,,SUB-029016-4-001,OVEN / HAND MIX / BLAST CHILLER,,"SCHWEFELDIOXIDE UND SULFITE, SELLERIE",,1,,,,,,,0.26455,4.23288,0.26455,PCK-00-151924-5,Main,
FV4121A -[DE] North-African-style Chickpea & Eggplant Stew,REC-033473-4-002,R,1,portions,Sweet and Sour Moroccan carrots,S,,90,grams,,SUB-033475-4-001,SPICE PORTIONING / BRAISER / BLAST CHILLER,"COMPARTMENT 2

90g -Carrots
",SCHWEFELDIOXIDE UND SULFITE,,0.91,,,,,,,0.19842,3.48864,0.21804,PCK-00-151924-5,2nd,
FV4121A -[DE] North-African-style Chickpea & Eggplant Stew,REC-033473-4-002,R,1,portions,Turmeric & Tahini dressing,S,,30,grams,,SUB-033564-4-001,IMMERSION BLENDER / CUPPING,"30g - Turmeric & Tahini (cupped Sauce)

Net Weight 390g",SESAMSAMEN,,0.88999,1,CUP,Cup,,,,0.06614,1.18903,0.07431,PCK-00-151924-5,3rd,

FV4121A -[DSKE] North-African-style Chickpea & Eggplant Stew,REC-033473-4-003,R,1,portions,North African Chickpea 'tagine',S,,150,grams,,SUB-033474-4-001,SPICE PORTIONING / IMMERSION BLENDER / BRAISER / BLAST CHILLER,"***PLATING INSTRUCTIONS***

COMPARTMENT 1

150g - Chickpea tagine
120g - Quinoa","SCHWEFELDIOXIDE UND SULFITE, SELLERIE",,0.88962,,,,,,,0.33069,5.94758,0.37172,PCK-00-151924-5,Main,
FV4121A -[DSKE] North-African-style Chickpea & Eggplant Stew,REC-033473-4-003,R,1,portions,Moroccan Quinoa,S,,120,grams,,SUB-029016-4-001,OVEN / HAND MIX / BLAST CHILLER,,"SCHWEFELDIOXIDE UND SULFITE, SELLERIE",,1,,,,,,,0.26455,4.23288,0.26455,PCK-00-151924-5,Main,
FV4121A -[DSKE] North-African-style Chickpea & Eggplant Stew,REC-033473-4-003,R,1,portions,Sweet and Sour Moroccan carrots,S,,90,grams,,SUB-033475-4-001,SPICE PORTIONING / BRAISER / BLAST CHILLER,"COMPARTMENT 2

90g -Carrots
",SCHWEFELDIOXIDE UND SULFITE,,0.91,,,,,,,0.19842,3.48864,0.21804,PCK-00-151924-5,2nd,
FV4121A -[DSKE] North-African-style Chickpea & Eggplant Stew,REC-033473-4-003,R,1,portions,Turmeric & Tahini dressing,S,,30,grams,,SUB-033564-4-001,IMMERSION BLENDER / CUPPING,"30g - Turmeric & Tahini (cupped Sauce)

Net Weight 390g",SESAMSAMEN,,0.88999,1,CUP,Cup,,,,0.06614,1.18903,0.07431,PCK-00-151924-5,3rd,

FV4123A -Shrimp & Paella Style Rice,REC-033725-4-001,R,1,portions,Tumeric - Paprika Brown Basmati,S,,190,grams,,SUB-034007-4-001,OVEN / HAND MIX / BLAST CHILLER,"""**PLATING INSTRUCTIONS**                                                                                                                                       
                                                                                                                                    ** 1 Compartment**                                                                                                                         
                                                                                                                                       1 : Main Compartment
 (from bottom to top)

190 g Basmati
40 g Peas
30 g Peppers
10 g Red Onions 
10 g Green Onions
120 g Shrimp



Net Weight : 400 g
",,,1.019,,,,,,,0.41888,6.57709,0.41107,PCK-00-151922-5,Main,
FV4123A -Shrimp & Paella Style Rice,REC-033725-4-001,R,1,portions,Steamed Peas - Plain,S,,40,grams,,SUB-014275-4-001,OVEN / BLAST CHILLER,,,,0.94961,,,,,,,0.08818,1.48583,0.09286,PCK-00-151922-5,Main,
FV4123A -Shrimp & Paella Style Rice,REC-033725-4-001,R,1,portions,Roasted Garlic Oil Red Peppers,S,,30,grams,,SUB-034008-4-001,OVEN / BLAST CHILLER,,,,0.67998,,,,,,,0.06614,1.55624,0.09727,PCK-00-151922-5,Main,
FV4123A -Shrimp & Paella Style Rice,REC-033725-4-001,R,1,portions,Caramelized Red Onions,S,,10,grams,,SUB-034009-4-001,SPICE PORTIONING / BRAISER / BLAST CHILLER,,,,0.64,,,,,,,0.02205,0.55116,0.03445,PCK-00-151922-5,Main,
FV4123A -Shrimp & Paella Style Rice,REC-033725-4-001,R,1,portions,Roasted Green Onions,S,,10,grams,,SUB-023370-4-001,OVEN / BLAST CHILLER,,,,0.502,,,,,,,0.02205,0.70267,0.04392,PCK-00-151922-5,Main,
FV4123A -Shrimp & Paella Style Rice,REC-033725-4-001,R,1,portions,Garlic & Citrus - Herb Shrimp Batch,S,,120,grams,,SUB-013801-4-002,THAW / MARINADE / OVEN / BLAST CHILLER,,KREBSTIERE,,0.60001,,,,,,,0.26455,7.05466,0.44092,PCK-00-151922-5,Main,

FV4127A - [BNL] - Tandoori Potatoes & Mango Dahl,REC-033572-4-003,R,1,portions,Mango Dahl,S,,250,grams,,SUB-033566-4-001,SPICE PORTIONING / BRAISER / BLAST CHILLER,"""**PLATING INSTRUCTIONS**                                                                                                                                       
                                                                                                                                    ** Compartment Size**                                                                                                                         
                                                                                                                                       1 : Main Compartment
(from bottom to top)
250g Dahl Base
15g Peas
1 g Almonds","SCHWEFELDIOXIDE UND SULFITE, SENF",,0.75892,,,,,,,0.55116,11.61983,0.72624,PCK-00-151924-5,Main,
FV4127A - [BNL] - Tandoori Potatoes & Mango Dahl,REC-033572-4-003,R,1,portions,Peas - Steamed Peas,S,,15,grams,,SUB-013399-4-001,OVEN / BLAST CHILLER,,,,0.92912,,,,,,,0.03307,0.56947,0.03559,PCK-00-151924-5,Main,
FV4127A - [BNL] - Tandoori Potatoes & Mango Dahl,REC-033572-4-003,R,1,portions,Toasted Almonds garnish,S,,1,grams,,SUB-031450-4-001,HAND MARINADE / OVEN / BLAST CHILLER,,"MANDELN, SCHALENFRÜCHTE",,0.98,,,,,,,0.0022,0.03599,0.00225,PCK-00-151924-5,Main,
FV4127A - [BNL] - Tandoori Potatoes & Mango Dahl,REC-033572-4-003,R,1,portions,Tandoori Spiced Roasted Potatoes,S,,90,grams,,SUB-033565-4-001,OVEN / BLAST CHILLER,"2 : Side Compartment 

90g Tandoori Potatoes",,,0.71783,,,,,,,0.19842,4.42255,0.27641,PCK-00-151924-5,2nd,
FV4127A - [BNL] - Tandoori Potatoes & Mango Dahl,REC-033572-4-003,R,1,portions,Mint Chutney,S,,30,grams,,SUB-033569-4-001,IMMERSION BLENDER / CUPPING,"3 : Side Compartment

CUPPED
30g Mint Chutney

Net Weight : 386 g""",,,0.97997,1,CUP,Cup,,,,0.06614,1.07985,0.06749,PCK-00-151924-5,3rd,

FV4127A - [DE] - Tandoori Potatoes & Mango Dahl,REC-033572-4-002,R,1,portions,Mango Dahl,S,,250,grams,,SUB-033566-4-001,SPICE PORTIONING / BRAISER / BLAST CHILLER,"""**PLATING INSTRUCTIONS**                                                                                                                                       
                                                                                                                                    ** Compartment Size**                                                                                                                         
                                                                                                                                       1 : Main Compartment
(from bottom to top)
250g Dahl Base
15g Peas
1 g Almonds","SCHWEFELDIOXIDE UND SULFITE, SENF",,0.75892,,,,,,,0.55116,11.61983,0.72624,PCK-00-151924-5,Main,
FV4127A - [DE] - Tandoori Potatoes & Mango Dahl,REC-033572-4-002,R,1,portions,Peas - Steamed Peas,S,,15,grams,,SUB-013399-4-001,OVEN / BLAST CHILLER,,,,0.92912,,,,,,,0.03307,0.56947,0.03559,PCK-00-151924-5,Main,
FV4127A - [DE] - Tandoori Potatoes & Mango Dahl,REC-033572-4-002,R,1,portions,Toasted Almonds garnish,S,,1,grams,,SUB-031450-4-001,HAND MARINADE / OVEN / BLAST CHILLER,,"MANDELN, SCHALENFRÜCHTE",,0.98,,,,,,,0.0022,0.03599,0.00225,PCK-00-151924-5,Main,
FV4127A - [DE] - Tandoori Potatoes & Mango Dahl,REC-033572-4-002,R,1,portions,Tandoori Spiced Roasted Potatoes,S,,90,grams,,SUB-033565-4-001,OVEN / BLAST CHILLER,"2 : Side Compartment 

90g Tandoori Potatoes",,,0.71783,,,,,,,0.19842,4.42255,0.27641,PCK-00-151924-5,2nd,
FV4127A - [DE] - Tandoori Potatoes & Mango Dahl,REC-033572-4-002,R,1,portions,Mint Chutney,S,,30,grams,,SUB-033569-4-001,IMMERSION BLENDER / CUPPING,"3 : Side Compartment

CUPPED
30g Mint Chutney

Net Weight : 386 g""",,,0.97997,1,CUP,Cup,,,,0.06614,1.07985,0.06749,PCK-00-151924-5,3rd,

FV4127A - [DK/SE] - Tandoori Potatoes & Mango Dahl,REC-033572-4-001,R,1,portions,Mango Dahl,S,,250,grams,,SUB-033566-4-001,SPICE PORTIONING / BRAISER / BLAST CHILLER,"""**PLATING INSTRUCTIONS**                                                                                                                                       
                                                                                                                                    ** Compartment Size**                                                                                                                         
                                                                                                                                       1 : Main Compartment
(from bottom to top)
250g Dahl Base
15g Peas
1 g Almonds","SCHWEFELDIOXIDE UND SULFITE, SENF",,0.75892,,,,,,,0.55116,11.61983,0.72624,PCK-00-151924-5,Main,
FV4127A - [DK/SE] - Tandoori Potatoes & Mango Dahl,REC-033572-4-001,R,1,portions,Peas - Steamed Peas,S,,15,grams,,SUB-013399-4-001,OVEN / BLAST CHILLER,,,,0.92912,,,,,,,0.03307,0.56947,0.03559,PCK-00-151924-5,Main,
FV4127A - [DK/SE] - Tandoori Potatoes & Mango Dahl,REC-033572-4-001,R,1,portions,Toasted Almonds garnish,S,,1,grams,,SUB-031450-4-001,HAND MARINADE / OVEN / BLAST CHILLER,,"MANDELN, SCHALENFRÜCHTE",,0.98,,,,,,,0.0022,0.03599,0.00225,PCK-00-151924-5,Main,
FV4127A - [DK/SE] - Tandoori Potatoes & Mango Dahl,REC-033572-4-001,R,1,portions,Tandoori Spiced Roasted Potatoes,S,,90,grams,,SUB-033565-4-001,OVEN / BLAST CHILLER,"2 : Side Compartment 

90g Tandoori Potatoes",,,0.71783,,,,,,,0.19842,4.42255,0.27641,PCK-00-151924-5,2nd,
FV4127A - [DK/SE] - Tandoori Potatoes & Mango Dahl,REC-033572-4-001,R,1,portions,Mint Chutney,S,,30,grams,,SUB-033569-4-001,IMMERSION BLENDER / CUPPING,"3 : Side Compartment

CUPPED
30g Mint Chutney

Net Weight : 386 g""",,,0.97997,1,CUP,Cup,,,,0.06614,1.07985,0.06749,PCK-00-151924-5,3rd,

FV4128A - [BNL] - Roasted Beet & Grain Bowl,REC-033629-4-001,R,1,portions,Parsley Quinoa & Wildrice Blend,S,,125,grams,,SUB-033873-4-001,PLANETARY MIXER,"""**PLATING INSTRUCTIONS**                                                                                                                                       
                                                                                                                                    ** Compartment Size**                                                                                                                         
                                                                                                                                       1 : Main Compartment (from bottom to top)

125 g Quinoa Wild rice Blend Base
60g Sweet potato
100g Beans 
15g CRUMBLED Feta ","SCHWEFELDIOXIDE UND SULFITE, SELLERIE",,0.99,,,,,,,0.27558,4.45379,0.27836,PCK-00-151924-5,Main,
FV4128A - [BNL] - Roasted Beet & Grain Bowl,REC-033629-4-001,R,1,portions,Roasted Sweet Potato - Loaded Sweet Potato - more salt,S,,60,grams,,SUB-032730-4-002,OVEN / BLAST CHILLER,,,,0.85981,,,,,,,0.13228,2.46153,0.15385,PCK-00-151924-5,Main,
FV4128A - [BNL] - Roasted Beet & Grain Bowl,REC-033629-4-001,R,1,portions,Smokey Ancho - Tomato Beans,S,,100,grams,,SUB-033628-4-001,SPICE PORTIONING / BRAISER / BLAST CHILLER,,,,0.87255,,,,,,,0.22046,4.04265,0.25267,PCK-00-151924-5,Main,
FV4128A - [BNL] - Roasted Beet & Grain Bowl,REC-033629-4-001,R,1,portions,Crumbled feta,S,,15,grams,,SUB-033179-4-001,HAND MIX,,MILCH (EINSCHLIESSLICH LAKTOSE),,0.98,,,,,,,0.03307,0.53991,0.03374,PCK-00-151924-5,Main,
FV4128A - [BNL] - Roasted Beet & Grain Bowl,REC-033629-4-001,R,1,portions,D&O Glazed Beets,S,,70,grams,,SUB-033627-4-001,OVEN / BLAST CHILLER,"2 : Side Compartment

(from bottom to top)

70g Beets
",SCHWEFELDIOXIDE UND SULFITE,,0.75005,,,,,,,0.15432,3.29204,0.20575,PCK-00-151924-5,2nd,
FV4128A - [BNL] - Roasted Beet & Grain Bowl,REC-033629-4-001,R,1,portions,Dill - Parsley Drizzle,S,,30,grams,,SUB-033631-4-001,IMMERSION BLENDER / CUPPING,"3 : Side Compartment (from bottom to top)

 CUPPED

30 g Sauce 

Net Weight : 400 g",SENF,,0.9799,1,CUP,Cup,,,,0.06614,1.07992,0.0675,PCK-00-151924-5,3rd,

FV4128A - [DE] - Roasted Beet & Grain Bowl,REC-033629-4-002,R,1,portions,Parsley Quinoa & Wildrice Blend,S,,125,grams,,SUB-033873-4-001,PLANETARY MIXER,"""**PLATING INSTRUCTIONS**                                                                                                                                       
                                                                                                                                    ** Compartment Size**                                                                                                                         
                                                                                                                                       1 : Main Compartment (from bottom to top)

125 g Quinoa Wild rice Blend Base
60g Sweet potato
100g Beans 
15g CRUMBLED Feta ","SCHWEFELDIOXIDE UND SULFITE, SELLERIE",,0.99,,,,,,,0.27558,4.45379,0.27836,PCK-00-151924-5,Main,
FV4128A - [DE] - Roasted Beet & Grain Bowl,REC-033629-4-002,R,1,portions,Roasted Sweet Potato - Loaded Sweet Potato - more salt,S,,60,grams,,SUB-032730-4-002,OVEN / BLAST CHILLER,,,,0.85981,,,,,,,0.13228,2.46153,0.15385,PCK-00-151924-5,Main,
FV4128A - [DE] - Roasted Beet & Grain Bowl,REC-033629-4-002,R,1,portions,Smokey Ancho - Tomato Beans,S,,100,grams,,SUB-033628-4-001,SPICE PORTIONING / BRAISER / BLAST CHILLER,,,,0.87255,,,,,,,0.22046,4.04265,0.25267,PCK-00-151924-5,Main,
FV4128A - [DE] - Roasted Beet & Grain Bowl,REC-033629-4-002,R,1,portions,Crumbled feta,S,,15,grams,,SUB-033179-4-001,HAND MIX,,MILCH (EINSCHLIESSLICH LAKTOSE),,0.98,,,,,,,0.03307,0.53991,0.03374,PCK-00-151924-5,Main,
FV4128A - [DE] - Roasted Beet & Grain Bowl,REC-033629-4-002,R,1,portions,D&O Glazed Beets,S,,70,grams,,SUB-033627-4-001,OVEN / BLAST CHILLER,"2 : Side Compartment

(from bottom to top)

70g Beets
",SCHWEFELDIOXIDE UND SULFITE,,0.75005,,,,,,,0.15432,3.29204,0.20575,PCK-00-151924-5,2nd,
FV4128A - [DE] - Roasted Beet & Grain Bowl,REC-033629-4-002,R,1,portions,Dill - Parsley Drizzle,S,,30,grams,,SUB-033631-4-001,IMMERSION BLENDER / CUPPING,"3 : Side Compartment (from bottom to top)

 CUPPED

30 g Sauce 

Net Weight : 400 g",SENF,,0.9799,1,CUP,Cup,,,,0.06614,1.07992,0.0675,PCK-00-151924-5,3rd,

FV4128A - [DK/SE] - Roasted Beet & Grain Bowl,REC-033629-4-003,R,1,portions,Parsley Quinoa & Wildrice Blend,S,,125,grams,,SUB-033873-4-001,PLANETARY MIXER,"""**PLATING INSTRUCTIONS**                                                                                                                                       
                                                                                                                                    ** Compartment Size**                                                                                                                         
                                                                                                                                       1 : Main Compartment (from bottom to top)

125 g Quinoa Wild rice Blend Base
60g Sweet potato
100g Beans 
15g CRUMBLED Feta ","SCHWEFELDIOXIDE UND SULFITE, SELLERIE",,0.99,,,,,,,0.27558,4.45379,0.27836,PCK-00-151924-5,Main,
FV4128A - [DK/SE] - Roasted Beet & Grain Bowl,REC-033629-4-003,R,1,portions,Roasted Sweet Potato - Loaded Sweet Potato - more salt,S,,60,grams,,SUB-032730-4-002,OVEN / BLAST CHILLER,,,,0.85981,,,,,,,0.13228,2.46153,0.15385,PCK-00-151924-5,Main,
FV4128A - [DK/SE] - Roasted Beet & Grain Bowl,REC-033629-4-003,R,1,portions,Smokey Ancho - Tomato Beans,S,,100,grams,,SUB-033628-4-001,SPICE PORTIONING / BRAISER / BLAST CHILLER,,,,0.87255,,,,,,,0.22046,4.04265,0.25267,PCK-00-151924-5,Main,
FV4128A - [DK/SE] - Roasted Beet & Grain Bowl,REC-033629-4-003,R,1,portions,Crumbled feta,S,,15,grams,,SUB-033179-4-001,HAND MIX,,MILCH (EINSCHLIESSLICH LAKTOSE),,0.98,,,,,,,0.03307,0.53991,0.03374,PCK-00-151924-5,Main,
FV4128A - [DK/SE] - Roasted Beet & Grain Bowl,REC-033629-4-003,R,1,portions,D&O Glazed Beets,S,,70,grams,,SUB-033627-4-001,OVEN / BLAST CHILLER,"2 : Side Compartment

(from bottom to top)

70g Beets
",SCHWEFELDIOXIDE UND SULFITE,,0.75005,,,,,,,0.15432,3.29204,0.20575,PCK-00-151924-5,2nd,
FV4128A - [DK/SE] - Roasted Beet & Grain Bowl,REC-033629-4-003,R,1,portions,Dill - Parsley Drizzle,S,,30,grams,,SUB-033631-4-001,IMMERSION BLENDER / CUPPING,"3 : Side Compartment (from bottom to top)

 CUPPED

30 g Sauce 

Net Weight : 400 g",SENF,,0.9799,1,CUP,Cup,,,,0.06614,1.07992,0.0675,PCK-00-151924-5,3rd,

FV4129A - [BNL] - Roasted Carrots in Pepper-Cream Sauce,REC-033714-4-001,R,1,portions,Cooked Tomato Quinoa - less salt,S,,160,grams,,SUB-029880-4-002,OVEN / BLAST CHILLER,"""**PLATING INSTRUCTIONS**                                                                                                                                       
                                                                                                                                    ** Compartment Size**                                                                                                                         
                                                                                                                                       1 : Main Compartment (from bottom to top)

160 g Quinoa
20 g Peas
80 g Pepper cream Sauce
50 g Carrots 
5 g Pine nuts 

",,,1.01252,,,,,,,0.35274,5.57404,0.34838,PCK-00-151923-5,Main,
FV4129A - [BNL] - Roasted Carrots in Pepper-Cream Sauce,REC-033714-4-001,R,1,portions,Steamed Peas - Plain,S,,20,grams,,SUB-014275-4-001,OVEN / BLAST CHILLER,,,,0.94961,,,,,,,0.04409,0.74292,0.04643,PCK-00-151923-5,Main,
FV4129A - [BNL] - Roasted Carrots in Pepper-Cream Sauce,REC-033714-4-001,R,1,portions,Orange-Pepper-Yogurt Cream,S,,80,grams,,SUB-033717-4-001,SPICE PORTIONING / IMMERSION BLENDER / BRAISER / BLAST CHILLER,,MILCH (EINSCHLIESSLICH LAKTOSE),,0.78001,,,,,,,0.17637,3.6178,0.22611,PCK-00-151923-5,Main,
FV4129A - [BNL] - Roasted Carrots in Pepper-Cream Sauce,REC-033714-4-001,R,1,portions,AP - Roasted diced Carrots,S,,50,grams,,SUB-033716-4-001,OVEN / BLAST CHILLER,,SENF,,0.7315,,,,,,,0.11023,2.41108,0.15069,PCK-00-151923-5,Main,
FV4129A - [BNL] - Roasted Carrots in Pepper-Cream Sauce,REC-033714-4-001,R,1,portions,Pinenuts - roasted,S,,5,grams,,SUB-013663-4-001,HAND MARINADE / OVEN / BLAST CHILLER,,,,0.78751,,,,,,,0.01102,0.22396,0.014,PCK-00-151923-5,Main,
FV4129A - [BNL] - Roasted Carrots in Pepper-Cream Sauce,REC-033714-4-001,R,1,portions,Roasted Harissa Cauliflower Florets,S,,70,grams,,SUB-033719-4-001,HAND MARINADE / OVEN / BLAST CHILLER,"
2 : Side Compartment (from bottom to top)

70 g Cauliflower 
10 g Roasted leeks 


Net Weight : 400 g",,,0.82,,,,,,,0.15432,3.01119,0.1882,PCK-00-151923-5,2nd,
FV4129A - [BNL] - Roasted Carrots in Pepper-Cream Sauce,REC-033714-4-001,R,1,portions,Roasted Leeks and Green Onion,S,,10,grams,,SUB-033909-4-001,HAND MARINADE / OVEN / BLAST CHILLER,,,,0.51074,,,,,,,0.02205,0.69064,0.04317,PCK-00-151923-5,2nd,

FV4129A - [DE] - Roasted Carrots in Pepper-Cream Sauce,REC-033714-4-003,R,1,portions,Cooked Tomato Quinoa - less salt,S,,160,grams,,SUB-029880-4-002,OVEN / BLAST CHILLER,"""**PLATING INSTRUCTIONS**                                                                                                                                       
                                                                                                                                    ** Compartment Size**                                                                                                                         
                                                                                                                                       1 : Main Compartment (from bottom to top)

160 g Quinoa
20 g Peas
80 g Pepper cream Sauce
50 g Carrots 
5 g Pine nuts 

",,,1.01252,,,,,,,0.35274,5.57404,0.34838,PCK-00-151923-5,Main,
FV4129A - [DE] - Roasted Carrots in Pepper-Cream Sauce,REC-033714-4-003,R,1,portions,Steamed Peas - Plain,S,,20,grams,,SUB-014275-4-001,OVEN / BLAST CHILLER,,,,0.94961,,,,,,,0.04409,0.74292,0.04643,PCK-00-151923-5,Main,
FV4129A - [DE] - Roasted Carrots in Pepper-Cream Sauce,REC-033714-4-003,R,1,portions,Orange-Pepper-Yogurt Cream,S,,80,grams,,SUB-033717-4-001,SPICE PORTIONING / IMMERSION BLENDER / BRAISER / BLAST CHILLER,,MILCH (EINSCHLIESSLICH LAKTOSE),,0.78001,,,,,,,0.17637,3.6178,0.22611,PCK-00-151923-5,Main,
FV4129A - [DE] - Roasted Carrots in Pepper-Cream Sauce,REC-033714-4-003,R,1,portions,AP - Roasted diced Carrots,S,,50,grams,,SUB-033716-4-001,OVEN / BLAST CHILLER,,SENF,,0.7315,,,,,,,0.11023,2.41108,0.15069,PCK-00-151923-5,Main,
FV4129A - [DE] - Roasted Carrots in Pepper-Cream Sauce,REC-033714-4-003,R,1,portions,Pinenuts - roasted,S,,5,grams,,SUB-013663-4-001,HAND MARINADE / OVEN / BLAST CHILLER,,,,0.78751,,,,,,,0.01102,0.22396,0.014,PCK-00-151923-5,Main,
FV4129A - [DE] - Roasted Carrots in Pepper-Cream Sauce,REC-033714-4-003,R,1,portions,Roasted Harissa Cauliflower Florets,S,,70,grams,,SUB-033719-4-001,HAND MARINADE / OVEN / BLAST CHILLER,"
2 : Side Compartment (from bottom to top)

70 g Cauliflower 
10 g Roasted leeks 


Net Weight : 400 g",,,0.82,,,,,,,0.15432,3.01119,0.1882,PCK-00-151923-5,2nd,
FV4129A - [DE] - Roasted Carrots in Pepper-Cream Sauce,REC-033714-4-003,R,1,portions,Roasted Leeks and Green Onion,S,,10,grams,,SUB-033909-4-001,HAND MARINADE / OVEN / BLAST CHILLER,,,,0.51074,,,,,,,0.02205,0.69064,0.04317,PCK-00-151923-5,2nd,

FV4129A - [DK/SE] - Roasted Carrots in Pepper-Cream Sauce,REC-033714-4-002,R,1,portions,Cooked Tomato Quinoa - less salt,S,,160,grams,,SUB-029880-4-002,OVEN / BLAST CHILLER,"""**PLATING INSTRUCTIONS**                                                                                                                                       
                                                                                                                                    ** Compartment Size**                                                                                                                         
                                                                                                                                       1 : Main Compartment (from bottom to top)

160 g Quinoa
20 g Peas
80 g Pepper cream Sauce
50 g Carrots 
5 g Pine nuts 

",,,1.01252,,,,,,,0.35274,5.57404,0.34838,PCK-00-151923-5,Main,
FV4129A - [DK/SE] - Roasted Carrots in Pepper-Cream Sauce,REC-033714-4-002,R,1,portions,Steamed Peas - Plain,S,,20,grams,,SUB-014275-4-001,OVEN / BLAST CHILLER,,,,0.94961,,,,,,,0.04409,0.74292,0.04643,PCK-00-151923-5,Main,
FV4129A - [DK/SE] - Roasted Carrots in Pepper-Cream Sauce,REC-033714-4-002,R,1,portions,Orange-Pepper-Yogurt Cream,S,,80,grams,,SUB-033717-4-001,SPICE PORTIONING / IMMERSION BLENDER / BRAISER / BLAST CHILLER,,MILCH (EINSCHLIESSLICH LAKTOSE),,0.78001,,,,,,,0.17637,3.6178,0.22611,PCK-00-151923-5,Main,
FV4129A - [DK/SE] - Roasted Carrots in Pepper-Cream Sauce,REC-033714-4-002,R,1,portions,AP - Roasted diced Carrots,S,,50,grams,,SUB-033716-4-001,OVEN / BLAST CHILLER,,SENF,,0.7315,,,,,,,0.11023,2.41108,0.15069,PCK-00-151923-5,Main,
FV4129A - [DK/SE] - Roasted Carrots in Pepper-Cream Sauce,REC-033714-4-002,R,1,portions,Pinenuts - roasted,S,,5,grams,,SUB-013663-4-001,HAND MARINADE / OVEN / BLAST CHILLER,,,,0.78751,,,,,,,0.01102,0.22396,0.014,PCK-00-151923-5,Main,
FV4129A - [DK/SE] - Roasted Carrots in Pepper-Cream Sauce,REC-033714-4-002,R,1,portions,Roasted Harissa Cauliflower Florets,S,,70,grams,,SUB-033719-4-001,HAND MARINADE / OVEN / BLAST CHILLER,"
2 : Side Compartment (from bottom to top)

70 g Cauliflower 
10 g Roasted leeks 


Net Weight : 400 g",,,0.82,,,,,,,0.15432,3.01119,0.1882,PCK-00-151923-5,2nd,
FV4129A - [DK/SE] - Roasted Carrots in Pepper-Cream Sauce,REC-033714-4-002,R,1,portions,Roasted Leeks and Green Onion,S,,10,grams,,SUB-033909-4-001,HAND MARINADE / OVEN / BLAST CHILLER,,,,0.51074,,,,,,,0.02205,0.69064,0.04317,PCK-00-151923-5,2nd,

FV4132A - [BNL] -  Peri Peri Chicken Breast,REC-033721-4-003,R,1,portions,Ancho Beans & Brown Basmati,S,,200,grams,,SUB-033724-4-001,PLANETARY MIXER,"""**PLATING INSTRUCTIONS**                                                                                                                                       
 3 COMPARTMENT        
                                                                                                       
 1 : Main Compartment (from bottom to top)

200 g Bean & Basmati Base 
1 ea Grilled Chicken Breast",,,0.99,,,,,,,0.44092,7.12606,0.44538,PCK-00-151924-5,Main,
FV4132A - [BNL] -  Peri Peri Chicken Breast,REC-033721-4-003,R,1,portions,Gochugaru-Chipotle Peri-Peri marinated Chicken Breast,S,,1,each,,SUB-013545-4-002,MARINADE / GRILL / OVEN / BLAST CHILLER,,,,0.61224,,,,,,4.23288,0.26455,6.9137,0.43211,PCK-00-151924-5,Main,
FV4132A - [BNL] -  Peri Peri Chicken Breast,REC-033721-4-003,R,1,portions,Corn - S&P Roasty Corn Saute - Oven - more onions,S,,60,grams,,SUB-013839-4-002,SPICE PORTIONING / BRAISER / BLAST CHILLER,"2 : Side Compartment (from bottom to top)

60 g Roasted Corn
10 g Compound Butter",SCHWEFELDIOXIDE UND SULFITE,,0.84001,,,,,,,0.13228,2.51953,0.15747,PCK-00-151924-5,2nd,
FV4132A - [BNL] -  Peri Peri Chicken Breast,REC-033721-4-003,R,1,portions,Compound butter - Lemon Tomato,S,,10,grams,,SUB-013634-4-002,PLANETARY MIXER / SCOOPER (BUTTER) / BLAST CHILLER,,MILCH (EINSCHLIESSLICH LAKTOSE),,0.97,,,,,,,0.02205,0.36365,0.02273,PCK-00-151924-5,2nd,
FV4132A - [BNL] -  Peri Peri Chicken Breast,REC-033721-4-003,R,1,portions,Gochugaru-Chipotle Peri-Peri Avocado Mayo,S,,30,grams,,SUB-033723-4-001,IMMERSION BLENDER / CUPPING,"3 : Side Compartment 
(from bottom to top)

CUPPED

30 g Mayo


Net Weight : 420 g","EIER, SENF",,0.99005,1,CUP,Cup,,,,0.06614,1.06886,0.0668,PCK-00-151924-5,3rd,

FV4132A - [DE] -  Peri Peri Chicken Breast,REC-033721-4-002,R,1,portions,Ancho Beans & Brown Basmati,S,,200,grams,,SUB-033724-4-001,PLANETARY MIXER,"""**PLATING INSTRUCTIONS**                                                                                                                                       
 3 COMPARTMENT        
                                                                                                       
 1 : Main Compartment (from bottom to top)

200 g Bean & Basmati Base 
1 ea Grilled Chicken Breast",,,0.99,,,,,,,0.44092,7.12606,0.44538,PCK-00-151924-5,Main,
FV4132A - [DE] -  Peri Peri Chicken Breast,REC-033721-4-002,R,1,portions,Gochugaru-Chipotle Peri-Peri marinated Chicken Breast,S,,1,each,,SUB-013545-4-002,MARINADE / GRILL / OVEN / BLAST CHILLER,,,,0.61224,,,,,,4.23288,0.26455,6.9137,0.43211,PCK-00-151924-5,Main,
FV4132A - [DE] -  Peri Peri Chicken Breast,REC-033721-4-002,R,1,portions,Corn - S&P Roasty Corn Saute - Oven - more onions,S,,60,grams,,SUB-013839-4-002,SPICE PORTIONING / BRAISER / BLAST CHILLER,"2 : Side Compartment (from bottom to top)

60 g Roasted Corn
10 g Compound Butter",SCHWEFELDIOXIDE UND SULFITE,,0.84001,,,,,,,0.13228,2.51953,0.15747,PCK-00-151924-5,2nd,
FV4132A - [DE] -  Peri Peri Chicken Breast,REC-033721-4-002,R,1,portions,Compound butter - Lemon Tomato,S,,10,grams,,SUB-013634-4-002,PLANETARY MIXER / SCOOPER (BUTTER) / BLAST CHILLER,,MILCH (EINSCHLIESSLICH LAKTOSE),,0.97,,,,,,,0.02205,0.36365,0.02273,PCK-00-151924-5,2nd,
FV4132A - [DE] -  Peri Peri Chicken Breast,REC-033721-4-002,R,1,portions,Gochugaru-Chipotle Peri-Peri Avocado Mayo,S,,30,grams,,SUB-033723-4-001,IMMERSION BLENDER / CUPPING,"3 : Side Compartment 
(from bottom to top)

CUPPED

30 g Mayo


Net Weight : 420 g","EIER, SENF",,0.99005,1,CUP,Cup,,,,0.06614,1.06886,0.0668,PCK-00-151924-5,3rd,

FV4132A - [DK/SE] -  Peri Peri Chicken Breast,REC-033721-4-001,R,1,portions,Ancho Beans & Brown Basmati,S,,200,grams,,SUB-033724-4-001,PLANETARY MIXER,"""**PLATING INSTRUCTIONS**                                                                                                                                       
 3 COMPARTMENT        
                                                                                                       
 1 : Main Compartment (from bottom to top)

200 g Bean & Basmati Base 
1 ea Grilled Chicken Breast",,,0.99,,,,,,,0.44092,7.12606,0.44538,PCK-00-151924-5,Main,
FV4132A - [DK/SE] -  Peri Peri Chicken Breast,REC-033721-4-001,R,1,portions,Gochugaru-Chipotle Peri-Peri marinated Chicken Breast,S,,1,each,,SUB-013545-4-002,MARINADE / GRILL / OVEN / BLAST CHILLER,,,,0.61224,,,,,,4.23288,0.26455,6.9137,0.43211,PCK-00-151924-5,Main,
FV4132A - [DK/SE] -  Peri Peri Chicken Breast,REC-033721-4-001,R,1,portions,Corn - S&P Roasty Corn Saute - Oven - more onions,S,,60,grams,,SUB-013839-4-002,SPICE PORTIONING / BRAISER / BLAST CHILLER,"2 : Side Compartment (from bottom to top)

60 g Roasted Corn
10 g Compound Butter",SCHWEFELDIOXIDE UND SULFITE,,0.84001,,,,,,,0.13228,2.51953,0.15747,PCK-00-151924-5,2nd,
FV4132A - [DK/SE] -  Peri Peri Chicken Breast,REC-033721-4-001,R,1,portions,Compound butter - Lemon Tomato,S,,10,grams,,SUB-013634-4-002,PLANETARY MIXER / SCOOPER (BUTTER) / BLAST CHILLER,,MILCH (EINSCHLIESSLICH LAKTOSE),,0.97,,,,,,,0.02205,0.36365,0.02273,PCK-00-151924-5,2nd,
FV4132A - [DK/SE] -  Peri Peri Chicken Breast,REC-033721-4-001,R,1,portions,Gochugaru-Chipotle Peri-Peri Avocado Mayo,S,,30,grams,,SUB-033723-4-001,IMMERSION BLENDER / CUPPING,"3 : Side Compartment 
(from bottom to top)

CUPPED

30 g Mayo


Net Weight : 420 g","EIER, SENF",,0.99005,1,CUP,Cup,,,,0.06614,1.06886,0.0668,PCK-00-151924-5,3rd,

FV4136A - [BNL] Tunisian Harissa Chicken,REC-033734-4-001,R,1,portions,Herby Couscous with Chickpeas,S,,100,grams,,SUB-033735-4-001,HAND MIX / BLAST CHILLER,"*** PLATING INSTRICTIONS ***

1st COMPARTMENT
100g Couscous
120g Chicken
70g Tomato Sauce
","GLUTENHALTIGES GETREIDE, MANDELN, SCHALENFRÜCHTE, SCHWEFELDIOXIDE UND SULFITE, SELLERIE, WEIZEN",,1.00022,,,,,,,0.22046,3.52661,0.22041,PCK-00-151924-5,Main,
FV4136A - [BNL] Tunisian Harissa Chicken,REC-033734-4-001,R,1,portions,Harissa Chicken Batch,S,,1,each,,SUB-033737-4-001,MARINADE / GRILL / OVEN / BLAST CHILLER,,SCHWEFELDIOXIDE UND SULFITE,,0.72289,,,,,,4.23288,0.26455,5.85548,0.36597,PCK-00-151924-5,Main,
FV4136A - [BNL] Tunisian Harissa Chicken,REC-033734-4-001,R,1,portions,Harissa Tomato Sauce,S,,70,grams,,SUB-033740-4-001,SPICE PORTIONING / IMMERSION BLENDER / BRAISER / BLAST CHILLER,,SCHWEFELDIOXIDE UND SULFITE,,0.67098,,,,,,,0.15432,3.67995,0.23,PCK-00-151924-5,Main,
FV4136A - [BNL] Tunisian Harissa Chicken,REC-033734-4-001,R,1,portions,Cumin Cauliflower Florets,S,,60,grams,,SUB-014277-4-001,OVEN / BLAST CHILLER,"2nd COMPARTMENT

60g Cauliflower
",,,0.72887,,,,,,,0.13228,2.90373,0.18148,PCK-00-151924-5,2nd,
FV4136A - [BNL] Tunisian Harissa Chicken,REC-033734-4-001,R,1,portions,Creamy Harissa Sauce,S,,30,grams,,SUB-033739-4-001,IMMERSION BLENDER / CUPPING,"3rd COMPARTMENT

30g Cupped sauce Creamy Harissa Sauce

Net Weight 380g","MILCH (EINSCHLIESSLICH LAKTOSE), SCHWEFELDIOXIDE UND SULFITE",,0.99701,1,CUP,Cup,,,,0.06614,1.0614,0.06634,PCK-00-151924-5,3rd,

FV4136A - [DE] Tunisian Harissa Chicken,REC-033734-4-002,R,1,portions,Herby Couscous with Chickpeas,S,,100,grams,,SUB-033735-4-001,HAND MIX / BLAST CHILLER,"*** PLATING INSTRICTIONS ***

1st COMPARTMENT
100g Couscous
120g Chicken
70g Tomato Sauce
","GLUTENHALTIGES GETREIDE, MANDELN, SCHALENFRÜCHTE, SCHWEFELDIOXIDE UND SULFITE, SELLERIE, WEIZEN",,1.00022,,,,,,,0.22046,3.52661,0.22041,PCK-00-151924-5,Main,
FV4136A - [DE] Tunisian Harissa Chicken,REC-033734-4-002,R,1,portions,Harissa Chicken Batch,S,,1,each,,SUB-033737-4-001,MARINADE / GRILL / OVEN / BLAST CHILLER,,SCHWEFELDIOXIDE UND SULFITE,,0.72289,,,,,,4.23288,0.26455,5.85548,0.36597,PCK-00-151924-5,Main,
FV4136A - [DE] Tunisian Harissa Chicken,REC-033734-4-002,R,1,portions,Harissa Tomato Sauce,S,,70,grams,,SUB-033740-4-001,SPICE PORTIONING / IMMERSION BLENDER / BRAISER / BLAST CHILLER,,SCHWEFELDIOXIDE UND SULFITE,,0.67098,,,,,,,0.15432,3.67995,0.23,PCK-00-151924-5,Main,
FV4136A - [DE] Tunisian Harissa Chicken,REC-033734-4-002,R,1,portions,Cumin Cauliflower Florets,S,,60,grams,,SUB-014277-4-001,OVEN / BLAST CHILLER,"2nd COMPARTMENT

60g Cauliflower
",,,0.72887,,,,,,,0.13228,2.90373,0.18148,PCK-00-151924-5,2nd,
FV4136A - [DE] Tunisian Harissa Chicken,REC-033734-4-002,R,1,portions,Creamy Harissa Sauce,S,,30,grams,,SUB-033739-4-001,IMMERSION BLENDER / CUPPING,"3rd COMPARTMENT

30g Cupped sauce Creamy Harissa Sauce

Net Weight 380g","MILCH (EINSCHLIESSLICH LAKTOSE), SCHWEFELDIOXIDE UND SULFITE",,0.99701,1,CUP,Cup,,,,0.06614,1.0614,0.06634,PCK-00-151924-5,3rd,

FV4136A - [DSKE] Tunisian Harissa Chicken,REC-033734-4-003,R,1,portions,Herby Couscous with Chickpeas,S,,100,grams,,SUB-033735-4-001,HAND MIX / BLAST CHILLER,"*** PLATING INSTRICTIONS ***

1st COMPARTMENT
100g Couscous
120g Chicken
70g Tomato Sauce
","GLUTENHALTIGES GETREIDE, MANDELN, SCHALENFRÜCHTE, SCHWEFELDIOXIDE UND SULFITE, SELLERIE, WEIZEN",,1.00022,,,,,,,0.22046,3.52661,0.22041,PCK-00-151924-5,Main,
FV4136A - [DSKE] Tunisian Harissa Chicken,REC-033734-4-003,R,1,portions,Harissa Chicken Batch,S,,1,each,,SUB-033737-4-001,MARINADE / GRILL / OVEN / BLAST CHILLER,,SCHWEFELDIOXIDE UND SULFITE,,0.72289,,,,,,4.23288,0.26455,5.85548,0.36597,PCK-00-151924-5,Main,
FV4136A - [DSKE] Tunisian Harissa Chicken,REC-033734-4-003,R,1,portions,Harissa Tomato Sauce,S,,70,grams,,SUB-033740-4-001,SPICE PORTIONING / IMMERSION BLENDER / BRAISER / BLAST CHILLER,,SCHWEFELDIOXIDE UND SULFITE,,0.67098,,,,,,,0.15432,3.67995,0.23,PCK-00-151924-5,Main,
FV4136A - [DSKE] Tunisian Harissa Chicken,REC-033734-4-003,R,1,portions,Cumin Cauliflower Florets,S,,60,grams,,SUB-014277-4-001,OVEN / BLAST CHILLER,"2nd COMPARTMENT

60g Cauliflower
",,,0.72887,,,,,,,0.13228,2.90373,0.18148,PCK-00-151924-5,2nd,
FV4136A - [DSKE] Tunisian Harissa Chicken,REC-033734-4-003,R,1,portions,Creamy Harissa Sauce,S,,30,grams,,SUB-033739-4-001,IMMERSION BLENDER / CUPPING,"3rd COMPARTMENT

30g Cupped sauce Creamy Harissa Sauce

Net Weight 380g","MILCH (EINSCHLIESSLICH LAKTOSE), SCHWEFELDIOXIDE UND SULFITE",,0.99701,1,CUP,Cup,,,,0.06614,1.0614,0.06634,PCK-00-151924-5,3rd,

FV4137A - [BNL] -  Baked Penne,REC-033920-4-001,R,1,portions,"FA-DE Pasta, Whole Wheat, Penne IQF/Nudeln, vollkorn, IQF",I,PRO-00-139304-1,160,grams,,,,"""**PLATING INSTRUCTIONS**                                                                                                                                       
                                                                                                                                    ** 1 Compartment Tray**                                                                                                                         
                                                                                                                                      Main Compartment 
(from bottom to the top)

Evenly spread out the entire compartment.

160 g Pasta

60 g  Spinach

80 g Bechamel 

50 g Pesto Tomatos

20 g Mozzarella 

50 g Balsamic tomatos

Net Weight : 420 g","GLUTENHALTIGES GETREIDE, WEIZEN",,,,,,,,,0.35274,5.64384,0.35274,PCK-00-151922-5,Main,
FV4137A - [BNL] -  Baked Penne,REC-033920-4-001,R,1,portions,Steamed Spinach,S,,60,grams,,SUB-032944-4-001,OVEN / BLAST CHILLER,,,,0.8286,,,,,,,0.13228,2.55424,0.15964,PCK-00-151922-5,Main,
FV4137A - [BNL] -  Baked Penne,REC-033920-4-001,R,1,portions,Roasted Garlic Bechamel Sauce,S,,80,grams,,SUB-030450-4-001,SPICE PORTIONING / IMMERSION BLENDER / BRAISER / BLAST CHILLER,,"MILCH (EINSCHLIESSLICH LAKTOSE), SOJA",,0.86648,,,,,,,0.17637,3.25675,0.20355,PCK-00-151922-5,Main,
FV4137A - [BNL] -  Baked Penne,REC-033920-4-001,R,1,portions,Creamy Pesto Tomato,S,,50,grams,,SUB-034010-4-001,OVEN / BLAST CHILLER,,SCHWEFELDIOXIDE UND SULFITE,,0.68998,,,,,,,0.11023,2.55615,0.15976,PCK-00-151922-5,Main,
FV4137A - [BNL] -  Baked Penne,REC-033920-4-001,R,1,portions,"FA-DE Cheese, Mozzarella, Shredded /Käse, Mozzarella, gerieben",I,DAI-00-139125-3,20,grams,,,,,MILCH (EINSCHLIESSLICH LAKTOSE),,,,,,,,,0.04409,0.70548,0.04409,PCK-00-151922-5,Main,
FV4137A - [BNL] -  Baked Penne,REC-033920-4-001,R,1,portions,Balsamic Cherry Tomatoes,S,,50,grams,,SUB-014243-4-001,OVEN / BLAST CHILLER,,SCHWEFELDIOXIDE UND SULFITE,,0.85641,,,,,,,0.11023,2.0594,0.12871,PCK-00-151922-5,Main,

FV4137A - [DE] -  Baked Penne,REC-033920-4-002,R,1,portions,"FA-DE Pasta, Whole Wheat, Penne IQF/Nudeln, vollkorn, IQF",I,PRO-00-139304-1,160,grams,,,,"""**PLATING INSTRUCTIONS**                                                                                                                                       
                                                                                                                                    ** 1 Compartment Tray**                                                                                                                         
                                                                                                                                      Main Compartment 
(from bottom to the top)

Evenly spread out the entire compartment.

160 g Pasta

60 g  Spinach

80 g Bechamel 

50 g Pesto Tomatos

20 g Mozzarella 

50 g Balsamic tomatos

Net Weight : 420 g","GLUTENHALTIGES GETREIDE, WEIZEN",,,,,,,,,0.35274,5.64384,0.35274,PCK-00-151922-5,Main,
FV4137A - [DE] -  Baked Penne,REC-033920-4-002,R,1,portions,Steamed Spinach,S,,60,grams,,SUB-032944-4-001,OVEN / BLAST CHILLER,,,,0.8286,,,,,,,0.13228,2.55424,0.15964,PCK-00-151922-5,Main,
FV4137A - [DE] -  Baked Penne,REC-033920-4-002,R,1,portions,Roasted Garlic Bechamel Sauce,S,,80,grams,,SUB-030450-4-001,SPICE PORTIONING / IMMERSION BLENDER / BRAISER / BLAST CHILLER,,"MILCH (EINSCHLIESSLICH LAKTOSE), SOJA",,0.86648,,,,,,,0.17637,3.25675,0.20355,PCK-00-151922-5,Main,
FV4137A - [DE] -  Baked Penne,REC-033920-4-002,R,1,portions,Creamy Pesto Tomato,S,,50,grams,,SUB-034010-4-001,OVEN / BLAST CHILLER,,SCHWEFELDIOXIDE UND SULFITE,,0.68998,,,,,,,0.11023,2.55615,0.15976,PCK-00-151922-5,Main,
FV4137A - [DE] -  Baked Penne,REC-033920-4-002,R,1,portions,"FA-DE Cheese, Mozzarella, Shredded /Käse, Mozzarella, gerieben",I,DAI-00-139125-3,20,grams,,,,,MILCH (EINSCHLIESSLICH LAKTOSE),,,,,,,,,0.04409,0.70548,0.04409,PCK-00-151922-5,Main,
FV4137A - [DE] -  Baked Penne,REC-033920-4-002,R,1,portions,Balsamic Cherry Tomatoes,S,,50,grams,,SUB-014243-4-001,OVEN / BLAST CHILLER,,SCHWEFELDIOXIDE UND SULFITE,,0.85641,,,,,,,0.11023,2.0594,0.12871,PCK-00-151922-5,Main,

FV4137A - [DK/SE] - Baked Penne,REC-033920-4-003,R,1,portions,"FA-DE Pasta, Whole Wheat, Penne IQF/Nudeln, vollkorn, IQF",I,PRO-00-139304-1,160,grams,,,,"""**PLATING INSTRUCTIONS**                                                                                                                                       
                                                                                                                                    ** 1 Compartment Tray**                                                                                                                         
                                                                                                                                      Main Compartment 
(from bottom to the top)

Evenly spread out the entire compartment.

160 g Pasta

60 g  Spinach

80 g Bechamel 

50 g Pesto Tomatos

20 g Mozzarella 

50 g Balsamic tomatos

Net Weight : 420 g","GLUTENHALTIGES GETREIDE, WEIZEN",,,,,,,,,0.35274,5.64384,0.35274,PCK-00-151922-5,Main,
FV4137A - [DK/SE] - Baked Penne,REC-033920-4-003,R,1,portions,Steamed Spinach,S,,60,grams,,SUB-032944-4-001,OVEN / BLAST CHILLER,,,,0.8286,,,,,,,0.13228,2.55424,0.15964,PCK-00-151922-5,Main,
FV4137A - [DK/SE] - Baked Penne,REC-033920-4-003,R,1,portions,Roasted Garlic Bechamel Sauce,S,,80,grams,,SUB-030450-4-001,SPICE PORTIONING / IMMERSION BLENDER / BRAISER / BLAST CHILLER,,"MILCH (EINSCHLIESSLICH LAKTOSE), SOJA",,0.86648,,,,,,,0.17637,3.25675,0.20355,PCK-00-151922-5,Main,
FV4137A - [DK/SE] - Baked Penne,REC-033920-4-003,R,1,portions,Creamy Pesto Tomato,S,,50,grams,,SUB-034010-4-001,OVEN / BLAST CHILLER,,SCHWEFELDIOXIDE UND SULFITE,,0.68998,,,,,,,0.11023,2.55615,0.15976,PCK-00-151922-5,Main,
FV4137A - [DK/SE] - Baked Penne,REC-033920-4-003,R,1,portions,"FA-DE Cheese, Mozzarella, Shredded /Käse, Mozzarella, gerieben",I,DAI-00-139125-3,20,grams,,,,,MILCH (EINSCHLIESSLICH LAKTOSE),,,,,,,,,0.04409,0.70548,0.04409,PCK-00-151922-5,Main,
FV4137A - [DK/SE] - Baked Penne,REC-033920-4-003,R,1,portions,Balsamic Cherry Tomatoes,S,,50,grams,,SUB-014243-4-001,OVEN / BLAST CHILLER,,SCHWEFELDIOXIDE UND SULFITE,,0.85641,,,,,,,0.11023,2.0594,0.12871,PCK-00-151922-5,Main,

R&D - Balsamic Glazed Chicken [PENDING CULINARY REVIEW],REC-014361-4-002,R,1,portions,Honey Mustard Chicken Marinade,S,,120,grams,,SUB-013528-4-001,MARINADE / GRILL / OVEN / BLAST CHILLER,"***PLATING INSTRUCTIONS***
(From the bottom to the top)
2 Compartment

MAIN:
brussels sprouts - 130g
grilled chicken breast - 1 EA (100g)
balsamic sauce - 30g

SIDE:
risotto - 150g

NET WEIGHT: 410g
",SENF,,0.94971,,,,,,,0.26455,4.45702,0.27856,PCK-00-151923-5,Main,
R&D - Balsamic Glazed Chicken [PENDING CULINARY REVIEW],REC-014361-4-002,R,1,portions,Balsamic Glaze [PENDING CULINARY REVIEW],S,,30,grams,,SUB-014140-4-001,SPICE PORTIONING / IMMERSION BLENDER / BRAISER / BLAST CHILLER,,SCHWEFELDIOXIDE UND SULFITE,,0.83565,,,,,,,0.06614,1.26634,0.07915,PCK-00-151923-5,Main,
R&D - Balsamic Glazed Chicken [PENDING CULINARY REVIEW],REC-014361-4-002,R,1,portions,"Garlic & Herb Brussels 1/4"" Shredded [PENDING CULINARY REVIEW]",S,,130,grams,,SUB-014138-4-001,OVEN / BLAST CHILLER,,,,0.78431,,,,,,,0.2866,5.84666,0.36542,PCK-00-151923-5,Main,
R&D - Balsamic Glazed Chicken [PENDING CULINARY REVIEW],REC-014361-4-002,R,1,portions,Risotto - Pumpkin Risotto Batch without Wine [PENDING CULINARY REVIEW],S,,150,grams,,SUB-014162-4-001,SPICE PORTIONING / BRAISER / BLAST CHILLER,,"MILCH (EINSCHLIESSLICH LAKTOSE), SCHWEFELDIOXIDE UND SULFITE",,0.89133,,,,,,,0.33069,5.93619,0.37101,PCK-00-151923-5,Main,

R&D - Chicken Tikka Masala [PENDING CULINARY REVIEW],REC-014104-4-001,R,1,portions,Diced chicken - Butter Chicken Batch - BA,S,,120,grams,,SUB-013850-4-001,MARINADE / OVEN / BLAST CHILLER,"***PLATING INSTRUCTIONS***

**2 Compartment**
MAIN COMPARTMENT
(From the bottom to the top)
80g rice
120g chicken
100g sauce
6g cilantro

2ND COMPARTMENT
120g cauliflower

Net Weight: 426g","MILCH (EINSCHLIESSLICH LAKTOSE), SCHWEFELDIOXIDE UND SULFITE",,0.7715,,,,,,,0.26455,5.48656,0.34291,PCK-00-151923-5,Main,
R&D - Chicken Tikka Masala [PENDING CULINARY REVIEW],REC-014104-4-001,R,1,portions,Sauce - Tikke Masala Sauce [PENDING CULINARY REVIEW],S,,100,grams,,SUB-014103-4-001,SPICE PORTIONING / IMMERSION BLENDER / BRAISER / BLAST CHILLER,,"MILCH (EINSCHLIESSLICH LAKTOSE), SCHWEFELDIOXIDE UND SULFITE",,0.86319,,,,,,,0.22046,4.08649,0.25541,PCK-00-151923-5,Main,
R&D - Chicken Tikka Masala [PENDING CULINARY REVIEW],REC-014104-4-001,R,1,portions,Rice - Biryani rice base,S,,80,grams,,SUB-013845-4-001,HAND MIX / BLAST CHILLER,,"SCHWEFELDIOXIDE UND SULFITE, SENF",,1.00102,,,,,,,0.17637,2.81904,0.17619,PCK-00-151923-5,Main,
R&D - Chicken Tikka Masala [PENDING CULINARY REVIEW],REC-014104-4-001,R,1,portions,"FA-DE Parsley, Chopped /Petersilie, gehackt",I,PHF-00-139215-3,6,grams,,,,,,,,,,,,,,0.01323,0.21164,0.01323,PCK-00-151923-5,Main,
R&D - Chicken Tikka Masala [PENDING CULINARY REVIEW],REC-014104-4-001,R,1,portions,Madras Curry Roasted Cauliflower Florets w/ Bombay Sc -no curry powder [PENDING CULINARY REVIEW],S,,120,grams,,SUB-014102-4-001,OVEN / BLAST CHILLER,,SCHWEFELDIOXIDE UND SULFITE,,1,,,,,,,0.26455,4.23288,0.26455,PCK-00-151923-5,Main,

R&D - Chimichurri Ground Beef Bowl [PENDING CULINARY REVIEW],REC-013472-4-001,R,1,portions,Cauliflower rice - Cauliflower Grits for Empanada Bowl [PENDING CULINARY REVIEW],S,,1,grams,,SUB-013459-4-001,SPICE PORTIONING / BRAISER / BLAST CHILLER,,"MILCH (EINSCHLIESSLICH LAKTOSE), SCHWEFELDIOXIDE UND SULFITE",,0.92124,,,,,,,0.0022,0.03829,0.00239,PCK-00-151923-5,Main,
R&D - Chimichurri Ground Beef Bowl [PENDING CULINARY REVIEW],REC-013472-4-001,R,1,portions,Ground beef mix - Empanada Spiced Beef Mix [PENDING CULINARY REVIEW],S,,1,grams,,SUB-013460-4-001,SPICE PORTIONING / IMMERSION BLENDER / BRAISER / BLAST CHILLER,,"MILCH (EINSCHLIESSLICH LAKTOSE), SCHWEFELDIOXIDE UND SULFITE",,0.93919,,,,,,,0.0022,0.03756,0.00235,PCK-00-151923-5,Main,
R&D - Chimichurri Ground Beef Bowl [PENDING CULINARY REVIEW],REC-013472-4-001,R,1,portions,"FA-DE Cheese, White Cheddar, Shredded /Käse, weißer Cheddar, gerieben",I,DAI-00-139135-3,1,grams,,,,,MILCH (EINSCHLIESSLICH LAKTOSE),,,,,,,,,0.0022,0.03527,0.0022,PCK-00-151923-5,Main,
R&D - Chimichurri Ground Beef Bowl [PENDING CULINARY REVIEW],REC-013472-4-001,R,1,portions,Sauce - Parsley Scallion Chimichurri [PENDING CULINARY REVIEW],S,,1,grams,,SUB-013457-4-001,IMMERSION BLENDER / CUPPING,,,,1.00438,,,,,,,0.0022,0.03512,0.0022,PCK-00-151923-5,Main,
R&D - Chimichurri Ground Beef Bowl [PENDING CULINARY REVIEW],REC-013472-4-001,R,1,portions,Mixed veg - Roasted Zucchini & Green Pepper/Red Pepper [PENDING CULINARY REVIEW],S,,1,grams,,SUB-013471-4-001,OVEN / BLAST CHILLER,,,,0.72446,,,,,,,0.0022,0.04869,0.00304,PCK-00-151923-5,Main,

R&D - Chorizo-Spiced Ground Beef & Peppers [PENDING CULINARY REVIEW],REC-013444-4-001,R,1,portions,Ground beef mix - Chorizo-Spiced Ground Beef Mix [PENDING CULINARY REVIEW],S,,140,grams,,SUB-013439-4-001,SPICE PORTIONING / IMMERSION BLENDER / BRAISER / BLAST CHILLER,"***PLATING INSTRUCTIONS***

(From the bottom to
the top)

2 Compartment 

MAIN COMPARTMENT
beef
peppers 
cheese 

2ND COMPARTMENT:
Next to each other: 
black beans
seasoned potatoes -
","MILCH (EINSCHLIESSLICH LAKTOSE), SCHWEFELDIOXIDE UND SULFITE",,0.92281,,,,,,,0.30865,5.35143,0.33446,PCK-00-151923-5,Main,
R&D - Chorizo-Spiced Ground Beef & Peppers [PENDING CULINARY REVIEW],REC-013444-4-001,R,1,portions,Pepper mix - Poblano Rajas for Chorizo Spiced Beef [PENDING CULINARY REVIEW],S,,120,grams,,SUB-013440-4-001,OVEN / BLAST CHILLER,,SCHWEFELDIOXIDE UND SULFITE,,0.74575,,,,,,,0.26455,5.67599,0.35475,PCK-00-151923-5,Main,
R&D - Chorizo-Spiced Ground Beef & Peppers [PENDING CULINARY REVIEW],REC-013444-4-001,R,1,portions,"FA-DE Cheese, Ricotta Salata /Käse, Ricotta Salata",I,DAI-00-151164-3,10,grams,,,,,,,,,,,,,,0.02205,0.35274,0.02205,PCK-00-151923-5,Main,
R&D - Chorizo-Spiced Ground Beef & Peppers [PENDING CULINARY REVIEW],REC-013444-4-001,R,1,portions,"Potatoes - Spice Roasted Potatoes 1/2"" Diced - Less Spice [PENDING CULINARY REVIEW]",S,,65,grams,,SUB-013441-4-001,OVEN / BLAST CHILLER,,,,0.73318,,,,,,,0.1433,3.12721,0.19545,PCK-00-151923-5,Main,
R&D - Chorizo-Spiced Ground Beef & Peppers [PENDING CULINARY REVIEW],REC-013444-4-001,R,1,portions,Black beans - Stewed Black Beans & Peppers,S,,85,grams,,SUB-013443-4-001,SPICE PORTIONING / BRAISER / BLAST CHILLER,,SCHWEFELDIOXIDE UND SULFITE,,0.84485,,,,,,,0.18739,3.54889,0.22181,PCK-00-151923-5,Main,

R&D - Creamed Corn Chicken [PENDING CULINARY REVIEW],REC-014111-4-005,R,1,portions,Corn - Scallion Parmesan Creamed - 25% Roasty Corn + neufchatel [PENDING CULINARY REVIEW],S,,180,grams,,SUB-014109-4-001,SPICE PORTIONING / BRAISER / BLAST CHILLER,,"MILCH (EINSCHLIESSLICH LAKTOSE), SCHWEFELDIOXIDE UND SULFITE",,0.85348,,,,,,,0.39683,7.43933,0.46496,PCK-00-151923-5,Main,
R&D - Creamed Corn Chicken [PENDING CULINARY REVIEW],REC-014111-4-005,R,1,portions,Chicken breast - Herb Grilled Chicken Breast,S,,1,each,,SUB-013545-4-001,MARINADE / GRILL / OVEN / BLAST CHILLER,,,,0.62422,,,,,,4.23288,0.26455,6.78107,0.42382,PCK-00-151923-5,Main,
R&D - Creamed Corn Chicken [PENDING CULINARY REVIEW],REC-014111-4-005,R,1,portions,Herb Roasted Russet Potatoes [PENDING CULINARY REVIEW],S,,120,grams,,SUB-014110-4-001,OVEN / BLAST CHILLER,,,,0.73059,,,,,,,0.26455,5.79375,0.36211,PCK-00-151923-5,Main,
R&D - Creamed Corn Chicken [PENDING CULINARY REVIEW],REC-014111-4-005,R,1,portions,"FA-DE Cheese, White Cheddar, Shredded /Käse, weißer Cheddar, gerieben",I,DAI-00-139135-3,10,grams,,,,,MILCH (EINSCHLIESSLICH LAKTOSE),,,,,,,,,0.02205,0.35274,0.02205,PCK-00-151923-5,Main,

R&D - FE1031A - Roasted Salmon Dijonnaise [PENDING CULINARY REVIEW],REC-013654-4-001,R,1,portions,Cauliflower Gratin - Parlsey [PENDING CULINARY REVIEW],S,,100,grams,,SUB-013652-4-001,SPICE PORTIONING / IMMERSION BLENDER / BRAISER / BLAST CHILLER,"***PLATING INSTRUCTIONS***
(From the bottom to the top)

2 Compartment

MAIN COMPARTMENT
100 cauliflower gratin
119g - 1 each salmon
7 g mustard butter

2ND COMPARTMENT
50g shredded cabbage
50g roasted green beans

35g (CUPPED) Dijonnaise -          

Net Weight = 361g","MILCH (EINSCHLIESSLICH LAKTOSE), SCHWEFELDIOXIDE UND SULFITE",,0.94233,,,,,,,0.22046,3.74326,0.23395,PCK-00-151923-5,Main,
R&D - FE1031A - Roasted Salmon Dijonnaise [PENDING CULINARY REVIEW],REC-013654-4-001,R,1,portions,Garlic Herb Marinated Salmon,S,,1,each,,SUB-013603-4-001,THAW / HAND MARINADE / OVEN / BLAST CHILLER,,"FISCH, SCHWEFELDIOXIDE UND SULFITE",,0.77441,,,,,,4.05651,0.25353,5.23819,0.32739,PCK-00-151923-5,Main,
R&D - FE1031A - Roasted Salmon Dijonnaise [PENDING CULINARY REVIEW],REC-013654-4-001,R,1,portions,Whole Grain Mustard Butter [PENDING CULINARY REVIEW],S,,7,grams,,SUB-013623-4-001,PLANETARY MIXER / SCOOPER (BUTTER) / BLAST CHILLER,,"MILCH (EINSCHLIESSLICH LAKTOSE), SENF",,0.99922,,,,,,,0.01543,0.24711,0.01544,PCK-00-151923-5,Main,
R&D - FE1031A - Roasted Salmon Dijonnaise [PENDING CULINARY REVIEW],REC-013654-4-001,R,1,portions,Cabbage - Braised Cabbage [PENDING CULINARY REVIEW],S,,50,grams,,SUB-013653-4-001,SPICE PORTIONING / BRAISER / BLAST CHILLER,,"MILCH (EINSCHLIESSLICH LAKTOSE), SCHWEFELDIOXIDE UND SULFITE",,0.78059,,,,,,,0.11023,2.25945,0.14122,PCK-00-151923-5,Main,
R&D - FE1031A - Roasted Salmon Dijonnaise [PENDING CULINARY REVIEW],REC-013654-4-001,R,1,portions,"Green Beans - Roasted, 1.5 inch - Salt only [PENDING CULINARY REVIEW]",S,,50,grams,,SUB-013649-4-001,OVEN / BLAST CHILLER,,,,0.79892,,,,,,,0.11023,2.2076,0.13798,PCK-00-151923-5,Main,
R&D - FE1031A - Roasted Salmon Dijonnaise [PENDING CULINARY REVIEW],REC-013654-4-001,R,1,portions,Sauce - Dijonaise [PENDING CULINARY REVIEW],S,,35,grams,,SUB-013650-4-001,IMMERSION BLENDER / CUPPING,,"EIER, MILCH (EINSCHLIESSLICH LAKTOSE), SENF",,0.99801,,,,,,,0.07716,1.23705,0.07732,PCK-00-151923-5,Main,

R&D - FE1345A - Smoky Gouda Pasta & Shredded Beef [PENDING CULINARY REVIEW],REC-013658-4-001,R,1,portions,"FA-DE Pasta, Whole Wheat, Penne IQF/Nudeln, vollkorn, IQF",I,PRO-00-139304-1,70,grams,,,,"PLATING INSTRUCTIONS

2  Compartment

- Main -
70g Pasta
100g Beef
50g Butternut squash
70g Cheese sauce

Plating order TBD


- 2nd Comp - 
110g Green beans
10 g Butter

Net Weight :  410g","GLUTENHALTIGES GETREIDE, WEIZEN",,,,,,,,,0.15432,2.46918,0.15432,PCK-00-151923-5,Main,
R&D - FE1345A - Smoky Gouda Pasta & Shredded Beef [PENDING CULINARY REVIEW],REC-013658-4-001,R,1,portions,Smoky Gouda and Parm Cream [PENDING CULINARY REVIEW],S,,70,grams,,SUB-013580-4-001,SPICE PORTIONING / IMMERSION BLENDER / BRAISER / BLAST CHILLER,,MILCH (EINSCHLIESSLICH LAKTOSE),,0.94905,,,,,,,0.15432,2.60174,0.16261,PCK-00-151923-5,Main,
R&D - FE1345A - Smoky Gouda Pasta & Shredded Beef [PENDING CULINARY REVIEW],REC-013658-4-001,R,1,portions,Shredded Sous Vide Beef,S,,100,grams,,SUB-013599-4-001,HAND MIX / COLD SHREDDER,,,,0.93864,,,,,,,0.22046,3.758,0.23488,PCK-00-151923-5,Main,
R&D - FE1345A - Smoky Gouda Pasta & Shredded Beef [PENDING CULINARY REVIEW],REC-013658-4-001,R,1,portions,Sage Roasted Butternut Squash w/salt [PENDING CULINARY REVIEW],S,,50,grams,,SUB-013582-4-001,OVEN / BLAST CHILLER,,,,0.70127,,,,,,,0.11023,2.51499,0.15719,PCK-00-151923-5,Main,
R&D - FE1345A - Smoky Gouda Pasta & Shredded Beef [PENDING CULINARY REVIEW],REC-013658-4-001,R,1,portions,"Green beans - Toasted Garlic Green Beans - 1-1/2"" Cut [PENDING CULINARY REVIEW]",S,,110,grams,,SUB-013581-4-001,OVEN / BLAST CHILLER,,,,0.74848,,,,,,,0.24251,5.18399,0.324,PCK-00-151923-5,Main,
R&D - FE1345A - Smoky Gouda Pasta & Shredded Beef [PENDING CULINARY REVIEW],REC-013658-4-001,R,1,portions,Compound butter - Parmesan-Chive,S,,10,grams,,SUB-013536-4-001,PLANETARY MIXER / SCOOPER (BUTTER) / BLAST CHILLER,,MILCH (EINSCHLIESSLICH LAKTOSE),,0.9055,,,,,,,0.02205,0.38955,0.02435,PCK-00-151923-5,Main,

R&D - Pork Tenderloin & Cheesy Cabbage [PENDING CULINARY REVIEW],REC-013779-4-003,R,1,portions,Cabbage - Cheesy Cabbage Casserole new [PENDING CULINARY REVIEW],S,,110,grams,,SUB-013777-4-001,SPICE PORTIONING / BRAISER / BLAST CHILLER,"***PLATING INSTRUCTIONS***
(From the bottom to the top)

2 Compartment
MAIN COMPARTMENT
cabbage casserole - 3.4 oz
sliced pork tenderloin - 5oz

2ND COMPARTMENT
Green beans - 2.5 oz
butter - .45 oz 

NET WEIGHT =
11.35 OZ
",MILCH (EINSCHLIESSLICH LAKTOSE),,0.89503,,,,,,,0.24251,4.3352,0.27095,PCK-00-151923-5,Main,
R&D - Pork Tenderloin & Cheesy Cabbage [PENDING CULINARY REVIEW],REC-013779-4-003,R,1,portions,Pork tenderloin - herb marinade,S,,100,grams,,SUB-013466-4-001,MARINADE / GRILL / OVEN / SLICER / BLAST CHILLER,,,,0.74489,,,,,,,0.22046,4.73546,0.29597,PCK-00-151923-5,Main,
R&D - Pork Tenderloin & Cheesy Cabbage [PENDING CULINARY REVIEW],REC-013779-4-003,R,1,portions,Compound butter - Roasted Garlic Butter [PENDING CULINARY REVIEW],S,,12,grams,,SUB-013778-4-001,PLANETARY MIXER / SCOOPER (BUTTER) / BLAST CHILLER,,MILCH (EINSCHLIESSLICH LAKTOSE),,1.19008,,,,,,,0.02646,0.35568,0.02223,PCK-00-151923-5,Main,

R&D - Roasted Garlic Chicken [PENDING CULINARY REVIEW],REC-014108-4-011,R,1,portions,Mash - Sour Cream & Onion Yukon Mash 2 - HTD - Batch [PENDING CULINARY REVIEW],S,,170,grams,,SUB-014106-4-001,PLANETARY MIXER / BLAST CHILLER,,MILCH (EINSCHLIESSLICH LAKTOSE),,0.81695,,,,,,,0.37479,7.34021,0.45876,PCK-00-151923-5,Main,
R&D - Roasted Garlic Chicken [PENDING CULINARY REVIEW],REC-014108-4-011,R,1,portions,Chicken breast - Herb Grilled Chicken Breast,S,,1,each,,SUB-013545-4-001,MARINADE / GRILL / OVEN / BLAST CHILLER,,,,0.62422,,,,,,4.23288,0.26455,6.78107,0.42382,PCK-00-151923-5,Main,
R&D - Roasted Garlic Chicken [PENDING CULINARY REVIEW],REC-014108-4-011,R,1,portions,Sauce - Chicken Jus [PENDING CULINARY REVIEW],S,,25,grams,,SUB-014107-4-001,SPICE PORTIONING / IMMERSION BLENDER / BRAISER / BLAST CHILLER,,,,0.97572,,,,,,,0.05512,0.90379,0.05649,PCK-00-151923-5,Main,
R&D - Roasted Garlic Chicken [PENDING CULINARY REVIEW],REC-014108-4-011,R,1,portions,Green beans - MCTWR Roasted Garlic Green Beans,S,,125,grams,,SUB-013860-4-001,OVEN / BLAST CHILLER,,,,0.76973,,,,,,,0.27558,5.72834,0.35802,PCK-00-151923-5,Main,

R&D - Smoky Gouda Chicken [PENDING CULINARY REVIEW],REC-014144-4-005,R,1,portions,Potatoes - Garlic & Herb Roasted Potatoes with onion [PENDING CULINARY REVIEW],S,,150,grams,,SUB-014143-4-001,OVEN / BLAST CHILLER,"***PLATING INSTRUCTIONS***
(From the bottom to the
top)

2 Compartment
MAIN COMPARTMENT
potatoes
fondue
1 EA GRILLED chicken breast

2ND COMPARTMENT
beans
peppers
parmesan

427.5 net weight",,,0.79709,,,,,,,0.33069,6.63798,0.41487,PCK-00-151923-5,Main,
R&D - Smoky Gouda Chicken [PENDING CULINARY REVIEW],REC-014144-4-005,R,1,portions,Sauce - Creamy Gouda Cheese Sauce [PENDING CULINARY REVIEW],S,,40,grams,,SUB-014142-4-001,SPICE PORTIONING / IMMERSION BLENDER / BRAISER / BLAST CHILLER,,"MILCH (EINSCHLIESSLICH LAKTOSE), SCHWEFELDIOXIDE UND SULFITE",,0.95254,,,,,,,0.08818,1.48126,0.09258,PCK-00-151923-5,Main,
R&D - Smoky Gouda Chicken [PENDING CULINARY REVIEW],REC-014144-4-005,R,1,portions,Chicken breast - Sun-Dried Tomato Chicken Batch - Grilled 160g,S,,1,each,,SUB-013572-4-001,MARINADE / GRILL / OVEN / BLAST CHILLER,,,,0.68509,,,,,,4.23288,0.26455,6.17859,0.38616,PCK-00-151923-5,Main,
R&D - Smoky Gouda Chicken [PENDING CULINARY REVIEW],REC-014144-4-005,R,1,portions,Green beans - Roasted Green Beans w/ Roasted Garlic - Less Oil,S,,100,grams,,SUB-013529-4-001,OVEN / BLAST CHILLER,,,,0.68735,,,,,,,0.22046,5.13189,0.32074,PCK-00-151923-5,Main,
R&D - Smoky Gouda Chicken [PENDING CULINARY REVIEW],REC-014144-4-005,R,1,portions,"Red peppers - Roasted diced ¼"" red bell peppers",S,,35,grams,,SUB-013372-4-001,OVEN / BLAST CHILLER,,,,0.69039,,,,,,,0.07716,1.78824,0.11177,PCK-00-151923-5,Main,
R&D - Smoky Gouda Chicken [PENDING CULINARY REVIEW],REC-014144-4-005,R,1,portions,"FA-DE Cheese, Parmesan, Grated /Käse, Parmesan, gerieben",I,DAI-00-139127-3,2.5,grams,,,,,MILCH (EINSCHLIESSLICH LAKTOSE),,,,,,,,,0.00551,0.08818,0.00551,PCK-00-151923-5,Main,

R&D - Tomato Meatballs [PENDING CULINARY REVIEW],REC-014306-4-004,R,1,portions,Courgette - Garlic Zucchini Noodles [PENDING CULINARY REVIEW],S,,100,grams,,SUB-013812-4-001,OVEN / BLAST CHILLER,"120g ZUCCHINI NOODLES
5 EA MEATBALLS
120g TOMATO SAUCE
6g SHREDDED PARM GARNISH


100g BROCCOLI

***PLATING INSTRUCTIONS***
(From the bottom to the top)

2 Compartment

MAIN COMPARTMENT
120g ZUCCHINI NOODLES
5 EA MEATBALLS
120g TOMATO SAUCE
6g SHREDDED PARM GARNISH

2ND COMPARTMENT
100g BROCCOLI

NET WEIGHT: 446g",,,0.67178,,,,,,,0.22046,5.25081,0.32818,PCK-00-151923-5,Main,
R&D - Tomato Meatballs [PENDING CULINARY REVIEW],REC-014306-4-004,R,1,portions,Meatballs - Ricotta Meatball Batch- House Mixed Beef/Pork Weight [PENDING CULINARY REVIEW],S,,100,grams,,SUB-013813-4-001,STAGING / DEBOX,,"EIER, MANDELN, MILCH (EINSCHLIESSLICH LAKTOSE), SCHALENFRÜCHTE",,0.99974,,,,,,,0.22046,3.52831,0.22052,PCK-00-151923-5,Main,
R&D - Tomato Meatballs [PENDING CULINARY REVIEW],REC-014306-4-004,R,1,portions,Sauce - Ricotta Meatballs Tomato Sauce [PENDING CULINARY REVIEW],S,,120,grams,,SUB-013622-4-001,SPICE PORTIONING / IMMERSION BLENDER / BRAISER / BLAST CHILLER,,SCHWEFELDIOXIDE UND SULFITE,,0.91628,,,,,,,0.26455,4.61964,0.28873,PCK-00-151923-5,Main,
R&D - Tomato Meatballs [PENDING CULINARY REVIEW],REC-014306-4-004,R,1,portions,"FA-DE Cheese, Parmesan, Grated /Käse, Parmesan, gerieben",I,DAI-00-139127-3,6,grams,,,,,MILCH (EINSCHLIESSLICH LAKTOSE),,,,,,,,,0.01323,0.21164,0.01323,PCK-00-151923-5,Main,
R&D - Tomato Meatballs [PENDING CULINARY REVIEW],REC-014306-4-004,R,1,portions,Broccoli - Ricotta Meatballs Broccoli (IQF) [PENDING CULINARY REVIEW],S,,100,grams,,SUB-013886-4-001,SPICE PORTIONING / HAND MIX,,,,1.00016,,,,,,,0.22046,3.52682,0.22043,PCK-00-151923-5,Main,

R&D - shredded chicken mustard [PENDING CULINARY REVIEW],REC-013643-4-001,R,1,portions,Mash - Cheese mashed potatoes and celery root [PENDING CULINARY REVIEW],S,,140,grams,,SUB-013641-4-001,HAND MIX / BLAST CHILLER,,"MILCH (EINSCHLIESSLICH LAKTOSE), SELLERIE",,0.93517,,,,,,,0.30865,5.28071,0.33004,PCK-00-151923-5,Main,
R&D - shredded chicken mustard [PENDING CULINARY REVIEW],REC-013643-4-001,R,1,portions,Shredded Chicken - naturel,S,,100,grams,,SUB-013533-4-001,MARINADE / OVEN / HOT SHREDDER / BLAST CHILLER,,,,0.6175,,,,,,,0.22046,5.71239,0.35702,PCK-00-151923-5,Main,
R&D - shredded chicken mustard [PENDING CULINARY REVIEW],REC-013643-4-001,R,1,portions,Sauce - Creamy Dijon Sauce,S,,60,grams,,SUB-013642-4-001,SPICE PORTIONING / IMMERSION BLENDER / BRAISER / BLAST CHILLER,,"MILCH (EINSCHLIESSLICH LAKTOSE), SCHWEFELDIOXIDE UND SULFITE, SENF",,0.82319,,,,,,,0.13228,2.57101,0.16069,PCK-00-151923-5,Main,
R&D - shredded chicken mustard [PENDING CULINARY REVIEW],REC-013643-4-001,R,1,portions,Carrots - Roasted Carrots with Thyme and Honey,S,,120,grams,,SUB-013640-4-001,OVEN / BLAST CHILLER,,,,0.98321,,,,,,,0.26455,4.30515,0.26907,PCK-00-151923-5,Main,

R&D -- FE0973D - Roasted Garlic Butter Salmon [PENDING CULINARY REVIEW],REC-014295-4-001,R,1,portions,Celery / Cauli Mash with Chives - Rice - HTD - Batch [PENDING CULINARY REVIEW],S,,125,grams,,SUB-014293-4-001,HAND MIX / BLAST CHILLER,"mash - 125g
salmon - 115g / 1 ea
sauce - 40g
broccoli - 110g
cheese - 3g 
PLATING INSTRUCTIONS
2 Compartment

MAIN:
mash - 125g
salmon - 115g / 1 ea
sauce - 40g

SIDE:
broccoli - 110g
cheese - 3g 

NET WEIGHT: 393g + 4g LAB","MILCH (EINSCHLIESSLICH LAKTOSE), SELLERIE",,0.95248,,,,,,,0.27558,4.62925,0.28933,PCK-00-151923-5,Main,
R&D -- FE0973D - Roasted Garlic Butter Salmon [PENDING CULINARY REVIEW],REC-014295-4-001,R,1,portions,Salmon - garlic seasoning,S,,1,each,,SUB-013382-4-001,THAW / HAND MARINADE / OVEN / BLAST CHILLER,,FISCH,,0.81816,,,,,,4.05651,0.25353,4.95811,0.30988,PCK-00-151923-5,Main,
R&D -- FE0973D - Roasted Garlic Butter Salmon [PENDING CULINARY REVIEW],REC-014295-4-001,R,1,portions,Roasted Garlic Butter Sauce [PENDING CULINARY REVIEW],S,,40,grams,,SUB-014294-4-001,SPICE PORTIONING / IMMERSION BLENDER / BRAISER / BLAST CHILLER,,"MILCH (EINSCHLIESSLICH LAKTOSE), SCHWEFELDIOXIDE UND SULFITE, SELLERIE",,0.9364,,,,,,,0.08818,1.50679,0.09417,PCK-00-151923-5,Main,
R&D -- FE0973D - Roasted Garlic Butter Salmon [PENDING CULINARY REVIEW],REC-014295-4-001,R,1,portions,Broccoli - S&P Broccoli FLORETS - More Salt,S,,110,grams,,SUB-013606-4-001,OVEN / BLAST CHILLER,,,,0.84996,,,,,,,0.24251,4.5651,0.28532,PCK-00-151923-5,Main,
R&D -- FE0973D - Roasted Garlic Butter Salmon [PENDING CULINARY REVIEW],REC-014295-4-001,R,1,portions,"FA-DE Cheese, Parmesan, Grated /Käse, Parmesan, gerieben",I,DAI-00-139127-3,3,grams,,,,,MILCH (EINSCHLIESSLICH LAKTOSE),,,,,,,,,0.00661,0.10582,0.00661,PCK-00-151923-5,Main,

R&D -- FE1073C - Fiesta Salmon [PENDING CULINARY REVIEW],REC-014320-4-001,R,1,portions,Cauliflower rice - Fiesta salmon grits [PENDING CULINARY REVIEW],S,,160,grams,,SUB-014005-4-001,SPICE PORTIONING / BRAISER / BLAST CHILLER,"PLATING INSTRUCTIONS
(from the bottom to the top)
2 Compartment

MAIN:
160g cauli rice
1ea salmon
20g sauce

SIDE:
70g corn and bean saute
40g courgette

NET WEIGHT: 405g","MILCH (EINSCHLIESSLICH LAKTOSE), SCHWEFELDIOXIDE UND SULFITE",,0.91576,,,,,,,0.35274,6.16298,0.38519,PCK-00-151923-5,Main,
R&D -- FE1073C - Fiesta Salmon [PENDING CULINARY REVIEW],REC-014320-4-001,R,1,portions,Salmon - garlic seasoning,S,,1,each,,SUB-013382-4-001,THAW / HAND MARINADE / OVEN / BLAST CHILLER,,FISCH,,0.81816,,,,,,4.05651,0.25353,4.95811,0.30988,PCK-00-151923-5,Main,
R&D -- FE1073C - Fiesta Salmon [PENDING CULINARY REVIEW],REC-014320-4-001,R,1,portions,Sauce - creamy sauce based on verde Marinade - for fish - less salt [PENDING CULINARY REVIEW],S,,20,grams,,SUB-014002-4-001,IMMERSION BLENDER,,SCHWEFELDIOXIDE UND SULFITE,,1.21139,,,,,,,0.04409,0.58237,0.0364,PCK-00-151923-5,Main,
R&D -- FE1073C - Fiesta Salmon [PENDING CULINARY REVIEW],REC-014320-4-001,R,1,portions,Chili & Cumin Roasted Courgette,S,,40,grams,,SUB-014300-4-001,OVEN / BLAST CHILLER,,,,0.57162,,,,,,,0.08818,2.46837,0.15427,PCK-00-151923-5,Main,
R&D -- FE1073C - Fiesta Salmon [PENDING CULINARY REVIEW],REC-014320-4-001,R,1,portions,Southwest Black Bean & Corn Saute 2 [PENDING CULINARY REVIEW],S,,70,grams,,SUB-014297-4-001,SPICE PORTIONING / BRAISER / BLAST CHILLER,,SCHWEFELDIOXIDE UND SULFITE,,0.89211,,,,,,,0.15432,2.7678,0.17299,PCK-00-151923-5,Main,

R&D F00580G - White Cheddar Chicken & Broccoli Grits [PENDING CULINARY REVIEW],REC-014193-4-001,R,1,portions,Broccoli-White Cheddar Grits 2 - More Oil - HTD [PENDING CULINARY REVIEW],S,,100,grams,,SUB-014192-4-001,SPICE PORTIONING / BRAISER / BLAST CHILLER,"PLATING INSTRUCTIONS:

**2 COMPARTMENT BENTO**

MAIN - FROM BOTTOM TO TOP:
Broccoli Grits
Buttermilk Herb Diced Chicken
Cheddar Cheese sauce

SIDE:
Garlic Chili Green Beans
Toasted Almonds
Chili-Garlic Butter

NET WEIGHT: 355g",MILCH (EINSCHLIESSLICH LAKTOSE),,1.61884,,,,,,,0.22046,2.17896,0.13619,PCK-00-151923-5,Main,
R&D F00580G - White Cheddar Chicken & Broccoli Grits [PENDING CULINARY REVIEW],REC-014193-4-001,R,1,portions,Buttermilk Herb Marinated Diced Chicken [PENDING CULINARY REVIEW],S,,110,grams,,SUB-014188-4-001,MARINADE / OVEN / BLAST CHILLER,,,,0.65405,,,,,,,0.24251,5.93244,0.37078,PCK-00-151923-5,Main,
R&D F00580G - White Cheddar Chicken & Broccoli Grits [PENDING CULINARY REVIEW],REC-014193-4-001,R,1,portions,White Cheddar Cheese Sauce - Less Salt [PENDING CULINARY REVIEW],S,,20,grams,,SUB-014187-4-001,SPICE PORTIONING / IMMERSION BLENDER / BRAISER / BLAST CHILLER,,"MILCH (EINSCHLIESSLICH LAKTOSE), SCHWEFELDIOXIDE UND SULFITE",,0.9504,,,,,,,0.04409,0.7423,0.04639,PCK-00-151923-5,Main,
R&D F00580G - White Cheddar Chicken & Broccoli Grits [PENDING CULINARY REVIEW],REC-014193-4-001,R,1,portions,Green Beans CUT 1-1/2 - Fresh,S,,100,grams,,SUB-013484-4-001,OVEN / BLAST CHILLER,,,,0.73433,,,,,,,0.22046,4.80357,0.30022,PCK-00-151923-5,Main,
R&D F00580G - White Cheddar Chicken & Broccoli Grits [PENDING CULINARY REVIEW],REC-014193-4-001,R,1,portions,Toasted Sliced Almonds,S,,10,grams,,SUB-013495-4-001,HAND MARINADE / OVEN / BLAST CHILLER,,"MANDELN, SCHALENFRÜCHTE",,0.77147,,,,,,,0.02205,0.45723,0.02858,PCK-00-151923-5,Main,
R&D F00580G - White Cheddar Chicken & Broccoli Grits [PENDING CULINARY REVIEW],REC-014193-4-001,R,1,portions,Compound butter - Chili-Garlic Butter - master batch,S,,13,grams,,SUB-014054-4-001,PLANETARY MIXER / SCOOPER (BUTTER) / BLAST CHILLER,,MILCH (EINSCHLIESSLICH LAKTOSE),,0.91103,,,,,,,0.02866,0.50334,0.03146,PCK-00-151923-5,Main,

R&D F00932A - Pesto Chicken & Roasted Mushrooms [PENDING CULINARY REVIEW],REC-014249-4-001,R,1,portions,Roasted Mushrooms Sliced - MC - more salt/oil [PENDING CULINARY REVIEW],S,,60,grams,,SUB-014179-4-001,OVEN / BLAST CHILLER,"***PLATING INSTRUCTIONS***
(From the bottom to the top)

2 Compartment

MAIN COMPARTMENT
60g Roasted Mushrooms
50g Balsamic Grape Tomatoes
1 ea Chicken Breast (100g)
30g Pesto on top of chicken
15g Shredded Mozzarella Cheese
5g Grated Parmesan Cheese

2ND COMPARTMENT
100g Broccoli

Net Weight : 360g",SCHWEFELDIOXIDE UND SULFITE,,0.63608,,,,,,,0.13228,3.32733,0.20796,PCK-00-151923-5,Main,
R&D F00932A - Pesto Chicken & Roasted Mushrooms [PENDING CULINARY REVIEW],REC-014249-4-001,R,1,portions,Balsamic Cherry Tomatoes,S,,50,grams,,SUB-014243-4-001,OVEN / BLAST CHILLER,,SCHWEFELDIOXIDE UND SULFITE,,0.85641,,,,,,,0.11023,2.0594,0.12871,PCK-00-151923-5,Main,
R&D F00932A - Pesto Chicken & Roasted Mushrooms [PENDING CULINARY REVIEW],REC-014249-4-001,R,1,portions,Chicken breast - Herb Grilled Chicken Breast,S,,1,each,,SUB-013545-4-001,MARINADE / GRILL / OVEN / BLAST CHILLER,,,,0.62422,,,,,,4.23288,0.26455,6.78107,0.42382,PCK-00-151923-5,Main,
R&D F00932A - Pesto Chicken & Roasted Mushrooms [PENDING CULINARY REVIEW],REC-014249-4-001,R,1,portions,PESTO - pine nut basil [PENDING CULINARY REVIEW],S,,30,grams,,SUB-014248-4-001,IMMERSION BLENDER / BLAST CHILLER,,"MILCH (EINSCHLIESSLICH LAKTOSE), SCHWEFELDIOXIDE UND SULFITE",,1,,,,,,,0.06614,1.05822,0.06614,PCK-00-151923-5,Main,
R&D F00932A - Pesto Chicken & Roasted Mushrooms [PENDING CULINARY REVIEW],REC-014249-4-001,R,1,portions,"FA-DE Cheese, Mozzarella, Shredded /Käse, Mozzarella, gerieben",I,DAI-00-139125-3,15,grams,,,,,MILCH (EINSCHLIESSLICH LAKTOSE),,,,,,,,,0.03307,0.52911,0.03307,PCK-00-151923-5,Main,
R&D F00932A - Pesto Chicken & Roasted Mushrooms [PENDING CULINARY REVIEW],REC-014249-4-001,R,1,portions,"FA-DE Cheese, Parmesan, Grated /Käse, Parmesan, gerieben",I,DAI-00-139127-3,5,grams,,,,,MILCH (EINSCHLIESSLICH LAKTOSE),,,,,,,,,0.01102,0.17637,0.01102,PCK-00-151923-5,Main,
R&D F00932A - Pesto Chicken & Roasted Mushrooms [PENDING CULINARY REVIEW],REC-014249-4-001,R,1,portions,IQF Garlic Broccoli [PENDING CULINARY REVIEW],S,,100,grams,,SUB-014178-4-001,SPICE PORTIONING / HAND MIX,,,,0.84258,,,,,,,0.22046,4.18643,0.26165,PCK-00-151923-5,Main,

R&D FE0295F - Garlic Rosemary Pork tenderloin [PENDING CULINARY REVIEW],REC-014260-4-001,R,1,portions,Parmesan Brussels Sprouts Casserole - less fat [PENDING CULINARY REVIEW],S,,110,grams,,SUB-014257-4-001,SPICE PORTIONING / BRAISER / BLAST CHILLER,"***PLATING INSTRUCTIONS***
(from the bottom to the top)

2 Compartment

MAIN:
brussels casserole 
grilled pork 

SIDE:

broccoli 
butter",MILCH (EINSCHLIESSLICH LAKTOSE),,0.89058,,,,,,,0.24251,4.35689,0.27231,PCK-00-151923-5,Main,
R&D FE0295F - Garlic Rosemary Pork tenderloin [PENDING CULINARY REVIEW],REC-014260-4-001,R,1,portions,Grilled Pork Tenderloin - Mod Marinade #2 - Autumn Herbs (EACH) [PENDING CULINARY REVIEW],S,,1,each,,SUB-014254-4-001,MARINADE / GRILL / OVEN / SLICER / BLAST CHILLER,,,,0.74382,,,,,,4.23288,0.26455,5.69075,0.35567,PCK-00-151923-5,Main,
R&D FE0295F - Garlic Rosemary Pork tenderloin [PENDING CULINARY REVIEW],REC-014260-4-001,R,1,portions,IQF Broccoli FLORETS - garlic & salt [PENDING CULINARY REVIEW],S,,110,grams,,SUB-014252-4-001,SPICE PORTIONING / HAND MIX,,,,0.95731,,,,,,,0.24251,4.05318,0.25332,PCK-00-151923-5,Main,
R&D FE0295F - Garlic Rosemary Pork tenderloin [PENDING CULINARY REVIEW],REC-014260-4-001,R,1,portions,Compound butter - Parmesan-Chive,S,,12,grams,,SUB-013536-4-001,PLANETARY MIXER / SCOOPER (BUTTER) / BLAST CHILLER,,MILCH (EINSCHLIESSLICH LAKTOSE),,0.9055,,,,,,,0.02646,0.46746,0.02922,PCK-00-151923-5,Main,

R&D FE0899A - Santa Fe Shredded Chicken & Queso [PENDING CULINARY REVIEW],REC-013591-4-001,R,1,portions,Roasted Cabbage & Cilantro - keto [PENDING CULINARY REVIEW],S,,75,grams,,SUB-013589-4-001,OVEN / BLAST CHILLER,"PLATING INSTRUCTIONS:

**2 COMPARTMENT BENTO**
MAIN - FROM BOTTOM TO TOP:
- 75g Shredded Cabbage
- 120g Shredded Chicken
- 70g Cheese Sauce
- 20g Sharp Cheddar

Plating note: chicken and cabbage side by side

SIDE 1:
- 80g Zucchini
SIDE 2:
- 30 Green Enchilada Sauce (cupped)

Total net weight: 395g
",,,0.71351,,,,,,,0.16535,3.70781,0.23174,PCK-00-151923-5,Main,
R&D FE0899A - Santa Fe Shredded Chicken & Queso [PENDING CULINARY REVIEW],REC-013591-4-001,R,1,portions,Shredded Enchilada Chicken,S,,120,grams,,SUB-013588-4-001,MARINADE / OVEN / HOT SHREDDER / BLAST CHILLER,,,,0.6794,,,,,,,0.26455,6.23029,0.38939,PCK-00-151923-5,Main,
R&D FE0899A - Santa Fe Shredded Chicken & Queso [PENDING CULINARY REVIEW],REC-013591-4-001,R,1,portions,Mozzarella Melt Sauce - Cilantro & Red Pepper Inclusion [PENDING CULINARY REVIEW],S,,70,grams,,SUB-013586-4-001,SPICE PORTIONING / IMMERSION BLENDER / BRAISER / BLAST CHILLER,,MILCH (EINSCHLIESSLICH LAKTOSE),,0.90833,,,,,,,0.15432,2.71837,0.1699,PCK-00-151923-5,Main,
R&D FE0899A - Santa Fe Shredded Chicken & Queso [PENDING CULINARY REVIEW],REC-013591-4-001,R,1,portions,"FA-DE Cheese, White Cheddar, Shredded /Käse, weißer Cheddar, gerieben",I,DAI-00-139135-3,20,grams,,,,,MILCH (EINSCHLIESSLICH LAKTOSE),,,,,,,,,0.04409,0.70548,0.04409,PCK-00-151923-5,Main,
R&D FE0899A - Santa Fe Shredded Chicken & Queso [PENDING CULINARY REVIEW],REC-013591-4-001,R,1,portions,Chili & Paprika Roasted Zucchini - Keto [PENDING CULINARY REVIEW],S,,80,grams,,SUB-013583-4-001,OVEN / BLAST CHILLER,,,,0.72737,,,,,,,0.17637,3.87964,0.24248,PCK-00-151923-5,Main,
R&D FE0899A - Santa Fe Shredded Chicken & Queso [PENDING CULINARY REVIEW],REC-013591-4-001,R,1,portions,Keto Enchilada Sauce - Green - PH [PENDING CULINARY REVIEW],S,,30,grams,,SUB-013590-4-001,IMMERSION BLENDER / CUPPING,,SCHWEFELDIOXIDE UND SULFITE,,0.91565,,,,,,,0.06614,1.1557,0.07223,PCK-00-151923-5,Main,

R&D FE0943C - Garlic Cream Pork Tenderloin [PENDING CULINARY REVIEW],REC-014284-4-001,R,1,portions,Creamed Kale - Cream Cheese,S,,100,grams,,SUB-013834-4-001,SPICE PORTIONING / BRAISER / BLAST CHILLER,,"MILCH (EINSCHLIESSLICH LAKTOSE), SCHWEFELDIOXIDE UND SULFITE",,0.95227,,,,,,,0.22046,3.70419,0.23151,PCK-00-151923-5,Main,
R&D FE0943C - Garlic Cream Pork Tenderloin [PENDING CULINARY REVIEW],REC-014284-4-001,R,1,portions,Pork Tenderloin Marinade #4 - CHALUPA - Garlic Herb - Grilled (EACH) [PENDING CULINARY REVIEW],S,,1,each,,SUB-014283-4-001,MARINADE / GRILL / OVEN / SLICER / BLAST CHILLER,,SCHWEFELDIOXIDE UND SULFITE,,0.68104,,,,,,4.23288,0.26455,6.21528,0.38845,PCK-00-151923-5,Main,
R&D FE0943C - Garlic Cream Pork Tenderloin [PENDING CULINARY REVIEW],REC-014284-4-001,R,1,portions,Tuscan Butter Sauce [PENDING CULINARY REVIEW],S,,50,grams,,SUB-014281-4-001,SPICE PORTIONING / IMMERSION BLENDER / BRAISER / BLAST CHILLER,,"MILCH (EINSCHLIESSLICH LAKTOSE), SCHWEFELDIOXIDE UND SULFITE, SELLERIE",,0.91011,,,,,,,0.11023,1.93789,0.12112,PCK-00-151923-5,Main,
R&D FE0943C - Garlic Cream Pork Tenderloin [PENDING CULINARY REVIEW],REC-014284-4-001,R,1,portions,"Zucchini/Pepper/Onion Mix - 1/2"" Diced - More Salt [PENDING CULINARY REVIEW]",S,,120,grams,,SUB-014280-4-001,OVEN / BLAST CHILLER,,,,0.74815,,,,,,,0.26455,5.65777,0.35361,PCK-00-151923-5,Main,

R&D FE1077A - Cacciatore Chicken Thighs [PENDING CULINARY REVIEW],REC-014214-4-001,R,1,portions,"Parmesan Polenta 2 (quick cook, less salt) [PENDING CULINARY REVIEW]",S,,110,grams,,SUB-014213-4-001,SPICE PORTIONING / BRAISER / BLAST CHILLER,"**PLATING INSTRUCTIONS**

1 : (from bottom to top)
Polenta
Shredded Chicken
Cacciatore Sauce

2 :
Green Beans

Net Weight : 430g",MILCH (EINSCHLIESSLICH LAKTOSE),,0.93269,,,,,,,0.24251,4.16014,0.26001,PCK-00-151923-5,Main,
R&D FE1077A - Cacciatore Chicken Thighs [PENDING CULINARY REVIEW],REC-014214-4-001,R,1,portions,Shredded Lemon Herb Chicken Thighs [PENDING CULINARY REVIEW],S,,100,grams,,SUB-014212-4-001,MARINADE / OVEN / HOT SHREDDER / BLAST CHILLER,,,,0.69068,,,,,,,0.22046,5.10716,0.3192,PCK-00-151923-5,Main,
R&D FE1077A - Cacciatore Chicken Thighs [PENDING CULINARY REVIEW],REC-014214-4-001,R,1,portions,Cacciatore Sauce (thick sliced mushroom) [PENDING CULINARY REVIEW],S,,110,grams,,SUB-014211-4-001,SPICE PORTIONING / IMMERSION BLENDER / BRAISER / BLAST CHILLER,,SCHWEFELDIOXIDE UND SULFITE,,0.87311,,,,,,,0.24251,4.44405,0.27775,PCK-00-151923-5,Main,
R&D FE1077A - Cacciatore Chicken Thighs [PENDING CULINARY REVIEW],REC-014214-4-001,R,1,portions,Roasted Green Beans - Even Lesser Oil/More Salt [PENDING CULINARY REVIEW],S,,110,grams,,SUB-014210-4-001,OVEN / BLAST CHILLER,,,,0.74494,,,,,,,0.24251,5.20865,0.32554,PCK-00-151923-5,Main,

R&D FE1131D - Tex-Mex Style Chicken Thigh Tinga [PENDING CULINARY REVIEW],REC-014270-4-001,R,1,portions,Brown/Cauli Rice blend & Black Beans- More Salt [PENDING CULINARY REVIEW],S,,105,grams,,SUB-014269-4-001,HAND MIX / BLAST CHILLER,"1. rice
chicken thighs
tinga sauce

2.zucchini
crema (cupped)",SELLERIE,,0.9999,,,,,,,0.23149,3.70412,0.23151,PCK-00-151923-5,Main,
R&D FE1131D - Tex-Mex Style Chicken Thigh Tinga [PENDING CULINARY REVIEW],REC-014270-4-001,R,1,portions,Chicken Thigh Shredded Marinade #3 - SW/Mex [PENDING CULINARY REVIEW],S,,100,grams,,SUB-014263-4-001,MARINADE / OVEN / HOT SHREDDER / BLAST CHILLER,,SCHWEFELDIOXIDE UND SULFITE,,0.71591,,,,,,,0.22046,4.92716,0.30795,PCK-00-151923-5,Main,
R&D FE1131D - Tex-Mex Style Chicken Thigh Tinga [PENDING CULINARY REVIEW],REC-014270-4-001,R,1,portions,Tinga Sauce- less oil [PENDING CULINARY REVIEW],S,,35,grams,,SUB-014261-4-001,SPICE PORTIONING / IMMERSION BLENDER / BRAISER / BLAST CHILLER,,"MILCH (EINSCHLIESSLICH LAKTOSE), SCHWEFELDIOXIDE UND SULFITE",,0.89701,,,,,,,0.07716,1.37634,0.08602,PCK-00-151923-5,Main,
R&D FE1131D - Tex-Mex Style Chicken Thigh Tinga [PENDING CULINARY REVIEW],REC-014270-4-001,R,1,portions,"Taco Spice Roasted Zucchini, Squash, Poblano and Red Peppers- Less Fat [PENDING CULINARY REVIEW]",S,,95,grams,,SUB-014259-4-001,OVEN / BLAST CHILLER,,,,0.74076,,,,,,,0.20944,4.5238,0.28274,PCK-00-151923-5,Main,
R&D FE1131D - Tex-Mex Style Chicken Thigh Tinga [PENDING CULINARY REVIEW],REC-014270-4-001,R,1,portions,Cilantro Crema - Regular Sour Cream - PH [PENDING CULINARY REVIEW],S,,35,grams,,SUB-014255-4-001,IMMERSION BLENDER / CUPPING,,MILCH (EINSCHLIESSLICH LAKTOSE),,0.99971,,,,,,,0.07716,1.23495,0.07718,PCK-00-151923-5,Main,

[BNL] - FV0271A - Cranberry chicken,REC-013530-4-003,R,1,portions,Mash - Creamy Sweet Potato & Butternut,S,,100,grams,,SUB-013526-4-001,SPICE PORTIONING / IMMERSION BLENDER / BRAISER / BLAST CHILLER,"140g mash
100g Chicken 
60g sauce

120g green beans
***PLATING INSTRUCTIONS***
(From the bottom to the top)

2 Compartment

MAIN COMPARTMENT
bottom side: 140g mash
top side: 60g cranberry sauce
Topped with chicken (100g)",MILCH (EINSCHLIESSLICH LAKTOSE),,0.8048,,,,,,,0.22046,4.38296,0.27393,PCK-00-151923-5,Main,
[BNL] - FV0271A - Cranberry chicken,REC-013530-4-003,R,1,portions,Honey Mustard marinated Chicken Breast,S,,1,each,,SUB-032218-4-001,UNCATEGORIZED BOM,,SENF,,0.67416,,,,,,4.23288,0.26455,6.27877,0.39242,PCK-00-151923-5,Main,
[BNL] - FV0271A - Cranberry chicken,REC-013530-4-003,R,1,portions,Sauce - Spiced Cranberry Sauce,S,,60,grams,,SUB-013523-4-001,SPICE PORTIONING / IMMERSION BLENDER / BRAISER / BLAST CHILLER,,,,0.89269,,,,,,,0.13228,2.37085,0.14818,PCK-00-151923-5,Main,
[BNL] - FV0271A - Cranberry chicken,REC-013530-4-003,R,1,portions,Green beans - Roasted Green Beans w/ Roasted Garlic - Less Oil,S,,100,grams,,SUB-013529-4-001,OVEN / BLAST CHILLER,"2ND COMPARTMENT:
120g green beans

Net Weight: 380 g",,,0.68735,,,,,,,0.22046,5.13189,0.32074,PCK-00-151923-5,2nd,

[BNL] - FV1351A - Cheddar & Red Pepper Chicken Thigh Pasta,REC-030480-4-003,R,1,portions,"FA-DE Pasta, Whole Wheat, Penne IQF/Nudeln, vollkorn, IQF",I,PRO-00-139304-1,90,grams,,,,"***PLATING INSTRUCTIONS***
(From the bottom to the top)

2 Compartment

MAIN COMPARTMENT

90 g whole wheat penne
80g shredded chicken thighs
40 g fondue
 35 g peppers and onions

","GLUTENHALTIGES GETREIDE, WEIZEN",,,,,,,,,0.19842,3.17466,0.19842,PCK-00-151923-5,Main,
[BNL] - FV1351A - Cheddar & Red Pepper Chicken Thigh Pasta,REC-030480-4-003,R,1,portions,Shredded Chicken Thighs - Mod Marinade #3 -SW/MEX (less marinade),S,,80,grams,,SUB-030446-4-001,MARINADE / OVEN / HOT SHREDDER / BLAST CHILLER,,SCHWEFELDIOXIDE UND SULFITE,,0.58524,1,SCOOP,green,LEVEL,,,0.17637,4.82183,0.30136,PCK-00-151923-5,Main,
[BNL] - FV1351A - Cheddar & Red Pepper Chicken Thigh Pasta,REC-030480-4-003,R,1,portions,Low Fat Red Pepper Fondue,S,,40,grams,,SUB-030449-4-001,SPICE PORTIONING / IMMERSION BLENDER / BRAISER / BLAST CHILLER,,MILCH (EINSCHLIESSLICH LAKTOSE),,0.80178,1,SCOOP,red,LEVEL,,,0.08818,1.75979,0.10999,PCK-00-151923-5,Main,
[BNL] - FV1351A - Cheddar & Red Pepper Chicken Thigh Pasta,REC-030480-4-003,R,1,portions,Mod Red Peppers Diced 10mm Red Onion Diced 10mm - Smoked Paprika - RS,S,,35,grams,,SUB-030481-4-001,OVEN / BLAST CHILLER,,,,0.71324,1,SCOOP,black,LEVEL,,,0.07716,1.73097,0.10819,PCK-00-151923-5,Main,
[BNL] - FV1351A - Cheddar & Red Pepper Chicken Thigh Pasta,REC-030480-4-003,R,1,portions,Mexican Roasted Zucchini,S,,100,grams,,SUB-014070-4-001,OVEN / BLAST CHILLER,"2ND COMPARTMENT
100 g zucchini",,,0.77905,1,SCOOP,beige,LEVEL,,,0.22046,4.52779,0.28299,PCK-00-151923-5,2nd,

[BNL] - FV4060A - Artichoke & Spinach Pork tenderloin,REC-013946-4-001,R,1,portions,Artichoke & Spinach Dip,S,,140,grams,,SUB-013749-4-004,PLANETARY MIXER,"140g artichoke & spinach dip
140g sliced, shingled pork tenderloin
120g cauliflower
**plating instruction**

from bottom to top

MAIN COMPARTMENT: 

140g artichoke & spinach dip
140g sliced pork tenderloin

","EIER, MILCH (EINSCHLIESSLICH LAKTOSE), SENF",,0.95411,"1
1","SCOOP
SCOOP","red
green","LEVEL
LEVEL",,,0.30865,5.17586,0.32349,PCK-00-151923-5,Main,
[BNL] - FV4060A - Artichoke & Spinach Pork tenderloin,REC-013946-4-001,R,1,portions,Pork Tenderloin - Garlic Marinated,S,,140,grams,,SUB-032663-4-001,MARINADE / GRILL / OVEN / SLICER / BLAST CHILLER,,SCHWEFELDIOXIDE UND SULFITE,,0.77616,140,HAND_PORTIONED,Hand Portioned,BY_TRAY,,,0.30865,6.36253,0.39766,PCK-00-151923-5,Main,
[BNL] - FV4060A - Artichoke & Spinach Pork tenderloin,REC-013946-4-001,R,1,portions,Cauliflower - with basil and parmesan seasoning,S,,120,grams,,SUB-013945-4-001,OVEN / BLAST CHILLER,"SIDE COMPARTMENT:
120g cauliflower

Net weight: 400 g",MILCH (EINSCHLIESSLICH LAKTOSE),,0.68264,1,SCOOP,teal,LEVEL,,,0.26455,6.20078,0.38755,PCK-00-151923-5,2nd,

[DE] - FV0271A - Cranberry chicken,REC-013530-4-002,R,1,portions,Mash - Creamy Sweet Potato & Butternut,S,,100,grams,,SUB-013526-4-001,SPICE PORTIONING / IMMERSION BLENDER / BRAISER / BLAST CHILLER,"140g mash
100g Chicken 
60g sauce

120g green beans
***PLATING INSTRUCTIONS***
(From the bottom to the top)

2 Compartment

MAIN COMPARTMENT
bottom side: 140g mash
top side: 60g cranberry sauce
Topped with chicken (100g)",MILCH (EINSCHLIESSLICH LAKTOSE),,0.8048,,,,,,,0.22046,4.38296,0.27393,PCK-00-151923-5,Main,
[DE] - FV0271A - Cranberry chicken,REC-013530-4-002,R,1,portions,Honey Mustard marinated Chicken Breast,S,,1,each,,SUB-032218-4-001,UNCATEGORIZED BOM,,SENF,,0.67416,,,,,,4.23288,0.26455,6.27877,0.39242,PCK-00-151923-5,Main,
[DE] - FV0271A - Cranberry chicken,REC-013530-4-002,R,1,portions,Sauce - Spiced Cranberry Sauce,S,,60,grams,,SUB-013523-4-001,SPICE PORTIONING / IMMERSION BLENDER / BRAISER / BLAST CHILLER,,,,0.89269,,,,,,,0.13228,2.37085,0.14818,PCK-00-151923-5,Main,
[DE] - FV0271A - Cranberry chicken,REC-013530-4-002,R,1,portions,Green beans - Roasted Green Beans w/ Roasted Garlic - Less Oil,S,,100,grams,,SUB-013529-4-001,OVEN / BLAST CHILLER,"2ND COMPARTMENT:
120g green beans

Net Weight: 380 g",,,0.68735,,,,,,,0.22046,5.13189,0.32074,PCK-00-151923-5,2nd,

[DE] - FV1351A - Cheddar & Red Pepper Chicken Thigh Pasta,REC-030480-4-001,R,1,portions,"FA-DE Pasta, Whole Wheat, Penne IQF/Nudeln, vollkorn, IQF",I,PRO-00-139304-1,90,grams,,,,"***PLATING INSTRUCTIONS***
(From the bottom to the top)

2 Compartment

MAIN COMPARTMENT

90 g whole wheat penne
80g shredded chicken thighs
40 g fondue
 35 g peppers and onions

","GLUTENHALTIGES GETREIDE, WEIZEN",,,,,,,,,0.19842,3.17466,0.19842,PCK-00-151923-5,Main,
[DE] - FV1351A - Cheddar & Red Pepper Chicken Thigh Pasta,REC-030480-4-001,R,1,portions,Shredded Chicken Thighs - Mod Marinade #3 -SW/MEX (less marinade),S,,80,grams,,SUB-030446-4-001,MARINADE / OVEN / HOT SHREDDER / BLAST CHILLER,,SCHWEFELDIOXIDE UND SULFITE,,0.58524,1,SCOOP,green,LEVEL,,,0.17637,4.82183,0.30136,PCK-00-151923-5,Main,
[DE] - FV1351A - Cheddar & Red Pepper Chicken Thigh Pasta,REC-030480-4-001,R,1,portions,Low Fat Red Pepper Fondue,S,,40,grams,,SUB-030449-4-001,SPICE PORTIONING / IMMERSION BLENDER / BRAISER / BLAST CHILLER,,MILCH (EINSCHLIESSLICH LAKTOSE),,0.80178,1,SCOOP,red,LEVEL,,,0.08818,1.75979,0.10999,PCK-00-151923-5,Main,
[DE] - FV1351A - Cheddar & Red Pepper Chicken Thigh Pasta,REC-030480-4-001,R,1,portions,Mod Red Peppers Diced 10mm Red Onion Diced 10mm - Smoked Paprika - RS,S,,35,grams,,SUB-030481-4-001,OVEN / BLAST CHILLER,,,,0.71324,1,SCOOP,black,LEVEL,,,0.07716,1.73097,0.10819,PCK-00-151923-5,Main,
[DE] - FV1351A - Cheddar & Red Pepper Chicken Thigh Pasta,REC-030480-4-001,R,1,portions,Mexican Roasted Zucchini,S,,100,grams,,SUB-014070-4-001,OVEN / BLAST CHILLER,"2ND COMPARTMENT
100 g zucchini",,,0.77905,1,SCOOP,beige,LEVEL,,,0.22046,4.52779,0.28299,PCK-00-151923-5,2nd,

[DE] - FV4060A - Artichoke & Spinach Pork tenderloin,REC-013946-4-002,R,1,portions,Artichoke & Spinach Dip,S,,140,grams,,SUB-013749-4-004,PLANETARY MIXER,"140g artichoke & spinach dip
140g sliced, shingled pork tenderloin
120g cauliflower
**plating instruction**

from bottom to top

MAIN COMPARTMENT: 

140g artichoke & spinach dip
140g sliced pork tenderloin

","EIER, MILCH (EINSCHLIESSLICH LAKTOSE), SENF",,0.95411,"1
1","SCOOP
SCOOP","red
green","LEVEL
LEVEL",,,0.30865,5.17586,0.32349,PCK-00-151923-5,Main,
[DE] - FV4060A - Artichoke & Spinach Pork tenderloin,REC-013946-4-002,R,1,portions,Pork Tenderloin - Garlic Marinated,S,,140,grams,,SUB-032663-4-001,MARINADE / GRILL / OVEN / SLICER / BLAST CHILLER,,SCHWEFELDIOXIDE UND SULFITE,,0.77616,140,HAND_PORTIONED,Hand Portioned,BY_TRAY,,,0.30865,6.36253,0.39766,PCK-00-151923-5,Main,
[DE] - FV4060A - Artichoke & Spinach Pork tenderloin,REC-013946-4-002,R,1,portions,Cauliflower - with basil and parmesan seasoning,S,,120,grams,,SUB-013945-4-001,OVEN / BLAST CHILLER,"SIDE COMPARTMENT:
120g cauliflower

Net weight: 400 g",MILCH (EINSCHLIESSLICH LAKTOSE),,0.68264,1,SCOOP,teal,LEVEL,,,0.26455,6.20078,0.38755,PCK-00-151923-5,2nd,

[DK/SE] - FV0271A - Cranberry chicken,REC-013530-4-004,R,1,portions,Mash - Creamy Sweet Potato & Butternut,S,,100,grams,,SUB-013526-4-001,SPICE PORTIONING / IMMERSION BLENDER / BRAISER / BLAST CHILLER,"140g mash
100g Chicken 
60g sauce

120g green beans
***PLATING INSTRUCTIONS***
(From the bottom to the top)

2 Compartment

MAIN COMPARTMENT
bottom side: 140g mash
top side: 60g cranberry sauce
Topped with chicken (100g)",MILCH (EINSCHLIESSLICH LAKTOSE),,0.8048,,,,,,,0.22046,4.38296,0.27393,PCK-00-151923-5,Main,
[DK/SE] - FV0271A - Cranberry chicken,REC-013530-4-004,R,1,portions,Honey Mustard marinated Chicken Breast,S,,1,each,,SUB-032218-4-001,UNCATEGORIZED BOM,,SENF,,0.67416,,,,,,4.23288,0.26455,6.27877,0.39242,PCK-00-151923-5,Main,
[DK/SE] - FV0271A - Cranberry chicken,REC-013530-4-004,R,1,portions,Sauce - Spiced Cranberry Sauce,S,,60,grams,,SUB-013523-4-001,SPICE PORTIONING / IMMERSION BLENDER / BRAISER / BLAST CHILLER,,,,0.89269,,,,,,,0.13228,2.37085,0.14818,PCK-00-151923-5,Main,
[DK/SE] - FV0271A - Cranberry chicken,REC-013530-4-004,R,1,portions,Green beans - Roasted Green Beans w/ Roasted Garlic - Less Oil,S,,100,grams,,SUB-013529-4-001,OVEN / BLAST CHILLER,"2ND COMPARTMENT:
120g green beans

Net Weight: 380 g",,,0.68735,,,,,,,0.22046,5.13189,0.32074,PCK-00-151923-5,2nd,

[DK/SE] - FV1351A - Cheddar & Red Pepper Chicken Thigh Pasta,REC-030480-4-002,R,1,portions,"FA-DE Pasta, Whole Wheat, Penne IQF/Nudeln, vollkorn, IQF",I,PRO-00-139304-1,90,grams,,,,"***PLATING INSTRUCTIONS***
(From the bottom to the top)

2 Compartment

MAIN COMPARTMENT

90 g whole wheat penne
80g shredded chicken thighs
40 g fondue
 35 g peppers and onions

","GLUTENHALTIGES GETREIDE, WEIZEN",,,,,,,,,0.19842,3.17466,0.19842,PCK-00-151923-5,Main,
[DK/SE] - FV1351A - Cheddar & Red Pepper Chicken Thigh Pasta,REC-030480-4-002,R,1,portions,Shredded Chicken Thighs - Mod Marinade #3 -SW/MEX (less marinade),S,,80,grams,,SUB-030446-4-001,MARINADE / OVEN / HOT SHREDDER / BLAST CHILLER,,SCHWEFELDIOXIDE UND SULFITE,,0.58524,1,SCOOP,green,LEVEL,,,0.17637,4.82183,0.30136,PCK-00-151923-5,Main,
[DK/SE] - FV1351A - Cheddar & Red Pepper Chicken Thigh Pasta,REC-030480-4-002,R,1,portions,Low Fat Red Pepper Fondue,S,,40,grams,,SUB-030449-4-001,SPICE PORTIONING / IMMERSION BLENDER / BRAISER / BLAST CHILLER,,MILCH (EINSCHLIESSLICH LAKTOSE),,0.80178,1,SCOOP,red,LEVEL,,,0.08818,1.75979,0.10999,PCK-00-151923-5,Main,
[DK/SE] - FV1351A - Cheddar & Red Pepper Chicken Thigh Pasta,REC-030480-4-002,R,1,portions,Mod Red Peppers Diced 10mm Red Onion Diced 10mm - Smoked Paprika - RS,S,,35,grams,,SUB-030481-4-001,OVEN / BLAST CHILLER,,,,0.71324,1,SCOOP,black,LEVEL,,,0.07716,1.73097,0.10819,PCK-00-151923-5,Main,
[DK/SE] - FV1351A - Cheddar & Red Pepper Chicken Thigh Pasta,REC-030480-4-002,R,1,portions,Mexican Roasted Zucchini,S,,100,grams,,SUB-014070-4-001,OVEN / BLAST CHILLER,"2ND COMPARTMENT
100 g zucchini",,,0.77905,1,SCOOP,beige,LEVEL,,,0.22046,4.52779,0.28299,PCK-00-151923-5,2nd,

[DK/SE] - FV4060A - Artichoke & Spinach Pork tenderloin,REC-013946-4-003,R,1,portions,Artichoke & Spinach Dip,S,,140,grams,,SUB-013749-4-004,PLANETARY MIXER,"140g artichoke & spinach dip
140g sliced, shingled pork tenderloin
120g cauliflower
**plating instruction**

from bottom to top

MAIN COMPARTMENT: 

140g artichoke & spinach dip
140g sliced pork tenderloin

","EIER, MILCH (EINSCHLIESSLICH LAKTOSE), SENF",,0.95411,"1
1","SCOOP
SCOOP","red
green","LEVEL
LEVEL",,,0.30865,5.17586,0.32349,PCK-00-151923-5,Main,
[DK/SE] - FV4060A - Artichoke & Spinach Pork tenderloin,REC-013946-4-003,R,1,portions,Pork Tenderloin - Garlic Marinated,S,,140,grams,,SUB-032663-4-001,MARINADE / GRILL / OVEN / SLICER / BLAST CHILLER,,SCHWEFELDIOXIDE UND SULFITE,,0.77616,140,HAND_PORTIONED,Hand Portioned,BY_TRAY,,,0.30865,6.36253,0.39766,PCK-00-151923-5,Main,
[DK/SE] - FV4060A - Artichoke & Spinach Pork tenderloin,REC-013946-4-003,R,1,portions,Cauliflower - with basil and parmesan seasoning,S,,120,grams,,SUB-013945-4-001,OVEN / BLAST CHILLER,"SIDE COMPARTMENT:
120g cauliflower

Net weight: 400 g",MILCH (EINSCHLIESSLICH LAKTOSE),,0.68264,1,SCOOP,teal,LEVEL,,,0.26455,6.20078,0.38755,PCK-00-151923-5,2nd,

