Recipe Name,Recipe ID,Sub-Recipe 1 Name,Sub-Recipe 1 ID,Sub-Recipe 1 Quantity,Sub-Recipe 1 UOM,Sub-Recipe 1 Recipe Categories,Sub-Recipe 2 Name,Sub-Recipe 2 ID,Sub-Recipe 2 Quantity,Sub-Recipe 2 UOM,Sub-Recipe 2 Recipe Categories,Sub-Recipe 3 Name,Sub-Recipe 3 ID,Sub-Recipe 3 Quantity,Sub-Recipe 3 UOM,Sub-Recipe 3 Recipe Categories,Sub-Recipe 4 Name,Sub-Recipe 4 ID,Sub-Recipe 4 Quantity,Sub-Recipe 4 UOM,Sub-Recipe 4 Recipe Categories,Ingredient,Ingredient ID,Gross Ingredient Qty,Net Ingredient Qty,Ingredient UOM,Ingredient Allergen Type,Sub Allergen Type,Sub-Recipe Yield %,Qty Converted to Weight,Qty Unit
Almonds - Garlic & Black Pepper Toasted Almonds,SUB-013553-4-001,,,,,,,,,,,,,,,,,,,,,"FA-DE Almond, Sliced, Blanched /Mandeln, geschnitten, blanchiert",SPI-00-139147-5,7.94,7.94,grams,"MANDELN, SCHALENFRÜCHTE",,,7.94,grams
Almonds - Garlic & Black Pepper Toasted Almonds,SUB-013553-4-001,,,,,,,,,,,,,,,,,,,,,"FA-DE Oil, Olive /Öl, Olivenöl",PRO-00-139277-5,0.57,0.57,grams,,,,0.57,grams
Almonds - Garlic & Black Pepper Toasted Almonds,SUB-013553-4-001,,,,,,,,,,,,,,,,,,,,,"FA-DE Spice, Garlic Granulated /Gewürz, Knoblauch granuliert",SPI-00-139353-5,0.28,0.28,grams,,,,0.28,grams
Almonds - Garlic & Black Pepper Toasted Almonds,SUB-013553-4-001,,,,,,,,,,,,,,,,,,,,,"FA-DE Spice, Black Pepper, Ground /Gewürz, schwarzer Pfeffer, gemahlen",SPI-00-139334-5,0.07,0.07,grams,,,,0.07,grams
Almonds - Garlic & Black Pepper Toasted Almonds,SUB-013553-4-001,,,,,,,,,,,,,,,,,,,,,"FA-DE Spice, Sea Salt /Gewürze, Meersalz",SPI-00-139378-5,0.06,0.06,grams,,,,0.06,grams
Bacon Chicken Casserole,SUB-013488-4-001,Shredded Ranch Chicken (Loaded Bacon & Spinach),SUB-013487-4-001,94.15,grams,"BLAST CHILLER, HOT SHREDDER, MARINADE, OVEN",,,,,,,,,,,,,,,,"FA-DE Oil, Olive /Öl, Olivenöl",PRO-00-139277-5,7.53,7.53,grams,,,0.71477,7.53,grams
Bacon Chicken Casserole,SUB-013488-4-001,Shredded Ranch Chicken (Loaded Bacon & Spinach),SUB-013487-4-001,94.15,grams,"BLAST CHILLER, HOT SHREDDER, MARINADE, OVEN",DRY Ranch Seasoning,SUB-013480-4-001,3.63,grams,"HAND MIX, SPICE PORTIONING",,,,,,,,,,,"FA-DE Spice, Buttermilk Powder/Gewürz, Buttermilchpulver",SPI-00-151139-5,2.24,2.24,grams,MILCH (EINSCHLIESSLICH LAKTOSE),,0.97982,2.24,grams
Bacon Chicken Casserole,SUB-013488-4-001,Shredded Ranch Chicken (Loaded Bacon & Spinach),SUB-013487-4-001,94.15,grams,"BLAST CHILLER, HOT SHREDDER, MARINADE, OVEN",DRY Ranch Seasoning,SUB-013480-4-001,3.63,grams,"HAND MIX, SPICE PORTIONING",,,,,,,,,,,"FA-DE Spice, Garlic Granulated /Gewürz, Knoblauch granuliert",SPI-00-139353-5,0.47,0.47,grams,,,0.97982,0.47,grams
Bacon Chicken Casserole,SUB-013488-4-001,Shredded Ranch Chicken (Loaded Bacon & Spinach),SUB-013487-4-001,94.15,grams,"BLAST CHILLER, HOT SHREDDER, MARINADE, OVEN",DRY Ranch Seasoning,SUB-013480-4-001,3.63,grams,"HAND MIX, SPICE PORTIONING",,,,,,,,,,,"FA-DE Spice, Onion Granulated /Gewürze, Zwiebeln granuliert",SPI-00-139370-5,0.41,0.41,grams,,,0.97982,0.41,grams
Bacon Chicken Casserole,SUB-013488-4-001,Shredded Ranch Chicken (Loaded Bacon & Spinach),SUB-013487-4-001,94.15,grams,"BLAST CHILLER, HOT SHREDDER, MARINADE, OVEN",DRY Ranch Seasoning,SUB-013480-4-001,3.63,grams,"HAND MIX, SPICE PORTIONING",,,,,,,,,,,"FA-DE Spice, Black Pepper, Ground /Gewürz, schwarzer Pfeffer, gemahlen",SPI-00-139334-5,0.24,0.24,grams,,,0.97982,0.24,grams
Bacon Chicken Casserole,SUB-013488-4-001,Shredded Ranch Chicken (Loaded Bacon & Spinach),SUB-013487-4-001,94.15,grams,"BLAST CHILLER, HOT SHREDDER, MARINADE, OVEN",DRY Ranch Seasoning,SUB-013480-4-001,3.63,grams,"HAND MIX, SPICE PORTIONING",,,,,,,,,,,"FA-DE Spice, Dill Dried /Gewürz, Dill getrocknet",SPI-00-139349-5,0.15,0.15,grams,,,0.97982,0.15,grams
Bacon Chicken Casserole,SUB-013488-4-001,Shredded Ranch Chicken (Loaded Bacon & Spinach),SUB-013487-4-001,94.15,grams,"BLAST CHILLER, HOT SHREDDER, MARINADE, OVEN",DRY Ranch Seasoning,SUB-013480-4-001,3.63,grams,"HAND MIX, SPICE PORTIONING",,,,,,,,,,,"FA-DE Chives, Dried /Schnittlauch, getrocknet",SPI-00-139322-5,0.15,0.15,grams,,,0.97982,0.15,grams
Bacon Chicken Casserole,SUB-013488-4-001,Shredded Ranch Chicken (Loaded Bacon & Spinach),SUB-013487-4-001,94.15,grams,"BLAST CHILLER, HOT SHREDDER, MARINADE, OVEN",DRY Ranch Seasoning,SUB-013480-4-001,3.63,grams,"HAND MIX, SPICE PORTIONING",,,,,,,,,,,"FA-DE Spice, Parsley Dried /Gewürze, getrocknete Petersilie",SPI-00-139374-5,0.06,0.06,grams,,,0.97982,0.06,grams
Bacon Chicken Casserole,SUB-013488-4-001,Shredded Ranch Chicken (Loaded Bacon & Spinach),SUB-013487-4-001,94.15,grams,"BLAST CHILLER, HOT SHREDDER, MARINADE, OVEN",Chicken Thighs - BRINED,SUB-013532-4-001,120.56,grams,UNCATEGORIZED BOM,,,,,,,,,,,"FA-DE Chicken, Thighs, Boneless Skinless /Hähnchen, Oberschenkel, ohne Knochen und ohne Haut",PTN-00-139343-3,120.56,120.56,grams,,,0.4978,120.56,grams
Bacon Chicken Casserole,SUB-013488-4-001,Shredded Ranch Chicken (Loaded Bacon & Spinach),SUB-013487-4-001,94.15,grams,"BLAST CHILLER, HOT SHREDDER, MARINADE, OVEN",Chicken Thighs - BRINED,SUB-013532-4-001,120.56,grams,UNCATEGORIZED BOM,,,,,,,,,,,FA-DE Water / Wasser,OTH-00-144038-5,120.56,120.56,grams,,,0.4978,120.56,grams
Bacon Chicken Casserole,SUB-013488-4-001,Shredded Ranch Chicken (Loaded Bacon & Spinach),SUB-013487-4-001,94.15,grams,"BLAST CHILLER, HOT SHREDDER, MARINADE, OVEN",Chicken Thighs - BRINED,SUB-013532-4-001,120.56,grams,UNCATEGORIZED BOM,,,,,,,,,,,"FA-DE Spice, Sea Salt /Gewürze, Meersalz",SPI-00-139378-5,1.06,1.06,grams,,,0.4978,1.06,grams
Bacon Chicken Casserole,SUB-013488-4-001,Bacon Chicken Casserole Cheese Sauce,SUB-013483-4-001,66.04,grams,"BLAST CHILLER, BRAISER, IMMERSION BLENDER, SPICE PORTIONING",,,,,,,,,,,,,,,,"FA-DE Oil, Olive /Öl, Olivenöl",PRO-00-139277-5,6.68,6.68,grams,,,0.92145,6.68,grams
Bacon Chicken Casserole,SUB-013488-4-001,Bacon Chicken Casserole Cheese Sauce,SUB-013483-4-001,66.04,grams,"BLAST CHILLER, BRAISER, IMMERSION BLENDER, SPICE PORTIONING",,,,,,,,,,,,,,,,"FA-DE Garlic, IQF, Diced 4 mm /Knoblauch, IQF, gewürfelt 4 mm",PHF-00-139237-1,1.83,1.83,grams,SCHWEFELDIOXIDE UND SULFITE,,0.92145,1.83,grams
Bacon Chicken Casserole,SUB-013488-4-001,Bacon Chicken Casserole Cheese Sauce,SUB-013483-4-001,66.04,grams,"BLAST CHILLER, BRAISER, IMMERSION BLENDER, SPICE PORTIONING",,,,,,,,,,,,,,,,"FA-DE Onion, Spanish, Diced 5mm /Zwiebel, Spanisch, gewürfelt 5 mm",PHF-00-139212-3,4.72,4.72,grams,,,0.92145,4.72,grams
Bacon Chicken Casserole,SUB-013488-4-001,Bacon Chicken Casserole Cheese Sauce,SUB-013483-4-001,66.04,grams,"BLAST CHILLER, BRAISER, IMMERSION BLENDER, SPICE PORTIONING",,,,,,,,,,,,,,,,"FA-DE Stock, Chicken, Reduced/Brühe, Huhn, Reduziert",PRO-00-139288-5,0.33,0.33,grams,,,0.92145,0.33,grams
Bacon Chicken Casserole,SUB-013488-4-001,Bacon Chicken Casserole Cheese Sauce,SUB-013483-4-001,66.04,grams,"BLAST CHILLER, BRAISER, IMMERSION BLENDER, SPICE PORTIONING",,,,,,,,,,,,,,,,FA-DE Water / Wasser,OTH-00-144038-5,15.33,15.33,grams,,,0.92145,15.33,grams
Bacon Chicken Casserole,SUB-013488-4-001,Bacon Chicken Casserole Cheese Sauce,SUB-013483-4-001,66.04,grams,"BLAST CHILLER, BRAISER, IMMERSION BLENDER, SPICE PORTIONING",,,,,,,,,,,,,,,,"FA-DE Cheese, Cream, 13% Fat (Milk) /Käse, Sahne, 13% Fett",DAI-00-139122-3,7.93,7.93,grams,MILCH (EINSCHLIESSLICH LAKTOSE),,0.92145,7.93,grams
Bacon Chicken Casserole,SUB-013488-4-001,Bacon Chicken Casserole Cheese Sauce,SUB-013483-4-001,66.04,grams,"BLAST CHILLER, BRAISER, IMMERSION BLENDER, SPICE PORTIONING",,,,,,,,,,,,,,,,"FA-DE Cheese, White Cheddar, Shredded /Käse, weißer Cheddar, gerieben",DAI-00-139135-3,16.51,16.51,grams,MILCH (EINSCHLIESSLICH LAKTOSE),,0.92145,16.51,grams
Bacon Chicken Casserole,SUB-013488-4-001,Bacon Chicken Casserole Cheese Sauce,SUB-013483-4-001,66.04,grams,"BLAST CHILLER, BRAISER, IMMERSION BLENDER, SPICE PORTIONING",,,,,,,,,,,,,,,,"FA-DE Cheese, Mozzarella, Shredded /Käse, Mozzarella, gerieben",DAI-00-139125-3,18.34,18.34,grams,MILCH (EINSCHLIESSLICH LAKTOSE),,0.92145,18.34,grams
Bacon Chicken Casserole,SUB-013488-4-001,Thawed & Squeezed Frozen Spinach,SUB-013405-4-001,22,grams,"BLAST CHILLER, HAND MIX, OVEN",,,,,,,,,,,,,,,,"FA-DE Spinach, Frozen Leaf/Spinat, gefrorener Blattspinat",PHF-00-139242-1,36.56,36.56,grams,,,0.60173,36.56,grams
Bacon Chicken Casserole Cheese Sauce,SUB-013483-4-001,,,,,,,,,,,,,,,,,,,,,"FA-DE Oil, Olive /Öl, Olivenöl",PRO-00-139277-5,6.68,6.68,grams,,,,6.68,grams
Bacon Chicken Casserole Cheese Sauce,SUB-013483-4-001,,,,,,,,,,,,,,,,,,,,,"FA-DE Garlic, IQF, Diced 4 mm /Knoblauch, IQF, gewürfelt 4 mm",PHF-00-139237-1,1.83,1.83,grams,SCHWEFELDIOXIDE UND SULFITE,,,1.83,grams
Bacon Chicken Casserole Cheese Sauce,SUB-013483-4-001,,,,,,,,,,,,,,,,,,,,,"FA-DE Onion, Spanish, Diced 5mm /Zwiebel, Spanisch, gewürfelt 5 mm",PHF-00-139212-3,4.72,4.72,grams,,,,4.72,grams
Bacon Chicken Casserole Cheese Sauce,SUB-013483-4-001,,,,,,,,,,,,,,,,,,,,,"FA-DE Stock, Chicken, Reduced/Brühe, Huhn, Reduziert",PRO-00-139288-5,0.33,0.33,grams,,,,0.33,grams
Bacon Chicken Casserole Cheese Sauce,SUB-013483-4-001,,,,,,,,,,,,,,,,,,,,,FA-DE Water / Wasser,OTH-00-144038-5,15.33,15.33,grams,,,,15.33,grams
Bacon Chicken Casserole Cheese Sauce,SUB-013483-4-001,,,,,,,,,,,,,,,,,,,,,"FA-DE Cheese, Cream, 13% Fat (Milk) /Käse, Sahne, 13% Fett",DAI-00-139122-3,7.93,7.93,grams,MILCH (EINSCHLIESSLICH LAKTOSE),,,7.93,grams
Bacon Chicken Casserole Cheese Sauce,SUB-013483-4-001,,,,,,,,,,,,,,,,,,,,,"FA-DE Cheese, White Cheddar, Shredded /Käse, weißer Cheddar, gerieben",DAI-00-139135-3,16.51,16.51,grams,MILCH (EINSCHLIESSLICH LAKTOSE),,,16.51,grams
Bacon Chicken Casserole Cheese Sauce,SUB-013483-4-001,,,,,,,,,,,,,,,,,,,,,"FA-DE Cheese, Mozzarella, Shredded /Käse, Mozzarella, gerieben",DAI-00-139125-3,18.34,18.34,grams,MILCH (EINSCHLIESSLICH LAKTOSE),,,18.34,grams
Balsamic Cherry Tomatoes,SUB-014243-4-001,,,,,,,,,,,,,,,,,,,,,"FA-DE Spice, Black Pepper, Ground /Gewürz, schwarzer Pfeffer, gemahlen",SPI-00-139334-5,9.37,9.37,grams,,,,9.37,grams
Balsamic Cherry Tomatoes,SUB-014243-4-001,,,,,,,,,,,,,,,,,,,,,"FA-DE Tomatoes, Cherry/Tomaten, Kirsche",PHF-00-139190-3,2780,2780,grams,,,,2780,grams
Balsamic Cherry Tomatoes,SUB-014243-4-001,,,,,,,,,,,,,,,,,,,,,"FA-DE Oil, Olive /Öl, Olivenöl",PRO-00-139277-5,131.12,131.12,grams,,,,131.12,grams
Balsamic Cherry Tomatoes,SUB-014243-4-001,,,,,,,,,,,,,,,,,,,,,"FA-DE Vinegar, Balsamic /Essig, Balsamico",PRO-00-139298-5,93.66,93.66,grams,SCHWEFELDIOXIDE UND SULFITE,,,93.66,grams
Balsamic Cherry Tomatoes,SUB-014243-4-001,Basil - Picked Basil Leaves,SUB-013424-4-001,32.78,grams,"DEBOX, STAGING",,,,,,,,,,,,,,,,"FA-DE Basil, Fresh /Basilikum, frisch",PHF-00-139175-3,58.55,58.55,grams,,,0.55986,58.55,grams
Balsamic Cherry Tomatoes,SUB-014243-4-001,,,,,,,,,,,,,,,,,,,,,"FA-DE Onion, Red, Diced 5mm /Zwiebeln, rot, gewürfelt 5 mm",PHF-00-139213-3,257.55,257.55,grams,,,,257.55,grams
Basil - Picked Basil Leaves,SUB-013424-4-001,,,,,,,,,,,,,,,,,,,,,"FA-DE Basil, Fresh /Basilikum, frisch",PHF-00-139175-3,2840,2840,grams,,,,2840,grams
Basil Kill Step,SUB-024331-4-001,Basil - Picked Basil Leaves,SUB-013424-4-001,1000,grams,"DEBOX, STAGING",,,,,,,,,,,,,,,,"FA-DE Basil, Fresh /Basilikum, frisch",PHF-00-139175-3,1786.16,1786.16,grams,,,0.55986,1786.16,grams
Basil-Garlic Marinade - No Vinegar/Less Oil,SUB-029190-4-001,,,,,,,,,,,,,,,,,,,,,"FA-DE Oil, Olive /Öl, Olivenöl",PRO-00-139277-5,5.55,5.55,grams,,,,5.55,grams
Basil-Garlic Marinade - No Vinegar/Less Oil,SUB-029190-4-001,Basil - Picked Basil Leaves,SUB-013424-4-001,10.23,grams,"DEBOX, STAGING",,,,,,,,,,,,,,,,"FA-DE Basil, Fresh /Basilikum, frisch",PHF-00-139175-3,18.27,18.27,grams,,,0.55986,18.27,grams
Basil-Garlic Marinade - No Vinegar/Less Oil,SUB-029190-4-001,,,,,,,,,,,,,,,,,,,,,"FA-DE Garlic, IQF, Diced 4 mm /Knoblauch, IQF, gewürfelt 4 mm",PHF-00-139237-1,0.91,0.91,grams,SCHWEFELDIOXIDE UND SULFITE,,,0.91,grams
Basil-Garlic Marinade - No Vinegar/Less Oil,SUB-029190-4-001,,,,,,,,,,,,,,,,,,,,,"FA-DE Spice, Garlic Granulated /Gewürz, Knoblauch granuliert",SPI-00-139353-5,0.91,0.91,grams,,,,0.91,grams
Basil-Garlic Marinade - No Vinegar/Less Oil,SUB-029190-4-001,,,,,,,,,,,,,,,,,,,,,"FA-DE Spice, Onion Granulated /Gewürze, Zwiebeln granuliert",SPI-00-139370-5,0.73,0.73,grams,,,,0.73,grams
Basil-Garlic Marinade - No Vinegar/Less Oil,SUB-029190-4-001,,,,,,,,,,,,,,,,,,,,,"FA-DE Spice, Black Pepper, Ground /Gewürz, schwarzer Pfeffer, gemahlen",SPI-00-139334-5,0.36,0.36,grams,,,,0.36,grams
Basil-Garlic Marinade - No Vinegar/Less Oil,SUB-029190-4-001,,,,,,,,,,,,,,,,,,,,,"FA-DE Spice, Italian Seasoning /Gewürze, italienische Gewürze",SPI-00-139359-5,0.18,0.18,grams,,,,0.18,grams
Basil-Garlic Marinade - No Vinegar/Less Oil,SUB-029190-4-001,,,,,,,,,,,,,,,,,,,,,"FA-DE Spice, Crushed Red Pepper Flakes /Gewürz, zerkleinerte rote Pfefferflocken",SPI-00-139344-5,0.03,0.03,grams,,,,0.03,grams
Basil-Garlic Marinade - No Vinegar/Less Oil,SUB-029190-4-001,,,,,,,,,,,,,,,,,,,,,"FA-DE Spice, Sea Salt /Gewürze, Meersalz",SPI-00-139378-5,0.45,0.45,grams,,,,0.45,grams
Basil-Garlic Shrimp Batch - Less Oil,SUB-029191-4-001,Frozen Shrimp - Thawed,SUB-029188-4-001,138.91,grams,"BLAST CHILLER, MARINADE, OVEN, THAW",,,,,,,,,,,,,,,,FA-DE Prawns 21/25 /Garnelen 21/25 - IQF,PTN-00-139321-1,173.65,173.65,grams,KREBSTIERE,,0.29194,173.65,grams
Basil-Garlic Shrimp Batch - Less Oil,SUB-029191-4-001,Frozen Shrimp - Thawed,SUB-029188-4-001,138.91,grams,"BLAST CHILLER, MARINADE, OVEN, THAW",,,,,,,,,,,,,,,,FA-DE Water / Wasser,OTH-00-144038-5,260.48,260.48,grams,,,0.29194,260.48,grams
Basil-Garlic Shrimp Batch - Less Oil,SUB-029191-4-001,Frozen Shrimp - Thawed,SUB-029188-4-001,138.91,grams,"BLAST CHILLER, MARINADE, OVEN, THAW",,,,,,,,,,,,,,,,FA-DE Water / Wasser,OTH-00-144038-5,41.68,41.68,grams,,,0.29194,41.68,grams
Basil-Garlic Shrimp Batch - Less Oil,SUB-029191-4-001,Basil-Garlic Marinade - No Vinegar/Less Oil,SUB-029190-4-001,10.23,grams,IMMERSION BLENDER,,,,,,,,,,,,,,,,"FA-DE Oil, Olive /Öl, Olivenöl",PRO-00-139277-5,3.09,3.09,grams,,,0.94987,3.09,grams
Basil-Garlic Shrimp Batch - Less Oil,SUB-029191-4-001,Basil-Garlic Marinade - No Vinegar/Less Oil,SUB-029190-4-001,10.23,grams,IMMERSION BLENDER,Basil - Picked Basil Leaves,SUB-013424-4-001,5.69,grams,"DEBOX, STAGING",,,,,,,,,,,"FA-DE Basil, Fresh /Basilikum, frisch",PHF-00-139175-3,10.17,10.17,grams,,,0.55986,10.17,grams
Basil-Garlic Shrimp Batch - Less Oil,SUB-029191-4-001,Basil-Garlic Marinade - No Vinegar/Less Oil,SUB-029190-4-001,10.23,grams,IMMERSION BLENDER,,,,,,,,,,,,,,,,"FA-DE Garlic, IQF, Diced 4 mm /Knoblauch, IQF, gewürfelt 4 mm",PHF-00-139237-1,0.51,0.51,grams,SCHWEFELDIOXIDE UND SULFITE,,0.94987,0.51,grams
Basil-Garlic Shrimp Batch - Less Oil,SUB-029191-4-001,Basil-Garlic Marinade - No Vinegar/Less Oil,SUB-029190-4-001,10.23,grams,IMMERSION BLENDER,,,,,,,,,,,,,,,,"FA-DE Spice, Garlic Granulated /Gewürz, Knoblauch granuliert",SPI-00-139353-5,0.51,0.51,grams,,,0.94987,0.51,grams
Basil-Garlic Shrimp Batch - Less Oil,SUB-029191-4-001,Basil-Garlic Marinade - No Vinegar/Less Oil,SUB-029190-4-001,10.23,grams,IMMERSION BLENDER,,,,,,,,,,,,,,,,"FA-DE Spice, Onion Granulated /Gewürze, Zwiebeln granuliert",SPI-00-139370-5,0.41,0.41,grams,,,0.94987,0.41,grams
Basil-Garlic Shrimp Batch - Less Oil,SUB-029191-4-001,Basil-Garlic Marinade - No Vinegar/Less Oil,SUB-029190-4-001,10.23,grams,IMMERSION BLENDER,,,,,,,,,,,,,,,,"FA-DE Spice, Black Pepper, Ground /Gewürz, schwarzer Pfeffer, gemahlen",SPI-00-139334-5,0.2,0.2,grams,,,0.94987,0.2,grams
Basil-Garlic Shrimp Batch - Less Oil,SUB-029191-4-001,Basil-Garlic Marinade - No Vinegar/Less Oil,SUB-029190-4-001,10.23,grams,IMMERSION BLENDER,,,,,,,,,,,,,,,,"FA-DE Spice, Italian Seasoning /Gewürze, italienische Gewürze",SPI-00-139359-5,0.1,0.1,grams,,,0.94987,0.1,grams
Basil-Garlic Shrimp Batch - Less Oil,SUB-029191-4-001,Basil-Garlic Marinade - No Vinegar/Less Oil,SUB-029190-4-001,10.23,grams,IMMERSION BLENDER,,,,,,,,,,,,,,,,"FA-DE Spice, Crushed Red Pepper Flakes /Gewürz, zerkleinerte rote Pfefferflocken",SPI-00-139344-5,0.02,0.02,grams,,,0.94987,0.02,grams
Basil-Garlic Shrimp Batch - Less Oil,SUB-029191-4-001,Basil-Garlic Marinade - No Vinegar/Less Oil,SUB-029190-4-001,10.23,grams,IMMERSION BLENDER,,,,,,,,,,,,,,,,"FA-DE Spice, Sea Salt /Gewürze, Meersalz",SPI-00-139378-5,0.25,0.25,grams,,,0.94987,0.25,grams
Beef Burger Master EU,SUB-031776-4-001,Burger Patty,SUB-031783-4-001,194,grams,"BLAST CHILLER, HORIZONTAL MIXER, OVEN, PATTY MAKER",,,,,,,,,,,,,,,,"FA-DE Beef, Ground, 80/20 /Rindfleisch, gemahlen, 80/20",PTN-00-139319-3,161.44,161.44,grams,,,0.97143,161.44,grams
Beef Burger Master EU,SUB-031776-4-001,Burger Patty,SUB-031783-4-001,194,grams,"BLAST CHILLER, HORIZONTAL MIXER, OVEN, PATTY MAKER",Cooked Burger Veggies,SUB-031784-4-001,21.52,grams,"BLAST CHILLER, BRAISER, SPICE PORTIONING",,,,,,,,,,,"FA-DE Onion, Spanish, Diced 5mm /Zwiebel, Spanisch, gewürfelt 5 mm",PHF-00-139212-3,7.94,7.94,grams,,,0.94991,7.94,grams
Beef Burger Master EU,SUB-031776-4-001,Burger Patty,SUB-031783-4-001,194,grams,"BLAST CHILLER, HORIZONTAL MIXER, OVEN, PATTY MAKER",Cooked Burger Veggies,SUB-031784-4-001,21.52,grams,"BLAST CHILLER, BRAISER, SPICE PORTIONING",,,,,,,,,,,"FA-DE Garlic, IQF, Diced 4 mm /Knoblauch, IQF, gewürfelt 4 mm",PHF-00-139237-1,4.54,4.54,grams,SCHWEFELDIOXIDE UND SULFITE,,0.94991,4.54,grams
Beef Burger Master EU,SUB-031776-4-001,Burger Patty,SUB-031783-4-001,194,grams,"BLAST CHILLER, HORIZONTAL MIXER, OVEN, PATTY MAKER",Cooked Burger Veggies,SUB-031784-4-001,21.52,grams,"BLAST CHILLER, BRAISER, SPICE PORTIONING",,,,,,,,,,,"FA-DE Oil, Olive /Öl, Olivenöl",PRO-00-139277-5,3.03,3.03,grams,,,0.94991,3.03,grams
Beef Burger Master EU,SUB-031776-4-001,Burger Patty,SUB-031783-4-001,194,grams,"BLAST CHILLER, HORIZONTAL MIXER, OVEN, PATTY MAKER",Cooked Burger Veggies,SUB-031784-4-001,21.52,grams,"BLAST CHILLER, BRAISER, SPICE PORTIONING",,,,,,,,,,,"FA-DE Spice, Garlic Granulated /Gewürz, Knoblauch granuliert",SPI-00-139353-5,2.27,2.27,grams,,,0.94991,2.27,grams
Beef Burger Master EU,SUB-031776-4-001,Burger Patty,SUB-031783-4-001,194,grams,"BLAST CHILLER, HORIZONTAL MIXER, OVEN, PATTY MAKER",Cooked Burger Veggies,SUB-031784-4-001,21.52,grams,"BLAST CHILLER, BRAISER, SPICE PORTIONING",,,,,,,,,,,"FA-DE Spice, Onion Granulated /Gewürze, Zwiebeln granuliert",SPI-00-139370-5,4.54,4.54,grams,,,0.94991,4.54,grams
Beef Burger Master EU,SUB-031776-4-001,Burger Patty,SUB-031783-4-001,194,grams,"BLAST CHILLER, HORIZONTAL MIXER, OVEN, PATTY MAKER",Cooked Burger Veggies,SUB-031784-4-001,21.52,grams,"BLAST CHILLER, BRAISER, SPICE PORTIONING",,,,,,,,,,,"FA-DE Spice, Sea Salt /Gewürze, Meersalz",SPI-00-139378-5,0.33,0.33,grams,,,0.94991,0.33,grams
Beef Burger Master EU,SUB-031776-4-001,Burger Patty,SUB-031783-4-001,194,grams,"BLAST CHILLER, HORIZONTAL MIXER, OVEN, PATTY MAKER",Burger Stock,SUB-031810-4-001,16.75,grams,IMMERSION BLENDER,,,,,,,,,,,FA-DE Water / Wasser,OTH-00-144038-5,15.28,15.28,grams,,,0.98807,15.28,grams
Beef Burger Master EU,SUB-031776-4-001,Burger Patty,SUB-031783-4-001,194,grams,"BLAST CHILLER, HORIZONTAL MIXER, OVEN, PATTY MAKER",Burger Stock,SUB-031810-4-001,16.75,grams,IMMERSION BLENDER,,,,,,,,,,,"FA-DE Stock, Chicken, Reduced/Brühe, Huhn, Reduziert",PRO-00-139288-5,1.09,1.09,grams,,,0.98807,1.09,grams
Beef Burger Master EU,SUB-031776-4-001,Burger Patty,SUB-031783-4-001,194,grams,"BLAST CHILLER, HORIZONTAL MIXER, OVEN, PATTY MAKER",Burger Stock,SUB-031810-4-001,16.75,grams,IMMERSION BLENDER,,,,,,,,,,,"FA-DE Spice, Sea Salt /Gewürze, Meersalz",SPI-00-139378-5,0.58,0.58,grams,,,0.98807,0.58,grams
Beef Shepherd's Pie Meat Base - enhanced,SUB-013392-4-001,,,,,,,,,,,,,,,,,,,,,"FA-DE Wine, Red/Wein, rot",PRO-00-139302-5,4.82,4.82,grams,SCHWEFELDIOXIDE UND SULFITE,,,4.82,grams
Beef Shepherd's Pie Meat Base - enhanced,SUB-013392-4-001,,,,,,,,,,,,,,,,,,,,,"FA-DE Spice, Paprika /Gewürze, Paprika",SPI-00-139373-5,0.48,0.48,grams,,,,0.48,grams
Beef Shepherd's Pie Meat Base - enhanced,SUB-013392-4-001,,,,,,,,,,,,,,,,,,,,,"FA-DE Spice, Sea Salt /Gewürze, Meersalz",SPI-00-139378-5,0.7,0.7,grams,,,,0.7,grams
Beef Shepherd's Pie Meat Base - enhanced,SUB-013392-4-001,,,,,,,,,,,,,,,,,,,,,"FA-DE Spice, Black Pepper, Ground /Gewürz, schwarzer Pfeffer, gemahlen",SPI-00-139334-5,0.23,0.23,grams,,,,0.23,grams
Beef Shepherd's Pie Meat Base - enhanced,SUB-013392-4-001,Pork Shepherd's Pie Veg for Base,SUB-013391-4-001,23.25,grams,"BLAST CHILLER, OVEN",,,,,,,,,,,,,,,,"FA-DE Garlic, IQF, Diced 4 mm /Knoblauch, IQF, gewürfelt 4 mm",PHF-00-139237-1,3.97,3.97,grams,SCHWEFELDIOXIDE UND SULFITE,,0.79055,3.97,grams
Beef Shepherd's Pie Meat Base - enhanced,SUB-013392-4-001,Pork Shepherd's Pie Veg for Base,SUB-013391-4-001,23.25,grams,"BLAST CHILLER, OVEN",,,,,,,,,,,,,,,,"FA-DE Spice, Sea Salt /Gewürze, Meersalz",SPI-00-139378-5,0.11,0.11,grams,,,0.79055,0.11,grams
Beef Shepherd's Pie Meat Base - enhanced,SUB-013392-4-001,Pork Shepherd's Pie Veg for Base,SUB-013391-4-001,23.25,grams,"BLAST CHILLER, OVEN",,,,,,,,,,,,,,,,"FA-DE Spice, Black Pepper, Ground /Gewürz, schwarzer Pfeffer, gemahlen",SPI-00-139334-5,0.09,0.09,grams,,,0.79055,0.09,grams
Beef Shepherd's Pie Meat Base - enhanced,SUB-013392-4-001,Pork Shepherd's Pie Veg for Base,SUB-013391-4-001,23.25,grams,"BLAST CHILLER, OVEN",,,,,,,,,,,,,,,,"FA-DE Carrots, Diced 10mm /Karotten, gewürfelt, 10 mm",PHF-00-139186-3,7.09,7.09,grams,,,0.79055,7.09,grams
Beef Shepherd's Pie Meat Base - enhanced,SUB-013392-4-001,Pork Shepherd's Pie Veg for Base,SUB-013391-4-001,23.25,grams,"BLAST CHILLER, OVEN",,,,,,,,,,,,,,,,"FA-DE Oil, Olive /Öl, Olivenöl",PRO-00-139277-5,1.7,1.7,grams,,,0.79055,1.7,grams
Beef Shepherd's Pie Meat Base - enhanced,SUB-013392-4-001,Pork Shepherd's Pie Veg for Base,SUB-013391-4-001,23.25,grams,"BLAST CHILLER, OVEN",,,,,,,,,,,,,,,,"FA-DE Onion, Spanish, Diced 5mm /Zwiebel, Spanisch, gewürfelt 5 mm",PHF-00-139212-3,9.36,9.36,grams,,,0.79055,9.36,grams
Beef Shepherd's Pie Meat Base - enhanced,SUB-013392-4-001,Pork Shepherd's Pie Veg for Base,SUB-013391-4-001,23.25,grams,"BLAST CHILLER, OVEN",,,,,,,,,,,,,,,,"FA-DE Celery, Diced 5mm /Sellerie, gewürfelt 5 mm",PHF-00-139189-3,7.09,7.09,grams,SELLERIE,,0.79055,7.09,grams
Beef Shepherd's Pie Meat Base - enhanced,SUB-013392-4-001,,,,,,,,,,,,,,,,,,,,,"FA-DE Spice, Sage, Rubbed /Gewürz, Salbei, gerieben",SPI-00-139377-5,0.03,0.03,grams,,,,0.03,grams
Beef Shepherd's Pie Meat Base - enhanced,SUB-013392-4-001,,,,,,,,,,,,,,,,,,,,,FA-DE Water / Wasser,OTH-00-144038-5,23.53,23.53,grams,,,,23.53,grams
Beef Shepherd's Pie Meat Base - enhanced,SUB-013392-4-001,,,,,,,,,,,,,,,,,,,,,"FA-DE Spice, Mustard Seed Ground, Dry /Gewürz, Senfkörner gemahlen, Trockenmasse",SPI-00-139369-5,0.51,0.51,grams,SENF,,,0.51,grams
Beef Shepherd's Pie Meat Base - enhanced,SUB-013392-4-001,,,,,,,,,,,,,,,,,,,,,FA-DE Tomato Paste /Tomatenmark,PRO-00-139292-5,7.37,7.37,grams,,,,7.37,grams
Beef Shepherd's Pie Meat Base - enhanced,SUB-013392-4-001,,,,,,,,,,,,,,,,,,,,,"FA-DE Stock, Chicken, Reduced/Brühe, Huhn, Reduziert",PRO-00-139288-5,2.27,2.27,grams,,,,2.27,grams
Beef Shepherd's Pie Meat Base - enhanced,SUB-013392-4-001,,,,,,,,,,,,,,,,,,,,,"FA-DE Spice, Fennel Ground /Gewürz, Fenchel gemahlen",SPI-00-139351-5,0.07,0.07,grams,,,,0.07,grams
Beef Shepherd's Pie Meat Base - enhanced,SUB-013392-4-001,,,,,,,,,,,,,,,,,,,,,"FA-DE Parsley, Chopped /Petersilie, gehackt",PHF-00-139215-3,0.99,0.99,grams,,,,0.99,grams
Beef Shepherd's Pie Meat Base - enhanced,SUB-013392-4-001,,,,,,,,,,,,,,,,,,,,,"FA-DE Thyme, IQF /Thymian, IQF",PHF-00-139244-1,0.17,0.17,grams,,,,0.17,grams
Beef Shepherd's Pie Meat Base - enhanced,SUB-013392-4-001,,,,,,,,,,,,,,,,,,,,,"FA-DE Spice, Crushed Red Pepper Flakes /Gewürz, zerkleinerte rote Pfefferflocken",SPI-00-139344-5,0.03,0.03,grams,,,,0.03,grams
Beef Shepherd's Pie Meat Base - enhanced,SUB-013392-4-001,,,,,,,,,,,,,,,,,,,,,"FA-DE Rosemary, IQF /Rosmarin, IQF",PHF-00-139243-1,0.23,0.23,grams,,,,0.23,grams
Beef Shepherd's Pie Meat Base - enhanced,SUB-013392-4-001,Ground Beef - cooked,SUB-013435-4-001,106.31,grams,"BLAST CHILLER, BRAISER",,,,,,,,,,,,,,,,"FA-DE Beef, Ground, 80/20 /Rindfleisch, gemahlen, 80/20",PTN-00-139319-3,149.04,149.04,grams,,,0.71328,149.04,grams
Broccoli - Roasted S&P,SUB-016200-4-001,,,,,,,,,,,,,,,,,,,,,"FA-DE Spice, Black Pepper, Ground /Gewürz, schwarzer Pfeffer, gemahlen",SPI-00-139334-5,2.5,2.5,grams,,,,2.5,grams
Broccoli - Roasted S&P,SUB-016200-4-001,,,,,,,,,,,,,,,,,,,,,"FA-DE Spice, Garlic Powder, Toasted /Gewürz, Knoblauchpulver, geröstet",SPI-00-139354-5,2,2,grams,,,,2,grams
Broccoli - Roasted S&P,SUB-016200-4-001,,,,,,,,,,,,,,,,,,,,,"FA-DE Broccoli, Florets, /Brokkoli, Röschen",PHF-00-143425-3,706,706,grams,,,,706,grams
Broccoli - Roasted S&P,SUB-016200-4-001,,,,,,,,,,,,,,,,,,,,,"FA-DE Oil, Olive /Öl, Olivenöl",PRO-00-139277-5,51,51,grams,,,,51,grams
Broccoli - Roasted S&P,SUB-016200-4-001,,,,,,,,,,,,,,,,,,,,,"FA-DE Spice, Sea Salt /Gewürze, Meersalz",SPI-00-139378-5,3,3,grams,,,,3,grams
Broccoli - S&P Broccoli FLORETS - less salt,SUB-013822-4-001,,,,,,,,,,,,,,,,,,,,,"FA-DE Broccoli, Florets, /Brokkoli, Röschen",PHF-00-143425-3,775.64,775.64,grams,,,,775.64,grams
Broccoli - S&P Broccoli FLORETS - less salt,SUB-013822-4-001,Broccoli Marinade,SUB-031970-4-001,71.78,grams,IMMERSION BLENDER,,,,,,,,,,,,,,,,"FA-DE Spice, Sea Salt /Gewürze, Meersalz",SPI-00-139378-5,2.89,2.89,grams,,,0.97994,2.89,grams
Broccoli - S&P Broccoli FLORETS - less salt,SUB-013822-4-001,Broccoli Marinade,SUB-031970-4-001,71.78,grams,IMMERSION BLENDER,,,,,,,,,,,,,,,,"FA-DE Oil, Olive /Öl, Olivenöl",PRO-00-139277-5,65.16,65.16,grams,,,0.97994,65.16,grams
Broccoli - S&P Broccoli FLORETS - less salt,SUB-013822-4-001,Broccoli Marinade,SUB-031970-4-001,71.78,grams,IMMERSION BLENDER,,,,,,,,,,,,,,,,"FA-DE Spice, Garlic Powder, Toasted /Gewürz, Knoblauchpulver, geröstet",SPI-00-139354-5,2.32,2.32,grams,,,0.97994,2.32,grams
Broccoli - S&P Broccoli FLORETS - less salt,SUB-013822-4-001,Broccoli Marinade,SUB-031970-4-001,71.78,grams,IMMERSION BLENDER,,,,,,,,,,,,,,,,"FA-DE Spice, Black Pepper, Ground /Gewürz, schwarzer Pfeffer, gemahlen",SPI-00-139334-5,2.89,2.89,grams,,,0.97994,2.89,grams
Broccoli - Sesame Broccoli,SUB-016334-4-001,Roasted Garlic (use),SUB-013367-4-001,3.4,grams,"BLAST CHILLER, BRAISER, SPICE PORTIONING",,,,,,,,,,,,,,,,"FA-DE Garlic, Peeled, Whole Cloves [10kg] /Knoblauch, geschält, ganze Nelken [10kg]",PHF-00-139197-3,3.43,3.43,grams,,,0.56691,3.43,grams
Broccoli - Sesame Broccoli,SUB-016334-4-001,Roasted Garlic (use),SUB-013367-4-001,3.4,grams,"BLAST CHILLER, BRAISER, SPICE PORTIONING",,,,,,,,,,,,,,,,"FA-DE Oil, Olive /Öl, Olivenöl",PRO-00-139277-5,2.57,2.57,grams,,,0.56691,2.57,grams
Broccoli - Sesame Broccoli,SUB-016334-4-001,,,,,,,,,,,,,,,,,,,,,"FA-DE Oil, Sesame Seed, Toasted /Öl, Sesamsamen, geröstet",PRO-00-139280-5,4.3,4.3,grams,SESAMSAMEN,,,4.3,grams
Broccoli - Sesame Broccoli,SUB-016334-4-001,,,,,,,,,,,,,,,,,,,,,"FA-DE Broccoli, Florets, /Brokkoli, Röschen",PHF-00-143425-3,62.4,62.4,grams,,,,62.4,grams
Broccoli - Sesame Broccoli,SUB-016334-4-001,,,,,,,,,,,,,,,,,,,,,"FA-DE Spice, Sea Salt /Gewürze, Meersalz",SPI-00-139378-5,0.27,0.27,grams,,,,0.27,grams
Broccoli - Sesame Broccoli,SUB-016334-4-001,,,,,,,,,,,,,,,,,,,,,"FA-DE Spice, Sesame Seed, Roasted /Gewürz, Sesamsamen, geröstet",SPI-00-139379-5,0.9,0.9,grams,SESAMSAMEN,,,0.9,grams
Broccoli Marinade,SUB-031970-4-001,,,,,,,,,,,,,,,,,,,,,"FA-DE Spice, Sea Salt /Gewürze, Meersalz",SPI-00-139378-5,2.83,2.83,grams,,,,2.83,grams
Broccoli Marinade,SUB-031970-4-001,,,,,,,,,,,,,,,,,,,,,"FA-DE Oil, Olive /Öl, Olivenöl",PRO-00-139277-5,63.85,63.85,grams,,,,63.85,grams
Broccoli Marinade,SUB-031970-4-001,,,,,,,,,,,,,,,,,,,,,"FA-DE Spice, Garlic Powder, Toasted /Gewürz, Knoblauchpulver, geröstet",SPI-00-139354-5,2.27,2.27,grams,,,,2.27,grams
Broccoli Marinade,SUB-031970-4-001,,,,,,,,,,,,,,,,,,,,,"FA-DE Spice, Black Pepper, Ground /Gewürz, schwarzer Pfeffer, gemahlen",SPI-00-139334-5,2.83,2.83,grams,,,,2.83,grams
Brown Basmati Rice Cooked -NO SALT,SUB-030343-4-001,,,,,,,,,,,,,,,,,,,,,"FA-DE Rice, Basmati, Brown /Reis, Basmati, braun",DRY-00-139168-5,2730,2730,grams,,,,2730,grams
Brown Basmati Rice Cooked -NO SALT,SUB-030343-4-001,,,,,,,,,,,,,,,,,,,,,FA-DE Water / Wasser,OTH-00-144038-5,4090,4090,grams,,,,4090,grams
Brown Basmati Rice with GGS,SUB-014273-4-001,,,,,,,,,,,,,,,,,,,,,"FA-DE Ginger, IQF, Diced 4 mm /Ingwer, IQF, gewürfelt 4 mm",PHF-00-139238-1,7.62,7.62,grams,SCHWEFELDIOXIDE UND SULFITE,,,7.62,grams
Brown Basmati Rice with GGS,SUB-014273-4-001,,,,,,,,,,,,,,,,,,,,,"FA-DE Garlic, IQF, Diced 4 mm /Knoblauch, IQF, gewürfelt 4 mm",PHF-00-139237-1,7.62,7.62,grams,SCHWEFELDIOXIDE UND SULFITE,,,7.62,grams
Brown Basmati Rice with GGS,SUB-014273-4-001,,,,,,,,,,,,,,,,,,,,,"FA-DE Onion, Green, Sliced 5mm /Zwiebel, grün, in Scheiben geschnitten, 5 mm",PHF-00-149803-3,7.62,7.62,grams,,,,7.62,grams
Brown Basmati Rice with GGS,SUB-014273-4-001,,,,,,,,,,,,,,,,,,,,,"FA-DE Spice, Sea Salt /Gewürze, Meersalz",SPI-00-139378-5,0.52,0.52,grams,,,,0.52,grams
Brown Basmati Rice with GGS,SUB-014273-4-001,,,,,,,,,,,,,,,,,,,,,"FA-DE Rice, Basmati, Brown /Reis, Basmati, braun",DRY-00-139168-5,90.04,90.04,grams,,,,90.04,grams
Brown Basmati Rice with GGS,SUB-014273-4-001,,,,,,,,,,,,,,,,,,,,,FA-DE Water / Wasser,OTH-00-144038-5,133.2,133.2,grams,,,,133.2,grams
Burger Patty,SUB-031783-4-001,,,,,,,,,,,,,,,,,,,,,"FA-DE Beef, Ground, 80/20 /Rindfleisch, gemahlen, 80/20",PTN-00-139319-3,169.76,169.76,grams,,,,169.76,grams
Burger Patty,SUB-031783-4-001,Cooked Burger Veggies,SUB-031784-4-001,22.63,grams,"BLAST CHILLER, BRAISER, SPICE PORTIONING",,,,,,,,,,,,,,,,"FA-DE Onion, Spanish, Diced 5mm /Zwiebel, Spanisch, gewürfelt 5 mm",PHF-00-139212-3,8.35,8.35,grams,,,0.94991,8.35,grams
Burger Patty,SUB-031783-4-001,Cooked Burger Veggies,SUB-031784-4-001,22.63,grams,"BLAST CHILLER, BRAISER, SPICE PORTIONING",,,,,,,,,,,,,,,,"FA-DE Garlic, IQF, Diced 4 mm /Knoblauch, IQF, gewürfelt 4 mm",PHF-00-139237-1,4.77,4.77,grams,SCHWEFELDIOXIDE UND SULFITE,,0.94991,4.77,grams
Burger Patty,SUB-031783-4-001,Cooked Burger Veggies,SUB-031784-4-001,22.63,grams,"BLAST CHILLER, BRAISER, SPICE PORTIONING",,,,,,,,,,,,,,,,"FA-DE Oil, Olive /Öl, Olivenöl",PRO-00-139277-5,3.19,3.19,grams,,,0.94991,3.19,grams
Burger Patty,SUB-031783-4-001,Cooked Burger Veggies,SUB-031784-4-001,22.63,grams,"BLAST CHILLER, BRAISER, SPICE PORTIONING",,,,,,,,,,,,,,,,"FA-DE Spice, Garlic Granulated /Gewürz, Knoblauch granuliert",SPI-00-139353-5,2.39,2.39,grams,,,0.94991,2.39,grams
Burger Patty,SUB-031783-4-001,Cooked Burger Veggies,SUB-031784-4-001,22.63,grams,"BLAST CHILLER, BRAISER, SPICE PORTIONING",,,,,,,,,,,,,,,,"FA-DE Spice, Onion Granulated /Gewürze, Zwiebeln granuliert",SPI-00-139370-5,4.77,4.77,grams,,,0.94991,4.77,grams
Burger Patty,SUB-031783-4-001,Cooked Burger Veggies,SUB-031784-4-001,22.63,grams,"BLAST CHILLER, BRAISER, SPICE PORTIONING",,,,,,,,,,,,,,,,"FA-DE Spice, Sea Salt /Gewürze, Meersalz",SPI-00-139378-5,0.35,0.35,grams,,,0.94991,0.35,grams
Burger Patty,SUB-031783-4-001,Burger Stock,SUB-031810-4-001,17.61,grams,IMMERSION BLENDER,,,,,,,,,,,,,,,,FA-DE Water / Wasser,OTH-00-144038-5,16.07,16.07,grams,,,0.98807,16.07,grams
Burger Patty,SUB-031783-4-001,Burger Stock,SUB-031810-4-001,17.61,grams,IMMERSION BLENDER,,,,,,,,,,,,,,,,"FA-DE Stock, Chicken, Reduced/Brühe, Huhn, Reduziert",PRO-00-139288-5,1.14,1.14,grams,,,0.98807,1.14,grams
Burger Patty,SUB-031783-4-001,Burger Stock,SUB-031810-4-001,17.61,grams,IMMERSION BLENDER,,,,,,,,,,,,,,,,"FA-DE Spice, Sea Salt /Gewürze, Meersalz",SPI-00-139378-5,0.61,0.61,grams,,,0.98807,0.61,grams
Burger Stock,SUB-031810-4-001,,,,,,,,,,,,,,,,,,,,,FA-DE Water / Wasser,OTH-00-144038-5,15.88,15.88,grams,,,,15.88,grams
Burger Stock,SUB-031810-4-001,,,,,,,,,,,,,,,,,,,,,"FA-DE Stock, Chicken, Reduced/Brühe, Huhn, Reduziert",PRO-00-139288-5,1.13,1.13,grams,,,,1.13,grams
Burger Stock,SUB-031810-4-001,,,,,,,,,,,,,,,,,,,,,"FA-DE Spice, Sea Salt /Gewürze, Meersalz",SPI-00-139378-5,0.6,0.6,grams,,,,0.6,grams
Cabbage - Cheesy Cabbage Casserole,SUB-013771-4-001,,,,,,,,,,,,,,,,,,,,,"FA-DE Cheese, Red Cheddar/Käse, Roter Cheddar",DAI-00-139129-3,9.35,9.35,grams,MILCH (EINSCHLIESSLICH LAKTOSE),,,9.35,grams
Cabbage - Cheesy Cabbage Casserole,SUB-013771-4-001,,,,,,,,,,,,,,,,,,,,,"FA-DE Onion, Spanish, Diced 5mm /Zwiebel, Spanisch, gewürfelt 5 mm",PHF-00-139212-3,8.5,8.5,grams,,,,8.5,grams
Cabbage - Cheesy Cabbage Casserole,SUB-013771-4-001,,,,,,,,,,,,,,,,,,,,,"FA-DE Spice, Onion Granulated /Gewürze, Zwiebeln granuliert",SPI-00-139370-5,0.28,0.28,grams,,,,0.28,grams
Cabbage - Cheesy Cabbage Casserole,SUB-013771-4-001,,,,,,,,,,,,,,,,,,,,,"FA-DE Cabbage, Green, Shredded 5mm / Wirsing, geschnitten, 5 mm",PHF-00-139188-3,53,53,grams,,,,53,grams
Cabbage - Cheesy Cabbage Casserole,SUB-013771-4-001,,,,,,,,,,,,,,,,,,,,,"FA-DE Spice, Black Pepper, Ground /Gewürz, schwarzer Pfeffer, gemahlen",SPI-00-139334-5,0.28,0.28,grams,,,,0.28,grams
Cabbage - Cheesy Cabbage Casserole,SUB-013771-4-001,,,,,,,,,,,,,,,,,,,,,"FA-DE Spice, Sea Salt /Gewürze, Meersalz",SPI-00-139378-5,0.28,0.28,grams,,,,0.28,grams
Cabbage - Cheesy Cabbage Casserole,SUB-013771-4-001,,,,,,,,,,,,,,,,,,,,,"FA-DE Stock, Chicken, Reduced/Brühe, Huhn, Reduziert",PRO-00-139288-5,0.57,0.57,grams,,,,0.57,grams
Cabbage - Cheesy Cabbage Casserole,SUB-013771-4-001,,,,,,,,,,,,,,,,,,,,,"FA-DE Spice, Garlic Granulated /Gewürz, Knoblauch granuliert",SPI-00-139353-5,0.28,0.28,grams,,,,0.28,grams
Cabbage - Cheesy Cabbage Casserole,SUB-013771-4-001,,,,,,,,,,,,,,,,,,,,,"FA-DE Cheese, Cream, 13% Fat (Milk) /Käse, Sahne, 13% Fett",DAI-00-139122-3,7.37,7.37,grams,MILCH (EINSCHLIESSLICH LAKTOSE),,,7.37,grams
Cabbage - Cheesy Cabbage Casserole,SUB-013771-4-001,,,,,,,,,,,,,,,,,,,,,"FA-DE Oil, Olive /Öl, Olivenöl",PRO-00-139277-5,6.8,6.8,grams,,,,6.8,grams
Cabbage - Cheesy Cabbage Casserole,SUB-013771-4-001,,,,,,,,,,,,,,,,,,,,,FA-DE Sour Cream /Sauerrahm,DAI-00-139141-3,12.19,12.19,grams,MILCH (EINSCHLIESSLICH LAKTOSE),,,12.19,grams
Cabbage - Cheesy Cabbage Casserole,SUB-013771-4-001,,,,,,,,,,,,,,,,,,,,,FA-DE Heavy Cream 35% /Sahne 35%,DAI-00-148167-3,14.74,14.74,grams,MILCH (EINSCHLIESSLICH LAKTOSE),,,14.74,grams
Cabbage - Roasted Green Cabbage,SUB-013919-4-001,,,,,,,,,,,,,,,,,,,,,"FA-DE Spice, Sea Salt /Gewürze, Meersalz",SPI-00-139378-5,0.28,0.28,grams,,,,0.28,grams
Cabbage - Roasted Green Cabbage,SUB-013919-4-001,,,,,,,,,,,,,,,,,,,,,"FA-DE Garlic, IQF, Diced 4 mm /Knoblauch, IQF, gewürfelt 4 mm",PHF-00-139237-1,1.7,1.7,grams,SCHWEFELDIOXIDE UND SULFITE,,,1.7,grams
Cabbage - Roasted Green Cabbage,SUB-013919-4-001,,,,,,,,,,,,,,,,,,,,,"FA-DE Cabbage, Green, Shredded 5mm / Wirsing, geschnitten, 5 mm",PHF-00-139188-3,58.12,58.12,grams,,,,58.12,grams
Cabbage - Roasted Green Cabbage,SUB-013919-4-001,,,,,,,,,,,,,,,,,,,,,"FA-DE Oil, Olive /Öl, Olivenöl",PRO-00-139277-5,4.82,4.82,grams,,,,4.82,grams
Cabbage - Roasted Green Cabbage,SUB-013919-4-001,,,,,,,,,,,,,,,,,,,,,"FA-DE Spice, Onion Granulated /Gewürze, Zwiebeln granuliert",SPI-00-139370-5,0.28,0.28,grams,,,,0.28,grams
Capers,SUB-032499-4-001,,,,,,,,,,,,,,,,,,,,,"FA-DE Capers, Preserved/Kapern, konserviert",PRO-00-139257-5,7,7,grams,,,,7,grams
Cauliflower - Chili-Garlic Cauliflower Florets,SUB-013454-4-001,,,,,,,,,,,,,,,,,,,,,"FA-DE Cauliflower, Florets /Blumenkohl, Röschen",PHF-00-143426-3,119.63,119.63,grams,,,,119.63,grams
Cauliflower - Chili-Garlic Cauliflower Florets,SUB-013454-4-001,,,,,,,,,,,,,,,,,,,,,"FA-DE Oil, Olive /Öl, Olivenöl",PRO-00-139277-5,8.72,8.72,grams,,,,8.72,grams
Cauliflower - Chili-Garlic Cauliflower Florets,SUB-013454-4-001,,,,,,,,,,,,,,,,,,,,,"FA-DE Garlic, IQF, Diced 4 mm /Knoblauch, IQF, gewürfelt 4 mm",PHF-00-139237-1,3.97,3.97,grams,SCHWEFELDIOXIDE UND SULFITE,,,3.97,grams
Cauliflower - Chili-Garlic Cauliflower Florets,SUB-013454-4-001,,,,,,,,,,,,,,,,,,,,,"FA-DE Spice, Sea Salt /Gewürze, Meersalz",SPI-00-139378-5,0.57,0.57,grams,,,,0.57,grams
Cauliflower - Chili-Garlic Cauliflower Florets,SUB-013454-4-001,,,,,,,,,,,,,,,,,,,,,"FA-DE Spice, Onion Powder, Toasted /Gewürze, Zwiebelpulver, geröstet",SPI-00-139371-5,0.28,0.28,grams,,,,0.28,grams
Cauliflower - Chili-Garlic Cauliflower Florets,SUB-013454-4-001,,,,,,,,,,,,,,,,,,,,,"FA-DE Spice, Black Pepper, Ground /Gewürz, schwarzer Pfeffer, gemahlen",SPI-00-139334-5,0.28,0.28,grams,,,,0.28,grams
Cauliflower - Chili-Garlic Cauliflower Florets,SUB-013454-4-001,,,,,,,,,,,,,,,,,,,,,"FA-DE Spice, Gochugaru Chili Pepper Flakes /Gewürz, Gochugaru-Chili-Pfefferflocken",SPI-00-139356-5,0.28,0.28,grams,,,,0.28,grams
Cauliflower Gratin- No Onions,SUB-014177-4-001,,,,,,,,,,,,,,,,,,,,,"FA-DE Oil, Olive /Öl, Olivenöl",PRO-00-139277-5,4.5,4.5,grams,,,,4.5,grams
Cauliflower Gratin- No Onions,SUB-014177-4-001,,,,,,,,,,,,,,,,,,,,,"FA-DE Cauliflower, Riced, IQF /Blumenkohl, Reis, IQF",PHF-00-139233-1,52,52,grams,,,,52,grams
Cauliflower Gratin- No Onions,SUB-014177-4-001,,,,,,,,,,,,,,,,,,,,,FA-DE Heavy Cream 20% /Sahne 20%,DAI-00-139137-3,17.9,17.9,grams,MILCH (EINSCHLIESSLICH LAKTOSE),,,17.9,grams
Cauliflower Gratin- No Onions,SUB-014177-4-001,Roasted Garlic (use),SUB-013367-4-001,1.7,grams,"BLAST CHILLER, BRAISER, SPICE PORTIONING",,,,,,,,,,,,,,,,"FA-DE Garlic, Peeled, Whole Cloves [10kg] /Knoblauch, geschält, ganze Nelken [10kg]",PHF-00-139197-3,1.71,1.71,grams,,,0.56691,1.71,grams
Cauliflower Gratin- No Onions,SUB-014177-4-001,Roasted Garlic (use),SUB-013367-4-001,1.7,grams,"BLAST CHILLER, BRAISER, SPICE PORTIONING",,,,,,,,,,,,,,,,"FA-DE Oil, Olive /Öl, Olivenöl",PRO-00-139277-5,1.29,1.29,grams,,,0.56691,1.29,grams
Cauliflower Gratin- No Onions,SUB-014177-4-001,,,,,,,,,,,,,,,,,,,,,"FA-DE Cheese, Mozzarella, Shredded /Käse, Mozzarella, gerieben",DAI-00-139125-3,13.5,13.5,grams,MILCH (EINSCHLIESSLICH LAKTOSE),,,13.5,grams
Cauliflower Gratin- No Onions,SUB-014177-4-001,,,,,,,,,,,,,,,,,,,,,"FA-DE Spice, Sea Salt /Gewürze, Meersalz",SPI-00-139378-5,0.28,0.28,grams,,,,0.28,grams
Cauliflower Gratin- No Onions,SUB-014177-4-001,,,,,,,,,,,,,,,,,,,,,"FA-DE Parsley, Chopped /Petersilie, gehackt",PHF-00-139215-3,1.7,1.7,grams,,,,1.7,grams
Cauliflower Gratin- No Onions,SUB-014177-4-001,,,,,,,,,,,,,,,,,,,,,"FA-DE Cheese, Cream, 13% Fat (Milk) /Käse, Sahne, 13% Fett",DAI-00-139122-3,7.09,7.09,grams,MILCH (EINSCHLIESSLICH LAKTOSE),,,7.09,grams
Cauliflower rice - Cilantro and Lime Cauliflower Rice - BA,SUB-013733-4-001,,,,,,,,,,,,,,,,,,,,,"FA-DE Spice, Black Pepper, Ground /Gewürz, schwarzer Pfeffer, gemahlen",SPI-00-139334-5,0.29,0.29,grams,,,,0.29,grams
Cauliflower rice - Cilantro and Lime Cauliflower Rice - BA,SUB-013733-4-001,,,,,,,,,,,,,,,,,,,,,"FA-DE Juice, Lime /Saft, Limette",PRO-00-139268-5,4.25,4.25,grams,,,,4.25,grams
Cauliflower rice - Cilantro and Lime Cauliflower Rice - BA,SUB-013733-4-001,Roasted Garlic oil,SUB-013367-4-002,42.52,grams,"BLAST CHILLER, OVEN",,,,,,,,,,,,,,,,"FA-DE Garlic, Peeled, Whole Cloves [10kg] /Knoblauch, geschält, ganze Nelken [10kg]",PHF-00-139197-3,58.55,58.55,grams,,,0.415,58.55,grams
Cauliflower rice - Cilantro and Lime Cauliflower Rice - BA,SUB-013733-4-001,Roasted Garlic oil,SUB-013367-4-002,42.52,grams,"BLAST CHILLER, OVEN",,,,,,,,,,,,,,,,"FA-DE Oil, Olive /Öl, Olivenöl",PRO-00-139277-5,43.91,43.91,grams,,,0.415,43.91,grams
Cauliflower rice - Cilantro and Lime Cauliflower Rice - BA,SUB-013733-4-001,,,,,,,,,,,,,,,,,,,,,"FA-DE Spice, Sea Salt /Gewürze, Meersalz",SPI-00-139378-5,2,2,grams,,,,2,grams
Cauliflower rice - Cilantro and Lime Cauliflower Rice - BA,SUB-013733-4-001,,,,,,,,,,,,,,,,,,,,,"FA-DE Cauliflower, Riced, IQF /Blumenkohl, Reis, IQF",PHF-00-139233-1,527.3,527.3,grams,,,,527.3,grams
Cauliflower rice - Cilantro and Lime Cauliflower Rice - BA,SUB-013733-4-001,,,,,,,,,,,,,,,,,,,,,"FA-DE Coriander, Chopped /Koriander, gehackt",PHF-00-139192-3,28.35,28.35,grams,,,,28.35,grams
Chicken Breast - BRINED 160g,SUB-013527-4-001,,,,,,,,,,,,,,,,,,,,,"FA-DE Chicken, Breast, B/S - 160g/Hähnchen, Brust, B/S – 160 g",PTN-00-139317-3,1700,1700,grams,,,,1700,grams
Chicken Breast - BRINED 160g,SUB-013527-4-001,,,,,,,,,,,,,,,,,,,,,FA-DE Water / Wasser,OTH-00-144038-5,1700,1700,grams,,,,1700,grams
Chicken Breast - BRINED 160g,SUB-013527-4-001,,,,,,,,,,,,,,,,,,,,,"FA-DE Spice, Sea Salt /Gewürze, Meersalz",SPI-00-139378-5,15.03,15.03,grams,,,,15.03,grams
Chicken CHUNKS - BRINED,SUB-013451-4-001,,,,,,,,,,,,,,,,,,,,,FA-DE Water / Wasser,OTH-00-144038-5,1700,1700,grams,,,,1700,grams
Chicken CHUNKS - BRINED,SUB-013451-4-001,,,,,,,,,,,,,,,,,,,,,"FA-DE Spice, Sea Salt /Gewürze, Meersalz",SPI-00-139378-5,15,15,grams,,,,15,grams
Chicken CHUNKS - BRINED,SUB-013451-4-001,,,,,,,,,,,,,,,,,,,,,"FA-DE Chicken Breast, Chunked, Boneless Skinless /Hähnchenbrust, in Stücken, ohne Knochen und ohne Haut",PTN-00-139314-3,1700,1700,grams,,,,1700,grams
Chicken Thighs - BRINED,SUB-013532-4-001,,,,,,,,,,,,,,,,,,,,,"FA-DE Chicken, Thighs, Boneless Skinless /Hähnchen, Oberschenkel, ohne Knochen und ohne Haut",PTN-00-139343-3,1700,1700,grams,,,,1700,grams
Chicken Thighs - BRINED,SUB-013532-4-001,,,,,,,,,,,,,,,,,,,,,FA-DE Water / Wasser,OTH-00-144038-5,1700,1700,grams,,,,1700,grams
Chicken Thighs - BRINED,SUB-013532-4-001,,,,,,,,,,,,,,,,,,,,,"FA-DE Spice, Sea Salt /Gewürze, Meersalz",SPI-00-139378-5,15,15,grams,,,,15,grams
Chicken breast - Herb Grilled Chicken Breast,SUB-013545-4-001,Chicken Breast - BRINED 160g,SUB-013527-4-001,160,grams,BRINE,,,,,,,,,,,,,,,,"FA-DE Chicken, Breast, B/S - 160g/Hähnchen, Brust, B/S – 160 g",PTN-00-139317-3,160,160,grams,,,0.4978,160,grams
Chicken breast - Herb Grilled Chicken Breast,SUB-013545-4-001,Chicken Breast - BRINED 160g,SUB-013527-4-001,160,grams,BRINE,,,,,,,,,,,,,,,,FA-DE Water / Wasser,OTH-00-144038-5,160,160,grams,,,0.4978,160,grams
Chicken breast - Herb Grilled Chicken Breast,SUB-013545-4-001,Chicken Breast - BRINED 160g,SUB-013527-4-001,160,grams,BRINE,,,,,,,,,,,,,,,,"FA-DE Spice, Sea Salt /Gewürze, Meersalz",SPI-00-139378-5,1.41,1.41,grams,,,0.4978,1.41,grams
Chicken breast - Herb Grilled Chicken Breast,SUB-013545-4-001,Herb marinade for Herb grilled Chicken Breast,SUB-031653-4-001,6.24,grams,UNCATEGORIZED BOM,,,,,,,,,,,,,,,,"FA-DE Spice, Sea Salt /Gewürze, Meersalz",SPI-00-139378-5,0.12,0.12,grams,,,0.99679,0.12,grams
Chicken breast - Herb Grilled Chicken Breast,SUB-013545-4-001,Herb marinade for Herb grilled Chicken Breast,SUB-031653-4-001,6.24,grams,UNCATEGORIZED BOM,Roasted Garlic oil,SUB-013367-4-002,6.02,grams,"BLAST CHILLER, OVEN",,,,,,,,,,,"FA-DE Garlic, Peeled, Whole Cloves [10kg] /Knoblauch, geschält, ganze Nelken [10kg]",PHF-00-139197-3,8.29,8.29,grams,,,0.415,8.29,grams
Chicken breast - Herb Grilled Chicken Breast,SUB-013545-4-001,Herb marinade for Herb grilled Chicken Breast,SUB-031653-4-001,6.24,grams,UNCATEGORIZED BOM,Roasted Garlic oil,SUB-013367-4-002,6.02,grams,"BLAST CHILLER, OVEN",,,,,,,,,,,"FA-DE Oil, Olive /Öl, Olivenöl",PRO-00-139277-5,6.22,6.22,grams,,,0.415,6.22,grams
Chicken breast - Herb Grilled Chicken Breast,SUB-013545-4-001,Herb marinade for Herb grilled Chicken Breast,SUB-031653-4-001,6.24,grams,UNCATEGORIZED BOM,,,,,,,,,,,,,,,,"FA-DE Spice, Italian Seasoning /Gewürze, italienische Gewürze",SPI-00-139359-5,0.12,0.12,grams,,,0.99679,0.12,grams
Chicken breast - Sun-Dried Tomato Chicken Batch - Grilled 160g,SUB-013572-4-001,,,,,,,,,,,,,,,,,,,,,"FA-DE Spice, Black Pepper, Ground /Gewürz, schwarzer Pfeffer, gemahlen",SPI-00-139334-5,0.14,0.14,grams,,,,0.14,grams
Chicken breast - Sun-Dried Tomato Chicken Batch - Grilled 160g,SUB-013572-4-001,,,,,,,,,,,,,,,,,,,,,"FA-DE Spice, Oregano Dry /Gewürz, Oregano trocken",SPI-00-139372-5,0.14,0.14,grams,,,,0.14,grams
Chicken breast - Sun-Dried Tomato Chicken Batch - Grilled 160g,SUB-013572-4-001,,,,,,,,,,,,,,,,,,,,,"FA-DE Spice, Onion Granulated /Gewürze, Zwiebeln granuliert",SPI-00-139370-5,0.23,0.23,grams,,,,0.23,grams
Chicken breast - Sun-Dried Tomato Chicken Batch - Grilled 160g,SUB-013572-4-001,,,,,,,,,,,,,,,,,,,,,"FA-DE Spice, Crushed Red Pepper Flakes /Gewürz, zerkleinerte rote Pfefferflocken",SPI-00-139344-5,0.09,0.09,grams,,,,0.09,grams
Chicken breast - Sun-Dried Tomato Chicken Batch - Grilled 160g,SUB-013572-4-001,,,,,,,,,,,,,,,,,,,,,"FA-DE Spice, Garlic Granulated /Gewürz, Knoblauch granuliert",SPI-00-139353-5,0.43,0.43,grams,,,,0.43,grams
Chicken breast - Sun-Dried Tomato Chicken Batch - Grilled 160g,SUB-013572-4-001,,,,,,,,,,,,,,,,,,,,,"FA-DE Vinegar, Red Wine /Essig, Rotwein",PRO-00-139301-5,2.3,2.3,grams,,,,2.3,grams
Chicken breast - Sun-Dried Tomato Chicken Batch - Grilled 160g,SUB-013572-4-001,Chicken Breast - BRINED 160g,SUB-013527-4-001,160,grams,BRINE,,,,,,,,,,,,,,,,"FA-DE Chicken, Breast, B/S - 160g/Hähnchen, Brust, B/S – 160 g",PTN-00-139317-3,160,160,grams,,,0.4978,160,grams
Chicken breast - Sun-Dried Tomato Chicken Batch - Grilled 160g,SUB-013572-4-001,Chicken Breast - BRINED 160g,SUB-013527-4-001,160,grams,BRINE,,,,,,,,,,,,,,,,FA-DE Water / Wasser,OTH-00-144038-5,160,160,grams,,,0.4978,160,grams
Chicken breast - Sun-Dried Tomato Chicken Batch - Grilled 160g,SUB-013572-4-001,Chicken Breast - BRINED 160g,SUB-013527-4-001,160,grams,BRINE,,,,,,,,,,,,,,,,"FA-DE Spice, Sea Salt /Gewürze, Meersalz",SPI-00-139378-5,1.41,1.41,grams,,,0.4978,1.41,grams
Chicken breast - Sun-Dried Tomato Chicken Batch - Grilled 160g,SUB-013572-4-001,,,,,,,,,,,,,,,,,,,,,"FA-DE Parsley, Chopped /Petersilie, gehackt",PHF-00-139215-3,0.46,0.46,grams,,,,0.46,grams
Chicken breast - Sun-Dried Tomato Chicken Batch - Grilled 160g,SUB-013572-4-001,,,,,,,,,,,,,,,,,,,,,"FA-DE Oil, Olive /Öl, Olivenöl",PRO-00-139277-5,6.8,6.8,grams,,,,6.8,grams
Chicken breast - Sun-Dried Tomato Chicken Batch - Grilled 160g,SUB-013572-4-001,Basil - Picked Basil Leaves,SUB-013424-4-001,0.57,grams,"DEBOX, STAGING",,,,,,,,,,,,,,,,"FA-DE Basil, Fresh /Basilikum, frisch",PHF-00-139175-3,1.02,1.02,grams,,,0.55986,1.02,grams
Chickpeas - BBQ Chickpeas,SUB-013931-4-001,Steamed Chickpeas,SUB-013920-4-001,73.14,grams,"BLAST CHILLER, OVEN",,,,,,,,,,,,,,,,"FA-DE Beans, Chickpeas/Garbanzo, Aseptic /Bohnen, Kichererbsen, aseptisch",PRO-00-139252-5,126.17,73.18,grams,,,0.99945,73.18,grams
Chickpeas - BBQ Chickpeas,SUB-013931-4-001,Sauce - Maple BBQ Sauce,SUB-013524-4-001,41.11,grams,"BLAST CHILLER, BRAISER, IMMERSION BLENDER, SPICE PORTIONING",,,,,,,,,,,,,,,,"FA-DE Spice, Chili Powder /Gewürz, Chilipulver",SPI-00-139340-5,0.65,0.65,grams,,,0.92067,0.65,grams
Chickpeas - BBQ Chickpeas,SUB-013931-4-001,Sauce - Maple BBQ Sauce,SUB-013524-4-001,41.11,grams,"BLAST CHILLER, BRAISER, IMMERSION BLENDER, SPICE PORTIONING",,,,,,,,,,,,,,,,FA-DE Maple Syrup/Ahornsirup,PRO-00-139270-5,5.2,5.2,grams,,,0.92067,5.2,grams
Chickpeas - BBQ Chickpeas,SUB-013931-4-001,Sauce - Maple BBQ Sauce,SUB-013524-4-001,41.11,grams,"BLAST CHILLER, BRAISER, IMMERSION BLENDER, SPICE PORTIONING",,,,,,,,,,,,,,,,"FA-DE Spice, Garlic Powder, Toasted /Gewürz, Knoblauchpulver, geröstet",SPI-00-139354-5,0.52,0.52,grams,,,0.92067,0.52,grams
Chickpeas - BBQ Chickpeas,SUB-013931-4-001,Sauce - Maple BBQ Sauce,SUB-013524-4-001,41.11,grams,"BLAST CHILLER, BRAISER, IMMERSION BLENDER, SPICE PORTIONING",,,,,,,,,,,,,,,,"FA-DE Vinegar, Apple Cider /Essig, Apfelwein",PRO-00-139299-5,1.95,1.95,grams,,,0.92067,1.95,grams
Chickpeas - BBQ Chickpeas,SUB-013931-4-001,Sauce - Maple BBQ Sauce,SUB-013524-4-001,41.11,grams,"BLAST CHILLER, BRAISER, IMMERSION BLENDER, SPICE PORTIONING",,,,,,,,,,,,,,,,"FA-DE Spice, Black Pepper, Ground /Gewürz, schwarzer Pfeffer, gemahlen",SPI-00-139334-5,0.26,0.26,grams,,,0.92067,0.26,grams
Chickpeas - BBQ Chickpeas,SUB-013931-4-001,Sauce - Maple BBQ Sauce,SUB-013524-4-001,41.11,grams,"BLAST CHILLER, BRAISER, IMMERSION BLENDER, SPICE PORTIONING",Roasted Garlic (use),SUB-013367-4-001,2.6,grams,"BLAST CHILLER, BRAISER, SPICE PORTIONING",,,,,,,,,,,"FA-DE Garlic, Peeled, Whole Cloves [10kg] /Knoblauch, geschält, ganze Nelken [10kg]",PHF-00-139197-3,2.62,2.62,grams,,,0.56691,2.62,grams
Chickpeas - BBQ Chickpeas,SUB-013931-4-001,Sauce - Maple BBQ Sauce,SUB-013524-4-001,41.11,grams,"BLAST CHILLER, BRAISER, IMMERSION BLENDER, SPICE PORTIONING",Roasted Garlic (use),SUB-013367-4-001,2.6,grams,"BLAST CHILLER, BRAISER, SPICE PORTIONING",,,,,,,,,,,"FA-DE Oil, Olive /Öl, Olivenöl",PRO-00-139277-5,1.96,1.96,grams,,,0.56691,1.96,grams
Chickpeas - BBQ Chickpeas,SUB-013931-4-001,Sauce - Maple BBQ Sauce,SUB-013524-4-001,41.11,grams,"BLAST CHILLER, BRAISER, IMMERSION BLENDER, SPICE PORTIONING",,,,,,,,,,,,,,,,"FA-DE Tomatoes, Concentrated Crushed /Tomaten, konzentriert, zerkleinert",PRO-00-139293-5,31.21,31.21,grams,,,0.92067,31.21,grams
Chickpeas - BBQ Chickpeas,SUB-013931-4-001,Sauce - Maple BBQ Sauce,SUB-013524-4-001,41.11,grams,"BLAST CHILLER, BRAISER, IMMERSION BLENDER, SPICE PORTIONING",,,,,,,,,,,,,,,,"FA-DE Spice, Sea Salt /Gewürze, Meersalz",SPI-00-139378-5,0.22,0.22,grams,,,0.92067,0.22,grams
Chickpeas - BBQ Chickpeas,SUB-013931-4-001,Sauce - Maple BBQ Sauce,SUB-013524-4-001,41.11,grams,"BLAST CHILLER, BRAISER, IMMERSION BLENDER, SPICE PORTIONING",,,,,,,,,,,,,,,,FA-DE Date Paste/Dattelpaste,PRO-00-152099-5,0.1,0.1,grams,,,0.92067,0.1,grams
Chickpeas - BBQ Chickpeas,SUB-013931-4-001,Sauce - Maple BBQ Sauce,SUB-013524-4-001,41.11,grams,"BLAST CHILLER, BRAISER, IMMERSION BLENDER, SPICE PORTIONING",,,,,,,,,,,,,,,,FA-DE Tomato Paste /Tomatenmark,PRO-00-139292-5,1.95,1.95,grams,,,0.92067,1.95,grams
Chickpeas - BBQ Chickpeas,SUB-013931-4-001,Mixed peppers - Roasted diced red and green bell peppers,SUB-013633-4-001,27.5,grams,"BLAST CHILLER, OVEN",,,,,,,,,,,,,,,,"FA-DE Spice, Garlic Granulated /Gewürz, Knoblauch granuliert",SPI-00-139353-5,0.25,0.25,grams,,,0.72668,0.25,grams
Chickpeas - BBQ Chickpeas,SUB-013931-4-001,Mixed peppers - Roasted diced red and green bell peppers,SUB-013633-4-001,27.5,grams,"BLAST CHILLER, OVEN",,,,,,,,,,,,,,,,"FA-DE Spice, Black Pepper, Ground /Gewürz, schwarzer Pfeffer, gemahlen",SPI-00-139334-5,0.25,0.25,grams,,,0.72668,0.25,grams
Chickpeas - BBQ Chickpeas,SUB-013931-4-001,Mixed peppers - Roasted diced red and green bell peppers,SUB-013633-4-001,27.5,grams,"BLAST CHILLER, OVEN",,,,,,,,,,,,,,,,"FA-DE Garlic, IQF, Diced 4 mm /Knoblauch, IQF, gewürfelt 4 mm",PHF-00-139237-1,1.26,1.26,grams,SCHWEFELDIOXIDE UND SULFITE,,0.72668,1.26,grams
Chickpeas - BBQ Chickpeas,SUB-013931-4-001,Mixed peppers - Roasted diced red and green bell peppers,SUB-013633-4-001,27.5,grams,"BLAST CHILLER, OVEN",,,,,,,,,,,,,,,,"FA-DE Oil, Olive /Öl, Olivenöl",PRO-00-139277-5,1.26,1.26,grams,,,0.72668,1.26,grams
Chickpeas - BBQ Chickpeas,SUB-013931-4-001,Mixed peppers - Roasted diced red and green bell peppers,SUB-013633-4-001,27.5,grams,"BLAST CHILLER, OVEN",,,,,,,,,,,,,,,,"FA-DE Spice, Sea Salt /Gewürze, Meersalz",SPI-00-139378-5,0.12,0.12,grams,,,0.72668,0.12,grams
Chickpeas - BBQ Chickpeas,SUB-013931-4-001,Mixed peppers - Roasted diced red and green bell peppers,SUB-013633-4-001,27.5,grams,"BLAST CHILLER, OVEN",,,,,,,,,,,,,,,,"FA-DE Bell Peppers, Green, Diced 10mm /Paprika, grün, gewürfelt 10 mm",PHF-00-139176-3,17.35,17.35,grams,,,0.72668,17.35,grams
Chickpeas - BBQ Chickpeas,SUB-013931-4-001,Mixed peppers - Roasted diced red and green bell peppers,SUB-013633-4-001,27.5,grams,"BLAST CHILLER, OVEN",,,,,,,,,,,,,,,,"FA-DE Bell Peppers, Red, Diced 10mm /Paprika, rot, gewürfelt 10 mm",PHF-00-139179-3,17.35,17.35,grams,,,0.72668,17.35,grams
Chive-Garlic Butter,SUB-014218-4-001,,,,,,,,,,,,,,,,,,,,,"FA-DE Spice, Leek Powder /Gewürz, Lauchpulver",SPI-00-139361-5,0.12,0.12,grams,,,,0.12,grams
Chive-Garlic Butter,SUB-014218-4-001,,,,,,,,,,,,,,,,,,,,,"FA-DE Spice, Black Pepper, Ground /Gewürz, schwarzer Pfeffer, gemahlen",SPI-00-139334-5,0.08,0.08,grams,,,,0.08,grams
Chive-Garlic Butter,SUB-014218-4-001,,,,,,,,,,,,,,,,,,,,,"FA-DE Spice, Sea Salt /Gewürze, Meersalz",SPI-00-139378-5,0.15,0.15,grams,,,,0.15,grams
Chive-Garlic Butter,SUB-014218-4-001,,,,,,,,,,,,,,,,,,,,,"FA-DE Butter, Unsalted /Butter, ungesalzen",DAI-00-139146-3,12.35,12.35,grams,MILCH (EINSCHLIESSLICH LAKTOSE),,,12.35,grams
Chive-Garlic Butter,SUB-014218-4-001,,,,,,,,,,,,,,,,,,,,,"FA-DE Chives, Dried /Schnittlauch, getrocknet",SPI-00-139322-5,0.12,0.12,grams,,,,0.12,grams
Chive-Garlic Butter,SUB-014218-4-001,,,,,,,,,,,,,,,,,,,,,"FA-DE Spice, Minced Garlic, Toasted, Dry /Gewürz, gehackter Knoblauch, geröstet, trocken",SPI-00-139367-5,0.31,0.31,grams,,,,0.31,grams
Compound butter - Chili-Garlic Butter - master batch,SUB-014054-4-001,,,,,,,,,,,,,,,,,,,,,"FA-DE Spice, Minced Garlic, Toasted, Dry /Gewürz, gehackter Knoblauch, geröstet, trocken",SPI-00-139367-5,1880,1880,grams,,,,1880,grams
Compound butter - Chili-Garlic Butter - master batch,SUB-014054-4-001,,,,,,,,,,,,,,,,,,,,,"FA-DE Spice, Gochugaru Chili Pepper Flakes /Gewürz, Gochugaru-Chili-Pfefferflocken",SPI-00-139356-5,625.67,625.67,grams,,,,625.67,grams
Compound butter - Chili-Garlic Butter - master batch,SUB-014054-4-001,,,,,,,,,,,,,,,,,,,,,"FA-DE Spice, Sea Salt /Gewürze, Meersalz",SPI-00-139378-5,625.67,625.67,grams,,,,625.67,grams
Compound butter - Chili-Garlic Butter - master batch,SUB-014054-4-001,,,,,,,,,,,,,,,,,,,,,"FA-DE Spice, Black Pepper, Ground /Gewürz, schwarzer Pfeffer, gemahlen",SPI-00-139334-5,625.67,625.67,grams,,,,625.67,grams
Compound butter - Chili-Garlic Butter - master batch,SUB-014054-4-001,,,,,,,,,,,,,,,,,,,,,"FA-DE Butter, Unsalted /Butter, ungesalzen",DAI-00-139146-3,50050,50050,grams,MILCH (EINSCHLIESSLICH LAKTOSE),,,50050,grams
Compound butter - Chili-Garlic Butter - master batch,SUB-014054-4-001,,,,,,,,,,,,,,,,,,,,,"FA-DE Spice, Guajillo Peppers, Ground /Gewürze, Guajillo-Paprikaschoten, gemahlen",SPI-00-139358-5,625.67,625.67,grams,,,,625.67,grams
Compound butter - Garlic Lemon Butter,SUB-013547-4-001,,,,,,,,,,,,,,,,,,,,,"FA-DE Spice, Garlic Powder, Toasted /Gewürz, Knoblauchpulver, geröstet",SPI-00-139354-5,0.28,0.28,grams,,,,0.28,grams
Compound butter - Garlic Lemon Butter,SUB-013547-4-001,,,,,,,,,,,,,,,,,,,,,"FA-DE Spice, Minced Garlic, Toasted, Dry /Gewürz, gehackter Knoblauch, geröstet, trocken",SPI-00-139367-5,0.21,0.21,grams,,,,0.21,grams
Compound butter - Garlic Lemon Butter,SUB-013547-4-001,,,,,,,,,,,,,,,,,,,,,"FA-DE Spice, Lemon Powder /Gewürz, Zitronenpulver",SPI-00-139362-5,0.07,0.07,grams,,,,0.07,grams
Compound butter - Garlic Lemon Butter,SUB-013547-4-001,,,,,,,,,,,,,,,,,,,,,"FA-DE Spice, Sea Salt /Gewürze, Meersalz",SPI-00-139378-5,0.09,0.09,grams,,,,0.09,grams
Compound butter - Garlic Lemon Butter,SUB-013547-4-001,,,,,,,,,,,,,,,,,,,,,"FA-DE Butter, Unsalted /Butter, ungesalzen",DAI-00-139146-3,11.77,11.77,grams,MILCH (EINSCHLIESSLICH LAKTOSE),,,11.77,grams
Compound butter - Garlic Lemon Butter,SUB-013547-4-001,,,,,,,,,,,,,,,,,,,,,"FA-DE Spice, Parsley Dried /Gewürze, getrocknete Petersilie",SPI-00-139374-5,0.03,0.03,grams,,,,0.03,grams
Compound butter - Garlic Lemon Butter,SUB-013547-4-001,,,,,,,,,,,,,,,,,,,,,"FA-DE Spice, Black Pepper, Ground /Gewürz, schwarzer Pfeffer, gemahlen",SPI-00-139334-5,0.07,0.07,grams,,,,0.07,grams
Compound butter - Parmesan-Chive,SUB-013536-4-001,,,,,,,,,,,,,,,,,,,,,"FA-DE Spice, Parsley Dried /Gewürze, getrocknete Petersilie",SPI-00-139374-5,5.67,5.67,grams,,,,5.67,grams
Compound butter - Parmesan-Chive,SUB-013536-4-001,,,,,,,,,,,,,,,,,,,,,"FA-DE Butter, Unsalted /Butter, ungesalzen",DAI-00-139146-3,425.24,425.24,grams,MILCH (EINSCHLIESSLICH LAKTOSE),,,425.24,grams
Compound butter - Parmesan-Chive,SUB-013536-4-001,,,,,,,,,,,,,,,,,,,,,"FA-DE Chives, Dried /Schnittlauch, getrocknet",SPI-00-139322-5,5.67,5.67,grams,,,,5.67,grams
Compound butter - Parmesan-Chive,SUB-013536-4-001,,,,,,,,,,,,,,,,,,,,,"FA-DE Cheese, Parmesan, Grated /Käse, Parmesan, gerieben",DAI-00-139127-3,141.75,141.75,grams,MILCH (EINSCHLIESSLICH LAKTOSE),,,141.75,grams
Concentrated Tomatoes - Diluted (90/10),SUB-029194-4-001,,,,,,,,,,,,,,,,,,,,,"FA-DE Tomatoes, Concentrated Crushed /Tomaten, konzentriert, zerkleinert",PRO-00-139293-5,4.51,4.51,grams,,,,4.51,grams
Concentrated Tomatoes - Diluted (90/10),SUB-029194-4-001,,,,,,,,,,,,,,,,,,,,,FA-DE Water / Wasser,OTH-00-144038-5,0.5,0.5,grams,,,,0.5,grams
Concentrated Tomatoes- Diluted (90/10) (primo gusto/old california),SUB-013421-4-001,,,,,,,,,,,,,,,,,,,,,"FA-DE Tomatoes, Concentrated Crushed /Tomaten, konzentriert, zerkleinert",PRO-00-139293-5,63.5,63.5,grams,,,,63.5,grams
Concentrated Tomatoes- Diluted (90/10) (primo gusto/old california),SUB-013421-4-001,,,,,,,,,,,,,,,,,,,,,FA-DE Water / Wasser,OTH-00-144038-5,7.09,7.09,grams,,,,7.09,grams
Cooked Burger Veggies,SUB-031784-4-001,,,,,,,,,,,,,,,,,,,,,"FA-DE Onion, Spanish, Diced 5mm /Zwiebel, Spanisch, gewürfelt 5 mm",PHF-00-139212-3,5.95,5.95,grams,,,,5.95,grams
Cooked Burger Veggies,SUB-031784-4-001,,,,,,,,,,,,,,,,,,,,,"FA-DE Garlic, IQF, Diced 4 mm /Knoblauch, IQF, gewürfelt 4 mm",PHF-00-139237-1,3.4,3.4,grams,SCHWEFELDIOXIDE UND SULFITE,,,3.4,grams
Cooked Burger Veggies,SUB-031784-4-001,,,,,,,,,,,,,,,,,,,,,"FA-DE Oil, Olive /Öl, Olivenöl",PRO-00-139277-5,2.27,2.27,grams,,,,2.27,grams
Cooked Burger Veggies,SUB-031784-4-001,,,,,,,,,,,,,,,,,,,,,"FA-DE Spice, Garlic Granulated /Gewürz, Knoblauch granuliert",SPI-00-139353-5,1.7,1.7,grams,,,,1.7,grams
Cooked Burger Veggies,SUB-031784-4-001,,,,,,,,,,,,,,,,,,,,,"FA-DE Spice, Onion Granulated /Gewürze, Zwiebeln granuliert",SPI-00-139370-5,3.4,3.4,grams,,,,3.4,grams
Cooked Burger Veggies,SUB-031784-4-001,,,,,,,,,,,,,,,,,,,,,"FA-DE Spice, Sea Salt /Gewürze, Meersalz",SPI-00-139378-5,0.25,0.25,grams,,,,0.25,grams
Cooked Courgette Noodles - No Salt,SUB-013573-4-001,,,,,,,,,,,,,,,,,,,,,"FA-DE Oil, Olive /Öl, Olivenöl",PRO-00-139277-5,99.22,99.22,grams,,,,99.22,grams
Cooked Courgette Noodles - No Salt,SUB-013573-4-001,,,,,,,,,,,,,,,,,,,,,"FA-DE Zucchini, Spiralized Noodles /Zucchini, Spiralnudeln",PHF-00-139230-3,1700,1700,grams,,,,1700,grams
Cooked Diced Potato,SUB-013592-4-001,,,,,,,,,,,,,,,,,,,,,"FA-DE Potatoes, Diced 10mm /Kartoffeln, gewürfelt, 10 mm",PHF-00-139219-3,1000,1000,grams,,,,1000,grams
Cooked Greek Lemon Rice,SUB-029185-4-001,,,,,,,,,,,,,,,,,,,,,"FA-DE Rice, Jasmine, Brown/Reis, Jasmin, braun",DRY-00-139169-5,24.35,24.35,grams,,,,24.35,grams
Cooked Greek Lemon Rice,SUB-029185-4-001,,,,,,,,,,,,,,,,,,,,,FA-DE Water / Wasser,OTH-00-144038-5,36.05,36.05,grams,,,,36.05,grams
Cooked Greek Lemon Rice,SUB-029185-4-001,,,,,,,,,,,,,,,,,,,,,"FA-DE Stock, Chicken, Reduced/Brühe, Huhn, Reduziert",PRO-00-139288-5,1.51,1.51,grams,,,,1.51,grams
Cooked Greek Lemon Rice,SUB-029185-4-001,,,,,,,,,,,,,,,,,,,,,"FA-DE Spice, Sea Salt /Gewürze, Meersalz",SPI-00-139378-5,0.19,0.19,grams,,,,0.19,grams
Cooked Greek Lemon Rice,SUB-029185-4-001,,,,,,,,,,,,,,,,,,,,,"FA-DE Spice, Garlic Powder, Toasted /Gewürz, Knoblauchpulver, geröstet",SPI-00-139354-5,0.33,0.33,grams,,,,0.33,grams
Cooked Greek Lemon Rice,SUB-029185-4-001,,,,,,,,,,,,,,,,,,,,,"FA-DE Spice, Turmeric /Gewürz, Kurkuma",SPI-00-139384-5,0.2,0.2,grams,,,,0.2,grams
Cooked Greek Lemon Rice,SUB-029185-4-001,,,,,,,,,,,,,,,,,,,,,"FA-DE Spice, Dill Dried /Gewürz, Dill getrocknet",SPI-00-139349-5,0.05,0.05,grams,,,,0.05,grams
Cooked Greek Lemon Rice,SUB-029185-4-001,,,,,,,,,,,,,,,,,,,,,"FA-DE Spice, Oregano Dry /Gewürz, Oregano trocken",SPI-00-139372-5,0.05,0.05,grams,,,,0.05,grams
Cooked Greek Lemon Rice,SUB-029185-4-001,,,,,,,,,,,,,,,,,,,,,"FA-DE Spice, Lemon Powder /Gewürz, Zitronenpulver",SPI-00-139362-5,0.1,0.1,grams,,,,0.1,grams
Cooked Parboiled Brown Rice for Shredded Chicken Taco Bowl,SUB-013697-4-001,,,,,,,,,,,,,,,,,,,,,"FA-DE Stock, Chicken, Reduced/Brühe, Huhn, Reduziert",PRO-00-139288-5,1.84,1.84,grams,,,,1.84,grams
Cooked Parboiled Brown Rice for Shredded Chicken Taco Bowl,SUB-013697-4-001,,,,,,,,,,,,,,,,,,,,,FA-DE Water / Wasser,OTH-00-144038-5,42.52,42.52,grams,,,,42.52,grams
Cooked Parboiled Brown Rice for Shredded Chicken Taco Bowl,SUB-013697-4-001,,,,,,,,,,,,,,,,,,,,,"FA-DE Spice, Sea Salt /Gewürze, Meersalz",SPI-00-139378-5,0.25,0.25,grams,,,,0.25,grams
Cooked Parboiled Brown Rice for Shredded Chicken Taco Bowl,SUB-013697-4-001,,,,,,,,,,,,,,,,,,,,,"FA-DE Rice, Basmati, Brown /Reis, Basmati, braun",DRY-00-139168-5,28.35,28.35,grams,,,,28.35,grams
Cooked Red Onions + Garlic - Lemon Juice and Dill,SUB-029187-4-001,,,,,,,,,,,,,,,,,,,,,"FA-DE Onion, Red, Diced 5mm /Zwiebeln, rot, gewürfelt 5 mm",PHF-00-139213-3,17.5,17.5,grams,,,,17.5,grams
Cooked Red Onions + Garlic - Lemon Juice and Dill,SUB-029187-4-001,,,,,,,,,,,,,,,,,,,,,"FA-DE Garlic, IQF, Diced 4 mm /Knoblauch, IQF, gewürfelt 4 mm",PHF-00-139237-1,4.6,4.6,grams,SCHWEFELDIOXIDE UND SULFITE,,,4.6,grams
Cooked Red Onions + Garlic - Lemon Juice and Dill,SUB-029187-4-001,,,,,,,,,,,,,,,,,,,,,"FA-DE Parsley, Chopped /Petersilie, gehackt",PHF-00-139215-3,2.53,2.53,grams,,,,2.53,grams
Cooked Red Onions + Garlic - Lemon Juice and Dill,SUB-029187-4-001,,,,,,,,,,,,,,,,,,,,,"FA-DE Oil, Olive /Öl, Olivenöl",PRO-00-139277-5,0.87,0.87,grams,,,,0.87,grams
Cooked Red Onions + Garlic - Lemon Juice and Dill,SUB-029187-4-001,,,,,,,,,,,,,,,,,,,,,"FA-DE Juice, Lemon /Saft, Zitrone",PRO-00-139265-5,2.3,2.3,grams,,,,2.3,grams
Cooked Red Onions + Garlic - Lemon Juice and Dill,SUB-029187-4-001,,,,,,,,,,,,,,,,,,,,,"FA-DE Spice, Dill Dried /Gewürz, Dill getrocknet",SPI-00-139349-5,0.01,0.01,grams,,,,0.01,grams
Corn - Chive-garlic corn kernels,SUB-013947-4-001,,,,,,,,,,,,,,,,,,,,,"FA-DE Oil, Olive /Öl, Olivenöl",PRO-00-139277-5,1.13,1.13,grams,,,,1.13,grams
Corn - Chive-garlic corn kernels,SUB-013947-4-001,,,,,,,,,,,,,,,,,,,,,"FA-DE Sweetcorn Supersweet Kernels, IQF /Zuckermais-Supersüßkörner, IQF",PHF-00-139236-1,31.18,31.18,grams,,,,31.18,grams
Corn - Chive-garlic corn kernels,SUB-013947-4-001,,,,,,,,,,,,,,,,,,,,,"FA-DE Spice, Sea Salt /Gewürze, Meersalz",SPI-00-139378-5,0.14,0.14,grams,,,,0.14,grams
Corn - Chive-garlic corn kernels,SUB-013947-4-001,,,,,,,,,,,,,,,,,,,,,"FA-DE Chives, Dried /Schnittlauch, getrocknet",SPI-00-139322-5,0.28,0.28,grams,,,,0.28,grams
Corn - Chive-garlic corn kernels,SUB-013947-4-001,,,,,,,,,,,,,,,,,,,,,"FA-DE Spice, Garlic Powder, Toasted /Gewürz, Knoblauchpulver, geröstet",SPI-00-139354-5,0.28,0.28,grams,,,,0.28,grams
Corn - Red Chili pulled Pork,SUB-013700-4-001,,,,,,,,,,,,,,,,,,,,,"FA-DE Spice, Chili Powder /Gewürz, Chilipulver",SPI-00-139340-5,0.31,0.31,grams,,,,0.31,grams
Corn - Red Chili pulled Pork,SUB-013700-4-001,,,,,,,,,,,,,,,,,,,,,"FA-DE Spice, Paprika /Gewürze, Paprika",SPI-00-139373-5,0.31,0.31,grams,,,,0.31,grams
Corn - Red Chili pulled Pork,SUB-013700-4-001,,,,,,,,,,,,,,,,,,,,,"FA-DE Onion, Red, Diced 5mm /Zwiebeln, rot, gewürfelt 5 mm",PHF-00-139213-3,7.65,7.65,grams,,,,7.65,grams
Corn - Red Chili pulled Pork,SUB-013700-4-001,,,,,,,,,,,,,,,,,,,,,"FA-DE Spice, Sea Salt /Gewürze, Meersalz",SPI-00-139378-5,0.34,0.34,grams,,,,0.34,grams
Corn - Red Chili pulled Pork,SUB-013700-4-001,,,,,,,,,,,,,,,,,,,,,"FA-DE Coriander, Chopped /Koriander, gehackt",PHF-00-139192-3,1.98,1.98,grams,,,,1.98,grams
Corn - Red Chili pulled Pork,SUB-013700-4-001,,,,,,,,,,,,,,,,,,,,,"FA-DE Bell Peppers, Red, Diced 10mm /Paprika, rot, gewürfelt 10 mm",PHF-00-139179-3,7.65,7.65,grams,,,,7.65,grams
Corn - Red Chili pulled Pork,SUB-013700-4-001,,,,,,,,,,,,,,,,,,,,,"FA-DE Spice, Cumin Ground /Gewürz, gemahlener Kreuzkümmel",SPI-00-139345-5,0.31,0.31,grams,,,,0.31,grams
Corn - Red Chili pulled Pork,SUB-013700-4-001,,,,,,,,,,,,,,,,,,,,,"FA-DE Sweetcorn Supersweet Kernels, IQF /Zuckermais-Supersüßkörner, IQF",PHF-00-139236-1,61.52,61.52,grams,,,,61.52,grams
Corn - Red Chili pulled Pork,SUB-013700-4-001,,,,,,,,,,,,,,,,,,,,,"FA-DE Bell Peppers, Green, Diced 10mm /Paprika, grün, gewürfelt 10 mm",PHF-00-139176-3,7.65,7.65,grams,,,,7.65,grams
Corn - S&P Roasty Corn Sauté - Oven,SUB-013839-4-002,,,,,,,,,,,,,,,,,,,,,"FA-DE Oil, Olive /Öl, Olivenöl",PRO-00-139277-5,14.18,14.18,grams,,,,14.18,grams
Corn - S&P Roasty Corn Sauté - Oven,SUB-013839-4-002,,,,,,,,,,,,,,,,,,,,,"FA-DE Sweetcorn Supersweet Kernels, IQF /Zuckermais-Supersüßkörner, IQF",PHF-00-139236-1,907.19,907.19,grams,,,,907.19,grams
Corn - S&P Roasty Corn Sauté - Oven,SUB-013839-4-002,,,,,,,,,,,,,,,,,,,,,"FA-DE Onion, Spanish, Diced 5mm /Zwiebel, Spanisch, gewürfelt 5 mm",PHF-00-139212-3,42.52,42.52,grams,,,,42.52,grams
Corn - S&P Roasty Corn Sauté - Oven,SUB-013839-4-002,,,,,,,,,,,,,,,,,,,,,"FA-DE Spice, Black Pepper, Ground /Gewürz, schwarzer Pfeffer, gemahlen",SPI-00-139334-5,0.57,0.57,grams,,,,0.57,grams
Corn - S&P Roasty Corn Sauté - Oven,SUB-013839-4-002,,,,,,,,,,,,,,,,,,,,,"FA-DE Spice, Sea Salt /Gewürze, Meersalz",SPI-00-139378-5,0.57,0.57,grams,,,,0.57,grams
Corn - S&P Roasty Corn Sauté - Oven,SUB-013839-4-002,,,,,,,,,,,,,,,,,,,,,"FA-DE Garlic, IQF, Diced 4 mm /Knoblauch, IQF, gewürfelt 4 mm",PHF-00-139237-1,28.35,28.35,grams,SCHWEFELDIOXIDE UND SULFITE,,,28.35,grams
Corn - S&P Roasty Corn Sauté - Oven,SUB-013839-4-002,,,,,,,,,,,,,,,,,,,,,"FA-DE Spice, Garlic Granulated /Gewürz, Knoblauch granuliert",SPI-00-139353-5,3.2,3.2,grams,,,,3.2,grams
Cornstarch Slurry - for Lemon Garlic Cream Sauce,SUB-031600-4-001,,,,,,,,,,,,,,,,,,,,,"FA-DE Milk, Semi-Skimmed /Milch, teilentrahmt",DAI-00-139139-3,216,216,grams,MILCH (EINSCHLIESSLICH LAKTOSE),,,216,grams
Cornstarch Slurry - for Lemon Garlic Cream Sauce,SUB-031600-4-001,,,,,,,,,,,,,,,,,,,,,FA-DE Cornstarch /Maisstärke (Maisstärke),DRY-00-150449-5,18,18,grams,,,,18,grams
Courgette - Herb Roasted Zucchini + more salt,SUB-013535-4-001,,,,,,,,,,,,,,,,,,,,,"FA-DE Oil, Olive /Öl, Olivenöl",PRO-00-139277-5,14.18,14.18,grams,,,,14.18,grams
Courgette - Herb Roasted Zucchini + more salt,SUB-013535-4-001,,,,,,,,,,,,,,,,,,,,,"FA-DE Spice, Italian Seasoning /Gewürze, italienische Gewürze",SPI-00-139359-5,2.84,2.84,grams,,,,2.84,grams
Courgette - Herb Roasted Zucchini + more salt,SUB-013535-4-001,,,,,,,,,,,,,,,,,,,,,"FA-DE Zucchini, Diced 10mm /Zucchini, gewürfelt 10 mm",PHF-00-139229-3,1000,1000,grams,,,,1000,grams
Courgette - Herb Roasted Zucchini + more salt,SUB-013535-4-001,,,,,,,,,,,,,,,,,,,,,"FA-DE Spice, Black Pepper, Ground /Gewürz, schwarzer Pfeffer, gemahlen",SPI-00-139334-5,1.42,1.42,grams,,,,1.42,grams
Courgette - Herb Roasted Zucchini + more salt,SUB-013535-4-001,,,,,,,,,,,,,,,,,,,,,"FA-DE Spice, Sea Salt /Gewürze, Meersalz",SPI-00-139378-5,5.1,5.1,grams,,,,5.1,grams
Courgette - Sesame Zucchini Noodles,SUB-013628-4-001,,,,,,,,,,,,,,,,,,,,,"FA-DE Zucchini, Spiralized Noodles /Zucchini, Spiralnudeln",PHF-00-139230-3,1700,1700,grams,,,,1700,grams
Courgette - Sesame Zucchini Noodles,SUB-013628-4-001,,,,,,,,,,,,,,,,,,,,,"FA-DE Oil, Olive /Öl, Olivenöl",PRO-00-139277-5,39.66,39.66,grams,,,,39.66,grams
Courgette - Sesame Zucchini Noodles,SUB-013628-4-001,,,,,,,,,,,,,,,,,,,,,"FA-DE Spice, Sesame Seed, Roasted /Gewürz, Sesamsamen, geröstet",SPI-00-139379-5,20,20,grams,SESAMSAMEN,,,20,grams
Courgette - Sesame Zucchini Noodles,SUB-013628-4-001,,,,,,,,,,,,,,,,,,,,,"FA-DE Spice, Sea Salt /Gewürze, Meersalz",SPI-00-139378-5,7.14,7.14,grams,,,,7.14,grams
Creamy Leek - Low Fat,SUB-014222-4-001,,,,,,,,,,,,,,,,,,,,,FA-DE Sour Cream /Sauerrahm,DAI-00-139141-3,120,120,grams,MILCH (EINSCHLIESSLICH LAKTOSE),,,120,grams
Creamy Leek - Low Fat,SUB-014222-4-001,,,,,,,,,,,,,,,,,,,,,"FA-DE Leek, Diced 5mm /Lauch, gewürfelt, 5 mm",PHF-00-139204-3,800,800,grams,,,,800,grams
Creamy Leek - Low Fat,SUB-014222-4-001,,,,,,,,,,,,,,,,,,,,,"FA-DE Oil, Olive /Öl, Olivenöl",PRO-00-139277-5,1,1,grams,,,,1,grams
Creamy Leek - Low Fat,SUB-014222-4-001,,,,,,,,,,,,,,,,,,,,,"FA-DE Spice, Sea Salt /Gewürze, Meersalz",SPI-00-139378-5,0.2,0.2,grams,,,,0.2,grams
Creamy Leek - Low Fat,SUB-014222-4-001,,,,,,,,,,,,,,,,,,,,,FA-DE Heavy Cream 20% /Sahne 20%,DAI-00-139137-3,80,80,grams,MILCH (EINSCHLIESSLICH LAKTOSE),,,80,grams
Creamy Leek - Low Fat,SUB-014222-4-001,,,,,,,,,,,,,,,,,,,,,"FA-DE Spice, Garlic Granulated /Gewürz, Knoblauch granuliert",SPI-00-139353-5,2,2,grams,,,,2,grams
Cumin Coriander Yogurt - CUPPED,SUB-030550-4-001,,,,,,,,,,,,,,,,,,,,,"FA-DE Yogurt, Greek, Plain /Joghurt, Griechisch, Natur",DAI-00-139161-3,115.8,115.8,grams,MILCH (EINSCHLIESSLICH LAKTOSE),,,115.8,grams
Cumin Coriander Yogurt - CUPPED,SUB-030550-4-001,,,,,,,,,,,,,,,,,,,,,"FA-DE Juice, Lime /Saft, Limette",PRO-00-139268-5,12.5,12.5,grams,,,,12.5,grams
Cumin Coriander Yogurt - CUPPED,SUB-030550-4-001,,,,,,,,,,,,,,,,,,,,,"FA-DE Spice, Cumin Ground /Gewürz, gemahlener Kreuzkümmel",SPI-00-139345-5,1.94,1.94,grams,,,,1.94,grams
Cumin Coriander Yogurt - CUPPED,SUB-030550-4-001,,,,,,,,,,,,,,,,,,,,,"FA-DE Spice, Coriander Ground /Gewürz, gemahlener Koriander",SPI-00-139386-5,0.79,0.79,grams,,,,0.79,grams
Cumin Coriander Yogurt - CUPPED,SUB-030550-4-001,,,,,,,,,,,,,,,,,,,,,"FA-DE Spice, Sea Salt /Gewürze, Meersalz",SPI-00-139378-5,0.1,0.1,grams,,,,0.1,grams
DRY Ranch Seasoning,SUB-013480-4-001,,,,,,,,,,,,,,,,,,,,,"FA-DE Spice, Buttermilk Powder/Gewürz, Buttermilchpulver",SPI-00-151139-5,5.39,5.39,grams,MILCH (EINSCHLIESSLICH LAKTOSE),,,5.39,grams
DRY Ranch Seasoning,SUB-013480-4-001,,,,,,,,,,,,,,,,,,,,,"FA-DE Spice, Garlic Granulated /Gewürz, Knoblauch granuliert",SPI-00-139353-5,1.13,1.13,grams,,,,1.13,grams
DRY Ranch Seasoning,SUB-013480-4-001,,,,,,,,,,,,,,,,,,,,,"FA-DE Spice, Onion Granulated /Gewürze, Zwiebeln granuliert",SPI-00-139370-5,0.99,0.99,grams,,,,0.99,grams
DRY Ranch Seasoning,SUB-013480-4-001,,,,,,,,,,,,,,,,,,,,,"FA-DE Spice, Black Pepper, Ground /Gewürz, schwarzer Pfeffer, gemahlen",SPI-00-139334-5,0.57,0.57,grams,,,,0.57,grams
DRY Ranch Seasoning,SUB-013480-4-001,,,,,,,,,,,,,,,,,,,,,"FA-DE Spice, Dill Dried /Gewürz, Dill getrocknet",SPI-00-139349-5,0.35,0.35,grams,,,,0.35,grams
DRY Ranch Seasoning,SUB-013480-4-001,,,,,,,,,,,,,,,,,,,,,"FA-DE Chives, Dried /Schnittlauch, getrocknet",SPI-00-139322-5,0.35,0.35,grams,,,,0.35,grams
DRY Ranch Seasoning,SUB-013480-4-001,,,,,,,,,,,,,,,,,,,,,"FA-DE Spice, Parsley Dried /Gewürze, getrocknete Petersilie",SPI-00-139374-5,0.14,0.14,grams,,,,0.14,grams
Diced Chicken - Garlic & Herb Marinade,SUB-013453-4-001,Chicken CHUNKS - BRINED,SUB-013451-4-001,1560,grams,BRINE,,,,,,,,,,,,,,,,FA-DE Water / Wasser,OTH-00-144038-5,1560,1560,grams,,,0.4978,1560,grams
Diced Chicken - Garlic & Herb Marinade,SUB-013453-4-001,Chicken CHUNKS - BRINED,SUB-013451-4-001,1560,grams,BRINE,,,,,,,,,,,,,,,,"FA-DE Spice, Sea Salt /Gewürze, Meersalz",SPI-00-139378-5,13.76,13.76,grams,,,0.4978,13.76,grams
Diced Chicken - Garlic & Herb Marinade,SUB-013453-4-001,Chicken CHUNKS - BRINED,SUB-013451-4-001,1560,grams,BRINE,,,,,,,,,,,,,,,,"FA-DE Chicken Breast, Chunked, Boneless Skinless /Hähnchenbrust, in Stücken, ohne Knochen und ohne Haut",PTN-00-139314-3,1560,1560,grams,,,0.4978,1560,grams
Diced Chicken - Garlic & Herb Marinade,SUB-013453-4-001,Mod Marinade #4 - Garlic and Herb,SUB-013452-4-001,54.15,grams,IMMERSION BLENDER,,,,,,,,,,,,,,,,"FA-DE Oil, Olive /Öl, Olivenöl",PRO-00-139277-5,29.48,29.48,grams,,,0.98976,29.48,grams
Diced Chicken - Garlic & Herb Marinade,SUB-013453-4-001,Mod Marinade #4 - Garlic and Herb,SUB-013452-4-001,54.15,grams,IMMERSION BLENDER,,,,,,,,,,,,,,,,"FA-DE Vinegar, Red Wine /Essig, Rotwein",PRO-00-139301-5,9.92,9.92,grams,,,0.98976,9.92,grams
Diced Chicken - Garlic & Herb Marinade,SUB-013453-4-001,Mod Marinade #4 - Garlic and Herb,SUB-013452-4-001,54.15,grams,IMMERSION BLENDER,,,,,,,,,,,,,,,,"FA-DE Garlic, IQF, Diced 4 mm /Knoblauch, IQF, gewürfelt 4 mm",PHF-00-139237-1,9.92,9.92,grams,SCHWEFELDIOXIDE UND SULFITE,,0.98976,9.92,grams
Diced Chicken - Garlic & Herb Marinade,SUB-013453-4-001,Mod Marinade #4 - Garlic and Herb,SUB-013452-4-001,54.15,grams,IMMERSION BLENDER,,,,,,,,,,,,,,,,"FA-DE Spice, Garlic Granulated /Gewürz, Knoblauch granuliert",SPI-00-139353-5,2.27,2.27,grams,,,0.98976,2.27,grams
Diced Chicken - Garlic & Herb Marinade,SUB-013453-4-001,Mod Marinade #4 - Garlic and Herb,SUB-013452-4-001,54.15,grams,IMMERSION BLENDER,,,,,,,,,,,,,,,,"FA-DE Spice, Parsley Dried /Gewürze, getrocknete Petersilie",SPI-00-139374-5,1.42,1.42,grams,,,0.98976,1.42,grams
Diced Chicken - Garlic & Herb Marinade,SUB-013453-4-001,Mod Marinade #4 - Garlic and Herb,SUB-013452-4-001,54.15,grams,IMMERSION BLENDER,,,,,,,,,,,,,,,,"FA-DE Spice, Black Pepper, Ground /Gewürz, schwarzer Pfeffer, gemahlen",SPI-00-139334-5,0.57,0.57,grams,,,0.98976,0.57,grams
Diced Chicken - Garlic & Herb Marinade,SUB-013453-4-001,Mod Marinade #4 - Garlic and Herb,SUB-013452-4-001,54.15,grams,IMMERSION BLENDER,,,,,,,,,,,,,,,,"FA-DE Spice, Sea Salt /Gewürze, Meersalz",SPI-00-139378-5,1.13,1.13,grams,,,0.98976,1.13,grams
Diced chicken - Butter Chicken Batch - BA,SUB-013850-4-001,,,,,,,,,,,,,,,,,,,,,"FA-DE Spice, Chili Powder /Gewürz, Chilipulver",SPI-00-139340-5,1.06,1.06,grams,,,,1.06,grams
Diced chicken - Butter Chicken Batch - BA,SUB-013850-4-001,,,,,,,,,,,,,,,,,,,,,"FA-DE Spice, Turmeric /Gewürz, Kurkuma",SPI-00-139384-5,2.27,2.27,grams,,,,2.27,grams
Diced chicken - Butter Chicken Batch - BA,SUB-013850-4-001,,,,,,,,,,,,,,,,,,,,,"FA-DE Spice, Sea Salt /Gewürze, Meersalz",SPI-00-139378-5,1.42,1.42,grams,,,,1.42,grams
Diced chicken - Butter Chicken Batch - BA,SUB-013850-4-001,Factor Garam Masala Spice Blend,SUB-013507-4-001,5.67,grams,"HAND MIX, SPICE PORTIONING",,,,,,,,,,,,,,,,"FA-DE Spice, Fennel Ground /Gewürz, Fenchel gemahlen",SPI-00-139351-5,0.18,0.18,grams,,,0.98,0.18,grams
Diced chicken - Butter Chicken Batch - BA,SUB-013850-4-001,Factor Garam Masala Spice Blend,SUB-013507-4-001,5.67,grams,"HAND MIX, SPICE PORTIONING",,,,,,,,,,,,,,,,"FA-DE Spice, Nutmeg Ground /Gewürz, gemahlene Muskatnuss",SPI-00-139368-5,0.36,0.36,grams,,,0.98,0.36,grams
Diced chicken - Butter Chicken Batch - BA,SUB-013850-4-001,Factor Garam Masala Spice Blend,SUB-013507-4-001,5.67,grams,"HAND MIX, SPICE PORTIONING",,,,,,,,,,,,,,,,"FA-DE Spice, Coriander Ground /Gewürz, gemahlener Koriander",SPI-00-139386-5,1.13,1.13,grams,,,0.98,1.13,grams
Diced chicken - Butter Chicken Batch - BA,SUB-013850-4-001,Factor Garam Masala Spice Blend,SUB-013507-4-001,5.67,grams,"HAND MIX, SPICE PORTIONING",,,,,,,,,,,,,,,,"FA-DE Spice, Cinnamon Ground /Gewürz, gemahlener Zimt",SPI-00-139341-5,0.75,0.75,grams,,,0.98,0.75,grams
Diced chicken - Butter Chicken Batch - BA,SUB-013850-4-001,Factor Garam Masala Spice Blend,SUB-013507-4-001,5.67,grams,"HAND MIX, SPICE PORTIONING",,,,,,,,,,,,,,,,"FA-DE Spice, Cumin Ground /Gewürz, gemahlener Kreuzkümmel",SPI-00-139345-5,2.26,2.26,grams,,,0.98,2.26,grams
Diced chicken - Butter Chicken Batch - BA,SUB-013850-4-001,Factor Garam Masala Spice Blend,SUB-013507-4-001,5.67,grams,"HAND MIX, SPICE PORTIONING",,,,,,,,,,,,,,,,"FA-DE Spice, Cloves Ground /Gewürze, gemahlene Nelken",SPI-00-139342-5,0.36,0.36,grams,,,0.98,0.36,grams
Diced chicken - Butter Chicken Batch - BA,SUB-013850-4-001,Factor Garam Masala Spice Blend,SUB-013507-4-001,5.67,grams,"HAND MIX, SPICE PORTIONING",,,,,,,,,,,,,,,,"FA-DE Spice, Black Pepper, Ground /Gewürz, schwarzer Pfeffer, gemahlen",SPI-00-139334-5,0.57,0.57,grams,,,0.98,0.57,grams
Diced chicken - Butter Chicken Batch - BA,SUB-013850-4-001,Factor Garam Masala Spice Blend,SUB-013507-4-001,5.67,grams,"HAND MIX, SPICE PORTIONING",,,,,,,,,,,,,,,,"FA-DE Spice, Turmeric /Gewürz, Kurkuma",SPI-00-139384-5,0.18,0.18,grams,,,0.98,0.18,grams
Diced chicken - Butter Chicken Batch - BA,SUB-013850-4-001,,,,,,,,,,,,,,,,,,,,,"FA-DE Garlic, IQF, Diced 4 mm /Knoblauch, IQF, gewürfelt 4 mm",PHF-00-139237-1,5.67,5.67,grams,SCHWEFELDIOXIDE UND SULFITE,,,5.67,grams
Diced chicken - Butter Chicken Batch - BA,SUB-013850-4-001,Chicken CHUNKS - BRINED,SUB-013451-4-001,793.79,grams,BRINE,,,,,,,,,,,,,,,,FA-DE Water / Wasser,OTH-00-144038-5,793.79,793.79,grams,,,0.4978,793.79,grams
Diced chicken - Butter Chicken Batch - BA,SUB-013850-4-001,Chicken CHUNKS - BRINED,SUB-013451-4-001,793.79,grams,BRINE,,,,,,,,,,,,,,,,"FA-DE Spice, Sea Salt /Gewürze, Meersalz",SPI-00-139378-5,7,7,grams,,,0.4978,7,grams
Diced chicken - Butter Chicken Batch - BA,SUB-013850-4-001,Chicken CHUNKS - BRINED,SUB-013451-4-001,793.79,grams,BRINE,,,,,,,,,,,,,,,,"FA-DE Chicken Breast, Chunked, Boneless Skinless /Hähnchenbrust, in Stücken, ohne Knochen und ohne Haut",PTN-00-139314-3,793.79,793.79,grams,,,0.4978,793.79,grams
Diced chicken - Butter Chicken Batch - BA,SUB-013850-4-001,,,,,,,,,,,,,,,,,,,,,"FA-DE Yogurt, Greek, Plain /Joghurt, Griechisch, Natur",DAI-00-139161-3,42.52,42.52,grams,MILCH (EINSCHLIESSLICH LAKTOSE),,,42.52,grams
Diced chicken - Butter Chicken Batch - BA,SUB-013850-4-001,,,,,,,,,,,,,,,,,,,,,"FA-DE Spice, Cumin Ground /Gewürz, gemahlener Kreuzkümmel",SPI-00-139345-5,2.13,2.13,grams,,,,2.13,grams
Diced chicken - Butter Chicken Batch - BA,SUB-013850-4-001,,,,,,,,,,,,,,,,,,,,,"FA-DE Ginger, IQF, Diced 4 mm /Ingwer, IQF, gewürfelt 4 mm",PHF-00-139238-1,14.18,14.18,grams,SCHWEFELDIOXIDE UND SULFITE,,,14.18,grams
Dry Ranch Marinade,SUB-031652-4-001,Roasted Garlic (use),SUB-013367-4-001,14.18,grams,"BLAST CHILLER, BRAISER, SPICE PORTIONING",,,,,,,,,,,,,,,,"FA-DE Garlic, Peeled, Whole Cloves [10kg] /Knoblauch, geschält, ganze Nelken [10kg]",PHF-00-139197-3,14.29,14.29,grams,,,0.56691,14.29,grams
Dry Ranch Marinade,SUB-031652-4-001,Roasted Garlic (use),SUB-013367-4-001,14.18,grams,"BLAST CHILLER, BRAISER, SPICE PORTIONING",,,,,,,,,,,,,,,,"FA-DE Oil, Olive /Öl, Olivenöl",PRO-00-139277-5,10.72,10.72,grams,,,0.56691,10.72,grams
Dry Ranch Marinade,SUB-031652-4-001,DRY Ranch Seasoning,SUB-013480-4-001,28.35,grams,"HAND MIX, SPICE PORTIONING",,,,,,,,,,,,,,,,"FA-DE Spice, Buttermilk Powder/Gewürz, Buttermilchpulver",SPI-00-151139-5,17.48,17.48,grams,MILCH (EINSCHLIESSLICH LAKTOSE),,0.97982,17.48,grams
Dry Ranch Marinade,SUB-031652-4-001,DRY Ranch Seasoning,SUB-013480-4-001,28.35,grams,"HAND MIX, SPICE PORTIONING",,,,,,,,,,,,,,,,"FA-DE Spice, Garlic Granulated /Gewürz, Knoblauch granuliert",SPI-00-139353-5,3.67,3.67,grams,,,0.97982,3.67,grams
Dry Ranch Marinade,SUB-031652-4-001,DRY Ranch Seasoning,SUB-013480-4-001,28.35,grams,"HAND MIX, SPICE PORTIONING",,,,,,,,,,,,,,,,"FA-DE Spice, Onion Granulated /Gewürze, Zwiebeln granuliert",SPI-00-139370-5,3.21,3.21,grams,,,0.97982,3.21,grams
Dry Ranch Marinade,SUB-031652-4-001,DRY Ranch Seasoning,SUB-013480-4-001,28.35,grams,"HAND MIX, SPICE PORTIONING",,,,,,,,,,,,,,,,"FA-DE Spice, Black Pepper, Ground /Gewürz, schwarzer Pfeffer, gemahlen",SPI-00-139334-5,1.85,1.85,grams,,,0.97982,1.85,grams
Dry Ranch Marinade,SUB-031652-4-001,DRY Ranch Seasoning,SUB-013480-4-001,28.35,grams,"HAND MIX, SPICE PORTIONING",,,,,,,,,,,,,,,,"FA-DE Spice, Dill Dried /Gewürz, Dill getrocknet",SPI-00-139349-5,1.14,1.14,grams,,,0.97982,1.14,grams
Dry Ranch Marinade,SUB-031652-4-001,DRY Ranch Seasoning,SUB-013480-4-001,28.35,grams,"HAND MIX, SPICE PORTIONING",,,,,,,,,,,,,,,,"FA-DE Chives, Dried /Schnittlauch, getrocknet",SPI-00-139322-5,1.14,1.14,grams,,,0.97982,1.14,grams
Dry Ranch Marinade,SUB-031652-4-001,DRY Ranch Seasoning,SUB-013480-4-001,28.35,grams,"HAND MIX, SPICE PORTIONING",,,,,,,,,,,,,,,,"FA-DE Spice, Parsley Dried /Gewürze, getrocknete Petersilie",SPI-00-139374-5,0.45,0.45,grams,,,0.97982,0.45,grams
Dry Ranch Marinade,SUB-031652-4-001,,,,,,,,,,,,,,,,,,,,,"FA-DE Oil, Olive /Öl, Olivenöl",PRO-00-139277-5,141.75,141.75,grams,,,,141.75,grams
Edamame Succotash,SUB-016331-4-001,,,,,,,,,,,,,,,,,,,,,"FA-DE Edamame, Soy /Edamame, Soja",PHF-00-139195-3,1490,1490,grams,SOJA,,,1490,grams
Edamame Succotash,SUB-016331-4-001,,,,,,,,,,,,,,,,,,,,,"FA-DE Oil, Sesame Seed, Toasted /Öl, Sesamsamen, geröstet",PRO-00-139280-5,18,18,grams,SESAMSAMEN,,,18,grams
Edamame Succotash,SUB-016331-4-001,,,,,,,,,,,,,,,,,,,,,"FA-DE Tamari, Reduced Sodium Soy Sauce /Tamari, natriumreduzierte Sojasauce",PRO-00-139291-5,4.5,4.5,grams,SOJA,,,4.5,grams
Edamame Succotash,SUB-016331-4-001,,,,,,,,,,,,,,,,,,,,,"FA-DE Onion, Red, Diced 10mm/Zwiebeln, rot, gewürfelt, 10 mm",PHF-00-139216-3,122.2,122.2,grams,,,,122.2,grams
Edamame Succotash,SUB-016331-4-001,,,,,,,,,,,,,,,,,,,,,"FA-DE Bell Peppers, Red, Diced 10mm /Paprika, rot, gewürfelt 10 mm",PHF-00-139179-3,308.4,308.4,grams,,,,308.4,grams
Edamame Succotash,SUB-016331-4-001,,,,,,,,,,,,,,,,,,,,,"FA-DE Bell Peppers, Green, Diced 10mm /Paprika, grün, gewürfelt 10 mm",PHF-00-139176-3,369.7,369.7,grams,,,,369.7,grams
Edamame Succotash,SUB-016331-4-001,,,,,,,,,,,,,,,,,,,,,"FA-DE Garlic, IQF, Diced 4 mm /Knoblauch, IQF, gewürfelt 4 mm",PHF-00-139237-1,32.3,32.3,grams,SCHWEFELDIOXIDE UND SULFITE,,,32.3,grams
Edamame Succotash,SUB-016331-4-001,,,,,,,,,,,,,,,,,,,,,"FA-DE Ginger, IQF, Diced 4 mm /Ingwer, IQF, gewürfelt 4 mm",PHF-00-139238-1,30.6,30.6,grams,SCHWEFELDIOXIDE UND SULFITE,,,30.6,grams
Edamame Succotash,SUB-016331-4-001,,,,,,,,,,,,,,,,,,,,,"FA-DE Spice, Sea Salt /Gewürze, Meersalz",SPI-00-139378-5,3,3,grams,,,,3,grams
Edamame Succotash,SUB-016331-4-001,,,,,,,,,,,,,,,,,,,,,"FA-DE Spice, Black Pepper, Ground /Gewürz, schwarzer Pfeffer, gemahlen",SPI-00-139334-5,2.6,2.6,grams,,,,2.6,grams
Edamame Succotash,SUB-016331-4-001,,,,,,,,,,,,,,,,,,,,,"FA-DE Spice, Garlic Granulated /Gewürz, Knoblauch granuliert",SPI-00-139353-5,5.4,5.4,grams,,,,5.4,grams
Edamame Succotash,SUB-016331-4-001,,,,,,,,,,,,,,,,,,,,,"FA-DE Coriander, Chopped /Koriander, gehackt",PHF-00-139192-3,12.2,12.2,grams,,,,12.2,grams
Extra Crispy Diced Bacon,SUB-013468-4-001,,,,,,,,,,,,,,,,,,,,,"FA-DE Bacon, Diced /Speck, gewürfelt",PTN-00-139306-3,1420,1420,grams,,,,1420,grams
F_ Meatball 2.1 - Basic Beef - EACH,SUB-031483-4-001,Veg for Meatloaf/Meatball,SUB-014228-4-001,15,grams,"BLAST CHILLER, OVEN",,,,,,,,,,,,,,,,"FA-DE Oil, Olive /Öl, Olivenöl",PRO-00-139277-5,0.32,0.32,grams,,,0.89191,0.32,grams
F_ Meatball 2.1 - Basic Beef - EACH,SUB-031483-4-001,Veg for Meatloaf/Meatball,SUB-014228-4-001,15,grams,"BLAST CHILLER, OVEN",,,,,,,,,,,,,,,,"FA-DE Spice, Onion Powder, Toasted /Gewürze, Zwiebelpulver, geröstet",SPI-00-139371-5,0.16,0.16,grams,,,0.89191,0.16,grams
F_ Meatball 2.1 - Basic Beef - EACH,SUB-031483-4-001,Veg for Meatloaf/Meatball,SUB-014228-4-001,15,grams,"BLAST CHILLER, OVEN",,,,,,,,,,,,,,,,"FA-DE Spice, Garlic Powder, Toasted /Gewürz, Knoblauchpulver, geröstet",SPI-00-139354-5,0.16,0.16,grams,,,0.89191,0.16,grams
F_ Meatball 2.1 - Basic Beef - EACH,SUB-031483-4-001,Veg for Meatloaf/Meatball,SUB-014228-4-001,15,grams,"BLAST CHILLER, OVEN",,,,,,,,,,,,,,,,"FA-DE Spice, Sea Salt /Gewürze, Meersalz",SPI-00-139378-5,0.04,0.04,grams,,,0.89191,0.04,grams
F_ Meatball 2.1 - Basic Beef - EACH,SUB-031483-4-001,Veg for Meatloaf/Meatball,SUB-014228-4-001,15,grams,"BLAST CHILLER, OVEN",,,,,,,,,,,,,,,,"FA-DE Celery, Diced 5mm /Sellerie, gewürfelt 5 mm",PHF-00-139189-3,4.84,4.84,grams,SELLERIE,,0.89191,4.84,grams
F_ Meatball 2.1 - Basic Beef - EACH,SUB-031483-4-001,Veg for Meatloaf/Meatball,SUB-014228-4-001,15,grams,"BLAST CHILLER, OVEN",,,,,,,,,,,,,,,,"FA-DE Onion, Spanish, Diced 5mm /Zwiebel, Spanisch, gewürfelt 5 mm",PHF-00-139212-3,11.29,11.29,grams,,,0.89191,11.29,grams
F_ Meatball 2.1 - Basic Beef - EACH,SUB-031483-4-001,Meatball Panade - Seasoned,SUB-014229-4-001,16,grams,PLANETARY MIXER,,,,,,,,,,,,,,,,"FA-DE Liquid Egg, Whole /Flüssigei, ganz",DAI-00-139144-3,7.18,7.18,grams,EIER,,0.98065,7.18,grams
F_ Meatball 2.1 - Basic Beef - EACH,SUB-031483-4-001,Meatball Panade - Seasoned,SUB-014229-4-001,16,grams,PLANETARY MIXER,,,,,,,,,,,,,,,,"FA-DE Flour, Almond /Mehl, Mandel",DRY-00-139154-5,3.26,3.26,grams,"MANDELN, SCHALENFRÜCHTE",,0.98065,3.26,grams
F_ Meatball 2.1 - Basic Beef - EACH,SUB-031483-4-001,Meatball Panade - Seasoned,SUB-014229-4-001,16,grams,PLANETARY MIXER,,,,,,,,,,,,,,,,"FA-DE Cheese, Parmesan, Grated /Käse, Parmesan, gerieben",DAI-00-139127-3,3.92,3.92,grams,MILCH (EINSCHLIESSLICH LAKTOSE),,0.98065,3.92,grams
F_ Meatball 2.1 - Basic Beef - EACH,SUB-031483-4-001,Meatball Panade - Seasoned,SUB-014229-4-001,16,grams,PLANETARY MIXER,,,,,,,,,,,,,,,,"FA-DE Spice, Sea Salt /Gewürze, Meersalz",SPI-00-139378-5,0.65,0.65,grams,,,0.98065,0.65,grams
F_ Meatball 2.1 - Basic Beef - EACH,SUB-031483-4-001,Meatball Panade - Seasoned,SUB-014229-4-001,16,grams,PLANETARY MIXER,,,,,,,,,,,,,,,,"FA-DE Spice, Onion Powder, Toasted /Gewürze, Zwiebelpulver, geröstet",SPI-00-139371-5,0.65,0.65,grams,,,0.98065,0.65,grams
F_ Meatball 2.1 - Basic Beef - EACH,SUB-031483-4-001,Meatball Panade - Seasoned,SUB-014229-4-001,16,grams,PLANETARY MIXER,,,,,,,,,,,,,,,,"FA-DE Spice, Black Pepper, Ground /Gewürz, schwarzer Pfeffer, gemahlen",SPI-00-139334-5,0.45,0.45,grams,,,0.98065,0.45,grams
F_ Meatball 2.1 - Basic Beef - EACH,SUB-031483-4-001,Meatball Panade - Seasoned,SUB-014229-4-001,16,grams,PLANETARY MIXER,,,,,,,,,,,,,,,,"FA-DE Spice, Garlic Powder, Toasted /Gewürz, Knoblauchpulver, geröstet",SPI-00-139354-5,0.2,0.2,grams,,,0.98065,0.2,grams
F_ Meatball 2.1 - Basic Beef - EACH,SUB-031483-4-001,,,,,,,,,,,,,,,,,,,,,"FA-DE Beef, Ground, 80/20 /Rindfleisch, gemahlen, 80/20",PTN-00-139319-3,115,115,grams,,,,115,grams
Factor Garam Masala Spice Blend,SUB-013507-4-001,,,,,,,,,,,,,,,,,,,,,"FA-DE Spice, Fennel Ground /Gewürz, Fenchel gemahlen",SPI-00-139351-5,8,8,grams,,,,8,grams
Factor Garam Masala Spice Blend,SUB-013507-4-001,,,,,,,,,,,,,,,,,,,,,"FA-DE Spice, Nutmeg Ground /Gewürz, gemahlene Muskatnuss",SPI-00-139368-5,16,16,grams,,,,16,grams
Factor Garam Masala Spice Blend,SUB-013507-4-001,,,,,,,,,,,,,,,,,,,,,"FA-DE Spice, Coriander Ground /Gewürz, gemahlener Koriander",SPI-00-139386-5,50,50,grams,,,,50,grams
Factor Garam Masala Spice Blend,SUB-013507-4-001,,,,,,,,,,,,,,,,,,,,,"FA-DE Spice, Cinnamon Ground /Gewürz, gemahlener Zimt",SPI-00-139341-5,33,33,grams,,,,33,grams
Factor Garam Masala Spice Blend,SUB-013507-4-001,,,,,,,,,,,,,,,,,,,,,"FA-DE Spice, Cumin Ground /Gewürz, gemahlener Kreuzkümmel",SPI-00-139345-5,100,100,grams,,,,100,grams
Factor Garam Masala Spice Blend,SUB-013507-4-001,,,,,,,,,,,,,,,,,,,,,"FA-DE Spice, Cloves Ground /Gewürze, gemahlene Nelken",SPI-00-139342-5,16,16,grams,,,,16,grams
Factor Garam Masala Spice Blend,SUB-013507-4-001,,,,,,,,,,,,,,,,,,,,,"FA-DE Spice, Black Pepper, Ground /Gewürz, schwarzer Pfeffer, gemahlen",SPI-00-139334-5,25,25,grams,,,,25,grams
Factor Garam Masala Spice Blend,SUB-013507-4-001,,,,,,,,,,,,,,,,,,,,,"FA-DE Spice, Turmeric /Gewürz, Kurkuma",SPI-00-139384-5,8,8,grams,,,,8,grams
Frozen Shrimp - Thawed,SUB-029188-4-001,,,,,,,,,,,,,,,,,,,,,FA-DE Prawns 21/25 /Garnelen 21/25 - IQF,PTN-00-139321-1,138.91,138.91,grams,KREBSTIERE,,,138.91,grams
Frozen Shrimp - Thawed,SUB-029188-4-001,,,,,,,,,,,,,,,,,,,,,FA-DE Water / Wasser,OTH-00-144038-5,208.37,208.37,grams,,,,208.37,grams
Frozen Shrimp - Thawed,SUB-029188-4-001,,,,,,,,,,,,,,,,,,,,,FA-DE Water / Wasser,OTH-00-144038-5,33.34,33.34,grams,,,,33.34,grams
Garlic & Rosemary Zucchini Moons,SUB-029192-4-001,,,,,,,,,,,,,,,,,,,,,"FA-DE Zucchini, Half Moon /Zucchini, Mondwürfel",PHF-00-139231-3,105.53,105.53,grams,,,,105.53,grams
Garlic & Rosemary Zucchini Moons,SUB-029192-4-001,,,,,,,,,,,,,,,,,,,,,"FA-DE Oil, Olive /Öl, Olivenöl",PRO-00-139277-5,2.21,2.21,grams,,,,2.21,grams
Garlic & Rosemary Zucchini Moons,SUB-029192-4-001,,,,,,,,,,,,,,,,,,,,,"FA-DE Spice, Minced Garlic, Toasted, Dry /Gewürz, gehackter Knoblauch, geröstet, trocken",SPI-00-139367-5,0.7,0.7,grams,,,,0.7,grams
Garlic & Rosemary Zucchini Moons,SUB-029192-4-001,,,,,,,,,,,,,,,,,,,,,"FA-DE Spice, Sea Salt /Gewürze, Meersalz",SPI-00-139378-5,0.42,0.42,grams,,,,0.42,grams
Garlic & Rosemary Zucchini Moons,SUB-029192-4-001,,,,,,,,,,,,,,,,,,,,,"FA-DE Spice, Black Pepper, Ground /Gewürz, schwarzer Pfeffer, gemahlen",SPI-00-139334-5,0.11,0.11,grams,,,,0.11,grams
Garlic & Rosemary Zucchini Moons,SUB-029192-4-001,,,,,,,,,,,,,,,,,,,,,"FA-DE Spice, Fennel Ground /Gewürz, Fenchel gemahlen",SPI-00-139351-5,0.06,0.06,grams,,,,0.06,grams
Garlic & Rosemary Zucchini Moons,SUB-029192-4-001,,,,,,,,,,,,,,,,,,,,,"FA-DE Rosemary, IQF /Rosmarin, IQF",PHF-00-139243-1,0.05,0.05,grams,,,,0.05,grams
Garlic & Rosemary Zucchini Moons,SUB-029192-4-001,,,,,,,,,,,,,,,,,,,,,"FA-DE Spice, Gochugaru Chili Pepper Flakes /Gewürz, Gochugaru-Chili-Pfefferflocken",SPI-00-139356-5,0.04,0.04,grams,,,,0.04,grams
Garlic & Rosemary Zucchini Moons,SUB-029192-4-001,,,,,,,,,,,,,,,,,,,,,"FA-DE Spice, Oregano Dry /Gewürz, Oregano trocken",SPI-00-139372-5,0.01,0.01,grams,,,,0.01,grams
Garlic Broccoli - less salt,SUB-014208-4-002,,,,,,,,,,,,,,,,,,,,,"FA-DE Spice, Sea Salt /Gewürze, Meersalz",SPI-00-139378-5,3.5,3.5,grams,,,,3.5,grams
Garlic Broccoli - less salt,SUB-014208-4-002,,,,,,,,,,,,,,,,,,,,,"FA-DE Broccoli, Florets, /Brokkoli, Röschen",PHF-00-143425-3,1170,1170,grams,,,,1170,grams
Garlic Broccoli - less salt,SUB-014208-4-002,,,,,,,,,,,,,,,,,,,,,"FA-DE Oil, Olive /Öl, Olivenöl",PRO-00-139277-5,61.3,61.3,grams,,,,61.3,grams
Garlic Broccoli - less salt,SUB-014208-4-002,Roasted Garlic (use),SUB-013367-4-001,61.4,grams,"BLAST CHILLER, BRAISER, SPICE PORTIONING",,,,,,,,,,,,,,,,"FA-DE Garlic, Peeled, Whole Cloves [10kg] /Knoblauch, geschält, ganze Nelken [10kg]",PHF-00-139197-3,61.89,61.89,grams,,,0.56691,61.89,grams
Garlic Broccoli - less salt,SUB-014208-4-002,Roasted Garlic (use),SUB-013367-4-001,61.4,grams,"BLAST CHILLER, BRAISER, SPICE PORTIONING",,,,,,,,,,,,,,,,"FA-DE Oil, Olive /Öl, Olivenöl",PRO-00-139277-5,46.42,46.42,grams,,,0.56691,46.42,grams
Garlic Herb Marinated Salmon,SUB-013603-4-001,Garlic-herb Marinade - for barramundi,SUB-013602-4-001,8.5,grams,IMMERSION BLENDER,,,,,,,,,,,,,,,,"FA-DE Spice, Parsley Dried /Gewürze, getrocknete Petersilie",SPI-00-139374-5,0.12,0.12,grams,,,0.97998,0.12,grams
Garlic Herb Marinated Salmon,SUB-013603-4-001,Garlic-herb Marinade - for barramundi,SUB-013602-4-001,8.5,grams,IMMERSION BLENDER,,,,,,,,,,,,,,,,"FA-DE Spice, Sea Salt /Gewürze, Meersalz",SPI-00-139378-5,0.6,0.6,grams,,,0.97998,0.6,grams
Garlic Herb Marinated Salmon,SUB-013603-4-001,Garlic-herb Marinade - for barramundi,SUB-013602-4-001,8.5,grams,IMMERSION BLENDER,,,,,,,,,,,,,,,,"FA-DE Garlic, IQF, Diced 4 mm /Knoblauch, IQF, gewürfelt 4 mm",PHF-00-139237-1,0.76,0.76,grams,SCHWEFELDIOXIDE UND SULFITE,,0.97998,0.76,grams
Garlic Herb Marinated Salmon,SUB-013603-4-001,Garlic-herb Marinade - for barramundi,SUB-013602-4-001,8.5,grams,IMMERSION BLENDER,,,,,,,,,,,,,,,,"FA-DE Chives, Dried /Schnittlauch, getrocknet",SPI-00-139322-5,0.12,0.12,grams,,,0.97998,0.12,grams
Garlic Herb Marinated Salmon,SUB-013603-4-001,Garlic-herb Marinade - for barramundi,SUB-013602-4-001,8.5,grams,IMMERSION BLENDER,,,,,,,,,,,,,,,,"FA-DE Juice, Lemon /Saft, Zitrone",PRO-00-139265-5,0.76,0.76,grams,,,0.97998,0.76,grams
Garlic Herb Marinated Salmon,SUB-013603-4-001,Garlic-herb Marinade - for barramundi,SUB-013602-4-001,8.5,grams,IMMERSION BLENDER,,,,,,,,,,,,,,,,"FA-DE Onion, Green, Sliced 5mm /Zwiebel, grün, in Scheiben geschnitten, 5 mm",PHF-00-149803-3,2.52,2.52,grams,,,0.97998,2.52,grams
Garlic Herb Marinated Salmon,SUB-013603-4-001,Garlic-herb Marinade - for barramundi,SUB-013602-4-001,8.5,grams,IMMERSION BLENDER,,,,,,,,,,,,,,,,"FA-DE Oil, Olive /Öl, Olivenöl",PRO-00-139277-5,3.79,3.79,grams,,,0.97998,3.79,grams
Garlic Herb Marinated Salmon,SUB-013603-4-001,,,,,,,,,,,,,,,,,,,,,"FA-DE Salmon, Skinless, Boneless, Filet/Lachs, ohne Haut, ohne Knochen, Filet - IQF",PTN-00-139968-1,140,140,grams,FISCH,,,140,grams
Garlic Spinach Stamppot,SUB-013577-4-001,Mash - Horseradish Shredded Beef Mashed Potatoes,SUB-013576-4-001,850,grams,"BLAST CHILLER, PLANETARY MIXER",,,,,,,,,,,,,,,,"FA-DE Spice, Garlic Granulated /Gewürz, Knoblauch granuliert",SPI-00-139353-5,1.06,1.06,grams,,,0.90573,1.06,grams
Garlic Spinach Stamppot,SUB-013577-4-001,Mash - Horseradish Shredded Beef Mashed Potatoes,SUB-013576-4-001,850,grams,"BLAST CHILLER, PLANETARY MIXER",Steamed Potato Batch,SUB-013509-4-001,827.33,grams,"BLAST CHILLER, OVEN",,,,,,,,,,,"FA-DE Potatoes, Diced 10mm /Kartoffeln, gewürfelt, 10 mm",PHF-00-139219-3,844.22,844.22,grams,,,0.98,844.22,grams
Garlic Spinach Stamppot,SUB-013577-4-001,Mash - Horseradish Shredded Beef Mashed Potatoes,SUB-013576-4-001,850,grams,"BLAST CHILLER, PLANETARY MIXER",,,,,,,,,,,,,,,,"FA-DE Butter, Unsalted /Butter, ungesalzen",DAI-00-139146-3,42.15,42.15,grams,MILCH (EINSCHLIESSLICH LAKTOSE),,0.90573,42.15,grams
Garlic Spinach Stamppot,SUB-013577-4-001,Mash - Horseradish Shredded Beef Mashed Potatoes,SUB-013576-4-001,850,grams,"BLAST CHILLER, PLANETARY MIXER",,,,,,,,,,,,,,,,"FA-DE Spice, Sea Salt /Gewürze, Meersalz",SPI-00-139378-5,4.6,4.6,grams,,,0.90573,4.6,grams
Garlic Spinach Stamppot,SUB-013577-4-001,Mash - Horseradish Shredded Beef Mashed Potatoes,SUB-013576-4-001,850,grams,"BLAST CHILLER, PLANETARY MIXER",,,,,,,,,,,,,,,,"FA-DE Milk, Whole /Milch, voll",DAI-00-139142-3,62.26,62.26,grams,MILCH (EINSCHLIESSLICH LAKTOSE),,0.90573,62.26,grams
Garlic Spinach Stamppot,SUB-013577-4-001,Mash - Horseradish Shredded Beef Mashed Potatoes,SUB-013576-4-001,850,grams,"BLAST CHILLER, PLANETARY MIXER",,,,,,,,,,,,,,,,"FA-DE Spice, Onion Granulated /Gewürze, Zwiebeln granuliert",SPI-00-139370-5,1.06,1.06,grams,,,0.90573,1.06,grams
Garlic Spinach Stamppot,SUB-013577-4-001,Spinach - Garlic Spinach - Frzn Spinach - less garlic,SUB-013415-4-001,150,grams,"BLAST CHILLER, OVEN",,,,,,,,,,,,,,,,"FA-DE Garlic, IQF, Diced 4 mm /Knoblauch, IQF, gewürfelt 4 mm",PHF-00-139237-1,3.56,3.56,grams,SCHWEFELDIOXIDE UND SULFITE,,0.8336,3.56,grams
Garlic Spinach Stamppot,SUB-013577-4-001,Spinach - Garlic Spinach - Frzn Spinach - less garlic,SUB-013415-4-001,150,grams,"BLAST CHILLER, OVEN",,,,,,,,,,,,,,,,"FA-DE Spice, Sea Salt /Gewürze, Meersalz",SPI-00-139378-5,0.6,0.6,grams,,,0.8336,0.6,grams
Garlic Spinach Stamppot,SUB-013577-4-001,Spinach - Garlic Spinach - Frzn Spinach - less garlic,SUB-013415-4-001,150,grams,"BLAST CHILLER, OVEN",Thawed & Squeezed Frozen Spinach,SUB-013405-4-001,166.68,grams,"BLAST CHILLER, HAND MIX, OVEN",,,,,,,,,,,"FA-DE Spinach, Frozen Leaf/Spinat, gefrorener Blattspinat",PHF-00-139242-1,277.01,277.01,grams,,,0.60173,277.01,grams
Garlic Spinach Stamppot,SUB-013577-4-001,Spinach - Garlic Spinach - Frzn Spinach - less garlic,SUB-013415-4-001,150,grams,"BLAST CHILLER, OVEN",,,,,,,,,,,,,,,,"FA-DE Oil, Olive /Öl, Olivenöl",PRO-00-139277-5,9.09,9.09,grams,,,0.8336,9.09,grams
Garlic and Chive Roasted Cauliflower Florets,SUB-029387-4-001,,,,,,,,,,,,,,,,,,,,,"FA-DE Cauliflower, Florets /Blumenkohl, Röschen",PHF-00-143426-3,63.4,63.4,grams,,,,63.4,grams
Garlic and Chive Roasted Cauliflower Florets,SUB-029387-4-001,,,,,,,,,,,,,,,,,,,,,"FA-DE Spice, Black Pepper, Ground /Gewürz, schwarzer Pfeffer, gemahlen",SPI-00-139334-5,0.1,0.1,grams,,,,0.1,grams
Garlic and Chive Roasted Cauliflower Florets,SUB-029387-4-001,,,,,,,,,,,,,,,,,,,,,"FA-DE Garlic, IQF, Diced 4 mm /Knoblauch, IQF, gewürfelt 4 mm",PHF-00-139237-1,1.5,1.5,grams,SCHWEFELDIOXIDE UND SULFITE,,,1.5,grams
Garlic and Chive Roasted Cauliflower Florets,SUB-029387-4-001,,,,,,,,,,,,,,,,,,,,,"FA-DE Spice, Sea Salt /Gewürze, Meersalz",SPI-00-139378-5,0.1,0.1,grams,,,,0.1,grams
Garlic and Chive Roasted Cauliflower Florets,SUB-029387-4-001,,,,,,,,,,,,,,,,,,,,,"FA-DE Chives, Dried /Schnittlauch, getrocknet",SPI-00-139322-5,0.1,0.1,grams,,,,0.1,grams
Garlic and Chive Roasted Cauliflower Florets,SUB-029387-4-001,,,,,,,,,,,,,,,,,,,,,"FA-DE Oil, Olive /Öl, Olivenöl",PRO-00-139277-5,2.6,2.6,grams,,,,2.6,grams
Garlic-herb Marinade - for barramundi,SUB-013602-4-001,,,,,,,,,,,,,,,,,,,,,"FA-DE Spice, Parsley Dried /Gewürze, getrocknete Petersilie",SPI-00-139374-5,0.12,0.12,grams,,,,0.12,grams
Garlic-herb Marinade - for barramundi,SUB-013602-4-001,,,,,,,,,,,,,,,,,,,,,"FA-DE Spice, Sea Salt /Gewürze, Meersalz",SPI-00-139378-5,0.59,0.59,grams,,,,0.59,grams
Garlic-herb Marinade - for barramundi,SUB-013602-4-001,,,,,,,,,,,,,,,,,,,,,"FA-DE Garlic, IQF, Diced 4 mm /Knoblauch, IQF, gewürfelt 4 mm",PHF-00-139237-1,0.74,0.74,grams,SCHWEFELDIOXIDE UND SULFITE,,,0.74,grams
Garlic-herb Marinade - for barramundi,SUB-013602-4-001,,,,,,,,,,,,,,,,,,,,,"FA-DE Chives, Dried /Schnittlauch, getrocknet",SPI-00-139322-5,0.12,0.12,grams,,,,0.12,grams
Garlic-herb Marinade - for barramundi,SUB-013602-4-001,,,,,,,,,,,,,,,,,,,,,"FA-DE Juice, Lemon /Saft, Zitrone",PRO-00-139265-5,0.74,0.74,grams,,,,0.74,grams
Garlic-herb Marinade - for barramundi,SUB-013602-4-001,,,,,,,,,,,,,,,,,,,,,"FA-DE Onion, Green, Sliced 5mm /Zwiebel, grün, in Scheiben geschnitten, 5 mm",PHF-00-149803-3,2.47,2.47,grams,,,,2.47,grams
Garlic-herb Marinade - for barramundi,SUB-013602-4-001,,,,,,,,,,,,,,,,,,,,,"FA-DE Oil, Olive /Öl, Olivenöl",PRO-00-139277-5,3.71,3.71,grams,,,,3.71,grams
Greek Herb Roasted Cherry Tomatoes - No Salt,SUB-029193-4-001,,,,,,,,,,,,,,,,,,,,,"FA-DE Tomatoes, Cherry/Tomaten, Kirsche",PHF-00-139190-3,4250,4250,grams,,,,4250,grams
Greek Herb Roasted Cherry Tomatoes - No Salt,SUB-029193-4-001,,,,,,,,,,,,,,,,,,,,,"FA-DE Spice, Garlic Granulated /Gewürz, Knoblauch granuliert",SPI-00-139353-5,7.81,7.81,grams,,,,7.81,grams
Greek Herb Roasted Cherry Tomatoes - No Salt,SUB-029193-4-001,,,,,,,,,,,,,,,,,,,,,"FA-DE Spice, Oregano Dry /Gewürz, Oregano trocken",SPI-00-139372-5,7.81,7.81,grams,,,,7.81,grams
Greek Herb Roasted Cherry Tomatoes - No Salt,SUB-029193-4-001,,,,,,,,,,,,,,,,,,,,,"FA-DE Spice, Black Pepper, Ground /Gewürz, schwarzer Pfeffer, gemahlen",SPI-00-139334-5,2.83,2.83,grams,,,,2.83,grams
Greek Herb Roasted Cherry Tomatoes - No Salt,SUB-029193-4-001,,,,,,,,,,,,,,,,,,,,,"FA-DE Oil, Olive /Öl, Olivenöl",PRO-00-139277-5,42.46,42.46,grams,,,,42.46,grams
Greek Herb Roasted Cherry Tomatoes - No Salt,SUB-029193-4-001,,,,,,,,,,,,,,,,,,,,,"FA-DE Spice, Sea Salt /Gewürze, Meersalz",SPI-00-139378-5,11.32,11.32,grams,,,,11.32,grams
Greek Lemon Rice - Brown Jasmine,SUB-029184-4-001,Cooked Greek Lemon Rice,SUB-029185-4-001,65.91,grams,"BLAST CHILLER, HAND MIX, OVEN",,,,,,,,,,,,,,,,"FA-DE Rice, Jasmine, Brown/Reis, Jasmin, braun",DRY-00-139169-5,25.04,25.04,grams,,,1.02005,25.04,grams
Greek Lemon Rice - Brown Jasmine,SUB-029184-4-001,Cooked Greek Lemon Rice,SUB-029185-4-001,65.91,grams,"BLAST CHILLER, HAND MIX, OVEN",,,,,,,,,,,,,,,,FA-DE Water / Wasser,OTH-00-144038-5,37.07,37.07,grams,,,1.02005,37.07,grams
Greek Lemon Rice - Brown Jasmine,SUB-029184-4-001,Cooked Greek Lemon Rice,SUB-029185-4-001,65.91,grams,"BLAST CHILLER, HAND MIX, OVEN",,,,,,,,,,,,,,,,"FA-DE Stock, Chicken, Reduced/Brühe, Huhn, Reduziert",PRO-00-139288-5,1.55,1.55,grams,,,1.02005,1.55,grams
Greek Lemon Rice - Brown Jasmine,SUB-029184-4-001,Cooked Greek Lemon Rice,SUB-029185-4-001,65.91,grams,"BLAST CHILLER, HAND MIX, OVEN",,,,,,,,,,,,,,,,"FA-DE Spice, Sea Salt /Gewürze, Meersalz",SPI-00-139378-5,0.2,0.2,grams,,,1.02005,0.2,grams
Greek Lemon Rice - Brown Jasmine,SUB-029184-4-001,Cooked Greek Lemon Rice,SUB-029185-4-001,65.91,grams,"BLAST CHILLER, HAND MIX, OVEN",,,,,,,,,,,,,,,,"FA-DE Spice, Garlic Powder, Toasted /Gewürz, Knoblauchpulver, geröstet",SPI-00-139354-5,0.34,0.34,grams,,,1.02005,0.34,grams
Greek Lemon Rice - Brown Jasmine,SUB-029184-4-001,Cooked Greek Lemon Rice,SUB-029185-4-001,65.91,grams,"BLAST CHILLER, HAND MIX, OVEN",,,,,,,,,,,,,,,,"FA-DE Spice, Turmeric /Gewürz, Kurkuma",SPI-00-139384-5,0.21,0.21,grams,,,1.02005,0.21,grams
Greek Lemon Rice - Brown Jasmine,SUB-029184-4-001,Cooked Greek Lemon Rice,SUB-029185-4-001,65.91,grams,"BLAST CHILLER, HAND MIX, OVEN",,,,,,,,,,,,,,,,"FA-DE Spice, Dill Dried /Gewürz, Dill getrocknet",SPI-00-139349-5,0.05,0.05,grams,,,1.02005,0.05,grams
Greek Lemon Rice - Brown Jasmine,SUB-029184-4-001,Cooked Greek Lemon Rice,SUB-029185-4-001,65.91,grams,"BLAST CHILLER, HAND MIX, OVEN",,,,,,,,,,,,,,,,"FA-DE Spice, Oregano Dry /Gewürz, Oregano trocken",SPI-00-139372-5,0.05,0.05,grams,,,1.02005,0.05,grams
Greek Lemon Rice - Brown Jasmine,SUB-029184-4-001,Cooked Greek Lemon Rice,SUB-029185-4-001,65.91,grams,"BLAST CHILLER, HAND MIX, OVEN",,,,,,,,,,,,,,,,"FA-DE Spice, Lemon Powder /Gewürz, Zitronenpulver",SPI-00-139362-5,0.1,0.1,grams,,,1.02005,0.1,grams
Greek Lemon Rice - Brown Jasmine,SUB-029184-4-001,Cooked Red Onions + Garlic - Lemon Juice and Dill,SUB-029187-4-001,21.97,grams,"BLAST CHILLER, OVEN",,,,,,,,,,,,,,,,"FA-DE Onion, Red, Diced 5mm /Zwiebeln, rot, gewürfelt 5 mm",PHF-00-139213-3,17.69,17.69,grams,,,0.78173,17.69,grams
Greek Lemon Rice - Brown Jasmine,SUB-029184-4-001,Cooked Red Onions + Garlic - Lemon Juice and Dill,SUB-029187-4-001,21.97,grams,"BLAST CHILLER, OVEN",,,,,,,,,,,,,,,,"FA-DE Garlic, IQF, Diced 4 mm /Knoblauch, IQF, gewürfelt 4 mm",PHF-00-139237-1,4.65,4.65,grams,SCHWEFELDIOXIDE UND SULFITE,,0.78173,4.65,grams
Greek Lemon Rice - Brown Jasmine,SUB-029184-4-001,Cooked Red Onions + Garlic - Lemon Juice and Dill,SUB-029187-4-001,21.97,grams,"BLAST CHILLER, OVEN",,,,,,,,,,,,,,,,"FA-DE Parsley, Chopped /Petersilie, gehackt",PHF-00-139215-3,2.56,2.56,grams,,,0.78173,2.56,grams
Greek Lemon Rice - Brown Jasmine,SUB-029184-4-001,Cooked Red Onions + Garlic - Lemon Juice and Dill,SUB-029187-4-001,21.97,grams,"BLAST CHILLER, OVEN",,,,,,,,,,,,,,,,"FA-DE Oil, Olive /Öl, Olivenöl",PRO-00-139277-5,0.88,0.88,grams,,,0.78173,0.88,grams
Greek Lemon Rice - Brown Jasmine,SUB-029184-4-001,Cooked Red Onions + Garlic - Lemon Juice and Dill,SUB-029187-4-001,21.97,grams,"BLAST CHILLER, OVEN",,,,,,,,,,,,,,,,"FA-DE Juice, Lemon /Saft, Zitrone",PRO-00-139265-5,2.32,2.32,grams,,,0.78173,2.32,grams
Greek Lemon Rice - Brown Jasmine,SUB-029184-4-001,Cooked Red Onions + Garlic - Lemon Juice and Dill,SUB-029187-4-001,21.97,grams,"BLAST CHILLER, OVEN",,,,,,,,,,,,,,,,"FA-DE Spice, Dill Dried /Gewürz, Dill getrocknet",SPI-00-139349-5,0.01,0.01,grams,,,0.78173,0.01,grams
"Green Beans -Roasted Green Beans w/Roasted Garlic less oil, less fat",SUB-032114-4-001,,,,,,,,,,,,,,,,,,,,,"FA-DE Spice, Black Pepper, Ground /Gewürz, schwarzer Pfeffer, gemahlen",SPI-00-139334-5,1,1,grams,,,,1,grams
"Green Beans -Roasted Green Beans w/Roasted Garlic less oil, less fat",SUB-032114-4-001,,,,,,,,,,,,,,,,,,,,,"FA-DE Spice, Sea Salt /Gewürze, Meersalz",SPI-00-139378-5,5,5,grams,,,,5,grams
"Green Beans -Roasted Green Beans w/Roasted Garlic less oil, less fat",SUB-032114-4-001,Roasted Garlic (use),SUB-013367-4-001,42.52,grams,"BLAST CHILLER, BRAISER, SPICE PORTIONING",,,,,,,,,,,,,,,,"FA-DE Garlic, Peeled, Whole Cloves [10kg] /Knoblauch, geschält, ganze Nelken [10kg]",PHF-00-139197-3,42.86,42.86,grams,,,0.56691,42.86,grams
"Green Beans -Roasted Green Beans w/Roasted Garlic less oil, less fat",SUB-032114-4-001,Roasted Garlic (use),SUB-013367-4-001,42.52,grams,"BLAST CHILLER, BRAISER, SPICE PORTIONING",,,,,,,,,,,,,,,,"FA-DE Oil, Olive /Öl, Olivenöl",PRO-00-139277-5,32.14,32.14,grams,,,0.56691,32.14,grams
"Green Beans -Roasted Green Beans w/Roasted Garlic less oil, less fat",SUB-032114-4-001,,,,,,,,,,,,,,,,,,,,,"FA-DE Green Beans, Fresh and Trimmed/Grüne Bohnen, frisch und geschnitten",PHF-00-139198-3,1410,1410,grams,,,,1410,grams
"Green Beans -Roasted Green Beans w/Roasted Garlic less oil, less fat",SUB-032114-4-001,,,,,,,,,,,,,,,,,,,,,"FA-DE Oil, Olive /Öl, Olivenöl",PRO-00-139277-5,37.7,37.7,grams,,,,37.7,grams
Green Beans CUT 1-1/2 - Fresh,SUB-013484-4-001,,,,,,,,,,,,,,,,,,,,,"FA-DE Oil, Olive /Öl, Olivenöl",PRO-00-139277-5,4.67,4.67,grams,,,,4.67,grams
Green Beans CUT 1-1/2 - Fresh,SUB-013484-4-001,,,,,,,,,,,,,,,,,,,,,"FA-DE Spice, Sea Salt /Gewürze, Meersalz",SPI-00-139378-5,0.52,0.52,grams,,,,0.52,grams
Green Beans CUT 1-1/2 - Fresh,SUB-013484-4-001,,,,,,,,,,,,,,,,,,,,,"FA-DE Spice, Black Pepper, Ground /Gewürz, schwarzer Pfeffer, gemahlen",SPI-00-139334-5,0.07,0.07,grams,,,,0.07,grams
Green Beans CUT 1-1/2 - Fresh,SUB-013484-4-001,,,,,,,,,,,,,,,,,,,,,"FA-DE Spice, Garlic Granulated /Gewürz, Knoblauch granuliert",SPI-00-139353-5,0.39,0.39,grams,,,,0.39,grams
Green Beans CUT 1-1/2 - Fresh,SUB-013484-4-001,,,,,,,,,,,,,,,,,,,,,"FA-DE Green Beans, Fresh, Cut 40mm /Grüne Bohnen, frisch, geschnitten 40mm",PHF-00-139199-3,90.86,90.86,grams,,,,90.86,grams
Green Beans CUT 1-1/2 - Fresh - Less Salt,SUB-029004-4-001,,,,,,,,,,,,,,,,,,,,,"FA-DE Oil, Olive /Öl, Olivenöl",PRO-00-139277-5,3.7,3.7,grams,,,,3.7,grams
Green Beans CUT 1-1/2 - Fresh - Less Salt,SUB-029004-4-001,,,,,,,,,,,,,,,,,,,,,"FA-DE Spice, Sea Salt /Gewürze, Meersalz",SPI-00-139378-5,0.3,0.3,grams,,,,0.3,grams
Green Beans CUT 1-1/2 - Fresh - Less Salt,SUB-029004-4-001,,,,,,,,,,,,,,,,,,,,,"FA-DE Spice, Black Pepper, Ground /Gewürz, schwarzer Pfeffer, gemahlen",SPI-00-139334-5,0.1,0.1,grams,,,,0.1,grams
Green Beans CUT 1-1/2 - Fresh - Less Salt,SUB-029004-4-001,,,,,,,,,,,,,,,,,,,,,"FA-DE Spice, Garlic Granulated /Gewürz, Knoblauch granuliert",SPI-00-139353-5,0.3,0.3,grams,,,,0.3,grams
Green Beans CUT 1-1/2 - Fresh - Less Salt,SUB-029004-4-001,,,,,,,,,,,,,,,,,,,,,"FA-DE Green Beans, Fresh, Cut 40mm /Grüne Bohnen, frisch, geschnitten 40mm",PHF-00-139199-3,72.5,72.5,grams,,,,72.5,grams
Green beans - Garlic Chili Green Beans less salt,SUB-014038-4-001,,,,,,,,,,,,,,,,,,,,,"FA-DE Onion, Green, Sliced 5mm /Zwiebel, grün, in Scheiben geschnitten, 5 mm",PHF-00-149803-3,91.29,91.29,grams,,,,91.29,grams
Green beans - Garlic Chili Green Beans less salt,SUB-014038-4-001,,,,,,,,,,,,,,,,,,,,,"FA-DE Spice, Minced Garlic, Toasted, Dry /Gewürz, gehackter Knoblauch, geröstet, trocken",SPI-00-139367-5,20.7,20.7,grams,,,,20.7,grams
Green beans - Garlic Chili Green Beans less salt,SUB-014038-4-001,,,,,,,,,,,,,,,,,,,,,"FA-DE Oil, Olive /Öl, Olivenöl",PRO-00-139277-5,690.03,690.03,grams,,,,690.03,grams
Green beans - Garlic Chili Green Beans less salt,SUB-014038-4-001,,,,,,,,,,,,,,,,,,,,,"FA-DE Green Beans, Fresh and Trimmed/Grüne Bohnen, frisch und geschnitten",PHF-00-139198-3,6580,6580,grams,,,,6580,grams
Green beans - Garlic Chili Green Beans less salt,SUB-014038-4-001,,,,,,,,,,,,,,,,,,,,,"FA-DE Spice, Gochugaru Chili Pepper Flakes /Gewürz, Gochugaru-Chili-Pfefferflocken",SPI-00-139356-5,6.24,6.24,grams,,,,6.24,grams
Green beans - Garlic Chili Green Beans less salt,SUB-014038-4-001,,,,,,,,,,,,,,,,,,,,,"FA-DE Spice, Black Pepper, Ground /Gewürz, schwarzer Pfeffer, gemahlen",SPI-00-139334-5,20.7,20.7,grams,,,,20.7,grams
Green beans - Garlic Chili Green Beans less salt,SUB-014038-4-001,,,,,,,,,,,,,,,,,,,,,"FA-DE Spice, Sea Salt /Gewürze, Meersalz",SPI-00-139378-5,17.29,17.29,grams,,,,17.29,grams
"Green beans - Plain S&P Roasted Green Beans, Whole",SUB-013395-4-001,,,,,,,,,,,,,,,,,,,,,"FA-DE Oil, Olive /Öl, Olivenöl",PRO-00-139277-5,64.06,64.06,grams,,,,64.06,grams
"Green beans - Plain S&P Roasted Green Beans, Whole",SUB-013395-4-001,,,,,,,,,,,,,,,,,,,,,"FA-DE Spice, Sea Salt /Gewürze, Meersalz",SPI-00-139378-5,12.5,12.5,grams,,,,12.5,grams
"Green beans - Plain S&P Roasted Green Beans, Whole",SUB-013395-4-001,,,,,,,,,,,,,,,,,,,,,"FA-DE Green Beans, Fresh and Trimmed/Grüne Bohnen, frisch und geschnitten",PHF-00-139198-3,4700,4700,grams,,,,4700,grams
"Green beans - Plain S&P Roasted Green Beans, Whole",SUB-013395-4-001,,,,,,,,,,,,,,,,,,,,,"FA-DE Spice, Black Pepper, Ground /Gewürz, schwarzer Pfeffer, gemahlen",SPI-00-139334-5,7.7,7.7,grams,,,,7.7,grams
Green beans - Roasted Green Beans w/ Roasted Garlic - Less Oil,SUB-013529-4-001,,,,,,,,,,,,,,,,,,,,,"FA-DE Spice, Black Pepper, Ground /Gewürz, schwarzer Pfeffer, gemahlen",SPI-00-139334-5,1,1,grams,,,,1,grams
Green beans - Roasted Green Beans w/ Roasted Garlic - Less Oil,SUB-013529-4-001,,,,,,,,,,,,,,,,,,,,,"FA-DE Spice, Sea Salt /Gewürze, Meersalz",SPI-00-139378-5,2.84,2.84,grams,,,,2.84,grams
Green beans - Roasted Green Beans w/ Roasted Garlic - Less Oil,SUB-013529-4-001,Roasted Garlic (use),SUB-013367-4-001,42.52,grams,"BLAST CHILLER, BRAISER, SPICE PORTIONING",,,,,,,,,,,,,,,,"FA-DE Garlic, Peeled, Whole Cloves [10kg] /Knoblauch, geschält, ganze Nelken [10kg]",PHF-00-139197-3,42.86,42.86,grams,,,0.56691,42.86,grams
Green beans - Roasted Green Beans w/ Roasted Garlic - Less Oil,SUB-013529-4-001,Roasted Garlic (use),SUB-013367-4-001,42.52,grams,"BLAST CHILLER, BRAISER, SPICE PORTIONING",,,,,,,,,,,,,,,,"FA-DE Oil, Olive /Öl, Olivenöl",PRO-00-139277-5,32.14,32.14,grams,,,0.56691,32.14,grams
Green beans - Roasted Green Beans w/ Roasted Garlic - Less Oil,SUB-013529-4-001,,,,,,,,,,,,,,,,,,,,,"FA-DE Green Beans, Fresh and Trimmed/Grüne Bohnen, frisch und geschnitten",PHF-00-139198-3,1410,1410,grams,,,,1410,grams
Green beans - Roasted Green Beans w/ Roasted Garlic - Less Oil,SUB-013529-4-001,,,,,,,,,,,,,,,,,,,,,"FA-DE Oil, Olive /Öl, Olivenöl",PRO-00-139277-5,56.7,56.7,grams,,,,56.7,grams
"Green beans - S&P Roasted Green Beans, 40mm Cut -  Less Salt",SUB-013569-4-001,,,,,,,,,,,,,,,,,,,,,"FA-DE Onion, Green, Sliced 5mm /Zwiebel, grün, in Scheiben geschnitten, 5 mm",PHF-00-149803-3,56.7,56.7,grams,,,,56.7,grams
"Green beans - S&P Roasted Green Beans, 40mm Cut -  Less Salt",SUB-013569-4-001,,,,,,,,,,,,,,,,,,,,,"FA-DE Oil, Olive /Öl, Olivenöl",PRO-00-139277-5,425.24,425.24,grams,,,,425.24,grams
"Green beans - S&P Roasted Green Beans, 40mm Cut -  Less Salt",SUB-013569-4-001,,,,,,,,,,,,,,,,,,,,,"FA-DE Spice, Black Pepper, Ground /Gewürz, schwarzer Pfeffer, gemahlen",SPI-00-139334-5,8.5,8.5,grams,,,,8.5,grams
"Green beans - S&P Roasted Green Beans, 40mm Cut -  Less Salt",SUB-013569-4-001,,,,,,,,,,,,,,,,,,,,,"FA-DE Green Beans, Fresh, Cut 40mm /Grüne Bohnen, frisch, geschnitten 40mm",PHF-00-139199-3,4080,4080,grams,,,,4080,grams
"Green beans - S&P Roasted Green Beans, 40mm Cut -  Less Salt",SUB-013569-4-001,,,,,,,,,,,,,,,,,,,,,"FA-DE Spice, Sea Salt /Gewürze, Meersalz",SPI-00-139378-5,4.11,4.11,grams,,,,4.11,grams
Green beans - oil and sea salt,SUB-013552-4-001,,,,,,,,,,,,,,,,,,,,,"FA-DE Oil, Olive /Öl, Olivenöl",PRO-00-139277-5,1.7,1.7,grams,,,,1.7,grams
Green beans - oil and sea salt,SUB-013552-4-001,,,,,,,,,,,,,,,,,,,,,"FA-DE Green Beans, Fresh and Trimmed/Grüne Bohnen, frisch und geschnitten",PHF-00-139198-3,83.92,83.92,grams,,,,83.92,grams
Green beans - oil and sea salt,SUB-013552-4-001,,,,,,,,,,,,,,,,,,,,,"FA-DE Spice, Sea Salt /Gewürze, Meersalz",SPI-00-139378-5,0.28,0.28,grams,,,,0.28,grams
Grilled Chicken Breast Marinade #4 - Garlic Herb (EACH),SUB-014216-4-001,Chicken Breast - BRINED 160g,SUB-013527-4-001,160,grams,BRINE,,,,,,,,,,,,,,,,"FA-DE Chicken, Breast, B/S - 160g/Hähnchen, Brust, B/S – 160 g",PTN-00-139317-3,160,160,grams,,,0.4978,160,grams
Grilled Chicken Breast Marinade #4 - Garlic Herb (EACH),SUB-014216-4-001,Chicken Breast - BRINED 160g,SUB-013527-4-001,160,grams,BRINE,,,,,,,,,,,,,,,,FA-DE Water / Wasser,OTH-00-144038-5,160,160,grams,,,0.4978,160,grams
Grilled Chicken Breast Marinade #4 - Garlic Herb (EACH),SUB-014216-4-001,Chicken Breast - BRINED 160g,SUB-013527-4-001,160,grams,BRINE,,,,,,,,,,,,,,,,"FA-DE Spice, Sea Salt /Gewürze, Meersalz",SPI-00-139378-5,1.41,1.41,grams,,,0.4978,1.41,grams
Grilled Chicken Breast Marinade #4 - Garlic Herb (EACH),SUB-014216-4-001,Mod Marinade #4 - Garlic and Herb,SUB-013452-4-001,4.5,grams,IMMERSION BLENDER,,,,,,,,,,,,,,,,"FA-DE Oil, Olive /Öl, Olivenöl",PRO-00-139277-5,2.45,2.45,grams,,,0.98976,2.45,grams
Grilled Chicken Breast Marinade #4 - Garlic Herb (EACH),SUB-014216-4-001,Mod Marinade #4 - Garlic and Herb,SUB-013452-4-001,4.5,grams,IMMERSION BLENDER,,,,,,,,,,,,,,,,"FA-DE Vinegar, Red Wine /Essig, Rotwein",PRO-00-139301-5,0.82,0.82,grams,,,0.98976,0.82,grams
Grilled Chicken Breast Marinade #4 - Garlic Herb (EACH),SUB-014216-4-001,Mod Marinade #4 - Garlic and Herb,SUB-013452-4-001,4.5,grams,IMMERSION BLENDER,,,,,,,,,,,,,,,,"FA-DE Garlic, IQF, Diced 4 mm /Knoblauch, IQF, gewürfelt 4 mm",PHF-00-139237-1,0.82,0.82,grams,SCHWEFELDIOXIDE UND SULFITE,,0.98976,0.82,grams
Grilled Chicken Breast Marinade #4 - Garlic Herb (EACH),SUB-014216-4-001,Mod Marinade #4 - Garlic and Herb,SUB-013452-4-001,4.5,grams,IMMERSION BLENDER,,,,,,,,,,,,,,,,"FA-DE Spice, Garlic Granulated /Gewürz, Knoblauch granuliert",SPI-00-139353-5,0.19,0.19,grams,,,0.98976,0.19,grams
Grilled Chicken Breast Marinade #4 - Garlic Herb (EACH),SUB-014216-4-001,Mod Marinade #4 - Garlic and Herb,SUB-013452-4-001,4.5,grams,IMMERSION BLENDER,,,,,,,,,,,,,,,,"FA-DE Spice, Parsley Dried /Gewürze, getrocknete Petersilie",SPI-00-139374-5,0.12,0.12,grams,,,0.98976,0.12,grams
Grilled Chicken Breast Marinade #4 - Garlic Herb (EACH),SUB-014216-4-001,Mod Marinade #4 - Garlic and Herb,SUB-013452-4-001,4.5,grams,IMMERSION BLENDER,,,,,,,,,,,,,,,,"FA-DE Spice, Black Pepper, Ground /Gewürz, schwarzer Pfeffer, gemahlen",SPI-00-139334-5,0.05,0.05,grams,,,0.98976,0.05,grams
Grilled Chicken Breast Marinade #4 - Garlic Herb (EACH),SUB-014216-4-001,Mod Marinade #4 - Garlic and Herb,SUB-013452-4-001,4.5,grams,IMMERSION BLENDER,,,,,,,,,,,,,,,,"FA-DE Spice, Sea Salt /Gewürze, Meersalz",SPI-00-139378-5,0.09,0.09,grams,,,0.98976,0.09,grams
Grilled Chicken Breast Marinade #6 - Asian (EACH),SUB-016253-4-001,Chicken Breast - BRINED 160g,SUB-013527-4-001,160,grams,BRINE,,,,,,,,,,,,,,,,"FA-DE Chicken, Breast, B/S - 160g/Hähnchen, Brust, B/S – 160 g",PTN-00-139317-3,160,160,grams,,,0.4978,160,grams
Grilled Chicken Breast Marinade #6 - Asian (EACH),SUB-016253-4-001,Chicken Breast - BRINED 160g,SUB-013527-4-001,160,grams,BRINE,,,,,,,,,,,,,,,,FA-DE Water / Wasser,OTH-00-144038-5,160,160,grams,,,0.4978,160,grams
Grilled Chicken Breast Marinade #6 - Asian (EACH),SUB-016253-4-001,Chicken Breast - BRINED 160g,SUB-013527-4-001,160,grams,BRINE,,,,,,,,,,,,,,,,"FA-DE Spice, Sea Salt /Gewürze, Meersalz",SPI-00-139378-5,1.41,1.41,grams,,,0.4978,1.41,grams
Grilled Chicken Breast Marinade #6 - Asian (EACH),SUB-016253-4-001,Mod Marinade #6 - Asian,SUB-016246-4-001,5.4,grams,IMMERSION BLENDER,,,,,,,,,,,,,,,,"FA-DE Onion, Green, Sliced 5mm /Zwiebel, grün, in Scheiben geschnitten, 5 mm",PHF-00-149803-3,0.86,0.86,grams,,,0.99821,0.86,grams
Grilled Chicken Breast Marinade #6 - Asian (EACH),SUB-016253-4-001,Mod Marinade #6 - Asian,SUB-016246-4-001,5.4,grams,IMMERSION BLENDER,,,,,,,,,,,,,,,,"FA-DE Garlic, IQF, Diced 4 mm /Knoblauch, IQF, gewürfelt 4 mm",PHF-00-139237-1,0.86,0.86,grams,SCHWEFELDIOXIDE UND SULFITE,,0.99821,0.86,grams
Grilled Chicken Breast Marinade #6 - Asian (EACH),SUB-016253-4-001,Mod Marinade #6 - Asian,SUB-016246-4-001,5.4,grams,IMMERSION BLENDER,,,,,,,,,,,,,,,,"FA-DE Ginger, IQF, Diced 4 mm /Ingwer, IQF, gewürfelt 4 mm",PHF-00-139238-1,0.64,0.64,grams,SCHWEFELDIOXIDE UND SULFITE,,0.99821,0.64,grams
Grilled Chicken Breast Marinade #6 - Asian (EACH),SUB-016253-4-001,Mod Marinade #6 - Asian,SUB-016246-4-001,5.4,grams,IMMERSION BLENDER,,,,,,,,,,,,,,,,"FA-DE Tamari, Reduced Sodium Soy Sauce /Tamari, natriumreduzierte Sojasauce",PRO-00-139291-5,0.54,0.54,grams,SOJA,,0.99821,0.54,grams
Grilled Chicken Breast Marinade #6 - Asian (EACH),SUB-016253-4-001,Mod Marinade #6 - Asian,SUB-016246-4-001,5.4,grams,IMMERSION BLENDER,,,,,,,,,,,,,,,,FA-DE Honey /Honig – Masse,PRO-00-139266-5,0.54,0.54,grams,,,0.99821,0.54,grams
Grilled Chicken Breast Marinade #6 - Asian (EACH),SUB-016253-4-001,Mod Marinade #6 - Asian,SUB-016246-4-001,5.4,grams,IMMERSION BLENDER,,,,,,,,,,,,,,,,"FA-DE Vinegar, Rice /Essig, Reis",PRO-00-139300-5,0.21,0.21,grams,,,0.99821,0.21,grams
Grilled Chicken Breast Marinade #6 - Asian (EACH),SUB-016253-4-001,Mod Marinade #6 - Asian,SUB-016246-4-001,5.4,grams,IMMERSION BLENDER,,,,,,,,,,,,,,,,"FA-DE Spice, White Pepper /Gewürz, weißer Pfeffer",SPI-00-139387-5,0.03,0.03,grams,,,0.99821,0.03,grams
Grilled Chicken Breast Marinade #6 - Asian (EACH),SUB-016253-4-001,Mod Marinade #6 - Asian,SUB-016246-4-001,5.4,grams,IMMERSION BLENDER,,,,,,,,,,,,,,,,"FA-DE Spice, Sea Salt /Gewürze, Meersalz",SPI-00-139378-5,0.01,0.01,grams,,,0.99821,0.01,grams
Grilled Chicken Breast Marinade #6 - Asian (EACH),SUB-016253-4-001,Mod Marinade #6 - Asian,SUB-016246-4-001,5.4,grams,IMMERSION BLENDER,,,,,,,,,,,,,,,,"FA-DE Spice, Gochugaru Chili Pepper Flakes /Gewürz, Gochugaru-Chili-Pfefferflocken",SPI-00-139356-5,0,0,grams,,,0.99821,0,grams
Grilled Chicken Breast Marinade #6 - Asian (EACH),SUB-016253-4-001,Mod Marinade #6 - Asian,SUB-016246-4-001,5.4,grams,IMMERSION BLENDER,,,,,,,,,,,,,,,,"FA-DE Oil, Olive /Öl, Olivenöl",PRO-00-139277-5,0.86,0.86,grams,,,0.99821,0.86,grams
Grilled Chicken Breast Marinade #6 - Asian (EACH),SUB-016253-4-001,Mod Marinade #6 - Asian,SUB-016246-4-001,5.4,grams,IMMERSION BLENDER,,,,,,,,,,,,,,,,"FA-DE Oil, Sesame Seed, Toasted /Öl, Sesamsamen, geröstet",PRO-00-139280-5,0.86,0.86,grams,SESAMSAMEN,,0.99821,0.86,grams
Ground Beef - cooked,SUB-013435-4-001,,,,,,,,,,,,,,,,,,,,,"FA-DE Beef, Ground, 80/20 /Rindfleisch, gemahlen, 80/20",PTN-00-139319-3,45340,45340,grams,,,,45340,grams
Heavy Cream- Yielded,SUB-013449-4-001,,,,,,,,,,,,,,,,,,,,,FA-DE Heavy Cream 20% /Sahne 20%,DAI-00-139137-3,2100,2100,grams,MILCH (EINSCHLIESSLICH LAKTOSE),,,2100,grams
Herb Crusted Chicken Crust,SUB-013810-4-001,,,,,,,,,,,,,,,,,,,,,"FA-DE Butter, Unsalted /Butter, ungesalzen",DAI-00-139146-3,6.8,6.8,grams,MILCH (EINSCHLIESSLICH LAKTOSE),,,6.8,grams
Herb Crusted Chicken Crust,SUB-013810-4-001,,,,,,,,,,,,,,,,,,,,,"FA-DE Mayo, Avocado (Egg) /Mayo, Avocado (Ei)",PRO-00-139271-5,12.19,12.19,grams,"EIER, SENF",,,12.19,grams
Herb Crusted Chicken Crust,SUB-013810-4-001,,,,,,,,,,,,,,,,,,,,,"FA-DE Spice, Basil, Dried /Gewürz, Basilikum, getrocknet",SPI-00-139331-5,0.11,0.11,grams,,,,0.11,grams
Herb Crusted Chicken Crust,SUB-013810-4-001,,,,,,,,,,,,,,,,,,,,,"FA-DE Spice, Parsley Dried /Gewürze, getrocknete Petersilie",SPI-00-139374-5,0.14,0.14,grams,,,,0.14,grams
Herb Crusted Chicken Crust,SUB-013810-4-001,,,,,,,,,,,,,,,,,,,,,"FA-DE Spice, Garlic Granulated /Gewürz, Knoblauch granuliert",SPI-00-139353-5,0.91,0.91,grams,,,,0.91,grams
Herb Crusted Chicken Crust,SUB-013810-4-001,,,,,,,,,,,,,,,,,,,,,"FA-DE Cheese, Parmesan, Grated /Käse, Parmesan, gerieben",DAI-00-139127-3,7.31,7.31,grams,MILCH (EINSCHLIESSLICH LAKTOSE),,,7.31,grams
Herb Crusted Chicken Crust,SUB-013810-4-001,,,,,,,,,,,,,,,,,,,,,"FA-DE Flour, Almond /Mehl, Mandel",DRY-00-139154-5,9.64,9.64,grams,"MANDELN, SCHALENFRÜCHTE",,,9.64,grams
Herb Crusted Chicken Crust,SUB-013810-4-001,,,,,,,,,,,,,,,,,,,,,"FA-DE Spice, Oregano Dry /Gewürz, Oregano trocken",SPI-00-139372-5,0.04,0.04,grams,,,,0.04,grams
Herb Marinade for Pork Tenderloin,SUB-031651-4-001,,,,,,,,,,,,,,,,,,,,,"FA-DE Oil, Olive /Öl, Olivenöl",PRO-00-139277-5,12.73,12.73,grams,,,,12.73,grams
Herb Marinade for Pork Tenderloin,SUB-031651-4-001,,,,,,,,,,,,,,,,,,,,,"FA-DE Spice, Oregano Dry /Gewürz, Oregano trocken",SPI-00-139372-5,0.03,0.03,grams,,,,0.03,grams
Herb Marinade for Pork Tenderloin,SUB-031651-4-001,,,,,,,,,,,,,,,,,,,,,"FA-DE Spice, Garlic Granulated /Gewürz, Knoblauch granuliert",SPI-00-139353-5,0.27,0.27,grams,,,,0.27,grams
Herb Marinade for Pork Tenderloin,SUB-031651-4-001,,,,,,,,,,,,,,,,,,,,,"FA-DE Spice, Parsley Dried /Gewürze, getrocknete Petersilie",SPI-00-139374-5,0.03,0.03,grams,,,,0.03,grams
Herb Marinade for Pork Tenderloin,SUB-031651-4-001,,,,,,,,,,,,,,,,,,,,,"FA-DE Chives, Dried /Schnittlauch, getrocknet",SPI-00-139322-5,0.06,0.06,grams,,,,0.06,grams
Herb Marinade for Pork Tenderloin,SUB-031651-4-001,,,,,,,,,,,,,,,,,,,,,"FA-DE Spice, Sea Salt /Gewürze, Meersalz",SPI-00-139378-5,0.31,0.31,grams,,,,0.31,grams
Herb Marinade for Pork Tenderloin,SUB-031651-4-001,,,,,,,,,,,,,,,,,,,,,"FA-DE Spice, Onion Granulated /Gewürze, Zwiebeln granuliert",SPI-00-139370-5,0.14,0.14,grams,,,,0.14,grams
Herb Marinade for Pork Tenderloin,SUB-031651-4-001,,,,,,,,,,,,,,,,,,,,,"FA-DE Spice, Black Pepper, Ground /Gewürz, schwarzer Pfeffer, gemahlen",SPI-00-139334-5,0.21,0.21,grams,,,,0.21,grams
Herb marinade for Herb grilled Chicken Breast,SUB-031653-4-001,,,,,,,,,,,,,,,,,,,,,"FA-DE Spice, Sea Salt /Gewürze, Meersalz",SPI-00-139378-5,0.12,0.12,grams,,,,0.12,grams
Herb marinade for Herb grilled Chicken Breast,SUB-031653-4-001,Roasted Garlic oil,SUB-013367-4-002,6,grams,"BLAST CHILLER, OVEN",,,,,,,,,,,,,,,,"FA-DE Garlic, Peeled, Whole Cloves [10kg] /Knoblauch, geschält, ganze Nelken [10kg]",PHF-00-139197-3,8.26,8.26,grams,,,0.415,8.26,grams
Herb marinade for Herb grilled Chicken Breast,SUB-031653-4-001,Roasted Garlic oil,SUB-013367-4-002,6,grams,"BLAST CHILLER, OVEN",,,,,,,,,,,,,,,,"FA-DE Oil, Olive /Öl, Olivenöl",PRO-00-139277-5,6.2,6.2,grams,,,0.415,6.2,grams
Herb marinade for Herb grilled Chicken Breast,SUB-031653-4-001,,,,,,,,,,,,,,,,,,,,,"FA-DE Spice, Italian Seasoning /Gewürze, italienische Gewürze",SPI-00-139359-5,0.12,0.12,grams,,,,0.12,grams
Herb-Crusted Chicken - 1 piece,SUB-013811-4-001,Chicken Breast - BRINED 160g,SUB-013527-4-001,160,grams,BRINE,,,,,,,,,,,,,,,,"FA-DE Chicken, Breast, B/S - 160g/Hähnchen, Brust, B/S – 160 g",PTN-00-139317-3,160,160,grams,,,0.4978,160,grams
Herb-Crusted Chicken - 1 piece,SUB-013811-4-001,Chicken Breast - BRINED 160g,SUB-013527-4-001,160,grams,BRINE,,,,,,,,,,,,,,,,FA-DE Water / Wasser,OTH-00-144038-5,160,160,grams,,,0.4978,160,grams
Herb-Crusted Chicken - 1 piece,SUB-013811-4-001,Chicken Breast - BRINED 160g,SUB-013527-4-001,160,grams,BRINE,,,,,,,,,,,,,,,,"FA-DE Spice, Sea Salt /Gewürze, Meersalz",SPI-00-139378-5,1.41,1.41,grams,,,0.4978,1.41,grams
Herb-Crusted Chicken - 1 piece,SUB-013811-4-001,Herb Crusted Chicken Crust,SUB-013810-4-001,30,grams,PLANETARY MIXER,,,,,,,,,,,,,,,,"FA-DE Butter, Unsalted /Butter, ungesalzen",DAI-00-139146-3,5.54,5.54,grams,MILCH (EINSCHLIESSLICH LAKTOSE),,0.99085,5.54,grams
Herb-Crusted Chicken - 1 piece,SUB-013811-4-001,Herb Crusted Chicken Crust,SUB-013810-4-001,30,grams,PLANETARY MIXER,,,,,,,,,,,,,,,,"FA-DE Mayo, Avocado (Egg) /Mayo, Avocado (Ei)",PRO-00-139271-5,9.94,9.94,grams,"EIER, SENF",,0.99085,9.94,grams
Herb-Crusted Chicken - 1 piece,SUB-013811-4-001,Herb Crusted Chicken Crust,SUB-013810-4-001,30,grams,PLANETARY MIXER,,,,,,,,,,,,,,,,"FA-DE Spice, Basil, Dried /Gewürz, Basilikum, getrocknet",SPI-00-139331-5,0.09,0.09,grams,,,0.99085,0.09,grams
Herb-Crusted Chicken - 1 piece,SUB-013811-4-001,Herb Crusted Chicken Crust,SUB-013810-4-001,30,grams,PLANETARY MIXER,,,,,,,,,,,,,,,,"FA-DE Spice, Parsley Dried /Gewürze, getrocknete Petersilie",SPI-00-139374-5,0.11,0.11,grams,,,0.99085,0.11,grams
Herb-Crusted Chicken - 1 piece,SUB-013811-4-001,Herb Crusted Chicken Crust,SUB-013810-4-001,30,grams,PLANETARY MIXER,,,,,,,,,,,,,,,,"FA-DE Spice, Garlic Granulated /Gewürz, Knoblauch granuliert",SPI-00-139353-5,0.74,0.74,grams,,,0.99085,0.74,grams
Herb-Crusted Chicken - 1 piece,SUB-013811-4-001,Herb Crusted Chicken Crust,SUB-013810-4-001,30,grams,PLANETARY MIXER,,,,,,,,,,,,,,,,"FA-DE Cheese, Parmesan, Grated /Käse, Parmesan, gerieben",DAI-00-139127-3,5.96,5.96,grams,MILCH (EINSCHLIESSLICH LAKTOSE),,0.99085,5.96,grams
Herb-Crusted Chicken - 1 piece,SUB-013811-4-001,Herb Crusted Chicken Crust,SUB-013810-4-001,30,grams,PLANETARY MIXER,,,,,,,,,,,,,,,,"FA-DE Flour, Almond /Mehl, Mandel",DRY-00-139154-5,7.86,7.86,grams,"MANDELN, SCHALENFRÜCHTE",,0.99085,7.86,grams
Herb-Crusted Chicken - 1 piece,SUB-013811-4-001,Herb Crusted Chicken Crust,SUB-013810-4-001,30,grams,PLANETARY MIXER,,,,,,,,,,,,,,,,"FA-DE Spice, Oregano Dry /Gewürz, Oregano trocken",SPI-00-139372-5,0.03,0.03,grams,,,0.99085,0.03,grams
Herb-Parmesan Butter (best),SUB-014168-4-001,Spice Pack Herb-Parmesan Butter (best),SUB-014167-4-001,2.55,grams,HAND MIX,,,,,,,,,,,,,,,,"FA-DE Spice, Sea Salt /Gewürze, Meersalz",SPI-00-139378-5,0.1,0.1,grams,,,1.00385,0.1,grams
Herb-Parmesan Butter (best),SUB-014168-4-001,Spice Pack Herb-Parmesan Butter (best),SUB-014167-4-001,2.55,grams,HAND MIX,,,,,,,,,,,,,,,,"FA-DE Chives, Dried /Schnittlauch, getrocknet",SPI-00-139322-5,0.08,0.08,grams,,,1.00385,0.08,grams
Herb-Parmesan Butter (best),SUB-014168-4-001,Spice Pack Herb-Parmesan Butter (best),SUB-014167-4-001,2.55,grams,HAND MIX,,,,,,,,,,,,,,,,"FA-DE Cheese, Parmesan, Grated /Käse, Parmesan, gerieben",DAI-00-139127-3,2.19,2.19,grams,MILCH (EINSCHLIESSLICH LAKTOSE),,1.00385,2.19,grams
Herb-Parmesan Butter (best),SUB-014168-4-001,Spice Pack Herb-Parmesan Butter (best),SUB-014167-4-001,2.55,grams,HAND MIX,,,,,,,,,,,,,,,,"FA-DE Spice, Black Pepper, Ground /Gewürz, schwarzer Pfeffer, gemahlen",SPI-00-139334-5,0.1,0.1,grams,,,1.00385,0.1,grams
Herb-Parmesan Butter (best),SUB-014168-4-001,Spice Pack Herb-Parmesan Butter (best),SUB-014167-4-001,2.55,grams,HAND MIX,,,,,,,,,,,,,,,,"FA-DE Spice, Parsley Dried /Gewürze, getrocknete Petersilie",SPI-00-139374-5,0.08,0.08,grams,,,1.00385,0.08,grams
Herb-Parmesan Butter (best),SUB-014168-4-001,,,,,,,,,,,,,,,,,,,,,"FA-DE Butter, Unsalted /Butter, ungesalzen",DAI-00-139146-3,10.15,10.15,grams,MILCH (EINSCHLIESSLICH LAKTOSE),,,10.15,grams
Honey-Garlic Roasted Carrot Coins,SUB-013578-4-001,,,,,,,,,,,,,,,,,,,,,"FA-DE Spice, Sea Salt /Gewürze, Meersalz",SPI-00-139378-5,2.84,2.84,grams,,,,2.84,grams
Honey-Garlic Roasted Carrot Coins,SUB-013578-4-001,,,,,,,,,,,,,,,,,,,,,"FA-DE Spice, Black Pepper, Ground /Gewürz, schwarzer Pfeffer, gemahlen",SPI-00-139334-5,1,1,grams,,,,1,grams
Honey-Garlic Roasted Carrot Coins,SUB-013578-4-001,,,,,,,,,,,,,,,,,,,,,FA-DE Honey /Honig – Masse,PRO-00-139266-5,53.86,53.86,grams,,,,53.86,grams
Honey-Garlic Roasted Carrot Coins,SUB-013578-4-001,,,,,,,,,,,,,,,,,,,,,"FA-DE Spice, Parsley Dried /Gewürze, getrocknete Petersilie",SPI-00-139374-5,1.13,1.13,grams,,,,1.13,grams
Honey-Garlic Roasted Carrot Coins,SUB-013578-4-001,,,,,,,,,,,,,,,,,,,,,"FA-DE Chives, Dried /Schnittlauch, getrocknet",SPI-00-139322-5,0.57,0.57,grams,,,,0.57,grams
Honey-Garlic Roasted Carrot Coins,SUB-013578-4-001,,,,,,,,,,,,,,,,,,,,,"FA-DE Carrots, Coin Cut 5mm /Karotten, Münzschnitt 5 mm",PHF-00-139185-3,862.68,862.68,grams,,,,862.68,grams
Honey-Garlic Roasted Carrot Coins,SUB-013578-4-001,,,,,,,,,,,,,,,,,,,,,"FA-DE Oil, Olive /Öl, Olivenöl",PRO-00-139277-5,26.93,26.93,grams,,,,26.93,grams
Honey-Garlic Roasted Carrot Coins,SUB-013578-4-001,Roasted Garlic (use),SUB-013367-4-001,40.54,grams,"BLAST CHILLER, BRAISER, SPICE PORTIONING",,,,,,,,,,,,,,,,"FA-DE Garlic, Peeled, Whole Cloves [10kg] /Knoblauch, geschält, ganze Nelken [10kg]",PHF-00-139197-3,40.86,40.86,grams,,,0.56691,40.86,grams
Honey-Garlic Roasted Carrot Coins,SUB-013578-4-001,Roasted Garlic (use),SUB-013367-4-001,40.54,grams,"BLAST CHILLER, BRAISER, SPICE PORTIONING",,,,,,,,,,,,,,,,"FA-DE Oil, Olive /Öl, Olivenöl",PRO-00-139277-5,30.65,30.65,grams,,,0.56691,30.65,grams
Hydrated Sun-Dried Tomatoes,SUB-013501-4-001,,,,,,,,,,,,,,,,,,,,,"FA-DE Tomatoes, Sun - Dried Julienned /Tomaten, sonnengetrocknete Julienne",PRO-00-139296-5,45360,45360,grams,,,,45360,grams
Hydrated Sun-Dried Tomatoes,SUB-013501-4-001,,,,,,,,,,,,,,,,,,,,,FA-DE Water / Wasser,OTH-00-144038-5,45360,45360,grams,,,,45360,grams
Jalapeno Roasted Zucchini,SUB-013881-4-001,,,,,,,,,,,,,,,,,,,,,"FA-DE Spice, Sea Salt /Gewürze, Meersalz",SPI-00-139378-5,0.55,0.55,grams,,,,0.55,grams
Jalapeno Roasted Zucchini,SUB-013881-4-001,Roasted Garlic oil,SUB-013367-4-002,1.55,grams,"BLAST CHILLER, OVEN",,,,,,,,,,,,,,,,"FA-DE Garlic, Peeled, Whole Cloves [10kg] /Knoblauch, geschält, ganze Nelken [10kg]",PHF-00-139197-3,2.13,2.13,grams,,,0.415,2.13,grams
Jalapeno Roasted Zucchini,SUB-013881-4-001,Roasted Garlic oil,SUB-013367-4-002,1.55,grams,"BLAST CHILLER, OVEN",,,,,,,,,,,,,,,,"FA-DE Oil, Olive /Öl, Olivenöl",PRO-00-139277-5,1.6,1.6,grams,,,0.415,1.6,grams
Jalapeno Roasted Zucchini,SUB-013881-4-001,,,,,,,,,,,,,,,,,,,,,"FA-DE Spice, Cumin Ground /Gewürz, gemahlener Kreuzkümmel",SPI-00-139345-5,0.17,0.17,grams,,,,0.17,grams
Jalapeno Roasted Zucchini,SUB-013881-4-001,,,,,,,,,,,,,,,,,,,,,"FA-DE Zucchini, Diced 10mm /Zucchini, gewürfelt 10 mm",PHF-00-139229-3,75.8,75.8,grams,,,,75.8,grams
Jalapeno Roasted Zucchini,SUB-013881-4-001,,,,,,,,,,,,,,,,,,,,,"FA-DE Spice, Jalapeno Powder /Gewürz, Jalapeno-Pulver",SPI-00-139360-5,0.21,0.21,grams,,,,0.21,grams
Keto Jalapeno - Cilantro Ground beef,SUB-013882-4-001,Ground Beef - cooked,SUB-013435-4-001,1700,grams,"BLAST CHILLER, BRAISER",,,,,,,,,,,,,,,,"FA-DE Beef, Ground, 80/20 /Rindfleisch, gemahlen, 80/20",PTN-00-139319-3,2383.36,2383.36,grams,,,0.71328,2383.36,grams
Keto Jalapeno - Cilantro Ground beef,SUB-013882-4-001,Keto Jalapeno - Cilantro Ground beef - Inclusions,SUB-013882-4-002,429.37,grams,"BLAST CHILLER, BRAISER, SPICE PORTIONING",,,,,,,,,,,,,,,,"FA-DE Bell Peppers, Green, Diced 10mm /Paprika, grün, gewürfelt 10 mm",PHF-00-139176-3,179.05,179.05,grams,,,0.95,179.05,grams
Keto Jalapeno - Cilantro Ground beef,SUB-013882-4-001,Keto Jalapeno - Cilantro Ground beef - Inclusions,SUB-013882-4-002,429.37,grams,"BLAST CHILLER, BRAISER, SPICE PORTIONING",,,,,,,,,,,,,,,,"FA-DE Coriander, Chopped /Koriander, gehackt",PHF-00-139192-3,59.68,59.68,grams,,,0.95,59.68,grams
Keto Jalapeno - Cilantro Ground beef,SUB-013882-4-001,Keto Jalapeno - Cilantro Ground beef - Inclusions,SUB-013882-4-002,429.37,grams,"BLAST CHILLER, BRAISER, SPICE PORTIONING",,,,,,,,,,,,,,,,"FA-DE Oil, Olive /Öl, Olivenöl",PRO-00-139277-5,29.84,29.84,grams,,,0.95,29.84,grams
Keto Jalapeno - Cilantro Ground beef,SUB-013882-4-001,Keto Jalapeno - Cilantro Ground beef - Inclusions,SUB-013882-4-002,429.37,grams,"BLAST CHILLER, BRAISER, SPICE PORTIONING",,,,,,,,,,,,,,,,"FA-DE Spice, Jalapeno Powder /Gewürz, Jalapeno-Pulver",SPI-00-139360-5,2.98,2.98,grams,,,0.95,2.98,grams
Keto Jalapeno - Cilantro Ground beef,SUB-013882-4-001,Keto Jalapeno - Cilantro Ground beef - Inclusions,SUB-013882-4-002,429.37,grams,"BLAST CHILLER, BRAISER, SPICE PORTIONING",,,,,,,,,,,,,,,,"FA-DE Spice, Cumin Ground /Gewürz, gemahlener Kreuzkümmel",SPI-00-139345-5,15.52,15.52,grams,,,0.95,15.52,grams
Keto Jalapeno - Cilantro Ground beef,SUB-013882-4-001,Keto Jalapeno - Cilantro Ground beef - Inclusions,SUB-013882-4-002,429.37,grams,"BLAST CHILLER, BRAISER, SPICE PORTIONING",,,,,,,,,,,,,,,,"FA-DE Spice, Crushed Red Pepper Flakes /Gewürz, zerkleinerte rote Pfefferflocken",SPI-00-139344-5,0.53,0.53,grams,,,0.95,0.53,grams
Keto Jalapeno - Cilantro Ground beef,SUB-013882-4-001,Keto Jalapeno - Cilantro Ground beef - Inclusions,SUB-013882-4-002,429.37,grams,"BLAST CHILLER, BRAISER, SPICE PORTIONING",,,,,,,,,,,,,,,,"FA-DE Jalapeno Peppers, Diced 5mm /Jalapeno-Paprikaschoten, gewürfelt, 5 mm",PHF-00-139201-3,119.37,119.37,grams,,,0.95,119.37,grams
Keto Jalapeno - Cilantro Ground beef,SUB-013882-4-001,Keto Jalapeno - Cilantro Ground beef - Inclusions,SUB-013882-4-002,429.37,grams,"BLAST CHILLER, BRAISER, SPICE PORTIONING",,,,,,,,,,,,,,,,"FA-DE Spice, Garlic Granulated /Gewürz, Knoblauch granuliert",SPI-00-139353-5,14.92,14.92,grams,,,0.95,14.92,grams
Keto Jalapeno - Cilantro Ground beef,SUB-013882-4-001,Keto Jalapeno - Cilantro Ground beef - Inclusions,SUB-013882-4-002,429.37,grams,"BLAST CHILLER, BRAISER, SPICE PORTIONING",,,,,,,,,,,,,,,,"FA-DE Spice, Sea Salt /Gewürze, Meersalz",SPI-00-139378-5,14.96,14.96,grams,,,0.95,14.96,grams
Keto Jalapeno - Cilantro Ground beef,SUB-013882-4-001,Keto Jalapeno - Cilantro Ground beef - Inclusions,SUB-013882-4-002,429.37,grams,"BLAST CHILLER, BRAISER, SPICE PORTIONING",,,,,,,,,,,,,,,,"FA-DE Spice, Oregano Dry /Gewürz, Oregano trocken",SPI-00-139372-5,0.21,0.21,grams,,,0.95,0.21,grams
Keto Jalapeno - Cilantro Ground beef,SUB-013882-4-001,Keto Jalapeno - Cilantro Ground beef - Inclusions,SUB-013882-4-002,429.37,grams,"BLAST CHILLER, BRAISER, SPICE PORTIONING",,,,,,,,,,,,,,,,"FA-DE Spice, Onion Granulated /Gewürze, Zwiebeln granuliert",SPI-00-139370-5,14.92,14.92,grams,,,0.95,14.92,grams
Keto Jalapeno - Cilantro Ground beef - Inclusions,SUB-013882-4-002,,,,,,,,,,,,,,,,,,,,,"FA-DE Bell Peppers, Green, Diced 10mm /Paprika, grün, gewürfelt 10 mm",PHF-00-139176-3,170.1,170.1,grams,,,,170.1,grams
Keto Jalapeno - Cilantro Ground beef - Inclusions,SUB-013882-4-002,,,,,,,,,,,,,,,,,,,,,"FA-DE Coriander, Chopped /Koriander, gehackt",PHF-00-139192-3,56.7,56.7,grams,,,,56.7,grams
Keto Jalapeno - Cilantro Ground beef - Inclusions,SUB-013882-4-002,,,,,,,,,,,,,,,,,,,,,"FA-DE Oil, Olive /Öl, Olivenöl",PRO-00-139277-5,28.35,28.35,grams,,,,28.35,grams
Keto Jalapeno - Cilantro Ground beef - Inclusions,SUB-013882-4-002,,,,,,,,,,,,,,,,,,,,,"FA-DE Spice, Jalapeno Powder /Gewürz, Jalapeno-Pulver",SPI-00-139360-5,2.83,2.83,grams,,,,2.83,grams
Keto Jalapeno - Cilantro Ground beef - Inclusions,SUB-013882-4-002,,,,,,,,,,,,,,,,,,,,,"FA-DE Spice, Cumin Ground /Gewürz, gemahlener Kreuzkümmel",SPI-00-139345-5,14.74,14.74,grams,,,,14.74,grams
Keto Jalapeno - Cilantro Ground beef - Inclusions,SUB-013882-4-002,,,,,,,,,,,,,,,,,,,,,"FA-DE Spice, Crushed Red Pepper Flakes /Gewürz, zerkleinerte rote Pfefferflocken",SPI-00-139344-5,0.5,0.5,grams,,,,0.5,grams
Keto Jalapeno - Cilantro Ground beef - Inclusions,SUB-013882-4-002,,,,,,,,,,,,,,,,,,,,,"FA-DE Jalapeno Peppers, Diced 5mm /Jalapeno-Paprikaschoten, gewürfelt, 5 mm",PHF-00-139201-3,113.4,113.4,grams,,,,113.4,grams
Keto Jalapeno - Cilantro Ground beef - Inclusions,SUB-013882-4-002,,,,,,,,,,,,,,,,,,,,,"FA-DE Spice, Garlic Granulated /Gewürz, Knoblauch granuliert",SPI-00-139353-5,14.17,14.17,grams,,,,14.17,grams
Keto Jalapeno - Cilantro Ground beef - Inclusions,SUB-013882-4-002,,,,,,,,,,,,,,,,,,,,,"FA-DE Spice, Sea Salt /Gewürze, Meersalz",SPI-00-139378-5,14.21,14.21,grams,,,,14.21,grams
Keto Jalapeno - Cilantro Ground beef - Inclusions,SUB-013882-4-002,,,,,,,,,,,,,,,,,,,,,"FA-DE Spice, Oregano Dry /Gewürz, Oregano trocken",SPI-00-139372-5,0.2,0.2,grams,,,,0.2,grams
Keto Jalapeno - Cilantro Ground beef - Inclusions,SUB-013882-4-002,,,,,,,,,,,,,,,,,,,,,"FA-DE Spice, Onion Granulated /Gewürze, Zwiebeln granuliert",SPI-00-139370-5,14.17,14.17,grams,,,,14.17,grams
Lebanese Green Beans Batch,SUB-030311-4-001,,,,,,,,,,,,,,,,,,,,,"FA-DE Oil, Olive /Öl, Olivenöl",PRO-00-139277-5,3.22,3.22,grams,,,,3.22,grams
Lebanese Green Beans Batch,SUB-030311-4-001,,,,,,,,,,,,,,,,,,,,,"FA-DE Onion, Red, Diced 5mm /Zwiebeln, rot, gewürfelt 5 mm",PHF-00-139213-3,6.44,6.44,grams,,,,6.44,grams
Lebanese Green Beans Batch,SUB-030311-4-001,,,,,,,,,,,,,,,,,,,,,"FA-DE Garlic, IQF, Diced 4 mm /Knoblauch, IQF, gewürfelt 4 mm",PHF-00-139237-1,3.22,3.22,grams,SCHWEFELDIOXIDE UND SULFITE,,,3.22,grams
Lebanese Green Beans Batch,SUB-030311-4-001,,,,,,,,,,,,,,,,,,,,,"FA-DE Tomatoes, Crushed /Tomaten, zerkleinert",PRO-00-139294-5,19.33,19.33,grams,,,,19.33,grams
Lebanese Green Beans Batch,SUB-030311-4-001,,,,,,,,,,,,,,,,,,,,,"FA-DE Spice, Cumin Ground /Gewürz, gemahlener Kreuzkümmel",SPI-00-139345-5,0.62,0.62,grams,,,,0.62,grams
Lebanese Green Beans Batch,SUB-030311-4-001,,,,,,,,,,,,,,,,,,,,,"FA-DE Spice, Cinnamon Ground /Gewürz, gemahlener Zimt",SPI-00-139341-5,0.15,0.15,grams,,,,0.15,grams
Lebanese Green Beans Batch,SUB-030311-4-001,,,,,,,,,,,,,,,,,,,,,"FA-DE Spice, Sea Salt /Gewürze, Meersalz",SPI-00-139378-5,0.31,0.31,grams,,,,0.31,grams
Lebanese Green Beans Batch,SUB-030311-4-001,Steamed Green Beans,SUB-030310-4-001,43.61,grams,UNCATEGORIZED BOM,,,,,,,,,,,,,,,,"FA-DE Green Beans, Fresh, Cut 40mm /Grüne Bohnen, frisch, geschnitten 40mm",PHF-00-139199-3,56.85,56.85,grams,,,0.75022,56.85,grams
Lebanese Green Beans Batch,SUB-030311-4-001,Steamed Green Beans,SUB-030310-4-001,43.61,grams,UNCATEGORIZED BOM,,,,,,,,,,,,,,,,"FA-DE Oil, Olive /Öl, Olivenöl",PRO-00-139277-5,1.14,1.14,grams,,,0.75022,1.14,grams
Lebanese Green Beans Batch,SUB-030311-4-001,Steamed Green Beans,SUB-030310-4-001,43.61,grams,UNCATEGORIZED BOM,,,,,,,,,,,,,,,,"FA-DE Spice, Sea Salt /Gewürze, Meersalz",SPI-00-139378-5,0.14,0.14,grams,,,0.75022,0.14,grams
Lemon Garlic Cream Sauce,SUB-030358-4-001,,,,,,,,,,,,,,,,,,,,,"FA-DE Oil, Olive /Öl, Olivenöl",PRO-00-139277-5,17.37,17.37,grams,,,,17.37,grams
Lemon Garlic Cream Sauce,SUB-030358-4-001,,,,,,,,,,,,,,,,,,,,,"FA-DE Garlic, IQF, Diced 4 mm /Knoblauch, IQF, gewürfelt 4 mm",PHF-00-139237-1,17.73,17.73,grams,SCHWEFELDIOXIDE UND SULFITE,,,17.73,grams
Lemon Garlic Cream Sauce,SUB-030358-4-001,,,,,,,,,,,,,,,,,,,,,"FA-DE Milk, Semi-Skimmed /Milch, teilentrahmt",DAI-00-139139-3,178.55,178.55,grams,MILCH (EINSCHLIESSLICH LAKTOSE),,,178.55,grams
Lemon Garlic Cream Sauce,SUB-030358-4-001,,,,,,,,,,,,,,,,,,,,,"FA-DE Juice, Lemon /Saft, Zitrone",PRO-00-139265-5,139.33,139.33,grams,,,,139.33,grams
Lemon Garlic Cream Sauce,SUB-030358-4-001,,,,,,,,,,,,,,,,,,,,,"FA-DE Cheese, Parmesan, Grated /Käse, Parmesan, gerieben",DAI-00-139127-3,130.9,130.9,grams,MILCH (EINSCHLIESSLICH LAKTOSE),,,130.9,grams
Lemon Garlic Cream Sauce,SUB-030358-4-001,,,,,,,,,,,,,,,,,,,,,"FA-DE Spice, Sea Salt /Gewürze, Meersalz",SPI-00-139378-5,1.09,1.09,grams,,,,1.09,grams
Lemon Garlic Cream Sauce,SUB-030358-4-001,,,,,,,,,,,,,,,,,,,,,"FA-DE Parsley, Chopped /Petersilie, gehackt",PHF-00-139215-3,21.07,21.07,grams,,,,21.07,grams
Lemon Garlic Cream Sauce,SUB-030358-4-001,,,,,,,,,,,,,,,,,,,,,"FA-DE Spice, Garlic Granulated /Gewürz, Knoblauch granuliert",SPI-00-139353-5,4.3,4.3,grams,,,,4.3,grams
Lemon Garlic Cream Sauce,SUB-030358-4-001,,,,,,,,,,,,,,,,,,,,,"FA-DE Spice, White Pepper /Gewürz, weißer Pfeffer",SPI-00-139387-5,0.84,0.84,grams,,,,0.84,grams
Lemon Garlic Cream Sauce,SUB-030358-4-001,,,,,,,,,,,,,,,,,,,,,"FA-DE Spice, Nutmeg Ground /Gewürz, gemahlene Muskatnuss",SPI-00-139368-5,1.4,1.4,grams,,,,1.4,grams
Lemon Garlic Cream Sauce,SUB-030358-4-001,,,,,,,,,,,,,,,,,,,,,"FA-DE Spice, Bay Leaf Powder /Gewürz, Lorbeerblattpulver",SPI-00-139333-5,3.15,3.15,grams,,,,3.15,grams
Lemon Garlic Cream Sauce,SUB-030358-4-001,,,,,,,,,,,,,,,,,,,,,"FA-DE Spice, Cayenne Pepper /Gewürz, Cayennepfeffer",SPI-00-139339-5,3.15,3.15,grams,,,,3.15,grams
Lemon Garlic Cream Sauce,SUB-030358-4-001,Cornstarch Slurry - for Lemon Garlic Cream Sauce,SUB-031600-4-001,216,grams,UNCATEGORIZED BOM,,,,,,,,,,,,,,,,"FA-DE Milk, Semi-Skimmed /Milch, teilentrahmt",DAI-00-139139-3,199.61,199.61,grams,MILCH (EINSCHLIESSLICH LAKTOSE),,0.99889,199.61,grams
Lemon Garlic Cream Sauce,SUB-030358-4-001,Cornstarch Slurry - for Lemon Garlic Cream Sauce,SUB-031600-4-001,216,grams,UNCATEGORIZED BOM,,,,,,,,,,,,,,,,FA-DE Cornstarch /Maisstärke (Maisstärke),DRY-00-150449-5,16.63,16.63,grams,,,0.99889,16.63,grams
Marinade - Baja Marinade,SUB-014052-4-001,,,,,,,,,,,,,,,,,,,,,"FA-DE Spice, Onion Granulated /Gewürze, Zwiebeln granuliert",SPI-00-139370-5,5.39,5.39,grams,,,,5.39,grams
Marinade - Baja Marinade,SUB-014052-4-001,,,,,,,,,,,,,,,,,,,,,"FA-DE Juice, Lime /Saft, Limette",PRO-00-139268-5,3.69,3.69,grams,,,,3.69,grams
Marinade - Baja Marinade,SUB-014052-4-001,,,,,,,,,,,,,,,,,,,,,"FA-DE Spice, Smoked Paprika /Gewürz, geräucherter Paprika",SPI-00-139383-5,1.13,1.13,grams,,,,1.13,grams
Marinade - Baja Marinade,SUB-014052-4-001,,,,,,,,,,,,,,,,,,,,,"FA-DE Juice, Orange /Saft, Orange",PRO-00-139267-5,3.69,3.69,grams,,,,3.69,grams
Marinade - Baja Marinade,SUB-014052-4-001,,,,,,,,,,,,,,,,,,,,,"FA-DE Oil, Olive /Öl, Olivenöl",PRO-00-139277-5,52.73,52.73,grams,,,,52.73,grams
Marinade - Baja Marinade,SUB-014052-4-001,,,,,,,,,,,,,,,,,,,,,"FA-DE Spice, Ancho Chili Powder /Gewürz, Ancho-Chili-Pulver",SPI-00-139329-5,8.5,8.5,grams,,,,8.5,grams
Marinade - Baja Marinade,SUB-014052-4-001,,,,,,,,,,,,,,,,,,,,,"FA-DE Garlic, IQF, Diced 4 mm /Knoblauch, IQF, gewürfelt 4 mm",PHF-00-139237-1,20.98,20.98,grams,SCHWEFELDIOXIDE UND SULFITE,,,20.98,grams
Marinade - Baja Marinade,SUB-014052-4-001,,,,,,,,,,,,,,,,,,,,,"FA-DE Spice, Cumin Ground /Gewürz, gemahlener Kreuzkümmel",SPI-00-139345-5,5.39,5.39,grams,,,,5.39,grams
Marinade - Baja Marinade,SUB-014052-4-001,,,,,,,,,,,,,,,,,,,,,"FA-DE Spice, Sea Salt /Gewürze, Meersalz",SPI-00-139378-5,3.12,3.12,grams,,,,3.12,grams
Marinade - Baja Marinade,SUB-014052-4-001,,,,,,,,,,,,,,,,,,,,,"FA-DE Spice, Black Pepper, Ground /Gewürz, schwarzer Pfeffer, gemahlen",SPI-00-139334-5,1.98,1.98,grams,,,,1.98,grams
Mash - Bell pepper cauliflower mash - rice,SUB-013884-4-001,,,,,,,,,,,,,,,,,,,,,"FA-DE Butter, Unsalted /Butter, ungesalzen",DAI-00-139146-3,11.01,11.01,grams,MILCH (EINSCHLIESSLICH LAKTOSE),,,11.01,grams
Mash - Bell pepper cauliflower mash - rice,SUB-013884-4-001,,,,,,,,,,,,,,,,,,,,,"FA-DE Cheese, White Cheddar, Shredded /Käse, weißer Cheddar, gerieben",DAI-00-139135-3,5.5,5.5,grams,MILCH (EINSCHLIESSLICH LAKTOSE),,,5.5,grams
Mash - Bell pepper cauliflower mash - rice,SUB-013884-4-001,,,,,,,,,,,,,,,,,,,,,"FA-DE Cheese, Cream 22% Fat /Käse, Sahne 22% Fett",DAI-00-139128-3,13.76,13.76,grams,MILCH (EINSCHLIESSLICH LAKTOSE),,,13.76,grams
Mash - Bell pepper cauliflower mash - rice,SUB-013884-4-001,,,,,,,,,,,,,,,,,,,,,"FA-DE Cheese, Parmesan, Grated /Käse, Parmesan, gerieben",DAI-00-139127-3,2.75,2.75,grams,MILCH (EINSCHLIESSLICH LAKTOSE),,,2.75,grams
Mash - Bell pepper cauliflower mash - rice,SUB-013884-4-001,Roasted Green Peppers - 10mm Diced,SUB-013734-4-002,9.93,grams,"BLAST CHILLER, OVEN",,,,,,,,,,,,,,,,"FA-DE Onion, Green, Sliced 5mm /Zwiebel, grün, in Scheiben geschnitten, 5 mm",PHF-00-149803-3,5.19,5.19,grams,,,0.52971,5.19,grams
Mash - Bell pepper cauliflower mash - rice,SUB-013884-4-001,Roasted Green Peppers - 10mm Diced,SUB-013734-4-002,9.93,grams,"BLAST CHILLER, OVEN",,,,,,,,,,,,,,,,"FA-DE Bell Peppers, Green, Diced 10mm /Paprika, grün, gewürfelt 10 mm",PHF-00-139176-3,12.99,12.99,grams,,,0.52971,12.99,grams
Mash - Bell pepper cauliflower mash - rice,SUB-013884-4-001,Roasted Green Peppers - 10mm Diced,SUB-013734-4-002,9.93,grams,"BLAST CHILLER, OVEN",,,,,,,,,,,,,,,,"FA-DE Spice, Sea Salt /Gewürze, Meersalz",SPI-00-139378-5,0.57,0.57,grams,,,0.52971,0.57,grams
Mash - Bell pepper cauliflower mash - rice,SUB-013884-4-001,Steamed Cauliflower Rice,SUB-029075-4-001,68.81,grams,OVEN,,,,,,,,,,,,,,,,"FA-DE Cauliflower, Riced, IQF /Blumenkohl, Reis, IQF",PHF-00-139233-1,72.46,72.46,grams,,,0.94962,72.46,grams
Mash - Creamy Sweet Potato Puree (more salt),SUB-014156-4-001,,,,,,,,,,,,,,,,,,,,,"FA-DE Cheese, Cream, 13% Fat (Milk) /Käse, Sahne, 13% Fett",DAI-00-139122-3,42.24,42.24,grams,MILCH (EINSCHLIESSLICH LAKTOSE),,,42.24,grams
Mash - Creamy Sweet Potato Puree (more salt),SUB-014156-4-001,,,,,,,,,,,,,,,,,,,,,"FA-DE Milk, Semi-Skimmed /Milch, teilentrahmt",DAI-00-139139-3,103.19,103.19,grams,MILCH (EINSCHLIESSLICH LAKTOSE),,,103.19,grams
Mash - Creamy Sweet Potato Puree (more salt),SUB-014156-4-001,,,,,,,,,,,,,,,,,,,,,"FA-DE Spice, Sage, Rubbed /Gewürz, Salbei, gerieben",SPI-00-139377-5,0.28,0.28,grams,,,,0.28,grams
Mash - Creamy Sweet Potato Puree (more salt),SUB-014156-4-001,,,,,,,,,,,,,,,,,,,,,"FA-DE Spice, Sea Salt /Gewürze, Meersalz",SPI-00-139378-5,5.1,5.1,grams,,,,5.1,grams
Mash - Creamy Sweet Potato Puree (more salt),SUB-014156-4-001,Steamed Sweet Potato,SUB-013509-4-002,748.43,grams,"BLAST CHILLER, OVEN",,,,,,,,,,,,,,,,"FA-DE Potatoes, Sweet, Diced 10mm /Kartoffeln, süß, gewürfelt 10 mm",PHF-00-139221-3,767.33,767.33,grams,,,0.97538,767.33,grams
Mash - Garlic Herb Mashed Cauliflower - Rice,SUB-013551-4-001,Steamed Cauliflower Rice,SUB-029075-4-001,72.03,grams,OVEN,,,,,,,,,,,,,,,,"FA-DE Cauliflower, Riced, IQF /Blumenkohl, Reis, IQF",PHF-00-139233-1,75.85,75.85,grams,,,0.94962,75.85,grams
Mash - Garlic Herb Mashed Cauliflower - Rice,SUB-013551-4-001,,,,,,,,,,,,,,,,,,,,,"FA-DE Cheese, Cream, 13% Fat (Milk) /Käse, Sahne, 13% Fett",DAI-00-139122-3,10.39,10.39,grams,MILCH (EINSCHLIESSLICH LAKTOSE),,,10.39,grams
Mash - Garlic Herb Mashed Cauliflower - Rice,SUB-013551-4-001,,,,,,,,,,,,,,,,,,,,,"FA-DE Butter, Unsalted /Butter, ungesalzen",DAI-00-139146-3,10.31,10.31,grams,MILCH (EINSCHLIESSLICH LAKTOSE),,,10.31,grams
Mash - Garlic Herb Mashed Cauliflower - Rice,SUB-013551-4-001,Roasted Garlic (use),SUB-013367-4-001,1.58,grams,"BLAST CHILLER, BRAISER, SPICE PORTIONING",,,,,,,,,,,,,,,,"FA-DE Garlic, Peeled, Whole Cloves [10kg] /Knoblauch, geschält, ganze Nelken [10kg]",PHF-00-139197-3,1.59,1.59,grams,,,0.56691,1.59,grams
Mash - Garlic Herb Mashed Cauliflower - Rice,SUB-013551-4-001,Roasted Garlic (use),SUB-013367-4-001,1.58,grams,"BLAST CHILLER, BRAISER, SPICE PORTIONING",,,,,,,,,,,,,,,,"FA-DE Oil, Olive /Öl, Olivenöl",PRO-00-139277-5,1.19,1.19,grams,,,0.56691,1.19,grams
Mash - Garlic Herb Mashed Cauliflower - Rice,SUB-013551-4-001,,,,,,,,,,,,,,,,,,,,,"FA-DE Spice, Sea Salt /Gewürze, Meersalz",SPI-00-139378-5,0.53,0.53,grams,,,,0.53,grams
Mash - Garlic Herb Mashed Cauliflower - Rice,SUB-013551-4-001,,,,,,,,,,,,,,,,,,,,,"FA-DE Parsley, Chopped /Petersilie, gehackt",PHF-00-139215-3,0.33,0.33,grams,,,,0.33,grams
Mash - Garlic Herb Mashed Cauliflower - Rice,SUB-013551-4-001,,,,,,,,,,,,,,,,,,,,,"FA-DE Chives, Dried /Schnittlauch, getrocknet",SPI-00-139322-5,0.07,0.07,grams,,,,0.07,grams
Mash - Garlic Herb Mashed Cauliflower - Rice,SUB-013551-4-001,,,,,,,,,,,,,,,,,,,,,"FA-DE Spice, Green Onion Granulated /Gewürz, grüne Zwiebel granuliert",SPI-00-139357-5,0.07,0.07,grams,,,,0.07,grams
Mash - Garlic Herb Mashed Cauliflower - Rice,SUB-013551-4-001,,,,,,,,,,,,,,,,,,,,,"FA-DE Spice, Tarragon, Dry /Gewürze, Estragon, Trockenmasse",SPI-00-139382-5,0.05,0.05,grams,,,,0.05,grams
Mash - Garlic Herb Mashed Cauliflower - Rice,SUB-013551-4-001,,,,,,,,,,,,,,,,,,,,,"FA-DE Spice, Onion Granulated /Gewürze, Zwiebeln granuliert",SPI-00-139370-5,0.43,0.43,grams,,,,0.43,grams
Mash - Garlic Herb Mashed Cauliflower - Rice,SUB-013551-4-001,,,,,,,,,,,,,,,,,,,,,"FA-DE Spice, Black Pepper, Ground /Gewürz, schwarzer Pfeffer, gemahlen",SPI-00-139334-5,0.13,0.13,grams,,,,0.13,grams
Mash - Horseradish Shredded Beef Mashed Potatoes,SUB-013576-4-001,,,,,,,,,,,,,,,,,,,,,"FA-DE Spice, Garlic Granulated /Gewürz, Knoblauch granuliert",SPI-00-139353-5,0.15,0.15,grams,,,,0.15,grams
Mash - Horseradish Shredded Beef Mashed Potatoes,SUB-013576-4-001,Steamed Potato Batch,SUB-013509-4-001,116.8,grams,"BLAST CHILLER, OVEN",,,,,,,,,,,,,,,,"FA-DE Potatoes, Diced 10mm /Kartoffeln, gewürfelt, 10 mm",PHF-00-139219-3,119.18,119.18,grams,,,0.98,119.18,grams
Mash - Horseradish Shredded Beef Mashed Potatoes,SUB-013576-4-001,,,,,,,,,,,,,,,,,,,,,"FA-DE Butter, Unsalted /Butter, ungesalzen",DAI-00-139146-3,5.95,5.95,grams,MILCH (EINSCHLIESSLICH LAKTOSE),,,5.95,grams
Mash - Horseradish Shredded Beef Mashed Potatoes,SUB-013576-4-001,,,,,,,,,,,,,,,,,,,,,"FA-DE Spice, Sea Salt /Gewürze, Meersalz",SPI-00-139378-5,0.65,0.65,grams,,,,0.65,grams
Mash - Horseradish Shredded Beef Mashed Potatoes,SUB-013576-4-001,,,,,,,,,,,,,,,,,,,,,"FA-DE Milk, Whole /Milch, voll",DAI-00-139142-3,8.79,8.79,grams,MILCH (EINSCHLIESSLICH LAKTOSE),,,8.79,grams
Mash - Horseradish Shredded Beef Mashed Potatoes,SUB-013576-4-001,,,,,,,,,,,,,,,,,,,,,"FA-DE Spice, Onion Granulated /Gewürze, Zwiebeln granuliert",SPI-00-139370-5,0.15,0.15,grams,,,,0.15,grams
Mash - Leek & Cream cheese Mashed Potatoes,SUB-013838-4-001,,,,,,,,,,,,,,,,,,,,,"FA-DE Spice, Black Pepper, Ground /Gewürz, schwarzer Pfeffer, gemahlen",SPI-00-139334-5,0.57,0.57,grams,,,,0.57,grams
Mash - Leek & Cream cheese Mashed Potatoes,SUB-013838-4-001,Roasted Leeks with garlic,SUB-013837-4-001,100,grams,"BLAST CHILLER, OVEN",,,,,,,,,,,,,,,,"FA-DE Oil, Olive /Öl, Olivenöl",PRO-00-139277-5,3.35,3.35,grams,,,0.7963,3.35,grams
Mash - Leek & Cream cheese Mashed Potatoes,SUB-013838-4-001,Roasted Leeks with garlic,SUB-013837-4-001,100,grams,"BLAST CHILLER, OVEN",,,,,,,,,,,,,,,,"FA-DE Spice, Sea Salt /Gewürze, Meersalz",SPI-00-139378-5,0.45,0.45,grams,,,0.7963,0.45,grams
Mash - Leek & Cream cheese Mashed Potatoes,SUB-013838-4-001,Roasted Leeks with garlic,SUB-013837-4-001,100,grams,"BLAST CHILLER, OVEN",,,,,,,,,,,,,,,,"FA-DE Garlic, IQF, Diced 4 mm /Knoblauch, IQF, gewürfelt 4 mm",PHF-00-139237-1,9.49,9.49,grams,SCHWEFELDIOXIDE UND SULFITE,,0.7963,9.49,grams
Mash - Leek & Cream cheese Mashed Potatoes,SUB-013838-4-001,Roasted Leeks with garlic,SUB-013837-4-001,100,grams,"BLAST CHILLER, OVEN",,,,,,,,,,,,,,,,"FA-DE Spice, Black Pepper, Ground /Gewürz, schwarzer Pfeffer, gemahlen",SPI-00-139334-5,0.67,0.67,grams,,,0.7963,0.67,grams
Mash - Leek & Cream cheese Mashed Potatoes,SUB-013838-4-001,Roasted Leeks with garlic,SUB-013837-4-001,100,grams,"BLAST CHILLER, OVEN",,,,,,,,,,,,,,,,"FA-DE Leek, Diced 5mm /Lauch, gewürfelt, 5 mm",PHF-00-139204-3,111.63,111.63,grams,,,0.7963,111.63,grams
Mash - Leek & Cream cheese Mashed Potatoes,SUB-013838-4-001,,,,,,,,,,,,,,,,,,,,,"FA-DE Cheese, Cream, 13% Fat (Milk) /Käse, Sahne, 13% Fett",DAI-00-139122-3,141.75,141.75,grams,MILCH (EINSCHLIESSLICH LAKTOSE),,,141.75,grams
Mash - Leek & Cream cheese Mashed Potatoes,SUB-013838-4-001,,,,,,,,,,,,,,,,,,,,,FA-DE Heavy Cream 35% /Sahne 35%,DAI-00-148167-3,28.35,28.35,grams,MILCH (EINSCHLIESSLICH LAKTOSE),,,28.35,grams
Mash - Leek & Cream cheese Mashed Potatoes,SUB-013838-4-001,,,,,,,,,,,,,,,,,,,,,"FA-DE Milk, Whole /Milch, voll",DAI-00-139142-3,56.7,56.7,grams,MILCH (EINSCHLIESSLICH LAKTOSE),,,56.7,grams
Mash - Leek & Cream cheese Mashed Potatoes,SUB-013838-4-001,,,,,,,,,,,,,,,,,,,,,"FA-DE Spice, Sea Salt /Gewürze, Meersalz",SPI-00-139378-5,7.1,7.1,grams,,,,7.1,grams
Mash - Leek & Cream cheese Mashed Potatoes,SUB-013838-4-001,,,,,,,,,,,,,,,,,,,,,"FA-DE Chives, Dried /Schnittlauch, getrocknet",SPI-00-139322-5,2.84,2.84,grams,,,,2.84,grams
Mash - Leek & Cream cheese Mashed Potatoes,SUB-013838-4-001,Steamed Potato Batch,SUB-013509-4-001,1020,grams,"BLAST CHILLER, OVEN",,,,,,,,,,,,,,,,"FA-DE Potatoes, Diced 10mm /Kartoffeln, gewürfelt, 10 mm",PHF-00-139219-3,1040.81,1040.81,grams,,,0.98,1040.81,grams
Mash - Leek & Cream cheese Mashed Potatoes,SUB-013838-4-001,,,,,,,,,,,,,,,,,,,,,FA-DE Sour Cream /Sauerrahm,DAI-00-139141-3,116.23,116.23,grams,MILCH (EINSCHLIESSLICH LAKTOSE),,,116.23,grams
Meatball Panade - Seasoned,SUB-014229-4-001,,,,,,,,,,,,,,,,,,,,,"FA-DE Liquid Egg, Whole /Flüssigei, ganz",DAI-00-139144-3,19950,19950,grams,EIER,,,19950,grams
Meatball Panade - Seasoned,SUB-014229-4-001,,,,,,,,,,,,,,,,,,,,,"FA-DE Flour, Almond /Mehl, Mandel",DRY-00-139154-5,9070,9070,grams,"MANDELN, SCHALENFRÜCHTE",,,9070,grams
Meatball Panade - Seasoned,SUB-014229-4-001,,,,,,,,,,,,,,,,,,,,,"FA-DE Cheese, Parmesan, Grated /Käse, Parmesan, gerieben",DAI-00-139127-3,10880,10880,grams,MILCH (EINSCHLIESSLICH LAKTOSE),,,10880,grams
Meatball Panade - Seasoned,SUB-014229-4-001,,,,,,,,,,,,,,,,,,,,,"FA-DE Spice, Sea Salt /Gewürze, Meersalz",SPI-00-139378-5,1810,1810,grams,,,,1810,grams
Meatball Panade - Seasoned,SUB-014229-4-001,,,,,,,,,,,,,,,,,,,,,"FA-DE Spice, Onion Powder, Toasted /Gewürze, Zwiebelpulver, geröstet",SPI-00-139371-5,1810,1810,grams,,,,1810,grams
Meatball Panade - Seasoned,SUB-014229-4-001,,,,,,,,,,,,,,,,,,,,,"FA-DE Spice, Black Pepper, Ground /Gewürz, schwarzer Pfeffer, gemahlen",SPI-00-139334-5,1240,1240,grams,,,,1240,grams
Meatball Panade - Seasoned,SUB-014229-4-001,,,,,,,,,,,,,,,,,,,,,"FA-DE Spice, Garlic Powder, Toasted /Gewürz, Knoblauchpulver, geröstet",SPI-00-139354-5,566.99,566.99,grams,,,,566.99,grams
Mexican Cauliflower Rice,SUB-014051-4-001,,,,,,,,,,,,,,,,,,,,,"FA-DE Oil, Olive /Öl, Olivenöl",PRO-00-139277-5,2.27,2.27,grams,,,,2.27,grams
Mexican Cauliflower Rice,SUB-014051-4-001,,,,,,,,,,,,,,,,,,,,,"FA-DE Spice, Sea Salt /Gewürze, Meersalz",SPI-00-139378-5,0.28,0.28,grams,,,,0.28,grams
Mexican Cauliflower Rice,SUB-014051-4-001,,,,,,,,,,,,,,,,,,,,,"FA-DE Spice, Chili Powder /Gewürz, Chilipulver",SPI-00-139340-5,0.28,0.28,grams,,,,0.28,grams
Mexican Cauliflower Rice,SUB-014051-4-001,,,,,,,,,,,,,,,,,,,,,"FA-DE Bell Peppers, Green, Diced 10mm /Paprika, grün, gewürfelt 10 mm",PHF-00-139176-3,5.1,5.1,grams,,,,5.1,grams
Mexican Cauliflower Rice,SUB-014051-4-001,,,,,,,,,,,,,,,,,,,,,"FA-DE Bell Peppers, Red, Diced 10mm /Paprika, rot, gewürfelt 10 mm",PHF-00-139179-3,15.59,15.59,grams,,,,15.59,grams
Mexican Cauliflower Rice,SUB-014051-4-001,,,,,,,,,,,,,,,,,,,,,"FA-DE Spice, Paprika /Gewürze, Paprika",SPI-00-139373-5,0.28,0.28,grams,,,,0.28,grams
Mexican Cauliflower Rice,SUB-014051-4-001,,,,,,,,,,,,,,,,,,,,,"FA-DE Cauliflower, Riced, IQF /Blumenkohl, Reis, IQF",PHF-00-139233-1,83.63,83.63,grams,,,,83.63,grams
Mexican Cauliflower Rice,SUB-014051-4-001,,,,,,,,,,,,,,,,,,,,,"FA-DE Spice, Cumin Ground /Gewürz, gemahlener Kreuzkümmel",SPI-00-139345-5,0.28,0.28,grams,,,,0.28,grams
Mexican Cauliflower Rice,SUB-014051-4-001,,,,,,,,,,,,,,,,,,,,,"FA-DE Onion, Red, Diced 5mm /Zwiebeln, rot, gewürfelt 5 mm",PHF-00-139213-3,10.21,10.21,grams,,,,10.21,grams
Mixed peppers - Roasted diced red and green bell peppers,SUB-013633-4-001,,,,,,,,,,,,,,,,,,,,,"FA-DE Spice, Garlic Granulated /Gewürz, Knoblauch granuliert",SPI-00-139353-5,0.28,0.28,grams,,,,0.28,grams
Mixed peppers - Roasted diced red and green bell peppers,SUB-013633-4-001,,,,,,,,,,,,,,,,,,,,,"FA-DE Spice, Black Pepper, Ground /Gewürz, schwarzer Pfeffer, gemahlen",SPI-00-139334-5,0.28,0.28,grams,,,,0.28,grams
Mixed peppers - Roasted diced red and green bell peppers,SUB-013633-4-001,,,,,,,,,,,,,,,,,,,,,"FA-DE Garlic, IQF, Diced 4 mm /Knoblauch, IQF, gewürfelt 4 mm",PHF-00-139237-1,1.42,1.42,grams,SCHWEFELDIOXIDE UND SULFITE,,,1.42,grams
Mixed peppers - Roasted diced red and green bell peppers,SUB-013633-4-001,,,,,,,,,,,,,,,,,,,,,"FA-DE Oil, Olive /Öl, Olivenöl",PRO-00-139277-5,1.42,1.42,grams,,,,1.42,grams
Mixed peppers - Roasted diced red and green bell peppers,SUB-013633-4-001,,,,,,,,,,,,,,,,,,,,,"FA-DE Spice, Sea Salt /Gewürze, Meersalz",SPI-00-139378-5,0.14,0.14,grams,,,,0.14,grams
Mixed peppers - Roasted diced red and green bell peppers,SUB-013633-4-001,,,,,,,,,,,,,,,,,,,,,"FA-DE Bell Peppers, Green, Diced 10mm /Paprika, grün, gewürfelt 10 mm",PHF-00-139176-3,19.56,19.56,grams,,,,19.56,grams
Mixed peppers - Roasted diced red and green bell peppers,SUB-013633-4-001,,,,,,,,,,,,,,,,,,,,,"FA-DE Bell Peppers, Red, Diced 10mm /Paprika, rot, gewürfelt 10 mm",PHF-00-139179-3,19.56,19.56,grams,,,,19.56,grams
Mixed veg - Garlic Chili Green Beans & Red Bell Peppers,SUB-013731-4-001,,,,,,,,,,,,,,,,,,,,,"FA-DE Green Beans, Fresh, Cut 40mm /Grüne Bohnen, frisch, geschnitten 40mm",PHF-00-139199-3,515.96,515.96,grams,,,,515.96,grams
Mixed veg - Garlic Chili Green Beans & Red Bell Peppers,SUB-013731-4-001,,,,,,,,,,,,,,,,,,,,,"FA-DE Bell Peppers, Red, Sliced 10mm /Paprika, rot, in Scheiben geschnitten, 10 mm",PHF-00-139183-3,515.96,515.96,grams,,,,515.96,grams
Mixed veg - Garlic Chili Green Beans & Red Bell Peppers,SUB-013731-4-001,Mixed veg - Garlic Chili Green Beans & Red Bell Peppers Marinade,SUB-032171-4-001,59.24,grams,IMMERSION BLENDER,,,,,,,,,,,,,,,,"FA-DE Spice, Gochugaru Chili Pepper Flakes /Gewürz, Gochugaru-Chili-Pfefferflocken",SPI-00-139356-5,0.87,0.87,grams,,,0.98008,0.87,grams
Mixed veg - Garlic Chili Green Beans & Red Bell Peppers,SUB-013731-4-001,Mixed veg - Garlic Chili Green Beans & Red Bell Peppers Marinade,SUB-032171-4-001,59.24,grams,IMMERSION BLENDER,,,,,,,,,,,,,,,,"FA-DE Spice, Sea Salt /Gewürze, Meersalz",SPI-00-139378-5,5.49,5.49,grams,,,0.98008,5.49,grams
Mixed veg - Garlic Chili Green Beans & Red Bell Peppers,SUB-013731-4-001,Mixed veg - Garlic Chili Green Beans & Red Bell Peppers Marinade,SUB-032171-4-001,59.24,grams,IMMERSION BLENDER,,,,,,,,,,,,,,,,"FA-DE Oil, Olive /Öl, Olivenöl",PRO-00-139277-5,39.05,39.05,grams,,,0.98008,39.05,grams
Mixed veg - Garlic Chili Green Beans & Red Bell Peppers,SUB-013731-4-001,Mixed veg - Garlic Chili Green Beans & Red Bell Peppers Marinade,SUB-032171-4-001,59.24,grams,IMMERSION BLENDER,,,,,,,,,,,,,,,,"FA-DE Onion, Green, Sliced 5mm /Zwiebel, grün, in Scheiben geschnitten, 5 mm",PHF-00-149803-3,11.57,11.57,grams,,,0.98008,11.57,grams
Mixed veg - Garlic Chili Green Beans & Red Bell Peppers,SUB-013731-4-001,Mixed veg - Garlic Chili Green Beans & Red Bell Peppers Marinade,SUB-032171-4-001,59.24,grams,IMMERSION BLENDER,,,,,,,,,,,,,,,,"FA-DE Spice, Minced Garlic, Toasted, Dry /Gewürz, gehackter Knoblauch, geröstet, trocken",SPI-00-139367-5,2.6,2.6,grams,,,0.98008,2.6,grams
Mixed veg - Garlic Chili Green Beans & Red Bell Peppers,SUB-013731-4-001,Mixed veg - Garlic Chili Green Beans & Red Bell Peppers Marinade,SUB-032171-4-001,59.24,grams,IMMERSION BLENDER,,,,,,,,,,,,,,,,"FA-DE Spice, Black Pepper, Ground /Gewürz, schwarzer Pfeffer, gemahlen",SPI-00-139334-5,0.87,0.87,grams,,,0.98008,0.87,grams
Mixed veg - Garlic Chili Green Beans & Red Bell Peppers Marinade,SUB-032171-4-001,,,,,,,,,,,,,,,,,,,,,"FA-DE Spice, Gochugaru Chili Pepper Flakes /Gewürz, Gochugaru-Chili-Pfefferflocken",SPI-00-139356-5,0.85,0.85,grams,,,,0.85,grams
Mixed veg - Garlic Chili Green Beans & Red Bell Peppers Marinade,SUB-032171-4-001,,,,,,,,,,,,,,,,,,,,,"FA-DE Spice, Sea Salt /Gewürze, Meersalz",SPI-00-139378-5,5.38,5.38,grams,,,,5.38,grams
Mixed veg - Garlic Chili Green Beans & Red Bell Peppers Marinade,SUB-032171-4-001,,,,,,,,,,,,,,,,,,,,,"FA-DE Oil, Olive /Öl, Olivenöl",PRO-00-139277-5,38.27,38.27,grams,,,,38.27,grams
Mixed veg - Garlic Chili Green Beans & Red Bell Peppers Marinade,SUB-032171-4-001,,,,,,,,,,,,,,,,,,,,,"FA-DE Onion, Green, Sliced 5mm /Zwiebel, grün, in Scheiben geschnitten, 5 mm",PHF-00-149803-3,11.34,11.34,grams,,,,11.34,grams
Mixed veg - Garlic Chili Green Beans & Red Bell Peppers Marinade,SUB-032171-4-001,,,,,,,,,,,,,,,,,,,,,"FA-DE Spice, Minced Garlic, Toasted, Dry /Gewürz, gehackter Knoblauch, geröstet, trocken",SPI-00-139367-5,2.55,2.55,grams,,,,2.55,grams
Mixed veg - Garlic Chili Green Beans & Red Bell Peppers Marinade,SUB-032171-4-001,,,,,,,,,,,,,,,,,,,,,"FA-DE Spice, Black Pepper, Ground /Gewürz, schwarzer Pfeffer, gemahlen",SPI-00-139334-5,0.85,0.85,grams,,,,0.85,grams
Mixed veg - Ratatouille Vegetable Batch,SUB-013764-4-001,,,,,,,,,,,,,,,,,,,,,"FA-DE Parsley, Chopped /Petersilie, gehackt",PHF-00-139215-3,2.27,2.27,grams,,,,2.27,grams
Mixed veg - Ratatouille Vegetable Batch,SUB-013764-4-001,,,,,,,,,,,,,,,,,,,,,"FA-DE Rosemary, IQF /Rosmarin, IQF",PHF-00-139243-1,0.28,0.28,grams,,,,0.28,grams
Mixed veg - Ratatouille Vegetable Batch,SUB-013764-4-001,,,,,,,,,,,,,,,,,,,,,"FA-DE Onion, Spanish, Diced 10mm /Zwiebel, Spanisch, gewürfelt 10 mm",PHF-00-139209-3,22.11,22.11,grams,,,,22.11,grams
Mixed veg - Ratatouille Vegetable Batch,SUB-013764-4-001,,,,,,,,,,,,,,,,,,,,,"FA-DE Fennel, Diced 10mm /Fenchel, gewürfelt 10 mm",PHF-00-139196-3,10.38,10.38,grams,,,,10.38,grams
Mixed veg - Ratatouille Vegetable Batch,SUB-013764-4-001,,,,,,,,,,,,,,,,,,,,,"FA-DE Zucchini, Diced 10mm /Zucchini, gewürfelt 10 mm",PHF-00-139229-3,72.58,72.58,grams,,,,72.58,grams
Mixed veg - Ratatouille Vegetable Batch,SUB-013764-4-001,Basil - Picked Basil Leaves,SUB-013424-4-001,2.27,grams,"DEBOX, STAGING",,,,,,,,,,,,,,,,"FA-DE Basil, Fresh /Basilikum, frisch",PHF-00-139175-3,4.05,4.05,grams,,,0.55986,4.05,grams
Mixed veg - Ratatouille Vegetable Batch,SUB-013764-4-001,,,,,,,,,,,,,,,,,,,,,"FA-DE Tomatoes, Diced, BiB/Tomaten, gewürfelt, BiB",PRO-00-139295-5,70.02,70.02,grams,,,,70.02,grams
Mixed veg - Ratatouille Vegetable Batch,SUB-013764-4-001,,,,,,,,,,,,,,,,,,,,,FA-DE Tomato Paste /Tomatenmark,PRO-00-139292-5,13.75,13.75,grams,,,,13.75,grams
Mixed veg - Ratatouille Vegetable Batch,SUB-013764-4-001,Roasted Garlic oil,SUB-013367-4-002,5.1,grams,"BLAST CHILLER, OVEN",,,,,,,,,,,,,,,,"FA-DE Garlic, Peeled, Whole Cloves [10kg] /Knoblauch, geschält, ganze Nelken [10kg]",PHF-00-139197-3,7.02,7.02,grams,,,0.415,7.02,grams
Mixed veg - Ratatouille Vegetable Batch,SUB-013764-4-001,Roasted Garlic oil,SUB-013367-4-002,5.1,grams,"BLAST CHILLER, OVEN",,,,,,,,,,,,,,,,"FA-DE Oil, Olive /Öl, Olivenöl",PRO-00-139277-5,5.27,5.27,grams,,,0.415,5.27,grams
Mixed veg - Ratatouille Vegetable Batch,SUB-013764-4-001,,,,,,,,,,,,,,,,,,,,,"FA-DE Onion, Red, Diced 10mm/Zwiebeln, rot, gewürfelt, 10 mm",PHF-00-139216-3,22.11,22.11,grams,,,,22.11,grams
Mixed veg - Ratatouille Vegetable Batch,SUB-013764-4-001,,,,,,,,,,,,,,,,,,,,,"FA-DE Spice, Black Pepper, Ground /Gewürz, schwarzer Pfeffer, gemahlen",SPI-00-139334-5,0.08,0.08,grams,,,,0.08,grams
Mixed veg - Ratatouille Vegetable Batch,SUB-013764-4-001,,,,,,,,,,,,,,,,,,,,,"FA-DE Spice, Sea Salt /Gewürze, Meersalz",SPI-00-139378-5,1.2,1.2,grams,,,,1.2,grams
Mixed veg - Ratatouille Vegetable Batch,SUB-013764-4-001,,,,,,,,,,,,,,,,,,,,,"FA-DE Bell Peppers, Red, Diced 10mm /Paprika, rot, gewürfelt 10 mm",PHF-00-139179-3,41.39,41.39,grams,,,,41.39,grams
Mixed veg - Ratatouille Vegetable Batch,SUB-013764-4-001,,,,,,,,,,,,,,,,,,,,,"FA-DE Garlic, IQF, Diced 4 mm /Knoblauch, IQF, gewürfelt 4 mm",PHF-00-139237-1,6.52,6.52,grams,SCHWEFELDIOXIDE UND SULFITE,,,6.52,grams
Mixed veg - Roasted Peppers & Onions,SUB-026055-4-001,,,,,,,,,,,,,,,,,,,,,"FA-DE Bell Peppers, Red, Sliced 10mm /Paprika, rot, in Scheiben geschnitten, 10 mm",PHF-00-139183-3,522.2,522.2,grams,,,,522.2,grams
Mixed veg - Roasted Peppers & Onions,SUB-026055-4-001,,,,,,,,,,,,,,,,,,,,,"FA-DE Onion, Spanish, Sliced 5mm /Zwiebel, spanisch, in Scheiben geschnitten, 5 mm",PHF-00-139211-3,186.54,186.54,grams,,,,186.54,grams
Mixed veg - Roasted Peppers & Onions,SUB-026055-4-001,,,,,,,,,,,,,,,,,,,,,"FA-DE Oil, Olive /Öl, Olivenöl",PRO-00-139277-5,28.07,28.07,grams,,,,28.07,grams
Mixed veg - Roasted Peppers & Onions,SUB-026055-4-001,,,,,,,,,,,,,,,,,,,,,"FA-DE Spice, Sea Salt /Gewürze, Meersalz",SPI-00-139378-5,1.13,1.13,grams,,,,1.13,grams
Mixed veg - Roasted Peppers & Onions,SUB-026055-4-001,,,,,,,,,,,,,,,,,,,,,"FA-DE Spice, Black Pepper, Ground /Gewürz, schwarzer Pfeffer, gemahlen",SPI-00-139334-5,1.13,1.13,grams,,,,1.13,grams
Mixed veg - Roasted Vegetable BATCH 25% less oil,SUB-014154-4-001,,,,,,,,,,,,,,,,,,,,,"FA-DE Zucchini, Diced 10mm /Zucchini, gewürfelt 10 mm",PHF-00-139229-3,55.28,55.28,grams,,,,55.28,grams
Mixed veg - Roasted Vegetable BATCH 25% less oil,SUB-014154-4-001,,,,,,,,,,,,,,,,,,,,,"FA-DE Garlic, IQF, Diced 4 mm /Knoblauch, IQF, gewürfelt 4 mm",PHF-00-139237-1,0.85,0.85,grams,SCHWEFELDIOXIDE UND SULFITE,,,0.85,grams
Mixed veg - Roasted Vegetable BATCH 25% less oil,SUB-014154-4-001,,,,,,,,,,,,,,,,,,,,,"FA-DE Spice, Parsley Dried /Gewürze, getrocknete Petersilie",SPI-00-139374-5,0.28,0.28,grams,,,,0.28,grams
Mixed veg - Roasted Vegetable BATCH 25% less oil,SUB-014154-4-001,,,,,,,,,,,,,,,,,,,,,"FA-DE Spice, Onion Granulated /Gewürze, Zwiebeln granuliert",SPI-00-139370-5,0.28,0.28,grams,,,,0.28,grams
Mixed veg - Roasted Vegetable BATCH 25% less oil,SUB-014154-4-001,,,,,,,,,,,,,,,,,,,,,"FA-DE Oil, Olive /Öl, Olivenöl",PRO-00-139277-5,2.27,2.27,grams,,,,2.27,grams
Mixed veg - Roasted Vegetable BATCH 25% less oil,SUB-014154-4-001,,,,,,,,,,,,,,,,,,,,,"FA-DE Bell Peppers, Red, Diced 10mm /Paprika, rot, gewürfelt 10 mm",PHF-00-139179-3,24.66,24.66,grams,,,,24.66,grams
Mixed veg - Roasted Vegetable BATCH 25% less oil,SUB-014154-4-001,,,,,,,,,,,,,,,,,,,,,"FA-DE Spice, Sea Salt /Gewürze, Meersalz",SPI-00-139378-5,0.5,0.5,grams,,,,0.5,grams
Mixed veg - Roasted Vegetable BATCH 25% less oil,SUB-014154-4-001,,,,,,,,,,,,,,,,,,,,,"FA-DE Juice, Lemon /Saft, Zitrone",PRO-00-139265-5,0.83,0.83,grams,,,,0.83,grams
Mixed veg - Roasted Vegetable BATCH 25% less oil,SUB-014154-4-001,,,,,,,,,,,,,,,,,,,,,"FA-DE Spice, White Pepper /Gewürz, weißer Pfeffer",SPI-00-139387-5,0.12,0.12,grams,,,,0.12,grams
Mixed veg - Roasted Vegetable BATCH 25% less oil,SUB-014154-4-001,,,,,,,,,,,,,,,,,,,,,"FA-DE Spice, Tomato Powder /Gewürz, Tomatenpulver",SPI-00-139325-5,0.53,0.53,grams,,,,0.53,grams
Mixed veg - Summer Zucchini Roast,SUB-013418-4-001,,,,,,,,,,,,,,,,,,,,,"FA-DE Oil, Olive /Öl, Olivenöl",PRO-00-139277-5,1.7,1.7,grams,,,,1.7,grams
Mixed veg - Summer Zucchini Roast,SUB-013418-4-001,,,,,,,,,,,,,,,,,,,,,"FA-DE Sweetcorn Supersweet Kernels, IQF /Zuckermais-Supersüßkörner, IQF",PHF-00-139236-1,18.71,18.71,grams,,,,18.71,grams
Mixed veg - Summer Zucchini Roast,SUB-013418-4-001,,,,,,,,,,,,,,,,,,,,,"FA-DE Garlic, IQF, Diced 4 mm /Knoblauch, IQF, gewürfelt 4 mm",PHF-00-139237-1,1.98,1.98,grams,SCHWEFELDIOXIDE UND SULFITE,,,1.98,grams
Mixed veg - Summer Zucchini Roast,SUB-013418-4-001,,,,,,,,,,,,,,,,,,,,,"FA-DE Spice, Sea Salt /Gewürze, Meersalz",SPI-00-139378-5,0.28,0.28,grams,,,,0.28,grams
Mixed veg - Summer Zucchini Roast,SUB-013418-4-001,,,,,,,,,,,,,,,,,,,,,"FA-DE Zucchini, Diced 10mm /Zucchini, gewürfelt 10 mm",PHF-00-139229-3,49.9,49.9,grams,,,,49.9,grams
Mixed veg - Summer Zucchini Roast,SUB-013418-4-001,,,,,,,,,,,,,,,,,,,,,"FA-DE Spice, Onion Powder, Toasted /Gewürze, Zwiebelpulver, geröstet",SPI-00-139371-5,0.28,0.28,grams,,,,0.28,grams
Mixed veg - Summer Zucchini Roast,SUB-013418-4-001,,,,,,,,,,,,,,,,,,,,,"FA-DE Tomatoes, Diced 10mm /Tomaten, gewürfelt, 10 mm",PHF-00-139239-3,25.23,25.23,grams,,,,25.23,grams
Mixed veg - Summer Zucchini Roast,SUB-013418-4-001,,,,,,,,,,,,,,,,,,,,,"FA-DE Spice, Garlic Granulated /Gewürz, Knoblauch granuliert",SPI-00-139353-5,0.28,0.28,grams,,,,0.28,grams
Mixed veg - Summer Zucchini Roast,SUB-013418-4-001,,,,,,,,,,,,,,,,,,,,,"FA-DE Onion, Spanish, Diced 10mm /Zwiebel, Spanisch, gewürfelt 10 mm",PHF-00-139209-3,4.25,4.25,grams,,,,4.25,grams
Mixed veg - Summer Zucchini Roast,SUB-013418-4-001,,,,,,,,,,,,,,,,,,,,,"FA-DE Bell Peppers, Red, Diced 10mm /Paprika, rot, gewürfelt 10 mm",PHF-00-139179-3,2.55,2.55,grams,,,,2.55,grams
Mixed veg - Summer Zucchini Roast,SUB-013418-4-001,,,,,,,,,,,,,,,,,,,,,"FA-DE Parsley, Chopped /Petersilie, gehackt",PHF-00-139215-3,0.28,0.28,grams,,,,0.28,grams
Mod Marinade #4 - Garlic and Herb,SUB-013452-4-001,,,,,,,,,,,,,,,,,,,,,"FA-DE Oil, Olive /Öl, Olivenöl",PRO-00-139277-5,29.48,29.48,grams,,,,29.48,grams
Mod Marinade #4 - Garlic and Herb,SUB-013452-4-001,,,,,,,,,,,,,,,,,,,,,"FA-DE Vinegar, Red Wine /Essig, Rotwein",PRO-00-139301-5,9.92,9.92,grams,,,,9.92,grams
Mod Marinade #4 - Garlic and Herb,SUB-013452-4-001,,,,,,,,,,,,,,,,,,,,,"FA-DE Garlic, IQF, Diced 4 mm /Knoblauch, IQF, gewürfelt 4 mm",PHF-00-139237-1,9.92,9.92,grams,SCHWEFELDIOXIDE UND SULFITE,,,9.92,grams
Mod Marinade #4 - Garlic and Herb,SUB-013452-4-001,,,,,,,,,,,,,,,,,,,,,"FA-DE Spice, Garlic Granulated /Gewürz, Knoblauch granuliert",SPI-00-139353-5,2.27,2.27,grams,,,,2.27,grams
Mod Marinade #4 - Garlic and Herb,SUB-013452-4-001,,,,,,,,,,,,,,,,,,,,,"FA-DE Spice, Parsley Dried /Gewürze, getrocknete Petersilie",SPI-00-139374-5,1.42,1.42,grams,,,,1.42,grams
Mod Marinade #4 - Garlic and Herb,SUB-013452-4-001,,,,,,,,,,,,,,,,,,,,,"FA-DE Spice, Black Pepper, Ground /Gewürz, schwarzer Pfeffer, gemahlen",SPI-00-139334-5,0.57,0.57,grams,,,,0.57,grams
Mod Marinade #4 - Garlic and Herb,SUB-013452-4-001,,,,,,,,,,,,,,,,,,,,,"FA-DE Spice, Sea Salt /Gewürze, Meersalz",SPI-00-139378-5,1.13,1.13,grams,,,,1.13,grams
Mod Marinade #6 - Asian,SUB-016246-4-001,,,,,,,,,,,,,,,,,,,,,"FA-DE Onion, Green, Sliced 5mm /Zwiebel, grün, in Scheiben geschnitten, 5 mm",PHF-00-149803-3,2270,2270,grams,,,,2270,grams
Mod Marinade #6 - Asian,SUB-016246-4-001,,,,,,,,,,,,,,,,,,,,,"FA-DE Garlic, IQF, Diced 4 mm /Knoblauch, IQF, gewürfelt 4 mm",PHF-00-139237-1,2270,2270,grams,SCHWEFELDIOXIDE UND SULFITE,,,2270,grams
Mod Marinade #6 - Asian,SUB-016246-4-001,,,,,,,,,,,,,,,,,,,,,"FA-DE Ginger, IQF, Diced 4 mm /Ingwer, IQF, gewürfelt 4 mm",PHF-00-139238-1,1700,1700,grams,SCHWEFELDIOXIDE UND SULFITE,,,1700,grams
Mod Marinade #6 - Asian,SUB-016246-4-001,,,,,,,,,,,,,,,,,,,,,"FA-DE Tamari, Reduced Sodium Soy Sauce /Tamari, natriumreduzierte Sojasauce",PRO-00-139291-5,1420,1420,grams,SOJA,,,1420,grams
Mod Marinade #6 - Asian,SUB-016246-4-001,,,,,,,,,,,,,,,,,,,,,FA-DE Honey /Honig – Masse,PRO-00-139266-5,1420,1420,grams,,,,1420,grams
Mod Marinade #6 - Asian,SUB-016246-4-001,,,,,,,,,,,,,,,,,,,,,"FA-DE Vinegar, Rice /Essig, Reis",PRO-00-139300-5,566.99,566.99,grams,,,,566.99,grams
Mod Marinade #6 - Asian,SUB-016246-4-001,,,,,,,,,,,,,,,,,,,,,"FA-DE Spice, White Pepper /Gewürz, weißer Pfeffer",SPI-00-139387-5,70.87,70.87,grams,,,,70.87,grams
Mod Marinade #6 - Asian,SUB-016246-4-001,,,,,,,,,,,,,,,,,,,,,"FA-DE Spice, Sea Salt /Gewürze, Meersalz",SPI-00-139378-5,28.35,28.35,grams,,,,28.35,grams
Mod Marinade #6 - Asian,SUB-016246-4-001,,,,,,,,,,,,,,,,,,,,,"FA-DE Spice, Gochugaru Chili Pepper Flakes /Gewürz, Gochugaru-Chili-Pfefferflocken",SPI-00-139356-5,9.36,9.36,grams,,,,9.36,grams
Mod Marinade #6 - Asian,SUB-016246-4-001,,,,,,,,,,,,,,,,,,,,,"FA-DE Oil, Olive /Öl, Olivenöl",PRO-00-139277-5,2270,2270,grams,,,,2270,grams
Mod Marinade #6 - Asian,SUB-016246-4-001,,,,,,,,,,,,,,,,,,,,,"FA-DE Oil, Sesame Seed, Toasted /Öl, Sesamsamen, geröstet",PRO-00-139280-5,2270,2270,grams,SESAMSAMEN,,,2270,grams
Moroccan  cherry tomato sauce,SUB-030308-4-001,,,,,,,,,,,,,,,,,,,,,"FA-DE Oil, Olive /Öl, Olivenöl",PRO-00-139277-5,2.18,2.18,grams,,,,2.18,grams
Moroccan  cherry tomato sauce,SUB-030308-4-001,,,,,,,,,,,,,,,,,,,,,"FA-DE Onion, Spanish, Diced 5mm /Zwiebel, Spanisch, gewürfelt 5 mm",PHF-00-139212-3,8.71,8.71,grams,,,,8.71,grams
Moroccan  cherry tomato sauce,SUB-030308-4-001,,,,,,,,,,,,,,,,,,,,,"FA-DE Garlic, IQF, Diced 4 mm /Knoblauch, IQF, gewürfelt 4 mm",PHF-00-139237-1,4.36,4.36,grams,SCHWEFELDIOXIDE UND SULFITE,,,4.36,grams
Moroccan  cherry tomato sauce,SUB-030308-4-001,,,,,,,,,,,,,,,,,,,,,"FA-DE Jalapeno Peppers, Diced 5mm /Jalapeno-Paprikaschoten, gewürfelt, 5 mm",PHF-00-139201-3,2.18,2.18,grams,,,,2.18,grams
Moroccan  cherry tomato sauce,SUB-030308-4-001,,,,,,,,,,,,,,,,,,,,,"FA-DE Spice, Turmeric /Gewürz, Kurkuma",SPI-00-139384-5,0.04,0.04,grams,,,,0.04,grams
Moroccan  cherry tomato sauce,SUB-030308-4-001,,,,,,,,,,,,,,,,,,,,,"FA-DE Spice, Cumin Ground /Gewürz, gemahlener Kreuzkümmel",SPI-00-139345-5,0.22,0.22,grams,,,,0.22,grams
Moroccan  cherry tomato sauce,SUB-030308-4-001,,,,,,,,,,,,,,,,,,,,,"FA-DE Spice, Smoked Paprika /Gewürz, geräucherter Paprika",SPI-00-139383-5,0.22,0.22,grams,,,,0.22,grams
Moroccan  cherry tomato sauce,SUB-030308-4-001,,,,,,,,,,,,,,,,,,,,,"FA-DE Spice, Harissa Powder /Gewürz, Harissa-Pulver",SPI-00-139323-5,0.44,0.44,grams,,,,0.44,grams
Moroccan  cherry tomato sauce,SUB-030308-4-001,Concentrated Tomatoes- Diluted (90/10) (primo gusto/old california),SUB-013421-4-001,13.07,grams,"DEBOX, STAGING",,,,,,,,,,,,,,,,"FA-DE Tomatoes, Concentrated Crushed /Tomaten, konzentriert, zerkleinert",PRO-00-139293-5,11.76,11.76,grams,,,1.0,11.76,grams
Moroccan  cherry tomato sauce,SUB-030308-4-001,Concentrated Tomatoes- Diluted (90/10) (primo gusto/old california),SUB-013421-4-001,13.07,grams,"DEBOX, STAGING",,,,,,,,,,,,,,,,FA-DE Water / Wasser,OTH-00-144038-5,1.31,1.31,grams,,,1.0,1.31,grams
Moroccan  cherry tomato sauce,SUB-030308-4-001,,,,,,,,,,,,,,,,,,,,,"FA-DE Tomatoes, Cherry/Tomaten, Kirsche",PHF-00-139190-3,8.71,8.71,grams,,,,8.71,grams
Moroccan  cherry tomato sauce,SUB-030308-4-001,,,,,,,,,,,,,,,,,,,,,FA-DE Water / Wasser,OTH-00-144038-5,18.3,18.3,grams,,,,18.3,grams
Moroccan  cherry tomato sauce,SUB-030308-4-001,,,,,,,,,,,,,,,,,,,,,"FA-DE Coriander, Chopped /Koriander, gehackt",PHF-00-139192-3,0.94,0.94,grams,,,,0.94,grams
Moroccan  cherry tomato sauce,SUB-030308-4-001,,,,,,,,,,,,,,,,,,,,,"FA-DE Spice, Sea Salt /Gewürze, Meersalz",SPI-00-139378-5,0.47,0.47,grams,,,,0.47,grams
Moroccan Chicken Marinade,SUB-030307-4-001,,,,,,,,,,,,,,,,,,,,,"FA-DE Oil, Olive /Öl, Olivenöl",PRO-00-139277-5,1.61,1.61,grams,,,,1.61,grams
Moroccan Chicken Marinade,SUB-030307-4-001,,,,,,,,,,,,,,,,,,,,,"FA-DE Yogurt, Greek, Plain /Joghurt, Griechisch, Natur",DAI-00-139161-3,1.61,1.61,grams,MILCH (EINSCHLIESSLICH LAKTOSE),,,1.61,grams
Moroccan Chicken Marinade,SUB-030307-4-001,,,,,,,,,,,,,,,,,,,,,"FA-DE Spice, Smoked Paprika /Gewürz, geräucherter Paprika",SPI-00-139383-5,0.15,0.15,grams,,,,0.15,grams
Moroccan Chicken Marinade,SUB-030307-4-001,,,,,,,,,,,,,,,,,,,,,"FA-DE Spice, Cumin Seed /Gewürz, Kreuzkümmel",SPI-00-139346-5,0.17,0.17,grams,,,,0.17,grams
Moroccan Chicken Marinade,SUB-030307-4-001,,,,,,,,,,,,,,,,,,,,,"FA-DE Spice, Sea Salt /Gewürze, Meersalz",SPI-00-139378-5,0.1,0.1,grams,,,,0.1,grams
Moroccan Chicken Marinade,SUB-030307-4-001,,,,,,,,,,,,,,,,,,,,,"FA-DE Spice, Onion Powder, Toasted /Gewürze, Zwiebelpulver, geröstet",SPI-00-139371-5,0.04,0.04,grams,,,,0.04,grams
Moroccan Chicken Marinade,SUB-030307-4-001,,,,,,,,,,,,,,,,,,,,,"FA-DE Spice, Ginger Ground /Gewürze, gemahlener Ingwer",SPI-00-139355-5,0.02,0.02,grams,,,,0.02,grams
Moroccan Chicken Marinade,SUB-030307-4-001,,,,,,,,,,,,,,,,,,,,,"FA-DE Spice, Harissa Powder /Gewürz, Harissa-Pulver",SPI-00-139323-5,0.17,0.17,grams,,,,0.17,grams
Moroccan Chicken Marinade,SUB-030307-4-001,,,,,,,,,,,,,,,,,,,,,"FA-DE Spice, Turmeric /Gewürz, Kurkuma",SPI-00-139384-5,0.02,0.02,grams,,,,0.02,grams
Moroccan Chicken Marinade,SUB-030307-4-001,,,,,,,,,,,,,,,,,,,,,"FA-DE Parsley, Chopped /Petersilie, gehackt",PHF-00-139215-3,0.4,0.4,grams,,,,0.4,grams
Moroccan Chicken Marinade,SUB-030307-4-001,,,,,,,,,,,,,,,,,,,,,"FA-DE Coriander, Chopped /Koriander, gehackt",PHF-00-139192-3,0.4,0.4,grams,,,,0.4,grams
Moroccan Chicken Marinade,SUB-030307-4-001,,,,,,,,,,,,,,,,,,,,,"FA-DE Zest, Lemon/Gewürz, Zitronenschale",PHF-00-139247-3,0.02,0.02,grams,,,,0.02,grams
Mozzarella + Parsley Mix,SUB-013419-4-001,,,,,,,,,,,,,,,,,,,,,"FA-DE Parsley, Chopped /Petersilie, gehackt",PHF-00-139215-3,1.7,1.7,grams,,,,1.7,grams
Mozzarella + Parsley Mix,SUB-013419-4-001,,,,,,,,,,,,,,,,,,,,,"FA-DE Cheese, Mozzarella, Shredded /Käse, Mozzarella, gerieben",DAI-00-139125-3,23.81,23.81,grams,MILCH (EINSCHLIESSLICH LAKTOSE),,,23.81,grams
Parmesan Cauliflower Mash - Rice - HTD - Batch,SUB-013598-4-001,,,,,,,,,,,,,,,,,,,,,"FA-DE Spice, Sea Salt /Gewürze, Meersalz",SPI-00-139378-5,0.29,0.29,grams,,,,0.29,grams
Parmesan Cauliflower Mash - Rice - HTD - Batch,SUB-013598-4-001,,,,,,,,,,,,,,,,,,,,,"FA-DE Cheese, Parmesan, Grated /Käse, Parmesan, gerieben",DAI-00-139127-3,2.35,2.35,grams,MILCH (EINSCHLIESSLICH LAKTOSE),,,2.35,grams
Parmesan Cauliflower Mash - Rice - HTD - Batch,SUB-013598-4-001,,,,,,,,,,,,,,,,,,,,,"FA-DE Butter, Unsalted /Butter, ungesalzen",DAI-00-139146-3,7.06,7.06,grams,MILCH (EINSCHLIESSLICH LAKTOSE),,,7.06,grams
Parmesan Cauliflower Mash - Rice - HTD - Batch,SUB-013598-4-001,,,,,,,,,,,,,,,,,,,,,"FA-DE Cheese, Cream, 13% Fat (Milk) /Käse, Sahne, 13% Fett",DAI-00-139122-3,16.39,16.39,grams,MILCH (EINSCHLIESSLICH LAKTOSE),,,16.39,grams
Parmesan Cauliflower Mash - Rice - HTD - Batch,SUB-013598-4-001,,,,,,,,,,,,,,,,,,,,,"FA-DE Cauliflower, Riced, IQF /Blumenkohl, Reis, IQF",PHF-00-139233-1,63.58,63.58,grams,,,,63.58,grams
Polenta - with Mascarpone and Parmesan - Quick Cook,SUB-013621-4-001,,,,,,,,,,,,,,,,,,,,,"FA-DE Grits, Cereal Hot, Quick /Grütze, Müsli, heiß, schnell",PRO-00-139264-5,26.08,26.08,grams,,,,26.08,grams
Polenta - with Mascarpone and Parmesan - Quick Cook,SUB-013621-4-001,,,,,,,,,,,,,,,,,,,,,"FA-DE Spice, Sea Salt /Gewürze, Meersalz",SPI-00-139378-5,0.49,0.49,grams,,,,0.49,grams
Polenta - with Mascarpone and Parmesan - Quick Cook,SUB-013621-4-001,,,,,,,,,,,,,,,,,,,,,"FA-DE Milk, Whole /Milch, voll",DAI-00-139142-3,104.33,104.33,grams,MILCH (EINSCHLIESSLICH LAKTOSE),,,104.33,grams
Polenta - with Mascarpone and Parmesan - Quick Cook,SUB-013621-4-001,,,,,,,,,,,,,,,,,,,,,"FA-DE Cheese, Parmesan, Grated /Käse, Parmesan, gerieben",DAI-00-139127-3,8.5,8.5,grams,MILCH (EINSCHLIESSLICH LAKTOSE),,,8.5,grams
Polenta - with Mascarpone and Parmesan - Quick Cook,SUB-013621-4-001,,,,,,,,,,,,,,,,,,,,,FA-DE Mascarpone /Mascarpone,DAI-00-139143-3,14.18,14.18,grams,MILCH (EINSCHLIESSLICH LAKTOSE),,,14.18,grams
Polenta - with Mascarpone and Parmesan - Quick Cook,SUB-013621-4-001,,,,,,,,,,,,,,,,,,,,,"FA-DE Butter, Unsalted /Butter, ungesalzen",DAI-00-139146-3,7.09,7.09,grams,MILCH (EINSCHLIESSLICH LAKTOSE),,,7.09,grams
Polenta - with Mascarpone and Parmesan - Quick Cook,SUB-013621-4-001,,,,,,,,,,,,,,,,,,,,,"FA-DE Chives, Dried /Schnittlauch, getrocknet",SPI-00-139322-5,0.14,0.14,grams,,,,0.14,grams
Polenta less fat,SUB-031689-4-001,,,,,,,,,,,,,,,,,,,,,"FA-DE Grits, Cereal Hot, Quick /Grütze, Müsli, heiß, schnell",PRO-00-139264-5,26.08,26.08,grams,,,,26.08,grams
Polenta less fat,SUB-031689-4-001,,,,,,,,,,,,,,,,,,,,,"FA-DE Spice, Sea Salt /Gewürze, Meersalz",SPI-00-139378-5,0.6,0.6,grams,,,,0.6,grams
Polenta less fat,SUB-031689-4-001,,,,,,,,,,,,,,,,,,,,,"FA-DE Milk, Semi-Skimmed /Milch, teilentrahmt",DAI-00-139139-3,120,120,grams,MILCH (EINSCHLIESSLICH LAKTOSE),,,120,grams
Polenta less fat,SUB-031689-4-001,,,,,,,,,,,,,,,,,,,,,"FA-DE Cheese, Parmesan, Grated /Käse, Parmesan, gerieben",DAI-00-139127-3,6,6,grams,MILCH (EINSCHLIESSLICH LAKTOSE),,,6,grams
Polenta less fat,SUB-031689-4-001,,,,,,,,,,,,,,,,,,,,,"FA-DE Chives, Dried /Schnittlauch, getrocknet",SPI-00-139322-5,0.14,0.14,grams,,,,0.14,grams
Polenta less fat,SUB-031689-4-001,,,,,,,,,,,,,,,,,,,,,FA-DE Mascarpone /Mascarpone,DAI-00-139143-3,10,10,grams,MILCH (EINSCHLIESSLICH LAKTOSE),,,10,grams
Polenta less fat,SUB-031689-4-001,,,,,,,,,,,,,,,,,,,,,"FA-DE Butter, Unsalted /Butter, ungesalzen",DAI-00-139146-3,5,5,grams,MILCH (EINSCHLIESSLICH LAKTOSE),,,5,grams
Pork Shepherd's Pie Veg for Base,SUB-013391-4-001,,,,,,,,,,,,,,,,,,,,,"FA-DE Garlic, IQF, Diced 4 mm /Knoblauch, IQF, gewürfelt 4 mm",PHF-00-139237-1,3.97,3.97,grams,SCHWEFELDIOXIDE UND SULFITE,,,3.97,grams
Pork Shepherd's Pie Veg for Base,SUB-013391-4-001,,,,,,,,,,,,,,,,,,,,,"FA-DE Spice, Sea Salt /Gewürze, Meersalz",SPI-00-139378-5,0.11,0.11,grams,,,,0.11,grams
Pork Shepherd's Pie Veg for Base,SUB-013391-4-001,,,,,,,,,,,,,,,,,,,,,"FA-DE Spice, Black Pepper, Ground /Gewürz, schwarzer Pfeffer, gemahlen",SPI-00-139334-5,0.09,0.09,grams,,,,0.09,grams
Pork Shepherd's Pie Veg for Base,SUB-013391-4-001,,,,,,,,,,,,,,,,,,,,,"FA-DE Carrots, Diced 10mm /Karotten, gewürfelt, 10 mm",PHF-00-139186-3,7.09,7.09,grams,,,,7.09,grams
Pork Shepherd's Pie Veg for Base,SUB-013391-4-001,,,,,,,,,,,,,,,,,,,,,"FA-DE Oil, Olive /Öl, Olivenöl",PRO-00-139277-5,1.7,1.7,grams,,,,1.7,grams
Pork Shepherd's Pie Veg for Base,SUB-013391-4-001,,,,,,,,,,,,,,,,,,,,,"FA-DE Onion, Spanish, Diced 5mm /Zwiebel, Spanisch, gewürfelt 5 mm",PHF-00-139212-3,9.36,9.36,grams,,,,9.36,grams
Pork Shepherd's Pie Veg for Base,SUB-013391-4-001,,,,,,,,,,,,,,,,,,,,,"FA-DE Celery, Diced 5mm /Sellerie, gewürfelt 5 mm",PHF-00-139189-3,7.09,7.09,grams,SELLERIE,,,7.09,grams
Pork Tenderloin - HERB BRINED,SUB-013465-4-001,,,,,,,,,,,,,,,,,,,,,FA-DE Water / Wasser,OTH-00-144038-5,6800,6800,grams,,,,6800,grams
Pork Tenderloin - HERB BRINED,SUB-013465-4-001,,,,,,,,,,,,,,,,,,,,,"FA-DE Spice, Thyme Dry /Gewürz, Thymian trocken",SPI-00-139385-5,11.34,11.34,grams,,,,11.34,grams
Pork Tenderloin - HERB BRINED,SUB-013465-4-001,,,,,,,,,,,,,,,,,,,,,"FA-DE Pork, Tenderloin /Schweinefleisch, Filet",PTN-00-139310-3,6800,6800,grams,,,,6800,grams
Pork Tenderloin - HERB BRINED,SUB-013465-4-001,,,,,,,,,,,,,,,,,,,,,"FA-DE Spice, Sage, Rubbed /Gewürz, Salbei, gerieben",SPI-00-139377-5,11.34,11.34,grams,,,,11.34,grams
Pork Tenderloin - HERB BRINED,SUB-013465-4-001,,,,,,,,,,,,,,,,,,,,,"FA-DE Spice, Sea Salt /Gewürze, Meersalz",SPI-00-139378-5,60.1,60.1,grams,,,,60.1,grams
Pork Tenderloin - HERB BRINED,SUB-013465-4-001,,,,,,,,,,,,,,,,,,,,,FA-DE Dried Rosemary/Rosmarin getrocknet,SPI-00-143552-5,11.34,11.34,grams,,,,11.34,grams
Pork tenderloin - herb marinade,SUB-013466-4-001,Pork Tenderloin - HERB BRINED,SUB-013465-4-001,170,grams,BRINE,,,,,,,,,,,,,,,,FA-DE Water / Wasser,OTH-00-144038-5,170,170,grams,,,0.49656,170,grams
Pork tenderloin - herb marinade,SUB-013466-4-001,Pork Tenderloin - HERB BRINED,SUB-013465-4-001,170,grams,BRINE,,,,,,,,,,,,,,,,"FA-DE Spice, Thyme Dry /Gewürz, Thymian trocken",SPI-00-139385-5,0.28,0.28,grams,,,0.49656,0.28,grams
Pork tenderloin - herb marinade,SUB-013466-4-001,Pork Tenderloin - HERB BRINED,SUB-013465-4-001,170,grams,BRINE,,,,,,,,,,,,,,,,"FA-DE Pork, Tenderloin /Schweinefleisch, Filet",PTN-00-139310-3,170,170,grams,,,0.49656,170,grams
Pork tenderloin - herb marinade,SUB-013466-4-001,Pork Tenderloin - HERB BRINED,SUB-013465-4-001,170,grams,BRINE,,,,,,,,,,,,,,,,"FA-DE Spice, Sage, Rubbed /Gewürz, Salbei, gerieben",SPI-00-139377-5,0.28,0.28,grams,,,0.49656,0.28,grams
Pork tenderloin - herb marinade,SUB-013466-4-001,Pork Tenderloin - HERB BRINED,SUB-013465-4-001,170,grams,BRINE,,,,,,,,,,,,,,,,"FA-DE Spice, Sea Salt /Gewürze, Meersalz",SPI-00-139378-5,1.5,1.5,grams,,,0.49656,1.5,grams
Pork tenderloin - herb marinade,SUB-013466-4-001,Pork Tenderloin - HERB BRINED,SUB-013465-4-001,170,grams,BRINE,,,,,,,,,,,,,,,,FA-DE Dried Rosemary/Rosmarin getrocknet,SPI-00-143552-5,0.28,0.28,grams,,,0.49656,0.28,grams
Pork tenderloin - herb marinade,SUB-013466-4-001,Herb Marinade for Pork Tenderloin,SUB-031651-4-001,12,grams,UNCATEGORIZED BOM,,,,,,,,,,,,,,,,"FA-DE Oil, Olive /Öl, Olivenöl",PRO-00-139277-5,11.1,11.1,grams,,,0.99855,11.1,grams
Pork tenderloin - herb marinade,SUB-013466-4-001,Herb Marinade for Pork Tenderloin,SUB-031651-4-001,12,grams,UNCATEGORIZED BOM,,,,,,,,,,,,,,,,"FA-DE Spice, Oregano Dry /Gewürz, Oregano trocken",SPI-00-139372-5,0.03,0.03,grams,,,0.99855,0.03,grams
Pork tenderloin - herb marinade,SUB-013466-4-001,Herb Marinade for Pork Tenderloin,SUB-031651-4-001,12,grams,UNCATEGORIZED BOM,,,,,,,,,,,,,,,,"FA-DE Spice, Garlic Granulated /Gewürz, Knoblauch granuliert",SPI-00-139353-5,0.24,0.24,grams,,,0.99855,0.24,grams
Pork tenderloin - herb marinade,SUB-013466-4-001,Herb Marinade for Pork Tenderloin,SUB-031651-4-001,12,grams,UNCATEGORIZED BOM,,,,,,,,,,,,,,,,"FA-DE Spice, Parsley Dried /Gewürze, getrocknete Petersilie",SPI-00-139374-5,0.03,0.03,grams,,,0.99855,0.03,grams
Pork tenderloin - herb marinade,SUB-013466-4-001,Herb Marinade for Pork Tenderloin,SUB-031651-4-001,12,grams,UNCATEGORIZED BOM,,,,,,,,,,,,,,,,"FA-DE Chives, Dried /Schnittlauch, getrocknet",SPI-00-139322-5,0.05,0.05,grams,,,0.99855,0.05,grams
Pork tenderloin - herb marinade,SUB-013466-4-001,Herb Marinade for Pork Tenderloin,SUB-031651-4-001,12,grams,UNCATEGORIZED BOM,,,,,,,,,,,,,,,,"FA-DE Spice, Sea Salt /Gewürze, Meersalz",SPI-00-139378-5,0.27,0.27,grams,,,0.99855,0.27,grams
Pork tenderloin - herb marinade,SUB-013466-4-001,Herb Marinade for Pork Tenderloin,SUB-031651-4-001,12,grams,UNCATEGORIZED BOM,,,,,,,,,,,,,,,,"FA-DE Spice, Onion Granulated /Gewürze, Zwiebeln granuliert",SPI-00-139370-5,0.12,0.12,grams,,,0.99855,0.12,grams
Pork tenderloin - herb marinade,SUB-013466-4-001,Herb Marinade for Pork Tenderloin,SUB-031651-4-001,12,grams,UNCATEGORIZED BOM,,,,,,,,,,,,,,,,"FA-DE Spice, Black Pepper, Ground /Gewürz, schwarzer Pfeffer, gemahlen",SPI-00-139334-5,0.18,0.18,grams,,,0.99855,0.18,grams
Portobello - CBRSC Roasted Portobello's,SUB-013717-4-001,Roasted Garlic (use),SUB-013367-4-001,28.35,grams,"BLAST CHILLER, BRAISER, SPICE PORTIONING",,,,,,,,,,,,,,,,"FA-DE Garlic, Peeled, Whole Cloves [10kg] /Knoblauch, geschält, ganze Nelken [10kg]",PHF-00-139197-3,28.58,28.58,grams,,,0.56691,28.58,grams
Portobello - CBRSC Roasted Portobello's,SUB-013717-4-001,Roasted Garlic (use),SUB-013367-4-001,28.35,grams,"BLAST CHILLER, BRAISER, SPICE PORTIONING",,,,,,,,,,,,,,,,"FA-DE Oil, Olive /Öl, Olivenöl",PRO-00-139277-5,21.43,21.43,grams,,,0.56691,21.43,grams
Portobello - CBRSC Roasted Portobello's,SUB-013717-4-001,,,,,,,,,,,,,,,,,,,,,"FA-DE Thyme, IQF /Thymian, IQF",PHF-00-139244-1,5.67,5.67,grams,,,,5.67,grams
Portobello - CBRSC Roasted Portobello's,SUB-013717-4-001,,,,,,,,,,,,,,,,,,,,,"FA-DE Spice, Sea Salt /Gewürze, Meersalz",SPI-00-139378-5,7.09,7.09,grams,,,,7.09,grams
Portobello - CBRSC Roasted Portobello's,SUB-013717-4-001,,,,,,,,,,,,,,,,,,,,,"FA-DE Spice, Black Pepper, Ground /Gewürz, schwarzer Pfeffer, gemahlen",SPI-00-139334-5,5.67,5.67,grams,,,,5.67,grams
Portobello - CBRSC Roasted Portobello's,SUB-013717-4-001,,,,,,,,,,,,,,,,,,,,,"FA-DE Oil, Olive /Öl, Olivenöl",PRO-00-139277-5,113.4,113.4,grams,,,,113.4,grams
Portobello - CBRSC Roasted Portobello's,SUB-013717-4-001,,,,,,,,,,,,,,,,,,,,,"FA-DE Mushroom, Portobello, Sliced, Washed /Pilze, Portobello, in Scheiben geschnitten, gewaschen",PHF-00-139207-3,1470,1470,grams,,,,1470,grams
Pulled Chicken - Batch for Taco Bowl,SUB-014048-4-001,,,,,,,,,,,,,,,,,,,,,"FA-DE Oil, Olive /Öl, Olivenöl",PRO-00-139277-5,4.25,4.25,grams,,,,4.25,grams
Pulled Chicken - Batch for Taco Bowl,SUB-014048-4-001,Spice mix - No Salt Taco Seasoning,SUB-013612-4-001,3.69,grams,"HAND MIX, SPICE PORTIONING",,,,,,,,,,,,,,,,"FA-DE Spice, Garlic Granulated /Gewürz, Knoblauch granuliert",SPI-00-139353-5,0.19,0.19,grams,,,0.99684,0.19,grams
Pulled Chicken - Batch for Taco Bowl,SUB-014048-4-001,Spice mix - No Salt Taco Seasoning,SUB-013612-4-001,3.69,grams,"HAND MIX, SPICE PORTIONING",,,,,,,,,,,,,,,,"FA-DE Spice, Chili Powder /Gewürz, Chilipulver",SPI-00-139340-5,1.61,1.61,grams,,,0.99684,1.61,grams
Pulled Chicken - Batch for Taco Bowl,SUB-014048-4-001,Spice mix - No Salt Taco Seasoning,SUB-013612-4-001,3.69,grams,"HAND MIX, SPICE PORTIONING",,,,,,,,,,,,,,,,"FA-DE Spice, Onion Granulated /Gewürze, Zwiebeln granuliert",SPI-00-139370-5,0.14,0.14,grams,,,0.99684,0.14,grams
Pulled Chicken - Batch for Taco Bowl,SUB-014048-4-001,Spice mix - No Salt Taco Seasoning,SUB-013612-4-001,3.69,grams,"HAND MIX, SPICE PORTIONING",,,,,,,,,,,,,,,,"FA-DE Spice, Black Pepper, Ground /Gewürz, schwarzer Pfeffer, gemahlen",SPI-00-139334-5,0.54,0.54,grams,,,0.99684,0.54,grams
Pulled Chicken - Batch for Taco Bowl,SUB-014048-4-001,Spice mix - No Salt Taco Seasoning,SUB-013612-4-001,3.69,grams,"HAND MIX, SPICE PORTIONING",,,,,,,,,,,,,,,,"FA-DE Spice, Oregano Dry /Gewürz, Oregano trocken",SPI-00-139372-5,0.06,0.06,grams,,,0.99684,0.06,grams
Pulled Chicken - Batch for Taco Bowl,SUB-014048-4-001,Spice mix - No Salt Taco Seasoning,SUB-013612-4-001,3.69,grams,"HAND MIX, SPICE PORTIONING",,,,,,,,,,,,,,,,"FA-DE Spice, Gochugaru Chili Pepper Flakes /Gewürz, Gochugaru-Chili-Pfefferflocken",SPI-00-139356-5,0.16,0.16,grams,,,0.99684,0.16,grams
Pulled Chicken - Batch for Taco Bowl,SUB-014048-4-001,Spice mix - No Salt Taco Seasoning,SUB-013612-4-001,3.69,grams,"HAND MIX, SPICE PORTIONING",,,,,,,,,,,,,,,,"FA-DE Spice, Paprika /Gewürze, Paprika",SPI-00-139373-5,0.27,0.27,grams,,,0.99684,0.27,grams
Pulled Chicken - Batch for Taco Bowl,SUB-014048-4-001,Spice mix - No Salt Taco Seasoning,SUB-013612-4-001,3.69,grams,"HAND MIX, SPICE PORTIONING",,,,,,,,,,,,,,,,"FA-DE Spice, Cumin Ground /Gewürz, gemahlener Kreuzkümmel",SPI-00-139345-5,0.74,0.74,grams,,,0.99684,0.74,grams
Pulled Chicken - Batch for Taco Bowl,SUB-014048-4-001,Chicken CHUNKS - BRINED,SUB-013451-4-001,170,grams,BRINE,,,,,,,,,,,,,,,,FA-DE Water / Wasser,OTH-00-144038-5,170,170,grams,,,0.4978,170,grams
Pulled Chicken - Batch for Taco Bowl,SUB-014048-4-001,Chicken CHUNKS - BRINED,SUB-013451-4-001,170,grams,BRINE,,,,,,,,,,,,,,,,"FA-DE Spice, Sea Salt /Gewürze, Meersalz",SPI-00-139378-5,1.5,1.5,grams,,,0.4978,1.5,grams
Pulled Chicken - Batch for Taco Bowl,SUB-014048-4-001,Chicken CHUNKS - BRINED,SUB-013451-4-001,170,grams,BRINE,,,,,,,,,,,,,,,,"FA-DE Chicken Breast, Chunked, Boneless Skinless /Hähnchenbrust, in Stücken, ohne Knochen und ohne Haut",PTN-00-139314-3,170,170,grams,,,0.4978,170,grams
Pureed Capers,SUB-013604-4-001,,,,,,,,,,,,,,,,,,,,,"FA-DE Capers, Preserved/Kapern, konserviert",PRO-00-139257-5,100,100,grams,,,,100,grams
Ranch Sour Cream Batch - PH,SUB-013485-4-001,,,,,,,,,,,,,,,,,,,,,FA-DE Sour Cream /Sauerrahm,DAI-00-139141-3,25.87,25.87,grams,MILCH (EINSCHLIESSLICH LAKTOSE),,,25.87,grams
Ranch Sour Cream Batch - PH,SUB-013485-4-001,Steamed Cream Cheese,SUB-013481-4-001,4.62,grams,"BLAST CHILLER, OVEN",,,,,,,,,,,,,,,,"FA-DE Cheese, Cream, 13% Fat (Milk) /Käse, Sahne, 13% Fett",DAI-00-139122-3,4.67,4.67,grams,MILCH (EINSCHLIESSLICH LAKTOSE),,0.98929,4.67,grams
Ranch Sour Cream Batch - PH,SUB-013485-4-001,DRY Ranch Seasoning,SUB-013480-4-001,2.08,grams,"HAND MIX, SPICE PORTIONING",,,,,,,,,,,,,,,,"FA-DE Spice, Buttermilk Powder/Gewürz, Buttermilchpulver",SPI-00-151139-5,1.28,1.28,grams,MILCH (EINSCHLIESSLICH LAKTOSE),,0.97982,1.28,grams
Ranch Sour Cream Batch - PH,SUB-013485-4-001,DRY Ranch Seasoning,SUB-013480-4-001,2.08,grams,"HAND MIX, SPICE PORTIONING",,,,,,,,,,,,,,,,"FA-DE Spice, Garlic Granulated /Gewürz, Knoblauch granuliert",SPI-00-139353-5,0.27,0.27,grams,,,0.97982,0.27,grams
Ranch Sour Cream Batch - PH,SUB-013485-4-001,DRY Ranch Seasoning,SUB-013480-4-001,2.08,grams,"HAND MIX, SPICE PORTIONING",,,,,,,,,,,,,,,,"FA-DE Spice, Onion Granulated /Gewürze, Zwiebeln granuliert",SPI-00-139370-5,0.24,0.24,grams,,,0.97982,0.24,grams
Ranch Sour Cream Batch - PH,SUB-013485-4-001,DRY Ranch Seasoning,SUB-013480-4-001,2.08,grams,"HAND MIX, SPICE PORTIONING",,,,,,,,,,,,,,,,"FA-DE Spice, Black Pepper, Ground /Gewürz, schwarzer Pfeffer, gemahlen",SPI-00-139334-5,0.14,0.14,grams,,,0.97982,0.14,grams
Ranch Sour Cream Batch - PH,SUB-013485-4-001,DRY Ranch Seasoning,SUB-013480-4-001,2.08,grams,"HAND MIX, SPICE PORTIONING",,,,,,,,,,,,,,,,"FA-DE Spice, Dill Dried /Gewürz, Dill getrocknet",SPI-00-139349-5,0.08,0.08,grams,,,0.97982,0.08,grams
Ranch Sour Cream Batch - PH,SUB-013485-4-001,DRY Ranch Seasoning,SUB-013480-4-001,2.08,grams,"HAND MIX, SPICE PORTIONING",,,,,,,,,,,,,,,,"FA-DE Chives, Dried /Schnittlauch, getrocknet",SPI-00-139322-5,0.08,0.08,grams,,,0.97982,0.08,grams
Ranch Sour Cream Batch - PH,SUB-013485-4-001,DRY Ranch Seasoning,SUB-013480-4-001,2.08,grams,"HAND MIX, SPICE PORTIONING",,,,,,,,,,,,,,,,"FA-DE Spice, Parsley Dried /Gewürze, getrocknete Petersilie",SPI-00-139374-5,0.03,0.03,grams,,,0.97982,0.03,grams
Ranch Sour Cream Batch - PH,SUB-013485-4-001,,,,,,,,,,,,,,,,,,,,,"FA-DE Juice, Lemon /Saft, Zitrone",PRO-00-139265-5,2.86,2.86,grams,,,,2.86,grams
Rice - Shredded Chicken Taco Bowl Rice & Beans - Parboiled Rice,SUB-013698-4-001,Cooked Parboiled Brown Rice for Shredded Chicken Taco Bowl,SUB-013697-4-001,68.04,grams,"BLAST CHILLER, OVEN",,,,,,,,,,,,,,,,"FA-DE Stock, Chicken, Reduced/Brühe, Huhn, Reduziert",PRO-00-139288-5,1.7,1.7,grams,,,1.01014,1.7,grams
Rice - Shredded Chicken Taco Bowl Rice & Beans - Parboiled Rice,SUB-013698-4-001,Cooked Parboiled Brown Rice for Shredded Chicken Taco Bowl,SUB-013697-4-001,68.04,grams,"BLAST CHILLER, OVEN",,,,,,,,,,,,,,,,FA-DE Water / Wasser,OTH-00-144038-5,39.25,39.25,grams,,,1.01014,39.25,grams
Rice - Shredded Chicken Taco Bowl Rice & Beans - Parboiled Rice,SUB-013698-4-001,Cooked Parboiled Brown Rice for Shredded Chicken Taco Bowl,SUB-013697-4-001,68.04,grams,"BLAST CHILLER, OVEN",,,,,,,,,,,,,,,,"FA-DE Spice, Sea Salt /Gewürze, Meersalz",SPI-00-139378-5,0.23,0.23,grams,,,1.01014,0.23,grams
Rice - Shredded Chicken Taco Bowl Rice & Beans - Parboiled Rice,SUB-013698-4-001,Cooked Parboiled Brown Rice for Shredded Chicken Taco Bowl,SUB-013697-4-001,68.04,grams,"BLAST CHILLER, OVEN",,,,,,,,,,,,,,,,"FA-DE Rice, Basmati, Brown /Reis, Basmati, braun",DRY-00-139168-5,26.17,26.17,grams,,,1.01014,26.17,grams
Rice - Shredded Chicken Taco Bowl Rice & Beans - Parboiled Rice,SUB-013698-4-001,,,,,,,,,,,,,,,,,,,,,"FA-DE Coriander, Chopped /Koriander, gehackt",PHF-00-139192-3,1.28,1.28,grams,,,,1.28,grams
Rice - Shredded Chicken Taco Bowl Rice & Beans - Parboiled Rice,SUB-013698-4-001,,,,,,,,,,,,,,,,,,,,,"FA-DE Beans, Black, Low Sodium, Aseptic /Bohnen, schwarz, natriumarm, aseptisch",PRO-00-139255-5,24.3,17.01,grams,,,,17.01,grams
Roasted Broccoli - Alliums,SUB-014233-4-001,,,,,,,,,,,,,,,,,,,,,"FA-DE Spice, Sea Salt /Gewürze, Meersalz",SPI-00-139378-5,0.3,0.3,grams,,,,0.3,grams
Roasted Broccoli - Alliums,SUB-014233-4-001,,,,,,,,,,,,,,,,,,,,,"FA-DE Broccoli, Florets, /Brokkoli, Röschen",PHF-00-143425-3,70.5,70.5,grams,,,,70.5,grams
Roasted Broccoli - Alliums,SUB-014233-4-001,,,,,,,,,,,,,,,,,,,,,"FA-DE Spice, Onion Powder, Toasted /Gewürze, Zwiebelpulver, geröstet",SPI-00-139371-5,0.38,0.38,grams,,,,0.38,grams
Roasted Broccoli - Alliums,SUB-014233-4-001,,,,,,,,,,,,,,,,,,,,,"FA-DE Oil, Olive /Öl, Olivenöl",PRO-00-139277-5,5,5,grams,,,,5,grams
Roasted Garlic (use),SUB-013367-4-001,,,,,,,,,,,,,,,,,,,,,"FA-DE Garlic, Peeled, Whole Cloves [10kg] /Knoblauch, geschält, ganze Nelken [10kg]",PHF-00-139197-3,453.59,453.59,grams,,,,453.59,grams
Roasted Garlic (use),SUB-013367-4-001,,,,,,,,,,,,,,,,,,,,,"FA-DE Oil, Olive /Öl, Olivenöl",PRO-00-139277-5,340.19,340.19,grams,,,,340.19,grams
Roasted Garlic and Parsley Roasted Potato - SH,SUB-013390-4-001,,,,,,,,,,,,,,,,,,,,,"FA-DE Parsley, Chopped /Petersilie, gehackt",PHF-00-139215-3,4.25,4.25,grams,,,,4.25,grams
Roasted Garlic and Parsley Roasted Potato - SH,SUB-013390-4-001,,,,,,,,,,,,,,,,,,,,,"FA-DE Spice, Black Pepper, Ground /Gewürz, schwarzer Pfeffer, gemahlen",SPI-00-139334-5,0.28,0.28,grams,,,,0.28,grams
Roasted Garlic and Parsley Roasted Potato - SH,SUB-013390-4-001,,,,,,,,,,,,,,,,,,,,,"FA-DE Oil, Olive /Öl, Olivenöl",PRO-00-139277-5,4.25,4.25,grams,,,,4.25,grams
Roasted Garlic and Parsley Roasted Potato - SH,SUB-013390-4-001,Roasted Garlic (use),SUB-013367-4-001,5.1,grams,"BLAST CHILLER, BRAISER, SPICE PORTIONING",,,,,,,,,,,,,,,,"FA-DE Garlic, Peeled, Whole Cloves [10kg] /Knoblauch, geschält, ganze Nelken [10kg]",PHF-00-139197-3,5.14,5.14,grams,,,0.56691,5.14,grams
Roasted Garlic and Parsley Roasted Potato - SH,SUB-013390-4-001,Roasted Garlic (use),SUB-013367-4-001,5.1,grams,"BLAST CHILLER, BRAISER, SPICE PORTIONING",,,,,,,,,,,,,,,,"FA-DE Oil, Olive /Öl, Olivenöl",PRO-00-139277-5,3.86,3.86,grams,,,0.56691,3.86,grams
Roasted Garlic and Parsley Roasted Potato - SH,SUB-013390-4-001,,,,,,,,,,,,,,,,,,,,,"FA-DE Spice, Sea Salt /Gewürze, Meersalz",SPI-00-139378-5,0.28,0.28,grams,,,,0.28,grams
Roasted Garlic and Parsley Roasted Potato - SH,SUB-013390-4-001,,,,,,,,,,,,,,,,,,,,,"FA-DE Potatoes, Diced 10mm /Kartoffeln, gewürfelt, 10 mm",PHF-00-139219-3,104.61,104.61,grams,,,,104.61,grams
Roasted Garlic oil,SUB-013367-4-002,,,,,,,,,,,,,,,,,,,,,"FA-DE Garlic, Peeled, Whole Cloves [10kg] /Knoblauch, geschält, ganze Nelken [10kg]",PHF-00-139197-3,453.59,453.59,grams,,,,453.59,grams
Roasted Garlic oil,SUB-013367-4-002,,,,,,,,,,,,,,,,,,,,,"FA-DE Oil, Olive /Öl, Olivenöl",PRO-00-139277-5,340.19,340.19,grams,,,,340.19,grams
Roasted Green Onions,SUB-023370-4-001,,,,,,,,,,,,,,,,,,,,,"FA-DE Onion, Green, Sliced 5mm /Zwiebel, grün, in Scheiben geschnitten, 5 mm",PHF-00-149803-3,15,15,grams,,,,15,grams
Roasted Green Peppers - 10mm Diced,SUB-013734-4-002,,,,,,,,,,,,,,,,,,,,,"FA-DE Onion, Green, Sliced 5mm /Zwiebel, grün, in Scheiben geschnitten, 5 mm",PHF-00-149803-3,2.75,2.75,grams,,,,2.75,grams
Roasted Green Peppers - 10mm Diced,SUB-013734-4-002,,,,,,,,,,,,,,,,,,,,,"FA-DE Bell Peppers, Green, Diced 10mm /Paprika, grün, gewürfelt 10 mm",PHF-00-139176-3,6.88,6.88,grams,,,,6.88,grams
Roasted Green Peppers - 10mm Diced,SUB-013734-4-002,,,,,,,,,,,,,,,,,,,,,"FA-DE Spice, Sea Salt /Gewürze, Meersalz",SPI-00-139378-5,0.3,0.3,grams,,,,0.3,grams
Roasted Green and Red Bell Peppers - Diced - reduced salt,SUB-013883-4-001,,,,,,,,,,,,,,,,,,,,,"FA-DE Oil, Olive /Öl, Olivenöl",PRO-00-139277-5,907.18,907.18,grams,,,,907.18,grams
Roasted Green and Red Bell Peppers - Diced - reduced salt,SUB-013883-4-001,,,,,,,,,,,,,,,,,,,,,"FA-DE Bell Peppers, Green, Diced 10mm /Paprika, grün, gewürfelt 10 mm",PHF-00-139176-3,31750,31750,grams,,,,31750,grams
Roasted Green and Red Bell Peppers - Diced - reduced salt,SUB-013883-4-001,,,,,,,,,,,,,,,,,,,,,"FA-DE Bell Peppers, Red, Diced 10mm /Paprika, rot, gewürfelt 10 mm",PHF-00-139179-3,31750,31750,grams,,,,31750,grams
Roasted Green and Red Bell Peppers - Diced - reduced salt,SUB-013883-4-001,,,,,,,,,,,,,,,,,,,,,"FA-DE Spice, Garlic Granulated /Gewürz, Knoblauch granuliert",SPI-00-139353-5,90.72,90.72,grams,,,,90.72,grams
Roasted Green and Red Bell Peppers - Diced - reduced salt,SUB-013883-4-001,,,,,,,,,,,,,,,,,,,,,"FA-DE Spice, Sea Salt /Gewürze, Meersalz",SPI-00-139378-5,141.75,141.75,grams,,,,141.75,grams
Roasted Leeks with garlic,SUB-013837-4-001,,,,,,,,,,,,,,,,,,,,,"FA-DE Oil, Olive /Öl, Olivenöl",PRO-00-139277-5,30,30,grams,,,,30,grams
Roasted Leeks with garlic,SUB-013837-4-001,,,,,,,,,,,,,,,,,,,,,"FA-DE Spice, Sea Salt /Gewürze, Meersalz",SPI-00-139378-5,4,4,grams,,,,4,grams
Roasted Leeks with garlic,SUB-013837-4-001,,,,,,,,,,,,,,,,,,,,,"FA-DE Garlic, IQF, Diced 4 mm /Knoblauch, IQF, gewürfelt 4 mm",PHF-00-139237-1,85,85,grams,SCHWEFELDIOXIDE UND SULFITE,,,85,grams
Roasted Leeks with garlic,SUB-013837-4-001,,,,,,,,,,,,,,,,,,,,,"FA-DE Spice, Black Pepper, Ground /Gewürz, schwarzer Pfeffer, gemahlen",SPI-00-139334-5,6,6,grams,,,,6,grams
Roasted Leeks with garlic,SUB-013837-4-001,,,,,,,,,,,,,,,,,,,,,"FA-DE Leek, Diced 5mm /Lauch, gewürfelt, 5 mm",PHF-00-139204-3,1000,1000,grams,,,,1000,grams
Roasted Portobello's- Less Garlic,SUB-014226-4-001,,,,,,,,,,,,,,,,,,,,,"FA-DE Thyme, IQF /Thymian, IQF",PHF-00-139244-1,0.28,0.28,grams,,,,0.28,grams
Roasted Portobello's- Less Garlic,SUB-014226-4-001,,,,,,,,,,,,,,,,,,,,,"FA-DE Mushroom, Portobello, Sliced, Washed /Pilze, Portobello, in Scheiben geschnitten, gewaschen",PHF-00-139207-3,73.71,73.71,grams,,,,73.71,grams
Roasted Portobello's- Less Garlic,SUB-014226-4-001,,,,,,,,,,,,,,,,,,,,,"FA-DE Spice, Sea Salt /Gewürze, Meersalz",SPI-00-139378-5,0.18,0.18,grams,,,,0.18,grams
Roasted Portobello's- Less Garlic,SUB-014226-4-001,,,,,,,,,,,,,,,,,,,,,"FA-DE Oil, Olive /Öl, Olivenöl",PRO-00-139277-5,5.67,5.67,grams,,,,5.67,grams
Roasted Portobello's- Less Garlic,SUB-014226-4-001,Roasted Garlic (use),SUB-013367-4-001,0.85,grams,"BLAST CHILLER, BRAISER, SPICE PORTIONING",,,,,,,,,,,,,,,,"FA-DE Garlic, Peeled, Whole Cloves [10kg] /Knoblauch, geschält, ganze Nelken [10kg]",PHF-00-139197-3,0.86,0.86,grams,,,0.56691,0.86,grams
Roasted Portobello's- Less Garlic,SUB-014226-4-001,Roasted Garlic (use),SUB-013367-4-001,0.85,grams,"BLAST CHILLER, BRAISER, SPICE PORTIONING",,,,,,,,,,,,,,,,"FA-DE Oil, Olive /Öl, Olivenöl",PRO-00-139277-5,0.64,0.64,grams,,,0.56691,0.64,grams
Rosemary and Thyme Roasted Potato Wedges,SUB-015143-4-001,,,,,,,,,,,,,,,,,,,,,"FA-DE Potatoes, Skin On, wedges /Kartoffeln mit Schale, Keile",PHF-00-139226-3,129.02,129.02,grams,,,,129.02,grams
Rosemary and Thyme Roasted Potato Wedges,SUB-015143-4-001,,,,,,,,,,,,,,,,,,,,,"FA-DE Oil, Olive /Öl, Olivenöl",PRO-00-139277-5,1.61,1.61,grams,,,,1.61,grams
Rosemary and Thyme Roasted Potato Wedges,SUB-015143-4-001,,,,,,,,,,,,,,,,,,,,,"FA-DE Spice, Black Pepper, Ground /Gewürz, schwarzer Pfeffer, gemahlen",SPI-00-139334-5,0.3,0.3,grams,,,,0.3,grams
Rosemary and Thyme Roasted Potato Wedges,SUB-015143-4-001,,,,,,,,,,,,,,,,,,,,,"FA-DE Spice, Garlic Granulated /Gewürz, Knoblauch granuliert",SPI-00-139353-5,0.48,0.48,grams,,,,0.48,grams
Rosemary and Thyme Roasted Potato Wedges,SUB-015143-4-001,,,,,,,,,,,,,,,,,,,,,"FA-DE Spice, Onion Powder, Toasted /Gewürze, Zwiebelpulver, geröstet",SPI-00-139371-5,0.48,0.48,grams,,,,0.48,grams
Rosemary and Thyme Roasted Potato Wedges,SUB-015143-4-001,,,,,,,,,,,,,,,,,,,,,"FA-DE Spice, Sea Salt /Gewürze, Meersalz",SPI-00-139378-5,0.22,0.22,grams,,,,0.22,grams
Rosemary and Thyme Roasted Potato Wedges,SUB-015143-4-001,,,,,,,,,,,,,,,,,,,,,"FA-DE Thyme, IQF /Thymian, IQF",PHF-00-139244-1,0.16,0.16,grams,,,,0.16,grams
Rosemary and Thyme Roasted Potato Wedges,SUB-015143-4-001,,,,,,,,,,,,,,,,,,,,,"FA-DE Rosemary, IQF /Rosmarin, IQF",PHF-00-139243-1,0.16,0.16,grams,,,,0.16,grams
S&P Roasted Green Beans 1,SUB-014184-4-001,,,,,,,,,,,,,,,,,,,,,"FA-DE Oil, Olive /Öl, Olivenöl",PRO-00-139277-5,3.08,3.08,grams,,,,3.08,grams
S&P Roasted Green Beans 1,SUB-014184-4-001,,,,,,,,,,,,,,,,,,,,,"FA-DE Spice, Sea Salt /Gewürze, Meersalz",SPI-00-139378-5,0.18,0.18,grams,,,,0.18,grams
S&P Roasted Green Beans 1,SUB-014184-4-001,,,,,,,,,,,,,,,,,,,,,"FA-DE Spice, Black Pepper, Ground /Gewürz, schwarzer Pfeffer, gemahlen",SPI-00-139334-5,0.09,0.09,grams,,,,0.09,grams
S&P Roasted Green Beans 1,SUB-014184-4-001,,,,,,,,,,,,,,,,,,,,,"FA-DE Green Beans, Fresh and Trimmed/Grüne Bohnen, frisch und geschnitten",PHF-00-139198-3,45.44,45.44,grams,,,,45.44,grams
Salmon - BAJA Salmon - Batch,SUB-014053-4-001,,,,,,,,,,,,,,,,,,,,,"FA-DE Spice, Sea Salt /Gewürze, Meersalz",SPI-00-139378-5,0.6,0.6,grams,,,,0.6,grams
Salmon - BAJA Salmon - Batch,SUB-014053-4-001,Marinade - Baja Marinade,SUB-014052-4-001,10,grams,IMMERSION BLENDER,,,,,,,,,,,,,,,,"FA-DE Spice, Onion Granulated /Gewürze, Zwiebeln granuliert",SPI-00-139370-5,0.54,0.54,grams,,,0.93809,0.54,grams
Salmon - BAJA Salmon - Batch,SUB-014053-4-001,Marinade - Baja Marinade,SUB-014052-4-001,10,grams,IMMERSION BLENDER,,,,,,,,,,,,,,,,"FA-DE Juice, Lime /Saft, Limette",PRO-00-139268-5,0.37,0.37,grams,,,0.93809,0.37,grams
Salmon - BAJA Salmon - Batch,SUB-014053-4-001,Marinade - Baja Marinade,SUB-014052-4-001,10,grams,IMMERSION BLENDER,,,,,,,,,,,,,,,,"FA-DE Spice, Smoked Paprika /Gewürz, geräucherter Paprika",SPI-00-139383-5,0.11,0.11,grams,,,0.93809,0.11,grams
Salmon - BAJA Salmon - Batch,SUB-014053-4-001,Marinade - Baja Marinade,SUB-014052-4-001,10,grams,IMMERSION BLENDER,,,,,,,,,,,,,,,,"FA-DE Juice, Orange /Saft, Orange",PRO-00-139267-5,0.37,0.37,grams,,,0.93809,0.37,grams
Salmon - BAJA Salmon - Batch,SUB-014053-4-001,Marinade - Baja Marinade,SUB-014052-4-001,10,grams,IMMERSION BLENDER,,,,,,,,,,,,,,,,"FA-DE Oil, Olive /Öl, Olivenöl",PRO-00-139277-5,5.27,5.27,grams,,,0.93809,5.27,grams
Salmon - BAJA Salmon - Batch,SUB-014053-4-001,Marinade - Baja Marinade,SUB-014052-4-001,10,grams,IMMERSION BLENDER,,,,,,,,,,,,,,,,"FA-DE Spice, Ancho Chili Powder /Gewürz, Ancho-Chili-Pulver",SPI-00-139329-5,0.85,0.85,grams,,,0.93809,0.85,grams
Salmon - BAJA Salmon - Batch,SUB-014053-4-001,Marinade - Baja Marinade,SUB-014052-4-001,10,grams,IMMERSION BLENDER,,,,,,,,,,,,,,,,"FA-DE Garlic, IQF, Diced 4 mm /Knoblauch, IQF, gewürfelt 4 mm",PHF-00-139237-1,2.1,2.1,grams,SCHWEFELDIOXIDE UND SULFITE,,0.93809,2.1,grams
Salmon - BAJA Salmon - Batch,SUB-014053-4-001,Marinade - Baja Marinade,SUB-014052-4-001,10,grams,IMMERSION BLENDER,,,,,,,,,,,,,,,,"FA-DE Spice, Cumin Ground /Gewürz, gemahlener Kreuzkümmel",SPI-00-139345-5,0.54,0.54,grams,,,0.93809,0.54,grams
Salmon - BAJA Salmon - Batch,SUB-014053-4-001,Marinade - Baja Marinade,SUB-014052-4-001,10,grams,IMMERSION BLENDER,,,,,,,,,,,,,,,,"FA-DE Spice, Sea Salt /Gewürze, Meersalz",SPI-00-139378-5,0.31,0.31,grams,,,0.93809,0.31,grams
Salmon - BAJA Salmon - Batch,SUB-014053-4-001,Marinade - Baja Marinade,SUB-014052-4-001,10,grams,IMMERSION BLENDER,,,,,,,,,,,,,,,,"FA-DE Spice, Black Pepper, Ground /Gewürz, schwarzer Pfeffer, gemahlen",SPI-00-139334-5,0.2,0.2,grams,,,0.93809,0.2,grams
Salmon - BAJA Salmon - Batch,SUB-014053-4-001,,,,,,,,,,,,,,,,,,,,,"FA-DE Salmon, Skinless, Boneless, Filet/Lachs, ohne Haut, ohne Knochen, Filet - IQF",PTN-00-139968-1,140,140,grams,FISCH,,,140,grams
Salmon - garlic seasoning,SUB-013382-4-001,,,,,,,,,,,,,,,,,,,,,"FA-DE Salmon, Skinless, Boneless, Filet/Lachs, ohne Haut, ohne Knochen, Filet - IQF",PTN-00-139968-1,140,140,grams,FISCH,,,140,grams
Salmon - garlic seasoning,SUB-013382-4-001,,,,,,,,,,,,,,,,,,,,,"FA-DE Spice, Sea Salt /Gewürze, Meersalz",SPI-00-139378-5,0.42,0.42,grams,,,,0.42,grams
Salmon - garlic seasoning,SUB-013382-4-001,,,,,,,,,,,,,,,,,,,,,"FA-DE Spice, Garlic Granulated /Gewürz, Knoblauch granuliert",SPI-00-139353-5,0.14,0.14,grams,,,,0.14,grams
Sauce - Basil Pesto Cream Sauce -Less Fat,SUB-032112-4-001,,,,,,,,,,,,,,,,,,,,,"FA-DE Garlic, Peeled, Whole Cloves [10kg] /Knoblauch, geschält, ganze Nelken [10kg]",PHF-00-139197-3,0.28,0.28,grams,,,,0.28,grams
Sauce - Basil Pesto Cream Sauce -Less Fat,SUB-032112-4-001,,,,,,,,,,,,,,,,,,,,,FA-DE Water / Wasser,OTH-00-144038-5,3.69,3.69,grams,,,,3.69,grams
Sauce - Basil Pesto Cream Sauce -Less Fat,SUB-032112-4-001,,,,,,,,,,,,,,,,,,,,,"FA-DE Juice, Lemon /Saft, Zitrone",PRO-00-139265-5,3.69,3.69,grams,,,,3.69,grams
Sauce - Basil Pesto Cream Sauce -Less Fat,SUB-032112-4-001,Heavy Cream- Yielded,SUB-013449-4-001,4.54,grams,HAND MIX,,,,,,,,,,,,,,,,FA-DE Heavy Cream 20% /Sahne 20%,DAI-00-139137-3,5.02,5.02,grams,MILCH (EINSCHLIESSLICH LAKTOSE),,0.90476,5.02,grams
Sauce - Basil Pesto Cream Sauce -Less Fat,SUB-032112-4-001,,,,,,,,,,,,,,,,,,,,,"FA-DE Spice, Garlic Granulated /Gewürz, Knoblauch granuliert",SPI-00-139353-5,0.28,0.28,grams,,,,0.28,grams
Sauce - Basil Pesto Cream Sauce -Less Fat,SUB-032112-4-001,,,,,,,,,,,,,,,,,,,,,"FA-DE Spice, Sea Salt /Gewürze, Meersalz",SPI-00-139378-5,0.75,0.75,grams,,,,0.75,grams
Sauce - Basil Pesto Cream Sauce -Less Fat,SUB-032112-4-001,,,,,,,,,,,,,,,,,,,,,"FA-DE Cheese, Parmesan, Grated /Käse, Parmesan, gerieben",DAI-00-139127-3,2.84,2.84,grams,MILCH (EINSCHLIESSLICH LAKTOSE),,,2.84,grams
Sauce - Basil Pesto Cream Sauce -Less Fat,SUB-032112-4-001,,,,,,,,,,,,,,,,,,,,,"FA-DE Spinach, Fresh, Stem Off /Spinat, frisch, ohne Stiel",PHF-00-139225-3,3.4,3.4,grams,,,,3.4,grams
Sauce - Basil Pesto Cream Sauce -Less Fat,SUB-032112-4-001,,,,,,,,,,,,,,,,,,,,,"FA-DE Oil, Olive /Öl, Olivenöl",PRO-00-139277-5,7.94,7.94,grams,,,,7.94,grams
Sauce - Basil Pesto Cream Sauce -Less Fat,SUB-032112-4-001,Basil Kill Step,SUB-024331-4-001,3.69,grams,"BLAST CHILLER, OVEN",Basil - Picked Basil Leaves,SUB-013424-4-001,4.1,grams,"DEBOX, STAGING",,,,,,,,,,,"FA-DE Basil, Fresh /Basilikum, frisch",PHF-00-139175-3,7.32,7.32,grams,,,0.55986,7.32,grams
Sauce - Butter Chicken sauce,SUB-013851-4-001,,,,,,,,,,,,,,,,,,,,,"FA-DE Spice, Fenugreek Powder /Gewürz, Bockshornkleepulver",SPI-00-154750-5,0.71,0.71,grams,,,,0.71,grams
Sauce - Butter Chicken sauce,SUB-013851-4-001,,,,,,,,,,,,,,,,,,,,,"FA-DE Garlic, IQF, Diced 4 mm /Knoblauch, IQF, gewürfelt 4 mm",PHF-00-139237-1,22.68,22.68,grams,SCHWEFELDIOXIDE UND SULFITE,,,22.68,grams
Sauce - Butter Chicken sauce,SUB-013851-4-001,,,,,,,,,,,,,,,,,,,,,"FA-DE Spice, Cumin Ground /Gewürz, gemahlener Kreuzkümmel",SPI-00-139345-5,3.4,3.4,grams,,,,3.4,grams
Sauce - Butter Chicken sauce,SUB-013851-4-001,,,,,,,,,,,,,,,,,,,,,"FA-DE Butter, Unsalted /Butter, ungesalzen",DAI-00-139146-3,136.08,136.08,grams,MILCH (EINSCHLIESSLICH LAKTOSE),,,136.08,grams
Sauce - Butter Chicken sauce,SUB-013851-4-001,,,,,,,,,,,,,,,,,,,,,"FA-DE Spice, Sea Salt /Gewürze, Meersalz",SPI-00-139378-5,5.39,5.39,grams,,,,5.39,grams
Sauce - Butter Chicken sauce,SUB-013851-4-001,,,,,,,,,,,,,,,,,,,,,"FA-DE Spice, Chili Powder /Gewürz, Chilipulver",SPI-00-139340-5,1.06,1.06,grams,,,,1.06,grams
Sauce - Butter Chicken sauce,SUB-013851-4-001,,,,,,,,,,,,,,,,,,,,,"FA-DE Onion, Spanish, Diced 5mm /Zwiebel, Spanisch, gewürfelt 5 mm",PHF-00-139212-3,113.4,113.4,grams,,,,113.4,grams
Sauce - Butter Chicken sauce,SUB-013851-4-001,Factor Garam Masala Spice Blend,SUB-013507-4-001,3.4,grams,"HAND MIX, SPICE PORTIONING",,,,,,,,,,,,,,,,"FA-DE Spice, Fennel Ground /Gewürz, Fenchel gemahlen",SPI-00-139351-5,0.11,0.11,grams,,,0.98,0.11,grams
Sauce - Butter Chicken sauce,SUB-013851-4-001,Factor Garam Masala Spice Blend,SUB-013507-4-001,3.4,grams,"HAND MIX, SPICE PORTIONING",,,,,,,,,,,,,,,,"FA-DE Spice, Nutmeg Ground /Gewürz, gemahlene Muskatnuss",SPI-00-139368-5,0.22,0.22,grams,,,0.98,0.22,grams
Sauce - Butter Chicken sauce,SUB-013851-4-001,Factor Garam Masala Spice Blend,SUB-013507-4-001,3.4,grams,"HAND MIX, SPICE PORTIONING",,,,,,,,,,,,,,,,"FA-DE Spice, Coriander Ground /Gewürz, gemahlener Koriander",SPI-00-139386-5,0.68,0.68,grams,,,0.98,0.68,grams
Sauce - Butter Chicken sauce,SUB-013851-4-001,Factor Garam Masala Spice Blend,SUB-013507-4-001,3.4,grams,"HAND MIX, SPICE PORTIONING",,,,,,,,,,,,,,,,"FA-DE Spice, Cinnamon Ground /Gewürz, gemahlener Zimt",SPI-00-139341-5,0.45,0.45,grams,,,0.98,0.45,grams
Sauce - Butter Chicken sauce,SUB-013851-4-001,Factor Garam Masala Spice Blend,SUB-013507-4-001,3.4,grams,"HAND MIX, SPICE PORTIONING",,,,,,,,,,,,,,,,"FA-DE Spice, Cumin Ground /Gewürz, gemahlener Kreuzkümmel",SPI-00-139345-5,1.36,1.36,grams,,,0.98,1.36,grams
Sauce - Butter Chicken sauce,SUB-013851-4-001,Factor Garam Masala Spice Blend,SUB-013507-4-001,3.4,grams,"HAND MIX, SPICE PORTIONING",,,,,,,,,,,,,,,,"FA-DE Spice, Cloves Ground /Gewürze, gemahlene Nelken",SPI-00-139342-5,0.22,0.22,grams,,,0.98,0.22,grams
Sauce - Butter Chicken sauce,SUB-013851-4-001,Factor Garam Masala Spice Blend,SUB-013507-4-001,3.4,grams,"HAND MIX, SPICE PORTIONING",,,,,,,,,,,,,,,,"FA-DE Spice, Black Pepper, Ground /Gewürz, schwarzer Pfeffer, gemahlen",SPI-00-139334-5,0.34,0.34,grams,,,0.98,0.34,grams
Sauce - Butter Chicken sauce,SUB-013851-4-001,Factor Garam Masala Spice Blend,SUB-013507-4-001,3.4,grams,"HAND MIX, SPICE PORTIONING",,,,,,,,,,,,,,,,"FA-DE Spice, Turmeric /Gewürz, Kurkuma",SPI-00-139384-5,0.11,0.11,grams,,,0.98,0.11,grams
Sauce - Butter Chicken sauce,SUB-013851-4-001,,,,,,,,,,,,,,,,,,,,,"FA-DE Oil, Olive /Öl, Olivenöl",PRO-00-139277-5,70.87,70.87,grams,,,,70.87,grams
Sauce - Butter Chicken sauce,SUB-013851-4-001,,,,,,,,,,,,,,,,,,,,,"FA-DE Ginger, IQF, Diced 4 mm /Ingwer, IQF, gewürfelt 4 mm",PHF-00-139238-1,17.01,17.01,grams,SCHWEFELDIOXIDE UND SULFITE,,,17.01,grams
Sauce - Butter Chicken sauce,SUB-013851-4-001,,,,,,,,,,,,,,,,,,,,,"FA-DE Tomatoes, Crushed /Tomaten, zerkleinert",PRO-00-139294-5,307.03,307.03,grams,,,,307.03,grams
Sauce - Butter Chicken sauce,SUB-013851-4-001,,,,,,,,,,,,,,,,,,,,,"FA-DE Spice, Coriander Ground /Gewürz, gemahlener Koriander",SPI-00-139386-5,2.13,2.13,grams,,,,2.13,grams
Sauce - Butter Chicken sauce,SUB-013851-4-001,,,,,,,,,,,,,,,,,,,,,FA-DE Heavy Cream 20% /Sahne 20%,DAI-00-139137-3,240.97,240.97,grams,MILCH (EINSCHLIESSLICH LAKTOSE),,,240.97,grams
Sauce - Cilantro Sour Cream,SUB-013701-4-001,,,,,,,,,,,,,,,,,,,,,"FA-DE Spice, Sea Salt /Gewürze, Meersalz",SPI-00-139378-5,0.34,0.34,grams,,,,0.34,grams
Sauce - Cilantro Sour Cream,SUB-013701-4-001,,,,,,,,,,,,,,,,,,,,,"FA-DE Jalapeno Peppers, Diced 5mm /Jalapeno-Paprikaschoten, gewürfelt, 5 mm",PHF-00-139201-3,1.77,1.77,grams,,,,1.77,grams
Sauce - Cilantro Sour Cream,SUB-013701-4-001,,,,,,,,,,,,,,,,,,,,,"FA-DE Juice, Lime /Saft, Limette",PRO-00-139268-5,1.77,1.77,grams,,,,1.77,grams
Sauce - Cilantro Sour Cream,SUB-013701-4-001,,,,,,,,,,,,,,,,,,,,,"FA-DE Garlic, Peeled, Whole Cloves [10kg] /Knoblauch, geschält, ganze Nelken [10kg]",PHF-00-139197-3,0.35,0.35,grams,,,,0.35,grams
Sauce - Cilantro Sour Cream,SUB-013701-4-001,,,,,,,,,,,,,,,,,,,,,FA-DE Sour Cream /Sauerrahm,DAI-00-139141-3,35.44,35.44,grams,MILCH (EINSCHLIESSLICH LAKTOSE),,,35.44,grams
Sauce - Cilantro Sour Cream,SUB-013701-4-001,,,,,,,,,,,,,,,,,,,,,"FA-DE Coriander, Chopped /Koriander, gehackt",PHF-00-139192-3,8.86,8.86,grams,,,,8.86,grams
Sauce - Crack Chicken Cheese Mix,SUB-013714-4-001,,,,,,,,,,,,,,,,,,,,,"FA-DE Spice, Garlic Granulated /Gewürz, Knoblauch granuliert",SPI-00-139353-5,5.67,5.67,grams,,,,5.67,grams
Sauce - Crack Chicken Cheese Mix,SUB-013714-4-001,DRY Ranch Seasoning,SUB-013480-4-001,28.35,grams,"HAND MIX, SPICE PORTIONING",,,,,,,,,,,,,,,,"FA-DE Spice, Buttermilk Powder/Gewürz, Buttermilchpulver",SPI-00-151139-5,17.48,17.48,grams,MILCH (EINSCHLIESSLICH LAKTOSE),,0.97982,17.48,grams
Sauce - Crack Chicken Cheese Mix,SUB-013714-4-001,DRY Ranch Seasoning,SUB-013480-4-001,28.35,grams,"HAND MIX, SPICE PORTIONING",,,,,,,,,,,,,,,,"FA-DE Spice, Garlic Granulated /Gewürz, Knoblauch granuliert",SPI-00-139353-5,3.67,3.67,grams,,,0.97982,3.67,grams
Sauce - Crack Chicken Cheese Mix,SUB-013714-4-001,DRY Ranch Seasoning,SUB-013480-4-001,28.35,grams,"HAND MIX, SPICE PORTIONING",,,,,,,,,,,,,,,,"FA-DE Spice, Onion Granulated /Gewürze, Zwiebeln granuliert",SPI-00-139370-5,3.21,3.21,grams,,,0.97982,3.21,grams
Sauce - Crack Chicken Cheese Mix,SUB-013714-4-001,DRY Ranch Seasoning,SUB-013480-4-001,28.35,grams,"HAND MIX, SPICE PORTIONING",,,,,,,,,,,,,,,,"FA-DE Spice, Black Pepper, Ground /Gewürz, schwarzer Pfeffer, gemahlen",SPI-00-139334-5,1.85,1.85,grams,,,0.97982,1.85,grams
Sauce - Crack Chicken Cheese Mix,SUB-013714-4-001,DRY Ranch Seasoning,SUB-013480-4-001,28.35,grams,"HAND MIX, SPICE PORTIONING",,,,,,,,,,,,,,,,"FA-DE Spice, Dill Dried /Gewürz, Dill getrocknet",SPI-00-139349-5,1.14,1.14,grams,,,0.97982,1.14,grams
Sauce - Crack Chicken Cheese Mix,SUB-013714-4-001,DRY Ranch Seasoning,SUB-013480-4-001,28.35,grams,"HAND MIX, SPICE PORTIONING",,,,,,,,,,,,,,,,"FA-DE Chives, Dried /Schnittlauch, getrocknet",SPI-00-139322-5,1.14,1.14,grams,,,0.97982,1.14,grams
Sauce - Crack Chicken Cheese Mix,SUB-013714-4-001,DRY Ranch Seasoning,SUB-013480-4-001,28.35,grams,"HAND MIX, SPICE PORTIONING",,,,,,,,,,,,,,,,"FA-DE Spice, Parsley Dried /Gewürze, getrocknete Petersilie",SPI-00-139374-5,0.45,0.45,grams,,,0.97982,0.45,grams
Sauce - Crack Chicken Cheese Mix,SUB-013714-4-001,,,,,,,,,,,,,,,,,,,,,"FA-DE Cheese, Cream, 13% Fat (Milk) /Käse, Sahne, 13% Fett",DAI-00-139122-3,283.5,283.5,grams,MILCH (EINSCHLIESSLICH LAKTOSE),,,283.5,grams
Sauce - Crack Chicken Cheese Mix,SUB-013714-4-001,,,,,,,,,,,,,,,,,,,,,"FA-DE Cheese, Red Cheddar/Käse, Roter Cheddar",DAI-00-139129-3,226.8,226.8,grams,MILCH (EINSCHLIESSLICH LAKTOSE),,,226.8,grams
Sauce - Crack Chicken Cheese Mix,SUB-013714-4-001,,,,,,,,,,,,,,,,,,,,,"FA-DE Oil, Olive /Öl, Olivenöl",PRO-00-139277-5,85.05,85.05,grams,,,,85.05,grams
Sauce - Creamy Dijon and Dill Sauce,SUB-013575-4-001,,,,,,,,,,,,,,,,,,,,,"FA-DE Mustard, Dijon /Senf, Dijon",PRO-00-139276-5,15620,15620,grams,SENF,,,15620,grams
Sauce - Creamy Dijon and Dill Sauce,SUB-013575-4-001,,,,,,,,,,,,,,,,,,,,,"FA-DE Dill, Fresh/Dill, frisch",PHF-00-139200-3,1360,1360,grams,,,,1360,grams
Sauce - Creamy Dijon and Dill Sauce,SUB-013575-4-001,,,,,,,,,,,,,,,,,,,,,"FA-DE Cheese, Parmesan, Grated /Käse, Parmesan, gerieben",DAI-00-139127-3,3820,3820,grams,MILCH (EINSCHLIESSLICH LAKTOSE),,,3820,grams
Sauce - Creamy Dijon and Dill Sauce,SUB-013575-4-001,,,,,,,,,,,,,,,,,,,,,FA-DE Heavy Cream 20% /Sahne 20%,DAI-00-139137-3,76200,76200,grams,MILCH (EINSCHLIESSLICH LAKTOSE),,,76200,grams
Sauce - Creamy Dijon and Dill Sauce,SUB-013575-4-001,,,,,,,,,,,,,,,,,,,,,"FA-DE Spice, Garlic Granulated /Gewürz, Knoblauch granuliert",SPI-00-139353-5,762.03,762.03,grams,,,,762.03,grams
Sauce - Creamy Dijon and Dill Sauce,SUB-013575-4-001,,,,,,,,,,,,,,,,,,,,,"FA-DE Spice, Black Pepper, Ground /Gewürz, schwarzer Pfeffer, gemahlen",SPI-00-139334-5,344.73,344.73,grams,,,,344.73,grams
Sauce - Creamy Dijon and Dill Sauce,SUB-013575-4-001,,,,,,,,,,,,,,,,,,,,,"FA-DE Vinegar, White Wine /Essig, Weißwein",PRO-00-139303-5,762.03,762.03,grams,,,,762.03,grams
Sauce - Creamy Dijon and Dill Sauce,SUB-013575-4-001,,,,,,,,,,,,,,,,,,,,,"FA-DE Onion, Spanish, Diced 5mm /Zwiebel, Spanisch, gewürfelt 5 mm",PHF-00-139212-3,6800,6800,grams,,,,6800,grams
Sauce - Creamy Dijon and Dill Sauce,SUB-013575-4-001,,,,,,,,,,,,,,,,,,,,,"FA-DE Stock, Chicken, Reduced/Brühe, Huhn, Reduziert",PRO-00-139288-5,3040,3040,grams,,,,3040,grams
Sauce - Creamy Dijon and Dill Sauce,SUB-013575-4-001,,,,,,,,,,,,,,,,,,,,,"FA-DE Spice, Mustard Seed Ground, Dry /Gewürz, Senfkörner gemahlen, Trockenmasse",SPI-00-139369-5,2360,2360,grams,SENF,,,2360,grams
Sauce - Creamy Dijon and Dill Sauce,SUB-013575-4-001,,,,,,,,,,,,,,,,,,,,,"FA-DE Spice, Sea Salt /Gewürze, Meersalz",SPI-00-139378-5,276.69,276.69,grams,,,,276.69,grams
Sauce - Creamy Dijon and Dill Sauce,SUB-013575-4-001,,,,,,,,,,,,,,,,,,,,,"FA-DE Garlic, IQF, Diced 4 mm /Knoblauch, IQF, gewürfelt 4 mm",PHF-00-139237-1,3620,3620,grams,SCHWEFELDIOXIDE UND SULFITE,,,3620,grams
Sauce - Creamy Dijon and Dill Sauce,SUB-013575-4-001,,,,,,,,,,,,,,,,,,,,,"FA-DE Oil, Olive /Öl, Olivenöl",PRO-00-139277-5,11790,11790,grams,,,,11790,grams
Sauce - Creamy Gochugaru Sauce,SUB-013450-4-001,,,,,,,,,,,,,,,,,,,,,"FA-DE Oil, Olive /Öl, Olivenöl",PRO-00-139277-5,30.8,30.8,grams,,,,30.8,grams
Sauce - Creamy Gochugaru Sauce,SUB-013450-4-001,,,,,,,,,,,,,,,,,,,,,"FA-DE Onion, Spanish, Diced 5mm /Zwiebel, Spanisch, gewürfelt 5 mm",PHF-00-139212-3,54.05,54.05,grams,,,,54.05,grams
Sauce - Creamy Gochugaru Sauce,SUB-013450-4-001,,,,,,,,,,,,,,,,,,,,,"FA-DE Garlic, IQF, Diced 4 mm /Knoblauch, IQF, gewürfelt 4 mm",PHF-00-139237-1,12.31,12.31,grams,SCHWEFELDIOXIDE UND SULFITE,,,12.31,grams
Sauce - Creamy Gochugaru Sauce,SUB-013450-4-001,,,,,,,,,,,,,,,,,,,,,FA-DE Heavy Cream 20% /Sahne 20%,DAI-00-139137-3,336.14,336.14,grams,MILCH (EINSCHLIESSLICH LAKTOSE),,,336.14,grams
Sauce - Creamy Gochugaru Sauce,SUB-013450-4-001,,,,,,,,,,,,,,,,,,,,,"FA-DE Stock, Chicken, Reduced/Brühe, Huhn, Reduziert",PRO-00-139288-5,6.07,6.07,grams,,,,6.07,grams
Sauce - Creamy Gochugaru Sauce,SUB-013450-4-001,,,,,,,,,,,,,,,,,,,,,"FA-DE Cheese, Parmesan, Grated /Käse, Parmesan, gerieben",DAI-00-139127-3,54.05,54.05,grams,MILCH (EINSCHLIESSLICH LAKTOSE),,,54.05,grams
Sauce - Creamy Gochugaru Sauce,SUB-013450-4-001,,,,,,,,,,,,,,,,,,,,,"FA-DE Spice, Sea Salt /Gewürze, Meersalz",SPI-00-139378-5,1.2,1.2,grams,,,,1.2,grams
Sauce - Creamy Gochugaru Sauce,SUB-013450-4-001,,,,,,,,,,,,,,,,,,,,,"FA-DE Spinach, Fresh, Stem Off /Spinat, frisch, ohne Stiel",PHF-00-139225-3,43.24,43.24,grams,,,,43.24,grams
Sauce - Creamy Gochugaru Sauce,SUB-013450-4-001,,,,,,,,,,,,,,,,,,,,,"FA-DE Spice, Gochugaru Chili Pepper Flakes /Gewürz, Gochugaru-Chili-Pfefferflocken",SPI-00-139356-5,7,7,grams,,,,7,grams
Sauce - Creamy Gochugaru Sauce,SUB-013450-4-001,,,,,,,,,,,,,,,,,,,,,FA-DE Tomato Paste /Tomatenmark,PRO-00-139292-5,12,12,grams,,,,12,grams
Sauce - Maple BBQ Sauce,SUB-013524-4-001,,,,,,,,,,,,,,,,,,,,,"FA-DE Spice, Chili Powder /Gewürz, Chilipulver",SPI-00-139340-5,9.92,9.92,grams,,,,9.92,grams
Sauce - Maple BBQ Sauce,SUB-013524-4-001,,,,,,,,,,,,,,,,,,,,,FA-DE Maple Syrup/Ahornsirup,PRO-00-139270-5,79.95,79.95,grams,,,,79.95,grams
Sauce - Maple BBQ Sauce,SUB-013524-4-001,,,,,,,,,,,,,,,,,,,,,"FA-DE Spice, Garlic Powder, Toasted /Gewürz, Knoblauchpulver, geröstet",SPI-00-139354-5,7.94,7.94,grams,,,,7.94,grams
Sauce - Maple BBQ Sauce,SUB-013524-4-001,,,,,,,,,,,,,,,,,,,,,"FA-DE Vinegar, Apple Cider /Essig, Apfelwein",PRO-00-139299-5,30.05,30.05,grams,,,,30.05,grams
Sauce - Maple BBQ Sauce,SUB-013524-4-001,,,,,,,,,,,,,,,,,,,,,"FA-DE Spice, Black Pepper, Ground /Gewürz, schwarzer Pfeffer, gemahlen",SPI-00-139334-5,3.97,3.97,grams,,,,3.97,grams
Sauce - Maple BBQ Sauce,SUB-013524-4-001,Roasted Garlic (use),SUB-013367-4-001,39.97,grams,"BLAST CHILLER, BRAISER, SPICE PORTIONING",,,,,,,,,,,,,,,,"FA-DE Garlic, Peeled, Whole Cloves [10kg] /Knoblauch, geschält, ganze Nelken [10kg]",PHF-00-139197-3,40.29,40.29,grams,,,0.56691,40.29,grams
Sauce - Maple BBQ Sauce,SUB-013524-4-001,Roasted Garlic (use),SUB-013367-4-001,39.97,grams,"BLAST CHILLER, BRAISER, SPICE PORTIONING",,,,,,,,,,,,,,,,"FA-DE Oil, Olive /Öl, Olivenöl",PRO-00-139277-5,30.22,30.22,grams,,,0.56691,30.22,grams
Sauce - Maple BBQ Sauce,SUB-013524-4-001,,,,,,,,,,,,,,,,,,,,,"FA-DE Tomatoes, Concentrated Crushed /Tomaten, konzentriert, zerkleinert",PRO-00-139293-5,479.96,479.96,grams,,,,479.96,grams
Sauce - Maple BBQ Sauce,SUB-013524-4-001,,,,,,,,,,,,,,,,,,,,,"FA-DE Spice, Sea Salt /Gewürze, Meersalz",SPI-00-139378-5,3.4,3.4,grams,,,,3.4,grams
Sauce - Maple BBQ Sauce,SUB-013524-4-001,,,,,,,,,,,,,,,,,,,,,FA-DE Date Paste/Dattelpaste,PRO-00-152099-5,1.5,1.5,grams,,,,1.5,grams
Sauce - Maple BBQ Sauce,SUB-013524-4-001,,,,,,,,,,,,,,,,,,,,,FA-DE Tomato Paste /Tomatenmark,PRO-00-139292-5,30,30,grams,,,,30,grams
Sauce - Piccata Sauce - Lower Fat,SUB-013605-4-001,,,,,,,,,,,,,,,,,,,,,"FA-DE Spice, Sea Salt /Gewürze, Meersalz",SPI-00-139378-5,1.98,1.98,grams,,,,1.98,grams
Sauce - Piccata Sauce - Lower Fat,SUB-013605-4-001,,,,,,,,,,,,,,,,,,,,,"FA-DE Parsley, Chopped /Petersilie, gehackt",PHF-00-139215-3,1.98,1.98,grams,,,,1.98,grams
Sauce - Piccata Sauce - Lower Fat,SUB-013605-4-001,,,,,,,,,,,,,,,,,,,,,"FA-DE Juice, Lemon /Saft, Zitrone",PRO-00-139265-5,37.71,37.71,grams,,,,37.71,grams
Sauce - Piccata Sauce - Lower Fat,SUB-013605-4-001,,,,,,,,,,,,,,,,,,,,,"FA-DE Onion, Spanish, Diced 5mm /Zwiebel, Spanisch, gewürfelt 5 mm",PHF-00-139212-3,26.37,26.37,grams,,,,26.37,grams
Sauce - Piccata Sauce - Lower Fat,SUB-013605-4-001,,,,,,,,,,,,,,,,,,,,,"FA-DE Garlic, IQF, Diced 4 mm /Knoblauch, IQF, gewürfelt 4 mm",PHF-00-139237-1,10.49,10.49,grams,SCHWEFELDIOXIDE UND SULFITE,,,10.49,grams
Sauce - Piccata Sauce - Lower Fat,SUB-013605-4-001,Pureed Capers,SUB-013604-4-001,29.2,grams,"DEBOX, STAGING",,,,,,,,,,,,,,,,"FA-DE Capers, Preserved/Kapern, konserviert",PRO-00-139257-5,29.2,29.2,grams,,,1.0,29.2,grams
Sauce - Piccata Sauce - Lower Fat,SUB-013605-4-001,,,,,,,,,,,,,,,,,,,,,FA-DE Heavy Cream 20% /Sahne 20%,DAI-00-139137-3,318.08,318.08,grams,MILCH (EINSCHLIESSLICH LAKTOSE),,,318.08,grams
Sauce - Piccata Sauce - Lower Fat,SUB-013605-4-001,,,,,,,,,,,,,,,,,,,,,"FA-DE Spice, Lemon Powder /Gewürz, Zitronenpulver",SPI-00-139362-5,0.57,0.57,grams,,,,0.57,grams
Sauce - Piccata Sauce - Lower Fat,SUB-013605-4-001,,,,,,,,,,,,,,,,,,,,,"FA-DE Milk, Whole /Milch, voll",DAI-00-139142-3,57.27,57.27,grams,MILCH (EINSCHLIESSLICH LAKTOSE),,,57.27,grams
Sauce - Piccata Sauce - Lower Fat,SUB-013605-4-001,,,,,,,,,,,,,,,,,,,,,"FA-DE Oil, Olive /Öl, Olivenöl",PRO-00-139277-5,22.68,22.68,grams,,,,22.68,grams
Sauce - Piccata Sauce - Lower Fat,SUB-013605-4-001,,,,,,,,,,,,,,,,,,,,,"FA-DE Shallots, Diced 5mm /Schalotten, gewürfelt, 5 mm",PHF-00-139222-3,26.37,26.37,grams,,,,26.37,grams
Sauce - Piccata Sauce - Lower Fat,SUB-013605-4-001,,,,,,,,,,,,,,,,,,,,,"FA-DE Butter, Unsalted /Butter, ungesalzen",DAI-00-139146-3,41.67,41.67,grams,MILCH (EINSCHLIESSLICH LAKTOSE),,,41.67,grams
Sauce-Sun Dried Tomato Sauce -Less Salt-Less Sat Fat,SUB-032674-4-001,,,,,,,,,,,,,,,,,,,,,"FA-DE Cheese, Parmesan, Grated /Käse, Parmesan, gerieben",DAI-00-139127-3,117.43,117.43,grams,MILCH (EINSCHLIESSLICH LAKTOSE),,,117.43,grams
Sauce-Sun Dried Tomato Sauce -Less Salt-Less Sat Fat,SUB-032674-4-001,,,,,,,,,,,,,,,,,,,,,"FA-DE Oil, Olive /Öl, Olivenöl",PRO-00-139277-5,65,65,grams,,,,65,grams
Sauce-Sun Dried Tomato Sauce -Less Salt-Less Sat Fat,SUB-032674-4-001,,,,,,,,,,,,,,,,,,,,,"FA-DE Stock, Chicken, Reduced/Brühe, Huhn, Reduziert",PRO-00-139288-5,13.19,13.19,grams,,,,13.19,grams
Sauce-Sun Dried Tomato Sauce -Less Salt-Less Sat Fat,SUB-032674-4-001,,,,,,,,,,,,,,,,,,,,,"FA-DE Garlic, IQF, Diced 4 mm /Knoblauch, IQF, gewürfelt 4 mm",PHF-00-139237-1,26.75,26.75,grams,SCHWEFELDIOXIDE UND SULFITE,,,26.75,grams
Sauce-Sun Dried Tomato Sauce -Less Salt-Less Sat Fat,SUB-032674-4-001,Hydrated Sun-Dried Tomatoes,SUB-013501-4-001,117.24,grams,BRAISER,,,,,,,,,,,,,,,,"FA-DE Tomatoes, Sun - Dried Julienned /Tomaten, sonnengetrocknete Julienne",PRO-00-139296-5,65.13,65.13,grams,,,0.90002,65.13,grams
Sauce-Sun Dried Tomato Sauce -Less Salt-Less Sat Fat,SUB-032674-4-001,Hydrated Sun-Dried Tomatoes,SUB-013501-4-001,117.24,grams,BRAISER,,,,,,,,,,,,,,,,FA-DE Water / Wasser,OTH-00-144038-5,65.13,65.13,grams,,,0.90002,65.13,grams
Sauce-Sun Dried Tomato Sauce -Less Salt-Less Sat Fat,SUB-032674-4-001,,,,,,,,,,,,,,,,,,,,,"FA-DE Spinach, Fresh, Stem Off /Spinat, frisch, ohne Stiel",PHF-00-139225-3,93.95,93.95,grams,,,,93.95,grams
Sauce-Sun Dried Tomato Sauce -Less Salt-Less Sat Fat,SUB-032674-4-001,,,,,,,,,,,,,,,,,,,,,"FA-DE Spice, Sea Salt /Gewürze, Meersalz",SPI-00-139378-5,0.57,0.57,grams,,,,0.57,grams
Sauce-Sun Dried Tomato Sauce -Less Salt-Less Sat Fat,SUB-032674-4-001,,,,,,,,,,,,,,,,,,,,,"FA-DE Onion, Spanish, Diced 5mm /Zwiebel, Spanisch, gewürfelt 5 mm",PHF-00-139212-3,117.43,117.43,grams,,,,117.43,grams
Sauce-Sun Dried Tomato Sauce -Less Salt-Less Sat Fat,SUB-032674-4-001,,,,,,,,,,,,,,,,,,,,,FA-DE Heavy Cream 20% /Sahne 20%,DAI-00-139137-3,700,700,grams,MILCH (EINSCHLIESSLICH LAKTOSE),,,700,grams
Shepherd Pie Mash Potatoes,SUB-013394-4-001,,,,,,,,,,,,,,,,,,,,,FA-DE Sour Cream /Sauerrahm,DAI-00-139141-3,2.27,2.27,grams,MILCH (EINSCHLIESSLICH LAKTOSE),,,2.27,grams
Shepherd Pie Mash Potatoes,SUB-013394-4-001,,,,,,,,,,,,,,,,,,,,,"FA-DE Milk, Whole /Milch, voll",DAI-00-139142-3,5.67,5.67,grams,MILCH (EINSCHLIESSLICH LAKTOSE),,,5.67,grams
Shepherd Pie Mash Potatoes,SUB-013394-4-001,,,,,,,,,,,,,,,,,,,,,"FA-DE Spice, White Pepper /Gewürz, weißer Pfeffer",SPI-00-139387-5,0.06,0.06,grams,,,,0.06,grams
Shepherd Pie Mash Potatoes,SUB-013394-4-001,,,,,,,,,,,,,,,,,,,,,"FA-DE Butter, Unsalted /Butter, ungesalzen",DAI-00-139146-3,3.4,3.4,grams,MILCH (EINSCHLIESSLICH LAKTOSE),,,3.4,grams
Shepherd Pie Mash Potatoes,SUB-013394-4-001,Steamed Potato Batch,SUB-013509-4-001,85.05,grams,"BLAST CHILLER, OVEN",,,,,,,,,,,,,,,,"FA-DE Potatoes, Diced 10mm /Kartoffeln, gewürfelt, 10 mm",PHF-00-139219-3,86.79,86.79,grams,,,0.98,86.79,grams
Shepherd Pie Mash Potatoes,SUB-013394-4-001,,,,,,,,,,,,,,,,,,,,,"FA-DE Spice, Sea Salt /Gewürze, Meersalz",SPI-00-139378-5,0.51,0.51,grams,,,,0.51,grams
Shepherd Pie Mash Potatoes,SUB-013394-4-001,,,,,,,,,,,,,,,,,,,,,"FA-DE Spice, Garlic Granulated /Gewürz, Knoblauch granuliert",SPI-00-139353-5,0.11,0.11,grams,,,,0.11,grams
Shepherd Pie Mash Potatoes,SUB-013394-4-001,,,,,,,,,,,,,,,,,,,,,"FA-DE Chives, Dried /Schnittlauch, getrocknet",SPI-00-139322-5,0.23,0.23,grams,,,,0.23,grams
Shepherd Pie Mash Potatoes,SUB-013394-4-001,,,,,,,,,,,,,,,,,,,,,"FA-DE Spice, Onion Granulated /Gewürze, Zwiebeln granuliert",SPI-00-139370-5,0.11,0.11,grams,,,,0.11,grams
Shredded Chicken Thighs - BRINED,SUB-013398-4-001,,,,,,,,,,,,,,,,,,,,,FA-DE Water / Wasser,OTH-00-144038-5,1700,1700,grams,,,,1700,grams
Shredded Chicken Thighs - BRINED,SUB-013398-4-001,,,,,,,,,,,,,,,,,,,,,"FA-DE Spice, Sea Salt /Gewürze, Meersalz",SPI-00-139378-5,15,15,grams,,,,15,grams
Shredded Chicken Thighs - BRINED,SUB-013398-4-001,,,,,,,,,,,,,,,,,,,,,"FA-DE Chicken, Thighs, Boneless Skinless /Hähnchen, Oberschenkel, ohne Knochen und ohne Haut",PTN-00-139343-3,1700,1700,grams,,,,1700,grams
Shredded Moroccan  Chicken Thighs,SUB-030396-4-001,Chicken Thighs - BRINED,SUB-013532-4-001,130.09,grams,UNCATEGORIZED BOM,,,,,,,,,,,,,,,,"FA-DE Chicken, Thighs, Boneless Skinless /Hähnchen, Oberschenkel, ohne Knochen und ohne Haut",PTN-00-139343-3,130.09,130.09,grams,,,0.4978,130.09,grams
Shredded Moroccan  Chicken Thighs,SUB-030396-4-001,Chicken Thighs - BRINED,SUB-013532-4-001,130.09,grams,UNCATEGORIZED BOM,,,,,,,,,,,,,,,,FA-DE Water / Wasser,OTH-00-144038-5,130.09,130.09,grams,,,0.4978,130.09,grams
Shredded Moroccan  Chicken Thighs,SUB-030396-4-001,Chicken Thighs - BRINED,SUB-013532-4-001,130.09,grams,UNCATEGORIZED BOM,,,,,,,,,,,,,,,,"FA-DE Spice, Sea Salt /Gewürze, Meersalz",SPI-00-139378-5,1.15,1.15,grams,,,0.4978,1.15,grams
Shredded Moroccan  Chicken Thighs,SUB-030396-4-001,Moroccan Chicken Marinade,SUB-030307-4-001,4.73,grams,IMMERSION BLENDER,,,,,,,,,,,,,,,,"FA-DE Oil, Olive /Öl, Olivenöl",PRO-00-139277-5,1.62,1.62,grams,,,1.0,1.62,grams
Shredded Moroccan  Chicken Thighs,SUB-030396-4-001,Moroccan Chicken Marinade,SUB-030307-4-001,4.73,grams,IMMERSION BLENDER,,,,,,,,,,,,,,,,"FA-DE Yogurt, Greek, Plain /Joghurt, Griechisch, Natur",DAI-00-139161-3,1.62,1.62,grams,MILCH (EINSCHLIESSLICH LAKTOSE),,1.0,1.62,grams
Shredded Moroccan  Chicken Thighs,SUB-030396-4-001,Moroccan Chicken Marinade,SUB-030307-4-001,4.73,grams,IMMERSION BLENDER,,,,,,,,,,,,,,,,"FA-DE Spice, Smoked Paprika /Gewürz, geräucherter Paprika",SPI-00-139383-5,0.15,0.15,grams,,,1.0,0.15,grams
Shredded Moroccan  Chicken Thighs,SUB-030396-4-001,Moroccan Chicken Marinade,SUB-030307-4-001,4.73,grams,IMMERSION BLENDER,,,,,,,,,,,,,,,,"FA-DE Spice, Cumin Seed /Gewürz, Kreuzkümmel",SPI-00-139346-5,0.17,0.17,grams,,,1.0,0.17,grams
Shredded Moroccan  Chicken Thighs,SUB-030396-4-001,Moroccan Chicken Marinade,SUB-030307-4-001,4.73,grams,IMMERSION BLENDER,,,,,,,,,,,,,,,,"FA-DE Spice, Sea Salt /Gewürze, Meersalz",SPI-00-139378-5,0.1,0.1,grams,,,1.0,0.1,grams
Shredded Moroccan  Chicken Thighs,SUB-030396-4-001,Moroccan Chicken Marinade,SUB-030307-4-001,4.73,grams,IMMERSION BLENDER,,,,,,,,,,,,,,,,"FA-DE Spice, Onion Powder, Toasted /Gewürze, Zwiebelpulver, geröstet",SPI-00-139371-5,0.04,0.04,grams,,,1.0,0.04,grams
Shredded Moroccan  Chicken Thighs,SUB-030396-4-001,Moroccan Chicken Marinade,SUB-030307-4-001,4.73,grams,IMMERSION BLENDER,,,,,,,,,,,,,,,,"FA-DE Spice, Ginger Ground /Gewürze, gemahlener Ingwer",SPI-00-139355-5,0.02,0.02,grams,,,1.0,0.02,grams
Shredded Moroccan  Chicken Thighs,SUB-030396-4-001,Moroccan Chicken Marinade,SUB-030307-4-001,4.73,grams,IMMERSION BLENDER,,,,,,,,,,,,,,,,"FA-DE Spice, Harissa Powder /Gewürz, Harissa-Pulver",SPI-00-139323-5,0.17,0.17,grams,,,1.0,0.17,grams
Shredded Moroccan  Chicken Thighs,SUB-030396-4-001,Moroccan Chicken Marinade,SUB-030307-4-001,4.73,grams,IMMERSION BLENDER,,,,,,,,,,,,,,,,"FA-DE Spice, Turmeric /Gewürz, Kurkuma",SPI-00-139384-5,0.02,0.02,grams,,,1.0,0.02,grams
Shredded Moroccan  Chicken Thighs,SUB-030396-4-001,Moroccan Chicken Marinade,SUB-030307-4-001,4.73,grams,IMMERSION BLENDER,,,,,,,,,,,,,,,,"FA-DE Parsley, Chopped /Petersilie, gehackt",PHF-00-139215-3,0.4,0.4,grams,,,1.0,0.4,grams
Shredded Moroccan  Chicken Thighs,SUB-030396-4-001,Moroccan Chicken Marinade,SUB-030307-4-001,4.73,grams,IMMERSION BLENDER,,,,,,,,,,,,,,,,"FA-DE Coriander, Chopped /Koriander, gehackt",PHF-00-139192-3,0.4,0.4,grams,,,1.0,0.4,grams
Shredded Moroccan  Chicken Thighs,SUB-030396-4-001,Moroccan Chicken Marinade,SUB-030307-4-001,4.73,grams,IMMERSION BLENDER,,,,,,,,,,,,,,,,"FA-DE Zest, Lemon/Gewürz, Zitronenschale",PHF-00-139247-3,0.02,0.02,grams,,,1.0,0.02,grams
Shredded Ranch Chicken (Loaded Bacon & Spinach),SUB-013487-4-001,,,,,,,,,,,,,,,,,,,,,"FA-DE Oil, Olive /Öl, Olivenöl",PRO-00-139277-5,7.53,7.53,grams,,,,7.53,grams
Shredded Ranch Chicken (Loaded Bacon & Spinach),SUB-013487-4-001,DRY Ranch Seasoning,SUB-013480-4-001,3.63,grams,"HAND MIX, SPICE PORTIONING",,,,,,,,,,,,,,,,"FA-DE Spice, Buttermilk Powder/Gewürz, Buttermilchpulver",SPI-00-151139-5,2.24,2.24,grams,MILCH (EINSCHLIESSLICH LAKTOSE),,0.97982,2.24,grams
Shredded Ranch Chicken (Loaded Bacon & Spinach),SUB-013487-4-001,DRY Ranch Seasoning,SUB-013480-4-001,3.63,grams,"HAND MIX, SPICE PORTIONING",,,,,,,,,,,,,,,,"FA-DE Spice, Garlic Granulated /Gewürz, Knoblauch granuliert",SPI-00-139353-5,0.47,0.47,grams,,,0.97982,0.47,grams
Shredded Ranch Chicken (Loaded Bacon & Spinach),SUB-013487-4-001,DRY Ranch Seasoning,SUB-013480-4-001,3.63,grams,"HAND MIX, SPICE PORTIONING",,,,,,,,,,,,,,,,"FA-DE Spice, Onion Granulated /Gewürze, Zwiebeln granuliert",SPI-00-139370-5,0.41,0.41,grams,,,0.97982,0.41,grams
Shredded Ranch Chicken (Loaded Bacon & Spinach),SUB-013487-4-001,DRY Ranch Seasoning,SUB-013480-4-001,3.63,grams,"HAND MIX, SPICE PORTIONING",,,,,,,,,,,,,,,,"FA-DE Spice, Black Pepper, Ground /Gewürz, schwarzer Pfeffer, gemahlen",SPI-00-139334-5,0.24,0.24,grams,,,0.97982,0.24,grams
Shredded Ranch Chicken (Loaded Bacon & Spinach),SUB-013487-4-001,DRY Ranch Seasoning,SUB-013480-4-001,3.63,grams,"HAND MIX, SPICE PORTIONING",,,,,,,,,,,,,,,,"FA-DE Spice, Dill Dried /Gewürz, Dill getrocknet",SPI-00-139349-5,0.15,0.15,grams,,,0.97982,0.15,grams
Shredded Ranch Chicken (Loaded Bacon & Spinach),SUB-013487-4-001,DRY Ranch Seasoning,SUB-013480-4-001,3.63,grams,"HAND MIX, SPICE PORTIONING",,,,,,,,,,,,,,,,"FA-DE Chives, Dried /Schnittlauch, getrocknet",SPI-00-139322-5,0.15,0.15,grams,,,0.97982,0.15,grams
Shredded Ranch Chicken (Loaded Bacon & Spinach),SUB-013487-4-001,DRY Ranch Seasoning,SUB-013480-4-001,3.63,grams,"HAND MIX, SPICE PORTIONING",,,,,,,,,,,,,,,,"FA-DE Spice, Parsley Dried /Gewürze, getrocknete Petersilie",SPI-00-139374-5,0.06,0.06,grams,,,0.97982,0.06,grams
Shredded Ranch Chicken (Loaded Bacon & Spinach),SUB-013487-4-001,Chicken Thighs - BRINED,SUB-013532-4-001,120.56,grams,UNCATEGORIZED BOM,,,,,,,,,,,,,,,,"FA-DE Chicken, Thighs, Boneless Skinless /Hähnchen, Oberschenkel, ohne Knochen und ohne Haut",PTN-00-139343-3,120.56,120.56,grams,,,0.4978,120.56,grams
Shredded Ranch Chicken (Loaded Bacon & Spinach),SUB-013487-4-001,Chicken Thighs - BRINED,SUB-013532-4-001,120.56,grams,UNCATEGORIZED BOM,,,,,,,,,,,,,,,,FA-DE Water / Wasser,OTH-00-144038-5,120.56,120.56,grams,,,0.4978,120.56,grams
Shredded Ranch Chicken (Loaded Bacon & Spinach),SUB-013487-4-001,Chicken Thighs - BRINED,SUB-013532-4-001,120.56,grams,UNCATEGORIZED BOM,,,,,,,,,,,,,,,,"FA-DE Spice, Sea Salt /Gewürze, Meersalz",SPI-00-139378-5,1.06,1.06,grams,,,0.4978,1.06,grams
Shredded Sous Vide Beef,SUB-013599-4-001,,,,,,,,,,,,,,,,,,,,,"FA-DE Beef, Pulled, Sous Vide/Rindfleisch, Pulled, Sous Vide",PTN-00-139315-3,54430,54430,grams,,,,54430,grams
Shredded chicken - Keto Crack Chicken Thigh Batch - Shredder,SUB-013715-4-002,Shredded Chicken Thighs - BRINED,SUB-013398-4-001,1300,grams,BRINE,,,,,,,,,,,,,,,,FA-DE Water / Wasser,OTH-00-144038-5,1300,1300,grams,,,0.4978,1300,grams
Shredded chicken - Keto Crack Chicken Thigh Batch - Shredder,SUB-013715-4-002,Shredded Chicken Thighs - BRINED,SUB-013398-4-001,1300,grams,BRINE,,,,,,,,,,,,,,,,"FA-DE Spice, Sea Salt /Gewürze, Meersalz",SPI-00-139378-5,11.47,11.47,grams,,,0.4978,11.47,grams
Shredded chicken - Keto Crack Chicken Thigh Batch - Shredder,SUB-013715-4-002,Shredded Chicken Thighs - BRINED,SUB-013398-4-001,1300,grams,BRINE,,,,,,,,,,,,,,,,"FA-DE Chicken, Thighs, Boneless Skinless /Hähnchen, Oberschenkel, ohne Knochen und ohne Haut",PTN-00-139343-3,1300,1300,grams,,,0.4978,1300,grams
Shredded chicken - Keto Crack Chicken Thigh Batch - Shredder,SUB-013715-4-002,,,,,,,,,,,,,,,,,,,,,FA-DE Reserved Braising Liquid / Zurückgehaltene Schmorfllüssigkeit,PRO-00-144041-3,340.19,340.19,grams,,,,340.19,grams
Shredded chicken - Keto Crack Chicken Thigh Batch - Shredder,SUB-013715-4-002,DRY Ranch Seasoning,SUB-013480-4-001,14.18,grams,"HAND MIX, SPICE PORTIONING",,,,,,,,,,,,,,,,"FA-DE Spice, Buttermilk Powder/Gewürz, Buttermilchpulver",SPI-00-151139-5,8.74,8.74,grams,MILCH (EINSCHLIESSLICH LAKTOSE),,0.97982,8.74,grams
Shredded chicken - Keto Crack Chicken Thigh Batch - Shredder,SUB-013715-4-002,DRY Ranch Seasoning,SUB-013480-4-001,14.18,grams,"HAND MIX, SPICE PORTIONING",,,,,,,,,,,,,,,,"FA-DE Spice, Garlic Granulated /Gewürz, Knoblauch granuliert",SPI-00-139353-5,1.83,1.83,grams,,,0.97982,1.83,grams
Shredded chicken - Keto Crack Chicken Thigh Batch - Shredder,SUB-013715-4-002,DRY Ranch Seasoning,SUB-013480-4-001,14.18,grams,"HAND MIX, SPICE PORTIONING",,,,,,,,,,,,,,,,"FA-DE Spice, Onion Granulated /Gewürze, Zwiebeln granuliert",SPI-00-139370-5,1.61,1.61,grams,,,0.97982,1.61,grams
Shredded chicken - Keto Crack Chicken Thigh Batch - Shredder,SUB-013715-4-002,DRY Ranch Seasoning,SUB-013480-4-001,14.18,grams,"HAND MIX, SPICE PORTIONING",,,,,,,,,,,,,,,,"FA-DE Spice, Black Pepper, Ground /Gewürz, schwarzer Pfeffer, gemahlen",SPI-00-139334-5,0.92,0.92,grams,,,0.97982,0.92,grams
Shredded chicken - Keto Crack Chicken Thigh Batch - Shredder,SUB-013715-4-002,DRY Ranch Seasoning,SUB-013480-4-001,14.18,grams,"HAND MIX, SPICE PORTIONING",,,,,,,,,,,,,,,,"FA-DE Spice, Dill Dried /Gewürz, Dill getrocknet",SPI-00-139349-5,0.57,0.57,grams,,,0.97982,0.57,grams
Shredded chicken - Keto Crack Chicken Thigh Batch - Shredder,SUB-013715-4-002,DRY Ranch Seasoning,SUB-013480-4-001,14.18,grams,"HAND MIX, SPICE PORTIONING",,,,,,,,,,,,,,,,"FA-DE Chives, Dried /Schnittlauch, getrocknet",SPI-00-139322-5,0.57,0.57,grams,,,0.97982,0.57,grams
Shredded chicken - Keto Crack Chicken Thigh Batch - Shredder,SUB-013715-4-002,DRY Ranch Seasoning,SUB-013480-4-001,14.18,grams,"HAND MIX, SPICE PORTIONING",,,,,,,,,,,,,,,,"FA-DE Spice, Parsley Dried /Gewürze, getrocknete Petersilie",SPI-00-139374-5,0.23,0.23,grams,,,0.97982,0.23,grams
Shredded chicken - Keto Crack Chicken Thigh Batch - Shredder,SUB-013715-4-002,Dry Ranch Marinade,SUB-031652-4-001,184.28,grams,IMMERSION BLENDER,Roasted Garlic (use),SUB-013367-4-001,14.47,grams,"BLAST CHILLER, BRAISER, SPICE PORTIONING",,,,,,,,,,,"FA-DE Garlic, Peeled, Whole Cloves [10kg] /Knoblauch, geschält, ganze Nelken [10kg]",PHF-00-139197-3,14.59,14.59,grams,,,0.56691,14.59,grams
Shredded chicken - Keto Crack Chicken Thigh Batch - Shredder,SUB-013715-4-002,Dry Ranch Marinade,SUB-031652-4-001,184.28,grams,IMMERSION BLENDER,Roasted Garlic (use),SUB-013367-4-001,14.47,grams,"BLAST CHILLER, BRAISER, SPICE PORTIONING",,,,,,,,,,,"FA-DE Oil, Olive /Öl, Olivenöl",PRO-00-139277-5,10.94,10.94,grams,,,0.56691,10.94,grams
Shredded chicken - Keto Crack Chicken Thigh Batch - Shredder,SUB-013715-4-002,Dry Ranch Marinade,SUB-031652-4-001,184.28,grams,IMMERSION BLENDER,DRY Ranch Seasoning,SUB-013480-4-001,28.93,grams,"HAND MIX, SPICE PORTIONING",,,,,,,,,,,"FA-DE Spice, Buttermilk Powder/Gewürz, Buttermilchpulver",SPI-00-151139-5,17.84,17.84,grams,MILCH (EINSCHLIESSLICH LAKTOSE),,0.97982,17.84,grams
Shredded chicken - Keto Crack Chicken Thigh Batch - Shredder,SUB-013715-4-002,Dry Ranch Marinade,SUB-031652-4-001,184.28,grams,IMMERSION BLENDER,DRY Ranch Seasoning,SUB-013480-4-001,28.93,grams,"HAND MIX, SPICE PORTIONING",,,,,,,,,,,"FA-DE Spice, Garlic Granulated /Gewürz, Knoblauch granuliert",SPI-00-139353-5,3.74,3.74,grams,,,0.97982,3.74,grams
Shredded chicken - Keto Crack Chicken Thigh Batch - Shredder,SUB-013715-4-002,Dry Ranch Marinade,SUB-031652-4-001,184.28,grams,IMMERSION BLENDER,DRY Ranch Seasoning,SUB-013480-4-001,28.93,grams,"HAND MIX, SPICE PORTIONING",,,,,,,,,,,"FA-DE Spice, Onion Granulated /Gewürze, Zwiebeln granuliert",SPI-00-139370-5,3.28,3.28,grams,,,0.97982,3.28,grams
Shredded chicken - Keto Crack Chicken Thigh Batch - Shredder,SUB-013715-4-002,Dry Ranch Marinade,SUB-031652-4-001,184.28,grams,IMMERSION BLENDER,DRY Ranch Seasoning,SUB-013480-4-001,28.93,grams,"HAND MIX, SPICE PORTIONING",,,,,,,,,,,"FA-DE Spice, Black Pepper, Ground /Gewürz, schwarzer Pfeffer, gemahlen",SPI-00-139334-5,1.89,1.89,grams,,,0.97982,1.89,grams
Shredded chicken - Keto Crack Chicken Thigh Batch - Shredder,SUB-013715-4-002,Dry Ranch Marinade,SUB-031652-4-001,184.28,grams,IMMERSION BLENDER,DRY Ranch Seasoning,SUB-013480-4-001,28.93,grams,"HAND MIX, SPICE PORTIONING",,,,,,,,,,,"FA-DE Spice, Dill Dried /Gewürz, Dill getrocknet",SPI-00-139349-5,1.16,1.16,grams,,,0.97982,1.16,grams
Shredded chicken - Keto Crack Chicken Thigh Batch - Shredder,SUB-013715-4-002,Dry Ranch Marinade,SUB-031652-4-001,184.28,grams,IMMERSION BLENDER,DRY Ranch Seasoning,SUB-013480-4-001,28.93,grams,"HAND MIX, SPICE PORTIONING",,,,,,,,,,,"FA-DE Chives, Dried /Schnittlauch, getrocknet",SPI-00-139322-5,1.16,1.16,grams,,,0.97982,1.16,grams
Shredded chicken - Keto Crack Chicken Thigh Batch - Shredder,SUB-013715-4-002,Dry Ranch Marinade,SUB-031652-4-001,184.28,grams,IMMERSION BLENDER,DRY Ranch Seasoning,SUB-013480-4-001,28.93,grams,"HAND MIX, SPICE PORTIONING",,,,,,,,,,,"FA-DE Spice, Parsley Dried /Gewürze, getrocknete Petersilie",SPI-00-139374-5,0.46,0.46,grams,,,0.97982,0.46,grams
Shredded chicken - Keto Crack Chicken Thigh Batch - Shredder,SUB-013715-4-002,Dry Ranch Marinade,SUB-031652-4-001,184.28,grams,IMMERSION BLENDER,,,,,,,,,,,,,,,,"FA-DE Oil, Olive /Öl, Olivenöl",PRO-00-139277-5,144.65,144.65,grams,,,0.97998,144.65,grams
Smokehouse Ketchup,SUB-013422-4-001,,,,,,,,,,,,,,,,,,,,,"FA-DE Spice, Black Pepper, Ground /Gewürz, schwarzer Pfeffer, gemahlen",SPI-00-139334-5,31.95,31.95,grams,,,,31.95,grams
Smokehouse Ketchup,SUB-013422-4-001,,,,,,,,,,,,,,,,,,,,,FA-DE Honey /Honig – Masse,PRO-00-139266-5,3670,3670,grams,,,,3670,grams
Smokehouse Ketchup,SUB-013422-4-001,,,,,,,,,,,,,,,,,,,,,"FA-DE Garlic, IQF, Diced 4 mm /Knoblauch, IQF, gewürfelt 4 mm",PHF-00-139237-1,931.27,931.27,grams,SCHWEFELDIOXIDE UND SULFITE,,,931.27,grams
Smokehouse Ketchup,SUB-013422-4-001,,,,,,,,,,,,,,,,,,,,,"FA-DE Tomatoes, Concentrated Crushed /Tomaten, konzentriert, zerkleinert",PRO-00-139293-5,15340,15340,grams,,,,15340,grams
Smokehouse Ketchup,SUB-013422-4-001,,,,,,,,,,,,,,,,,,,,,"FA-DE Oil, Olive /Öl, Olivenöl",PRO-00-139277-5,523.13,523.13,grams,,,,523.13,grams
Smokehouse Ketchup,SUB-013422-4-001,,,,,,,,,,,,,,,,,,,,,"FA-DE Thyme, IQF /Thymian, IQF",PHF-00-139244-1,63.9,63.9,grams,,,,63.9,grams
Smokehouse Ketchup,SUB-013422-4-001,,,,,,,,,,,,,,,,,,,,,"FA-DE Vinegar, Balsamic /Essig, Balsamico",PRO-00-139298-5,2320,2320,grams,SCHWEFELDIOXIDE UND SULFITE,,,2320,grams
Smokehouse Ketchup,SUB-013422-4-001,,,,,,,,,,,,,,,,,,,,,FA-DE Water / Wasser,OTH-00-144038-5,7710,7710,grams,,,,7710,grams
Sour Cream and Chive Mashed Yukons (more salt),SUB-014217-4-001,,,,,,,,,,,,,,,,,,,,,"FA-DE Milk, Whole /Milch, voll",DAI-00-139142-3,9.03,9.03,grams,MILCH (EINSCHLIESSLICH LAKTOSE),,,9.03,grams
Sour Cream and Chive Mashed Yukons (more salt),SUB-014217-4-001,,,,,,,,,,,,,,,,,,,,,"FA-DE Butter, Unsalted /Butter, ungesalzen",DAI-00-139146-3,3.57,3.57,grams,MILCH (EINSCHLIESSLICH LAKTOSE),,,3.57,grams
Sour Cream and Chive Mashed Yukons (more salt),SUB-014217-4-001,,,,,,,,,,,,,,,,,,,,,FA-DE Sour Cream /Sauerrahm,DAI-00-139141-3,10.41,10.41,grams,MILCH (EINSCHLIESSLICH LAKTOSE),,,10.41,grams
Sour Cream and Chive Mashed Yukons (more salt),SUB-014217-4-001,,,,,,,,,,,,,,,,,,,,,"FA-DE Spice, Garlic Powder, Toasted /Gewürz, Knoblauchpulver, geröstet",SPI-00-139354-5,0.3,0.3,grams,,,,0.3,grams
Sour Cream and Chive Mashed Yukons (more salt),SUB-014217-4-001,,,,,,,,,,,,,,,,,,,,,"FA-DE Chives, Dried /Schnittlauch, getrocknet",SPI-00-139322-5,0.6,0.6,grams,,,,0.6,grams
Sour Cream and Chive Mashed Yukons (more salt),SUB-014217-4-001,,,,,,,,,,,,,,,,,,,,,"FA-DE Spice, Black Pepper, Ground /Gewürz, schwarzer Pfeffer, gemahlen",SPI-00-139334-5,0.15,0.15,grams,,,,0.15,grams
Sour Cream and Chive Mashed Yukons (more salt),SUB-014217-4-001,,,,,,,,,,,,,,,,,,,,,"FA-DE Spice, Sea Salt /Gewürze, Meersalz",SPI-00-139378-5,0.83,0.83,grams,,,,0.83,grams
Sour Cream and Chive Mashed Yukons (more salt),SUB-014217-4-001,,,,,,,,,,,,,,,,,,,,,"FA-DE Spice, Onion Granulated /Gewürze, Zwiebeln granuliert",SPI-00-139370-5,0.3,0.3,grams,,,,0.3,grams
Sour Cream and Chive Mashed Yukons (more salt),SUB-014217-4-001,Cooked Diced Potato,SUB-013592-4-001,100.69,grams,"BLAST CHILLER, OVEN",,,,,,,,,,,,,,,,"FA-DE Potatoes, Diced 10mm /Kartoffeln, gewürfelt, 10 mm",PHF-00-139219-3,102.74,102.74,grams,,,0.98,102.74,grams
Sour Cream and Chive Mashed Yukons (more salt),SUB-014217-4-001,Roasted Garlic (use),SUB-013367-4-001,1.49,grams,"BLAST CHILLER, BRAISER, SPICE PORTIONING",,,,,,,,,,,,,,,,"FA-DE Garlic, Peeled, Whole Cloves [10kg] /Knoblauch, geschält, ganze Nelken [10kg]",PHF-00-139197-3,1.5,1.5,grams,,,0.56691,1.5,grams
Sour Cream and Chive Mashed Yukons (more salt),SUB-014217-4-001,Roasted Garlic (use),SUB-013367-4-001,1.49,grams,"BLAST CHILLER, BRAISER, SPICE PORTIONING",,,,,,,,,,,,,,,,"FA-DE Oil, Olive /Öl, Olivenöl",PRO-00-139277-5,1.13,1.13,grams,,,0.56691,1.13,grams
Spanakopita Rice,SUB-031599-4-001,Brown Basmati Rice Cooked -NO SALT,SUB-030343-4-001,283.5,grams,UNCATEGORIZED BOM,,,,,,,,,,,,,,,,"FA-DE Rice, Basmati, Brown /Reis, Basmati, braun",DRY-00-139168-5,110.88,110.88,grams,,,1.02346,110.88,grams
Spanakopita Rice,SUB-031599-4-001,Brown Basmati Rice Cooked -NO SALT,SUB-030343-4-001,283.5,grams,UNCATEGORIZED BOM,,,,,,,,,,,,,,,,FA-DE Water / Wasser,OTH-00-144038-5,166.12,166.12,grams,,,1.02346,166.12,grams
Spanakopita Rice,SUB-031599-4-001,Spanakopita Rice Inclusion,SUB-030344-4-001,198.45,grams,"BLAST CHILLER, BRAISER, SPICE PORTIONING",,,,,,,,,,,,,,,,"FA-DE Oil, Olive /Öl, Olivenöl",PRO-00-139277-5,17.72,17.72,grams,,,0.93327,17.72,grams
Spanakopita Rice,SUB-031599-4-001,Spanakopita Rice Inclusion,SUB-030344-4-001,198.45,grams,"BLAST CHILLER, BRAISER, SPICE PORTIONING",,,,,,,,,,,,,,,,"FA-DE Onion, Spanish, Diced 10mm /Zwiebel, Spanisch, gewürfelt 10 mm",PHF-00-139209-3,46.38,46.38,grams,,,0.93327,46.38,grams
Spanakopita Rice,SUB-031599-4-001,Spanakopita Rice Inclusion,SUB-030344-4-001,198.45,grams,"BLAST CHILLER, BRAISER, SPICE PORTIONING",,,,,,,,,,,,,,,,"FA-DE Garlic, IQF, Diced 4 mm /Knoblauch, IQF, gewürfelt 4 mm",PHF-00-139237-1,23.17,23.17,grams,SCHWEFELDIOXIDE UND SULFITE,,0.93327,23.17,grams
Spanakopita Rice,SUB-031599-4-001,Spanakopita Rice Inclusion,SUB-030344-4-001,198.45,grams,"BLAST CHILLER, BRAISER, SPICE PORTIONING",,,,,,,,,,,,,,,,"FA-DE Spice, Sea Salt /Gewürze, Meersalz",SPI-00-139378-5,1.02,1.02,grams,,,0.93327,1.02,grams
Spanakopita Rice,SUB-031599-4-001,Spanakopita Rice Inclusion,SUB-030344-4-001,198.45,grams,"BLAST CHILLER, BRAISER, SPICE PORTIONING",,,,,,,,,,,,,,,,"FA-DE Spice, Dill Dried /Gewürz, Dill getrocknet",SPI-00-139349-5,0.47,0.47,grams,,,0.93327,0.47,grams
Spanakopita Rice,SUB-031599-4-001,Spanakopita Rice Inclusion,SUB-030344-4-001,198.45,grams,"BLAST CHILLER, BRAISER, SPICE PORTIONING",,,,,,,,,,,,,,,,"FA-DE Spice, Oregano Dry /Gewürz, Oregano trocken",SPI-00-139372-5,0.23,0.23,grams,,,0.93327,0.23,grams
Spanakopita Rice,SUB-031599-4-001,Spanakopita Rice Inclusion,SUB-030344-4-001,198.45,grams,"BLAST CHILLER, BRAISER, SPICE PORTIONING",Thawed & Squeezed Frozen Spinach,SUB-013405-4-001,77.27,grams,"BLAST CHILLER, HAND MIX, OVEN",,,,,,,,,,,"FA-DE Spinach, Frozen Leaf/Spinat, gefrorener Blattspinat",PHF-00-139242-1,128.41,128.41,grams,,,0.60173,128.41,grams
Spanakopita Rice,SUB-031599-4-001,Spanakopita Rice Inclusion,SUB-030344-4-001,198.45,grams,"BLAST CHILLER, BRAISER, SPICE PORTIONING",,,,,,,,,,,,,,,,"FA-DE Cheese, Feta /Käse, Feta",DAI-00-144309-3,46.38,46.38,grams,MILCH (EINSCHLIESSLICH LAKTOSE),,0.93327,46.38,grams
Spanakopita Rice Inclusion,SUB-030344-4-001,,,,,,,,,,,,,,,,,,,,,"FA-DE Oil, Olive /Öl, Olivenöl",PRO-00-139277-5,3.81,3.81,grams,,,,3.81,grams
Spanakopita Rice Inclusion,SUB-030344-4-001,,,,,,,,,,,,,,,,,,,,,"FA-DE Onion, Spanish, Diced 10mm /Zwiebel, Spanisch, gewürfelt 10 mm",PHF-00-139209-3,9.97,9.97,grams,,,,9.97,grams
Spanakopita Rice Inclusion,SUB-030344-4-001,,,,,,,,,,,,,,,,,,,,,"FA-DE Garlic, IQF, Diced 4 mm /Knoblauch, IQF, gewürfelt 4 mm",PHF-00-139237-1,4.98,4.98,grams,SCHWEFELDIOXIDE UND SULFITE,,,4.98,grams
Spanakopita Rice Inclusion,SUB-030344-4-001,,,,,,,,,,,,,,,,,,,,,"FA-DE Spice, Sea Salt /Gewürze, Meersalz",SPI-00-139378-5,0.22,0.22,grams,,,,0.22,grams
Spanakopita Rice Inclusion,SUB-030344-4-001,,,,,,,,,,,,,,,,,,,,,"FA-DE Spice, Dill Dried /Gewürz, Dill getrocknet",SPI-00-139349-5,0.1,0.1,grams,,,,0.1,grams
Spanakopita Rice Inclusion,SUB-030344-4-001,,,,,,,,,,,,,,,,,,,,,"FA-DE Spice, Oregano Dry /Gewürz, Oregano trocken",SPI-00-139372-5,0.05,0.05,grams,,,,0.05,grams
Spanakopita Rice Inclusion,SUB-030344-4-001,Thawed & Squeezed Frozen Spinach,SUB-013405-4-001,16.61,grams,"BLAST CHILLER, HAND MIX, OVEN",,,,,,,,,,,,,,,,"FA-DE Spinach, Frozen Leaf/Spinat, gefrorener Blattspinat",PHF-00-139242-1,27.6,27.6,grams,,,0.60173,27.6,grams
Spanakopita Rice Inclusion,SUB-030344-4-001,,,,,,,,,,,,,,,,,,,,,"FA-DE Cheese, Feta /Käse, Feta",DAI-00-144309-3,9.97,9.97,grams,MILCH (EINSCHLIESSLICH LAKTOSE),,,9.97,grams
Spice Pack Herb-Parmesan Butter (best),SUB-014167-4-001,,,,,,,,,,,,,,,,,,,,,"FA-DE Spice, Sea Salt /Gewürze, Meersalz",SPI-00-139378-5,0.1,0.1,grams,,,,0.1,grams
Spice Pack Herb-Parmesan Butter (best),SUB-014167-4-001,,,,,,,,,,,,,,,,,,,,,"FA-DE Chives, Dried /Schnittlauch, getrocknet",SPI-00-139322-5,0.08,0.08,grams,,,,0.08,grams
Spice Pack Herb-Parmesan Butter (best),SUB-014167-4-001,,,,,,,,,,,,,,,,,,,,,"FA-DE Cheese, Parmesan, Grated /Käse, Parmesan, gerieben",DAI-00-139127-3,2.24,2.24,grams,MILCH (EINSCHLIESSLICH LAKTOSE),,,2.24,grams
Spice Pack Herb-Parmesan Butter (best),SUB-014167-4-001,,,,,,,,,,,,,,,,,,,,,"FA-DE Spice, Black Pepper, Ground /Gewürz, schwarzer Pfeffer, gemahlen",SPI-00-139334-5,0.1,0.1,grams,,,,0.1,grams
Spice Pack Herb-Parmesan Butter (best),SUB-014167-4-001,,,,,,,,,,,,,,,,,,,,,"FA-DE Spice, Parsley Dried /Gewürze, getrocknete Petersilie",SPI-00-139374-5,0.08,0.08,grams,,,,0.08,grams
Spice Roasted Potatoes 10mm Diced-Less Pepper,SUB-030305-4-001,,,,,,,,,,,,,,,,,,,,,"FA-DE Potatoes, Diced 10mm /Kartoffeln, gewürfelt, 10 mm",PHF-00-139219-3,91.46,91.46,grams,,,,91.46,grams
Spice Roasted Potatoes 10mm Diced-Less Pepper,SUB-030305-4-001,,,,,,,,,,,,,,,,,,,,,"FA-DE Oil, Olive /Öl, Olivenöl",PRO-00-139277-5,2.48,2.48,grams,,,,2.48,grams
Spice Roasted Potatoes 10mm Diced-Less Pepper,SUB-030305-4-001,,,,,,,,,,,,,,,,,,,,,"FA-DE Spice, Paprika /Gewürze, Paprika",SPI-00-139373-5,0.86,0.86,grams,,,,0.86,grams
Spice Roasted Potatoes 10mm Diced-Less Pepper,SUB-030305-4-001,,,,,,,,,,,,,,,,,,,,,"FA-DE Spice, Onion Granulated /Gewürze, Zwiebeln granuliert",SPI-00-139370-5,0.86,0.86,grams,,,,0.86,grams
Spice Roasted Potatoes 10mm Diced-Less Pepper,SUB-030305-4-001,,,,,,,,,,,,,,,,,,,,,"FA-DE Spice, Garlic Granulated /Gewürz, Knoblauch granuliert",SPI-00-139353-5,0.65,0.65,grams,,,,0.65,grams
Spice Roasted Potatoes 10mm Diced-Less Pepper,SUB-030305-4-001,,,,,,,,,,,,,,,,,,,,,"FA-DE Spice, Black Pepper, Ground /Gewürz, schwarzer Pfeffer, gemahlen",SPI-00-139334-5,0.23,0.23,grams,,,,0.23,grams
Spice Roasted Potatoes 10mm Diced-Less Pepper,SUB-030305-4-001,,,,,,,,,,,,,,,,,,,,,"FA-DE Spice, Cumin Ground /Gewürz, gemahlener Kreuzkümmel",SPI-00-139345-5,0.43,0.43,grams,,,,0.43,grams
Spice Roasted Potatoes 10mm Diced-Less Pepper,SUB-030305-4-001,,,,,,,,,,,,,,,,,,,,,"FA-DE Spice, Sea Salt /Gewürze, Meersalz",SPI-00-139378-5,0.3,0.3,grams,,,,0.3,grams
Spice mix - No Salt Taco Seasoning,SUB-013612-4-001,,,,,,,,,,,,,,,,,,,,,"FA-DE Spice, Garlic Granulated /Gewürz, Knoblauch granuliert",SPI-00-139353-5,0.81,0.81,grams,,,,0.81,grams
Spice mix - No Salt Taco Seasoning,SUB-013612-4-001,,,,,,,,,,,,,,,,,,,,,"FA-DE Spice, Chili Powder /Gewürz, Chilipulver",SPI-00-139340-5,6.9,6.9,grams,,,,6.9,grams
Spice mix - No Salt Taco Seasoning,SUB-013612-4-001,,,,,,,,,,,,,,,,,,,,,"FA-DE Spice, Onion Granulated /Gewürze, Zwiebeln granuliert",SPI-00-139370-5,0.6,0.6,grams,,,,0.6,grams
Spice mix - No Salt Taco Seasoning,SUB-013612-4-001,,,,,,,,,,,,,,,,,,,,,"FA-DE Spice, Black Pepper, Ground /Gewürz, schwarzer Pfeffer, gemahlen",SPI-00-139334-5,2.3,2.3,grams,,,,2.3,grams
Spice mix - No Salt Taco Seasoning,SUB-013612-4-001,,,,,,,,,,,,,,,,,,,,,"FA-DE Spice, Oregano Dry /Gewürz, Oregano trocken",SPI-00-139372-5,0.25,0.25,grams,,,,0.25,grams
Spice mix - No Salt Taco Seasoning,SUB-013612-4-001,,,,,,,,,,,,,,,,,,,,,"FA-DE Spice, Gochugaru Chili Pepper Flakes /Gewürz, Gochugaru-Chili-Pfefferflocken",SPI-00-139356-5,0.68,0.68,grams,,,,0.68,grams
Spice mix - No Salt Taco Seasoning,SUB-013612-4-001,,,,,,,,,,,,,,,,,,,,,"FA-DE Spice, Paprika /Gewürze, Paprika",SPI-00-139373-5,1.15,1.15,grams,,,,1.15,grams
Spice mix - No Salt Taco Seasoning,SUB-013612-4-001,,,,,,,,,,,,,,,,,,,,,"FA-DE Spice, Cumin Ground /Gewürz, gemahlener Kreuzkümmel",SPI-00-139345-5,3.15,3.15,grams,,,,3.15,grams
Spinach - Garlic Spinach - Frzn Spinach - less garlic,SUB-013415-4-001,,,,,,,,,,,,,,,,,,,,,"FA-DE Garlic, IQF, Diced 4 mm /Knoblauch, IQF, gewürfelt 4 mm",PHF-00-139237-1,1940,1940,grams,SCHWEFELDIOXIDE UND SULFITE,,,1940,grams
Spinach - Garlic Spinach - Frzn Spinach - less garlic,SUB-013415-4-001,,,,,,,,,,,,,,,,,,,,,"FA-DE Spice, Sea Salt /Gewürze, Meersalz",SPI-00-139378-5,326.59,326.59,grams,,,,326.59,grams
Spinach - Garlic Spinach - Frzn Spinach - less garlic,SUB-013415-4-001,Thawed & Squeezed Frozen Spinach,SUB-013405-4-001,90720,grams,"BLAST CHILLER, HAND MIX, OVEN",,,,,,,,,,,,,,,,"FA-DE Spinach, Frozen Leaf/Spinat, gefrorener Blattspinat",PHF-00-139242-1,150764.89,150764.89,grams,,,0.60173,150764.89,grams
Spinach - Garlic Spinach - Frzn Spinach - less garlic,SUB-013415-4-001,,,,,,,,,,,,,,,,,,,,,"FA-DE Oil, Olive /Öl, Olivenöl",PRO-00-139277-5,4950,4950,grams,,,,4950,grams
Steamed Cauliflower Rice,SUB-029075-4-001,,,,,,,,,,,,,,,,,,,,,"FA-DE Cauliflower, Riced, IQF /Blumenkohl, Reis, IQF",PHF-00-139233-1,75.82,75.82,grams,,,,75.82,grams
Steamed Chickpeas,SUB-013920-4-001,,,,,,,,,,,,,,,,,,,,,"FA-DE Beans, Chickpeas/Garbanzo, Aseptic /Bohnen, Kichererbsen, aseptisch",PRO-00-139252-5,126.1,73.14,grams,,,,73.14,grams
Steamed Cream Cheese,SUB-013481-4-001,,,,,,,,,,,,,,,,,,,,,"FA-DE Cheese, Cream, 13% Fat (Milk) /Käse, Sahne, 13% Fett",DAI-00-139122-3,4.67,4.67,grams,MILCH (EINSCHLIESSLICH LAKTOSE),,,4.67,grams
Steamed Green Beans,SUB-030310-4-001,,,,,,,,,,,,,,,,,,,,,"FA-DE Green Beans, Fresh, Cut 40mm /Grüne Bohnen, frisch, geschnitten 40mm",PHF-00-139199-3,56.85,56.85,grams,,,,56.85,grams
Steamed Green Beans,SUB-030310-4-001,,,,,,,,,,,,,,,,,,,,,"FA-DE Oil, Olive /Öl, Olivenöl",PRO-00-139277-5,1.14,1.14,grams,,,,1.14,grams
Steamed Green Beans,SUB-030310-4-001,,,,,,,,,,,,,,,,,,,,,"FA-DE Spice, Sea Salt /Gewürze, Meersalz",SPI-00-139378-5,0.14,0.14,grams,,,,0.14,grams
Steamed Potato Batch,SUB-013509-4-001,,,,,,,,,,,,,,,,,,,,,"FA-DE Potatoes, Diced 10mm /Kartoffeln, gewürfelt, 10 mm",PHF-00-139219-3,83010,83010,grams,,,,83010,grams
Steamed Sweet Potato,SUB-013509-4-002,,,,,,,,,,,,,,,,,,,,,"FA-DE Potatoes, Sweet, Diced 10mm /Kartoffeln, süß, gewürfelt 10 mm",PHF-00-139221-3,748.43,748.43,grams,,,,748.43,grams
Stroganoff Sauce (thick sliced),SUB-014176-4-001,,,,,,,,,,,,,,,,,,,,,"FA-DE Oil, Olive /Öl, Olivenöl",PRO-00-139277-5,3.12,3.12,grams,,,,3.12,grams
Stroganoff Sauce (thick sliced),SUB-014176-4-001,,,,,,,,,,,,,,,,,,,,,"FA-DE Mushroom, Button, Sliced, Washed /Pilz, Knopf, geschnitten, gewaschen",PHF-00-139206-3,18.71,18.71,grams,,,,18.71,grams
Stroganoff Sauce (thick sliced),SUB-014176-4-001,,,,,,,,,,,,,,,,,,,,,"FA-DE Wine, Red/Wein, rot",PRO-00-139302-5,2.84,2.84,grams,SCHWEFELDIOXIDE UND SULFITE,,,2.84,grams
Stroganoff Sauce (thick sliced),SUB-014176-4-001,,,,,,,,,,,,,,,,,,,,,"FA-DE Cheese, Cream, 13% Fat (Milk) /Käse, Sahne, 13% Fett",DAI-00-139122-3,5.95,5.95,grams,MILCH (EINSCHLIESSLICH LAKTOSE),,,5.95,grams
Stroganoff Sauce (thick sliced),SUB-014176-4-001,,,,,,,,,,,,,,,,,,,,,"FA-DE Mustard, Dijon /Senf, Dijon",PRO-00-139276-5,1.42,1.42,grams,SENF,,,1.42,grams
Stroganoff Sauce (thick sliced),SUB-014176-4-001,,,,,,,,,,,,,,,,,,,,,"FA-DE Onion, Spanish, Diced 5mm /Zwiebel, Spanisch, gewürfelt 5 mm",PHF-00-139212-3,5.95,5.95,grams,,,,5.95,grams
Stroganoff Sauce (thick sliced),SUB-014176-4-001,,,,,,,,,,,,,,,,,,,,,"FA-DE Spice, Porcini Mushroom Powder /Gewürz, Steinpilzpulver",SPI-00-139375-5,0.28,0.28,grams,,,,0.28,grams
Stroganoff Sauce (thick sliced),SUB-014176-4-001,,,,,,,,,,,,,,,,,,,,,"FA-DE Thyme, IQF /Thymian, IQF",PHF-00-139244-1,0.28,0.28,grams,,,,0.28,grams
Stroganoff Sauce (thick sliced),SUB-014176-4-001,,,,,,,,,,,,,,,,,,,,,FA-DE Water / Wasser,OTH-00-144038-5,0.85,0.85,grams,,,,0.85,grams
Stroganoff Sauce (thick sliced),SUB-014176-4-001,,,,,,,,,,,,,,,,,,,,,"FA-DE Garlic, IQF, Diced 4 mm /Knoblauch, IQF, gewürfelt 4 mm",PHF-00-139237-1,2.84,2.84,grams,SCHWEFELDIOXIDE UND SULFITE,,,2.84,grams
Stroganoff Sauce (thick sliced),SUB-014176-4-001,,,,,,,,,,,,,,,,,,,,,FA-DE Heavy Cream 20% /Sahne 20%,DAI-00-139137-3,0.85,0.85,grams,MILCH (EINSCHLIESSLICH LAKTOSE),,,0.85,grams
Stroganoff Sauce (thick sliced),SUB-014176-4-001,,,,,,,,,,,,,,,,,,,,,"FA-DE Spice, Sea Salt /Gewürze, Meersalz",SPI-00-139378-5,0.28,0.28,grams,,,,0.28,grams
Stroganoff Sauce (thick sliced),SUB-014176-4-001,,,,,,,,,,,,,,,,,,,,,FA-DE Sour Cream /Sauerrahm,DAI-00-139141-3,4,4,grams,MILCH (EINSCHLIESSLICH LAKTOSE),,,4,grams
Stroganoff Sauce (thick sliced),SUB-014176-4-001,,,,,,,,,,,,,,,,,,,,,"FA-DE Stock, Chicken, Reduced/Brühe, Huhn, Reduziert",PRO-00-139288-5,1.98,1.98,grams,,,,1.98,grams
Sunflower seeds - Vegetable Ratatouille Toasted Seed Garnish,SUB-013826-4-001,,,,,,,,,,,,,,,,,,,,,FA-DE Honey /Honig – Masse,PRO-00-139266-5,5550,5550,grams,,,,5550,grams
Sunflower seeds - Vegetable Ratatouille Toasted Seed Garnish,SUB-013826-4-001,,,,,,,,,,,,,,,,,,,,,FA-DE Sunflower Seeds /Sonnenblumenkerne,DRY-00-139172-5,87500,87500,grams,,,,87500,grams
Sunflower seeds - Vegetable Ratatouille Toasted Seed Garnish,SUB-013826-4-001,,,,,,,,,,,,,,,,,,,,,"FA-DE Spice, Sea Salt /Gewürze, Meersalz",SPI-00-139378-5,416.74,416.74,grams,,,,416.74,grams
Sunflower seeds - Vegetable Ratatouille Toasted Seed Garnish,SUB-013826-4-001,,,,,,,,,,,,,,,,,,,,,"FA-DE Oil, Olive /Öl, Olivenöl",PRO-00-139277-5,3610,3610,grams,,,,3610,grams
Sunflower seeds - Vegetable Ratatouille Toasted Seed Garnish,SUB-013826-4-001,,,,,,,,,,,,,,,,,,,,,"FA-DE Spice, Black Pepper, Ground /Gewürz, schwarzer Pfeffer, gemahlen",SPI-00-139334-5,2080,2080,grams,,,,2080,grams
Teriyaki Sauce,SUB-016332-4-001,,,,,,,,,,,,,,,,,,,,,"FA-DE Oil, Sesame Seed, Toasted /Öl, Sesamsamen, geröstet",PRO-00-139280-5,34.5,34.5,grams,SESAMSAMEN,,,34.5,grams
Teriyaki Sauce,SUB-016332-4-001,,,,,,,,,,,,,,,,,,,,,"FA-DE Juice, Orange /Saft, Orange",PRO-00-139267-5,69,69,grams,,,,69,grams
Teriyaki Sauce,SUB-016332-4-001,,,,,,,,,,,,,,,,,,,,,FA-DE Honey /Honig – Masse,PRO-00-139266-5,34.5,34.5,grams,,,,34.5,grams
Teriyaki Sauce,SUB-016332-4-001,,,,,,,,,,,,,,,,,,,,,"FA-DE Tamari, Reduced Sodium Soy Sauce /Tamari, natriumreduzierte Sojasauce",PRO-00-139291-5,50.6,50.6,grams,SOJA,,,50.6,grams
Teriyaki Sauce,SUB-016332-4-001,,,,,,,,,,,,,,,,,,,,,FA-DE Water / Wasser,OTH-00-144038-5,53,53,grams,,,,53,grams
Teriyaki Sauce,SUB-016332-4-001,,,,,,,,,,,,,,,,,,,,,"FA-DE Spice, Garlic Granulated /Gewürz, Knoblauch granuliert",SPI-00-139353-5,2.1,2.1,grams,,,,2.1,grams
Teriyaki Sauce,SUB-016332-4-001,,,,,,,,,,,,,,,,,,,,,"FA-DE Spice, Onion Granulated /Gewürze, Zwiebeln granuliert",SPI-00-139370-5,3.4,3.4,grams,,,,3.4,grams
Teriyaki Sauce,SUB-016332-4-001,,,,,,,,,,,,,,,,,,,,,"FA-DE Spice, Ginger Ground /Gewürze, gemahlener Ingwer",SPI-00-139355-5,2.1,2.1,grams,,,,2.1,grams
Teriyaki Sauce,SUB-016332-4-001,,,,,,,,,,,,,,,,,,,,,"FA-DE Sugar, Coconut /Zucker, Kokosnuss",DRY-00-139171-5,34.5,34.5,grams,,,,34.5,grams
Teriyaki Sauce,SUB-016332-4-001,,,,,,,,,,,,,,,,,,,,,"FA-DE Vinegar, Rice /Essig, Reis",PRO-00-139300-5,13.8,13.8,grams,,,,13.8,grams
Teriyaki Sauce,SUB-016332-4-001,Xanthan/Tapioca Slurry,SUB-016333-4-001,20.7,grams,"BLAST CHILLER, IMMERSION BLENDER",,,,,,,,,,,,,,,,"FA-DE Starch, Tapioca /Stärke, Tapioka",DRY-00-139170-5,5.13,5.13,grams,,,1.0,5.13,grams
Teriyaki Sauce,SUB-016332-4-001,Xanthan/Tapioca Slurry,SUB-016333-4-001,20.7,grams,"BLAST CHILLER, IMMERSION BLENDER",,,,,,,,,,,,,,,,FA-DE Water / Wasser,OTH-00-144038-5,15.52,15.52,grams,,,1.0,15.52,grams
Teriyaki Sauce,SUB-016332-4-001,Xanthan/Tapioca Slurry,SUB-016333-4-001,20.7,grams,"BLAST CHILLER, IMMERSION BLENDER",,,,,,,,,,,,,,,,"FA-DE Gum, Xanthan /Gummi, Xanthan",DRY-00-139153-5,0.04,0.04,grams,,,1.0,0.04,grams
Thawed & Squeezed Frozen Spinach,SUB-013405-4-001,,,,,,,,,,,,,,,,,,,,,"FA-DE Spinach, Frozen Leaf/Spinat, gefrorener Blattspinat",PHF-00-139242-1,2310,2310,grams,,,,2310,grams
Toasted Garlic Zucchini - Half moons 3 - half salt,SUB-030364-4-001,,,,,,,,,,,,,,,,,,,,,"FA-DE Zucchini, Half Moon /Zucchini, Mondwürfel",PHF-00-139231-3,49.45,49.45,grams,,,,49.45,grams
Toasted Garlic Zucchini - Half moons 3 - half salt,SUB-030364-4-001,,,,,,,,,,,,,,,,,,,,,"FA-DE Oil, Olive /Öl, Olivenöl",PRO-00-139277-5,0.66,0.66,grams,,,,0.66,grams
Toasted Garlic Zucchini - Half moons 3 - half salt,SUB-030364-4-001,,,,,,,,,,,,,,,,,,,,,"FA-DE Spice, Minced Garlic, Toasted, Dry /Gewürz, gehackter Knoblauch, geröstet, trocken",SPI-00-139367-5,0.35,0.35,grams,,,,0.35,grams
Toasted Garlic Zucchini - Half moons 3 - half salt,SUB-030364-4-001,,,,,,,,,,,,,,,,,,,,,"FA-DE Spice, Sea Salt /Gewürze, Meersalz",SPI-00-139378-5,0.09,0.09,grams,,,,0.09,grams
Toasted Garlic Zucchini - Half moons 3 - half salt,SUB-030364-4-001,,,,,,,,,,,,,,,,,,,,,"FA-DE Spice, Black Pepper, Ground /Gewürz, schwarzer Pfeffer, gemahlen",SPI-00-139334-5,0.07,0.07,grams,,,,0.07,grams
Toasted garlic cream,SUB-015142-4-001,,,,,,,,,,,,,,,,,,,,,FA-DE Heavy Cream 20% /Sahne 20%,DAI-00-139137-3,8.51,8.51,grams,MILCH (EINSCHLIESSLICH LAKTOSE),,,8.51,grams
Toasted garlic cream,SUB-015142-4-001,,,,,,,,,,,,,,,,,,,,,"FA-DE Milk, Whole /Milch, voll",DAI-00-139142-3,24.1,24.1,grams,MILCH (EINSCHLIESSLICH LAKTOSE),,,24.1,grams
Toasted garlic cream,SUB-015142-4-001,,,,,,,,,,,,,,,,,,,,,"FA-DE Cheese, Cream, 13% Fat (Milk) /Käse, Sahne, 13% Fett",DAI-00-139122-3,19.85,19.85,grams,MILCH (EINSCHLIESSLICH LAKTOSE),,,19.85,grams
Toasted garlic cream,SUB-015142-4-001,,,,,,,,,,,,,,,,,,,,,"FA-DE Stock, Chicken, Reduced/Brühe, Huhn, Reduziert",PRO-00-139288-5,2.27,2.27,grams,,,,2.27,grams
Toasted garlic cream,SUB-015142-4-001,,,,,,,,,,,,,,,,,,,,,"FA-DE Spice, Black Pepper, Ground /Gewürz, schwarzer Pfeffer, gemahlen",SPI-00-139334-5,0.1,0.1,grams,,,,0.1,grams
Toasted garlic cream,SUB-015142-4-001,,,,,,,,,,,,,,,,,,,,,"FA-DE Chives, Dried /Schnittlauch, getrocknet",SPI-00-139322-5,0.57,0.57,grams,,,,0.57,grams
Toasted garlic cream,SUB-015142-4-001,,,,,,,,,,,,,,,,,,,,,"FA-DE Spice, Onion Powder, Toasted /Gewürze, Zwiebelpulver, geröstet",SPI-00-139371-5,0.57,0.57,grams,,,,0.57,grams
Toasted garlic cream,SUB-015142-4-001,,,,,,,,,,,,,,,,,,,,,"FA-DE Spice, Garlic Powder, Toasted /Gewürz, Knoblauchpulver, geröstet",SPI-00-139354-5,0.85,0.85,grams,,,,0.85,grams
Toasted garlic cream,SUB-015142-4-001,,,,,,,,,,,,,,,,,,,,,"FA-DE Spice, Minced Garlic, Toasted, Dry /Gewürz, gehackter Knoblauch, geröstet, trocken",SPI-00-139367-5,0.85,0.85,grams,,,,0.85,grams
Toasted garlic cream,SUB-015142-4-001,,,,,,,,,,,,,,,,,,,,,"FA-DE Spice, Sea Salt /Gewürze, Meersalz",SPI-00-139378-5,0.25,0.25,grams,,,,0.25,grams
Toasted garlic cream,SUB-015142-4-001,,,,,,,,,,,,,,,,,,,,,"FA-DE Cheese, Parmesan, Grated /Käse, Parmesan, gerieben",DAI-00-139127-3,11.34,11.34,grams,MILCH (EINSCHLIESSLICH LAKTOSE),,,11.34,grams
Tomato & Feta Sauce - Chunky,SUB-029195-4-001,Concentrated Tomatoes - Diluted (90/10),SUB-029194-4-001,5.01,grams,HAND MIX,,,,,,,,,,,,,,,,"FA-DE Tomatoes, Concentrated Crushed /Tomaten, konzentriert, zerkleinert",PRO-00-139293-5,4.51,4.51,grams,,,1.0,4.51,grams
Tomato & Feta Sauce - Chunky,SUB-029195-4-001,Concentrated Tomatoes - Diluted (90/10),SUB-029194-4-001,5.01,grams,HAND MIX,,,,,,,,,,,,,,,,FA-DE Water / Wasser,OTH-00-144038-5,0.5,0.5,grams,,,1.0,0.5,grams
Tomato & Feta Sauce - Chunky,SUB-029195-4-001,,,,,,,,,,,,,,,,,,,,,"FA-DE Oil, Olive /Öl, Olivenöl",PRO-00-139277-5,2.5,2.5,grams,,,,2.5,grams
Tomato & Feta Sauce - Chunky,SUB-029195-4-001,,,,,,,,,,,,,,,,,,,,,"FA-DE Onion, Spanish, Diced 5mm /Zwiebel, Spanisch, gewürfelt 5 mm",PHF-00-139212-3,10.02,10.02,grams,,,,10.02,grams
Tomato & Feta Sauce - Chunky,SUB-029195-4-001,,,,,,,,,,,,,,,,,,,,,"FA-DE Garlic, IQF, Diced 4 mm /Knoblauch, IQF, gewürfelt 4 mm",PHF-00-139237-1,3.76,3.76,grams,SCHWEFELDIOXIDE UND SULFITE,,,3.76,grams
Tomato & Feta Sauce - Chunky,SUB-029195-4-001,,,,,,,,,,,,,,,,,,,,,"FA-DE Spice, Garlic Powder, Toasted /Gewürz, Knoblauchpulver, geröstet",SPI-00-139354-5,0.38,0.38,grams,,,,0.38,grams
Tomato & Feta Sauce - Chunky,SUB-029195-4-001,,,,,,,,,,,,,,,,,,,,,"FA-DE Spice, Onion Powder, Toasted /Gewürze, Zwiebelpulver, geröstet",SPI-00-139371-5,0.38,0.38,grams,,,,0.38,grams
Tomato & Feta Sauce - Chunky,SUB-029195-4-001,,,,,,,,,,,,,,,,,,,,,"FA-DE Spice, Oregano Dry /Gewürz, Oregano trocken",SPI-00-139372-5,0.15,0.15,grams,,,,0.15,grams
Tomato & Feta Sauce - Chunky,SUB-029195-4-001,,,,,,,,,,,,,,,,,,,,,"FA-DE Spice, Black Pepper, Ground /Gewürz, schwarzer Pfeffer, gemahlen",SPI-00-139334-5,0.08,0.08,grams,,,,0.08,grams
Tomato & Feta Sauce - Chunky,SUB-029195-4-001,,,,,,,,,,,,,,,,,,,,,"FA-DE Spice, Dill Dried /Gewürz, Dill getrocknet",SPI-00-139349-5,0.05,0.05,grams,,,,0.05,grams
Tomato & Feta Sauce - Chunky,SUB-029195-4-001,,,,,,,,,,,,,,,,,,,,,"FA-DE Spice, Marjoram Dried /Gewürz, Majoran getrocknet",SPI-00-139366-5,0.02,0.02,grams,,,,0.02,grams
Tomato & Feta Sauce - Chunky,SUB-029195-4-001,,,,,,,,,,,,,,,,,,,,,"FA-DE Cheese, Feta /Käse, Feta",DAI-00-144309-3,8.54,8.54,grams,MILCH (EINSCHLIESSLICH LAKTOSE),,,8.54,grams
Tomato & Feta Sauce - Chunky,SUB-029195-4-001,,,,,,,,,,,,,,,,,,,,,"FA-DE Parsley, Chopped /Petersilie, gehackt",PHF-00-139215-3,0.32,0.32,grams,,,,0.32,grams
Tomato & Feta Sauce - Chunky,SUB-029195-4-001,,,,,,,,,,,,,,,,,,,,,"FA-DE Spice, Sea Salt /Gewürze, Meersalz",SPI-00-139378-5,0.3,0.3,grams,,,,0.3,grams
Tomato & Feta Sauce - Chunky,SUB-029195-4-001,Tomato Basil mix,SUB-032595-4-001,38.95,grams,IMMERSION BLENDER,Basil - Picked Basil Leaves,SUB-013424-4-001,0.26,grams,"DEBOX, STAGING",,,,,,,,,,,"FA-DE Basil, Fresh /Basilikum, frisch",PHF-00-139175-3,0.46,0.46,grams,,,0.55986,0.46,grams
Tomato & Feta Sauce - Chunky,SUB-029195-4-001,Tomato Basil mix,SUB-032595-4-001,38.95,grams,IMMERSION BLENDER,,,,,,,,,,,,,,,,"FA-DE Tomatoes, Diced, BiB/Tomaten, gewürfelt, BiB",PRO-00-139295-5,39.49,39.49,grams,,,0.97997,39.49,grams
Tomato Basil mix,SUB-032595-4-001,Basil - Picked Basil Leaves,SUB-013424-4-001,0.25,grams,"DEBOX, STAGING",,,,,,,,,,,,,,,,"FA-DE Basil, Fresh /Basilikum, frisch",PHF-00-139175-3,0.45,0.45,grams,,,0.55986,0.45,grams
Tomato Basil mix,SUB-032595-4-001,,,,,,,,,,,,,,,,,,,,,"FA-DE Tomatoes, Diced, BiB/Tomaten, gewürfelt, BiB",PRO-00-139295-5,38.7,38.7,grams,,,,38.7,grams
Tomato Ground Beef Mix,SUB-013949-4-001,,,,,,,,,,,,,,,,,,,,,"FA-DE Tomatoes, Crushed /Tomaten, zerkleinert",PRO-00-139294-5,400,400,grams,,,,400,grams
Tomato Ground Beef Mix,SUB-013949-4-001,,,,,,,,,,,,,,,,,,,,,"FA-DE Onion, Spanish, Diced 10mm /Zwiebel, Spanisch, gewürfelt 10 mm",PHF-00-139209-3,142.88,142.88,grams,,,,142.88,grams
Tomato Ground Beef Mix,SUB-013949-4-001,,,,,,,,,,,,,,,,,,,,,"FA-DE Spice, Sea Salt /Gewürze, Meersalz",SPI-00-139378-5,2.83,2.83,grams,,,,2.83,grams
Tomato Ground Beef Mix,SUB-013949-4-001,,,,,,,,,,,,,,,,,,,,,"FA-DE Spice, Garlic Granulated /Gewürz, Knoblauch granuliert",SPI-00-139353-5,5.66,5.66,grams,,,,5.66,grams
Tomato Ground Beef Mix,SUB-013949-4-001,,,,,,,,,,,,,,,,,,,,,"FA-DE Stock, Chicken, Reduced/Brühe, Huhn, Reduziert",PRO-00-139288-5,26.64,26.64,grams,,,,26.64,grams
Tomato Ground Beef Mix,SUB-013949-4-001,Ground Beef - cooked,SUB-013435-4-001,822.13,grams,"BLAST CHILLER, BRAISER",,,,,,,,,,,,,,,,"FA-DE Beef, Ground, 80/20 /Rindfleisch, gemahlen, 80/20",PTN-00-139319-3,1152.61,1152.61,grams,,,0.71328,1152.61,grams
Tomato Ground Beef Mix,SUB-013949-4-001,,,,,,,,,,,,,,,,,,,,,"FA-DE Spice, Black Pepper, Ground /Gewürz, schwarzer Pfeffer, gemahlen",SPI-00-139334-5,1.13,1.13,grams,,,,1.13,grams
Tomato Ground Beef Mix,SUB-013949-4-001,,,,,,,,,,,,,,,,,,,,,"FA-DE Spice, Mustard Seed Ground, Dry /Gewürz, Senfkörner gemahlen, Trockenmasse",SPI-00-139369-5,1.7,1.7,grams,SENF,,,1.7,grams
Tomato Ground Beef Mix,SUB-013949-4-001,,,,,,,,,,,,,,,,,,,,,"FA-DE Cheese, Parmesan, Grated /Käse, Parmesan, gerieben",DAI-00-139127-3,15.3,15.3,grams,MILCH (EINSCHLIESSLICH LAKTOSE),,,15.3,grams
Tomato Ground Beef Mix,SUB-013949-4-001,,,,,,,,,,,,,,,,,,,,,"FA-DE Spice, Crushed Red Pepper Flakes /Gewürz, zerkleinerte rote Pfefferflocken",SPI-00-139344-5,0.85,0.85,grams,,,,0.85,grams
Tomato Ground Beef Mix,SUB-013949-4-001,,,,,,,,,,,,,,,,,,,,,"FA-DE Spice, Onion Powder, Toasted /Gewürze, Zwiebelpulver, geröstet",SPI-00-139371-5,4.25,4.25,grams,,,,4.25,grams
Tomato Ground Beef Mix,SUB-013949-4-001,,,,,,,,,,,,,,,,,,,,,"FA-DE Oil, Olive /Öl, Olivenöl",PRO-00-139277-5,18,18,grams,,,,18,grams
Tomatoes - Roasted cherry tomatoes,SUB-013627-4-001,,,,,,,,,,,,,,,,,,,,,"FA-DE Tomatoes, Cherry/Tomaten, Kirsche",PHF-00-139190-3,850.49,850.49,grams,,,,850.49,grams
Tomatoes - Roasted cherry tomatoes,SUB-013627-4-001,,,,,,,,,,,,,,,,,,,,,"FA-DE Oil, Olive /Öl, Olivenöl",PRO-00-139277-5,8.5,8.5,grams,,,,8.5,grams
Tomatoes - Roasted cherry tomatoes,SUB-013627-4-001,,,,,,,,,,,,,,,,,,,,,"FA-DE Spice, Sea Salt /Gewürze, Meersalz",SPI-00-139378-5,0.28,0.28,grams,,,,0.28,grams
Tuscan Marinade,SUB-031711-4-001,,,,,,,,,,,,,,,,,,,,,"FA-DE Oil, Olive /Öl, Olivenöl",PRO-00-139277-5,7.44,7.44,grams,,,,7.44,grams
Tuscan Marinade,SUB-031711-4-001,,,,,,,,,,,,,,,,,,,,,"FA-DE Garlic, IQF, Diced 4 mm /Knoblauch, IQF, gewürfelt 4 mm",PHF-00-139237-1,1.98,1.98,grams,SCHWEFELDIOXIDE UND SULFITE,,,1.98,grams
Tuscan Marinade,SUB-031711-4-001,,,,,,,,,,,,,,,,,,,,,"FA-DE Spice, Black Pepper, Ground /Gewürz, schwarzer Pfeffer, gemahlen",SPI-00-139334-5,0.16,0.16,grams,,,,0.16,grams
Tuscan Marinade,SUB-031711-4-001,Tuscan Spice,SUB-013784-4-001,1.17,grams,"HAND MIX, SPICE PORTIONING",,,,,,,,,,,,,,,,"FA-DE Spice, Fennel Ground /Gewürz, Fenchel gemahlen",SPI-00-139351-5,0.1,0.1,grams,,,0.98006,0.1,grams
Tuscan Marinade,SUB-031711-4-001,Tuscan Spice,SUB-013784-4-001,1.17,grams,"HAND MIX, SPICE PORTIONING",,,,,,,,,,,,,,,,"FA-DE Spice, Basil, Dried /Gewürz, Basilikum, getrocknet",SPI-00-139331-5,0.31,0.31,grams,,,0.98006,0.31,grams
Tuscan Marinade,SUB-031711-4-001,Tuscan Spice,SUB-013784-4-001,1.17,grams,"HAND MIX, SPICE PORTIONING",,,,,,,,,,,,,,,,"FA-DE Spice, Cayenne Pepper /Gewürz, Cayennepfeffer",SPI-00-139339-5,0.05,0.05,grams,,,0.98006,0.05,grams
Tuscan Marinade,SUB-031711-4-001,Tuscan Spice,SUB-013784-4-001,1.17,grams,"HAND MIX, SPICE PORTIONING",,,,,,,,,,,,,,,,"FA-DE Spice, Oregano Dry /Gewürz, Oregano trocken",SPI-00-139372-5,0.21,0.21,grams,,,0.98006,0.21,grams
Tuscan Marinade,SUB-031711-4-001,Tuscan Spice,SUB-013784-4-001,1.17,grams,"HAND MIX, SPICE PORTIONING",,,,,,,,,,,,,,,,"FA-DE Spice, Rosemary, Powder /Gewürz, Rosmarin, Pulver",SPI-00-139376-5,0.21,0.21,grams,,,0.98006,0.21,grams
Tuscan Marinade,SUB-031711-4-001,Tuscan Spice,SUB-013784-4-001,1.17,grams,"HAND MIX, SPICE PORTIONING",,,,,,,,,,,,,,,,"FA-DE Spice, Garlic Granulated /Gewürz, Knoblauch granuliert",SPI-00-139353-5,0.31,0.31,grams,,,0.98006,0.31,grams
Tuscan Marinade,SUB-031711-4-001,,,,,,,,,,,,,,,,,,,,,"FA-DE Spice, Sea Salt /Gewürze, Meersalz",SPI-00-139378-5,0.2,0.2,grams,,,,0.2,grams
Tuscan Shrimp Batch 2,SUB-030357-4-001,Frozen Shrimp - Thawed,SUB-029188-4-001,125.47,grams,"BLAST CHILLER, MARINADE, OVEN, THAW",,,,,,,,,,,,,,,,FA-DE Prawns 21/25 /Garnelen 21/25 - IQF,PTN-00-139321-1,156.85,156.85,grams,KREBSTIERE,,0.29194,156.85,grams
Tuscan Shrimp Batch 2,SUB-030357-4-001,Frozen Shrimp - Thawed,SUB-029188-4-001,125.47,grams,"BLAST CHILLER, MARINADE, OVEN, THAW",,,,,,,,,,,,,,,,FA-DE Water / Wasser,OTH-00-144038-5,235.28,235.28,grams,,,0.29194,235.28,grams
Tuscan Shrimp Batch 2,SUB-030357-4-001,Frozen Shrimp - Thawed,SUB-029188-4-001,125.47,grams,"BLAST CHILLER, MARINADE, OVEN, THAW",,,,,,,,,,,,,,,,FA-DE Water / Wasser,OTH-00-144038-5,37.65,37.65,grams,,,0.29194,37.65,grams
Tuscan Shrimp Batch 2,SUB-030357-4-001,Tuscan Marinade,SUB-031711-4-001,9.89,grams,IMMERSION BLENDER,,,,,,,,,,,,,,,,"FA-DE Oil, Olive /Öl, Olivenöl",PRO-00-139277-5,6.98,6.98,grams,,,0.96256,6.98,grams
Tuscan Shrimp Batch 2,SUB-030357-4-001,Tuscan Marinade,SUB-031711-4-001,9.89,grams,IMMERSION BLENDER,,,,,,,,,,,,,,,,"FA-DE Garlic, IQF, Diced 4 mm /Knoblauch, IQF, gewürfelt 4 mm",PHF-00-139237-1,1.86,1.86,grams,SCHWEFELDIOXIDE UND SULFITE,,0.96256,1.86,grams
Tuscan Shrimp Batch 2,SUB-030357-4-001,Tuscan Marinade,SUB-031711-4-001,9.89,grams,IMMERSION BLENDER,,,,,,,,,,,,,,,,"FA-DE Spice, Black Pepper, Ground /Gewürz, schwarzer Pfeffer, gemahlen",SPI-00-139334-5,0.15,0.15,grams,,,0.96256,0.15,grams
Tuscan Shrimp Batch 2,SUB-030357-4-001,Tuscan Marinade,SUB-031711-4-001,9.89,grams,IMMERSION BLENDER,Tuscan Spice,SUB-013784-4-001,1.1,grams,"HAND MIX, SPICE PORTIONING",,,,,,,,,,,"FA-DE Spice, Fennel Ground /Gewürz, Fenchel gemahlen",SPI-00-139351-5,0.1,0.1,grams,,,0.98006,0.1,grams
Tuscan Shrimp Batch 2,SUB-030357-4-001,Tuscan Marinade,SUB-031711-4-001,9.89,grams,IMMERSION BLENDER,Tuscan Spice,SUB-013784-4-001,1.1,grams,"HAND MIX, SPICE PORTIONING",,,,,,,,,,,"FA-DE Spice, Basil, Dried /Gewürz, Basilikum, getrocknet",SPI-00-139331-5,0.29,0.29,grams,,,0.98006,0.29,grams
Tuscan Shrimp Batch 2,SUB-030357-4-001,Tuscan Marinade,SUB-031711-4-001,9.89,grams,IMMERSION BLENDER,Tuscan Spice,SUB-013784-4-001,1.1,grams,"HAND MIX, SPICE PORTIONING",,,,,,,,,,,"FA-DE Spice, Cayenne Pepper /Gewürz, Cayennepfeffer",SPI-00-139339-5,0.05,0.05,grams,,,0.98006,0.05,grams
Tuscan Shrimp Batch 2,SUB-030357-4-001,Tuscan Marinade,SUB-031711-4-001,9.89,grams,IMMERSION BLENDER,Tuscan Spice,SUB-013784-4-001,1.1,grams,"HAND MIX, SPICE PORTIONING",,,,,,,,,,,"FA-DE Spice, Oregano Dry /Gewürz, Oregano trocken",SPI-00-139372-5,0.19,0.19,grams,,,0.98006,0.19,grams
Tuscan Shrimp Batch 2,SUB-030357-4-001,Tuscan Marinade,SUB-031711-4-001,9.89,grams,IMMERSION BLENDER,Tuscan Spice,SUB-013784-4-001,1.1,grams,"HAND MIX, SPICE PORTIONING",,,,,,,,,,,"FA-DE Spice, Rosemary, Powder /Gewürz, Rosmarin, Pulver",SPI-00-139376-5,0.19,0.19,grams,,,0.98006,0.19,grams
Tuscan Shrimp Batch 2,SUB-030357-4-001,Tuscan Marinade,SUB-031711-4-001,9.89,grams,IMMERSION BLENDER,Tuscan Spice,SUB-013784-4-001,1.1,grams,"HAND MIX, SPICE PORTIONING",,,,,,,,,,,"FA-DE Spice, Garlic Granulated /Gewürz, Knoblauch granuliert",SPI-00-139353-5,0.29,0.29,grams,,,0.98006,0.29,grams
Tuscan Shrimp Batch 2,SUB-030357-4-001,Tuscan Marinade,SUB-031711-4-001,9.89,grams,IMMERSION BLENDER,,,,,,,,,,,,,,,,"FA-DE Spice, Sea Salt /Gewürze, Meersalz",SPI-00-139378-5,0.19,0.19,grams,,,0.96256,0.19,grams
Tuscan Spice,SUB-013784-4-001,,,,,,,,,,,,,,,,,,,,,"FA-DE Spice, Fennel Ground /Gewürz, Fenchel gemahlen",SPI-00-139351-5,2.84,2.84,grams,,,,2.84,grams
Tuscan Spice,SUB-013784-4-001,,,,,,,,,,,,,,,,,,,,,"FA-DE Spice, Basil, Dried /Gewürz, Basilikum, getrocknet",SPI-00-139331-5,8.5,8.5,grams,,,,8.5,grams
Tuscan Spice,SUB-013784-4-001,,,,,,,,,,,,,,,,,,,,,"FA-DE Spice, Cayenne Pepper /Gewürz, Cayennepfeffer",SPI-00-139339-5,1.42,1.42,grams,,,,1.42,grams
Tuscan Spice,SUB-013784-4-001,,,,,,,,,,,,,,,,,,,,,"FA-DE Spice, Oregano Dry /Gewürz, Oregano trocken",SPI-00-139372-5,5.67,5.67,grams,,,,5.67,grams
Tuscan Spice,SUB-013784-4-001,,,,,,,,,,,,,,,,,,,,,"FA-DE Spice, Rosemary, Powder /Gewürz, Rosmarin, Pulver",SPI-00-139376-5,5.67,5.67,grams,,,,5.67,grams
Tuscan Spice,SUB-013784-4-001,,,,,,,,,,,,,,,,,,,,,"FA-DE Spice, Garlic Granulated /Gewürz, Knoblauch granuliert",SPI-00-139353-5,8.5,8.5,grams,,,,8.5,grams
Veg for Meatloaf/Meatball,SUB-014228-4-001,,,,,,,,,,,,,,,,,,,,,"FA-DE Oil, Olive /Öl, Olivenöl",PRO-00-139277-5,0.27,0.27,grams,,,,0.27,grams
Veg for Meatloaf/Meatball,SUB-014228-4-001,,,,,,,,,,,,,,,,,,,,,"FA-DE Spice, Onion Powder, Toasted /Gewürze, Zwiebelpulver, geröstet",SPI-00-139371-5,0.14,0.14,grams,,,,0.14,grams
Veg for Meatloaf/Meatball,SUB-014228-4-001,,,,,,,,,,,,,,,,,,,,,"FA-DE Spice, Garlic Powder, Toasted /Gewürz, Knoblauchpulver, geröstet",SPI-00-139354-5,0.14,0.14,grams,,,,0.14,grams
Veg for Meatloaf/Meatball,SUB-014228-4-001,,,,,,,,,,,,,,,,,,,,,"FA-DE Spice, Sea Salt /Gewürze, Meersalz",SPI-00-139378-5,0.03,0.03,grams,,,,0.03,grams
Veg for Meatloaf/Meatball,SUB-014228-4-001,,,,,,,,,,,,,,,,,,,,,"FA-DE Celery, Diced 5mm /Sellerie, gewürfelt 5 mm",PHF-00-139189-3,4.13,4.13,grams,SELLERIE,,,4.13,grams
Veg for Meatloaf/Meatball,SUB-014228-4-001,,,,,,,,,,,,,,,,,,,,,"FA-DE Onion, Spanish, Diced 5mm /Zwiebel, Spanisch, gewürfelt 5 mm",PHF-00-139212-3,9.63,9.63,grams,,,,9.63,grams
Xanthan/Tapioca Slurry,SUB-016333-4-001,,,,,,,,,,,,,,,,,,,,,"FA-DE Starch, Tapioca /Stärke, Tapioka",DRY-00-139170-5,24.8,24.8,grams,,,,24.8,grams
Xanthan/Tapioca Slurry,SUB-016333-4-001,,,,,,,,,,,,,,,,,,,,,FA-DE Water / Wasser,OTH-00-144038-5,75,75,grams,,,,75,grams
Xanthan/Tapioca Slurry,SUB-016333-4-001,,,,,,,,,,,,,,,,,,,,,"FA-DE Gum, Xanthan /Gummi, Xanthan",DRY-00-139153-5,0.2,0.2,grams,,,,0.2,grams
