[2026-05-12T17:58:31.345Z] > command requires scopes: ["email","openid","https://www.googleapis.com/auth/cloudplatformprojects.readonly","https://www.googleapis.com/auth/firebase","https://www.googleapis.com/auth/cloud-platform"]
[2026-05-12T17:58:31.349Z] > authorizing via signed-in user (marcel.spindler@hellofresh.de)
i  emulators: Starting emulators: functions {"metadata":{"emulator":{"name":"hub"},"message":"Starting emulators: functions"}}
[2026-05-12T17:58:31.361Z] [logging] Logging Emulator only supports listening on one address (127.0.0.1). Not listening on ::1
[2026-05-12T17:58:31.362Z] assigned listening specs for emulators {"user":{"hub":[{"address":"127.0.0.1","family":"IPv4","port":4400},{"address":"::1","family":"IPv6","port":4400}],"ui":[{"address":"127.0.0.1","family":"IPv4","port":4000},{"address":"::1","family":"IPv6","port":4000}],"logging":[{"address":"127.0.0.1","family":"IPv4","port":4500}]},"metadata":{"message":"assigned listening specs for emulators"}}
[2026-05-12T17:58:31.367Z] Found emulator hub locator: {"version":"15.11.0","origins":["http://127.0.0.1:4400","http://[::1]:4400"],"pid":12160}
[2026-05-12T17:58:31.367Z] Write emulator hub locator at C:\Users\MARCEL~1\AppData\Local\Temp\hub-hellofresh-de-problem-solve.json
[2026-05-12T17:58:31.379Z] [functions] Functions Emulator only supports listening on one address (127.0.0.1). Not listening on ::1
[2026-05-12T17:58:31.380Z] [eventarc] Eventarc Emulator only supports listening on one address (127.0.0.1). Not listening on ::1
[2026-05-12T17:58:31.380Z] [tasks] Cloud Tasks Emulator only supports listening on one address (127.0.0.1). Not listening on ::1
[2026-05-12T17:58:31.380Z] late-assigned ports for functions and eventarc emulators {"user":{"hub":[{"address":"127.0.0.1","family":"IPv4","port":4400},{"address":"::1","family":"IPv6","port":4400}],"ui":[{"address":"127.0.0.1","family":"IPv4","port":4000},{"address":"::1","family":"IPv6","port":4000}],"logging":[{"address":"127.0.0.1","family":"IPv4","port":4500}],"functions":[{"address":"127.0.0.1","family":"IPv4","port":5001}],"eventarc":[{"address":"127.0.0.1","family":"IPv4","port":9299}],"tasks":[{"address":"127.0.0.1","family":"IPv4","port":9499}]},"metadata":{"message":"late-assigned ports for functions and eventarc emulators"}}
!  functions: The following emulators are not running, calls to these services from the Functions emulator will affect production: apphosting, auth, firestore, database, hosting, pubsub, storage, dataconnect {"metadata":{"emulator":{"name":"functions"},"message":"The following emulators are not running, calls to these services from the Functions emulator will affect production: \u001b[1mapphosting, auth, firestore, database, hosting, pubsub, storage, dataconnect\u001b[22m"}}
[2026-05-12T17:58:31.398Z] defaultcredentials: writing to file C:\Users\MarcelSpindler\AppData\Roaming\firebase\marcel_spindler_hellofresh.de_application_default_credentials.json
[2026-05-12T17:58:31.401Z] Setting GAC to C:\Users\MarcelSpindler\AppData\Roaming\firebase\marcel_spindler_hellofresh.de_application_default_credentials.json {"metadata":{"emulator":{"name":"functions"},"message":"Setting GAC to C:\\Users\\MarcelSpindler\\AppData\\Roaming\\firebase\\marcel_spindler_hellofresh.de_application_default_credentials.json"}}
[2026-05-12T17:58:31.402Z] Checked if tokens are valid: false, expires at: 1778607300809
[2026-05-12T17:58:31.403Z] Checked if tokens are valid: false, expires at: 1778607300809
[2026-05-12T17:58:31.403Z] > refreshing access token with scopes: []
[2026-05-12T17:58:31.405Z] >>> [apiv2][query] POST https://www.googleapis.com/oauth2/v3/token [none]
[2026-05-12T17:58:31.405Z] >>> [apiv2][body] POST https://www.googleapis.com/oauth2/v3/token [omitted]
[2026-05-12T17:58:31.576Z] <<< [apiv2][status] POST https://www.googleapis.com/oauth2/v3/token 200
[2026-05-12T17:58:31.576Z] <<< [apiv2][body] POST https://www.googleapis.com/oauth2/v3/token [omitted]
[2026-05-12T17:58:31.585Z] >>> [apiv2][query] GET https://firebase.googleapis.com/v1beta1/projects/hellofresh-de-problem-solve/adminSdkConfig [none]
[2026-05-12T17:58:32.078Z] <<< [apiv2][status] GET https://firebase.googleapis.com/v1beta1/projects/hellofresh-de-problem-solve/adminSdkConfig 200
[2026-05-12T17:58:32.079Z] <<< [apiv2][body] GET https://firebase.googleapis.com/v1beta1/projects/hellofresh-de-problem-solve/adminSdkConfig {"projectId":"hellofresh-de-problem-solve","storageBucket":"hellofresh-de-problem-solve.firebasestorage.app"}
i  functions: Watching "C:\rezeptlogik-app\functions" for Cloud Functions... {"metadata":{"emulator":{"name":"functions"},"message":"Watching \"C:\\rezeptlogik-app\\functions\" for Cloud Functions..."}}
[2026-05-12T17:58:32.108Z] Validating nodejs source
!  functions: package.json indicates an outdated version of firebase-functions. Please upgrade using npm install --save firebase-functions@latest in your functions directory. 
!  functions: Please note that there will be breaking changes when you upgrade. 
[2026-05-12T17:58:33.274Z] > [functions] package.json contents: {
  "name": "rezeptlogik-functions",
  "private": true,
  "main": "index.js",
  "engines": {
    "node": "22"
  },
  "dependencies": {
    "firebase-admin": "^13.0.1",
    "firebase-functions": "^6.0.1",
    "googleapis": "^144.0.0",
    "snowflake-sdk": "^2.4.1"
  }
}
[2026-05-12T17:58:33.275Z] Building nodejs source
[2026-05-12T17:58:33.276Z] Failed to find version of module node: reached end of search path C:\rezeptlogik-app\functions\node_modules
!  functions: Your requested "node" version "22" doesn't match your global version "24". Using node@24 from host. 
i  functions: Loaded environment variables from .env. 
[2026-05-12T17:58:33.280Z] Could not find functions.yaml. Must use http discovery
[2026-05-12T17:58:33.296Z] Found firebase-functions binary at 'C:\rezeptlogik-app\functions\node_modules\.bin\firebase-functions'
Serving at port 8624

[2026-05-12T17:58:36.057Z] Got response from /__/functions.yaml {"endpoints":{"refreshRampUp":{"availableMemoryMb":null,"timeoutSeconds":60,"minInstances":null,"maxInstances":null,"ingressSettings":null,"concurrency":null,"serviceAccountEmail":null,"vpc":null,"platform":"gcfv2","region":["europe-west3"],"labels":{},"httpsTrigger":{},"entryPoint":"refreshRampUp"},"wmsLive":{"availableMemoryMb":512,"timeoutSeconds":90,"minInstances":null,"maxInstances":null,"ingressSettings":null,"concurrency":null,"serviceAccountEmail":null,"vpc":null,"platform":"gcfv2","region":["europe-west3"],"labels":{},"httpsTrigger":{},"entryPoint":"wmsLive"}},"specVersion":"v1alpha1","requiredAPIs":[],"extensions":{}}
+  functions: Loaded functions definitions from source: refreshRampUp, wmsLive. {"metadata":{"emulator":{"name":"functions"},"message":"Loaded functions definitions from source: refreshRampUp, wmsLive."}}
+  functions[europe-west3-refreshRampUp]: http function initialized (http://127.0.0.1:5001/hellofresh-de-problem-solve/europe-west3/refreshRampUp). {"metadata":{"emulator":{"name":"functions"},"message":"\u001b[1mhttp\u001b[22m function initialized (http://127.0.0.1:5001/hellofresh-de-problem-solve/europe-west3/refreshRampUp)."}}
+  functions[europe-west3-wmsLive]: http function initialized (http://127.0.0.1:5001/hellofresh-de-problem-solve/europe-west3/wmsLive). {"metadata":{"emulator":{"name":"functions"},"message":"\u001b[1mhttp\u001b[22m function initialized (http://127.0.0.1:5001/hellofresh-de-problem-solve/europe-west3/wmsLive)."}}
[2026-05-12T17:58:40.154Z] Could not find VSCode notification endpoint: FetchError: request to http://localhost:40001/vscode/notify failed, reason: . If you are not running the Firebase Data Connect VSCode extension, this is expected and not an issue.

┌─────────────────────────────────────────────────────────────┐
│ ✔  All emulators ready! It is now safe to connect your app. │
│ i  View Emulator UI at http://127.0.0.1:4000/               │
└─────────────────────────────────────────────────────────────┘

┌───────────┬────────────────┬─────────────────────────────────┐
│ Emulator  │ Host:Port      │ View in Emulator UI             │
├───────────┼────────────────┼─────────────────────────────────┤
│ Functions │ 127.0.0.1:5001 │ http://127.0.0.1:4000/functions │
└───────────┴────────────────┴─────────────────────────────────┘
  Emulator Hub host: 127.0.0.1 port: 4400
  Other reserved ports: 4500

Issues? Report them at https://github.com/firebase/firebase-tools/issues and attach the *-debug.log files.
 
[2026-05-12T17:59:08.788Z] [work-queue] {"queuedWork":["/hellofresh-de-problem-solve/europe-west3/wmsLive-2026-05-12T17:59:08.788Z"],"queueLength":1,"runningWork":[],"workRunningCount":0}
[2026-05-12T17:59:08.790Z] [work-queue] {"queuedWork":[],"queueLength":0,"runningWork":["/hellofresh-de-problem-solve/europe-west3/wmsLive-2026-05-12T17:59:08.788Z"],"workRunningCount":1}
[2026-05-12T17:59:08.791Z] Accepted request GET /hellofresh-de-problem-solve/europe-west3/wmsLive?week=2026-W17 --> europe-west3-wmsLive
[2026-05-12T17:59:08.794Z] [functions] Runtime ready! Sending request! {"metadata":{"emulator":{"name":"functions"},"message":"[functions] Runtime ready! Sending request!"}}
[2026-05-12T17:59:08.794Z] [functions] Got req.url=/hellofresh-de-problem-solve/europe-west3/wmsLive?week=2026-W17, mapping to path=/?week=2026-W17 {"metadata":{"emulator":{"name":"functions"},"message":"[functions] Got req.url=/hellofresh-de-problem-solve/europe-west3/wmsLive?week=2026-W17, mapping to path=/?week=2026-W17"}}
i  functions: Loaded environment variables from .env. 
[2026-05-12T17:59:08.812Z] [worker-pool] addWorker(europe-west3-wmsLive) {"metadata":{"emulator":{"name":"functions"},"message":"[worker-pool] addWorker(europe-west3-wmsLive)"}}
[2026-05-12T17:59:08.814Z] [worker-pool] Adding worker with key europe-west3-wmsLive, total=1 {"metadata":{"emulator":{"name":"functions"},"message":"[worker-pool] Adding worker with key europe-west3-wmsLive, total=1"}}
[2026-05-12T17:59:10.532Z] [runtime-status] [26676] Resolved module firebase-admin {"declared":true,"installed":true,"version":"13.8.0","resolution":"C:\\rezeptlogik-app\\functions\\node_modules\\firebase-admin\\lib\\index.js"} {"metadata":{"emulator":{"name":"functions"},"function":{"name":"europe-west3-wmsLive"},"extension":{},"message":"[runtime-status] [26676] Resolved module firebase-admin {\"declared\":true,\"installed\":true,\"version\":\"13.8.0\",\"resolution\":\"C:\\\\rezeptlogik-app\\\\functions\\\\node_modules\\\\firebase-admin\\\\lib\\\\index.js\"}"}}
[2026-05-12T17:59:10.533Z] [runtime-status] [26676] Resolved module firebase-functions {"declared":true,"installed":true,"version":"6.6.0","resolution":"C:\\rezeptlogik-app\\functions\\node_modules\\firebase-functions\\lib\\v2\\index.js"} {"metadata":{"emulator":{"name":"functions"},"function":{"name":"europe-west3-wmsLive"},"extension":{},"message":"[runtime-status] [26676] Resolved module firebase-functions {\"declared\":true,\"installed\":true,\"version\":\"6.6.0\",\"resolution\":\"C:\\\\rezeptlogik-app\\\\functions\\\\node_modules\\\\firebase-functions\\\\lib\\\\v2\\\\index.js\"}"}}
[2026-05-12T17:59:10.534Z] [runtime-status] [26676] Outgoing network have been stubbed. [{"name":"http","status":"mocked"},{"name":"http","status":"mocked"},{"name":"https","status":"mocked"},{"name":"https","status":"mocked"},{"name":"net","status":"mocked"}] {"metadata":{"emulator":{"name":"functions"},"function":{"name":"europe-west3-wmsLive"},"extension":{},"message":"[runtime-status] [26676] Outgoing network have been stubbed. [{\"name\":\"http\",\"status\":\"mocked\"},{\"name\":\"http\",\"status\":\"mocked\"},{\"name\":\"https\",\"status\":\"mocked\"},{\"name\":\"https\",\"status\":\"mocked\"},{\"name\":\"net\",\"status\":\"mocked\"}]"}}
[2026-05-12T17:59:10.534Z] [runtime-status] [26676] Resolved module firebase-functions {"declared":true,"installed":true,"version":"6.6.0","resolution":"C:\\rezeptlogik-app\\functions\\node_modules\\firebase-functions\\lib\\v2\\index.js"} {"metadata":{"emulator":{"name":"functions"},"function":{"name":"europe-west3-wmsLive"},"extension":{},"message":"[runtime-status] [26676] Resolved module firebase-functions {\"declared\":true,\"installed\":true,\"version\":\"6.6.0\",\"resolution\":\"C:\\\\rezeptlogik-app\\\\functions\\\\node_modules\\\\firebase-functions\\\\lib\\\\v2\\\\index.js\"}"}}
[2026-05-12T17:59:10.939Z] [runtime-status] [26676] Resolved module firebase-admin {"declared":true,"installed":true,"version":"13.8.0","resolution":"C:\\rezeptlogik-app\\functions\\node_modules\\firebase-admin\\lib\\index.js"} {"metadata":{"emulator":{"name":"functions"},"function":{"name":"europe-west3-wmsLive"},"extension":{},"message":"[runtime-status] [26676] Resolved module firebase-admin {\"declared\":true,\"installed\":true,\"version\":\"13.8.0\",\"resolution\":\"C:\\\\rezeptlogik-app\\\\functions\\\\node_modules\\\\firebase-admin\\\\lib\\\\index.js\"}"}}
[2026-05-12T17:59:10.945Z] [runtime-status] [26676] Resolved module firebase-functions {"declared":true,"installed":true,"version":"6.6.0","resolution":"C:\\rezeptlogik-app\\functions\\node_modules\\firebase-functions\\lib\\v2\\index.js"} {"metadata":{"emulator":{"name":"functions"},"function":{"name":"europe-west3-wmsLive"},"extension":{},"message":"[runtime-status] [26676] Resolved module firebase-functions {\"declared\":true,\"installed\":true,\"version\":\"6.6.0\",\"resolution\":\"C:\\\\rezeptlogik-app\\\\functions\\\\node_modules\\\\firebase-functions\\\\lib\\\\v2\\\\index.js\"}"}}
[2026-05-12T17:59:11.198Z] [runtime-status] [26676] firebase-admin has been stubbed. {"adminResolution":{"declared":true,"installed":true,"version":"13.8.0","resolution":"C:\\rezeptlogik-app\\functions\\node_modules\\firebase-admin\\lib\\index.js"}} {"metadata":{"emulator":{"name":"functions"},"function":{"name":"europe-west3-wmsLive"},"extension":{},"message":"[runtime-status] [26676] firebase-admin has been stubbed. {\"adminResolution\":{\"declared\":true,\"installed\":true,\"version\":\"13.8.0\",\"resolution\":\"C:\\\\rezeptlogik-app\\\\functions\\\\node_modules\\\\firebase-admin\\\\lib\\\\index.js\"}}"}}
!  External network resource requested!
   - URL: "http://169.254.169.254/latest/api/token"
 - Be careful, this may be a production service. {"metadata":{"emulator":{"name":"functions"},"function":{"name":"europe-west3-wmsLive"},"extension":{},"message":"External network resource requested!\n   - URL: \"http://169.254.169.254/latest/api/token\"\n - Be careful, this may be a production service."}}
!  External network resource requested!
   - URL: "http://169.254.169.254/metadata/instance?api-version=2021-02-01"
 - Be careful, this may be a production service. {"metadata":{"emulator":{"name":"functions"},"function":{"name":"europe-west3-wmsLive"},"extension":{},"message":"External network resource requested!\n   - URL: \"http://169.254.169.254/metadata/instance?api-version=2021-02-01\"\n - Be careful, this may be a production service."}}
!  External network resource requested!
   - URL: "http://169.254.169.254/metadata/identity/oauth2/token?api-version=2018-02-01&resource=https%3A%2F%2Fmanagement.azure.com"
 - Be careful, this may be a production service. {"metadata":{"emulator":{"name":"functions"},"function":{"name":"europe-west3-wmsLive"},"extension":{},"message":"External network resource requested!\n   - URL: \"http://169.254.169.254/metadata/identity/oauth2/token?api-version=2018-02-01&resource=https%3A%2F%2Fmanagement.azure.com\"\n - Be careful, this may be a production service."}}
!  External network resource requested!
   - URL: "http://metadata.google.internal"
 - Be careful, this may be a production service. {"metadata":{"emulator":{"name":"functions"},"function":{"name":"europe-west3-wmsLive"},"extension":{},"message":"External network resource requested!\n   - URL: \"http://metadata.google.internal\"\n - Be careful, this may be a production service."}}
!  External network resource requested!
   - URL: "http://metadata.google.internal/computeMetadata/v1/instance/service-accounts/default/email"
 - Be careful, this may be a production service. {"metadata":{"emulator":{"name":"functions"},"function":{"name":"europe-west3-wmsLive"},"extension":{},"message":"External network resource requested!\n   - URL: \"http://metadata.google.internal/computeMetadata/v1/instance/service-accounts/default/email\"\n - Be careful, this may be a production service."}}
[2026-05-12T17:59:13.755Z] [runtime-status] [26676] initializeApp(DEFAULT) {"storageBucket":"hellofresh-de-problem-solve.firebasestorage.app","projectId":"hellofresh-de-problem-solve"} {"metadata":{"emulator":{"name":"functions"},"function":{"name":"europe-west3-wmsLive"},"extension":{},"message":"[runtime-status] [26676] initializeApp(DEFAULT) {\"storageBucket\":\"hellofresh-de-problem-solve.firebasestorage.app\",\"projectId\":\"hellofresh-de-problem-solve\"}"}}
!  functions: The Cloud Firestore emulator is not running, so calls to Firestore will affect production. {"metadata":{"emulator":{"name":"functions"},"function":{"name":"europe-west3-wmsLive"},"extension":{},"message":"The Cloud Firestore emulator is not running, so calls to Firestore will affect production."}}
[2026-05-12T17:59:13.768Z] [runtime-status] [26676] Functions runtime initialized. {"cwd":"C:\\rezeptlogik-app\\functions","node_version":"24.11.1"} {"metadata":{"emulator":{"name":"functions"},"function":{"name":"europe-west3-wmsLive"},"extension":{},"message":"[runtime-status] [26676] Functions runtime initialized. {\"cwd\":\"C:\\\\rezeptlogik-app\\\\functions\",\"node_version\":\"24.11.1\"}"}}
[2026-05-12T17:59:13.770Z] [runtime-status] [26676] Listening to port: \\?\pipe\fire_emu_1b7f7a9198b0e862 {"metadata":{"emulator":{"name":"functions"},"function":{"name":"europe-west3-wmsLive"},"extension":{},"message":"[runtime-status] [26676] Listening to port: \\\\?\\pipe\\fire_emu_1b7f7a9198b0e862"}}
[2026-05-12T17:59:13.788Z] [worker-europe-west3-wmsLive-37a01939-1520-4630-80ee-4ca2a329792c]: IDLE {"metadata":{"emulator":{"name":"functions"},"function":{"name":"europe-west3-wmsLive"},"extension":{},"message":"[worker-europe-west3-wmsLive-37a01939-1520-4630-80ee-4ca2a329792c]: IDLE"}}
[2026-05-12T17:59:13.790Z] [worker-pool] submitRequest(triggerId=europe-west3-wmsLive) {"metadata":{"emulator":{"name":"functions"},"message":"[worker-pool] submitRequest(triggerId=europe-west3-wmsLive)"}}
i  functions: Beginning execution of "europe-west3-wmsLive" {"metadata":{"emulator":{"name":"functions"},"function":{"name":"europe-west3-wmsLive"},"extension":{},"message":"Beginning execution of \"europe-west3-wmsLive\""}}
[2026-05-12T17:59:13.791Z] [worker-europe-west3-wmsLive-37a01939-1520-4630-80ee-4ca2a329792c]: BUSY {"metadata":{"emulator":{"name":"functions"},"function":{"name":"europe-west3-wmsLive"},"extension":{},"message":"[worker-europe-west3-wmsLive-37a01939-1520-4630-80ee-4ca2a329792c]: BUSY"}}
>  {"level":"INFO","message":"[5:59:13.797 PM]: Creating new connection object"} {"user":{"level":"INFO","message":"[5:59:13.797 PM]: Creating new connection object"},"metadata":{"emulator":{"name":"functions"},"function":{"name":"europe-west3-wmsLive"},"extension":{},"message":"\u001b[90m> \u001b[39m {\"level\":\"INFO\",\"message\":\"[5:59:13.797 PM]: Creating new connection object\"}\r"}}
>  {"level":"INFO","message":"[5:59:13.813 PM]: Creating Connection[id: a01be072-e504-4b2b-b6ab-2030e4f4792f] with host: XG02811-OO69432.snowflakecomputing.com, account: XG02811-OO69432, accessUrl: https://XG02811-OO69432.snowflakecomputing.com, user: MARCEL.SPINDLER@HELLOFRESH.DE, role: US_OPS_ANALYTICS_USER, database: US_OPS_ANALYTICS, schema: HIGHJUMP, warehouse: US_OPS_ANALYTICS, proxy was not configured, password is not provided, region: undefined, authenticator: EXTERNALBROWSER, ocsp mode: FAIL_OPEN, os: win32, os version: 10.0.26100"} {"user":{"level":"INFO","message":"[5:59:13.813 PM]: Creating Connection[id: a01be072-e504-4b2b-b6ab-2030e4f4792f] with host: XG02811-OO69432.snowflakecomputing.com, account: XG02811-OO69432, accessUrl: https://XG02811-OO69432.snowflakecomputing.com, user: MARCEL.SPINDLER@HELLOFRESH.DE, role: US_OPS_ANALYTICS_USER, database: US_OPS_ANALYTICS, schema: HIGHJUMP, warehouse: US_OPS_ANALYTICS, proxy was not configured, password is not provided, region: undefined, authenticator: EXTERNALBROWSER, ocsp mode: FAIL_OPEN, os: win32, os version: 10.0.26100"},"metadata":{"emulator":{"name":"functions"},"function":{"name":"europe-west3-wmsLive"},"extension":{},"message":"\u001b[90m> \u001b[39m {\"level\":\"INFO\",\"message\":\"[5:59:13.813 PM]: Creating Connection[id: a01be072-e504-4b2b-b6ab-2030e4f4792f] with host: XG02811-OO69432.snowflakecomputing.com, account: XG02811-OO69432, accessUrl: https://XG02811-OO69432.snowflakecomputing.com, user: MARCEL.SPINDLER@HELLOFRESH.DE, role: US_OPS_ANALYTICS_USER, database: US_OPS_ANALYTICS, schema: HIGHJUMP, warehouse: US_OPS_ANALYTICS, proxy was not configured, password is not provided, region: undefined, authenticator: EXTERNALBROWSER, ocsp mode: FAIL_OPEN, os: win32, os version: 10.0.26100\"}\r"}}
>  {"level":"INFO","message":"[5:59:13.813 PM]: Connection[id: a01be072-e504-4b2b-b6ab-2030e4f4792f] additional details: passcode in password is provided, passcode is not provided, private key is not provided, application: rezeptlogik_wms_live, client name: snowflake-sdk, client version: 2.4.1, retry timeout: 300, private key path: undefined, private key pass is not provided, client store temporary credential: false, browser response timeout: 120000"} {"user":{"level":"INFO","message":"[5:59:13.813 PM]: Connection[id: a01be072-e504-4b2b-b6ab-2030e4f4792f] additional details: passcode in password is provided, passcode is not provided, private key is not provided, application: rezeptlogik_wms_live, client name: snowflake-sdk, client version: 2.4.1, retry timeout: 300, private key path: undefined, private key pass is not provided, client store temporary credential: false, browser response timeout: 120000"},"metadata":{"emulator":{"name":"functions"},"function":{"name":"europe-west3-wmsLive"},"extension":{},"message":"\u001b[90m> \u001b[39m {\"level\":\"INFO\",\"message\":\"[5:59:13.813 PM]: Connection[id: a01be072-e504-4b2b-b6ab-2030e4f4792f] additional details: passcode in password is provided, passcode is not provided, private key is not provided, application: rezeptlogik_wms_live, client name: snowflake-sdk, client version: 2.4.1, retry timeout: 300, private key path: undefined, private key pass is not provided, client store temporary credential: false, browser response timeout: 120000\"}\r"}}
>  {"level":"INFO","message":"[5:59:13.813 PM]: Connection[id: a01be072-e504-4b2b-b6ab-2030e4f4792f] - connection object created successfully."} {"user":{"level":"INFO","message":"[5:59:13.813 PM]: Connection[id: a01be072-e504-4b2b-b6ab-2030e4f4792f] - connection object created successfully."},"metadata":{"emulator":{"name":"functions"},"function":{"name":"europe-west3-wmsLive"},"extension":{},"message":"\u001b[90m> \u001b[39m {\"level\":\"INFO\",\"message\":\"[5:59:13.813 PM]: Connection[id: a01be072-e504-4b2b-b6ab-2030e4f4792f] - connection object created successfully.\"}\r"}}
>  {"level":"INFO","message":"[5:59:13.814 PM]: Connection[id: a01be072-e504-4b2b-b6ab-2030e4f4792f] - async connecting. Associated Snowflake domain: GLOBAL"} {"user":{"level":"INFO","message":"[5:59:13.814 PM]: Connection[id: a01be072-e504-4b2b-b6ab-2030e4f4792f] - async connecting. Associated Snowflake domain: GLOBAL"},"metadata":{"emulator":{"name":"functions"},"function":{"name":"europe-west3-wmsLive"},"extension":{},"message":"\u001b[90m> \u001b[39m {\"level\":\"INFO\",\"message\":\"[5:59:13.814 PM]: Connection[id: a01be072-e504-4b2b-b6ab-2030e4f4792f] - async connecting. Associated Snowflake domain: GLOBAL\"}\r"}}
>  {"level":"INFO","message":"[5:59:13.814 PM]: Trying to initialize Easy Logging"} {"user":{"level":"INFO","message":"[5:59:13.814 PM]: Trying to initialize Easy Logging"},"metadata":{"emulator":{"name":"functions"},"function":{"name":"europe-west3-wmsLive"},"extension":{},"message":"\u001b[90m> \u001b[39m {\"level\":\"INFO\",\"message\":\"[5:59:13.814 PM]: Trying to initialize Easy Logging\"}\r"}}
>  {"level":"INFO","message":"[5:59:13.818 PM]: No client config detected."} {"user":{"level":"INFO","message":"[5:59:13.818 PM]: No client config detected."},"metadata":{"emulator":{"name":"functions"},"function":{"name":"europe-west3-wmsLive"},"extension":{},"message":"\u001b[90m> \u001b[39m {\"level\":\"INFO\",\"message\":\"[5:59:13.818 PM]: No client config detected.\"}\r"}}
>  {"level":"INFO","message":"[5:59:13.818 PM]: No config file path found. Client config will not be used."} {"user":{"level":"INFO","message":"[5:59:13.818 PM]: No config file path found. Client config will not be used."},"metadata":{"emulator":{"name":"functions"},"function":{"name":"europe-west3-wmsLive"},"extension":{},"message":"\u001b[90m> \u001b[39m {\"level\":\"INFO\",\"message\":\"[5:59:13.818 PM]: No config file path found. Client config will not be used.\"}\r"}}
>  {"level":"INFO","message":"[5:59:13.818 PM]: Easy Logging is disabled as no config has been found"} {"user":{"level":"INFO","message":"[5:59:13.818 PM]: Easy Logging is disabled as no config has been found"},"metadata":{"emulator":{"name":"functions"},"function":{"name":"europe-west3-wmsLive"},"extension":{},"message":"\u001b[90m> \u001b[39m {\"level\":\"INFO\",\"message\":\"[5:59:13.818 PM]: Easy Logging is disabled as no config has been found\"}\r"}}
!  External network resource requested!
   - URL: "http://169.254.169.254/latest/dynamic/instance-identity/document"
 - Be careful, this may be a production service. {"metadata":{"emulator":{"name":"functions"},"function":{"name":"europe-west3-wmsLive"},"extension":{},"message":"External network resource requested!\n   - URL: \"http://169.254.169.254/latest/dynamic/instance-identity/document\"\n - Be careful, this may be a production service."}}
>  {"level":"INFO","message":"[5:59:58.760 PM]: Connection[id: a01be072-e504-4b2b-b6ab-2030e4f4792f] - authentication successful using: EXTERNALBROWSER"} {"user":{"level":"INFO","message":"[5:59:58.760 PM]: Connection[id: a01be072-e504-4b2b-b6ab-2030e4f4792f] - authentication successful using: EXTERNALBROWSER"},"metadata":{"emulator":{"name":"functions"},"function":{"name":"europe-west3-wmsLive"},"extension":{},"message":"\u001b[90m> \u001b[39m {\"level\":\"INFO\",\"message\":\"[5:59:58.760 PM]: Connection[id: a01be072-e504-4b2b-b6ab-2030e4f4792f] - authentication successful using: EXTERNALBROWSER\"}\r"}}
>  {"level":"INFO","message":"[5:59:59.174 PM]: Connection[id: a01be072-e504-4b2b-b6ab-2030e4f4792f] - connection established successfully after 45360.4 milliseconds"} {"user":{"level":"INFO","message":"[5:59:59.174 PM]: Connection[id: a01be072-e504-4b2b-b6ab-2030e4f4792f] - connection established successfully after 45360.4 milliseconds"},"metadata":{"emulator":{"name":"functions"},"function":{"name":"europe-west3-wmsLive"},"extension":{},"message":"\u001b[90m> \u001b[39m {\"level\":\"INFO\",\"message\":\"[5:59:59.174 PM]: Connection[id: a01be072-e504-4b2b-b6ab-2030e4f4792f] - connection established successfully after 45360.4 milliseconds\"}\r"}}
[2026-05-12T18:00:00.119Z] Finishing up request with event=pause {"metadata":{"emulator":{"name":"functions"},"function":{"name":"europe-west3-wmsLive"},"extension":{},"message":"Finishing up request with event=pause"}}
i  functions: Finished "europe-west3-wmsLive" in 46328.3452ms {"metadata":{"emulator":{"name":"functions"},"function":{"name":"europe-west3-wmsLive"},"extension":{},"message":"Finished \"europe-west3-wmsLive\" in 46328.3452ms"}}
[2026-05-12T18:00:00.120Z] [worker-europe-west3-wmsLive-37a01939-1520-4630-80ee-4ca2a329792c]: IDLE {"metadata":{"emulator":{"name":"functions"},"function":{"name":"europe-west3-wmsLive"},"extension":{},"message":"[worker-europe-west3-wmsLive-37a01939-1520-4630-80ee-4ca2a329792c]: IDLE"}}
[2026-05-12T18:00:00.121Z] Finishing up request with event=finish {"metadata":{"emulator":{"name":"functions"},"function":{"name":"europe-west3-wmsLive"},"extension":{},"message":"Finishing up request with event=finish"}}
[2026-05-12T18:00:00.122Z] Finishing up request with event=close {"metadata":{"emulator":{"name":"functions"},"function":{"name":"europe-west3-wmsLive"},"extension":{},"message":"Finishing up request with event=close"}}
[2026-05-12T18:00:00.122Z] [work-queue] {"queuedWork":[],"queueLength":0,"runningWork":[],"workRunningCount":0}
[2026-05-12T18:00:08.766Z] [work-queue] {"queuedWork":["/hellofresh-de-problem-solve/europe-west3/refreshRampUp-2026-05-12T18:00:08.766Z"],"queueLength":1,"runningWork":[],"workRunningCount":0}
[2026-05-12T18:00:08.767Z] [work-queue] {"queuedWork":[],"queueLength":0,"runningWork":["/hellofresh-de-problem-solve/europe-west3/refreshRampUp-2026-05-12T18:00:08.766Z"],"workRunningCount":1}
[2026-05-12T18:00:08.767Z] Accepted request POST /hellofresh-de-problem-solve/europe-west3/refreshRampUp --> europe-west3-refreshRampUp
[2026-05-12T18:00:08.770Z] [functions] Runtime ready! Sending request! {"metadata":{"emulator":{"name":"functions"},"message":"[functions] Runtime ready! Sending request!"}}
[2026-05-12T18:00:08.770Z] [functions] Got req.url=/hellofresh-de-problem-solve/europe-west3/refreshRampUp, mapping to path=/ {"metadata":{"emulator":{"name":"functions"},"message":"[functions] Got req.url=/hellofresh-de-problem-solve/europe-west3/refreshRampUp, mapping to path=/"}}
i  functions: Loaded environment variables from .env. 
[2026-05-12T18:00:08.788Z] [worker-pool] addWorker(europe-west3-refreshRampUp) {"metadata":{"emulator":{"name":"functions"},"message":"[worker-pool] addWorker(europe-west3-refreshRampUp)"}}
[2026-05-12T18:00:08.789Z] [worker-pool] Adding worker with key europe-west3-refreshRampUp, total=1 {"metadata":{"emulator":{"name":"functions"},"message":"[worker-pool] Adding worker with key europe-west3-refreshRampUp, total=1"}}
[2026-05-12T18:00:08.791Z] [work-queue] {"queuedWork":["/hellofresh-de-problem-solve/europe-west3/refreshRampUp-2026-05-12T18:00:08.791Z"],"queueLength":1,"runningWork":["/hellofresh-de-problem-solve/europe-west3/refreshRampUp-2026-05-12T18:00:08.766Z"],"workRunningCount":1}
[2026-05-12T18:00:08.791Z] [work-queue] {"queuedWork":[],"queueLength":0,"runningWork":["/hellofresh-de-problem-solve/europe-west3/refreshRampUp-2026-05-12T18:00:08.766Z","/hellofresh-de-problem-solve/europe-west3/refreshRampUp-2026-05-12T18:00:08.791Z"],"workRunningCount":2}
[2026-05-12T18:00:08.791Z] Accepted request POST /hellofresh-de-problem-solve/europe-west3/refreshRampUp --> europe-west3-refreshRampUp
[2026-05-12T18:00:08.793Z] [functions] Runtime ready! Sending request! {"metadata":{"emulator":{"name":"functions"},"message":"[functions] Runtime ready! Sending request!"}}
[2026-05-12T18:00:08.794Z] [functions] Got req.url=/hellofresh-de-problem-solve/europe-west3/refreshRampUp, mapping to path=/ {"metadata":{"emulator":{"name":"functions"},"message":"[functions] Got req.url=/hellofresh-de-problem-solve/europe-west3/refreshRampUp, mapping to path=/"}}
i  functions: Loaded environment variables from .env. 
[2026-05-12T18:00:08.810Z] [worker-pool] addWorker(europe-west3-refreshRampUp) {"metadata":{"emulator":{"name":"functions"},"message":"[worker-pool] addWorker(europe-west3-refreshRampUp)"}}
[2026-05-12T18:00:08.810Z] [worker-pool] Adding worker with key europe-west3-refreshRampUp, total=2 {"metadata":{"emulator":{"name":"functions"},"message":"[worker-pool] Adding worker with key europe-west3-refreshRampUp, total=2"}}
[2026-05-12T18:00:10.410Z] [runtime-status] [24796] Resolved module firebase-admin {"declared":true,"installed":true,"version":"13.8.0","resolution":"C:\\rezeptlogik-app\\functions\\node_modules\\firebase-admin\\lib\\index.js"} {"metadata":{"emulator":{"name":"functions"},"function":{"name":"europe-west3-refreshRampUp"},"extension":{},"message":"[runtime-status] [24796] Resolved module firebase-admin {\"declared\":true,\"installed\":true,\"version\":\"13.8.0\",\"resolution\":\"C:\\\\rezeptlogik-app\\\\functions\\\\node_modules\\\\firebase-admin\\\\lib\\\\index.js\"}"}}
[2026-05-12T18:00:10.412Z] [runtime-status] [24796] Resolved module firebase-functions {"declared":true,"installed":true,"version":"6.6.0","resolution":"C:\\rezeptlogik-app\\functions\\node_modules\\firebase-functions\\lib\\v2\\index.js"} {"metadata":{"emulator":{"name":"functions"},"function":{"name":"europe-west3-refreshRampUp"},"extension":{},"message":"[runtime-status] [24796] Resolved module firebase-functions {\"declared\":true,\"installed\":true,\"version\":\"6.6.0\",\"resolution\":\"C:\\\\rezeptlogik-app\\\\functions\\\\node_modules\\\\firebase-functions\\\\lib\\\\v2\\\\index.js\"}"}}
[2026-05-12T18:00:10.413Z] [runtime-status] [24796] Outgoing network have been stubbed. [{"name":"http","status":"mocked"},{"name":"http","status":"mocked"},{"name":"https","status":"mocked"},{"name":"https","status":"mocked"},{"name":"net","status":"mocked"}] {"metadata":{"emulator":{"name":"functions"},"function":{"name":"europe-west3-refreshRampUp"},"extension":{},"message":"[runtime-status] [24796] Outgoing network have been stubbed. [{\"name\":\"http\",\"status\":\"mocked\"},{\"name\":\"http\",\"status\":\"mocked\"},{\"name\":\"https\",\"status\":\"mocked\"},{\"name\":\"https\",\"status\":\"mocked\"},{\"name\":\"net\",\"status\":\"mocked\"}]"}}
[2026-05-12T18:00:10.414Z] [runtime-status] [24796] Resolved module firebase-functions {"declared":true,"installed":true,"version":"6.6.0","resolution":"C:\\rezeptlogik-app\\functions\\node_modules\\firebase-functions\\lib\\v2\\index.js"} {"metadata":{"emulator":{"name":"functions"},"function":{"name":"europe-west3-refreshRampUp"},"extension":{},"message":"[runtime-status] [24796] Resolved module firebase-functions {\"declared\":true,\"installed\":true,\"version\":\"6.6.0\",\"resolution\":\"C:\\\\rezeptlogik-app\\\\functions\\\\node_modules\\\\firebase-functions\\\\lib\\\\v2\\\\index.js\"}"}}
[2026-05-12T18:00:10.436Z] [runtime-status] [27372] Resolved module firebase-admin {"declared":true,"installed":true,"version":"13.8.0","resolution":"C:\\rezeptlogik-app\\functions\\node_modules\\firebase-admin\\lib\\index.js"} {"metadata":{"emulator":{"name":"functions"},"function":{"name":"europe-west3-refreshRampUp"},"extension":{},"message":"[runtime-status] [27372] Resolved module firebase-admin {\"declared\":true,\"installed\":true,\"version\":\"13.8.0\",\"resolution\":\"C:\\\\rezeptlogik-app\\\\functions\\\\node_modules\\\\firebase-admin\\\\lib\\\\index.js\"}"}}
[2026-05-12T18:00:10.438Z] [runtime-status] [27372] Resolved module firebase-functions {"declared":true,"installed":true,"version":"6.6.0","resolution":"C:\\rezeptlogik-app\\functions\\node_modules\\firebase-functions\\lib\\v2\\index.js"} {"metadata":{"emulator":{"name":"functions"},"function":{"name":"europe-west3-refreshRampUp"},"extension":{},"message":"[runtime-status] [27372] Resolved module firebase-functions {\"declared\":true,\"installed\":true,\"version\":\"6.6.0\",\"resolution\":\"C:\\\\rezeptlogik-app\\\\functions\\\\node_modules\\\\firebase-functions\\\\lib\\\\v2\\\\index.js\"}"}}
[2026-05-12T18:00:10.439Z] [runtime-status] [27372] Outgoing network have been stubbed. [{"name":"http","status":"mocked"},{"name":"http","status":"mocked"},{"name":"https","status":"mocked"},{"name":"https","status":"mocked"},{"name":"net","status":"mocked"}] {"metadata":{"emulator":{"name":"functions"},"function":{"name":"europe-west3-refreshRampUp"},"extension":{},"message":"[runtime-status] [27372] Outgoing network have been stubbed. [{\"name\":\"http\",\"status\":\"mocked\"},{\"name\":\"http\",\"status\":\"mocked\"},{\"name\":\"https\",\"status\":\"mocked\"},{\"name\":\"https\",\"status\":\"mocked\"},{\"name\":\"net\",\"status\":\"mocked\"}]"}}
[2026-05-12T18:00:10.440Z] [runtime-status] [27372] Resolved module firebase-functions {"declared":true,"installed":true,"version":"6.6.0","resolution":"C:\\rezeptlogik-app\\functions\\node_modules\\firebase-functions\\lib\\v2\\index.js"} {"metadata":{"emulator":{"name":"functions"},"function":{"name":"europe-west3-refreshRampUp"},"extension":{},"message":"[runtime-status] [27372] Resolved module firebase-functions {\"declared\":true,\"installed\":true,\"version\":\"6.6.0\",\"resolution\":\"C:\\\\rezeptlogik-app\\\\functions\\\\node_modules\\\\firebase-functions\\\\lib\\\\v2\\\\index.js\"}"}}
[2026-05-12T18:00:10.626Z] [work-queue] {"queuedWork":["/hellofresh-de-problem-solve/europe-west3/refreshRampUp-2026-05-12T18:00:10.626Z"],"queueLength":1,"runningWork":["/hellofresh-de-problem-solve/europe-west3/refreshRampUp-2026-05-12T18:00:08.766Z","/hellofresh-de-problem-solve/europe-west3/refreshRampUp-2026-05-12T18:00:08.791Z"],"workRunningCount":2}
[2026-05-12T18:00:10.626Z] [work-queue] {"queuedWork":[],"queueLength":0,"runningWork":["/hellofresh-de-problem-solve/europe-west3/refreshRampUp-2026-05-12T18:00:08.766Z","/hellofresh-de-problem-solve/europe-west3/refreshRampUp-2026-05-12T18:00:08.791Z","/hellofresh-de-problem-solve/europe-west3/refreshRampUp-2026-05-12T18:00:10.626Z"],"workRunningCount":3}
[2026-05-12T18:00:10.627Z] Accepted request POST /hellofresh-de-problem-solve/europe-west3/refreshRampUp --> europe-west3-refreshRampUp
[2026-05-12T18:00:10.628Z] [functions] Runtime ready! Sending request! {"metadata":{"emulator":{"name":"functions"},"message":"[functions] Runtime ready! Sending request!"}}
[2026-05-12T18:00:10.628Z] [functions] Got req.url=/hellofresh-de-problem-solve/europe-west3/refreshRampUp, mapping to path=/ {"metadata":{"emulator":{"name":"functions"},"message":"[functions] Got req.url=/hellofresh-de-problem-solve/europe-west3/refreshRampUp, mapping to path=/"}}
i  functions: Loaded environment variables from .env. 
[2026-05-12T18:00:10.647Z] [worker-pool] addWorker(europe-west3-refreshRampUp) {"metadata":{"emulator":{"name":"functions"},"message":"[worker-pool] addWorker(europe-west3-refreshRampUp)"}}
[2026-05-12T18:00:10.647Z] [worker-pool] Adding worker with key europe-west3-refreshRampUp, total=3 {"metadata":{"emulator":{"name":"functions"},"message":"[worker-pool] Adding worker with key europe-west3-refreshRampUp, total=3"}}
[2026-05-12T18:00:10.649Z] [work-queue] {"queuedWork":["/hellofresh-de-problem-solve/europe-west3/refreshRampUp-2026-05-12T18:00:10.649Z"],"queueLength":1,"runningWork":["/hellofresh-de-problem-solve/europe-west3/refreshRampUp-2026-05-12T18:00:08.766Z","/hellofresh-de-problem-solve/europe-west3/refreshRampUp-2026-05-12T18:00:08.791Z","/hellofresh-de-problem-solve/europe-west3/refreshRampUp-2026-05-12T18:00:10.626Z"],"workRunningCount":3}
[2026-05-12T18:00:10.650Z] [work-queue] {"queuedWork":[],"queueLength":0,"runningWork":["/hellofresh-de-problem-solve/europe-west3/refreshRampUp-2026-05-12T18:00:08.766Z","/hellofresh-de-problem-solve/europe-west3/refreshRampUp-2026-05-12T18:00:08.791Z","/hellofresh-de-problem-solve/europe-west3/refreshRampUp-2026-05-12T18:00:10.626Z","/hellofresh-de-problem-solve/europe-west3/refreshRampUp-2026-05-12T18:00:10.649Z"],"workRunningCount":4}
[2026-05-12T18:00:10.650Z] Accepted request POST /hellofresh-de-problem-solve/europe-west3/refreshRampUp --> europe-west3-refreshRampUp
[2026-05-12T18:00:10.651Z] [functions] Runtime ready! Sending request! {"metadata":{"emulator":{"name":"functions"},"message":"[functions] Runtime ready! Sending request!"}}
[2026-05-12T18:00:10.652Z] [functions] Got req.url=/hellofresh-de-problem-solve/europe-west3/refreshRampUp, mapping to path=/ {"metadata":{"emulator":{"name":"functions"},"message":"[functions] Got req.url=/hellofresh-de-problem-solve/europe-west3/refreshRampUp, mapping to path=/"}}
i  functions: Loaded environment variables from .env. 
[2026-05-12T18:00:10.674Z] [worker-pool] addWorker(europe-west3-refreshRampUp) {"metadata":{"emulator":{"name":"functions"},"message":"[worker-pool] addWorker(europe-west3-refreshRampUp)"}}
[2026-05-12T18:00:10.674Z] [worker-pool] Adding worker with key europe-west3-refreshRampUp, total=4 {"metadata":{"emulator":{"name":"functions"},"message":"[worker-pool] Adding worker with key europe-west3-refreshRampUp, total=4"}}
[2026-05-12T18:00:10.866Z] [runtime-status] [24796] Resolved module firebase-admin {"declared":true,"installed":true,"version":"13.8.0","resolution":"C:\\rezeptlogik-app\\functions\\node_modules\\firebase-admin\\lib\\index.js"} {"metadata":{"emulator":{"name":"functions"},"function":{"name":"europe-west3-refreshRampUp"},"extension":{},"message":"[runtime-status] [24796] Resolved module firebase-admin {\"declared\":true,\"installed\":true,\"version\":\"13.8.0\",\"resolution\":\"C:\\\\rezeptlogik-app\\\\functions\\\\node_modules\\\\firebase-admin\\\\lib\\\\index.js\"}"}}
[2026-05-12T18:00:10.870Z] [runtime-status] [24796] Resolved module firebase-functions {"declared":true,"installed":true,"version":"6.6.0","resolution":"C:\\rezeptlogik-app\\functions\\node_modules\\firebase-functions\\lib\\v2\\index.js"} {"metadata":{"emulator":{"name":"functions"},"function":{"name":"europe-west3-refreshRampUp"},"extension":{},"message":"[runtime-status] [24796] Resolved module firebase-functions {\"declared\":true,\"installed\":true,\"version\":\"6.6.0\",\"resolution\":\"C:\\\\rezeptlogik-app\\\\functions\\\\node_modules\\\\firebase-functions\\\\lib\\\\v2\\\\index.js\"}"}}
[2026-05-12T18:00:10.902Z] [runtime-status] [27372] Resolved module firebase-admin {"declared":true,"installed":true,"version":"13.8.0","resolution":"C:\\rezeptlogik-app\\functions\\node_modules\\firebase-admin\\lib\\index.js"} {"metadata":{"emulator":{"name":"functions"},"function":{"name":"europe-west3-refreshRampUp"},"extension":{},"message":"[runtime-status] [27372] Resolved module firebase-admin {\"declared\":true,\"installed\":true,\"version\":\"13.8.0\",\"resolution\":\"C:\\\\rezeptlogik-app\\\\functions\\\\node_modules\\\\firebase-admin\\\\lib\\\\index.js\"}"}}
[2026-05-12T18:00:10.905Z] [runtime-status] [27372] Resolved module firebase-functions {"declared":true,"installed":true,"version":"6.6.0","resolution":"C:\\rezeptlogik-app\\functions\\node_modules\\firebase-functions\\lib\\v2\\index.js"} {"metadata":{"emulator":{"name":"functions"},"function":{"name":"europe-west3-refreshRampUp"},"extension":{},"message":"[runtime-status] [27372] Resolved module firebase-functions {\"declared\":true,\"installed\":true,\"version\":\"6.6.0\",\"resolution\":\"C:\\\\rezeptlogik-app\\\\functions\\\\node_modules\\\\firebase-functions\\\\lib\\\\v2\\\\index.js\"}"}}
[2026-05-12T18:00:11.154Z] [runtime-status] [24796] firebase-admin has been stubbed. {"adminResolution":{"declared":true,"installed":true,"version":"13.8.0","resolution":"C:\\rezeptlogik-app\\functions\\node_modules\\firebase-admin\\lib\\index.js"}} {"metadata":{"emulator":{"name":"functions"},"function":{"name":"europe-west3-refreshRampUp"},"extension":{},"message":"[runtime-status] [24796] firebase-admin has been stubbed. {\"adminResolution\":{\"declared\":true,\"installed\":true,\"version\":\"13.8.0\",\"resolution\":\"C:\\\\rezeptlogik-app\\\\functions\\\\node_modules\\\\firebase-admin\\\\lib\\\\index.js\"}}"}}
[2026-05-12T18:00:11.175Z] [runtime-status] [27372] firebase-admin has been stubbed. {"adminResolution":{"declared":true,"installed":true,"version":"13.8.0","resolution":"C:\\rezeptlogik-app\\functions\\node_modules\\firebase-admin\\lib\\index.js"}} {"metadata":{"emulator":{"name":"functions"},"function":{"name":"europe-west3-refreshRampUp"},"extension":{},"message":"[runtime-status] [27372] firebase-admin has been stubbed. {\"adminResolution\":{\"declared\":true,\"installed\":true,\"version\":\"13.8.0\",\"resolution\":\"C:\\\\rezeptlogik-app\\\\functions\\\\node_modules\\\\firebase-admin\\\\lib\\\\index.js\"}}"}}
[2026-05-12T18:00:12.466Z] [runtime-status] [30144] Resolved module firebase-admin {"declared":true,"installed":true,"version":"13.8.0","resolution":"C:\\rezeptlogik-app\\functions\\node_modules\\firebase-admin\\lib\\index.js"} {"metadata":{"emulator":{"name":"functions"},"function":{"name":"europe-west3-refreshRampUp"},"extension":{},"message":"[runtime-status] [30144] Resolved module firebase-admin {\"declared\":true,\"installed\":true,\"version\":\"13.8.0\",\"resolution\":\"C:\\\\rezeptlogik-app\\\\functions\\\\node_modules\\\\firebase-admin\\\\lib\\\\index.js\"}"}}
[2026-05-12T18:00:12.468Z] [runtime-status] [30144] Resolved module firebase-functions {"declared":true,"installed":true,"version":"6.6.0","resolution":"C:\\rezeptlogik-app\\functions\\node_modules\\firebase-functions\\lib\\v2\\index.js"} {"metadata":{"emulator":{"name":"functions"},"function":{"name":"europe-west3-refreshRampUp"},"extension":{},"message":"[runtime-status] [30144] Resolved module firebase-functions {\"declared\":true,\"installed\":true,\"version\":\"6.6.0\",\"resolution\":\"C:\\\\rezeptlogik-app\\\\functions\\\\node_modules\\\\firebase-functions\\\\lib\\\\v2\\\\index.js\"}"}}
[2026-05-12T18:00:12.468Z] [runtime-status] [30144] Outgoing network have been stubbed. [{"name":"http","status":"mocked"},{"name":"http","status":"mocked"},{"name":"https","status":"mocked"},{"name":"https","status":"mocked"},{"name":"net","status":"mocked"}] {"metadata":{"emulator":{"name":"functions"},"function":{"name":"europe-west3-refreshRampUp"},"extension":{},"message":"[runtime-status] [30144] Outgoing network have been stubbed. [{\"name\":\"http\",\"status\":\"mocked\"},{\"name\":\"http\",\"status\":\"mocked\"},{\"name\":\"https\",\"status\":\"mocked\"},{\"name\":\"https\",\"status\":\"mocked\"},{\"name\":\"net\",\"status\":\"mocked\"}]"}}
[2026-05-12T18:00:12.469Z] [runtime-status] [33784] Resolved module firebase-admin {"declared":true,"installed":true,"version":"13.8.0","resolution":"C:\\rezeptlogik-app\\functions\\node_modules\\firebase-admin\\lib\\index.js"} {"metadata":{"emulator":{"name":"functions"},"function":{"name":"europe-west3-refreshRampUp"},"extension":{},"message":"[runtime-status] [33784] Resolved module firebase-admin {\"declared\":true,\"installed\":true,\"version\":\"13.8.0\",\"resolution\":\"C:\\\\rezeptlogik-app\\\\functions\\\\node_modules\\\\firebase-admin\\\\lib\\\\index.js\"}"}}
[2026-05-12T18:00:12.470Z] [runtime-status] [30144] Resolved module firebase-functions {"declared":true,"installed":true,"version":"6.6.0","resolution":"C:\\rezeptlogik-app\\functions\\node_modules\\firebase-functions\\lib\\v2\\index.js"} {"metadata":{"emulator":{"name":"functions"},"function":{"name":"europe-west3-refreshRampUp"},"extension":{},"message":"[runtime-status] [30144] Resolved module firebase-functions {\"declared\":true,\"installed\":true,\"version\":\"6.6.0\",\"resolution\":\"C:\\\\rezeptlogik-app\\\\functions\\\\node_modules\\\\firebase-functions\\\\lib\\\\v2\\\\index.js\"}"}}
[2026-05-12T18:00:12.471Z] [runtime-status] [33784] Resolved module firebase-functions {"declared":true,"installed":true,"version":"6.6.0","resolution":"C:\\rezeptlogik-app\\functions\\node_modules\\firebase-functions\\lib\\v2\\index.js"} {"metadata":{"emulator":{"name":"functions"},"function":{"name":"europe-west3-refreshRampUp"},"extension":{},"message":"[runtime-status] [33784] Resolved module firebase-functions {\"declared\":true,\"installed\":true,\"version\":\"6.6.0\",\"resolution\":\"C:\\\\rezeptlogik-app\\\\functions\\\\node_modules\\\\firebase-functions\\\\lib\\\\v2\\\\index.js\"}"}}
[2026-05-12T18:00:12.472Z] [runtime-status] [33784] Outgoing network have been stubbed. [{"name":"http","status":"mocked"},{"name":"http","status":"mocked"},{"name":"https","status":"mocked"},{"name":"https","status":"mocked"},{"name":"net","status":"mocked"}] {"metadata":{"emulator":{"name":"functions"},"function":{"name":"europe-west3-refreshRampUp"},"extension":{},"message":"[runtime-status] [33784] Outgoing network have been stubbed. [{\"name\":\"http\",\"status\":\"mocked\"},{\"name\":\"http\",\"status\":\"mocked\"},{\"name\":\"https\",\"status\":\"mocked\"},{\"name\":\"https\",\"status\":\"mocked\"},{\"name\":\"net\",\"status\":\"mocked\"}]"}}
[2026-05-12T18:00:12.473Z] [runtime-status] [33784] Resolved module firebase-functions {"declared":true,"installed":true,"version":"6.6.0","resolution":"C:\\rezeptlogik-app\\functions\\node_modules\\firebase-functions\\lib\\v2\\index.js"} {"metadata":{"emulator":{"name":"functions"},"function":{"name":"europe-west3-refreshRampUp"},"extension":{},"message":"[runtime-status] [33784] Resolved module firebase-functions {\"declared\":true,\"installed\":true,\"version\":\"6.6.0\",\"resolution\":\"C:\\\\rezeptlogik-app\\\\functions\\\\node_modules\\\\firebase-functions\\\\lib\\\\v2\\\\index.js\"}"}}
[2026-05-12T18:00:12.872Z] [runtime-status] [30144] Resolved module firebase-admin {"declared":true,"installed":true,"version":"13.8.0","resolution":"C:\\rezeptlogik-app\\functions\\node_modules\\firebase-admin\\lib\\index.js"} {"metadata":{"emulator":{"name":"functions"},"function":{"name":"europe-west3-refreshRampUp"},"extension":{},"message":"[runtime-status] [30144] Resolved module firebase-admin {\"declared\":true,\"installed\":true,\"version\":\"13.8.0\",\"resolution\":\"C:\\\\rezeptlogik-app\\\\functions\\\\node_modules\\\\firebase-admin\\\\lib\\\\index.js\"}"}}
[2026-05-12T18:00:12.874Z] [runtime-status] [33784] Resolved module firebase-admin {"declared":true,"installed":true,"version":"13.8.0","resolution":"C:\\rezeptlogik-app\\functions\\node_modules\\firebase-admin\\lib\\index.js"} {"metadata":{"emulator":{"name":"functions"},"function":{"name":"europe-west3-refreshRampUp"},"extension":{},"message":"[runtime-status] [33784] Resolved module firebase-admin {\"declared\":true,\"installed\":true,\"version\":\"13.8.0\",\"resolution\":\"C:\\\\rezeptlogik-app\\\\functions\\\\node_modules\\\\firebase-admin\\\\lib\\\\index.js\"}"}}
[2026-05-12T18:00:12.876Z] [runtime-status] [30144] Resolved module firebase-functions {"declared":true,"installed":true,"version":"6.6.0","resolution":"C:\\rezeptlogik-app\\functions\\node_modules\\firebase-functions\\lib\\v2\\index.js"} {"metadata":{"emulator":{"name":"functions"},"function":{"name":"europe-west3-refreshRampUp"},"extension":{},"message":"[runtime-status] [30144] Resolved module firebase-functions {\"declared\":true,\"installed\":true,\"version\":\"6.6.0\",\"resolution\":\"C:\\\\rezeptlogik-app\\\\functions\\\\node_modules\\\\firebase-functions\\\\lib\\\\v2\\\\index.js\"}"}}
[2026-05-12T18:00:12.879Z] [runtime-status] [33784] Resolved module firebase-functions {"declared":true,"installed":true,"version":"6.6.0","resolution":"C:\\rezeptlogik-app\\functions\\node_modules\\firebase-functions\\lib\\v2\\index.js"} {"metadata":{"emulator":{"name":"functions"},"function":{"name":"europe-west3-refreshRampUp"},"extension":{},"message":"[runtime-status] [33784] Resolved module firebase-functions {\"declared\":true,\"installed\":true,\"version\":\"6.6.0\",\"resolution\":\"C:\\\\rezeptlogik-app\\\\functions\\\\node_modules\\\\firebase-functions\\\\lib\\\\v2\\\\index.js\"}"}}
[2026-05-12T18:00:13.118Z] [runtime-status] [30144] firebase-admin has been stubbed. {"adminResolution":{"declared":true,"installed":true,"version":"13.8.0","resolution":"C:\\rezeptlogik-app\\functions\\node_modules\\firebase-admin\\lib\\index.js"}} {"metadata":{"emulator":{"name":"functions"},"function":{"name":"europe-west3-refreshRampUp"},"extension":{},"message":"[runtime-status] [30144] firebase-admin has been stubbed. {\"adminResolution\":{\"declared\":true,\"installed\":true,\"version\":\"13.8.0\",\"resolution\":\"C:\\\\rezeptlogik-app\\\\functions\\\\node_modules\\\\firebase-admin\\\\lib\\\\index.js\"}}"}}
[2026-05-12T18:00:13.126Z] [runtime-status] [33784] firebase-admin has been stubbed. {"adminResolution":{"declared":true,"installed":true,"version":"13.8.0","resolution":"C:\\rezeptlogik-app\\functions\\node_modules\\firebase-admin\\lib\\index.js"}} {"metadata":{"emulator":{"name":"functions"},"function":{"name":"europe-west3-refreshRampUp"},"extension":{},"message":"[runtime-status] [33784] firebase-admin has been stubbed. {\"adminResolution\":{\"declared\":true,\"installed\":true,\"version\":\"13.8.0\",\"resolution\":\"C:\\\\rezeptlogik-app\\\\functions\\\\node_modules\\\\firebase-admin\\\\lib\\\\index.js\"}}"}}
!  External network resource requested!
   - URL: "http://169.254.169.254/latest/api/token"
 - Be careful, this may be a production service. {"metadata":{"emulator":{"name":"functions"},"function":{"name":"europe-west3-refreshRampUp"},"extension":{},"message":"External network resource requested!\n   - URL: \"http://169.254.169.254/latest/api/token\"\n - Be careful, this may be a production service."}}
!  External network resource requested!
   - URL: "http://169.254.169.254/latest/api/token"
 - Be careful, this may be a production service. {"metadata":{"emulator":{"name":"functions"},"function":{"name":"europe-west3-refreshRampUp"},"extension":{},"message":"External network resource requested!\n   - URL: \"http://169.254.169.254/latest/api/token\"\n - Be careful, this may be a production service."}}
!  External network resource requested!
   - URL: "http://169.254.169.254/metadata/instance?api-version=2021-02-01"
 - Be careful, this may be a production service. {"metadata":{"emulator":{"name":"functions"},"function":{"name":"europe-west3-refreshRampUp"},"extension":{},"message":"External network resource requested!\n   - URL: \"http://169.254.169.254/metadata/instance?api-version=2021-02-01\"\n - Be careful, this may be a production service."}}
!  External network resource requested!
   - URL: "http://169.254.169.254/metadata/identity/oauth2/token?api-version=2018-02-01&resource=https%3A%2F%2Fmanagement.azure.com"
 - Be careful, this may be a production service. {"metadata":{"emulator":{"name":"functions"},"function":{"name":"europe-west3-refreshRampUp"},"extension":{},"message":"External network resource requested!\n   - URL: \"http://169.254.169.254/metadata/identity/oauth2/token?api-version=2018-02-01&resource=https%3A%2F%2Fmanagement.azure.com\"\n - Be careful, this may be a production service."}}
!  External network resource requested!
   - URL: "http://metadata.google.internal"
 - Be careful, this may be a production service. {"metadata":{"emulator":{"name":"functions"},"function":{"name":"europe-west3-refreshRampUp"},"extension":{},"message":"External network resource requested!\n   - URL: \"http://metadata.google.internal\"\n - Be careful, this may be a production service."}}
!  External network resource requested!
   - URL: "http://169.254.169.254/metadata/instance?api-version=2021-02-01"
 - Be careful, this may be a production service. {"metadata":{"emulator":{"name":"functions"},"function":{"name":"europe-west3-refreshRampUp"},"extension":{},"message":"External network resource requested!\n   - URL: \"http://169.254.169.254/metadata/instance?api-version=2021-02-01\"\n - Be careful, this may be a production service."}}
!  External network resource requested!
   - URL: "http://169.254.169.254/metadata/identity/oauth2/token?api-version=2018-02-01&resource=https%3A%2F%2Fmanagement.azure.com"
 - Be careful, this may be a production service. {"metadata":{"emulator":{"name":"functions"},"function":{"name":"europe-west3-refreshRampUp"},"extension":{},"message":"External network resource requested!\n   - URL: \"http://169.254.169.254/metadata/identity/oauth2/token?api-version=2018-02-01&resource=https%3A%2F%2Fmanagement.azure.com\"\n - Be careful, this may be a production service."}}
!  External network resource requested!
   - URL: "http://metadata.google.internal"
 - Be careful, this may be a production service. {"metadata":{"emulator":{"name":"functions"},"function":{"name":"europe-west3-refreshRampUp"},"extension":{},"message":"External network resource requested!\n   - URL: \"http://metadata.google.internal\"\n - Be careful, this may be a production service."}}
!  External network resource requested!
   - URL: "http://metadata.google.internal/computeMetadata/v1/instance/service-accounts/default/email"
 - Be careful, this may be a production service. {"metadata":{"emulator":{"name":"functions"},"function":{"name":"europe-west3-refreshRampUp"},"extension":{},"message":"External network resource requested!\n   - URL: \"http://metadata.google.internal/computeMetadata/v1/instance/service-accounts/default/email\"\n - Be careful, this may be a production service."}}
!  External network resource requested!
   - URL: "http://metadata.google.internal/computeMetadata/v1/instance/service-accounts/default/email"
 - Be careful, this may be a production service. {"metadata":{"emulator":{"name":"functions"},"function":{"name":"europe-west3-refreshRampUp"},"extension":{},"message":"External network resource requested!\n   - URL: \"http://metadata.google.internal/computeMetadata/v1/instance/service-accounts/default/email\"\n - Be careful, this may be a production service."}}
[2026-05-12T18:00:14.510Z] [runtime-status] [27372] initializeApp(DEFAULT) {"storageBucket":"hellofresh-de-problem-solve.firebasestorage.app","projectId":"hellofresh-de-problem-solve"} {"metadata":{"emulator":{"name":"functions"},"function":{"name":"europe-west3-refreshRampUp"},"extension":{},"message":"[runtime-status] [27372] initializeApp(DEFAULT) {\"storageBucket\":\"hellofresh-de-problem-solve.firebasestorage.app\",\"projectId\":\"hellofresh-de-problem-solve\"}"}}
[2026-05-12T18:00:14.517Z] [runtime-status] [24796] initializeApp(DEFAULT) {"storageBucket":"hellofresh-de-problem-solve.firebasestorage.app","projectId":"hellofresh-de-problem-solve"} {"metadata":{"emulator":{"name":"functions"},"function":{"name":"europe-west3-refreshRampUp"},"extension":{},"message":"[runtime-status] [24796] initializeApp(DEFAULT) {\"storageBucket\":\"hellofresh-de-problem-solve.firebasestorage.app\",\"projectId\":\"hellofresh-de-problem-solve\"}"}}
[2026-05-12T18:00:14.532Z] [runtime-status] [27372] Functions runtime initialized. {"cwd":"C:\\rezeptlogik-app\\functions","node_version":"24.11.1"} {"metadata":{"emulator":{"name":"functions"},"function":{"name":"europe-west3-refreshRampUp"},"extension":{},"message":"[runtime-status] [27372] Functions runtime initialized. {\"cwd\":\"C:\\\\rezeptlogik-app\\\\functions\",\"node_version\":\"24.11.1\"}"}}
[2026-05-12T18:00:14.538Z] [runtime-status] [27372] Listening to port: \\?\pipe\fire_emu_ada92ff832bc857b {"metadata":{"emulator":{"name":"functions"},"function":{"name":"europe-west3-refreshRampUp"},"extension":{},"message":"[runtime-status] [27372] Listening to port: \\\\?\\pipe\\fire_emu_ada92ff832bc857b"}}
[2026-05-12T18:00:14.543Z] [runtime-status] [24796] Functions runtime initialized. {"cwd":"C:\\rezeptlogik-app\\functions","node_version":"24.11.1"} {"metadata":{"emulator":{"name":"functions"},"function":{"name":"europe-west3-refreshRampUp"},"extension":{},"message":"[runtime-status] [24796] Functions runtime initialized. {\"cwd\":\"C:\\\\rezeptlogik-app\\\\functions\",\"node_version\":\"24.11.1\"}"}}
[2026-05-12T18:00:14.551Z] [runtime-status] [24796] Listening to port: \\?\pipe\fire_emu_5e189fcc9e4a89dc {"metadata":{"emulator":{"name":"functions"},"function":{"name":"europe-west3-refreshRampUp"},"extension":{},"message":"[runtime-status] [24796] Listening to port: \\\\?\\pipe\\fire_emu_5e189fcc9e4a89dc"}}
[2026-05-12T18:00:14.567Z] [worker-europe-west3-refreshRampUp-2bfa5881-eddb-4386-8cae-ba0a763e9d29]: IDLE {"metadata":{"emulator":{"name":"functions"},"function":{"name":"europe-west3-refreshRampUp"},"extension":{},"message":"[worker-europe-west3-refreshRampUp-2bfa5881-eddb-4386-8cae-ba0a763e9d29]: IDLE"}}
[2026-05-12T18:00:14.568Z] [worker-pool] submitRequest(triggerId=europe-west3-refreshRampUp) {"metadata":{"emulator":{"name":"functions"},"message":"[worker-pool] submitRequest(triggerId=europe-west3-refreshRampUp)"}}
i  functions: Beginning execution of "europe-west3-refreshRampUp" {"metadata":{"emulator":{"name":"functions"},"function":{"name":"europe-west3-refreshRampUp"},"extension":{},"message":"Beginning execution of \"europe-west3-refreshRampUp\""}}
[2026-05-12T18:00:14.569Z] [worker-europe-west3-refreshRampUp-2bfa5881-eddb-4386-8cae-ba0a763e9d29]: BUSY {"metadata":{"emulator":{"name":"functions"},"function":{"name":"europe-west3-refreshRampUp"},"extension":{},"message":"[worker-europe-west3-refreshRampUp-2bfa5881-eddb-4386-8cae-ba0a763e9d29]: BUSY"}}
[2026-05-12T18:00:14.629Z] [worker-europe-west3-refreshRampUp-a2653083-a685-4905-acc5-178c8fcb7752]: IDLE {"metadata":{"emulator":{"name":"functions"},"function":{"name":"europe-west3-refreshRampUp"},"extension":{},"message":"[worker-europe-west3-refreshRampUp-a2653083-a685-4905-acc5-178c8fcb7752]: IDLE"}}
[2026-05-12T18:00:14.631Z] [worker-pool] submitRequest(triggerId=europe-west3-refreshRampUp) {"metadata":{"emulator":{"name":"functions"},"message":"[worker-pool] submitRequest(triggerId=europe-west3-refreshRampUp)"}}
i  functions: Beginning execution of "europe-west3-refreshRampUp" {"metadata":{"emulator":{"name":"functions"},"function":{"name":"europe-west3-refreshRampUp"},"extension":{},"message":"Beginning execution of \"europe-west3-refreshRampUp\""}}
[2026-05-12T18:00:14.633Z] [worker-europe-west3-refreshRampUp-a2653083-a685-4905-acc5-178c8fcb7752]: BUSY {"metadata":{"emulator":{"name":"functions"},"function":{"name":"europe-west3-refreshRampUp"},"extension":{},"message":"[worker-europe-west3-refreshRampUp-a2653083-a685-4905-acc5-178c8fcb7752]: BUSY"}}
!  External network resource requested!
   - URL: "http://169.254.169.254/latest/dynamic/instance-identity/document"
 - Be careful, this may be a production service. {"metadata":{"emulator":{"name":"functions"},"function":{"name":"europe-west3-refreshRampUp"},"extension":{},"message":"External network resource requested!\n   - URL: \"http://169.254.169.254/latest/dynamic/instance-identity/document\"\n - Be careful, this may be a production service."}}
!  External network resource requested!
   - URL: "http://169.254.169.254/latest/dynamic/instance-identity/document"
 - Be careful, this may be a production service. {"metadata":{"emulator":{"name":"functions"},"function":{"name":"europe-west3-refreshRampUp"},"extension":{},"message":"External network resource requested!\n   - URL: \"http://169.254.169.254/latest/dynamic/instance-identity/document\"\n - Be careful, this may be a production service."}}
!  Google API requested!
   - URL: "https://oauth2.googleapis.com/token"
   - Be careful, this may be a production service. {"metadata":{"emulator":{"name":"functions"},"function":{"name":"europe-west3-refreshRampUp"},"extension":{},"message":"Google API requested!\n   - URL: \"https://oauth2.googleapis.com/token\"\n   - Be careful, this may be a production service."}}
!  Google API requested!
   - URL: "https://oauth2.googleapis.com/token"
   - Be careful, this may be a production service. {"metadata":{"emulator":{"name":"functions"},"function":{"name":"europe-west3-refreshRampUp"},"extension":{},"message":"Google API requested!\n   - URL: \"https://oauth2.googleapis.com/token\"\n   - Be careful, this may be a production service."}}
!  Google API requested!
   - URL: "https://www.googleapis.com/oauth2/v4/token"
   - Be careful, this may be a production service. {"metadata":{"emulator":{"name":"functions"},"function":{"name":"europe-west3-refreshRampUp"},"extension":{},"message":"Google API requested!\n   - URL: \"https://www.googleapis.com/oauth2/v4/token\"\n   - Be careful, this may be a production service."}}
!  Google API requested!
   - URL: "https://www.googleapis.com/oauth2/v4/token"
   - Be careful, this may be a production service. {"metadata":{"emulator":{"name":"functions"},"function":{"name":"europe-west3-refreshRampUp"},"extension":{},"message":"Google API requested!\n   - URL: \"https://www.googleapis.com/oauth2/v4/token\"\n   - Be careful, this may be a production service."}}
!  Google API requested!
   - URL: "https://sheets.googleapis.com/v4/spreadsheets/1IEi_CB9KylW2MgjNiGax5EIvhhAtkIzm57uO1sSESj8/values/Meal%20Selection%21A3%3AX1000"
   - Be careful, this may be a production service. {"metadata":{"emulator":{"name":"functions"},"function":{"name":"europe-west3-refreshRampUp"},"extension":{},"message":"Google API requested!\n   - URL: \"https://sheets.googleapis.com/v4/spreadsheets/1IEi_CB9KylW2MgjNiGax5EIvhhAtkIzm57uO1sSESj8/values/Meal%20Selection%21A3%3AX1000\"\n   - Be careful, this may be a production service."}}
!  Google API requested!
   - URL: "https://sheets.googleapis.com/v4/spreadsheets/1IEi_CB9KylW2MgjNiGax5EIvhhAtkIzm57uO1sSESj8/values/Meal%20Selection%21A3%3AX1000"
   - Be careful, this may be a production service. {"metadata":{"emulator":{"name":"functions"},"function":{"name":"europe-west3-refreshRampUp"},"extension":{},"message":"Google API requested!\n   - URL: \"https://sheets.googleapis.com/v4/spreadsheets/1IEi_CB9KylW2MgjNiGax5EIvhhAtkIzm57uO1sSESj8/values/Meal%20Selection%21A3%3AX1000\"\n   - Be careful, this may be a production service."}}
!  External network resource requested!
   - URL: "http://169.254.169.254/latest/api/token"
 - Be careful, this may be a production service. {"metadata":{"emulator":{"name":"functions"},"function":{"name":"europe-west3-refreshRampUp"},"extension":{},"message":"External network resource requested!\n   - URL: \"http://169.254.169.254/latest/api/token\"\n - Be careful, this may be a production service."}}
!  External network resource requested!
   - URL: "http://169.254.169.254/metadata/instance?api-version=2021-02-01"
 - Be careful, this may be a production service. {"metadata":{"emulator":{"name":"functions"},"function":{"name":"europe-west3-refreshRampUp"},"extension":{},"message":"External network resource requested!\n   - URL: \"http://169.254.169.254/metadata/instance?api-version=2021-02-01\"\n - Be careful, this may be a production service."}}
!  External network resource requested!
   - URL: "http://169.254.169.254/metadata/identity/oauth2/token?api-version=2018-02-01&resource=https%3A%2F%2Fmanagement.azure.com"
 - Be careful, this may be a production service. {"metadata":{"emulator":{"name":"functions"},"function":{"name":"europe-west3-refreshRampUp"},"extension":{},"message":"External network resource requested!\n   - URL: \"http://169.254.169.254/metadata/identity/oauth2/token?api-version=2018-02-01&resource=https%3A%2F%2Fmanagement.azure.com\"\n - Be careful, this may be a production service."}}
!  External network resource requested!
   - URL: "http://metadata.google.internal"
 - Be careful, this may be a production service. {"metadata":{"emulator":{"name":"functions"},"function":{"name":"europe-west3-refreshRampUp"},"extension":{},"message":"External network resource requested!\n   - URL: \"http://metadata.google.internal\"\n - Be careful, this may be a production service."}}
!  External network resource requested!
   - URL: "http://metadata.google.internal/computeMetadata/v1/instance/service-accounts/default/email"
 - Be careful, this may be a production service. {"metadata":{"emulator":{"name":"functions"},"function":{"name":"europe-west3-refreshRampUp"},"extension":{},"message":"External network resource requested!\n   - URL: \"http://metadata.google.internal/computeMetadata/v1/instance/service-accounts/default/email\"\n - Be careful, this may be a production service."}}
!  External network resource requested!
   - URL: "http://169.254.169.254/latest/api/token"
 - Be careful, this may be a production service. {"metadata":{"emulator":{"name":"functions"},"function":{"name":"europe-west3-refreshRampUp"},"extension":{},"message":"External network resource requested!\n   - URL: \"http://169.254.169.254/latest/api/token\"\n - Be careful, this may be a production service."}}
!  External network resource requested!
   - URL: "http://169.254.169.254/metadata/instance?api-version=2021-02-01"
 - Be careful, this may be a production service. {"metadata":{"emulator":{"name":"functions"},"function":{"name":"europe-west3-refreshRampUp"},"extension":{},"message":"External network resource requested!\n   - URL: \"http://169.254.169.254/metadata/instance?api-version=2021-02-01\"\n - Be careful, this may be a production service."}}
!  External network resource requested!
   - URL: "http://169.254.169.254/metadata/identity/oauth2/token?api-version=2018-02-01&resource=https%3A%2F%2Fmanagement.azure.com"
 - Be careful, this may be a production service. {"metadata":{"emulator":{"name":"functions"},"function":{"name":"europe-west3-refreshRampUp"},"extension":{},"message":"External network resource requested!\n   - URL: \"http://169.254.169.254/metadata/identity/oauth2/token?api-version=2018-02-01&resource=https%3A%2F%2Fmanagement.azure.com\"\n - Be careful, this may be a production service."}}
!  External network resource requested!
   - URL: "http://metadata.google.internal"
 - Be careful, this may be a production service. {"metadata":{"emulator":{"name":"functions"},"function":{"name":"europe-west3-refreshRampUp"},"extension":{},"message":"External network resource requested!\n   - URL: \"http://metadata.google.internal\"\n - Be careful, this may be a production service."}}
!  External network resource requested!
   - URL: "http://metadata.google.internal/computeMetadata/v1/instance/service-accounts/default/email"
 - Be careful, this may be a production service. {"metadata":{"emulator":{"name":"functions"},"function":{"name":"europe-west3-refreshRampUp"},"extension":{},"message":"External network resource requested!\n   - URL: \"http://metadata.google.internal/computeMetadata/v1/instance/service-accounts/default/email\"\n - Be careful, this may be a production service."}}
[2026-05-12T18:00:17.291Z] [runtime-status] [33784] initializeApp(DEFAULT) {"storageBucket":"hellofresh-de-problem-solve.firebasestorage.app","projectId":"hellofresh-de-problem-solve"} {"metadata":{"emulator":{"name":"functions"},"function":{"name":"europe-west3-refreshRampUp"},"extension":{},"message":"[runtime-status] [33784] initializeApp(DEFAULT) {\"storageBucket\":\"hellofresh-de-problem-solve.firebasestorage.app\",\"projectId\":\"hellofresh-de-problem-solve\"}"}}
[2026-05-12T18:00:17.302Z] [runtime-status] [33784] Functions runtime initialized. {"cwd":"C:\\rezeptlogik-app\\functions","node_version":"24.11.1"} {"metadata":{"emulator":{"name":"functions"},"function":{"name":"europe-west3-refreshRampUp"},"extension":{},"message":"[runtime-status] [33784] Functions runtime initialized. {\"cwd\":\"C:\\\\rezeptlogik-app\\\\functions\",\"node_version\":\"24.11.1\"}"}}
[2026-05-12T18:00:17.305Z] [runtime-status] [33784] Listening to port: \\?\pipe\fire_emu_09f5722882b9d1a3 {"metadata":{"emulator":{"name":"functions"},"function":{"name":"europe-west3-refreshRampUp"},"extension":{},"message":"[runtime-status] [33784] Listening to port: \\\\?\\pipe\\fire_emu_09f5722882b9d1a3"}}
[2026-05-12T18:00:17.315Z] [runtime-status] [30144] initializeApp(DEFAULT) {"storageBucket":"hellofresh-de-problem-solve.firebasestorage.app","projectId":"hellofresh-de-problem-solve"} {"metadata":{"emulator":{"name":"functions"},"function":{"name":"europe-west3-refreshRampUp"},"extension":{},"message":"[runtime-status] [30144] initializeApp(DEFAULT) {\"storageBucket\":\"hellofresh-de-problem-solve.firebasestorage.app\",\"projectId\":\"hellofresh-de-problem-solve\"}"}}
[2026-05-12T18:00:17.333Z] [runtime-status] [30144] Functions runtime initialized. {"cwd":"C:\\rezeptlogik-app\\functions","node_version":"24.11.1"} {"metadata":{"emulator":{"name":"functions"},"function":{"name":"europe-west3-refreshRampUp"},"extension":{},"message":"[runtime-status] [30144] Functions runtime initialized. {\"cwd\":\"C:\\\\rezeptlogik-app\\\\functions\",\"node_version\":\"24.11.1\"}"}}
[2026-05-12T18:00:17.338Z] [runtime-status] [30144] Listening to port: \\?\pipe\fire_emu_b8129a2e8264a9cc {"metadata":{"emulator":{"name":"functions"},"function":{"name":"europe-west3-refreshRampUp"},"extension":{},"message":"[runtime-status] [30144] Listening to port: \\\\?\\pipe\\fire_emu_b8129a2e8264a9cc"}}
[2026-05-12T18:00:17.356Z] [worker-europe-west3-refreshRampUp-7861fcc7-bbc8-4257-96f4-0815fc0b8707]: IDLE {"metadata":{"emulator":{"name":"functions"},"function":{"name":"europe-west3-refreshRampUp"},"extension":{},"message":"[worker-europe-west3-refreshRampUp-7861fcc7-bbc8-4257-96f4-0815fc0b8707]: IDLE"}}
[2026-05-12T18:00:17.356Z] [worker-pool] submitRequest(triggerId=europe-west3-refreshRampUp) {"metadata":{"emulator":{"name":"functions"},"message":"[worker-pool] submitRequest(triggerId=europe-west3-refreshRampUp)"}}
i  functions: Beginning execution of "europe-west3-refreshRampUp" {"metadata":{"emulator":{"name":"functions"},"function":{"name":"europe-west3-refreshRampUp"},"extension":{},"message":"Beginning execution of \"europe-west3-refreshRampUp\""}}
[2026-05-12T18:00:17.358Z] [worker-europe-west3-refreshRampUp-7861fcc7-bbc8-4257-96f4-0815fc0b8707]: BUSY {"metadata":{"emulator":{"name":"functions"},"function":{"name":"europe-west3-refreshRampUp"},"extension":{},"message":"[worker-europe-west3-refreshRampUp-7861fcc7-bbc8-4257-96f4-0815fc0b8707]: BUSY"}}
[2026-05-12T18:00:17.372Z] Finishing up request with event=pause {"metadata":{"emulator":{"name":"functions"},"function":{"name":"europe-west3-refreshRampUp"},"extension":{},"message":"Finishing up request with event=pause"}}
i  functions: Finished "europe-west3-refreshRampUp" in 2803.5256ms {"metadata":{"emulator":{"name":"functions"},"function":{"name":"europe-west3-refreshRampUp"},"extension":{},"message":"Finished \"europe-west3-refreshRampUp\" in 2803.5256ms"}}
[2026-05-12T18:00:17.374Z] [worker-europe-west3-refreshRampUp-2bfa5881-eddb-4386-8cae-ba0a763e9d29]: IDLE {"metadata":{"emulator":{"name":"functions"},"function":{"name":"europe-west3-refreshRampUp"},"extension":{},"message":"[worker-europe-west3-refreshRampUp-2bfa5881-eddb-4386-8cae-ba0a763e9d29]: IDLE"}}
[2026-05-12T18:00:17.374Z] Finishing up request with event=finish {"metadata":{"emulator":{"name":"functions"},"function":{"name":"europe-west3-refreshRampUp"},"extension":{},"message":"Finishing up request with event=finish"}}
[2026-05-12T18:00:17.374Z] Finishing up request with event=close {"metadata":{"emulator":{"name":"functions"},"function":{"name":"europe-west3-refreshRampUp"},"extension":{},"message":"Finishing up request with event=close"}}
[2026-05-12T18:00:17.375Z] [work-queue] {"queuedWork":[],"queueLength":0,"runningWork":["/hellofresh-de-problem-solve/europe-west3/refreshRampUp-2026-05-12T18:00:08.766Z","/hellofresh-de-problem-solve/europe-west3/refreshRampUp-2026-05-12T18:00:10.626Z","/hellofresh-de-problem-solve/europe-west3/refreshRampUp-2026-05-12T18:00:10.649Z"],"workRunningCount":3}
[2026-05-12T18:00:17.382Z] [worker-europe-west3-refreshRampUp-052b015b-d067-4b23-bcb0-3bbf58816b07]: IDLE {"metadata":{"emulator":{"name":"functions"},"function":{"name":"europe-west3-refreshRampUp"},"extension":{},"message":"[worker-europe-west3-refreshRampUp-052b015b-d067-4b23-bcb0-3bbf58816b07]: IDLE"}}
[2026-05-12T18:00:17.383Z] [worker-pool] submitRequest(triggerId=europe-west3-refreshRampUp) {"metadata":{"emulator":{"name":"functions"},"message":"[worker-pool] submitRequest(triggerId=europe-west3-refreshRampUp)"}}
i  functions: Beginning execution of "europe-west3-refreshRampUp" {"metadata":{"emulator":{"name":"functions"},"function":{"name":"europe-west3-refreshRampUp"},"extension":{},"message":"Beginning execution of \"europe-west3-refreshRampUp\""}}
[2026-05-12T18:00:17.384Z] [worker-europe-west3-refreshRampUp-2bfa5881-eddb-4386-8cae-ba0a763e9d29]: BUSY {"metadata":{"emulator":{"name":"functions"},"function":{"name":"europe-west3-refreshRampUp"},"extension":{},"message":"[worker-europe-west3-refreshRampUp-2bfa5881-eddb-4386-8cae-ba0a763e9d29]: BUSY"}}
[2026-05-12T18:00:17.385Z] Finishing up request with event=pause {"metadata":{"emulator":{"name":"functions"},"function":{"name":"europe-west3-refreshRampUp"},"extension":{},"message":"Finishing up request with event=pause"}}
i  functions: Finished "europe-west3-refreshRampUp" in 2753.0387ms {"metadata":{"emulator":{"name":"functions"},"function":{"name":"europe-west3-refreshRampUp"},"extension":{},"message":"Finished \"europe-west3-refreshRampUp\" in 2753.0387ms"}}
[2026-05-12T18:00:17.386Z] [worker-europe-west3-refreshRampUp-a2653083-a685-4905-acc5-178c8fcb7752]: IDLE {"metadata":{"emulator":{"name":"functions"},"function":{"name":"europe-west3-refreshRampUp"},"extension":{},"message":"[worker-europe-west3-refreshRampUp-a2653083-a685-4905-acc5-178c8fcb7752]: IDLE"}}
[2026-05-12T18:00:17.386Z] Finishing up request with event=finish {"metadata":{"emulator":{"name":"functions"},"function":{"name":"europe-west3-refreshRampUp"},"extension":{},"message":"Finishing up request with event=finish"}}
[2026-05-12T18:00:17.387Z] Finishing up request with event=close {"metadata":{"emulator":{"name":"functions"},"function":{"name":"europe-west3-refreshRampUp"},"extension":{},"message":"Finishing up request with event=close"}}
[2026-05-12T18:00:17.387Z] [work-queue] {"queuedWork":[],"queueLength":0,"runningWork":["/hellofresh-de-problem-solve/europe-west3/refreshRampUp-2026-05-12T18:00:10.626Z","/hellofresh-de-problem-solve/europe-west3/refreshRampUp-2026-05-12T18:00:10.649Z"],"workRunningCount":2}
!  External network resource requested!
   - URL: "http://169.254.169.254/latest/dynamic/instance-identity/document"
 - Be careful, this may be a production service. {"metadata":{"emulator":{"name":"functions"},"function":{"name":"europe-west3-refreshRampUp"},"extension":{},"message":"External network resource requested!\n   - URL: \"http://169.254.169.254/latest/dynamic/instance-identity/document\"\n - Be careful, this may be a production service."}}
[2026-05-12T18:00:17.473Z] Finishing up request with event=pause {"metadata":{"emulator":{"name":"functions"},"function":{"name":"europe-west3-refreshRampUp"},"extension":{},"message":"Finishing up request with event=pause"}}
i  functions: Finished "europe-west3-refreshRampUp" in 90.1371ms {"metadata":{"emulator":{"name":"functions"},"function":{"name":"europe-west3-refreshRampUp"},"extension":{},"message":"Finished \"europe-west3-refreshRampUp\" in 90.1371ms"}}
[2026-05-12T18:00:17.474Z] [worker-europe-west3-refreshRampUp-2bfa5881-eddb-4386-8cae-ba0a763e9d29]: IDLE {"metadata":{"emulator":{"name":"functions"},"function":{"name":"europe-west3-refreshRampUp"},"extension":{},"message":"[worker-europe-west3-refreshRampUp-2bfa5881-eddb-4386-8cae-ba0a763e9d29]: IDLE"}}
[2026-05-12T18:00:17.475Z] Finishing up request with event=finish {"metadata":{"emulator":{"name":"functions"},"function":{"name":"europe-west3-refreshRampUp"},"extension":{},"message":"Finishing up request with event=finish"}}
[2026-05-12T18:00:17.475Z] Finishing up request with event=close {"metadata":{"emulator":{"name":"functions"},"function":{"name":"europe-west3-refreshRampUp"},"extension":{},"message":"Finishing up request with event=close"}}
[2026-05-12T18:00:17.476Z] [work-queue] {"queuedWork":[],"queueLength":0,"runningWork":["/hellofresh-de-problem-solve/europe-west3/refreshRampUp-2026-05-12T18:00:10.626Z"],"workRunningCount":1}
!  External network resource requested!
   - URL: "http://169.254.169.254/latest/dynamic/instance-identity/document"
 - Be careful, this may be a production service. {"metadata":{"emulator":{"name":"functions"},"function":{"name":"europe-west3-refreshRampUp"},"extension":{},"message":"External network resource requested!\n   - URL: \"http://169.254.169.254/latest/dynamic/instance-identity/document\"\n - Be careful, this may be a production service."}}
!  Google API requested!
   - URL: "https://oauth2.googleapis.com/token"
   - Be careful, this may be a production service. {"metadata":{"emulator":{"name":"functions"},"function":{"name":"europe-west3-refreshRampUp"},"extension":{},"message":"Google API requested!\n   - URL: \"https://oauth2.googleapis.com/token\"\n   - Be careful, this may be a production service."}}
[2026-05-12T18:00:18.467Z] Finishing up request with event=pause {"metadata":{"emulator":{"name":"functions"},"function":{"name":"europe-west3-refreshRampUp"},"extension":{},"message":"Finishing up request with event=pause"}}
i  functions: Finished "europe-west3-refreshRampUp" in 1110.9222ms {"metadata":{"emulator":{"name":"functions"},"function":{"name":"europe-west3-refreshRampUp"},"extension":{},"message":"Finished \"europe-west3-refreshRampUp\" in 1110.9222ms"}}
[2026-05-12T18:00:18.469Z] [worker-europe-west3-refreshRampUp-7861fcc7-bbc8-4257-96f4-0815fc0b8707]: IDLE {"metadata":{"emulator":{"name":"functions"},"function":{"name":"europe-west3-refreshRampUp"},"extension":{},"message":"[worker-europe-west3-refreshRampUp-7861fcc7-bbc8-4257-96f4-0815fc0b8707]: IDLE"}}
[2026-05-12T18:00:18.470Z] Finishing up request with event=finish {"metadata":{"emulator":{"name":"functions"},"function":{"name":"europe-west3-refreshRampUp"},"extension":{},"message":"Finishing up request with event=finish"}}
[2026-05-12T18:00:18.470Z] Finishing up request with event=close {"metadata":{"emulator":{"name":"functions"},"function":{"name":"europe-west3-refreshRampUp"},"extension":{},"message":"Finishing up request with event=close"}}
[2026-05-12T18:00:18.471Z] [work-queue] {"queuedWork":[],"queueLength":0,"runningWork":[],"workRunningCount":0}
[2026-05-12T18:00:20.053Z] [work-queue] {"queuedWork":["/hellofresh-de-problem-solve/europe-west3/wmsLive-2026-05-12T18:00:20.053Z"],"queueLength":1,"runningWork":[],"workRunningCount":0}
[2026-05-12T18:00:20.053Z] [work-queue] {"queuedWork":[],"queueLength":0,"runningWork":["/hellofresh-de-problem-solve/europe-west3/wmsLive-2026-05-12T18:00:20.053Z"],"workRunningCount":1}
[2026-05-12T18:00:20.054Z] Accepted request GET /hellofresh-de-problem-solve/europe-west3/wmsLive?week=2026-W17 --> europe-west3-wmsLive
[2026-05-12T18:00:20.056Z] [functions] Runtime ready! Sending request! {"metadata":{"emulator":{"name":"functions"},"message":"[functions] Runtime ready! Sending request!"}}
[2026-05-12T18:00:20.057Z] [functions] Got req.url=/hellofresh-de-problem-solve/europe-west3/wmsLive?week=2026-W17, mapping to path=/?week=2026-W17 {"metadata":{"emulator":{"name":"functions"},"message":"[functions] Got req.url=/hellofresh-de-problem-solve/europe-west3/wmsLive?week=2026-W17, mapping to path=/?week=2026-W17"}}
[2026-05-12T18:00:20.058Z] [worker-pool] submitRequest(triggerId=europe-west3-wmsLive) {"metadata":{"emulator":{"name":"functions"},"message":"[worker-pool] submitRequest(triggerId=europe-west3-wmsLive)"}}
i  functions: Beginning execution of "europe-west3-wmsLive" {"metadata":{"emulator":{"name":"functions"},"function":{"name":"europe-west3-wmsLive"},"extension":{},"message":"Beginning execution of \"europe-west3-wmsLive\""}}
[2026-05-12T18:00:20.059Z] [worker-europe-west3-wmsLive-37a01939-1520-4630-80ee-4ca2a329792c]: BUSY {"metadata":{"emulator":{"name":"functions"},"function":{"name":"europe-west3-wmsLive"},"extension":{},"message":"[worker-europe-west3-wmsLive-37a01939-1520-4630-80ee-4ca2a329792c]: BUSY"}}
[2026-05-12T18:00:20.063Z] Finishing up request with event=pause {"metadata":{"emulator":{"name":"functions"},"function":{"name":"europe-west3-wmsLive"},"extension":{},"message":"Finishing up request with event=pause"}}
i  functions: Finished "europe-west3-wmsLive" in 4.9564ms {"metadata":{"emulator":{"name":"functions"},"function":{"name":"europe-west3-wmsLive"},"extension":{},"message":"Finished \"europe-west3-wmsLive\" in 4.9564ms"}}
[2026-05-12T18:00:20.064Z] [worker-europe-west3-wmsLive-37a01939-1520-4630-80ee-4ca2a329792c]: IDLE {"metadata":{"emulator":{"name":"functions"},"function":{"name":"europe-west3-wmsLive"},"extension":{},"message":"[worker-europe-west3-wmsLive-37a01939-1520-4630-80ee-4ca2a329792c]: IDLE"}}
[2026-05-12T18:00:20.065Z] Finishing up request with event=finish {"metadata":{"emulator":{"name":"functions"},"function":{"name":"europe-west3-wmsLive"},"extension":{},"message":"Finishing up request with event=finish"}}
[2026-05-12T18:00:20.065Z] Finishing up request with event=close {"metadata":{"emulator":{"name":"functions"},"function":{"name":"europe-west3-wmsLive"},"extension":{},"message":"Finishing up request with event=close"}}
[2026-05-12T18:00:20.065Z] [work-queue] {"queuedWork":[],"queueLength":0,"runningWork":[],"workRunningCount":0}
[2026-05-12T18:00:41.495Z] [work-queue] {"queuedWork":["/hellofresh-de-problem-solve/europe-west3/refreshRampUp-2026-05-12T18:00:41.495Z"],"queueLength":1,"runningWork":[],"workRunningCount":0}
[2026-05-12T18:00:41.496Z] [work-queue] {"queuedWork":[],"queueLength":0,"runningWork":["/hellofresh-de-problem-solve/europe-west3/refreshRampUp-2026-05-12T18:00:41.495Z"],"workRunningCount":1}
[2026-05-12T18:00:41.496Z] Accepted request POST /hellofresh-de-problem-solve/europe-west3/refreshRampUp --> europe-west3-refreshRampUp
[2026-05-12T18:00:41.498Z] [functions] Runtime ready! Sending request! {"metadata":{"emulator":{"name":"functions"},"message":"[functions] Runtime ready! Sending request!"}}
[2026-05-12T18:00:41.499Z] [functions] Got req.url=/hellofresh-de-problem-solve/europe-west3/refreshRampUp, mapping to path=/ {"metadata":{"emulator":{"name":"functions"},"message":"[functions] Got req.url=/hellofresh-de-problem-solve/europe-west3/refreshRampUp, mapping to path=/"}}
[2026-05-12T18:00:41.499Z] [worker-pool] submitRequest(triggerId=europe-west3-refreshRampUp) {"metadata":{"emulator":{"name":"functions"},"message":"[worker-pool] submitRequest(triggerId=europe-west3-refreshRampUp)"}}
i  functions: Beginning execution of "europe-west3-refreshRampUp" {"metadata":{"emulator":{"name":"functions"},"function":{"name":"europe-west3-refreshRampUp"},"extension":{},"message":"Beginning execution of \"europe-west3-refreshRampUp\""}}
[2026-05-12T18:00:41.500Z] [worker-europe-west3-refreshRampUp-a2653083-a685-4905-acc5-178c8fcb7752]: BUSY {"metadata":{"emulator":{"name":"functions"},"function":{"name":"europe-west3-refreshRampUp"},"extension":{},"message":"[worker-europe-west3-refreshRampUp-a2653083-a685-4905-acc5-178c8fcb7752]: BUSY"}}
[2026-05-12T18:00:41.502Z] [work-queue] {"queuedWork":["/hellofresh-de-problem-solve/europe-west3/refreshRampUp-2026-05-12T18:00:41.502Z"],"queueLength":1,"runningWork":["/hellofresh-de-problem-solve/europe-west3/refreshRampUp-2026-05-12T18:00:41.495Z"],"workRunningCount":1}
[2026-05-12T18:00:41.502Z] [work-queue] {"queuedWork":[],"queueLength":0,"runningWork":["/hellofresh-de-problem-solve/europe-west3/refreshRampUp-2026-05-12T18:00:41.495Z","/hellofresh-de-problem-solve/europe-west3/refreshRampUp-2026-05-12T18:00:41.502Z"],"workRunningCount":2}
[2026-05-12T18:00:41.503Z] Accepted request POST /hellofresh-de-problem-solve/europe-west3/refreshRampUp --> europe-west3-refreshRampUp
[2026-05-12T18:00:41.505Z] [functions] Runtime ready! Sending request! {"metadata":{"emulator":{"name":"functions"},"message":"[functions] Runtime ready! Sending request!"}}
[2026-05-12T18:00:41.505Z] [functions] Got req.url=/hellofresh-de-problem-solve/europe-west3/refreshRampUp, mapping to path=/ {"metadata":{"emulator":{"name":"functions"},"message":"[functions] Got req.url=/hellofresh-de-problem-solve/europe-west3/refreshRampUp, mapping to path=/"}}
[2026-05-12T18:00:41.505Z] [worker-pool] submitRequest(triggerId=europe-west3-refreshRampUp) {"metadata":{"emulator":{"name":"functions"},"message":"[worker-pool] submitRequest(triggerId=europe-west3-refreshRampUp)"}}
i  functions: Beginning execution of "europe-west3-refreshRampUp" {"metadata":{"emulator":{"name":"functions"},"function":{"name":"europe-west3-refreshRampUp"},"extension":{},"message":"Beginning execution of \"europe-west3-refreshRampUp\""}}
[2026-05-12T18:00:41.507Z] [worker-europe-west3-refreshRampUp-2bfa5881-eddb-4386-8cae-ba0a763e9d29]: BUSY {"metadata":{"emulator":{"name":"functions"},"function":{"name":"europe-west3-refreshRampUp"},"extension":{},"message":"[worker-europe-west3-refreshRampUp-2bfa5881-eddb-4386-8cae-ba0a763e9d29]: BUSY"}}
[2026-05-12T18:00:41.599Z] Finishing up request with event=pause {"metadata":{"emulator":{"name":"functions"},"function":{"name":"europe-west3-refreshRampUp"},"extension":{},"message":"Finishing up request with event=pause"}}
i  functions: Finished "europe-west3-refreshRampUp" in 93.87ms {"metadata":{"emulator":{"name":"functions"},"function":{"name":"europe-west3-refreshRampUp"},"extension":{},"message":"Finished \"europe-west3-refreshRampUp\" in 93.87ms"}}
[2026-05-12T18:00:41.601Z] [worker-europe-west3-refreshRampUp-2bfa5881-eddb-4386-8cae-ba0a763e9d29]: IDLE {"metadata":{"emulator":{"name":"functions"},"function":{"name":"europe-west3-refreshRampUp"},"extension":{},"message":"[worker-europe-west3-refreshRampUp-2bfa5881-eddb-4386-8cae-ba0a763e9d29]: IDLE"}}
[2026-05-12T18:00:41.602Z] Finishing up request with event=finish {"metadata":{"emulator":{"name":"functions"},"function":{"name":"europe-west3-refreshRampUp"},"extension":{},"message":"Finishing up request with event=finish"}}
[2026-05-12T18:00:41.602Z] Finishing up request with event=close {"metadata":{"emulator":{"name":"functions"},"function":{"name":"europe-west3-refreshRampUp"},"extension":{},"message":"Finishing up request with event=close"}}
[2026-05-12T18:00:41.602Z] [work-queue] {"queuedWork":[],"queueLength":0,"runningWork":["/hellofresh-de-problem-solve/europe-west3/refreshRampUp-2026-05-12T18:00:41.495Z"],"workRunningCount":1}
[2026-05-12T18:00:41.604Z] Finishing up request with event=pause {"metadata":{"emulator":{"name":"functions"},"function":{"name":"europe-west3-refreshRampUp"},"extension":{},"message":"Finishing up request with event=pause"}}
i  functions: Finished "europe-west3-refreshRampUp" in 103.6641ms {"metadata":{"emulator":{"name":"functions"},"function":{"name":"europe-west3-refreshRampUp"},"extension":{},"message":"Finished \"europe-west3-refreshRampUp\" in 103.6641ms"}}
[2026-05-12T18:00:41.605Z] [worker-europe-west3-refreshRampUp-a2653083-a685-4905-acc5-178c8fcb7752]: IDLE {"metadata":{"emulator":{"name":"functions"},"function":{"name":"europe-west3-refreshRampUp"},"extension":{},"message":"[worker-europe-west3-refreshRampUp-a2653083-a685-4905-acc5-178c8fcb7752]: IDLE"}}
[2026-05-12T18:00:41.605Z] Finishing up request with event=finish {"metadata":{"emulator":{"name":"functions"},"function":{"name":"europe-west3-refreshRampUp"},"extension":{},"message":"Finishing up request with event=finish"}}
[2026-05-12T18:00:41.606Z] Finishing up request with event=close {"metadata":{"emulator":{"name":"functions"},"function":{"name":"europe-west3-refreshRampUp"},"extension":{},"message":"Finishing up request with event=close"}}
[2026-05-12T18:00:41.606Z] [work-queue] {"queuedWork":[],"queueLength":0,"runningWork":[],"workRunningCount":0}
[2026-05-12T18:00:53.129Z] [work-queue] {"queuedWork":["/hellofresh-de-problem-solve/europe-west3/refreshRampUp-2026-05-12T18:00:53.129Z"],"queueLength":1,"runningWork":[],"workRunningCount":0}
[2026-05-12T18:00:53.130Z] [work-queue] {"queuedWork":[],"queueLength":0,"runningWork":["/hellofresh-de-problem-solve/europe-west3/refreshRampUp-2026-05-12T18:00:53.129Z"],"workRunningCount":1}
[2026-05-12T18:00:53.131Z] Accepted request POST /hellofresh-de-problem-solve/europe-west3/refreshRampUp --> europe-west3-refreshRampUp
[2026-05-12T18:00:53.133Z] [functions] Runtime ready! Sending request! {"metadata":{"emulator":{"name":"functions"},"message":"[functions] Runtime ready! Sending request!"}}
[2026-05-12T18:00:53.133Z] [functions] Got req.url=/hellofresh-de-problem-solve/europe-west3/refreshRampUp, mapping to path=/ {"metadata":{"emulator":{"name":"functions"},"message":"[functions] Got req.url=/hellofresh-de-problem-solve/europe-west3/refreshRampUp, mapping to path=/"}}
[2026-05-12T18:00:53.133Z] [worker-pool] submitRequest(triggerId=europe-west3-refreshRampUp) {"metadata":{"emulator":{"name":"functions"},"message":"[worker-pool] submitRequest(triggerId=europe-west3-refreshRampUp)"}}
i  functions: Beginning execution of "europe-west3-refreshRampUp" {"metadata":{"emulator":{"name":"functions"},"function":{"name":"europe-west3-refreshRampUp"},"extension":{},"message":"Beginning execution of \"europe-west3-refreshRampUp\""}}
[2026-05-12T18:00:53.134Z] [worker-europe-west3-refreshRampUp-a2653083-a685-4905-acc5-178c8fcb7752]: BUSY {"metadata":{"emulator":{"name":"functions"},"function":{"name":"europe-west3-refreshRampUp"},"extension":{},"message":"[worker-europe-west3-refreshRampUp-a2653083-a685-4905-acc5-178c8fcb7752]: BUSY"}}
[2026-05-12T18:00:53.135Z] [work-queue] {"queuedWork":["/hellofresh-de-problem-solve/europe-west3/refreshRampUp-2026-05-12T18:00:53.135Z"],"queueLength":1,"runningWork":["/hellofresh-de-problem-solve/europe-west3/refreshRampUp-2026-05-12T18:00:53.129Z"],"workRunningCount":1}
[2026-05-12T18:00:53.135Z] [work-queue] {"queuedWork":[],"queueLength":0,"runningWork":["/hellofresh-de-problem-solve/europe-west3/refreshRampUp-2026-05-12T18:00:53.129Z","/hellofresh-de-problem-solve/europe-west3/refreshRampUp-2026-05-12T18:00:53.135Z"],"workRunningCount":2}
[2026-05-12T18:00:53.136Z] Accepted request POST /hellofresh-de-problem-solve/europe-west3/refreshRampUp --> europe-west3-refreshRampUp
[2026-05-12T18:00:53.138Z] [functions] Runtime ready! Sending request! {"metadata":{"emulator":{"name":"functions"},"message":"[functions] Runtime ready! Sending request!"}}
[2026-05-12T18:00:53.138Z] [functions] Got req.url=/hellofresh-de-problem-solve/europe-west3/refreshRampUp, mapping to path=/ {"metadata":{"emulator":{"name":"functions"},"message":"[functions] Got req.url=/hellofresh-de-problem-solve/europe-west3/refreshRampUp, mapping to path=/"}}
[2026-05-12T18:00:53.139Z] [worker-pool] submitRequest(triggerId=europe-west3-refreshRampUp) {"metadata":{"emulator":{"name":"functions"},"message":"[worker-pool] submitRequest(triggerId=europe-west3-refreshRampUp)"}}
i  functions: Beginning execution of "europe-west3-refreshRampUp" {"metadata":{"emulator":{"name":"functions"},"function":{"name":"europe-west3-refreshRampUp"},"extension":{},"message":"Beginning execution of \"europe-west3-refreshRampUp\""}}
[2026-05-12T18:00:53.139Z] [worker-europe-west3-refreshRampUp-2bfa5881-eddb-4386-8cae-ba0a763e9d29]: BUSY {"metadata":{"emulator":{"name":"functions"},"function":{"name":"europe-west3-refreshRampUp"},"extension":{},"message":"[worker-europe-west3-refreshRampUp-2bfa5881-eddb-4386-8cae-ba0a763e9d29]: BUSY"}}
[2026-05-12T18:00:53.227Z] Finishing up request with event=pause {"metadata":{"emulator":{"name":"functions"},"function":{"name":"europe-west3-refreshRampUp"},"extension":{},"message":"Finishing up request with event=pause"}}
i  functions: Finished "europe-west3-refreshRampUp" in 89.1578ms {"metadata":{"emulator":{"name":"functions"},"function":{"name":"europe-west3-refreshRampUp"},"extension":{},"message":"Finished \"europe-west3-refreshRampUp\" in 89.1578ms"}}
[2026-05-12T18:00:53.230Z] [worker-europe-west3-refreshRampUp-2bfa5881-eddb-4386-8cae-ba0a763e9d29]: IDLE {"metadata":{"emulator":{"name":"functions"},"function":{"name":"europe-west3-refreshRampUp"},"extension":{},"message":"[worker-europe-west3-refreshRampUp-2bfa5881-eddb-4386-8cae-ba0a763e9d29]: IDLE"}}
[2026-05-12T18:00:53.230Z] Finishing up request with event=finish {"metadata":{"emulator":{"name":"functions"},"function":{"name":"europe-west3-refreshRampUp"},"extension":{},"message":"Finishing up request with event=finish"}}
[2026-05-12T18:00:53.231Z] Finishing up request with event=close {"metadata":{"emulator":{"name":"functions"},"function":{"name":"europe-west3-refreshRampUp"},"extension":{},"message":"Finishing up request with event=close"}}
[2026-05-12T18:00:53.231Z] [work-queue] {"queuedWork":[],"queueLength":0,"runningWork":["/hellofresh-de-problem-solve/europe-west3/refreshRampUp-2026-05-12T18:00:53.129Z"],"workRunningCount":1}
[2026-05-12T18:00:53.459Z] Finishing up request with event=pause {"metadata":{"emulator":{"name":"functions"},"function":{"name":"europe-west3-refreshRampUp"},"extension":{},"message":"Finishing up request with event=pause"}}
i  functions: Finished "europe-west3-refreshRampUp" in 326.629ms {"metadata":{"emulator":{"name":"functions"},"function":{"name":"europe-west3-refreshRampUp"},"extension":{},"message":"Finished \"europe-west3-refreshRampUp\" in 326.629ms"}}
[2026-05-12T18:00:53.462Z] [worker-europe-west3-refreshRampUp-a2653083-a685-4905-acc5-178c8fcb7752]: IDLE {"metadata":{"emulator":{"name":"functions"},"function":{"name":"europe-west3-refreshRampUp"},"extension":{},"message":"[worker-europe-west3-refreshRampUp-a2653083-a685-4905-acc5-178c8fcb7752]: IDLE"}}
[2026-05-12T18:00:53.463Z] Finishing up request with event=finish {"metadata":{"emulator":{"name":"functions"},"function":{"name":"europe-west3-refreshRampUp"},"extension":{},"message":"Finishing up request with event=finish"}}
[2026-05-12T18:00:53.464Z] Finishing up request with event=close {"metadata":{"emulator":{"name":"functions"},"function":{"name":"europe-west3-refreshRampUp"},"extension":{},"message":"Finishing up request with event=close"}}
[2026-05-12T18:00:53.465Z] [work-queue] {"queuedWork":[],"queueLength":0,"runningWork":[],"workRunningCount":0}
[2026-05-12T18:00:56.965Z] [work-queue] {"queuedWork":["/hellofresh-de-problem-solve/europe-west3/refreshRampUp-2026-05-12T18:00:56.965Z"],"queueLength":1,"runningWork":[],"workRunningCount":0}
[2026-05-12T18:00:56.966Z] [work-queue] {"queuedWork":[],"queueLength":0,"runningWork":["/hellofresh-de-problem-solve/europe-west3/refreshRampUp-2026-05-12T18:00:56.965Z"],"workRunningCount":1}
[2026-05-12T18:00:56.966Z] Accepted request POST /hellofresh-de-problem-solve/europe-west3/refreshRampUp --> europe-west3-refreshRampUp
[2026-05-12T18:00:56.967Z] [functions] Runtime ready! Sending request! {"metadata":{"emulator":{"name":"functions"},"message":"[functions] Runtime ready! Sending request!"}}
[2026-05-12T18:00:56.967Z] [functions] Got req.url=/hellofresh-de-problem-solve/europe-west3/refreshRampUp, mapping to path=/ {"metadata":{"emulator":{"name":"functions"},"message":"[functions] Got req.url=/hellofresh-de-problem-solve/europe-west3/refreshRampUp, mapping to path=/"}}
[2026-05-12T18:00:56.968Z] [worker-pool] submitRequest(triggerId=europe-west3-refreshRampUp) {"metadata":{"emulator":{"name":"functions"},"message":"[worker-pool] submitRequest(triggerId=europe-west3-refreshRampUp)"}}
i  functions: Beginning execution of "europe-west3-refreshRampUp" {"metadata":{"emulator":{"name":"functions"},"function":{"name":"europe-west3-refreshRampUp"},"extension":{},"message":"Beginning execution of \"europe-west3-refreshRampUp\""}}
[2026-05-12T18:00:56.968Z] [worker-europe-west3-refreshRampUp-a2653083-a685-4905-acc5-178c8fcb7752]: BUSY {"metadata":{"emulator":{"name":"functions"},"function":{"name":"europe-west3-refreshRampUp"},"extension":{},"message":"[worker-europe-west3-refreshRampUp-a2653083-a685-4905-acc5-178c8fcb7752]: BUSY"}}
[2026-05-12T18:00:56.970Z] [work-queue] {"queuedWork":["/hellofresh-de-problem-solve/europe-west3/refreshRampUp-2026-05-12T18:00:56.970Z"],"queueLength":1,"runningWork":["/hellofresh-de-problem-solve/europe-west3/refreshRampUp-2026-05-12T18:00:56.965Z"],"workRunningCount":1}
[2026-05-12T18:00:56.970Z] [work-queue] {"queuedWork":[],"queueLength":0,"runningWork":["/hellofresh-de-problem-solve/europe-west3/refreshRampUp-2026-05-12T18:00:56.965Z","/hellofresh-de-problem-solve/europe-west3/refreshRampUp-2026-05-12T18:00:56.970Z"],"workRunningCount":2}
[2026-05-12T18:00:56.970Z] Accepted request POST /hellofresh-de-problem-solve/europe-west3/refreshRampUp --> europe-west3-refreshRampUp
[2026-05-12T18:00:56.971Z] [functions] Runtime ready! Sending request! {"metadata":{"emulator":{"name":"functions"},"message":"[functions] Runtime ready! Sending request!"}}
[2026-05-12T18:00:56.972Z] [functions] Got req.url=/hellofresh-de-problem-solve/europe-west3/refreshRampUp, mapping to path=/ {"metadata":{"emulator":{"name":"functions"},"message":"[functions] Got req.url=/hellofresh-de-problem-solve/europe-west3/refreshRampUp, mapping to path=/"}}
[2026-05-12T18:00:56.972Z] [worker-pool] submitRequest(triggerId=europe-west3-refreshRampUp) {"metadata":{"emulator":{"name":"functions"},"message":"[worker-pool] submitRequest(triggerId=europe-west3-refreshRampUp)"}}
i  functions: Beginning execution of "europe-west3-refreshRampUp" {"metadata":{"emulator":{"name":"functions"},"function":{"name":"europe-west3-refreshRampUp"},"extension":{},"message":"Beginning execution of \"europe-west3-refreshRampUp\""}}
[2026-05-12T18:00:56.973Z] [worker-europe-west3-refreshRampUp-2bfa5881-eddb-4386-8cae-ba0a763e9d29]: BUSY {"metadata":{"emulator":{"name":"functions"},"function":{"name":"europe-west3-refreshRampUp"},"extension":{},"message":"[worker-europe-west3-refreshRampUp-2bfa5881-eddb-4386-8cae-ba0a763e9d29]: BUSY"}}
[2026-05-12T18:00:57.058Z] Finishing up request with event=pause {"metadata":{"emulator":{"name":"functions"},"function":{"name":"europe-west3-refreshRampUp"},"extension":{},"message":"Finishing up request with event=pause"}}
i  functions: Finished "europe-west3-refreshRampUp" in 86.0792ms {"metadata":{"emulator":{"name":"functions"},"function":{"name":"europe-west3-refreshRampUp"},"extension":{},"message":"Finished \"europe-west3-refreshRampUp\" in 86.0792ms"}}
[2026-05-12T18:00:57.060Z] [worker-europe-west3-refreshRampUp-2bfa5881-eddb-4386-8cae-ba0a763e9d29]: IDLE {"metadata":{"emulator":{"name":"functions"},"function":{"name":"europe-west3-refreshRampUp"},"extension":{},"message":"[worker-europe-west3-refreshRampUp-2bfa5881-eddb-4386-8cae-ba0a763e9d29]: IDLE"}}
[2026-05-12T18:00:57.060Z] Finishing up request with event=finish {"metadata":{"emulator":{"name":"functions"},"function":{"name":"europe-west3-refreshRampUp"},"extension":{},"message":"Finishing up request with event=finish"}}
[2026-05-12T18:00:57.061Z] Finishing up request with event=close {"metadata":{"emulator":{"name":"functions"},"function":{"name":"europe-west3-refreshRampUp"},"extension":{},"message":"Finishing up request with event=close"}}
[2026-05-12T18:00:57.061Z] [work-queue] {"queuedWork":[],"queueLength":0,"runningWork":["/hellofresh-de-problem-solve/europe-west3/refreshRampUp-2026-05-12T18:00:56.965Z"],"workRunningCount":1}
[2026-05-12T18:00:57.064Z] Finishing up request with event=pause {"metadata":{"emulator":{"name":"functions"},"function":{"name":"europe-west3-refreshRampUp"},"extension":{},"message":"Finishing up request with event=pause"}}
i  functions: Finished "europe-west3-refreshRampUp" in 96.2721ms {"metadata":{"emulator":{"name":"functions"},"function":{"name":"europe-west3-refreshRampUp"},"extension":{},"message":"Finished \"europe-west3-refreshRampUp\" in 96.2721ms"}}
[2026-05-12T18:00:57.065Z] [worker-europe-west3-refreshRampUp-a2653083-a685-4905-acc5-178c8fcb7752]: IDLE {"metadata":{"emulator":{"name":"functions"},"function":{"name":"europe-west3-refreshRampUp"},"extension":{},"message":"[worker-europe-west3-refreshRampUp-a2653083-a685-4905-acc5-178c8fcb7752]: IDLE"}}
[2026-05-12T18:00:57.066Z] Finishing up request with event=finish {"metadata":{"emulator":{"name":"functions"},"function":{"name":"europe-west3-refreshRampUp"},"extension":{},"message":"Finishing up request with event=finish"}}
[2026-05-12T18:00:57.066Z] Finishing up request with event=close {"metadata":{"emulator":{"name":"functions"},"function":{"name":"europe-west3-refreshRampUp"},"extension":{},"message":"Finishing up request with event=close"}}
[2026-05-12T18:00:57.066Z] [work-queue] {"queuedWork":[],"queueLength":0,"runningWork":[],"workRunningCount":0}
[2026-05-12T18:00:58.558Z] [work-queue] {"queuedWork":["/hellofresh-de-problem-solve/europe-west3/refreshRampUp-2026-05-12T18:00:58.558Z"],"queueLength":1,"runningWork":[],"workRunningCount":0}
[2026-05-12T18:00:58.559Z] [work-queue] {"queuedWork":[],"queueLength":0,"runningWork":["/hellofresh-de-problem-solve/europe-west3/refreshRampUp-2026-05-12T18:00:58.558Z"],"workRunningCount":1}
[2026-05-12T18:00:58.559Z] Accepted request POST /hellofresh-de-problem-solve/europe-west3/refreshRampUp --> europe-west3-refreshRampUp
[2026-05-12T18:00:58.560Z] [functions] Runtime ready! Sending request! {"metadata":{"emulator":{"name":"functions"},"message":"[functions] Runtime ready! Sending request!"}}
[2026-05-12T18:00:58.560Z] [functions] Got req.url=/hellofresh-de-problem-solve/europe-west3/refreshRampUp, mapping to path=/ {"metadata":{"emulator":{"name":"functions"},"message":"[functions] Got req.url=/hellofresh-de-problem-solve/europe-west3/refreshRampUp, mapping to path=/"}}
[2026-05-12T18:00:58.561Z] [worker-pool] submitRequest(triggerId=europe-west3-refreshRampUp) {"metadata":{"emulator":{"name":"functions"},"message":"[worker-pool] submitRequest(triggerId=europe-west3-refreshRampUp)"}}
i  functions: Beginning execution of "europe-west3-refreshRampUp" {"metadata":{"emulator":{"name":"functions"},"function":{"name":"europe-west3-refreshRampUp"},"extension":{},"message":"Beginning execution of \"europe-west3-refreshRampUp\""}}
[2026-05-12T18:00:58.561Z] [worker-europe-west3-refreshRampUp-a2653083-a685-4905-acc5-178c8fcb7752]: BUSY {"metadata":{"emulator":{"name":"functions"},"function":{"name":"europe-west3-refreshRampUp"},"extension":{},"message":"[worker-europe-west3-refreshRampUp-a2653083-a685-4905-acc5-178c8fcb7752]: BUSY"}}
[2026-05-12T18:00:58.562Z] [work-queue] {"queuedWork":["/hellofresh-de-problem-solve/europe-west3/refreshRampUp-2026-05-12T18:00:58.562Z"],"queueLength":1,"runningWork":["/hellofresh-de-problem-solve/europe-west3/refreshRampUp-2026-05-12T18:00:58.558Z"],"workRunningCount":1}
[2026-05-12T18:00:58.562Z] [work-queue] {"queuedWork":[],"queueLength":0,"runningWork":["/hellofresh-de-problem-solve/europe-west3/refreshRampUp-2026-05-12T18:00:58.558Z","/hellofresh-de-problem-solve/europe-west3/refreshRampUp-2026-05-12T18:00:58.562Z"],"workRunningCount":2}
[2026-05-12T18:00:58.563Z] Accepted request POST /hellofresh-de-problem-solve/europe-west3/refreshRampUp --> europe-west3-refreshRampUp
[2026-05-12T18:00:58.563Z] [functions] Runtime ready! Sending request! {"metadata":{"emulator":{"name":"functions"},"message":"[functions] Runtime ready! Sending request!"}}
[2026-05-12T18:00:58.563Z] [functions] Got req.url=/hellofresh-de-problem-solve/europe-west3/refreshRampUp, mapping to path=/ {"metadata":{"emulator":{"name":"functions"},"message":"[functions] Got req.url=/hellofresh-de-problem-solve/europe-west3/refreshRampUp, mapping to path=/"}}
[2026-05-12T18:00:58.564Z] [worker-pool] submitRequest(triggerId=europe-west3-refreshRampUp) {"metadata":{"emulator":{"name":"functions"},"message":"[worker-pool] submitRequest(triggerId=europe-west3-refreshRampUp)"}}
i  functions: Beginning execution of "europe-west3-refreshRampUp" {"metadata":{"emulator":{"name":"functions"},"function":{"name":"europe-west3-refreshRampUp"},"extension":{},"message":"Beginning execution of \"europe-west3-refreshRampUp\""}}
[2026-05-12T18:00:58.564Z] [worker-europe-west3-refreshRampUp-2bfa5881-eddb-4386-8cae-ba0a763e9d29]: BUSY {"metadata":{"emulator":{"name":"functions"},"function":{"name":"europe-west3-refreshRampUp"},"extension":{},"message":"[worker-europe-west3-refreshRampUp-2bfa5881-eddb-4386-8cae-ba0a763e9d29]: BUSY"}}
[2026-05-12T18:00:58.641Z] Finishing up request with event=pause {"metadata":{"emulator":{"name":"functions"},"function":{"name":"europe-west3-refreshRampUp"},"extension":{},"message":"Finishing up request with event=pause"}}
i  functions: Finished "europe-west3-refreshRampUp" in 82.2593ms {"metadata":{"emulator":{"name":"functions"},"function":{"name":"europe-west3-refreshRampUp"},"extension":{},"message":"Finished \"europe-west3-refreshRampUp\" in 82.2593ms"}}
[2026-05-12T18:00:58.644Z] [worker-europe-west3-refreshRampUp-a2653083-a685-4905-acc5-178c8fcb7752]: IDLE {"metadata":{"emulator":{"name":"functions"},"function":{"name":"europe-west3-refreshRampUp"},"extension":{},"message":"[worker-europe-west3-refreshRampUp-a2653083-a685-4905-acc5-178c8fcb7752]: IDLE"}}
[2026-05-12T18:00:58.644Z] Finishing up request with event=finish {"metadata":{"emulator":{"name":"functions"},"function":{"name":"europe-west3-refreshRampUp"},"extension":{},"message":"Finishing up request with event=finish"}}
[2026-05-12T18:00:58.645Z] Finishing up request with event=close {"metadata":{"emulator":{"name":"functions"},"function":{"name":"europe-west3-refreshRampUp"},"extension":{},"message":"Finishing up request with event=close"}}
[2026-05-12T18:00:58.646Z] [work-queue] {"queuedWork":[],"queueLength":0,"runningWork":["/hellofresh-de-problem-solve/europe-west3/refreshRampUp-2026-05-12T18:00:58.562Z"],"workRunningCount":1}
[2026-05-12T18:00:58.653Z] Finishing up request with event=pause {"metadata":{"emulator":{"name":"functions"},"function":{"name":"europe-west3-refreshRampUp"},"extension":{},"message":"Finishing up request with event=pause"}}
i  functions: Finished "europe-west3-refreshRampUp" in 89.7041ms {"metadata":{"emulator":{"name":"functions"},"function":{"name":"europe-west3-refreshRampUp"},"extension":{},"message":"Finished \"europe-west3-refreshRampUp\" in 89.7041ms"}}
[2026-05-12T18:00:58.654Z] [worker-europe-west3-refreshRampUp-2bfa5881-eddb-4386-8cae-ba0a763e9d29]: IDLE {"metadata":{"emulator":{"name":"functions"},"function":{"name":"europe-west3-refreshRampUp"},"extension":{},"message":"[worker-europe-west3-refreshRampUp-2bfa5881-eddb-4386-8cae-ba0a763e9d29]: IDLE"}}
[2026-05-12T18:00:58.655Z] Finishing up request with event=finish {"metadata":{"emulator":{"name":"functions"},"function":{"name":"europe-west3-refreshRampUp"},"extension":{},"message":"Finishing up request with event=finish"}}
[2026-05-12T18:00:58.655Z] Finishing up request with event=close {"metadata":{"emulator":{"name":"functions"},"function":{"name":"europe-west3-refreshRampUp"},"extension":{},"message":"Finishing up request with event=close"}}
[2026-05-12T18:00:58.656Z] [work-queue] {"queuedWork":[],"queueLength":0,"runningWork":[],"workRunningCount":0}
[2026-05-12T18:01:10.362Z] [work-queue] {"queuedWork":["/hellofresh-de-problem-solve/europe-west3/wmsLive-2026-05-12T18:01:10.362Z"],"queueLength":1,"runningWork":[],"workRunningCount":0}
[2026-05-12T18:01:10.364Z] [work-queue] {"queuedWork":[],"queueLength":0,"runningWork":["/hellofresh-de-problem-solve/europe-west3/wmsLive-2026-05-12T18:01:10.362Z"],"workRunningCount":1}
[2026-05-12T18:01:10.364Z] Accepted request GET /hellofresh-de-problem-solve/europe-west3/wmsLive?week=2026-W17 --> europe-west3-wmsLive
[2026-05-12T18:01:10.366Z] [functions] Runtime ready! Sending request! {"metadata":{"emulator":{"name":"functions"},"message":"[functions] Runtime ready! Sending request!"}}
[2026-05-12T18:01:10.366Z] [functions] Got req.url=/hellofresh-de-problem-solve/europe-west3/wmsLive?week=2026-W17, mapping to path=/?week=2026-W17 {"metadata":{"emulator":{"name":"functions"},"message":"[functions] Got req.url=/hellofresh-de-problem-solve/europe-west3/wmsLive?week=2026-W17, mapping to path=/?week=2026-W17"}}
[2026-05-12T18:01:10.367Z] [worker-pool] submitRequest(triggerId=europe-west3-wmsLive) {"metadata":{"emulator":{"name":"functions"},"message":"[worker-pool] submitRequest(triggerId=europe-west3-wmsLive)"}}
i  functions: Beginning execution of "europe-west3-wmsLive" {"metadata":{"emulator":{"name":"functions"},"function":{"name":"europe-west3-wmsLive"},"extension":{},"message":"Beginning execution of \"europe-west3-wmsLive\""}}
[2026-05-12T18:01:10.368Z] [worker-europe-west3-wmsLive-37a01939-1520-4630-80ee-4ca2a329792c]: BUSY {"metadata":{"emulator":{"name":"functions"},"function":{"name":"europe-west3-wmsLive"},"extension":{},"message":"[worker-europe-west3-wmsLive-37a01939-1520-4630-80ee-4ca2a329792c]: BUSY"}}
>  {"level":"INFO","message":"[6:01:10.370 PM]: Creating new connection object"} {"user":{"level":"INFO","message":"[6:01:10.370 PM]: Creating new connection object"},"metadata":{"emulator":{"name":"functions"},"function":{"name":"europe-west3-wmsLive"},"extension":{},"message":"\u001b[90m> \u001b[39m {\"level\":\"INFO\",\"message\":\"[6:01:10.370 PM]: Creating new connection object\"}\r"}}
>  {"level":"INFO","message":"[6:01:10.371 PM]: Creating Connection[id: 1ff5ec6b-6340-4e81-b006-6d05869b45cd] with host: XG02811-OO69432.snowflakecomputing.com, account: XG02811-OO69432, accessUrl: https://XG02811-OO69432.snowflakecomputing.com, user: MARCEL.SPINDLER@HELLOFRESH.DE, role: US_OPS_ANALYTICS_USER, database: US_OPS_ANALYTICS, schema: HIGHJUMP, warehouse: US_OPS_ANALYTICS, proxy was not configured, password is not provided, region: undefined, authenticator: EXTERNALBROWSER, ocsp mode: FAIL_OPEN, os: win32, os version: 10.0.26100"} {"user":{"level":"INFO","message":"[6:01:10.371 PM]: Creating Connection[id: 1ff5ec6b-6340-4e81-b006-6d05869b45cd] with host: XG02811-OO69432.snowflakecomputing.com, account: XG02811-OO69432, accessUrl: https://XG02811-OO69432.snowflakecomputing.com, user: MARCEL.SPINDLER@HELLOFRESH.DE, role: US_OPS_ANALYTICS_USER, database: US_OPS_ANALYTICS, schema: HIGHJUMP, warehouse: US_OPS_ANALYTICS, proxy was not configured, password is not provided, region: undefined, authenticator: EXTERNALBROWSER, ocsp mode: FAIL_OPEN, os: win32, os version: 10.0.26100"},"metadata":{"emulator":{"name":"functions"},"function":{"name":"europe-west3-wmsLive"},"extension":{},"message":"\u001b[90m> \u001b[39m {\"level\":\"INFO\",\"message\":\"[6:01:10.371 PM]: Creating Connection[id: 1ff5ec6b-6340-4e81-b006-6d05869b45cd] with host: XG02811-OO69432.snowflakecomputing.com, account: XG02811-OO69432, accessUrl: https://XG02811-OO69432.snowflakecomputing.com, user: MARCEL.SPINDLER@HELLOFRESH.DE, role: US_OPS_ANALYTICS_USER, database: US_OPS_ANALYTICS, schema: HIGHJUMP, warehouse: US_OPS_ANALYTICS, proxy was not configured, password is not provided, region: undefined, authenticator: EXTERNALBROWSER, ocsp mode: FAIL_OPEN, os: win32, os version: 10.0.26100\"}\r"}}
>  {"level":"INFO","message":"[6:01:10.371 PM]: Connection[id: 1ff5ec6b-6340-4e81-b006-6d05869b45cd] additional details: passcode in password is provided, passcode is not provided, private key is not provided, application: rezeptlogik_wms_live, client name: snowflake-sdk, client version: 2.4.1, retry timeout: 300, private key path: undefined, private key pass is not provided, client store temporary credential: false, browser response timeout: 120000"} {"user":{"level":"INFO","message":"[6:01:10.371 PM]: Connection[id: 1ff5ec6b-6340-4e81-b006-6d05869b45cd] additional details: passcode in password is provided, passcode is not provided, private key is not provided, application: rezeptlogik_wms_live, client name: snowflake-sdk, client version: 2.4.1, retry timeout: 300, private key path: undefined, private key pass is not provided, client store temporary credential: false, browser response timeout: 120000"},"metadata":{"emulator":{"name":"functions"},"function":{"name":"europe-west3-wmsLive"},"extension":{},"message":"\u001b[90m> \u001b[39m {\"level\":\"INFO\",\"message\":\"[6:01:10.371 PM]: Connection[id: 1ff5ec6b-6340-4e81-b006-6d05869b45cd] additional details: passcode in password is provided, passcode is not provided, private key is not provided, application: rezeptlogik_wms_live, client name: snowflake-sdk, client version: 2.4.1, retry timeout: 300, private key path: undefined, private key pass is not provided, client store temporary credential: false, browser response timeout: 120000\"}\r"}}
>  {"level":"INFO","message":"[6:01:10.372 PM]: Connection[id: 1ff5ec6b-6340-4e81-b006-6d05869b45cd] - connection object created successfully."} {"user":{"level":"INFO","message":"[6:01:10.372 PM]: Connection[id: 1ff5ec6b-6340-4e81-b006-6d05869b45cd] - connection object created successfully."},"metadata":{"emulator":{"name":"functions"},"function":{"name":"europe-west3-wmsLive"},"extension":{},"message":"\u001b[90m> \u001b[39m {\"level\":\"INFO\",\"message\":\"[6:01:10.372 PM]: Connection[id: 1ff5ec6b-6340-4e81-b006-6d05869b45cd] - connection object created successfully.\"}\r"}}
>  {"level":"INFO","message":"[6:01:10.372 PM]: Connection[id: 1ff5ec6b-6340-4e81-b006-6d05869b45cd] - async connecting. Associated Snowflake domain: GLOBAL"} {"user":{"level":"INFO","message":"[6:01:10.372 PM]: Connection[id: 1ff5ec6b-6340-4e81-b006-6d05869b45cd] - async connecting. Associated Snowflake domain: GLOBAL"},"metadata":{"emulator":{"name":"functions"},"function":{"name":"europe-west3-wmsLive"},"extension":{},"message":"\u001b[90m> \u001b[39m {\"level\":\"INFO\",\"message\":\"[6:01:10.372 PM]: Connection[id: 1ff5ec6b-6340-4e81-b006-6d05869b45cd] - async connecting. Associated Snowflake domain: GLOBAL\"}\r"}}
[2026-05-12T18:01:10.700Z] [work-queue] {"queuedWork":["/hellofresh-de-problem-solve/europe-west3/refreshRampUp-2026-05-12T18:01:10.700Z"],"queueLength":1,"runningWork":["/hellofresh-de-problem-solve/europe-west3/wmsLive-2026-05-12T18:01:10.362Z"],"workRunningCount":1}
[2026-05-12T18:01:10.701Z] [work-queue] {"queuedWork":[],"queueLength":0,"runningWork":["/hellofresh-de-problem-solve/europe-west3/wmsLive-2026-05-12T18:01:10.362Z","/hellofresh-de-problem-solve/europe-west3/refreshRampUp-2026-05-12T18:01:10.700Z"],"workRunningCount":2}
[2026-05-12T18:01:10.701Z] Accepted request POST /hellofresh-de-problem-solve/europe-west3/refreshRampUp --> europe-west3-refreshRampUp
[2026-05-12T18:01:10.702Z] [functions] Runtime ready! Sending request! {"metadata":{"emulator":{"name":"functions"},"message":"[functions] Runtime ready! Sending request!"}}
[2026-05-12T18:01:10.702Z] [functions] Got req.url=/hellofresh-de-problem-solve/europe-west3/refreshRampUp, mapping to path=/ {"metadata":{"emulator":{"name":"functions"},"message":"[functions] Got req.url=/hellofresh-de-problem-solve/europe-west3/refreshRampUp, mapping to path=/"}}
[2026-05-12T18:01:10.703Z] [worker-pool] submitRequest(triggerId=europe-west3-refreshRampUp) {"metadata":{"emulator":{"name":"functions"},"message":"[worker-pool] submitRequest(triggerId=europe-west3-refreshRampUp)"}}
i  functions: Beginning execution of "europe-west3-refreshRampUp" {"metadata":{"emulator":{"name":"functions"},"function":{"name":"europe-west3-refreshRampUp"},"extension":{},"message":"Beginning execution of \"europe-west3-refreshRampUp\""}}
[2026-05-12T18:01:10.703Z] [worker-europe-west3-refreshRampUp-a2653083-a685-4905-acc5-178c8fcb7752]: BUSY {"metadata":{"emulator":{"name":"functions"},"function":{"name":"europe-west3-refreshRampUp"},"extension":{},"message":"[worker-europe-west3-refreshRampUp-a2653083-a685-4905-acc5-178c8fcb7752]: BUSY"}}
[2026-05-12T18:01:10.704Z] [work-queue] {"queuedWork":["/hellofresh-de-problem-solve/europe-west3/refreshRampUp-2026-05-12T18:01:10.704Z"],"queueLength":1,"runningWork":["/hellofresh-de-problem-solve/europe-west3/wmsLive-2026-05-12T18:01:10.362Z","/hellofresh-de-problem-solve/europe-west3/refreshRampUp-2026-05-12T18:01:10.700Z"],"workRunningCount":2}
[2026-05-12T18:01:10.705Z] [work-queue] {"queuedWork":[],"queueLength":0,"runningWork":["/hellofresh-de-problem-solve/europe-west3/wmsLive-2026-05-12T18:01:10.362Z","/hellofresh-de-problem-solve/europe-west3/refreshRampUp-2026-05-12T18:01:10.700Z","/hellofresh-de-problem-solve/europe-west3/refreshRampUp-2026-05-12T18:01:10.704Z"],"workRunningCount":3}
[2026-05-12T18:01:10.705Z] Accepted request POST /hellofresh-de-problem-solve/europe-west3/refreshRampUp --> europe-west3-refreshRampUp
[2026-05-12T18:01:10.707Z] [functions] Runtime ready! Sending request! {"metadata":{"emulator":{"name":"functions"},"message":"[functions] Runtime ready! Sending request!"}}
[2026-05-12T18:01:10.707Z] [functions] Got req.url=/hellofresh-de-problem-solve/europe-west3/refreshRampUp, mapping to path=/ {"metadata":{"emulator":{"name":"functions"},"message":"[functions] Got req.url=/hellofresh-de-problem-solve/europe-west3/refreshRampUp, mapping to path=/"}}
[2026-05-12T18:01:10.707Z] [worker-pool] submitRequest(triggerId=europe-west3-refreshRampUp) {"metadata":{"emulator":{"name":"functions"},"message":"[worker-pool] submitRequest(triggerId=europe-west3-refreshRampUp)"}}
i  functions: Beginning execution of "europe-west3-refreshRampUp" {"metadata":{"emulator":{"name":"functions"},"function":{"name":"europe-west3-refreshRampUp"},"extension":{},"message":"Beginning execution of \"europe-west3-refreshRampUp\""}}
[2026-05-12T18:01:10.708Z] [worker-europe-west3-refreshRampUp-2bfa5881-eddb-4386-8cae-ba0a763e9d29]: BUSY {"metadata":{"emulator":{"name":"functions"},"function":{"name":"europe-west3-refreshRampUp"},"extension":{},"message":"[worker-europe-west3-refreshRampUp-2bfa5881-eddb-4386-8cae-ba0a763e9d29]: BUSY"}}
[2026-05-12T18:01:10.793Z] Finishing up request with event=pause {"metadata":{"emulator":{"name":"functions"},"function":{"name":"europe-west3-refreshRampUp"},"extension":{},"message":"Finishing up request with event=pause"}}
i  functions: Finished "europe-west3-refreshRampUp" in 86.5676ms {"metadata":{"emulator":{"name":"functions"},"function":{"name":"europe-west3-refreshRampUp"},"extension":{},"message":"Finished \"europe-west3-refreshRampUp\" in 86.5676ms"}}
[2026-05-12T18:01:10.795Z] [worker-europe-west3-refreshRampUp-2bfa5881-eddb-4386-8cae-ba0a763e9d29]: IDLE {"metadata":{"emulator":{"name":"functions"},"function":{"name":"europe-west3-refreshRampUp"},"extension":{},"message":"[worker-europe-west3-refreshRampUp-2bfa5881-eddb-4386-8cae-ba0a763e9d29]: IDLE"}}
[2026-05-12T18:01:10.796Z] Finishing up request with event=finish {"metadata":{"emulator":{"name":"functions"},"function":{"name":"europe-west3-refreshRampUp"},"extension":{},"message":"Finishing up request with event=finish"}}
[2026-05-12T18:01:10.796Z] Finishing up request with event=close {"metadata":{"emulator":{"name":"functions"},"function":{"name":"europe-west3-refreshRampUp"},"extension":{},"message":"Finishing up request with event=close"}}
[2026-05-12T18:01:10.796Z] [work-queue] {"queuedWork":[],"queueLength":0,"runningWork":["/hellofresh-de-problem-solve/europe-west3/wmsLive-2026-05-12T18:01:10.362Z","/hellofresh-de-problem-solve/europe-west3/refreshRampUp-2026-05-12T18:01:10.700Z"],"workRunningCount":2}
[2026-05-12T18:01:10.997Z] Finishing up request with event=pause {"metadata":{"emulator":{"name":"functions"},"function":{"name":"europe-west3-refreshRampUp"},"extension":{},"message":"Finishing up request with event=pause"}}
i  functions: Finished "europe-west3-refreshRampUp" in 295.2701ms {"metadata":{"emulator":{"name":"functions"},"function":{"name":"europe-west3-refreshRampUp"},"extension":{},"message":"Finished \"europe-west3-refreshRampUp\" in 295.2701ms"}}
[2026-05-12T18:01:10.999Z] [worker-europe-west3-refreshRampUp-a2653083-a685-4905-acc5-178c8fcb7752]: IDLE {"metadata":{"emulator":{"name":"functions"},"function":{"name":"europe-west3-refreshRampUp"},"extension":{},"message":"[worker-europe-west3-refreshRampUp-a2653083-a685-4905-acc5-178c8fcb7752]: IDLE"}}
[2026-05-12T18:01:11.000Z] Finishing up request with event=finish {"metadata":{"emulator":{"name":"functions"},"function":{"name":"europe-west3-refreshRampUp"},"extension":{},"message":"Finishing up request with event=finish"}}
[2026-05-12T18:01:11.000Z] Finishing up request with event=close {"metadata":{"emulator":{"name":"functions"},"function":{"name":"europe-west3-refreshRampUp"},"extension":{},"message":"Finishing up request with event=close"}}
[2026-05-12T18:01:11.000Z] [work-queue] {"queuedWork":[],"queueLength":0,"runningWork":["/hellofresh-de-problem-solve/europe-west3/wmsLive-2026-05-12T18:01:10.362Z"],"workRunningCount":1}
>  {"level":"INFO","message":"[6:01:14.119 PM]: Connection[id: 1ff5ec6b-6340-4e81-b006-6d05869b45cd] - authentication successful using: EXTERNALBROWSER"} {"user":{"level":"INFO","message":"[6:01:14.119 PM]: Connection[id: 1ff5ec6b-6340-4e81-b006-6d05869b45cd] - authentication successful using: EXTERNALBROWSER"},"metadata":{"emulator":{"name":"functions"},"function":{"name":"europe-west3-wmsLive"},"extension":{},"message":"\u001b[90m> \u001b[39m {\"level\":\"INFO\",\"message\":\"[6:01:14.119 PM]: Connection[id: 1ff5ec6b-6340-4e81-b006-6d05869b45cd] - authentication successful using: EXTERNALBROWSER\"}\r"}}
>  {"level":"INFO","message":"[6:01:14.419 PM]: Connection[id: 1ff5ec6b-6340-4e81-b006-6d05869b45cd] - connection established successfully after 4046.75 milliseconds"} {"user":{"level":"INFO","message":"[6:01:14.419 PM]: Connection[id: 1ff5ec6b-6340-4e81-b006-6d05869b45cd] - connection established successfully after 4046.75 milliseconds"},"metadata":{"emulator":{"name":"functions"},"function":{"name":"europe-west3-wmsLive"},"extension":{},"message":"\u001b[90m> \u001b[39m {\"level\":\"INFO\",\"message\":\"[6:01:14.419 PM]: Connection[id: 1ff5ec6b-6340-4e81-b006-6d05869b45cd] - connection established successfully after 4046.75 milliseconds\"}\r"}}
[2026-05-12T18:01:14.689Z] Finishing up request with event=pause {"metadata":{"emulator":{"name":"functions"},"function":{"name":"europe-west3-wmsLive"},"extension":{},"message":"Finishing up request with event=pause"}}
i  functions: Finished "europe-west3-wmsLive" in 4323.0258ms {"metadata":{"emulator":{"name":"functions"},"function":{"name":"europe-west3-wmsLive"},"extension":{},"message":"Finished \"europe-west3-wmsLive\" in 4323.0258ms"}}
[2026-05-12T18:01:14.693Z] [worker-europe-west3-wmsLive-37a01939-1520-4630-80ee-4ca2a329792c]: IDLE {"metadata":{"emulator":{"name":"functions"},"function":{"name":"europe-west3-wmsLive"},"extension":{},"message":"[worker-europe-west3-wmsLive-37a01939-1520-4630-80ee-4ca2a329792c]: IDLE"}}
[2026-05-12T18:01:14.694Z] Finishing up request with event=finish {"metadata":{"emulator":{"name":"functions"},"function":{"name":"europe-west3-wmsLive"},"extension":{},"message":"Finishing up request with event=finish"}}
[2026-05-12T18:01:14.695Z] Finishing up request with event=close {"metadata":{"emulator":{"name":"functions"},"function":{"name":"europe-west3-wmsLive"},"extension":{},"message":"Finishing up request with event=close"}}
[2026-05-12T18:01:14.696Z] [work-queue] {"queuedWork":[],"queueLength":0,"runningWork":[],"workRunningCount":0}
[2026-05-12T18:01:23.105Z] [work-queue] {"queuedWork":["/hellofresh-de-problem-solve/europe-west3/refreshRampUp-2026-05-12T18:01:23.105Z"],"queueLength":1,"runningWork":[],"workRunningCount":0}
[2026-05-12T18:01:23.105Z] [work-queue] {"queuedWork":[],"queueLength":0,"runningWork":["/hellofresh-de-problem-solve/europe-west3/refreshRampUp-2026-05-12T18:01:23.105Z"],"workRunningCount":1}
[2026-05-12T18:01:23.106Z] Accepted request POST /hellofresh-de-problem-solve/europe-west3/refreshRampUp --> europe-west3-refreshRampUp
[2026-05-12T18:01:23.108Z] [functions] Runtime ready! Sending request! {"metadata":{"emulator":{"name":"functions"},"message":"[functions] Runtime ready! Sending request!"}}
[2026-05-12T18:01:23.108Z] [functions] Got req.url=/hellofresh-de-problem-solve/europe-west3/refreshRampUp, mapping to path=/ {"metadata":{"emulator":{"name":"functions"},"message":"[functions] Got req.url=/hellofresh-de-problem-solve/europe-west3/refreshRampUp, mapping to path=/"}}
[2026-05-12T18:01:23.109Z] [worker-pool] submitRequest(triggerId=europe-west3-refreshRampUp) {"metadata":{"emulator":{"name":"functions"},"message":"[worker-pool] submitRequest(triggerId=europe-west3-refreshRampUp)"}}
i  functions: Beginning execution of "europe-west3-refreshRampUp" {"metadata":{"emulator":{"name":"functions"},"function":{"name":"europe-west3-refreshRampUp"},"extension":{},"message":"Beginning execution of \"europe-west3-refreshRampUp\""}}
[2026-05-12T18:01:23.110Z] [worker-europe-west3-refreshRampUp-a2653083-a685-4905-acc5-178c8fcb7752]: BUSY {"metadata":{"emulator":{"name":"functions"},"function":{"name":"europe-west3-refreshRampUp"},"extension":{},"message":"[worker-europe-west3-refreshRampUp-a2653083-a685-4905-acc5-178c8fcb7752]: BUSY"}}
[2026-05-12T18:01:23.111Z] [work-queue] {"queuedWork":["/hellofresh-de-problem-solve/europe-west3/refreshRampUp-2026-05-12T18:01:23.111Z"],"queueLength":1,"runningWork":["/hellofresh-de-problem-solve/europe-west3/refreshRampUp-2026-05-12T18:01:23.105Z"],"workRunningCount":1}
[2026-05-12T18:01:23.112Z] [work-queue] {"queuedWork":[],"queueLength":0,"runningWork":["/hellofresh-de-problem-solve/europe-west3/refreshRampUp-2026-05-12T18:01:23.105Z","/hellofresh-de-problem-solve/europe-west3/refreshRampUp-2026-05-12T18:01:23.111Z"],"workRunningCount":2}
[2026-05-12T18:01:23.112Z] Accepted request POST /hellofresh-de-problem-solve/europe-west3/refreshRampUp --> europe-west3-refreshRampUp
[2026-05-12T18:01:23.114Z] [functions] Runtime ready! Sending request! {"metadata":{"emulator":{"name":"functions"},"message":"[functions] Runtime ready! Sending request!"}}
[2026-05-12T18:01:23.114Z] [functions] Got req.url=/hellofresh-de-problem-solve/europe-west3/refreshRampUp, mapping to path=/ {"metadata":{"emulator":{"name":"functions"},"message":"[functions] Got req.url=/hellofresh-de-problem-solve/europe-west3/refreshRampUp, mapping to path=/"}}
[2026-05-12T18:01:23.115Z] [worker-pool] submitRequest(triggerId=europe-west3-refreshRampUp) {"metadata":{"emulator":{"name":"functions"},"message":"[worker-pool] submitRequest(triggerId=europe-west3-refreshRampUp)"}}
i  functions: Beginning execution of "europe-west3-refreshRampUp" {"metadata":{"emulator":{"name":"functions"},"function":{"name":"europe-west3-refreshRampUp"},"extension":{},"message":"Beginning execution of \"europe-west3-refreshRampUp\""}}
[2026-05-12T18:01:23.116Z] [worker-europe-west3-refreshRampUp-2bfa5881-eddb-4386-8cae-ba0a763e9d29]: BUSY {"metadata":{"emulator":{"name":"functions"},"function":{"name":"europe-west3-refreshRampUp"},"extension":{},"message":"[worker-europe-west3-refreshRampUp-2bfa5881-eddb-4386-8cae-ba0a763e9d29]: BUSY"}}
[2026-05-12T18:01:24.896Z] Finishing up request with event=pause {"metadata":{"emulator":{"name":"functions"},"function":{"name":"europe-west3-refreshRampUp"},"extension":{},"message":"Finishing up request with event=pause"}}
i  functions: Finished "europe-west3-refreshRampUp" in 1788.3119000000002ms {"metadata":{"emulator":{"name":"functions"},"function":{"name":"europe-west3-refreshRampUp"},"extension":{},"message":"Finished \"europe-west3-refreshRampUp\" in 1788.3119000000002ms"}}
[2026-05-12T18:01:24.899Z] [worker-europe-west3-refreshRampUp-a2653083-a685-4905-acc5-178c8fcb7752]: IDLE {"metadata":{"emulator":{"name":"functions"},"function":{"name":"europe-west3-refreshRampUp"},"extension":{},"message":"[worker-europe-west3-refreshRampUp-a2653083-a685-4905-acc5-178c8fcb7752]: IDLE"}}
[2026-05-12T18:01:24.899Z] Finishing up request with event=finish {"metadata":{"emulator":{"name":"functions"},"function":{"name":"europe-west3-refreshRampUp"},"extension":{},"message":"Finishing up request with event=finish"}}
[2026-05-12T18:01:24.900Z] Finishing up request with event=close {"metadata":{"emulator":{"name":"functions"},"function":{"name":"europe-west3-refreshRampUp"},"extension":{},"message":"Finishing up request with event=close"}}
[2026-05-12T18:01:24.900Z] [work-queue] {"queuedWork":[],"queueLength":0,"runningWork":["/hellofresh-de-problem-solve/europe-west3/refreshRampUp-2026-05-12T18:01:23.111Z"],"workRunningCount":1}
[2026-05-12T18:01:24.914Z] Finishing up request with event=pause {"metadata":{"emulator":{"name":"functions"},"function":{"name":"europe-west3-refreshRampUp"},"extension":{},"message":"Finishing up request with event=pause"}}
i  functions: Finished "europe-west3-refreshRampUp" in 1798.9081ms {"metadata":{"emulator":{"name":"functions"},"function":{"name":"europe-west3-refreshRampUp"},"extension":{},"message":"Finished \"europe-west3-refreshRampUp\" in 1798.9081ms"}}
[2026-05-12T18:01:24.915Z] [worker-europe-west3-refreshRampUp-2bfa5881-eddb-4386-8cae-ba0a763e9d29]: IDLE {"metadata":{"emulator":{"name":"functions"},"function":{"name":"europe-west3-refreshRampUp"},"extension":{},"message":"[worker-europe-west3-refreshRampUp-2bfa5881-eddb-4386-8cae-ba0a763e9d29]: IDLE"}}
[2026-05-12T18:01:24.915Z] Finishing up request with event=finish {"metadata":{"emulator":{"name":"functions"},"function":{"name":"europe-west3-refreshRampUp"},"extension":{},"message":"Finishing up request with event=finish"}}
[2026-05-12T18:01:24.916Z] Finishing up request with event=close {"metadata":{"emulator":{"name":"functions"},"function":{"name":"europe-west3-refreshRampUp"},"extension":{},"message":"Finishing up request with event=close"}}
[2026-05-12T18:01:24.916Z] [work-queue] {"queuedWork":[],"queueLength":0,"runningWork":[],"workRunningCount":0}
[2026-05-12T18:05:46.301Z] File C:\rezeptlogik-app\functions\index.js changed, reloading triggers {"metadata":{"emulator":{"name":"functions"},"message":"File C:\\rezeptlogik-app\\functions\\index.js changed, reloading triggers"}}
[2026-05-12T18:05:47.315Z] Validating nodejs source
!  functions: package.json indicates an outdated version of firebase-functions. Please upgrade using npm install --save firebase-functions@latest in your functions directory. 
!  functions: Please note that there will be breaking changes when you upgrade. 
[2026-05-12T18:05:48.411Z] > [functions] package.json contents: {
  "name": "rezeptlogik-functions",
  "private": true,
  "main": "index.js",
  "engines": {
    "node": "22"
  },
  "dependencies": {
    "firebase-admin": "^13.0.1",
    "firebase-functions": "^6.0.1",
    "googleapis": "^144.0.0",
    "snowflake-sdk": "^2.4.1"
  }
}
[2026-05-12T18:05:48.412Z] Building nodejs source
[2026-05-12T18:05:48.413Z] Failed to find version of module node: reached end of search path C:\rezeptlogik-app\functions\node_modules
!  functions: Your requested "node" version "22" doesn't match your global version "24". Using node@24 from host. 
i  functions: Loaded environment variables from .env. 
[2026-05-12T18:05:48.416Z] Could not find functions.yaml. Must use http discovery
[2026-05-12T18:05:48.441Z] Found firebase-functions binary at 'C:\rezeptlogik-app\functions\node_modules\.bin\firebase-functions'
Serving at port 8887

[2026-05-12T18:05:51.178Z] Got response from /__/functions.yaml {"endpoints":{"refreshRampUp":{"availableMemoryMb":null,"timeoutSeconds":60,"minInstances":null,"maxInstances":null,"ingressSettings":null,"concurrency":null,"serviceAccountEmail":null,"vpc":null,"platform":"gcfv2","region":["europe-west3"],"labels":{},"httpsTrigger":{},"entryPoint":"refreshRampUp"},"wmsLive":{"availableMemoryMb":512,"timeoutSeconds":90,"minInstances":null,"maxInstances":null,"ingressSettings":null,"concurrency":null,"serviceAccountEmail":null,"vpc":null,"platform":"gcfv2","region":["europe-west3"],"labels":{},"httpsTrigger":{},"entryPoint":"wmsLive"}},"specVersion":"v1alpha1","requiredAPIs":[],"extensions":{}}
+  functions: Loaded functions definitions from source: refreshRampUp, wmsLive. {"metadata":{"emulator":{"name":"functions"},"message":"Loaded functions definitions from source: refreshRampUp, wmsLive."}}
[2026-05-12T18:05:55.252Z] [worker-pool] Shutting down IDLE worker (europe-west3-wmsLive) {"metadata":{"emulator":{"name":"functions"},"message":"[worker-pool] Shutting down IDLE worker (europe-west3-wmsLive)"}}
[2026-05-12T18:05:55.253Z] [worker-europe-west3-wmsLive-37a01939-1520-4630-80ee-4ca2a329792c]: FINISHING {"metadata":{"emulator":{"name":"functions"},"function":{"name":"europe-west3-wmsLive"},"extension":{},"message":"[worker-europe-west3-wmsLive-37a01939-1520-4630-80ee-4ca2a329792c]: FINISHING"}}
[2026-05-12T18:05:55.254Z] [worker-pool] Shutting down IDLE worker (europe-west3-refreshRampUp) {"metadata":{"emulator":{"name":"functions"},"message":"[worker-pool] Shutting down IDLE worker (europe-west3-refreshRampUp)"}}
[2026-05-12T18:05:55.255Z] [worker-europe-west3-refreshRampUp-a2653083-a685-4905-acc5-178c8fcb7752]: FINISHING {"metadata":{"emulator":{"name":"functions"},"function":{"name":"europe-west3-refreshRampUp"},"extension":{},"message":"[worker-europe-west3-refreshRampUp-a2653083-a685-4905-acc5-178c8fcb7752]: FINISHING"}}
[2026-05-12T18:05:55.256Z] [worker-pool] Shutting down IDLE worker (europe-west3-refreshRampUp) {"metadata":{"emulator":{"name":"functions"},"message":"[worker-pool] Shutting down IDLE worker (europe-west3-refreshRampUp)"}}
[2026-05-12T18:05:55.257Z] [worker-europe-west3-refreshRampUp-2bfa5881-eddb-4386-8cae-ba0a763e9d29]: FINISHING {"metadata":{"emulator":{"name":"functions"},"function":{"name":"europe-west3-refreshRampUp"},"extension":{},"message":"[worker-europe-west3-refreshRampUp-2bfa5881-eddb-4386-8cae-ba0a763e9d29]: FINISHING"}}
[2026-05-12T18:05:55.258Z] [worker-pool] Shutting down IDLE worker (europe-west3-refreshRampUp) {"metadata":{"emulator":{"name":"functions"},"message":"[worker-pool] Shutting down IDLE worker (europe-west3-refreshRampUp)"}}
[2026-05-12T18:05:55.259Z] [worker-europe-west3-refreshRampUp-7861fcc7-bbc8-4257-96f4-0815fc0b8707]: FINISHING {"metadata":{"emulator":{"name":"functions"},"function":{"name":"europe-west3-refreshRampUp"},"extension":{},"message":"[worker-europe-west3-refreshRampUp-7861fcc7-bbc8-4257-96f4-0815fc0b8707]: FINISHING"}}
[2026-05-12T18:05:55.260Z] [worker-pool] Shutting down IDLE worker (europe-west3-refreshRampUp) {"metadata":{"emulator":{"name":"functions"},"message":"[worker-pool] Shutting down IDLE worker (europe-west3-refreshRampUp)"}}
[2026-05-12T18:05:55.260Z] [worker-europe-west3-refreshRampUp-052b015b-d067-4b23-bcb0-3bbf58816b07]: FINISHING {"metadata":{"emulator":{"name":"functions"},"function":{"name":"europe-west3-refreshRampUp"},"extension":{},"message":"[worker-europe-west3-refreshRampUp-052b015b-d067-4b23-bcb0-3bbf58816b07]: FINISHING"}}
[2026-05-12T18:05:55.278Z] [worker-europe-west3-wmsLive-37a01939-1520-4630-80ee-4ca2a329792c]: exited {"metadata":{"emulator":{"name":"functions"},"function":{"name":"europe-west3-wmsLive"},"extension":{},"message":"[worker-europe-west3-wmsLive-37a01939-1520-4630-80ee-4ca2a329792c]: exited"}}
[2026-05-12T18:05:55.279Z] [worker-europe-west3-wmsLive-37a01939-1520-4630-80ee-4ca2a329792c]: FINISHED {"metadata":{"emulator":{"name":"functions"},"function":{"name":"europe-west3-wmsLive"},"extension":{},"message":"[worker-europe-west3-wmsLive-37a01939-1520-4630-80ee-4ca2a329792c]: FINISHED"}}
[2026-05-12T18:05:55.281Z] [worker-europe-west3-refreshRampUp-052b015b-d067-4b23-bcb0-3bbf58816b07]: exited {"metadata":{"emulator":{"name":"functions"},"function":{"name":"europe-west3-refreshRampUp"},"extension":{},"message":"[worker-europe-west3-refreshRampUp-052b015b-d067-4b23-bcb0-3bbf58816b07]: exited"}}
[2026-05-12T18:05:55.282Z] [worker-europe-west3-refreshRampUp-052b015b-d067-4b23-bcb0-3bbf58816b07]: FINISHED {"metadata":{"emulator":{"name":"functions"},"function":{"name":"europe-west3-refreshRampUp"},"extension":{},"message":"[worker-europe-west3-refreshRampUp-052b015b-d067-4b23-bcb0-3bbf58816b07]: FINISHED"}}
[2026-05-12T18:05:55.283Z] [worker-europe-west3-refreshRampUp-7861fcc7-bbc8-4257-96f4-0815fc0b8707]: exited {"metadata":{"emulator":{"name":"functions"},"function":{"name":"europe-west3-refreshRampUp"},"extension":{},"message":"[worker-europe-west3-refreshRampUp-7861fcc7-bbc8-4257-96f4-0815fc0b8707]: exited"}}
[2026-05-12T18:05:55.284Z] [worker-europe-west3-refreshRampUp-7861fcc7-bbc8-4257-96f4-0815fc0b8707]: FINISHED {"metadata":{"emulator":{"name":"functions"},"function":{"name":"europe-west3-refreshRampUp"},"extension":{},"message":"[worker-europe-west3-refreshRampUp-7861fcc7-bbc8-4257-96f4-0815fc0b8707]: FINISHED"}}
[2026-05-12T18:05:55.285Z] [worker-europe-west3-refreshRampUp-2bfa5881-eddb-4386-8cae-ba0a763e9d29]: exited {"metadata":{"emulator":{"name":"functions"},"function":{"name":"europe-west3-refreshRampUp"},"extension":{},"message":"[worker-europe-west3-refreshRampUp-2bfa5881-eddb-4386-8cae-ba0a763e9d29]: exited"}}
[2026-05-12T18:05:55.286Z] [worker-europe-west3-refreshRampUp-2bfa5881-eddb-4386-8cae-ba0a763e9d29]: FINISHED {"metadata":{"emulator":{"name":"functions"},"function":{"name":"europe-west3-refreshRampUp"},"extension":{},"message":"[worker-europe-west3-refreshRampUp-2bfa5881-eddb-4386-8cae-ba0a763e9d29]: FINISHED"}}
[2026-05-12T18:05:55.286Z] [worker-europe-west3-refreshRampUp-a2653083-a685-4905-acc5-178c8fcb7752]: exited {"metadata":{"emulator":{"name":"functions"},"function":{"name":"europe-west3-refreshRampUp"},"extension":{},"message":"[worker-europe-west3-refreshRampUp-a2653083-a685-4905-acc5-178c8fcb7752]: exited"}}
[2026-05-12T18:05:55.286Z] [worker-europe-west3-refreshRampUp-a2653083-a685-4905-acc5-178c8fcb7752]: FINISHED {"metadata":{"emulator":{"name":"functions"},"function":{"name":"europe-west3-refreshRampUp"},"extension":{},"message":"[worker-europe-west3-refreshRampUp-a2653083-a685-4905-acc5-178c8fcb7752]: FINISHED"}}
[2026-05-12T18:06:41.000Z] File C:\rezeptlogik-app\functions\index.js changed, reloading triggers {"metadata":{"emulator":{"name":"functions"},"message":"File C:\\rezeptlogik-app\\functions\\index.js changed, reloading triggers"}}
[2026-05-12T18:06:42.017Z] Validating nodejs source
!  functions: package.json indicates an outdated version of firebase-functions. Please upgrade using npm install --save firebase-functions@latest in your functions directory. 
!  functions: Please note that there will be breaking changes when you upgrade. 
[2026-05-12T18:06:43.143Z] > [functions] package.json contents: {
  "name": "rezeptlogik-functions",
  "private": true,
  "main": "index.js",
  "engines": {
    "node": "22"
  },
  "dependencies": {
    "firebase-admin": "^13.0.1",
    "firebase-functions": "^6.0.1",
    "googleapis": "^144.0.0",
    "snowflake-sdk": "^2.4.1"
  }
}
[2026-05-12T18:06:43.144Z] Building nodejs source
[2026-05-12T18:06:43.145Z] Failed to find version of module node: reached end of search path C:\rezeptlogik-app\functions\node_modules
!  functions: Your requested "node" version "22" doesn't match your global version "24". Using node@24 from host. 
i  functions: Loaded environment variables from .env. 
[2026-05-12T18:06:43.150Z] Could not find functions.yaml. Must use http discovery
[2026-05-12T18:06:43.180Z] Found firebase-functions binary at 'C:\rezeptlogik-app\functions\node_modules\.bin\firebase-functions'
Serving at port 8201

[2026-05-12T18:06:45.848Z] Got response from /__/functions.yaml {"endpoints":{"refreshRampUp":{"availableMemoryMb":null,"timeoutSeconds":60,"minInstances":null,"maxInstances":null,"ingressSettings":null,"concurrency":null,"serviceAccountEmail":null,"vpc":null,"platform":"gcfv2","region":["europe-west3"],"labels":{},"httpsTrigger":{},"entryPoint":"refreshRampUp"},"wmsLive":{"availableMemoryMb":512,"timeoutSeconds":90,"minInstances":null,"maxInstances":null,"ingressSettings":null,"concurrency":null,"serviceAccountEmail":null,"vpc":null,"platform":"gcfv2","region":["europe-west3"],"labels":{},"httpsTrigger":{},"entryPoint":"wmsLive"}},"specVersion":"v1alpha1","requiredAPIs":[],"extensions":{}}
+  functions: Loaded functions definitions from source: refreshRampUp, wmsLive. {"metadata":{"emulator":{"name":"functions"},"message":"Loaded functions definitions from source: refreshRampUp, wmsLive."}}
[2026-05-12T18:07:26.264Z] [work-queue] {"queuedWork":["/hellofresh-de-problem-solve/europe-west3/refreshRampUp-2026-05-12T18:07:26.264Z"],"queueLength":1,"runningWork":[],"workRunningCount":0}
[2026-05-12T18:07:26.265Z] [work-queue] {"queuedWork":[],"queueLength":0,"runningWork":["/hellofresh-de-problem-solve/europe-west3/refreshRampUp-2026-05-12T18:07:26.264Z"],"workRunningCount":1}
[2026-05-12T18:07:26.265Z] Accepted request POST /hellofresh-de-problem-solve/europe-west3/refreshRampUp --> europe-west3-refreshRampUp
[2026-05-12T18:07:26.270Z] [functions] Runtime ready! Sending request! {"metadata":{"emulator":{"name":"functions"},"message":"[functions] Runtime ready! Sending request!"}}
[2026-05-12T18:07:26.271Z] [functions] Got req.url=/hellofresh-de-problem-solve/europe-west3/refreshRampUp, mapping to path=/ {"metadata":{"emulator":{"name":"functions"},"message":"[functions] Got req.url=/hellofresh-de-problem-solve/europe-west3/refreshRampUp, mapping to path=/"}}
[2026-05-12T18:07:26.272Z] [worker-pool] Cleaned up workers for europe-west3-wmsLive: 1 --> 0 {"metadata":{"emulator":{"name":"functions"},"message":"[worker-pool] Cleaned up workers for europe-west3-wmsLive: 1 --> 0"}}
[2026-05-12T18:07:26.272Z] [worker-pool] Cleaned up workers for europe-west3-refreshRampUp: 4 --> 0 {"metadata":{"emulator":{"name":"functions"},"message":"[worker-pool] Cleaned up workers for europe-west3-refreshRampUp: 4 --> 0"}}
i  functions: Loaded environment variables from .env. 
[2026-05-12T18:07:26.303Z] [worker-pool] addWorker(europe-west3-refreshRampUp) {"metadata":{"emulator":{"name":"functions"},"message":"[worker-pool] addWorker(europe-west3-refreshRampUp)"}}
[2026-05-12T18:07:26.304Z] [worker-pool] Adding worker with key europe-west3-refreshRampUp, total=1 {"metadata":{"emulator":{"name":"functions"},"message":"[worker-pool] Adding worker with key europe-west3-refreshRampUp, total=1"}}
[2026-05-12T18:07:26.306Z] [work-queue] {"queuedWork":["/hellofresh-de-problem-solve/europe-west3/refreshRampUp-2026-05-12T18:07:26.306Z"],"queueLength":1,"runningWork":["/hellofresh-de-problem-solve/europe-west3/refreshRampUp-2026-05-12T18:07:26.264Z"],"workRunningCount":1}
[2026-05-12T18:07:26.307Z] [work-queue] {"queuedWork":[],"queueLength":0,"runningWork":["/hellofresh-de-problem-solve/europe-west3/refreshRampUp-2026-05-12T18:07:26.264Z","/hellofresh-de-problem-solve/europe-west3/refreshRampUp-2026-05-12T18:07:26.306Z"],"workRunningCount":2}
[2026-05-12T18:07:26.307Z] Accepted request POST /hellofresh-de-problem-solve/europe-west3/refreshRampUp --> europe-west3-refreshRampUp
[2026-05-12T18:07:26.310Z] [functions] Runtime ready! Sending request! {"metadata":{"emulator":{"name":"functions"},"message":"[functions] Runtime ready! Sending request!"}}
[2026-05-12T18:07:26.310Z] [functions] Got req.url=/hellofresh-de-problem-solve/europe-west3/refreshRampUp, mapping to path=/ {"metadata":{"emulator":{"name":"functions"},"message":"[functions] Got req.url=/hellofresh-de-problem-solve/europe-west3/refreshRampUp, mapping to path=/"}}
i  functions: Loaded environment variables from .env. 
[2026-05-12T18:07:26.347Z] [worker-pool] addWorker(europe-west3-refreshRampUp) {"metadata":{"emulator":{"name":"functions"},"message":"[worker-pool] addWorker(europe-west3-refreshRampUp)"}}
[2026-05-12T18:07:26.348Z] [worker-pool] Adding worker with key europe-west3-refreshRampUp, total=2 {"metadata":{"emulator":{"name":"functions"},"message":"[worker-pool] Adding worker with key europe-west3-refreshRampUp, total=2"}}
[2026-05-12T18:07:27.810Z] [runtime-status] [34340] Resolved module firebase-admin {"declared":true,"installed":true,"version":"13.8.0","resolution":"C:\\rezeptlogik-app\\functions\\node_modules\\firebase-admin\\lib\\index.js"} {"metadata":{"emulator":{"name":"functions"},"function":{"name":"europe-west3-refreshRampUp"},"extension":{},"message":"[runtime-status] [34340] Resolved module firebase-admin {\"declared\":true,\"installed\":true,\"version\":\"13.8.0\",\"resolution\":\"C:\\\\rezeptlogik-app\\\\functions\\\\node_modules\\\\firebase-admin\\\\lib\\\\index.js\"}"}}
[2026-05-12T18:07:27.812Z] [runtime-status] [6108] Resolved module firebase-admin {"declared":true,"installed":true,"version":"13.8.0","resolution":"C:\\rezeptlogik-app\\functions\\node_modules\\firebase-admin\\lib\\index.js"} {"metadata":{"emulator":{"name":"functions"},"function":{"name":"europe-west3-refreshRampUp"},"extension":{},"message":"[runtime-status] [6108] Resolved module firebase-admin {\"declared\":true,\"installed\":true,\"version\":\"13.8.0\",\"resolution\":\"C:\\\\rezeptlogik-app\\\\functions\\\\node_modules\\\\firebase-admin\\\\lib\\\\index.js\"}"}}
[2026-05-12T18:07:27.813Z] [runtime-status] [34340] Resolved module firebase-functions {"declared":true,"installed":true,"version":"6.6.0","resolution":"C:\\rezeptlogik-app\\functions\\node_modules\\firebase-functions\\lib\\v2\\index.js"} {"metadata":{"emulator":{"name":"functions"},"function":{"name":"europe-west3-refreshRampUp"},"extension":{},"message":"[runtime-status] [34340] Resolved module firebase-functions {\"declared\":true,\"installed\":true,\"version\":\"6.6.0\",\"resolution\":\"C:\\\\rezeptlogik-app\\\\functions\\\\node_modules\\\\firebase-functions\\\\lib\\\\v2\\\\index.js\"}"}}
[2026-05-12T18:07:27.815Z] [runtime-status] [34340] Outgoing network have been stubbed. [{"name":"http","status":"mocked"},{"name":"http","status":"mocked"},{"name":"https","status":"mocked"},{"name":"https","status":"mocked"},{"name":"net","status":"mocked"}] {"metadata":{"emulator":{"name":"functions"},"function":{"name":"europe-west3-refreshRampUp"},"extension":{},"message":"[runtime-status] [34340] Outgoing network have been stubbed. [{\"name\":\"http\",\"status\":\"mocked\"},{\"name\":\"http\",\"status\":\"mocked\"},{\"name\":\"https\",\"status\":\"mocked\"},{\"name\":\"https\",\"status\":\"mocked\"},{\"name\":\"net\",\"status\":\"mocked\"}]"}}
[2026-05-12T18:07:27.816Z] [runtime-status] [6108] Resolved module firebase-functions {"declared":true,"installed":true,"version":"6.6.0","resolution":"C:\\rezeptlogik-app\\functions\\node_modules\\firebase-functions\\lib\\v2\\index.js"} {"metadata":{"emulator":{"name":"functions"},"function":{"name":"europe-west3-refreshRampUp"},"extension":{},"message":"[runtime-status] [6108] Resolved module firebase-functions {\"declared\":true,\"installed\":true,\"version\":\"6.6.0\",\"resolution\":\"C:\\\\rezeptlogik-app\\\\functions\\\\node_modules\\\\firebase-functions\\\\lib\\\\v2\\\\index.js\"}"}}
[2026-05-12T18:07:27.816Z] [runtime-status] [34340] Resolved module firebase-functions {"declared":true,"installed":true,"version":"6.6.0","resolution":"C:\\rezeptlogik-app\\functions\\node_modules\\firebase-functions\\lib\\v2\\index.js"} {"metadata":{"emulator":{"name":"functions"},"function":{"name":"europe-west3-refreshRampUp"},"extension":{},"message":"[runtime-status] [34340] Resolved module firebase-functions {\"declared\":true,\"installed\":true,\"version\":\"6.6.0\",\"resolution\":\"C:\\\\rezeptlogik-app\\\\functions\\\\node_modules\\\\firebase-functions\\\\lib\\\\v2\\\\index.js\"}"}}
[2026-05-12T18:07:27.817Z] [runtime-status] [6108] Outgoing network have been stubbed. [{"name":"http","status":"mocked"},{"name":"http","status":"mocked"},{"name":"https","status":"mocked"},{"name":"https","status":"mocked"},{"name":"net","status":"mocked"}] {"metadata":{"emulator":{"name":"functions"},"function":{"name":"europe-west3-refreshRampUp"},"extension":{},"message":"[runtime-status] [6108] Outgoing network have been stubbed. [{\"name\":\"http\",\"status\":\"mocked\"},{\"name\":\"http\",\"status\":\"mocked\"},{\"name\":\"https\",\"status\":\"mocked\"},{\"name\":\"https\",\"status\":\"mocked\"},{\"name\":\"net\",\"status\":\"mocked\"}]"}}
[2026-05-12T18:07:27.818Z] [runtime-status] [6108] Resolved module firebase-functions {"declared":true,"installed":true,"version":"6.6.0","resolution":"C:\\rezeptlogik-app\\functions\\node_modules\\firebase-functions\\lib\\v2\\index.js"} {"metadata":{"emulator":{"name":"functions"},"function":{"name":"europe-west3-refreshRampUp"},"extension":{},"message":"[runtime-status] [6108] Resolved module firebase-functions {\"declared\":true,\"installed\":true,\"version\":\"6.6.0\",\"resolution\":\"C:\\\\rezeptlogik-app\\\\functions\\\\node_modules\\\\firebase-functions\\\\lib\\\\v2\\\\index.js\"}"}}
[2026-05-12T18:07:28.178Z] [runtime-status] [6108] Resolved module firebase-admin {"declared":true,"installed":true,"version":"13.8.0","resolution":"C:\\rezeptlogik-app\\functions\\node_modules\\firebase-admin\\lib\\index.js"} {"metadata":{"emulator":{"name":"functions"},"function":{"name":"europe-west3-refreshRampUp"},"extension":{},"message":"[runtime-status] [6108] Resolved module firebase-admin {\"declared\":true,\"installed\":true,\"version\":\"13.8.0\",\"resolution\":\"C:\\\\rezeptlogik-app\\\\functions\\\\node_modules\\\\firebase-admin\\\\lib\\\\index.js\"}"}}
[2026-05-12T18:07:28.180Z] [runtime-status] [34340] Resolved module firebase-admin {"declared":true,"installed":true,"version":"13.8.0","resolution":"C:\\rezeptlogik-app\\functions\\node_modules\\firebase-admin\\lib\\index.js"} {"metadata":{"emulator":{"name":"functions"},"function":{"name":"europe-west3-refreshRampUp"},"extension":{},"message":"[runtime-status] [34340] Resolved module firebase-admin {\"declared\":true,\"installed\":true,\"version\":\"13.8.0\",\"resolution\":\"C:\\\\rezeptlogik-app\\\\functions\\\\node_modules\\\\firebase-admin\\\\lib\\\\index.js\"}"}}
[2026-05-12T18:07:28.181Z] [runtime-status] [6108] Resolved module firebase-functions {"declared":true,"installed":true,"version":"6.6.0","resolution":"C:\\rezeptlogik-app\\functions\\node_modules\\firebase-functions\\lib\\v2\\index.js"} {"metadata":{"emulator":{"name":"functions"},"function":{"name":"europe-west3-refreshRampUp"},"extension":{},"message":"[runtime-status] [6108] Resolved module firebase-functions {\"declared\":true,\"installed\":true,\"version\":\"6.6.0\",\"resolution\":\"C:\\\\rezeptlogik-app\\\\functions\\\\node_modules\\\\firebase-functions\\\\lib\\\\v2\\\\index.js\"}"}}
[2026-05-12T18:07:28.184Z] [runtime-status] [34340] Resolved module firebase-functions {"declared":true,"installed":true,"version":"6.6.0","resolution":"C:\\rezeptlogik-app\\functions\\node_modules\\firebase-functions\\lib\\v2\\index.js"} {"metadata":{"emulator":{"name":"functions"},"function":{"name":"europe-west3-refreshRampUp"},"extension":{},"message":"[runtime-status] [34340] Resolved module firebase-functions {\"declared\":true,\"installed\":true,\"version\":\"6.6.0\",\"resolution\":\"C:\\\\rezeptlogik-app\\\\functions\\\\node_modules\\\\firebase-functions\\\\lib\\\\v2\\\\index.js\"}"}}
[2026-05-12T18:07:28.398Z] [runtime-status] [6108] firebase-admin has been stubbed. {"adminResolution":{"declared":true,"installed":true,"version":"13.8.0","resolution":"C:\\rezeptlogik-app\\functions\\node_modules\\firebase-admin\\lib\\index.js"}} {"metadata":{"emulator":{"name":"functions"},"function":{"name":"europe-west3-refreshRampUp"},"extension":{},"message":"[runtime-status] [6108] firebase-admin has been stubbed. {\"adminResolution\":{\"declared\":true,\"installed\":true,\"version\":\"13.8.0\",\"resolution\":\"C:\\\\rezeptlogik-app\\\\functions\\\\node_modules\\\\firebase-admin\\\\lib\\\\index.js\"}}"}}
[2026-05-12T18:07:28.401Z] [runtime-status] [34340] firebase-admin has been stubbed. {"adminResolution":{"declared":true,"installed":true,"version":"13.8.0","resolution":"C:\\rezeptlogik-app\\functions\\node_modules\\firebase-admin\\lib\\index.js"}} {"metadata":{"emulator":{"name":"functions"},"function":{"name":"europe-west3-refreshRampUp"},"extension":{},"message":"[runtime-status] [34340] firebase-admin has been stubbed. {\"adminResolution\":{\"declared\":true,\"installed\":true,\"version\":\"13.8.0\",\"resolution\":\"C:\\\\rezeptlogik-app\\\\functions\\\\node_modules\\\\firebase-admin\\\\lib\\\\index.js\"}}"}}
!  External network resource requested!
   - URL: "http://169.254.169.254/latest/api/token"
 - Be careful, this may be a production service. {"metadata":{"emulator":{"name":"functions"},"function":{"name":"europe-west3-refreshRampUp"},"extension":{},"message":"External network resource requested!\n   - URL: \"http://169.254.169.254/latest/api/token\"\n - Be careful, this may be a production service."}}
!  External network resource requested!
   - URL: "http://169.254.169.254/latest/api/token"
 - Be careful, this may be a production service. {"metadata":{"emulator":{"name":"functions"},"function":{"name":"europe-west3-refreshRampUp"},"extension":{},"message":"External network resource requested!\n   - URL: \"http://169.254.169.254/latest/api/token\"\n - Be careful, this may be a production service."}}
!  External network resource requested!
   - URL: "http://169.254.169.254/metadata/instance?api-version=2021-02-01"
 - Be careful, this may be a production service. {"metadata":{"emulator":{"name":"functions"},"function":{"name":"europe-west3-refreshRampUp"},"extension":{},"message":"External network resource requested!\n   - URL: \"http://169.254.169.254/metadata/instance?api-version=2021-02-01\"\n - Be careful, this may be a production service."}}
!  External network resource requested!
   - URL: "http://169.254.169.254/metadata/identity/oauth2/token?api-version=2018-02-01&resource=https%3A%2F%2Fmanagement.azure.com"
 - Be careful, this may be a production service. {"metadata":{"emulator":{"name":"functions"},"function":{"name":"europe-west3-refreshRampUp"},"extension":{},"message":"External network resource requested!\n   - URL: \"http://169.254.169.254/metadata/identity/oauth2/token?api-version=2018-02-01&resource=https%3A%2F%2Fmanagement.azure.com\"\n - Be careful, this may be a production service."}}
!  External network resource requested!
   - URL: "http://metadata.google.internal"
 - Be careful, this may be a production service. {"metadata":{"emulator":{"name":"functions"},"function":{"name":"europe-west3-refreshRampUp"},"extension":{},"message":"External network resource requested!\n   - URL: \"http://metadata.google.internal\"\n - Be careful, this may be a production service."}}
!  External network resource requested!
   - URL: "http://169.254.169.254/metadata/instance?api-version=2021-02-01"
 - Be careful, this may be a production service. {"metadata":{"emulator":{"name":"functions"},"function":{"name":"europe-west3-refreshRampUp"},"extension":{},"message":"External network resource requested!\n   - URL: \"http://169.254.169.254/metadata/instance?api-version=2021-02-01\"\n - Be careful, this may be a production service."}}
!  External network resource requested!
   - URL: "http://169.254.169.254/metadata/identity/oauth2/token?api-version=2018-02-01&resource=https%3A%2F%2Fmanagement.azure.com"
 - Be careful, this may be a production service. {"metadata":{"emulator":{"name":"functions"},"function":{"name":"europe-west3-refreshRampUp"},"extension":{},"message":"External network resource requested!\n   - URL: \"http://169.254.169.254/metadata/identity/oauth2/token?api-version=2018-02-01&resource=https%3A%2F%2Fmanagement.azure.com\"\n - Be careful, this may be a production service."}}
!  External network resource requested!
   - URL: "http://metadata.google.internal"
 - Be careful, this may be a production service. {"metadata":{"emulator":{"name":"functions"},"function":{"name":"europe-west3-refreshRampUp"},"extension":{},"message":"External network resource requested!\n   - URL: \"http://metadata.google.internal\"\n - Be careful, this may be a production service."}}
!  External network resource requested!
   - URL: "http://metadata.google.internal/computeMetadata/v1/instance/service-accounts/default/email"
 - Be careful, this may be a production service. {"metadata":{"emulator":{"name":"functions"},"function":{"name":"europe-west3-refreshRampUp"},"extension":{},"message":"External network resource requested!\n   - URL: \"http://metadata.google.internal/computeMetadata/v1/instance/service-accounts/default/email\"\n - Be careful, this may be a production service."}}
!  External network resource requested!
   - URL: "http://metadata.google.internal/computeMetadata/v1/instance/service-accounts/default/email"
 - Be careful, this may be a production service. {"metadata":{"emulator":{"name":"functions"},"function":{"name":"europe-west3-refreshRampUp"},"extension":{},"message":"External network resource requested!\n   - URL: \"http://metadata.google.internal/computeMetadata/v1/instance/service-accounts/default/email\"\n - Be careful, this may be a production service."}}
[2026-05-12T18:07:31.904Z] [runtime-status] [34340] initializeApp(DEFAULT) {"storageBucket":"hellofresh-de-problem-solve.firebasestorage.app","projectId":"hellofresh-de-problem-solve"} {"metadata":{"emulator":{"name":"functions"},"function":{"name":"europe-west3-refreshRampUp"},"extension":{},"message":"[runtime-status] [34340] initializeApp(DEFAULT) {\"storageBucket\":\"hellofresh-de-problem-solve.firebasestorage.app\",\"projectId\":\"hellofresh-de-problem-solve\"}"}}
[2026-05-12T18:07:31.912Z] [runtime-status] [6108] initializeApp(DEFAULT) {"storageBucket":"hellofresh-de-problem-solve.firebasestorage.app","projectId":"hellofresh-de-problem-solve"} {"metadata":{"emulator":{"name":"functions"},"function":{"name":"europe-west3-refreshRampUp"},"extension":{},"message":"[runtime-status] [6108] initializeApp(DEFAULT) {\"storageBucket\":\"hellofresh-de-problem-solve.firebasestorage.app\",\"projectId\":\"hellofresh-de-problem-solve\"}"}}
[2026-05-12T18:07:31.927Z] [runtime-status] [34340] Functions runtime initialized. {"cwd":"C:\\rezeptlogik-app\\functions","node_version":"24.11.1"} {"metadata":{"emulator":{"name":"functions"},"function":{"name":"europe-west3-refreshRampUp"},"extension":{},"message":"[runtime-status] [34340] Functions runtime initialized. {\"cwd\":\"C:\\\\rezeptlogik-app\\\\functions\",\"node_version\":\"24.11.1\"}"}}
[2026-05-12T18:07:31.933Z] [runtime-status] [34340] Listening to port: \\?\pipe\fire_emu_4081b5b7d9cc6ef8 {"metadata":{"emulator":{"name":"functions"},"function":{"name":"europe-west3-refreshRampUp"},"extension":{},"message":"[runtime-status] [34340] Listening to port: \\\\?\\pipe\\fire_emu_4081b5b7d9cc6ef8"}}
[2026-05-12T18:07:31.934Z] [runtime-status] [6108] Functions runtime initialized. {"cwd":"C:\\rezeptlogik-app\\functions","node_version":"24.11.1"} {"metadata":{"emulator":{"name":"functions"},"function":{"name":"europe-west3-refreshRampUp"},"extension":{},"message":"[runtime-status] [6108] Functions runtime initialized. {\"cwd\":\"C:\\\\rezeptlogik-app\\\\functions\",\"node_version\":\"24.11.1\"}"}}
[2026-05-12T18:07:31.940Z] [runtime-status] [6108] Listening to port: \\?\pipe\fire_emu_308178512495c5f3 {"metadata":{"emulator":{"name":"functions"},"function":{"name":"europe-west3-refreshRampUp"},"extension":{},"message":"[runtime-status] [6108] Listening to port: \\\\?\\pipe\\fire_emu_308178512495c5f3"}}
[2026-05-12T18:07:31.972Z] [worker-europe-west3-refreshRampUp-5e207697-6b9a-4415-bf6b-300b51e7f6bc]: IDLE {"metadata":{"emulator":{"name":"functions"},"function":{"name":"europe-west3-refreshRampUp"},"extension":{},"message":"[worker-europe-west3-refreshRampUp-5e207697-6b9a-4415-bf6b-300b51e7f6bc]: IDLE"}}
[2026-05-12T18:07:31.973Z] [worker-pool] submitRequest(triggerId=europe-west3-refreshRampUp) {"metadata":{"emulator":{"name":"functions"},"message":"[worker-pool] submitRequest(triggerId=europe-west3-refreshRampUp)"}}
i  functions: Beginning execution of "europe-west3-refreshRampUp" {"metadata":{"emulator":{"name":"functions"},"function":{"name":"europe-west3-refreshRampUp"},"extension":{},"message":"Beginning execution of \"europe-west3-refreshRampUp\""}}
[2026-05-12T18:07:31.975Z] [worker-europe-west3-refreshRampUp-5e207697-6b9a-4415-bf6b-300b51e7f6bc]: BUSY {"metadata":{"emulator":{"name":"functions"},"function":{"name":"europe-west3-refreshRampUp"},"extension":{},"message":"[worker-europe-west3-refreshRampUp-5e207697-6b9a-4415-bf6b-300b51e7f6bc]: BUSY"}}
[2026-05-12T18:07:31.979Z] [worker-europe-west3-refreshRampUp-32ab8d97-f47d-4ca2-9468-33d02d71231f]: IDLE {"metadata":{"emulator":{"name":"functions"},"function":{"name":"europe-west3-refreshRampUp"},"extension":{},"message":"[worker-europe-west3-refreshRampUp-32ab8d97-f47d-4ca2-9468-33d02d71231f]: IDLE"}}
[2026-05-12T18:07:31.980Z] [worker-pool] submitRequest(triggerId=europe-west3-refreshRampUp) {"metadata":{"emulator":{"name":"functions"},"message":"[worker-pool] submitRequest(triggerId=europe-west3-refreshRampUp)"}}
i  functions: Beginning execution of "europe-west3-refreshRampUp" {"metadata":{"emulator":{"name":"functions"},"function":{"name":"europe-west3-refreshRampUp"},"extension":{},"message":"Beginning execution of \"europe-west3-refreshRampUp\""}}
[2026-05-12T18:07:31.981Z] [worker-europe-west3-refreshRampUp-32ab8d97-f47d-4ca2-9468-33d02d71231f]: BUSY {"metadata":{"emulator":{"name":"functions"},"function":{"name":"europe-west3-refreshRampUp"},"extension":{},"message":"[worker-europe-west3-refreshRampUp-32ab8d97-f47d-4ca2-9468-33d02d71231f]: BUSY"}}
!  External network resource requested!
   - URL: "http://169.254.169.254/latest/dynamic/instance-identity/document"
 - Be careful, this may be a production service. {"metadata":{"emulator":{"name":"functions"},"function":{"name":"europe-west3-refreshRampUp"},"extension":{},"message":"External network resource requested!\n   - URL: \"http://169.254.169.254/latest/dynamic/instance-identity/document\"\n - Be careful, this may be a production service."}}
!  External network resource requested!
   - URL: "http://169.254.169.254/latest/dynamic/instance-identity/document"
 - Be careful, this may be a production service. {"metadata":{"emulator":{"name":"functions"},"function":{"name":"europe-west3-refreshRampUp"},"extension":{},"message":"External network resource requested!\n   - URL: \"http://169.254.169.254/latest/dynamic/instance-identity/document\"\n - Be careful, this may be a production service."}}
!  Google API requested!
   - URL: "https://oauth2.googleapis.com/token"
   - Be careful, this may be a production service. {"metadata":{"emulator":{"name":"functions"},"function":{"name":"europe-west3-refreshRampUp"},"extension":{},"message":"Google API requested!\n   - URL: \"https://oauth2.googleapis.com/token\"\n   - Be careful, this may be a production service."}}
!  Google API requested!
   - URL: "https://oauth2.googleapis.com/token"
   - Be careful, this may be a production service. {"metadata":{"emulator":{"name":"functions"},"function":{"name":"europe-west3-refreshRampUp"},"extension":{},"message":"Google API requested!\n   - URL: \"https://oauth2.googleapis.com/token\"\n   - Be careful, this may be a production service."}}
!  Google API requested!
   - URL: "https://www.googleapis.com/oauth2/v4/token"
   - Be careful, this may be a production service. {"metadata":{"emulator":{"name":"functions"},"function":{"name":"europe-west3-refreshRampUp"},"extension":{},"message":"Google API requested!\n   - URL: \"https://www.googleapis.com/oauth2/v4/token\"\n   - Be careful, this may be a production service."}}
!  Google API requested!
   - URL: "https://www.googleapis.com/oauth2/v4/token"
   - Be careful, this may be a production service. {"metadata":{"emulator":{"name":"functions"},"function":{"name":"europe-west3-refreshRampUp"},"extension":{},"message":"Google API requested!\n   - URL: \"https://www.googleapis.com/oauth2/v4/token\"\n   - Be careful, this may be a production service."}}
!  Google API requested!
   - URL: "https://sheets.googleapis.com/v4/spreadsheets/1IEi_CB9KylW2MgjNiGax5EIvhhAtkIzm57uO1sSESj8/values/Meal%20Selection%21A3%3AX1000"
   - Be careful, this may be a production service. {"metadata":{"emulator":{"name":"functions"},"function":{"name":"europe-west3-refreshRampUp"},"extension":{},"message":"Google API requested!\n   - URL: \"https://sheets.googleapis.com/v4/spreadsheets/1IEi_CB9KylW2MgjNiGax5EIvhhAtkIzm57uO1sSESj8/values/Meal%20Selection%21A3%3AX1000\"\n   - Be careful, this may be a production service."}}
!  Google API requested!
   - URL: "https://sheets.googleapis.com/v4/spreadsheets/1IEi_CB9KylW2MgjNiGax5EIvhhAtkIzm57uO1sSESj8/values/Meal%20Selection%21A3%3AX1000"
   - Be careful, this may be a production service. {"metadata":{"emulator":{"name":"functions"},"function":{"name":"europe-west3-refreshRampUp"},"extension":{},"message":"Google API requested!\n   - URL: \"https://sheets.googleapis.com/v4/spreadsheets/1IEi_CB9KylW2MgjNiGax5EIvhhAtkIzm57uO1sSESj8/values/Meal%20Selection%21A3%3AX1000\"\n   - Be careful, this may be a production service."}}
[2026-05-12T18:07:35.096Z] Finishing up request with event=pause {"metadata":{"emulator":{"name":"functions"},"function":{"name":"europe-west3-refreshRampUp"},"extension":{},"message":"Finishing up request with event=pause"}}
i  functions: Finished "europe-west3-refreshRampUp" in 3123.315ms {"metadata":{"emulator":{"name":"functions"},"function":{"name":"europe-west3-refreshRampUp"},"extension":{},"message":"Finished \"europe-west3-refreshRampUp\" in 3123.315ms"}}
[2026-05-12T18:07:35.099Z] [worker-europe-west3-refreshRampUp-5e207697-6b9a-4415-bf6b-300b51e7f6bc]: IDLE {"metadata":{"emulator":{"name":"functions"},"function":{"name":"europe-west3-refreshRampUp"},"extension":{},"message":"[worker-europe-west3-refreshRampUp-5e207697-6b9a-4415-bf6b-300b51e7f6bc]: IDLE"}}
[2026-05-12T18:07:35.100Z] Finishing up request with event=finish {"metadata":{"emulator":{"name":"functions"},"function":{"name":"europe-west3-refreshRampUp"},"extension":{},"message":"Finishing up request with event=finish"}}
[2026-05-12T18:07:35.101Z] Finishing up request with event=close {"metadata":{"emulator":{"name":"functions"},"function":{"name":"europe-west3-refreshRampUp"},"extension":{},"message":"Finishing up request with event=close"}}
[2026-05-12T18:07:35.101Z] [work-queue] {"queuedWork":[],"queueLength":0,"runningWork":["/hellofresh-de-problem-solve/europe-west3/refreshRampUp-2026-05-12T18:07:26.306Z"],"workRunningCount":1}
[2026-05-12T18:07:35.108Z] Finishing up request with event=pause {"metadata":{"emulator":{"name":"functions"},"function":{"name":"europe-west3-refreshRampUp"},"extension":{},"message":"Finishing up request with event=pause"}}
i  functions: Finished "europe-west3-refreshRampUp" in 3126.8332ms {"metadata":{"emulator":{"name":"functions"},"function":{"name":"europe-west3-refreshRampUp"},"extension":{},"message":"Finished \"europe-west3-refreshRampUp\" in 3126.8332ms"}}
[2026-05-12T18:07:35.110Z] [worker-europe-west3-refreshRampUp-32ab8d97-f47d-4ca2-9468-33d02d71231f]: IDLE {"metadata":{"emulator":{"name":"functions"},"function":{"name":"europe-west3-refreshRampUp"},"extension":{},"message":"[worker-europe-west3-refreshRampUp-32ab8d97-f47d-4ca2-9468-33d02d71231f]: IDLE"}}
[2026-05-12T18:07:35.110Z] Finishing up request with event=finish {"metadata":{"emulator":{"name":"functions"},"function":{"name":"europe-west3-refreshRampUp"},"extension":{},"message":"Finishing up request with event=finish"}}
[2026-05-12T18:07:35.111Z] Finishing up request with event=close {"metadata":{"emulator":{"name":"functions"},"function":{"name":"europe-west3-refreshRampUp"},"extension":{},"message":"Finishing up request with event=close"}}
[2026-05-12T18:07:35.111Z] [work-queue] {"queuedWork":[],"queueLength":0,"runningWork":[],"workRunningCount":0}
[2026-05-12T18:07:49.472Z] [work-queue] {"queuedWork":["/hellofresh-de-problem-solve/europe-west3/refreshRampUp-2026-05-12T18:07:49.471Z"],"queueLength":1,"runningWork":[],"workRunningCount":0}
[2026-05-12T18:07:49.474Z] [work-queue] {"queuedWork":[],"queueLength":0,"runningWork":["/hellofresh-de-problem-solve/europe-west3/refreshRampUp-2026-05-12T18:07:49.471Z"],"workRunningCount":1}
[2026-05-12T18:07:49.474Z] Accepted request POST /hellofresh-de-problem-solve/europe-west3/refreshRampUp --> europe-west3-refreshRampUp
[2026-05-12T18:07:49.478Z] [functions] Runtime ready! Sending request! {"metadata":{"emulator":{"name":"functions"},"message":"[functions] Runtime ready! Sending request!"}}
[2026-05-12T18:07:49.479Z] [functions] Got req.url=/hellofresh-de-problem-solve/europe-west3/refreshRampUp, mapping to path=/ {"metadata":{"emulator":{"name":"functions"},"message":"[functions] Got req.url=/hellofresh-de-problem-solve/europe-west3/refreshRampUp, mapping to path=/"}}
[2026-05-12T18:07:49.479Z] [worker-pool] submitRequest(triggerId=europe-west3-refreshRampUp) {"metadata":{"emulator":{"name":"functions"},"message":"[worker-pool] submitRequest(triggerId=europe-west3-refreshRampUp)"}}
i  functions: Beginning execution of "europe-west3-refreshRampUp" {"metadata":{"emulator":{"name":"functions"},"function":{"name":"europe-west3-refreshRampUp"},"extension":{},"message":"Beginning execution of \"europe-west3-refreshRampUp\""}}
[2026-05-12T18:07:49.481Z] [worker-europe-west3-refreshRampUp-5e207697-6b9a-4415-bf6b-300b51e7f6bc]: BUSY {"metadata":{"emulator":{"name":"functions"},"function":{"name":"europe-west3-refreshRampUp"},"extension":{},"message":"[worker-europe-west3-refreshRampUp-5e207697-6b9a-4415-bf6b-300b51e7f6bc]: BUSY"}}
[2026-05-12T18:07:49.482Z] [work-queue] {"queuedWork":["/hellofresh-de-problem-solve/europe-west3/refreshRampUp-2026-05-12T18:07:49.482Z"],"queueLength":1,"runningWork":["/hellofresh-de-problem-solve/europe-west3/refreshRampUp-2026-05-12T18:07:49.471Z"],"workRunningCount":1}
[2026-05-12T18:07:49.483Z] [work-queue] {"queuedWork":[],"queueLength":0,"runningWork":["/hellofresh-de-problem-solve/europe-west3/refreshRampUp-2026-05-12T18:07:49.471Z","/hellofresh-de-problem-solve/europe-west3/refreshRampUp-2026-05-12T18:07:49.482Z"],"workRunningCount":2}
[2026-05-12T18:07:49.484Z] Accepted request POST /hellofresh-de-problem-solve/europe-west3/refreshRampUp --> europe-west3-refreshRampUp
[2026-05-12T18:07:49.488Z] [functions] Runtime ready! Sending request! {"metadata":{"emulator":{"name":"functions"},"message":"[functions] Runtime ready! Sending request!"}}
[2026-05-12T18:07:49.489Z] [functions] Got req.url=/hellofresh-de-problem-solve/europe-west3/refreshRampUp, mapping to path=/ {"metadata":{"emulator":{"name":"functions"},"message":"[functions] Got req.url=/hellofresh-de-problem-solve/europe-west3/refreshRampUp, mapping to path=/"}}
[2026-05-12T18:07:49.489Z] [worker-pool] submitRequest(triggerId=europe-west3-refreshRampUp) {"metadata":{"emulator":{"name":"functions"},"message":"[worker-pool] submitRequest(triggerId=europe-west3-refreshRampUp)"}}
i  functions: Beginning execution of "europe-west3-refreshRampUp" {"metadata":{"emulator":{"name":"functions"},"function":{"name":"europe-west3-refreshRampUp"},"extension":{},"message":"Beginning execution of \"europe-west3-refreshRampUp\""}}
[2026-05-12T18:07:49.491Z] [worker-europe-west3-refreshRampUp-32ab8d97-f47d-4ca2-9468-33d02d71231f]: BUSY {"metadata":{"emulator":{"name":"functions"},"function":{"name":"europe-west3-refreshRampUp"},"extension":{},"message":"[worker-europe-west3-refreshRampUp-32ab8d97-f47d-4ca2-9468-33d02d71231f]: BUSY"}}
[2026-05-12T18:07:49.562Z] Finishing up request with event=pause {"metadata":{"emulator":{"name":"functions"},"function":{"name":"europe-west3-refreshRampUp"},"extension":{},"message":"Finishing up request with event=pause"}}
i  functions: Finished "europe-west3-refreshRampUp" in 82.9112ms {"metadata":{"emulator":{"name":"functions"},"function":{"name":"europe-west3-refreshRampUp"},"extension":{},"message":"Finished \"europe-west3-refreshRampUp\" in 82.9112ms"}}
[2026-05-12T18:07:49.565Z] [worker-europe-west3-refreshRampUp-5e207697-6b9a-4415-bf6b-300b51e7f6bc]: IDLE {"metadata":{"emulator":{"name":"functions"},"function":{"name":"europe-west3-refreshRampUp"},"extension":{},"message":"[worker-europe-west3-refreshRampUp-5e207697-6b9a-4415-bf6b-300b51e7f6bc]: IDLE"}}
[2026-05-12T18:07:49.565Z] Finishing up request with event=finish {"metadata":{"emulator":{"name":"functions"},"function":{"name":"europe-west3-refreshRampUp"},"extension":{},"message":"Finishing up request with event=finish"}}
[2026-05-12T18:07:49.565Z] Finishing up request with event=close {"metadata":{"emulator":{"name":"functions"},"function":{"name":"europe-west3-refreshRampUp"},"extension":{},"message":"Finishing up request with event=close"}}
[2026-05-12T18:07:49.566Z] [work-queue] {"queuedWork":[],"queueLength":0,"runningWork":["/hellofresh-de-problem-solve/europe-west3/refreshRampUp-2026-05-12T18:07:49.482Z"],"workRunningCount":1}
[2026-05-12T18:07:49.589Z] Finishing up request with event=pause {"metadata":{"emulator":{"name":"functions"},"function":{"name":"europe-west3-refreshRampUp"},"extension":{},"message":"Finishing up request with event=pause"}}
i  functions: Finished "europe-west3-refreshRampUp" in 99.5116ms {"metadata":{"emulator":{"name":"functions"},"function":{"name":"europe-west3-refreshRampUp"},"extension":{},"message":"Finished \"europe-west3-refreshRampUp\" in 99.5116ms"}}
[2026-05-12T18:07:49.591Z] [worker-europe-west3-refreshRampUp-32ab8d97-f47d-4ca2-9468-33d02d71231f]: IDLE {"metadata":{"emulator":{"name":"functions"},"function":{"name":"europe-west3-refreshRampUp"},"extension":{},"message":"[worker-europe-west3-refreshRampUp-32ab8d97-f47d-4ca2-9468-33d02d71231f]: IDLE"}}
[2026-05-12T18:07:49.591Z] Finishing up request with event=finish {"metadata":{"emulator":{"name":"functions"},"function":{"name":"europe-west3-refreshRampUp"},"extension":{},"message":"Finishing up request with event=finish"}}
[2026-05-12T18:07:49.591Z] Finishing up request with event=close {"metadata":{"emulator":{"name":"functions"},"function":{"name":"europe-west3-refreshRampUp"},"extension":{},"message":"Finishing up request with event=close"}}
[2026-05-12T18:07:49.592Z] [work-queue] {"queuedWork":[],"queueLength":0,"runningWork":[],"workRunningCount":0}
[2026-05-12T18:08:02.185Z] [work-queue] {"queuedWork":["/hellofresh-de-problem-solve/europe-west3/refreshRampUp-2026-05-12T18:08:02.185Z"],"queueLength":1,"runningWork":[],"workRunningCount":0}
[2026-05-12T18:08:02.186Z] [work-queue] {"queuedWork":[],"queueLength":0,"runningWork":["/hellofresh-de-problem-solve/europe-west3/refreshRampUp-2026-05-12T18:08:02.185Z"],"workRunningCount":1}
[2026-05-12T18:08:02.186Z] Accepted request POST /hellofresh-de-problem-solve/europe-west3/refreshRampUp --> europe-west3-refreshRampUp
[2026-05-12T18:08:02.190Z] [functions] Runtime ready! Sending request! {"metadata":{"emulator":{"name":"functions"},"message":"[functions] Runtime ready! Sending request!"}}
[2026-05-12T18:08:02.190Z] [functions] Got req.url=/hellofresh-de-problem-solve/europe-west3/refreshRampUp, mapping to path=/ {"metadata":{"emulator":{"name":"functions"},"message":"[functions] Got req.url=/hellofresh-de-problem-solve/europe-west3/refreshRampUp, mapping to path=/"}}
[2026-05-12T18:08:02.190Z] [worker-pool] submitRequest(triggerId=europe-west3-refreshRampUp) {"metadata":{"emulator":{"name":"functions"},"message":"[worker-pool] submitRequest(triggerId=europe-west3-refreshRampUp)"}}
i  functions: Beginning execution of "europe-west3-refreshRampUp" {"metadata":{"emulator":{"name":"functions"},"function":{"name":"europe-west3-refreshRampUp"},"extension":{},"message":"Beginning execution of \"europe-west3-refreshRampUp\""}}
[2026-05-12T18:08:02.192Z] [worker-europe-west3-refreshRampUp-5e207697-6b9a-4415-bf6b-300b51e7f6bc]: BUSY {"metadata":{"emulator":{"name":"functions"},"function":{"name":"europe-west3-refreshRampUp"},"extension":{},"message":"[worker-europe-west3-refreshRampUp-5e207697-6b9a-4415-bf6b-300b51e7f6bc]: BUSY"}}
[2026-05-12T18:08:02.194Z] [work-queue] {"queuedWork":["/hellofresh-de-problem-solve/europe-west3/refreshRampUp-2026-05-12T18:08:02.194Z"],"queueLength":1,"runningWork":["/hellofresh-de-problem-solve/europe-west3/refreshRampUp-2026-05-12T18:08:02.185Z"],"workRunningCount":1}
[2026-05-12T18:08:02.195Z] [work-queue] {"queuedWork":[],"queueLength":0,"runningWork":["/hellofresh-de-problem-solve/europe-west3/refreshRampUp-2026-05-12T18:08:02.185Z","/hellofresh-de-problem-solve/europe-west3/refreshRampUp-2026-05-12T18:08:02.194Z"],"workRunningCount":2}
[2026-05-12T18:08:02.195Z] Accepted request POST /hellofresh-de-problem-solve/europe-west3/refreshRampUp --> europe-west3-refreshRampUp
[2026-05-12T18:08:02.198Z] [functions] Runtime ready! Sending request! {"metadata":{"emulator":{"name":"functions"},"message":"[functions] Runtime ready! Sending request!"}}
[2026-05-12T18:08:02.198Z] [functions] Got req.url=/hellofresh-de-problem-solve/europe-west3/refreshRampUp, mapping to path=/ {"metadata":{"emulator":{"name":"functions"},"message":"[functions] Got req.url=/hellofresh-de-problem-solve/europe-west3/refreshRampUp, mapping to path=/"}}
[2026-05-12T18:08:02.199Z] [worker-pool] submitRequest(triggerId=europe-west3-refreshRampUp) {"metadata":{"emulator":{"name":"functions"},"message":"[worker-pool] submitRequest(triggerId=europe-west3-refreshRampUp)"}}
i  functions: Beginning execution of "europe-west3-refreshRampUp" {"metadata":{"emulator":{"name":"functions"},"function":{"name":"europe-west3-refreshRampUp"},"extension":{},"message":"Beginning execution of \"europe-west3-refreshRampUp\""}}
[2026-05-12T18:08:02.200Z] [worker-europe-west3-refreshRampUp-32ab8d97-f47d-4ca2-9468-33d02d71231f]: BUSY {"metadata":{"emulator":{"name":"functions"},"function":{"name":"europe-west3-refreshRampUp"},"extension":{},"message":"[worker-europe-west3-refreshRampUp-32ab8d97-f47d-4ca2-9468-33d02d71231f]: BUSY"}}
[2026-05-12T18:08:02.290Z] Finishing up request with event=pause {"metadata":{"emulator":{"name":"functions"},"function":{"name":"europe-west3-refreshRampUp"},"extension":{},"message":"Finishing up request with event=pause"}}
i  functions: Finished "europe-west3-refreshRampUp" in 99.3507ms {"metadata":{"emulator":{"name":"functions"},"function":{"name":"europe-west3-refreshRampUp"},"extension":{},"message":"Finished \"europe-west3-refreshRampUp\" in 99.3507ms"}}
[2026-05-12T18:08:02.292Z] [worker-europe-west3-refreshRampUp-5e207697-6b9a-4415-bf6b-300b51e7f6bc]: IDLE {"metadata":{"emulator":{"name":"functions"},"function":{"name":"europe-west3-refreshRampUp"},"extension":{},"message":"[worker-europe-west3-refreshRampUp-5e207697-6b9a-4415-bf6b-300b51e7f6bc]: IDLE"}}
[2026-05-12T18:08:02.293Z] Finishing up request with event=finish {"metadata":{"emulator":{"name":"functions"},"function":{"name":"europe-west3-refreshRampUp"},"extension":{},"message":"Finishing up request with event=finish"}}
[2026-05-12T18:08:02.293Z] Finishing up request with event=close {"metadata":{"emulator":{"name":"functions"},"function":{"name":"europe-west3-refreshRampUp"},"extension":{},"message":"Finishing up request with event=close"}}
[2026-05-12T18:08:02.294Z] [work-queue] {"queuedWork":[],"queueLength":0,"runningWork":["/hellofresh-de-problem-solve/europe-west3/refreshRampUp-2026-05-12T18:08:02.194Z"],"workRunningCount":1}
[2026-05-12T18:08:02.306Z] Finishing up request with event=pause {"metadata":{"emulator":{"name":"functions"},"function":{"name":"europe-west3-refreshRampUp"},"extension":{},"message":"Finishing up request with event=pause"}}
i  functions: Finished "europe-west3-refreshRampUp" in 106.9601ms {"metadata":{"emulator":{"name":"functions"},"function":{"name":"europe-west3-refreshRampUp"},"extension":{},"message":"Finished \"europe-west3-refreshRampUp\" in 106.9601ms"}}
[2026-05-12T18:08:02.308Z] [worker-europe-west3-refreshRampUp-32ab8d97-f47d-4ca2-9468-33d02d71231f]: IDLE {"metadata":{"emulator":{"name":"functions"},"function":{"name":"europe-west3-refreshRampUp"},"extension":{},"message":"[worker-europe-west3-refreshRampUp-32ab8d97-f47d-4ca2-9468-33d02d71231f]: IDLE"}}
[2026-05-12T18:08:02.309Z] Finishing up request with event=finish {"metadata":{"emulator":{"name":"functions"},"function":{"name":"europe-west3-refreshRampUp"},"extension":{},"message":"Finishing up request with event=finish"}}
[2026-05-12T18:08:02.310Z] Finishing up request with event=close {"metadata":{"emulator":{"name":"functions"},"function":{"name":"europe-west3-refreshRampUp"},"extension":{},"message":"Finishing up request with event=close"}}
[2026-05-12T18:08:02.311Z] [work-queue] {"queuedWork":[],"queueLength":0,"runningWork":[],"workRunningCount":0}
[2026-05-12T18:08:11.879Z] [work-queue] {"queuedWork":["/hellofresh-de-problem-solve/europe-west3/refreshRampUp-2026-05-12T18:08:11.879Z"],"queueLength":1,"runningWork":[],"workRunningCount":0}
[2026-05-12T18:08:11.880Z] [work-queue] {"queuedWork":[],"queueLength":0,"runningWork":["/hellofresh-de-problem-solve/europe-west3/refreshRampUp-2026-05-12T18:08:11.879Z"],"workRunningCount":1}
[2026-05-12T18:08:11.880Z] Accepted request POST /hellofresh-de-problem-solve/europe-west3/refreshRampUp --> europe-west3-refreshRampUp
[2026-05-12T18:08:11.883Z] [functions] Runtime ready! Sending request! {"metadata":{"emulator":{"name":"functions"},"message":"[functions] Runtime ready! Sending request!"}}
[2026-05-12T18:08:11.884Z] [functions] Got req.url=/hellofresh-de-problem-solve/europe-west3/refreshRampUp, mapping to path=/ {"metadata":{"emulator":{"name":"functions"},"message":"[functions] Got req.url=/hellofresh-de-problem-solve/europe-west3/refreshRampUp, mapping to path=/"}}
[2026-05-12T18:08:11.885Z] [worker-pool] submitRequest(triggerId=europe-west3-refreshRampUp) {"metadata":{"emulator":{"name":"functions"},"message":"[worker-pool] submitRequest(triggerId=europe-west3-refreshRampUp)"}}
i  functions: Beginning execution of "europe-west3-refreshRampUp" {"metadata":{"emulator":{"name":"functions"},"function":{"name":"europe-west3-refreshRampUp"},"extension":{},"message":"Beginning execution of \"europe-west3-refreshRampUp\""}}
[2026-05-12T18:08:11.886Z] [worker-europe-west3-refreshRampUp-5e207697-6b9a-4415-bf6b-300b51e7f6bc]: BUSY {"metadata":{"emulator":{"name":"functions"},"function":{"name":"europe-west3-refreshRampUp"},"extension":{},"message":"[worker-europe-west3-refreshRampUp-5e207697-6b9a-4415-bf6b-300b51e7f6bc]: BUSY"}}
[2026-05-12T18:08:11.887Z] [work-queue] {"queuedWork":["/hellofresh-de-problem-solve/europe-west3/refreshRampUp-2026-05-12T18:08:11.887Z"],"queueLength":1,"runningWork":["/hellofresh-de-problem-solve/europe-west3/refreshRampUp-2026-05-12T18:08:11.879Z"],"workRunningCount":1}
[2026-05-12T18:08:11.887Z] [work-queue] {"queuedWork":[],"queueLength":0,"runningWork":["/hellofresh-de-problem-solve/europe-west3/refreshRampUp-2026-05-12T18:08:11.879Z","/hellofresh-de-problem-solve/europe-west3/refreshRampUp-2026-05-12T18:08:11.887Z"],"workRunningCount":2}
[2026-05-12T18:08:11.888Z] Accepted request POST /hellofresh-de-problem-solve/europe-west3/refreshRampUp --> europe-west3-refreshRampUp
[2026-05-12T18:08:11.890Z] [functions] Runtime ready! Sending request! {"metadata":{"emulator":{"name":"functions"},"message":"[functions] Runtime ready! Sending request!"}}
[2026-05-12T18:08:11.891Z] [functions] Got req.url=/hellofresh-de-problem-solve/europe-west3/refreshRampUp, mapping to path=/ {"metadata":{"emulator":{"name":"functions"},"message":"[functions] Got req.url=/hellofresh-de-problem-solve/europe-west3/refreshRampUp, mapping to path=/"}}
[2026-05-12T18:08:11.891Z] [worker-pool] submitRequest(triggerId=europe-west3-refreshRampUp) {"metadata":{"emulator":{"name":"functions"},"message":"[worker-pool] submitRequest(triggerId=europe-west3-refreshRampUp)"}}
i  functions: Beginning execution of "europe-west3-refreshRampUp" {"metadata":{"emulator":{"name":"functions"},"function":{"name":"europe-west3-refreshRampUp"},"extension":{},"message":"Beginning execution of \"europe-west3-refreshRampUp\""}}
[2026-05-12T18:08:11.893Z] [worker-europe-west3-refreshRampUp-32ab8d97-f47d-4ca2-9468-33d02d71231f]: BUSY {"metadata":{"emulator":{"name":"functions"},"function":{"name":"europe-west3-refreshRampUp"},"extension":{},"message":"[worker-europe-west3-refreshRampUp-32ab8d97-f47d-4ca2-9468-33d02d71231f]: BUSY"}}
[2026-05-12T18:08:11.972Z] Finishing up request with event=pause {"metadata":{"emulator":{"name":"functions"},"function":{"name":"europe-west3-refreshRampUp"},"extension":{},"message":"Finishing up request with event=pause"}}
i  functions: Finished "europe-west3-refreshRampUp" in 80.4844ms {"metadata":{"emulator":{"name":"functions"},"function":{"name":"europe-west3-refreshRampUp"},"extension":{},"message":"Finished \"europe-west3-refreshRampUp\" in 80.4844ms"}}
[2026-05-12T18:08:11.974Z] [worker-europe-west3-refreshRampUp-32ab8d97-f47d-4ca2-9468-33d02d71231f]: IDLE {"metadata":{"emulator":{"name":"functions"},"function":{"name":"europe-west3-refreshRampUp"},"extension":{},"message":"[worker-europe-west3-refreshRampUp-32ab8d97-f47d-4ca2-9468-33d02d71231f]: IDLE"}}
[2026-05-12T18:08:11.974Z] Finishing up request with event=finish {"metadata":{"emulator":{"name":"functions"},"function":{"name":"europe-west3-refreshRampUp"},"extension":{},"message":"Finishing up request with event=finish"}}
[2026-05-12T18:08:11.975Z] Finishing up request with event=close {"metadata":{"emulator":{"name":"functions"},"function":{"name":"europe-west3-refreshRampUp"},"extension":{},"message":"Finishing up request with event=close"}}
[2026-05-12T18:08:11.975Z] [work-queue] {"queuedWork":[],"queueLength":0,"runningWork":["/hellofresh-de-problem-solve/europe-west3/refreshRampUp-2026-05-12T18:08:11.879Z"],"workRunningCount":1}
[2026-05-12T18:08:11.987Z] Finishing up request with event=pause {"metadata":{"emulator":{"name":"functions"},"function":{"name":"europe-west3-refreshRampUp"},"extension":{},"message":"Finishing up request with event=pause"}}
i  functions: Finished "europe-west3-refreshRampUp" in 101.9482ms {"metadata":{"emulator":{"name":"functions"},"function":{"name":"europe-west3-refreshRampUp"},"extension":{},"message":"Finished \"europe-west3-refreshRampUp\" in 101.9482ms"}}
[2026-05-12T18:08:11.988Z] [worker-europe-west3-refreshRampUp-5e207697-6b9a-4415-bf6b-300b51e7f6bc]: IDLE {"metadata":{"emulator":{"name":"functions"},"function":{"name":"europe-west3-refreshRampUp"},"extension":{},"message":"[worker-europe-west3-refreshRampUp-5e207697-6b9a-4415-bf6b-300b51e7f6bc]: IDLE"}}
[2026-05-12T18:08:11.989Z] Finishing up request with event=finish {"metadata":{"emulator":{"name":"functions"},"function":{"name":"europe-west3-refreshRampUp"},"extension":{},"message":"Finishing up request with event=finish"}}
[2026-05-12T18:08:11.989Z] Finishing up request with event=close {"metadata":{"emulator":{"name":"functions"},"function":{"name":"europe-west3-refreshRampUp"},"extension":{},"message":"Finishing up request with event=close"}}
[2026-05-12T18:08:11.990Z] [work-queue] {"queuedWork":[],"queueLength":0,"runningWork":[],"workRunningCount":0}
[2026-05-12T18:08:23.873Z] [work-queue] {"queuedWork":["/hellofresh-de-problem-solve/europe-west3/refreshRampUp-2026-05-12T18:08:23.873Z"],"queueLength":1,"runningWork":[],"workRunningCount":0}
[2026-05-12T18:08:23.875Z] [work-queue] {"queuedWork":[],"queueLength":0,"runningWork":["/hellofresh-de-problem-solve/europe-west3/refreshRampUp-2026-05-12T18:08:23.873Z"],"workRunningCount":1}
[2026-05-12T18:08:23.876Z] Accepted request POST /hellofresh-de-problem-solve/europe-west3/refreshRampUp --> europe-west3-refreshRampUp
[2026-05-12T18:08:23.878Z] [functions] Runtime ready! Sending request! {"metadata":{"emulator":{"name":"functions"},"message":"[functions] Runtime ready! Sending request!"}}
[2026-05-12T18:08:23.879Z] [functions] Got req.url=/hellofresh-de-problem-solve/europe-west3/refreshRampUp, mapping to path=/ {"metadata":{"emulator":{"name":"functions"},"message":"[functions] Got req.url=/hellofresh-de-problem-solve/europe-west3/refreshRampUp, mapping to path=/"}}
[2026-05-12T18:08:23.880Z] [worker-pool] submitRequest(triggerId=europe-west3-refreshRampUp) {"metadata":{"emulator":{"name":"functions"},"message":"[worker-pool] submitRequest(triggerId=europe-west3-refreshRampUp)"}}
i  functions: Beginning execution of "europe-west3-refreshRampUp" {"metadata":{"emulator":{"name":"functions"},"function":{"name":"europe-west3-refreshRampUp"},"extension":{},"message":"Beginning execution of \"europe-west3-refreshRampUp\""}}
[2026-05-12T18:08:23.882Z] [worker-europe-west3-refreshRampUp-5e207697-6b9a-4415-bf6b-300b51e7f6bc]: BUSY {"metadata":{"emulator":{"name":"functions"},"function":{"name":"europe-west3-refreshRampUp"},"extension":{},"message":"[worker-europe-west3-refreshRampUp-5e207697-6b9a-4415-bf6b-300b51e7f6bc]: BUSY"}}
[2026-05-12T18:08:23.883Z] [work-queue] {"queuedWork":["/hellofresh-de-problem-solve/europe-west3/refreshRampUp-2026-05-12T18:08:23.883Z"],"queueLength":1,"runningWork":["/hellofresh-de-problem-solve/europe-west3/refreshRampUp-2026-05-12T18:08:23.873Z"],"workRunningCount":1}
[2026-05-12T18:08:23.883Z] [work-queue] {"queuedWork":[],"queueLength":0,"runningWork":["/hellofresh-de-problem-solve/europe-west3/refreshRampUp-2026-05-12T18:08:23.873Z","/hellofresh-de-problem-solve/europe-west3/refreshRampUp-2026-05-12T18:08:23.883Z"],"workRunningCount":2}
[2026-05-12T18:08:23.884Z] Accepted request POST /hellofresh-de-problem-solve/europe-west3/refreshRampUp --> europe-west3-refreshRampUp
[2026-05-12T18:08:23.886Z] [functions] Runtime ready! Sending request! {"metadata":{"emulator":{"name":"functions"},"message":"[functions] Runtime ready! Sending request!"}}
[2026-05-12T18:08:23.886Z] [functions] Got req.url=/hellofresh-de-problem-solve/europe-west3/refreshRampUp, mapping to path=/ {"metadata":{"emulator":{"name":"functions"},"message":"[functions] Got req.url=/hellofresh-de-problem-solve/europe-west3/refreshRampUp, mapping to path=/"}}
[2026-05-12T18:08:23.887Z] [worker-pool] submitRequest(triggerId=europe-west3-refreshRampUp) {"metadata":{"emulator":{"name":"functions"},"message":"[worker-pool] submitRequest(triggerId=europe-west3-refreshRampUp)"}}
i  functions: Beginning execution of "europe-west3-refreshRampUp" {"metadata":{"emulator":{"name":"functions"},"function":{"name":"europe-west3-refreshRampUp"},"extension":{},"message":"Beginning execution of \"europe-west3-refreshRampUp\""}}
[2026-05-12T18:08:23.888Z] [worker-europe-west3-refreshRampUp-32ab8d97-f47d-4ca2-9468-33d02d71231f]: BUSY {"metadata":{"emulator":{"name":"functions"},"function":{"name":"europe-west3-refreshRampUp"},"extension":{},"message":"[worker-europe-west3-refreshRampUp-32ab8d97-f47d-4ca2-9468-33d02d71231f]: BUSY"}}
[2026-05-12T18:08:23.974Z] Finishing up request with event=pause {"metadata":{"emulator":{"name":"functions"},"function":{"name":"europe-west3-refreshRampUp"},"extension":{},"message":"Finishing up request with event=pause"}}
i  functions: Finished "europe-west3-refreshRampUp" in 94.1173ms {"metadata":{"emulator":{"name":"functions"},"function":{"name":"europe-west3-refreshRampUp"},"extension":{},"message":"Finished \"europe-west3-refreshRampUp\" in 94.1173ms"}}
[2026-05-12T18:08:23.977Z] [worker-europe-west3-refreshRampUp-5e207697-6b9a-4415-bf6b-300b51e7f6bc]: IDLE {"metadata":{"emulator":{"name":"functions"},"function":{"name":"europe-west3-refreshRampUp"},"extension":{},"message":"[worker-europe-west3-refreshRampUp-5e207697-6b9a-4415-bf6b-300b51e7f6bc]: IDLE"}}
[2026-05-12T18:08:23.978Z] Finishing up request with event=finish {"metadata":{"emulator":{"name":"functions"},"function":{"name":"europe-west3-refreshRampUp"},"extension":{},"message":"Finishing up request with event=finish"}}
[2026-05-12T18:08:23.979Z] Finishing up request with event=close {"metadata":{"emulator":{"name":"functions"},"function":{"name":"europe-west3-refreshRampUp"},"extension":{},"message":"Finishing up request with event=close"}}
[2026-05-12T18:08:23.979Z] [work-queue] {"queuedWork":[],"queueLength":0,"runningWork":["/hellofresh-de-problem-solve/europe-west3/refreshRampUp-2026-05-12T18:08:23.883Z"],"workRunningCount":1}
[2026-05-12T18:08:24.194Z] Finishing up request with event=pause {"metadata":{"emulator":{"name":"functions"},"function":{"name":"europe-west3-refreshRampUp"},"extension":{},"message":"Finishing up request with event=pause"}}
i  functions: Finished "europe-west3-refreshRampUp" in 307.8972ms {"metadata":{"emulator":{"name":"functions"},"function":{"name":"europe-west3-refreshRampUp"},"extension":{},"message":"Finished \"europe-west3-refreshRampUp\" in 307.8972ms"}}
[2026-05-12T18:08:24.197Z] [worker-europe-west3-refreshRampUp-32ab8d97-f47d-4ca2-9468-33d02d71231f]: IDLE {"metadata":{"emulator":{"name":"functions"},"function":{"name":"europe-west3-refreshRampUp"},"extension":{},"message":"[worker-europe-west3-refreshRampUp-32ab8d97-f47d-4ca2-9468-33d02d71231f]: IDLE"}}
[2026-05-12T18:08:24.198Z] Finishing up request with event=finish {"metadata":{"emulator":{"name":"functions"},"function":{"name":"europe-west3-refreshRampUp"},"extension":{},"message":"Finishing up request with event=finish"}}
[2026-05-12T18:08:24.199Z] Finishing up request with event=close {"metadata":{"emulator":{"name":"functions"},"function":{"name":"europe-west3-refreshRampUp"},"extension":{},"message":"Finishing up request with event=close"}}
[2026-05-12T18:08:24.200Z] [work-queue] {"queuedWork":[],"queueLength":0,"runningWork":[],"workRunningCount":0}
[2026-05-12T18:08:36.725Z] [work-queue] {"queuedWork":["/hellofresh-de-problem-solve/europe-west3/wmsLive-2026-05-12T18:08:36.725Z"],"queueLength":1,"runningWork":[],"workRunningCount":0}
[2026-05-12T18:08:36.726Z] [work-queue] {"queuedWork":[],"queueLength":0,"runningWork":["/hellofresh-de-problem-solve/europe-west3/wmsLive-2026-05-12T18:08:36.725Z"],"workRunningCount":1}
[2026-05-12T18:08:36.727Z] Accepted request GET /hellofresh-de-problem-solve/europe-west3/wmsLive?week=2026-W17 --> europe-west3-wmsLive
[2026-05-12T18:08:36.729Z] [functions] Runtime ready! Sending request! {"metadata":{"emulator":{"name":"functions"},"message":"[functions] Runtime ready! Sending request!"}}
[2026-05-12T18:08:36.730Z] [functions] Got req.url=/hellofresh-de-problem-solve/europe-west3/wmsLive?week=2026-W17, mapping to path=/?week=2026-W17 {"metadata":{"emulator":{"name":"functions"},"message":"[functions] Got req.url=/hellofresh-de-problem-solve/europe-west3/wmsLive?week=2026-W17, mapping to path=/?week=2026-W17"}}
i  functions: Loaded environment variables from .env. 
[2026-05-12T18:08:36.753Z] [worker-pool] addWorker(europe-west3-wmsLive) {"metadata":{"emulator":{"name":"functions"},"message":"[worker-pool] addWorker(europe-west3-wmsLive)"}}
[2026-05-12T18:08:36.754Z] [worker-pool] Adding worker with key europe-west3-wmsLive, total=1 {"metadata":{"emulator":{"name":"functions"},"message":"[worker-pool] Adding worker with key europe-west3-wmsLive, total=1"}}
[2026-05-12T18:08:37.231Z] [work-queue] {"queuedWork":["/hellofresh-de-problem-solve/europe-west3/refreshRampUp-2026-05-12T18:08:37.231Z"],"queueLength":1,"runningWork":["/hellofresh-de-problem-solve/europe-west3/wmsLive-2026-05-12T18:08:36.725Z"],"workRunningCount":1}
[2026-05-12T18:08:37.233Z] [work-queue] {"queuedWork":[],"queueLength":0,"runningWork":["/hellofresh-de-problem-solve/europe-west3/wmsLive-2026-05-12T18:08:36.725Z","/hellofresh-de-problem-solve/europe-west3/refreshRampUp-2026-05-12T18:08:37.231Z"],"workRunningCount":2}
[2026-05-12T18:08:37.234Z] Accepted request POST /hellofresh-de-problem-solve/europe-west3/refreshRampUp --> europe-west3-refreshRampUp
[2026-05-12T18:08:37.236Z] [functions] Runtime ready! Sending request! {"metadata":{"emulator":{"name":"functions"},"message":"[functions] Runtime ready! Sending request!"}}
[2026-05-12T18:08:37.236Z] [functions] Got req.url=/hellofresh-de-problem-solve/europe-west3/refreshRampUp, mapping to path=/ {"metadata":{"emulator":{"name":"functions"},"message":"[functions] Got req.url=/hellofresh-de-problem-solve/europe-west3/refreshRampUp, mapping to path=/"}}
[2026-05-12T18:08:37.237Z] [worker-pool] submitRequest(triggerId=europe-west3-refreshRampUp) {"metadata":{"emulator":{"name":"functions"},"message":"[worker-pool] submitRequest(triggerId=europe-west3-refreshRampUp)"}}
i  functions: Beginning execution of "europe-west3-refreshRampUp" {"metadata":{"emulator":{"name":"functions"},"function":{"name":"europe-west3-refreshRampUp"},"extension":{},"message":"Beginning execution of \"europe-west3-refreshRampUp\""}}
[2026-05-12T18:08:37.239Z] [worker-europe-west3-refreshRampUp-5e207697-6b9a-4415-bf6b-300b51e7f6bc]: BUSY {"metadata":{"emulator":{"name":"functions"},"function":{"name":"europe-west3-refreshRampUp"},"extension":{},"message":"[worker-europe-west3-refreshRampUp-5e207697-6b9a-4415-bf6b-300b51e7f6bc]: BUSY"}}
[2026-05-12T18:08:37.242Z] [work-queue] {"queuedWork":["/hellofresh-de-problem-solve/europe-west3/refreshRampUp-2026-05-12T18:08:37.242Z"],"queueLength":1,"runningWork":["/hellofresh-de-problem-solve/europe-west3/wmsLive-2026-05-12T18:08:36.725Z","/hellofresh-de-problem-solve/europe-west3/refreshRampUp-2026-05-12T18:08:37.231Z"],"workRunningCount":2}
[2026-05-12T18:08:37.242Z] [work-queue] {"queuedWork":[],"queueLength":0,"runningWork":["/hellofresh-de-problem-solve/europe-west3/wmsLive-2026-05-12T18:08:36.725Z","/hellofresh-de-problem-solve/europe-west3/refreshRampUp-2026-05-12T18:08:37.231Z","/hellofresh-de-problem-solve/europe-west3/refreshRampUp-2026-05-12T18:08:37.242Z"],"workRunningCount":3}
[2026-05-12T18:08:37.243Z] Accepted request POST /hellofresh-de-problem-solve/europe-west3/refreshRampUp --> europe-west3-refreshRampUp
[2026-05-12T18:08:37.247Z] [functions] Runtime ready! Sending request! {"metadata":{"emulator":{"name":"functions"},"message":"[functions] Runtime ready! Sending request!"}}
[2026-05-12T18:08:37.248Z] [functions] Got req.url=/hellofresh-de-problem-solve/europe-west3/refreshRampUp, mapping to path=/ {"metadata":{"emulator":{"name":"functions"},"message":"[functions] Got req.url=/hellofresh-de-problem-solve/europe-west3/refreshRampUp, mapping to path=/"}}
[2026-05-12T18:08:37.248Z] [worker-pool] submitRequest(triggerId=europe-west3-refreshRampUp) {"metadata":{"emulator":{"name":"functions"},"message":"[worker-pool] submitRequest(triggerId=europe-west3-refreshRampUp)"}}
i  functions: Beginning execution of "europe-west3-refreshRampUp" {"metadata":{"emulator":{"name":"functions"},"function":{"name":"europe-west3-refreshRampUp"},"extension":{},"message":"Beginning execution of \"europe-west3-refreshRampUp\""}}
[2026-05-12T18:08:37.250Z] [worker-europe-west3-refreshRampUp-32ab8d97-f47d-4ca2-9468-33d02d71231f]: BUSY {"metadata":{"emulator":{"name":"functions"},"function":{"name":"europe-west3-refreshRampUp"},"extension":{},"message":"[worker-europe-west3-refreshRampUp-32ab8d97-f47d-4ca2-9468-33d02d71231f]: BUSY"}}
[2026-05-12T18:08:37.864Z] [runtime-status] [28276] Resolved module firebase-admin {"declared":true,"installed":true,"version":"13.8.0","resolution":"C:\\rezeptlogik-app\\functions\\node_modules\\firebase-admin\\lib\\index.js"} {"metadata":{"emulator":{"name":"functions"},"function":{"name":"europe-west3-wmsLive"},"extension":{},"message":"[runtime-status] [28276] Resolved module firebase-admin {\"declared\":true,\"installed\":true,\"version\":\"13.8.0\",\"resolution\":\"C:\\\\rezeptlogik-app\\\\functions\\\\node_modules\\\\firebase-admin\\\\lib\\\\index.js\"}"}}
[2026-05-12T18:08:37.866Z] [runtime-status] [28276] Resolved module firebase-functions {"declared":true,"installed":true,"version":"6.6.0","resolution":"C:\\rezeptlogik-app\\functions\\node_modules\\firebase-functions\\lib\\v2\\index.js"} {"metadata":{"emulator":{"name":"functions"},"function":{"name":"europe-west3-wmsLive"},"extension":{},"message":"[runtime-status] [28276] Resolved module firebase-functions {\"declared\":true,\"installed\":true,\"version\":\"6.6.0\",\"resolution\":\"C:\\\\rezeptlogik-app\\\\functions\\\\node_modules\\\\firebase-functions\\\\lib\\\\v2\\\\index.js\"}"}}
[2026-05-12T18:08:37.867Z] [runtime-status] [28276] Outgoing network have been stubbed. [{"name":"http","status":"mocked"},{"name":"http","status":"mocked"},{"name":"https","status":"mocked"},{"name":"https","status":"mocked"},{"name":"net","status":"mocked"}] {"metadata":{"emulator":{"name":"functions"},"function":{"name":"europe-west3-wmsLive"},"extension":{},"message":"[runtime-status] [28276] Outgoing network have been stubbed. [{\"name\":\"http\",\"status\":\"mocked\"},{\"name\":\"http\",\"status\":\"mocked\"},{\"name\":\"https\",\"status\":\"mocked\"},{\"name\":\"https\",\"status\":\"mocked\"},{\"name\":\"net\",\"status\":\"mocked\"}]"}}
[2026-05-12T18:08:37.868Z] [runtime-status] [28276] Resolved module firebase-functions {"declared":true,"installed":true,"version":"6.6.0","resolution":"C:\\rezeptlogik-app\\functions\\node_modules\\firebase-functions\\lib\\v2\\index.js"} {"metadata":{"emulator":{"name":"functions"},"function":{"name":"europe-west3-wmsLive"},"extension":{},"message":"[runtime-status] [28276] Resolved module firebase-functions {\"declared\":true,\"installed\":true,\"version\":\"6.6.0\",\"resolution\":\"C:\\\\rezeptlogik-app\\\\functions\\\\node_modules\\\\firebase-functions\\\\lib\\\\v2\\\\index.js\"}"}}
[2026-05-12T18:08:38.105Z] [runtime-status] [28276] Resolved module firebase-admin {"declared":true,"installed":true,"version":"13.8.0","resolution":"C:\\rezeptlogik-app\\functions\\node_modules\\firebase-admin\\lib\\index.js"} {"metadata":{"emulator":{"name":"functions"},"function":{"name":"europe-west3-wmsLive"},"extension":{},"message":"[runtime-status] [28276] Resolved module firebase-admin {\"declared\":true,\"installed\":true,\"version\":\"13.8.0\",\"resolution\":\"C:\\\\rezeptlogik-app\\\\functions\\\\node_modules\\\\firebase-admin\\\\lib\\\\index.js\"}"}}
[2026-05-12T18:08:38.107Z] [runtime-status] [28276] Resolved module firebase-functions {"declared":true,"installed":true,"version":"6.6.0","resolution":"C:\\rezeptlogik-app\\functions\\node_modules\\firebase-functions\\lib\\v2\\index.js"} {"metadata":{"emulator":{"name":"functions"},"function":{"name":"europe-west3-wmsLive"},"extension":{},"message":"[runtime-status] [28276] Resolved module firebase-functions {\"declared\":true,\"installed\":true,\"version\":\"6.6.0\",\"resolution\":\"C:\\\\rezeptlogik-app\\\\functions\\\\node_modules\\\\firebase-functions\\\\lib\\\\v2\\\\index.js\"}"}}
[2026-05-12T18:08:38.250Z] [runtime-status] [28276] firebase-admin has been stubbed. {"adminResolution":{"declared":true,"installed":true,"version":"13.8.0","resolution":"C:\\rezeptlogik-app\\functions\\node_modules\\firebase-admin\\lib\\index.js"}} {"metadata":{"emulator":{"name":"functions"},"function":{"name":"europe-west3-wmsLive"},"extension":{},"message":"[runtime-status] [28276] firebase-admin has been stubbed. {\"adminResolution\":{\"declared\":true,\"installed\":true,\"version\":\"13.8.0\",\"resolution\":\"C:\\\\rezeptlogik-app\\\\functions\\\\node_modules\\\\firebase-admin\\\\lib\\\\index.js\"}}"}}
[2026-05-12T18:08:39.001Z] Finishing up request with event=pause {"metadata":{"emulator":{"name":"functions"},"function":{"name":"europe-west3-refreshRampUp"},"extension":{},"message":"Finishing up request with event=pause"}}
i  functions: Finished "europe-west3-refreshRampUp" in 1753.05ms {"metadata":{"emulator":{"name":"functions"},"function":{"name":"europe-west3-refreshRampUp"},"extension":{},"message":"Finished \"europe-west3-refreshRampUp\" in 1753.05ms"}}
[2026-05-12T18:08:39.004Z] [worker-europe-west3-refreshRampUp-32ab8d97-f47d-4ca2-9468-33d02d71231f]: IDLE {"metadata":{"emulator":{"name":"functions"},"function":{"name":"europe-west3-refreshRampUp"},"extension":{},"message":"[worker-europe-west3-refreshRampUp-32ab8d97-f47d-4ca2-9468-33d02d71231f]: IDLE"}}
[2026-05-12T18:08:39.004Z] Finishing up request with event=finish {"metadata":{"emulator":{"name":"functions"},"function":{"name":"europe-west3-refreshRampUp"},"extension":{},"message":"Finishing up request with event=finish"}}
[2026-05-12T18:08:39.005Z] Finishing up request with event=close {"metadata":{"emulator":{"name":"functions"},"function":{"name":"europe-west3-refreshRampUp"},"extension":{},"message":"Finishing up request with event=close"}}
[2026-05-12T18:08:39.006Z] [work-queue] {"queuedWork":[],"queueLength":0,"runningWork":["/hellofresh-de-problem-solve/europe-west3/wmsLive-2026-05-12T18:08:36.725Z","/hellofresh-de-problem-solve/europe-west3/refreshRampUp-2026-05-12T18:08:37.231Z"],"workRunningCount":2}
[2026-05-12T18:08:39.015Z] Finishing up request with event=pause {"metadata":{"emulator":{"name":"functions"},"function":{"name":"europe-west3-refreshRampUp"},"extension":{},"message":"Finishing up request with event=pause"}}
i  functions: Finished "europe-west3-refreshRampUp" in 1776.8121999999998ms {"metadata":{"emulator":{"name":"functions"},"function":{"name":"europe-west3-refreshRampUp"},"extension":{},"message":"Finished \"europe-west3-refreshRampUp\" in 1776.8121999999998ms"}}
[2026-05-12T18:08:39.017Z] [worker-europe-west3-refreshRampUp-5e207697-6b9a-4415-bf6b-300b51e7f6bc]: IDLE {"metadata":{"emulator":{"name":"functions"},"function":{"name":"europe-west3-refreshRampUp"},"extension":{},"message":"[worker-europe-west3-refreshRampUp-5e207697-6b9a-4415-bf6b-300b51e7f6bc]: IDLE"}}
[2026-05-12T18:08:39.018Z] Finishing up request with event=finish {"metadata":{"emulator":{"name":"functions"},"function":{"name":"europe-west3-refreshRampUp"},"extension":{},"message":"Finishing up request with event=finish"}}
[2026-05-12T18:08:39.019Z] Finishing up request with event=close {"metadata":{"emulator":{"name":"functions"},"function":{"name":"europe-west3-refreshRampUp"},"extension":{},"message":"Finishing up request with event=close"}}
[2026-05-12T18:08:39.019Z] [work-queue] {"queuedWork":[],"queueLength":0,"runningWork":["/hellofresh-de-problem-solve/europe-west3/wmsLive-2026-05-12T18:08:36.725Z"],"workRunningCount":1}
!  External network resource requested!
   - URL: "http://169.254.169.254/latest/api/token"
 - Be careful, this may be a production service. {"metadata":{"emulator":{"name":"functions"},"function":{"name":"europe-west3-wmsLive"},"extension":{},"message":"External network resource requested!\n   - URL: \"http://169.254.169.254/latest/api/token\"\n - Be careful, this may be a production service."}}
!  External network resource requested!
   - URL: "http://169.254.169.254/metadata/instance?api-version=2021-02-01"
 - Be careful, this may be a production service. {"metadata":{"emulator":{"name":"functions"},"function":{"name":"europe-west3-wmsLive"},"extension":{},"message":"External network resource requested!\n   - URL: \"http://169.254.169.254/metadata/instance?api-version=2021-02-01\"\n - Be careful, this may be a production service."}}
!  External network resource requested!
   - URL: "http://169.254.169.254/metadata/identity/oauth2/token?api-version=2018-02-01&resource=https%3A%2F%2Fmanagement.azure.com"
 - Be careful, this may be a production service. {"metadata":{"emulator":{"name":"functions"},"function":{"name":"europe-west3-wmsLive"},"extension":{},"message":"External network resource requested!\n   - URL: \"http://169.254.169.254/metadata/identity/oauth2/token?api-version=2018-02-01&resource=https%3A%2F%2Fmanagement.azure.com\"\n - Be careful, this may be a production service."}}
!  External network resource requested!
   - URL: "http://metadata.google.internal"
 - Be careful, this may be a production service. {"metadata":{"emulator":{"name":"functions"},"function":{"name":"europe-west3-wmsLive"},"extension":{},"message":"External network resource requested!\n   - URL: \"http://metadata.google.internal\"\n - Be careful, this may be a production service."}}
!  External network resource requested!
   - URL: "http://metadata.google.internal/computeMetadata/v1/instance/service-accounts/default/email"
 - Be careful, this may be a production service. {"metadata":{"emulator":{"name":"functions"},"function":{"name":"europe-west3-wmsLive"},"extension":{},"message":"External network resource requested!\n   - URL: \"http://metadata.google.internal/computeMetadata/v1/instance/service-accounts/default/email\"\n - Be careful, this may be a production service."}}
[2026-05-12T18:08:40.388Z] [runtime-status] [28276] initializeApp(DEFAULT) {"storageBucket":"hellofresh-de-problem-solve.firebasestorage.app","projectId":"hellofresh-de-problem-solve"} {"metadata":{"emulator":{"name":"functions"},"function":{"name":"europe-west3-wmsLive"},"extension":{},"message":"[runtime-status] [28276] initializeApp(DEFAULT) {\"storageBucket\":\"hellofresh-de-problem-solve.firebasestorage.app\",\"projectId\":\"hellofresh-de-problem-solve\"}"}}
[2026-05-12T18:08:40.400Z] [runtime-status] [28276] Functions runtime initialized. {"cwd":"C:\\rezeptlogik-app\\functions","node_version":"24.11.1"} {"metadata":{"emulator":{"name":"functions"},"function":{"name":"europe-west3-wmsLive"},"extension":{},"message":"[runtime-status] [28276] Functions runtime initialized. {\"cwd\":\"C:\\\\rezeptlogik-app\\\\functions\",\"node_version\":\"24.11.1\"}"}}
[2026-05-12T18:08:40.402Z] [runtime-status] [28276] Listening to port: \\?\pipe\fire_emu_3f7db47e95bb5162 {"metadata":{"emulator":{"name":"functions"},"function":{"name":"europe-west3-wmsLive"},"extension":{},"message":"[runtime-status] [28276] Listening to port: \\\\?\\pipe\\fire_emu_3f7db47e95bb5162"}}
[2026-05-12T18:08:40.428Z] [worker-europe-west3-wmsLive-ad2f7e23-3e08-484b-b727-7f6acec8a7cc]: IDLE {"metadata":{"emulator":{"name":"functions"},"function":{"name":"europe-west3-wmsLive"},"extension":{},"message":"[worker-europe-west3-wmsLive-ad2f7e23-3e08-484b-b727-7f6acec8a7cc]: IDLE"}}
[2026-05-12T18:08:40.429Z] [worker-pool] submitRequest(triggerId=europe-west3-wmsLive) {"metadata":{"emulator":{"name":"functions"},"message":"[worker-pool] submitRequest(triggerId=europe-west3-wmsLive)"}}
i  functions: Beginning execution of "europe-west3-wmsLive" {"metadata":{"emulator":{"name":"functions"},"function":{"name":"europe-west3-wmsLive"},"extension":{},"message":"Beginning execution of \"europe-west3-wmsLive\""}}
[2026-05-12T18:08:40.430Z] [worker-europe-west3-wmsLive-ad2f7e23-3e08-484b-b727-7f6acec8a7cc]: BUSY {"metadata":{"emulator":{"name":"functions"},"function":{"name":"europe-west3-wmsLive"},"extension":{},"message":"[worker-europe-west3-wmsLive-ad2f7e23-3e08-484b-b727-7f6acec8a7cc]: BUSY"}}
>  {"level":"INFO","message":"[6:08:40.438 PM]: Creating new connection object"} {"user":{"level":"INFO","message":"[6:08:40.438 PM]: Creating new connection object"},"metadata":{"emulator":{"name":"functions"},"function":{"name":"europe-west3-wmsLive"},"extension":{},"message":"\u001b[90m> \u001b[39m {\"level\":\"INFO\",\"message\":\"[6:08:40.438 PM]: Creating new connection object\"}\r"}}
>  {"level":"INFO","message":"[6:08:40.474 PM]: Creating Connection[id: a7f37d96-5c7f-4445-bd58-fb23e7bf3919] with host: XG02811-OO69432.snowflakecomputing.com, account: XG02811-OO69432, accessUrl: https://XG02811-OO69432.snowflakecomputing.com, user: MARCEL.SPINDLER@HELLOFRESH.DE, role: US_OPS_ANALYTICS_USER, database: US_OPS_ANALYTICS, schema: HIGHJUMP, warehouse: US_OPS_ANALYTICS, proxy was not configured, password is not provided, region: undefined, authenticator: EXTERNALBROWSER, ocsp mode: FAIL_OPEN, os: win32, os version: 10.0.26100"} {"user":{"level":"INFO","message":"[6:08:40.474 PM]: Creating Connection[id: a7f37d96-5c7f-4445-bd58-fb23e7bf3919] with host: XG02811-OO69432.snowflakecomputing.com, account: XG02811-OO69432, accessUrl: https://XG02811-OO69432.snowflakecomputing.com, user: MARCEL.SPINDLER@HELLOFRESH.DE, role: US_OPS_ANALYTICS_USER, database: US_OPS_ANALYTICS, schema: HIGHJUMP, warehouse: US_OPS_ANALYTICS, proxy was not configured, password is not provided, region: undefined, authenticator: EXTERNALBROWSER, ocsp mode: FAIL_OPEN, os: win32, os version: 10.0.26100"},"metadata":{"emulator":{"name":"functions"},"function":{"name":"europe-west3-wmsLive"},"extension":{},"message":"\u001b[90m> \u001b[39m {\"level\":\"INFO\",\"message\":\"[6:08:40.474 PM]: Creating Connection[id: a7f37d96-5c7f-4445-bd58-fb23e7bf3919] with host: XG02811-OO69432.snowflakecomputing.com, account: XG02811-OO69432, accessUrl: https://XG02811-OO69432.snowflakecomputing.com, user: MARCEL.SPINDLER@HELLOFRESH.DE, role: US_OPS_ANALYTICS_USER, database: US_OPS_ANALYTICS, schema: HIGHJUMP, warehouse: US_OPS_ANALYTICS, proxy was not configured, password is not provided, region: undefined, authenticator: EXTERNALBROWSER, ocsp mode: FAIL_OPEN, os: win32, os version: 10.0.26100\"}\r"}}
>  {"level":"INFO","message":"[6:08:40.475 PM]: Connection[id: a7f37d96-5c7f-4445-bd58-fb23e7bf3919] additional details: passcode in password is provided, passcode is not provided, private key is not provided, application: rezeptlogik_wms_live, client name: snowflake-sdk, client version: 2.4.1, retry timeout: 300, private key path: undefined, private key pass is not provided, client store temporary credential: false, browser response timeout: 120000"} {"user":{"level":"INFO","message":"[6:08:40.475 PM]: Connection[id: a7f37d96-5c7f-4445-bd58-fb23e7bf3919] additional details: passcode in password is provided, passcode is not provided, private key is not provided, application: rezeptlogik_wms_live, client name: snowflake-sdk, client version: 2.4.1, retry timeout: 300, private key path: undefined, private key pass is not provided, client store temporary credential: false, browser response timeout: 120000"},"metadata":{"emulator":{"name":"functions"},"function":{"name":"europe-west3-wmsLive"},"extension":{},"message":"\u001b[90m> \u001b[39m {\"level\":\"INFO\",\"message\":\"[6:08:40.475 PM]: Connection[id: a7f37d96-5c7f-4445-bd58-fb23e7bf3919] additional details: passcode in password is provided, passcode is not provided, private key is not provided, application: rezeptlogik_wms_live, client name: snowflake-sdk, client version: 2.4.1, retry timeout: 300, private key path: undefined, private key pass is not provided, client store temporary credential: false, browser response timeout: 120000\"}\r"}}
>  {"level":"INFO","message":"[6:08:40.476 PM]: Connection[id: a7f37d96-5c7f-4445-bd58-fb23e7bf3919] - connection object created successfully."} {"user":{"level":"INFO","message":"[6:08:40.476 PM]: Connection[id: a7f37d96-5c7f-4445-bd58-fb23e7bf3919] - connection object created successfully."},"metadata":{"emulator":{"name":"functions"},"function":{"name":"europe-west3-wmsLive"},"extension":{},"message":"\u001b[90m> \u001b[39m {\"level\":\"INFO\",\"message\":\"[6:08:40.476 PM]: Connection[id: a7f37d96-5c7f-4445-bd58-fb23e7bf3919] - connection object created successfully.\"}\r"}}
>  {"level":"INFO","message":"[6:08:40.477 PM]: Connection[id: a7f37d96-5c7f-4445-bd58-fb23e7bf3919] - async connecting. Associated Snowflake domain: GLOBAL"} {"user":{"level":"INFO","message":"[6:08:40.477 PM]: Connection[id: a7f37d96-5c7f-4445-bd58-fb23e7bf3919] - async connecting. Associated Snowflake domain: GLOBAL"},"metadata":{"emulator":{"name":"functions"},"function":{"name":"europe-west3-wmsLive"},"extension":{},"message":"\u001b[90m> \u001b[39m {\"level\":\"INFO\",\"message\":\"[6:08:40.477 PM]: Connection[id: a7f37d96-5c7f-4445-bd58-fb23e7bf3919] - async connecting. Associated Snowflake domain: GLOBAL\"}\r"}}
>  {"level":"INFO","message":"[6:08:40.478 PM]: Trying to initialize Easy Logging"} {"user":{"level":"INFO","message":"[6:08:40.478 PM]: Trying to initialize Easy Logging"},"metadata":{"emulator":{"name":"functions"},"function":{"name":"europe-west3-wmsLive"},"extension":{},"message":"\u001b[90m> \u001b[39m {\"level\":\"INFO\",\"message\":\"[6:08:40.478 PM]: Trying to initialize Easy Logging\"}\r"}}
>  {"level":"INFO","message":"[6:08:40.480 PM]: No client config detected."} {"user":{"level":"INFO","message":"[6:08:40.480 PM]: No client config detected."},"metadata":{"emulator":{"name":"functions"},"function":{"name":"europe-west3-wmsLive"},"extension":{},"message":"\u001b[90m> \u001b[39m {\"level\":\"INFO\",\"message\":\"[6:08:40.480 PM]: No client config detected.\"}\r"}}
>  {"level":"INFO","message":"[6:08:40.481 PM]: No config file path found. Client config will not be used."} {"user":{"level":"INFO","message":"[6:08:40.481 PM]: No config file path found. Client config will not be used."},"metadata":{"emulator":{"name":"functions"},"function":{"name":"europe-west3-wmsLive"},"extension":{},"message":"\u001b[90m> \u001b[39m {\"level\":\"INFO\",\"message\":\"[6:08:40.481 PM]: No config file path found. Client config will not be used.\"}\r"}}
>  {"level":"INFO","message":"[6:08:40.481 PM]: Easy Logging is disabled as no config has been found"} {"user":{"level":"INFO","message":"[6:08:40.481 PM]: Easy Logging is disabled as no config has been found"},"metadata":{"emulator":{"name":"functions"},"function":{"name":"europe-west3-wmsLive"},"extension":{},"message":"\u001b[90m> \u001b[39m {\"level\":\"INFO\",\"message\":\"[6:08:40.481 PM]: Easy Logging is disabled as no config has been found\"}\r"}}
!  External network resource requested!
   - URL: "http://169.254.169.254/latest/dynamic/instance-identity/document"
 - Be careful, this may be a production service. {"metadata":{"emulator":{"name":"functions"},"function":{"name":"europe-west3-wmsLive"},"extension":{},"message":"External network resource requested!\n   - URL: \"http://169.254.169.254/latest/dynamic/instance-identity/document\"\n - Be careful, this may be a production service."}}
[2026-05-12T18:08:51.601Z] [work-queue] {"queuedWork":["/hellofresh-de-problem-solve/europe-west3/refreshRampUp-2026-05-12T18:08:51.601Z"],"queueLength":1,"runningWork":["/hellofresh-de-problem-solve/europe-west3/wmsLive-2026-05-12T18:08:36.725Z"],"workRunningCount":1}
[2026-05-12T18:08:51.603Z] [work-queue] {"queuedWork":[],"queueLength":0,"runningWork":["/hellofresh-de-problem-solve/europe-west3/wmsLive-2026-05-12T18:08:36.725Z","/hellofresh-de-problem-solve/europe-west3/refreshRampUp-2026-05-12T18:08:51.601Z"],"workRunningCount":2}
[2026-05-12T18:08:51.604Z] Accepted request POST /hellofresh-de-problem-solve/europe-west3/refreshRampUp --> europe-west3-refreshRampUp
[2026-05-12T18:08:51.607Z] [functions] Runtime ready! Sending request! {"metadata":{"emulator":{"name":"functions"},"message":"[functions] Runtime ready! Sending request!"}}
[2026-05-12T18:08:51.608Z] [functions] Got req.url=/hellofresh-de-problem-solve/europe-west3/refreshRampUp, mapping to path=/ {"metadata":{"emulator":{"name":"functions"},"message":"[functions] Got req.url=/hellofresh-de-problem-solve/europe-west3/refreshRampUp, mapping to path=/"}}
[2026-05-12T18:08:51.609Z] [worker-pool] submitRequest(triggerId=europe-west3-refreshRampUp) {"metadata":{"emulator":{"name":"functions"},"message":"[worker-pool] submitRequest(triggerId=europe-west3-refreshRampUp)"}}
i  functions: Beginning execution of "europe-west3-refreshRampUp" {"metadata":{"emulator":{"name":"functions"},"function":{"name":"europe-west3-refreshRampUp"},"extension":{},"message":"Beginning execution of \"europe-west3-refreshRampUp\""}}
[2026-05-12T18:08:51.610Z] [worker-europe-west3-refreshRampUp-5e207697-6b9a-4415-bf6b-300b51e7f6bc]: BUSY {"metadata":{"emulator":{"name":"functions"},"function":{"name":"europe-west3-refreshRampUp"},"extension":{},"message":"[worker-europe-west3-refreshRampUp-5e207697-6b9a-4415-bf6b-300b51e7f6bc]: BUSY"}}
[2026-05-12T18:08:51.612Z] [work-queue] {"queuedWork":["/hellofresh-de-problem-solve/europe-west3/refreshRampUp-2026-05-12T18:08:51.612Z"],"queueLength":1,"runningWork":["/hellofresh-de-problem-solve/europe-west3/wmsLive-2026-05-12T18:08:36.725Z","/hellofresh-de-problem-solve/europe-west3/refreshRampUp-2026-05-12T18:08:51.601Z"],"workRunningCount":2}
[2026-05-12T18:08:51.613Z] [work-queue] {"queuedWork":[],"queueLength":0,"runningWork":["/hellofresh-de-problem-solve/europe-west3/wmsLive-2026-05-12T18:08:36.725Z","/hellofresh-de-problem-solve/europe-west3/refreshRampUp-2026-05-12T18:08:51.601Z","/hellofresh-de-problem-solve/europe-west3/refreshRampUp-2026-05-12T18:08:51.612Z"],"workRunningCount":3}
[2026-05-12T18:08:51.614Z] Accepted request POST /hellofresh-de-problem-solve/europe-west3/refreshRampUp --> europe-west3-refreshRampUp
[2026-05-12T18:08:51.617Z] [functions] Runtime ready! Sending request! {"metadata":{"emulator":{"name":"functions"},"message":"[functions] Runtime ready! Sending request!"}}
[2026-05-12T18:08:51.618Z] [functions] Got req.url=/hellofresh-de-problem-solve/europe-west3/refreshRampUp, mapping to path=/ {"metadata":{"emulator":{"name":"functions"},"message":"[functions] Got req.url=/hellofresh-de-problem-solve/europe-west3/refreshRampUp, mapping to path=/"}}
[2026-05-12T18:08:51.619Z] [worker-pool] submitRequest(triggerId=europe-west3-refreshRampUp) {"metadata":{"emulator":{"name":"functions"},"message":"[worker-pool] submitRequest(triggerId=europe-west3-refreshRampUp)"}}
i  functions: Beginning execution of "europe-west3-refreshRampUp" {"metadata":{"emulator":{"name":"functions"},"function":{"name":"europe-west3-refreshRampUp"},"extension":{},"message":"Beginning execution of \"europe-west3-refreshRampUp\""}}
[2026-05-12T18:08:51.621Z] [worker-europe-west3-refreshRampUp-32ab8d97-f47d-4ca2-9468-33d02d71231f]: BUSY {"metadata":{"emulator":{"name":"functions"},"function":{"name":"europe-west3-refreshRampUp"},"extension":{},"message":"[worker-europe-west3-refreshRampUp-32ab8d97-f47d-4ca2-9468-33d02d71231f]: BUSY"}}
[2026-05-12T18:08:51.709Z] Finishing up request with event=pause {"metadata":{"emulator":{"name":"functions"},"function":{"name":"europe-west3-refreshRampUp"},"extension":{},"message":"Finishing up request with event=pause"}}
i  functions: Finished "europe-west3-refreshRampUp" in 99.2418ms {"metadata":{"emulator":{"name":"functions"},"function":{"name":"europe-west3-refreshRampUp"},"extension":{},"message":"Finished \"europe-west3-refreshRampUp\" in 99.2418ms"}}
[2026-05-12T18:08:51.710Z] [worker-europe-west3-refreshRampUp-5e207697-6b9a-4415-bf6b-300b51e7f6bc]: IDLE {"metadata":{"emulator":{"name":"functions"},"function":{"name":"europe-west3-refreshRampUp"},"extension":{},"message":"[worker-europe-west3-refreshRampUp-5e207697-6b9a-4415-bf6b-300b51e7f6bc]: IDLE"}}
[2026-05-12T18:08:51.710Z] Finishing up request with event=finish {"metadata":{"emulator":{"name":"functions"},"function":{"name":"europe-west3-refreshRampUp"},"extension":{},"message":"Finishing up request with event=finish"}}
[2026-05-12T18:08:51.711Z] Finishing up request with event=close {"metadata":{"emulator":{"name":"functions"},"function":{"name":"europe-west3-refreshRampUp"},"extension":{},"message":"Finishing up request with event=close"}}
[2026-05-12T18:08:51.711Z] [work-queue] {"queuedWork":[],"queueLength":0,"runningWork":["/hellofresh-de-problem-solve/europe-west3/wmsLive-2026-05-12T18:08:36.725Z","/hellofresh-de-problem-solve/europe-west3/refreshRampUp-2026-05-12T18:08:51.612Z"],"workRunningCount":2}
[2026-05-12T18:08:51.712Z] Finishing up request with event=pause {"metadata":{"emulator":{"name":"functions"},"function":{"name":"europe-west3-refreshRampUp"},"extension":{},"message":"Finishing up request with event=pause"}}
i  functions: Finished "europe-west3-refreshRampUp" in 92.357ms {"metadata":{"emulator":{"name":"functions"},"function":{"name":"europe-west3-refreshRampUp"},"extension":{},"message":"Finished \"europe-west3-refreshRampUp\" in 92.357ms"}}
[2026-05-12T18:08:51.714Z] [worker-europe-west3-refreshRampUp-32ab8d97-f47d-4ca2-9468-33d02d71231f]: IDLE {"metadata":{"emulator":{"name":"functions"},"function":{"name":"europe-west3-refreshRampUp"},"extension":{},"message":"[worker-europe-west3-refreshRampUp-32ab8d97-f47d-4ca2-9468-33d02d71231f]: IDLE"}}
[2026-05-12T18:08:51.714Z] Finishing up request with event=finish {"metadata":{"emulator":{"name":"functions"},"function":{"name":"europe-west3-refreshRampUp"},"extension":{},"message":"Finishing up request with event=finish"}}
[2026-05-12T18:08:51.715Z] Finishing up request with event=close {"metadata":{"emulator":{"name":"functions"},"function":{"name":"europe-west3-refreshRampUp"},"extension":{},"message":"Finishing up request with event=close"}}
[2026-05-12T18:08:51.715Z] [work-queue] {"queuedWork":[],"queueLength":0,"runningWork":["/hellofresh-de-problem-solve/europe-west3/wmsLive-2026-05-12T18:08:36.725Z"],"workRunningCount":1}
[2026-05-12T18:09:13.011Z] [work-queue] {"queuedWork":["/hellofresh-de-problem-solve/europe-west3/wmsLive-2026-05-12T18:09:13.011Z"],"queueLength":1,"runningWork":["/hellofresh-de-problem-solve/europe-west3/wmsLive-2026-05-12T18:08:36.725Z"],"workRunningCount":1}
[2026-05-12T18:09:13.013Z] [work-queue] {"queuedWork":[],"queueLength":0,"runningWork":["/hellofresh-de-problem-solve/europe-west3/wmsLive-2026-05-12T18:08:36.725Z","/hellofresh-de-problem-solve/europe-west3/wmsLive-2026-05-12T18:09:13.011Z"],"workRunningCount":2}
[2026-05-12T18:09:13.013Z] Accepted request GET /hellofresh-de-problem-solve/europe-west3/wmsLive?week=2026-W17 --> europe-west3-wmsLive
[2026-05-12T18:09:13.016Z] [functions] Runtime ready! Sending request! {"metadata":{"emulator":{"name":"functions"},"message":"[functions] Runtime ready! Sending request!"}}
[2026-05-12T18:09:13.016Z] [functions] Got req.url=/hellofresh-de-problem-solve/europe-west3/wmsLive?week=2026-W17, mapping to path=/?week=2026-W17 {"metadata":{"emulator":{"name":"functions"},"message":"[functions] Got req.url=/hellofresh-de-problem-solve/europe-west3/wmsLive?week=2026-W17, mapping to path=/?week=2026-W17"}}
i  functions: Loaded environment variables from .env. 
[2026-05-12T18:09:13.040Z] [worker-pool] addWorker(europe-west3-wmsLive) {"metadata":{"emulator":{"name":"functions"},"message":"[worker-pool] addWorker(europe-west3-wmsLive)"}}
[2026-05-12T18:09:13.041Z] [worker-pool] Adding worker with key europe-west3-wmsLive, total=2 {"metadata":{"emulator":{"name":"functions"},"message":"[worker-pool] Adding worker with key europe-west3-wmsLive, total=2"}}
[2026-05-12T18:09:14.416Z] [runtime-status] [21240] Resolved module firebase-admin {"declared":true,"installed":true,"version":"13.8.0","resolution":"C:\\rezeptlogik-app\\functions\\node_modules\\firebase-admin\\lib\\index.js"} {"metadata":{"emulator":{"name":"functions"},"function":{"name":"europe-west3-wmsLive"},"extension":{},"message":"[runtime-status] [21240] Resolved module firebase-admin {\"declared\":true,\"installed\":true,\"version\":\"13.8.0\",\"resolution\":\"C:\\\\rezeptlogik-app\\\\functions\\\\node_modules\\\\firebase-admin\\\\lib\\\\index.js\"}"}}
[2026-05-12T18:09:14.418Z] [runtime-status] [21240] Resolved module firebase-functions {"declared":true,"installed":true,"version":"6.6.0","resolution":"C:\\rezeptlogik-app\\functions\\node_modules\\firebase-functions\\lib\\v2\\index.js"} {"metadata":{"emulator":{"name":"functions"},"function":{"name":"europe-west3-wmsLive"},"extension":{},"message":"[runtime-status] [21240] Resolved module firebase-functions {\"declared\":true,\"installed\":true,\"version\":\"6.6.0\",\"resolution\":\"C:\\\\rezeptlogik-app\\\\functions\\\\node_modules\\\\firebase-functions\\\\lib\\\\v2\\\\index.js\"}"}}
[2026-05-12T18:09:14.418Z] [runtime-status] [21240] Outgoing network have been stubbed. [{"name":"http","status":"mocked"},{"name":"http","status":"mocked"},{"name":"https","status":"mocked"},{"name":"https","status":"mocked"},{"name":"net","status":"mocked"}] {"metadata":{"emulator":{"name":"functions"},"function":{"name":"europe-west3-wmsLive"},"extension":{},"message":"[runtime-status] [21240] Outgoing network have been stubbed. [{\"name\":\"http\",\"status\":\"mocked\"},{\"name\":\"http\",\"status\":\"mocked\"},{\"name\":\"https\",\"status\":\"mocked\"},{\"name\":\"https\",\"status\":\"mocked\"},{\"name\":\"net\",\"status\":\"mocked\"}]"}}
[2026-05-12T18:09:14.419Z] [runtime-status] [21240] Resolved module firebase-functions {"declared":true,"installed":true,"version":"6.6.0","resolution":"C:\\rezeptlogik-app\\functions\\node_modules\\firebase-functions\\lib\\v2\\index.js"} {"metadata":{"emulator":{"name":"functions"},"function":{"name":"europe-west3-wmsLive"},"extension":{},"message":"[runtime-status] [21240] Resolved module firebase-functions {\"declared\":true,\"installed\":true,\"version\":\"6.6.0\",\"resolution\":\"C:\\\\rezeptlogik-app\\\\functions\\\\node_modules\\\\firebase-functions\\\\lib\\\\v2\\\\index.js\"}"}}
[2026-05-12T18:09:14.750Z] [runtime-status] [21240] Resolved module firebase-admin {"declared":true,"installed":true,"version":"13.8.0","resolution":"C:\\rezeptlogik-app\\functions\\node_modules\\firebase-admin\\lib\\index.js"} {"metadata":{"emulator":{"name":"functions"},"function":{"name":"europe-west3-wmsLive"},"extension":{},"message":"[runtime-status] [21240] Resolved module firebase-admin {\"declared\":true,\"installed\":true,\"version\":\"13.8.0\",\"resolution\":\"C:\\\\rezeptlogik-app\\\\functions\\\\node_modules\\\\firebase-admin\\\\lib\\\\index.js\"}"}}
[2026-05-12T18:09:14.753Z] [runtime-status] [21240] Resolved module firebase-functions {"declared":true,"installed":true,"version":"6.6.0","resolution":"C:\\rezeptlogik-app\\functions\\node_modules\\firebase-functions\\lib\\v2\\index.js"} {"metadata":{"emulator":{"name":"functions"},"function":{"name":"europe-west3-wmsLive"},"extension":{},"message":"[runtime-status] [21240] Resolved module firebase-functions {\"declared\":true,\"installed\":true,\"version\":\"6.6.0\",\"resolution\":\"C:\\\\rezeptlogik-app\\\\functions\\\\node_modules\\\\firebase-functions\\\\lib\\\\v2\\\\index.js\"}"}}
[2026-05-12T18:09:14.948Z] [runtime-status] [21240] firebase-admin has been stubbed. {"adminResolution":{"declared":true,"installed":true,"version":"13.8.0","resolution":"C:\\rezeptlogik-app\\functions\\node_modules\\firebase-admin\\lib\\index.js"}} {"metadata":{"emulator":{"name":"functions"},"function":{"name":"europe-west3-wmsLive"},"extension":{},"message":"[runtime-status] [21240] firebase-admin has been stubbed. {\"adminResolution\":{\"declared\":true,\"installed\":true,\"version\":\"13.8.0\",\"resolution\":\"C:\\\\rezeptlogik-app\\\\functions\\\\node_modules\\\\firebase-admin\\\\lib\\\\index.js\"}}"}}
!  External network resource requested!
   - URL: "http://169.254.169.254/latest/api/token"
 - Be careful, this may be a production service. {"metadata":{"emulator":{"name":"functions"},"function":{"name":"europe-west3-wmsLive"},"extension":{},"message":"External network resource requested!\n   - URL: \"http://169.254.169.254/latest/api/token\"\n - Be careful, this may be a production service."}}
!  External network resource requested!
   - URL: "http://169.254.169.254/metadata/instance?api-version=2021-02-01"
 - Be careful, this may be a production service. {"metadata":{"emulator":{"name":"functions"},"function":{"name":"europe-west3-wmsLive"},"extension":{},"message":"External network resource requested!\n   - URL: \"http://169.254.169.254/metadata/instance?api-version=2021-02-01\"\n - Be careful, this may be a production service."}}
!  External network resource requested!
   - URL: "http://169.254.169.254/metadata/identity/oauth2/token?api-version=2018-02-01&resource=https%3A%2F%2Fmanagement.azure.com"
 - Be careful, this may be a production service. {"metadata":{"emulator":{"name":"functions"},"function":{"name":"europe-west3-wmsLive"},"extension":{},"message":"External network resource requested!\n   - URL: \"http://169.254.169.254/metadata/identity/oauth2/token?api-version=2018-02-01&resource=https%3A%2F%2Fmanagement.azure.com\"\n - Be careful, this may be a production service."}}
!  External network resource requested!
   - URL: "http://metadata.google.internal"
 - Be careful, this may be a production service. {"metadata":{"emulator":{"name":"functions"},"function":{"name":"europe-west3-wmsLive"},"extension":{},"message":"External network resource requested!\n   - URL: \"http://metadata.google.internal\"\n - Be careful, this may be a production service."}}
!  External network resource requested!
   - URL: "http://metadata.google.internal/computeMetadata/v1/instance/service-accounts/default/email"
 - Be careful, this may be a production service. {"metadata":{"emulator":{"name":"functions"},"function":{"name":"europe-west3-wmsLive"},"extension":{},"message":"External network resource requested!\n   - URL: \"http://metadata.google.internal/computeMetadata/v1/instance/service-accounts/default/email\"\n - Be careful, this may be a production service."}}
[2026-05-12T18:09:17.650Z] [runtime-status] [21240] initializeApp(DEFAULT) {"storageBucket":"hellofresh-de-problem-solve.firebasestorage.app","projectId":"hellofresh-de-problem-solve"} {"metadata":{"emulator":{"name":"functions"},"function":{"name":"europe-west3-wmsLive"},"extension":{},"message":"[runtime-status] [21240] initializeApp(DEFAULT) {\"storageBucket\":\"hellofresh-de-problem-solve.firebasestorage.app\",\"projectId\":\"hellofresh-de-problem-solve\"}"}}
[2026-05-12T18:09:17.671Z] [runtime-status] [21240] Functions runtime initialized. {"cwd":"C:\\rezeptlogik-app\\functions","node_version":"24.11.1"} {"metadata":{"emulator":{"name":"functions"},"function":{"name":"europe-west3-wmsLive"},"extension":{},"message":"[runtime-status] [21240] Functions runtime initialized. {\"cwd\":\"C:\\\\rezeptlogik-app\\\\functions\",\"node_version\":\"24.11.1\"}"}}
[2026-05-12T18:09:17.674Z] [runtime-status] [21240] Listening to port: \\?\pipe\fire_emu_7c3ce5594576eac7 {"metadata":{"emulator":{"name":"functions"},"function":{"name":"europe-west3-wmsLive"},"extension":{},"message":"[runtime-status] [21240] Listening to port: \\\\?\\pipe\\fire_emu_7c3ce5594576eac7"}}
[2026-05-12T18:09:17.688Z] [worker-europe-west3-wmsLive-8c312ee4-8751-4ffb-8abb-1a82b017f353]: IDLE {"metadata":{"emulator":{"name":"functions"},"function":{"name":"europe-west3-wmsLive"},"extension":{},"message":"[worker-europe-west3-wmsLive-8c312ee4-8751-4ffb-8abb-1a82b017f353]: IDLE"}}
[2026-05-12T18:09:17.689Z] [worker-pool] submitRequest(triggerId=europe-west3-wmsLive) {"metadata":{"emulator":{"name":"functions"},"message":"[worker-pool] submitRequest(triggerId=europe-west3-wmsLive)"}}
i  functions: Beginning execution of "europe-west3-wmsLive" {"metadata":{"emulator":{"name":"functions"},"function":{"name":"europe-west3-wmsLive"},"extension":{},"message":"Beginning execution of \"europe-west3-wmsLive\""}}
[2026-05-12T18:09:17.690Z] [worker-europe-west3-wmsLive-8c312ee4-8751-4ffb-8abb-1a82b017f353]: BUSY {"metadata":{"emulator":{"name":"functions"},"function":{"name":"europe-west3-wmsLive"},"extension":{},"message":"[worker-europe-west3-wmsLive-8c312ee4-8751-4ffb-8abb-1a82b017f353]: BUSY"}}
>  {"level":"INFO","message":"[6:09:17.699 PM]: Creating new connection object"} {"user":{"level":"INFO","message":"[6:09:17.699 PM]: Creating new connection object"},"metadata":{"emulator":{"name":"functions"},"function":{"name":"europe-west3-wmsLive"},"extension":{},"message":"\u001b[90m> \u001b[39m {\"level\":\"INFO\",\"message\":\"[6:09:17.699 PM]: Creating new connection object\"}\r"}}
>  {"level":"INFO","message":"[6:09:17.736 PM]: Creating Connection[id: 3a5f1b27-789b-40f5-b316-17144f4b0ca5] with host: XG02811-OO69432.snowflakecomputing.com, account: XG02811-OO69432, accessUrl: https://XG02811-OO69432.snowflakecomputing.com, user: MARCEL.SPINDLER@HELLOFRESH.DE, role: US_OPS_ANALYTICS_USER, database: US_OPS_ANALYTICS, schema: HIGHJUMP, warehouse: US_OPS_ANALYTICS, proxy was not configured, password is not provided, region: undefined, authenticator: EXTERNALBROWSER, ocsp mode: FAIL_OPEN, os: win32, os version: 10.0.26100"} {"user":{"level":"INFO","message":"[6:09:17.736 PM]: Creating Connection[id: 3a5f1b27-789b-40f5-b316-17144f4b0ca5] with host: XG02811-OO69432.snowflakecomputing.com, account: XG02811-OO69432, accessUrl: https://XG02811-OO69432.snowflakecomputing.com, user: MARCEL.SPINDLER@HELLOFRESH.DE, role: US_OPS_ANALYTICS_USER, database: US_OPS_ANALYTICS, schema: HIGHJUMP, warehouse: US_OPS_ANALYTICS, proxy was not configured, password is not provided, region: undefined, authenticator: EXTERNALBROWSER, ocsp mode: FAIL_OPEN, os: win32, os version: 10.0.26100"},"metadata":{"emulator":{"name":"functions"},"function":{"name":"europe-west3-wmsLive"},"extension":{},"message":"\u001b[90m> \u001b[39m {\"level\":\"INFO\",\"message\":\"[6:09:17.736 PM]: Creating Connection[id: 3a5f1b27-789b-40f5-b316-17144f4b0ca5] with host: XG02811-OO69432.snowflakecomputing.com, account: XG02811-OO69432, accessUrl: https://XG02811-OO69432.snowflakecomputing.com, user: MARCEL.SPINDLER@HELLOFRESH.DE, role: US_OPS_ANALYTICS_USER, database: US_OPS_ANALYTICS, schema: HIGHJUMP, warehouse: US_OPS_ANALYTICS, proxy was not configured, password is not provided, region: undefined, authenticator: EXTERNALBROWSER, ocsp mode: FAIL_OPEN, os: win32, os version: 10.0.26100\"}\r"}}
>  {"level":"INFO","message":"[6:09:17.737 PM]: Connection[id: 3a5f1b27-789b-40f5-b316-17144f4b0ca5] additional details: passcode in password is provided, passcode is not provided, private key is not provided, application: rezeptlogik_wms_live, client name: snowflake-sdk, client version: 2.4.1, retry timeout: 300, private key path: undefined, private key pass is not provided, client store temporary credential: false, browser response timeout: 120000"} {"user":{"level":"INFO","message":"[6:09:17.737 PM]: Connection[id: 3a5f1b27-789b-40f5-b316-17144f4b0ca5] additional details: passcode in password is provided, passcode is not provided, private key is not provided, application: rezeptlogik_wms_live, client name: snowflake-sdk, client version: 2.4.1, retry timeout: 300, private key path: undefined, private key pass is not provided, client store temporary credential: false, browser response timeout: 120000"},"metadata":{"emulator":{"name":"functions"},"function":{"name":"europe-west3-wmsLive"},"extension":{},"message":"\u001b[90m> \u001b[39m {\"level\":\"INFO\",\"message\":\"[6:09:17.737 PM]: Connection[id: 3a5f1b27-789b-40f5-b316-17144f4b0ca5] additional details: passcode in password is provided, passcode is not provided, private key is not provided, application: rezeptlogik_wms_live, client name: snowflake-sdk, client version: 2.4.1, retry timeout: 300, private key path: undefined, private key pass is not provided, client store temporary credential: false, browser response timeout: 120000\"}\r"}}
>  {"level":"INFO","message":"[6:09:17.738 PM]: Connection[id: 3a5f1b27-789b-40f5-b316-17144f4b0ca5] - connection object created successfully."} {"user":{"level":"INFO","message":"[6:09:17.738 PM]: Connection[id: 3a5f1b27-789b-40f5-b316-17144f4b0ca5] - connection object created successfully."},"metadata":{"emulator":{"name":"functions"},"function":{"name":"europe-west3-wmsLive"},"extension":{},"message":"\u001b[90m> \u001b[39m {\"level\":\"INFO\",\"message\":\"[6:09:17.738 PM]: Connection[id: 3a5f1b27-789b-40f5-b316-17144f4b0ca5] - connection object created successfully.\"}\r"}}
>  {"level":"INFO","message":"[6:09:17.739 PM]: Connection[id: 3a5f1b27-789b-40f5-b316-17144f4b0ca5] - async connecting. Associated Snowflake domain: GLOBAL"} {"user":{"level":"INFO","message":"[6:09:17.739 PM]: Connection[id: 3a5f1b27-789b-40f5-b316-17144f4b0ca5] - async connecting. Associated Snowflake domain: GLOBAL"},"metadata":{"emulator":{"name":"functions"},"function":{"name":"europe-west3-wmsLive"},"extension":{},"message":"\u001b[90m> \u001b[39m {\"level\":\"INFO\",\"message\":\"[6:09:17.739 PM]: Connection[id: 3a5f1b27-789b-40f5-b316-17144f4b0ca5] - async connecting. Associated Snowflake domain: GLOBAL\"}\r"}}
>  {"level":"INFO","message":"[6:09:17.740 PM]: Trying to initialize Easy Logging"} {"user":{"level":"INFO","message":"[6:09:17.740 PM]: Trying to initialize Easy Logging"},"metadata":{"emulator":{"name":"functions"},"function":{"name":"europe-west3-wmsLive"},"extension":{},"message":"\u001b[90m> \u001b[39m {\"level\":\"INFO\",\"message\":\"[6:09:17.740 PM]: Trying to initialize Easy Logging\"}\r"}}
>  {"level":"INFO","message":"[6:09:17.743 PM]: No client config detected."} {"user":{"level":"INFO","message":"[6:09:17.743 PM]: No client config detected."},"metadata":{"emulator":{"name":"functions"},"function":{"name":"europe-west3-wmsLive"},"extension":{},"message":"\u001b[90m> \u001b[39m {\"level\":\"INFO\",\"message\":\"[6:09:17.743 PM]: No client config detected.\"}\r"}}
>  {"level":"INFO","message":"[6:09:17.743 PM]: No config file path found. Client config will not be used."} {"user":{"level":"INFO","message":"[6:09:17.743 PM]: No config file path found. Client config will not be used."},"metadata":{"emulator":{"name":"functions"},"function":{"name":"europe-west3-wmsLive"},"extension":{},"message":"\u001b[90m> \u001b[39m {\"level\":\"INFO\",\"message\":\"[6:09:17.743 PM]: No config file path found. Client config will not be used.\"}\r"}}
>  {"level":"INFO","message":"[6:09:17.744 PM]: Easy Logging is disabled as no config has been found"} {"user":{"level":"INFO","message":"[6:09:17.744 PM]: Easy Logging is disabled as no config has been found"},"metadata":{"emulator":{"name":"functions"},"function":{"name":"europe-west3-wmsLive"},"extension":{},"message":"\u001b[90m> \u001b[39m {\"level\":\"INFO\",\"message\":\"[6:09:17.744 PM]: Easy Logging is disabled as no config has been found\"}\r"}}
!  External network resource requested!
   - URL: "http://169.254.169.254/latest/dynamic/instance-identity/document"
 - Be careful, this may be a production service. {"metadata":{"emulator":{"name":"functions"},"function":{"name":"europe-west3-wmsLive"},"extension":{},"message":"External network resource requested!\n   - URL: \"http://169.254.169.254/latest/dynamic/instance-identity/document\"\n - Be careful, this may be a production service."}}
>  {"level":"INFO","message":"[6:09:21.930 PM]: Connection[id: 3a5f1b27-789b-40f5-b316-17144f4b0ca5] - authentication successful using: EXTERNALBROWSER"} {"user":{"level":"INFO","message":"[6:09:21.930 PM]: Connection[id: 3a5f1b27-789b-40f5-b316-17144f4b0ca5] - authentication successful using: EXTERNALBROWSER"},"metadata":{"emulator":{"name":"functions"},"function":{"name":"europe-west3-wmsLive"},"extension":{},"message":"\u001b[90m> \u001b[39m {\"level\":\"INFO\",\"message\":\"[6:09:21.930 PM]: Connection[id: 3a5f1b27-789b-40f5-b316-17144f4b0ca5] - authentication successful using: EXTERNALBROWSER\"}\r"}}
>  {"level":"INFO","message":"[6:09:22.273 PM]: Connection[id: 3a5f1b27-789b-40f5-b316-17144f4b0ca5] - connection established successfully after 4533.74 milliseconds"} {"user":{"level":"INFO","message":"[6:09:22.273 PM]: Connection[id: 3a5f1b27-789b-40f5-b316-17144f4b0ca5] - connection established successfully after 4533.74 milliseconds"},"metadata":{"emulator":{"name":"functions"},"function":{"name":"europe-west3-wmsLive"},"extension":{},"message":"\u001b[90m> \u001b[39m {\"level\":\"INFO\",\"message\":\"[6:09:22.273 PM]: Connection[id: 3a5f1b27-789b-40f5-b316-17144f4b0ca5] - connection established successfully after 4533.74 milliseconds\"}\r"}}
[2026-05-12T18:09:22.856Z] Finishing up request with event=pause {"metadata":{"emulator":{"name":"functions"},"function":{"name":"europe-west3-wmsLive"},"extension":{},"message":"Finishing up request with event=pause"}}
i  functions: Finished "europe-west3-wmsLive" in 5167.6984ms {"metadata":{"emulator":{"name":"functions"},"function":{"name":"europe-west3-wmsLive"},"extension":{},"message":"Finished \"europe-west3-wmsLive\" in 5167.6984ms"}}
[2026-05-12T18:09:22.858Z] [worker-europe-west3-wmsLive-8c312ee4-8751-4ffb-8abb-1a82b017f353]: IDLE {"metadata":{"emulator":{"name":"functions"},"function":{"name":"europe-west3-wmsLive"},"extension":{},"message":"[worker-europe-west3-wmsLive-8c312ee4-8751-4ffb-8abb-1a82b017f353]: IDLE"}}
[2026-05-12T18:09:22.859Z] Finishing up request with event=finish {"metadata":{"emulator":{"name":"functions"},"function":{"name":"europe-west3-wmsLive"},"extension":{},"message":"Finishing up request with event=finish"}}
[2026-05-12T18:09:22.859Z] Finishing up request with event=close {"metadata":{"emulator":{"name":"functions"},"function":{"name":"europe-west3-wmsLive"},"extension":{},"message":"Finishing up request with event=close"}}
[2026-05-12T18:09:22.860Z] [work-queue] {"queuedWork":[],"queueLength":0,"runningWork":["/hellofresh-de-problem-solve/europe-west3/wmsLive-2026-05-12T18:08:36.725Z"],"workRunningCount":1}
[2026-05-12T18:09:28.214Z] [work-queue] {"queuedWork":["/hellofresh-de-problem-solve/europe-west3/wmsLive-2026-05-12T18:09:28.214Z"],"queueLength":1,"runningWork":["/hellofresh-de-problem-solve/europe-west3/wmsLive-2026-05-12T18:08:36.725Z"],"workRunningCount":1}
[2026-05-12T18:09:28.216Z] [work-queue] {"queuedWork":[],"queueLength":0,"runningWork":["/hellofresh-de-problem-solve/europe-west3/wmsLive-2026-05-12T18:08:36.725Z","/hellofresh-de-problem-solve/europe-west3/wmsLive-2026-05-12T18:09:28.214Z"],"workRunningCount":2}
[2026-05-12T18:09:28.217Z] Accepted request GET /hellofresh-de-problem-solve/europe-west3/wmsLive?week=2026-W17 --> europe-west3-wmsLive
[2026-05-12T18:09:28.219Z] [functions] Runtime ready! Sending request! {"metadata":{"emulator":{"name":"functions"},"message":"[functions] Runtime ready! Sending request!"}}
[2026-05-12T18:09:28.220Z] [functions] Got req.url=/hellofresh-de-problem-solve/europe-west3/wmsLive?week=2026-W17, mapping to path=/?week=2026-W17 {"metadata":{"emulator":{"name":"functions"},"message":"[functions] Got req.url=/hellofresh-de-problem-solve/europe-west3/wmsLive?week=2026-W17, mapping to path=/?week=2026-W17"}}
[2026-05-12T18:09:28.220Z] [worker-pool] submitRequest(triggerId=europe-west3-wmsLive) {"metadata":{"emulator":{"name":"functions"},"message":"[worker-pool] submitRequest(triggerId=europe-west3-wmsLive)"}}
i  functions: Beginning execution of "europe-west3-wmsLive" {"metadata":{"emulator":{"name":"functions"},"function":{"name":"europe-west3-wmsLive"},"extension":{},"message":"Beginning execution of \"europe-west3-wmsLive\""}}
[2026-05-12T18:09:28.221Z] [worker-europe-west3-wmsLive-8c312ee4-8751-4ffb-8abb-1a82b017f353]: BUSY {"metadata":{"emulator":{"name":"functions"},"function":{"name":"europe-west3-wmsLive"},"extension":{},"message":"[worker-europe-west3-wmsLive-8c312ee4-8751-4ffb-8abb-1a82b017f353]: BUSY"}}
[2026-05-12T18:09:28.227Z] Finishing up request with event=pause {"metadata":{"emulator":{"name":"functions"},"function":{"name":"europe-west3-wmsLive"},"extension":{},"message":"Finishing up request with event=pause"}}
i  functions: Finished "europe-west3-wmsLive" in 6.0379ms {"metadata":{"emulator":{"name":"functions"},"function":{"name":"europe-west3-wmsLive"},"extension":{},"message":"Finished \"europe-west3-wmsLive\" in 6.0379ms"}}
[2026-05-12T18:09:28.228Z] [worker-europe-west3-wmsLive-8c312ee4-8751-4ffb-8abb-1a82b017f353]: IDLE {"metadata":{"emulator":{"name":"functions"},"function":{"name":"europe-west3-wmsLive"},"extension":{},"message":"[worker-europe-west3-wmsLive-8c312ee4-8751-4ffb-8abb-1a82b017f353]: IDLE"}}
[2026-05-12T18:09:28.229Z] Finishing up request with event=finish {"metadata":{"emulator":{"name":"functions"},"function":{"name":"europe-west3-wmsLive"},"extension":{},"message":"Finishing up request with event=finish"}}
[2026-05-12T18:09:28.230Z] Finishing up request with event=close {"metadata":{"emulator":{"name":"functions"},"function":{"name":"europe-west3-wmsLive"},"extension":{},"message":"Finishing up request with event=close"}}
[2026-05-12T18:09:28.230Z] [work-queue] {"queuedWork":[],"queueLength":0,"runningWork":["/hellofresh-de-problem-solve/europe-west3/wmsLive-2026-05-12T18:08:36.725Z"],"workRunningCount":1}
[2026-05-12T18:09:33.885Z] [work-queue] {"queuedWork":["/hellofresh-de-problem-solve/europe-west3/wmsLive-2026-05-12T18:09:33.885Z"],"queueLength":1,"runningWork":["/hellofresh-de-problem-solve/europe-west3/wmsLive-2026-05-12T18:08:36.725Z"],"workRunningCount":1}
[2026-05-12T18:09:33.886Z] [work-queue] {"queuedWork":[],"queueLength":0,"runningWork":["/hellofresh-de-problem-solve/europe-west3/wmsLive-2026-05-12T18:08:36.725Z","/hellofresh-de-problem-solve/europe-west3/wmsLive-2026-05-12T18:09:33.885Z"],"workRunningCount":2}
[2026-05-12T18:09:33.887Z] Accepted request GET /hellofresh-de-problem-solve/europe-west3/wmsLive?week=2026-W17 --> europe-west3-wmsLive
[2026-05-12T18:09:33.888Z] [functions] Runtime ready! Sending request! {"metadata":{"emulator":{"name":"functions"},"message":"[functions] Runtime ready! Sending request!"}}
[2026-05-12T18:09:33.889Z] [functions] Got req.url=/hellofresh-de-problem-solve/europe-west3/wmsLive?week=2026-W17, mapping to path=/?week=2026-W17 {"metadata":{"emulator":{"name":"functions"},"message":"[functions] Got req.url=/hellofresh-de-problem-solve/europe-west3/wmsLive?week=2026-W17, mapping to path=/?week=2026-W17"}}
[2026-05-12T18:09:33.890Z] [worker-pool] submitRequest(triggerId=europe-west3-wmsLive) {"metadata":{"emulator":{"name":"functions"},"message":"[worker-pool] submitRequest(triggerId=europe-west3-wmsLive)"}}
i  functions: Beginning execution of "europe-west3-wmsLive" {"metadata":{"emulator":{"name":"functions"},"function":{"name":"europe-west3-wmsLive"},"extension":{},"message":"Beginning execution of \"europe-west3-wmsLive\""}}
[2026-05-12T18:09:33.892Z] [worker-europe-west3-wmsLive-8c312ee4-8751-4ffb-8abb-1a82b017f353]: BUSY {"metadata":{"emulator":{"name":"functions"},"function":{"name":"europe-west3-wmsLive"},"extension":{},"message":"[worker-europe-west3-wmsLive-8c312ee4-8751-4ffb-8abb-1a82b017f353]: BUSY"}}
[2026-05-12T18:09:33.896Z] Finishing up request with event=pause {"metadata":{"emulator":{"name":"functions"},"function":{"name":"europe-west3-wmsLive"},"extension":{},"message":"Finishing up request with event=pause"}}
i  functions: Finished "europe-west3-wmsLive" in 4.7638ms {"metadata":{"emulator":{"name":"functions"},"function":{"name":"europe-west3-wmsLive"},"extension":{},"message":"Finished \"europe-west3-wmsLive\" in 4.7638ms"}}
[2026-05-12T18:09:33.898Z] [worker-europe-west3-wmsLive-8c312ee4-8751-4ffb-8abb-1a82b017f353]: IDLE {"metadata":{"emulator":{"name":"functions"},"function":{"name":"europe-west3-wmsLive"},"extension":{},"message":"[worker-europe-west3-wmsLive-8c312ee4-8751-4ffb-8abb-1a82b017f353]: IDLE"}}
[2026-05-12T18:09:33.898Z] Finishing up request with event=finish {"metadata":{"emulator":{"name":"functions"},"function":{"name":"europe-west3-wmsLive"},"extension":{},"message":"Finishing up request with event=finish"}}
[2026-05-12T18:09:33.899Z] Finishing up request with event=close {"metadata":{"emulator":{"name":"functions"},"function":{"name":"europe-west3-wmsLive"},"extension":{},"message":"Finishing up request with event=close"}}
[2026-05-12T18:09:33.899Z] [work-queue] {"queuedWork":[],"queueLength":0,"runningWork":["/hellofresh-de-problem-solve/europe-west3/wmsLive-2026-05-12T18:08:36.725Z"],"workRunningCount":1}
[2026-05-12T18:09:42.714Z] [work-queue] {"queuedWork":["/hellofresh-de-problem-solve/europe-west3/wmsLive-2026-05-12T18:09:42.714Z"],"queueLength":1,"runningWork":["/hellofresh-de-problem-solve/europe-west3/wmsLive-2026-05-12T18:08:36.725Z"],"workRunningCount":1}
[2026-05-12T18:09:42.716Z] [work-queue] {"queuedWork":[],"queueLength":0,"runningWork":["/hellofresh-de-problem-solve/europe-west3/wmsLive-2026-05-12T18:08:36.725Z","/hellofresh-de-problem-solve/europe-west3/wmsLive-2026-05-12T18:09:42.714Z"],"workRunningCount":2}
[2026-05-12T18:09:42.717Z] Accepted request GET /hellofresh-de-problem-solve/europe-west3/wmsLive?week=2026-W17 --> europe-west3-wmsLive
[2026-05-12T18:09:42.719Z] [functions] Runtime ready! Sending request! {"metadata":{"emulator":{"name":"functions"},"message":"[functions] Runtime ready! Sending request!"}}
[2026-05-12T18:09:42.720Z] [functions] Got req.url=/hellofresh-de-problem-solve/europe-west3/wmsLive?week=2026-W17, mapping to path=/?week=2026-W17 {"metadata":{"emulator":{"name":"functions"},"message":"[functions] Got req.url=/hellofresh-de-problem-solve/europe-west3/wmsLive?week=2026-W17, mapping to path=/?week=2026-W17"}}
[2026-05-12T18:09:42.721Z] [worker-pool] submitRequest(triggerId=europe-west3-wmsLive) {"metadata":{"emulator":{"name":"functions"},"message":"[worker-pool] submitRequest(triggerId=europe-west3-wmsLive)"}}
i  functions: Beginning execution of "europe-west3-wmsLive" {"metadata":{"emulator":{"name":"functions"},"function":{"name":"europe-west3-wmsLive"},"extension":{},"message":"Beginning execution of \"europe-west3-wmsLive\""}}
[2026-05-12T18:09:42.722Z] [worker-europe-west3-wmsLive-8c312ee4-8751-4ffb-8abb-1a82b017f353]: BUSY {"metadata":{"emulator":{"name":"functions"},"function":{"name":"europe-west3-wmsLive"},"extension":{},"message":"[worker-europe-west3-wmsLive-8c312ee4-8751-4ffb-8abb-1a82b017f353]: BUSY"}}
[2026-05-12T18:09:42.726Z] Finishing up request with event=pause {"metadata":{"emulator":{"name":"functions"},"function":{"name":"europe-west3-wmsLive"},"extension":{},"message":"Finishing up request with event=pause"}}
i  functions: Finished "europe-west3-wmsLive" in 4.6782ms {"metadata":{"emulator":{"name":"functions"},"function":{"name":"europe-west3-wmsLive"},"extension":{},"message":"Finished \"europe-west3-wmsLive\" in 4.6782ms"}}
[2026-05-12T18:09:42.728Z] [worker-europe-west3-wmsLive-8c312ee4-8751-4ffb-8abb-1a82b017f353]: IDLE {"metadata":{"emulator":{"name":"functions"},"function":{"name":"europe-west3-wmsLive"},"extension":{},"message":"[worker-europe-west3-wmsLive-8c312ee4-8751-4ffb-8abb-1a82b017f353]: IDLE"}}
[2026-05-12T18:09:42.728Z] Finishing up request with event=finish {"metadata":{"emulator":{"name":"functions"},"function":{"name":"europe-west3-wmsLive"},"extension":{},"message":"Finishing up request with event=finish"}}
[2026-05-12T18:09:42.729Z] Finishing up request with event=close {"metadata":{"emulator":{"name":"functions"},"function":{"name":"europe-west3-wmsLive"},"extension":{},"message":"Finishing up request with event=close"}}
[2026-05-12T18:09:42.729Z] [work-queue] {"queuedWork":[],"queueLength":0,"runningWork":["/hellofresh-de-problem-solve/europe-west3/wmsLive-2026-05-12T18:08:36.725Z"],"workRunningCount":1}
[2026-05-12T18:09:52.771Z] File C:\rezeptlogik-app\functions\index.js changed, reloading triggers {"metadata":{"emulator":{"name":"functions"},"message":"File C:\\rezeptlogik-app\\functions\\index.js changed, reloading triggers"}}
[2026-05-12T18:09:53.785Z] Validating nodejs source
!  functions: package.json indicates an outdated version of firebase-functions. Please upgrade using npm install --save firebase-functions@latest in your functions directory. 
!  functions: Please note that there will be breaking changes when you upgrade. 
[2026-05-12T18:09:54.850Z] > [functions] package.json contents: {
  "name": "rezeptlogik-functions",
  "private": true,
  "main": "index.js",
  "engines": {
    "node": "22"
  },
  "dependencies": {
    "firebase-admin": "^13.0.1",
    "firebase-functions": "^6.0.1",
    "googleapis": "^144.0.0",
    "snowflake-sdk": "^2.4.1"
  }
}
[2026-05-12T18:09:54.850Z] Building nodejs source
[2026-05-12T18:09:54.851Z] Failed to find version of module node: reached end of search path C:\rezeptlogik-app\functions\node_modules
!  functions: Your requested "node" version "22" doesn't match your global version "24". Using node@24 from host. 
i  functions: Loaded environment variables from .env. 
[2026-05-12T18:09:54.852Z] Could not find functions.yaml. Must use http discovery
[2026-05-12T18:09:54.873Z] Found firebase-functions binary at 'C:\rezeptlogik-app\functions\node_modules\.bin\firebase-functions'
Serving at port 8422

[2026-05-12T18:09:57.533Z] Got response from /__/functions.yaml {"endpoints":{"refreshRampUp":{"availableMemoryMb":null,"timeoutSeconds":60,"minInstances":null,"maxInstances":null,"ingressSettings":null,"concurrency":null,"serviceAccountEmail":null,"vpc":null,"platform":"gcfv2","region":["europe-west3"],"labels":{},"httpsTrigger":{},"entryPoint":"refreshRampUp"},"wmsLive":{"availableMemoryMb":512,"timeoutSeconds":90,"minInstances":null,"maxInstances":null,"ingressSettings":null,"concurrency":null,"serviceAccountEmail":null,"vpc":null,"platform":"gcfv2","region":["europe-west3"],"labels":{},"httpsTrigger":{},"entryPoint":"wmsLive"}},"specVersion":"v1alpha1","requiredAPIs":[],"extensions":{}}
+  functions: Loaded functions definitions from source: refreshRampUp, wmsLive. {"metadata":{"emulator":{"name":"functions"},"message":"Loaded functions definitions from source: refreshRampUp, wmsLive."}}
[2026-05-12T18:10:01.617Z] [worker-pool] Marking BUSY worker to finish (europe-west3-wmsLive) {"metadata":{"emulator":{"name":"functions"},"message":"[worker-pool] Marking BUSY worker to finish (europe-west3-wmsLive)"}}
[2026-05-12T18:10:01.617Z] [worker-europe-west3-wmsLive-ad2f7e23-3e08-484b-b727-7f6acec8a7cc]: FINISHING {"metadata":{"emulator":{"name":"functions"},"function":{"name":"europe-west3-wmsLive"},"extension":{},"message":"[worker-europe-west3-wmsLive-ad2f7e23-3e08-484b-b727-7f6acec8a7cc]: FINISHING"}}
[2026-05-12T18:10:01.618Z] [worker-pool] Shutting down IDLE worker (europe-west3-wmsLive) {"metadata":{"emulator":{"name":"functions"},"message":"[worker-pool] Shutting down IDLE worker (europe-west3-wmsLive)"}}
[2026-05-12T18:10:01.619Z] [worker-europe-west3-wmsLive-8c312ee4-8751-4ffb-8abb-1a82b017f353]: FINISHING {"metadata":{"emulator":{"name":"functions"},"function":{"name":"europe-west3-wmsLive"},"extension":{},"message":"[worker-europe-west3-wmsLive-8c312ee4-8751-4ffb-8abb-1a82b017f353]: FINISHING"}}
[2026-05-12T18:10:01.620Z] [worker-pool] Shutting down IDLE worker (europe-west3-refreshRampUp) {"metadata":{"emulator":{"name":"functions"},"message":"[worker-pool] Shutting down IDLE worker (europe-west3-refreshRampUp)"}}
[2026-05-12T18:10:01.621Z] [worker-europe-west3-refreshRampUp-5e207697-6b9a-4415-bf6b-300b51e7f6bc]: FINISHING {"metadata":{"emulator":{"name":"functions"},"function":{"name":"europe-west3-refreshRampUp"},"extension":{},"message":"[worker-europe-west3-refreshRampUp-5e207697-6b9a-4415-bf6b-300b51e7f6bc]: FINISHING"}}
[2026-05-12T18:10:01.622Z] [worker-pool] Shutting down IDLE worker (europe-west3-refreshRampUp) {"metadata":{"emulator":{"name":"functions"},"message":"[worker-pool] Shutting down IDLE worker (europe-west3-refreshRampUp)"}}
[2026-05-12T18:10:01.623Z] [worker-europe-west3-refreshRampUp-32ab8d97-f47d-4ca2-9468-33d02d71231f]: FINISHING {"metadata":{"emulator":{"name":"functions"},"function":{"name":"europe-west3-refreshRampUp"},"extension":{},"message":"[worker-europe-west3-refreshRampUp-32ab8d97-f47d-4ca2-9468-33d02d71231f]: FINISHING"}}
[2026-05-12T18:10:01.646Z] [worker-europe-west3-wmsLive-8c312ee4-8751-4ffb-8abb-1a82b017f353]: exited {"metadata":{"emulator":{"name":"functions"},"function":{"name":"europe-west3-wmsLive"},"extension":{},"message":"[worker-europe-west3-wmsLive-8c312ee4-8751-4ffb-8abb-1a82b017f353]: exited"}}
[2026-05-12T18:10:01.647Z] [worker-europe-west3-wmsLive-8c312ee4-8751-4ffb-8abb-1a82b017f353]: FINISHED {"metadata":{"emulator":{"name":"functions"},"function":{"name":"europe-west3-wmsLive"},"extension":{},"message":"[worker-europe-west3-wmsLive-8c312ee4-8751-4ffb-8abb-1a82b017f353]: FINISHED"}}
[2026-05-12T18:10:01.650Z] [worker-europe-west3-refreshRampUp-5e207697-6b9a-4415-bf6b-300b51e7f6bc]: exited {"metadata":{"emulator":{"name":"functions"},"function":{"name":"europe-west3-refreshRampUp"},"extension":{},"message":"[worker-europe-west3-refreshRampUp-5e207697-6b9a-4415-bf6b-300b51e7f6bc]: exited"}}
[2026-05-12T18:10:01.651Z] [worker-europe-west3-refreshRampUp-5e207697-6b9a-4415-bf6b-300b51e7f6bc]: FINISHED {"metadata":{"emulator":{"name":"functions"},"function":{"name":"europe-west3-refreshRampUp"},"extension":{},"message":"[worker-europe-west3-refreshRampUp-5e207697-6b9a-4415-bf6b-300b51e7f6bc]: FINISHED"}}
[2026-05-12T18:10:01.652Z] [worker-europe-west3-refreshRampUp-32ab8d97-f47d-4ca2-9468-33d02d71231f]: exited {"metadata":{"emulator":{"name":"functions"},"function":{"name":"europe-west3-refreshRampUp"},"extension":{},"message":"[worker-europe-west3-refreshRampUp-32ab8d97-f47d-4ca2-9468-33d02d71231f]: exited"}}
[2026-05-12T18:10:01.653Z] [worker-europe-west3-refreshRampUp-32ab8d97-f47d-4ca2-9468-33d02d71231f]: FINISHED {"metadata":{"emulator":{"name":"functions"},"function":{"name":"europe-west3-refreshRampUp"},"extension":{},"message":"[worker-europe-west3-refreshRampUp-32ab8d97-f47d-4ca2-9468-33d02d71231f]: FINISHED"}}
i  Your function timed out after ~90s. To configure this timeout, see
      https://firebase.google.com/docs/functions/manage-functions#set_timeout_and_memory_allocation. {"metadata":{"emulator":{"name":"functions"},"function":{"name":"europe-west3-wmsLive"},"extension":{},"message":"Your function timed out after ~90s. To configure this timeout, see\n      https://firebase.google.com/docs/functions/manage-functions#set_timeout_and_memory_allocation."}}
i  Request to function failed: Error: socket hang up {"metadata":{"emulator":{"name":"functions"},"function":{"name":"europe-west3-wmsLive"},"extension":{},"message":"Request to function failed: Error: socket hang up"}}
[2026-05-12T18:10:10.441Z] [work-queue] {"queuedWork":[],"queueLength":0,"runningWork":[],"workRunningCount":0}
[2026-05-12T18:10:10.460Z] [worker-europe-west3-wmsLive-ad2f7e23-3e08-484b-b727-7f6acec8a7cc]: exited {"metadata":{"emulator":{"name":"functions"},"function":{"name":"europe-west3-wmsLive"},"extension":{},"message":"[worker-europe-west3-wmsLive-ad2f7e23-3e08-484b-b727-7f6acec8a7cc]: exited"}}
[2026-05-12T18:10:10.460Z] [worker-europe-west3-wmsLive-ad2f7e23-3e08-484b-b727-7f6acec8a7cc]: FINISHED {"metadata":{"emulator":{"name":"functions"},"function":{"name":"europe-west3-wmsLive"},"extension":{},"message":"[worker-europe-west3-wmsLive-ad2f7e23-3e08-484b-b727-7f6acec8a7cc]: FINISHED"}}
[2026-05-12T18:10:37.029Z] [work-queue] {"queuedWork":["/hellofresh-de-problem-solve/europe-west3/wmsLive-2026-05-12T18:10:37.029Z"],"queueLength":1,"runningWork":[],"workRunningCount":0}
[2026-05-12T18:10:37.030Z] [work-queue] {"queuedWork":[],"queueLength":0,"runningWork":["/hellofresh-de-problem-solve/europe-west3/wmsLive-2026-05-12T18:10:37.029Z"],"workRunningCount":1}
[2026-05-12T18:10:37.030Z] Accepted request GET /hellofresh-de-problem-solve/europe-west3/wmsLive?week=2026-W17&bust=plh --> europe-west3-wmsLive
[2026-05-12T18:10:37.035Z] [functions] Runtime ready! Sending request! {"metadata":{"emulator":{"name":"functions"},"message":"[functions] Runtime ready! Sending request!"}}
[2026-05-12T18:10:37.036Z] [functions] Got req.url=/hellofresh-de-problem-solve/europe-west3/wmsLive?week=2026-W17&bust=plh, mapping to path=/?week=2026-W17&bust=plh {"metadata":{"emulator":{"name":"functions"},"message":"[functions] Got req.url=/hellofresh-de-problem-solve/europe-west3/wmsLive?week=2026-W17&bust=plh, mapping to path=/?week=2026-W17&bust=plh"}}
[2026-05-12T18:10:37.037Z] [worker-pool] Cleaned up workers for europe-west3-wmsLive: 2 --> 0 {"metadata":{"emulator":{"name":"functions"},"message":"[worker-pool] Cleaned up workers for europe-west3-wmsLive: 2 --> 0"}}
[2026-05-12T18:10:37.037Z] [worker-pool] Cleaned up workers for europe-west3-refreshRampUp: 2 --> 0 {"metadata":{"emulator":{"name":"functions"},"message":"[worker-pool] Cleaned up workers for europe-west3-refreshRampUp: 2 --> 0"}}
i  functions: Loaded environment variables from .env. 
[2026-05-12T18:10:37.065Z] [worker-pool] addWorker(europe-west3-wmsLive) {"metadata":{"emulator":{"name":"functions"},"message":"[worker-pool] addWorker(europe-west3-wmsLive)"}}
[2026-05-12T18:10:37.065Z] [worker-pool] Adding worker with key europe-west3-wmsLive, total=1 {"metadata":{"emulator":{"name":"functions"},"message":"[worker-pool] Adding worker with key europe-west3-wmsLive, total=1"}}
[2026-05-12T18:10:38.206Z] [runtime-status] [8776] Resolved module firebase-admin {"declared":true,"installed":true,"version":"13.8.0","resolution":"C:\\rezeptlogik-app\\functions\\node_modules\\firebase-admin\\lib\\index.js"} {"metadata":{"emulator":{"name":"functions"},"function":{"name":"europe-west3-wmsLive"},"extension":{},"message":"[runtime-status] [8776] Resolved module firebase-admin {\"declared\":true,\"installed\":true,\"version\":\"13.8.0\",\"resolution\":\"C:\\\\rezeptlogik-app\\\\functions\\\\node_modules\\\\firebase-admin\\\\lib\\\\index.js\"}"}}
[2026-05-12T18:10:38.208Z] [runtime-status] [8776] Resolved module firebase-functions {"declared":true,"installed":true,"version":"6.6.0","resolution":"C:\\rezeptlogik-app\\functions\\node_modules\\firebase-functions\\lib\\v2\\index.js"} {"metadata":{"emulator":{"name":"functions"},"function":{"name":"europe-west3-wmsLive"},"extension":{},"message":"[runtime-status] [8776] Resolved module firebase-functions {\"declared\":true,\"installed\":true,\"version\":\"6.6.0\",\"resolution\":\"C:\\\\rezeptlogik-app\\\\functions\\\\node_modules\\\\firebase-functions\\\\lib\\\\v2\\\\index.js\"}"}}
[2026-05-12T18:10:38.209Z] [runtime-status] [8776] Outgoing network have been stubbed. [{"name":"http","status":"mocked"},{"name":"http","status":"mocked"},{"name":"https","status":"mocked"},{"name":"https","status":"mocked"},{"name":"net","status":"mocked"}] {"metadata":{"emulator":{"name":"functions"},"function":{"name":"europe-west3-wmsLive"},"extension":{},"message":"[runtime-status] [8776] Outgoing network have been stubbed. [{\"name\":\"http\",\"status\":\"mocked\"},{\"name\":\"http\",\"status\":\"mocked\"},{\"name\":\"https\",\"status\":\"mocked\"},{\"name\":\"https\",\"status\":\"mocked\"},{\"name\":\"net\",\"status\":\"mocked\"}]"}}
[2026-05-12T18:10:38.210Z] [runtime-status] [8776] Resolved module firebase-functions {"declared":true,"installed":true,"version":"6.6.0","resolution":"C:\\rezeptlogik-app\\functions\\node_modules\\firebase-functions\\lib\\v2\\index.js"} {"metadata":{"emulator":{"name":"functions"},"function":{"name":"europe-west3-wmsLive"},"extension":{},"message":"[runtime-status] [8776] Resolved module firebase-functions {\"declared\":true,\"installed\":true,\"version\":\"6.6.0\",\"resolution\":\"C:\\\\rezeptlogik-app\\\\functions\\\\node_modules\\\\firebase-functions\\\\lib\\\\v2\\\\index.js\"}"}}
[2026-05-12T18:10:38.479Z] [runtime-status] [8776] Resolved module firebase-admin {"declared":true,"installed":true,"version":"13.8.0","resolution":"C:\\rezeptlogik-app\\functions\\node_modules\\firebase-admin\\lib\\index.js"} {"metadata":{"emulator":{"name":"functions"},"function":{"name":"europe-west3-wmsLive"},"extension":{},"message":"[runtime-status] [8776] Resolved module firebase-admin {\"declared\":true,\"installed\":true,\"version\":\"13.8.0\",\"resolution\":\"C:\\\\rezeptlogik-app\\\\functions\\\\node_modules\\\\firebase-admin\\\\lib\\\\index.js\"}"}}
[2026-05-12T18:10:38.482Z] [runtime-status] [8776] Resolved module firebase-functions {"declared":true,"installed":true,"version":"6.6.0","resolution":"C:\\rezeptlogik-app\\functions\\node_modules\\firebase-functions\\lib\\v2\\index.js"} {"metadata":{"emulator":{"name":"functions"},"function":{"name":"europe-west3-wmsLive"},"extension":{},"message":"[runtime-status] [8776] Resolved module firebase-functions {\"declared\":true,\"installed\":true,\"version\":\"6.6.0\",\"resolution\":\"C:\\\\rezeptlogik-app\\\\functions\\\\node_modules\\\\firebase-functions\\\\lib\\\\v2\\\\index.js\"}"}}
[2026-05-12T18:10:38.640Z] [runtime-status] [8776] firebase-admin has been stubbed. {"adminResolution":{"declared":true,"installed":true,"version":"13.8.0","resolution":"C:\\rezeptlogik-app\\functions\\node_modules\\firebase-admin\\lib\\index.js"}} {"metadata":{"emulator":{"name":"functions"},"function":{"name":"europe-west3-wmsLive"},"extension":{},"message":"[runtime-status] [8776] firebase-admin has been stubbed. {\"adminResolution\":{\"declared\":true,\"installed\":true,\"version\":\"13.8.0\",\"resolution\":\"C:\\\\rezeptlogik-app\\\\functions\\\\node_modules\\\\firebase-admin\\\\lib\\\\index.js\"}}"}}
!  External network resource requested!
   - URL: "http://169.254.169.254/latest/api/token"
 - Be careful, this may be a production service. {"metadata":{"emulator":{"name":"functions"},"function":{"name":"europe-west3-wmsLive"},"extension":{},"message":"External network resource requested!\n   - URL: \"http://169.254.169.254/latest/api/token\"\n - Be careful, this may be a production service."}}
!  External network resource requested!
   - URL: "http://169.254.169.254/metadata/instance?api-version=2021-02-01"
 - Be careful, this may be a production service. {"metadata":{"emulator":{"name":"functions"},"function":{"name":"europe-west3-wmsLive"},"extension":{},"message":"External network resource requested!\n   - URL: \"http://169.254.169.254/metadata/instance?api-version=2021-02-01\"\n - Be careful, this may be a production service."}}
!  External network resource requested!
   - URL: "http://169.254.169.254/metadata/identity/oauth2/token?api-version=2018-02-01&resource=https%3A%2F%2Fmanagement.azure.com"
 - Be careful, this may be a production service. {"metadata":{"emulator":{"name":"functions"},"function":{"name":"europe-west3-wmsLive"},"extension":{},"message":"External network resource requested!\n   - URL: \"http://169.254.169.254/metadata/identity/oauth2/token?api-version=2018-02-01&resource=https%3A%2F%2Fmanagement.azure.com\"\n - Be careful, this may be a production service."}}
!  External network resource requested!
   - URL: "http://metadata.google.internal"
 - Be careful, this may be a production service. {"metadata":{"emulator":{"name":"functions"},"function":{"name":"europe-west3-wmsLive"},"extension":{},"message":"External network resource requested!\n   - URL: \"http://metadata.google.internal\"\n - Be careful, this may be a production service."}}
!  External network resource requested!
   - URL: "http://metadata.google.internal/computeMetadata/v1/instance/service-accounts/default/email"
 - Be careful, this may be a production service. {"metadata":{"emulator":{"name":"functions"},"function":{"name":"europe-west3-wmsLive"},"extension":{},"message":"External network resource requested!\n   - URL: \"http://metadata.google.internal/computeMetadata/v1/instance/service-accounts/default/email\"\n - Be careful, this may be a production service."}}
[2026-05-12T18:10:41.498Z] [runtime-status] [8776] initializeApp(DEFAULT) {"storageBucket":"hellofresh-de-problem-solve.firebasestorage.app","projectId":"hellofresh-de-problem-solve"} {"metadata":{"emulator":{"name":"functions"},"function":{"name":"europe-west3-wmsLive"},"extension":{},"message":"[runtime-status] [8776] initializeApp(DEFAULT) {\"storageBucket\":\"hellofresh-de-problem-solve.firebasestorage.app\",\"projectId\":\"hellofresh-de-problem-solve\"}"}}
[2026-05-12T18:10:41.524Z] [runtime-status] [8776] Functions runtime initialized. {"cwd":"C:\\rezeptlogik-app\\functions","node_version":"24.11.1"} {"metadata":{"emulator":{"name":"functions"},"function":{"name":"europe-west3-wmsLive"},"extension":{},"message":"[runtime-status] [8776] Functions runtime initialized. {\"cwd\":\"C:\\\\rezeptlogik-app\\\\functions\",\"node_version\":\"24.11.1\"}"}}
[2026-05-12T18:10:41.527Z] [runtime-status] [8776] Listening to port: \\?\pipe\fire_emu_73f7e5c70096e34b {"metadata":{"emulator":{"name":"functions"},"function":{"name":"europe-west3-wmsLive"},"extension":{},"message":"[runtime-status] [8776] Listening to port: \\\\?\\pipe\\fire_emu_73f7e5c70096e34b"}}
!  External network resource requested!
   - URL: "http://169.254.169.254/latest/dynamic/instance-identity/document"
 - Be careful, this may be a production service. {"metadata":{"emulator":{"name":"functions"},"function":{"name":"europe-west3-wmsLive"},"extension":{},"message":"External network resource requested!\n   - URL: \"http://169.254.169.254/latest/dynamic/instance-identity/document\"\n - Be careful, this may be a production service."}}
[2026-05-12T18:10:41.662Z] [worker-europe-west3-wmsLive-0fe6ba51-ce4f-418a-be97-fa136bfdf05a]: IDLE {"metadata":{"emulator":{"name":"functions"},"function":{"name":"europe-west3-wmsLive"},"extension":{},"message":"[worker-europe-west3-wmsLive-0fe6ba51-ce4f-418a-be97-fa136bfdf05a]: IDLE"}}
[2026-05-12T18:10:41.663Z] [worker-pool] submitRequest(triggerId=europe-west3-wmsLive) {"metadata":{"emulator":{"name":"functions"},"message":"[worker-pool] submitRequest(triggerId=europe-west3-wmsLive)"}}
i  functions: Beginning execution of "europe-west3-wmsLive" {"metadata":{"emulator":{"name":"functions"},"function":{"name":"europe-west3-wmsLive"},"extension":{},"message":"Beginning execution of \"europe-west3-wmsLive\""}}
[2026-05-12T18:10:41.664Z] [worker-europe-west3-wmsLive-0fe6ba51-ce4f-418a-be97-fa136bfdf05a]: BUSY {"metadata":{"emulator":{"name":"functions"},"function":{"name":"europe-west3-wmsLive"},"extension":{},"message":"[worker-europe-west3-wmsLive-0fe6ba51-ce4f-418a-be97-fa136bfdf05a]: BUSY"}}
>  {"level":"INFO","message":"[6:10:41.673 PM]: Creating new connection object"} {"user":{"level":"INFO","message":"[6:10:41.673 PM]: Creating new connection object"},"metadata":{"emulator":{"name":"functions"},"function":{"name":"europe-west3-wmsLive"},"extension":{},"message":"\u001b[90m> \u001b[39m {\"level\":\"INFO\",\"message\":\"[6:10:41.673 PM]: Creating new connection object\"}\r"}}
>  {"level":"INFO","message":"[6:10:41.709 PM]: Creating Connection[id: f4784f38-fe14-4dcd-a627-b61148df1d60] with host: XG02811-OO69432.snowflakecomputing.com, account: XG02811-OO69432, accessUrl: https://XG02811-OO69432.snowflakecomputing.com, user: MARCEL.SPINDLER@HELLOFRESH.DE, role: US_OPS_ANALYTICS_USER, database: US_OPS_ANALYTICS, schema: HIGHJUMP, warehouse: US_OPS_ANALYTICS, proxy was not configured, password is not provided, region: undefined, authenticator: EXTERNALBROWSER, ocsp mode: FAIL_OPEN, os: win32, os version: 10.0.26100"} {"user":{"level":"INFO","message":"[6:10:41.709 PM]: Creating Connection[id: f4784f38-fe14-4dcd-a627-b61148df1d60] with host: XG02811-OO69432.snowflakecomputing.com, account: XG02811-OO69432, accessUrl: https://XG02811-OO69432.snowflakecomputing.com, user: MARCEL.SPINDLER@HELLOFRESH.DE, role: US_OPS_ANALYTICS_USER, database: US_OPS_ANALYTICS, schema: HIGHJUMP, warehouse: US_OPS_ANALYTICS, proxy was not configured, password is not provided, region: undefined, authenticator: EXTERNALBROWSER, ocsp mode: FAIL_OPEN, os: win32, os version: 10.0.26100"},"metadata":{"emulator":{"name":"functions"},"function":{"name":"europe-west3-wmsLive"},"extension":{},"message":"\u001b[90m> \u001b[39m {\"level\":\"INFO\",\"message\":\"[6:10:41.709 PM]: Creating Connection[id: f4784f38-fe14-4dcd-a627-b61148df1d60] with host: XG02811-OO69432.snowflakecomputing.com, account: XG02811-OO69432, accessUrl: https://XG02811-OO69432.snowflakecomputing.com, user: MARCEL.SPINDLER@HELLOFRESH.DE, role: US_OPS_ANALYTICS_USER, database: US_OPS_ANALYTICS, schema: HIGHJUMP, warehouse: US_OPS_ANALYTICS, proxy was not configured, password is not provided, region: undefined, authenticator: EXTERNALBROWSER, ocsp mode: FAIL_OPEN, os: win32, os version: 10.0.26100\"}\r"}}
>  {"level":"INFO","message":"[6:10:41.710 PM]: Connection[id: f4784f38-fe14-4dcd-a627-b61148df1d60] additional details: passcode in password is provided, passcode is not provided, private key is not provided, application: rezeptlogik_wms_live, client name: snowflake-sdk, client version: 2.4.1, retry timeout: 300, private key path: undefined, private key pass is not provided, client store temporary credential: false, browser response timeout: 120000"} {"user":{"level":"INFO","message":"[6:10:41.710 PM]: Connection[id: f4784f38-fe14-4dcd-a627-b61148df1d60] additional details: passcode in password is provided, passcode is not provided, private key is not provided, application: rezeptlogik_wms_live, client name: snowflake-sdk, client version: 2.4.1, retry timeout: 300, private key path: undefined, private key pass is not provided, client store temporary credential: false, browser response timeout: 120000"},"metadata":{"emulator":{"name":"functions"},"function":{"name":"europe-west3-wmsLive"},"extension":{},"message":"\u001b[90m> \u001b[39m {\"level\":\"INFO\",\"message\":\"[6:10:41.710 PM]: Connection[id: f4784f38-fe14-4dcd-a627-b61148df1d60] additional details: passcode in password is provided, passcode is not provided, private key is not provided, application: rezeptlogik_wms_live, client name: snowflake-sdk, client version: 2.4.1, retry timeout: 300, private key path: undefined, private key pass is not provided, client store temporary credential: false, browser response timeout: 120000\"}\r"}}
>  {"level":"INFO","message":"[6:10:41.711 PM]: Connection[id: f4784f38-fe14-4dcd-a627-b61148df1d60] - connection object created successfully."} {"user":{"level":"INFO","message":"[6:10:41.711 PM]: Connection[id: f4784f38-fe14-4dcd-a627-b61148df1d60] - connection object created successfully."},"metadata":{"emulator":{"name":"functions"},"function":{"name":"europe-west3-wmsLive"},"extension":{},"message":"\u001b[90m> \u001b[39m {\"level\":\"INFO\",\"message\":\"[6:10:41.711 PM]: Connection[id: f4784f38-fe14-4dcd-a627-b61148df1d60] - connection object created successfully.\"}\r"}}
>  {"level":"INFO","message":"[6:10:41.712 PM]: Connection[id: f4784f38-fe14-4dcd-a627-b61148df1d60] - async connecting. Associated Snowflake domain: GLOBAL"} {"user":{"level":"INFO","message":"[6:10:41.712 PM]: Connection[id: f4784f38-fe14-4dcd-a627-b61148df1d60] - async connecting. Associated Snowflake domain: GLOBAL"},"metadata":{"emulator":{"name":"functions"},"function":{"name":"europe-west3-wmsLive"},"extension":{},"message":"\u001b[90m> \u001b[39m {\"level\":\"INFO\",\"message\":\"[6:10:41.712 PM]: Connection[id: f4784f38-fe14-4dcd-a627-b61148df1d60] - async connecting. Associated Snowflake domain: GLOBAL\"}\r"}}
>  {"level":"INFO","message":"[6:10:41.714 PM]: Trying to initialize Easy Logging"} {"user":{"level":"INFO","message":"[6:10:41.714 PM]: Trying to initialize Easy Logging"},"metadata":{"emulator":{"name":"functions"},"function":{"name":"europe-west3-wmsLive"},"extension":{},"message":"\u001b[90m> \u001b[39m {\"level\":\"INFO\",\"message\":\"[6:10:41.714 PM]: Trying to initialize Easy Logging\"}\r"}}
>  {"level":"INFO","message":"[6:10:41.720 PM]: No client config detected."} {"user":{"level":"INFO","message":"[6:10:41.720 PM]: No client config detected."},"metadata":{"emulator":{"name":"functions"},"function":{"name":"europe-west3-wmsLive"},"extension":{},"message":"\u001b[90m> \u001b[39m {\"level\":\"INFO\",\"message\":\"[6:10:41.720 PM]: No client config detected.\"}\r"}}
>  {"level":"INFO","message":"[6:10:41.721 PM]: No config file path found. Client config will not be used."} {"user":{"level":"INFO","message":"[6:10:41.721 PM]: No config file path found. Client config will not be used."},"metadata":{"emulator":{"name":"functions"},"function":{"name":"europe-west3-wmsLive"},"extension":{},"message":"\u001b[90m> \u001b[39m {\"level\":\"INFO\",\"message\":\"[6:10:41.721 PM]: No config file path found. Client config will not be used.\"}\r"}}
>  {"level":"INFO","message":"[6:10:41.721 PM]: Easy Logging is disabled as no config has been found"} {"user":{"level":"INFO","message":"[6:10:41.721 PM]: Easy Logging is disabled as no config has been found"},"metadata":{"emulator":{"name":"functions"},"function":{"name":"europe-west3-wmsLive"},"extension":{},"message":"\u001b[90m> \u001b[39m {\"level\":\"INFO\",\"message\":\"[6:10:41.721 PM]: Easy Logging is disabled as no config has been found\"}\r"}}
>  {"level":"INFO","message":"[6:10:45.744 PM]: Connection[id: f4784f38-fe14-4dcd-a627-b61148df1d60] - authentication successful using: EXTERNALBROWSER"} {"user":{"level":"INFO","message":"[6:10:45.744 PM]: Connection[id: f4784f38-fe14-4dcd-a627-b61148df1d60] - authentication successful using: EXTERNALBROWSER"},"metadata":{"emulator":{"name":"functions"},"function":{"name":"europe-west3-wmsLive"},"extension":{},"message":"\u001b[90m> \u001b[39m {\"level\":\"INFO\",\"message\":\"[6:10:45.744 PM]: Connection[id: f4784f38-fe14-4dcd-a627-b61148df1d60] - authentication successful using: EXTERNALBROWSER\"}\r"}}
>  {"level":"INFO","message":"[6:10:46.020 PM]: Connection[id: f4784f38-fe14-4dcd-a627-b61148df1d60] - connection established successfully after 4307.24 milliseconds"} {"user":{"level":"INFO","message":"[6:10:46.020 PM]: Connection[id: f4784f38-fe14-4dcd-a627-b61148df1d60] - connection established successfully after 4307.24 milliseconds"},"metadata":{"emulator":{"name":"functions"},"function":{"name":"europe-west3-wmsLive"},"extension":{},"message":"\u001b[90m> \u001b[39m {\"level\":\"INFO\",\"message\":\"[6:10:46.020 PM]: Connection[id: f4784f38-fe14-4dcd-a627-b61148df1d60] - connection established successfully after 4307.24 milliseconds\"}\r"}}
[2026-05-12T18:10:47.001Z] Finishing up request with event=pause {"metadata":{"emulator":{"name":"functions"},"function":{"name":"europe-west3-wmsLive"},"extension":{},"message":"Finishing up request with event=pause"}}
i  functions: Finished "europe-west3-wmsLive" in 5338.111ms {"metadata":{"emulator":{"name":"functions"},"function":{"name":"europe-west3-wmsLive"},"extension":{},"message":"Finished \"europe-west3-wmsLive\" in 5338.111ms"}}
[2026-05-12T18:10:47.003Z] [worker-europe-west3-wmsLive-0fe6ba51-ce4f-418a-be97-fa136bfdf05a]: IDLE {"metadata":{"emulator":{"name":"functions"},"function":{"name":"europe-west3-wmsLive"},"extension":{},"message":"[worker-europe-west3-wmsLive-0fe6ba51-ce4f-418a-be97-fa136bfdf05a]: IDLE"}}
[2026-05-12T18:10:47.003Z] Finishing up request with event=finish {"metadata":{"emulator":{"name":"functions"},"function":{"name":"europe-west3-wmsLive"},"extension":{},"message":"Finishing up request with event=finish"}}
[2026-05-12T18:10:47.004Z] Finishing up request with event=close {"metadata":{"emulator":{"name":"functions"},"function":{"name":"europe-west3-wmsLive"},"extension":{},"message":"Finishing up request with event=close"}}
[2026-05-12T18:10:47.004Z] [work-queue] {"queuedWork":[],"queueLength":0,"runningWork":[],"workRunningCount":0}
[2026-05-12T18:10:59.164Z] [work-queue] {"queuedWork":["/hellofresh-de-problem-solve/europe-west3/refreshRampUp-2026-05-12T18:10:59.164Z"],"queueLength":1,"runningWork":[],"workRunningCount":0}
[2026-05-12T18:10:59.166Z] [work-queue] {"queuedWork":[],"queueLength":0,"runningWork":["/hellofresh-de-problem-solve/europe-west3/refreshRampUp-2026-05-12T18:10:59.164Z"],"workRunningCount":1}
[2026-05-12T18:10:59.167Z] Accepted request POST /hellofresh-de-problem-solve/europe-west3/refreshRampUp --> europe-west3-refreshRampUp
[2026-05-12T18:10:59.170Z] [functions] Runtime ready! Sending request! {"metadata":{"emulator":{"name":"functions"},"message":"[functions] Runtime ready! Sending request!"}}
[2026-05-12T18:10:59.170Z] [functions] Got req.url=/hellofresh-de-problem-solve/europe-west3/refreshRampUp, mapping to path=/ {"metadata":{"emulator":{"name":"functions"},"message":"[functions] Got req.url=/hellofresh-de-problem-solve/europe-west3/refreshRampUp, mapping to path=/"}}
i  functions: Loaded environment variables from .env. 
[2026-05-12T18:10:59.188Z] [worker-pool] addWorker(europe-west3-refreshRampUp) {"metadata":{"emulator":{"name":"functions"},"message":"[worker-pool] addWorker(europe-west3-refreshRampUp)"}}
[2026-05-12T18:10:59.189Z] [worker-pool] Adding worker with key europe-west3-refreshRampUp, total=1 {"metadata":{"emulator":{"name":"functions"},"message":"[worker-pool] Adding worker with key europe-west3-refreshRampUp, total=1"}}
[2026-05-12T18:10:59.191Z] [work-queue] {"queuedWork":["/hellofresh-de-problem-solve/europe-west3/refreshRampUp-2026-05-12T18:10:59.191Z"],"queueLength":1,"runningWork":["/hellofresh-de-problem-solve/europe-west3/refreshRampUp-2026-05-12T18:10:59.164Z"],"workRunningCount":1}
[2026-05-12T18:10:59.192Z] [work-queue] {"queuedWork":[],"queueLength":0,"runningWork":["/hellofresh-de-problem-solve/europe-west3/refreshRampUp-2026-05-12T18:10:59.164Z","/hellofresh-de-problem-solve/europe-west3/refreshRampUp-2026-05-12T18:10:59.191Z"],"workRunningCount":2}
[2026-05-12T18:10:59.193Z] Accepted request POST /hellofresh-de-problem-solve/europe-west3/refreshRampUp --> europe-west3-refreshRampUp
[2026-05-12T18:10:59.197Z] [functions] Runtime ready! Sending request! {"metadata":{"emulator":{"name":"functions"},"message":"[functions] Runtime ready! Sending request!"}}
[2026-05-12T18:10:59.197Z] [functions] Got req.url=/hellofresh-de-problem-solve/europe-west3/refreshRampUp, mapping to path=/ {"metadata":{"emulator":{"name":"functions"},"message":"[functions] Got req.url=/hellofresh-de-problem-solve/europe-west3/refreshRampUp, mapping to path=/"}}
i  functions: Loaded environment variables from .env. 
[2026-05-12T18:10:59.218Z] [worker-pool] addWorker(europe-west3-refreshRampUp) {"metadata":{"emulator":{"name":"functions"},"message":"[worker-pool] addWorker(europe-west3-refreshRampUp)"}}
[2026-05-12T18:10:59.219Z] [worker-pool] Adding worker with key europe-west3-refreshRampUp, total=2 {"metadata":{"emulator":{"name":"functions"},"message":"[worker-pool] Adding worker with key europe-west3-refreshRampUp, total=2"}}
[2026-05-12T18:11:00.562Z] [runtime-status] [32300] Resolved module firebase-admin {"declared":true,"installed":true,"version":"13.8.0","resolution":"C:\\rezeptlogik-app\\functions\\node_modules\\firebase-admin\\lib\\index.js"} {"metadata":{"emulator":{"name":"functions"},"function":{"name":"europe-west3-refreshRampUp"},"extension":{},"message":"[runtime-status] [32300] Resolved module firebase-admin {\"declared\":true,\"installed\":true,\"version\":\"13.8.0\",\"resolution\":\"C:\\\\rezeptlogik-app\\\\functions\\\\node_modules\\\\firebase-admin\\\\lib\\\\index.js\"}"}}
[2026-05-12T18:11:00.564Z] [runtime-status] [32300] Resolved module firebase-functions {"declared":true,"installed":true,"version":"6.6.0","resolution":"C:\\rezeptlogik-app\\functions\\node_modules\\firebase-functions\\lib\\v2\\index.js"} {"metadata":{"emulator":{"name":"functions"},"function":{"name":"europe-west3-refreshRampUp"},"extension":{},"message":"[runtime-status] [32300] Resolved module firebase-functions {\"declared\":true,\"installed\":true,\"version\":\"6.6.0\",\"resolution\":\"C:\\\\rezeptlogik-app\\\\functions\\\\node_modules\\\\firebase-functions\\\\lib\\\\v2\\\\index.js\"}"}}
[2026-05-12T18:11:00.565Z] [runtime-status] [32300] Outgoing network have been stubbed. [{"name":"http","status":"mocked"},{"name":"http","status":"mocked"},{"name":"https","status":"mocked"},{"name":"https","status":"mocked"},{"name":"net","status":"mocked"}] {"metadata":{"emulator":{"name":"functions"},"function":{"name":"europe-west3-refreshRampUp"},"extension":{},"message":"[runtime-status] [32300] Outgoing network have been stubbed. [{\"name\":\"http\",\"status\":\"mocked\"},{\"name\":\"http\",\"status\":\"mocked\"},{\"name\":\"https\",\"status\":\"mocked\"},{\"name\":\"https\",\"status\":\"mocked\"},{\"name\":\"net\",\"status\":\"mocked\"}]"}}
[2026-05-12T18:11:00.568Z] [runtime-status] [32300] Resolved module firebase-functions {"declared":true,"installed":true,"version":"6.6.0","resolution":"C:\\rezeptlogik-app\\functions\\node_modules\\firebase-functions\\lib\\v2\\index.js"} {"metadata":{"emulator":{"name":"functions"},"function":{"name":"europe-west3-refreshRampUp"},"extension":{},"message":"[runtime-status] [32300] Resolved module firebase-functions {\"declared\":true,\"installed\":true,\"version\":\"6.6.0\",\"resolution\":\"C:\\\\rezeptlogik-app\\\\functions\\\\node_modules\\\\firebase-functions\\\\lib\\\\v2\\\\index.js\"}"}}
[2026-05-12T18:11:00.570Z] [runtime-status] [22520] Resolved module firebase-admin {"declared":true,"installed":true,"version":"13.8.0","resolution":"C:\\rezeptlogik-app\\functions\\node_modules\\firebase-admin\\lib\\index.js"} {"metadata":{"emulator":{"name":"functions"},"function":{"name":"europe-west3-refreshRampUp"},"extension":{},"message":"[runtime-status] [22520] Resolved module firebase-admin {\"declared\":true,\"installed\":true,\"version\":\"13.8.0\",\"resolution\":\"C:\\\\rezeptlogik-app\\\\functions\\\\node_modules\\\\firebase-admin\\\\lib\\\\index.js\"}"}}
[2026-05-12T18:11:00.572Z] [runtime-status] [22520] Resolved module firebase-functions {"declared":true,"installed":true,"version":"6.6.0","resolution":"C:\\rezeptlogik-app\\functions\\node_modules\\firebase-functions\\lib\\v2\\index.js"} {"metadata":{"emulator":{"name":"functions"},"function":{"name":"europe-west3-refreshRampUp"},"extension":{},"message":"[runtime-status] [22520] Resolved module firebase-functions {\"declared\":true,\"installed\":true,\"version\":\"6.6.0\",\"resolution\":\"C:\\\\rezeptlogik-app\\\\functions\\\\node_modules\\\\firebase-functions\\\\lib\\\\v2\\\\index.js\"}"}}
[2026-05-12T18:11:00.573Z] [runtime-status] [22520] Outgoing network have been stubbed. [{"name":"http","status":"mocked"},{"name":"http","status":"mocked"},{"name":"https","status":"mocked"},{"name":"https","status":"mocked"},{"name":"net","status":"mocked"}] {"metadata":{"emulator":{"name":"functions"},"function":{"name":"europe-west3-refreshRampUp"},"extension":{},"message":"[runtime-status] [22520] Outgoing network have been stubbed. [{\"name\":\"http\",\"status\":\"mocked\"},{\"name\":\"http\",\"status\":\"mocked\"},{\"name\":\"https\",\"status\":\"mocked\"},{\"name\":\"https\",\"status\":\"mocked\"},{\"name\":\"net\",\"status\":\"mocked\"}]"}}
[2026-05-12T18:11:00.574Z] [runtime-status] [22520] Resolved module firebase-functions {"declared":true,"installed":true,"version":"6.6.0","resolution":"C:\\rezeptlogik-app\\functions\\node_modules\\firebase-functions\\lib\\v2\\index.js"} {"metadata":{"emulator":{"name":"functions"},"function":{"name":"europe-west3-refreshRampUp"},"extension":{},"message":"[runtime-status] [22520] Resolved module firebase-functions {\"declared\":true,\"installed\":true,\"version\":\"6.6.0\",\"resolution\":\"C:\\\\rezeptlogik-app\\\\functions\\\\node_modules\\\\firebase-functions\\\\lib\\\\v2\\\\index.js\"}"}}
[2026-05-12T18:11:00.874Z] [runtime-status] [22520] Resolved module firebase-admin {"declared":true,"installed":true,"version":"13.8.0","resolution":"C:\\rezeptlogik-app\\functions\\node_modules\\firebase-admin\\lib\\index.js"} {"metadata":{"emulator":{"name":"functions"},"function":{"name":"europe-west3-refreshRampUp"},"extension":{},"message":"[runtime-status] [22520] Resolved module firebase-admin {\"declared\":true,\"installed\":true,\"version\":\"13.8.0\",\"resolution\":\"C:\\\\rezeptlogik-app\\\\functions\\\\node_modules\\\\firebase-admin\\\\lib\\\\index.js\"}"}}
[2026-05-12T18:11:00.875Z] [runtime-status] [32300] Resolved module firebase-admin {"declared":true,"installed":true,"version":"13.8.0","resolution":"C:\\rezeptlogik-app\\functions\\node_modules\\firebase-admin\\lib\\index.js"} {"metadata":{"emulator":{"name":"functions"},"function":{"name":"europe-west3-refreshRampUp"},"extension":{},"message":"[runtime-status] [32300] Resolved module firebase-admin {\"declared\":true,\"installed\":true,\"version\":\"13.8.0\",\"resolution\":\"C:\\\\rezeptlogik-app\\\\functions\\\\node_modules\\\\firebase-admin\\\\lib\\\\index.js\"}"}}
[2026-05-12T18:11:00.877Z] [runtime-status] [22520] Resolved module firebase-functions {"declared":true,"installed":true,"version":"6.6.0","resolution":"C:\\rezeptlogik-app\\functions\\node_modules\\firebase-functions\\lib\\v2\\index.js"} {"metadata":{"emulator":{"name":"functions"},"function":{"name":"europe-west3-refreshRampUp"},"extension":{},"message":"[runtime-status] [22520] Resolved module firebase-functions {\"declared\":true,\"installed\":true,\"version\":\"6.6.0\",\"resolution\":\"C:\\\\rezeptlogik-app\\\\functions\\\\node_modules\\\\firebase-functions\\\\lib\\\\v2\\\\index.js\"}"}}
[2026-05-12T18:11:00.878Z] [runtime-status] [32300] Resolved module firebase-functions {"declared":true,"installed":true,"version":"6.6.0","resolution":"C:\\rezeptlogik-app\\functions\\node_modules\\firebase-functions\\lib\\v2\\index.js"} {"metadata":{"emulator":{"name":"functions"},"function":{"name":"europe-west3-refreshRampUp"},"extension":{},"message":"[runtime-status] [32300] Resolved module firebase-functions {\"declared\":true,\"installed\":true,\"version\":\"6.6.0\",\"resolution\":\"C:\\\\rezeptlogik-app\\\\functions\\\\node_modules\\\\firebase-functions\\\\lib\\\\v2\\\\index.js\"}"}}
[2026-05-12T18:11:01.068Z] [runtime-status] [32300] firebase-admin has been stubbed. {"adminResolution":{"declared":true,"installed":true,"version":"13.8.0","resolution":"C:\\rezeptlogik-app\\functions\\node_modules\\firebase-admin\\lib\\index.js"}} {"metadata":{"emulator":{"name":"functions"},"function":{"name":"europe-west3-refreshRampUp"},"extension":{},"message":"[runtime-status] [32300] firebase-admin has been stubbed. {\"adminResolution\":{\"declared\":true,\"installed\":true,\"version\":\"13.8.0\",\"resolution\":\"C:\\\\rezeptlogik-app\\\\functions\\\\node_modules\\\\firebase-admin\\\\lib\\\\index.js\"}}"}}
[2026-05-12T18:11:01.070Z] [runtime-status] [22520] firebase-admin has been stubbed. {"adminResolution":{"declared":true,"installed":true,"version":"13.8.0","resolution":"C:\\rezeptlogik-app\\functions\\node_modules\\firebase-admin\\lib\\index.js"}} {"metadata":{"emulator":{"name":"functions"},"function":{"name":"europe-west3-refreshRampUp"},"extension":{},"message":"[runtime-status] [22520] firebase-admin has been stubbed. {\"adminResolution\":{\"declared\":true,\"installed\":true,\"version\":\"13.8.0\",\"resolution\":\"C:\\\\rezeptlogik-app\\\\functions\\\\node_modules\\\\firebase-admin\\\\lib\\\\index.js\"}}"}}
!  External network resource requested!
   - URL: "http://169.254.169.254/latest/api/token"
 - Be careful, this may be a production service. {"metadata":{"emulator":{"name":"functions"},"function":{"name":"europe-west3-refreshRampUp"},"extension":{},"message":"External network resource requested!\n   - URL: \"http://169.254.169.254/latest/api/token\"\n - Be careful, this may be a production service."}}
!  External network resource requested!
   - URL: "http://169.254.169.254/latest/api/token"
 - Be careful, this may be a production service. {"metadata":{"emulator":{"name":"functions"},"function":{"name":"europe-west3-refreshRampUp"},"extension":{},"message":"External network resource requested!\n   - URL: \"http://169.254.169.254/latest/api/token\"\n - Be careful, this may be a production service."}}
!  External network resource requested!
   - URL: "http://169.254.169.254/metadata/instance?api-version=2021-02-01"
 - Be careful, this may be a production service. {"metadata":{"emulator":{"name":"functions"},"function":{"name":"europe-west3-refreshRampUp"},"extension":{},"message":"External network resource requested!\n   - URL: \"http://169.254.169.254/metadata/instance?api-version=2021-02-01\"\n - Be careful, this may be a production service."}}
!  External network resource requested!
   - URL: "http://169.254.169.254/metadata/identity/oauth2/token?api-version=2018-02-01&resource=https%3A%2F%2Fmanagement.azure.com"
 - Be careful, this may be a production service. {"metadata":{"emulator":{"name":"functions"},"function":{"name":"europe-west3-refreshRampUp"},"extension":{},"message":"External network resource requested!\n   - URL: \"http://169.254.169.254/metadata/identity/oauth2/token?api-version=2018-02-01&resource=https%3A%2F%2Fmanagement.azure.com\"\n - Be careful, this may be a production service."}}
!  External network resource requested!
   - URL: "http://metadata.google.internal"
 - Be careful, this may be a production service. {"metadata":{"emulator":{"name":"functions"},"function":{"name":"europe-west3-refreshRampUp"},"extension":{},"message":"External network resource requested!\n   - URL: \"http://metadata.google.internal\"\n - Be careful, this may be a production service."}}
!  External network resource requested!
   - URL: "http://169.254.169.254/metadata/instance?api-version=2021-02-01"
 - Be careful, this may be a production service. {"metadata":{"emulator":{"name":"functions"},"function":{"name":"europe-west3-refreshRampUp"},"extension":{},"message":"External network resource requested!\n   - URL: \"http://169.254.169.254/metadata/instance?api-version=2021-02-01\"\n - Be careful, this may be a production service."}}
!  External network resource requested!
   - URL: "http://169.254.169.254/metadata/identity/oauth2/token?api-version=2018-02-01&resource=https%3A%2F%2Fmanagement.azure.com"
 - Be careful, this may be a production service. {"metadata":{"emulator":{"name":"functions"},"function":{"name":"europe-west3-refreshRampUp"},"extension":{},"message":"External network resource requested!\n   - URL: \"http://169.254.169.254/metadata/identity/oauth2/token?api-version=2018-02-01&resource=https%3A%2F%2Fmanagement.azure.com\"\n - Be careful, this may be a production service."}}
!  External network resource requested!
   - URL: "http://metadata.google.internal"
 - Be careful, this may be a production service. {"metadata":{"emulator":{"name":"functions"},"function":{"name":"europe-west3-refreshRampUp"},"extension":{},"message":"External network resource requested!\n   - URL: \"http://metadata.google.internal\"\n - Be careful, this may be a production service."}}
!  External network resource requested!
   - URL: "http://metadata.google.internal/computeMetadata/v1/instance/service-accounts/default/email"
 - Be careful, this may be a production service. {"metadata":{"emulator":{"name":"functions"},"function":{"name":"europe-west3-refreshRampUp"},"extension":{},"message":"External network resource requested!\n   - URL: \"http://metadata.google.internal/computeMetadata/v1/instance/service-accounts/default/email\"\n - Be careful, this may be a production service."}}
!  External network resource requested!
   - URL: "http://metadata.google.internal/computeMetadata/v1/instance/service-accounts/default/email"
 - Be careful, this may be a production service. {"metadata":{"emulator":{"name":"functions"},"function":{"name":"europe-west3-refreshRampUp"},"extension":{},"message":"External network resource requested!\n   - URL: \"http://metadata.google.internal/computeMetadata/v1/instance/service-accounts/default/email\"\n - Be careful, this may be a production service."}}
[2026-05-12T18:11:04.620Z] [runtime-status] [22520] initializeApp(DEFAULT) {"storageBucket":"hellofresh-de-problem-solve.firebasestorage.app","projectId":"hellofresh-de-problem-solve"} {"metadata":{"emulator":{"name":"functions"},"function":{"name":"europe-west3-refreshRampUp"},"extension":{},"message":"[runtime-status] [22520] initializeApp(DEFAULT) {\"storageBucket\":\"hellofresh-de-problem-solve.firebasestorage.app\",\"projectId\":\"hellofresh-de-problem-solve\"}"}}
[2026-05-12T18:11:04.633Z] [runtime-status] [32300] initializeApp(DEFAULT) {"storageBucket":"hellofresh-de-problem-solve.firebasestorage.app","projectId":"hellofresh-de-problem-solve"} {"metadata":{"emulator":{"name":"functions"},"function":{"name":"europe-west3-refreshRampUp"},"extension":{},"message":"[runtime-status] [32300] initializeApp(DEFAULT) {\"storageBucket\":\"hellofresh-de-problem-solve.firebasestorage.app\",\"projectId\":\"hellofresh-de-problem-solve\"}"}}
[2026-05-12T18:11:04.645Z] [runtime-status] [22520] Functions runtime initialized. {"cwd":"C:\\rezeptlogik-app\\functions","node_version":"24.11.1"} {"metadata":{"emulator":{"name":"functions"},"function":{"name":"europe-west3-refreshRampUp"},"extension":{},"message":"[runtime-status] [22520] Functions runtime initialized. {\"cwd\":\"C:\\\\rezeptlogik-app\\\\functions\",\"node_version\":\"24.11.1\"}"}}
[2026-05-12T18:11:04.649Z] [runtime-status] [22520] Listening to port: \\?\pipe\fire_emu_7b82d7289904e291 {"metadata":{"emulator":{"name":"functions"},"function":{"name":"europe-west3-refreshRampUp"},"extension":{},"message":"[runtime-status] [22520] Listening to port: \\\\?\\pipe\\fire_emu_7b82d7289904e291"}}
[2026-05-12T18:11:04.652Z] [runtime-status] [32300] Functions runtime initialized. {"cwd":"C:\\rezeptlogik-app\\functions","node_version":"24.11.1"} {"metadata":{"emulator":{"name":"functions"},"function":{"name":"europe-west3-refreshRampUp"},"extension":{},"message":"[runtime-status] [32300] Functions runtime initialized. {\"cwd\":\"C:\\\\rezeptlogik-app\\\\functions\",\"node_version\":\"24.11.1\"}"}}
[2026-05-12T18:11:04.654Z] [runtime-status] [32300] Listening to port: \\?\pipe\fire_emu_e2fc55fef522b21e {"metadata":{"emulator":{"name":"functions"},"function":{"name":"europe-west3-refreshRampUp"},"extension":{},"message":"[runtime-status] [32300] Listening to port: \\\\?\\pipe\\fire_emu_e2fc55fef522b21e"}}
[2026-05-12T18:11:04.706Z] [worker-europe-west3-refreshRampUp-9ed66f30-3244-46a5-9300-fef970c317ab]: IDLE {"metadata":{"emulator":{"name":"functions"},"function":{"name":"europe-west3-refreshRampUp"},"extension":{},"message":"[worker-europe-west3-refreshRampUp-9ed66f30-3244-46a5-9300-fef970c317ab]: IDLE"}}
[2026-05-12T18:11:04.707Z] [worker-pool] submitRequest(triggerId=europe-west3-refreshRampUp) {"metadata":{"emulator":{"name":"functions"},"message":"[worker-pool] submitRequest(triggerId=europe-west3-refreshRampUp)"}}
i  functions: Beginning execution of "europe-west3-refreshRampUp" {"metadata":{"emulator":{"name":"functions"},"function":{"name":"europe-west3-refreshRampUp"},"extension":{},"message":"Beginning execution of \"europe-west3-refreshRampUp\""}}
[2026-05-12T18:11:04.708Z] [worker-europe-west3-refreshRampUp-9ed66f30-3244-46a5-9300-fef970c317ab]: BUSY {"metadata":{"emulator":{"name":"functions"},"function":{"name":"europe-west3-refreshRampUp"},"extension":{},"message":"[worker-europe-west3-refreshRampUp-9ed66f30-3244-46a5-9300-fef970c317ab]: BUSY"}}
[2026-05-12T18:11:04.737Z] [worker-europe-west3-refreshRampUp-0676dcda-ee03-494d-aa9a-04cb401f5993]: IDLE {"metadata":{"emulator":{"name":"functions"},"function":{"name":"europe-west3-refreshRampUp"},"extension":{},"message":"[worker-europe-west3-refreshRampUp-0676dcda-ee03-494d-aa9a-04cb401f5993]: IDLE"}}
[2026-05-12T18:11:04.739Z] [worker-pool] submitRequest(triggerId=europe-west3-refreshRampUp) {"metadata":{"emulator":{"name":"functions"},"message":"[worker-pool] submitRequest(triggerId=europe-west3-refreshRampUp)"}}
i  functions: Beginning execution of "europe-west3-refreshRampUp" {"metadata":{"emulator":{"name":"functions"},"function":{"name":"europe-west3-refreshRampUp"},"extension":{},"message":"Beginning execution of \"europe-west3-refreshRampUp\""}}
[2026-05-12T18:11:04.741Z] [worker-europe-west3-refreshRampUp-0676dcda-ee03-494d-aa9a-04cb401f5993]: BUSY {"metadata":{"emulator":{"name":"functions"},"function":{"name":"europe-west3-refreshRampUp"},"extension":{},"message":"[worker-europe-west3-refreshRampUp-0676dcda-ee03-494d-aa9a-04cb401f5993]: BUSY"}}
!  External network resource requested!
   - URL: "http://169.254.169.254/latest/dynamic/instance-identity/document"
 - Be careful, this may be a production service. {"metadata":{"emulator":{"name":"functions"},"function":{"name":"europe-west3-refreshRampUp"},"extension":{},"message":"External network resource requested!\n   - URL: \"http://169.254.169.254/latest/dynamic/instance-identity/document\"\n - Be careful, this may be a production service."}}
!  External network resource requested!
   - URL: "http://169.254.169.254/latest/dynamic/instance-identity/document"
 - Be careful, this may be a production service. {"metadata":{"emulator":{"name":"functions"},"function":{"name":"europe-west3-refreshRampUp"},"extension":{},"message":"External network resource requested!\n   - URL: \"http://169.254.169.254/latest/dynamic/instance-identity/document\"\n - Be careful, this may be a production service."}}
!  Google API requested!
   - URL: "https://oauth2.googleapis.com/token"
   - Be careful, this may be a production service. {"metadata":{"emulator":{"name":"functions"},"function":{"name":"europe-west3-refreshRampUp"},"extension":{},"message":"Google API requested!\n   - URL: \"https://oauth2.googleapis.com/token\"\n   - Be careful, this may be a production service."}}
!  Google API requested!
   - URL: "https://oauth2.googleapis.com/token"
   - Be careful, this may be a production service. {"metadata":{"emulator":{"name":"functions"},"function":{"name":"europe-west3-refreshRampUp"},"extension":{},"message":"Google API requested!\n   - URL: \"https://oauth2.googleapis.com/token\"\n   - Be careful, this may be a production service."}}
!  Google API requested!
   - URL: "https://www.googleapis.com/oauth2/v4/token"
   - Be careful, this may be a production service. {"metadata":{"emulator":{"name":"functions"},"function":{"name":"europe-west3-refreshRampUp"},"extension":{},"message":"Google API requested!\n   - URL: \"https://www.googleapis.com/oauth2/v4/token\"\n   - Be careful, this may be a production service."}}
!  Google API requested!
   - URL: "https://www.googleapis.com/oauth2/v4/token"
   - Be careful, this may be a production service. {"metadata":{"emulator":{"name":"functions"},"function":{"name":"europe-west3-refreshRampUp"},"extension":{},"message":"Google API requested!\n   - URL: \"https://www.googleapis.com/oauth2/v4/token\"\n   - Be careful, this may be a production service."}}
!  Google API requested!
   - URL: "https://sheets.googleapis.com/v4/spreadsheets/1IEi_CB9KylW2MgjNiGax5EIvhhAtkIzm57uO1sSESj8/values/Meal%20Selection%21A3%3AX1000"
   - Be careful, this may be a production service. {"metadata":{"emulator":{"name":"functions"},"function":{"name":"europe-west3-refreshRampUp"},"extension":{},"message":"Google API requested!\n   - URL: \"https://sheets.googleapis.com/v4/spreadsheets/1IEi_CB9KylW2MgjNiGax5EIvhhAtkIzm57uO1sSESj8/values/Meal%20Selection%21A3%3AX1000\"\n   - Be careful, this may be a production service."}}
!  Google API requested!
   - URL: "https://sheets.googleapis.com/v4/spreadsheets/1IEi_CB9KylW2MgjNiGax5EIvhhAtkIzm57uO1sSESj8/values/Meal%20Selection%21A3%3AX1000"
   - Be careful, this may be a production service. {"metadata":{"emulator":{"name":"functions"},"function":{"name":"europe-west3-refreshRampUp"},"extension":{},"message":"Google API requested!\n   - URL: \"https://sheets.googleapis.com/v4/spreadsheets/1IEi_CB9KylW2MgjNiGax5EIvhhAtkIzm57uO1sSESj8/values/Meal%20Selection%21A3%3AX1000\"\n   - Be careful, this may be a production service."}}
[2026-05-12T18:11:08.269Z] Finishing up request with event=pause {"metadata":{"emulator":{"name":"functions"},"function":{"name":"europe-west3-refreshRampUp"},"extension":{},"message":"Finishing up request with event=pause"}}
i  functions: Finished "europe-west3-refreshRampUp" in 3561.6682ms {"metadata":{"emulator":{"name":"functions"},"function":{"name":"europe-west3-refreshRampUp"},"extension":{},"message":"Finished \"europe-west3-refreshRampUp\" in 3561.6682ms"}}
[2026-05-12T18:11:08.270Z] [worker-europe-west3-refreshRampUp-9ed66f30-3244-46a5-9300-fef970c317ab]: IDLE {"metadata":{"emulator":{"name":"functions"},"function":{"name":"europe-west3-refreshRampUp"},"extension":{},"message":"[worker-europe-west3-refreshRampUp-9ed66f30-3244-46a5-9300-fef970c317ab]: IDLE"}}
[2026-05-12T18:11:08.271Z] Finishing up request with event=finish {"metadata":{"emulator":{"name":"functions"},"function":{"name":"europe-west3-refreshRampUp"},"extension":{},"message":"Finishing up request with event=finish"}}
[2026-05-12T18:11:08.272Z] Finishing up request with event=close {"metadata":{"emulator":{"name":"functions"},"function":{"name":"europe-west3-refreshRampUp"},"extension":{},"message":"Finishing up request with event=close"}}
[2026-05-12T18:11:08.272Z] [work-queue] {"queuedWork":[],"queueLength":0,"runningWork":["/hellofresh-de-problem-solve/europe-west3/refreshRampUp-2026-05-12T18:10:59.191Z"],"workRunningCount":1}
[2026-05-12T18:11:08.282Z] Finishing up request with event=pause {"metadata":{"emulator":{"name":"functions"},"function":{"name":"europe-west3-refreshRampUp"},"extension":{},"message":"Finishing up request with event=pause"}}
i  functions: Finished "europe-west3-refreshRampUp" in 3541.8351000000002ms {"metadata":{"emulator":{"name":"functions"},"function":{"name":"europe-west3-refreshRampUp"},"extension":{},"message":"Finished \"europe-west3-refreshRampUp\" in 3541.8351000000002ms"}}
[2026-05-12T18:11:08.284Z] [worker-europe-west3-refreshRampUp-0676dcda-ee03-494d-aa9a-04cb401f5993]: IDLE {"metadata":{"emulator":{"name":"functions"},"function":{"name":"europe-west3-refreshRampUp"},"extension":{},"message":"[worker-europe-west3-refreshRampUp-0676dcda-ee03-494d-aa9a-04cb401f5993]: IDLE"}}
[2026-05-12T18:11:08.284Z] Finishing up request with event=finish {"metadata":{"emulator":{"name":"functions"},"function":{"name":"europe-west3-refreshRampUp"},"extension":{},"message":"Finishing up request with event=finish"}}
[2026-05-12T18:11:08.285Z] Finishing up request with event=close {"metadata":{"emulator":{"name":"functions"},"function":{"name":"europe-west3-refreshRampUp"},"extension":{},"message":"Finishing up request with event=close"}}
[2026-05-12T18:11:08.285Z] [work-queue] {"queuedWork":[],"queueLength":0,"runningWork":[],"workRunningCount":0}
[2026-05-12T18:11:18.886Z] [work-queue] {"queuedWork":["/hellofresh-de-problem-solve/europe-west3/wmsLive-2026-05-12T18:11:18.886Z"],"queueLength":1,"runningWork":[],"workRunningCount":0}
[2026-05-12T18:11:18.887Z] [work-queue] {"queuedWork":[],"queueLength":0,"runningWork":["/hellofresh-de-problem-solve/europe-west3/wmsLive-2026-05-12T18:11:18.886Z"],"workRunningCount":1}
[2026-05-12T18:11:18.888Z] Accepted request GET /hellofresh-de-problem-solve/europe-west3/wmsLive?week=2026-W17 --> europe-west3-wmsLive
[2026-05-12T18:11:18.890Z] [functions] Runtime ready! Sending request! {"metadata":{"emulator":{"name":"functions"},"message":"[functions] Runtime ready! Sending request!"}}
[2026-05-12T18:11:18.890Z] [functions] Got req.url=/hellofresh-de-problem-solve/europe-west3/wmsLive?week=2026-W17, mapping to path=/?week=2026-W17 {"metadata":{"emulator":{"name":"functions"},"message":"[functions] Got req.url=/hellofresh-de-problem-solve/europe-west3/wmsLive?week=2026-W17, mapping to path=/?week=2026-W17"}}
[2026-05-12T18:11:18.891Z] [worker-pool] submitRequest(triggerId=europe-west3-wmsLive) {"metadata":{"emulator":{"name":"functions"},"message":"[worker-pool] submitRequest(triggerId=europe-west3-wmsLive)"}}
i  functions: Beginning execution of "europe-west3-wmsLive" {"metadata":{"emulator":{"name":"functions"},"function":{"name":"europe-west3-wmsLive"},"extension":{},"message":"Beginning execution of \"europe-west3-wmsLive\""}}
[2026-05-12T18:11:18.893Z] [worker-europe-west3-wmsLive-0fe6ba51-ce4f-418a-be97-fa136bfdf05a]: BUSY {"metadata":{"emulator":{"name":"functions"},"function":{"name":"europe-west3-wmsLive"},"extension":{},"message":"[worker-europe-west3-wmsLive-0fe6ba51-ce4f-418a-be97-fa136bfdf05a]: BUSY"}}
[2026-05-12T18:11:18.898Z] Finishing up request with event=pause {"metadata":{"emulator":{"name":"functions"},"function":{"name":"europe-west3-wmsLive"},"extension":{},"message":"Finishing up request with event=pause"}}
i  functions: Finished "europe-west3-wmsLive" in 5.5096ms {"metadata":{"emulator":{"name":"functions"},"function":{"name":"europe-west3-wmsLive"},"extension":{},"message":"Finished \"europe-west3-wmsLive\" in 5.5096ms"}}
[2026-05-12T18:11:18.899Z] [worker-europe-west3-wmsLive-0fe6ba51-ce4f-418a-be97-fa136bfdf05a]: IDLE {"metadata":{"emulator":{"name":"functions"},"function":{"name":"europe-west3-wmsLive"},"extension":{},"message":"[worker-europe-west3-wmsLive-0fe6ba51-ce4f-418a-be97-fa136bfdf05a]: IDLE"}}
[2026-05-12T18:11:18.900Z] Finishing up request with event=finish {"metadata":{"emulator":{"name":"functions"},"function":{"name":"europe-west3-wmsLive"},"extension":{},"message":"Finishing up request with event=finish"}}
[2026-05-12T18:11:18.900Z] Finishing up request with event=close {"metadata":{"emulator":{"name":"functions"},"function":{"name":"europe-west3-wmsLive"},"extension":{},"message":"Finishing up request with event=close"}}
[2026-05-12T18:11:18.901Z] [work-queue] {"queuedWork":[],"queueLength":0,"runningWork":[],"workRunningCount":0}
[2026-05-12T18:11:47.222Z] [work-queue] {"queuedWork":["/hellofresh-de-problem-solve/europe-west3/wmsLive-2026-05-12T18:11:47.222Z"],"queueLength":1,"runningWork":[],"workRunningCount":0}
[2026-05-12T18:11:47.223Z] [work-queue] {"queuedWork":[],"queueLength":0,"runningWork":["/hellofresh-de-problem-solve/europe-west3/wmsLive-2026-05-12T18:11:47.222Z"],"workRunningCount":1}
[2026-05-12T18:11:47.223Z] Accepted request GET /hellofresh-de-problem-solve/europe-west3/wmsLive?week=2026-W17&bust=subcheck --> europe-west3-wmsLive
[2026-05-12T18:11:47.226Z] [functions] Runtime ready! Sending request! {"metadata":{"emulator":{"name":"functions"},"message":"[functions] Runtime ready! Sending request!"}}
[2026-05-12T18:11:47.226Z] [functions] Got req.url=/hellofresh-de-problem-solve/europe-west3/wmsLive?week=2026-W17&bust=subcheck, mapping to path=/?week=2026-W17&bust=subcheck {"metadata":{"emulator":{"name":"functions"},"message":"[functions] Got req.url=/hellofresh-de-problem-solve/europe-west3/wmsLive?week=2026-W17&bust=subcheck, mapping to path=/?week=2026-W17&bust=subcheck"}}
[2026-05-12T18:11:47.226Z] [worker-pool] submitRequest(triggerId=europe-west3-wmsLive) {"metadata":{"emulator":{"name":"functions"},"message":"[worker-pool] submitRequest(triggerId=europe-west3-wmsLive)"}}
i  functions: Beginning execution of "europe-west3-wmsLive" {"metadata":{"emulator":{"name":"functions"},"function":{"name":"europe-west3-wmsLive"},"extension":{},"message":"Beginning execution of \"europe-west3-wmsLive\""}}
[2026-05-12T18:11:47.227Z] [worker-europe-west3-wmsLive-0fe6ba51-ce4f-418a-be97-fa136bfdf05a]: BUSY {"metadata":{"emulator":{"name":"functions"},"function":{"name":"europe-west3-wmsLive"},"extension":{},"message":"[worker-europe-west3-wmsLive-0fe6ba51-ce4f-418a-be97-fa136bfdf05a]: BUSY"}}
>  {"level":"INFO","message":"[6:11:47.230 PM]: Creating new connection object"} {"user":{"level":"INFO","message":"[6:11:47.230 PM]: Creating new connection object"},"metadata":{"emulator":{"name":"functions"},"function":{"name":"europe-west3-wmsLive"},"extension":{},"message":"\u001b[90m> \u001b[39m {\"level\":\"INFO\",\"message\":\"[6:11:47.230 PM]: Creating new connection object\"}\r"}}
>  {"level":"INFO","message":"[6:11:47.232 PM]: Creating Connection[id: 9d8c4b04-e1c8-4adf-bc59-eff6eee3b6a1] with host: XG02811-OO69432.snowflakecomputing.com, account: XG02811-OO69432, accessUrl: https://XG02811-OO69432.snowflakecomputing.com, user: MARCEL.SPINDLER@HELLOFRESH.DE, role: US_OPS_ANALYTICS_USER, database: US_OPS_ANALYTICS, schema: HIGHJUMP, warehouse: US_OPS_ANALYTICS, proxy was not configured, password is not provided, region: undefined, authenticator: EXTERNALBROWSER, ocsp mode: FAIL_OPEN, os: win32, os version: 10.0.26100"} {"user":{"level":"INFO","message":"[6:11:47.232 PM]: Creating Connection[id: 9d8c4b04-e1c8-4adf-bc59-eff6eee3b6a1] with host: XG02811-OO69432.snowflakecomputing.com, account: XG02811-OO69432, accessUrl: https://XG02811-OO69432.snowflakecomputing.com, user: MARCEL.SPINDLER@HELLOFRESH.DE, role: US_OPS_ANALYTICS_USER, database: US_OPS_ANALYTICS, schema: HIGHJUMP, warehouse: US_OPS_ANALYTICS, proxy was not configured, password is not provided, region: undefined, authenticator: EXTERNALBROWSER, ocsp mode: FAIL_OPEN, os: win32, os version: 10.0.26100"},"metadata":{"emulator":{"name":"functions"},"function":{"name":"europe-west3-wmsLive"},"extension":{},"message":"\u001b[90m> \u001b[39m {\"level\":\"INFO\",\"message\":\"[6:11:47.232 PM]: Creating Connection[id: 9d8c4b04-e1c8-4adf-bc59-eff6eee3b6a1] with host: XG02811-OO69432.snowflakecomputing.com, account: XG02811-OO69432, accessUrl: https://XG02811-OO69432.snowflakecomputing.com, user: MARCEL.SPINDLER@HELLOFRESH.DE, role: US_OPS_ANALYTICS_USER, database: US_OPS_ANALYTICS, schema: HIGHJUMP, warehouse: US_OPS_ANALYTICS, proxy was not configured, password is not provided, region: undefined, authenticator: EXTERNALBROWSER, ocsp mode: FAIL_OPEN, os: win32, os version: 10.0.26100\"}\r"}}
>  {"level":"INFO","message":"[6:11:47.232 PM]: Connection[id: 9d8c4b04-e1c8-4adf-bc59-eff6eee3b6a1] additional details: passcode in password is provided, passcode is not provided, private key is not provided, application: rezeptlogik_wms_live, client name: snowflake-sdk, client version: 2.4.1, retry timeout: 300, private key path: undefined, private key pass is not provided, client store temporary credential: false, browser response timeout: 120000"} {"user":{"level":"INFO","message":"[6:11:47.232 PM]: Connection[id: 9d8c4b04-e1c8-4adf-bc59-eff6eee3b6a1] additional details: passcode in password is provided, passcode is not provided, private key is not provided, application: rezeptlogik_wms_live, client name: snowflake-sdk, client version: 2.4.1, retry timeout: 300, private key path: undefined, private key pass is not provided, client store temporary credential: false, browser response timeout: 120000"},"metadata":{"emulator":{"name":"functions"},"function":{"name":"europe-west3-wmsLive"},"extension":{},"message":"\u001b[90m> \u001b[39m {\"level\":\"INFO\",\"message\":\"[6:11:47.232 PM]: Connection[id: 9d8c4b04-e1c8-4adf-bc59-eff6eee3b6a1] additional details: passcode in password is provided, passcode is not provided, private key is not provided, application: rezeptlogik_wms_live, client name: snowflake-sdk, client version: 2.4.1, retry timeout: 300, private key path: undefined, private key pass is not provided, client store temporary credential: false, browser response timeout: 120000\"}\r"}}
>  {"level":"INFO","message":"[6:11:47.232 PM]: Connection[id: 9d8c4b04-e1c8-4adf-bc59-eff6eee3b6a1] - connection object created successfully."} {"user":{"level":"INFO","message":"[6:11:47.232 PM]: Connection[id: 9d8c4b04-e1c8-4adf-bc59-eff6eee3b6a1] - connection object created successfully."},"metadata":{"emulator":{"name":"functions"},"function":{"name":"europe-west3-wmsLive"},"extension":{},"message":"\u001b[90m> \u001b[39m {\"level\":\"INFO\",\"message\":\"[6:11:47.232 PM]: Connection[id: 9d8c4b04-e1c8-4adf-bc59-eff6eee3b6a1] - connection object created successfully.\"}\r"}}
>  {"level":"INFO","message":"[6:11:47.233 PM]: Connection[id: 9d8c4b04-e1c8-4adf-bc59-eff6eee3b6a1] - async connecting. Associated Snowflake domain: GLOBAL"} {"user":{"level":"INFO","message":"[6:11:47.233 PM]: Connection[id: 9d8c4b04-e1c8-4adf-bc59-eff6eee3b6a1] - async connecting. Associated Snowflake domain: GLOBAL"},"metadata":{"emulator":{"name":"functions"},"function":{"name":"europe-west3-wmsLive"},"extension":{},"message":"\u001b[90m> \u001b[39m {\"level\":\"INFO\",\"message\":\"[6:11:47.233 PM]: Connection[id: 9d8c4b04-e1c8-4adf-bc59-eff6eee3b6a1] - async connecting. Associated Snowflake domain: GLOBAL\"}\r"}}
>  {"level":"INFO","message":"[6:11:51.361 PM]: Connection[id: 9d8c4b04-e1c8-4adf-bc59-eff6eee3b6a1] - authentication successful using: EXTERNALBROWSER"} {"user":{"level":"INFO","message":"[6:11:51.361 PM]: Connection[id: 9d8c4b04-e1c8-4adf-bc59-eff6eee3b6a1] - authentication successful using: EXTERNALBROWSER"},"metadata":{"emulator":{"name":"functions"},"function":{"name":"europe-west3-wmsLive"},"extension":{},"message":"\u001b[90m> \u001b[39m {\"level\":\"INFO\",\"message\":\"[6:11:51.361 PM]: Connection[id: 9d8c4b04-e1c8-4adf-bc59-eff6eee3b6a1] - authentication successful using: EXTERNALBROWSER\"}\r"}}
>  {"level":"INFO","message":"[6:11:51.550 PM]: Connection[id: 9d8c4b04-e1c8-4adf-bc59-eff6eee3b6a1] - connection established successfully after 4317.49 milliseconds"} {"user":{"level":"INFO","message":"[6:11:51.550 PM]: Connection[id: 9d8c4b04-e1c8-4adf-bc59-eff6eee3b6a1] - connection established successfully after 4317.49 milliseconds"},"metadata":{"emulator":{"name":"functions"},"function":{"name":"europe-west3-wmsLive"},"extension":{},"message":"\u001b[90m> \u001b[39m {\"level\":\"INFO\",\"message\":\"[6:11:51.550 PM]: Connection[id: 9d8c4b04-e1c8-4adf-bc59-eff6eee3b6a1] - connection established successfully after 4317.49 milliseconds\"}\r"}}
[2026-05-12T18:11:51.815Z] Finishing up request with event=pause {"metadata":{"emulator":{"name":"functions"},"function":{"name":"europe-west3-wmsLive"},"extension":{},"message":"Finishing up request with event=pause"}}
i  functions: Finished "europe-west3-wmsLive" in 4588.8068ms {"metadata":{"emulator":{"name":"functions"},"function":{"name":"europe-west3-wmsLive"},"extension":{},"message":"Finished \"europe-west3-wmsLive\" in 4588.8068ms"}}
[2026-05-12T18:11:51.817Z] [worker-europe-west3-wmsLive-0fe6ba51-ce4f-418a-be97-fa136bfdf05a]: IDLE {"metadata":{"emulator":{"name":"functions"},"function":{"name":"europe-west3-wmsLive"},"extension":{},"message":"[worker-europe-west3-wmsLive-0fe6ba51-ce4f-418a-be97-fa136bfdf05a]: IDLE"}}
[2026-05-12T18:11:51.818Z] Finishing up request with event=finish {"metadata":{"emulator":{"name":"functions"},"function":{"name":"europe-west3-wmsLive"},"extension":{},"message":"Finishing up request with event=finish"}}
[2026-05-12T18:11:51.818Z] Finishing up request with event=close {"metadata":{"emulator":{"name":"functions"},"function":{"name":"europe-west3-wmsLive"},"extension":{},"message":"Finishing up request with event=close"}}
[2026-05-12T18:11:51.819Z] [work-queue] {"queuedWork":[],"queueLength":0,"runningWork":[],"workRunningCount":0}
[2026-05-12T18:13:17.214Z] [work-queue] {"queuedWork":["/hellofresh-de-problem-solve/europe-west3/refreshRampUp-2026-05-12T18:13:17.214Z"],"queueLength":1,"runningWork":[],"workRunningCount":0}
[2026-05-12T18:13:17.215Z] [work-queue] {"queuedWork":[],"queueLength":0,"runningWork":["/hellofresh-de-problem-solve/europe-west3/refreshRampUp-2026-05-12T18:13:17.214Z"],"workRunningCount":1}
[2026-05-12T18:13:17.215Z] Accepted request POST /hellofresh-de-problem-solve/europe-west3/refreshRampUp --> europe-west3-refreshRampUp
[2026-05-12T18:13:17.217Z] [functions] Runtime ready! Sending request! {"metadata":{"emulator":{"name":"functions"},"message":"[functions] Runtime ready! Sending request!"}}
[2026-05-12T18:13:17.217Z] [functions] Got req.url=/hellofresh-de-problem-solve/europe-west3/refreshRampUp, mapping to path=/ {"metadata":{"emulator":{"name":"functions"},"message":"[functions] Got req.url=/hellofresh-de-problem-solve/europe-west3/refreshRampUp, mapping to path=/"}}
[2026-05-12T18:13:17.218Z] [worker-pool] submitRequest(triggerId=europe-west3-refreshRampUp) {"metadata":{"emulator":{"name":"functions"},"message":"[worker-pool] submitRequest(triggerId=europe-west3-refreshRampUp)"}}
i  functions: Beginning execution of "europe-west3-refreshRampUp" {"metadata":{"emulator":{"name":"functions"},"function":{"name":"europe-west3-refreshRampUp"},"extension":{},"message":"Beginning execution of \"europe-west3-refreshRampUp\""}}
[2026-05-12T18:13:17.219Z] [worker-europe-west3-refreshRampUp-9ed66f30-3244-46a5-9300-fef970c317ab]: BUSY {"metadata":{"emulator":{"name":"functions"},"function":{"name":"europe-west3-refreshRampUp"},"extension":{},"message":"[worker-europe-west3-refreshRampUp-9ed66f30-3244-46a5-9300-fef970c317ab]: BUSY"}}
[2026-05-12T18:13:17.220Z] [work-queue] {"queuedWork":["/hellofresh-de-problem-solve/europe-west3/refreshRampUp-2026-05-12T18:13:17.220Z"],"queueLength":1,"runningWork":["/hellofresh-de-problem-solve/europe-west3/refreshRampUp-2026-05-12T18:13:17.214Z"],"workRunningCount":1}
[2026-05-12T18:13:17.220Z] [work-queue] {"queuedWork":[],"queueLength":0,"runningWork":["/hellofresh-de-problem-solve/europe-west3/refreshRampUp-2026-05-12T18:13:17.214Z","/hellofresh-de-problem-solve/europe-west3/refreshRampUp-2026-05-12T18:13:17.220Z"],"workRunningCount":2}
[2026-05-12T18:13:17.221Z] Accepted request POST /hellofresh-de-problem-solve/europe-west3/refreshRampUp --> europe-west3-refreshRampUp
[2026-05-12T18:13:17.222Z] [functions] Runtime ready! Sending request! {"metadata":{"emulator":{"name":"functions"},"message":"[functions] Runtime ready! Sending request!"}}
[2026-05-12T18:13:17.223Z] [functions] Got req.url=/hellofresh-de-problem-solve/europe-west3/refreshRampUp, mapping to path=/ {"metadata":{"emulator":{"name":"functions"},"message":"[functions] Got req.url=/hellofresh-de-problem-solve/europe-west3/refreshRampUp, mapping to path=/"}}
[2026-05-12T18:13:17.223Z] [worker-pool] submitRequest(triggerId=europe-west3-refreshRampUp) {"metadata":{"emulator":{"name":"functions"},"message":"[worker-pool] submitRequest(triggerId=europe-west3-refreshRampUp)"}}
i  functions: Beginning execution of "europe-west3-refreshRampUp" {"metadata":{"emulator":{"name":"functions"},"function":{"name":"europe-west3-refreshRampUp"},"extension":{},"message":"Beginning execution of \"europe-west3-refreshRampUp\""}}
[2026-05-12T18:13:17.225Z] [worker-europe-west3-refreshRampUp-0676dcda-ee03-494d-aa9a-04cb401f5993]: BUSY {"metadata":{"emulator":{"name":"functions"},"function":{"name":"europe-west3-refreshRampUp"},"extension":{},"message":"[worker-europe-west3-refreshRampUp-0676dcda-ee03-494d-aa9a-04cb401f5993]: BUSY"}}
[2026-05-12T18:13:18.372Z] Finishing up request with event=pause {"metadata":{"emulator":{"name":"functions"},"function":{"name":"europe-west3-refreshRampUp"},"extension":{},"message":"Finishing up request with event=pause"}}
i  functions: Finished "europe-west3-refreshRampUp" in 1148.4089ms {"metadata":{"emulator":{"name":"functions"},"function":{"name":"europe-west3-refreshRampUp"},"extension":{},"message":"Finished \"europe-west3-refreshRampUp\" in 1148.4089ms"}}
[2026-05-12T18:13:18.374Z] [worker-europe-west3-refreshRampUp-0676dcda-ee03-494d-aa9a-04cb401f5993]: IDLE {"metadata":{"emulator":{"name":"functions"},"function":{"name":"europe-west3-refreshRampUp"},"extension":{},"message":"[worker-europe-west3-refreshRampUp-0676dcda-ee03-494d-aa9a-04cb401f5993]: IDLE"}}
[2026-05-12T18:13:18.374Z] Finishing up request with event=finish {"metadata":{"emulator":{"name":"functions"},"function":{"name":"europe-west3-refreshRampUp"},"extension":{},"message":"Finishing up request with event=finish"}}
[2026-05-12T18:13:18.375Z] Finishing up request with event=close {"metadata":{"emulator":{"name":"functions"},"function":{"name":"europe-west3-refreshRampUp"},"extension":{},"message":"Finishing up request with event=close"}}
[2026-05-12T18:13:18.375Z] [work-queue] {"queuedWork":[],"queueLength":0,"runningWork":["/hellofresh-de-problem-solve/europe-west3/refreshRampUp-2026-05-12T18:13:17.214Z"],"workRunningCount":1}
[2026-05-12T18:13:18.390Z] Finishing up request with event=pause {"metadata":{"emulator":{"name":"functions"},"function":{"name":"europe-west3-refreshRampUp"},"extension":{},"message":"Finishing up request with event=pause"}}
i  functions: Finished "europe-west3-refreshRampUp" in 1171.3019ms {"metadata":{"emulator":{"name":"functions"},"function":{"name":"europe-west3-refreshRampUp"},"extension":{},"message":"Finished \"europe-west3-refreshRampUp\" in 1171.3019ms"}}
[2026-05-12T18:13:18.391Z] [worker-europe-west3-refreshRampUp-9ed66f30-3244-46a5-9300-fef970c317ab]: IDLE {"metadata":{"emulator":{"name":"functions"},"function":{"name":"europe-west3-refreshRampUp"},"extension":{},"message":"[worker-europe-west3-refreshRampUp-9ed66f30-3244-46a5-9300-fef970c317ab]: IDLE"}}
[2026-05-12T18:13:18.392Z] Finishing up request with event=finish {"metadata":{"emulator":{"name":"functions"},"function":{"name":"europe-west3-refreshRampUp"},"extension":{},"message":"Finishing up request with event=finish"}}
[2026-05-12T18:13:18.393Z] Finishing up request with event=close {"metadata":{"emulator":{"name":"functions"},"function":{"name":"europe-west3-refreshRampUp"},"extension":{},"message":"Finishing up request with event=close"}}
[2026-05-12T18:13:18.393Z] [work-queue] {"queuedWork":[],"queueLength":0,"runningWork":[],"workRunningCount":0}
[2026-05-12T18:13:28.939Z] [work-queue] {"queuedWork":["/hellofresh-de-problem-solve/europe-west3/wmsLive-2026-05-12T18:13:28.939Z"],"queueLength":1,"runningWork":[],"workRunningCount":0}
[2026-05-12T18:13:28.940Z] [work-queue] {"queuedWork":[],"queueLength":0,"runningWork":["/hellofresh-de-problem-solve/europe-west3/wmsLive-2026-05-12T18:13:28.939Z"],"workRunningCount":1}
[2026-05-12T18:13:28.941Z] Accepted request GET /hellofresh-de-problem-solve/europe-west3/wmsLive?week=2026-W17 --> europe-west3-wmsLive
[2026-05-12T18:13:28.945Z] [functions] Runtime ready! Sending request! {"metadata":{"emulator":{"name":"functions"},"message":"[functions] Runtime ready! Sending request!"}}
[2026-05-12T18:13:28.946Z] [functions] Got req.url=/hellofresh-de-problem-solve/europe-west3/wmsLive?week=2026-W17, mapping to path=/?week=2026-W17 {"metadata":{"emulator":{"name":"functions"},"message":"[functions] Got req.url=/hellofresh-de-problem-solve/europe-west3/wmsLive?week=2026-W17, mapping to path=/?week=2026-W17"}}
[2026-05-12T18:13:28.947Z] [worker-pool] submitRequest(triggerId=europe-west3-wmsLive) {"metadata":{"emulator":{"name":"functions"},"message":"[worker-pool] submitRequest(triggerId=europe-west3-wmsLive)"}}
i  functions: Beginning execution of "europe-west3-wmsLive" {"metadata":{"emulator":{"name":"functions"},"function":{"name":"europe-west3-wmsLive"},"extension":{},"message":"Beginning execution of \"europe-west3-wmsLive\""}}
[2026-05-12T18:13:28.949Z] [worker-europe-west3-wmsLive-0fe6ba51-ce4f-418a-be97-fa136bfdf05a]: BUSY {"metadata":{"emulator":{"name":"functions"},"function":{"name":"europe-west3-wmsLive"},"extension":{},"message":"[worker-europe-west3-wmsLive-0fe6ba51-ce4f-418a-be97-fa136bfdf05a]: BUSY"}}
>  {"level":"INFO","message":"[6:13:28.950 PM]: Creating new connection object"} {"user":{"level":"INFO","message":"[6:13:28.950 PM]: Creating new connection object"},"metadata":{"emulator":{"name":"functions"},"function":{"name":"europe-west3-wmsLive"},"extension":{},"message":"\u001b[90m> \u001b[39m {\"level\":\"INFO\",\"message\":\"[6:13:28.950 PM]: Creating new connection object\"}\r"}}
>  {"level":"INFO","message":"[6:13:28.952 PM]: Creating Connection[id: 3a29a20e-8b3e-4a57-bf22-032a64d1eb2a] with host: XG02811-OO69432.snowflakecomputing.com, account: XG02811-OO69432, accessUrl: https://XG02811-OO69432.snowflakecomputing.com, user: MARCEL.SPINDLER@HELLOFRESH.DE, role: US_OPS_ANALYTICS_USER, database: US_OPS_ANALYTICS, schema: HIGHJUMP, warehouse: US_OPS_ANALYTICS, proxy was not configured, password is not provided, region: undefined, authenticator: EXTERNALBROWSER, ocsp mode: FAIL_OPEN, os: win32, os version: 10.0.26100"} {"user":{"level":"INFO","message":"[6:13:28.952 PM]: Creating Connection[id: 3a29a20e-8b3e-4a57-bf22-032a64d1eb2a] with host: XG02811-OO69432.snowflakecomputing.com, account: XG02811-OO69432, accessUrl: https://XG02811-OO69432.snowflakecomputing.com, user: MARCEL.SPINDLER@HELLOFRESH.DE, role: US_OPS_ANALYTICS_USER, database: US_OPS_ANALYTICS, schema: HIGHJUMP, warehouse: US_OPS_ANALYTICS, proxy was not configured, password is not provided, region: undefined, authenticator: EXTERNALBROWSER, ocsp mode: FAIL_OPEN, os: win32, os version: 10.0.26100"},"metadata":{"emulator":{"name":"functions"},"function":{"name":"europe-west3-wmsLive"},"extension":{},"message":"\u001b[90m> \u001b[39m {\"level\":\"INFO\",\"message\":\"[6:13:28.952 PM]: Creating Connection[id: 3a29a20e-8b3e-4a57-bf22-032a64d1eb2a] with host: XG02811-OO69432.snowflakecomputing.com, account: XG02811-OO69432, accessUrl: https://XG02811-OO69432.snowflakecomputing.com, user: MARCEL.SPINDLER@HELLOFRESH.DE, role: US_OPS_ANALYTICS_USER, database: US_OPS_ANALYTICS, schema: HIGHJUMP, warehouse: US_OPS_ANALYTICS, proxy was not configured, password is not provided, region: undefined, authenticator: EXTERNALBROWSER, ocsp mode: FAIL_OPEN, os: win32, os version: 10.0.26100\"}\r"}}
>  {"level":"INFO","message":"[6:13:28.953 PM]: Connection[id: 3a29a20e-8b3e-4a57-bf22-032a64d1eb2a] additional details: passcode in password is provided, passcode is not provided, private key is not provided, application: rezeptlogik_wms_live, client name: snowflake-sdk, client version: 2.4.1, retry timeout: 300, private key path: undefined, private key pass is not provided, client store temporary credential: false, browser response timeout: 120000"} {"user":{"level":"INFO","message":"[6:13:28.953 PM]: Connection[id: 3a29a20e-8b3e-4a57-bf22-032a64d1eb2a] additional details: passcode in password is provided, passcode is not provided, private key is not provided, application: rezeptlogik_wms_live, client name: snowflake-sdk, client version: 2.4.1, retry timeout: 300, private key path: undefined, private key pass is not provided, client store temporary credential: false, browser response timeout: 120000"},"metadata":{"emulator":{"name":"functions"},"function":{"name":"europe-west3-wmsLive"},"extension":{},"message":"\u001b[90m> \u001b[39m {\"level\":\"INFO\",\"message\":\"[6:13:28.953 PM]: Connection[id: 3a29a20e-8b3e-4a57-bf22-032a64d1eb2a] additional details: passcode in password is provided, passcode is not provided, private key is not provided, application: rezeptlogik_wms_live, client name: snowflake-sdk, client version: 2.4.1, retry timeout: 300, private key path: undefined, private key pass is not provided, client store temporary credential: false, browser response timeout: 120000\"}\r"}}
>  {"level":"INFO","message":"[6:13:28.953 PM]: Connection[id: 3a29a20e-8b3e-4a57-bf22-032a64d1eb2a] - connection object created successfully."} {"user":{"level":"INFO","message":"[6:13:28.953 PM]: Connection[id: 3a29a20e-8b3e-4a57-bf22-032a64d1eb2a] - connection object created successfully."},"metadata":{"emulator":{"name":"functions"},"function":{"name":"europe-west3-wmsLive"},"extension":{},"message":"\u001b[90m> \u001b[39m {\"level\":\"INFO\",\"message\":\"[6:13:28.953 PM]: Connection[id: 3a29a20e-8b3e-4a57-bf22-032a64d1eb2a] - connection object created successfully.\"}\r"}}
>  {"level":"INFO","message":"[6:13:28.953 PM]: Connection[id: 3a29a20e-8b3e-4a57-bf22-032a64d1eb2a] - async connecting. Associated Snowflake domain: GLOBAL"} {"user":{"level":"INFO","message":"[6:13:28.953 PM]: Connection[id: 3a29a20e-8b3e-4a57-bf22-032a64d1eb2a] - async connecting. Associated Snowflake domain: GLOBAL"},"metadata":{"emulator":{"name":"functions"},"function":{"name":"europe-west3-wmsLive"},"extension":{},"message":"\u001b[90m> \u001b[39m {\"level\":\"INFO\",\"message\":\"[6:13:28.953 PM]: Connection[id: 3a29a20e-8b3e-4a57-bf22-032a64d1eb2a] - async connecting. Associated Snowflake domain: GLOBAL\"}\r"}}
[2026-05-12T18:14:38.410Z] [work-queue] {"queuedWork":["/hellofresh-de-problem-solve/europe-west3/refreshRampUp-2026-05-12T18:14:38.410Z"],"queueLength":1,"runningWork":["/hellofresh-de-problem-solve/europe-west3/wmsLive-2026-05-12T18:13:28.939Z"],"workRunningCount":1}
[2026-05-12T18:14:38.411Z] [work-queue] {"queuedWork":[],"queueLength":0,"runningWork":["/hellofresh-de-problem-solve/europe-west3/wmsLive-2026-05-12T18:13:28.939Z","/hellofresh-de-problem-solve/europe-west3/refreshRampUp-2026-05-12T18:14:38.410Z"],"workRunningCount":2}
[2026-05-12T18:14:38.412Z] Accepted request POST /hellofresh-de-problem-solve/europe-west3/refreshRampUp --> europe-west3-refreshRampUp
[2026-05-12T18:14:38.414Z] [functions] Runtime ready! Sending request! {"metadata":{"emulator":{"name":"functions"},"message":"[functions] Runtime ready! Sending request!"}}
[2026-05-12T18:14:38.414Z] [functions] Got req.url=/hellofresh-de-problem-solve/europe-west3/refreshRampUp, mapping to path=/ {"metadata":{"emulator":{"name":"functions"},"message":"[functions] Got req.url=/hellofresh-de-problem-solve/europe-west3/refreshRampUp, mapping to path=/"}}
[2026-05-12T18:14:38.414Z] [worker-pool] submitRequest(triggerId=europe-west3-refreshRampUp) {"metadata":{"emulator":{"name":"functions"},"message":"[worker-pool] submitRequest(triggerId=europe-west3-refreshRampUp)"}}
i  functions: Beginning execution of "europe-west3-refreshRampUp" {"metadata":{"emulator":{"name":"functions"},"function":{"name":"europe-west3-refreshRampUp"},"extension":{},"message":"Beginning execution of \"europe-west3-refreshRampUp\""}}
[2026-05-12T18:14:38.416Z] [worker-europe-west3-refreshRampUp-9ed66f30-3244-46a5-9300-fef970c317ab]: BUSY {"metadata":{"emulator":{"name":"functions"},"function":{"name":"europe-west3-refreshRampUp"},"extension":{},"message":"[worker-europe-west3-refreshRampUp-9ed66f30-3244-46a5-9300-fef970c317ab]: BUSY"}}
[2026-05-12T18:14:38.416Z] [work-queue] {"queuedWork":["/hellofresh-de-problem-solve/europe-west3/refreshRampUp-2026-05-12T18:14:38.416Z"],"queueLength":1,"runningWork":["/hellofresh-de-problem-solve/europe-west3/wmsLive-2026-05-12T18:13:28.939Z","/hellofresh-de-problem-solve/europe-west3/refreshRampUp-2026-05-12T18:14:38.410Z"],"workRunningCount":2}
[2026-05-12T18:14:38.417Z] [work-queue] {"queuedWork":[],"queueLength":0,"runningWork":["/hellofresh-de-problem-solve/europe-west3/wmsLive-2026-05-12T18:13:28.939Z","/hellofresh-de-problem-solve/europe-west3/refreshRampUp-2026-05-12T18:14:38.410Z","/hellofresh-de-problem-solve/europe-west3/refreshRampUp-2026-05-12T18:14:38.416Z"],"workRunningCount":3}
[2026-05-12T18:14:38.417Z] Accepted request POST /hellofresh-de-problem-solve/europe-west3/refreshRampUp --> europe-west3-refreshRampUp
[2026-05-12T18:14:38.418Z] [functions] Runtime ready! Sending request! {"metadata":{"emulator":{"name":"functions"},"message":"[functions] Runtime ready! Sending request!"}}
[2026-05-12T18:14:38.419Z] [functions] Got req.url=/hellofresh-de-problem-solve/europe-west3/refreshRampUp, mapping to path=/ {"metadata":{"emulator":{"name":"functions"},"message":"[functions] Got req.url=/hellofresh-de-problem-solve/europe-west3/refreshRampUp, mapping to path=/"}}
[2026-05-12T18:14:38.419Z] [worker-pool] submitRequest(triggerId=europe-west3-refreshRampUp) {"metadata":{"emulator":{"name":"functions"},"message":"[worker-pool] submitRequest(triggerId=europe-west3-refreshRampUp)"}}
i  functions: Beginning execution of "europe-west3-refreshRampUp" {"metadata":{"emulator":{"name":"functions"},"function":{"name":"europe-west3-refreshRampUp"},"extension":{},"message":"Beginning execution of \"europe-west3-refreshRampUp\""}}
[2026-05-12T18:14:38.419Z] [worker-europe-west3-refreshRampUp-0676dcda-ee03-494d-aa9a-04cb401f5993]: BUSY {"metadata":{"emulator":{"name":"functions"},"function":{"name":"europe-west3-refreshRampUp"},"extension":{},"message":"[worker-europe-west3-refreshRampUp-0676dcda-ee03-494d-aa9a-04cb401f5993]: BUSY"}}
>  {"level":"ERROR","message":"[6:14:39.072 PM]: Connection[id: 3a29a20e-8b3e-4a57-bf22-032a64d1eb2a] - failed during authentication. Error: AxiosError: read ECONNRESET\n    at AxiosError.from (C:\\rezeptlogik-app\\functions\\node_modules\\axios\\dist\\node\\axios.cjs:1248:24)\n    at RedirectableRequest.handleRequestError (C:\\rezeptlogik-app\\functions\\node_modules\\axios\\dist\\node\\axios.cjs:3611:25)\n    at RedirectableRequest.emit (node:events:520:35)\n    at eventHandlers.<computed> (C:\\rezeptlogik-app\\functions\\node_modules\\follow-redirects\\index.js:5"} {"user":{"level":"ERROR","message":"[6:14:39.072 PM]: Connection[id: 3a29a20e-8b3e-4a57-bf22-032a64d1eb2a] - failed during authentication. Error: AxiosError: read ECONNRESET\n    at AxiosError.from (C:\\rezeptlogik-app\\functions\\node_modules\\axios\\dist\\node\\axios.cjs:1248:24)\n    at RedirectableRequest.handleRequestError (C:\\rezeptlogik-app\\functions\\node_modules\\axios\\dist\\node\\axios.cjs:3611:25)\n    at RedirectableRequest.emit (node:events:520:35)\n    at eventHandlers.<computed> (C:\\rezeptlogik-app\\functions\\node_modules\\follow-redirects\\index.js:5"},"metadata":{"emulator":{"name":"functions"},"function":{"name":"europe-west3-wmsLive"},"extension":{},"message":"\u001b[90m> \u001b[39m {\"level\":\"ERROR\",\"message\":\"[6:14:39.072 PM]: Connection[id: 3a29a20e-8b3e-4a57-bf22-032a64d1eb2a] - failed during authentication. Error: AxiosError: read ECONNRESET\\n    at AxiosError.from (C:\\\\rezeptlogik-app\\\\functions\\\\node_modules\\\\axios\\\\dist\\\\node\\\\axios.cjs:1248:24)\\n    at RedirectableRequest.handleRequestError (C:\\\\rezeptlogik-app\\\\functions\\\\node_modules\\\\axios\\\\dist\\\\node\\\\axios.cjs:3611:25)\\n    at RedirectableRequest.emit (node:events:520:35)\\n    at eventHandlers.<computed> (C:\\\\rezeptlogik-app\\\\functions\\\\node_modules\\\\follow-redirects\\\\index.js:5\"}\r"}}
>  {"level":"ERROR","message":"[6:14:39.072 PM]: Connection[id: 3a29a20e-8b3e-4a57-bf22-032a64d1eb2a] - connection failed after 70118.32 milliseconds. Error: read ECONNRESET"} {"user":{"level":"ERROR","message":"[6:14:39.072 PM]: Connection[id: 3a29a20e-8b3e-4a57-bf22-032a64d1eb2a] - connection failed after 70118.32 milliseconds. Error: read ECONNRESET"},"metadata":{"emulator":{"name":"functions"},"function":{"name":"europe-west3-wmsLive"},"extension":{},"message":"\u001b[90m> \u001b[39m {\"level\":\"ERROR\",\"message\":\"[6:14:39.072 PM]: Connection[id: 3a29a20e-8b3e-4a57-bf22-032a64d1eb2a] - connection failed after 70118.32 milliseconds. Error: read ECONNRESET\"}\r"}}
>  {"severity":"ERROR","message":"wmsLive failed AxiosError: read ECONNRESET\n    at AxiosError.from (C:\\rezeptlogik-app\\functions\\node_modules\\axios\\dist\\node\\axios.cjs:1248:24)\n    at RedirectableRequest.handleRequestError (C:\\rezeptlogik-app\\functions\\node_modules\\axios\\dist\\node\\axios.cjs:3611:25)\n    at RedirectableRequest.emit (node:events:520:35)\n    at eventHandlers.<computed> (C:\\rezeptlogik-app\\functions\\node_modules\\follow-redirects\\index.js:56:24)\n    at ClientRequest.emit (node:events:508:28)\n    at emitErrorEvent (node:_http_client:108:11)\n    at TLSSocket.socketErrorListener (node:_http_client:575:5)\n    at TLSSocket.emit (node:events:520:35)\n    at emitErrorNT (node:internal/streams/destroy:170:8)\n    at emitErrorCloseNT (node:internal/streams/destroy:129:3)\n    at Axios.request (C:\\rezeptlogik-app\\functions\\node_modules\\axios\\dist\\node\\axios.cjs:4871:41)\n    at process.processTicksAndRejections (node:internal/process/task_queues:103:5)\n    at async HttpClient.requestAsync (C:\\rezeptlogik-app\\functions\\node_modules\\snowflake-sdk\\dist\\lib\\http\\base.js:102:26)\n    at async openBrowserAndCollectTokens (C:\\rezeptlogik-app\\functions\\node_modules\\snowflake-sdk\\dist\\lib\\authentication\\auth_web.js:85:33) {\n  isAxiosError: true,\n  code: 'ECONNRESET',\n  config: undefined,\n  request: undefined,\n  cause: Error: read ECONNRESET\n      at TLSWrap.onStreamRead (node:internal/stream_base_commons:216:20) {\n    errno: -4077,\n    code: 'ECONNRESET',\n    syscall: 'read'\n  }\n}"} {"user":{"severity":"ERROR","message":"wmsLive failed AxiosError: read ECONNRESET\n    at AxiosError.from (C:\\rezeptlogik-app\\functions\\node_modules\\axios\\dist\\node\\axios.cjs:1248:24)\n    at RedirectableRequest.handleRequestError (C:\\rezeptlogik-app\\functions\\node_modules\\axios\\dist\\node\\axios.cjs:3611:25)\n    at RedirectableRequest.emit (node:events:520:35)\n    at eventHandlers.<computed> (C:\\rezeptlogik-app\\functions\\node_modules\\follow-redirects\\index.js:56:24)\n    at ClientRequest.emit (node:events:508:28)\n    at emitErrorEvent (node:_http_client:108:11)\n    at TLSSocket.socketErrorListener (node:_http_client:575:5)\n    at TLSSocket.emit (node:events:520:35)\n    at emitErrorNT (node:internal/streams/destroy:170:8)\n    at emitErrorCloseNT (node:internal/streams/destroy:129:3)\n    at Axios.request (C:\\rezeptlogik-app\\functions\\node_modules\\axios\\dist\\node\\axios.cjs:4871:41)\n    at process.processTicksAndRejections (node:internal/process/task_queues:103:5)\n    at async HttpClient.requestAsync (C:\\rezeptlogik-app\\functions\\node_modules\\snowflake-sdk\\dist\\lib\\http\\base.js:102:26)\n    at async openBrowserAndCollectTokens (C:\\rezeptlogik-app\\functions\\node_modules\\snowflake-sdk\\dist\\lib\\authentication\\auth_web.js:85:33) {\n  isAxiosError: true,\n  code: 'ECONNRESET',\n  config: undefined,\n  request: undefined,\n  cause: Error: read ECONNRESET\n      at TLSWrap.onStreamRead (node:internal/stream_base_commons:216:20) {\n    errno: -4077,\n    code: 'ECONNRESET',\n    syscall: 'read'\n  }\n}"},"metadata":{"emulator":{"name":"functions"},"function":{"name":"europe-west3-wmsLive"},"extension":{},"message":"\u001b[90m> \u001b[39m {\"severity\":\"ERROR\",\"message\":\"wmsLive failed AxiosError: read ECONNRESET\\n    at AxiosError.from (C:\\\\rezeptlogik-app\\\\functions\\\\node_modules\\\\axios\\\\dist\\\\node\\\\axios.cjs:1248:24)\\n    at RedirectableRequest.handleRequestError (C:\\\\rezeptlogik-app\\\\functions\\\\node_modules\\\\axios\\\\dist\\\\node\\\\axios.cjs:3611:25)\\n    at RedirectableRequest.emit (node:events:520:35)\\n    at eventHandlers.<computed> (C:\\\\rezeptlogik-app\\\\functions\\\\node_modules\\\\follow-redirects\\\\index.js:56:24)\\n    at ClientRequest.emit (node:events:508:28)\\n    at emitErrorEvent (node:_http_client:108:11)\\n    at TLSSocket.socketErrorListener (node:_http_client:575:5)\\n    at TLSSocket.emit (node:events:520:35)\\n    at emitErrorNT (node:internal/streams/destroy:170:8)\\n    at emitErrorCloseNT (node:internal/streams/destroy:129:3)\\n    at Axios.request (C:\\\\rezeptlogik-app\\\\functions\\\\node_modules\\\\axios\\\\dist\\\\node\\\\axios.cjs:4871:41)\\n    at process.processTicksAndRejections (node:internal/process/task_queues:103:5)\\n    at async HttpClient.requestAsync (C:\\\\rezeptlogik-app\\\\functions\\\\node_modules\\\\snowflake-sdk\\\\dist\\\\lib\\\\http\\\\base.js:102:26)\\n    at async openBrowserAndCollectTokens (C:\\\\rezeptlogik-app\\\\functions\\\\node_modules\\\\snowflake-sdk\\\\dist\\\\lib\\\\authentication\\\\auth_web.js:85:33) {\\n  isAxiosError: true,\\n  code: 'ECONNRESET',\\n  config: undefined,\\n  request: undefined,\\n  cause: Error: read ECONNRESET\\n      at TLSWrap.onStreamRead (node:internal/stream_base_commons:216:20) {\\n    errno: -4077,\\n    code: 'ECONNRESET',\\n    syscall: 'read'\\n  }\\n}\"}"}}
[2026-05-12T18:14:39.076Z] Finishing up request with event=pause {"metadata":{"emulator":{"name":"functions"},"function":{"name":"europe-west3-wmsLive"},"extension":{},"message":"Finishing up request with event=pause"}}
i  functions: Finished "europe-west3-wmsLive" in 70127.4874ms {"metadata":{"emulator":{"name":"functions"},"function":{"name":"europe-west3-wmsLive"},"extension":{},"message":"Finished \"europe-west3-wmsLive\" in 70127.4874ms"}}
[2026-05-12T18:14:39.076Z] [worker-europe-west3-wmsLive-0fe6ba51-ce4f-418a-be97-fa136bfdf05a]: IDLE {"metadata":{"emulator":{"name":"functions"},"function":{"name":"europe-west3-wmsLive"},"extension":{},"message":"[worker-europe-west3-wmsLive-0fe6ba51-ce4f-418a-be97-fa136bfdf05a]: IDLE"}}
[2026-05-12T18:14:39.076Z] Finishing up request with event=finish {"metadata":{"emulator":{"name":"functions"},"function":{"name":"europe-west3-wmsLive"},"extension":{},"message":"Finishing up request with event=finish"}}
[2026-05-12T18:14:39.077Z] Finishing up request with event=close {"metadata":{"emulator":{"name":"functions"},"function":{"name":"europe-west3-wmsLive"},"extension":{},"message":"Finishing up request with event=close"}}
[2026-05-12T18:14:39.077Z] [work-queue] {"queuedWork":[],"queueLength":0,"runningWork":["/hellofresh-de-problem-solve/europe-west3/refreshRampUp-2026-05-12T18:14:38.410Z","/hellofresh-de-problem-solve/europe-west3/refreshRampUp-2026-05-12T18:14:38.416Z"],"workRunningCount":2}
[2026-05-12T18:14:39.821Z] Finishing up request with event=pause {"metadata":{"emulator":{"name":"functions"},"function":{"name":"europe-west3-refreshRampUp"},"extension":{},"message":"Finishing up request with event=pause"}}
i  functions: Finished "europe-west3-refreshRampUp" in 1402.3413ms {"metadata":{"emulator":{"name":"functions"},"function":{"name":"europe-west3-refreshRampUp"},"extension":{},"message":"Finished \"europe-west3-refreshRampUp\" in 1402.3413ms"}}
[2026-05-12T18:14:39.822Z] [worker-europe-west3-refreshRampUp-0676dcda-ee03-494d-aa9a-04cb401f5993]: IDLE {"metadata":{"emulator":{"name":"functions"},"function":{"name":"europe-west3-refreshRampUp"},"extension":{},"message":"[worker-europe-west3-refreshRampUp-0676dcda-ee03-494d-aa9a-04cb401f5993]: IDLE"}}
[2026-05-12T18:14:39.823Z] Finishing up request with event=finish {"metadata":{"emulator":{"name":"functions"},"function":{"name":"europe-west3-refreshRampUp"},"extension":{},"message":"Finishing up request with event=finish"}}
[2026-05-12T18:14:39.823Z] Finishing up request with event=close {"metadata":{"emulator":{"name":"functions"},"function":{"name":"europe-west3-refreshRampUp"},"extension":{},"message":"Finishing up request with event=close"}}
[2026-05-12T18:14:39.824Z] [work-queue] {"queuedWork":[],"queueLength":0,"runningWork":["/hellofresh-de-problem-solve/europe-west3/refreshRampUp-2026-05-12T18:14:38.410Z"],"workRunningCount":1}
[2026-05-12T18:14:39.840Z] Finishing up request with event=pause {"metadata":{"emulator":{"name":"functions"},"function":{"name":"europe-west3-refreshRampUp"},"extension":{},"message":"Finishing up request with event=pause"}}
i  functions: Finished "europe-west3-refreshRampUp" in 1424.7769ms {"metadata":{"emulator":{"name":"functions"},"function":{"name":"europe-west3-refreshRampUp"},"extension":{},"message":"Finished \"europe-west3-refreshRampUp\" in 1424.7769ms"}}
[2026-05-12T18:14:39.841Z] [worker-europe-west3-refreshRampUp-9ed66f30-3244-46a5-9300-fef970c317ab]: IDLE {"metadata":{"emulator":{"name":"functions"},"function":{"name":"europe-west3-refreshRampUp"},"extension":{},"message":"[worker-europe-west3-refreshRampUp-9ed66f30-3244-46a5-9300-fef970c317ab]: IDLE"}}
[2026-05-12T18:14:39.841Z] Finishing up request with event=finish {"metadata":{"emulator":{"name":"functions"},"function":{"name":"europe-west3-refreshRampUp"},"extension":{},"message":"Finishing up request with event=finish"}}
[2026-05-12T18:14:39.842Z] Finishing up request with event=close {"metadata":{"emulator":{"name":"functions"},"function":{"name":"europe-west3-refreshRampUp"},"extension":{},"message":"Finishing up request with event=close"}}
[2026-05-12T18:14:39.842Z] [work-queue] {"queuedWork":[],"queueLength":0,"runningWork":[],"workRunningCount":0}
[2026-05-12T18:14:50.232Z] [work-queue] {"queuedWork":["/hellofresh-de-problem-solve/europe-west3/wmsLive-2026-05-12T18:14:50.232Z"],"queueLength":1,"runningWork":[],"workRunningCount":0}
[2026-05-12T18:14:50.233Z] [work-queue] {"queuedWork":[],"queueLength":0,"runningWork":["/hellofresh-de-problem-solve/europe-west3/wmsLive-2026-05-12T18:14:50.232Z"],"workRunningCount":1}
[2026-05-12T18:14:50.233Z] Accepted request GET /hellofresh-de-problem-solve/europe-west3/wmsLive?week=2026-W17 --> europe-west3-wmsLive
[2026-05-12T18:14:50.236Z] [functions] Runtime ready! Sending request! {"metadata":{"emulator":{"name":"functions"},"message":"[functions] Runtime ready! Sending request!"}}
[2026-05-12T18:14:50.237Z] [functions] Got req.url=/hellofresh-de-problem-solve/europe-west3/wmsLive?week=2026-W17, mapping to path=/?week=2026-W17 {"metadata":{"emulator":{"name":"functions"},"message":"[functions] Got req.url=/hellofresh-de-problem-solve/europe-west3/wmsLive?week=2026-W17, mapping to path=/?week=2026-W17"}}
[2026-05-12T18:14:50.238Z] [worker-pool] submitRequest(triggerId=europe-west3-wmsLive) {"metadata":{"emulator":{"name":"functions"},"message":"[worker-pool] submitRequest(triggerId=europe-west3-wmsLive)"}}
i  functions: Beginning execution of "europe-west3-wmsLive" {"metadata":{"emulator":{"name":"functions"},"function":{"name":"europe-west3-wmsLive"},"extension":{},"message":"Beginning execution of \"europe-west3-wmsLive\""}}
[2026-05-12T18:14:50.239Z] [worker-europe-west3-wmsLive-0fe6ba51-ce4f-418a-be97-fa136bfdf05a]: BUSY {"metadata":{"emulator":{"name":"functions"},"function":{"name":"europe-west3-wmsLive"},"extension":{},"message":"[worker-europe-west3-wmsLive-0fe6ba51-ce4f-418a-be97-fa136bfdf05a]: BUSY"}}
>  {"level":"INFO","message":"[6:14:50.241 PM]: Creating new connection object"} {"user":{"level":"INFO","message":"[6:14:50.241 PM]: Creating new connection object"},"metadata":{"emulator":{"name":"functions"},"function":{"name":"europe-west3-wmsLive"},"extension":{},"message":"\u001b[90m> \u001b[39m {\"level\":\"INFO\",\"message\":\"[6:14:50.241 PM]: Creating new connection object\"}\r"}}
>  {"level":"INFO","message":"[6:14:50.242 PM]: Creating Connection[id: d3a52816-ff26-42fc-b5fd-67872d83f411] with host: XG02811-OO69432.snowflakecomputing.com, account: XG02811-OO69432, accessUrl: https://XG02811-OO69432.snowflakecomputing.com, user: MARCEL.SPINDLER@HELLOFRESH.DE, role: US_OPS_ANALYTICS_USER, database: US_OPS_ANALYTICS, schema: HIGHJUMP, warehouse: US_OPS_ANALYTICS, proxy was not configured, password is not provided, region: undefined, authenticator: EXTERNALBROWSER, ocsp mode: FAIL_OPEN, os: win32, os version: 10.0.26100"} {"user":{"level":"INFO","message":"[6:14:50.242 PM]: Creating Connection[id: d3a52816-ff26-42fc-b5fd-67872d83f411] with host: XG02811-OO69432.snowflakecomputing.com, account: XG02811-OO69432, accessUrl: https://XG02811-OO69432.snowflakecomputing.com, user: MARCEL.SPINDLER@HELLOFRESH.DE, role: US_OPS_ANALYTICS_USER, database: US_OPS_ANALYTICS, schema: HIGHJUMP, warehouse: US_OPS_ANALYTICS, proxy was not configured, password is not provided, region: undefined, authenticator: EXTERNALBROWSER, ocsp mode: FAIL_OPEN, os: win32, os version: 10.0.26100"},"metadata":{"emulator":{"name":"functions"},"function":{"name":"europe-west3-wmsLive"},"extension":{},"message":"\u001b[90m> \u001b[39m {\"level\":\"INFO\",\"message\":\"[6:14:50.242 PM]: Creating Connection[id: d3a52816-ff26-42fc-b5fd-67872d83f411] with host: XG02811-OO69432.snowflakecomputing.com, account: XG02811-OO69432, accessUrl: https://XG02811-OO69432.snowflakecomputing.com, user: MARCEL.SPINDLER@HELLOFRESH.DE, role: US_OPS_ANALYTICS_USER, database: US_OPS_ANALYTICS, schema: HIGHJUMP, warehouse: US_OPS_ANALYTICS, proxy was not configured, password is not provided, region: undefined, authenticator: EXTERNALBROWSER, ocsp mode: FAIL_OPEN, os: win32, os version: 10.0.26100\"}\r"}}
>  {"level":"INFO","message":"[6:14:50.243 PM]: Connection[id: d3a52816-ff26-42fc-b5fd-67872d83f411] additional details: passcode in password is provided, passcode is not provided, private key is not provided, application: rezeptlogik_wms_live, client name: snowflake-sdk, client version: 2.4.1, retry timeout: 300, private key path: undefined, private key pass is not provided, client store temporary credential: false, browser response timeout: 120000"} {"user":{"level":"INFO","message":"[6:14:50.243 PM]: Connection[id: d3a52816-ff26-42fc-b5fd-67872d83f411] additional details: passcode in password is provided, passcode is not provided, private key is not provided, application: rezeptlogik_wms_live, client name: snowflake-sdk, client version: 2.4.1, retry timeout: 300, private key path: undefined, private key pass is not provided, client store temporary credential: false, browser response timeout: 120000"},"metadata":{"emulator":{"name":"functions"},"function":{"name":"europe-west3-wmsLive"},"extension":{},"message":"\u001b[90m> \u001b[39m {\"level\":\"INFO\",\"message\":\"[6:14:50.243 PM]: Connection[id: d3a52816-ff26-42fc-b5fd-67872d83f411] additional details: passcode in password is provided, passcode is not provided, private key is not provided, application: rezeptlogik_wms_live, client name: snowflake-sdk, client version: 2.4.1, retry timeout: 300, private key path: undefined, private key pass is not provided, client store temporary credential: false, browser response timeout: 120000\"}\r"}}
>  {"level":"INFO","message":"[6:14:50.243 PM]: Connection[id: d3a52816-ff26-42fc-b5fd-67872d83f411] - connection object created successfully."} {"user":{"level":"INFO","message":"[6:14:50.243 PM]: Connection[id: d3a52816-ff26-42fc-b5fd-67872d83f411] - connection object created successfully."},"metadata":{"emulator":{"name":"functions"},"function":{"name":"europe-west3-wmsLive"},"extension":{},"message":"\u001b[90m> \u001b[39m {\"level\":\"INFO\",\"message\":\"[6:14:50.243 PM]: Connection[id: d3a52816-ff26-42fc-b5fd-67872d83f411] - connection object created successfully.\"}\r"}}
>  {"level":"INFO","message":"[6:14:50.243 PM]: Connection[id: d3a52816-ff26-42fc-b5fd-67872d83f411] - async connecting. Associated Snowflake domain: GLOBAL"} {"user":{"level":"INFO","message":"[6:14:50.243 PM]: Connection[id: d3a52816-ff26-42fc-b5fd-67872d83f411] - async connecting. Associated Snowflake domain: GLOBAL"},"metadata":{"emulator":{"name":"functions"},"function":{"name":"europe-west3-wmsLive"},"extension":{},"message":"\u001b[90m> \u001b[39m {\"level\":\"INFO\",\"message\":\"[6:14:50.243 PM]: Connection[id: d3a52816-ff26-42fc-b5fd-67872d83f411] - async connecting. Associated Snowflake domain: GLOBAL\"}\r"}}
[2026-05-12T18:15:00.462Z] [work-queue] {"queuedWork":["/hellofresh-de-problem-solve/europe-west3/refreshRampUp-2026-05-12T18:15:00.462Z"],"queueLength":1,"runningWork":["/hellofresh-de-problem-solve/europe-west3/wmsLive-2026-05-12T18:14:50.232Z"],"workRunningCount":1}
[2026-05-12T18:15:00.463Z] [work-queue] {"queuedWork":[],"queueLength":0,"runningWork":["/hellofresh-de-problem-solve/europe-west3/wmsLive-2026-05-12T18:14:50.232Z","/hellofresh-de-problem-solve/europe-west3/refreshRampUp-2026-05-12T18:15:00.462Z"],"workRunningCount":2}
[2026-05-12T18:15:00.464Z] Accepted request POST /hellofresh-de-problem-solve/europe-west3/refreshRampUp --> europe-west3-refreshRampUp
[2026-05-12T18:15:00.466Z] [functions] Runtime ready! Sending request! {"metadata":{"emulator":{"name":"functions"},"message":"[functions] Runtime ready! Sending request!"}}
[2026-05-12T18:15:00.467Z] [functions] Got req.url=/hellofresh-de-problem-solve/europe-west3/refreshRampUp, mapping to path=/ {"metadata":{"emulator":{"name":"functions"},"message":"[functions] Got req.url=/hellofresh-de-problem-solve/europe-west3/refreshRampUp, mapping to path=/"}}
[2026-05-12T18:15:00.467Z] [worker-pool] submitRequest(triggerId=europe-west3-refreshRampUp) {"metadata":{"emulator":{"name":"functions"},"message":"[worker-pool] submitRequest(triggerId=europe-west3-refreshRampUp)"}}
i  functions: Beginning execution of "europe-west3-refreshRampUp" {"metadata":{"emulator":{"name":"functions"},"function":{"name":"europe-west3-refreshRampUp"},"extension":{},"message":"Beginning execution of \"europe-west3-refreshRampUp\""}}
[2026-05-12T18:15:00.468Z] [worker-europe-west3-refreshRampUp-9ed66f30-3244-46a5-9300-fef970c317ab]: BUSY {"metadata":{"emulator":{"name":"functions"},"function":{"name":"europe-west3-refreshRampUp"},"extension":{},"message":"[worker-europe-west3-refreshRampUp-9ed66f30-3244-46a5-9300-fef970c317ab]: BUSY"}}
[2026-05-12T18:15:00.470Z] [work-queue] {"queuedWork":["/hellofresh-de-problem-solve/europe-west3/refreshRampUp-2026-05-12T18:15:00.470Z"],"queueLength":1,"runningWork":["/hellofresh-de-problem-solve/europe-west3/wmsLive-2026-05-12T18:14:50.232Z","/hellofresh-de-problem-solve/europe-west3/refreshRampUp-2026-05-12T18:15:00.462Z"],"workRunningCount":2}
[2026-05-12T18:15:00.470Z] [work-queue] {"queuedWork":[],"queueLength":0,"runningWork":["/hellofresh-de-problem-solve/europe-west3/wmsLive-2026-05-12T18:14:50.232Z","/hellofresh-de-problem-solve/europe-west3/refreshRampUp-2026-05-12T18:15:00.462Z","/hellofresh-de-problem-solve/europe-west3/refreshRampUp-2026-05-12T18:15:00.470Z"],"workRunningCount":3}
[2026-05-12T18:15:00.471Z] Accepted request POST /hellofresh-de-problem-solve/europe-west3/refreshRampUp --> europe-west3-refreshRampUp
[2026-05-12T18:15:00.476Z] [functions] Runtime ready! Sending request! {"metadata":{"emulator":{"name":"functions"},"message":"[functions] Runtime ready! Sending request!"}}
[2026-05-12T18:15:00.478Z] [functions] Got req.url=/hellofresh-de-problem-solve/europe-west3/refreshRampUp, mapping to path=/ {"metadata":{"emulator":{"name":"functions"},"message":"[functions] Got req.url=/hellofresh-de-problem-solve/europe-west3/refreshRampUp, mapping to path=/"}}
[2026-05-12T18:15:00.478Z] [worker-pool] submitRequest(triggerId=europe-west3-refreshRampUp) {"metadata":{"emulator":{"name":"functions"},"message":"[worker-pool] submitRequest(triggerId=europe-west3-refreshRampUp)"}}
i  functions: Beginning execution of "europe-west3-refreshRampUp" {"metadata":{"emulator":{"name":"functions"},"function":{"name":"europe-west3-refreshRampUp"},"extension":{},"message":"Beginning execution of \"europe-west3-refreshRampUp\""}}
[2026-05-12T18:15:00.479Z] [worker-europe-west3-refreshRampUp-0676dcda-ee03-494d-aa9a-04cb401f5993]: BUSY {"metadata":{"emulator":{"name":"functions"},"function":{"name":"europe-west3-refreshRampUp"},"extension":{},"message":"[worker-europe-west3-refreshRampUp-0676dcda-ee03-494d-aa9a-04cb401f5993]: BUSY"}}
[2026-05-12T18:15:00.571Z] Finishing up request with event=pause {"metadata":{"emulator":{"name":"functions"},"function":{"name":"europe-west3-refreshRampUp"},"extension":{},"message":"Finishing up request with event=pause"}}
i  functions: Finished "europe-west3-refreshRampUp" in 104.1602ms {"metadata":{"emulator":{"name":"functions"},"function":{"name":"europe-west3-refreshRampUp"},"extension":{},"message":"Finished \"europe-west3-refreshRampUp\" in 104.1602ms"}}
[2026-05-12T18:15:00.573Z] [worker-europe-west3-refreshRampUp-9ed66f30-3244-46a5-9300-fef970c317ab]: IDLE {"metadata":{"emulator":{"name":"functions"},"function":{"name":"europe-west3-refreshRampUp"},"extension":{},"message":"[worker-europe-west3-refreshRampUp-9ed66f30-3244-46a5-9300-fef970c317ab]: IDLE"}}
[2026-05-12T18:15:00.574Z] Finishing up request with event=finish {"metadata":{"emulator":{"name":"functions"},"function":{"name":"europe-west3-refreshRampUp"},"extension":{},"message":"Finishing up request with event=finish"}}
[2026-05-12T18:15:00.574Z] Finishing up request with event=close {"metadata":{"emulator":{"name":"functions"},"function":{"name":"europe-west3-refreshRampUp"},"extension":{},"message":"Finishing up request with event=close"}}
[2026-05-12T18:15:00.575Z] [work-queue] {"queuedWork":[],"queueLength":0,"runningWork":["/hellofresh-de-problem-solve/europe-west3/wmsLive-2026-05-12T18:14:50.232Z","/hellofresh-de-problem-solve/europe-west3/refreshRampUp-2026-05-12T18:15:00.470Z"],"workRunningCount":2}
[2026-05-12T18:15:00.577Z] Finishing up request with event=pause {"metadata":{"emulator":{"name":"functions"},"function":{"name":"europe-west3-refreshRampUp"},"extension":{},"message":"Finishing up request with event=pause"}}
i  functions: Finished "europe-west3-refreshRampUp" in 98.0288ms {"metadata":{"emulator":{"name":"functions"},"function":{"name":"europe-west3-refreshRampUp"},"extension":{},"message":"Finished \"europe-west3-refreshRampUp\" in 98.0288ms"}}
[2026-05-12T18:15:00.578Z] [worker-europe-west3-refreshRampUp-0676dcda-ee03-494d-aa9a-04cb401f5993]: IDLE {"metadata":{"emulator":{"name":"functions"},"function":{"name":"europe-west3-refreshRampUp"},"extension":{},"message":"[worker-europe-west3-refreshRampUp-0676dcda-ee03-494d-aa9a-04cb401f5993]: IDLE"}}
[2026-05-12T18:15:00.578Z] Finishing up request with event=finish {"metadata":{"emulator":{"name":"functions"},"function":{"name":"europe-west3-refreshRampUp"},"extension":{},"message":"Finishing up request with event=finish"}}
[2026-05-12T18:15:00.578Z] Finishing up request with event=close {"metadata":{"emulator":{"name":"functions"},"function":{"name":"europe-west3-refreshRampUp"},"extension":{},"message":"Finishing up request with event=close"}}
[2026-05-12T18:15:00.579Z] [work-queue] {"queuedWork":[],"queueLength":0,"runningWork":["/hellofresh-de-problem-solve/europe-west3/wmsLive-2026-05-12T18:14:50.232Z"],"workRunningCount":1}
[2026-05-12T18:15:11.130Z] [work-queue] {"queuedWork":["/hellofresh-de-problem-solve/europe-west3/wmsLive-2026-05-12T18:15:11.130Z"],"queueLength":1,"runningWork":["/hellofresh-de-problem-solve/europe-west3/wmsLive-2026-05-12T18:14:50.232Z"],"workRunningCount":1}
[2026-05-12T18:15:11.132Z] [work-queue] {"queuedWork":[],"queueLength":0,"runningWork":["/hellofresh-de-problem-solve/europe-west3/wmsLive-2026-05-12T18:14:50.232Z","/hellofresh-de-problem-solve/europe-west3/wmsLive-2026-05-12T18:15:11.130Z"],"workRunningCount":2}
[2026-05-12T18:15:11.132Z] Accepted request GET /hellofresh-de-problem-solve/europe-west3/wmsLive?week=2026-W17 --> europe-west3-wmsLive
[2026-05-12T18:15:11.135Z] [functions] Runtime ready! Sending request! {"metadata":{"emulator":{"name":"functions"},"message":"[functions] Runtime ready! Sending request!"}}
[2026-05-12T18:15:11.135Z] [functions] Got req.url=/hellofresh-de-problem-solve/europe-west3/wmsLive?week=2026-W17, mapping to path=/?week=2026-W17 {"metadata":{"emulator":{"name":"functions"},"message":"[functions] Got req.url=/hellofresh-de-problem-solve/europe-west3/wmsLive?week=2026-W17, mapping to path=/?week=2026-W17"}}
i  functions: Loaded environment variables from .env. 
[2026-05-12T18:15:11.163Z] [worker-pool] addWorker(europe-west3-wmsLive) {"metadata":{"emulator":{"name":"functions"},"message":"[worker-pool] addWorker(europe-west3-wmsLive)"}}
[2026-05-12T18:15:11.164Z] [worker-pool] Adding worker with key europe-west3-wmsLive, total=2 {"metadata":{"emulator":{"name":"functions"},"message":"[worker-pool] Adding worker with key europe-west3-wmsLive, total=2"}}
[2026-05-12T18:15:12.417Z] [runtime-status] [2332] Resolved module firebase-admin {"declared":true,"installed":true,"version":"13.8.0","resolution":"C:\\rezeptlogik-app\\functions\\node_modules\\firebase-admin\\lib\\index.js"} {"metadata":{"emulator":{"name":"functions"},"function":{"name":"europe-west3-wmsLive"},"extension":{},"message":"[runtime-status] [2332] Resolved module firebase-admin {\"declared\":true,\"installed\":true,\"version\":\"13.8.0\",\"resolution\":\"C:\\\\rezeptlogik-app\\\\functions\\\\node_modules\\\\firebase-admin\\\\lib\\\\index.js\"}"}}
[2026-05-12T18:15:12.418Z] [runtime-status] [2332] Resolved module firebase-functions {"declared":true,"installed":true,"version":"6.6.0","resolution":"C:\\rezeptlogik-app\\functions\\node_modules\\firebase-functions\\lib\\v2\\index.js"} {"metadata":{"emulator":{"name":"functions"},"function":{"name":"europe-west3-wmsLive"},"extension":{},"message":"[runtime-status] [2332] Resolved module firebase-functions {\"declared\":true,\"installed\":true,\"version\":\"6.6.0\",\"resolution\":\"C:\\\\rezeptlogik-app\\\\functions\\\\node_modules\\\\firebase-functions\\\\lib\\\\v2\\\\index.js\"}"}}
[2026-05-12T18:15:12.419Z] [runtime-status] [2332] Outgoing network have been stubbed. [{"name":"http","status":"mocked"},{"name":"http","status":"mocked"},{"name":"https","status":"mocked"},{"name":"https","status":"mocked"},{"name":"net","status":"mocked"}] {"metadata":{"emulator":{"name":"functions"},"function":{"name":"europe-west3-wmsLive"},"extension":{},"message":"[runtime-status] [2332] Outgoing network have been stubbed. [{\"name\":\"http\",\"status\":\"mocked\"},{\"name\":\"http\",\"status\":\"mocked\"},{\"name\":\"https\",\"status\":\"mocked\"},{\"name\":\"https\",\"status\":\"mocked\"},{\"name\":\"net\",\"status\":\"mocked\"}]"}}
[2026-05-12T18:15:12.421Z] [runtime-status] [2332] Resolved module firebase-functions {"declared":true,"installed":true,"version":"6.6.0","resolution":"C:\\rezeptlogik-app\\functions\\node_modules\\firebase-functions\\lib\\v2\\index.js"} {"metadata":{"emulator":{"name":"functions"},"function":{"name":"europe-west3-wmsLive"},"extension":{},"message":"[runtime-status] [2332] Resolved module firebase-functions {\"declared\":true,\"installed\":true,\"version\":\"6.6.0\",\"resolution\":\"C:\\\\rezeptlogik-app\\\\functions\\\\node_modules\\\\firebase-functions\\\\lib\\\\v2\\\\index.js\"}"}}
[2026-05-12T18:15:12.756Z] [runtime-status] [2332] Resolved module firebase-admin {"declared":true,"installed":true,"version":"13.8.0","resolution":"C:\\rezeptlogik-app\\functions\\node_modules\\firebase-admin\\lib\\index.js"} {"metadata":{"emulator":{"name":"functions"},"function":{"name":"europe-west3-wmsLive"},"extension":{},"message":"[runtime-status] [2332] Resolved module firebase-admin {\"declared\":true,\"installed\":true,\"version\":\"13.8.0\",\"resolution\":\"C:\\\\rezeptlogik-app\\\\functions\\\\node_modules\\\\firebase-admin\\\\lib\\\\index.js\"}"}}
[2026-05-12T18:15:12.757Z] [runtime-status] [2332] Resolved module firebase-functions {"declared":true,"installed":true,"version":"6.6.0","resolution":"C:\\rezeptlogik-app\\functions\\node_modules\\firebase-functions\\lib\\v2\\index.js"} {"metadata":{"emulator":{"name":"functions"},"function":{"name":"europe-west3-wmsLive"},"extension":{},"message":"[runtime-status] [2332] Resolved module firebase-functions {\"declared\":true,\"installed\":true,\"version\":\"6.6.0\",\"resolution\":\"C:\\\\rezeptlogik-app\\\\functions\\\\node_modules\\\\firebase-functions\\\\lib\\\\v2\\\\index.js\"}"}}
[2026-05-12T18:15:12.952Z] [runtime-status] [2332] firebase-admin has been stubbed. {"adminResolution":{"declared":true,"installed":true,"version":"13.8.0","resolution":"C:\\rezeptlogik-app\\functions\\node_modules\\firebase-admin\\lib\\index.js"}} {"metadata":{"emulator":{"name":"functions"},"function":{"name":"europe-west3-wmsLive"},"extension":{},"message":"[runtime-status] [2332] firebase-admin has been stubbed. {\"adminResolution\":{\"declared\":true,\"installed\":true,\"version\":\"13.8.0\",\"resolution\":\"C:\\\\rezeptlogik-app\\\\functions\\\\node_modules\\\\firebase-admin\\\\lib\\\\index.js\"}}"}}
!  External network resource requested!
   - URL: "http://169.254.169.254/latest/api/token"
 - Be careful, this may be a production service. {"metadata":{"emulator":{"name":"functions"},"function":{"name":"europe-west3-wmsLive"},"extension":{},"message":"External network resource requested!\n   - URL: \"http://169.254.169.254/latest/api/token\"\n - Be careful, this may be a production service."}}
!  External network resource requested!
   - URL: "http://169.254.169.254/metadata/instance?api-version=2021-02-01"
 - Be careful, this may be a production service. {"metadata":{"emulator":{"name":"functions"},"function":{"name":"europe-west3-wmsLive"},"extension":{},"message":"External network resource requested!\n   - URL: \"http://169.254.169.254/metadata/instance?api-version=2021-02-01\"\n - Be careful, this may be a production service."}}
!  External network resource requested!
   - URL: "http://169.254.169.254/metadata/identity/oauth2/token?api-version=2018-02-01&resource=https%3A%2F%2Fmanagement.azure.com"
 - Be careful, this may be a production service. {"metadata":{"emulator":{"name":"functions"},"function":{"name":"europe-west3-wmsLive"},"extension":{},"message":"External network resource requested!\n   - URL: \"http://169.254.169.254/metadata/identity/oauth2/token?api-version=2018-02-01&resource=https%3A%2F%2Fmanagement.azure.com\"\n - Be careful, this may be a production service."}}
!  External network resource requested!
   - URL: "http://metadata.google.internal"
 - Be careful, this may be a production service. {"metadata":{"emulator":{"name":"functions"},"function":{"name":"europe-west3-wmsLive"},"extension":{},"message":"External network resource requested!\n   - URL: \"http://metadata.google.internal\"\n - Be careful, this may be a production service."}}
!  External network resource requested!
   - URL: "http://metadata.google.internal/computeMetadata/v1/instance/service-accounts/default/email"
 - Be careful, this may be a production service. {"metadata":{"emulator":{"name":"functions"},"function":{"name":"europe-west3-wmsLive"},"extension":{},"message":"External network resource requested!\n   - URL: \"http://metadata.google.internal/computeMetadata/v1/instance/service-accounts/default/email\"\n - Be careful, this may be a production service."}}
[2026-05-12T18:15:15.673Z] [runtime-status] [2332] initializeApp(DEFAULT) {"storageBucket":"hellofresh-de-problem-solve.firebasestorage.app","projectId":"hellofresh-de-problem-solve"} {"metadata":{"emulator":{"name":"functions"},"function":{"name":"europe-west3-wmsLive"},"extension":{},"message":"[runtime-status] [2332] initializeApp(DEFAULT) {\"storageBucket\":\"hellofresh-de-problem-solve.firebasestorage.app\",\"projectId\":\"hellofresh-de-problem-solve\"}"}}
[2026-05-12T18:15:15.684Z] [runtime-status] [2332] Functions runtime initialized. {"cwd":"C:\\rezeptlogik-app\\functions","node_version":"24.11.1"} {"metadata":{"emulator":{"name":"functions"},"function":{"name":"europe-west3-wmsLive"},"extension":{},"message":"[runtime-status] [2332] Functions runtime initialized. {\"cwd\":\"C:\\\\rezeptlogik-app\\\\functions\",\"node_version\":\"24.11.1\"}"}}
[2026-05-12T18:15:15.687Z] [runtime-status] [2332] Listening to port: \\?\pipe\fire_emu_765ac3c2a22e2f64 {"metadata":{"emulator":{"name":"functions"},"function":{"name":"europe-west3-wmsLive"},"extension":{},"message":"[runtime-status] [2332] Listening to port: \\\\?\\pipe\\fire_emu_765ac3c2a22e2f64"}}
[2026-05-12T18:15:15.702Z] [worker-europe-west3-wmsLive-95400e4b-5771-4270-924d-98f2f1b45ad3]: IDLE {"metadata":{"emulator":{"name":"functions"},"function":{"name":"europe-west3-wmsLive"},"extension":{},"message":"[worker-europe-west3-wmsLive-95400e4b-5771-4270-924d-98f2f1b45ad3]: IDLE"}}
[2026-05-12T18:15:15.703Z] [worker-pool] submitRequest(triggerId=europe-west3-wmsLive) {"metadata":{"emulator":{"name":"functions"},"message":"[worker-pool] submitRequest(triggerId=europe-west3-wmsLive)"}}
i  functions: Beginning execution of "europe-west3-wmsLive" {"metadata":{"emulator":{"name":"functions"},"function":{"name":"europe-west3-wmsLive"},"extension":{},"message":"Beginning execution of \"europe-west3-wmsLive\""}}
[2026-05-12T18:15:15.704Z] [worker-europe-west3-wmsLive-95400e4b-5771-4270-924d-98f2f1b45ad3]: BUSY {"metadata":{"emulator":{"name":"functions"},"function":{"name":"europe-west3-wmsLive"},"extension":{},"message":"[worker-europe-west3-wmsLive-95400e4b-5771-4270-924d-98f2f1b45ad3]: BUSY"}}
>  {"level":"INFO","message":"[6:15:15.713 PM]: Creating new connection object"} {"user":{"level":"INFO","message":"[6:15:15.713 PM]: Creating new connection object"},"metadata":{"emulator":{"name":"functions"},"function":{"name":"europe-west3-wmsLive"},"extension":{},"message":"\u001b[90m> \u001b[39m {\"level\":\"INFO\",\"message\":\"[6:15:15.713 PM]: Creating new connection object\"}\r"}}
>  {"level":"INFO","message":"[6:15:15.750 PM]: Creating Connection[id: 5ab1daf6-1a1e-403e-bfb3-e94a292985c9] with host: XG02811-OO69432.snowflakecomputing.com, account: XG02811-OO69432, accessUrl: https://XG02811-OO69432.snowflakecomputing.com, user: MARCEL.SPINDLER@HELLOFRESH.DE, role: US_OPS_ANALYTICS_USER, database: US_OPS_ANALYTICS, schema: HIGHJUMP, warehouse: US_OPS_ANALYTICS, proxy was not configured, password is not provided, region: undefined, authenticator: EXTERNALBROWSER, ocsp mode: FAIL_OPEN, os: win32, os version: 10.0.26100"} {"user":{"level":"INFO","message":"[6:15:15.750 PM]: Creating Connection[id: 5ab1daf6-1a1e-403e-bfb3-e94a292985c9] with host: XG02811-OO69432.snowflakecomputing.com, account: XG02811-OO69432, accessUrl: https://XG02811-OO69432.snowflakecomputing.com, user: MARCEL.SPINDLER@HELLOFRESH.DE, role: US_OPS_ANALYTICS_USER, database: US_OPS_ANALYTICS, schema: HIGHJUMP, warehouse: US_OPS_ANALYTICS, proxy was not configured, password is not provided, region: undefined, authenticator: EXTERNALBROWSER, ocsp mode: FAIL_OPEN, os: win32, os version: 10.0.26100"},"metadata":{"emulator":{"name":"functions"},"function":{"name":"europe-west3-wmsLive"},"extension":{},"message":"\u001b[90m> \u001b[39m {\"level\":\"INFO\",\"message\":\"[6:15:15.750 PM]: Creating Connection[id: 5ab1daf6-1a1e-403e-bfb3-e94a292985c9] with host: XG02811-OO69432.snowflakecomputing.com, account: XG02811-OO69432, accessUrl: https://XG02811-OO69432.snowflakecomputing.com, user: MARCEL.SPINDLER@HELLOFRESH.DE, role: US_OPS_ANALYTICS_USER, database: US_OPS_ANALYTICS, schema: HIGHJUMP, warehouse: US_OPS_ANALYTICS, proxy was not configured, password is not provided, region: undefined, authenticator: EXTERNALBROWSER, ocsp mode: FAIL_OPEN, os: win32, os version: 10.0.26100\"}\r"}}
>  {"level":"INFO","message":"[6:15:15.750 PM]: Connection[id: 5ab1daf6-1a1e-403e-bfb3-e94a292985c9] additional details: passcode in password is provided, passcode is not provided, private key is not provided, application: rezeptlogik_wms_live, client name: snowflake-sdk, client version: 2.4.1, retry timeout: 300, private key path: undefined, private key pass is not provided, client store temporary credential: false, browser response timeout: 120000"} {"user":{"level":"INFO","message":"[6:15:15.750 PM]: Connection[id: 5ab1daf6-1a1e-403e-bfb3-e94a292985c9] additional details: passcode in password is provided, passcode is not provided, private key is not provided, application: rezeptlogik_wms_live, client name: snowflake-sdk, client version: 2.4.1, retry timeout: 300, private key path: undefined, private key pass is not provided, client store temporary credential: false, browser response timeout: 120000"},"metadata":{"emulator":{"name":"functions"},"function":{"name":"europe-west3-wmsLive"},"extension":{},"message":"\u001b[90m> \u001b[39m {\"level\":\"INFO\",\"message\":\"[6:15:15.750 PM]: Connection[id: 5ab1daf6-1a1e-403e-bfb3-e94a292985c9] additional details: passcode in password is provided, passcode is not provided, private key is not provided, application: rezeptlogik_wms_live, client name: snowflake-sdk, client version: 2.4.1, retry timeout: 300, private key path: undefined, private key pass is not provided, client store temporary credential: false, browser response timeout: 120000\"}\r"}}
>  {"level":"INFO","message":"[6:15:15.751 PM]: Connection[id: 5ab1daf6-1a1e-403e-bfb3-e94a292985c9] - connection object created successfully."} {"user":{"level":"INFO","message":"[6:15:15.751 PM]: Connection[id: 5ab1daf6-1a1e-403e-bfb3-e94a292985c9] - connection object created successfully."},"metadata":{"emulator":{"name":"functions"},"function":{"name":"europe-west3-wmsLive"},"extension":{},"message":"\u001b[90m> \u001b[39m {\"level\":\"INFO\",\"message\":\"[6:15:15.751 PM]: Connection[id: 5ab1daf6-1a1e-403e-bfb3-e94a292985c9] - connection object created successfully.\"}\r"}}
>  {"level":"INFO","message":"[6:15:15.751 PM]: Connection[id: 5ab1daf6-1a1e-403e-bfb3-e94a292985c9] - async connecting. Associated Snowflake domain: GLOBAL"} {"user":{"level":"INFO","message":"[6:15:15.751 PM]: Connection[id: 5ab1daf6-1a1e-403e-bfb3-e94a292985c9] - async connecting. Associated Snowflake domain: GLOBAL"},"metadata":{"emulator":{"name":"functions"},"function":{"name":"europe-west3-wmsLive"},"extension":{},"message":"\u001b[90m> \u001b[39m {\"level\":\"INFO\",\"message\":\"[6:15:15.751 PM]: Connection[id: 5ab1daf6-1a1e-403e-bfb3-e94a292985c9] - async connecting. Associated Snowflake domain: GLOBAL\"}\r"}}
>  {"level":"INFO","message":"[6:15:15.752 PM]: Trying to initialize Easy Logging"} {"user":{"level":"INFO","message":"[6:15:15.752 PM]: Trying to initialize Easy Logging"},"metadata":{"emulator":{"name":"functions"},"function":{"name":"europe-west3-wmsLive"},"extension":{},"message":"\u001b[90m> \u001b[39m {\"level\":\"INFO\",\"message\":\"[6:15:15.752 PM]: Trying to initialize Easy Logging\"}\r"}}
>  {"level":"INFO","message":"[6:15:15.754 PM]: No client config detected."} {"user":{"level":"INFO","message":"[6:15:15.754 PM]: No client config detected."},"metadata":{"emulator":{"name":"functions"},"function":{"name":"europe-west3-wmsLive"},"extension":{},"message":"\u001b[90m> \u001b[39m {\"level\":\"INFO\",\"message\":\"[6:15:15.754 PM]: No client config detected.\"}\r"}}
>  {"level":"INFO","message":"[6:15:15.755 PM]: No config file path found. Client config will not be used."} {"user":{"level":"INFO","message":"[6:15:15.755 PM]: No config file path found. Client config will not be used."},"metadata":{"emulator":{"name":"functions"},"function":{"name":"europe-west3-wmsLive"},"extension":{},"message":"\u001b[90m> \u001b[39m {\"level\":\"INFO\",\"message\":\"[6:15:15.755 PM]: No config file path found. Client config will not be used.\"}\r"}}
>  {"level":"INFO","message":"[6:15:15.755 PM]: Easy Logging is disabled as no config has been found"} {"user":{"level":"INFO","message":"[6:15:15.755 PM]: Easy Logging is disabled as no config has been found"},"metadata":{"emulator":{"name":"functions"},"function":{"name":"europe-west3-wmsLive"},"extension":{},"message":"\u001b[90m> \u001b[39m {\"level\":\"INFO\",\"message\":\"[6:15:15.755 PM]: Easy Logging is disabled as no config has been found\"}\r"}}
!  External network resource requested!
   - URL: "http://169.254.169.254/latest/dynamic/instance-identity/document"
 - Be careful, this may be a production service. {"metadata":{"emulator":{"name":"functions"},"function":{"name":"europe-west3-wmsLive"},"extension":{},"message":"External network resource requested!\n   - URL: \"http://169.254.169.254/latest/dynamic/instance-identity/document\"\n - Be careful, this may be a production service."}}
>  {"level":"INFO","message":"[6:15:20.367 PM]: Connection[id: 5ab1daf6-1a1e-403e-bfb3-e94a292985c9] - authentication successful using: EXTERNALBROWSER"} {"user":{"level":"INFO","message":"[6:15:20.367 PM]: Connection[id: 5ab1daf6-1a1e-403e-bfb3-e94a292985c9] - authentication successful using: EXTERNALBROWSER"},"metadata":{"emulator":{"name":"functions"},"function":{"name":"europe-west3-wmsLive"},"extension":{},"message":"\u001b[90m> \u001b[39m {\"level\":\"INFO\",\"message\":\"[6:15:20.367 PM]: Connection[id: 5ab1daf6-1a1e-403e-bfb3-e94a292985c9] - authentication successful using: EXTERNALBROWSER\"}\r"}}
>  {"level":"INFO","message":"[6:15:21.085 PM]: Connection[id: 5ab1daf6-1a1e-403e-bfb3-e94a292985c9] - connection established successfully after 5333.89 milliseconds"} {"user":{"level":"INFO","message":"[6:15:21.085 PM]: Connection[id: 5ab1daf6-1a1e-403e-bfb3-e94a292985c9] - connection established successfully after 5333.89 milliseconds"},"metadata":{"emulator":{"name":"functions"},"function":{"name":"europe-west3-wmsLive"},"extension":{},"message":"\u001b[90m> \u001b[39m {\"level\":\"INFO\",\"message\":\"[6:15:21.085 PM]: Connection[id: 5ab1daf6-1a1e-403e-bfb3-e94a292985c9] - connection established successfully after 5333.89 milliseconds\"}\r"}}
>  {"level":"INFO","message":"[6:15:22.138 PM]: Connection[id: d3a52816-ff26-42fc-b5fd-67872d83f411] - authentication successful using: EXTERNALBROWSER"} {"user":{"level":"INFO","message":"[6:15:22.138 PM]: Connection[id: d3a52816-ff26-42fc-b5fd-67872d83f411] - authentication successful using: EXTERNALBROWSER"},"metadata":{"emulator":{"name":"functions"},"function":{"name":"europe-west3-wmsLive"},"extension":{},"message":"\u001b[90m> \u001b[39m {\"level\":\"INFO\",\"message\":\"[6:15:22.138 PM]: Connection[id: d3a52816-ff26-42fc-b5fd-67872d83f411] - authentication successful using: EXTERNALBROWSER\"}\r"}}
[2026-05-12T18:15:22.887Z] Finishing up request with event=pause {"metadata":{"emulator":{"name":"functions"},"function":{"name":"europe-west3-wmsLive"},"extension":{},"message":"Finishing up request with event=pause"}}
i  functions: Finished "europe-west3-wmsLive" in 7184.1007ms {"metadata":{"emulator":{"name":"functions"},"function":{"name":"europe-west3-wmsLive"},"extension":{},"message":"Finished \"europe-west3-wmsLive\" in 7184.1007ms"}}
[2026-05-12T18:15:22.889Z] [worker-europe-west3-wmsLive-95400e4b-5771-4270-924d-98f2f1b45ad3]: IDLE {"metadata":{"emulator":{"name":"functions"},"function":{"name":"europe-west3-wmsLive"},"extension":{},"message":"[worker-europe-west3-wmsLive-95400e4b-5771-4270-924d-98f2f1b45ad3]: IDLE"}}
[2026-05-12T18:15:22.890Z] Finishing up request with event=finish {"metadata":{"emulator":{"name":"functions"},"function":{"name":"europe-west3-wmsLive"},"extension":{},"message":"Finishing up request with event=finish"}}
[2026-05-12T18:15:22.890Z] Finishing up request with event=close {"metadata":{"emulator":{"name":"functions"},"function":{"name":"europe-west3-wmsLive"},"extension":{},"message":"Finishing up request with event=close"}}
[2026-05-12T18:15:22.891Z] [work-queue] {"queuedWork":[],"queueLength":0,"runningWork":["/hellofresh-de-problem-solve/europe-west3/wmsLive-2026-05-12T18:14:50.232Z"],"workRunningCount":1}
[2026-05-12T18:15:27.751Z] [work-queue] {"queuedWork":["/hellofresh-de-problem-solve/europe-west3/wmsLive-2026-05-12T18:15:27.751Z"],"queueLength":1,"runningWork":["/hellofresh-de-problem-solve/europe-west3/wmsLive-2026-05-12T18:14:50.232Z"],"workRunningCount":1}
[2026-05-12T18:15:27.753Z] [work-queue] {"queuedWork":[],"queueLength":0,"runningWork":["/hellofresh-de-problem-solve/europe-west3/wmsLive-2026-05-12T18:14:50.232Z","/hellofresh-de-problem-solve/europe-west3/wmsLive-2026-05-12T18:15:27.751Z"],"workRunningCount":2}
[2026-05-12T18:15:27.753Z] Accepted request GET /hellofresh-de-problem-solve/europe-west3/wmsLive?week=2026-W17&bust=subproxy --> europe-west3-wmsLive
[2026-05-12T18:15:27.755Z] [functions] Runtime ready! Sending request! {"metadata":{"emulator":{"name":"functions"},"message":"[functions] Runtime ready! Sending request!"}}
[2026-05-12T18:15:27.755Z] [functions] Got req.url=/hellofresh-de-problem-solve/europe-west3/wmsLive?week=2026-W17&bust=subproxy, mapping to path=/?week=2026-W17&bust=subproxy {"metadata":{"emulator":{"name":"functions"},"message":"[functions] Got req.url=/hellofresh-de-problem-solve/europe-west3/wmsLive?week=2026-W17&bust=subproxy, mapping to path=/?week=2026-W17&bust=subproxy"}}
[2026-05-12T18:15:27.756Z] [worker-pool] submitRequest(triggerId=europe-west3-wmsLive) {"metadata":{"emulator":{"name":"functions"},"message":"[worker-pool] submitRequest(triggerId=europe-west3-wmsLive)"}}
i  functions: Beginning execution of "europe-west3-wmsLive" {"metadata":{"emulator":{"name":"functions"},"function":{"name":"europe-west3-wmsLive"},"extension":{},"message":"Beginning execution of \"europe-west3-wmsLive\""}}
[2026-05-12T18:15:27.757Z] [worker-europe-west3-wmsLive-95400e4b-5771-4270-924d-98f2f1b45ad3]: BUSY {"metadata":{"emulator":{"name":"functions"},"function":{"name":"europe-west3-wmsLive"},"extension":{},"message":"[worker-europe-west3-wmsLive-95400e4b-5771-4270-924d-98f2f1b45ad3]: BUSY"}}
[2026-05-12T18:15:27.760Z] Finishing up request with event=pause {"metadata":{"emulator":{"name":"functions"},"function":{"name":"europe-west3-wmsLive"},"extension":{},"message":"Finishing up request with event=pause"}}
i  functions: Finished "europe-west3-wmsLive" in 3.8607ms {"metadata":{"emulator":{"name":"functions"},"function":{"name":"europe-west3-wmsLive"},"extension":{},"message":"Finished \"europe-west3-wmsLive\" in 3.8607ms"}}
[2026-05-12T18:15:27.761Z] [worker-europe-west3-wmsLive-95400e4b-5771-4270-924d-98f2f1b45ad3]: IDLE {"metadata":{"emulator":{"name":"functions"},"function":{"name":"europe-west3-wmsLive"},"extension":{},"message":"[worker-europe-west3-wmsLive-95400e4b-5771-4270-924d-98f2f1b45ad3]: IDLE"}}
[2026-05-12T18:15:27.761Z] Finishing up request with event=finish {"metadata":{"emulator":{"name":"functions"},"function":{"name":"europe-west3-wmsLive"},"extension":{},"message":"Finishing up request with event=finish"}}
[2026-05-12T18:15:27.762Z] Finishing up request with event=close {"metadata":{"emulator":{"name":"functions"},"function":{"name":"europe-west3-wmsLive"},"extension":{},"message":"Finishing up request with event=close"}}
[2026-05-12T18:15:27.762Z] [work-queue] {"queuedWork":[],"queueLength":0,"runningWork":["/hellofresh-de-problem-solve/europe-west3/wmsLive-2026-05-12T18:14:50.232Z"],"workRunningCount":1}
[2026-05-12T18:15:36.525Z] [work-queue] {"queuedWork":["/hellofresh-de-problem-solve/europe-west3/refreshRampUp-2026-05-12T18:15:36.525Z"],"queueLength":1,"runningWork":["/hellofresh-de-problem-solve/europe-west3/wmsLive-2026-05-12T18:14:50.232Z"],"workRunningCount":1}
[2026-05-12T18:15:36.526Z] [work-queue] {"queuedWork":[],"queueLength":0,"runningWork":["/hellofresh-de-problem-solve/europe-west3/wmsLive-2026-05-12T18:14:50.232Z","/hellofresh-de-problem-solve/europe-west3/refreshRampUp-2026-05-12T18:15:36.525Z"],"workRunningCount":2}
[2026-05-12T18:15:36.527Z] Accepted request POST /hellofresh-de-problem-solve/europe-west3/refreshRampUp --> europe-west3-refreshRampUp
[2026-05-12T18:15:36.530Z] [functions] Runtime ready! Sending request! {"metadata":{"emulator":{"name":"functions"},"message":"[functions] Runtime ready! Sending request!"}}
[2026-05-12T18:15:36.531Z] [functions] Got req.url=/hellofresh-de-problem-solve/europe-west3/refreshRampUp, mapping to path=/ {"metadata":{"emulator":{"name":"functions"},"message":"[functions] Got req.url=/hellofresh-de-problem-solve/europe-west3/refreshRampUp, mapping to path=/"}}
[2026-05-12T18:15:36.532Z] [worker-pool] submitRequest(triggerId=europe-west3-refreshRampUp) {"metadata":{"emulator":{"name":"functions"},"message":"[worker-pool] submitRequest(triggerId=europe-west3-refreshRampUp)"}}
i  functions: Beginning execution of "europe-west3-refreshRampUp" {"metadata":{"emulator":{"name":"functions"},"function":{"name":"europe-west3-refreshRampUp"},"extension":{},"message":"Beginning execution of \"europe-west3-refreshRampUp\""}}
[2026-05-12T18:15:36.533Z] [worker-europe-west3-refreshRampUp-9ed66f30-3244-46a5-9300-fef970c317ab]: BUSY {"metadata":{"emulator":{"name":"functions"},"function":{"name":"europe-west3-refreshRampUp"},"extension":{},"message":"[worker-europe-west3-refreshRampUp-9ed66f30-3244-46a5-9300-fef970c317ab]: BUSY"}}
[2026-05-12T18:15:36.535Z] [work-queue] {"queuedWork":["/hellofresh-de-problem-solve/europe-west3/refreshRampUp-2026-05-12T18:15:36.535Z"],"queueLength":1,"runningWork":["/hellofresh-de-problem-solve/europe-west3/wmsLive-2026-05-12T18:14:50.232Z","/hellofresh-de-problem-solve/europe-west3/refreshRampUp-2026-05-12T18:15:36.525Z"],"workRunningCount":2}
[2026-05-12T18:15:36.535Z] [work-queue] {"queuedWork":[],"queueLength":0,"runningWork":["/hellofresh-de-problem-solve/europe-west3/wmsLive-2026-05-12T18:14:50.232Z","/hellofresh-de-problem-solve/europe-west3/refreshRampUp-2026-05-12T18:15:36.525Z","/hellofresh-de-problem-solve/europe-west3/refreshRampUp-2026-05-12T18:15:36.535Z"],"workRunningCount":3}
[2026-05-12T18:15:36.536Z] Accepted request POST /hellofresh-de-problem-solve/europe-west3/refreshRampUp --> europe-west3-refreshRampUp
[2026-05-12T18:15:36.538Z] [functions] Runtime ready! Sending request! {"metadata":{"emulator":{"name":"functions"},"message":"[functions] Runtime ready! Sending request!"}}
[2026-05-12T18:15:36.539Z] [functions] Got req.url=/hellofresh-de-problem-solve/europe-west3/refreshRampUp, mapping to path=/ {"metadata":{"emulator":{"name":"functions"},"message":"[functions] Got req.url=/hellofresh-de-problem-solve/europe-west3/refreshRampUp, mapping to path=/"}}
[2026-05-12T18:15:36.539Z] [worker-pool] submitRequest(triggerId=europe-west3-refreshRampUp) {"metadata":{"emulator":{"name":"functions"},"message":"[worker-pool] submitRequest(triggerId=europe-west3-refreshRampUp)"}}
i  functions: Beginning execution of "europe-west3-refreshRampUp" {"metadata":{"emulator":{"name":"functions"},"function":{"name":"europe-west3-refreshRampUp"},"extension":{},"message":"Beginning execution of \"europe-west3-refreshRampUp\""}}
[2026-05-12T18:15:36.540Z] [worker-europe-west3-refreshRampUp-0676dcda-ee03-494d-aa9a-04cb401f5993]: BUSY {"metadata":{"emulator":{"name":"functions"},"function":{"name":"europe-west3-refreshRampUp"},"extension":{},"message":"[worker-europe-west3-refreshRampUp-0676dcda-ee03-494d-aa9a-04cb401f5993]: BUSY"}}
[2026-05-12T18:15:36.636Z] Finishing up request with event=pause {"metadata":{"emulator":{"name":"functions"},"function":{"name":"europe-west3-refreshRampUp"},"extension":{},"message":"Finishing up request with event=pause"}}
i  functions: Finished "europe-west3-refreshRampUp" in 96.6489ms {"metadata":{"emulator":{"name":"functions"},"function":{"name":"europe-west3-refreshRampUp"},"extension":{},"message":"Finished \"europe-west3-refreshRampUp\" in 96.6489ms"}}
[2026-05-12T18:15:36.638Z] [worker-europe-west3-refreshRampUp-0676dcda-ee03-494d-aa9a-04cb401f5993]: IDLE {"metadata":{"emulator":{"name":"functions"},"function":{"name":"europe-west3-refreshRampUp"},"extension":{},"message":"[worker-europe-west3-refreshRampUp-0676dcda-ee03-494d-aa9a-04cb401f5993]: IDLE"}}
[2026-05-12T18:15:36.638Z] Finishing up request with event=finish {"metadata":{"emulator":{"name":"functions"},"function":{"name":"europe-west3-refreshRampUp"},"extension":{},"message":"Finishing up request with event=finish"}}
[2026-05-12T18:15:36.639Z] Finishing up request with event=close {"metadata":{"emulator":{"name":"functions"},"function":{"name":"europe-west3-refreshRampUp"},"extension":{},"message":"Finishing up request with event=close"}}
[2026-05-12T18:15:36.641Z] [work-queue] {"queuedWork":[],"queueLength":0,"runningWork":["/hellofresh-de-problem-solve/europe-west3/wmsLive-2026-05-12T18:14:50.232Z","/hellofresh-de-problem-solve/europe-west3/refreshRampUp-2026-05-12T18:15:36.525Z"],"workRunningCount":2}
[2026-05-12T18:15:36.642Z] Finishing up request with event=pause {"metadata":{"emulator":{"name":"functions"},"function":{"name":"europe-west3-refreshRampUp"},"extension":{},"message":"Finishing up request with event=pause"}}
i  functions: Finished "europe-west3-refreshRampUp" in 110.1601ms {"metadata":{"emulator":{"name":"functions"},"function":{"name":"europe-west3-refreshRampUp"},"extension":{},"message":"Finished \"europe-west3-refreshRampUp\" in 110.1601ms"}}
[2026-05-12T18:15:36.643Z] [worker-europe-west3-refreshRampUp-9ed66f30-3244-46a5-9300-fef970c317ab]: IDLE {"metadata":{"emulator":{"name":"functions"},"function":{"name":"europe-west3-refreshRampUp"},"extension":{},"message":"[worker-europe-west3-refreshRampUp-9ed66f30-3244-46a5-9300-fef970c317ab]: IDLE"}}
[2026-05-12T18:15:36.644Z] Finishing up request with event=finish {"metadata":{"emulator":{"name":"functions"},"function":{"name":"europe-west3-refreshRampUp"},"extension":{},"message":"Finishing up request with event=finish"}}
[2026-05-12T18:15:36.644Z] Finishing up request with event=close {"metadata":{"emulator":{"name":"functions"},"function":{"name":"europe-west3-refreshRampUp"},"extension":{},"message":"Finishing up request with event=close"}}
[2026-05-12T18:15:36.645Z] [work-queue] {"queuedWork":[],"queueLength":0,"runningWork":["/hellofresh-de-problem-solve/europe-west3/wmsLive-2026-05-12T18:14:50.232Z"],"workRunningCount":1}
[2026-05-12T18:15:47.060Z] [work-queue] {"queuedWork":["/hellofresh-de-problem-solve/europe-west3/wmsLive-2026-05-12T18:15:47.060Z"],"queueLength":1,"runningWork":["/hellofresh-de-problem-solve/europe-west3/wmsLive-2026-05-12T18:14:50.232Z"],"workRunningCount":1}
[2026-05-12T18:15:47.061Z] [work-queue] {"queuedWork":[],"queueLength":0,"runningWork":["/hellofresh-de-problem-solve/europe-west3/wmsLive-2026-05-12T18:14:50.232Z","/hellofresh-de-problem-solve/europe-west3/wmsLive-2026-05-12T18:15:47.060Z"],"workRunningCount":2}
[2026-05-12T18:15:47.061Z] Accepted request GET /hellofresh-de-problem-solve/europe-west3/wmsLive?week=2026-W17 --> europe-west3-wmsLive
[2026-05-12T18:15:47.065Z] [functions] Runtime ready! Sending request! {"metadata":{"emulator":{"name":"functions"},"message":"[functions] Runtime ready! Sending request!"}}
[2026-05-12T18:15:47.066Z] [functions] Got req.url=/hellofresh-de-problem-solve/europe-west3/wmsLive?week=2026-W17, mapping to path=/?week=2026-W17 {"metadata":{"emulator":{"name":"functions"},"message":"[functions] Got req.url=/hellofresh-de-problem-solve/europe-west3/wmsLive?week=2026-W17, mapping to path=/?week=2026-W17"}}
[2026-05-12T18:15:47.067Z] [worker-pool] submitRequest(triggerId=europe-west3-wmsLive) {"metadata":{"emulator":{"name":"functions"},"message":"[worker-pool] submitRequest(triggerId=europe-west3-wmsLive)"}}
i  functions: Beginning execution of "europe-west3-wmsLive" {"metadata":{"emulator":{"name":"functions"},"function":{"name":"europe-west3-wmsLive"},"extension":{},"message":"Beginning execution of \"europe-west3-wmsLive\""}}
[2026-05-12T18:15:47.069Z] [worker-europe-west3-wmsLive-95400e4b-5771-4270-924d-98f2f1b45ad3]: BUSY {"metadata":{"emulator":{"name":"functions"},"function":{"name":"europe-west3-wmsLive"},"extension":{},"message":"[worker-europe-west3-wmsLive-95400e4b-5771-4270-924d-98f2f1b45ad3]: BUSY"}}
[2026-05-12T18:15:47.075Z] Finishing up request with event=pause {"metadata":{"emulator":{"name":"functions"},"function":{"name":"europe-west3-wmsLive"},"extension":{},"message":"Finishing up request with event=pause"}}
i  functions: Finished "europe-west3-wmsLive" in 6.324ms {"metadata":{"emulator":{"name":"functions"},"function":{"name":"europe-west3-wmsLive"},"extension":{},"message":"Finished \"europe-west3-wmsLive\" in 6.324ms"}}
[2026-05-12T18:15:47.076Z] [worker-europe-west3-wmsLive-95400e4b-5771-4270-924d-98f2f1b45ad3]: IDLE {"metadata":{"emulator":{"name":"functions"},"function":{"name":"europe-west3-wmsLive"},"extension":{},"message":"[worker-europe-west3-wmsLive-95400e4b-5771-4270-924d-98f2f1b45ad3]: IDLE"}}
[2026-05-12T18:15:47.077Z] Finishing up request with event=finish {"metadata":{"emulator":{"name":"functions"},"function":{"name":"europe-west3-wmsLive"},"extension":{},"message":"Finishing up request with event=finish"}}
[2026-05-12T18:15:47.078Z] Finishing up request with event=close {"metadata":{"emulator":{"name":"functions"},"function":{"name":"europe-west3-wmsLive"},"extension":{},"message":"Finishing up request with event=close"}}
[2026-05-12T18:15:47.078Z] [work-queue] {"queuedWork":[],"queueLength":0,"runningWork":["/hellofresh-de-problem-solve/europe-west3/wmsLive-2026-05-12T18:14:50.232Z"],"workRunningCount":1}
i  Your function timed out after ~90s. To configure this timeout, see
      https://firebase.google.com/docs/functions/manage-functions#set_timeout_and_memory_allocation. {"metadata":{"emulator":{"name":"functions"},"function":{"name":"europe-west3-wmsLive"},"extension":{},"message":"Your function timed out after ~90s. To configure this timeout, see\n      https://firebase.google.com/docs/functions/manage-functions#set_timeout_and_memory_allocation."}}
i  Request to function failed: Error: socket hang up {"metadata":{"emulator":{"name":"functions"},"function":{"name":"europe-west3-wmsLive"},"extension":{},"message":"Request to function failed: Error: socket hang up"}}
[2026-05-12T18:16:20.256Z] [work-queue] {"queuedWork":[],"queueLength":0,"runningWork":[],"workRunningCount":0}
[2026-05-12T18:16:20.275Z] [worker-europe-west3-wmsLive-0fe6ba51-ce4f-418a-be97-fa136bfdf05a]: exited {"metadata":{"emulator":{"name":"functions"},"function":{"name":"europe-west3-wmsLive"},"extension":{},"message":"[worker-europe-west3-wmsLive-0fe6ba51-ce4f-418a-be97-fa136bfdf05a]: exited"}}
[2026-05-12T18:16:20.276Z] [worker-europe-west3-wmsLive-0fe6ba51-ce4f-418a-be97-fa136bfdf05a]: FINISHED {"metadata":{"emulator":{"name":"functions"},"function":{"name":"europe-west3-wmsLive"},"extension":{},"message":"[worker-europe-west3-wmsLive-0fe6ba51-ce4f-418a-be97-fa136bfdf05a]: FINISHED"}}
[2026-05-12T18:16:40.907Z] [work-queue] {"queuedWork":["/hellofresh-de-problem-solve/europe-west3/refreshRampUp-2026-05-12T18:16:40.907Z"],"queueLength":1,"runningWork":[],"workRunningCount":0}
[2026-05-12T18:16:40.909Z] [work-queue] {"queuedWork":[],"queueLength":0,"runningWork":["/hellofresh-de-problem-solve/europe-west3/refreshRampUp-2026-05-12T18:16:40.907Z"],"workRunningCount":1}
[2026-05-12T18:16:40.909Z] Accepted request POST /hellofresh-de-problem-solve/europe-west3/refreshRampUp --> europe-west3-refreshRampUp
[2026-05-12T18:16:40.911Z] [functions] Runtime ready! Sending request! {"metadata":{"emulator":{"name":"functions"},"message":"[functions] Runtime ready! Sending request!"}}
[2026-05-12T18:16:40.912Z] [functions] Got req.url=/hellofresh-de-problem-solve/europe-west3/refreshRampUp, mapping to path=/ {"metadata":{"emulator":{"name":"functions"},"message":"[functions] Got req.url=/hellofresh-de-problem-solve/europe-west3/refreshRampUp, mapping to path=/"}}
[2026-05-12T18:16:40.912Z] [worker-pool] Cleaned up workers for europe-west3-wmsLive: 2 --> 1 {"metadata":{"emulator":{"name":"functions"},"message":"[worker-pool] Cleaned up workers for europe-west3-wmsLive: 2 --> 1"}}
[2026-05-12T18:16:40.912Z] [worker-pool] submitRequest(triggerId=europe-west3-refreshRampUp) {"metadata":{"emulator":{"name":"functions"},"message":"[worker-pool] submitRequest(triggerId=europe-west3-refreshRampUp)"}}
i  functions: Beginning execution of "europe-west3-refreshRampUp" {"metadata":{"emulator":{"name":"functions"},"function":{"name":"europe-west3-refreshRampUp"},"extension":{},"message":"Beginning execution of \"europe-west3-refreshRampUp\""}}
[2026-05-12T18:16:40.913Z] [worker-europe-west3-refreshRampUp-9ed66f30-3244-46a5-9300-fef970c317ab]: BUSY {"metadata":{"emulator":{"name":"functions"},"function":{"name":"europe-west3-refreshRampUp"},"extension":{},"message":"[worker-europe-west3-refreshRampUp-9ed66f30-3244-46a5-9300-fef970c317ab]: BUSY"}}
[2026-05-12T18:16:40.914Z] [work-queue] {"queuedWork":["/hellofresh-de-problem-solve/europe-west3/refreshRampUp-2026-05-12T18:16:40.914Z"],"queueLength":1,"runningWork":["/hellofresh-de-problem-solve/europe-west3/refreshRampUp-2026-05-12T18:16:40.907Z"],"workRunningCount":1}
[2026-05-12T18:16:40.915Z] [work-queue] {"queuedWork":[],"queueLength":0,"runningWork":["/hellofresh-de-problem-solve/europe-west3/refreshRampUp-2026-05-12T18:16:40.907Z","/hellofresh-de-problem-solve/europe-west3/refreshRampUp-2026-05-12T18:16:40.914Z"],"workRunningCount":2}
[2026-05-12T18:16:40.915Z] Accepted request POST /hellofresh-de-problem-solve/europe-west3/refreshRampUp --> europe-west3-refreshRampUp
[2026-05-12T18:16:40.917Z] [functions] Runtime ready! Sending request! {"metadata":{"emulator":{"name":"functions"},"message":"[functions] Runtime ready! Sending request!"}}
[2026-05-12T18:16:40.918Z] [functions] Got req.url=/hellofresh-de-problem-solve/europe-west3/refreshRampUp, mapping to path=/ {"metadata":{"emulator":{"name":"functions"},"message":"[functions] Got req.url=/hellofresh-de-problem-solve/europe-west3/refreshRampUp, mapping to path=/"}}
[2026-05-12T18:16:40.918Z] [worker-pool] submitRequest(triggerId=europe-west3-refreshRampUp) {"metadata":{"emulator":{"name":"functions"},"message":"[worker-pool] submitRequest(triggerId=europe-west3-refreshRampUp)"}}
i  functions: Beginning execution of "europe-west3-refreshRampUp" {"metadata":{"emulator":{"name":"functions"},"function":{"name":"europe-west3-refreshRampUp"},"extension":{},"message":"Beginning execution of \"europe-west3-refreshRampUp\""}}
[2026-05-12T18:16:40.919Z] [worker-europe-west3-refreshRampUp-0676dcda-ee03-494d-aa9a-04cb401f5993]: BUSY {"metadata":{"emulator":{"name":"functions"},"function":{"name":"europe-west3-refreshRampUp"},"extension":{},"message":"[worker-europe-west3-refreshRampUp-0676dcda-ee03-494d-aa9a-04cb401f5993]: BUSY"}}
[2026-05-12T18:16:42.775Z] Finishing up request with event=pause {"metadata":{"emulator":{"name":"functions"},"function":{"name":"europe-west3-refreshRampUp"},"extension":{},"message":"Finishing up request with event=pause"}}
i  functions: Finished "europe-west3-refreshRampUp" in 1862.3748ms {"metadata":{"emulator":{"name":"functions"},"function":{"name":"europe-west3-refreshRampUp"},"extension":{},"message":"Finished \"europe-west3-refreshRampUp\" in 1862.3748ms"}}
[2026-05-12T18:16:42.776Z] [worker-europe-west3-refreshRampUp-9ed66f30-3244-46a5-9300-fef970c317ab]: IDLE {"metadata":{"emulator":{"name":"functions"},"function":{"name":"europe-west3-refreshRampUp"},"extension":{},"message":"[worker-europe-west3-refreshRampUp-9ed66f30-3244-46a5-9300-fef970c317ab]: IDLE"}}
[2026-05-12T18:16:42.777Z] Finishing up request with event=finish {"metadata":{"emulator":{"name":"functions"},"function":{"name":"europe-west3-refreshRampUp"},"extension":{},"message":"Finishing up request with event=finish"}}
[2026-05-12T18:16:42.778Z] Finishing up request with event=close {"metadata":{"emulator":{"name":"functions"},"function":{"name":"europe-west3-refreshRampUp"},"extension":{},"message":"Finishing up request with event=close"}}
[2026-05-12T18:16:42.778Z] [work-queue] {"queuedWork":[],"queueLength":0,"runningWork":["/hellofresh-de-problem-solve/europe-west3/refreshRampUp-2026-05-12T18:16:40.914Z"],"workRunningCount":1}
[2026-05-12T18:16:42.792Z] Finishing up request with event=pause {"metadata":{"emulator":{"name":"functions"},"function":{"name":"europe-west3-refreshRampUp"},"extension":{},"message":"Finishing up request with event=pause"}}
i  functions: Finished "europe-west3-refreshRampUp" in 1873.6482999999998ms {"metadata":{"emulator":{"name":"functions"},"function":{"name":"europe-west3-refreshRampUp"},"extension":{},"message":"Finished \"europe-west3-refreshRampUp\" in 1873.6482999999998ms"}}
[2026-05-12T18:16:42.793Z] [worker-europe-west3-refreshRampUp-0676dcda-ee03-494d-aa9a-04cb401f5993]: IDLE {"metadata":{"emulator":{"name":"functions"},"function":{"name":"europe-west3-refreshRampUp"},"extension":{},"message":"[worker-europe-west3-refreshRampUp-0676dcda-ee03-494d-aa9a-04cb401f5993]: IDLE"}}
[2026-05-12T18:16:42.794Z] Finishing up request with event=finish {"metadata":{"emulator":{"name":"functions"},"function":{"name":"europe-west3-refreshRampUp"},"extension":{},"message":"Finishing up request with event=finish"}}
[2026-05-12T18:16:42.794Z] Finishing up request with event=close {"metadata":{"emulator":{"name":"functions"},"function":{"name":"europe-west3-refreshRampUp"},"extension":{},"message":"Finishing up request with event=close"}}
[2026-05-12T18:16:42.794Z] [work-queue] {"queuedWork":[],"queueLength":0,"runningWork":[],"workRunningCount":0}
[2026-05-12T18:16:53.241Z] [work-queue] {"queuedWork":["/hellofresh-de-problem-solve/europe-west3/wmsLive-2026-05-12T18:16:53.241Z"],"queueLength":1,"runningWork":[],"workRunningCount":0}
[2026-05-12T18:16:53.243Z] [work-queue] {"queuedWork":[],"queueLength":0,"runningWork":["/hellofresh-de-problem-solve/europe-west3/wmsLive-2026-05-12T18:16:53.241Z"],"workRunningCount":1}
[2026-05-12T18:16:53.244Z] Accepted request GET /hellofresh-de-problem-solve/europe-west3/wmsLive?week=2026-W17 --> europe-west3-wmsLive
[2026-05-12T18:16:53.248Z] [functions] Runtime ready! Sending request! {"metadata":{"emulator":{"name":"functions"},"message":"[functions] Runtime ready! Sending request!"}}
[2026-05-12T18:16:53.249Z] [functions] Got req.url=/hellofresh-de-problem-solve/europe-west3/wmsLive?week=2026-W17, mapping to path=/?week=2026-W17 {"metadata":{"emulator":{"name":"functions"},"message":"[functions] Got req.url=/hellofresh-de-problem-solve/europe-west3/wmsLive?week=2026-W17, mapping to path=/?week=2026-W17"}}
[2026-05-12T18:16:53.250Z] [worker-pool] submitRequest(triggerId=europe-west3-wmsLive) {"metadata":{"emulator":{"name":"functions"},"message":"[worker-pool] submitRequest(triggerId=europe-west3-wmsLive)"}}
i  functions: Beginning execution of "europe-west3-wmsLive" {"metadata":{"emulator":{"name":"functions"},"function":{"name":"europe-west3-wmsLive"},"extension":{},"message":"Beginning execution of \"europe-west3-wmsLive\""}}
[2026-05-12T18:16:53.252Z] [worker-europe-west3-wmsLive-95400e4b-5771-4270-924d-98f2f1b45ad3]: BUSY {"metadata":{"emulator":{"name":"functions"},"function":{"name":"europe-west3-wmsLive"},"extension":{},"message":"[worker-europe-west3-wmsLive-95400e4b-5771-4270-924d-98f2f1b45ad3]: BUSY"}}
>  {"level":"INFO","message":"[6:16:53.256 PM]: Creating new connection object"} {"user":{"level":"INFO","message":"[6:16:53.256 PM]: Creating new connection object"},"metadata":{"emulator":{"name":"functions"},"function":{"name":"europe-west3-wmsLive"},"extension":{},"message":"\u001b[90m> \u001b[39m {\"level\":\"INFO\",\"message\":\"[6:16:53.256 PM]: Creating new connection object\"}\r"}}
>  {"level":"INFO","message":"[6:16:53.259 PM]: Creating Connection[id: 0367c4c1-7a90-4fb4-8edf-f6254cc41641] with host: XG02811-OO69432.snowflakecomputing.com, account: XG02811-OO69432, accessUrl: https://XG02811-OO69432.snowflakecomputing.com, user: MARCEL.SPINDLER@HELLOFRESH.DE, role: US_OPS_ANALYTICS_USER, database: US_OPS_ANALYTICS, schema: HIGHJUMP, warehouse: US_OPS_ANALYTICS, proxy was not configured, password is not provided, region: undefined, authenticator: EXTERNALBROWSER, ocsp mode: FAIL_OPEN, os: win32, os version: 10.0.26100"} {"user":{"level":"INFO","message":"[6:16:53.259 PM]: Creating Connection[id: 0367c4c1-7a90-4fb4-8edf-f6254cc41641] with host: XG02811-OO69432.snowflakecomputing.com, account: XG02811-OO69432, accessUrl: https://XG02811-OO69432.snowflakecomputing.com, user: MARCEL.SPINDLER@HELLOFRESH.DE, role: US_OPS_ANALYTICS_USER, database: US_OPS_ANALYTICS, schema: HIGHJUMP, warehouse: US_OPS_ANALYTICS, proxy was not configured, password is not provided, region: undefined, authenticator: EXTERNALBROWSER, ocsp mode: FAIL_OPEN, os: win32, os version: 10.0.26100"},"metadata":{"emulator":{"name":"functions"},"function":{"name":"europe-west3-wmsLive"},"extension":{},"message":"\u001b[90m> \u001b[39m {\"level\":\"INFO\",\"message\":\"[6:16:53.259 PM]: Creating Connection[id: 0367c4c1-7a90-4fb4-8edf-f6254cc41641] with host: XG02811-OO69432.snowflakecomputing.com, account: XG02811-OO69432, accessUrl: https://XG02811-OO69432.snowflakecomputing.com, user: MARCEL.SPINDLER@HELLOFRESH.DE, role: US_OPS_ANALYTICS_USER, database: US_OPS_ANALYTICS, schema: HIGHJUMP, warehouse: US_OPS_ANALYTICS, proxy was not configured, password is not provided, region: undefined, authenticator: EXTERNALBROWSER, ocsp mode: FAIL_OPEN, os: win32, os version: 10.0.26100\"}\r"}}
>  {"level":"INFO","message":"[6:16:53.260 PM]: Connection[id: 0367c4c1-7a90-4fb4-8edf-f6254cc41641] additional details: passcode in password is provided, passcode is not provided, private key is not provided, application: rezeptlogik_wms_live, client name: snowflake-sdk, client version: 2.4.1, retry timeout: 300, private key path: undefined, private key pass is not provided, client store temporary credential: false, browser response timeout: 120000"} {"user":{"level":"INFO","message":"[6:16:53.260 PM]: Connection[id: 0367c4c1-7a90-4fb4-8edf-f6254cc41641] additional details: passcode in password is provided, passcode is not provided, private key is not provided, application: rezeptlogik_wms_live, client name: snowflake-sdk, client version: 2.4.1, retry timeout: 300, private key path: undefined, private key pass is not provided, client store temporary credential: false, browser response timeout: 120000"},"metadata":{"emulator":{"name":"functions"},"function":{"name":"europe-west3-wmsLive"},"extension":{},"message":"\u001b[90m> \u001b[39m {\"level\":\"INFO\",\"message\":\"[6:16:53.260 PM]: Connection[id: 0367c4c1-7a90-4fb4-8edf-f6254cc41641] additional details: passcode in password is provided, passcode is not provided, private key is not provided, application: rezeptlogik_wms_live, client name: snowflake-sdk, client version: 2.4.1, retry timeout: 300, private key path: undefined, private key pass is not provided, client store temporary credential: false, browser response timeout: 120000\"}\r"}}
>  {"level":"INFO","message":"[6:16:53.260 PM]: Connection[id: 0367c4c1-7a90-4fb4-8edf-f6254cc41641] - connection object created successfully."} {"user":{"level":"INFO","message":"[6:16:53.260 PM]: Connection[id: 0367c4c1-7a90-4fb4-8edf-f6254cc41641] - connection object created successfully."},"metadata":{"emulator":{"name":"functions"},"function":{"name":"europe-west3-wmsLive"},"extension":{},"message":"\u001b[90m> \u001b[39m {\"level\":\"INFO\",\"message\":\"[6:16:53.260 PM]: Connection[id: 0367c4c1-7a90-4fb4-8edf-f6254cc41641] - connection object created successfully.\"}\r"}}
>  {"level":"INFO","message":"[6:16:53.261 PM]: Connection[id: 0367c4c1-7a90-4fb4-8edf-f6254cc41641] - async connecting. Associated Snowflake domain: GLOBAL"} {"user":{"level":"INFO","message":"[6:16:53.261 PM]: Connection[id: 0367c4c1-7a90-4fb4-8edf-f6254cc41641] - async connecting. Associated Snowflake domain: GLOBAL"},"metadata":{"emulator":{"name":"functions"},"function":{"name":"europe-west3-wmsLive"},"extension":{},"message":"\u001b[90m> \u001b[39m {\"level\":\"INFO\",\"message\":\"[6:16:53.261 PM]: Connection[id: 0367c4c1-7a90-4fb4-8edf-f6254cc41641] - async connecting. Associated Snowflake domain: GLOBAL\"}\r"}}
>  {"level":"INFO","message":"[6:16:57.351 PM]: Connection[id: 0367c4c1-7a90-4fb4-8edf-f6254cc41641] - authentication successful using: EXTERNALBROWSER"} {"user":{"level":"INFO","message":"[6:16:57.351 PM]: Connection[id: 0367c4c1-7a90-4fb4-8edf-f6254cc41641] - authentication successful using: EXTERNALBROWSER"},"metadata":{"emulator":{"name":"functions"},"function":{"name":"europe-west3-wmsLive"},"extension":{},"message":"\u001b[90m> \u001b[39m {\"level\":\"INFO\",\"message\":\"[6:16:57.351 PM]: Connection[id: 0367c4c1-7a90-4fb4-8edf-f6254cc41641] - authentication successful using: EXTERNALBROWSER\"}\r"}}
>  {"level":"INFO","message":"[6:16:57.617 PM]: Connection[id: 0367c4c1-7a90-4fb4-8edf-f6254cc41641] - connection established successfully after 4356.54 milliseconds"} {"user":{"level":"INFO","message":"[6:16:57.617 PM]: Connection[id: 0367c4c1-7a90-4fb4-8edf-f6254cc41641] - connection established successfully after 4356.54 milliseconds"},"metadata":{"emulator":{"name":"functions"},"function":{"name":"europe-west3-wmsLive"},"extension":{},"message":"\u001b[90m> \u001b[39m {\"level\":\"INFO\",\"message\":\"[6:16:57.617 PM]: Connection[id: 0367c4c1-7a90-4fb4-8edf-f6254cc41641] - connection established successfully after 4356.54 milliseconds\"}\r"}}
[2026-05-12T18:16:57.903Z] Finishing up request with event=pause {"metadata":{"emulator":{"name":"functions"},"function":{"name":"europe-west3-wmsLive"},"extension":{},"message":"Finishing up request with event=pause"}}
i  functions: Finished "europe-west3-wmsLive" in 4651.3508ms {"metadata":{"emulator":{"name":"functions"},"function":{"name":"europe-west3-wmsLive"},"extension":{},"message":"Finished \"europe-west3-wmsLive\" in 4651.3508ms"}}
[2026-05-12T18:16:57.905Z] [worker-europe-west3-wmsLive-95400e4b-5771-4270-924d-98f2f1b45ad3]: IDLE {"metadata":{"emulator":{"name":"functions"},"function":{"name":"europe-west3-wmsLive"},"extension":{},"message":"[worker-europe-west3-wmsLive-95400e4b-5771-4270-924d-98f2f1b45ad3]: IDLE"}}
[2026-05-12T18:16:57.905Z] Finishing up request with event=finish {"metadata":{"emulator":{"name":"functions"},"function":{"name":"europe-west3-wmsLive"},"extension":{},"message":"Finishing up request with event=finish"}}
[2026-05-12T18:16:57.906Z] Finishing up request with event=close {"metadata":{"emulator":{"name":"functions"},"function":{"name":"europe-west3-wmsLive"},"extension":{},"message":"Finishing up request with event=close"}}
[2026-05-12T18:16:57.906Z] [work-queue] {"queuedWork":[],"queueLength":0,"runningWork":[],"workRunningCount":0}
[2026-05-12T18:17:32.690Z] [work-queue] {"queuedWork":["/hellofresh-de-problem-solve/europe-west3/refreshRampUp-2026-05-12T18:17:32.690Z"],"queueLength":1,"runningWork":[],"workRunningCount":0}
[2026-05-12T18:17:32.692Z] [work-queue] {"queuedWork":[],"queueLength":0,"runningWork":["/hellofresh-de-problem-solve/europe-west3/refreshRampUp-2026-05-12T18:17:32.690Z"],"workRunningCount":1}
[2026-05-12T18:17:32.692Z] Accepted request POST /hellofresh-de-problem-solve/europe-west3/refreshRampUp --> europe-west3-refreshRampUp
[2026-05-12T18:17:32.695Z] [functions] Runtime ready! Sending request! {"metadata":{"emulator":{"name":"functions"},"message":"[functions] Runtime ready! Sending request!"}}
[2026-05-12T18:17:32.696Z] [functions] Got req.url=/hellofresh-de-problem-solve/europe-west3/refreshRampUp, mapping to path=/ {"metadata":{"emulator":{"name":"functions"},"message":"[functions] Got req.url=/hellofresh-de-problem-solve/europe-west3/refreshRampUp, mapping to path=/"}}
[2026-05-12T18:17:32.696Z] [worker-pool] submitRequest(triggerId=europe-west3-refreshRampUp) {"metadata":{"emulator":{"name":"functions"},"message":"[worker-pool] submitRequest(triggerId=europe-west3-refreshRampUp)"}}
i  functions: Beginning execution of "europe-west3-refreshRampUp" {"metadata":{"emulator":{"name":"functions"},"function":{"name":"europe-west3-refreshRampUp"},"extension":{},"message":"Beginning execution of \"europe-west3-refreshRampUp\""}}
[2026-05-12T18:17:32.697Z] [worker-europe-west3-refreshRampUp-9ed66f30-3244-46a5-9300-fef970c317ab]: BUSY {"metadata":{"emulator":{"name":"functions"},"function":{"name":"europe-west3-refreshRampUp"},"extension":{},"message":"[worker-europe-west3-refreshRampUp-9ed66f30-3244-46a5-9300-fef970c317ab]: BUSY"}}
[2026-05-12T18:17:32.699Z] [work-queue] {"queuedWork":["/hellofresh-de-problem-solve/europe-west3/refreshRampUp-2026-05-12T18:17:32.699Z"],"queueLength":1,"runningWork":["/hellofresh-de-problem-solve/europe-west3/refreshRampUp-2026-05-12T18:17:32.690Z"],"workRunningCount":1}
[2026-05-12T18:17:32.700Z] [work-queue] {"queuedWork":[],"queueLength":0,"runningWork":["/hellofresh-de-problem-solve/europe-west3/refreshRampUp-2026-05-12T18:17:32.690Z","/hellofresh-de-problem-solve/europe-west3/refreshRampUp-2026-05-12T18:17:32.699Z"],"workRunningCount":2}
[2026-05-12T18:17:32.700Z] Accepted request POST /hellofresh-de-problem-solve/europe-west3/refreshRampUp --> europe-west3-refreshRampUp
[2026-05-12T18:17:32.704Z] [functions] Runtime ready! Sending request! {"metadata":{"emulator":{"name":"functions"},"message":"[functions] Runtime ready! Sending request!"}}
[2026-05-12T18:17:32.704Z] [functions] Got req.url=/hellofresh-de-problem-solve/europe-west3/refreshRampUp, mapping to path=/ {"metadata":{"emulator":{"name":"functions"},"message":"[functions] Got req.url=/hellofresh-de-problem-solve/europe-west3/refreshRampUp, mapping to path=/"}}
[2026-05-12T18:17:32.705Z] [worker-pool] submitRequest(triggerId=europe-west3-refreshRampUp) {"metadata":{"emulator":{"name":"functions"},"message":"[worker-pool] submitRequest(triggerId=europe-west3-refreshRampUp)"}}
i  functions: Beginning execution of "europe-west3-refreshRampUp" {"metadata":{"emulator":{"name":"functions"},"function":{"name":"europe-west3-refreshRampUp"},"extension":{},"message":"Beginning execution of \"europe-west3-refreshRampUp\""}}
[2026-05-12T18:17:32.706Z] [worker-europe-west3-refreshRampUp-0676dcda-ee03-494d-aa9a-04cb401f5993]: BUSY {"metadata":{"emulator":{"name":"functions"},"function":{"name":"europe-west3-refreshRampUp"},"extension":{},"message":"[worker-europe-west3-refreshRampUp-0676dcda-ee03-494d-aa9a-04cb401f5993]: BUSY"}}
[2026-05-12T18:17:32.791Z] Finishing up request with event=pause {"metadata":{"emulator":{"name":"functions"},"function":{"name":"europe-west3-refreshRampUp"},"extension":{},"message":"Finishing up request with event=pause"}}
i  functions: Finished "europe-west3-refreshRampUp" in 95.0692ms {"metadata":{"emulator":{"name":"functions"},"function":{"name":"europe-west3-refreshRampUp"},"extension":{},"message":"Finished \"europe-west3-refreshRampUp\" in 95.0692ms"}}
[2026-05-12T18:17:32.793Z] [worker-europe-west3-refreshRampUp-9ed66f30-3244-46a5-9300-fef970c317ab]: IDLE {"metadata":{"emulator":{"name":"functions"},"function":{"name":"europe-west3-refreshRampUp"},"extension":{},"message":"[worker-europe-west3-refreshRampUp-9ed66f30-3244-46a5-9300-fef970c317ab]: IDLE"}}
[2026-05-12T18:17:32.794Z] Finishing up request with event=finish {"metadata":{"emulator":{"name":"functions"},"function":{"name":"europe-west3-refreshRampUp"},"extension":{},"message":"Finishing up request with event=finish"}}
[2026-05-12T18:17:32.794Z] Finishing up request with event=close {"metadata":{"emulator":{"name":"functions"},"function":{"name":"europe-west3-refreshRampUp"},"extension":{},"message":"Finishing up request with event=close"}}
[2026-05-12T18:17:32.794Z] [work-queue] {"queuedWork":[],"queueLength":0,"runningWork":["/hellofresh-de-problem-solve/europe-west3/refreshRampUp-2026-05-12T18:17:32.699Z"],"workRunningCount":1}
[2026-05-12T18:17:32.796Z] Finishing up request with event=pause {"metadata":{"emulator":{"name":"functions"},"function":{"name":"europe-west3-refreshRampUp"},"extension":{},"message":"Finishing up request with event=pause"}}
i  functions: Finished "europe-west3-refreshRampUp" in 91.0101ms {"metadata":{"emulator":{"name":"functions"},"function":{"name":"europe-west3-refreshRampUp"},"extension":{},"message":"Finished \"europe-west3-refreshRampUp\" in 91.0101ms"}}
[2026-05-12T18:17:32.797Z] [worker-europe-west3-refreshRampUp-0676dcda-ee03-494d-aa9a-04cb401f5993]: IDLE {"metadata":{"emulator":{"name":"functions"},"function":{"name":"europe-west3-refreshRampUp"},"extension":{},"message":"[worker-europe-west3-refreshRampUp-0676dcda-ee03-494d-aa9a-04cb401f5993]: IDLE"}}
[2026-05-12T18:17:32.798Z] Finishing up request with event=finish {"metadata":{"emulator":{"name":"functions"},"function":{"name":"europe-west3-refreshRampUp"},"extension":{},"message":"Finishing up request with event=finish"}}
[2026-05-12T18:17:32.798Z] Finishing up request with event=close {"metadata":{"emulator":{"name":"functions"},"function":{"name":"europe-west3-refreshRampUp"},"extension":{},"message":"Finishing up request with event=close"}}
[2026-05-12T18:17:32.798Z] [work-queue] {"queuedWork":[],"queueLength":0,"runningWork":[],"workRunningCount":0}
[2026-05-12T18:17:46.376Z] [work-queue] {"queuedWork":["/hellofresh-de-problem-solve/europe-west3/refreshRampUp-2026-05-12T18:17:46.376Z"],"queueLength":1,"runningWork":[],"workRunningCount":0}
[2026-05-12T18:17:46.377Z] [work-queue] {"queuedWork":[],"queueLength":0,"runningWork":["/hellofresh-de-problem-solve/europe-west3/refreshRampUp-2026-05-12T18:17:46.376Z"],"workRunningCount":1}
[2026-05-12T18:17:46.377Z] Accepted request POST /hellofresh-de-problem-solve/europe-west3/refreshRampUp --> europe-west3-refreshRampUp
[2026-05-12T18:17:46.381Z] [functions] Runtime ready! Sending request! {"metadata":{"emulator":{"name":"functions"},"message":"[functions] Runtime ready! Sending request!"}}
[2026-05-12T18:17:46.382Z] [functions] Got req.url=/hellofresh-de-problem-solve/europe-west3/refreshRampUp, mapping to path=/ {"metadata":{"emulator":{"name":"functions"},"message":"[functions] Got req.url=/hellofresh-de-problem-solve/europe-west3/refreshRampUp, mapping to path=/"}}
[2026-05-12T18:17:46.382Z] [worker-pool] submitRequest(triggerId=europe-west3-refreshRampUp) {"metadata":{"emulator":{"name":"functions"},"message":"[worker-pool] submitRequest(triggerId=europe-west3-refreshRampUp)"}}
i  functions: Beginning execution of "europe-west3-refreshRampUp" {"metadata":{"emulator":{"name":"functions"},"function":{"name":"europe-west3-refreshRampUp"},"extension":{},"message":"Beginning execution of \"europe-west3-refreshRampUp\""}}
[2026-05-12T18:17:46.383Z] [worker-europe-west3-refreshRampUp-9ed66f30-3244-46a5-9300-fef970c317ab]: BUSY {"metadata":{"emulator":{"name":"functions"},"function":{"name":"europe-west3-refreshRampUp"},"extension":{},"message":"[worker-europe-west3-refreshRampUp-9ed66f30-3244-46a5-9300-fef970c317ab]: BUSY"}}
[2026-05-12T18:17:46.386Z] [work-queue] {"queuedWork":["/hellofresh-de-problem-solve/europe-west3/refreshRampUp-2026-05-12T18:17:46.386Z"],"queueLength":1,"runningWork":["/hellofresh-de-problem-solve/europe-west3/refreshRampUp-2026-05-12T18:17:46.376Z"],"workRunningCount":1}
[2026-05-12T18:17:46.386Z] [work-queue] {"queuedWork":[],"queueLength":0,"runningWork":["/hellofresh-de-problem-solve/europe-west3/refreshRampUp-2026-05-12T18:17:46.376Z","/hellofresh-de-problem-solve/europe-west3/refreshRampUp-2026-05-12T18:17:46.386Z"],"workRunningCount":2}
[2026-05-12T18:17:46.387Z] Accepted request POST /hellofresh-de-problem-solve/europe-west3/refreshRampUp --> europe-west3-refreshRampUp
[2026-05-12T18:17:46.391Z] [functions] Runtime ready! Sending request! {"metadata":{"emulator":{"name":"functions"},"message":"[functions] Runtime ready! Sending request!"}}
[2026-05-12T18:17:46.392Z] [functions] Got req.url=/hellofresh-de-problem-solve/europe-west3/refreshRampUp, mapping to path=/ {"metadata":{"emulator":{"name":"functions"},"message":"[functions] Got req.url=/hellofresh-de-problem-solve/europe-west3/refreshRampUp, mapping to path=/"}}
[2026-05-12T18:17:46.393Z] [worker-pool] submitRequest(triggerId=europe-west3-refreshRampUp) {"metadata":{"emulator":{"name":"functions"},"message":"[worker-pool] submitRequest(triggerId=europe-west3-refreshRampUp)"}}
i  functions: Beginning execution of "europe-west3-refreshRampUp" {"metadata":{"emulator":{"name":"functions"},"function":{"name":"europe-west3-refreshRampUp"},"extension":{},"message":"Beginning execution of \"europe-west3-refreshRampUp\""}}
[2026-05-12T18:17:46.395Z] [worker-europe-west3-refreshRampUp-0676dcda-ee03-494d-aa9a-04cb401f5993]: BUSY {"metadata":{"emulator":{"name":"functions"},"function":{"name":"europe-west3-refreshRampUp"},"extension":{},"message":"[worker-europe-west3-refreshRampUp-0676dcda-ee03-494d-aa9a-04cb401f5993]: BUSY"}}
[2026-05-12T18:17:47.999Z] Finishing up request with event=pause {"metadata":{"emulator":{"name":"functions"},"function":{"name":"europe-west3-refreshRampUp"},"extension":{},"message":"Finishing up request with event=pause"}}
i  functions: Finished "europe-west3-refreshRampUp" in 1616.3200000000002ms {"metadata":{"emulator":{"name":"functions"},"function":{"name":"europe-west3-refreshRampUp"},"extension":{},"message":"Finished \"europe-west3-refreshRampUp\" in 1616.3200000000002ms"}}
[2026-05-12T18:17:48.001Z] [worker-europe-west3-refreshRampUp-9ed66f30-3244-46a5-9300-fef970c317ab]: IDLE {"metadata":{"emulator":{"name":"functions"},"function":{"name":"europe-west3-refreshRampUp"},"extension":{},"message":"[worker-europe-west3-refreshRampUp-9ed66f30-3244-46a5-9300-fef970c317ab]: IDLE"}}
[2026-05-12T18:17:48.002Z] Finishing up request with event=finish {"metadata":{"emulator":{"name":"functions"},"function":{"name":"europe-west3-refreshRampUp"},"extension":{},"message":"Finishing up request with event=finish"}}
[2026-05-12T18:17:48.003Z] Finishing up request with event=close {"metadata":{"emulator":{"name":"functions"},"function":{"name":"europe-west3-refreshRampUp"},"extension":{},"message":"Finishing up request with event=close"}}
[2026-05-12T18:17:48.003Z] [work-queue] {"queuedWork":[],"queueLength":0,"runningWork":["/hellofresh-de-problem-solve/europe-west3/refreshRampUp-2026-05-12T18:17:46.386Z"],"workRunningCount":1}
[2026-05-12T18:17:48.043Z] Finishing up request with event=pause {"metadata":{"emulator":{"name":"functions"},"function":{"name":"europe-west3-refreshRampUp"},"extension":{},"message":"Finishing up request with event=pause"}}
i  functions: Finished "europe-west3-refreshRampUp" in 1648.6426000000001ms {"metadata":{"emulator":{"name":"functions"},"function":{"name":"europe-west3-refreshRampUp"},"extension":{},"message":"Finished \"europe-west3-refreshRampUp\" in 1648.6426000000001ms"}}
[2026-05-12T18:17:48.045Z] [worker-europe-west3-refreshRampUp-0676dcda-ee03-494d-aa9a-04cb401f5993]: IDLE {"metadata":{"emulator":{"name":"functions"},"function":{"name":"europe-west3-refreshRampUp"},"extension":{},"message":"[worker-europe-west3-refreshRampUp-0676dcda-ee03-494d-aa9a-04cb401f5993]: IDLE"}}
[2026-05-12T18:17:48.045Z] Finishing up request with event=finish {"metadata":{"emulator":{"name":"functions"},"function":{"name":"europe-west3-refreshRampUp"},"extension":{},"message":"Finishing up request with event=finish"}}
[2026-05-12T18:17:48.046Z] Finishing up request with event=close {"metadata":{"emulator":{"name":"functions"},"function":{"name":"europe-west3-refreshRampUp"},"extension":{},"message":"Finishing up request with event=close"}}
[2026-05-12T18:17:48.047Z] [work-queue] {"queuedWork":[],"queueLength":0,"runningWork":[],"workRunningCount":0}
[2026-05-12T18:18:00.387Z] [work-queue] {"queuedWork":["/hellofresh-de-problem-solve/europe-west3/refreshRampUp-2026-05-12T18:18:00.387Z"],"queueLength":1,"runningWork":[],"workRunningCount":0}
[2026-05-12T18:18:00.388Z] [work-queue] {"queuedWork":[],"queueLength":0,"runningWork":["/hellofresh-de-problem-solve/europe-west3/refreshRampUp-2026-05-12T18:18:00.387Z"],"workRunningCount":1}
[2026-05-12T18:18:00.388Z] Accepted request POST /hellofresh-de-problem-solve/europe-west3/refreshRampUp --> europe-west3-refreshRampUp
[2026-05-12T18:18:00.391Z] [functions] Runtime ready! Sending request! {"metadata":{"emulator":{"name":"functions"},"message":"[functions] Runtime ready! Sending request!"}}
[2026-05-12T18:18:00.391Z] [functions] Got req.url=/hellofresh-de-problem-solve/europe-west3/refreshRampUp, mapping to path=/ {"metadata":{"emulator":{"name":"functions"},"message":"[functions] Got req.url=/hellofresh-de-problem-solve/europe-west3/refreshRampUp, mapping to path=/"}}
[2026-05-12T18:18:00.392Z] [worker-pool] submitRequest(triggerId=europe-west3-refreshRampUp) {"metadata":{"emulator":{"name":"functions"},"message":"[worker-pool] submitRequest(triggerId=europe-west3-refreshRampUp)"}}
i  functions: Beginning execution of "europe-west3-refreshRampUp" {"metadata":{"emulator":{"name":"functions"},"function":{"name":"europe-west3-refreshRampUp"},"extension":{},"message":"Beginning execution of \"europe-west3-refreshRampUp\""}}
[2026-05-12T18:18:00.394Z] [worker-europe-west3-refreshRampUp-9ed66f30-3244-46a5-9300-fef970c317ab]: BUSY {"metadata":{"emulator":{"name":"functions"},"function":{"name":"europe-west3-refreshRampUp"},"extension":{},"message":"[worker-europe-west3-refreshRampUp-9ed66f30-3244-46a5-9300-fef970c317ab]: BUSY"}}
[2026-05-12T18:18:00.395Z] [work-queue] {"queuedWork":["/hellofresh-de-problem-solve/europe-west3/refreshRampUp-2026-05-12T18:18:00.395Z"],"queueLength":1,"runningWork":["/hellofresh-de-problem-solve/europe-west3/refreshRampUp-2026-05-12T18:18:00.387Z"],"workRunningCount":1}
[2026-05-12T18:18:00.396Z] [work-queue] {"queuedWork":[],"queueLength":0,"runningWork":["/hellofresh-de-problem-solve/europe-west3/refreshRampUp-2026-05-12T18:18:00.387Z","/hellofresh-de-problem-solve/europe-west3/refreshRampUp-2026-05-12T18:18:00.395Z"],"workRunningCount":2}
[2026-05-12T18:18:00.396Z] Accepted request POST /hellofresh-de-problem-solve/europe-west3/refreshRampUp --> europe-west3-refreshRampUp
[2026-05-12T18:18:00.399Z] [functions] Runtime ready! Sending request! {"metadata":{"emulator":{"name":"functions"},"message":"[functions] Runtime ready! Sending request!"}}
[2026-05-12T18:18:00.399Z] [functions] Got req.url=/hellofresh-de-problem-solve/europe-west3/refreshRampUp, mapping to path=/ {"metadata":{"emulator":{"name":"functions"},"message":"[functions] Got req.url=/hellofresh-de-problem-solve/europe-west3/refreshRampUp, mapping to path=/"}}
[2026-05-12T18:18:00.400Z] [worker-pool] submitRequest(triggerId=europe-west3-refreshRampUp) {"metadata":{"emulator":{"name":"functions"},"message":"[worker-pool] submitRequest(triggerId=europe-west3-refreshRampUp)"}}
i  functions: Beginning execution of "europe-west3-refreshRampUp" {"metadata":{"emulator":{"name":"functions"},"function":{"name":"europe-west3-refreshRampUp"},"extension":{},"message":"Beginning execution of \"europe-west3-refreshRampUp\""}}
[2026-05-12T18:18:00.401Z] [worker-europe-west3-refreshRampUp-0676dcda-ee03-494d-aa9a-04cb401f5993]: BUSY {"metadata":{"emulator":{"name":"functions"},"function":{"name":"europe-west3-refreshRampUp"},"extension":{},"message":"[worker-europe-west3-refreshRampUp-0676dcda-ee03-494d-aa9a-04cb401f5993]: BUSY"}}
[2026-05-12T18:18:00.497Z] Finishing up request with event=pause {"metadata":{"emulator":{"name":"functions"},"function":{"name":"europe-west3-refreshRampUp"},"extension":{},"message":"Finishing up request with event=pause"}}
i  functions: Finished "europe-west3-refreshRampUp" in 96.8887ms {"metadata":{"emulator":{"name":"functions"},"function":{"name":"europe-west3-refreshRampUp"},"extension":{},"message":"Finished \"europe-west3-refreshRampUp\" in 96.8887ms"}}
[2026-05-12T18:18:00.499Z] [worker-europe-west3-refreshRampUp-0676dcda-ee03-494d-aa9a-04cb401f5993]: IDLE {"metadata":{"emulator":{"name":"functions"},"function":{"name":"europe-west3-refreshRampUp"},"extension":{},"message":"[worker-europe-west3-refreshRampUp-0676dcda-ee03-494d-aa9a-04cb401f5993]: IDLE"}}
[2026-05-12T18:18:00.499Z] Finishing up request with event=finish {"metadata":{"emulator":{"name":"functions"},"function":{"name":"europe-west3-refreshRampUp"},"extension":{},"message":"Finishing up request with event=finish"}}
[2026-05-12T18:18:00.500Z] Finishing up request with event=close {"metadata":{"emulator":{"name":"functions"},"function":{"name":"europe-west3-refreshRampUp"},"extension":{},"message":"Finishing up request with event=close"}}
[2026-05-12T18:18:00.501Z] [work-queue] {"queuedWork":[],"queueLength":0,"runningWork":["/hellofresh-de-problem-solve/europe-west3/refreshRampUp-2026-05-12T18:18:00.387Z"],"workRunningCount":1}
[2026-05-12T18:18:00.503Z] Finishing up request with event=pause {"metadata":{"emulator":{"name":"functions"},"function":{"name":"europe-west3-refreshRampUp"},"extension":{},"message":"Finishing up request with event=pause"}}
i  functions: Finished "europe-west3-refreshRampUp" in 109.9982ms {"metadata":{"emulator":{"name":"functions"},"function":{"name":"europe-west3-refreshRampUp"},"extension":{},"message":"Finished \"europe-west3-refreshRampUp\" in 109.9982ms"}}
[2026-05-12T18:18:00.505Z] [worker-europe-west3-refreshRampUp-9ed66f30-3244-46a5-9300-fef970c317ab]: IDLE {"metadata":{"emulator":{"name":"functions"},"function":{"name":"europe-west3-refreshRampUp"},"extension":{},"message":"[worker-europe-west3-refreshRampUp-9ed66f30-3244-46a5-9300-fef970c317ab]: IDLE"}}
[2026-05-12T18:18:00.506Z] Finishing up request with event=finish {"metadata":{"emulator":{"name":"functions"},"function":{"name":"europe-west3-refreshRampUp"},"extension":{},"message":"Finishing up request with event=finish"}}
[2026-05-12T18:18:00.507Z] Finishing up request with event=close {"metadata":{"emulator":{"name":"functions"},"function":{"name":"europe-west3-refreshRampUp"},"extension":{},"message":"Finishing up request with event=close"}}
[2026-05-12T18:18:00.507Z] [work-queue] {"queuedWork":[],"queueLength":0,"runningWork":[],"workRunningCount":0}
[2026-05-12T18:18:09.297Z] [work-queue] {"queuedWork":["/hellofresh-de-problem-solve/europe-west3/refreshRampUp-2026-05-12T18:18:09.297Z"],"queueLength":1,"runningWork":[],"workRunningCount":0}
[2026-05-12T18:18:09.299Z] [work-queue] {"queuedWork":[],"queueLength":0,"runningWork":["/hellofresh-de-problem-solve/europe-west3/refreshRampUp-2026-05-12T18:18:09.297Z"],"workRunningCount":1}
[2026-05-12T18:18:09.300Z] Accepted request POST /hellofresh-de-problem-solve/europe-west3/refreshRampUp --> europe-west3-refreshRampUp
[2026-05-12T18:18:09.302Z] [functions] Runtime ready! Sending request! {"metadata":{"emulator":{"name":"functions"},"message":"[functions] Runtime ready! Sending request!"}}
[2026-05-12T18:18:09.303Z] [functions] Got req.url=/hellofresh-de-problem-solve/europe-west3/refreshRampUp, mapping to path=/ {"metadata":{"emulator":{"name":"functions"},"message":"[functions] Got req.url=/hellofresh-de-problem-solve/europe-west3/refreshRampUp, mapping to path=/"}}
[2026-05-12T18:18:09.303Z] [worker-pool] submitRequest(triggerId=europe-west3-refreshRampUp) {"metadata":{"emulator":{"name":"functions"},"message":"[worker-pool] submitRequest(triggerId=europe-west3-refreshRampUp)"}}
i  functions: Beginning execution of "europe-west3-refreshRampUp" {"metadata":{"emulator":{"name":"functions"},"function":{"name":"europe-west3-refreshRampUp"},"extension":{},"message":"Beginning execution of \"europe-west3-refreshRampUp\""}}
[2026-05-12T18:18:09.304Z] [worker-europe-west3-refreshRampUp-9ed66f30-3244-46a5-9300-fef970c317ab]: BUSY {"metadata":{"emulator":{"name":"functions"},"function":{"name":"europe-west3-refreshRampUp"},"extension":{},"message":"[worker-europe-west3-refreshRampUp-9ed66f30-3244-46a5-9300-fef970c317ab]: BUSY"}}
[2026-05-12T18:18:09.305Z] [work-queue] {"queuedWork":["/hellofresh-de-problem-solve/europe-west3/refreshRampUp-2026-05-12T18:18:09.305Z"],"queueLength":1,"runningWork":["/hellofresh-de-problem-solve/europe-west3/refreshRampUp-2026-05-12T18:18:09.297Z"],"workRunningCount":1}
[2026-05-12T18:18:09.306Z] [work-queue] {"queuedWork":[],"queueLength":0,"runningWork":["/hellofresh-de-problem-solve/europe-west3/refreshRampUp-2026-05-12T18:18:09.297Z","/hellofresh-de-problem-solve/europe-west3/refreshRampUp-2026-05-12T18:18:09.305Z"],"workRunningCount":2}
[2026-05-12T18:18:09.306Z] Accepted request POST /hellofresh-de-problem-solve/europe-west3/refreshRampUp --> europe-west3-refreshRampUp
[2026-05-12T18:18:09.308Z] [functions] Runtime ready! Sending request! {"metadata":{"emulator":{"name":"functions"},"message":"[functions] Runtime ready! Sending request!"}}
[2026-05-12T18:18:09.309Z] [functions] Got req.url=/hellofresh-de-problem-solve/europe-west3/refreshRampUp, mapping to path=/ {"metadata":{"emulator":{"name":"functions"},"message":"[functions] Got req.url=/hellofresh-de-problem-solve/europe-west3/refreshRampUp, mapping to path=/"}}
[2026-05-12T18:18:09.309Z] [worker-pool] submitRequest(triggerId=europe-west3-refreshRampUp) {"metadata":{"emulator":{"name":"functions"},"message":"[worker-pool] submitRequest(triggerId=europe-west3-refreshRampUp)"}}
i  functions: Beginning execution of "europe-west3-refreshRampUp" {"metadata":{"emulator":{"name":"functions"},"function":{"name":"europe-west3-refreshRampUp"},"extension":{},"message":"Beginning execution of \"europe-west3-refreshRampUp\""}}
[2026-05-12T18:18:09.310Z] [worker-europe-west3-refreshRampUp-0676dcda-ee03-494d-aa9a-04cb401f5993]: BUSY {"metadata":{"emulator":{"name":"functions"},"function":{"name":"europe-west3-refreshRampUp"},"extension":{},"message":"[worker-europe-west3-refreshRampUp-0676dcda-ee03-494d-aa9a-04cb401f5993]: BUSY"}}
[2026-05-12T18:18:09.392Z] Finishing up request with event=pause {"metadata":{"emulator":{"name":"functions"},"function":{"name":"europe-west3-refreshRampUp"},"extension":{},"message":"Finishing up request with event=pause"}}
i  functions: Finished "europe-west3-refreshRampUp" in 89.2397ms {"metadata":{"emulator":{"name":"functions"},"function":{"name":"europe-west3-refreshRampUp"},"extension":{},"message":"Finished \"europe-west3-refreshRampUp\" in 89.2397ms"}}
[2026-05-12T18:18:09.394Z] [worker-europe-west3-refreshRampUp-9ed66f30-3244-46a5-9300-fef970c317ab]: IDLE {"metadata":{"emulator":{"name":"functions"},"function":{"name":"europe-west3-refreshRampUp"},"extension":{},"message":"[worker-europe-west3-refreshRampUp-9ed66f30-3244-46a5-9300-fef970c317ab]: IDLE"}}
[2026-05-12T18:18:09.394Z] Finishing up request with event=finish {"metadata":{"emulator":{"name":"functions"},"function":{"name":"europe-west3-refreshRampUp"},"extension":{},"message":"Finishing up request with event=finish"}}
[2026-05-12T18:18:09.395Z] Finishing up request with event=close {"metadata":{"emulator":{"name":"functions"},"function":{"name":"europe-west3-refreshRampUp"},"extension":{},"message":"Finishing up request with event=close"}}
[2026-05-12T18:18:09.395Z] [work-queue] {"queuedWork":[],"queueLength":0,"runningWork":["/hellofresh-de-problem-solve/europe-west3/refreshRampUp-2026-05-12T18:18:09.305Z"],"workRunningCount":1}
[2026-05-12T18:18:09.411Z] Finishing up request with event=pause {"metadata":{"emulator":{"name":"functions"},"function":{"name":"europe-west3-refreshRampUp"},"extension":{},"message":"Finishing up request with event=pause"}}
i  functions: Finished "europe-west3-refreshRampUp" in 101.4593ms {"metadata":{"emulator":{"name":"functions"},"function":{"name":"europe-west3-refreshRampUp"},"extension":{},"message":"Finished \"europe-west3-refreshRampUp\" in 101.4593ms"}}
[2026-05-12T18:18:09.412Z] [worker-europe-west3-refreshRampUp-0676dcda-ee03-494d-aa9a-04cb401f5993]: IDLE {"metadata":{"emulator":{"name":"functions"},"function":{"name":"europe-west3-refreshRampUp"},"extension":{},"message":"[worker-europe-west3-refreshRampUp-0676dcda-ee03-494d-aa9a-04cb401f5993]: IDLE"}}
[2026-05-12T18:18:09.413Z] Finishing up request with event=finish {"metadata":{"emulator":{"name":"functions"},"function":{"name":"europe-west3-refreshRampUp"},"extension":{},"message":"Finishing up request with event=finish"}}
[2026-05-12T18:18:09.413Z] Finishing up request with event=close {"metadata":{"emulator":{"name":"functions"},"function":{"name":"europe-west3-refreshRampUp"},"extension":{},"message":"Finishing up request with event=close"}}
[2026-05-12T18:18:09.414Z] [work-queue] {"queuedWork":[],"queueLength":0,"runningWork":[],"workRunningCount":0}
[2026-05-12T18:18:20.571Z] [work-queue] {"queuedWork":["/hellofresh-de-problem-solve/europe-west3/refreshRampUp-2026-05-12T18:18:20.571Z"],"queueLength":1,"runningWork":[],"workRunningCount":0}
[2026-05-12T18:18:20.572Z] [work-queue] {"queuedWork":[],"queueLength":0,"runningWork":["/hellofresh-de-problem-solve/europe-west3/refreshRampUp-2026-05-12T18:18:20.571Z"],"workRunningCount":1}
[2026-05-12T18:18:20.572Z] Accepted request POST /hellofresh-de-problem-solve/europe-west3/refreshRampUp --> europe-west3-refreshRampUp
[2026-05-12T18:18:20.574Z] [functions] Runtime ready! Sending request! {"metadata":{"emulator":{"name":"functions"},"message":"[functions] Runtime ready! Sending request!"}}
[2026-05-12T18:18:20.575Z] [functions] Got req.url=/hellofresh-de-problem-solve/europe-west3/refreshRampUp, mapping to path=/ {"metadata":{"emulator":{"name":"functions"},"message":"[functions] Got req.url=/hellofresh-de-problem-solve/europe-west3/refreshRampUp, mapping to path=/"}}
[2026-05-12T18:18:20.575Z] [worker-pool] submitRequest(triggerId=europe-west3-refreshRampUp) {"metadata":{"emulator":{"name":"functions"},"message":"[worker-pool] submitRequest(triggerId=europe-west3-refreshRampUp)"}}
i  functions: Beginning execution of "europe-west3-refreshRampUp" {"metadata":{"emulator":{"name":"functions"},"function":{"name":"europe-west3-refreshRampUp"},"extension":{},"message":"Beginning execution of \"europe-west3-refreshRampUp\""}}
[2026-05-12T18:18:20.576Z] [worker-europe-west3-refreshRampUp-9ed66f30-3244-46a5-9300-fef970c317ab]: BUSY {"metadata":{"emulator":{"name":"functions"},"function":{"name":"europe-west3-refreshRampUp"},"extension":{},"message":"[worker-europe-west3-refreshRampUp-9ed66f30-3244-46a5-9300-fef970c317ab]: BUSY"}}
[2026-05-12T18:18:20.577Z] [work-queue] {"queuedWork":["/hellofresh-de-problem-solve/europe-west3/refreshRampUp-2026-05-12T18:18:20.577Z"],"queueLength":1,"runningWork":["/hellofresh-de-problem-solve/europe-west3/refreshRampUp-2026-05-12T18:18:20.571Z"],"workRunningCount":1}
[2026-05-12T18:18:20.578Z] [work-queue] {"queuedWork":[],"queueLength":0,"runningWork":["/hellofresh-de-problem-solve/europe-west3/refreshRampUp-2026-05-12T18:18:20.571Z","/hellofresh-de-problem-solve/europe-west3/refreshRampUp-2026-05-12T18:18:20.577Z"],"workRunningCount":2}
[2026-05-12T18:18:20.578Z] Accepted request POST /hellofresh-de-problem-solve/europe-west3/refreshRampUp --> europe-west3-refreshRampUp
[2026-05-12T18:18:20.580Z] [functions] Runtime ready! Sending request! {"metadata":{"emulator":{"name":"functions"},"message":"[functions] Runtime ready! Sending request!"}}
[2026-05-12T18:18:20.580Z] [functions] Got req.url=/hellofresh-de-problem-solve/europe-west3/refreshRampUp, mapping to path=/ {"metadata":{"emulator":{"name":"functions"},"message":"[functions] Got req.url=/hellofresh-de-problem-solve/europe-west3/refreshRampUp, mapping to path=/"}}
[2026-05-12T18:18:20.581Z] [worker-pool] submitRequest(triggerId=europe-west3-refreshRampUp) {"metadata":{"emulator":{"name":"functions"},"message":"[worker-pool] submitRequest(triggerId=europe-west3-refreshRampUp)"}}
i  functions: Beginning execution of "europe-west3-refreshRampUp" {"metadata":{"emulator":{"name":"functions"},"function":{"name":"europe-west3-refreshRampUp"},"extension":{},"message":"Beginning execution of \"europe-west3-refreshRampUp\""}}
[2026-05-12T18:18:20.582Z] [worker-europe-west3-refreshRampUp-0676dcda-ee03-494d-aa9a-04cb401f5993]: BUSY {"metadata":{"emulator":{"name":"functions"},"function":{"name":"europe-west3-refreshRampUp"},"extension":{},"message":"[worker-europe-west3-refreshRampUp-0676dcda-ee03-494d-aa9a-04cb401f5993]: BUSY"}}
[2026-05-12T18:18:20.658Z] Finishing up request with event=pause {"metadata":{"emulator":{"name":"functions"},"function":{"name":"europe-west3-refreshRampUp"},"extension":{},"message":"Finishing up request with event=pause"}}
i  functions: Finished "europe-west3-refreshRampUp" in 82.874ms {"metadata":{"emulator":{"name":"functions"},"function":{"name":"europe-west3-refreshRampUp"},"extension":{},"message":"Finished \"europe-west3-refreshRampUp\" in 82.874ms"}}
[2026-05-12T18:18:20.659Z] [worker-europe-west3-refreshRampUp-9ed66f30-3244-46a5-9300-fef970c317ab]: IDLE {"metadata":{"emulator":{"name":"functions"},"function":{"name":"europe-west3-refreshRampUp"},"extension":{},"message":"[worker-europe-west3-refreshRampUp-9ed66f30-3244-46a5-9300-fef970c317ab]: IDLE"}}
[2026-05-12T18:18:20.660Z] Finishing up request with event=finish {"metadata":{"emulator":{"name":"functions"},"function":{"name":"europe-west3-refreshRampUp"},"extension":{},"message":"Finishing up request with event=finish"}}
[2026-05-12T18:18:20.660Z] Finishing up request with event=close {"metadata":{"emulator":{"name":"functions"},"function":{"name":"europe-west3-refreshRampUp"},"extension":{},"message":"Finishing up request with event=close"}}
[2026-05-12T18:18:20.661Z] [work-queue] {"queuedWork":[],"queueLength":0,"runningWork":["/hellofresh-de-problem-solve/europe-west3/refreshRampUp-2026-05-12T18:18:20.577Z"],"workRunningCount":1}
[2026-05-12T18:18:20.675Z] Finishing up request with event=pause {"metadata":{"emulator":{"name":"functions"},"function":{"name":"europe-west3-refreshRampUp"},"extension":{},"message":"Finishing up request with event=pause"}}
i  functions: Finished "europe-west3-refreshRampUp" in 93.9045ms {"metadata":{"emulator":{"name":"functions"},"function":{"name":"europe-west3-refreshRampUp"},"extension":{},"message":"Finished \"europe-west3-refreshRampUp\" in 93.9045ms"}}
[2026-05-12T18:18:20.676Z] [worker-europe-west3-refreshRampUp-0676dcda-ee03-494d-aa9a-04cb401f5993]: IDLE {"metadata":{"emulator":{"name":"functions"},"function":{"name":"europe-west3-refreshRampUp"},"extension":{},"message":"[worker-europe-west3-refreshRampUp-0676dcda-ee03-494d-aa9a-04cb401f5993]: IDLE"}}
[2026-05-12T18:18:20.676Z] Finishing up request with event=finish {"metadata":{"emulator":{"name":"functions"},"function":{"name":"europe-west3-refreshRampUp"},"extension":{},"message":"Finishing up request with event=finish"}}
[2026-05-12T18:18:20.677Z] Finishing up request with event=close {"metadata":{"emulator":{"name":"functions"},"function":{"name":"europe-west3-refreshRampUp"},"extension":{},"message":"Finishing up request with event=close"}}
[2026-05-12T18:18:20.677Z] [work-queue] {"queuedWork":[],"queueLength":0,"runningWork":[],"workRunningCount":0}
[2026-05-12T18:18:32.211Z] [work-queue] {"queuedWork":["/hellofresh-de-problem-solve/europe-west3/wmsLive-2026-05-12T18:18:32.211Z"],"queueLength":1,"runningWork":[],"workRunningCount":0}
[2026-05-12T18:18:32.212Z] [work-queue] {"queuedWork":[],"queueLength":0,"runningWork":["/hellofresh-de-problem-solve/europe-west3/wmsLive-2026-05-12T18:18:32.211Z"],"workRunningCount":1}
[2026-05-12T18:18:32.212Z] Accepted request GET /hellofresh-de-problem-solve/europe-west3/wmsLive?week=2026-W17 --> europe-west3-wmsLive
[2026-05-12T18:18:32.214Z] [functions] Runtime ready! Sending request! {"metadata":{"emulator":{"name":"functions"},"message":"[functions] Runtime ready! Sending request!"}}
[2026-05-12T18:18:32.214Z] [functions] Got req.url=/hellofresh-de-problem-solve/europe-west3/wmsLive?week=2026-W17, mapping to path=/?week=2026-W17 {"metadata":{"emulator":{"name":"functions"},"message":"[functions] Got req.url=/hellofresh-de-problem-solve/europe-west3/wmsLive?week=2026-W17, mapping to path=/?week=2026-W17"}}
[2026-05-12T18:18:32.214Z] [worker-pool] submitRequest(triggerId=europe-west3-wmsLive) {"metadata":{"emulator":{"name":"functions"},"message":"[worker-pool] submitRequest(triggerId=europe-west3-wmsLive)"}}
i  functions: Beginning execution of "europe-west3-wmsLive" {"metadata":{"emulator":{"name":"functions"},"function":{"name":"europe-west3-wmsLive"},"extension":{},"message":"Beginning execution of \"europe-west3-wmsLive\""}}
[2026-05-12T18:18:32.215Z] [worker-europe-west3-wmsLive-95400e4b-5771-4270-924d-98f2f1b45ad3]: BUSY {"metadata":{"emulator":{"name":"functions"},"function":{"name":"europe-west3-wmsLive"},"extension":{},"message":"[worker-europe-west3-wmsLive-95400e4b-5771-4270-924d-98f2f1b45ad3]: BUSY"}}
>  {"level":"INFO","message":"[6:18:32.216 PM]: Creating new connection object"} {"user":{"level":"INFO","message":"[6:18:32.216 PM]: Creating new connection object"},"metadata":{"emulator":{"name":"functions"},"function":{"name":"europe-west3-wmsLive"},"extension":{},"message":"\u001b[90m> \u001b[39m {\"level\":\"INFO\",\"message\":\"[6:18:32.216 PM]: Creating new connection object\"}\r"}}
>  {"level":"INFO","message":"[6:18:32.217 PM]: Creating Connection[id: a87e362d-b8bf-4d90-a53b-afff7c8eacbb] with host: XG02811-OO69432.snowflakecomputing.com, account: XG02811-OO69432, accessUrl: https://XG02811-OO69432.snowflakecomputing.com, user: MARCEL.SPINDLER@HELLOFRESH.DE, role: US_OPS_ANALYTICS_USER, database: US_OPS_ANALYTICS, schema: HIGHJUMP, warehouse: US_OPS_ANALYTICS, proxy was not configured, password is not provided, region: undefined, authenticator: EXTERNALBROWSER, ocsp mode: FAIL_OPEN, os: win32, os version: 10.0.26100"} {"user":{"level":"INFO","message":"[6:18:32.217 PM]: Creating Connection[id: a87e362d-b8bf-4d90-a53b-afff7c8eacbb] with host: XG02811-OO69432.snowflakecomputing.com, account: XG02811-OO69432, accessUrl: https://XG02811-OO69432.snowflakecomputing.com, user: MARCEL.SPINDLER@HELLOFRESH.DE, role: US_OPS_ANALYTICS_USER, database: US_OPS_ANALYTICS, schema: HIGHJUMP, warehouse: US_OPS_ANALYTICS, proxy was not configured, password is not provided, region: undefined, authenticator: EXTERNALBROWSER, ocsp mode: FAIL_OPEN, os: win32, os version: 10.0.26100"},"metadata":{"emulator":{"name":"functions"},"function":{"name":"europe-west3-wmsLive"},"extension":{},"message":"\u001b[90m> \u001b[39m {\"level\":\"INFO\",\"message\":\"[6:18:32.217 PM]: Creating Connection[id: a87e362d-b8bf-4d90-a53b-afff7c8eacbb] with host: XG02811-OO69432.snowflakecomputing.com, account: XG02811-OO69432, accessUrl: https://XG02811-OO69432.snowflakecomputing.com, user: MARCEL.SPINDLER@HELLOFRESH.DE, role: US_OPS_ANALYTICS_USER, database: US_OPS_ANALYTICS, schema: HIGHJUMP, warehouse: US_OPS_ANALYTICS, proxy was not configured, password is not provided, region: undefined, authenticator: EXTERNALBROWSER, ocsp mode: FAIL_OPEN, os: win32, os version: 10.0.26100\"}\r"}}
>  {"level":"INFO","message":"[6:18:32.217 PM]: Connection[id: a87e362d-b8bf-4d90-a53b-afff7c8eacbb] additional details: passcode in password is provided, passcode is not provided, private key is not provided, application: rezeptlogik_wms_live, client name: snowflake-sdk, client version: 2.4.1, retry timeout: 300, private key path: undefined, private key pass is not provided, client store temporary credential: false, browser response timeout: 120000"} {"user":{"level":"INFO","message":"[6:18:32.217 PM]: Connection[id: a87e362d-b8bf-4d90-a53b-afff7c8eacbb] additional details: passcode in password is provided, passcode is not provided, private key is not provided, application: rezeptlogik_wms_live, client name: snowflake-sdk, client version: 2.4.1, retry timeout: 300, private key path: undefined, private key pass is not provided, client store temporary credential: false, browser response timeout: 120000"},"metadata":{"emulator":{"name":"functions"},"function":{"name":"europe-west3-wmsLive"},"extension":{},"message":"\u001b[90m> \u001b[39m {\"level\":\"INFO\",\"message\":\"[6:18:32.217 PM]: Connection[id: a87e362d-b8bf-4d90-a53b-afff7c8eacbb] additional details: passcode in password is provided, passcode is not provided, private key is not provided, application: rezeptlogik_wms_live, client name: snowflake-sdk, client version: 2.4.1, retry timeout: 300, private key path: undefined, private key pass is not provided, client store temporary credential: false, browser response timeout: 120000\"}\r"}}
>  {"level":"INFO","message":"[6:18:32.217 PM]: Connection[id: a87e362d-b8bf-4d90-a53b-afff7c8eacbb] - connection object created successfully."} {"user":{"level":"INFO","message":"[6:18:32.217 PM]: Connection[id: a87e362d-b8bf-4d90-a53b-afff7c8eacbb] - connection object created successfully."},"metadata":{"emulator":{"name":"functions"},"function":{"name":"europe-west3-wmsLive"},"extension":{},"message":"\u001b[90m> \u001b[39m {\"level\":\"INFO\",\"message\":\"[6:18:32.217 PM]: Connection[id: a87e362d-b8bf-4d90-a53b-afff7c8eacbb] - connection object created successfully.\"}\r"}}
>  {"level":"INFO","message":"[6:18:32.217 PM]: Connection[id: a87e362d-b8bf-4d90-a53b-afff7c8eacbb] - async connecting. Associated Snowflake domain: GLOBAL"} {"user":{"level":"INFO","message":"[6:18:32.217 PM]: Connection[id: a87e362d-b8bf-4d90-a53b-afff7c8eacbb] - async connecting. Associated Snowflake domain: GLOBAL"},"metadata":{"emulator":{"name":"functions"},"function":{"name":"europe-west3-wmsLive"},"extension":{},"message":"\u001b[90m> \u001b[39m {\"level\":\"INFO\",\"message\":\"[6:18:32.217 PM]: Connection[id: a87e362d-b8bf-4d90-a53b-afff7c8eacbb] - async connecting. Associated Snowflake domain: GLOBAL\"}\r"}}
[2026-05-12T18:18:32.639Z] [work-queue] {"queuedWork":["/hellofresh-de-problem-solve/europe-west3/refreshRampUp-2026-05-12T18:18:32.639Z"],"queueLength":1,"runningWork":["/hellofresh-de-problem-solve/europe-west3/wmsLive-2026-05-12T18:18:32.211Z"],"workRunningCount":1}
[2026-05-12T18:18:32.639Z] [work-queue] {"queuedWork":[],"queueLength":0,"runningWork":["/hellofresh-de-problem-solve/europe-west3/wmsLive-2026-05-12T18:18:32.211Z","/hellofresh-de-problem-solve/europe-west3/refreshRampUp-2026-05-12T18:18:32.639Z"],"workRunningCount":2}
[2026-05-12T18:18:32.642Z] Accepted request POST /hellofresh-de-problem-solve/europe-west3/refreshRampUp --> europe-west3-refreshRampUp
[2026-05-12T18:18:32.643Z] [functions] Runtime ready! Sending request! {"metadata":{"emulator":{"name":"functions"},"message":"[functions] Runtime ready! Sending request!"}}
[2026-05-12T18:18:32.643Z] [functions] Got req.url=/hellofresh-de-problem-solve/europe-west3/refreshRampUp, mapping to path=/ {"metadata":{"emulator":{"name":"functions"},"message":"[functions] Got req.url=/hellofresh-de-problem-solve/europe-west3/refreshRampUp, mapping to path=/"}}
[2026-05-12T18:18:32.643Z] [worker-pool] submitRequest(triggerId=europe-west3-refreshRampUp) {"metadata":{"emulator":{"name":"functions"},"message":"[worker-pool] submitRequest(triggerId=europe-west3-refreshRampUp)"}}
i  functions: Beginning execution of "europe-west3-refreshRampUp" {"metadata":{"emulator":{"name":"functions"},"function":{"name":"europe-west3-refreshRampUp"},"extension":{},"message":"Beginning execution of \"europe-west3-refreshRampUp\""}}
[2026-05-12T18:18:32.644Z] [worker-europe-west3-refreshRampUp-9ed66f30-3244-46a5-9300-fef970c317ab]: BUSY {"metadata":{"emulator":{"name":"functions"},"function":{"name":"europe-west3-refreshRampUp"},"extension":{},"message":"[worker-europe-west3-refreshRampUp-9ed66f30-3244-46a5-9300-fef970c317ab]: BUSY"}}
[2026-05-12T18:18:32.646Z] [work-queue] {"queuedWork":["/hellofresh-de-problem-solve/europe-west3/refreshRampUp-2026-05-12T18:18:32.646Z"],"queueLength":1,"runningWork":["/hellofresh-de-problem-solve/europe-west3/wmsLive-2026-05-12T18:18:32.211Z","/hellofresh-de-problem-solve/europe-west3/refreshRampUp-2026-05-12T18:18:32.639Z"],"workRunningCount":2}
[2026-05-12T18:18:32.646Z] [work-queue] {"queuedWork":[],"queueLength":0,"runningWork":["/hellofresh-de-problem-solve/europe-west3/wmsLive-2026-05-12T18:18:32.211Z","/hellofresh-de-problem-solve/europe-west3/refreshRampUp-2026-05-12T18:18:32.639Z","/hellofresh-de-problem-solve/europe-west3/refreshRampUp-2026-05-12T18:18:32.646Z"],"workRunningCount":3}
[2026-05-12T18:18:32.646Z] Accepted request POST /hellofresh-de-problem-solve/europe-west3/refreshRampUp --> europe-west3-refreshRampUp
[2026-05-12T18:18:32.649Z] [functions] Runtime ready! Sending request! {"metadata":{"emulator":{"name":"functions"},"message":"[functions] Runtime ready! Sending request!"}}
[2026-05-12T18:18:32.649Z] [functions] Got req.url=/hellofresh-de-problem-solve/europe-west3/refreshRampUp, mapping to path=/ {"metadata":{"emulator":{"name":"functions"},"message":"[functions] Got req.url=/hellofresh-de-problem-solve/europe-west3/refreshRampUp, mapping to path=/"}}
[2026-05-12T18:18:32.649Z] [worker-pool] submitRequest(triggerId=europe-west3-refreshRampUp) {"metadata":{"emulator":{"name":"functions"},"message":"[worker-pool] submitRequest(triggerId=europe-west3-refreshRampUp)"}}
i  functions: Beginning execution of "europe-west3-refreshRampUp" {"metadata":{"emulator":{"name":"functions"},"function":{"name":"europe-west3-refreshRampUp"},"extension":{},"message":"Beginning execution of \"europe-west3-refreshRampUp\""}}
[2026-05-12T18:18:32.650Z] [worker-europe-west3-refreshRampUp-0676dcda-ee03-494d-aa9a-04cb401f5993]: BUSY {"metadata":{"emulator":{"name":"functions"},"function":{"name":"europe-west3-refreshRampUp"},"extension":{},"message":"[worker-europe-west3-refreshRampUp-0676dcda-ee03-494d-aa9a-04cb401f5993]: BUSY"}}
[2026-05-12T18:18:32.716Z] Finishing up request with event=pause {"metadata":{"emulator":{"name":"functions"},"function":{"name":"europe-west3-refreshRampUp"},"extension":{},"message":"Finishing up request with event=pause"}}
i  functions: Finished "europe-west3-refreshRampUp" in 66.5439ms {"metadata":{"emulator":{"name":"functions"},"function":{"name":"europe-west3-refreshRampUp"},"extension":{},"message":"Finished \"europe-west3-refreshRampUp\" in 66.5439ms"}}
[2026-05-12T18:18:32.717Z] [worker-europe-west3-refreshRampUp-0676dcda-ee03-494d-aa9a-04cb401f5993]: IDLE {"metadata":{"emulator":{"name":"functions"},"function":{"name":"europe-west3-refreshRampUp"},"extension":{},"message":"[worker-europe-west3-refreshRampUp-0676dcda-ee03-494d-aa9a-04cb401f5993]: IDLE"}}
[2026-05-12T18:18:32.718Z] Finishing up request with event=finish {"metadata":{"emulator":{"name":"functions"},"function":{"name":"europe-west3-refreshRampUp"},"extension":{},"message":"Finishing up request with event=finish"}}
[2026-05-12T18:18:32.718Z] Finishing up request with event=close {"metadata":{"emulator":{"name":"functions"},"function":{"name":"europe-west3-refreshRampUp"},"extension":{},"message":"Finishing up request with event=close"}}
[2026-05-12T18:18:32.718Z] [work-queue] {"queuedWork":[],"queueLength":0,"runningWork":["/hellofresh-de-problem-solve/europe-west3/wmsLive-2026-05-12T18:18:32.211Z","/hellofresh-de-problem-solve/europe-west3/refreshRampUp-2026-05-12T18:18:32.639Z"],"workRunningCount":2}
[2026-05-12T18:18:32.953Z] Finishing up request with event=pause {"metadata":{"emulator":{"name":"functions"},"function":{"name":"europe-west3-refreshRampUp"},"extension":{},"message":"Finishing up request with event=pause"}}
i  functions: Finished "europe-west3-refreshRampUp" in 309.2945ms {"metadata":{"emulator":{"name":"functions"},"function":{"name":"europe-west3-refreshRampUp"},"extension":{},"message":"Finished \"europe-west3-refreshRampUp\" in 309.2945ms"}}
[2026-05-12T18:18:32.954Z] [worker-europe-west3-refreshRampUp-9ed66f30-3244-46a5-9300-fef970c317ab]: IDLE {"metadata":{"emulator":{"name":"functions"},"function":{"name":"europe-west3-refreshRampUp"},"extension":{},"message":"[worker-europe-west3-refreshRampUp-9ed66f30-3244-46a5-9300-fef970c317ab]: IDLE"}}
[2026-05-12T18:18:32.954Z] Finishing up request with event=finish {"metadata":{"emulator":{"name":"functions"},"function":{"name":"europe-west3-refreshRampUp"},"extension":{},"message":"Finishing up request with event=finish"}}
[2026-05-12T18:18:32.955Z] Finishing up request with event=close {"metadata":{"emulator":{"name":"functions"},"function":{"name":"europe-west3-refreshRampUp"},"extension":{},"message":"Finishing up request with event=close"}}
[2026-05-12T18:18:32.955Z] [work-queue] {"queuedWork":[],"queueLength":0,"runningWork":["/hellofresh-de-problem-solve/europe-west3/wmsLive-2026-05-12T18:18:32.211Z"],"workRunningCount":1}
[2026-05-12T18:18:45.204Z] [work-queue] {"queuedWork":["/hellofresh-de-problem-solve/europe-west3/refreshRampUp-2026-05-12T18:18:45.204Z"],"queueLength":1,"runningWork":["/hellofresh-de-problem-solve/europe-west3/wmsLive-2026-05-12T18:18:32.211Z"],"workRunningCount":1}
[2026-05-12T18:18:45.206Z] [work-queue] {"queuedWork":[],"queueLength":0,"runningWork":["/hellofresh-de-problem-solve/europe-west3/wmsLive-2026-05-12T18:18:32.211Z","/hellofresh-de-problem-solve/europe-west3/refreshRampUp-2026-05-12T18:18:45.204Z"],"workRunningCount":2}
[2026-05-12T18:18:45.207Z] Accepted request POST /hellofresh-de-problem-solve/europe-west3/refreshRampUp --> europe-west3-refreshRampUp
[2026-05-12T18:18:45.208Z] [functions] Runtime ready! Sending request! {"metadata":{"emulator":{"name":"functions"},"message":"[functions] Runtime ready! Sending request!"}}
[2026-05-12T18:18:45.209Z] [functions] Got req.url=/hellofresh-de-problem-solve/europe-west3/refreshRampUp, mapping to path=/ {"metadata":{"emulator":{"name":"functions"},"message":"[functions] Got req.url=/hellofresh-de-problem-solve/europe-west3/refreshRampUp, mapping to path=/"}}
[2026-05-12T18:18:45.209Z] [worker-pool] submitRequest(triggerId=europe-west3-refreshRampUp) {"metadata":{"emulator":{"name":"functions"},"message":"[worker-pool] submitRequest(triggerId=europe-west3-refreshRampUp)"}}
i  functions: Beginning execution of "europe-west3-refreshRampUp" {"metadata":{"emulator":{"name":"functions"},"function":{"name":"europe-west3-refreshRampUp"},"extension":{},"message":"Beginning execution of \"europe-west3-refreshRampUp\""}}
[2026-05-12T18:18:45.210Z] [worker-europe-west3-refreshRampUp-9ed66f30-3244-46a5-9300-fef970c317ab]: BUSY {"metadata":{"emulator":{"name":"functions"},"function":{"name":"europe-west3-refreshRampUp"},"extension":{},"message":"[worker-europe-west3-refreshRampUp-9ed66f30-3244-46a5-9300-fef970c317ab]: BUSY"}}
[2026-05-12T18:18:45.212Z] [work-queue] {"queuedWork":["/hellofresh-de-problem-solve/europe-west3/refreshRampUp-2026-05-12T18:18:45.212Z"],"queueLength":1,"runningWork":["/hellofresh-de-problem-solve/europe-west3/wmsLive-2026-05-12T18:18:32.211Z","/hellofresh-de-problem-solve/europe-west3/refreshRampUp-2026-05-12T18:18:45.204Z"],"workRunningCount":2}
[2026-05-12T18:18:45.212Z] [work-queue] {"queuedWork":[],"queueLength":0,"runningWork":["/hellofresh-de-problem-solve/europe-west3/wmsLive-2026-05-12T18:18:32.211Z","/hellofresh-de-problem-solve/europe-west3/refreshRampUp-2026-05-12T18:18:45.204Z","/hellofresh-de-problem-solve/europe-west3/refreshRampUp-2026-05-12T18:18:45.212Z"],"workRunningCount":3}
[2026-05-12T18:18:45.213Z] Accepted request POST /hellofresh-de-problem-solve/europe-west3/refreshRampUp --> europe-west3-refreshRampUp
[2026-05-12T18:18:45.216Z] [functions] Runtime ready! Sending request! {"metadata":{"emulator":{"name":"functions"},"message":"[functions] Runtime ready! Sending request!"}}
[2026-05-12T18:18:45.216Z] [functions] Got req.url=/hellofresh-de-problem-solve/europe-west3/refreshRampUp, mapping to path=/ {"metadata":{"emulator":{"name":"functions"},"message":"[functions] Got req.url=/hellofresh-de-problem-solve/europe-west3/refreshRampUp, mapping to path=/"}}
[2026-05-12T18:18:45.217Z] [worker-pool] submitRequest(triggerId=europe-west3-refreshRampUp) {"metadata":{"emulator":{"name":"functions"},"message":"[worker-pool] submitRequest(triggerId=europe-west3-refreshRampUp)"}}
i  functions: Beginning execution of "europe-west3-refreshRampUp" {"metadata":{"emulator":{"name":"functions"},"function":{"name":"europe-west3-refreshRampUp"},"extension":{},"message":"Beginning execution of \"europe-west3-refreshRampUp\""}}
[2026-05-12T18:18:45.218Z] [worker-europe-west3-refreshRampUp-0676dcda-ee03-494d-aa9a-04cb401f5993]: BUSY {"metadata":{"emulator":{"name":"functions"},"function":{"name":"europe-west3-refreshRampUp"},"extension":{},"message":"[worker-europe-west3-refreshRampUp-0676dcda-ee03-494d-aa9a-04cb401f5993]: BUSY"}}
[2026-05-12T18:18:45.305Z] Finishing up request with event=pause {"metadata":{"emulator":{"name":"functions"},"function":{"name":"europe-west3-refreshRampUp"},"extension":{},"message":"Finishing up request with event=pause"}}
i  functions: Finished "europe-west3-refreshRampUp" in 96.7397ms {"metadata":{"emulator":{"name":"functions"},"function":{"name":"europe-west3-refreshRampUp"},"extension":{},"message":"Finished \"europe-west3-refreshRampUp\" in 96.7397ms"}}
[2026-05-12T18:18:45.308Z] [worker-europe-west3-refreshRampUp-9ed66f30-3244-46a5-9300-fef970c317ab]: IDLE {"metadata":{"emulator":{"name":"functions"},"function":{"name":"europe-west3-refreshRampUp"},"extension":{},"message":"[worker-europe-west3-refreshRampUp-9ed66f30-3244-46a5-9300-fef970c317ab]: IDLE"}}
[2026-05-12T18:18:45.310Z] Finishing up request with event=finish {"metadata":{"emulator":{"name":"functions"},"function":{"name":"europe-west3-refreshRampUp"},"extension":{},"message":"Finishing up request with event=finish"}}
[2026-05-12T18:18:45.311Z] Finishing up request with event=close {"metadata":{"emulator":{"name":"functions"},"function":{"name":"europe-west3-refreshRampUp"},"extension":{},"message":"Finishing up request with event=close"}}
[2026-05-12T18:18:45.311Z] [work-queue] {"queuedWork":[],"queueLength":0,"runningWork":["/hellofresh-de-problem-solve/europe-west3/wmsLive-2026-05-12T18:18:32.211Z","/hellofresh-de-problem-solve/europe-west3/refreshRampUp-2026-05-12T18:18:45.212Z"],"workRunningCount":2}
[2026-05-12T18:18:45.313Z] Finishing up request with event=pause {"metadata":{"emulator":{"name":"functions"},"function":{"name":"europe-west3-refreshRampUp"},"extension":{},"message":"Finishing up request with event=pause"}}
i  functions: Finished "europe-west3-refreshRampUp" in 95.7966ms {"metadata":{"emulator":{"name":"functions"},"function":{"name":"europe-west3-refreshRampUp"},"extension":{},"message":"Finished \"europe-west3-refreshRampUp\" in 95.7966ms"}}
[2026-05-12T18:18:45.315Z] [worker-europe-west3-refreshRampUp-0676dcda-ee03-494d-aa9a-04cb401f5993]: IDLE {"metadata":{"emulator":{"name":"functions"},"function":{"name":"europe-west3-refreshRampUp"},"extension":{},"message":"[worker-europe-west3-refreshRampUp-0676dcda-ee03-494d-aa9a-04cb401f5993]: IDLE"}}
[2026-05-12T18:18:45.315Z] Finishing up request with event=finish {"metadata":{"emulator":{"name":"functions"},"function":{"name":"europe-west3-refreshRampUp"},"extension":{},"message":"Finishing up request with event=finish"}}
[2026-05-12T18:18:45.316Z] Finishing up request with event=close {"metadata":{"emulator":{"name":"functions"},"function":{"name":"europe-west3-refreshRampUp"},"extension":{},"message":"Finishing up request with event=close"}}
[2026-05-12T18:18:45.316Z] [work-queue] {"queuedWork":[],"queueLength":0,"runningWork":["/hellofresh-de-problem-solve/europe-west3/wmsLive-2026-05-12T18:18:32.211Z"],"workRunningCount":1}
i  Your function timed out after ~90s. To configure this timeout, see
      https://firebase.google.com/docs/functions/manage-functions#set_timeout_and_memory_allocation. {"metadata":{"emulator":{"name":"functions"},"function":{"name":"europe-west3-wmsLive"},"extension":{},"message":"Your function timed out after ~90s. To configure this timeout, see\n      https://firebase.google.com/docs/functions/manage-functions#set_timeout_and_memory_allocation."}}
i  Request to function failed: Error: socket hang up {"metadata":{"emulator":{"name":"functions"},"function":{"name":"europe-west3-wmsLive"},"extension":{},"message":"Request to function failed: Error: socket hang up"}}
[2026-05-12T18:20:02.224Z] [work-queue] {"queuedWork":[],"queueLength":0,"runningWork":[],"workRunningCount":0}
[2026-05-12T18:20:02.240Z] [worker-europe-west3-wmsLive-95400e4b-5771-4270-924d-98f2f1b45ad3]: exited {"metadata":{"emulator":{"name":"functions"},"function":{"name":"europe-west3-wmsLive"},"extension":{},"message":"[worker-europe-west3-wmsLive-95400e4b-5771-4270-924d-98f2f1b45ad3]: exited"}}
[2026-05-12T18:20:02.240Z] [worker-europe-west3-wmsLive-95400e4b-5771-4270-924d-98f2f1b45ad3]: FINISHED {"metadata":{"emulator":{"name":"functions"},"function":{"name":"europe-west3-wmsLive"},"extension":{},"message":"[worker-europe-west3-wmsLive-95400e4b-5771-4270-924d-98f2f1b45ad3]: FINISHED"}}
