"s","Buffer BNL","(add)","12","Buffer NOR","(add)","12","PO - Buffer Defaults","2.00%","","PO - Buffer DE Defaults","-10%","",""
"","","","","Buffer DE","(add)","12","","","","PO - Buffer DE Defaults","-5%","",""
"Week number:","W19","W19","","","","","","","","","","",""
"PASTE FROM D4 OUTPUT >>","","","","","","","COUNT WITH BUFFER","","","","IMPORTS FROM MENU DATABASE","",""
"Slot BNL","Slot NOR","Slot GER","Week","Count BNL","Count NOR","Count GER","BNL Count w/ buffer","NOR Count w/ buffer","DE Count w/ buffer","Total Count w/ buffer","Recipe Code","Recipe Name",""
"401","451","301","W01","2,160","892","405","25,920","904","417","27,241","FE0322O","Sour Cream & Chive Chicken",""
"402","452","302","W01","1,621","620","258","19,452","632","270","20,354","FE4015A","Grilled chicken and ratatouille",""
"403","453","303","W01","1,804","726","328","21,648","738","340","22,726","FE0849A","Courgette-spaghetti bolognese",""
"404","454","304","W01","1,758","768","351","21,096","780","363","22,239","FE4040B","Chicken in creamy basil sauce",""
"405","455","305","W01","1,420","656","321","17,040","668","333","18,041","FE0271B","Cranberry Chicken ",""
"406","456","306","W01","1,120","454","238","13,440","466","250","14,156","FE4053A","#N/A",""
"407","457","307","W01","870","621","193","10,440","633","205","11,278","FE4060A","Artichoke & Spinach Pork tenderloin",""
"408","458","308","W01","1,286","853","241","15,432","865","253","16,550","FE0036E","Salmon on cheesy cauliflower rice",""
"409","459","309","W01","321","202","78","321","214","90","625","FE0121B","#N/A",""
"410","460","310","W01","258","220","56","258","232","68","558","FE0090C","Ratatouille of zucchini and pepper",""
"411","461","311","W01","753","634","140","753","646","152","1,551","FE0384K","Chive & Garlic Chicken",""
"412","462","312","W01","976","835","195","976","847","207","2,030","FE1465A","Caribbean Mango Salsa Salmon",""
"413","463","313","W01","787","448","126","787","460","138","1,385","FE4071A","Pulled Jerk Chicken & Rice",""
"414","464","314","W01","407","288","82","407","300","94","801","FE1776A","Fire-Roasted Tomato & Feta Shrimp",""
"415","465","315","W01","495","243","112","495","255","124","874","FE4065A","Spicy Beef & Black Bean Chili",""
"416","466","316","W01","310","189","72","310","201","84","595","FE0025M","Chicken in lemon-capers sauce",""
"417","467","317","W01","328","217","76","328","229","88","645","FE0565D","Pork tenderloin with caramelized onion",""
"418","468","318","W01","343","176","48","343","188","60","591","FE4048A","#N/A",""
"506","556","806","W01","66","32","14","66","32","26","124","FEA006A","Garlic Herb Grilled Chicken",""
"401","451","301","W02","4,591","2,481","1,060","55,092","2,493","1,072","58,657","FE4015A","Grilled chicken and ratatouille",""
"402","452","302","W02","3,372","1,794","770","40,464","1,806","782","43,052","FE0426B","Grilled chicken fillet and potato leek mash",""
"403","453","303","W02","3,957","1,908","977","47,484","1,920","989","50,393","FE0713B","Cabbage in cheese sauce with minced beef",""
"404","454","304","W02","4,232","2,272","1,008","50,784","2,284","1,020","54,088","FE0970B","Caramelized Onion & Emmental Fondue Chicken",""
"405","455","305","W02","3,417","2,031","959","41,004","2,043","971","44,018","FE0224C","Chicken à la Florentine",""
"406","456","306","W02","2,727","1,394","793","32,724","1,406","805","34,935","FE0198D","Spicy chicken with jalapeño, lime and cheddar",""
"407","457","307","W02","1,961","1,077","489","23,532","1,089","501","25,122","FE4010B","Grilled pork tenderloin and tomato butter",""
"408","458","308","W02","1,991","1,089","620","23,892","1,101","632","25,625","FE1031A","Salmon Dijonnaise",""
"409","459","309","W02","689","266","168","689","278","180","1,147","FE0090C","Ratatouille of zucchini and pepper",""
"410","460","310","W02","614","282","215","614","294","227","1,135","FE0121C","Mexican style corn cake",""
"411","461","311","W02","565","297","204","565","309","216","1,090","FE1404A","Bulgogi Shredded Beef Bowl",""
"412","462","312","W02","1,336","777","485","1,336","789","497","2,622","FE1731A","Citrus–Miso Salmon Bowl",""
"413","463","313","W02","1,263","683","378","1,263","695","390","2,348","FE1429A","Athenian-Style Feta Chicken",""
"414","464","314","W02","935","492","183","935","504","195","1,634","FE1408A","#N/A",""
"415","465","315","W02","323","171","156","323","183","168","674","FE1348B","Cheddar & Bell Pepper Pulled Beef Bowl",""
"416","466","316","W02","1,062","507","317","1,062","519","329","1,910","FE0472B","Indian style butter chicken",""
"417","467","317","W02","448","288","191","448","300","203","951","FE1072A","#N/A",""
"418","468","318","W02","300","148","85","300","160","97","557","FE0430E","Pork tenderloin in red pepper sauce",""
"506","556","806","W02","57","29","18","57","29","30","116","FEA006A","Garlic Herb Grilled Chicken",""
"401","451","301","W03","5314","3320","1982","63,768","3,332","1,994","69,094","FE0322O","Sour Cream & Chive Chicken",""
"402","452","302","W03","3436","1976","1074","41,232","1,988","1,086","44,306","FE4014B","Creamy basil risotto with chicken",""
"403","453","303","W03","4486","2753","1646","53,832","2,765","1,658","58,255","FE1345A","Pulled beef & pasta in cheese sauce",""
"404","454","304","W03","4078","2694","1583","48,936","2,706","1,595","53,237","FE0036E","Salmon on cheesy cauliflower rice",""
"405","455","305","W03","3409","1867","1462","40,908","1,879","1,474","44,261","FE4001C","#N/A",""
"406","456","306","W03","2809","1743","1286","33,708","1,755","1,298","36,761","FE0972B","Salmon Piccata",""
"407","457","307","W03","1953","1195","802","23,436","1,207","814","25,457","FE0207I","Chicken in creamy spinach",""
"408","458","308","W03","3593","2142","1445","43,116","2,154","1,457","46,727","FE0024E","Chicken in tomato cream sauce",""
"409","459","309","W03","742","362","280","742","374","292","1,408","FE0121C","Mexican style corn cake",""
"410","460","310","W03","640","311","225","640","323","237","1,200","FE0031C","Creamy tomato risotto",""
"411","461","311","W03","1011","701","455","1,011","713","467","2,191","FE0565D","Pork tenderloin with caramelized onion",""
"412","462","312","W03","2172","1136","756","2,172","1,148","768","4,088","FE4066A","Thai Style Green Curry Salmon",""
"413","463","313","W03","2307","1206","947","2,307","1,218","959","4,484","FE1451A","West African Style Chicken Peanut Curry",""
"414","464","314","W03","1092","775","345","1,092","787","357","2,236","FE0689A","Keema-inspired Beef Curry",""
"415","465","315","W03","1533","497","420","1,533","509","432","2,474","FE4063A","Cheddar pulled beef",""
"416","466","316","W03","1060","589","422","1,060","601","434","2,095","FE1829A","Shakshuka-Style Chicken",""
"417","467","317","W03","1444","832","485","1,444","844","497","2,785","FE0962A","#N/A",""
"418","468","318","W03","1160","811","445","1,160","823","457","2,440","FE0890B","Pork tenderloin with apple-mustard sauce",""
"506","556","806","W03","98","70","68","98","70","80","248","FEA006A","Garlic Herb Grilled Chicken",""
"401","451","301","W04","5442","3025","1828","5,563","3,098","1,657","10,318","FE0426B","Grilled chicken fillet and potato leek mash",""
"402","452","302","W04","3606","1985","1321","3,690","2,037","1,201","6,928","FE4015A","Grilled chicken and ratatouille",""
"403","453","303","W04","4560","2440","1873","4,663","2,501","1,698","8,862","FE0849A","Courgette-spaghetti bolognese",""
"404","454","304","W04","5402","2937","2045","5,522","3,008","1,853","10,382","FE4044C","Salmon on tomato risotto",""
"405","455","305","W04","3425","1895","1359","3,506","1,945","1,235","6,686","FE0224C","Chicken à la Florentine",""
"406","456","306","W04","2440","1488","1270","2,501","1,530","1,155","5,186","FE0036E","Salmon on cheesy cauliflower rice",""
"407","457","307","W04","2329","1389","1072","2,388","1,429","977","4,793","FE0472B","Indian style butter chicken",""
"408","458","308","W04","3261","1813","1382","3,338","1,861","1,256","6,455","FE4038B","Chicken in mushroom sauce",""
"409","459","309","W04","1085","448","313","1,119","469","309","1,897","FE0031C","Creamy tomato risotto",""
"410","460","310","W04","880","449","355","910","470","349","1,729","FE0090C","Ratatouille of zucchini and pepper",""
"411","461","311","W04","1072","487","528","1,105","509","514","2,128","FE4060A","Artichoke & Spinach Pork tenderloin",""
"412","462","312","W04","2793","1338","1058","2,861","1,377","1,017","5,255","FE1439A","Tzatziki Salmon & Lemon Rice",""
"413","463","313","W04","2018","1169","727","2,070","1,204","703","3,977","FE4067A","Honey Miso Chicken & Scallion Rice",""
"414","464","314","W04","1448","769","378","1,489","796","371","2,656","FE4064A","Ginger Garlic Grilled Chicken",""
"415","465","315","W04","700","323","258","726","341","257","1,325","FE0745B","Beef with cauliflower mash",""
"416","466","316","W04","1922","701","612","1,972","727","593","3,293","FE0160C","Beef Shepherd's Pie",""
"417","467","317","W04","1719","646","673","1,765","671","651","3,088","FE4022B","Pork tenderloin with black pepper and sage",""
"418","468","318","W04","895","635","423","925","660","414","1,998","FE4042A","Pork tenderloin and Mediterranean mash",""
"506","556","806","W04","83","47","40","97","60","50","207","FEA006A","Garlic Herb Grilled Chicken",""
"401","451","301","W05","5636","3002","2098","5,761","3,074","1,900","10,735","FE0628B","#N/A",""
"402","452","302","W05","4093","2098","1266","4,187","2,152","1,151","7,490","FE4014B","Creamy basil risotto with chicken",""
"403","453","303","W05","4904","2470","1926","5,014","2,531","1,745","9,291","FE1346B","Parmesan & Garlic Cream Pulled Beef",""
"404","454","304","W05","5377","2809","2077","5,497","2,877","1,881","10,255","FE0972B","Salmon Piccata",""
"405","455","305","W05","4353","2614","1873","4,452","2,678","1,698","8,828","FE0322O","Sour Cream & Chive Chicken",""
"406","456","306","W05","3364","1748","1540","3,443","1,795","1,398","6,636","FE4039C","Salmon in creamy gochugaru sauce",""
"407","457","307","W05","2627","1491","1182","2,692","1,533","1,076","5,300","FE4040B","Chicken in creamy basil sauce",""
"408","458","308","W05","2994","1518","1269","3,066","1,560","1,154","5,780","FE0024E","Chicken in tomato cream sauce",""
"409","459","309","W05","822","368","309","850","387","306","1,543","FE0121C","Mexican style corn cake",""
"410","460","310","W05","638","279","262","663","297","261","1,220","FE0090C","Ratatouille of zucchini and pepper",""
"411","461","311","W05","973","401","452","1,004","421","441","1,867","FE4006A","Pork tenderloin in sundried tomato sauce",""
"412","462","312","W05","2340","1203","1054","2,399","1,239","1,013","4,651","FE1731A","Citrus–Miso Salmon Bowl",""
"413","463","313","W05","2094","982","803","2,148","1,014","775","3,936","FE4070A","Herb-Grilled Chicken",""
"414","464","314","W05","1642","881","548","1,687","911","533","3,130","FE0262C","Braised Beef Pasta & Roasted Red Pepper",""
"415","465","315","W05","691","412","275","717","432","273","1,422","FE4063A","Cheddar pulled beef",""
"416","466","316","W05","808","360","385","836","379","378","1,593","FE0092B","Tunisian-Style Beef & Tomato Stew",""
"417","467","317","W05","1373","566","590","1,412","589","573","2,574","FE4048A","#N/A",""
"418","468","318","W05","907","237","363","937","254","357","1,548","FE1072B","Pork tenderloin in spicy ancho chili sauce",""
"506","556","806","W05","88","27","35","102","40","45","187","FEA006A","Garlic Herb Grilled Chicken",""
"401","451","301","W06","5886","3171","2437","6,016","3,246","2,205","11,467","FE0426B","Grilled chicken fillet and potato leek mash",""
"402","452","302","W06","3671","2191","1635","3,756","2,247","1,484","7,487","FE4001C","#N/A",""
"403","453","303","W06","4132","2092","1614","4,227","2,146","1,465","7,837","FE0713B","Cabbage in cheese sauce with minced beef",""
"404","454","304","W06","4725","2572","1951","4,832","2,635","1,768","9,235","FE1145B","Roasted Salmon & Dill Yogurt",""
"405","455","305","W06","3490","1884","1577","3,572","1,934","1,431","6,937","FE4015A","Grilled chicken and ratatouille",""
"406","456","306","W06","4025","1966","1859","4,118","2,017","1,685","7,820","FE4040B","Chicken in creamy basil sauce",""
"407","457","307","W06","2075","1301","1149","2,129","1,339","1,046","4,514","FE0970B","Caramelized Onion & Emmental Fondue Chicken",""
"408","458","308","W06","3695","1918","1658","3,781","1,968","1,504","7,253","FE4053A","#N/A",""
"409","459","309","W06","821","325","309","849","344","306","1,498","FE0031C","Creamy tomato risotto",""
"410","460","310","W06","1013","410","459","1,045","430","448","1,924","FE0121C","Mexican style corn cake",""
"411","461","311","W06","852","377","517","881","397","503","1,781","FE0169H","Pork tenderloin in creamy garlic-mustard sauce",""
"412","462","312","W06","2265","1060","963","2,322","1,093","927","4,342","FE4009D","Salmon in mustard-dill sauce",""
"413","463","313","W06","2519","1286","1096","2,581","1,324","1,053","4,958","FE1348B","Cheddar & Bell Pepper Pulled Beef Bowl",""
"414","464","314","W06","1619","1044","616","1,663","1,077","597","3,337","FE4075A","Sun-Dried Tomato Beef Ragu & Pasta",""
"415","465","315","W06","1119","466","535","1,153","487","520","2,161","FE0746A","Spicy ground beef with jalapenos",""
"416","466","316","W06","967","463","444","998","484","434","1,916","FE1712A","Fiery Kung Pao Peanut Chicken",""
"417","467","317","W06","2598","1121","937","2,662","1,155","902","4,720","FE4060A","Artichoke & Spinach Pork tenderloin",""
"418","468","318","W06","693","267","288","719","284","286","1,289","FE0430E","Pork tenderloin in red pepper sauce",""
"506","556","806","W06","112","48","49","126","61","59","246","FEA006A","Garlic Herb Grilled Chicken",""
"401","451","301","W07","4817","2386","2038","4,925","2,446","1,846","9,217","FE0224C","Chicken à la Florentine",""
"402","452","302","W07","4111","2172","1470","4,205","2,227","1,335","7,768","FE0426B","Grilled chicken fillet and potato leek mash",""
"403","453","303","W07","3739","1994","1553","3,826","2,046","1,410","7,281","FE4040B","Chicken in creamy basil sauce",""
"404","454","304","W07","5812","3020","2438","5,940","3,092","2,206","11,239","FE1346B","Parmesan & Garlic Cream Pulled Beef",""
"405","455","305","W07","4212","2609","2097","4,308","2,673","1,899","8,881","FE4014B","Creamy basil risotto with chicken",""
"406","456","306","W07","2838","1570","1390","2,907","1,613","1,263","5,783","FE0036E","Salmon on cheesy cauliflower rice",""
"407","457","307","W07","2731","1592","1372","2,798","1,636","1,247","5,680","FE0207I","Chicken in creamy spinach",""
"408","458","308","W07","3390","1789","1536","3,470","1,837","1,394","6,701","FE4023B","Chicken in chive cream sauce",""
"409","459","309","W07","1054","448","412","1,087","469","403","1,959","FE0121C","Mexican style corn cake",""
"410","460","310","W07","745","276","292","772","294","289","1,355","FE0090C","Ratatouille of zucchini and pepper",""
"411","461","311","W07","1511","748","776","1,553","775","749","3,077","FE4006A","Pork tenderloin in sundried tomato sauce",""
"412","462","312","W07","2902","1325","1245","2,972","1,364","1,195","5,530","FE4077A","Honey Mustard Salmon",""
"413","463","313","W07","2337","1278","948","2,396","1,316","913","4,624","FE4072A","Chicken & Eggplant Mozzarella Pomodoro",""
"414","464","314","W07","1251","685","498","1,288","711","485","2,484","FE1636A","Green Chile Chicken & Salsa Quinoa",""
"415","465","315","W07","1770","788","824","1,817","816","795","3,428","FE0849B","Courgette-spaghetti bolognese",""
"416","466","316","W07","948","453","357","979","474","351","1,804","FE0160C","Beef Shepherd's Pie",""
"417","467","317","W07","1530","413","531","1,573","433","516","2,522","FE0565D","Pork tenderloin with caramelized onion",""
"418","468","318","W07","827","460","349","856","481","344","1,680","FE4042A","Pork tenderloin and Mediterranean mash",""
"506","556","806","W07","88","21","31","102","33","41","177","FEA006A","Garlic Herb Grilled Chicken",""
"401","451","301","W08","4769","2640","2109","4,876","2,705","1,910","9,491","FE4015B","Grilled chicken and ratatouille",""
"402","452","302","W08","4023","2167","1819","4,115","2,222","1,649","7,987","FE4014B","Creamy basil risotto with chicken",""
"403","453","303","W08","3472","1869","1806","3,553","1,918","1,637","7,109","FE0713B","Cabbage in cheese sauce with minced beef",""
"404","454","304","W08","5490","2944","2570","5,612","3,015","2,325","10,952","FE4027B","Beef & BBQ sauce",""
"405","455","305","W08","4395","2486","2244","4,495","2,548","2,032","9,074","FE0384K","Chive & Garlic Chicken",""
"406","456","306","W08","3285","1719","1758","3,363","1,765","1,594","6,722","FE0972B","Salmon Piccata",""
"407","457","307","W08","2250","1240","1342","2,307","1,277","1,220","4,804","FE4053A","#N/A",""
"408","458","308","W08","3539","1865","1864","3,622","1,914","1,690","7,226","FE4038B","Chicken in mushroom sauce",""
"409","459","309","W08","833","365","364","862","384","358","1,604","FE0121C","Mexican style corn cake",""
"410","460","310","W08","1194","484","409","1,230","506","401","2,136","FE0031C","Creamy tomato risotto",""
"411","461","311","W08","1670","630","753","1,715","655","727","3,097","FE0430E","Pork tenderloin in red pepper sauce",""
"412","462","312","W08","2169","1033","935","2,224","1,066","900","4,190","FE1439A","Tzatziki Salmon & Lemon Rice",""
"413","463","313","W08","1923","1075","806","1,973","1,109","778","3,860","FE4064A","Ginger Garlic Grilled Chicken",""
"414","464","314","W08","1114","547","448","1,148","570","438","2,156","FE4078A","Moussaka-Style Ground Beef, Eggplant & Bechamel",""
"415","465","315","W08","1164","592","588","1,199","616","571","2,386","FE4063A","Cheddar pulled beef",""
"416","466","316","W08","1270","607","606","1,307","631","588","2,526","FE4070A","Herb-Grilled Chicken",""
"417","467","317","W08","1663","631","712","1,708","656","688","3,052","FE0959A","Creamy Pistou Pork Tenderloin",""
"418","468","318","W08","1072","616","448","1,105","640","438","2,183","FE0890B","Pork tenderloin with apple-mustard sauce",""
"506","556","806","W08","76","35","48","90","48","58","195","FEA006A","Garlic Herb Grilled Chicken",""
"401","451","301","W09","5157","2904","2535","5,272","2,974","2,294","10,540","FE0426B","Grilled chicken fillet and potato leek mash",""
"402","452","302","W09","3818","2173","1691","3,906","2,228","1,534","7,669","FE0224C","Chicken à la Florentine",""
"403","453","303","W09","3768","1940","1828","3,855","1,991","1,657","7,503","FE0849B","Courgette-spaghetti bolognese",""
"404","454","304","W09","4802","2511","2423","4,910","2,573","2,193","9,676","FE1346B","Parmesan & Garlic Cream Pulled Beef",""
"405","455","305","W09","3533","1887","2082","3,616","1,937","1,886","7,438","FE0322O","Sour Cream & Chive Chicken",""
"406","456","306","W09","3790","2008","2186","3,878","2,060","1,979","7,917","FE1031A","Salmon Dijonnaise",""
"407","457","307","W09","2426","1427","1534","2,487","1,468","1,393","5,347","FE0207I","Chicken in creamy spinach",""
"408","458","308","W09","3046","1694","1720","3,119","1,740","1,560","6,419","FE0129G","Peruvian style chicken breast",""
"409","459","309","W09","949","391","371","980","411","364","1,755","FE0090C","Ratatouille of zucchini and pepper",""
"410","460","310","W09","806","388","421","834","408","412","1,654","FE0031C","Creamy tomato risotto",""
"411","461","311","W09","2176","947","1,087","2,232","978","1,045","4,254","FE4006A","Pork tenderloin in sundried tomato sauce",""
"412","462","312","W09","2510","1268","1257","2,572","1,305","1,206","5,084","FE1731A","Citrus–Miso Salmon Bowl",""
"413","463","313","W09","2309","1097","1195","2,367","1,131","1,147","4,645","FE4081A","Cajun Chicken, Tomato Gravy & Mashed Potatoes",""
"414","464","314","W09","1276","873","632","1,314","902","612","2,828","FE4071A","Pulled Jerk Chicken & Rice",""
"415","465","315","W09","800","364","423","828","383","414","1,625","FE0413F","Braised beef in herby jus",""
"416","466","316","W09","1659","674","877","1,704","699","845","3,249","FE1776A","Fire-Roasted Tomato & Feta Shrimp",""
"417","467","317","W09","1101","581","606","1,135","605","588","2,327","FE4048A","#N/A",""
"418","468","318","W09","1409","629","584","1,449","654","567","2,670","FE4049B","Red chile pulled pork",""
"506","556","806","W09","89","29","46","103","42","56","200","FEA006A","Garlic Herb Grilled Chicken",""
"401","451","301","W10","4858","2360","2606","4,967","2,419","2,357","9,744","FE0384K","Chive & Garlic Chicken",""
"402","452","302","W10","3952","1595","2000","4,043","1,639","1,812","7,494","FE1636A","Green Chile Chicken & Salsa Quinoa",""
"403","453","303","W10","2968","1803","1775","3,039","1,851","1,610","6,500","FE0713B","Cabbage in cheese sauce with minced beef",""
"404","454","304","W10","4404","2074","2274","4,504","2,127","2,059","8,690","FE4027B","Beef & BBQ sauce",""
"405","455","305","W10","3478","1602","1987","3,560","1,646","1,800","7,006","FE4014B","Creamy basil risotto with chicken",""
"406","456","306","W10","3827","1233","2248","3,916","1,270","2,035","7,220","FE0972B","Salmon Piccata",""
"407","457","307","W10","2257","807","1317","2,314","835","1,197","4,347","FE4038B","Chicken in mushroom sauce",""
"408","458","308","W10","2657","1255","1591","2,722","1,292","1,444","5,458","FE0024E","Chicken in tomato cream sauce",""
"409","459","309","W10","1008","263","385","1,040","280","378","1,698","FE0121C","Mexican style corn cake",""
"410","460","310","W10","685","171","312","711","186","308","1,206","FE0090C","Ratatouille of zucchini and pepper",""
"411","461","311","W10","725","380","553","752","400","537","1,688","FE0959A","Creamy Pistou Pork Tenderloin",""
"412","462","312","W10","2262","704","1185","2,319","730","1,138","4,187","FE4066A","Thai Style Green Curry Salmon",""
"413","463","313","W10","2102","781","1063","2,156","809","1,022","3,987","FE1429A","Athenian-Style Feta Chicken",""
"414","464","314","W10","1507","742","728","1,549","769","704","3,022","FE4068A","Balsamic-Glazed Chicken",""
"415","465","315","W10","1148","421","632","1,183","441","612","2,237","FE0746A","Spicy ground beef with jalapenos",""
"416","466","316","W10","1288","286","774","1,326","304","747","2,377","FE4069A","Apple Cider & Dijon Chicken",""
"417","467","317","W10","1439","183","565","1,480","199","549","2,227","FE4060A","Artichoke & Spinach Pork tenderloin",""
"418","468","318","W10","842","321","464","871","339","453","1,663","FE0890B","Pork tenderloin with apple-mustard sauce",""
"506","556","806","W10","98","12","47","112","24","57","193","FEA006A","Garlic Herb Grilled Chicken",""
"401","451","301","W11","5133","3101","2780","5,248","3,175","2,514","10,937","FE0426B","Grilled chicken fillet and potato leek mash",""
"402","452","302","W11","3298","2121","1811","3,376","2,175","1,642","7,193","FE0322O","Sour Cream & Chive Chicken",""
"403","453","303","W11","3901","2193","2101","3,991","2,249","1,903","8,143","FE0849B","Courgette-spaghetti bolognese",""
"404","454","304","W11","5081","2950","2900","5,195","3,021","2,622","10,838","FE1348B","Cheddar & Bell Pepper Pulled Beef Bowl",""
"405","455","305","W11","3534","2526","2265","3,617","2,589","2,051","8,256","FE0224D","Chicken à la Florentine",""
"406","456","306","W11","2860","1713","2035","2,929","1,759","1,844","6,532","FE0036E","Salmon on cheesy cauliflower rice",""
"407","457","307","W11","2074","1251","1303","2,127","1,288","1,185","4,600","FE4040B","Chicken in creamy basil sauce",""
"408","458","308","W11","3317","1865","1990","3,395","1,914","1,803","7,113","FE0198D","Spicy chicken with jalapeño, lime and cheddar",""
"409","459","309","W11","725","352","344","752","371","339","1,461","FE0090C","Ratatouille of zucchini and pepper",""
"410","460","310","W11","700","279","316","726","297","312","1,335","FE0031C","Creamy tomato risotto",""
"411","461","311","W11","2310","1034","1,115","2,368","1,067","1,071","4,506","FE0430E","Pork tenderloin in red pepper sauce",""
"412","462","312","W11","2039","1032","1024","2,092","1,065","985","4,141","FE4009D","Salmon in mustard-dill sauce",""
"413","463","313","W11","1669","924","852","1,714","954","821","3,490","FE1451A","West African Style Chicken Peanut Curry",""
"414","464","314","W11","1156","688","524","1,191","714","510","2,415","FE1403A","Chicken Biryani",""
"415","465","315","W11","953","562","427","984","585","418","1,987","FE4063A","Cheddar pulled beef",""
"416","466","316","W11","868","371","467","897","390","456","1,743","FE1698A","Chermoula Chicken & Lentils",""
"417","467","317","W11","1141","489","724","1,176","511","700","2,386","FE0169H","Pork tenderloin in creamy garlic-mustard sauce",""
"418","468","318","W11","776","433","380","804","454","373","1,630","FE1072B","Pork tenderloin in spicy ancho chili sauce",""
"506","556","806","W11","83","25","23","97","38","34","168","FEA006A","Garlic Herb Grilled Chicken",""
"401","451","301","W12","4713","2819","2927","4,819","2,887","2,646","10,353","FE4015B","Grilled chicken and ratatouille",""
"402","452","302","W12","3222","1897","1791","3,298","1,947","1,624","6,869","FE4014B","Creamy basil risotto with chicken",""
"403","453","303","W12","3104","1807","2302","3,178","1,855","2,084","7,117","FE0746A","Spicy ground beef with jalapenos",""
"404","454","304","W12","4712","2577","2954","4,818","2,641","2,671","10,129","FE4027B","Beef & BBQ sauce",""
"405","455","305","W12","3112","2010","2354","3,186","2,062","2,131","7,379","FE4001D","#N/A",""
"406","456","306","W12","2672","1494","1930","2,737","1,536","1,749","6,022","FE1031A","Salmon Dijonnaise",""
"407","457","307","W12","2183","1272","1638","2,239","1,309","1,486","5,034","FE0472B","Indian style butter chicken",""
"408","458","308","W12","2905","1569","1895","2,975","1,612","1,718","6,305","FE4038B","Chicken in mushroom sauce",""
"409","459","309","W12","789","286","353","817","304","347","1,468","FE0121C","Mexican style corn cake",""
"410","460","310","W12","748","360","416","775","379","407","1,561","FE0031C","Creamy tomato risotto",""
"411","461","311","W12","728","455","467","755","476","456","1,686","FE4006A","Pork tenderloin in sundried tomato sauce",""
"412","462","312","W12","2157","1056","1307","2,212","1,089","1,254","4,555","FE1731A","Citrus–Miso Salmon Bowl",""
"413","463","313","W12","2439","1029","1402","2,500","1,062","1,344","4,905","FE1458A","Japanese-Style BBQ Chicken & Cabbage",""
"414","464","314","W12","1675","900","735","1,721","930","710","3,361","FE4075A","Sun-Dried Tomato Beef Ragu & Pasta",""
"415","465","315","W12","998","380","642","1,030","400","622","2,051","FE0713B","Cabbage in cheese sauce with minced beef",""
"416","466","316","W12","1191","335","593","1,227","354","575","2,156","FE4079A","Pulled Beef & Mushroom Cream Pasta",""
"417","467","317","W12","734","440","415","761","461","406","1,628","FE0890B","Pork tenderloin with apple-mustard sauce",""
"418","468","318","W12","1004","446","518","1,036","467","504","2,007","FE4042A","Pork tenderloin and Mediterranean mash",""
"506","556","806","W12","94","13","26","108","25","37","170","FEA006A","Garlic Herb Grilled Chicken",""
"401","451","301","W13","4323","2693","2613","4,421","2,759","2,364","9,544","FE0426B","Grilled chicken fillet and potato leek mash",""
"402","452","302","W13","3263","1868","1945","3,340","1,917","1,763","7,020","FE0224D","Chicken à la Florentine",""
"403","453","303","W13","2845","1573","1918","2,914","1,616","1,738","6,269","FE0849B","Courgette-spaghetti bolognese",""
"404","454","304","W13","4600","2519","2859","4,704","2,581","2,585","9,870","FE1346B","Parmesan & Garlic Cream Pulled Beef",""
"405","455","305","W13","2911","1794","2041","2,981","1,842","1,849","6,672","FE0322O","Sour Cream & Chive Chicken",""
"406","456","306","W13","2705","1424","1913","2,771","1,464","1,734","5,969","FE0035F","Salmon with pesto",""
"407","457","307","W13","2038","1139","1494","2,091","1,174","1,357","4,621","FE4053A","#N/A",""
"408","458","308","W13","2921","1512","1943","2,991","1,554","1,761","6,306","FE0129G","Peruvian style chicken breast",""
"409","459","309","W13","668","318","382","693","336","375","1,405","FE0031C","Creamy tomato risotto",""
"410","460","310","W13","552","245","320","575","262","316","1,153","FE0090C","Ratatouille of zucchini and pepper",""
"411","461","311","W13","1534","636","884","1,577","661","852","3,089","FE4060A","Artichoke & Spinach Pork tenderloin",""
"412","462","312","W13","2232","1130","1173","2,289","1,165","1,126","4,580","FE1439A","Tzatziki Salmon & Lemon Rice",""
"413","463","313","W13","1942","934","1175","1,993","965","1,128","4,086","FE4081A","Cajun Chicken, Tomato Gravy & Mashed Potatoes",""
"414","464","314","W13","1124","739","568","1,158","766","552","2,476","FE4064A","Ginger Garlic Grilled Chicken",""
"415","465","315","W13","824","407","493","852","427","480","1,760","FE0413F","Braised beef in herby jus",""
"416","466","316","W13","801","394","463","829","414","452","1,695","FE0160C","Beef Shepherd's Pie",""
"417","467","317","W13","1253","430","778","1,290","451","751","2,492","FE0959A","Creamy Pistou Pork Tenderloin",""
"418","468","318","W13","939","429","413","970","450","404","1,824","FE1072B","Pork tenderloin in spicy ancho chili sauce",""
"506","556","806","W13","86","20","41","100","32","51","183","FEA006A","Garlic Herb Grilled Chicken",""
"401","451","301","W14","4285","2537","2751","4,383","2,600","2,488","9,470","FE4015B","Grilled chicken and ratatouille",""
"402","452","302","W14","2930","1789","1685","3,001","1,837","1,529","6,366","FE1636A","Green Chile Chicken & Salsa Quinoa",""
"403","453","303","W14","3458","1884","2374","3,539","1,934","2,149","7,621","FE0713B","Cabbage in cheese sauce with minced beef",""
"404","454","304","W14","3620","2128","2356","3,704","2,183","2,132","8,019","FE4075A","Sun-Dried Tomato Beef Ragu & Pasta",""
"405","455","305","W14","3413","2097","2316","3,493","2,151","2,096","7,741","FE4001D","#N/A",""
"406","456","306","W14","2169","1301","1743","2,224","1,339","1,581","5,144","FE4039C","Salmon in creamy gochugaru sauce",""
"407","457","307","W14","1866","1083","1427","1,915","1,117","1,296","4,328","FE0794D","Loaded Bacon Shredded Chicken",""
"408","458","308","W14","2374","1191","1773","2,433","1,227","1,608","5,268","FE0183E","Garlic & Herb Chicken Breast",""
"409","459","309","W14","703","285","357","729","303","351","1,383","FE0090C","Ratatouille of zucchini and pepper",""
"410","460","310","W14","676","295","389","702","313","382","1,396","FE0121C","Mexican style corn cake",""
"411","461","311","W14","1762","744","1,012","1,809","771","973","3,554","FE4010B","Grilled pork tenderloin and tomato butter",""
"412","462","312","W14","1834","1007","1133","1,883","1,039","1,088","4,010","FE4009D","Salmon in mustard-dill sauce",""
"413","463","313","W14","1760","1079","1077","1,807","1,113","1,035","3,955","FE1451A","West African Style Chicken Peanut Curry",""
"414","464","314","W14","926","513","503","957","535","490","1,982","FE1203A","Citrus Mojo Chicken Breast",""
"415","465","315","W14","824","361","421","852","380","412","1,645","FE0413F","Braised beef in herby jus",""
"416","466","316","W14","1003","446","694","1,035","467","671","2,173","FE0962B","Apricot Smothered Pork Tenderloin",""
"417","467","317","W14","1250","464","721","1,287","485","697","2,469","FE0169H","Pork tenderloin in creamy garlic-mustard sauce",""
"418","468","318","W14","611","345","338","635","364","333","1,332","FE1403A","Chicken Biryani",""
"506","556","806","W14","97","16","45","111","28","55","194","FEA006A","Garlic Herb Grilled Chicken",""
"401","451","301","W15","4498","2874","2692","4,600","2,943","2,435","9,978","FE0224D","Chicken à la Florentine",""
"402","452","302","W15","2691","1788","1618","2,757","1,836","1,468","6,061","FE4014B","Creamy basil risotto with chicken",""
"403","453","303","W15","3831","2098","2470","3,920","2,152","2,235","8,307","FE0849B","Courgette-spaghetti bolognese",""
"404","454","304","W15","4419","2509","2889","4,519","2,571","2,612","9,703","FE4027B","Beef & BBQ sauce",""
"405","455","305","W15","2926","1892","2097","2,997","1,942","1,899","6,838","FE0322O","Sour Cream & Chive Chicken",""
"406","456","306","W15","2795","1505","2008","2,863","1,547","1,819","6,229","FE0972B","Salmon Piccata",""
"407","457","307","W15","1832","1119","1376","1,881","1,153","1,250","4,284","FE4053B","Gochugaru Chicken",""
"408","458","308","W15","2993","1567","2016","3,065","1,610","1,826","6,502","FE0207I","Chicken in creamy spinach",""
"409","459","309","W15","659","290","376","684","308","369","1,361","FE0031C","Creamy tomato risotto",""
"410","460","310","W15","527","235","323","550","252","319","1,120","FE0121C","Mexican style corn cake",""
"411","461","311","W15","1095","552","708","1,129","575","685","2,389","FE0890C","Pork tenderloin with apple-mustard sauce",""
"412","462","312","W15","1891","931","1074","1,941","962","1,032","3,935","FE1145B","Roasted Salmon & Dill Yogurt",""
"413","463","313","W15","1978","1003","1225","2,030","1,035","1,176","4,240","FE4088A","Chicken & Mushroom Gravy",""
"414","464","314","W15","1685","861","893","1,731","890","860","3,481","FE4064A","Ginger Garlic Grilled Chicken",""
"415","465","315","W15","1179","440","642","1,215","461","622","2,297","FE0746A","Spicy ground beef with jalapenos",""
"416","466","316","W15","821","342","517","849","361","503","1,713","FE1787A","Tomato Escabeche Grilled Chicken",""
"417","467","317","W15","706","377","564","732","397","548","1,676","FE4006A","Pork tenderloin in sundried tomato sauce",""
"418","468","318","W15","964","559","473","995","582","461","2,039","FE4049B","Red chile pulled pork",""
"506","556","806","W15","97","19","42","111","31","52","194","FEA006A","Garlic Herb Grilled Chicken",""
"401","451","301","W16","4137","2248","2483","4,232","2,305","2,247","8,783","FE0426B","Grilled chicken fillet and potato leek mash",""
"402","452","302","W16","2936","1615","1595","3,007","1,659","1,448","6,114","FE4015B","Grilled chicken and ratatouille",""
"403","453","303","W16","3484","1607","2273","3,566","1,651","2,058","7,275","FE0713B","Cabbage in cheese sauce with minced beef",""
"404","454","304","W16","3447","1784","2123","3,528","1,832","1,923","7,282","FE4027B","Beef & BBQ sauce",""
"405","455","305","W16","3391","1854","2142","3,471","1,903","1,940","7,314","FE1636A","Green Chile Chicken & Salsa Quinoa",""
"406","456","306","W16","2110","1143","1769","2,164","1,178","1,604","4,946","FE4039C","Salmon in creamy gochugaru sauce",""
"407","457","307","W16","2109","1038","1379","2,163","1,071","1,253","4,487","FE0472B","Indian style butter chicken",""
"408","458","308","W16","2057","1034","1581","2,110","1,067","1,435","4,612","FE4023B","Chicken in chive cream sauce",""
"409","459","309","W16","657","270","328","682","287","324","1,293","FE0090C","Ratatouille of zucchini and pepper",""
"410","460","310","W16","657","219","320","682","235","316","1,234","FE0031C","Creamy tomato risotto",""
"411","461","311","W16","653","282","347","678","300","342","1,319","FE4060A","Artichoke & Spinach Pork tenderloin",""
"412","462","312","W16","2156","927","1182","2,211","958","1,135","4,304","FE1031A","Salmon Dijonnaise",""
"413","463","313","W16","2135","799","1130","2,190","827","1,086","4,102","FE4081A","Cajun Chicken, Tomato Gravy & Mashed Potatoes",""
"414","464","314","W16","1107","642","621","1,141","667","602","2,410","FE1790A","Tangy Miso Chicken Bowl",""
"415","465","315","W16","1631","600","865","1,676","624","834","3,133","FE0413F","Braised beef in herby jus",""
"416","466","316","W16","692","289","428","718","307","419","1,443","FE1487A","Grilled Pork Tenderloin & Butternut Mash",""
"417","467","317","W16","834","332","508","863","351","495","1,708","FE0169H","Pork tenderloin in creamy garlic-mustard sauce",""
"418","468","318","W16","681","361","317","707","380","313","1,400","FE1072B","Pork tenderloin in spicy ancho chili sauce",""
"506","556","806","W16","92","15","25","106","27","36","169","FEA006A","Garlic Herb Grilled Chicken",""
"401","451","301","W17","3876","2248","2292","3,966","2,305","2,075","8,345","FE4014B","Creamy basil risotto with chicken",""
"402","452","302","W17","2940","1615","1662","3,011","1,659","1,508","6,178","FE0322O","Sour Cream & Chive Chicken",""
"403","453","303","W17","3675","1607","2129","3,761","1,651","1,928","7,340","FE0849B","Courgette-spaghetti bolognese",""
"404","454","304","W17","3810","1784","2357","3,898","1,832","2,133","7,863","FE1346B","Parmesan & Garlic Cream Pulled Beef",""
"405","455","305","W17","2567","1854","1792","2,630","1,903","1,625","6,158","FE0224D","Chicken à la Florentine",""
"406","456","306","W17","2488","1143","1839","2,550","1,178","1,667","5,395","FE0035F","Salmon with pesto",""
"407","457","307","W17","1529","1038","1224","1,572","1,071","1,114","3,756","FE4053B","Gochugaru Chicken",""
"408","458","308","W17","2446","1034","1672","2,507","1,067","1,517","5,090","FE0794D","Loaded Bacon Shredded Chicken",""
"409","459","309","W17","559","270","304","582","287","301","1,170","FE0090C","Ratatouille of zucchini and pepper",""
"410","460","310","W17","465","219","215","486","235","216","938","FE0121D","Mexican style corn cake",""
"411","461","311","W17","592","282","356","616","300","350","1,266","FE0890C","Pork tenderloin with apple-mustard sauce",""
"412","462","312","W17","1585","927","863","1,629","958","832","3,418","FE1145B","Roasted Salmon & Dill Yogurt",""
"413","463","313","W17","1530","799","835","1,573","827","805","3,205","FE1777A","Chicken with Puttanesca-style sauce",""
"414","464","314","W17","1183","642","621","1,219","667","602","2,487","FE4064A","Ginger Garlic Grilled Chicken",""
"415","465","315","W17","1010","600","490","1,042","624","478","2,144","FE0713B","Cabbage in cheese sauce with minced beef",""
"416","466","316","W17","566","289","429","589","307","420","1,316","FE0472B","Indian style butter chicken",""
"417","467","317","W17","486","332","317","508","351","313","1,172","FE4010B","Grilled pork tenderloin and tomato butter",""
"418","468","318","W17","730","361","339","757","380","334","1,471","FE4042A","Pork tenderloin and Mediterranean mash",""
"506","556","806","W17","72","15","49","85","27","59","171","FEA006A","Garlic Herb Grilled Chicken",""
"401","451","301","W18","3801","2492","2218","3,889","2,554","2,230","8,673","FE0426C","Grilled chicken fillet and potato leek mash",""
"402","452","302","W18","2858","1948","1493","2,927","1,999","1,505","6,431","FE0628C","Mushroom Chicken & Rice",""
"403","453","303","W18","2581","1677","1667","2,645","1,723","1,679","6,046","FE4063A","Cheddar pulled beef",""
"404","454","304","W18","3665","2433","2300","3,750","2,494","2,312","8,556","FE4027B","Beef & BBQ sauce",""
"405","455","305","W18","2657","1942","1848","2,722","1,993","1,860","6,575","FE4015B","Grilled chicken and ratatouille",""
"406","456","306","W18","2421","1654","1817","2,481","1,699","1,829","6,010","FE4039C","Salmon in creamy gochugaru sauce",""
"407","457","307","W18","2195","1357","1512","2,251","1,396","1,524","5,171","FE0794D","Loaded Bacon Shredded Chicken",""
"408","458","308","W18","1799","1152","1402","1,847","1,187","1,414","4,448","FE0207I","Chicken in creamy spinach",""
"409","459","309","W18","557","250","289","580","267","301","1,148","FE0121D","Mexican style corn cake",""
"410","460","310","W18","657","244","288","682","261","300","1,243","FE0031C","Creamy tomato risotto",""
"411","461","311","W18","1177","728","763","1,213","755","775","2,742","FE4048B","Creamy leek pork tenderloin",""
"412","462","312","W18","1965","1150","1148","2,016","1,185","1,160","4,361","FE1439A","Tzatziki Salmon & Lemon Rice",""
"413","463","313","W18","1527","899","867","1,570","929","879","3,378","FE0386A","Chicken & Mushroom Tetrazzini",""
"414","464","314","W18","1132","834","571","1,167","863","583","2,612","FE0612C","Minced beef dish with cheese sauce",""
"415","465","315","W18","970","535","480","1,001","558","492","2,051","FE0849B","Courgette-spaghetti bolognese",""
"416","466","316","W18","621","324","339","645","342","351","1,339","FV0601A","#N/A",""
"417","467","317","W18","581","299","517","605","317","529","1,451","FE4006A","Pork tenderloin in sundried tomato sauce",""
"418","468","318","W18","804","529","429","832","552","441","1,825","FE0430E","Pork tenderloin in red pepper sauce",""
"506","556","806","W18","90","27","36","104","40","48","191","FEA006A","Garlic Herb Grilled Chicken",""
"401","451","301","W19","4137","2248","2483","4,232","2,305","2,247","8,783","FE4015B","Grilled chicken and ratatouille",""
"402","452","302","W19","2936","1615","1595","3,007","1,659","1,448","6,114","FE1636A","Green Chile Chicken & Salsa Quinoa",""
"403","453","303","W19","3484","1607","2273","3,566","1,651","2,058","7,275","FE0413G","Braised beef in herby jus",""
"404","454","304","W19","3447","1784","2123","3,528","1,832","1,923","7,282","FE4009D","Salmon in mustard-dill sauce",""
"405","455","305","W19","3391","1854","2142","3,471","1,903","1,940","7,314","FE1451A","West African Style Chicken Peanut Curry",""
"406","456","306","W19","2110","1143","1769","2,164","1,178","1,604","4,946","FE0972B","Salmon Piccata",""
"407","457","307","W19","2109","1038","1379","2,163","1,071","1,253","4,487","FE0970B","Caramelized Onion & Emmental Fondue Chicken",""
"408","458","308","W19","2057","1034","1581","2,110","1,067","1,435","4,612","FE0198D","Spicy chicken with jalapeño, lime and cheddar",""
"409","459","309","W19","657","270","328","682","287","324","1,293","FE0031C","Creamy tomato risotto",""
"410","460","310","W19","657","219","320","682","235","316","1,234","FE0090C","Ratatouille of zucchini and pepper",""
"411","461","311","W19","653","282","347","678","300","342","1,319","FE0169I","Pork tenderloin in creamy garlic-mustard sauce",""
"412","462","312","W19","2156","927","1182","2,211","958","1,135","4,304","FE1320C","Ají Verde Salmon",""
"413","463","313","W19","2135","799","1130","2,190","827","1,086","4,102","FE4049B","Red chile pulled pork",""
"414","464","314","W19","1107","642","621","1,141","667","602","2,410","FE4064A","Ginger Garlic Grilled Chicken",""
"415","465","315","W19","1631","600","865","1,676","624","834","3,133","FE0746A","Spicy ground beef with jalapenos",""
"416","466","316","W19","692","289","428","718","307","419","1,443","FE1731A","Citrus–Miso Salmon Bowl",""
"417","467","317","W19","834","332","508","863","351","495","1,708","FE4075A","Sun-Dried Tomato Beef Ragu & Pasta",""
"418","468","318","W19","681","361","317","707","380","313","1,400","FE1072B","Pork tenderloin in spicy ancho chili sauce",""
"506","556","806","W19","92","15","25","106","27","36","169","FEA006A","Garlic Herb Grilled Chicken",""
"401","451","301","W20","4427","3026","2356","4,528","3,099","2,132","9,758","FE0224D","Chicken à la Florentine",""
"402","452","302","W20","3067","2120","1618","3,140","2,174","1,468","6,783","FE4015A","Grilled chicken and ratatouille",""
"403","453","303","W20","3654","2085","2164","3,739","2,139","1,960","7,837","FE0746B","Spicy ground beef with jalapenos",""
"404","454","304","W20","3754","2424","2377","3,841","2,484","2,151","8,477","FE1145B","Roasted Salmon & Dill Yogurt",""
"405","455","305","W20","3377","2369","2282","3,457","2,428","2,066","7,951","FE1636A","Green Chile Chicken & Salsa Quinoa",""
"406","456","306","W20","2597","1531","1937","2,661","1,574","1,755","5,990","FE0035F","Salmon with pesto",""
"407","457","307","W20","2107","1464","1496","2,161","1,505","1,358","5,025","FE0472B","Indian style butter chicken",""
"408","458","308","W20","2352","1472","1661","2,411","1,513","1,507","5,431","FE0024E","Chicken in tomato cream sauce",""
"409","459","309","W20","603","316","365","627","334","359","1,320","FE0090C","Ratatouille of zucchini and pepper",""
"410","460","310","W20","863","373","402","892","392","394","1,679","FE0121D","Mexican style corn cake",""
"411","461","311","W20","733","433","477","760","454","465","1,678","FE4006A","Pork tenderloin in sundried tomato sauce",""
"412","462","312","W20","1766","1003","1033","1,813","1,035","993","3,842","FE0281E","Spicy citrus salmon",""
"413","463","313","W20","2064","1160","1127","2,117","1,195","1,083","4,395","FE1404B","Bulgogi Pulled Beef Bowl",""
"414","464","314","W20","1182","706","583","1,218","732","566","2,516","FV0333A","#N/A",""
"415","465","315","W20","1169","551","727","1,204","574","703","2,481","FV0846A","#N/A",""
"416","466","316","W20","1044","608","671","1,077","632","649","2,358","FE0401F","Pulled chicken with cheddar and bacon",""
"417","467","317","W20","650","376","358","675","396","352","1,423","FE4060A","Artichoke & Spinach Pork tenderloin",""
"418","468","318","W20","731","599","480","758","623","468","1,849","FE4042A","Pork tenderloin and Mediterranean mash",""
"506","556","806","W20","59","24","44","72","36","54","162","FEA006A","Garlic Herb Grilled Chicken",""
"401","451","301","W21","3808","2211","2376","3,896","2,267","2,150","8,314","FE4014C","Creamy basil risotto with chicken",""
"402","452","302","W21","3213","1959","1866","3,289","2,010","1,691","6,991","FV0426A","#N/A",""
"403","453","303","W21","3383","1844","2187","3,463","1,893","1,980","7,336","FE0849B","Courgette-spaghetti bolognese",""
"404","454","304","W21","4551","2345","2703","4,654","2,404","2,445","9,503","FE1346B","Parmesan & Garlic Cream Pulled Beef",""
"405","455","305","W21","3054","1883","2187","3,127","1,933","1,980","7,040","FE0322O","Sour Cream & Chive Chicken",""
"406","456","306","W21","2310","1194","1682","2,368","1,230","1,526","5,124","FE4039C","Salmon in creamy gochugaru sauce",""
"407","457","307","W21","2014","996","1445","2,066","1,028","1,313","4,407","FE0794D","Loaded Bacon Shredded Chicken",""
"408","458","308","W21","2690","1481","1897","2,756","1,523","1,719","5,998","FE0198E","Spicy chicken with jalapeño, lime and cheddar",""
"409","459","309","W21","625","285","387","650","303","380","1,332","FV0090A","#N/A",""
"410","460","310","W21","515","269","336","537","286","331","1,155","FE0031C","Creamy tomato risotto",""
"411","461","311","W21","865","458","518","894","479","504","1,878","FE1072B","Pork tenderloin in spicy ancho chili sauce",""
"412","462","312","W21","1951","972","1222","2,002","1,003","1,173","4,178","FE1439A","Tzatziki Salmon & Lemon Rice",""
"413","463","313","W21","1872","848","1145","1,921","877","1,100","3,898","FE0401F","Pulled chicken with cheddar and bacon",""
"414","464","314","W21","1369","953","798","1,408","984","770","3,163","FE1790A","Tangy Miso Chicken Bowl",""
"415","465","315","W21","734","514","431","761","536","421","1,718","FV0601A","#N/A",""
"416","466","316","W21","824","336","547","852","355","532","1,739","FE1487A","Grilled Pork Tenderloin & Butternut Mash",""
"417","467","317","W21","653","337","390","678","356","383","1,416","FE0169I","Pork tenderloin in creamy garlic-mustard sauce",""
"418","468","318","W21","723","525","404","749","548","396","1,693","FE0890C","Pork tenderloin with apple-mustard sauce",""
"506","556","806","W21","96","22","43","110","34","53","197","FEA006A","Garlic Herb Grilled Chicken",""
"401","451","301","W22","4023","2566","2746","4,115","2,629","2,483","9,228","FE4014C","Creamy basil risotto with chicken",""
"402","452","302","W22","2692","1711","1728","2,758","1,757","1,567","6,082","FE0224D","Chicken à la Florentine",""
"403","453","303","W22","2988","1666","2160","3,060","1,711","1,956","6,727","FE0713B","Cabbage in cheese sauce with minced beef",""
"404","454","304","W22","3502","2041","2537","3,584","2,094","2,295","7,973","FE0281E","Spicy citrus salmon",""
"405","455","305","W22","2789","1844","2260","2,857","1,893","2,046","6,796","FE1636A","Green Chile Chicken & Salsa Quinoa",""
"406","456","306","W22","2561","1375","1949","2,624","1,415","1,766","5,805","FE0972B","Salmon Piccata",""
"407","457","307","W22","1555","1043","1390","1,598","1,076","1,263","3,937","FE0794D","Loaded Bacon Shredded Chicken",""
"408","458","308","W22","1855","1082","1614","1,904","1,116","1,465","4,484","FE0207I","Chicken in creamy spinach",""
"409","459","309","W22","614","289","388","638","307","381","1,326","FV0121A","#N/A",""
"410","460","310","W22","531","382","403","554","402","395","1,350","FE0131C","Black bean bowl and enchilada sauce",""
"411","461","311","W22","983","548","727","1,015","571","703","2,288","FE4006A","Pork tenderloin in sundried tomato sauce",""
"412","462","312","W22","1779","1047","1127","1,827","1,080","1,083","3,989","FV4009A","#N/A",""
"413","463","313","W22","1497","888","1014","1,539","918","975","3,432","FE4049B","Red chile pulled pork",""
"414","464","314","W22","1017","646","523","1,049","671","509","2,229","FE1068B","Moroccan-style chicken thighs & tomato sauce",""
"415","465","315","W22","619","385","545","643","405","530","1,578","FV0345A","#N/A",""
"416","466","316","W22","845","305","453","874","323","442","1,639","FE4079A","Pulled Beef & Mushroom Cream Pasta",""
"417","467","317","W22","664","337","506","689","356","493","1,538","FE0472B","Indian style butter chicken",""
"418","468","318","W22","648","521","401","673","543","393","1,609","FE0430E","Pork tenderloin in red pepper sauce",""
"506","556","806","W22","67","32","42","80","45","52","177","FEA006A","Garlic Herb Grilled Chicken",""
"401","451","301","W23","4250","2647","2758","4,347","2,712","2,494","9,553","FE4015B","Grilled chicken and ratatouille",""
"402","452","302","W23","2977","1769","1961","3,049","1,816","1,778","6,643","FV0322A","#N/A",""
"403","453","303","W23","3072","1715","2203","3,145","1,761","1,995","6,901","FV4063A","#N/A",""
"404","454","304","W23","3780","2090","2703","3,868","2,144","2,445","8,456","FV1320A","#N/A",""
"405","455","305","W23","2896","1920","2286","2,966","1,970","2,069","7,006","FE1451A","West African Style Chicken Peanut Curry",""
"406","456","306","W23","2753","1409","2136","2,820","1,449","1,934","6,204","FV0035A","#N/A",""
"407","457","307","W23","1631","1063","1373","1,676","1,096","1,248","4,020","FV0401A","#N/A",""
"408","458","308","W23","2403","1107","1885","2,463","1,141","1,709","5,313","FE0024E","Chicken in tomato cream sauce",""
"409","459","309","W23","612","298","397","636","316","370","1,323","FV0778A","#N/A",""
"410","460","310","W23","548","395","381","571","415","355","1,341","FV0131A","#N/A",""
"411","461","311","W23","663","571","442","688","594","410","1,692","FE0169H","Pork tenderloin in creamy garlic-mustard sauce",""
"412","462","312","W23","1616","1081","1101","1,660","1,115","1,003","3,778","FE1145B","Roasted Salmon & Dill Yogurt",""
"413","463","313","W23","1688","929","1184","1,734","960","1,079","3,772","","#N/A",""
"414","464","314","W23","965","670","598","996","695","551","2,243","FE1068A","Moroccan-style chicken thighs & tomato sauce",""
"415","465","315","W23","882","399","587","912","419","540","1,871","FV0846A","#N/A",""
"416","466","316","W23","583","312","373","607","330","348","1,285","FE1404B","Bulgogi Pulled Beef Bowl",""
"417","467","317","W23","576","351","370","600","370","346","1,316","FV4053A","#N/A",""
"418","468","318","W23","635","535","318","660","558","298","1,516","FV4042A","#N/A",""
"506","556","806","W23","71","35","36","84","48","46","178","FEA006A","Garlic Herb Grilled Chicken",""
"401","451","301","W24","4077","2931","2483","4,171","3,002","2,247","9,419","#REF!","#REF!",""
"402","452","302","W24","2823","1837","1595","2,891","1,886","1,448","6,225","#REF!","#REF!",""
"403","453","303","W24","3332","1857","2273","3,411","1,906","2,058","7,374","#REF!","#REF!",""
"404","454","304","W24","3966","2403","2123","4,057","2,463","1,923","8,443","#REF!","#REF!",""
"405","455","305","W24","3015","2059","2142","3,087","2,112","1,940","7,139","#REF!","#REF!",""
"406","456","306","W24","1987","1196","1769","2,039","1,232","1,604","4,875","#REF!","#REF!",""
"407","457","307","W24","1737","1032","1379","1,784","1,065","1,253","4,101","#REF!","#REF!",""
"408","458","308","W24","2081","1292","1581","2,135","1,330","1,435","4,899","#REF!","#REF!",""
"409","459","309","W24","643","321","328","668","339","324","1,331","#REF!","#REF!",""
"410","460","310","W24","461","271","320","482","288","316","1,087","#REF!","#REF!",""
"411","461","311","W24","780","574","347","808","597","342","1,747","#REF!","#REF!",""
"412","462","312","W24","1788","1070","1182","1,836","1,103","1,135","4,074","#REF!","#REF!",""
"413","463","313","W24","1540","984","1130","1,583","1,016","1,086","3,684","#REF!","#REF!",""
"414","464","314","W24","1021","643","621","1,053","668","602","2,323","#REF!","#REF!",""
"415","465","315","W24","1005","527","865","1,037","550","834","2,420","#REF!","#REF!",""
"416","466","316","W24","875","300","428","905","318","419","1,641","#REF!","#REF!",""
"417","467","317","W24","851","547","508","880","570","495","1,945","#REF!","#REF!",""
"418","468","318","W24","659","463","317","684","484","313","1,482","#REF!","#REF!",""
"506","556","806","W24","68","18","25","81","30","36","147","#REF!","#REF!",""
"401","451","301","W25","3641","2241","2561","3,726","2,298","2,317","8,341","#REF!","#REF!",""
"402","452","302","W25","2890","1873","1928","2,960","1,922","1,747","6,629","#REF!","#REF!",""
"403","453","303","W25","3412","1761","2287","3,492","1,808","2,070","7,371","#REF!","#REF!",""
"404","454","304","W25","4005","2181","2648","4,097","2,237","2,395","8,729","#REF!","#REF!",""
"405","455","305","W25","3196","1938","2316","3,272","1,989","2,096","7,357","#REF!","#REF!",""
"406","456","306","W25","2703","1441","2000","2,769","1,482","1,812","6,063","#REF!","#REF!",""
"407","457","307","W25","1624","863","1213","1,668","892","1,104","3,664","#REF!","#REF!",""
"408","458","308","W25","1971","1034","1560","2,022","1,067","1,416","4,505","#REF!","#REF!",""
"409","459","309","W25","594","310","401","618","328","393","1,339","#REF!","#REF!",""
"410","460","310","W25","483","214","383","505","230","376","1,111","#REF!","#REF!",""
"411","461","311","W25","750","405","459","777","425","448","1,650","#REF!","#REF!",""
"412","462","312","W25","1737","901","1218","1,784","931","1,169","3,884","#REF!","#REF!",""
"413","463","313","W25","1742","807","1190","1,789","835","1,143","3,766","#REF!","#REF!",""
"414","464","314","W25","1667","898","1021","1,712","928","982","3,622","#REF!","#REF!",""
"415","465","315","W25","839","343","566","868","362","550","1,779","#REF!","#REF!",""
"416","466","316","W25","1079","532","675","1,113","555","653","2,320","#REF!","#REF!",""
"417","467","317","W25","701","477","518","727","499","504","1,730","#REF!","#REF!",""
"418","468","318","W25","575","361","321","599","380","317","1,296","#REF!","#REF!",""
"506","556","806","W25","72","12","40","85","24","50","160","#REF!","#REF!",""
"401","451","301","W26","3947","2485","2780","4,038","2,547","2,514","9,099","#REF!","#REF!",""
"402","452","302","W26","2994","1736","1700","3,066","1,783","1,542","6,391","#REF!","#REF!",""
"403","453","303","W26","3175","1550","2037","3,251","1,593","1,845","6,689","#REF!","#REF!",""
"404","454","304","W26","3297","1884","2489","3,375","1,934","2,252","7,561","#REF!","#REF!",""
"405","455","305","W26","3023","1775","2311","3,095","1,823","2,092","7,010","#REF!","#REF!",""
"406","456","306","W26","2407","990","1702","2,467","1,022","1,544","5,033","#REF!","#REF!",""
"407","457","307","W26","1372","717","1080","1,411","743","984","3,139","#REF!","#REF!",""
"408","458","308","W26","2005","1080","1529","2,057","1,114","1,388","4,559","#REF!","#REF!",""
"409","459","309","W26","651","272","328","676","289","324","1,289","#REF!","#REF!",""
"410","460","310","W26","646","339","436","671","358","426","1,455","#REF!","#REF!",""
"411","461","311","W26","1074","384","747","1,107","404","722","2,233","#REF!","#REF!",""
"412","462","312","W26","2166","1065","1471","2,221","1,098","1,409","4,729","#REF!","#REF!",""
"413","463","313","W26","1356","763","918","1,395","790","884","3,069","#REF!","#REF!",""
"414","464","314","W26","1000","555","606","1,032","578","588","2,198","#REF!","#REF!",""
"415","465","315","W26","707","367","543","733","386","528","1,647","#REF!","#REF!",""
"416","466","316","W26","1005","420","648","1,037","440","628","2,105","#REF!","#REF!",""
"417","467","317","W26","758","319","508","785","337","495","1,617","#REF!","#REF!",""
"418","468","318","W26","808","445","440","836","466","430","1,732","#REF!","#REF!",""
"506","556","806","W26","80","20","26","94","32","37","163","#REF!","#REF!",""
"401","451","301","W27","4296","2333","3,470","4,394","2,392","3,135","9,921","#REF!","#REF!",""
"402","452","302","W27","2783","1673","2,378","2,851","1,718","2,152","6,721","#REF!","#REF!",""
"403","453","303","W27","3016","1482","2,731","3,088","1,524","2,470","7,082","#REF!","#REF!",""
"404","454","304","W27","3595","1838","3,313","3,679","1,887","2,994","8,559","#REF!","#REF!",""
"405","455","305","W27","2695","1568","2,590","2,761","1,611","2,343","6,715","#REF!","#REF!",""
"406","456","306","W27","2210","1083","2,504","2,266","1,117","2,266","5,648","#REF!","#REF!",""
"407","457","307","W27","1407","778","1,602","1,447","806","1,454","3,707","#REF!","#REF!",""
"408","458","308","W27","1708","876","2,184","1,754","906","1,978","4,637","#REF!","#REF!",""
"409","459","309","W27","583","230","443","607","247","433","1,286","#REF!","#REF!",""
"410","460","310","W27","465","160","445","486","175","435","1,096","#REF!","#REF!",""
"411","461","311","W27","1144","462","945","1,179","483","910","2,572","#REF!","#REF!",""
"412","462","312","W27","1861","860","1,781","1,910","889","1,704","4,503","#REF!","#REF!",""
"413","463","313","W27","1429","799","2,033","1,470","827","1,943","4,240","#REF!","#REF!",""
"414","464","314","W27","1315","674","678","1,353","699","656","2,709","#REF!","#REF!",""
"415","465","315","W27","964","477","722","995","499","698","2,192","#REF!","#REF!",""
"416","466","316","W27","1269","490","770","1,306","512","744","2,562","#REF!","#REF!",""
"417","467","317","W27","675","339","489","701","358","477","1,535","#REF!","#REF!",""
"418","468","318","W27","536","365","584","559","384","567","1,510","#REF!","#REF!",""
"506","556","806","W27","74","27","56","87","40","65","192","#REF!","#REF!",""
"401","301","301","W28","3869","2276","2918","3,958","2,334","2,638","8,930","#REF!","#REF!",""
"402","302","302","W28","2908","1584","1927","2,978","1,628","1,746","6,352","#REF!","#REF!",""
"403","303","303","W28","3013","1451","2181","3,085","1,492","1,975","6,552","#REF!","#REF!",""
"404","304","304","W28","3866","1984","2815","3,955","2,036","2,546","8,537","#REF!","#REF!",""
"405","305","305","W28","2924","1914","2421","2,994","1,964","2,191","7,150","#REF!","#REF!",""
"406","306","306","W28","2197","1132","1724","2,253","1,167","1,564","4,983","#REF!","#REF!",""
"407","307","307","W28","1584","843","1309","1,628","872","1,190","3,690","#REF!","#REF!",""
"408","308","308","W28","1845","991","1607","1,894","1,023","1,458","4,375","#REF!","#REF!",""
"409","309","309","W28","650","205","353","675","221","347","1,243","#REF!","#REF!",""
"410","310","310","W28","443","190","368","464","206","362","1,031","#REF!","#REF!",""
"411","311","311","W28","1507","508","496","1,549","530","483","2,563","#REF!","#REF!",""
"412","312","312","W28","1970","1000","1486","2,021","1,032","1,424","4,477","#REF!","#REF!",""
"413","313","313","W28","2096","1065","1167","2,150","1,098","1,121","4,369","#REF!","#REF!",""
"414","314","314","W28","893","552","752","923","575","726","2,224","#REF!","#REF!",""
"415","315","315","W28","650","332","672","675","351","650","1,676","#REF!","#REF!",""
"416","316","316","W28","573","224","363","596","240","357","1,194","#REF!","#REF!",""
"417","317","317","W28","481","266","690","503","283","668","1,453","#REF!","#REF!",""
"418","318","318","W28","637","414","452","662","434","441","1,537","#REF!","#REF!",""
"506","806","806","W28","82","16","30","96","28","41","164","#REF!","#REF!",""
"401","301","301","W29","3840","1997","2837","3,929","2,049","2,565","8,543","#REF!","#REF!",""
"402","302","302","W29","2580","1406","1850","2,644","1,446","1,677","5,767","#REF!","#REF!",""
"403","303","303","W29","2799","1287","2092","2,867","1,325","1,895","6,087","#REF!","#REF!",""
"404","304","304","W29","3289","1708","2590","3,367","1,754","2,343","7,464","#REF!","#REF!",""
"405","305","305","W29","2916","1571","2364","2,986","1,614","2,140","6,740","#REF!","#REF!",""
"406","306","306","W29","2585","1141","2121","2,649","1,176","1,921","5,745","#REF!","#REF!",""
"407","307","307","W29","1244","647","1214","1,281","672","1,105","3,057","#REF!","#REF!",""
"408","308","308","W29","1559","738","1552","1,602","765","1,409","3,776","#REF!","#REF!",""
"409","309","309","W29","514","183","365","536","199","359","1,094","#REF!","#REF!",""
"410","310","310","W29","431","147","344","452","162","339","952","#REF!","#REF!",""
"411","311","311","W29","1619","638","1,060","1,663","663","1,019","3,345","#REF!","#REF!",""
"412","312","312","W29","1488","748","1247","1,530","775","1,197","3,501","#REF!","#REF!",""
"413","313","313","W29","1342","677","1080","1,381","703","1,038","3,121","#REF!","#REF!",""
"414","314","314","W29","1087","610","765","1,121","634","739","2,494","#REF!","#REF!",""
"415","315","315","W29","1046","361","709","1,079","380","686","2,145","#REF!","#REF!",""
"416","316","316","W29","745","221","619","772","237","600","1,609","#REF!","#REF!",""
"417","317","317","W29","603","265","540","627","282","525","1,434","#REF!","#REF!",""
"418","318","318","W29","601","331","478","625","350","466","1,441","#REF!","#REF!",""
"506","806","806","W29","79","13","43","93","25","53","171","#REF!","#REF!",""
"401","301","301","W30","3485","1752","2992","3,567","1,799","2,705","8,071","#REF!","#REF!",""
"402","302","302","W30","2540","1152","1860","2,603","1,187","1,686","5,476","#REF!","#REF!",""
"403","303","303","W30","2856","1168","2161","2,925","1,203","1,957","6,085","#REF!","#REF!",""
"404","304","304","W30","3466","1669","2720","3,547","1,714","2,460","7,722","#REF!","#REF!",""
"405","305","305","W30","2679","1414","2286","2,745","1,454","2,069","6,268","#REF!","#REF!",""
"406","306","306","W30","1850","795","1751","1,899","823","1,588","4,310","#REF!","#REF!",""
"407","307","307","W30","1334","668","1311","1,373","693","1,192","3,258","#REF!","#REF!",""
"408","308","308","W30","1748","795","1590","1,795","823","1,443","4,061","#REF!","#REF!",""
"409","309","309","W30","695","182","494","721","198","481","1,400","#REF!","#REF!",""
"410","310","310","W30","995","412","771","1,027","432","744","2,204","#REF!","#REF!",""
"411","311","311","W30","782","337","541","810","356","526","1,691","#REF!","#REF!",""
"412","312","312","W30","1704","770","1427","1,750","797","1,368","3,915","#REF!","#REF!",""
"413","313","313","W30","1527","775","1275","1,570","803","1,223","3,595","#REF!","#REF!",""
"414","314","314","W30","921","460","763","951","481","737","2,169","#REF!","#REF!",""
"415","315","315","W30","986","344","737","1,018","363","712","2,093","#REF!","#REF!",""
"416","316","316","W30","394","125","351","414","140","345","899","#REF!","#REF!",""
"417","317","317","W30","369","233","326","388","250","322","960","#REF!","#REF!",""
"418","318","318","W30","622","327","477","646","346","465","1,457","#REF!","#REF!",""
"506","806","806","W30","62","14","32","75","26","42","144","#REF!","#REF!",""
"401","301","301","W31","3727","1959","2929","3,814","2,010","2,648","8,472","#REF!","#REF!",""
"402","302","302","W31","2708","1185","1768","2,774","1,221","1,603","5,598","#REF!","#REF!",""
"403","303","303","W31","2840","1126","2065","2,909","1,161","1,871","5,940","#REF!","#REF!",""
"404","304","304","W31","3734","1777","2833","3,821","1,825","2,562","8,207","#REF!","#REF!",""
"405","305","305","W31","3050","1525","2546","3,123","1,568","2,303","6,994","#REF!","#REF!",""
"406","306","306","W31","2067","814","1962","2,120","842","1,778","4,740","#REF!","#REF!",""
"407","307","307","W31","1355","623","1327","1,394","647","1,206","3,248","#REF!","#REF!",""
"408","308","308","W31","2271","858","1925","2,328","887","1,745","4,960","#REF!","#REF!",""
"409","309","309","W31","517","216","398","539","232","390","1,162","#REF!","#REF!",""
"410","310","310","W31","566","149","312","589","164","308","1,062","#REF!","#REF!",""
"411","311","311","W31","726","333","706","753","352","683","1,787","#REF!","#REF!",""
"412","312","312","W31","1386","645","1210","1,426","670","1,162","3,257","#REF!","#REF!",""
"413","313","313","W31","1668","788","1224","1,713","816","1,175","3,704","#REF!","#REF!",""
"414","314","314","W31","1027","449","827","1,060","470","798","2,327","#REF!","#REF!",""
"415","315","315","W31","781","388","561","809","408","545","1,761","#REF!","#REF!",""
"416","316","316","W31","548","187","453","571","203","442","1,216","#REF!","#REF!",""
"417","317","317","W31","1043","390","609","1,076","410","591","2,076","#REF!","#REF!",""
"418","318","318","W31","603","307","451","627","325","440","1,393","#REF!","#REF!",""
"506","806","806","W31","62","18","39","75","30","49","155","#REF!","#REF!",""
"401","301","301","W32","4008","2048","3084","4,100","2,101","2,788","8,989","#REF!","#REF!",""
"402","302","302","W32","2649","1346","1961","2,714","1,385","1,777","5,876","#REF!","#REF!",""
"403","303","303","W32","2899","1273","2343","2,969","1,310","2,121","6,400","#REF!","#REF!",""
"404","304","304","W32","3520","1858","2888","3,602","1,907","2,611","8,121","#REF!","#REF!",""
"405","305","305","W32","2821","1496","2584","2,889","1,538","2,338","6,765","#REF!","#REF!",""
"406","306","306","W32","2715","1168","2357","2,781","1,203","2,133","6,118","#REF!","#REF!",""
"407","307","307","W32","1455","718","1430","1,496","744","1,299","3,539","#REF!","#REF!",""
"408","308","308","W32","1870","872","1703","1,919","901","1,545","4,366","#REF!","#REF!",""
"409","309","309","W32","593","172","353","617","187","347","1,152","#REF!","#REF!",""
"410","310","310","W32","487","158","403","509","173","395","1,077","#REF!","#REF!",""
"411","311","311","W32","984","432","837","1,016","453","807","2,275","#REF!","#REF!",""
"412","312","312","W32","1909","905","1573","1,959","935","1,506","4,401","#REF!","#REF!",""
"413","313","313","W32","1680","760","1273","1,726","787","1,221","3,734","#REF!","#REF!",""
"414","314","314","W32","1174","691","826","1,209","717","797","2,723","#REF!","#REF!",""
"415","315","315","W32","988","398","599","1,020","418","581","2,019","#REF!","#REF!",""
"416","316","316","W32","918","316","665","948","334","644","1,926","#REF!","#REF!",""
"417","317","317","W32","435","193","296","456","209","293","958","#REF!","#REF!",""
"418","318","318","W32","714","336","512","740","355","498","1,593","#REF!","#REF!",""
"506","806","806","W32","56","20","61","69","32","70","171","#REF!","#REF!",""
"401","301","301","W33","3992","2972","3024","4,084","3,043","2,734","9,861","#REF!","#REF!",""
"402","302","302","W33","2966","1869","1767","3,037","1,918","1,602","6,558","#REF!","#REF!",""
"403","303","303","W33","3174","1719","2244","3,249","1,765","2,032","7,046","#REF!","#REF!",""
"404","304","304","W33","3843","2409","2963","3,932","2,469","2,679","9,080","#REF!","#REF!",""
"405","305","305","W33","3073","2234","2627","3,146","2,291","2,376","7,813","#REF!","#REF!",""
"406","306","306","W33","1908","1131","1813","1,958","1,166","1,644","4,767","#REF!","#REF!",""
"407","307","307","W33","1392","994","1298","1,432","1,026","1,180","3,638","#REF!","#REF!",""
"408","308","308","W33","1988","1230","1645","2,040","1,267","1,493","4,799","#REF!","#REF!",""
"409","309","309","W33","622","315","390","646","333","383","1,362","#REF!","#REF!",""
"410","310","310","W33","603","233","304","627","250","301","1,178","#REF!","#REF!",""
"411","311","311","W33","831","539","600","860","562","582","2,003","#REF!","#REF!",""
"412","312","312","W33","1553","979","1256","1,596","1,011","1,205","3,812","#REF!","#REF!",""
"413","313","313","W33","1365","991","1185","1,404","1,023","1,138","3,565","#REF!","#REF!",""
"414","314","314","W33","1317","866","711","1,355","895","687","2,938","#REF!","#REF!",""
"415","315","315","W33","882","557","729","912","580","705","2,196","#REF!","#REF!",""
"416","316","316","W33","1140","574","893","1,175","597","860","2,633","#REF!","#REF!",""
"417","317","317","W33","726","435","516","753","456","502","1,710","#REF!","#REF!",""
"418","318","318","W33","773","566","499","800","589","486","1,876","#REF!","#REF!",""
"506","806","806","W33","89","34","33","103","47","43","193","#REF!","#REF!",""
"401","301","301","W34","4350","2357","2986","4,449","2,416","2,699","9,565","FE4015A","Grilled chicken and ratatouille",""
"402","302","302","W34","2895","1540","1896","2,965","1,583","1,718","6,266","FE0780D","#N/A",""
"403","303","303","W34","3069","1519","1888","3,142","1,561","1,711","6,415","FE4053A","#N/A",""
"404","304","304","W34","4121","2159","2698","4,215","2,214","2,440","8,870","FE4038B","Chicken in mushroom sauce",""
"405","305","305","W34","3115","1839","2312","3,189","1,888","2,093","7,170","FE0224C","Chicken à la Florentine",""
"406","306","306","W34","2212","1065","1337","2,268","1,098","1,215","4,582","FE0198C","#N/A",""
"407","307","307","W34","1522","886","1100","1,564","916","1,002","3,482","FE4010B","Grilled pork tenderloin and tomato butter",""
"408","308","308","W34","2456","1294","1610","2,517","1,332","1,461","5,310","FE0036D","#N/A",""
"409","309","309","W34","510","196","248","532","212","248","992","FE0031B","#N/A",""
"410","310","310","W34","426","175","207","447","191","209","846","FE0090C","Ratatouille of zucchini and pepper",""
"411","311","311","W34","1079","523","646","1,113","545","626","2,284","FE0413F","Braised beef in herby jus",""
"412","312","312","W34","1671","919","1138","1,716","949","1,093","3,759","FE4044B","#N/A",""
"413","313","313","W34","1489","857","1071","1,531","886","1,029","3,446","FE0207I","Chicken in creamy spinach",""
"414","314","314","W34","972","594","736","1,003","618","711","2,333","FE4001A","#N/A",""
"415","315","315","W34","921","654","823","951","679","794","2,424","FE4027B","Beef & BBQ sauce",""
"416","316","316","W34","549","249","302","572","266","299","1,137","FE4006A","Pork tenderloin in sundried tomato sauce",""
"417","317","317","W34","1365","676","803","1,404","702","775","2,881","FE1398A","Indian-Style Chicken Curry",""
"418","318","318","W34","790","489","633","818","511","613","1,942","FE4048A","#N/A",""
"506","806","806","W34","100","13","19","114","25","30","169","FEA006A","Garlic Herb Grilled Chicken",""
"401","301","301","W35","3485","1752","2992","3,567","1,799","2,705","8,071","FE0426B","Grilled chicken fillet and potato leek mash",""
"402","302","302","W35","2540","1152","1860","2,603","1,187","1,686","5,476","FE4014B","Creamy basil risotto with chicken",""
"403","303","303","W35","2856","1168","2161","2,925","1,203","1,957","6,085","FE4038B","Chicken in mushroom sauce",""
"404","304","304","W35","3466","1669","2720","3,547","1,714","2,460","7,722","FE0472B","Indian style butter chicken",""
"405","305","305","W35","2679","1414","2286","2,745","1,454","2,069","6,268","FE0224C","Chicken à la Florentine",""
"406","306","306","W35","1850","795","1751","1,899","823","1,588","4,310","FE0207I","Chicken in creamy spinach",""
"407","307","307","W35","1334","668","1311","1,373","693","1,192","3,258","FE4010B","Grilled pork tenderloin and tomato butter",""
"408","308","308","W35","1748","795","1590","1,795","823","1,443","4,061","FE4039C","Salmon in creamy gochugaru sauce",""
"409","309","309","W35","695","182","494","721","198","481","1,400","FE0031B","#N/A",""
"410","310","310","W35","995","412","771","1,027","432","744","2,204","FE0425C","#N/A",""
"411","311","311","W35","782","337","541","810","356","526","1,691","FE0746A","Spicy ground beef with jalapenos",""
"412","312","312","W35","1704","770","1427","1,750","797","1,368","3,915","FE0036E","Salmon on cheesy cauliflower rice",""
"413","313","313","W35","1527","775","1275","1,570","803","1,223","3,595","FE0129F","#N/A",""
"414","314","314","W35","921","460","763","951","481","737","2,169","FE4050A","Beef & black bean bowl",""
"415","315","315","W35","986","344","737","1,018","363","712","2,093","FE0413F","Braised beef in herby jus",""
"416","316","316","W35","394","125","351","414","140","345","899","FE4006A","Pork tenderloin in sundried tomato sauce",""
"417","317","317","W35","369","233","326","388","250","322","960","FE0322O","Sour Cream & Chive Chicken",""
"418","318","318","W35","622","327","477","646","346","465","1,457","FE0430E","Pork tenderloin in red pepper sauce",""
"506","806","806","W35","62","14","32","75","26","42","144","FEA006A","Garlic Herb Grilled Chicken",""
"401","301","301","W36","3485","1752","3062","3,567","1,799","2,768","8,134","FE4015A","Grilled chicken and ratatouille",""
"402","302","302","W36","2540","1152","1759","2,603","1,187","1,595","5,385","FE0780D","#N/A",""
"403","303","303","W36","2856","1168","2152","2,925","1,203","1,949","6,077","FE4038B","Chicken in mushroom sauce",""
"404","304","304","W36","3466","1669","2811","3,547","1,714","2,542","7,804","FE0472B","Indian style butter chicken",""
"405","305","305","W36","2679","1414","2493","2,745","1,454","2,256","6,455","FE0426B","Grilled chicken fillet and potato leek mash",""
"406","306","306","W36","1850","795","1931","1,899","823","1,750","4,472","FE4053A","#N/A",""
"407","307","307","W36","1334","668","1237","1,373","693","1,125","3,191","FE4022B","Pork tenderloin with black pepper and sage",""
"408","308","308","W36","1748","795","1844","1,795","823","1,672","4,289","FE0036E","Salmon on cheesy cauliflower rice",""
"409","309","309","W36","695","182","382","721","198","375","1,293","FE0121B","#N/A",""
"410","310","310","W36","995","412","355","1,027","432","349","1,808","FE0425C","#N/A",""
"411","311","311","W36","782","337","851","810","356","820","1,986","FE4063A","Cheddar pulled beef",""
"412","312","312","W36","1704","770","1348","1,750","797","1,293","3,840","FE4044C","Salmon on tomato risotto",""
"413","313","313","W36","1527","775","1637","1,570","803","1,567","3,939","FE0970B","Caramelized Onion & Emmental Fondue Chicken",""
"414","314","314","W36","921","460","1142","951","481","1,097","2,530","FE1512B","Chicken and honey mustard sauce",""
"415","315","315","W36","986","344","496","1,018","363","483","1,864","FE0746A","Spicy ground beef with jalapenos",""
"416","316","316","W36","394","125","538","414","140","523","1,076","FE0129F","#N/A",""
"417","317","317","W36","369","233","536","388","250","521","1,159","FE0169H","Pork tenderloin in creamy garlic-mustard sauce",""
"418","318","318","W36","622","327","482","646","346","470","1,462","FE4048A","#N/A",""
"506","806","806","W36","62","14","36","75","26","46","148","FEA006A","Garlic Herb Grilled Chicken",""
"401","301","301","W37","3485","1752","2992","3,567","1,799","2,705","8,071","#REF!","#REF!",""
"402","302","302","W37","2540","1152","1860","2,603","1,187","1,686","5,476","#REF!","#REF!",""
"403","303","303","W37","2856","1168","2161","2,925","1,203","1,957","6,085","#REF!","#REF!",""
"404","304","304","W37","3466","1669","2720","3,547","1,714","2,460","7,722","#REF!","#REF!",""
"405","305","305","W37","2679","1414","2286","2,745","1,454","2,069","6,268","#REF!","#REF!",""
"406","306","306","W37","1850","795","1751","1,899","823","1,588","4,310","#REF!","#REF!",""
"407","307","307","W37","1334","668","1311","1,373","693","1,192","3,258","#REF!","#REF!",""
"408","308","308","W37","1748","795","1590","1,795","823","1,443","4,061","#REF!","#REF!",""
"409","309","309","W37","695","182","494","721","198","481","1,400","#REF!","#REF!",""
"410","310","310","W37","995","412","771","1,027","432","744","2,204","#REF!","#REF!",""
"411","311","311","W37","782","337","541","810","356","526","1,691","#REF!","#REF!",""
"412","312","312","W37","1704","770","1427","1,750","797","1,368","3,915","#REF!","#REF!",""
"413","313","313","W37","1527","775","1275","1,570","803","1,223","3,595","#REF!","#REF!",""
"414","314","314","W37","921","460","763","951","481","737","2,169","#REF!","#REF!",""
"415","315","315","W37","986","344","737","1,018","363","712","2,093","#REF!","#REF!",""
"416","316","316","W37","394","125","351","414","140","345","899","#REF!","#REF!",""
"417","317","317","W37","369","233","326","388","250","322","960","#REF!","#REF!",""
"418","318","318","W37","622","327","477","646","346","465","1,457","#REF!","#REF!",""
"506","806","806","W37","62","14","32","75","26","42","144","#REF!","#REF!",""
"401","301","301","W38","3485","1752","3,339","3,567","1,799","3,017","8,383","FE0426B","Grilled chicken fillet and potato leek mash",""
"402","302","302","W38","2540","1152","1,825","2,603","1,187","1,655","5,444","FE0780D","#N/A",""
"403","303","303","W38","2856","1168","2,322","2,925","1,203","2,102","6,230","FE4053A","#N/A",""
"404","304","304","W38","3466","1669","3,203","3,547","1,714","2,895","8,156","FE0129G","Peruvian style chicken breast",""
"405","305","305","W38","2679","1414","2,817","2,745","1,454","2,547","6,746","FE4015A","Grilled chicken and ratatouille",""
"406","306","306","W38","1850","795","1,892","1,899","823","1,715","4,437","FE0207I","Chicken in creamy spinach",""
"407","307","307","W38","1334","668","1,477","1,373","693","1,341","3,407","FE4022B","Pork tenderloin with black pepper and sage",""
"408","308","308","W38","1748","795","2,201","1,795","823","1,993","4,611","FE0036E","Salmon on cheesy cauliflower rice",""
"409","309","309","W38","695","182","436","721","198","426","1,345","FE0425C","#N/A",""
"410","310","310","W38","995","412","370","1,027","432","364","1,823","FE0090C","Ratatouille of zucchini and pepper",""
"411","311","311","W38","782","337","804","810","356","776","1,941","FE4063A","Cheddar pulled beef",""
"412","312","312","W38","1704","770","1,473","1,750","797","1,411","3,959","FE4044C","Salmon on tomato risotto",""
"413","313","313","W38","1527","775","1,810","1,570","803","1,732","4,104","FE0970B","Caramelized Onion & Emmental Fondue Chicken",""
"414","314","314","W38","921","460","717","951","481","693","2,126","FE4014B","Creamy basil risotto with chicken",""
"415","315","315","W38","986","344","1,464","1,018","363","1,403","2,783","FE1346B","Parmesan & Garlic Cream Pulled Beef",""
"416","316","316","W38","394","125","524","414","140","510","1,063","FE4011B","#N/A",""
"417","317","317","W38","369","233","518","388","250","504","1,142","FE4010B","Grilled pork tenderloin and tomato butter",""
"418","318","318","W38","622","327","565","646","346","549","1,541","FE4048A","#N/A",""
"506","806","806","W38","62","14","38","75","26","48","150","FEA006A","Garlic Herb Grilled Chicken",""
"401","301","301","W39","5109","1752","3,666","5,223","1,799","3,311","10,334","FE4015A","Grilled chicken and ratatouille",""
"402","302","302","W39","3145","1152","2,496","3,220","1,187","2,258","6,665","FE0426B","Grilled chicken fillet and potato leek mash",""
"403","303","303","W39","3340","1168","2,454","3,419","1,203","2,221","6,843","FE0849A","Courgette-spaghetti bolognese",""
"404","304","304","W39","5321","1669","3,633","5,439","1,714","3,282","10,436","FE0401E","#N/A",""
"405","305","305","W39","3934","1414","3,208","4,025","1,454","2,899","8,378","FE0224C","Chicken à la Florentine",""
"406","306","306","W39","2781","795","2,464","2,849","823","2,230","5,901","FE0472B","Indian style butter chicken",""
"407","307","307","W39","1369","668","1,312","1,408","693","1,193","3,295","FE4060A","Artichoke & Spinach Pork tenderloin",""
"408","308","308","W39","1890","795","1,818","1,940","823","1,648","4,411","FE0035E","#N/A",""
"409","309","309","W39","599","182","528","623","198","514","1,334","FE0121B","#N/A",""
"410","310","310","W39","683","412","515","709","432","501","1,642","FE0031B","#N/A",""
"411","311","311","W39","1722","337","1,216","1,768","356","1,167","3,291","FE1345A","Pulled beef & pasta in cheese sauce",""
"412","312","312","W39","2505","770","1,830","2,567","797","1,751","5,115","FE4039C","Salmon in creamy gochugaru sauce",""
"413","313","313","W39","2010","775","1,434","2,062","803","1,374","4,239","FE0198C","#N/A",""
"414","314","314","W39","2062","460","1,343","2,115","481","1,288","3,884","FE0833F","Tabbouleh Rice & Grilled Chicken",""
"415","315","315","W39","863","344","558","892","363","542","1,797","FE0746A","Spicy ground beef with jalapenos",""
"416","316","316","W39","695","125","611","721","140","592","1,453","FE4023B","Chicken in chive cream sauce",""
"417","317","317","W39","765","233","552","792","250","536","1,578","FE4006A","Pork tenderloin in sundried tomato sauce",""
"418","318","318","W39","928","327","559","959","346","543","1,847","FE4048A","#N/A",""
"506","806","806","W39","102","14","35","116","26","45","188","FEA006A","Garlic Herb Grilled Chicken",""
"401","301","301","W40","3485","1752","2992","3,567","1,799","2,705","8,071","FE4014B","Creamy basil risotto with chicken",""
"402","302","302","W40","2540","1152","1860","2,603","1,187","1,686","5,476","FE4011B","#N/A",""
"403","303","303","W40","2856","1168","2161","2,925","1,203","1,957","6,085","FE0713A","#N/A",""
"404","304","304","W40","3466","1669","2720","3,547","1,714","2,460","7,722","FE4053A","#N/A",""
"405","305","305","W40","2679","1414","2286","2,745","1,454","2,069","6,268","FE4001A","#N/A",""
"406","306","306","W40","1850","795","1751","1,899","823","1,588","4,310","FE0207I","Chicken in creamy spinach",""
"407","307","307","W40","1334","668","1311","1,373","693","1,192","3,258","FE4010B","Grilled pork tenderloin and tomato butter",""
"408","308","308","W40","1748","795","1590","1,795","823","1,443","4,061","FE0036E","Salmon on cheesy cauliflower rice",""
"409","309","309","W40","695","182","494","721","198","481","1,400","FE0090C","Ratatouille of zucchini and pepper",""
"410","310","310","W40","995","412","771","1,027","432","744","2,204","FE0425C","#N/A",""
"411","311","311","W40","782","337","541","810","356","526","1,691","FE0413F","Braised beef in herby jus",""
"412","312","312","W40","1704","770","1427","1,750","797","1,368","3,915","FE4044C","Salmon on tomato risotto",""
"413","313","313","W40","1527","775","1275","1,570","803","1,223","3,595","FE0401E","#N/A",""
"414","314","314","W40","921","460","763","951","481","737","2,169","FE0224C","Chicken à la Florentine",""
"415","315","315","W40","986","344","737","1,018","363","712","2,093","FE1506A","Fajita-Style Shredded Beef & Queso",""
"416","316","316","W40","394","125","351","414","140","345","899","FE0024E","Chicken in tomato cream sauce",""
"417","317","317","W40","369","233","326","388","250","322","960","FE0169H","Pork tenderloin in creamy garlic-mustard sauce",""
"418","318","318","W40","622","327","477","646","346","465","1,457","FE0430E","Pork tenderloin in red pepper sauce",""
"506","806","806","W40","62","14","32","75","26","42","144","FEA006A","Garlic Herb Grilled Chicken",""
"401","301","301","W41","3485","1752","2992","3,567","1,799","2,705","8,071","FE0426B","Grilled chicken fillet and potato leek mash",""
"402","302","302","W41","2540","1152","1860","2,603","1,187","1,686","5,476","FE0628B","#N/A",""
"403","303","303","W41","2856","1168","2161","2,925","1,203","1,957","6,085","FE0849A","Courgette-spaghetti bolognese",""
"404","304","304","W41","3466","1669","2720","3,547","1,714","2,460","7,722","FE0970B","Caramelized Onion & Emmental Fondue Chicken",""
"405","305","305","W41","2679","1414","2286","2,745","1,454","2,069","6,268","FE4015A","Grilled chicken and ratatouille",""
"406","306","306","W41","1850","795","1751","1,899","823","1,588","4,310","FE0794D","Loaded Bacon Shredded Chicken",""
"407","307","307","W41","1334","668","1311","1,373","693","1,192","3,258","FE4022B","Pork tenderloin with black pepper and sage",""
"408","308","308","W41","1748","795","1590","1,795","823","1,443","4,061","FE4039C","Salmon in creamy gochugaru sauce",""
"409","309","309","W41","695","182","494","721","198","481","1,400","FE0031B","#N/A",""
"410","310","310","W41","995","412","771","1,027","432","744","2,204","FE0121B","#N/A",""
"411","311","311","W41","782","337","541","810","356","526","1,691","FE4063A","Cheddar pulled beef",""
"412","312","312","W41","1704","770","1427","1,750","797","1,368","3,915","FE0035E","#N/A",""
"413","313","313","W41","1527","775","1275","1,570","803","1,223","3,595","FE0472B","Indian style butter chicken",""
"414","314","314","W41","921","460","763","951","481","737","2,169","FE1451A","West African Style Chicken Peanut Curry",""
"415","315","315","W41","986","344","737","1,018","363","712","2,093","FE0780D","#N/A",""
"416","316","316","W41","394","125","351","414","140","345","899","FE4055A","Lemon-garlic chicken",""
"417","317","317","W41","369","233","326","388","250","322","960","FE4006A","Pork tenderloin in sundried tomato sauce",""
"418","318","318","W41","622","327","477","646","346","465","1,457","FE4048A","#N/A",""
"506","806","806","W41","62","14","32","75","26","42","144","FEA006A","Garlic Herb Grilled Chicken",""
"401","301","301","W42","3485","1752","2992","3,567","1,799","2,705","8,071","FE4001A","#N/A",""
"402","302","302","W42","2540","1152","1860","2,603","1,187","1,686","5,476","FE0224C","Chicken à la Florentine",""
"403","303","303","W42","2856","1168","2161","2,925","1,203","1,957","6,085","FE0257C","#N/A",""
"404","304","304","W42","3466","1669","2720","3,547","1,714","2,460","7,722","FE4053A","#N/A",""
"405","305","305","W42","2679","1414","2286","2,745","1,454","2,069","6,268","FE4011B","#N/A",""
"406","306","306","W42","1850","795","1751","1,899","823","1,588","4,310","FE0024E","Chicken in tomato cream sauce",""
"407","307","307","W42","1334","668","1311","1,373","693","1,192","3,258","FE0565D","Pork tenderloin with caramelized onion",""
"408","308","308","W42","1748","795","1590","1,795","823","1,443","4,061","FE0036E","Salmon on cheesy cauliflower rice",""
"409","309","309","W42","695","182","494","721","198","481","1,400","FE0090C","Ratatouille of zucchini and pepper",""
"410","310","310","W42","995","412","771","1,027","432","744","2,204","FE0425C","#N/A",""
"411","311","311","W42","782","337","541","810","356","526","1,691","FE1345A","Pulled beef & pasta in cheese sauce",""
"412","312","312","W42","1704","770","1427","1,750","797","1,368","3,915","FE4009D","Salmon in mustard-dill sauce",""
"413","313","313","W42","1527","775","1275","1,570","803","1,223","3,595","FE1367B","Thai-Style Grilled Chicken Bowl",""
"414","314","314","W42","921","460","763","951","481","737","2,169","FE4014B","Creamy basil risotto with chicken",""
"415","315","315","W42","986","344","737","1,018","363","712","2,093","FE4027B","Beef & BBQ sauce",""
"416","316","316","W42","394","125","351","414","140","345","899","FE0129G","Peruvian style chicken breast",""
"417","317","317","W42","369","233","326","388","250","322","960","FE0430E","Pork tenderloin in red pepper sauce",""
"418","318","318","W42","622","327","477","646","346","465","1,457","FE4042A","Pork tenderloin and Mediterranean mash",""
"506","806","806","W42","62","14","32","75","26","42","144","FEA006A","Garlic Herb Grilled Chicken","Thursday Deviation"
"401","301","301","W43","3485","1752","3418","3,567","1,799","3,018","8,384","FE0628B","#N/A","12%"
"402","302","302","W43","2540","1152","2435","2,603","1,187","2,153","5,943","FE0426B","Grilled chicken fillet and potato leek mash","12%"
"403","303","303","W43","2856","1168","2432","2,925","1,203","2,224","6,353","FE0713A","#N/A","9%"
"404","304","304","W43","3466","1669","3455","3,547","1,714","3,120","8,382","FE0401E","#N/A","10%"
"405","305","305","W43","2679","1414","3136","2,745","1,454","2,770","6,969","FE4015A","Grilled chicken and ratatouille","12%"
"406","306","306","W43","1850","795","2469","1,899","823","2,233","4,955","FE0472B","Indian style butter chicken","10%"
"407","307","307","W43","1334","668","1200","1,373","693","1,054","3,120","FE4060A","Artichoke & Spinach Pork tenderloin","13%"
"408","308","308","W43","1748","795","1629","1,795","823","1,510","4,128","FE0035E","#N/A","8%"
"409","309","309","W43","695","182","451","721","198","463","1,382","FE0121B","#N/A","0%"
"410","310","310","W43","995","412","462","1,027","432","469","1,928","FE0031B","#N/A","1%"
"411","311","311","W43","782","337","611","810","356","617","1,782","FE0746A","Spicy ground beef with jalapenos","1%"
"412","312","312","W43","1704","770","1961","1,750","797","1,855","4,402","FE4039C","Salmon in creamy gochugaru sauce","6%"
"413","313","313","W43","1527","775","1551","1,570","803","1,454","3,826","FE0322O","Sour Cream & Chive Chicken","7%"
"414","314","314","W43","921","460","1214","951","481","1,201","2,634","FE1404A","Bulgogi Shredded Beef Bowl","2%"
"415","315","315","W43","986","344","591","1,018","363","615","1,996","FE4050A","Beef & black bean bowl","-2%"
"416","316","316","W43","394","125","851","414","140","854","1,408","FE4040A","#N/A","1%"
"417","317","317","W43","369","233","628","388","250","627","1,265","FE4010B","Grilled pork tenderloin and tomato butter","2%"
"418","318","318","W43","622","327","555","646","346","567","1,559","FE4048A","#N/A","0%"
"506","806","806","W43","62","14","34","75","26","43","144","FEA006A","Garlic Herb Grilled Chicken","7%"
"401","301","301","W44","3485","1752","3649","3,567","1,799","3,222","8,587","FE0224C","Chicken à la Florentine","12%"
"402","302","302","W44","2540","1152","2121","2,603","1,187","1,877","5,667","FE4001A","#N/A","12%"
"403","303","303","W44","2856","1168","2549","2,925","1,203","2,331","6,459","FE0413F","Braised beef in herby jus","9%"
"404","304","304","W44","3466","1669","3373","3,547","1,714","3,047","8,308","FE0970B","Caramelized Onion & Emmental Fondue Chicken","10%"
"405","305","305","W44","2679","1414","2862","2,745","1,454","2,529","6,728","FE4014B","Creamy basil risotto with chicken","12%"
"406","306","306","W44","1850","795","2098","1,899","823","1,899","4,621","FE0207I","Chicken in creamy spinach","10%"
"407","307","307","W44","1334","668","1350","1,373","693","1,185","3,251","FE4006A","Pork tenderloin in sundried tomato sauce","13%"
"408","308","308","W44","1748","795","2078","1,795","823","1,923","4,541","FE0036E","Salmon on cheesy cauliflower rice","8%"
"409","309","309","W44","695","182","371","721","198","383","1,302","FE0090C","Ratatouille of zucchini and pepper","0%"
"410","310","310","W44","995","412","434","1,027","432","442","1,901","FE0425C","#N/A","1%"
"411","311","311","W44","782","337","712","810","356","717","1,882","FE0780D","#N/A","1%"
"412","312","312","W44","1704","770","1474","1,750","797","1,397","3,944","FE4044C","Salmon on tomato risotto","6%"
"413","313","313","W44","1527","775","1919","1,570","803","1,796","4,168","FE0673B","Thai style chicken and peanut sauce","7%"
"414","314","314","W44","921","460","778","951","481","774","2,207","FE0517B","Apricot-mustard chicken ","2%"
"415","315","315","W44","986","344","837","1,018","363","866","2,247","FE0745B","Beef with cauliflower mash","-2%"
"416","316","316","W44","394","125","752","414","140","756","1,310","FE4038B","Chicken in mushroom sauce","1%"
"417","317","317","W44","369","233","587","388","250","587","1,225","FE4020A","Grilled pork tenderloin with broccoli in peppersauce","2%"
"418","318","318","W44","622","327","478","646","346","490","1,482","FE1072A","#N/A","0%"
"506","806","806","W44","62","14","30","75","26","39","141","FEA006A","Garlic Herb Grilled Chicken","7%"
"401","301","301","W45","3485","1752","2566","3,567","1,799","2,269","7,634","FE0628B","#N/A","12%"
"402","302","302","W45","2540","1152","1719","2,603","1,187","1,523","5,313","FE4015A","Grilled chicken and ratatouille","12%"
"403","303","303","W45","2856","1168","1940","2,925","1,203","1,776","5,905","FE0849A","Courgette-spaghetti bolognese","9%"
"404","304","304","W45","3466","1669","2192","3,547","1,714","1,984","7,245","FE4053A","#N/A","10%"
"405","305","305","W45","2679","1414","2041","2,745","1,454","1,807","6,006","FE0426B","Grilled chicken fillet and potato leek mash","12%"
"406","306","306","W45","1850","795","1688","1,899","823","1,530","4,252","FE0794D","Loaded Bacon Shredded Chicken","10%"
"407","307","307","W45","1334","668","1154","1,373","693","1,014","3,080","FE4060A","Artichoke & Spinach Pork tenderloin","13%"
"408","308","308","W45","1748","795","1439","1,795","823","1,335","3,953","FE0035E","#N/A","8%"
"409","309","309","W45","695","182","340","721","198","352","1,271","FE0121B","#N/A","0%"
"410","310","310","W45","995","412","438","1,027","432","446","1,905","FE0516A","Sun-dried tomato trottole","1%"
"411","311","311","W45","782","337","819","810","356","823","1,988","FE4063A","Cheddar pulled beef","1%"
"412","312","312","W45","1704","770","1225","1,750","797","1,163","3,710","FE4009D","Salmon in mustard-dill sauce","6%"
"413","313","313","W45","1527","775","1806","1,570","803","1,691","4,063","FE0123H","Chicken Alfredo","7%"
"414","314","314","W45","921","460","818","951","481","813","2,246","FE1348B","Cheddar & Bell Pepper Pulled Beef Bowl","2%"
"415","315","315","W45","986","344","765","1,018","363","793","2,173","FE4027B","Beef & BBQ sauce","-2%"
"416","316","316","W45","394","125","613","414","140","619","1,172","FE4055A","Lemon-garlic chicken","1%"
"417","317","317","W45","369","233","332","388","250","337","975","FE0169H","Pork tenderloin in creamy garlic-mustard sauce","2%"
"418","318","318","W45","622","327","284","646","346","296","1,288","FE4042A","Pork tenderloin and Mediterranean mash","0%"
"506","806","806","W45","62","14","45","75","26","53","155","FEA006A","Garlic Herb Grilled Chicken","7%"
"401","301","301","W46","3485","1752","3542","3,567","1,799","3,128","8,493","FE4001A","#N/A","12%"
"402","302","302","W46","2540","1152","2016","2,603","1,187","1,785","5,574","FE4011B","#N/A","12%"
"403","303","303","W46","2856","1168","2461","2,925","1,203","2,250","6,379","FE0713A","#N/A","9%"
"404","304","304","W46","3466","1669","3551","3,547","1,714","3,207","8,468","FE4040A","#N/A","10%"
"405","305","305","W46","2679","1414","3112","2,745","1,454","2,749","6,948","FE0271B","Cranberry Chicken ","12%"
"406","306","306","W46","1850","795","2362","1,899","823","2,137","4,859","FE0129G","Peruvian style chicken breast","10%"
"407","307","307","W46","1334","668","1600","1,373","693","1,402","3,468","FE4010B","Grilled pork tenderloin and tomato butter","13%"
"408","308","308","W46","1748","795","1963","1,795","823","1,817","4,435","FE4039C","Salmon in creamy gochugaru sauce","8%"
"409","309","309","W46","695","182","429","721","198","441","1,360","FE0031B","#N/A","0%"
"410","310","310","W46","995","412","526","1,027","432","533","1,992","FE0131C","Black bean bowl and enchilada sauce","1%"
"411","311","311","W46","782","337","1,203","810","356","1,203","2,368","FE1345A","Pulled beef & pasta in cheese sauce","1%"
"412","312","312","W46","1704","770","1979","1,750","797","1,872","4,419","FE0036E","Salmon on cheesy cauliflower rice","6%"
"413","313","313","W46","1527","775","1808","1,570","803","1,693","4,065","FE0130E","Rice bowl with pulled chicken and taco spices","7%"
"414","314","314","W46","921","460","752","951","481","749","2,181","FE0780D","#N/A","2%"
"415","315","315","W46","986","344","1064","1,018","363","1,098","2,478","FE4043A","Beef in tomato ragout","-2%"
"416","316","316","W46","394","125","556","414","140","562","1,116","FE4051A","Tomato-mozzarella chicken","1%"
"417","317","317","W46","369","233","522","388","250","523","1,161","FE4022B","Pork tenderloin with black pepper and sage","2%"
"418","318","318","W46","622","327","561","646","346","573","1,565","FE4048A","#N/A","0%"
"506","806","806","W46","62","14","48","75","26","56","157","FEA006A","Garlic Herb Grilled Chicken","7%"
"401","301","301","W47","","","3344","12","12","2,953","2,977","FE4014B","Creamy basil risotto with chicken","12%"
"402","302","302","W47","","","2324","12","12","2,056","2,080","FE4015A","Grilled chicken and ratatouille","12%"
"403","303","303","W47","","","2092","12","12","1,915","1,939","FE0746A","Spicy ground beef with jalapenos","9%"
"404","304","304","W47","","","3412","12","12","3,082","3,106","FE4038B","Chicken in mushroom sauce","10%"
"405","305","305","W47","","","3069","12","12","2,711","2,735","FE0224C","Chicken à la Florentine","12%"
"406","306","306","W47","","","2115","12","12","1,914","1,938","FE0025M","Chicken in lemon-capers sauce","10%"
"407","307","307","W47","","","1574","12","12","1,380","1,404","FE4020A","Grilled pork tenderloin with broccoli in peppersauce","13%"
"408","308","308","W47","","","1822","12","12","1,687","1,711","FE0035E","#N/A","8%"
"409","309","309","W47","","","354","12","12","366","390","FE0090C","Ratatouille of zucchini and pepper","0%"
"410","310","310","W47","","","441","12","12","448","472","FE0935A","Vegetarian stew with white beans","1%"
"411","311","311","W47","","","574","12","12","580","604","FE4050A","Beef & black bean bowl","1%"
"412","312","312","W47","","","1552","12","12","1,470","1,494","FE1145B","Roasted Salmon & Dill Yogurt","6%"
"413","313","313","W47","","","1387","12","12","1,301","1,325","FE1131D","Tex-Mex Style Chicken Thigh Tinga","7%"
"414","314","314","W47","","","930","12","12","923","947","FE0833F","Tabbouleh Rice & Grilled Chicken","2%"
"415","315","315","W47","","","1030","12","12","1,063","1,087","FE0160C","Beef Shepherd's Pie","-2%"
"416","316","316","W47","","","1014","12","12","1,016","1,040","FE0472B","Indian style butter chicken","1%"
"417","317","317","W47","","","609","12","12","609","633","FE0430E","Pork tenderloin in red pepper sauce","2%"
"418","318","318","W47","","","569","12","12","581","605","FE0890B","Pork tenderloin with apple-mustard sauce","0%"
"506","806","806","W47","","","40","12","12","48","72","FEA006A","Garlic Herb Grilled Chicken","7%"
"401","301","301","W48","","","3154","12","12","2,786","2,810","FE0628B","#N/A","12%"
"402","302","302","W48","","","2244","12","12","1,985","2,009","FE0426B","Grilled chicken fillet and potato leek mash","12%"
"403","303","303","W48","","","2405","12","12","2,199","2,223","FE0713A","#N/A","9%"
"404","304","304","W48","","","3299","12","12","2,980","3,004","FE4040B","Chicken in creamy basil sauce","10%"
"405","305","305","W48","","","2738","12","12","2,420","2,444","FE4001B","#N/A","12%"
"406","306","306","W48","","","2034","12","12","1,841","1,865","FE0198C","#N/A","10%"
"407","307","307","W48","","","1389","12","12","1,219","1,243","FE4022B","Pork tenderloin with black pepper and sage","13%"
"408","308","308","W48","","","1945","12","12","1,800","1,824","FE4039C","Salmon in creamy gochugaru sauce","8%"
"409","309","309","W48","","","395","12","12","407","431","FE0425C","#N/A","0%"
"410","310","310","W48","","","501","12","12","508","532","FE0516A","Sun-dried tomato trottole","1%"
"411","311","311","W48","","","592","12","12","598","622","FE0047G","Beef & pepper casserole","1%"
"412","312","312","W48","","","1537","12","12","1,456","1,480","FE1320C","Ají Verde Salmon","6%"
"413","313","313","W48","","","1278","12","12","1,200","1,224","FE0322O","Sour Cream & Chive Chicken","7%"
"414","314","314","W48","","","1119","12","12","1,108","1,132","FE1351C","Cheddar & Red Pepper Chicken Thigh Pasta","2%"
"415","315","315","W48","","","1277","12","12","1,315","1,339","FE1346B","Parmesan & Garlic Cream Pulled Beef","-2%"
"416","316","316","W48","","","820","12","12","824","848","FE0970B","Caramelized Onion & Emmental Fondue Chicken","1%"
"417","317","317","W48","","","391","12","12","395","419","FE4060A","Artichoke & Spinach Pork tenderloin","2%"
"418","318","318","W48","","","439","12","12","451","475","FE1072A","#N/A","0%"
"506","806","806","W48","","","23","12","12","33","57","FEA006A","Garlic Herb Grilled Chicken","7%"
"401","301","301","W49","","","2,566","12","12","2,269","2,293","FE0224C","Chicken à la Florentine","12%"
"402","302","302","W49","","","1,719","12","12","1,523","1,547","FE4015A","Grilled chicken and ratatouille","12%"
"403","303","303","W49","","","1,940","12","12","1,776","1,800","FE0849A","Courgette-spaghetti bolognese","9%"
"404","304","304","W49","","","2,192","12","12","1,984","2,008","FE4053A","#N/A","10%"
"405","305","305","W49","","","2,041","12","12","1,807","1,831","FE0271B","Cranberry Chicken ","12%"
"406","306","306","W49","","","1,688","12","12","1,530","1,554","FE0129G","Peruvian style chicken breast","10%"
"407","307","307","W49","","","1,154","12","12","1,014","1,038","FE4060A","Artichoke & Spinach Pork tenderloin","13%"
"408","308","308","W49","","","1,439","12","12","1,335","1,359","FE0972B","Salmon Piccata","8%"
"409","309","309","W49","","","340","12","12","352","376","FE0090C","Ratatouille of zucchini and pepper","0%"
"410","310","310","W49","","","438","12","12","446","470","FE0031B","#N/A","1%"
"411","311","311","W49","","","819","12","12","823","847","FE1345A","Pulled beef & pasta in cheese sauce","1%"
"412","312","312","W49","","","1,225","12","12","1,163","1,187","FE4044C","Salmon on tomato risotto","6%"
"413","313","313","W49","","","1,806","12","12","1,691","1,715","FE4064A","Ginger Garlic Grilled Chicken","7%"
"414","314","314","W49","","","818","12","12","813","837","FE1404A","Bulgogi Shredded Beef Bowl","2%"
"415","315","315","W49","","","765","12","12","793","817","FE1506A","Fajita-Style Shredded Beef & Queso","-2%"
"416","316","316","W49","","","613","12","12","619","643","FE0024E","Chicken in tomato cream sauce","1%"
"417","317","317","W49","","","332","12","12","337","361","FE0169H","Pork tenderloin in creamy garlic-mustard sauce","2%"
"418","318","318","W49","","","284","12","12","296","320","FE4048A","#N/A","0%"
"506","806","806","W49","","","45","12","12","53","77","FEA006A","Garlic Herb Grilled Chicken","7%"
