"","","","F&F (Emp) Starts","F&F Starts","","Paid Marketing Starts(NL)","","Paid Marketing Starts(BE)","<< Dutch Regions only","","","","","","","","","","","","","","","","","","","","","","","","","","","","","","","","","","","","","","","","","","","","","","","","","","","","","","","","","","","","","","","","","","","","","","","","","","","","","","","","","","","","","","","","","","","","","","","","","","","","","","","","","","","","","","","","","","","","","","","","","","","","","","","","","","","","","","","","","","","","","","","","","","","","","","","","","","","","","","","","","","","","","","","","","","","","","","","",""
"","HF Week","","W27","W28","W29","W30","W31","W32","W33","W34","W35","W36","W37","W38","W39","W40","W41","W42","W43","W44","W45","W46","W47","W48","W49","W50","W51","W52","W01","W02","W03","W04","W05","W06","W07","W08","W09","W10","W11","W12","W13","W14","W15","W16","W17","W18","W19","W20","W21","W22","W23","W24","W25","W26","W27","W28","W29","W30","W31","W32","W33","W34","W35","W36","W37","W38","W39","W40","W41","W42","W43","W44","W45","W46","W47","W48","W49","W50","W51","W52","W01","W02","W03","W04","W05","W06","W07","W08","W09","W10","W11","W12","W13","W14","W15","W16","W17","W18","W19","W20","W21","W22","W23","W24","W25","W26","W27","W28","W29","W30","W31","W32","W33","W34","W35","W36","W37","W38","W39","W40","W41","W42","W43","W44","W45","W46","W47","W48","W49","W50","W51","W52","W01","W02","W03","W04","W05","W06","W07","W08","W09","W10","W11","W12","W13","W14","W15","W16","W17","W18","W19","W20","W21","W22","W23","W24","W25","W26","W27","W28","W29","W30","W31","W32","W33","W34","W35","W36","W37","W38","W39","W40","W41","W42","W43","W44","W45","W46","W47","W48","W49","W50","W51","W52",""
"","Order Cutoff Date (Weds 11:59 pm)","","28-Jun-2023","5-Jul-2023","12-Jul-2023","19-Jul-2023","26-Jul-2023","2-Aug-2023","9-Aug-2023","16-Aug-2023","23-Aug-2023","30-Aug-2023","6-Sep-2023","13-Sep-2023","20-Sep-2023","27-Sep-2023","4-Oct-2023","11-Oct-2023","18-Oct-2023","25-Oct-2023","1-Nov-2023","8-Nov-2023","15-Nov-2023","22-Nov-2023","29-Nov-2023","6-Dec-2023","13-Dec-2023","20-Dec-2023","27-Dec-2023","3-Jan-2024","10-Jan-2024","17-Jan-2024","24-Jan-2024","31-Jan-2024","7-Feb-2024","14-Feb-2024","21-Feb-2024","28-Feb-2024","6-Mar-2024","13-Mar-2024","20-Mar-2024","27-Mar-2024","3-Apr-2024","10-Apr-2024","17-Apr-2024","24-Apr-2024","1-May-2024","8-May-2024","15-May-2024","22-May-2024","29-May-2024","5-Jun-2024","12-Jun-2024","19-Jun-2024","26-Jun-2024","3-Jul-2024","10-Jul-2024","17-Jul-2024","24-Jul-2024","31-Jul-2024","7-Aug-2024","14-Aug-2024","21-Aug-2024","28-Aug-2024","4-Sep-2024","11-Sep-2024","18-Sep-2024","25-Sep-2024","2-Oct-2024","9-Oct-2024","16-Oct-2024","23-Oct-2024","30-Oct-2024","6-Nov-2024","13-Nov-2024","20-Nov-2024","27-Nov-2024","4-Dec-2024","11-Dec-2024","18-Dec-2024","22-Dec-2024","29-Dec-2024","8-Jan-2025","15-Jan-2025","22-Jan-2025","29-Jan-2025","5-Feb-2025","12-Feb-2025","19-Feb-2025","26-Feb-2025","5-Mar-2025","12-Mar-2025","19-Mar-2025","26-Mar-2025","2-Apr-2025","9-Apr-2025","16-Apr-2025","23-Apr-2025","30-Apr-2025","7-May-2025","14-May-2025","21-May-2025","28-May-2025","4-Jun-2025","11-Jun-2025","18-Jun-2025","25-Jun-2025","2-Jul-2025","9-Jul-2025","16-Jul-2025","23-Jul-2025","30-Jul-2025","6-Aug-2025","13-Aug-2025","20-Aug-2025","27-Aug-2025","3-Sep-2025","10-Sep-2025","17-Sep-2025","24-Sep-2025","1-Oct-2025","8-Oct-2025","15-Oct-2025","22-Oct-2025","29-Oct-2025","5-Nov-2025","12-Nov-2025","19-Nov-2025","26-Nov-2025","3-Dec-2025","10-Dec-2025","17-Dec-2025","","","","","","","","","","","","","","","","","","","","","","","","","","","","","","","","","","","","","","","","","","","","","","","","","","","","",""
"","First Delivery Day (Sunday)","","2-Jul-2023","9-Jul-2023","16-Jul-2023","23-Jul-2023","30-Jul-2023","6-Aug-2023","13-Aug-2023","20-Aug-2023","27-Aug-2023","3-Sep-2023","10-Sep-2023","17-Sep-2023","24-Sep-2023","1-Oct-2023","8-Oct-2023","15-Oct-2023","22-Oct-2023","29-Oct-2023","5-Nov-2023","12-Nov-2023","19-Nov-2023","26-Nov-2023","3-Dec-2023","10-Dec-2023","17-Dec-2023","24-Dec-2023","31-Dec-2023","7-Jan-2024","14-Jan-2024","21-Jan-2024","28-Jan-2024","4-Feb-2024","11-Feb-2024","18-Feb-2024","25-Feb-2024","3-Mar-2024","10-Mar-2024","17-Mar-2024","24-Mar-2024","31-Mar-2024","7-Apr-2024","14-Apr-2024","21-Apr-2024","28-Apr-2024","5-May-2024","12-May-2024","19-May-2024","26-May-2024","2-Jun-2024","9-Jun-2024","16-Jun-2024","23-Jun-2024","30-Jun-2024","7-Jul-2024","14-Jul-2024","21-Jul-2024","28-Jul-2024","4-Aug-2024","11-Aug-2024","18-Aug-2024","25-Aug-2024","1-Sep-2024","8-Sep-2024","15-Sep-2024","22-Sep-2024","29-Sep-2024","6-Oct-2024","13-Oct-2024","20-Oct-2024","27-Oct-2024","3-Nov-2024","10-Nov-2024","17-Nov-2024","24-Nov-2024","1-Dec-2024","8-Dec-2024","15-Dec-2024","22-Dec-2024","29-Dec-2024","5-Jan-2025","12-Jan-2025","19-Jan-2025","26-Jan-2025","2-Feb-2025","9-Feb-2025","16-Feb-2025","23-Feb-2025","2-Mar-2025","9-Mar-2025","16-Mar-2025","23-Mar-2025","30-Mar-2025","6-Apr-2025","13-Apr-2025","20-Apr-2025","27-Apr-2025","4-May-2025","11-May-2025","18-May-2025","25-May-2025","1-Jun-2025","8-Jun-2025","15-Jun-2025","22-Jun-2025","29-Jun-2025","6-Jul-2025","13-Jul-2025","20-Jul-2025","27-Jul-2025","3-Aug-2025","10-Aug-2025","17-Aug-2025","24-Aug-2025","31-Aug-2025","7-Sep-2025","14-Sep-2025","21-Sep-2025","28-Sep-2025","5-Oct-2025","12-Oct-2025","19-Oct-2025","26-Oct-2025","2-Nov-2025","9-Nov-2025","16-Nov-2025","23-Nov-2025","30-Nov-2025","7-Dec-2025","14-Dec-2025","21-Dec-2025","","","","","","","","","","","","","","","","","","","","","","","","","","","","","","","","","","","","","","","","","","","","","","","","","","","","",""
"","Total Meals","","626","901","657","1384","1641","2918","3452","4670","6059","6917","7753","8531","9559","10147","11140","12276","12763","12925","13831","13635","13589","12972","11918","12188","10633","5435","5796","9904","14101","17468","20787","22750","23854","24953","26682","28988","29503","28788","29572","28377","30313","32540","33401","33323","33863","37643","38911","41881","44870","48344","46830","43510","43118","45455","43401","42323","41467","44729","46687","47146","48496","52519","58077","58968","60021","66741","66841","65671","64931","67311","78715","76309","71621","73421","68953","64977","58975","33036","40758","60518","83674","87885","88498","91352","90817","92414","93898","89147","90180","85384","83434","78288","82904","73629","67245","70286","74117","77231","75345","72174","73981","75291","75468","71804","71105","72521","68632","65579","66361","70577","71699","74736","77114","82671","88668","90464","89500","96039","100689","96027","97885","96443","100254","102444","98196","92504","92215","87911","77865","48044","","","","","","","","","","","","","","","","","","","","","","","","","","","","","","","","","","","","","","","","","","","","","","","","","","","","",""
"","Boxes - NL","","136","198","141","196","240","347","391","487","651","736","779","800","905","1,008","1,058","1,147","1,243","1,350","1,358","1,328","1,317","1,277","1,171","1,225","1,069","551","642","1,043","1,465","1,658","1,905","2,235","2,370","2,377","2,497","2,585","2,714","2,705","2,796","2,752","2,991","2,959","3,004","3,115","3,034","3,236","3,145","3,464","3,599","3,778","3,735","3,571","3,609","3,606","3,452","3,327","3,269","3,255","3,278","3,273","3,504","3,710","3,919","4,005","4,312","4,841","4,951","4,817","4,685","4,518","4,682","4,643","4,161","4,359","4,097","3,684","3,427","2,092","2,556","3,457","4,131","4,339","4,462","4,477","4,528","4,343","4,351","4,070","4,047","3,878","3,845","3,729","3,686","3,479","3,073","3,183","3,127","3,284","3,202","3,077","3,142","3,129","3,269","3,152","3,282","3,165","2,966","2,890","2,801","2,772","2,609","2,686","2,781","2,958","3,110","3,142","3,147","3,372","3,519","3,561","3,461","3,647","3,829","3,860","3,665","3,509","3,575","3,345","2,988","1,881","3,873","3,954","4,354","4,669","4,823","4,899","4,864","4,987","4,936","4,966","4,924","4,918","4,936","4,466","4,745","4,804","4,612","4,558","4,707","4,567","4,408","4,414","4,247","4,301","4,255","4,293","4,150","3,969","3,952","3,870","3,814","3,974","4,320","4,552","4,774","5,118","5,565","5,951","6,334","6,674","6,563","6,723","6,798","7,113","7,040","6,836","6,853","6,736","6,253","5,688","3,949","4,694",""
"","Meals - NL","","626","901","657","1,324","1,624","2,343","2,645","3,294","4,403","4,973","5,266","5,408","6,118","6,814","7,152","7,754","8,403","9,126","9,180","8,977","8,903","8,633","7,916","8,281","7,226","3,725","4,186","6,957","10,053","11,556","13,278","15,712","16,092","16,520","17,279","18,017","19,025","18,665","19,628","19,649","21,087","20,772","20,938","21,338","20,874","22,458","21,543","24,213","25,229","26,257","25,734","24,604","24,974","25,098","23,957","22,956","22,295","22,232","22,422","22,289","23,827","25,228","26,806","27,474","29,580","33,354","33,716","32,370","31,249","30,497","31,510","31,015","28,253","29,728","27,655","25,014","23,269","14,121","17,176","22,782","29,041","30,503","30,966","31,384","30,427","30,355","30,501","28,694","28,289","27,224","26,877","25,991","25,691","24,527","21,419","22,058","21,707","23,284","22,574","21,693","22,039","22,247","23,406","22,411","22,908","22,440","21,088","20,375","19,859","19,598","18,680","19,151","19,801","21,416","22,734","22,999","22,942","24,380","25,759","24,464","25,231","26,368","26,037","27,676","26,168","24,774","25,204","23,582","20,916","12,979","24,364","24,990","27,640","29,803","30,935","31,543","31,409","32,262","31,983","32,294","32,104","32,127","32,356","29,392","31,223","31,658","30,531","30,262","31,260","30,413","29,438","29,504","28,472","28,922","28,708","29,099","28,214","27,054","27,018","26,555","26,214","27,502","30,001","31,817","33,470","36,095","39,532","42,499","45,453","48,081","47,357","48,530","49,139","51,405","50,912","49,415","49,574","48,760","45,295","41,216","28,649","34,053",""
"","Boxes - BE","","0","0","0","11","3","101","142","242","291","342","437","462","509","493","590","669","645","562","688","689","693","642","592","578","504","253","247","451","607","830","1,052","1,038","1,120","1,231","1,349","1,565","1,512","1,480","1,456","1,276","1,416","1,601","1,649","1,577","1,481","1,684","1,636","1,725","1,898","2,070","1,953","1,759","1,599","1,644","1,546","1,441","1,386","1,516","1,442","1,591","1,624","1,798","1,887","1,930","1,964","2,005","2,014","2,040","1,989","1,775","1,921","1,924","1,976","1,971","1,875","1,757","1,745","1,011","1,162","1,772","1,994","2,223","2,286","2,271","2,315","2,387","2,322","2,001","2,118","2,033","2,122","1,678","1,988","1,776","1,839","1,767","1,868","1,799","1,778","1,684","1,779","1,776","1,805","1,698","1,608","1,674","1,607","1,535","1,653","1,811","1,795","2,091","2,143","2,427","2,589","2,730","2,739","2,800","2,851","2,998","2,951","2,818","3,080","2,902","2,995","2,886","2,922","2,827","2710","1752","2,794","2,938","3,105","3,093","3,141","3,074","3,296","3,293","3,461","3,254","3,172","3,140","3,110","2,897","3,432","3,397","3,202","3,181","3,400","3,213","3,270","3,484","3,455","3,377","3,214","3,068","2,991","2,817","2,584","2,598","2,731","2,653","2,928","2,881","3,072","3,290","3,570","3,804","4,095","4,365","4,483","4,570","4,434","4,912","4,733","4,970","4,941","4,984","4,669","4,515","2,916","2,647",""
"","Meals - BE","","0","0","0","60","17","575","807","1,376","1,656","1,944","2,487","3,123","3,441","3,333","3,988","4,522","4,360","3,799","4,651","4,658","4,686","4,340","4,002","3,907","3,407","1,710","1,610","2,947","4,049","5,911","7,509","7,038","7,762","8,432","9,403","10,971","10,478","10,123","9,944","8,728","8,949","10,983","11,279","10,850","10,189","11,552","11,354","11,851","12,982","14,076","13,280","11,820","10,809","11,163","10,559","9,784","9,258","10,142","9,560","10,548","10,865","12,029","12,549","12,989","11,450","13,253","12,104","13,709","12,889","11,573","12,487","12,679","12,903","12,890","12,206","11,579","11,325","6,521","8,058","11,110","13,420","15,027","15,156","15,284","15,279","15,992","15,325","13,227","13,746","13,296","13,857","10,890","13,081","11,668","11,806","11,291","11,989","11,676","11,521","10,744","11,348","11,562","11,588","11,054","10,227","10,764","10,269","9,855","10,579","11,500","11,470","13,341","13,672","15,484","16,362","17,281","15,498","17,724","18,047","18,138","18,916","17,951","19,558","18,631","18,659","17,951","18,087","17,725","16,856","10,792","17,593","18,576","19,672","19,676","20,069","19,708","21,154","21,190","22,315","21,016","20,513","20,347","20,195","18,840","22,286","22,075","20,878","20,796","22,251","21,149","21,600","23,077","22,960","22,510","21,502","20,580","20,144","19,015","17,519","17,667","18,593","18,287","20,313","20,151","21,598","23,292","25,452","27,247","29,439","31,459","32,327","32,939","31,966","35,351","34,077","35,768","35,591","35,924","33,651","32,464","21,024","19,080",""
"","Boxes - TK","","","","","","","","","","","","","","","","","","","","","","","","","","","","","","","","","","","","","","","0","0","0","60","123","129","98","206","233","363","380","455","554","584","523","481","688","655","675","709","868","934","913","896","965","1,243","1,264","1,251","1,312","1,440","1,256","1,395","1,312","1,452","1,568","1,434","1,363","1,312","1,384","1,138","573","773","1,230","1,712","1,580","1,544","1,535","1,627","1,634","1,661","1,639","1,779","1,620","1,590","1,391","1,561","1,268","1,285","1,380","1,523","1,523","1,439","1,390","1,493","1,594","1,502","1,407","1,277","1,382","1,244","1,137","1,209","1,404","1,540","1,571","1,665","1,681","1,904","1,903","1,942","2,136","2,268","2,103","2,166","2,081","2,171","2,247","2,172","2,013","1,909","1,887","1,656","935","1,003","1,505","2,061","2,207","2,160","2,277","2,290","2,334","2,365","2,131","2,212","2,122","1,958","","","","","","","","","","","","","","","","","","","","","","","","","","","","","","","","","","","","","","","",""
"","Meals - TK","","","","","","","","","","","","","","","","","","","","","","","","","","","","","","","","","","","","","","","0","0","0","278","586","725","609","1,414","1,612","2,541","2,702","3,212","4,111","4,152","3,703","3,396","4,754","4,474","4,604","4,920","6,222","6,489","6,315","6,191","6,543","8,564","8,620","8,557","8,856","9,907","8,503","9,347","9,040","10,019","10,819","9,837","9,200","8,935","9,394","7,716","3,873","5,258","8,286","12,001","11,139","10,715","10,699","11,405","11,324","11,394","11,375","12,097","10,903","10,701","9,264","10,474","8,622","8,610","9,136","10,018","10,219","9,756","9,341","10,182","10,887","10,229","9,539","8,735","9,550","8,608","7,902","8,282","9,786","10,888","11,295","11,738","11,717","13,195","12,997","13,161","14,674","15,944","14,616","14,794","14,192","14,763","15,414","14,661","13,326","12,657","12,586","10,946","6,190","6,520","9,662","14,345","15,250","14,861","15,666","15,801","15,684","16,011","14,086","14,798","14,090","12,923","","","","","","","","","","","","","","","","","","","","","","","","","","","","","","","","","","","","","","","",""
"","Boxes - TV","","","","","","","","","","","","","","","","","","","","","","","","","","","","","","","","","","","","","","","0","0","0","0","43","96","94","182","252","440","387","434","475","455","409","478","535","538","605","612","750","1,027","993","954","1,094","1,265","1,256","1,336","1,444","1,423","1,429","1,477","1,477","1,622","1,608","1,595","1,640","1,571","1,480","1,174","584","772","1,274","1,642","1,662","1,671","1,732","1,655","1,601","1,615","1,633","1,554","1,456","1,353","1,410","1,420","1,160","1,158","1,235","1,435","1,425","1,323","1,286","1,261","1,219","1,099","1,035","1,066","975","825","746","751","844","1,052","1,169","1,311","1,492","1,541","1,550","1,535","1,609","1,618","1,543","1,562","1,497","1,581","1,547","1,484","1,384","1,430","1,339","1,143","685","790","1,130","1,865","2,099","2,191","2,370","2,280","2,403","2,246","2,112","2,073","2,122","1,992","","","","","","","","","","","","","","","","","","","","","","","","","","","","","","","","","","","","","","","",""
"","Meals - TV","","","","","","","","","","","","","","","","","","","","","","","","","","","","","","","","","","","","","","","0","0","0","0","199","459","527","1,385","2,020","3,473","3,115","3,446","3,900","3,663","3,382","3,939","4,441","4,412","4,979","4,994","6,134","8,216","7,994","7,613","8,719","10,158","9,885","10,434","11,278","11,114","11,089","11,447","11,432","12,668","12,349","12,218","12,546","12,128","11,201","8,934","4,450","6,019","9,708","13,136","13,246","13,067","13,562","12,992","12,552","12,694","12,901","12,168","11,182","10,418","10,998","11,147","8,990","8,940","9,510","11,016","11,243","10,372","10,275","10,018","10,081","9,078","8,363","8,869","8,015","6,815","6,117","6,188","6,870","8,690","9,738","10,908","12,384","12,652","12,633","12,167","12,985","13,025","12,298","12,449","11,826","12,601","12,330","11,753","11,086","11,383","10,525","8,790","5,610","6,383","9,142","15,517","17,674","17,944","19,481","18,468","19,056","17,474","16,220","16,128","16,615","15,478","","","","","","","","","","","","","","","","","","","","","","","","","","","","","","","","","","","","","","","",""
"","Boxes - TZ","","","","","","","","","","","","","","","","","","","","","","","","","","","","","","","","","","","","","","","","","","","","","","","","","","","","","","","","","","","","","","","","","","","","","","","782","1,812","1,476","1,314","1,334","1,147","1,097","1,059","550","590","1,189","2,035","2,213","2,327","2,553","2,551","2,774","2,961","2,844","2,969","2,851","2,681","2,604","2,779","2,487","2,041","2,295","2,441","2,569","2,618","2,481","2,524","2,517","2,594","2,520","2,727","2,878","2,923","2,844","2,884","3,026","2,928","2,840","2,811","2,913","3,176","3,287","3,448","3,521","3,400","3,261","3,259","3,215","3,374","3,514","3,288","3,171","3,146","2,970","2,551","1,523","1,638","2,271","2,920","3,210","3,235","3,455","3,507","3,423","3,351","3,396","3,323","3,159","3,025","2,731","2,437","2,974","2,964","2,930","2,881","2,814","2,881","2,829","2,827","2,723","2,732","2,744","2,700","2,737","2,740","2,724","","","","","","","","","","","","","","","","","","","","","","",""
"","Meals - TZ","","","","","","","","","","","","","","","","","","","","","","","","","","","","","","","","","","","","","","","","","","","","","","","","","","","","","","","","","","","","","","","","","","","","","","","4,770","12,032","9,446","8,410","9,056","8,029","7,789","7,731","4,070","4,248","8,632","16,077","17,970","18,593","20,424","20,714","22,192","23,984","22,951","23,880","22,779","21,582","21,144","22,510","19,821","16,471","18,291","19,387","20,809","21,120","20,121","20,394","20,514","21,167","20,437","20,366","21,754","21,852","21,330","21,452","22,823","21,971","21,211","20,995","21,671","23,725","24,554","25,731","26,277","27,914","26,512","26,496","26,106","27,296","28,393","26,955","25,368","24,885","23,493","20357","12473","13120","18009","23886","26001","26398","28331","28372","27692","26774","27372","26621","25335","24019","21930","19545","23405","23682","23528","22846","22199","22731","22323","22307","21482","21558","21649","21300","21593","21618","21493","","","","","","","","","","","","","","","","","","","","","","",""
"","WoW Growth","","0%","30.56%","-37.22%","52.58%","15.62%","43.78%","15.48%","26.08%","22.91%","12.40%","10.78%","9.13%","10.75%","5.80%","8.92%","9.25%","3.81%","1.26%","6.55%","-1.44%","-0.34%","-4.75%","-8.85%","2.22%","-14.62%","-95.65%","6.23%","41.48%","29.76%","19.27%","15.97%","8.63%","4.63%","4.40%","6.48%","7.96%","1.75%","-2.49%","2.65%","-4.21%","6.39%","6.84%","2.58%","-0.23%","1.59%","10.04%","3.26%","7.09%","6.66%","7.19%","-3.23%","-7.63%","-0.91%","5.14%","-4.73%","-2.55%","-2.06%","7.29%","4.19%","0.97%","2.78%","7.66%","9.57%","1.51%","1.75%","10.07%","0.15%","-1.78%","-1.14%","3.54%","14.49%","-3.15%","-6.55%","2.45%","-6.48%","-6.12%","-10.18%","-78.52%","18.95%","32.65%","27.67%","4.79%","0.69%","3.12%","-0.59%","1.73%","","","","","","","","","","","","","","","","","","","","","","","","","","","","","","","","","","","","","","","","","","","","","","","","","","","","","","","","","","","","","","","","","","","","","","","","","","","","","","","","","","","","","","","","","","","","","","","","",""
"","","","","","","","","","","","","","","","","","","","","","","","","","","","","","","","","","","","","","","","","","","","","","","","","","","","","","","","","","","","","","","","","","","","","","","","","","","","","","","","","","","","","","","","","","","","","","","","","","","","","","","","","","","","","","","","","","","","","","","","","","","","","","","","","","","","","","","","","","","","","","","","","","","","","","","","","","","","","","","","","","","","","","","","","","","","","","","","","","","","","","","","","",""
"","","","W27","W28","W29","W30","W31","W32","W33","W34","W35","W36","W37","W38","W39","W40","W41","W42","W43","W44","W45","W46","W47","W48","W49","W50","W51","W52","W01","W02","W03","W04","W05","W06","W07","W08","W09","W10","W11","W12","W13","W14","W15","W16","W17","W18","W19","W20","W21","W22","W23","W24","W25","W26","W27","W28","W29","W30","W31","W32","W33","W34","W35","W36","W37","W38","W39","W40","W41","W42","W43","W44","W45","W46","W47","W48","W49","W50","W51","W52","W01","W02","W03","W04","W05","W06","W07","W08","W09","W10","W11","W12","W13","W14","W15","W16","W17","W18","W19","W20","W21","W22","W23","W24","W25","W26","W27","W28","W29","W30","W31","W32","W33","W34","W35","W36","W37","W38","W39","W40","W41","W42","W43","W44","W45","W46","W47","W48","W49","W50","W51","W52","","","","","","","","","","","","","","","","","","","","","","","","","","","","","","","","","","","","","","","","","","","","","","","","","","","","",""
"","","","28-Jun-2023","5-Jul-2023","12-Jul-2023","19-Jul-2023","26-Jul-2023","2-Aug-2023","9-Aug-2023","16-Aug-2023","23-Aug-2023","30-Aug-2023","6-Sep-2023","13-Sep-2023","20-Sep-2023","27-Sep-2023","4-Oct-2023","11-Oct-2023","18-Oct-2023","25-Oct-2023","1-Nov-2023","8-Nov-2023","15-Nov-2023","22-Nov-2023","29-Nov-2023","6-Dec-2023","13-Dec-2023","20-Dec-2023","27-Dec-2023","3-Jan-2024","10-Jan-2024","17-Jan-2024","24-Jan-2024","31-Jan-2024","7-Feb-2024","14-Feb-2024","21-Feb-2024","28-Feb-2024","6-Mar-2024","13-Mar-2024","20-Mar-2024","27-Mar-2024","3-Apr-2024","10-Apr-2024","17-Apr-2024","24-Apr-2024","1-May-2024","8-May-2024","15-May-2024","22-May-2024","29-May-2024","5-Jun-2024","12-Jun-2024","19-Jun-2024","26-Jun-2024","3-Jul-2024","10-Jul-2024","17-Jul-2024","24-Jul-2024","31-Jul-2024","7-Aug-2024","14-Aug-2024","21-Aug-2024","28-Aug-2024","4-Sep-2024","11-Sep-2024","18-Sep-2024","25-Sep-2024","2-Oct-2024","9-Oct-2024","16-Oct-2024","23-Oct-2024","30-Oct-2024","6-Nov-2024","13-Nov-2024","20-Nov-2024","27-Nov-2024","4-Dec-2024","11-Dec-2024","18-Dec-2024","22-Dec-2024","29-Dec-2024","8-Jan-2025","15-Jan-2025","22-Jan-2025","29-Jan-2025","5-Feb-2025","12-Feb-2025","19-Feb-2025","26-Feb-2025","5-Mar-2025","12-Mar-2025","19-Mar-2025","26-Mar-2025","2-Apr-2025","9-Apr-2025","16-Apr-2025","23-Apr-2025","30-Apr-2025","7-May-2025","14-May-2025","21-May-2025","28-May-2025","4-Jun-2025","11-Jun-2025","18-Jun-2025","25-Jun-2025","2-Jul-2025","9-Jul-2025","16-Jul-2025","23-Jul-2025","30-Jul-2025","6-Aug-2025","13-Aug-2025","20-Aug-2025","27-Aug-2025","3-Sep-2025","10-Sep-2025","17-Sep-2025","24-Sep-2025","1-Oct-2025","8-Oct-2025","15-Oct-2025","22-Oct-2025","29-Oct-2025","5-Nov-2025","12-Nov-2025","19-Nov-2025","26-Nov-2025","3-Dec-2025","10-Dec-2025","17-Dec-2025","","","","","","","","","","","","","","","","","","","","","","","","","","","","","","","","","","","","","","","","","","","","","","","","","","","","",""
"","","","2-Jul-2023","9-Jul-2023","16-Jul-2023","23-Jul-2023","30-Jul-2023","6-Aug-2023","13-Aug-2023","20-Aug-2023","27-Aug-2023","3-Sep-2023","10-Sep-2023","17-Sep-2023","24-Sep-2023","1-Oct-2023","8-Oct-2023","15-Oct-2023","22-Oct-2023","29-Oct-2023","5-Nov-2023","12-Nov-2023","19-Nov-2023","26-Nov-2023","3-Dec-2023","10-Dec-2023","17-Dec-2023","24-Dec-2023","31-Dec-2023","7-Jan-2024","14-Jan-2024","21-Jan-2024","28-Jan-2024","4-Feb-2024","11-Feb-2024","18-Feb-2024","25-Feb-2024","3-Mar-2024","10-Mar-2024","17-Mar-2024","24-Mar-2024","31-Mar-2024","7-Apr-2024","14-Apr-2024","21-Apr-2024","28-Apr-2024","5-May-2024","12-May-2024","19-May-2024","26-May-2024","2-Jun-2024","9-Jun-2024","16-Jun-2024","23-Jun-2024","30-Jun-2024","7-Jul-2024","14-Jul-2024","21-Jul-2024","28-Jul-2024","4-Aug-2024","11-Aug-2024","18-Aug-2024","25-Aug-2024","1-Sep-2024","8-Sep-2024","15-Sep-2024","22-Sep-2024","29-Sep-2024","6-Oct-2024","13-Oct-2024","20-Oct-2024","27-Oct-2024","3-Nov-2024","10-Nov-2024","17-Nov-2024","24-Nov-2024","1-Dec-2024","8-Dec-2024","15-Dec-2024","22-Dec-2024","29-Dec-2024","5-Jan-2025","12-Jan-2025","19-Jan-2025","26-Jan-2025","2-Feb-2025","9-Feb-2025","16-Feb-2025","23-Feb-2025","2-Mar-2025","9-Mar-2025","16-Mar-2025","23-Mar-2025","30-Mar-2025","6-Apr-2025","13-Apr-2025","20-Apr-2025","27-Apr-2025","4-May-2025","11-May-2025","18-May-2025","25-May-2025","1-Jun-2025","8-Jun-2025","15-Jun-2025","22-Jun-2025","29-Jun-2025","6-Jul-2025","13-Jul-2025","20-Jul-2025","27-Jul-2025","3-Aug-2025","10-Aug-2025","17-Aug-2025","24-Aug-2025","31-Aug-2025","7-Sep-2025","14-Sep-2025","21-Sep-2025","28-Sep-2025","5-Oct-2025","12-Oct-2025","19-Oct-2025","26-Oct-2025","2-Nov-2025","9-Nov-2025","16-Nov-2025","23-Nov-2025","30-Nov-2025","7-Dec-2025","14-Dec-2025","21-Dec-2025","","","","","","","","","","","","","","","","","","","","","","","","","","","","","","","","","","","","","","","","","","","","","","","","","","","","",""
"","","4","82.50%","30.23%","30.23%","30.23%","30.23%","30.23%","32.00%","32.00%","32.00%","32.00%","32.00%","32.00%","32.00%","32.00%","32.00%","32.00%","32.00%","32.00%","32.00%","32.00%","32.00%","32.00%","32.00%","32.00%","32.00%","32.00%","32.00%","31.35%","27.65%","26.42%","27.53%","28.55%","26.75%","28.40%","30.48%","29.13%","29.22%","30.68%","29.33%","27.07%","28.65%","29.67%","31.56%","33.55%","33.39%","31.80%","32.58%","29.59%","29.73%","30.47%","30.60%","31.22%","31.20%","31.03%","30.79%","30.63%","31.51%","31.21%","30.90%","32.20%","31.54%","32.59%","32.30%","32.58%","32.19%","31.94%","33.19%","34.32%","34.62%","33.75%","34.02%","34.42%","32.68%","31.75%","31.50%","29.65%","30.24%","32.08%","34.23%","34.03%","27.48%","27.40%","28.93%","28.01%","34.23%","27.77%","27.90%","27.44%","28.59%","28.18%","28.87%","27.57%","29.27%","29.23%","29.29%","29.12%","28.40%","28.17%","28.45%","27.98%","28.23%","27.48%","26.89%","27.19%","28.24%","27.11%","26.84%","26.61%","25.99%","26.19%","26.52%","26.36%","26.00%","24.51%","26.01%","24.73%","24.79%","25.36%","25.35%","25.58%","25.05%","26.08%","26.25%","26.30%","27.12%","29.15%","28.50%","28.67%","29.12%","31.05%","42.05%","41.28%","40.13%","39.06%","37.96%","36.90%","35.84%","34.77%","33.85%","32.92%","31.86%","30.86%","29.89%","28.88%","27.80%","26.97%","25.99%","24.84%","23.82%","22.93%","21.97%","20.88%","19.93%","18.84%","17.82%","16.81%","15.71%","14.74%","13.64%","12.59%","11.50%","10.49%","9.45%","8.48%","7.41%","6.43%","5.38%","4.35%","3.33%","2.32%","1.53%","1.55%","1.57%","1.55%","1.56%","1.60%","1.61%","1.63%","1.62%","1.62%","1.61%","1.53%","1.50%"
"","","6","9.50%","29.00%","29.00%","29.00%","29.00%","29.00%","24.00%","24.00%","24.00%","24.00%","24.00%","24.00%","24.00%","24.00%","24.00%","24.00%","24.00%","24.00%","24.00%","24.00%","24.00%","24.00%","24.00%","24.00%","24.00%","24.00%","24.00%","30.01%","29.64%","29.86%","28.73%","27.52%","28.95%","29.95%","29.07%","31.30%","30.40%","31.57%","30.47%","30.20%","30.69%","30.62%","29.29%","28.25%","29.00%","29.20%","28.94%","26.96%","28.79%","29.65%","30.71%","29.74%","29.62%","29.73%","30.45%","31.47%","32.09%","32.69%","32.92%","31.59%","33.11%","31.62%","31.36%","30.44%","31.28%","30.26%","30.28%","29.81%","30.46%","30.06%","30.56%","30.74%","31.19%","31.52%","32.43%","34.20%","33.64%","33.56%","30.33%","33.10%","32.97%","34.96%","33.93%","34.60%","30.33%","34.32%","34.20%","33.98%","33.68%","33.60%","33.73%","35.13%","33.04%","32.51%","33.22%","34.75%","33.64%","32.67%","33.39%","33.77%","34.05%","34.58%","33.80%","34.14%","35.65%","35.20%","35.74%","35.81%","36.09%","35.14%","33.84%","34.48%","35.24%","34.96%","33.22%","34.05%","34.13%","34.85%","33.50%","33.73%","34.04%","33.51%","31.57%","34.15%","34.16%","33.17%","34.01%","33.66%","34.04%","33.86%","30.18%","31.62%","32.62%","33.55%","34.45%","35.35%","36.34%","37.36%","38.41%","39.47%","40.47%","41.54%","42.61%","43.57%","44.61%","45.80%","46.95%","47.97%","49.02%","50.25%","51.30%","52.45%","53.58%","54.75%","55.73%","56.71%","57.67%","58.63%","59.80%","60.92%","61.99%","63.12%","63.58%","64.29%","64.76%","65.58%","66.12%","66.49%","67.13%","67.79%","68.22%","67.88%","67.65%","67.35%","67.09%","66.72%","66.45%","66.05%","65.78%","65.48%","65.10%","65.17%","65.01%"
"","","8","5.80%","26.00%","26.00%","26.00%","26.00%","26.00%","30.00%","30.00%","30.00%","30.00%","30.00%","30.00%","30.00%","30.00%","30.00%","30.00%","30.00%","30.00%","30.00%","30.00%","30.00%","30.00%","30.00%","30.00%","30.00%","30.00%","30.00%","24.64%","27.45%","28.17%","27.48%","26.98%","27.05%","24.53%","22.07%","20.50%","20.74%","18.67%","19.60%","20.35%","19.46%","18.28%","17.64%","18.11%","16.97%","17.58%","17.58%","24.51%","20.73%","19.03%","18.63%","18.65%","18.26%","18.03%","17.12%","17.13%","16.92%","16.13%","16.20%","16.32%","15.70%","16.04%","16.20%","16.33%","16.26%","17.02%","16.20%","16.50%","16.29%","16.98%","16.13%","16.85%","17.19%","17.79%","18.12%","18.45%","17.93%","16.87%","16.55%","16.07%","12.01%","17.01%","17.30%","16.95%","16.55%","17.66%","17.74%","18.23%","17.89%","18.26%","17.28%","18.32%","17.88%","17.62%","17.38%","17.03%","18.23%","17.78%","17.65%","17.94%","16.52%","16.71%","17.65%","17.73%","16.48%","16.90%","16.69%","17.47%","17.67%","18.29%","18.55%","18.84%","17.66%","18.46%","17.23%","17.38%","18.72%","17.62%","17.36%","17.24%","17.68%","17.25%","15.83%","16.61%","16.78%","16.39%","16.25%","16.05%","16.27%","15.90%","12.60%","12.57%","12.60%","12.68%","12.66%","12.68%","12.69%","12.79%","12.79%","12.78%","12.79%","12.79%","12.78%","12.79%","12.74%","12.63%","12.65%","12.63%","12.60%","12.53%","12.45%","12.43%","12.47%","12.43%","12.47%","12.45%","12.43%","12.47%","12.41%","12.32%","12.33%","12.32%","12.49%","12.73%","12.98%","13.18%","13.35%","13.60%","13.72%","13.89%","14.05%","14.21%","14.42%","14.59%","14.91%","15.22%","15.59%","15.89%","16.14%","16.41%","16.81%","16.70%","16.92%"
"","","10","0.70%","6.45%","6.45%","6.45%","6.45%","6.45%","6.00%","6.00%","6.00%","6.00%","6.00%","6.00%","6.00%","6.00%","6.00%","6.00%","6.00%","6.00%","6.00%","6.00%","6.00%","6.00%","6.00%","6.00%","6.00%","6.00%","6.00%","7.09%","7.67%","7.24%","7.32%","7.61%","8.19%","8.37%","8.97%","8.74%","8.88%","8.80%","9.87%","10.94%","9.83%","9.90%","9.95%","9.41%","9.13%","10.23%","9.68%","9.15%","10.42%","10.48%","10.20%","10.50%","10.58%","10.48%","11.10%","10.49%","9.33%","9.95%","10.04%","9.87%","9.33%","9.49%","9.54%","10.01%","9.42%","9.77%","10.32%","9.99%","9.33%","9.43%","9.57%","9.26%","9.23%","9.18%","9.54%","9.04%","9.67%","8.06%","9.52%","8.67%","10.97%","10.79%","10.26%","10.32%","9.52%","10.34%","10.37%","10.29%","10.11%","10.16%","9.96%","9.20%","9.98%","9.92%","10.32%","9.49%","10.01%","10.54%","10.09%","9.98%","10.09%","9.97%","10.40%","10.60%","9.78%","9.76%","10.01%","10.03%","9.89%","10.50%","10.35%","10.46%","9.60%","11.33%","10.77%","11.62%","10.90%","10.29%","10.80%","11.63%","10.98%","11.16%","10.55%","10.21%","10.31%","9.72%","9.93%","10.40%","10.04%","8.93%","7.37%","7.10%","7.17%","7.18%","7.28%","7.31%","7.33%","7.34%","7.31%","7.22%","7.30%","7.23%","7.21%","7.23%","7.27%","7.21%","7.12%","7.17%","7.16%","7.07%","7.02%","6.96%","6.93%","6.91%","6.91%","6.92%","6.96%","6.93%","6.96%","7.03%","6.95%","6.94%","7.15%","7.16%","7.37%","7.39%","7.60%","7.75%","7.88%","7.94%","8.13%","8.15%","8.22%","8.34%","8.37%","8.46%","8.51%","8.62%","8.71%","8.74%","8.88%","8.87%","8.88%"
"","","12","0.70%","3.82%","3.82%","3.82%","3.82%","3.82%","4.00%","4.00%","4.00%","4.00%","4.00%","4.00%","4.00%","4.00%","4.00%","4.00%","4.00%","4.00%","4.00%","4.00%","4.00%","4.00%","4.00%","4.00%","4.00%","4.00%","4.00%","3.26%","2.81%","2.41%","3.09%","3.45%","3.12%","2.82%","2.88%","3.13%","3.35%","3.51%","3.18%","3.42%","3.54%","3.38%","3.46%","3.21%","3.69%","3.58%","3.49%","2.74%","2.86%","3.04%","2.78%","3.11%","3.10%","2.91%","3.42%","3.22%","3.00%","3.16%","3.08%","2.96%","3.45%","3.37%","3.22%","3.20%","3.08%","3.51%","2.93%","2.97%","2.97%","3.19%","2.84%","2.67%","3.38%","3.02%","2.60%","2.95%","2.93%","2.67%","2.93%","2.57%","3.00%","3.39%","3.23%","3.37%","2.93%","3.53%","3.08%","2.85%","2.97%","2.99%","3.15%","3.46%","3.04%","2.93%","2.80%","2.86%","2.97%","3.35%","3.28%","3.31%","3.31%","3.36%","3.58%","3.43%","3.05%","3.41%","3.27%","3.08%","3.39%","3.68%","3.33%","3.05%","3.85%","3.28%","3.54%","3.44%","3.24%","3.41%","4.09%","3.85%","3.81%","3.78%","3.45%","3.63%","3.14%","3.22%","3.80%","3.41%","3.25%","3.56%","2.14%","2.08%","2.11%","2.10%","2.13%","2.17%","2.18%","2.16%","2.10%","2.14%","2.12%","2.11%","2.10%","2.09%","2.11%","2.07%","2.00%","2.06%","2.05%","1.97%","2.02%","2.02%","1.95%","1.97%","1.95%","1.99%","2.02%","2.00%","2.02%","1.93%","1.96%","1.98%","2.04%","2.09%","2.15%","2.12%","2.16%","2.27%","2.29%","2.32%","2.34%","2.43%","2.41%","2.42%","2.47%","2.45%","2.46%","2.51%","2.53%","2.55%","2.55%","2.51%","2.61%"
"","","14","0.70%","4.50%","4.50%","4.50%","4.50%","4.50%","4.00%","4.00%","4.00%","4.00%","4.00%","4.00%","4.00%","4.00%","4.00%","4.00%","4.00%","4.00%","4.00%","4.00%","4.00%","4.00%","4.00%","4.00%","4.00%","4.00%","4.00%","3.64%","4.79%","5.91%","5.85%","5.91%","5.95%","5.93%","6.53%","7.20%","7.41%","6.77%","7.55%","8.03%","7.82%","8.14%","8.09%","7.48%","7.81%","7.60%","7.75%","7.04%","7.47%","7.33%","7.07%","6.78%","7.23%","7.82%","7.13%","7.06%","7.16%","6.85%","6.86%","7.06%","6.88%","6.90%","7.37%","7.44%","7.77%","7.50%","7.09%","6.41%","6.34%","6.60%","6.88%","6.06%","6.33%","6.73%","5.81%","5.71%","5.58%","6.77%","6.46%","5.55%","7.17%","6.75%","6.48%","7.01%","6.46%","6.46%","6.96%","7.35%","6.97%","7.09%","7.21%","6.60%","6.97%","8.02%","7.09%","6.97%","6.94%","7.64%","7.37%","7.18%","7.96%","8.09%","7.95%","7.23%","7.07%","7.84%","7.79%","7.09%","7.18%","6.31%","7.67%","7.15%","7.77%","7.74%","9.49%","8.94%","8.61%","8.63%","9.09%","8.14%","8.67%","8.34%","7.83%","9.35%","8.59%","8.49%","7.66%","7.86%","7.46%","6.80%","5.65%","5.36%","5.37%","5.44%","5.51%","5.60%","5.62%","5.58%","5.55%","5.46%","5.46%","5.47%","5.40%","5.43%","5.48%","5.32%","5.29%","5.33%","5.34%","5.25%","5.25%","5.25%","5.13%","5.11%","5.11%","5.12%","5.20%","5.23%","5.16%","5.21%","5.26%","5.15%","5.30%","5.25%","5.33%","5.30%","5.38%","5.54%","5.65%","5.74%","5.74%","5.77%","5.73%","5.75%","5.59%","5.54%","5.39%","5.29%","5.22%","5.19%","5.05%","5.22%","5.07%"
"","","Box B (Small)","92.00%","59.23%","59.23%","59.23%","59.23%","59.23%","56.00%","56.00%","56.00%","56.00%","56.00%","56.00%","56.00%","56.00%","56.00%","56.00%","56.00%","56.00%","56.00%","56.00%","56.00%","56.00%","56.00%","56.00%","56.00%","56.00%","56.00%","61.36%","57.29%","56.28%","56.26%","56.07%","55.70%","58.35%","59.55%","60.43%","59.62%","62.25%","59.80%","57.27%","59.34%","60.29%","60.85%","61.80%","62.39%","61.00%","61.51%","56.55%","58.52%","60.12%","61.31%","60.96%","60.82%","60.76%","61.24%","62.10%","63.60%","63.90%","63.82%","63.79%","64.65%","64.21%","63.66%","63.02%","63.47%","62.20%","63.47%","64.13%","65.08%","63.81%","64.58%","65.16%","63.87%","63.27%","63.93%","63.85%","63.88%","65.64%","64.55%","67.13%","60.45%","62.36%","62.86%","62.61%","64.55%","62.09%","62.10%","61.42%","62.27%","61.78%","62.60%","62.70%","62.31%","61.74%","62.51%","63.87%","62.04%","60.84%","61.84%","61.75%","62.28%","62.06%","60.69%","61.33%","63.89%","62.31%","62.58%","62.42%","62.08%","61.33%","60.36%","60.84%","61.24%","59.47%","59.23%","58.78%","58.92%","60.21%","58.85%","59.31%","59.09%","59.59%","57.82%","60.45%","61.28%","62.32%","62.51%","62.33%","63.16%","64.91%","72.23%","72.90%","72.75%","72.61%","72.41%","72.25%","72.18%","72.13%","72.26%","72.39%","72.32%","72.40%","72.50%","72.46%","72.41%","72.77%","72.94%","72.81%","72.85%","73.19%","73.26%","73.34%","73.51%","73.58%","73.55%","73.52%","73.38%","73.37%","73.44%","73.51%","73.50%","73.61%","73.03%","72.77%","72.17%","72.01%","71.50%","70.83%","70.46%","70.11%","69.75%","69.44%","69.22%","68.90%","68.65%","68.32%","68.06%","67.68%","67.40%","67.11%","66.71%","66.70%","66.51%"
"","","Box F (Medium) ","7.20%","36.27%","36.27%","36.27%","36.27%","36.27%","40.00%","40.00%","40.00%","40.00%","40.00%","40.00%","40.00%","40.00%","40.00%","40.00%","40.00%","40.00%","40.00%","40.00%","40.00%","40.00%","40.00%","40.00%","40.00%","40.00%","40.00%","34.99%","37.93%","37.82%","37.89%","38.04%","38.36%","35.72%","33.92%","32.37%","32.97%","30.98%","32.65%","34.71%","32.83%","31.56%","31.05%","30.73%","29.79%","31.39%","30.74%","36.40%","34.01%","32.55%","31.61%","32.26%","31.94%","31.42%","31.64%","30.84%","29.25%","29.24%","29.32%","29.15%","28.48%","28.90%","28.96%","29.54%","28.76%","30.30%","29.45%","29.46%","28.59%","29.60%","28.54%","28.78%","29.80%","29.99%","30.26%","30.44%","30.53%","27.60%","28.99%","27.31%","25.98%","31.19%","30.79%","30.64%","28.99%","31.53%","31.19%","31.37%","30.97%","31.41%","30.39%","30.98%","30.90%","30.47%","30.50%","29.38%","31.21%","31.67%","31.02%","31.23%","29.92%","30.04%","31.63%","31.76%","29.31%","30.07%","29.97%","30.58%","30.95%","32.47%","32.23%","32.35%","31.11%","33.07%","31.54%","32.44%","32.86%","31.32%","32.25%","32.72%","32.47%","32.19%","29.83%","30.45%","30.23%","29.33%","29.98%","29.86%","29.56%","28.39%","22.12%","21.75%","21.88%","21.95%","22.08%","22.15%","22.20%","22.29%","22.19%","22.14%","22.22%","22.13%","22.10%","22.11%","22.11%","21.91%","21.77%","21.86%","21.81%","21.56%","21.49%","21.41%","21.36%","21.30%","21.34%","21.36%","21.41%","21.40%","21.40%","21.28%","21.24%","21.24%","21.67%","21.97%","22.50%","22.69%","23.12%","23.63%","23.89%","24.15%","24.51%","24.80%","25.05%","25.35%","25.75%","26.14%","26.56%","27.03%","27.38%","27.70%","28.24%","28.08%","28.41%"
"","","Box G (Large)","0.70%","4.50%","4.50%","4.50%","4.50%","4.50%","4.00%","4.00%","4.00%","4.00%","4.00%","4.00%","4.00%","4.00%","4.00%","4.00%","4.00%","4.00%","4.00%","4.00%","4.00%","4.00%","4.00%","4.00%","4.00%","4.00%","4.00%","3.64%","4.79%","5.91%","5.85%","5.91%","5.95%","5.93%","6.53%","7.20%","7.41%","6.77%","7.55%","8.03%","7.82%","8.14%","8.09%","7.48%","7.81%","7.60%","7.75%","7.04%","7.47%","7.33%","7.07%","6.78%","7.23%","7.82%","7.13%","7.06%","7.16%","6.85%","6.86%","7.06%","6.88%","6.90%","7.37%","7.44%","7.77%","7.50%","7.09%","6.41%","6.34%","6.60%","6.88%","6.06%","6.33%","6.73%","5.81%","5.71%","5.58%","6.77%","6.46%","5.55%","7.17%","6.75%","6.48%","7.01%","6.46%","6.46%","6.96%","7.35%","6.97%","7.09%","7.21%","6.60%","6.97%","8.02%","7.09%","6.97%","6.94%","7.64%","7.37%","7.18%","7.96%","8.09%","7.95%","7.23%","7.07%","7.84%","7.79%","7.09%","7.18%","6.31%","7.67%","7.15%","7.77%","7.74%","9.49%","8.94%","8.61%","8.63%","9.09%","8.14%","8.67%","8.34%","7.83%","9.35%","8.59%","8.49%","7.66%","7.86%","7.46%","6.80%","5.65%","5.36%","5.37%","5.44%","5.51%","5.60%","5.62%","5.58%","5.55%","5.46%","5.46%","5.47%","5.40%","5.43%","5.48%","5.32%","5.29%","5.33%","5.34%","5.25%","5.25%","5.25%","5.13%","5.11%","5.11%","5.12%","5.20%","5.23%","5.16%","5.21%","5.26%","5.15%","5.30%","5.25%","5.33%","5.30%","5.38%","5.54%","5.65%","5.74%","5.74%","5.77%","5.73%","5.75%","5.59%","5.54%","5.39%","5.29%","5.22%","5.19%","5.05%","5.22%","5.07%"
"NL","Total Boxes","","136","198","141","196","240","347","391","487","651","736","779","800","905","1,008","1058","1147","1243","1350","1358","1328","1317","1277","1171","1225","1069","551","642","1043","1465","1658","1905","2235","2370","2377","2497","2585","2714","2705","2796","2752","2991","2959","3004","3115","3034","3236","3145","3464","3599","3778","3735","3571","3609","3606","3452","3327","3269","3255","3278","3273","3504","3710","3919","4005","4312","4841","4951","4817","4685","4518","4682","4643","4161","4359","4097","3684","3427","2092","2556","3457","4131","4339","4462","4477","4528","4343","4351","4070","4047","3878","3845","3729","3686","3479","3073","3183","3127","3284","3202","3077","3142","3129","3269","3152","3282","3165","2966","2890","2801","2772","2609","2686","2781","2958","3110","3142","3147","3372","3519","3561","3461","3647","3829","3860","3665","3509","3575","3345","2,988","1,881","3,873","3,954","4,354","4,669","4,823","4,899","4,864","4,987","4,936","4,966","4,924","4,918","4,936","4,466","4,745","4,804","4,612","4,558","4,707","4,567","4,408","4,414","4,247","4,301","4,255","4,293","4,150","3,969","3,952","3,870","3,814","3,974","4,320","4,552","4,774","5,118","5,565","5,951","6,334","6,674","6,563","6,723","6,798","7,113","7,040","6,836","6,853","6,736","6,253","5,688","3,949","4,694",""
"","Box B (Small)","","126","118","84","116","143","206","220","273","365","412","437","448","507","565","593","643","697","756","761","744","738","716","656","686","599","309","360","640","840","934","1072","1254","1321","1387","1487","1563","1619","1684","1673","1577","1775","1784","1828","1926","1893","1974","1935","1959","2107","2272","2290","2177","2195","2192","2115","2067","2080","2080","2093","2088","2266","2383","2495","2524","2737","3012","3143","3090","3049","2883","3024","3026","2658","2758","2620","2353","2190","1374","1650","2321","2498","2706","2805","2804","2923","2697","2702","2500","2521","2396","2407","2339","2297","2148","1921","2033","1940","1998","1981","1901","1957","1942","1984","1934","2097","1973","1857","1804","1739","1701","1575","1635","1704","1760","1843","1847","1855","2031","2071","2113","2046","2174","2214","2334","2246","2187","2235","2085","1888","1221","2798","2883","3168","3391","3493","3540","3512","3598","3567","3596","3562","3561","3579","3236","3436","3496","3364","3319","3430","3343","3230","3238","3123","3165","3130","3157","3046","2913","2903","2845","2804","2926","3155","3313","3446","3686","3979","4216","4463","4680","4578","4669","4706","4901","4834","4671","4664","4560","4215","3818","2635","3131","0"
"","Box F (Medium)","","10","72","52","72","88","126","157","195","261","295","312","320","362","404","424","459","498","540","544","532","527","511","469","490","428","221","257","365","556","628","722","851","910","850","847","837","895","839","913","956","982","934","933","958","904","1016","967","1261","1225","1230","1181","1153","1153","1134","1093","1027","957","952","962","955","998","1073","1135","1184","1241","1467","1459","1420","1340","1338","1337","1337","1240","1308","1240","1122","1047","578","742","945","1074","1354","1374","1372","1313","1370","1358","1277","1254","1219","1169","1156","1139","1061","938","936","976","1041","994","961","941","940","1034","1002","962","952","889","884","867","901","841","869","866","979","981","1020","1035","1057","1135","1166","1124","1174","1143","1176","1108","1030","1072","999","884","535","857","860","953","1025","1065","1086","1080","1112","1096","1100","1094","1089","1091","988","1050","1053","1005","997","1027","985","948","946","908","917","909","917","889","850","846","824","811","845","937","1001","1075","1162","1287","1407","1514","1612","1609","1668","1703","1804","1813","1787","1821","1821","1713","1576","1116","1319","0"
"","Box G (Large)","","1","9","7","9","11","16","16","20","27","30","32","32","37","41","43","46","50","54","55","54","53","52","47","49","43","23","26","38","71","98","112","133","142","141","164","187","202","184","212","221","234","241","244","234","237","246","244","244","269","277","265","243","261","282","247","235","235","223","225","232","242","256","289","298","336","364","352","309","298","299","323","282","264","294","239","211","192","142","166","192","297","293","290","314","293","281","303","300","283","275","278","247","257","280","218","222","218","251","236","221","251","254","260","228","233","249","232","205","202","175","201","193","217","229","296","281","271","292","320","290","301","305","300","361","315","298","274","263","223","128","219","212","234","254","266","275","274","279","274","272","269","269","267","243","260","256","245","243","252","240","232","232","218","220","218","220","216","208","204","202","201","205","230","239","255","272","300","330","358","383","377","388","390","409","394","379","370","357","327","296","200","245","0"
"","","","50.00%","50.00%","50.00%","50.00%","50.00%","50.00%","50.00%","50.00%","50.00%","50.00%","50.00%","32.00%","32.00%","32.00%","32.00%","32.00%","32.00%","32.00%","32.00%","32.00%","32.00%","32.00%","32.00%","32.00%","32.00%","32.00%","32.00%","33.67%","27.65%","25.44%","24.69%","28.42%","28.04%","28.46%","28.12%","27.73%","28.24%","29.66%","29.07%","27.09%","27.51%","26.63%","27.66%","27.26%","26.74%","26.27%","24.96%","25.77%","26.34%","26.08%","27.62%","29.29%","28.98%","28.43%","28.37%","26.08%","28.54%","28.83%","29.90%","29.68%","29.32%","28.76%","28.70%","28.01%","28.71%","30.43%","31.33%","31.21%","31.42%","31.71%","31.60%","30.82%","30.45%","30.23%","30.06%","29.55%","31.88%","33.25%","28.14%","30.87%","32.75%","31.67%","33.60%","32.63%","34.51%","33.08%","35.31%","35.28%","35.51%","34.04%","35.65%","36.23%","35.41%","34.74%","37.63%","37.80%","38.33%","36.74%","36.45%","38.90%","39.12%","36.77%","39.39%","37.46%","39.49%","39.96%","41.51%","42.08%","43.44%","41.54%","42.06%","42.60%","42.03%","42.45%","43.56%","43.36%","42.15%","42.60%","42.21%","41.28%","41.99%","40.99%","41.76%","41.07%","43.46%","44.88%","44.57%","43.36%","44.60%","47.29%","42.06%","41.22%","40.14%","39.17%","38.11%","37.02%","35.97%","35.00%","33.96%","33.00%","32.05%","31.06%","30.13%","29.08%","28.09%","27.18%","26.20%","25.03%","24.11%","23.17%","22.10%","21.10%","20.05%","18.97%","17.98%","16.86%","15.80%","14.75%","13.76%","12.60%","11.53%","10.56%","9.45%","8.50%","7.52%","6.39%","5.42%","4.38%","3.33%","2.33%","2%","2%","2%","2%","2%","2%","2%","2%","2%","2%","2%","2%","2%"
"","","","30.00%","30.00%","30.00%","30.00%","30.00%","30.00%","30.00%","30.00%","30.00%","30.00%","30.00%","24.00%","24.00%","24.00%","24.00%","24.00%","24.00%","24.00%","24.00%","24.00%","24.00%","24.00%","24.00%","24.00%","24.00%","24.00%","24.00%","29.72%","29.64%","30.10%","31.17%","31.60%","29.73%","31.63%","32.12%","31.50%","32.14%","32.30%","33.20%","28.25%","28.00%","28.93%","28.20%","28.38%","30.87%","28.70%","25.12%","23.16%","26.57%","27.71%","27.35%","27.33%","28.87%","28.92%","27.97%","30.47%","30.27%","31.31%","30.33%","29.46%","29.21%","30.97%","30.44%","30.12%","29.29%","30.17%","30.00%","29.10%","30.08%","30.09%","30.39%","30.22%","31.53%","30.96%","31.72%","30.06%","30.08%","28.40%","31.85%","28.93%","32.50%","32.52%","32.72%","31.70%","32.74%","32.14%","31.35%","32.63%","32.67%","34.33%","33.55%","32.42%","32.49%","34.57%","33.77%","33.56%","32.39%","33.57%","33.58%","32.30%","31.65%","33.00%","31.08%","33.16%","33.40%","31.55%","31.49%","30.94%","31.09%","31.36%","29.58%","28.48%","30.38%","29.19%","28.43%","28.52%","30.35%","28.48%","29.60%","27.70%","29.18%","30.81%","29.72%","29.16%","29.25%","28.63%","29.39%","29.29%","28.90%","28.12%","30.24%","31.57%","32.60%","33.66%","34.70%","35.64%","36.63%","37.74%","38.83%","39.84%","40.98%","42.15%","43.22%","44.44%","45.55%","46.94%","48.15%","49.42%","50.37%","51.54%","52.34%","53.32%","54.46%","55.53%","56.49%","57.54%","58.64%","59.60%","60.75%","61.77%","62.88%","64.13%","63.95%","64.27%","64.46%","65.17%","65.46%","65.81%","66.49%","67.18%","67.72%","67.45%","67.30%","67.12%","67.16%","66.90%","66.78%","66.53%","66.34%","66.24%","66.29%","65.81%","65.67%"
"","","","11.00%","11.00%","11.00%","11.00%","11.00%","11.00%","11.00%","11.00%","11.00%","11.00%","11.00%","30.00%","30.00%","30.00%","30.00%","30.00%","30.00%","30.00%","30.00%","30.00%","30.00%","30.00%","30.00%","30.00%","30.00%","30.00%","30.00%","24.16%","27.45%","27.96%","26.44%","26.30%","26.25%","23.58%","20.99%","20.89%","20.50%","20.47%","19.93%","16.01%","15.68%","15.73%","15.46%","15.20%","14.74%","16.11%","19.43%","20.55%","17.82%","17.17%","16.20%","15.75%","14.52%","14.05%","14.59%","15.42%","14.43%","14.21%","14.27%","14.34%","14.55%","13.76%","14.37%","14.83%","14.78%","14.12%","14.03%","14.49%","14.01%","13.73%","13.84%","13.99%","13.62%","14.08%","14.27%","14.78%","13.76%","13.76%","21.49%","14.34%","16.20%","16.82%","16.45%","17.48%","15.33%","16.94%","16.06%","15.34%","16.48%","16.28%","14.96%","16.33%","15.39%","14.98%","13.32%","13.75%","13.60%","13.29%","14.68%","14.01%","14.17%","14.92%","14.07%","13.90%","12.69%","12.98%","13.57%","13.03%","12.40%","11.40%","4.47%","1.24%","0.89%","0.78%","1.20%","12.98%","4.15%","1.24%","5.25%","13.55%","11.80%","12.90%","12.85%","13.46%","13.21%","12.00%","12.10%","12.47%","11.68%","10.72%","12.58%","12.58%","12.60%","12.59%","12.57%","12.61%","12.70%","12.78%","12.77%","12.85%","12.75%","12.75%","12.72%","12.65%","12.68%","12.60%","12.61%","12.56%","12.56%","12.48%","12.48%","12.46%","12.37%","12.41%","12.45%","12.49%","12.48%","12.50%","12.38%","12.39%","12.37%","12.28%","12.59%","12.84%","13.09%","13.30%","13.55%","13.79%","13.99%","14.26%","14.44%","14.63%","14.86%","15.05%","15.20%","15.41%","15.59%","15.78%","15.93%","16.08%","16.29%","16.50%","16.79%"
"","","","5.00%","5.00%","5.00%","5.00%","5.00%","5.00%","5.00%","5.00%","5.00%","5.00%","5.00%","6.00%","6.00%","6.00%","6.00%","6.00%","6.00%","6.00%","6.00%","6.00%","6.00%","6.00%","6.00%","6.00%","6.00%","6.00%","6.00%","6.49%","7.67%","6.42%","6.69%","5.88%","6.61%","6.67%","7.79%","8.50%","9.19%","8.51%","8.59%","7.25%","8.12%","7.95%","8.13%","8.32%","7.94%","7.67%","6.67%","6.33%","7.04%","8.13%","8.55%","7.92%","8.60%","9.51%","9.82%","8.41%","7.66%","6.78%","7.07%","7.84%","8.10%","9.00%","8.34%","8.52%","8.47%","7.93%","7.48%","7.90%","7.34%","7.09%","6.83%","7.58%","7.49%","7.27%","6.45%","7.92%","7.39%","8.38%","8.04%","8.68%","10.53%","10.89%","10.19%","10.00%","9.72%","10.00%","9.82%","8.65%","9.02%","7.92%","9.04%","8.46%","8.65%","7.77%","7.99%","8.38%","7.33%","8.23%","7.99%","7.84%","7.53%","7.21%","7.98%","6.95%","6.78%","7.69%","7.22%","8.08%","7.68%","7.09%","8.47%","7.73%","7.64%","7.45%","6.40%","7.20%","7.54%","7.73%","7.88%","8.89%","8.59%","7.46%","7.54%","8.41%","7.29%","7.43%","6.90%","7.67%","7.85%","6.96%","7.33%","7.18%","7.16%","7.12%","7.13%","7.18%","7.17%","7.06%","7.07%","7.03%","6.99%","6.93%","6.84%","6.78%","6.77%","6.67%","6.58%","6.47%","6.43%","6.42%","6.52%","6.52%","6.56%","6.52%","6.51%","6.51%","6.54%","6.55%","6.61%","6.65%","6.64%","6.51%","6.96%","7.24%","7.52%","7.67%","7.92%","8.17%","8.30%","8.37%","8.48%","8.54%","8.55%","8.70%","8.59%","8.70%","8.73%","8.76%","8.89%","8.91%","8.85%","9.10%","9.06%"
"","","","2.50%","2.50%","2.50%","2.50%","2.50%","2.50%","2.50%","2.50%","2.50%","2.50%","2.50%","4.00%","4.00%","4.00%","4.00%","4.00%","4.00%","4.00%","4.00%","4.00%","4.00%","4.00%","4.00%","4.00%","4.00%","4.00%","4.00%","2.61%","2.81%","3.02%","4.42%","3.37%","3.57%","4.80%","4.38%","5.11%","4.23%","3.38%","3.64%","15.60%","15.06%","15.23%","15.03%","14.86%","14.13%","15.80%","18.66%","19.73%","17.19%","16.46%","15.62%","15.25%","14.18%","13.78%","14.01%","14.87%","14.30%","13.62%","13.83%","14.06%","13.89%","13.31%","13.90%","14.19%","14.24%","13.09%","13.54%","13.74%","13.43%","13.32%","13.18%","13.02%","13.26%","13.76%","13.89%","14.42%","13.30%","12.96%","4.63%","13.93%","3.06%","3.37%","2.76%","3.04%","2.59%","2.55%","2.54%","2.70%","2.31%","3.20%","2.25%","2.68%","2.77%","2.25%","2.39%","1.92%","2.78%","2.89%","2.14%","2.26%","2.14%","2.87%","1.83%","2.47%","2.24%","2.58%","2.24%","1.89%","1.75%","2.73%","2.36%","2.10%","2.14%","2.51%","2.66%","2.23%","2.59%","2.10%","2.52%","3.10%","2.64%","2.30%","2.53%","2.06%","2.16%","1.83%","2.43%","2.12%","2.25%","1.94%","2.14%","2.06%","2.09%","2.08%","2.06%","2.12%","2.12%","2.08%","2.06%","2.05%","2.01%","2.01%","2.03%","2.02%","1.91%","1.86%","1.87%","1.84%","1.85%","1.83%","1.87%","1.87%","1.86%","1.86%","1.84%","1.88%","1.84%","1.87%","1.78%","1.82%","1.79%","1.78%","2.03%","2.02%","1.99%","2.03%","2.09%","2.16%","2.14%","2.16%","2.14%","2.14%","2.15%","2.09%","2.09%","2.05%","2.02%","2.05%","2.03%","2.02%","1.94%","1.97%","1.94%"
"","","","1.50%","1.50%","1.50%","1.50%","1.50%","1.50%","1.50%","1.50%","1.50%","1.50%","1.50%","4.00%","4.00%","4.00%","4.00%","4.00%","4.00%","4.00%","4.00%","4.00%","4.00%","4.00%","4.00%","4.00%","4.00%","4.00%","4.00%","3.35%","4.79%","7.05%","6.58%","4.43%","5.80%","4.88%","6.60%","6.26%","5.69%","5.68%","5.57%","5.81%","5.64%","5.53%","5.51%","5.98%","5.58%","5.44%","5.17%","4.45%","5.05%","4.46%","4.66%","4.46%","4.86%","5.30%","5.23%","4.75%","4.79%","5.25%","4.59%","4.61%","4.92%","4.20%","4.24%","4.33%","4.51%","4.26%","3.63%","3.56%","3.72%","4.05%","4.16%","4.37%","3.65%","3.70%","3.60%","3.28%","3.59%","3.26%","5.86%","3.25%","5.22%","4.90%","4.55%","5.33%","5.18%","5.47%","5.08%","5.65%","4.25%","4.38%","4.95%","4.17%","5.38%","5.91%","5.00%","4.70%","5.62%","5.28%","5.23%","4.81%","5.51%","5.52%","5.76%","6.24%","5.47%","5.89%","5.10%","5.41%","5.57%","5.88%","5.08%","5.44%","5.55%","5.56%","5.52%","5.70%","5.39%","5.44%","5.01%","5.49%","5.81%","5.55%","5.60%","5.84%","4.63%","5.22%","4.61%","5.09%","4.72%","4.96%","5.65%","5.40%","5.41%","5.37%","5.44%","5.43%","5.43%","5.34%","5.30%","5.23%","5.22%","5.10%","5.06%","5.03%","4.99%","4.74%","4.59%","4.67%","4.67%","4.55%","4.68%","4.73%","4.69%","4.70%","4.71%","4.72%","4.70%","4.73%","4.73%","4.77%","4.79%","4.74%","5.03%","5.14%","5.42%","5.44%","5.57%","5.68%","5.75%","5.70%","5.65%","5.63%","5.51%","5.46%","5.33%","5.29%","5.22%","5.22%","5.18%","5.13%","4.96%","5.01%","4.96%"
"","","Box B (Small)","80.00%","80.00%","80.00%","80.00%","80.00%","80.00%","80.00%","80.00%","80.00%","80.00%","80.00%","56.00%","56.00%","56.00%","56.00%","56.00%","56.00%","56.00%","56.00%","56.00%","56.00%","56.00%","56.00%","56.00%","56.00%","56.00%","56.00%","63.39%","57.29%","55.54%","55.86%","60.02%","57.77%","60.09%","60.24%","59.23%","60.38%","61.96%","62.27%","55.34%","55.51%","55.56%","55.86%","55.64%","57.61%","54.97%","50.08%","48.93%","52.91%","53.79%","54.97%","56.62%","57.85%","57.35%","56.34%","56.55%","58.81%","60.14%","60.23%","59.14%","58.53%","59.73%","59.14%","58.13%","58.00%","60.60%","61.33%","60.31%","61.50%","61.80%","61.99%","61.04%","61.98%","61.19%","61.78%","59.61%","61.96%","61.65%","59.99%","59.80%","65.25%","64.19%","66.32%","64.33%","67.25%","65.22%","66.66%","67.91%","68.18%","68.37%","69.20%","68.65%","67.90%","69.31%","71.40%","71.36%","70.72%","70.31%","70.03%","71.20%","70.77%","69.77%","70.47%","70.62%","72.89%","71.51%","73.00%","73.02%","74.53%","72.90%","71.64%","71.08%","72.41%","71.64%","71.99%","71.88%","72.50%","71.08%","71.81%","68.98%","71.17%","71.80%","71.48%","70.23%","72.71%","73.51%","73.96%","72.65%","73.50%","75.41%","72.30%","72.79%","72.74%","72.83%","72.80%","72.66%","72.59%","72.74%","72.79%","72.85%","73.03%","73.21%","73.35%","73.51%","73.64%","74.12%","74.35%","74.45%","74.48%","74.72%","74.45%","74.42%","74.52%","74.51%","74.48%","74.40%","74.44%","74.34%","74.51%","74.37%","74.41%","74.69%","73.40%","72.76%","71.98%","71.56%","70.88%","70.19%","69.82%","69.51%","69%","69%","69%","69%","69%","69%","68%","68%","68%","68%","68%","67%","67%"
"","","Box F (Medium) ","18.50%","18.50%","18.50%","18.50%","18.50%","18.50%","18.50%","18.50%","18.50%","18.50%","18.50%","40.00%","40.00%","40.00%","40.00%","40.00%","40.00%","40.00%","40.00%","40.00%","40.00%","40.00%","40.00%","40.00%","40.00%","40.00%","40.00%","33.26%","37.93%","37.40%","37.55%","35.55%","36.43%","35.05%","33.16%","34.50%","33.92%","32.36%","32.16%","38.86%","38.86%","38.91%","38.62%","38.38%","36.81%","39.58%","44.76%","46.61%","42.05%","41.76%","40.37%","38.92%","37.30%","37.34%","38.42%","38.70%","36.39%","34.61%","35.17%","36.24%","36.54%","36.07%","36.61%","37.54%","37.49%","35.14%","35.05%","36.13%","34.78%","34.14%","33.85%","34.59%","34.37%","35.11%","34.61%","37.12%","34.45%","35.10%","34.16%","36.95%","29.79%","31.08%","29.40%","30.52%","27.64%","29.49%","28.42%","26.69%","27.81%","27.40%","26.25%","27.47%","26.81%","25.00%","23.70%","24.05%","23.71%","24.41%","24.81%","24.11%","23.84%","25.00%","23.88%","23.32%","21.71%","23.25%","23.03%","23.00%","21.83%","21.22%","15.30%","11.07%","10.67%","10.74%","10.26%","22.41%","14.28%","11.07%","15.65%","25.54%","23.03%","22.66%","22.92%","23.93%","22.66%","21.26%","21.43%","22.26%","21.78%","19.62%","22.05%","21.81%","21.86%","21.79%","21.76%","21.92%","21.98%","21.93%","21.91%","21.93%","21.75%","21.69%","21.59%","21.46%","21.36%","21.14%","21.06%","20.87%","20.85%","20.73%","20.87%","20.85%","20.79%","20.79%","20.81%","20.88%","20.87%","20.93%","20.76%","20.86%","20.80%","20.57%","21.58%","22.10%","22.60%","23.00%","23.56%","24.13%","24.43%","24.79%","25.07%","25.31%","25.57%","25.84%","25.88%","26.16%","26.34%","26.58%","26.85%","27.00%","27.08%","27.56%","27.79%"
"","","Box G (Large)","1.50%","1.50%","1.50%","1.50%","1.50%","1.50%","1.50%","1.50%","1.50%","1.50%","1.50%","4.00%","4.00%","4.00%","4.00%","4.00%","4.00%","4.00%","4.00%","4.00%","4.00%","4.00%","4.00%","4.00%","4.00%","4.00%","4.00%","3.35%","4.79%","7.05%","6.58%","4.43%","5.80%","4.88%","6.60%","6.26%","5.69%","5.68%","5.57%","5.81%","5.64%","5.53%","5.51%","5.98%","5.58%","5.44%","5.17%","4.45%","5.05%","4.46%","4.66%","4.46%","4.86%","5.30%","5.23%","4.75%","4.79%","5.25%","4.59%","4.61%","4.92%","4.20%","4.24%","4.33%","4.51%","4.26%","3.63%","3.56%","3.72%","4.05%","4.16%","4.37%","3.65%","3.70%","3.60%","3.28%","3.59%","3.26%","5.86%","3.25%","5.22%","4.90%","4.55%","5.33%","5.18%","5.47%","5.08%","5.65%","4.25%","4.38%","4.95%","4.17%","5.38%","5.91%","5.00%","4.70%","5.62%","5.28%","5.23%","4.81%","5.51%","5.52%","5.76%","6.24%","5.47%","5.89%","5.10%","5.41%","5.57%","5.88%","5.08%","5.44%","5.55%","5.56%","5.52%","5.70%","5.39%","5.44%","5.01%","5.49%","5.81%","5.55%","5.60%","5.84%","4.63%","5.22%","4.61%","5.09%","4.72%","4.96%","5.65%","5.40%","5.41%","5.37%","5.44%","5.43%","5.43%","5.34%","5.30%","5.23%","5.22%","5.10%","5.06%","5.03%","4.99%","4.74%","4.59%","4.67%","4.67%","4.55%","4.68%","4.73%","4.69%","4.70%","4.71%","4.72%","4.70%","4.73%","4.73%","4.77%","4.79%","4.74%","5.03%","5.14%","5.42%","5.44%","5.57%","5.68%","5.75%","5.70%","5.65%","5.63%","5.51%","5.46%","5.33%","5.29%","5.22%","5.22%","5.18%","5.13%","4.96%","5.01%","4.96%"
"BE","Total Boxes","","0","0","0","11","3","101","142","242","291","342","437","462","509","493","590","669","645","562","688","689","693","642","592","578","504","253","247","451","607","830","1052","1038","1120","1231","1349","1565","1512","1480","1456","1276","1416","1601","1649","1577","1481","1684","1636","1725","1898","2070","1953","1759","1599","1644","1546","1441","1386","1516","1442","1591","1624","1798","1887","1930","1964","2005","2014","2040","1989","1775","1921","1924","1976","1971","1875","1757","1745","1011","1162","1772","1994","2223","2286","2271","2315","2387","2322","2001","2118","2033","2122","1678","1988","1776","1839","1767","1868","1799","1778","1684","1779","1776","1805","1698","1608","1674","1607","1535","1653","1811","1795","2091","2143","2427","2589","2730","2739","2800","2851","2998","2951","2818","3080","2902","2995","2886","2922","2827","2710","1752","2,794","2,938","3,105","3,093","3,141","3,074","3,296","3,293","3,461","3,254","3,172","3,140","3,110","2,897","3,432","3,397","3,202","3,181","3,400","3,213","3,270","3,484","3,455","3,377","3,214","3,068","2,991","2,817","2,584","2,598","2,731","2,653","2,928","2,881","3,072","3,290","3,570","3,804","4,095","4,365","4,483","4,570","4,434","4,912","4,733","4,970","4,941","4,984","4,669","4,515","2,916","2,647",""
"","Box B (Small)","","0","0","0","9","3","81","114","194","233","274","350","259","286","277","331","375","362","315","386","386","389","360","332","324","283","142","139","286","348","462","588","624","648","740","813","927","913","918","907","707","787","890","922","878","854","926","820","845","1005","1114","1074","996","926","943","872","815","816","912","869","941","951","1074","1116","1122","1140","1216","1236","1231","1224","1097","1191","1175","1225","1207","1159","1048","1082","624","698","1060","1302","1427","1517","1461","1557","1557","1548","1359","1445","1390","1469","1152","1350","1231","1314","1261","1322","1265","1246","1200","1259","1240","1272","1200","1173","1198","1174","1121","1232","1321","1286","1487","1552","1739","1864","1963","1986","1991","2048","2069","2101","2024","2202","2039","2178","2122","2162","2054","1992","1322","2021","2139","2259","2253","2287","2234","2393","2396","2520","2371","2317","2299","2282","2130","2528","2518","2381","2369","2533","2401","2435","2593","2575","2517","2394","2283","2227","2095","1926","1933","2033","1982","2150","2097","2212","2355","2531","2671","2860","3035","3107","3157","3057","3375","3256","3407","3382","3400","3174","3064","1982","1785","0"
"","Box F (Medium)","","0","0","0","2","1","19","27","45","54","64","81","185","204","198","236","268","258","225","276","276","278","257","237","232","202","102","99","151","231","311","395","370","409","432","448","540","513","479","469","496","551","623","637","606","546","667","733","805","799","865","789","685","597","614","594","558","505","525","508","577","594","649","691","725","737","705","706","738","692","606","651","666","680","693","649","653","602","355","397","655","595","691","673","694","640","704","660","535","590","558","558","461","533","444","436","425","443","440","442","407","425","444","432","396","350","390","371","354","361","385","275","232","229","261","266","612","392","310","447","766","680","639","706","695","679","614","627","630","591","344","616","641","679","675","684","674","725","723","759","714","690","681","672","622","734","719","675","665","709","667","683","727","719","703","669","641","625","590","537","542","569","546","632","637","695","757","841","918","1001","1082","1124","1157","1134","1270","1225","1301","1302","1325","1254","1220","790","730","0"
"","Box G (Large)","","0","0","0","1","1","2","3","4","5","6","7","19","21","20","24","27","26","23","28","28","28","26","24","24","21","11","10","16","30","59","70","46","65","61","90","98","87","85","82","75","80","89","91","95","83","92","85","77","96","93","92","79","78","88","81","69","67","80","67","74","80","76","81","84","89","86","74","73","74","72","80","85","73","73","68","58","63","33","69","58","105","109","105","122","120","131","118","114","91","90","106","70","107","105","92","84","105","95","93","82","99","99","104","106","88","99","82","84","93","107","92","114","119","135","143","156","148","153","143","165","172","157","173","170","139","151","135","144","128","87","158","159","168","167","171","167","179","176","184","171","166","161","158","146","172","161","148","149","159","147","154","165","163","159","152","145","141","134","123","124","131","126","148","149","167","179","199","217","236","249","254","258","245","269","253","264","258","260","242","232","145","133","0"
"","","","","","","","","","","","","","","","","","","","","","","","","","","","","","","","","","","","","","","","","","","","82.00%","78.00%","53.20%","40.88%","26.47%","27.90%","28.93%","26.32%","25.49%","20.22%","23.12%","21.80%","23.91%","23.69%","25.95%","28.44%","26.66%","23.62%","26.98%","25.14%","27.12%","28.39%","26.63%","27.77%","27.42%","29.88%","27.01%","30.02%","29.61%","28.13%","27.00%","28.51%","28.80%","29.57%","29.95%","29.17%","30.84%","28.62%","29.12%","31.22%","26.29%","28.67%","28.76%","28.99%","28.64%","29.13%","30.04%","28.86%","31.31%","30.62%","31.70%","33.79%","32.74%","31.39%","33.23%","33.48%","33.09%","32.50%","31.27%","32.52%","32.02%","32.50%","33.09%","33.19%","32.34%","33.14%","31.67%","30.43%","32.92%","30.98%","31.38%","29.16%","32.75%","32.70%","32.02%","33.26%","33.90%","34.18%","32.40%","32.32%","34.63%","34.46%","35.01%","33.47%","36.18%","36.83%","37.82%","37.07%","38.16%","39.48%","40.20%","40.59%","34.76%","34.99%","33.27%","34.60%","34.43%","35.43%","35.42%","36.62%","34.74%","36.49%","36.77%","","","","","","","","","","","","","","","","","","","","","","","","","","","","","","","","","","","","","","","",""
"","","","","","","","","","","","","","","","","","","","","","","","","","","","","","","","","","","","","","","","","","","","11.00%","12.00%","19.08%","24.35%","28.68%","24.89%","26.45%","25.53%","25.49%","28.34%","30.14%","31.17%","29.94%","32.56%","30.53%","28.30%","27.36%","27.42%","26.66%","29.90%","28.57%","28.91%","29.12%","27.69%","28.62%","27.82%","27.64%","26.67%","28.89%","28.05%","28.58%","26.85%","28.03%","28.17%","26.07%","27.88%","27.77%","29.32%","27.89%","27.48%","27.28%","26.14%","27.98%","25.60%","25.26%","26.38%","27.33%","26.60%","26.08%","27.65%","26.29%","26.46%","26.91%","26.97%","26.69%","26.67%","26.53%","26.66%","28.91%","28.27%","29.14%","27.16%","28.36%","28.50%","28.82%","27.28%","28.94%","30.17%","29.28%","29.77%","28.19%","30.31%","26.73%","28.52%","30.60%","30.21%","30.08%","28.50%","29.35%","30.51%","28.85%","29.26%","28.04%","29.27%","28.89%","30.01%","28.88%","29.41%","29.07%","28.65%","29.50%","29.94%","28.29%","29.57%","31.04%","29.57%","29.96%","30.65%","29.96%","30.51%","30.43%","29.00%","30.90%","","","","","","","","","","","","","","","","","","","","","","","","","","","","","","","","","","","","","","","",""
"","","","","","","","","","","","","","","","","","","","","","","","","","","","","","","","","","","","","","","","","","","","6.00%","9.00%","23.33%","25.38%","32.35%","29.61%","26.45%","27.63%","30.33%","28.34%","27.57%","28.30%","29.94%","29.65%","29.92%","29.48%","30.32%","31.91%","30.84%","30.13%","27.90%","27.98%","28.24%","28.88%","28.54%","26.91%","29.79%","27.71%","27.03%","26.52%","28.03%","28.19%","27.34%","27.66%","28.13%","27.27%","25.31%","27.92%","27.82%","25.61%","29.91%","27.41%","27.40%","29.32%","29.26%","28.34%","27.51%","28.37%","27.71%","28.70%","28.43%","26.31%","26.39%","27.44%","25.84%","26.96%","26.99%","26.13%","23.63%","23.60%","21.63%","22.21%","19.97%","20.47%","20.67%","19.54%","20.90%","20.76%","19.27%","18.87%","17.58%","16.43%","17.28%","17.06%","16.54%","16.00%","15.30%","16.29%","15.54%","14.78%","15.63%","15.16%","16.19%","17.18%","14.77%","15.18%","15.68%","15.11%","15.38%","15.67%","15.70%","13.51%","13.37%","13.38%","14.11%","13.75%","13.95%","14.45%","14.75%","14.43%","15.40%","15.49%","13.43%","","","","","","","","","","","","","","","","","","","","","","","","","","","","","","","","","","","","","","","",""
"","","","","","","","","","","","","","","","","","","","","","","","","","","","","","","","","","","","","","","","","","","","1.00%","1.00%","2.81%","4.71%","5.88%","12.02%","8.54%","11.05%","10.77%","12.09%","10.45%","11.66%","7.28%","6.83%","6.72%","5.93%","7.62%","7.49%","7.82%","7.18%","8.15%","7.77%","8.29%","9.02%","8.39%","8.46%","8.06%","8.36%","8.03%","8.69%","8.47%","8.29%","7.53%","7.70%","8.08%","8.41%","8.26%","6.98%","8.21%","8.46%","9.00%","9.37%","7.51%","8.21%","8.73%","8.57%","8.19%","8.79%","8.04%","7.22%","7.42%","6.97%","7.37%","7.33%","8.33%","8.04%","8.47%","9.06%","10.28%","10.00%","9.65%","10.54%","11.05%","10.66%","10.73%","11.72%","9.89%","9.85%","10.50%","11.47%","12.70%","13.24%","12.94%","11.99%","11.06%","11.47%","10.65%","11.27%","11.38%","12.11%","10.63%","11.45%","11.07%","9.91%","10.38%","9.41%","9.15%","9.41%","8.60%","7.83%","7.40%","8.38%","11.91%","10.46%","11.00%","11.90%","10.83%","10.36%","9.96%","10.25%","11.55%","10.83%","10.93%","","","","","","","","","","","","","","","","","","","","","","","","","","","","","","","","","","","","","","","",""
"","","","","","","","","","","","","","","","","","","","","","","","","","","","","","","","","","","","","","","","","","","","1.00%","1.00%","1.37%","2.64%","1.47%","1.29%","3.31%","3.95%","3.74%","3.97%","3.60%","2.49%","2.49%","2.47%","1.83%","2.37%","2.82%","3.11%","3.00%","2.67%","3.79%","2.59%","3.30%","3.09%","2.72%","2.82%","3.26%","3.11%","2.72%","4.34%","3.17%","3.19%","3.35%","3.23%","4.04%","3.71%","2.99%","2.79%","2.94%","3.41%","3.04%","3.86%","4.08%","3.65%","4.30%","4.04%","2.89%","3.48%","3.26%","2.59%","3.40%","3.16%","2.75%","2.92%","2.57%","2.46%","1.71%","2.43%","2.22%","2.09%","2.14%","3.14%","2.40%","2.27%","1.96%","2.10%","1.85%","2.55%","2.32%","2.56%","3.32%","3.58%","3.61%","3.46%","3.74%","3.58%","4.19%","3.80%","3.76%","3.57%","3.84%","4.04%","3.78%","3.57%","3.51%","3.43%","3.21%","3.19%","3.27%","2.36%","1.80%","2.53%","3.65%","4.19%","3.81%","3.17%","3.55%","3.53%","3.31%","3.06%","2.67%","3.06%","2.50%","","","","","","","","","","","","","","","","","","","","","","","","","","","","","","","","","","","","","","","",""
"","","","","","","","","","","","","","","","","","","","","","","","","","","","","","","","","","","","","","","","","","","","0.00%","0.00%","0.20%","2.04%","5.15%","4.29%","6.34%","5.53%","4.18%","7.04%","5.14%","4.59%","6.44%","4.80%","5.04%","5.48%","5.22%","6.45%","4.71%","4.98%","4.46%","4.35%","4.42%","3.56%","4.32%","4.12%","4.24%","4.14%","3.73%","4.27%","4.75%","4.97%","4.95%","3.67%","3.73%","3.56%","4.83%","4.36%","4.03%","3.82%","4.50%","4.56%","4.27%","4.23%","3.81%","3.55%","4.03%","3.90%","3.60%","3.21%","2.77%","3.31%","3.84%","3.94%","3.35%","2.39%","3.22%","3.22%","3.68%","3.53%","5.43%","4.45%","5.13%","4.90%","5.48%","6.22%","6.75%","6.24%","5.71%","6.34%","6.84%","7.29%","6.68%","6.26%","6.06%","5.47%","5.89%","5.96%","7.57%","6.72%","6.43%","5.63%","5.90%","6.60%","6.28%","5.13%","5.26%","5.80%","5.51%","6.01%","5.40%","5.06%","8.02%","7.42%","6.77%","7.01%","7.28%","5.59%","6.61%","5.12%","5.21%","5.13%","5.46%","","","","","","","","","","","","","","","","","","","","","","","","","","","","","","","","","","","","","","","",""
"","","Box B (Small)","0","0","0","0","0","0","0","0","0","0","0","0","0","0","0","0","0","0","0","0","0","0","0","0","0","0","0","0","0","0","0","0","0","0","0","0","0","0","0","0","93.00%","90.00%","72.28%","65.23%","55.15%","52.79%","55.38%","51.85%","50.98%","48.56%","53.26%","52.97%","53.85%","56.25%","56.48%","56.74%","54.02%","51.04%","53.64%","55.04%","55.69%","57.30%","55.75%","55.46%","56.04%","57.70%","54.65%","56.69%","58.50%","56.18%","55.58%","55.36%","56.83%","57.74%","56.02%","57.05%","58.61%","57.94%","57.01%","58.70%","53.57%","54.81%","56.74%","54.59%","53.90%","55.51%","57.37%","55.46%","57.39%","58.27%","57.99%","60.25%","59.65%","58.36%","59.92%","60.15%","59.62%","59.16%","60.18%","60.79%","61.16%","59.66%","61.45%","61.69%","61.16%","60.42%","60.61%","60.60%","62.20%","60.75%","59.57%","59.47%","59.48%","61.22%","62.62%","63.47%","63.98%","62.68%","61.75%","62.83%","63.48%","63.72%","63.05%","62.74%","65.07%","66.84%","66.70%","66.48%","67.23%","68.13%","","","","","","","","","","","","","","","","","","","","","","","","","","","","","","","","","","","","","","","","","","","","","","","","","","","","",""
"","","Box F (Medium) ","0","0","0","0","0","0","0","0","0","0","0","0","0","0","0","0","0","0","0","0","0","0","0","0","0","0","0","0","0","0","0","0","0","0","0","0","0","0","0","0","8.00%","11.00%","27.51%","32.73%","39.70%","42.92%","38.30%","42.63%","44.84%","44.40%","41.62%","42.45%","39.71%","38.95%","38.47%","37.78%","40.76%","42.51%","41.66%","39.98%","39.84%","38.34%","39.83%","40.99%","39.65%","38.19%","41.11%","39.18%","37.78%","39.55%","39.67%","39.67%","38.22%","38.59%","40.25%","39.39%","36.56%","37.69%","38.97%","37.48%","41.95%","40.64%","38.99%","41.18%","42.29%","40.95%","38.59%","40.64%","39.01%","38.51%","39.25%","36.44%","36.51%","37.69%","36.74%","37.46%","37.17%","37.62%","36.13%","35.69%","33.42%","35.89%","33.42%","33.40%","33.36%","33.36%","32.64%","33.16%","32.09%","32.90%","33.60%","33.25%","33.83%","32.51%","31.34%","31.05%","30.14%","31.36%","30.68%","30.46%","30.10%","30.65%","31.04%","30.66%","28.66%","28.02%","28.04%","27.71%","27.25%","25.86%","","","","","","","","","","","","","","","","","","","","","","","","","","","","","","","","","","","","","","","","","","","","","","","","","","","","",""
"","","Box G (Large)","0","0","0","0","0","0","0","0","0","0","0","0","0","0","0","0","0","0","0","0","0","0","0","0","0","0","0","0","0","0","0","0","0","0","0","0","0","0","0","0","0.00%","0.00%","0.20%","2.04%","5.15%","4.29%","6.34%","5.53%","4.18%","7.04%","5.14%","4.59%","6.44%","4.80%","5.04%","5.48%","5.22%","6.45%","4.71%","4.98%","4.46%","4.35%","4.42%","3.56%","4.32%","4.12%","4.24%","4.14%","3.73%","4.27%","4.75%","4.97%","4.95%","3.67%","3.73%","3.56%","4.83%","4.36%","4.03%","3.82%","4.50%","4.56%","4.27%","4.23%","3.81%","3.55%","4.03%","3.90%","3.60%","3.21%","2.77%","3.31%","3.84%","3.94%","3.35%","2.39%","3.22%","3.22%","3.68%","3.53%","5.43%","4.45%","5.13%","4.90%","5.48%","6.22%","6.75%","6.24%","5.71%","6.34%","6.84%","7.29%","6.68%","6.26%","6.06%","5.47%","5.89%","5.96%","7.57%","6.72%","6.43%","5.63%","5.90%","6.60%","6.28%","5.13%","5.26%","5.80%","5.51%","6.01%","","","","","","","","","","","","","","","","","","","","","","","","","","","","","","","","","","","","","","","","","","","","","","","","","","","","",""
"DK","Total Boxes","","","","","","","","","","","","","","","","","","","","","","","","","","","","","","","","","","","","","","","","","","60","123","129","98","206","233","363","380","455","554","584","523","481","688","655","675","709","868","934","913","896","965","1,243","1,264","1,251","1312","1440","1256","1395","1312","1452","1568","1434","1363","1312","1384","1138","573","773","1230","1712","1580","1544","1535","1627","1634","1661","1639","1779","1620","1590","1391","1561","1268","1285","1380","1523","1523","1439","1390","1493","1594","1502","1407","1277","1382","1244","1137","1209","1404","1540","1571","1665","1681","1904","1903","1942","2136","2268","2103","2166","2081","2171","2247","2172","2013","1909","1887","1,656","935","1,003","1,505","2,061","2,207","2,160","2,277","2,290","2,334","2,365","2,131","2,212","2,122","1,958","","","","","","","","","","","","","","","","","","","","","","","","","","","","","","","","","","","","","","","",""
"","Box B (Small)","","0","","","","","","","","","","","","","","","","","","","","","","","","","","","","","","","","","","","","","","","","56","111","94","65","114","124","202","198","232","270","312","278","260","387","370","383","384","444","501","503","499","553","693","702","702","758","787","713","817","738","808","869","815","787","735","790","667","332","441","723","918","866","877","838","877","908","953","909","1021","944","923","839","932","741","770","831","909","902","866","845","914","951","923","868","782","836","754","690","752","853","918","935","991","1030","1193","1208","1243","1339","1401","1322","1375","1327","1369","1410","1414","1346","1274","1255","1114","638","","","","","","","","","","","","","","","","","","","","","","","","","","","","","","","","","","","","","","","","","","","","","","","","","","","","",""
"","Box F (Medium)","","0","","","","","","","","","","","","","","","","","","","","","","","","","","","","","","","","","","","","","","","","5","14","36","33","82","101","140","162","205","246","244","223","192","268","252","256","289","369","390","365","357","370","496","519","497","502","592","493","528","519","577","623","549","526","529","545","417","216","302","462","719","643","603","633","689","670","641","667","694","624","625","507","570","478","473","517","567","573","520","497","499","573","502","470","427","462","407","378","388","462","518","523","564","547","597","591","586","670","696","641","652","638","674","689","623","565","536","523","452","242","","","","","","","","","","","","","","","","","","","","","","","","","","","","","","","","","","","","","","","","","","","","","","","","","","","","",""
"","Box G (Large)","","0","","","","","","","","","","","","","","","","","","","","","","","","","","","","","","","","","","","","","","","","0","0","1","3","11","10","24","22","20","40","31","25","31","34","34","37","38","56","44","46","40","42","55","45","55","55","62","52","53","57","69","78","71","51","49","50","55","25","32","47","78","73","66","65","62","59","67","64","65","53","45","47","60","50","44","33","50","50","53","50","82","71","78","69","70","86","84","71","70","90","106","115","112","106","116","105","115","128","172","142","140","118","129","149","137","104","101","110","92","57","","","","","","","","","","","","","","","","","","","","","","","","","","","","","","","","","","","","","","","","","","","","","","","","","","","","",""
"","","","","","","","","","","","","","","","","","","","","","","","","","","","","","","","","","","","","","","","","","","","","82.00%","78.00%","53.20%","25.19%","15.48%","18.18%","17.05%","17.28%","14.11%","13.13%","13.69%","14.44%","14.02%","15.06%","15.70%","13.24%","12.53%","14.90%","14.20%","15.72%","16.09%","15.10%","17.44%","17.66%","17.94%","17.99%","17.42%","17.60%","17.94%","19.05%","19.34%","20.19%","21.16%","20.43%","23.40%","21.64%","23.97%","17.67%","21.51%","18.03%","18.29%","19.45%","18.76%","19.88%","19.80%","19.57%","18.55%","19.18%","22.05%","21.21%","20.78%","19.79%","20.69%","20.73%","22.75%","21.46%","20.42%","21.77%","19.91%","19.67%","18.29%","19.56%","20.48%","19.51%","20.82%","21.33%","19.84%","20.51%","20.38%","19.48%","18.85%","19.14%","19.76%","20.33%","22.22%","21.73%","21.41%","21.35%","23.24%","22.33%","22.45%","22.73%","22.92%","23.56%","21.98%","22.73%","24.19%","27.04%","22.81%","22.11%","20.87%","19.64%","18.71%","0.21","19.64%","20.87%","22.96%","24.27%","23.94%","24.47%","23.44%","24.65%","","","","","","","","","","","","","","","","","","","","","","","","","","","","","","","","","","","","","","","",""
"","","","","","","","","","","","","","","","","","","","","","","","","","","","","","","","","","","","","","","","","","","","","11.00%","12.00%","19.08%","18.52%","17.86%","21.66%","19.38%","18.20%","19.37%","16.93%","19.07%","18.41%","15.70%","16.91%","18.35%","20.10%","20.93%","20.25%","20.54%","20.65%","20.84%","20.16%","21.34%","21.11%","21.68%","20.94%","22.67%","21.46%","21.67%","19.79%","21.46%","21.63%","21.10%","21.96%","20.30%","22.15%","18.15%","21.70%","21.98%","20.22%","20.64%","21.07%","20.61%","20.79%","21.86%","20.56%","21.62%","22.84%","21.70%","23.06%","21.35%","20.14%","22.76%","22.28%","21.38%","20.84%","20.21%","21.84%","22.47%","24.11%","22.64%","22.47%","24.25%","23.64%","22.56%","23.15%","25.60%","23.97%","24.17%","24.16%","23.05%","23.43%","24.34%","25.10%","22.67%","24.28%","25.66%","26.07%","24.87%","26.00%","25.87%","24.00%","24.87%","25.73%","25.76%","26.81%","26.90%","26.87%","26.96%","27.45%","28.33%","25.67%","26.14%","0.27","26.52%","25.76%","26.77%","27.63%","27.98%","26.59%","28.15%","26.80%","","","","","","","","","","","","","","","","","","","","","","","","","","","","","","","","","","","","","","","",""
"","","","","","","","","","","","","","","","","","","","","","","","","","","","","","","","","","","","","","","","","","","","","6.00%","9.00%","23.33%","31.11%","39.29%","31.82%","33.07%","35.71%","35.16%","44.39%","35.94%","37.03%","39.44%","36.80%","34.05%","36.93%","37.20%","36.71%","36.25%","35.12%","35.28%","36.13%","34.47%","35.78%","34.00%","34.15%","35.13%","35.48%","34.80%","34.28%","35.95%","34.29%","33.78%","31.76%","31.78%","30.75%","32.19%","34.96%","31.24%","33.31%","34.84%","34.11%","36.09%","32.81%","33.23%","33.81%","34.17%","32.24%","32.55%","32.00%","32.41%","35.07%","31.98%","33.25%","32.47%","33.38%","32.56%","29.33%","28.54%","24.58%","24.20%","23.57%","22.22%","20.73%","21.13%","19.76%","20.64%","20.37%","22.04%","20.44%","19.54%","19.14%","17.94%","17.19%","17.03%","18.39%","17.23%","16.70%","17.12%","17.63%","18.43%","19.49%","17.53%","17.47%","18.63%","16.96%","17.05%","15.19%","18.96%","17.92%","15.10%","15.29%","15.35%","0.15","16.12%","17.26%","15.64%","15.91%","16.12%","15.77%","15.39%","15.23%","","","","","","","","","","","","","","","","","","","","","","","","","","","","","","","","","","","","","","","",""
"","","","","","","","","","","","","","","","","","","","","","","","","","","","","","","","","","","","","","","","","","","","","1.00%","1.00%","2.81%","11.11%","13.89%","14.44%","14.99%","16.36%","15.16%","13.82%","14.43%","12.76%","14.58%","16.36%","14.38%","14.38%","14.53%","14.90%","14.80%","14.78%","13.44%","14.62%","12.82%","12.35%","12.67%","13.84%","11.90%","13.61%","13.54%","14.06%","10.95%","11.03%","10.67%","12.03%","11.98%","12.86%","11.99%","12.98%","12.79%","13.58%","12.03%","12.21%","12.41%","13.84%","11.68%","12.51%","11.94%","12.61%","11.06%","10.72%","12.27%","11.97%","11.81%","11.92%","9.88%","10.38%","13.05%","12.77%","13.69%","14.75%","15.75%","14.29%","16.23%","16.23%","16.72%","15.52%","15.28%","15.85%","16.23%","17.00%","18.68%","18.99%","17.53%","19.48%","19.04%","18.52%","17.60%","18.31%","17.58%","17.50%","17.16%","15.94%","17.08%","16.32%","16.74%","15.97%","14.58%","14.14%","12.74%","13.47%","17.05%","17.28%","17.17%","0.17","17.52%","16.78%","16.90%","15.20%","15.93%","16.54%","16.29%","17.08%","","","","","","","","","","","","","","","","","","","","","","","","","","","","","","","","","","","","","","","",""
"","","","","","","","","","","","","","","","","","","","","","","","","","","","","","","","","","","","","","","","","","","","","1.00%","1.00%","1.37%","3.70%","4.76%","3.48%","4.65%","2.76%","4.84%","2.94%","4.16%","5.23%","4.11%","2.97%","4.63%","4.58%","4.00%","3.80%","4.83%","3.98%","4.11%","3.95%","3.98%","3.89%","4.57%","4.71%","4.13%","3.72%","3.72%","3.45%","3.61%","3.95%","4.45%","4.58%","3.95%","4.43%","5.14%","4.14%","3.85%","4.45%","4.75%","4.43%","3.00%","3.50%","3.69%","3.65%","4.23%","4.57%","4.53%","4.95%","4.82%","3.94%","4.31%","3.63%","4.70%","4.60%","4.49%","4.61%","4.04%","4.76%","6.56%","6.46%","4.83%","4.88%","5.33%","6.18%","5.76%","6.13%","5.09%","6.49%","6.77%","5.90%","7.42%","5.95%","7.19%","5.69%","6.55%","5.96%","5.66%","4.70%","5.43%","6.54%","6.75%","4.87%","5.46%","5.77%","6.01%","5.53%","5.63%","5.21%","6.22%","7.27%","7.43%","0.06","6.53%","6.21%","6.06%","5.77%","5.88%","5.72%","5.56%","5.66%","","","","","","","","","","","","","","","","","","","","","","","","","","","","","","","","","","","","","","","",""
"","","","","","","","","","","","","","","","","","","","","","","","","","","","","","","","","","","","","","","","","","","","","0.00%","0.00%","0.20%","10.37%","8.73%","10.43%","10.85%","9.68%","11.37%","8.81%","12.71%","12.13%","12.15%","11.90%","12.89%","10.78%","10.80%","9.44%","9.37%","9.75%","10.24%","10.04%","9.95%","9.21%","9.14%","8.36%","8.75%","8.12%","8.33%","9.37%","8.71%","8.90%","8.84%","9.23%","8.60%","8.18%","8.56%","8.54%","8.63%","10.41%","9.45%","8.74%","9.12%","9.18%","9.74%","9.91%","9.49%","8.56%","8.10%","8.06%","8.37%","9.08%","8.45%","8.20%","8.83%","9.34%","9.26%","9.67%","11.35%","12.13%","12.55%","13.65%","11.98%","15.01%","13.44%","14.06%","12.87%","13.18%","12.09%","12.42%","13.11%","13.40%","13.01%","11.96%","11.85%","11.39%","11.55%","11.61%","11.52%","11.84%","10.66%","11.30%","10.84%","12.05%","11.43%","11.75%","11.27%","11.24%","12.89%","13.85%","12.43%","14.85%","15.20%","0.14","13.66%","13.12%","11.67%","11.22%","10.15%","10.91%","11.17%","10.57%","","","","","","","","","","","","","","","","","","","","","","","","","","","","","","","","","","","","","","","",""
"","","Box B (Small)","0","0","0","0","0","0","0","0","0","0","0","0","0","0","0","0","0","0","0","0","0","0","0","0","0","0","0","0","0","0","0","0","0","0","0","0","0","0","0","0","0","93.00%","90.00%","72.28%","43.71%","33.34%","39.84%","36.43%","35.48%","33.48%","30.06%","32.76%","32.85%","29.72%","31.97%","34.05%","33.34%","33.46%","35.15%","34.74%","36.37%","36.93%","35.26%","38.78%","38.77%","39.62%","38.93%","40.09%","39.06%","39.61%","38.84%","40.80%","41.82%","42.26%","42.39%","43.70%","43.79%","42.12%","39.37%","43.49%","38.25%","38.93%","40.52%","39.37%","40.67%","41.66%","40.13%","40.17%","42.02%","43.75%","44.27%","42.13%","39.93%","43.45%","43.01%","44.13%","42.30%","40.63%","43.61%","42.38%","43.78%","40.93%","42.03%","44.73%","43.15%","43.38%","44.48%","45.44%","44.48%","44.55%","43.64%","41.90%","42.57%","44.10%","45.43%","44.89%","46.01%","47.07%","47.42%","48.11%","48.33%","48.32%","46.73%","47.79%","49.29%","47.74%","49.54%","51.09%","53.91%","49.77%","","","","","","","","","","","","","","","","","","","","","","","","","","","","","","","","","","","","","","","","","","","","","","","","","","","","",""
"","","Box F (Medium) ","0","0","0","0","0","0","0","0","0","0","0","0","0","0","0","0","0","0","0","0","0","0","0","0","0","0","0","0","0","0","0","0","0","0","0","0","0","0","0","0","0","8.00%","11.00%","27.51%","45.92%","57.94%","49.74%","52.71%","54.83%","55.16%","61.15%","54.53%","55.02%","58.13%","56.13%","53.06%","55.89%","55.73%","55.41%","55.88%","53.88%","52.83%","54.70%","51.27%","52.02%","51.24%","52.70%","51.16%","52.81%","52.06%","51.79%","50.51%","49.27%","48.90%","48.37%","47.71%","48.04%","49.32%","52.08%","47.88%","51.34%","51.62%","50.75%","51.50%","50.15%","48.60%","49.97%","50.34%","49.42%","48.14%","47.67%","49.50%","50.98%","48.10%","48.80%","47.05%","48.36%","50.10%","46.71%","46.27%","44.09%","46.51%","44.32%","43.28%","41.84%","43.18%","41.46%","41.68%","42.35%","43.36%","43.93%","44.99%","44.03%","42.89%","42.62%","43.26%","42.60%","41.38%","40.97%","40.36%","39.83%","41.02%","41.97%","41.36%","38.66%","40.83%","38.70%","37.64%","34.86%","37.33%","","","","","","","","","","","","","","","","","","","","","","","","","","","","","","","","","","","","","","","","","","","","","","","","","","","","",""
"","","Box G (Large)","0","0","0","0","0","0","0","0","0","0","0","0","0","0","0","0","0","0","0","0","0","0","0","0","0","0","0","0","0","0","0","0","0","0","0","0","0","0","0","0","0","0.00%","0.00%","0.20%","10.37%","8.73%","10.43%","10.85%","9.68%","11.37%","8.81%","12.71%","12.13%","12.15%","11.90%","12.89%","10.78%","10.80%","9.44%","9.37%","9.75%","10.24%","10.04%","9.95%","9.21%","9.14%","8.36%","8.75%","8.12%","8.33%","9.37%","8.71%","8.90%","8.84%","9.23%","8.60%","8.18%","8.56%","8.54%","8.63%","10.41%","9.45%","8.74%","9.12%","9.18%","9.74%","9.91%","9.49%","8.56%","8.10%","8.06%","8.37%","9.08%","8.45%","8.20%","8.83%","9.34%","9.26%","9.67%","11.35%","12.13%","12.55%","13.65%","11.98%","15.01%","13.44%","14.06%","12.87%","13.18%","12.09%","12.42%","13.11%","13.40%","13.01%","11.96%","11.85%","11.39%","11.55%","11.61%","11.52%","11.84%","10.66%","11.30%","10.84%","12.05%","11.43%","11.75%","11.27%","11.24%","12.89%","","","","","","","","","","","","","","","","","","","","","","","","","","","","","","","","","","","","","","","","","","","","","","","","","","","","",""
"SE","Total Boxes","","","","","","","","","","","","","","","","","","","","","","","","","","","","","","","","","","","","","","","","","","","0","43","96","94","182","252","440","387","434","475","455","409","478","535","538","605","612","750","1,027","993","954","1,094","1,265","1,256","1336","1444","1423","1429","1477","1477","1622","1608","1595","1640","1571","1480","1174","584","772","1274","1642","1662","1671","1732","1655","1601","1615","1633","1554","1456","1353","1410","1420","1160","1158","1235","1435","1425","1323","1286","1261","1219","1099","1035","1066","975","825","746","751","844","1052","1169","1311","1492","1541","1550","1535","1609","1618","1543","1562","1497","1581","1547","1484","1384","1430","1,339","1,143","685","790","1,130","1,865","2099.00","2,191","2,370","2,280","2,403","2,246","2,112","2,073","2,122","1,992","","","","","","","","","","","","","","","","","","","","","","","","","","","","","","","","","","","","","","",""
"","Box B (Small)","","0","","","","","","","","","","","","","","","","","","","","","","","","","","","","","","","","","","","","","","","","","","39","70","42","61","101","161","138","146","143","150","135","143","172","184","202","205","264","357","362","353","386","491","487","530","563","571","559","586","574","662","673","675","696","687","648","495","230","336","488","640","674","658","705","690","643","649","687","680","645","571","564","617","499","512","523","584","622","561","564","517","513","492","447","463","434","375","332","335","369","441","498","579","678","692","714","723","763","779","746","755","700","756","763","709","686","731","722","569","","","","","","","","","","","","","","","","","","","","","","","","","","","","","","","","","","","","","","","","","","","","","","","","","","","","",""
"","Box F (Medium)","","0","","","","","","","","","","","","","","","","","","","","","","","","","","","","","","","","","","","","","","","","","","5","27","44","106","126","232","213","240","291","249","226","278","301","286","339","342","416","574","536","504","599","649","654","685","761","729","755","769","765","820","793","780","794","750","711","580","305","370","655","848","844","861","869","805","801","813","808","749","695","670","719","684","567","545","598","719","666","613","567","587","541","476","434","461","405","344","316","326","371","474","515","563","636","667","661","636","660","654","615","641","629","654","599","606","536","539","467","427","","","","","","","","","","","","","","","","","","","","","","","","","","","","","","","","","","","","","","","","","","","","","","","","","","","","",""
"","Box G (Large)","","0","","","","","","","","","","","","","","","","","","","","","","","","","","","","","","","","","","","","","","","","","","0","1","10","16","27","48","38","50","42","58","50","59","64","70","66","67","71","97","97","98","110","126","116","123","121","125","117","124","139","142","144","141","152","136","122","101","50","67","133","156","146","153","159","162","159","154","140","126","118","114","129","120","96","103","116","133","138","151","156","159","167","132","156","144","138","107","99","91","105","138","157","171","179","183","177","178","187","187","183","167","170","172","187","170","163","162","151","148","","","","","","","","","","","","","","","","","","","","","","","","","","","","","","","","","","","","","","","","","","","","","","","","","","","","",""
"BNLX","Packaging Cost Breakdown","","","","","","","","","","","","","","","","","","","","","","","","","","","","","","","","","","","","","","","","","","","","","","","","","","","","","","","","","","","","","","","","","","","","","","","","","","","","","","","","","","","","","","","","","","","","","","","","","","","","","","","","","","","","","","","","","","","","","","","","","","","","","","","","","","","","","","","","","","","","","","","","","","","","","","","","","","","","","","","","","","","","","","","","","","","","","","","","","","","","","","","",""
"","Box B (Small)","€0.32","€30.78","€44.46","€30.78","€45.22","€53.58","€85.33","€100.48","€137.60","€172.48","€198.40","€230.72","€239.36","€268.16","€284.80","€312.64","€344.32","€358.08","€362.56","€387.84","€382.40","€381.12","€363.84","€334.40","€341.76","€298.24","€152.64","€168.64","€204.80","€268.80","€298.88","€343.04","€401.28","€422.72","€443.84","€475.84","€500.16","€518.08","€538.88","€825.60","€730.88","€819.84","€855.68","€880.00","€897.28","€879.04","€928.00","€881.60","€897.28","€995.84","€1,083.52","€1,076.48","€1,015.36","€998.72","€1,003.20","€955.84","€922.24","€926.72","€957.44","€947.84","€969.28","€1,029.44","€1,106.24","€1,155.52","€1,166.72","€1,240.64","€1,352.96","€1,401.28","€1,382.72","€1,367.36","€1,273.60","€1,348.80","€1,344.32","€1,242.56","€1,268.80","€1,209.28","€1,088.32","€1,047.04","€639.36","€751.36","€1,081.92","€1,216.00","€1,322.56","€1,383.04","€1,364.80","€1,433.60","€1,361.28","€1,360.00","€1,234.88","€1,269.12","€1,211.52","€1,240.32","€1,117.12","€1,167.04","€1,081.28","€614.72","€650.56","€620.80","€639.36","€633.92","€608.32","€626.24","€621.44","€634.88","€618.88","€671.04","€631.36","€594.24","€577.28","€556.48","€544.32","€504.00","€523.20","€545.28","€563.20","€589.76","€591.04","€593.60","€649.92","€662.72","€676.16","€654.72","€695.68","€708.48","€746.88","€718.72","€699.84","€715.20","€667.20","","","","","","","","","","","","","","","","","","","","","","","","","","","","","","","","","","","","","","","","","","","","","","","","","","","","","","",""
"","Box F (Medium)","€0.53","€33.39","€48.51","€33.39","€49.14","€57.96","","€101.76","€139.39","€174.90","€201.40","€234.26","€242.74","€271.89","€288.85","€316.94","€349.27","€363.05","€367.82","€393.79","€387.96","€386.90","€369.41","€339.20","€346.62","€302.63","€154.76","€171.19","€194.55","€296.35","€334.72","€384.83","€453.58","€485.03","€453.05","€451.45","€446.12","€477.04","€447.19","€736.61","€773.92","€817.09","€829.88","€836.81","€833.61","€772.85","€897.04","€906.10","€1,101.18","€1,078.79","€1,116.64","€1,050.01","€979.65","€932.75","€931.68","€899.17","€844.81","€779.25","€787.24","€783.51","€816.56","€848.54","€917.83","€973.26","€1,017.50","€1,054.27","€1,157.68","€1,153.95","€1,150.21","€1,083.06","€1,036.15","€1,059.60","€1,067.60","€1,023.36","€1,066.53","€1,006.84","€946.08","€878.92","€497.29","€607.09","€852.80","€889.58","€1,089.99","€1,091.05","€1,101.18","€1,040.95","€1,105.44","€1,075.59","€965.80","€982.85","€947.14","€920.49","€861.86","€891.18","€802.17","€499.95","€498.89","€520.21","€554.85","€529.80","€512.21","€501.55","€501.02","€551.12","€534.07","€512.75","€507.42","€473.84","€471.17","€462.11","€480.23","€448.25","€463.18","€461.58","€521.81","€522.87","€543.66","€551.66","€563.38","€604.96","€621.48","€599.09","€625.74","€609.22","€626.81","€590.56","€548.99","€571.38","€532.47","","","","","","","","","","","","","","","","","","","","","","","","","","","","","","","","","","","","","","","","","","","","","","","","","","","","","","",""
"","Box G (Large)","€0.57","€2.72","€3.40","€2.72","€4.08","€4.08","€11.40","€13.68","€18.81","€23.37","€27.36","€31.35","€32.49","€36.48","€38.76","€42.75","€46.74","€48.45","€49.59","€53.01","€51.87","€51.87","€49.59","€45.60","€46.74","€40.47","€21.09","€23.37","€21.77","€40.68","€56.15","€64.18","€76.21","€81.37","€80.79","€93.97","€107.15","€115.75","€105.43","€168.46","€169.61","€179.92","€189.09","€191.96","€188.52","€183.36","€193.67","€188.52","€183.93","€209.15","€212.01","€204.56","€184.51","€194.25","€212.01","€187.94","€174.19","€173.05","€173.62","€167.32","€175.34","€184.51","€190.24","€212.01","€218.89","€243.53","€257.85","€244.10","€218.89","€213.16","€212.58","€230.92","€210.29","€193.10","€210.29","€175.91","€154.14","€146.12","€100.28","€134.66","€143.25","€230.35","€230.35","€226.34","€249.83","€236.65","€236.08","€241.23","€237.22","€214.30","€209.15","€220.03","€181.64","€208.57","€220.61","€124.91","€127.21","€124.91","€143.82","€135.23","€126.63","€143.82","€145.54","€148.98","€130.64","€133.51","€142.68","€132.94","€117.47","€115.75","€100.28","€115.17","€110.59","€124.34","€131.22","€169.61","€161.01","€155.28","€167.32","€183.36","€166.17","€172.47","€174.77","€171.90","€206.85","€180.50","€170.75","€157.00","€150.70","","","","","","","","","","","","","","","","","","","","","","","","","","","","","","","","","","","","","","","","","","","","","","","","","","","","","","",""
"","Total Cost ","","€66.89","€96.37","€66.89","€98.44","€115.62","€96.73","€215.92","€295.80","€370.75","€427.16","€496.33","€514.59","€576.53","€612.41","€672.33","€740.33","€769.58","€779.97","€834.64","€822.23","€819.89","€782.84","€719.20","€735.12","€641.34","€328.49","€363.20","€421.12","€605.83","€689.76","€792.04","€931.07","€989.12","€977.68","€1,021.26","€1,053.43","€1,110.86","€1,091.50","€1,730.67","€1,674.40","€1,816.85","€1,874.65","€1,908.77","€1,919.41","€1,835.25","€2,018.71","€1,976.22","€2,182.39","€2,283.78","€2,412.17","€2,331.05","€2,179.52","€2,125.72","€2,146.89","€2,042.96","€1,941.24","€1,879.01","€1,918.30","€1,898.67","€1,961.17","€2,062.48","€2,214.30","€2,340.79","€2,403.10","€2,538.44","€2,768.49","€2,799.32","€2,751.82","€2,663.57","€2,522.34","€2,639.32","€2,622.21","€2,459.02","€2,545.62","€2,392.03","€2,188.53","€2,072.07","€1,236.92","€1,493.10","€2,077.97","€2,335.92","€2,642.89","€2,700.43","€2,715.81","€2,711.20","€2,702.80","€2,676.83","€2,437.90","€2,466.27","€2,367.81","€2,380.84","€2,160.62","€2,266.79","€2,104.05","€1,239.59","€1,276.65","€1,265.92","€1,338.04","€1,298.95","€1,247.17","€1,271.62","€1,268.00","€1,334.98","€1,283.59","€1,317.30","€1,281.45","€1,201.01","€1,165.92","€1,134.34","€1,124.83","€1,067.43","€1,096.97","€1,131.20","€1,216.22","€1,282.24","€1,295.71","€1,300.54","€1,380.62","€1,451.04","€1,463.81","€1,426.29","€1,496.19","€1,489.60","€1,580.54","€1,489.78","€1,419.58","€1,443.58","€1,350.37","","","","","","","","","","","","","","","","","","","","","","","","","","","","","","","","","","","","","","","","","","","","","","","","","","","","","","",""
"NORDICS","Packaging Cost Breakdown","","","","","","","","","","","","","","","","","","","","","","","","","","","","","","","","","","","","","","","","","","","","","","","","","","","","","","","","","","","","","","","","","","","","","","","","","","","","","","","","","","","","","","","","","","","","","","","","","","","","","","","","","","","","","","","","","","","","","","","","","","","","","","","","","","","","","","","","","","","","","","","","","","","","","","","","","","","","","","","","","","","","","","","","","","","","","","","","","","","","","","","",""
"","Box B (Small)","€0.32","€30.78","€44.46","€30.78","€45.22","€53.58","€85.33","€100.48","€137.60","€172.48","€198.40","€230.72","€239.36","€268.16","€284.80","€312.64","€344.32","€358.08","€362.56","€387.84","€382.40","€381.12","€363.84","€334.40","€341.76","€298.24","€152.64","","","","","","","","","","","","","","","€17.92","€35.52","€42.56","€43.20","€49.92","€59.20","€96.96","€114.88","€118.40","€133.12","€145.60","€136.96","€126.40","€169.60","€173.44","€181.44","€187.52","€207.68","€244.80","€275.20","€275.52","€289.92","€345.28","€381.76","€380.48","€412.16","€432.00","€410.88","€440.32","€423.68","€442.24","€489.92","€476.16","€467.84","€457.92","€472.64","€420.80","€264.64","€214.72","€338.88","€449.92","€481.92","€496.32","€478.72","€506.24","€511.36","€510.72","€498.56","€546.56","€519.68","€501.76","€451.20","€478.72","€434.56","€406.08","€429.76","€458.24","€475.52","€476.16","€449.92","€472.96","€469.76","€459.52","€435.20","€393.28","€415.68","€0.04","€340.80","€346.88","€380.16","€411.84","€440.32","€476.48","€514.88","€598.72","€608.00","€626.24","€659.84","€692.48","€672.32","€678.72","€666.24","€662.08","€693.12","€696.64","€657.60","€627.20","€635.52","","","","","","","","","","","","","","","","","","","","","","","","","","","","","","","","","","","","","","","","","","","","","","","","","","","","","","",""
"","Box F (Medium)","€0.53","€33.39","€48.51","€33.39","€49.14","€57.96","","€101.76","€139.39","€174.90","€201.40","€234.26","€242.74","€271.89","€288.85","€316.94","€349.27","€363.05","€367.82","€393.79","€387.96","€386.90","€369.41","€339.20","€346.62","€302.63","€154.76","","","","","","","","","","","","","","","€2.67","€7.46","€21.85","€31.98","€67.16","€110.33","€141.78","€210.00","€222.79","€259.04","€285.16","€251.58","€222.79","€291.02","€294.75","€288.89","€334.72","€378.96","€429.60","€500.49","€475.97","€465.84","€583.64","€622.54","€613.48","€632.67","€721.15","€651.33","€683.84","€686.50","€715.29","€769.12","€715.29","€696.10","€705.16","€690.24","€601.22","€424.27","€323.53","€443.46","€732.34","€794.70","€771.25","€796.30","€830.41","€786.18","€768.59","€788.84","€800.57","€731.81","€703.56","€627.34","€687.04","€619.35","€554.32","€566.05","€620.95","€688.64","€632.14","€591.63","€568.18","€618.28","€555.92","€504.22","€458.91","€491.96","€432.80","€384.83","€375.23","€420.00","€473.84","€531.40","€575.11","€591.63","€657.19","€670.51","€664.65","€696.10","€722.75","€690.24","€675.31","€681.71","€694.50","€715.82","€651.33","€624.14","€571.38","€566.05","","","","","","","","","","","","","","","","","","","","","","","","","","","","","","","","","","","","","","","","","","","","","","","","","","","","","","",""
"","Box G (Large)","€0.57","€2.72","€3.40","€2.72","€4.08","€4.08","€11.40","€13.68","€18.81","€23.37","€27.36","€31.35","€32.49","€36.48","€38.76","€42.75","€46.74","€48.45","€49.59","€53.01","€51.87","€51.87","€49.59","€45.60","€46.74","€40.47","€21.09","","","","","","","","","","","","","","","€0.00","€0.00","€0.57","€2.29","€12.03","€14.90","€29.22","€40.11","€33.23","€51.57","€41.83","€47.56","€46.41","€53.29","€56.15","€61.31","€59.59","€70.48","€65.90","€81.94","€78.50","€80.22","€94.55","€97.98","€97.98","€101.99","€104.86","€101.42","€97.41","€103.71","€119.18","€126.06","€123.20","€110.02","€115.17","€106.58","€101.42","€72.20","€46.99","€65.32","€120.90","€131.22","€121.48","€124.91","€126.63","€126.63","€129.50","€124.91","€117.47","€102.57","€93.40","€92.25","€108.30","€97.41","€80.22","€77.93","€95.12","€104.86","€109.44","€115.17","€136.37","€131.79","€140.39","€115.17","€129.50","€131.79","€127.21","€101.99","€96.84","€103.71","€120.90","€144.97","€154.14","€158.72","€169.04","€165.02","€167.32","€175.34","€205.71","€188.52","€185.08","€163.31","€171.33","€183.93","€185.65","€157.00","€151.27","€155.86","","","","","","","","","","","","","","","","","","","","","","","","","","","","","","","","","","","","","","","","","","","","","","","","","","","","","","",""
"","Total Cost ","","€66.89","€96.37","€66.89","€98.44","€115.62","€96.73","€215.92","€295.80","€370.75","€427.16","€496.33","€514.59","€576.53","€612.41","€672.33","€740.33","€769.58","€779.97","€834.64","€822.23","€819.89","€782.84","€719.20","€735.12","€641.34","€328.49","","","","","","","","","","","","","","","€20.59","€42.98","€64.99","€77.47","€129.11","€184.43","€267.96","€364.99","€374.43","€443.73","€472.58","€436.10","€395.61","€513.91","€524.34","€531.64","€581.84","€657.12","€740.29","€857.63","€829.99","€835.98","€1,023.46","€1,102.29","€1,091.95","€1,146.83","€1,258.01","€1,163.63","€1,221.57","€1,213.90","€1,276.71","€1,385.10","€1,314.64","€1,273.95","€1,278.25","€1,269.45","€1,123.45","€761.11","€585.24","€847.66","€1,303.17","€1,407.84","€1,389.05","€1,399.94","€1,463.29","€1,424.17","€1,408.80","€1,412.31","€1,464.59","€1,354.06","€1,298.72","€1,170.79","€1,274.05","€1,151.32","€1,040.62","€1,073.73","€1,174.30","€1,269.02","€1,217.74","€1,156.72","€1,177.51","€1,219.83","€1,155.82","€1,054.59","€981.69","€1,039.43","€560.05","€827.62","€818.95","€903.88","€1,006.58","€1,116.69","€1,205.72","€1,265.23","€1,424.94","€1,443.54","€1,458.21","€1,531.28","€1,620.94","€1,551.07","€1,539.11","€1,511.25","€1,527.91","€1,592.87","€1,533.62","€1,438.75","€1,349.85","€1,357.42","","","","","","","","","","","","","","","","","","","","","","","","","","","","","","","","","","","","","","","","","","","","","","","","","","","","","","",""
"","","","","","","","","","","","","","","","","","","","","","","","","","","","","","","","","","","","","","","","","","","","","","","","","","","","","","","","","","","","","","","","","","","","","","","","","","","","","","","","","","","","","","","","","","","","","","","","","","","","","","","","","","","","","","","","","","","","","","","","","","","","","","","","","","","","","","","","","","","","","","","","","","","","","","","","","","","","","","","","","","","","","","","","","","","","","","","","","","","","","","","","","",""
"","Box B (Small)","600","","","","","","","","","","","","","","","","","","","","","","","","","","","","","","","","","","","","","","","","","","","","","","","","","","","","","","","","","","","","","","","","","","","","","","","","","","","","","","","","","","","","","","","","","","","","","","","","","","2.48","2.48","2.34","2.46","2.45","2.39","2.27","2.05","2.17","","","","","","","","","","","","","","","","","","","","","","","","","","","","","","","","","","","","","","","","","","","","","","","","","","","","","","","","","","","","","","","","","","","","","","","","","","","","",""
"","Box F (Medium)","600","","","","","","","","","","","","","","","","","","","","","","","","","","","","","","","","","","","","","","","","","","","","","","","","","","","","","","","","","","","","","","","","","","","","","","","","","","","","","","","","","","","","","","","","","","","","","","","","","","2.15","1.98","1.85","1.78","1.93","1.74","1.58","1.44","1.54","","","","","","","","","","","","","","","","","","","","","","","","","","","","","","","","","","","","","","","","","","","","","","","","","","","","","","","","","","","","","","","","","","","","","","","","","","","","",""
"","Box G (Large)","600","","","","","","","","","","","","","","","","","","","","","","","","","","","","","","","","","","","","","","","","","","","","","","","","","","","","","","","","","","","","","","","","","","","","","","","","","","","","","","","","","","","","","","","","","","","","","","","","","","0.31","0.32","0.34","0.40","0.38","0.41","0.34","0.38","0.38","","","","","","","","","","","","","","","","","","","","","","","","","","","","","","","","","","","","","","","","","","","","","","","","","","","","","","","","","","","","","","","","","","","","","","","","","","","","",""
"","","","","","","","","","","","","","","","","","","","","","","","","","","","","","","","","","","","","","","","","","","","","","","","","","","","","","","","","","","","","","","","","","","","","","","","","","","","","","","","","","","","","","","","","","","","","","","","","","","","","4.94","4.78","4.53","4.64","4.76","4.54","4.18","3.86","4.09","","","","","","","","","","","","","","","","","","","","","","","","","","","","","","","","","","","","","","","","","","","","","","","","","","","","","","","","","","","","","","","","","","","","","","","","","","","","",""
"","Stock on hand, boxes:","","different formula","same formula ","","","","","","","","","","","","","","","","","","","","","","","","","","","","","","","","","","","","","","","","","","","","","","","","","","","","","","","","","","","","","","","","","","","","","","","","","","","","","","","","","","","","","","","","","","","","","","","","","","","","","","","","","","","","","","","","","","","","","","","","","","","","","","","","","","","","","","","","","","","","","","","","","","","","","","","","","","","","","","","","","","","","","","","","","","","","","","","","","","","","",""
"BNLX","SMALL","BOH","474","356","272","156","604","395","694","307","-252","303","192","-6","428","777","1107","1333","1461","1543","1667","1737","1813","1908","2092","4074","3151","2559","2057","1278","1352","1270","1536","1494","1949","2614","3087","1800","1800","1800","2,198","3,218","4,534","1,972","2,818","3,668","2,064","6,477","4,777","4,422","3,418","2,706","2,320","1,956","2,383","2,192","2,007","1,420","-1,462","0","0","-2,962","-5,991","-9,208","-12,665","-16,276","-19,922","","","","","","","","","","","-3,827","-7,339","-10,577","-13,033","-15,307","-18,326","-21,884","-25,892","-30,124","-34,445","-38,829","-43,083","-47,342","-51,390","-55,270","-59,111","-62,908","-66,716","-70,165","-73,663","-76,815","-80,162","-83,363","-86,683","-89,929","-93,076","-96,233","-99,434","-102,658","-105,864","-109,161","-112,307","-115,362","-118,340","-121,200","-124,133","-127,029","-129,950","-133,141","-136,453","-140,035","-143,746","-147,564","","","","","","","","","","","","","","","","","","","","","","","","","","","","","","","","","","","","","","","","","","","","","","","","","","","","","","","","","","","","","","","","",""
"","","Units ordered","600","","","","600","","600","","","1200","600","600","1200","1200","1200","1200","1200","1200","1200","1200","1200","1200","1200","3000","","","","","1200","1200","1800","1800","2400","2700","2700","3000","3000","3000","3600","3600","","3520","3600","1200","7160","1200","2400","1800","2400","3000","3000","3600","2930","2950","2400","","","","","","","","","","","","","","","","","","","","","","","","","","","","","","","","","","","","","","","","","","","","","","","","","","","","","","","","","","","","","","","","","","","","","","","","","","","","","","","","","","","","","","","","","","","","","","","","","","","","","","","","","","","","","","","","","","","","","","","","","","","","","","","",""
"","","EOH ","","","","","","","","","","","","","","","","","","","","","","","","","","","","","","","","","","","","1800","1800","2,198","3,218","4,534","1,972","2,818","3,668","2,064","6,477","4,777","4,422","3,418","2,706","2,320","1,956","2,383","2,192","2,007","1,420","-1,462","-4,358","0","-2,962","-5,991","-9,208","-12,665","-16,276","-19,922","-23,799","","","","","","","","","","-3,827","-7,339","-10,577","-13,033","-15,307","-18,326","-21,884","-25,892","-30,124","-34,445","-38,829","-43,083","-47,342","-51,390","-55,270","-59,111","-62,908","-66,716","-70,165","-73,663","-76,815","-80,162","-83,363","-86,683","-89,929","-93,076","-96,233","-99,434","-102,658","-105,864","-109,161","-112,307","-115,362","-118,340","-121,200","-124,133","-127,029","-129,950","-133,141","-136,453","-140,035","-143,746","-147,564","-151,581","","","","","","","","","","","","","","","","","","","","","","","","","","","","","","","","","","","","","","","","","","","","","","","","","","","","","","","","","","","","","","","","",""
"","MEDIUM","BOH","590","518","466","394","306","180","623","428","767","1072","1360","1640","1878","2074","2250","2391","2493","2553","2609","2677","2750","2839","2970","4880","4452","4231","3974","3609","3653","3625","4103","4452","5342","6292","7245","8208","4800","4800","3,482","3,300","4,248","5,115","5,958","7,188","6,824","7,534","7,051","5,351","3,885","1,861","-234","-629","-1,267","-1,217","-1,765","-1,652","-3,237","0","0","-1,470","-3,002","-4,594","-6,316","-8,142","-10,051","","","","","","","","","","","-1,889","-3,664","-5,313","-6,246","-7,385","-8,985","-10,654","-12,699","-14,746","-16,812","-18,765","-20,839","-22,857","-24,669","-26,513","-28,290","-30,017","-31,634","-33,306","-34,811","-36,185","-37,546","-38,965","-40,446","-41,882","-43,250","-44,616","-46,000","-47,466","-48,864","-50,176","-51,518","-52,778","-54,016","-55,244","-56,530","-57,646","-58,747","-59,842","-61,082","-62,329","-63,961","-65,388","","","","","","","","","","","","","","","","","","","","","","","","","","","","","","","","","","","","","","","","","","","","","","","","","","","","","","","","","","","","","","","","",""
"","","Units ordered","600","","","","","","600","","600","600","600","600","600","600","600","600","600","600","600","600","600","600","600","2400","","","","","600","600","1200","1200","1800","1800","1800","1800","1800","","1200","2400","2400","2400","2800","1200","2160","1200","","600","","","1575","1200","1800","1200","1800","","","","","","","","","","","","","","","","","","","","","","","","","","","","","","","","","","","","","","","","","","","","","","","","","","","","","","","","","","","","","","","","","","","","","","","","","","","","","","","","","","","","","","","","","","","","","","","","","","","","","","","","","","","","","","","","","","","","","","","","","","","","","","","",""
"","","EOH ","","","","","","","","","","","","","","","","","","","","","","","","","","","","","","","","","","","","","4800","3,482","3,300","4,248","5,115","5,958","7,188","6,824","7,534","7,051","5,351","3,885","1,861","-234","-629","-1,267","-1,217","-1,765","-1,652","-3,237","-4,699","0","-1,470","-3,002","-4,594","-6,316","-8,142","-10,051","-12,029","","","","","","","","","","-1,889","-3,664","-5,313","-6,246","-7,385","-8,985","-10,654","-12,699","-14,746","-16,812","-18,765","-20,839","-22,857","-24,669","-26,513","-28,290","-30,017","-31,634","-33,306","-34,811","-36,185","-37,546","-38,965","-40,446","-41,882","-43,250","-44,616","-46,000","-47,466","-48,864","-50,176","-51,518","-52,778","-54,016","-55,244","-56,530","-57,646","-58,747","-59,842","-61,082","-62,329","-63,961","-65,388","-66,755","","","","","","","","","","","","","","","","","","","","","","","","","","","","","","","","","","","","","","","","","","","","","","","","","","","","","","","","","","","","","","","","",""
"","LARGE","BOH","599","590","583","574","563","547","531","511","484","454","422","390","353","312","269","823","773","719","664","610","557","505","1288","3039","2996","2973","2947","2909","2838","2740","2628","2495","2353","2212","2048","1861","5400","5400","5,131","4,837","4,541","4,227","3,897","3,562","3,233","2,913","2,575","2,246","1,925","1,560","1,190","833","511","1,372","1,002","1,534","1,230","0","-303","-595","-901","-1,223","-1,555","-1,925","-2,307","","","","","","","","","","","-307","-576","-831","-1,006","-1,241","-1,491","-1,893","-2,295","-2,690","-3,126","-3,539","-3,951","-4,372","-4,786","-5,160","-5,525","-5,909","-6,226","-6,590","-6,975","-7,285","-7,591","-7,914","-8,260","-8,589","-8,892","-9,242","-9,595","-9,959","-10,293","-10,614","-10,962","-11,276","-11,565","-11,860","-12,142","-12,435","-12,742","-13,078","-13,442","-13,881","-14,318","-14,737","","","","","","","","","","","","","","","","","","","","","","","","","","","","","","","","","","","","","","","","","","","","","","","","","","","","","","","","","","","","","","","","",""
"","","Units ordered","600","","","","","","","","","","","","","","","600","","","","","","","830","1800","","","","","","","","","","","","","","","","","","","","","","","","","","","","","1200","","860","","","","","","","","","","","","","","","","","","","","","","","","","","","","","","","","","","","","","","","","","","","","","","","","","","","","","","","","","","","","","","","","","","","","","","","","","","","","","","","","","","","","","","","","","","","","","","","","","","","","","","","","","","","","","","","","","","","","","","","","","","","","","","","",""
"","","EOH ","","","","","","","","","","","","","","","","","","","","","","","","","","","","","","","","","","","","","5400","5,131","4,837","4,541","4,227","3,897","3,562","3,233","2,913","2,575","2,246","1,925","1,560","1,190","833","511","1,372","1,002","1,534","1,230","928","-303","-595","-901","-1,223","-1,555","-1,925","-2,307","-2,732","","","","","","","","","","-307","-576","-831","-1,006","-1,241","-1,491","-1,893","-2,295","-2,690","-3,126","-3,539","-3,951","-4,372","-4,786","-5,160","-5,525","-5,909","-6,226","-6,590","-6,975","-7,285","-7,591","-7,914","-8,260","-8,589","-8,892","-9,242","-9,595","-9,959","-10,293","-10,614","-10,962","-11,276","-11,565","-11,860","-12,142","-12,435","-12,742","-13,078","-13,442","-13,881","-14,318","-14,737","-15,182","","","","","","","","","","","","","","","","","","","","","","","","","","","","","","","","","","","","","","","","","","","","","","","","","","","","","","","","","","","","","","","","",""
"","Stock on hand, boxes:","","different formula","same formula ","","","","","","","","","","","","","","","","","","","","","","","","","","","","","","","","","","","","","","","","","","","","","","","","","","","","","","","","","","","","","","","","","","","","","","","","","","","","","","","","","","","","","","","","","","","","","","","","","","","","","","","","","","","","","","","","","","","","","","","","","","","","","","","","","","","","","","","","","","","","","","","","","","","","","","","","","","","","","","","","","","","","","","","","","","","","","","","","","","","","",""
"NORDICS","SMALL","BOH","599.82","599.63","599.45","599.26","1,199.08","1,198.89","1,798.71","1,798.52","1,798.34","2,998.15","3,597.97","4,197.57","5,397.17","6,596.77","7,796.37","8,995.97","10,195.57","11,395.17","12,594.77","13,794.37","14,993.97","16,193.57","17,393.17","20,392.77","20,392.37","20,391.97","","","","","","","","","","","","","","","","544.00","433.00","300.00","165.00","609.00","424.00","121.00","962.00","1,192.00","776.00","321.00","-107.00","-502.00","-1,032.00","226.00","-341.00","0.00","0.00","-765.00","-1,625.00","-2,486.00","-3,392.00","-4,471.00","-5,664.00","","","","","","","","","","","-1,431.00","-2,908.00","-4,223.00","-5,050.00","-5,721.00","-6,780.00","-8,186.00","-9,692.00","-11,243.00","-12,739.00","-14,321.00","-15,919.00","-17,515.00","-19,073.00","-20,781.00","-22,405.00","-23,973.00","-25,383.00","-26,879.00","-28,237.00","-29,506.00","-30,849.00","-32,281.00","-33,767.00","-35,255.00","0.00","0.00","-1,468.00","-2,904.00","-4,264.00","-5,493.00","-6,792.00","-7,980.00","-9,045.00","-10,129.00","-11,317.00","-12,604.00","-13,980.00","-15,469.00","-17,078.00","-18,949.00","-20,849.00","-22,806.00","","","","","","","","","","","","","","","","","","","","","","","","","","","","","","","","","","","","","","","","","","","","","","","","","","","","","","","","","","","","","","","","",""
"","","Units ordered","600.00","","","","600.00","","600.00","","","1,200.00","600.00","600.00","1,200.00","1,200.00","1,200.00","1,200.00","1,200.00","1,200.00","1,200.00","1,200.00","1,200.00","1,200.00","1,200.00","3,000.00","","","","","","","","","","","","","","","","","600.00","","","","600.00","","","1,200.00","600.00","","","","","","1,800.00","","","","","","","","","","","","","","","","","","","","","","","","","","","","","","","","","","","","","","","","","","","","","","","","","","","","","","","","","","","","","","","","","","","","","","","","","","","","","","","","","","","","","","","","","","","","","","","","","","","","","","","","","","","","","","","","","","","","","","","","","","","","","","","",""
"","","EOH ","","","","","","","","","","","","","","","","","","","","","","","","","","","","","","","","","","","","","","","","","544.00","433.00","300.00","165.00","609.00","424.00","121.00","962.00","1,192.00","776.00","321.00","-107.00","-502.00","-1,032.00","226.00","-341.00","-927.00","0.00","-765.00","-1,625.00","-2,486.00","-3,392.00","-4,471.00","-5,664.00","-6,853.00","","","","","","","","","","-1,431.00","-2,908.00","-4,223.00","-5,050.00","-5,721.00","-6,780.00","-8,186.00","-9,692.00","-11,243.00","-12,739.00","-14,321.00","-15,919.00","-17,515.00","-19,073.00","-20,781.00","-22,405.00","-23,973.00","-25,383.00","-26,879.00","-28,237.00","-29,506.00","-30,849.00","-32,281.00","-33,767.00","-35,255.00","0.00","0.00","-1,468.00","-2,904.00","-4,264.00","-5,493.00","-6,792.00","-7,980.00","-9,045.00","-10,129.00","-11,317.00","-12,604.00","-13,980.00","-15,469.00","-17,078.00","-18,949.00","-20,849.00","-22,806.00","-24,868.00","","","","","","","","","","","","","","","","","","","","","","","","","","","","","","","","","","","","","","","","","","","","","","","","","","","","","","","","","","","","","","","","",""
"","MEDIUM","BOH","599.99","599.97","599.96","599.94","599.93","599.91","1,199.90","1,199.88","1,799.87","2,399.85","2,999.84","3,599.80","4,199.76","4,799.72","5,399.68","5,999.64","6,599.60","7,199.56","7,799.52","8,399.48","8,999.44","9,599.40","10,199.36","12,599.32","12,599.28","12,599.24","","","","","","","","","","","","","","","","595.00","581.00","540.00","480.00","954.00","747.00","481.00","1,067.00","2,449.00","1,963.00","2,028.00","1,556.00","1,138.00","592.00","1,239.00","697.00","0.00","0.00","-806.00","-1,745.00","-2,638.00","-3,512.00","-4,607.00","-4,607.08","","","","","","","","","","","-0.07","-0.14","-0.23","-0.30","-0.40","-0.47","-0.57","-0.66","-0.75","-0.85","-0.94","-1.03","-1.12","-1.21","-1.29","-1.37","-1.45","-1.52","-1.61","-1.71","-1.79","-1.87","-1.95","-2.04","-2.13","0.00","0.00","-0.10","-0.21","-0.32","-0.43","-0.55","-0.67","-0.79","-0.90","-1.02","-1.14","-1.27","-1.39","-1.51","-1.62","-1.74","-1.85","","","","","","","","","","","","","","","","","","","","","","","","","","","","","","","","","","","","","","","","","","","","","","","","","","","","","","","","","","","","","","","","",""
"","","Units ordered","600.00","","","","","","600.00","","600.00","600.00","600.00","600.00","600.00","600.00","600.00","600.00","600.00","600.00","600.00","600.00","600.00","600.00","600.00","2,400.00","","","","","","","","","","","","","","","","","600.00","","","","600.00","","","980.00","1,800.00","","600.00","","","","1,200.00","","","","","","","","","","","","","","","","","","","","","","","","","","","","","","","","","","","","","","","","","","","","","","","","","","","","","","","","","","","","","","","","","","","","","","","","","","","","","","","","","","","","","","","","","","","","","","","","","","","","","","","","","","","","","","","","","","","","","","","","","","","","","","","",""
"","","EOH ","","","","","","","","","","","","","","","","","","","","","","","","","","","","","","","","","","","","","","","","","595.00","581.00","540.00","480.00","954.00","747.00","481.00","1,067.00","2,449.00","1,963.00","2,028.00","1,556.00","1,138.00","592.00","1,239.00","697.00","69.00","0.00","-806.00","-1,745.00","-2,638.00","-3,512.00","-4,607.00","-4,607.08","-4,607.17","","","","","","","","","","-0.07","-0.14","-0.23","-0.30","-0.40","-0.47","-0.57","-0.66","-0.75","-0.85","-0.94","-1.03","-1.12","-1.21","-1.29","-1.37","-1.45","-1.52","-1.61","-1.71","-1.79","-1.87","-1.95","-2.04","-2.13","0.00","0.00","-0.10","-0.21","-0.32","-0.43","-0.55","-0.67","-0.79","-0.90","-1.02","-1.14","-1.27","-1.39","-1.51","-1.62","-1.74","-1.85","-1.96","","","","","","","","","","","","","","","","","","","","","","","","","","","","","","","","","","","","","","","","","","","","","","","","","","","","","","","","","","","","","","","","",""
"","LARGE","BOH","600.00","600.00","600.00","589.39","586.39","485.39","343.53","101.68","-189.33","-530.94","-967.94","-1,429.94","-1,938.94","-2,431.94","-3,021.94","-3,090.94","-3,735.94","-4,297.94","-4,985.94","-5,674.94","-6,368.10","-7,010.10","-6,772.10","-5,550.10","-6,054.10","-6,307.10","","","","","","","","","","","","","","","","600.00","600.00","599.00","595.00","574.00","548.00","497.00","1,627.00","1,569.00","1,479.00","1,406.00","1,323.00","1,242.00","1,149.00","1,821.00","1,714.00","0.00","-123.00","-238.00","-381.00","-518.00","-658.00","-823.00","-994.00","","","","","","","","","","","-201.00","-387.00","-564.00","-690.00","-772.00","-886.00","-1,097.00","-1,326.00","-1,538.00","-1,756.00","-1,977.00","-2,198.00","-2,424.00","-2,642.00","-2,847.00","-3,026.00","-3,189.00","-3,350.00","-3,539.00","-3,709.00","-3,849.00","-3,985.00","-4,151.00","-4,334.00","-4,525.00","0.00","0.00","-230.00","-475.00","-676.00","-902.00","-1,132.00","-1,354.00","-1,532.00","-1,701.00","-1,882.00","-2,093.00","-2,346.00","-2,615.00","-2,892.00","-3,187.00","-3,475.00","-3,767.00","","","","","","","","","","","","","","","","","","","","","","","","","","","","","","","","","","","","","","","","","","","","","","","","","","","","","","","","","","","","","","","","",""
"","","Units ordered","600.00","","","","","","","","","","","","","","","600.00","","","","","","","830.00","1,800.00","","","","","","","","","","","","","","","","","600.00","","","","","","","1,200.00","","","","","","","770.00","","","","","","","","","","","","","","","","","","","","","","","","","","","","","","","","","","","","","","","","","","","","","","","","","","","","","","","","","","","","","","","","","","","","","","","","","","","","","","","","","","","","","","","","","","","","","","","","","","","","","","","","","","","","","","","","","","","","","","","","","","","","","","","",""
"","","EOH ","","","","","","","","","","","","","","","","","","","","","","","","","","","","","","","","","","","","","","","","","600.00","600.00","599.00","595.00","574.00","548.00","497.00","1,627.00","1,569.00","1,479.00","1,406.00","1,323.00","1,242.00","1,149.00","1,821.00","1,714.00","1,610.00","-123.00","-238.00","-381.00","-518.00","-658.00","-823.00","-994.00","-1,165.00","","","","","","","","","","-201.00","-387.00","-564.00","-690.00","-772.00","-886.00","-1,097.00","-1,326.00","-1,538.00","-1,756.00","-1,977.00","-2,198.00","-2,424.00","-2,642.00","-2,847.00","-3,026.00","-3,189.00","-3,350.00","-3,539.00","-3,709.00","-3,849.00","-3,985.00","-4,151.00","-4,334.00","-4,525.00","0.00","0.00","-230.00","-475.00","-676.00","-902.00","-1,132.00","-1,354.00","-1,532.00","-1,701.00","-1,882.00","-2,093.00","-2,346.00","-2,615.00","-2,892.00","-3,187.00","-3,475.00","-3,767.00","-4,073.00","","","","","","","","","","","","","","","","","","","","","","","","","","","","","","","","","","","","","","","","","","","","","","","","","","","","","","","","","","","","","","","","",""
"","","","","","","","Box ID","Current Price","Price from 01/08","Price from 01/01/24","","","","","","","","","","","","","","","","","","","","","","","","","","","","","","","","","","","","","","","","","","","","","","","","","","","","","","","","","","","","","","","","","","","","","","","","","","","","","","","","","","","","","","","","","","","","","","","","","","","","","","","","","","","","","","","","","","","","","","","","","","","","","","","","","","","","","","","","","","","","","","","","","","","","","","","","","","","","","","","","","","","","","","","","","","","","","","",""
"","","","","","","","Box B","€0.38","€0.32","€0.31","","","","","","","","","","","","","","","","","","","","","","","","","","","","","","","","","","","","","","","","","","","","","","","","","","","","","","","","","","","","","","","","","","","","","","","","","","","","","","","","","","","","","","","","","","","","","","","","","","","","","","","","","","","","","","","","","","","","","","","","","","","","","","","","","","","","","","","","","","","","","","","","","","","","","","","","","","","","","","","","","","","","","","","","","","","","","","",""
"","","","","","","","Box F","€0.63","€0.53","€0.51","","","","","","","","","","","","","","","","","","","","","","","","","","","","","","","","","","","","","","","","","","","","","","","","","","","","","","","","","","","","","","","","","","","","","","","","","","","","","","","","","","","","","","","","","","","","","","","","","","","","","","","","","","","","","","","","","","","","","","","","","","","","","","","","","","","","","","","","","","","","","","","","","","","","","","","","","","","","","","","","","","","","","","","","","","","","","","",""
"","Meals - NL","","626","901","657","1,324","1,624","2,343","2,645","3,294","4,403","4,973","5,266","5,408","6,118","6,814","7,152","7,754","8,403","9,126","9,180","8,977","8,903","8,633","7,916","8,281","7,226","3,725","4,186","6,957","10,053","11,556","13,278","15,712","16,092","16,520","17,279","18,017","19,025","18,665","19,628","19,649","21,087","20,772","20,938","21,338","20,874","22,458","21,543","24,213","25,229","26,257","25,734","24,604","24,974","25,098","23,957","22,956","22,295","22,232","22,422","22,289","23,827","25,228","26,806","27,474","29,580","33,354","33,716","32,370","31,249","30,497","31,510","31,015","28,253","29,728","27,655","25,014","23,269","14,121","17,176","22,782","29,041","30,503","30,966","31,384","30,427","30,355","30,501","28,694","28,289","27,224","26,877","25,991","25,691","24,527","21,419","22,058","21,707","23,284","22,574","21,693","22,039","22,247","23,406","22,411","22,908","22,440","21,088","20,375","19,859","19,598","18,680","19,151","19,801","21,416","22,734","22,999","22,942","24,380","25,759","24,464","25,231","","","","","","","","","","","","","","","","","","","","","","","","","","","","","","","","","","","","","","","","","","","","","","","","","","","","","","","","","","","","","",""
"","Meals - BE","","0","0","0","60","17","575","807","1,376","1,656","1,944","2,487","3,123","3,441","3,333","3,988","4,522","4,360","3,799","4,651","4,658","4,686","4,340","4,002","3,907","3,407","1,710","1,610","2,947","4,049","5,911","7,509","7,038","7,762","8,432","9,403","10,971","10,478","10,123","9,944","8,728","8,949","10,983","11,279","10,850","10,189","11,552","11,354","11,851","12,982","14,076","13,280","11,820","10,809","11,163","10,559","9,784","9,258","10,142","9,560","10,548","10,865","12,029","12,549","12,989","11,450","13,253","12,104","13,709","12,889","11,573","12,487","12,679","12,903","12,890","12,206","11,579","11,325","6,521","8,058","11,110","13,420","15,027","15,156","15,284","15,279","15,992","15,325","13,227","13,746","13,296","13,857","10,890","13,081","11,668","11,806","11,291","11,989","11,676","11,521","10,744","11,348","11,562","11,588","11,054","10,227","10,764","10,269","9,855","10,579","11,500","11,470","13,341","13,672","15,484","16,362","17,281","15,498","17,724","18,047","18,138","18,916","","","","","","","","","","","","","","","","","","","","","","","","","","","","","","","","","","","","","","","","","","","","","","","","","","","","","","","","","","","","","",""
"","Meals - TK","","","","","","","","","","","","","","","","","","","","","","","","","","","","","","","","","","","","","","","0","0","0","278","586","725","609","1,414","1,612","2,541","2,702","3,212","4,111","4,152","3,703","3,396","4,754","4,474","4,604","4,920","6,222","6,489","6,315","6,191","6,543","8,564","8,620","8,557","8,856","9,907","8,503","9,347","9,040","10,019","10,819","9,837","9,200","8,935","9,394","7,716","3,873","5,258","8,286","12,001","11,139","10,715","10,699","11,405","11,324","11,394","11,375","12,097","10,903","10,701","9,264","10,474","8,622","8,610","9,136","10,018","10,219","9,756","9,341","10,182","10,887","10,229","9,539","8,735","9,550","8,608","7,902","8,282","9,786","10,888","11,295","11,738","11,717","13,195","12,997","13,161","14,674","15,944","14,616","14,794","14,192","14,763","15,414","14,661","13,326","12,657","12,586","10,946","6,190","6,520","9,662","14,345","15,250","14,861","15,666","15,801","15,684","16,011","14,086","14,798","14,090","12,923","","","","","","","","","","","","","","","","","","","","","","","","","","","","","","","","","","","","","","","",""
"","Meals - TV","","","","","","","","","","","","","","","","","","","","","","","","","","","","","","","","","","","","","","","0","0","0","0","199","459","527","1,385","2,020","3,473","3,115","3,446","3,900","3,663","3,382","3,939","4,441","4,412","4,979","4,994","6,134","8,216","7,994","7,613","8,719","10,158","9,885","10,434","11,278","11,114","11,089","11,447","11,432","12,668","12,349","12,218","12,546","12,128","11,201","8,934","4,450","6,019","9,708","13,136","13,246","13,067","13,562","12,992","12,552","12,694","12,901","12,168","11,182","10,418","10,998","11,147","8,990","8,940","9,510","11,016","11,243","10,372","10,275","10,018","10,081","9,078","8,363","8,869","8,015","6,815","6,117","6,188","6,870","8,690","9,738","10,908","12,384","12,652","12,633","12,167","12,985","13,025","12,298","12,449","11,826","12,601","12,330","11,753","11,086","11,383","10,525","8,790","5,610","6,383","9,142","15,517","17,674","17,944","19,481","18,468","19,056","17,474","16,220","16,128","16,615","15,478","","","","","","","","","","","","","","","","","","","","","","","","","","","","","","","","","","","","","","","",""
"","Meals - TZ","","","","","","","","","","","","","","","","","","","","","","","","","","","","","","","","","","","","","","","","","","","","","","","","","","","","","","","","","","","","","","","","","","","","","","","4,770","12,032","9,446","8,410","9,056","8,029","7,789","7,731","4,070","4,248","8,632","16,077","17,970","18,593","20,424","20,714","22,192","23,984","22,951","23,880","22,779","21,582","21,144","22,510","19,821","16,471","18,291","19,387","20,809","21,120","20,121","20,394","20,514","21,167","20,437","20,366","21,754","21,852","21,330","21,452","22,823","21,971","21,211","20,995","21,671","23,725","24,554","25,731","26,277","27,914","26,512","26,496","26,106","27,296","28,393","26,955","25,368","24,885","23,493","20357","12473","13120","18009","23886","26001","26398","28331","28372","27692","26774","27372","26621","25335","24019","21930","19545","23405","23682","23528","22846","22199","22731","22323","22307","21482","21558","21649","21300","21593","21618","21493","","","","","","","","","","","","","","","","","","","","","","",""
"","","","","","","","","","","","","","","","","","","","","","","","","","","","","","","","","","","","","","","","","","","","","","","","","","","","","","","","","","","","","","","","","","","","","","","","","","","","","","","","","","","","","","","","","","","","","","","","","","","","","","","","","","","","","","","","","","","","","","","","","","","","","","","","","","","","","","","","","","","","","","","","","","","","","","","","","","","","","","","","","","","","","","","","","","","","","","","","","","","","","","","","","",""
"","Verden","","","","","","","","","","","","","","","","","","","","","","","","","","","","","","","","","","","","","","","","","","","","","","","","","","","","","","","","","","","","","","","","","","","","","","","","","","","","","","","","","","","","","","","","","","","","","","","","","","","","41,249","39,737","40,594","41,482","40,473","38,339","37,970","39,318","37,275","35,349","35,922","39,479","41,548","42,245","43,641","45,771","49,571","50,184","51,060","53,936","56,883","53,425","53,739","52,125","54,659","56,137","53,369","49,780","48,924","46,604","40,093","24,273","26,023","","","","","","","","","","","","","","","","","","","","","","","","","","","","","","","","","","","","","","","","","","","","","","","","","","","",""
"","","","","","","","","","","","","","","","","","","","","","","","","","","","","","","","","","","","","","","","","","","","","","","","","","","","","","","","","","","","","","","","","","","","","","","","","","","","","","","","","","","","","","","","","","","","","","","","","","","","","","","","","","","","","","","","","","","","","","","","","","","","","","","","","","","","","","","","","","","","","","","","","","","","","","","","","","","","","","","","","","","","","","","","","","","","","","","","","","","","","","","","","",""
"","","","","","","","","","","","","","","","","","","","","","","","","","","","","","","","","","","","","","","","","","","","","","","","","","","","","","","","","","","","","","","","","","","","","","","","","","","","","","","","","","","","","","","","","","","","","","","","","","","","","","","","","","","","","","","","","","","","","","","","","","","","","","","","","","","","","","","","","","","","","","","","","","","","","","","","","","","","","","","","","","","","","","","","","","","","","","","","","","","","","","","","","",""
"","","","","","","","","","","","","","","","","","","","","","","","","","","","","","","","","","","","","","","","","","","","","","","","","","","","","","","","","","","","","","","","","","","","","","","","","","","","","","","","","","","","","","","","","","","","","","","","","","","","","","64.45186438","62.08882813","63.42783781","64.81515625","63.2396875","59.90540625","59.32747094","61.43401688","58.24178656","55.23335938","56.12849313","61.68552688","64.9194475","66.00726875","68.18838563","71.51740969","77.45476563","78.4123125","79.78077844","84.2748268","88.87959375","83.47732813","83.96654688","81.4445625","85.40473438","87.71426563","83.3895375","77.78109375","76.44426563","72.81801563","62.64501563","37.92690625","40.6610625","","","","","","","","","","","","","","","","","","","","","","","","","","","","","","","","","","","","","","","","","","","","","","","","","","","",""
"","","","","","","","","","","","","","","","","","","","","","","","","","","","","","","","","","","","","","","","","","","","","","","","","","","","","","","","","","","","","","","","","","","","","","","","","","","","","","","","","","","","","","","","","","","","","","","","","","","","","","65","63","64","65","64","60","60","62","59","56","57","62","65","67","69","72","78","79","80","85","89","84","84","82","86","88","84","78","77","73","63","38","41","","","","","","","","","","","","","","","","","","","","","","","","","","","","","","","","","","","","","","","","","","","","","","","","","","","",""
"","","","","","","","","","","","","","","","","","","","","","","","","","","","","","","","","","","","","","","","","","","","","","","","","","","","","","","","","","","","","","","","","","","","","","","","","","","","","","","","","","","","","","","","","","","","","","","","","","","","","","71","69","70","71","70","66","66","68","65","62","63","68","71","73","75","78","84","85","86","91","95","90","90","88","92","94","90","84","83","79","69","44","47","","","","","","","","","","","","","","","","","","","","","","","","","","","","","","","","","","","","","","","","","","","","","","","","","","","",""
"","","","","","","","","","","","","","","","","","","","","","","","","","","","","","","","","","","","","","","","","","","","","","","","","","","","","","","","","","","","","","","","","","","","","","","","","","","","","","","","","","","","","","","","","","","","","","","","","","","","","","","","","","","","","","","","","","3015.049","6498.352","","","19548.29","24168.204","26907.99132","33682.848","39425.319","38341.773","39731.94","0","0","0","0","0","0","0","0","0","0","","","","","","","","","","","","","","","","","","","","","","","","","","","","","","","","","","","","","","","","","","","","","","","","","","","",""
"","","","","","","","","","","","","","","","","","","","","","","","","","","","","","","","","","","","","","","","","","","","","","","","","","","","","","","","","","","","","","","","","","","","","","","","","","","","","","","","","","","","","","","","","","","","","","","","","","","","","","","","","","","","","","","","","","4.711014063","10.153675","","","30.54420313","37.76281875","42.04373644","52.62945","61.60206094","59.90902031","62.08115625","0","0","0","0","0","0","0","0","0","0","","","","","","","","","","","","","","","","","","","","","","","","","","","","","","","","","","","","","","","","","","","","","","","","","","","",""
"","","","","","","","","","","","","","","","","","","","","","","","","","","","","","","","","","","","","","","","","","","","","","","","","","","","","","","","","","","","","","","","","","","","","","","","","","","","","","","","","","","","","","","","","","","","","","","","","","","","6375","12795","6420","2175","8595","","","","","","","","","","","","","","0.5","0.6","0.7","0.8","0.9","0.9","0.9","0.9","0.9","0.9","0.9","0.9","0.9","0.9","0.9","0.9","0.9","","","","","","","","","","","","","","","","","","","","","","","","","","","","","","","","","","","","","","","","","","","","","","","","","","","",""
"","","","","","","","","","","","","","","","","","","","","","","","","","","","","","","","","","","","","","","","","","","","","","","","","","","","","","","","","","","","","","","","","","","","","","","","","","","","","","","","","","","","","","","","","","","","","","","","","","","","9280","10626","1346","5380","6726","","","","","","","","","","","","","","31","38","43","53","62","60","63","61","61","61","61","61","61","","","","","","","","","","","","","","","","","","","","","","","","","","","","","","","","","","","","","","","","","","","","","","","","","","","","","","","",""
"","","","","","","","","","","","","","","","","","","","","","","","","","","","","","","","","","","","","","","","","","","","","","","","","","","","","","","","","","","","","","","","","","","","","","","","","","","","","","","","","","","","","","","","","","","","","","","","","","","","3260","1343","","","","","","","","","","","","","","","","","115","123","129","144","157","150","153","149","153","155","151","145","144","","","","","","","","","","","","","","","","","","","","","","","","","","","","","","","","","","","","","","","","","","","","","","","","","","","","","","","",""
