"hellofresh_week","parent_boxid","boxid","customer_id","delivery_date","production_date","meal_swap","lane_by_delivery_time","well","rafa","cancelled","shipped","delivery_weekday","parent_boxid_prefix","box_size","extras"
"2025-W35","TK35915617","TK35915617A","2758037","2025-08-25","2025-08-22","301:1 304:1 305:1 313:1","VE_Gordon-Arhus","0","1","0","TRUE","MON","TK","S","FR1"
"2025-W35","TK35915334","TK35915334A","2812741","2025-08-25","2025-08-22","303:2 304:3 308:2 309:1 310:1 311:1 312:1 314:1","VE_Gordon-Kobenhavn","0","1","0","TRUE","MON","TK","M","FR1"
"2025-W35","TK35914968","TK35914968A","2813825","2025-08-25","2025-08-22","301:1 304:2 305:1 312:1 313:1","VE_Gordon-Vejle","1","1","0","TRUE","MON","TK","S","FR1 + WB1"
"2025-W35","TK35914934","TK35914934A","2813717","2025-08-25","2025-08-22","301:1 302:1 303:1 304:1 305:1 306:1","VE_Gordon-Vejle","1","1","0","TRUE","MON","TK","S","FR1 + WB1"
"2025-W35","TK35916221","TK35916221A","2802070","2025-08-25","2025-08-22","303:2 304:2 305:1 312:2 313:1","VE_Gordon-Arhus","0","1","0","TRUE","MON","TK","M","FR1"
"2025-W35","TK35914727","TK35914727A","2789468","2025-08-25","2025-08-22","301:1 303:1 304:1 305:1 306:1 312:1 314:1 315:1","VE_Gordon-Arhus","1","1","0","TRUE","MON","TK","M","FR1 + WB1"
"2025-W35","TK35915510","TK35915510A","2811248","2025-08-26","2025-08-22","303:2 304:2 308:2","VE_Gordon-Bornholm","0","1","0","TRUE","TUE","TK","S","FR1"
"2025-W35","TK35916035","TK35916035A","2807930","2025-08-25","2025-08-22","304:1 306:1 308:1 309:2 310:2 314:2 315:1","VE_Gordon-Kobenhavn","0","1","0","TRUE","MON","TK","M","FR1"
"2025-W35","TK35914882","TK35914882A","2779179","2025-08-25","2025-08-22","302:2 303:2 304:2 308:2 311:2 312:2 314:2","VE_Gordon-Kobenhavn","1","1","0","TRUE","MON","TK","L","FR1 + WB1"
"2025-W35","TK35914796","TK35914796A","2782508","2025-08-25","2025-08-22","302:1 305:1 306:1 307:1 308:1 312:1 314:1 318:1","VE_Gordon-Kobenhavn","1","1","0","TRUE","MON","TK","M","FR1 + WB1"
"2025-W35","TK35915069","TK35915069A","2814126","2025-08-25","2025-08-22","301:2 303:1 304:1 305:2 307:1 308:2 312:3 313:1 316:1","VE_Gordon-Vejle","1","1","0","TRUE","MON","TK","L","FR1 + WB1"
"2025-W35","TK35915473","TK35915473A","2806126","2025-08-25","2025-08-22","301:4 304:2 313:2 314:2","VE_MBB-Frederiksberg","0","1","0","TRUE","MON","TK","M","FR1"
"2025-W35","TK35914685","TK35914685A","2813019","2025-08-25","2025-08-22","312:1 313:2 315:1","VE_Gordon-Arhus","1","1","0","TRUE","MON","TK","S","FR1 + WB1"
"2025-W35","TK35915303","TK35915303A","2814428","2025-08-25","2025-08-22","304:1 312:1 313:1 314:1","VE_Gordon-Kobenhavn","1","1","0","TRUE","MON","TK","S","FR1 + WB1"
"2025-W35","TK35915540","TK35915540A","2796915","2025-08-25","2025-08-22","305:2 315:2 316:2 317:2","VE_Gordon-Vejle","0","1","0","TRUE","MON","TK","M","FR1"
"2025-W35","TK35914845","TK35914845A","2813465","2025-08-25","2025-08-22","304:4 307:4 309:4","VE_Gordon-Kobenhavn","1","1","0","TRUE","MON","TK","M","FR1 + WB1"
"2025-W35","TK35915435","TK35915435A","2794907","2025-08-25","2025-08-22","303:1 305:1 311:1 317:1","VE_Gordon-Kobenhavn","0","1","0","TRUE","MON","TK","S","FR1"
"2025-W35","TK35915551","TK35915551A","2793353","2025-08-25","2025-08-22","304:1 305:1 311:1 312:1 313:1 315:1","VE_Gordon-Vejle","0","1","0","TRUE","MON","TK","S","FR1"
"2025-W35","TK35915602","TK35915602A","2811272","2025-08-25","2025-08-22","301:2 304:2 305:2 312:1 313:1","VE_Gordon-Kobenhavn","0","1","0","TRUE","MON","TK","M","FR1"
"2025-W35","TK35915972","TK35915972A","2809866","2025-08-25","2025-08-22","301:3 302:3 303:3 306:3 307:2","VE_Gordon-Kobenhavn","0","1","0","TRUE","MON","TK","L","FR1"
"2025-W35","TK35915529","TK35915529A","2809701","2025-08-25","2025-08-22","303:1 304:1 306:1 307:1","VE_MBB-Frederiksberg","0","1","0","TRUE","MON","TK","S","FR1"
"2025-W35","TK35916072","TK35916072A","2784031","2025-08-25","2025-08-22","308:1 312:1 313:1 315:1","VE_Gordon-Kobenhavn","0","1","0","TRUE","MON","TK","S","FR1"
"2025-W35","TK35914823","TK35914823A","2813415","2025-08-25","2025-08-22","301:1 304:1 307:1 312:1 318:1","VE_Gordon-Kobenhavn","1","1","0","TRUE","MON","TK","S","FR1 + WB1"
"2025-W35","TK35915859","TK35915859A","2811559","2025-08-25","2025-08-22","301:1 302:1 303:1 304:1","VE_Gordon-Kobenhavn","0","1","0","TRUE","MON","TK","S","FR1"
"2025-W35","TK35916499","TK35916499A","2769431","2025-08-25","2025-08-22","302:1 304:1 311:1 312:1","VE_Gordon-Arhus","0","1","0","TRUE","MON","TK","S","FR1"
"2025-W35","TK35915401","TK35915401A","2757981","2025-08-25","2025-08-22","301:1 304:1 305:1 315:1","VE_Gordon-Arhus","0","1","0","TRUE","MON","TK","S","FR1"
"2025-W35","TK35915187","TK35915187A","2811061","2025-08-24","2025-08-22","301:1 303:1 305:1 313:2 315:1","VE_Gordon-Kobenhavn","1","1","0","TRUE","SUN","TK","S","FR1"
"2025-W35","TK35914734","TK35914734A","2813152","2025-08-24","2025-08-22","301:3 302:1 314:1 318:1","VE_Gordon-Arhus","1","1","0","TRUE","SUN","TK","S","FR1 + WB1"
"2025-W35","TK35915152","TK35915152A","2805565","2025-08-24","2025-08-22","301:2 302:2 303:2 304:2 305:2 306:2 307:1 308:1","VE_Gordon-Kobenhavn","0","1","0","TRUE","SUN","TK","L","FR1"
"2025-W35","TK35915961","TK35915961A","2764975","2025-08-25","2025-08-22","301:1 304:1 305:1 312:1 313:1","VE_MBB-Frederiksberg","0","1","0","TRUE","MON","TK","S","FR1"
"2025-W35","TK35915298","TK35915298A","2814418","2025-08-25","2025-08-22","301:3 303:2 305:3 307:3 308:3","VE_Gordon-Vejle","1","1","0","TRUE","MON","TK","L","FR1 + WB1"
"2025-W35","TK35915559","TK35915559A","2812448","2025-08-25","2025-08-22","301:2 302:2 303:2 304:2 305:2 306:2 307:1 308:1","VE_Gordon-Kobenhavn","0","1","0","TRUE","MON","TK","L","FR1"
"2025-W35","TK35915005","TK35915005A","2767920","2025-08-25","2025-08-22","301:1 305:1 306:1 307:1 308:1 316:1","VE_Gordon-Vejle","1","1","0","TRUE","MON","TK","S","FR1 + WB1"
"2025-W35","TK35915308","TK35915308A","2814439","2025-08-25","2025-08-22","302:1 303:1 304:1 305:1 307:1 315:1","VE_Gordon-Arhus","1","1","0","TRUE","MON","TK","S","FR1 + WB1"
"2025-W35","TK35915896","TK35915896A","2783589","2025-08-25","2025-08-22","302:3 304:3 310:2 315:3 316:3","VE_Gordon-Kobenhavn","0","1","0","TRUE","MON","TK","L","FR1"
"2025-W35","TK35915727","TK35915727A","2780805","2025-08-25","2025-08-22","301:1 302:1 303:1 304:1 305:1 306:1","VE_Gordon-Vejle","0","1","0","TRUE","MON","TK","S","FR1"
"2025-W35","TK35914681","TK35914681A","2812798","2025-08-25","2025-08-22","301:1 304:1 305:1 306:1 312:1 313:1","VE_Gordon-Vejle","1","1","0","TRUE","MON","TK","S","FR1 + WB1"
"2025-W35","TK35916507","TK35916507A","2811075","2025-08-25","2025-08-22","301:2 302:2 303:1 304:1 305:1 306:1 307:1 308:1","VE_Gordon-Kobenhavn","0","1","0","TRUE","MON","TK","M","FR1"
"2025-W35","TK35915999","TK35915999A","2801181","2025-08-25","2025-08-22","301:1 302:1 303:1 304:1","VE_Gordon-Kobenhavn","0","1","0","TRUE","MON","TK","S","FR1"
"2025-W35","TK35915368","TK35915368A","2767692","2025-08-25","2025-08-22","301:1 302:1 303:1 304:1","VE_Gordon-Kobenhavn","0","1","0","TRUE","MON","TK","S","FR1"
"2025-W35","TK35915985","TK35915985A","2799032","2025-08-25","2025-08-22","303:1 305:1 308:1 315:1","VE_Gordon-Arhus","0","1","0","TRUE","MON","TK","S","FR1"
"2025-W35","TK35915564","TK35915564A","2751397","2025-08-25","2025-08-22","303:1 304:1 306:1 307:1","VE_MBB-Frederiksberg","0","1","0","TRUE","MON","TK","S","FR1"
"2025-W35","TK35915872","TK35915872A","2787628","2025-08-25","2025-08-22","303:2 304:2 306:2 307:1 308:1","VE_Gordon-Kobenhavn","0","1","0","TRUE","MON","TK","M","FR1"
"2025-W35","TK35915504","TK35915504A","2758024","2025-08-25","2025-08-22","301:1 302:1 308:1 314:1 317:1 318:1","VE_Gordon-Kobenhavn","0","1","0","TRUE","MON","TK","S","FR1"
"2025-W35","TK35914716","TK35914716A","2813089","2025-08-25","2025-08-22","301:1 302:1 304:1 305:1 306:1 307:1 308:1 312:1 314:1 317:1 805:2 809:1 810:1","VE_Gordon-Vejle","1","1","0","TRUE","MON","TK","L","FR1 + WB1"
"2025-W35","TK35916244","TK35916244A","2811479","2025-08-25","2025-08-22","301:2 304:1 305:1 312:1 313:1","VE_Gordon-Kobenhavn","0","1","0","TRUE","MON","TK","S","FR1"
"2025-W35","TK35914812","TK35914812A","2813383","2025-08-25","2025-08-22","304:4 311:1 312:4 315:1 318:2","VE_Gordon-Vejle","1","1","0","TRUE","MON","TK","M","FR1 + WB1"
"2025-W35","TK35914780","TK35914780A","2794843","2025-08-25","2025-08-22","301:4 302:4 305:3 314:3","VE_Gordon-Kobenhavn","1","1","0","TRUE","MON","TK","L","FR1 + WB1"
"2025-W35","TK35915669","TK35915669A","2804151","2025-08-25","2025-08-22","301:2 302:2 303:1 304:1 305:1 306:1 307:1 308:1","VE_Gordon-Kobenhavn","0","1","0","TRUE","MON","TK","M","FR1"
"2025-W35","TK35915627","TK35915627A","2812381","2025-08-25","2025-08-22","301:1 302:1 303:1 305:1 306:1 312:1","VE_Gordon-Kobenhavn","1","1","0","TRUE","MON","TK","S","FR1"
"2025-W35","TK35915524","TK35915524A","2769366","2025-08-25","2025-08-22","304:1 305:1 308:1 310:1","VE_Gordon-Vejle","0","1","0","TRUE","MON","TK","S","FR1"
"2025-W35","TK35915925","TK35915925A","2810164","2025-08-25","2025-08-22","301:1 302:1 303:1 304:1 305:1 306:1","VE_Gordon-Kobenhavn","0","1","0","TRUE","MON","TK","S","FR1"
"2025-W35","TK35911468","TK35911468A","2811632","2025-08-25","2025-08-22","308:2 312:2 315:2","VE_Gordon-Arhus","1","1","0","TRUE","MON","TK","S","FR1 + WB1"
"2025-W35","TK35916284","TK35916284A","2797493","2025-08-25","2025-08-22","308:1 309:1 312:1 314:1 316:1 318:1","VE_Gordon-Arhus","0","1","0","TRUE","MON","TK","S","FR1"
"2025-W35","TK35914732","TK35914732A","2813148","2025-08-25","2025-08-22","303:1 305:1 309:1 317:1","VE_Gordon-Vejle","1","1","0","TRUE","MON","TK","S","FR1 + WB1"
"2025-W35","TK35916086","TK35916086A","2768422","2025-08-26","2025-08-22","301:1 303:2 304:1 307:1 318:1","VE_Gordon-Arhus","0","1","0","TRUE","TUE","TK","S","FR1"
"2025-W35","TK35915857","TK35915857A","2801500","2025-08-25","2025-08-22","301:3 305:3 314:3 315:3","VE_Gordon-Vejle","0","1","0","TRUE","MON","TK","M","FR1"
"2025-W35","TK35915447","TK35915447A","2790048","2025-08-25","2025-08-22","301:2 304:1 305:1 312:1 313:1","VE_Gordon-Vejle","0","1","0","TRUE","MON","TK","S","FR1"
"2025-W35","TK35915261","TK35915261A","2814304","2025-08-25","2025-08-22","301:2 302:2 303:2 304:2 305:2 306:2 307:1 308:1","VE_Gordon-Vejle","1","1","0","TRUE","MON","TK","L","FR1 + WB1"
"2025-W35","TK35916558","TK35916558A","2786705","2025-08-25","2025-08-22","301:2 311:2 314:2 315:2 318:2","VE_Gordon-Kobenhavn","0","1","0","TRUE","MON","TK","M","FR1"
"2025-W35","TK35916346","TK35916346A","2792591","2025-08-25","2025-08-22","302:2 308:2 318:2","VE_Gordon-Kobenhavn","0","1","0","TRUE","MON","TK","S","FR1"
"2025-W35","TK35916083","TK35916083A","2812356","2025-08-25","2025-08-22","301:1 302:1 304:1 306:1 308:1 312:1","VE_Gordon-Kobenhavn","0","1","0","TRUE","MON","TK","S","FR1"
"2025-W35","TK35916527","TK35916527A","2810909","2025-08-25","2025-08-22","301:1 302:2 307:1 311:1 316:1","VE_Gordon-Arhus","0","1","0","TRUE","MON","TK","S","FR1"
"2025-W35","TK35915861","TK35915861A","2807961","2025-08-25","2025-08-22","301:2 304:2 305:2 312:1 313:1","VE_Gordon-Kobenhavn","0","1","0","TRUE","MON","TK","M","FR1"
"2025-W35","TK35915923","TK35915923A","2802532","2025-08-25","2025-08-22","302:2 309:2 314:2","VE_Gordon-Arhus","0","1","0","TRUE","MON","TK","S","FR1"
"2025-W35","TK35914758","TK35914758A","2812802","2025-08-25","2025-08-22","302:1 303:1 304:1 305:1 307:1 308:1 311:1 312:1 313:1 314:1 316:1 318:1","VE_Gordon-Vejle","1","1","0","TRUE","MON","TK","M","FR1 + WB1"
"2025-W35","TK35915354","TK35915354A","2780525","2025-08-25","2025-08-22","307:2 313:2 314:2 805:4","VE_Gordon-Kobenhavn","0","1","0","TRUE","MON","TK","M","FR1"
"2025-W35","TK35914686","TK35914686A","2813017","2025-08-25","2025-08-22","301:1 303:1 305:1 307:1","VE_Gordon-Vejle","1","1","0","TRUE","MON","TK","S","FR1 + WB1"
"2025-W35","TK35915440","TK35915440A","2812689","2025-08-25","2025-08-22","301:1 302:1 303:1 304:1 305:1 306:1","VE_Gordon-Kobenhavn","0","1","0","TRUE","MON","TK","S","FR1"
"2025-W35","TK35916474","TK35916474A","2765597","2025-08-25","2025-08-22","302:1 303:1 308:1 317:1","VE_Gordon-Vejle","0","1","0","TRUE","MON","TK","S","FR1"
"2025-W35","TK35915108","TK35915108A","2814259","2025-08-25","2025-08-22","301:1 304:3 311:2 314:2","VE_Gordon-Kobenhavn","1","1","0","TRUE","MON","TK","M","FR1 + WB1"
"2025-W35","TK35916568","TK35916568A","2812131","2025-08-25","2025-08-22","302:1 305:1 308:1 313:1","VE_Gordon-Kobenhavn","1","1","0","TRUE","MON","TK","S","FR1"
"2025-W35","TK35915826","TK35915826A","2776250","2025-08-25","2025-08-22","303:1 304:1 311:1 315:3","VE_Gordon-Kobenhavn","0","1","0","TRUE","MON","TK","S","FR1"
"2025-W35","TK35916115","TK35916115A","2810538","2025-08-25","2025-08-22","303:3 314:3","VE_Gordon-Arhus","0","1","0","TRUE","MON","TK","S","FR1"
"2025-W35","TK35915055","TK35915055A","2814084","2025-08-25","2025-08-22","301:2 302:1 303:1 304:2 305:2 307:1 308:1 311:2 315:1 316:1","VE_Gordon-Vejle","1","1","0","TRUE","MON","TK","L","FR1 + WB1"
"2025-W35","TK35914691","TK35914691A","2813028","2025-08-25","2025-08-22","301:2 303:2 304:2 305:1 306:2 312:1 313:1 314:1 316:1 318:1","VE_Gordon-Kobenhavn","1","1","0","TRUE","MON","TK","L","FR1 + WB1"
"2025-W35","TK35916567","TK35916567A","2809730","2025-08-25","2025-08-22","302:1 311:1 312:1 318:1","VE_MBB-Frederiksberg","0","1","0","TRUE","MON","TK","S","FR1"
"2025-W35","TK35916319","TK35916319A","2808663","2025-08-25","2025-08-22","301:1 302:1 303:1 304:1 305:1 306:1","VE_Gordon-Kobenhavn","1","1","0","TRUE","MON","TK","S","FR1"
"2025-W35","TK35915665","TK35915665A","2764493","2025-08-25","2025-08-22","303:1 307:1 308:1 312:1 313:1 314:1 316:1","VE_Gordon-Kobenhavn","0","1","0","TRUE","MON","TK","M","FR1"
"2025-W35","TK35914857","TK35914857A","2813506","2025-08-25","2025-08-22","301:2 302:1 303:1 304:1 305:1 306:1 307:1","VE_Gordon-Arhus","1","1","0","TRUE","MON","TK","M","FR1 + WB1"
"2025-W35","TK35915760","TK35915760A","2806686","2025-08-25","2025-08-22","301:2 304:1 305:1 313:1 316:1","VE_Gordon-Arhus","0","1","0","TRUE","MON","TK","S","FR1"
"2025-W35","TK35915776","TK35915776A","2800860","2025-08-25","2025-08-22","303:1 304:2 306:1 308:1 311:1","VE_MBB-Frederiksberg","0","1","0","TRUE","MON","TK","S","FR1"
"2025-W35","TK35916600","TK35916600A","2791489","2025-08-25","2025-08-22","301:2 304:1 305:1 312:1 313:1","VE_Gordon-Kobenhavn","0","1","0","TRUE","MON","TK","S","FR1"
"2025-W35","TK35915039","TK35915039A","2814032","2025-08-25","2025-08-22","301:1 302:1 304:1 306:1 307:1 308:1 312:1 313:1","VE_Gordon-Arhus","1","1","0","TRUE","MON","TK","M","FR1 + WB1"
"2025-W35","TK35914924","TK35914924A","2813667","2025-08-25","2025-08-22","302:4 305:3 312:1 318:4","VE_Gordon-Arhus","1","1","0","TRUE","MON","TK","M","FR1 + WB1"
"2025-W35","TK35916134","TK35916134A","2812612","2025-08-25","2025-08-22","311:1 314:1 315:1 318:1","VE_MBB-Frederiksberg","0","1","0","TRUE","MON","TK","S","FR1"
"2025-W35","TK35916363","TK35916363A","2793873","2025-08-25","2025-08-22","301:1 302:1 313:1 317:1","VE_Gordon-Kobenhavn","0","1","0","TRUE","MON","TK","S","FR1"
"2025-W35","TK35915816","TK35915816A","2810013","2025-08-25","2025-08-22","302:1 308:1 312:1 313:1","VE_Gordon-Arhus","0","1","0","TRUE","MON","TK","S","FR1"
"2025-W35","TK35915024","TK35915024A","2813956","2025-08-25","2025-08-22","301:1 302:1 303:1 304:1 305:1 306:1","VE_Gordon-Vejle","1","1","0","TRUE","MON","TK","S","FR1 + WB1"
"2025-W35","TK35914947","TK35914947A","2813758","2025-08-25","2025-08-22","303:4 306:1 307:1 308:2 312:2 318:2","VE_Gordon-Vejle","1","1","0","TRUE","MON","TK","M","FR1 + WB1"
"2025-W35","TK35915018","TK35915018A","2813972","2025-08-25","2025-08-22","301:1 302:1 303:1 305:1 309:1 312:1 316:1 317:1","VE_Gordon-Arhus","1","1","0","TRUE","MON","TK","M","FR1 + WB1"
"2025-W35","TK35915775","TK35915775A","2783405","2025-08-25","2025-08-22","301:1 312:1 314:2","VE_Gordon-Vejle","0","1","0","TRUE","MON","TK","S","FR1"
"2025-W35","TK35915217","TK35915217A","2805161","2025-08-24","2025-08-22","301:2 302:2 304:1 305:1 308:1 314:1 315:1 317:1","VE_Gordon-Kobenhavn","0","1","0","TRUE","SUN","TK","M","FR1"
"2025-W35","TK35915212","TK35915212A","2812298","2025-08-24","2025-08-22","302:1 305:1 311:1 313:1 314:1 315:1","VE_Gordon-Vejle","1","1","0","TRUE","SUN","TK","S","FR1"
"2025-W35","TK35915963","TK35915963A","2774380","2025-08-25","2025-08-22","303:2 304:2 306:2 308:2 313:1 315:1","VE_Gordon-Kobenhavn","0","1","0","TRUE","MON","TK","M","FR1"
"2025-W35","TK35916333","TK35916333A","2805988","2025-08-25","2025-08-22","304:3 307:1 308:2 309:1 312:1 315:2","VE_Gordon-Kobenhavn","0","1","0","TRUE","MON","TK","M","FR1"
"2025-W35","TK35914878","TK35914878A","2786854","2025-08-25","2025-08-22","301:1 302:1 303:1 304:1","VE_Gordon-Kobenhavn","1","1","0","TRUE","MON","TK","S","FR1 + WB1"
"2025-W35","TK35916192","TK35916192A","2778134","2025-08-25","2025-08-22","301:2 304:2 313:2 314:2 316:1 317:1","VE_Gordon-Kobenhavn","0","1","0","TRUE","MON","TK","M","FR1"
"2025-W35","TK35915385","TK35915385A","2807919","2025-08-25","2025-08-22","303:2 304:1 306:1 307:1 308:1","VE_Gordon-Kobenhavn","0","1","0","TRUE","MON","TK","S","FR1"
"2025-W35","TK35915635","TK35915635A","2806434","2025-08-25","2025-08-22","304:1 311:1 312:1 314:1 316:1 318:1","VE_Gordon-Arhus","0","1","0","TRUE","MON","TK","S","FR1"
"2025-W35","TK35915502","TK35915502A","2777885","2025-08-25","2025-08-22","301:2 302:2 304:2 312:2 313:2","VE_Gordon-Kobenhavn","0","1","0","TRUE","MON","TK","M","FR1"
"2025-W35","TK35916055","TK35916055A","2811178","2025-08-25","2025-08-22","301:2 302:2 303:2 304:2 305:2 306:2 307:1 308:1","VE_Gordon-Vejle","1","1","0","TRUE","MON","TK","L","FR1"
"2025-W35","TK35915828","TK35915828A","2812836","2025-08-25","2025-08-22","301:1 306:1 308:1 312:1 315:1 318:1","VE_Gordon-Vejle","0","1","0","TRUE","MON","TK","S","FR1"
"2025-W35","TK35915785","TK35915785A","2812006","2025-08-25","2025-08-22","302:1 303:1 306:1 308:1 316:1 318:1","VE_Gordon-Vejle","0","1","0","TRUE","MON","TK","S","FR1"
"2025-W35","TK35916065","TK35916065A","2809154","2025-08-25","2025-08-22","301:1 302:1 303:1 304:1","VE_MBB-Frederiksberg","0","1","0","TRUE","MON","TK","S","FR1"
"2025-W35","TK35914816","TK35914816A","2813392","2025-08-25","2025-08-22","303:2 304:2 308:2 315:2 316:2","VE_Gordon-Arhus","1","1","0","TRUE","MON","TK","M","FR1 + WB1"
"2025-W35","TK35915441","TK35915441A","2767635","2025-08-25","2025-08-22","301:1 302:1 305:1 308:1","VE_Gordon-Kobenhavn","0","1","0","TRUE","MON","TK","S","FR1"
"2025-W35","TK35915013","TK35915013A","2778395","2025-08-25","2025-08-22","301:1 304:1 307:1 311:1","VE_Gordon-Vejle","1","1","0","TRUE","MON","TK","S","FR1 + WB1"
"2025-W35","TK35916561","TK35916561A","2797842","2025-08-25","2025-08-22","301:2 302:2 305:1 314:1","VE_Gordon-Arhus","0","1","0","TRUE","MON","TK","S","FR1"
"2025-W35","TK35916554","TK35916554A","2801640","2025-08-25","2025-08-22","301:1 302:1 303:1 304:1 305:1 306:1 307:1 308:1","VE_Gordon-Kobenhavn","0","1","0","TRUE","MON","TK","M","FR1"
"2025-W35","TK35916199","TK35916199A","2761114","2025-08-25","2025-08-22","302:2 306:2 318:2","VE_Gordon-Kobenhavn","0","1","0","TRUE","MON","TK","S","FR1"
"2025-W35","TK35915781","TK35915781A","2756656","2025-08-25","2025-08-22","304:1 308:1 311:1 314:1","VE_Gordon-Vejle","0","1","0","TRUE","MON","TK","S","FR1"
"2025-W35","TK35916030","TK35916030A","2809652","2025-08-25","2025-08-22","301:2 302:2 303:1 304:1 305:1 306:1 307:1 308:1","VE_Gordon-Vejle","0","1","0","TRUE","MON","TK","M","FR1"
"2025-W35","TK35916170","TK35916170A","2763321","2025-08-25","2025-08-22","305:2 311:2 314:2","VE_Gordon-Kobenhavn","0","1","0","TRUE","MON","TK","S","FR1"
"2025-W35","TK35915521","TK35915521A","2779457","2025-08-25","2025-08-22","301:2 302:1 304:2 305:2 313:1","VE_Gordon-Kobenhavn","0","1","0","TRUE","MON","TK","M","FR1"
"2025-W35","TK35916168","TK35916168A","2809905","2025-08-25","2025-08-22","302:1 308:1 311:1 312:1 314:1 317:1","VE_Gordon-Kobenhavn","0","1","0","TRUE","MON","TK","S","FR1"
"2025-W35","TK35915893","TK35915893A","2806709","2025-08-25","2025-08-22","301:2 302:2 305:2","VE_Gordon-Kobenhavn","0","1","0","TRUE","MON","TK","S","FR1"
"2025-W35","TK35915247","TK35915247A","2811683","2025-08-24","2025-08-22","301:2 302:2 303:1 304:1 305:1 306:1 307:1 308:1","VE_Gordon-Kobenhavn","1","1","0","TRUE","SUN","TK","M","FR1"
"2025-W35","TK35915245","TK35915245A","2806275","2025-08-24","2025-08-22","301:1 303:2 304:1 305:2 308:2 312:2 313:2 317:2","VE_Gordon-Kobenhavn","0","1","0","TRUE","SUN","TK","L","FR1"
"2025-W35","TK35915207","TK35915207A","2805029","2025-08-24","2025-08-22","301:1 302:1 303:1 304:1","VE_Gordon-Arhus","1","1","0","TRUE","SUN","TK","S","FR1 + WB1"
"2025-W35","TK35915179","TK35915179A","2810549","2025-08-24","2025-08-22","304:1 309:1 314:1 318:1","VE_Gordon-Vejle","1","1","0","TRUE","SUN","TK","S","FR1"
"2025-W35","TK35914860","TK35914860A","2813517","2025-08-24","2025-08-22","301:2 302:2 305:2 314:2","VE_Gordon-Kobenhavn","1","1","0","TRUE","SUN","TK","M","FR1 + WB1"
"2025-W35","TK35914975","TK35914975A","2813854","2025-08-25","2025-08-22","301:1 304:1 316:1 317:1","VE_Gordon-Arhus","1","1","0","TRUE","MON","TK","S","FR1 + WB1"
"2025-W35","TK35916246","TK35916246A","2811120","2025-08-25","2025-08-22","301:2 304:1 305:1 312:1 313:1","VE_Gordon-Arhus","0","1","0","TRUE","MON","TK","S","FR1"
"2025-W35","TK35914956","TK35914956A","2813792","2025-08-25","2025-08-22","301:1 303:1 304:1 306:1 312:1 314:1","VE_Gordon-Arhus","1","1","0","TRUE","MON","TK","S","FR1 + WB1"
"2025-W35","TK35915914","TK35915914A","2808623","2025-08-25","2025-08-22","303:1 304:1 305:1 308:1 312:1 313:1","VE_Gordon-Kobenhavn","0","1","0","TRUE","MON","TK","S","FR1"
"2025-W35","TK35916203","TK35916203A","2783124","2025-08-25","2025-08-22","302:1 303:1 317:1 318:1","VE_Gordon-Arhus","0","1","0","TRUE","MON","TK","S","FR1"
"2025-W35","TK35915668","TK35915668A","2811320","2025-08-25","2025-08-22","301:2 304:1 305:1 312:1 313:1","VE_Gordon-Kobenhavn","0","1","0","TRUE","MON","TK","S","FR1"
"2025-W35","TK35915908","TK35915908A","2804977","2025-08-25","2025-08-22","302:1 303:1 306:1 307:1 314:1 315:1 316:1 318:1","VE_Gordon-Kobenhavn","0","1","0","TRUE","MON","TK","M","FR1"
"2025-W35","TK35915701","TK35915701A","2810808","2025-08-25","2025-08-22","301:2 304:2 305:2 312:2 313:2","VE_Gordon-Kobenhavn","0","1","0","TRUE","MON","TK","M","FR1"
"2025-W35","TK35915724","TK35915724A","2794352","2025-08-25","2025-08-22","301:1 302:1 303:1 304:1 305:1 306:1","VE_Gordon-Arhus","0","1","0","TRUE","MON","TK","S","FR1"
"2025-W35","TK35916424","TK35916424A","2764367","2025-08-25","2025-08-22","304:1 308:1 311:1 318:1","VE_Gordon-Kobenhavn","0","1","0","TRUE","MON","TK","S","FR1"
"2025-W35","TK35915397","TK35915397A","2786102","2025-08-25","2025-08-22","301:1 302:1 303:1 304:1 305:1 306:1 307:1 308:1","VE_Gordon-Arhus","0","1","0","TRUE","MON","TK","M","FR1"
"2025-W35","TK35916261","TK35916261A","2778483","2025-08-25","2025-08-22","303:3 308:2 312:2 313:2 314:2","VE_Gordon-Kobenhavn","0","1","0","TRUE","MON","TK","M","FR1"
"2025-W35","TK35915567","TK35915567A","2799033","2025-08-25","2025-08-22","301:1 302:1 303:1 304:1 305:1 306:1 307:1 308:1","VE_Gordon-Arhus","0","1","0","TRUE","MON","TK","M","FR1"
"2025-W35","TK35916559","TK35916559A","2753535","2025-08-25","2025-08-22","303:1 304:1 311:1 313:1 314:1 318:1","VE_Gordon-Kobenhavn","0","1","0","TRUE","MON","TK","S","FR1"
"2025-W35","TK35916088","TK35916088A","2756362","2025-08-25","2025-08-22","308:2 312:2 314:2 318:2","VE_Gordon-Kobenhavn","0","1","0","TRUE","MON","TK","M","FR1"
"2025-W35","TK35915323","TK35915323A","2814477","2025-08-25","2025-08-22","301:1 302:1 303:1 304:1","VE_Gordon-Arhus","1","1","0","TRUE","MON","TK","S","FR1 + WB1"
"2025-W35","TK35915848","TK35915848A","2766241","2025-08-25","2025-08-22","301:1 302:1 305:1 312:1","VE_Gordon-Kobenhavn","0","1","0","TRUE","MON","TK","S","FR1"
"2025-W35","TK35914682","TK35914682A","2813005","2025-08-25","2025-08-22","302:1 304:1 308:1 312:1 313:1 318:1","VE_Gordon-Arhus","1","1","0","TRUE","MON","TK","S","FR1 + WB1"
"2025-W35","TK35915070","TK35915070A","2808722","2025-08-25","2025-08-22","304:1 307:1 308:2 312:1 313:1 315:1 316:1","VE_Gordon-Kobenhavn","1","1","0","TRUE","MON","TK","M","FR1 + WB1"
"2025-W35","TK35915721","TK35915721A","2773235","2025-08-25","2025-08-22","303:1 304:1 306:1 307:1","VE_Gordon-Arhus","0","1","0","TRUE","MON","TK","S","FR1"
"2025-W35","TK35913220","TK35913220A","2812758","2025-08-25","2025-08-22","307:2 308:2 309:2","VE_Gordon-Kobenhavn","1","1","0","TRUE","MON","TK","S","FR1 + WB1"
"2025-W35","TK35916277","TK35916277A","2799667","2025-08-25","2025-08-22","301:1 302:1 305:1 318:1","VE_Gordon-Arhus","0","1","0","TRUE","MON","TK","S","FR1"
"2025-W35","TK35914831","TK35914831A","2813425","2025-08-24","2025-08-22","303:2 304:2 308:2 311:2 312:2 315:2 316:2","VE_Gordon-Vejle","1","1","0","TRUE","SUN","TK","L","FR1 + WB1"
"2025-W35","TK35914840","TK35914840A","2813447","2025-08-24","2025-08-22","301:1 302:1 303:1 305:1","VE_Gordon-Kobenhavn","1","1","0","TRUE","SUN","TK","S","FR1 + WB1"
"2025-W35","TK35916186","TK35916186A","2790255","2025-08-25","2025-08-22","302:1 303:1 307:1 312:2 313:1","VE_Gordon-Vejle","0","1","0","TRUE","MON","TK","S","FR1"
"2025-W35","TK35915699","TK35915699A","2767365","2025-08-25","2025-08-22","301:1 302:1 304:1 307:1","VE_MBB-Frederiksberg","0","1","0","TRUE","MON","TK","S","FR1"
"2025-W35","TK35915291","TK35915291A","2814388","2025-08-25","2025-08-22","301:1 302:1 303:1 304:1 305:1 306:1 307:2 308:2","VE_Gordon-Kobenhavn","1","1","0","TRUE","MON","TK","M","FR1 + WB1"
"2025-W35","TK35914910","TK35914910A","2813659","2025-08-25","2025-08-22","301:1 303:1 304:1 308:1 805:2 809:1 810:1","VE_Gordon-Vejle","1","1","0","TRUE","MON","TK","M","FR1 + WB1"
"2025-W35","TK35914907","TK35914907A","2813649","2025-08-25","2025-08-22","302:1 303:1 307:1 308:1","VE_Gordon-Vejle","1","1","0","TRUE","MON","TK","S","FR1 + WB1"
"2025-W35","TK35915374","TK35915374A","2790148","2025-08-25","2025-08-22","303:1 304:1 314:1 315:1","VE_Gordon-Arhus","0","1","0","TRUE","MON","TK","S","FR1"
"2025-W35","TK35915259","TK35915259A","2814299","2025-08-25","2025-08-22","301:2 304:1 305:1 312:1 313:1 806:1","VE_Gordon-Kobenhavn","1","1","0","TRUE","MON","TK","M","FR1 + WB1"
"2025-W35","TK35915380","TK35915380A","2765627","2025-08-25","2025-08-22","301:2 304:2 305:2 312:1 313:1","VE_Gordon-Kobenhavn","0","1","0","TRUE","MON","TK","M","FR1"
"2025-W35","TK35915571","TK35915571A","2811556","2025-08-25","2025-08-22","301:1 302:1 303:1 304:1 305:1 306:1","VE_Gordon-Kobenhavn","0","1","0","TRUE","MON","TK","S","FR1"
"2025-W35","TK35915300","TK35915300A","2814422","2025-08-25","2025-08-22","301:1 302:1 303:1 304:1","VE_Gordon-Kobenhavn","1","1","0","TRUE","MON","TK","S","FR1 + WB1"
"2025-W35","TK35916445","TK35916445A","2794545","2025-08-25","2025-08-22","301:1 303:1 305:1 308:1 311:1 312:1","VE_Gordon-Vejle","0","1","0","TRUE","MON","TK","S","FR1"
"2025-W35","TK35916209","TK35916209A","2812805","2025-08-25","2025-08-22","301:1 302:1 303:1 304:1 305:1 306:1 307:1 308:1","VE_Gordon-Vejle","0","1","0","TRUE","MON","TK","M","FR1"
"2025-W35","TK35915609","TK35915609A","2807817","2025-08-25","2025-08-22","301:2 318:2","VE_Gordon-Kobenhavn","0","1","0","TRUE","MON","TK","S","FR1"
"2025-W35","TK35915022","TK35915022A","2796389","2025-08-25","2025-08-22","301:1 304:1 305:1 307:1 315:1 318:1","VE_Gordon-Kobenhavn","1","1","0","TRUE","MON","TK","S","FR1 + WB1"
"2025-W35","TK35914818","TK35914818A","2813403","2025-08-25","2025-08-22","304:2 310:1 314:2 317:1","VE_Gordon-Arhus","1","1","0","TRUE","MON","TK","S","FR1 + WB1"
"2025-W35","TK35915002","TK35915002A","2800628","2025-08-25","2025-08-22","301:1 302:1 303:1 304:1 305:1 306:1","VE_Gordon-Arhus","1","1","0","TRUE","MON","TK","S","FR1 + WB1"
"2025-W35","TK35916382","TK35916382A","2807741","2025-08-25","2025-08-22","301:2 304:1 305:1 312:1 313:1","VE_Gordon-Kobenhavn","0","1","0","TRUE","MON","TK","S","FR1"
"2025-W35","TK35915348","TK35915348A","2762671","2025-08-25","2025-08-22","301:1 302:1 303:1 304:1","VE_Gordon-Vejle","0","1","0","TRUE","MON","TK","S","FR1"
"2025-W35","TK35916544","TK35916544A","2812796","2025-08-25","2025-08-22","301:2 313:1 314:2 317:3","VE_Gordon-Kobenhavn","1","1","0","TRUE","MON","TK","M","FR1 + WB1"
"2025-W35","TK35915746","TK35915746A","2753143","2025-08-25","2025-08-22","301:1 304:1 305:1 313:1","VE_Gordon-Arhus","0","1","0","TRUE","MON","TK","S","FR1"
"2025-W35","TK35916239","TK35916239A","2756711","2025-08-25","2025-08-22","301:1 302:1 304:2 307:1 308:1 313:1 316:1 317:2","VE_Gordon-Kobenhavn","0","1","0","TRUE","MON","TK","M","FR1"
"2025-W35","TK35914926","TK35914926A","2813693","2025-08-25","2025-08-22","301:1 303:1 305:1 316:1","VE_Gordon-Arhus","1","1","0","TRUE","MON","TK","S","FR1 + WB1"
"2025-W35","TK35916354","TK35916354A","2764529","2025-08-25","2025-08-22","301:1 304:1 305:1 313:1","VE_Gordon-Vejle","0","1","0","TRUE","MON","TK","S","FR1"
"2025-W35","TK35914850","TK35914850A","2813483","2025-08-25","2025-08-22","301:1 305:1 311:1 313:1","VE_Gordon-Kobenhavn","1","1","0","TRUE","MON","TK","S","FR1 + WB1"
"2025-W35","TK35916232","TK35916232A","2758215","2025-08-25","2025-08-22","301:1 302:1 305:1 314:1","VE_Gordon-Kobenhavn","0","1","0","TRUE","MON","TK","S","FR1"
"2025-W35","TK35915977","TK35915977A","2790656","2025-08-25","2025-08-22","301:1 302:2 309:1","VE_Gordon-Kobenhavn","0","1","0","TRUE","MON","TK","S","FR1"
"2025-W35","TK35915164","TK35915164A","2812244","2025-08-24","2025-08-22","314:2 315:1 316:1 317:1 318:1","VE_Gordon-Kobenhavn","1","1","0","TRUE","SUN","TK","S","FR1"
"2025-W35","TK35915189","TK35915189A","2811798","2025-08-24","2025-08-22","303:2 311:2 314:2 318:2","VE_Gordon-Vejle","1","1","0","TRUE","SUN","TK","M","FR1"
"2025-W35","TK35915852","TK35915852A","2809810","2025-08-25","2025-08-22","301:2 302:2 303:2 304:2 305:2 306:2 307:1 308:1","VE_Gordon-Vejle","0","1","0","TRUE","MON","TK","L","FR1"
"2025-W35","TK35914900","TK35914900A","2813643","2025-08-25","2025-08-22","301:1 302:1 303:1 304:1 305:1 306:1","VE_Gordon-Kobenhavn","1","1","0","TRUE","MON","TK","S","FR1 + WB1"
"2025-W35","TK35915272","TK35915272A","2792558","2025-08-25","2025-08-22","303:2 304:2 306:2 307:1 308:1","VE_Gordon-Kobenhavn","1","1","0","TRUE","MON","TK","M","FR1 + WB1"
"2025-W35","TK35915981","TK35915981A","2805109","2025-08-25","2025-08-22","306:1 307:1 308:1 317:1","VE_Gordon-Kobenhavn","0","1","0","TRUE","MON","TK","S","FR1"
"2025-W35","TK35915743","TK35915743A","2784281","2025-08-25","2025-08-22","301:2 312:2 316:2","VE_Gordon-Kobenhavn","0","1","0","TRUE","MON","TK","S","FR1"
"2025-W35","TK35916477","TK35916477A","2788816","2025-08-25","2025-08-22","301:1 302:1 304:1 305:1 306:1 307:1 308:1 315:1","VE_MBB-Frederiksberg","0","1","0","TRUE","MON","TK","M","FR1"
"2025-W35","TK35915048","TK35915048A","2814063","2025-08-25","2025-08-22","301:2 302:2 303:2 304:2 305:2 306:2 307:1 308:1","VE_Gordon-Kobenhavn","1","1","0","TRUE","MON","TK","L","FR1 + WB1"
"2025-W35","TK35916472","TK35916472A","2776144","2025-08-25","2025-08-22","304:1 308:1 315:1 316:1 317:1 809:4","VE_Gordon-Kobenhavn","0","1","0","TRUE","MON","TK","M","FR1"
"2025-W35","TK35915654","TK35915654A","2781331","2025-08-25","2025-08-22","307:1 308:1 312:1 318:1","VE_Gordon-Arhus","0","1","0","TRUE","MON","TK","S","FR1"
"2025-W35","TK35916255","TK35916255A","2812757","2025-08-25","2025-08-22","302:1 303:1 304:1 309:1 311:1 316:1","VE_Gordon-Kobenhavn","0","1","0","TRUE","MON","TK","S","FR1"
"2025-W35","TK35915573","TK35915573A","2787781","2025-08-25","2025-08-22","301:3 302:3 305:2 314:2","VE_Gordon-Arhus","0","1","0","TRUE","MON","TK","M","FR1"
"2025-W35","TK35914679","TK35914679A","2813000","2025-08-25","2025-08-22","301:2 302:2 304:2 306:2 308:2","VE_Gordon-Kobenhavn","1","1","0","TRUE","MON","TK","M","FR1 + WB1"
"2025-W35","TK35914948","TK35914948A","2813761","2025-08-25","2025-08-22","301:3 304:3 305:3 312:2 313:3","VE_Gordon-Kobenhavn","1","1","0","TRUE","MON","TK","L","FR1 + WB1"
"2025-W35","TK35915891","TK35915891A","2776333","2025-08-25","2025-08-22","301:2 302:2 303:2 304:2 305:2 306:2 307:1 308:1","VE_Gordon-Kobenhavn","0","1","0","TRUE","MON","TK","L","FR1"
"2025-W35","TK35916042","TK35916042A","2802429","2025-08-25","2025-08-22","301:1 302:1 303:1 308:1","VE_Gordon-Kobenhavn","0","1","0","TRUE","MON","TK","S","FR1"
"2025-W35","TK35916557","TK35916557A","2808496","2025-08-25","2025-08-22","301:1 302:1 303:1 304:1","VE_Gordon-Kobenhavn","0","1","0","TRUE","MON","TK","S","FR1"
"2025-W35","TK35916295","TK35916295A","2800525","2025-08-25","2025-08-22","301:1 302:1 303:1 304:1","VE_Gordon-Kobenhavn","0","1","0","TRUE","MON","TK","S","FR1"
"2025-W35","TK35916412","TK35916412A","2797879","2025-08-25","2025-08-22","307:1 310:1 312:1 314:1","VE_Gordon-Vejle","0","1","0","TRUE","MON","TK","S","FR1"
"2025-W35","TK35916025","TK35916025A","2804996","2025-08-25","2025-08-22","301:2 304:1 305:1 312:1 313:1","VE_Gordon-Kobenhavn","0","1","0","TRUE","MON","TK","S","FR1"
"2025-W35","TK35914920","TK35914920A","2813672","2025-08-25","2025-08-22","303:2 312:1 313:1 315:2","VE_Gordon-Vejle","1","1","0","TRUE","MON","TK","S","FR1 + WB1"
"2025-W35","TK35915427","TK35915427A","2761103","2025-08-25","2025-08-22","304:1 306:1 307:1 308:1","VE_Gordon-Kobenhavn","0","1","0","TRUE","MON","TK","S","FR1"
"2025-W35","TK35915534","TK35915534A","2759193","2025-08-25","2025-08-22","308:1 310:1 311:1 312:1 314:1 317:1","VE_Gordon-Kobenhavn","0","1","0","TRUE","MON","TK","S","FR1"
"2025-W35","TK35914676","TK35914676A","2812994","2025-08-25","2025-08-22","301:1 302:1 303:1 304:1","VE_Gordon-Vejle","1","1","0","TRUE","MON","TK","S","FR1 + WB1"
"2025-W35","TK35916386","TK35916386A","2791273","2025-08-25","2025-08-22","301:1 302:1 303:1 304:1 305:1 306:1 307:1 308:1","VE_Gordon-Kobenhavn","0","1","0","TRUE","MON","TK","M","FR1"
"2025-W35","TK35916591","TK35916591A","2773901","2025-08-25","2025-08-22","309:2 310:2","VE_Gordon-Kobenhavn","0","1","0","TRUE","MON","TK","S","FR1"
"2025-W35","TK35916100","TK35916100A","2776556","2025-08-25","2025-08-22","301:1 302:1 305:1 314:1","VE_MBB-Frederiksberg","0","1","0","TRUE","MON","TK","S","FR1"
"2025-W35","TK35916166","TK35916166A","2811552","2025-08-25","2025-08-22","305:1 307:1 308:1 313:1","VE_Gordon-Vejle","0","1","0","TRUE","MON","TK","S","FR1"
"2025-W35","TK35916367","TK35916367A","2810460","2025-08-25","2025-08-22","303:1 304:1 307:1 308:1 315:2 316:1 317:1","VE_Gordon-Kobenhavn","0","1","0","TRUE","MON","TK","M","FR1"
"2025-W35","TK35915128","TK35915128A","2762257","2025-08-24","2025-08-22","301:1 302:1 303:1 304:2 306:1 308:1 313:1","VE_Gordon-Kobenhavn","0","1","0","TRUE","SUN","TK","M","FR1"
"2025-W35","TK35915140","TK35915140A","2812385","2025-08-24","2025-08-22","301:2 304:2 305:2 313:2 314:2","VE_Gordon-Kobenhavn","1","1","0","TRUE","SUN","TK","M","FR1"
"2025-W35","TK35915183","TK35915183A","2809447","2025-08-24","2025-08-22","305:2 307:2 314:2 315:2","VE_Gordon-Kobenhavn","0","1","0","TRUE","SUN","TK","M","FR1"
"2025-W35","TK35915482","TK35915482A","2751310","2025-08-25","2025-08-22","309:2 310:2","VE_Gordon-Kobenhavn","0","1","0","TRUE","MON","TK","S","FR1"
"2025-W35","TK35916360","TK35916360A","2785000","2025-08-25","2025-08-22","302:1 304:1 308:1 318:1","VE_MBB-Frederiksberg","0","1","0","TRUE","MON","TK","S","FR1"
"2025-W35","TK35916099","TK35916099A","2794164","2025-08-25","2025-08-22","301:1 302:1 303:1 304:1 305:1 306:1 307:1 308:1","VE_Gordon-Kobenhavn","0","1","0","TRUE","MON","TK","M","FR1"
"2025-W35","TK35916220","TK35916220A","2766487","2025-08-25","2025-08-22","303:1 305:1 307:1 308:2 311:1 312:2 314:1 315:1","VE_Gordon-Kobenhavn","0","1","0","TRUE","MON","TK","M","FR1"
"2025-W35","TK35915950","TK35915950A","2800092","2025-08-25","2025-08-22","301:2 304:1 305:1 312:1 313:1","VE_Gordon-Arhus","0","1","0","TRUE","MON","TK","S","FR1"
"2025-W35","TK35916471","TK35916471A","2795672","2025-08-25","2025-08-22","302:1 308:1 311:1 313:1","VE_Gordon-Arhus","0","1","0","TRUE","MON","TK","S","FR1"
"2025-W35","TK35915373","TK35915373A","2796707","2025-08-25","2025-08-22","305:2 308:1 309:1 310:1 312:1 317:1 318:1","VE_Gordon-Arhus","0","1","0","TRUE","MON","TK","M","FR1"
"2025-W35","TK35916038","TK35916038A","2811030","2025-08-25","2025-08-22","301:2 302:2 303:1 304:1 305:1 306:1 307:1 308:1","VE_Gordon-Kobenhavn","0","1","0","TRUE","MON","TK","M","FR1"
"2025-W35","TK35914965","TK35914965A","2813808","2025-08-25","2025-08-22","303:2 304:2 305:1 306:1 308:1 311:1 313:2 314:1 315:1","VE_Gordon-Kobenhavn","1","1","0","TRUE","MON","TK","M","FR1 + WB1"
"2025-W35","TK35915784","TK35915784A","2755373","2025-08-25","2025-08-22","301:1 302:1 303:1 304:1","VE_MBB-Frederiksberg","0","1","0","TRUE","MON","TK","S","FR1"
"2025-W35","TK35915713","TK35915713A","2801583","2025-08-25","2025-08-22","305:2 308:2 315:2 316:2","VE_Gordon-Kobenhavn","0","1","0","TRUE","MON","TK","M","FR1"
"2025-W35","TK35915735","TK35915735A","2810426","2025-08-25","2025-08-22","308:1 312:1 315:4 316:2 317:2","VE_Gordon-Kobenhavn","0","1","0","TRUE","MON","TK","M","FR1"
"2025-W35","TK35916013","TK35916013A","2800920","2025-08-25","2025-08-22","308:1 309:1 310:1 315:1","VE_Gordon-Kobenhavn","0","1","0","TRUE","MON","TK","S","FR1"
"2025-W35","TK35916087","TK35916087A","2804492","2025-08-25","2025-08-22","301:1 302:1 303:1 304:1 305:1 306:1","VE_Gordon-Kobenhavn","0","1","0","TRUE","MON","TK","S","FR1"
"2025-W35","TK35915260","TK35915260A","2814301","2025-08-25","2025-08-22","301:1 302:1 304:1 306:1 311:1 312:1","VE_Gordon-Kobenhavn","1","1","0","TRUE","MON","TK","S","FR1 + WB1"
"2025-W35","TK35916051","TK35916051A","2805175","2025-08-25","2025-08-22","304:1 305:1 308:1 312:2 313:1 314:1 315:1","VE_Gordon-Kobenhavn","0","1","0","TRUE","MON","TK","M","FR1"
"2025-W35","TK35916338","TK35916338A","2793386","2025-08-25","2025-08-22","308:1 311:1 312:1 315:1","VE_Gordon-Kobenhavn","0","1","0","TRUE","MON","TK","S","FR1"
"2025-W35","TK35914974","TK35914974A","2813851","2025-08-25","2025-08-22","301:1 304:1 305:1 312:1 313:1 314:1 317:1 318:1","VE_Gordon-Vejle","1","1","0","TRUE","MON","TK","M","FR1 + WB1"
"2025-W35","TK35916308","TK35916308A","2806757","2025-08-25","2025-08-22","301:1 302:1 303:1 304:1","VE_Gordon-Vejle","0","1","0","TRUE","MON","TK","S","FR1"
"2025-W35","TK35915532","TK35915532A","2803175","2025-08-25","2025-08-22","302:2 309:2 314:2","VE_Gordon-Kobenhavn","0","1","0","TRUE","MON","TK","S","FR1"
"2025-W35","TK35916526","TK35916526A","2810496","2025-08-25","2025-08-22","301:2 302:2 303:1 304:1 305:1 306:1 307:1 308:1","VE_Gordon-Kobenhavn","0","1","0","TRUE","MON","TK","M","FR1"
"2025-W35","TK35915426","TK35915426A","2812076","2025-08-25","2025-08-22","302:2 304:2 309:2 314:2","VE_Gordon-Vejle","0","1","0","TRUE","MON","TK","M","FR1"
"2025-W35","TK35915424","TK35915424A","2807749","2025-08-25","2025-08-22","301:1 304:1 305:1 313:1","VE_Gordon-Vejle","0","1","0","TRUE","MON","TK","S","FR1"
"2025-W35","TK35915537","TK35915537A","2811902","2025-08-25","2025-08-22","301:1 304:1 305:1 313:1","VE_Gordon-Kobenhavn","0","1","0","TRUE","MON","TK","S","FR1"
"2025-W35","TK35914925","TK35914925A","2813686","2025-08-25","2025-08-22","301:1 303:1 304:1 311:1","VE_Gordon-Kobenhavn","1","1","0","TRUE","MON","TK","S","FR1 + WB1"
"2025-W35","TK35916077","TK35916077A","2769719","2025-08-25","2025-08-22","313:2 314:2 317:2","VE_Gordon-Kobenhavn","0","1","0","TRUE","MON","TK","S","FR1"
"2025-W35","TK35915209","TK35915209A","2762246","2025-08-24","2025-08-22","301:1 304:1 305:1 307:1 308:1 317:1","VE_Gordon-Kobenhavn","0","1","0","TRUE","SUN","TK","S","FR1"
"2025-W35","TK35915240","TK35915240A","2811173","2025-08-24","2025-08-22","301:1 304:2 306:1 308:1 310:2 311:2 314:1","VE_Gordon-Vejle","0","1","0","TRUE","SUN","TK","M","FR1"
"2025-W35","TK35913382","TK35913382A","2798620","2025-08-24","2025-08-22","302:1 305:1 312:1 317:1","VE_Gordon-Arhus","1","1","0","TRUE","SUN","TK","S","FR1 + WB1"
"2025-W35","TK35916122","TK35916122A","2808094","2025-08-25","2025-08-22","301:2 304:2 305:2 314:2","VE_Gordon-Arhus","0","1","0","TRUE","MON","TK","M","FR1"
"2025-W35","TK35914936","TK35914936A","2813720","2025-08-25","2025-08-22","302:2 312:2 314:2 318:2","VE_MBB-Frederiksberg","1","1","0","TRUE","MON","TK","M","FR1 + WB1"
"2025-W35","TK35915572","TK35915572A","2810298","2025-08-25","2025-08-22","301:2 304:2 305:2 312:2 313:2","VE_Gordon-Kobenhavn","0","1","0","TRUE","MON","TK","M","FR1"
"2025-W35","TK35915338","TK35915338A","2792709","2025-08-25","2025-08-22","301:1 303:1 312:1 314:1","VE_Gordon-Kobenhavn","0","1","0","TRUE","MON","TK","S","FR1"
"2025-W35","TK35915413","TK35915413A","2755056","2025-08-25","2025-08-22","301:1 302:1 303:1 304:1 305:1 306:1","VE_Gordon-Kobenhavn","0","1","0","TRUE","MON","TK","S","FR1"
"2025-W35","TK35915329","TK35915329A","2767346","2025-08-25","2025-08-22","302:1 305:1 311:1 317:1","VE_Gordon-Vejle","0","1","0","TRUE","MON","TK","S","FR1"
"2025-W35","TK35916009","TK35916009A","2800453","2025-08-25","2025-08-22","302:2 303:2 306:2 307:2","VE_Gordon-Kobenhavn","0","1","0","TRUE","MON","TK","M","FR1"
"2025-W35","TK35915762","TK35915762A","2807312","2025-08-25","2025-08-22","301:2 304:2 305:2 312:1 313:1","VE_Gordon-Arhus","0","1","0","TRUE","MON","TK","M","FR1"
"2025-W35","TK35916375","TK35916375A","2808000","2025-08-25","2025-08-22","301:2 302:2 303:1 304:1 305:1 306:1 307:1 313:1","VE_Gordon-Kobenhavn","0","1","0","TRUE","MON","TK","M","FR1"
"2025-W35","TK35915367","TK35915367A","2798863","2025-08-25","2025-08-22","301:1 304:1 305:1 313:1","VE_Gordon-Kobenhavn","0","1","0","TRUE","MON","TK","S","FR1"
"2025-W35","TK35916006","TK35916006A","2782558","2025-08-25","2025-08-22","305:8","VE_Gordon-Kobenhavn","0","1","0","TRUE","MON","TK","M","FR1"
"2025-W35","TK35916347","TK35916347A","2758402","2025-08-25","2025-08-22","301:1 302:1 303:1 304:1","VE_Gordon-Kobenhavn","0","1","0","TRUE","MON","TK","S","FR1"
"2025-W35","TK35916154","TK35916154A","2812603","2025-08-25","2025-08-22","303:1 304:1 312:1 313:1","VE_Gordon-Kobenhavn","0","1","0","TRUE","MON","TK","S","FR1"
"2025-W35","TK35914765","TK35914765A","2809641","2025-08-25","2025-08-22","301:1 302:1 303:1 304:1 307:1 317:1","VE_Gordon-Arhus","1","1","0","TRUE","MON","TK","S","FR1 + WB1"
"2025-W35","TK35915901","TK35915901A","2793546","2025-08-25","2025-08-22","301:1 302:1 303:1 304:1","VE_Gordon-Kobenhavn","0","1","0","TRUE","MON","TK","S","FR1"
"2025-W35","TK35916447","TK35916447A","2811498","2025-08-25","2025-08-22","304:1 311:1 312:1 316:1","VE_Gordon-Arhus","0","1","0","TRUE","MON","TK","S","FR1"
"2025-W35","TK35916124","TK35916124A","2785310","2025-08-25","2025-08-22","304:2 315:2 318:2","VE_Gordon-Kobenhavn","0","1","0","TRUE","MON","TK","S","FR1"
"2025-W35","TK35915736","TK35915736A","2806816","2025-08-25","2025-08-22","301:2 305:2 314:2 317:2","VE_Gordon-Kobenhavn","0","1","0","TRUE","MON","TK","M","FR1"
"2025-W35","TK35915027","TK35915027A","2813976","2025-08-25","2025-08-22","301:2 302:2 305:1 314:1","VE_Gordon-Kobenhavn","1","1","0","TRUE","MON","TK","S","FR1 + WB1"
"2025-W35","TK35916438","TK35916438A","2807539","2025-08-25","2025-08-22","301:1 303:1 304:1 307:1 308:1 316:1","VE_Gordon-Vejle","0","1","0","TRUE","MON","TK","S","FR1"
"2025-W35","TK35915429","TK35915429A","2785956","2025-08-25","2025-08-22","301:2 312:2 313:2 315:2","VE_Gordon-Kobenhavn","0","1","0","TRUE","MON","TK","M","FR1"
"2025-W35","TK35916173","TK35916173A","2810085","2025-08-25","2025-08-22","301:3 304:3 305:3 312:2 313:3","VE_Gordon-Vejle","0","1","0","TRUE","MON","TK","L","FR1"
"2025-W35","TK35916534","TK35916534A","2805994","2025-08-25","2025-08-22","301:1 302:1 305:2","VE_MBB-Frederiksberg","0","1","0","TRUE","MON","TK","S","FR1"
"2025-W35","TK35914866","TK35914866A","2813533","2025-08-25","2025-08-22","304:1 307:1 311:1 318:1","VE_Gordon-Kobenhavn","1","1","0","TRUE","MON","TK","S","FR1 + WB1"
"2025-W35","TK35916251","TK35916251A","2798957","2025-08-25","2025-08-22","301:2 304:2 314:2","VE_MBB-Frederiksberg","0","1","0","TRUE","MON","TK","S","FR1"
"2025-W35","TK35914861","TK35914861A","2813519","2025-08-25","2025-08-22","301:1 302:1 304:1 309:1","VE_Gordon-Arhus","1","1","0","TRUE","MON","TK","S","FR1 + WB1"
"2025-W35","TK35913104","TK35913104A","2812422","2025-08-25","2025-08-22","301:1 303:1 304:1 308:1 309:1 314:1","VE_Gordon-Kobenhavn","1","1","0","TRUE","MON","TK","S","FR1 + WB1"
"2025-W35","TK35915149","TK35915149A","2808367","2025-08-24","2025-08-22","308:2 312:2 315:2 317:2","VE_Gordon-Arhus","0","1","0","TRUE","SUN","TK","M","FR1"
"2025-W35","TK35913185","TK35913185A","2812655","2025-08-24","2025-08-22","301:1 303:1 307:2 315:1 318:1","VE_MBB-Frederiksberg","1","1","0","TRUE","SUN","TK","S","FR1 + WB1"
"2025-W35","TK35915144","TK35915144A","2812501","2025-08-24","2025-08-22","301:1 302:1 308:1 309:1 310:1 318:1","VE_MBB-Frederiksberg","1","1","0","TRUE","SUN","TK","S","FR1"
"2025-W35","TK35915165","TK35915165A","2810914","2025-08-24","2025-08-22","301:2 302:2 305:1 314:1","VE_Gordon-Arhus","0","1","0","TRUE","SUN","TK","S","FR1"
"2025-W35","TK35915001","TK35915001A","2813924","2025-08-24","2025-08-22","308:3 309:3 312:4","VE_Gordon-Kobenhavn","1","1","0","TRUE","SUN","TK","M","FR1 + WB1"
"2025-W35","TK35914978","TK35914978A","2813857","2025-08-25","2025-08-22","301:1 302:1 303:1 304:1 305:1 306:1","VE_Gordon-Arhus","1","1","0","TRUE","MON","TK","S","FR1 + WB1"
"2025-W35","TK35916316","TK35916316A","2800310","2025-08-25","2025-08-22","304:2 308:1 311:1 312:1 314:2 317:1","VE_MBB-Frederiksberg","0","1","0","TRUE","MON","TK","M","FR1"
"2025-W35","TK35916037","TK35916037A","2793837","2025-08-25","2025-08-22","301:3 302:3 304:3 312:2 313:2 317:1","VE_Gordon-Arhus","0","1","0","TRUE","MON","TK","L","FR1"
"2025-W35","TK35915388","TK35915388A","2758590","2025-08-25","2025-08-22","301:1 302:1 303:1 304:1","VE_Gordon-Vejle","0","1","0","TRUE","MON","TK","S","FR1"
"2025-W35","TK35915415","TK35915415A","2772060","2025-08-25","2025-08-22","301:1 302:1 303:1 304:1 305:1 306:1","VE_Gordon-Kobenhavn","0","1","0","TRUE","MON","TK","S","FR1"
"2025-W35","TK35915492","TK35915492A","2777825","2025-08-25","2025-08-22","302:2 303:2 308:2 309:2 318:2","VE_Gordon-Kobenhavn","0","1","0","TRUE","MON","TK","M","FR1"
"2025-W35","TK35915754","TK35915754A","2802147","2025-08-25","2025-08-22","301:1 302:1 303:1 304:1 305:1 306:1","VE_MBB-Frederiksberg","0","1","0","TRUE","MON","TK","S","FR1"
"2025-W35","TK35914677","TK35914677A","2800246","2025-08-25","2025-08-22","301:1 304:1 305:1 307:1 313:1 314:1 315:1 317:1","VE_Gordon-Vejle","1","1","0","TRUE","MON","TK","M","FR1 + WB1"
"2025-W35","TK35914867","TK35914867A","2813534","2025-08-25","2025-08-22","301:1 302:1 303:1 305:1 312:1 317:1","VE_Gordon-Arhus","1","1","0","TRUE","MON","TK","S","FR1 + WB1"
"2025-W35","TK35916352","TK35916352A","2812132","2025-08-25","2025-08-22","301:3 304:3 305:3 312:2 313:3","VE_Gordon-Kobenhavn","0","1","0","TRUE","MON","TK","L","FR1"
"2025-W35","TK35915690","TK35915690A","2790166","2025-08-25","2025-08-22","301:1 302:1 303:1 304:1","VE_Gordon-Vejle","0","1","0","TRUE","MON","TK","S","FR1"
"2025-W35","TK35915369","TK35915369A","2766801","2025-08-25","2025-08-22","303:2 304:2 306:2 307:1 308:1","VE_Gordon-Arhus","0","1","0","TRUE","MON","TK","M","FR1"
"2025-W35","TK35915503","TK35915503A","2795777","2025-08-25","2025-08-22","301:1 302:1 303:1 304:1 305:1 306:1","VE_Gordon-Kobenhavn","0","1","0","TRUE","MON","TK","S","FR1"
"2025-W35","TK35916372","TK35916372A","2810407","2025-08-25","2025-08-22","301:1 302:1 305:1 314:1","VE_Gordon-Arhus","1","1","0","TRUE","MON","TK","S","FR1"
"2025-W35","TK35914966","TK35914966A","2813813","2025-08-25","2025-08-22","301:2 304:2 305:2 312:2 313:2","VE_Gordon-Kobenhavn","1","1","0","TRUE","MON","TK","M","FR1 + WB1"
"2025-W35","TK35914931","TK35914931A","2813296","2025-08-25","2025-08-22","301:1 304:1 312:1 315:1","VE_Gordon-Vejle","1","1","0","TRUE","MON","TK","S","FR1 + WB1"
"2025-W35","TK35915732","TK35915732A","2797305","2025-08-25","2025-08-22","301:1 302:1 303:1 304:1","VE_Gordon-Vejle","0","1","0","TRUE","MON","TK","S","FR1"
"2025-W35","TK35915900","TK35915900A","2809461","2025-08-25","2025-08-22","301:1 302:1 303:1 304:1","VE_Gordon-Arhus","0","1","0","TRUE","MON","TK","S","FR1"
"2025-W35","TK35915688","TK35915688A","2793599","2025-08-25","2025-08-22","301:1 304:1 305:1 313:1","VE_Gordon-Kobenhavn","0","1","0","TRUE","MON","TK","S","FR1"
"2025-W35","TK35916121","TK35916121A","2805051","2025-08-25","2025-08-22","311:1 313:1 314:1 315:1","VE_Gordon-Arhus","0","1","0","TRUE","MON","TK","S","FR1"
"2025-W35","TK35916306","TK35916306A","2808339","2025-08-25","2025-08-22","301:1 302:1 305:1 314:1","VE_Gordon-Arhus","0","1","0","TRUE","MON","TK","S","FR1"
"2025-W35","TK35914704","TK35914704A","2813066","2025-08-25","2025-08-22","301:2 303:2 312:2 315:2","VE_Gordon-Arhus","1","1","0","TRUE","MON","TK","M","FR1 + WB1"
"2025-W35","TK35915239","TK35915239A","2811099","2025-08-24","2025-08-22","303:1 306:1 307:1 309:1 314:1 317:1","VE_Gordon-Kobenhavn","1","1","0","TRUE","SUN","TK","S","FR1"
"2025-W35","TK35915159","TK35915159A","2801344","2025-08-24","2025-08-22","301:1 302:1 305:1 307:1 317:1 318:1","VE_Gordon-Vejle","0","1","0","TRUE","SUN","TK","S","FR1"
"2025-W35","TK35915213","TK35915213A","2811229","2025-08-24","2025-08-22","307:1 308:1 315:1 316:2 317:1","VE_MBB-Frederiksberg","0","1","0","TRUE","SUN","TK","S","FR1"
"2025-W35","TK35916230","TK35916230A","2774167","2025-08-25","2025-08-22","301:1 302:1 303:1 304:1 305:1 306:1","VE_Gordon-Arhus","0","1","0","TRUE","MON","TK","S","FR1"
"2025-W35","TK35915598","TK35915598A","2811968","2025-08-25","2025-08-22","301:1 302:1 303:1 304:1 305:1 306:1 307:1 308:1","VE_Gordon-Kobenhavn","0","1","0","TRUE","MON","TK","M","FR1"
"2025-W35","TK35915930","TK35915930A","2801821","2025-08-25","2025-08-22","301:1 302:1 304:1 305:1 306:1 316:1","VE_Gordon-Kobenhavn","0","1","0","TRUE","MON","TK","S","FR1"
"2025-W35","TK35916247","TK35916247A","2774502","2025-08-25","2025-08-22","303:2 304:1 306:1 307:1 311:1 312:2 313:1 315:2 316:1","VE_Gordon-Arhus","0","1","0","TRUE","MON","TK","M","FR1"
"2025-W35","TK35915855","TK35915855A","2798796","2025-08-25","2025-08-22","301:1 302:1 303:1 304:1","VE_Gordon-Kobenhavn","0","1","0","TRUE","MON","TK","S","FR1"
"2025-W35","TK35914979","TK35914979A","2813859","2025-08-25","2025-08-22","301:1 302:1 303:1 304:1 305:1 306:1 307:1 308:1","VE_Gordon-Kobenhavn","1","1","0","TRUE","MON","TK","M","FR1 + WB1"
"2025-W35","TK35916572","TK35916572A","2762164","2025-08-25","2025-08-22","301:5 302:5 304:3 312:1","VE_Gordon-Kobenhavn","0","1","0","TRUE","MON","TK","L","FR1"
"2025-W35","TK35915667","TK35915667A","2792693","2025-08-25","2025-08-22","302:1 303:3 305:1 307:1","VE_Gordon-Kobenhavn","0","1","0","TRUE","MON","TK","S","FR1"
"2025-W35","TK35915343","TK35915343A","2812617","2025-08-25","2025-08-22","301:1 303:1 305:1 315:1 316:1 317:1","VE_Gordon-Kobenhavn","0","1","0","TRUE","MON","TK","S","FR1"
"2025-W35","TK35916329","TK35916329A","2809343","2025-08-25","2025-08-22","306:1 307:1 311:1 315:1","VE_Gordon-Kobenhavn","0","1","0","TRUE","MON","TK","S","FR1"
"2025-W35","TK35916281","TK35916281A","2782672","2025-08-25","2025-08-22","303:1 304:1 306:1 307:1","VE_Gordon-Kobenhavn","0","1","0","TRUE","MON","TK","S","FR1"
"2025-W35","TK35916248","TK35916248A","2800348","2025-08-25","2025-08-22","302:1 310:3 314:2","VE_Gordon-Arhus","0","1","0","TRUE","MON","TK","S","FR1"
"2025-W35","TK35915922","TK35915922A","2775680","2025-08-25","2025-08-22","303:2 304:2","VE_Gordon-Vejle","0","1","0","TRUE","MON","TK","S","FR1"
"2025-W35","TK35915687","TK35915687A","2812162","2025-08-25","2025-08-22","302:2 308:2 316:2","VE_Gordon-Kobenhavn","0","1","0","TRUE","MON","TK","S","FR1"
"2025-W35","TK35915694","TK35915694A","2809724","2025-08-25","2025-08-22","303:1 304:1 313:1 314:1","VE_Gordon-Kobenhavn","0","1","0","TRUE","MON","TK","S","FR1"
"2025-W35","TK35916490","TK35916490A","2796669","2025-08-25","2025-08-22","302:1 308:1 313:2 317:1 318:1","VE_Gordon-Kobenhavn","0","1","0","TRUE","MON","TK","S","FR1"
"2025-W35","TK35915061","TK35915061A","2814101","2025-08-25","2025-08-22","301:2 302:2 305:2 314:2","VE_Gordon-Vejle","1","1","0","TRUE","MON","TK","M","FR1 + WB1"
"2025-W35","TK35915340","TK35915340A","2782501","2025-08-25","2025-08-22","301:2 304:1 305:1 312:1 313:1","VE_Gordon-Kobenhavn","0","1","0","TRUE","MON","TK","S","FR1"
"2025-W35","TK35915286","TK35915286A","2814379","2025-08-25","2025-08-22","301:2 302:2 305:2 314:2","VE_Gordon-Arhus","1","1","0","TRUE","MON","TK","M","FR1 + WB1"
"2025-W35","TK35914692","TK35914692A","2770346","2025-08-25","2025-08-22","304:1 307:1 308:1 312:1","VE_Gordon-Kobenhavn","1","1","0","TRUE","MON","TK","S","FR1 + WB1"
"2025-W35","TK35914929","TK35914929A","2809648","2025-08-25","2025-08-22","308:3 309:3 310:2 312:2 805:2 809:1 810:1","VE_Gordon-Kobenhavn","1","1","0","TRUE","MON","TK","L","FR1 + WB1"
"2025-W35","TK35914731","TK35914731A","2812730","2025-08-25","2025-08-22","301:2 305:2 311:2 314:2 317:2","VE_Gordon-Vejle","1","1","0","TRUE","MON","TK","M","FR1 + WB1"
"2025-W35","TK35915888","TK35915888A","2769423","2025-08-25","2025-08-22","301:2 302:2 305:1 314:1","VE_Gordon-Arhus","0","1","0","TRUE","MON","TK","S","FR1"
"2025-W35","TK35915845","TK35915845A","2804258","2025-08-25","2025-08-22","301:2 302:2 303:2 304:2 305:2 306:2 307:1 308:1","VE_Gordon-Arhus","0","1","0","TRUE","MON","TK","L","FR1"
"2025-W35","TK35915262","TK35915262A","2814249","2025-08-25","2025-08-22","301:1 302:1 303:1 304:1","VE_Gordon-Kobenhavn","1","1","0","TRUE","MON","TK","S","FR1 + WB1"
"2025-W35","TK35916101","TK35916101A","2804514","2025-08-25","2025-08-22","301:1 302:1 305:1 314:1","VE_MBB-Frederiksberg","0","1","0","TRUE","MON","TK","S","FR1"
"2025-W35","TK35916506","TK35916506A","2751874","2025-08-25","2025-08-22","302:1 309:1 312:1 316:1","VE_Gordon-Arhus","0","1","0","TRUE","MON","TK","S","FR1"
"2025-W35","TK35916036","TK35916036A","2811906","2025-08-25","2025-08-22","301:2 302:1 305:1 312:1 315:2 317:2 318:1","VE_Gordon-Vejle","1","1","0","TRUE","MON","TK","M","FR1"
"2025-W35","TK35916465","TK35916465A","2810688","2025-08-25","2025-08-22","301:1 302:1 303:1 304:1","VE_Gordon-Vejle","0","1","0","TRUE","MON","TK","S","FR1"
"2025-W35","TK35916596","TK35916596A","2771898","2025-08-25","2025-08-22","301:1 302:1 303:1 304:1 305:1 306:1 307:1 308:1","VE_Gordon-Kobenhavn","0","1","0","TRUE","MON","TK","M","FR1"
"2025-W35","TK35914729","TK35914729A","2813131","2025-08-25","2025-08-22","301:1 302:1 305:1 314:1","VE_Gordon-Kobenhavn","1","1","0","TRUE","MON","TK","S","FR1 + WB1"
"2025-W35","TK35915764","TK35915764A","2781313","2025-08-25","2025-08-22","303:1 314:1 317:1 318:1","VE_Gordon-Kobenhavn","0","1","0","TRUE","MON","TK","S","FR1"
"2025-W35","TK35915406","TK35915406A","2809061","2025-08-25","2025-08-22","301:1 302:1 303:1 304:1 305:1 306:1 307:1 308:1","VE_Gordon-Vejle","0","1","0","TRUE","MON","TK","M","FR1"
"2025-W35","TK35915566","TK35915566A","2764185","2025-08-25","2025-08-22","301:2 304:2 305:2 312:1 313:1","VE_Gordon-Kobenhavn","0","1","0","TRUE","MON","TK","M","FR1"
"2025-W35","TK35916181","TK35916181A","2811377","2025-08-25","2025-08-22","301:1 302:1 305:1 314:1","VE_Gordon-Kobenhavn","0","1","0","TRUE","MON","TK","S","FR1"
"2025-W35","TK35916242","TK35916242A","2803172","2025-08-25","2025-08-22","304:1 307:1 308:1 312:1 315:1 316:1","VE_Gordon-Arhus","0","1","0","TRUE","MON","TK","S","FR1"
"2025-W35","TK35915347","TK35915347A","2802476","2025-08-25","2025-08-22","304:1 305:1 310:1 312:1","VE_Gordon-Kobenhavn","0","1","0","TRUE","MON","TK","S","FR1"
"2025-W35","TK35915995","TK35915995A","2808792","2025-08-25","2025-08-22","301:2 304:2 305:2 312:1 313:1","VE_MBB-Frederiksberg","0","1","0","TRUE","MON","TK","M","FR1"
"2025-W35","TK35916285","TK35916285A","2803734","2025-08-25","2025-08-22","305:1 310:1 312:2","VE_Gordon-Kobenhavn","0","1","0","TRUE","MON","TK","S","FR1"
"2025-W35","TK35915082","TK35915082A","2814169","2025-08-25","2025-08-22","301:1 304:1 308:1 318:1","VE_Gordon-Arhus","1","1","0","TRUE","MON","TK","S","FR1 + WB1"
"2025-W35","TK35914895","TK35914895A","2813626","2025-08-25","2025-08-22","301:1 303:1 304:1 308:1","VE_Gordon-Kobenhavn","1","1","0","TRUE","MON","TK","S","FR1 + WB1"
"2025-W35","TK35914700","TK35914700A","2813042","2025-08-25","2025-08-22","304:1 305:1 306:1 307:1 308:1 312:1","VE_Gordon-Kobenhavn","1","1","0","TRUE","MON","TK","S","FR1 + WB1"
"2025-W35","TK35914937","TK35914937A","2813724","2025-08-25","2025-08-22","303:1 304:2 305:2 308:1 312:1 313:2 315:2 317:1","VE_Gordon-Kobenhavn","1","1","0","TRUE","MON","TK","M","FR1 + WB1"
"2025-W35","TK35915889","TK35915889A","2796378","2025-08-25","2025-08-22","301:2 302:2 303:2 306:2 317:2","VE_Gordon-Vejle","0","1","0","TRUE","MON","TK","M","FR1"
"2025-W35","TK35916144","TK35916144A","2811092","2025-08-25","2025-08-22","301:1 302:1 303:1 304:1 305:1 306:1","VE_Gordon-Kobenhavn","0","1","0","TRUE","MON","TK","S","FR1"
"2025-W35","TK35914841","TK35914841A","2812112","2025-08-25","2025-08-22","301:1 302:1 303:1 305:1 306:1 307:1 308:1 311:1 312:1 313:1","VE_Gordon-Kobenhavn","1","1","0","TRUE","MON","TK","M","FR1 + WB1"
"2025-W35","TK35914898","TK35914898A","2813636","2025-08-25","2025-08-22","301:2 302:2 303:2 304:2 305:1 306:1 307:1 308:1","VE_Gordon-Kobenhavn","1","1","0","TRUE","MON","TK","M","FR1 + WB1"
"2025-W35","TK35916325","TK35916325A","2784912","2025-08-25","2025-08-22","301:1 305:1 307:1 308:1","VE_MBB-Frederiksberg","0","1","0","TRUE","MON","TK","S","FR1"
"2025-W35","TK35915265","TK35915265A","2814316","2025-08-25","2025-08-22","301:1 312:1 313:1 318:1 809:4","VE_Gordon-Vejle","1","1","0","TRUE","MON","TK","M","FR1 + WB1"
"2025-W35","TK35915476","TK35915476A","2807666","2025-08-25","2025-08-22","301:2 302:2 303:1 304:1 305:1 306:1 307:1 308:1","VE_Gordon-Arhus","0","1","0","TRUE","MON","TK","M","FR1"
"2025-W35","TK35915496","TK35915496A","2790140","2025-08-25","2025-08-22","301:1 303:1 304:1 318:1","VE_Gordon-Vejle","0","1","0","TRUE","MON","TK","S","FR1"
"2025-W35","TK35916240","TK35916240A","2809921","2025-08-25","2025-08-22","301:2 304:2 312:2 313:2 316:2 318:2","VE_Gordon-Kobenhavn","0","1","0","TRUE","MON","TK","M","FR1"
"2025-W35","TK35916105","TK35916105A","2811392","2025-08-25","2025-08-22","303:1 309:1 314:1 315:1","VE_Gordon-Kobenhavn","0","1","0","TRUE","MON","TK","S","FR1"
"2025-W35","TK35916578","TK35916578A","2782102","2025-08-25","2025-08-22","303:1 305:1 306:1 308:3 310:1 311:1","VE_Gordon-Arhus","0","1","0","TRUE","MON","TK","M","FR1"
"2025-W35","TK35916407","TK35916407A","2811262","2025-08-25","2025-08-22","302:1 307:1 308:1 311:1","VE_Gordon-Vejle","0","1","0","TRUE","MON","TK","S","FR1"
"2025-W35","TK35915089","TK35915089A","2753656","2025-08-25","2025-08-22","301:1 302:1 303:1 304:1","VE_Gordon-Kobenhavn","1","1","0","TRUE","MON","TK","S","FR1 + WB1"
"2025-W35","TK35915312","TK35915312A","2814455","2025-08-25","2025-08-22","303:1 308:1 312:1 313:1","VE_MBB-Frederiksberg","1","1","0","TRUE","MON","TK","S","FR1 + WB1"
"2025-W35","TK35915984","TK35915984A","2811122","2025-08-25","2025-08-22","301:1 304:3 305:1 311:1 313:2 315:1 317:1","VE_Gordon-Vejle","0","1","0","TRUE","MON","TK","M","FR1"
"2025-W35","TK35914713","TK35914713A","2813080","2025-08-25","2025-08-22","301:2 302:2 303:2 304:2 305:2 306:2 307:1 308:1","VE_MBB-Frederiksberg","1","1","0","TRUE","MON","TK","L","FR1 + WB1"
"2025-W35","TK35914690","TK35914690A","2813029","2025-08-25","2025-08-22","301:1 302:1 303:1 304:1","VE_Gordon-Kobenhavn","1","1","0","TRUE","MON","TK","S","FR1 + WB1"
"2025-W35","TK35915434","TK35915434A","2787736","2025-08-25","2025-08-22","301:1 302:1 303:1 304:1 305:1 306:1","VE_Gordon-Vejle","0","1","0","TRUE","MON","TK","S","FR1"
"2025-W35","TK35915501","TK35915501A","2771699","2025-08-25","2025-08-22","303:2 304:2 308:2 312:4","VE_Gordon-Kobenhavn","0","1","0","TRUE","MON","TK","M","FR1"
"2025-W35","TK35915756","TK35915756A","2781777","2025-08-25","2025-08-22","301:1 303:1 304:2 313:1 315:2","VE_Gordon-Vejle","0","1","0","TRUE","MON","TK","M","FR1"
"2025-W35","TK35915946","TK35915946A","2803653","2025-08-25","2025-08-22","303:2 305:2 315:2","VE_Gordon-Vejle","0","1","0","TRUE","MON","TK","S","FR1"
"2025-W35","TK35916371","TK35916371A","2765072","2025-08-25","2025-08-22","301:1 302:1 303:1 304:1 311:1 314:1","VE_Gordon-Kobenhavn","0","1","0","TRUE","MON","TK","S","FR1"
"2025-W35","TK35916420","TK35916420A","2759850","2025-08-25","2025-08-22","301:1 302:2 317:1","VE_Gordon-Vejle","0","1","0","TRUE","MON","TK","S","FR1"
"2025-W35","TK35915204","TK35915204A","2777912","2025-08-24","2025-08-22","301:2 302:2 303:1 307:1 309:1 313:1 314:1","VE_Gordon-Kobenhavn","1","1","0","TRUE","SUN","TK","M","FR1"
"2025-W35","TK35911455","TK35911455A","2811610","2025-08-24","2025-08-22","304:1 305:1 312:1 313:1","VE_Gordon-Vejle","1","1","0","TRUE","SUN","TK","S","FR1 + WB1"
"2025-W35","TK35914990","TK35914990A","2757723","2025-08-25","2025-08-22","301:2 304:2 307:2 308:2 311:2 314:2 315:1 316:1","VE_Gordon-Kobenhavn","1","1","0","TRUE","MON","TK","L","FR1 + WB1"
"2025-W35","TK35916024","TK35916024A","2787652","2025-08-25","2025-08-22","301:1 302:1 303:1 304:1 305:1 306:1","VE_Gordon-Kobenhavn","0","1","0","TRUE","MON","TK","S","FR1"
"2025-W35","TK35914957","TK35914957A","2813621","2025-08-25","2025-08-22","306:2 307:1 311:1 312:1 317:1","VE_Gordon-Kobenhavn","1","1","0","TRUE","MON","TK","S","FR1 + WB1"
"2025-W35","TK35915616","TK35915616A","2801449","2025-08-26","2025-08-22","301:1 302:1 303:1 307:1 308:1 318:1","VE_Gordon-Bornholm","0","1","0","TRUE","TUE","TK","S","FR1"
"2025-W35","TK35916533","TK35916533A","2779436","2025-08-25","2025-08-22","303:1 304:1 306:1 307:1","VE_Gordon-Kobenhavn","0","1","0","TRUE","MON","TK","S","FR1"
"2025-W35","TK35914783","TK35914783A","2813306","2025-08-25","2025-08-22","301:2 302:2 305:1 314:1","VE_Gordon-Vejle","1","1","0","TRUE","MON","TK","S","FR1 + WB1"
"2025-W35","TK35915292","TK35915292A","2814393","2025-08-25","2025-08-22","301:2 302:2 303:2 304:2 305:2 306:2 307:1 308:1","VE_Gordon-Kobenhavn","1","1","0","TRUE","MON","TK","L","FR1 + WB1"
"2025-W35","TK35916440","TK35916440A","2775469","2025-08-25","2025-08-22","301:1 304:1 305:1 313:1","VE_MBB-Frederiksberg","0","1","0","TRUE","MON","TK","S","FR1"
"2025-W35","TK35914988","TK35914988A","2813886","2025-08-25","2025-08-22","301:1 302:1 303:1 312:1","VE_Gordon-Kobenhavn","1","1","0","TRUE","MON","TK","S","FR1 + WB1"
"2025-W35","TK35916079","TK35916079A","2811780","2025-08-25","2025-08-22","304:1 305:1 311:1 312:1 313:1 314:1","VE_Gordon-Kobenhavn","0","1","0","TRUE","MON","TK","S","FR1"
"2025-W35","TK35915967","TK35915967A","2810385","2025-08-25","2025-08-22","301:1 302:1 305:1 314:1","VE_Gordon-Kobenhavn","0","1","0","TRUE","MON","TK","S","FR1"
"2025-W35","TK35915580","TK35915580A","2800101","2025-08-25","2025-08-22","302:2 304:1 305:1 312:1 313:1","VE_Gordon-Kobenhavn","0","1","0","TRUE","MON","TK","S","FR1"
"2025-W35","TK35914986","TK35914986A","2813888","2025-08-25","2025-08-22","302:1 307:1 312:1 316:1","VE_Gordon-Arhus","1","1","0","TRUE","MON","TK","S","FR1 + WB1"
"2025-W35","TK35914991","TK35914991A","2813897","2025-08-25","2025-08-22","301:1 302:1 303:1 304:1 305:1 306:1","VE_Gordon-Kobenhavn","1","1","0","TRUE","MON","TK","S","FR1 + WB1"
"2025-W35","TK35916219","TK35916219A","2795530","2025-08-25","2025-08-22","301:1 303:1 317:1 318:1","VE_Gordon-Arhus","0","1","0","TRUE","MON","TK","S","FR1"
"2025-W35","TK35915410","TK35915410A","2802085","2025-08-25","2025-08-22","301:1 302:1 303:1 306:1 307:1 309:1","VE_Gordon-Kobenhavn","0","1","0","TRUE","MON","TK","S","FR1"
"2025-W35","TK35915613","TK35915613A","2811116","2025-08-25","2025-08-22","301:1 302:1 303:1 304:1","VE_Gordon-Kobenhavn","0","1","0","TRUE","MON","TK","S","FR1"
"2025-W35","TK35915391","TK35915391A","2757370","2025-08-25","2025-08-22","301:1 302:1 304:1 314:1","VE_Gordon-Kobenhavn","0","1","0","TRUE","MON","TK","S","FR1"
"2025-W35","TK35914958","TK35914958A","2777134","2025-08-25","2025-08-22","301:1 302:1 304:1 305:1 308:1 312:1 313:1 315:1","VE_Gordon-Vejle","1","1","0","TRUE","MON","TK","M","FR1 + WB1"
"2025-W35","TK35916241","TK35916241A","2796395","2025-08-25","2025-08-22","304:1 308:1 311:1 315:1 317:1 318:1","VE_Gordon-Vejle","0","1","0","TRUE","MON","TK","S","FR1"
"2025-W35","TK35915786","TK35915786A","2811163","2025-08-25","2025-08-22","303:2 306:2 311:2 315:2 316:2","VE_Gordon-Kobenhavn","0","1","0","TRUE","MON","TK","M","FR1"
"2025-W35","TK35915459","TK35915459A","2812653","2025-08-25","2025-08-22","301:2 302:2 305:1 314:1","VE_Gordon-Kobenhavn","0","1","0","TRUE","MON","TK","S","FR1"
"2025-W35","TK35916014","TK35916014A","2753058","2025-08-25","2025-08-22","304:1 305:2 314:1","VE_Gordon-Vejle","0","1","0","TRUE","MON","TK","S","FR1"
"2025-W35","TK35915583","TK35915583A","2799541","2025-08-25","2025-08-22","301:2 304:1 305:1 312:1 313:1","VE_Gordon-Kobenhavn","0","1","0","TRUE","MON","TK","S","FR1"
"2025-W35","TK35915121","TK35915121A","2810024","2025-08-24","2025-08-22","303:1 306:1 308:1 316:1","VE_Gordon-Kobenhavn","0","1","0","TRUE","SUN","TK","S","FR1"
"2025-W35","TK35915181","TK35915181A","2752073","2025-08-24","2025-08-22","301:1 302:1 303:1 304:1 305:1 306:1 308:1 317:1","VE_Gordon-Kobenhavn","0","1","0","TRUE","SUN","TK","M","FR1"
"2025-W35","TK35915186","TK35915186A","2806401","2025-08-24","2025-08-22","301:1 303:1 305:1 306:1","VE_Gordon-Kobenhavn","0","1","0","TRUE","SUN","TK","S","FR1"
"2025-W35","TK35914789","TK35914789A","2813314","2025-08-24","2025-08-22","301:1 302:1 303:1 304:1 306:1 307:1 308:2","VE_Gordon-Kobenhavn","1","1","0","TRUE","SUN","TK","M","FR1 + WB1"
"2025-W35","TK35915870","TK35915870A","2811212","2025-08-25","2025-08-22","305:2 317:2 318:2","VE_Gordon-Kobenhavn","0","1","0","TRUE","MON","TK","S","FR1"
"2025-W35","TK35914696","TK35914696A","2807178","2025-08-25","2025-08-22","303:1 304:2 306:1 307:1 308:1 311:2 312:2 313:2 315:2","VE_MBB-Frederiksberg","1","1","0","TRUE","MON","TK","L","FR1 + WB1"
"2025-W35","TK35916145","TK35916145A","2805596","2025-08-25","2025-08-22","301:1 303:1 304:1 305:1 308:1 312:1 313:1 315:1","VE_Gordon-Vejle","0","1","0","TRUE","MON","TK","M","FR1"
"2025-W35","TK35914688","TK35914688A","2813026","2025-08-25","2025-08-22","301:2 302:2 312:2 318:2","VE_Gordon-Vejle","1","1","0","TRUE","MON","TK","M","FR1 + WB1"
"2025-W35","TK35914753","TK35914753A","2813204","2025-08-25","2025-08-22","301:1 302:1 303:1 304:1","VE_Gordon-Kobenhavn","1","1","0","TRUE","MON","TK","S","FR1 + WB1"
"2025-W35","TK35916157","TK35916157A","2775305","2025-08-25","2025-08-22","301:1 302:1 305:1 314:1","VE_Gordon-Kobenhavn","0","1","0","TRUE","MON","TK","S","FR1"
"2025-W35","TK35915516","TK35915516A","2758845","2025-08-25","2025-08-22","301:1 302:1 311:1 318:1","VE_Gordon-Arhus","0","1","0","TRUE","MON","TK","S","FR1"
"2025-W35","TK35916023","TK35916023A","2799781","2025-08-25","2025-08-22","301:1 304:1 305:1 313:1","VE_Gordon-Kobenhavn","0","1","0","TRUE","MON","TK","S","FR1"
"2025-W35","TK35915837","TK35915837A","2797571","2025-08-25","2025-08-22","303:2 304:1 306:2 307:1 308:1 312:1","VE_Gordon-Kobenhavn","0","1","0","TRUE","MON","TK","M","FR1"
"2025-W35","TK35916511","TK35916511A","2779596","2025-08-25","2025-08-22","301:1 302:1 303:1 307:1","VE_Gordon-Kobenhavn","0","1","0","TRUE","MON","TK","S","FR1"
"2025-W35","TK35915530","TK35915530A","2809737","2025-08-25","2025-08-22","301:2 302:2 305:1 314:1","VE_Gordon-Vejle","0","1","0","TRUE","MON","TK","S","FR1"
"2025-W35","TK35915528","TK35915528A","2803244","2025-08-25","2025-08-22","304:1 309:1 311:1 312:1 314:2","VE_Gordon-Vejle","0","1","0","TRUE","MON","TK","S","FR1"
"2025-W35","TK35916492","TK35916492A","2773815","2025-08-25","2025-08-22","301:1 302:1 303:1 304:1 305:1 306:1 307:1 308:1","VE_Gordon-Kobenhavn","0","1","0","TRUE","MON","TK","M","FR1"
"2025-W35","TK35916011","TK35916011A","2774095","2025-08-25","2025-08-22","302:1 303:1 306:1 308:2 313:1","VE_Gordon-Kobenhavn","0","1","0","TRUE","MON","TK","S","FR1"
"2025-W35","TK35915810","TK35915810A","2792947","2025-08-25","2025-08-22","301:2 302:2 305:1 314:1","VE_Gordon-Kobenhavn","0","1","0","TRUE","MON","TK","S","FR1"
"2025-W35","TK35915512","TK35915512A","2762725","2025-08-25","2025-08-22","301:1 304:1 305:1 313:1","VE_MBB-Frederiksberg","0","1","0","TRUE","MON","TK","S","FR1"
"2025-W35","TK35915031","TK35915031A","2813998","2025-08-25","2025-08-22","301:1 314:1 315:1 318:1","VE_Gordon-Vejle","1","1","0","TRUE","MON","TK","S","FR1 + WB1"
"2025-W35","TK35914912","TK35914912A","2805289","2025-08-25","2025-08-22","303:2 304:1 306:1 307:1 308:1 805:4 809:4 810:4","VE_Gordon-Vejle","1","1","0","TRUE","MON","TK","L","FR1 + WB1"
"2025-W35","TK35915597","TK35915597A","2812691","2025-08-25","2025-08-22","301:2 303:1 304:2 305:2 313:2 316:1","VE_Gordon-Vejle","0","1","0","TRUE","MON","TK","M","FR1"
"2025-W35","TK35916586","TK35916586A","2805493","2025-08-25","2025-08-22","304:3 305:3 312:3 313:3 315:2","VE_Gordon-Kobenhavn","0","1","0","TRUE","MON","TK","L","FR1"
"2025-W35","TK35914905","TK35914905A","2812751","2025-08-25","2025-08-22","301:2 304:2 305:2 312:2 313:2","VE_Gordon-Kobenhavn","1","1","0","TRUE","MON","TK","M","FR1 + WB1"
"2025-W35","TK35915800","TK35915800A","2789022","2025-08-25","2025-08-22","311:2 314:2","VE_Gordon-Kobenhavn","0","1","0","TRUE","MON","TK","S","FR1"
"2025-W35","TK35915043","TK35915043A","2814043","2025-08-25","2025-08-22","301:2 315:2","VE_Gordon-Arhus","1","1","0","TRUE","MON","TK","S","FR1 + WB1"
"2025-W35","TK35915230","TK35915230A","2811186","2025-08-24","2025-08-22","301:1 305:1 314:1 317:1 318:2","VE_Gordon-Arhus","1","1","0","TRUE","SUN","TK","S","FR1"
"2025-W35","TK35913093","TK35913093A","2812383","2025-08-24","2025-08-22","301:2 302:2 312:2","VE_Gordon-Vejle","1","1","0","TRUE","SUN","TK","S","FR1 + WB1"
"2025-W35","TK35915237","TK35915237A","2810191","2025-08-24","2025-08-22","301:4 312:2 315:4 317:4 806:1","VE_Gordon-Kobenhavn","0","1","0","TRUE","SUN","TK","L","FR1"
"2025-W35","TK35914852","TK35914852A","2813486","2025-08-24","2025-08-22","304:1 305:1 313:1 314:2 316:1","VE_Gordon-Kobenhavn","1","1","0","TRUE","SUN","TK","S","FR1 + WB1"
"2025-W35","TK35915080","TK35915080A","2814150","2025-08-24","2025-08-22","301:1 307:1 317:1 318:1","VE_Gordon-Kobenhavn","1","1","0","TRUE","SUN","TK","S","FR1 + WB1"
"2025-W35","TK35914969","TK35914969A","2813824","2025-08-25","2025-08-22","301:2 302:2 303:1 304:1 305:2 306:2 307:2 308:1 312:1","VE_Gordon-Kobenhavn","1","1","0","TRUE","MON","TK","L","FR1 + WB1"
"2025-W35","TK35915011","TK35915011A","2813951","2025-08-25","2025-08-22","303:1 305:1 312:1 316:1 317:1 318:1","VE_Gordon-Kobenhavn","1","1","0","TRUE","MON","TK","S","FR1 + WB1"
"2025-W35","TK35916525","TK35916525A","2785673","2025-08-25","2025-08-22","301:1 302:1 305:1 314:1","VE_MBB-Frederiksberg","0","1","0","TRUE","MON","TK","S","FR1"
"2025-W35","TK35915841","TK35915841A","2804400","2025-08-25","2025-08-22","301:1 302:1 303:1 304:1 305:1 306:1","VE_Gordon-Vejle","0","1","0","TRUE","MON","TK","S","FR1"
"2025-W35","TK35915790","TK35915790A","2782804","2025-08-25","2025-08-22","303:1 304:1 306:1 307:1 311:1 315:1","VE_Gordon-Kobenhavn","0","1","0","TRUE","MON","TK","S","FR1"
"2025-W35","TK35914806","TK35914806A","2813365","2025-08-25","2025-08-22","301:1 302:1 303:1 304:2 306:1 307:1 308:1 311:1 313:1","VE_Gordon-Kobenhavn","1","1","0","TRUE","MON","TK","M","FR1 + WB1"
"2025-W35","TK35915601","TK35915601A","2753895","2025-08-25","2025-08-22","301:1 302:1 303:1 304:1 305:1 306:1","VE_Gordon-Kobenhavn","0","1","0","TRUE","MON","TK","S","FR1"
"2025-W35","TK35914868","TK35914868A","2813539","2025-08-25","2025-08-22","301:3 302:3 305:2 314:2","VE_Gordon-Kobenhavn","1","1","0","TRUE","MON","TK","M","FR1 + WB1"
"2025-W35","TK35914849","TK35914849A","2794779","2025-08-25","2025-08-22","301:1 304:1 305:1 313:1","VE_Gordon-Kobenhavn","1","1","0","TRUE","MON","TK","S","FR1 + WB1"
"2025-W35","TK35915813","TK35915813A","2752272","2025-08-25","2025-08-22","302:1 304:1 307:1 314:1","VE_Gordon-Vejle","0","1","0","TRUE","MON","TK","S","FR1"
"2025-W35","TK35915392","TK35915392A","2810692","2025-08-25","2025-08-22","301:1 302:1 303:1 304:1 305:1 306:1 307:1 308:1","VE_Gordon-Kobenhavn","0","1","0","TRUE","MON","TK","M","FR1"
"2025-W35","TK35914742","TK35914742A","2813138","2025-08-25","2025-08-22","301:3 302:3 305:3 314:3 318:2","VE_Gordon-Arhus","1","1","0","TRUE","MON","TK","L","FR1 + WB1"
"2025-W35","TK35915560","TK35915560A","2760847","2025-08-25","2025-08-22","301:2 304:2 305:2 312:1 313:1","VE_Gordon-Kobenhavn","0","1","0","TRUE","MON","TK","M","FR1"
"2025-W35","TK35916150","TK35916150A","2812174","2025-08-25","2025-08-22","303:2 304:2 306:2 307:2 308:2","VE_Gordon-Kobenhavn","0","1","0","TRUE","MON","TK","M","FR1"
"2025-W35","TK35915500","TK35915500A","2803016","2025-08-25","2025-08-22","301:2 304:1 305:1 312:1 313:1","VE_Gordon-Vejle","0","1","0","TRUE","MON","TK","S","FR1"
"2025-W35","TK35916225","TK35916225A","2763701","2025-08-25","2025-08-22","302:1 303:1 304:1 308:1 312:1 313:1","VE_Gordon-Arhus","0","1","0","TRUE","MON","TK","S","FR1"
"2025-W35","TK35915745","TK35915745A","2809163","2025-08-25","2025-08-22","301:1 302:1 303:1 304:1 305:1 306:1 307:1 308:1","VE_Gordon-Kobenhavn","0","1","0","TRUE","MON","TK","M","FR1"
"2025-W35","TK35914837","TK35914837A","2813440","2025-08-25","2025-08-22","301:3 304:3 305:3 306:3 307:2","VE_Gordon-Vejle","1","1","0","TRUE","MON","TK","L","FR1 + WB1"
"2025-W35","TK35915393","TK35915393A","2763111","2025-08-25","2025-08-22","301:1 302:1 303:1 304:1","VE_Gordon-Vejle","0","1","0","TRUE","MON","TK","S","FR1"
"2025-W35","TK35916374","TK35916374A","2796332","2025-08-25","2025-08-22","301:1 302:1 305:1 314:1","VE_Gordon-Vejle","0","1","0","TRUE","MON","TK","S","FR1"
"2025-W35","TK35916278","TK35916278A","2785948","2025-08-25","2025-08-22","303:1 304:1 308:1 313:2","VE_Gordon-Kobenhavn","0","1","0","TRUE","MON","TK","S","FR1"
"2025-W35","TK35915330","TK35915330A","2812061","2025-08-25","2025-08-22","301:2 302:2 303:2 304:2 308:2","VE_Gordon-Kobenhavn","0","1","0","TRUE","MON","TK","M","FR1"
"2025-W35","TK35915293","TK35915293A","2811604","2025-08-25","2025-08-22","301:2 305:2 307:2 313:2 316:2","VE_Gordon-Vejle","1","1","0","TRUE","MON","TK","M","FR1 + WB1"
"2025-W35","TK35915683","TK35915683A","2809129","2025-08-25","2025-08-22","301:2 304:2 305:2 312:1 313:1","VE_Gordon-Kobenhavn","0","1","0","TRUE","MON","TK","M","FR1"
"2025-W35","TK35914976","TK35914976A","2797335","2025-08-25","2025-08-22","301:3 304:2 305:2 308:1 312:2 313:2","VE_Gordon-Kobenhavn","1","1","0","TRUE","MON","TK","M","FR1 + WB1"
"2025-W35","TK35916216","TK35916216A","2776355","2025-08-25","2025-08-22","303:1 307:1 315:1 317:1","VE_MBB-Frederiksberg","0","1","0","TRUE","MON","TK","S","FR1"
"2025-W35","TK35916130","TK35916130A","2811011","2025-08-25","2025-08-22","307:2 312:1 314:2 316:1 318:2 810:4","VE_Gordon-Kobenhavn","0","1","0","TRUE","MON","TK","M","FR1"
"2025-W35","TK35916049","TK35916049A","2811515","2025-08-25","2025-08-22","301:1 303:1 304:1 306:1","VE_Gordon-Kobenhavn","0","1","0","TRUE","MON","TK","S","FR1"
"2025-W35","TK35915146","TK35915146A","2812148","2025-08-24","2025-08-22","301:2 304:1 305:1 312:1 313:1","VE_MBB-Frederiksberg","1","1","0","TRUE","SUN","TK","S","FR1"
"2025-W35","TK35915203","TK35915203A","2811393","2025-08-24","2025-08-22","305:3 316:3 318:2","VE_Gordon-Kobenhavn","0","1","0","TRUE","SUN","TK","M","FR1"
"2025-W35","TK35915868","TK35915868A","2812294","2025-08-25","2025-08-22","303:2 307:2 310:1 315:2 316:1 317:1 318:1","VE_Gordon-Kobenhavn","0","1","0","TRUE","MON","TK","M","FR1"
"2025-W35","TK35915404","TK35915404A","2778378","2025-08-25","2025-08-22","301:1 302:1 303:1 304:1 305:1 306:1 307:1 308:1","VE_Gordon-Arhus","0","1","0","TRUE","MON","TK","M","FR1"
"2025-W35","TK35916574","TK35916574A","2811893","2025-08-25","2025-08-22","301:1 308:1 311:1 313:1","VE_Gordon-Kobenhavn","0","1","0","TRUE","MON","TK","S","FR1"
"2025-W35","TK35915280","TK35915280A","2814352","2025-08-25","2025-08-22","311:1 312:1 313:1 315:1","VE_MBB-Frederiksberg","1","1","0","TRUE","MON","TK","S","FR1 + WB1"
"2025-W35","TK35916156","TK35916156A","2781604","2025-08-25","2025-08-22","301:1 305:2 317:1","VE_Gordon-Kobenhavn","0","1","0","TRUE","MON","TK","S","FR1"
"2025-W35","TK35915821","TK35915821A","2762304","2025-08-25","2025-08-22","301:1 302:1 303:1 304:1","VE_Gordon-Kobenhavn","0","1","0","TRUE","MON","TK","S","FR1"
"2025-W35","TK35914869","TK35914869A","2813547","2025-08-25","2025-08-22","301:1 302:1 303:1 304:1","VE_MBB-Frederiksberg","1","1","0","TRUE","MON","TK","S","FR1 + WB1"
"2025-W35","TK35915741","TK35915741A","2811751","2025-08-25","2025-08-22","301:1 302:2 305:2 306:1 314:1 317:2 318:2","VE_Gordon-Kobenhavn","0","1","0","TRUE","MON","TK","M","FR1"
"2025-W35","TK35915711","TK35915711A","2774735","2025-08-25","2025-08-22","301:2 302:2 305:1 314:1","VE_Gordon-Vejle","0","1","0","TRUE","MON","TK","S","FR1"
"2025-W35","TK35916388","TK35916388A","2809918","2025-08-25","2025-08-22","301:1 302:1 303:1 304:1 305:1 306:1 307:1 308:1","VE_Gordon-Kobenhavn","0","1","0","TRUE","MON","TK","M","FR1"
"2025-W35","TK35915355","TK35915355A","2768037","2025-08-25","2025-08-22","301:3 302:3 305:2 314:2","VE_Gordon-Kobenhavn","0","1","0","TRUE","MON","TK","M","FR1"
"2025-W35","TK35914824","TK35914824A","2813417","2025-08-25","2025-08-22","303:1 304:1 306:1 307:1","VE_Gordon-Kobenhavn","1","1","0","TRUE","MON","TK","S","FR1 + WB1"
"2025-W35","TK35915593","TK35915593A","2811244","2025-08-25","2025-08-22","305:2 307:2 308:2 309:2","VE_Gordon-Kobenhavn","0","1","0","TRUE","MON","TK","M","FR1"
"2025-W35","TK35914981","TK35914981A","2813865","2025-08-25","2025-08-22","301:1 303:1 307:1 308:1","VE_Gordon-Vejle","1","1","0","TRUE","MON","TK","S","FR1 + WB1"
"2025-W35","TK35914808","TK35914808A","2813367","2025-08-25","2025-08-22","307:1 312:1 316:1 317:1","VE_Gordon-Kobenhavn","1","1","0","TRUE","MON","TK","S","FR1 + WB1"
"2025-W35","TK35914872","TK35914872A","2812456","2025-08-25","2025-08-22","302:2 305:2 312:2 314:2","VE_Gordon-Kobenhavn","1","1","0","TRUE","MON","TK","M","FR1 + WB1"
"2025-W35","TK35916178","TK35916178A","2809869","2025-08-25","2025-08-22","301:1 302:1 305:1 307:1","VE_Gordon-Kobenhavn","0","1","0","TRUE","MON","TK","S","FR1"
"2025-W35","TK35915662","TK35915662A","2807602","2025-08-25","2025-08-22","301:1 302:1 304:1 313:1 314:1","VE_Gordon-Kobenhavn","0","1","0","TRUE","MON","TK","S","FR1"
"2025-W35","TK35914748","TK35914748A","2813188","2025-08-25","2025-08-22","301:2 304:1 305:1 312:1 313:1","VE_Gordon-Arhus","1","1","0","TRUE","MON","TK","S","FR1 + WB1"
"2025-W35","TK35915966","TK35915966A","2811575","2025-08-25","2025-08-22","303:1 304:2 307:1 311:1 312:1","VE_Gordon-Arhus","0","1","0","TRUE","MON","TK","S","FR1"
"2025-W35","TK35915396","TK35915396A","2803716","2025-08-25","2025-08-22","301:1 302:1 305:1 314:1","VE_Gordon-Arhus","0","1","0","TRUE","MON","TK","S","FR1"
"2025-W35","TK35915296","TK35915296A","2814401","2025-08-25","2025-08-22","301:2 302:2 303:2 304:2 305:2 306:2 307:1 315:1","VE_Gordon-Kobenhavn","1","1","0","TRUE","MON","TK","L","FR1 + WB1"
"2025-W35","TK35916292","TK35916292A","2806279","2025-08-25","2025-08-22","301:1 302:1 306:1 308:1 310:1 314:1","VE_Gordon-Kobenhavn","0","1","0","TRUE","MON","TK","S","FR1"
"2025-W35","TK35916271","TK35916271A","2811404","2025-08-25","2025-08-22","301:1 302:1 303:1 304:1 305:1 306:1 307:1 308:1 311:1 316:1","VE_Gordon-Kobenhavn","0","1","0","TRUE","MON","TK","M","FR1"
"2025-W35","TK35915283","TK35915283A","2752740","2025-08-25","2025-08-22","304:2 308:2 315:2","VE_Gordon-Kobenhavn","1","1","0","TRUE","MON","TK","S","FR1 + WB1"
"2025-W35","TK35916063","TK35916063A","2774031","2025-08-25","2025-08-22","301:1 302:1 305:1 314:1","VE_MBB-Frederiksberg","0","1","0","TRUE","MON","TK","S","FR1"
"2025-W35","TK35916020","TK35916020A","2809460","2025-08-25","2025-08-22","303:2 304:2 305:2 313:2 315:2","VE_Gordon-Vejle","0","1","0","TRUE","MON","TK","M","FR1"
"2025-W35","TK35915372","TK35915372A","2789573","2025-08-25","2025-08-22","301:2 304:2 305:2 312:1 313:1","VE_Gordon-Kobenhavn","0","1","0","TRUE","MON","TK","M","FR1"
"2025-W35","TK35915101","TK35915101A","2814226","2025-08-24","2025-08-22","301:2 302:2 303:2 304:2 305:2 306:2 307:1 308:1","VE_Gordon-Vejle","1","1","0","TRUE","SUN","TK","L","FR1 + WB1"
"2025-W35","TK35915139","TK35915139A","2776264","2025-08-24","2025-08-22","302:2 305:2 312:2 315:2","VE_Gordon-Vejle","1","1","0","TRUE","SUN","TK","M","FR1"
"2025-W35","TK35915119","TK35915119A","2811450","2025-08-24","2025-08-22","301:1 302:1 316:1 317:1","VE_Gordon-Kobenhavn","0","1","0","TRUE","SUN","TK","S","FR1"
"2025-W35","TK35915958","TK35915958A","2811635","2025-08-25","2025-08-22","305:2 309:2 312:2 318:2","VE_Gordon-Kobenhavn","0","1","0","TRUE","MON","TK","M","FR1"
"2025-W35","TK35915038","TK35915038A","2814022","2025-08-25","2025-08-22","302:1 303:1 306:1 307:1 312:1 318:1","VE_Gordon-Kobenhavn","1","1","0","TRUE","MON","TK","S","FR1 + WB1"
"2025-W35","TK35916475","TK35916475A","2784307","2025-08-25","2025-08-22","301:1 309:1 317:1 318:1","VE_Gordon-Kobenhavn","0","1","0","TRUE","MON","TK","S","FR1"
"2025-W35","TK35915904","TK35915904A","2795020","2025-08-25","2025-08-22","301:2 304:1 305:1 312:1 313:1","VE_Gordon-Kobenhavn","0","1","0","TRUE","MON","TK","S","FR1"
"2025-W35","TK35915421","TK35915421A","2793027","2025-08-25","2025-08-22","301:1 302:1 303:1 304:1 305:1 306:1 307:1 308:1","VE_MBB-Frederiksberg","0","1","0","TRUE","MON","TK","M","FR1"
"2025-W35","TK35915975","TK35915975A","2798778","2025-08-25","2025-08-22","303:1 304:1 306:1 307:1 308:1 311:1 312:1 315:1","VE_Gordon-Kobenhavn","0","1","0","TRUE","MON","TK","M","FR1"
"2025-W35","TK35916562","TK35916562A","2811976","2025-08-25","2025-08-22","301:1 305:1 313:1 315:1 317:1","VE_MBB-Frederiksberg","0","1","0","TRUE","MON","TK","S","FR1"
"2025-W35","TK35915086","TK35915086A","2814180","2025-08-25","2025-08-22","302:1 303:1 307:1 308:1","VE_Gordon-Vejle","1","1","0","TRUE","MON","TK","S","FR1 + WB1"
"2025-W35","TK35915862","TK35915862A","2763926","2025-08-25","2025-08-22","301:2 302:1 305:1 312:2","VE_Gordon-Kobenhavn","0","1","0","TRUE","MON","TK","S","FR1"
"2025-W35","TK35916114","TK35916114A","2769143","2025-08-26","2025-08-22","301:1 304:1 308:1 317:1","VE_Gordon-Kobenhavn","0","1","0","TRUE","TUE","TK","S","FR1"
"2025-W35","TK35915643","TK35915643A","2798583","2025-08-25","2025-08-22","303:1 304:1 305:1 308:1 310:1 312:2 313:1 315:2","VE_Gordon-Kobenhavn","0","1","0","TRUE","MON","TK","M","FR1"
"2025-W35","TK35914754","TK35914754A","2813107","2025-08-25","2025-08-22","303:2 304:2 306:2 307:1 308:1","VE_Gordon-Kobenhavn","1","1","0","TRUE","MON","TK","M","FR1 + WB1"
"2025-W35","TK35915577","TK35915577A","2804281","2025-08-25","2025-08-22","301:1 303:1 308:1 316:1","VE_Gordon-Kobenhavn","0","1","0","TRUE","MON","TK","S","FR1"
"2025-W35","TK35915075","TK35915075A","2814141","2025-08-25","2025-08-22","301:2 303:2 306:2 307:2 308:2","VE_Gordon-Vejle","1","1","0","TRUE","MON","TK","M","FR1 + WB1"
"2025-W35","TK35916007","TK35916007A","2811670","2025-08-25","2025-08-22","306:4 313:4 317:4","VE_Gordon-Kobenhavn","0","1","0","TRUE","MON","TK","M","FR1"
"2025-W35","TK35915513","TK35915513A","2808805","2025-08-25","2025-08-22","304:2 306:1 308:1 311:1 314:1 315:1 316:1","VE_Gordon-Arhus","0","1","0","TRUE","MON","TK","M","FR1"
"2025-W35","TK35916187","TK35916187A","2762047","2025-08-25","2025-08-22","301:2 313:2 314:2","VE_Gordon-Kobenhavn","0","1","0","TRUE","MON","TK","S","FR1"
"2025-W35","TK35916288","TK35916288A","2804218","2025-08-25","2025-08-22","309:2 310:2","VE_Gordon-Kobenhavn","0","1","0","TRUE","MON","TK","S","FR1"
"2025-W35","TK35916109","TK35916109A","2806752","2025-08-25","2025-08-22","308:1 311:1 312:1 317:1","VE_Gordon-Kobenhavn","0","1","0","TRUE","MON","TK","S","FR1"
"2025-W35","TK35915284","TK35915284A","2814373","2025-08-25","2025-08-22","301:2 304:2 305:2 313:1 318:1","VE_Gordon-Vejle","1","1","0","TRUE","MON","TK","M","FR1 + WB1"
"2025-W35","TK35915748","TK35915748A","2805670","2025-08-25","2025-08-22","301:2 302:2 305:1 314:1","VE_Gordon-Arhus","0","1","0","TRUE","MON","TK","S","FR1"
"2025-W35","TK35915154","TK35915154A","2810213","2025-08-24","2025-08-22","305:1 312:2 313:1 317:1 318:1","VE_Gordon-Kobenhavn","0","1","0","TRUE","SUN","TK","S","FR1"
"2025-W35","TK35914699","TK35914699A","2813050","2025-08-25","2025-08-22","301:1 302:1 306:1 307:1","VE_Gordon-Arhus","1","1","0","TRUE","MON","TK","S","FR1 + WB1"
"2025-W35","TK35914715","TK35914715A","2812135","2025-08-25","2025-08-22","301:1 304:1 305:1 313:1","VE_Gordon-Vejle","1","1","0","TRUE","MON","TK","S","FR1 + WB1"
"2025-W35","TK35916421","TK35916421A","2789957","2025-08-25","2025-08-22","306:1 307:1 308:1 312:1","VE_Gordon-Kobenhavn","0","1","0","TRUE","MON","TK","S","FR1"
"2025-W35","TK35916366","TK35916366A","2775013","2025-08-25","2025-08-22","301:1 304:1 305:1 312:1 313:1 315:1","VE_MBB-Frederiksberg","0","1","0","TRUE","MON","TK","S","FR1"
"2025-W35","TK35914725","TK35914725A","2813116","2025-08-25","2025-08-22","301:1 302:1 304:1 305:1 312:1 315:1 316:1 318:1","VE_Gordon-Kobenhavn","1","1","0","TRUE","MON","TK","M","FR1 + WB1"
"2025-W35","TK35916214","TK35916214A","2788959","2025-08-25","2025-08-22","301:1 302:1 303:1 306:1","VE_MBB-Frederiksberg","0","1","0","TRUE","MON","TK","S","FR1"
"2025-W35","TK35914694","TK35914694A","2780017","2025-08-25","2025-08-22","303:1 305:2 308:1 312:2 313:2 317:1 318:1","VE_Gordon-Kobenhavn","1","1","0","TRUE","MON","TK","M","FR1 + WB1"
"2025-W35","TK35916331","TK35916331A","2801342","2025-08-25","2025-08-22","301:1 302:1 303:1 304:1","VE_Gordon-Arhus","0","1","0","TRUE","MON","TK","S","FR1"
"2025-W35","TK35915812","TK35915812A","2762800","2025-08-25","2025-08-22","303:1 307:1 312:1 315:1","VE_Gordon-Kobenhavn","0","1","0","TRUE","MON","TK","S","FR1"
"2025-W35","TK35916377","TK35916377A","2807394","2025-08-25","2025-08-22","309:1 310:1 311:1 312:4 313:2 314:2 315:2 317:1","VE_Gordon-Kobenhavn","0","1","0","TRUE","MON","TK","L","FR1"
"2025-W35","TK35916172","TK35916172A","2806629","2025-08-25","2025-08-22","301:2 302:2 305:1 314:1","VE_Gordon-Kobenhavn","0","1","0","TRUE","MON","TK","S","FR1"
"2025-W35","TK35915927","TK35915927A","2810138","2025-08-25","2025-08-22","301:1 302:1 303:1 304:1 305:1 306:1","VE_Gordon-Vejle","0","1","0","TRUE","MON","TK","S","FR1"
"2025-W35","TK35916524","TK35916524A","2793631","2025-08-25","2025-08-22","301:1 302:1 303:1 316:1","VE_Gordon-Kobenhavn","0","1","0","TRUE","MON","TK","S","FR1"
"2025-W35","TK35916539","TK35916539A","2804415","2025-08-25","2025-08-22","301:2 302:1 305:1 312:1 313:1 805:2 809:1 810:1","VE_Gordon-Kobenhavn","0","1","0","TRUE","MON","TK","M","FR1"
"2025-W35","TK35916459","TK35916459A","2812157","2025-08-25","2025-08-22","301:1 304:1 305:1 317:1","VE_Gordon-Vejle","0","1","0","TRUE","MON","TK","S","FR1"
"2025-W35","TK35916493","TK35916493A","2774846","2025-08-25","2025-08-22","303:2 304:2 306:2 307:2 308:2","VE_Gordon-Kobenhavn","0","1","0","TRUE","MON","TK","M","FR1"
"2025-W35","TK35915765","TK35915765A","2798287","2025-08-25","2025-08-22","301:1 302:1 303:1 304:1","VE_Gordon-Vejle","0","1","0","TRUE","MON","TK","S","FR1"
"2025-W35","TK35916387","TK35916387A","2779174","2025-08-25","2025-08-22","301:2 317:2","VE_MBB-Frederiksberg","0","1","0","TRUE","MON","TK","S","FR1"
"2025-W35","TK35916488","TK35916488A","2811388","2025-08-25","2025-08-22","301:1 302:1 304:1 305:1 306:1 318:1","VE_Gordon-Vejle","0","1","0","TRUE","MON","TK","S","FR1"
"2025-W35","TK35911470","TK35911470A","2811634","2025-08-24","2025-08-22","301:1 302:1 305:1 306:1","VE_Gordon-Vejle","1","1","0","TRUE","SUN","TK","S","FR1 + WB1"
"2025-W35","TK35915155","TK35915155A","2809098","2025-08-24","2025-08-22","301:1 302:1 304:1 305:1 306:1 307:1 308:1 314:1","VE_Gordon-Kobenhavn","1","1","0","TRUE","SUN","TK","M","FR1"
"2025-W35","TK35915226","TK35915226A","2758544","2025-08-24","2025-08-22","301:2 304:1 305:1 312:1 313:1","VE_Gordon-Kobenhavn","1","1","0","TRUE","SUN","TK","S","FR1"
"2025-W35","TK35914784","TK35914784A","2813308","2025-08-24","2025-08-22","301:3 304:3 305:3 312:2 313:3","VE_Gordon-Arhus","1","1","0","TRUE","SUN","TK","L","FR1 + WB1"
"2025-W35","TK35915158","TK35915158A","2807921","2025-08-24","2025-08-22","305:2 317:2","VE_Gordon-Kobenhavn","0","1","0","TRUE","SUN","TK","S","FR1"
"2025-W35","TK35916442","TK35916442A","2810743","2025-08-25","2025-08-22","301:2 302:2 303:1 304:1 305:1 306:1 307:1 308:1","VE_Gordon-Vejle","0","1","0","TRUE","MON","TK","M","FR1"
"2025-W35","TK35915755","TK35915755A","2791143","2025-08-25","2025-08-22","301:2 302:2 305:1 314:1","VE_Gordon-Kobenhavn","0","1","0","TRUE","MON","TK","S","FR1"
"2025-W35","TK35915386","TK35915386A","2796471","2025-08-25","2025-08-22","301:1 303:1 308:1 313:1 315:2 318:2","VE_Gordon-Kobenhavn","0","1","0","TRUE","MON","TK","M","FR1"
"2025-W35","TK35915581","TK35915581A","2804662","2025-08-25","2025-08-22","301:1 304:1 305:1 317:1","VE_Gordon-Kobenhavn","0","1","0","TRUE","MON","TK","S","FR1"
"2025-W35","TK35916423","TK35916423A","2790053","2025-08-25","2025-08-22","301:2 304:2 305:2 312:1 313:1","VE_Gordon-Kobenhavn","0","1","0","TRUE","MON","TK","M","FR1"
"2025-W35","TK35915585","TK35915585A","2804695","2025-08-25","2025-08-22","302:1 304:1 312:1 316:1 317:1","VE_Gordon-Arhus","0","1","0","TRUE","MON","TK","S","FR1"
"2025-W35","TK35915684","TK35915684A","2785064","2025-08-26","2025-08-22","301:1 302:1 303:1 304:1 305:1 306:1 307:1 308:1","VE_Gordon-Bornholm","0","1","0","TRUE","TUE","TK","M","FR1"
"2025-W35","TK35915091","TK35915091A","2814189","2025-08-25","2025-08-22","301:2 308:2 318:2","VE_Gordon-Vejle","1","1","0","TRUE","MON","TK","S","FR1 + WB1"
"2025-W35","TK35915798","TK35915798A","2807552","2025-08-25","2025-08-22","301:3 304:3 305:3 312:2 313:3","VE_Gordon-Kobenhavn","0","1","0","TRUE","MON","TK","L","FR1"
"2025-W35","TK35915509","TK35915509A","2801755","2025-08-25","2025-08-22","301:1 302:1 303:1 304:1","VE_Gordon-Kobenhavn","0","1","0","TRUE","MON","TK","S","FR1"
"2025-W35","TK35916068","TK35916068A","2804240","2025-08-25","2025-08-22","302:2 303:2 304:2 316:2 318:2","VE_Gordon-Kobenhavn","0","1","0","TRUE","MON","TK","M","FR1"
"2025-W35","TK35915882","TK35915882A","2803992","2025-08-25","2025-08-22","301:1 302:1 303:1 304:1","VE_Gordon-Vejle","0","1","0","TRUE","MON","TK","S","FR1"
"2025-W35","TK35915840","TK35915840A","2758162","2025-08-25","2025-08-22","301:1 303:1 316:1 318:1","VE_Gordon-Kobenhavn","0","1","0","TRUE","MON","TK","S","FR1"
"2025-W35","TK35914830","TK35914830A","2813423","2025-08-25","2025-08-22","301:1 304:1 307:1 315:1","VE_Gordon-Arhus","1","1","0","TRUE","MON","TK","S","FR1 + WB1"
"2025-W35","TK35915353","TK35915353A","2810804","2025-08-25","2025-08-22","303:1 304:2 305:2 309:1 312:2 314:2","VE_Gordon-Kobenhavn","0","1","0","TRUE","MON","TK","M","FR1"
"2025-W35","TK35915555","TK35915555A","2762548","2025-08-26","2025-08-22","301:1 304:1 305:1 313:1","VE_Gordon-Kobenhavn","0","1","0","TRUE","TUE","TK","S","FR1"
"2025-W35","TK35915801","TK35915801A","2790716","2025-08-25","2025-08-22","301:2 317:2 318:2","VE_Gordon-Kobenhavn","0","1","0","TRUE","MON","TK","S","FR1"
"2025-W35","TK35915673","TK35915673A","2767520","2025-08-25","2025-08-22","303:1 304:1 305:1 306:2 307:1 308:3 315:3","VE_Gordon-Arhus","0","1","0","TRUE","MON","TK","M","FR1"
"2025-W35","TK35916397","TK35916397A","2801647","2025-08-25","2025-08-22","301:1 302:1 303:1 304:1 305:1 306:1","VE_Gordon-Kobenhavn","0","1","0","TRUE","MON","TK","S","FR1"
"2025-W35","TK35915709","TK35915709A","2811786","2025-08-25","2025-08-22","301:3 304:3 305:2 312:2 313:2","VE_Gordon-Vejle","0","1","0","TRUE","MON","TK","M","FR1"
"2025-W35","TK35916409","TK35916409A","2753599","2025-08-25","2025-08-22","301:1 302:1 303:1 304:1 305:1 306:1","VE_Gordon-Vejle","0","1","0","TRUE","MON","TK","S","FR1"
"2025-W35","TK35915693","TK35915693A","2802167","2025-08-25","2025-08-22","301:2 304:2 305:2 312:1 313:1","VE_Gordon-Kobenhavn","0","1","0","TRUE","MON","TK","M","FR1"
"2025-W35","TK35915771","TK35915771A","2801180","2025-08-25","2025-08-22","301:1 302:1 308:1 314:1","VE_Gordon-Arhus","0","1","0","TRUE","MON","TK","S","FR1"
"2025-W35","TK35915584","TK35915584A","2791396","2025-08-25","2025-08-22","303:1 304:1 306:1 307:1","VE_Gordon-Kobenhavn","0","1","0","TRUE","MON","TK","S","FR1"
"2025-W35","TK35915594","TK35915594A","2751226","2025-08-25","2025-08-22","301:1 302:1 304:2 317:1","VE_Gordon-Kobenhavn","0","1","0","TRUE","MON","TK","S","FR1"
"2025-W35","TK35916231","TK35916231A","2760477","2025-08-25","2025-08-22","303:2 304:1 306:1 307:1 308:1","VE_Gordon-Kobenhavn","0","1","0","TRUE","MON","TK","S","FR1"
"2025-W35","TK35914764","TK35914764A","2813237","2025-08-24","2025-08-22","301:1 306:1 312:1 318:1","VE_Gordon-Arhus","1","1","0","TRUE","SUN","TK","S","FR1 + WB1"
"2025-W35","TK35914721","TK35914721A","2813103","2025-08-24","2025-08-22","301:2 303:2 305:2 312:2 318:2","VE_Gordon-Kobenhavn","1","1","0","TRUE","SUN","TK","M","FR1 + WB1"
"2025-W35","TK35914865","TK35914865A","2813531","2025-08-25","2025-08-22","301:1 302:1 303:1 308:1","VE_Gordon-Arhus","1","1","0","TRUE","MON","TK","S","FR1 + WB1"
"2025-W35","TK35915438","TK35915438A","2804684","2025-08-25","2025-08-22","301:1 302:1 303:1 304:1 305:1 306:1","VE_Gordon-Vejle","0","1","0","TRUE","MON","TK","S","FR1"
"2025-W35","TK35915522","TK35915522A","2792349","2025-08-25","2025-08-22","301:1 302:1 303:1 304:1 305:1 306:1 307:1 308:1","VE_Gordon-Kobenhavn","0","1","0","TRUE","MON","TK","M","FR1"
"2025-W35","TK35915309","TK35915309A","2814449","2025-08-25","2025-08-22","301:1 302:1 306:1 307:1 309:1 310:1 316:1 318:1","VE_Gordon-Arhus","1","1","0","TRUE","MON","TK","M","FR1 + WB1"
"2025-W35","TK35916048","TK35916048A","2811942","2025-08-25","2025-08-22","301:1 302:1 303:1 304:1 305:1 308:1 311:1 314:1 805:4 809:2 810:2","VE_Gordon-Arhus","0","1","0","TRUE","MON","TK","L","FR1"
"2025-W35","TK35915849","TK35915849A","2810190","2025-08-25","2025-08-22","301:1 302:1 305:1 314:1","VE_Gordon-Vejle","0","1","0","TRUE","MON","TK","S","FR1"
"2025-W35","TK35914923","TK35914923A","2810942","2025-08-25","2025-08-22","301:1 302:1 303:1 304:1","VE_Gordon-Arhus","1","1","0","TRUE","MON","TK","S","FR1 + WB1"
"2025-W35","TK35915507","TK35915507A","2809379","2025-08-25","2025-08-22","301:1 302:1 305:1 314:1","VE_Gordon-Kobenhavn","0","1","0","TRUE","MON","TK","S","FR1"
"2025-W35","TK35916585","TK35916585A","2761057","2025-08-25","2025-08-22","301:2 304:2 305:2 312:2 313:2","VE_Gordon-Kobenhavn","0","1","0","TRUE","MON","TK","M","FR1"
"2025-W35","TK35915468","TK35915468A","2758028","2025-08-25","2025-08-22","304:2 311:2 317:2","VE_Gordon-Kobenhavn","0","1","0","TRUE","MON","TK","S","FR1"
"2025-W35","TK35915310","TK35915310A","2814453","2025-08-25","2025-08-22","301:1 304:1 305:1 315:1","VE_Gordon-Kobenhavn","1","1","0","TRUE","MON","TK","S","FR1 + WB1"
"2025-W35","TK35916283","TK35916283A","2798227","2025-08-25","2025-08-22","303:2 304:2 306:2 307:1 308:1","VE_Gordon-Vejle","0","1","0","TRUE","MON","TK","M","FR1"
"2025-W35","TK35915494","TK35915494A","2788997","2025-08-25","2025-08-22","301:1 303:1 308:1 312:1","VE_Gordon-Arhus","0","1","0","TRUE","MON","TK","S","FR1"
"2025-W35","TK35915409","TK35915409A","2797605","2025-08-25","2025-08-22","301:1 302:1 303:1 304:1 305:1 306:1","VE_Gordon-Vejle","0","1","0","TRUE","MON","TK","S","FR1"
"2025-W35","TK35913353","TK35913353A","2812894","2025-08-24","2025-08-22","301:2 302:2 303:1 304:1 305:1 306:1 307:1 308:1","VE_Gordon-Arhus","1","1","0","TRUE","SUN","TK","M","FR1 + WB1"
"2025-W35","TK35915873","TK35915873A","2758794","2025-08-25","2025-08-22","301:1 302:1 305:1 314:1","VE_Gordon-Kobenhavn","0","1","0","TRUE","MON","TK","S","FR1"
"2025-W35","TK35916110","TK35916110A","2760784","2025-08-25","2025-08-22","301:1 302:1 303:1 304:1 305:1 306:1","VE_Gordon-Kobenhavn","0","1","0","TRUE","MON","TK","S","FR1"
"2025-W35","TK35915370","TK35915370A","2801140","2025-08-25","2025-08-22","303:3 304:1 306:2 308:2 311:1 315:1","VE_Gordon-Kobenhavn","0","1","0","TRUE","MON","TK","M","FR1"
"2025-W35","TK35915488","TK35915488A","2811423","2025-08-25","2025-08-22","301:3 304:3 305:3 312:2 313:3","VE_Gordon-Kobenhavn","0","1","0","TRUE","MON","TK","L","FR1"
"2025-W35","TK35916480","TK35916480A","2803167","2025-08-25","2025-08-22","303:1 312:1 314:1 315:1 317:1","VE_Gordon-Vejle","0","1","0","TRUE","MON","TK","S","FR1"
"2025-W35","TK35915791","TK35915791A","2811555","2025-08-25","2025-08-22","301:2 308:2 312:2 315:2 317:2","VE_Gordon-Arhus","0","1","0","TRUE","MON","TK","M","FR1"
"2025-W35","TK35915912","TK35915912A","2809331","2025-08-25","2025-08-22","301:2 302:2 303:1 304:1 305:1 306:1 307:1 308:1","VE_Gordon-Kobenhavn","0","1","0","TRUE","MON","TK","M","FR1"
"2025-W35","TK35915346","TK35915346A","2810710","2025-08-25","2025-08-22","301:1 303:1 304:1 312:1","VE_Gordon-Arhus","0","1","0","TRUE","MON","TK","S","FR1"
"2025-W35","TK35914747","TK35914747A","2813181","2025-08-25","2025-08-22","301:1 305:1 307:1 311:1 313:1 318:1","VE_Gordon-Kobenhavn","1","1","0","TRUE","MON","TK","S","FR1 + WB1"
"2025-W35","TK35914859","TK35914859A","2813515","2025-08-25","2025-08-22","302:2 303:3 304:3 310:2","VE_Gordon-Arhus","1","1","0","TRUE","MON","TK","M","FR1 + WB1"
"2025-W35","TK35916337","TK35916337A","2784499","2025-08-25","2025-08-22","303:1 304:1 306:1 307:1","VE_Gordon-Arhus","0","1","0","TRUE","MON","TK","S","FR1"
"2025-W35","TK35916047","TK35916047A","2797111","2025-08-25","2025-08-22","303:2 304:2 306:2 307:1 308:1","VE_Gordon-Vejle","0","1","0","TRUE","MON","TK","M","FR1"
"2025-W35","TK35915965","TK35915965A","2799063","2025-08-25","2025-08-22","301:1 302:1 303:1 304:1 305:1 306:1 307:1 308:1","VE_Gordon-Kobenhavn","0","1","0","TRUE","MON","TK","M","FR1"
"2025-W35","TK35916084","TK35916084A","2798466","2025-08-25","2025-08-22","309:2 310:2","VE_Gordon-Kobenhavn","0","1","0","TRUE","MON","TK","S","FR1"
"2025-W35","TK35915352","TK35915352A","2800580","2025-08-25","2025-08-22","301:1 302:1 303:1 304:1","VE_Gordon-Kobenhavn","0","1","0","TRUE","MON","TK","S","FR1"
"2025-W35","TK35914833","TK35914833A","2795048","2025-08-25","2025-08-22","303:1 304:1 307:1 315:1","VE_MBB-Frederiksberg","1","1","0","TRUE","MON","TK","S","FR1 + WB1"
"2025-W35","TK35916405","TK35916405A","2809037","2025-08-25","2025-08-22","302:1 303:2 307:1 308:1 312:1 315:1 317:1","VE_Gordon-Kobenhavn","0","1","0","TRUE","MON","TK","M","FR1"
"2025-W35","TK35915942","TK35915942A","2812125","2025-08-25","2025-08-22","302:1 304:1 307:1 309:1","VE_Gordon-Kobenhavn","0","1","0","TRUE","MON","TK","S","FR1"
"2025-W35","TK35915097","TK35915097A","2813416","2025-08-25","2025-08-22","305:1 312:1 315:1 318:1","VE_Gordon-Kobenhavn","1","1","0","TRUE","MON","TK","S","FR1 + WB1"
"2025-W35","TK35915000","TK35915000A","2806593","2025-08-25","2025-08-22","301:2 305:2 313:1 318:1","VE_Gordon-Vejle","1","1","0","TRUE","MON","TK","S","FR1 + WB1"
"2025-W35","TK35916274","TK35916274A","2809621","2025-08-25","2025-08-22","302:1 305:1 306:1 311:1 314:1 318:1","VE_Gordon-Vejle","0","1","0","TRUE","MON","TK","S","FR1"
"2025-W35","TK35914955","TK35914955A","2813787","2025-08-25","2025-08-22","304:2 308:2 312:2 313:2","VE_Gordon-Vejle","1","1","0","TRUE","MON","TK","M","FR1 + WB1"
"2025-W35","TK35916236","TK35916236A","2750928","2025-08-25","2025-08-22","301:1 304:1 313:1 317:1 806:1","VE_Gordon-Kobenhavn","0","1","0","TRUE","MON","TK","S","FR1"
"2025-W35","TK35915805","TK35915805A","2805602","2025-08-25","2025-08-22","304:1 308:1 311:1 318:1","VE_Gordon-Arhus","0","1","0","TRUE","MON","TK","S","FR1"
"2025-W35","TK35916324","TK35916324A","2812158","2025-08-25","2025-08-22","301:2 302:2 303:2 304:2 305:2 306:2 307:1 308:1","VE_Gordon-Kobenhavn","0","1","0","TRUE","MON","TK","L","FR1"
"2025-W35","TK35916513","TK35916513A","2764461","2025-08-25","2025-08-22","303:3 308:1 315:2 316:1 317:3","VE_Gordon-Arhus","0","1","0","TRUE","MON","TK","M","FR1"
"2025-W35","TK35914794","TK35914794A","2813326","2025-08-25","2025-08-22","302:1 314:3 317:1 318:1","VE_Gordon-Kobenhavn","1","1","0","TRUE","MON","TK","S","FR1 + WB1"
"2025-W35","TK35915109","TK35915109A","2814208","2025-08-25","2025-08-22","301:2 304:2 305:2 312:2 313:2","VE_MBB-Frederiksberg","1","1","0","TRUE","MON","TK","M","FR1 + WB1"
"2025-W35","TK35915362","TK35915362A","2811546","2025-08-25","2025-08-22","302:2 312:2 318:2","VE_Gordon-Vejle","0","1","0","TRUE","MON","TK","S","FR1"
"2025-W35","TK35916336","TK35916336A","2811913","2025-08-25","2025-08-22","303:1 305:1 308:1 315:1","VE_Gordon-Arhus","0","1","0","TRUE","MON","TK","S","FR1"
"2025-W35","TK35915390","TK35915390A","2811978","2025-08-25","2025-08-22","301:1 302:1 304:1 305:1 306:1 307:1","VE_Gordon-Arhus","0","1","0","TRUE","MON","TK","S","FR1"
"2025-W35","TK35915361","TK35915361A","2758107","2025-08-25","2025-08-22","301:1 305:1 309:1 314:1 317:1 318:1","VE_Gordon-Kobenhavn","0","1","0","TRUE","MON","TK","S","FR1"
"2025-W35","TK35916345","TK35916345A","2751459","2025-08-25","2025-08-22","303:1 304:1 305:1 307:1 315:1 317:1","VE_Gordon-Vejle","0","1","0","TRUE","MON","TK","S","FR1"
"2025-W35","TK35915311","TK35915311A","2814454","2025-08-25","2025-08-22","303:4 307:4 308:4","VE_Gordon-Vejle","1","1","0","TRUE","MON","TK","M","FR1 + WB1"
"2025-W35","TK35912901","TK35912901A","2811905","2025-08-25","2025-08-22","301:1 312:1 314:1 317:1","VE_MBB-Frederiksberg","1","1","0","TRUE","MON","TK","S","FR1 + WB1"
"2025-W35","TK35913324","TK35913324A","2812807","2025-08-24","2025-08-22","301:1 303:1 305:1 306:1 307:1 318:1","VE_Gordon-Arhus","1","1","0","TRUE","SUN","TK","S","FR1 + WB1"
"2025-W35","TK35915660","TK35915660A","2808018","2025-08-25","2025-08-22","308:1 310:1 312:1 315:1","VE_Gordon-Arhus","0","1","0","TRUE","MON","TK","S","FR1"
"2025-W35","TK35915955","TK35915955A","2809833","2025-08-26","2025-08-22","301:2 303:2 317:1 318:1","VE_Gordon-Bornholm","0","1","0","TRUE","TUE","TK","S","FR1"
"2025-W35","TK35915853","TK35915853A","2798207","2025-08-25","2025-08-22","301:1 302:1 303:1 305:1 314:1 316:1 317:1 318:1","VE_Gordon-Kobenhavn","0","1","0","TRUE","MON","TK","M","FR1"
"2025-W35","TK35915398","TK35915398A","2800133","2025-08-25","2025-08-22","301:1 302:1 305:1 314:1","VE_Gordon-Kobenhavn","0","1","0","TRUE","MON","TK","S","FR1"
"2025-W35","TK35916126","TK35916126A","2812111","2025-08-25","2025-08-22","303:1 304:1 305:1 311:1 313:1 314:1","VE_Gordon-Arhus","0","1","0","TRUE","MON","TK","S","FR1"
"2025-W35","TK35915605","TK35915605A","2807168","2025-08-25","2025-08-22","308:1 309:1 310:1 312:1","VE_Gordon-Kobenhavn","0","1","0","TRUE","MON","TK","S","FR1"
"2025-W35","TK35915273","TK35915273A","2780078","2025-08-25","2025-08-22","301:2 303:1 304:1 312:1 313:2 314:1","VE_MBB-Frederiksberg","1","1","0","TRUE","MON","TK","M","FR1 + WB1"
"2025-W35","TK35915719","TK35915719A","2811478","2025-08-25","2025-08-22","307:1 308:1 311:1 317:1","VE_Gordon-Kobenhavn","0","1","0","TRUE","MON","TK","S","FR1"
"2025-W35","TK35915078","TK35915078A","2814144","2025-08-25","2025-08-22","301:1 302:1 305:1 314:1","VE_MBB-Frederiksberg","1","1","0","TRUE","MON","TK","S","FR1 + WB1"
"2025-W35","TK35916301","TK35916301A","2806696","2025-08-25","2025-08-22","301:1 302:1 305:1 314:1","VE_Gordon-Kobenhavn","0","1","0","TRUE","MON","TK","S","FR1"
"2025-W35","TK35914995","TK35914995A","2813909","2025-08-25","2025-08-22","301:1 304:1 312:1 315:1","VE_MBB-Frederiksberg","1","1","0","TRUE","MON","TK","S","FR1 + WB1"
"2025-W35","TK35914884","TK35914884A","2813543","2025-08-25","2025-08-22","301:1 304:1 305:1 307:1 308:1 309:1 310:1 311:1 312:1 313:1","VE_Gordon-Kobenhavn","1","1","0","TRUE","MON","TK","M","FR1 + WB1"
"2025-W35","TK35915527","TK35915527A","2753752","2025-08-25","2025-08-22","304:2 311:1 314:1","VE_Gordon-Kobenhavn","0","1","0","TRUE","MON","TK","S","FR1"
"2025-W35","TK35915708","TK35915708A","2760243","2025-08-25","2025-08-22","301:2 304:2 305:2 312:1 313:1","VE_Gordon-Kobenhavn","0","1","0","TRUE","MON","TK","M","FR1"
"2025-W35","TK35916430","TK35916430A","2797529","2025-08-25","2025-08-22","301:1 302:1 303:1 304:1","VE_Gordon-Kobenhavn","0","1","0","TRUE","MON","TK","S","FR1"
"2025-W35","TK35915722","TK35915722A","2798032","2025-08-25","2025-08-22","313:1 314:2 317:1","VE_Gordon-Kobenhavn","0","1","0","TRUE","MON","TK","S","FR1"
"2025-W35","TK35916321","TK35916321A","2795079","2025-08-25","2025-08-22","302:1 308:1 309:1 314:1","VE_Gordon-Kobenhavn","0","1","0","TRUE","MON","TK","S","FR1"
"2025-W35","TK35916590","TK35916590A","2798487","2025-08-25","2025-08-22","310:4 312:4","VE_Gordon-Kobenhavn","0","1","0","TRUE","MON","TK","M","FR1"
"2025-W35","TK35915229","TK35915229A","2812256","2025-08-24","2025-08-22","301:2 302:1 304:2 312:1 313:2","VE_MBB-Frederiksberg","1","1","0","TRUE","SUN","TK","M","FR1"
"2025-W35","TK35912941","TK35912941A","2812010","2025-08-24","2025-08-22","304:1 307:1 313:1 314:1","VE_Gordon-Kobenhavn","1","1","0","TRUE","SUN","TK","S","FR1 + WB1"
"2025-W35","TK35915125","TK35915125A","2803893","2025-08-24","2025-08-22","304:2 305:1 311:2 314:2 315:1 317:1 318:1","VE_Gordon-Kobenhavn","0","1","0","TRUE","SUN","TK","M","FR1"
"2025-W35","TK35915250","TK35915250A","2811103","2025-08-24","2025-08-22","301:2 302:2 303:1 304:1 305:1 306:1 307:1 308:1","VE_Gordon-Kobenhavn","1","1","0","TRUE","SUN","TK","M","FR1"
"2025-W35","TK35915251","TK35915251A","2812126","2025-08-24","2025-08-22","301:2 302:2 303:1 304:1 305:1 306:1 307:1 318:1","VE_Gordon-Vejle","1","1","0","TRUE","SUN","TK","M","FR1"
"2025-W35","TK35914843","TK35914843A","2813454","2025-08-25","2025-08-22","301:2 304:1 305:1 312:1 313:1","VE_Gordon-Kobenhavn","1","1","0","TRUE","MON","TK","S","FR1 + WB1"
"2025-W35","TK35916455","TK35916455A","2752470","2025-08-25","2025-08-22","301:1 302:1 305:1 306:1 307:1 312:1","VE_Gordon-Kobenhavn","0","1","0","TRUE","MON","TK","S","FR1"
"2025-W35","TK35914749","TK35914749A","2813191","2025-08-25","2025-08-22","303:1 305:2 307:1 312:1 313:1 315:2","VE_Gordon-Arhus","1","1","0","TRUE","MON","TK","M","FR1 + WB1"
"2025-W35","TK35914851","TK35914851A","2812467","2025-08-25","2025-08-22","301:1 302:1 303:1 304:1 305:1 306:1 307:1 308:1","VE_Gordon-Arhus","1","1","0","TRUE","MON","TK","M","FR1 + WB1"
"2025-W35","TK35916583","TK35916583A","2762778","2025-08-25","2025-08-22","302:1 303:2 307:1 315:1 316:1","VE_Gordon-Arhus","0","1","0","TRUE","MON","TK","S","FR1"
"2025-W35","TK35916004","TK35916004A","2804538","2025-08-25","2025-08-22","301:1 302:1 303:1 304:1 305:1 306:1","VE_Gordon-Vejle","0","1","0","TRUE","MON","TK","S","FR1"
"2025-W35","TK35914822","TK35914822A","2813413","2025-08-25","2025-08-22","301:1 307:1 311:1 312:1 313:1 314:1","VE_Gordon-Kobenhavn","1","1","0","TRUE","MON","TK","S","FR1 + WB1"
"2025-W35","TK35914982","TK35914982A","2813871","2025-08-25","2025-08-22","303:1 304:1 305:1 306:1 307:1 308:1","VE_Gordon-Kobenhavn","1","1","0","TRUE","MON","TK","S","FR1 + WB1"
"2025-W35","TK35915454","TK35915454A","2805178","2025-08-25","2025-08-22","301:1 302:1 303:1 304:1","VE_Gordon-Vejle","0","1","0","TRUE","MON","TK","S","FR1"
"2025-W35","TK35915677","TK35915677A","2753266","2025-08-25","2025-08-22","301:1 304:1 307:1 317:1","VE_Gordon-Kobenhavn","0","1","0","TRUE","MON","TK","S","FR1"
"2025-W35","TK35916380","TK35916380A","2810222","2025-08-25","2025-08-22","301:1 302:1 303:1 304:1 305:1 306:1 307:1 308:1","VE_Gordon-Arhus","0","1","0","TRUE","MON","TK","M","FR1"
"2025-W35","TK35915258","TK35915258A","2757559","2025-08-25","2025-08-22","301:1 304:1 305:1 313:1","VE_Gordon-Kobenhavn","1","1","0","TRUE","MON","TK","S","FR1 + WB1"
"2025-W35","TK35915535","TK35915535A","2785257","2025-08-25","2025-08-22","301:1 302:1 303:1 304:1","VE_Gordon-Kobenhavn","0","1","0","TRUE","MON","TK","S","FR1"
"2025-W35","TK35915050","TK35915050A","2813992","2025-08-25","2025-08-22","302:1 303:1 304:1 305:1 308:1 312:1 313:1 314:1 315:1 317:1","VE_Gordon-Kobenhavn","1","1","0","TRUE","MON","TK","M","FR1 + WB1"
"2025-W35","TK35915106","TK35915106A","2814253","2025-08-25","2025-08-22","301:1 303:1 304:1 307:1","VE_Gordon-Kobenhavn","1","1","0","TRUE","MON","TK","S","FR1 + WB1"
"2025-W35","TK35915803","TK35915803A","2786696","2025-08-25","2025-08-22","308:1 309:1 310:1 312:1","VE_Gordon-Kobenhavn","0","1","0","TRUE","MON","TK","S","FR1"
"2025-W35","TK35916549","TK35916549A","2753080","2025-08-25","2025-08-22","301:1 302:1 303:1 304:1","VE_MBB-Frederiksberg","0","1","0","TRUE","MON","TK","S","FR1"
"2025-W35","TK35914785","TK35914785A","2813309","2025-08-25","2025-08-22","301:1 302:1 303:1 304:1 305:1 306:1 307:1 308:1","VE_Gordon-Vejle","1","1","0","TRUE","MON","TK","M","FR1 + WB1"
"2025-W35","TK35916392","TK35916392A","2811804","2025-08-25","2025-08-22","303:2 307:2 308:2 316:2 318:2","VE_Gordon-Kobenhavn","0","1","0","TRUE","MON","TK","M","FR1"
"2025-W35","TK35915014","TK35915014A","2813960","2025-08-25","2025-08-22","302:1 303:2 304:2 305:1 306:1 307:1 308:1 317:1","VE_Gordon-Kobenhavn","1","1","0","TRUE","MON","TK","M","FR1 + WB1"
"2025-W35","TK35915304","TK35915304A","2790128","2025-08-25","2025-08-22","301:1 302:1 303:1 304:2 305:1 311:1 313:1 316:1 317:1","VE_Gordon-Vejle","1","1","0","TRUE","MON","TK","M","FR1 + WB1"
"2025-W35","TK35915324","TK35915324A","2814478","2025-08-25","2025-08-22","301:3 304:3 305:3 312:2 313:3","VE_Gordon-Arhus","1","1","0","TRUE","MON","TK","L","FR1 + WB1"
"2025-W35","TK35915739","TK35915739A","2810361","2025-08-25","2025-08-22","301:1 302:1 305:1 314:1","VE_Gordon-Kobenhavn","0","1","0","TRUE","MON","TK","S","FR1"
"2025-W35","TK35914980","TK35914980A","2813861","2025-08-25","2025-08-22","301:1 302:1 303:1 304:1","VE_Gordon-Kobenhavn","1","1","0","TRUE","MON","TK","S","FR1 + WB1"
"2025-W35","TK35915481","TK35915481A","2811290","2025-08-25","2025-08-22","301:1 302:1 305:1 312:1 314:1 318:1","VE_Gordon-Kobenhavn","1","1","0","TRUE","MON","TK","S","FR1"
"2025-W35","TK35915695","TK35915695A","2811744","2025-08-25","2025-08-22","301:2 302:2 303:2 304:2 305:1 306:1 307:1 308:1","VE_Gordon-Kobenhavn","0","1","0","TRUE","MON","TK","M","FR1"
"2025-W35","TK35916204","TK35916204A","2804796","2025-08-25","2025-08-22","303:1 304:1 306:1 315:1 316:1 318:1","VE_Gordon-Kobenhavn","0","1","0","TRUE","MON","TK","S","FR1"
"2025-W35","TK35916254","TK35916254A","2758793","2025-08-25","2025-08-22","309:2 310:2","VE_Gordon-Kobenhavn","0","1","0","TRUE","MON","TK","S","FR1"
"2025-W35","TK35915723","TK35915723A","2812479","2025-08-25","2025-08-22","301:1 302:1 311:1 313:1","VE_Gordon-Vejle","0","1","0","TRUE","MON","TK","S","FR1"
"2025-W35","TK35916439","TK35916439A","2812283","2025-08-25","2025-08-22","305:2 309:1 313:1 315:2","VE_Gordon-Arhus","0","1","0","TRUE","MON","TK","S","FR1"
"2025-W35","TK35915242","TK35915242A","2811265","2025-08-24","2025-08-22","301:1 302:1 303:1 305:1 306:1 308:1 312:1 315:1","VE_Gordon-Kobenhavn","1","1","0","TRUE","SUN","TK","M","FR1"
"2025-W35","TK35914759","TK35914759A","2813217","2025-08-24","2025-08-22","303:3 308:3 315:3 317:3","VE_Gordon-Kobenhavn","1","1","0","TRUE","SUN","TK","M","FR1 + WB1"
"2025-W35","TK35913345","TK35913345A","2812871","2025-08-24","2025-08-22","301:1 308:1 311:1 314:1 315:1 317:1","VE_Gordon-Arhus","1","1","0","TRUE","SUN","TK","S","FR1 + WB1"
"2025-W35","TK35913391","TK35913391A","2812990","2025-08-24","2025-08-22","301:1 302:1 303:1 304:1","VE_Gordon-Kobenhavn","1","1","0","TRUE","SUN","TK","S","FR1 + WB1"
"2025-W35","TK35915997","TK35915997A","2775899","2025-08-25","2025-08-22","303:1 304:1 306:1 307:1","VE_Gordon-Kobenhavn","0","1","0","TRUE","MON","TK","S","FR1"
"2025-W35","TK35915898","TK35915898A","2803184","2025-08-25","2025-08-22","304:1 312:1 313:1 316:1","VE_Gordon-Arhus","0","1","0","TRUE","MON","TK","S","FR1"
"2025-W35","TK35916202","TK35916202A","2770917","2025-08-26","2025-08-22","308:1 311:1 315:1 318:1","VE_Gordon-Kobenhavn","0","1","0","TRUE","TUE","TK","S","FR1"
"2025-W35","TK35915642","TK35915642A","2809007","2025-08-25","2025-08-22","301:1 303:1 305:1 306:1 308:1 311:1 312:1 315:1","VE_Gordon-Kobenhavn","0","1","0","TRUE","MON","TK","M","FR1"
"2025-W35","TK35916147","TK35916147A","2807975","2025-08-25","2025-08-22","301:1 302:1 303:1 304:2 305:1 307:1 313:1 315:1 317:1","VE_Gordon-Kobenhavn","0","1","0","TRUE","MON","TK","M","FR1"
"2025-W35","TK35915432","TK35915432A","2811667","2025-08-25","2025-08-22","301:1 302:1 303:1 304:1 305:1 306:1 307:1 308:1 311:1 316:1","VE_Gordon-Vejle","0","1","0","TRUE","MON","TK","M","FR1"
"2025-W35","TK35916312","TK35916312A","2769518","2025-08-26","2025-08-22","301:1 302:1 303:1 304:1 309:1","VE_Gordon-Kobenhavn","0","1","0","TRUE","TUE","TK","S","FR1"
"2025-W35","TK35916078","TK35916078A","2809899","2025-08-25","2025-08-22","301:1 305:1 308:2 313:1 314:1 315:1 317:1","VE_Gordon-Arhus","0","1","0","TRUE","MON","TK","M","FR1"
"2025-W35","TK35916195","TK35916195A","2809159","2025-08-25","2025-08-22","301:1 302:1 303:1 304:1 305:1 306:1 307:1 308:1","VE_Gordon-Kobenhavn","0","1","0","TRUE","MON","TK","M","FR1"
"2025-W35","TK35915827","TK35915827A","2807454","2025-08-25","2025-08-22","301:1 302:1 303:1 304:1 305:1 306:1 307:1 308:1","VE_Gordon-Vejle","0","1","0","TRUE","MON","TK","M","FR1"
"2025-W35","TK35915768","TK35915768A","2809366","2025-08-25","2025-08-22","301:2 302:2 303:1 304:1 305:1 306:1 307:1 308:1","VE_Gordon-Kobenhavn","0","1","0","TRUE","MON","TK","M","FR1"
"2025-W35","TK35916155","TK35916155A","2797911","2025-08-25","2025-08-22","301:1 302:1 304:1 307:1","VE_Gordon-Kobenhavn","0","1","0","TRUE","MON","TK","S","FR1"
"2025-W35","TK35916096","TK35916096A","2808709","2025-08-25","2025-08-22","301:1 304:1 305:1 313:1","VE_Gordon-Vejle","0","1","0","TRUE","MON","TK","S","FR1"
"2025-W35","TK35916406","TK35916406A","2812434","2025-08-25","2025-08-22","301:2 302:2 303:2 304:2 305:1 306:1 307:1 308:1 316:1 317:1","VE_Gordon-Vejle","0","1","0","TRUE","MON","TK","L","FR1"
"2025-W35","TK35915316","TK35915316A","2814467","2025-08-25","2025-08-22","301:1 302:1 303:1 304:1","VE_Gordon-Vejle","1","1","0","TRUE","MON","TK","S","FR1 + WB1"
"2025-W35","TK35916272","TK35916272A","2810523","2025-08-25","2025-08-22","304:2 305:1 306:2 313:2 314:3 317:4","VE_Gordon-Arhus","0","1","0","TRUE","MON","TK","L","FR1"
"2025-W35","TK35916365","TK35916365A","2808359","2025-08-25","2025-08-22","301:1 302:1 303:1 304:1","VE_Gordon-Kobenhavn","0","1","0","TRUE","MON","TK","S","FR1"
"2025-W35","TK35915763","TK35915763A","2764808","2025-08-25","2025-08-22","301:1 302:1 303:1 304:1 305:1 306:1 307:1 308:1","VE_Gordon-Kobenhavn","0","1","0","TRUE","MON","TK","M","FR1"
"2025-W35","TK35915851","TK35915851A","2786897","2025-08-25","2025-08-22","302:1 303:1 304:1 305:1 308:1 315:1","VE_Gordon-Kobenhavn","0","1","0","TRUE","MON","TK","S","FR1"
"2025-W35","TK35916528","TK35916528A","2789982","2025-08-25","2025-08-22","301:2 302:2 303:1 304:1 305:1 306:1 307:1 308:1","VE_Gordon-Kobenhavn","0","1","0","TRUE","MON","TK","M","FR1"
"2025-W35","TK35916189","TK35916189A","2799371","2025-08-25","2025-08-22","302:1 303:1 308:1 311:1","VE_Gordon-Kobenhavn","1","1","0","TRUE","MON","TK","S","FR1 + WB1"
"2025-W35","TK35915842","TK35915842A","2810269","2025-08-25","2025-08-22","302:1 303:1 305:1 312:2 315:1","VE_Gordon-Vejle","0","1","0","TRUE","MON","TK","S","FR1"
"2025-W35","TK35916571","TK35916571A","2789601","2025-08-25","2025-08-22","302:1 303:1 305:1 308:2 318:1","VE_Gordon-Kobenhavn","0","1","0","TRUE","MON","TK","S","FR1"
"2025-W35","TK35914687","TK35914687A","2813024","2025-08-25","2025-08-22","305:1 314:1 317:1 318:1","VE_Gordon-Vejle","1","1","0","TRUE","MON","TK","S","FR1 + WB1"
"2025-W35","TK35916158","TK35916158A","2807784","2025-08-25","2025-08-22","301:1 302:1 303:1 304:1 305:1 306:1","VE_Gordon-Arhus","0","1","0","TRUE","MON","TK","S","FR1"
"2025-W35","TK35915729","TK35915729A","2811721","2025-08-25","2025-08-22","302:1 304:1 307:1 312:1 313:1 315:1","VE_MBB-Frederiksberg","0","1","0","TRUE","MON","TK","S","FR1"
"2025-W35","TK35916282","TK35916282A","2759294","2025-08-25","2025-08-22","301:1 302:1 303:1 306:1 307:1 312:1","VE_Gordon-Vejle","0","1","0","TRUE","MON","TK","S","FR1"
"2025-W35","TK35915023","TK35915023A","2813974","2025-08-25","2025-08-22","301:1 303:1 304:1 312:1","VE_Gordon-Kobenhavn","1","1","0","TRUE","MON","TK","S","FR1 + WB1"
"2025-W35","TK35916227","TK35916227A","2811817","2025-08-25","2025-08-22","302:3 304:4 314:3","VE_Gordon-Kobenhavn","0","1","0","TRUE","MON","TK","M","FR1"
"2025-W35","TK35916217","TK35916217A","2805435","2025-08-25","2025-08-22","301:2 303:2 306:2 308:2","VE_Gordon-Kobenhavn","0","1","0","TRUE","MON","TK","M","FR1"
"2025-W35","TK35915118","TK35915118A","2798919","2025-08-24","2025-08-22","306:1 307:1 312:1 313:1 314:1 316:1","VE_Gordon-Kobenhavn","0","1","0","TRUE","SUN","TK","S","FR1"
"2025-W35","TK35915191","TK35915191A","2810113","2025-08-24","2025-08-22","301:2 305:2 307:2 313:2 316:2","VE_Gordon-Arhus","0","1","0","TRUE","SUN","TK","M","FR1"
"2025-W35","TK35916370","TK35916370A","2811841","2025-08-25","2025-08-22","301:2 302:2 303:1 304:1 305:1 306:1 307:1 308:1","VE_Gordon-Kobenhavn","0","1","0","TRUE","MON","TK","M","FR1"
"2025-W35","TK35913377","TK35913377A","2812963","2025-08-25","2025-08-22","302:1 305:1 311:1 312:1 315:2","VE_Gordon-Arhus","1","1","0","TRUE","MON","TK","S","FR1 + WB1"
"2025-W35","TK35916318","TK35916318A","2798655","2025-08-25","2025-08-22","301:1 302:1 303:1 304:1 305:1 306:1","VE_Gordon-Kobenhavn","0","1","0","TRUE","MON","TK","S","FR1"
"2025-W35","TK35916603","TK35916603A","2758919","2025-08-25","2025-08-22","301:2 302:2 303:1 304:1 305:1 306:1 307:1 308:1","VE_Gordon-Kobenhavn","0","1","0","TRUE","MON","TK","M","FR1"
"2025-W35","TK35915457","TK35915457A","2805744","2025-08-25","2025-08-22","301:1 302:1 303:1 304:1","VE_Gordon-Kobenhavn","0","1","0","TRUE","MON","TK","S","FR1"
"2025-W35","TK35915383","TK35915383A","2811132","2025-08-25","2025-08-22","301:2 304:2 305:2 312:1 313:1","VE_Gordon-Arhus","0","1","0","TRUE","MON","TK","M","FR1"
"2025-W35","TK35915884","TK35915884A","2790304","2025-08-25","2025-08-22","301:2 304:2 305:2 312:2 313:2","VE_Gordon-Arhus","0","1","0","TRUE","MON","TK","M","FR1"
"2025-W35","TK35916334","TK35916334A","2812440","2025-08-25","2025-08-22","301:3 304:3 305:3 312:2 313:3","VE_Gordon-Arhus","0","1","0","TRUE","MON","TK","L","FR1"
"2025-W35","TK35915875","TK35915875A","2811608","2025-08-25","2025-08-22","301:1 302:1 305:1 314:1","VE_Gordon-Vejle","0","1","0","TRUE","MON","TK","S","FR1"
"2025-W35","TK35916575","TK35916575A","2796425","2025-08-25","2025-08-22","301:2 302:2 305:1 317:1","VE_Gordon-Vejle","0","1","0","TRUE","MON","TK","S","FR1"
"2025-W35","TK35914949","TK35914949A","2813763","2025-08-25","2025-08-22","302:2 303:2 307:2","VE_Gordon-Vejle","1","1","0","TRUE","MON","TK","S","FR1 + WB1"
"2025-W35","TK35914719","TK35914719A","2813099","2025-08-25","2025-08-22","301:1 302:1 303:1 304:1 305:1 306:1 307:1 308:1","VE_Gordon-Vejle","1","1","0","TRUE","MON","TK","M","FR1 + WB1"
"2025-W35","TK35915295","TK35915295A","2814399","2025-08-25","2025-08-22","301:2 302:2 303:1 304:1 305:1 306:1 307:1 308:1","VE_Gordon-Arhus","1","1","0","TRUE","MON","TK","M","FR1 + WB1"
"2025-W35","TK35915969","TK35915969A","2758236","2025-08-25","2025-08-22","302:1 303:1 304:1 306:1 309:1 310:2 314:1","VE_Gordon-Vejle","0","1","0","TRUE","MON","TK","M","FR1"
"2025-W35","TK35915832","TK35915832A","2812518","2025-08-25","2025-08-22","302:1 304:2 307:2 313:2 314:2 318:1","VE_Gordon-Kobenhavn","1","1","0","TRUE","MON","TK","M","FR1"
"2025-W35","TK35915702","TK35915702A","2811322","2025-08-25","2025-08-22","304:1 308:1 309:1 310:1 312:1 314:1","VE_Gordon-Arhus","0","1","0","TRUE","MON","TK","S","FR1"
"2025-W35","TK35916018","TK35916018A","2793685","2025-08-25","2025-08-22","301:2 302:2 303:1 304:1 305:1 306:1 307:1 308:1","VE_Gordon-Kobenhavn","0","1","0","TRUE","MON","TK","M","FR1"
"2025-W35","TK35916273","TK35916273A","2811226","2025-08-25","2025-08-22","303:1 307:1 317:1 318:1","VE_Gordon-Arhus","0","1","0","TRUE","MON","TK","S","FR1"
"2025-W35","TK35915493","TK35915493A","2795952","2025-08-25","2025-08-22","301:1 304:1 305:1 313:1","VE_Gordon-Kobenhavn","0","1","0","TRUE","MON","TK","S","FR1"
"2025-W35","TK35916175","TK35916175A","2811901","2025-08-25","2025-08-22","301:1 304:1 311:1 317:1","VE_Gordon-Kobenhavn","0","1","0","TRUE","MON","TK","S","FR1"
"2025-W35","TK35916069","TK35916069A","2811665","2025-08-25","2025-08-22","304:1 305:3 306:1 307:1 308:1 312:1 314:1 315:1 317:1 318:1","VE_Gordon-Arhus","0","1","0","TRUE","MON","TK","M","FR1"
"2025-W35","TK35915088","TK35915088A","2814185","2025-08-25","2025-08-22","301:1 302:1 303:1 305:1 308:1 312:1","VE_Gordon-Kobenhavn","1","1","0","TRUE","MON","TK","S","FR1 + WB1"
"2025-W35","TK35915394","TK35915394A","2807877","2025-08-25","2025-08-22","304:1 307:1 310:1 311:1 315:1 318:1","VE_Gordon-Vejle","0","1","0","TRUE","MON","TK","S","FR1"
"2025-W35","TK35916148","TK35916148A","2806564","2025-08-25","2025-08-22","301:1 302:1 303:1 304:1","VE_Gordon-Kobenhavn","0","1","0","TRUE","MON","TK","S","FR1"
"2025-W35","TK35916184","TK35916184A","2806883","2025-08-25","2025-08-22","302:1 303:1 308:4 309:1 310:1 312:3","VE_Gordon-Arhus","0","1","0","TRUE","MON","TK","M","FR1"
"2025-W35","TK35916108","TK35916108A","2798257","2025-08-25","2025-08-22","301:1 304:1 308:1 311:1 312:1 313:1","VE_Gordon-Kobenhavn","0","1","0","TRUE","MON","TK","S","FR1"
"2025-W35","TK35915632","TK35915632A","2758010","2025-08-25","2025-08-22","301:1 304:1 305:1 306:1 308:1 311:1","VE_Gordon-Kobenhavn","0","1","0","TRUE","MON","TK","S","FR1"
"2025-W35","TK35915558","TK35915558A","2803648","2025-08-25","2025-08-22","301:1 304:1 305:1 306:1 307:1 308:1 311:1 315:1","VE_Gordon-Kobenhavn","0","1","0","TRUE","MON","TK","M","FR1"
"2025-W35","TK35914810","TK35914810A","2813371","2025-08-25","2025-08-22","301:1 302:1 303:1 304:1 305:1 306:1 805:2 809:1 810:1","VE_Gordon-Arhus","1","1","0","TRUE","MON","TK","M","FR1 + WB1"
"2025-W35","TK35915992","TK35915992A","2759232","2025-08-25","2025-08-22","304:1 312:1 314:1 315:1","VE_Gordon-Arhus","0","1","0","TRUE","MON","TK","S","FR1"
"2025-W35","TK35915307","TK35915307A","2814438","2025-08-25","2025-08-22","302:2 304:2 306:2 307:2","VE_Gordon-Arhus","1","1","0","TRUE","MON","TK","M","FR1 + WB1"
"2025-W35","TK35915637","TK35915637A","2811113","2025-08-25","2025-08-22","301:2 302:2 303:2 304:2 305:2 306:2 307:1 308:1","VE_Gordon-Arhus","0","1","0","TRUE","MON","TK","L","FR1"
"2025-W35","TK35915982","TK35915982A","2788379","2025-08-25","2025-08-22","301:1 302:1 303:1 304:1 306:1 311:1 315:1","VE_Gordon-Vejle","0","1","0","TRUE","MON","TK","M","FR1"
"2025-W35","TK35915910","TK35915910A","2799378","2025-08-25","2025-08-22","301:1 308:1 312:1 315:1","VE_Gordon-Kobenhavn","0","1","0","TRUE","MON","TK","S","FR1"
"2025-W35","TK35916041","TK35916041A","2794652","2025-08-25","2025-08-22","301:1 302:1 303:1 305:1","VE_Gordon-Kobenhavn","0","1","0","TRUE","MON","TK","S","FR1"
"2025-W35","TK35915460","TK35915460A","2807523","2025-08-25","2025-08-22","302:1 303:1 306:1 309:1","VE_Gordon-Kobenhavn","0","1","0","TRUE","MON","TK","S","FR1"
"2025-W35","TK35915728","TK35915728A","2752146","2025-08-25","2025-08-22","309:4","VE_Gordon-Vejle","0","1","0","TRUE","MON","TK","S","FR1"
"2025-W35","TK35914698","TK35914698A","2813048","2025-08-24","2025-08-22","303:3 305:2 306:2 308:4 312:3","VE_Gordon-Arhus","1","1","0","TRUE","SUN","TK","L","FR1 + WB1"
"2025-W35","TK35914717","TK35914717A","2753834","2025-08-24","2025-08-22","312:2 313:1 315:1 316:2 317:2","VE_Gordon-Vejle","1","1","0","TRUE","SUN","TK","M","FR1 + WB1"
"2025-W35","TK35915206","TK35915206A","2810860","2025-08-24","2025-08-22","301:2 304:1 305:1 312:1 313:1","VE_Gordon-Vejle","1","1","0","TRUE","SUN","TK","S","FR1"
"2025-W35","TK35913189","TK35913189A","2812661","2025-08-24","2025-08-22","305:2 308:2 312:2 315:2","VE_Gordon-Vejle","1","1","0","TRUE","SUN","TK","M","FR1 + WB1"
"2025-W35","TK35916097","TK35916097A","2779359","2025-08-25","2025-08-22","303:2 305:2 312:2 313:1 314:1 315:2","VE_MBB-Frederiksberg","0","1","0","TRUE","MON","TK","M","FR1"
"2025-W35","TK35914864","TK35914864A","2813529","2025-08-25","2025-08-22","301:2 302:2 303:1 304:1 305:1 306:1 307:1 308:1","VE_Gordon-Arhus","1","1","0","TRUE","MON","TK","M","FR1 + WB1"
"2025-W35","TK35915518","TK35915518A","2810096","2025-08-25","2025-08-22","301:1 303:1 306:1 308:1 312:1 315:1","VE_Gordon-Kobenhavn","0","1","0","TRUE","MON","TK","S","FR1"
"2025-W35","TK35915335","TK35915335A","2807284","2025-08-25","2025-08-22","304:3 308:2 313:1 314:2","VE_Gordon-Arhus","0","1","0","TRUE","MON","TK","M","FR1"
"2025-W35","TK35915980","TK35915980A","2809115","2025-08-25","2025-08-22","301:1 304:2 305:2 308:1 311:1 312:2 313:1","VE_Gordon-Vejle","0","1","0","TRUE","MON","TK","M","FR1"
"2025-W35","TK35915769","TK35915769A","2773309","2025-08-25","2025-08-22","304:2 308:2 315:2","VE_Gordon-Kobenhavn","0","1","0","TRUE","MON","TK","S","FR1"
"2025-W35","TK35916320","TK35916320A","2777262","2025-08-25","2025-08-22","301:2 302:3 304:4 305:1 306:1 308:1","VE_Gordon-Kobenhavn","0","1","0","TRUE","MON","TK","M","FR1"
"2025-W35","TK35915417","TK35915417A","2794344","2025-08-25","2025-08-22","301:1 304:1 305:1 313:1","VE_Gordon-Kobenhavn","0","1","0","TRUE","MON","TK","S","FR1"
"2025-W35","TK35915094","TK35915094A","2814196","2025-08-25","2025-08-22","301:1 302:1 303:1 304:1","VE_Gordon-Kobenhavn","1","1","0","TRUE","MON","TK","S","FR1 + WB1"
"2025-W35","TK35916218","TK35916218A","2809806","2025-08-25","2025-08-22","301:2 302:2 303:1 304:1 305:1 306:1 307:1 308:1","VE_Gordon-Kobenhavn","0","1","0","TRUE","MON","TK","M","FR1"
"2025-W35","TK35915458","TK35915458A","2762379","2025-08-25","2025-08-22","303:1 311:1 312:1 315:1","VE_Gordon-Kobenhavn","0","1","0","TRUE","MON","TK","S","FR1"
"2025-W35","TK35916076","TK35916076A","2809821","2025-08-25","2025-08-22","301:2 303:2 305:2 308:1 311:1 312:1 315:1","VE_Gordon-Vejle","0","1","0","TRUE","MON","TK","M","FR1"
"2025-W35","TK35915021","TK35915021A","2804086","2025-08-25","2025-08-22","301:1 302:1 306:1 307:1 312:1 318:1","VE_MBB-Frederiksberg","1","1","0","TRUE","MON","TK","S","FR1 + WB1"
"2025-W35","TK35916389","TK35916389A","2779772","2025-08-25","2025-08-22","301:2 302:2 305:1 314:1","VE_Gordon-Kobenhavn","0","1","0","TRUE","MON","TK","S","FR1"
"2025-W35","TK35916245","TK35916245A","2803124","2025-08-25","2025-08-22","301:1 302:1 303:1 304:1","VE_MBB-Frederiksberg","0","1","0","TRUE","MON","TK","S","FR1"
"2025-W35","TK35915030","TK35915030A","2813987","2025-08-25","2025-08-22","303:1 305:3 306:1 309:1 312:1 313:1 316:1 317:1","VE_Gordon-Vejle","1","1","0","TRUE","MON","TK","M","FR1 + WB1"
"2025-W35","TK35915926","TK35915926A","2798711","2025-08-25","2025-08-22","301:2 303:2 304:2 306:2 311:1","VE_Gordon-Vejle","0","1","0","TRUE","MON","TK","M","FR1"
"2025-W35","TK35916250","TK35916250A","2791923","2025-08-25","2025-08-22","304:1 305:1 307:1 312:2 313:1","VE_Gordon-Kobenhavn","0","1","0","TRUE","MON","TK","S","FR1"
"2025-W35","TK35916556","TK35916556A","2808052","2025-08-25","2025-08-22","301:1 302:1 303:1 304:1 305:1 306:1","VE_Gordon-Vejle","0","1","0","TRUE","MON","TK","S","FR1"
"2025-W35","TK35915472","TK35915472A","2810148","2025-08-25","2025-08-22","301:1 302:1 303:1 304:1 305:1 306:1","VE_Gordon-Vejle","0","1","0","TRUE","MON","TK","S","FR1"
"2025-W35","TK35914709","TK35914709A","2812084","2025-08-25","2025-08-22","304:1 306:1 307:1 308:1 312:1 313:1 315:1 317:1","VE_Gordon-Vejle","1","1","0","TRUE","MON","TK","M","FR1 + WB1"
"2025-W35","TK35915858","TK35915858A","2810132","2025-08-25","2025-08-22","302:1 303:1 308:1 311:1 312:1 314:1","VE_Gordon-Arhus","0","1","0","TRUE","MON","TK","S","FR1"
"2025-W35","TK35915278","TK35915278A","2751347","2025-08-25","2025-08-22","301:1 302:1 305:1 312:2 317:1 318:2","VE_Gordon-Kobenhavn","1","1","0","TRUE","MON","TK","M","FR1 + WB1"
"2025-W35","TK35915342","TK35915342A","2797407","2025-08-25","2025-08-22","301:1 302:1 303:1 304:1 305:1 306:1 307:1 308:1","VE_Gordon-Kobenhavn","0","1","0","TRUE","MON","TK","M","FR1"
"2025-W35","TK35915515","TK35915515A","2797545","2025-08-25","2025-08-22","304:1 307:1 308:2","VE_Gordon-Arhus","0","1","0","TRUE","MON","TK","S","FR1"
"2025-W35","TK35915506","TK35915506A","2809580","2025-08-25","2025-08-22","301:1 302:1 303:1 304:1 305:1 306:1","VE_Gordon-Kobenhavn","0","1","0","TRUE","MON","TK","S","FR1"
"2025-W35","TK35915603","TK35915603A","2754942","2025-08-25","2025-08-22","301:1 302:1 307:1 314:1","VE_Gordon-Arhus","0","1","0","TRUE","MON","TK","S","FR1"
"2025-W35","TK35916123","TK35916123A","2783857","2025-08-25","2025-08-22","301:2 305:1 308:1 312:1 313:1 318:1","VE_Gordon-Kobenhavn","0","1","0","TRUE","MON","TK","M","FR1"
"2025-W35","TK35914733","TK35914733A","2813149","2025-08-24","2025-08-22","301:1 303:1 305:1 312:1","VE_Gordon-Kobenhavn","1","1","0","TRUE","SUN","TK","S","FR1 + WB1"
"2025-W35","TK35915173","TK35915173A","2809496","2025-08-24","2025-08-22","301:1 306:1 308:1 311:2 314:1 315:1 317:1","VE_Gordon-Vejle","0","1","0","TRUE","SUN","TK","M","FR1"
"2025-W35","TK35915833","TK35915833A","2811843","2025-08-25","2025-08-22","301:2 304:2 305:2 312:2 313:2","VE_Gordon-Kobenhavn","0","1","0","TRUE","MON","TK","M","FR1"
"2025-W35","TK35915063","TK35915063A","2814115","2025-08-25","2025-08-22","301:2 302:2 305:2 306:1 307:1 312:2","VE_Gordon-Kobenhavn","1","1","0","TRUE","MON","TK","M","FR1 + WB1"
"2025-W35","TK35914918","TK35914918A","2813666","2025-08-25","2025-08-22","301:2 302:2 303:2 304:2 305:2 306:2 312:2","VE_Gordon-Vejle","1","1","0","TRUE","MON","TK","L","FR1 + WB1"
"2025-W35","TK35915671","TK35915671A","2760403","2025-08-25","2025-08-22","308:1 314:1 316:1 317:1","VE_MBB-Frederiksberg","0","1","0","TRUE","MON","TK","S","FR1"
"2025-W35","TK35915789","TK35915789A","2803705","2025-08-25","2025-08-22","301:1 302:1 303:1 305:1","VE_Gordon-Kobenhavn","0","1","0","TRUE","MON","TK","S","FR1"
"2025-W35","TK35916106","TK35916106A","2791446","2025-08-25","2025-08-22","301:1 302:1 305:1 314:1","VE_Gordon-Kobenhavn","0","1","0","TRUE","MON","TK","S","FR1"
"2025-W35","TK35915554","TK35915554A","2811294","2025-08-25","2025-08-22","301:3 304:3 305:3 312:2 313:3","VE_Gordon-Kobenhavn","0","1","0","TRUE","MON","TK","L","FR1"
"2025-W35","TK35916369","TK35916369A","2808455","2025-08-25","2025-08-22","303:2 311:2 315:2 318:1","VE_MBB-Frederiksberg","0","1","0","TRUE","MON","TK","M","FR1"
"2025-W35","TK35916599","TK35916599A","2789206","2025-08-25","2025-08-22","301:1 304:1 305:1 313:1","VE_Gordon-Arhus","0","1","0","TRUE","MON","TK","S","FR1"
"2025-W35","TK35915268","TK35915268A","2805444","2025-08-25","2025-08-22","301:2 304:2 308:2 312:2 316:2","VE_Gordon-Vejle","1","1","0","TRUE","MON","TK","M","FR1 + WB1"
"2025-W35","TK35915619","TK35915619A","2762341","2025-08-25","2025-08-22","301:1 305:1 307:1 313:1 315:1 318:1","VE_Gordon-Kobenhavn","0","1","0","TRUE","MON","TK","S","FR1"
"2025-W35","TK35916201","TK35916201A","2812578","2025-08-25","2025-08-22","301:1 302:1 303:1 305:1 306:1 307:1 308:1 312:1","VE_Gordon-Kobenhavn","0","1","0","TRUE","MON","TK","M","FR1"
"2025-W35","TK35915064","TK35915064A","2805450","2025-08-25","2025-08-22","301:2 305:3 311:2 312:3","VE_Gordon-Kobenhavn","1","1","0","TRUE","MON","TK","M","FR1 + WB1"
"2025-W35","TK35916540","TK35916540A","2790581","2025-08-25","2025-08-22","301:1 302:1 303:1 304:1","VE_Gordon-Kobenhavn","0","1","0","TRUE","MON","TK","S","FR1"
"2025-W35","TK35916162","TK35916162A","2780287","2025-08-25","2025-08-22","301:1 302:1 303:1 304:1 305:1 306:1 307:1 308:1","VE_Gordon-Kobenhavn","0","1","0","TRUE","MON","TK","M","FR1"
"2025-W35","TK35916532","TK35916532A","2794535","2025-08-25","2025-08-22","301:1 302:1 305:1 314:1","VE_Gordon-Kobenhavn","0","1","0","TRUE","MON","TK","S","FR1"
"2025-W35","TK35915546","TK35915546A","2807858","2025-08-25","2025-08-22","301:1 303:1 304:1 305:1 306:1 308:1","VE_Gordon-Kobenhavn","0","1","0","TRUE","MON","TK","S","FR1"
"2025-W35","TK35915774","TK35915774A","2800225","2025-08-25","2025-08-22","302:2 303:3 308:2","VE_Gordon-Kobenhavn","0","1","0","TRUE","MON","TK","M","FR1"
"2025-W35","TK35916066","TK35916066A","2807730","2025-08-25","2025-08-22","303:1 308:1 312:1 316:1","VE_Gordon-Arhus","0","1","0","TRUE","MON","TK","S","FR1"
"2025-W35","TK35916022","TK35916022A","2784579","2025-08-25","2025-08-22","303:2 304:1 306:1 307:1 308:1","VE_Gordon-Kobenhavn","0","1","0","TRUE","MON","TK","S","FR1"
"2025-W35","TK35915402","TK35915402A","2800879","2025-08-25","2025-08-22","301:1 302:1 303:1 304:1","VE_Gordon-Vejle","0","1","0","TRUE","MON","TK","S","FR1"
"2025-W35","TK35915607","TK35915607A","2771117","2025-08-25","2025-08-22","303:2 304:1 306:1 307:1 308:1","VE_Gordon-Kobenhavn","0","1","0","TRUE","MON","TK","S","FR1"
"2025-W35","TK35915675","TK35915675A","2762333","2025-08-25","2025-08-22","301:2 304:1 305:1 312:1 313:1","VE_Gordon-Vejle","0","1","0","TRUE","MON","TK","S","FR1"
"2025-W35","TK35915623","TK35915623A","2782337","2025-08-25","2025-08-22","309:4 310:4","VE_Gordon-Kobenhavn","0","1","0","TRUE","MON","TK","M","FR1"
"2025-W35","TK35915451","TK35915451A","2811828","2025-08-25","2025-08-22","301:1 302:1 303:1 304:1","VE_Gordon-Vejle","0","1","0","TRUE","MON","TK","S","FR1"
"2025-W35","TK35912947","TK35912947A","2812041","2025-08-24","2025-08-22","311:2 312:2 315:2","VE_Gordon-Arhus","1","1","0","TRUE","SUN","TK","S","FR1 + WB1"
"2025-W35","TK35915102","TK35915102A","2814234","2025-08-24","2025-08-22","301:1 302:1 303:1 307:1 312:1 317:1","VE_Gordon-Kobenhavn","1","1","0","TRUE","SUN","TK","S","FR1 + WB1"
"2025-W35","TK35915085","TK35915085A","2814177","2025-08-24","2025-08-22","301:1 302:1 303:1 304:1","VE_Gordon-Vejle","1","1","0","TRUE","SUN","TK","S","FR1 + WB1"
"2025-W35","TK35915215","TK35915215A","2809502","2025-08-24","2025-08-22","301:1 304:1 312:1 313:1","VE_Gordon-Vejle","0","1","0","TRUE","SUN","TK","S","FR1"
"2025-W35","TK35915433","TK35915433A","2790203","2025-08-25","2025-08-22","301:1 304:1 305:1 313:1","VE_MBB-Frederiksberg","0","1","0","TRUE","MON","TK","S","FR1"
"2025-W35","TK35916348","TK35916348A","2799170","2025-08-25","2025-08-22","303:1 305:1 306:2 307:1 315:1 317:2","VE_Gordon-Vejle","0","1","0","TRUE","MON","TK","M","FR1"
"2025-W35","TK35915866","TK35915866A","2810079","2025-08-25","2025-08-22","302:1 304:1 312:1 314:1","VE_Gordon-Kobenhavn","0","1","0","TRUE","MON","TK","S","FR1"
"2025-W35","TK35916428","TK35916428A","2807704","2025-08-25","2025-08-22","301:1 302:1 303:1 304:1 305:1 306:1 307:1 308:1","VE_Gordon-Arhus","0","1","0","TRUE","MON","TK","M","FR1"
"2025-W35","TK35914897","TK35914897A","2813632","2025-08-25","2025-08-22","305:3 308:3 312:3 313:3","VE_Gordon-Kobenhavn","1","1","0","TRUE","MON","TK","M","FR1 + WB1"
"2025-W35","TK35916322","TK35916322A","2811237","2025-08-25","2025-08-22","301:2 302:2 303:2 304:2 305:2 306:2 307:1 308:1","VE_Gordon-Kobenhavn","0","1","0","TRUE","MON","TK","L","FR1"
"2025-W35","TK35915697","TK35915697A","2790600","2025-08-25","2025-08-22","303:2 304:1 306:1 307:1 308:1","VE_Gordon-Kobenhavn","0","1","0","TRUE","MON","TK","S","FR1"
"2025-W35","TK35915737","TK35915737A","2797206","2025-08-25","2025-08-22","301:2 307:2 311:2 315:2 317:2","VE_Gordon-Kobenhavn","0","1","0","TRUE","MON","TK","M","FR1"
"2025-W35","TK35915794","TK35915794A","2810134","2025-08-25","2025-08-22","301:2 302:2 303:1 304:1 305:1 306:1 307:1 308:1","VE_Gordon-Kobenhavn","0","1","0","TRUE","MON","TK","M","FR1"
"2025-W35","TK35916555","TK35916555A","2760842","2025-08-25","2025-08-22","301:2 304:1 305:1 312:1 313:1","VE_Gordon-Vejle","0","1","0","TRUE","MON","TK","S","FR1"
"2025-W35","TK35915834","TK35915834A","2756189","2025-08-25","2025-08-22","303:1 304:1 307:1 308:1 311:1 312:1","VE_Gordon-Kobenhavn","0","1","0","TRUE","MON","TK","S","FR1"
"2025-W35","TK35916021","TK35916021A","2797221","2025-08-25","2025-08-22","301:1 302:1 303:1 304:3 305:1 306:1","VE_Gordon-Kobenhavn","0","1","0","TRUE","MON","TK","M","FR1"
"2025-W35","TK35915569","TK35915569A","2811965","2025-08-25","2025-08-22","301:2 302:2 303:1 304:1 305:1 306:1 307:1 308:1","VE_Gordon-Kobenhavn","0","1","0","TRUE","MON","TK","M","FR1"
"2025-W35","TK35914782","TK35914782A","2813298","2025-08-25","2025-08-22","301:2 302:2 303:2 304:2 305:2 306:2 318:2","VE_Gordon-Kobenhavn","1","1","0","TRUE","MON","TK","L","FR1 + WB1"
"2025-W35","TK35916441","TK35916441A","2757844","2025-08-25","2025-08-22","301:1 302:1 305:1 314:1","VE_Gordon-Kobenhavn","0","1","0","TRUE","MON","TK","S","FR1"
"2025-W35","TK35914795","TK35914795A","2781839","2025-08-25","2025-08-22","301:3 302:3 305:2 314:2","VE_Gordon-Arhus","1","1","0","TRUE","MON","TK","M","FR1 + WB1"
"2025-W35","TK35916044","TK35916044A","2803208","2025-08-25","2025-08-22","301:1 302:1 303:1 304:2 308:1 310:1 318:1","VE_Gordon-Kobenhavn","0","1","0","TRUE","MON","TK","M","FR1"
"2025-W35","TK35914940","TK35914940A","2813731","2025-08-25","2025-08-22","301:2 303:3 305:2 306:1 307:2 316:1 318:1","VE_Gordon-Kobenhavn","1","1","0","TRUE","MON","TK","M","FR1 + WB1"
"2025-W35","TK35914760","TK35914760A","2813013","2025-08-25","2025-08-22","301:1 302:1 303:1 304:1","VE_Gordon-Kobenhavn","1","1","0","TRUE","MON","TK","S","FR1 + WB1"
"2025-W35","TK35915462","TK35915462A","2771592","2025-08-25","2025-08-22","301:1 302:1 305:1 314:1","VE_Gordon-Kobenhavn","0","1","0","TRUE","MON","TK","S","FR1"
"2025-W35","TK35916252","TK35916252A","2806414","2025-08-25","2025-08-22","301:2 304:1 305:1 312:1 313:1","VE_MBB-Frederiksberg","0","1","0","TRUE","MON","TK","S","FR1"
"2025-W35","TK35915651","TK35915651B","2808235","2025-08-25","2025-08-22","809:2 301:3 303:1","VE_Gordon-Kobenhavn","0","1","0","TRUE","MON","TK","S","FR1"
"2025-W35","TK35916098","TK35916098A","2812935","2025-08-25","2025-08-22","301:1 302:1 303:1 304:1 306:1 307:1","VE_Gordon-Kobenhavn","0","1","0","TRUE","MON","TK","S","FR1"
"2025-W35","TK35915379","TK35915379A","2769318","2025-08-25","2025-08-22","304:1 308:1 311:1 313:1","VE_Gordon-Kobenhavn","0","1","0","TRUE","MON","TK","S","FR1"
"2025-W35","TK35916584","TK35916584A","2781539","2025-08-25","2025-08-22","304:1 306:1 313:2 314:1 315:1","VE_MBB-Frederiksberg","0","1","0","TRUE","MON","TK","S","FR1"
"2025-W35","TK35914738","TK35914738A","2813157","2025-08-26","2025-08-22","302:1 303:1 307:1 308:1 314:1 315:1","VE_Gordon-Bornholm","1","1","0","TRUE","TUE","TK","S","FR1 + WB1"
"2025-W35","TK35916429","TK35916429A","2808729","2025-08-25","2025-08-22","304:2 308:1 313:1 315:2","VE_Gordon-Vejle","0","1","0","TRUE","MON","TK","S","FR1"
"2025-W35","TK35914801","TK35914801A","2813344","2025-08-25","2025-08-22","301:2 305:2 307:2 312:2 314:2 317:2 318:2","VE_Gordon-Kobenhavn","1","1","0","TRUE","MON","TK","L","FR1 + WB1"
"2025-W35","TK35914739","TK35914739A","2777147","2025-08-25","2025-08-22","301:2 302:2 305:2 314:2","VE_Gordon-Kobenhavn","1","1","0","TRUE","MON","TK","M","FR1 + WB1"
"2025-W35","TK35915176","TK35915176A","2794755","2025-08-24","2025-08-22","301:1 304:2 307:1 311:1 312:1 313:1","VE_Gordon-Kobenhavn","1","1","0","TRUE","SUN","TK","M","FR1"
"2025-W35","TK35915087","TK35915087A","2814170","2025-08-24","2025-08-22","301:1 304:1 306:1 308:1 310:1 311:1","VE_Gordon-Kobenhavn","1","1","0","TRUE","SUN","TK","S","FR1 + WB1"
"2025-W35","TK35915133","TK35915133A","2764789","2025-08-24","2025-08-22","301:1 302:1 303:1 306:1 307:1 308:1","VE_Gordon-Kobenhavn","0","1","0","TRUE","SUN","TK","S","FR1"
"2025-W35","TK35915188","TK35915188A","2811446","2025-08-24","2025-08-22","301:1 302:1 303:1 304:1 305:1 306:1","VE_Gordon-Kobenhavn","1","1","0","TRUE","SUN","TK","S","FR1"
"2025-W35","TK35915223","TK35915223A","2811088","2025-08-24","2025-08-22","301:3 302:3 305:2 314:2","VE_Gordon-Vejle","0","1","0","TRUE","SUN","TK","M","FR1"
"2025-W35","TK35915228","TK35915228A","2759203","2025-08-24","2025-08-22","301:1 305:1 307:1 314:1 315:1 317:1","VE_Gordon-Vejle","1","1","0","TRUE","SUN","TK","S","FR1"
"2025-W35","TK35915750","TK35915750A","2811970","2025-08-25","2025-08-22","301:2 302:2 303:1 304:1 305:1 306:1 307:1 308:1","VE_Gordon-Kobenhavn","0","1","0","TRUE","MON","TK","M","FR1"
"2025-W35","TK35915877","TK35915877A","2775411","2025-08-25","2025-08-22","302:1 303:1 305:1 317:1","VE_Gordon-Kobenhavn","0","1","0","TRUE","MON","TK","S","FR1"
"2025-W35","TK35915077","TK35915077A","2814139","2025-08-25","2025-08-22","302:1 303:2 312:2 316:1","VE_Gordon-Kobenhavn","1","1","0","TRUE","MON","TK","S","FR1 + WB1"
"2025-W35","TK35916064","TK35916064A","2811227","2025-08-25","2025-08-22","301:1 302:1 305:1 308:1 315:1 318:1","VE_Gordon-Arhus","0","1","0","TRUE","MON","TK","S","FR1"
"2025-W35","TK35914919","TK35914919A","2813671","2025-08-25","2025-08-22","301:1 302:1 303:1 307:1","VE_Gordon-Kobenhavn","1","1","0","TRUE","MON","TK","S","FR1 + WB1"
"2025-W35","TK35914941","TK35914941A","2813732","2025-08-25","2025-08-22","303:1 304:1 308:1 318:1","VE_Gordon-Kobenhavn","1","1","0","TRUE","MON","TK","S","FR1 + WB1"
"2025-W35","TK35915103","TK35915103A","2814236","2025-08-25","2025-08-22","301:1 302:1 304:1 305:1 306:1 314:1","VE_Gordon-Kobenhavn","1","1","0","TRUE","MON","TK","S","FR1 + WB1"
"2025-W35","TK35916026","TK35916026A","2803212","2025-08-26","2025-08-22","301:2 302:2 303:1 304:1 305:1 306:1 307:1 316:1","VE_Gordon-Bornholm","0","1","0","TRUE","TUE","TK","M","FR1"
"2025-W35","TK35915692","TK35915692A","2804488","2025-08-25","2025-08-22","304:3 308:2 312:2 313:3 315:2 316:2","VE_Gordon-Kobenhavn","0","1","0","TRUE","MON","TK","L","FR1"
"2025-W35","TK35915420","TK35915420A","2763684","2025-08-25","2025-08-22","301:1 302:1 305:1 314:1","VE_Gordon-Arhus","0","1","0","TRUE","MON","TK","S","FR1"
"2025-W35","TK35916010","TK35916010A","2811742","2025-08-25","2025-08-22","301:2 302:2 303:2 304:2 305:2 306:2 307:1 308:1","VE_Gordon-Vejle","0","1","0","TRUE","MON","TK","L","FR1"
"2025-W35","TK35914942","TK35914942A","2813734","2025-08-25","2025-08-22","301:1 303:1 304:1 305:1 312:1","VE_Gordon-Kobenhavn","1","1","0","TRUE","MON","TK","S","FR1 + WB1"
"2025-W35","TK35916265","TK35916265A","2808700","2025-08-25","2025-08-22","301:2 303:2 304:2 305:2 307:1 308:3 318:2","VE_Gordon-Kobenhavn","0","1","0","TRUE","MON","TK","L","FR1"
"2025-W35","TK35916032","TK35916032A","2803738","2025-08-25","2025-08-22","302:1 304:1 317:1 318:1","VE_Gordon-Vejle","0","1","0","TRUE","MON","TK","S","FR1"
"2025-W35","TK35916579","TK35916579A","2784319","2025-08-25","2025-08-22","301:1 302:1 303:1 304:1 305:1 306:1 307:1 308:1","VE_Gordon-Arhus","0","1","0","TRUE","MON","TK","M","FR1"
"2025-W35","TK35915629","TK35915629A","2759959","2025-08-25","2025-08-22","301:1 303:1 304:1 312:1","VE_Gordon-Kobenhavn","0","1","0","TRUE","MON","TK","S","FR1"
"2025-W35","TK35916200","TK35916200A","2791718","2025-08-25","2025-08-22","302:1 304:1 308:1 318:1","VE_Gordon-Vejle","0","1","0","TRUE","MON","TK","S","FR1"
"2025-W35","TK35916149","TK35916149A","2780726","2025-08-25","2025-08-22","301:2 304:2 305:2 312:1 313:1","VE_Gordon-Vejle","0","1","0","TRUE","MON","TK","M","FR1"
"2025-W35","TK35915847","TK35915847A","2812812","2025-08-25","2025-08-22","303:1 307:1 317:1 318:1","VE_Gordon-Vejle","0","1","0","TRUE","MON","TK","S","FR1"
"2025-W35","TK35916339","TK35916339A","2812729","2025-08-25","2025-08-22","301:2 304:2 311:1 312:1","VE_Gordon-Kobenhavn","0","1","0","TRUE","MON","TK","S","FR1"
"2025-W35","TK35916576","TK35916576A","2811693","2025-08-25","2025-08-22","303:1 308:1 311:1 313:1 314:1 315:1 805:4","VE_Gordon-Kobenhavn","0","1","0","TRUE","MON","TK","M","FR1"
"2025-W35","TK35916582","TK35916582A","2801436","2025-08-25","2025-08-22","308:2 310:1 312:5","VE_Gordon-Kobenhavn","0","1","0","TRUE","MON","TK","M","FR1"
"2025-W35","TK35916028","TK35916028A","2781674","2025-08-25","2025-08-22","302:1 303:1 308:1 317:1","VE_Gordon-Kobenhavn","0","1","0","TRUE","MON","TK","S","FR1"
"2025-W35","TK35916431","TK35916431A","2759896","2025-08-25","2025-08-22","301:1 302:1 304:1 314:1","VE_Gordon-Arhus","0","1","0","TRUE","MON","TK","S","FR1"
"2025-W35","TK35916211","TK35916211A","2763721","2025-08-25","2025-08-22","311:4","VE_Gordon-Vejle","0","1","0","TRUE","MON","TK","S","FR1"
"2025-W35","TK35916400","TK35916400A","2778885","2025-08-25","2025-08-22","304:2 307:1 311:2 316:1","VE_Gordon-Kobenhavn","0","1","0","TRUE","MON","TK","S","FR1"
"2025-W35","TK35916059","TK35916059A","2783176","2025-08-25","2025-08-22","304:3 311:3","VE_Gordon-Kobenhavn","0","1","0","TRUE","MON","TK","S","FR1"
"2025-W35","TK35915289","TK35915289A","2814382","2025-08-25","2025-08-22","306:1 308:1 314:1 315:1","VE_Gordon-Arhus","1","1","0","TRUE","MON","TK","S","FR1 + WB1"
"2025-W35","TK35915419","TK35915419A","2799965","2025-08-25","2025-08-22","301:1 302:1 303:1 304:1 305:1 306:1","VE_MBB-Frederiksberg","0","1","0","TRUE","MON","TK","S","FR1"
"2025-W35","TK35914954","TK35914954A","2813779","2025-08-24","2025-08-22","301:1 302:1 303:1 317:1","VE_Gordon-Kobenhavn","1","1","0","TRUE","SUN","TK","S","FR1 + WB1"
"2025-W35","TK35915177","TK35915177A","2811210","2025-08-24","2025-08-22","301:2 302:2 303:1 304:1 305:1 306:1 307:1 308:1","VE_Gordon-Vejle","0","1","0","TRUE","SUN","TK","M","FR1"
"2025-W35","TK35915200","TK35915200A","2788510","2025-08-24","2025-08-22","301:2 304:1 305:1 312:1 313:1","VE_MBB-Frederiksberg","0","1","0","TRUE","SUN","TK","S","FR1"
"2025-W35","TK35916141","TK35916141A","2801864","2025-08-25","2025-08-22","301:1 302:1 303:1 304:1 305:1 306:1","VE_Gordon-Vejle","0","1","0","TRUE","MON","TK","S","FR1"
"2025-W35","TK35915595","TK35915595A","2807419","2025-08-25","2025-08-22","301:1 302:1 303:1 304:1 305:1 306:1","VE_Gordon-Kobenhavn","0","1","0","TRUE","MON","TK","S","FR1"
"2025-W35","TK35914792","TK35914792A","2813200","2025-08-25","2025-08-22","301:2 303:1 304:1 307:2 312:2 317:2","VE_Gordon-Kobenhavn","1","1","0","TRUE","MON","TK","M","FR1 + WB1"
"2025-W35","TK35916160","TK35916160A","2782768","2025-08-25","2025-08-22","302:1 303:2 304:1 308:1 312:1 313:1 317:2 318:1","VE_Gordon-Kobenhavn","0","1","0","TRUE","MON","TK","M","FR1"
"2025-W35","TK35916002","TK35916002A","2800410","2025-08-25","2025-08-22","301:1 303:1 305:1 315:2 316:1","VE_Gordon-Kobenhavn","0","1","0","TRUE","MON","TK","S","FR1"
"2025-W35","TK35915943","TK35915943A","2794269","2025-08-25","2025-08-22","301:1 304:1 308:1 312:1 313:1 317:1","VE_Gordon-Kobenhavn","0","1","0","TRUE","MON","TK","S","FR1"
"2025-W35","TK35915520","TK35915520A","2796688","2025-08-25","2025-08-22","302:1 304:2 308:2 316:1","VE_Gordon-Kobenhavn","0","1","0","TRUE","MON","TK","S","FR1"
"2025-W35","TK35915990","TK35915990A","2808636","2025-08-25","2025-08-22","301:2 302:2 303:2 304:2 305:2 306:2 307:1 308:1","VE_Gordon-Vejle","1","1","0","TRUE","MON","TK","L","FR1"
"2025-W35","TK35915484","TK35915484A","2812278","2025-08-25","2025-08-22","302:1 304:1 314:1 316:1","VE_Gordon-Kobenhavn","0","1","0","TRUE","MON","TK","S","FR1"
"2025-W35","TK35915081","TK35915081A","2814163","2025-08-25","2025-08-22","302:2 304:1 305:2 306:2 307:1 308:1 312:1 314:1 315:2 317:1","VE_Gordon-Kobenhavn","1","1","0","TRUE","MON","TK","L","FR1 + WB1"
"2025-W35","TK35915411","TK35915411A","2812485","2025-08-25","2025-08-22","304:2 314:2","VE_Gordon-Vejle","0","1","0","TRUE","MON","TK","S","FR1"
"2025-W35","TK35916364","TK35916364A","2809503","2025-08-25","2025-08-22","302:2 306:2 307:2 309:2 314:2","VE_Gordon-Arhus","0","1","0","TRUE","MON","TK","M","FR1"
"2025-W35","TK35915880","TK35915880A","2810669","2025-08-25","2025-08-22","301:2 304:1 305:1 312:1 313:1","VE_Gordon-Vejle","0","1","0","TRUE","MON","TK","S","FR1"
"2025-W35","TK35916560","TK35916560A","2805587","2025-08-25","2025-08-22","301:1 302:1 303:1 304:1","VE_Gordon-Kobenhavn","0","1","0","TRUE","MON","TK","S","FR1"
"2025-W35","TK35916279","TK35916279A","2758377","2025-08-25","2025-08-22","301:1 305:1 311:1 314:1","VE_Gordon-Kobenhavn","0","1","0","TRUE","MON","TK","S","FR1"
"2025-W35","TK35916167","TK35916167A","2791588","2025-08-25","2025-08-22","302:1 303:1 312:1 317:1","VE_Gordon-Arhus","0","1","0","TRUE","MON","TK","S","FR1"
"2025-W35","TK35915811","TK35915811A","2759444","2025-08-25","2025-08-22","301:1 304:1 305:1 313:1","VE_Gordon-Kobenhavn","0","1","0","TRUE","MON","TK","S","FR1"
"2025-W35","TK35916592","TK35916592A","2788112","2025-08-25","2025-08-22","303:2 312:2","VE_MBB-Frederiksberg","0","1","0","TRUE","MON","TK","S","FR1"
"2025-W35","TK35913332","TK35913332A","2812826","2025-08-24","2025-08-22","301:1 302:1 303:1 304:1 305:1 306:1 307:1 308:1","VE_Gordon-Arhus","1","1","0","TRUE","SUN","TK","M","FR1 + WB1"
"2025-W35","TK35916551","TK35916551A","2768752","2025-08-25","2025-08-22","303:2 304:1 306:2 308:2 310:1 314:2","VE_Gordon-Vejle","0","1","0","TRUE","MON","TK","M","FR1"
"2025-W35","TK35915707","TK35915707A","2812461","2025-08-25","2025-08-22","301:2 302:2 303:2 304:2 305:1 306:1 307:1 308:1","VE_Gordon-Vejle","0","1","0","TRUE","MON","TK","M","FR1"
"2025-W35","TK35915010","TK35915010A","2807206","2025-08-25","2025-08-22","301:2 305:3 309:3 316:3 318:3","VE_Gordon-Kobenhavn","1","1","0","TRUE","MON","TK","L","FR1 + WB1"
"2025-W35","TK35916464","TK35916464A","2754048","2025-08-25","2025-08-22","301:1 302:1 303:1 304:1","VE_Gordon-Arhus","0","1","0","TRUE","MON","TK","S","FR1"
"2025-W35","TK35914769","TK35914769A","2813260","2025-08-25","2025-08-22","301:2 302:1 305:2 318:1","VE_Gordon-Kobenhavn","1","1","0","TRUE","MON","TK","S","FR1 + WB1"
"2025-W35","TK35916112","TK35916112A","2808833","2025-08-25","2025-08-22","301:1 302:1 304:1 306:1 308:1 316:1","VE_Gordon-Kobenhavn","0","1","0","TRUE","MON","TK","S","FR1"
"2025-W35","TK35915787","TK35915787A","2801745","2025-08-25","2025-08-22","305:1 311:1 314:1 318:1","VE_Gordon-Arhus","0","1","0","TRUE","MON","TK","S","FR1"
"2025-W35","TK35916416","TK35916416A","2812299","2025-08-25","2025-08-22","301:2 302:2 308:2 805:2 809:1 810:1","VE_Gordon-Arhus","0","1","0","TRUE","MON","TK","M","FR1"
"2025-W35","TK35915698","TK35915698A","2782182","2025-08-25","2025-08-22","303:2 304:1 306:1 307:1 308:1 315:1 316:1","VE_Gordon-Vejle","0","1","0","TRUE","MON","TK","M","FR1"
"2025-W35","TK35914777","TK35914777A","2761774","2025-08-25","2025-08-22","304:1 305:1 311:1 313:1","VE_Gordon-Kobenhavn","1","1","0","TRUE","MON","TK","S","FR1 + WB1"
"2025-W35","TK35914972","TK35914972A","2813848","2025-08-25","2025-08-22","301:1 302:2 305:1 314:1 318:1","VE_MBB-Frederiksberg","1","1","0","TRUE","MON","TK","S","FR1 + WB1"
"2025-W35","TK35915314","TK35915314A","2814461","2025-08-25","2025-08-22","301:1 302:1 303:1 304:1","VE_Gordon-Kobenhavn","1","1","0","TRUE","MON","TK","S","FR1 + WB1"
"2025-W35","TK35913214","TK35913214A","2812622","2025-08-25","2025-08-22","302:1 303:1 304:1 317:1","VE_Gordon-Kobenhavn","1","1","0","TRUE","MON","TK","S","FR1 + WB1"
"2025-W35","TK35915060","TK35915060A","2814095","2025-08-25","2025-08-22","301:1 302:1 303:1 305:1 308:1 311:1 312:1 314:1 315:1 317:1","VE_Gordon-Kobenhavn","1","1","0","TRUE","MON","TK","M","FR1 + WB1"
"2025-W35","TK35913210","TK35913210A","2811146","2025-08-25","2025-08-22","303:2 304:2 306:2 307:1 308:1","VE_Gordon-Kobenhavn","1","1","0","TRUE","MON","TK","M","FR1 + WB1"
"2025-W35","TK35916015","TK35916015A","2812632","2025-08-25","2025-08-22","301:1 302:1 303:1 304:1 305:1 306:1 307:1 308:1","VE_Gordon-Kobenhavn","0","1","0","TRUE","MON","TK","M","FR1"
"2025-W35","TK35916073","TK35916073A","2812648","2025-08-25","2025-08-22","301:3 302:3 303:3 314:2 317:3","VE_Gordon-Kobenhavn","0","1","0","TRUE","MON","TK","L","FR1"
"2025-W35","TK35914951","TK35914951A","2813771","2025-08-25","2025-08-22","302:1 308:2 312:1 314:1 318:1","VE_Gordon-Vejle","1","1","0","TRUE","MON","TK","S","FR1 + WB1"
"2025-W35","TK35916233","TK35916233A","2811752","2025-08-25","2025-08-22","301:1 302:1 304:1 305:1 306:1 318:1","VE_Gordon-Arhus","0","1","0","TRUE","MON","TK","S","FR1"
"2025-W35","TK35914917","TK35914917A","2813664","2025-08-25","2025-08-22","305:2 307:2 314:2","VE_Gordon-Arhus","1","1","0","TRUE","MON","TK","S","FR1 + WB1"
"2025-W35","TK35916500","TK35916500A","2810196","2025-08-25","2025-08-22","302:1 303:1 304:1 306:1 312:1 317:1","VE_Gordon-Kobenhavn","0","1","0","TRUE","MON","TK","S","FR1"
"2025-W35","TK35915987","TK35915987A","2754917","2025-08-25","2025-08-22","302:1 303:1 304:1 306:1 308:1 312:1","VE_Gordon-Kobenhavn","0","1","0","TRUE","MON","TK","S","FR1"
"2025-W35","TK35915941","TK35915941A","2754956","2025-08-25","2025-08-22","304:2 311:1 312:1","VE_Gordon-Vejle","0","1","0","TRUE","MON","TK","S","FR1"
"2025-W35","TK35915349","TK35915349A","2809247","2025-08-25","2025-08-22","301:1 302:1 303:1 304:1","VE_Gordon-Kobenhavn","0","1","0","TRUE","MON","TK","S","FR1"
"2025-W35","TK35913049","TK35913049A","2812291","2025-08-25","2025-08-22","301:1 302:1 303:1 317:1","VE_Gordon-Arhus","1","1","0","TRUE","MON","TK","S","FR1 + WB1"
"2025-W35","TK35915829","TK35915829A","2811838","2025-08-25","2025-08-22","301:3 304:3 305:3 312:2 313:3","VE_Gordon-Kobenhavn","0","1","0","TRUE","MON","TK","L","FR1"
"2025-W35","TK35915384","TK35915384A","2758089","2025-08-25","2025-08-22","301:1 302:1 303:1 304:1 305:1 306:1","VE_Gordon-Kobenhavn","0","1","0","TRUE","MON","TK","S","FR1"
"2025-W35","TK35915116","TK35915116A","2761489","2025-08-24","2025-08-22","301:1 305:2 317:3","VE_Gordon-Kobenhavn","0","1","0","TRUE","SUN","TK","S","FR1"
"2025-W35","TK35915192","TK35915192A","2812361","2025-08-24","2025-08-22","303:2 304:2 306:2 307:2 308:2","VE_Gordon-Kobenhavn","1","1","0","TRUE","SUN","TK","M","FR1"
"2025-W35","TK35915129","TK35915129A","2800963","2025-08-24","2025-08-22","304:1 312:1 315:1 317:1","VE_MBB-Frederiksberg","0","1","0","TRUE","SUN","TK","S","FR1"
"2025-W35","TK35913360","TK35913360A","2812917","2025-08-24","2025-08-22","301:1 305:1 311:1 314:1","VE_MBB-Frederiksberg","1","1","0","TRUE","SUN","TK","S","FR1 + WB1"
"2025-W35","TK35914855","TK35914855A","2813203","2025-08-25","2025-08-22","303:2 305:2 306:2 310:2 312:2 315:2","VE_Gordon-Kobenhavn","1","1","0","TRUE","MON","TK","M","FR1 + WB1"
"2025-W35","TK35916594","TK35916594A","2755022","2025-08-25","2025-08-22","301:1 302:1 305:1 314:1","VE_Gordon-Vejle","0","1","0","TRUE","MON","TK","S","FR1"
"2025-W35","TK35916466","TK35916466A","2809482","2025-08-25","2025-08-22","301:1 302:1 303:1 304:1 305:2 306:1 308:2","VE_Gordon-Kobenhavn","0","1","0","TRUE","MON","TK","M","FR1"
"2025-W35","TK35915951","TK35915951A","2755990","2025-08-25","2025-08-22","301:2 302:1 303:3 305:2 314:1 317:1","VE_Gordon-Kobenhavn","0","1","0","TRUE","MON","TK","M","FR1"
"2025-W35","TK35915734","TK35915734A","2810335","2025-08-25","2025-08-22","305:1 306:1 315:1 317:1","VE_Gordon-Kobenhavn","0","1","0","TRUE","MON","TK","S","FR1"
"2025-W35","TK35915483","TK35915483A","2791560","2025-08-25","2025-08-22","302:1 313:1 316:1 317:1","VE_Gordon-Arhus","0","1","0","TRUE","MON","TK","S","FR1"
"2025-W35","TK35915037","TK35915037A","2814021","2025-08-25","2025-08-22","301:1 302:1 303:1 304:1 305:1 306:1 307:1 308:1","VE_Gordon-Arhus","1","1","0","TRUE","MON","TK","M","FR1 + WB1"
"2025-W35","TK35915759","TK35915759A","2811448","2025-08-25","2025-08-22","301:1 302:1 303:1 304:1 305:1 306:1 307:1 308:1","VE_Gordon-Arhus","0","1","0","TRUE","MON","TK","M","FR1"
"2025-W35","TK35916263","TK35916263A","2762000","2025-08-25","2025-08-22","303:1 307:2 308:3","VE_Gordon-Arhus","0","1","0","TRUE","MON","TK","S","FR1"
"2025-W35","TK35914770","TK35914770A","2813263","2025-08-25","2025-08-22","301:1 303:1 304:1 306:1 314:1 318:1","VE_Gordon-Arhus","1","1","0","TRUE","MON","TK","S","FR1 + WB1"
"2025-W35","TK35916510","TK35916510A","2766961","2025-08-25","2025-08-22","301:2 308:2 316:2 317:2","VE_Gordon-Kobenhavn","0","1","0","TRUE","MON","TK","M","FR1"
"2025-W35","TK35914788","TK35914788A","2813092","2025-08-25","2025-08-22","301:1 302:1 303:1 304:2 305:1 306:1 307:2 308:1","VE_Gordon-Vejle","1","1","0","TRUE","MON","TK","M","FR1 + WB1"
"2025-W35","TK35916183","TK35916183A","2811664","2025-08-25","2025-08-22","301:2 302:2 304:1 305:1 306:1 307:1 308:1 314:1","VE_Gordon-Kobenhavn","0","1","0","TRUE","MON","TK","M","FR1"
"2025-W35","TK35915797","TK35915797A","2805162","2025-08-25","2025-08-22","301:1 302:1 303:1 304:1","VE_Gordon-Vejle","0","1","0","TRUE","MON","TK","S","FR1"
"2025-W35","TK35915467","TK35915467A","2810182","2025-08-25","2025-08-22","306:1 307:1 312:1 315:2 317:1 318:2","VE_Gordon-Vejle","0","1","0","TRUE","MON","TK","M","FR1"
"2025-W35","TK35915618","TK35915618A","2762299","2025-08-25","2025-08-22","304:2 311:1 314:1","VE_Gordon-Kobenhavn","0","1","0","TRUE","MON","TK","S","FR1"
"2025-W35","TK35914996","TK35914996A","2813919","2025-08-25","2025-08-22","301:3 308:3 309:3 315:3","VE_MBB-Frederiksberg","1","1","0","TRUE","MON","TK","M","FR1 + WB1"
"2025-W35","TK35915514","TK35915514A","2811176","2025-08-25","2025-08-22","301:2 304:2 306:2 313:2","VE_Gordon-Kobenhavn","0","1","0","TRUE","MON","TK","M","FR1"
"2025-W35","TK35914886","TK35914886A","2805394","2025-08-25","2025-08-22","301:2 304:1 305:2 313:1","VE_Gordon-Vejle","1","1","0","TRUE","MON","TK","S","FR1 + WB1"
"2025-W35","TK35916604","TK35916604A","2785096","2025-08-25","2025-08-22","302:1 304:1 311:1 312:1","VE_Gordon-Kobenhavn","0","1","0","TRUE","MON","TK","S","FR1"
"2025-W35","TK35916415","TK35916415A","2805624","2025-08-25","2025-08-22","308:1 311:1 312:1 316:2","VE_Gordon-Vejle","0","1","0","TRUE","MON","TK","S","FR1"
"2025-W35","TK35916309","TK35916309A","2809202","2025-08-25","2025-08-22","301:1 302:1 303:1 304:1 305:1 306:1","VE_Gordon-Vejle","0","1","0","TRUE","MON","TK","S","FR1"
"2025-W35","TK35916190","TK35916190A","2811027","2025-08-25","2025-08-22","301:1 302:1 305:1 314:1","VE_Gordon-Kobenhavn","0","1","0","TRUE","MON","TK","S","FR1"
"2025-W35","TK35915634","TK35915634A","2790221","2025-08-25","2025-08-22","301:1 302:1 305:1 314:1","VE_Gordon-Kobenhavn","0","1","0","TRUE","MON","TK","S","FR1"
"2025-W35","TK35915197","TK35915197A","2795687","2025-08-24","2025-08-22","303:1 306:1 307:1 308:1 311:1 313:1","VE_Gordon-Arhus","0","1","0","TRUE","SUN","TK","S","FR1"
"2025-W35","TK35915253","TK35915253A","2753071","2025-08-24","2025-08-22","301:2 304:1 305:1 317:2","VE_MBB-Frederiksberg","0","1","0","TRUE","SUN","TK","S","FR1"
"2025-W35","TK35914909","TK35914909A","2813658","2025-08-25","2025-08-22","301:2 304:2 305:2 312:1 313:1","VE_Gordon-Vejle","1","1","0","TRUE","MON","TK","M","FR1 + WB1"
"2025-W35","TK35916463","TK35916463A","2781108","2025-08-25","2025-08-22","304:2 307:1 312:2 313:2 315:1","VE_Gordon-Kobenhavn","0","1","0","TRUE","MON","TK","M","FR1"
"2025-W35","TK35916188","TK35916188A","2784560","2025-08-25","2025-08-22","303:1 304:1 306:1 307:1","VE_Gordon-Kobenhavn","0","1","0","TRUE","MON","TK","S","FR1"
"2025-W35","TK35914873","TK35914873A","2780244","2025-08-25","2025-08-22","301:1 302:1 303:1 305:1 306:1 307:1 311:1 317:1","VE_Gordon-Vejle","1","1","0","TRUE","MON","TK","M","FR1 + WB1"
"2025-W35","TK35915110","TK35915110A","2812085","2025-08-25","2025-08-22","301:1 302:1 303:1 304:1","VE_Gordon-Kobenhavn","1","1","0","TRUE","MON","TK","S","FR1 + WB1"
"2025-W35","TK35916305","TK35916305A","2812265","2025-08-25","2025-08-22","301:1 302:1 308:2 314:2","VE_Gordon-Arhus","0","1","0","TRUE","MON","TK","S","FR1"
"2025-W35","TK35915276","TK35915276A","2814349","2025-08-25","2025-08-22","301:1 302:1 303:1 304:1 305:1 308:1","VE_Gordon-Kobenhavn","1","1","0","TRUE","MON","TK","S","FR1 + WB1"
"2025-W35","TK35915545","TK35915545A","2801054","2025-08-25","2025-08-22","301:1 302:1 303:1 304:1 305:1 306:1 307:1 308:1","VE_Gordon-Vejle","0","1","0","TRUE","MON","TK","M","FR1"
"2025-W35","TK35915095","TK35915095A","2767307","2025-08-25","2025-08-22","301:2 303:2 307:2 308:2 312:2","VE_Gordon-Kobenhavn","1","1","0","TRUE","MON","TK","M","FR1 + WB1"
"2025-W35","TK35916563","TK35916563A","2810362","2025-08-25","2025-08-22","304:2 305:2 312:2 313:2 318:2","VE_Gordon-Arhus","0","1","0","TRUE","MON","TK","M","FR1"
"2025-W35","TK35915444","TK35915444A","2759726","2025-08-25","2025-08-22","307:1 313:1 317:1 318:1","VE_Gordon-Kobenhavn","0","1","0","TRUE","MON","TK","S","FR1"
"2025-W35","TK35915718","TK35915718A","2755640","2025-08-26","2025-08-22","302:1 303:1 304:1 306:1 307:1 308:2 313:1 805:2 809:1 810:1","VE_Gordon-Kobenhavn","0","1","0","TRUE","TUE","TK","M","FR1"
"2025-W35","TK35916446","TK35916446A","2796526","2025-08-25","2025-08-22","301:2 302:2 303:1 304:1 305:1 306:1 307:1 308:1","VE_Gordon-Vejle","0","1","0","TRUE","MON","TK","M","FR1"
"2025-W35","TK35914853","TK35914853A","2813487","2025-08-25","2025-08-22","303:1 305:1 306:1 307:1 308:1 316:1","VE_Gordon-Arhus","1","1","0","TRUE","MON","TK","S","FR1 + WB1"
"2025-W35","TK35915590","TK35915590A","2808123","2025-08-25","2025-08-22","303:3 304:3 306:3 307:3 308:2","VE_Gordon-Arhus","0","1","0","TRUE","MON","TK","L","FR1"
"2025-W35","TK35916224","TK35916224A","2797066","2025-08-25","2025-08-22","301:2 302:2 305:1 314:1","VE_Gordon-Kobenhavn","0","1","0","TRUE","MON","TK","S","FR1"
"2025-W35","TK35916508","TK35916508A","2812249","2025-08-25","2025-08-22","303:2 304:1 306:1 307:1 308:1","VE_Gordon-Kobenhavn","0","1","0","TRUE","MON","TK","S","FR1"
"2025-W35","TK35915751","TK35915751A","2811028","2025-08-25","2025-08-22","305:2 308:1 315:2 316:2 317:2 318:1","VE_Gordon-Vejle","0","1","0","TRUE","MON","TK","M","FR1"
"2025-W35","TK35914683","TK35914683A","2806621","2025-08-25","2025-08-22","301:2 304:2 312:2","VE_Gordon-Kobenhavn","1","1","0","TRUE","MON","TK","S","FR1 + WB1"
"2025-W35","TK35916050","TK35916050A","2756231","2025-08-25","2025-08-22","302:1 304:1 305:1 311:1 313:1 314:1","VE_Gordon-Kobenhavn","0","1","0","TRUE","MON","TK","S","FR1"
"2025-W35","TK35916275","TK35916275A","2757878","2025-08-25","2025-08-22","303:2 304:2 306:2 313:2","VE_Gordon-Kobenhavn","0","1","0","TRUE","MON","TK","M","FR1"
"2025-W35","TK35914781","TK35914781A","2813289","2025-08-24","2025-08-22","301:1 302:1 304:1 305:1 306:1 307:1 308:1 315:1 316:1 318:1","VE_Gordon-Arhus","1","1","0","TRUE","SUN","TK","M","FR1 + WB1"
"2025-W35","TK35915160","TK35915160A","2805004","2025-08-24","2025-08-22","304:1 307:1 308:1 312:1 313:1 318:1","VE_Gordon-Vejle","1","1","0","TRUE","SUN","TK","S","FR1"
"2025-W35","TK35915232","TK35915232A","2810586","2025-08-24","2025-08-22","304:1 308:1 314:1 317:1","VE_Gordon-Arhus","1","1","0","TRUE","SUN","TK","S","FR1"
"2025-W35","TK35914814","TK35914814A","2813381","2025-08-25","2025-08-22","301:1 302:1 303:1 304:1 305:1 306:1","VE_Gordon-Kobenhavn","1","1","0","TRUE","MON","TK","S","FR1 + WB1"
"2025-W35","TK35915305","TK35915305A","2814432","2025-08-25","2025-08-22","301:1 303:1 304:1 305:1 307:1 308:1 314:1 318:1","VE_Gordon-Vejle","1","1","0","TRUE","MON","TK","M","FR1 + WB1"
"2025-W35","TK35915403","TK35915403A","2790399","2025-08-25","2025-08-22","301:1 302:2 305:1 308:1 318:1","VE_Gordon-Kobenhavn","0","1","0","TRUE","MON","TK","S","FR1"
"2025-W35","TK35915332","TK35915332A","2797560","2025-08-25","2025-08-22","303:2 304:1 306:1 308:2 313:1","VE_Gordon-Kobenhavn","0","1","0","TRUE","MON","TK","M","FR1"
"2025-W35","TK35916344","TK35916344A","2804631","2025-08-25","2025-08-22","305:1 314:1 317:1 318:1","VE_Gordon-Kobenhavn","0","1","0","TRUE","MON","TK","S","FR1"
"2025-W35","TK35915630","TK35915630A","2776645","2025-08-25","2025-08-22","302:4 317:1","VE_Gordon-Arhus","0","1","0","TRUE","MON","TK","S","FR1"
"2025-W35","TK35915804","TK35915804A","2804869","2025-08-25","2025-08-22","301:1 302:1 303:1 304:1 305:1 306:1 307:1 308:1 312:1 316:1 317:1 318:1","VE_Gordon-Vejle","0","1","0","TRUE","MON","TK","M","FR1"
"2025-W35","TK35916132","TK35916132A","2787238","2025-08-25","2025-08-22","302:1 304:1 311:1 314:1","VE_Gordon-Kobenhavn","0","1","0","TRUE","MON","TK","S","FR1"
"2025-W35","TK35915431","TK35915431A","2762529","2025-08-25","2025-08-22","303:1 304:1 306:1 307:1","VE_MBB-Frederiksberg","0","1","0","TRUE","MON","TK","S","FR1"
"2025-W35","TK35915400","TK35915400A","2756490","2025-08-25","2025-08-22","301:1 302:1 303:1 304:1 305:1 306:1","VE_Gordon-Kobenhavn","0","1","0","TRUE","MON","TK","S","FR1"
"2025-W35","TK35916418","TK35916418A","2793430","2025-08-25","2025-08-22","303:1 304:1 306:1 313:1","VE_Gordon-Arhus","0","1","0","TRUE","MON","TK","S","FR1"
"2025-W35","TK35916152","TK35916152A","2760487","2025-08-25","2025-08-22","301:1 302:1 305:1 306:1 308:1 314:1 317:1 318:1","VE_Gordon-Kobenhavn","0","1","0","TRUE","MON","TK","M","FR1"
"2025-W35","TK35915906","TK35915906A","2812929","2025-08-25","2025-08-22","301:1 302:1 303:1 304:1 305:1 306:1","VE_Gordon-Kobenhavn","0","1","0","TRUE","MON","TK","S","FR1"
"2025-W35","TK35914714","TK35914714A","2813072","2025-08-25","2025-08-22","301:2 303:2 313:2","VE_Gordon-Kobenhavn","1","1","0","TRUE","MON","TK","S","FR1 + WB1"
"2025-W35","TK35916116","TK35916116A","2763759","2025-08-25","2025-08-22","301:2 302:2 304:2 314:2","VE_Gordon-Kobenhavn","0","1","0","TRUE","MON","TK","M","FR1"
"2025-W35","TK35915539","TK35915539A","2811255","2025-08-25","2025-08-22","301:1 302:1 303:1 304:1","VE_Gordon-Vejle","0","1","0","TRUE","MON","TK","S","FR1"
"2025-W35","TK35916300","TK35916300A","2809796","2025-08-25","2025-08-22","301:1 302:1 303:1 304:1","VE_Gordon-Kobenhavn","0","1","0","TRUE","MON","TK","S","FR1"
"2025-W35","TK35915117","TK35915117A","2805431","2025-08-24","2025-08-22","303:2 307:2 309:2 311:1 313:1 315:1","VE_Gordon-Kobenhavn","0","1","0","TRUE","SUN","TK","M","FR1"
"2025-W35","TK35915162","TK35915162A","2769760","2025-08-24","2025-08-22","303:1 306:1 307:1 308:2 311:1","VE_Gordon-Kobenhavn","0","1","0","TRUE","SUN","TK","S","FR1"
"2025-W35","TK35915783","TK35915783A","2809374","2025-08-25","2025-08-22","302:1 305:1 308:1 311:1","VE_Gordon-Kobenhavn","0","1","0","TRUE","MON","TK","S","FR1"
"2025-W35","TK35915638","TK35915638A","2788174","2025-08-25","2025-08-22","304:2 308:3 309:1 315:2","VE_Gordon-Vejle","0","1","0","TRUE","MON","TK","M","FR1"
"2025-W35","TK35914811","TK35914811A","2813379","2025-08-25","2025-08-22","301:2 304:2 305:2 312:1 313:1","VE_Gordon-Vejle","1","1","0","TRUE","MON","TK","M","FR1 + WB1"
"2025-W35","TK35915839","TK35915839A","2784522","2025-08-25","2025-08-22","301:1 304:1 305:1 313:1","VE_Gordon-Kobenhavn","0","1","0","TRUE","MON","TK","S","FR1"
"2025-W35","TK35915345","TK35915345A","2812197","2025-08-25","2025-08-22","301:2 302:2 305:2 317:2 318:2","VE_Gordon-Kobenhavn","0","1","0","TRUE","MON","TK","M","FR1"
"2025-W35","TK35916140","TK35916140A","2775561","2025-08-25","2025-08-22","303:2 304:1 306:1 307:1 308:1","VE_Gordon-Kobenhavn","0","1","0","TRUE","MON","TK","S","FR1"
"2025-W35","TK35915885","TK35915885A","2802069","2025-08-25","2025-08-22","302:1 303:1 305:3 308:2 309:1","VE_Gordon-Kobenhavn","0","1","0","TRUE","MON","TK","M","FR1"
"2025-W35","TK35916489","TK35916489A","2811437","2025-08-25","2025-08-22","301:1 302:2 303:1 305:1 309:1 314:1 315:1","VE_Gordon-Vejle","0","1","0","TRUE","MON","TK","M","FR1"
"2025-W35","TK35915519","TK35915519A","2810611","2025-08-25","2025-08-22","303:1 305:1 306:2 308:1 309:1 317:1","VE_Gordon-Kobenhavn","0","1","0","TRUE","MON","TK","M","FR1"
"2025-W35","TK35916484","TK35916484A","2796516","2025-08-25","2025-08-22","301:3 302:3 305:2 314:2","VE_Gordon-Kobenhavn","0","1","0","TRUE","MON","TK","M","FR1"
"2025-W35","TK35915604","TK35915604A","2812986","2025-08-25","2025-08-22","301:1 303:1 304:1 305:1 307:1 308:1 315:2","VE_Gordon-Vejle","0","1","0","TRUE","MON","TK","M","FR1"
"2025-W35","TK35915399","TK35915399A","2794301","2025-08-25","2025-08-22","302:1 303:1 308:1 312:1","VE_Gordon-Kobenhavn","0","1","0","TRUE","MON","TK","S","FR1"
"2025-W35","TK35915993","TK35915993A","2780939","2025-08-25","2025-08-22","301:2 302:2 305:2 314:2","VE_Gordon-Kobenhavn","0","1","0","TRUE","MON","TK","M","FR1"
"2025-W35","TK35916111","TK35916111A","2778046","2025-08-25","2025-08-22","301:1 302:1 308:1 314:1","VE_MBB-Frederiksberg","0","1","0","TRUE","MON","TK","S","FR1"
"2025-W35","TK35916434","TK35916434A","2766002","2025-08-25","2025-08-22","303:1 311:4 313:1 314:2","VE_Gordon-Kobenhavn","0","1","0","TRUE","MON","TK","M","FR1"
"2025-W35","TK35914911","TK35914911A","2813661","2025-08-25","2025-08-22","301:2 304:1 305:1 312:1 313:1","VE_Gordon-Arhus","1","1","0","TRUE","MON","TK","S","FR1 + WB1"
"2025-W35","TK35916287","TK35916287A","2812240","2025-08-25","2025-08-22","301:2 304:2 305:2 312:2 313:2","VE_Gordon-Arhus","0","1","0","TRUE","MON","TK","M","FR1"
"2025-W35","TK35911626","TK35911626A","2811813","2025-08-25","2025-08-22","304:2 305:2 307:2 318:2","VE_Gordon-Kobenhavn","1","1","0","TRUE","MON","TK","M","FR1 + WB1"
"2025-W35","TK35915371","TK35915371A","2808438","2025-08-25","2025-08-22","301:1 304:1 305:1 313:1","VE_Gordon-Kobenhavn","0","1","0","TRUE","MON","TK","S","FR1"
"2025-W35","TK35916276","TK35916276A","2797158","2025-08-25","2025-08-22","301:2 304:1 312:2 313:1","VE_Gordon-Kobenhavn","0","1","0","TRUE","MON","TK","S","FR1"
"2025-W35","TK35914854","TK35914854A","2813493","2025-08-25","2025-08-22","301:2 302:1 303:2 304:2 305:1 306:1 307:1 308:2","VE_MBB-Frederiksberg","1","1","0","TRUE","MON","TK","M","FR1 + WB1"
"2025-W35","TK35915328","TK35915328A","2766294","2025-08-25","2025-08-22","301:2 304:1 305:1 312:1 313:1","VE_Gordon-Kobenhavn","0","1","0","TRUE","MON","TK","S","FR1"
"2025-W35","TK35915161","TK35915161A","2795073","2025-08-24","2025-08-22","302:2 307:2 308:2 314:2 317:2","VE_Gordon-Kobenhavn","0","1","0","TRUE","SUN","TK","M","FR1"
"2025-W35","TK35915135","TK35915135A","2810200","2025-08-24","2025-08-22","302:1 303:1 308:1 310:1 805:4","VE_Gordon-Kobenhavn","0","1","0","TRUE","SUN","TK","M","FR1"
"2025-W35","TK35915221","TK35915221A","2799005","2025-08-24","2025-08-22","303:1 304:1 305:1 307:1 308:1 313:1 315:1 318:1","VE_MBB-Frederiksberg","1","1","0","TRUE","SUN","TK","M","FR1"
"2025-W35","TK35915151","TK35915151A","2811185","2025-08-24","2025-08-22","301:1 302:1 310:1 314:1 317:1 318:1","VE_Gordon-Arhus","0","1","0","TRUE","SUN","TK","S","FR1"
"2025-W35","TK35914953","TK35914953A","2804997","2025-08-24","2025-08-22","301:2 309:1 312:2 314:1","VE_Gordon-Vejle","1","1","0","TRUE","SUN","TK","S","FR1 + WB1"
"2025-W35","TK35915646","TK35915646A","2799429","2025-08-25","2025-08-22","301:2 302:2 303:1 304:1 305:1 306:1 307:1 308:1","VE_Gordon-Kobenhavn","0","1","0","TRUE","MON","TK","M","FR1"
"2025-W35","TK35915742","TK35915742A","2802961","2025-08-25","2025-08-22","301:1 302:1 303:1 304:1 305:1 306:1","VE_Gordon-Kobenhavn","0","1","0","TRUE","MON","TK","S","FR1"
"2025-W35","TK35916060","TK35916060A","2753904","2025-08-26","2025-08-22","301:3 302:2 303:2 305:2 306:1 314:2 317:1 318:1","VE_Gordon-Arhus","0","1","0","TRUE","TUE","TK","L","FR1"
"2025-W35","TK35914883","TK35914883A","2813588","2025-08-25","2025-08-22","301:3 303:1 305:3 306:2 307:1 312:1 318:1","VE_Gordon-Kobenhavn","1","1","0","TRUE","MON","TK","M","FR1 + WB1"
"2025-W35","TK35914728","TK35914728A","2813126","2025-08-25","2025-08-22","301:1 302:1 303:1 304:1 305:1 313:1 314:1 315:1 317:1 318:1","VE_Gordon-Vejle","1","1","0","TRUE","MON","TK","M","FR1 + WB1"
"2025-W35","TK35915744","TK35915744A","2812641","2025-08-25","2025-08-22","303:2 304:2 305:1 308:2 313:1 315:2 316:1","VE_Gordon-Arhus","0","1","0","TRUE","MON","TK","M","FR1"
"2025-W35","TK35915526","TK35915526A","2789178","2025-08-25","2025-08-22","301:1 302:1 303:1 307:1","VE_MBB-Frederiksberg","0","1","0","TRUE","MON","TK","S","FR1"
"2025-W35","TK35915076","TK35915076A","2814140","2025-08-25","2025-08-22","302:2 303:1 304:1 307:1 308:1 316:1 318:1","VE_Gordon-Vejle","1","1","0","TRUE","MON","TK","M","FR1 + WB1"
"2025-W35","TK35916058","TK35916058A","2812196","2025-08-25","2025-08-22","301:2 302:2 305:2 307:1 315:1","VE_Gordon-Kobenhavn","0","1","0","TRUE","MON","TK","M","FR1"
"2025-W35","TK35915586","TK35915586A","2780810","2025-08-25","2025-08-22","301:2 303:2 306:2 317:2","VE_Gordon-Kobenhavn","0","1","0","TRUE","MON","TK","M","FR1"
"2025-W35","TK35916046","TK35916046A","2760437","2025-08-25","2025-08-22","301:1 302:1 303:1 304:1","VE_Gordon-Kobenhavn","0","1","0","TRUE","MON","TK","S","FR1"
"2025-W35","TK35915556","TK35915556A","2773712","2025-08-25","2025-08-22","301:2 303:1 307:1","VE_Gordon-Kobenhavn","0","1","0","TRUE","MON","TK","S","FR1"
"2025-W35","TK35915184","TK35915184A","2769846","2025-08-24","2025-08-22","303:1 308:1 312:1 314:1 315:1 316:1","VE_Gordon-Vejle","0","1","0","TRUE","SUN","TK","S","FR1"
"2025-W35","TK35915145","TK35915145A","2799122","2025-08-24","2025-08-22","304:1 305:1 308:1 309:1 310:1 315:1","VE_Gordon-Kobenhavn","1","1","0","TRUE","SUN","TK","S","FR1"
"2025-W35","TK35915123","TK35915123A","2808809","2025-08-24","2025-08-22","301:1 304:1 307:1 312:1 314:1 318:1","VE_Gordon-Vejle","0","1","0","TRUE","SUN","TK","S","FR1"
"2025-W35","TK35915819","TK35915819A","2777858","2025-08-25","2025-08-22","303:2 304:2 306:2 307:2 308:2","VE_Gordon-Kobenhavn","0","1","0","TRUE","MON","TK","M","FR1"
"2025-W35","TK35916223","TK35916223A","2799459","2025-08-25","2025-08-22","302:1 303:1 308:1 312:1 313:1 314:1 315:1 316:1 317:1 318:1","VE_Gordon-Kobenhavn","0","1","0","TRUE","MON","TK","M","FR1"
"2025-W35","TK35914875","TK35914875A","2813558","2025-08-25","2025-08-22","301:1 304:1 305:1 316:1","VE_Gordon-Vejle","1","1","0","TRUE","MON","TK","S","FR1 + WB1"
"2025-W35","TK35915703","TK35915703A","2809608","2025-08-25","2025-08-22","303:1 304:1 306:1 307:1","VE_Gordon-Arhus","0","1","0","TRUE","MON","TK","S","FR1"
"2025-W35","TK35915749","TK35915749A","2805906","2025-08-25","2025-08-22","302:1 303:2 308:2 309:1 310:2 314:1 317:1","VE_Gordon-Vejle","0","1","0","TRUE","MON","TK","M","FR1"
"2025-W35","TK35914762","TK35914762A","2813225","2025-08-25","2025-08-22","305:2 307:2 313:2 315:2 318:2","VE_Gordon-Kobenhavn","1","1","0","TRUE","MON","TK","M","FR1 + WB1"
"2025-W35","TK35915466","TK35915466A","2811713","2025-08-25","2025-08-22","301:1 302:1 303:1 304:1","VE_MBB-Frederiksberg","0","1","0","TRUE","MON","TK","S","FR1"
"2025-W35","TK35915028","TK35915028A","2813978","2025-08-25","2025-08-22","302:1 306:1 307:1 312:1","VE_Gordon-Vejle","1","1","0","TRUE","MON","TK","S","FR1 + WB1"
"2025-W35","TK35916362","TK35916362A","2776651","2025-08-25","2025-08-22","301:1 302:1 311:1 314:1 315:1 317:1","VE_Gordon-Kobenhavn","0","1","0","TRUE","MON","TK","S","FR1"
"2025-W35","TK35915917","TK35915917A","2794225","2025-08-25","2025-08-22","303:1 312:1 313:1 314:1 315:1 318:1","VE_Gordon-Kobenhavn","0","1","0","TRUE","MON","TK","S","FR1"
"2025-W35","TK35915680","TK35915680A","2790004","2025-08-25","2025-08-22","301:2 302:2 305:2 314:2","VE_Gordon-Kobenhavn","0","1","0","TRUE","MON","TK","M","FR1"
"2025-W35","TK35914835","TK35914835A","2813437","2025-08-25","2025-08-22","301:3 302:2 305:3 307:2 316:2","VE_Gordon-Vejle","1","1","0","TRUE","MON","TK","M","FR1 + WB1"
"2025-W35","TK35915691","TK35915691A","2788935","2025-08-25","2025-08-22","302:1 307:1 312:1 317:1","VE_Gordon-Kobenhavn","0","1","0","TRUE","MON","TK","S","FR1"
"2025-W35","TK35916512","TK35916512A","2811047","2025-08-25","2025-08-22","301:4 307:4 317:4 318:2","VE_Gordon-Kobenhavn","0","1","0","TRUE","MON","TK","L","FR1"
"2025-W35","TK35915578","TK35915578A","2804905","2025-08-25","2025-08-22","301:1 302:1 303:1 304:1","VE_Gordon-Kobenhavn","0","1","0","TRUE","MON","TK","S","FR1"
"2025-W35","TK35915636","TK35915636A","2812922","2025-08-25","2025-08-22","301:1 302:1 305:1 314:1","VE_Gordon-Vejle","0","1","0","TRUE","MON","TK","S","FR1"
"2025-W35","TK35915065","TK35915065A","2814114","2025-08-25","2025-08-22","302:2 303:2 306:2","VE_Gordon-Vejle","1","1","0","TRUE","MON","TK","S","FR1 + WB1"
"2025-W35","TK35914680","TK35914680A","2811175","2025-08-25","2025-08-22","303:2 305:2","VE_Gordon-Kobenhavn","1","1","0","TRUE","MON","TK","S","FR1 + WB1"
"2025-W35","TK35915531","TK35915531A","2774850","2025-08-25","2025-08-22","304:1 309:1 311:1 312:1","VE_Gordon-Kobenhavn","0","1","0","TRUE","MON","TK","S","FR1"
"2025-W35","TK35915777","TK35915777A","2807187","2025-08-25","2025-08-22","302:2 303:2 305:2 308:2 312:2","VE_Gordon-Kobenhavn","0","1","0","TRUE","MON","TK","M","FR1"
"2025-W35","TK35915831","TK35915831A","2802590","2025-08-25","2025-08-22","301:2 302:2 303:2 304:2 305:1 306:1 307:1 308:1","VE_Gordon-Kobenhavn","0","1","0","TRUE","MON","TK","M","FR1"
"2025-W35","TK35916127","TK35916127A","2810980","2025-08-25","2025-08-22","301:2 302:2 312:2","VE_Gordon-Kobenhavn","0","1","0","TRUE","MON","TK","S","FR1"
"2025-W35","TK35916498","TK35916498A","2769277","2025-08-25","2025-08-22","301:2 302:2 305:2 317:1 318:1","VE_Gordon-Kobenhavn","0","1","0","TRUE","MON","TK","M","FR1"
"2025-W35","TK35916193","TK35916193A","2810320","2025-08-25","2025-08-22","301:1 303:1 307:1 315:1","VE_Gordon-Kobenhavn","0","1","0","TRUE","MON","TK","S","FR1"
"2025-W35","TK35914977","TK35914977A","2813856","2025-08-25","2025-08-22","301:2 302:2 303:1 304:1 305:1 306:1 307:1 308:1","VE_Gordon-Vejle","1","1","0","TRUE","MON","TK","M","FR1 + WB1"
"2025-W35","TK35914967","TK35914967A","2813814","2025-08-25","2025-08-22","301:1 302:1 303:1 304:1","VE_Gordon-Kobenhavn","1","1","0","TRUE","MON","TK","S","FR1 + WB1"
"2025-W35","TK35914971","TK35914971A","2813835","2025-08-25","2025-08-22","301:1 302:1 303:1 304:1","VE_Gordon-Kobenhavn","1","1","0","TRUE","MON","TK","S","FR1 + WB1"
"2025-W35","TK35915714","TK35915714A","2755942","2025-08-25","2025-08-22","301:1 304:3 311:1 314:1","VE_Gordon-Kobenhavn","0","1","0","TRUE","MON","TK","S","FR1"
"2025-W35","TK35916315","TK35916315A","2769010","2025-08-25","2025-08-22","305:2 308:2 312:2 315:2","VE_Gordon-Kobenhavn","0","1","0","TRUE","MON","TK","M","FR1"
"2025-W35","TK35915974","TK35915974A","2794986","2025-08-25","2025-08-22","304:2 307:2 314:2 315:2","VE_MBB-Frederiksberg","0","1","0","TRUE","MON","TK","M","FR1"
"2025-W35","TK35916517","TK35916517A","2811932","2025-08-25","2025-08-22","301:1 302:1 303:1 304:1","VE_Gordon-Kobenhavn","0","1","0","TRUE","MON","TK","S","FR1"
"2025-W35","TK35916229","TK35916229A","2808785","2025-08-25","2025-08-22","301:2 302:2 305:1 314:1","VE_Gordon-Arhus","0","1","0","TRUE","MON","TK","S","FR1"
"2025-W35","TK35915971","TK35915971A","2804753","2025-08-25","2025-08-22","302:2 304:3 305:1 313:2","VE_Gordon-Vejle","0","1","0","TRUE","MON","TK","M","FR1"
"2025-W35","TK35916413","TK35916413A","2754228","2025-08-25","2025-08-22","303:1 304:1 306:1 314:1","VE_Gordon-Kobenhavn","0","1","0","TRUE","MON","TK","S","FR1"
"2025-W35","TK35915169","TK35915169A","2810566","2025-08-24","2025-08-22","302:1 307:1 308:1 312:1","VE_Gordon-Kobenhavn","0","1","0","TRUE","SUN","TK","S","FR1"
"2025-W35","TK35916113","TK35916113A","2811782","2025-08-25","2025-08-22","303:2 304:3 306:1 309:1 310:1 311:1 313:1 314:2 315:1 316:1","VE_Gordon-Kobenhavn","0","1","0","TRUE","MON","TK","L","FR1"
"2025-W35","TK35915505","TK35915505A","2789438","2025-08-25","2025-08-22","301:2 302:2 303:1 304:1 307:2 308:1 309:1 311:1 316:1 317:1 318:1","VE_Gordon-Arhus","0","1","0","TRUE","MON","TK","L","FR1"
"2025-W35","TK35915275","TK35915275A","2814321","2025-08-25","2025-08-22","303:1 309:1 310:1 317:1","VE_Gordon-Arhus","1","1","0","TRUE","MON","TK","S","FR1 + WB1"
"2025-W35","TK35914877","TK35914877A","2813574","2025-08-25","2025-08-22","304:1 310:1 312:1 314:1 315:1 318:1","VE_Gordon-Kobenhavn","1","1","0","TRUE","MON","TK","S","FR1 + WB1"
"2025-W35","TK35916332","TK35916332A","2800848","2025-08-25","2025-08-22","301:3 304:3 305:3 312:2 313:3","VE_Gordon-Arhus","0","1","0","TRUE","MON","TK","L","FR1"
"2025-W35","TK35915712","TK35915712A","2811231","2025-08-25","2025-08-22","301:3 302:1 303:3 305:1 306:1 314:1 317:3 318:1 806:1","VE_Gordon-Arhus","0","1","0","TRUE","MON","TK","L","FR1"
"2025-W35","TK35915381","TK35915381A","2810495","2025-08-25","2025-08-22","301:2 304:1 305:1 313:2","VE_Gordon-Vejle","0","1","0","TRUE","MON","TK","S","FR1"
"2025-W35","TK35915405","TK35915405A","2811362","2025-08-25","2025-08-22","302:2 303:1 306:1 312:2 315:2","VE_Gordon-Kobenhavn","0","1","0","TRUE","MON","TK","M","FR1"
"2025-W35","TK35915838","TK35915838A","2760013","2025-08-25","2025-08-22","307:2 313:2 316:2","VE_Gordon-Arhus","0","1","0","TRUE","MON","TK","S","FR1"
"2025-W35","TK35916131","TK35916131A","2807408","2025-08-25","2025-08-22","301:1 304:2 311:2 313:1 318:2","VE_Gordon-Kobenhavn","0","1","0","TRUE","MON","TK","M","FR1"
"2025-W35","TK35915809","TK35915809A","2807364","2025-08-25","2025-08-22","301:1 302:1 303:1 304:1 305:1 306:1","VE_MBB-Frederiksberg","0","1","0","TRUE","MON","TK","S","FR1"
"2025-W35","TK35915620","TK35915620A","2804350","2025-08-25","2025-08-22","301:1 304:1 305:1 313:1","VE_Gordon-Kobenhavn","0","1","0","TRUE","MON","TK","S","FR1"
"2025-W35","TK35916565","TK35916565A","2805032","2025-08-25","2025-08-22","302:1 304:2 309:2 313:1","VE_Gordon-Arhus","0","1","0","TRUE","MON","TK","S","FR1"
"2025-W35","TK35915807","TK35915807A","2764738","2025-08-25","2025-08-22","301:2 304:2 305:2 312:1 313:1","VE_Gordon-Arhus","0","1","0","TRUE","MON","TK","M","FR1"
"2025-W35","TK35915674","TK35915674A","2760567","2025-08-25","2025-08-22","301:2 302:2 308:2","VE_Gordon-Kobenhavn","0","1","0","TRUE","MON","TK","S","FR1"
"2025-W35","TK35915271","TK35915271A","2769353","2025-08-25","2025-08-22","301:2 302:2 304:2 314:2 318:2","VE_Gordon-Kobenhavn","1","1","0","TRUE","MON","TK","M","FR1 + WB1"
"2025-W35","TK35914862","TK35914862A","2798613","2025-08-25","2025-08-22","301:2 302:2 303:1 304:2 305:1 306:1 307:1 308:1 314:1","VE_MBB-Frederiksberg","1","1","0","TRUE","MON","TK","M","FR1 + WB1"
"2025-W35","TK35915933","TK35915933A","2763711","2025-08-25","2025-08-22","301:1 304:1 307:1 308:1 316:1 317:1","VE_Gordon-Vejle","0","1","0","TRUE","MON","TK","S","FR1"
"2025-W35","TK35916427","TK35916427A","2763153","2025-08-25","2025-08-22","306:1 309:1 312:1 318:1","VE_Gordon-Kobenhavn","0","1","0","TRUE","MON","TK","S","FR1"
"2025-W35","TK35916398","TK35916398A","2792620","2025-08-25","2025-08-22","309:1 315:1 317:1 318:1","VE_Gordon-Kobenhavn","0","1","0","TRUE","MON","TK","S","FR1"
"2025-W35","TK35915422","TK35915422A","2798568","2025-08-25","2025-08-22","301:1 302:1 303:1 304:1","VE_Gordon-Kobenhavn","0","1","0","TRUE","MON","TK","S","FR1"
"2025-W35","TK35916587","TK35916587A","2812328","2025-08-25","2025-08-22","302:2 304:2 312:2 806:1","VE_Gordon-Kobenhavn","0","1","0","TRUE","MON","TK","M","FR1"
"2025-W35","TK35916062","TK35916062A","2811507","2025-08-25","2025-08-22","302:1 305:1 317:1 318:1","VE_Gordon-Arhus","0","1","0","TRUE","MON","TK","S","FR1"
"2025-W35","TK35915570","TK35915570A","2812373","2025-08-25","2025-08-22","302:1 304:2 308:1 309:1 310:1 315:2","VE_Gordon-Kobenhavn","0","1","0","TRUE","MON","TK","M","FR1"
"2025-W35","TK35916401","TK35916401A","2812658","2025-08-25","2025-08-22","301:2 302:2 305:1 314:1","VE_Gordon-Kobenhavn","0","1","0","TRUE","MON","TK","S","FR1"
"2025-W35","TK35916293","TK35916293A","2760024","2025-08-25","2025-08-22","303:2 304:1 306:2 308:1","VE_Gordon-Kobenhavn","0","1","0","TRUE","MON","TK","S","FR1"
"2025-W35","TK35915470","TK35915470A","2770754","2025-08-25","2025-08-22","301:1 302:1 303:1 304:1","VE_Gordon-Kobenhavn","0","1","0","TRUE","MON","TK","S","FR1"
"2025-W35","TK35915799","TK35915799A","2798912","2025-08-25","2025-08-22","301:1 302:1 303:1 304:1 305:1 306:1","VE_Gordon-Arhus","0","1","0","TRUE","MON","TK","S","FR1"
"2025-W35","TK35915389","TK35915389A","2797828","2025-08-25","2025-08-22","301:1 302:1 303:1 304:1","VE_Gordon-Arhus","0","1","0","TRUE","MON","TK","S","FR1"
"2025-W35","TK35916470","TK35916470A","2773937","2025-08-25","2025-08-22","301:1 302:1 307:1 313:1","VE_Gordon-Kobenhavn","0","1","0","TRUE","MON","TK","S","FR1"
"2025-W35","TK35915132","TK35915132A","2812669","2025-08-24","2025-08-22","304:2 306:2 308:2 311:2 315:2","VE_MBB-Frederiksberg","1","1","0","TRUE","SUN","TK","M","FR1"
"2025-W35","TK35915201","TK35915201A","2810030","2025-08-24","2025-08-22","301:1 306:1 311:2 314:2 316:1 317:1 318:2","VE_Gordon-Kobenhavn","0","1","0","TRUE","SUN","TK","M","FR1"
"2025-W35","TK35915236","TK35915236A","2811096","2025-08-24","2025-08-22","301:2 304:4 318:2","VE_Gordon-Kobenhavn","0","1","0","TRUE","SUN","TK","M","FR1"
"2025-W35","TK35916291","TK35916291A","2811127","2025-08-25","2025-08-22","301:1 302:1 303:1 304:1 305:1 306:1 307:1 308:1 309:1 310:1 312:1 315:1 316:1 317:1","VE_Gordon-Kobenhavn","0","1","0","TRUE","MON","TK","L","FR1"
"2025-W35","TK35916457","TK35916457A","2789962","2025-08-25","2025-08-22","301:1 303:1 304:1 312:1 314:1 317:1","VE_Gordon-Vejle","0","1","0","TRUE","MON","TK","S","FR1"
"2025-W35","TK35916368","TK35916368A","2759019","2025-08-25","2025-08-22","301:2 304:1 305:1 312:1 313:1","VE_Gordon-Arhus","0","1","0","TRUE","MON","TK","S","FR1"
"2025-W35","TK35915920","TK35915920A","2802275","2025-08-25","2025-08-22","302:2 304:2 308:2 310:2","VE_Gordon-Vejle","0","1","0","TRUE","MON","TK","M","FR1"
"2025-W35","TK35914736","TK35914736A","2809581","2025-08-25","2025-08-22","301:1 304:1 305:1 313:1","VE_Gordon-Kobenhavn","1","1","0","TRUE","MON","TK","S","FR1 + WB1"
"2025-W35","TK35916269","TK35916269A","2758717","2025-08-25","2025-08-22","303:1 304:1 306:1 307:1","VE_Gordon-Kobenhavn","0","1","0","TRUE","MON","TK","S","FR1"
"2025-W35","TK35915608","TK35915608A","2786665","2025-08-25","2025-08-22","301:1 302:1 303:1 304:1 305:1 306:1","VE_Gordon-Kobenhavn","0","1","0","TRUE","MON","TK","S","FR1"
"2025-W35","TK35916174","TK35916174A","2807707","2025-08-25","2025-08-22","301:1 303:1 304:1 305:1 308:1 311:1","VE_Gordon-Kobenhavn","0","1","0","TRUE","MON","TK","S","FR1"
"2025-W35","TK35914735","TK35914735A","2813150","2025-08-25","2025-08-22","301:1 302:1 303:1 304:1 305:1 306:1 307:1 308:1","VE_Gordon-Kobenhavn","1","1","0","TRUE","MON","TK","M","FR1 + WB1"
"2025-W35","TK35915679","TK35915679A","2752935","2025-08-25","2025-08-22","304:2 307:2 314:1 315:1","VE_Gordon-Vejle","0","1","0","TRUE","MON","TK","S","FR1"
"2025-W35","TK35915919","TK35915919A","2808977","2025-08-25","2025-08-22","302:1 305:1 314:1 317:1","VE_Gordon-Vejle","0","1","0","TRUE","MON","TK","S","FR1"
"2025-W35","TK35916522","TK35916522A","2763190","2025-08-26","2025-08-22","301:4 305:4 308:2","VE_Gordon-Kobenhavn","0","1","0","TRUE","TUE","TK","M","FR1"
"2025-W35","TK35916425","TK35916425A","2754220","2025-08-25","2025-08-22","301:1 304:1 310:1 314:1 315:1 317:1","VE_Gordon-Vejle","0","1","0","TRUE","MON","TK","S","FR1"
"2025-W35","TK35916487","TK35916487A","2800536","2025-08-25","2025-08-22","302:2 305:2 306:2 317:2 318:2","VE_Gordon-Kobenhavn","0","1","0","TRUE","MON","TK","M","FR1"
"2025-W35","TK35914724","TK35914724A","2813113","2025-08-25","2025-08-22","301:1 302:1 303:1 304:1 305:1 306:1","VE_Gordon-Kobenhavn","1","1","0","TRUE","MON","TK","S","FR1 + WB1"
"2025-W35","TK35915932","TK35915932A","2812909","2025-08-25","2025-08-22","301:2 304:1 305:2 312:2 313:1","VE_Gordon-Kobenhavn","0","1","0","TRUE","MON","TK","M","FR1"
"2025-W35","TK35915339","TK35915339A","2810865","2025-08-25","2025-08-22","304:2 307:1 312:1 314:1 316:1 318:2","VE_Gordon-Vejle","0","1","0","TRUE","MON","TK","M","FR1"
"2025-W35","TK35915471","TK35915471A","2812030","2025-08-25","2025-08-22","301:2 306:2 315:2","VE_Gordon-Kobenhavn","0","1","0","TRUE","MON","TK","S","FR1"
"2025-W35","TK35915909","TK35915909A","2805766","2025-08-25","2025-08-22","301:1 302:1 315:1 316:1","VE_Gordon-Kobenhavn","0","1","0","TRUE","MON","TK","S","FR1"
"2025-W35","TK35914693","TK35914693A","2813036","2025-08-24","2025-08-22","301:2 302:2 303:2 304:2 305:2 306:2 307:1 308:1","VE_Gordon-Vejle","1","1","0","TRUE","SUN","TK","L","FR1 + WB1"
"2025-W35","TK35915138","TK35915138A","2761816","2025-08-24","2025-08-22","303:1 307:1 308:1 311:1 315:1 316:1","VE_MBB-Frederiksberg","0","1","0","TRUE","SUN","TK","S","FR1"
"2025-W35","TK35915254","TK35915254A","2798358","2025-08-24","2025-08-22","301:2 302:2 305:2 317:3 318:5","VE_Gordon-Kobenhavn","0","1","0","TRUE","SUN","TK","L","FR1"
"2025-W35","TK35915222","TK35915222A","2811570","2025-08-24","2025-08-22","301:2 302:2 303:2 306:2 313:2 317:2","VE_Gordon-Kobenhavn","0","1","0","TRUE","SUN","TK","M","FR1"
"2025-W35","TK35915651","TK35915651A","2808235","2025-08-25","2025-08-22","303:1 305:3 310:2 317:4 809:2","VE_Gordon-Kobenhavn","0","1","0","TRUE","MON","TK","M","FR1"
"2025-W35","TK35916502","TK35916502A","2779011","2025-08-25","2025-08-22","301:2 310:2 312:1 313:1","VE_Gordon-Vejle","0","1","0","TRUE","MON","TK","S","FR1"
"2025-W35","TK35915439","TK35915439A","2789637","2025-08-25","2025-08-22","301:1 304:1 305:1 313:1","VE_Gordon-Kobenhavn","0","1","0","TRUE","MON","TK","S","FR1"
"2025-W35","TK35913641","TK35913641A","2812991","2025-08-25","2025-08-22","301:1 302:1 303:1 306:1 307:1 312:1","VE_Gordon-Vejle","1","1","0","TRUE","MON","TK","S","FR1 + WB1"
"2025-W35","TK35914838","TK35914838A","2813442","2025-08-25","2025-08-22","301:1 307:1 312:1 315:1","VE_Gordon-Arhus","1","1","0","TRUE","MON","TK","S","FR1 + WB1"
"2025-W35","TK35916505","TK35916505A","2803985","2025-08-25","2025-08-22","301:1 302:1 303:1 304:1 305:1 306:1","VE_MBB-Frederiksberg","0","1","0","TRUE","MON","TK","S","FR1"
"2025-W35","TK35915937","TK35915937A","2808963","2025-08-25","2025-08-22","307:1 308:1 315:1 317:1","VE_Gordon-Vejle","0","1","0","TRUE","MON","TK","S","FR1"
"2025-W35","TK35916095","TK35916095A","2782677","2025-08-25","2025-08-22","304:2 307:1 310:2 312:1 313:1 316:1","VE_Gordon-Kobenhavn","0","1","0","TRUE","MON","TK","M","FR1"
"2025-W35","TK35916436","TK35916436A","2803670","2025-08-25","2025-08-22","301:1 302:1 303:1 304:1 305:1 306:1 307:1 308:1","VE_Gordon-Vejle","0","1","0","TRUE","MON","TK","M","FR1"
"2025-W35","TK35914720","TK35914720A","2813104","2025-08-25","2025-08-22","301:1 303:1 304:1 305:1 308:1 311:1 312:1 315:1","VE_Gordon-Kobenhavn","1","1","0","TRUE","MON","TK","M","FR1 + WB1"
"2025-W35","TK35916408","TK35916408A","2811389","2025-08-25","2025-08-22","301:1 302:1 303:1 304:1","VE_Gordon-Vejle","0","1","0","TRUE","MON","TK","S","FR1"
"2025-W35","TK35915407","TK35915407A","2793082","2025-08-25","2025-08-22","301:2 302:2 304:2 308:1 314:1","VE_Gordon-Kobenhavn","0","1","0","TRUE","MON","TK","M","FR1"
"2025-W35","TK35915054","TK35915054A","2814082","2025-08-25","2025-08-22","301:2 304:1 305:3 312:6 313:2","VE_Gordon-Kobenhavn","1","1","0","TRUE","MON","TK","L","FR1 + WB1"
"2025-W35","TK35916453","TK35916453A","2807776","2025-08-25","2025-08-22","301:1 302:1 303:1 304:1 305:1 306:1 307:1 308:1","VE_Gordon-Kobenhavn","0","1","0","TRUE","MON","TK","M","FR1"
"2025-W35","TK35915612","TK35915612A","2812421","2025-08-25","2025-08-22","301:1 302:1 303:1 304:1 305:1 306:1 307:1 308:1","VE_Gordon-Vejle","0","1","0","TRUE","MON","TK","M","FR1"
"2025-W35","TK35916435","TK35916435A","2796734","2025-08-25","2025-08-22","301:1 302:1 303:1 304:1","VE_Gordon-Kobenhavn","0","1","0","TRUE","MON","TK","S","FR1"
"2025-W35","TK35914984","TK35914984A","2813875","2025-08-25","2025-08-22","301:1 302:1 303:1 304:1 305:1 306:1 307:1 308:1","VE_Gordon-Vejle","1","1","0","TRUE","MON","TK","M","FR1 + WB1"
"2025-W35","TK35915610","TK35915610A","2802225","2025-08-25","2025-08-22","301:1 302:1 304:1 305:1","VE_Gordon-Kobenhavn","0","1","0","TRUE","MON","TK","S","FR1"
"2025-W35","TK35916146","TK35916146A","2801759","2025-08-25","2025-08-22","301:1 302:1 303:1 304:1","VE_Gordon-Arhus","0","1","0","TRUE","MON","TK","S","FR1"
"2025-W35","TK35916580","TK35916580A","2772334","2025-08-25","2025-08-22","304:1 305:1 312:1 313:1","VE_Gordon-Kobenhavn","0","1","0","TRUE","MON","TK","S","FR1"
"2025-W35","TK35915032","TK35915032A","2811525","2025-08-25","2025-08-22","305:1 308:1 312:1 316:1","VE_Gordon-Vejle","1","1","0","TRUE","MON","TK","S","FR1 + WB1"
"2025-W35","TK35915883","TK35915883A","2791077","2025-08-25","2025-08-22","304:2 315:2","VE_Gordon-Kobenhavn","0","1","0","TRUE","MON","TK","S","FR1"
"2025-W35","TK35915180","TK35915180A","2811373","2025-08-24","2025-08-22","302:2 307:2 312:2","VE_Gordon-Kobenhavn","1","1","0","TRUE","SUN","TK","S","FR1"
"2025-W35","TK35915016","TK35915016A","2813966","2025-08-25","2025-08-22","301:2 302:2 304:2 311:2 313:2 317:2","VE_Gordon-Arhus","1","1","0","TRUE","MON","TK","M","FR1 + WB1"
"2025-W35","TK35915363","TK35915363A","2794863","2025-08-25","2025-08-22","302:1 309:1 310:1 317:1","VE_Gordon-Vejle","0","1","0","TRUE","MON","TK","S","FR1"
"2025-W35","TK35915416","TK35915416A","2810398","2025-08-25","2025-08-22","301:2 304:1 305:2 307:1 313:2 317:1 318:1","VE_Gordon-Vejle","0","1","0","TRUE","MON","TK","M","FR1"
"2025-W35","TK35914805","TK35914805A","2813362","2025-08-25","2025-08-22","301:1 302:1 303:1 304:1 305:1 306:1 307:1 308:1","VE_Gordon-Kobenhavn","1","1","0","TRUE","MON","TK","M","FR1 + WB1"
"2025-W35","TK35915706","TK35915706A","2775683","2025-08-25","2025-08-22","301:3 305:3 313:3 315:5","VE_Gordon-Kobenhavn","0","1","0","TRUE","MON","TK","L","FR1"
"2025-W35","TK35914800","TK35914800A","2812547","2025-08-25","2025-08-22","301:1 312:1 315:1 318:1","VE_Gordon-Kobenhavn","1","1","0","TRUE","MON","TK","S","FR1 + WB1"
"2025-W35","TK35915878","TK35915878A","2805543","2025-08-25","2025-08-22","301:1 302:1 303:1 304:1","VE_Gordon-Kobenhavn","0","1","0","TRUE","MON","TK","S","FR1"
"2025-W35","TK35915795","TK35915795A","2801939","2025-08-25","2025-08-22","303:1 305:2 307:1 308:1 310:1 312:2 313:2 315:1 317:1","VE_Gordon-Kobenhavn","0","1","0","TRUE","MON","TK","M","FR1"
"2025-W35","TK35915557","TK35915557A","2751473","2025-08-25","2025-08-22","302:2 305:1 314:2 318:2","VE_Gordon-Kobenhavn","0","1","0","TRUE","MON","TK","M","FR1"
"2025-W35","TK35915945","TK35915945A","2810723","2025-08-25","2025-08-22","301:1 302:1 303:1 304:1","VE_Gordon-Kobenhavn","0","1","0","TRUE","MON","TK","S","FR1"
"2025-W35","TK35916107","TK35916107A","2759307","2025-08-25","2025-08-22","301:1 302:1 303:1 304:1 305:1 306:1 307:1 308:1","VE_Gordon-Kobenhavn","0","1","0","TRUE","MON","TK","M","FR1"
"2025-W35","TK35916452","TK35916452A","2811514","2025-08-25","2025-08-22","304:2 308:2 312:2","VE_MBB-Frederiksberg","0","1","0","TRUE","MON","TK","S","FR1"
"2025-W35","TK35915565","TK35915565A","2810967","2025-08-25","2025-08-22","301:1 302:1 303:1 304:1 305:1 306:1","VE_Gordon-Kobenhavn","0","1","0","TRUE","MON","TK","S","FR1"
"2025-W35","TK35916210","TK35916210A","2812574","2025-08-25","2025-08-22","301:1 302:1 303:1 304:1","VE_Gordon-Kobenhavn","0","1","0","TRUE","MON","TK","S","FR1"
"2025-W35","TK35915321","TK35915321A","2814474","2025-08-25","2025-08-22","301:1 305:1 313:1 315:1","VE_Gordon-Arhus","1","1","0","TRUE","MON","TK","S","FR1 + WB1"
"2025-W35","TK35916208","TK35916208A","2807429","2025-08-25","2025-08-22","308:1 311:1 312:1 314:2 315:1 316:1 317:1","VE_Gordon-Kobenhavn","0","1","0","TRUE","MON","TK","M","FR1"
"2025-W35","TK35916151","TK35916151A","2775853","2025-08-25","2025-08-22","303:1 304:1 306:1 307:1","VE_MBB-Frederiksberg","0","1","0","TRUE","MON","TK","S","FR1"
"2025-W35","TK35915649","TK35915649A","2797642","2025-08-25","2025-08-22","306:1 307:1 308:1 311:1","VE_Gordon-Vejle","0","1","0","TRUE","MON","TK","S","FR1"
"2025-W35","TK35916171","TK35916171A","2760732","2025-08-25","2025-08-22","301:4 317:4","VE_Gordon-Kobenhavn","0","1","0","TRUE","MON","TK","M","FR1"
"2025-W35","TK35915153","TK35915153A","2811485","2025-08-24","2025-08-22","301:2 302:2 306:1 314:1 315:1 316:2 317:1","VE_Gordon-Kobenhavn","1","1","0","TRUE","SUN","TK","M","FR1"
"2025-W35","TK35915211","TK35915211A","2812314","2025-08-24","2025-08-22","301:2 302:2 303:2 304:2 305:2 306:2 307:1 313:1","VE_Gordon-Vejle","1","1","0","TRUE","SUN","TK","L","FR1"
"2025-W35","TK35915210","TK35915210A","2809257","2025-08-24","2025-08-22","301:1 302:1 303:1 304:2 305:1 307:2 308:1 312:3 315:1 317:1","VE_Gordon-Arhus","0","1","0","TRUE","SUN","TK","L","FR1"
"2025-W35","TK35915650","TK35915650A","2799742","2025-08-25","2025-08-22","301:1 302:1 303:1 304:1 305:1 306:1","VE_Gordon-Kobenhavn","0","1","0","TRUE","MON","TK","S","FR1"
"2025-W35","TK35915375","TK35915375A","2804951","2025-08-25","2025-08-22","301:2 302:2 303:1 305:1 310:2 312:2","VE_Gordon-Kobenhavn","0","1","0","TRUE","MON","TK","M","FR1"
"2025-W35","TK35915047","TK35915047A","2814054","2025-08-25","2025-08-22","301:2 302:2 303:1 304:2 307:1 315:1 316:1","VE_Gordon-Kobenhavn","1","1","0","TRUE","MON","TK","M","FR1 + WB1"
"2025-W35","TK35916335","TK35916335A","2811985","2025-08-25","2025-08-22","301:2 302:2 303:1 304:1 305:1 306:1 307:1 308:1","VE_Gordon-Vejle","1","1","0","TRUE","MON","TK","M","FR1"
"2025-W35","TK35914726","TK35914726A","2813121","2025-08-25","2025-08-22","303:1 304:1 306:1 307:1 308:1 311:2 312:2 315:1","VE_Gordon-Kobenhavn","1","1","0","TRUE","MON","TK","M","FR1 + WB1"
"2025-W35","TK35915622","TK35915622A","2809457","2025-08-25","2025-08-22","302:1 303:2 307:2 308:3 311:2 315:2 317:1 318:1","VE_Gordon-Kobenhavn","0","1","0","TRUE","MON","TK","L","FR1"
"2025-W35","TK35916376","TK35916376A","2757356","2025-08-25","2025-08-22","301:1 302:1 304:1 317:1","VE_Gordon-Kobenhavn","0","1","0","TRUE","MON","TK","S","FR1"
"2025-W35","TK35915944","TK35915944A","2804949","2025-08-25","2025-08-22","301:1 302:1 303:1 304:1 305:1 306:1","VE_Gordon-Kobenhavn","0","1","0","TRUE","MON","TK","S","FR1"
"2025-W35","TK35915626","TK35915626A","2807294","2025-08-25","2025-08-22","304:1 312:1 316:2","VE_Gordon-Kobenhavn","0","1","0","TRUE","MON","TK","S","FR1"
"2025-W35","TK35915640","TK35915640A","2793039","2025-08-25","2025-08-22","301:1 302:1 303:1 304:1","VE_Gordon-Kobenhavn","0","1","0","TRUE","MON","TK","S","FR1"
"2025-W35","TK35915326","TK35915326A","2814486","2025-08-25","2025-08-22","301:1 302:1 304:1 310:1","VE_Gordon-Kobenhavn","1","1","0","TRUE","MON","TK","S","FR1 + WB1"
"2025-W35","TK35916280","TK35916280A","2783119","2025-08-25","2025-08-22","301:1 302:1 303:1 304:1","VE_Gordon-Kobenhavn","0","1","0","TRUE","MON","TK","S","FR1"
"2025-W35","TK35916350","TK35916350A","2795882","2025-08-25","2025-08-22","301:1 302:1 303:1 304:1","VE_MBB-Frederiksberg","0","1","0","TRUE","MON","TK","S","FR1"
"2025-W35","TK35916043","TK35916043A","2809421","2025-08-25","2025-08-22","301:1 304:1 305:1 313:1","VE_MBB-Frederiksberg","0","1","0","TRUE","MON","TK","S","FR1"
"2025-W35","TK35915508","TK35915508A","2799206","2025-08-25","2025-08-22","301:1 302:1 303:1 304:1","VE_Gordon-Kobenhavn","0","1","0","TRUE","MON","TK","S","FR1"
"2025-W35","TK35914703","TK35914703A","2813064","2025-08-25","2025-08-22","301:1 302:1 311:1 318:1","VE_Gordon-Arhus","1","1","0","TRUE","MON","TK","S","FR1 + WB1"
"2025-W35","TK35916378","TK35916378A","2806381","2025-08-25","2025-08-22","301:1 304:1 305:1 311:1 313:1 314:1","VE_Gordon-Arhus","0","1","0","TRUE","MON","TK","S","FR1"
"2025-W35","TK35916469","TK35916469A","2791087","2025-08-25","2025-08-22","301:1 302:1 303:1 304:1","VE_Gordon-Arhus","0","1","0","TRUE","MON","TK","S","FR1"
"2025-W35","TK35916531","TK35916531A","2811241","2025-08-25","2025-08-22","303:2 304:1 306:1 307:1 308:1","VE_Gordon-Arhus","0","1","0","TRUE","MON","TK","S","FR1"
"2025-W35","TK35915360","TK35915360A","2782510","2025-08-25","2025-08-22","302:2 303:2 308:2 317:2","VE_Gordon-Arhus","0","1","0","TRUE","MON","TK","M","FR1"
"2025-W35","TK35915445","TK35915445A","2753129","2025-08-25","2025-08-22","301:1 302:1 303:1 308:1","VE_Gordon-Kobenhavn","0","1","0","TRUE","MON","TK","S","FR1"
"2025-W35","TK35916053","TK35916053A","2807311","2025-08-25","2025-08-22","303:1 304:2 308:1 311:2 315:2 318:2","VE_Gordon-Arhus","0","1","0","TRUE","MON","TK","M","FR1"
"2025-W35","TK35915511","TK35915511A","2812248","2025-08-25","2025-08-22","301:2 304:2 305:2 312:2 313:2","VE_Gordon-Kobenhavn","0","1","0","TRUE","MON","TK","M","FR1"
"2025-W35","TK35914896","TK35914896A","2813627","2025-08-25","2025-08-22","301:2 304:1 305:1 312:1 313:1","VE_Gordon-Arhus","1","1","0","TRUE","MON","TK","S","FR1 + WB1"
"2025-W35","TK35916460","TK35916460A","2804295","2025-08-25","2025-08-22","301:1 302:1 303:1 304:1","VE_Gordon-Kobenhavn","0","1","0","TRUE","MON","TK","S","FR1"
"2025-W35","TK35915040","TK35915040A","2814033","2025-08-25","2025-08-22","303:3 307:3 315:3 317:1","VE_Gordon-Arhus","1","1","0","TRUE","MON","TK","M","FR1 + WB1"
"2025-W35","TK35916057","TK35916057A","2760974","2025-08-25","2025-08-22","303:1 304:1 313:4","VE_Gordon-Kobenhavn","0","1","0","TRUE","MON","TK","S","FR1"
"2025-W35","TK35914710","TK35914710A","2762899","2025-08-24","2025-08-22","301:1 302:1 303:1 304:1 305:1 306:1","VE_Gordon-Kobenhavn","1","1","0","TRUE","SUN","TK","S","FR1 + WB1"
"2025-W35","TK35915233","TK35915233A","2812310","2025-08-24","2025-08-22","301:1 302:1 303:1 304:1 308:1 313:1","VE_Gordon-Arhus","1","1","0","TRUE","SUN","TK","S","FR1"
"2025-W35","TK35915156","TK35915156A","2811436","2025-08-24","2025-08-22","313:1 315:1 317:2 318:2","VE_MBB-Frederiksberg","1","1","0","TRUE","SUN","TK","S","FR1"
"2025-W35","TK35915647","TK35915647A","2760661","2025-08-25","2025-08-22","301:1 302:1 303:1 304:1","VE_Gordon-Vejle","0","1","0","TRUE","MON","TK","S","FR1"
"2025-W35","TK35915916","TK35915916A","2806461","2025-08-25","2025-08-22","304:1 305:1 311:2 313:1 314:1 809:4","VE_Gordon-Kobenhavn","0","1","0","TRUE","MON","TK","M","FR1"
"2025-W35","TK35915423","TK35915423A","2810699","2025-08-25","2025-08-22","301:2 302:2 303:2 304:2 305:2 306:2 307:1 308:1","VE_Gordon-Kobenhavn","0","1","0","TRUE","MON","TK","L","FR1"
"2025-W35","TK35916258","TK35916258A","2770174","2025-08-25","2025-08-22","301:1 302:1 303:1 305:1 306:1 307:1 315:1 317:1","VE_Gordon-Arhus","0","1","0","TRUE","MON","TK","M","FR1"
"2025-W35","TK35916311","TK35916311A","2780216","2025-08-25","2025-08-22","304:3 305:3 311:6","VE_Gordon-Arhus","0","1","0","TRUE","MON","TK","M","FR1"
"2025-W35","TK35915285","TK35915285A","2814308","2025-08-25","2025-08-22","301:2 303:1 312:2 314:1","VE_Gordon-Arhus","1","1","0","TRUE","MON","TK","S","FR1 + WB1"
"2025-W35","TK35915325","TK35915325A","2814482","2025-08-25","2025-08-22","303:1 304:1 305:2 308:2 312:2 313:2 315:3 316:1","VE_Gordon-Kobenhavn","1","1","0","TRUE","MON","TK","L","FR1 + WB1"
"2025-W35","TK35914921","TK35914921A","2782793","2025-08-26","2025-08-22","304:2 307:3 309:1 313:2 315:3 316:3","VE_Gordon-Bornholm","1","1","0","TRUE","TUE","TK","L","FR1 + WB1"
"2025-W35","TK35915621","TK35915621A","2811135","2025-08-25","2025-08-22","301:1 302:1 303:1 304:1 305:1 306:1 307:1 308:1","VE_Gordon-Kobenhavn","0","1","0","TRUE","MON","TK","M","FR1"
"2025-W35","TK35915017","TK35915017A","2753884","2025-08-25","2025-08-22","301:1 302:1 303:1 304:1 305:1 306:1 317:1","VE_Gordon-Kobenhavn","1","1","0","TRUE","MON","TK","M","FR1 + WB1"
"2025-W35","TK35916092","TK35916092A","2755881","2025-08-25","2025-08-22","301:2 304:1 305:1 312:1 313:1","VE_Gordon-Arhus","0","1","0","TRUE","MON","TK","S","FR1"
"2025-W35","TK35914985","TK35914985A","2813880","2025-08-25","2025-08-22","303:1 304:1 307:1 314:1","VE_Gordon-Kobenhavn","1","1","0","TRUE","MON","TK","S","FR1 + WB1"
"2025-W35","TK35916294","TK35916294A","2801972","2025-08-25","2025-08-22","304:3 315:3 317:2","VE_Gordon-Vejle","0","1","0","TRUE","MON","TK","M","FR1"
"2025-W35","TK35916523","TK35916523A","2800262","2025-08-25","2025-08-22","302:1 309:1 311:1 314:1","VE_Gordon-Kobenhavn","0","1","0","TRUE","MON","TK","S","FR1"
"2025-W35","TK35914880","TK35914880A","2813576","2025-08-25","2025-08-22","303:1 304:1 306:1 307:1","VE_Gordon-Vejle","1","1","0","TRUE","MON","TK","S","FR1 + WB1"
"2025-W35","TK35916410","TK35916410A","2776674","2025-08-25","2025-08-22","301:2 304:2 305:2 312:1 313:1","VE_Gordon-Arhus","0","1","0","TRUE","MON","TK","M","FR1"
"2025-W35","TK35915378","TK35915378A","2799791","2025-08-25","2025-08-22","302:1 303:1 304:1 306:1 311:1 312:1 314:1","VE_Gordon-Arhus","0","1","0","TRUE","MON","TK","M","FR1"
"2025-W35","TK35916033","TK35916033A","2778916","2025-08-25","2025-08-22","304:1 309:1 310:1 315:1","VE_Gordon-Vejle","0","1","0","TRUE","MON","TK","S","FR1"
"2025-W35","TK35916520","TK35916520A","2794376","2025-08-25","2025-08-22","306:1 316:1 317:1 318:1","VE_Gordon-Arhus","0","1","0","TRUE","MON","TK","S","FR1"
"2025-W35","TK35914741","TK35914741A","2753568","2025-08-25","2025-08-22","301:1 302:1 304:1 312:1","VE_Gordon-Kobenhavn","1","1","0","TRUE","MON","TK","S","FR1 + WB1"
"2025-W35","TK35915277","TK35915277A","2808046","2025-08-25","2025-08-22","302:1 303:1 304:1 308:1","VE_Gordon-Vejle","1","1","0","TRUE","MON","TK","S","FR1 + WB1"
"2025-W35","TK35916205","TK35916205A","2808624","2025-08-25","2025-08-22","301:2 304:2 305:2 312:1 313:1","VE_MBB-Frederiksberg","0","1","0","TRUE","MON","TK","M","FR1"
"2025-W35","TK35915244","TK35915244A","2807980","2025-08-24","2025-08-22","302:2 304:2 305:2 311:2 314:2","VE_Gordon-Vejle","0","1","0","TRUE","SUN","TK","M","FR1"
"2025-W35","TK35915202","TK35915202A","2751382","2025-08-24","2025-08-22","302:2 314:2 315:2 317:2 318:2","VE_Gordon-Vejle","0","1","0","TRUE","SUN","TK","M","FR1"
"2025-W35","TK35915009","TK35915009A","2813154","2025-08-24","2025-08-22","301:1 303:1 307:1 308:1 311:1 314:1 315:2 316:1 317:1","VE_Gordon-Kobenhavn","1","1","0","TRUE","SUN","TK","M","FR1 + WB1"
"2025-W35","TK35914943","TK35914943A","2813744","2025-08-24","2025-08-22","301:1 303:1 308:1 318:1","VE_Gordon-Arhus","1","1","0","TRUE","SUN","TK","S","FR1 + WB1"
"2025-W35","TK35915628","TK35915628A","2811790","2025-08-25","2025-08-22","303:1 304:1 305:1 313:1","VE_Gordon-Kobenhavn","0","1","0","TRUE","MON","TK","S","FR1"
"2025-W35","TK35915074","TK35915074A","2814131","2025-08-25","2025-08-22","301:2 305:2 307:2 308:2","VE_Gordon-Arhus","1","1","0","TRUE","MON","TK","M","FR1 + WB1"
"2025-W35","TK35916538","TK35916538A","2812325","2025-08-25","2025-08-22","303:3 304:1 306:3 307:3 311:2 314:1 315:1","VE_Gordon-Kobenhavn","0","1","0","TRUE","MON","TK","L","FR1"
"2025-W35","TK35915672","TK35915672A","2799990","2025-08-25","2025-08-22","301:1 302:1 303:1 304:1","VE_Gordon-Vejle","0","1","0","TRUE","MON","TK","S","FR1"
"2025-W35","TK35915954","TK35915954A","2800178","2025-08-25","2025-08-22","303:1 307:1 308:1 312:1 314:1 315:1 316:1 318:1","VE_Gordon-Kobenhavn","0","1","0","TRUE","MON","TK","M","FR1"
"2025-W35","TK35915752","TK35915752A","2812320","2025-08-25","2025-08-22","301:2 304:2 305:2 312:2 313:2","VE_Gordon-Vejle","0","1","0","TRUE","MON","TK","M","FR1"
"2025-W35","TK35915818","TK35915818A","2801915","2025-08-25","2025-08-22","303:1 304:1 310:1 318:1","VE_Gordon-Kobenhavn","0","1","0","TRUE","MON","TK","S","FR1"
"2025-W35","TK35916509","TK35916509A","2780191","2025-08-25","2025-08-22","305:1 311:2 312:1 313:1 314:1","VE_Gordon-Kobenhavn","0","1","0","TRUE","MON","TK","S","FR1"
"2025-W35","TK35915835","TK35915835A","2800434","2025-08-25","2025-08-22","302:2 303:2 304:3 306:1 313:1 317:1","VE_Gordon-Arhus","0","1","0","TRUE","MON","TK","M","FR1"
"2025-W35","TK35916031","TK35916031A","2775710","2025-08-25","2025-08-22","302:1 303:1 305:1 306:1 312:1 317:1","VE_Gordon-Arhus","0","1","0","TRUE","MON","TK","S","FR1"
"2025-W35","TK35914678","TK35914678A","2812997","2025-08-25","2025-08-22","301:1 305:1 312:1 317:1","VE_Gordon-Vejle","1","1","0","TRUE","MON","TK","S","FR1 + WB1"
"2025-W35","TK35915846","TK35915846A","2781538","2025-08-25","2025-08-22","301:1 304:1 305:1 313:1","VE_MBB-Frederiksberg","0","1","0","TRUE","MON","TK","S","FR1"
"2025-W35","TK35915903","TK35915903A","2807014","2025-08-25","2025-08-22","301:2 306:1 307:1 308:1 315:1","VE_Gordon-Arhus","0","1","0","TRUE","MON","TK","S","FR1"
"2025-W35","TK35916243","TK35916243A","2801467","2025-08-25","2025-08-22","303:1 304:1 312:1 313:1","VE_Gordon-Kobenhavn","0","1","0","TRUE","MON","TK","S","FR1"
"2025-W35","TK35916503","TK35916503A","2803361","2025-08-25","2025-08-22","303:1 304:1 308:1 317:1","VE_Gordon-Kobenhavn","0","1","0","TRUE","MON","TK","S","FR1"
"2025-W35","TK35914922","TK35914922A","2813681","2025-08-25","2025-08-22","301:3 302:3 314:3","VE_Gordon-Kobenhavn","1","1","0","TRUE","MON","TK","M","FR1 + WB1"
"2025-W35","TK35915026","TK35915026A","2810998","2025-08-25","2025-08-22","301:1 302:1 304:1 312:1 313:2 315:2","VE_Gordon-Kobenhavn","1","1","0","TRUE","MON","TK","M","FR1 + WB1"
"2025-W35","TK35916394","TK35916394A","2810529","2025-08-25","2025-08-22","305:1 308:1 312:1 316:1","VE_MBB-Frederiksberg","0","1","0","TRUE","MON","TK","S","FR1"
"2025-W35","TK35915035","TK35915035A","2814012","2025-08-25","2025-08-22","301:1 303:1 309:3 312:3 314:3 316:1","VE_Gordon-Kobenhavn","1","1","0","TRUE","MON","TK","M","FR1 + WB1"
"2025-W35","TK35915836","TK35915836A","2802720","2025-08-25","2025-08-22","308:2 315:2 318:2","VE_Gordon-Kobenhavn","0","1","0","TRUE","MON","TK","S","FR1"
"2025-W35","TK35916040","TK35916040A","2796923","2025-08-25","2025-08-22","301:2 304:1 305:1 312:1 313:1","VE_Gordon-Arhus","0","1","0","TRUE","MON","TK","S","FR1"
"2025-W35","TK35915477","TK35915477A","2803039","2025-08-25","2025-08-22","303:2 308:1 317:1","VE_Gordon-Arhus","0","1","0","TRUE","MON","TK","S","FR1"
"2025-W35","TK35916545","TK35916545A","2795042","2025-08-25","2025-08-22","308:1 313:1 315:1 317:1","VE_Gordon-Kobenhavn","0","1","0","TRUE","MON","TK","S","FR1"
"2025-W35","TK35915550","TK35915550A","2758702","2025-08-25","2025-08-22","304:2 305:1 317:1","VE_Gordon-Kobenhavn","0","1","0","TRUE","MON","TK","S","FR1"
"2025-W35","TK35915205","TK35915205A","2781062","2025-08-24","2025-08-22","301:2 302:2 303:2 305:2 313:2 315:2 317:2","VE_Gordon-Kobenhavn","1","1","0","TRUE","SUN","TK","L","FR1"
"2025-W35","TK35915195","TK35915195A","2753264","2025-08-24","2025-08-22","304:1 308:1 312:1 315:2 317:1","VE_Gordon-Kobenhavn","0","1","0","TRUE","SUN","TK","S","FR1"
"2025-W35","TK35916605","TK35916605A","2786272","2025-08-25","2025-08-22","301:1 302:1 303:1 304:1 306:1 308:1 311:1 317:1","VE_Gordon-Kobenhavn","0","1","0","TRUE","MON","TK","M","FR1"
"2025-W35","TK35914807","TK35914807B","2813366","2025-08-25","2025-08-22","809:1 810:1 301:1 302:1 303:1 304:1","VE_Gordon-Arhus","1","1","0","TRUE","MON","TK","S","FR1 + WB1"
"2025-W35","TK35916222","TK35916222A","2812799","2025-08-25","2025-08-22","301:1 302:1 303:1 304:1 305:1 306:1","VE_Gordon-Kobenhavn","0","1","0","TRUE","MON","TK","S","FR1"
"2025-W35","TK35915879","TK35915879A","2810297","2025-08-25","2025-08-22","301:1 302:1 303:1 304:1 305:1 306:1","VE_Gordon-Vejle","0","1","0","TRUE","MON","TK","S","FR1"
"2025-W35","TK35916476","TK35916476A","2755011","2025-08-25","2025-08-22","301:1 302:1 305:1 314:1","VE_Gordon-Kobenhavn","0","1","0","TRUE","MON","TK","S","FR1"
"2025-W35","TK35916419","TK35916419A","2796534","2025-08-25","2025-08-22","301:1 302:1 303:2 304:1 305:2 306:2 307:1 308:2 312:1 314:1","VE_Gordon-Kobenhavn","0","1","0","TRUE","MON","TK","L","FR1"
"2025-W35","TK35914952","TK35914952A","2813775","2025-08-25","2025-08-22","301:1 302:1 312:2 316:2","VE_Gordon-Kobenhavn","1","1","0","TRUE","MON","TK","S","FR1 + WB1"
"2025-W35","TK35916597","TK35916597A","2808250","2025-08-25","2025-08-22","301:2 304:1 305:1 312:1 313:1","VE_Gordon-Kobenhavn","0","1","0","TRUE","MON","TK","S","FR1"
"2025-W35","TK35914842","TK35914842A","2813450","2025-08-25","2025-08-22","301:2 302:2 303:2 304:2 305:2 306:2 307:1 308:1","VE_Gordon-Vejle","1","1","0","TRUE","MON","TK","L","FR1 + WB1"
"2025-W35","TK35916310","TK35916310A","2808460","2025-08-25","2025-08-22","301:1 302:1 303:1 304:1","VE_Gordon-Arhus","0","1","0","TRUE","MON","TK","S","FR1"
"2025-W35","TK35915465","TK35915465A","2778376","2025-08-25","2025-08-22","301:1 302:1 303:1 304:1 305:1 306:1","VE_Gordon-Arhus","0","1","0","TRUE","MON","TK","S","FR1"
"2025-W35","TK35914927","TK35914927A","2813696","2025-08-25","2025-08-22","301:1 302:1 303:1 304:1","VE_Gordon-Vejle","1","1","0","TRUE","MON","TK","S","FR1 + WB1"
"2025-W35","TK35915670","TK35915670A","2803759","2025-08-25","2025-08-22","310:1 312:1 315:1 317:1","VE_Gordon-Kobenhavn","0","1","0","TRUE","MON","TK","S","FR1"
"2025-W35","TK35916070","TK35916070A","2809081","2025-08-25","2025-08-22","307:2 308:1 309:1 311:1 312:1 315:2 316:1 318:1","VE_Gordon-Kobenhavn","0","1","0","TRUE","MON","TK","M","FR1"
"2025-W35","TK35916054","TK35916054A","2779443","2025-08-25","2025-08-22","302:1 313:1 316:1 318:1","VE_Gordon-Vejle","0","1","0","TRUE","MON","TK","S","FR1"
"2025-W35","TK35915443","TK35915443A","2801026","2025-08-25","2025-08-22","301:1 302:1 303:1 304:1 305:1 306:1","VE_MBB-Frederiksberg","0","1","0","TRUE","MON","TK","S","FR1"
"2025-W35","TK35915387","TK35915387A","2799828","2025-08-25","2025-08-22","301:1 304:1 307:1 318:1","VE_Gordon-Kobenhavn","0","1","0","TRUE","MON","TK","S","FR1"
"2025-W35","TK35915541","TK35915541A","2803433","2025-08-25","2025-08-22","301:1 302:1 303:1 304:1","VE_Gordon-Kobenhavn","0","1","0","TRUE","MON","TK","S","FR1"
"2025-W35","TK35915644","TK35915644A","2794228","2025-08-25","2025-08-22","304:1 312:1 313:1 315:1","VE_MBB-Frederiksberg","0","1","0","TRUE","MON","TK","S","FR1"
"2025-W35","TK35916342","TK35916342A","2779051","2025-08-25","2025-08-22","301:2 312:2 317:6","VE_Gordon-Arhus","0","1","0","TRUE","MON","TK","M","FR1"
"2025-W35","TK35915071","TK35915071A","2814127","2025-08-25","2025-08-22","301:1 307:1 315:1 318:1","VE_Gordon-Kobenhavn","1","1","0","TRUE","MON","TK","S","FR1 + WB1"
"2025-W35","TK35916462","TK35916462A","2794091","2025-08-25","2025-08-22","304:1 305:1 314:1 318:1","VE_MBB-Frederiksberg","0","1","0","TRUE","MON","TK","S","FR1"
"2025-W35","TK35916383","TK35916383A","2810748","2025-08-25","2025-08-22","302:2 304:2 312:2 313:2 315:1 318:1","VE_Gordon-Arhus","0","1","0","TRUE","MON","TK","M","FR1"
"2025-W35","TK35915163","TK35915163A","2812023","2025-08-24","2025-08-22","301:1 302:1 304:2 305:1 310:1 313:2 317:2","VE_Gordon-Kobenhavn","1","1","0","TRUE","SUN","TK","M","FR1"
"2025-W35","TK35915107","TK35915107A","2814255","2025-08-24","2025-08-22","301:2 305:2 308:1 315:2 317:1","VE_Gordon-Vejle","1","1","0","TRUE","SUN","TK","M","FR1 + WB1"
"2025-W35","TK35915190","TK35915190A","2767726","2025-08-24","2025-08-22","301:2 302:2 303:2 304:2 305:1 306:1 307:1 308:1","VE_Gordon-Kobenhavn","1","1","0","TRUE","SUN","TK","M","FR1"
"2025-W35","TK35914787","TK35914787A","2813303","2025-08-25","2025-08-22","302:1 303:1 312:1 318:1","VE_Gordon-Kobenhavn","1","1","0","TRUE","MON","TK","S","FR1 + WB1"
"2025-W35","TK35915033","TK35915033A","2814002","2025-08-25","2025-08-22","301:1 303:1 305:1 306:1 307:1 308:1 311:1 314:1","VE_Gordon-Arhus","1","1","0","TRUE","MON","TK","M","FR1 + WB1"
"2025-W35","TK35914807","TK35914807A","2813366","2025-08-25","2025-08-22","305:1 306:1 307:1 308:1 310:1 312:1 313:1 314:1 315:1 318:1 805:2","VE_Gordon-Arhus","1","1","0","TRUE","MON","TK","M","FR1 + WB1"
"2025-W35","TK35915730","TK35915730A","2806017","2025-08-25","2025-08-22","303:1 304:1 306:1 307:1","VE_Gordon-Vejle","0","1","0","TRUE","MON","TK","S","FR1"
"2025-W35","TK35915871","TK35915871A","2800876","2025-08-25","2025-08-22","304:1 306:1 308:1 311:1 317:1 318:1","VE_Gordon-Arhus","0","1","0","TRUE","MON","TK","S","FR1"
"2025-W35","TK35915344","TK35915344A","2811951","2025-08-25","2025-08-22","303:2 304:1 306:2 307:1 308:2","VE_Gordon-Vejle","0","1","0","TRUE","MON","TK","M","FR1"
"2025-W35","TK35915962","TK35915962A","2758279","2025-08-25","2025-08-22","301:1 302:1 305:2 306:1 309:1 317:1","VE_Gordon-Kobenhavn","0","1","0","TRUE","MON","TK","M","FR1"
"2025-W35","TK35915856","TK35915856A","2799209","2025-08-25","2025-08-22","301:1 302:1 303:1 304:1 305:1 306:1","VE_Gordon-Vejle","0","1","0","TRUE","MON","TK","S","FR1"
"2025-W35","TK35915049","TK35915049A","2814065","2025-08-25","2025-08-22","301:3 303:3 305:3 308:3","VE_Gordon-Kobenhavn","1","1","0","TRUE","MON","TK","M","FR1 + WB1"
"2025-W35","TK35914768","TK35914768A","2813259","2025-08-25","2025-08-22","301:1 303:1 305:1 306:1 307:1 308:1 312:1 315:1","VE_Gordon-Arhus","1","1","0","TRUE","MON","TK","M","FR1 + WB1"
"2025-W35","TK35916514","TK35916514A","2802331","2025-08-25","2025-08-22","303:1 304:1 312:1 314:1","VE_MBB-Frederiksberg","0","1","0","TRUE","MON","TK","S","FR1"
"2025-W35","TK35915287","TK35915287A","2780568","2025-08-25","2025-08-22","301:1 302:1 303:1 304:1 305:1 306:1","VE_Gordon-Kobenhavn","1","1","0","TRUE","MON","TK","S","FR1 + WB1"
"2025-W35","TK35915442","TK35915442A","2807977","2025-08-25","2025-08-22","301:1 302:1 308:1 310:1 315:1 317:1","VE_Gordon-Kobenhavn","0","1","0","TRUE","MON","TK","S","FR1"
"2025-W35","TK35916000","TK35916000A","2801106","2025-08-25","2025-08-22","301:3 304:3 305:3 312:2 313:3","VE_Gordon-Arhus","0","1","0","TRUE","MON","TK","L","FR1"
"2025-W35","TK35916264","TK35916264A","2754298","2025-08-25","2025-08-22","301:2 302:2 314:2 317:2 318:2","VE_Gordon-Kobenhavn","0","1","0","TRUE","MON","TK","M","FR1"
"2025-W35","TK35915681","TK35915681A","2768765","2025-08-25","2025-08-22","303:1 305:1 308:3 312:3 315:1 317:1","VE_Gordon-Kobenhavn","0","1","0","TRUE","MON","TK","M","FR1"
"2025-W35","TK35915333","TK35915333A","2812086","2025-08-25","2025-08-22","301:4 302:4 305:3 314:3","VE_Gordon-Vejle","0","1","0","TRUE","MON","TK","L","FR1"
"2025-W35","TK35916080","TK35916080A","2812080","2025-08-25","2025-08-22","301:3 304:3 305:2 312:2 313:2","VE_Gordon-Kobenhavn","0","1","0","TRUE","MON","TK","M","FR1"
"2025-W35","TK35915487","TK35915487A","2803660","2025-08-25","2025-08-22","301:1 302:1 303:1 304:1","VE_Gordon-Arhus","0","1","0","TRUE","MON","TK","S","FR1"
"2025-W35","TK35916256","TK35916256A","2810027","2025-08-25","2025-08-22","302:2 304:2 305:2 311:2","VE_Gordon-Vejle","0","1","0","TRUE","MON","TK","M","FR1"
"2025-W35","TK35915199","TK35915199A","2811302","2025-08-24","2025-08-22","301:2 302:2 308:1 312:1 314:1 318:1","VE_Gordon-Kobenhavn","1","1","0","TRUE","SUN","TK","M","FR1"
"2025-W35","TK35915218","TK35915218A","2771024","2025-08-24","2025-08-22","302:1 304:1 308:1 313:1","VE_Gordon-Vejle","1","1","0","TRUE","SUN","TK","S","FR1"
"2025-W35","TK35916521","TK35916521A","2810233","2025-08-25","2025-08-22","301:1 303:1 307:1 312:1","VE_Gordon-Arhus","0","1","0","TRUE","MON","TK","S","FR1"
"2025-W35","TK35915788","TK35915788A","2805242","2025-08-25","2025-08-22","302:1 303:1 307:1 316:1","VE_Gordon-Kobenhavn","0","1","0","TRUE","MON","TK","S","FR1"
"2025-W35","TK35916117","TK35916117A","2809094","2025-08-25","2025-08-22","301:1 302:1 303:1 304:1 305:1 306:1","VE_Gordon-Kobenhavn","0","1","0","TRUE","MON","TK","S","FR1"
"2025-W35","TK35914798","TK35914798A","2813330","2025-08-25","2025-08-22","301:1 302:1 305:1 314:1 317:1 318:1","VE_Gordon-Kobenhavn","1","1","0","TRUE","MON","TK","S","FR1 + WB1"
"2025-W35","TK35915964","TK35915964A","2808856","2025-08-25","2025-08-22","301:1 302:1 303:1 304:1 305:1 306:1","VE_Gordon-Arhus","0","1","0","TRUE","MON","TK","S","FR1"
"2025-W35","TK35915796","TK35915796A","2803321","2025-08-25","2025-08-22","303:1 310:1 316:1 317:1","VE_MBB-Frederiksberg","0","1","0","TRUE","MON","TK","S","FR1"
"2025-W35","TK35914803","TK35914803A","2813349","2025-08-25","2025-08-22","310:2 312:2 314:2","VE_MBB-Frederiksberg","1","1","0","TRUE","MON","TK","S","FR1 + WB1"
"2025-W35","TK35916569","TK35916569A","2763113","2025-08-25","2025-08-22","301:2 302:2 305:1 314:1","VE_Gordon-Arhus","0","1","0","TRUE","MON","TK","S","FR1"
"2025-W35","TK35915046","TK35915046A","2775077","2025-08-25","2025-08-22","301:1 303:1 304:1 308:1 311:1 313:1","VE_Gordon-Vejle","1","1","0","TRUE","MON","TK","S","FR1 + WB1"
"2025-W35","TK35916159","TK35916159A","2772067","2025-08-25","2025-08-22","304:1 313:1 314:1 318:1","VE_Gordon-Kobenhavn","0","1","0","TRUE","MON","TK","S","FR1"
"2025-W35","TK35916303","TK35916303A","2803088","2025-08-25","2025-08-22","308:2 309:2 310:1 312:1","VE_Gordon-Kobenhavn","0","1","0","TRUE","MON","TK","S","FR1"
"2025-W35","TK35916564","TK35916564A","2807768","2025-08-25","2025-08-22","301:1 302:1 303:1 304:1 305:1 306:1 307:1 308:1","VE_Gordon-Arhus","0","1","0","TRUE","MON","TK","M","FR1"
"2025-W35","TK35915281","TK35915281A","2813774","2025-08-25","2025-08-22","303:1 304:1 309:1 310:1 314:1","VE_Gordon-Kobenhavn","1","1","0","TRUE","MON","TK","S","FR1 + WB1"
"2025-W35","TK35915596","TK35915596A","2809012","2025-08-25","2025-08-22","301:1 302:1 303:1 304:1 305:1 306:1","VE_Gordon-Kobenhavn","0","1","0","TRUE","MON","TK","S","FR1"
"2025-W35","TK35915015","TK35915015A","2813963","2025-08-25","2025-08-22","301:1 302:1 304:1 305:1 307:1 308:1 311:1 314:1","VE_Gordon-Kobenhavn","1","1","0","TRUE","MON","TK","M","FR1 + WB1"
"2025-W35","TK35916552","TK35916552A","2769444","2025-08-25","2025-08-22","302:1 303:1 307:1 308:1 316:1 317:1","VE_Gordon-Kobenhavn","0","1","0","TRUE","MON","TK","S","FR1"
"2025-W35","TK35915464","TK35915464A","2760148","2025-08-25","2025-08-22","301:1 302:1 303:1 304:1","VE_MBB-Frederiksberg","0","1","0","TRUE","MON","TK","S","FR1"
"2025-W35","TK35916483","TK35916483A","2781172","2025-08-25","2025-08-22","301:1 302:1 303:1 314:1","VE_Gordon-Arhus","0","1","0","TRUE","MON","TK","S","FR1"
"2025-W35","TK35915976","TK35915976A","2776530","2025-08-25","2025-08-22","301:2 312:2 318:2","VE_Gordon-Kobenhavn","0","1","0","TRUE","MON","TK","S","FR1"
"2025-W35","TK35914820","TK35914820A","2813409","2025-08-25","2025-08-22","301:1 307:1 312:1 315:1","VE_Gordon-Arhus","1","1","0","TRUE","MON","TK","S","FR1 + WB1"
"2025-W35","TK35915006","TK35915006A","2813938","2025-08-25","2025-08-22","301:2 307:1 312:1","VE_MBB-Frederiksberg","1","1","0","TRUE","MON","TK","S","FR1 + WB1"
"2025-W35","TK35915249","TK35915249A","2803249","2025-08-24","2025-08-22","301:1 303:1 306:1 311:2 313:1 314:1 315:1 317:1 318:1","VE_Gordon-Kobenhavn","1","1","0","TRUE","SUN","TK","M","FR1"
"2025-W35","TK35915147","TK35915147A","2812144","2025-08-24","2025-08-22","301:1 308:1 312:1 313:1","VE_MBB-Frederiksberg","1","1","0","TRUE","SUN","TK","S","FR1"
"2025-W35","TK35915252","TK35915252A","2811787","2025-08-24","2025-08-22","301:1 302:1 305:1 312:1 314:1 317:1","VE_Gordon-Kobenhavn","1","1","0","TRUE","SUN","TK","S","FR1"
"2025-W35","TK35916142","TK35916142A","2810758","2025-08-25","2025-08-22","301:2 304:2 305:2 312:2 313:2","VE_Gordon-Kobenhavn","0","1","0","TRUE","MON","TK","M","FR1"
"2025-W35","TK35915499","TK35915499A","2786876","2025-08-25","2025-08-22","301:1 304:1 308:1 312:1 313:1 315:1","VE_Gordon-Kobenhavn","0","1","0","TRUE","MON","TK","S","FR1"
"2025-W35","TK35914846","TK35914846A","2813467","2025-08-25","2025-08-22","303:2 305:2 307:2 308:2 312:2 313:2 318:2","VE_Gordon-Kobenhavn","1","1","0","TRUE","MON","TK","L","FR1 + WB1"
"2025-W35","TK35915600","TK35915600A","2779975","2025-08-25","2025-08-22","305:1 308:1 312:1 313:1","VE_Gordon-Vejle","0","1","0","TRUE","MON","TK","S","FR1"
"2025-W35","TK35915655","TK35915655A","2780343","2025-08-25","2025-08-22","302:2 304:2 313:2","VE_Gordon-Vejle","0","1","0","TRUE","MON","TK","S","FR1"
"2025-W35","TK35914745","TK35914745A","2813174","2025-08-25","2025-08-22","301:1 302:1 303:1 304:1","VE_Gordon-Kobenhavn","1","1","0","TRUE","MON","TK","S","FR1 + WB1"
"2025-W35","TK35915579","TK35915579A","2762056","2025-08-25","2025-08-22","301:1 304:1 305:1 307:1 312:1 313:1 316:1 317:1","VE_Gordon-Vejle","0","1","0","TRUE","MON","TK","M","FR1"
"2025-W35","TK35915582","TK35915582A","2808844","2025-08-25","2025-08-22","304:2 306:1 307:1 308:2 315:2 316:2 317:2","VE_Gordon-Vejle","0","1","0","TRUE","MON","TK","M","FR1"
"2025-W35","TK35915428","TK35915428A","2754448","2025-08-25","2025-08-22","301:2 302:2 303:2 304:2 305:2 306:2 307:1 308:1","VE_MBB-Frederiksberg","0","1","0","TRUE","MON","TK","L","FR1"
"2025-W35","TK35916286","TK35916286A","2763818","2025-08-25","2025-08-22","301:1 302:1 303:1 304:1 305:1 306:1","VE_Gordon-Arhus","0","1","0","TRUE","MON","TK","S","FR1"
"2025-W35","TK35915376","TK35915376A","2812444","2025-08-25","2025-08-22","301:1 302:1 303:1 304:1 305:1 306:1","VE_Gordon-Kobenhavn","0","1","0","TRUE","MON","TK","S","FR1"
"2025-W35","TK35914932","TK35914932A","2813714","2025-08-25","2025-08-22","301:2 302:1 305:1 314:1","VE_Gordon-Kobenhavn","1","1","0","TRUE","MON","TK","S","FR1 + WB1"
"2025-W35","TK35914959","TK35914959A","2813769","2025-08-25","2025-08-22","301:1 302:1 303:1 304:1 305:1 306:1 307:1 308:1","VE_Gordon-Kobenhavn","1","1","0","TRUE","MON","TK","M","FR1 + WB1"
"2025-W35","TK35915986","TK35915986A","2799932","2025-08-25","2025-08-22","301:1 302:1 303:1 304:1","VE_Gordon-Kobenhavn","0","1","0","TRUE","MON","TK","S","FR1"
"2025-W35","TK35915004","TK35915004A","2813930","2025-08-25","2025-08-22","301:1 304:1 309:1 312:1","VE_Gordon-Arhus","1","1","0","TRUE","MON","TK","S","FR1 + WB1"
"2025-W35","TK35916497","TK35916497A","2800327","2025-08-25","2025-08-22","301:3 302:3 305:2 314:2","VE_Gordon-Vejle","0","1","0","TRUE","MON","TK","M","FR1"
"2025-W35","TK35916496","TK35916496A","2759550","2025-08-25","2025-08-22","301:1 302:1 303:1 304:1","VE_Gordon-Kobenhavn","0","1","0","TRUE","MON","TK","S","FR1"
"2025-W35","TK35915725","TK35915725A","2799086","2025-08-25","2025-08-22","301:1 304:1 305:1 313:1","VE_Gordon-Kobenhavn","0","1","0","TRUE","MON","TK","S","FR1"
"2025-W35","TK35916535","TK35916535A","2809794","2025-08-25","2025-08-22","306:2 312:2 314:2 316:2 317:3 318:3","VE_Gordon-Kobenhavn","0","1","0","TRUE","MON","TK","L","FR1"
"2025-W35","TK35915682","TK35915682A","2811358","2025-08-25","2025-08-22","301:2 305:2 312:1 313:1 315:2","VE_Gordon-Kobenhavn","0","1","0","TRUE","MON","TK","M","FR1"
"2025-W35","TK35915264","TK35915264A","2814310","2025-08-25","2025-08-22","309:2 310:1 312:1","VE_Gordon-Kobenhavn","1","1","0","TRUE","MON","TK","S","FR1 + WB1"
"2025-W35","TK35915167","TK35915167A","2810882","2025-08-24","2025-08-22","301:2 302:2 305:1 309:2 310:3","VE_Gordon-Kobenhavn","1","1","0","TRUE","SUN","TK","M","FR1"
"2025-W35","TK35914874","TK35914874A","2813556","2025-08-24","2025-08-22","301:1 302:1 303:1 304:1 305:1 308:1 311:1 312:2 313:1 314:1 315:1 317:1 318:1","VE_Gordon-Kobenhavn","1","1","0","TRUE","SUN","TK","L","FR1 + WB1"
"2025-W35","TK35915120","TK35915120A","2806668","2025-08-24","2025-08-22","301:2 302:1 303:1 304:2 306:1 307:1","VE_Gordon-Vejle","1","1","0","TRUE","SUN","TK","M","FR1"
"2025-W35","TK35915234","TK35915234A","2809638","2025-08-24","2025-08-22","304:1 305:2 307:1 312:1 314:1 805:4","VE_Gordon-Arhus","0","1","0","TRUE","SUN","TK","M","FR1"
"2025-W35","TK35915225","TK35915225A","2810840","2025-08-24","2025-08-22","301:3 308:2 316:2","VE_Gordon-Vejle","1","1","0","TRUE","SUN","TK","M","FR1"
"2025-W35","TK35914863","TK35914863A","2760093","2025-08-24","2025-08-22","301:2 302:2 305:3 315:1 317:2","VE_Gordon-Vejle","1","1","0","TRUE","SUN","TK","M","FR1 + WB1"
"2025-W35","TK35915543","TK35915543A","2769449","2025-08-25","2025-08-22","301:1 303:1 305:1 307:1 312:1 313:1","VE_Gordon-Kobenhavn","0","1","0","TRUE","MON","TK","S","FR1"
"2025-W35","TK35916541","TK35916541A","2812892","2025-08-25","2025-08-22","303:2 304:2 306:2 307:2 308:2 311:2 313:2","VE_Gordon-Kobenhavn","0","1","0","TRUE","MON","TK","L","FR1"
"2025-W35","TK35915657","TK35915657A","2804751","2025-08-25","2025-08-22","301:1 304:1 305:1 307:1 312:1 313:1","VE_Gordon-Kobenhavn","0","1","0","TRUE","MON","TK","S","FR1"
"2025-W35","TK35915478","TK35915478A","2812266","2025-08-25","2025-08-22","301:1 303:1 304:1 305:1 308:1 310:1 312:2 313:2 314:2 315:1 318:1","VE_MBB-Frederiksberg","0","1","0","TRUE","MON","TK","L","FR1"
"2025-W35","TK35916491","TK35916491A","2812423","2025-08-25","2025-08-22","301:2 304:2 305:2 307:1 309:1","VE_Gordon-Vejle","0","1","0","TRUE","MON","TK","M","FR1"
"2025-W35","TK35915844","TK35915844A","2810163","2025-08-25","2025-08-22","305:1 314:1 317:2","VE_Gordon-Arhus","0","1","0","TRUE","MON","TK","S","FR1"
"2025-W35","TK35916467","TK35916467A","2776121","2025-08-25","2025-08-22","302:1 304:1 311:1 313:1","VE_Gordon-Vejle","0","1","0","TRUE","MON","TK","S","FR1"
"2025-W35","TK35915658","TK35915658A","2800590","2025-08-25","2025-08-22","302:1 307:1 310:1 317:1","VE_Gordon-Vejle","0","1","0","TRUE","MON","TK","S","FR1"
"2025-W35","TK35915536","TK35915536A","2777026","2025-08-25","2025-08-22","301:2 302:3 303:2 304:1 306:1 311:1 312:1 317:1","VE_Gordon-Kobenhavn","0","1","0","TRUE","MON","TK","M","FR1"
"2025-W35","TK35916486","TK35916486A","2785233","2025-08-25","2025-08-22","301:1 302:1 303:1 304:1 305:1 306:1 307:1 308:1","VE_Gordon-Vejle","0","1","0","TRUE","MON","TK","M","FR1"
"2025-W35","TK35915935","TK35915935A","2769782","2025-08-25","2025-08-22","303:2 304:1 306:1 307:1 308:1","VE_Gordon-Kobenhavn","0","1","0","TRUE","MON","TK","S","FR1"
"2025-W35","TK35915897","TK35915897A","2798630","2025-08-25","2025-08-22","301:2 304:2 305:2 312:2 313:2","VE_Gordon-Arhus","0","1","0","TRUE","MON","TK","M","FR1"
"2025-W35","TK35914817","TK35914817A","2760990","2025-08-25","2025-08-22","301:1 302:1 304:1 308:1","VE_Gordon-Kobenhavn","1","1","0","TRUE","MON","TK","S","FR1 + WB1"
"2025-W35","TK35915045","TK35915045A","2814052","2025-08-25","2025-08-22","301:1 304:1 305:1 312:1","VE_Gordon-Kobenhavn","1","1","0","TRUE","MON","TK","S","FR1 + WB1"
"2025-W35","TK35916163","TK35916163A","2810428","2025-08-25","2025-08-22","304:2 305:1 307:1 308:2 310:2 311:1 312:2 313:2 314:1","VE_Gordon-Arhus","0","1","0","TRUE","MON","TK","L","FR1"
"2025-W35","TK35914722","TK35914722A","2813110","2025-08-25","2025-08-22","303:3 304:3 306:3 307:3 308:2","VE_Gordon-Vejle","1","1","0","TRUE","MON","TK","L","FR1 + WB1"
"2025-W35","TK35915710","TK35915710A","2790655","2025-08-25","2025-08-22","301:1 314:1 317:1 318:1","VE_Gordon-Arhus","0","1","0","TRUE","MON","TK","S","FR1"
"2025-W35","TK35916153","TK35916153A","2760984","2025-08-25","2025-08-22","301:2 302:2 305:1 314:1","VE_Gordon-Arhus","0","1","0","TRUE","MON","TK","S","FR1"
"2025-W35","TK35915168","TK35915168A","2811697","2025-08-24","2025-08-22","303:1 307:1 308:1 311:1 312:1 315:1 317:1 318:1","VE_Gordon-Vejle","1","1","0","TRUE","SUN","TK","M","FR1"
"2025-W35","TK35915036","TK35915036A","2814013","2025-08-24","2025-08-22","304:2 305:2 312:1 313:1 315:2","VE_Gordon-Vejle","1","1","0","TRUE","SUN","TK","M","FR1 + WB1"
"2025-W35","TK35915939","TK35915939A","2791031","2025-08-25","2025-08-22","301:2 302:2 303:2 304:2 305:2 306:2 307:1 308:1","VE_Gordon-Kobenhavn","0","1","0","TRUE","MON","TK","L","FR1"
"2025-W35","TK35916326","TK35916326A","2812969","2025-08-25","2025-08-22","301:2 302:2","VE_MBB-Frederiksberg","0","1","0","TRUE","MON","TK","S","FR1"
"2025-W35","TK35916478","TK35916478A","2809275","2025-08-25","2025-08-22","302:1 305:1 307:1 313:1 317:1 318:1","VE_Gordon-Kobenhavn","0","1","0","TRUE","MON","TK","S","FR1"
"2025-W35","TK35914904","TK35914904A","2813645","2025-08-25","2025-08-22","304:1 308:1 311:1 313:1 315:1 318:1","VE_Gordon-Kobenhavn","1","1","0","TRUE","MON","TK","S","FR1 + WB1"
"2025-W35","TK35915778","TK35915778A","2812429","2025-08-25","2025-08-22","301:2 302:2 303:2 304:2 305:2 306:2 307:1 308:1","VE_Gordon-Vejle","1","1","0","TRUE","MON","TK","L","FR1"
"2025-W35","TK35915092","TK35915092A","2814191","2025-08-25","2025-08-22","303:1 308:1 314:1 318:1","VE_Gordon-Kobenhavn","1","1","0","TRUE","MON","TK","S","FR1 + WB1"
"2025-W35","TK35916573","TK35916573A","2771987","2025-08-25","2025-08-22","303:2 304:1 306:1 307:1 308:1","VE_Gordon-Kobenhavn","0","1","0","TRUE","MON","TK","S","FR1"
"2025-W35","TK35916067","TK35916067A","2797235","2025-08-25","2025-08-22","304:2 311:2 314:3 315:3","VE_Gordon-Kobenhavn","0","1","0","TRUE","MON","TK","M","FR1"
"2025-W35","TK35915659","TK35915659A","2794439","2025-08-25","2025-08-22","301:1 302:1 303:1 304:1","VE_Gordon-Arhus","0","1","0","TRUE","MON","TK","S","FR1"
"2025-W35","TK35914767","TK35914767A","2813256","2025-08-25","2025-08-22","302:1 304:1 306:1 307:1 311:1 316:1 317:1 318:1 806:1","VE_Gordon-Vejle","1","1","0","TRUE","MON","TK","M","FR1 + WB1"
"2025-W35","TK35915377","TK35915377A","2799129","2025-08-25","2025-08-22","304:1 305:1 312:2 313:1 316:1","VE_Gordon-Kobenhavn","0","1","0","TRUE","MON","TK","S","FR1"
"2025-W35","TK35914702","TK35914702A","2813063","2025-08-25","2025-08-22","302:1 303:1 304:1 306:1 307:1 308:1 311:1 314:1","VE_Gordon-Kobenhavn","1","1","0","TRUE","MON","TK","M","FR1 + WB1"
"2025-W35","TK35914893","TK35914893A","2813604","2025-08-25","2025-08-22","301:1 303:1 304:1 305:1","VE_MBB-Frederiksberg","1","1","0","TRUE","MON","TK","S","FR1 + WB1"
"2025-W35","TK35915019","TK35915019A","2806876","2025-08-25","2025-08-22","304:2 312:2","VE_Gordon-Kobenhavn","1","1","0","TRUE","MON","TK","S","FR1 + WB1"
"2025-W35","TK35914993","TK35914993A","2813903","2025-08-25","2025-08-22","302:1 304:1 308:1 311:1 805:2 809:1 810:1","VE_MBB-Frederiksberg","1","1","0","TRUE","MON","TK","M","FR1 + WB1"
"2025-W35","TK35915886","TK35915886A","2753495","2025-08-25","2025-08-22","304:1 308:1 310:1 311:1 312:1 313:1 314:1 318:1","VE_Gordon-Vejle","0","1","0","TRUE","MON","TK","M","FR1"
"2025-W35","TK35916504","TK35916504A","2803513","2025-08-25","2025-08-22","301:2 304:2 305:2 312:2 313:2","VE_Gordon-Kobenhavn","0","1","0","TRUE","MON","TK","M","FR1"
"2025-W35","TK35915041","TK35915041A","2814044","2025-08-25","2025-08-22","303:1 304:1 306:1 308:1","VE_Gordon-Kobenhavn","1","1","0","TRUE","MON","TK","S","FR1 + WB1"
"2025-W35","TK35916169","TK35916169A","2792019","2025-08-25","2025-08-22","305:2 308:2 312:2 315:2","VE_Gordon-Kobenhavn","0","1","0","TRUE","MON","TK","M","FR1"
"2025-W35","TK35915850","TK35915850A","2791067","2025-08-25","2025-08-22","301:1 302:1 304:1 314:1","VE_Gordon-Arhus","0","1","0","TRUE","MON","TK","S","FR1"
"2025-W35","TK35916515","TK35916515A","2812281","2025-08-25","2025-08-22","301:2 302:2 303:1 304:1 305:1 306:1 307:1 308:1","VE_Gordon-Kobenhavn","0","1","0","TRUE","MON","TK","M","FR1"
"2025-W35","TK35915489","TK35915489A","2804135","2025-08-25","2025-08-22","301:2 304:2 305:2 312:1 313:1","VE_Gordon-Kobenhavn","0","1","0","TRUE","MON","TK","M","FR1"
"2025-W35","TK35915625","TK35915625A","2812367","2025-08-25","2025-08-22","301:3 303:3 305:2 312:2 313:2","VE_Gordon-Kobenhavn","0","1","0","TRUE","MON","TK","M","FR1"
"2025-W35","TK35915350","TK35915350A","2759107","2025-08-25","2025-08-22","301:1 302:1 303:1 304:1","VE_Gordon-Vejle","0","1","0","TRUE","MON","TK","S","FR1"
"2025-W35","TK35916588","TK35916588A","2811253","2025-08-25","2025-08-22","301:1 303:1 304:1 305:1 308:1 314:1","VE_Gordon-Kobenhavn","0","1","0","TRUE","MON","TK","S","FR1"
"2025-W35","TK35914809","TK35914809A","2813370","2025-08-25","2025-08-22","302:1 303:1 304:1 306:1 311:1 315:1 805:2 809:1 810:1","VE_Gordon-Kobenhavn","1","1","0","TRUE","MON","TK","M","FR1 + WB1"
"2025-W35","TK35915547","TK35915547A","2806574","2025-08-25","2025-08-22","301:2 304:1 305:1 312:1 313:1","VE_Gordon-Kobenhavn","0","1","0","TRUE","MON","TK","S","FR1"
"2025-W35","TK35916390","TK35916390A","2808497","2025-08-25","2025-08-22","301:2 302:2 305:1 314:1","VE_Gordon-Kobenhavn","0","1","0","TRUE","MON","TK","S","FR1"
"2025-W35","TK35912997","TK35912997A","2812163","2025-08-25","2025-08-22","303:3 304:3 310:4","VE_Gordon-Kobenhavn","1","1","0","TRUE","MON","TK","M","FR1 + WB1"
"2025-W35","TK35914906","TK35914906A","2813647","2025-08-25","2025-08-22","302:1 305:1 308:1 318:1","VE_Gordon-Arhus","1","1","0","TRUE","MON","TK","S","FR1 + WB1"
"2025-W35","TK35914938","TK35914938A","2813729","2025-08-25","2025-08-22","304:2 316:2","VE_Gordon-Kobenhavn","1","1","0","TRUE","MON","TK","S","FR1 + WB1"
"2025-W35","TK35915412","TK35915412A","2810815","2025-08-25","2025-08-22","302:1 303:1 307:1 311:1","VE_Gordon-Kobenhavn","0","1","0","TRUE","MON","TK","S","FR1"
"2025-W35","TK35914697","TK35914697A","2812834","2025-08-24","2025-08-22","301:2 302:2 304:2 307:2 308:2","VE_Gordon-Kobenhavn","1","1","0","TRUE","SUN","TK","M","FR1 + WB1"
"2025-W35","TK35915131","TK35915131A","2809713","2025-08-24","2025-08-22","301:1 302:1 304:1 306:1 307:1 317:1","VE_Gordon-Kobenhavn","0","1","0","TRUE","SUN","TK","S","FR1"
"2025-W35","TK35915178","TK35915178A","2811663","2025-08-24","2025-08-22","301:1 304:1 307:1 310:1 311:1 312:1 313:1 314:1 316:1 317:1","VE_Gordon-Kobenhavn","0","1","0","TRUE","SUN","TK","M","FR1"
"2025-W35","TK35915696","TK35915696A","2810915","2025-08-25","2025-08-22","301:2 302:2 303:2 304:2 305:2 306:2 307:1 308:1","VE_Gordon-Arhus","0","1","0","TRUE","MON","TK","L","FR1"
"2025-W35","TK35915731","TK35915731A","2786510","2025-08-25","2025-08-22","303:1 307:1 317:1 318:1","VE_Gordon-Kobenhavn","0","1","0","TRUE","MON","TK","S","FR1"
"2025-W35","TK35915575","TK35915575A","2781755","2025-08-25","2025-08-22","301:1 302:1 303:1 304:1 305:1 306:1","VE_Gordon-Arhus","0","1","0","TRUE","MON","TK","S","FR1"
"2025-W35","TK35915968","TK35915968A","2770847","2025-08-25","2025-08-22","301:1 302:1 303:1 304:1 305:1 306:1","VE_Gordon-Vejle","0","1","0","TRUE","MON","TK","S","FR1"
"2025-W35","TK35915615","TK35915615A","2808228","2025-08-25","2025-08-22","301:1 302:1 303:1 304:1 305:1 306:1","VE_Gordon-Vejle","0","1","0","TRUE","MON","TK","S","FR1"
"2025-W35","TK35916448","TK35916448A","2752445","2025-08-25","2025-08-22","303:2 308:1 317:1","VE_Gordon-Kobenhavn","0","1","0","TRUE","MON","TK","S","FR1"
"2025-W35","TK35915998","TK35915998A","2811102","2025-08-25","2025-08-22","304:1 308:1 311:1 314:2 315:1 317:1 318:1","VE_Gordon-Kobenhavn","0","1","0","TRUE","MON","TK","M","FR1"
"2025-W35","TK35914944","TK35914944A","2813747","2025-08-25","2025-08-22","301:1 302:1 303:1 314:1","VE_Gordon-Kobenhavn","1","1","0","TRUE","MON","TK","S","FR1 + WB1"
"2025-W35","TK35915717","TK35915717A","2759841","2025-08-25","2025-08-22","301:2 302:2 305:1 314:1","VE_Gordon-Kobenhavn","0","1","0","TRUE","MON","TK","S","FR1"
"2025-W35","TK35915854","TK35915854A","2810104","2025-08-25","2025-08-22","301:1 302:2 303:2 314:2 317:1","VE_Gordon-Kobenhavn","0","1","0","TRUE","MON","TK","M","FR1"
"2025-W35","TK35916138","TK35916138A","2808489","2025-08-25","2025-08-22","301:1 302:1 305:1 314:1","VE_Gordon-Vejle","0","1","0","TRUE","MON","TK","S","FR1"
"2025-W35","TK35916566","TK35916566A","2792343","2025-08-25","2025-08-22","301:1 302:1 305:1 314:1","VE_Gordon-Vejle","0","1","0","TRUE","MON","TK","S","FR1"
"2025-W35","TK35916074","TK35916074A","2777745","2025-08-25","2025-08-22","301:2 302:1 303:1 304:1 305:1 306:1 307:1","VE_Gordon-Kobenhavn","0","1","0","TRUE","MON","TK","M","FR1"
"2025-W35","TK35914751","TK35914751A","2774523","2025-08-25","2025-08-22","303:1 312:1 313:1 317:1","VE_Gordon-Kobenhavn","1","1","0","TRUE","MON","TK","S","FR1 + WB1"
"2025-W35","TK35915928","TK35915928A","2788684","2025-08-25","2025-08-22","301:1 302:1 303:1 304:1","VE_Gordon-Kobenhavn","0","1","0","TRUE","MON","TK","S","FR1"
"2025-W35","TK35915766","TK35915766A","2783353","2025-08-25","2025-08-22","304:1 307:1 314:1 315:1","VE_Gordon-Arhus","0","1","0","TRUE","MON","TK","S","FR1"
"2025-W35","TK35915924","TK35915924A","2785456","2025-08-25","2025-08-22","303:2 304:2 306:2 307:1 308:1","VE_Gordon-Arhus","0","1","0","TRUE","MON","TK","M","FR1"
"2025-W35","TK35914876","TK35914876A","2813568","2025-08-25","2025-08-22","301:2 302:2 303:2 304:2 305:2 306:2 307:1 308:1","VE_Gordon-Kobenhavn","1","1","0","TRUE","MON","TK","L","FR1 + WB1"
"2025-W35","TK35916212","TK35916212A","2783473","2025-08-25","2025-08-22","308:1 314:1 316:1 318:1","VE_Gordon-Kobenhavn","0","1","0","TRUE","MON","TK","S","FR1"
"2025-W35","TK35915843","TK35915843A","2810870","2025-08-25","2025-08-22","301:1 302:1 303:1 304:1 305:1 306:1","VE_Gordon-Vejle","0","1","0","TRUE","MON","TK","S","FR1"
"2025-W35","TK35915931","TK35915931A","2813906","2025-08-25","2025-08-22","302:1 303:2 305:1 306:1 308:2 313:1","VE_MBB-Frederiksberg","1","1","0","TRUE","MON","TK","M","FR1 + WB1"
"2025-W35","TK35915864","TK35915864A","2805241","2025-08-25","2025-08-22","301:1 302:1 303:1 304:1 305:1 306:1 307:1 315:1 809:4","VE_Gordon-Arhus","0","1","0","TRUE","MON","TK","M","FR1"
"2025-W35","TK35915753","TK35915753A","2783618","2025-08-25","2025-08-22","301:2 302:1 305:2 314:2","VE_Gordon-Vejle","0","1","0","TRUE","MON","TK","M","FR1"
"2025-W35","TK35916379","TK35916379A","2797782","2025-08-25","2025-08-22","301:1 302:1 303:1 304:1","VE_Gordon-Arhus","0","1","0","TRUE","MON","TK","S","FR1"
"2025-W35","TK35915996","TK35915996A","2799174","2025-08-25","2025-08-22","301:1 304:1 305:1 313:1","VE_MBB-Frederiksberg","0","1","0","TRUE","MON","TK","S","FR1"
"2025-W35","TK35915704","TK35915704A","2812813","2025-08-25","2025-08-22","304:2 307:2 314:2","VE_Gordon-Vejle","0","1","0","TRUE","MON","TK","S","FR1"
"2025-W35","TK35915568","TK35915568A","2810946","2025-08-25","2025-08-22","301:4 302:4 305:3 314:3","VE_Gordon-Kobenhavn","0","1","0","TRUE","MON","TK","L","FR1"
"2025-W35","TK35916601","TK35916601A","2811152","2025-08-25","2025-08-22","301:1 302:1 303:1 304:1","VE_Gordon-Vejle","0","1","0","TRUE","MON","TK","S","FR1"
"2025-W35","TK35915068","TK35915068B","2814121","2025-08-24","2025-08-22","809:2 301:1 304:3","VE_Gordon-Arhus","1","1","0","TRUE","SUN","TK","S","FR1 + WB1"
"2025-W35","TK35915219","TK35915219A","2811596","2025-08-24","2025-08-22","304:1 308:1 312:1 313:1 315:1 805:2 809:1 810:1","VE_Gordon-Kobenhavn","1","1","0","TRUE","SUN","TK","M","FR1"
"2025-W35","TK35915208","TK35915208A","2752730","2025-08-24","2025-08-22","303:2 304:2 314:2","VE_Gordon-Kobenhavn","0","1","0","TRUE","SUN","TK","S","FR1"
"2025-W35","TK35915122","TK35915122A","2809295","2025-08-24","2025-08-22","302:1 314:2 318:1","VE_MBB-Frederiksberg","0","1","0","TRUE","SUN","TK","S","FR1"
"2025-W35","TK35915989","TK35915989A","2809878","2025-08-25","2025-08-22","301:2 304:2 305:1 311:2 312:2 313:1 314:1","VE_Gordon-Kobenhavn","0","1","0","TRUE","MON","TK","M","FR1"
"2025-W35","TK35915270","TK35915270A","2814333","2025-08-25","2025-08-22","301:2 302:2 303:2 304:2 305:2 306:2 307:1 308:1","VE_Gordon-Vejle","1","1","0","TRUE","MON","TK","L","FR1 + WB1"
"2025-W35","TK35916426","TK35916426A","2803188","2025-08-25","2025-08-22","301:2 302:1 303:2 304:2 308:1","VE_Gordon-Vejle","0","1","0","TRUE","MON","TK","M","FR1"
"2025-W35","TK35916034","TK35916034A","2792299","2025-08-25","2025-08-22","301:1 302:1 303:1 304:1 305:1 306:1 307:1 308:1","VE_Gordon-Arhus","0","1","0","TRUE","MON","TK","M","FR1"
"2025-W35","TK35914791","TK35914791A","2813321","2025-08-25","2025-08-22","301:1 304:1 305:1 308:2 309:1 310:1 313:1 315:1 316:1","VE_Gordon-Kobenhavn","1","1","0","TRUE","MON","TK","M","FR1 + WB1"
"2025-W35","TK35915012","TK35915012A","2758728","2025-08-25","2025-08-22","301:1 302:1 303:1 304:1 305:1 306:1 307:1 308:1","VE_Gordon-Vejle","1","1","0","TRUE","MON","TK","M","FR1 + WB1"
"2025-W35","TK35916595","TK35916595A","2799868","2025-08-25","2025-08-22","301:2 302:2 303:2 304:2 305:2 306:2 307:1 308:1","VE_Gordon-Kobenhavn","0","1","0","TRUE","MON","TK","L","FR1"
"2025-W35","TK35916008","TK35916008A","2811962","2025-08-25","2025-08-22","301:2 304:1 305:2 312:1 313:1","VE_Gordon-Kobenhavn","0","1","0","TRUE","MON","TK","M","FR1"
"2025-W35","TK35916198","TK35916198A","2805405","2025-08-25","2025-08-22","301:1 302:1 303:1 318:1","VE_Gordon-Kobenhavn","0","1","0","TRUE","MON","TK","S","FR1"
"2025-W35","TK35916128","TK35916128A","2764217","2025-08-25","2025-08-22","304:1 305:1 306:1 315:1","VE_Gordon-Kobenhavn","0","1","0","TRUE","MON","TK","S","FR1"
"2025-W35","TK35915574","TK35915574A","2799146","2025-08-25","2025-08-22","301:1 302:1 303:1 304:1 305:1 306:1","VE_Gordon-Vejle","0","1","0","TRUE","MON","TK","S","FR1"
"2025-W35","TK35916234","TK35916234A","2773463","2025-08-25","2025-08-22","301:1 302:1 303:1 304:1 305:1 306:1","VE_Gordon-Kobenhavn","0","1","0","TRUE","MON","TK","S","FR1"
"2025-W35","TK35916137","TK35916137A","2798882","2025-08-25","2025-08-22","301:1 302:1 303:1 304:1","VE_Gordon-Kobenhavn","0","1","0","TRUE","MON","TK","S","FR1"
"2025-W35","TK35915008","TK35915008A","2813942","2025-08-25","2025-08-22","303:2 304:1 306:1 307:1 308:1","VE_Gordon-Kobenhavn","1","1","0","TRUE","MON","TK","S","FR1 + WB1"
"2025-W35","TK35911437","TK35911437A","2811566","2025-08-24","2025-08-22","301:1 302:2 304:1 306:2 307:2 805:2 809:1 810:1","VE_Gordon-Kobenhavn","1","1","0","TRUE","SUN","TK","M","FR1 + WB1"
"2025-W35","TK35915175","TK35915175A","2758563","2025-08-24","2025-08-22","302:1 311:1 317:1 318:1","VE_Gordon-Kobenhavn","0","1","0","TRUE","SUN","TK","S","FR1"
"2025-W35","TK35911435","TK35911435A","2807927","2025-08-24","2025-08-22","304:2 312:2 316:1 317:1","VE_Gordon-Arhus","1","1","0","TRUE","SUN","TK","S","FR1 + WB1"
"2025-W35","TK35915523","TK35915523A","2809603","2025-08-25","2025-08-22","301:1 302:1 303:1 308:1","VE_Gordon-Kobenhavn","0","1","0","TRUE","MON","TK","S","FR1"
"2025-W35","TK35915317","TK35915317A","2814468","2025-08-25","2025-08-22","301:1 303:1 305:1 318:1","VE_Gordon-Arhus","1","1","0","TRUE","MON","TK","S","FR1 + WB1"
"2025-W35","TK35914815","TK35914815A","2813394","2025-08-25","2025-08-22","301:2 314:2 318:2","VE_Gordon-Kobenhavn","1","1","0","TRUE","MON","TK","S","FR1 + WB1"
"2025-W35","TK35916213","TK35916213A","2781905","2025-08-25","2025-08-22","301:1 304:2 305:1 308:1 312:1 313:1 317:1","VE_Gordon-Kobenhavn","0","1","0","TRUE","MON","TK","M","FR1"
"2025-W35","TK35916071","TK35916071A","2808786","2025-08-25","2025-08-22","301:1 302:1 303:1 304:1 305:1 306:1 307:1 308:1","VE_Gordon-Arhus","0","1","0","TRUE","MON","TK","M","FR1"
"2025-W35","TK35915294","TK35915294A","2814394","2025-08-25","2025-08-22","301:2 305:2 307:2 312:2 313:2","VE_Gordon-Vejle","1","1","0","TRUE","MON","TK","M","FR1 + WB1"
"2025-W35","TK35916313","TK35916313A","2753245","2025-08-25","2025-08-22","301:1 302:1 307:1 308:1 312:1 317:1","VE_Gordon-Kobenhavn","0","1","0","TRUE","MON","TK","S","FR1"
"2025-W35","TK35915905","TK35915905A","2812020","2025-08-25","2025-08-22","302:2 303:2 304:2 311:2 315:2","VE_Gordon-Kobenhavn","0","1","0","TRUE","MON","TK","M","FR1"
"2025-W35","TK35916094","TK35916094A","2785199","2025-08-25","2025-08-22","304:2 305:1 308:1 314:2","VE_Gordon-Vejle","0","1","0","TRUE","MON","TK","S","FR1"
"2025-W35","TK35914871","TK35914871A","2799694","2025-08-25","2025-08-22","301:1 311:1 313:1 314:2 317:1","VE_Gordon-Arhus","1","1","0","TRUE","MON","TK","S","FR1 + WB1"
"2025-W35","TK35915758","TK35915758A","2808440","2025-08-25","2025-08-22","301:2 304:1 305:1 312:1 313:1","VE_MBB-Frederiksberg","0","1","0","TRUE","MON","TK","S","FR1"
"2025-W35","TK35915957","TK35915957A","2809593","2025-08-25","2025-08-22","305:2 315:2 316:2 318:2","VE_Gordon-Kobenhavn","0","1","0","TRUE","MON","TK","M","FR1"
"2025-W35","TK35916395","TK35916395A","2810656","2025-08-25","2025-08-22","301:1 302:1 303:1 304:1","VE_Gordon-Arhus","0","1","0","TRUE","MON","TK","S","FR1"
"2025-W35","TK35915552","TK35915552A","2775574","2025-08-25","2025-08-22","301:4 317:2 318:2","VE_MBB-Frederiksberg","0","1","0","TRUE","MON","TK","M","FR1"
"2025-W35","TK35916102","TK35916102A","2809485","2025-08-25","2025-08-22","304:1 305:1 307:1 309:1 311:1 313:1 318:2","VE_Gordon-Kobenhavn","0","1","0","TRUE","MON","TK","M","FR1"
"2025-W35","TK35915542","TK35915542A","2808953","2025-08-25","2025-08-22","309:2 310:2","VE_MBB-Frederiksberg","0","1","0","TRUE","MON","TK","S","FR1"
"2025-W35","TK35916432","TK35916432A","2812119","2025-08-25","2025-08-22","303:3 304:3 306:3 307:3 308:2","VE_Gordon-Kobenhavn","0","1","0","TRUE","MON","TK","L","FR1"
"2025-W35","TK35915921","TK35915921A","2810869","2025-08-25","2025-08-22","301:1 302:2 305:1 307:1 308:1 315:2","VE_Gordon-Vejle","0","1","0","TRUE","MON","TK","M","FR1"
"2025-W35","TK35916017","TK35916017A","2802869","2025-08-25","2025-08-22","301:2 302:2 303:1 304:1 305:1 306:1 307:1 308:1","VE_Gordon-Kobenhavn","0","1","0","TRUE","MON","TK","M","FR1"
"2025-W35","TK35914752","TK35914752A","2813201","2025-08-25","2025-08-22","301:1 302:1 303:1 304:1 314:1 318:1","VE_Gordon-Arhus","1","1","0","TRUE","MON","TK","S","FR1 + WB1"
"2025-W35","TK35916485","TK35916485A","2766705","2025-08-25","2025-08-22","301:2 304:1 312:1 313:1 317:1","VE_Gordon-Arhus","0","1","0","TRUE","MON","TK","S","FR1"
"2025-W35","TK35914928","TK35914928A","2813700","2025-08-25","2025-08-22","304:2 308:1 311:1 312:1 315:1","VE_Gordon-Kobenhavn","1","1","0","TRUE","MON","TK","S","FR1 + WB1"
"2025-W35","TK35915341","TK35915341A","2807175","2025-08-25","2025-08-22","301:1 302:1 303:1 304:1","VE_Gordon-Kobenhavn","0","1","0","TRUE","MON","TK","S","FR1"
"2025-W35","TK35916414","TK35916414A","2805716","2025-08-25","2025-08-22","302:1 304:1 309:1 314:1","VE_Gordon-Kobenhavn","0","1","0","TRUE","MON","TK","S","FR1"
"2025-W35","TK35916422","TK35916422A","2760490","2025-08-25","2025-08-22","301:2 304:2 312:2 313:2","VE_Gordon-Arhus","0","1","0","TRUE","MON","TK","M","FR1"
"2025-W35","TK35915940","TK35915940A","2761247","2025-08-25","2025-08-22","301:2 302:2 305:2","VE_Gordon-Arhus","0","1","0","TRUE","MON","TK","S","FR1"
"2025-W35","TK35916296","TK35916296A","2785416","2025-08-25","2025-08-22","301:2 304:2 305:2 312:1 313:1","VE_Gordon-Kobenhavn","0","1","0","TRUE","MON","TK","M","FR1"
"2025-W35","TK35916104","TK35916104A","2758997","2025-08-25","2025-08-22","301:3 304:3 307:3","VE_Gordon-Kobenhavn","0","1","0","TRUE","MON","TK","M","FR1"
"2025-W35","TK35915241","TK35915241A","2810151","2025-08-24","2025-08-22","302:1 309:1 312:1 315:1","VE_Gordon-Kobenhavn","1","1","0","TRUE","SUN","TK","S","FR1"
"2025-W35","TK35914832","TK35914832A","2813428","2025-08-24","2025-08-22","301:2 302:2 303:2 304:2 305:2 306:2 307:1 308:1","VE_Gordon-Arhus","1","1","0","TRUE","SUN","TK","L","FR1 + WB1"
"2025-W35","TK35916259","TK35916259A","2807788","2025-08-25","2025-08-22","301:1 305:1 308:1 310:1 312:1 313:1 314:2 316:1 317:1","VE_Gordon-Kobenhavn","0","1","0","TRUE","MON","TK","M","FR1"
"2025-W35","TK35916039","TK35916039A","2753228","2025-08-25","2025-08-22","301:1 302:1 303:1 304:1 305:1 306:1 307:1 308:1","VE_Gordon-Kobenhavn","0","1","0","TRUE","MON","TK","M","FR1"
"2025-W35","TK35916082","TK35916082A","2773341","2025-08-25","2025-08-22","305:1 308:1 309:1 311:1 314:1 315:1 317:1 318:1","VE_Gordon-Arhus","0","1","0","TRUE","MON","TK","M","FR1"
"2025-W35","TK35916235","TK35916235A","2811131","2025-08-25","2025-08-22","301:1 302:1 303:1 308:1","VE_Gordon-Arhus","0","1","0","TRUE","MON","TK","S","FR1"
"2025-W35","TK35915306","TK35915306A","2814430","2025-08-25","2025-08-22","303:1 305:1 314:1 318:1","VE_Gordon-Vejle","1","1","0","TRUE","MON","TK","S","FR1 + WB1"
"2025-W35","TK35916373","TK35916373A","2806033","2025-08-25","2025-08-22","305:1 312:1 317:1 318:1","VE_Gordon-Kobenhavn","0","1","0","TRUE","MON","TK","S","FR1"
"2025-W35","TK35916443","TK35916443A","2796569","2025-08-25","2025-08-22","301:2 304:1 305:1 312:1 313:1","VE_Gordon-Kobenhavn","0","1","0","TRUE","MON","TK","S","FR1"
"2025-W35","TK35914839","TK35914839A","2813441","2025-08-25","2025-08-22","301:1 302:1 303:1 304:1 305:1 306:1 307:1 308:1","VE_Gordon-Arhus","1","1","0","TRUE","MON","TK","M","FR1 + WB1"
"2025-W35","TK35915469","TK35915469A","2795884","2025-08-25","2025-08-22","303:1 304:1 306:1 307:1","VE_Gordon-Arhus","0","1","0","TRUE","MON","TK","S","FR1"
"2025-W35","TK35914997","TK35914997A","2813923","2025-08-25","2025-08-22","301:1 302:1 303:1 304:1","VE_Gordon-Vejle","1","1","0","TRUE","MON","TK","S","FR1 + WB1"
"2025-W35","TK35916343","TK35916343A","2811233","2025-08-25","2025-08-22","307:1 311:1 312:1 314:1 316:1 318:1","VE_Gordon-Vejle","0","1","0","TRUE","MON","TK","S","FR1"
"2025-W35","TK35914961","TK35914961A","2795094","2025-08-25","2025-08-22","301:1 302:1 303:1 304:1 305:1 306:1 307:1 308:1","VE_Gordon-Vejle","1","1","0","TRUE","MON","TK","M","FR1 + WB1"
"2025-W35","TK35915624","TK35915624A","2760996","2025-08-25","2025-08-22","302:3 304:4 308:4 315:3","VE_MBB-Frederiksberg","0","1","0","TRUE","MON","TK","L","FR1"
"2025-W35","TK35916553","TK35916553A","2766661","2025-08-25","2025-08-22","301:1 302:1 305:1 312:1","VE_Gordon-Vejle","0","1","0","TRUE","MON","TK","S","FR1"
"2025-W35","TK35915747","TK35915747A","2811089","2025-08-25","2025-08-22","304:1 309:1 310:1 314:1","VE_Gordon-Vejle","0","1","0","TRUE","MON","TK","S","FR1"
"2025-W35","TK35915994","TK35915994A","2810321","2025-08-25","2025-08-22","301:1 302:1 303:1 304:1 305:1 306:1","VE_Gordon-Vejle","0","1","0","TRUE","MON","TK","S","FR1"
"2025-W35","TK35915685","TK35915685A","2796237","2025-08-25","2025-08-22","301:1 302:1 303:1 304:1","VE_Gordon-Arhus","0","1","0","TRUE","MON","TK","S","FR1"
"2025-W35","TK35915490","TK35915490A","2778593","2025-08-25","2025-08-22","301:1 302:1 303:1 304:1 305:1 306:1","VE_Gordon-Vejle","0","1","0","TRUE","MON","TK","S","FR1"
"2025-W35","TK35916393","TK35916393A","2781562","2025-08-25","2025-08-22","301:1 302:1 303:1 304:1 305:1 306:1","VE_Gordon-Kobenhavn","0","1","0","TRUE","MON","TK","S","FR1"
"2025-W35","TK35915096","TK35915096A","2814207","2025-08-25","2025-08-22","302:1 304:1 305:1 308:1","VE_Gordon-Kobenhavn","1","1","0","TRUE","MON","TK","S","FR1 + WB1"
"2025-W35","TK35916495","TK35916495A","2805441","2025-08-25","2025-08-22","301:2 302:2 305:2 314:2","VE_Gordon-Kobenhavn","0","1","0","TRUE","MON","TK","M","FR1"
"2025-W35","TK35914987","TK35914987A","2813887","2025-08-25","2025-08-22","305:4 316:4","VE_Gordon-Vejle","1","1","0","TRUE","MON","TK","M","FR1 + WB1"
"2025-W35","TK35915331","TK35915331A","2765429","2025-08-25","2025-08-22","301:1 302:1 303:1 304:1 305:1 306:1 307:1 308:1","VE_Gordon-Kobenhavn","0","1","0","TRUE","MON","TK","M","FR1"
"2025-W35","TK35915592","TK35915592A","2764487","2025-08-25","2025-08-22","301:1 303:1 306:1 315:1 316:1 317:1","VE_Gordon-Vejle","0","1","0","TRUE","MON","TK","S","FR1"
"2025-W35","TK35915553","TK35915553A","2788121","2025-08-25","2025-08-22","301:1 302:1 303:1 304:1","VE_MBB-Frederiksberg","0","1","0","TRUE","MON","TK","S","FR1"
"2025-W35","TK35915198","TK35915198A","2812654","2025-08-24","2025-08-22","301:1 302:1 308:1 313:1 315:1 318:1","VE_Gordon-Vejle","1","1","0","TRUE","SUN","TK","S","FR1"
"2025-W35","TK35915224","TK35915224A","2803093","2025-08-24","2025-08-22","301:1 302:3 304:1 305:1 313:1 317:1","VE_Gordon-Arhus","1","1","0","TRUE","SUN","TK","M","FR1 + WB1"
"2025-W35","TK35915860","TK35915860A","2812242","2025-08-25","2025-08-22","301:1 303:1 312:1 314:1 315:1 317:1","VE_Gordon-Arhus","0","1","0","TRUE","MON","TK","S","FR1"
"2025-W35","TK35915267","TK35915267A","2814329","2025-08-25","2025-08-22","301:2 303:2 306:2 307:2 315:2 316:2 317:2","VE_Gordon-Arhus","1","1","0","TRUE","MON","TK","L","FR1 + WB1"
"2025-W35","TK35915948","TK35915948A","2811909","2025-08-25","2025-08-22","301:1 308:1 315:1 318:1","VE_Gordon-Kobenhavn","0","1","0","TRUE","MON","TK","S","FR1"
"2025-W35","TK35915817","TK35915817A","2792197","2025-08-25","2025-08-22","304:1 314:1 315:1 317:1","VE_Gordon-Kobenhavn","0","1","0","TRUE","MON","TK","S","FR1"
"2025-W35","TK35914750","TK35914750A","2813199","2025-08-25","2025-08-22","303:1 304:1 306:1 307:1 308:1 313:1","VE_Gordon-Arhus","1","1","0","TRUE","MON","TK","S","FR1 + WB1"
"2025-W35","TK35914870","TK35914870A","2805013","2025-08-25","2025-08-22","301:2 302:1 304:1 305:2 313:2 317:2","VE_Gordon-Kobenhavn","1","1","0","TRUE","MON","TK","M","FR1 + WB1"
"2025-W35","TK35915806","TK35915806A","2810945","2025-08-25","2025-08-22","301:2 302:2 303:1 304:1 305:1 306:1 307:1 308:1","VE_Gordon-Kobenhavn","0","1","0","TRUE","MON","TK","M","FR1"
"2025-W35","TK35916330","TK35916330A","2787107","2025-08-25","2025-08-22","301:1 302:1 305:1 317:1","VE_Gordon-Kobenhavn","0","1","0","TRUE","MON","TK","S","FR1"
"2025-W35","TK35916530","TK35916530A","2785556","2025-08-25","2025-08-22","301:1 302:1 304:1 306:1","VE_Gordon-Vejle","0","1","0","TRUE","MON","TK","S","FR1"
"2025-W35","TK35914930","TK35914930A","2813706","2025-08-25","2025-08-22","301:1 305:1 306:1 307:1 308:1 312:1","VE_Gordon-Arhus","1","1","0","TRUE","MON","TK","S","FR1 + WB1"
"2025-W35","TK35915700","TK35915700A","2811884","2025-08-25","2025-08-22","301:2 308:2 315:2","VE_Gordon-Kobenhavn","0","1","0","TRUE","MON","TK","S","FR1"
"2025-W35","TK35916451","TK35916451A","2758239","2025-08-25","2025-08-22","303:1 304:1 307:1 313:2 318:1","VE_Gordon-Arhus","0","1","0","TRUE","MON","TK","S","FR1"
"2025-W35","TK35915576","TK35915576A","2787291","2025-08-25","2025-08-22","301:1 302:1 303:1 304:1 305:1 306:1","VE_Gordon-Kobenhavn","0","1","0","TRUE","MON","TK","S","FR1"
"2025-W35","TK35915757","TK35915757A","2812369","2025-08-25","2025-08-22","302:1 303:1 306:1 308:1","VE_Gordon-Kobenhavn","0","1","0","TRUE","MON","TK","S","FR1"
"2025-W35","TK35916249","TK35916249A","2811280","2025-08-25","2025-08-22","301:1 305:1 308:1 311:1 312:1 313:1 316:1","VE_Gordon-Kobenhavn","0","1","0","TRUE","MON","TK","M","FR1"
"2025-W35","TK35916135","TK35916135A","2791865","2025-08-25","2025-08-22","301:1 303:1 312:1 315:1","VE_Gordon-Kobenhavn","0","1","0","TRUE","MON","TK","S","FR1"
"2025-W35","TK35915474","TK35915474A","2806027","2025-08-25","2025-08-22","303:2 304:2 305:2 306:2 312:2 316:2 318:2","VE_Gordon-Kobenhavn","0","1","0","TRUE","MON","TK","L","FR1"
"2025-W35","TK35914962","TK35914962A","2813412","2025-08-24","2025-08-22","301:2 302:2 305:2 306:1 314:2 317:1","VE_Gordon-Vejle","1","1","0","TRUE","SUN","TK","M","FR1 + WB1"
"2025-W35","TK35915193","TK35915193A","2811246","2025-08-24","2025-08-22","301:2 302:2 303:1 304:1 305:1 306:1 307:1 308:1","VE_Gordon-Kobenhavn","0","1","0","TRUE","SUN","TK","M","FR1"
"2025-W35","TK35915143","TK35915143A","2810971","2025-08-24","2025-08-22","303:2 304:2 307:2 308:2 312:2 313:2 315:2","VE_Gordon-Vejle","0","1","0","TRUE","SUN","TK","L","FR1"
"2025-W35","TK35915124","TK35915124A","2810410","2025-08-24","2025-08-22","303:1 304:1 308:1 318:1","VE_Gordon-Arhus","0","1","0","TRUE","SUN","TK","S","FR1"
"2025-W35","TK35915157","TK35915157A","2810353","2025-08-24","2025-08-22","301:2 302:2 303:1 304:1 305:1 306:1 307:1 308:1","VE_Gordon-Vejle","0","1","0","TRUE","SUN","TK","M","FR1"
"2025-W35","TK35915062","TK35915062A","2813864","2025-08-24","2025-08-22","303:1 304:3 312:4 318:4","VE_Gordon-Kobenhavn","1","1","0","TRUE","SUN","TK","M","FR1 + WB1"
"2025-W35","TK35915978","TK35915978A","2810505","2025-08-25","2025-08-22","301:1 302:1 303:1 304:1","VE_Gordon-Kobenhavn","0","1","0","TRUE","MON","TK","S","FR1"
"2025-W35","TK35916606","TK35916606A","2759302","2025-08-25","2025-08-22","304:2 308:2 314:2 317:2","VE_Gordon-Arhus","0","1","0","TRUE","MON","TK","M","FR1"
"2025-W35","TK35915479","TK35915479A","2808637","2025-08-25","2025-08-22","301:1 304:1 312:1 313:1 314:1 318:1","VE_MBB-Frederiksberg","0","1","0","TRUE","MON","TK","S","FR1"
"2025-W35","TK35915105","TK35915105A","2814245","2025-08-25","2025-08-22","303:1 306:1 312:1 318:1","VE_MBB-Frederiksberg","1","1","0","TRUE","MON","TK","S","FR1 + WB1"
"2025-W35","TK35915960","TK35915960A","2812327","2025-08-25","2025-08-22","303:2 305:2 306:2 307:2 308:1 313:1 316:2 317:1 318:1","VE_Gordon-Kobenhavn","0","1","0","TRUE","MON","TK","L","FR1"
"2025-W35","TK35915956","TK35915956A","2812096","2025-08-25","2025-08-22","301:2 302:2 303:2 304:1 305:1 307:1 315:1","VE_MBB-Frederiksberg","0","1","0","TRUE","MON","TK","M","FR1"
"2025-W35","TK35915767","TK35915767A","2806309","2025-08-25","2025-08-22","304:2 305:3 307:2 308:1 315:2","VE_Gordon-Kobenhavn","0","1","0","TRUE","MON","TK","M","FR1"
"2025-W35","TK35914998","TK35914998A","2813928","2025-08-25","2025-08-22","301:1 303:1 307:1 308:1 313:1 315:1","VE_Gordon-Arhus","1","1","0","TRUE","MON","TK","S","FR1 + WB1"
"2025-W35","TK35914950","TK35914950A","2813765","2025-08-25","2025-08-22","301:2 309:1 311:2 312:1 318:2","VE_Gordon-Arhus","1","1","0","TRUE","MON","TK","M","FR1 + WB1"
"2025-W35","TK35915867","TK35915867A","2808318","2025-08-25","2025-08-22","304:1 306:1 307:1 308:1","VE_Gordon-Arhus","0","1","0","TRUE","MON","TK","S","FR1"
"2025-W35","TK35915453","TK35915453A","2763544","2025-08-25","2025-08-22","301:1 304:1 305:1 308:1 311:2 312:2 313:1 316:1","VE_Gordon-Arhus","0","1","0","TRUE","MON","TK","M","FR1"
"2025-W35","TK35915733","TK35915733A","2808152","2025-08-26","2025-08-22","301:3 304:3 305:3 312:2 313:3","VE_Gordon-Bornholm","0","1","0","TRUE","TUE","TK","L","FR1"
"2025-W35","TK35916302","TK35916302A","2811372","2025-08-25","2025-08-22","301:1 302:1 303:1 304:1 305:1 306:1","VE_Gordon-Kobenhavn","0","1","0","TRUE","MON","TK","S","FR1"
"2025-W35","TK35916402","TK35916402A","2793833","2025-08-25","2025-08-22","302:1 304:1 308:1 311:1","VE_Gordon-Kobenhavn","0","1","0","TRUE","MON","TK","S","FR1"
"2025-W35","TK35915814","TK35915814A","2810593","2025-08-25","2025-08-22","301:2 305:2 313:2 317:2","VE_Gordon-Kobenhavn","0","1","0","TRUE","MON","TK","M","FR1"
"2025-W35","TK35915130","TK35915130A","2785878","2025-08-24","2025-08-22","303:1 304:1 308:1 310:1 314:1 318:1","VE_Gordon-Kobenhavn","0","1","0","TRUE","SUN","TK","S","FR1"
"2025-W35","TK35916003","TK35916003A","2808056","2025-08-25","2025-08-22","301:2 302:2 303:2 304:2 305:2 306:2 307:1 308:1","VE_Gordon-Kobenhavn","0","1","0","TRUE","MON","TK","L","FR1"
"2025-W35","TK35916125","TK35916125A","2805204","2025-08-25","2025-08-22","301:2 302:2 303:2 304:2 307:2 308:2","VE_Gordon-Kobenhavn","0","1","0","TRUE","MON","TK","M","FR1"
"2025-W35","TK35916356","TK35916356A","2762215","2025-08-25","2025-08-22","303:1 304:1 308:1 310:1","VE_MBB-Frederiksberg","0","1","0","TRUE","MON","TK","S","FR1"
"2025-W35","TK35913146","TK35913146A","2812539","2025-08-25","2025-08-22","304:1 305:2 307:1 312:2 313:2 315:1 316:1","VE_Gordon-Kobenhavn","1","1","0","TRUE","MON","TK","M","FR1 + WB1"
"2025-W35","TK35916016","TK35916016A","2810902","2025-08-25","2025-08-22","302:1 304:1 309:1 314:1","VE_Gordon-Vejle","0","1","0","TRUE","MON","TK","S","FR1"
"2025-W35","TK35916270","TK35916270A","2810059","2025-08-25","2025-08-22","301:1 302:1 305:2 317:2","VE_Gordon-Kobenhavn","0","1","0","TRUE","MON","TK","S","FR1"
"2025-W35","TK35914804","TK35914804A","2813350","2025-08-25","2025-08-22","301:1 302:1 303:1 304:1 305:1 307:1 309:1 310:1 311:1 314:1","VE_Gordon-Kobenhavn","1","1","0","TRUE","MON","TK","M","FR1 + WB1"
"2025-W35","TK35914847","TK35914847A","2813472","2025-08-25","2025-08-22","302:1 303:1 304:1 307:1","VE_Gordon-Kobenhavn","1","1","0","TRUE","MON","TK","S","FR1 + WB1"
"2025-W35","TK35916437","TK35916437A","2789819","2025-08-25","2025-08-22","301:1 302:1 303:1 304:1","VE_Gordon-Arhus","0","1","0","TRUE","MON","TK","S","FR1"
"2025-W35","TK35916454","TK35916454A","2803883","2025-08-25","2025-08-22","303:1 304:1 306:1 307:1","VE_Gordon-Kobenhavn","0","1","0","TRUE","MON","TK","S","FR1"
"2025-W35","TK35914761","TK35914761A","2813223","2025-08-25","2025-08-22","302:1 303:1 304:1 305:1 307:1 308:1 311:1 316:1","VE_Gordon-Kobenhavn","1","1","0","TRUE","MON","TK","M","FR1 + WB1"
"2025-W35","TK35915591","TK35915591A","2774702","2025-08-25","2025-08-22","301:1 304:1 307:1 314:1","VE_Gordon-Kobenhavn","0","1","0","TRUE","MON","TK","S","FR1"
"2025-W35","TK35915450","TK35915450A","2811897","2025-08-25","2025-08-22","303:1 304:1 306:1 308:1","VE_Gordon-Kobenhavn","0","1","0","TRUE","MON","TK","S","FR1"
"2025-W35","TK35916012","TK35916012A","2807359","2025-08-25","2025-08-22","302:1 303:2 314:2 317:1","VE_Gordon-Kobenhavn","0","1","0","TRUE","MON","TK","S","FR1"
"2025-W35","TK35916385","TK35916385A","2807951","2025-08-25","2025-08-22","303:2 304:2 308:2 315:2","VE_Gordon-Kobenhavn","0","1","0","TRUE","MON","TK","M","FR1"
"2025-W35","TK35916298","TK35916298A","2796578","2025-08-25","2025-08-22","301:1 302:1 305:1 306:1 307:1 308:1 314:1 315:1","VE_MBB-Frederiksberg","0","1","0","TRUE","MON","TK","M","FR1"
"2025-W35","TK35915808","TK35915808A","2755763","2025-08-25","2025-08-22","302:1 303:1 304:1 308:1","VE_Gordon-Vejle","0","1","0","TRUE","MON","TK","S","FR1"
"2025-W35","TK35915779","TK35915779A","2755190","2025-08-25","2025-08-22","312:4","VE_Gordon-Kobenhavn","0","1","0","TRUE","MON","TK","S","FR1"
"2025-W35","TK35916185","TK35916185A","2799559","2025-08-25","2025-08-22","301:1 302:1 303:1 304:1","VE_Gordon-Arhus","0","1","0","TRUE","MON","TK","S","FR1"
"2025-W35","TK35916458","TK35916458A","2806468","2025-08-25","2025-08-22","301:2 303:2 313:2 315:2 317:2","VE_Gordon-Kobenhavn","0","1","0","TRUE","MON","TK","M","FR1"
"2025-W35","TK35915588","TK35915588A","2812143","2025-08-25","2025-08-22","301:1 302:1 303:1 304:1 305:1 306:1 307:1 308:1","VE_Gordon-Kobenhavn","0","1","0","TRUE","MON","TK","M","FR1"
"2025-W35","TK35916194","TK35916194A","2807104","2025-08-25","2025-08-22","301:1 302:1 303:1 304:1 305:1 306:1 307:1 308:1","VE_Gordon-Vejle","0","1","0","TRUE","MON","TK","M","FR1"
"2025-W35","TK35915824","TK35915824A","2795692","2025-08-25","2025-08-22","301:3 304:3 305:3 313:3 315:1 318:1","VE_Gordon-Vejle","0","1","0","TRUE","MON","TK","L","FR1"
"2025-W35","TK35915456","TK35915456A","2808854","2025-08-25","2025-08-22","301:1 303:1 304:1 311:1 313:1 314:1","VE_Gordon-Kobenhavn","0","1","0","TRUE","MON","TK","S","FR1"
"2025-W35","TK35915631","TK35915631A","2811641","2025-08-25","2025-08-22","301:1 304:1 314:1 317:1","VE_Gordon-Kobenhavn","0","1","0","TRUE","MON","TK","S","FR1"
"2025-W35","TK35914786","TK35914786A","2813310","2025-08-25","2025-08-22","302:1 305:1 314:1 318:1","VE_Gordon-Kobenhavn","1","1","0","TRUE","MON","TK","S","FR1 + WB1"
"2025-W35","TK35914881","TK35914881A","2812401","2025-08-25","2025-08-22","301:2 304:2 305:2","VE_Gordon-Kobenhavn","1","1","0","TRUE","MON","TK","S","FR1 + WB1"
"2025-W35","TK35915185","TK35915185A","2809349","2025-08-24","2025-08-22","302:1 303:1 306:1 308:1 309:1 312:1 315:1","VE_Gordon-Vejle","1","1","0","TRUE","SUN","TK","M","FR1"
"2025-W35","TK35916314","TK35916314A","2812916","2025-08-25","2025-08-22","310:1 311:1 313:1 314:1","VE_Gordon-Kobenhavn","0","1","0","TRUE","MON","TK","S","FR1"
"2025-W35","TK35915869","TK35915869A","2793940","2025-08-25","2025-08-22","301:1 302:1 305:1 314:1","VE_Gordon-Kobenhavn","0","1","0","TRUE","MON","TK","S","FR1"
"2025-W35","TK35916403","TK35916403A","2777526","2025-08-25","2025-08-22","301:2 302:1 303:1 305:2 306:1 311:1 314:1 317:3 318:2","VE_Gordon-Vejle","0","1","0","TRUE","MON","TK","L","FR1"
"2025-W35","TK35916361","TK35916361A","2768262","2025-08-25","2025-08-22","301:1 302:1 303:1 304:1","VE_Gordon-Vejle","0","1","0","TRUE","MON","TK","S","FR1"
"2025-W35","TK35916411","TK35916411A","2803403","2025-08-25","2025-08-22","301:1 302:1 308:2 312:2","VE_Gordon-Kobenhavn","0","1","0","TRUE","MON","TK","S","FR1"
"2025-W35","TK35916191","TK35916191A","2810995","2025-08-25","2025-08-22","303:1 306:2 308:1 312:1 315:1","VE_Gordon-Vejle","0","1","0","TRUE","MON","TK","S","FR1"
"2025-W35","TK35915517","TK35915517A","2812215","2025-08-25","2025-08-22","303:2 304:1 306:1 307:1 308:1","VE_Gordon-Vejle","0","1","0","TRUE","MON","TK","S","FR1"
"2025-W35","TK35916518","TK35916518A","2812067","2025-08-25","2025-08-22","302:4 307:4 308:4","VE_Gordon-Kobenhavn","0","1","0","TRUE","MON","TK","M","FR1"
"2025-W35","TK35916548","TK35916548A","2805786","2025-08-25","2025-08-22","301:3 302:2 303:2 304:3 307:2 315:2","VE_MBB-Frederiksberg","0","1","0","TRUE","MON","TK","L","FR1"
"2025-W35","TK35915863","TK35915863A","2785357","2025-08-25","2025-08-22","301:1 302:1 303:1 304:1 305:1 306:1","VE_Gordon-Vejle","0","1","0","TRUE","MON","TK","S","FR1"
"2025-W35","TK35915823","TK35915823A","2762395","2025-08-25","2025-08-22","301:1 302:1 303:1 304:1","VE_Gordon-Kobenhavn","0","1","0","TRUE","MON","TK","S","FR1"
"2025-W35","TK35915274","TK35915274A","2814342","2025-08-25","2025-08-22","303:2 304:2 306:2 307:1 308:1","VE_Gordon-Arhus","1","1","0","TRUE","MON","TK","M","FR1 + WB1"
"2025-W35","TK35916450","TK35916450A","2802643","2025-08-25","2025-08-22","304:1 308:1 312:1 313:1","VE_Gordon-Kobenhavn","0","1","0","TRUE","MON","TK","S","FR1"
"2025-W35","TK35916501","TK35916501A","2781111","2025-08-25","2025-08-22","302:1 306:1 308:1 313:1 317:1 318:1","VE_Gordon-Vejle","0","1","0","TRUE","MON","TK","S","FR1"
"2025-W35","TK35915599","TK35915599A","2801199","2025-08-25","2025-08-22","304:1 307:1 308:3 312:3","VE_Gordon-Kobenhavn","0","1","0","TRUE","MON","TK","M","FR1"
"2025-W35","TK35916598","TK35916598A","2809801","2025-08-25","2025-08-22","301:2 304:2 305:2 312:2 313:2","VE_Gordon-Arhus","0","1","0","TRUE","MON","TK","M","FR1"
"2025-W35","TK35915533","TK35915533A","2797765","2025-08-25","2025-08-22","301:1 307:1 314:1 318:1","VE_Gordon-Kobenhavn","0","1","0","TRUE","MON","TK","S","FR1"
"2025-W35","TK35915726","TK35915726A","2806940","2025-08-25","2025-08-22","304:3 308:2 311:2 316:1","VE_Gordon-Kobenhavn","0","1","0","TRUE","MON","TK","M","FR1"
"2025-W35","TK35916537","TK35916537A","2768881","2025-08-25","2025-08-22","303:1 308:2 318:1","VE_Gordon-Kobenhavn","0","1","0","TRUE","MON","TK","S","FR1"
"2025-W35","TK35915606","TK35915606A","2794791","2025-08-25","2025-08-22","301:1 303:2 305:1 307:1 312:1 317:2","VE_Gordon-Kobenhavn","0","1","0","TRUE","MON","TK","M","FR1"
"2025-W35","TK35915068","TK35915068A","2814121","2025-08-24","2025-08-22","305:3 306:2 312:2 313:3 809:2","VE_Gordon-Arhus","1","1","0","TRUE","SUN","TK","M","FR1 + WB1"
"2025-W35","TK35915150","TK35915150A","2798617","2025-08-24","2025-08-22","301:2 304:1 305:1 312:1 313:1","VE_Gordon-Arhus","0","1","0","TRUE","SUN","TK","S","FR1"
"2025-W35","TK35915216","TK35915216A","2804164","2025-08-24","2025-08-22","304:2 310:2 314:2 315:2 316:2","VE_Gordon-Kobenhavn","0","1","0","TRUE","SUN","TK","M","FR1"
"2025-W35","TK35915302","TK35915302A","2798282","2025-08-25","2025-08-22","301:1 304:1 305:1 312:1 313:1","VE_Gordon-Kobenhavn","1","1","0","TRUE","MON","TK","S","FR1 + WB1"
"2025-W35","TK35915902","TK35915902A","2788947","2025-08-25","2025-08-22","301:1 304:1 305:1 313:1","VE_Gordon-Arhus","0","1","0","TRUE","MON","TK","S","FR1"
"2025-W35","TK35915007","TK35915007A","2807794","2025-08-25","2025-08-22","301:2 302:2 303:1 304:1 305:1 306:1 307:1 308:1","VE_Gordon-Kobenhavn","1","1","0","TRUE","MON","TK","M","FR1 + WB1"
"2025-W35","TK35915327","TK35915327A","2793830","2025-08-25","2025-08-22","301:1 304:1 305:1 313:1","VE_Gordon-Kobenhavn","0","1","0","TRUE","MON","TK","S","FR1"
"2025-W35","TK35914766","TK35914766A","2813235","2025-08-25","2025-08-22","301:1 302:1 303:1 304:1 305:1 306:1","VE_Gordon-Kobenhavn","1","1","0","TRUE","MON","TK","S","FR1 + WB1"
"2025-W35","TK35915825","TK35915825A","2812914","2025-08-25","2025-08-22","301:1 302:1 303:1 304:1 305:1 306:1 307:1 308:1","VE_Gordon-Kobenhavn","0","1","0","TRUE","MON","TK","M","FR1"
"2025-W35","TK35915830","TK35915830A","2763553","2025-08-25","2025-08-22","301:2 302:2 303:2 304:2 305:1 306:1 307:1 308:1","VE_Gordon-Kobenhavn","0","1","0","TRUE","MON","TK","M","FR1"
"2025-W35","TK35916268","TK35916268A","2804623","2025-08-25","2025-08-22","302:2 305:2 318:2","VE_Gordon-Kobenhavn","0","1","0","TRUE","MON","TK","S","FR1"
"2025-W35","TK35915894","TK35915894A","2799647","2025-08-25","2025-08-22","301:1 302:1 303:1 304:1 305:1 306:1","VE_Gordon-Arhus","0","1","0","TRUE","MON","TK","S","FR1"
"2025-W35","TK35915705","TK35915705A","2790784","2025-08-25","2025-08-22","301:1 302:1 303:1 304:1 305:1 306:1 307:1 308:1","VE_MBB-Frederiksberg","0","1","0","TRUE","MON","TK","M","FR1"
"2025-W35","TK35914856","TK35914856A","2772993","2025-08-25","2025-08-22","301:1 304:1 305:1 313:1","VE_MBB-Frederiksberg","1","1","0","TRUE","MON","TK","S","FR1 + WB1"
"2025-W35","TK35916581","TK35916581A","2799255","2025-08-25","2025-08-22","301:1 304:1 305:1 313:1","VE_Gordon-Kobenhavn","0","1","0","TRUE","MON","TK","S","FR1"
"2025-W35","TK35915430","TK35915430A","2796665","2025-08-25","2025-08-22","301:1 302:1 303:1 304:1 305:1 306:1","VE_Gordon-Kobenhavn","0","1","0","TRUE","MON","TK","S","FR1"
"2025-W35","TK35915057","TK35915057A","2814086","2025-08-25","2025-08-22","301:1 302:1 303:1 304:1 305:1 306:1 307:1 308:1","VE_Gordon-Kobenhavn","1","1","0","TRUE","MON","TK","M","FR1 + WB1"
"2025-W35","TK35916529","TK35916529A","2776640","2025-08-25","2025-08-22","301:1 302:1 303:1 304:1 305:1 306:1","VE_Gordon-Kobenhavn","0","1","0","TRUE","MON","TK","S","FR1"
"2025-W35","TK35916479","TK35916479A","2794075","2025-08-25","2025-08-22","313:1 315:3 318:2","VE_Gordon-Kobenhavn","0","1","0","TRUE","MON","TK","S","FR1"
"2025-W35","TK35915947","TK35915947A","2811677","2025-08-25","2025-08-22","314:2 318:2","VE_Gordon-Vejle","0","1","0","TRUE","MON","TK","S","FR1"
"2025-W35","TK35915166","TK35915166A","2809363","2025-08-24","2025-08-22","303:2 304:2 306:2 307:2 308:2","VE_Gordon-Kobenhavn","0","1","0","TRUE","SUN","TK","M","FR1"
"2025-W35","TK35915142","TK35915142A","2798663","2025-08-24","2025-08-22","311:2 314:2 315:2 317:2","VE_Gordon-Kobenhavn","0","1","0","TRUE","SUN","TK","M","FR1"
"2025-W35","TK35915170","TK35915170A","2812138","2025-08-24","2025-08-22","301:2 305:2 307:2 316:2 317:2","VE_Gordon-Kobenhavn","1","1","0","TRUE","SUN","TK","M","FR1"
"2025-W35","TK35915171","TK35915171A","2811916","2025-08-24","2025-08-22","305:1 314:1 317:1 318:1","VE_Gordon-Vejle","1","1","0","TRUE","SUN","TK","S","FR1"
"2025-W35","TK35915802","TK35915802A","2781680","2025-08-25","2025-08-22","312:2 315:1 317:1","VE_Gordon-Kobenhavn","0","1","0","TRUE","MON","TK","S","FR1"
"2025-W35","TK35915587","TK35915587A","2807675","2025-08-25","2025-08-22","301:1 302:1 305:1 314:1","VE_Gordon-Kobenhavn","0","1","0","TRUE","MON","TK","S","FR1"
"2025-W35","TK35915449","TK35915449A","2810711","2025-08-25","2025-08-22","301:1 302:1 303:1 304:1 305:1 306:1","VE_Gordon-Kobenhavn","0","1","0","TRUE","MON","TK","S","FR1"
"2025-W35","TK35915913","TK35915913A","2809130","2025-08-25","2025-08-22","301:1 303:1 305:1 306:1 314:1 315:1","VE_Gordon-Vejle","0","1","0","TRUE","MON","TK","S","FR1"
"2025-W35","TK35916090","TK35916090A","2804419","2025-08-25","2025-08-22","301:2 302:2 303:1 304:1 305:1 306:1 307:1 308:1","VE_Gordon-Kobenhavn","0","1","0","TRUE","MON","TK","M","FR1"
"2025-W35","TK35915452","TK35915452A","2791967","2025-08-25","2025-08-22","301:1 304:1 307:1 308:1","VE_MBB-Frederiksberg","0","1","0","TRUE","MON","TK","S","FR1"
"2025-W35","TK35916290","TK35916290A","2783161","2025-08-25","2025-08-22","302:1 303:1 315:1 317:1 318:1","VE_Gordon-Kobenhavn","0","1","0","TRUE","MON","TK","S","FR1"
"2025-W35","TK35915761","TK35915761A","2812316","2025-08-25","2025-08-22","301:1 302:1 304:1 305:1 306:1 318:1","VE_Gordon-Arhus","0","1","0","TRUE","MON","TK","S","FR1"
"2025-W35","TK35914755","TK35914755A","2813205","2025-08-25","2025-08-22","301:2 304:2","VE_Gordon-Kobenhavn","1","1","0","TRUE","MON","TK","S","FR1 + WB1"
"2025-W35","TK35915782","TK35915782A","2760266","2025-08-25","2025-08-22","301:2 302:2 303:1 304:1 306:1 317:1","VE_Gordon-Arhus","0","1","0","TRUE","MON","TK","M","FR1"
"2025-W35","TK35916197","TK35916197A","2803420","2025-08-25","2025-08-22","301:3 302:3 305:2 314:2","VE_Gordon-Arhus","0","1","0","TRUE","MON","TK","M","FR1"
"2025-W35","TK35915614","TK35915614A","2780511","2025-08-25","2025-08-22","302:1 305:2 306:1 317:1 318:1","VE_Gordon-Vejle","0","1","0","TRUE","MON","TK","S","FR1"
"2025-W35","TK35915716","TK35915716A","2783302","2025-08-25","2025-08-22","302:1 304:1 307:1 311:1 312:1 314:1 317:1 318:1","VE_Gordon-Kobenhavn","0","1","0","TRUE","MON","TK","M","FR1"
"2025-W35","TK35915053","TK35915053A","2814080","2025-08-25","2025-08-22","301:2 302:2 303:1 304:1 305:1 306:1 307:1 308:1","VE_Gordon-Arhus","1","1","0","TRUE","MON","TK","M","FR1 + WB1"
"2025-W35","TK35916206","TK35916206A","2810989","2025-08-25","2025-08-22","301:2 302:2 304:2 313:1 315:3","VE_Gordon-Kobenhavn","0","1","0","TRUE","MON","TK","M","FR1"
"2025-W35","TK35915495","TK35915495A","2779412","2025-08-25","2025-08-22","301:2 304:2 305:2 312:2 313:2","VE_MBB-Frederiksberg","0","1","0","TRUE","MON","TK","M","FR1"
"2025-W35","TK35916570","TK35916570A","2782872","2025-08-25","2025-08-22","301:1 304:1 305:1 313:1","VE_MBB-Frederiksberg","0","1","0","TRUE","MON","TK","S","FR1"
"2025-W35","TK35915365","TK35915365A","2763810","2025-08-25","2025-08-22","303:2 308:1 317:1 318:1","VE_Gordon-Kobenhavn","0","1","0","TRUE","MON","TK","S","FR1"
"2025-W35","TK35915952","TK35915952A","2793595","2025-08-25","2025-08-22","301:1 302:1 303:1 304:1 305:1 306:1","VE_Gordon-Kobenhavn","0","1","0","TRUE","MON","TK","S","FR1"
"2025-W35","TK35916456","TK35916456A","2799642","2025-08-25","2025-08-22","301:1 302:1 303:1 304:1","VE_Gordon-Kobenhavn","0","1","0","TRUE","MON","TK","S","FR1"
"2025-W35","TK35916143","TK35916143A","2802326","2025-08-25","2025-08-22","301:2 304:2 307:1 316:1","VE_Gordon-Kobenhavn","0","1","0","TRUE","MON","TK","S","FR1"
"2025-W35","TK35916045","TK35916045A","2812101","2025-08-25","2025-08-22","301:1 305:1 312:1 315:1","VE_Gordon-Vejle","0","1","0","TRUE","MON","TK","S","FR1"
"2025-W35","TK35916161","TK35916161A","2811438","2025-08-25","2025-08-22","303:1 304:1 307:1 308:2 309:1 310:1 312:1 317:2","VE_Gordon-Kobenhavn","0","1","0","TRUE","MON","TK","M","FR1"
"2025-W35","TK35916253","TK35916253A","2752426","2025-08-25","2025-08-22","301:1 302:1 305:1 308:1 312:1 314:1","VE_Gordon-Kobenhavn","0","1","0","TRUE","MON","TK","S","FR1"
"2025-W35","TK35915437","TK35915437A","2805836","2025-08-25","2025-08-22","302:1 304:1 305:1 308:1","VE_Gordon-Arhus","0","1","0","TRUE","MON","TK","S","FR1"
"2025-W35","TK35916019","TK35916019A","2811847","2025-08-25","2025-08-22","301:1 302:1 303:1 304:1 305:1 306:1 307:1 308:1","VE_Gordon-Arhus","0","1","0","TRUE","MON","TK","M","FR1"
"2025-W35","TK35916481","TK35916481A","2808992","2025-08-25","2025-08-22","303:4 315:2 317:2 318:2","VE_Gordon-Arhus","0","1","0","TRUE","MON","TK","M","FR1"
"2025-W35","TK35916353","TK35916353A","2804773","2025-08-25","2025-08-22","301:1 304:1 305:1 313:1","VE_Gordon-Kobenhavn","0","1","0","TRUE","MON","TK","S","FR1"
"2025-W35","TK35915611","TK35915611A","2810435","2025-08-25","2025-08-22","302:1 303:1 304:1 306:1 308:1 311:1","VE_Gordon-Arhus","0","1","0","TRUE","MON","TK","S","FR1"
"2025-W35","TK35915895","TK35915895A","2760717","2025-08-25","2025-08-22","302:1 304:1 312:1 313:1","VE_Gordon-Kobenhavn","0","1","0","TRUE","MON","TK","S","FR1"
"2025-W35","TK35916391","TK35916391A","2798183","2025-08-25","2025-08-22","303:2 304:1 306:1 307:1 308:1","VE_Gordon-Kobenhavn","0","1","0","TRUE","MON","TK","S","FR1"
"2025-W35","TK35915983","TK35915983A","2785864","2025-08-25","2025-08-22","301:2 302:2 303:1 304:1 305:1 306:1 307:1 308:1","VE_Gordon-Arhus","0","1","0","TRUE","MON","TK","M","FR1"
"2025-W35","TK35916029","TK35916029A","2799925","2025-08-25","2025-08-22","304:1 307:2 308:1 311:2 314:3 315:3 316:2","VE_Gordon-Vejle","0","1","0","TRUE","MON","TK","L","FR1"
"2025-W35","TK35915366","TK35915366A","2806105","2025-08-25","2025-08-22","301:1 302:1 303:1 304:1","VE_Gordon-Arhus","0","1","0","TRUE","MON","TK","S","FR1"
"2025-W35","TK35915313","TK35915313A","2814458","2025-08-25","2025-08-22","301:2 302:2 303:1 304:1 305:1 306:1 307:1 308:1","VE_Gordon-Kobenhavn","1","1","0","TRUE","MON","TK","M","FR1 + WB1"
"2025-W35","TK35915263","TK35915263A","2814306","2025-08-25","2025-08-22","301:1 302:1 303:1 304:1","VE_Gordon-Vejle","1","1","0","TRUE","MON","TK","S","FR1 + WB1"
"2025-W35","TK35915938","TK35915938A","2810125","2025-08-25","2025-08-22","301:1 302:1 305:1 314:1","VE_MBB-Frederiksberg","0","1","0","TRUE","MON","TK","S","FR1"
"2025-W35","TK35915915","TK35915915A","2811576","2025-08-25","2025-08-22","307:1 308:1 310:1 311:1 312:1 314:1 316:1 318:1","VE_Gordon-Kobenhavn","0","1","0","TRUE","MON","TK","M","FR1"
"2025-W35","TK35916543","TK35916543A","2778864","2025-08-25","2025-08-22","302:1 304:1 314:1 315:1","VE_Gordon-Kobenhavn","0","1","0","TRUE","MON","TK","S","FR1"
"2025-W35","TK35915079","TK35915079A","2814145","2025-08-25","2025-08-22","301:2 304:2 305:2 312:2 313:2 805:4","VE_Gordon-Vejle","1","1","0","TRUE","MON","TK","L","FR1 + WB1"
"2025-W35","TK35915780","TK35915780A","2782474","2025-08-25","2025-08-22","301:2 302:2 303:1 304:1 305:1 306:1 307:1 308:1","VE_Gordon-Kobenhavn","0","1","0","TRUE","MON","TK","M","FR1"
"2025-W35","TK35915448","TK35915448A","2801139","2025-08-25","2025-08-22","303:1 311:1 312:2 313:2 315:1","VE_Gordon-Kobenhavn","0","1","0","TRUE","MON","TK","M","FR1"
"2025-W35","TK35915561","TK35915561A","2811818","2025-08-25","2025-08-22","301:2 302:2 303:1 304:1 305:1 306:1 307:1 308:1","VE_Gordon-Kobenhavn","0","1","0","TRUE","MON","TK","M","FR1"
"2025-W35","TK35916299","TK35916299A","2810553","2025-08-25","2025-08-22","301:1 302:1 305:1 314:1","VE_Gordon-Kobenhavn","0","1","0","TRUE","MON","TK","S","FR1"
"2025-W35","TK35916519","TK35916519A","2808888","2025-08-25","2025-08-22","303:1 304:1 306:1 310:1 316:1 317:1 318:1","VE_Gordon-Arhus","0","1","0","TRUE","MON","TK","M","FR1"
"2025-W35","TK35915104","TK35915104A","2814244","2025-08-25","2025-08-22","301:1 304:1 305:1 313:1","VE_Gordon-Kobenhavn","1","1","0","TRUE","MON","TK","S","FR1 + WB1"
"2025-W35","TK35916226","TK35916226A","2770285","2025-08-25","2025-08-22","311:1 312:1 314:1 316:1","VE_Gordon-Vejle","0","1","0","TRUE","MON","TK","S","FR1"
"2025-W35","TK35916182","TK35916182A","2806238","2025-08-25","2025-08-22","301:1 302:1 303:1 304:1","VE_Gordon-Kobenhavn","0","1","0","TRUE","MON","TK","S","FR1"
"2025-W35","TK35915970","TK35915970A","2808257","2025-08-25","2025-08-22","301:1 302:1 304:1 305:2 313:1","VE_Gordon-Kobenhavn","0","1","0","TRUE","MON","TK","S","FR1"
"2025-W35","TK35916260","TK35916260A","2796461","2025-08-25","2025-08-22","301:1 302:1 303:1 304:1","VE_Gordon-Vejle","0","1","0","TRUE","MON","TK","S","FR1"
"2025-W35","TK35915661","TK35915661A","2768846","2025-08-25","2025-08-22","301:1 302:1 303:1 304:1","VE_Gordon-Kobenhavn","0","1","0","TRUE","MON","TK","S","FR1"
"2025-W35","TK35915418","TK35915418A","2794330","2025-08-25","2025-08-22","307:1 308:1 312:1 315:1","VE_Gordon-Arhus","0","1","0","TRUE","MON","TK","S","FR1"
"2025-W35","TK35914689","TK35914689A","2786734","2025-08-25","2025-08-22","307:1 311:1 312:1 314:1 315:1 318:1","VE_Gordon-Kobenhavn","1","1","0","TRUE","MON","TK","S","FR1 + WB1"
"2025-W35","TK35914946","TK35914946A","2813757","2025-08-24","2025-08-22","302:1 303:1 305:1 316:1","VE_Gordon-Vejle","1","1","0","TRUE","SUN","TK","S","FR1 + WB1"
"2025-W35","TK35915231","TK35915231A","2812169","2025-08-24","2025-08-22","304:1 306:1 307:1 308:1 311:1 312:1","VE_MBB-Frederiksberg","1","1","0","TRUE","SUN","TK","S","FR1"
"2025-W35","TK35915174","TK35915174A","2812365","2025-08-24","2025-08-22","301:2 302:2 305:2 314:2","VE_MBB-Frederiksberg","1","1","0","TRUE","SUN","TK","M","FR1"
"2025-W35","TK35915137","TK35915137A","2811217","2025-08-24","2025-08-22","301:2 304:2 305:2 312:2 313:2","VE_Gordon-Vejle","0","1","0","TRUE","SUN","TK","M","FR1"
"hellofresh_week","parent_boxid","boxid","customer_id","delivery_date","production_date","meal_swap","lane_by_delivery_time","well","rafa","cancelled","shipped","delivery_weekday","parent_boxid_prefix","box_size","extras"
"2025-W35","TV35913667","TV35913667A","2821200","2025-08-25","2025-08-22","301:2 302:2 303:2 305:2 308:2 310:1 317:3","VE_Gordon-Sthlm","1","1","0","TRUE","MON","TV","L","FR1 + WB1"
"2025-W35","TV35915790","TV35915790A","2802726","2025-08-25","2025-08-22","301:1 302:1 303:1 304:1","VE_Gordon-Goteborg","0","1","0","TRUE","MON","TV","S","FR1"
"2025-W35","TV35915858","TV35915858A","2819540","2025-08-25","2025-08-22","303:1 304:1 306:1 307:2 308:1","VE_Gordon-Goteborg","0","1","0","TRUE","MON","TV","S","FR1"
"2025-W35","TV35915650","TV35915650A","2802134","2025-08-25","2025-08-22","303:2 304:1 306:1 307:1 308:1","VE_Gordon-Goteborg","0","1","0","TRUE","MON","TV","S","FR1"
"2025-W35","TV35914964","TV35914964A","2821811","2025-08-25","2025-08-22","301:2 304:2 305:1 312:2 313:1 314:1 316:1","VE_Gordon-Sthlm","1","1","0","TRUE","MON","TV","M","FR1 + WB1"
"2025-W35","TV35916096","TV35916096A","2805945","2025-08-25","2025-08-22","302:1 305:1 313:1 314:1","VE_Gordon-Sthlm","0","1","0","TRUE","MON","TV","S","FR1"
"2025-W35","TV35915440","TV35915440A","2807356","2025-08-25","2025-08-22","301:1 302:1 303:1 304:1 305:1 306:1 307:1 308:1","VE_Gordon-Uppsala","0","1","0","TRUE","MON","TV","M","FR1"
"2025-W35","TV35915337","TV35915337A","2822240","2025-08-26","2025-08-22","301:1 305:1 307:1 312:1 315:1 317:1 318:2","VE_Gordon-Goteborg","1","1","0","TRUE","TUE","TV","M","FR1 + WB1"
"2025-W35","TV35915026","TV35915026A","2821912","2025-08-25","2025-08-22","301:1 302:1 303:2 304:2 305:2 315:1 317:1","VE_Gordon-Goteborg","1","1","0","TRUE","MON","TV","M","FR1 + WB1"
"2025-W35","TV35915022","TV35915022A","2821922","2025-08-25","2025-08-22","301:2 304:2 305:2 312:2 313:2","VE_Gordon-Sthlm","1","1","0","TRUE","MON","TV","M","FR1 + WB1"
"2025-W35","TV35916358","TV35916358A","2819739","2025-08-25","2025-08-22","308:3 309:2 310:2 312:3","VE_Gordon-Goteborg","1","1","0","TRUE","MON","TV","M","FR1"
"2025-W35","TV35915399","TV35915399A","2821229","2025-08-25","2025-08-22","301:2 304:2 305:2 312:2 313:2","VE_Gordon-Sthlm","0","1","0","TRUE","MON","TV","M","FR1"
"2025-W35","TV35916271","TV35916271A","2815056","2025-08-25","2025-08-22","308:2 309:2 310:2 312:2","VE_Gordon-Umea","0","1","0","TRUE","MON","TV","M","FR1"
"2025-W35","TV35915494","TV35915494A","2818081","2025-08-25","2025-08-22","302:2 305:2 314:2","VE_Gordon-Sthlm","0","1","0","TRUE","MON","TV","S","FR1"
"2025-W35","TV35916068","TV35916068A","2754621","2025-08-25","2025-08-22","302:1 308:1 312:1 313:1","VE_Gordon-Sthlm","0","1","0","TRUE","MON","TV","S","FR1"
"2025-W35","TV35915314","TV35915314A","2819879","2025-08-24","2025-08-22","302:1 303:1 304:1 306:1 307:1 308:1 309:1 310:1 312:1 314:1 315:1 316:1 317:1 318:1","VE_Gordon-Linkoping","1","1","0","TRUE","SUN","TV","L","FR1"
"2025-W35","TV35913700","TV35913700A","2821265","2025-08-24","2025-08-22","307:1 308:1 309:1 310:1 312:1 315:1 318:1","VE_Gordon-Uppsala","1","1","0","TRUE","SUN","TV","M","FR1 + WB1"
"2025-W35","TV35915234","TV35915234A","2819498","2025-08-24","2025-08-22","301:1 305:1 311:4 314:4","VE_Gordon-Sthlm","0","1","0","TRUE","SUN","TV","M","FR1"
"2025-W35","TV35915302","TV35915302A","2821202","2025-08-24","2025-08-22","301:2 304:2 305:2 312:2 313:2","VE_Gordon-Sthlm","1","1","0","TRUE","SUN","TV","M","FR1"
"2025-W35","TV35915459","TV35915459A","2764577","2025-08-25","2025-08-22","301:1 302:2 303:1 305:1 306:1 308:2 312:2 313:1 314:1 317:2","VE_Gordon-Uppsala","0","1","0","TRUE","MON","TV","L","FR1"
"2025-W35","TV35915887","TV35915887A","2762804","2025-08-25","2025-08-22","301:1 302:1 303:1 305:1 306:1 307:1 308:2","VE_Gordon-Sthlm","0","1","0","TRUE","MON","TV","M","FR1"
"2025-W35","TV35916157","TV35916157A","2820921","2025-08-25","2025-08-22","302:2 303:2 305:3 311:1 312:1 313:1","VE_Gordon-Sthlm","1","1","0","TRUE","MON","TV","M","FR1 + WB1"
"2025-W35","TV35915666","TV35915666A","2758984","2025-08-25","2025-08-22","301:1 302:1 303:1 304:1 305:1 306:1 307:1 308:1 310:1 314:1","VE_Gordon-Malmo","0","1","0","TRUE","MON","TV","M","FR1"
"2025-W35","TV35915997","TV35915997A","2785294","2025-08-25","2025-08-22","301:1 304:1 305:1 313:1","VE_Gordon-Vasteras","0","1","0","TRUE","MON","TV","S","FR1"
"2025-W35","TV35916198","TV35916198A","2808916","2025-08-25","2025-08-22","301:2 304:1 305:1 312:1 313:1","VE_Gordon-Goteborg","0","1","0","TRUE","MON","TV","S","FR1"
"2025-W35","TV35916095","TV35916095A","2811407","2025-08-25","2025-08-22","302:4 306:5 308:1","VE_Gordon-Sthlm","0","1","0","TRUE","MON","TV","M","FR1"
"2025-W35","TV35916087","TV35916087A","2819171","2025-08-25","2025-08-22","304:2 306:2 307:2 308:2 316:2","VE_Gordon-Uppsala","0","1","0","TRUE","MON","TV","M","FR1"
"2025-W35","TV35915985","TV35915985A","2818796","2025-08-25","2025-08-22","301:2 302:2 303:1 304:1 305:1 306:1 307:1 308:1","VE_Gordon-Sthlm","0","1","0","TRUE","MON","TV","M","FR1"
"2025-W35","TV35915390","TV35915390A","2822354","2025-08-25","2025-08-22","301:1 302:2 304:3 305:1 308:2 312:1 313:2 317:2","VE_Gordon-Goteborg","1","1","0","TRUE","MON","TV","L","FR1 + WB1"
"2025-W35","TV35916278","TV35916278A","2810899","2025-08-25","2025-08-22","303:2 304:2 306:2 307:2 308:2","VE_Gordon-Goteborg","0","1","0","TRUE","MON","TV","M","FR1"
"2025-W35","TV35915183","TV35915183A","2762211","2025-08-25","2025-08-22","303:2 304:2 306:2 307:2 308:2","VE_Gordon-Sthlm","1","1","0","TRUE","MON","TV","M","FR1 + WB1"
"2025-W35","TV35914855","TV35914855A","2821570","2025-08-25","2025-08-22","301:1 302:1 305:1 307:1 308:1 316:1","VE_Gordon-Sthlm","1","1","0","TRUE","MON","TV","S","FR1 + WB1"
"2025-W35","TV35914873","TV35914873A","2821609","2025-08-25","2025-08-22","301:1 302:1 303:1 306:1 307:1 311:1 312:1 316:1","VE_Gordon-Vasteras","1","1","0","TRUE","MON","TV","M","FR1 + WB1"
"2025-W35","TV35915184","TV35915184A","2822204","2025-08-25","2025-08-22","301:2 303:1 304:1 307:1 308:2 311:1 314:1 315:2 316:1 318:2","VE_Gordon-Malmo","1","1","0","TRUE","MON","TV","L","FR1 + WB1"
"2025-W35","TV35915900","TV35915900A","2796632","2025-08-25","2025-08-22","301:1 302:1 304:1 307:1 308:1 312:1 314:1 318:1","VE_Gordon-Sthlm","0","1","0","TRUE","MON","TV","M","FR1"
"2025-W35","TV35914862","TV35914862A","2821583","2025-08-25","2025-08-22","301:1 302:1 305:1 314:1","VE_Gordon-Sthlm","1","1","0","TRUE","MON","TV","S","FR1 + WB1"
"2025-W35","TV35915656","TV35915656A","2785953","2025-08-25","2025-08-22","301:1 302:1 303:1 304:1 305:1 306:1 307:1 308:1","VE_Gordon-Malmo","0","1","0","TRUE","MON","TV","M","FR1"
"2025-W35","TV35915904","TV35915904A","2817918","2025-08-25","2025-08-22","301:1 302:1 303:1 304:1 305:1 306:1 307:1 308:1","VE_Gordon-Vasteras","0","1","0","TRUE","MON","TV","M","FR1"
"2025-W35","TV35916185","TV35916185A","2791130","2025-08-25","2025-08-22","301:1 305:1 313:1 315:1","VE_Gordon-Vasteras","0","1","0","TRUE","MON","TV","S","FR1"
"2025-W35","TV35916337","TV35916337A","2799081","2025-08-25","2025-08-22","302:1 303:2 304:2 306:1 308:1 312:1","VE_Gordon-Sthlm","0","1","0","TRUE","MON","TV","M","FR1"
"2025-W35","TV35915905","TV35915905A","2811848","2025-08-25","2025-08-22","301:1 304:1 308:1 314:1","VE_Gordon-Vaxjo","0","1","0","TRUE","MON","TV","S","FR1"
"2025-W35","TV35916127","TV35916127A","2820380","2025-08-25","2025-08-22","302:1 303:1 304:1 314:1","VE_Gordon-Sthlm","0","1","0","TRUE","MON","TV","S","FR1"
"2025-W35","TV35916367","TV35916367A","2809066","2025-08-25","2025-08-22","301:1 302:1 304:1 314:1","VE_Gordon-Uppsala","0","1","0","TRUE","MON","TV","S","FR1"
"2025-W35","TV35915292","TV35915292A","2817001","2025-08-24","2025-08-22","303:3 304:1 306:3 307:1 308:2 312:2 313:2","VE_Gordon-Linkoping","1","1","0","TRUE","SUN","TV","L","FR1"
"2025-W35","TV35915207","TV35915207A","2819472","2025-08-24","2025-08-22","302:2 308:2 314:2 318:2","VE_Gordon-Goteborg","1","1","0","TRUE","SUN","TV","M","FR1"
"2025-W35","TV35915286","TV35915286A","2820313","2025-08-24","2025-08-22","301:3 303:2 306:2 314:3 318:4","VE_Gordon-Vasteras","1","1","0","TRUE","SUN","TV","L","FR1"
"2025-W35","TV35915329","TV35915329A","2818148","2025-08-24","2025-08-22","308:1 309:1 310:1 312:1","VE_Gordon-Goteborg","1","1","0","TRUE","SUN","TV","S","FR1"
"2025-W35","TV35914844","TV35914844A","2787999","2025-08-24","2025-08-22","301:3 304:3 305:3 312:2 313:3","VE_Gordon-Sthlm","1","1","0","TRUE","SUN","TV","L","FR1 + WB1"
"2025-W35","TV35915180","TV35915180A","2822190","2025-08-24","2025-08-22","302:2 317:2","VE_Gordon-Malmo","1","1","0","TRUE","SUN","TV","S","FR1 + WB1"
"2025-W35","TV35915202","TV35915202A","2820645","2025-08-24","2025-08-22","302:2 307:2 314:2 316:2 318:2","VE_Gordon-Sthlm","1","1","0","TRUE","SUN","TV","M","FR1"
"2025-W35","TV35915784","TV35915784A","2813844","2025-08-25","2025-08-22","303:2 304:2 306:2 307:2 308:2","VE_Gordon-Sthlm","0","1","0","TRUE","MON","TV","M","FR1"
"2025-W35","TV35915675","TV35915675A","2820994","2025-08-25","2025-08-22","301:3 304:3 305:2 312:2 313:2","VE_Gordon-Sthlm","0","1","0","TRUE","MON","TV","M","FR1"
"2025-W35","TV35915607","TV35915607A","2789561","2025-08-25","2025-08-22","301:1 302:1 303:1 304:1","VE_Gordon-Sthlm","0","1","0","TRUE","MON","TV","S","FR1"
"2025-W35","TV35915123","TV35915123A","2822025","2025-08-25","2025-08-22","301:1 302:1 304:1 305:1 308:1 310:1 311:1 312:1 313:1 314:1 315:1 316:1 318:2","VE_Gordon-Vasteras","1","1","0","TRUE","MON","TV","L","FR1 + WB1"
"2025-W35","TV35915956","TV35915956A","2793157","2025-08-25","2025-08-22","301:2 302:2 305:1 314:1","VE_Gordon-Goteborg","0","1","0","TRUE","MON","TV","S","FR1"
"2025-W35","TV35915876","TV35915876A","2818539","2025-08-25","2025-08-22","301:1 302:2 305:1 308:1 310:1 311:1 316:1","VE_Gordon-Sthlm","0","1","0","TRUE","MON","TV","M","FR1"
"2025-W35","TV35916279","TV35916279A","2760596","2025-08-25","2025-08-22","301:1 302:1 303:1 304:1 305:1 306:1 307:1 308:1","VE_Gordon-Sthlm","0","1","0","TRUE","MON","TV","M","FR1"
"2025-W35","TV35916009","TV35916009A","2810082","2025-08-25","2025-08-22","301:1 302:1 305:1 314:1","VE_Gordon-Malmo","0","1","0","TRUE","MON","TV","S","FR1"
"2025-W35","TV35915563","TV35915563A","2807810","2025-08-25","2025-08-22","302:2 304:2 312:2 313:1 314:1","VE_Gordon-Sthlm","0","1","0","TRUE","MON","TV","M","FR1"
"2025-W35","TV35916339","TV35916339A","2784327","2025-08-25","2025-08-22","301:1 304:1 305:1 313:1","VE_Gordon-Sthlm","0","1","0","TRUE","MON","TV","S","FR1"
"2025-W35","TV35915781","TV35915781A","2811412","2025-08-25","2025-08-22","302:1 308:1 309:1 310:1 311:1 312:1 317:1 318:1","VE_Gordon-Sthlm","0","1","0","TRUE","MON","TV","M","FR1"
"2025-W35","TV35914792","TV35914792A","2821444","2025-08-25","2025-08-22","301:2 304:3 305:2 312:2 313:2 315:1","VE_Gordon-Sthlm","1","1","0","TRUE","MON","TV","M","FR1 + WB1"
"2025-W35","TV35915689","TV35915689A","2820638","2025-08-25","2025-08-22","301:1 302:1 303:1 304:1","VE_Gordon-Sthlm","0","1","0","TRUE","MON","TV","S","FR1"
"2025-W35","TV35915014","TV35915014A","2821902","2025-08-25","2025-08-22","301:1 302:2 303:1 305:1 313:1 315:1 318:1","VE_Gordon-Malmo","1","1","0","TRUE","MON","TV","M","FR1 + WB1"
"2025-W35","TV35915801","TV35915801A","2815708","2025-08-26","2025-08-22","303:2 304:2 306:2 307:2 308:2","VE_Gordon-Goteborg","0","1","0","TRUE","TUE","TV","M","FR1"
"2025-W35","TV35915449","TV35915449A","2820664","2025-08-25","2025-08-22","301:2 302:2 303:2 304:2 305:1 306:1 307:1 308:1","VE_Gordon-Uppsala","0","1","0","TRUE","MON","TV","M","FR1"
"2025-W35","TV35915363","TV35915363A","2769616","2025-08-25","2025-08-22","301:2 302:2 303:2 311:2 318:2","VE_Gordon-Sthlm","1","1","0","TRUE","MON","TV","M","FR1 + WB1"
"2025-W35","TV35915305","TV35915305A","2821009","2025-08-24","2025-08-22","301:1 302:1 303:1 310:1 311:1 318:1","VE_Gordon-Malmo","1","1","0","TRUE","SUN","TV","S","FR1"
"2025-W35","TV35915309","TV35915309A","2818164","2025-08-24","2025-08-22","301:1 302:1 306:1 307:1 311:1 313:1 314:1 315:1 805:2 809:1 810:1","VE_Gordon-Sthlm","0","1","0","TRUE","SUN","TV","M","FR1"
"2025-W35","TV35915129","TV35915129A","2822103","2025-08-24","2025-08-22","301:2 302:1 305:1 306:1 316:1 317:2 318:2","VE_Gordon-Malmo","1","1","0","TRUE","SUN","TV","M","FR1 + WB1"
"2025-W35","TV35914869","TV35914869A","2764341","2025-08-25","2025-08-22","301:3 302:1 303:2 307:1 312:1 318:2","VE_Gordon-Sthlm","1","1","0","TRUE","MON","TV","M","FR1 + WB1"
"2025-W35","TV35914864","TV35914864A","2813540","2025-08-25","2025-08-22","301:1 302:1 303:1 304:1 305:1 306:1","VE_Gordon-Goteborg","1","1","0","TRUE","MON","TV","S","FR1 + WB1"
"2025-W35","TV35916114","TV35916114A","2789844","2025-08-25","2025-08-22","301:1 302:1 303:1 304:1","VE_Gordon-Sthlm","0","1","0","TRUE","MON","TV","S","FR1"
"2025-W35","TV35916070","TV35916070A","2811442","2025-08-25","2025-08-22","307:1 312:1 314:1 315:1 805:2 809:1 810:1","VE_Gordon-Sthlm","0","1","0","TRUE","MON","TV","M","FR1"
"2025-W35","TV35915594","TV35915594A","2809921","2025-08-25","2025-08-22","301:1 302:1 303:1 304:1 305:1 306:1","VE_Gordon-Sthlm","0","1","0","TRUE","MON","TV","S","FR1"
"2025-W35","TV35916345","TV35916345A","2795809","2025-08-25","2025-08-22","301:2 304:1 307:1 315:1 318:1","VE_Gordon-Vasteras","0","1","0","TRUE","MON","TV","S","FR1"
"2025-W35","TV35914888","TV35914888A","2821664","2025-08-25","2025-08-22","301:1 304:1 313:1 317:1","VE_Gordon-Sthlm","1","1","0","TRUE","MON","TV","S","FR1 + WB1"
"2025-W35","TV35916207","TV35916207A","2761123","2025-08-25","2025-08-22","301:1 302:1 303:1 308:1 315:1 318:1","VE_Gordon-Goteborg","0","1","0","TRUE","MON","TV","S","FR1"
"2025-W35","TV35915663","TV35915663A","2777269","2025-08-25","2025-08-22","301:1 309:2 310:2 313:1","VE_Gordon-Sthlm","0","1","0","TRUE","MON","TV","S","FR1"
"2025-W35","TV35915003","TV35915003A","2821876","2025-08-25","2025-08-22","301:2 302:2 303:1 305:1 306:1 307:2 308:1","VE_Gordon-Malmo","1","1","0","TRUE","MON","TV","M","FR1 + WB1"
"2025-W35","TV35915055","TV35915055A","2821167","2025-08-25","2025-08-22","301:2 304:2 305:2 312:2 313:2","VE_Gordon-Sthlm","1","1","0","TRUE","MON","TV","M","FR1 + WB1"
"2025-W35","TV35915511","TV35915511A","2789435","2025-08-25","2025-08-22","301:1 302:1 303:1 308:1","VE_Gordon-Sthlm","0","1","0","TRUE","MON","TV","S","FR1"
"2025-W35","TV35914913","TV35914913A","2821334","2025-08-25","2025-08-22","301:3 304:3 305:3 312:2 313:3","VE_Gordon-Goteborg","1","1","0","TRUE","MON","TV","L","FR1 + WB1"
"2025-W35","TV35914998","TV35914998A","2819067","2025-08-25","2025-08-22","301:1 302:1 303:1 304:1 305:1 306:1 307:1 308:1","VE_Gordon-Sthlm","1","1","0","TRUE","MON","TV","M","FR1 + WB1"
"2025-W35","TV35916327","TV35916327A","2751493","2025-08-26","2025-08-22","301:1 302:1 304:1 305:1 311:1 313:1 317:1 318:1","VE_Gordon-Sthlm","0","1","0","TRUE","TUE","TV","M","FR1"
"2025-W35","TV35915954","TV35915954A","2820530","2025-08-25","2025-08-22","301:3 304:3 305:3 312:2 313:3","VE_Gordon-Sthlm","0","1","0","TRUE","MON","TV","L","FR1"
"2025-W35","TV35915795","TV35915795A","2818553","2025-08-25","2025-08-22","306:1 314:1 316:1 317:1","VE_Gordon-Sthlm","0","1","0","TRUE","MON","TV","S","FR1"
"2025-W35","TV35914914","TV35914914A","2821709","2025-08-25","2025-08-22","301:2 302:2 305:1 314:1","VE_Gordon-Sthlm","1","1","0","TRUE","MON","TV","S","FR1 + WB1"
"2025-W35","TV35915492","TV35915492A","2805138","2025-08-25","2025-08-22","301:1 304:1 305:1 313:1","VE_Gordon-Uppsala","0","1","0","TRUE","MON","TV","S","FR1"
"2025-W35","TV35914963","TV35914963A","2821809","2025-08-25","2025-08-22","301:3 302:3 305:2 314:2","VE_Gordon-Sthlm","1","1","0","TRUE","MON","TV","M","FR1 + WB1"
"2025-W35","TV35915312","TV35915312A","2771606","2025-08-24","2025-08-22","301:2 304:1 305:1 312:1 313:1","VE_Gordon-Sthlm","1","1","0","TRUE","SUN","TV","S","FR1"
"2025-W35","TV35915290","TV35915290A","2820373","2025-08-24","2025-08-22","301:2 302:2 305:2 314:2","VE_Gordon-Sthlm","1","1","0","TRUE","SUN","TV","M","FR1"
"2025-W35","TV35915255","TV35915255A","2810867","2025-08-24","2025-08-22","301:2 304:2 305:2 314:2","VE_Gordon-Sthlm","1","1","0","TRUE","SUN","TV","M","FR1 + WB1"
"2025-W35","TV35915323","TV35915323A","2820834","2025-08-24","2025-08-22","303:1 304:1 306:1 307:1 315:1","VE_Gordon-Sthlm","1","1","0","TRUE","SUN","TV","S","FR1"
"2025-W35","TV35915010","TV35915010A","2821897","2025-08-24","2025-08-22","301:2 302:2 305:2 312:2","VE_Gordon-Sthlm","1","1","0","TRUE","SUN","TV","M","FR1 + WB1"
"2025-W35","TV35915276","TV35915276A","2819038","2025-08-24","2025-08-22","304:2 308:2 311:2 314:2","VE_Gordon-Sthlm","1","1","0","TRUE","SUN","TV","M","FR1"
"2025-W35","TV35915216","TV35915216A","2820554","2025-08-24","2025-08-22","301:1 302:1 303:1 304:1","VE_MBB-Mma-MBB","1","1","0","TRUE","SUN","TV","S","FR1"
"2025-W35","TV35915927","TV35915927A","2792208","2025-08-25","2025-08-22","301:2 302:2 305:2 314:2","VE_Gordon-Sthlm","0","1","0","TRUE","MON","TV","M","FR1"
"2025-W35","TV35916290","TV35916290A","2802318","2025-08-25","2025-08-22","301:1 302:1 303:1 304:1 307:1 312:1 313:1 317:1","VE_MBB-Mma-MBB","0","1","0","TRUE","MON","TV","M","FR1"
"2025-W35","TV35915807","TV35915807A","2820494","2025-08-25","2025-08-22","301:2 302:2 303:1 304:1 305:1 306:1 307:1 308:1","VE_Gordon-Vasteras","0","1","0","TRUE","MON","TV","M","FR1"
"2025-W35","TV35914847","TV35914847A","2821554","2025-08-25","2025-08-22","301:2 302:1 303:1 305:1 306:1 307:1 308:1 311:1 312:1 313:1 316:1 317:1 318:1","VE_Gordon-Malmo","1","1","0","TRUE","MON","TV","L","FR1 + WB1"
"2025-W35","TV35915057","TV35915057A","2820538","2025-08-25","2025-08-22","302:2 303:2 311:2 810:8","VE_Gordon-Goteborg","1","1","0","TRUE","MON","TV","L","FR1 + WB1"
"2025-W35","TV35915894","TV35915894A","2789842","2025-08-25","2025-08-22","301:1 303:1 304:1 306:1 311:1 313:1 317:2","VE_Gordon-Goteborg","0","1","0","TRUE","MON","TV","M","FR1"
"2025-W35","TV35913605","TV35913605A","2821064","2025-08-25","2025-08-22","302:1 304:2 306:1 312:1 314:1","VE_Gordon-Sthlm","1","1","0","TRUE","MON","TV","S","FR1 + WB1"
"2025-W35","TV35916092","TV35916092A","2814533","2025-08-25","2025-08-22","304:4 306:1 308:2 311:2 315:1","VE_MBB-Mma-MBB","0","1","0","TRUE","MON","TV","M","FR1"
"2025-W35","TV35914863","TV35914863A","2821584","2025-08-25","2025-08-22","301:3 304:3 306:2 307:1 308:1 310:1 318:3","VE_Gordon-Sthlm","1","1","0","TRUE","MON","TV","L","FR1 + WB1"
"2025-W35","TV35916091","TV35916091A","2814708","2025-08-25","2025-08-22","301:1 304:2 311:1 312:2 313:2 314:2","VE_Gordon-Malmo","0","1","0","TRUE","MON","TV","M","FR1"
"2025-W35","TV35916200","TV35916200A","2768096","2025-08-26","2025-08-22","306:1 307:1 308:1 311:1 312:1 315:1","VE_Gordon-Sthlm","0","1","0","TRUE","TUE","TV","S","FR1"
"2025-W35","TV35915797","TV35915797A","2806152","2025-08-25","2025-08-22","301:1 302:1 304:1 305:1 307:1 308:1 311:1 318:1","VE_Gordon-Sthlm","0","1","0","TRUE","MON","TV","M","FR1"
"2025-W35","TV35915901","TV35915901A","2815906","2025-08-25","2025-08-22","301:2 302:1 307:2 308:1 309:1 314:1 318:2","VE_Gordon-Malmo","0","1","0","TRUE","MON","TV","M","FR1"
"2025-W35","TV35916309","TV35916309A","2818616","2025-08-25","2025-08-22","301:1 302:1 303:1 304:1 305:1 306:1 307:1 308:1","VE_Gordon-Umea","0","1","0","TRUE","MON","TV","M","FR1"
"2025-W35","TV35915506","TV35915506A","2806133","2025-08-25","2025-08-22","301:2 303:2 305:2 306:2","VE_Gordon-Vaxjo","0","1","0","TRUE","MON","TV","M","FR1"
"2025-W35","TV35916020","TV35916020A","2817897","2025-08-25","2025-08-22","301:1 302:1 303:1 305:1 307:1 308:1 311:1 314:1","VE_Gordon-Vasteras","0","1","0","TRUE","MON","TV","M","FR1"
"2025-W35","TV35916180","TV35916180A","2789232","2025-08-25","2025-08-22","301:2 302:2 303:2 304:2 305:2 306:2 307:1 308:1","VE_Gordon-Uppsala","0","1","0","TRUE","MON","TV","L","FR1"
"2025-W35","TV35915148","TV35915148A","2822129","2025-08-25","2025-08-22","301:1 302:1 305:1 314:1","VE_Gordon-Uppsala","1","1","0","TRUE","MON","TV","S","FR1 + WB1"
"2025-W35","TV35916006","TV35916006A","2780161","2025-08-25","2025-08-22","301:2 302:2 303:2 304:2 305:1 306:1 307:1 308:1","VE_MBB-Mma-MBB","0","1","0","TRUE","MON","TV","M","FR1"
"2025-W35","TV35915847","TV35915847A","2820956","2025-08-25","2025-08-22","303:3 304:3 306:3 307:3 308:2","VE_Gordon-Malmo","0","1","0","TRUE","MON","TV","L","FR1"
"2025-W35","TV35915746","TV35915746A","2820935","2025-08-25","2025-08-22","304:1 307:1 308:1 318:1","VE_Gordon-Vasteras","0","1","0","TRUE","MON","TV","S","FR1"
"2025-W35","TV35915464","TV35915464A","2816993","2025-08-25","2025-08-22","301:1 302:1 304:2 309:1 310:2 312:3 313:2","VE_Gordon-Sthlm","0","1","0","TRUE","MON","TV","M","FR1"
"2025-W35","TV35915785","TV35915785A","2820972","2025-08-25","2025-08-22","303:2 304:1 306:1 307:1 308:1","VE_Gordon-Sthlm","0","1","0","TRUE","MON","TV","S","FR1"
"2025-W35","TV35915763","TV35915763A","2794295","2025-08-25","2025-08-22","303:2 304:2 306:2 307:2 308:2","VE_Gordon-Sthlm","0","1","0","TRUE","MON","TV","M","FR1"
"2025-W35","TV35915555","TV35915555A","2785709","2025-08-25","2025-08-22","301:2 302:2 305:1 314:1","VE_Gordon-Goteborg","0","1","0","TRUE","MON","TV","S","FR1"
"2025-W35","TV35912317","TV35912317A","2820222","2025-08-26","2025-08-22","301:1 305:1 306:1 311:1 314:1 318:1","VE_Gordon-Goteborg","1","1","0","TRUE","TUE","TV","S","FR1 + WB1"
"2025-W35","TV35915609","TV35915609A","2821428","2025-08-25","2025-08-22","301:3 304:3 312:2 313:2 314:2","VE_Gordon-Uppsala","0","1","0","TRUE","MON","TV","M","FR1"
"2025-W35","TV35915627","TV35915627A","2788925","2025-08-25","2025-08-22","301:1 304:1 305:1 313:1","VE_Gordon-Sthlm","0","1","0","TRUE","MON","TV","S","FR1"
"2025-W35","TV35915533","TV35915533A","2810734","2025-08-25","2025-08-22","301:1 302:1 303:1 304:1","VE_Gordon-Malmo","0","1","0","TRUE","MON","TV","S","FR1"
"2025-W35","TV35915776","TV35915776A","2775038","2025-08-25","2025-08-22","304:3 308:3","VE_Gordon-Sthlm","0","1","0","TRUE","MON","TV","S","FR1"
"2025-W35","TV35915736","TV35915736A","2820223","2025-08-25","2025-08-22","301:1 302:1 303:1 304:1","VE_Gordon-Uppsala","0","1","0","TRUE","MON","TV","S","FR1"
"2025-W35","TV35913588","TV35913588A","2821034","2025-08-25","2025-08-22","304:3 308:2 313:3","VE_Gordon-Sthlm","1","1","0","TRUE","MON","TV","M","FR1 + WB1"
"2025-W35","TV35915296","TV35915296A","2819964","2025-08-24","2025-08-22","301:1 304:1 305:2 312:1 313:1 314:1 315:1","VE_Gordon-Uppsala","0","1","0","TRUE","SUN","TV","M","FR1"
"2025-W35","TV35914845","TV35914845A","2821552","2025-08-24","2025-08-22","301:2 303:2 304:2 308:1 311:2 312:1 314:2","VE_Gordon-Sthlm","1","1","0","TRUE","SUN","TV","M","FR1 + WB1"
"2025-W35","TV35912278","TV35912278A","2819975","2025-08-24","2025-08-22","301:1 302:1 305:1 311:1","VE_Gordon-Goteborg","1","1","0","TRUE","SUN","TV","S","FR1 + WB1"
"2025-W35","TV35915297","TV35915297A","2819385","2025-08-24","2025-08-22","302:1 304:1 305:1 306:1 313:2","VE_Gordon-Sthlm","0","1","0","TRUE","SUN","TV","S","FR1"
"2025-W35","TV35915071","TV35915071A","2756605","2025-08-24","2025-08-22","303:1 305:1 307:1 308:1 314:1 318:1","VE_Gordon-Sthlm","1","1","0","TRUE","SUN","TV","S","FR1 + WB1"
"2025-W35","TV35916026","TV35916026A","2812685","2025-08-25","2025-08-22","302:1 303:1 304:1 305:1 312:1 315:1","VE_Gordon-Goteborg","0","1","0","TRUE","MON","TV","S","FR1"
"2025-W35","TV35914990","TV35914990A","2821008","2025-08-25","2025-08-22","301:1 304:1 308:1 312:1 314:1 315:1 316:1 318:1","VE_Gordon-Sthlm","1","1","0","TRUE","MON","TV","M","FR1 + WB1"
"2025-W35","TV35914786","TV35914786A","2756063","2025-08-25","2025-08-22","301:1 304:1 307:1 312:1 315:1 318:1","VE_Gordon-Vasteras","1","1","0","TRUE","MON","TV","S","FR1 + WB1"
"2025-W35","TV35915466","TV35915466A","2814694","2025-08-25","2025-08-22","301:1 303:1 308:1 309:1 311:1 312:1 314:1 318:1","VE_Gordon-Sthlm","0","1","0","TRUE","MON","TV","M","FR1"
"2025-W35","TV35915688","TV35915688A","2819995","2025-08-25","2025-08-22","301:2 302:2 303:2 304:2 305:2 306:2 307:1 308:1","VE_Gordon-Umea","0","1","0","TRUE","MON","TV","L","FR1"
"2025-W35","TV35916250","TV35916250A","2760820","2025-08-25","2025-08-22","301:2 302:1 303:2 305:2 306:2 307:1 308:1 309:1 312:1 317:1","VE_Gordon-Uppsala","0","1","0","TRUE","MON","TV","L","FR1"
"2025-W35","TV35914936","TV35914936A","2821694","2025-08-25","2025-08-22","301:2 302:2 305:1 314:1","VE_MBB-Mma-MBB","1","1","0","TRUE","MON","TV","S","FR1 + WB1"
"2025-W35","TV35915972","TV35915972A","2799774","2025-08-25","2025-08-22","301:1 302:1 303:1 304:1 305:1 306:1 308:2","VE_Gordon-Sthlm","0","1","0","TRUE","MON","TV","M","FR1"
"2025-W35","TV35915461","TV35915461A","2783574","2025-08-25","2025-08-22","301:2 302:2 303:1 304:1 305:1 306:1 307:1 308:1","VE_Gordon-Linkoping","0","1","0","TRUE","MON","TV","M","FR1"
"2025-W35","TV35915967","TV35915967A","2812344","2025-08-25","2025-08-22","302:1 303:1 306:1 307:1 316:1 317:1","VE_Gordon-Sthlm","0","1","0","TRUE","MON","TV","S","FR1"
"2025-W35","TV35916051","TV35916051A","2814341","2025-08-25","2025-08-22","302:1 307:1 308:1 310:1 312:1 317:1","VE_Gordon-Linkoping","0","1","0","TRUE","MON","TV","S","FR1"
"2025-W35","TV35916132","TV35916132A","2772240","2025-08-26","2025-08-22","301:1 302:1 303:1 304:1 305:1 306:1","VE_Gordon-Sthlm","0","1","0","TRUE","TUE","TV","S","FR1"
"2025-W35","TV35915877","TV35915877A","2820390","2025-08-25","2025-08-22","302:1 303:1 307:1 315:1","VE_Gordon-Malmo","0","1","0","TRUE","MON","TV","S","FR1"
"2025-W35","TV35914895","TV35914895A","2821680","2025-08-25","2025-08-22","301:1 302:1 305:1 312:1","VE_Gordon-Goteborg","1","1","0","TRUE","MON","TV","S","FR1 + WB1"
"2025-W35","TV35916340","TV35916340A","2820787","2025-08-25","2025-08-22","301:2 302:2 303:1 304:1 305:1 306:1 307:1 308:1","VE_Gordon-Vasteras","0","1","0","TRUE","MON","TV","M","FR1"
"2025-W35","TV35915388","TV35915388A","2822347","2025-08-25","2025-08-22","303:3 308:3","VE_Gordon-Sthlm","1","1","0","TRUE","MON","TV","S","FR1 + WB1"
"2025-W35","TV35916046","TV35916046A","2817070","2025-08-25","2025-08-22","303:1 306:1 315:1 316:1","VE_Gordon-Sthlm","0","1","0","TRUE","MON","TV","S","FR1"
"2025-W35","TV35914937","TV35914937A","2821746","2025-08-25","2025-08-22","301:2 302:1 305:1 312:1 313:1","VE_Gordon-Sthlm","1","1","0","TRUE","MON","TV","S","FR1 + WB1"
"2025-W35","TV35915862","TV35915862A","2820944","2025-08-25","2025-08-22","301:2 304:1 305:1 312:1 313:1","VE_Gordon-Sthlm","0","1","0","TRUE","MON","TV","S","FR1"
"2025-W35","TV35916148","TV35916148A","2821206","2025-08-25","2025-08-22","301:2 302:2 303:1 304:1 305:1 306:1 307:1 308:1","VE_Gordon-Sthlm","0","1","0","TRUE","MON","TV","M","FR1"
"2025-W35","TV35915886","TV35915886A","2813755","2025-08-25","2025-08-22","302:1 308:1 312:1 317:1","VE_Gordon-Vaxjo","0","1","0","TRUE","MON","TV","S","FR1"
"2025-W35","TV35915874","TV35915874A","2789026","2025-08-25","2025-08-22","303:1 304:1 306:1 307:1","VE_Gordon-Sthlm","0","1","0","TRUE","MON","TV","S","FR1"
"2025-W35","TV35915462","TV35915462A","2818035","2025-08-25","2025-08-22","314:4","VE_Gordon-Sthlm","0","1","0","TRUE","MON","TV","S","FR1"
"2025-W35","TV35915253","TV35915253A","2806214","2025-08-24","2025-08-22","301:2 303:2 305:1 317:1","VE_Gordon-Uppsala","0","1","0","TRUE","SUN","TV","S","FR1"
"2025-W35","TV35915430","TV35915430A","2795801","2025-08-25","2025-08-22","301:2 302:2 303:1 304:1 305:1 306:1 307:1 308:1","VE_Gordon-Sthlm","0","1","0","TRUE","MON","TV","M","FR1"
"2025-W35","TV35915354","TV35915354A","2822273","2025-08-25","2025-08-22","303:1 304:1 308:1 315:1 316:1","VE_Gordon-Sthlm","1","1","0","TRUE","MON","TV","S","FR1 + WB1"
"2025-W35","TV35915759","TV35915759A","2803466","2025-08-25","2025-08-22","301:1 302:2 304:1 307:1 312:1 313:1 318:1","VE_Gordon-Sthlm","0","1","0","TRUE","MON","TV","M","FR1"
"2025-W35","TV35916289","TV35916289A","2781460","2025-08-25","2025-08-22","301:2 302:2 303:2 304:2 305:2 306:2 307:1 308:1","VE_Gordon-Sthlm","0","1","0","TRUE","MON","TV","L","FR1"
"2025-W35","TV35916326","TV35916326A","2767043","2025-08-25","2025-08-22","301:1 302:1 304:1 307:1 309:1 314:1","VE_Gordon-Goteborg","0","1","0","TRUE","MON","TV","S","FR1"
"2025-W35","TV35914918","TV35914918A","2821717","2025-08-25","2025-08-22","301:1 302:1 303:4 304:2 305:3 307:1 317:2","VE_Gordon-Vasteras","1","1","0","TRUE","MON","TV","L","FR1 + WB1"
"2025-W35","TV35915990","TV35915990A","2817691","2025-08-25","2025-08-22","301:3 304:3 305:3 312:2 313:3","VE_Gordon-Goteborg","0","1","0","TRUE","MON","TV","L","FR1"
"2025-W35","TV35916320","TV35916320A","2817836","2025-08-25","2025-08-22","301:2 304:1 305:1 310:1 312:2 313:1","VE_Gordon-Goteborg","0","1","0","TRUE","MON","TV","M","FR1"
"2025-W35","TV35914865","TV35914865A","2821587","2025-08-25","2025-08-22","301:2 302:2 303:2 304:2 305:2 306:2 307:1 308:1","VE_Gordon-Sthlm","1","1","0","TRUE","MON","TV","L","FR1 + WB1"
"2025-W35","TV35915598","TV35915598A","2820480","2025-08-25","2025-08-22","301:1 302:1 303:1 304:1 305:1 306:1","VE_Gordon-Uppsala","0","1","0","TRUE","MON","TV","S","FR1"
"2025-W35","TV35915080","TV35915080A","2822011","2025-08-25","2025-08-22","303:1 306:1 308:1 316:1","VE_Gordon-Goteborg","1","1","0","TRUE","MON","TV","S","FR1 + WB1"
"2025-W35","TV35915658","TV35915658A","2811856","2025-08-25","2025-08-22","306:1 308:2 311:3 312:3 313:2 315:1","VE_Gordon-Sthlm","0","1","0","TRUE","MON","TV","M","FR1"
"2025-W35","TV35915917","TV35915917A","2803552","2025-08-25","2025-08-22","303:1 304:1 306:1 307:1","VE_Gordon-Sthlm","0","1","0","TRUE","MON","TV","S","FR1"
"2025-W35","TV35915707","TV35915707A","2819346","2025-08-25","2025-08-22","301:1 302:1 303:1 304:1 305:1 306:1","VE_MBB-Mma-MBB","0","1","0","TRUE","MON","TV","S","FR1"
"2025-W35","TV35915550","TV35915550A","2784482","2025-08-25","2025-08-22","301:2 304:2 305:2 312:1 313:1","VE_Gordon-Umea","0","1","0","TRUE","MON","TV","M","FR1"
"2025-W35","TV35916059","TV35916059A","2766296","2025-08-26","2025-08-22","301:1 303:1 304:1 310:1 312:1 314:1","VE_Gordon-Sthlm","0","1","0","TRUE","TUE","TV","S","FR1"
"2025-W35","TV35915086","TV35915086A","2783517","2025-08-25","2025-08-22","302:1 305:1 306:1 317:1","VE_Gordon-Sthlm","1","1","0","TRUE","MON","TV","S","FR1 + WB1"
"2025-W35","TV35914841","TV35914841A","2821542","2025-08-25","2025-08-22","301:2 305:1 308:1 312:1 313:1","VE_Gordon-Goteborg","1","1","0","TRUE","MON","TV","S","FR1 + WB1"
"2025-W35","TV35915566","TV35915566A","2781799","2025-08-25","2025-08-22","301:1 302:1 305:1 314:1","VE_Gordon-Goteborg","0","1","0","TRUE","MON","TV","S","FR1"
"2025-W35","TV35915197","TV35915197A","2775139","2025-08-24","2025-08-22","301:2 305:1 311:1 313:1 314:1","VE_Gordon-Malmo","0","1","0","TRUE","SUN","TV","S","FR1"
"2025-W35","TV35915488","TV35915488A","2796109","2025-08-25","2025-08-22","303:2 304:1 306:1 307:1 308:1","VE_Gordon-Uppsala","0","1","0","TRUE","MON","TV","S","FR1"
"2025-W35","TV35916063","TV35916063A","2820651","2025-08-25","2025-08-22","301:1 302:1 303:1 304:1 305:1 306:1 307:1 308:1","VE_Gordon-Sthlm","0","1","0","TRUE","MON","TV","M","FR1"
"2025-W35","TV35915446","TV35915446A","2805671","2025-08-25","2025-08-22","308:1 309:1 310:1 312:1","VE_Gordon-Vasteras","0","1","0","TRUE","MON","TV","S","FR1"
"2025-W35","TV35916156","TV35916156A","2820336","2025-08-25","2025-08-22","301:2 304:2 305:2 312:2 313:2","VE_Gordon-Sthlm","0","1","0","TRUE","MON","TV","M","FR1"
"2025-W35","TV35915802","TV35915802A","2781603","2025-08-25","2025-08-22","301:3 304:3 305:3 312:2 313:3","VE_Gordon-Malmo","0","1","0","TRUE","MON","TV","L","FR1"
"2025-W35","TV35915456","TV35915456A","2820971","2025-08-25","2025-08-22","303:2 304:1 306:1 307:1 308:1","VE_Gordon-Vasteras","0","1","0","TRUE","MON","TV","S","FR1"
"2025-W35","TV35915860","TV35915860A","2758107","2025-08-26","2025-08-22","301:2 303:1 314:3 317:2","VE_MBB-Mma-MBB","0","1","0","TRUE","TUE","TV","M","FR1"
"2025-W35","TV35915747","TV35915747A","2764613","2025-08-25","2025-08-22","303:2 304:2 306:2 307:1 308:1","VE_Gordon-Goteborg","0","1","0","TRUE","MON","TV","M","FR1"
"2025-W35","TV35915934","TV35915934A","2819549","2025-08-25","2025-08-22","301:2 304:1 305:1 312:1 313:1","VE_Gordon-Uppsala","0","1","0","TRUE","MON","TV","S","FR1"
"2025-W35","TV35916268","TV35916268A","2820431","2025-08-25","2025-08-22","301:2 304:1 305:1 312:1 313:1","VE_Gordon-Vasteras","0","1","0","TRUE","MON","TV","S","FR1"
"2025-W35","TV35915941","TV35915941A","2820688","2025-08-25","2025-08-22","304:1 306:1 307:1 308:1 311:1 312:1","VE_Gordon-Sthlm","0","1","0","TRUE","MON","TV","S","FR1"
"2025-W35","TV35915936","TV35915936A","2809565","2025-08-25","2025-08-22","304:2 307:2 312:2 318:2","VE_Gordon-Uppsala","0","1","0","TRUE","MON","TV","M","FR1"
"2025-W35","TV35915690","TV35915690A","2819727","2025-08-25","2025-08-22","301:4 302:4 305:3 318:3","VE_Gordon-Vasteras","0","1","0","TRUE","MON","TV","L","FR1"
"2025-W35","TV35915391","TV35915391A","2803055","2025-08-25","2025-08-22","301:2 304:2 305:2 312:1 313:1","VE_Gordon-Sthlm","1","1","0","TRUE","MON","TV","M","FR1 + WB1"
"2025-W35","TV35915822","TV35915822A","2799642","2025-08-25","2025-08-22","301:3 302:3 305:2 314:2","VE_Gordon-Malmo","0","1","0","TRUE","MON","TV","M","FR1"
"2025-W35","TV35915167","TV35915167A","2822161","2025-08-25","2025-08-22","301:3 302:3 305:2 318:2","VE_Gordon-Goteborg","1","1","0","TRUE","MON","TV","M","FR1 + WB1"
"2025-W35","TV35915353","TV35915353A","2822270","2025-08-25","2025-08-22","301:2 302:1 304:3 305:3 312:2 313:2 318:1","VE_Gordon-Goteborg","1","1","0","TRUE","MON","TV","L","FR1 + WB1"
"2025-W35","TV35915458","TV35915458A","2820482","2025-08-25","2025-08-22","301:1 302:1 307:1 312:1 315:1 317:1","VE_Gordon-Vasteras","0","1","0","TRUE","MON","TV","S","FR1"
"2025-W35","TV35915865","TV35915865A","2786958","2025-08-25","2025-08-22","301:2 303:1 304:1","VE_Gordon-Sthlm","0","1","0","TRUE","MON","TV","S","FR1"
"2025-W35","TV35915988","TV35915988A","2815186","2025-08-25","2025-08-22","301:1 302:1 303:1 304:1","VE_Gordon-Goteborg","0","1","0","TRUE","MON","TV","S","FR1"
"2025-W35","TV35915947","TV35915947A","2801548","2025-08-25","2025-08-22","302:2 304:1 305:1","VE_Gordon-Goteborg","0","1","0","TRUE","MON","TV","S","FR1"
"2025-W35","TV35915325","TV35915325A","2820573","2025-08-24","2025-08-22","301:1 302:1 303:1 305:1 309:1 311:1 314:1 318:1","VE_Gordon-Malmo","1","1","0","TRUE","SUN","TV","M","FR1"
"2025-W35","TV35915260","TV35915260A","2817712","2025-08-24","2025-08-22","301:1 302:1 304:1 310:1 312:1 314:1","VE_Gordon-Vasteras","0","1","0","TRUE","SUN","TV","S","FR1"
"2025-W35","TV35915327","TV35915327A","2821363","2025-08-24","2025-08-22","301:1 302:1 303:3 305:1 307:2 315:3 316:2 318:1","VE_Gordon-Linkoping","1","1","0","TRUE","SUN","TV","L","FR1"
"2025-W35","TV35915262","TV35915262A","2819795","2025-08-24","2025-08-22","301:1 302:1 303:1 304:1 305:1 306:1 307:1 308:1","VE_Gordon-Linkoping","0","1","0","TRUE","SUN","TV","M","FR1"
"2025-W35","TV35915282","TV35915282A","2779540","2025-08-24","2025-08-22","301:2 304:2 305:2 312:1 313:1","VE_Gordon-Sthlm","0","1","0","TRUE","SUN","TV","M","FR1"
"2025-W35","TV35915212","TV35915212A","2759793","2025-08-24","2025-08-22","304:1 309:1 312:1 314:1 315:2","VE_Gordon-Sthlm","0","1","0","TRUE","SUN","TV","S","FR1"
"2025-W35","TV35915655","TV35915655A","2819283","2025-08-25","2025-08-22","301:1 302:1 303:1 304:1 305:1 306:1 308:1 309:1 311:1 312:1 313:1 316:1","VE_Gordon-Goteborg","0","1","0","TRUE","MON","TV","M","FR1"
"2025-W35","TV35915971","TV35915971A","2821088","2025-08-25","2025-08-22","301:2 302:2 303:2 304:2 305:2 306:2 307:1 308:1","VE_Gordon-Sthlm","0","1","0","TRUE","MON","TV","L","FR1"
"2025-W35","TV35916029","TV35916029A","2818411","2025-08-25","2025-08-22","301:2 302:2 303:1 304:1 305:1 306:1 307:1 308:1","VE_Gordon-Halmstad","0","1","0","TRUE","MON","TV","M","FR1"
"2025-W35","TV35915173","TV35915173A","2822183","2025-08-25","2025-08-22","304:3 305:3 307:3 312:2 313:3","VE_Gordon-Goteborg","1","1","0","TRUE","MON","TV","L","FR1 + WB1"
"2025-W35","TV35914805","TV35914805A","2821475","2025-08-25","2025-08-22","301:1 302:1 304:1 305:1 307:1 308:1 311:1 315:1","VE_Gordon-Sthlm","1","1","0","TRUE","MON","TV","M","FR1 + WB1"
"2025-W35","TV35914787","TV35914787A","2821439","2025-08-25","2025-08-22","302:1 303:1 305:1 306:1 307:1 311:1 314:1 318:1","VE_Gordon-Sthlm","1","1","0","TRUE","MON","TV","M","FR1 + WB1"
"2025-W35","TV35915519","TV35915519A","2821335","2025-08-25","2025-08-22","301:1 307:1 308:1 315:1 316:1 318:1","VE_Gordon-Malmo","0","1","0","TRUE","MON","TV","S","FR1"
"2025-W35","TV35916217","TV35916217A","2800016","2025-08-25","2025-08-22","303:1 304:1 305:1 306:1 307:1 315:1 316:1 317:1 809:4","VE_Gordon-Sthlm","0","1","0","TRUE","MON","TV","M","FR1"
"2025-W35","TV35915516","TV35915516A","2820492","2025-08-25","2025-08-22","301:2 304:2 305:2 312:2 313:2","VE_Gordon-Goteborg","0","1","0","TRUE","MON","TV","M","FR1"
"2025-W35","TV35916307","TV35916307A","2757547","2025-08-25","2025-08-22","301:1 304:1 305:1 313:1","VE_Gordon-Malmo","0","1","0","TRUE","MON","TV","S","FR1"
"2025-W35","TV35915787","TV35915787A","2802171","2025-08-25","2025-08-22","303:2 304:1 306:1 307:1 308:1","VE_Gordon-Sthlm","0","1","0","TRUE","MON","TV","S","FR1"
"2025-W35","TV35915821","TV35915821A","2798014","2025-08-25","2025-08-22","303:3 304:3 306:3 307:3 308:2","VE_Gordon-Goteborg","0","1","0","TRUE","MON","TV","L","FR1"
"2025-W35","TV35915281","TV35915281A","2777339","2025-08-24","2025-08-22","301:2 305:2 307:1 318:1","VE_Gordon-Sthlm","0","1","0","TRUE","SUN","TV","S","FR1"
"2025-W35","TV35914860","TV35914860A","2787910","2025-08-24","2025-08-22","301:2 302:2 305:1 307:3 308:1 311:2 314:1 317:2","VE_Gordon-Goteborg","1","1","0","TRUE","SUN","TV","L","FR1 + WB1"
"2025-W35","TV35916045","TV35916045A","2818451","2025-08-25","2025-08-22","303:2 312:1 315:1","VE_Gordon-Sthlm","0","1","0","TRUE","MON","TV","S","FR1"
"2025-W35","TV35916152","TV35916152A","2812705","2025-08-25","2025-08-22","301:1 304:1 314:1 315:1","VE_Gordon-Sthlm","0","1","0","TRUE","MON","TV","S","FR1"
"2025-W35","TV35915740","TV35915740A","2817728","2025-08-25","2025-08-22","301:2 304:1 305:1 312:1 313:1","VE_Gordon-Vasteras","0","1","0","TRUE","MON","TV","S","FR1"
"2025-W35","TV35916100","TV35916100A","2817901","2025-08-25","2025-08-22","301:1 302:1 303:1 304:1 305:1 306:1 307:1 308:1","VE_Gordon-Goteborg","0","1","0","TRUE","MON","TV","M","FR1"
"2025-W35","TV35915696","TV35915696A","2819718","2025-08-25","2025-08-22","301:2 304:2 305:2 312:2 313:2","VE_Gordon-Sthlm","0","1","0","TRUE","MON","TV","M","FR1"
"2025-W35","TV35914971","TV35914971A","2810353","2025-08-25","2025-08-22","301:3 305:3 312:2 313:3 314:2 315:1","VE_Gordon-Sthlm","1","1","0","TRUE","MON","TV","L","FR1 + WB1"
"2025-W35","TV35916350","TV35916350A","2795870","2025-08-25","2025-08-22","304:1 307:1 310:1 315:1","VE_Gordon-Sthlm","0","1","0","TRUE","MON","TV","S","FR1"
"2025-W35","TV35915765","TV35915765A","2820593","2025-08-25","2025-08-22","301:2 302:2 303:2 304:2 305:2 306:2 307:1 308:1","VE_Gordon-Sthlm","0","1","0","TRUE","MON","TV","L","FR1"
"2025-W35","TV35915768","TV35915768A","2788935","2025-08-25","2025-08-22","301:3 305:2 308:1 317:2 806:1","VE_Gordon-Uppsala","0","1","0","TRUE","MON","TV","M","FR1"
"2025-W35","TV35916261","TV35916261A","2818238","2025-08-25","2025-08-22","303:1 304:1 305:1 306:1 307:1 308:1 316:1 317:1","VE_Gordon-Vaxjo","0","1","0","TRUE","MON","TV","M","FR1"
"2025-W35","TV35916024","TV35916024A","2818903","2025-08-25","2025-08-22","302:2 303:2 304:2 305:2 306:2 308:2","VE_Gordon-Vaxjo","0","1","0","TRUE","MON","TV","M","FR1"
"2025-W35","TV35915723","TV35915723A","2821371","2025-08-25","2025-08-22","301:2 302:2 303:1 304:1 305:1 306:1 307:1 308:1","VE_Gordon-Sthlm","1","1","0","TRUE","MON","TV","M","FR1"
"2025-W35","TV35916151","TV35916151A","2821049","2025-08-25","2025-08-22","301:1 302:1 303:1 304:1","VE_Gordon-Sthlm","0","1","0","TRUE","MON","TV","S","FR1"
"2025-W35","TV35915431","TV35915431A","2813686","2025-08-25","2025-08-22","301:2 302:2 305:2 314:2","VE_Gordon-Sthlm","0","1","0","TRUE","MON","TV","M","FR1"
"2025-W35","TV35915117","TV35915117A","2756321","2025-08-25","2025-08-22","301:1 302:1 305:1 314:1","VE_Gordon-Goteborg","1","1","0","TRUE","MON","TV","S","FR1 + WB1"
"2025-W35","TV35915849","TV35915849A","2817743","2025-08-25","2025-08-22","301:2 304:1 305:1 312:1 313:1","VE_Gordon-Linkoping","0","1","0","TRUE","MON","TV","S","FR1"
"2025-W35","TV35914965","TV35914965A","2821813","2025-08-25","2025-08-22","301:1 304:1 305:1 312:3","VE_Gordon-Sthlm","1","1","0","TRUE","MON","TV","S","FR1 + WB1"
"2025-W35","TV35916040","TV35916040A","2774347","2025-08-25","2025-08-22","301:2 304:2 313:2 314:2 317:2 806:2","VE_Gordon-Goteborg","0","1","0","TRUE","MON","TV","M","FR1"
"2025-W35","TV35915384","TV35915384A","2822332","2025-08-25","2025-08-22","301:1 302:1 303:1 308:1 311:1 316:1","VE_MBB-Mma-MBB","1","1","0","TRUE","MON","TV","S","FR1 + WB1"
"2025-W35","TV35915645","TV35915645A","2806019","2025-08-25","2025-08-22","301:2 302:2 314:1 318:1","VE_Gordon-Vasteras","0","1","0","TRUE","MON","TV","S","FR1"
"2025-W35","TV35916162","TV35916162A","2784994","2025-08-25","2025-08-22","301:2 302:1 306:2 312:3 313:4","VE_Gordon-Vasteras","0","1","0","TRUE","MON","TV","M","FR1"
"2025-W35","TV35915951","TV35915951A","2764048","2025-08-25","2025-08-22","301:1 304:1 305:1 313:1","VE_Gordon-Sthlm","0","1","0","TRUE","MON","TV","S","FR1"
"2025-W35","TV35916081","TV35916081A","2820684","2025-08-25","2025-08-22","301:1 302:1 304:1 305:1","VE_Gordon-Goteborg","0","1","0","TRUE","MON","TV","S","FR1"
"2025-W35","TV35916188","TV35916188A","2819636","2025-08-25","2025-08-22","301:2 304:1 305:1 312:1 313:1","VE_Gordon-Sthlm","0","1","0","TRUE","MON","TV","S","FR1"
"2025-W35","TV35915266","TV35915266A","2820696","2025-08-24","2025-08-22","301:2 302:1 303:2 305:2 306:1 307:1 315:1 316:1 317:1 318:2","VE_Gordon-Malmo","1","1","0","TRUE","SUN","TV","L","FR1"
"2025-W35","TV35915249","TV35915249A","2819979","2025-08-24","2025-08-22","303:1 304:1 305:1 307:1 312:1 313:1 315:2","VE_Gordon-Malmo","0","1","0","TRUE","SUN","TV","M","FR1"
"2025-W35","TV35915222","TV35915222A","2820841","2025-08-24","2025-08-22","301:1 303:1 305:1 306:1 315:2 317:2","VE_Gordon-Malmo","1","1","0","TRUE","SUN","TV","M","FR1"
"2025-W35","TV35913851","TV35913851A","2821384","2025-08-24","2025-08-22","301:1 302:2 304:1 309:1 310:1 311:1 312:1 314:1 318:1","VE_Gordon-Sthlm","1","1","0","TRUE","SUN","TV","M","FR1 + WB1"
"2025-W35","TV35915235","TV35915235A","2819945","2025-08-24","2025-08-22","301:1 302:1 305:1 314:1 317:1 318:1","VE_Gordon-Sthlm","0","1","0","TRUE","SUN","TV","S","FR1"
"2025-W35","TV35915833","TV35915833A","2818922","2025-08-25","2025-08-22","301:2 304:2 305:2 312:1 313:1","VE_Gordon-Sthlm","0","1","0","TRUE","MON","TV","M","FR1"
"2025-W35","TV35915376","TV35915376A","2822313","2025-08-25","2025-08-22","301:1 305:1 307:1 313:1 317:1 318:1","VE_Gordon-Goteborg","1","1","0","TRUE","MON","TV","S","FR1 + WB1"
"2025-W35","TV35916203","TV35916203A","2820501","2025-08-25","2025-08-22","312:2 313:2","VE_Gordon-Goteborg","0","1","0","TRUE","MON","TV","S","FR1"
"2025-W35","TV35914798","TV35914798A","2821453","2025-08-25","2025-08-22","301:1 302:1 303:1 304:1 305:1 306:1 307:1 308:1","VE_Gordon-Sthlm","1","1","0","TRUE","MON","TV","M","FR1 + WB1"
"2025-W35","TV35914969","TV35914969A","2821820","2025-08-25","2025-08-22","301:1 304:1 305:1 313:1","VE_Gordon-Sthlm","1","1","0","TRUE","MON","TV","S","FR1 + WB1"
"2025-W35","TV35915843","TV35915843A","2821316","2025-08-25","2025-08-22","301:2 302:2 303:2 304:2 305:1 306:1 307:1 308:1","VE_Gordon-Vasteras","0","1","0","TRUE","MON","TV","M","FR1"
"2025-W35","TV35915176","TV35915176A","2822191","2025-08-25","2025-08-22","301:3 302:3 303:3 304:1 305:2 314:1 315:1","VE_Gordon-Sthlm","1","1","0","TRUE","MON","TV","L","FR1 + WB1"
"2025-W35","TV35915724","TV35915724A","2817351","2025-08-25","2025-08-22","302:2 305:1 314:1 317:1 318:1","VE_Gordon-Sthlm","0","1","0","TRUE","MON","TV","S","FR1"
"2025-W35","TV35909286","TV35909286A","2762029","2025-08-25","2025-08-22","301:2 303:2 305:2 306:2 307:1 317:1","VE_Gordon-Umea","0","1","0","TRUE","MON","TV","M","FR1"
"2025-W35","TV35915439","TV35915439A","2818877","2025-08-25","2025-08-22","301:1 302:1 303:1 304:2 306:1 308:2 806:1","VE_Gordon-Sthlm","0","1","0","TRUE","MON","TV","M","FR1"
"2025-W35","TV35915979","TV35915979A","2820229","2025-08-25","2025-08-22","301:3 304:3 305:3 312:2 313:3","VE_Gordon-Sthlm","0","1","0","TRUE","MON","TV","L","FR1"
"2025-W35","TV35915651","TV35915651A","2818894","2025-08-25","2025-08-22","301:2 304:2 305:2 312:1 313:1","VE_Gordon-Uppsala","0","1","0","TRUE","MON","TV","M","FR1"
"2025-W35","TV35916131","TV35916131A","2816837","2025-08-25","2025-08-22","301:1 303:1 308:1 312:1 315:1 317:1","VE_Gordon-Malmo","0","1","0","TRUE","MON","TV","S","FR1"
"2025-W35","TV35915614","TV35915614A","2796886","2025-08-25","2025-08-22","308:2 309:2 310:1 312:1","VE_Gordon-Malmo","0","1","0","TRUE","MON","TV","S","FR1"
"2025-W35","TV35914794","TV35914794A","2759879","2025-08-25","2025-08-22","302:2 304:2 306:2 307:2 315:2","VE_Gordon-Uppsala","1","1","0","TRUE","MON","TV","M","FR1 + WB1"
"2025-W35","TV35915859","TV35915859A","2820732","2025-08-26","2025-08-22","301:1 302:1 303:1 314:1","VE_Gordon-Goteborg","0","1","0","TRUE","TUE","TV","S","FR1"
"2025-W35","TV35915505","TV35915505A","2801083","2025-08-25","2025-08-22","301:2 302:3 303:1 304:3 306:1 308:1 312:1 313:2","VE_Gordon-Goteborg","0","1","0","TRUE","MON","TV","L","FR1"
"2025-W35","TV35916065","TV35916065A","2783489","2025-08-25","2025-08-22","301:1 314:1 315:1 317:1","VE_Gordon-Sthlm","0","1","0","TRUE","MON","TV","S","FR1"
"2025-W35","TV35916055","TV35916055A","2819941","2025-08-25","2025-08-22","301:2 304:2 305:2 312:1 313:1","VE_Gordon-Sthlm","0","1","0","TRUE","MON","TV","M","FR1"
"2025-W35","TV35914829","TV35914829A","2821517","2025-08-25","2025-08-22","302:1 303:1 304:1 312:1 314:1 315:1","VE_Gordon-Goteborg","1","1","0","TRUE","MON","TV","S","FR1 + WB1"
"2025-W35","TV35916348","TV35916348A","2788762","2025-08-25","2025-08-22","301:1 302:1 305:1 314:1","VE_Gordon-Sthlm","0","1","0","TRUE","MON","TV","S","FR1"
"2025-W35","TV35915744","TV35915744A","2818679","2025-08-25","2025-08-22","301:2 304:2 305:2 312:2 313:2","VE_Gordon-Sthlm","0","1","0","TRUE","MON","TV","M","FR1"
"2025-W35","TV35915883","TV35915883A","2756442","2025-08-25","2025-08-22","304:2 308:1 311:1 312:1 314:2","VE_MBB-Mma-MBB","0","1","0","TRUE","MON","TV","M","FR1"
"2025-W35","TV35915984","TV35915984A","2804167","2025-08-25","2025-08-22","301:2 302:2 303:2 304:2 305:1 306:1 307:1 308:1","VE_Gordon-Sthlm","0","1","0","TRUE","MON","TV","M","FR1"
"2025-W35","TV35916365","TV35916365A","2821294","2025-08-25","2025-08-22","301:2 302:2 303:1 305:1","VE_Gordon-Sthlm","0","1","0","TRUE","MON","TV","S","FR1"
"2025-W35","TV35914826","TV35914826A","2755757","2025-08-25","2025-08-22","301:2 303:1 304:1 305:2 308:1 311:1 312:2 313:2 315:2","VE_Gordon-Sthlm","1","1","0","TRUE","MON","TV","L","FR1 + WB1"
"2025-W35","TV35915052","TV35915052A","2821974","2025-08-26","2025-08-22","301:3 302:3 305:2 314:2","VE_Gordon-Gotland","1","1","0","TRUE","TUE","TV","M","FR1 + WB1"
"2025-W35","TV35915981","TV35915981A","2761691","2025-08-25","2025-08-22","303:1 308:1 312:1 317:1","VE_Gordon-Sthlm","0","1","0","TRUE","MON","TV","S","FR1"
"2025-W35","TV35916318","TV35916318A","2820780","2025-08-25","2025-08-22","301:2 304:1 305:1 312:1 313:1","VE_Gordon-Sthlm","0","1","0","TRUE","MON","TV","S","FR1"
"2025-W35","TV35916004","TV35916004A","2819016","2025-08-25","2025-08-22","301:1 302:1 304:1 305:1 306:1 317:1","VE_MBB-Mma-MBB","0","1","0","TRUE","MON","TV","S","FR1"
"2025-W35","TV35916330","TV35916330A","2804927","2025-08-25","2025-08-22","301:2 302:2 305:1 308:2 311:1 312:1 314:1","VE_Gordon-Sthlm","0","1","0","TRUE","MON","TV","M","FR1"
"2025-W35","TV35915346","TV35915346A","2822256","2025-08-25","2025-08-22","301:2 312:2 313:2","VE_Gordon-Sthlm","1","1","0","TRUE","MON","TV","S","FR1 + WB1"
"2025-W35","TV35915136","TV35915136A","2822112","2025-08-24","2025-08-22","301:1 302:1 303:1 304:1 307:1 308:1 309:1 310:1 312:1 316:1","VE_Gordon-Sthlm","1","1","0","TRUE","SUN","TV","M","FR1 + WB1"
"2025-W35","TV35914874","TV35914874A","2821611","2025-08-24","2025-08-22","301:1 302:2 304:1 309:1 312:1 314:1 317:1 318:2","VE_Gordon-Goteborg","1","1","0","TRUE","SUN","TV","M","FR1 + WB1"
"2025-W35","TV35914968","TV35914968A","2821818","2025-08-24","2025-08-22","301:4 302:4 305:3 314:3","VE_Gordon-Malmo","1","1","0","TRUE","SUN","TV","L","FR1 + WB1"
"2025-W35","TV35915240","TV35915240A","2819376","2025-08-24","2025-08-22","303:2 306:2 310:2 312:2 314:2 315:2 316:2","VE_Gordon-Sthlm","0","1","0","TRUE","SUN","TV","L","FR1"
"2025-W35","TV35915263","TV35915263A","2821127","2025-08-24","2025-08-22","302:1 303:1 304:1 305:1 306:1 315:1","VE_Gordon-Sthlm","1","1","0","TRUE","SUN","TV","S","FR1"
"2025-W35","TV35915279","TV35915279A","2787366","2025-08-24","2025-08-22","301:1 302:2 305:1 314:1 318:1","VE_Gordon-Goteborg","0","1","0","TRUE","SUN","TV","S","FR1"
"2025-W35","TV35916179","TV35916179A","2810209","2025-08-25","2025-08-22","305:1 306:1 307:1 308:1 311:1 312:1 313:1 314:1 317:1 318:1","VE_Gordon-Sthlm","0","1","0","TRUE","MON","TV","M","FR1"
"2025-W35","TV35916258","TV35916258A","2785203","2025-08-25","2025-08-22","301:1 302:1 304:1 308:1 310:1 311:1 314:1 805:2 809:1 810:1","VE_MBB-Mma-MBB","0","1","0","TRUE","MON","TV","M","FR1"
"2025-W35","TV35915791","TV35915791A","2820152","2025-08-25","2025-08-22","301:2 302:2 303:1 304:1 305:1 306:1 307:1 308:1","VE_Gordon-Sthlm","0","1","0","TRUE","MON","TV","M","FR1"
"2025-W35","TV35916328","TV35916328A","2804924","2025-08-25","2025-08-22","301:4 302:4 305:3 314:3","VE_Gordon-Linkoping","0","1","0","TRUE","MON","TV","L","FR1"
"2025-W35","TV35915647","TV35915647A","2817250","2025-08-25","2025-08-22","301:2 302:2 305:2 308:1 312:1 314:2","VE_Gordon-Sthlm","0","1","0","TRUE","MON","TV","M","FR1"
"2025-W35","TV35916322","TV35916322A","2819762","2025-08-25","2025-08-22","302:3 303:2 304:3 308:2 309:2 317:2","VE_Gordon-Sthlm","0","1","0","TRUE","MON","TV","L","FR1"
"2025-W35","TV35914785","TV35914785A","2787983","2025-08-25","2025-08-22","301:2 302:2 303:1 304:1 305:1 306:1 307:1 308:1","VE_Gordon-Goteborg","1","1","0","TRUE","MON","TV","M","FR1 + WB1"
"2025-W35","TV35915476","TV35915476A","2819841","2025-08-25","2025-08-22","301:1 304:1 305:1 313:1","VE_Gordon-Umea","0","1","0","TRUE","MON","TV","S","FR1"
"2025-W35","TV35914947","TV35914947A","2821772","2025-08-25","2025-08-22","301:3 307:1 315:1 318:1","VE_Gordon-Sthlm","1","1","0","TRUE","MON","TV","S","FR1 + WB1"
"2025-W35","TV35915946","TV35915946A","2821336","2025-08-25","2025-08-22","301:1 312:1 313:1 315:1","VE_Gordon-Sthlm","0","1","0","TRUE","MON","TV","S","FR1"
"2025-W35","TV35915559","TV35915559A","2812051","2025-08-25","2025-08-22","301:3 304:3 305:3 312:2 313:3","VE_Gordon-Uppsala","0","1","0","TRUE","MON","TV","L","FR1"
"2025-W35","TV35915215","TV35915215A","2820245","2025-08-24","2025-08-22","303:1 304:1 312:1 316:1","VE_Gordon-Goteborg","0","1","0","TRUE","SUN","TV","S","FR1"
"2025-W35","TV35915298","TV35915298A","2819654","2025-08-24","2025-08-22","301:2 302:2 304:2 307:2 316:2","VE_Gordon-Goteborg","0","1","0","TRUE","SUN","TV","M","FR1"
"2025-W35","TV35915993","TV35915993A","2821002","2025-08-25","2025-08-22","304:2 308:2 311:2 315:2","VE_Gordon-Sthlm","0","1","0","TRUE","MON","TV","M","FR1"
"2025-W35","TV35915433","TV35915433A","2766333","2025-08-25","2025-08-22","302:1 304:1 306:1 309:1 311:1 317:1","VE_Gordon-Sthlm","0","1","0","TRUE","MON","TV","S","FR1"
"2025-W35","TV35915121","TV35915121A","2822079","2025-08-25","2025-08-22","301:1 302:1 303:1 304:1 305:1 306:1 307:1 308:1","VE_Gordon-Vasteras","1","1","0","TRUE","MON","TV","M","FR1 + WB1"
"2025-W35","TV35916357","TV35916357A","2816351","2025-08-25","2025-08-22","302:1 303:1 308:1 315:1","VE_Gordon-Malmo","0","1","0","TRUE","MON","TV","S","FR1"
"2025-W35","TV35915577","TV35915577A","2803996","2025-08-25","2025-08-22","301:1 302:1 305:1 308:1 312:1 313:1","VE_Gordon-Sthlm","0","1","0","TRUE","MON","TV","S","FR1"
"2025-W35","TV35915156","TV35915156A","2822140","2025-08-25","2025-08-22","301:1 302:1 306:1 311:1 312:1 318:1","VE_Gordon-Halmstad","1","1","0","TRUE","MON","TV","S","FR1 + WB1"
"2025-W35","TV35914928","TV35914928A","2821732","2025-08-25","2025-08-22","304:2 306:2 311:2 312:2 314:2","VE_Gordon-Sthlm","1","1","0","TRUE","MON","TV","M","FR1 + WB1"
"2025-W35","TV35915851","TV35915851A","2780941","2025-08-25","2025-08-22","301:2 304:2 305:2 312:1 313:1","VE_Gordon-Goteborg","0","1","0","TRUE","MON","TV","M","FR1"
"2025-W35","TV35915648","TV35915648A","2765209","2025-08-25","2025-08-22","301:1 308:1 314:2","VE_Gordon-Sthlm","0","1","0","TRUE","MON","TV","S","FR1"
"2025-W35","TV35914920","TV35914920A","2821723","2025-08-25","2025-08-22","301:1 302:1 314:1 318:1","VE_Gordon-Malmo","1","1","0","TRUE","MON","TV","S","FR1 + WB1"
"2025-W35","TV35915938","TV35915938A","2817751","2025-08-25","2025-08-22","304:10:00","VE_Gordon-Goteborg","0","1","0","TRUE","MON","TV","M","FR1"
"2025-W35","TV35915303","TV35915303A","2820702","2025-08-24","2025-08-22","301:2 302:2 303:2 304:2 305:2 306:2 307:1 318:1","VE_Gordon-Uppsala","1","1","0","TRUE","SUN","TV","L","FR1"
"2025-W35","TV35915219","TV35915219A","2819197","2025-08-24","2025-08-22","302:1 304:1 311:1 312:1 314:1 315:1","VE_Gordon-Malmo","0","1","0","TRUE","SUN","TV","S","FR1"
"2025-W35","TV35915203","TV35915203A","2821013","2025-08-24","2025-08-22","309:5 310:5","VE_MBB-Mma-MBB","1","1","0","TRUE","SUN","TV","M","FR1"
"2025-W35","TV35915950","TV35915950A","2756404","2025-08-25","2025-08-22","301:2 303:1 304:3 313:2 315:1 316:1","VE_Gordon-Malmo","0","1","0","TRUE","MON","TV","M","FR1"
"2025-W35","TV35916120","TV35916120A","2818266","2025-08-25","2025-08-22","301:2 302:2 303:1 304:1 305:1 306:1 307:1 308:1","VE_Gordon-Vasteras","0","1","0","TRUE","MON","TV","M","FR1"
"2025-W35","TV35915742","TV35915742A","2821274","2025-08-26","2025-08-22","301:2 302:2 303:2 304:2 305:2 306:2 307:1 308:1","VE_Gordon-Goteborg","0","1","0","TRUE","TUE","TV","L","FR1"
"2025-W35","TV35915368","TV35915368A","2797038","2025-08-25","2025-08-22","301:2 302:2 304:1 305:1 306:1 307:1 310:1 314:1 316:1 318:3","VE_Gordon-Vasteras","1","1","0","TRUE","MON","TV","L","FR1 + WB1"
"2025-W35","TV35915063","TV35915063A","2754942","2025-08-26","2025-08-22","301:1 302:1 303:1 306:1 307:1 308:1 311:1 318:1","VE_Gordon-Goteborg","1","1","0","TRUE","TUE","TV","M","FR1 + WB1"
"2025-W35","TV35916356","TV35916356A","2818759","2025-08-25","2025-08-22","301:2 304:2 305:2 312:2 313:2","VE_Gordon-Sthlm","0","1","0","TRUE","MON","TV","M","FR1"
"2025-W35","TV35915415","TV35915415A","2773693","2025-08-25","2025-08-22","301:1 302:1 303:1 304:1 305:1 306:1","VE_Gordon-Sthlm","0","1","0","TRUE","MON","TV","S","FR1"
"2025-W35","TV35916323","TV35916323A","2819345","2025-08-25","2025-08-22","303:2 304:2 306:2 307:2 308:2","VE_Gordon-Malmo","0","1","0","TRUE","MON","TV","M","FR1"
"2025-W35","TV35915365","TV35915365A","2822296","2025-08-25","2025-08-22","301:1 302:1 303:1 305:1 306:1 307:1 308:1 314:1","VE_Gordon-Umea","1","1","0","TRUE","MON","TV","M","FR1 + WB1"
"2025-W35","TV35915597","TV35915597A","2811338","2025-08-25","2025-08-22","301:2 305:1 312:1 315:1 317:1","VE_Gordon-Sthlm","0","1","0","TRUE","MON","TV","S","FR1"
"2025-W35","TV35914848","TV35914848A","2752034","2025-08-25","2025-08-22","301:1 302:1 303:1 308:1","VE_Gordon-Uppsala","1","1","0","TRUE","MON","TV","S","FR1 + WB1"
"2025-W35","TV35915930","TV35915930A","2751528","2025-08-25","2025-08-22","301:1 302:1 303:1 304:1 305:1 306:1","VE_Gordon-Sthlm","0","1","0","TRUE","MON","TV","S","FR1"
"2025-W35","TV35915610","TV35915610A","2820508","2025-08-25","2025-08-22","308:1 309:1 310:1 312:1","VE_MBB-Mma-MBB","0","1","0","TRUE","MON","TV","S","FR1"
"2025-W35","TV35916249","TV35916249A","2805039","2025-08-25","2025-08-22","301:2 302:2 305:1 314:1","VE_Gordon-Vaxjo","0","1","0","TRUE","MON","TV","S","FR1"
"2025-W35","TV35914828","TV35914828A","2821511","2025-08-25","2025-08-22","301:2 302:2 311:2 314:2 315:2","VE_Gordon-Goteborg","1","1","0","TRUE","MON","TV","M","FR1 + WB1"
"2025-W35","TV35916075","TV35916075A","2813536","2025-08-25","2025-08-22","308:2 311:2 314:4","VE_Gordon-Sthlm","0","1","0","TRUE","MON","TV","M","FR1"
"2025-W35","TV35915313","TV35915313A","2820878","2025-08-24","2025-08-22","303:2 304:2 306:2 307:2 308:2","VE_Gordon-Sthlm","1","1","0","TRUE","SUN","TV","M","FR1"
"2025-W35","TV35915112","TV35915112A","2822057","2025-08-24","2025-08-22","301:2 303:1 304:2 305:2 312:1 313:1 317:1","VE_Gordon-Sthlm","1","1","0","TRUE","SUN","TV","M","FR1 + WB1"
"2025-W35","TV35914939","TV35914939A","2821750","2025-08-24","2025-08-22","301:3 302:3 305:2 314:2","VE_Gordon-Sthlm","1","1","0","TRUE","SUN","TV","M","FR1 + WB1"
"2025-W35","TV35915507","TV35915507A","2821062","2025-08-25","2025-08-22","302:2 303:2 305:1 314:1 805:4 810:4","VE_Gordon-Vasteras","0","1","0","TRUE","MON","TV","L","FR1"
"2025-W35","TV35916001","TV35916001A","2792194","2025-08-25","2025-08-22","301:1 302:1 305:1 306:1 314:1 317:1","VE_Gordon-Sthlm","0","1","0","TRUE","MON","TV","S","FR1"
"2025-W35","TV35915836","TV35915836A","2807816","2025-08-25","2025-08-22","303:2 304:1 306:2 307:2 308:2 311:1","VE_Gordon-Umea","0","1","0","TRUE","MON","TV","M","FR1"
"2025-W35","TV35916280","TV35916280A","2820085","2025-08-25","2025-08-22","301:2 302:2 303:1 304:1 305:1 306:1 307:1 308:1","VE_Gordon-Malmo","0","1","0","TRUE","MON","TV","M","FR1"
"2025-W35","TV35915493","TV35915493A","2820360","2025-08-25","2025-08-22","301:2 302:2 303:1 304:1 305:1 306:1 307:1 308:1","VE_MBB-Mma-MBB","0","1","0","TRUE","MON","TV","M","FR1"
"2025-W35","TV35915168","TV35915168A","2822164","2025-08-25","2025-08-22","301:2 302:2 304:1 305:1 306:1 307:1 308:1 312:1","VE_Gordon-Sthlm","1","1","0","TRUE","MON","TV","M","FR1 + WB1"
"2025-W35","TV35915642","TV35915642A","2817168","2025-08-25","2025-08-22","301:2 302:2 303:2 305:2 306:2 307:1 308:1 315:1 318:1","VE_Gordon-Goteborg","0","1","0","TRUE","MON","TV","L","FR1"
"2025-W35","TV35915544","TV35915544A","2793928","2025-08-25","2025-08-22","301:1 302:1 306:1 308:1 313:1 317:1","VE_Gordon-Goteborg","0","1","0","TRUE","MON","TV","S","FR1"
"2025-W35","TV35914858","TV35914858A","2821578","2025-08-25","2025-08-22","301:1 305:1 312:1 317:1","VE_Gordon-Sthlm","1","1","0","TRUE","MON","TV","S","FR1 + WB1"
"2025-W35","TV35916211","TV35916211A","2775668","2025-08-26","2025-08-22","303:2 307:1 318:1","VE_Gordon-Sthlm","0","1","0","TRUE","TUE","TV","S","FR1"
"2025-W35","TV35915848","TV35915848A","2761628","2025-08-25","2025-08-22","301:2 305:2 312:2 318:2","VE_Gordon-Uppsala","0","1","0","TRUE","MON","TV","M","FR1"
"2025-W35","TV35914903","TV35914903A","2766937","2025-08-25","2025-08-22","301:1 302:1 304:1 305:1 307:1 308:1 309:1 314:1 315:1 316:1","VE_Gordon-Sthlm","1","1","0","TRUE","MON","TV","M","FR1 + WB1"
"2025-W35","TV35915064","TV35915064A","2760325","2025-08-25","2025-08-22","301:2 303:2 308:2","VE_Gordon-Vasteras","1","1","0","TRUE","MON","TV","S","FR1 + WB1"
"2025-W35","TV35915977","TV35915977A","2821173","2025-08-25","2025-08-22","301:3 304:3 305:2 312:2 313:2","VE_Gordon-Uppsala","0","1","0","TRUE","MON","TV","M","FR1"
"2025-W35","TV35916174","TV35916174A","2771789","2025-08-25","2025-08-22","301:2 302:2 305:2 314:2","VE_Gordon-Uppsala","0","1","0","TRUE","MON","TV","M","FR1"
"2025-W35","TV35915558","TV35915558A","2809525","2025-08-25","2025-08-22","301:2 303:4 317:2","VE_Gordon-Uppsala","0","1","0","TRUE","MON","TV","M","FR1"
"2025-W35","TV35915311","TV35915311A","2819444","2025-08-24","2025-08-22","304:2 305:2 312:2 313:2 315:2","VE_Gordon-Sthlm","1","1","0","TRUE","SUN","TV","M","FR1"
"2025-W35","TV35913859","TV35913859A","2821404","2025-08-24","2025-08-22","301:2 302:2 303:1 304:1 305:1 306:1 307:1 308:1","VE_Gordon-Goteborg","1","1","0","TRUE","SUN","TV","M","FR1 + WB1"
"2025-W35","TV35915267","TV35915267A","2819919","2025-08-24","2025-08-22","301:3 302:3 305:2 314:2","VE_Gordon-Sthlm","0","1","0","TRUE","SUN","TV","M","FR1"
"2025-W35","TV35915490","TV35915490A","2767940","2025-08-25","2025-08-22","303:2 304:2 306:2 307:2 308:2","VE_Gordon-Uppsala","0","1","0","TRUE","MON","TV","M","FR1"
"2025-W35","TV35915681","TV35915681A","2820596","2025-08-25","2025-08-22","302:1 307:1 313:1 318:1","VE_Gordon-Uppsala","0","1","0","TRUE","MON","TV","S","FR1"
"2025-W35","TV35916126","TV35916126A","2764788","2025-08-25","2025-08-22","302:1 303:1 304:1 308:1 312:1","VE_Gordon-Uppsala","0","1","0","TRUE","MON","TV","S","FR1"
"2025-W35","TV35915349","TV35915349A","2822261","2025-08-25","2025-08-22","301:2 302:1 305:1 312:1 315:1","VE_Gordon-Vasteras","1","1","0","TRUE","MON","TV","S","FR1 + WB1"
"2025-W35","TV35915008","TV35915008A","2821894","2025-08-25","2025-08-22","309:2 310:2","VE_Gordon-Uppsala","1","1","0","TRUE","MON","TV","S","FR1 + WB1"
"2025-W35","TV35915760","TV35915760A","2807496","2025-08-25","2025-08-22","301:2 304:2 305:2 312:1 313:1","VE_Gordon-Malmo","0","1","0","TRUE","MON","TV","M","FR1"
"2025-W35","TV35916352","TV35916352A","2814628","2025-08-25","2025-08-22","301:3 302:3 305:2 314:2","VE_Gordon-Vasteras","0","1","0","TRUE","MON","TV","M","FR1"
"2025-W35","TV35915879","TV35915879A","2807001","2025-08-25","2025-08-22","302:1 303:1 308:1 315:1","VE_Gordon-Malmo","0","1","0","TRUE","MON","TV","S","FR1"
"2025-W35","TV35915588","TV35915588A","2817612","2025-08-25","2025-08-22","301:1 312:2 313:1 314:1 315:1","VE_Gordon-Sthlm","0","1","0","TRUE","MON","TV","S","FR1"
"2025-W35","TV35915033","TV35915033A","2821942","2025-08-25","2025-08-22","302:2 303:2 305:2 308:2 311:1 312:2 314:1 315:2","VE_Gordon-Sthlm","1","1","0","TRUE","MON","TV","L","FR1 + WB1"
"2025-W35","TV35915622","TV35915622A","2820580","2025-08-25","2025-08-22","303:2 304:2 306:2 307:1 308:1","VE_Gordon-Malmo","0","1","0","TRUE","MON","TV","M","FR1"
"2025-W35","TV35914922","TV35914922A","2821726","2025-08-25","2025-08-22","301:1 302:1 314:1 318:1","VE_Gordon-Uppsala","1","1","0","TRUE","MON","TV","S","FR1 + WB1"
"2025-W35","TV35915060","TV35915060A","2769281","2025-08-25","2025-08-22","301:2 302:1 316:1 318:2","VE_Gordon-Uppsala","1","1","0","TRUE","MON","TV","S","FR1 + WB1"
"2025-W35","TV35914782","TV35914782A","2821434","2025-08-25","2025-08-22","302:2 304:2 305:1 306:2 307:2 318:1","VE_Gordon-Uppsala","1","1","0","TRUE","MON","TV","M","FR1 + WB1"
"2025-W35","TV35916343","TV35916343A","2815671","2025-08-25","2025-08-22","301:1 302:1 303:1 304:1","VE_Gordon-Vasteras","0","1","0","TRUE","MON","TV","S","FR1"
"2025-W35","TV35916094","TV35916094A","2815772","2025-08-25","2025-08-22","302:1 303:1 304:1 307:1 308:1 311:1 312:1 315:1","VE_Gordon-Vasteras","0","1","0","TRUE","MON","TV","M","FR1"
"2025-W35","TV35916239","TV35916239A","2757150","2025-08-25","2025-08-22","303:1 307:1 308:1 311:1","VE_Gordon-Goteborg","0","1","0","TRUE","MON","TV","S","FR1"
"2025-W35","TV35915031","TV35915031A","2821903","2025-08-24","2025-08-22","301:4 302:4 305:3 314:3","VE_Gordon-Sthlm","1","1","0","TRUE","SUN","TV","L","FR1 + WB1"
"2025-W35","TV35915051","TV35915051A","2807551","2025-08-24","2025-08-22","301:1 304:1 305:1 307:1 309:1 318:1","VE_Gordon-Vasteras","1","1","0","TRUE","SUN","TV","S","FR1 + WB1"
"2025-W35","TV35916067","TV35916067A","2753015","2025-08-25","2025-08-22","301:3 302:3 304:1 307:1 314:1 315:1 317:2","VE_Gordon-Goteborg","0","1","0","TRUE","MON","TV","M","FR1"
"2025-W35","TV35914872","TV35914872A","2821610","2025-08-25","2025-08-22","301:3 304:3 306:1 307:3 308:1 312:1 315:1","VE_Gordon-Uppsala","1","1","0","TRUE","MON","TV","L","FR1 + WB1"
"2025-W35","TV35915841","TV35915841A","2758036","2025-08-25","2025-08-22","301:1 302:1 314:2 317:2 318:2","VE_Gordon-Umea","0","1","0","TRUE","MON","TV","M","FR1"
"2025-W35","TV35915372","TV35915372A","2822307","2025-08-25","2025-08-22","301:4 302:3 309:1 313:1 314:2 318:3","VE_Gordon-Sthlm","1","1","0","TRUE","MON","TV","L","FR1 + WB1"
"2025-W35","TV35916145","TV35916145A","2802960","2025-08-25","2025-08-22","303:1 304:1 306:1 307:1","VE_Gordon-Sthlm","0","1","0","TRUE","MON","TV","S","FR1"
"2025-W35","TV35915567","TV35915567A","2802209","2025-08-25","2025-08-22","301:1 302:1 303:1 304:1 305:1 306:1 307:1 311:1 316:1 317:1","VE_MBB-Mma-MBB","0","1","0","TRUE","MON","TV","M","FR1"
"2025-W35","TV35914882","TV35914882A","2821595","2025-08-25","2025-08-22","301:1 302:1 303:1 310:1 312:1 314:1","VE_Gordon-Sthlm","1","1","0","TRUE","MON","TV","S","FR1 + WB1"
"2025-W35","TV35915756","TV35915756A","2793604","2025-08-25","2025-08-22","301:2 302:2 305:2 314:2","VE_Gordon-Sthlm","0","1","0","TRUE","MON","TV","M","FR1"
"2025-W35","TV35916241","TV35916241A","2755524","2025-08-25","2025-08-22","308:4 309:2","VE_Gordon-Sthlm","0","1","0","TRUE","MON","TV","S","FR1"
"2025-W35","TV35915881","TV35915881A","2820835","2025-08-25","2025-08-22","303:1 304:1 306:1 307:1 308:1 313:1","VE_Gordon-Umea","0","1","0","TRUE","MON","TV","S","FR1"
"2025-W35","TV35915661","TV35915661A","2817776","2025-08-25","2025-08-22","308:1 309:1 311:2 312:2 314:2 318:2","VE_Gordon-Malmo","0","1","0","TRUE","MON","TV","M","FR1"
"2025-W35","TV35914783","TV35914783A","2821435","2025-08-25","2025-08-22","302:2 303:7 313:1 314:2 315:2","VE_Gordon-Sthlm","1","1","0","TRUE","MON","TV","L","FR1 + WB1"
"2025-W35","TV35915379","TV35915379A","2822319","2025-08-25","2025-08-22","304:1 305:1 308:1 314:1","VE_Gordon-Goteborg","1","1","0","TRUE","MON","TV","S","FR1 + WB1"
"2025-W35","TV35916310","TV35916310A","2784480","2025-08-25","2025-08-22","304:2 312:1 315:1","VE_Gordon-Sthlm","0","1","0","TRUE","MON","TV","S","FR1"
"2025-W35","TV35914889","TV35914889A","2821667","2025-08-25","2025-08-22","302:2 305:2 308:2 313:2 316:2","VE_Gordon-Goteborg","1","1","0","TRUE","MON","TV","M","FR1 + WB1"
"2025-W35","TV35914910","TV35914910A","2821702","2025-08-25","2025-08-22","301:3 302:4 314:2 317:4 809:2","VE_Gordon-Sthlm","1","1","0","TRUE","MON","TV","L","FR1 + WB1"
"2025-W35","TV35913833","TV35913833A","2821349","2025-08-24","2025-08-22","301:3 304:3 305:3 312:1 313:3 317:1","VE_Gordon-Vasteras","1","1","0","TRUE","SUN","TV","L","FR1 + WB1"
"2025-W35","TV35912379","TV35912379A","2820342","2025-08-25","2025-08-22","302:1 305:1 307:1 313:1 315:1 316:1","VE_Gordon-Umea","1","1","0","TRUE","MON","TV","S","FR1 + WB1"
"2025-W35","TV35916270","TV35916270A","2814771","2025-08-25","2025-08-22","301:3 302:4 305:3 314:2 318:2","VE_Gordon-Sthlm","0","1","0","TRUE","MON","TV","L","FR1"
"2025-W35","TV35916077","TV35916077A","2772187","2025-08-25","2025-08-22","301:2 303:1 306:1 307:1 316:1 317:1","VE_Gordon-Goteborg","0","1","0","TRUE","MON","TV","M","FR1"
"2025-W35","TV35915475","TV35915475A","2761262","2025-08-25","2025-08-22","302:2 303:2 311:2 314:2","VE_Gordon-Uppsala","0","1","0","TRUE","MON","TV","M","FR1"
"2025-W35","TV35915944","TV35915944A","2779722","2025-08-26","2025-08-22","301:1 304:1 305:1 313:1","VE_Gordon-Gotland","0","1","0","TRUE","TUE","TV","S","FR1"
"2025-W35","TV35915050","TV35915050A","2821971","2025-08-25","2025-08-22","301:2 302:2 303:1 304:1 305:1 306:1 307:1 308:1","VE_Gordon-Uppsala","1","1","0","TRUE","MON","TV","M","FR1 + WB1"
"2025-W35","TV35914825","TV35914825A","2821510","2025-08-25","2025-08-22","302:3 304:1 306:2 307:1 308:1","VE_Gordon-Sthlm","1","1","0","TRUE","MON","TV","M","FR1 + WB1"
"2025-W35","TV35916175","TV35916175A","2809199","2025-08-25","2025-08-22","301:2 303:2 308:2 312:2","VE_Gordon-Sthlm","0","1","0","TRUE","MON","TV","M","FR1"
"2025-W35","TV35915585","TV35915585A","2760560","2025-08-25","2025-08-22","301:2 302:2 305:1 312:1","VE_Gordon-Umea","0","1","0","TRUE","MON","TV","S","FR1"
"2025-W35","TV35916220","TV35916220A","2804988","2025-08-25","2025-08-22","301:2 304:1 305:1 312:1 313:1","VE_Gordon-Sthlm","0","1","0","TRUE","MON","TV","S","FR1"
"2025-W35","TV35916031","TV35916031A","2805993","2025-08-25","2025-08-22","301:2 304:1 305:1 312:1 313:1","VE_Gordon-Sthlm","0","1","0","TRUE","MON","TV","S","FR1"
"2025-W35","TV35915582","TV35915582A","2818407","2025-08-26","2025-08-22","301:1 302:1 303:1 304:1 305:1 306:1","VE_Gordon-Goteborg","0","1","0","TRUE","TUE","TV","S","FR1"
"2025-W35","TV35915766","TV35915766A","2816691","2025-08-25","2025-08-22","301:1 304:2 305:1 308:1 312:1 313:1 315:1","VE_Gordon-Goteborg","0","1","0","TRUE","MON","TV","M","FR1"
"2025-W35","TV35915515","TV35915515A","2765438","2025-08-25","2025-08-22","301:1 302:1 303:1 304:1 305:1 306:1","VE_Gordon-Sthlm","0","1","0","TRUE","MON","TV","S","FR1"
"2025-W35","TV35916235","TV35916235A","2815935","2025-08-25","2025-08-22","301:1 304:1 305:1 313:1","VE_Gordon-Sthlm","0","1","0","TRUE","MON","TV","S","FR1"
"2025-W35","TV35915527","TV35915527A","2798829","2025-08-25","2025-08-22","301:2 302:2 303:2 304:2 305:1 306:1 307:1 308:1","VE_Gordon-Vasteras","0","1","0","TRUE","MON","TV","M","FR1"
"2025-W35","TV35915834","TV35915834A","2820709","2025-08-25","2025-08-22","301:2 304:1 305:1 312:1 313:1","VE_Gordon-Vasteras","0","1","0","TRUE","MON","TV","S","FR1"
"2025-W35","TV35915269","TV35915269A","2820265","2025-08-24","2025-08-22","301:2 302:2 304:2 308:2 311:2","VE_Gordon-Malmo","1","1","0","TRUE","SUN","TV","M","FR1"
"2025-W35","TV35915271","TV35915271A","2820095","2025-08-24","2025-08-22","301:2 308:2 311:2 312:2","VE_Gordon-Uppsala","0","1","0","TRUE","SUN","TV","M","FR1"
"2025-W35","TV35915796","TV35915796A","2775599","2025-08-25","2025-08-22","301:3 304:3 305:2 312:2 313:2","VE_Gordon-Uppsala","1","1","0","TRUE","MON","TV","M","FR1"
"2025-W35","TV35915664","TV35915664A","2752913","2025-08-25","2025-08-22","301:2 302:2 303:2 304:2 305:2 306:2 307:1 308:1","VE_Gordon-Sthlm","0","1","0","TRUE","MON","TV","L","FR1"
"2025-W35","TV35915857","TV35915857A","2818797","2025-08-25","2025-08-22","304:2 305:2 311:2 312:2 314:2","VE_Gordon-Sthlm","0","1","0","TRUE","MON","TV","M","FR1"
"2025-W35","TV35916150","TV35916150A","2820773","2025-08-25","2025-08-22","301:2 304:2 305:2 312:1 313:1","VE_MBB-Mma-MBB","0","1","0","TRUE","MON","TV","M","FR1"
"2025-W35","TV35915478","TV35915478A","2803914","2025-08-25","2025-08-22","301:1 302:1 303:1 304:1 305:1 306:1 307:1 308:1","VE_Gordon-Uppsala","0","1","0","TRUE","MON","TV","M","FR1"
"2025-W35","TV35915191","TV35915191A","2822090","2025-08-25","2025-08-22","301:1 304:1 305:1 307:1 312:1 313:1","VE_Gordon-Uppsala","1","1","0","TRUE","MON","TV","S","FR1 + WB1"
"2025-W35","TV35915965","TV35915965A","2820345","2025-08-25","2025-08-22","301:2 303:2 307:2 309:2 318:2","VE_Gordon-Malmo","0","1","0","TRUE","MON","TV","M","FR1"
"2025-W35","TV35915855","TV35915855A","2820771","2025-08-25","2025-08-22","301:2 302:2 303:2 304:2 305:1 306:1 307:1 311:1","VE_Gordon-Sthlm","0","1","0","TRUE","MON","TV","M","FR1"
"2025-W35","TV35915470","TV35915470A","2812166","2025-08-25","2025-08-22","301:2 304:2 305:2 312:2 313:2","VE_MBB-Mma-MBB","0","1","0","TRUE","MON","TV","M","FR1"
"2025-W35","TV35915408","TV35915408A","2769977","2025-08-25","2025-08-22","301:1 302:1 308:1 315:1","VE_Gordon-Goteborg","0","1","0","TRUE","MON","TV","S","FR1"
"2025-W35","TV35916128","TV35916128A","2807917","2025-08-25","2025-08-22","301:1 304:1 305:1 313:1","VE_Gordon-Vaxjo","0","1","0","TRUE","MON","TV","S","FR1"
"2025-W35","TV35915011","TV35915011A","2821896","2025-08-25","2025-08-22","303:1 304:1 305:1 308:1 310:1 311:1 312:1 313:1 314:1 318:1","VE_Gordon-Sthlm","1","1","0","TRUE","MON","TV","M","FR1 + WB1"
"2025-W35","TV35915334","TV35915334A","2822230","2025-08-25","2025-08-22","301:3 302:3 305:3 308:1 312:1 317:1 318:2","VE_Gordon-Uppsala","1","1","0","TRUE","MON","TV","L","FR1 + WB1"
"2025-W35","TV35916184","TV35916184A","2812642","2025-08-25","2025-08-22","301:1 302:1 303:1 304:1","VE_Gordon-Vasteras","0","1","0","TRUE","MON","TV","S","FR1"
"2025-W35","TV35915804","TV35915804A","2794462","2025-08-25","2025-08-22","301:1 302:1 303:1 304:1","VE_Gordon-Sthlm","0","1","0","TRUE","MON","TV","S","FR1"
"2025-W35","TV35914919","TV35914919A","2820275","2025-08-26","2025-08-22","301:1 302:1 305:1 306:1 307:1 308:1 314:1 318:1","VE_Gordon-Goteborg","1","1","0","TRUE","TUE","TV","M","FR1 + WB1"
"2025-W35","TV35914902","TV35914902A","2821689","2025-08-25","2025-08-22","301:1 302:1 303:1 317:1","VE_Gordon-Vasteras","1","1","0","TRUE","MON","TV","S","FR1 + WB1"
"2025-W35","TV35915165","TV35915165A","2779788","2025-08-24","2025-08-22","301:2 302:2 303:2 305:2 306:2 307:1 308:2 317:1 806:1","VE_MBB-Mma-MBB","1","1","0","TRUE","SUN","TV","L","FR1 + WB1"
"2025-W35","TV35915265","TV35915265A","2816344","2025-08-24","2025-08-22","301:3 302:3 305:2 314:2","VE_MBB-Mma-MBB","1","1","0","TRUE","SUN","TV","M","FR1"
"2025-W35","TV35915285","TV35915285A","2821027","2025-08-24","2025-08-22","305:2 306:2 308:2 314:2 315:2","VE_Gordon-Sthlm","1","1","0","TRUE","SUN","TV","M","FR1"
"2025-W35","TV35915317","TV35915317A","2819798","2025-08-24","2025-08-22","301:2 302:2 303:2 311:2 314:2 317:2 318:2","VE_Gordon-Vasteras","1","1","0","TRUE","SUN","TV","L","FR1"
"2025-W35","TV35915510","TV35915510A","2809881","2025-08-25","2025-08-22","301:2 304:2 305:1 312:2 313:2 314:1","VE_Gordon-Sthlm","0","1","0","TRUE","MON","TV","M","FR1"
"2025-W35","TV35916176","TV35916176A","2806245","2025-08-25","2025-08-22","303:1 304:1 306:1 307:1 308:1 311:1 316:1 317:1","VE_Gordon-Sthlm","0","1","0","TRUE","MON","TV","M","FR1"
"2025-W35","TV35916204","TV35916204A","2815918","2025-08-25","2025-08-22","303:2 304:2 307:2 308:2 312:2 314:1 316:1 317:2","VE_Gordon-Sthlm","0","1","0","TRUE","MON","TV","L","FR1"
"2025-W35","TV35912504","TV35912504A","2820487","2025-08-25","2025-08-22","301:1 304:1 305:1 318:1","VE_Gordon-Malmo","1","1","0","TRUE","MON","TV","S","FR1 + WB1"
"2025-W35","TV35916003","TV35916003A","2782198","2025-08-25","2025-08-22","304:1 306:1 307:1 308:1","VE_Gordon-Sthlm","0","1","0","TRUE","MON","TV","S","FR1"
"2025-W35","TV35915604","TV35915604A","2796495","2025-08-25","2025-08-22","301:1 302:1 311:1 314:2 315:1 318:2","VE_Gordon-Sthlm","0","1","0","TRUE","MON","TV","M","FR1"
"2025-W35","TV35915385","TV35915385A","2817835","2025-08-25","2025-08-22","301:2 303:1 305:1 306:1 307:2 308:1 312:2","VE_Gordon-Malmo","1","1","0","TRUE","MON","TV","M","FR1 + WB1"
"2025-W35","TV35915677","TV35915677A","2815196","2025-08-25","2025-08-22","301:1 304:1 305:1 306:1 317:1 318:1","VE_Gordon-Linkoping","0","1","0","TRUE","MON","TV","S","FR1"
"2025-W35","TV35916313","TV35916313A","2820640","2025-08-25","2025-08-22","302:1 314:1 317:1 318:1","VE_Gordon-Vasteras","0","1","0","TRUE","MON","TV","S","FR1"
"2025-W35","TV35916213","TV35916213A","2821212","2025-08-25","2025-08-22","301:2 302:2 303:1 304:1 305:1 306:1 308:1 315:1 316:1 317:1 806:2","VE_Gordon-Vasteras","0","1","0","TRUE","MON","TV","L","FR1"
"2025-W35","TV35914802","TV35914802A","2821460","2025-08-25","2025-08-22","301:2 302:2 305:2 314:2","VE_Gordon-Uppsala","1","1","0","TRUE","MON","TV","M","FR1 + WB1"
"2025-W35","TV35915819","TV35915819A","2776006","2025-08-25","2025-08-22","301:1 303:1 307:1 312:1","VE_Gordon-Sthlm","0","1","0","TRUE","MON","TV","S","FR1"
"2025-W35","TV35915838","TV35915838A","2818025","2025-08-25","2025-08-22","301:2 302:1 304:1 315:1 316:1","VE_Gordon-Malmo","0","1","0","TRUE","MON","TV","S","FR1"
"2025-W35","TV35915500","TV35915500A","2805300","2025-08-25","2025-08-22","301:2 302:2 305:1 314:1","VE_Gordon-Umea","0","1","0","TRUE","MON","TV","S","FR1"
"2025-W35","TV35915994","TV35915994A","2821249","2025-08-25","2025-08-22","301:2 302:2 303:2 304:2 305:2 306:2 307:1 313:1","VE_Gordon-Vasteras","0","1","0","TRUE","MON","TV","L","FR1"
"2025-W35","TV35916359","TV35916359A","2821078","2025-08-25","2025-08-22","303:1 304:1 310:1 318:1","VE_Gordon-Sthlm","0","1","0","TRUE","MON","TV","S","FR1"
"2025-W35","TV35915668","TV35915668A","2809357","2025-08-25","2025-08-22","301:1 302:1 303:1 305:1 311:1 312:1 314:1 318:1","VE_Gordon-Sthlm","0","1","0","TRUE","MON","TV","M","FR1"
"2025-W35","TV35914850","TV35914850A","2821559","2025-08-25","2025-08-22","301:1 302:1 303:1 304:1 305:1 306:1 307:1 311:1","VE_Gordon-Goteborg","1","1","0","TRUE","MON","TV","M","FR1 + WB1"
"2025-W35","TV35915867","TV35915867A","2821142","2025-08-25","2025-08-22","302:1 304:1 312:1 313:1","VE_Gordon-Malmo","0","1","0","TRUE","MON","TV","S","FR1"
"2025-W35","TV35915467","TV35915467A","2821275","2025-08-25","2025-08-22","301:1 304:1 305:1 313:1","VE_Gordon-Sthlm","0","1","0","TRUE","MON","TV","S","FR1"
"2025-W35","TV35915674","TV35915674A","2810172","2025-08-25","2025-08-22","304:1 311:1 312:1 314:2 317:1","VE_Gordon-Uppsala","0","1","0","TRUE","MON","TV","S","FR1"
"2025-W35","TV35916360","TV35916360A","2815669","2025-08-25","2025-08-22","301:3 304:3 305:3 312:2 313:3","VE_Gordon-Sthlm","0","1","0","TRUE","MON","TV","L","FR1"
"2025-W35","TV35915676","TV35915676A","2820856","2025-08-25","2025-08-22","306:2 314:2","VE_Gordon-Uppsala","0","1","0","TRUE","MON","TV","S","FR1"
"2025-W35","TV35915194","TV35915194A","2815075","2025-08-24","2025-08-22","301:2 305:1 316:1 317:2","VE_Gordon-Sthlm","1","1","0","TRUE","SUN","TV","S","FR1 + WB1"
"2025-W35","TV35915021","TV35915021A","2821057","2025-08-24","2025-08-22","309:1 310:1 312:1 314:1","VE_Gordon-Vasteras","1","1","0","TRUE","SUN","TV","S","FR1 + WB1"
"2025-W35","TV35915119","TV35915119A","2822073","2025-08-25","2025-08-22","301:2 302:2 303:2 306:1 307:1 308:2 312:2","VE_Gordon-Goteborg","1","1","0","TRUE","MON","TV","M","FR1 + WB1"
"2025-W35","TV35916222","TV35916222A","2764310","2025-08-25","2025-08-22","301:2 303:2 305:2 312:2 315:2 316:2","VE_Gordon-Vasteras","0","1","0","TRUE","MON","TV","M","FR1"
"2025-W35","TV35914950","TV35914950A","2821781","2025-08-25","2025-08-22","301:2 302:2 304:2","VE_Gordon-Sthlm","1","1","0","TRUE","MON","TV","S","FR1 + WB1"
"2025-W35","TV35916226","TV35916226A","2773841","2025-08-25","2025-08-22","301:1 302:1 303:1 304:1 305:1 306:1","VE_MBB-Mma-MBB","0","1","0","TRUE","MON","TV","S","FR1"
"2025-W35","TV35915923","TV35915923A","2792704","2025-08-25","2025-08-22","301:1 305:1 317:2","VE_Gordon-Sthlm","0","1","0","TRUE","MON","TV","S","FR1"
"2025-W35","TV35915925","TV35915925A","2776893","2025-08-25","2025-08-22","301:1 302:1 303:1 304:1 305:1 306:1 307:1 308:1","VE_Gordon-Sthlm","0","1","0","TRUE","MON","TV","M","FR1"
"2025-W35","TV35915799","TV35915799A","2798238","2025-08-25","2025-08-22","301:1 302:1 305:1 312:1 314:1","VE_Gordon-Sthlm","0","1","0","TRUE","MON","TV","S","FR1"
"2025-W35","TV35915039","TV35915039A","2760684","2025-08-25","2025-08-22","301:1 302:1 303:1 304:1 305:1 306:1","VE_Gordon-Sthlm","1","1","0","TRUE","MON","TV","S","FR1 + WB1"
"2025-W35","TV35916033","TV35916033A","2819566","2025-08-25","2025-08-22","301:2 302:2 303:3 305:2 306:2 307:1 308:2","VE_Gordon-Vasteras","0","1","0","TRUE","MON","TV","L","FR1"
"2025-W35","TV35915634","TV35915634A","2762398","2025-08-25","2025-08-22","301:1 302:1 305:1 314:1","VE_Gordon-Sthlm","0","1","0","TRUE","MON","TV","S","FR1"
"2025-W35","TV35915432","TV35915432A","2796077","2025-08-25","2025-08-22","301:1 303:2 306:1 307:1 308:2 317:1","VE_Gordon-Malmo","0","1","0","TRUE","MON","TV","M","FR1"
"2025-W35","TV35914819","TV35914819A","2821502","2025-08-25","2025-08-22","301:2 302:2 303:2 304:2 305:2 306:2 307:1 308:1","VE_Gordon-Uppsala","1","1","0","TRUE","MON","TV","L","FR1 + WB1"
"2025-W35","TV35915083","TV35915083A","2822016","2025-08-25","2025-08-22","301:1 305:1 307:1 312:1","VE_Gordon-Sthlm","1","1","0","TRUE","MON","TV","S","FR1 + WB1"
"2025-W35","TV35915778","TV35915778A","2770146","2025-08-25","2025-08-22","303:2 304:2 306:2 312:2","VE_Gordon-Sthlm","0","1","0","TRUE","MON","TV","M","FR1"
"2025-W35","TV35916361","TV35916361A","2767505","2025-08-25","2025-08-22","303:2 304:2 306:2 307:2 311:2","VE_Gordon-Sthlm","0","1","0","TRUE","MON","TV","M","FR1"
"2025-W35","TV35916169","TV35916169A","2776200","2025-08-25","2025-08-22","304:2 305:3 312:2 314:2 315:1","VE_Gordon-Sthlm","0","1","0","TRUE","MON","TV","M","FR1"
"2025-W35","TV35915820","TV35915820A","2795308","2025-08-25","2025-08-22","303:2 304:2 307:2 314:2 315:2","VE_Gordon-Goteborg","0","1","0","TRUE","MON","TV","M","FR1"
"2025-W35","TV35915454","TV35915454A","2779647","2025-08-25","2025-08-22","301:1 302:1 303:1 304:1 305:1 306:1","VE_Gordon-Goteborg","0","1","0","TRUE","MON","TV","S","FR1"
"2025-W35","TV35915502","TV35915502A","2819815","2025-08-25","2025-08-22","302:2 306:2 309:2 311:2 318:2","VE_Gordon-Uppsala","0","1","0","TRUE","MON","TV","M","FR1"
"2025-W35","TV35915321","TV35915321A","2820296","2025-08-24","2025-08-22","303:2 305:2 307:2 313:2 314:2 316:2 317:2","VE_Gordon-Malmo","0","1","0","TRUE","SUN","TV","L","FR1"
"2025-W35","TV35915236","TV35915236A","2819959","2025-08-24","2025-08-22","301:2 302:2 303:1 304:1 305:1 306:1 307:1 308:1","VE_Gordon-Malmo","0","1","0","TRUE","SUN","TV","M","FR1"
"2025-W35","TV35915211","TV35915211A","2819182","2025-08-24","2025-08-22","301:2 305:1 308:1 312:1 315:1","VE_Gordon-Malmo","1","1","0","TRUE","SUN","TV","S","FR1"
"2025-W35","TV35915842","TV35915842A","2821271","2025-08-25","2025-08-22","301:2 302:2 303:1 304:1 305:1 306:1 307:1 308:1","VE_Gordon-Sthlm","0","1","0","TRUE","MON","TV","M","FR1"
"2025-W35","TV35915569","TV35915569A","2818825","2025-08-25","2025-08-22","301:2 302:2 303:2 304:2 305:2 306:2 307:1 308:1","VE_Gordon-Uppsala","0","1","0","TRUE","MON","TV","L","FR1"
"2025-W35","TV35915782","TV35915782A","2806986","2025-08-25","2025-08-22","301:1 304:1 305:1 307:1 308:1 312:1 314:1 315:1","VE_Gordon-Sthlm","0","1","0","TRUE","MON","TV","M","FR1"
"2025-W35","TV35915673","TV35915673A","2819151","2025-08-25","2025-08-22","303:1 305:1 306:2 311:2 314:2 317:2","VE_Gordon-Sthlm","0","1","0","TRUE","MON","TV","M","FR1"
"2025-W35","TV35914884","TV35914884A","2821655","2025-08-25","2025-08-22","301:1 302:1 303:1 304:1 305:1 306:1 308:1 311:1 312:1 313:1 314:1 315:1 317:1 318:1","VE_Gordon-Sthlm","1","1","0","TRUE","MON","TV","L","FR1 + WB1"
"2025-W35","TV35915761","TV35915761A","2817538","2025-08-25","2025-08-22","301:1 302:1 303:1 304:1","VE_Gordon-Sthlm","0","1","0","TRUE","MON","TV","S","FR1"
"2025-W35","TV35916028","TV35916028A","2818967","2025-08-25","2025-08-22","301:2 304:2 305:2 312:2 313:2","VE_Gordon-Uppsala","0","1","0","TRUE","MON","TV","M","FR1"
"2025-W35","TV35916171","TV35916171A","2818213","2025-08-25","2025-08-22","301:2 302:2 303:2 305:1 306:1 307:2 311:2","VE_Gordon-Vasteras","0","1","0","TRUE","MON","TV","M","FR1"
"2025-W35","TV35915557","TV35915557A","2809551","2025-08-25","2025-08-22","301:1 302:1 303:1 304:1","VE_Gordon-Sthlm","0","1","0","TRUE","MON","TV","S","FR1"
"2025-W35","TV35915779","TV35915779A","2790702","2025-08-25","2025-08-22","303:2 304:1 306:1 307:1 308:1","VE_Gordon-Umea","0","1","0","TRUE","MON","TV","S","FR1"
"2025-W35","TV35915991","TV35915991A","2818913","2025-08-25","2025-08-22","301:1 302:1 305:1 306:1 312:1 313:1 314:1 316:1 317:1 318:1","VE_Gordon-Malmo","0","1","0","TRUE","MON","TV","M","FR1"
"2025-W35","TV35915998","TV35915998A","2818370","2025-08-25","2025-08-22","301:1 302:1 303:1 304:1","VE_Gordon-Sthlm","0","1","0","TRUE","MON","TV","S","FR1"
"2025-W35","TV35914807","TV35914807A","2821477","2025-08-25","2025-08-22","301:1 302:1 303:1 304:1","VE_Gordon-Uppsala","1","1","0","TRUE","MON","TV","S","FR1 + WB1"
"2025-W35","TV35915909","TV35915909A","2801745","2025-08-25","2025-08-22","302:1 303:1 308:1 312:1 315:1 317:1 318:1","VE_Gordon-Malmo","0","1","0","TRUE","MON","TV","M","FR1"
"2025-W35","TV35915774","TV35915774A","2810267","2025-08-25","2025-08-22","301:1 302:1 303:1 304:1 308:2 313:1 318:1","VE_Gordon-Vasteras","0","1","0","TRUE","MON","TV","M","FR1"
"2025-W35","TV35915969","TV35915969A","2818861","2025-08-25","2025-08-22","302:1 303:2 304:2 306:2 307:1","VE_Gordon-Malmo","0","1","0","TRUE","MON","TV","M","FR1"
"2025-W35","TV35915630","TV35915630A","2816876","2025-08-25","2025-08-22","301:2 302:2 303:1 304:1 305:1 306:1 307:1 308:1","VE_Gordon-Malmo","0","1","0","TRUE","MON","TV","M","FR1"
"2025-W35","TV35915581","TV35915581A","2763199","2025-08-25","2025-08-22","301:2 303:2 305:1 306:1 307:1 316:1","VE_Gordon-Sthlm","0","1","0","TRUE","MON","TV","M","FR1"
"2025-W35","TV35914987","TV35914987A","2821855","2025-08-25","2025-08-22","302:2 305:1 307:1 308:1 314:1 317:1 318:1","VE_Gordon-Sthlm","1","1","0","TRUE","MON","TV","M","FR1 + WB1"
"2025-W35","TV35915600","TV35915600A","2807191","2025-08-26","2025-08-22","308:2 309:1 310:4 312:4","VE_Gordon-Gotland","0","1","0","TRUE","TUE","TV","M","FR1"
"2025-W35","TV35915826","TV35915826A","2787894","2025-08-25","2025-08-22","301:1 302:1 311:1 314:1 317:1 318:1","VE_Gordon-Goteborg","0","1","0","TRUE","MON","TV","S","FR1"
"2025-W35","TV35916338","TV35916338A","2813089","2025-08-25","2025-08-22","301:4 302:4 305:3 314:3","VE_Gordon-Uppsala","0","1","0","TRUE","MON","TV","L","FR1"
"2025-W35","TV35916124","TV35916124A","2818914","2025-08-25","2025-08-22","302:2 315:2","VE_Gordon-Malmo","0","1","0","TRUE","MON","TV","S","FR1"
"2025-W35","TV35915275","TV35915275A","2782340","2025-08-24","2025-08-22","301:2 304:1 305:1 312:1 313:1","VE_Gordon-Vasteras","0","1","0","TRUE","SUN","TV","S","FR1"
"2025-W35","TV35915703","TV35915703A","2807346","2025-08-25","2025-08-22","301:1 304:1 305:1 313:1","VE_Gordon-Uppsala","0","1","0","TRUE","MON","TV","S","FR1"
"2025-W35","TV35914988","TV35914988A","2821854","2025-08-25","2025-08-22","301:2 302:2 305:1 314:1","VE_Gordon-Sthlm","1","1","0","TRUE","MON","TV","S","FR1 + WB1"
"2025-W35","TV35914861","TV35914861A","2821581","2025-08-25","2025-08-22","301:1 302:2 305:2 314:1 318:2","VE_Gordon-Sthlm","1","1","0","TRUE","MON","TV","M","FR1 + WB1"
"2025-W35","TV35915868","TV35915868A","2820230","2025-08-25","2025-08-22","307:4 308:4 315:4","VE_Gordon-Sthlm","0","1","0","TRUE","MON","TV","M","FR1"
"2025-W35","TV35916086","TV35916086A","2761196","2025-08-25","2025-08-22","301:1 302:1 303:1 304:1 305:1 306:1","VE_Gordon-Linkoping","0","1","0","TRUE","MON","TV","S","FR1"
"2025-W35","TV35914979","TV35914979A","2821844","2025-08-25","2025-08-22","301:2 304:2 305:2 312:1 313:1","VE_Gordon-Sthlm","1","1","0","TRUE","MON","TV","M","FR1 + WB1"
"2025-W35","TV35916291","TV35916291A","2804597","2025-08-25","2025-08-22","301:1 302:1 303:1 304:1 305:1 306:1 307:1 308:1","VE_Gordon-Goteborg","0","1","0","TRUE","MON","TV","M","FR1"
"2025-W35","TV35914983","TV35914983A","2821850","2025-08-25","2025-08-22","301:2 302:2 303:2 304:2 305:2 306:2 307:1 308:1","VE_Gordon-Sthlm","1","1","0","TRUE","MON","TV","L","FR1 + WB1"
"2025-W35","TV35915175","TV35915175A","2822187","2025-08-25","2025-08-22","301:1 302:1 303:1 304:1","VE_Gordon-Malmo","1","1","0","TRUE","MON","TV","S","FR1 + WB1"
"2025-W35","TV35915701","TV35915701A","2799717","2025-08-25","2025-08-22","301:1 302:1 305:2 306:1 307:1 311:1","VE_Gordon-Halmstad","0","1","0","TRUE","MON","TV","M","FR1"
"2025-W35","TV35915682","TV35915682A","2795233","2025-08-25","2025-08-22","302:2 303:2 304:2 308:2 315:2 806:3","VE_Gordon-Sthlm","0","1","0","TRUE","MON","TV","L","FR1"
"2025-W35","TV35916104","TV35916104A","2819677","2025-08-25","2025-08-22","303:2 304:2 306:2 307:2 308:2 311:2 312:2","VE_Gordon-Sthlm","0","1","0","TRUE","MON","TV","L","FR1"
"2025-W35","TV35915899","TV35915899A","2816712","2025-08-25","2025-08-22","302:1 304:1 308:1 310:1","VE_Gordon-Sthlm","0","1","0","TRUE","MON","TV","S","FR1"
"2025-W35","TV35915333","TV35915333A","2822229","2025-08-25","2025-08-22","301:2 303:1 312:1 314:2","VE_Gordon-Uppsala","1","1","0","TRUE","MON","TV","S","FR1 + WB1"
"2025-W35","TV35915839","TV35915839A","2804295","2025-08-25","2025-08-22","301:2 302:2 305:2 314:2","VE_Gordon-Sthlm","0","1","0","TRUE","MON","TV","M","FR1"
"2025-W35","TV35914926","TV35914926A","2821733","2025-08-25","2025-08-22","301:2 303:1 305:2 306:1 307:1 314:1 318:2","VE_Gordon-Sthlm","1","1","0","TRUE","MON","TV","M","FR1 + WB1"
"2025-W35","TV35915595","TV35915595A","2813180","2025-08-25","2025-08-22","301:1 302:1 303:1 304:1 305:1 306:1","VE_Gordon-Sthlm","0","1","0","TRUE","MON","TV","S","FR1"
"2025-W35","TV35915122","TV35915122A","2822082","2025-08-25","2025-08-22","301:1 302:1 303:1 304:1","VE_Gordon-Sthlm","1","1","0","TRUE","MON","TV","S","FR1 + WB1"
"2025-W35","TV35915628","TV35915628A","2776748","2025-08-25","2025-08-22","303:1 306:1 307:1 316:1","VE_Gordon-Goteborg","0","1","0","TRUE","MON","TV","S","FR1"
"2025-W35","TV35916210","TV35916210A","2753239","2025-08-25","2025-08-22","301:2 304:2 305:2 312:1 313:1","VE_Gordon-Malmo","0","1","0","TRUE","MON","TV","M","FR1"
"2025-W35","TV35916121","TV35916121A","2812528","2025-08-25","2025-08-22","301:2 304:2 305:2 312:2 313:2","VE_Gordon-Goteborg","0","1","0","TRUE","MON","TV","M","FR1"
"2025-W35","TV35913408","TV35913408A","2820691","2025-08-24","2025-08-22","301:2 304:2 305:2 312:1 313:1","VE_Gordon-Halmstad","1","1","0","TRUE","SUN","TV","M","FR1 + WB1"
"2025-W35","TV35915315","TV35915315A","2777933","2025-08-24","2025-08-22","303:2 304:2 306:2 307:2 313:2","VE_Gordon-Sthlm","0","1","0","TRUE","SUN","TV","M","FR1"
"2025-W35","TV35915940","TV35915940A","2819423","2025-08-25","2025-08-22","302:1 306:1 308:2 310:3 312:2 313:1","VE_Gordon-Sthlm","0","1","0","TRUE","MON","TV","M","FR1"
"2025-W35","TV35916269","TV35916269A","2769829","2025-08-25","2025-08-22","301:1 302:1 303:1 304:1 305:1 306:1","VE_Gordon-Sthlm","0","1","0","TRUE","MON","TV","S","FR1"
"2025-W35","TV35915135","TV35915135A","2822111","2025-08-25","2025-08-22","301:1 302:1 307:1 312:2 313:1 318:2","VE_Gordon-Goteborg","1","1","0","TRUE","MON","TV","M","FR1 + WB1"
"2025-W35","TV35916080","TV35916080A","2820177","2025-08-25","2025-08-22","301:1 302:1 303:1 306:1 308:1 311:2 312:1 314:2","VE_Gordon-Uppsala","0","1","0","TRUE","MON","TV","M","FR1"
"2025-W35","TV35915471","TV35915471A","2802690","2025-08-25","2025-08-22","303:1 304:1 306:1 307:1","VE_Gordon-Goteborg","0","1","0","TRUE","MON","TV","S","FR1"
"2025-W35","TV35915892","TV35915892A","2785780","2025-08-25","2025-08-22","307:1 308:2 315:2 316:1","VE_Gordon-Sthlm","0","1","0","TRUE","MON","TV","S","FR1"
"2025-W35","TV35915528","TV35915528A","2785940","2025-08-25","2025-08-22","301:1 302:1 304:1 309:1 314:1 316:1","VE_MBB-Mma-MBB","0","1","0","TRUE","MON","TV","S","FR1"
"2025-W35","TV35915623","TV35915623A","2817020","2025-08-25","2025-08-22","301:3 302:3 305:2 314:2","VE_Gordon-Malmo","0","1","0","TRUE","MON","TV","M","FR1"
"2025-W35","TV35915032","TV35915032A","2821940","2025-08-25","2025-08-22","301:2 302:2 305:2 306:2 308:2","VE_Gordon-Goteborg","1","1","0","TRUE","MON","TV","M","FR1 + WB1"
"2025-W35","TV35915332","TV35915332A","2822226","2025-08-25","2025-08-22","305:1 312:1 313:1 314:1 805:2 809:1 810:1","VE_Gordon-Uppsala","1","1","0","TRUE","MON","TV","M","FR1 + WB1"
"2025-W35","TV35915730","TV35915730A","2821225","2025-08-25","2025-08-22","301:1 302:1 303:1 304:1 305:1 306:1","VE_Gordon-Sthlm","0","1","0","TRUE","MON","TV","S","FR1"
"2025-W35","TV35915829","TV35915829A","2771518","2025-08-25","2025-08-22","303:2 304:1 306:1 307:1 308:1","VE_Gordon-Linkoping","0","1","0","TRUE","MON","TV","S","FR1"
"2025-W35","TV35915794","TV35915794A","2768348","2025-08-25","2025-08-22","301:1 309:1 310:1 312:1","VE_Gordon-Sthlm","0","1","0","TRUE","MON","TV","S","FR1"
"2025-W35","TV35914833","TV35914833A","2821527","2025-08-25","2025-08-22","302:1 303:1 304:1 310:1","VE_Gordon-Sthlm","1","1","0","TRUE","MON","TV","S","FR1 + WB1"
"2025-W35","TV35915918","TV35915918A","2819264","2025-08-25","2025-08-22","304:1 312:1 313:2 315:2","VE_Gordon-Sthlm","0","1","0","TRUE","MON","TV","S","FR1"
"2025-W35","TV35915088","TV35915088A","2768273","2025-08-24","2025-08-22","301:1 302:1 303:1 304:2 305:1 307:3 312:1 315:3 316:1","VE_Gordon-Uppsala","1","1","0","TRUE","SUN","TV","L","FR1 + WB1"
"2025-W35","TV35915113","TV35915113A","2822059","2025-08-26","2025-08-22","304:1 305:1 306:1 307:1 311:1 313:1 316:1 317:2 318:1","VE_Gordon-Goteborg","1","1","0","TRUE","TUE","TV","M","FR1 + WB1"
"2025-W35","TV35916073","TV35916073A","2781817","2025-08-25","2025-08-22","301:2 302:2 303:2 317:2","VE_Gordon-Goteborg","0","1","0","TRUE","MON","TV","M","FR1"
"2025-W35","TV35915422","TV35915422A","2781035","2025-08-25","2025-08-22","301:1 302:1 303:1 304:1 306:1 307:1 308:1 312:1 315:1 318:1","VE_Gordon-Sthlm","0","1","0","TRUE","MON","TV","M","FR1"
"2025-W35","TV35915556","TV35915556A","2810448","2025-08-25","2025-08-22","301:1 302:1 305:1 308:1 310:1 311:1 312:1 313:1","VE_Gordon-Malmo","0","1","0","TRUE","MON","TV","M","FR1"
"2025-W35","TV35915907","TV35915907A","2811342","2025-08-25","2025-08-22","301:1 302:1 303:1 304:1 305:1 306:1","VE_Gordon-Goteborg","0","1","0","TRUE","MON","TV","S","FR1"
"2025-W35","TV35915479","TV35915479A","2807798","2025-08-25","2025-08-22","301:1 302:1 303:1 304:1 305:1 306:1 307:1 308:1","VE_Gordon-Uppsala","0","1","0","TRUE","MON","TV","M","FR1"
"2025-W35","TV35916347","TV35916347A","2821407","2025-08-25","2025-08-22","303:2 305:2 306:2 307:2 310:2 312:2 313:2","VE_Gordon-Vasteras","0","1","0","TRUE","MON","TV","L","FR1"
"2025-W35","TV35914977","TV35914977A","2821840","2025-08-25","2025-08-22","301:2 304:2 305:2 312:2 313:2","VE_Gordon-Uppsala","1","1","0","TRUE","MON","TV","M","FR1 + WB1"
"2025-W35","TV35915343","TV35915343A","2821654","2025-08-25","2025-08-22","301:2 302:2 305:2 306:2 313:2","VE_Gordon-Sthlm","1","1","0","TRUE","MON","TV","M","FR1 + WB1"
"2025-W35","TV35914803","TV35914803A","2821472","2025-08-25","2025-08-22","301:2 302:2 303:1 304:1 305:1 306:1 307:1 308:1","VE_Gordon-Malmo","1","1","0","TRUE","MON","TV","M","FR1 + WB1"
"2025-W35","TV35915700","TV35915700A","2751883","2025-08-25","2025-08-22","305:2 307:4 313:2 317:2 318:4","VE_Gordon-Goteborg","0","1","0","TRUE","MON","TV","L","FR1"
"2025-W35","TV35916041","TV35916041A","2821005","2025-08-25","2025-08-22","301:1 302:1 304:1 312:1 314:1","VE_Gordon-Malmo","0","1","0","TRUE","MON","TV","S","FR1"
"2025-W35","TV35915076","TV35915076A","2822006","2025-08-25","2025-08-22","301:1 302:1 303:1 304:1 305:1 307:1 313:1 314:1 316:1 318:1","VE_Gordon-Goteborg","1","1","0","TRUE","MON","TV","M","FR1 + WB1"
"2025-W35","TV35915964","TV35915964A","2811260","2025-08-25","2025-08-22","301:3 304:3 305:2 312:2 313:2","VE_Gordon-Uppsala","0","1","0","TRUE","MON","TV","M","FR1"
"2025-W35","TV35915028","TV35915028A","2821929","2025-08-25","2025-08-22","301:2 303:1 304:2 305:1 308:1 312:2 313:2 314:2 315:1","VE_Gordon-Sthlm","1","1","0","TRUE","MON","TV","L","FR1 + WB1"
"2025-W35","TV35916272","TV35916272A","2810870","2025-08-25","2025-08-22","301:2 304:2 305:2 312:1 313:1","VE_Gordon-Sthlm","0","1","0","TRUE","MON","TV","M","FR1"
"2025-W35","TV35914887","TV35914887A","2821663","2025-08-25","2025-08-22","301:1 302:1 303:1 304:1","VE_Gordon-Sthlm","1","1","0","TRUE","MON","TV","S","FR1 + WB1"
"2025-W35","TV35916082","TV35916082A","2821332","2025-08-25","2025-08-22","301:2 302:2 306:1 314:1","VE_Gordon-Malmo","0","1","0","TRUE","MON","TV","S","FR1"
"2025-W35","TV35916189","TV35916189A","2756238","2025-08-25","2025-08-22","301:1 302:1 305:1 314:1","VE_Gordon-Malmo","0","1","0","TRUE","MON","TV","S","FR1"
"2025-W35","TV35915220","TV35915220A","2806148","2025-08-24","2025-08-22","301:1 302:1 307:1 317:1 318:1","VE_Gordon-Linkoping","0","1","0","TRUE","SUN","TV","S","FR1"
"2025-W35","TV35915208","TV35915208A","2819674","2025-08-24","2025-08-22","304:1 306:1 308:1 309:1","VE_Gordon-Sthlm","0","1","0","TRUE","SUN","TV","S","FR1"
"2025-W35","TV35915204","TV35915204A","2820048","2025-08-24","2025-08-22","301:3 304:3 305:2 312:2 313:2","VE_Gordon-Uppsala","0","1","0","TRUE","SUN","TV","M","FR1"
"2025-W35","TV35915288","TV35915288A","2763498","2025-08-24","2025-08-22","301:2 302:2 303:1 304:1 305:1 306:1 307:1 308:1","VE_MBB-Mma-MBB","0","1","0","TRUE","SUN","TV","M","FR1"
"2025-W35","TV35915300","TV35915300A","2819374","2025-08-24","2025-08-22","304:1 307:1 308:2 312:2","VE_Gordon-Goteborg","0","1","0","TRUE","SUN","TV","S","FR1"
"2025-W35","TV35915066","TV35915066A","2821987","2025-08-25","2025-08-22","301:2 302:2 303:1 304:1 305:1 306:1 307:1 308:1","VE_Gordon-Sthlm","1","1","0","TRUE","MON","TV","M","FR1 + WB1"
"2025-W35","TV35915532","TV35915532A","2794359","2025-08-25","2025-08-22","301:3 304:3 305:3 312:2 313:3","VE_Gordon-Malmo","0","1","0","TRUE","MON","TV","L","FR1"
"2025-W35","TV35914857","TV35914857A","2821577","2025-08-25","2025-08-22","301:1 302:1 303:1 304:1 305:1 306:1 307:1 308:1","VE_Gordon-Sthlm","1","1","0","TRUE","MON","TV","M","FR1 + WB1"
"2025-W35","TV35915489","TV35915489A","2767332","2025-08-25","2025-08-22","301:2 304:2 305:2 312:2 313:2","VE_Gordon-Goteborg","0","1","0","TRUE","MON","TV","M","FR1"
"2025-W35","TV35915738","TV35915738B","2818628","2025-08-25","2025-08-22","809:5 810:1 301:1","VE_MBB-Mma-MBB","0","1","0","TRUE","MON","TV","S","FR1"
"2025-W35","TV35916008","TV35916008A","2815029","2025-08-25","2025-08-22","301:1 302:1 303:1 304:1 305:1 306:1","VE_Gordon-Sthlm","0","1","0","TRUE","MON","TV","S","FR1"
"2025-W35","TV35914799","TV35914799A","2821454","2025-08-25","2025-08-22","301:1 302:1 304:1 315:1","VE_Gordon-Goteborg","1","1","0","TRUE","MON","TV","S","FR1 + WB1"
"2025-W35","TV35916032","TV35916032A","2820179","2025-08-25","2025-08-22","302:2 306:3 312:1 313:1 314:2 318:1","VE_Gordon-Sthlm","0","1","0","TRUE","MON","TV","M","FR1"
"2025-W35","TV35915328","TV35915328A","2821120","2025-08-24","2025-08-22","303:1 304:1 312:1 313:1","VE_Gordon-Sthlm","1","1","0","TRUE","SUN","TV","S","FR1"
"2025-W35","TV35915243","TV35915243A","2820650","2025-08-24","2025-08-22","301:2 305:1 312:1 313:1 317:1 809:4","VE_Gordon-Uppsala","1","1","0","TRUE","SUN","TV","M","FR1"
"2025-W35","TV35915257","TV35915257A","2820903","2025-08-24","2025-08-22","302:2 317:2 318:2","VE_Gordon-Malmo","1","1","0","TRUE","SUN","TV","S","FR1"
"2025-W35","TV35915992","TV35915992A","2819372","2025-08-25","2025-08-22","301:1 305:1 311:1 314:1 315:1 318:1","VE_Gordon-Uppsala","0","1","0","TRUE","MON","TV","S","FR1"
"2025-W35","TV35915546","TV35915546A","2763506","2025-08-25","2025-08-22","302:1 303:1 304:1 308:1 313:1 317:1","VE_Gordon-Linkoping","0","1","0","TRUE","MON","TV","S","FR1"
"2025-W35","TV35914788","TV35914788A","2821440","2025-08-25","2025-08-22","301:2 302:2 303:2 304:2 305:2 306:2 307:1 308:1","VE_Gordon-Malmo","1","1","0","TRUE","MON","TV","L","FR1 + WB1"
"2025-W35","TV35914910","TV35914910B","2821702","2025-08-25","2025-08-22","809:2 810:4 301:1","VE_Gordon-Sthlm","1","1","0","TRUE","MON","TV","S","FR1 + WB1"
"2025-W35","TV35915914","TV35915914A","2819747","2025-08-25","2025-08-22","301:1 302:1 303:1 304:1 305:1 306:1","VE_Gordon-Goteborg","0","1","0","TRUE","MON","TV","S","FR1"
"2025-W35","TV35914817","TV35914817A","2821495","2025-08-25","2025-08-22","301:3 302:2 305:2 312:2 313:2 317:1","VE_Gordon-Goteborg","1","1","0","TRUE","MON","TV","M","FR1 + WB1"
"2025-W35","TV35915616","TV35915616A","2814704","2025-08-25","2025-08-22","301:2 302:2 303:3 306:1 311:2 314:2 315:2","VE_Gordon-Sthlm","0","1","0","TRUE","MON","TV","L","FR1"
"2025-W35","TV35916078","TV35916078A","2819681","2025-08-26","2025-08-22","301:1 304:1 305:1 308:1 312:1 313:1","VE_Gordon-Goteborg","0","1","0","TRUE","TUE","TV","S","FR1"
"2025-W35","TV35916159","TV35916159A","2817522","2025-08-25","2025-08-22","303:1 312:1 315:1 318:1","VE_Gordon-Linkoping","0","1","0","TRUE","MON","TV","S","FR1"
"2025-W35","TV35915732","TV35915732A","2808809","2025-08-25","2025-08-22","301:2 302:2 305:2 314:2","VE_Gordon-Sthlm","0","1","0","TRUE","MON","TV","M","FR1"
"2025-W35","TV35915757","TV35915757A","2820657","2025-08-25","2025-08-22","301:2 302:2 305:2 314:2 318:2","VE_Gordon-Sthlm","0","1","0","TRUE","MON","TV","M","FR1"
"2025-W35","TV35916130","TV35916130A","2802414","2025-08-25","2025-08-22","301:1 310:1 312:1 314:1 317:1 318:1","VE_Gordon-Uppsala","0","1","0","TRUE","MON","TV","S","FR1"
"2025-W35","TV35915921","TV35915921A","2769745","2025-08-25","2025-08-22","303:2 304:2 306:2","VE_Gordon-Uppsala","0","1","0","TRUE","MON","TV","S","FR1"
"2025-W35","TV35914881","TV35914881A","2821646","2025-08-25","2025-08-22","301:3 304:2 307:3 311:2 317:2","VE_Gordon-Vasteras","1","1","0","TRUE","MON","TV","M","FR1 + WB1"
"2025-W35","TV35915074","TV35915074A","2822003","2025-08-25","2025-08-22","301:1 305:1 311:1 314:1","VE_Gordon-Sthlm","1","1","0","TRUE","MON","TV","S","FR1 + WB1"
"2025-W35","TV35915209","TV35915209A","2811632","2025-08-24","2025-08-22","303:1 304:1 306:1 307:1 308:1 316:1 810:4","VE_Gordon-Malmo","0","1","0","TRUE","SUN","TV","M","FR1"
"2025-W35","TV35915198","TV35915198A","2815534","2025-08-24","2025-08-22","301:1 302:1 303:1 304:1","VE_Gordon-Goteborg","1","1","0","TRUE","SUN","TV","S","FR1"
"2025-W35","TV35915307","TV35915307A","2819511","2025-08-24","2025-08-22","301:1 302:1 303:1 305:1 306:1 308:1 312:1 315:1","VE_MBB-Mma-MBB","0","1","0","TRUE","SUN","TV","M","FR1"
"2025-W35","TV35915316","TV35915316A","2820630","2025-08-24","2025-08-22","301:2 302:2 303:1 304:1 305:1 306:1 307:1 308:1","VE_Gordon-Malmo","1","1","0","TRUE","SUN","TV","M","FR1"
"2025-W35","TV35915678","TV35915678A","2820748","2025-08-25","2025-08-22","301:2 302:2 305:3 307:1 318:2","VE_Gordon-Vasteras","0","1","0","TRUE","MON","TV","M","FR1"
"2025-W35","TV35915793","TV35915793A","2818176","2025-08-25","2025-08-22","304:2 305:2 312:2 314:2 317:2","VE_Gordon-Goteborg","0","1","0","TRUE","MON","TV","M","FR1"
"2025-W35","TV35915072","TV35915072A","2761096","2025-08-25","2025-08-22","301:1 302:1 304:1 306:1 307:1 313:1 314:3 318:1","VE_Gordon-Sthlm","1","1","0","TRUE","MON","TV","M","FR1 + WB1"
"2025-W35","TV35914868","TV35914868A","2820880","2025-08-25","2025-08-22","301:2 302:2 303:2 304:2 305:2 306:2 307:1 308:1","VE_Gordon-Umea","1","1","0","TRUE","MON","TV","L","FR1 + WB1"
"2025-W35","TV35915428","TV35915428A","2810819","2025-08-25","2025-08-22","305:1 311:1 315:1 318:1","VE_Gordon-Sthlm","0","1","0","TRUE","MON","TV","S","FR1"
"2025-W35","TV35915832","TV35915832A","2819211","2025-08-25","2025-08-22","301:1 302:1 305:1 314:1","VE_Gordon-Sthlm","0","1","0","TRUE","MON","TV","S","FR1"
"2025-W35","TV35915606","TV35915606A","2820446","2025-08-25","2025-08-22","302:1 303:1 308:1 314:2 318:1","VE_Gordon-Umea","0","1","0","TRUE","MON","TV","S","FR1"
"2025-W35","TV35915357","TV35915357A","2757316","2025-08-26","2025-08-22","301:1 311:1 314:1 317:1","VE_Gordon-Goteborg","1","1","0","TRUE","TUE","TV","S","FR1 + WB1"
"2025-W35","TV35916232","TV35916232A","2793992","2025-08-25","2025-08-22","301:2 302:2 303:2 304:2 305:1 306:1 307:1 308:1","VE_Gordon-Vasteras","0","1","0","TRUE","MON","TV","M","FR1"
"2025-W35","TV35915144","TV35915144A","2822125","2025-08-25","2025-08-22","301:1 302:1 304:1 312:1","VE_Gordon-Malmo","1","1","0","TRUE","MON","TV","S","FR1 + WB1"
"2025-W35","TV35914856","TV35914856A","2821574","2025-08-25","2025-08-22","301:1 302:1 303:1 304:1","VE_Gordon-Sthlm","1","1","0","TRUE","MON","TV","S","FR1 + WB1"
"2025-W35","TV35913611","TV35913611A","2821076","2025-08-25","2025-08-22","301:2 303:1 304:2 317:3","VE_Gordon-Goteborg","1","1","0","TRUE","MON","TV","M","FR1 + WB1"
"2025-W35","TV35916265","TV35916265A","2794439","2025-08-25","2025-08-22","301:1 303:1 305:1 306:1 307:1 308:1 315:1 316:1","VE_Gordon-Sthlm","0","1","0","TRUE","MON","TV","M","FR1"
"2025-W35","TV35916259","TV35916259A","2819950","2025-08-25","2025-08-22","301:3 304:3 305:3 312:2 313:3","VE_Gordon-Sthlm","0","1","0","TRUE","MON","TV","L","FR1"
"2025-W35","TV35914904","TV35914904A","2821693","2025-08-25","2025-08-22","301:1 304:1 305:1 313:1","VE_Gordon-Sthlm","1","1","0","TRUE","MON","TV","S","FR1 + WB1"
"2025-W35","TV35914897","TV35914897A","2821682","2025-08-25","2025-08-22","301:1 303:1 305:1 307:1 315:1 317:1","VE_Gordon-Uppsala","1","1","0","TRUE","MON","TV","S","FR1 + WB1"
"2025-W35","TV35915128","TV35915128A","2822101","2025-08-25","2025-08-22","301:2 302:2 303:2 305:2 317:2","VE_Gordon-Sthlm","1","1","0","TRUE","MON","TV","M","FR1 + WB1"
"2025-W35","TV35916296","TV35916296A","2805458","2025-08-25","2025-08-22","301:2 302:2 311:1 312:4 313:1 314:2 316:1 318:1","VE_Gordon-Sthlm","0","1","0","TRUE","MON","TV","L","FR1"
"2025-W35","TV35916333","TV35916333A","2812731","2025-08-25","2025-08-22","301:3 304:3 305:3 312:2 313:3","VE_Gordon-Sthlm","0","1","0","TRUE","MON","TV","L","FR1"
"2025-W35","TV35915525","TV35915525A","2821424","2025-08-25","2025-08-22","302:2 304:2 305:1 307:1 308:1 310:1 311:1 312:1 314:2 317:2","VE_Gordon-Malmo","0","1","0","TRUE","MON","TV","L","FR1"
"2025-W35","TV35915589","TV35915589A","2753651","2025-08-25","2025-08-22","303:2 304:1 306:1 307:1 308:1","VE_MBB-Mma-MBB","0","1","0","TRUE","MON","TV","S","FR1"
"2025-W35","TV35915810","TV35915810A","2754770","2025-08-25","2025-08-22","304:2 307:2 311:2 313:2","VE_Gordon-Sthlm","0","1","0","TRUE","MON","TV","M","FR1"
"2025-W35","TV35916303","TV35916303A","2783468","2025-08-25","2025-08-22","301:1 302:1 303:1 304:1 305:1 306:1 307:1 308:1","VE_Gordon-Goteborg","0","1","0","TRUE","MON","TV","M","FR1"
"2025-W35","TV35915643","TV35915643A","2751268","2025-08-25","2025-08-22","301:1 302:1 304:1 308:1 312:1 314:1","VE_Gordon-Sthlm","0","1","0","TRUE","MON","TV","S","FR1"
"2025-W35","TV35914853","TV35914853A","2821564","2025-08-25","2025-08-22","301:2 303:1 304:2 305:2 312:2 315:1 317:2","VE_Gordon-Goteborg","1","1","0","TRUE","MON","TV","M","FR1 + WB1"
"2025-W35","TV35915436","TV35915436A","2809013","2025-08-25","2025-08-22","301:1 302:1 303:1 304:1 305:1 306:1 307:1 308:1","VE_Gordon-Sthlm","0","1","0","TRUE","MON","TV","M","FR1"
"2025-W35","TV35915978","TV35915978A","2821093","2025-08-25","2025-08-22","301:2 302:2 304:1 305:1 306:1 307:1 311:1 318:1","VE_Gordon-Sthlm","0","1","0","TRUE","MON","TV","M","FR1"
"2025-W35","TV35915866","TV35915866A","2819924","2025-08-25","2025-08-22","303:3 304:1 306:1 309:1 315:1","VE_Gordon-Goteborg","0","1","0","TRUE","MON","TV","M","FR1"
"2025-W35","TV35915108","TV35915108A","2777392","2025-08-25","2025-08-22","303:2 304:2 306:2 307:2 308:2","VE_Gordon-Goteborg","1","1","0","TRUE","MON","TV","M","FR1 + WB1"
"2025-W35","TV35916136","TV35916136A","2801672","2025-08-25","2025-08-22","301:1 304:1 305:1 313:1","VE_Gordon-Sthlm","0","1","0","TRUE","MON","TV","S","FR1"
"2025-W35","TV35916251","TV35916251A","2820382","2025-08-25","2025-08-22","303:1 305:1 307:1 308:1 314:1 315:1 316:1 318:1","VE_Gordon-Uppsala","0","1","0","TRUE","MON","TV","M","FR1"
"2025-W35","TV35915146","TV35915146A","2822127","2025-08-25","2025-08-22","301:3 304:2 305:3 312:2 313:3 314:1","VE_Gordon-Sthlm","1","1","0","TRUE","MON","TV","L","FR1 + WB1"
"2025-W35","TV35915638","TV35915638A","2810786","2025-08-25","2025-08-22","301:1 302:1 303:1 304:1 305:1 306:1 307:1 308:1","VE_Gordon-Sthlm","0","1","0","TRUE","MON","TV","M","FR1"
"2025-W35","TV35915861","TV35915861A","2820096","2025-08-25","2025-08-22","314:1 317:1 318:2","VE_Gordon-Sthlm","0","1","0","TRUE","MON","TV","S","FR1"
"2025-W35","TV35916312","TV35916312A","2798033","2025-08-25","2025-08-22","301:3 304:3 305:3 312:2 313:3","VE_MBB-Mma-MBB","0","1","0","TRUE","MON","TV","L","FR1"
"2025-W35","TV35914830","TV35914830A","2821523","2025-08-25","2025-08-22","301:2 302:2 304:2 305:2 306:2 307:1 308:1 311:1 318:1","VE_Gordon-Vasteras","1","1","0","TRUE","MON","TV","L","FR1 + WB1"
"2025-W35","TV35915445","TV35915445A","2782482","2025-08-25","2025-08-22","301:2 302:1 303:2 304:1 307:1 308:1","VE_Gordon-Sthlm","0","1","0","TRUE","MON","TV","M","FR1"
"2025-W35","TV35915720","TV35915720A","2804309","2025-08-25","2025-08-22","303:2 304:2 306:2 307:1 308:1 806:2","VE_Gordon-Sthlm","0","1","0","TRUE","MON","TV","M","FR1"
"2025-W35","TV35915291","TV35915291A","2751837","2025-08-24","2025-08-22","301:2 304:1 305:1 310:2 313:2 314:1 315:1","VE_MBB-Mma-MBB","0","1","0","TRUE","SUN","TV","M","FR1"
"2025-W35","TV35915213","TV35915213A","2820739","2025-08-24","2025-08-22","301:1 302:1 303:1 305:1 308:1 312:1","VE_Gordon-Goteborg","1","1","0","TRUE","SUN","TV","S","FR1"
"2025-W35","TV35915272","TV35915272A","2819900","2025-08-24","2025-08-22","301:2 303:2 305:2 307:2","VE_Gordon-Goteborg","0","1","0","TRUE","SUN","TV","M","FR1"
"2025-W35","TV35915514","TV35915514A","2819550","2025-08-25","2025-08-22","301:2 305:1 312:1 313:2 315:1 317:2 318:1","VE_MBB-Mma-MBB","0","1","0","TRUE","MON","TV","M","FR1"
"2025-W35","TV35914827","TV35914827A","2804012","2025-08-25","2025-08-22","301:2 302:1 303:1 306:1 311:1 314:1 317:1 809:4","VE_Gordon-Sthlm","1","1","0","TRUE","MON","TV","M","FR1 + WB1"
"2025-W35","TV35915480","TV35915480A","2773237","2025-08-25","2025-08-22","301:1 302:2 305:1 311:2 312:2 314:1 317:1","VE_Gordon-Linkoping","0","1","0","TRUE","MON","TV","M","FR1"
"2025-W35","TV35914886","TV35914886A","2821658","2025-08-25","2025-08-22","301:2 302:2 303:1 304:1 305:1 306:1 307:1 308:1","VE_Gordon-Uppsala","1","1","0","TRUE","MON","TV","M","FR1 + WB1"
"2025-W35","TV35914797","TV35914797A","2821452","2025-08-25","2025-08-22","301:2 304:2 305:2 308:1 309:1 312:1 315:2 316:1","VE_Gordon-Uppsala","1","1","0","TRUE","MON","TV","M","FR1 + WB1"
"2025-W35","TV35914832","TV35914832A","2821525","2025-08-25","2025-08-22","301:1 303:1 304:1 305:1 312:1 313:1","VE_MBB-Mma-MBB","1","1","0","TRUE","MON","TV","S","FR1 + WB1"
"2025-W35","TV35915711","TV35915711A","2820235","2025-08-25","2025-08-22","303:2 305:1 317:1 318:2","VE_Gordon-Sthlm","0","1","0","TRUE","MON","TV","S","FR1"
"2025-W35","TV35915942","TV35915942A","2766131","2025-08-25","2025-08-22","302:1 305:1 311:1 312:1 314:1 318:1","VE_Gordon-Goteborg","0","1","0","TRUE","MON","TV","S","FR1"
"2025-W35","TV35915406","TV35915406A","2821365","2025-08-25","2025-08-22","301:1 302:1 308:1 315:1 317:1 318:1","VE_Gordon-Sthlm","0","1","0","TRUE","MON","TV","S","FR1"
"2025-W35","TV35916103","TV35916103A","2820784","2025-08-25","2025-08-22","301:1 302:1 303:1 304:1 305:1 306:1 307:1 308:1","VE_Gordon-Umea","0","1","0","TRUE","MON","TV","M","FR1"
"2025-W35","TV35915548","TV35915548A","2753611","2025-08-25","2025-08-22","301:3 302:3 305:3 314:3","VE_Gordon-Sthlm","0","1","0","TRUE","MON","TV","M","FR1"
"2025-W35","TV35916144","TV35916144A","2796687","2025-08-25","2025-08-22","301:2 302:2 305:1 309:2 310:2 312:1 317:2","VE_Gordon-Sthlm","0","1","0","TRUE","MON","TV","M","FR1"
"2025-W35","TV35915733","TV35915733A","2794755","2025-08-25","2025-08-22","302:1 313:1 314:3 317:1","VE_Gordon-Sthlm","0","1","0","TRUE","MON","TV","S","FR1"
"2025-W35","TV35915911","TV35915911A","2821036","2025-08-25","2025-08-22","301:1 302:2 303:2 307:2 318:1","VE_Gordon-Goteborg","0","1","0","TRUE","MON","TV","M","FR1"
"2025-W35","TV35916106","TV35916106A","2764065","2025-08-25","2025-08-22","304:1 306:1 307:1 308:1 311:2","VE_Gordon-Malmo","0","1","0","TRUE","MON","TV","S","FR1"
"2025-W35","TV35915726","TV35915726A","2820506","2025-08-25","2025-08-22","301:1 303:1 304:2 308:1 309:2 312:1 314:1 315:1","VE_MBB-Mma-MBB","0","1","0","TRUE","MON","TV","M","FR1"
"2025-W35","TV35914982","TV35914982A","2821851","2025-08-25","2025-08-22","301:2 304:1 305:1 312:1 313:1","VE_Gordon-Linkoping","1","1","0","TRUE","MON","TV","S","FR1 + WB1"
"2025-W35","TV35916135","TV35916135A","2787721","2025-08-25","2025-08-22","301:1 302:1 303:1 305:1 306:1 307:1 315:1 317:1","VE_Gordon-Linkoping","0","1","0","TRUE","MON","TV","M","FR1"
"2025-W35","TV35913453","TV35913453A","2820774","2025-08-25","2025-08-22","301:1 302:1 303:1 304:1 313:1 317:1","VE_Gordon-Sthlm","1","1","0","TRUE","MON","TV","S","FR1 + WB1"
"2025-W35","TV35915935","TV35915935A","2821414","2025-08-25","2025-08-22","301:1 302:1 304:1 305:1 307:1 308:1 311:1 312:1 313:1 314:1","VE_Gordon-Goteborg","0","1","0","TRUE","MON","TV","M","FR1"
"2025-W35","TV35915758","TV35915758A","2767853","2025-08-25","2025-08-22","301:3 304:3 305:3 312:2 313:3","VE_Gordon-Malmo","0","1","0","TRUE","MON","TV","L","FR1"
"2025-W35","TV35916186","TV35916186A","2751667","2025-08-25","2025-08-22","301:1 304:1 305:1 306:1 308:1 312:1","VE_Gordon-Uppsala","0","1","0","TRUE","MON","TV","S","FR1"
"2025-W35","TV35914816","TV35914816A","2821485","2025-08-25","2025-08-22","301:2 302:2 307:2 308:2 312:2 315:2","VE_Gordon-Sthlm","1","1","0","TRUE","MON","TV","M","FR1 + WB1"
"2025-W35","TV35915875","TV35915875A","2754048","2025-08-25","2025-08-22","302:3 303:2 308:2 312:3 313:4","VE_Gordon-Sthlm","0","1","0","TRUE","MON","TV","L","FR1"
"2025-W35","TV35915749","TV35915749A","2803680","2025-08-25","2025-08-22","301:2 302:2 305:2 314:2","VE_Gordon-Uppsala","0","1","0","TRUE","MON","TV","M","FR1"
"2025-W35","TV35916115","TV35916115A","2780248","2025-08-25","2025-08-22","301:2 304:2 305:2 312:1 313:1","VE_Gordon-Malmo","0","1","0","TRUE","MON","TV","M","FR1"
"2025-W35","TV35915653","TV35915653A","2813685","2025-08-25","2025-08-22","301:1 302:1 303:1 304:1 305:1 306:1 307:1 308:1","VE_MBB-Mma-MBB","0","1","0","TRUE","MON","TV","M","FR1"
"2025-W35","TV35914915","TV35914915A","2821710","2025-08-25","2025-08-22","301:2 303:1 305:1 317:1 318:1","VE_Gordon-Halmstad","1","1","0","TRUE","MON","TV","S","FR1 + WB1"
"2025-W35","TV35915005","TV35915005A","2821891","2025-08-25","2025-08-22","301:1 303:1 315:1 316:1","VE_Gordon-Uppsala","1","1","0","TRUE","MON","TV","S","FR1 + WB1"
"2025-W35","TV35916181","TV35916181A","2819490","2025-08-25","2025-08-22","301:2 302:2 305:1 314:1","VE_Gordon-Malmo","0","1","0","TRUE","MON","TV","S","FR1"
"2025-W35","TV35914975","TV35914975A","2821833","2025-08-25","2025-08-22","301:2 304:2 305:2 312:2 313:2 315:2","VE_Gordon-Goteborg","1","1","0","TRUE","MON","TV","M","FR1 + WB1"
"2025-W35","TV35916064","TV35916064A","2774003","2025-08-25","2025-08-22","308:2 309:2 310:2 312:2","VE_Gordon-Sthlm","0","1","0","TRUE","MON","TV","M","FR1"
"2025-W35","TV35915451","TV35915451A","2820699","2025-08-25","2025-08-22","303:1 304:3 307:1 310:1 311:1 314:2 318:1","VE_Gordon-Sthlm","0","1","0","TRUE","MON","TV","M","FR1"
"2025-W35","TV35915169","TV35915169A","2822165","2025-08-25","2025-08-22","301:2 302:2 303:2 305:2 306:2 307:1 313:1 316:2","VE_Gordon-Vasteras","1","1","0","TRUE","MON","TV","L","FR1 + WB1"
"2025-W35","TV35915891","TV35915891A","2806246","2025-08-25","2025-08-22","301:2 305:2 306:2 312:2","VE_Gordon-Sthlm","0","1","0","TRUE","MON","TV","M","FR1"
"2025-W35","TV35915206","TV35915206A","2792459","2025-08-24","2025-08-22","301:1 303:2 305:1 306:2 308:1 313:1","VE_Gordon-Sthlm","0","1","0","TRUE","SUN","TV","M","FR1"
"2025-W35","TV35915258","TV35915258A","2815108","2025-08-24","2025-08-22","304:3 312:1 313:1 314:3","VE_Gordon-Sthlm","0","1","0","TRUE","SUN","TV","M","FR1"
"2025-W35","TV35915016","TV35915016A","2821906","2025-08-25","2025-08-22","301:2 303:1 305:1 307:1 311:1 314:1 316:1 317:1 318:1","VE_Gordon-Uppsala","1","1","0","TRUE","MON","TV","M","FR1 + WB1"
"2025-W35","TV35916133","TV35916133A","2809358","2025-08-25","2025-08-22","301:1 302:1 305:1 306:1 307:1 311:1 312:1 313:1 314:1 315:1 317:1 318:1","VE_Gordon-Vasteras","0","1","0","TRUE","MON","TV","M","FR1"
"2025-W35","TV35915110","TV35915110A","2821804","2025-08-25","2025-08-22","303:2 304:1 306:3 307:2 308:2 310:2 311:2","VE_Gordon-Sthlm","1","1","0","TRUE","MON","TV","L","FR1 + WB1"
"2025-W35","TV35916123","TV35916123A","2797173","2025-08-25","2025-08-22","301:1 306:1 308:1 310:1 317:1 318:3","VE_Gordon-Sthlm","0","1","0","TRUE","MON","TV","M","FR1"
"2025-W35","TV35915654","TV35915654A","2812183","2025-08-25","2025-08-22","303:1 304:2 307:2 308:2 311:1 312:1 315:2 316:1","VE_Gordon-Sthlm","0","1","0","TRUE","MON","TV","M","FR1"
"2025-W35","TV35916244","TV35916244A","2770232","2025-08-25","2025-08-22","304:1 308:1 313:1 316:1","VE_Gordon-Sthlm","0","1","0","TRUE","MON","TV","S","FR1"
"2025-W35","TV35915665","TV35915665A","2791475","2025-08-25","2025-08-22","304:1 306:1 307:1 316:1","VE_Gordon-Goteborg","0","1","0","TRUE","MON","TV","S","FR1"
"2025-W35","TV35914944","TV35914944A","2821764","2025-08-25","2025-08-22","303:1 304:1 306:1 307:3 308:3 311:1 312:1 313:1 315:1 316:1","VE_Gordon-Sthlm","1","1","0","TRUE","MON","TV","L","FR1 + WB1"
"2025-W35","TV35915989","TV35915989A","2789623","2025-08-26","2025-08-22","301:1 304:1 305:1 311:1 312:1 313:1 314:1 317:1","VE_Gordon-Goteborg","0","1","0","TRUE","TUE","TV","M","FR1"
"2025-W35","TV35915411","TV35915411A","2815307","2025-08-25","2025-08-22","301:1 302:1 303:1 304:1 305:1 306:1 805:2 809:1 810:1","VE_Gordon-Sthlm","0","1","0","TRUE","MON","TV","M","FR1"
"2025-W35","TV35915192","TV35915192A","2756353","2025-08-25","2025-08-22","301:1 302:1 303:1 305:1 310:1 312:1 315:1 317:1 806:3","VE_Gordon-Sthlm","1","1","0","TRUE","MON","TV","M","FR1 + WB1"
"2025-W35","TV35916319","TV35916319A","2781754","2025-08-25","2025-08-22","303:1 306:1 307:1 308:1 312:1 316:1","VE_Gordon-Vasteras","0","1","0","TRUE","MON","TV","S","FR1"
"2025-W35","TV35914806","TV35914806A","2821476","2025-08-25","2025-08-22","302:2 303:1 305:3 308:1 311:2 313:1 314:2 315:2","VE_Gordon-Sthlm","1","1","0","TRUE","MON","TV","L","FR1 + WB1"
"2025-W35","TV35915825","TV35915825A","2799285","2025-08-25","2025-08-22","301:1 302:1 303:1 304:1","VE_Gordon-Sthlm","0","1","0","TRUE","MON","TV","S","FR1"
"2025-W35","TV35915715","TV35915715A","2811089","2025-08-25","2025-08-22","302:1 303:1 314:1 318:1","VE_Gordon-Uppsala","0","1","0","TRUE","MON","TV","S","FR1"
"2025-W35","TV35916153","TV35916153A","2769943","2025-08-25","2025-08-22","303:1 306:1 307:1 315:1","VE_MBB-Mma-MBB","0","1","0","TRUE","MON","TV","S","FR1"
"2025-W35","TV35915973","TV35915973A","2766649","2025-08-25","2025-08-22","301:2 304:1 305:1 312:1 313:1","VE_Gordon-Sthlm","0","1","0","TRUE","MON","TV","S","FR1"
"2025-W35","TV35913619","TV35913619A","2821087","2025-08-24","2025-08-22","305:1 308:2 309:1 310:1 312:3 313:1 315:1","VE_Gordon-Goteborg","1","1","0","TRUE","SUN","TV","M","FR1 + WB1"
"2025-W35","TV35914957","TV35914957A","2821791","2025-08-24","2025-08-22","301:1 302:1 303:1 305:1 306:1 307:1 311:1 312:1 314:1 318:1 805:2 809:1 810:1","VE_Gordon-Sthlm","1","1","0","TRUE","SUN","TV","L","FR1 + WB1"
"2025-W35","TV35915242","TV35915242A","2769209","2025-08-24","2025-08-22","301:1 305:1 312:1 317:1 318:2","VE_Gordon-Uppsala","0","1","0","TRUE","SUN","TV","S","FR1"
"2025-W35","TV35915043","TV35915043A","2821958","2025-08-25","2025-08-22","301:2 302:3 304:2 305:2 313:1","VE_Gordon-Malmo","1","1","0","TRUE","MON","TV","M","FR1 + WB1"
"2025-W35","TV35915561","TV35915561A","2789062","2025-08-25","2025-08-22","303:1 304:1 307:1 308:2 313:1 317:2","VE_Gordon-Sthlm","0","1","0","TRUE","MON","TV","M","FR1"
"2025-W35","TV35915521","TV35915521A","2821398","2025-08-25","2025-08-22","301:2 302:2 305:2 314:2 318:1","VE_Gordon-Sthlm","0","1","0","TRUE","MON","TV","M","FR1"
"2025-W35","TV35916283","TV35916283A","2811547","2025-08-25","2025-08-22","302:1 303:1 307:1 309:1 315:1 317:1","VE_Gordon-Sthlm","0","1","0","TRUE","MON","TV","S","FR1"
"2025-W35","TV35915631","TV35915631A","2776654","2025-08-25","2025-08-22","302:1 304:2 305:2 307:1 313:2","VE_Gordon-Sthlm","0","1","0","TRUE","MON","TV","M","FR1"
"2025-W35","TV35914838","TV35914838A","2821533","2025-08-25","2025-08-22","302:2 304:2 308:2 312:2 313:2 314:1 315:3","VE_Gordon-Sthlm","1","1","0","TRUE","MON","TV","L","FR1 + WB1"
"2025-W35","TV35914840","TV35914840A","2821539","2025-08-25","2025-08-22","301:1 305:1 311:1 314:1","VE_Gordon-Sthlm","1","1","0","TRUE","MON","TV","S","FR1 + WB1"
"2025-W35","TV35916056","TV35916056A","2805168","2025-08-25","2025-08-22","303:2 304:1 306:1 307:1 308:1","VE_Gordon-Uppsala","0","1","0","TRUE","MON","TV","S","FR1"
"2025-W35","TV35915780","TV35915780A","2787466","2025-08-25","2025-08-22","303:2 308:1 312:1 313:2 317:1 318:1","VE_Gordon-Sthlm","0","1","0","TRUE","MON","TV","M","FR1"
"2025-W35","TV35916301","TV35916301A","2819922","2025-08-25","2025-08-22","302:1 303:1 310:1 312:1","VE_Gordon-Sthlm","0","1","0","TRUE","MON","TV","S","FR1"
"2025-W35","TV35916163","TV35916163A","2821112","2025-08-25","2025-08-22","301:1 302:1 305:1 311:1 314:1 318:1","VE_MBB-Mma-MBB","0","1","0","TRUE","MON","TV","S","FR1"
"2025-W35","TV35915714","TV35915714A","2759565","2025-08-25","2025-08-22","303:2 304:1 306:1 307:1 308:1","VE_Gordon-Sthlm","0","1","0","TRUE","MON","TV","S","FR1"
"2025-W35","TV35915067","TV35915067A","2821989","2025-08-25","2025-08-22","301:1 302:1 305:1 307:1 314:1","VE_MBB-Mma-MBB","1","1","0","TRUE","MON","TV","S","FR1 + WB1"
"2025-W35","TV35915751","TV35915751A","2757791","2025-08-25","2025-08-22","305:1 312:1 313:1 314:1 315:2","VE_MBB-Mma-MBB","0","1","0","TRUE","MON","TV","S","FR1"
"2025-W35","TV35915484","TV35915484A","2812479","2025-08-25","2025-08-22","301:3 304:3 305:3 312:2 313:3","VE_Gordon-Sthlm","0","1","0","TRUE","MON","TV","L","FR1"
"2025-W35","TV35915389","TV35915389A","2809749","2025-08-25","2025-08-22","301:2 304:2 305:2 306:2 307:2 308:2 312:2","VE_Gordon-Uppsala","1","1","0","TRUE","MON","TV","L","FR1 + WB1"
"2025-W35","TV35915652","TV35915652A","2819953","2025-08-25","2025-08-22","301:1 302:1 305:1 314:1","VE_Gordon-Sthlm","0","1","0","TRUE","MON","TV","S","FR1"
"2025-W35","TV35915996","TV35915996A","2819503","2025-08-25","2025-08-22","301:1 305:1 307:1 312:1","VE_Gordon-Uppsala","0","1","0","TRUE","MON","TV","S","FR1"
"2025-W35","TV35915615","TV35915615A","2807649","2025-08-25","2025-08-22","308:1 311:1 312:1 315:1","VE_Gordon-Sthlm","0","1","0","TRUE","MON","TV","S","FR1"
"2025-W35","TV35915196","TV35915196A","2814128","2025-08-24","2025-08-22","301:2 302:2 303:1 304:1 305:1 306:1 307:1 308:1","VE_Gordon-Uppsala","0","1","0","TRUE","SUN","TV","M","FR1"
"2025-W35","TV35915308","TV35915308A","2821211","2025-08-24","2025-08-22","301:1 302:3 305:1 306:2 308:2 310:2 311:1 313:1 314:1","VE_Gordon-Sthlm","1","1","0","TRUE","SUN","TV","L","FR1"
"2025-W35","TV35915576","TV35915576A","2815853","2025-08-25","2025-08-22","301:3 302:3 305:2 314:2","VE_Gordon-Sthlm","0","1","0","TRUE","MON","TV","M","FR1"
"2025-W35","TV35915002","TV35915002A","2821566","2025-08-25","2025-08-22","301:2 302:1 304:2 305:2 312:2 313:1","VE_Gordon-Linkoping","1","1","0","TRUE","MON","TV","M","FR1 + WB1"
"2025-W35","TV35916007","TV35916007A","2820987","2025-08-25","2025-08-22","301:1 302:1 304:1 306:1 310:1 311:1","VE_Gordon-Sthlm","0","1","0","TRUE","MON","TV","S","FR1"
"2025-W35","TV35915852","TV35915852A","2816537","2025-08-25","2025-08-22","303:1 305:1 306:1 313:1 315:1 317:1","VE_Gordon-Sthlm","0","1","0","TRUE","MON","TV","S","FR1"
"2025-W35","TV35914824","TV35914824A","2821507","2025-08-25","2025-08-22","301:3 307:2 308:2 311:2 314:1","VE_Gordon-Sthlm","1","1","0","TRUE","MON","TV","M","FR1 + WB1"
"2025-W35","TV35915138","TV35915138A","2769673","2025-08-25","2025-08-22","301:2 302:2 305:1 314:1","VE_Gordon-Sthlm","1","1","0","TRUE","MON","TV","S","FR1 + WB1"
"2025-W35","TV35915574","TV35915574A","2751520","2025-08-25","2025-08-22","301:1 302:1 303:1 304:1 305:1 306:1","VE_Gordon-Malmo","0","1","0","TRUE","MON","TV","S","FR1"
"2025-W35","TV35915830","TV35915830A","2808051","2025-08-25","2025-08-22","312:8","VE_Gordon-Sthlm","0","1","0","TRUE","MON","TV","M","FR1"
"2025-W35","TV35915617","TV35915617A","2761500","2025-08-25","2025-08-22","301:2 304:2 305:2 311:2 313:2 314:2","VE_Gordon-Malmo","0","1","0","TRUE","MON","TV","M","FR1"
"2025-W35","TV35915587","TV35915587A","2819220","2025-08-25","2025-08-22","304:2 305:2 312:2 313:2","VE_Gordon-Uppsala","0","1","0","TRUE","MON","TV","M","FR1"
"2025-W35","TV35915591","TV35915591A","2820833","2025-08-25","2025-08-22","301:1 303:1 305:1 317:2 318:1","VE_Gordon-Vasteras","0","1","0","TRUE","MON","TV","S","FR1"
"2025-W35","TV35915044","TV35915044A","2821959","2025-08-25","2025-08-22","301:1 304:1 307:1 312:1","VE_Gordon-Sthlm","1","1","0","TRUE","MON","TV","S","FR1 + WB1"
"2025-W35","TV35916050","TV35916050A","2782577","2025-08-25","2025-08-22","301:3 302:3 305:2 314:2","VE_Gordon-Sthlm","0","1","0","TRUE","MON","TV","M","FR1"
"2025-W35","TV35914880","TV35914880A","2821637","2025-08-25","2025-08-22","301:2 304:2 305:2 312:2 313:2","VE_Gordon-Vasteras","1","1","0","TRUE","MON","TV","M","FR1 + WB1"
"2025-W35","TV35915816","TV35915816A","2820520","2025-08-25","2025-08-22","301:2 302:2 303:1 304:1 305:1 306:1 307:1 308:1","VE_Gordon-Halmstad","0","1","0","TRUE","MON","TV","M","FR1"
"2025-W35","TV35915420","TV35915420A","2783488","2025-08-25","2025-08-22","301:2 304:2 305:2 312:1 313:1","VE_Gordon-Vasteras","0","1","0","TRUE","MON","TV","M","FR1"
"2025-W35","TV35914908","TV35914908A","2821696","2025-08-25","2025-08-22","302:2 303:2 305:1 315:1","VE_Gordon-Linkoping","1","1","0","TRUE","MON","TV","S","FR1 + WB1"
"2025-W35","TV35916206","TV35916206A","2819318","2025-08-25","2025-08-22","304:3 306:2 308:3","VE_Gordon-Malmo","0","1","0","TRUE","MON","TV","M","FR1"
"2025-W35","TV35916116","TV35916116A","2808053","2025-08-25","2025-08-22","301:1 302:1 303:1 304:1 305:1 306:1","VE_Gordon-Sthlm","0","1","0","TRUE","MON","TV","S","FR1"
"2025-W35","TV35916002","TV35916002A","2820355","2025-08-25","2025-08-22","301:2 302:2 303:1 304:1 305:1 306:1 307:1 308:1","VE_Gordon-Goteborg","0","1","0","TRUE","MON","TV","M","FR1"
"2025-W35","TV35916293","TV35916293A","2814266","2025-08-25","2025-08-22","301:1 302:1 317:1 318:1","VE_Gordon-Sthlm","0","1","0","TRUE","MON","TV","S","FR1"
"2025-W35","TV35915931","TV35915931A","2810072","2025-08-25","2025-08-22","304:1 308:1 311:1 312:1 314:1 316:1","VE_Gordon-Malmo","0","1","0","TRUE","MON","TV","S","FR1"
"2025-W35","TV35916042","TV35916042A","2791999","2025-08-25","2025-08-22","301:1 304:1 305:1 313:1","VE_Gordon-Sthlm","0","1","0","TRUE","MON","TV","S","FR1"
"2025-W35","TV35915811","TV35915811A","2764917","2025-08-25","2025-08-22","302:1 303:1 306:1 311:1 314:1 318:1","VE_MBB-Mma-MBB","0","1","0","TRUE","MON","TV","S","FR1"
"2025-W35","TV35915869","TV35915869A","2820334","2025-08-25","2025-08-22","302:1 303:2 310:1 313:1 316:1","VE_Gordon-Sthlm","0","1","0","TRUE","MON","TV","S","FR1"
"2025-W35","TV35915579","TV35915579A","2766574","2025-08-25","2025-08-22","301:1 304:1 305:1 313:1","VE_Gordon-Vasteras","0","1","0","TRUE","MON","TV","S","FR1"
"2025-W35","TV35914796","TV35914796A","2821449","2025-08-24","2025-08-22","301:2 304:2 305:2 312:1 313:1","VE_Gordon-Goteborg","1","1","0","TRUE","SUN","TV","M","FR1 + WB1"
"2025-W35","TV35915096","TV35915096A","2822031","2025-08-25","2025-08-22","301:2 302:2 303:2 304:1 314:1","VE_Gordon-Sthlm","1","1","0","TRUE","MON","TV","M","FR1 + WB1"
"2025-W35","TV35915803","TV35915803A","2806817","2025-08-25","2025-08-22","302:1 303:1 305:1 312:1 314:2 316:1 317:1","VE_Gordon-Sthlm","0","1","0","TRUE","MON","TV","M","FR1"
"2025-W35","TV35915777","TV35915777A","2797572","2025-08-25","2025-08-22","301:2 302:2 305:1 314:1","VE_Gordon-Linkoping","0","1","0","TRUE","MON","TV","S","FR1"
"2025-W35","TV35914859","TV35914859A","2821579","2025-08-25","2025-08-22","301:1 302:1 303:1 305:1 307:1 312:1 313:1 318:1","VE_Gordon-Uppsala","1","1","0","TRUE","MON","TV","M","FR1 + WB1"
"2025-W35","TV35915920","TV35915920A","2815159","2025-08-25","2025-08-22","301:2 304:2 305:2 312:2 313:2","VE_Gordon-Goteborg","0","1","0","TRUE","MON","TV","M","FR1"
"2025-W35","TV35915789","TV35915789A","2819481","2025-08-25","2025-08-22","301:2 302:2 303:2 304:2 305:2 306:2 307:1 308:1","VE_Gordon-Goteborg","0","1","0","TRUE","MON","TV","L","FR1"
"2025-W35","TV35915463","TV35915463A","2769321","2025-08-25","2025-08-22","301:2 306:1 308:1 312:1 313:2 315:2 316:1","VE_Gordon-Goteborg","0","1","0","TRUE","MON","TV","M","FR1"
"2025-W35","TV35914935","TV35914935A","2821739","2025-08-25","2025-08-22","301:1 302:1 304:1 305:1 311:1 318:1","VE_Gordon-Vasteras","1","1","0","TRUE","MON","TV","S","FR1 + WB1"
"2025-W35","TV35916012","TV35916012A","2817038","2025-08-25","2025-08-22","304:2 305:1 313:1","VE_Gordon-Malmo","0","1","0","TRUE","MON","TV","S","FR1"
"2025-W35","TV35916039","TV35916039A","2814557","2025-08-25","2025-08-22","308:1 309:1 310:1 312:1","VE_Gordon-Goteborg","0","1","0","TRUE","MON","TV","S","FR1"
"2025-W35","TV35915460","TV35915460A","2788627","2025-08-25","2025-08-22","301:1 302:1 303:1 304:1","VE_Gordon-Halmstad","0","1","0","TRUE","MON","TV","S","FR1"
"2025-W35","TV35916202","TV35916202A","2806129","2025-08-25","2025-08-22","301:1 302:1 305:1 314:1","VE_Gordon-Sthlm","0","1","0","TRUE","MON","TV","S","FR1"
"2025-W35","TV35915027","TV35915027A","2821928","2025-08-25","2025-08-22","301:2 304:2 305:1 306:2 307:1 308:1 310:1 311:1 312:1 314:1 315:1","VE_Gordon-Sthlm","1","1","0","TRUE","MON","TV","L","FR1 + WB1"
"2025-W35","TV35915854","TV35915854A","2813291","2025-08-25","2025-08-22","301:3 302:3 305:2 314:2","VE_Gordon-Uppsala","0","1","0","TRUE","MON","TV","M","FR1"
"2025-W35","TV35912563","TV35912563A","2820582","2025-08-24","2025-08-22","303:3 306:3 307:2 308:3 315:1","VE_Gordon-Sthlm","1","1","0","TRUE","SUN","TV","M","FR1 + WB1"
"2025-W35","TV35915326","TV35915326A","2821159","2025-08-24","2025-08-22","301:2 302:2 305:1 314:1","VE_Gordon-Uppsala","1","1","0","TRUE","SUN","TV","S","FR1"
"2025-W35","TV35915217","TV35915217A","2818991","2025-08-24","2025-08-22","301:1 302:1 303:1 304:1 305:1 306:1","VE_Gordon-Uppsala","0","1","0","TRUE","SUN","TV","S","FR1"
"2025-W35","TV35913446","TV35913446A","2820765","2025-08-24","2025-08-22","301:2 304:1 305:1 312:1 313:1","VE_Gordon-Goteborg","1","1","0","TRUE","SUN","TV","S","FR1 + WB1"
"2025-W35","TV35913425","TV35913425A","2820728","2025-08-24","2025-08-22","301:1 302:1 303:1 304:1 307:1 308:1 312:1 313:1","VE_Gordon-Vasteras","1","1","0","TRUE","SUN","TV","M","FR1 + WB1"
"2025-W35","TV35914996","TV35914996A","2821866","2025-08-24","2025-08-22","301:1 302:1 303:2 304:1 305:1 306:1 307:2 308:1","VE_Gordon-Sthlm","1","1","0","TRUE","SUN","TV","M","FR1 + WB1"
"2025-W35","TV35914984","TV35914984A","2821852","2025-08-25","2025-08-22","301:3 302:3 305:2 314:2","VE_Gordon-Linkoping","1","1","0","TRUE","MON","TV","M","FR1 + WB1"
"2025-W35","TV35916023","TV35916023A","2754116","2025-08-25","2025-08-22","303:1 306:1 307:1 308:1 312:2 313:1 314:2 317:1","VE_Gordon-Goteborg","0","1","0","TRUE","MON","TV","M","FR1"
"2025-W35","TV35916275","TV35916275A","2785125","2025-08-25","2025-08-22","301:1 302:1 304:1 317:1","VE_Gordon-Malmo","0","1","0","TRUE","MON","TV","S","FR1"
"2025-W35","TV35915713","TV35915713A","2763342","2025-08-25","2025-08-22","304:1 306:1 308:1 311:1 312:1 313:1","VE_Gordon-Sthlm","0","1","0","TRUE","MON","TV","S","FR1"
"2025-W35","TV35915090","TV35915090A","2822023","2025-08-25","2025-08-22","303:2 304:2 306:2 307:1 308:1","VE_Gordon-Malmo","1","1","0","TRUE","MON","TV","M","FR1 + WB1"
"2025-W35","TV35915347","TV35915347A","2822258","2025-08-25","2025-08-22","301:1 302:1 303:2 305:2 306:2 313:2 315:1 317:2 318:1","VE_Gordon-Halmstad","1","1","0","TRUE","MON","TV","L","FR1 + WB1"
"2025-W35","TV35915948","TV35915948A","2768778","2025-08-25","2025-08-22","301:1 302:1 304:1 312:1 314:4","VE_Gordon-Malmo","0","1","0","TRUE","MON","TV","M","FR1"
"2025-W35","TV35915687","TV35915687A","2797797","2025-08-25","2025-08-22","303:1 304:1 307:1 308:1 311:1 312:1 316:1 317:1","VE_Gordon-Goteborg","0","1","0","TRUE","MON","TV","M","FR1"
"2025-W35","TV35915416","TV35915416A","2815868","2025-08-25","2025-08-22","304:2 308:2 309:1 315:1","VE_Gordon-Sthlm","0","1","0","TRUE","MON","TV","S","FR1"
"2025-W35","TV35915974","TV35915974A","2791760","2025-08-25","2025-08-22","301:1 302:1 306:1 307:1 310:1 311:1 313:2","VE_Gordon-Sthlm","0","1","0","TRUE","MON","TV","M","FR1"
"2025-W35","TV35915672","TV35915672A","2756254","2025-08-25","2025-08-22","301:1 302:1 305:1 314:1","VE_Gordon-Sthlm","0","1","0","TRUE","MON","TV","S","FR1"
"2025-W35","TV35915924","TV35915924A","2812657","2025-08-25","2025-08-22","301:1 302:1 305:1 306:1","VE_Gordon-Uppsala","0","1","0","TRUE","MON","TV","S","FR1"
"2025-W35","TV35916187","TV35916187A","2820899","2025-08-25","2025-08-22","301:1 302:1 303:1 305:1 308:1 316:1","VE_Gordon-Sthlm","0","1","0","TRUE","MON","TV","S","FR1"
"2025-W35","TV35914945","TV35914945A","2821766","2025-08-25","2025-08-22","301:1 302:2 303:1 304:1 305:1 306:1 308:2 311:2 312:2 315:1","VE_Gordon-Uppsala","1","1","0","TRUE","MON","TV","L","FR1 + WB1"
"2025-W35","TV35914808","TV35914808A","2821478","2025-08-26","2025-08-22","301:1 302:2 303:1 304:2 305:2 306:2 307:1 308:1 313:1 314:1","VE_Gordon-Goteborg","1","1","0","TRUE","TUE","TV","L","FR1 + WB1"
"2025-W35","TV35915540","TV35915540A","2820999","2025-08-25","2025-08-22","301:1 303:1 312:1 316:1","VE_Gordon-Sthlm","0","1","0","TRUE","MON","TV","S","FR1"
"2025-W35","TV35915949","TV35915949A","2819644","2025-08-25","2025-08-22","301:1 302:1 303:3 305:1","VE_Gordon-Linkoping","0","1","0","TRUE","MON","TV","S","FR1"
"2025-W35","TV35916230","TV35916230A","2814183","2025-08-25","2025-08-22","301:1 304:1 305:1 307:2 314:1 315:1","VE_Gordon-Umea","0","1","0","TRUE","MON","TV","M","FR1"
"2025-W35","TV35914999","TV35914999A","2821870","2025-08-25","2025-08-22","302:1 304:1 310:1 317:1","VE_Gordon-Malmo","1","1","0","TRUE","MON","TV","S","FR1 + WB1"
"2025-W35","TV35914938","TV35914938A","2821747","2025-08-25","2025-08-22","301:2 304:2 305:2 317:2","VE_Gordon-Sthlm","1","1","0","TRUE","MON","TV","M","FR1 + WB1"
"2025-W35","TV35916173","TV35916173A","2821086","2025-08-25","2025-08-22","301:1 302:1 303:1 304:1 305:1 306:1 307:1 308:1","VE_Gordon-Goteborg","0","1","0","TRUE","MON","TV","M","FR1"
"2025-W35","TV35916112","TV35916112A","2785739","2025-08-25","2025-08-22","301:2 304:2 305:2 312:1 313:1","VE_Gordon-Sthlm","0","1","0","TRUE","MON","TV","M","FR1"
"2025-W35","TV35915612","TV35915612A","2814479","2025-08-25","2025-08-22","303:2 311:1 317:1","VE_Gordon-Uppsala","0","1","0","TRUE","MON","TV","S","FR1"
"2025-W35","TV35915501","TV35915501A","2821181","2025-08-25","2025-08-22","301:2 304:1 305:1 313:1 317:1","VE_Gordon-Goteborg","0","1","0","TRUE","MON","TV","S","FR1"
"2025-W35","TV35915330","TV35915330A","2822224","2025-08-25","2025-08-22","301:2 302:1 305:1 306:1 314:1 315:1 318:1","VE_Gordon-Goteborg","1","1","0","TRUE","MON","TV","M","FR1 + WB1"
"2025-W35","TV35915056","TV35915056A","2821571","2025-08-25","2025-08-22","301:2 302:2 311:1 317:1","VE_Gordon-Sthlm","1","1","0","TRUE","MON","TV","S","FR1 + WB1"
"2025-W35","TV35914896","TV35914896A","2821681","2025-08-25","2025-08-22","301:2 302:2 304:1 305:1 306:1 307:1 315:1 317:1","VE_Gordon-Malmo","1","1","0","TRUE","MON","TV","M","FR1 + WB1"
"2025-W35","TV35916017","TV35916017A","2759912","2025-08-25","2025-08-22","308:2 309:2 310:1 312:1","VE_Gordon-Sthlm","0","1","0","TRUE","MON","TV","S","FR1"
"2025-W35","TV35915306","TV35915306A","2820369","2025-08-24","2025-08-22","301:2 302:2 303:2 304:2 305:2 306:2 307:1 308:1","VE_Gordon-Sthlm","1","1","0","TRUE","SUN","TV","L","FR1"
"2025-W35","TV35914907","TV35914907A","2821498","2025-08-24","2025-08-22","301:2 302:1 303:2 304:1 306:2 307:2 311:2 312:1 318:1","VE_Gordon-Goteborg","1","1","0","TRUE","SUN","TV","L","FR1 + WB1"
"2025-W35","TV35914820","TV35914820A","2821503","2025-08-24","2025-08-22","301:4 302:4 305:3 314:3","VE_Gordon-Uppsala","1","1","0","TRUE","SUN","TV","L","FR1 + WB1"
"2025-W35","TV35915201","TV35915201A","2819907","2025-08-24","2025-08-22","301:2 302:2 303:2 304:2 305:1 306:1 307:1 308:1","VE_Gordon-Uppsala","0","1","0","TRUE","SUN","TV","M","FR1"
"2025-W35","TV35915190","TV35915190A","2759097","2025-08-24","2025-08-22","301:1 302:1 305:1 306:1 312:1 313:1","VE_Gordon-Sthlm","1","1","0","TRUE","SUN","TV","S","FR1 + WB1"
"2025-W35","TV35915429","TV35915429A","2779917","2025-08-25","2025-08-22","302:1 303:1 304:1 306:1 307:1 308:1 316:1 317:1","VE_Gordon-Sthlm","0","1","0","TRUE","MON","TV","M","FR1"
"2025-W35","TV35915620","TV35915620A","2815378","2025-08-25","2025-08-22","301:2 302:2 305:1 306:1 308:3 312:2 314:1 317:2","VE_Gordon-Sthlm","0","1","0","TRUE","MON","TV","L","FR1"
"2025-W35","TV35914900","TV35914900A","2821687","2025-08-25","2025-08-22","301:1 305:1 313:1 317:1","VE_Gordon-Malmo","1","1","0","TRUE","MON","TV","S","FR1 + WB1"
"2025-W35","TV35915844","TV35915844A","2818444","2025-08-25","2025-08-22","301:1 302:1 303:1 304:1 306:1 307:1 314:1 318:1","VE_Gordon-Goteborg","0","1","0","TRUE","MON","TV","M","FR1"
"2025-W35","TV35916237","TV35916237A","2785195","2025-08-25","2025-08-22","301:1 302:1 303:1 304:1","VE_Gordon-Goteborg","0","1","0","TRUE","MON","TV","S","FR1"
"2025-W35","TV35914993","TV35914993A","2821863","2025-08-25","2025-08-22","301:1 302:1 303:1 304:1 305:1 306:1","VE_Gordon-Uppsala","1","1","0","TRUE","MON","TV","S","FR1 + WB1"
"2025-W35","TV35914835","TV35914835A","2821528","2025-08-25","2025-08-22","303:2 304:2 306:2 307:2 308:2","VE_Gordon-Sthlm","1","1","0","TRUE","MON","TV","M","FR1 + WB1"
"2025-W35","TV35915367","TV35915367A","2822300","2025-08-25","2025-08-22","304:1 305:2 307:1 313:1 315:1","VE_MBB-Mma-MBB","1","1","0","TRUE","MON","TV","S","FR1 + WB1"
"2025-W35","TV35916317","TV35916317A","2810576","2025-08-25","2025-08-22","301:1 302:1 303:1 304:1 305:1 306:1","VE_Gordon-Sthlm","0","1","0","TRUE","MON","TV","S","FR1"
"2025-W35","TV35915477","TV35915477A","2762731","2025-08-25","2025-08-22","301:1 302:1 303:1 304:1 305:1 306:1 307:1 308:1","VE_Gordon-Uppsala","0","1","0","TRUE","MON","TV","M","FR1"
"2025-W35","TV35915693","TV35915693A","2759773","2025-08-25","2025-08-22","301:1 302:1 303:1 304:1 305:1 306:1","VE_Gordon-Uppsala","0","1","0","TRUE","MON","TV","S","FR1"
"2025-W35","TV35916035","TV35916035A","2817435","2025-08-25","2025-08-22","301:1 302:1 303:1 304:1","VE_Gordon-Vasteras","0","1","0","TRUE","MON","TV","S","FR1"
"2025-W35","TV35915706","TV35915706A","2806368","2025-08-25","2025-08-22","304:1 306:2 311:2 313:1 314:2","VE_Gordon-Linkoping","0","1","0","TRUE","MON","TV","M","FR1"
"2025-W35","TV35915079","TV35915079A","2821998","2025-08-24","2025-08-22","301:4 302:4 305:3 314:3","VE_Gordon-Malmo","1","1","0","TRUE","SUN","TV","L","FR1 + WB1"
"2025-W35","TV35915322","TV35915322A","2821116","2025-08-24","2025-08-22","301:1 302:2 304:1 305:1 311:1 312:1 313:1 314:1 315:1","VE_Gordon-Sthlm","1","1","0","TRUE","SUN","TV","M","FR1"
"2025-W35","TV35915957","TV35915957A","2789418","2025-08-25","2025-08-22","301:1 302:1 303:1 304:1","VE_Gordon-Malmo","0","1","0","TRUE","MON","TV","S","FR1"
"2025-W35","TV35916137","TV35916137A","2818986","2025-08-25","2025-08-22","301:2 304:1 305:1 312:1 313:1","VE_Gordon-Linkoping","0","1","0","TRUE","MON","TV","S","FR1"
"2025-W35","TV35916349","TV35916349A","2811058","2025-08-25","2025-08-22","301:1 302:1 303:1 304:1 305:1 306:1","VE_Gordon-Sthlm","0","1","0","TRUE","MON","TV","S","FR1"
"2025-W35","TV35915116","TV35915116A","2822069","2025-08-25","2025-08-22","301:1 302:1 303:1 304:1 305:1 306:1 307:1 308:1 805:2 809:1 810:1","VE_Gordon-Sthlm","1","1","0","TRUE","MON","TV","M","FR1 + WB1"
"2025-W35","TV35915522","TV35915522A","2817122","2025-08-25","2025-08-22","302:2 306:4 308:2","VE_Gordon-Goteborg","0","1","0","TRUE","MON","TV","M","FR1"
"2025-W35","TV35915443","TV35915443A","2788738","2025-08-25","2025-08-22","302:1 309:2 317:1","VE_Gordon-Goteborg","0","1","0","TRUE","MON","TV","S","FR1"
"2025-W35","TV35915878","TV35915878A","2773540","2025-08-25","2025-08-22","301:1 302:1 310:1 312:1 314:1 317:1","VE_Gordon-Malmo","0","1","0","TRUE","MON","TV","S","FR1"
"2025-W35","TV35915081","TV35915081A","2822014","2025-08-25","2025-08-22","301:2 302:4 314:4 318:4","VE_Gordon-Sthlm","1","1","0","TRUE","MON","TV","L","FR1 + WB1"
"2025-W35","TV35916304","TV35916304A","2802271","2025-08-25","2025-08-22","303:1 304:1 305:1 306:1 311:1 315:1","VE_Gordon-Sthlm","0","1","0","TRUE","MON","TV","S","FR1"
"2025-W35","TV35915657","TV35915657A","2789855","2025-08-25","2025-08-22","303:2 304:2 307:1 312:2 313:1","VE_Gordon-Sthlm","0","1","0","TRUE","MON","TV","M","FR1"
"2025-W35","TV35915447","TV35915447A","2792151","2025-08-25","2025-08-22","304:2 308:1 310:1 311:1 312:1 313:1 314:1 809:4","VE_Gordon-Goteborg","0","1","0","TRUE","MON","TV","M","FR1"
"2025-W35","TV35915850","TV35915850A","2813137","2025-08-25","2025-08-22","301:1 302:1 303:1 304:1","VE_Gordon-Sthlm","0","1","0","TRUE","MON","TV","S","FR1"
"2025-W35","TV35916060","TV35916060A","2813611","2025-08-25","2025-08-22","301:2 302:2 305:2 314:2","VE_Gordon-Sthlm","0","1","0","TRUE","MON","TV","M","FR1"
"2025-W35","TV35916072","TV35916072A","2820896","2025-08-25","2025-08-22","302:1 304:1 308:1 311:1","VE_Gordon-Goteborg","0","1","0","TRUE","MON","TV","S","FR1"
"2025-W35","TV35915710","TV35915710A","2776812","2025-08-25","2025-08-22","304:1 308:1 312:1 313:1","VE_Gordon-Sthlm","0","1","0","TRUE","MON","TV","S","FR1"
"2025-W35","TV35916366","TV35916366A","2818340","2025-08-25","2025-08-22","301:1 303:1 304:1 313:1 318:1","VE_Gordon-Sthlm","0","1","0","TRUE","MON","TV","S","FR1"
"2025-W35","TV35915823","TV35915823A","2820151","2025-08-25","2025-08-22","301:2 304:2 305:2 312:2 313:2","VE_Gordon-Sthlm","0","1","0","TRUE","MON","TV","M","FR1"
"2025-W35","TV35915845","TV35915845A","2820817","2025-08-25","2025-08-22","301:1 302:1 303:1 304:1 305:1 306:1","VE_Gordon-Vaxjo","0","1","0","TRUE","MON","TV","S","FR1"
"2025-W35","TV35915355","TV35915355A","2822275","2025-08-25","2025-08-22","301:2 314:2 315:2","VE_Gordon-Vasteras","1","1","0","TRUE","MON","TV","S","FR1 + WB1"
"2025-W35","TV35916308","TV35916308A","2800700","2025-08-25","2025-08-22","301:3 304:3 305:3 312:2 313:3","VE_Gordon-Malmo","0","1","0","TRUE","MON","TV","L","FR1"
"2025-W35","TV35915230","TV35915230A","2819018","2025-08-24","2025-08-22","301:1 304:1 305:1 313:1","VE_Gordon-Goteborg","0","1","0","TRUE","SUN","TV","S","FR1"
"2025-W35","TV35915699","TV35915699A","2791083","2025-08-25","2025-08-22","301:2 302:2 305:1 314:1","VE_Gordon-Malmo","0","1","0","TRUE","MON","TV","S","FR1"
"2025-W35","TV35916170","TV35916170A","2821421","2025-08-25","2025-08-22","301:2 304:2 305:2 312:2 313:2","VE_Gordon-Uppsala","0","1","0","TRUE","MON","TV","M","FR1"
"2025-W35","TV35915105","TV35915105A","2822039","2025-08-25","2025-08-22","301:1 304:1 305:1 313:1","VE_Gordon-Vasteras","1","1","0","TRUE","MON","TV","S","FR1 + WB1"
"2025-W35","TV35916048","TV35916048A","2821333","2025-08-25","2025-08-22","301:2 302:1 305:2 306:2 308:1 312:1 317:1","VE_Gordon-Sthlm","0","1","0","TRUE","MON","TV","M","FR1"
"2025-W35","TV35915786","TV35915786A","2814211","2025-08-25","2025-08-22","302:1 304:1 305:1 307:1 311:4 313:1 314:1 315:3 318:1","VE_MBB-Mma-MBB","0","1","0","TRUE","MON","TV","L","FR1"
"2025-W35","TV35915644","TV35915644A","2819903","2025-08-25","2025-08-22","301:2 302:2 303:2 304:2 305:2 306:2 307:1 308:1","VE_Gordon-Goteborg","0","1","0","TRUE","MON","TV","L","FR1"
"2025-W35","TV35915009","TV35915009A","2821898","2025-08-25","2025-08-22","301:3 304:2 305:3 306:4 313:2","VE_Gordon-Sthlm","1","1","0","TRUE","MON","TV","L","FR1 + WB1"
"2025-W35","TV35915735","TV35915735A","2774838","2025-08-25","2025-08-22","308:1 315:1 316:1 317:1","VE_Gordon-Vasteras","0","1","0","TRUE","MON","TV","S","FR1"
"2025-W35","TV35916335","TV35916335A","2814282","2025-08-25","2025-08-22","303:3 312:3 313:3 318:3","VE_Gordon-Malmo","0","1","0","TRUE","MON","TV","M","FR1"
"2025-W35","TV35916262","TV35916262A","2816181","2025-08-25","2025-08-22","301:2 303:2 304:2 305:2 306:2 308:2 317:2","VE_Gordon-Sthlm","0","1","0","TRUE","MON","TV","L","FR1"
"2025-W35","TV35916093","TV35916093A","2807329","2025-08-25","2025-08-22","305:4 308:4 312:4","VE_Gordon-Sthlm","0","1","0","TRUE","MON","TV","M","FR1"
"2025-W35","TV35915913","TV35915913A","2782038","2025-08-25","2025-08-22","302:1 306:1 308:1 312:1","VE_Gordon-Sthlm","0","1","0","TRUE","MON","TV","S","FR1"
"2025-W35","TV35915800","TV35915800A","2779631","2025-08-25","2025-08-22","301:4 302:4 305:3 314:3","VE_Gordon-Goteborg","0","1","0","TRUE","MON","TV","L","FR1"
"2025-W35","TV35915264","TV35915264A","2752560","2025-08-24","2025-08-22","301:2 302:2 303:1 306:1 311:1 312:1 313:1 317:1","VE_Gordon-Sthlm","0","1","0","TRUE","SUN","TV","M","FR1"
"2025-W35","TV35915228","TV35915228A","2813594","2025-08-24","2025-08-22","301:1 302:1 305:1 309:1 311:1 314:1 317:1 318:1","VE_Gordon-Vaxjo","0","1","0","TRUE","SUN","TV","M","FR1"
"2025-W35","TV35913660","TV35913660A","2821186","2025-08-24","2025-08-22","301:1 304:1 307:1 315:1","VE_Gordon-Malmo","1","1","0","TRUE","SUN","TV","S","FR1 + WB1"
"2025-W35","TV35915912","TV35915912A","2815796","2025-08-25","2025-08-22","301:1 302:1 305:1 314:1","VE_Gordon-Goteborg","0","1","0","TRUE","MON","TV","S","FR1"
"2025-W35","TV35915846","TV35915846A","2815646","2025-08-25","2025-08-22","303:2 307:2 308:1 317:1","VE_Gordon-Uppsala","0","1","0","TRUE","MON","TV","S","FR1"
"2025-W35","TV35915424","TV35915424A","2788413","2025-08-25","2025-08-22","301:1 302:3 307:2 314:2 806:2","VE_Gordon-Sthlm","0","1","0","TRUE","MON","TV","M","FR1"
"2025-W35","TV35914943","TV35914943A","2821760","2025-08-25","2025-08-22","301:1 302:1 303:1 304:1 305:1 306:1 307:1 308:1","VE_Gordon-Linkoping","1","1","0","TRUE","MON","TV","M","FR1 + WB1"
"2025-W35","TV35914973","TV35914973A","2821827","2025-08-25","2025-08-22","301:3 302:3 305:2 314:2","VE_Gordon-Vasteras","1","1","0","TRUE","MON","TV","M","FR1 + WB1"
"2025-W35","TV35915659","TV35915659A","2811542","2025-08-25","2025-08-22","301:3 304:3 305:3 312:2 313:3","VE_Gordon-Sthlm","0","1","0","TRUE","MON","TV","L","FR1"
"2025-W35","TV35914892","TV35914892A","2821675","2025-08-25","2025-08-22","312:2 317:2","VE_Gordon-Sthlm","1","1","0","TRUE","MON","TV","S","FR1 + WB1"
"2025-W35","TV35916097","TV35916097A","2821262","2025-08-25","2025-08-22","301:2 304:2 305:2 312:2 313:2","VE_Gordon-Sthlm","0","1","0","TRUE","MON","TV","M","FR1"
"2025-W35","TV35916147","TV35916147A","2820923","2025-08-25","2025-08-22","303:2 306:2 307:2 308:2","VE_Gordon-Goteborg","0","1","0","TRUE","MON","TV","M","FR1"
"2025-W35","TV35915513","TV35915513A","2815060","2025-08-25","2025-08-22","302:1 304:1 306:1 307:1 308:2 311:1 312:1 313:1 314:1","VE_Gordon-Umea","0","1","0","TRUE","MON","TV","M","FR1"
"2025-W35","TV35916149","TV35916149A","2794087","2025-08-25","2025-08-22","304:1 308:1 313:1 314:1 317:1 318:1","VE_Gordon-Sthlm","0","1","0","TRUE","MON","TV","S","FR1"
"2025-W35","TV35916346","TV35916346A","2776279","2025-08-25","2025-08-22","302:1 303:1 308:1 314:1 318:1","VE_Gordon-Malmo","0","1","0","TRUE","MON","TV","S","FR1"
"2025-W35","TV35916295","TV35916295A","2816455","2025-08-25","2025-08-22","302:2 308:2 315:2","VE_Gordon-Sthlm","0","1","0","TRUE","MON","TV","S","FR1"
"2025-W35","TV35915299","TV35915299A","2820568","2025-08-24","2025-08-22","301:2 302:2 303:2 304:2 305:2 306:2 311:2","VE_Gordon-Goteborg","0","1","0","TRUE","SUN","TV","L","FR1"
"2025-W35","TV35915231","TV35915231A","2820295","2025-08-24","2025-08-22","301:1 302:1 303:1 304:1 305:1 306:1","VE_Gordon-Vasteras","0","1","0","TRUE","SUN","TV","S","FR1"
"2025-W35","TV35915268","TV35915268A","2821130","2025-08-24","2025-08-22","301:2 304:2 313:2 316:2 318:2","VE_Gordon-Sthlm","1","1","0","TRUE","SUN","TV","M","FR1"
"2025-W35","TV35915294","TV35915294A","2779886","2025-08-24","2025-08-22","305:1 308:1 311:1 313:1","VE_Gordon-Sthlm","0","1","0","TRUE","SUN","TV","S","FR1"
"2025-W35","TV35915602","TV35915602A","2804970","2025-08-25","2025-08-22","301:1 302:1 305:2 307:1 311:1 312:2 314:1 317:1 318:2","VE_Gordon-Sthlm","0","1","0","TRUE","MON","TV","M","FR1"
"2025-W35","TV35915094","TV35915094A","2822029","2025-08-25","2025-08-22","301:2 302:2 303:2 304:2 306:2 307:2 316:2","VE_Gordon-Sthlm","1","1","0","TRUE","MON","TV","L","FR1 + WB1"
"2025-W35","TV35916336","TV35916336A","2784637","2025-08-25","2025-08-22","301:1 302:1 305:1 314:1","VE_Gordon-Goteborg","0","1","0","TRUE","MON","TV","S","FR1"
"2025-W35","TV35915686","TV35915686A","2799223","2025-08-25","2025-08-22","311:2 314:2 315:1 317:1","VE_Gordon-Sthlm","0","1","0","TRUE","MON","TV","S","FR1"
"2025-W35","TV35915919","TV35915919A","2820338","2025-08-25","2025-08-22","301:2 304:2 305:2 312:2 313:2","VE_Gordon-Sthlm","0","1","0","TRUE","MON","TV","M","FR1"
"2025-W35","TV35915405","TV35915405A","2821097","2025-08-25","2025-08-22","301:4 302:4 305:3 314:3","VE_Gordon-Sthlm","0","1","0","TRUE","MON","TV","L","FR1"
"2025-W35","TV35916342","TV35916342A","2786560","2025-08-25","2025-08-22","304:1 306:1 308:1 311:1","VE_Gordon-Sthlm","0","1","0","TRUE","MON","TV","S","FR1"
"2025-W35","TV35915982","TV35915982A","2816579","2025-08-25","2025-08-22","301:1 302:1 303:1 305:1 306:1 307:1 308:1 312:1 318:1","VE_Gordon-Goteborg","0","1","0","TRUE","MON","TV","M","FR1"
"2025-W35","TV35914823","TV35914823A","2821505","2025-08-25","2025-08-22","301:1 304:2 312:2 314:2 315:1","VE_Gordon-Goteborg","1","1","0","TRUE","MON","TV","M","FR1 + WB1"
"2025-W35","TV35916014","TV35916014A","2768590","2025-08-25","2025-08-22","301:1 302:1 303:1 304:1 305:1 306:1 312:1 317:1","VE_Gordon-Sthlm","0","1","0","TRUE","MON","TV","M","FR1"
"2025-W35","TV35916263","TV35916263A","2820799","2025-08-25","2025-08-22","301:1 302:1 305:1 314:1","VE_Gordon-Goteborg","0","1","0","TRUE","MON","TV","S","FR1"
"2025-W35","TV35915545","TV35915545A","2795318","2025-08-25","2025-08-22","301:1 302:1 303:1 304:1 305:1 306:1 307:1 308:1","VE_Gordon-Sthlm","0","1","0","TRUE","MON","TV","M","FR1"
"2025-W35","TV35915350","TV35915350A","2822263","2025-08-25","2025-08-22","301:1 302:1 303:1 304:1","VE_Gordon-Sthlm","1","1","0","TRUE","MON","TV","S","FR1 + WB1"
"2025-W35","TV35915174","TV35915174A","2821936","2025-08-25","2025-08-22","301:1 302:1 314:1 318:1","VE_Gordon-Sthlm","1","1","0","TRUE","MON","TV","S","FR1 + WB1"
"2025-W35","TV35915256","TV35915256A","2820415","2025-08-24","2025-08-22","301:1 302:1 303:1 315:1 317:2","VE_Gordon-Sthlm","0","1","0","TRUE","SUN","TV","S","FR1"
"2025-W35","TV35915241","TV35915241A","2753890","2025-08-24","2025-08-22","301:2 305:2 312:2 315:2 316:2","VE_Gordon-Malmo","0","1","0","TRUE","SUN","TV","M","FR1"
"2025-W35","TV35915245","TV35915245A","2768722","2025-08-24","2025-08-22","303:2 304:1 306:1 307:1 308:1","VE_Gordon-Sthlm","0","1","0","TRUE","SUN","TV","S","FR1"
"2025-W35","TV35916139","TV35916139A","2821342","2025-08-25","2025-08-22","301:2 302:2 311:1 314:1","VE_Gordon-Sthlm","0","1","0","TRUE","MON","TV","S","FR1"
"2025-W35","TV35916209","TV35916209A","2813050","2025-08-25","2025-08-22","306:1 307:1 312:1 314:1 315:1 316:1","VE_Gordon-Malmo","0","1","0","TRUE","MON","TV","S","FR1"
"2025-W35","TV35915419","TV35915419A","2787671","2025-08-25","2025-08-22","308:1 309:1 310:1 312:1","VE_Gordon-Sthlm","0","1","0","TRUE","MON","TV","S","FR1"
"2025-W35","TV35915767","TV35915767A","2794067","2025-08-25","2025-08-22","304:3 305:3 312:4","VE_Gordon-Uppsala","0","1","0","TRUE","MON","TV","M","FR1"
"2025-W35","TV35916142","TV35916142A","2816155","2025-08-25","2025-08-22","301:2 302:2 305:1 314:1","VE_Gordon-Linkoping","0","1","0","TRUE","MON","TV","S","FR1"
"2025-W35","TV35916197","TV35916197A","2820993","2025-08-25","2025-08-22","301:2 304:1 311:1 313:1 314:1","VE_Gordon-Sthlm","0","1","0","TRUE","MON","TV","S","FR1"
"2025-W35","TV35916036","TV35916036A","2806231","2025-08-25","2025-08-22","301:1 302:2 308:1 309:1 311:1 312:2 314:2","VE_Gordon-Vasteras","0","1","0","TRUE","MON","TV","M","FR1"
"2025-W35","TV35915636","TV35915636A","2817972","2025-08-25","2025-08-22","303:2 304:1 306:1 307:1 308:1","VE_Gordon-Sthlm","0","1","0","TRUE","MON","TV","S","FR1"
"2025-W35","TV35916297","TV35916297A","2799242","2025-08-25","2025-08-22","301:1 302:1 304:1 309:1 311:1 312:1 314:1 317:1","VE_Gordon-Sthlm","0","1","0","TRUE","MON","TV","M","FR1"
"2025-W35","TV35915953","TV35915953A","2818346","2025-08-25","2025-08-22","301:2 302:2 303:2 304:2 305:2 306:2 307:1 308:1","VE_MBB-Mma-MBB","0","1","0","TRUE","MON","TV","L","FR1"
"2025-W35","TV35915398","TV35915398A","2822333","2025-08-25","2025-08-22","301:2 302:1 303:1 305:1 312:1 805:4","VE_MBB-Mma-MBB","1","1","0","TRUE","MON","TV","M","FR1 + WB1"
"2025-W35","TV35916118","TV35916118A","2819312","2025-08-25","2025-08-22","301:3 304:3 305:3 312:2 313:3","VE_Gordon-Malmo","0","1","0","TRUE","MON","TV","L","FR1"
"2025-W35","TV35915575","TV35915575A","2803458","2025-08-25","2025-08-22","304:2 312:2","VE_Gordon-Goteborg","0","1","0","TRUE","MON","TV","S","FR1"
"2025-W35","TV35915126","TV35915126A","2822097","2025-08-25","2025-08-22","305:1 312:1 314:1 316:1 317:1 318:1 805:2 809:1 810:1","VE_Gordon-Malmo","1","1","0","TRUE","MON","TV","M","FR1 + WB1"
"2025-W35","TV35916158","TV35916158A","2763213","2025-08-25","2025-08-22","301:1 302:1 303:1 304:1 305:1 306:1","VE_MBB-Mma-MBB","0","1","0","TRUE","MON","TV","S","FR1"
"2025-W35","TV35914836","TV35914836A","2821531","2025-08-25","2025-08-22","301:2 304:1 305:1 312:1 313:1","VE_MBB-Mma-MBB","1","1","0","TRUE","MON","TV","S","FR1 + WB1"
"2025-W35","TV35915708","TV35915708A","2762142","2025-08-25","2025-08-22","301:2 304:2 305:2 312:2 313:2","VE_Gordon-Sthlm","0","1","0","TRUE","MON","TV","M","FR1"
"2025-W35","TV35916066","TV35916066A","2809469","2025-08-25","2025-08-22","309:3 310:3","VE_Gordon-Malmo","0","1","0","TRUE","MON","TV","S","FR1"
"2025-W35","TV35915554","TV35915554A","2794111","2025-08-25","2025-08-22","301:2 304:2 305:2 312:1 313:1","VE_Gordon-Sthlm","0","1","0","TRUE","MON","TV","M","FR1"
"2025-W35","TV35915038","TV35915038A","2821948","2025-08-25","2025-08-22","301:1 302:1 304:1 305:1 311:1 313:1 314:1 317:1","VE_Gordon-Sthlm","1","1","0","TRUE","MON","TV","M","FR1 + WB1"
"2025-W35","TV35916069","TV35916069A","2816242","2025-08-25","2025-08-22","307:2 308:2 310:1 312:2 317:1 318:2","VE_Gordon-Sthlm","0","1","0","TRUE","MON","TV","M","FR1"
"2025-W35","TV35915261","TV35915261A","2820444","2025-08-24","2025-08-22","301:1 302:1 305:1 308:1","VE_Gordon-Sthlm","1","1","0","TRUE","SUN","TV","S","FR1"
"2025-W35","TV35915293","TV35915293A","2791525","2025-08-24","2025-08-22","302:1 304:1 307:1 308:1 313:1 315:2 318:1","VE_Gordon-Sthlm","0","1","0","TRUE","SUN","TV","M","FR1"
"2025-W35","TV35915871","TV35915871A","2776716","2025-08-25","2025-08-22","301:2 304:2 306:2 311:1 314:1","VE_Gordon-Vasteras","0","1","0","TRUE","MON","TV","M","FR1"
"2025-W35","TV35914885","TV35914885A","2819093","2025-08-25","2025-08-22","301:1 302:1 303:1 304:1 305:1 306:1 307:1 308:1","VE_Gordon-Goteborg","1","1","0","TRUE","MON","TV","M","FR1 + WB1"
"2025-W35","TV35915718","TV35915718A","2818342","2025-08-25","2025-08-22","304:2 308:4 309:1 310:2 312:5","VE_Gordon-Uppsala","0","1","0","TRUE","MON","TV","L","FR1"
"2025-W35","TV35916138","TV35916138A","2814010","2025-08-25","2025-08-22","301:5 302:2 311:1 314:4 317:1 318:1","VE_Gordon-Sthlm","0","1","0","TRUE","MON","TV","L","FR1"
"2025-W35","TV35915104","TV35915104A","2822030","2025-08-25","2025-08-22","301:1 303:1 305:1 306:1","VE_Gordon-Sthlm","1","1","0","TRUE","MON","TV","S","FR1 + WB1"
"2025-W35","TV35915573","TV35915573A","2790475","2025-08-25","2025-08-22","301:1 302:1 303:1 304:1 305:1 306:1 307:1 308:1","VE_Gordon-Uppsala","0","1","0","TRUE","MON","TV","M","FR1"
"2025-W35","TV35915145","TV35915145A","2822026","2025-08-25","2025-08-22","301:2 302:2 304:2 306:2 307:2 308:2 309:2","VE_Gordon-Goteborg","1","1","0","TRUE","MON","TV","L","FR1 + WB1"
"2025-W35","TV35915605","TV35915605A","2768757","2025-08-25","2025-08-22","301:1 302:1 304:2 305:1 306:1 307:1 316:1","VE_Gordon-Goteborg","0","1","0","TRUE","MON","TV","M","FR1"
"2025-W35","TV35915880","TV35915880A","2813538","2025-08-25","2025-08-22","301:2 302:2 303:1 304:1 305:1 306:1 307:1 308:1","VE_Gordon-Sthlm","0","1","0","TRUE","MON","TV","M","FR1"
"2025-W35","TV35915142","TV35915142A","2822121","2025-08-25","2025-08-22","301:1 302:1 303:1 305:1 306:1 308:1 312:1 313:1","VE_Gordon-Sthlm","1","1","0","TRUE","MON","TV","M","FR1 + WB1"
"2025-W35","TV35915975","TV35915975A","2806165","2025-08-25","2025-08-22","305:1 308:1 312:1 317:1","VE_Gordon-Goteborg","0","1","0","TRUE","MON","TV","S","FR1"
"2025-W35","TV35916061","TV35916061A","2800083","2025-08-25","2025-08-22","302:1 306:1 308:2 311:1 313:1 317:2","VE_Gordon-Goteborg","0","1","0","TRUE","MON","TV","M","FR1"
"2025-W35","TV35916355","TV35916355A","2810323","2025-08-25","2025-08-22","301:1 302:1 303:1 306:1 309:2 312:1 313:1 314:1 315:1 317:1 318:1","VE_Gordon-Vasteras","0","1","0","TRUE","MON","TV","M","FR1"
"2025-W35","TV35916191","TV35916191A","2820731","2025-08-25","2025-08-22","301:3 304:3 305:2 312:2 313:2","VE_Gordon-Sthlm","0","1","0","TRUE","MON","TV","M","FR1"
"2025-W35","TV35914813","TV35914813A","2759308","2025-08-25","2025-08-22","302:1 305:1 306:1 307:1","VE_Gordon-Goteborg","1","1","0","TRUE","MON","TV","S","FR1 + WB1"
"2025-W35","TV35915976","TV35915976A","2818566","2025-08-25","2025-08-22","303:1 311:1 314:1 315:1","VE_Gordon-Linkoping","0","1","0","TRUE","MON","TV","S","FR1"
"2025-W35","TV35916109","TV35916109A","2818664","2025-08-25","2025-08-22","301:1 303:1 304:1 310:1 313:1 318:1","VE_Gordon-Sthlm","0","1","0","TRUE","MON","TV","S","FR1"
"2025-W35","TV35916088","TV35916088A","2757365","2025-08-25","2025-08-22","303:1 304:1 308:1 311:1 312:1 313:1","VE_Gordon-Goteborg","0","1","0","TRUE","MON","TV","S","FR1"
"2025-W35","TV35915468","TV35915468A","2753635","2025-08-25","2025-08-22","301:1 302:1 303:1 304:1","VE_Gordon-Vasteras","0","1","0","TRUE","MON","TV","S","FR1"
"2025-W35","TV35915221","TV35915221A","2819576","2025-08-24","2025-08-22","301:2 302:2 303:1 304:1 305:1 306:1 307:1 308:1","VE_Gordon-Sthlm","1","1","0","TRUE","SUN","TV","M","FR1"
"2025-W35","TV35914831","TV35914831A","2821521","2025-08-24","2025-08-22","302:1 303:1 305:1 306:1 312:1 315:1","VE_Gordon-Sthlm","1","1","0","TRUE","SUN","TV","S","FR1 + WB1"
"2025-W35","TV35915227","TV35915227A","2820483","2025-08-24","2025-08-22","301:1 305:1 314:1 318:1","VE_MBB-Mma-MBB","0","1","0","TRUE","SUN","TV","S","FR1"
"2025-W35","TV35915295","TV35915295A","2761622","2025-08-24","2025-08-22","303:2 307:2 312:2 315:2 316:2","VE_Gordon-Linkoping","1","1","0","TRUE","SUN","TV","M","FR1"
"2025-W35","TV35916331","TV35916331A","2820865","2025-08-25","2025-08-22","301:2 302:2 303:2 304:2 306:2 308:2 311:2","VE_Gordon-Sthlm","0","1","0","TRUE","MON","TV","L","FR1"
"2025-W35","TV35916193","TV35916193A","2813216","2025-08-25","2025-08-22","301:2 304:1 305:1 312:1 313:1","VE_Gordon-Sthlm","0","1","0","TRUE","MON","TV","S","FR1"
"2025-W35","TV35916049","TV35916049A","2801887","2025-08-25","2025-08-22","303:2 304:2 311:2 312:1 313:1","VE_Gordon-Sthlm","0","1","0","TRUE","MON","TV","M","FR1"
"2025-W35","TV35915068","TV35915068A","2821657","2025-08-25","2025-08-22","301:2 302:2 305:2 308:2 312:2","VE_Gordon-Sthlm","1","1","0","TRUE","MON","TV","M","FR1 + WB1"
"2025-W35","TV35914784","TV35914784A","2821436","2025-08-25","2025-08-22","301:4 302:1 304:1 305:4 313:1 317:1","VE_Gordon-Sthlm","1","1","0","TRUE","MON","TV","M","FR1 + WB1"
"2025-W35","TV35915434","TV35915434A","2815638","2025-08-25","2025-08-22","301:1 302:1 303:1 304:1 305:1 306:1 307:1 308:1 312:1 314:1 315:1 316:1 317:1 318:1","VE_Gordon-Sthlm","0","1","0","TRUE","MON","TV","L","FR1"
"2025-W35","TV35915427","TV35915427A","2757223","2025-08-25","2025-08-22","304:1 305:1 315:1 317:1","VE_Gordon-Malmo","0","1","0","TRUE","MON","TV","S","FR1"
"2025-W35","TV35915402","TV35915402A","2820217","2025-08-25","2025-08-22","301:2 304:2 305:2 312:2 313:2","VE_Gordon-Sthlm","0","1","0","TRUE","MON","TV","M","FR1"
"2025-W35","TV35916305","TV35916305A","2813634","2025-08-25","2025-08-22","301:1 302:1 303:1 304:1","VE_Gordon-Vasteras","0","1","0","TRUE","MON","TV","S","FR1"
"2025-W35","TV35915455","TV35915455A","2820205","2025-08-25","2025-08-22","301:1 302:1 303:1 304:1 305:1 306:1","VE_Gordon-Sthlm","0","1","0","TRUE","MON","TV","S","FR1"
"2025-W35","TV35915667","TV35915667A","2812250","2025-08-25","2025-08-22","301:2 304:1 305:1 312:1 313:1","VE_Gordon-Uppsala","0","1","0","TRUE","MON","TV","S","FR1"
"2025-W35","TV35915015","TV35915015A","2821905","2025-08-25","2025-08-22","301:3 302:3 305:2 314:2","VE_Gordon-Goteborg","1","1","0","TRUE","MON","TV","M","FR1 + WB1"
"2025-W35","TV35915902","TV35915902A","2794870","2025-08-25","2025-08-22","301:2 304:2 305:2 312:1 313:1","VE_Gordon-Sthlm","0","1","0","TRUE","MON","TV","M","FR1"
"2025-W35","TV35915442","TV35915442A","2819719","2025-08-25","2025-08-22","301:1 302:1 303:1 304:1 305:1 306:1 307:1 308:1","VE_Gordon-Vaxjo","0","1","0","TRUE","MON","TV","M","FR1"
"2025-W35","TV35915344","TV35915344A","2822254","2025-08-25","2025-08-22","301:2 304:2 305:2 312:1 313:1","VE_Gordon-Malmo","1","1","0","TRUE","MON","TV","M","FR1 + WB1"
"2025-W35","TV35915499","TV35915499A","2776867","2025-08-25","2025-08-22","303:2 304:2 306:2 307:2 308:2","VE_Gordon-Sthlm","0","1","0","TRUE","MON","TV","M","FR1"
"2025-W35","TV35916022","TV35916022A","2818573","2025-08-25","2025-08-22","301:2 304:1 305:1 312:1 313:1","VE_Gordon-Goteborg","1","1","0","TRUE","MON","TV","S","FR1"
"2025-W35","TV35915995","TV35915995A","2805648","2025-08-26","2025-08-22","303:1 304:1 306:1 307:1","VE_Gordon-Goteborg","0","1","0","TRUE","TUE","TV","S","FR1"
"2025-W35","TV35914924","TV35914924A","2821730","2025-08-25","2025-08-22","301:1 302:1 303:1 305:1","VE_Gordon-Sthlm","1","1","0","TRUE","MON","TV","S","FR1 + WB1"
"2025-W35","TV35914878","TV35914878A","2821629","2025-08-25","2025-08-22","303:1 304:1 306:1 307:1","VE_Gordon-Sthlm","1","1","0","TRUE","MON","TV","S","FR1 + WB1"
"2025-W35","TV35915040","TV35915040A","2821951","2025-08-24","2025-08-22","301:2 302:2 303:2 308:2 311:2 312:2","VE_Gordon-Uppsala","1","1","0","TRUE","SUN","TV","M","FR1 + WB1"
"2025-W35","TV35915141","TV35915141A","2822120","2025-08-25","2025-08-22","303:3 307:3 308:2 313:3 318:3","VE_Gordon-Umea","1","1","0","TRUE","MON","TV","L","FR1 + WB1"
"2025-W35","TV35916314","TV35916314A","2800514","2025-08-26","2025-08-22","302:2 303:2 305:2 306:2 307:2 316:2 318:2","VE_Gordon-Goteborg","0","1","0","TRUE","TUE","TV","L","FR1"
"2025-W35","TV35915808","TV35915808A","2808823","2025-08-25","2025-08-22","301:2 302:1 311:2 317:1","VE_Gordon-Goteborg","0","1","0","TRUE","MON","TV","S","FR1"
"2025-W35","TV35915910","TV35915910A","2821111","2025-08-25","2025-08-22","302:2 304:2 307:2 311:2 318:2","VE_Gordon-Sthlm","0","1","0","TRUE","MON","TV","M","FR1"
"2025-W35","TV35915001","TV35915001A","2821883","2025-08-25","2025-08-22","301:1 302:2 303:1 305:1 307:1 308:1 310:1 311:1 312:1 314:1 318:1","VE_Gordon-Goteborg","1","1","0","TRUE","MON","TV","M","FR1 + WB1"
"2025-W35","TV35915748","TV35915748A","2819710","2025-08-25","2025-08-22","301:1 302:1 303:1 304:1 305:1 306:1","VE_Gordon-Goteborg","0","1","0","TRUE","MON","TV","S","FR1"
"2025-W35","TV35915568","TV35915568A","2782130","2025-08-25","2025-08-22","301:2 304:2 305:2 312:1 313:1","VE_Gordon-Umea","0","1","0","TRUE","MON","TV","M","FR1"
"2025-W35","TV35915565","TV35915565A","2819863","2025-08-25","2025-08-22","301:1 303:1 305:1 306:1 312:1 317:1","VE_Gordon-Goteborg","0","1","0","TRUE","MON","TV","S","FR1"
"2025-W35","TV35916254","TV35916254A","2787850","2025-08-25","2025-08-22","301:1 302:1 303:1 304:1 307:1 317:1","VE_Gordon-Umea","0","1","0","TRUE","MON","TV","S","FR1"
"2025-W35","TV35916281","TV35916281A","2769766","2025-08-25","2025-08-22","302:1 304:1 309:2 314:2 806:1","VE_Gordon-Sthlm","0","1","0","TRUE","MON","TV","M","FR1"
"2025-W35","TV35916054","TV35916054A","2767194","2025-08-25","2025-08-22","301:1 302:1 303:1 317:1 806:1","VE_Gordon-Sthlm","0","1","0","TRUE","MON","TV","S","FR1"
"2025-W35","TV35916085","TV35916085A","2809834","2025-08-25","2025-08-22","301:1 303:2 307:1 308:2 312:2","VE_Gordon-Sthlm","0","1","0","TRUE","MON","TV","M","FR1"
"2025-W35","TV35915818","TV35915818A","2795902","2025-08-25","2025-08-22","301:1 302:1 303:1 304:1 305:1 306:1 307:1 308:1","VE_Gordon-Sthlm","0","1","0","TRUE","MON","TV","M","FR1"
"2025-W35","TV35915937","TV35915937A","2815194","2025-08-25","2025-08-22","301:2 304:2 305:2 312:4 314:2","VE_Gordon-Goteborg","0","1","0","TRUE","MON","TV","M","FR1"
"2025-W35","TV35916208","TV35916208A","2788060","2025-08-25","2025-08-22","301:2 302:2 311:2 314:2 315:2","VE_Gordon-Sthlm","0","1","0","TRUE","MON","TV","M","FR1"
"2025-W35","TV35915435","TV35915435A","2791312","2025-08-25","2025-08-22","302:1 309:1 310:1 315:1","VE_Gordon-Vasteras","0","1","0","TRUE","MON","TV","S","FR1"
"2025-W35","TV35914992","TV35914992A","2768329","2025-08-25","2025-08-22","301:2 303:2 311:2","VE_Gordon-Sthlm","1","1","0","TRUE","MON","TV","S","FR1 + WB1"
"2025-W35","TV35915530","TV35915530A","2820486","2025-08-25","2025-08-22","308:2 313:2","VE_Gordon-Sthlm","0","1","0","TRUE","MON","TV","S","FR1"
"2025-W35","TV35916062","TV35916062A","2793522","2025-08-25","2025-08-22","301:1 304:1 305:1 313:1","VE_Gordon-Sthlm","0","1","0","TRUE","MON","TV","S","FR1"
"2025-W35","TV35916248","TV35916248A","2769196","2025-08-25","2025-08-22","301:1 304:1 312:1 317:1","VE_Gordon-Sthlm","0","1","0","TRUE","MON","TV","S","FR1"
"2025-W35","TV35915277","TV35915277A","2808569","2025-08-24","2025-08-22","301:2 304:2 305:2 313:2 314:2","VE_MBB-Mma-MBB","0","1","0","TRUE","SUN","TV","M","FR1"
"2025-W35","TV35915287","TV35915287A","2820837","2025-08-24","2025-08-22","301:2 302:2 311:2 314:2 318:2","VE_Gordon-Sthlm","1","1","0","TRUE","SUN","TV","M","FR1"
"2025-W35","TV35915813","TV35915813A","2795091","2025-08-25","2025-08-22","301:2 302:2 303:2 304:1 305:1 306:1 308:1 312:2","VE_Gordon-Sthlm","0","1","0","TRUE","MON","TV","M","FR1"
"2025-W35","TV35916038","TV35916038A","2807209","2025-08-25","2025-08-22","304:1 307:2 308:1 311:1 315:1","VE_Gordon-Sthlm","0","1","0","TRUE","MON","TV","S","FR1"
"2025-W35","TV35915444","TV35915444A","2765959","2025-08-25","2025-08-22","301:1 302:1 303:1 304:1 305:1 306:1","VE_Gordon-Sthlm","0","1","0","TRUE","MON","TV","S","FR1"
"2025-W35","TV35915805","TV35915805A","2816159","2025-08-25","2025-08-22","301:2 303:2 305:1 306:2 307:1 308:1 312:1 316:1 318:1","VE_Gordon-Vasteras","0","1","0","TRUE","MON","TV","M","FR1"
"2025-W35","TV35914911","TV35914911A","2821703","2025-08-25","2025-08-22","301:1 302:2 305:1 306:1 307:1 312:1 316:1 318:2","VE_Gordon-Linkoping","1","1","0","TRUE","MON","TV","M","FR1 + WB1"
"2025-W35","TV35915611","TV35915611A","2820171","2025-08-25","2025-08-22","301:1 302:1 303:1 304:1 314:1 317:1","VE_Gordon-Sthlm","0","1","0","TRUE","MON","TV","S","FR1"
"2025-W35","TV35914801","TV35914801A","2821463","2025-08-25","2025-08-22","301:2 302:2 303:1 305:2 306:1 307:2 313:1 314:1","VE_Gordon-Malmo","1","1","0","TRUE","MON","TV","M","FR1 + WB1"
"2025-W35","TV35915553","TV35915553A","2802036","2025-08-25","2025-08-22","301:1 302:1 303:1 304:1 305:1 306:1","VE_Gordon-Sthlm","0","1","0","TRUE","MON","TV","S","FR1"
"2025-W35","TV35915012","TV35915012A","2821899","2025-08-25","2025-08-22","301:1 302:1 312:1 313:1","VE_Gordon-Goteborg","1","1","0","TRUE","MON","TV","S","FR1 + WB1"
"2025-W35","TV35916177","TV35916177A","2772774","2025-08-25","2025-08-22","301:2 315:2 317:2 806:1","VE_Gordon-Sthlm","0","1","0","TRUE","MON","TV","M","FR1"
"2025-W35","TV35915783","TV35915783A","2764397","2025-08-25","2025-08-22","305:2 306:3 312:1 313:1 316:1","VE_Gordon-Uppsala","0","1","0","TRUE","MON","TV","M","FR1"
"2025-W35","TV35915684","TV35915684A","2821188","2025-08-25","2025-08-22","301:1 302:1 303:1 304:1 305:1 306:1","VE_Gordon-Vasteras","0","1","0","TRUE","MON","TV","S","FR1"
"2025-W35","TV35916223","TV35916223A","2821411","2025-08-25","2025-08-22","301:1 303:1 315:2","VE_Gordon-Sthlm","0","1","0","TRUE","MON","TV","S","FR1"
"2025-W35","TV35915539","TV35915539A","2816617","2025-08-25","2025-08-22","301:2 305:2 314:2 318:2","VE_Gordon-Uppsala","0","1","0","TRUE","MON","TV","M","FR1"
"2025-W35","TV35916252","TV35916252A","2786117","2025-08-25","2025-08-22","310:2 313:2","VE_Gordon-Sthlm","0","1","0","TRUE","MON","TV","S","FR1"
"2025-W35","TV35915223","TV35915223A","2820218","2025-08-24","2025-08-22","301:2 302:3 305:2 314:3","VE_Gordon-Sthlm","0","1","0","TRUE","SUN","TV","M","FR1"
"2025-W35","TV35915205","TV35915205A","2819560","2025-08-24","2025-08-22","304:2 308:2 313:1 315:1","VE_Gordon-Malmo","0","1","0","TRUE","SUN","TV","S","FR1"
"2025-W35","TV35915289","TV35915289A","2819516","2025-08-24","2025-08-22","311:2 314:2 317:2 318:2","VE_Gordon-Malmo","1","1","0","TRUE","SUN","TV","M","FR1"
"2025-W35","TV35915775","TV35915775A","2821226","2025-08-25","2025-08-22","303:2 304:2 306:2 307:2 308:2","VE_Gordon-Sthlm","0","1","0","TRUE","MON","TV","M","FR1"
"2025-W35","TV35914954","TV35914954A","2821785","2025-08-25","2025-08-22","301:2 302:2 303:1 305:1 306:1 307:1 308:2","VE_Gordon-Goteborg","1","1","0","TRUE","MON","TV","M","FR1 + WB1"
"2025-W35","TV35916105","TV35916105A","2819141","2025-08-25","2025-08-22","302:2 304:1 307:2 308:2 309:1 312:2 313:2 316:2","VE_Gordon-Sthlm","0","1","0","TRUE","MON","TV","L","FR1"
"2025-W35","TV35915837","TV35915837A","2808895","2025-08-25","2025-08-22","301:2 302:2 304:2 310:2 317:2","VE_Gordon-Linkoping","0","1","0","TRUE","MON","TV","M","FR1"
"2025-W35","TV35916113","TV35916113A","2819687","2025-08-25","2025-08-22","301:1 302:1 303:1 304:1 305:1 306:1","VE_Gordon-Uppsala","0","1","0","TRUE","MON","TV","S","FR1"
"2025-W35","TV35915107","TV35915107A","2785442","2025-08-25","2025-08-22","303:1 304:1 306:2 307:1 308:1","VE_Gordon-Sthlm","1","1","0","TRUE","MON","TV","S","FR1 + WB1"
"2025-W35","TV35915986","TV35915986A","2817402","2025-08-25","2025-08-22","303:2 304:2 306:2 307:2 308:2","VE_Gordon-Vasteras","0","1","0","TRUE","MON","TV","M","FR1"
"2025-W35","TV35916228","TV35916228A","2816987","2025-08-25","2025-08-22","302:1 314:1 315:1 316:1","VE_Gordon-Uppsala","0","1","0","TRUE","MON","TV","S","FR1"
"2025-W35","TV35916194","TV35916194A","2773781","2025-08-25","2025-08-22","306:2 307:2 308:2","VE_Gordon-Malmo","0","1","0","TRUE","MON","TV","S","FR1"
"2025-W35","TV35915520","TV35915520A","2821014","2025-08-25","2025-08-22","301:3 304:3 305:2 313:2 314:2","VE_Gordon-Sthlm","0","1","0","TRUE","MON","TV","M","FR1"
"2025-W35","TV35915551","TV35915551A","2772860","2025-08-25","2025-08-22","301:2 304:2 305:2 312:1 313:1","VE_Gordon-Sthlm","0","1","0","TRUE","MON","TV","M","FR1"
"2025-W35","TV35915423","TV35915423A","2780386","2025-08-25","2025-08-22","301:3 302:3 305:2 314:2","VE_Gordon-Goteborg","0","1","0","TRUE","MON","TV","M","FR1"
"2025-W35","TV35915572","TV35915572A","2821239","2025-08-26","2025-08-22","301:3 304:3 305:3 312:2 313:3","VE_Gordon-Goteborg","0","1","0","TRUE","TUE","TV","L","FR1"
"2025-W35","TV35915864","TV35915864A","2817381","2025-08-25","2025-08-22","301:1 302:1 303:1 304:1 305:1 306:1 307:1 308:1","VE_Gordon-Sthlm","0","1","0","TRUE","MON","TV","M","FR1"
"2025-W35","TV35915526","TV35915526A","2807545","2025-08-25","2025-08-22","301:1 302:1 303:1 304:1 305:1 306:1 307:1 308:1","VE_Gordon-Uppsala","0","1","0","TRUE","MON","TV","M","FR1"
"2025-W35","TV35916108","TV35916108A","2780951","2025-08-25","2025-08-22","301:1 302:1 303:1 304:1","VE_Gordon-Sthlm","0","1","0","TRUE","MON","TV","S","FR1"
"2025-W35","TV35915504","TV35915504A","2765205","2025-08-26","2025-08-22","304:2 309:1 311:4 315:3","VE_Gordon-Gotland","0","1","0","TRUE","TUE","TV","M","FR1"
"2025-W35","TV35916351","TV35916351A","2807966","2025-08-25","2025-08-22","301:1 302:1 305:1 314:1","VE_Gordon-Sthlm","0","1","0","TRUE","MON","TV","S","FR1"
"2025-W35","TV35915729","TV35915729A","2810169","2025-08-25","2025-08-22","304:3 314:1","VE_Gordon-Uppsala","0","1","0","TRUE","MON","TV","S","FR1"
"2025-W35","TV35914966","TV35914966A","2821814","2025-08-24","2025-08-22","301:2 302:1 304:1 305:1 306:1 312:1 314:2 317:1","VE_Gordon-Sthlm","1","1","0","TRUE","SUN","TV","M","FR1 + WB1"
"2025-W35","TV35915200","TV35915200A","2795073","2025-08-24","2025-08-22","301:1 302:1 303:1 304:1 305:1 306:1 308:1 315:1","VE_Gordon-Sthlm","1","1","0","TRUE","SUN","TV","M","FR1"
"2025-W35","TV35913857","TV35913857A","2821399","2025-08-24","2025-08-22","301:1 305:1 309:1 310:1 312:2 809:4","VE_MBB-Mma-MBB","1","1","0","TRUE","SUN","TV","M","FR1 + WB1"
"2025-W35","TV35915320","TV35915320A","2819371","2025-08-24","2025-08-22","311:2 312:1 314:1 315:2","VE_Gordon-Vasteras","0","1","0","TRUE","SUN","TV","S","FR1"
"2025-W35","TV35915754","TV35915754A","2819082","2025-08-25","2025-08-22","302:1 308:1 309:2 311:1 312:1 314:2 315:3","VE_Gordon-Umea","0","1","0","TRUE","MON","TV","M","FR1"
"2025-W35","TV35915983","TV35915983A","2798925","2025-08-25","2025-08-22","301:1 302:1 303:1 304:1 305:1 306:1","VE_Gordon-Sthlm","0","1","0","TRUE","MON","TV","S","FR1"
"2025-W35","TV35916225","TV35916225A","2796816","2025-08-25","2025-08-22","301:1 302:1 303:1 304:1 305:1 306:1","VE_Gordon-Vasteras","0","1","0","TRUE","MON","TV","S","FR1"
"2025-W35","TV35916027","TV35916027A","2751767","2025-08-25","2025-08-22","301:2 306:1 308:1 314:3 317:1","VE_Gordon-Sthlm","0","1","0","TRUE","MON","TV","M","FR1"
"2025-W35","TV35916221","TV35916221A","2818703","2025-08-25","2025-08-22","301:2 303:2 304:2 305:2 312:2 313:2 318:2","VE_Gordon-Goteborg","0","1","0","TRUE","MON","TV","L","FR1"
"2025-W35","TV35916034","TV35916034A","2814776","2025-08-25","2025-08-22","301:2 302:2 308:2 312:4","VE_Gordon-Vasteras","0","1","0","TRUE","MON","TV","M","FR1"
"2025-W35","TV35915889","TV35915889A","2818692","2025-08-25","2025-08-22","301:2 302:2 303:2 304:2 305:2 306:2 307:1 308:1","VE_Gordon-Malmo","0","1","0","TRUE","MON","TV","L","FR1"
"2025-W35","TV35914879","TV35914879A","2821635","2025-08-25","2025-08-22","301:2 302:2 305:1 314:1","VE_Gordon-Sthlm","1","1","0","TRUE","MON","TV","S","FR1 + WB1"
"2025-W35","TV35916273","TV35916273A","2808007","2025-08-25","2025-08-22","303:2 304:2 306:2 307:1 308:1","VE_MBB-Mma-MBB","0","1","0","TRUE","MON","TV","M","FR1"
"2025-W35","TV35916277","TV35916277A","2803263","2025-08-25","2025-08-22","303:2 304:1 306:1 307:1 313:1","VE_Gordon-Sthlm","0","1","0","TRUE","MON","TV","S","FR1"
"2025-W35","TV35916168","TV35916168A","2819789","2025-08-25","2025-08-22","301:2 302:2 305:2 314:2 315:1 318:1","VE_Gordon-Goteborg","0","1","0","TRUE","MON","TV","M","FR1"
"2025-W35","TV35915482","TV35915482A","2819778","2025-08-25","2025-08-22","302:1 303:2 308:1 312:1 316:1","VE_Gordon-Sthlm","0","1","0","TRUE","MON","TV","S","FR1"
"2025-W35","TV35916234","TV35916234A","2816628","2025-08-25","2025-08-22","303:2 304:2 306:2 307:1 308:1","VE_Gordon-Uppsala","0","1","0","TRUE","MON","TV","M","FR1"
"2025-W35","TV35916325","TV35916325A","2811464","2025-08-25","2025-08-22","301:2 302:2 303:1 304:1 305:1 306:1 307:1 308:1","VE_Gordon-Sthlm","0","1","0","TRUE","MON","TV","M","FR1"
"2025-W35","TV35916292","TV35916292A","2812826","2025-08-25","2025-08-22","301:1 302:1 305:1 307:1 311:1 313:1 314:1 315:1 317:1 318:1 806:1","VE_Gordon-Goteborg","0","1","0","TRUE","MON","TV","M","FR1"
"2025-W35","TV35915618","TV35915618A","2763579","2025-08-25","2025-08-22","301:1 302:1 303:1 304:2 317:1","VE_Gordon-Sthlm","0","1","0","TRUE","MON","TV","S","FR1"
"2025-W35","TV35916306","TV35916306A","2815183","2025-08-25","2025-08-22","302:1 307:1 308:1 311:2 312:2 313:1 317:1 318:1","VE_Gordon-Uppsala","0","1","0","TRUE","MON","TV","M","FR1"
"2025-W35","TV35916089","TV35916089A","2820556","2025-08-25","2025-08-22","301:1 302:1 305:1 313:1 314:2","VE_Gordon-Vasteras","0","1","0","TRUE","MON","TV","S","FR1"
"2025-W35","TV35915621","TV35915621A","2814450","2025-08-25","2025-08-22","303:1 304:1 305:1 306:1 307:1 308:1 311:1 314:1","VE_Gordon-Sthlm","0","1","0","TRUE","MON","TV","M","FR1"
"2025-W35","TV35916267","TV35916267A","2820086","2025-08-25","2025-08-22","303:1 304:1 307:1 308:1 309:2 310:1 311:1 312:1 314:1","VE_Gordon-Uppsala","0","1","0","TRUE","MON","TV","M","FR1"
"2025-W35","TV35915164","TV35915164A","2822160","2025-08-25","2025-08-22","308:2 309:2 310:2","VE_Gordon-Sthlm","1","1","0","TRUE","MON","TV","S","FR1 + WB1"
"2025-W35","TV35915649","TV35915649A","2814559","2025-08-25","2025-08-22","305:2 314:2 318:2","VE_Gordon-Sthlm","0","1","0","TRUE","MON","TV","S","FR1"
"2025-W35","TV35915238","TV35915238A","2816863","2025-08-24","2025-08-22","304:1 307:1 308:1 316:1","VE_Gordon-Goteborg","0","1","0","TRUE","SUN","TV","S","FR1"
"2025-W35","TV35913395","TV35913395A","2820668","2025-08-24","2025-08-22","308:1 310:5 312:4","VE_Gordon-Sthlm","1","1","0","TRUE","SUN","TV","M","FR1 + WB1"
"2025-W35","TV35915152","TV35915152A","2822135","2025-08-25","2025-08-22","301:1 302:1 311:1 314:1","VE_Gordon-Sthlm","1","1","0","TRUE","MON","TV","S","FR1 + WB1"
"2025-W35","TV35915407","TV35915407A","2757825","2025-08-25","2025-08-22","302:1 303:1 304:1 309:1 310:1 312:1","VE_Gordon-Sthlm","0","1","0","TRUE","MON","TV","S","FR1"
"2025-W35","TV35916274","TV35916274A","2818882","2025-08-25","2025-08-22","304:1 307:1 312:1 316:1 317:1 318:1","VE_MBB-Mma-MBB","0","1","0","TRUE","MON","TV","S","FR1"
"2025-W35","TV35915536","TV35915536A","2812956","2025-08-25","2025-08-22","301:2 302:2 303:2 304:2 305:2 306:2 307:1 308:1","VE_Gordon-Goteborg","0","1","0","TRUE","MON","TV","L","FR1"
"2025-W35","TV35915640","TV35915640A","2817326","2025-08-25","2025-08-22","301:1 302:1 303:1 304:1 305:1 306:1","VE_MBB-Mma-MBB","0","1","0","TRUE","MON","TV","S","FR1"
"2025-W35","TV35915469","TV35915469A","2807319","2025-08-25","2025-08-22","301:2 304:2 305:2 312:1 313:1","VE_Gordon-Sthlm","0","1","0","TRUE","MON","TV","M","FR1"
"2025-W35","TV35916166","TV35916166A","2812064","2025-08-25","2025-08-22","301:3 304:3 305:3 312:2 313:3","VE_Gordon-Goteborg","0","1","0","TRUE","MON","TV","L","FR1"
"2025-W35","TV35915853","TV35915853A","2818362","2025-08-25","2025-08-22","301:1 302:1 303:1 304:1 305:1 306:1 307:1 308:1","VE_Gordon-Uppsala","0","1","0","TRUE","MON","TV","M","FR1"
"2025-W35","TV35915584","TV35915584A","2768758","2025-08-25","2025-08-22","311:1 313:1 314:1 318:1","VE_Gordon-Malmo","0","1","0","TRUE","MON","TV","S","FR1"
"2025-W35","TV35915691","TV35915691A","2800758","2025-08-25","2025-08-22","301:2 304:2 311:2","VE_Gordon-Vasteras","0","1","0","TRUE","MON","TV","S","FR1"
"2025-W35","TV35915452","TV35915452A","2770462","2025-08-25","2025-08-22","301:1 302:1 309:1 311:1 313:2","VE_Gordon-Sthlm","0","1","0","TRUE","MON","TV","S","FR1"
"2025-W35","TV35916011","TV35916011A","2817072","2025-08-25","2025-08-22","301:2 302:2 305:2 314:2","VE_Gordon-Vasteras","0","1","0","TRUE","MON","TV","M","FR1"
"2025-W35","TV35915512","TV35915512A","2820857","2025-08-25","2025-08-22","303:3 304:3 306:2 307:2 308:2","VE_Gordon-Sthlm","0","1","0","TRUE","MON","TV","M","FR1"
"2025-W35","TV35916229","TV35916229A","2818405","2025-08-25","2025-08-22","301:3 304:3 305:3 312:2 313:3","VE_Gordon-Uppsala","0","1","0","TRUE","MON","TV","L","FR1"
"2025-W35","TV35913412","TV35913412A","2820695","2025-08-25","2025-08-22","304:2 306:2 313:2","VE_Gordon-Goteborg","1","1","0","TRUE","MON","TV","S","FR1 + WB1"
"2025-W35","TV35915450","TV35915450A","2790875","2025-08-25","2025-08-22","301:2 304:2 305:2 312:1 313:1","VE_Gordon-Malmo","0","1","0","TRUE","MON","TV","M","FR1"
"2025-W35","TV35915529","TV35915529A","2821053","2025-08-25","2025-08-22","301:2 303:1 304:1 306:1 307:2 308:2 311:1 313:2 317:2","VE_Gordon-Goteborg","0","1","0","TRUE","MON","TV","L","FR1"
"2025-W35","TV35914941","TV35914941A","2821756","2025-08-25","2025-08-22","301:2 302:2 306:2 308:2","VE_Gordon-Goteborg","1","1","0","TRUE","MON","TV","M","FR1 + WB1"
"2025-W35","TV35916246","TV35916246A","2797892","2025-08-25","2025-08-22","301:2 306:1 309:1","VE_MBB-Mma-MBB","0","1","0","TRUE","MON","TV","S","FR1"
"2025-W35","TV35915233","TV35915233A","2820047","2025-08-24","2025-08-22","301:2 302:2","VE_Gordon-Linkoping","0","1","0","TRUE","SUN","TV","S","FR1"
"2025-W35","TV35915024","TV35915024A","2821926","2025-08-25","2025-08-22","301:1 302:1 303:1 304:2 305:1 306:1 311:1 313:1 314:2 315:1","VE_Gordon-Goteborg","1","1","0","TRUE","MON","TV","M","FR1 + WB1"
"2025-W35","TV35914912","TV35914912A","2821705","2025-08-25","2025-08-22","301:3 304:2 305:2 312:2 313:2 315:3","VE_Gordon-Sthlm","1","1","0","TRUE","MON","TV","L","FR1 + WB1"
"2025-W35","TV35916215","TV35916215A","2771510","2025-08-25","2025-08-22","301:2 304:1 305:1 312:1 313:1","VE_MBB-Mma-MBB","0","1","0","TRUE","MON","TV","S","FR1"
"2025-W35","TV35914949","TV35914949A","2772417","2025-08-25","2025-08-22","301:3 304:3 305:3 312:2 313:3","VE_MBB-Mma-MBB","1","1","0","TRUE","MON","TV","L","FR1 + WB1"
"2025-W35","TV35915495","TV35915495A","2804193","2025-08-25","2025-08-22","301:3 302:3 305:2 314:2","VE_Gordon-Sthlm","0","1","0","TRUE","MON","TV","M","FR1"
"2025-W35","TV35916143","TV35916143A","2820543","2025-08-25","2025-08-22","303:2 304:4 307:2 308:1 311:1 313:1 315:2 316:1","VE_Gordon-Goteborg","0","1","0","TRUE","MON","TV","L","FR1"
"2025-W35","TV35916255","TV35916255A","2820386","2025-08-25","2025-08-22","304:1 305:1 312:1 313:1","VE_Gordon-Goteborg","0","1","0","TRUE","MON","TV","S","FR1"
"2025-W35","TV35915189","TV35915189A","2751419","2025-08-25","2025-08-22","301:3 302:2 304:3 305:2 312:1 314:1","VE_Gordon-Uppsala","1","1","0","TRUE","MON","TV","M","FR1 + WB1"
"2025-W35","TV35912258","TV35912258A","2820114","2025-08-25","2025-08-22","301:1 302:1 303:1 304:1 305:1 306:1 307:1 308:1","VE_Gordon-Malmo","1","1","0","TRUE","MON","TV","M","FR1 + WB1"
"2025-W35","TV35915342","TV35915342A","2822250","2025-08-25","2025-08-22","301:1 302:1 303:1 304:1 305:1 306:1 307:1 308:1","VE_Gordon-Sthlm","1","1","0","TRUE","MON","TV","M","FR1 + WB1"
"2025-W35","TV35916238","TV35916238A","2820984","2025-08-25","2025-08-22","304:3 305:1 311:3 313:1","VE_Gordon-Goteborg","0","1","0","TRUE","MON","TV","M","FR1"
"2025-W35","TV35915692","TV35915692A","2813395","2025-08-25","2025-08-22","301:1 302:1 303:1 304:1 305:1 306:1","VE_Gordon-Uppsala","0","1","0","TRUE","MON","TV","S","FR1"
"2025-W35","TV35915166","TV35915166A","2822162","2025-08-25","2025-08-22","301:2 302:2 303:1 305:2 306:2 307:1 309:1 311:3","VE_Gordon-Sthlm","1","1","0","TRUE","MON","TV","L","FR1 + WB1"
"2025-W35","TV35915888","TV35915888A","2813091","2025-08-25","2025-08-22","302:1 305:1 308:1 313:1","VE_Gordon-Sthlm","0","1","0","TRUE","MON","TV","S","FR1"
"2025-W35","TV35916354","TV35916354A","2821331","2025-08-25","2025-08-22","304:1 311:1 313:1 318:1","VE_Gordon-Sthlm","0","1","0","TRUE","MON","TV","S","FR1"
"2025-W35","TV35914925","TV35914925A","2821731","2025-08-25","2025-08-22","303:1 304:1 305:1 313:1","VE_Gordon-Sthlm","1","1","0","TRUE","MON","TV","S","FR1 + WB1"
"2025-W35","TV35914843","TV35914843A","2821550","2025-08-25","2025-08-22","301:3 304:3 305:3 312:2 313:3","VE_Gordon-Sthlm","1","1","0","TRUE","MON","TV","L","FR1 + WB1"
"2025-W35","TV35916155","TV35916155A","2817966","2025-08-25","2025-08-22","304:2 305:2 306:1 307:1 308:1 311:1 312:1 314:1 315:1 316:1 318:2","VE_Gordon-Sthlm","0","1","0","TRUE","MON","TV","L","FR1"
"2025-W35","TV35915619","TV35915619A","2773827","2025-08-25","2025-08-22","301:1 303:1 312:1 317:1","VE_Gordon-Sthlm","0","1","0","TRUE","MON","TV","S","FR1"
"2025-W35","TV35915980","TV35915980A","2820189","2025-08-25","2025-08-22","302:1 308:1 312:2 314:2","VE_Gordon-Goteborg","0","1","0","TRUE","MON","TV","S","FR1"
"2025-W35","TV35916164","TV35916164A","2819591","2025-08-25","2025-08-22","309:1 313:1 317:1 318:1","VE_Gordon-Sthlm","0","1","0","TRUE","MON","TV","S","FR1"
"2025-W35","TV35916190","TV35916190A","2791498","2025-08-25","2025-08-22","301:1 304:1 308:1 312:1 314:1","VE_Gordon-Uppsala","0","1","0","TRUE","MON","TV","S","FR1"
"2025-W35","TV35915232","TV35915232A","2820806","2025-08-24","2025-08-22","301:2 302:2 305:2 314:2 317:2 318:2","VE_Gordon-Sthlm","1","1","0","TRUE","SUN","TV","M","FR1"
"2025-W35","TV35915318","TV35915318A","2818880","2025-08-24","2025-08-22","301:1 302:1 314:1 317:1","VE_Gordon-Vaxjo","0","1","0","TRUE","SUN","TV","S","FR1"
"2025-W35","TV35915750","TV35915750A","2818475","2025-08-25","2025-08-22","301:1 304:2 305:2 307:1 311:1 312:1 313:1 316:1","VE_Gordon-Malmo","0","1","0","TRUE","MON","TV","M","FR1"
"2025-W35","TV35916019","TV35916019A","2812272","2025-08-25","2025-08-22","301:2 302:2 303:2 304:2 305:2 306:2 307:1 308:1","VE_Gordon-Vasteras","0","1","0","TRUE","MON","TV","L","FR1"
"2025-W35","TV35916161","TV35916161A","2818547","2025-08-25","2025-08-22","301:1 302:1 303:2 305:1 306:1 307:1 315:1","VE_Gordon-Uppsala","0","1","0","TRUE","MON","TV","M","FR1"
"2025-W35","TV35916160","TV35916160A","2820723","2025-08-25","2025-08-22","301:2 302:2 305:1 314:1","VE_Gordon-Sthlm","0","1","0","TRUE","MON","TV","S","FR1"
"2025-W35","TV35915590","TV35915590A","2820197","2025-08-25","2025-08-22","303:2 304:1 306:2 311:1 313:1 314:1 315:2","VE_Gordon-Sthlm","0","1","0","TRUE","MON","TV","M","FR1"
"2025-W35","TV35915882","TV35915882A","2754365","2025-08-25","2025-08-22","301:2 302:2 303:1 306:2 308:1 317:2","VE_Gordon-Vasteras","0","1","0","TRUE","MON","TV","M","FR1"
"2025-W35","TV35915131","TV35915131A","2822104","2025-08-25","2025-08-22","301:2 302:1 303:1 304:2 305:2 306:1 313:1 315:1 317:1","VE_Gordon-Goteborg","1","1","0","TRUE","MON","TV","M","FR1 + WB1"
"2025-W35","TV35915340","TV35915340A","2822248","2025-08-25","2025-08-22","306:1 307:1 312:1 314:1","VE_Gordon-Goteborg","1","1","0","TRUE","MON","TV","S","FR1 + WB1"
"2025-W35","TV35915077","TV35915077A","2822007","2025-08-25","2025-08-22","301:1 302:1 304:1 306:1 308:1 312:1","VE_Gordon-Linkoping","1","1","0","TRUE","MON","TV","S","FR1 + WB1"
"2025-W35","TV35915898","TV35915898A","2821380","2025-08-25","2025-08-22","301:2 302:2 303:3 305:2 312:1 315:2 318:2","VE_Gordon-Halmstad","0","1","0","TRUE","MON","TV","L","FR1"
"2025-W35","TV35915738","TV35915738A","2818628","2025-08-25","2025-08-22","301:1 304:2 312:1 314:1 315:2 316:2 317:2 318:2 805:2","VE_MBB-Mma-MBB","0","1","0","TRUE","MON","TV","L","FR1"
"2025-W35","TV35916362","TV35916362A","2820013","2025-08-25","2025-08-22","301:1 302:1 308:1 312:1 314:2","VE_Gordon-Sthlm","0","1","0","TRUE","MON","TV","S","FR1"
"2025-W35","TV35915157","TV35915157A","2822145","2025-08-25","2025-08-22","301:1 302:1 304:1 308:1 315:1 318:1","VE_Gordon-Malmo","1","1","0","TRUE","MON","TV","S","FR1 + WB1"
"2025-W35","TV35915897","TV35915897A","2785965","2025-08-25","2025-08-22","312:3 313:3 314:2 315:1 316:2 317:1 318:2","VE_Gordon-Sthlm","0","1","0","TRUE","MON","TV","L","FR1"
"2025-W35","TV35915078","TV35915078A","2822002","2025-08-25","2025-08-22","301:3 314:1","VE_Gordon-Sthlm","1","1","0","TRUE","MON","TV","S","FR1 + WB1"
"2025-W35","TV35915472","TV35915472A","2752969","2025-08-25","2025-08-22","301:1 304:1 305:1 310:1","VE_Gordon-Goteborg","0","1","0","TRUE","MON","TV","S","FR1"
"2025-W35","TV35915280","TV35915280A","2819581","2025-08-24","2025-08-22","302:1 303:1 306:1 307:1 308:1 311:1 312:1 315:1 316:1 318:1","VE_Gordon-Sthlm","0","1","0","TRUE","SUN","TV","M","FR1"
"2025-W35","TV35915237","TV35915237A","2819143","2025-08-24","2025-08-22","301:1 303:1 306:1 314:1 317:2","VE_Gordon-Sthlm","0","1","0","TRUE","SUN","TV","S","FR1"
"2025-W35","TV35915301","TV35915301A","2820722","2025-08-24","2025-08-22","301:3 302:3 303:1 305:3 306:1 308:1 312:1 314:1","VE_Gordon-Sthlm","1","1","0","TRUE","SUN","TV","L","FR1"
"2025-W35","TV35916341","TV35916341A","2818758","2025-08-25","2025-08-22","304:2 311:2 313:2 314:2 315:2","VE_MBB-Mma-MBB","0","1","0","TRUE","MON","TV","M","FR1"
"2025-W35","TV35916129","TV35916129A","2809445","2025-08-25","2025-08-22","301:3 304:3 305:3 312:2 313:3","VE_Gordon-Goteborg","0","1","0","TRUE","MON","TV","L","FR1"
"2025-W35","TV35915170","TV35915170A","2822170","2025-08-25","2025-08-22","303:3 304:3 306:3 307:3 308:2","VE_Gordon-Malmo","1","1","0","TRUE","MON","TV","L","FR1 + WB1"
"2025-W35","TV35914815","TV35914815A","2811583","2025-08-25","2025-08-22","302:1 303:2 304:1 305:1 306:1","VE_Gordon-Sthlm","1","1","0","TRUE","MON","TV","S","FR1 + WB1"
"2025-W35","TV35915438","TV35915438A","2799164","2025-08-25","2025-08-22","301:1 302:1 303:1 304:1 305:1 306:1","VE_Gordon-Malmo","0","1","0","TRUE","MON","TV","S","FR1"
"2025-W35","TV35916102","TV35916102A","2821161","2025-08-25","2025-08-22","302:2 303:1 304:1 305:1 306:1 307:1 308:1 311:1 318:1","VE_Gordon-Sthlm","0","1","0","TRUE","MON","TV","M","FR1"
"2025-W35","TV35915772","TV35915772A","2768705","2025-08-25","2025-08-22","303:2 304:2 306:2 307:1 308:1","VE_Gordon-Goteborg","0","1","0","TRUE","MON","TV","M","FR1"
"2025-W35","TV35915410","TV35915410A","2817780","2025-08-25","2025-08-22","301:1 302:1 303:1 304:2 308:1 312:2 313:2 317:2","VE_Gordon-Sthlm","0","1","0","TRUE","MON","TV","M","FR1"
"2025-W35","TV35915403","TV35915403A","2751728","2025-08-25","2025-08-22","301:2 306:2 317:2","VE_Gordon-Sthlm","0","1","0","TRUE","MON","TV","S","FR1"
"2025-W35","TV35915633","TV35915633A","2821348","2025-08-25","2025-08-22","301:2 304:2 305:2 312:2 313:2","VE_Gordon-Uppsala","0","1","0","TRUE","MON","TV","M","FR1"
"2025-W35","TV35915592","TV35915592A","2808493","2025-08-25","2025-08-22","301:1 304:3 305:3 306:1 307:1 308:1 311:1 312:1 313:1 315:1","VE_Gordon-Malmo","0","1","0","TRUE","MON","TV","L","FR1"
"2025-W35","TV35915483","TV35915483A","2769902","2025-08-25","2025-08-22","303:1 304:1 306:1 307:1","VE_Gordon-Uppsala","0","1","0","TRUE","MON","TV","S","FR1"
"2025-W35","TV35915831","TV35915831A","2817672","2025-08-25","2025-08-22","301:1 304:1 312:1 313:1 314:1","VE_Gordon-Malmo","0","1","0","TRUE","MON","TV","S","FR1"
"2025-W35","TV35916021","TV35916021A","2820485","2025-08-25","2025-08-22","302:2 303:2 304:2 306:2 307:2 308:2 309:2","VE_Gordon-Vaxjo","0","1","0","TRUE","MON","TV","L","FR1"
"2025-W35","TV35915509","TV35915509A","2810194","2025-08-25","2025-08-22","301:2 304:1 305:1 312:1 313:1","VE_Gordon-Sthlm","0","1","0","TRUE","MON","TV","S","FR1"
"2025-W35","TV35915491","TV35915491A","2818268","2025-08-25","2025-08-22","301:1 302:1 303:1 304:1 305:1 306:1","VE_Gordon-Sthlm","0","1","0","TRUE","MON","TV","S","FR1"
"2025-W35","TV35915896","TV35915896A","2819113","2025-08-25","2025-08-22","301:4 302:4 305:3 314:3","VE_Gordon-Goteborg","0","1","0","TRUE","MON","TV","L","FR1"
"2025-W35","TV35915959","TV35915959A","2809702","2025-08-25","2025-08-22","301:2 302:2 304:1 306:2 308:2","VE_Gordon-Uppsala","0","1","0","TRUE","MON","TV","M","FR1"
"2025-W35","TV35915549","TV35915549A","2807721","2025-08-25","2025-08-22","301:1 303:4 317:1","VE_Gordon-Uppsala","0","1","0","TRUE","MON","TV","S","FR1"
"2025-W35","TV35914790","TV35914790A","2821443","2025-08-24","2025-08-22","301:1 302:1 303:1 304:1 305:1 317:1 805:2 809:1 810:1","VE_Gordon-Sthlm","1","1","0","TRUE","SUN","TV","M","FR1 + WB1"
"2025-W35","TV35915041","TV35915041A","2821952","2025-08-24","2025-08-22","301:1 302:2 303:1 306:1 307:1 311:2 314:2 315:1 317:1","VE_Gordon-Sthlm","1","1","0","TRUE","SUN","TV","M","FR1 + WB1"
"2025-W35","TV35915560","TV35915560A","2821075","2025-08-25","2025-08-22","309:2 310:2","VE_MBB-Mma-MBB","0","1","0","TRUE","MON","TV","S","FR1"
"2025-W35","TV35916107","TV35916107A","2793193","2025-08-25","2025-08-22","301:1 302:1 306:1 307:1 308:1 309:1","VE_Gordon-Linkoping","0","1","0","TRUE","MON","TV","S","FR1"
"2025-W35","TV35915046","TV35915046A","2779694","2025-08-25","2025-08-22","309:2 310:2","VE_Gordon-Sthlm","1","1","0","TRUE","MON","TV","S","FR1 + WB1"
"2025-W35","TV35914842","TV35914842A","2821548","2025-08-25","2025-08-22","301:1 304:1 305:1 312:1 313:1","VE_Gordon-Sthlm","1","1","0","TRUE","MON","TV","S","FR1 + WB1"
"2025-W35","TV35916099","TV35916099A","2821213","2025-08-25","2025-08-22","301:2 304:1 305:1 312:1 313:1","VE_Gordon-Sthlm","0","1","0","TRUE","MON","TV","S","FR1"
"2025-W35","TV35915352","TV35915352A","2822269","2025-08-25","2025-08-22","301:1 302:1 303:1 304:1","VE_Gordon-Sthlm","1","1","0","TRUE","MON","TV","S","FR1 + WB1"
"2025-W35","TV35915487","TV35915487A","2789261","2025-08-25","2025-08-22","301:2 302:2 304:1 311:1 315:1 316:1 317:1 318:1","VE_Gordon-Uppsala","0","1","0","TRUE","MON","TV","M","FR1"
"2025-W35","TV35916224","TV35916224A","2757001","2025-08-25","2025-08-22","301:2 303:1 304:2 305:2 306:1 313:2","VE_Gordon-Sthlm","0","1","0","TRUE","MON","TV","M","FR1"
"2025-W35","TV35915764","TV35915764A","2787948","2025-08-25","2025-08-22","301:1 302:1 303:1 304:1","VE_Gordon-Uppsala","0","1","0","TRUE","MON","TV","S","FR1"
"2025-W35","TV35916101","TV35916101A","2821138","2025-08-25","2025-08-22","301:1 302:1 303:1 304:1 305:1 306:1","VE_Gordon-Sthlm","0","1","0","TRUE","MON","TV","S","FR1"
"2025-W35","TV35915570","TV35915570A","2816614","2025-08-25","2025-08-22","301:1 304:1 305:1 313:1","VE_Gordon-Goteborg","0","1","0","TRUE","MON","TV","S","FR1"
"2025-W35","TV35913872","TV35913872A","2810515","2025-08-25","2025-08-22","303:3 304:3 306:3 307:3 308:2","VE_Gordon-Sthlm","1","1","0","TRUE","MON","TV","L","FR1 + WB1"
"2025-W35","TV35915248","TV35915248A","2821248","2025-08-24","2025-08-22","301:2 302:1 305:2 306:1 314:1 315:1 317:1 318:1","VE_Gordon-Uppsala","1","1","0","TRUE","SUN","TV","M","FR1"
"2025-W35","TV35914995","TV35914995A","2821864","2025-08-24","2025-08-22","301:3 302:2 304:1 305:3 311:2 313:2 318:1","VE_Gordon-Sthlm","1","1","0","TRUE","SUN","TV","L","FR1 + WB1"
"2025-W35","TV35915247","TV35915247A","2767075","2025-08-24","2025-08-22","301:1 304:1 305:1 313:1","VE_Gordon-Uppsala","0","1","0","TRUE","SUN","TV","S","FR1"
"2025-W35","TV35915762","TV35915762A","2809064","2025-08-25","2025-08-22","303:3 304:3 306:3 307:3 308:2","VE_Gordon-Malmo","0","1","0","TRUE","MON","TV","L","FR1"
"2025-W35","TV35916000","TV35916000A","2763127","2025-08-25","2025-08-22","301:2 302:2 303:2 305:2 309:2 310:2 314:2","VE_Gordon-Uppsala","1","1","0","TRUE","MON","TV","L","FR1 + WB1"
"2025-W35","TV35915827","TV35915827A","2802266","2025-08-25","2025-08-22","302:2 314:2 318:2 806:1","VE_Gordon-Sthlm","0","1","0","TRUE","MON","TV","M","FR1"
"2025-W35","TV35915375","TV35915375A","2822066","2025-08-25","2025-08-22","301:2 306:2 308:2 314:2 317:2","VE_Gordon-Vasteras","1","1","0","TRUE","MON","TV","M","FR1 + WB1"
"2025-W35","TV35915547","TV35915547A","2819889","2025-08-25","2025-08-22","303:2 304:2 306:2 307:2 308:2","VE_Gordon-Linkoping","0","1","0","TRUE","MON","TV","M","FR1"
"2025-W35","TV35915059","TV35915059A","2821980","2025-08-25","2025-08-22","301:2 302:1 303:1 305:1 307:1 309:1 312:1 313:1 314:1 315:2 318:2","VE_Gordon-Sthlm","1","1","0","TRUE","MON","TV","L","FR1 + WB1"
"2025-W35","TV35915943","TV35915943A","2819063","2025-08-25","2025-08-22","301:2 302:2 303:2 304:2 305:2 306:2 307:1 308:1","VE_Gordon-Malmo","0","1","0","TRUE","MON","TV","L","FR1"
"2025-W35","TV35915939","TV35915939A","2812893","2025-08-25","2025-08-22","307:1 309:1 313:1 317:1","VE_Gordon-Sthlm","0","1","0","TRUE","MON","TV","S","FR1"
"2025-W35","TV35915870","TV35915870A","2819915","2025-08-25","2025-08-22","304:1 308:2 311:2 313:1","VE_Gordon-Sthlm","0","1","0","TRUE","MON","TV","S","FR1"
"2025-W35","TV35914961","TV35914961A","2821806","2025-08-25","2025-08-22","301:2 303:1 304:1 305:1 306:1 307:1 308:1 315:2","VE_Gordon-Sthlm","1","1","0","TRUE","MON","TV","M","FR1 + WB1"
"2025-W35","TV35916015","TV35916015A","2751548","2025-08-25","2025-08-22","303:2 304:2 306:2 307:2","VE_Gordon-Sthlm","0","1","0","TRUE","MON","TV","M","FR1"
"2025-W35","TV35915006","TV35915006A","2821890","2025-08-25","2025-08-22","301:1 302:1 303:1 305:1 307:1 308:1 315:1 317:1","VE_MBB-Mma-MBB","1","1","0","TRUE","MON","TV","M","FR1 + WB1"
"2025-W35","TV35915414","TV35915414A","2821320","2025-08-25","2025-08-22","303:2 304:2 306:2 308:2 311:2 313:2 316:2","VE_Gordon-Vasteras","0","1","0","TRUE","MON","TV","L","FR1"
"2025-W35","TV35915824","TV35915824A","2820324","2025-08-25","2025-08-22","303:2 304:1 306:1 307:1 308:1","VE_Gordon-Sthlm","0","1","0","TRUE","MON","TV","S","FR1"
"2025-W35","TV35915058","TV35915058A","2766321","2025-08-25","2025-08-22","301:2 302:2 303:1 305:2 312:1 314:2","VE_Gordon-Sthlm","1","1","0","TRUE","MON","TV","M","FR1 + WB1"
"2025-W35","TV35915179","TV35915179A","2772216","2025-08-25","2025-08-22","301:2 302:2 303:2 304:2 305:1 306:1 307:1 309:1","VE_Gordon-Sthlm","1","1","0","TRUE","MON","TV","M","FR1 + WB1"
"2025-W35","TV35916298","TV35916298A","2818520","2025-08-25","2025-08-22","303:2 304:2 305:1 306:1","VE_Gordon-Sthlm","0","1","0","TRUE","MON","TV","S","FR1"
"2025-W35","TV35916332","TV35916332A","2821046","2025-08-25","2025-08-22","302:2 303:2 304:2 305:2 307:2 313:2","VE_Gordon-Goteborg","0","1","0","TRUE","MON","TV","M","FR1"
"2025-W35","TV35915698","TV35915698A","2759982","2025-08-25","2025-08-22","303:1 304:1 306:1 307:1 308:1 312:1","VE_Gordon-Sthlm","0","1","0","TRUE","MON","TV","S","FR1"
"2025-W35","TV35916074","TV35916074A","2771127","2025-08-25","2025-08-22","301:1 302:1 303:1 304:1","VE_Gordon-Sthlm","0","1","0","TRUE","MON","TV","S","FR1"
"2025-W35","TV35915534","TV35915534A","2821373","2025-08-25","2025-08-22","301:1 304:1 305:1 311:1 312:1 313:1","VE_Gordon-Sthlm","0","1","0","TRUE","MON","TV","S","FR1"
"2025-W35","TV35915465","TV35915465A","2819728","2025-08-25","2025-08-22","301:1 302:1 303:1 304:1 311:2 313:1","VE_Gordon-Uppsala","0","1","0","TRUE","MON","TV","M","FR1"
"2025-W35","TV35916134","TV35916134A","2818270","2025-08-25","2025-08-22","302:1 303:1 305:1 312:2 316:1","VE_Gordon-Goteborg","0","1","0","TRUE","MON","TV","S","FR1"
"2025-W35","TV35916172","TV35916172A","2797886","2025-08-25","2025-08-22","301:2 302:2 305:1 314:1","VE_Gordon-Malmo","0","1","0","TRUE","MON","TV","S","FR1"
"2025-W35","TV35914934","TV35914934A","2821740","2025-08-25","2025-08-22","303:1 305:2 312:2 313:1 317:2","VE_Gordon-Goteborg","1","1","0","TRUE","MON","TV","M","FR1 + WB1"
"2025-W35","TV35915284","TV35915284A","2819785","2025-08-24","2025-08-22","303:1 304:1 306:1 307:1 308:1 313:1 315:1 316:1","VE_Gordon-Malmo","1","1","0","TRUE","SUN","TV","M","FR1"
"2025-W35","TV35915254","TV35915254A","2816673","2025-08-24","2025-08-22","308:2 313:2 314:2 316:2","VE_Gordon-Goteborg","0","1","0","TRUE","SUN","TV","M","FR1"
"2025-W35","TV35915603","TV35915603A","2763036","2025-08-25","2025-08-22","301:2 302:2 303:1 304:1 305:1 306:1 307:1 308:1","VE_MBB-Mma-MBB","0","1","0","TRUE","MON","TV","M","FR1"
"2025-W35","TV35915109","TV35915109A","2822048","2025-08-25","2025-08-22","301:2 302:2 303:1 304:1 305:1 306:1 307:1 308:1","VE_Gordon-Sthlm","1","1","0","TRUE","MON","TV","M","FR1 + WB1"
"2025-W35","TV35914814","TV35914814A","2805681","2025-08-25","2025-08-22","302:1 303:1 304:1 305:1 306:1 307:1 308:1 310:1 312:1 317:1","VE_Gordon-Sthlm","1","1","0","TRUE","MON","TV","M","FR1 + WB1"
"2025-W35","TV35914891","TV35914891A","2821671","2025-08-25","2025-08-22","301:2 302:2 305:1 314:1","VE_Gordon-Vaxjo","1","1","0","TRUE","MON","TV","S","FR1 + WB1"
"2025-W35","TV35916247","TV35916247A","2814909","2025-08-25","2025-08-22","301:1 302:1 303:1 304:1","VE_Gordon-Uppsala","0","1","0","TRUE","MON","TV","S","FR1"
"2025-W35","TV35915171","TV35915171A","2822177","2025-08-25","2025-08-22","301:1 304:1 305:1 313:1","VE_Gordon-Sthlm","1","1","0","TRUE","MON","TV","S","FR1 + WB1"
"2025-W35","TV35915562","TV35915562A","2819819","2025-08-25","2025-08-22","303:2 306:1 307:1 313:1 315:1","VE_Gordon-Malmo","1","1","0","TRUE","MON","TV","S","FR1"
"2025-W35","TV35915987","TV35915987A","2780799","2025-08-25","2025-08-22","301:1 302:1 304:1 314:1","VE_Gordon-Sthlm","0","1","0","TRUE","MON","TV","S","FR1"
"2025-W35","TV35915835","TV35915835A","2785407","2025-08-25","2025-08-22","308:3 309:3 310:2 312:2","VE_Gordon-Sthlm","0","1","0","TRUE","MON","TV","M","FR1"
"2025-W35","TV35915538","TV35915538A","2821155","2025-08-25","2025-08-22","301:1 302:1 303:1 304:1 305:1 306:1 307:1 308:1 309:1 310:1","VE_Gordon-Sthlm","0","1","0","TRUE","MON","TV","M","FR1"
"2025-W35","TV35915085","TV35915085A","2822018","2025-08-25","2025-08-22","301:1 304:1 313:1 314:1","VE_Gordon-Goteborg","1","1","0","TRUE","MON","TV","S","FR1 + WB1"
"2025-W35","TV35915961","TV35915961A","2819957","2025-08-25","2025-08-22","303:2 304:1 306:1 307:1 308:1","VE_Gordon-Sthlm","0","1","0","TRUE","MON","TV","S","FR1"
"2025-W35","TV35915421","TV35915421A","2755091","2025-08-25","2025-08-22","308:3 309:3 310:3 312:3","VE_Gordon-Sthlm","0","1","0","TRUE","MON","TV","M","FR1"
"2025-W35","TV35916043","TV35916043A","2795512","2025-08-25","2025-08-22","302:1 304:2 308:2 311:2 314:1","VE_Gordon-Goteborg","0","1","0","TRUE","MON","TV","M","FR1"
"2025-W35","TV35915239","TV35915239A","2819624","2025-08-24","2025-08-22","307:1 308:1 311:1 314:1","VE_Gordon-Sthlm","0","1","0","TRUE","SUN","TV","S","FR1"
"2025-W35","TV35915037","TV35915037A","2821947","2025-08-24","2025-08-22","301:1 302:1 305:1 306:1 315:2","VE_Gordon-Uppsala","1","1","0","TRUE","SUN","TV","S","FR1 + WB1"
"2025-W35","TV35915671","TV35915671A","2796898","2025-08-25","2025-08-22","301:3 302:3 305:2 314:2","VE_Gordon-Sthlm","0","1","0","TRUE","MON","TV","M","FR1"
"2025-W35","TV35916125","TV35916125A","2820276","2025-08-25","2025-08-22","302:1 305:1 308:1 311:1 312:1","VE_Gordon-Sthlm","0","1","0","TRUE","MON","TV","S","FR1"
"2025-W35","TV35915737","TV35915737A","2816732","2025-08-25","2025-08-22","301:3 302:3 305:2 314:2","VE_Gordon-Halmstad","0","1","0","TRUE","MON","TV","M","FR1"
"2025-W35","TV35915632","TV35915632A","2813345","2025-08-25","2025-08-22","303:2 306:2 307:2 308:1 315:1 316:2","VE_Gordon-Uppsala","0","1","0","TRUE","MON","TV","M","FR1"
"2025-W35","TV35915178","TV35915178A","2822193","2025-08-25","2025-08-22","301:1 302:1 303:1 304:1","VE_Gordon-Sthlm","1","1","0","TRUE","MON","TV","S","FR1 + WB1"
"2025-W35","TV35915903","TV35915903A","2756565","2025-08-25","2025-08-22","301:1 304:1 305:1 313:1","VE_Gordon-Uppsala","0","1","0","TRUE","MON","TV","S","FR1"
"2025-W35","TV35916167","TV35916167A","2807712","2025-08-25","2025-08-22","301:1 302:1 303:1 304:1 305:1 306:1 307:1 308:1","VE_Gordon-Uppsala","0","1","0","TRUE","MON","TV","M","FR1"
"2025-W35","TV35915101","TV35915101A","2822035","2025-08-25","2025-08-22","301:2 304:1 307:1 313:1 315:2 318:1","VE_Gordon-Linkoping","1","1","0","TRUE","MON","TV","M","FR1 + WB1"
"2025-W35","TV35916047","TV35916047A","2818047","2025-08-25","2025-08-22","301:1 302:1 303:1 304:1 305:1 306:1 307:1 308:1","VE_Gordon-Goteborg","0","1","0","TRUE","MON","TV","M","FR1"
"2025-W35","TV35915788","TV35915788A","2808744","2025-08-25","2025-08-22","301:2 304:1 305:1 312:1 313:1","VE_Gordon-Sthlm","0","1","0","TRUE","MON","TV","S","FR1"
"2025-W35","TV35915601","TV35915601A","2818105","2025-08-25","2025-08-22","301:2 304:2 305:2 312:1 313:1","VE_Gordon-Sthlm","0","1","0","TRUE","MON","TV","M","FR1"
"2025-W35","TV35916146","TV35916146A","2772872","2025-08-25","2025-08-22","301:2 302:2 303:3 306:2 311:2 314:3","VE_Gordon-Goteborg","0","1","0","TRUE","MON","TV","L","FR1"
"2025-W35","TV35915425","TV35915425A","2771428","2025-08-25","2025-08-22","301:2 302:2 305:2 314:2","VE_Gordon-Sthlm","0","1","0","TRUE","MON","TV","M","FR1"
"2025-W35","TV35916284","TV35916284A","2820544","2025-08-25","2025-08-22","305:1 308:1 313:1 314:1","VE_Gordon-Sthlm","0","1","0","TRUE","MON","TV","S","FR1"
"2025-W35","TV35914789","TV35914789A","2821442","2025-08-25","2025-08-22","301:2 302:2 303:1 304:1 305:1 306:1 307:1 308:1","VE_Gordon-Vasteras","1","1","0","TRUE","MON","TV","M","FR1 + WB1"
"2025-W35","TV35914946","TV35914946A","2821770","2025-08-25","2025-08-22","303:2 308:2 312:2 314:2","VE_Gordon-Sthlm","1","1","0","TRUE","MON","TV","M","FR1 + WB1"
"2025-W35","TV35915251","TV35915251A","2820522","2025-08-24","2025-08-22","301:1 302:1 303:1 304:1","VE_Gordon-Sthlm","0","1","0","TRUE","SUN","TV","S","FR1"
"2025-W35","TV35915195","TV35915195A","2822220","2025-08-24","2025-08-22","303:2 304:2 306:2 307:1 308:1","VE_Gordon-Vasteras","1","1","0","TRUE","SUN","TV","M","FR1 + WB1"
"2025-W35","TV35914899","TV35914899A","2821686","2025-08-25","2025-08-22","301:1 302:1 303:1 304:1","VE_Gordon-Malmo","1","1","0","TRUE","MON","TV","S","FR1 + WB1"
"2025-W35","TV35915531","TV35915531A","2776955","2025-08-25","2025-08-22","301:1 302:1 303:1 304:1 305:1 306:1 307:1 308:1","VE_Gordon-Sthlm","0","1","0","TRUE","MON","TV","M","FR1"
"2025-W35","TV35915474","TV35915474A","2761588","2025-08-25","2025-08-22","302:2 304:1 308:1 312:1 313:1 314:2","VE_Gordon-Goteborg","0","1","0","TRUE","MON","TV","M","FR1"
"2025-W35","TV35916231","TV35916231A","2803339","2025-08-25","2025-08-22","301:1 302:1 303:1 304:1","VE_Gordon-Goteborg","0","1","0","TRUE","MON","TV","S","FR1"
"2025-W35","TV35913723","TV35913723A","2767340","2025-08-25","2025-08-22","301:1 302:1 303:1 305:1 316:1 318:1","VE_Gordon-Goteborg","1","1","0","TRUE","MON","TV","S","FR1 + WB1"
"2025-W35","TV35915437","TV35915437A","2804651","2025-08-25","2025-08-22","301:2 302:2 305:2 314:2 318:2","VE_Gordon-Sthlm","0","1","0","TRUE","MON","TV","M","FR1"
"2025-W35","TV35916165","TV35916165A","2817358","2025-08-25","2025-08-22","301:3 302:2 310:1 314:3 315:1 317:2","VE_Gordon-Sthlm","0","1","0","TRUE","MON","TV","M","FR1"
"2025-W35","TV35915137","TV35915137A","2821738","2025-08-25","2025-08-22","301:2 302:1 305:2 307:1 311:1 312:1 315:1 317:2 318:3","VE_Gordon-Vasteras","1","1","0","TRUE","MON","TV","L","FR1 + WB1"
"2025-W35","TV35916030","TV35916030A","2820954","2025-08-25","2025-08-22","301:2 304:1 305:1 312:1 313:1","VE_Gordon-Goteborg","0","1","0","TRUE","MON","TV","S","FR1"
"2025-W35","TV35915625","TV35915625A","2789649","2025-08-25","2025-08-22","305:2 311:2 313:2","VE_Gordon-Sthlm","0","1","0","TRUE","MON","TV","S","FR1"
"2025-W35","TV35915717","TV35915717A","2797792","2025-08-25","2025-08-22","301:2 304:2 305:2 312:1 313:1","VE_MBB-Mma-MBB","0","1","0","TRUE","MON","TV","M","FR1"
"2025-W35","TV35915409","TV35915409A","2818229","2025-08-25","2025-08-22","301:2 304:2 305:2 312:1 313:1","VE_Gordon-Sthlm","0","1","0","TRUE","MON","TV","M","FR1"
"2025-W35","TV35915712","TV35915712A","2814719","2025-08-25","2025-08-22","305:1 306:1 308:1 318:1","VE_Gordon-Uppsala","0","1","0","TRUE","MON","TV","S","FR1"
"2025-W35","TV35915496","TV35915496A","2818713","2025-08-25","2025-08-22","301:3 302:1 305:3 314:2 318:3","VE_Gordon-Sthlm","0","1","0","TRUE","MON","TV","M","FR1"
"2025-W35","TV35915863","TV35915863A","2806407","2025-08-25","2025-08-22","301:1 302:1 304:1 305:1","VE_Gordon-Sthlm","0","1","0","TRUE","MON","TV","S","FR1"
"2025-W35","TV35915709","TV35915709A","2819877","2025-08-25","2025-08-22","301:2 312:2 313:2 318:2","VE_Gordon-Vaxjo","0","1","0","TRUE","MON","TV","M","FR1"
"2025-W35","TV35915278","TV35915278A","2819322","2025-08-24","2025-08-22","301:2 304:1 305:1 313:1 318:1","VE_MBB-Mma-MBB","0","1","0","TRUE","SUN","TV","S","FR1"
"2025-W35","TV35914981","TV35914981A","2821847","2025-08-24","2025-08-22","301:1 302:2 304:1 305:2 308:2 312:1 316:1","VE_Gordon-Vasteras","1","1","0","TRUE","SUN","TV","M","FR1 + WB1"
"2025-W35","TV35915274","TV35915274A","2819780","2025-08-24","2025-08-22","301:2 302:1 303:2 308:1","VE_Gordon-Uppsala","0","1","0","TRUE","SUN","TV","S","FR1"
"2025-W35","TV35915270","TV35915270A","2816552","2025-08-24","2025-08-22","301:1 302:1 303:1 304:1 305:1 306:1 307:1 308:1","VE_Gordon-Sthlm","1","1","0","TRUE","SUN","TV","M","FR1"
"2025-W35","TV35915273","TV35915273A","2820783","2025-08-24","2025-08-22","301:2 304:2 308:2 314:2 316:2","VE_Gordon-Goteborg","1","1","0","TRUE","SUN","TV","M","FR1"
"2025-W35","TV35916344","TV35916344A","2821337","2025-08-25","2025-08-22","301:1 304:1 305:1 313:1","VE_Gordon-Sthlm","0","1","0","TRUE","MON","TV","S","FR1"
"2025-W35","TV35916154","TV35916154A","2820467","2025-08-25","2025-08-22","301:2 304:1 305:1 312:1 313:1","VE_Gordon-Uppsala","0","1","0","TRUE","MON","TV","S","FR1"
"2025-W35","TV35915075","TV35915075A","2822005","2025-08-25","2025-08-22","301:1 302:1 303:1 304:1 307:1 308:1 309:1 315:1","VE_Gordon-Uppsala","1","1","0","TRUE","MON","TV","M","FR1 + WB1"
"2025-W35","TV35915457","TV35915457A","2820747","2025-08-25","2025-08-22","302:1 304:1 305:1 308:1 309:1 311:1","VE_Gordon-Sthlm","0","1","0","TRUE","MON","TV","S","FR1"
"2025-W35","TV35915029","TV35915029A","2821935","2025-08-25","2025-08-22","301:2 304:2 305:2 312:2 313:2","VE_Gordon-Goteborg","1","1","0","TRUE","MON","TV","M","FR1 + WB1"
"2025-W35","TV35916183","TV35916183A","2811795","2025-08-25","2025-08-22","301:2 302:2 303:1 304:1 305:1 306:1 307:1 308:1","VE_Gordon-Goteborg","0","1","0","TRUE","MON","TV","M","FR1"
"2025-W35","TV35915564","TV35915564A","2820755","2025-08-25","2025-08-22","301:2 304:2 305:2 312:2 313:2","VE_Gordon-Vasteras","0","1","0","TRUE","MON","TV","M","FR1"
"2025-W35","TV35915054","TV35915054A","2810321","2025-08-25","2025-08-22","301:1 302:1 308:1 311:1 312:1 313:1 805:2 809:1 810:1","VE_Gordon-Goteborg","1","1","0","TRUE","MON","TV","M","FR1 + WB1"
"2025-W35","TV35914909","TV35914909A","2821698","2025-08-25","2025-08-22","301:1 302:1 303:1 304:1 306:1 308:1 311:1 315:1","VE_Gordon-Sthlm","1","1","0","TRUE","MON","TV","M","FR1 + WB1"
"2025-W35","TV35915895","TV35915895A","2766053","2025-08-25","2025-08-22","301:1 302:1 304:1 306:1 312:2","VE_Gordon-Goteborg","0","1","0","TRUE","MON","TV","S","FR1"
"2025-W35","TV35915680","TV35915680A","2812082","2025-08-25","2025-08-22","301:1 302:1 308:2 310:1 314:1","VE_Gordon-Sthlm","0","1","0","TRUE","MON","TV","S","FR1"
"2025-W35","TV35915154","TV35915154A","2822143","2025-08-26","2025-08-22","301:1 304:1 307:1 312:1 313:1 318:1","VE_Gordon-Goteborg","1","1","0","TRUE","TUE","TV","S","FR1 + WB1"
"2025-W35","TV35915928","TV35915928A","2770463","2025-08-25","2025-08-22","301:2 304:1 312:2 314:1 317:2","VE_Gordon-Umea","0","1","0","TRUE","MON","TV","M","FR1"
"2025-W35","TV35915725","TV35915725A","2757750","2025-08-26","2025-08-22","303:2 312:2 315:2 318:2","VE_Gordon-Goteborg","0","1","0","TRUE","TUE","TV","M","FR1"
"2025-W35","TV35914951","TV35914951A","2821782","2025-08-25","2025-08-22","308:1 309:1 310:1 312:1","VE_Gordon-Malmo","1","1","0","TRUE","MON","TV","S","FR1 + WB1"
"2025-W35","TV35915960","TV35915960A","2795431","2025-08-25","2025-08-22","301:1 304:1 305:1 313:1","VE_Gordon-Vasteras","0","1","0","TRUE","MON","TV","S","FR1"
"2025-W35","TV35915814","TV35915814A","2820130","2025-08-25","2025-08-22","301:1 304:1 305:1 313:1","VE_Gordon-Sthlm","0","1","0","TRUE","MON","TV","S","FR1"
"2025-W35","TV35915933","TV35915933A","2813662","2025-08-25","2025-08-22","308:3 309:3","VE_Gordon-Sthlm","0","1","0","TRUE","MON","TV","S","FR1"
"2025-W35","TV35913844","TV35913844A","2821368","2025-08-25","2025-08-22","304:2 308:2 311:2 312:2 313:2","VE_Gordon-Goteborg","1","1","0","TRUE","MON","TV","M","FR1 + WB1"
"2025-W35","TV35915517","TV35915517A","2817076","2025-08-25","2025-08-22","301:1 303:1 305:2 308:1 314:1 318:2 806:1","VE_Gordon-Malmo","0","1","0","TRUE","MON","TV","M","FR1"
"2025-W35","TV35915932","TV35915932A","2819383","2025-08-25","2025-08-22","301:2 302:2 305:2 314:2 318:2","VE_Gordon-Vasteras","0","1","0","TRUE","MON","TV","M","FR1"
"2025-W35","TV35914960","TV35914960A","2765903","2025-08-25","2025-08-22","301:2 302:1 303:1 304:1 305:1 306:1 307:1 308:1 311:1","VE_Gordon-Sthlm","1","1","0","TRUE","MON","TV","M","FR1 + WB1"
"2025-W35","TV35915348","TV35915348A","2822260","2025-08-25","2025-08-22","301:3 304:3 305:3 312:2 313:3","VE_Gordon-Sthlm","1","1","0","TRUE","MON","TV","L","FR1 + WB1"
"2025-W35","TV35915743","TV35915743A","2820560","2025-08-26","2025-08-22","302:1 303:1 314:1 318:1","VE_Gordon-Goteborg","0","1","0","TRUE","TUE","TV","S","FR1"
"2025-W35","TV35916117","TV35916117A","2819439","2025-08-25","2025-08-22","302:1 305:1 314:1 318:1 809:4","VE_Gordon-Goteborg","0","1","0","TRUE","MON","TV","M","FR1"
"2025-W35","TV35915542","TV35915542A","2799425","2025-08-25","2025-08-22","301:2 302:2 303:1 304:1 305:1 306:1 307:1 308:1","VE_Gordon-Sthlm","0","1","0","TRUE","MON","TV","M","FR1"
"2025-W35","TV35915694","TV35915694A","2807582","2025-08-25","2025-08-22","301:2 304:2 305:2 312:1 313:1","VE_Gordon-Vasteras","0","1","0","TRUE","MON","TV","M","FR1"
"2025-W35","TV35915728","TV35915728A","2810770","2025-08-25","2025-08-22","301:1 303:2 304:1 305:1 306:2 307:2 317:1","VE_Gordon-Sthlm","0","1","0","TRUE","MON","TV","M","FR1"
"2025-W35","TV35915132","TV35915132A","2781140","2025-08-25","2025-08-22","302:1 304:1 308:1 317:1","VE_Gordon-Vaxjo","1","1","0","TRUE","MON","TV","S","FR1 + WB1"
"2025-W35","TV35915102","TV35915102A","2815992","2025-08-25","2025-08-22","303:1 304:2 305:2 311:1 313:1 315:1","VE_Gordon-Sthlm","1","1","0","TRUE","MON","TV","M","FR1 + WB1"
"2025-W35","TV35915537","TV35915537A","2778334","2025-08-25","2025-08-22","301:1 302:1 303:1 304:1","VE_Gordon-Sthlm","0","1","0","TRUE","MON","TV","S","FR1"
"2025-W35","TV35916010","TV35916010A","2817113","2025-08-25","2025-08-22","301:1 304:1 305:1 313:1","VE_Gordon-Goteborg","0","1","0","TRUE","MON","TV","S","FR1"
"2025-W35","TV35915908","TV35915908A","2811526","2025-08-25","2025-08-22","301:1 302:1 303:1 304:1 305:1 306:1","VE_Gordon-Malmo","0","1","0","TRUE","MON","TV","S","FR1"
"2025-W35","TV35914970","TV35914970A","2821824","2025-08-26","2025-08-22","301:1 305:1 313:1 315:1","VE_Gordon-Goteborg","1","1","0","TRUE","TUE","TV","S","FR1 + WB1"
"2025-W35","TV35915224","TV35915224A","2774540","2025-08-24","2025-08-22","302:1 303:1 304:1 312:1","VE_Gordon-Goteborg","1","1","0","TRUE","SUN","TV","S","FR1"
"2025-W35","TV35913843","TV35913843A","2821367","2025-08-24","2025-08-22","302:1 303:1 305:1 306:1 307:1 308:1 312:1 315:1","VE_Gordon-Sthlm","1","1","0","TRUE","SUN","TV","M","FR1 + WB1"
"2025-W35","TV35915571","TV35915571A","2820768","2025-08-25","2025-08-22","301:2 305:2 312:2 314:2 318:2","VE_Gordon-Malmo","0","1","0","TRUE","MON","TV","M","FR1"
"2025-W35","TV35915382","TV35915382A","2822325","2025-08-25","2025-08-22","301:4 302:4 303:2 305:3 308:1","VE_Gordon-Sthlm","1","1","0","TRUE","MON","TV","L","FR1 + WB1"
"2025-W35","TV35914894","TV35914894A","2821677","2025-08-25","2025-08-22","301:2 304:2 305:2 312:2 313:2","VE_Gordon-Sthlm","1","1","0","TRUE","MON","TV","M","FR1 + WB1"
"2025-W35","TV35916329","TV35916329A","2781542","2025-08-25","2025-08-22","304:1 308:1 312:1 314:1 315:1","VE_Gordon-Sthlm","0","1","0","TRUE","MON","TV","S","FR1"
"2025-W35","TV35916236","TV35916236A","2810543","2025-08-25","2025-08-22","301:1 302:1 303:1 304:1 305:1 307:1 313:1 317:1","VE_Gordon-Uppsala","0","1","0","TRUE","MON","TV","M","FR1"
"2025-W35","TV35914867","TV35914867A","2821588","2025-08-25","2025-08-22","301:1 302:1 303:1 305:1 309:1 311:1 314:1 318:1","VE_Gordon-Sthlm","1","1","0","TRUE","MON","TV","M","FR1 + WB1"
"2025-W35","TV35914948","TV35914948A","2821778","2025-08-25","2025-08-22","302:1 303:1 304:1 305:1 306:1 307:1 315:1 317:1","VE_Gordon-Sthlm","1","1","0","TRUE","MON","TV","M","FR1 + WB1"
"2025-W35","TV35915626","TV35915626A","2819920","2025-08-25","2025-08-22","301:1 302:1 303:1 312:1","VE_Gordon-Uppsala","0","1","0","TRUE","MON","TV","S","FR1"
"2025-W35","TV35916300","TV35916300A","2809238","2025-08-25","2025-08-22","301:1 302:1 304:1 317:1","VE_Gordon-Goteborg","0","1","0","TRUE","MON","TV","S","FR1"
"2025-W35","TV35915669","TV35915669A","2777214","2025-08-25","2025-08-22","301:2 307:2 311:2 312:4 317:4","VE_Gordon-Uppsala","0","1","0","TRUE","MON","TV","L","FR1"
"2025-W35","TV35915111","TV35915111A","2820092","2025-08-25","2025-08-22","301:2 302:2 305:2 318:2","VE_Gordon-Goteborg","1","1","0","TRUE","MON","TV","M","FR1 + WB1"
"2025-W35","TV35916196","TV35916196A","2768371","2025-08-25","2025-08-22","301:1 303:2 305:1 306:1 308:2 312:1","VE_Gordon-Malmo","0","1","0","TRUE","MON","TV","M","FR1"
"2025-W35","TV35914916","TV35914916A","2821711","2025-08-25","2025-08-22","301:1 302:1 304:1 307:1 314:1 318:1","VE_Gordon-Goteborg","1","1","0","TRUE","MON","TV","S","FR1 + WB1"
"2025-W35","TV35916299","TV35916299A","2820332","2025-08-25","2025-08-22","302:2 304:2 305:1 313:1","VE_Gordon-Linkoping","0","1","0","TRUE","MON","TV","S","FR1"
"2025-W35","TV35914901","TV35914901A","2814785","2025-08-25","2025-08-22","301:2 302:1 303:1 305:1 306:1 311:1 314:1 317:1 318:1","VE_Gordon-Uppsala","1","1","0","TRUE","MON","TV","M","FR1 + WB1"
"2025-W35","TV35915120","TV35915120A","2822074","2025-08-25","2025-08-22","302:2 303:5 304:1 305:2 306:3 307:1","VE_Gordon-Malmo","1","1","0","TRUE","MON","TV","L","FR1 + WB1"
"2025-W35","TV35915812","TV35915812A","2820470","2025-08-25","2025-08-22","301:5 302:1 305:3 314:1 317:4","VE_Gordon-Sthlm","0","1","0","TRUE","MON","TV","L","FR1"
"2025-W35","TV35915139","TV35915139A","2820888","2025-08-24","2025-08-22","302:2 303:2 304:2 308:1 311:2 314:1 316:2","VE_Gordon-Sthlm","1","1","0","TRUE","SUN","TV","M","FR1 + WB1"
"2025-W35","TV35914986","TV35914986A","2819126","2025-08-24","2025-08-22","301:2 302:1 303:1 304:1 305:2 306:1 307:2","VE_Gordon-Sthlm","1","1","0","TRUE","SUN","TV","M","FR1 + WB1"
"2025-W35","TV35915304","TV35915304A","2815986","2025-08-24","2025-08-22","304:2 306:2 307:2 308:2 311:2 312:2 316:2","VE_Gordon-Sthlm","1","1","0","TRUE","SUN","TV","L","FR1"
"2025-W35","TV35915225","TV35915225A","2821117","2025-08-24","2025-08-22","305:2 307:2 308:2 312:2 317:2 318:2 805:2 809:1 810:1","VE_Gordon-Vasteras","1","1","0","TRUE","SUN","TV","L","FR1"
"2025-W35","TV35915999","TV35915999A","2818830","2025-08-25","2025-08-22","301:1 302:1 304:1 305:1 306:1 313:1","VE_Gordon-Goteborg","0","1","0","TRUE","MON","TV","S","FR1"
"2025-W35","TV35916079","TV35916079A","2763438","2025-08-25","2025-08-22","301:2 302:2 305:1 314:1","VE_MBB-Mma-MBB","0","1","0","TRUE","MON","TV","S","FR1"
"2025-W35","TV35915770","TV35915770A","2806736","2025-08-25","2025-08-22","301:1 302:1 303:1 304:1 305:1 306:1 307:1 308:1","VE_Gordon-Malmo","0","1","0","TRUE","MON","TV","M","FR1"
"2025-W35","TV35915004","TV35915004A","2821887","2025-08-25","2025-08-22","301:1 302:2 303:2 304:1 305:2 306:1 307:1 308:1 309:1 315:1 318:1","VE_Gordon-Sthlm","1","1","0","TRUE","MON","TV","L","FR1 + WB1"
"2025-W35","TV35915806","TV35915806A","2817409","2025-08-25","2025-08-22","301:1 302:1 303:1 304:1 305:1 306:1","VE_Gordon-Sthlm","0","1","0","TRUE","MON","TV","S","FR1"
"2025-W35","TV35916285","TV35916285A","2818158","2025-08-25","2025-08-22","301:4 302:4 305:3 314:3","VE_Gordon-Vaxjo","0","1","0","TRUE","MON","TV","L","FR1"
"2025-W35","TV35915387","TV35915387A","2822346","2025-08-25","2025-08-22","301:1 303:1 308:2 312:1 315:1","VE_Gordon-Uppsala","1","1","0","TRUE","MON","TV","S","FR1 + WB1"
"2025-W35","TV35916245","TV35916245A","2820577","2025-08-25","2025-08-22","301:2 302:2 314:2 315:2 317:2","VE_MBB-Mma-MBB","0","1","0","TRUE","MON","TV","M","FR1"
"2025-W35","TV35914974","TV35914974A","2821831","2025-08-25","2025-08-22","301:2 302:2 303:2 304:2 305:1 306:1 307:1 308:1 805:2 809:1 810:1","VE_Gordon-Uppsala","1","1","0","TRUE","MON","TV","L","FR1 + WB1"
"2025-W35","TV35915798","TV35915798A","2806145","2025-08-25","2025-08-22","301:2 304:2 305:2 312:2 313:2","VE_Gordon-Sthlm","0","1","0","TRUE","MON","TV","M","FR1"
"2025-W35","TV35915361","TV35915361A","2822285","2025-08-25","2025-08-22","301:1 303:1 314:1 317:1","VE_Gordon-Goteborg","1","1","0","TRUE","MON","TV","S","FR1 + WB1"
"2025-W35","TV35915042","TV35915042A","2821957","2025-08-25","2025-08-22","301:2 302:1 303:1 304:2 305:1 306:1 308:2 310:1 312:2 317:1","VE_Gordon-Goteborg","1","1","0","TRUE","MON","TV","L","FR1 + WB1"
"2025-W35","TV35915856","TV35915856A","2812646","2025-08-25","2025-08-22","302:1 304:1 307:1 311:1 314:2","VE_Gordon-Sthlm","0","1","0","TRUE","MON","TV","S","FR1"
"2025-W35","TV35916212","TV35916212A","2812388","2025-08-25","2025-08-22","304:1 311:1 312:1 314:1","VE_Gordon-Uppsala","0","1","0","TRUE","MON","TV","S","FR1"
"2025-W35","TV35916013","TV35916013A","2815168","2025-08-25","2025-08-22","301:2 304:2 312:2 313:2 315:2","VE_Gordon-Goteborg","0","1","0","TRUE","MON","TV","M","FR1"
"2025-W35","TV35915036","TV35915036A","2821944","2025-08-24","2025-08-22","301:1 302:1 303:1 305:1 306:1 308:2 309:3 310:3 312:1","VE_Gordon-Sthlm","1","1","0","TRUE","SUN","TV","L","FR1 + WB1"
"2025-W35","TV35915958","TV35915958A","2817283","2025-08-25","2025-08-22","301:2 302:1 303:1 305:1 306:1 308:2 311:1 312:2 315:1","VE_Gordon-Sthlm","0","1","0","TRUE","MON","TV","M","FR1"
"2025-W35","TV35915023","TV35915023A","2821924","2025-08-25","2025-08-22","301:2 302:2 305:2 306:2 307:2 308:2 318:2","VE_Gordon-Malmo","1","1","0","TRUE","MON","TV","L","FR1 + WB1"
"2025-W35","TV35914940","TV35914940A","2821753","2025-08-26","2025-08-22","301:2 302:1 303:2 304:1 305:1 308:1 312:2 313:2 315:1 318:1","VE_Gordon-Goteborg","1","1","0","TRUE","TUE","TV","L","FR1 + WB1"
"2025-W35","TV35916240","TV35916240A","2787422","2025-08-25","2025-08-22","303:1 304:1 307:1 312:1 313:1 315:1","VE_Gordon-Vasteras","0","1","0","TRUE","MON","TV","S","FR1"
"2025-W35","TV35914852","TV35914852A","2821561","2025-08-25","2025-08-22","301:2 302:1 303:1 304:1 305:1 306:1 307:1 308:1 312:1 313:1 315:1","VE_Gordon-Sthlm","1","1","0","TRUE","MON","TV","M","FR1 + WB1"
"2025-W35","TV35915356","TV35915356A","2792809","2025-08-25","2025-08-22","302:1 305:1 307:1 309:3 315:4 317:4","VE_Gordon-Vasteras","1","1","0","TRUE","MON","TV","L","FR1 + WB1"
"2025-W35","TV35915685","TV35915685A","2814666","2025-08-25","2025-08-22","301:1 302:1 303:1 304:1","VE_Gordon-Malmo","0","1","0","TRUE","MON","TV","S","FR1"
"2025-W35","TV35915401","TV35915401A","2793726","2025-08-26","2025-08-22","301:1 304:1 305:1 313:1","VE_Gordon-Gotland","0","1","0","TRUE","TUE","TV","S","FR1"
"2025-W35","TV35914809","TV35914809A","2821480","2025-08-25","2025-08-22","301:1 304:1 308:1 311:1 313:1 314:1","VE_Gordon-Sthlm","1","1","0","TRUE","MON","TV","S","FR1 + WB1"
"2025-W35","TV35915705","TV35915705A","2819952","2025-08-25","2025-08-22","301:2 304:2 305:2 312:1 313:1","VE_Gordon-Sthlm","0","1","0","TRUE","MON","TV","M","FR1"
"2025-W35","TV35915417","TV35915417A","2820277","2025-08-25","2025-08-22","302:2 304:2 308:2 312:2","VE_Gordon-Uppsala","0","1","0","TRUE","MON","TV","M","FR1"
"2025-W35","TV35915541","TV35915541A","2820348","2025-08-25","2025-08-22","301:1 302:1 303:1 304:1 305:1 306:1 307:1 308:1","VE_Gordon-Malmo","0","1","0","TRUE","MON","TV","M","FR1"
"2025-W35","TV35915719","TV35915719A","2818034","2025-08-25","2025-08-22","301:2 302:4 304:2 305:4 314:2","VE_Gordon-Malmo","0","1","0","TRUE","MON","TV","L","FR1"
"2025-W35","TV35915162","TV35915162A","2820164","2025-08-25","2025-08-22","301:2 302:2 303:2 304:2 305:2 306:2 307:1 308:1","VE_Gordon-Uppsala","1","1","0","TRUE","MON","TV","L","FR1 + WB1"
"2025-W35","TV35915741","TV35915741A","2819670","2025-08-25","2025-08-22","301:2 304:2 305:2 312:1 313:1","VE_Gordon-Sthlm","0","1","0","TRUE","MON","TV","M","FR1"
"2025-W35","TV35915840","TV35915840A","2819039","2025-08-25","2025-08-22","301:1 302:1 305:1 317:1 318:2","VE_MBB-Mma-MBB","0","1","0","TRUE","MON","TV","S","FR1"
"2025-W35","TV35915535","TV35915535A","2761373","2025-08-25","2025-08-22","304:1 309:2 310:1 312:1 314:1","VE_Gordon-Uppsala","0","1","0","TRUE","MON","TV","S","FR1"
"2025-W35","TV35914854","TV35914854A","2821567","2025-08-25","2025-08-22","305:2 315:2","VE_Gordon-Sthlm","1","1","0","TRUE","MON","TV","S","FR1 + WB1"
"2025-W35","TV35915065","TV35915065A","2821985","2025-08-25","2025-08-22","304:2 308:2 310:2 317:2 806:1","VE_Gordon-Goteborg","1","1","0","TRUE","MON","TV","M","FR1 + WB1"
"2025-W35","TV35916287","TV35916287A","2815626","2025-08-25","2025-08-22","301:1 304:1 305:1 313:1","VE_Gordon-Sthlm","0","1","0","TRUE","MON","TV","S","FR1"
"2025-W35","TV35915324","TV35915324A","2815815","2025-08-24","2025-08-22","301:2 302:2 304:2 305:2 306:1 307:1 308:1 313:2 318:1","VE_Gordon-Malmo","1","1","0","TRUE","SUN","TV","L","FR1"
"2025-W35","TV35915252","TV35915252A","2820031","2025-08-24","2025-08-22","306:1 308:1 311:1 312:2 316:1","VE_MBB-Mma-MBB","1","1","0","TRUE","SUN","TV","S","FR1"
"2025-W35","TV35914921","TV35914921A","2820555","2025-08-24","2025-08-22","303:2 305:1 307:2 315:1 316:1 317:1","VE_Gordon-Sthlm","1","1","0","TRUE","SUN","TV","M","FR1 + WB1"
"2025-W35","TV35913635","TV35913635A","2803683","2025-08-24","2025-08-22","301:2 302:2 303:1 305:1 311:1 314:1","VE_MBB-Mma-MBB","1","1","0","TRUE","SUN","TV","M","FR1 + WB1"
"2025-W35","TV35915199","TV35915199A","2819586","2025-08-24","2025-08-22","302:1 305:1 307:1 312:1","VE_MBB-Mma-MBB","0","1","0","TRUE","SUN","TV","S","FR1"
