"Buffers:","Buffer defaults BNL","(mutiply by)","1.006","Buffer NOR","(add)","12","","","","","","","","","","",""
"","Buffer others BNL","(add)","12","Buffer DE","(add)","12","","","","","","","","","","",""
"Week number:","W19","W19","","","","","","","","","","","","","","",""
"PASTE FROM D4 OUTPUT >>","","","","","","","COUNT WITH BUFFER","","","","","","","","","IMPORTS FROM MENU DATABASE",""
"Slot BNL","Slot NOR","Slot GER","Week","Count BNL","Count NOR","Count GER","BNL Count w/ buffer","NOR Count w/ buffer","DE Count w/ buffer","Convini DE Demand","Marketing Demand","Marketing Demand BNL","Marketing Demand NOR","Marketing Demand DE","Total Count w/ buffer","Recipe Code","Recipe Name"
"401","451","301","W01x","2,160","892","405","2,173","904","417","","","","","","3,494","#REF!","#REF!"
"402","452","302","W01x","1,621","620","258","1,631","632","270","","","","","","2,533","#REF!","#REF!"
"403","453","303","W01x","1,804","726","328","1,815","738","340","","","","","","2,893","#REF!","#REF!"
"404","454","304","W01x","1,758","768","351","1,769","780","363","","","","","","2,912","#REF!","#REF!"
"405","455","305","W01x","1,420","656","321","1,429","668","333","","","","","","2,430","#REF!","#REF!"
"406","456","306","W01x","1,120","454","238","1,127","466","250","","","","","","1,843","#REF!","#REF!"
"407","457","307","W01x","870","621","193","875","633","205","","","","","","1,713","#REF!","#REF!"
"408","458","308","W01x","1,286","853","241","1,294","865","253","","","","","","2,412","#REF!","#REF!"
"409","459","309","W01x","321","202","78","333","214","90","","","","","","637","#REF!","#REF!"
"410","460","310","W01x","258","220","56","270","232","68","","","","","","570","#REF!","#REF!"
"411","461","311","W01x","753","634","140","765","646","152","","","","","","1,563","#REF!","#REF!"
"412","462","312","W01x","976","835","195","988","847","207","","","","","","2,042","#REF!","#REF!"
"413","463","313","W01x","787","448","126","799","460","138","","","","","","1,397","#REF!","#REF!"
"414","464","314","W01x","407","288","82","419","300","94","","","","","","813","#REF!","#REF!"
"415","465","315","W01x","495","243","112","507","255","124","","","","","","886","#REF!","#REF!"
"416","466","316","W01x","310","189","72","322","201","84","","","","","","607","#REF!","#REF!"
"417","467","317","W01x","328","217","76","340","229","88","","","","","","657","#REF!","#REF!"
"418","468","318","W01x","343","176","48","355","188","60","","","","","","603","#REF!","#REF!"
"506","556","806","W01x","#N/A","#N/A","#N/A","#N/A","#N/A","#N/A","","","","","","#N/A","#REF!","#REF!"
"401","451","301","W02x","4,591","2,481","1,060","4,619","2,493","1,072","","","","","","8,184","#REF!","#REF!"
"402","452","302","W02x","3,372","1,794","770","3,392","1,806","782","","","","","","5,980","#REF!","#REF!"
"403","453","303","W02x","3,957","1,908","977","3,981","1,920","989","","","","","","6,890","#REF!","#REF!"
"404","454","304","W02x","4,232","2,272","1,008","4,257","2,284","1,020","","","","","","7,561","#REF!","#REF!"
"405","455","305","W02x","3,417","2,031","959","3,438","2,043","971","","","","","","6,452","#REF!","#REF!"
"406","456","306","W02x","2,727","1,394","793","2,743","1,406","805","","","","","","4,954","#REF!","#REF!"
"407","457","307","W02x","1,961","1,077","489","1,973","1,089","501","","","","","","3,563","#REF!","#REF!"
"408","458","308","W02x","1,991","1,089","620","2,003","1,101","632","","","","","","3,736","#REF!","#REF!"
"409","459","309","W02x","689","266","168","701","278","180","","","","","","1,159","#REF!","#REF!"
"410","460","310","W02x","614","282","215","626","294","227","","","","","","1,147","#REF!","#REF!"
"411","461","311","W02x","565","297","204","577","309","216","","","","","","1,102","#REF!","#REF!"
"412","462","312","W02x","1,336","777","485","1,348","789","497","","","","","","2,634","#REF!","#REF!"
"413","463","313","W02x","1,263","683","378","1,275","695","390","","","","","","2,360","#REF!","#REF!"
"414","464","314","W02x","935","492","183","947","504","195","","","","","","1,646","#REF!","#REF!"
"415","465","315","W02x","323","171","156","335","183","168","","","","","","686","#REF!","#REF!"
"416","466","316","W02x","1,062","507","317","1,074","519","329","","","","","","1,922","#REF!","#REF!"
"417","467","317","W02x","448","288","191","460","300","203","","","","","","963","#REF!","#REF!"
"418","468","318","W02x","300","148","85","312","160","97","","","","","","569","#REF!","#REF!"
"506","556","806","W02x","57","29","18","69","41","30","","","","","","140","#REF!","#REF!"
"401","451","301","W03x","5314","3320","1982","5,346","3,332","1,994","","","","","","10,672","#REF!","#REF!"
"402","452","302","W03x","3436","1976","1074","3,457","1,988","1,086","","","","","","6,531","#REF!","#REF!"
"403","453","303","W03x","4486","2753","1646","4,513","2,765","1,658","","","","","","8,936","#REF!","#REF!"
"404","454","304","W03x","4078","2694","1583","4,102","2,706","1,595","","","","","","8,403","#REF!","#REF!"
"405","455","305","W03x","3409","1867","1462","3,429","1,879","1,474","","","","","","6,782","#REF!","#REF!"
"406","456","306","W03x","2809","1743","1286","2,826","1,755","1,298","","","","","","5,879","#REF!","#REF!"
"407","457","307","W03x","1953","1195","802","1,965","1,207","814","","","","","","3,986","#REF!","#REF!"
"408","458","308","W03x","3593","2142","1445","3,615","2,154","1,457","","","","","","7,226","#REF!","#REF!"
"409","459","309","W03x","742","362","280","754","374","292","","","","","","1,420","#REF!","#REF!"
"410","460","310","W03x","640","311","225","652","323","237","","","","","","1,212","#REF!","#REF!"
"411","461","311","W03x","1011","701","455","1,023","713","467","","","","","","2,203","#REF!","#REF!"
"412","462","312","W03x","2172","1136","756","2,184","1,148","768","","","","","","4,100","#REF!","#REF!"
"413","463","313","W03x","2307","1206","947","2,319","1,218","959","","","","","","4,496","#REF!","#REF!"
"414","464","314","W03x","1092","775","345","1,104","787","357","","","","","","2,248","#REF!","#REF!"
"415","465","315","W03x","1533","497","420","1,545","509","432","","","","","","2,486","#REF!","#REF!"
"416","466","316","W03x","1060","589","422","1,072","601","434","","","","","","2,107","#REF!","#REF!"
"417","467","317","W03x","1444","832","485","1,456","844","497","","","","","","2,797","#REF!","#REF!"
"418","468","318","W03x","1160","811","445","1,172","823","457","","","","","","2,452","#REF!","#REF!"
"506","556","806","W03x","98","70","68","110","82","80","","","","","","272","#REF!","#REF!"
"401","451","301","W04x","5442","3025","1828","5,475","3,037","1,840","","","","","","10,352","#REF!","#REF!"
"402","452","302","W04x","3606","1985","1321","3,628","1,997","1,333","","","","","","6,958","#REF!","#REF!"
"403","453","303","W04x","4560","2440","1873","4,587","2,452","1,885","","","","","","8,924","#REF!","#REF!"
"404","454","304","W04x","5402","2937","2045","5,434","2,949","2,057","","","","","","10,440","#REF!","#REF!"
"405","455","305","W04x","3425","1895","1359","3,446","1,907","1,371","","","","","","6,724","#REF!","#REF!"
"406","456","306","W04x","2440","1488","1270","2,455","1,500","1,282","","","","","","5,237","#REF!","#REF!"
"407","457","307","W04x","2329","1389","1072","2,343","1,401","1,084","","","","","","4,828","#REF!","#REF!"
"408","458","308","W04x","3261","1813","1382","3,281","1,825","1,394","","","","","","6,500","#REF!","#REF!"
"409","459","309","W04x","1085","448","313","1,097","460","325","","","","","","1,882","#REF!","#REF!"
"410","460","310","W04x","880","449","355","892","461","367","","","","","","1,720","#REF!","#REF!"
"411","461","311","W04x","1072","487","528","1,084","499","540","","","","","","2,123","#REF!","#REF!"
"412","462","312","W04x","2793","1338","1058","2,805","1,350","1,070","","","","","","5,225","#REF!","#REF!"
"413","463","313","W04x","2018","1169","727","2,030","1,181","739","","","","","","3,950","#REF!","#REF!"
"414","464","314","W04x","1448","769","378","1,460","781","390","","","","","","2,631","#REF!","#REF!"
"415","465","315","W04x","700","323","258","712","335","270","","","","","","1,317","#REF!","#REF!"
"416","466","316","W04x","1922","701","612","1,934","713","624","","","","","","3,271","#REF!","#REF!"
"417","467","317","W04x","1719","646","673","1,731","658","685","","","","","","3,074","#REF!","#REF!"
"418","468","318","W04x","895","635","423","907","647","435","","","","","","1,989","#REF!","#REF!"
"506","556","806","W04x","83","47","40","95","59","52","","","","","","206","#REF!","#REF!"
"401","451","301","W05x","5636","3002","2098","5,670","3,014","2,110","","","","","","10,794","#REF!","#REF!"
"402","452","302","W05x","4093","2098","1266","4,118","2,110","1,278","","","","","","7,506","#REF!","#REF!"
"403","453","303","W05x","4904","2470","1926","4,933","2,482","1,938","","","","","","9,353","#REF!","#REF!"
"404","454","304","W05x","5377","2809","2077","5,409","2,821","2,089","","","","","","10,319","#REF!","#REF!"
"405","455","305","W05x","4353","2614","1873","4,379","2,626","1,885","","","","","","8,890","#REF!","#REF!"
"406","456","306","W05x","3364","1748","1540","3,384","1,760","1,552","","","","","","6,696","#REF!","#REF!"
"407","457","307","W05x","2627","1491","1182","2,643","1,503","1,194","","","","","","5,340","#REF!","#REF!"
"408","458","308","W05x","2994","1518","1269","3,012","1,530","1,281","","","","","","5,823","#REF!","#REF!"
"409","459","309","W05x","822","368","309","834","380","321","","","","","","1,535","#REF!","#REF!"
"410","460","310","W05x","638","279","262","650","291","274","","","","","","1,215","#REF!","#REF!"
"411","461","311","W05x","973","401","452","985","413","464","","","","","","1,862","#REF!","#REF!"
"412","462","312","W05x","2340","1203","1054","2,352","1,215","1,066","","","","","","4,633","#REF!","#REF!"
"413","463","313","W05x","2094","982","803","2,106","994","815","","","","","","3,915","#REF!","#REF!"
"414","464","314","W05x","1642","881","548","1,654","893","560","","","","","","3,107","#REF!","#REF!"
"415","465","315","W05x","691","412","275","703","424","287","","","","","","1,414","#REF!","#REF!"
"416","466","316","W05x","808","360","385","820","372","397","","","","","","1,589","#REF!","#REF!"
"417","467","317","W05x","1373","566","590","1,385","578","602","","","","","","2,565","#REF!","#REF!"
"418","468","318","W05x","907","237","363","919","249","375","","","","","","1,543","#REF!","#REF!"
"506","556","806","W05x","88","27","35","100","39","47","","","","","","186","#REF!","#REF!"
"401","451","301","W06x","5886","3171","2437","5,921","3,183","2,449","","","","","","11,553","#REF!","#REF!"
"402","452","302","W06x","3671","2191","1635","3,693","2,203","1,647","","","","","","7,543","#REF!","#REF!"
"403","453","303","W06x","4132","2092","1614","4,157","2,104","1,626","","","","","","7,887","#REF!","#REF!"
"404","454","304","W06x","4725","2572","1951","4,753","2,584","1,963","","","","","","9,300","#REF!","#REF!"
"405","455","305","W06x","3490","1884","1577","3,511","1,896","1,589","","","","","","6,996","#REF!","#REF!"
"406","456","306","W06x","4025","1966","1859","4,049","1,978","1,871","","","","","","7,898","#REF!","#REF!"
"407","457","307","W06x","2075","1301","1149","2,087","1,313","1,161","","","","","","4,561","#REF!","#REF!"
"408","458","308","W06x","3695","1918","1658","3,717","1,930","1,670","","","","","","7,317","#REF!","#REF!"
"409","459","309","W06x","821","325","309","833","337","321","","","","","","1,491","#REF!","#REF!"
"410","460","310","W06x","1013","410","459","1,025","422","471","","","","","","1,918","#REF!","#REF!"
"411","461","311","W06x","852","377","517","864","389","529","","","","","","1,782","#REF!","#REF!"
"412","462","312","W06x","2265","1060","963","2,277","1,072","975","","","","","","4,324","#REF!","#REF!"
"413","463","313","W06x","2519","1286","1096","2,531","1,298","1,108","","","","","","4,937","#REF!","#REF!"
"414","464","314","W06x","1619","1044","616","1,631","1,056","628","","","","","","3,315","#REF!","#REF!"
"415","465","315","W06x","1119","466","535","1,131","478","547","","","","","","2,156","#REF!","#REF!"
"416","466","316","W06x","967","463","444","979","475","456","","","","","","1,910","#REF!","#REF!"
"417","467","317","W06x","2598","1121","937","2,610","1,133","949","","","","","","4,692","#REF!","#REF!"
"418","468","318","W06x","693","267","288","705","279","300","","","","","","1,284","#REF!","#REF!"
"506","556","806","W06x","112","48","49","124","60","61","","","","","","245","#REF!","#REF!"
"401","451","301","W07x","4817","2386","2038","4,846","2,398","2,050","","","","","","9,294","#REF!","#REF!"
"402","452","302","W07x","4111","2172","1470","4,136","2,184","1,482","","","","","","7,802","#REF!","#REF!"
"403","453","303","W07x","3739","1994","1553","3,761","2,006","1,565","","","","","","7,332","#REF!","#REF!"
"404","454","304","W07x","5812","3020","2438","5,847","3,032","2,450","","","","","","11,329","#REF!","#REF!"
"405","455","305","W07x","4212","2609","2097","4,237","2,621","2,109","","","","","","8,967","#REF!","#REF!"
"406","456","306","W07x","2838","1570","1390","2,855","1,582","1,402","","","","","","5,839","#REF!","#REF!"
"407","457","307","W07x","2731","1592","1372","2,747","1,604","1,384","","","","","","5,735","#REF!","#REF!"
"408","458","308","W07x","3390","1789","1536","3,410","1,801","1,548","","","","","","6,759","#REF!","#REF!"
"409","459","309","W07x","1054","448","412","1,066","460","424","","","","","","1,950","#REF!","#REF!"
"410","460","310","W07x","745","276","292","757","288","304","","","","","","1,349","#REF!","#REF!"
"411","461","311","W07x","1511","748","776","1,523","760","788","","","","","","3,071","#REF!","#REF!"
"412","462","312","W07x","2902","1325","1245","2,914","1,337","1,257","","","","","","5,508","#REF!","#REF!"
"413","463","313","W07x","2337","1278","948","2,349","1,290","960","","","","","","4,599","#REF!","#REF!"
"414","464","314","W07x","1251","685","498","1,263","697","510","","","","","","2,470","#REF!","#REF!"
"415","465","315","W07x","1770","788","824","1,782","800","836","","","","","","3,418","#REF!","#REF!"
"416","466","316","W07x","948","453","357","960","465","369","","","","","","1,794","#REF!","#REF!"
"417","467","317","W07x","1530","413","531","1,542","425","543","","","","","","2,510","#REF!","#REF!"
"418","468","318","W07x","827","460","349","839","472","361","","","","","","1,672","#REF!","#REF!"
"506","556","806","W07x","88","21","31","100","33","43","","","","","","176","#REF!","#REF!"
"401","451","301","W08x","4769","2640","2109","4,798","2,652","2,121","","","","","","9,571","#REF!","#REF!"
"402","452","302","W08x","4023","2167","1819","4,047","2,179","1,831","","","","","","8,057","#REF!","#REF!"
"403","453","303","W08x","3472","1869","1806","3,493","1,881","1,818","","","","","","7,192","#REF!","#REF!"
"404","454","304","W08x","5490","2944","2570","5,523","2,956","2,582","","","","","","11,061","#REF!","#REF!"
"405","455","305","W08x","4395","2486","2244","4,421","2,498","2,256","","","","","","9,175","#REF!","#REF!"
"406","456","306","W08x","3285","1719","1758","3,305","1,731","1,770","","","","","","6,806","#REF!","#REF!"
"407","457","307","W08x","2250","1240","1342","2,264","1,252","1,354","","","","","","4,870","#REF!","#REF!"
"408","458","308","W08x","3539","1865","1864","3,560","1,877","1,876","","","","","","7,313","#REF!","#REF!"
"409","459","309","W08x","833","365","364","845","377","376","","","","","","1,598","#REF!","#REF!"
"410","460","310","W08x","1194","484","409","1,206","496","421","","","","","","2,123","#REF!","#REF!"
"411","461","311","W08x","1670","630","753","1,682","642","765","","","","","","3,089","#REF!","#REF!"
"412","462","312","W08x","2169","1033","935","2,181","1,045","947","","","","","","4,173","#REF!","#REF!"
"413","463","313","W08x","1923","1075","806","1,935","1,087","818","","","","","","3,840","#REF!","#REF!"
"414","464","314","W08x","1114","547","448","1,126","559","460","","","","","","2,145","#REF!","#REF!"
"415","465","315","W08x","1164","592","588","1,176","604","600","","","","","","2,380","#REF!","#REF!"
"416","466","316","W08x","1270","607","606","1,282","619","618","","","","","","2,519","#REF!","#REF!"
"417","467","317","W08x","1663","631","712","1,675","643","724","","","","","","3,042","#REF!","#REF!"
"418","468","318","W08x","1072","616","448","1,084","628","460","","","","","","2,172","#REF!","#REF!"
"506","556","806","W08x","76","35","48","88","47","60","","","","","","195","#REF!","#REF!"
"401","451","301","W09x","5157","2904","2535","5,188","2,916","2,547","","","","","","10,651","#REF!","#REF!"
"402","452","302","W09x","3818","2173","1691","3,841","2,185","1,703","","","","","","7,729","#REF!","#REF!"
"403","453","303","W09x","3768","1940","1828","3,791","1,952","1,840","","","","","","7,583","#REF!","#REF!"
"404","454","304","W09x","4802","2511","2423","4,831","2,523","2,435","","","","","","9,789","#REF!","#REF!"
"405","455","305","W09x","3533","1887","2082","3,554","1,899","2,094","","","","","","7,547","#REF!","#REF!"
"406","456","306","W09x","3790","2008","2186","3,813","2,020","2,198","","","","","","8,031","#REF!","#REF!"
"407","457","307","W09x","2426","1427","1534","2,441","1,439","1,546","","","","","","5,426","#REF!","#REF!"
"408","458","308","W09x","3046","1694","1720","3,064","1,706","1,732","","","","","","6,502","#REF!","#REF!"
"409","459","309","W09x","949","391","371","961","403","383","","","","","","1,747","#REF!","#REF!"
"410","460","310","W09x","806","388","421","818","400","433","","","","","","1,651","#REF!","#REF!"
"411","461","311","W09x","2176","947","1,087","2,188","959","1,099","","","","","","4,246","#REF!","#REF!"
"412","462","312","W09x","2510","1268","1257","2,522","1,280","1,269","","","","","","5,071","#REF!","#REF!"
"413","463","313","W09x","2309","1097","1195","2,321","1,109","1,207","","","","","","4,637","#REF!","#REF!"
"414","464","314","W09x","1276","873","632","1,288","885","644","","","","","","2,817","#REF!","#REF!"
"415","465","315","W09x","800","364","423","812","376","435","","","","","","1,623","#REF!","#REF!"
"416","466","316","W09x","1659","674","877","1,671","686","889","","","","","","3,246","#REF!","#REF!"
"417","467","317","W09x","1101","581","606","1,113","593","618","","","","","","2,324","#REF!","#REF!"
"418","468","318","W09x","1409","629","584","1,421","641","596","","","","","","2,658","#REF!","#REF!"
"506","556","806","W09x","89","29","46","101","41","58","","","","","","200","#REF!","#REF!"
"401","451","301","W10x","4858","3266","2606","4,887","3,278","2,618","","","","","","10,783","#REF!","#REF!"
"402","452","302","W10x","3952","2444","2000","3,976","2,456","2,012","","","","","","8,444","#REF!","#REF!"
"403","453","303","W10x","2968","1882","1775","2,986","1,894","1,787","","","","","","6,667","#REF!","#REF!"
"404","454","304","W10x","4404","2613","2274","4,430","2,625","2,286","","","","","","9,341","#REF!","#REF!"
"405","455","305","W10x","3478","2372","1987","3,499","2,384","1,999","","","","","","7,882","#REF!","#REF!"
"406","456","306","W10x","3827","2144","2248","3,850","2,156","2,260","","","","","","8,266","#REF!","#REF!"
"407","457","307","W10x","2257","1310","1317","2,271","1,322","1,329","","","","","","4,922","#REF!","#REF!"
"408","458","308","W10x","2657","1519","1591","2,673","1,531","1,603","","","","","","5,807","#REF!","#REF!"
"409","459","309","W10x","1008","409","385","1,020","421","397","","","","","","1,838","#REF!","#REF!"
"410","460","310","W10x","685","273","312","697","285","324","","","","","","1,306","#REF!","#REF!"
"411","461","311","W10x","725","420","553","737","432","565","","","","","","1,734","#REF!","#REF!"
"412","462","312","W10x","2262","1232","1185","2,274","1,244","1,197","","","","","","4,715","#REF!","#REF!"
"413","463","313","W10x","2102","1017","1063","2,114","1,029","1,075","","","","","","4,218","#REF!","#REF!"
"414","464","314","W10x","1507","883","728","1,519","895","740","","","","","","3,154","#REF!","#REF!"
"415","465","315","W10x","1148","494","632","1,160","506","644","","","","","","2,310","#REF!","#REF!"
"416","466","316","W10x","1288","622","774","1,300","634","786","","","","","","2,720","#REF!","#REF!"
"417","467","317","W10x","1439","448","565","1,451","460","577","","","","","","2,488","#REF!","#REF!"
"418","468","318","W10x","842","551","464","854","563","476","","","","","","1,893","#REF!","#REF!"
"506","556","806","W10x","98","29","47","110","41","59","","","","","","210","#REF!","#REF!"
"401","451","301","W11x","5133","3101","2780","5,164","3,113","2,792","","","","","","11,069","#REF!","#REF!"
"402","452","302","W11x","3298","2121","1811","3,318","2,133","1,823","","","","","","7,274","#REF!","#REF!"
"403","453","303","W11x","3901","2193","2101","3,924","2,205","2,113","","","","","","8,242","#REF!","#REF!"
"404","454","304","W11x","5081","2950","2900","5,111","2,962","2,912","","","","","","10,985","#REF!","#REF!"
"405","455","305","W11x","3534","2526","2265","3,555","2,538","2,277","","","","","","8,370","#REF!","#REF!"
"406","456","306","W11x","2860","1713","2035","2,877","1,725","2,047","","","","","","6,649","#REF!","#REF!"
"407","457","307","W11x","2074","1251","1303","2,086","1,263","1,315","","","","","","4,664","#REF!","#REF!"
"408","458","308","W11x","3317","1865","1990","3,337","1,877","2,002","","","","","","7,216","#REF!","#REF!"
"409","459","309","W11x","725","352","344","737","364","356","","","","","","1,457","#REF!","#REF!"
"410","460","310","W11x","700","279","316","712","291","328","","","","","","1,331","#REF!","#REF!"
"411","461","311","W11x","2310","1034","1,115","2,322","1,046","1,127","","","","","","4,495","#REF!","#REF!"
"412","462","312","W11x","2039","1032","1024","2,051","1,044","1,036","","","","","","4,131","#REF!","#REF!"
"413","463","313","W11x","1669","924","852","1,681","936","864","","","","","","3,481","#REF!","#REF!"
"414","464","314","W11x","1156","688","524","1,168","700","536","","","","","","2,404","#REF!","#REF!"
"415","465","315","W11x","953","562","427","965","574","439","","","","","","1,978","#REF!","#REF!"
"416","466","316","W11x","868","371","467","880","383","479","","","","","","1,742","#REF!","#REF!"
"417","467","317","W11x","1141","489","724","1,153","501","736","","","","","","2,390","#REF!","#REF!"
"418","468","318","W11x","776","433","380","788","445","392","","","","","","1,625","#REF!","#REF!"
"506","556","806","W11x","83","25","23","95","37","35","","","","","","167","#REF!","#REF!"
"401","451","301","W12x","4835","2902","2596","4,864","2,914","2,608","","","","","","10,386","#REF!","#REF!"
"402","452","302","W12x","3317","1949","1572","3,337","1,961","1,584","","","","","","6,882","#REF!","#REF!"
"403","453","303","W12x","3176","1870","2064","3,195","1,882","2,076","","","","","","7,153","#REF!","#REF!"
"404","454","304","W12x","4830","2652","2615","4,859","2,664","2,627","","","","","","10,150","#REF!","#REF!"
"405","455","305","W12x","3191","2057","2078","3,210","2,069","2,090","","","","","","7,369","#REF!","#REF!"
"406","456","306","W12x","2759","1531","1698","2,776","1,543","1,710","","","","","","6,029","#REF!","#REF!"
"407","457","307","W12x","2236","1316","1477","2,249","1,328","1,489","","","","","","5,066","#REF!","#REF!"
"408","458","308","W12x","2971","1602","1720","2,989","1,614","1,732","","","","","","6,335","#REF!","#REF!"
"409","459","309","W12x","801","293","342","813","305","354","","","","","","1,472","#REF!","#REF!"
"410","460","310","W12x","765","371","401","777","383","413","","","","","","1,573","#REF!","#REF!"
"411","461","311","W12x","741","473","449","753","485","461","","","","","","1,699","#REF!","#REF!"
"412","462","312","W12x","2209","1092","1206","2,221","1,104","1,218","","","","","","4,543","#REF!","#REF!"
"413","463","313","W12x","2487","1059","1317","2,499","1,071","1,329","","","","","","4,899","#REF!","#REF!"
"414","464","314","W12x","1704","924","698","1,716","936","710","","","","","","3,362","#REF!","#REF!"
"415","465","315","W12x","1014","396","622","1,026","408","634","","","","","","2,068","#REF!","#REF!"
"416","466","316","W12x","1212","340","574","1,224","352","586","","","","","","2,162","#REF!","#REF!"
"417","467","317","W12x","742","448","394","754","460","406","","","","","","1,620","#REF!","#REF!"
"418","468","318","W12x","1021","461","490","1,033","473","502","","","","","","2,008","#REF!","#REF!"
"506","556","806","W12x","96","13","26","108","25","38","","","","","","171","#REF!","#REF!"
"401","451","301","W13x","4448","2767","2304","4,475","2,779","2,316","","","","","","9,570","#REF!","#REF!"
"402","452","302","W13x","3363","1918","1716","3,383","1,930","1,728","","","","","","7,041","#REF!","#REF!"
"403","453","303","W13x","2931","1611","1678","2,949","1,623","1,690","","","","","","6,262","#REF!","#REF!"
"404","454","304","W13x","4730","2579","2548","4,758","2,591","2,560","","","","","","9,909","#REF!","#REF!"
"405","455","305","W13x","3003","1849","1777","3,021","1,861","1,789","","","","","","6,671","#REF!","#REF!"
"406","456","306","W13x","2771","1458","1689","2,788","1,470","1,701","","","","","","5,959","#REF!","#REF!"
"407","457","307","W13x","2084","1171","1342","2,097","1,183","1,354","","","","","","4,634","#REF!","#REF!"
"408","458","308","W13x","2993","1552","1761","3,011","1,564","1,773","","","","","","6,348","#REF!","#REF!"
"409","459","309","W13x","686","322","364","698","334","376","","","","","","1,408","#REF!","#REF!"
"410","460","310","W13x","569","248","300","581","260","312","","","","","","1,153","#REF!","#REF!"
"411","461","311","W13x","1570","662","856","1,582","674","868","","","","","","3,124","#REF!","#REF!"
"412","462","312","W13x","2291","1173","1077","2,303","1,185","1,089","","","","","","4,577","#REF!","#REF!"
"413","463","313","W13x","1990","962","1094","2,002","974","1,106","","","","","","4,082","#REF!","#REF!"
"414","464","314","W13x","1161","753","548","1,173","765","560","","","","","","2,498","#REF!","#REF!"
"415","465","315","W13x","844","420","482","856","432","494","","","","","","1,782","#REF!","#REF!"
"416","466","316","W13x","821","409","448","833","421","460","","","","","","1,714","#REF!","#REF!"
"417","467","317","W13x","1271","454","752","1,283","466","764","","","","","","2,513","#REF!","#REF!"
"418","468","318","W13x","960","448","400","972","460","412","","","","","","1,844","#REF!","#REF!"
"506","556","806","W13x","91","21","38","103","33","50","","","","","","186","#REF!","#REF!"
"401","451","301","W14x","4397","2582","2402","4,423","2,594","2,414","","","","","","9,431","#REF!","#REF!"
"402","452","302","W14x","3028","1824","1443","3,046","1,836","1,455","","","","","","6,337","#REF!","#REF!"
"403","453","303","W14x","3546","1905","2105","3,567","1,917","2,117","","","","","","7,601","#REF!","#REF!"
"404","454","304","W14x","3728","2164","2064","3,750","2,176","2,076","","","","","","8,002","#REF!","#REF!"
"405","455","305","W14x","3491","2133","2034","3,512","2,145","2,046","","","","","","7,703","#REF!","#REF!"
"406","456","306","W14x","2240","1319","1529","2,253","1,331","1,541","","","","","","5,125","#REF!","#REF!"
"407","457","307","W14x","1928","1105","1254","1,940","1,117","1,266","","","","","","4,323","#REF!","#REF!"
"408","458","308","W14x","2442","1207","1587","2,457","1,219","1,599","","","","","","5,275","#REF!","#REF!"
"409","459","309","W14x","716","292","335","728","304","347","","","","","","1,379","#REF!","#REF!"
"410","460","310","W14x","689","297","364","701","309","376","","","","","","1,386","#REF!","#REF!"
"411","461","311","W14x","1808","770","984","1,820","782","996","","","","","","3,598","#REF!","#REF!"
"412","462","312","W14x","1869","1029","1050","1,881","1,041","1,062","","","","","","3,984","#REF!","#REF!"
"413","463","313","W14x","1793","1106","992","1,805","1,118","1,004","","","","","","3,927","#REF!","#REF!"
"414","464","314","W14x","958","524","466","970","536","478","","","","","","1,984","#REF!","#REF!"
"415","465","315","W14x","857","372","402","869","384","414","","","","","","1,667","#REF!","#REF!"
"416","466","316","W14x","1025","454","667","1,037","466","679","","","","","","2,182","#REF!","#REF!"
"417","467","317","W14x","1277","472","693","1,289","484","705","","","","","","2,478","#REF!","#REF!"
"418","468","318","W14x","627","356","329","639","368","341","","","","","","1,348","#REF!","#REF!"
"506","556","806","W14x","98","16","45","110","28","57","","","","","","195","#REF!","#REF!"
"401","451","301","W15x","4602","2909","2426","4,630","2,921","2,438","","","","","","9,989","#REF!","#REF!"
"402","452","302","W15x","2758","1799","1422","2,775","1,811","1,434","","","","","","6,020","#REF!","#REF!"
"403","453","303","W15x","3906","2142","2251","3,929","2,154","2,263","","","","","","8,346","#REF!","#REF!"
"404","454","304","W15x","4509","2549","2627","4,536","2,561","2,639","","","","","","9,736","#REF!","#REF!"
"405","455","305","W15x","2992","1925","1872","3,010","1,937","1,884","","","","","","6,831","#REF!","#REF!"
"406","456","306","W15x","2866","1535","1805","2,883","1,547","1,817","","","","","","6,247","#REF!","#REF!"
"407","457","307","W15x","1878","1135","1232","1,889","1,147","1,244","","","","","","4,280","#REF!","#REF!"
"408","458","308","W15x","3046","1590","1858","3,064","1,602","1,870","","","","","","6,536","#REF!","#REF!"
"409","459","309","W15x","665","296","362","677","308","374","","","","","","1,359","#REF!","#REF!"
"410","460","310","W15x","532","237","305","544","249","317","","","","","","1,110","#REF!","#REF!"
"411","461","311","W15x","1123","562","683","1,135","574","695","","","","","","2,404","#REF!","#REF!"
"412","462","312","W15x","1927","950","1021","1,939","962","1,033","","","","","","3,934","#REF!","#REF!"
"413","463","313","W15x","2025","1020","1168","2,037","1,032","1,180","","","","","","4,249","#REF!","#REF!"
"414","464","314","W15x","1724","871","852","1,736","883","864","","","","","","3,483","#REF!","#REF!"
"415","465","315","W15x","1196","451","618","1,208","463","630","","","","","","2,301","#REF!","#REF!"
"416","466","316","W15x","842","346","502","854","358","514","","","","","","1,726","#REF!","#REF!"
"417","467","317","W15x","717","384","546","729","396","558","","","","","","1,683","#REF!","#REF!"
"418","468","318","W15x","981","568","462","993","580","474","","","","","","2,047","#REF!","#REF!"
"506","556","806","W15x","97","20","42","109","32","54","","","","","","195","#REF!","#REF!"
"401","451","301","W16x","4238","2282","2216","4,263","2,294","2,228","","","","","","8,785","#REF!","#REF!"
"402","452","302","W16x","2996","1631","1406","3,014","1,643","1,418","","","","","","6,075","#REF!","#REF!"
"403","453","303","W16x","3573","1637","2038","3,594","1,649","2,050","","","","","","7,293","#REF!","#REF!"
"404","454","304","W16x","3552","1814","1879","3,573","1,826","1,891","","","","","","7,290","#REF!","#REF!"
"405","455","305","W16x","3465","1881","1914","3,486","1,893","1,926","","","","","","7,305","#REF!","#REF!"
"406","456","306","W16x","2179","1161","1573","2,192","1,173","1,585","","","","","","4,950","#REF!","#REF!"
"407","457","307","W16x","2156","1057","1241","2,169","1,069","1,253","","","","","","4,491","#REF!","#REF!"
"408","458","308","W16x","2117","1048","1438","2,130","1,060","1,450","","","","","","4,640","#REF!","#REF!"
"409","459","309","W16x","672","264","306","684","276","318","","","","","","1,278","#REF!","#REF!"
"410","460","310","W16x","677","214","305","689","226","317","","","","","","1,232","#REF!","#REF!"
"411","461","311","W16x","667","288","339","679","300","351","","","","","","1,330","#REF!","#REF!"
"412","462","312","W16x","2202","940","1112","2,214","952","1,124","","","","","","4,290","#REF!","#REF!"
"413","463","313","W16x","2181","811","1067","2,193","823","1,079","","","","","","4,095","#REF!","#REF!"
"414","464","314","W16x","1126","647","594","1,138","659","606","","","","","","2,403","#REF!","#REF!"
"415","465","315","W16x","1669","613","839","1,681","625","851","","","","","","3,157","#REF!","#REF!"
"416","466","316","W16x","704","293","415","716","305","427","","","","","","1,448","#REF!","#REF!"
"417","467","317","W16x","843","339","501","855","351","513","","","","","","1,719","#REF!","#REF!"
"418","468","318","W16x","693","361","309","705","373","321","","","","","","1,399","#REF!","#REF!"
"506","556","806","W16x","92","15","25","104","27","37","","","","","","168","#REF!","#REF!"
"401","451","301","W17x","3967","2400","1,835","3,991","2,412","1,847","","","","","","8,250","#REF!","#REF!"
"402","452","302","W17x","3011","1614","1,361","3,029","1,626","1,373","","","","","","6,028","#REF!","#REF!"
"403","453","303","W17x","3770","1821","1,717","3,793","1,833","1,729","","","","","","7,355","#REF!","#REF!"
"404","454","304","W17x","3906","2096","1,918","3,929","2,108","1,930","","","","","","7,967","#REF!","#REF!"
"405","455","305","W17x","2638","1626","1,399","2,654","1,638","1,411","","","","","","5,703","#REF!","#REF!"
"406","456","306","W17x","2555","1244","1,508","2,570","1,256","1,520","","","","","","5,346","#REF!","#REF!"
"407","457","307","W17x","1570","814","982","1,579","826","994","","","","","","3,399","#REF!","#REF!"
"408","458","308","W17x","2519","1269","1,393","2,534","1,281","1,405","","","","","","5,220","#REF!","#REF!"
"409","459","309","W17x","568","266","246","580","278","258","","","","","","1,116","#REF!","#REF!"
"410","460","310","W17x","475","173","174","487","185","186","","","","","","858","#REF!","#REF!"
"411","461","311","W17x","602","389","304","614","401","316","","","","","","1,331","#REF!","#REF!"
"412","462","312","W17x","1612","723","686","1,624","735","698","","","","","","3,057","#REF!","#REF!"
"413","463","313","W17x","1562","791","674","1,574","803","686","","","","","","3,063","#REF!","#REF!"
"414","464","314","W17x","1209","755","559","1,221","767","571","","","","","","2,559","#REF!","#REF!"
"415","465","315","W17x","1027","434","392","1,039","446","404","","","","","","1,889","#REF!","#REF!"
"416","466","316","W17x","579","292","375","591","304","387","","","","","","1,282","#REF!","#REF!"
"417","467","317","W17x","499","189","255","511","201","267","","","","","","979","#REF!","#REF!"
"418","468","318","W17x","745","328","311","757","340","323","","","","","","1,420","#REF!","#REF!"
"506","556","806","W17x","72","12","40","84","24","52","","","","","","160","#REF!","#REF!"
"401","451","301","W18x","3923","2176","1931","3,947","2,188","1,943","","","","","","8,078","#REF!","#REF!"
"402","452","302","W18x","2944","1699","1282","2,962","1,711","1,294","","","","","","5,967","#REF!","#REF!"
"403","453","303","W18x","2667","1454","1459","2,683","1,466","1,471","","","","","","5,620","#REF!","#REF!"
"404","454","304","W18x","3782","2140","2032","3,805","2,152","2,044","","","","","","8,001","#REF!","#REF!"
"405","455","305","W18x","2758","1703","1597","2,775","1,715","1,609","","","","","","6,099","#REF!","#REF!"
"406","456","306","W18x","2493","1458","1611","2,508","1,470","1,623","","","","","","5,601","#REF!","#REF!"
"407","457","307","W18x","2266","1211","1364","2,280","1,223","1,376","","","","","","4,879","#REF!","#REF!"
"408","458","308","W18x","1843","1016","1250","1,854","1,028","1,262","","","","","","4,144","#REF!","#REF!"
"409","459","309","W18x","564","231","255","576","243","267","","","","","","1,086","#REF!","#REF!"
"410","460","310","W18x","662","227","259","674","239","271","","","","","","1,184","#REF!","#REF!"
"411","461","311","W18x","1207","696","730","1,219","708","742","","","","","","2,669","#REF!","#REF!"
"412","462","312","W18x","2011","1064","1086","2,023","1,076","1,098","","","","","","4,197","#REF!","#REF!"
"413","463","313","W18x","1588","828","795","1,600","840","807","","","","","","3,247","#REF!","#REF!"
"414","464","314","W18x","1167","788","533","1,179","800","545","","","","","","2,524","#REF!","#REF!"
"415","465","315","W18x","994","510","469","1,006","522","481","","","","","","2,009","#REF!","#REF!"
"416","466","316","W18x","640","305","327","652","317","339","","","","","","1,308","#REF!","#REF!"
"417","467","317","W18x","597","283","498","609","295","510","","","","","","1,414","#REF!","#REF!"
"418","468","318","W18x","817","503","410","829","515","422","","","","","","1,766","#REF!","#REF!"
"506","556","806","W18x","92","26","35","104","38","47","","","","","","189","#REF!","#REF!"
"401","451","301","W19x","4025","2886","2128","4,049","2,898","2,140","","","","","","9,087","#REF!","#REF!"
"402","452","302","W19x","3009","2015","1580","3,027","2,027","1,592","","","","","","6,646","#REF!","#REF!"
"403","453","303","W19x","3540","2030","1941","3,561","2,042","1,953","","","","","","7,556","#REF!","#REF!"
"404","454","304","W19x","3888","2472","2119","3,911","2,484","2,131","","","","","","8,526","#REF!","#REF!"
"405","455","305","W19x","2654","1817","1586","2,670","1,829","1,598","","","","","","6,097","#REF!","#REF!"
"406","456","306","W19x","2736","1568","1736","2,752","1,580","1,748","","","","","","6,080","#REF!","#REF!"
"407","457","307","W19x","1701","1132","1187","1,711","1,144","1,199","","","","","","4,054","#REF!","#REF!"
"408","458","308","W19x","2524","1575","1627","2,539","1,587","1,639","","","","","","5,765","#REF!","#REF!"
"409","459","309","W19x","662","403","413","674","415","425","","","","","","1,514","#REF!","#REF!"
"410","460","310","W19x","431","252","263","443","264","275","","","","","","982","#REF!","#REF!"
"411","461","311","W19x","610","433","517","622","445","529","","","","","","1,596","#REF!","#REF!"
"412","462","312","W19x","1907","989","1013","1,919","1,001","1,025","","","","","","3,945","#REF!","#REF!"
"413","463","313","W19x","1667","980","805","1,679","992","817","","","","","","3,488","#REF!","#REF!"
"414","464","314","W19x","948","787","495","960","799","507","","","","","","2,266","#REF!","#REF!"
"415","465","315","W19x","998","459","565","1,010","471","577","","","","","","2,058","#REF!","#REF!"
"416","466","316","W19x","631","388","346","643","400","358","","","","","","1,401","#REF!","#REF!"
"417","467","317","W19x","949","373","487","961","385","499","","","","","","1,845","#REF!","#REF!"
"418","468","318","W19x","602","386","266","614","398","278","","","","","","1,290","#REF!","#REF!"
"506","556","806","W19x","77","24","26","89","36","38","","","","","","163","#REF!","#REF!"
"401","451","301","W20x","4174","2801","2099","4,199","2,813","2,111","","","","","","9,123","#REF!","#REF!"
"402","452","302","W20x","2884","1959","1428","2,901","1,971","1,440","","","","","","6,312","#REF!","#REF!"
"403","453","303","W20x","3490","1932","1951","3,511","1,944","1,963","","","","","","7,418","#REF!","#REF!"
"404","454","304","W20x","3542","2203","2109","3,563","2,215","2,121","","","","","","7,899","#REF!","#REF!"
"405","455","305","W20x","3182","2195","2040","3,201","2,207","2,052","","","","","","7,460","#REF!","#REF!"
"406","456","306","W20x","2460","1412","1739","2,475","1,424","1,751","","","","","","5,650","#REF!","#REF!"
"407","457","307","W20x","2008","1364","1352","2,020","1,376","1,364","","","","","","4,760","#REF!","#REF!"
"408","458","308","W20x","2251","1377","1510","2,265","1,389","1,522","","","","","","5,176","#REF!","#REF!"
"409","459","309","W20x","585","302","344","597","314","356","","","","","","1,267","#REF!","#REF!"
"410","460","310","W20x","843","354","381","855","366","393","","","","","","1,614","#REF!","#REF!"
"411","461","311","W20x","722","425","463","734","437","475","","","","","","1,646","#REF!","#REF!"
"412","462","312","W20x","1701","945","971","1,713","957","983","","","","","","3,653","#REF!","#REF!"
"413","463","313","W20x","1993","1093","1061","2,005","1,105","1,073","","","","","","4,183","#REF!","#REF!"
"414","464","314","W20x","1141","685","566","1,153","697","578","","","","","","2,428","#REF!","#REF!"
"415","465","315","W20x","1152","536","705","1,164","548","717","","","","","","2,429","#REF!","#REF!"
"416","466","316","W20x","1023","587","650","1,035","599","662","","","","","","2,296","#REF!","#REF!"
"417","467","317","W20x","636","361","345","648","373","357","","","","","","1,378","#REF!","#REF!"
"418","468","318","W20x","710","566","469","722","578","481","","","","","","1,781","#REF!","#REF!"
"506","556","806","W20x","58","22","42","70","34","54","","","","","","158","#REF!","#REF!"
"401","451","301","W21x","3568","2244","2083","3,589","2,256","2,095","","","","","","7,940","#REF!","#REF!"
"402","452","302","W21x","3048","2000","1661","3,066","2,012","1,673","","","","","","6,751","#REF!","#REF!"
"403","453","303","W21x","3229","1873","1990","3,248","1,885","2,002","","","","","","7,135","#REF!","#REF!"
"404","454","304","W21x","4333","2384","2447","4,359","2,396","2,459","","","","","","9,214","#REF!","#REF!"
"405","455","305","W21x","2884","1919","1947","2,901","1,931","1,959","","","","","","6,791","#REF!","#REF!"
"406","456","306","W21x","2184","1210","1513","2,197","1,222","1,525","","","","","","4,944","#REF!","#REF!"
"407","457","307","W21x","1933","1012","1310","1,945","1,024","1,322","","","","","","4,291","#REF!","#REF!"
"408","458","308","W21x","2580","1505","1740","2,595","1,517","1,752","","","","","","5,864","#REF!","#REF!"
"409","459","309","W21x","609","287","366","621","299","378","","","","","","1,298","#REF!","#REF!"
"410","460","310","W21x","500","271","317","512","283","329","","","","","","1,124","#REF!","#REF!"
"411","461","311","W21x","848","470","503","860","482","515","","","","","","1,857","#REF!","#REF!"
"412","462","312","W21x","1879","987","1137","1,891","999","1,149","","","","","","4,039","#REF!","#REF!"
"413","463","313","W21x","1809","866","1064","1,821","878","1,076","","","","","","3,775","#REF!","#REF!"
"414","464","314","W21x","1330","975","754","1,342","987","766","","","","","","3,095","#REF!","#REF!"
"415","465","315","W21x","727","521","415","739","533","427","","","","","","1,699","#REF!","#REF!"
"416","466","316","W21x","800","343","526","812","355","538","","","","","","1,705","#REF!","#REF!"
"417","467","317","W21x","642","348","382","654","360","394","","","","","","1,408","#REF!","#REF!"
"418","468","318","W21x","703","537","386","715","549","398","","","","","","1,662","#REF!","#REF!"
"506","556","806","W21x","93","22","40","105","34","52","","","","","","191","#REF!","#REF!"
"401","451","301","W22x","4121","2647","2348","4,146","2,659","2,360","","","","","","9,165","#REF!","#REF!"
"402","452","302","W22x","2772","1769","1443","2,789","1,781","1,455","","","","","","6,025","#REF!","#REF!"
"403","453","303","W22x","3071","1715","1847","3,089","1,727","1,859","","","","","","6,675","#REF!","#REF!"
"404","454","304","W22x","3595","2090","2184","3,617","2,102","2,196","","","","","","7,915","#REF!","#REF!"
"405","455","305","W22x","2863","1920","1915","2,880","1,932","1,927","","","","","","6,739","#REF!","#REF!"
"406","456","306","W22x","2636","1409","1673","2,652","1,421","1,685","","","","","","5,758","#REF!","#REF!"
"407","457","307","W22x","1601","1063","1177","1,611","1,075","1,189","","","","","","3,875","#REF!","#REF!"
"408","458","308","W22x","1896","1107","1405","1,907","1,119","1,417","","","","","","4,443","#REF!","#REF!"
"409","459","309","W22x","623","298","364","635","310","376","","","","","","1,321","#REF!","#REF!"
"410","460","310","W22x","536","395","385","548","407","397","","","","","","1,352","#REF!","#REF!"
"411","461","311","W22x","1003","571","697","1,015","583","709","","","","","","2,307","#REF!","#REF!"
"412","462","312","W22x","1816","1081","1038","1,828","1,093","1,050","","","","","","3,971","#REF!","#REF!"
"413","463","313","W22x","1528","929","925","1,540","941","937","","","","","","3,418","#REF!","#REF!"
"414","464","314","W22x","1051","670","484","1,063","682","496","","","","","","2,241","#REF!","#REF!"
"415","465","315","W22x","634","399","518","646","411","530","","","","","","1,587","#REF!","#REF!"
"416","466","316","W22x","873","312","435","885","324","447","","","","","","1,656","#REF!","#REF!"
"417","467","317","W22x","680","351","476","692","363","488","","","","","","1,543","#REF!","#REF!"
"418","468","318","W22x","662","535","372","674","547","384","","","","","","1,605","#REF!","#REF!"
"506","556","806","W22x","68","35","37","80","47","49","","","","","","176","#REF!","#REF!"
"401","451","301","W23x","4333","2754","2307","4,359","2,766","2,319","","","","","","9,444","#REF!","#REF!"
"402","452","302","W23x","3040","2038","1636","3,058","2,050","1,636","","","","","","6,744","#REF!","#REF!"
"403","453","303","W23x","3140","1816","1899","3,159","1,828","1,899","","","","","","6,886","#REF!","#REF!"
"404","454","304","W23x","3866","2344","2289","3,889","2,356","#VALUE!","","","","","","#VALUE!","#REF!","#REF!"
"405","455","305","W23x","2959","2047","1885","2,977","2,059","2,290","","","","","","7,326","#REF!","#REF!"
"406","456","306","W23x","2823","1529","1843","2,840","1,541","2,101","","","","","","6,482","#REF!","#REF!"
"407","457","307","W23x","1661","998","1181","1,671","1,010","1,509","","","","","","4,190","#REF!","#REF!"
"408","458","308","W23x","2446","1404","1669","2,461","1,416","2,020","","","","","","5,897","#REF!","#REF!"
"409","459","309","W23x","622","293","368","634","305","689","","","","","","1,628","#REF!","#REF!"
"410","460","310","W23x","557","286","349","569","298","587","","","","","","1,454","#REF!","#REF!"
"411","461","311","W23x","671","402","425","683","414","618","","","","","","1,715","#REF!","#REF!"
"412","462","312","W23x","1648","963","988","1,660","975","1,229","","","","","","3,864","#REF!","#REF!"
"413","463","313","W23x","1715","1003","1053","1,727","1,015","1,131","","","","","","3,873","#REF!","#REF!"
"414","464","314","W23x","985","657","539","997","669","595","","","","","","2,261","#REF!","#REF!"
"415","465","315","W23x","894","409","559","906","421","699","","","","","","2,026","#REF!","#REF!"
"416","466","316","W23x","587","253","354","599","265","549","","","","","","1,413","#REF!","#REF!"
"417","467","317","W23x","589","352","359","601","364","485","","","","","","1,450","#REF!","#REF!"
"418","468","318","W23x","653","472","303","665","484","385","","","","","","1,534","#REF!","#REF!"
"506","556","806","W23x","73","21","34","85","33","146","","","","","","264","#REF!","#REF!"
"401","451","301","W24xx","4174","2975","2429","4,199","2,987","2,501","","","","","","9,687","#REF!","#REF!"
"402","452","302","W24xx","2877","1856","1505","2,894","1,868","1,581","","","","","","6,343","#REF!","#REF!"
"403","453","303","W24xx","3400","1884","1974","3,420","1,896","2,022","","","","","","7,338","#REF!","#REF!"
"404","454","304","W24xx","4058","2439","2238","4,082","2,451","#N/A","","","","","","#N/A","#REF!","#REF!"
"405","455","305","W24xx","3092","2099","2045","3,111","2,111","3,105","","","","","","8,327","#REF!","#REF!"
"406","456","306","W24xx","2037","1208","1643","2,049","1,220","2,413","","","","","","5,682","#REF!","#REF!"
"407","457","307","W24xx","1782","1047","1212","1,793","1,059","2,189","","","","","","5,041","#REF!","#REF!"
"408","458","308","W24xx","2118","1308","1441","2,131","1,320","2,449","","","","","","5,900","#REF!","#REF!"
"409","459","309","W24xx","657","324","338","669","336","1,297","","","","","","2,302","#REF!","#REF!"
"410","460","310","W24xx","476","274","306","488","286","1,099","","","","","","1,873","#REF!","#REF!"
"411","461","311","W24xx","798","584","420","810","596","909","","","","","","2,315","#REF!","#REF!"
"412","462","312","W24xx","1822","1087","1104","1,834","1,099","1,724","","","","","","4,657","#REF!","#REF!"
"413","463","313","W24xx","1571","1005","883","1,583","1,017","1,051","","","","","","3,651","#REF!","#REF!"
"414","464","314","W24xx","1040","659","485","1,052","671","700","","","","","","2,423","#REF!","#REF!"
"415","465","315","W24xx","1019","540","696","1,031","552","900","","","","","","2,483","#REF!","#REF!"
"416","466","316","W24xx","883","302","421","895","314","906","","","","","","2,115","#REF!","#REF!"
"417","467","317","W24xx","868","562","595","880","574","973","","","","","","2,427","#REF!","#REF!"
"418","468","318","W24xx","672","472","378","684","484","561","","","","","","1,729","#REF!","#REF!"
"506","556","806","W24xx","67","18","29","79","30","185","","","","","","294","#REF!","#REF!"
"401","451","301","W25x","3761","2281","2175","3,784","2,293","2,492","","","","","","8,569","#REF!","#REF!"
"402","452","302","W25x","2990","1916","1693","3,008","1,928","1,884","","","","","","6,820","#REF!","#REF!"
"403","453","303","W25x","3502","1794","2020","3,523","1,806","2,105","","","","","","7,434","#REF!","#REF!"
"404","454","304","W25x","4110","2215","2304","4,135","2,227","2,322","","","","","","8,684","#REF!","#REF!"
"405","455","305","W25x","3287","1975","2000","3,307","1,987","3,982","","","","","","9,276","#REF!","#REF!"
"406","456","306","W25x","2781","1476","1773","2,798","1,488","2,847","","","","","","7,133","#REF!","#REF!"
"407","457","307","W25x","1665","880","1056","1,675","892","2,702","","","","","","5,269","#REF!","#REF!"
"408","458","308","W25x","2015","1056","1394","2,027","1,068","2,977","","","","","","6,072","#REF!","#REF!"
"409","459","309","W25x","610","320","384","622","332","1,846","","","","","","2,800","#REF!","#REF!"
"410","460","310","W25x","488","223","360","500","235","1,646","","","","","","2,381","#REF!","#REF!"
"411","461","311","W25x","768","420","445","780","432","1,247","","","","","","2,459","#REF!","#REF!"
"412","462","312","W25x","1782","916","1085","1,794","928","2,530","","","","","","5,252","#REF!","#REF!"
"413","463","313","W25x","1783","824","1052","1,795","836","1,332","","","","","","3,963","#REF!","#REF!"
"414","464","314","W25x","1725","925","953","1,737","937","1,178","","","","","","3,852","#REF!","#REF!"
"415","465","315","W25x","865","357","541","877","369","996","","","","","","2,242","#REF!","#REF!"
"416","466","316","W25x","1106","545","648","1,118","557","1,404","","","","","","3,079","#REF!","#REF!"
"417","467","317","W25x","717","489","502","729","501","1,449","","","","","","2,679","#REF!","#REF!"
"418","468","318","W25x","589","367","314","601","379","659","","","","","","1,639","#REF!","#REF!"
"506","556","806","W25x","73","12","36","85","24","456","","","","","","565","#REF!","#REF!"
"401","451","301","W26x","4021","2541","2424","4,045","2,553","2,846","","","","","","9,444","#REF!","#REF!"
"402","452","302","W26x","3047","1778","1495","3,065","1,790","1,980","","","","","","6,835","#REF!","#REF!"
"403","453","303","W26x","3214","1579","1810","3,233","1,591","2,255","","","","","","7,079","#REF!","#REF!"
"404","454","304","W26x","3355","1931","2175","3,375","1,943","2,243","","","","","","7,561","#REF!","#REF!"
"405","455","305","W26x","3088","1820","2027","3,107","1,832","3,855","","","","","","8,794","#REF!","#REF!"
"406","456","306","W26x","2442","1016","1498","2,457","1,028","2,819","","","","","","6,304","#REF!","#REF!"
"407","457","307","W26x","1394","735","947","1,402","747","2,820","","","","","","4,969","#REF!","#REF!"
"408","458","308","W26x","2032","1103","1368","2,044","1,115","3,413","","","","","","6,572","#REF!","#REF!"
"409","459","309","W26x","667","283","308","679","295","1,667","","","","","","2,641","#REF!","#REF!"
"410","460","310","W26x","663","346","418","675","358","1,688","","","","","","2,721","#REF!","#REF!"
"411","461","311","W26x","1090","392","724","1,102","404","1,796","","","","","","3,302","#REF!","#REF!"
"412","462","312","W26x","2215","1095","1357","2,227","1,107","2,739","","","","","","6,073","#REF!","#REF!"
"413","463","313","W26x","1389","782","815","1,401","794","1,128","","","","","","3,323","#REF!","#REF!"
"414","464","314","W26x","1020","570","566","1,032","582","921","","","","","","2,535","#REF!","#REF!"
"415","465","315","W26x","725","374","531","737","386","1,059","","","","","","2,182","#REF!","#REF!"
"416","466","316","W26x","1019","432","626","1,031","444","1,684","","","","","","3,159","#REF!","#REF!"
"417","467","317","W26x","773","330","498","785","342","1,225","","","","","","2,352","#REF!","#REF!"
"418","468","318","W26x","829","460","425","841","472","803","","","","","","2,116","#REF!","#REF!"
"506","556","806","W26x","80","20","25","92","32","283","","","","","","407","#REF!","#REF!"
"401","451","301","W27x","4399","2439","2490","4,425","2,451","3,102","","","","","","9,978","#REF!","#REF!"
"402","452","302","W27x","2852","1755","1601","2,869","1,767","2,274","","","","","","6,910","#REF!","#REF!"
"403","453","303","W27x","3071","1538","1712","3,089","1,550","2,135","","","","","","6,774","#REF!","#REF!"
"404","454","304","W27x","3689","1922","2212","3,711","1,934","2,252","","","","","","7,897","#REF!","#REF!"
"405","455","305","W27x","2766","1645","1832","2,783","1,657","3,930","","","","","","8,370","#REF!","#REF!"
"406","456","306","W27x","2251","1131","1518","2,265","1,143","2,784","","","","","","6,192","#REF!","#REF!"
"407","457","307","W27x","1451","808","1077","1,460","820","3,003","","","","","","5,283","#REF!","#REF!"
"408","458","308","W27x","1751","917","1281","1,762","929","3,358","","","","","","6,049","#REF!","#REF!"
"409","459","309","W27x","591","242","302","603","254","2,175","","","","","","3,032","#REF!","#REF!"
"410","460","310","W27x","470","175","345","482","187","1,885","","","","","","2,554","#REF!","#REF!"
"411","461","311","W27x","1161","489","667","1,173","501","1,849","","","","","","3,523","#REF!","#REF!"
"412","462","312","W27x","1900","903","1170","1,912","915","2,439","","","","","","5,266","#REF!","#REF!"
"413","463","313","W27x","1473","834","828","1,485","846","1,137","","","","","","3,468","#REF!","#REF!"
"414","464","314","W27x","1335","702","677","1,347","714","939","","","","","","3,000","#REF!","#REF!"
"415","465","315","W27x","987","501","731","999","513","1,183","","","","","","2,695","#REF!","#REF!"
"416","466","316","W27x","1297","518","676","1,309","530","1,730","","","","","","3,569","#REF!","#REF!"
"417","467","317","W27x","688","356","476","700","368","1,279","","","","","","2,347","#REF!","#REF!"
"418","468","318","W27x","547","379","346","559","391","894","","","","","","1,844","#REF!","#REF!"
"506","556","806","W27x","78","31","28","90","43","303","","","","","","436","#REF!","#REF!"
"401","301","301","W28x","3,951","2,313","2,522","3,963","2,325","2,907","","","","","","9,195","#REF!","#REF!"
"402","302","302","W28x","2,973","1,609","1,533","2,985","1,621","2,123","","","","","","6,729","#REF!","#REF!"
"403","303","303","W28x","3,078","1,465","1,958","3,090","1,477","2,321","","","","","","6,888","#REF!","#REF!"
"404","304","304","W28x","3,945","2,013","2,393","3,957","2,025","2,428","","","","","","8,410","#REF!","#REF!"
"405","305","305","W28x","2,990","1,946","2,163","3,002","1,958","4,600","","","","","","9,560","#REF!","#REF!"
"406","306","306","W28x","2,251","1,152","1,695","2,263","1,164","3,330","","","","","","6,757","#REF!","#REF!"
"407","307","307","W28x","1,614","853","1,202","1,626","865","2,816","","","","","","5,307","#REF!","#REF!"
"408","308","308","W28x","1,889","1,014","1,424","1,901","1,026","3,375","","","","","","6,302","#REF!","#REF!"
"409","309","309","W28x","655","211","304","667","223","1,881","","","","","","2,771","#REF!","#REF!"
"410","310","310","W28x","445","197","275","457","209","2,134","","","","","","2,800","#REF!","#REF!"
"411","311","311","W28x","1,525","519","842","1,537","531","1,991","","","","","","4,059","#REF!","#REF!"
"412","312","312","W28x","2,016","1,022","1,412","2,028","1,034","3,070","","","","","","6,132","#REF!","#REF!"
"413","313","313","W28x","2,135","1,088","1,443","2,147","1,100","1,752","","","","","","4,999","#REF!","#REF!"
"414","314","314","W28x","902","564","530","914","576","989","","","","","","2,479","#REF!","#REF!"
"415","315","315","W28x","668","337","411","680","349","928","","","","","","1,957","#REF!","#REF!"
"416","316","316","W28x","584","228","452","596","240","1,415","","","","","","2,251","#REF!","#REF!"
"417","317","317","W28x","492","271","299","504","283","1,395","","","","","","2,182","#REF!","#REF!"
"418","318","318","W28x","648","427","417","660","439","1,033","","","","","","2,132","#REF!","#REF!"
"506","806","806","W28x","83","17","37","95","29","572","","","","","","696","#REF!","#REF!"
"401","301","301","W29x","3,923","2,049","2,467","3,935","2,061","2,911","","","","","","8,907","#REF!","#REF!"
"402","302","302","W29x","2,632","1,449","1,621","2,644","1,461","2,558","","","","","","6,663","#REF!","#REF!"
"403","303","303","W29x","2,840","1,324","1,844","2,852","1,336","2,132","","","","","","6,320","#REF!","#REF!"
"404","304","304","W29x","3,354","1,754","2,253","3,366","1,766","2,302","","","","","","7,434","#REF!","#REF!"
"405","305","305","W29x","2,981","1,605","2,058","2,993","1,617","4,096","","","","","","8,706","#REF!","#REF!"
"406","306","306","W29x","2,637","1,175","1,892","2,649","1,187","3,362","","","","","","7,198","#REF!","#REF!"
"407","307","307","W29x","1,269","663","1,043","1,281","675","2,596","","","","","","4,552","#REF!","#REF!"
"408","308","308","W29x","1,604","758","1,389","1,616","770","3,827","","","","","","6,213","#REF!","#REF!"
"409","309","309","W29x","518","192","348","530","204","2,445","","","","","","3,179","#REF!","#REF!"
"410","310","310","W29x","436","153","330","448","165","1,720","","","","","","2,333","#REF!","#REF!"
"411","311","311","W29x","1,652","659","1,026","1,664","671","2,398","","","","","","4,733","#REF!","#REF!"
"412","312","312","W29x","1,533","766","1,135","1,545","778","2,671","","","","","","4,994","#REF!","#REF!"
"413","313","313","W29x","1,368","695","970","1,380","707","1,382","","","","","","3,469","#REF!","#REF!"
"414","314","314","W29x","1,109","632","717","1,121","644","1,009","","","","","","2,774","#REF!","#REF!"
"415","315","315","W29x","1,062","370","694","1,074","382","1,470","","","","","","2,926","#REF!","#REF!"
"416","316","316","W29x","752","232","598","764","244","1,843","","","","","","2,851","#REF!","#REF!"
"417","317","317","W29x","615","276","518","627","288","1,466","","","","","","2,381","#REF!","#REF!"
"418","318","318","W29x","608","346","459","620","358","957","","","","","","1,935","#REF!","#REF!"
"506","806","806","W29x","79","14","42","91","26","866","","","","","","983","#REF!","#REF!"
"401","301","301","W30x","3,599","1,789","2,512","3,611","1,801","2,869","","","","","","8,281","#REF!","#REF!"
"402","302","302","W30x","2,620","1,174","1,586","2,632","1,186","2,117","","","","","","5,935","#REF!","#REF!"
"403","303","303","W30x","2,924","1,205","1,886","2,936","1,217","2,235","","","","","","6,388","#REF!","#REF!"
"404","304","304","W30x","3,560","1,704","2,322","3,572","1,716","2,353","","","","","","7,641","#REF!","#REF!"
"405","305","305","W30x","2,765","1,433","1,903","2,777","1,445","4,012","","","","","","8,234","#REF!","#REF!"
"406","306","306","W30x","1,889","819","1,505","1,901","831","3,324","","","","","","6,056","#REF!","#REF!"
"407","307","307","W30x","1,363","684","1,144","1,375","696","2,950","","","","","","5,021","#REF!","#REF!"
"408","308","308","W30x","1,795","822","1,412","1,807","834","3,982","","","","","","6,623","#REF!","#REF!"
"409","309","309","W30x","720","186","453","732","198","2,697","","","","","","3,627","#REF!","#REF!"
"410","310","310","W30x","1,024","422","745","1,036","434","2,503","","","","","","3,973","#REF!","#REF!"
"411","311","311","W30x","796","347","516","808","359","1,858","","","","","","3,025","#REF!","#REF!"
"412","312","312","W30x","1,754","787","1,268","1,766","799","3,132","","","","","","5,697","#REF!","#REF!"
"413","313","313","W30x","1,569","796","1,126","1,581","808","1,490","","","","","","3,879","#REF!","#REF!"
"414","314","314","W30x","960","470","680","972","482","1,089","","","","","","2,543","#REF!","#REF!"
"415","315","315","W30x","1,018","356","714","1,030","368","1,467","","","","","","2,865","#REF!","#REF!"
"416","316","316","W30x","405","131","330","417","143","1,265","","","","","","1,825","#REF!","#REF!"
"417","317","317","W30x","376","237","307","388","249","1,113","","","","","","1,750","#REF!","#REF!"
"418","318","318","W30x","643","334","454","655","346","902","","","","","","1,903","#REF!","#REF!"
"506","806","806","W30x","65","14","28","77","26","616","","","","","","719","#REF!","#REF!"
"401","301","301","W31x","3,589","2,015","2,432","3,601","2,027","3,038","","","","","","8,666","#REF!","#REF!"
"402","302","302","W31x","2,625","1,213","1,478","2,637","1,225","2,190","","","","","","6,052","#REF!","#REF!"
"403","303","303","W31x","2,766","1,168","1,777","2,778","1,180","2,225","","","","","","6,183","#REF!","#REF!"
"404","304","304","W31x","3,624","1,826","2,422","3,636","1,838","2,470","","","","","","7,944","#REF!","#REF!"
"405","305","305","W31x","2,970","1,564","2,148","2,982","1,576","4,683","","","","","","9,241","#REF!","#REF!"
"406","306","306","W31x","2,031","851","1,701","2,043","863","3,392","","","","","","6,298","#REF!","#REF!"
"407","307","307","W31x","1,327","650","1,141","1,339","662","2,969","","","","","","4,970","#REF!","#REF!"
"408","308","308","W31x","2,255","887","1,729","2,267","899","4,152","","","","","","7,318","#REF!","#REF!"
"409","309","309","W31x","514","222","383","526","234","2,465","","","","","","3,225","#REF!","#REF!"
"410","310","310","W31x","559","154","301","571","166","2,487","","","","","","3,224","#REF!","#REF!"
"411","311","311","W31x","736","342","677","748","354","2,211","","","","","","3,313","#REF!","#REF!"
"412","312","312","W31x","1,353","659","1,078","1,365","671","2,798","","","","","","4,834","#REF!","#REF!"
"413","313","313","W31x","1,647","805","1,083","1,659","817","1,454","","","","","","3,930","#REF!","#REF!"
"414","314","314","W31x","1,011","468","752","1,023","480","1,173","","","","","","2,676","#REF!","#REF!"
"415","315","315","W31x","792","402","544","804","414","1,631","","","","","","2,849","#REF!","#REF!"
"416","316","316","W31x","548","193","424","560","205","1,681","","","","","","2,446","#REF!","#REF!"
"417","317","317","W31x","1,042","402","590","1,054","414","1,785","","","","","","3,253","#REF!","#REF!"
"418","318","318","W31x","597","322","435","609","334","1,067","","","","","","2,010","#REF!","#REF!"
"506","806","806","W31x","61","18","32","73","30","455","","","","","","558","#REF!","#REF!"
"401","301","301","W32x","3,908","2,192","2,569","3,920","2,204","3,446","","","","","","9,570","#REF!","#REF!"
"402","302","302","W32x","2,584","1,445","1,630","2,596","1,457","2,236","","","","","","6,289","#REF!","#REF!"
"403","303","303","W32x","2,832","1,385","2,012","2,844","1,397","2,596","","","","","","6,837","#REF!","#REF!"
"404","304","304","W32x","3,418","2,004","2,439","3,430","2,016","2,485","","","","","","7,931","#REF!","#REF!"
"405","305","305","W32x","2,753","1,611","2,157","2,765","1,623","4,763","","","","","","9,151","#REF!","#REF!"
"406","306","306","W32x","2,662","1,282","2,041","2,674","1,294","4,041","","","","","","8,009","#REF!","#REF!"
"407","307","307","W32x","1,419","781","1,203","1,431","793","2,978","","","","","","5,202","#REF!","#REF!"
"408","308","308","W32x","1,825","946","1,476","1,837","958","3,750","","","","","","6,545","#REF!","#REF!"
"409","309","309","W32x","572","182","334","584","194","2,321","","","","","","3,099","#REF!","#REF!"
"410","310","310","W32x","478","171","388","490","183","2,636","","","","","","3,309","#REF!","#REF!"
"411","311","311","W32x","991","461","802","1,003","473","2,119","","","","","","3,595","#REF!","#REF!"
"412","312","312","W32x","1,894","969","1,427","1,906","981","3,018","","","","","","5,905","#REF!","#REF!"
"413","313","313","W32x","1,669","814","1,125","1,681","826","1,510","","","","","","4,017","#REF!","#REF!"
"414","314","314","W32x","1,174","733","757","1,186","745","1,069","","","","","","3,000","#REF!","#REF!"
"415","315","315","W32x","986","432","571","998","444","1,124","","","","","","2,566","#REF!","#REF!"
"416","316","316","W32x","936","335","649","948","347","1,834","","","","","","3,129","#REF!","#REF!"
"417","317","317","W32x","437","205","288","449","217","1,351","","","","","","2,017","#REF!","#REF!"
"418","318","318","W32x","717","369","477","729","381","1,205","","","","","","2,315","#REF!","#REF!"
"506","806","806","W32x","56","23","49","68","35","681","","","","","","784","#REF!","#REF!"
"401","301","301","W33x","3,726","2,685","2,570","3,738","2,697","3,344","","","","","","9,779","#REF!","#REF!"
"402","302","302","W33x","2,772","1,684","1,531","2,784","1,696","2,096","","","","","","6,576","#REF!","#REF!"
"403","303","303","W33x","3,003","1,582","1,979","3,015","1,594","2,443","","","","","","7,052","#REF!","#REF!"
"404","304","304","W33x","3,602","2,205","2,547","3,614","2,217","2,594","","","","","","8,425","#REF!","#REF!"
"405","305","305","W33x","2,880","2,017","2,237","2,892","2,029","5,017","","","","","","9,938","#REF!","#REF!"
"406","306","306","W33x","1,777","1,014","1,580","1,789","1,026","3,391","","","","","","6,206","#REF!","#REF!"
"407","307","307","W33x","1,317","916","1,122","1,329","928","3,223","","","","","","5,480","#REF!","#REF!"
"408","308","308","W33x","1,899","1,139","1,461","1,911","1,151","4,361","","","","","","7,423","#REF!","#REF!"
"409","309","309","W33x","608","303","369","620","315","2,634","","","","","","3,569","#REF!","#REF!"
"410","310","310","W33x","590","225","287","602","237","2,322","","","","","","3,161","#REF!","#REF!"
"411","311","311","W33x","825","524","577","837","536","1,880","","","","","","3,253","#REF!","#REF!"
"412","312","312","W33x","1,497","911","1,116","1,509","923","3,106","","","","","","5,538","#REF!","#REF!"
"413","313","313","W33x","1,308","913","1,036","1,320","925","1,380","","","","","","3,625","#REF!","#REF!"
"414","314","314","W33x","1,290","807","664","1,302","819","980","","","","","","3,101","#REF!","#REF!"
"415","315","315","W33x","868","538","706","880","550","1,821","","","","","","3,251","#REF!","#REF!"
"416","316","316","W33x","1,127","552","863","1,139","564","1,887","","","","","","3,590","#REF!","#REF!"
"417","317","317","W33x","716","416","496","728","428","1,348","","","","","","2,504","#REF!","#REF!"
"418","318","318","W33x","756","546","482","768","558","1,006","","","","","","2,332","#REF!","#REF!"
"506","806","806","W33x","87","30","33","99","42","460","","","","","","601","#REF!","#REF!"
"401","301","301","W34x","4099","2671","2436","4,111","2,683","2,903","","","","","","9,697","#REF!","#REF!"
"402","302","302","W34x","2698","1707","1379","2,710","1,719","2,103","","","","","","6,532","#REF!","#REF!"
"403","303","303","W34x","2890","1715","1803","2,902","1,727","2,183","","","","","","6,812","#REF!","#REF!"
"404","304","304","W34x","3896","2420","2499","3,908","2,432","2,522","","","","","","8,862","#REF!","#REF!"
"405","305","305","W34x","2927","2072","2099","2,939","2,084","4,695","","","","","","9,718","#REF!","#REF!"
"406","306","306","W34x","2082","1200","1520","2,094","1,212","3,092","","","","","","6,398","#REF!","#REF!"
"407","307","307","W34x","1439","994","1091","1,451","1,006","3,155","","","","","","5,612","#REF!","#REF!"
"408","308","308","W34x","2355","1480","1713","2,367","1,492","4,328","","","","","","8,187","#REF!","#REF!"
"409","309","309","W34x","504","233","283","516","245","2,361","","","","","","3,122","#REF!","#REF!"
"410","310","310","W34x","419","197","300","431","209","1,998","","","","","","2,638","#REF!","#REF!"
"411","311","311","W34x","1057","615","782","1,069","627","2,259","","","","","","3,955","#REF!","#REF!"
"412","312","312","W34x","1626","1034","1229","1,638","1,046","2,949","","","","","","5,633","#REF!","#REF!"
"413","313","313","W34x","1442","968","1046","1,454","980","1,388","","","","","","3,822","#REF!","#REF!"
"414","314","314","W34x","940","686","577","952","698","978","","","","","","2,628","#REF!","#REF!"
"415","315","315","W34x","904","789","673","916","801","1,122","","","","","","2,839","#REF!","#REF!"
"416","316","316","W34x","536","283","403","548","295","1,609","","","","","","2,452","#REF!","#REF!"
"417","317","317","W34x","1344","776","771","1,356","788","2,088","","","","","","4,232","#REF!","#REF!"
"418","318","318","W34x","764","607","464","776","619","1,162","","","","","","2,557","#REF!","#REF!"
"506","806","806","W34x","96","17","36","108","29","658","","","","","","795","#REF!","#REF!"
"401","301","301","W35x","4,042","2,993","2,445","4,054","3,005","3,019","","","","","","10,078","#REF!","#REF!"
"402","302","302","W35x","3,295","2,155","1,609","3,307","2,167","2,003","","","","","","7,477","#REF!","#REF!"
"403","303","303","W35x","2,939","1,822","1,874","2,951","1,834","2,364","","","","","","7,149","#REF!","#REF!"
"404","304","304","W35x","3,991","2,473","2,389","4,003","2,485","2,415","","","","","","8,903","#REF!","#REF!"
"405","305","305","W35x","2,964","2,186","2,026","2,976","2,198","4,330","","","","","","9,504","#REF!","#REF!"
"406","306","306","W35x","1,961","1,205","1,444","1,973","1,217","3,160","","","","","","6,350","#REF!","#REF!"
"407","307","307","W35x","1,559","1,100","1,110","1,571","1,112","2,788","","","","","","5,471","#REF!","#REF!"
"408","308","308","W35x","2,049","1,339","1,392","2,061","1,351","3,940","","","","","","7,352","#REF!","#REF!"
"409","309","309","W35x","585","268","324","597","280","2,101","","","","","","2,978","#REF!","#REF!"
"410","310","310","W35x","520","255","338","532","267","2,027","","","","","","2,826","#REF!","#REF!"
"411","311","311","W35x","845","548","473","857","560","1,815","","","","","","3,232","#REF!","#REF!"
"412","312","312","W35x","1,952","1,299","1,344","1,964","1,311","3,105","","","","","","6,380","#REF!","#REF!"
"413","313","313","W35x","1,635","1,054","1,042","1,647","1,066","1,406","","","","","","4,119","#REF!","#REF!"
"414","314","314","W35x","1,312","1,022","692","1,324","1,034","992","","","","","","3,350","#REF!","#REF!"
"415","315","315","W35x","1,074","694","647","1,086","706","1,503","","","","","","3,295","#REF!","#REF!"
"416","316","316","W35x","588","340","352","600","352","1,429","","","","","","2,381","#REF!","#REF!"
"417","317","317","W35x","910","661","677","922","673","1,771","","","","","","3,366","#REF!","#REF!"
"418","318","318","W35x","763","623","436","775","635","984","","","","","","2,394","#REF!","#REF!"
"506","806","806","W35x","69","30","28","81","42","510","","","","","","633","#REF!","#REF!"
"401","301","301","W36x","4,589","3,071","2,501","4,601","3,083","2,949","","","","","","10,633","#REF!","#REF!"
"402","302","302","W36x","3,169","2,009","1,426","3,181","2,021","2,178","","","","","","7,380","#REF!","#REF!"
"403","303","303","W36x","3,098","1,894","1,794","3,110","1,906","2,194","","","","","","7,210","#REF!","#REF!"
"404","304","304","W36x","3,988","2,509","2,309","4,000","2,521","2,347","","","","","","8,868","#REF!","#REF!"
"405","305","305","W36x","3,294","2,501","2,040","3,306","2,513","4,442","","","","","","10,261","#REF!","#REF!"
"406","306","306","W36x","2,390","1,634","1,610","2,402","1,646","3,053","","","","","","7,101","#REF!","#REF!"
"407","307","307","W36x","1,513","1,050","997","1,525","1,062","3,102","","","","","","5,689","#REF!","#REF!"
"408","308","308","W36x","2,284","1,387","1,570","2,296","1,399","3,634","","","","","","7,329","#REF!","#REF!"
"409","309","309","W36x","635","357","348","647","369","2,382","","","","","","3,398","#REF!","#REF!"
"410","310","310","W36x","461","219","318","473","231","1,847","","","","","","2,551","#REF!","#REF!"
"411","311","311","W36x","1,367","742","803","1,379","754","2,057","","","","","","4,190","#REF!","#REF!"
"412","312","312","W36x","2,035","1,208","1,179","2,047","1,220","2,766","","","","","","6,033","#REF!","#REF!"
"413","313","313","W36x","2,176","1,402","1,447","2,188","1,414","1,782","","","","","","5,384","#REF!","#REF!"
"414","314","314","W36x","1,917","1,211","1,054","1,929","1,223","1,418","","","","","","4,570","#REF!","#REF!"
"415","315","315","W36x","812","639","463","824","651","1,447","","","","","","2,922","#REF!","#REF!"
"416","316","316","W36x","713","322","495","725","334","1,545","","","","","","2,604","#REF!","#REF!"
"417","317","317","W36x","847","491","493","859","503","1,485","","","","","","2,847","#REF!","#REF!"
"418","318","318","W36x","990","645","453","1,002","657","919","","","","","","2,578","#REF!","#REF!"
"506","806","806","W36x","91","30","31","103","42","433","","","","","","578","#REF!","#REF!"
"401","301","301","W37x","4,800","3,327","2,757","4,829","3,347","3,424","","","","","","11,600","#REF!","#REF!"
"402","302","302","W37x","3,080","2,113","1,553","3,098","2,126","2,246","","","","","","7,470","#REF!","#REF!"
"403","303","303","W37x","2,806","1,748","1,738","2,823","1,758","2,067","","","","","","6,648","#REF!","#REF!"
"404","304","304","W37x","4,412","2,899","2,540","4,438","2,916","2,585","","","","","","9,940","#REF!","#REF!"
"405","305","305","W37x","3,466","2,538","2,248","3,487","2,553","4,674","","","","","","10,714","#REF!","#REF!"
"406","306","306","W37x","2,522","1,559","1,836","2,537","1,568","3,258","","","","","","7,363","#REF!","#REF!"
"407","307","307","W37x","1,638","1,177","1,174","1,648","1,184","3,425","","","","","","6,257","#REF!","#REF!"
"408","308","308","W37x","2,657","1,650","1,668","2,673","1,660","4,295","","","","","","8,628","#REF!","#REF!"
"409","309","309","W37x","797","384","392","809","396","2,264","","","","","","3,469","#REF!","#REF!"
"410","310","310","W37x","642","436","422","654","448","2,227","","","","","","3,329","#REF!","#REF!"
"411","311","311","W37x","1,785","1,060","1,109","1,797","1,072","2,341","","","","","","5,210","#REF!","#REF!"
"412","312","312","W37x","1,901","1,135","1,273","1,913","1,147","3,131","","","","","","6,191","#REF!","#REF!"
"413","313","313","W37x","2,033","1,397","1,150","2,045","1,409","1,512","","","","","","4,966","#REF!","#REF!"
"414","314","314","W37x","2,470","1,266","1,060","2,482","1,278","1,365","","","","","","5,125","#REF!","#REF!"
"415","315","315","W37x","1,270","788","861","1,282","800","1,544","","","","","","3,626","#REF!","#REF!"
"416","316","316","W37x","612","395","513","624","407","1,534","","","","","","2,565","#REF!","#REF!"
"417","317","317","W37x","676","459","434","688","471","1,602","","","","","","2,761","#REF!","#REF!"
"418","318","318","W37x","928","701","550","940","713","1,402","","","","","","3,055","#REF!","#REF!"
"506","806","806","W37x","96","27","34","108","39","652","","","","","","799","#REF!","#REF!"
"401","301","301","W38x","4,978","3,328","2,807","4,990","3,340","3,309","","","","","","11,639","#REF!","#REF!"
"402","302","302","W38x","3,105","1,980","1,487","3,117","1,992","2,033","","","","","","7,142","#REF!","#REF!"
"403","303","303","W38x","3,412","2,129","1,958","3,424","2,141","2,420","","","","","","7,985","#REF!","#REF!"
"404","304","304","W38x","4,632","2,838","2,710","4,644","2,850","2,752","","","","","","10,246","#REF!","#REF!"
"405","305","305","W38x","3,941","2,502","2,354","3,953","2,514","4,570","","","","","","11,037","#REF!","#REF!"
"406","306","306","W38x","2,092","1,325","1,546","2,104","1,337","2,952","","","","","","6,393","#REF!","#REF!"
"407","307","307","W38x","1,667","1,190","1,225","1,679","1,202","3,263","","","","","","6,144","#REF!","#REF!"
"408","308","308","W38x","2,797","1,771","1,917","2,809","1,783","3,796","","","","","","8,388","#REF!","#REF!"
"409","309","309","W38x","550","250","398","562","262","2,312","","","","","","3,136","#REF!","#REF!"
"410","310","310","W38x","486","211","332","498","223","1,905","","","","","","2,626","#REF!","#REF!"
"411","311","311","W38x","1,156","591","767","1,168","603","2,008","","","","","","3,779","#REF!","#REF!"
"412","312","312","W38x","2,122","1,244","1,323","2,134","1,256","2,761","","","","","","6,151","#REF!","#REF!"
"413","313","313","W38x","2,527","1,351","1,646","2,539","1,363","1,952","","","","","","5,854","#REF!","#REF!"
"414","314","314","W38x","1,570","1,042","674","1,582","1,054","979","","","","","","3,615","#REF!","#REF!"
"415","315","315","W38x","2,101","1,550","1,401","2,113","1,562","1,740","","","","","","5,415","#REF!","#REF!"
"416","316","316","W38x","825","469","511","837","481","1,623","","","","","","2,941","#REF!","#REF!"
"417","317","317","W38x","787","526","493","799","538","1,560","","","","","","2,897","#REF!","#REF!"
"418","318","318","W38x","979","717","544","991","729","1,138","","","","","","2,858","#REF!","#REF!"
"506","806","806","W38x","89","24","33","101","36","872","","","","","","1,009","#REF!","#REF!"
"401","301","301","W39x","5,109","3,191","2,970","5,121","3,203","3,385","","","","","","11,709","#REF!","#REF!"
"402","302","302","W39x","3,145","2,326","2,010","3,253","2,338","2,511","","","","","","8,102","#REF!","#REF!"
"403","303","303","W39x","3,340","2,023","2,032","3,352","2,035","2,341","","","","","","7,728","#REF!","#REF!"
"404","304","304","W39x","5,321","3,168","3,029","5,333","3,180","3,054","","","","","","11,567","#REF!","#REF!"
"405","305","305","W39x","3,934","2,576","2,606","3,946","2,588","4,441","","","","","","10,975","#REF!","#REF!"
"406","306","306","W39x","2,781","1,669","2,041","2,889","1,681","3,402","","","","","","7,972","#REF!","#REF!"
"407","307","307","W39x","1,369","952","1,012","1,381","964","2,729","","","","","","5,074","#REF!","#REF!"
"408","308","308","W39x","1,890","1,181","1,484","1,902","1,193","3,402","","","","","","6,497","#REF!","#REF!"
"409","309","309","W39x","599","339","469","611","351","1,868","","","","","","2,830","#REF!","#REF!"
"410","310","310","W39x","683","335","461","791","347","1,969","","","","","","3,107","#REF!","#REF!"
"411","311","311","W39x","1,722","970","1,132","1,814","982","2,114","","","","","","4,910","#REF!","#REF!"
"412","312","312","W39x","2,505","1,477","1,632","2,581","1,489","3,025","","","","","","7,095","#REF!","#REF!"
"413","313","313","W39x","2,010","1,284","1,276","2,022","1,296","1,522","","","","","","4,840","#REF!","#REF!"
"414","314","314","W39x","2,062","1,370","1,232","2,074","1,382","1,406","","","","","","4,862","#REF!","#REF!"
"415","315","315","W39x","863","613","527","875","625","831","","","","","","2,331","#REF!","#REF!"
"416","316","316","W39x","695","432","551","707","444","1,237","","","","","","2,388","#REF!","#REF!"
"417","317","317","W39x","765","462","505","841","474","1,179","","","","","","2,494","#REF!","#REF!"
"418","318","318","W39x","928","629","516","940","641","1,075","","","","","","2,656","#REF!","#REF!"
"506","806","806","W39x","102","43","35","114","55","427","","","","","","596","#REF!","#REF!"
"401","301","301","W40x","5,722","3,672","3,293","5,734","3,684","3,668","","","","","","13,086","#REF!","#REF!"
"402","302","302","W40x","3,071","2,149","1,967","3,083","2,161","2,222","","","","","","7,466","#REF!","#REF!"
"403","303","303","W40x","3,187","2,226","2,318","3,199","2,238","2,629","","","","","","8,066","#REF!","#REF!"
"404","304","304","W40x","4,872","3,300","3,009","4,884","3,312","3,049","","","","","","11,245","#REF!","#REF!"
"405","305","305","W40x","3,981","2,692","2,721","3,993","2,704","4,652","","","","","","11,349","#REF!","#REF!"
"406","306","306","W40x","2,168","1,543","1,909","2,180","1,555","3,191","","","","","","6,926","#REF!","#REF!"
"407","307","307","W40x","1,716","1,288","1,442","1,728","1,300","2,901","","","","","","5,929","#REF!","#REF!"
"408","308","308","W40x","2,850","1,884","2,134","2,862","1,896","4,166","","","","","","8,924","#REF!","#REF!"
"409","309","309","W40x","516","278","391","528","290","1,988","","","","","","2,806","#REF!","#REF!"
"410","310","310","W40x","568","340","472","580","352","2,083","","","","","","3,015","#REF!","#REF!"
"411","311","311","W40x","1,245","735","812","1,257","747","2,176","","","","","","4,180","#REF!","#REF!"
"412","312","312","W40x","2,273","1,279","1,376","2,285","1,291","2,626","","","","","","6,202","#REF!","#REF!"
"413","313","313","W40x","2,929","1,631","1,661","2,941","1,643","1,916","","","","","","6,500","#REF!","#REF!"
"414","314","314","W40x","1,428","986","819","1,440","998","1,078","","","","","","3,516","#REF!","#REF!"
"415","315","315","W40x","1,654","869","1,072","1,666","881","1,802","","","","","","4,349","#REF!","#REF!"
"416","316","316","W40x","1,527","833","952","1,539","845","2,038","","","","","","4,422","#REF!","#REF!"
"417","317","317","W40x","895","508","556","907","520","1,351","","","","","","2,778","#REF!","#REF!"
"418","318","318","W40x","932","746","611","944","758","1,144","","","","","","2,846","#REF!","#REF!"
"506","806","806","W40x","91","34","67","103","46","536","","","","","","685","#REF!","#REF!"
"401","301","301","W41x","5,547","3,852","3,322","5,559","3,864","3,649","","","","","","13,072","#REF!","#REF!"
"402","302","302","W41x","3,250","2,225","2,039","3,262","2,237","2,537","","","","","","8,036","#REF!","#REF!"
"403","303","303","W41x","3,392","2,151","2,025","3,404","2,163","2,435","","","","","","8,002","#REF!","#REF!"
"404","304","304","W41x","5,267","3,285","3,222","5,279","3,297","3,257","","","","","","11,833","#REF!","#REF!"
"405","305","305","W41x","4,407","2,764","2,773","4,439","2,776","4,901","","","","","","12,116","#REF!","#REF!"
"406","306","306","W41x","3,422","2,268","2,359","3,434","2,280","3,939","","","","","","9,653","#REF!","#REF!"
"407","307","307","W41x","1,675","1,286","1,322","1,687","1,298","3,263","","","","","","6,248","#REF!","#REF!"
"408","308","308","W41x","2,620","1,782","1,874","2,662","1,794","3,993","","","","","","8,449","#REF!","#REF!"
"409","309","309","W41x","707","364","418","749","376","2,004","","","","","","3,129","#REF!","#REF!"
"410","310","310","W41x","665","434","458","677","446","2,194","","","","","","3,317","#REF!","#REF!"
"411","311","311","W41x","1,263","657","818","1,275","669","2,005","","","","","","3,949","#REF!","#REF!"
"412","312","312","W41x","2,052","1,256","1,374","2,064","1,268","3,001","","","","","","6,333","#REF!","#REF!"
"413","313","313","W41x","2,930","1,868","1,643","2,962","1,880","2,056","","","","","","6,898","#REF!","#REF!"
"414","314","314","W41x","2,480","1,570","1,362","2,492","1,582","1,625","","","","","","5,699","#REF!","#REF!"
"415","315","315","W41x","1,093","607","544","1,105","619","1,061","","","","","","2,785","#REF!","#REF!"
"416","316","316","W41x","854","633","798","866","645","1,811","","","","","","3,322","#REF!","#REF!"
"417","317","317","W41x","659","485","451","671","497","1,256","","","","","","2,424","#REF!","#REF!"
"418","318","318","W41x","954","717","562","966","729","1,057","","","","","","2,752","#REF!","#REF!"
"506","806","806","W41x","72","41","34","84","53","599","","","","","","736","#REF!","#REF!"
"401","301","301","W42x","5,344","3,140","2,869","5,356","3,152","3,215","","","","","","11,723","#REF!","#REF!"
"402","302","302","W42x","3,583","2,288","1,989","3,595","2,300","2,476","","","","","","8,371","#REF!","#REF!"
"403","303","303","W42x","3,744","2,329","2,394","3,756","2,341","2,660","","","","","","8,757","#REF!","#REF!"
"404","304","304","W42x","5,102","3,126","2,819","5,114","3,138","2,845","","","","","","11,097","#REF!","#REF!"
"405","305","305","W42x","3,760","2,174","2,100","3,772","2,186","4,199","","","","","","10,157","#REF!","#REF!"
"406","306","306","W42x","3,163","1,943","2,188","3,175","1,955","3,616","","","","","","8,746","#REF!","#REF!"
"407","307","307","W42x","1,933","1,253","1,359","1,945","1,265","3,310","","","","","","6,520","#REF!","#REF!"
"408","308","308","W42x","2,868","1,731","1,940","2,880","1,743","4,049","","","","","","8,672","#REF!","#REF!"
"409","309","309","W42x","523","211","424","535","223","2,464","","","","","","3,222","#REF!","#REF!"
"410","310","310","W42x","526","225","429","538","237","2,168","","","","","","2,943","#REF!","#REF!"
"411","311","311","W42x","1,670","852","905","1,682","864","2,257","","","","","","4,803","#REF!","#REF!"
"412","312","312","W42x","2,925","1,470","1,602","2,937","1,482","3,112","","","","","","7,531","#REF!","#REF!"
"413","313","313","W42x","3,703","2,021","1,854","3,715","2,033","2,198","","","","","","7,946","#REF!","#REF!"
"414","314","314","W42x","1,581","926","621","1,593","938","1,002","","","","","","3,533","#REF!","#REF!"
"415","315","315","W42x","1,165","728","704","1,177","740","1,167","","","","","","3,084","#REF!","#REF!"
"416","316","316","W42x","1,163","597","756","1,175","609","1,727","","","","","","3,511","#REF!","#REF!"
"417","317","317","W42x","849","534","470","861","546","1,531","","","","","","2,938","#REF!","#REF!"
"418","318","318","W42x","1,041","691","565","1,053","703","1,131","","","","","","2,887","#REF!","#REF!"
"506","806","806","W42x","84","45","46","96","57","751","","","","","","904","#REF!","#REF!"
"401","301","301","W43x","5,183","3,165","2,911","5,195","3,177","3,561","","","","","","11,933","#REF!","#REF!"
"402","302","302","W43x","3,589","2,572","2,124","3,601","2,584","2,469","","","","","","8,654","#REF!","#REF!"
"403","303","303","W43x","3,236","2,205","2,147","3,248","2,217","2,616","","","","","","8,081","#REF!","#REF!"
"404","304","304","W43x","5,529","3,255","3,023","5,541","3,267","3,065","","","","","","11,873","#REF!","#REF!"
"405","305","305","W43x","4,596","2,712","2,710","4,608","2,724","4,793","","","","","","12,125","#REF!","#REF!"
"406","306","306","W43x","3,144","1,881","2,201","3,156","1,893","3,862","","","","","","8,911","#REF!","#REF!"
"407","307","307","W43x","1,502","1,136","1,003","1,514","1,148","2,993","","","","","","5,655","#REF!","#REF!"
"408","308","308","W43x","1,971","1,203","1,435","1,983","1,215","3,882","","","","","","7,080","#REF!","#REF!"
"409","309","309","W43x","689","309","434","701","321","2,381","","","","","","3,403","#REF!","#REF!"
"410","310","310","W43x","912","363","449","924","375","1,962","","","","","","3,261","#REF!","#REF!"
"411","311","311","W43x","1,010","641","604","1,022","653","1,914","","","","","","3,589","#REF!","#REF!"
"412","312","312","W43x","3,022","1,690","1,808","3,034","1,702","3,548","","","","","","8,284","#REF!","#REF!"
"413","313","313","W43x","2,256","1,461","1,391","2,268","1,473","1,757","","","","","","5,498","#REF!","#REF!"
"414","314","314","W43x","2,355","1,307","1,176","2,367","1,319","1,493","","","","","","5,179","#REF!","#REF!"
"415","315","315","W43x","1,075","726","585","1,087","738","1,088","","","","","","2,913","#REF!","#REF!"
"416","316","316","W43x","1,430","657","842","1,442","669","1,979","","","","","","4,090","#REF!","#REF!"
"417","317","317","W43x","1,016","656","622","1,028","668","1,686","","","","","","3,382","#REF!","#REF!"
"418","318","318","W43x","1,065","667","540","1,077","679","1,294","","","","","","3,050","#REF!","#REF!"
"506","806","806","W43x","95","36","33","107","48","448","","","","","","603","#REF!","#REF!"
"401","301","301","W44x","5,815","3,342","3,149","5,827","3,354","3,675","","","","","","12,856","#REF!","#REF!"
"402","302","302","W44x","3,252","2,044","1,807","3,264","2,056","2,189","","","","","","7,509","#REF!","#REF!"
"403","303","303","W44x","3,768","2,317","2,283","3,780","2,329","2,669","","","","","","8,778","#REF!","#REF!"
"404","304","304","W44x","5,300","2,900","2,974","5,312","2,912","3,014","","","","","","11,238","#REF!","#REF!"
"405","305","305","W44x","4,654","2,638","2,473","4,666","2,650","4,821","","","","","","12,137","#REF!","#REF!"
"406","306","306","W44x","2,389","1,459","1,855","2,401","1,471","3,298","","","","","","7,170","#REF!","#REF!"
"407","307","307","W44x","1,650","1,180","1,177","1,662","1,192","3,024","","","","","","5,878","#REF!","#REF!"
"408","308","308","W44x","2,905","1,662","1,895","2,917","1,674","4,079","","","","","","8,670","#REF!","#REF!"
"409","309","309","W44x","577","258","355","589","270","2,270","","","","","","3,129","#REF!","#REF!"
"410","310","310","W44x","553","249","418","565","261","2,091","","","","","","2,917","#REF!","#REF!"
"411","311","311","W44x","1,363","794","705","1,375","806","1,882","","","","","","4,063","#REF!","#REF!"
"412","312","312","W44x","2,480","1,261","1,357","2,492","1,273","2,762","","","","","","6,527","#REF!","#REF!"
"413","313","313","W44x","3,435","1,878","1,785","3,447","1,890","2,149","","","","","","7,486","#REF!","#REF!"
"414","314","314","W44x","1,277","685","735","1,289","697","1,120","","","","","","3,106","#REF!","#REF!"
"415","315","315","W44x","1,207","763","828","1,219","775","1,525","","","","","","3,519","#REF!","#REF!"
"416","316","316","W44x","1,166","684","738","1,178","696","1,776","","","","","","3,650","#REF!","#REF!"
"417","317","317","W44x","1,024","627","576","1,036","639","1,501","","","","","","3,176","#REF!","#REF!"
"418","318","318","W44x","942","603","471","954","615","955","","","","","","2,524","#REF!","#REF!"
"506","806","806","W44x","109","29","26","121","41","544","","","","","","706","#REF!","#REF!"
"401","301","301","W45x","5,527","3,046","2,882","5,539","3,058","3,317","0","0","","","","11,914","#REF!","#REF!"
"402","302","302","W45x","4,229","2,396","2,162","4,241","2,408","2,638","0","0","","","","9,287","#REF!","#REF!"
"403","303","303","W45x","3,699","2,196","2,087","3,711","2,208","2,459","0","0","","","","8,378","#REF!","#REF!"
"404","304","304","W45x","5,681","3,450","2,995","5,693","3,462","3,032","0","0","","","","12,187","#REF!","#REF!"
"405","305","305","W45x","4,632","2,843","2,633","4,644","2,855","4,940","0","0","","","","12,439","#REF!","#REF!"
"406","306","306","W45x","3,472","2,009","2,295","3,484","2,021","3,931","0","0","","","","9,436","#REF!","#REF!"
"407","307","307","W45x","1,482","1,055","1,031","1,494","1,067","2,930","0","0","","","","5,491","#REF!","#REF!"
"408","308","308","W45x","2,079","1,326","1,539","2,091","1,338","3,828","0","0","","","","7,257","#REF!","#REF!"
"409","309","309","W45x","641","325","473","653","337","2,358","0","0","","","","3,348","#REF!","#REF!"
"410","310","310","W45x","946","405","569","958","417","2,412","0","0","","","","3,787","#REF!","#REF!"
"411","311","311","W45x","1,112","483","706","1,124","495","1,887","0","0","","","","3,506","#REF!","#REF!"
"412","312","312","W45x","3,207","1,766","1,807","3,219","1,778","3,476","0","0","","","","8,473","#REF!","#REF!"
"413","313","313","W45x","2,956","1,455","1,625","2,968","1,467","1,993","0","0","","","","6,428","#REF!","#REF!"
"414","314","314","W45x","2,442","1,416","1,267","2,454","1,428","1,616","0","0","","","","5,498","#REF!","#REF!"
"415","315","315","W45x","1,158","759","713","1,170","771","1,138","0","0","","","","3,079","#REF!","#REF!"
"416","316","316","W45x","1,030","630","760","1,042","642","1,748","0","0","","","","3,432","#REF!","#REF!"
"417","317","317","W45x","978","552","600","990","564","1,653","0","0","","","","3,207","#REF!","#REF!"
"418","318","318","W45x","1,146","622","640","1,158","634","1,179","0","0","","","","2,971","#REF!","#REF!"
"506","806","806","W45x","110","32","33","122","44","592","0","0","","","","758","#REF!","#REF!"
"401","301","301","W46x","5,905","3,483","3,175","5,917","3,495","3,529","0","0","","","","12,941","#REF!","#REF!"
"402","302","302","W46x","3,269","1,976","1,789","3,281","1,988","2,148","0","0","","","","7,417","#REF!","#REF!"
"403","303","303","W46x","3,347","2,189","2,257","3,359","2,201","2,560","0","0","","","","8,120","#REF!","#REF!"
"404","304","304","W46x","5,936","3,192","3,235","5,948","3,204","3,269","0","0","","","","12,421","#REF!","#REF!"
"405","305","305","W46x","4,629","2,436","2,807","4,641","2,448","5,236","0","0","","","","12,325","#REF!","#REF!"
"406","306","306","W46x","2,811","1,749","2,178","2,823","1,761","3,683","0","0","","","","8,267","#REF!","#REF!"
"407","307","307","W46x","1,972","1,451","1,473","1,984","1,463","3,447","0","0","","","","6,894","#REF!","#REF!"
"408","308","308","W46x","2,544","1,662","1,828","2,556","1,674","4,066","0","0","","","","8,296","#REF!","#REF!"
"409","309","309","W46x","873","341","417","885","353","2,462","0","0","","","","3,700","#REF!","#REF!"
"410","310","310","W46x","745","405","510","757","417","2,153","0","0","","","","3,327","#REF!","#REF!"
"411","311","311","W46x","1,840","1,102","1,188","1,852","1,114","2,400","0","0","","","","5,366","#REF!","#REF!"
"412","312","312","W46x","3,067","1,574","1,882","3,079","1,586","3,323","0","0","","","","7,988","#REF!","#REF!"
"413","313","313","W46x","3,182","1,853","1,698","3,194","1,865","2,036","0","0","","","","7,095","#REF!","#REF!"
"414","314","314","W46x","1,647","994","717","1,659","1,006","1,023","0","0","","","","3,688","#REF!","#REF!"
"415","315","315","W46x","1,668","956","1,049","1,680","968","1,469","0","0","","","","4,117","#REF!","#REF!"
"416","316","316","W46x","763","432","551","775","444","1,655","0","0","","","","2,874","#REF!","#REF!"
"417","317","317","W46x","856","501","514","868","513","1,397","0","0","","","","2,778","#REF!","#REF!"
"418","318","318","W46x","938","672","555","950","684","1,040","0","0","","","","2,674","#REF!","#REF!"
"506","806","806","W46x","125","49","44","137","61","740","0","0","","","","938","#REF!","#REF!"
"401","301","301","W47x","6,160","3,440","2,966","6,172","3,452","3,387","0","0","","","","13,767","#REF!","#REF!"
"402","302","302","W47x","3,772","2,247","2,075","3,784","2,259","2,670","0","0","","","","8,373","#REF!","#REF!"
"403","303","303","W47x","3,143","1,908","1,880","3,155","1,920","2,258","0","0","","","","8,863","#REF!","#REF!"
"404","304","304","W47x","5,523","3,236","3,088","5,535","3,248","3,117","0","0","","","","12,875","#REF!","#REF!"
"405","305","305","W47x","4,789","2,829","2,754","4,801","2,841","4,929","0","0","","","","10,707","#REF!","#REF!"
"406","306","306","W47x","2,374","1,487","1,913","2,386","1,499","3,606","0","0","","","","7,157","#REF!","#REF!"
"407","307","307","W47x","1,996","1,386","1,428","2,008","1,398","3,448","0","0","","","","4,677","#REF!","#REF!"
"408","308","308","W47x","2,129","1,298","1,687","2,141","1,310","3,991","0","0","","","","7,141","#REF!","#REF!"
"409","309","309","W47x","518","243","347","530","255","2,347","0","0","","","","1,450","#REF!","#REF!"
"410","310","310","W47x","632","337","433","644","349","2,206","0","0","","","","1,525","#REF!","#REF!"
"411","311","311","W47x","825","566","570","837","578","1,626","0","0","","","","3,084","#REF!","#REF!"
"412","312","312","W47x","2,805","1,423","1,462","2,817","1,435","2,856","0","0","","","","5,566","#REF!","#REF!"
"413","313","313","W47x","2,909","1,313","1,283","2,921","1,325","1,667","0","0","","","","6,317","#REF!","#REF!"
"414","314","314","W47x","1,560","907","900","1,572","919","1,260","0","0","","","","4,602","#REF!","#REF!"
"415","315","315","W47x","1,595","1,030","1,020","1,607","1,042","1,465","0","0","","","","3,278","#REF!","#REF!"
"416","316","316","W47x","1,535","737","1,008","1,547","749","2,093","0","0","","","","2,388","#REF!","#REF!"
"417","317","317","W47x","1,002","741","599","1,014","753","1,651","0","0","","","","1,876","#REF!","#REF!"
"418","318","318","W47x","1,002","533","566","1,014","545","1,519","0","0","","","","2,403","#REF!","#REF!"
"506","806","806","W47x","88","55","39","100","67","580","0","0","","","","223","#REF!","#REF!"
"401","301","301","W48x","5,115","2,823","2,722","5,127","2,835","3,370","0","0","","","","11,332","#REF!","#REF!"
"402","302","302","W48x","3,517","2,222","1,969","3,529","2,234","2,471","0","0","","","","8,234","#REF!","#REF!"
"403","303","303","W48x","3,256","1,997","2,154","3,268","2,009","2,468","0","0","","","","7,745","#REF!","#REF!"
"404","304","304","W48x","5,395","2,876","2,918","5,407","2,888","2,954","0","0","","","","11,249","#REF!","#REF!"
"405","305","305","W48x","3,916","2,259","2,378","3,928","2,271","4,802","0","0","","","","11,001","#REF!","#REF!"
"406","306","306","W48x","2,385","1,337","1,800","2,397","1,349","3,295","0","0","","","","7,041","#REF!","#REF!"
"407","307","307","W48x","1,838","1,075","1,239","1,850","1,087","3,049","0","0","","","","5,986","#REF!","#REF!"
"408","308","308","W48x","2,580","1,445","1,786","2,592","1,457","3,961","0","0","","","","8,010","#REF!","#REF!"
"409","309","309","W48x","641","287","377","653","299","2,404","0","0","","","","3,356","#REF!","#REF!"
"410","310","310","W48x","953","385","477","965","397","1,975","0","0","","","","3,337","#REF!","#REF!"
"411","311","311","W48x","843","565","579","855","577","1,526","0","0","","","","2,958","#REF!","#REF!"
"412","312","312","W48x","2,488","1,326","1,412","2,500","1,338","2,780","0","0","","","","6,618","#REF!","#REF!"
"413","313","313","W48x","2,184","1,191","1,152","2,196","1,203","1,460","0","0","","","","4,859","#REF!","#REF!"
"414","314","314","W48x","2,106","1,146","1,077","2,118","1,158","1,495","0","0","","","","4,771","#REF!","#REF!"
"415","315","315","W48x","2,188","1,273","1,260","2,200","1,285","1,984","0","0","","","","5,469","#REF!","#REF!"
"416","316","316","W48x","1,217","532","811","1,229","544","2,168","0","0","","","","3,941","#REF!","#REF!"
"417","317","317","W48x","699","430","390","711","442","1,205","0","0","","","","2,358","#REF!","#REF!"
"418","318","318","W48x","852","504","431","864","516","997","0","0","","","","2,377","#REF!","#REF!"
"506","806","806","W48x","82","50","20","94","62","551","0","0","","","","707","#REF!","#REF!"
"401","301","301","W49x","5,610","3,156","2,912","5,622","3,168","3,538","0","0","","","","12,328","#REF!","#REF!"
"402","302","302","W49x","3,665","2,057","1,975","3,677","2,069","2,473","0","0","","","","8,219","#REF!","#REF!"
"403","303","303","W49x","3,401","2,024","1,996","3,413","2,036","2,421","0","0","","","","7,870","#REF!","#REF!"
"404","304","304","W49x","5,220","2,953","2,792","5,232","2,965","2,817","0","0","","","","11,014","#REF!","#REF!"
"405","305","305","W49x","3,901","1,970","2,365","3,913","1,982","4,855","0","0","","","","10,750","#REF!","#REF!"
"406","306","306","W49x","2,385","1,414","1,893","2,397","1,426","3,494","0","0","","","","7,317","#REF!","#REF!"
"407","307","307","W49x","1,321","883","935","1,333","895","2,647","0","0","","","","4,875","#REF!","#REF!"
"408","308","308","W49x","2,518","1,441","1,748","2,530","1,453","3,960","0","0","","","","7,943","#REF!","#REF!"
"409","309","309","W49x","519","205","325","531","217","2,157","0","0","","","","2,905","#REF!","#REF!"
"410","310","310","W49x","694","254","358","706","266","1,876","0","0","","","","2,848","#REF!","#REF!"
"411","311","311","W49x","1,833","938","1,104","1,845","950","2,181","0","0","","","","4,976","#REF!","#REF!"
"412","312","312","W49x","2,598","1,303","1,352","2,610","1,315","2,633","0","0","","","","6,558","#REF!","#REF!"
"413","313","313","W49x","3,191","1,438","1,542","3,203","1,450","1,844","0","0","","","","6,497","#REF!","#REF!"
"414","314","314","W49x","1,763","895","771","1,775","907","1,116","0","0","","","","3,798","#REF!","#REF!"
"415","315","315","W49x","1,018","528","623","1,030","540","1,290","0","0","","","","2,860","#REF!","#REF!"
"416","316","316","W49x","1,357","736","797","1,369","748","1,967","0","0","","","","4,084","#REF!","#REF!"
"417","317","317","W49x","889","500","501","901","512","1,329","0","0","","","","2,742","#REF!","#REF!"
"418","318","318","W49x","830","557","432","842","569","1,109","0","0","","","","2,520","#REF!","#REF!"
"506","806","806","W49x","87","42","31","99","54","762","0","0","","","","915","#REF!","#REF!"
"401","301","301","W50x","5,477","3,132","2,705","5,492","3,144","3,381","0","3","3","","","12,017","#REF!","#REF!"
"402","302","302","W50x","2,995","1,754","1,607","3,010","1,766","2,083","0","3","3","","","6,859","#REF!","#REF!"
"403","303","303","W50x","2,782","1,700","1,611","2,797","1,712","1,957","0","3","3","","","6,466","#REF!","#REF!"
"404","304","304","W50x","4,483","2,494","2,399","4,498","2,506","2,427","0","3","3","","","9,431","#REF!","#REF!"
"405","305","305","W50x","4,403","2,376","2,259","4,418","2,388","4,781","0","3","3","","","11,587","#REF!","#REF!"
"406","306","306","W50x","2,911","1,649","1,969","2,926","1,661","3,502","0","3","3","","","8,089","#REF!","#REF!"
"407","307","307","W50x","1,674","1,056","1,124","1,689","1,068","3,082","0","3","3","","","5,839","#REF!","#REF!"
"408","308","308","W50x","2,597","1,438","1,757","2,612","1,450","4,150","0","3","3","","","8,212","#REF!","#REF!"
"409","309","309","W50x","553","290","379","568","302","2,542","0","3","3","","","3,412","#REF!","#REF!"
"410","310","310","W50x","519","219","324","534","231","2,019","0","3","3","","","2,784","#REF!","#REF!"
"411","311","311","W50x","1,157","629","657","1,172","641","1,859","0","3","3","","","3,672","#REF!","#REF!"
"412","312","312","W50x","2,714","1,257","1,575","2,729","1,269","2,999","0","3","3","","","6,997","#REF!","#REF!"
"413","313","313","W50x","2,965","1,582","1,519","2,980","1,594","1,823","0","3","3","","","6,397","#REF!","#REF!"
"414","314","314","W50x","1,775","970","946","1,790","982","1,221","0","3","3","","","3,993","#REF!","#REF!"
"415","315","315","W50x","1,311","614","763","1,326","626","1,605","0","3","3","","","3,557","#REF!","#REF!"
"416","316","316","W50x","636","305","475","651","317","1,887","0","3","3","","","2,855","#REF!","#REF!"
"417","317","317","W50x","922","523","510","937","535","1,953","0","3","3","","","3,425","#REF!","#REF!"
"418","318","318","W50x","915","395","498","930","407","1,028","0","3","3","","","2,365","#REF!","#REF!"
"506","806","806","W50x","71","35","43","83","47","454","0","0","","","","584","#REF!","#REF!"
"401","301","301","W51x","4,262","2,487","2,207","4,274","2,499","2,659","0","0","","","","9,432","#REF!","#REF!"
"402","302","302","W51x","3,183","1,587","1,483","3,195","1,599","1,782","0","0","","","","6,576","#REF!","#REF!"
"403","303","303","W51x","3,105","1,724","1,721","3,117","1,736","2,138","0","0","","","","6,991","#REF!","#REF!"
"404","304","304","W51x","3,772","1,981","1,903","3,788","1,993","1,940","0","4","4","","","7,721","#REF!","#REF!"
"405","305","305","W51x","3,074","1,668","1,750","3,086","1,680","4,217","0","0","","","","8,983","#REF!","#REF!"
"406","306","306","W51x","2,240","1,200","1,488","2,252","1,212","3,109","0","0","","","","6,573","#REF!","#REF!"
"407","307","307","W51x","1,630","963","1,015","1,646","975","2,859","0","4","4","","","5,480","#REF!","#REF!"
"408","308","308","W51x","2,099","1,062","1,298","2,111","1,074","3,551","0","0","","","","6,736","#REF!","#REF!"
"409","309","309","W51x","464","225","309","476","237","2,367","0","0","","","","3,080","#REF!","#REF!"
"410","310","310","W51x","677","261","404","689","273","2,296","0","0","","","","3,258","#REF!","#REF!"
"411","311","311","W51x","1,584","734","803","1,596","746","1,846","0","0","","","","4,188","#REF!","#REF!"
"412","312","312","W51x","2,011","947","1,131","2,027","959","2,520","0","4","4","","","5,506","#REF!","#REF!"
"413","313","313","W51x","3,536","1,691","1,708","3,552","1,703","2,056","0","4","4","","","7,311","#REF!","#REF!"
"414","314","314","W51x","1,656","742","775","1,668","754","1,105","0","0","","","","3,527","#REF!","#REF!"
"415","315","315","W51x","1,473","554","759","1,485","566","1,785","0","0","","","","3,836","#REF!","#REF!"
"416","316","316","W51x","1,139","570","602","1,151","582","1,737","0","0","","","","3,470","#REF!","#REF!"
"417","317","317","W51x","741","383","323","753","395","1,293","0","0","","","","2,441","#REF!","#REF!"
"418","318","318","W51x","581","322","278","593","334","995","0","0","","","","1,922","#REF!","#REF!"
"506","806","806","W51x","72","39","43","84","51","55","0","0","","","","190","#REF!","#REF!"
"401","301","301","W52x","3,226","1,526","1,421","3,238","1,538","1,433","0","0","","","","6,209","#REF!","#REF!"
"402","302","302","W52x","2,005","989","952","2,017","1,001","964","0","0","","","","3,982","#REF!","#REF!"
"403","303","303","W52x","1,642","850","810","1,654","862","822","0","0","","","","3,338","#REF!","#REF!"
"404","304","304","W52x","2,826","1,381","1,432","2,838","1,393","1,444","0","0","","","","5,675","#REF!","#REF!"
"405","305","305","W52x","2,186","1,169","1,232","2,198","1,181","1,244","0","0","","","","4,623","#REF!","#REF!"
"406","306","306","W52x","1,411","752","941","1,423","764","953","0","0","","","","3,140","#REF!","#REF!"
"407","307","307","W52x","963","544","602","975","556","614","0","0","","","","2,145","#REF!","#REF!"
"408","308","308","W52x","1,267","662","798","1,279","674","810","0","0","","","","2,763","#REF!","#REF!"
"409","309","309","W52x","299","93","156","311","105","168","0","0","","","","584","#REF!","#REF!"
"410","310","310","W52x","321","134","189","333","146","201","0","0","","","","680","#REF!","#REF!"
"411","311","311","W52x","862","408","511","874","420","523","0","0","","","","1,817","#REF!","#REF!"
"412","312","312","W52x","1,599","648","826","1,611","660","838","0","0","","","","3,109","#REF!","#REF!"
"413","313","313","W52x","1,774","757","788","1,786","769","800","0","0","","","","3,355","#REF!","#REF!"
"414","314","314","W52x","940","437","421","952","449","433","0","0","","","","1,834","#REF!","#REF!"
"415","315","315","W52x","741","312","388","753","324","400","0","0","","","","1,477","#REF!","#REF!"
"416","316","316","W52x","337","139","254","349","151","266","0","0","","","","766","#REF!","#REF!"
"417","317","317","W52x","413","232","224","425","244","236","0","0","","","","905","#REF!","#REF!"
"418","318","318","W52x","500","208","209","512","220","221","0","0","","","","953","#REF!","#REF!"
"506","806","806","W52x","30","19","22","42","31","34","0","0","","","","107","#REF!","#REF!"
"401","301","301","W01","3,251","1,802","1,677","3,263","1,814","1,689","0","0","","","","6,766","FE0322O","Sour Cream & Chive Chicken"
"402","302","302","W01","2,231","1,180","1,028","2,243","1,192","1,040","0","0","","","","4,475","FE4015A","Grilled chicken and ratatouille"
"403","303","303","W01","2,103","1,215","1,150","2,115","1,227","1,162","0","0","","","","4,504","FE0849A","Courgette-spaghetti bolognese"
"404","304","304","W01","3,164","1,658","1,560","3,176","1,670","1,572","0","0","","","","6,418","FE4040B","Chicken in creamy basil sauce"
"405","305","305","W01","2,436","1,195","1,395","2,448","1,207","1,407","0","0","","","","5,062","FE0271B","Cranberry Chicken "
"406","306","306","W01","1,506","892","1,050","1,518","904","1,062","0","0","","","","3,484","FE4053A","#N/A"
"407","307","307","W01","762","539","598","774","551","610","0","0","","","","1,935","FE4060A","Artichoke & Spinach Pork tenderloin"
"408","308","308","W01","1,348","721","905","1,360","733","917","0","0","","","","3,010","FE0036E","Salmon on cheesy cauliflower rice"
"409","309","309","W01","307","128","156","319","140","168","0","0","","","","627","FE0121B","#N/A"
"410","310","310","W01","267","92","124","279","104","136","0","0","","","","519","FE0090C","Ratatouille of zucchini and pepper"
"411","311","311","W01","647","291","387","659","303","399","0","0","","","","1,361","FE0384K","Chive & Garlic Chicken"
"412","312","312","W01","1,386","625","755","1,398","637","767","0","0","","","","2,802","FE1465A","Caribbean Mango Salsa Salmon"
"413","313","313","W01","1,840","749","833","1,852","761","845","0","0","","","","3,458","FE4071A","Pulled Jerk Chicken & Rice"
"414","314","314","W01","1,080","495","406","1,092","507","418","0","0","","","","2,017","FE1776A","Fire-Roasted Tomato & Feta Shrimp"
"415","315","315","W01","511","264","241","523","276","253","0","0","","","","1,052","FE4065A","Spicy Beef & Black Bean Chili"
"416","316","316","W01","309","151","200","321","163","212","0","0","","","","696","FE0025M","Chicken in lemon-capers sauce"
"417","317","317","W01","450","276","232","462","288","244","0","0","","","","994","FE0565D","Pork tenderloin with caramelized onion"
"418","318","318","W01","333","176","156","345","188","168","0","0","","","","701","FE4048A","#N/A"
"506","806","806","W01","34","11","13","46","23","25","0","0","","","","94","FEA006A","Garlic Herb Grilled Chicken"
"401","301","301","W02","4,831","2,469","2,094","4,843","2,481","2,106","0","0","","","","9,430","FE4015A","Grilled chicken and ratatouille"
"402","302","302","W02","3,013","1,792","1,425","3,025","1,804","1,437","0","0","","","","6,266","FE0426B","Grilled chicken fillet and potato leek mash"
"403","303","303","W02","2,750","1,555","1,498","2,762","1,567","1,510","0","0","","","","5,839","FE0713B","Cabbage in cheese sauce with minced beef"
"404","304","304","W02","4,316","2,130","2,103","4,328","2,142","2,115","0","0","","","","8,585","FE0970B","Caramelized Onion & Emmental Fondue Chicken"
"405","305","305","W02","3,701","1,906","1,862","3,713","1,918","1,874","0","0","","","","7,505","FE0224C","Chicken à la Florentine"
"406","306","306","W02","1,845","1,060","1,212","1,857","1,072","1,224","0","0","","","","4,153","FE0198D","Spicy chicken with jalapeño, lime and cheddar"
"407","307","307","W02","1,488","903","900","1,500","915","912","0","0","","","","3,327","FE4010B","Grilled pork tenderloin and tomato butter"
"408","308","308","W02","2,033","1,068","1,251","2,045","1,080","1,263","0","0","","","","4,388","FE1031A","Salmon Dijonnaise"
"409","309","309","W02","394","157","206","406","169","218","0","0","","","","793","FE0090C","Ratatouille of zucchini and pepper"
"410","310","310","W02","474","219","234","486","231","246","0","0","","","","963","FE0121C","Mexican style corn cake"
"411","311","311","W02","832","366","377","844","378","389","0","0","","","","1,611","FE1404A","Bulgogi Shredded Beef Bowl"
"412","312","312","W02","2,454","1,142","1,213","2,466","1,154","1,225","0","0","","","","4,845","FE1731A","Citrus–Miso Salmon Bowl"
"413","313","313","W02","2,409","1,117","1,119","2,421","1,129","1,131","0","0","","","","4,681","FE1429A","Athenian-Style Feta Chicken"
"414","314","314","W02","1,123","528","466","1,135","540","478","0","0","","","","2,153","FE1408A","#N/A"
"415","315","315","W02","1,132","601","645","1,144","613","657","0","0","","","","2,414","FE1348B","Cheddar & Bell Pepper Pulled Beef Bowl"
"416","316","316","W02","1,054","467","562","1,066","479","574","0","0","","","","2,119","FE0472B","Indian style butter chicken"
"417","317","317","W02","534","360","224","546","372","236","0","0","","","","1,154","FE1072A","#N/A"
"418","318","318","W02","584","398","292","596","410","304","0","0","","","","1,310","FE0430E","Pork tenderloin in red pepper sauce"
"506","806","806","W02","70","19","21","82","31","33","0","0","","","","146","FEA006A","Garlic Herb Grilled Chicken"
"401","301","301","W03","5,054","4,095","2,621","5,066","4,107","2,633","0","0","","","","11,806","FE0322O","Sour Cream & Chive Chicken"
"402","302","302","W03","3,809","2,711","1,767","3,821","2,723","1,779","0","0","","","","8,323","FE4014B","Creamy basil risotto with chicken"
"403","303","303","W03","4,964","3,228","2,452","4,976","3,240","2,464","0","0","","","","10,680","FE1345A","Pulled beef & pasta in cheese sauce"
"404","304","304","W03","3,812","2,463","2,108","3,824","2,475","2,120","0","0","","","","8,419","FE0036E","Salmon on cheesy cauliflower rice"
"405","305","305","W03","2,346","1,891","1,487","2,358","1,903","1,499","0","0","","","","5,760","FE4001C","#N/A"
"406","306","306","W03","2,679","1,752","1,731","2,691","1,764","1,743","0","0","","","","6,198","FE0972B","Salmon Piccata"
"407","307","307","W03","1,800","1,439","1,236","1,812","1,451","1,248","0","0","","","","4,511","FE0207I","Chicken in creamy spinach"
"408","308","308","W03","2,749","1,929","1,659","2,761","1,941","1,671","0","0","","","","6,373","FE0024E","Chicken in tomato cream sauce"
"409","309","309","W03","625","388","404","637","400","416","0","0","","","","1,453","FE0121C","Mexican style corn cake"
"410","310","310","W03","661","329","374","673","341","386","0","0","","","","1,400","FE0031C","Creamy tomato risotto"
"411","311","311","W03","1,157","911","724","1,169","923","736","0","0","","","","2,828","FE0565D","Pork tenderloin with caramelized onion"
"412","312","312","W03","2,947","1,592","1,286","2,959","1,604","1,298","0","0","","","","5,861","FE4066A","Thai Style Green Curry Salmon"
"413","313","313","W03","3,141","2,076","1,553","3,153","2,088","1,565","0","0","","","","6,806","FE1451A","West African Style Chicken Peanut Curry"
"414","314","314","W03","1,390","901","647","1,402","913","659","0","0","","","","2,974","FE0689A","Keema-inspired Beef Curry"
"415","315","315","W03","1,644","969","1,011","1,656","981","1,023","0","0","","","","3,660","FE4063A","Cheddar pulled beef"
"416","316","316","W03","1,100","534","645","1,112","546","657","0","0","","","","2,315","FE1829A","Shakshuka-Style Chicken"
"417","317","317","W03","1,917","1,239","1,047","1,929","1,251","1,059","0","0","","","","4,239","FE0962A","#N/A"
"418","318","318","W03","1,025","615","488","1,037","627","500","0","0","","","","2,164","FE0890B","Pork tenderloin with apple-mustard sauce"
"506","806","806","W03","72","57","54","84","69","66","0","0","","","","219","FEA006A","Garlic Herb Grilled Chicken"
"401","301","301","W04","5,616","4,602","2,994","5,628","4,614","3,006","0","0","","","","13,248","FE0426B","Grilled chicken fillet and potato leek mash"
"402","302","302","W04","3,756","2,781","2,052","3,768","2,793","2,064","0","0","","","","8,625","FE4015A","Grilled chicken and ratatouille"
"403","303","303","W04","3,480","3,197","1,895","3,492","3,209","1,907","0","0","","","","8,608","FE0849A","Courgette-spaghetti bolognese"
"404","304","304","W04","4,399","2,049","2,094","4,411","2,061","2,106","0","0","","","","8,578","FE4044C","Salmon on tomato risotto"
"405","305","305","W04","2,905","2,284","1,887","2,917","2,296","1,899","0","0","","","","7,112","FE0224C","Chicken à la Florentine"
"406","306","306","W04","2,752","1,942","2,007","2,764","1,954","2,051","32","0","","","","6,769","FE0036E","Salmon on cheesy cauliflower rice"
"407","307","307","W04","2,604","1,800","1,638","2,716","1,812","1,650","0","100","100","","","6,178","FE0472B","Indian style butter chicken"
"408","308","308","W04","2,537","1,695","1,502","2,549","1,707","1,562","48","0","","","","5,818","FE4038B","Chicken in mushroom sauce"
"409","309","309","W04","593","258","355","705","270","367","0","100","100","","","1,342","FE0031C","Creamy tomato risotto"
"410","310","310","W04","415","228","297","427","240","341","32","0","","","","1,008","FE0090C","Ratatouille of zucchini and pepper"
"411","311","311","W04","652","429","353","664","441","365","0","0","","","","1,470","FE4060A","Artichoke & Spinach Pork tenderloin"
"412","312","312","W04","3,441","2,245","1,659","3,453","2,257","1,671","0","0","","","","7,381","FE1439A","Tzatziki Salmon & Lemon Rice"
"413","313","313","W04","4,242","2,744","2,011","4,254","2,756","2,023","0","0","","","","9,033","FE4067A","Honey Miso Chicken & Scallion Rice"
"414","314","314","W04","1,733","1,087","937","1,745","1,099","981","32","0","","","","3,825","FE4064A","Ginger Garlic Grilled Chicken"
"415","315","315","W04","1,650","1,140","1,053","1,662","1,152","1,065","0","0","","","","3,879","FE0745B","Beef with cauliflower mash"
"416","316","316","W04","1,529","1,101","893","1,541","1,113","905","0","0","","","","3,559","FE0160C","Beef Shepherd's Pie"
"417","317","317","W04","1,878","1,340","1,119","1,890","1,352","1,163","32","0","","","","4,405","FE4022B","Pork tenderloin with black pepper and sage"
"418","318","318","W04","1,209","947","682","1,221","959","694","0","0","","","","2,874","FE4042A","Pork tenderloin and Mediterranean mash"
"506","806","806","W04","118","48","49","130","60","61","0","0","","","","251","FEA006A","Garlic Herb Grilled Chicken"
"401","301","301","W05","5,596","4,010","2,871","5,616","4,030","2,891","0","0","","","","12,537","FE0628B","#N/A"
"402","302","302","W05","3,906","2,845","1,912","3,926","2,865","1,964","32","","","","","8,755","FE4014B","Creamy basil risotto with chicken"
"403","303","303","W05","6,074","3,651","3,022","6,094","3,671","3,042","0","0","","","","12,807","FE1346B","Parmesan & Garlic Cream Pulled Beef"
"404","304","304","W05","3,458","2,958","1,931","3,578","2,978","1,951","0","100","100","","","8,507","FE0972B","Salmon Piccata"
"405","305","305","W05","2,266","2,909","1,728","2,386","2,929","1,748","0","100","100","","","7,063","FE0322O","Sour Cream & Chive Chicken"
"406","306","306","W05","2,772","1,841","1,859","2,842","1,861","1,911","32","50","50","","","6,614","FE4039C","Salmon in creamy gochugaru sauce"
"407","307","307","W05","2,407","1,519","1,469","2,527","1,539","1,489","0","100","100","","","5,555","FE4040B","Chicken in creamy basil sauce"
"408","308","308","W05","2,658","1,695","1,655","2,678","1,715","1,723","48","","","","","6,116","FE0024E","Chicken in tomato cream sauce"
"409","309","309","W05","710","347","377","730","367","429","32","","","","","1,526","FE0121C","Mexican style corn cake"
"410","310","310","W05","533","236","347","603","256","367","0","50","50","","","1,226","FE0090C","Ratatouille of zucchini and pepper"
"411","311","311","W05","941","695","564","961","715","584","0","","","","","2,260","FE4006A","Pork tenderloin in sundried tomato sauce"
"412","312","312","W05","3,755","2,026","1,687","3,775","2,046","1,707","0","","","","","7,528","FE1731A","Citrus–Miso Salmon Bowl"
"413","313","313","W05","4,013","2,149","1,857","4,033","2,169","1,877","0","","","","","8,079","FE4070A","Herb-Grilled Chicken"
"414","314","314","W05","2,126","1,592","1,102","2,146","1,612","1,154","32","","","","","4,912","FE0262C","Braised Beef Pasta & Roasted Red Pepper"
"415","315","315","W05","1,865","767","991","1,885","787","1,011","0","","","","","3,683","FE4063A","Cheddar pulled beef"
"416","316","316","W05","1,384","765","745","1,504","785","765","0","100","100","","","3,054","FE0092B","Tunisian-Style Beef & Tomato Stew"
"417","317","317","W05","2,262","1,107","1,194","2,382","1,127","1,214","0","100","100","","","4,723","FE4048A","#N/A"
"418","318","318","W05","1,013","674","472","1,033","694","492","0","","","","","2,219","FE1072B","Pork tenderloin in spicy ancho chili sauce"
"506","806","806","W05","102","45","58","122","65","78","0","0","","","","265","FEA006A","Garlic Herb Grilled Chicken"
"401","301","301","W06","6,752","4,706","3,302","6,764","4,718","3,314","0","0","","","","14,796","FE0426B","Grilled chicken fillet and potato leek mash"
"402","302","302","W06","3,592","2,694","1,989","3,604","2,706","2,033","32","0","","","","8,343","FE4001C","#N/A"
"403","303","303","W06","3,496","2,347","2,124","3,508","2,359","2,136","0","0","","","","8,003","FE0713B","Cabbage in cheese sauce with minced beef"
"404","304","304","W06","5,322","3,399","2,529","5,334","3,411","2,541","0","0","","","","11,286","FE1145B","Roasted Salmon & Dill Yogurt"
"405","305","305","W06","3,320","2,442","2,060","3,332","2,454","2,072","0","0","","","","7,858","FE4015A","Grilled chicken and ratatouille"
"406","306","306","W06","3,002","1,974","2,146","3,014","1,986","2,190","32","0","","","","7,190","FE4040B","Chicken in creamy basil sauce"
"407","307","307","W06","2,376","1,660","1,718","2,388","1,672","1,730","0","0","","","","5,790","FE0970B","Caramelized Onion & Emmental Fondue Chicken"
"408","308","308","W06","2,977","2,195","1,868","2,989","2,207","1,896","16","0","","","","7,092","FE4053A","#N/A"
"409","309","309","W06","885","353","491","897","365","535","32","0","","","","1,797","FE0031C","Creamy tomato risotto"
"410","310","310","W06","624","343","371","636","355","383","0","0","","","","1,374","FE0121C","Mexican style corn cake"
"411","311","311","W06","1,191","734","671","1,203","746","683","0","0","","","","2,632","FE0169H","Pork tenderloin in creamy garlic-mustard sauce"
"412","312","312","W06","3,880","2,120","1,785","3,892","2,132","1,829","32","0","","","","7,853","FE4009D","Salmon in mustard-dill sauce"
"413","313","313","W06","5,250","3,470","2,353","5,262","3,482","2,365","0","0","","","","11,109","FE1348B","Cheddar & Bell Pepper Pulled Beef Bowl"
"414","314","314","W06","2,002","1,344","1,111","2,014","1,356","1,123","0","0","","","","4,493","FE4075A","Sun-Dried Tomato Beef Ragu & Pasta"
"415","315","315","W06","1,296","851","783","1,308","863","827","32","0","","","","2,998","FE0746A","Spicy ground beef with jalapenos"
"416","316","316","W06","1,921","1,307","920","1,933","1,319","932","0","0","","","","4,184","FE1712A","Fiery Kung Pao Peanut Chicken"
"417","317","317","W06","2,037","1,278","1,008","2,049","1,290","1,020","0","0","","","","4,359","FE4060A","Artichoke & Spinach Pork tenderloin"
"418","318","318","W06","1,015","887","573","1,027","899","585","0","0","","","","2,511","FE0430E","Pork tenderloin in red pepper sauce"
"506","806","806","W06","83","58","43","95","70","55","0","0","","","","220","FEA006A","Garlic Herb Grilled Chicken"
"401","301","301","W07","6,900","4,515","3,524","6,912","4,527","3,568","32","0","","","","15,007","FE0224C","Chicken à la Florentine"
"402","302","302","W07","3,491","2,936","2,050","3,503","2,948","2,062","0","0","","","","8,513","FE0426B","Grilled chicken fillet and potato leek mash"
"403","303","303","W07","3,498","2,336","2,081","3,510","2,348","2,093","0","0","","","","7,951","FE4040B","Chicken in creamy basil sauce"
"404","304","304","W07","6,440","4,391","3,376","6,452","4,403","3,388","0","0","","","","14,243","FE1346B","Parmesan & Garlic Cream Pulled Beef"
"405","305","305","W07","3,106","2,120","1,818","3,118","2,132","1,830","0","0","","","","7,080","FE4014B","Creamy basil risotto with chicken"
"406","306","306","W07","3,529","2,370","2,351","3,541","2,382","2,411","48","0","","","","8,334","FE0036E","Salmon on cheesy cauliflower rice"
"407","307","307","W07","1,874","1,329","1,271","1,886","1,341","1,283","0","0","","","","4,510","FE0207I","Chicken in creamy spinach"
"408","308","308","W07","1,803","1,272","1,320","1,815","1,284","1,332","0","0","","","","4,431","FE4023B","Chicken in chive cream sauce"
"409","309","309","W07","715","360","399","727","372","411","0","0","","","","1,510","FE0121C","Mexican style corn cake"
"410","310","310","W07","560","236","331","572","248","375","32","0","","","","1,195","FE0090C","Ratatouille of zucchini and pepper"
"411","311","311","W07","953","742","633","965","754","645","0","0","","","","2,364","FE4006A","Pork tenderloin in sundried tomato sauce"
"412","312","312","W07","4,725","2,526","2,105","4,737","2,538","2,117","0","0","","","","9,392","FE4077A","Honey Mustard Salmon"
"413","313","313","W07","4,228","2,404","1,710","4,240","2,416","1,722","0","0","","","","8,378","FE4072A","Chicken & Eggplant Mozzarella Pomodoro"
"414","314","314","W07","1,849","1,134","961","1,861","1,146","1,005","32","0","","","","4,012","FE1636A","Green Chile Chicken & Salsa Quinoa"
"415","315","315","W07","1,894","1,185","1,012","1,906","1,197","1,024","0","0","","","","4,127","FE0849B","Courgette-spaghetti bolognese"
"416","316","316","W07","1,594","1,037","956","1,606","1,049","1,000","32","0","","","","3,655","FE0160C","Beef Shepherd's Pie"
"417","317","317","W07","2,479","1,598","1,406","2,491","1,610","1,418","0","0","","","","5,519","FE0565D","Pork tenderloin with caramelized onion"
"418","318","318","W07","1,213","831","619","1,225","843","631","0","0","","","","2,699","FE4042A","Pork tenderloin and Mediterranean mash"
"506","806","806","W07","94","55","45","106","67","57","0","0","","","","230","FEA006A","Garlic Herb Grilled Chicken"
"401","301","301","W08","6,905","4,680","3,359","6,917","4,692","3,371","0","0","","","","14,980","FE4015B","Grilled chicken and ratatouille"
"402","302","302","W08","4,034","3,043","2,009","4,046","3,055","2,021","0","0","","","","9,122","FE4014B","Creamy basil risotto with chicken"
"403","303","303","W08","3,290","2,451","2,025","3,302","2,463","2,037","0","0","","","","7,802","FE0713B","Cabbage in cheese sauce with minced beef"
"404","304","304","W08","5,750","4,120","2,876","5,762","4,132","2,888","0","0","","","","12,782","FE4027B","Beef & BBQ sauce"
"405","305","305","W08","3,283","2,538","2,236","3,295","2,550","2,248","0","0","","","","8,093","FE0384K","Chive & Garlic Chicken"
"406","306","306","W08","3,141","2,189","2,120","3,153","2,201","2,132","0","0","","","","7,486","FE0972B","Salmon Piccata"
"407","307","307","W08","2,886","2,113","1,888","2,898","2,125","1,948","48","0","","","","6,971","FE4053A","#N/A"
"408","308","308","W08","2,424","1,660","1,505","2,436","1,672","1,517","0","0","","","","5,625","FE4038B","Chicken in mushroom sauce"
"409","309","309","W08","597","319","350","609","331","362","0","0","","","","1,302","FE0121C","Mexican style corn cake"
"410","310","310","W08","747","299","393","759","311","437","32","0","","","","1,507","FE0031C","Creamy tomato risotto"
"411","311","311","W08","958","873","541","970","885","585","32","0","","","","2,440","FE0430E","Pork tenderloin in red pepper sauce"
"412","312","312","W08","4,122","2,488","1,855","4,134","2,500","1,899","32","0","","","","8,533","FE1439A","Tzatziki Salmon & Lemon Rice"
"413","313","313","W08","3,652","2,055","1,693","3,664","2,067","1,753","48","0","","","","7,484","FE4064A","Ginger Garlic Grilled Chicken"
"414","314","314","W08","1,896","1,096","970","1,908","1,108","982","0","0","","","","3,998","FE4078A","Moussaka-Style Ground Beef, Eggplant & Bechamel"
"415","315","315","W08","1,732","974","1,110","1,744","986","1,122","0","0","","","","3,852","FE4063A","Cheddar pulled beef"
"416","316","316","W08","1,272","616","720","1,284","628","732","0","0","","","","2,644","FE4070A","Herb-Grilled Chicken"
"417","317","317","W08","2,024","1,197","1,033","2,036","1,209","1,045","0","0","","","","4,290","FE0959A","Creamy Pistou Pork Tenderloin"
"418","318","318","W08","1,435","989","506","1,447","1,001","518","0","0","","","","2,966","FE0890B","Pork tenderloin with apple-mustard sauce"
"506","806","806","W08","89","68","35","101","80","47","0","0","","","","228","FEA006A","Garlic Herb Grilled Chicken"
"401","601","301","W09","6,679","4,711","3,323","6,691","4,723","3,335","","0","","","","14,749","FE0426B","Grilled chicken fillet and potato leek mash"
"402","602","302","W09","4,053","2,814","2,054","4,065","2,826","2,098","32","0","","","","8,989","FE0224C","Chicken à la Florentine"
"403","603","303","W09","3,966","2,807","2,008","3,978","2,819","2,052","32","0","","","","8,849","FE0849B","Courgette-spaghetti bolognese"
"404","604","304","W09","6,321","4,232","3,097","6,333","4,244","3,109","","0","","","","13,686","FE1346B","Parmesan & Garlic Cream Pulled Beef"
"405","605","305","W09","2,526","2,117","1,753","2,538","2,129","1,765","","0","","","","6,432","FE0322O","Sour Cream & Chive Chicken"
"406","606","306","W09","3,541","2,293","2,231","3,553","2,305","2,243","","0","","","","8,101","FE1031A","Salmon Dijonnaise"
"407","607","307","W09","2,061","1,369","1,342","2,073","1,381","1,354","","0","","","","4,808","FE0207I","Chicken in creamy spinach"
"408","608","308","W09","2,042","1,300","1,240","2,054","1,312","1,252","","0","","","","4,618","FE0129G","Peruvian style chicken breast"
"409","609","309","W09","543","264","362","555","276","406","32","0","","","","1,237","FE0090C","Ratatouille of zucchini and pepper"
"410","610","310","W09","888","332","433","900","344","445","","0","","","","1,689","FE0031C","Creamy tomato risotto"
"411","611","311","W09","983","670","565","995","682","577","","0","","","","2,254","FE4006A","Pork tenderloin in sundried tomato sauce"
"412","612","312","W09","4,028","2,214","1,801","4,040","2,226","1,845","32","0","","","","8,111","FE1731A","Citrus–Miso Salmon Bowl"
"413","613","313","W09","4,594","2,533","2,007","4,606","2,545","2,019","","0","","","","9,170","FE4081A","Cajun Chicken, Tomato Gravy & Mashed Potatoes"
"414","614","314","W09","1,900","961","925","1,912","973","969","32","0","","","","3,854","FE4071A","Pulled Jerk Chicken & Rice"
"415","615","315","W09","2,051","1,165","1,155","2,063","1,177","1,167","","0","","","","4,407","FE0413F","Braised beef in herby jus"
"416","616","316","W09","689","583","476","701","595","520","32","0","","","","1,816","FE1776A","Fire-Roasted Tomato & Feta Shrimp"
"417","617","317","W09","2,515","1,596","1,201","2,527","1,608","1,213","","0","","","","5,348","FE4048A","#N/A"
"418","618","318","W09","1,331","949","567","1,343","961","579","","0","","","","2,883","FE4049B","Red chile pulled pork"
"506","706","806","W09","111","52","28","123","64","40","0","0","","","","227","FEA006A","Garlic Herb Grilled Chicken"
"401","601","301","W10","7,569","4,363","3,665","7,629","4,383","3,685","","40","40","","","15,697","FE0384K","Chive & Garlic Chicken"
"402","602","302","W10","4,279","2,834","2,220","4,299","2,854","2,272","32","0","","","","9,425","FE1636A","Green Chile Chicken & Salsa Quinoa"
"403","603","303","W10","3,767","2,264","2,001","3,827","2,284","2,021","","40","40","","","8,132","FE0713B","Cabbage in cheese sauce with minced beef"
"404","604","304","W10","6,177","3,662","2,859","6,197","3,682","2,879","","0","","","","12,758","FE4027B","Beef & BBQ sauce"
"405","605","305","W10","3,504","2,060","1,944","3,524","2,080","2,012","48","0","","","","7,616","FE4014B","Creamy basil risotto with chicken"
"406","606","306","W10","3,464","2,025","2,091","3,484","2,045","2,111","","0","","","","7,640","FE0972B","Salmon Piccata"
"407","607","307","W10","2,660","1,457","1,526","2,680","1,477","1,578","32","0","","","","5,735","FE4038B","Chicken in mushroom sauce"
"408","608","308","W10","2,949","1,523","1,643","3,009","1,543","1,663","","40","40","","","6,215","FE0024E","Chicken in tomato cream sauce"
"409","609","309","W10","755","291","403","815","311","455","32","40","40","","","1,581","FE0121C","Mexican style corn cake"
"410","610","310","W10","553","205","402","573","225","422","","0","","","","1,220","FE0090C","Ratatouille of zucchini and pepper"
"411","611","311","W10","643","355","300","663","375","320","","0","","","","1,358","FE0959A","Creamy Pistou Pork Tenderloin"
"412","612","312","W10","4,275","1,888","1,730","4,335","1,908","1,782","32","40","40","","","8,025","FE4066A","Thai Style Green Curry Salmon"
"413","613","313","W10","4,576","2,444","2,033","4,596","2,464","2,069","16","0","","","","9,129","FE1429A","Athenian-Style Feta Chicken"
"414","614","314","W10","1,799","868","1,049","1,819","888","1,069","","0","","","","3,776","FE4068A","Balsamic-Glazed Chicken"
"415","615","315","W10","1,467","826","738","1,487","846","758","0","0","","","","3,091","FE0746A","Spicy ground beef with jalapenos"
"416","616","316","W10","1,186","566","676","1,206","586","696","","0","","","","2,488","FE4069A","Apple Cider & Dijon Chicken"
"417","617","317","W10","2,207","1,229","1,015","2,227","1,249","1,035","","0","","","","4,511","FE4060A","Artichoke & Spinach Pork tenderloin"
"418","618","318","W10","1,336","717","548","1,356","737","568","","0","","","","2,661","FE0890B","Pork tenderloin with apple-mustard sauce"
"506","706","806","W10","122","37","43","142","57","63","0","0","","","","262","FEA006A","Garlic Herb Grilled Chicken"
"401","601","301","W11","6,979","4,270","3,307","6,991","4,282","3,351","32","0","","","","14,624","FE0426B","Grilled chicken fillet and potato leek mash"
"402","602","302","W11","3,479","2,584","1,890","3,491","2,596","1,902","","0","","","","7,989","FE0322O","Sour Cream & Chive Chicken"
"403","603","303","W11","4,038","2,552","1,965","4,050","2,564","1,977","","0","","","","8,591","FE0849B","Courgette-spaghetti bolognese"
"404","604","304","W11","6,958","3,934","3,119","6,970","3,946","3,163","32","0","","","","14,079","FE1348B","Cheddar & Bell Pepper Pulled Beef Bowl"
"405","605","305","W11","3,380","2,055","1,998","3,392","2,067","2,010","","0","","","","7,469","FE0224D","Chicken à la Florentine"
"406","606","306","W11","3,780","2,254","2,265","3,792","2,266","2,277","","0","","","","8,335","FE0036E","Salmon on cheesy cauliflower rice"
"407","607","307","W11","2,588","1,347","1,469","2,600","1,359","1,481","","0","","","","5,440","FE4040B","Chicken in creamy basil sauce"
"408","608","308","W11","2,248","1,408","1,327","2,260","1,420","1,387","48","0","","","","5,067","FE0198D","Spicy chicken with jalapeño, lime and cheddar"
"409","609","309","W11","483","230","327","495","242","371","32","0","","","","1,108","FE0090C","Ratatouille of zucchini and pepper"
"410","610","310","W11","914","361","450","926","373","462","","0","","","","1,761","FE0031C","Creamy tomato risotto"
"411","611","311","W11","1,150","772","547","1,162","784","575","16","0","","","","2,521","FE0430E","Pork tenderloin in red pepper sauce"
"412","612","312","W11","4,114","1,809","1,712","4,126","1,821","1,756","32","0","","","","7,703","FE4009D","Salmon in mustard-dill sauce"
"413","613","313","W11","5,058","2,689","2,044","5,070","2,701","2,056","","0","","","","9,827","FE1451A","West African Style Chicken Peanut Curry"
"414","614","314","W11","1,473","650","620","1,485","662","632","","0","","","","2,779","FE1403A","Chicken Biryani"
"415","615","315","W11","1,841","826","973","1,853","838","985","","0","","","","3,676","FE4063A","Cheddar pulled beef"
"416","616","316","W11","1,170","432","706","1,182","444","718","","0","","","","2,344","FE1698A","Chermoula Chicken & Lentils"
"417","617","317","W11","2,557","1,280","1,167","2,569","1,292","1,179","","0","","","","5,040","FE0169H","Pork tenderloin in creamy garlic-mustard sauce"
"418","618","318","W11","1,175","787","517","1,187","799","529","","0","","","","2,515","FE1072B","Pork tenderloin in spicy ancho chili sauce"
"506","706","806","W11","113","41","37","125","53","49","0","0","","","","227","FEA006A","Garlic Herb Grilled Chicken"
"401","601","301","W12","7,435","4,079","3,233","7,447","4,091","3,245","","0","","","","14,783","FE4015B","Grilled chicken and ratatouille"
"402","602","302","W12","4,443","2,727","1,876","4,455","2,739","1,904","16","0","","","","9,098","FE4014B","Creamy basil risotto with chicken"
"403","603","303","W12","3,309","2,095","1,572","3,321","2,107","1,584","","0","","","","7,012","FE0746A","Spicy ground beef with jalapenos"
"404","604","304","W12","5,684","3,345","2,497","5,696","3,357","2,509","","0","","","","11,562","FE4027B","Beef & BBQ sauce"
"405","605","305","W12","3,001","1,975","1,669","3,013","1,987","1,729","48","0","","","","6,729","FE4001D","#N/A"
"406","606","306","W12","3,525","2,104","2,045","3,537","2,116","2,057","","0","","","","7,710","FE1031A","Salmon Dijonnaise"
"407","607","307","W12","3,002","1,706","1,662","3,014","1,718","1,706","32","0","","","","6,438","FE0472B","Indian style butter chicken"
"408","608","308","W12","2,652","1,488","1,355","2,664","1,500","1,367","","0","","","","5,531","FE4038B","Chicken in mushroom sauce"
"409","609","309","W12","628","336","331","640","348","375","32","0","","","","1,363","FE0121C","Mexican style corn cake"
"410","610","310","W12","662","267","349","674","279","361","","0","","","","1,314","FE0031C","Creamy tomato risotto"
"411","611","311","W12","898","511","481","910","523","493","","0","","","","1,926","FE4006A","Pork tenderloin in sundried tomato sauce"
"412","612","312","W12","4,147","1,933","1,713","4,159","1,945","1,757","32","0","","","","7,861","FE1731A","Citrus–Miso Salmon Bowl"
"413","613","313","W12","4,574","2,291","1,908","4,586","2,303","1,920","","0","","","","8,809","FE1458A","Japanese-Style BBQ Chicken & Cabbage"
"414","614","314","W12","1,662","935","883","1,674","947","927","32","0","","","","3,548","FE4075A","Sun-Dried Tomato Beef Ragu & Pasta"
"415","615","315","W12","1,211","665","753","1,223","677","765","","0","","","","2,665","FE0713B","Cabbage in cheese sauce with minced beef"
"416","616","316","W12","1,898","893","948","1,910","905","960","","0","","","","3,775","FE4079A","Pulled Beef & Mushroom Cream Pasta"
"417","617","317","W12","2,362","1,042","1,037","2,374","1,054","1,049","","0","","","","4,477","FE0890B","Pork tenderloin with apple-mustard sauce"
"418","618","318","W12","1,458","861","619","1,470","873","631","","0","","","","2,974","FE4042A","Pork tenderloin and Mediterranean mash"
"506","706","806","W12","99","31","34","111","43","46","0","0","","","","200","FEA006A","Garlic Herb Grilled Chicken"
"401","601","301","W13","6,991","3,936","2,965","7,003","3,948","2,977","","0","","","","13,928","FE0426B","Grilled chicken fillet and potato leek mash"
"402","602","302","W13","4,294","2,486","1,897","4,306","2,498","1,909","","0","","","","8,713","FE0224D","Chicken à la Florentine"
"403","603","303","W13","3,906","2,198","1,732","3,918","2,210","1,776","32","0","","","","7,904","FE0849B","Courgette-spaghetti bolognese"
"404","604","304","W13","6,654","3,583","2,863","6,666","3,595","2,875","","0","","","","13,136","FE1346B","Parmesan & Garlic Cream Pulled Beef"
"405","605","305","W13","2,649","1,808","1,592","2,661","1,820","1,604","","0","","","","6,085","FE0322O","Sour Cream & Chive Chicken"
"406","606","306","W13","3,238","1,748","1,799","3,250","1,760","1,859","48","0","","","","6,869","FE0035F","Salmon with pesto"
"407","607","307","W13","3,206","1,846","1,606","3,218","1,858","1,650","32","0","","","","6,726","FE4053A","#N/A"
"408","608","308","W13","1,962","1,138","1,105","1,974","1,150","1,117","","0","","","","4,241","FE0129G","Peruvian style chicken breast"
"409","609","309","W13","913","326","413","925","338","425","","0","","","","1,688","FE0031C","Creamy tomato risotto"
"410","610","310","W13","519","228","320","531","240","364","32","0","","","","1,135","FE0090C","Ratatouille of zucchini and pepper"
"411","611","311","W13","778","476","342","790","488","354","","0","","","","1,632","FE4060A","Artichoke & Spinach Pork tenderloin"
"412","612","312","W13","4,423","2,084","1,690","4,435","2,096","1,702","","0","","","","8,233","FE1439A","Tzatziki Salmon & Lemon Rice"
"413","613","313","W13","4,301","1,965","1,597","4,313","1,977","1,609","","0","","","","7,899","FE4081A","Cajun Chicken, Tomato Gravy & Mashed Potatoes"
"414","614","314","W13","1,541","658","725","1,553","670","785","48","0","","","","3,008","FE4064A","Ginger Garlic Grilled Chicken"
"415","615","315","W13","1,938","958","971","1,950","970","983","","0","","","","3,903","FE0413F","Braised beef in herby jus"
"416","616","316","W13","1,497","798","670","1,509","810","682","","0","","","","3,001","FE0160C","Beef Shepherd's Pie"
"417","617","317","W13","1,984","922","926","1,996","934","938","","0","","","","3,868","FE0959A","Creamy Pistou Pork Tenderloin"
"418","618","318","W13","1,154","626","437","1,166","638","449","","0","","","","2,253","FE1072B","Pork tenderloin in spicy ancho chili sauce"
"506","706","806","W13","120","37","30","132","49","42","0","0","","","","223","FEA006A","Garlic Herb Grilled Chicken"
"401","601","301","W14","7,261","3,480","2,662","7,273","3,492","2,674","","100","100","","","13,439","FE4015B","Grilled chicken and ratatouille"
"402","602","302","W14","4,250","2,380","1,639","4,262","2,392","1,667","16","0","","","","8,321","FE1636A","Green Chile Chicken & Salsa Quinoa"
"403","603","303","W14","3,553","1,887","1,538","3,565","1,899","1,550","","0","","","","7,014","FE0713B","Cabbage in cheese sauce with minced beef"
"404","604","304","W14","5,982","2,966","2,321","5,994","2,978","2,365","32","150","150","","","11,337","FE4075A","Sun-Dried Tomato Beef Ragu & Pasta"
"405","605","305","W14","2,943","1,671","1,427","2,955","1,683","1,439","","150","150","","","6,077","FE4001D","#N/A"
"406","606","306","W14","3,506","1,706","1,666","3,518","1,718","1,710","32","200","200","","","6,946","FE4039C","Salmon in creamy gochugaru sauce"
"407","607","307","W14","3,700","1,682","1,567","3,712","1,694","1,579","","0","","","","6,985","FE0794D","Loaded Bacon Shredded Chicken"
"408","608","308","W14","2,302","1,164","1,204","2,314","1,176","1,216","","0","","","","4,706","FE0183E","Garlic & Herb Chicken Breast"
"409","609","309","W14","449","164","261","461","176","273","","100","100","","","910","FE0090C","Ratatouille of zucchini and pepper"
"410","610","310","W14","652","229","306","664","241","350","32","100","100","","","1,255","FE0121C","Mexican style corn cake"
"411","611","311","W14","972","547","453","984","559","465","","0","","","","2,008","FE4010B","Grilled pork tenderloin and tomato butter"
"412","612","312","W14","3,978","1,484","1,404","3,990","1,496","1,416","","0","","","","6,902","FE4009D","Salmon in mustard-dill sauce"
"413","613","313","W14","4,788","2,042","1,665","4,800","2,054","1,677","","0","","","","8,531","FE1451A","West African Style Chicken Peanut Curry"
"414","614","314","W14","1,792","705","889","1,804","717","933","32","100","100","","","3,454","FE1203A","Citrus Mojo Chicken Breast"
"415","615","315","W14","1,645","661","777","1,657","673","789","","0","","","","3,119","FE0413F","Braised beef in herby jus"
"416","616","316","W14","870","292","385","882","304","397","","0","","","","1,583","FE0962B","Apricot Smothered Pork Tenderloin"
"417","617","317","W14","2,287","935","942","2,299","947","954","","0","","","","4,200","FE0169H","Pork tenderloin in creamy garlic-mustard sauce"
"418","618","318","W14","1,264","546","475","1,276","558","519","32","150","150","","","2,353","FE1403A","Chicken Biryani"
"506","706","806","W14","85","32","22","97","44","34","0","0","","","","175","FEA006A","Garlic Herb Grilled Chicken"
"401","601","301","W15","7,001","3,529","2,595","7,013","3,541","2,607","","0","","","","13,161","FE0224D","Chicken à la Florentine"
"402","602","302","W15","4,156","2,397","1,488","4,168","2,409","1,532","32","0","","","","8,109","FE4014B","Creamy basil risotto with chicken"
"403","603","303","W15","3,550","2,110","1,511","3,562","2,122","1,523","","0","","","","7,207","FE0849B","Courgette-spaghetti bolognese"
"404","604","304","W15","5,718","2,988","2,057","5,730","3,000","2,069","","0","","","","10,799","FE4027B","Beef & BBQ sauce"
"405","605","305","W15","2,494","1,729","1,369","2,506","1,741","1,381","","0","","","","5,628","FE0322O","Sour Cream & Chive Chicken"
"406","606","306","W15","3,143","1,696","1,625","3,155","1,708","1,637","","0","","","","6,500","FE0972B","Salmon Piccata"
"407","607","307","W15","2,588","1,563","1,279","2,600","1,575","1,323","32","0","","","","5,498","FE4053B","Gochugaru Chicken"
"408","608","308","W15","1,852","1,067","947","1,864","1,079","959","","0","","","","3,902","FE0207I","Chicken in creamy spinach"
"409","609","309","W15","758","250","249","770","262","293","32","0","","","","1,325","FE0031C","Creamy tomato risotto"
"410","610","310","W15","578","238","230","590","250","242","","0","","","","1,082","FE0121C","Mexican style corn cake"
"411","611","311","W15","1,043","470","382","1,055","482","394","","0","","","","1,931","FE0890C","Pork tenderloin with apple-mustard sauce"
"412","612","312","W15","3,451","1,514","1,081","3,463","1,526","1,125","32","0","","","","6,114","FE1145B","Roasted Salmon & Dill Yogurt"
"413","613","313","W15","4,960","2,314","1,629","4,972","2,326","1,641","","0","","","","8,939","FE4088A","Chicken & Mushroom Gravy"
"414","614","314","W15","1,195","466","524","1,207","478","568","32","0","","","","2,253","FE4064A","Ginger Garlic Grilled Chicken"
"415","615","315","W15","1,193","621","493","1,205","633","505","","0","","","","2,343","FE0746A","Spicy ground beef with jalapenos"
"416","616","316","W15","1,104","450","421","1,116","462","433","","0","","","","2,011","FE1787A","Tomato Escabeche Grilled Chicken"
"417","617","317","W15","2,259","1,070","882","2,271","1,082","894","","0","","","","4,247","FE4006A","Pork tenderloin in sundried tomato sauce"
"418","618","318","W15","1,180","724","429","1,192","736","457","16","0","","","","2,385","FE4049B","Red chile pulled pork"
"506","706","806","W15","86","32","31","98","44","43","0","0","","","","185","FEA006A","Garlic Herb Grilled Chicken"
"401","601","301","W16","7,123","4,024","2,997","7,135","4,036","3,009","","0","","","","14,180","FE0426B","Grilled chicken fillet and potato leek mash"
"402","602","302","W16","4,390","2,562","1,872","4,402","2,574","1,884","","0","","","","8,860","FE4015B","Grilled chicken and ratatouille"
"403","603","303","W16","3,525","2,067","1,709","3,537","2,079","1,721","","0","","","","7,337","FE0713B","Cabbage in cheese sauce with minced beef"
"404","604","304","W16","5,553","3,090","2,362","5,565","3,102","2,390","16","0","","","","11,057","FE4027B","Beef & BBQ sauce"
"405","605","305","W16","3,273","2,038","1,689","3,285","2,050","1,701","","0","","","","7,036","FE1636A","Green Chile Chicken & Salsa Quinoa"
"406","606","306","W16","3,204","1,878","1,821","3,216","1,890","1,833","","0","","","","6,939","FE4039C","Salmon in creamy gochugaru sauce"
"407","607","307","W16","2,958","1,533","1,464","2,970","1,545","1,492","16","0","","","","6,007","FE0472B","Indian style butter chicken"
"408","608","308","W16","2,153","1,243","1,135","2,165","1,255","1,147","","0","","","","4,567","FE4023B","Chicken in chive cream sauce"
"409","609","309","W16","491","202","262","503","214","290","16","0","","","","1,007","FE0090C","Ratatouille of zucchini and pepper"
"410","610","310","W16","851","331","418","863","343","430","","0","","","","1,636","FE0031C","Creamy tomato risotto"
"411","611","311","W16","661","429","287","673","441","299","","0","","","","1,413","FE4060A","Artichoke & Spinach Pork tenderloin"
"412","612","312","W16","3,898","1,752","1,546","3,910","1,764","1,590","32","0","","","","7,264","FE1031A","Salmon Dijonnaise"
"413","613","313","W16","4,110","1,866","1,519","4,122","1,878","1,563","32","0","","","","7,563","FE4081A","Cajun Chicken, Tomato Gravy & Mashed Potatoes"
"414","614","314","W16","1,894","979","983","1,906","991","995","","0","","","","3,892","FE1790A","Tangy Miso Chicken Bowl"
"415","615","315","W16","1,699","871","922","1,711","883","934","","0","","","","3,528","FE0413F","Braised beef in herby jus"
"416","616","316","W16","1,459","730","615","1,471","742","627","","0","","","","2,840","FE1487A","Grilled Pork Tenderloin & Butternut Mash"
"417","617","317","W16","2,215","1,093","989","2,227","1,105","1,001","","0","","","","4,333","FE0169H","Pork tenderloin in creamy garlic-mustard sauce"
"418","618","318","W16","1,052","631","372","1,064","643","400","16","0","","","","2,107","FE1072B","Pork tenderloin in spicy ancho chili sauce"
"506","706","806","W16","101","33","37","113","45","49","0","0","","","","207","FEA006A","Garlic Herb Grilled Chicken"
"401","601","301","W17","7,385","3,806","3,024","7,397","3,818","3,036","","100","100","","","14,251","FE4014B","Creamy basil risotto with chicken"
"402","602","302","W17","3,290","2,384","1,662","3,302","2,396","1,674","","0","","","","7,372","FE0322O","Sour Cream & Chive Chicken"
"403","603","303","W17","3,590","2,147","1,724","3,602","2,159","1,752","16","0","","","","7,513","FE0849B","Courgette-spaghetti bolognese"
"404","604","304","W17","6,272","3,388","2,796","6,284","3,400","2,808","","150","150","","","12,492","FE1346B","Parmesan & Garlic Cream Pulled Beef"
"405","605","305","W17","2,961","1,821","1,645","2,973","1,833","1,673","16","0","","","","6,479","FE0224D","Chicken à la Florentine"
"406","606","306","W17","2,991","1,672","1,791","3,003","1,684","1,803","","150","150","","","6,490","FE0035F","Salmon with pesto"
"407","607","307","W17","2,527","1,535","1,438","2,539","1,547","1,482","32","150","150","","","5,568","FE4053B","Gochugaru Chicken"
"408","608","308","W17","2,895","1,691","1,476","2,907","1,703","1,488","","0","","","","6,098","FE0794D","Loaded Bacon Shredded Chicken"
"409","609","309","W17","433","175","240","445","187","252","","0","","","","884","FE0090C","Ratatouille of zucchini and pepper"
"410","610","310","W17","675","274","294","687","286","338","32","150","150","","","1,311","FE0121D","Mexican style corn cake"
"411","611","311","W17","818","398","384","830","410","396","","0","","","","1,636","FE0890C","Pork tenderloin with apple-mustard sauce"
"412","612","312","W17","3,519","1,507","1,340","3,531","1,519","1,384","32","150","150","","","6,434","FE1145B","Roasted Salmon & Dill Yogurt"
"413","613","313","W17","4,607","2,020","1,751","4,619","2,032","1,763","","0","","","","8,414","FE1777A","Chicken with Puttanesca-style sauce"
"414","614","314","W17","1,249","737","681","1,261","749","693","","200","200","","","2,703","FE4064A","Ginger Garlic Grilled Chicken"
"415","615","315","W17","1,065","626","646","1,077","638","658","","0","","","","2,373","FE0713B","Cabbage in cheese sauce with minced beef"
"416","616","316","W17","1,331","661","762","1,343","673","774","","250","250","","","2,790","FE0472B","Indian style butter chicken"
"417","617","317","W17","2,267","1,234","1,118","2,279","1,246","1,130","","0","","","","4,655","FE4010B","Grilled pork tenderloin and tomato butter"
"418","618","318","W17","1,224","864","531","1,236","876","543","","0","","","","2,655","FE4042A","Pork tenderloin and Mediterranean mash"
"506","706","806","W17","93","32","21","105","44","33","0","0","","","","182","FEA006A","Garlic Herb Grilled Chicken"
"401","601","301","W18","6,885","3,598","3,077","6,897","3,610","3,089","","0","","","","13,596","FE0426C","Grilled chicken fillet and potato leek mash"
"402","602","302","W18","3,837","2,246","1,937","3,861","2,270","1,977","16","0","","","","8,108","FE0628C","Mushroom Chicken & Rice"
"403","603","303","W18","3,803","1,968","2,024","3,815","1,980","2,036","","0","","","","7,831","FE4063A","Cheddar pulled beef"
"404","604","304","W18","5,361","2,709","2,356","5,373","2,721","2,384","16","0","","","","10,478","FE4027B","Beef & BBQ sauce"
"405","605","305","W18","3,171","1,850","1,797","3,183","1,862","1,809","","0","","","","6,854","FE4015B","Grilled chicken and ratatouille"
"406","606","306","W18","3,026","1,673","1,844","3,038","1,685","1,872","16","0","","","","6,595","FE4039C","Salmon in creamy gochugaru sauce"
"407","607","307","W18","2,784","1,471","1,491","2,796","1,483","1,503","","0","","","","5,782","FE0794D","Loaded Bacon Shredded Chicken"
"408","608","308","W18","1,984","1,149","1,231","1,996","1,161","1,259","16","0","","","","4,416","FE0207I","Chicken in creamy spinach"
"409","609","309","W18","697","297","307","709","309","319","","0","","","","1,337","FE0121D","Mexican style corn cake"
"410","610","310","W18","781","306","353","793","318","397","32","0","","","","1,508","FE0031C","Creamy tomato risotto"
"411","611","311","W18","917","522","436","929","534","448","","0","","","","1,911","FE4048B","Creamy leek pork tenderloin"
"412","612","312","W18","4,092","1,916","1,782","4,104","1,928","1,826","32","0","","","","7,858","FE1439A","Tzatziki Salmon & Lemon Rice"
"413","613","313","W18","4,363","2,124","1,668","4,375","2,136","1,680","","0","","","","8,191","FE0386A","Chicken & Mushroom Tetrazzini"
"414","614","314","W18","1,281","704","727","1,293","716","739","","0","","","","2,748","FE0612C","Minced beef dish with cheese sauce"
"415","615","315","W18","1,234","681","637","1,246","693","649","","0","","","","2,588","FE0849B","Courgette-spaghetti bolognese"
"416","616","316","W18","0","0","0","0","0","0","","0","","","","0","FV0601A","#N/A"
"417","617","317","W18","2,141","984","1,028","2,153","996","1,040","","0","","","","4,189","FE4006A","Pork tenderloin in sundried tomato sauce"
"418","618","318","W18","1,048","734","512","1,060","746","524","","0","","","","2,330","FE0430E","Pork tenderloin in red pepper sauce"
"506","706","806","W18","81","40","33","93","52","45","0","0","","","","190","FEA006A","Garlic Herb Grilled Chicken"
"401","601","301","W19","7,416","3,719","2,970","7,428","3,731","2,982","","0","","","","14,141","FE4015B","Grilled chicken and ratatouille"
"402","602","302","W19","4,045","2,448","1,824","4,057","2,460","1,852","16","0","","","","8,369","FE1636A","Green Chile Chicken & Salsa Quinoa"
"403","603","303","W19","4,239","2,258","1,990","4,251","2,270","2,002","","0","","","","8,523","FE0413G","Braised beef in herby jus"
"404","604","304","W19","5,832","2,753","2,327","5,844","2,765","2,349","","10","","","10","10,958","FE4009D","Salmon in mustard-dill sauce"
"405","605","305","W19","3,870","2,224","1,994","3,882","2,236","2,006","","0","","","","8,124","FE1451A","West African Style Chicken Peanut Curry"
"406","606","306","W19","2,751","1,561","1,632","2,763","1,573","1,654","","10","","","10","5,990","FE0972B","Salmon Piccata"
"407","607","307","W19","2,535","1,301","1,382","2,547","1,313","1,404","","10","","","10","5,264","FE0970B","Caramelized Onion & Emmental Fondue Chicken"
"408","608","308","W19","1,935","1,181","1,089","1,947","1,193","1,133","32","0","","","","4,273","FE0198D","Spicy chicken with jalapeño, lime and cheddar"
"409","609","309","W19","755","304","356","767","316","368","","0","","","","1,451","FE0031C","Creamy tomato risotto"
"410","610","310","W19","480","195","270","492","207","298","16","0","","","","997","FE0090C","Ratatouille of zucchini and pepper"
"411","611","311","W19","1,133","638","505","1,145","650","517","","0","","","","2,312","FE0169I","Pork tenderloin in creamy garlic-mustard sauce"
"412","612","312","W19","3,124","1,304","1,168","3,136","1,316","1,180","","0","","","","5,632","FE1320C","Ají Verde Salmon"
"413","613","313","W19","3,753","1,840","1,183","3,765","1,852","1,195","","0","","","","6,812","FE4049B","Red chile pulled pork"
"414","614","314","W19","1,215","637","615","1,227","649","627","","0","","","","2,503","FE4064A","Ginger Garlic Grilled Chicken"
"415","615","315","W19","1,004","583","549","1,016","595","561","","0","","","","2,172","FE0746A","Spicy ground beef with jalapenos"
"416","616","316","W19","1,221","591","651","1,233","603","695","32","0","","","","2,531","FE1731A","Citrus–Miso Salmon Bowl"
"417","617","317","W19","3,156","1,680","1,508","3,168","1,692","1,552","32","0","","","","6,412","FE4075A","Sun-Dried Tomato Beef Ragu & Pasta"
"418","618","318","W19","954","619","445","966","631","457","","0","","","","2,054","FE1072B","Pork tenderloin in spicy ancho chili sauce"
"506","706","806","W19","100","39","28","112","51","40","0","0","","","","203","FEA006A","Garlic Herb Grilled Chicken"
"401","601","301","W20","5,275","3,133","2,312","5,287","3,145","2,324","0","0","","","","10,756","FE0224D","Chicken à la Florentine"
"402","602","302","W20","3,660","2,184","1,457","3,672","2,196","1,469","0","0","","","","7,337","FE4015A","Grilled chicken and ratatouille"
"403","603","303","W20","2,347","1,591","1,317","2,359","1,603","1,329","0","0","","","","5,291","FE0746B","Spicy ground beef with jalapenos"
"404","604","304","W20","5,430","2,853","2,096","5,442","2,865","2,108","0","0","","","","10,415","FE1145B","Roasted Salmon & Dill Yogurt"
"405","605","305","W20","2,602","1,883","1,430","2,614","1,895","1,442","0","0","","","","5,951","FE1636A","Green Chile Chicken & Salsa Quinoa"
"406","606","306","W20","2,589","1,565","1,465","2,601","1,577","1,477","0","0","","","","5,655","FE0035F","Salmon with pesto"
"407","607","307","W20","2,418","1,519","1,574","2,430","1,531","1,586","0","0","","","","5,547","FE0472B","Indian style butter chicken"
"408","608","308","W20","2,193","1,480","1,311","2,205","1,492","1,323","0","0","","","","5,020","FE0024E","Chicken in tomato cream sauce"
"409","609","309","W20","302","135","170","314","147","182","0","0","","","","643","FE0090C","Ratatouille of zucchini and pepper"
"410","610","310","W20","580","213","177","592","225","189","0","0","","","","1,006","FE0121D","Mexican style corn cake"
"411","611","311","W20","442","285","235","454","297","247","0","0","","","","998","FE4006A","Pork tenderloin in sundried tomato sauce"
"412","612","312","W20","4,028","1,661","1,677","4,040","1,673","1,689","0","0","","","","7,402","FE0281E","Spicy citrus salmon"
"413","613","313","W20","1,509","572","548","1,521","584","560","0","0","","","","2,665","FE1404B","Bulgogi Pulled Beef Bowl"
"414","614","314","W20","1,342","863","849","1,354","875","861","0","0","","","","3,090","FV0333A","#N/A"
"415","615","315","W20","2,025","1,064","1,303","2,037","1,076","1,315","0","0","","","","4,428","FV0846A","#N/A"
"416","616","316","W20","1,335","751","755","1,347","763","767","0","0","","","","2,877","FE0401F","Pulled chicken with cheddar and bacon"
"417","617","317","W20","2,498","1,087","894","2,510","1,099","906","0","0","","","","4,515","FE4060A","Artichoke & Spinach Pork tenderloin"
"418","618","318","W20","996","612","478","1,008","624","490","0","0","","","","2,122","FE4042A","Pork tenderloin and Mediterranean mash"
"419","619","319","W20","1,148","845","555","1,160","857","567","0","0","","","","2,584","FE0160C","Beef Shepherd's Pie"
"420","620","320","W20","3,408","1,614","1,453","3,420","1,626","1,465","0","0","","","","6,511","FE4079A","Pulled Beef & Mushroom Cream Pasta"
"421","621","321","W20","447","323","311","459","335","323","0","0","","","","1,117","FE0962B","Apricot Smothered Pork Tenderloin"
"506","706","806","W20","83","36","67","95","48","79","0","0","","","","222","FEA006A","Garlic Herb Grilled Chicken"
"401","601","301","W21","5,532","3,141","2,455","5,744","3,153","2,467","","200","200","","","11,364","FE4014C","Creamy basil risotto with chicken"
"402","602","302","W21","3,536","2,180","1,601","3,748","2,192","1,613","","200","200","","","7,553","FV0426A","#N/A"
"403","603","303","W21","2,939","1,767","1,427","2,951","1,779","1,439","","0","","","","6,169","FE0849B","Courgette-spaghetti bolognese"
"404","604","304","W21","5,474","2,939","2,211","5,686","2,951","2,223","","200","200","","","10,860","FE1346B","Parmesan & Garlic Cream Pulled Beef"
"405","605","305","W21","2,685","1,701","1,525","2,697","1,713","1,537","","0","","","","5,947","FE0322O","Sour Cream & Chive Chicken"
"406","606","306","W21","3,039","1,704","1,782","3,301","1,716","1,794","","250","250","","","6,811","FE4039C","Salmon in creamy gochugaru sauce"
"407","607","307","W21","2,547","1,494","1,416","2,559","1,506","1,428","","0","","","","5,493","FE0794D","Loaded Bacon Shredded Chicken"
"408","608","308","W21","1,980","1,179","1,151","1,992","1,191","1,163","","0","","","","4,346","FE0198E","Spicy chicken with jalapeño, lime and cheddar"
"409","609","309","W21","565","246","240","577","258","252","","0","","","","1,087","FV0090A","#N/A"
"410","610","310","W21","659","279","290","771","291","302","","100","100","","","1,364","FE0031C","Creamy tomato risotto"
"411","611","311","W21","736","398","338","748","410","350","","0","","","","1,508","FE1072B","Pork tenderloin in spicy ancho chili sauce"
"412","612","312","W21","3,898","1,687","1,573","4,060","1,699","1,585","","150","150","","","7,344","FE1439A","Tzatziki Salmon & Lemon Rice"
"413","613","313","W21","2,181","1,137","955","2,193","1,149","967","","0","","","","4,309","FE0401F","Pulled chicken with cheddar and bacon"
"414","614","314","W21","1,159","646","648","1,371","658","660","","200","200","","","2,689","FE1790A","Tangy Miso Chicken Bowl"
"415","615","315","W21","1,278","738","645","1,290","750","657","","0","","","","2,697","FV0601A","#N/A"
"416","616","316","W21","922","466","477","934","478","489","","0","","","","1,901","FE1487A","Grilled Pork Tenderloin & Butternut Mash"
"417","617","317","W21","2,677","1,233","969","2,689","1,245","981","","0","","","","4,915","FE0169I","Pork tenderloin in creamy garlic-mustard sauce"
"418","618","318","W21","945","674","440","957","686","452","","0","","","","2,095","FE0890C","Pork tenderloin with apple-mustard sauce"
"419","619","319","W21","2,280","1,259","1,074","2,292","1,271","1,086","","0","","","","4,649","FV1646A","#N/A"
"420","620","320","W21","1,045","577","492","1,057","589","504","","0","","","","2,150","FV0232A","#N/A"
"421","621","321","W21","1,425","787","671","1,437","799","683","","0","","","","2,919","FE4071A","Pulled Jerk Chicken & Rice"
"506","706","806","W21","83","36","67","95","48","79","0","0","","","","222","FEA006A","Garlic Herb Grilled Chicken"
"401","601","301","W22","5,273","3,145","2,407","5,285","3,157","2,419","","0","","","","10,861","FE4014C","Creamy basil risotto with chicken"
"402","602","302","W22","3,372","2,178","1,568","3,384","2,190","1,580","","0","","","","7,154","FE0224D","Chicken à la Florentine"
"403","603","303","W22","2,808","1,765","1,402","2,820","1,777","1,414","","0","","","","6,011","FE0713B","Cabbage in cheese sauce with minced beef"
"404","604","304","W22","5,215","2,940","2,174","5,227","2,952","2,186","","0","","","","10,365","FE0281E","Spicy citrus salmon"
"405","605","305","W22","2,560","1,702","1,496","2,572","1,714","1,508","","0","","","","5,794","FE1636A","Green Chile Chicken & Salsa Quinoa"
"406","606","306","W22","2,891","1,701","1,751","2,903","1,713","1,763","","0","","","","6,379","FE0972B","Salmon Piccata"
"407","607","307","W22","2,422","1,490","1,391","2,434","1,502","1,403","","0","","","","5,339","FE0794D","Loaded Bacon Shredded Chicken"
"408","608","308","W22","1,884","1,174","1,130","1,896","1,186","1,142","","0","","","","4,224","FE0207I","Chicken in creamy spinach"
"409","609","309","W22","541","244","238","553","256","250","","0","","","","1,059","FV0121A","#N/A"
"410","610","310","W22","630","279","287","642","291","299","","0","","","","1,232","FE0131C","Black bean bowl and enchilada sauce"
"411","611","311","W22","703","398","334","715","410","346","","0","","","","1,471","FE4006A","Pork tenderloin in sundried tomato sauce"
"412","612","312","W22","3,702","1,687","1,545","3,714","1,699","1,557","","0","","","","6,970","FV4009A","#N/A"
"413","613","313","W22","2,082","1,139","946","2,094","1,151","958","","0","","","","4,203","FE4049B","Red chile pulled pork"
"414","614","314","W22","1,107","645","642","1,119","657","654","","0","","","","2,430","FE1068B","Moroccan-style chicken thighs & tomato sauce"
"415","615","315","W22","1,217","738","638","1,229","750","650","","0","","","","2,629","FV0345A","#N/A"
"416","616","316","W22","885","465","472","897","477","484","","0","","","","1,858","FE4079A","Pulled Beef & Mushroom Cream Pasta"
"417","617","317","W22","2,534","1,230","953","2,546","1,242","965","","0","","","","4,753","FE0472B","Indian style butter chicken"
"418","618","318","W22","905","676","434","917","688","446","","0","","","","2,051","FE0430E","Pork tenderloin in red pepper sauce"
"419","619","319","W22","2,172","1,259","1,056","2,184","1,271","1,068","","0","","","","4,523","FV1646A","#N/A"
"420","620","320","W22","996","577","484","1,008","589","496","","0","","","","2,093","FE4070A","Herb-Grilled Chicken"
"421","621","321","W22","1,358","787","660","1,370","799","672","","0","","","","2,841","FE4065A","Spicy Beef & Black Bean Chili"
"506","706","806","W22","83","36","67","95","48","79","0","0","","","","222","FEA006A","Garlic Herb Grilled Chicken"
"401","601","301","W23","5,429","3,194","2,402","5,441","3,206","2,414","0","0","","","","11,061","FE4015B","Grilled chicken and ratatouille"
"402","602","302","W23","3,479","2,213","1,566","3,491","2,225","1,706","128","0","","","","7,422","FV0322A","#N/A"
"403","603","303","W23","2,893","1,794","1,401","2,905","1,806","1,413","0","0","","","","6,124","FV4063A","#N/A"
"404","604","304","W23","5,372","2,986","2,165","5,384","2,998","2,177","0","0","","","","10,559","FV1320A","#N/A"
"405","605","305","W23","2,637","1,730","1,493","2,649","1,742","1,505","0","0","","","","5,896","FE1451A","West African Style Chicken Peanut Curry"
"406","606","306","W23","2,981","1,728","1,745","2,993","1,740","1,757","0","0","","","","6,490","FV0035A","#N/A"
"407","607","307","W23","2,498","1,515","1,386","2,510","1,527","1,398","0","0","","","","5,435","FV0401A","#N/A"
"408","608","308","W23","1,939","1,198","1,126","1,951","1,210","1,138","0","0","","","","4,299","FE0024E","Chicken in tomato cream sauce"
"409","609","309","W23","556","249","236","568","261","376","128","0","","","","1,205","FV0778A","#N/A"
"410","610","310","W23","650","284","286","662","296","298","0","0","","","","1,256","FV0131A","#N/A"
"411","611","311","W23","725","403","332","737","415","344","0","0","","","","1,496","FE0169H","Pork tenderloin in creamy garlic-mustard sauce"
"412","612","312","W23","3,819","1,715","1,542","3,831","1,727","1,554","0","0","","","","7,112","FE1145B","Roasted Salmon & Dill Yogurt"
"413","613","313","W23","2,145","1,158","939","2,157","1,170","1,079","128","0","","","","4,406","","#N/A"
"414","614","314","W23","1,136","655","637","1,148","667","761","112","0","","","","2,576","FE1068A","Moroccan-style chicken thighs & tomato sauce"
"415","615","315","W23","1,250","751","632","1,262","763","644","0","0","","","","2,669","FV0846A","#N/A"
"416","616","316","W23","909","471","468","921","483","480","0","0","","","","1,884","FE1404B","Bulgogi Pulled Beef Bowl"
"417","617","317","W23","2,615","1,253","951","2,627","1,265","963","0","0","","","","4,855","FV4053A","#N/A"
"418","618","318","W23","929","685","429","941","697","441","0","0","","","","2,079","FV4042A","#N/A"
"419","619","319","W23","2,238","1,279","1,053","2,250","1,291","1,065","","0","","","","4,606","FV1646A","#N/A"
"420","620","320","W23","1,026","586","482","1,038","598","494","","0","","","","2,130","FE1698A","Chermoula Chicken & Lentils"
"421","621","321","W23","1,399","799","658","1,411","811","670","","0","","","","2,892","FV0601A","#N/A"
"506","706","806","W23","83","36","67","95","48","79","0","0","","","","222","FEA006A","Garlic Herb Grilled Chicken"
"401","601","301","W24","5,429","3,194","2,402","5,441","3,206","2,510","96","0","","","","11,157","#REF!","#REF!"
"402","602","302","W24","3,479","2,213","1,566","3,491","2,225","1,674","96","0","","","","7,390","#REF!","#REF!"
"403","603","303","W24","2,893","1,794","1,401","2,905","1,806","1,413","0","0","","","","6,124","#REF!","#REF!"
"404","604","304","W24","5,372","2,986","2,165","5,384","2,998","2,177","0","0","","","","10,559","#REF!","#REF!"
"405","605","305","W24","2,637","1,730","1,493","2,649","1,742","1,617","112","0","","","","6,008","#REF!","#REF!"
"406","606","306","W24","2,981","1,728","1,745","2,993","1,740","1,757","0","0","","","","6,490","#REF!","#REF!"
"407","607","307","W24","2,498","1,515","1,386","2,510","1,527","1,398","0","0","","","","5,435","#REF!","#REF!"
"408","608","308","W24","1,939","1,198","1,126","1,951","1,210","1,138","0","0","","","","4,299","#REF!","#REF!"
"409","609","309","W24","556","249","236","568","261","248","0","0","","","","1,077","#REF!","#REF!"
"410","610","310","W24","650","284","286","662","296","378","80","0","","","","1,336","#REF!","#REF!"
"411","611","311","W24","725","403","332","737","415","344","0","0","","","","1,496","#REF!","#REF!"
"412","612","312","W24","3,819","1,715","1,542","3,831","1,727","1,554","0","0","","","","7,112","#REF!","#REF!"
"413","613","313","W24","2,145","1,158","939","2,157","1,170","951","0","0","","","","4,278","#REF!","#REF!"
"414","614","314","W24","1,136","655","637","1,148","667","649","0","0","","","","2,464","#REF!","#REF!"
"415","615","315","W24","1,250","751","632","1,262","763","644","0","0","","","","2,669","#REF!","#REF!"
"416","616","316","W24","909","471","468","921","483","480","0","0","","","","1,884","#REF!","#REF!"
"417","617","317","W24","2,615","1,253","951","2,627","1,265","963","0","0","","","","4,855","#REF!","#REF!"
"418","618","318","W24","929","685","429","941","697","441","0","0","","","","2,079","#REF!","#REF!"
"419","619","319","W24","2,238","1,279","1,053","2,250","1,291","1,065","","0","","","","4,606","#REF!","#REF!"
"420","620","320","W24","1,026","586","482","1,038","598","494","","0","","","","2,130","#REF!","#REF!"
"421","621","321","W24","1,399","799","658","1,411","811","670","","0","","","","2,892","#REF!","#REF!"
"506","706","806","W24","83","36","67","95","48","79","0","0","","","","222","#REF!","#REF!"
