MSKU Recipe Name,CSKU Name,CSKU Code,Ingredient Category,Gross Qty,UoM,MSKU Code,Characteristics
FV0090A - Ratatouille of zucchini and pepper [BNL],"FA-DE Basil, Fresh /Basilikum, frisch",PHF-00-139175-3,PHF,4.43,grams,REC-013827-4-002,"FISH_FREE,NATURALLY_LACTOSE_FREE,PORK_FREE,SUITABLE_FOR_LACTOSE_INTOLERANCE,VEGAN,VEGETARIAN"
FV0090A - Ratatouille of zucchini and pepper [BNL],"FA-DE Bell Peppers, Red, Diced 10mm /Paprika, rot, gewürfelt 10 mm",PHF-00-139179-3,PHF,45.26,grams,REC-013827-4-002,"VEGAN,VEGETARIAN"
FV0090A - Ratatouille of zucchini and pepper [BNL],"FA-DE Butter, Unsalted /Butter, ungesalzen",DAI-00-139146-3,DAI,4.83,grams,REC-013827-4-002,VEGETARIAN
FV0090A - Ratatouille of zucchini and pepper [BNL],"FA-DE Cheese, Parmesan, Grated /Käse, Parmesan, gerieben",DAI-00-139127-3,DAI,5.79,grams,REC-013827-4-002,
FV0090A - Ratatouille of zucchini and pepper [BNL],"FA-DE Chives, Dried /Schnittlauch, getrocknet",SPI-00-139322-5,SPI,0.14,grams,REC-013827-4-002,"FISH_FREE,NATURALLY_GLUTEN_FREE,NATURALLY_LACTOSE_FREE,PORK_FREE,SUITABLE_FOR_COELIACS,SUITABLE_FOR_LACTOSE_INTOLERANCE,VEGAN,VEGETARIAN"
FV0090A - Ratatouille of zucchini and pepper [BNL],"FA-DE Fennel, Diced 10mm /Fenchel, gewürfelt 10 mm",PHF-00-139196-3,PHF,11.35,grams,REC-013827-4-002,"FISH_FREE,NATURALLY_LACTOSE_FREE,PORK_FREE,SUITABLE_FOR_LACTOSE_INTOLERANCE,VEGAN,VEGETARIAN"
FV0090A - Ratatouille of zucchini and pepper [BNL],"FA-DE Garlic, IQF, Diced 4 mm /Knoblauch, IQF, gewürfelt 4 mm",PHF-00-139237-1,PHF,7.13,grams,REC-013827-4-002,"FISH_FREE,NATURALLY_GLUTEN_FREE,NATURALLY_LACTOSE_FREE,PORK_FREE,SUITABLE_FOR_COELIACS,SUITABLE_FOR_LACTOSE_INTOLERANCE,VEGAN,VEGETARIAN"
FV0090A - Ratatouille of zucchini and pepper [BNL],"FA-DE Garlic, Peeled, Whole Cloves [10kg] /Knoblauch, geschält, ganze Nelken [10kg]",PHF-00-139197-3,PHF,7.68,grams,REC-013827-4-002,"SUITABLE_FOR_COELIACS,SUITABLE_FOR_LACTOSE_INTOLERANCE,VEGAN,VEGETARIAN"
FV0090A - Ratatouille of zucchini and pepper [BNL],"FA-DE Grits, Cereal Hot, Quick /Grütze, Müsli, heiß, schnell",PRO-00-139264-5,PRO,25.18,grams,REC-013827-4-002,"VEGAN,VEGETARIAN"
FV0090A - Ratatouille of zucchini and pepper [BNL],FA-DE Honey /Honig – Masse,PRO-00-139266-5,PRO,0.57,grams,REC-013827-4-002,"SUITABLE_FOR_LACTOSE_INTOLERANCE,VEGAN,VEGETARIAN"
FV0090A - Ratatouille of zucchini and pepper [BNL],FA-DE Mascarpone /Mascarpone,DAI-00-139143-3,DAI,9.66,grams,REC-013827-4-002,VEGETARIAN
FV0090A - Ratatouille of zucchini and pepper [BNL],"FA-DE Milk, Semi-Skimmed /Milch, teilentrahmt",DAI-00-139139-3,DAI,115.86,grams,REC-013827-4-002,
FV0090A - Ratatouille of zucchini and pepper [BNL],"FA-DE Oil, Olive /Öl, Olivenöl",PRO-00-139277-5,PRO,6.13,grams,REC-013827-4-002,"VEGAN,VEGETARIAN"
FV0090A - Ratatouille of zucchini and pepper [BNL],"FA-DE Onion, Red, Diced 10mm/Zwiebeln, rot, gewürfelt, 10 mm",PHF-00-139216-3,PHF,24.18,grams,REC-013827-4-002,"FISH_FREE,PORK_FREE,VEGAN,VEGETARIAN"
FV0090A - Ratatouille of zucchini and pepper [BNL],"FA-DE Onion, Spanish, Diced 10mm /Zwiebel, Spanisch, gewürfelt 10 mm",PHF-00-139209-3,PHF,24.18,grams,REC-013827-4-002,"FISH_FREE,PORK_FREE,VEGAN,VEGETARIAN"
FV0090A - Ratatouille of zucchini and pepper [BNL],"FA-DE Parsley, Chopped /Petersilie, gehackt",PHF-00-139215-3,PHF,2.48,grams,REC-013827-4-002,"FISH_FREE,NATURALLY_LACTOSE_FREE,PORK_FREE,SUITABLE_FOR_LACTOSE_INTOLERANCE,VEGAN,VEGETARIAN"
FV0090A - Ratatouille of zucchini and pepper [BNL],"FA-DE Rosemary, IQF /Rosmarin, IQF",PHF-00-139243-1,PHF,0.31,grams,REC-013827-4-002,"SUITABLE_FOR_COELIACS,SUITABLE_FOR_LACTOSE_INTOLERANCE,VEGAN,VEGETARIAN"
FV0090A - Ratatouille of zucchini and pepper [BNL],"FA-DE Spice, Black Pepper, Ground /Gewürz, schwarzer Pfeffer, gemahlen",SPI-00-139334-5,SPI,0.3,grams,REC-013827-4-002,"NATURALLY_GLUTEN_FREE,NATURALLY_LACTOSE_FREE,SUITABLE_FOR_COELIACS,SUITABLE_FOR_LACTOSE_INTOLERANCE,VEGAN,VEGETARIAN"
FV0090A - Ratatouille of zucchini and pepper [BNL],"FA-DE Spice, Sea Salt /Gewürze, Meersalz",SPI-00-139378-5,SPI,1.93,grams,REC-013827-4-002,"NATURALLY_GLUTEN_FREE,NATURALLY_LACTOSE_FREE,SUITABLE_FOR_COELIACS,SUITABLE_FOR_LACTOSE_INTOLERANCE,VEGAN,VEGETARIAN"
FV0090A - Ratatouille of zucchini and pepper [BNL],FA-DE Sunflower Seeds /Sonnenblumenkerne,DRY-00-139172-5,DRY,8.99,grams,REC-013827-4-002,"VEGAN,VEGETARIAN"
FV0090A - Ratatouille of zucchini and pepper [BNL],FA-DE Tomato Paste /Tomatenmark,PRO-00-139292-5,PRO,15.03,grams,REC-013827-4-002,"FISH_FREE,NATURALLY_GLUTEN_FREE,NATURALLY_LACTOSE_FREE,PORK_FREE,SUITABLE_FOR_COELIACS,SUITABLE_FOR_LACTOSE_INTOLERANCE,VEGAN,VEGETARIAN"
FV0090A - Ratatouille of zucchini and pepper [BNL],"FA-DE Tomatoes, Diced, BiB/Tomaten, gewürfelt, BiB",PRO-00-139295-5,PRO,76.56,grams,REC-013827-4-002,"VEGAN,VEGETARIAN"
FV0090A - Ratatouille of zucchini and pepper [BNL],"FA-DE Zucchini, Diced 10mm /Zucchini, gewürfelt 10 mm",PHF-00-139229-3,PHF,79.36,grams,REC-013827-4-002,"FISH_FREE,PORK_FREE,VEGAN,VEGETARIAN"
FV0090A - Ratatouille of zucchini and pepper [DE],"FA-DE Basil, Fresh /Basilikum, frisch",PHF-00-139175-3,PHF,4.43,grams,REC-013827-4-004,"FISH_FREE,NATURALLY_LACTOSE_FREE,PORK_FREE,SUITABLE_FOR_LACTOSE_INTOLERANCE,VEGAN,VEGETARIAN"
FV0090A - Ratatouille of zucchini and pepper [DE],"FA-DE Bell Peppers, Red, Diced 10mm /Paprika, rot, gewürfelt 10 mm",PHF-00-139179-3,PHF,45.26,grams,REC-013827-4-004,"VEGAN,VEGETARIAN"
FV0090A - Ratatouille of zucchini and pepper [DE],"FA-DE Butter, Unsalted /Butter, ungesalzen",DAI-00-139146-3,DAI,4.83,grams,REC-013827-4-004,VEGETARIAN
FV0090A - Ratatouille of zucchini and pepper [DE],"FA-DE Cheese, Parmesan, Grated /Käse, Parmesan, gerieben",DAI-00-139127-3,DAI,5.79,grams,REC-013827-4-004,
FV0090A - Ratatouille of zucchini and pepper [DE],"FA-DE Chives, Dried /Schnittlauch, getrocknet",SPI-00-139322-5,SPI,0.14,grams,REC-013827-4-004,"FISH_FREE,NATURALLY_GLUTEN_FREE,NATURALLY_LACTOSE_FREE,PORK_FREE,SUITABLE_FOR_COELIACS,SUITABLE_FOR_LACTOSE_INTOLERANCE,VEGAN,VEGETARIAN"
FV0090A - Ratatouille of zucchini and pepper [DE],"FA-DE Fennel, Diced 10mm /Fenchel, gewürfelt 10 mm",PHF-00-139196-3,PHF,11.35,grams,REC-013827-4-004,"FISH_FREE,NATURALLY_LACTOSE_FREE,PORK_FREE,SUITABLE_FOR_LACTOSE_INTOLERANCE,VEGAN,VEGETARIAN"
FV0090A - Ratatouille of zucchini and pepper [DE],"FA-DE Garlic, IQF, Diced 4 mm /Knoblauch, IQF, gewürfelt 4 mm",PHF-00-139237-1,PHF,7.13,grams,REC-013827-4-004,"FISH_FREE,NATURALLY_GLUTEN_FREE,NATURALLY_LACTOSE_FREE,PORK_FREE,SUITABLE_FOR_COELIACS,SUITABLE_FOR_LACTOSE_INTOLERANCE,VEGAN,VEGETARIAN"
FV0090A - Ratatouille of zucchini and pepper [DE],"FA-DE Garlic, Peeled, Whole Cloves [10kg] /Knoblauch, geschält, ganze Nelken [10kg]",PHF-00-139197-3,PHF,7.68,grams,REC-013827-4-004,"SUITABLE_FOR_COELIACS,SUITABLE_FOR_LACTOSE_INTOLERANCE,VEGAN,VEGETARIAN"
FV0090A - Ratatouille of zucchini and pepper [DE],"FA-DE Grits, Cereal Hot, Quick /Grütze, Müsli, heiß, schnell",PRO-00-139264-5,PRO,25.18,grams,REC-013827-4-004,"VEGAN,VEGETARIAN"
FV0090A - Ratatouille of zucchini and pepper [DE],FA-DE Honey /Honig – Masse,PRO-00-139266-5,PRO,0.57,grams,REC-013827-4-004,"SUITABLE_FOR_LACTOSE_INTOLERANCE,VEGAN,VEGETARIAN"
FV0090A - Ratatouille of zucchini and pepper [DE],FA-DE Mascarpone /Mascarpone,DAI-00-139143-3,DAI,9.66,grams,REC-013827-4-004,VEGETARIAN
FV0090A - Ratatouille of zucchini and pepper [DE],"FA-DE Milk, Semi-Skimmed /Milch, teilentrahmt",DAI-00-139139-3,DAI,115.86,grams,REC-013827-4-004,
FV0090A - Ratatouille of zucchini and pepper [DE],"FA-DE Oil, Olive /Öl, Olivenöl",PRO-00-139277-5,PRO,6.13,grams,REC-013827-4-004,"VEGAN,VEGETARIAN"
FV0090A - Ratatouille of zucchini and pepper [DE],"FA-DE Onion, Red, Diced 10mm/Zwiebeln, rot, gewürfelt, 10 mm",PHF-00-139216-3,PHF,24.18,grams,REC-013827-4-004,"FISH_FREE,PORK_FREE,VEGAN,VEGETARIAN"
FV0090A - Ratatouille of zucchini and pepper [DE],"FA-DE Onion, Spanish, Diced 10mm /Zwiebel, Spanisch, gewürfelt 10 mm",PHF-00-139209-3,PHF,24.18,grams,REC-013827-4-004,"FISH_FREE,PORK_FREE,VEGAN,VEGETARIAN"
FV0090A - Ratatouille of zucchini and pepper [DE],"FA-DE Parsley, Chopped /Petersilie, gehackt",PHF-00-139215-3,PHF,2.48,grams,REC-013827-4-004,"FISH_FREE,NATURALLY_LACTOSE_FREE,PORK_FREE,SUITABLE_FOR_LACTOSE_INTOLERANCE,VEGAN,VEGETARIAN"
FV0090A - Ratatouille of zucchini and pepper [DE],"FA-DE Rosemary, IQF /Rosmarin, IQF",PHF-00-139243-1,PHF,0.31,grams,REC-013827-4-004,"SUITABLE_FOR_COELIACS,SUITABLE_FOR_LACTOSE_INTOLERANCE,VEGAN,VEGETARIAN"
FV0090A - Ratatouille of zucchini and pepper [DE],"FA-DE Spice, Black Pepper, Ground /Gewürz, schwarzer Pfeffer, gemahlen",SPI-00-139334-5,SPI,0.3,grams,REC-013827-4-004,"NATURALLY_GLUTEN_FREE,NATURALLY_LACTOSE_FREE,SUITABLE_FOR_COELIACS,SUITABLE_FOR_LACTOSE_INTOLERANCE,VEGAN,VEGETARIAN"
FV0090A - Ratatouille of zucchini and pepper [DE],"FA-DE Spice, Sea Salt /Gewürze, Meersalz",SPI-00-139378-5,SPI,1.93,grams,REC-013827-4-004,"NATURALLY_GLUTEN_FREE,NATURALLY_LACTOSE_FREE,SUITABLE_FOR_COELIACS,SUITABLE_FOR_LACTOSE_INTOLERANCE,VEGAN,VEGETARIAN"
FV0090A - Ratatouille of zucchini and pepper [DE],FA-DE Sunflower Seeds /Sonnenblumenkerne,DRY-00-139172-5,DRY,8.99,grams,REC-013827-4-004,"VEGAN,VEGETARIAN"
FV0090A - Ratatouille of zucchini and pepper [DE],FA-DE Tomato Paste /Tomatenmark,PRO-00-139292-5,PRO,15.03,grams,REC-013827-4-004,"FISH_FREE,NATURALLY_GLUTEN_FREE,NATURALLY_LACTOSE_FREE,PORK_FREE,SUITABLE_FOR_COELIACS,SUITABLE_FOR_LACTOSE_INTOLERANCE,VEGAN,VEGETARIAN"
FV0090A - Ratatouille of zucchini and pepper [DE],"FA-DE Tomatoes, Diced, BiB/Tomaten, gewürfelt, BiB",PRO-00-139295-5,PRO,76.56,grams,REC-013827-4-004,"VEGAN,VEGETARIAN"
FV0090A - Ratatouille of zucchini and pepper [DE],"FA-DE Zucchini, Diced 10mm /Zucchini, gewürfelt 10 mm",PHF-00-139229-3,PHF,79.36,grams,REC-013827-4-004,"FISH_FREE,PORK_FREE,VEGAN,VEGETARIAN"
FV0090A - Ratatouille of zucchini and pepper [DKSE],"FA-DE Basil, Fresh /Basilikum, frisch",PHF-00-139175-3,PHF,4.43,grams,REC-013827-4-003,"FISH_FREE,NATURALLY_LACTOSE_FREE,PORK_FREE,SUITABLE_FOR_LACTOSE_INTOLERANCE,VEGAN,VEGETARIAN"
FV0090A - Ratatouille of zucchini and pepper [DKSE],"FA-DE Bell Peppers, Red, Diced 10mm /Paprika, rot, gewürfelt 10 mm",PHF-00-139179-3,PHF,45.26,grams,REC-013827-4-003,"VEGAN,VEGETARIAN"
FV0090A - Ratatouille of zucchini and pepper [DKSE],"FA-DE Butter, Unsalted /Butter, ungesalzen",DAI-00-139146-3,DAI,4.83,grams,REC-013827-4-003,VEGETARIAN
FV0090A - Ratatouille of zucchini and pepper [DKSE],"FA-DE Cheese, Parmesan, Grated /Käse, Parmesan, gerieben",DAI-00-139127-3,DAI,5.79,grams,REC-013827-4-003,
FV0090A - Ratatouille of zucchini and pepper [DKSE],"FA-DE Chives, Dried /Schnittlauch, getrocknet",SPI-00-139322-5,SPI,0.14,grams,REC-013827-4-003,"FISH_FREE,NATURALLY_GLUTEN_FREE,NATURALLY_LACTOSE_FREE,PORK_FREE,SUITABLE_FOR_COELIACS,SUITABLE_FOR_LACTOSE_INTOLERANCE,VEGAN,VEGETARIAN"
FV0090A - Ratatouille of zucchini and pepper [DKSE],"FA-DE Fennel, Diced 10mm /Fenchel, gewürfelt 10 mm",PHF-00-139196-3,PHF,11.35,grams,REC-013827-4-003,"FISH_FREE,NATURALLY_LACTOSE_FREE,PORK_FREE,SUITABLE_FOR_LACTOSE_INTOLERANCE,VEGAN,VEGETARIAN"
FV0090A - Ratatouille of zucchini and pepper [DKSE],"FA-DE Garlic, IQF, Diced 4 mm /Knoblauch, IQF, gewürfelt 4 mm",PHF-00-139237-1,PHF,7.13,grams,REC-013827-4-003,"FISH_FREE,NATURALLY_GLUTEN_FREE,NATURALLY_LACTOSE_FREE,PORK_FREE,SUITABLE_FOR_COELIACS,SUITABLE_FOR_LACTOSE_INTOLERANCE,VEGAN,VEGETARIAN"
FV0090A - Ratatouille of zucchini and pepper [DKSE],"FA-DE Garlic, Peeled, Whole Cloves [10kg] /Knoblauch, geschält, ganze Nelken [10kg]",PHF-00-139197-3,PHF,7.68,grams,REC-013827-4-003,"SUITABLE_FOR_COELIACS,SUITABLE_FOR_LACTOSE_INTOLERANCE,VEGAN,VEGETARIAN"
FV0090A - Ratatouille of zucchini and pepper [DKSE],"FA-DE Grits, Cereal Hot, Quick /Grütze, Müsli, heiß, schnell",PRO-00-139264-5,PRO,25.18,grams,REC-013827-4-003,"VEGAN,VEGETARIAN"
FV0090A - Ratatouille of zucchini and pepper [DKSE],FA-DE Honey /Honig – Masse,PRO-00-139266-5,PRO,0.57,grams,REC-013827-4-003,"SUITABLE_FOR_LACTOSE_INTOLERANCE,VEGAN,VEGETARIAN"
FV0090A - Ratatouille of zucchini and pepper [DKSE],FA-DE Mascarpone /Mascarpone,DAI-00-139143-3,DAI,9.66,grams,REC-013827-4-003,VEGETARIAN
FV0090A - Ratatouille of zucchini and pepper [DKSE],"FA-DE Milk, Semi-Skimmed /Milch, teilentrahmt",DAI-00-139139-3,DAI,115.86,grams,REC-013827-4-003,
FV0090A - Ratatouille of zucchini and pepper [DKSE],"FA-DE Oil, Olive /Öl, Olivenöl",PRO-00-139277-5,PRO,6.13,grams,REC-013827-4-003,"VEGAN,VEGETARIAN"
FV0090A - Ratatouille of zucchini and pepper [DKSE],"FA-DE Onion, Red, Diced 10mm/Zwiebeln, rot, gewürfelt, 10 mm",PHF-00-139216-3,PHF,24.18,grams,REC-013827-4-003,"FISH_FREE,PORK_FREE,VEGAN,VEGETARIAN"
FV0090A - Ratatouille of zucchini and pepper [DKSE],"FA-DE Onion, Spanish, Diced 10mm /Zwiebel, Spanisch, gewürfelt 10 mm",PHF-00-139209-3,PHF,24.18,grams,REC-013827-4-003,"FISH_FREE,PORK_FREE,VEGAN,VEGETARIAN"
FV0090A - Ratatouille of zucchini and pepper [DKSE],"FA-DE Parsley, Chopped /Petersilie, gehackt",PHF-00-139215-3,PHF,2.48,grams,REC-013827-4-003,"FISH_FREE,NATURALLY_LACTOSE_FREE,PORK_FREE,SUITABLE_FOR_LACTOSE_INTOLERANCE,VEGAN,VEGETARIAN"
FV0090A - Ratatouille of zucchini and pepper [DKSE],"FA-DE Rosemary, IQF /Rosmarin, IQF",PHF-00-139243-1,PHF,0.31,grams,REC-013827-4-003,"SUITABLE_FOR_COELIACS,SUITABLE_FOR_LACTOSE_INTOLERANCE,VEGAN,VEGETARIAN"
FV0090A - Ratatouille of zucchini and pepper [DKSE],"FA-DE Spice, Black Pepper, Ground /Gewürz, schwarzer Pfeffer, gemahlen",SPI-00-139334-5,SPI,0.3,grams,REC-013827-4-003,"NATURALLY_GLUTEN_FREE,NATURALLY_LACTOSE_FREE,SUITABLE_FOR_COELIACS,SUITABLE_FOR_LACTOSE_INTOLERANCE,VEGAN,VEGETARIAN"
FV0090A - Ratatouille of zucchini and pepper [DKSE],"FA-DE Spice, Sea Salt /Gewürze, Meersalz",SPI-00-139378-5,SPI,1.93,grams,REC-013827-4-003,"NATURALLY_GLUTEN_FREE,NATURALLY_LACTOSE_FREE,SUITABLE_FOR_COELIACS,SUITABLE_FOR_LACTOSE_INTOLERANCE,VEGAN,VEGETARIAN"
FV0090A - Ratatouille of zucchini and pepper [DKSE],FA-DE Sunflower Seeds /Sonnenblumenkerne,DRY-00-139172-5,DRY,8.99,grams,REC-013827-4-003,"VEGAN,VEGETARIAN"
FV0090A - Ratatouille of zucchini and pepper [DKSE],FA-DE Tomato Paste /Tomatenmark,PRO-00-139292-5,PRO,15.03,grams,REC-013827-4-003,"FISH_FREE,NATURALLY_GLUTEN_FREE,NATURALLY_LACTOSE_FREE,PORK_FREE,SUITABLE_FOR_COELIACS,SUITABLE_FOR_LACTOSE_INTOLERANCE,VEGAN,VEGETARIAN"
FV0090A - Ratatouille of zucchini and pepper [DKSE],"FA-DE Tomatoes, Diced, BiB/Tomaten, gewürfelt, BiB",PRO-00-139295-5,PRO,76.56,grams,REC-013827-4-003,"VEGAN,VEGETARIAN"
FV0090A - Ratatouille of zucchini and pepper [DKSE],"FA-DE Zucchini, Diced 10mm /Zucchini, gewürfelt 10 mm",PHF-00-139229-3,PHF,79.36,grams,REC-013827-4-003,"FISH_FREE,PORK_FREE,VEGAN,VEGETARIAN"
FV0131A - Black bean bowl and enchilada sauce [BNL],"FA-DE Beans, Black, Low Sodium, Aseptic /Bohnen, schwarz, natriumarm, aseptisch",PRO-00-139255-5,PRO,49.61,grams,REC-013918-4-003,"NATURALLY_GLUTEN_FREE,NATURALLY_LACTOSE_FREE,SUITABLE_FOR_COELIACS,SUITABLE_FOR_LACTOSE_INTOLERANCE,VEGAN,VEGETARIAN"
FV0131A - Black bean bowl and enchilada sauce [BNL],"FA-DE Bell Peppers, Green, Diced 10mm /Paprika, grün, gewürfelt 10 mm",PHF-00-139176-3,PHF,16.13,grams,REC-013918-4-003,"FISH_FREE,PORK_FREE,VEGAN,VEGETARIAN"
FV0131A - Black bean bowl and enchilada sauce [BNL],"FA-DE Bell Peppers, Red, Diced 10mm /Paprika, rot, gewürfelt 10 mm",PHF-00-139179-3,PHF,5.3,grams,REC-013918-4-003,"VEGAN,VEGETARIAN"
FV0131A - Black bean bowl and enchilada sauce [BNL],"FA-DE Cheese, White Cheddar, Shredded /Käse, weißer Cheddar, gerieben",DAI-00-139135-3,DAI,20,grams,REC-013918-4-003,VEGETARIAN
FV0131A - Black bean bowl and enchilada sauce [BNL],"FA-DE Coriander, Chopped /Koriander, gehackt",PHF-00-139192-3,PHF,6.83,grams,REC-013918-4-003,"VEGAN,VEGETARIAN"
FV0131A - Black bean bowl and enchilada sauce [BNL],"FA-DE Garlic, IQF, Diced 4 mm /Knoblauch, IQF, gewürfelt 4 mm",PHF-00-139237-1,PHF,17.07,grams,REC-013918-4-003,"FISH_FREE,NATURALLY_GLUTEN_FREE,NATURALLY_LACTOSE_FREE,PORK_FREE,SUITABLE_FOR_COELIACS,SUITABLE_FOR_LACTOSE_INTOLERANCE,VEGAN,VEGETARIAN"
FV0131A - Black bean bowl and enchilada sauce [BNL],"FA-DE Jalapeno Peppers, Diced 5mm /Jalapeno-Paprikaschoten, gewürfelt, 5 mm",PHF-00-139201-3,PHF,53.02,grams,REC-013918-4-003,"VEGAN,VEGETARIAN"
FV0131A - Black bean bowl and enchilada sauce [BNL],"FA-DE Juice, Lime /Saft, Limette",PRO-00-139268-5,PRO,4.11,grams,REC-013918-4-003,"FISH_FREE,NATURALLY_LACTOSE_FREE,PORK_FREE,SUITABLE_FOR_LACTOSE_INTOLERANCE,VEGAN,VEGETARIAN"
FV0131A - Black bean bowl and enchilada sauce [BNL],"FA-DE Oil, Olive /Öl, Olivenöl",PRO-00-139277-5,PRO,13.34,grams,REC-013918-4-003,"VEGAN,VEGETARIAN"
FV0131A - Black bean bowl and enchilada sauce [BNL],"FA-DE Onion, Green, Sliced 5mm /Zwiebel, grün, in Scheiben geschnitten, 5 mm",PHF-00-149803-3,PHF,11.2,grams,REC-013918-4-003,"FISH_FREE,PORK_FREE,VEGAN,VEGETARIAN"
FV0131A - Black bean bowl and enchilada sauce [BNL],"FA-DE Onion, Red, Diced 5mm /Zwiebeln, rot, gewürfelt 5 mm",PHF-00-139213-3,PHF,10.27,grams,REC-013918-4-003,"FISH_FREE,PORK_FREE,VEGAN,VEGETARIAN"
FV0131A - Black bean bowl and enchilada sauce [BNL],"FA-DE Onion, Spanish, Diced 5mm /Zwiebel, Spanisch, gewürfelt 5 mm",PHF-00-139212-3,PHF,22.84,grams,REC-013918-4-003,"FISH_FREE,NATURALLY_GLUTEN_FREE,NATURALLY_LACTOSE_FREE,PORK_FREE,SUITABLE_FOR_COELIACS,SUITABLE_FOR_LACTOSE_INTOLERANCE,VEGAN,VEGETARIAN"
FV0131A - Black bean bowl and enchilada sauce [BNL],"FA-DE Rice, Basmati, Brown /Reis, Basmati, braun",DRY-00-139168-5,DRY,22.37,grams,REC-013918-4-003,
FV0131A - Black bean bowl and enchilada sauce [BNL],"FA-DE Spice, Ancho Chili Powder /Gewürz, Ancho-Chili-Pulver",SPI-00-139329-5,SPI,0.81,grams,REC-013918-4-003,"FISH_FREE,NATURALLY_GLUTEN_FREE,NATURALLY_LACTOSE_FREE,PORK_FREE,SUITABLE_FOR_COELIACS,SUITABLE_FOR_LACTOSE_INTOLERANCE,VEGAN,VEGETARIAN"
FV0131A - Black bean bowl and enchilada sauce [BNL],"FA-DE Spice, Black Pepper, Ground /Gewürz, schwarzer Pfeffer, gemahlen",SPI-00-139334-5,SPI,0.14,grams,REC-013918-4-003,"NATURALLY_GLUTEN_FREE,NATURALLY_LACTOSE_FREE,SUITABLE_FOR_COELIACS,SUITABLE_FOR_LACTOSE_INTOLERANCE,VEGAN,VEGETARIAN"
FV0131A - Black bean bowl and enchilada sauce [BNL],"FA-DE Spice, Brown Chipotle Chile Powder /Gewürz, braunes Chipotle-Chili-Pulver",SPI-00-139335-5,SPI,0.24,grams,REC-013918-4-003,"FISH_FREE,NATURALLY_GLUTEN_FREE,NATURALLY_LACTOSE_FREE,PORK_FREE,SUITABLE_FOR_COELIACS,SUITABLE_FOR_LACTOSE_INTOLERANCE,VEGAN,VEGETARIAN"
FV0131A - Black bean bowl and enchilada sauce [BNL],"FA-DE Spice, Chili Powder /Gewürz, Chilipulver",SPI-00-139340-5,SPI,0.79,grams,REC-013918-4-003,"NATURALLY_GLUTEN_FREE,NATURALLY_LACTOSE_FREE,SUITABLE_FOR_COELIACS,SUITABLE_FOR_LACTOSE_INTOLERANCE,VEGAN,VEGETARIAN"
FV0131A - Black bean bowl and enchilada sauce [BNL],"FA-DE Spice, Coriander Ground /Gewürz, gemahlener Koriander",SPI-00-139386-5,SPI,0.14,grams,REC-013918-4-003,"NATURALLY_GLUTEN_FREE,NATURALLY_LACTOSE_FREE,SUITABLE_FOR_COELIACS,SUITABLE_FOR_LACTOSE_INTOLERANCE,VEGAN,VEGETARIAN"
FV0131A - Black bean bowl and enchilada sauce [BNL],"FA-DE Spice, Cumin Ground /Gewürz, gemahlener Kreuzkümmel",SPI-00-139345-5,SPI,1.1,grams,REC-013918-4-003,"FISH_FREE,NATURALLY_GLUTEN_FREE,NATURALLY_LACTOSE_FREE,PORK_FREE,SUITABLE_FOR_COELIACS,SUITABLE_FOR_LACTOSE_INTOLERANCE,VEGAN,VEGETARIAN"
FV0131A - Black bean bowl and enchilada sauce [BNL],"FA-DE Spice, Garlic Granulated /Gewürz, Knoblauch granuliert",SPI-00-139353-5,SPI,0.63,grams,REC-013918-4-003,"FISH_FREE,NATURALLY_LACTOSE_FREE,PORK_FREE,SUITABLE_FOR_COELIACS,SUITABLE_FOR_LACTOSE_INTOLERANCE,VEGAN,VEGETARIAN"
FV0131A - Black bean bowl and enchilada sauce [BNL],"FA-DE Spice, Garlic Powder, Toasted /Gewürz, Knoblauchpulver, geröstet",SPI-00-139354-5,SPI,0.11,grams,REC-013918-4-003,"FISH_FREE,NATURALLY_GLUTEN_FREE,NATURALLY_LACTOSE_FREE,PORK_FREE,SUITABLE_FOR_COELIACS,SUITABLE_FOR_LACTOSE_INTOLERANCE,VEGAN,VEGETARIAN"
FV0131A - Black bean bowl and enchilada sauce [BNL],"FA-DE Spice, Guajillo Peppers, Ground /Gewürze, Guajillo-Paprikaschoten, gemahlen",SPI-00-139358-5,SPI,0.81,grams,REC-013918-4-003,"NATURALLY_GLUTEN_FREE,NATURALLY_LACTOSE_FREE,SUITABLE_FOR_COELIACS,SUITABLE_FOR_LACTOSE_INTOLERANCE,VEGAN,VEGETARIAN"
FV0131A - Black bean bowl and enchilada sauce [BNL],"FA-DE Spice, Onion Granulated /Gewürze, Zwiebeln granuliert",SPI-00-139370-5,SPI,0.17,grams,REC-013918-4-003,"NATURALLY_GLUTEN_FREE,NATURALLY_LACTOSE_FREE,SUITABLE_FOR_COELIACS,SUITABLE_FOR_LACTOSE_INTOLERANCE,VEGAN,VEGETARIAN"
FV0131A - Black bean bowl and enchilada sauce [BNL],"FA-DE Spice, Oregano Dry /Gewürz, Oregano trocken",SPI-00-139372-5,SPI,0.15,grams,REC-013918-4-003,"FISH_FREE,NATURALLY_GLUTEN_FREE,NATURALLY_LACTOSE_FREE,PORK_FREE,SUITABLE_FOR_COELIACS,SUITABLE_FOR_LACTOSE_INTOLERANCE,VEGAN,VEGETARIAN"
FV0131A - Black bean bowl and enchilada sauce [BNL],"FA-DE Spice, Paprika /Gewürze, Paprika",SPI-00-139373-5,SPI,0.11,grams,REC-013918-4-003,"FISH_FREE,NATURALLY_GLUTEN_FREE,NATURALLY_LACTOSE_FREE,PORK_FREE,SUITABLE_FOR_COELIACS,SUITABLE_FOR_LACTOSE_INTOLERANCE,VEGAN,VEGETARIAN"
FV0131A - Black bean bowl and enchilada sauce [BNL],"FA-DE Spice, Sea Salt /Gewürze, Meersalz",SPI-00-139378-5,SPI,1.04,grams,REC-013918-4-003,"NATURALLY_GLUTEN_FREE,NATURALLY_LACTOSE_FREE,SUITABLE_FOR_COELIACS,SUITABLE_FOR_LACTOSE_INTOLERANCE,VEGAN,VEGETARIAN"
FV0131A - Black bean bowl and enchilada sauce [BNL],"FA-DE Spice, Smoked Paprika /Gewürz, geräucherter Paprika",SPI-00-139383-5,SPI,0.15,grams,REC-013918-4-003,"VEGAN,VEGETARIAN"
FV0131A - Black bean bowl and enchilada sauce [BNL],"FA-DE Stock Concentrate, Mirepoix /Stammkonzentrat, Mirepoix",PRO-00-139287-5,PRO,0.57,grams,REC-013918-4-003,"VEGAN,VEGETARIAN"
FV0131A - Black bean bowl and enchilada sauce [BNL],"FA-DE Sweetcorn Supersweet Kernels, IQF /Zuckermais-Supersüßkörner, IQF",PHF-00-139236-1,PHF,33.49,grams,REC-013918-4-003,"FISH_FREE,NATURALLY_GLUTEN_FREE,NATURALLY_LACTOSE_FREE,PORK_FREE,SUITABLE_FOR_COELIACS,SUITABLE_FOR_LACTOSE_INTOLERANCE,VEGAN,VEGETARIAN"
FV0131A - Black bean bowl and enchilada sauce [BNL],FA-DE Tomato Paste /Tomatenmark,PRO-00-139292-5,PRO,13.91,grams,REC-013918-4-003,"FISH_FREE,NATURALLY_GLUTEN_FREE,NATURALLY_LACTOSE_FREE,PORK_FREE,SUITABLE_FOR_COELIACS,SUITABLE_FOR_LACTOSE_INTOLERANCE,VEGAN,VEGETARIAN"
FV0131A - Black bean bowl and enchilada sauce [BNL],"FA-DE Tomatoes, Concentrated Crushed /Tomaten, konzentriert, zerkleinert",PRO-00-139293-5,PRO,7.46,grams,REC-013918-4-003,"FISH_FREE,NATURALLY_GLUTEN_FREE,NATURALLY_LACTOSE_FREE,PORK_FREE,SUITABLE_FOR_COELIACS,SUITABLE_FOR_LACTOSE_INTOLERANCE,VEGAN,VEGETARIAN"
FV0131A - Black bean bowl and enchilada sauce [BNL],"FA-DE Vinegar, Apple Cider /Essig, Apfelwein",PRO-00-139299-5,PRO,4.09,grams,REC-013918-4-003,"FISH_FREE,NATURALLY_GLUTEN_FREE,NATURALLY_LACTOSE_FREE,PORK_FREE,SUITABLE_FOR_COELIACS,SUITABLE_FOR_LACTOSE_INTOLERANCE,VEGAN,VEGETARIAN"
FV0131A - Black bean bowl and enchilada sauce [BNL],FA-DE Water / Wasser,OTH-00-144038-5,OTH,59.41,grams,REC-013918-4-003,
FV0131A - Black bean bowl and enchilada sauce [BNL],"FA-DE Zucchini, Diced 10mm /Zucchini, gewürfelt 10 mm",PHF-00-139229-3,PHF,57.84,grams,REC-013918-4-003,"FISH_FREE,PORK_FREE,VEGAN,VEGETARIAN"
FV0131A - Black bean bowl and enchilada sauce [DE],"FA-DE Beans, Black, Low Sodium, Aseptic /Bohnen, schwarz, natriumarm, aseptisch",PRO-00-139255-5,PRO,49.61,grams,REC-013918-4-004,"NATURALLY_GLUTEN_FREE,NATURALLY_LACTOSE_FREE,SUITABLE_FOR_COELIACS,SUITABLE_FOR_LACTOSE_INTOLERANCE,VEGAN,VEGETARIAN"
FV0131A - Black bean bowl and enchilada sauce [DE],"FA-DE Bell Peppers, Green, Diced 10mm /Paprika, grün, gewürfelt 10 mm",PHF-00-139176-3,PHF,16.13,grams,REC-013918-4-004,"FISH_FREE,PORK_FREE,VEGAN,VEGETARIAN"
FV0131A - Black bean bowl and enchilada sauce [DE],"FA-DE Bell Peppers, Red, Diced 10mm /Paprika, rot, gewürfelt 10 mm",PHF-00-139179-3,PHF,5.3,grams,REC-013918-4-004,"VEGAN,VEGETARIAN"
FV0131A - Black bean bowl and enchilada sauce [DE],"FA-DE Cheese, White Cheddar, Shredded /Käse, weißer Cheddar, gerieben",DAI-00-139135-3,DAI,20,grams,REC-013918-4-004,VEGETARIAN
FV0131A - Black bean bowl and enchilada sauce [DE],"FA-DE Coriander, Chopped /Koriander, gehackt",PHF-00-139192-3,PHF,6.83,grams,REC-013918-4-004,"VEGAN,VEGETARIAN"
FV0131A - Black bean bowl and enchilada sauce [DE],"FA-DE Garlic, IQF, Diced 4 mm /Knoblauch, IQF, gewürfelt 4 mm",PHF-00-139237-1,PHF,17.07,grams,REC-013918-4-004,"FISH_FREE,NATURALLY_GLUTEN_FREE,NATURALLY_LACTOSE_FREE,PORK_FREE,SUITABLE_FOR_COELIACS,SUITABLE_FOR_LACTOSE_INTOLERANCE,VEGAN,VEGETARIAN"
FV0131A - Black bean bowl and enchilada sauce [DE],"FA-DE Jalapeno Peppers, Diced 5mm /Jalapeno-Paprikaschoten, gewürfelt, 5 mm",PHF-00-139201-3,PHF,53.02,grams,REC-013918-4-004,"VEGAN,VEGETARIAN"
FV0131A - Black bean bowl and enchilada sauce [DE],"FA-DE Juice, Lime /Saft, Limette",PRO-00-139268-5,PRO,4.11,grams,REC-013918-4-004,"FISH_FREE,NATURALLY_LACTOSE_FREE,PORK_FREE,SUITABLE_FOR_LACTOSE_INTOLERANCE,VEGAN,VEGETARIAN"
FV0131A - Black bean bowl and enchilada sauce [DE],"FA-DE Oil, Olive /Öl, Olivenöl",PRO-00-139277-5,PRO,13.34,grams,REC-013918-4-004,"VEGAN,VEGETARIAN"
FV0131A - Black bean bowl and enchilada sauce [DE],"FA-DE Onion, Green, Sliced 5mm /Zwiebel, grün, in Scheiben geschnitten, 5 mm",PHF-00-149803-3,PHF,11.2,grams,REC-013918-4-004,"FISH_FREE,PORK_FREE,VEGAN,VEGETARIAN"
FV0131A - Black bean bowl and enchilada sauce [DE],"FA-DE Onion, Red, Diced 5mm /Zwiebeln, rot, gewürfelt 5 mm",PHF-00-139213-3,PHF,10.27,grams,REC-013918-4-004,"FISH_FREE,PORK_FREE,VEGAN,VEGETARIAN"
FV0131A - Black bean bowl and enchilada sauce [DE],"FA-DE Onion, Spanish, Diced 5mm /Zwiebel, Spanisch, gewürfelt 5 mm",PHF-00-139212-3,PHF,22.84,grams,REC-013918-4-004,"FISH_FREE,NATURALLY_GLUTEN_FREE,NATURALLY_LACTOSE_FREE,PORK_FREE,SUITABLE_FOR_COELIACS,SUITABLE_FOR_LACTOSE_INTOLERANCE,VEGAN,VEGETARIAN"
FV0131A - Black bean bowl and enchilada sauce [DE],"FA-DE Rice, Basmati, Brown /Reis, Basmati, braun",DRY-00-139168-5,DRY,22.37,grams,REC-013918-4-004,
FV0131A - Black bean bowl and enchilada sauce [DE],"FA-DE Spice, Ancho Chili Powder /Gewürz, Ancho-Chili-Pulver",SPI-00-139329-5,SPI,0.81,grams,REC-013918-4-004,"FISH_FREE,NATURALLY_GLUTEN_FREE,NATURALLY_LACTOSE_FREE,PORK_FREE,SUITABLE_FOR_COELIACS,SUITABLE_FOR_LACTOSE_INTOLERANCE,VEGAN,VEGETARIAN"
FV0131A - Black bean bowl and enchilada sauce [DE],"FA-DE Spice, Black Pepper, Ground /Gewürz, schwarzer Pfeffer, gemahlen",SPI-00-139334-5,SPI,0.14,grams,REC-013918-4-004,"NATURALLY_GLUTEN_FREE,NATURALLY_LACTOSE_FREE,SUITABLE_FOR_COELIACS,SUITABLE_FOR_LACTOSE_INTOLERANCE,VEGAN,VEGETARIAN"
FV0131A - Black bean bowl and enchilada sauce [DE],"FA-DE Spice, Brown Chipotle Chile Powder /Gewürz, braunes Chipotle-Chili-Pulver",SPI-00-139335-5,SPI,0.24,grams,REC-013918-4-004,"FISH_FREE,NATURALLY_GLUTEN_FREE,NATURALLY_LACTOSE_FREE,PORK_FREE,SUITABLE_FOR_COELIACS,SUITABLE_FOR_LACTOSE_INTOLERANCE,VEGAN,VEGETARIAN"
FV0131A - Black bean bowl and enchilada sauce [DE],"FA-DE Spice, Chili Powder /Gewürz, Chilipulver",SPI-00-139340-5,SPI,0.79,grams,REC-013918-4-004,"NATURALLY_GLUTEN_FREE,NATURALLY_LACTOSE_FREE,SUITABLE_FOR_COELIACS,SUITABLE_FOR_LACTOSE_INTOLERANCE,VEGAN,VEGETARIAN"
FV0131A - Black bean bowl and enchilada sauce [DE],"FA-DE Spice, Coriander Ground /Gewürz, gemahlener Koriander",SPI-00-139386-5,SPI,0.14,grams,REC-013918-4-004,"NATURALLY_GLUTEN_FREE,NATURALLY_LACTOSE_FREE,SUITABLE_FOR_COELIACS,SUITABLE_FOR_LACTOSE_INTOLERANCE,VEGAN,VEGETARIAN"
FV0131A - Black bean bowl and enchilada sauce [DE],"FA-DE Spice, Cumin Ground /Gewürz, gemahlener Kreuzkümmel",SPI-00-139345-5,SPI,1.1,grams,REC-013918-4-004,"FISH_FREE,NATURALLY_GLUTEN_FREE,NATURALLY_LACTOSE_FREE,PORK_FREE,SUITABLE_FOR_COELIACS,SUITABLE_FOR_LACTOSE_INTOLERANCE,VEGAN,VEGETARIAN"
FV0131A - Black bean bowl and enchilada sauce [DE],"FA-DE Spice, Garlic Granulated /Gewürz, Knoblauch granuliert",SPI-00-139353-5,SPI,0.63,grams,REC-013918-4-004,"FISH_FREE,NATURALLY_LACTOSE_FREE,PORK_FREE,SUITABLE_FOR_COELIACS,SUITABLE_FOR_LACTOSE_INTOLERANCE,VEGAN,VEGETARIAN"
FV0131A - Black bean bowl and enchilada sauce [DE],"FA-DE Spice, Garlic Powder, Toasted /Gewürz, Knoblauchpulver, geröstet",SPI-00-139354-5,SPI,0.11,grams,REC-013918-4-004,"FISH_FREE,NATURALLY_GLUTEN_FREE,NATURALLY_LACTOSE_FREE,PORK_FREE,SUITABLE_FOR_COELIACS,SUITABLE_FOR_LACTOSE_INTOLERANCE,VEGAN,VEGETARIAN"
FV0131A - Black bean bowl and enchilada sauce [DE],"FA-DE Spice, Guajillo Peppers, Ground /Gewürze, Guajillo-Paprikaschoten, gemahlen",SPI-00-139358-5,SPI,0.81,grams,REC-013918-4-004,"NATURALLY_GLUTEN_FREE,NATURALLY_LACTOSE_FREE,SUITABLE_FOR_COELIACS,SUITABLE_FOR_LACTOSE_INTOLERANCE,VEGAN,VEGETARIAN"
FV0131A - Black bean bowl and enchilada sauce [DE],"FA-DE Spice, Onion Granulated /Gewürze, Zwiebeln granuliert",SPI-00-139370-5,SPI,0.17,grams,REC-013918-4-004,"NATURALLY_GLUTEN_FREE,NATURALLY_LACTOSE_FREE,SUITABLE_FOR_COELIACS,SUITABLE_FOR_LACTOSE_INTOLERANCE,VEGAN,VEGETARIAN"
FV0131A - Black bean bowl and enchilada sauce [DE],"FA-DE Spice, Oregano Dry /Gewürz, Oregano trocken",SPI-00-139372-5,SPI,0.15,grams,REC-013918-4-004,"FISH_FREE,NATURALLY_GLUTEN_FREE,NATURALLY_LACTOSE_FREE,PORK_FREE,SUITABLE_FOR_COELIACS,SUITABLE_FOR_LACTOSE_INTOLERANCE,VEGAN,VEGETARIAN"
FV0131A - Black bean bowl and enchilada sauce [DE],"FA-DE Spice, Paprika /Gewürze, Paprika",SPI-00-139373-5,SPI,0.11,grams,REC-013918-4-004,"FISH_FREE,NATURALLY_GLUTEN_FREE,NATURALLY_LACTOSE_FREE,PORK_FREE,SUITABLE_FOR_COELIACS,SUITABLE_FOR_LACTOSE_INTOLERANCE,VEGAN,VEGETARIAN"
FV0131A - Black bean bowl and enchilada sauce [DE],"FA-DE Spice, Sea Salt /Gewürze, Meersalz",SPI-00-139378-5,SPI,1.04,grams,REC-013918-4-004,"NATURALLY_GLUTEN_FREE,NATURALLY_LACTOSE_FREE,SUITABLE_FOR_COELIACS,SUITABLE_FOR_LACTOSE_INTOLERANCE,VEGAN,VEGETARIAN"
FV0131A - Black bean bowl and enchilada sauce [DE],"FA-DE Spice, Smoked Paprika /Gewürz, geräucherter Paprika",SPI-00-139383-5,SPI,0.15,grams,REC-013918-4-004,"VEGAN,VEGETARIAN"
FV0131A - Black bean bowl and enchilada sauce [DE],"FA-DE Stock Concentrate, Mirepoix /Stammkonzentrat, Mirepoix",PRO-00-139287-5,PRO,0.57,grams,REC-013918-4-004,"VEGAN,VEGETARIAN"
FV0131A - Black bean bowl and enchilada sauce [DE],"FA-DE Sweetcorn Supersweet Kernels, IQF /Zuckermais-Supersüßkörner, IQF",PHF-00-139236-1,PHF,33.49,grams,REC-013918-4-004,"FISH_FREE,NATURALLY_GLUTEN_FREE,NATURALLY_LACTOSE_FREE,PORK_FREE,SUITABLE_FOR_COELIACS,SUITABLE_FOR_LACTOSE_INTOLERANCE,VEGAN,VEGETARIAN"
FV0131A - Black bean bowl and enchilada sauce [DE],FA-DE Tomato Paste /Tomatenmark,PRO-00-139292-5,PRO,13.91,grams,REC-013918-4-004,"FISH_FREE,NATURALLY_GLUTEN_FREE,NATURALLY_LACTOSE_FREE,PORK_FREE,SUITABLE_FOR_COELIACS,SUITABLE_FOR_LACTOSE_INTOLERANCE,VEGAN,VEGETARIAN"
FV0131A - Black bean bowl and enchilada sauce [DE],"FA-DE Tomatoes, Concentrated Crushed /Tomaten, konzentriert, zerkleinert",PRO-00-139293-5,PRO,7.46,grams,REC-013918-4-004,"FISH_FREE,NATURALLY_GLUTEN_FREE,NATURALLY_LACTOSE_FREE,PORK_FREE,SUITABLE_FOR_COELIACS,SUITABLE_FOR_LACTOSE_INTOLERANCE,VEGAN,VEGETARIAN"
FV0131A - Black bean bowl and enchilada sauce [DE],"FA-DE Vinegar, Apple Cider /Essig, Apfelwein",PRO-00-139299-5,PRO,4.09,grams,REC-013918-4-004,"FISH_FREE,NATURALLY_GLUTEN_FREE,NATURALLY_LACTOSE_FREE,PORK_FREE,SUITABLE_FOR_COELIACS,SUITABLE_FOR_LACTOSE_INTOLERANCE,VEGAN,VEGETARIAN"
FV0131A - Black bean bowl and enchilada sauce [DE],FA-DE Water / Wasser,OTH-00-144038-5,OTH,59.41,grams,REC-013918-4-004,
FV0131A - Black bean bowl and enchilada sauce [DE],"FA-DE Zucchini, Diced 10mm /Zucchini, gewürfelt 10 mm",PHF-00-139229-3,PHF,57.84,grams,REC-013918-4-004,"FISH_FREE,PORK_FREE,VEGAN,VEGETARIAN"
FV0131A - Black bean bowl and enchilada sauce [DKSE],"FA-DE Beans, Black, Low Sodium, Aseptic /Bohnen, schwarz, natriumarm, aseptisch",PRO-00-139255-5,PRO,49.61,grams,REC-013918-4-005,"NATURALLY_GLUTEN_FREE,NATURALLY_LACTOSE_FREE,SUITABLE_FOR_COELIACS,SUITABLE_FOR_LACTOSE_INTOLERANCE,VEGAN,VEGETARIAN"
FV0131A - Black bean bowl and enchilada sauce [DKSE],"FA-DE Bell Peppers, Green, Diced 10mm /Paprika, grün, gewürfelt 10 mm",PHF-00-139176-3,PHF,16.13,grams,REC-013918-4-005,"FISH_FREE,PORK_FREE,VEGAN,VEGETARIAN"
FV0131A - Black bean bowl and enchilada sauce [DKSE],"FA-DE Bell Peppers, Red, Diced 10mm /Paprika, rot, gewürfelt 10 mm",PHF-00-139179-3,PHF,5.3,grams,REC-013918-4-005,"VEGAN,VEGETARIAN"
FV0131A - Black bean bowl and enchilada sauce [DKSE],"FA-DE Cheese, White Cheddar, Shredded /Käse, weißer Cheddar, gerieben",DAI-00-139135-3,DAI,20,grams,REC-013918-4-005,VEGETARIAN
FV0131A - Black bean bowl and enchilada sauce [DKSE],"FA-DE Coriander, Chopped /Koriander, gehackt",PHF-00-139192-3,PHF,6.83,grams,REC-013918-4-005,"VEGAN,VEGETARIAN"
FV0131A - Black bean bowl and enchilada sauce [DKSE],"FA-DE Garlic, IQF, Diced 4 mm /Knoblauch, IQF, gewürfelt 4 mm",PHF-00-139237-1,PHF,17.07,grams,REC-013918-4-005,"FISH_FREE,NATURALLY_GLUTEN_FREE,NATURALLY_LACTOSE_FREE,PORK_FREE,SUITABLE_FOR_COELIACS,SUITABLE_FOR_LACTOSE_INTOLERANCE,VEGAN,VEGETARIAN"
FV0131A - Black bean bowl and enchilada sauce [DKSE],"FA-DE Jalapeno Peppers, Diced 5mm /Jalapeno-Paprikaschoten, gewürfelt, 5 mm",PHF-00-139201-3,PHF,53.02,grams,REC-013918-4-005,"VEGAN,VEGETARIAN"
FV0131A - Black bean bowl and enchilada sauce [DKSE],"FA-DE Juice, Lime /Saft, Limette",PRO-00-139268-5,PRO,4.11,grams,REC-013918-4-005,"FISH_FREE,NATURALLY_LACTOSE_FREE,PORK_FREE,SUITABLE_FOR_LACTOSE_INTOLERANCE,VEGAN,VEGETARIAN"
FV0131A - Black bean bowl and enchilada sauce [DKSE],"FA-DE Oil, Olive /Öl, Olivenöl",PRO-00-139277-5,PRO,13.34,grams,REC-013918-4-005,"VEGAN,VEGETARIAN"
FV0131A - Black bean bowl and enchilada sauce [DKSE],"FA-DE Onion, Green, Sliced 5mm /Zwiebel, grün, in Scheiben geschnitten, 5 mm",PHF-00-149803-3,PHF,11.2,grams,REC-013918-4-005,"FISH_FREE,PORK_FREE,VEGAN,VEGETARIAN"
FV0131A - Black bean bowl and enchilada sauce [DKSE],"FA-DE Onion, Red, Diced 5mm /Zwiebeln, rot, gewürfelt 5 mm",PHF-00-139213-3,PHF,10.27,grams,REC-013918-4-005,"FISH_FREE,PORK_FREE,VEGAN,VEGETARIAN"
FV0131A - Black bean bowl and enchilada sauce [DKSE],"FA-DE Onion, Spanish, Diced 5mm /Zwiebel, Spanisch, gewürfelt 5 mm",PHF-00-139212-3,PHF,22.84,grams,REC-013918-4-005,"FISH_FREE,NATURALLY_GLUTEN_FREE,NATURALLY_LACTOSE_FREE,PORK_FREE,SUITABLE_FOR_COELIACS,SUITABLE_FOR_LACTOSE_INTOLERANCE,VEGAN,VEGETARIAN"
FV0131A - Black bean bowl and enchilada sauce [DKSE],"FA-DE Rice, Basmati, Brown /Reis, Basmati, braun",DRY-00-139168-5,DRY,22.37,grams,REC-013918-4-005,
FV0131A - Black bean bowl and enchilada sauce [DKSE],"FA-DE Spice, Ancho Chili Powder /Gewürz, Ancho-Chili-Pulver",SPI-00-139329-5,SPI,0.81,grams,REC-013918-4-005,"FISH_FREE,NATURALLY_GLUTEN_FREE,NATURALLY_LACTOSE_FREE,PORK_FREE,SUITABLE_FOR_COELIACS,SUITABLE_FOR_LACTOSE_INTOLERANCE,VEGAN,VEGETARIAN"
FV0131A - Black bean bowl and enchilada sauce [DKSE],"FA-DE Spice, Black Pepper, Ground /Gewürz, schwarzer Pfeffer, gemahlen",SPI-00-139334-5,SPI,0.14,grams,REC-013918-4-005,"NATURALLY_GLUTEN_FREE,NATURALLY_LACTOSE_FREE,SUITABLE_FOR_COELIACS,SUITABLE_FOR_LACTOSE_INTOLERANCE,VEGAN,VEGETARIAN"
FV0131A - Black bean bowl and enchilada sauce [DKSE],"FA-DE Spice, Brown Chipotle Chile Powder /Gewürz, braunes Chipotle-Chili-Pulver",SPI-00-139335-5,SPI,0.24,grams,REC-013918-4-005,"FISH_FREE,NATURALLY_GLUTEN_FREE,NATURALLY_LACTOSE_FREE,PORK_FREE,SUITABLE_FOR_COELIACS,SUITABLE_FOR_LACTOSE_INTOLERANCE,VEGAN,VEGETARIAN"
FV0131A - Black bean bowl and enchilada sauce [DKSE],"FA-DE Spice, Chili Powder /Gewürz, Chilipulver",SPI-00-139340-5,SPI,0.79,grams,REC-013918-4-005,"NATURALLY_GLUTEN_FREE,NATURALLY_LACTOSE_FREE,SUITABLE_FOR_COELIACS,SUITABLE_FOR_LACTOSE_INTOLERANCE,VEGAN,VEGETARIAN"
FV0131A - Black bean bowl and enchilada sauce [DKSE],"FA-DE Spice, Coriander Ground /Gewürz, gemahlener Koriander",SPI-00-139386-5,SPI,0.14,grams,REC-013918-4-005,"NATURALLY_GLUTEN_FREE,NATURALLY_LACTOSE_FREE,SUITABLE_FOR_COELIACS,SUITABLE_FOR_LACTOSE_INTOLERANCE,VEGAN,VEGETARIAN"
FV0131A - Black bean bowl and enchilada sauce [DKSE],"FA-DE Spice, Cumin Ground /Gewürz, gemahlener Kreuzkümmel",SPI-00-139345-5,SPI,1.1,grams,REC-013918-4-005,"FISH_FREE,NATURALLY_GLUTEN_FREE,NATURALLY_LACTOSE_FREE,PORK_FREE,SUITABLE_FOR_COELIACS,SUITABLE_FOR_LACTOSE_INTOLERANCE,VEGAN,VEGETARIAN"
FV0131A - Black bean bowl and enchilada sauce [DKSE],"FA-DE Spice, Garlic Granulated /Gewürz, Knoblauch granuliert",SPI-00-139353-5,SPI,0.63,grams,REC-013918-4-005,"FISH_FREE,NATURALLY_LACTOSE_FREE,PORK_FREE,SUITABLE_FOR_COELIACS,SUITABLE_FOR_LACTOSE_INTOLERANCE,VEGAN,VEGETARIAN"
FV0131A - Black bean bowl and enchilada sauce [DKSE],"FA-DE Spice, Garlic Powder, Toasted /Gewürz, Knoblauchpulver, geröstet",SPI-00-139354-5,SPI,0.11,grams,REC-013918-4-005,"FISH_FREE,NATURALLY_GLUTEN_FREE,NATURALLY_LACTOSE_FREE,PORK_FREE,SUITABLE_FOR_COELIACS,SUITABLE_FOR_LACTOSE_INTOLERANCE,VEGAN,VEGETARIAN"
FV0131A - Black bean bowl and enchilada sauce [DKSE],"FA-DE Spice, Guajillo Peppers, Ground /Gewürze, Guajillo-Paprikaschoten, gemahlen",SPI-00-139358-5,SPI,0.81,grams,REC-013918-4-005,"NATURALLY_GLUTEN_FREE,NATURALLY_LACTOSE_FREE,SUITABLE_FOR_COELIACS,SUITABLE_FOR_LACTOSE_INTOLERANCE,VEGAN,VEGETARIAN"
FV0131A - Black bean bowl and enchilada sauce [DKSE],"FA-DE Spice, Onion Granulated /Gewürze, Zwiebeln granuliert",SPI-00-139370-5,SPI,0.17,grams,REC-013918-4-005,"NATURALLY_GLUTEN_FREE,NATURALLY_LACTOSE_FREE,SUITABLE_FOR_COELIACS,SUITABLE_FOR_LACTOSE_INTOLERANCE,VEGAN,VEGETARIAN"
FV0131A - Black bean bowl and enchilada sauce [DKSE],"FA-DE Spice, Oregano Dry /Gewürz, Oregano trocken",SPI-00-139372-5,SPI,0.15,grams,REC-013918-4-005,"FISH_FREE,NATURALLY_GLUTEN_FREE,NATURALLY_LACTOSE_FREE,PORK_FREE,SUITABLE_FOR_COELIACS,SUITABLE_FOR_LACTOSE_INTOLERANCE,VEGAN,VEGETARIAN"
FV0131A - Black bean bowl and enchilada sauce [DKSE],"FA-DE Spice, Paprika /Gewürze, Paprika",SPI-00-139373-5,SPI,0.11,grams,REC-013918-4-005,"FISH_FREE,NATURALLY_GLUTEN_FREE,NATURALLY_LACTOSE_FREE,PORK_FREE,SUITABLE_FOR_COELIACS,SUITABLE_FOR_LACTOSE_INTOLERANCE,VEGAN,VEGETARIAN"
FV0131A - Black bean bowl and enchilada sauce [DKSE],"FA-DE Spice, Sea Salt /Gewürze, Meersalz",SPI-00-139378-5,SPI,1.04,grams,REC-013918-4-005,"NATURALLY_GLUTEN_FREE,NATURALLY_LACTOSE_FREE,SUITABLE_FOR_COELIACS,SUITABLE_FOR_LACTOSE_INTOLERANCE,VEGAN,VEGETARIAN"
FV0131A - Black bean bowl and enchilada sauce [DKSE],"FA-DE Spice, Smoked Paprika /Gewürz, geräucherter Paprika",SPI-00-139383-5,SPI,0.15,grams,REC-013918-4-005,"VEGAN,VEGETARIAN"
FV0131A - Black bean bowl and enchilada sauce [DKSE],"FA-DE Stock Concentrate, Mirepoix /Stammkonzentrat, Mirepoix",PRO-00-139287-5,PRO,0.57,grams,REC-013918-4-005,"VEGAN,VEGETARIAN"
FV0131A - Black bean bowl and enchilada sauce [DKSE],"FA-DE Sweetcorn Supersweet Kernels, IQF /Zuckermais-Supersüßkörner, IQF",PHF-00-139236-1,PHF,33.49,grams,REC-013918-4-005,"FISH_FREE,NATURALLY_GLUTEN_FREE,NATURALLY_LACTOSE_FREE,PORK_FREE,SUITABLE_FOR_COELIACS,SUITABLE_FOR_LACTOSE_INTOLERANCE,VEGAN,VEGETARIAN"
FV0131A - Black bean bowl and enchilada sauce [DKSE],FA-DE Tomato Paste /Tomatenmark,PRO-00-139292-5,PRO,13.91,grams,REC-013918-4-005,"FISH_FREE,NATURALLY_GLUTEN_FREE,NATURALLY_LACTOSE_FREE,PORK_FREE,SUITABLE_FOR_COELIACS,SUITABLE_FOR_LACTOSE_INTOLERANCE,VEGAN,VEGETARIAN"
FV0131A - Black bean bowl and enchilada sauce [DKSE],"FA-DE Tomatoes, Concentrated Crushed /Tomaten, konzentriert, zerkleinert",PRO-00-139293-5,PRO,7.46,grams,REC-013918-4-005,"FISH_FREE,NATURALLY_GLUTEN_FREE,NATURALLY_LACTOSE_FREE,PORK_FREE,SUITABLE_FOR_COELIACS,SUITABLE_FOR_LACTOSE_INTOLERANCE,VEGAN,VEGETARIAN"
FV0131A - Black bean bowl and enchilada sauce [DKSE],"FA-DE Vinegar, Apple Cider /Essig, Apfelwein",PRO-00-139299-5,PRO,4.09,grams,REC-013918-4-005,"FISH_FREE,NATURALLY_GLUTEN_FREE,NATURALLY_LACTOSE_FREE,PORK_FREE,SUITABLE_FOR_COELIACS,SUITABLE_FOR_LACTOSE_INTOLERANCE,VEGAN,VEGETARIAN"
FV0131A - Black bean bowl and enchilada sauce [DKSE],FA-DE Water / Wasser,OTH-00-144038-5,OTH,59.41,grams,REC-013918-4-005,
FV0131A - Black bean bowl and enchilada sauce [DKSE],"FA-DE Zucchini, Diced 10mm /Zucchini, gewürfelt 10 mm",PHF-00-139229-3,PHF,57.84,grams,REC-013918-4-005,"FISH_FREE,PORK_FREE,VEGAN,VEGETARIAN"
FV0232A - Herb Crusted Chicken [DE],"FA-DE Almond, Sliced, Blanched /Mandeln, geschnitten, blanchiert",SPI-00-139147-5,SPI,5.67,grams,REC-013836-4-006,"VEGAN,VEGETARIAN"
FV0232A - Herb Crusted Chicken [DE],"FA-DE Butter, Unsalted /Butter, ungesalzen",DAI-00-139146-3,DAI,30.15,grams,REC-013836-4-006,VEGETARIAN
FV0232A - Herb Crusted Chicken [DE],"FA-DE Cauliflower, Riced, IQF /Blumenkohl, Reis, IQF",PHF-00-139233-1,PHF,77.4,grams,REC-013836-4-006,"FISH_FREE,NATURALLY_GLUTEN_FREE,NATURALLY_LACTOSE_FREE,PORK_FREE,SUITABLE_FOR_COELIACS,SUITABLE_FOR_LACTOSE_INTOLERANCE,VEGAN,VEGETARIAN"
FV0232A - Herb Crusted Chicken [DE],"FA-DE Cheese, Cream, 13% Fat (Milk) /Käse, Sahne, 13% Fett",DAI-00-139122-3,DAI,14.14,grams,REC-013836-4-006,
FV0232A - Herb Crusted Chicken [DE],"FA-DE Cheese, Parmesan, Grated /Käse, Parmesan, gerieben",DAI-00-139127-3,DAI,5.96,grams,REC-013836-4-006,
FV0232A - Herb Crusted Chicken [DE],"FA-DE Chicken, Breast, B/S - 160g/Hähnchen, Brust, B/S – 160 g",PTN-00-139317-3,PTN,160,grams,REC-013836-4-006,
FV0232A - Herb Crusted Chicken [DE],"FA-DE Chives, Dried /Schnittlauch, getrocknet",SPI-00-139322-5,SPI,0.07,grams,REC-013836-4-006,"FISH_FREE,NATURALLY_GLUTEN_FREE,NATURALLY_LACTOSE_FREE,PORK_FREE,SUITABLE_FOR_COELIACS,SUITABLE_FOR_LACTOSE_INTOLERANCE,VEGAN,VEGETARIAN"
FV0232A - Herb Crusted Chicken [DE],"FA-DE Flour, Almond /Mehl, Mandel",DRY-00-139154-5,DRY,7.86,grams,REC-013836-4-006,
FV0232A - Herb Crusted Chicken [DE],"FA-DE Garlic, Peeled, Whole Cloves [10kg] /Knoblauch, geschält, ganze Nelken [10kg]",PHF-00-139197-3,PHF,4.06,grams,REC-013836-4-006,"SUITABLE_FOR_COELIACS,SUITABLE_FOR_LACTOSE_INTOLERANCE,VEGAN,VEGETARIAN"
FV0232A - Herb Crusted Chicken [DE],"FA-DE Green Beans, Fresh and Trimmed/Grüne Bohnen, frisch und geschnitten",PHF-00-139198-3,PHF,92.14,grams,REC-013836-4-006,"FISH_FREE,PORK_FREE,VEGAN,VEGETARIAN"
FV0232A - Herb Crusted Chicken [DE],"FA-DE Mayo, Avocado (Egg) /Mayo, Avocado (Ei)",PRO-00-139271-5,PRO,9.94,grams,REC-013836-4-006,
FV0232A - Herb Crusted Chicken [DE],"FA-DE Oil, Olive /Öl, Olivenöl",PRO-00-139277-5,PRO,5.32,grams,REC-013836-4-006,"VEGAN,VEGETARIAN"
FV0232A - Herb Crusted Chicken [DE],"FA-DE Parsley, Chopped /Petersilie, gehackt",PHF-00-139215-3,PHF,0.34,grams,REC-013836-4-006,"FISH_FREE,NATURALLY_LACTOSE_FREE,PORK_FREE,SUITABLE_FOR_LACTOSE_INTOLERANCE,VEGAN,VEGETARIAN"
FV0232A - Herb Crusted Chicken [DE],"FA-DE Spice, Basil, Dried /Gewürz, Basilikum, getrocknet",SPI-00-139331-5,SPI,0.09,grams,REC-013836-4-006,"NATURALLY_GLUTEN_FREE,NATURALLY_LACTOSE_FREE,SUITABLE_FOR_COELIACS,SUITABLE_FOR_LACTOSE_INTOLERANCE,VEGAN,VEGETARIAN"
FV0232A - Herb Crusted Chicken [DE],"FA-DE Spice, Black Pepper, Ground /Gewürz, schwarzer Pfeffer, gemahlen",SPI-00-139334-5,SPI,0.26,grams,REC-013836-4-006,"NATURALLY_GLUTEN_FREE,NATURALLY_LACTOSE_FREE,SUITABLE_FOR_COELIACS,SUITABLE_FOR_LACTOSE_INTOLERANCE,VEGAN,VEGETARIAN"
FV0232A - Herb Crusted Chicken [DE],"FA-DE Spice, Garlic Granulated /Gewürz, Knoblauch granuliert",SPI-00-139353-5,SPI,0.94,grams,REC-013836-4-006,"FISH_FREE,NATURALLY_LACTOSE_FREE,PORK_FREE,SUITABLE_FOR_COELIACS,SUITABLE_FOR_LACTOSE_INTOLERANCE,VEGAN,VEGETARIAN"
FV0232A - Herb Crusted Chicken [DE],"FA-DE Spice, Garlic Powder, Toasted /Gewürz, Knoblauchpulver, geröstet",SPI-00-139354-5,SPI,0.32,grams,REC-013836-4-006,"FISH_FREE,NATURALLY_GLUTEN_FREE,NATURALLY_LACTOSE_FREE,PORK_FREE,SUITABLE_FOR_COELIACS,SUITABLE_FOR_LACTOSE_INTOLERANCE,VEGAN,VEGETARIAN"
FV0232A - Herb Crusted Chicken [DE],"FA-DE Spice, Green Onion Granulated /Gewürz, grüne Zwiebel granuliert",SPI-00-139357-5,SPI,0.07,grams,REC-013836-4-006,"NATURALLY_GLUTEN_FREE,NATURALLY_LACTOSE_FREE,SUITABLE_FOR_COELIACS,SUITABLE_FOR_LACTOSE_INTOLERANCE,VEGAN,VEGETARIAN"
FV0232A - Herb Crusted Chicken [DE],"FA-DE Spice, Lemon Powder /Gewürz, Zitronenpulver",SPI-00-139362-5,SPI,0.08,grams,REC-013836-4-006,"NATURALLY_GLUTEN_FREE,NATURALLY_LACTOSE_FREE,SUITABLE_FOR_COELIACS,SUITABLE_FOR_LACTOSE_INTOLERANCE,VEGAN,VEGETARIAN"
FV0232A - Herb Crusted Chicken [DE],"FA-DE Spice, Minced Garlic, Toasted, Dry /Gewürz, gehackter Knoblauch, geröstet, trocken",SPI-00-139367-5,SPI,0.24,grams,REC-013836-4-006,"FISH_FREE,NATURALLY_GLUTEN_FREE,NATURALLY_LACTOSE_FREE,PORK_FREE,SUITABLE_FOR_COELIACS,SUITABLE_FOR_LACTOSE_INTOLERANCE,VEGAN,VEGETARIAN"
FV0232A - Herb Crusted Chicken [DE],"FA-DE Spice, Onion Granulated /Gewürze, Zwiebeln granuliert",SPI-00-139370-5,SPI,0.44,grams,REC-013836-4-006,"NATURALLY_GLUTEN_FREE,NATURALLY_LACTOSE_FREE,SUITABLE_FOR_COELIACS,SUITABLE_FOR_LACTOSE_INTOLERANCE,VEGAN,VEGETARIAN"
FV0232A - Herb Crusted Chicken [DE],"FA-DE Spice, Oregano Dry /Gewürz, Oregano trocken",SPI-00-139372-5,SPI,0.03,grams,REC-013836-4-006,"FISH_FREE,NATURALLY_GLUTEN_FREE,NATURALLY_LACTOSE_FREE,PORK_FREE,SUITABLE_FOR_COELIACS,SUITABLE_FOR_LACTOSE_INTOLERANCE,VEGAN,VEGETARIAN"
FV0232A - Herb Crusted Chicken [DE],"FA-DE Spice, Parsley Dried /Gewürze, getrocknete Petersilie",SPI-00-139374-5,SPI,0.15,grams,REC-013836-4-006,"FISH_FREE,NATURALLY_GLUTEN_FREE,NATURALLY_LACTOSE_FREE,PORK_FREE,SUITABLE_FOR_COELIACS,SUITABLE_FOR_LACTOSE_INTOLERANCE,VEGAN,VEGETARIAN"
FV0232A - Herb Crusted Chicken [DE],"FA-DE Spice, Sea Salt /Gewürze, Meersalz",SPI-00-139378-5,SPI,2.41,grams,REC-013836-4-006,"NATURALLY_GLUTEN_FREE,NATURALLY_LACTOSE_FREE,SUITABLE_FOR_COELIACS,SUITABLE_FOR_LACTOSE_INTOLERANCE,VEGAN,VEGETARIAN"
FV0232A - Herb Crusted Chicken [DE],"FA-DE Spice, Tarragon, Dry /Gewürze, Estragon, Trockenmasse",SPI-00-139382-5,SPI,0.05,grams,REC-013836-4-006,"SUITABLE_FOR_COELIACS,SUITABLE_FOR_LACTOSE_INTOLERANCE,VEGAN,VEGETARIAN"
FV0232A - Herb Crusted Chicken [DE],FA-DE Water / Wasser,OTH-00-144038-5,OTH,160,grams,REC-013836-4-006,
FV0281A - Baja Salmon [BNL],"FA-DE Bell Peppers, Green, Diced 10mm /Paprika, grün, gewürfelt 10 mm",PHF-00-139176-3,PHF,6.79,grams,REC-014197-4-006,"FISH_FREE,PORK_FREE,VEGAN,VEGETARIAN"
FV0281A - Baja Salmon [BNL],"FA-DE Bell Peppers, Red, Diced 10mm /Paprika, rot, gewürfelt 10 mm",PHF-00-139179-3,PHF,20.77,grams,REC-014197-4-006,"VEGAN,VEGETARIAN"
FV0281A - Baja Salmon [BNL],"FA-DE Broccoli, Florets, /Brokkoli, Röschen",PHF-00-143425-3,PHF,103.24,grams,REC-014197-4-006,"VEGAN,VEGETARIAN"
FV0281A - Baja Salmon [BNL],"FA-DE Butter, Unsalted /Butter, ungesalzen",DAI-00-139146-3,DAI,11.26,grams,REC-014197-4-006,VEGETARIAN
FV0281A - Baja Salmon [BNL],"FA-DE Cauliflower, Riced, IQF /Blumenkohl, Reis, IQF",PHF-00-139233-1,PHF,111.41,grams,REC-014197-4-006,"FISH_FREE,NATURALLY_GLUTEN_FREE,NATURALLY_LACTOSE_FREE,PORK_FREE,SUITABLE_FOR_COELIACS,SUITABLE_FOR_LACTOSE_INTOLERANCE,VEGAN,VEGETARIAN"
FV0281A - Baja Salmon [BNL],"FA-DE Coriander, Chopped /Koriander, gehackt",PHF-00-139192-3,PHF,7.45,grams,REC-014197-4-006,"VEGAN,VEGETARIAN"
FV0281A - Baja Salmon [BNL],"FA-DE Garlic, IQF, Diced 4 mm /Knoblauch, IQF, gewürfelt 4 mm",PHF-00-139237-1,PHF,2.1,grams,REC-014197-4-006,"FISH_FREE,NATURALLY_GLUTEN_FREE,NATURALLY_LACTOSE_FREE,PORK_FREE,SUITABLE_FOR_COELIACS,SUITABLE_FOR_LACTOSE_INTOLERANCE,VEGAN,VEGETARIAN"
FV0281A - Baja Salmon [BNL],"FA-DE Garlic, Peeled, Whole Cloves [10kg] /Knoblauch, geschält, ganze Nelken [10kg]",PHF-00-139197-3,PHF,0.29,grams,REC-014197-4-006,"SUITABLE_FOR_COELIACS,SUITABLE_FOR_LACTOSE_INTOLERANCE,VEGAN,VEGETARIAN"
FV0281A - Baja Salmon [BNL],"FA-DE Jalapeno Peppers, Diced 5mm /Jalapeno-Paprikaschoten, gewürfelt, 5 mm",PHF-00-139201-3,PHF,1.49,grams,REC-014197-4-006,"VEGAN,VEGETARIAN"
FV0281A - Baja Salmon [BNL],"FA-DE Juice, Lime /Saft, Limette",PRO-00-139268-5,PRO,1.86,grams,REC-014197-4-006,"FISH_FREE,NATURALLY_LACTOSE_FREE,PORK_FREE,SUITABLE_FOR_LACTOSE_INTOLERANCE,VEGAN,VEGETARIAN"
FV0281A - Baja Salmon [BNL],"FA-DE Juice, Orange /Saft, Orange",PRO-00-139267-5,PRO,0.37,grams,REC-014197-4-006,"VEGAN,VEGETARIAN"
FV0281A - Baja Salmon [BNL],"FA-DE Oil, Olive /Öl, Olivenöl",PRO-00-139277-5,PRO,16.97,grams,REC-014197-4-006,"VEGAN,VEGETARIAN"
FV0281A - Baja Salmon [BNL],"FA-DE Onion, Red, Diced 5mm /Zwiebeln, rot, gewürfelt 5 mm",PHF-00-139213-3,PHF,13.6,grams,REC-014197-4-006,"FISH_FREE,PORK_FREE,VEGAN,VEGETARIAN"
FV0281A - Baja Salmon [BNL],"FA-DE Salmon, Skinless, Boneless, Filet/Lachs, ohne Haut, ohne Knochen, Filet - IQF",PTN-00-139968-1,PTN,140,grams,REC-014197-4-006,
FV0281A - Baja Salmon [BNL],FA-DE Sour Cream /Sauerrahm,DAI-00-139141-3,DAI,29.81,grams,REC-014197-4-006,VEGETARIAN
FV0281A - Baja Salmon [BNL],"FA-DE Spice, Ancho Chili Powder /Gewürz, Ancho-Chili-Pulver",SPI-00-139329-5,SPI,0.85,grams,REC-014197-4-006,"FISH_FREE,NATURALLY_GLUTEN_FREE,NATURALLY_LACTOSE_FREE,PORK_FREE,SUITABLE_FOR_COELIACS,SUITABLE_FOR_LACTOSE_INTOLERANCE,VEGAN,VEGETARIAN"
FV0281A - Baja Salmon [BNL],"FA-DE Spice, Black Pepper, Ground /Gewürz, schwarzer Pfeffer, gemahlen",SPI-00-139334-5,SPI,0.72,grams,REC-014197-4-006,"NATURALLY_GLUTEN_FREE,NATURALLY_LACTOSE_FREE,SUITABLE_FOR_COELIACS,SUITABLE_FOR_LACTOSE_INTOLERANCE,VEGAN,VEGETARIAN"
FV0281A - Baja Salmon [BNL],"FA-DE Spice, Chili Powder /Gewürz, Chilipulver",SPI-00-139340-5,SPI,0.37,grams,REC-014197-4-006,"NATURALLY_GLUTEN_FREE,NATURALLY_LACTOSE_FREE,SUITABLE_FOR_COELIACS,SUITABLE_FOR_LACTOSE_INTOLERANCE,VEGAN,VEGETARIAN"
FV0281A - Baja Salmon [BNL],"FA-DE Spice, Cumin Ground /Gewürz, gemahlener Kreuzkümmel",SPI-00-139345-5,SPI,0.91,grams,REC-014197-4-006,"FISH_FREE,NATURALLY_GLUTEN_FREE,NATURALLY_LACTOSE_FREE,PORK_FREE,SUITABLE_FOR_COELIACS,SUITABLE_FOR_LACTOSE_INTOLERANCE,VEGAN,VEGETARIAN"
FV0281A - Baja Salmon [BNL],"FA-DE Spice, Garlic Powder, Toasted /Gewürz, Knoblauchpulver, geröstet",SPI-00-139354-5,SPI,0.31,grams,REC-014197-4-006,"FISH_FREE,NATURALLY_GLUTEN_FREE,NATURALLY_LACTOSE_FREE,PORK_FREE,SUITABLE_FOR_COELIACS,SUITABLE_FOR_LACTOSE_INTOLERANCE,VEGAN,VEGETARIAN"
FV0281A - Baja Salmon [BNL],"FA-DE Spice, Gochugaru Chili Pepper Flakes /Gewürz, Gochugaru-Chili-Pfefferflocken",SPI-00-139356-5,SPI,0.14,grams,REC-014197-4-006,"FISH_FREE,NATURALLY_GLUTEN_FREE,NATURALLY_LACTOSE_FREE,PORK_FREE,SUITABLE_FOR_COELIACS,SUITABLE_FOR_LACTOSE_INTOLERANCE,VEGAN,VEGETARIAN"
FV0281A - Baja Salmon [BNL],"FA-DE Spice, Guajillo Peppers, Ground /Gewürze, Guajillo-Paprikaschoten, gemahlen",SPI-00-139358-5,SPI,0.14,grams,REC-014197-4-006,"NATURALLY_GLUTEN_FREE,NATURALLY_LACTOSE_FREE,SUITABLE_FOR_COELIACS,SUITABLE_FOR_LACTOSE_INTOLERANCE,VEGAN,VEGETARIAN"
FV0281A - Baja Salmon [BNL],"FA-DE Spice, Minced Garlic, Toasted, Dry /Gewürz, gehackter Knoblauch, geröstet, trocken",SPI-00-139367-5,SPI,0.42,grams,REC-014197-4-006,"FISH_FREE,NATURALLY_GLUTEN_FREE,NATURALLY_LACTOSE_FREE,PORK_FREE,SUITABLE_FOR_COELIACS,SUITABLE_FOR_LACTOSE_INTOLERANCE,VEGAN,VEGETARIAN"
FV0281A - Baja Salmon [BNL],"FA-DE Spice, Onion Granulated /Gewürze, Zwiebeln granuliert",SPI-00-139370-5,SPI,0.54,grams,REC-014197-4-006,"NATURALLY_GLUTEN_FREE,NATURALLY_LACTOSE_FREE,SUITABLE_FOR_COELIACS,SUITABLE_FOR_LACTOSE_INTOLERANCE,VEGAN,VEGETARIAN"
FV0281A - Baja Salmon [BNL],"FA-DE Spice, Paprika /Gewürze, Paprika",SPI-00-139373-5,SPI,0.37,grams,REC-014197-4-006,"FISH_FREE,NATURALLY_GLUTEN_FREE,NATURALLY_LACTOSE_FREE,PORK_FREE,SUITABLE_FOR_COELIACS,SUITABLE_FOR_LACTOSE_INTOLERANCE,VEGAN,VEGETARIAN"
FV0281A - Baja Salmon [BNL],"FA-DE Spice, Sea Salt /Gewürze, Meersalz",SPI-00-139378-5,SPI,2.1,grams,REC-014197-4-006,"NATURALLY_GLUTEN_FREE,NATURALLY_LACTOSE_FREE,SUITABLE_FOR_COELIACS,SUITABLE_FOR_LACTOSE_INTOLERANCE,VEGAN,VEGETARIAN"
FV0281A - Baja Salmon [BNL],"FA-DE Spice, Smoked Paprika /Gewürz, geräucherter Paprika",SPI-00-139383-5,SPI,0.11,grams,REC-014197-4-006,"VEGAN,VEGETARIAN"
FV0281A - Baja Salmon [DE],"FA-DE Bell Peppers, Green, Diced 10mm /Paprika, grün, gewürfelt 10 mm",PHF-00-139176-3,PHF,6.79,grams,REC-014197-4-004,"FISH_FREE,PORK_FREE,VEGAN,VEGETARIAN"
FV0281A - Baja Salmon [DE],"FA-DE Bell Peppers, Red, Diced 10mm /Paprika, rot, gewürfelt 10 mm",PHF-00-139179-3,PHF,20.77,grams,REC-014197-4-004,"VEGAN,VEGETARIAN"
FV0281A - Baja Salmon [DE],"FA-DE Broccoli, Florets, /Brokkoli, Röschen",PHF-00-143425-3,PHF,103.24,grams,REC-014197-4-004,"VEGAN,VEGETARIAN"
FV0281A - Baja Salmon [DE],"FA-DE Butter, Unsalted /Butter, ungesalzen",DAI-00-139146-3,DAI,11.26,grams,REC-014197-4-004,VEGETARIAN
FV0281A - Baja Salmon [DE],"FA-DE Cauliflower, Riced, IQF /Blumenkohl, Reis, IQF",PHF-00-139233-1,PHF,111.41,grams,REC-014197-4-004,"FISH_FREE,NATURALLY_GLUTEN_FREE,NATURALLY_LACTOSE_FREE,PORK_FREE,SUITABLE_FOR_COELIACS,SUITABLE_FOR_LACTOSE_INTOLERANCE,VEGAN,VEGETARIAN"
FV0281A - Baja Salmon [DE],"FA-DE Coriander, Chopped /Koriander, gehackt",PHF-00-139192-3,PHF,7.45,grams,REC-014197-4-004,"VEGAN,VEGETARIAN"
FV0281A - Baja Salmon [DE],"FA-DE Garlic, IQF, Diced 4 mm /Knoblauch, IQF, gewürfelt 4 mm",PHF-00-139237-1,PHF,2.1,grams,REC-014197-4-004,"FISH_FREE,NATURALLY_GLUTEN_FREE,NATURALLY_LACTOSE_FREE,PORK_FREE,SUITABLE_FOR_COELIACS,SUITABLE_FOR_LACTOSE_INTOLERANCE,VEGAN,VEGETARIAN"
FV0281A - Baja Salmon [DE],"FA-DE Garlic, Peeled, Whole Cloves [10kg] /Knoblauch, geschält, ganze Nelken [10kg]",PHF-00-139197-3,PHF,0.29,grams,REC-014197-4-004,"SUITABLE_FOR_COELIACS,SUITABLE_FOR_LACTOSE_INTOLERANCE,VEGAN,VEGETARIAN"
FV0281A - Baja Salmon [DE],"FA-DE Jalapeno Peppers, Diced 5mm /Jalapeno-Paprikaschoten, gewürfelt, 5 mm",PHF-00-139201-3,PHF,1.49,grams,REC-014197-4-004,"VEGAN,VEGETARIAN"
FV0281A - Baja Salmon [DE],"FA-DE Juice, Lime /Saft, Limette",PRO-00-139268-5,PRO,1.86,grams,REC-014197-4-004,"FISH_FREE,NATURALLY_LACTOSE_FREE,PORK_FREE,SUITABLE_FOR_LACTOSE_INTOLERANCE,VEGAN,VEGETARIAN"
FV0281A - Baja Salmon [DE],"FA-DE Juice, Orange /Saft, Orange",PRO-00-139267-5,PRO,0.37,grams,REC-014197-4-004,"VEGAN,VEGETARIAN"
FV0281A - Baja Salmon [DE],"FA-DE Oil, Olive /Öl, Olivenöl",PRO-00-139277-5,PRO,16.97,grams,REC-014197-4-004,"VEGAN,VEGETARIAN"
FV0281A - Baja Salmon [DE],"FA-DE Onion, Red, Diced 5mm /Zwiebeln, rot, gewürfelt 5 mm",PHF-00-139213-3,PHF,13.6,grams,REC-014197-4-004,"FISH_FREE,PORK_FREE,VEGAN,VEGETARIAN"
FV0281A - Baja Salmon [DE],"FA-DE Salmon, Skinless, Boneless, Filet/Lachs, ohne Haut, ohne Knochen, Filet - IQF",PTN-00-139968-1,PTN,140,grams,REC-014197-4-004,
FV0281A - Baja Salmon [DE],FA-DE Sour Cream /Sauerrahm,DAI-00-139141-3,DAI,29.81,grams,REC-014197-4-004,VEGETARIAN
FV0281A - Baja Salmon [DE],"FA-DE Spice, Ancho Chili Powder /Gewürz, Ancho-Chili-Pulver",SPI-00-139329-5,SPI,0.85,grams,REC-014197-4-004,"FISH_FREE,NATURALLY_GLUTEN_FREE,NATURALLY_LACTOSE_FREE,PORK_FREE,SUITABLE_FOR_COELIACS,SUITABLE_FOR_LACTOSE_INTOLERANCE,VEGAN,VEGETARIAN"
FV0281A - Baja Salmon [DE],"FA-DE Spice, Black Pepper, Ground /Gewürz, schwarzer Pfeffer, gemahlen",SPI-00-139334-5,SPI,0.72,grams,REC-014197-4-004,"NATURALLY_GLUTEN_FREE,NATURALLY_LACTOSE_FREE,SUITABLE_FOR_COELIACS,SUITABLE_FOR_LACTOSE_INTOLERANCE,VEGAN,VEGETARIAN"
FV0281A - Baja Salmon [DE],"FA-DE Spice, Chili Powder /Gewürz, Chilipulver",SPI-00-139340-5,SPI,0.37,grams,REC-014197-4-004,"NATURALLY_GLUTEN_FREE,NATURALLY_LACTOSE_FREE,SUITABLE_FOR_COELIACS,SUITABLE_FOR_LACTOSE_INTOLERANCE,VEGAN,VEGETARIAN"
FV0281A - Baja Salmon [DE],"FA-DE Spice, Cumin Ground /Gewürz, gemahlener Kreuzkümmel",SPI-00-139345-5,SPI,0.91,grams,REC-014197-4-004,"FISH_FREE,NATURALLY_GLUTEN_FREE,NATURALLY_LACTOSE_FREE,PORK_FREE,SUITABLE_FOR_COELIACS,SUITABLE_FOR_LACTOSE_INTOLERANCE,VEGAN,VEGETARIAN"
FV0281A - Baja Salmon [DE],"FA-DE Spice, Garlic Powder, Toasted /Gewürz, Knoblauchpulver, geröstet",SPI-00-139354-5,SPI,0.31,grams,REC-014197-4-004,"FISH_FREE,NATURALLY_GLUTEN_FREE,NATURALLY_LACTOSE_FREE,PORK_FREE,SUITABLE_FOR_COELIACS,SUITABLE_FOR_LACTOSE_INTOLERANCE,VEGAN,VEGETARIAN"
FV0281A - Baja Salmon [DE],"FA-DE Spice, Gochugaru Chili Pepper Flakes /Gewürz, Gochugaru-Chili-Pfefferflocken",SPI-00-139356-5,SPI,0.14,grams,REC-014197-4-004,"FISH_FREE,NATURALLY_GLUTEN_FREE,NATURALLY_LACTOSE_FREE,PORK_FREE,SUITABLE_FOR_COELIACS,SUITABLE_FOR_LACTOSE_INTOLERANCE,VEGAN,VEGETARIAN"
FV0281A - Baja Salmon [DE],"FA-DE Spice, Guajillo Peppers, Ground /Gewürze, Guajillo-Paprikaschoten, gemahlen",SPI-00-139358-5,SPI,0.14,grams,REC-014197-4-004,"NATURALLY_GLUTEN_FREE,NATURALLY_LACTOSE_FREE,SUITABLE_FOR_COELIACS,SUITABLE_FOR_LACTOSE_INTOLERANCE,VEGAN,VEGETARIAN"
FV0281A - Baja Salmon [DE],"FA-DE Spice, Minced Garlic, Toasted, Dry /Gewürz, gehackter Knoblauch, geröstet, trocken",SPI-00-139367-5,SPI,0.42,grams,REC-014197-4-004,"FISH_FREE,NATURALLY_GLUTEN_FREE,NATURALLY_LACTOSE_FREE,PORK_FREE,SUITABLE_FOR_COELIACS,SUITABLE_FOR_LACTOSE_INTOLERANCE,VEGAN,VEGETARIAN"
FV0281A - Baja Salmon [DE],"FA-DE Spice, Onion Granulated /Gewürze, Zwiebeln granuliert",SPI-00-139370-5,SPI,0.54,grams,REC-014197-4-004,"NATURALLY_GLUTEN_FREE,NATURALLY_LACTOSE_FREE,SUITABLE_FOR_COELIACS,SUITABLE_FOR_LACTOSE_INTOLERANCE,VEGAN,VEGETARIAN"
FV0281A - Baja Salmon [DE],"FA-DE Spice, Paprika /Gewürze, Paprika",SPI-00-139373-5,SPI,0.37,grams,REC-014197-4-004,"FISH_FREE,NATURALLY_GLUTEN_FREE,NATURALLY_LACTOSE_FREE,PORK_FREE,SUITABLE_FOR_COELIACS,SUITABLE_FOR_LACTOSE_INTOLERANCE,VEGAN,VEGETARIAN"
FV0281A - Baja Salmon [DE],"FA-DE Spice, Sea Salt /Gewürze, Meersalz",SPI-00-139378-5,SPI,2.1,grams,REC-014197-4-004,"NATURALLY_GLUTEN_FREE,NATURALLY_LACTOSE_FREE,SUITABLE_FOR_COELIACS,SUITABLE_FOR_LACTOSE_INTOLERANCE,VEGAN,VEGETARIAN"
FV0281A - Baja Salmon [DE],"FA-DE Spice, Smoked Paprika /Gewürz, geräucherter Paprika",SPI-00-139383-5,SPI,0.11,grams,REC-014197-4-004,"VEGAN,VEGETARIAN"
FV0281A - Baja Salmon [DKSE],"FA-DE Bell Peppers, Green, Diced 10mm /Paprika, grün, gewürfelt 10 mm",PHF-00-139176-3,PHF,6.79,grams,REC-014197-4-005,"FISH_FREE,PORK_FREE,VEGAN,VEGETARIAN"
FV0281A - Baja Salmon [DKSE],"FA-DE Bell Peppers, Red, Diced 10mm /Paprika, rot, gewürfelt 10 mm",PHF-00-139179-3,PHF,20.77,grams,REC-014197-4-005,"VEGAN,VEGETARIAN"
FV0281A - Baja Salmon [DKSE],"FA-DE Broccoli, Florets, /Brokkoli, Röschen",PHF-00-143425-3,PHF,103.24,grams,REC-014197-4-005,"VEGAN,VEGETARIAN"
FV0281A - Baja Salmon [DKSE],"FA-DE Butter, Unsalted /Butter, ungesalzen",DAI-00-139146-3,DAI,11.26,grams,REC-014197-4-005,VEGETARIAN
FV0281A - Baja Salmon [DKSE],"FA-DE Cauliflower, Riced, IQF /Blumenkohl, Reis, IQF",PHF-00-139233-1,PHF,111.41,grams,REC-014197-4-005,"FISH_FREE,NATURALLY_GLUTEN_FREE,NATURALLY_LACTOSE_FREE,PORK_FREE,SUITABLE_FOR_COELIACS,SUITABLE_FOR_LACTOSE_INTOLERANCE,VEGAN,VEGETARIAN"
FV0281A - Baja Salmon [DKSE],"FA-DE Coriander, Chopped /Koriander, gehackt",PHF-00-139192-3,PHF,7.45,grams,REC-014197-4-005,"VEGAN,VEGETARIAN"
FV0281A - Baja Salmon [DKSE],"FA-DE Garlic, IQF, Diced 4 mm /Knoblauch, IQF, gewürfelt 4 mm",PHF-00-139237-1,PHF,2.1,grams,REC-014197-4-005,"FISH_FREE,NATURALLY_GLUTEN_FREE,NATURALLY_LACTOSE_FREE,PORK_FREE,SUITABLE_FOR_COELIACS,SUITABLE_FOR_LACTOSE_INTOLERANCE,VEGAN,VEGETARIAN"
FV0281A - Baja Salmon [DKSE],"FA-DE Garlic, Peeled, Whole Cloves [10kg] /Knoblauch, geschält, ganze Nelken [10kg]",PHF-00-139197-3,PHF,0.29,grams,REC-014197-4-005,"SUITABLE_FOR_COELIACS,SUITABLE_FOR_LACTOSE_INTOLERANCE,VEGAN,VEGETARIAN"
FV0281A - Baja Salmon [DKSE],"FA-DE Jalapeno Peppers, Diced 5mm /Jalapeno-Paprikaschoten, gewürfelt, 5 mm",PHF-00-139201-3,PHF,1.49,grams,REC-014197-4-005,"VEGAN,VEGETARIAN"
FV0281A - Baja Salmon [DKSE],"FA-DE Juice, Lime /Saft, Limette",PRO-00-139268-5,PRO,1.86,grams,REC-014197-4-005,"FISH_FREE,NATURALLY_LACTOSE_FREE,PORK_FREE,SUITABLE_FOR_LACTOSE_INTOLERANCE,VEGAN,VEGETARIAN"
FV0281A - Baja Salmon [DKSE],"FA-DE Juice, Orange /Saft, Orange",PRO-00-139267-5,PRO,0.37,grams,REC-014197-4-005,"VEGAN,VEGETARIAN"
FV0281A - Baja Salmon [DKSE],"FA-DE Oil, Olive /Öl, Olivenöl",PRO-00-139277-5,PRO,16.97,grams,REC-014197-4-005,"VEGAN,VEGETARIAN"
FV0281A - Baja Salmon [DKSE],"FA-DE Onion, Red, Diced 5mm /Zwiebeln, rot, gewürfelt 5 mm",PHF-00-139213-3,PHF,13.6,grams,REC-014197-4-005,"FISH_FREE,PORK_FREE,VEGAN,VEGETARIAN"
FV0281A - Baja Salmon [DKSE],"FA-DE Salmon, Skinless, Boneless, Filet/Lachs, ohne Haut, ohne Knochen, Filet - IQF",PTN-00-139968-1,PTN,140,grams,REC-014197-4-005,
FV0281A - Baja Salmon [DKSE],FA-DE Sour Cream /Sauerrahm,DAI-00-139141-3,DAI,29.81,grams,REC-014197-4-005,VEGETARIAN
FV0281A - Baja Salmon [DKSE],"FA-DE Spice, Ancho Chili Powder /Gewürz, Ancho-Chili-Pulver",SPI-00-139329-5,SPI,0.85,grams,REC-014197-4-005,"FISH_FREE,NATURALLY_GLUTEN_FREE,NATURALLY_LACTOSE_FREE,PORK_FREE,SUITABLE_FOR_COELIACS,SUITABLE_FOR_LACTOSE_INTOLERANCE,VEGAN,VEGETARIAN"
FV0281A - Baja Salmon [DKSE],"FA-DE Spice, Black Pepper, Ground /Gewürz, schwarzer Pfeffer, gemahlen",SPI-00-139334-5,SPI,0.72,grams,REC-014197-4-005,"NATURALLY_GLUTEN_FREE,NATURALLY_LACTOSE_FREE,SUITABLE_FOR_COELIACS,SUITABLE_FOR_LACTOSE_INTOLERANCE,VEGAN,VEGETARIAN"
FV0281A - Baja Salmon [DKSE],"FA-DE Spice, Chili Powder /Gewürz, Chilipulver",SPI-00-139340-5,SPI,0.37,grams,REC-014197-4-005,"NATURALLY_GLUTEN_FREE,NATURALLY_LACTOSE_FREE,SUITABLE_FOR_COELIACS,SUITABLE_FOR_LACTOSE_INTOLERANCE,VEGAN,VEGETARIAN"
FV0281A - Baja Salmon [DKSE],"FA-DE Spice, Cumin Ground /Gewürz, gemahlener Kreuzkümmel",SPI-00-139345-5,SPI,0.91,grams,REC-014197-4-005,"FISH_FREE,NATURALLY_GLUTEN_FREE,NATURALLY_LACTOSE_FREE,PORK_FREE,SUITABLE_FOR_COELIACS,SUITABLE_FOR_LACTOSE_INTOLERANCE,VEGAN,VEGETARIAN"
FV0281A - Baja Salmon [DKSE],"FA-DE Spice, Garlic Powder, Toasted /Gewürz, Knoblauchpulver, geröstet",SPI-00-139354-5,SPI,0.31,grams,REC-014197-4-005,"FISH_FREE,NATURALLY_GLUTEN_FREE,NATURALLY_LACTOSE_FREE,PORK_FREE,SUITABLE_FOR_COELIACS,SUITABLE_FOR_LACTOSE_INTOLERANCE,VEGAN,VEGETARIAN"
FV0281A - Baja Salmon [DKSE],"FA-DE Spice, Gochugaru Chili Pepper Flakes /Gewürz, Gochugaru-Chili-Pfefferflocken",SPI-00-139356-5,SPI,0.14,grams,REC-014197-4-005,"FISH_FREE,NATURALLY_GLUTEN_FREE,NATURALLY_LACTOSE_FREE,PORK_FREE,SUITABLE_FOR_COELIACS,SUITABLE_FOR_LACTOSE_INTOLERANCE,VEGAN,VEGETARIAN"
FV0281A - Baja Salmon [DKSE],"FA-DE Spice, Guajillo Peppers, Ground /Gewürze, Guajillo-Paprikaschoten, gemahlen",SPI-00-139358-5,SPI,0.14,grams,REC-014197-4-005,"NATURALLY_GLUTEN_FREE,NATURALLY_LACTOSE_FREE,SUITABLE_FOR_COELIACS,SUITABLE_FOR_LACTOSE_INTOLERANCE,VEGAN,VEGETARIAN"
FV0281A - Baja Salmon [DKSE],"FA-DE Spice, Minced Garlic, Toasted, Dry /Gewürz, gehackter Knoblauch, geröstet, trocken",SPI-00-139367-5,SPI,0.42,grams,REC-014197-4-005,"FISH_FREE,NATURALLY_GLUTEN_FREE,NATURALLY_LACTOSE_FREE,PORK_FREE,SUITABLE_FOR_COELIACS,SUITABLE_FOR_LACTOSE_INTOLERANCE,VEGAN,VEGETARIAN"
FV0281A - Baja Salmon [DKSE],"FA-DE Spice, Onion Granulated /Gewürze, Zwiebeln granuliert",SPI-00-139370-5,SPI,0.54,grams,REC-014197-4-005,"NATURALLY_GLUTEN_FREE,NATURALLY_LACTOSE_FREE,SUITABLE_FOR_COELIACS,SUITABLE_FOR_LACTOSE_INTOLERANCE,VEGAN,VEGETARIAN"
FV0281A - Baja Salmon [DKSE],"FA-DE Spice, Paprika /Gewürze, Paprika",SPI-00-139373-5,SPI,0.37,grams,REC-014197-4-005,"FISH_FREE,NATURALLY_GLUTEN_FREE,NATURALLY_LACTOSE_FREE,PORK_FREE,SUITABLE_FOR_COELIACS,SUITABLE_FOR_LACTOSE_INTOLERANCE,VEGAN,VEGETARIAN"
FV0281A - Baja Salmon [DKSE],"FA-DE Spice, Sea Salt /Gewürze, Meersalz",SPI-00-139378-5,SPI,2.1,grams,REC-014197-4-005,"NATURALLY_GLUTEN_FREE,NATURALLY_LACTOSE_FREE,SUITABLE_FOR_COELIACS,SUITABLE_FOR_LACTOSE_INTOLERANCE,VEGAN,VEGETARIAN"
FV0281A - Baja Salmon [DKSE],"FA-DE Spice, Smoked Paprika /Gewürz, geräucherter Paprika",SPI-00-139383-5,SPI,0.11,grams,REC-014197-4-005,"VEGAN,VEGETARIAN"
FV0322A - Sour Cream & Chive Chicken [DE],"FA-DE Broccoli, Florets, /Brokkoli, Röschen",PHF-00-143425-3,PHF,68.1,grams,REC-014219-4-003,"VEGAN,VEGETARIAN"
FV0322A - Sour Cream & Chive Chicken [DE],"FA-DE Butter, Unsalted /Butter, ungesalzen",DAI-00-139146-3,DAI,12.69,grams,REC-014219-4-003,VEGETARIAN
FV0322A - Sour Cream & Chive Chicken [DE],"FA-DE Chicken, Breast, B/S - 160g/Hähnchen, Brust, B/S – 160 g",PTN-00-139317-3,PTN,160,grams,REC-014219-4-003,
FV0322A - Sour Cream & Chive Chicken [DE],"FA-DE Chives, Dried /Schnittlauch, getrocknet",SPI-00-139322-5,SPI,0.63,grams,REC-014219-4-003,"FISH_FREE,NATURALLY_GLUTEN_FREE,NATURALLY_LACTOSE_FREE,PORK_FREE,SUITABLE_FOR_COELIACS,SUITABLE_FOR_LACTOSE_INTOLERANCE,VEGAN,VEGETARIAN"
FV0322A - Sour Cream & Chive Chicken [DE],"FA-DE Garlic, IQF, Diced 4 mm /Knoblauch, IQF, gewürfelt 4 mm",PHF-00-139237-1,PHF,0.82,grams,REC-014219-4-003,"FISH_FREE,NATURALLY_GLUTEN_FREE,NATURALLY_LACTOSE_FREE,PORK_FREE,SUITABLE_FOR_COELIACS,SUITABLE_FOR_LACTOSE_INTOLERANCE,VEGAN,VEGETARIAN"
FV0322A - Sour Cream & Chive Chicken [DE],"FA-DE Garlic, Peeled, Whole Cloves [10kg] /Knoblauch, geschält, ganze Nelken [10kg]",PHF-00-139197-3,PHF,1.36,grams,REC-014219-4-003,"SUITABLE_FOR_COELIACS,SUITABLE_FOR_LACTOSE_INTOLERANCE,VEGAN,VEGETARIAN"
FV0322A - Sour Cream & Chive Chicken [DE],"FA-DE Green Beans, Fresh and Trimmed/Grüne Bohnen, frisch und geschnitten",PHF-00-139198-3,PHF,137.32,grams,REC-014219-4-003,"FISH_FREE,PORK_FREE,VEGAN,VEGETARIAN"
FV0322A - Sour Cream & Chive Chicken [DE],"FA-DE Milk, Whole /Milch, voll",DAI-00-139142-3,DAI,8.15,grams,REC-014219-4-003,
FV0322A - Sour Cream & Chive Chicken [DE],"FA-DE Oil, Olive /Öl, Olivenöl",PRO-00-139277-5,PRO,17.69,grams,REC-014219-4-003,"VEGAN,VEGETARIAN"
FV0322A - Sour Cream & Chive Chicken [DE],"FA-DE Potatoes, Diced 10mm /Kartoffeln, gewürfelt, 10 mm",PHF-00-139219-3,PHF,92.71,grams,REC-014219-4-003,"VEGAN,VEGETARIAN"
FV0322A - Sour Cream & Chive Chicken [DE],FA-DE Sour Cream /Sauerrahm,DAI-00-139141-3,DAI,9.39,grams,REC-014219-4-003,VEGETARIAN
FV0322A - Sour Cream & Chive Chicken [DE],"FA-DE Spice, Black Pepper, Ground /Gewürz, schwarzer Pfeffer, gemahlen",SPI-00-139334-5,SPI,0.76,grams,REC-014219-4-003,"NATURALLY_GLUTEN_FREE,NATURALLY_LACTOSE_FREE,SUITABLE_FOR_COELIACS,SUITABLE_FOR_LACTOSE_INTOLERANCE,VEGAN,VEGETARIAN"
FV0322A - Sour Cream & Chive Chicken [DE],"FA-DE Spice, Garlic Granulated /Gewürz, Knoblauch granuliert",SPI-00-139353-5,SPI,0.19,grams,REC-014219-4-003,"FISH_FREE,NATURALLY_LACTOSE_FREE,PORK_FREE,SUITABLE_FOR_COELIACS,SUITABLE_FOR_LACTOSE_INTOLERANCE,VEGAN,VEGETARIAN"
FV0322A - Sour Cream & Chive Chicken [DE],"FA-DE Spice, Garlic Powder, Toasted /Gewürz, Knoblauchpulver, geröstet",SPI-00-139354-5,SPI,0.46,grams,REC-014219-4-003,"FISH_FREE,NATURALLY_GLUTEN_FREE,NATURALLY_LACTOSE_FREE,PORK_FREE,SUITABLE_FOR_COELIACS,SUITABLE_FOR_LACTOSE_INTOLERANCE,VEGAN,VEGETARIAN"
FV0322A - Sour Cream & Chive Chicken [DE],"FA-DE Spice, Leek Powder /Gewürz, Lauchpulver",SPI-00-139361-5,SPI,0.09,grams,REC-014219-4-003,"SUITABLE_FOR_COELIACS,SUITABLE_FOR_LACTOSE_INTOLERANCE,VEGAN,VEGETARIAN"
FV0322A - Sour Cream & Chive Chicken [DE],"FA-DE Spice, Minced Garlic, Toasted, Dry /Gewürz, gehackter Knoblauch, geröstet, trocken",SPI-00-139367-5,SPI,0.24,grams,REC-014219-4-003,"FISH_FREE,NATURALLY_GLUTEN_FREE,NATURALLY_LACTOSE_FREE,PORK_FREE,SUITABLE_FOR_COELIACS,SUITABLE_FOR_LACTOSE_INTOLERANCE,VEGAN,VEGETARIAN"
FV0322A - Sour Cream & Chive Chicken [DE],"FA-DE Spice, Onion Granulated /Gewürze, Zwiebeln granuliert",SPI-00-139370-5,SPI,0.27,grams,REC-014219-4-003,"NATURALLY_GLUTEN_FREE,NATURALLY_LACTOSE_FREE,SUITABLE_FOR_COELIACS,SUITABLE_FOR_LACTOSE_INTOLERANCE,VEGAN,VEGETARIAN"
FV0322A - Sour Cream & Chive Chicken [DE],"FA-DE Spice, Parsley Dried /Gewürze, getrocknete Petersilie",SPI-00-139374-5,SPI,0.12,grams,REC-014219-4-003,"FISH_FREE,NATURALLY_GLUTEN_FREE,NATURALLY_LACTOSE_FREE,PORK_FREE,SUITABLE_FOR_COELIACS,SUITABLE_FOR_LACTOSE_INTOLERANCE,VEGAN,VEGETARIAN"
FV0322A - Sour Cream & Chive Chicken [DE],"FA-DE Spice, Sea Salt /Gewürze, Meersalz",SPI-00-139378-5,SPI,3.21,grams,REC-014219-4-003,"NATURALLY_GLUTEN_FREE,NATURALLY_LACTOSE_FREE,SUITABLE_FOR_COELIACS,SUITABLE_FOR_LACTOSE_INTOLERANCE,VEGAN,VEGETARIAN"
FV0322A - Sour Cream & Chive Chicken [DE],"FA-DE Vinegar, Red Wine /Essig, Rotwein",PRO-00-139301-5,PRO,0.82,grams,REC-014219-4-003,"VEGAN,VEGETARIAN"
FV0322A - Sour Cream & Chive Chicken [DE],FA-DE Water / Wasser,OTH-00-144038-5,OTH,160,grams,REC-014219-4-003,
FV0333A - Tuscan Shrimp [BNL],"FA-DE Bell Peppers, Red, Diced 10mm /Paprika, rot, gewürfelt 10 mm",PHF-00-139179-3,PHF,21.9,grams,REC-013835-4-004,"VEGAN,VEGETARIAN"
FV0333A - Tuscan Shrimp [BNL],"FA-DE Butter, Unsalted /Butter, ungesalzen",DAI-00-139146-3,DAI,15.91,grams,REC-013835-4-004,VEGETARIAN
FV0333A - Tuscan Shrimp [BNL],"FA-DE Cheese, Cream, 13% Fat (Milk) /Käse, Sahne, 13% Fett",DAI-00-139122-3,DAI,7.72,grams,REC-013835-4-004,
FV0333A - Tuscan Shrimp [BNL],"FA-DE Cheese, Parmesan, Grated /Käse, Parmesan, gerieben",DAI-00-139127-3,DAI,6.57,grams,REC-013835-4-004,
FV0333A - Tuscan Shrimp [BNL],"FA-DE Garlic, IQF, Diced 4 mm /Knoblauch, IQF, gewürfelt 4 mm",PHF-00-139237-1,PHF,7.12,grams,REC-013835-4-004,"FISH_FREE,NATURALLY_GLUTEN_FREE,NATURALLY_LACTOSE_FREE,PORK_FREE,SUITABLE_FOR_COELIACS,SUITABLE_FOR_LACTOSE_INTOLERANCE,VEGAN,VEGETARIAN"
FV0333A - Tuscan Shrimp [BNL],"FA-DE Gum, Xanthan /Gummi, Xanthan",DRY-00-139153-5,DRY,0.08,grams,REC-013835-4-004,"VEGAN,VEGETARIAN"
FV0333A - Tuscan Shrimp [BNL],FA-DE Heavy Cream 20% /Sahne 20%,DAI-00-139137-3,DAI,47.58,grams,REC-013835-4-004,"VEGAN,VEGETARIAN"
FV0333A - Tuscan Shrimp [BNL],"FA-DE Kale, Shredded 5mm /Grünkohl, geschreddert, 5 mm",PHF-00-139203-3,PHF,26.16,grams,REC-013835-4-004,"VEGAN,VEGETARIAN"
FV0333A - Tuscan Shrimp [BNL],"FA-DE Milk, Whole /Milch, voll",DAI-00-139142-3,DAI,3.86,grams,REC-013835-4-004,
FV0333A - Tuscan Shrimp [BNL],"FA-DE Oil, Olive /Öl, Olivenöl",PRO-00-139277-5,PRO,13.69,grams,REC-013835-4-004,"VEGAN,VEGETARIAN"
FV0333A - Tuscan Shrimp [BNL],"FA-DE Onion, Red, Diced 10mm/Zwiebeln, rot, gewürfelt, 10 mm",PHF-00-139216-3,PHF,14.71,grams,REC-013835-4-004,"FISH_FREE,PORK_FREE,VEGAN,VEGETARIAN"
FV0333A - Tuscan Shrimp [BNL],"FA-DE Onion, Spanish, Diced 5mm /Zwiebel, Spanisch, gewürfelt 5 mm",PHF-00-139212-3,PHF,13.47,grams,REC-013835-4-004,"FISH_FREE,NATURALLY_GLUTEN_FREE,NATURALLY_LACTOSE_FREE,PORK_FREE,SUITABLE_FOR_COELIACS,SUITABLE_FOR_LACTOSE_INTOLERANCE,VEGAN,VEGETARIAN"
FV0333A - Tuscan Shrimp [BNL],FA-DE Prawns 21/25 /Garnelen 21/25 - IQF,PTN-00-139321-1,PTN,138.92,grams,REC-013835-4-004,"SUITABLE_FOR_COELIACS,SUITABLE_FOR_LACTOSE_INTOLERANCE"
FV0333A - Tuscan Shrimp [BNL],"FA-DE Spice, Basil, Dried /Gewürz, Basilikum, getrocknet",SPI-00-139331-5,SPI,0.5,grams,REC-013835-4-004,"NATURALLY_GLUTEN_FREE,NATURALLY_LACTOSE_FREE,SUITABLE_FOR_COELIACS,SUITABLE_FOR_LACTOSE_INTOLERANCE,VEGAN,VEGETARIAN"
FV0333A - Tuscan Shrimp [BNL],"FA-DE Spice, Black Pepper, Ground /Gewürz, schwarzer Pfeffer, gemahlen",SPI-00-139334-5,SPI,0.27,grams,REC-013835-4-004,"NATURALLY_GLUTEN_FREE,NATURALLY_LACTOSE_FREE,SUITABLE_FOR_COELIACS,SUITABLE_FOR_LACTOSE_INTOLERANCE,VEGAN,VEGETARIAN"
FV0333A - Tuscan Shrimp [BNL],"FA-DE Spice, Cayenne Pepper /Gewürz, Cayennepfeffer",SPI-00-139339-5,SPI,0.08,grams,REC-013835-4-004,"FISH_FREE,NATURALLY_GLUTEN_FREE,NATURALLY_LACTOSE_FREE,PORK_FREE,SUITABLE_FOR_COELIACS,SUITABLE_FOR_LACTOSE_INTOLERANCE,VEGAN,VEGETARIAN"
FV0333A - Tuscan Shrimp [BNL],"FA-DE Spice, Fennel Ground /Gewürz, Fenchel gemahlen",SPI-00-139351-5,SPI,0.17,grams,REC-013835-4-004,"NATURALLY_GLUTEN_FREE,NATURALLY_LACTOSE_FREE,SUITABLE_FOR_COELIACS,SUITABLE_FOR_LACTOSE_INTOLERANCE,VEGAN,VEGETARIAN"
FV0333A - Tuscan Shrimp [BNL],"FA-DE Spice, Garlic Granulated /Gewürz, Knoblauch granuliert",SPI-00-139353-5,SPI,0.5,grams,REC-013835-4-004,"FISH_FREE,NATURALLY_LACTOSE_FREE,PORK_FREE,SUITABLE_FOR_COELIACS,SUITABLE_FOR_LACTOSE_INTOLERANCE,VEGAN,VEGETARIAN"
FV0333A - Tuscan Shrimp [BNL],"FA-DE Spice, Garlic Powder, Toasted /Gewürz, Knoblauchpulver, geröstet",SPI-00-139354-5,SPI,0.31,grams,REC-013835-4-004,"FISH_FREE,NATURALLY_GLUTEN_FREE,NATURALLY_LACTOSE_FREE,PORK_FREE,SUITABLE_FOR_COELIACS,SUITABLE_FOR_LACTOSE_INTOLERANCE,VEGAN,VEGETARIAN"
FV0333A - Tuscan Shrimp [BNL],"FA-DE Spice, Minced Garlic, Toasted, Dry /Gewürz, gehackter Knoblauch, geröstet, trocken",SPI-00-139367-5,SPI,0.42,grams,REC-013835-4-004,"FISH_FREE,NATURALLY_GLUTEN_FREE,NATURALLY_LACTOSE_FREE,PORK_FREE,SUITABLE_FOR_COELIACS,SUITABLE_FOR_LACTOSE_INTOLERANCE,VEGAN,VEGETARIAN"
FV0333A - Tuscan Shrimp [BNL],"FA-DE Spice, Oregano Dry /Gewürz, Oregano trocken",SPI-00-139372-5,SPI,0.33,grams,REC-013835-4-004,"FISH_FREE,NATURALLY_GLUTEN_FREE,NATURALLY_LACTOSE_FREE,PORK_FREE,SUITABLE_FOR_COELIACS,SUITABLE_FOR_LACTOSE_INTOLERANCE,VEGAN,VEGETARIAN"
FV0333A - Tuscan Shrimp [BNL],"FA-DE Spice, Parsley Dried /Gewürze, getrocknete Petersilie",SPI-00-139374-5,SPI,0.04,grams,REC-013835-4-004,"FISH_FREE,NATURALLY_GLUTEN_FREE,NATURALLY_LACTOSE_FREE,PORK_FREE,SUITABLE_FOR_COELIACS,SUITABLE_FOR_LACTOSE_INTOLERANCE,VEGAN,VEGETARIAN"
FV0333A - Tuscan Shrimp [BNL],"FA-DE Spice, Rosemary, Powder /Gewürz, Rosmarin, Pulver",SPI-00-139376-5,SPI,0.33,grams,REC-013835-4-004,"VEGAN,VEGETARIAN"
FV0333A - Tuscan Shrimp [BNL],"FA-DE Spice, Sea Salt /Gewürze, Meersalz",SPI-00-139378-5,SPI,1.32,grams,REC-013835-4-004,"NATURALLY_GLUTEN_FREE,NATURALLY_LACTOSE_FREE,SUITABLE_FOR_COELIACS,SUITABLE_FOR_LACTOSE_INTOLERANCE,VEGAN,VEGETARIAN"
FV0333A - Tuscan Shrimp [BNL],"FA-DE Spice, White Pepper /Gewürz, weißer Pfeffer",SPI-00-139387-5,SPI,0.07,grams,REC-013835-4-004,"FISH_FREE,NATURALLY_GLUTEN_FREE,NATURALLY_LACTOSE_FREE,PORK_FREE,SUITABLE_FOR_COELIACS,SUITABLE_FOR_LACTOSE_INTOLERANCE,VEGAN,VEGETARIAN"
FV0333A - Tuscan Shrimp [BNL],"FA-DE Stock Concentrate, Mirepoix /Stammkonzentrat, Mirepoix",PRO-00-139287-5,PRO,0.8,grams,REC-013835-4-004,"VEGAN,VEGETARIAN"
FV0333A - Tuscan Shrimp [BNL],FA-DE Water / Wasser,OTH-00-144038-5,OTH,16.23,grams,REC-013835-4-004,
FV0333A - Tuscan Shrimp [BNL],"FA-DE Zucchini, Diced 10mm /Zucchini, gewürfelt 10 mm",PHF-00-139229-3,PHF,85,grams,REC-013835-4-004,"FISH_FREE,PORK_FREE,VEGAN,VEGETARIAN"
FV0333A - Tuscan Shrimp [DE],"FA-DE Bell Peppers, Red, Diced 10mm /Paprika, rot, gewürfelt 10 mm",PHF-00-139179-3,PHF,21.9,grams,REC-013835-4-002,"VEGAN,VEGETARIAN"
FV0333A - Tuscan Shrimp [DE],"FA-DE Butter, Unsalted /Butter, ungesalzen",DAI-00-139146-3,DAI,15.91,grams,REC-013835-4-002,VEGETARIAN
FV0333A - Tuscan Shrimp [DE],"FA-DE Cheese, Cream, 13% Fat (Milk) /Käse, Sahne, 13% Fett",DAI-00-139122-3,DAI,7.72,grams,REC-013835-4-002,
FV0333A - Tuscan Shrimp [DE],"FA-DE Cheese, Parmesan, Grated /Käse, Parmesan, gerieben",DAI-00-139127-3,DAI,6.57,grams,REC-013835-4-002,
FV0333A - Tuscan Shrimp [DE],"FA-DE Garlic, IQF, Diced 4 mm /Knoblauch, IQF, gewürfelt 4 mm",PHF-00-139237-1,PHF,7.12,grams,REC-013835-4-002,"FISH_FREE,NATURALLY_GLUTEN_FREE,NATURALLY_LACTOSE_FREE,PORK_FREE,SUITABLE_FOR_COELIACS,SUITABLE_FOR_LACTOSE_INTOLERANCE,VEGAN,VEGETARIAN"
FV0333A - Tuscan Shrimp [DE],"FA-DE Gum, Xanthan /Gummi, Xanthan",DRY-00-139153-5,DRY,0.08,grams,REC-013835-4-002,"VEGAN,VEGETARIAN"
FV0333A - Tuscan Shrimp [DE],FA-DE Heavy Cream 20% /Sahne 20%,DAI-00-139137-3,DAI,47.58,grams,REC-013835-4-002,"VEGAN,VEGETARIAN"
FV0333A - Tuscan Shrimp [DE],"FA-DE Kale, Shredded 5mm /Grünkohl, geschreddert, 5 mm",PHF-00-139203-3,PHF,26.16,grams,REC-013835-4-002,"VEGAN,VEGETARIAN"
FV0333A - Tuscan Shrimp [DE],"FA-DE Milk, Whole /Milch, voll",DAI-00-139142-3,DAI,3.86,grams,REC-013835-4-002,
FV0333A - Tuscan Shrimp [DE],"FA-DE Oil, Olive /Öl, Olivenöl",PRO-00-139277-5,PRO,13.69,grams,REC-013835-4-002,"VEGAN,VEGETARIAN"
FV0333A - Tuscan Shrimp [DE],"FA-DE Onion, Red, Diced 10mm/Zwiebeln, rot, gewürfelt, 10 mm",PHF-00-139216-3,PHF,14.71,grams,REC-013835-4-002,"FISH_FREE,PORK_FREE,VEGAN,VEGETARIAN"
FV0333A - Tuscan Shrimp [DE],"FA-DE Onion, Spanish, Diced 5mm /Zwiebel, Spanisch, gewürfelt 5 mm",PHF-00-139212-3,PHF,13.47,grams,REC-013835-4-002,"FISH_FREE,NATURALLY_GLUTEN_FREE,NATURALLY_LACTOSE_FREE,PORK_FREE,SUITABLE_FOR_COELIACS,SUITABLE_FOR_LACTOSE_INTOLERANCE,VEGAN,VEGETARIAN"
FV0333A - Tuscan Shrimp [DE],FA-DE Prawns 21/25 /Garnelen 21/25 - IQF,PTN-00-139321-1,PTN,138.92,grams,REC-013835-4-002,"SUITABLE_FOR_COELIACS,SUITABLE_FOR_LACTOSE_INTOLERANCE"
FV0333A - Tuscan Shrimp [DE],"FA-DE Spice, Basil, Dried /Gewürz, Basilikum, getrocknet",SPI-00-139331-5,SPI,0.5,grams,REC-013835-4-002,"NATURALLY_GLUTEN_FREE,NATURALLY_LACTOSE_FREE,SUITABLE_FOR_COELIACS,SUITABLE_FOR_LACTOSE_INTOLERANCE,VEGAN,VEGETARIAN"
FV0333A - Tuscan Shrimp [DE],"FA-DE Spice, Black Pepper, Ground /Gewürz, schwarzer Pfeffer, gemahlen",SPI-00-139334-5,SPI,0.27,grams,REC-013835-4-002,"NATURALLY_GLUTEN_FREE,NATURALLY_LACTOSE_FREE,SUITABLE_FOR_COELIACS,SUITABLE_FOR_LACTOSE_INTOLERANCE,VEGAN,VEGETARIAN"
FV0333A - Tuscan Shrimp [DE],"FA-DE Spice, Cayenne Pepper /Gewürz, Cayennepfeffer",SPI-00-139339-5,SPI,0.08,grams,REC-013835-4-002,"FISH_FREE,NATURALLY_GLUTEN_FREE,NATURALLY_LACTOSE_FREE,PORK_FREE,SUITABLE_FOR_COELIACS,SUITABLE_FOR_LACTOSE_INTOLERANCE,VEGAN,VEGETARIAN"
FV0333A - Tuscan Shrimp [DE],"FA-DE Spice, Fennel Ground /Gewürz, Fenchel gemahlen",SPI-00-139351-5,SPI,0.17,grams,REC-013835-4-002,"NATURALLY_GLUTEN_FREE,NATURALLY_LACTOSE_FREE,SUITABLE_FOR_COELIACS,SUITABLE_FOR_LACTOSE_INTOLERANCE,VEGAN,VEGETARIAN"
FV0333A - Tuscan Shrimp [DE],"FA-DE Spice, Garlic Granulated /Gewürz, Knoblauch granuliert",SPI-00-139353-5,SPI,0.5,grams,REC-013835-4-002,"FISH_FREE,NATURALLY_LACTOSE_FREE,PORK_FREE,SUITABLE_FOR_COELIACS,SUITABLE_FOR_LACTOSE_INTOLERANCE,VEGAN,VEGETARIAN"
FV0333A - Tuscan Shrimp [DE],"FA-DE Spice, Garlic Powder, Toasted /Gewürz, Knoblauchpulver, geröstet",SPI-00-139354-5,SPI,0.31,grams,REC-013835-4-002,"FISH_FREE,NATURALLY_GLUTEN_FREE,NATURALLY_LACTOSE_FREE,PORK_FREE,SUITABLE_FOR_COELIACS,SUITABLE_FOR_LACTOSE_INTOLERANCE,VEGAN,VEGETARIAN"
FV0333A - Tuscan Shrimp [DE],"FA-DE Spice, Minced Garlic, Toasted, Dry /Gewürz, gehackter Knoblauch, geröstet, trocken",SPI-00-139367-5,SPI,0.42,grams,REC-013835-4-002,"FISH_FREE,NATURALLY_GLUTEN_FREE,NATURALLY_LACTOSE_FREE,PORK_FREE,SUITABLE_FOR_COELIACS,SUITABLE_FOR_LACTOSE_INTOLERANCE,VEGAN,VEGETARIAN"
FV0333A - Tuscan Shrimp [DE],"FA-DE Spice, Oregano Dry /Gewürz, Oregano trocken",SPI-00-139372-5,SPI,0.33,grams,REC-013835-4-002,"FISH_FREE,NATURALLY_GLUTEN_FREE,NATURALLY_LACTOSE_FREE,PORK_FREE,SUITABLE_FOR_COELIACS,SUITABLE_FOR_LACTOSE_INTOLERANCE,VEGAN,VEGETARIAN"
FV0333A - Tuscan Shrimp [DE],"FA-DE Spice, Parsley Dried /Gewürze, getrocknete Petersilie",SPI-00-139374-5,SPI,0.04,grams,REC-013835-4-002,"FISH_FREE,NATURALLY_GLUTEN_FREE,NATURALLY_LACTOSE_FREE,PORK_FREE,SUITABLE_FOR_COELIACS,SUITABLE_FOR_LACTOSE_INTOLERANCE,VEGAN,VEGETARIAN"
FV0333A - Tuscan Shrimp [DE],"FA-DE Spice, Rosemary, Powder /Gewürz, Rosmarin, Pulver",SPI-00-139376-5,SPI,0.33,grams,REC-013835-4-002,"VEGAN,VEGETARIAN"
FV0333A - Tuscan Shrimp [DE],"FA-DE Spice, Sea Salt /Gewürze, Meersalz",SPI-00-139378-5,SPI,1.32,grams,REC-013835-4-002,"NATURALLY_GLUTEN_FREE,NATURALLY_LACTOSE_FREE,SUITABLE_FOR_COELIACS,SUITABLE_FOR_LACTOSE_INTOLERANCE,VEGAN,VEGETARIAN"
FV0333A - Tuscan Shrimp [DE],"FA-DE Spice, White Pepper /Gewürz, weißer Pfeffer",SPI-00-139387-5,SPI,0.07,grams,REC-013835-4-002,"FISH_FREE,NATURALLY_GLUTEN_FREE,NATURALLY_LACTOSE_FREE,PORK_FREE,SUITABLE_FOR_COELIACS,SUITABLE_FOR_LACTOSE_INTOLERANCE,VEGAN,VEGETARIAN"
FV0333A - Tuscan Shrimp [DE],"FA-DE Stock Concentrate, Mirepoix /Stammkonzentrat, Mirepoix",PRO-00-139287-5,PRO,0.8,grams,REC-013835-4-002,"VEGAN,VEGETARIAN"
FV0333A - Tuscan Shrimp [DE],FA-DE Water / Wasser,OTH-00-144038-5,OTH,16.23,grams,REC-013835-4-002,
FV0333A - Tuscan Shrimp [DE],"FA-DE Zucchini, Diced 10mm /Zucchini, gewürfelt 10 mm",PHF-00-139229-3,PHF,85,grams,REC-013835-4-002,"FISH_FREE,PORK_FREE,VEGAN,VEGETARIAN"
FV0333A - Tuscan Shrimp [DKSE],"FA-DE Bell Peppers, Red, Diced 10mm /Paprika, rot, gewürfelt 10 mm",PHF-00-139179-3,PHF,21.9,grams,REC-013835-4-003,"VEGAN,VEGETARIAN"
FV0333A - Tuscan Shrimp [DKSE],"FA-DE Butter, Unsalted /Butter, ungesalzen",DAI-00-139146-3,DAI,15.91,grams,REC-013835-4-003,VEGETARIAN
FV0333A - Tuscan Shrimp [DKSE],"FA-DE Cheese, Cream, 13% Fat (Milk) /Käse, Sahne, 13% Fett",DAI-00-139122-3,DAI,7.72,grams,REC-013835-4-003,
FV0333A - Tuscan Shrimp [DKSE],"FA-DE Cheese, Parmesan, Grated /Käse, Parmesan, gerieben",DAI-00-139127-3,DAI,6.57,grams,REC-013835-4-003,
FV0333A - Tuscan Shrimp [DKSE],"FA-DE Garlic, IQF, Diced 4 mm /Knoblauch, IQF, gewürfelt 4 mm",PHF-00-139237-1,PHF,7.12,grams,REC-013835-4-003,"FISH_FREE,NATURALLY_GLUTEN_FREE,NATURALLY_LACTOSE_FREE,PORK_FREE,SUITABLE_FOR_COELIACS,SUITABLE_FOR_LACTOSE_INTOLERANCE,VEGAN,VEGETARIAN"
FV0333A - Tuscan Shrimp [DKSE],"FA-DE Gum, Xanthan /Gummi, Xanthan",DRY-00-139153-5,DRY,0.08,grams,REC-013835-4-003,"VEGAN,VEGETARIAN"
FV0333A - Tuscan Shrimp [DKSE],FA-DE Heavy Cream 20% /Sahne 20%,DAI-00-139137-3,DAI,47.58,grams,REC-013835-4-003,"VEGAN,VEGETARIAN"
FV0333A - Tuscan Shrimp [DKSE],"FA-DE Kale, Shredded 5mm /Grünkohl, geschreddert, 5 mm",PHF-00-139203-3,PHF,26.16,grams,REC-013835-4-003,"VEGAN,VEGETARIAN"
FV0333A - Tuscan Shrimp [DKSE],"FA-DE Milk, Whole /Milch, voll",DAI-00-139142-3,DAI,3.86,grams,REC-013835-4-003,
FV0333A - Tuscan Shrimp [DKSE],"FA-DE Oil, Olive /Öl, Olivenöl",PRO-00-139277-5,PRO,13.69,grams,REC-013835-4-003,"VEGAN,VEGETARIAN"
FV0333A - Tuscan Shrimp [DKSE],"FA-DE Onion, Red, Diced 10mm/Zwiebeln, rot, gewürfelt, 10 mm",PHF-00-139216-3,PHF,14.71,grams,REC-013835-4-003,"FISH_FREE,PORK_FREE,VEGAN,VEGETARIAN"
FV0333A - Tuscan Shrimp [DKSE],"FA-DE Onion, Spanish, Diced 5mm /Zwiebel, Spanisch, gewürfelt 5 mm",PHF-00-139212-3,PHF,13.47,grams,REC-013835-4-003,"FISH_FREE,NATURALLY_GLUTEN_FREE,NATURALLY_LACTOSE_FREE,PORK_FREE,SUITABLE_FOR_COELIACS,SUITABLE_FOR_LACTOSE_INTOLERANCE,VEGAN,VEGETARIAN"
FV0333A - Tuscan Shrimp [DKSE],FA-DE Prawns 21/25 /Garnelen 21/25 - IQF,PTN-00-139321-1,PTN,138.92,grams,REC-013835-4-003,"SUITABLE_FOR_COELIACS,SUITABLE_FOR_LACTOSE_INTOLERANCE"
FV0333A - Tuscan Shrimp [DKSE],"FA-DE Spice, Basil, Dried /Gewürz, Basilikum, getrocknet",SPI-00-139331-5,SPI,0.5,grams,REC-013835-4-003,"NATURALLY_GLUTEN_FREE,NATURALLY_LACTOSE_FREE,SUITABLE_FOR_COELIACS,SUITABLE_FOR_LACTOSE_INTOLERANCE,VEGAN,VEGETARIAN"
FV0333A - Tuscan Shrimp [DKSE],"FA-DE Spice, Black Pepper, Ground /Gewürz, schwarzer Pfeffer, gemahlen",SPI-00-139334-5,SPI,0.27,grams,REC-013835-4-003,"NATURALLY_GLUTEN_FREE,NATURALLY_LACTOSE_FREE,SUITABLE_FOR_COELIACS,SUITABLE_FOR_LACTOSE_INTOLERANCE,VEGAN,VEGETARIAN"
FV0333A - Tuscan Shrimp [DKSE],"FA-DE Spice, Cayenne Pepper /Gewürz, Cayennepfeffer",SPI-00-139339-5,SPI,0.08,grams,REC-013835-4-003,"FISH_FREE,NATURALLY_GLUTEN_FREE,NATURALLY_LACTOSE_FREE,PORK_FREE,SUITABLE_FOR_COELIACS,SUITABLE_FOR_LACTOSE_INTOLERANCE,VEGAN,VEGETARIAN"
FV0333A - Tuscan Shrimp [DKSE],"FA-DE Spice, Fennel Ground /Gewürz, Fenchel gemahlen",SPI-00-139351-5,SPI,0.17,grams,REC-013835-4-003,"NATURALLY_GLUTEN_FREE,NATURALLY_LACTOSE_FREE,SUITABLE_FOR_COELIACS,SUITABLE_FOR_LACTOSE_INTOLERANCE,VEGAN,VEGETARIAN"
FV0333A - Tuscan Shrimp [DKSE],"FA-DE Spice, Garlic Granulated /Gewürz, Knoblauch granuliert",SPI-00-139353-5,SPI,0.5,grams,REC-013835-4-003,"FISH_FREE,NATURALLY_LACTOSE_FREE,PORK_FREE,SUITABLE_FOR_COELIACS,SUITABLE_FOR_LACTOSE_INTOLERANCE,VEGAN,VEGETARIAN"
FV0333A - Tuscan Shrimp [DKSE],"FA-DE Spice, Garlic Powder, Toasted /Gewürz, Knoblauchpulver, geröstet",SPI-00-139354-5,SPI,0.31,grams,REC-013835-4-003,"FISH_FREE,NATURALLY_GLUTEN_FREE,NATURALLY_LACTOSE_FREE,PORK_FREE,SUITABLE_FOR_COELIACS,SUITABLE_FOR_LACTOSE_INTOLERANCE,VEGAN,VEGETARIAN"
FV0333A - Tuscan Shrimp [DKSE],"FA-DE Spice, Minced Garlic, Toasted, Dry /Gewürz, gehackter Knoblauch, geröstet, trocken",SPI-00-139367-5,SPI,0.42,grams,REC-013835-4-003,"FISH_FREE,NATURALLY_GLUTEN_FREE,NATURALLY_LACTOSE_FREE,PORK_FREE,SUITABLE_FOR_COELIACS,SUITABLE_FOR_LACTOSE_INTOLERANCE,VEGAN,VEGETARIAN"
FV0333A - Tuscan Shrimp [DKSE],"FA-DE Spice, Oregano Dry /Gewürz, Oregano trocken",SPI-00-139372-5,SPI,0.33,grams,REC-013835-4-003,"FISH_FREE,NATURALLY_GLUTEN_FREE,NATURALLY_LACTOSE_FREE,PORK_FREE,SUITABLE_FOR_COELIACS,SUITABLE_FOR_LACTOSE_INTOLERANCE,VEGAN,VEGETARIAN"
FV0333A - Tuscan Shrimp [DKSE],"FA-DE Spice, Parsley Dried /Gewürze, getrocknete Petersilie",SPI-00-139374-5,SPI,0.04,grams,REC-013835-4-003,"FISH_FREE,NATURALLY_GLUTEN_FREE,NATURALLY_LACTOSE_FREE,PORK_FREE,SUITABLE_FOR_COELIACS,SUITABLE_FOR_LACTOSE_INTOLERANCE,VEGAN,VEGETARIAN"
FV0333A - Tuscan Shrimp [DKSE],"FA-DE Spice, Rosemary, Powder /Gewürz, Rosmarin, Pulver",SPI-00-139376-5,SPI,0.33,grams,REC-013835-4-003,"VEGAN,VEGETARIAN"
FV0333A - Tuscan Shrimp [DKSE],"FA-DE Spice, Sea Salt /Gewürze, Meersalz",SPI-00-139378-5,SPI,1.32,grams,REC-013835-4-003,"NATURALLY_GLUTEN_FREE,NATURALLY_LACTOSE_FREE,SUITABLE_FOR_COELIACS,SUITABLE_FOR_LACTOSE_INTOLERANCE,VEGAN,VEGETARIAN"
FV0333A - Tuscan Shrimp [DKSE],"FA-DE Spice, White Pepper /Gewürz, weißer Pfeffer",SPI-00-139387-5,SPI,0.07,grams,REC-013835-4-003,"FISH_FREE,NATURALLY_GLUTEN_FREE,NATURALLY_LACTOSE_FREE,PORK_FREE,SUITABLE_FOR_COELIACS,SUITABLE_FOR_LACTOSE_INTOLERANCE,VEGAN,VEGETARIAN"
FV0333A - Tuscan Shrimp [DKSE],"FA-DE Stock Concentrate, Mirepoix /Stammkonzentrat, Mirepoix",PRO-00-139287-5,PRO,0.8,grams,REC-013835-4-003,"VEGAN,VEGETARIAN"
FV0333A - Tuscan Shrimp [DKSE],FA-DE Water / Wasser,OTH-00-144038-5,OTH,16.23,grams,REC-013835-4-003,
FV0333A - Tuscan Shrimp [DKSE],"FA-DE Zucchini, Diced 10mm /Zucchini, gewürfelt 10 mm",PHF-00-139229-3,PHF,85,grams,REC-013835-4-003,"FISH_FREE,PORK_FREE,VEGAN,VEGETARIAN"
FV0426A - Potato Leek Mash & Grilled Chicken [BNL],"FA-DE Butter, Unsalted /Butter, ungesalzen",DAI-00-139146-3,DAI,9,grams,REC-013840-4-002,VEGETARIAN
FV0426A - Potato Leek Mash & Grilled Chicken [BNL],"FA-DE Cheese, Cream, 13% Fat (Milk) /Käse, Sahne, 13% Fett",DAI-00-139122-3,DAI,15.52,grams,REC-013840-4-002,
FV0426A - Potato Leek Mash & Grilled Chicken [BNL],"FA-DE Cheese, Parmesan, Grated /Käse, Parmesan, gerieben",DAI-00-139127-3,DAI,3,grams,REC-013840-4-002,
FV0426A - Potato Leek Mash & Grilled Chicken [BNL],"FA-DE Chicken, Breast, B/S - 160g/Hähnchen, Brust, B/S – 160 g",PTN-00-139317-3,PTN,160,grams,REC-013840-4-002,
FV0426A - Potato Leek Mash & Grilled Chicken [BNL],"FA-DE Chives, Dried /Schnittlauch, getrocknet",SPI-00-139322-5,SPI,0.43,grams,REC-013840-4-002,"FISH_FREE,NATURALLY_GLUTEN_FREE,NATURALLY_LACTOSE_FREE,PORK_FREE,SUITABLE_FOR_COELIACS,SUITABLE_FOR_LACTOSE_INTOLERANCE,VEGAN,VEGETARIAN"
FV0426A - Potato Leek Mash & Grilled Chicken [BNL],"FA-DE Garlic, IQF, Diced 4 mm /Knoblauch, IQF, gewürfelt 4 mm",PHF-00-139237-1,PHF,3.05,grams,REC-013840-4-002,"FISH_FREE,NATURALLY_GLUTEN_FREE,NATURALLY_LACTOSE_FREE,PORK_FREE,SUITABLE_FOR_COELIACS,SUITABLE_FOR_LACTOSE_INTOLERANCE,VEGAN,VEGETARIAN"
FV0426A - Potato Leek Mash & Grilled Chicken [BNL],"FA-DE Garlic, Peeled, Whole Cloves [10kg] /Knoblauch, geschält, ganze Nelken [10kg]",PHF-00-139197-3,PHF,8.29,grams,REC-013840-4-002,"SUITABLE_FOR_COELIACS,SUITABLE_FOR_LACTOSE_INTOLERANCE,VEGAN,VEGETARIAN"
FV0426A - Potato Leek Mash & Grilled Chicken [BNL],FA-DE Heavy Cream 35% /Sahne 35%,DAI-00-148167-3,DAI,3.1,grams,REC-013840-4-002,VEGETARIAN
FV0426A - Potato Leek Mash & Grilled Chicken [BNL],"FA-DE Leek, Diced 5mm /Lauch, gewürfelt, 5 mm",PHF-00-139204-3,PHF,12.22,grams,REC-013840-4-002,"FISH_FREE,NATURALLY_LACTOSE_FREE,PORK_FREE,SUITABLE_FOR_LACTOSE_INTOLERANCE,VEGAN,VEGETARIAN"
FV0426A - Potato Leek Mash & Grilled Chicken [BNL],"FA-DE Milk, Whole /Milch, voll",DAI-00-139142-3,DAI,6.21,grams,REC-013840-4-002,
FV0426A - Potato Leek Mash & Grilled Chicken [BNL],"FA-DE Oil, Olive /Öl, Olivenöl",PRO-00-139277-5,PRO,8.77,grams,REC-013840-4-002,"VEGAN,VEGETARIAN"
FV0426A - Potato Leek Mash & Grilled Chicken [BNL],"FA-DE Onion, Spanish, Diced 5mm /Zwiebel, Spanisch, gewürfelt 5 mm",PHF-00-139212-3,PHF,3.01,grams,REC-013840-4-002,"FISH_FREE,NATURALLY_GLUTEN_FREE,NATURALLY_LACTOSE_FREE,PORK_FREE,SUITABLE_FOR_COELIACS,SUITABLE_FOR_LACTOSE_INTOLERANCE,VEGAN,VEGETARIAN"
FV0426A - Potato Leek Mash & Grilled Chicken [BNL],"FA-DE Potatoes, Diced 10mm /Kartoffeln, gewürfelt, 10 mm",PHF-00-139219-3,PHF,113.96,grams,REC-013840-4-002,"VEGAN,VEGETARIAN"
FV0426A - Potato Leek Mash & Grilled Chicken [BNL],FA-DE Sour Cream /Sauerrahm,DAI-00-139141-3,DAI,12.73,grams,REC-013840-4-002,VEGETARIAN
FV0426A - Potato Leek Mash & Grilled Chicken [BNL],"FA-DE Spice, Black Pepper, Ground /Gewürz, schwarzer Pfeffer, gemahlen",SPI-00-139334-5,SPI,0.29,grams,REC-013840-4-002,"NATURALLY_GLUTEN_FREE,NATURALLY_LACTOSE_FREE,SUITABLE_FOR_COELIACS,SUITABLE_FOR_LACTOSE_INTOLERANCE,VEGAN,VEGETARIAN"
FV0426A - Potato Leek Mash & Grilled Chicken [BNL],"FA-DE Spice, Garlic Granulated /Gewürz, Knoblauch granuliert",SPI-00-139353-5,SPI,0.23,grams,REC-013840-4-002,"FISH_FREE,NATURALLY_LACTOSE_FREE,PORK_FREE,SUITABLE_FOR_COELIACS,SUITABLE_FOR_LACTOSE_INTOLERANCE,VEGAN,VEGETARIAN"
FV0426A - Potato Leek Mash & Grilled Chicken [BNL],"FA-DE Spice, Italian Seasoning /Gewürze, italienische Gewürze",SPI-00-139359-5,SPI,0.36,grams,REC-013840-4-002,"VEGAN,VEGETARIAN"
FV0426A - Potato Leek Mash & Grilled Chicken [BNL],"FA-DE Spice, Parsley Dried /Gewürze, getrocknete Petersilie",SPI-00-139374-5,SPI,0.12,grams,REC-013840-4-002,"FISH_FREE,NATURALLY_GLUTEN_FREE,NATURALLY_LACTOSE_FREE,PORK_FREE,SUITABLE_FOR_COELIACS,SUITABLE_FOR_LACTOSE_INTOLERANCE,VEGAN,VEGETARIAN"
FV0426A - Potato Leek Mash & Grilled Chicken [BNL],"FA-DE Spice, Sea Salt /Gewürze, Meersalz",SPI-00-139378-5,SPI,2.83,grams,REC-013840-4-002,"NATURALLY_GLUTEN_FREE,NATURALLY_LACTOSE_FREE,SUITABLE_FOR_COELIACS,SUITABLE_FOR_LACTOSE_INTOLERANCE,VEGAN,VEGETARIAN"
FV0426A - Potato Leek Mash & Grilled Chicken [BNL],"FA-DE Sweetcorn Supersweet Kernels, IQF /Zuckermais-Supersüßkörner, IQF",PHF-00-139236-1,PHF,64.2,grams,REC-013840-4-002,"FISH_FREE,NATURALLY_GLUTEN_FREE,NATURALLY_LACTOSE_FREE,PORK_FREE,SUITABLE_FOR_COELIACS,SUITABLE_FOR_LACTOSE_INTOLERANCE,VEGAN,VEGETARIAN"
FV0426A - Potato Leek Mash & Grilled Chicken [BNL],FA-DE Water / Wasser,OTH-00-144038-5,OTH,160,grams,REC-013840-4-002,
FV0426A - Potato Leek Mash & Grilled Chicken [BNL],"FA-DE Zucchini, Diced 10mm /Zucchini, gewürfelt 10 mm",PHF-00-139229-3,PHF,83.25,grams,REC-013840-4-002,"FISH_FREE,PORK_FREE,VEGAN,VEGETARIAN"
FV0426A - Potato Leek Mash & Grilled Chicken [DE],"FA-DE Butter, Unsalted /Butter, ungesalzen",DAI-00-139146-3,DAI,9,grams,REC-013840-4-004,VEGETARIAN
FV0426A - Potato Leek Mash & Grilled Chicken [DE],"FA-DE Cheese, Cream, 13% Fat (Milk) /Käse, Sahne, 13% Fett",DAI-00-139122-3,DAI,15.52,grams,REC-013840-4-004,
FV0426A - Potato Leek Mash & Grilled Chicken [DE],"FA-DE Cheese, Parmesan, Grated /Käse, Parmesan, gerieben",DAI-00-139127-3,DAI,3,grams,REC-013840-4-004,
FV0426A - Potato Leek Mash & Grilled Chicken [DE],"FA-DE Chicken, Breast, B/S - 160g/Hähnchen, Brust, B/S – 160 g",PTN-00-139317-3,PTN,160,grams,REC-013840-4-004,
FV0426A - Potato Leek Mash & Grilled Chicken [DE],"FA-DE Chives, Dried /Schnittlauch, getrocknet",SPI-00-139322-5,SPI,0.43,grams,REC-013840-4-004,"FISH_FREE,NATURALLY_GLUTEN_FREE,NATURALLY_LACTOSE_FREE,PORK_FREE,SUITABLE_FOR_COELIACS,SUITABLE_FOR_LACTOSE_INTOLERANCE,VEGAN,VEGETARIAN"
FV0426A - Potato Leek Mash & Grilled Chicken [DE],"FA-DE Garlic, IQF, Diced 4 mm /Knoblauch, IQF, gewürfelt 4 mm",PHF-00-139237-1,PHF,3.05,grams,REC-013840-4-004,"FISH_FREE,NATURALLY_GLUTEN_FREE,NATURALLY_LACTOSE_FREE,PORK_FREE,SUITABLE_FOR_COELIACS,SUITABLE_FOR_LACTOSE_INTOLERANCE,VEGAN,VEGETARIAN"
FV0426A - Potato Leek Mash & Grilled Chicken [DE],"FA-DE Garlic, Peeled, Whole Cloves [10kg] /Knoblauch, geschält, ganze Nelken [10kg]",PHF-00-139197-3,PHF,8.29,grams,REC-013840-4-004,"SUITABLE_FOR_COELIACS,SUITABLE_FOR_LACTOSE_INTOLERANCE,VEGAN,VEGETARIAN"
FV0426A - Potato Leek Mash & Grilled Chicken [DE],FA-DE Heavy Cream 35% /Sahne 35%,DAI-00-148167-3,DAI,3.1,grams,REC-013840-4-004,VEGETARIAN
FV0426A - Potato Leek Mash & Grilled Chicken [DE],"FA-DE Leek, Diced 5mm /Lauch, gewürfelt, 5 mm",PHF-00-139204-3,PHF,12.22,grams,REC-013840-4-004,"FISH_FREE,NATURALLY_LACTOSE_FREE,PORK_FREE,SUITABLE_FOR_LACTOSE_INTOLERANCE,VEGAN,VEGETARIAN"
FV0426A - Potato Leek Mash & Grilled Chicken [DE],"FA-DE Milk, Whole /Milch, voll",DAI-00-139142-3,DAI,6.21,grams,REC-013840-4-004,
FV0426A - Potato Leek Mash & Grilled Chicken [DE],"FA-DE Oil, Olive /Öl, Olivenöl",PRO-00-139277-5,PRO,8.77,grams,REC-013840-4-004,"VEGAN,VEGETARIAN"
FV0426A - Potato Leek Mash & Grilled Chicken [DE],"FA-DE Onion, Spanish, Diced 5mm /Zwiebel, Spanisch, gewürfelt 5 mm",PHF-00-139212-3,PHF,3.01,grams,REC-013840-4-004,"FISH_FREE,NATURALLY_GLUTEN_FREE,NATURALLY_LACTOSE_FREE,PORK_FREE,SUITABLE_FOR_COELIACS,SUITABLE_FOR_LACTOSE_INTOLERANCE,VEGAN,VEGETARIAN"
FV0426A - Potato Leek Mash & Grilled Chicken [DE],"FA-DE Potatoes, Diced 10mm /Kartoffeln, gewürfelt, 10 mm",PHF-00-139219-3,PHF,113.96,grams,REC-013840-4-004,"VEGAN,VEGETARIAN"
FV0426A - Potato Leek Mash & Grilled Chicken [DE],FA-DE Sour Cream /Sauerrahm,DAI-00-139141-3,DAI,12.73,grams,REC-013840-4-004,VEGETARIAN
FV0426A - Potato Leek Mash & Grilled Chicken [DE],"FA-DE Spice, Black Pepper, Ground /Gewürz, schwarzer Pfeffer, gemahlen",SPI-00-139334-5,SPI,0.29,grams,REC-013840-4-004,"NATURALLY_GLUTEN_FREE,NATURALLY_LACTOSE_FREE,SUITABLE_FOR_COELIACS,SUITABLE_FOR_LACTOSE_INTOLERANCE,VEGAN,VEGETARIAN"
FV0426A - Potato Leek Mash & Grilled Chicken [DE],"FA-DE Spice, Garlic Granulated /Gewürz, Knoblauch granuliert",SPI-00-139353-5,SPI,0.23,grams,REC-013840-4-004,"FISH_FREE,NATURALLY_LACTOSE_FREE,PORK_FREE,SUITABLE_FOR_COELIACS,SUITABLE_FOR_LACTOSE_INTOLERANCE,VEGAN,VEGETARIAN"
FV0426A - Potato Leek Mash & Grilled Chicken [DE],"FA-DE Spice, Italian Seasoning /Gewürze, italienische Gewürze",SPI-00-139359-5,SPI,0.36,grams,REC-013840-4-004,"VEGAN,VEGETARIAN"
FV0426A - Potato Leek Mash & Grilled Chicken [DE],"FA-DE Spice, Parsley Dried /Gewürze, getrocknete Petersilie",SPI-00-139374-5,SPI,0.12,grams,REC-013840-4-004,"FISH_FREE,NATURALLY_GLUTEN_FREE,NATURALLY_LACTOSE_FREE,PORK_FREE,SUITABLE_FOR_COELIACS,SUITABLE_FOR_LACTOSE_INTOLERANCE,VEGAN,VEGETARIAN"
FV0426A - Potato Leek Mash & Grilled Chicken [DE],"FA-DE Spice, Sea Salt /Gewürze, Meersalz",SPI-00-139378-5,SPI,2.83,grams,REC-013840-4-004,"NATURALLY_GLUTEN_FREE,NATURALLY_LACTOSE_FREE,SUITABLE_FOR_COELIACS,SUITABLE_FOR_LACTOSE_INTOLERANCE,VEGAN,VEGETARIAN"
FV0426A - Potato Leek Mash & Grilled Chicken [DE],"FA-DE Sweetcorn Supersweet Kernels, IQF /Zuckermais-Supersüßkörner, IQF",PHF-00-139236-1,PHF,64.2,grams,REC-013840-4-004,"FISH_FREE,NATURALLY_GLUTEN_FREE,NATURALLY_LACTOSE_FREE,PORK_FREE,SUITABLE_FOR_COELIACS,SUITABLE_FOR_LACTOSE_INTOLERANCE,VEGAN,VEGETARIAN"
FV0426A - Potato Leek Mash & Grilled Chicken [DE],FA-DE Water / Wasser,OTH-00-144038-5,OTH,160,grams,REC-013840-4-004,
FV0426A - Potato Leek Mash & Grilled Chicken [DE],"FA-DE Zucchini, Diced 10mm /Zucchini, gewürfelt 10 mm",PHF-00-139229-3,PHF,83.25,grams,REC-013840-4-004,"FISH_FREE,PORK_FREE,VEGAN,VEGETARIAN"
FV0472A - Indian Butter Chicken [BNL],"FA-DE Butter, Unsalted /Butter, ungesalzen",DAI-00-139146-3,DAI,18.52,grams,REC-013852-4-003,VEGETARIAN
FV0472A - Indian Butter Chicken [BNL],"FA-DE Cauliflower, Riced, IQF /Blumenkohl, Reis, IQF",PHF-00-139233-1,PHF,135.26,grams,REC-013852-4-003,"FISH_FREE,NATURALLY_GLUTEN_FREE,NATURALLY_LACTOSE_FREE,PORK_FREE,SUITABLE_FOR_COELIACS,SUITABLE_FOR_LACTOSE_INTOLERANCE,VEGAN,VEGETARIAN"
FV0472A - Indian Butter Chicken [BNL],"FA-DE Chicken Breast, Chunked, Boneless Skinless /Hähnchenbrust, in Stücken, ohne Knochen und ohne Haut",PTN-00-139314-3,PTN,128.29,grams,REC-013852-4-003,"NATURALLY_GLUTEN_FREE,NATURALLY_LACTOSE_FREE,SUITABLE_FOR_COELIACS,SUITABLE_FOR_LACTOSE_INTOLERANCE"
FV0472A - Indian Butter Chicken [BNL],"FA-DE Coriander, Chopped /Koriander, gehackt",PHF-00-139192-3,PHF,7.27,grams,REC-013852-4-003,"VEGAN,VEGETARIAN"
FV0472A - Indian Butter Chicken [BNL],"FA-DE Garlic, IQF, Diced 4 mm /Knoblauch, IQF, gewürfelt 4 mm",PHF-00-139237-1,PHF,4,grams,REC-013852-4-003,"FISH_FREE,NATURALLY_GLUTEN_FREE,NATURALLY_LACTOSE_FREE,PORK_FREE,SUITABLE_FOR_COELIACS,SUITABLE_FOR_LACTOSE_INTOLERANCE,VEGAN,VEGETARIAN"
FV0472A - Indian Butter Chicken [BNL],"FA-DE Garlic, Peeled, Whole Cloves [10kg] /Knoblauch, geschält, ganze Nelken [10kg]",PHF-00-139197-3,PHF,15.02,grams,REC-013852-4-003,"SUITABLE_FOR_COELIACS,SUITABLE_FOR_LACTOSE_INTOLERANCE,VEGAN,VEGETARIAN"
FV0472A - Indian Butter Chicken [BNL],"FA-DE Ginger, IQF, Diced 4 mm /Ingwer, IQF, gewürfelt 4 mm",PHF-00-139238-1,PHF,4.61,grams,REC-013852-4-003,"FISH_FREE,NATURALLY_GLUTEN_FREE,NATURALLY_LACTOSE_FREE,PORK_FREE,SUITABLE_FOR_COELIACS,SUITABLE_FOR_LACTOSE_INTOLERANCE,VEGAN,VEGETARIAN"
FV0472A - Indian Butter Chicken [BNL],FA-DE Heavy Cream 20% /Sahne 20%,DAI-00-139137-3,DAI,32.8,grams,REC-013852-4-003,"VEGAN,VEGETARIAN"
FV0472A - Indian Butter Chicken [BNL],"FA-DE Juice, Lime /Saft, Limette",PRO-00-139268-5,PRO,1.09,grams,REC-013852-4-003,"FISH_FREE,NATURALLY_LACTOSE_FREE,PORK_FREE,SUITABLE_FOR_LACTOSE_INTOLERANCE,VEGAN,VEGETARIAN"
FV0472A - Indian Butter Chicken [BNL],"FA-DE Oil, Olive /Öl, Olivenöl",PRO-00-139277-5,PRO,20.91,grams,REC-013852-4-003,"VEGAN,VEGETARIAN"
FV0472A - Indian Butter Chicken [BNL],"FA-DE Onion, Green, Sliced 5mm /Zwiebel, grün, in Scheiben geschnitten, 5 mm",PHF-00-149803-3,PHF,7.06,grams,REC-013852-4-003,"FISH_FREE,PORK_FREE,VEGAN,VEGETARIAN"
FV0472A - Indian Butter Chicken [BNL],"FA-DE Onion, Spanish, Diced 5mm /Zwiebel, Spanisch, gewürfelt 5 mm",PHF-00-139212-3,PHF,15.44,grams,REC-013852-4-003,"FISH_FREE,NATURALLY_GLUTEN_FREE,NATURALLY_LACTOSE_FREE,PORK_FREE,SUITABLE_FOR_COELIACS,SUITABLE_FOR_LACTOSE_INTOLERANCE,VEGAN,VEGETARIAN"
FV0472A - Indian Butter Chicken [BNL],"FA-DE Spice, Black Pepper, Ground /Gewürz, schwarzer Pfeffer, gemahlen",SPI-00-139334-5,SPI,0.21,grams,REC-013852-4-003,"NATURALLY_GLUTEN_FREE,NATURALLY_LACTOSE_FREE,SUITABLE_FOR_COELIACS,SUITABLE_FOR_LACTOSE_INTOLERANCE,VEGAN,VEGETARIAN"
FV0472A - Indian Butter Chicken [BNL],"FA-DE Spice, Chili Powder /Gewürz, Chilipulver",SPI-00-139340-5,SPI,0.32,grams,REC-013852-4-003,"NATURALLY_GLUTEN_FREE,NATURALLY_LACTOSE_FREE,SUITABLE_FOR_COELIACS,SUITABLE_FOR_LACTOSE_INTOLERANCE,VEGAN,VEGETARIAN"
FV0472A - Indian Butter Chicken [BNL],"FA-DE Spice, Cinnamon Ground /Gewürz, gemahlener Zimt",SPI-00-139341-5,SPI,0.18,grams,REC-013852-4-003,"NATURALLY_GLUTEN_FREE,NATURALLY_LACTOSE_FREE,SUITABLE_FOR_COELIACS,SUITABLE_FOR_LACTOSE_INTOLERANCE,VEGAN,VEGETARIAN"
FV0472A - Indian Butter Chicken [BNL],"FA-DE Spice, Cloves Ground /Gewürze, gemahlene Nelken",SPI-00-139342-5,SPI,0.09,grams,REC-013852-4-003,"FISH_FREE,NATURALLY_GLUTEN_FREE,NATURALLY_LACTOSE_FREE,PORK_FREE,SUITABLE_FOR_COELIACS,SUITABLE_FOR_LACTOSE_INTOLERANCE,VEGAN,VEGETARIAN"
FV0472A - Indian Butter Chicken [BNL],"FA-DE Spice, Coriander Ground /Gewürz, gemahlener Koriander",SPI-00-139386-5,SPI,0.56,grams,REC-013852-4-003,"NATURALLY_GLUTEN_FREE,NATURALLY_LACTOSE_FREE,SUITABLE_FOR_COELIACS,SUITABLE_FOR_LACTOSE_INTOLERANCE,VEGAN,VEGETARIAN"
FV0472A - Indian Butter Chicken [BNL],"FA-DE Spice, Cumin Ground /Gewürz, gemahlener Kreuzkümmel",SPI-00-139345-5,SPI,1.36,grams,REC-013852-4-003,"FISH_FREE,NATURALLY_GLUTEN_FREE,NATURALLY_LACTOSE_FREE,PORK_FREE,SUITABLE_FOR_COELIACS,SUITABLE_FOR_LACTOSE_INTOLERANCE,VEGAN,VEGETARIAN"
FV0472A - Indian Butter Chicken [BNL],"FA-DE Spice, Fennel Ground /Gewürz, Fenchel gemahlen",SPI-00-139351-5,SPI,0.04,grams,REC-013852-4-003,"NATURALLY_GLUTEN_FREE,NATURALLY_LACTOSE_FREE,SUITABLE_FOR_COELIACS,SUITABLE_FOR_LACTOSE_INTOLERANCE,VEGAN,VEGETARIAN"
FV0472A - Indian Butter Chicken [BNL],"FA-DE Spice, Fenugreek Powder /Gewürz, Bockshornkleepulver",SPI-00-154750-5,SPI,0.1,grams,REC-013852-4-003,"VEGAN,VEGETARIAN"
FV0472A - Indian Butter Chicken [BNL],"FA-DE Spice, Nutmeg Ground /Gewürz, gemahlene Muskatnuss",SPI-00-139368-5,SPI,0.09,grams,REC-013852-4-003,"VEGAN,VEGETARIAN"
FV0472A - Indian Butter Chicken [BNL],"FA-DE Spice, Sea Salt /Gewürze, Meersalz",SPI-00-139378-5,SPI,2.61,grams,REC-013852-4-003,"NATURALLY_GLUTEN_FREE,NATURALLY_LACTOSE_FREE,SUITABLE_FOR_COELIACS,SUITABLE_FOR_LACTOSE_INTOLERANCE,VEGAN,VEGETARIAN"
FV0472A - Indian Butter Chicken [BNL],"FA-DE Spice, Turmeric /Gewürz, Kurkuma",SPI-00-139384-5,SPI,0.41,grams,REC-013852-4-003,"FISH_FREE,NATURALLY_GLUTEN_FREE,NATURALLY_LACTOSE_FREE,PORK_FREE,SUITABLE_FOR_COELIACS,SUITABLE_FOR_LACTOSE_INTOLERANCE,VEGAN,VEGETARIAN"
FV0472A - Indian Butter Chicken [BNL],"FA-DE Tomatoes, Crushed /Tomaten, zerkleinert",PRO-00-139294-5,PRO,41.79,grams,REC-013852-4-003,"NATURALLY_GLUTEN_FREE,NATURALLY_LACTOSE_FREE,SUITABLE_FOR_COELIACS,SUITABLE_FOR_LACTOSE_INTOLERANCE,VEGAN,VEGETARIAN"
FV0472A - Indian Butter Chicken [BNL],FA-DE Water / Wasser,OTH-00-144038-5,OTH,128.29,grams,REC-013852-4-003,
FV0472A - Indian Butter Chicken [BNL],"FA-DE Yogurt, Greek, Plain /Joghurt, Griechisch, Natur",DAI-00-139161-3,DAI,6.87,grams,REC-013852-4-003,VEGETARIAN
FV0472A - Indian Butter Chicken [DE],"FA-DE Butter, Unsalted /Butter, ungesalzen",DAI-00-139146-3,DAI,18.52,grams,REC-013852-4-002,VEGETARIAN
FV0472A - Indian Butter Chicken [DE],"FA-DE Cauliflower, Riced, IQF /Blumenkohl, Reis, IQF",PHF-00-139233-1,PHF,135.26,grams,REC-013852-4-002,"FISH_FREE,NATURALLY_GLUTEN_FREE,NATURALLY_LACTOSE_FREE,PORK_FREE,SUITABLE_FOR_COELIACS,SUITABLE_FOR_LACTOSE_INTOLERANCE,VEGAN,VEGETARIAN"
FV0472A - Indian Butter Chicken [DE],"FA-DE Chicken Breast, Chunked, Boneless Skinless /Hähnchenbrust, in Stücken, ohne Knochen und ohne Haut",PTN-00-139314-3,PTN,128.29,grams,REC-013852-4-002,"NATURALLY_GLUTEN_FREE,NATURALLY_LACTOSE_FREE,SUITABLE_FOR_COELIACS,SUITABLE_FOR_LACTOSE_INTOLERANCE"
FV0472A - Indian Butter Chicken [DE],"FA-DE Coriander, Chopped /Koriander, gehackt",PHF-00-139192-3,PHF,7.27,grams,REC-013852-4-002,"VEGAN,VEGETARIAN"
FV0472A - Indian Butter Chicken [DE],"FA-DE Garlic, IQF, Diced 4 mm /Knoblauch, IQF, gewürfelt 4 mm",PHF-00-139237-1,PHF,4,grams,REC-013852-4-002,"FISH_FREE,NATURALLY_GLUTEN_FREE,NATURALLY_LACTOSE_FREE,PORK_FREE,SUITABLE_FOR_COELIACS,SUITABLE_FOR_LACTOSE_INTOLERANCE,VEGAN,VEGETARIAN"
FV0472A - Indian Butter Chicken [DE],"FA-DE Garlic, Peeled, Whole Cloves [10kg] /Knoblauch, geschält, ganze Nelken [10kg]",PHF-00-139197-3,PHF,15.02,grams,REC-013852-4-002,"SUITABLE_FOR_COELIACS,SUITABLE_FOR_LACTOSE_INTOLERANCE,VEGAN,VEGETARIAN"
FV0472A - Indian Butter Chicken [DE],"FA-DE Ginger, IQF, Diced 4 mm /Ingwer, IQF, gewürfelt 4 mm",PHF-00-139238-1,PHF,4.61,grams,REC-013852-4-002,"FISH_FREE,NATURALLY_GLUTEN_FREE,NATURALLY_LACTOSE_FREE,PORK_FREE,SUITABLE_FOR_COELIACS,SUITABLE_FOR_LACTOSE_INTOLERANCE,VEGAN,VEGETARIAN"
FV0472A - Indian Butter Chicken [DE],FA-DE Heavy Cream 20% /Sahne 20%,DAI-00-139137-3,DAI,32.8,grams,REC-013852-4-002,"VEGAN,VEGETARIAN"
FV0472A - Indian Butter Chicken [DE],"FA-DE Juice, Lime /Saft, Limette",PRO-00-139268-5,PRO,1.09,grams,REC-013852-4-002,"FISH_FREE,NATURALLY_LACTOSE_FREE,PORK_FREE,SUITABLE_FOR_LACTOSE_INTOLERANCE,VEGAN,VEGETARIAN"
FV0472A - Indian Butter Chicken [DE],"FA-DE Oil, Olive /Öl, Olivenöl",PRO-00-139277-5,PRO,20.91,grams,REC-013852-4-002,"VEGAN,VEGETARIAN"
FV0472A - Indian Butter Chicken [DE],"FA-DE Onion, Green, Sliced 5mm /Zwiebel, grün, in Scheiben geschnitten, 5 mm",PHF-00-149803-3,PHF,7.06,grams,REC-013852-4-002,"FISH_FREE,PORK_FREE,VEGAN,VEGETARIAN"
FV0472A - Indian Butter Chicken [DE],"FA-DE Onion, Spanish, Diced 5mm /Zwiebel, Spanisch, gewürfelt 5 mm",PHF-00-139212-3,PHF,15.44,grams,REC-013852-4-002,"FISH_FREE,NATURALLY_GLUTEN_FREE,NATURALLY_LACTOSE_FREE,PORK_FREE,SUITABLE_FOR_COELIACS,SUITABLE_FOR_LACTOSE_INTOLERANCE,VEGAN,VEGETARIAN"
FV0472A - Indian Butter Chicken [DE],"FA-DE Spice, Black Pepper, Ground /Gewürz, schwarzer Pfeffer, gemahlen",SPI-00-139334-5,SPI,0.21,grams,REC-013852-4-002,"NATURALLY_GLUTEN_FREE,NATURALLY_LACTOSE_FREE,SUITABLE_FOR_COELIACS,SUITABLE_FOR_LACTOSE_INTOLERANCE,VEGAN,VEGETARIAN"
FV0472A - Indian Butter Chicken [DE],"FA-DE Spice, Chili Powder /Gewürz, Chilipulver",SPI-00-139340-5,SPI,0.32,grams,REC-013852-4-002,"NATURALLY_GLUTEN_FREE,NATURALLY_LACTOSE_FREE,SUITABLE_FOR_COELIACS,SUITABLE_FOR_LACTOSE_INTOLERANCE,VEGAN,VEGETARIAN"
FV0472A - Indian Butter Chicken [DE],"FA-DE Spice, Cinnamon Ground /Gewürz, gemahlener Zimt",SPI-00-139341-5,SPI,0.18,grams,REC-013852-4-002,"NATURALLY_GLUTEN_FREE,NATURALLY_LACTOSE_FREE,SUITABLE_FOR_COELIACS,SUITABLE_FOR_LACTOSE_INTOLERANCE,VEGAN,VEGETARIAN"
FV0472A - Indian Butter Chicken [DE],"FA-DE Spice, Cloves Ground /Gewürze, gemahlene Nelken",SPI-00-139342-5,SPI,0.09,grams,REC-013852-4-002,"FISH_FREE,NATURALLY_GLUTEN_FREE,NATURALLY_LACTOSE_FREE,PORK_FREE,SUITABLE_FOR_COELIACS,SUITABLE_FOR_LACTOSE_INTOLERANCE,VEGAN,VEGETARIAN"
FV0472A - Indian Butter Chicken [DE],"FA-DE Spice, Coriander Ground /Gewürz, gemahlener Koriander",SPI-00-139386-5,SPI,0.56,grams,REC-013852-4-002,"NATURALLY_GLUTEN_FREE,NATURALLY_LACTOSE_FREE,SUITABLE_FOR_COELIACS,SUITABLE_FOR_LACTOSE_INTOLERANCE,VEGAN,VEGETARIAN"
FV0472A - Indian Butter Chicken [DE],"FA-DE Spice, Cumin Ground /Gewürz, gemahlener Kreuzkümmel",SPI-00-139345-5,SPI,1.36,grams,REC-013852-4-002,"FISH_FREE,NATURALLY_GLUTEN_FREE,NATURALLY_LACTOSE_FREE,PORK_FREE,SUITABLE_FOR_COELIACS,SUITABLE_FOR_LACTOSE_INTOLERANCE,VEGAN,VEGETARIAN"
FV0472A - Indian Butter Chicken [DE],"FA-DE Spice, Fennel Ground /Gewürz, Fenchel gemahlen",SPI-00-139351-5,SPI,0.04,grams,REC-013852-4-002,"NATURALLY_GLUTEN_FREE,NATURALLY_LACTOSE_FREE,SUITABLE_FOR_COELIACS,SUITABLE_FOR_LACTOSE_INTOLERANCE,VEGAN,VEGETARIAN"
FV0472A - Indian Butter Chicken [DE],"FA-DE Spice, Fenugreek Powder /Gewürz, Bockshornkleepulver",SPI-00-154750-5,SPI,0.1,grams,REC-013852-4-002,"VEGAN,VEGETARIAN"
FV0472A - Indian Butter Chicken [DE],"FA-DE Spice, Nutmeg Ground /Gewürz, gemahlene Muskatnuss",SPI-00-139368-5,SPI,0.09,grams,REC-013852-4-002,"VEGAN,VEGETARIAN"
FV0472A - Indian Butter Chicken [DE],"FA-DE Spice, Sea Salt /Gewürze, Meersalz",SPI-00-139378-5,SPI,2.61,grams,REC-013852-4-002,"NATURALLY_GLUTEN_FREE,NATURALLY_LACTOSE_FREE,SUITABLE_FOR_COELIACS,SUITABLE_FOR_LACTOSE_INTOLERANCE,VEGAN,VEGETARIAN"
FV0472A - Indian Butter Chicken [DE],"FA-DE Spice, Turmeric /Gewürz, Kurkuma",SPI-00-139384-5,SPI,0.41,grams,REC-013852-4-002,"FISH_FREE,NATURALLY_GLUTEN_FREE,NATURALLY_LACTOSE_FREE,PORK_FREE,SUITABLE_FOR_COELIACS,SUITABLE_FOR_LACTOSE_INTOLERANCE,VEGAN,VEGETARIAN"
FV0472A - Indian Butter Chicken [DE],"FA-DE Tomatoes, Crushed /Tomaten, zerkleinert",PRO-00-139294-5,PRO,41.79,grams,REC-013852-4-002,"NATURALLY_GLUTEN_FREE,NATURALLY_LACTOSE_FREE,SUITABLE_FOR_COELIACS,SUITABLE_FOR_LACTOSE_INTOLERANCE,VEGAN,VEGETARIAN"
FV0472A - Indian Butter Chicken [DE],FA-DE Water / Wasser,OTH-00-144038-5,OTH,128.29,grams,REC-013852-4-002,
FV0472A - Indian Butter Chicken [DE],"FA-DE Yogurt, Greek, Plain /Joghurt, Griechisch, Natur",DAI-00-139161-3,DAI,6.87,grams,REC-013852-4-002,VEGETARIAN
FV0472A - Indian Butter Chicken [DKSE],"FA-DE Butter, Unsalted /Butter, ungesalzen",DAI-00-139146-3,DAI,18.52,grams,REC-013852-4-001,VEGETARIAN
FV0472A - Indian Butter Chicken [DKSE],"FA-DE Cauliflower, Riced, IQF /Blumenkohl, Reis, IQF",PHF-00-139233-1,PHF,135.26,grams,REC-013852-4-001,"FISH_FREE,NATURALLY_GLUTEN_FREE,NATURALLY_LACTOSE_FREE,PORK_FREE,SUITABLE_FOR_COELIACS,SUITABLE_FOR_LACTOSE_INTOLERANCE,VEGAN,VEGETARIAN"
FV0472A - Indian Butter Chicken [DKSE],"FA-DE Chicken Breast, Chunked, Boneless Skinless /Hähnchenbrust, in Stücken, ohne Knochen und ohne Haut",PTN-00-139314-3,PTN,128.29,grams,REC-013852-4-001,"NATURALLY_GLUTEN_FREE,NATURALLY_LACTOSE_FREE,SUITABLE_FOR_COELIACS,SUITABLE_FOR_LACTOSE_INTOLERANCE"
FV0472A - Indian Butter Chicken [DKSE],"FA-DE Coriander, Chopped /Koriander, gehackt",PHF-00-139192-3,PHF,7.27,grams,REC-013852-4-001,"VEGAN,VEGETARIAN"
FV0472A - Indian Butter Chicken [DKSE],"FA-DE Garlic, IQF, Diced 4 mm /Knoblauch, IQF, gewürfelt 4 mm",PHF-00-139237-1,PHF,4,grams,REC-013852-4-001,"FISH_FREE,NATURALLY_GLUTEN_FREE,NATURALLY_LACTOSE_FREE,PORK_FREE,SUITABLE_FOR_COELIACS,SUITABLE_FOR_LACTOSE_INTOLERANCE,VEGAN,VEGETARIAN"
FV0472A - Indian Butter Chicken [DKSE],"FA-DE Garlic, Peeled, Whole Cloves [10kg] /Knoblauch, geschält, ganze Nelken [10kg]",PHF-00-139197-3,PHF,15.02,grams,REC-013852-4-001,"SUITABLE_FOR_COELIACS,SUITABLE_FOR_LACTOSE_INTOLERANCE,VEGAN,VEGETARIAN"
FV0472A - Indian Butter Chicken [DKSE],"FA-DE Ginger, IQF, Diced 4 mm /Ingwer, IQF, gewürfelt 4 mm",PHF-00-139238-1,PHF,4.61,grams,REC-013852-4-001,"FISH_FREE,NATURALLY_GLUTEN_FREE,NATURALLY_LACTOSE_FREE,PORK_FREE,SUITABLE_FOR_COELIACS,SUITABLE_FOR_LACTOSE_INTOLERANCE,VEGAN,VEGETARIAN"
FV0472A - Indian Butter Chicken [DKSE],FA-DE Heavy Cream 20% /Sahne 20%,DAI-00-139137-3,DAI,32.8,grams,REC-013852-4-001,"VEGAN,VEGETARIAN"
FV0472A - Indian Butter Chicken [DKSE],"FA-DE Juice, Lime /Saft, Limette",PRO-00-139268-5,PRO,1.09,grams,REC-013852-4-001,"FISH_FREE,NATURALLY_LACTOSE_FREE,PORK_FREE,SUITABLE_FOR_LACTOSE_INTOLERANCE,VEGAN,VEGETARIAN"
FV0472A - Indian Butter Chicken [DKSE],"FA-DE Oil, Olive /Öl, Olivenöl",PRO-00-139277-5,PRO,20.91,grams,REC-013852-4-001,"VEGAN,VEGETARIAN"
FV0472A - Indian Butter Chicken [DKSE],"FA-DE Onion, Green, Sliced 5mm /Zwiebel, grün, in Scheiben geschnitten, 5 mm",PHF-00-149803-3,PHF,7.06,grams,REC-013852-4-001,"FISH_FREE,PORK_FREE,VEGAN,VEGETARIAN"
FV0472A - Indian Butter Chicken [DKSE],"FA-DE Onion, Spanish, Diced 5mm /Zwiebel, Spanisch, gewürfelt 5 mm",PHF-00-139212-3,PHF,15.44,grams,REC-013852-4-001,"FISH_FREE,NATURALLY_GLUTEN_FREE,NATURALLY_LACTOSE_FREE,PORK_FREE,SUITABLE_FOR_COELIACS,SUITABLE_FOR_LACTOSE_INTOLERANCE,VEGAN,VEGETARIAN"
FV0472A - Indian Butter Chicken [DKSE],"FA-DE Spice, Black Pepper, Ground /Gewürz, schwarzer Pfeffer, gemahlen",SPI-00-139334-5,SPI,0.21,grams,REC-013852-4-001,"NATURALLY_GLUTEN_FREE,NATURALLY_LACTOSE_FREE,SUITABLE_FOR_COELIACS,SUITABLE_FOR_LACTOSE_INTOLERANCE,VEGAN,VEGETARIAN"
FV0472A - Indian Butter Chicken [DKSE],"FA-DE Spice, Chili Powder /Gewürz, Chilipulver",SPI-00-139340-5,SPI,0.32,grams,REC-013852-4-001,"NATURALLY_GLUTEN_FREE,NATURALLY_LACTOSE_FREE,SUITABLE_FOR_COELIACS,SUITABLE_FOR_LACTOSE_INTOLERANCE,VEGAN,VEGETARIAN"
FV0472A - Indian Butter Chicken [DKSE],"FA-DE Spice, Cinnamon Ground /Gewürz, gemahlener Zimt",SPI-00-139341-5,SPI,0.18,grams,REC-013852-4-001,"NATURALLY_GLUTEN_FREE,NATURALLY_LACTOSE_FREE,SUITABLE_FOR_COELIACS,SUITABLE_FOR_LACTOSE_INTOLERANCE,VEGAN,VEGETARIAN"
FV0472A - Indian Butter Chicken [DKSE],"FA-DE Spice, Cloves Ground /Gewürze, gemahlene Nelken",SPI-00-139342-5,SPI,0.09,grams,REC-013852-4-001,"FISH_FREE,NATURALLY_GLUTEN_FREE,NATURALLY_LACTOSE_FREE,PORK_FREE,SUITABLE_FOR_COELIACS,SUITABLE_FOR_LACTOSE_INTOLERANCE,VEGAN,VEGETARIAN"
FV0472A - Indian Butter Chicken [DKSE],"FA-DE Spice, Coriander Ground /Gewürz, gemahlener Koriander",SPI-00-139386-5,SPI,0.56,grams,REC-013852-4-001,"NATURALLY_GLUTEN_FREE,NATURALLY_LACTOSE_FREE,SUITABLE_FOR_COELIACS,SUITABLE_FOR_LACTOSE_INTOLERANCE,VEGAN,VEGETARIAN"
FV0472A - Indian Butter Chicken [DKSE],"FA-DE Spice, Cumin Ground /Gewürz, gemahlener Kreuzkümmel",SPI-00-139345-5,SPI,1.36,grams,REC-013852-4-001,"FISH_FREE,NATURALLY_GLUTEN_FREE,NATURALLY_LACTOSE_FREE,PORK_FREE,SUITABLE_FOR_COELIACS,SUITABLE_FOR_LACTOSE_INTOLERANCE,VEGAN,VEGETARIAN"
FV0472A - Indian Butter Chicken [DKSE],"FA-DE Spice, Fennel Ground /Gewürz, Fenchel gemahlen",SPI-00-139351-5,SPI,0.04,grams,REC-013852-4-001,"NATURALLY_GLUTEN_FREE,NATURALLY_LACTOSE_FREE,SUITABLE_FOR_COELIACS,SUITABLE_FOR_LACTOSE_INTOLERANCE,VEGAN,VEGETARIAN"
FV0472A - Indian Butter Chicken [DKSE],"FA-DE Spice, Fenugreek Powder /Gewürz, Bockshornkleepulver",SPI-00-154750-5,SPI,0.1,grams,REC-013852-4-001,"VEGAN,VEGETARIAN"
FV0472A - Indian Butter Chicken [DKSE],"FA-DE Spice, Nutmeg Ground /Gewürz, gemahlene Muskatnuss",SPI-00-139368-5,SPI,0.09,grams,REC-013852-4-001,"VEGAN,VEGETARIAN"
FV0472A - Indian Butter Chicken [DKSE],"FA-DE Spice, Sea Salt /Gewürze, Meersalz",SPI-00-139378-5,SPI,2.61,grams,REC-013852-4-001,"NATURALLY_GLUTEN_FREE,NATURALLY_LACTOSE_FREE,SUITABLE_FOR_COELIACS,SUITABLE_FOR_LACTOSE_INTOLERANCE,VEGAN,VEGETARIAN"
FV0472A - Indian Butter Chicken [DKSE],"FA-DE Spice, Turmeric /Gewürz, Kurkuma",SPI-00-139384-5,SPI,0.41,grams,REC-013852-4-001,"FISH_FREE,NATURALLY_GLUTEN_FREE,NATURALLY_LACTOSE_FREE,PORK_FREE,SUITABLE_FOR_COELIACS,SUITABLE_FOR_LACTOSE_INTOLERANCE,VEGAN,VEGETARIAN"
FV0472A - Indian Butter Chicken [DKSE],"FA-DE Tomatoes, Crushed /Tomaten, zerkleinert",PRO-00-139294-5,PRO,41.79,grams,REC-013852-4-001,"NATURALLY_GLUTEN_FREE,NATURALLY_LACTOSE_FREE,SUITABLE_FOR_COELIACS,SUITABLE_FOR_LACTOSE_INTOLERANCE,VEGAN,VEGETARIAN"
FV0472A - Indian Butter Chicken [DKSE],FA-DE Water / Wasser,OTH-00-144038-5,OTH,128.29,grams,REC-013852-4-001,
FV0472A - Indian Butter Chicken [DKSE],"FA-DE Yogurt, Greek, Plain /Joghurt, Griechisch, Natur",DAI-00-139161-3,DAI,6.87,grams,REC-013852-4-001,VEGETARIAN
FV0601A - Mozzarella Burger & Roasted Potatoes [BNL],"FA-DE Beef, Ground, 80/20 /Rindfleisch, gemahlen, 80/20",PTN-00-139319-3,PTN,161.44,grams,REC-013423-4-005,
FV0601A - Mozzarella Burger & Roasted Potatoes [BNL],"FA-DE Bell Peppers, Red, Diced 10mm /Paprika, rot, gewürfelt 10 mm",PHF-00-139179-3,PHF,2.85,grams,REC-013423-4-005,"VEGAN,VEGETARIAN"
FV0601A - Mozzarella Burger & Roasted Potatoes [BNL],"FA-DE Cheese, Mozzarella, Shredded /Käse, Mozzarella, gerieben",DAI-00-139125-3,DAI,26.14,grams,REC-013423-4-005,VEGETARIAN
FV0601A - Mozzarella Burger & Roasted Potatoes [BNL],"FA-DE Garlic, IQF, Diced 4 mm /Knoblauch, IQF, gewürfelt 4 mm",PHF-00-139237-1,PHF,8,grams,REC-013423-4-005,"FISH_FREE,NATURALLY_GLUTEN_FREE,NATURALLY_LACTOSE_FREE,PORK_FREE,SUITABLE_FOR_COELIACS,SUITABLE_FOR_LACTOSE_INTOLERANCE,VEGAN,VEGETARIAN"
FV0601A - Mozzarella Burger & Roasted Potatoes [BNL],"FA-DE Garlic, Peeled, Whole Cloves [10kg] /Knoblauch, geschält, ganze Nelken [10kg]",PHF-00-139197-3,PHF,6.42,grams,REC-013423-4-005,"SUITABLE_FOR_COELIACS,SUITABLE_FOR_LACTOSE_INTOLERANCE,VEGAN,VEGETARIAN"
FV0601A - Mozzarella Burger & Roasted Potatoes [BNL],FA-DE Honey /Honig – Masse,PRO-00-139266-5,PRO,4.89,grams,REC-013423-4-005,"SUITABLE_FOR_LACTOSE_INTOLERANCE,VEGAN,VEGETARIAN"
FV0601A - Mozzarella Burger & Roasted Potatoes [BNL],"FA-DE Oil, Olive /Öl, Olivenöl",PRO-00-139277-5,PRO,15.75,grams,REC-013423-4-005,"VEGAN,VEGETARIAN"
FV0601A - Mozzarella Burger & Roasted Potatoes [BNL],"FA-DE Onion, Spanish, Diced 10mm /Zwiebel, Spanisch, gewürfelt 10 mm",PHF-00-139209-3,PHF,4.76,grams,REC-013423-4-005,"FISH_FREE,PORK_FREE,VEGAN,VEGETARIAN"
FV0601A - Mozzarella Burger & Roasted Potatoes [BNL],"FA-DE Onion, Spanish, Diced 5mm /Zwiebel, Spanisch, gewürfelt 5 mm",PHF-00-139212-3,PHF,7.94,grams,REC-013423-4-005,"FISH_FREE,NATURALLY_GLUTEN_FREE,NATURALLY_LACTOSE_FREE,PORK_FREE,SUITABLE_FOR_COELIACS,SUITABLE_FOR_LACTOSE_INTOLERANCE,VEGAN,VEGETARIAN"
FV0601A - Mozzarella Burger & Roasted Potatoes [BNL],"FA-DE Parsley, Chopped /Petersilie, gehackt",PHF-00-139215-3,PHF,7.49,grams,REC-013423-4-005,"FISH_FREE,NATURALLY_LACTOSE_FREE,PORK_FREE,SUITABLE_FOR_LACTOSE_INTOLERANCE,VEGAN,VEGETARIAN"
FV0601A - Mozzarella Burger & Roasted Potatoes [BNL],"FA-DE Potatoes, Diced 10mm /Kartoffeln, gewürfelt, 10 mm",PHF-00-139219-3,PHF,130.62,grams,REC-013423-4-005,"VEGAN,VEGETARIAN"
FV0601A - Mozzarella Burger & Roasted Potatoes [BNL],"FA-DE Spice, Black Pepper, Ground /Gewürz, schwarzer Pfeffer, gemahlen",SPI-00-139334-5,SPI,0.39,grams,REC-013423-4-005,"NATURALLY_GLUTEN_FREE,NATURALLY_LACTOSE_FREE,SUITABLE_FOR_COELIACS,SUITABLE_FOR_LACTOSE_INTOLERANCE,VEGAN,VEGETARIAN"
FV0601A - Mozzarella Burger & Roasted Potatoes [BNL],"FA-DE Spice, Garlic Granulated /Gewürz, Knoblauch granuliert",SPI-00-139353-5,SPI,2.58,grams,REC-013423-4-005,"FISH_FREE,NATURALLY_LACTOSE_FREE,PORK_FREE,SUITABLE_FOR_COELIACS,SUITABLE_FOR_LACTOSE_INTOLERANCE,VEGAN,VEGETARIAN"
FV0601A - Mozzarella Burger & Roasted Potatoes [BNL],"FA-DE Spice, Onion Granulated /Gewürze, Zwiebeln granuliert",SPI-00-139370-5,SPI,4.54,grams,REC-013423-4-005,"NATURALLY_GLUTEN_FREE,NATURALLY_LACTOSE_FREE,SUITABLE_FOR_COELIACS,SUITABLE_FOR_LACTOSE_INTOLERANCE,VEGAN,VEGETARIAN"
FV0601A - Mozzarella Burger & Roasted Potatoes [BNL],"FA-DE Spice, Onion Powder, Toasted /Gewürze, Zwiebelpulver, geröstet",SPI-00-139371-5,SPI,0.31,grams,REC-013423-4-005,"NATURALLY_GLUTEN_FREE,NATURALLY_LACTOSE_FREE,SUITABLE_FOR_COELIACS,SUITABLE_FOR_LACTOSE_INTOLERANCE,VEGAN,VEGETARIAN"
FV0601A - Mozzarella Burger & Roasted Potatoes [BNL],"FA-DE Spice, Sea Salt /Gewürze, Meersalz",SPI-00-139378-5,SPI,1.57,grams,REC-013423-4-005,"NATURALLY_GLUTEN_FREE,NATURALLY_LACTOSE_FREE,SUITABLE_FOR_COELIACS,SUITABLE_FOR_LACTOSE_INTOLERANCE,VEGAN,VEGETARIAN"
FV0601A - Mozzarella Burger & Roasted Potatoes [BNL],"FA-DE Stock, Chicken, Reduced/Brühe, Huhn, Reduziert",PRO-00-139288-5,PRO,1.09,grams,REC-013423-4-005,
FV0601A - Mozzarella Burger & Roasted Potatoes [BNL],"FA-DE Sweetcorn Supersweet Kernels, IQF /Zuckermais-Supersüßkörner, IQF",PHF-00-139236-1,PHF,20.95,grams,REC-013423-4-005,"FISH_FREE,NATURALLY_GLUTEN_FREE,NATURALLY_LACTOSE_FREE,PORK_FREE,SUITABLE_FOR_COELIACS,SUITABLE_FOR_LACTOSE_INTOLERANCE,VEGAN,VEGETARIAN"
FV0601A - Mozzarella Burger & Roasted Potatoes [BNL],"FA-DE Thyme, IQF /Thymian, IQF",PHF-00-139244-1,PHF,0.09,grams,REC-013423-4-005,"SUITABLE_FOR_COELIACS,SUITABLE_FOR_LACTOSE_INTOLERANCE,VEGAN,VEGETARIAN"
FV0601A - Mozzarella Burger & Roasted Potatoes [BNL],"FA-DE Tomatoes, Concentrated Crushed /Tomaten, konzentriert, zerkleinert",PRO-00-139293-5,PRO,20.46,grams,REC-013423-4-005,"FISH_FREE,NATURALLY_GLUTEN_FREE,NATURALLY_LACTOSE_FREE,PORK_FREE,SUITABLE_FOR_COELIACS,SUITABLE_FOR_LACTOSE_INTOLERANCE,VEGAN,VEGETARIAN"
FV0601A - Mozzarella Burger & Roasted Potatoes [BNL],"FA-DE Tomatoes, Diced 10mm /Tomaten, gewürfelt, 10 mm",PHF-00-139239-3,PHF,28.25,grams,REC-013423-4-005,"FISH_FREE,PORK_FREE,VEGAN,VEGETARIAN"
FV0601A - Mozzarella Burger & Roasted Potatoes [BNL],"FA-DE Vinegar, Balsamic /Essig, Balsamico",PRO-00-139298-5,PRO,3.1,grams,REC-013423-4-005,"NATURALLY_GLUTEN_FREE,NATURALLY_LACTOSE_FREE,SUITABLE_FOR_COELIACS,SUITABLE_FOR_LACTOSE_INTOLERANCE,VEGAN,VEGETARIAN"
FV0601A - Mozzarella Burger & Roasted Potatoes [BNL],FA-DE Water / Wasser,OTH-00-144038-5,OTH,17.57,grams,REC-013423-4-005,
FV0601A - Mozzarella Burger & Roasted Potatoes [BNL],"FA-DE Zucchini, Diced 10mm /Zucchini, gewürfelt 10 mm",PHF-00-139229-3,PHF,55.87,grams,REC-013423-4-005,"FISH_FREE,PORK_FREE,VEGAN,VEGETARIAN"
FV0601A - Mozzarella Burger & Roasted Potatoes [DE],"FA-DE Beef, Ground, 80/20 /Rindfleisch, gemahlen, 80/20",PTN-00-139319-3,PTN,161.44,grams,REC-013423-4-003,
FV0601A - Mozzarella Burger & Roasted Potatoes [DE],"FA-DE Bell Peppers, Red, Diced 10mm /Paprika, rot, gewürfelt 10 mm",PHF-00-139179-3,PHF,2.85,grams,REC-013423-4-003,"VEGAN,VEGETARIAN"
FV0601A - Mozzarella Burger & Roasted Potatoes [DE],"FA-DE Cheese, Mozzarella, Shredded /Käse, Mozzarella, gerieben",DAI-00-139125-3,DAI,26.14,grams,REC-013423-4-003,VEGETARIAN
FV0601A - Mozzarella Burger & Roasted Potatoes [DE],"FA-DE Garlic, IQF, Diced 4 mm /Knoblauch, IQF, gewürfelt 4 mm",PHF-00-139237-1,PHF,8,grams,REC-013423-4-003,"FISH_FREE,NATURALLY_GLUTEN_FREE,NATURALLY_LACTOSE_FREE,PORK_FREE,SUITABLE_FOR_COELIACS,SUITABLE_FOR_LACTOSE_INTOLERANCE,VEGAN,VEGETARIAN"
FV0601A - Mozzarella Burger & Roasted Potatoes [DE],"FA-DE Garlic, Peeled, Whole Cloves [10kg] /Knoblauch, geschält, ganze Nelken [10kg]",PHF-00-139197-3,PHF,6.42,grams,REC-013423-4-003,"SUITABLE_FOR_COELIACS,SUITABLE_FOR_LACTOSE_INTOLERANCE,VEGAN,VEGETARIAN"
FV0601A - Mozzarella Burger & Roasted Potatoes [DE],FA-DE Honey /Honig – Masse,PRO-00-139266-5,PRO,4.89,grams,REC-013423-4-003,"SUITABLE_FOR_LACTOSE_INTOLERANCE,VEGAN,VEGETARIAN"
FV0601A - Mozzarella Burger & Roasted Potatoes [DE],"FA-DE Oil, Olive /Öl, Olivenöl",PRO-00-139277-5,PRO,15.75,grams,REC-013423-4-003,"VEGAN,VEGETARIAN"
FV0601A - Mozzarella Burger & Roasted Potatoes [DE],"FA-DE Onion, Spanish, Diced 10mm /Zwiebel, Spanisch, gewürfelt 10 mm",PHF-00-139209-3,PHF,4.76,grams,REC-013423-4-003,"FISH_FREE,PORK_FREE,VEGAN,VEGETARIAN"
FV0601A - Mozzarella Burger & Roasted Potatoes [DE],"FA-DE Onion, Spanish, Diced 5mm /Zwiebel, Spanisch, gewürfelt 5 mm",PHF-00-139212-3,PHF,7.94,grams,REC-013423-4-003,"FISH_FREE,NATURALLY_GLUTEN_FREE,NATURALLY_LACTOSE_FREE,PORK_FREE,SUITABLE_FOR_COELIACS,SUITABLE_FOR_LACTOSE_INTOLERANCE,VEGAN,VEGETARIAN"
FV0601A - Mozzarella Burger & Roasted Potatoes [DE],"FA-DE Parsley, Chopped /Petersilie, gehackt",PHF-00-139215-3,PHF,7.49,grams,REC-013423-4-003,"FISH_FREE,NATURALLY_LACTOSE_FREE,PORK_FREE,SUITABLE_FOR_LACTOSE_INTOLERANCE,VEGAN,VEGETARIAN"
FV0601A - Mozzarella Burger & Roasted Potatoes [DE],"FA-DE Potatoes, Diced 10mm /Kartoffeln, gewürfelt, 10 mm",PHF-00-139219-3,PHF,130.62,grams,REC-013423-4-003,"VEGAN,VEGETARIAN"
FV0601A - Mozzarella Burger & Roasted Potatoes [DE],"FA-DE Spice, Black Pepper, Ground /Gewürz, schwarzer Pfeffer, gemahlen",SPI-00-139334-5,SPI,0.39,grams,REC-013423-4-003,"NATURALLY_GLUTEN_FREE,NATURALLY_LACTOSE_FREE,SUITABLE_FOR_COELIACS,SUITABLE_FOR_LACTOSE_INTOLERANCE,VEGAN,VEGETARIAN"
FV0601A - Mozzarella Burger & Roasted Potatoes [DE],"FA-DE Spice, Garlic Granulated /Gewürz, Knoblauch granuliert",SPI-00-139353-5,SPI,2.58,grams,REC-013423-4-003,"FISH_FREE,NATURALLY_LACTOSE_FREE,PORK_FREE,SUITABLE_FOR_COELIACS,SUITABLE_FOR_LACTOSE_INTOLERANCE,VEGAN,VEGETARIAN"
FV0601A - Mozzarella Burger & Roasted Potatoes [DE],"FA-DE Spice, Onion Granulated /Gewürze, Zwiebeln granuliert",SPI-00-139370-5,SPI,4.54,grams,REC-013423-4-003,"NATURALLY_GLUTEN_FREE,NATURALLY_LACTOSE_FREE,SUITABLE_FOR_COELIACS,SUITABLE_FOR_LACTOSE_INTOLERANCE,VEGAN,VEGETARIAN"
FV0601A - Mozzarella Burger & Roasted Potatoes [DE],"FA-DE Spice, Onion Powder, Toasted /Gewürze, Zwiebelpulver, geröstet",SPI-00-139371-5,SPI,0.31,grams,REC-013423-4-003,"NATURALLY_GLUTEN_FREE,NATURALLY_LACTOSE_FREE,SUITABLE_FOR_COELIACS,SUITABLE_FOR_LACTOSE_INTOLERANCE,VEGAN,VEGETARIAN"
FV0601A - Mozzarella Burger & Roasted Potatoes [DE],"FA-DE Spice, Sea Salt /Gewürze, Meersalz",SPI-00-139378-5,SPI,1.57,grams,REC-013423-4-003,"NATURALLY_GLUTEN_FREE,NATURALLY_LACTOSE_FREE,SUITABLE_FOR_COELIACS,SUITABLE_FOR_LACTOSE_INTOLERANCE,VEGAN,VEGETARIAN"
FV0601A - Mozzarella Burger & Roasted Potatoes [DE],"FA-DE Stock, Chicken, Reduced/Brühe, Huhn, Reduziert",PRO-00-139288-5,PRO,1.09,grams,REC-013423-4-003,
FV0601A - Mozzarella Burger & Roasted Potatoes [DE],"FA-DE Sweetcorn Supersweet Kernels, IQF /Zuckermais-Supersüßkörner, IQF",PHF-00-139236-1,PHF,20.95,grams,REC-013423-4-003,"FISH_FREE,NATURALLY_GLUTEN_FREE,NATURALLY_LACTOSE_FREE,PORK_FREE,SUITABLE_FOR_COELIACS,SUITABLE_FOR_LACTOSE_INTOLERANCE,VEGAN,VEGETARIAN"
FV0601A - Mozzarella Burger & Roasted Potatoes [DE],"FA-DE Thyme, IQF /Thymian, IQF",PHF-00-139244-1,PHF,0.09,grams,REC-013423-4-003,"SUITABLE_FOR_COELIACS,SUITABLE_FOR_LACTOSE_INTOLERANCE,VEGAN,VEGETARIAN"
FV0601A - Mozzarella Burger & Roasted Potatoes [DE],"FA-DE Tomatoes, Concentrated Crushed /Tomaten, konzentriert, zerkleinert",PRO-00-139293-5,PRO,20.46,grams,REC-013423-4-003,"FISH_FREE,NATURALLY_GLUTEN_FREE,NATURALLY_LACTOSE_FREE,PORK_FREE,SUITABLE_FOR_COELIACS,SUITABLE_FOR_LACTOSE_INTOLERANCE,VEGAN,VEGETARIAN"
FV0601A - Mozzarella Burger & Roasted Potatoes [DE],"FA-DE Tomatoes, Diced 10mm /Tomaten, gewürfelt, 10 mm",PHF-00-139239-3,PHF,28.25,grams,REC-013423-4-003,"FISH_FREE,PORK_FREE,VEGAN,VEGETARIAN"
FV0601A - Mozzarella Burger & Roasted Potatoes [DE],"FA-DE Vinegar, Balsamic /Essig, Balsamico",PRO-00-139298-5,PRO,3.1,grams,REC-013423-4-003,"NATURALLY_GLUTEN_FREE,NATURALLY_LACTOSE_FREE,SUITABLE_FOR_COELIACS,SUITABLE_FOR_LACTOSE_INTOLERANCE,VEGAN,VEGETARIAN"
FV0601A - Mozzarella Burger & Roasted Potatoes [DE],FA-DE Water / Wasser,OTH-00-144038-5,OTH,17.57,grams,REC-013423-4-003,
FV0601A - Mozzarella Burger & Roasted Potatoes [DE],"FA-DE Zucchini, Diced 10mm /Zucchini, gewürfelt 10 mm",PHF-00-139229-3,PHF,55.87,grams,REC-013423-4-003,"FISH_FREE,PORK_FREE,VEGAN,VEGETARIAN"
FV0713A - Cabbage in cheese sauce with minced beef [BNL],"FA-DE Beef, Ground, 80/20 /Rindfleisch, gemahlen, 80/20",PTN-00-139319-3,PTN,130.29,grams,REC-013950-4-001,
FV0713A - Cabbage in cheese sauce with minced beef [BNL],"FA-DE Bell Peppers, Red, Sliced 10mm /Paprika, rot, in Scheiben geschnitten, 10 mm",PHF-00-139183-3,PHF,59.48,grams,REC-013950-4-001,"FISH_FREE,PORK_FREE,VEGAN,VEGETARIAN"
FV0713A - Cabbage in cheese sauce with minced beef [BNL],"FA-DE Cabbage, Green, Shredded 5mm / Wirsing, geschnitten, 5 mm",PHF-00-139188-3,PHF,52.22,grams,REC-013950-4-001,"FISH_FREE,PORK_FREE,VEGAN,VEGETARIAN"
FV0713A - Cabbage in cheese sauce with minced beef [BNL],"FA-DE Cheese, Cream, 13% Fat (Milk) /Käse, Sahne, 13% Fett",DAI-00-139122-3,DAI,7.26,grams,REC-013950-4-001,
FV0713A - Cabbage in cheese sauce with minced beef [BNL],"FA-DE Cheese, Parmesan, Grated /Käse, Parmesan, gerieben",DAI-00-139127-3,DAI,1.73,grams,REC-013950-4-001,
FV0713A - Cabbage in cheese sauce with minced beef [BNL],"FA-DE Cheese, Red Cheddar/Käse, Roter Cheddar",DAI-00-139129-3,DAI,9.21,grams,REC-013950-4-001,VEGETARIAN
FV0713A - Cabbage in cheese sauce with minced beef [BNL],"FA-DE Cheese, White Cheddar, Shredded /Käse, weißer Cheddar, gerieben",DAI-00-139135-3,DAI,25,grams,REC-013950-4-001,VEGETARIAN
FV0713A - Cabbage in cheese sauce with minced beef [BNL],"FA-DE Green Beans, Fresh, Cut 40mm /Grüne Bohnen, frisch, geschnitten 40mm",PHF-00-139199-3,PHF,59.48,grams,REC-013950-4-001,"SUITABLE_FOR_COELIACS,SUITABLE_FOR_LACTOSE_INTOLERANCE,VEGAN,VEGETARIAN"
FV0713A - Cabbage in cheese sauce with minced beef [BNL],FA-DE Heavy Cream 35% /Sahne 35%,DAI-00-148167-3,DAI,14.52,grams,REC-013950-4-001,VEGETARIAN
FV0713A - Cabbage in cheese sauce with minced beef [BNL],"FA-DE Oil, Olive /Öl, Olivenöl",PRO-00-139277-5,PRO,13.15,grams,REC-013950-4-001,"VEGAN,VEGETARIAN"
FV0713A - Cabbage in cheese sauce with minced beef [BNL],"FA-DE Onion, Green, Sliced 5mm /Zwiebel, grün, in Scheiben geschnitten, 5 mm",PHF-00-149803-3,PHF,1.31,grams,REC-013950-4-001,"FISH_FREE,PORK_FREE,VEGAN,VEGETARIAN"
FV0713A - Cabbage in cheese sauce with minced beef [BNL],"FA-DE Onion, Spanish, Diced 10mm /Zwiebel, Spanisch, gewürfelt 10 mm",PHF-00-139209-3,PHF,16.15,grams,REC-013950-4-001,"FISH_FREE,PORK_FREE,VEGAN,VEGETARIAN"
FV0713A - Cabbage in cheese sauce with minced beef [BNL],"FA-DE Onion, Spanish, Diced 5mm /Zwiebel, Spanisch, gewürfelt 5 mm",PHF-00-139212-3,PHF,8.38,grams,REC-013950-4-001,"FISH_FREE,NATURALLY_GLUTEN_FREE,NATURALLY_LACTOSE_FREE,PORK_FREE,SUITABLE_FOR_COELIACS,SUITABLE_FOR_LACTOSE_INTOLERANCE,VEGAN,VEGETARIAN"
FV0713A - Cabbage in cheese sauce with minced beef [BNL],FA-DE Sour Cream /Sauerrahm,DAI-00-139141-3,DAI,12.01,grams,REC-013950-4-001,VEGETARIAN
FV0713A - Cabbage in cheese sauce with minced beef [BNL],"FA-DE Spice, Black Pepper, Ground /Gewürz, schwarzer Pfeffer, gemahlen",SPI-00-139334-5,SPI,0.5,grams,REC-013950-4-001,"NATURALLY_GLUTEN_FREE,NATURALLY_LACTOSE_FREE,SUITABLE_FOR_COELIACS,SUITABLE_FOR_LACTOSE_INTOLERANCE,VEGAN,VEGETARIAN"
FV0713A - Cabbage in cheese sauce with minced beef [BNL],"FA-DE Spice, Crushed Red Pepper Flakes /Gewürz, zerkleinerte rote Pfefferflocken",SPI-00-139344-5,SPI,0.1,grams,REC-013950-4-001,"FISH_FREE,NATURALLY_GLUTEN_FREE,NATURALLY_LACTOSE_FREE,PORK_FREE,SUITABLE_FOR_COELIACS,SUITABLE_FOR_LACTOSE_INTOLERANCE,VEGAN,VEGETARIAN"
FV0713A - Cabbage in cheese sauce with minced beef [BNL],"FA-DE Spice, Garlic Granulated /Gewürz, Knoblauch granuliert",SPI-00-139353-5,SPI,0.92,grams,REC-013950-4-001,"FISH_FREE,NATURALLY_LACTOSE_FREE,PORK_FREE,SUITABLE_FOR_COELIACS,SUITABLE_FOR_LACTOSE_INTOLERANCE,VEGAN,VEGETARIAN"
FV0713A - Cabbage in cheese sauce with minced beef [BNL],"FA-DE Spice, Gochugaru Chili Pepper Flakes /Gewürz, Gochugaru-Chili-Pfefferflocken",SPI-00-139356-5,SPI,0.1,grams,REC-013950-4-001,"FISH_FREE,NATURALLY_GLUTEN_FREE,NATURALLY_LACTOSE_FREE,PORK_FREE,SUITABLE_FOR_COELIACS,SUITABLE_FOR_LACTOSE_INTOLERANCE,VEGAN,VEGETARIAN"
FV0713A - Cabbage in cheese sauce with minced beef [BNL],"FA-DE Spice, Minced Garlic, Toasted, Dry /Gewürz, gehackter Knoblauch, geröstet, trocken",SPI-00-139367-5,SPI,0.29,grams,REC-013950-4-001,"FISH_FREE,NATURALLY_GLUTEN_FREE,NATURALLY_LACTOSE_FREE,PORK_FREE,SUITABLE_FOR_COELIACS,SUITABLE_FOR_LACTOSE_INTOLERANCE,VEGAN,VEGETARIAN"
FV0713A - Cabbage in cheese sauce with minced beef [BNL],"FA-DE Spice, Mustard Seed Ground, Dry /Gewürz, Senfkörner gemahlen, Trockenmasse",SPI-00-139369-5,SPI,0.19,grams,REC-013950-4-001,"FISH_FREE,NATURALLY_GLUTEN_FREE,NATURALLY_LACTOSE_FREE,PORK_FREE,SUITABLE_FOR_COELIACS,SUITABLE_FOR_LACTOSE_INTOLERANCE,VEGAN,VEGETARIAN"
FV0713A - Cabbage in cheese sauce with minced beef [BNL],"FA-DE Spice, Onion Granulated /Gewürze, Zwiebeln granuliert",SPI-00-139370-5,SPI,0.28,grams,REC-013950-4-001,"NATURALLY_GLUTEN_FREE,NATURALLY_LACTOSE_FREE,SUITABLE_FOR_COELIACS,SUITABLE_FOR_LACTOSE_INTOLERANCE,VEGAN,VEGETARIAN"
FV0713A - Cabbage in cheese sauce with minced beef [BNL],"FA-DE Spice, Onion Powder, Toasted /Gewürze, Zwiebelpulver, geröstet",SPI-00-139371-5,SPI,0.48,grams,REC-013950-4-001,"NATURALLY_GLUTEN_FREE,NATURALLY_LACTOSE_FREE,SUITABLE_FOR_COELIACS,SUITABLE_FOR_LACTOSE_INTOLERANCE,VEGAN,VEGETARIAN"
FV0713A - Cabbage in cheese sauce with minced beef [BNL],"FA-DE Spice, Sea Salt /Gewürze, Meersalz",SPI-00-139378-5,SPI,1.22,grams,REC-013950-4-001,"NATURALLY_GLUTEN_FREE,NATURALLY_LACTOSE_FREE,SUITABLE_FOR_COELIACS,SUITABLE_FOR_LACTOSE_INTOLERANCE,VEGAN,VEGETARIAN"
FV0713A - Cabbage in cheese sauce with minced beef [BNL],"FA-DE Stock, Chicken, Reduced/Brühe, Huhn, Reduziert",PRO-00-139288-5,PRO,3.57,grams,REC-013950-4-001,
FV0713A - Cabbage in cheese sauce with minced beef [BNL],"FA-DE Tomatoes, Crushed /Tomaten, zerkleinert",PRO-00-139294-5,PRO,45.22,grams,REC-013950-4-001,"NATURALLY_GLUTEN_FREE,NATURALLY_LACTOSE_FREE,SUITABLE_FOR_COELIACS,SUITABLE_FOR_LACTOSE_INTOLERANCE,VEGAN,VEGETARIAN"
FV0713A - Cabbage in cheese sauce with minced beef [DE],"FA-DE Beef, Ground, 80/20 /Rindfleisch, gemahlen, 80/20",PTN-00-139319-3,PTN,130.29,grams,REC-013950-4-002,
FV0713A - Cabbage in cheese sauce with minced beef [DE],"FA-DE Bell Peppers, Red, Sliced 10mm /Paprika, rot, in Scheiben geschnitten, 10 mm",PHF-00-139183-3,PHF,59.48,grams,REC-013950-4-002,"FISH_FREE,PORK_FREE,VEGAN,VEGETARIAN"
FV0713A - Cabbage in cheese sauce with minced beef [DE],"FA-DE Cabbage, Green, Shredded 5mm / Wirsing, geschnitten, 5 mm",PHF-00-139188-3,PHF,52.22,grams,REC-013950-4-002,"FISH_FREE,PORK_FREE,VEGAN,VEGETARIAN"
FV0713A - Cabbage in cheese sauce with minced beef [DE],"FA-DE Cheese, Cream, 13% Fat (Milk) /Käse, Sahne, 13% Fett",DAI-00-139122-3,DAI,7.26,grams,REC-013950-4-002,
FV0713A - Cabbage in cheese sauce with minced beef [DE],"FA-DE Cheese, Parmesan, Grated /Käse, Parmesan, gerieben",DAI-00-139127-3,DAI,1.73,grams,REC-013950-4-002,
FV0713A - Cabbage in cheese sauce with minced beef [DE],"FA-DE Cheese, Red Cheddar/Käse, Roter Cheddar",DAI-00-139129-3,DAI,9.21,grams,REC-013950-4-002,VEGETARIAN
FV0713A - Cabbage in cheese sauce with minced beef [DE],"FA-DE Cheese, White Cheddar, Shredded /Käse, weißer Cheddar, gerieben",DAI-00-139135-3,DAI,25,grams,REC-013950-4-002,VEGETARIAN
FV0713A - Cabbage in cheese sauce with minced beef [DE],"FA-DE Green Beans, Fresh, Cut 40mm /Grüne Bohnen, frisch, geschnitten 40mm",PHF-00-139199-3,PHF,59.48,grams,REC-013950-4-002,"SUITABLE_FOR_COELIACS,SUITABLE_FOR_LACTOSE_INTOLERANCE,VEGAN,VEGETARIAN"
FV0713A - Cabbage in cheese sauce with minced beef [DE],FA-DE Heavy Cream 35% /Sahne 35%,DAI-00-148167-3,DAI,14.52,grams,REC-013950-4-002,VEGETARIAN
FV0713A - Cabbage in cheese sauce with minced beef [DE],"FA-DE Oil, Olive /Öl, Olivenöl",PRO-00-139277-5,PRO,13.15,grams,REC-013950-4-002,"VEGAN,VEGETARIAN"
FV0713A - Cabbage in cheese sauce with minced beef [DE],"FA-DE Onion, Green, Sliced 5mm /Zwiebel, grün, in Scheiben geschnitten, 5 mm",PHF-00-149803-3,PHF,1.31,grams,REC-013950-4-002,"FISH_FREE,PORK_FREE,VEGAN,VEGETARIAN"
FV0713A - Cabbage in cheese sauce with minced beef [DE],"FA-DE Onion, Spanish, Diced 10mm /Zwiebel, Spanisch, gewürfelt 10 mm",PHF-00-139209-3,PHF,16.15,grams,REC-013950-4-002,"FISH_FREE,PORK_FREE,VEGAN,VEGETARIAN"
FV0713A - Cabbage in cheese sauce with minced beef [DE],"FA-DE Onion, Spanish, Diced 5mm /Zwiebel, Spanisch, gewürfelt 5 mm",PHF-00-139212-3,PHF,8.38,grams,REC-013950-4-002,"FISH_FREE,NATURALLY_GLUTEN_FREE,NATURALLY_LACTOSE_FREE,PORK_FREE,SUITABLE_FOR_COELIACS,SUITABLE_FOR_LACTOSE_INTOLERANCE,VEGAN,VEGETARIAN"
FV0713A - Cabbage in cheese sauce with minced beef [DE],FA-DE Sour Cream /Sauerrahm,DAI-00-139141-3,DAI,12.01,grams,REC-013950-4-002,VEGETARIAN
FV0713A - Cabbage in cheese sauce with minced beef [DE],"FA-DE Spice, Black Pepper, Ground /Gewürz, schwarzer Pfeffer, gemahlen",SPI-00-139334-5,SPI,0.5,grams,REC-013950-4-002,"NATURALLY_GLUTEN_FREE,NATURALLY_LACTOSE_FREE,SUITABLE_FOR_COELIACS,SUITABLE_FOR_LACTOSE_INTOLERANCE,VEGAN,VEGETARIAN"
FV0713A - Cabbage in cheese sauce with minced beef [DE],"FA-DE Spice, Crushed Red Pepper Flakes /Gewürz, zerkleinerte rote Pfefferflocken",SPI-00-139344-5,SPI,0.1,grams,REC-013950-4-002,"FISH_FREE,NATURALLY_GLUTEN_FREE,NATURALLY_LACTOSE_FREE,PORK_FREE,SUITABLE_FOR_COELIACS,SUITABLE_FOR_LACTOSE_INTOLERANCE,VEGAN,VEGETARIAN"
FV0713A - Cabbage in cheese sauce with minced beef [DE],"FA-DE Spice, Garlic Granulated /Gewürz, Knoblauch granuliert",SPI-00-139353-5,SPI,0.92,grams,REC-013950-4-002,"FISH_FREE,NATURALLY_LACTOSE_FREE,PORK_FREE,SUITABLE_FOR_COELIACS,SUITABLE_FOR_LACTOSE_INTOLERANCE,VEGAN,VEGETARIAN"
FV0713A - Cabbage in cheese sauce with minced beef [DE],"FA-DE Spice, Gochugaru Chili Pepper Flakes /Gewürz, Gochugaru-Chili-Pfefferflocken",SPI-00-139356-5,SPI,0.1,grams,REC-013950-4-002,"FISH_FREE,NATURALLY_GLUTEN_FREE,NATURALLY_LACTOSE_FREE,PORK_FREE,SUITABLE_FOR_COELIACS,SUITABLE_FOR_LACTOSE_INTOLERANCE,VEGAN,VEGETARIAN"
FV0713A - Cabbage in cheese sauce with minced beef [DE],"FA-DE Spice, Minced Garlic, Toasted, Dry /Gewürz, gehackter Knoblauch, geröstet, trocken",SPI-00-139367-5,SPI,0.29,grams,REC-013950-4-002,"FISH_FREE,NATURALLY_GLUTEN_FREE,NATURALLY_LACTOSE_FREE,PORK_FREE,SUITABLE_FOR_COELIACS,SUITABLE_FOR_LACTOSE_INTOLERANCE,VEGAN,VEGETARIAN"
FV0713A - Cabbage in cheese sauce with minced beef [DE],"FA-DE Spice, Mustard Seed Ground, Dry /Gewürz, Senfkörner gemahlen, Trockenmasse",SPI-00-139369-5,SPI,0.19,grams,REC-013950-4-002,"FISH_FREE,NATURALLY_GLUTEN_FREE,NATURALLY_LACTOSE_FREE,PORK_FREE,SUITABLE_FOR_COELIACS,SUITABLE_FOR_LACTOSE_INTOLERANCE,VEGAN,VEGETARIAN"
FV0713A - Cabbage in cheese sauce with minced beef [DE],"FA-DE Spice, Onion Granulated /Gewürze, Zwiebeln granuliert",SPI-00-139370-5,SPI,0.28,grams,REC-013950-4-002,"NATURALLY_GLUTEN_FREE,NATURALLY_LACTOSE_FREE,SUITABLE_FOR_COELIACS,SUITABLE_FOR_LACTOSE_INTOLERANCE,VEGAN,VEGETARIAN"
FV0713A - Cabbage in cheese sauce with minced beef [DE],"FA-DE Spice, Onion Powder, Toasted /Gewürze, Zwiebelpulver, geröstet",SPI-00-139371-5,SPI,0.48,grams,REC-013950-4-002,"NATURALLY_GLUTEN_FREE,NATURALLY_LACTOSE_FREE,SUITABLE_FOR_COELIACS,SUITABLE_FOR_LACTOSE_INTOLERANCE,VEGAN,VEGETARIAN"
FV0713A - Cabbage in cheese sauce with minced beef [DE],"FA-DE Spice, Sea Salt /Gewürze, Meersalz",SPI-00-139378-5,SPI,1.22,grams,REC-013950-4-002,"NATURALLY_GLUTEN_FREE,NATURALLY_LACTOSE_FREE,SUITABLE_FOR_COELIACS,SUITABLE_FOR_LACTOSE_INTOLERANCE,VEGAN,VEGETARIAN"
FV0713A - Cabbage in cheese sauce with minced beef [DE],"FA-DE Stock, Chicken, Reduced/Brühe, Huhn, Reduziert",PRO-00-139288-5,PRO,3.57,grams,REC-013950-4-002,
FV0713A - Cabbage in cheese sauce with minced beef [DE],"FA-DE Tomatoes, Crushed /Tomaten, zerkleinert",PRO-00-139294-5,PRO,45.22,grams,REC-013950-4-002,"NATURALLY_GLUTEN_FREE,NATURALLY_LACTOSE_FREE,SUITABLE_FOR_COELIACS,SUITABLE_FOR_LACTOSE_INTOLERANCE,VEGAN,VEGETARIAN"
FV0713A - Cabbage in cheese sauce with minced beef [DKSE],"FA-DE Beef, Ground, 80/20 /Rindfleisch, gemahlen, 80/20",PTN-00-139319-3,PTN,130.29,grams,REC-013950-4-003,
FV0713A - Cabbage in cheese sauce with minced beef [DKSE],"FA-DE Bell Peppers, Red, Sliced 10mm /Paprika, rot, in Scheiben geschnitten, 10 mm",PHF-00-139183-3,PHF,59.48,grams,REC-013950-4-003,"FISH_FREE,PORK_FREE,VEGAN,VEGETARIAN"
FV0713A - Cabbage in cheese sauce with minced beef [DKSE],"FA-DE Cabbage, Green, Shredded 5mm / Wirsing, geschnitten, 5 mm",PHF-00-139188-3,PHF,52.22,grams,REC-013950-4-003,"FISH_FREE,PORK_FREE,VEGAN,VEGETARIAN"
FV0713A - Cabbage in cheese sauce with minced beef [DKSE],"FA-DE Cheese, Cream, 13% Fat (Milk) /Käse, Sahne, 13% Fett",DAI-00-139122-3,DAI,7.26,grams,REC-013950-4-003,
FV0713A - Cabbage in cheese sauce with minced beef [DKSE],"FA-DE Cheese, Parmesan, Grated /Käse, Parmesan, gerieben",DAI-00-139127-3,DAI,1.73,grams,REC-013950-4-003,
FV0713A - Cabbage in cheese sauce with minced beef [DKSE],"FA-DE Cheese, Red Cheddar/Käse, Roter Cheddar",DAI-00-139129-3,DAI,9.21,grams,REC-013950-4-003,VEGETARIAN
FV0713A - Cabbage in cheese sauce with minced beef [DKSE],"FA-DE Cheese, White Cheddar, Shredded /Käse, weißer Cheddar, gerieben",DAI-00-139135-3,DAI,25,grams,REC-013950-4-003,VEGETARIAN
FV0713A - Cabbage in cheese sauce with minced beef [DKSE],"FA-DE Green Beans, Fresh, Cut 40mm /Grüne Bohnen, frisch, geschnitten 40mm",PHF-00-139199-3,PHF,59.48,grams,REC-013950-4-003,"SUITABLE_FOR_COELIACS,SUITABLE_FOR_LACTOSE_INTOLERANCE,VEGAN,VEGETARIAN"
FV0713A - Cabbage in cheese sauce with minced beef [DKSE],FA-DE Heavy Cream 35% /Sahne 35%,DAI-00-148167-3,DAI,14.52,grams,REC-013950-4-003,VEGETARIAN
FV0713A - Cabbage in cheese sauce with minced beef [DKSE],"FA-DE Oil, Olive /Öl, Olivenöl",PRO-00-139277-5,PRO,13.15,grams,REC-013950-4-003,"VEGAN,VEGETARIAN"
FV0713A - Cabbage in cheese sauce with minced beef [DKSE],"FA-DE Onion, Green, Sliced 5mm /Zwiebel, grün, in Scheiben geschnitten, 5 mm",PHF-00-149803-3,PHF,1.31,grams,REC-013950-4-003,"FISH_FREE,PORK_FREE,VEGAN,VEGETARIAN"
FV0713A - Cabbage in cheese sauce with minced beef [DKSE],"FA-DE Onion, Spanish, Diced 10mm /Zwiebel, Spanisch, gewürfelt 10 mm",PHF-00-139209-3,PHF,16.15,grams,REC-013950-4-003,"FISH_FREE,PORK_FREE,VEGAN,VEGETARIAN"
FV0713A - Cabbage in cheese sauce with minced beef [DKSE],"FA-DE Onion, Spanish, Diced 5mm /Zwiebel, Spanisch, gewürfelt 5 mm",PHF-00-139212-3,PHF,8.38,grams,REC-013950-4-003,"FISH_FREE,NATURALLY_GLUTEN_FREE,NATURALLY_LACTOSE_FREE,PORK_FREE,SUITABLE_FOR_COELIACS,SUITABLE_FOR_LACTOSE_INTOLERANCE,VEGAN,VEGETARIAN"
FV0713A - Cabbage in cheese sauce with minced beef [DKSE],FA-DE Sour Cream /Sauerrahm,DAI-00-139141-3,DAI,12.01,grams,REC-013950-4-003,VEGETARIAN
FV0713A - Cabbage in cheese sauce with minced beef [DKSE],"FA-DE Spice, Black Pepper, Ground /Gewürz, schwarzer Pfeffer, gemahlen",SPI-00-139334-5,SPI,0.5,grams,REC-013950-4-003,"NATURALLY_GLUTEN_FREE,NATURALLY_LACTOSE_FREE,SUITABLE_FOR_COELIACS,SUITABLE_FOR_LACTOSE_INTOLERANCE,VEGAN,VEGETARIAN"
FV0713A - Cabbage in cheese sauce with minced beef [DKSE],"FA-DE Spice, Crushed Red Pepper Flakes /Gewürz, zerkleinerte rote Pfefferflocken",SPI-00-139344-5,SPI,0.1,grams,REC-013950-4-003,"FISH_FREE,NATURALLY_GLUTEN_FREE,NATURALLY_LACTOSE_FREE,PORK_FREE,SUITABLE_FOR_COELIACS,SUITABLE_FOR_LACTOSE_INTOLERANCE,VEGAN,VEGETARIAN"
FV0713A - Cabbage in cheese sauce with minced beef [DKSE],"FA-DE Spice, Garlic Granulated /Gewürz, Knoblauch granuliert",SPI-00-139353-5,SPI,0.92,grams,REC-013950-4-003,"FISH_FREE,NATURALLY_LACTOSE_FREE,PORK_FREE,SUITABLE_FOR_COELIACS,SUITABLE_FOR_LACTOSE_INTOLERANCE,VEGAN,VEGETARIAN"
FV0713A - Cabbage in cheese sauce with minced beef [DKSE],"FA-DE Spice, Gochugaru Chili Pepper Flakes /Gewürz, Gochugaru-Chili-Pfefferflocken",SPI-00-139356-5,SPI,0.1,grams,REC-013950-4-003,"FISH_FREE,NATURALLY_GLUTEN_FREE,NATURALLY_LACTOSE_FREE,PORK_FREE,SUITABLE_FOR_COELIACS,SUITABLE_FOR_LACTOSE_INTOLERANCE,VEGAN,VEGETARIAN"
FV0713A - Cabbage in cheese sauce with minced beef [DKSE],"FA-DE Spice, Minced Garlic, Toasted, Dry /Gewürz, gehackter Knoblauch, geröstet, trocken",SPI-00-139367-5,SPI,0.29,grams,REC-013950-4-003,"FISH_FREE,NATURALLY_GLUTEN_FREE,NATURALLY_LACTOSE_FREE,PORK_FREE,SUITABLE_FOR_COELIACS,SUITABLE_FOR_LACTOSE_INTOLERANCE,VEGAN,VEGETARIAN"
FV0713A - Cabbage in cheese sauce with minced beef [DKSE],"FA-DE Spice, Mustard Seed Ground, Dry /Gewürz, Senfkörner gemahlen, Trockenmasse",SPI-00-139369-5,SPI,0.19,grams,REC-013950-4-003,"FISH_FREE,NATURALLY_GLUTEN_FREE,NATURALLY_LACTOSE_FREE,PORK_FREE,SUITABLE_FOR_COELIACS,SUITABLE_FOR_LACTOSE_INTOLERANCE,VEGAN,VEGETARIAN"
FV0713A - Cabbage in cheese sauce with minced beef [DKSE],"FA-DE Spice, Onion Granulated /Gewürze, Zwiebeln granuliert",SPI-00-139370-5,SPI,0.28,grams,REC-013950-4-003,"NATURALLY_GLUTEN_FREE,NATURALLY_LACTOSE_FREE,SUITABLE_FOR_COELIACS,SUITABLE_FOR_LACTOSE_INTOLERANCE,VEGAN,VEGETARIAN"
FV0713A - Cabbage in cheese sauce with minced beef [DKSE],"FA-DE Spice, Onion Powder, Toasted /Gewürze, Zwiebelpulver, geröstet",SPI-00-139371-5,SPI,0.48,grams,REC-013950-4-003,"NATURALLY_GLUTEN_FREE,NATURALLY_LACTOSE_FREE,SUITABLE_FOR_COELIACS,SUITABLE_FOR_LACTOSE_INTOLERANCE,VEGAN,VEGETARIAN"
FV0713A - Cabbage in cheese sauce with minced beef [DKSE],"FA-DE Spice, Sea Salt /Gewürze, Meersalz",SPI-00-139378-5,SPI,1.22,grams,REC-013950-4-003,"NATURALLY_GLUTEN_FREE,NATURALLY_LACTOSE_FREE,SUITABLE_FOR_COELIACS,SUITABLE_FOR_LACTOSE_INTOLERANCE,VEGAN,VEGETARIAN"
FV0713A - Cabbage in cheese sauce with minced beef [DKSE],"FA-DE Stock, Chicken, Reduced/Brühe, Huhn, Reduziert",PRO-00-139288-5,PRO,3.57,grams,REC-013950-4-003,
FV0713A - Cabbage in cheese sauce with minced beef [DKSE],"FA-DE Tomatoes, Crushed /Tomaten, zerkleinert",PRO-00-139294-5,PRO,45.22,grams,REC-013950-4-003,"NATURALLY_GLUTEN_FREE,NATURALLY_LACTOSE_FREE,SUITABLE_FOR_COELIACS,SUITABLE_FOR_LACTOSE_INTOLERANCE,VEGAN,VEGETARIAN"
FV0794A - Loaded Bacon Shredded Chicken [BNL],"FA-DE Bacon, Diced /Speck, gewürfelt",PTN-00-139306-3,PTN,27.22,grams,REC-013489-4-003,
FV0794A - Loaded Bacon Shredded Chicken [BNL],"FA-DE Cheese, Cream, 13% Fat (Milk) /Käse, Sahne, 13% Fett",DAI-00-139122-3,DAI,14.86,grams,REC-013489-4-003,
FV0794A - Loaded Bacon Shredded Chicken [BNL],"FA-DE Cheese, Mozzarella, Shredded /Käse, Mozzarella, gerieben",DAI-00-139125-3,DAI,23.48,grams,REC-013489-4-003,VEGETARIAN
FV0794A - Loaded Bacon Shredded Chicken [BNL],"FA-DE Cheese, White Cheddar, Shredded /Käse, weißer Cheddar, gerieben",DAI-00-139135-3,DAI,21.13,grams,REC-013489-4-003,VEGETARIAN
FV0794A - Loaded Bacon Shredded Chicken [BNL],"FA-DE Chicken, Thighs, Boneless Skinless /Hähnchen, Oberschenkel, ohne Knochen und ohne Haut",PTN-00-139343-3,PTN,154.33,grams,REC-013489-4-003,"NATURALLY_GLUTEN_FREE,NATURALLY_LACTOSE_FREE,SUITABLE_FOR_COELIACS,SUITABLE_FOR_LACTOSE_INTOLERANCE"
FV0794A - Loaded Bacon Shredded Chicken [BNL],"FA-DE Chives, Dried /Schnittlauch, getrocknet",SPI-00-139322-5,SPI,0.27,grams,REC-013489-4-003,"FISH_FREE,NATURALLY_GLUTEN_FREE,NATURALLY_LACTOSE_FREE,PORK_FREE,SUITABLE_FOR_COELIACS,SUITABLE_FOR_LACTOSE_INTOLERANCE,VEGAN,VEGETARIAN"
FV0794A - Loaded Bacon Shredded Chicken [BNL],"FA-DE Garlic, IQF, Diced 4 mm /Knoblauch, IQF, gewürfelt 4 mm",PHF-00-139237-1,PHF,2.34,grams,REC-013489-4-003,"FISH_FREE,NATURALLY_GLUTEN_FREE,NATURALLY_LACTOSE_FREE,PORK_FREE,SUITABLE_FOR_COELIACS,SUITABLE_FOR_LACTOSE_INTOLERANCE,VEGAN,VEGETARIAN"
FV0794A - Loaded Bacon Shredded Chicken [BNL],"FA-DE Green Beans, Fresh, Cut 40mm /Grüne Bohnen, frisch, geschnitten 40mm",PHF-00-139199-3,PHF,102.57,grams,REC-013489-4-003,"SUITABLE_FOR_COELIACS,SUITABLE_FOR_LACTOSE_INTOLERANCE,VEGAN,VEGETARIAN"
FV0794A - Loaded Bacon Shredded Chicken [BNL],"FA-DE Juice, Lemon /Saft, Zitrone",PRO-00-139265-5,PRO,2.88,grams,REC-013489-4-003,"FISH_FREE,NATURALLY_LACTOSE_FREE,PORK_FREE,SUITABLE_FOR_LACTOSE_INTOLERANCE,VEGAN,VEGETARIAN"
FV0794A - Loaded Bacon Shredded Chicken [BNL],"FA-DE Oil, Olive /Öl, Olivenöl",PRO-00-139277-5,PRO,23.46,grams,REC-013489-4-003,"VEGAN,VEGETARIAN"
FV0794A - Loaded Bacon Shredded Chicken [BNL],"FA-DE Onion, Spanish, Diced 5mm /Zwiebel, Spanisch, gewürfelt 5 mm",PHF-00-139212-3,PHF,6.04,grams,REC-013489-4-003,"FISH_FREE,NATURALLY_GLUTEN_FREE,NATURALLY_LACTOSE_FREE,PORK_FREE,SUITABLE_FOR_COELIACS,SUITABLE_FOR_LACTOSE_INTOLERANCE,VEGAN,VEGETARIAN"
FV0794A - Loaded Bacon Shredded Chicken [BNL],FA-DE Sour Cream /Sauerrahm,DAI-00-139141-3,DAI,26.08,grams,REC-013489-4-003,VEGETARIAN
FV0794A - Loaded Bacon Shredded Chicken [BNL],"FA-DE Spice, Black Pepper, Ground /Gewürz, schwarzer Pfeffer, gemahlen",SPI-00-139334-5,SPI,0.52,grams,REC-013489-4-003,"NATURALLY_GLUTEN_FREE,NATURALLY_LACTOSE_FREE,SUITABLE_FOR_COELIACS,SUITABLE_FOR_LACTOSE_INTOLERANCE,VEGAN,VEGETARIAN"
FV0794A - Loaded Bacon Shredded Chicken [BNL],"FA-DE Spice, Buttermilk Powder/Gewürz, Buttermilchpulver",SPI-00-151139-5,SPI,4.16,grams,REC-013489-4-003,
FV0794A - Loaded Bacon Shredded Chicken [BNL],"FA-DE Spice, Dill Dried /Gewürz, Dill getrocknet",SPI-00-139349-5,SPI,0.27,grams,REC-013489-4-003,"NATURALLY_GLUTEN_FREE,NATURALLY_LACTOSE_FREE,SUITABLE_FOR_COELIACS,SUITABLE_FOR_LACTOSE_INTOLERANCE,VEGAN,VEGETARIAN"
FV0794A - Loaded Bacon Shredded Chicken [BNL],"FA-DE Spice, Garlic Granulated /Gewürz, Knoblauch granuliert",SPI-00-139353-5,SPI,1.31,grams,REC-013489-4-003,"FISH_FREE,NATURALLY_LACTOSE_FREE,PORK_FREE,SUITABLE_FOR_COELIACS,SUITABLE_FOR_LACTOSE_INTOLERANCE,VEGAN,VEGETARIAN"
FV0794A - Loaded Bacon Shredded Chicken [BNL],"FA-DE Spice, Onion Granulated /Gewürze, Zwiebeln granuliert",SPI-00-139370-5,SPI,0.76,grams,REC-013489-4-003,"NATURALLY_GLUTEN_FREE,NATURALLY_LACTOSE_FREE,SUITABLE_FOR_COELIACS,SUITABLE_FOR_LACTOSE_INTOLERANCE,VEGAN,VEGETARIAN"
FV0794A - Loaded Bacon Shredded Chicken [BNL],"FA-DE Spice, Parsley Dried /Gewürze, getrocknete Petersilie",SPI-00-139374-5,SPI,0.11,grams,REC-013489-4-003,"FISH_FREE,NATURALLY_GLUTEN_FREE,NATURALLY_LACTOSE_FREE,PORK_FREE,SUITABLE_FOR_COELIACS,SUITABLE_FOR_LACTOSE_INTOLERANCE,VEGAN,VEGETARIAN"
FV0794A - Loaded Bacon Shredded Chicken [BNL],"FA-DE Spice, Sea Salt /Gewürze, Meersalz",SPI-00-139378-5,SPI,1.95,grams,REC-013489-4-003,"NATURALLY_GLUTEN_FREE,NATURALLY_LACTOSE_FREE,SUITABLE_FOR_COELIACS,SUITABLE_FOR_LACTOSE_INTOLERANCE,VEGAN,VEGETARIAN"
FV0794A - Loaded Bacon Shredded Chicken [BNL],"FA-DE Spinach, Frozen Leaf/Spinat, gefrorener Blattspinat",PHF-00-139242-1,PHF,35.16,grams,REC-013489-4-003,"SUITABLE_FOR_COELIACS,SUITABLE_FOR_LACTOSE_INTOLERANCE,VEGAN,VEGETARIAN"
FV0794A - Loaded Bacon Shredded Chicken [BNL],"FA-DE Stock, Chicken, Reduced/Brühe, Huhn, Reduziert",PRO-00-139288-5,PRO,0.42,grams,REC-013489-4-003,
FV0794A - Loaded Bacon Shredded Chicken [BNL],FA-DE Water / Wasser,OTH-00-144038-5,OTH,173.95,grams,REC-013489-4-003,
FV0794A - Loaded Bacon Shredded Chicken [DE],"FA-DE Bacon, Diced /Speck, gewürfelt",PTN-00-139306-3,PTN,27.22,grams,REC-013489-4-001,
FV0794A - Loaded Bacon Shredded Chicken [DE],"FA-DE Cheese, Cream, 13% Fat (Milk) /Käse, Sahne, 13% Fett",DAI-00-139122-3,DAI,14.86,grams,REC-013489-4-001,
FV0794A - Loaded Bacon Shredded Chicken [DE],"FA-DE Cheese, Mozzarella, Shredded /Käse, Mozzarella, gerieben",DAI-00-139125-3,DAI,23.48,grams,REC-013489-4-001,VEGETARIAN
FV0794A - Loaded Bacon Shredded Chicken [DE],"FA-DE Cheese, White Cheddar, Shredded /Käse, weißer Cheddar, gerieben",DAI-00-139135-3,DAI,21.13,grams,REC-013489-4-001,VEGETARIAN
FV0794A - Loaded Bacon Shredded Chicken [DE],"FA-DE Chicken, Thighs, Boneless Skinless /Hähnchen, Oberschenkel, ohne Knochen und ohne Haut",PTN-00-139343-3,PTN,154.33,grams,REC-013489-4-001,"NATURALLY_GLUTEN_FREE,NATURALLY_LACTOSE_FREE,SUITABLE_FOR_COELIACS,SUITABLE_FOR_LACTOSE_INTOLERANCE"
FV0794A - Loaded Bacon Shredded Chicken [DE],"FA-DE Chives, Dried /Schnittlauch, getrocknet",SPI-00-139322-5,SPI,0.27,grams,REC-013489-4-001,"FISH_FREE,NATURALLY_GLUTEN_FREE,NATURALLY_LACTOSE_FREE,PORK_FREE,SUITABLE_FOR_COELIACS,SUITABLE_FOR_LACTOSE_INTOLERANCE,VEGAN,VEGETARIAN"
FV0794A - Loaded Bacon Shredded Chicken [DE],"FA-DE Garlic, IQF, Diced 4 mm /Knoblauch, IQF, gewürfelt 4 mm",PHF-00-139237-1,PHF,2.34,grams,REC-013489-4-001,"FISH_FREE,NATURALLY_GLUTEN_FREE,NATURALLY_LACTOSE_FREE,PORK_FREE,SUITABLE_FOR_COELIACS,SUITABLE_FOR_LACTOSE_INTOLERANCE,VEGAN,VEGETARIAN"
FV0794A - Loaded Bacon Shredded Chicken [DE],"FA-DE Green Beans, Fresh, Cut 40mm /Grüne Bohnen, frisch, geschnitten 40mm",PHF-00-139199-3,PHF,102.57,grams,REC-013489-4-001,"SUITABLE_FOR_COELIACS,SUITABLE_FOR_LACTOSE_INTOLERANCE,VEGAN,VEGETARIAN"
FV0794A - Loaded Bacon Shredded Chicken [DE],"FA-DE Juice, Lemon /Saft, Zitrone",PRO-00-139265-5,PRO,2.88,grams,REC-013489-4-001,"FISH_FREE,NATURALLY_LACTOSE_FREE,PORK_FREE,SUITABLE_FOR_LACTOSE_INTOLERANCE,VEGAN,VEGETARIAN"
FV0794A - Loaded Bacon Shredded Chicken [DE],"FA-DE Oil, Olive /Öl, Olivenöl",PRO-00-139277-5,PRO,23.46,grams,REC-013489-4-001,"VEGAN,VEGETARIAN"
FV0794A - Loaded Bacon Shredded Chicken [DE],"FA-DE Onion, Spanish, Diced 5mm /Zwiebel, Spanisch, gewürfelt 5 mm",PHF-00-139212-3,PHF,6.04,grams,REC-013489-4-001,"FISH_FREE,NATURALLY_GLUTEN_FREE,NATURALLY_LACTOSE_FREE,PORK_FREE,SUITABLE_FOR_COELIACS,SUITABLE_FOR_LACTOSE_INTOLERANCE,VEGAN,VEGETARIAN"
FV0794A - Loaded Bacon Shredded Chicken [DE],FA-DE Sour Cream /Sauerrahm,DAI-00-139141-3,DAI,26.08,grams,REC-013489-4-001,VEGETARIAN
FV0794A - Loaded Bacon Shredded Chicken [DE],"FA-DE Spice, Black Pepper, Ground /Gewürz, schwarzer Pfeffer, gemahlen",SPI-00-139334-5,SPI,0.52,grams,REC-013489-4-001,"NATURALLY_GLUTEN_FREE,NATURALLY_LACTOSE_FREE,SUITABLE_FOR_COELIACS,SUITABLE_FOR_LACTOSE_INTOLERANCE,VEGAN,VEGETARIAN"
FV0794A - Loaded Bacon Shredded Chicken [DE],"FA-DE Spice, Buttermilk Powder/Gewürz, Buttermilchpulver",SPI-00-151139-5,SPI,4.16,grams,REC-013489-4-001,
FV0794A - Loaded Bacon Shredded Chicken [DE],"FA-DE Spice, Dill Dried /Gewürz, Dill getrocknet",SPI-00-139349-5,SPI,0.27,grams,REC-013489-4-001,"NATURALLY_GLUTEN_FREE,NATURALLY_LACTOSE_FREE,SUITABLE_FOR_COELIACS,SUITABLE_FOR_LACTOSE_INTOLERANCE,VEGAN,VEGETARIAN"
FV0794A - Loaded Bacon Shredded Chicken [DE],"FA-DE Spice, Garlic Granulated /Gewürz, Knoblauch granuliert",SPI-00-139353-5,SPI,1.31,grams,REC-013489-4-001,"FISH_FREE,NATURALLY_LACTOSE_FREE,PORK_FREE,SUITABLE_FOR_COELIACS,SUITABLE_FOR_LACTOSE_INTOLERANCE,VEGAN,VEGETARIAN"
FV0794A - Loaded Bacon Shredded Chicken [DE],"FA-DE Spice, Onion Granulated /Gewürze, Zwiebeln granuliert",SPI-00-139370-5,SPI,0.76,grams,REC-013489-4-001,"NATURALLY_GLUTEN_FREE,NATURALLY_LACTOSE_FREE,SUITABLE_FOR_COELIACS,SUITABLE_FOR_LACTOSE_INTOLERANCE,VEGAN,VEGETARIAN"
FV0794A - Loaded Bacon Shredded Chicken [DE],"FA-DE Spice, Parsley Dried /Gewürze, getrocknete Petersilie",SPI-00-139374-5,SPI,0.11,grams,REC-013489-4-001,"FISH_FREE,NATURALLY_GLUTEN_FREE,NATURALLY_LACTOSE_FREE,PORK_FREE,SUITABLE_FOR_COELIACS,SUITABLE_FOR_LACTOSE_INTOLERANCE,VEGAN,VEGETARIAN"
FV0794A - Loaded Bacon Shredded Chicken [DE],"FA-DE Spice, Sea Salt /Gewürze, Meersalz",SPI-00-139378-5,SPI,1.95,grams,REC-013489-4-001,"NATURALLY_GLUTEN_FREE,NATURALLY_LACTOSE_FREE,SUITABLE_FOR_COELIACS,SUITABLE_FOR_LACTOSE_INTOLERANCE,VEGAN,VEGETARIAN"
FV0794A - Loaded Bacon Shredded Chicken [DE],"FA-DE Spinach, Frozen Leaf/Spinat, gefrorener Blattspinat",PHF-00-139242-1,PHF,35.16,grams,REC-013489-4-001,"SUITABLE_FOR_COELIACS,SUITABLE_FOR_LACTOSE_INTOLERANCE,VEGAN,VEGETARIAN"
FV0794A - Loaded Bacon Shredded Chicken [DE],"FA-DE Stock, Chicken, Reduced/Brühe, Huhn, Reduziert",PRO-00-139288-5,PRO,0.42,grams,REC-013489-4-001,
FV0794A - Loaded Bacon Shredded Chicken [DE],FA-DE Water / Wasser,OTH-00-144038-5,OTH,173.95,grams,REC-013489-4-001,
FV0794A - Loaded Bacon Shredded Chicken [DKSE],"FA-DE Bacon, Diced /Speck, gewürfelt",PTN-00-139306-3,PTN,27.22,grams,REC-013489-4-002,
FV0794A - Loaded Bacon Shredded Chicken [DKSE],"FA-DE Cheese, Cream, 13% Fat (Milk) /Käse, Sahne, 13% Fett",DAI-00-139122-3,DAI,14.86,grams,REC-013489-4-002,
FV0794A - Loaded Bacon Shredded Chicken [DKSE],"FA-DE Cheese, Mozzarella, Shredded /Käse, Mozzarella, gerieben",DAI-00-139125-3,DAI,23.48,grams,REC-013489-4-002,VEGETARIAN
FV0794A - Loaded Bacon Shredded Chicken [DKSE],"FA-DE Cheese, White Cheddar, Shredded /Käse, weißer Cheddar, gerieben",DAI-00-139135-3,DAI,21.13,grams,REC-013489-4-002,VEGETARIAN
FV0794A - Loaded Bacon Shredded Chicken [DKSE],"FA-DE Chicken, Thighs, Boneless Skinless /Hähnchen, Oberschenkel, ohne Knochen und ohne Haut",PTN-00-139343-3,PTN,154.33,grams,REC-013489-4-002,"NATURALLY_GLUTEN_FREE,NATURALLY_LACTOSE_FREE,SUITABLE_FOR_COELIACS,SUITABLE_FOR_LACTOSE_INTOLERANCE"
FV0794A - Loaded Bacon Shredded Chicken [DKSE],"FA-DE Chives, Dried /Schnittlauch, getrocknet",SPI-00-139322-5,SPI,0.27,grams,REC-013489-4-002,"FISH_FREE,NATURALLY_GLUTEN_FREE,NATURALLY_LACTOSE_FREE,PORK_FREE,SUITABLE_FOR_COELIACS,SUITABLE_FOR_LACTOSE_INTOLERANCE,VEGAN,VEGETARIAN"
FV0794A - Loaded Bacon Shredded Chicken [DKSE],"FA-DE Garlic, IQF, Diced 4 mm /Knoblauch, IQF, gewürfelt 4 mm",PHF-00-139237-1,PHF,2.34,grams,REC-013489-4-002,"FISH_FREE,NATURALLY_GLUTEN_FREE,NATURALLY_LACTOSE_FREE,PORK_FREE,SUITABLE_FOR_COELIACS,SUITABLE_FOR_LACTOSE_INTOLERANCE,VEGAN,VEGETARIAN"
FV0794A - Loaded Bacon Shredded Chicken [DKSE],"FA-DE Green Beans, Fresh, Cut 40mm /Grüne Bohnen, frisch, geschnitten 40mm",PHF-00-139199-3,PHF,102.57,grams,REC-013489-4-002,"SUITABLE_FOR_COELIACS,SUITABLE_FOR_LACTOSE_INTOLERANCE,VEGAN,VEGETARIAN"
FV0794A - Loaded Bacon Shredded Chicken [DKSE],"FA-DE Juice, Lemon /Saft, Zitrone",PRO-00-139265-5,PRO,2.88,grams,REC-013489-4-002,"FISH_FREE,NATURALLY_LACTOSE_FREE,PORK_FREE,SUITABLE_FOR_LACTOSE_INTOLERANCE,VEGAN,VEGETARIAN"
FV0794A - Loaded Bacon Shredded Chicken [DKSE],"FA-DE Oil, Olive /Öl, Olivenöl",PRO-00-139277-5,PRO,23.46,grams,REC-013489-4-002,"VEGAN,VEGETARIAN"
FV0794A - Loaded Bacon Shredded Chicken [DKSE],"FA-DE Onion, Spanish, Diced 5mm /Zwiebel, Spanisch, gewürfelt 5 mm",PHF-00-139212-3,PHF,6.04,grams,REC-013489-4-002,"FISH_FREE,NATURALLY_GLUTEN_FREE,NATURALLY_LACTOSE_FREE,PORK_FREE,SUITABLE_FOR_COELIACS,SUITABLE_FOR_LACTOSE_INTOLERANCE,VEGAN,VEGETARIAN"
FV0794A - Loaded Bacon Shredded Chicken [DKSE],FA-DE Sour Cream /Sauerrahm,DAI-00-139141-3,DAI,26.08,grams,REC-013489-4-002,VEGETARIAN
FV0794A - Loaded Bacon Shredded Chicken [DKSE],"FA-DE Spice, Black Pepper, Ground /Gewürz, schwarzer Pfeffer, gemahlen",SPI-00-139334-5,SPI,0.52,grams,REC-013489-4-002,"NATURALLY_GLUTEN_FREE,NATURALLY_LACTOSE_FREE,SUITABLE_FOR_COELIACS,SUITABLE_FOR_LACTOSE_INTOLERANCE,VEGAN,VEGETARIAN"
FV0794A - Loaded Bacon Shredded Chicken [DKSE],"FA-DE Spice, Buttermilk Powder/Gewürz, Buttermilchpulver",SPI-00-151139-5,SPI,4.16,grams,REC-013489-4-002,
FV0794A - Loaded Bacon Shredded Chicken [DKSE],"FA-DE Spice, Dill Dried /Gewürz, Dill getrocknet",SPI-00-139349-5,SPI,0.27,grams,REC-013489-4-002,"NATURALLY_GLUTEN_FREE,NATURALLY_LACTOSE_FREE,SUITABLE_FOR_COELIACS,SUITABLE_FOR_LACTOSE_INTOLERANCE,VEGAN,VEGETARIAN"
FV0794A - Loaded Bacon Shredded Chicken [DKSE],"FA-DE Spice, Garlic Granulated /Gewürz, Knoblauch granuliert",SPI-00-139353-5,SPI,1.31,grams,REC-013489-4-002,"FISH_FREE,NATURALLY_LACTOSE_FREE,PORK_FREE,SUITABLE_FOR_COELIACS,SUITABLE_FOR_LACTOSE_INTOLERANCE,VEGAN,VEGETARIAN"
FV0794A - Loaded Bacon Shredded Chicken [DKSE],"FA-DE Spice, Onion Granulated /Gewürze, Zwiebeln granuliert",SPI-00-139370-5,SPI,0.76,grams,REC-013489-4-002,"NATURALLY_GLUTEN_FREE,NATURALLY_LACTOSE_FREE,SUITABLE_FOR_COELIACS,SUITABLE_FOR_LACTOSE_INTOLERANCE,VEGAN,VEGETARIAN"
FV0794A - Loaded Bacon Shredded Chicken [DKSE],"FA-DE Spice, Parsley Dried /Gewürze, getrocknete Petersilie",SPI-00-139374-5,SPI,0.11,grams,REC-013489-4-002,"FISH_FREE,NATURALLY_GLUTEN_FREE,NATURALLY_LACTOSE_FREE,PORK_FREE,SUITABLE_FOR_COELIACS,SUITABLE_FOR_LACTOSE_INTOLERANCE,VEGAN,VEGETARIAN"
FV0794A - Loaded Bacon Shredded Chicken [DKSE],"FA-DE Spice, Sea Salt /Gewürze, Meersalz",SPI-00-139378-5,SPI,1.95,grams,REC-013489-4-002,"NATURALLY_GLUTEN_FREE,NATURALLY_LACTOSE_FREE,SUITABLE_FOR_COELIACS,SUITABLE_FOR_LACTOSE_INTOLERANCE,VEGAN,VEGETARIAN"
FV0794A - Loaded Bacon Shredded Chicken [DKSE],"FA-DE Spinach, Frozen Leaf/Spinat, gefrorener Blattspinat",PHF-00-139242-1,PHF,35.16,grams,REC-013489-4-002,"SUITABLE_FOR_COELIACS,SUITABLE_FOR_LACTOSE_INTOLERANCE,VEGAN,VEGETARIAN"
FV0794A - Loaded Bacon Shredded Chicken [DKSE],"FA-DE Stock, Chicken, Reduced/Brühe, Huhn, Reduziert",PRO-00-139288-5,PRO,0.42,grams,REC-013489-4-002,
FV0794A - Loaded Bacon Shredded Chicken [DKSE],FA-DE Water / Wasser,OTH-00-144038-5,OTH,173.95,grams,REC-013489-4-002,
FV0846A - Stroganoff-Style Beef Burger [BNL],"FA-DE Beef, Ground, 80/20 /Rindfleisch, gemahlen, 80/20",PTN-00-139319-3,PTN,161.44,grams,REC-029854-4-003,
FV0846A - Stroganoff-Style Beef Burger [BNL],"FA-DE Butter, Unsalted /Butter, ungesalzen",DAI-00-139146-3,DAI,11.56,grams,REC-029854-4-003,VEGETARIAN
FV0846A - Stroganoff-Style Beef Burger [BNL],"FA-DE Cheese, Cream, 13% Fat (Milk) /Käse, Sahne, 13% Fett",DAI-00-139122-3,DAI,14.84,grams,REC-029854-4-003,
FV0846A - Stroganoff-Style Beef Burger [BNL],"FA-DE Cheese, Parmesan, Grated /Käse, Parmesan, gerieben",DAI-00-139127-3,DAI,1.16,grams,REC-029854-4-003,
FV0846A - Stroganoff-Style Beef Burger [BNL],"FA-DE Garlic, IQF, Diced 4 mm /Knoblauch, IQF, gewürfelt 4 mm",PHF-00-139237-1,PHF,11.42,grams,REC-029854-4-003,"FISH_FREE,NATURALLY_GLUTEN_FREE,NATURALLY_LACTOSE_FREE,PORK_FREE,SUITABLE_FOR_COELIACS,SUITABLE_FOR_LACTOSE_INTOLERANCE,VEGAN,VEGETARIAN"
FV0846A - Stroganoff-Style Beef Burger [BNL],"FA-DE Green Beans, Fresh and Trimmed/Grüne Bohnen, frisch und geschnitten",PHF-00-139198-3,PHF,64.19,grams,REC-029854-4-003,"FISH_FREE,PORK_FREE,VEGAN,VEGETARIAN"
FV0846A - Stroganoff-Style Beef Burger [BNL],FA-DE Heavy Cream 35% /Sahne 35%,DAI-00-148167-3,DAI,1.98,grams,REC-029854-4-003,VEGETARIAN
FV0846A - Stroganoff-Style Beef Burger [BNL],"FA-DE Mushroom, Button, Sliced, Washed /Pilz, Knopf, geschnitten, gewaschen",PHF-00-139206-3,PHF,114.61,grams,REC-029854-4-003,"VEGAN,VEGETARIAN"
FV0846A - Stroganoff-Style Beef Burger [BNL],"FA-DE Mustard, Dijon /Senf, Dijon",PRO-00-139276-5,PRO,3.22,grams,REC-029854-4-003,VEGETARIAN
FV0846A - Stroganoff-Style Beef Burger [BNL],"FA-DE Oil, Olive /Öl, Olivenöl",PRO-00-139277-5,PRO,22.72,grams,REC-029854-4-003,"VEGAN,VEGETARIAN"
FV0846A - Stroganoff-Style Beef Burger [BNL],"FA-DE Onion, Green, Sliced 5mm /Zwiebel, grün, in Scheiben geschnitten, 5 mm",PHF-00-149803-3,PHF,12.81,grams,REC-029854-4-003,"FISH_FREE,PORK_FREE,VEGAN,VEGETARIAN"
FV0846A - Stroganoff-Style Beef Burger [BNL],"FA-DE Onion, Spanish, Diced 5mm /Zwiebel, Spanisch, gewürfelt 5 mm",PHF-00-139212-3,PHF,11.66,grams,REC-029854-4-003,"FISH_FREE,NATURALLY_GLUTEN_FREE,NATURALLY_LACTOSE_FREE,PORK_FREE,SUITABLE_FOR_COELIACS,SUITABLE_FOR_LACTOSE_INTOLERANCE,VEGAN,VEGETARIAN"
FV0846A - Stroganoff-Style Beef Burger [BNL],FA-DE Sour Cream /Sauerrahm,DAI-00-139141-3,DAI,14.84,grams,REC-029854-4-003,VEGETARIAN
FV0846A - Stroganoff-Style Beef Burger [BNL],"FA-DE Spice, Black Pepper, Ground /Gewürz, schwarzer Pfeffer, gemahlen",SPI-00-139334-5,SPI,0.26,grams,REC-029854-4-003,"NATURALLY_GLUTEN_FREE,NATURALLY_LACTOSE_FREE,SUITABLE_FOR_COELIACS,SUITABLE_FOR_LACTOSE_INTOLERANCE,VEGAN,VEGETARIAN"
FV0846A - Stroganoff-Style Beef Burger [BNL],"FA-DE Spice, Dill Dried /Gewürz, Dill getrocknet",SPI-00-139349-5,SPI,0.1,grams,REC-029854-4-003,"NATURALLY_GLUTEN_FREE,NATURALLY_LACTOSE_FREE,SUITABLE_FOR_COELIACS,SUITABLE_FOR_LACTOSE_INTOLERANCE,VEGAN,VEGETARIAN"
FV0846A - Stroganoff-Style Beef Burger [BNL],"FA-DE Spice, Garlic Granulated /Gewürz, Knoblauch granuliert",SPI-00-139353-5,SPI,2.54,grams,REC-029854-4-003,"FISH_FREE,NATURALLY_LACTOSE_FREE,PORK_FREE,SUITABLE_FOR_COELIACS,SUITABLE_FOR_LACTOSE_INTOLERANCE,VEGAN,VEGETARIAN"
FV0846A - Stroganoff-Style Beef Burger [BNL],"FA-DE Spice, Onion Granulated /Gewürze, Zwiebeln granuliert",SPI-00-139370-5,SPI,4.54,grams,REC-029854-4-003,"NATURALLY_GLUTEN_FREE,NATURALLY_LACTOSE_FREE,SUITABLE_FOR_COELIACS,SUITABLE_FOR_LACTOSE_INTOLERANCE,VEGAN,VEGETARIAN"
FV0846A - Stroganoff-Style Beef Burger [BNL],"FA-DE Spice, Parsley Dried /Gewürze, getrocknete Petersilie",SPI-00-139374-5,SPI,0.09,grams,REC-029854-4-003,"FISH_FREE,NATURALLY_GLUTEN_FREE,NATURALLY_LACTOSE_FREE,PORK_FREE,SUITABLE_FOR_COELIACS,SUITABLE_FOR_LACTOSE_INTOLERANCE,VEGAN,VEGETARIAN"
FV0846A - Stroganoff-Style Beef Burger [BNL],"FA-DE Spice, Porcini Mushroom Powder /Gewürz, Steinpilzpulver",SPI-00-139375-5,SPI,0.74,grams,REC-029854-4-003,"FISH_FREE,NATURALLY_GLUTEN_FREE,NATURALLY_LACTOSE_FREE,PORK_FREE,SUITABLE_FOR_COELIACS,SUITABLE_FOR_LACTOSE_INTOLERANCE,VEGAN,VEGETARIAN"
FV0846A - Stroganoff-Style Beef Burger [BNL],"FA-DE Spice, Sea Salt /Gewürze, Meersalz",SPI-00-139378-5,SPI,1.72,grams,REC-029854-4-003,"NATURALLY_GLUTEN_FREE,NATURALLY_LACTOSE_FREE,SUITABLE_FOR_COELIACS,SUITABLE_FOR_LACTOSE_INTOLERANCE,VEGAN,VEGETARIAN"
FV0846A - Stroganoff-Style Beef Burger [BNL],"FA-DE Spice, White Pepper /Gewürz, weißer Pfeffer",SPI-00-139387-5,SPI,0.11,grams,REC-029854-4-003,"FISH_FREE,NATURALLY_GLUTEN_FREE,NATURALLY_LACTOSE_FREE,PORK_FREE,SUITABLE_FOR_COELIACS,SUITABLE_FOR_LACTOSE_INTOLERANCE,VEGAN,VEGETARIAN"
FV0846A - Stroganoff-Style Beef Burger [BNL],"FA-DE Stock Concentrate, Classic Reduced Brown /Stammkonzentrat, klassisches, reduziertes Braun",PRO-00-139285-5,PRO,4.94,grams,REC-029854-4-003,
FV0846A - Stroganoff-Style Beef Burger [BNL],"FA-DE Stock, Chicken, Reduced/Brühe, Huhn, Reduziert",PRO-00-139288-5,PRO,1.09,grams,REC-029854-4-003,
FV0846A - Stroganoff-Style Beef Burger [BNL],"FA-DE Thyme, IQF /Thymian, IQF",PHF-00-139244-1,PHF,1.06,grams,REC-029854-4-003,"SUITABLE_FOR_COELIACS,SUITABLE_FOR_LACTOSE_INTOLERANCE,VEGAN,VEGETARIAN"
FV0846A - Stroganoff-Style Beef Burger [BNL],FA-DE Water / Wasser,OTH-00-144038-5,OTH,17.76,grams,REC-029854-4-003,
FV0846A - Stroganoff-Style Beef Burger [DE],"FA-DE Beef, Ground, 80/20 /Rindfleisch, gemahlen, 80/20",PTN-00-139319-3,PTN,161.44,grams,REC-029854-4-001,
FV0846A - Stroganoff-Style Beef Burger [DE],"FA-DE Butter, Unsalted /Butter, ungesalzen",DAI-00-139146-3,DAI,11.56,grams,REC-029854-4-001,VEGETARIAN
FV0846A - Stroganoff-Style Beef Burger [DE],"FA-DE Cheese, Cream, 13% Fat (Milk) /Käse, Sahne, 13% Fett",DAI-00-139122-3,DAI,14.84,grams,REC-029854-4-001,
FV0846A - Stroganoff-Style Beef Burger [DE],"FA-DE Cheese, Parmesan, Grated /Käse, Parmesan, gerieben",DAI-00-139127-3,DAI,1.16,grams,REC-029854-4-001,
FV0846A - Stroganoff-Style Beef Burger [DE],"FA-DE Garlic, IQF, Diced 4 mm /Knoblauch, IQF, gewürfelt 4 mm",PHF-00-139237-1,PHF,11.42,grams,REC-029854-4-001,"FISH_FREE,NATURALLY_GLUTEN_FREE,NATURALLY_LACTOSE_FREE,PORK_FREE,SUITABLE_FOR_COELIACS,SUITABLE_FOR_LACTOSE_INTOLERANCE,VEGAN,VEGETARIAN"
FV0846A - Stroganoff-Style Beef Burger [DE],"FA-DE Green Beans, Fresh and Trimmed/Grüne Bohnen, frisch und geschnitten",PHF-00-139198-3,PHF,64.19,grams,REC-029854-4-001,"FISH_FREE,PORK_FREE,VEGAN,VEGETARIAN"
FV0846A - Stroganoff-Style Beef Burger [DE],FA-DE Heavy Cream 35% /Sahne 35%,DAI-00-148167-3,DAI,1.98,grams,REC-029854-4-001,VEGETARIAN
FV0846A - Stroganoff-Style Beef Burger [DE],"FA-DE Mushroom, Button, Sliced, Washed /Pilz, Knopf, geschnitten, gewaschen",PHF-00-139206-3,PHF,114.61,grams,REC-029854-4-001,"VEGAN,VEGETARIAN"
FV0846A - Stroganoff-Style Beef Burger [DE],"FA-DE Mustard, Dijon /Senf, Dijon",PRO-00-139276-5,PRO,3.22,grams,REC-029854-4-001,VEGETARIAN
FV0846A - Stroganoff-Style Beef Burger [DE],"FA-DE Oil, Olive /Öl, Olivenöl",PRO-00-139277-5,PRO,22.72,grams,REC-029854-4-001,"VEGAN,VEGETARIAN"
FV0846A - Stroganoff-Style Beef Burger [DE],"FA-DE Onion, Green, Sliced 5mm /Zwiebel, grün, in Scheiben geschnitten, 5 mm",PHF-00-149803-3,PHF,12.81,grams,REC-029854-4-001,"FISH_FREE,PORK_FREE,VEGAN,VEGETARIAN"
FV0846A - Stroganoff-Style Beef Burger [DE],"FA-DE Onion, Spanish, Diced 5mm /Zwiebel, Spanisch, gewürfelt 5 mm",PHF-00-139212-3,PHF,11.66,grams,REC-029854-4-001,"FISH_FREE,NATURALLY_GLUTEN_FREE,NATURALLY_LACTOSE_FREE,PORK_FREE,SUITABLE_FOR_COELIACS,SUITABLE_FOR_LACTOSE_INTOLERANCE,VEGAN,VEGETARIAN"
FV0846A - Stroganoff-Style Beef Burger [DE],FA-DE Sour Cream /Sauerrahm,DAI-00-139141-3,DAI,14.84,grams,REC-029854-4-001,VEGETARIAN
FV0846A - Stroganoff-Style Beef Burger [DE],"FA-DE Spice, Black Pepper, Ground /Gewürz, schwarzer Pfeffer, gemahlen",SPI-00-139334-5,SPI,0.26,grams,REC-029854-4-001,"NATURALLY_GLUTEN_FREE,NATURALLY_LACTOSE_FREE,SUITABLE_FOR_COELIACS,SUITABLE_FOR_LACTOSE_INTOLERANCE,VEGAN,VEGETARIAN"
FV0846A - Stroganoff-Style Beef Burger [DE],"FA-DE Spice, Dill Dried /Gewürz, Dill getrocknet",SPI-00-139349-5,SPI,0.1,grams,REC-029854-4-001,"NATURALLY_GLUTEN_FREE,NATURALLY_LACTOSE_FREE,SUITABLE_FOR_COELIACS,SUITABLE_FOR_LACTOSE_INTOLERANCE,VEGAN,VEGETARIAN"
FV0846A - Stroganoff-Style Beef Burger [DE],"FA-DE Spice, Garlic Granulated /Gewürz, Knoblauch granuliert",SPI-00-139353-5,SPI,2.54,grams,REC-029854-4-001,"FISH_FREE,NATURALLY_LACTOSE_FREE,PORK_FREE,SUITABLE_FOR_COELIACS,SUITABLE_FOR_LACTOSE_INTOLERANCE,VEGAN,VEGETARIAN"
FV0846A - Stroganoff-Style Beef Burger [DE],"FA-DE Spice, Onion Granulated /Gewürze, Zwiebeln granuliert",SPI-00-139370-5,SPI,4.54,grams,REC-029854-4-001,"NATURALLY_GLUTEN_FREE,NATURALLY_LACTOSE_FREE,SUITABLE_FOR_COELIACS,SUITABLE_FOR_LACTOSE_INTOLERANCE,VEGAN,VEGETARIAN"
FV0846A - Stroganoff-Style Beef Burger [DE],"FA-DE Spice, Parsley Dried /Gewürze, getrocknete Petersilie",SPI-00-139374-5,SPI,0.09,grams,REC-029854-4-001,"FISH_FREE,NATURALLY_GLUTEN_FREE,NATURALLY_LACTOSE_FREE,PORK_FREE,SUITABLE_FOR_COELIACS,SUITABLE_FOR_LACTOSE_INTOLERANCE,VEGAN,VEGETARIAN"
FV0846A - Stroganoff-Style Beef Burger [DE],"FA-DE Spice, Porcini Mushroom Powder /Gewürz, Steinpilzpulver",SPI-00-139375-5,SPI,0.74,grams,REC-029854-4-001,"FISH_FREE,NATURALLY_GLUTEN_FREE,NATURALLY_LACTOSE_FREE,PORK_FREE,SUITABLE_FOR_COELIACS,SUITABLE_FOR_LACTOSE_INTOLERANCE,VEGAN,VEGETARIAN"
FV0846A - Stroganoff-Style Beef Burger [DE],"FA-DE Spice, Sea Salt /Gewürze, Meersalz",SPI-00-139378-5,SPI,1.72,grams,REC-029854-4-001,"NATURALLY_GLUTEN_FREE,NATURALLY_LACTOSE_FREE,SUITABLE_FOR_COELIACS,SUITABLE_FOR_LACTOSE_INTOLERANCE,VEGAN,VEGETARIAN"
FV0846A - Stroganoff-Style Beef Burger [DE],"FA-DE Spice, White Pepper /Gewürz, weißer Pfeffer",SPI-00-139387-5,SPI,0.11,grams,REC-029854-4-001,"FISH_FREE,NATURALLY_GLUTEN_FREE,NATURALLY_LACTOSE_FREE,PORK_FREE,SUITABLE_FOR_COELIACS,SUITABLE_FOR_LACTOSE_INTOLERANCE,VEGAN,VEGETARIAN"
FV0846A - Stroganoff-Style Beef Burger [DE],"FA-DE Stock Concentrate, Classic Reduced Brown /Stammkonzentrat, klassisches, reduziertes Braun",PRO-00-139285-5,PRO,4.94,grams,REC-029854-4-001,
FV0846A - Stroganoff-Style Beef Burger [DE],"FA-DE Stock, Chicken, Reduced/Brühe, Huhn, Reduziert",PRO-00-139288-5,PRO,1.09,grams,REC-029854-4-001,
FV0846A - Stroganoff-Style Beef Burger [DE],"FA-DE Thyme, IQF /Thymian, IQF",PHF-00-139244-1,PHF,1.06,grams,REC-029854-4-001,"SUITABLE_FOR_COELIACS,SUITABLE_FOR_LACTOSE_INTOLERANCE,VEGAN,VEGETARIAN"
FV0846A - Stroganoff-Style Beef Burger [DE],FA-DE Water / Wasser,OTH-00-144038-5,OTH,17.76,grams,REC-029854-4-001,
FV0846A - Stroganoff-Style Beef Burger [DKSE],"FA-DE Beef, Ground, 80/20 /Rindfleisch, gemahlen, 80/20",PTN-00-139319-3,PTN,161.44,grams,REC-029854-4-002,
FV0846A - Stroganoff-Style Beef Burger [DKSE],"FA-DE Butter, Unsalted /Butter, ungesalzen",DAI-00-139146-3,DAI,11.56,grams,REC-029854-4-002,VEGETARIAN
FV0846A - Stroganoff-Style Beef Burger [DKSE],"FA-DE Cheese, Cream, 13% Fat (Milk) /Käse, Sahne, 13% Fett",DAI-00-139122-3,DAI,14.84,grams,REC-029854-4-002,
FV0846A - Stroganoff-Style Beef Burger [DKSE],"FA-DE Cheese, Parmesan, Grated /Käse, Parmesan, gerieben",DAI-00-139127-3,DAI,1.16,grams,REC-029854-4-002,
FV0846A - Stroganoff-Style Beef Burger [DKSE],"FA-DE Garlic, IQF, Diced 4 mm /Knoblauch, IQF, gewürfelt 4 mm",PHF-00-139237-1,PHF,11.42,grams,REC-029854-4-002,"FISH_FREE,NATURALLY_GLUTEN_FREE,NATURALLY_LACTOSE_FREE,PORK_FREE,SUITABLE_FOR_COELIACS,SUITABLE_FOR_LACTOSE_INTOLERANCE,VEGAN,VEGETARIAN"
FV0846A - Stroganoff-Style Beef Burger [DKSE],"FA-DE Green Beans, Fresh and Trimmed/Grüne Bohnen, frisch und geschnitten",PHF-00-139198-3,PHF,64.19,grams,REC-029854-4-002,"FISH_FREE,PORK_FREE,VEGAN,VEGETARIAN"
FV0846A - Stroganoff-Style Beef Burger [DKSE],FA-DE Heavy Cream 35% /Sahne 35%,DAI-00-148167-3,DAI,1.98,grams,REC-029854-4-002,VEGETARIAN
FV0846A - Stroganoff-Style Beef Burger [DKSE],"FA-DE Mushroom, Button, Sliced, Washed /Pilz, Knopf, geschnitten, gewaschen",PHF-00-139206-3,PHF,114.61,grams,REC-029854-4-002,"VEGAN,VEGETARIAN"
FV0846A - Stroganoff-Style Beef Burger [DKSE],"FA-DE Mustard, Dijon /Senf, Dijon",PRO-00-139276-5,PRO,3.22,grams,REC-029854-4-002,VEGETARIAN
FV0846A - Stroganoff-Style Beef Burger [DKSE],"FA-DE Oil, Olive /Öl, Olivenöl",PRO-00-139277-5,PRO,22.72,grams,REC-029854-4-002,"VEGAN,VEGETARIAN"
FV0846A - Stroganoff-Style Beef Burger [DKSE],"FA-DE Onion, Green, Sliced 5mm /Zwiebel, grün, in Scheiben geschnitten, 5 mm",PHF-00-149803-3,PHF,12.81,grams,REC-029854-4-002,"FISH_FREE,PORK_FREE,VEGAN,VEGETARIAN"
FV0846A - Stroganoff-Style Beef Burger [DKSE],"FA-DE Onion, Spanish, Diced 5mm /Zwiebel, Spanisch, gewürfelt 5 mm",PHF-00-139212-3,PHF,11.66,grams,REC-029854-4-002,"FISH_FREE,NATURALLY_GLUTEN_FREE,NATURALLY_LACTOSE_FREE,PORK_FREE,SUITABLE_FOR_COELIACS,SUITABLE_FOR_LACTOSE_INTOLERANCE,VEGAN,VEGETARIAN"
FV0846A - Stroganoff-Style Beef Burger [DKSE],FA-DE Sour Cream /Sauerrahm,DAI-00-139141-3,DAI,14.84,grams,REC-029854-4-002,VEGETARIAN
FV0846A - Stroganoff-Style Beef Burger [DKSE],"FA-DE Spice, Black Pepper, Ground /Gewürz, schwarzer Pfeffer, gemahlen",SPI-00-139334-5,SPI,0.26,grams,REC-029854-4-002,"NATURALLY_GLUTEN_FREE,NATURALLY_LACTOSE_FREE,SUITABLE_FOR_COELIACS,SUITABLE_FOR_LACTOSE_INTOLERANCE,VEGAN,VEGETARIAN"
FV0846A - Stroganoff-Style Beef Burger [DKSE],"FA-DE Spice, Dill Dried /Gewürz, Dill getrocknet",SPI-00-139349-5,SPI,0.1,grams,REC-029854-4-002,"NATURALLY_GLUTEN_FREE,NATURALLY_LACTOSE_FREE,SUITABLE_FOR_COELIACS,SUITABLE_FOR_LACTOSE_INTOLERANCE,VEGAN,VEGETARIAN"
FV0846A - Stroganoff-Style Beef Burger [DKSE],"FA-DE Spice, Garlic Granulated /Gewürz, Knoblauch granuliert",SPI-00-139353-5,SPI,2.54,grams,REC-029854-4-002,"FISH_FREE,NATURALLY_LACTOSE_FREE,PORK_FREE,SUITABLE_FOR_COELIACS,SUITABLE_FOR_LACTOSE_INTOLERANCE,VEGAN,VEGETARIAN"
FV0846A - Stroganoff-Style Beef Burger [DKSE],"FA-DE Spice, Onion Granulated /Gewürze, Zwiebeln granuliert",SPI-00-139370-5,SPI,4.54,grams,REC-029854-4-002,"NATURALLY_GLUTEN_FREE,NATURALLY_LACTOSE_FREE,SUITABLE_FOR_COELIACS,SUITABLE_FOR_LACTOSE_INTOLERANCE,VEGAN,VEGETARIAN"
FV0846A - Stroganoff-Style Beef Burger [DKSE],"FA-DE Spice, Parsley Dried /Gewürze, getrocknete Petersilie",SPI-00-139374-5,SPI,0.09,grams,REC-029854-4-002,"FISH_FREE,NATURALLY_GLUTEN_FREE,NATURALLY_LACTOSE_FREE,PORK_FREE,SUITABLE_FOR_COELIACS,SUITABLE_FOR_LACTOSE_INTOLERANCE,VEGAN,VEGETARIAN"
FV0846A - Stroganoff-Style Beef Burger [DKSE],"FA-DE Spice, Porcini Mushroom Powder /Gewürz, Steinpilzpulver",SPI-00-139375-5,SPI,0.74,grams,REC-029854-4-002,"FISH_FREE,NATURALLY_GLUTEN_FREE,NATURALLY_LACTOSE_FREE,PORK_FREE,SUITABLE_FOR_COELIACS,SUITABLE_FOR_LACTOSE_INTOLERANCE,VEGAN,VEGETARIAN"
FV0846A - Stroganoff-Style Beef Burger [DKSE],"FA-DE Spice, Sea Salt /Gewürze, Meersalz",SPI-00-139378-5,SPI,1.72,grams,REC-029854-4-002,"NATURALLY_GLUTEN_FREE,NATURALLY_LACTOSE_FREE,SUITABLE_FOR_COELIACS,SUITABLE_FOR_LACTOSE_INTOLERANCE,VEGAN,VEGETARIAN"
FV0846A - Stroganoff-Style Beef Burger [DKSE],"FA-DE Spice, White Pepper /Gewürz, weißer Pfeffer",SPI-00-139387-5,SPI,0.11,grams,REC-029854-4-002,"FISH_FREE,NATURALLY_GLUTEN_FREE,NATURALLY_LACTOSE_FREE,PORK_FREE,SUITABLE_FOR_COELIACS,SUITABLE_FOR_LACTOSE_INTOLERANCE,VEGAN,VEGETARIAN"
FV0846A - Stroganoff-Style Beef Burger [DKSE],"FA-DE Stock Concentrate, Classic Reduced Brown /Stammkonzentrat, klassisches, reduziertes Braun",PRO-00-139285-5,PRO,4.94,grams,REC-029854-4-002,
FV0846A - Stroganoff-Style Beef Burger [DKSE],"FA-DE Stock, Chicken, Reduced/Brühe, Huhn, Reduziert",PRO-00-139288-5,PRO,1.09,grams,REC-029854-4-002,
FV0846A - Stroganoff-Style Beef Burger [DKSE],"FA-DE Thyme, IQF /Thymian, IQF",PHF-00-139244-1,PHF,1.06,grams,REC-029854-4-002,"SUITABLE_FOR_COELIACS,SUITABLE_FOR_LACTOSE_INTOLERANCE,VEGAN,VEGETARIAN"
FV0846A - Stroganoff-Style Beef Burger [DKSE],FA-DE Water / Wasser,OTH-00-144038-5,OTH,17.76,grams,REC-029854-4-002,
FV0972A - Salmon Piccata [BNL],"FA-DE Broccoli, Florets, /Brokkoli, Röschen",PHF-00-143425-3,PHF,121.46,grams,REC-013607-4-003,"VEGAN,VEGETARIAN"
FV0972A - Salmon Piccata [BNL],"FA-DE Butter, Unsalted /Butter, ungesalzen",DAI-00-139146-3,DAI,12.2,grams,REC-013607-4-003,VEGETARIAN
FV0972A - Salmon Piccata [BNL],"FA-DE Capers, Preserved/Kapern, konserviert",PRO-00-139257-5,PRO,15.2,grams,REC-013607-4-003,"FISH_FREE,NATURALLY_GLUTEN_FREE,NATURALLY_LACTOSE_FREE,PORK_FREE,SUITABLE_FOR_COELIACS,SUITABLE_FOR_LACTOSE_INTOLERANCE,VEGAN,VEGETARIAN"
FV0972A - Salmon Piccata [BNL],"FA-DE Cauliflower, Riced, IQF /Blumenkohl, Reis, IQF",PHF-00-139233-1,PHF,72.35,grams,REC-013607-4-003,"FISH_FREE,NATURALLY_GLUTEN_FREE,NATURALLY_LACTOSE_FREE,PORK_FREE,SUITABLE_FOR_COELIACS,SUITABLE_FOR_LACTOSE_INTOLERANCE,VEGAN,VEGETARIAN"
FV0972A - Salmon Piccata [BNL],"FA-DE Cheese, Cream, 13% Fat (Milk) /Käse, Sahne, 13% Fett",DAI-00-139122-3,DAI,18.65,grams,REC-013607-4-003,
FV0972A - Salmon Piccata [BNL],"FA-DE Cheese, Parmesan, Grated /Käse, Parmesan, gerieben",DAI-00-139127-3,DAI,2.67,grams,REC-013607-4-003,
FV0972A - Salmon Piccata [BNL],"FA-DE Chives, Dried /Schnittlauch, getrocknet",SPI-00-139322-5,SPI,0.12,grams,REC-013607-4-003,"FISH_FREE,NATURALLY_GLUTEN_FREE,NATURALLY_LACTOSE_FREE,PORK_FREE,SUITABLE_FOR_COELIACS,SUITABLE_FOR_LACTOSE_INTOLERANCE,VEGAN,VEGETARIAN"
FV0972A - Salmon Piccata [BNL],"FA-DE Garlic, IQF, Diced 4 mm /Knoblauch, IQF, gewürfelt 4 mm",PHF-00-139237-1,PHF,1.81,grams,REC-013607-4-003,"FISH_FREE,NATURALLY_GLUTEN_FREE,NATURALLY_LACTOSE_FREE,PORK_FREE,SUITABLE_FOR_COELIACS,SUITABLE_FOR_LACTOSE_INTOLERANCE,VEGAN,VEGETARIAN"
FV0972A - Salmon Piccata [BNL],FA-DE Heavy Cream 20% /Sahne 20%,DAI-00-139137-3,DAI,31.81,grams,REC-013607-4-003,"VEGAN,VEGETARIAN"
FV0972A - Salmon Piccata [BNL],"FA-DE Juice, Lemon /Saft, Zitrone",PRO-00-139265-5,PRO,4.53,grams,REC-013607-4-003,"FISH_FREE,NATURALLY_LACTOSE_FREE,PORK_FREE,SUITABLE_FOR_LACTOSE_INTOLERANCE,VEGAN,VEGETARIAN"
FV0972A - Salmon Piccata [BNL],"FA-DE Milk, Whole /Milch, voll",DAI-00-139142-3,DAI,5.73,grams,REC-013607-4-003,
FV0972A - Salmon Piccata [BNL],"FA-DE Oil, Olive /Öl, Olivenöl",PRO-00-139277-5,PRO,16.26,grams,REC-013607-4-003,"VEGAN,VEGETARIAN"
FV0972A - Salmon Piccata [BNL],"FA-DE Onion, Green, Sliced 5mm /Zwiebel, grün, in Scheiben geschnitten, 5 mm",PHF-00-149803-3,PHF,2.52,grams,REC-013607-4-003,"FISH_FREE,PORK_FREE,VEGAN,VEGETARIAN"
FV0972A - Salmon Piccata [BNL],"FA-DE Onion, Spanish, Diced 5mm /Zwiebel, Spanisch, gewürfelt 5 mm",PHF-00-139212-3,PHF,2.64,grams,REC-013607-4-003,"FISH_FREE,NATURALLY_GLUTEN_FREE,NATURALLY_LACTOSE_FREE,PORK_FREE,SUITABLE_FOR_COELIACS,SUITABLE_FOR_LACTOSE_INTOLERANCE,VEGAN,VEGETARIAN"
FV0972A - Salmon Piccata [BNL],"FA-DE Parsley, Chopped /Petersilie, gehackt",PHF-00-139215-3,PHF,0.2,grams,REC-013607-4-003,"FISH_FREE,NATURALLY_LACTOSE_FREE,PORK_FREE,SUITABLE_FOR_LACTOSE_INTOLERANCE,VEGAN,VEGETARIAN"
FV0972A - Salmon Piccata [BNL],"FA-DE Salmon, Skinless, Boneless, Filet/Lachs, ohne Haut, ohne Knochen, Filet - IQF",PTN-00-139968-1,PTN,140,grams,REC-013607-4-003,
FV0972A - Salmon Piccata [BNL],"FA-DE Shallots, Diced 5mm /Schalotten, gewürfelt, 5 mm",PHF-00-139222-3,PHF,2.64,grams,REC-013607-4-003,"FISH_FREE,PORK_FREE,VEGAN,VEGETARIAN"
FV0972A - Salmon Piccata [BNL],"FA-DE Spice, Black Pepper, Ground /Gewürz, schwarzer Pfeffer, gemahlen",SPI-00-139334-5,SPI,0.45,grams,REC-013607-4-003,"NATURALLY_GLUTEN_FREE,NATURALLY_LACTOSE_FREE,SUITABLE_FOR_COELIACS,SUITABLE_FOR_LACTOSE_INTOLERANCE,VEGAN,VEGETARIAN"
FV0972A - Salmon Piccata [BNL],"FA-DE Spice, Garlic Powder, Toasted /Gewürz, Knoblauchpulver, geröstet",SPI-00-139354-5,SPI,0.36,grams,REC-013607-4-003,"FISH_FREE,NATURALLY_GLUTEN_FREE,NATURALLY_LACTOSE_FREE,PORK_FREE,SUITABLE_FOR_COELIACS,SUITABLE_FOR_LACTOSE_INTOLERANCE,VEGAN,VEGETARIAN"
FV0972A - Salmon Piccata [BNL],"FA-DE Spice, Lemon Powder /Gewürz, Zitronenpulver",SPI-00-139362-5,SPI,0.06,grams,REC-013607-4-003,"NATURALLY_GLUTEN_FREE,NATURALLY_LACTOSE_FREE,SUITABLE_FOR_COELIACS,SUITABLE_FOR_LACTOSE_INTOLERANCE,VEGAN,VEGETARIAN"
FV0972A - Salmon Piccata [BNL],"FA-DE Spice, Parsley Dried /Gewürze, getrocknete Petersilie",SPI-00-139374-5,SPI,0.12,grams,REC-013607-4-003,"FISH_FREE,NATURALLY_GLUTEN_FREE,NATURALLY_LACTOSE_FREE,PORK_FREE,SUITABLE_FOR_COELIACS,SUITABLE_FOR_LACTOSE_INTOLERANCE,VEGAN,VEGETARIAN"
FV0972A - Salmon Piccata [BNL],"FA-DE Spice, Sea Salt /Gewürze, Meersalz",SPI-00-139378-5,SPI,1.58,grams,REC-013607-4-003,"NATURALLY_GLUTEN_FREE,NATURALLY_LACTOSE_FREE,SUITABLE_FOR_COELIACS,SUITABLE_FOR_LACTOSE_INTOLERANCE,VEGAN,VEGETARIAN"
FV0972A - Salmon Piccata [DE],"FA-DE Broccoli, Florets, /Brokkoli, Röschen",PHF-00-143425-3,PHF,121.46,grams,REC-013607-4-001,"VEGAN,VEGETARIAN"
FV0972A - Salmon Piccata [DE],"FA-DE Butter, Unsalted /Butter, ungesalzen",DAI-00-139146-3,DAI,12.2,grams,REC-013607-4-001,VEGETARIAN
FV0972A - Salmon Piccata [DE],"FA-DE Capers, Preserved/Kapern, konserviert",PRO-00-139257-5,PRO,15.2,grams,REC-013607-4-001,"FISH_FREE,NATURALLY_GLUTEN_FREE,NATURALLY_LACTOSE_FREE,PORK_FREE,SUITABLE_FOR_COELIACS,SUITABLE_FOR_LACTOSE_INTOLERANCE,VEGAN,VEGETARIAN"
FV0972A - Salmon Piccata [DE],"FA-DE Cauliflower, Riced, IQF /Blumenkohl, Reis, IQF",PHF-00-139233-1,PHF,72.35,grams,REC-013607-4-001,"FISH_FREE,NATURALLY_GLUTEN_FREE,NATURALLY_LACTOSE_FREE,PORK_FREE,SUITABLE_FOR_COELIACS,SUITABLE_FOR_LACTOSE_INTOLERANCE,VEGAN,VEGETARIAN"
FV0972A - Salmon Piccata [DE],"FA-DE Cheese, Cream, 13% Fat (Milk) /Käse, Sahne, 13% Fett",DAI-00-139122-3,DAI,18.65,grams,REC-013607-4-001,
FV0972A - Salmon Piccata [DE],"FA-DE Cheese, Parmesan, Grated /Käse, Parmesan, gerieben",DAI-00-139127-3,DAI,2.67,grams,REC-013607-4-001,
FV0972A - Salmon Piccata [DE],"FA-DE Chives, Dried /Schnittlauch, getrocknet",SPI-00-139322-5,SPI,0.12,grams,REC-013607-4-001,"FISH_FREE,NATURALLY_GLUTEN_FREE,NATURALLY_LACTOSE_FREE,PORK_FREE,SUITABLE_FOR_COELIACS,SUITABLE_FOR_LACTOSE_INTOLERANCE,VEGAN,VEGETARIAN"
FV0972A - Salmon Piccata [DE],"FA-DE Garlic, IQF, Diced 4 mm /Knoblauch, IQF, gewürfelt 4 mm",PHF-00-139237-1,PHF,1.81,grams,REC-013607-4-001,"FISH_FREE,NATURALLY_GLUTEN_FREE,NATURALLY_LACTOSE_FREE,PORK_FREE,SUITABLE_FOR_COELIACS,SUITABLE_FOR_LACTOSE_INTOLERANCE,VEGAN,VEGETARIAN"
FV0972A - Salmon Piccata [DE],FA-DE Heavy Cream 20% /Sahne 20%,DAI-00-139137-3,DAI,31.81,grams,REC-013607-4-001,"VEGAN,VEGETARIAN"
FV0972A - Salmon Piccata [DE],"FA-DE Juice, Lemon /Saft, Zitrone",PRO-00-139265-5,PRO,4.53,grams,REC-013607-4-001,"FISH_FREE,NATURALLY_LACTOSE_FREE,PORK_FREE,SUITABLE_FOR_LACTOSE_INTOLERANCE,VEGAN,VEGETARIAN"
FV0972A - Salmon Piccata [DE],"FA-DE Milk, Whole /Milch, voll",DAI-00-139142-3,DAI,5.73,grams,REC-013607-4-001,
FV0972A - Salmon Piccata [DE],"FA-DE Oil, Olive /Öl, Olivenöl",PRO-00-139277-5,PRO,16.26,grams,REC-013607-4-001,"VEGAN,VEGETARIAN"
FV0972A - Salmon Piccata [DE],"FA-DE Onion, Green, Sliced 5mm /Zwiebel, grün, in Scheiben geschnitten, 5 mm",PHF-00-149803-3,PHF,2.52,grams,REC-013607-4-001,"FISH_FREE,PORK_FREE,VEGAN,VEGETARIAN"
FV0972A - Salmon Piccata [DE],"FA-DE Onion, Spanish, Diced 5mm /Zwiebel, Spanisch, gewürfelt 5 mm",PHF-00-139212-3,PHF,2.64,grams,REC-013607-4-001,"FISH_FREE,NATURALLY_GLUTEN_FREE,NATURALLY_LACTOSE_FREE,PORK_FREE,SUITABLE_FOR_COELIACS,SUITABLE_FOR_LACTOSE_INTOLERANCE,VEGAN,VEGETARIAN"
FV0972A - Salmon Piccata [DE],"FA-DE Parsley, Chopped /Petersilie, gehackt",PHF-00-139215-3,PHF,0.2,grams,REC-013607-4-001,"FISH_FREE,NATURALLY_LACTOSE_FREE,PORK_FREE,SUITABLE_FOR_LACTOSE_INTOLERANCE,VEGAN,VEGETARIAN"
FV0972A - Salmon Piccata [DE],"FA-DE Salmon, Skinless, Boneless, Filet/Lachs, ohne Haut, ohne Knochen, Filet - IQF",PTN-00-139968-1,PTN,140,grams,REC-013607-4-001,
FV0972A - Salmon Piccata [DE],"FA-DE Shallots, Diced 5mm /Schalotten, gewürfelt, 5 mm",PHF-00-139222-3,PHF,2.64,grams,REC-013607-4-001,"FISH_FREE,PORK_FREE,VEGAN,VEGETARIAN"
FV0972A - Salmon Piccata [DE],"FA-DE Spice, Black Pepper, Ground /Gewürz, schwarzer Pfeffer, gemahlen",SPI-00-139334-5,SPI,0.45,grams,REC-013607-4-001,"NATURALLY_GLUTEN_FREE,NATURALLY_LACTOSE_FREE,SUITABLE_FOR_COELIACS,SUITABLE_FOR_LACTOSE_INTOLERANCE,VEGAN,VEGETARIAN"
FV0972A - Salmon Piccata [DE],"FA-DE Spice, Garlic Powder, Toasted /Gewürz, Knoblauchpulver, geröstet",SPI-00-139354-5,SPI,0.36,grams,REC-013607-4-001,"FISH_FREE,NATURALLY_GLUTEN_FREE,NATURALLY_LACTOSE_FREE,PORK_FREE,SUITABLE_FOR_COELIACS,SUITABLE_FOR_LACTOSE_INTOLERANCE,VEGAN,VEGETARIAN"
FV0972A - Salmon Piccata [DE],"FA-DE Spice, Lemon Powder /Gewürz, Zitronenpulver",SPI-00-139362-5,SPI,0.06,grams,REC-013607-4-001,"NATURALLY_GLUTEN_FREE,NATURALLY_LACTOSE_FREE,SUITABLE_FOR_COELIACS,SUITABLE_FOR_LACTOSE_INTOLERANCE,VEGAN,VEGETARIAN"
FV0972A - Salmon Piccata [DE],"FA-DE Spice, Parsley Dried /Gewürze, getrocknete Petersilie",SPI-00-139374-5,SPI,0.12,grams,REC-013607-4-001,"FISH_FREE,NATURALLY_GLUTEN_FREE,NATURALLY_LACTOSE_FREE,PORK_FREE,SUITABLE_FOR_COELIACS,SUITABLE_FOR_LACTOSE_INTOLERANCE,VEGAN,VEGETARIAN"
FV0972A - Salmon Piccata [DE],"FA-DE Spice, Sea Salt /Gewürze, Meersalz",SPI-00-139378-5,SPI,1.58,grams,REC-013607-4-001,"NATURALLY_GLUTEN_FREE,NATURALLY_LACTOSE_FREE,SUITABLE_FOR_COELIACS,SUITABLE_FOR_LACTOSE_INTOLERANCE,VEGAN,VEGETARIAN"
FV0972A - Salmon Piccata [DKSE],"FA-DE Broccoli, Florets, /Brokkoli, Röschen",PHF-00-143425-3,PHF,121.46,grams,REC-013607-4-002,"VEGAN,VEGETARIAN"
FV0972A - Salmon Piccata [DKSE],"FA-DE Butter, Unsalted /Butter, ungesalzen",DAI-00-139146-3,DAI,12.2,grams,REC-013607-4-002,VEGETARIAN
FV0972A - Salmon Piccata [DKSE],"FA-DE Capers, Preserved/Kapern, konserviert",PRO-00-139257-5,PRO,15.2,grams,REC-013607-4-002,"FISH_FREE,NATURALLY_GLUTEN_FREE,NATURALLY_LACTOSE_FREE,PORK_FREE,SUITABLE_FOR_COELIACS,SUITABLE_FOR_LACTOSE_INTOLERANCE,VEGAN,VEGETARIAN"
FV0972A - Salmon Piccata [DKSE],"FA-DE Cauliflower, Riced, IQF /Blumenkohl, Reis, IQF",PHF-00-139233-1,PHF,72.35,grams,REC-013607-4-002,"FISH_FREE,NATURALLY_GLUTEN_FREE,NATURALLY_LACTOSE_FREE,PORK_FREE,SUITABLE_FOR_COELIACS,SUITABLE_FOR_LACTOSE_INTOLERANCE,VEGAN,VEGETARIAN"
FV0972A - Salmon Piccata [DKSE],"FA-DE Cheese, Cream, 13% Fat (Milk) /Käse, Sahne, 13% Fett",DAI-00-139122-3,DAI,18.65,grams,REC-013607-4-002,
FV0972A - Salmon Piccata [DKSE],"FA-DE Cheese, Parmesan, Grated /Käse, Parmesan, gerieben",DAI-00-139127-3,DAI,2.67,grams,REC-013607-4-002,
FV0972A - Salmon Piccata [DKSE],"FA-DE Chives, Dried /Schnittlauch, getrocknet",SPI-00-139322-5,SPI,0.12,grams,REC-013607-4-002,"FISH_FREE,NATURALLY_GLUTEN_FREE,NATURALLY_LACTOSE_FREE,PORK_FREE,SUITABLE_FOR_COELIACS,SUITABLE_FOR_LACTOSE_INTOLERANCE,VEGAN,VEGETARIAN"
FV0972A - Salmon Piccata [DKSE],"FA-DE Garlic, IQF, Diced 4 mm /Knoblauch, IQF, gewürfelt 4 mm",PHF-00-139237-1,PHF,1.81,grams,REC-013607-4-002,"FISH_FREE,NATURALLY_GLUTEN_FREE,NATURALLY_LACTOSE_FREE,PORK_FREE,SUITABLE_FOR_COELIACS,SUITABLE_FOR_LACTOSE_INTOLERANCE,VEGAN,VEGETARIAN"
FV0972A - Salmon Piccata [DKSE],FA-DE Heavy Cream 20% /Sahne 20%,DAI-00-139137-3,DAI,31.81,grams,REC-013607-4-002,"VEGAN,VEGETARIAN"
FV0972A - Salmon Piccata [DKSE],"FA-DE Juice, Lemon /Saft, Zitrone",PRO-00-139265-5,PRO,4.53,grams,REC-013607-4-002,"FISH_FREE,NATURALLY_LACTOSE_FREE,PORK_FREE,SUITABLE_FOR_LACTOSE_INTOLERANCE,VEGAN,VEGETARIAN"
FV0972A - Salmon Piccata [DKSE],"FA-DE Milk, Whole /Milch, voll",DAI-00-139142-3,DAI,5.73,grams,REC-013607-4-002,
FV0972A - Salmon Piccata [DKSE],"FA-DE Oil, Olive /Öl, Olivenöl",PRO-00-139277-5,PRO,16.26,grams,REC-013607-4-002,"VEGAN,VEGETARIAN"
FV0972A - Salmon Piccata [DKSE],"FA-DE Onion, Green, Sliced 5mm /Zwiebel, grün, in Scheiben geschnitten, 5 mm",PHF-00-149803-3,PHF,2.52,grams,REC-013607-4-002,"FISH_FREE,PORK_FREE,VEGAN,VEGETARIAN"
FV0972A - Salmon Piccata [DKSE],"FA-DE Onion, Spanish, Diced 5mm /Zwiebel, Spanisch, gewürfelt 5 mm",PHF-00-139212-3,PHF,2.64,grams,REC-013607-4-002,"FISH_FREE,NATURALLY_GLUTEN_FREE,NATURALLY_LACTOSE_FREE,PORK_FREE,SUITABLE_FOR_COELIACS,SUITABLE_FOR_LACTOSE_INTOLERANCE,VEGAN,VEGETARIAN"
FV0972A - Salmon Piccata [DKSE],"FA-DE Parsley, Chopped /Petersilie, gehackt",PHF-00-139215-3,PHF,0.2,grams,REC-013607-4-002,"FISH_FREE,NATURALLY_LACTOSE_FREE,PORK_FREE,SUITABLE_FOR_LACTOSE_INTOLERANCE,VEGAN,VEGETARIAN"
FV0972A - Salmon Piccata [DKSE],"FA-DE Salmon, Skinless, Boneless, Filet/Lachs, ohne Haut, ohne Knochen, Filet - IQF",PTN-00-139968-1,PTN,140,grams,REC-013607-4-002,
FV0972A - Salmon Piccata [DKSE],"FA-DE Shallots, Diced 5mm /Schalotten, gewürfelt, 5 mm",PHF-00-139222-3,PHF,2.64,grams,REC-013607-4-002,"FISH_FREE,PORK_FREE,VEGAN,VEGETARIAN"
FV0972A - Salmon Piccata [DKSE],"FA-DE Spice, Black Pepper, Ground /Gewürz, schwarzer Pfeffer, gemahlen",SPI-00-139334-5,SPI,0.45,grams,REC-013607-4-002,"NATURALLY_GLUTEN_FREE,NATURALLY_LACTOSE_FREE,SUITABLE_FOR_COELIACS,SUITABLE_FOR_LACTOSE_INTOLERANCE,VEGAN,VEGETARIAN"
FV0972A - Salmon Piccata [DKSE],"FA-DE Spice, Garlic Powder, Toasted /Gewürz, Knoblauchpulver, geröstet",SPI-00-139354-5,SPI,0.36,grams,REC-013607-4-002,"FISH_FREE,NATURALLY_GLUTEN_FREE,NATURALLY_LACTOSE_FREE,PORK_FREE,SUITABLE_FOR_COELIACS,SUITABLE_FOR_LACTOSE_INTOLERANCE,VEGAN,VEGETARIAN"
FV0972A - Salmon Piccata [DKSE],"FA-DE Spice, Lemon Powder /Gewürz, Zitronenpulver",SPI-00-139362-5,SPI,0.06,grams,REC-013607-4-002,"NATURALLY_GLUTEN_FREE,NATURALLY_LACTOSE_FREE,SUITABLE_FOR_COELIACS,SUITABLE_FOR_LACTOSE_INTOLERANCE,VEGAN,VEGETARIAN"
FV0972A - Salmon Piccata [DKSE],"FA-DE Spice, Parsley Dried /Gewürze, getrocknete Petersilie",SPI-00-139374-5,SPI,0.12,grams,REC-013607-4-002,"FISH_FREE,NATURALLY_GLUTEN_FREE,NATURALLY_LACTOSE_FREE,PORK_FREE,SUITABLE_FOR_COELIACS,SUITABLE_FOR_LACTOSE_INTOLERANCE,VEGAN,VEGETARIAN"
FV0972A - Salmon Piccata [DKSE],"FA-DE Spice, Sea Salt /Gewürze, Meersalz",SPI-00-139378-5,SPI,1.58,grams,REC-013607-4-002,"NATURALLY_GLUTEN_FREE,NATURALLY_LACTOSE_FREE,SUITABLE_FOR_COELIACS,SUITABLE_FOR_LACTOSE_INTOLERANCE,VEGAN,VEGETARIAN"
FV1068A - Moroccan Chicken Thighs & Spiced Potatoes [BNL],"FA-DE Chicken, Thighs, Boneless Skinless /Hähnchen, Oberschenkel, ohne Knochen und ohne Haut",PTN-00-139343-3,PTN,134.96,grams,REC-030395-4-003,"NATURALLY_GLUTEN_FREE,NATURALLY_LACTOSE_FREE,SUITABLE_FOR_COELIACS,SUITABLE_FOR_LACTOSE_INTOLERANCE"
FV1068A - Moroccan Chicken Thighs & Spiced Potatoes [BNL],"FA-DE Coriander, Chopped /Koriander, gehackt",PHF-00-139192-3,PHF,1.49,grams,REC-030395-4-003,"VEGAN,VEGETARIAN"
FV1068A - Moroccan Chicken Thighs & Spiced Potatoes [BNL],"FA-DE Garlic, IQF, Diced 4 mm /Knoblauch, IQF, gewürfelt 4 mm",PHF-00-139237-1,PHF,8.28,grams,REC-030395-4-003,"FISH_FREE,NATURALLY_GLUTEN_FREE,NATURALLY_LACTOSE_FREE,PORK_FREE,SUITABLE_FOR_COELIACS,SUITABLE_FOR_LACTOSE_INTOLERANCE,VEGAN,VEGETARIAN"
FV1068A - Moroccan Chicken Thighs & Spiced Potatoes [BNL],"FA-DE Green Beans, Fresh, Cut 40mm /Grüne Bohnen, frisch, geschnitten 40mm",PHF-00-139199-3,PHF,58.49,grams,REC-030395-4-003,"SUITABLE_FOR_COELIACS,SUITABLE_FOR_LACTOSE_INTOLERANCE,VEGAN,VEGETARIAN"
FV1068A - Moroccan Chicken Thighs & Spiced Potatoes [BNL],"FA-DE Jalapeno Peppers, Diced 5mm /Jalapeno-Paprikaschoten, gewürfelt, 5 mm",PHF-00-139201-3,PHF,2.48,grams,REC-030395-4-003,"VEGAN,VEGETARIAN"
FV1068A - Moroccan Chicken Thighs & Spiced Potatoes [BNL],"FA-DE Juice, Lime /Saft, Limette",PRO-00-139268-5,PRO,3.4,grams,REC-030395-4-003,"FISH_FREE,NATURALLY_LACTOSE_FREE,PORK_FREE,SUITABLE_FOR_LACTOSE_INTOLERANCE,VEGAN,VEGETARIAN"
FV1068A - Moroccan Chicken Thighs & Spiced Potatoes [BNL],"FA-DE Oil, Olive /Öl, Olivenöl",PRO-00-139277-5,PRO,11.47,grams,REC-030395-4-003,"VEGAN,VEGETARIAN"
FV1068A - Moroccan Chicken Thighs & Spiced Potatoes [BNL],"FA-DE Onion, Red, Diced 5mm /Zwiebeln, rot, gewürfelt 5 mm",PHF-00-139213-3,PHF,6.63,grams,REC-030395-4-003,"FISH_FREE,PORK_FREE,VEGAN,VEGETARIAN"
FV1068A - Moroccan Chicken Thighs & Spiced Potatoes [BNL],"FA-DE Onion, Spanish, Diced 5mm /Zwiebel, Spanisch, gewürfelt 5 mm",PHF-00-139212-3,PHF,9.92,grams,REC-030395-4-003,"FISH_FREE,NATURALLY_GLUTEN_FREE,NATURALLY_LACTOSE_FREE,PORK_FREE,SUITABLE_FOR_COELIACS,SUITABLE_FOR_LACTOSE_INTOLERANCE,VEGAN,VEGETARIAN"
FV1068A - Moroccan Chicken Thighs & Spiced Potatoes [BNL],"FA-DE Parsley, Chopped /Petersilie, gehackt",PHF-00-139215-3,PHF,0.42,grams,REC-030395-4-003,"FISH_FREE,NATURALLY_LACTOSE_FREE,PORK_FREE,SUITABLE_FOR_LACTOSE_INTOLERANCE,VEGAN,VEGETARIAN"
FV1068A - Moroccan Chicken Thighs & Spiced Potatoes [BNL],"FA-DE Potatoes, Diced 10mm /Kartoffeln, gewürfelt, 10 mm",PHF-00-139219-3,PHF,104.23,grams,REC-030395-4-003,"VEGAN,VEGETARIAN"
FV1068A - Moroccan Chicken Thighs & Spiced Potatoes [BNL],"FA-DE Spice, Black Pepper, Ground /Gewürz, schwarzer Pfeffer, gemahlen",SPI-00-139334-5,SPI,0.26,grams,REC-030395-4-003,"NATURALLY_GLUTEN_FREE,NATURALLY_LACTOSE_FREE,SUITABLE_FOR_COELIACS,SUITABLE_FOR_LACTOSE_INTOLERANCE,VEGAN,VEGETARIAN"
FV1068A - Moroccan Chicken Thighs & Spiced Potatoes [BNL],"FA-DE Spice, Cinnamon Ground /Gewürz, gemahlener Zimt",SPI-00-139341-5,SPI,0.15,grams,REC-030395-4-003,"NATURALLY_GLUTEN_FREE,NATURALLY_LACTOSE_FREE,SUITABLE_FOR_COELIACS,SUITABLE_FOR_LACTOSE_INTOLERANCE,VEGAN,VEGETARIAN"
FV1068A - Moroccan Chicken Thighs & Spiced Potatoes [BNL],"FA-DE Spice, Coriander Ground /Gewürz, gemahlener Koriander",SPI-00-139386-5,SPI,0.22,grams,REC-030395-4-003,"NATURALLY_GLUTEN_FREE,NATURALLY_LACTOSE_FREE,SUITABLE_FOR_COELIACS,SUITABLE_FOR_LACTOSE_INTOLERANCE,VEGAN,VEGETARIAN"
FV1068A - Moroccan Chicken Thighs & Spiced Potatoes [BNL],"FA-DE Spice, Cumin Ground /Gewürz, gemahlener Kreuzkümmel",SPI-00-139345-5,SPI,1.91,grams,REC-030395-4-003,"FISH_FREE,NATURALLY_GLUTEN_FREE,NATURALLY_LACTOSE_FREE,PORK_FREE,SUITABLE_FOR_COELIACS,SUITABLE_FOR_LACTOSE_INTOLERANCE,VEGAN,VEGETARIAN"
FV1068A - Moroccan Chicken Thighs & Spiced Potatoes [BNL],"FA-DE Spice, Cumin Seed /Gewürz, Kreuzkümmel",SPI-00-139346-5,SPI,0.18,grams,REC-030395-4-003,"FISH_FREE,PORK_FREE,VEGAN,VEGETARIAN"
FV1068A - Moroccan Chicken Thighs & Spiced Potatoes [BNL],"FA-DE Spice, Garlic Granulated /Gewürz, Knoblauch granuliert",SPI-00-139353-5,SPI,0.74,grams,REC-030395-4-003,"FISH_FREE,NATURALLY_LACTOSE_FREE,PORK_FREE,SUITABLE_FOR_COELIACS,SUITABLE_FOR_LACTOSE_INTOLERANCE,VEGAN,VEGETARIAN"
FV1068A - Moroccan Chicken Thighs & Spiced Potatoes [BNL],"FA-DE Spice, Ginger Ground /Gewürze, gemahlener Ingwer",SPI-00-139355-5,SPI,0.02,grams,REC-030395-4-003,"NATURALLY_GLUTEN_FREE,NATURALLY_LACTOSE_FREE,SUITABLE_FOR_COELIACS,SUITABLE_FOR_LACTOSE_INTOLERANCE,VEGAN,VEGETARIAN"
FV1068A - Moroccan Chicken Thighs & Spiced Potatoes [BNL],"FA-DE Spice, Harissa Powder /Gewürz, Harissa-Pulver",SPI-00-139323-5,SPI,0.68,grams,REC-030395-4-003,"FISH_FREE,NATURALLY_GLUTEN_FREE,NATURALLY_LACTOSE_FREE,PORK_FREE,SUITABLE_FOR_COELIACS,SUITABLE_FOR_LACTOSE_INTOLERANCE,VEGAN,VEGETARIAN"
FV1068A - Moroccan Chicken Thighs & Spiced Potatoes [BNL],"FA-DE Spice, Onion Granulated /Gewürze, Zwiebeln granuliert",SPI-00-139370-5,SPI,0.98,grams,REC-030395-4-003,"NATURALLY_GLUTEN_FREE,NATURALLY_LACTOSE_FREE,SUITABLE_FOR_COELIACS,SUITABLE_FOR_LACTOSE_INTOLERANCE,VEGAN,VEGETARIAN"
FV1068A - Moroccan Chicken Thighs & Spiced Potatoes [BNL],"FA-DE Spice, Onion Powder, Toasted /Gewürze, Zwiebelpulver, geröstet",SPI-00-139371-5,SPI,0.04,grams,REC-030395-4-003,"NATURALLY_GLUTEN_FREE,NATURALLY_LACTOSE_FREE,SUITABLE_FOR_COELIACS,SUITABLE_FOR_LACTOSE_INTOLERANCE,VEGAN,VEGETARIAN"
FV1068A - Moroccan Chicken Thighs & Spiced Potatoes [BNL],"FA-DE Spice, Paprika /Gewürze, Paprika",SPI-00-139373-5,SPI,0.98,grams,REC-030395-4-003,"FISH_FREE,NATURALLY_GLUTEN_FREE,NATURALLY_LACTOSE_FREE,PORK_FREE,SUITABLE_FOR_COELIACS,SUITABLE_FOR_LACTOSE_INTOLERANCE,VEGAN,VEGETARIAN"
FV1068A - Moroccan Chicken Thighs & Spiced Potatoes [BNL],"FA-DE Spice, Sea Salt /Gewürze, Meersalz",SPI-00-139378-5,SPI,2.66,grams,REC-030395-4-003,"NATURALLY_GLUTEN_FREE,NATURALLY_LACTOSE_FREE,SUITABLE_FOR_COELIACS,SUITABLE_FOR_LACTOSE_INTOLERANCE,VEGAN,VEGETARIAN"
FV1068A - Moroccan Chicken Thighs & Spiced Potatoes [BNL],"FA-DE Spice, Smoked Paprika /Gewürz, geräucherter Paprika",SPI-00-139383-5,SPI,0.41,grams,REC-030395-4-003,"VEGAN,VEGETARIAN"
FV1068A - Moroccan Chicken Thighs & Spiced Potatoes [BNL],"FA-DE Spice, Turmeric /Gewürz, Kurkuma",SPI-00-139384-5,SPI,0.07,grams,REC-030395-4-003,"FISH_FREE,NATURALLY_GLUTEN_FREE,NATURALLY_LACTOSE_FREE,PORK_FREE,SUITABLE_FOR_COELIACS,SUITABLE_FOR_LACTOSE_INTOLERANCE,VEGAN,VEGETARIAN"
FV1068A - Moroccan Chicken Thighs & Spiced Potatoes [BNL],"FA-DE Tomatoes, Cherry/Tomaten, Kirsche",PHF-00-139190-3,PHF,9.92,grams,REC-030395-4-003,"FISH_FREE,NATURALLY_LACTOSE_FREE,PORK_FREE,SUITABLE_FOR_LACTOSE_INTOLERANCE,VEGAN,VEGETARIAN"
FV1068A - Moroccan Chicken Thighs & Spiced Potatoes [BNL],"FA-DE Tomatoes, Concentrated Crushed /Tomaten, konzentriert, zerkleinert",PRO-00-139293-5,PRO,13.4,grams,REC-030395-4-003,"FISH_FREE,NATURALLY_GLUTEN_FREE,NATURALLY_LACTOSE_FREE,PORK_FREE,SUITABLE_FOR_COELIACS,SUITABLE_FOR_LACTOSE_INTOLERANCE,VEGAN,VEGETARIAN"
FV1068A - Moroccan Chicken Thighs & Spiced Potatoes [BNL],"FA-DE Tomatoes, Crushed /Tomaten, zerkleinert",PRO-00-139294-5,PRO,19.89,grams,REC-030395-4-003,"NATURALLY_GLUTEN_FREE,NATURALLY_LACTOSE_FREE,SUITABLE_FOR_COELIACS,SUITABLE_FOR_LACTOSE_INTOLERANCE,VEGAN,VEGETARIAN"
FV1068A - Moroccan Chicken Thighs & Spiced Potatoes [BNL],FA-DE Water / Wasser,OTH-00-144038-5,OTH,157.31,grams,REC-030395-4-003,
FV1068A - Moroccan Chicken Thighs & Spiced Potatoes [BNL],"FA-DE Yogurt, Greek, Plain /Joghurt, Griechisch, Natur",DAI-00-139161-3,DAI,33.22,grams,REC-030395-4-003,VEGETARIAN
FV1068A - Moroccan Chicken Thighs & Spiced Potatoes [BNL],"FA-DE Zest, Lemon/Gewürz, Zitronenschale",PHF-00-139247-3,PHF,0.02,grams,REC-030395-4-003,"NATURALLY_GLUTEN_FREE,NATURALLY_LACTOSE_FREE,SUITABLE_FOR_COELIACS,SUITABLE_FOR_LACTOSE_INTOLERANCE,VEGAN,VEGETARIAN"
FV1068A - Moroccan Chicken Thighs & Spiced Potatoes [DE],"FA-DE Chicken, Thighs, Boneless Skinless /Hähnchen, Oberschenkel, ohne Knochen und ohne Haut",PTN-00-139343-3,PTN,134.96,grams,REC-030395-4-002,"NATURALLY_GLUTEN_FREE,NATURALLY_LACTOSE_FREE,SUITABLE_FOR_COELIACS,SUITABLE_FOR_LACTOSE_INTOLERANCE"
FV1068A - Moroccan Chicken Thighs & Spiced Potatoes [DE],"FA-DE Coriander, Chopped /Koriander, gehackt",PHF-00-139192-3,PHF,1.49,grams,REC-030395-4-002,"VEGAN,VEGETARIAN"
FV1068A - Moroccan Chicken Thighs & Spiced Potatoes [DE],"FA-DE Garlic, IQF, Diced 4 mm /Knoblauch, IQF, gewürfelt 4 mm",PHF-00-139237-1,PHF,8.28,grams,REC-030395-4-002,"FISH_FREE,NATURALLY_GLUTEN_FREE,NATURALLY_LACTOSE_FREE,PORK_FREE,SUITABLE_FOR_COELIACS,SUITABLE_FOR_LACTOSE_INTOLERANCE,VEGAN,VEGETARIAN"
FV1068A - Moroccan Chicken Thighs & Spiced Potatoes [DE],"FA-DE Green Beans, Fresh, Cut 40mm /Grüne Bohnen, frisch, geschnitten 40mm",PHF-00-139199-3,PHF,58.49,grams,REC-030395-4-002,"SUITABLE_FOR_COELIACS,SUITABLE_FOR_LACTOSE_INTOLERANCE,VEGAN,VEGETARIAN"
FV1068A - Moroccan Chicken Thighs & Spiced Potatoes [DE],"FA-DE Jalapeno Peppers, Diced 5mm /Jalapeno-Paprikaschoten, gewürfelt, 5 mm",PHF-00-139201-3,PHF,2.48,grams,REC-030395-4-002,"VEGAN,VEGETARIAN"
FV1068A - Moroccan Chicken Thighs & Spiced Potatoes [DE],"FA-DE Juice, Lime /Saft, Limette",PRO-00-139268-5,PRO,3.4,grams,REC-030395-4-002,"FISH_FREE,NATURALLY_LACTOSE_FREE,PORK_FREE,SUITABLE_FOR_LACTOSE_INTOLERANCE,VEGAN,VEGETARIAN"
FV1068A - Moroccan Chicken Thighs & Spiced Potatoes [DE],"FA-DE Oil, Olive /Öl, Olivenöl",PRO-00-139277-5,PRO,11.47,grams,REC-030395-4-002,"VEGAN,VEGETARIAN"
FV1068A - Moroccan Chicken Thighs & Spiced Potatoes [DE],"FA-DE Onion, Red, Diced 5mm /Zwiebeln, rot, gewürfelt 5 mm",PHF-00-139213-3,PHF,6.63,grams,REC-030395-4-002,"FISH_FREE,PORK_FREE,VEGAN,VEGETARIAN"
FV1068A - Moroccan Chicken Thighs & Spiced Potatoes [DE],"FA-DE Onion, Spanish, Diced 5mm /Zwiebel, Spanisch, gewürfelt 5 mm",PHF-00-139212-3,PHF,9.92,grams,REC-030395-4-002,"FISH_FREE,NATURALLY_GLUTEN_FREE,NATURALLY_LACTOSE_FREE,PORK_FREE,SUITABLE_FOR_COELIACS,SUITABLE_FOR_LACTOSE_INTOLERANCE,VEGAN,VEGETARIAN"
FV1068A - Moroccan Chicken Thighs & Spiced Potatoes [DE],"FA-DE Parsley, Chopped /Petersilie, gehackt",PHF-00-139215-3,PHF,0.42,grams,REC-030395-4-002,"FISH_FREE,NATURALLY_LACTOSE_FREE,PORK_FREE,SUITABLE_FOR_LACTOSE_INTOLERANCE,VEGAN,VEGETARIAN"
FV1068A - Moroccan Chicken Thighs & Spiced Potatoes [DE],"FA-DE Potatoes, Diced 10mm /Kartoffeln, gewürfelt, 10 mm",PHF-00-139219-3,PHF,104.23,grams,REC-030395-4-002,"VEGAN,VEGETARIAN"
FV1068A - Moroccan Chicken Thighs & Spiced Potatoes [DE],"FA-DE Spice, Black Pepper, Ground /Gewürz, schwarzer Pfeffer, gemahlen",SPI-00-139334-5,SPI,0.26,grams,REC-030395-4-002,"NATURALLY_GLUTEN_FREE,NATURALLY_LACTOSE_FREE,SUITABLE_FOR_COELIACS,SUITABLE_FOR_LACTOSE_INTOLERANCE,VEGAN,VEGETARIAN"
FV1068A - Moroccan Chicken Thighs & Spiced Potatoes [DE],"FA-DE Spice, Cinnamon Ground /Gewürz, gemahlener Zimt",SPI-00-139341-5,SPI,0.15,grams,REC-030395-4-002,"NATURALLY_GLUTEN_FREE,NATURALLY_LACTOSE_FREE,SUITABLE_FOR_COELIACS,SUITABLE_FOR_LACTOSE_INTOLERANCE,VEGAN,VEGETARIAN"
FV1068A - Moroccan Chicken Thighs & Spiced Potatoes [DE],"FA-DE Spice, Coriander Ground /Gewürz, gemahlener Koriander",SPI-00-139386-5,SPI,0.22,grams,REC-030395-4-002,"NATURALLY_GLUTEN_FREE,NATURALLY_LACTOSE_FREE,SUITABLE_FOR_COELIACS,SUITABLE_FOR_LACTOSE_INTOLERANCE,VEGAN,VEGETARIAN"
FV1068A - Moroccan Chicken Thighs & Spiced Potatoes [DE],"FA-DE Spice, Cumin Ground /Gewürz, gemahlener Kreuzkümmel",SPI-00-139345-5,SPI,1.91,grams,REC-030395-4-002,"FISH_FREE,NATURALLY_GLUTEN_FREE,NATURALLY_LACTOSE_FREE,PORK_FREE,SUITABLE_FOR_COELIACS,SUITABLE_FOR_LACTOSE_INTOLERANCE,VEGAN,VEGETARIAN"
FV1068A - Moroccan Chicken Thighs & Spiced Potatoes [DE],"FA-DE Spice, Cumin Seed /Gewürz, Kreuzkümmel",SPI-00-139346-5,SPI,0.18,grams,REC-030395-4-002,"FISH_FREE,PORK_FREE,VEGAN,VEGETARIAN"
FV1068A - Moroccan Chicken Thighs & Spiced Potatoes [DE],"FA-DE Spice, Garlic Granulated /Gewürz, Knoblauch granuliert",SPI-00-139353-5,SPI,0.74,grams,REC-030395-4-002,"FISH_FREE,NATURALLY_LACTOSE_FREE,PORK_FREE,SUITABLE_FOR_COELIACS,SUITABLE_FOR_LACTOSE_INTOLERANCE,VEGAN,VEGETARIAN"
FV1068A - Moroccan Chicken Thighs & Spiced Potatoes [DE],"FA-DE Spice, Ginger Ground /Gewürze, gemahlener Ingwer",SPI-00-139355-5,SPI,0.02,grams,REC-030395-4-002,"NATURALLY_GLUTEN_FREE,NATURALLY_LACTOSE_FREE,SUITABLE_FOR_COELIACS,SUITABLE_FOR_LACTOSE_INTOLERANCE,VEGAN,VEGETARIAN"
FV1068A - Moroccan Chicken Thighs & Spiced Potatoes [DE],"FA-DE Spice, Harissa Powder /Gewürz, Harissa-Pulver",SPI-00-139323-5,SPI,0.68,grams,REC-030395-4-002,"FISH_FREE,NATURALLY_GLUTEN_FREE,NATURALLY_LACTOSE_FREE,PORK_FREE,SUITABLE_FOR_COELIACS,SUITABLE_FOR_LACTOSE_INTOLERANCE,VEGAN,VEGETARIAN"
FV1068A - Moroccan Chicken Thighs & Spiced Potatoes [DE],"FA-DE Spice, Onion Granulated /Gewürze, Zwiebeln granuliert",SPI-00-139370-5,SPI,0.98,grams,REC-030395-4-002,"NATURALLY_GLUTEN_FREE,NATURALLY_LACTOSE_FREE,SUITABLE_FOR_COELIACS,SUITABLE_FOR_LACTOSE_INTOLERANCE,VEGAN,VEGETARIAN"
FV1068A - Moroccan Chicken Thighs & Spiced Potatoes [DE],"FA-DE Spice, Onion Powder, Toasted /Gewürze, Zwiebelpulver, geröstet",SPI-00-139371-5,SPI,0.04,grams,REC-030395-4-002,"NATURALLY_GLUTEN_FREE,NATURALLY_LACTOSE_FREE,SUITABLE_FOR_COELIACS,SUITABLE_FOR_LACTOSE_INTOLERANCE,VEGAN,VEGETARIAN"
FV1068A - Moroccan Chicken Thighs & Spiced Potatoes [DE],"FA-DE Spice, Paprika /Gewürze, Paprika",SPI-00-139373-5,SPI,0.98,grams,REC-030395-4-002,"FISH_FREE,NATURALLY_GLUTEN_FREE,NATURALLY_LACTOSE_FREE,PORK_FREE,SUITABLE_FOR_COELIACS,SUITABLE_FOR_LACTOSE_INTOLERANCE,VEGAN,VEGETARIAN"
FV1068A - Moroccan Chicken Thighs & Spiced Potatoes [DE],"FA-DE Spice, Sea Salt /Gewürze, Meersalz",SPI-00-139378-5,SPI,2.66,grams,REC-030395-4-002,"NATURALLY_GLUTEN_FREE,NATURALLY_LACTOSE_FREE,SUITABLE_FOR_COELIACS,SUITABLE_FOR_LACTOSE_INTOLERANCE,VEGAN,VEGETARIAN"
FV1068A - Moroccan Chicken Thighs & Spiced Potatoes [DE],"FA-DE Spice, Smoked Paprika /Gewürz, geräucherter Paprika",SPI-00-139383-5,SPI,0.41,grams,REC-030395-4-002,"VEGAN,VEGETARIAN"
FV1068A - Moroccan Chicken Thighs & Spiced Potatoes [DE],"FA-DE Spice, Turmeric /Gewürz, Kurkuma",SPI-00-139384-5,SPI,0.07,grams,REC-030395-4-002,"FISH_FREE,NATURALLY_GLUTEN_FREE,NATURALLY_LACTOSE_FREE,PORK_FREE,SUITABLE_FOR_COELIACS,SUITABLE_FOR_LACTOSE_INTOLERANCE,VEGAN,VEGETARIAN"
FV1068A - Moroccan Chicken Thighs & Spiced Potatoes [DE],"FA-DE Tomatoes, Cherry/Tomaten, Kirsche",PHF-00-139190-3,PHF,9.92,grams,REC-030395-4-002,"FISH_FREE,NATURALLY_LACTOSE_FREE,PORK_FREE,SUITABLE_FOR_LACTOSE_INTOLERANCE,VEGAN,VEGETARIAN"
FV1068A - Moroccan Chicken Thighs & Spiced Potatoes [DE],"FA-DE Tomatoes, Concentrated Crushed /Tomaten, konzentriert, zerkleinert",PRO-00-139293-5,PRO,13.4,grams,REC-030395-4-002,"FISH_FREE,NATURALLY_GLUTEN_FREE,NATURALLY_LACTOSE_FREE,PORK_FREE,SUITABLE_FOR_COELIACS,SUITABLE_FOR_LACTOSE_INTOLERANCE,VEGAN,VEGETARIAN"
FV1068A - Moroccan Chicken Thighs & Spiced Potatoes [DE],"FA-DE Tomatoes, Crushed /Tomaten, zerkleinert",PRO-00-139294-5,PRO,19.89,grams,REC-030395-4-002,"NATURALLY_GLUTEN_FREE,NATURALLY_LACTOSE_FREE,SUITABLE_FOR_COELIACS,SUITABLE_FOR_LACTOSE_INTOLERANCE,VEGAN,VEGETARIAN"
FV1068A - Moroccan Chicken Thighs & Spiced Potatoes [DE],FA-DE Water / Wasser,OTH-00-144038-5,OTH,157.31,grams,REC-030395-4-002,
FV1068A - Moroccan Chicken Thighs & Spiced Potatoes [DE],"FA-DE Yogurt, Greek, Plain /Joghurt, Griechisch, Natur",DAI-00-139161-3,DAI,33.22,grams,REC-030395-4-002,VEGETARIAN
FV1068A - Moroccan Chicken Thighs & Spiced Potatoes [DE],"FA-DE Zest, Lemon/Gewürz, Zitronenschale",PHF-00-139247-3,PHF,0.02,grams,REC-030395-4-002,"NATURALLY_GLUTEN_FREE,NATURALLY_LACTOSE_FREE,SUITABLE_FOR_COELIACS,SUITABLE_FOR_LACTOSE_INTOLERANCE,VEGAN,VEGETARIAN"
FV1068A - Moroccan Chicken Thighs & Spiced Potatoes [DKSE],"FA-DE Chicken, Thighs, Boneless Skinless /Hähnchen, Oberschenkel, ohne Knochen und ohne Haut",PTN-00-139343-3,PTN,134.96,grams,REC-030395-4-001,"NATURALLY_GLUTEN_FREE,NATURALLY_LACTOSE_FREE,SUITABLE_FOR_COELIACS,SUITABLE_FOR_LACTOSE_INTOLERANCE"
FV1068A - Moroccan Chicken Thighs & Spiced Potatoes [DKSE],"FA-DE Coriander, Chopped /Koriander, gehackt",PHF-00-139192-3,PHF,1.49,grams,REC-030395-4-001,"VEGAN,VEGETARIAN"
FV1068A - Moroccan Chicken Thighs & Spiced Potatoes [DKSE],"FA-DE Garlic, IQF, Diced 4 mm /Knoblauch, IQF, gewürfelt 4 mm",PHF-00-139237-1,PHF,8.28,grams,REC-030395-4-001,"FISH_FREE,NATURALLY_GLUTEN_FREE,NATURALLY_LACTOSE_FREE,PORK_FREE,SUITABLE_FOR_COELIACS,SUITABLE_FOR_LACTOSE_INTOLERANCE,VEGAN,VEGETARIAN"
FV1068A - Moroccan Chicken Thighs & Spiced Potatoes [DKSE],"FA-DE Green Beans, Fresh, Cut 40mm /Grüne Bohnen, frisch, geschnitten 40mm",PHF-00-139199-3,PHF,58.49,grams,REC-030395-4-001,"SUITABLE_FOR_COELIACS,SUITABLE_FOR_LACTOSE_INTOLERANCE,VEGAN,VEGETARIAN"
FV1068A - Moroccan Chicken Thighs & Spiced Potatoes [DKSE],"FA-DE Jalapeno Peppers, Diced 5mm /Jalapeno-Paprikaschoten, gewürfelt, 5 mm",PHF-00-139201-3,PHF,2.48,grams,REC-030395-4-001,"VEGAN,VEGETARIAN"
FV1068A - Moroccan Chicken Thighs & Spiced Potatoes [DKSE],"FA-DE Juice, Lime /Saft, Limette",PRO-00-139268-5,PRO,3.4,grams,REC-030395-4-001,"FISH_FREE,NATURALLY_LACTOSE_FREE,PORK_FREE,SUITABLE_FOR_LACTOSE_INTOLERANCE,VEGAN,VEGETARIAN"
FV1068A - Moroccan Chicken Thighs & Spiced Potatoes [DKSE],"FA-DE Oil, Olive /Öl, Olivenöl",PRO-00-139277-5,PRO,11.47,grams,REC-030395-4-001,"VEGAN,VEGETARIAN"
FV1068A - Moroccan Chicken Thighs & Spiced Potatoes [DKSE],"FA-DE Onion, Red, Diced 5mm /Zwiebeln, rot, gewürfelt 5 mm",PHF-00-139213-3,PHF,6.63,grams,REC-030395-4-001,"FISH_FREE,PORK_FREE,VEGAN,VEGETARIAN"
FV1068A - Moroccan Chicken Thighs & Spiced Potatoes [DKSE],"FA-DE Onion, Spanish, Diced 5mm /Zwiebel, Spanisch, gewürfelt 5 mm",PHF-00-139212-3,PHF,9.92,grams,REC-030395-4-001,"FISH_FREE,NATURALLY_GLUTEN_FREE,NATURALLY_LACTOSE_FREE,PORK_FREE,SUITABLE_FOR_COELIACS,SUITABLE_FOR_LACTOSE_INTOLERANCE,VEGAN,VEGETARIAN"
FV1068A - Moroccan Chicken Thighs & Spiced Potatoes [DKSE],"FA-DE Parsley, Chopped /Petersilie, gehackt",PHF-00-139215-3,PHF,0.42,grams,REC-030395-4-001,"FISH_FREE,NATURALLY_LACTOSE_FREE,PORK_FREE,SUITABLE_FOR_LACTOSE_INTOLERANCE,VEGAN,VEGETARIAN"
FV1068A - Moroccan Chicken Thighs & Spiced Potatoes [DKSE],"FA-DE Potatoes, Diced 10mm /Kartoffeln, gewürfelt, 10 mm",PHF-00-139219-3,PHF,104.23,grams,REC-030395-4-001,"VEGAN,VEGETARIAN"
FV1068A - Moroccan Chicken Thighs & Spiced Potatoes [DKSE],"FA-DE Spice, Black Pepper, Ground /Gewürz, schwarzer Pfeffer, gemahlen",SPI-00-139334-5,SPI,0.26,grams,REC-030395-4-001,"NATURALLY_GLUTEN_FREE,NATURALLY_LACTOSE_FREE,SUITABLE_FOR_COELIACS,SUITABLE_FOR_LACTOSE_INTOLERANCE,VEGAN,VEGETARIAN"
FV1068A - Moroccan Chicken Thighs & Spiced Potatoes [DKSE],"FA-DE Spice, Cinnamon Ground /Gewürz, gemahlener Zimt",SPI-00-139341-5,SPI,0.15,grams,REC-030395-4-001,"NATURALLY_GLUTEN_FREE,NATURALLY_LACTOSE_FREE,SUITABLE_FOR_COELIACS,SUITABLE_FOR_LACTOSE_INTOLERANCE,VEGAN,VEGETARIAN"
FV1068A - Moroccan Chicken Thighs & Spiced Potatoes [DKSE],"FA-DE Spice, Coriander Ground /Gewürz, gemahlener Koriander",SPI-00-139386-5,SPI,0.22,grams,REC-030395-4-001,"NATURALLY_GLUTEN_FREE,NATURALLY_LACTOSE_FREE,SUITABLE_FOR_COELIACS,SUITABLE_FOR_LACTOSE_INTOLERANCE,VEGAN,VEGETARIAN"
FV1068A - Moroccan Chicken Thighs & Spiced Potatoes [DKSE],"FA-DE Spice, Cumin Ground /Gewürz, gemahlener Kreuzkümmel",SPI-00-139345-5,SPI,1.91,grams,REC-030395-4-001,"FISH_FREE,NATURALLY_GLUTEN_FREE,NATURALLY_LACTOSE_FREE,PORK_FREE,SUITABLE_FOR_COELIACS,SUITABLE_FOR_LACTOSE_INTOLERANCE,VEGAN,VEGETARIAN"
FV1068A - Moroccan Chicken Thighs & Spiced Potatoes [DKSE],"FA-DE Spice, Cumin Seed /Gewürz, Kreuzkümmel",SPI-00-139346-5,SPI,0.18,grams,REC-030395-4-001,"FISH_FREE,PORK_FREE,VEGAN,VEGETARIAN"
FV1068A - Moroccan Chicken Thighs & Spiced Potatoes [DKSE],"FA-DE Spice, Garlic Granulated /Gewürz, Knoblauch granuliert",SPI-00-139353-5,SPI,0.74,grams,REC-030395-4-001,"FISH_FREE,NATURALLY_LACTOSE_FREE,PORK_FREE,SUITABLE_FOR_COELIACS,SUITABLE_FOR_LACTOSE_INTOLERANCE,VEGAN,VEGETARIAN"
FV1068A - Moroccan Chicken Thighs & Spiced Potatoes [DKSE],"FA-DE Spice, Ginger Ground /Gewürze, gemahlener Ingwer",SPI-00-139355-5,SPI,0.02,grams,REC-030395-4-001,"NATURALLY_GLUTEN_FREE,NATURALLY_LACTOSE_FREE,SUITABLE_FOR_COELIACS,SUITABLE_FOR_LACTOSE_INTOLERANCE,VEGAN,VEGETARIAN"
FV1068A - Moroccan Chicken Thighs & Spiced Potatoes [DKSE],"FA-DE Spice, Harissa Powder /Gewürz, Harissa-Pulver",SPI-00-139323-5,SPI,0.68,grams,REC-030395-4-001,"FISH_FREE,NATURALLY_GLUTEN_FREE,NATURALLY_LACTOSE_FREE,PORK_FREE,SUITABLE_FOR_COELIACS,SUITABLE_FOR_LACTOSE_INTOLERANCE,VEGAN,VEGETARIAN"
FV1068A - Moroccan Chicken Thighs & Spiced Potatoes [DKSE],"FA-DE Spice, Onion Granulated /Gewürze, Zwiebeln granuliert",SPI-00-139370-5,SPI,0.98,grams,REC-030395-4-001,"NATURALLY_GLUTEN_FREE,NATURALLY_LACTOSE_FREE,SUITABLE_FOR_COELIACS,SUITABLE_FOR_LACTOSE_INTOLERANCE,VEGAN,VEGETARIAN"
FV1068A - Moroccan Chicken Thighs & Spiced Potatoes [DKSE],"FA-DE Spice, Onion Powder, Toasted /Gewürze, Zwiebelpulver, geröstet",SPI-00-139371-5,SPI,0.04,grams,REC-030395-4-001,"NATURALLY_GLUTEN_FREE,NATURALLY_LACTOSE_FREE,SUITABLE_FOR_COELIACS,SUITABLE_FOR_LACTOSE_INTOLERANCE,VEGAN,VEGETARIAN"
FV1068A - Moroccan Chicken Thighs & Spiced Potatoes [DKSE],"FA-DE Spice, Paprika /Gewürze, Paprika",SPI-00-139373-5,SPI,0.98,grams,REC-030395-4-001,"FISH_FREE,NATURALLY_GLUTEN_FREE,NATURALLY_LACTOSE_FREE,PORK_FREE,SUITABLE_FOR_COELIACS,SUITABLE_FOR_LACTOSE_INTOLERANCE,VEGAN,VEGETARIAN"
FV1068A - Moroccan Chicken Thighs & Spiced Potatoes [DKSE],"FA-DE Spice, Sea Salt /Gewürze, Meersalz",SPI-00-139378-5,SPI,2.66,grams,REC-030395-4-001,"NATURALLY_GLUTEN_FREE,NATURALLY_LACTOSE_FREE,SUITABLE_FOR_COELIACS,SUITABLE_FOR_LACTOSE_INTOLERANCE,VEGAN,VEGETARIAN"
FV1068A - Moroccan Chicken Thighs & Spiced Potatoes [DKSE],"FA-DE Spice, Smoked Paprika /Gewürz, geräucherter Paprika",SPI-00-139383-5,SPI,0.41,grams,REC-030395-4-001,"VEGAN,VEGETARIAN"
FV1068A - Moroccan Chicken Thighs & Spiced Potatoes [DKSE],"FA-DE Spice, Turmeric /Gewürz, Kurkuma",SPI-00-139384-5,SPI,0.07,grams,REC-030395-4-001,"FISH_FREE,NATURALLY_GLUTEN_FREE,NATURALLY_LACTOSE_FREE,PORK_FREE,SUITABLE_FOR_COELIACS,SUITABLE_FOR_LACTOSE_INTOLERANCE,VEGAN,VEGETARIAN"
FV1068A - Moroccan Chicken Thighs & Spiced Potatoes [DKSE],"FA-DE Tomatoes, Cherry/Tomaten, Kirsche",PHF-00-139190-3,PHF,9.92,grams,REC-030395-4-001,"FISH_FREE,NATURALLY_LACTOSE_FREE,PORK_FREE,SUITABLE_FOR_LACTOSE_INTOLERANCE,VEGAN,VEGETARIAN"
FV1068A - Moroccan Chicken Thighs & Spiced Potatoes [DKSE],"FA-DE Tomatoes, Concentrated Crushed /Tomaten, konzentriert, zerkleinert",PRO-00-139293-5,PRO,13.4,grams,REC-030395-4-001,"FISH_FREE,NATURALLY_GLUTEN_FREE,NATURALLY_LACTOSE_FREE,PORK_FREE,SUITABLE_FOR_COELIACS,SUITABLE_FOR_LACTOSE_INTOLERANCE,VEGAN,VEGETARIAN"
FV1068A - Moroccan Chicken Thighs & Spiced Potatoes [DKSE],"FA-DE Tomatoes, Crushed /Tomaten, zerkleinert",PRO-00-139294-5,PRO,19.89,grams,REC-030395-4-001,"NATURALLY_GLUTEN_FREE,NATURALLY_LACTOSE_FREE,SUITABLE_FOR_COELIACS,SUITABLE_FOR_LACTOSE_INTOLERANCE,VEGAN,VEGETARIAN"
FV1068A - Moroccan Chicken Thighs & Spiced Potatoes [DKSE],FA-DE Water / Wasser,OTH-00-144038-5,OTH,157.31,grams,REC-030395-4-001,
FV1068A - Moroccan Chicken Thighs & Spiced Potatoes [DKSE],"FA-DE Yogurt, Greek, Plain /Joghurt, Griechisch, Natur",DAI-00-139161-3,DAI,33.22,grams,REC-030395-4-001,VEGETARIAN
FV1068A - Moroccan Chicken Thighs & Spiced Potatoes [DKSE],"FA-DE Zest, Lemon/Gewürz, Zitronenschale",PHF-00-139247-3,PHF,0.02,grams,REC-030395-4-001,"NATURALLY_GLUTEN_FREE,NATURALLY_LACTOSE_FREE,SUITABLE_FOR_COELIACS,SUITABLE_FOR_LACTOSE_INTOLERANCE,VEGAN,VEGETARIAN"
FV1346A - Parmesan & Garlic Cream Shredded Beef [DE],"FA-DE Beef, Pulled, Sous Vide/Rindfleisch, Pulled, Sous Vide",PTN-00-139315-3,PTN,112.25,grams,REC-015144-4-003,
FV1346A - Parmesan & Garlic Cream Shredded Beef [DE],"FA-DE Bell Peppers, Red, Sliced 10mm /Paprika, rot, in Scheiben geschnitten, 10 mm",PHF-00-139183-3,PHF,53.33,grams,REC-015144-4-003,"FISH_FREE,PORK_FREE,VEGAN,VEGETARIAN"
FV1346A - Parmesan & Garlic Cream Shredded Beef [DE],"FA-DE Broccoli, Florets, /Brokkoli, Röschen",PHF-00-143425-3,PHF,111.9,grams,REC-015144-4-003,"VEGAN,VEGETARIAN"
FV1346A - Parmesan & Garlic Cream Shredded Beef [DE],"FA-DE Butter, Unsalted /Butter, ungesalzen",DAI-00-139146-3,DAI,7.99,grams,REC-015144-4-003,VEGETARIAN
FV1346A - Parmesan & Garlic Cream Shredded Beef [DE],"FA-DE Cheese, Cream, 13% Fat (Milk) /Käse, Sahne, 13% Fett",DAI-00-139122-3,DAI,24.51,grams,REC-015144-4-003,
FV1346A - Parmesan & Garlic Cream Shredded Beef [DE],"FA-DE Cheese, Parmesan, Grated /Käse, Parmesan, gerieben",DAI-00-139127-3,DAI,15.72,grams,REC-015144-4-003,
FV1346A - Parmesan & Garlic Cream Shredded Beef [DE],"FA-DE Chives, Dried /Schnittlauch, getrocknet",SPI-00-139322-5,SPI,0.77,grams,REC-015144-4-003,"FISH_FREE,NATURALLY_GLUTEN_FREE,NATURALLY_LACTOSE_FREE,PORK_FREE,SUITABLE_FOR_COELIACS,SUITABLE_FOR_LACTOSE_INTOLERANCE,VEGAN,VEGETARIAN"
FV1346A - Parmesan & Garlic Cream Shredded Beef [DE],FA-DE Heavy Cream 20% /Sahne 20%,DAI-00-139137-3,DAI,10.51,grams,REC-015144-4-003,"VEGAN,VEGETARIAN"
FV1346A - Parmesan & Garlic Cream Shredded Beef [DE],"FA-DE Milk, Whole /Milch, voll",DAI-00-139142-3,DAI,29.75,grams,REC-015144-4-003,
FV1346A - Parmesan & Garlic Cream Shredded Beef [DE],"FA-DE Oil, Olive /Öl, Olivenöl",PRO-00-139277-5,PRO,12.28,grams,REC-015144-4-003,"VEGAN,VEGETARIAN"
FV1346A - Parmesan & Garlic Cream Shredded Beef [DE],"FA-DE Onion, Spanish, Sliced 5mm /Zwiebel, spanisch, in Scheiben geschnitten, 5 mm",PHF-00-139211-3,PHF,19.05,grams,REC-015144-4-003,"VEGAN,VEGETARIAN"
FV1346A - Parmesan & Garlic Cream Shredded Beef [DE],"FA-DE Potatoes, Skin On, wedges /Kartoffeln mit Schale, Keile",PHF-00-139226-3,PHF,118.38,grams,REC-015144-4-003,"FISH_FREE,NATURALLY_LACTOSE_FREE,PORK_FREE,SUITABLE_FOR_LACTOSE_INTOLERANCE,VEGAN,VEGETARIAN"
FV1346A - Parmesan & Garlic Cream Shredded Beef [DE],"FA-DE Rosemary, IQF /Rosmarin, IQF",PHF-00-139243-1,PHF,0.15,grams,REC-015144-4-003,"SUITABLE_FOR_COELIACS,SUITABLE_FOR_LACTOSE_INTOLERANCE,VEGAN,VEGETARIAN"
FV1346A - Parmesan & Garlic Cream Shredded Beef [DE],"FA-DE Spice, Black Pepper, Ground /Gewürz, schwarzer Pfeffer, gemahlen",SPI-00-139334-5,SPI,0.59,grams,REC-015144-4-003,"NATURALLY_GLUTEN_FREE,NATURALLY_LACTOSE_FREE,SUITABLE_FOR_COELIACS,SUITABLE_FOR_LACTOSE_INTOLERANCE,VEGAN,VEGETARIAN"
FV1346A - Parmesan & Garlic Cream Shredded Beef [DE],"FA-DE Spice, Garlic Granulated /Gewürz, Knoblauch granuliert",SPI-00-139353-5,SPI,0.44,grams,REC-015144-4-003,"FISH_FREE,NATURALLY_LACTOSE_FREE,PORK_FREE,SUITABLE_FOR_COELIACS,SUITABLE_FOR_LACTOSE_INTOLERANCE,VEGAN,VEGETARIAN"
FV1346A - Parmesan & Garlic Cream Shredded Beef [DE],"FA-DE Spice, Garlic Powder, Toasted /Gewürz, Knoblauchpulver, geröstet",SPI-00-139354-5,SPI,1.05,grams,REC-015144-4-003,"FISH_FREE,NATURALLY_GLUTEN_FREE,NATURALLY_LACTOSE_FREE,PORK_FREE,SUITABLE_FOR_COELIACS,SUITABLE_FOR_LACTOSE_INTOLERANCE,VEGAN,VEGETARIAN"
FV1346A - Parmesan & Garlic Cream Shredded Beef [DE],"FA-DE Spice, Minced Garlic, Toasted, Dry /Gewürz, gehackter Knoblauch, geröstet, trocken",SPI-00-139367-5,SPI,1.05,grams,REC-015144-4-003,"FISH_FREE,NATURALLY_GLUTEN_FREE,NATURALLY_LACTOSE_FREE,PORK_FREE,SUITABLE_FOR_COELIACS,SUITABLE_FOR_LACTOSE_INTOLERANCE,VEGAN,VEGETARIAN"
FV1346A - Parmesan & Garlic Cream Shredded Beef [DE],"FA-DE Spice, Onion Powder, Toasted /Gewürze, Zwiebelpulver, geröstet",SPI-00-139371-5,SPI,1.75,grams,REC-015144-4-003,"NATURALLY_GLUTEN_FREE,NATURALLY_LACTOSE_FREE,SUITABLE_FOR_COELIACS,SUITABLE_FOR_LACTOSE_INTOLERANCE,VEGAN,VEGETARIAN"
FV1346A - Parmesan & Garlic Cream Shredded Beef [DE],"FA-DE Spice, Parsley Dried /Gewürze, getrocknete Petersilie",SPI-00-139374-5,SPI,0.06,grams,REC-015144-4-003,"FISH_FREE,NATURALLY_GLUTEN_FREE,NATURALLY_LACTOSE_FREE,PORK_FREE,SUITABLE_FOR_COELIACS,SUITABLE_FOR_LACTOSE_INTOLERANCE,VEGAN,VEGETARIAN"
FV1346A - Parmesan & Garlic Cream Shredded Beef [DE],"FA-DE Spice, Sea Salt /Gewürze, Meersalz",SPI-00-139378-5,SPI,1.18,grams,REC-015144-4-003,"NATURALLY_GLUTEN_FREE,NATURALLY_LACTOSE_FREE,SUITABLE_FOR_COELIACS,SUITABLE_FOR_LACTOSE_INTOLERANCE,VEGAN,VEGETARIAN"
FV1346A - Parmesan & Garlic Cream Shredded Beef [DE],"FA-DE Stock, Chicken, Reduced/Brühe, Huhn, Reduziert",PRO-00-139288-5,PRO,2.8,grams,REC-015144-4-003,
FV1346A - Parmesan & Garlic Cream Shredded Beef [DE],"FA-DE Thyme, IQF /Thymian, IQF",PHF-00-139244-1,PHF,0.15,grams,REC-015144-4-003,"SUITABLE_FOR_COELIACS,SUITABLE_FOR_LACTOSE_INTOLERANCE,VEGAN,VEGETARIAN"
FV1439A - Tzatziki Salmon & Lemon Rice [BNL],"FA-DE Bell Peppers, Red, Diced 10mm /Paprika, rot, gewürfelt 10 mm",PHF-00-139179-3,PHF,31.54,grams,REC-029425-4-003,"VEGAN,VEGETARIAN"
FV1439A - Tzatziki Salmon & Lemon Rice [BNL],"FA-DE Cauliflower, Florets /Blumenkohl, Röschen",PHF-00-143426-3,PHF,90.37,grams,REC-029425-4-003,"VEGAN,VEGETARIAN"
FV1439A - Tzatziki Salmon & Lemon Rice [BNL],"FA-DE Chives, Dried /Schnittlauch, getrocknet",SPI-00-139322-5,SPI,0.14,grams,REC-029425-4-003,"FISH_FREE,NATURALLY_GLUTEN_FREE,NATURALLY_LACTOSE_FREE,PORK_FREE,SUITABLE_FOR_COELIACS,SUITABLE_FOR_LACTOSE_INTOLERANCE,VEGAN,VEGETARIAN"
FV1439A - Tzatziki Salmon & Lemon Rice [BNL],"FA-DE Dill, Fresh/Dill, frisch",PHF-00-139200-3,PHF,1.22,grams,REC-029425-4-003,"FISH_FREE,NATURALLY_LACTOSE_FREE,PORK_FREE,SUITABLE_FOR_LACTOSE_INTOLERANCE,VEGAN,VEGETARIAN"
FV1439A - Tzatziki Salmon & Lemon Rice [BNL],"FA-DE Garlic, IQF, Diced 4 mm /Knoblauch, IQF, gewürfelt 4 mm",PHF-00-139237-1,PHF,3.35,grams,REC-029425-4-003,"FISH_FREE,NATURALLY_GLUTEN_FREE,NATURALLY_LACTOSE_FREE,PORK_FREE,SUITABLE_FOR_COELIACS,SUITABLE_FOR_LACTOSE_INTOLERANCE,VEGAN,VEGETARIAN"
FV1439A - Tzatziki Salmon & Lemon Rice [BNL],"FA-DE Juice, Lemon /Saft, Zitrone",PRO-00-139265-5,PRO,1.83,grams,REC-029425-4-003,"FISH_FREE,NATURALLY_LACTOSE_FREE,PORK_FREE,SUITABLE_FOR_LACTOSE_INTOLERANCE,VEGAN,VEGETARIAN"
FV1439A - Tzatziki Salmon & Lemon Rice [BNL],"FA-DE Mint, Fresh/Minze, frisch",PHF-00-139205-3,PHF,0.61,grams,REC-029425-4-003,"FISH_FREE,NATURALLY_LACTOSE_FREE,PORK_FREE,SUITABLE_FOR_LACTOSE_INTOLERANCE,VEGAN,VEGETARIAN"
FV1439A - Tzatziki Salmon & Lemon Rice [BNL],"FA-DE Oil, Olive /Öl, Olivenöl",PRO-00-139277-5,PRO,6.25,grams,REC-029425-4-003,"VEGAN,VEGETARIAN"
FV1439A - Tzatziki Salmon & Lemon Rice [BNL],"FA-DE Onion, Pearl, IQF /Zwiebeln, Perlen, IQF",PHF-00-139232-1,PHF,45.99,grams,REC-029425-4-003,"FISH_FREE,NATURALLY_GLUTEN_FREE,NATURALLY_LACTOSE_FREE,PORK_FREE,SUITABLE_FOR_COELIACS,SUITABLE_FOR_LACTOSE_INTOLERANCE,VEGAN,VEGETARIAN"
FV1439A - Tzatziki Salmon & Lemon Rice [BNL],"FA-DE Onion, Red, Diced 10mm/Zwiebeln, rot, gewürfelt, 10 mm",PHF-00-139216-3,PHF,29.79,grams,REC-029425-4-003,"FISH_FREE,PORK_FREE,VEGAN,VEGETARIAN"
FV1439A - Tzatziki Salmon & Lemon Rice [BNL],"FA-DE Rice, Basmati, Brown /Reis, Basmati, braun",DRY-00-139168-5,DRY,31.13,grams,REC-029425-4-003,
FV1439A - Tzatziki Salmon & Lemon Rice [BNL],"FA-DE Salmon, Skinless, Boneless, Filet/Lachs, ohne Haut, ohne Knochen, Filet - IQF",PTN-00-139968-1,PTN,140,grams,REC-029425-4-003,
FV1439A - Tzatziki Salmon & Lemon Rice [BNL],FA-DE Sour Cream /Sauerrahm,DAI-00-139141-3,DAI,31.08,grams,REC-029425-4-003,VEGETARIAN
FV1439A - Tzatziki Salmon & Lemon Rice [BNL],"FA-DE Spice, Black Pepper, Ground /Gewürz, schwarzer Pfeffer, gemahlen",SPI-00-139334-5,SPI,0.43,grams,REC-029425-4-003,"NATURALLY_GLUTEN_FREE,NATURALLY_LACTOSE_FREE,SUITABLE_FOR_COELIACS,SUITABLE_FOR_LACTOSE_INTOLERANCE,VEGAN,VEGETARIAN"
FV1439A - Tzatziki Salmon & Lemon Rice [BNL],"FA-DE Spice, Dill Dried /Gewürz, Dill getrocknet",SPI-00-139349-5,SPI,0.66,grams,REC-029425-4-003,"NATURALLY_GLUTEN_FREE,NATURALLY_LACTOSE_FREE,SUITABLE_FOR_COELIACS,SUITABLE_FOR_LACTOSE_INTOLERANCE,VEGAN,VEGETARIAN"
FV1439A - Tzatziki Salmon & Lemon Rice [BNL],"FA-DE Spice, Garlic Granulated /Gewürz, Knoblauch granuliert",SPI-00-139353-5,SPI,0.41,grams,REC-029425-4-003,"FISH_FREE,NATURALLY_LACTOSE_FREE,PORK_FREE,SUITABLE_FOR_COELIACS,SUITABLE_FOR_LACTOSE_INTOLERANCE,VEGAN,VEGETARIAN"
FV1439A - Tzatziki Salmon & Lemon Rice [BNL],"FA-DE Spice, Garlic Powder, Toasted /Gewürz, Knoblauchpulver, geröstet",SPI-00-139354-5,SPI,0.4,grams,REC-029425-4-003,"FISH_FREE,NATURALLY_GLUTEN_FREE,NATURALLY_LACTOSE_FREE,PORK_FREE,SUITABLE_FOR_COELIACS,SUITABLE_FOR_LACTOSE_INTOLERANCE,VEGAN,VEGETARIAN"
FV1439A - Tzatziki Salmon & Lemon Rice [BNL],"FA-DE Spice, Lemon Powder /Gewürz, Zitronenpulver",SPI-00-139362-5,SPI,0.13,grams,REC-029425-4-003,"NATURALLY_GLUTEN_FREE,NATURALLY_LACTOSE_FREE,SUITABLE_FOR_COELIACS,SUITABLE_FOR_LACTOSE_INTOLERANCE,VEGAN,VEGETARIAN"
FV1439A - Tzatziki Salmon & Lemon Rice [BNL],"FA-DE Spice, Minced Garlic, Toasted, Dry /Gewürz, gehackter Knoblauch, geröstet, trocken",SPI-00-139367-5,SPI,0.17,grams,REC-029425-4-003,"FISH_FREE,NATURALLY_GLUTEN_FREE,NATURALLY_LACTOSE_FREE,PORK_FREE,SUITABLE_FOR_COELIACS,SUITABLE_FOR_LACTOSE_INTOLERANCE,VEGAN,VEGETARIAN"
FV1439A - Tzatziki Salmon & Lemon Rice [BNL],"FA-DE Spice, Oregano Dry /Gewürz, Oregano trocken",SPI-00-139372-5,SPI,0.07,grams,REC-029425-4-003,"FISH_FREE,NATURALLY_GLUTEN_FREE,NATURALLY_LACTOSE_FREE,PORK_FREE,SUITABLE_FOR_COELIACS,SUITABLE_FOR_LACTOSE_INTOLERANCE,VEGAN,VEGETARIAN"
FV1439A - Tzatziki Salmon & Lemon Rice [BNL],"FA-DE Spice, Parsley Dried /Gewürze, getrocknete Petersilie",SPI-00-139374-5,SPI,0.32,grams,REC-029425-4-003,"FISH_FREE,NATURALLY_GLUTEN_FREE,NATURALLY_LACTOSE_FREE,PORK_FREE,SUITABLE_FOR_COELIACS,SUITABLE_FOR_LACTOSE_INTOLERANCE,VEGAN,VEGETARIAN"
FV1439A - Tzatziki Salmon & Lemon Rice [BNL],"FA-DE Spice, Sea Salt /Gewürze, Meersalz",SPI-00-139378-5,SPI,1.75,grams,REC-029425-4-003,"NATURALLY_GLUTEN_FREE,NATURALLY_LACTOSE_FREE,SUITABLE_FOR_COELIACS,SUITABLE_FOR_LACTOSE_INTOLERANCE,VEGAN,VEGETARIAN"
FV1439A - Tzatziki Salmon & Lemon Rice [BNL],"FA-DE Spice, Thyme Dry /Gewürz, Thymian trocken",SPI-00-139385-5,SPI,0.32,grams,REC-029425-4-003,"FISH_FREE,NATURALLY_GLUTEN_FREE,NATURALLY_LACTOSE_FREE,PORK_FREE,SUITABLE_FOR_COELIACS,SUITABLE_FOR_LACTOSE_INTOLERANCE,VEGAN,VEGETARIAN"
FV1439A - Tzatziki Salmon & Lemon Rice [BNL],"FA-DE Spice, Turmeric /Gewürz, Kurkuma",SPI-00-139384-5,SPI,0.4,grams,REC-029425-4-003,"FISH_FREE,NATURALLY_GLUTEN_FREE,NATURALLY_LACTOSE_FREE,PORK_FREE,SUITABLE_FOR_COELIACS,SUITABLE_FOR_LACTOSE_INTOLERANCE,VEGAN,VEGETARIAN"
FV1439A - Tzatziki Salmon & Lemon Rice [BNL],"FA-DE Stock Concentrate, Mirepoix /Stammkonzentrat, Mirepoix",PRO-00-139287-5,PRO,1.99,grams,REC-029425-4-003,"VEGAN,VEGETARIAN"
FV1439A - Tzatziki Salmon & Lemon Rice [BNL],"FA-DE Vinegar, Balsamic /Essig, Balsamico",PRO-00-139298-5,PRO,2.69,grams,REC-029425-4-003,"NATURALLY_GLUTEN_FREE,NATURALLY_LACTOSE_FREE,SUITABLE_FOR_COELIACS,SUITABLE_FOR_LACTOSE_INTOLERANCE,VEGAN,VEGETARIAN"
FV1439A - Tzatziki Salmon & Lemon Rice [BNL],FA-DE Water / Wasser,OTH-00-144038-5,OTH,47.05,grams,REC-029425-4-003,
FV1439A - Tzatziki Salmon & Lemon Rice [BNL],"FA-DE Zest, Lemon/Gewürz, Zitronenschale",PHF-00-139247-3,PHF,0.92,grams,REC-029425-4-003,"NATURALLY_GLUTEN_FREE,NATURALLY_LACTOSE_FREE,SUITABLE_FOR_COELIACS,SUITABLE_FOR_LACTOSE_INTOLERANCE,VEGAN,VEGETARIAN"
FV1439A - Tzatziki Salmon & Lemon Rice [BNL],"FA-DE Zucchini, Diced 10mm /Zucchini, gewürfelt 10 mm",PHF-00-139229-3,PHF,43.08,grams,REC-029425-4-003,"FISH_FREE,PORK_FREE,VEGAN,VEGETARIAN"
FV1439A - Tzatziki Salmon & Lemon Rice [DE],"FA-DE Bell Peppers, Red, Diced 10mm /Paprika, rot, gewürfelt 10 mm",PHF-00-139179-3,PHF,31.54,grams,REC-029425-4-001,"VEGAN,VEGETARIAN"
FV1439A - Tzatziki Salmon & Lemon Rice [DE],"FA-DE Cauliflower, Florets /Blumenkohl, Röschen",PHF-00-143426-3,PHF,90.37,grams,REC-029425-4-001,"VEGAN,VEGETARIAN"
FV1439A - Tzatziki Salmon & Lemon Rice [DE],"FA-DE Chives, Dried /Schnittlauch, getrocknet",SPI-00-139322-5,SPI,0.14,grams,REC-029425-4-001,"FISH_FREE,NATURALLY_GLUTEN_FREE,NATURALLY_LACTOSE_FREE,PORK_FREE,SUITABLE_FOR_COELIACS,SUITABLE_FOR_LACTOSE_INTOLERANCE,VEGAN,VEGETARIAN"
FV1439A - Tzatziki Salmon & Lemon Rice [DE],"FA-DE Dill, Fresh/Dill, frisch",PHF-00-139200-3,PHF,1.22,grams,REC-029425-4-001,"FISH_FREE,NATURALLY_LACTOSE_FREE,PORK_FREE,SUITABLE_FOR_LACTOSE_INTOLERANCE,VEGAN,VEGETARIAN"
FV1439A - Tzatziki Salmon & Lemon Rice [DE],"FA-DE Garlic, IQF, Diced 4 mm /Knoblauch, IQF, gewürfelt 4 mm",PHF-00-139237-1,PHF,3.35,grams,REC-029425-4-001,"FISH_FREE,NATURALLY_GLUTEN_FREE,NATURALLY_LACTOSE_FREE,PORK_FREE,SUITABLE_FOR_COELIACS,SUITABLE_FOR_LACTOSE_INTOLERANCE,VEGAN,VEGETARIAN"
FV1439A - Tzatziki Salmon & Lemon Rice [DE],"FA-DE Juice, Lemon /Saft, Zitrone",PRO-00-139265-5,PRO,1.83,grams,REC-029425-4-001,"FISH_FREE,NATURALLY_LACTOSE_FREE,PORK_FREE,SUITABLE_FOR_LACTOSE_INTOLERANCE,VEGAN,VEGETARIAN"
FV1439A - Tzatziki Salmon & Lemon Rice [DE],"FA-DE Mint, Fresh/Minze, frisch",PHF-00-139205-3,PHF,0.61,grams,REC-029425-4-001,"FISH_FREE,NATURALLY_LACTOSE_FREE,PORK_FREE,SUITABLE_FOR_LACTOSE_INTOLERANCE,VEGAN,VEGETARIAN"
FV1439A - Tzatziki Salmon & Lemon Rice [DE],"FA-DE Oil, Olive /Öl, Olivenöl",PRO-00-139277-5,PRO,6.25,grams,REC-029425-4-001,"VEGAN,VEGETARIAN"
FV1439A - Tzatziki Salmon & Lemon Rice [DE],"FA-DE Onion, Pearl, IQF /Zwiebeln, Perlen, IQF",PHF-00-139232-1,PHF,45.99,grams,REC-029425-4-001,"FISH_FREE,NATURALLY_GLUTEN_FREE,NATURALLY_LACTOSE_FREE,PORK_FREE,SUITABLE_FOR_COELIACS,SUITABLE_FOR_LACTOSE_INTOLERANCE,VEGAN,VEGETARIAN"
FV1439A - Tzatziki Salmon & Lemon Rice [DE],"FA-DE Onion, Red, Diced 10mm/Zwiebeln, rot, gewürfelt, 10 mm",PHF-00-139216-3,PHF,29.79,grams,REC-029425-4-001,"FISH_FREE,PORK_FREE,VEGAN,VEGETARIAN"
FV1439A - Tzatziki Salmon & Lemon Rice [DE],"FA-DE Rice, Basmati, Brown /Reis, Basmati, braun",DRY-00-139168-5,DRY,31.13,grams,REC-029425-4-001,
FV1439A - Tzatziki Salmon & Lemon Rice [DE],"FA-DE Salmon, Skinless, Boneless, Filet/Lachs, ohne Haut, ohne Knochen, Filet - IQF",PTN-00-139968-1,PTN,140,grams,REC-029425-4-001,
FV1439A - Tzatziki Salmon & Lemon Rice [DE],FA-DE Sour Cream /Sauerrahm,DAI-00-139141-3,DAI,31.08,grams,REC-029425-4-001,VEGETARIAN
FV1439A - Tzatziki Salmon & Lemon Rice [DE],"FA-DE Spice, Black Pepper, Ground /Gewürz, schwarzer Pfeffer, gemahlen",SPI-00-139334-5,SPI,0.43,grams,REC-029425-4-001,"NATURALLY_GLUTEN_FREE,NATURALLY_LACTOSE_FREE,SUITABLE_FOR_COELIACS,SUITABLE_FOR_LACTOSE_INTOLERANCE,VEGAN,VEGETARIAN"
FV1439A - Tzatziki Salmon & Lemon Rice [DE],"FA-DE Spice, Dill Dried /Gewürz, Dill getrocknet",SPI-00-139349-5,SPI,0.66,grams,REC-029425-4-001,"NATURALLY_GLUTEN_FREE,NATURALLY_LACTOSE_FREE,SUITABLE_FOR_COELIACS,SUITABLE_FOR_LACTOSE_INTOLERANCE,VEGAN,VEGETARIAN"
FV1439A - Tzatziki Salmon & Lemon Rice [DE],"FA-DE Spice, Garlic Granulated /Gewürz, Knoblauch granuliert",SPI-00-139353-5,SPI,0.41,grams,REC-029425-4-001,"FISH_FREE,NATURALLY_LACTOSE_FREE,PORK_FREE,SUITABLE_FOR_COELIACS,SUITABLE_FOR_LACTOSE_INTOLERANCE,VEGAN,VEGETARIAN"
FV1439A - Tzatziki Salmon & Lemon Rice [DE],"FA-DE Spice, Garlic Powder, Toasted /Gewürz, Knoblauchpulver, geröstet",SPI-00-139354-5,SPI,0.4,grams,REC-029425-4-001,"FISH_FREE,NATURALLY_GLUTEN_FREE,NATURALLY_LACTOSE_FREE,PORK_FREE,SUITABLE_FOR_COELIACS,SUITABLE_FOR_LACTOSE_INTOLERANCE,VEGAN,VEGETARIAN"
FV1439A - Tzatziki Salmon & Lemon Rice [DE],"FA-DE Spice, Lemon Powder /Gewürz, Zitronenpulver",SPI-00-139362-5,SPI,0.13,grams,REC-029425-4-001,"NATURALLY_GLUTEN_FREE,NATURALLY_LACTOSE_FREE,SUITABLE_FOR_COELIACS,SUITABLE_FOR_LACTOSE_INTOLERANCE,VEGAN,VEGETARIAN"
FV1439A - Tzatziki Salmon & Lemon Rice [DE],"FA-DE Spice, Minced Garlic, Toasted, Dry /Gewürz, gehackter Knoblauch, geröstet, trocken",SPI-00-139367-5,SPI,0.17,grams,REC-029425-4-001,"FISH_FREE,NATURALLY_GLUTEN_FREE,NATURALLY_LACTOSE_FREE,PORK_FREE,SUITABLE_FOR_COELIACS,SUITABLE_FOR_LACTOSE_INTOLERANCE,VEGAN,VEGETARIAN"
FV1439A - Tzatziki Salmon & Lemon Rice [DE],"FA-DE Spice, Oregano Dry /Gewürz, Oregano trocken",SPI-00-139372-5,SPI,0.07,grams,REC-029425-4-001,"FISH_FREE,NATURALLY_GLUTEN_FREE,NATURALLY_LACTOSE_FREE,PORK_FREE,SUITABLE_FOR_COELIACS,SUITABLE_FOR_LACTOSE_INTOLERANCE,VEGAN,VEGETARIAN"
FV1439A - Tzatziki Salmon & Lemon Rice [DE],"FA-DE Spice, Parsley Dried /Gewürze, getrocknete Petersilie",SPI-00-139374-5,SPI,0.32,grams,REC-029425-4-001,"FISH_FREE,NATURALLY_GLUTEN_FREE,NATURALLY_LACTOSE_FREE,PORK_FREE,SUITABLE_FOR_COELIACS,SUITABLE_FOR_LACTOSE_INTOLERANCE,VEGAN,VEGETARIAN"
FV1439A - Tzatziki Salmon & Lemon Rice [DE],"FA-DE Spice, Sea Salt /Gewürze, Meersalz",SPI-00-139378-5,SPI,1.75,grams,REC-029425-4-001,"NATURALLY_GLUTEN_FREE,NATURALLY_LACTOSE_FREE,SUITABLE_FOR_COELIACS,SUITABLE_FOR_LACTOSE_INTOLERANCE,VEGAN,VEGETARIAN"
FV1439A - Tzatziki Salmon & Lemon Rice [DE],"FA-DE Spice, Thyme Dry /Gewürz, Thymian trocken",SPI-00-139385-5,SPI,0.32,grams,REC-029425-4-001,"FISH_FREE,NATURALLY_GLUTEN_FREE,NATURALLY_LACTOSE_FREE,PORK_FREE,SUITABLE_FOR_COELIACS,SUITABLE_FOR_LACTOSE_INTOLERANCE,VEGAN,VEGETARIAN"
FV1439A - Tzatziki Salmon & Lemon Rice [DE],"FA-DE Spice, Turmeric /Gewürz, Kurkuma",SPI-00-139384-5,SPI,0.4,grams,REC-029425-4-001,"FISH_FREE,NATURALLY_GLUTEN_FREE,NATURALLY_LACTOSE_FREE,PORK_FREE,SUITABLE_FOR_COELIACS,SUITABLE_FOR_LACTOSE_INTOLERANCE,VEGAN,VEGETARIAN"
FV1439A - Tzatziki Salmon & Lemon Rice [DE],"FA-DE Stock Concentrate, Mirepoix /Stammkonzentrat, Mirepoix",PRO-00-139287-5,PRO,1.99,grams,REC-029425-4-001,"VEGAN,VEGETARIAN"
FV1439A - Tzatziki Salmon & Lemon Rice [DE],"FA-DE Vinegar, Balsamic /Essig, Balsamico",PRO-00-139298-5,PRO,2.69,grams,REC-029425-4-001,"NATURALLY_GLUTEN_FREE,NATURALLY_LACTOSE_FREE,SUITABLE_FOR_COELIACS,SUITABLE_FOR_LACTOSE_INTOLERANCE,VEGAN,VEGETARIAN"
FV1439A - Tzatziki Salmon & Lemon Rice [DE],FA-DE Water / Wasser,OTH-00-144038-5,OTH,47.05,grams,REC-029425-4-001,
FV1439A - Tzatziki Salmon & Lemon Rice [DE],"FA-DE Zest, Lemon/Gewürz, Zitronenschale",PHF-00-139247-3,PHF,0.92,grams,REC-029425-4-001,"NATURALLY_GLUTEN_FREE,NATURALLY_LACTOSE_FREE,SUITABLE_FOR_COELIACS,SUITABLE_FOR_LACTOSE_INTOLERANCE,VEGAN,VEGETARIAN"
FV1439A - Tzatziki Salmon & Lemon Rice [DE],"FA-DE Zucchini, Diced 10mm /Zucchini, gewürfelt 10 mm",PHF-00-139229-3,PHF,43.08,grams,REC-029425-4-001,"FISH_FREE,PORK_FREE,VEGAN,VEGETARIAN"
FV1646A Lemon Garlic Shrimp & Spanakopita Rice DKSE,"FA-DE Basil, Fresh /Basilikum, frisch",PHF-00-139175-3,PHF,0.66,grams,REC-030366-4-003,"FISH_FREE,NATURALLY_LACTOSE_FREE,PORK_FREE,SUITABLE_FOR_LACTOSE_INTOLERANCE,VEGAN,VEGETARIAN"
FV1646A Lemon Garlic Shrimp & Spanakopita Rice DKSE,"FA-DE Cauliflower, Florets /Blumenkohl, Röschen",PHF-00-143426-3,PHF,116.19,grams,REC-030366-4-003,"VEGAN,VEGETARIAN"
FV1646A Lemon Garlic Shrimp & Spanakopita Rice DKSE,"FA-DE Cheese, Feta /Käse, Feta",DAI-00-144309-3,DAI,10.1,grams,REC-030366-4-003,VEGETARIAN
FV1646A Lemon Garlic Shrimp & Spanakopita Rice DKSE,"FA-DE Cheese, Parmesan, Grated /Käse, Parmesan, gerieben",DAI-00-139127-3,DAI,8.03,grams,REC-030366-4-003,
FV1646A Lemon Garlic Shrimp & Spanakopita Rice DKSE,"FA-DE Chives, Dried /Schnittlauch, getrocknet",SPI-00-139322-5,SPI,0.18,grams,REC-030366-4-003,"FISH_FREE,NATURALLY_GLUTEN_FREE,NATURALLY_LACTOSE_FREE,PORK_FREE,SUITABLE_FOR_COELIACS,SUITABLE_FOR_LACTOSE_INTOLERANCE,VEGAN,VEGETARIAN"
FV1646A Lemon Garlic Shrimp & Spanakopita Rice DKSE,FA-DE Cornstarch /Maisstärke (Maisstärke),DRY-00-150449-5,DRY,1.02,grams,REC-030366-4-003,"VEGAN,VEGETARIAN"
FV1646A Lemon Garlic Shrimp & Spanakopita Rice DKSE,"FA-DE Garlic, IQF, Diced 4 mm /Knoblauch, IQF, gewürfelt 4 mm",PHF-00-139237-1,PHF,10.74,grams,REC-030366-4-003,"FISH_FREE,NATURALLY_GLUTEN_FREE,NATURALLY_LACTOSE_FREE,PORK_FREE,SUITABLE_FOR_COELIACS,SUITABLE_FOR_LACTOSE_INTOLERANCE,VEGAN,VEGETARIAN"
FV1646A Lemon Garlic Shrimp & Spanakopita Rice DKSE,"FA-DE Juice, Lemon /Saft, Zitrone",PRO-00-139265-5,PRO,8.54,grams,REC-030366-4-003,"FISH_FREE,NATURALLY_LACTOSE_FREE,PORK_FREE,SUITABLE_FOR_LACTOSE_INTOLERANCE,VEGAN,VEGETARIAN"
FV1646A Lemon Garlic Shrimp & Spanakopita Rice DKSE,"FA-DE Milk, Semi-Skimmed /Milch, teilentrahmt",DAI-00-139139-3,DAI,23.18,grams,REC-030366-4-003,
FV1646A Lemon Garlic Shrimp & Spanakopita Rice DKSE,"FA-DE Oil, Olive /Öl, Olivenöl",PRO-00-139277-5,PRO,18.78,grams,REC-030366-4-003,"VEGAN,VEGETARIAN"
FV1646A Lemon Garlic Shrimp & Spanakopita Rice DKSE,"FA-DE Onion, Red, Diced 5mm /Zwiebeln, rot, gewürfelt 5 mm",PHF-00-139213-3,PHF,2.91,grams,REC-030366-4-003,"FISH_FREE,PORK_FREE,VEGAN,VEGETARIAN"
FV1646A Lemon Garlic Shrimp & Spanakopita Rice DKSE,"FA-DE Onion, Spanish, Diced 10mm /Zwiebel, Spanisch, gewürfelt 10 mm",PHF-00-139209-3,PHF,10.1,grams,REC-030366-4-003,"FISH_FREE,PORK_FREE,VEGAN,VEGETARIAN"
FV1646A Lemon Garlic Shrimp & Spanakopita Rice DKSE,"FA-DE Parsley, Chopped /Petersilie, gehackt",PHF-00-139215-3,PHF,1.29,grams,REC-030366-4-003,"FISH_FREE,NATURALLY_LACTOSE_FREE,PORK_FREE,SUITABLE_FOR_LACTOSE_INTOLERANCE,VEGAN,VEGETARIAN"
FV1646A Lemon Garlic Shrimp & Spanakopita Rice DKSE,FA-DE Prawns 21/25 /Garnelen 21/25 - IQF,PTN-00-139321-1,PTN,125.47,grams,REC-030366-4-003,"SUITABLE_FOR_COELIACS,SUITABLE_FOR_LACTOSE_INTOLERANCE"
FV1646A Lemon Garlic Shrimp & Spanakopita Rice DKSE,"FA-DE Rice, Basmati, Brown /Reis, Basmati, braun",DRY-00-139168-5,DRY,24.16,grams,REC-030366-4-003,
FV1646A Lemon Garlic Shrimp & Spanakopita Rice DKSE,"FA-DE Spice, Basil, Dried /Gewürz, Basilikum, getrocknet",SPI-00-139331-5,SPI,0.29,grams,REC-030366-4-003,"NATURALLY_GLUTEN_FREE,NATURALLY_LACTOSE_FREE,SUITABLE_FOR_COELIACS,SUITABLE_FOR_LACTOSE_INTOLERANCE,VEGAN,VEGETARIAN"
FV1646A Lemon Garlic Shrimp & Spanakopita Rice DKSE,"FA-DE Spice, Bay Leaf Powder /Gewürz, Lorbeerblattpulver",SPI-00-139333-5,SPI,0.19,grams,REC-030366-4-003,"FISH_FREE,NATURALLY_GLUTEN_FREE,NATURALLY_LACTOSE_FREE,PORK_FREE,SUITABLE_FOR_COELIACS,SUITABLE_FOR_LACTOSE_INTOLERANCE,VEGAN,VEGETARIAN"
FV1646A Lemon Garlic Shrimp & Spanakopita Rice DKSE,"FA-DE Spice, Black Pepper, Ground /Gewürz, schwarzer Pfeffer, gemahlen",SPI-00-139334-5,SPI,0.51,grams,REC-030366-4-003,"NATURALLY_GLUTEN_FREE,NATURALLY_LACTOSE_FREE,SUITABLE_FOR_COELIACS,SUITABLE_FOR_LACTOSE_INTOLERANCE,VEGAN,VEGETARIAN"
FV1646A Lemon Garlic Shrimp & Spanakopita Rice DKSE,"FA-DE Spice, Cayenne Pepper /Gewürz, Cayennepfeffer",SPI-00-139339-5,SPI,0.24,grams,REC-030366-4-003,"FISH_FREE,NATURALLY_GLUTEN_FREE,NATURALLY_LACTOSE_FREE,PORK_FREE,SUITABLE_FOR_COELIACS,SUITABLE_FOR_LACTOSE_INTOLERANCE,VEGAN,VEGETARIAN"
FV1646A Lemon Garlic Shrimp & Spanakopita Rice DKSE,"FA-DE Spice, Dill Dried /Gewürz, Dill getrocknet",SPI-00-139349-5,SPI,0.1,grams,REC-030366-4-003,"NATURALLY_GLUTEN_FREE,NATURALLY_LACTOSE_FREE,SUITABLE_FOR_COELIACS,SUITABLE_FOR_LACTOSE_INTOLERANCE,VEGAN,VEGETARIAN"
FV1646A Lemon Garlic Shrimp & Spanakopita Rice DKSE,"FA-DE Spice, Fennel Ground /Gewürz, Fenchel gemahlen",SPI-00-139351-5,SPI,0.1,grams,REC-030366-4-003,"NATURALLY_GLUTEN_FREE,NATURALLY_LACTOSE_FREE,SUITABLE_FOR_COELIACS,SUITABLE_FOR_LACTOSE_INTOLERANCE,VEGAN,VEGETARIAN"
FV1646A Lemon Garlic Shrimp & Spanakopita Rice DKSE,"FA-DE Spice, Garlic Granulated /Gewürz, Knoblauch granuliert",SPI-00-139353-5,SPI,0.56,grams,REC-030366-4-003,"FISH_FREE,NATURALLY_LACTOSE_FREE,PORK_FREE,SUITABLE_FOR_COELIACS,SUITABLE_FOR_LACTOSE_INTOLERANCE,VEGAN,VEGETARIAN"
FV1646A Lemon Garlic Shrimp & Spanakopita Rice DKSE,"FA-DE Spice, Minced Garlic, Toasted, Dry /Gewürz, gehackter Knoblauch, geröstet, trocken",SPI-00-139367-5,SPI,0.33,grams,REC-030366-4-003,"FISH_FREE,NATURALLY_GLUTEN_FREE,NATURALLY_LACTOSE_FREE,PORK_FREE,SUITABLE_FOR_COELIACS,SUITABLE_FOR_LACTOSE_INTOLERANCE,VEGAN,VEGETARIAN"
FV1646A Lemon Garlic Shrimp & Spanakopita Rice DKSE,"FA-DE Spice, Nutmeg Ground /Gewürz, gemahlene Muskatnuss",SPI-00-139368-5,SPI,0.09,grams,REC-030366-4-003,"VEGAN,VEGETARIAN"
FV1646A Lemon Garlic Shrimp & Spanakopita Rice DKSE,"FA-DE Spice, Oregano Dry /Gewürz, Oregano trocken",SPI-00-139372-5,SPI,0.25,grams,REC-030366-4-003,"FISH_FREE,NATURALLY_GLUTEN_FREE,NATURALLY_LACTOSE_FREE,PORK_FREE,SUITABLE_FOR_COELIACS,SUITABLE_FOR_LACTOSE_INTOLERANCE,VEGAN,VEGETARIAN"
FV1646A Lemon Garlic Shrimp & Spanakopita Rice DKSE,"FA-DE Spice, Rosemary, Powder /Gewürz, Rosmarin, Pulver",SPI-00-139376-5,SPI,0.19,grams,REC-030366-4-003,"VEGAN,VEGETARIAN"
FV1646A Lemon Garlic Shrimp & Spanakopita Rice DKSE,"FA-DE Spice, Sea Salt /Gewürze, Meersalz",SPI-00-139378-5,SPI,0.75,grams,REC-030366-4-003,"NATURALLY_GLUTEN_FREE,NATURALLY_LACTOSE_FREE,SUITABLE_FOR_COELIACS,SUITABLE_FOR_LACTOSE_INTOLERANCE,VEGAN,VEGETARIAN"
FV1646A Lemon Garlic Shrimp & Spanakopita Rice DKSE,"FA-DE Spice, White Pepper /Gewürz, weißer Pfeffer",SPI-00-139387-5,SPI,0.05,grams,REC-030366-4-003,"FISH_FREE,NATURALLY_GLUTEN_FREE,NATURALLY_LACTOSE_FREE,PORK_FREE,SUITABLE_FOR_COELIACS,SUITABLE_FOR_LACTOSE_INTOLERANCE,VEGAN,VEGETARIAN"
FV1646A Lemon Garlic Shrimp & Spanakopita Rice DKSE,"FA-DE Spinach, Frozen Leaf/Spinat, gefrorener Blattspinat",PHF-00-139242-1,PHF,21.02,grams,REC-030366-4-003,"SUITABLE_FOR_COELIACS,SUITABLE_FOR_LACTOSE_INTOLERANCE,VEGAN,VEGETARIAN"
FV1646A Lemon Garlic Shrimp & Spanakopita Rice DKSE,"FA-DE Tomatoes, Cherry/Tomaten, Kirsche",PHF-00-139190-3,PHF,31.43,grams,REC-030366-4-003,"FISH_FREE,NATURALLY_LACTOSE_FREE,PORK_FREE,SUITABLE_FOR_LACTOSE_INTOLERANCE,VEGAN,VEGETARIAN"
FV1646A Lemon Garlic Shrimp & Spanakopita Rice DKSE,"FA-DE Vinegar, Balsamic /Essig, Balsamico",PRO-00-139298-5,PRO,1.06,grams,REC-030366-4-003,"NATURALLY_GLUTEN_FREE,NATURALLY_LACTOSE_FREE,SUITABLE_FOR_COELIACS,SUITABLE_FOR_LACTOSE_INTOLERANCE,VEGAN,VEGETARIAN"
FV1646A Lemon Garlic Shrimp & Spanakopita Rice DKSE,FA-DE Water / Wasser,OTH-00-144038-5,OTH,254.52,grams,REC-030366-4-003,
FV1646A Lemon Garlic Shrimp & Spanakopita Rice DKSE,"FA-DE Zucchini, Half Moon /Zucchini, Mondwürfel",PHF-00-139231-3,PHF,46.98,grams,REC-030366-4-003,"FISH_FREE,NATURALLY_LACTOSE_FREE,PORK_FREE,SUITABLE_FOR_LACTOSE_INTOLERANCE,VEGAN,VEGETARIAN"
FV4006A - Pork tenderloin in sun dried tomato sauce [BNL],"FA-DE Broccoli, Florets, /Brokkoli, Röschen",PHF-00-143425-3,PHF,56.75,grams,REC-014085-4-001,"VEGAN,VEGETARIAN"
FV4006A - Pork tenderloin in sun dried tomato sauce [BNL],"FA-DE Butter, Unsalted /Butter, ungesalzen",DAI-00-139146-3,DAI,18.15,grams,REC-014085-4-001,VEGETARIAN
FV4006A - Pork tenderloin in sun dried tomato sauce [BNL],"FA-DE Cauliflower, Florets /Blumenkohl, Röschen",PHF-00-143426-3,PHF,57.97,grams,REC-014085-4-001,"VEGAN,VEGETARIAN"
FV4006A - Pork tenderloin in sun dried tomato sauce [BNL],"FA-DE Cauliflower, Riced, IQF /Blumenkohl, Reis, IQF",PHF-00-139233-1,PHF,75.65,grams,REC-014085-4-001,"FISH_FREE,NATURALLY_GLUTEN_FREE,NATURALLY_LACTOSE_FREE,PORK_FREE,SUITABLE_FOR_COELIACS,SUITABLE_FOR_LACTOSE_INTOLERANCE,VEGAN,VEGETARIAN"
FV4006A - Pork tenderloin in sun dried tomato sauce [BNL],"FA-DE Cheese, Cream, 13% Fat (Milk) /Käse, Sahne, 13% Fett",DAI-00-139122-3,DAI,15.96,grams,REC-014085-4-001,
FV4006A - Pork tenderloin in sun dried tomato sauce [BNL],"FA-DE Cheese, Parmesan, Grated /Käse, Parmesan, gerieben",DAI-00-139127-3,DAI,7.7,grams,REC-014085-4-001,
FV4006A - Pork tenderloin in sun dried tomato sauce [BNL],"FA-DE Chives, Dried /Schnittlauch, getrocknet",SPI-00-139322-5,SPI,0.15,grams,REC-014085-4-001,"FISH_FREE,NATURALLY_GLUTEN_FREE,NATURALLY_LACTOSE_FREE,PORK_FREE,SUITABLE_FOR_COELIACS,SUITABLE_FOR_LACTOSE_INTOLERANCE,VEGAN,VEGETARIAN"
FV4006A - Pork tenderloin in sun dried tomato sauce [BNL],FA-DE Dried Rosemary/Rosmarin getrocknet,SPI-00-143552-5,SPI,0.28,grams,REC-014085-4-001,"NATURALLY_GLUTEN_FREE,NATURALLY_LACTOSE_FREE,SUITABLE_FOR_COELIACS,SUITABLE_FOR_LACTOSE_INTOLERANCE,VEGAN,VEGETARIAN"
FV4006A - Pork tenderloin in sun dried tomato sauce [BNL],"FA-DE Garlic, IQF, Diced 4 mm /Knoblauch, IQF, gewürfelt 4 mm",PHF-00-139237-1,PHF,1.18,grams,REC-014085-4-001,"FISH_FREE,NATURALLY_GLUTEN_FREE,NATURALLY_LACTOSE_FREE,PORK_FREE,SUITABLE_FOR_COELIACS,SUITABLE_FOR_LACTOSE_INTOLERANCE,VEGAN,VEGETARIAN"
FV4006A - Pork tenderloin in sun dried tomato sauce [BNL],"FA-DE Garlic, Peeled, Whole Cloves [10kg] /Knoblauch, geschält, ganze Nelken [10kg]",PHF-00-139197-3,PHF,2.71,grams,REC-014085-4-001,"SUITABLE_FOR_COELIACS,SUITABLE_FOR_LACTOSE_INTOLERANCE,VEGAN,VEGETARIAN"
FV4006A - Pork tenderloin in sun dried tomato sauce [BNL],FA-DE Heavy Cream 20% /Sahne 20%,DAI-00-139137-3,DAI,32.32,grams,REC-014085-4-001,"VEGAN,VEGETARIAN"
FV4006A - Pork tenderloin in sun dried tomato sauce [BNL],"FA-DE Oil, Olive /Öl, Olivenöl",PRO-00-139277-5,PRO,22.95,grams,REC-014085-4-001,"VEGAN,VEGETARIAN"
FV4006A - Pork tenderloin in sun dried tomato sauce [BNL],"FA-DE Onion, Spanish, Diced 5mm /Zwiebel, Spanisch, gewürfelt 5 mm",PHF-00-139212-3,PHF,5.2,grams,REC-014085-4-001,"FISH_FREE,NATURALLY_GLUTEN_FREE,NATURALLY_LACTOSE_FREE,PORK_FREE,SUITABLE_FOR_COELIACS,SUITABLE_FOR_LACTOSE_INTOLERANCE,VEGAN,VEGETARIAN"
FV4006A - Pork tenderloin in sun dried tomato sauce [BNL],"FA-DE Pork, Tenderloin /Schweinefleisch, Filet",PTN-00-139310-3,PTN,170,grams,REC-014085-4-001,"SUITABLE_FOR_COELIACS,SUITABLE_FOR_LACTOSE_INTOLERANCE"
FV4006A - Pork tenderloin in sun dried tomato sauce [BNL],"FA-DE Spice, Black Pepper, Ground /Gewürz, schwarzer Pfeffer, gemahlen",SPI-00-139334-5,SPI,0.52,grams,REC-014085-4-001,"NATURALLY_GLUTEN_FREE,NATURALLY_LACTOSE_FREE,SUITABLE_FOR_COELIACS,SUITABLE_FOR_LACTOSE_INTOLERANCE,VEGAN,VEGETARIAN"
FV4006A - Pork tenderloin in sun dried tomato sauce [BNL],"FA-DE Spice, Garlic Granulated /Gewürz, Knoblauch granuliert",SPI-00-139353-5,SPI,0.24,grams,REC-014085-4-001,"FISH_FREE,NATURALLY_LACTOSE_FREE,PORK_FREE,SUITABLE_FOR_COELIACS,SUITABLE_FOR_LACTOSE_INTOLERANCE,VEGAN,VEGETARIAN"
FV4006A - Pork tenderloin in sun dried tomato sauce [BNL],"FA-DE Spice, Garlic Powder, Toasted /Gewürz, Knoblauchpulver, geröstet",SPI-00-139354-5,SPI,0.16,grams,REC-014085-4-001,"FISH_FREE,NATURALLY_GLUTEN_FREE,NATURALLY_LACTOSE_FREE,PORK_FREE,SUITABLE_FOR_COELIACS,SUITABLE_FOR_LACTOSE_INTOLERANCE,VEGAN,VEGETARIAN"
FV4006A - Pork tenderloin in sun dried tomato sauce [BNL],"FA-DE Spice, Onion Granulated /Gewürze, Zwiebeln granuliert",SPI-00-139370-5,SPI,0.12,grams,REC-014085-4-001,"NATURALLY_GLUTEN_FREE,NATURALLY_LACTOSE_FREE,SUITABLE_FOR_COELIACS,SUITABLE_FOR_LACTOSE_INTOLERANCE,VEGAN,VEGETARIAN"
FV4006A - Pork tenderloin in sun dried tomato sauce [BNL],"FA-DE Spice, Oregano Dry /Gewürz, Oregano trocken",SPI-00-139372-5,SPI,0.03,grams,REC-014085-4-001,"FISH_FREE,NATURALLY_GLUTEN_FREE,NATURALLY_LACTOSE_FREE,PORK_FREE,SUITABLE_FOR_COELIACS,SUITABLE_FOR_LACTOSE_INTOLERANCE,VEGAN,VEGETARIAN"
FV4006A - Pork tenderloin in sun dried tomato sauce [BNL],"FA-DE Spice, Parsley Dried /Gewürze, getrocknete Petersilie",SPI-00-139374-5,SPI,0.13,grams,REC-014085-4-001,"FISH_FREE,NATURALLY_GLUTEN_FREE,NATURALLY_LACTOSE_FREE,PORK_FREE,SUITABLE_FOR_COELIACS,SUITABLE_FOR_LACTOSE_INTOLERANCE,VEGAN,VEGETARIAN"
FV4006A - Pork tenderloin in sun dried tomato sauce [BNL],"FA-DE Spice, Sage, Rubbed /Gewürz, Salbei, gerieben",SPI-00-139377-5,SPI,0.28,grams,REC-014085-4-001,"VEGAN,VEGETARIAN"
FV4006A - Pork tenderloin in sun dried tomato sauce [BNL],"FA-DE Spice, Sea Salt /Gewürze, Meersalz",SPI-00-139378-5,SPI,2.76,grams,REC-014085-4-001,"NATURALLY_GLUTEN_FREE,NATURALLY_LACTOSE_FREE,SUITABLE_FOR_COELIACS,SUITABLE_FOR_LACTOSE_INTOLERANCE,VEGAN,VEGETARIAN"
FV4006A - Pork tenderloin in sun dried tomato sauce [BNL],"FA-DE Spice, Thyme Dry /Gewürz, Thymian trocken",SPI-00-139385-5,SPI,0.28,grams,REC-014085-4-001,"FISH_FREE,NATURALLY_GLUTEN_FREE,NATURALLY_LACTOSE_FREE,PORK_FREE,SUITABLE_FOR_COELIACS,SUITABLE_FOR_LACTOSE_INTOLERANCE,VEGAN,VEGETARIAN"
FV4006A - Pork tenderloin in sun dried tomato sauce [BNL],"FA-DE Spinach, Fresh, Stem Off /Spinat, frisch, ohne Stiel",PHF-00-139225-3,PHF,4.16,grams,REC-014085-4-001,"FISH_FREE,NATURALLY_GLUTEN_FREE,NATURALLY_LACTOSE_FREE,PORK_FREE,SUITABLE_FOR_COELIACS,SUITABLE_FOR_LACTOSE_INTOLERANCE,VEGAN,VEGETARIAN"
FV4006A - Pork tenderloin in sun dried tomato sauce [BNL],"FA-DE Stock, Chicken, Reduced/Brühe, Huhn, Reduziert",PRO-00-139288-5,PRO,0.58,grams,REC-014085-4-001,
FV4006A - Pork tenderloin in sun dried tomato sauce [BNL],"FA-DE Tomatoes, Sun - Dried Julienned /Tomaten, sonnengetrocknete Julienne",PRO-00-139296-5,PRO,2.88,grams,REC-014085-4-001,"NATURALLY_GLUTEN_FREE,NATURALLY_LACTOSE_FREE,SUITABLE_FOR_COELIACS,SUITABLE_FOR_LACTOSE_INTOLERANCE,VEGAN,VEGETARIAN"
FV4006A - Pork tenderloin in sun dried tomato sauce [BNL],FA-DE Water / Wasser,OTH-00-144038-5,OTH,172.88,grams,REC-014085-4-001,
FV4006A - Pork tenderloin in sun dried tomato sauce [DE],"FA-DE Broccoli, Florets, /Brokkoli, Röschen",PHF-00-143425-3,PHF,56.75,grams,REC-014085-4-003,"VEGAN,VEGETARIAN"
FV4006A - Pork tenderloin in sun dried tomato sauce [DE],"FA-DE Butter, Unsalted /Butter, ungesalzen",DAI-00-139146-3,DAI,18.15,grams,REC-014085-4-003,VEGETARIAN
FV4006A - Pork tenderloin in sun dried tomato sauce [DE],"FA-DE Cauliflower, Florets /Blumenkohl, Röschen",PHF-00-143426-3,PHF,57.97,grams,REC-014085-4-003,"VEGAN,VEGETARIAN"
FV4006A - Pork tenderloin in sun dried tomato sauce [DE],"FA-DE Cauliflower, Riced, IQF /Blumenkohl, Reis, IQF",PHF-00-139233-1,PHF,75.65,grams,REC-014085-4-003,"FISH_FREE,NATURALLY_GLUTEN_FREE,NATURALLY_LACTOSE_FREE,PORK_FREE,SUITABLE_FOR_COELIACS,SUITABLE_FOR_LACTOSE_INTOLERANCE,VEGAN,VEGETARIAN"
FV4006A - Pork tenderloin in sun dried tomato sauce [DE],"FA-DE Cheese, Cream, 13% Fat (Milk) /Käse, Sahne, 13% Fett",DAI-00-139122-3,DAI,15.96,grams,REC-014085-4-003,
FV4006A - Pork tenderloin in sun dried tomato sauce [DE],"FA-DE Cheese, Parmesan, Grated /Käse, Parmesan, gerieben",DAI-00-139127-3,DAI,7.7,grams,REC-014085-4-003,
FV4006A - Pork tenderloin in sun dried tomato sauce [DE],"FA-DE Chives, Dried /Schnittlauch, getrocknet",SPI-00-139322-5,SPI,0.15,grams,REC-014085-4-003,"FISH_FREE,NATURALLY_GLUTEN_FREE,NATURALLY_LACTOSE_FREE,PORK_FREE,SUITABLE_FOR_COELIACS,SUITABLE_FOR_LACTOSE_INTOLERANCE,VEGAN,VEGETARIAN"
FV4006A - Pork tenderloin in sun dried tomato sauce [DE],FA-DE Dried Rosemary/Rosmarin getrocknet,SPI-00-143552-5,SPI,0.28,grams,REC-014085-4-003,"NATURALLY_GLUTEN_FREE,NATURALLY_LACTOSE_FREE,SUITABLE_FOR_COELIACS,SUITABLE_FOR_LACTOSE_INTOLERANCE,VEGAN,VEGETARIAN"
FV4006A - Pork tenderloin in sun dried tomato sauce [DE],"FA-DE Garlic, IQF, Diced 4 mm /Knoblauch, IQF, gewürfelt 4 mm",PHF-00-139237-1,PHF,1.18,grams,REC-014085-4-003,"FISH_FREE,NATURALLY_GLUTEN_FREE,NATURALLY_LACTOSE_FREE,PORK_FREE,SUITABLE_FOR_COELIACS,SUITABLE_FOR_LACTOSE_INTOLERANCE,VEGAN,VEGETARIAN"
FV4006A - Pork tenderloin in sun dried tomato sauce [DE],"FA-DE Garlic, Peeled, Whole Cloves [10kg] /Knoblauch, geschält, ganze Nelken [10kg]",PHF-00-139197-3,PHF,2.71,grams,REC-014085-4-003,"SUITABLE_FOR_COELIACS,SUITABLE_FOR_LACTOSE_INTOLERANCE,VEGAN,VEGETARIAN"
FV4006A - Pork tenderloin in sun dried tomato sauce [DE],FA-DE Heavy Cream 20% /Sahne 20%,DAI-00-139137-3,DAI,32.32,grams,REC-014085-4-003,"VEGAN,VEGETARIAN"
FV4006A - Pork tenderloin in sun dried tomato sauce [DE],"FA-DE Oil, Olive /Öl, Olivenöl",PRO-00-139277-5,PRO,22.95,grams,REC-014085-4-003,"VEGAN,VEGETARIAN"
FV4006A - Pork tenderloin in sun dried tomato sauce [DE],"FA-DE Onion, Spanish, Diced 5mm /Zwiebel, Spanisch, gewürfelt 5 mm",PHF-00-139212-3,PHF,5.2,grams,REC-014085-4-003,"FISH_FREE,NATURALLY_GLUTEN_FREE,NATURALLY_LACTOSE_FREE,PORK_FREE,SUITABLE_FOR_COELIACS,SUITABLE_FOR_LACTOSE_INTOLERANCE,VEGAN,VEGETARIAN"
FV4006A - Pork tenderloin in sun dried tomato sauce [DE],"FA-DE Pork, Tenderloin /Schweinefleisch, Filet",PTN-00-139310-3,PTN,170,grams,REC-014085-4-003,"SUITABLE_FOR_COELIACS,SUITABLE_FOR_LACTOSE_INTOLERANCE"
FV4006A - Pork tenderloin in sun dried tomato sauce [DE],"FA-DE Spice, Black Pepper, Ground /Gewürz, schwarzer Pfeffer, gemahlen",SPI-00-139334-5,SPI,0.52,grams,REC-014085-4-003,"NATURALLY_GLUTEN_FREE,NATURALLY_LACTOSE_FREE,SUITABLE_FOR_COELIACS,SUITABLE_FOR_LACTOSE_INTOLERANCE,VEGAN,VEGETARIAN"
FV4006A - Pork tenderloin in sun dried tomato sauce [DE],"FA-DE Spice, Garlic Granulated /Gewürz, Knoblauch granuliert",SPI-00-139353-5,SPI,0.24,grams,REC-014085-4-003,"FISH_FREE,NATURALLY_LACTOSE_FREE,PORK_FREE,SUITABLE_FOR_COELIACS,SUITABLE_FOR_LACTOSE_INTOLERANCE,VEGAN,VEGETARIAN"
FV4006A - Pork tenderloin in sun dried tomato sauce [DE],"FA-DE Spice, Garlic Powder, Toasted /Gewürz, Knoblauchpulver, geröstet",SPI-00-139354-5,SPI,0.16,grams,REC-014085-4-003,"FISH_FREE,NATURALLY_GLUTEN_FREE,NATURALLY_LACTOSE_FREE,PORK_FREE,SUITABLE_FOR_COELIACS,SUITABLE_FOR_LACTOSE_INTOLERANCE,VEGAN,VEGETARIAN"
FV4006A - Pork tenderloin in sun dried tomato sauce [DE],"FA-DE Spice, Onion Granulated /Gewürze, Zwiebeln granuliert",SPI-00-139370-5,SPI,0.12,grams,REC-014085-4-003,"NATURALLY_GLUTEN_FREE,NATURALLY_LACTOSE_FREE,SUITABLE_FOR_COELIACS,SUITABLE_FOR_LACTOSE_INTOLERANCE,VEGAN,VEGETARIAN"
FV4006A - Pork tenderloin in sun dried tomato sauce [DE],"FA-DE Spice, Oregano Dry /Gewürz, Oregano trocken",SPI-00-139372-5,SPI,0.03,grams,REC-014085-4-003,"FISH_FREE,NATURALLY_GLUTEN_FREE,NATURALLY_LACTOSE_FREE,PORK_FREE,SUITABLE_FOR_COELIACS,SUITABLE_FOR_LACTOSE_INTOLERANCE,VEGAN,VEGETARIAN"
FV4006A - Pork tenderloin in sun dried tomato sauce [DE],"FA-DE Spice, Parsley Dried /Gewürze, getrocknete Petersilie",SPI-00-139374-5,SPI,0.13,grams,REC-014085-4-003,"FISH_FREE,NATURALLY_GLUTEN_FREE,NATURALLY_LACTOSE_FREE,PORK_FREE,SUITABLE_FOR_COELIACS,SUITABLE_FOR_LACTOSE_INTOLERANCE,VEGAN,VEGETARIAN"
FV4006A - Pork tenderloin in sun dried tomato sauce [DE],"FA-DE Spice, Sage, Rubbed /Gewürz, Salbei, gerieben",SPI-00-139377-5,SPI,0.28,grams,REC-014085-4-003,"VEGAN,VEGETARIAN"
FV4006A - Pork tenderloin in sun dried tomato sauce [DE],"FA-DE Spice, Sea Salt /Gewürze, Meersalz",SPI-00-139378-5,SPI,2.76,grams,REC-014085-4-003,"NATURALLY_GLUTEN_FREE,NATURALLY_LACTOSE_FREE,SUITABLE_FOR_COELIACS,SUITABLE_FOR_LACTOSE_INTOLERANCE,VEGAN,VEGETARIAN"
FV4006A - Pork tenderloin in sun dried tomato sauce [DE],"FA-DE Spice, Thyme Dry /Gewürz, Thymian trocken",SPI-00-139385-5,SPI,0.28,grams,REC-014085-4-003,"FISH_FREE,NATURALLY_GLUTEN_FREE,NATURALLY_LACTOSE_FREE,PORK_FREE,SUITABLE_FOR_COELIACS,SUITABLE_FOR_LACTOSE_INTOLERANCE,VEGAN,VEGETARIAN"
FV4006A - Pork tenderloin in sun dried tomato sauce [DE],"FA-DE Spinach, Fresh, Stem Off /Spinat, frisch, ohne Stiel",PHF-00-139225-3,PHF,4.16,grams,REC-014085-4-003,"FISH_FREE,NATURALLY_GLUTEN_FREE,NATURALLY_LACTOSE_FREE,PORK_FREE,SUITABLE_FOR_COELIACS,SUITABLE_FOR_LACTOSE_INTOLERANCE,VEGAN,VEGETARIAN"
FV4006A - Pork tenderloin in sun dried tomato sauce [DE],"FA-DE Stock, Chicken, Reduced/Brühe, Huhn, Reduziert",PRO-00-139288-5,PRO,0.58,grams,REC-014085-4-003,
FV4006A - Pork tenderloin in sun dried tomato sauce [DE],"FA-DE Tomatoes, Sun - Dried Julienned /Tomaten, sonnengetrocknete Julienne",PRO-00-139296-5,PRO,2.88,grams,REC-014085-4-003,"NATURALLY_GLUTEN_FREE,NATURALLY_LACTOSE_FREE,SUITABLE_FOR_COELIACS,SUITABLE_FOR_LACTOSE_INTOLERANCE,VEGAN,VEGETARIAN"
FV4006A - Pork tenderloin in sun dried tomato sauce [DE],FA-DE Water / Wasser,OTH-00-144038-5,OTH,172.88,grams,REC-014085-4-003,
FV4006A - Pork tenderloin in sun dried tomato sauce [DKSE],"FA-DE Broccoli, Florets, /Brokkoli, Röschen",PHF-00-143425-3,PHF,56.75,grams,REC-014085-4-002,"VEGAN,VEGETARIAN"
FV4006A - Pork tenderloin in sun dried tomato sauce [DKSE],"FA-DE Butter, Unsalted /Butter, ungesalzen",DAI-00-139146-3,DAI,18.15,grams,REC-014085-4-002,VEGETARIAN
FV4006A - Pork tenderloin in sun dried tomato sauce [DKSE],"FA-DE Cauliflower, Florets /Blumenkohl, Röschen",PHF-00-143426-3,PHF,57.97,grams,REC-014085-4-002,"VEGAN,VEGETARIAN"
FV4006A - Pork tenderloin in sun dried tomato sauce [DKSE],"FA-DE Cauliflower, Riced, IQF /Blumenkohl, Reis, IQF",PHF-00-139233-1,PHF,75.65,grams,REC-014085-4-002,"FISH_FREE,NATURALLY_GLUTEN_FREE,NATURALLY_LACTOSE_FREE,PORK_FREE,SUITABLE_FOR_COELIACS,SUITABLE_FOR_LACTOSE_INTOLERANCE,VEGAN,VEGETARIAN"
FV4006A - Pork tenderloin in sun dried tomato sauce [DKSE],"FA-DE Cheese, Cream, 13% Fat (Milk) /Käse, Sahne, 13% Fett",DAI-00-139122-3,DAI,15.96,grams,REC-014085-4-002,
FV4006A - Pork tenderloin in sun dried tomato sauce [DKSE],"FA-DE Cheese, Parmesan, Grated /Käse, Parmesan, gerieben",DAI-00-139127-3,DAI,7.7,grams,REC-014085-4-002,
FV4006A - Pork tenderloin in sun dried tomato sauce [DKSE],"FA-DE Chives, Dried /Schnittlauch, getrocknet",SPI-00-139322-5,SPI,0.15,grams,REC-014085-4-002,"FISH_FREE,NATURALLY_GLUTEN_FREE,NATURALLY_LACTOSE_FREE,PORK_FREE,SUITABLE_FOR_COELIACS,SUITABLE_FOR_LACTOSE_INTOLERANCE,VEGAN,VEGETARIAN"
FV4006A - Pork tenderloin in sun dried tomato sauce [DKSE],FA-DE Dried Rosemary/Rosmarin getrocknet,SPI-00-143552-5,SPI,0.28,grams,REC-014085-4-002,"NATURALLY_GLUTEN_FREE,NATURALLY_LACTOSE_FREE,SUITABLE_FOR_COELIACS,SUITABLE_FOR_LACTOSE_INTOLERANCE,VEGAN,VEGETARIAN"
FV4006A - Pork tenderloin in sun dried tomato sauce [DKSE],"FA-DE Garlic, IQF, Diced 4 mm /Knoblauch, IQF, gewürfelt 4 mm",PHF-00-139237-1,PHF,1.18,grams,REC-014085-4-002,"FISH_FREE,NATURALLY_GLUTEN_FREE,NATURALLY_LACTOSE_FREE,PORK_FREE,SUITABLE_FOR_COELIACS,SUITABLE_FOR_LACTOSE_INTOLERANCE,VEGAN,VEGETARIAN"
FV4006A - Pork tenderloin in sun dried tomato sauce [DKSE],"FA-DE Garlic, Peeled, Whole Cloves [10kg] /Knoblauch, geschält, ganze Nelken [10kg]",PHF-00-139197-3,PHF,2.71,grams,REC-014085-4-002,"SUITABLE_FOR_COELIACS,SUITABLE_FOR_LACTOSE_INTOLERANCE,VEGAN,VEGETARIAN"
FV4006A - Pork tenderloin in sun dried tomato sauce [DKSE],FA-DE Heavy Cream 20% /Sahne 20%,DAI-00-139137-3,DAI,32.32,grams,REC-014085-4-002,"VEGAN,VEGETARIAN"
FV4006A - Pork tenderloin in sun dried tomato sauce [DKSE],"FA-DE Oil, Olive /Öl, Olivenöl",PRO-00-139277-5,PRO,22.95,grams,REC-014085-4-002,"VEGAN,VEGETARIAN"
FV4006A - Pork tenderloin in sun dried tomato sauce [DKSE],"FA-DE Onion, Spanish, Diced 5mm /Zwiebel, Spanisch, gewürfelt 5 mm",PHF-00-139212-3,PHF,5.2,grams,REC-014085-4-002,"FISH_FREE,NATURALLY_GLUTEN_FREE,NATURALLY_LACTOSE_FREE,PORK_FREE,SUITABLE_FOR_COELIACS,SUITABLE_FOR_LACTOSE_INTOLERANCE,VEGAN,VEGETARIAN"
FV4006A - Pork tenderloin in sun dried tomato sauce [DKSE],"FA-DE Pork, Tenderloin /Schweinefleisch, Filet",PTN-00-139310-3,PTN,170,grams,REC-014085-4-002,"SUITABLE_FOR_COELIACS,SUITABLE_FOR_LACTOSE_INTOLERANCE"
FV4006A - Pork tenderloin in sun dried tomato sauce [DKSE],"FA-DE Spice, Black Pepper, Ground /Gewürz, schwarzer Pfeffer, gemahlen",SPI-00-139334-5,SPI,0.52,grams,REC-014085-4-002,"NATURALLY_GLUTEN_FREE,NATURALLY_LACTOSE_FREE,SUITABLE_FOR_COELIACS,SUITABLE_FOR_LACTOSE_INTOLERANCE,VEGAN,VEGETARIAN"
FV4006A - Pork tenderloin in sun dried tomato sauce [DKSE],"FA-DE Spice, Garlic Granulated /Gewürz, Knoblauch granuliert",SPI-00-139353-5,SPI,0.24,grams,REC-014085-4-002,"FISH_FREE,NATURALLY_LACTOSE_FREE,PORK_FREE,SUITABLE_FOR_COELIACS,SUITABLE_FOR_LACTOSE_INTOLERANCE,VEGAN,VEGETARIAN"
FV4006A - Pork tenderloin in sun dried tomato sauce [DKSE],"FA-DE Spice, Garlic Powder, Toasted /Gewürz, Knoblauchpulver, geröstet",SPI-00-139354-5,SPI,0.16,grams,REC-014085-4-002,"FISH_FREE,NATURALLY_GLUTEN_FREE,NATURALLY_LACTOSE_FREE,PORK_FREE,SUITABLE_FOR_COELIACS,SUITABLE_FOR_LACTOSE_INTOLERANCE,VEGAN,VEGETARIAN"
FV4006A - Pork tenderloin in sun dried tomato sauce [DKSE],"FA-DE Spice, Onion Granulated /Gewürze, Zwiebeln granuliert",SPI-00-139370-5,SPI,0.12,grams,REC-014085-4-002,"NATURALLY_GLUTEN_FREE,NATURALLY_LACTOSE_FREE,SUITABLE_FOR_COELIACS,SUITABLE_FOR_LACTOSE_INTOLERANCE,VEGAN,VEGETARIAN"
FV4006A - Pork tenderloin in sun dried tomato sauce [DKSE],"FA-DE Spice, Oregano Dry /Gewürz, Oregano trocken",SPI-00-139372-5,SPI,0.03,grams,REC-014085-4-002,"FISH_FREE,NATURALLY_GLUTEN_FREE,NATURALLY_LACTOSE_FREE,PORK_FREE,SUITABLE_FOR_COELIACS,SUITABLE_FOR_LACTOSE_INTOLERANCE,VEGAN,VEGETARIAN"
FV4006A - Pork tenderloin in sun dried tomato sauce [DKSE],"FA-DE Spice, Parsley Dried /Gewürze, getrocknete Petersilie",SPI-00-139374-5,SPI,0.13,grams,REC-014085-4-002,"FISH_FREE,NATURALLY_GLUTEN_FREE,NATURALLY_LACTOSE_FREE,PORK_FREE,SUITABLE_FOR_COELIACS,SUITABLE_FOR_LACTOSE_INTOLERANCE,VEGAN,VEGETARIAN"
FV4006A - Pork tenderloin in sun dried tomato sauce [DKSE],"FA-DE Spice, Sage, Rubbed /Gewürz, Salbei, gerieben",SPI-00-139377-5,SPI,0.28,grams,REC-014085-4-002,"VEGAN,VEGETARIAN"
FV4006A - Pork tenderloin in sun dried tomato sauce [DKSE],"FA-DE Spice, Sea Salt /Gewürze, Meersalz",SPI-00-139378-5,SPI,2.76,grams,REC-014085-4-002,"NATURALLY_GLUTEN_FREE,NATURALLY_LACTOSE_FREE,SUITABLE_FOR_COELIACS,SUITABLE_FOR_LACTOSE_INTOLERANCE,VEGAN,VEGETARIAN"
FV4006A - Pork tenderloin in sun dried tomato sauce [DKSE],"FA-DE Spice, Thyme Dry /Gewürz, Thymian trocken",SPI-00-139385-5,SPI,0.28,grams,REC-014085-4-002,"FISH_FREE,NATURALLY_GLUTEN_FREE,NATURALLY_LACTOSE_FREE,PORK_FREE,SUITABLE_FOR_COELIACS,SUITABLE_FOR_LACTOSE_INTOLERANCE,VEGAN,VEGETARIAN"
FV4006A - Pork tenderloin in sun dried tomato sauce [DKSE],"FA-DE Spinach, Fresh, Stem Off /Spinat, frisch, ohne Stiel",PHF-00-139225-3,PHF,4.16,grams,REC-014085-4-002,"FISH_FREE,NATURALLY_GLUTEN_FREE,NATURALLY_LACTOSE_FREE,PORK_FREE,SUITABLE_FOR_COELIACS,SUITABLE_FOR_LACTOSE_INTOLERANCE,VEGAN,VEGETARIAN"
FV4006A - Pork tenderloin in sun dried tomato sauce [DKSE],"FA-DE Stock, Chicken, Reduced/Brühe, Huhn, Reduziert",PRO-00-139288-5,PRO,0.58,grams,REC-014085-4-002,
FV4006A - Pork tenderloin in sun dried tomato sauce [DKSE],"FA-DE Tomatoes, Sun - Dried Julienned /Tomaten, sonnengetrocknete Julienne",PRO-00-139296-5,PRO,2.88,grams,REC-014085-4-002,"NATURALLY_GLUTEN_FREE,NATURALLY_LACTOSE_FREE,SUITABLE_FOR_COELIACS,SUITABLE_FOR_LACTOSE_INTOLERANCE,VEGAN,VEGETARIAN"
FV4006A - Pork tenderloin in sun dried tomato sauce [DKSE],FA-DE Water / Wasser,OTH-00-144038-5,OTH,172.88,grams,REC-014085-4-002,
FV4009A - Salmon with a mustard dill sauce [BNL],"FA-DE Butter, Unsalted /Butter, ungesalzen",DAI-00-139146-3,DAI,5.77,grams,REC-013579-4-003,VEGETARIAN
FV4009A - Salmon with a mustard dill sauce [BNL],"FA-DE Carrots, Coin Cut 5mm /Karotten, Münzschnitt 5 mm",PHF-00-139185-3,PHF,68.05,grams,REC-013579-4-003,"FISH_FREE,PORK_FREE,VEGAN,VEGETARIAN"
FV4009A - Salmon with a mustard dill sauce [BNL],"FA-DE Cheese, Parmesan, Grated /Käse, Parmesan, gerieben",DAI-00-139127-3,DAI,1.43,grams,REC-013579-4-003,
FV4009A - Salmon with a mustard dill sauce [BNL],"FA-DE Chives, Dried /Schnittlauch, getrocknet",SPI-00-139322-5,SPI,0.04,grams,REC-013579-4-003,"FISH_FREE,NATURALLY_GLUTEN_FREE,NATURALLY_LACTOSE_FREE,PORK_FREE,SUITABLE_FOR_COELIACS,SUITABLE_FOR_LACTOSE_INTOLERANCE,VEGAN,VEGETARIAN"
FV4009A - Salmon with a mustard dill sauce [BNL],"FA-DE Dill, Fresh/Dill, frisch",PHF-00-139200-3,PHF,0.51,grams,REC-013579-4-003,"FISH_FREE,NATURALLY_LACTOSE_FREE,PORK_FREE,SUITABLE_FOR_LACTOSE_INTOLERANCE,VEGAN,VEGETARIAN"
FV4009A - Salmon with a mustard dill sauce [BNL],"FA-DE Garlic, IQF, Diced 4 mm /Knoblauch, IQF, gewürfelt 4 mm",PHF-00-139237-1,PHF,1.84,grams,REC-013579-4-003,"FISH_FREE,NATURALLY_GLUTEN_FREE,NATURALLY_LACTOSE_FREE,PORK_FREE,SUITABLE_FOR_COELIACS,SUITABLE_FOR_LACTOSE_INTOLERANCE,VEGAN,VEGETARIAN"
FV4009A - Salmon with a mustard dill sauce [BNL],"FA-DE Garlic, Peeled, Whole Cloves [10kg] /Knoblauch, geschält, ganze Nelken [10kg]",PHF-00-139197-3,PHF,3.22,grams,REC-013579-4-003,"SUITABLE_FOR_COELIACS,SUITABLE_FOR_LACTOSE_INTOLERANCE,VEGAN,VEGETARIAN"
FV4009A - Salmon with a mustard dill sauce [BNL],"FA-DE Green Beans, Fresh and Trimmed/Grüne Bohnen, frisch und geschnitten",PHF-00-139198-3,PHF,77.03,grams,REC-013579-4-003,"FISH_FREE,PORK_FREE,VEGAN,VEGETARIAN"
FV4009A - Salmon with a mustard dill sauce [BNL],FA-DE Heavy Cream 20% /Sahne 20%,DAI-00-139137-3,DAI,28.57,grams,REC-013579-4-003,"VEGAN,VEGETARIAN"
FV4009A - Salmon with a mustard dill sauce [BNL],FA-DE Honey /Honig – Masse,PRO-00-139266-5,PRO,4.25,grams,REC-013579-4-003,"SUITABLE_FOR_LACTOSE_INTOLERANCE,VEGAN,VEGETARIAN"
FV4009A - Salmon with a mustard dill sauce [BNL],"FA-DE Milk, Whole /Milch, voll",DAI-00-139142-3,DAI,8.52,grams,REC-013579-4-003,
FV4009A - Salmon with a mustard dill sauce [BNL],"FA-DE Mustard, Dijon /Senf, Dijon",PRO-00-139276-5,PRO,5.86,grams,REC-013579-4-003,VEGETARIAN
FV4009A - Salmon with a mustard dill sauce [BNL],"FA-DE Oil, Olive /Öl, Olivenöl",PRO-00-139277-5,PRO,14.14,grams,REC-013579-4-003,"VEGAN,VEGETARIAN"
FV4009A - Salmon with a mustard dill sauce [BNL],"FA-DE Onion, Spanish, Diced 5mm /Zwiebel, Spanisch, gewürfelt 5 mm",PHF-00-139212-3,PHF,2.55,grams,REC-013579-4-003,"FISH_FREE,NATURALLY_GLUTEN_FREE,NATURALLY_LACTOSE_FREE,PORK_FREE,SUITABLE_FOR_COELIACS,SUITABLE_FOR_LACTOSE_INTOLERANCE,VEGAN,VEGETARIAN"
FV4009A - Salmon with a mustard dill sauce [BNL],"FA-DE Potatoes, Diced 10mm /Kartoffeln, gewürfelt, 10 mm",PHF-00-139219-3,PHF,115.52,grams,REC-013579-4-003,"VEGAN,VEGETARIAN"
FV4009A - Salmon with a mustard dill sauce [BNL],"FA-DE Salmon, Skinless, Boneless, Filet/Lachs, ohne Haut, ohne Knochen, Filet - IQF",PTN-00-139968-1,PTN,140,grams,REC-013579-4-003,
FV4009A - Salmon with a mustard dill sauce [BNL],"FA-DE Spice, Black Pepper, Ground /Gewürz, schwarzer Pfeffer, gemahlen",SPI-00-139334-5,SPI,0.31,grams,REC-013579-4-003,"NATURALLY_GLUTEN_FREE,NATURALLY_LACTOSE_FREE,SUITABLE_FOR_COELIACS,SUITABLE_FOR_LACTOSE_INTOLERANCE,VEGAN,VEGETARIAN"
FV4009A - Salmon with a mustard dill sauce [BNL],"FA-DE Spice, Garlic Granulated /Gewürz, Knoblauch granuliert",SPI-00-139353-5,SPI,0.89,grams,REC-013579-4-003,"FISH_FREE,NATURALLY_LACTOSE_FREE,PORK_FREE,SUITABLE_FOR_COELIACS,SUITABLE_FOR_LACTOSE_INTOLERANCE,VEGAN,VEGETARIAN"
FV4009A - Salmon with a mustard dill sauce [BNL],"FA-DE Spice, Mustard Seed Ground, Dry /Gewürz, Senfkörner gemahlen, Trockenmasse",SPI-00-139369-5,SPI,0.88,grams,REC-013579-4-003,"FISH_FREE,NATURALLY_GLUTEN_FREE,NATURALLY_LACTOSE_FREE,PORK_FREE,SUITABLE_FOR_COELIACS,SUITABLE_FOR_LACTOSE_INTOLERANCE,VEGAN,VEGETARIAN"
FV4009A - Salmon with a mustard dill sauce [BNL],"FA-DE Spice, Onion Granulated /Gewürze, Zwiebeln granuliert",SPI-00-139370-5,SPI,0.15,grams,REC-013579-4-003,"NATURALLY_GLUTEN_FREE,NATURALLY_LACTOSE_FREE,SUITABLE_FOR_COELIACS,SUITABLE_FOR_LACTOSE_INTOLERANCE,VEGAN,VEGETARIAN"
FV4009A - Salmon with a mustard dill sauce [BNL],"FA-DE Spice, Parsley Dried /Gewürze, getrocknete Petersilie",SPI-00-139374-5,SPI,0.09,grams,REC-013579-4-003,"FISH_FREE,NATURALLY_GLUTEN_FREE,NATURALLY_LACTOSE_FREE,PORK_FREE,SUITABLE_FOR_COELIACS,SUITABLE_FOR_LACTOSE_INTOLERANCE,VEGAN,VEGETARIAN"
FV4009A - Salmon with a mustard dill sauce [BNL],"FA-DE Spice, Sea Salt /Gewürze, Meersalz",SPI-00-139378-5,SPI,1.78,grams,REC-013579-4-003,"NATURALLY_GLUTEN_FREE,NATURALLY_LACTOSE_FREE,SUITABLE_FOR_COELIACS,SUITABLE_FOR_LACTOSE_INTOLERANCE,VEGAN,VEGETARIAN"
FV4009A - Salmon with a mustard dill sauce [BNL],"FA-DE Spinach, Frozen Leaf/Spinat, gefrorener Blattspinat",PHF-00-139242-1,PHF,28.48,grams,REC-013579-4-003,"SUITABLE_FOR_COELIACS,SUITABLE_FOR_LACTOSE_INTOLERANCE,VEGAN,VEGETARIAN"
FV4009A - Salmon with a mustard dill sauce [BNL],"FA-DE Stock, Chicken, Reduced/Brühe, Huhn, Reduziert",PRO-00-139288-5,PRO,1.14,grams,REC-013579-4-003,
FV4009A - Salmon with a mustard dill sauce [BNL],"FA-DE Vinegar, White Wine /Essig, Weißwein",PRO-00-139303-5,PRO,0.29,grams,REC-013579-4-003,"FISH_FREE,NATURALLY_GLUTEN_FREE,NATURALLY_LACTOSE_FREE,PORK_FREE,SUITABLE_FOR_COELIACS,SUITABLE_FOR_LACTOSE_INTOLERANCE,VEGAN,VEGETARIAN"
FV4009A - Salmon with a mustard dill sauce [DE],"FA-DE Butter, Unsalted /Butter, ungesalzen",DAI-00-139146-3,DAI,5.77,grams,REC-013579-4-001,VEGETARIAN
FV4009A - Salmon with a mustard dill sauce [DE],"FA-DE Carrots, Coin Cut 5mm /Karotten, Münzschnitt 5 mm",PHF-00-139185-3,PHF,68.05,grams,REC-013579-4-001,"FISH_FREE,PORK_FREE,VEGAN,VEGETARIAN"
FV4009A - Salmon with a mustard dill sauce [DE],"FA-DE Cheese, Parmesan, Grated /Käse, Parmesan, gerieben",DAI-00-139127-3,DAI,1.43,grams,REC-013579-4-001,
FV4009A - Salmon with a mustard dill sauce [DE],"FA-DE Chives, Dried /Schnittlauch, getrocknet",SPI-00-139322-5,SPI,0.04,grams,REC-013579-4-001,"FISH_FREE,NATURALLY_GLUTEN_FREE,NATURALLY_LACTOSE_FREE,PORK_FREE,SUITABLE_FOR_COELIACS,SUITABLE_FOR_LACTOSE_INTOLERANCE,VEGAN,VEGETARIAN"
FV4009A - Salmon with a mustard dill sauce [DE],"FA-DE Dill, Fresh/Dill, frisch",PHF-00-139200-3,PHF,0.51,grams,REC-013579-4-001,"FISH_FREE,NATURALLY_LACTOSE_FREE,PORK_FREE,SUITABLE_FOR_LACTOSE_INTOLERANCE,VEGAN,VEGETARIAN"
FV4009A - Salmon with a mustard dill sauce [DE],"FA-DE Garlic, IQF, Diced 4 mm /Knoblauch, IQF, gewürfelt 4 mm",PHF-00-139237-1,PHF,1.84,grams,REC-013579-4-001,"FISH_FREE,NATURALLY_GLUTEN_FREE,NATURALLY_LACTOSE_FREE,PORK_FREE,SUITABLE_FOR_COELIACS,SUITABLE_FOR_LACTOSE_INTOLERANCE,VEGAN,VEGETARIAN"
FV4009A - Salmon with a mustard dill sauce [DE],"FA-DE Garlic, Peeled, Whole Cloves [10kg] /Knoblauch, geschält, ganze Nelken [10kg]",PHF-00-139197-3,PHF,3.22,grams,REC-013579-4-001,"SUITABLE_FOR_COELIACS,SUITABLE_FOR_LACTOSE_INTOLERANCE,VEGAN,VEGETARIAN"
FV4009A - Salmon with a mustard dill sauce [DE],"FA-DE Green Beans, Fresh and Trimmed/Grüne Bohnen, frisch und geschnitten",PHF-00-139198-3,PHF,77.03,grams,REC-013579-4-001,"FISH_FREE,PORK_FREE,VEGAN,VEGETARIAN"
FV4009A - Salmon with a mustard dill sauce [DE],FA-DE Heavy Cream 20% /Sahne 20%,DAI-00-139137-3,DAI,28.57,grams,REC-013579-4-001,"VEGAN,VEGETARIAN"
FV4009A - Salmon with a mustard dill sauce [DE],FA-DE Honey /Honig – Masse,PRO-00-139266-5,PRO,4.25,grams,REC-013579-4-001,"SUITABLE_FOR_LACTOSE_INTOLERANCE,VEGAN,VEGETARIAN"
FV4009A - Salmon with a mustard dill sauce [DE],"FA-DE Milk, Whole /Milch, voll",DAI-00-139142-3,DAI,8.52,grams,REC-013579-4-001,
FV4009A - Salmon with a mustard dill sauce [DE],"FA-DE Mustard, Dijon /Senf, Dijon",PRO-00-139276-5,PRO,5.86,grams,REC-013579-4-001,VEGETARIAN
FV4009A - Salmon with a mustard dill sauce [DE],"FA-DE Oil, Olive /Öl, Olivenöl",PRO-00-139277-5,PRO,14.14,grams,REC-013579-4-001,"VEGAN,VEGETARIAN"
FV4009A - Salmon with a mustard dill sauce [DE],"FA-DE Onion, Spanish, Diced 5mm /Zwiebel, Spanisch, gewürfelt 5 mm",PHF-00-139212-3,PHF,2.55,grams,REC-013579-4-001,"FISH_FREE,NATURALLY_GLUTEN_FREE,NATURALLY_LACTOSE_FREE,PORK_FREE,SUITABLE_FOR_COELIACS,SUITABLE_FOR_LACTOSE_INTOLERANCE,VEGAN,VEGETARIAN"
FV4009A - Salmon with a mustard dill sauce [DE],"FA-DE Potatoes, Diced 10mm /Kartoffeln, gewürfelt, 10 mm",PHF-00-139219-3,PHF,115.52,grams,REC-013579-4-001,"VEGAN,VEGETARIAN"
FV4009A - Salmon with a mustard dill sauce [DE],"FA-DE Salmon, Skinless, Boneless, Filet/Lachs, ohne Haut, ohne Knochen, Filet - IQF",PTN-00-139968-1,PTN,140,grams,REC-013579-4-001,
FV4009A - Salmon with a mustard dill sauce [DE],"FA-DE Spice, Black Pepper, Ground /Gewürz, schwarzer Pfeffer, gemahlen",SPI-00-139334-5,SPI,0.31,grams,REC-013579-4-001,"NATURALLY_GLUTEN_FREE,NATURALLY_LACTOSE_FREE,SUITABLE_FOR_COELIACS,SUITABLE_FOR_LACTOSE_INTOLERANCE,VEGAN,VEGETARIAN"
FV4009A - Salmon with a mustard dill sauce [DE],"FA-DE Spice, Garlic Granulated /Gewürz, Knoblauch granuliert",SPI-00-139353-5,SPI,0.89,grams,REC-013579-4-001,"FISH_FREE,NATURALLY_LACTOSE_FREE,PORK_FREE,SUITABLE_FOR_COELIACS,SUITABLE_FOR_LACTOSE_INTOLERANCE,VEGAN,VEGETARIAN"
FV4009A - Salmon with a mustard dill sauce [DE],"FA-DE Spice, Mustard Seed Ground, Dry /Gewürz, Senfkörner gemahlen, Trockenmasse",SPI-00-139369-5,SPI,0.88,grams,REC-013579-4-001,"FISH_FREE,NATURALLY_GLUTEN_FREE,NATURALLY_LACTOSE_FREE,PORK_FREE,SUITABLE_FOR_COELIACS,SUITABLE_FOR_LACTOSE_INTOLERANCE,VEGAN,VEGETARIAN"
FV4009A - Salmon with a mustard dill sauce [DE],"FA-DE Spice, Onion Granulated /Gewürze, Zwiebeln granuliert",SPI-00-139370-5,SPI,0.15,grams,REC-013579-4-001,"NATURALLY_GLUTEN_FREE,NATURALLY_LACTOSE_FREE,SUITABLE_FOR_COELIACS,SUITABLE_FOR_LACTOSE_INTOLERANCE,VEGAN,VEGETARIAN"
FV4009A - Salmon with a mustard dill sauce [DE],"FA-DE Spice, Parsley Dried /Gewürze, getrocknete Petersilie",SPI-00-139374-5,SPI,0.09,grams,REC-013579-4-001,"FISH_FREE,NATURALLY_GLUTEN_FREE,NATURALLY_LACTOSE_FREE,PORK_FREE,SUITABLE_FOR_COELIACS,SUITABLE_FOR_LACTOSE_INTOLERANCE,VEGAN,VEGETARIAN"
FV4009A - Salmon with a mustard dill sauce [DE],"FA-DE Spice, Sea Salt /Gewürze, Meersalz",SPI-00-139378-5,SPI,1.78,grams,REC-013579-4-001,"NATURALLY_GLUTEN_FREE,NATURALLY_LACTOSE_FREE,SUITABLE_FOR_COELIACS,SUITABLE_FOR_LACTOSE_INTOLERANCE,VEGAN,VEGETARIAN"
FV4009A - Salmon with a mustard dill sauce [DE],"FA-DE Spinach, Frozen Leaf/Spinat, gefrorener Blattspinat",PHF-00-139242-1,PHF,28.48,grams,REC-013579-4-001,"SUITABLE_FOR_COELIACS,SUITABLE_FOR_LACTOSE_INTOLERANCE,VEGAN,VEGETARIAN"
FV4009A - Salmon with a mustard dill sauce [DE],"FA-DE Stock, Chicken, Reduced/Brühe, Huhn, Reduziert",PRO-00-139288-5,PRO,1.14,grams,REC-013579-4-001,
FV4009A - Salmon with a mustard dill sauce [DE],"FA-DE Vinegar, White Wine /Essig, Weißwein",PRO-00-139303-5,PRO,0.29,grams,REC-013579-4-001,"FISH_FREE,NATURALLY_GLUTEN_FREE,NATURALLY_LACTOSE_FREE,PORK_FREE,SUITABLE_FOR_COELIACS,SUITABLE_FOR_LACTOSE_INTOLERANCE,VEGAN,VEGETARIAN"
FV4009A - Salmon with a mustard dill sauce [DKSE],"FA-DE Butter, Unsalted /Butter, ungesalzen",DAI-00-139146-3,DAI,5.77,grams,REC-013579-4-002,VEGETARIAN
FV4009A - Salmon with a mustard dill sauce [DKSE],"FA-DE Carrots, Coin Cut 5mm /Karotten, Münzschnitt 5 mm",PHF-00-139185-3,PHF,68.05,grams,REC-013579-4-002,"FISH_FREE,PORK_FREE,VEGAN,VEGETARIAN"
FV4009A - Salmon with a mustard dill sauce [DKSE],"FA-DE Cheese, Parmesan, Grated /Käse, Parmesan, gerieben",DAI-00-139127-3,DAI,1.43,grams,REC-013579-4-002,
FV4009A - Salmon with a mustard dill sauce [DKSE],"FA-DE Chives, Dried /Schnittlauch, getrocknet",SPI-00-139322-5,SPI,0.04,grams,REC-013579-4-002,"FISH_FREE,NATURALLY_GLUTEN_FREE,NATURALLY_LACTOSE_FREE,PORK_FREE,SUITABLE_FOR_COELIACS,SUITABLE_FOR_LACTOSE_INTOLERANCE,VEGAN,VEGETARIAN"
FV4009A - Salmon with a mustard dill sauce [DKSE],"FA-DE Dill, Fresh/Dill, frisch",PHF-00-139200-3,PHF,0.51,grams,REC-013579-4-002,"FISH_FREE,NATURALLY_LACTOSE_FREE,PORK_FREE,SUITABLE_FOR_LACTOSE_INTOLERANCE,VEGAN,VEGETARIAN"
FV4009A - Salmon with a mustard dill sauce [DKSE],"FA-DE Garlic, IQF, Diced 4 mm /Knoblauch, IQF, gewürfelt 4 mm",PHF-00-139237-1,PHF,1.84,grams,REC-013579-4-002,"FISH_FREE,NATURALLY_GLUTEN_FREE,NATURALLY_LACTOSE_FREE,PORK_FREE,SUITABLE_FOR_COELIACS,SUITABLE_FOR_LACTOSE_INTOLERANCE,VEGAN,VEGETARIAN"
FV4009A - Salmon with a mustard dill sauce [DKSE],"FA-DE Garlic, Peeled, Whole Cloves [10kg] /Knoblauch, geschält, ganze Nelken [10kg]",PHF-00-139197-3,PHF,3.22,grams,REC-013579-4-002,"SUITABLE_FOR_COELIACS,SUITABLE_FOR_LACTOSE_INTOLERANCE,VEGAN,VEGETARIAN"
FV4009A - Salmon with a mustard dill sauce [DKSE],"FA-DE Green Beans, Fresh and Trimmed/Grüne Bohnen, frisch und geschnitten",PHF-00-139198-3,PHF,77.03,grams,REC-013579-4-002,"FISH_FREE,PORK_FREE,VEGAN,VEGETARIAN"
FV4009A - Salmon with a mustard dill sauce [DKSE],FA-DE Heavy Cream 20% /Sahne 20%,DAI-00-139137-3,DAI,28.57,grams,REC-013579-4-002,"VEGAN,VEGETARIAN"
FV4009A - Salmon with a mustard dill sauce [DKSE],FA-DE Honey /Honig – Masse,PRO-00-139266-5,PRO,4.25,grams,REC-013579-4-002,"SUITABLE_FOR_LACTOSE_INTOLERANCE,VEGAN,VEGETARIAN"
FV4009A - Salmon with a mustard dill sauce [DKSE],"FA-DE Milk, Whole /Milch, voll",DAI-00-139142-3,DAI,8.52,grams,REC-013579-4-002,
FV4009A - Salmon with a mustard dill sauce [DKSE],"FA-DE Mustard, Dijon /Senf, Dijon",PRO-00-139276-5,PRO,5.86,grams,REC-013579-4-002,VEGETARIAN
FV4009A - Salmon with a mustard dill sauce [DKSE],"FA-DE Oil, Olive /Öl, Olivenöl",PRO-00-139277-5,PRO,14.14,grams,REC-013579-4-002,"VEGAN,VEGETARIAN"
FV4009A - Salmon with a mustard dill sauce [DKSE],"FA-DE Onion, Spanish, Diced 5mm /Zwiebel, Spanisch, gewürfelt 5 mm",PHF-00-139212-3,PHF,2.55,grams,REC-013579-4-002,"FISH_FREE,NATURALLY_GLUTEN_FREE,NATURALLY_LACTOSE_FREE,PORK_FREE,SUITABLE_FOR_COELIACS,SUITABLE_FOR_LACTOSE_INTOLERANCE,VEGAN,VEGETARIAN"
FV4009A - Salmon with a mustard dill sauce [DKSE],"FA-DE Potatoes, Diced 10mm /Kartoffeln, gewürfelt, 10 mm",PHF-00-139219-3,PHF,115.52,grams,REC-013579-4-002,"VEGAN,VEGETARIAN"
FV4009A - Salmon with a mustard dill sauce [DKSE],"FA-DE Salmon, Skinless, Boneless, Filet/Lachs, ohne Haut, ohne Knochen, Filet - IQF",PTN-00-139968-1,PTN,140,grams,REC-013579-4-002,
FV4009A - Salmon with a mustard dill sauce [DKSE],"FA-DE Spice, Black Pepper, Ground /Gewürz, schwarzer Pfeffer, gemahlen",SPI-00-139334-5,SPI,0.31,grams,REC-013579-4-002,"NATURALLY_GLUTEN_FREE,NATURALLY_LACTOSE_FREE,SUITABLE_FOR_COELIACS,SUITABLE_FOR_LACTOSE_INTOLERANCE,VEGAN,VEGETARIAN"
FV4009A - Salmon with a mustard dill sauce [DKSE],"FA-DE Spice, Garlic Granulated /Gewürz, Knoblauch granuliert",SPI-00-139353-5,SPI,0.89,grams,REC-013579-4-002,"FISH_FREE,NATURALLY_LACTOSE_FREE,PORK_FREE,SUITABLE_FOR_COELIACS,SUITABLE_FOR_LACTOSE_INTOLERANCE,VEGAN,VEGETARIAN"
FV4009A - Salmon with a mustard dill sauce [DKSE],"FA-DE Spice, Mustard Seed Ground, Dry /Gewürz, Senfkörner gemahlen, Trockenmasse",SPI-00-139369-5,SPI,0.88,grams,REC-013579-4-002,"FISH_FREE,NATURALLY_GLUTEN_FREE,NATURALLY_LACTOSE_FREE,PORK_FREE,SUITABLE_FOR_COELIACS,SUITABLE_FOR_LACTOSE_INTOLERANCE,VEGAN,VEGETARIAN"
FV4009A - Salmon with a mustard dill sauce [DKSE],"FA-DE Spice, Onion Granulated /Gewürze, Zwiebeln granuliert",SPI-00-139370-5,SPI,0.15,grams,REC-013579-4-002,"NATURALLY_GLUTEN_FREE,NATURALLY_LACTOSE_FREE,SUITABLE_FOR_COELIACS,SUITABLE_FOR_LACTOSE_INTOLERANCE,VEGAN,VEGETARIAN"
FV4009A - Salmon with a mustard dill sauce [DKSE],"FA-DE Spice, Parsley Dried /Gewürze, getrocknete Petersilie",SPI-00-139374-5,SPI,0.09,grams,REC-013579-4-002,"FISH_FREE,NATURALLY_GLUTEN_FREE,NATURALLY_LACTOSE_FREE,PORK_FREE,SUITABLE_FOR_COELIACS,SUITABLE_FOR_LACTOSE_INTOLERANCE,VEGAN,VEGETARIAN"
FV4009A - Salmon with a mustard dill sauce [DKSE],"FA-DE Spice, Sea Salt /Gewürze, Meersalz",SPI-00-139378-5,SPI,1.78,grams,REC-013579-4-002,"NATURALLY_GLUTEN_FREE,NATURALLY_LACTOSE_FREE,SUITABLE_FOR_COELIACS,SUITABLE_FOR_LACTOSE_INTOLERANCE,VEGAN,VEGETARIAN"
FV4009A - Salmon with a mustard dill sauce [DKSE],"FA-DE Spinach, Frozen Leaf/Spinat, gefrorener Blattspinat",PHF-00-139242-1,PHF,28.48,grams,REC-013579-4-002,"SUITABLE_FOR_COELIACS,SUITABLE_FOR_LACTOSE_INTOLERANCE,VEGAN,VEGETARIAN"
FV4009A - Salmon with a mustard dill sauce [DKSE],"FA-DE Stock, Chicken, Reduced/Brühe, Huhn, Reduziert",PRO-00-139288-5,PRO,1.14,grams,REC-013579-4-002,
FV4009A - Salmon with a mustard dill sauce [DKSE],"FA-DE Vinegar, White Wine /Essig, Weißwein",PRO-00-139303-5,PRO,0.29,grams,REC-013579-4-002,"FISH_FREE,NATURALLY_GLUTEN_FREE,NATURALLY_LACTOSE_FREE,PORK_FREE,SUITABLE_FOR_COELIACS,SUITABLE_FOR_LACTOSE_INTOLERANCE,VEGAN,VEGETARIAN"
FV4039A - Salmon in creamy gochugaru sauce [BNL],"FA-DE Cheese, Parmesan, Grated /Käse, Parmesan, gerieben",DAI-00-139127-3,DAI,12.31,grams,REC-013629-4-003,
FV4039A - Salmon in creamy gochugaru sauce [BNL],"FA-DE Garlic, IQF, Diced 4 mm /Knoblauch, IQF, gewürfelt 4 mm",PHF-00-139237-1,PHF,2.8,grams,REC-013629-4-003,"FISH_FREE,NATURALLY_GLUTEN_FREE,NATURALLY_LACTOSE_FREE,PORK_FREE,SUITABLE_FOR_COELIACS,SUITABLE_FOR_LACTOSE_INTOLERANCE,VEGAN,VEGETARIAN"
FV4039A - Salmon in creamy gochugaru sauce [BNL],FA-DE Heavy Cream 20% /Sahne 20%,DAI-00-139137-3,DAI,76.55,grams,REC-013629-4-003,"VEGAN,VEGETARIAN"
FV4039A - Salmon in creamy gochugaru sauce [BNL],"FA-DE Oil, Olive /Öl, Olivenöl",PRO-00-139277-5,PRO,11.51,grams,REC-013629-4-003,"VEGAN,VEGETARIAN"
FV4039A - Salmon in creamy gochugaru sauce [BNL],"FA-DE Onion, Green, Sliced 5mm /Zwiebel, grün, in Scheiben geschnitten, 5 mm",PHF-00-149803-3,PHF,11.76,grams,REC-013629-4-003,"FISH_FREE,PORK_FREE,VEGAN,VEGETARIAN"
FV4039A - Salmon in creamy gochugaru sauce [BNL],"FA-DE Onion, Spanish, Diced 5mm /Zwiebel, Spanisch, gewürfelt 5 mm",PHF-00-139212-3,PHF,12.31,grams,REC-013629-4-003,"FISH_FREE,NATURALLY_GLUTEN_FREE,NATURALLY_LACTOSE_FREE,PORK_FREE,SUITABLE_FOR_COELIACS,SUITABLE_FOR_LACTOSE_INTOLERANCE,VEGAN,VEGETARIAN"
FV4039A - Salmon in creamy gochugaru sauce [BNL],"FA-DE Salmon, Skinless, Boneless, Filet/Lachs, ohne Haut, ohne Knochen, Filet - IQF",PTN-00-139968-1,PTN,140,grams,REC-013629-4-003,
FV4039A - Salmon in creamy gochugaru sauce [BNL],"FA-DE Spice, Garlic Granulated /Gewürz, Knoblauch granuliert",SPI-00-139353-5,SPI,0.14,grams,REC-013629-4-003,"FISH_FREE,NATURALLY_LACTOSE_FREE,PORK_FREE,SUITABLE_FOR_COELIACS,SUITABLE_FOR_LACTOSE_INTOLERANCE,VEGAN,VEGETARIAN"
FV4039A - Salmon in creamy gochugaru sauce [BNL],"FA-DE Spice, Gochugaru Chili Pepper Flakes /Gewürz, Gochugaru-Chili-Pfefferflocken",SPI-00-139356-5,SPI,1.59,grams,REC-013629-4-003,"FISH_FREE,NATURALLY_GLUTEN_FREE,NATURALLY_LACTOSE_FREE,PORK_FREE,SUITABLE_FOR_COELIACS,SUITABLE_FOR_LACTOSE_INTOLERANCE,VEGAN,VEGETARIAN"
FV4039A - Salmon in creamy gochugaru sauce [BNL],"FA-DE Spice, Sea Salt /Gewürze, Meersalz",SPI-00-139378-5,SPI,1.43,grams,REC-013629-4-003,"NATURALLY_GLUTEN_FREE,NATURALLY_LACTOSE_FREE,SUITABLE_FOR_COELIACS,SUITABLE_FOR_LACTOSE_INTOLERANCE,VEGAN,VEGETARIAN"
FV4039A - Salmon in creamy gochugaru sauce [BNL],"FA-DE Spice, Sesame Seed, Roasted /Gewürz, Sesamsamen, geröstet",SPI-00-139379-5,SPI,2.03,grams,REC-013629-4-003,"SUITABLE_FOR_LACTOSE_INTOLERANCE,VEGAN,VEGETARIAN"
FV4039A - Salmon in creamy gochugaru sauce [BNL],"FA-DE Spinach, Fresh, Stem Off /Spinat, frisch, ohne Stiel",PHF-00-139225-3,PHF,9.85,grams,REC-013629-4-003,"FISH_FREE,NATURALLY_GLUTEN_FREE,NATURALLY_LACTOSE_FREE,PORK_FREE,SUITABLE_FOR_COELIACS,SUITABLE_FOR_LACTOSE_INTOLERANCE,VEGAN,VEGETARIAN"
FV4039A - Salmon in creamy gochugaru sauce [BNL],"FA-DE Stock, Chicken, Reduced/Brühe, Huhn, Reduziert",PRO-00-139288-5,PRO,1.38,grams,REC-013629-4-003,
FV4039A - Salmon in creamy gochugaru sauce [BNL],FA-DE Tomato Paste /Tomatenmark,PRO-00-139292-5,PRO,2.73,grams,REC-013629-4-003,"FISH_FREE,NATURALLY_GLUTEN_FREE,NATURALLY_LACTOSE_FREE,PORK_FREE,SUITABLE_FOR_COELIACS,SUITABLE_FOR_LACTOSE_INTOLERANCE,VEGAN,VEGETARIAN"
FV4039A - Salmon in creamy gochugaru sauce [BNL],"FA-DE Tomatoes, Cherry/Tomaten, Kirsche",PHF-00-139190-3,PHF,46.58,grams,REC-013629-4-003,"FISH_FREE,NATURALLY_LACTOSE_FREE,PORK_FREE,SUITABLE_FOR_LACTOSE_INTOLERANCE,VEGAN,VEGETARIAN"
FV4039A - Salmon in creamy gochugaru sauce [BNL],"FA-DE Zucchini, Spiralized Noodles /Zucchini, Spiralnudeln",PHF-00-139230-3,PHF,172.76,grams,REC-013629-4-003,"FISH_FREE,NATURALLY_LACTOSE_FREE,PORK_FREE,SUITABLE_FOR_LACTOSE_INTOLERANCE,VEGAN,VEGETARIAN"
FV4039A - Salmon in creamy gochugaru sauce [DE],"FA-DE Cheese, Parmesan, Grated /Käse, Parmesan, gerieben",DAI-00-139127-3,DAI,12.31,grams,REC-013629-4-001,
FV4039A - Salmon in creamy gochugaru sauce [DE],"FA-DE Garlic, IQF, Diced 4 mm /Knoblauch, IQF, gewürfelt 4 mm",PHF-00-139237-1,PHF,2.8,grams,REC-013629-4-001,"FISH_FREE,NATURALLY_GLUTEN_FREE,NATURALLY_LACTOSE_FREE,PORK_FREE,SUITABLE_FOR_COELIACS,SUITABLE_FOR_LACTOSE_INTOLERANCE,VEGAN,VEGETARIAN"
FV4039A - Salmon in creamy gochugaru sauce [DE],FA-DE Heavy Cream 20% /Sahne 20%,DAI-00-139137-3,DAI,76.55,grams,REC-013629-4-001,"VEGAN,VEGETARIAN"
FV4039A - Salmon in creamy gochugaru sauce [DE],"FA-DE Oil, Olive /Öl, Olivenöl",PRO-00-139277-5,PRO,11.51,grams,REC-013629-4-001,"VEGAN,VEGETARIAN"
FV4039A - Salmon in creamy gochugaru sauce [DE],"FA-DE Onion, Green, Sliced 5mm /Zwiebel, grün, in Scheiben geschnitten, 5 mm",PHF-00-149803-3,PHF,11.76,grams,REC-013629-4-001,"FISH_FREE,PORK_FREE,VEGAN,VEGETARIAN"
FV4039A - Salmon in creamy gochugaru sauce [DE],"FA-DE Onion, Spanish, Diced 5mm /Zwiebel, Spanisch, gewürfelt 5 mm",PHF-00-139212-3,PHF,12.31,grams,REC-013629-4-001,"FISH_FREE,NATURALLY_GLUTEN_FREE,NATURALLY_LACTOSE_FREE,PORK_FREE,SUITABLE_FOR_COELIACS,SUITABLE_FOR_LACTOSE_INTOLERANCE,VEGAN,VEGETARIAN"
FV4039A - Salmon in creamy gochugaru sauce [DE],"FA-DE Salmon, Skinless, Boneless, Filet/Lachs, ohne Haut, ohne Knochen, Filet - IQF",PTN-00-139968-1,PTN,140,grams,REC-013629-4-001,
FV4039A - Salmon in creamy gochugaru sauce [DE],"FA-DE Spice, Garlic Granulated /Gewürz, Knoblauch granuliert",SPI-00-139353-5,SPI,0.14,grams,REC-013629-4-001,"FISH_FREE,NATURALLY_LACTOSE_FREE,PORK_FREE,SUITABLE_FOR_COELIACS,SUITABLE_FOR_LACTOSE_INTOLERANCE,VEGAN,VEGETARIAN"
FV4039A - Salmon in creamy gochugaru sauce [DE],"FA-DE Spice, Gochugaru Chili Pepper Flakes /Gewürz, Gochugaru-Chili-Pfefferflocken",SPI-00-139356-5,SPI,1.59,grams,REC-013629-4-001,"FISH_FREE,NATURALLY_GLUTEN_FREE,NATURALLY_LACTOSE_FREE,PORK_FREE,SUITABLE_FOR_COELIACS,SUITABLE_FOR_LACTOSE_INTOLERANCE,VEGAN,VEGETARIAN"
FV4039A - Salmon in creamy gochugaru sauce [DE],"FA-DE Spice, Sea Salt /Gewürze, Meersalz",SPI-00-139378-5,SPI,1.43,grams,REC-013629-4-001,"NATURALLY_GLUTEN_FREE,NATURALLY_LACTOSE_FREE,SUITABLE_FOR_COELIACS,SUITABLE_FOR_LACTOSE_INTOLERANCE,VEGAN,VEGETARIAN"
FV4039A - Salmon in creamy gochugaru sauce [DE],"FA-DE Spice, Sesame Seed, Roasted /Gewürz, Sesamsamen, geröstet",SPI-00-139379-5,SPI,2.03,grams,REC-013629-4-001,"SUITABLE_FOR_LACTOSE_INTOLERANCE,VEGAN,VEGETARIAN"
FV4039A - Salmon in creamy gochugaru sauce [DE],"FA-DE Spinach, Fresh, Stem Off /Spinat, frisch, ohne Stiel",PHF-00-139225-3,PHF,9.85,grams,REC-013629-4-001,"FISH_FREE,NATURALLY_GLUTEN_FREE,NATURALLY_LACTOSE_FREE,PORK_FREE,SUITABLE_FOR_COELIACS,SUITABLE_FOR_LACTOSE_INTOLERANCE,VEGAN,VEGETARIAN"
FV4039A - Salmon in creamy gochugaru sauce [DE],"FA-DE Stock, Chicken, Reduced/Brühe, Huhn, Reduziert",PRO-00-139288-5,PRO,1.38,grams,REC-013629-4-001,
FV4039A - Salmon in creamy gochugaru sauce [DE],FA-DE Tomato Paste /Tomatenmark,PRO-00-139292-5,PRO,2.73,grams,REC-013629-4-001,"FISH_FREE,NATURALLY_GLUTEN_FREE,NATURALLY_LACTOSE_FREE,PORK_FREE,SUITABLE_FOR_COELIACS,SUITABLE_FOR_LACTOSE_INTOLERANCE,VEGAN,VEGETARIAN"
FV4039A - Salmon in creamy gochugaru sauce [DE],"FA-DE Tomatoes, Cherry/Tomaten, Kirsche",PHF-00-139190-3,PHF,46.58,grams,REC-013629-4-001,"FISH_FREE,NATURALLY_LACTOSE_FREE,PORK_FREE,SUITABLE_FOR_LACTOSE_INTOLERANCE,VEGAN,VEGETARIAN"
FV4039A - Salmon in creamy gochugaru sauce [DE],"FA-DE Zucchini, Spiralized Noodles /Zucchini, Spiralnudeln",PHF-00-139230-3,PHF,172.76,grams,REC-013629-4-001,"FISH_FREE,NATURALLY_LACTOSE_FREE,PORK_FREE,SUITABLE_FOR_LACTOSE_INTOLERANCE,VEGAN,VEGETARIAN"
FV4065A - Spicy Beef & Black Bean Chili [BNL],"FA-DE Beans, Black, Low Sodium, Aseptic /Bohnen, schwarz, natriumarm, aseptisch",PRO-00-139255-5,PRO,67.59,grams,REC-029397-4-003,"NATURALLY_GLUTEN_FREE,NATURALLY_LACTOSE_FREE,SUITABLE_FOR_COELIACS,SUITABLE_FOR_LACTOSE_INTOLERANCE,VEGAN,VEGETARIAN"
FV4065A - Spicy Beef & Black Bean Chili [BNL],"FA-DE Beef, Ground, 80/20 /Rindfleisch, gemahlen, 80/20",PTN-00-139319-3,PTN,126.18,grams,REC-029397-4-003,
FV4065A - Spicy Beef & Black Bean Chili [BNL],"FA-DE Bell Peppers, Green, Diced 10mm /Paprika, grün, gewürfelt 10 mm",PHF-00-139176-3,PHF,25.16,grams,REC-029397-4-003,"FISH_FREE,PORK_FREE,VEGAN,VEGETARIAN"
FV4065A - Spicy Beef & Black Bean Chili [BNL],"FA-DE Bell Peppers, Red, Diced 10mm /Paprika, rot, gewürfelt 10 mm",PHF-00-139179-3,PHF,25.16,grams,REC-029397-4-003,"VEGAN,VEGETARIAN"
FV4065A - Spicy Beef & Black Bean Chili [BNL],"FA-DE Coriander, Chopped /Koriander, gehackt",PHF-00-139192-3,PHF,8.57,grams,REC-029397-4-003,"VEGAN,VEGETARIAN"
FV4065A - Spicy Beef & Black Bean Chili [BNL],"FA-DE Garlic, IQF, Diced 4 mm /Knoblauch, IQF, gewürfelt 4 mm",PHF-00-139237-1,PHF,3.43,grams,REC-029397-4-003,"FISH_FREE,NATURALLY_GLUTEN_FREE,NATURALLY_LACTOSE_FREE,PORK_FREE,SUITABLE_FOR_COELIACS,SUITABLE_FOR_LACTOSE_INTOLERANCE,VEGAN,VEGETARIAN"
FV4065A - Spicy Beef & Black Bean Chili [BNL],"FA-DE Garlic, Peeled, Whole Cloves [10kg] /Knoblauch, geschält, ganze Nelken [10kg]",PHF-00-139197-3,PHF,10.72,grams,REC-029397-4-003,"SUITABLE_FOR_COELIACS,SUITABLE_FOR_LACTOSE_INTOLERANCE,VEGAN,VEGETARIAN"
FV4065A - Spicy Beef & Black Bean Chili [BNL],"FA-DE Jalapeno Peppers, Diced 5mm /Jalapeno-Paprikaschoten, gewürfelt, 5 mm",PHF-00-139201-3,PHF,3.8,grams,REC-029397-4-003,"VEGAN,VEGETARIAN"
FV4065A - Spicy Beef & Black Bean Chili [BNL],"FA-DE Oil, Olive /Öl, Olivenöl",PRO-00-139277-5,PRO,21.89,grams,REC-029397-4-003,"VEGAN,VEGETARIAN"
FV4065A - Spicy Beef & Black Bean Chili [BNL],"FA-DE Onion, Green, Sliced 5mm /Zwiebel, grün, in Scheiben geschnitten, 5 mm",PHF-00-149803-3,PHF,5.88,grams,REC-029397-4-003,"FISH_FREE,PORK_FREE,VEGAN,VEGETARIAN"
FV4065A - Spicy Beef & Black Bean Chili [BNL],"FA-DE Onion, Red, Diced 5mm /Zwiebeln, rot, gewürfelt 5 mm",PHF-00-139213-3,PHF,6.82,grams,REC-029397-4-003,"FISH_FREE,PORK_FREE,VEGAN,VEGETARIAN"
FV4065A - Spicy Beef & Black Bean Chili [BNL],"FA-DE Onion, Spanish, Diced 10mm /Zwiebel, Spanisch, gewürfelt 10 mm",PHF-00-139209-3,PHF,22.89,grams,REC-029397-4-003,"FISH_FREE,PORK_FREE,VEGAN,VEGETARIAN"
FV4065A - Spicy Beef & Black Bean Chili [BNL],"FA-DE Potatoes, Sweet, Diced 10mm /Kartoffeln, süß, gewürfelt 10 mm",PHF-00-139221-3,PHF,108.84,grams,REC-029397-4-003,"FISH_FREE,NATURALLY_LACTOSE_FREE,PORK_FREE,SUITABLE_FOR_LACTOSE_INTOLERANCE,VEGAN,VEGETARIAN"
FV4065A - Spicy Beef & Black Bean Chili [BNL],"FA-DE Spice, Ancho Chili Powder /Gewürz, Ancho-Chili-Pulver",SPI-00-139329-5,SPI,1.7,grams,REC-029397-4-003,"FISH_FREE,NATURALLY_GLUTEN_FREE,NATURALLY_LACTOSE_FREE,PORK_FREE,SUITABLE_FOR_COELIACS,SUITABLE_FOR_LACTOSE_INTOLERANCE,VEGAN,VEGETARIAN"
FV4065A - Spicy Beef & Black Bean Chili [BNL],"FA-DE Spice, Black Pepper, Cracked /Gewürz, schwarzer Pfeffer, gebrochen",SPI-00-139332-5,SPI,0.65,grams,REC-029397-4-003,"NATURALLY_GLUTEN_FREE,NATURALLY_LACTOSE_FREE,SUITABLE_FOR_COELIACS,SUITABLE_FOR_LACTOSE_INTOLERANCE,VEGAN,VEGETARIAN"
FV4065A - Spicy Beef & Black Bean Chili [BNL],"FA-DE Spice, Black Pepper, Ground /Gewürz, schwarzer Pfeffer, gemahlen",SPI-00-139334-5,SPI,0.55,grams,REC-029397-4-003,"NATURALLY_GLUTEN_FREE,NATURALLY_LACTOSE_FREE,SUITABLE_FOR_COELIACS,SUITABLE_FOR_LACTOSE_INTOLERANCE,VEGAN,VEGETARIAN"
FV4065A - Spicy Beef & Black Bean Chili [BNL],"FA-DE Spice, Chili Powder /Gewürz, Chilipulver",SPI-00-139340-5,SPI,0.26,grams,REC-029397-4-003,"NATURALLY_GLUTEN_FREE,NATURALLY_LACTOSE_FREE,SUITABLE_FOR_COELIACS,SUITABLE_FOR_LACTOSE_INTOLERANCE,VEGAN,VEGETARIAN"
FV4065A - Spicy Beef & Black Bean Chili [BNL],"FA-DE Spice, Cumin Ground /Gewürz, gemahlener Kreuzkümmel",SPI-00-139345-5,SPI,2.19,grams,REC-029397-4-003,"FISH_FREE,NATURALLY_GLUTEN_FREE,NATURALLY_LACTOSE_FREE,PORK_FREE,SUITABLE_FOR_COELIACS,SUITABLE_FOR_LACTOSE_INTOLERANCE,VEGAN,VEGETARIAN"
FV4065A - Spicy Beef & Black Bean Chili [BNL],"FA-DE Spice, Jalapeno Powder /Gewürz, Jalapeno-Pulver",SPI-00-139360-5,SPI,0.61,grams,REC-029397-4-003,"NATURALLY_GLUTEN_FREE,NATURALLY_LACTOSE_FREE,SUITABLE_FOR_COELIACS,SUITABLE_FOR_LACTOSE_INTOLERANCE,VEGAN,VEGETARIAN"
FV4065A - Spicy Beef & Black Bean Chili [BNL],"FA-DE Spice, Oregano Dry /Gewürz, Oregano trocken",SPI-00-139372-5,SPI,0.33,grams,REC-029397-4-003,"FISH_FREE,NATURALLY_GLUTEN_FREE,NATURALLY_LACTOSE_FREE,PORK_FREE,SUITABLE_FOR_COELIACS,SUITABLE_FOR_LACTOSE_INTOLERANCE,VEGAN,VEGETARIAN"
FV4065A - Spicy Beef & Black Bean Chili [BNL],"FA-DE Spice, Paprika /Gewürze, Paprika",SPI-00-139373-5,SPI,0.26,grams,REC-029397-4-003,"FISH_FREE,NATURALLY_GLUTEN_FREE,NATURALLY_LACTOSE_FREE,PORK_FREE,SUITABLE_FOR_COELIACS,SUITABLE_FOR_LACTOSE_INTOLERANCE,VEGAN,VEGETARIAN"
FV4065A - Spicy Beef & Black Bean Chili [BNL],"FA-DE Spice, Sea Salt /Gewürze, Meersalz",SPI-00-139378-5,SPI,1.46,grams,REC-029397-4-003,"NATURALLY_GLUTEN_FREE,NATURALLY_LACTOSE_FREE,SUITABLE_FOR_COELIACS,SUITABLE_FOR_LACTOSE_INTOLERANCE,VEGAN,VEGETARIAN"
FV4065A - Spicy Beef & Black Bean Chili [BNL],"FA-DE Spice, Smoked Paprika /Gewürz, geräucherter Paprika",SPI-00-139383-5,SPI,2.52,grams,REC-029397-4-003,"VEGAN,VEGETARIAN"
FV4065A - Spicy Beef & Black Bean Chili [BNL],"FA-DE Stock, Chicken, Reduced/Brühe, Huhn, Reduziert",PRO-00-139288-5,PRO,3.17,grams,REC-029397-4-003,
FV4065A - Spicy Beef & Black Bean Chili [BNL],"FA-DE Sweetcorn Supersweet Kernels, IQF /Zuckermais-Supersüßkörner, IQF",PHF-00-139236-1,PHF,54.78,grams,REC-029397-4-003,"FISH_FREE,NATURALLY_GLUTEN_FREE,NATURALLY_LACTOSE_FREE,PORK_FREE,SUITABLE_FOR_COELIACS,SUITABLE_FOR_LACTOSE_INTOLERANCE,VEGAN,VEGETARIAN"
FV4065A - Spicy Beef & Black Bean Chili [BNL],FA-DE Tomato Paste /Tomatenmark,PRO-00-139292-5,PRO,0.73,grams,REC-029397-4-003,"FISH_FREE,NATURALLY_GLUTEN_FREE,NATURALLY_LACTOSE_FREE,PORK_FREE,SUITABLE_FOR_COELIACS,SUITABLE_FOR_LACTOSE_INTOLERANCE,VEGAN,VEGETARIAN"
FV4065A - Spicy Beef & Black Bean Chili [BNL],"FA-DE Tomatoes, Concentrated Crushed /Tomaten, konzentriert, zerkleinert",PRO-00-139293-5,PRO,78.34,grams,REC-029397-4-003,"FISH_FREE,NATURALLY_GLUTEN_FREE,NATURALLY_LACTOSE_FREE,PORK_FREE,SUITABLE_FOR_COELIACS,SUITABLE_FOR_LACTOSE_INTOLERANCE,VEGAN,VEGETARIAN"
FV4065A - Spicy Beef & Black Bean Chili [BNL],FA-DE Water / Wasser,OTH-00-144038-5,OTH,38.74,grams,REC-029397-4-003,
FV4065A - Spicy Beef & Black Bean Chili [DE],"FA-DE Beans, Black, Low Sodium, Aseptic /Bohnen, schwarz, natriumarm, aseptisch",PRO-00-139255-5,PRO,67.59,grams,REC-029397-4-002,"NATURALLY_GLUTEN_FREE,NATURALLY_LACTOSE_FREE,SUITABLE_FOR_COELIACS,SUITABLE_FOR_LACTOSE_INTOLERANCE,VEGAN,VEGETARIAN"
FV4065A - Spicy Beef & Black Bean Chili [DE],"FA-DE Beef, Ground, 80/20 /Rindfleisch, gemahlen, 80/20",PTN-00-139319-3,PTN,126.18,grams,REC-029397-4-002,
FV4065A - Spicy Beef & Black Bean Chili [DE],"FA-DE Bell Peppers, Green, Diced 10mm /Paprika, grün, gewürfelt 10 mm",PHF-00-139176-3,PHF,25.16,grams,REC-029397-4-002,"FISH_FREE,PORK_FREE,VEGAN,VEGETARIAN"
FV4065A - Spicy Beef & Black Bean Chili [DE],"FA-DE Bell Peppers, Red, Diced 10mm /Paprika, rot, gewürfelt 10 mm",PHF-00-139179-3,PHF,25.16,grams,REC-029397-4-002,"VEGAN,VEGETARIAN"
FV4065A - Spicy Beef & Black Bean Chili [DE],"FA-DE Coriander, Chopped /Koriander, gehackt",PHF-00-139192-3,PHF,8.57,grams,REC-029397-4-002,"VEGAN,VEGETARIAN"
FV4065A - Spicy Beef & Black Bean Chili [DE],"FA-DE Garlic, IQF, Diced 4 mm /Knoblauch, IQF, gewürfelt 4 mm",PHF-00-139237-1,PHF,3.43,grams,REC-029397-4-002,"FISH_FREE,NATURALLY_GLUTEN_FREE,NATURALLY_LACTOSE_FREE,PORK_FREE,SUITABLE_FOR_COELIACS,SUITABLE_FOR_LACTOSE_INTOLERANCE,VEGAN,VEGETARIAN"
FV4065A - Spicy Beef & Black Bean Chili [DE],"FA-DE Garlic, Peeled, Whole Cloves [10kg] /Knoblauch, geschält, ganze Nelken [10kg]",PHF-00-139197-3,PHF,10.72,grams,REC-029397-4-002,"SUITABLE_FOR_COELIACS,SUITABLE_FOR_LACTOSE_INTOLERANCE,VEGAN,VEGETARIAN"
FV4065A - Spicy Beef & Black Bean Chili [DE],"FA-DE Jalapeno Peppers, Diced 5mm /Jalapeno-Paprikaschoten, gewürfelt, 5 mm",PHF-00-139201-3,PHF,3.8,grams,REC-029397-4-002,"VEGAN,VEGETARIAN"
FV4065A - Spicy Beef & Black Bean Chili [DE],"FA-DE Oil, Olive /Öl, Olivenöl",PRO-00-139277-5,PRO,21.89,grams,REC-029397-4-002,"VEGAN,VEGETARIAN"
FV4065A - Spicy Beef & Black Bean Chili [DE],"FA-DE Onion, Green, Sliced 5mm /Zwiebel, grün, in Scheiben geschnitten, 5 mm",PHF-00-149803-3,PHF,5.88,grams,REC-029397-4-002,"FISH_FREE,PORK_FREE,VEGAN,VEGETARIAN"
FV4065A - Spicy Beef & Black Bean Chili [DE],"FA-DE Onion, Red, Diced 5mm /Zwiebeln, rot, gewürfelt 5 mm",PHF-00-139213-3,PHF,6.82,grams,REC-029397-4-002,"FISH_FREE,PORK_FREE,VEGAN,VEGETARIAN"
FV4065A - Spicy Beef & Black Bean Chili [DE],"FA-DE Onion, Spanish, Diced 10mm /Zwiebel, Spanisch, gewürfelt 10 mm",PHF-00-139209-3,PHF,22.89,grams,REC-029397-4-002,"FISH_FREE,PORK_FREE,VEGAN,VEGETARIAN"
FV4065A - Spicy Beef & Black Bean Chili [DE],"FA-DE Potatoes, Sweet, Diced 10mm /Kartoffeln, süß, gewürfelt 10 mm",PHF-00-139221-3,PHF,108.84,grams,REC-029397-4-002,"FISH_FREE,NATURALLY_LACTOSE_FREE,PORK_FREE,SUITABLE_FOR_LACTOSE_INTOLERANCE,VEGAN,VEGETARIAN"
FV4065A - Spicy Beef & Black Bean Chili [DE],"FA-DE Spice, Ancho Chili Powder /Gewürz, Ancho-Chili-Pulver",SPI-00-139329-5,SPI,1.7,grams,REC-029397-4-002,"FISH_FREE,NATURALLY_GLUTEN_FREE,NATURALLY_LACTOSE_FREE,PORK_FREE,SUITABLE_FOR_COELIACS,SUITABLE_FOR_LACTOSE_INTOLERANCE,VEGAN,VEGETARIAN"
FV4065A - Spicy Beef & Black Bean Chili [DE],"FA-DE Spice, Black Pepper, Cracked /Gewürz, schwarzer Pfeffer, gebrochen",SPI-00-139332-5,SPI,0.65,grams,REC-029397-4-002,"NATURALLY_GLUTEN_FREE,NATURALLY_LACTOSE_FREE,SUITABLE_FOR_COELIACS,SUITABLE_FOR_LACTOSE_INTOLERANCE,VEGAN,VEGETARIAN"
FV4065A - Spicy Beef & Black Bean Chili [DE],"FA-DE Spice, Black Pepper, Ground /Gewürz, schwarzer Pfeffer, gemahlen",SPI-00-139334-5,SPI,0.55,grams,REC-029397-4-002,"NATURALLY_GLUTEN_FREE,NATURALLY_LACTOSE_FREE,SUITABLE_FOR_COELIACS,SUITABLE_FOR_LACTOSE_INTOLERANCE,VEGAN,VEGETARIAN"
FV4065A - Spicy Beef & Black Bean Chili [DE],"FA-DE Spice, Chili Powder /Gewürz, Chilipulver",SPI-00-139340-5,SPI,0.26,grams,REC-029397-4-002,"NATURALLY_GLUTEN_FREE,NATURALLY_LACTOSE_FREE,SUITABLE_FOR_COELIACS,SUITABLE_FOR_LACTOSE_INTOLERANCE,VEGAN,VEGETARIAN"
FV4065A - Spicy Beef & Black Bean Chili [DE],"FA-DE Spice, Cumin Ground /Gewürz, gemahlener Kreuzkümmel",SPI-00-139345-5,SPI,2.19,grams,REC-029397-4-002,"FISH_FREE,NATURALLY_GLUTEN_FREE,NATURALLY_LACTOSE_FREE,PORK_FREE,SUITABLE_FOR_COELIACS,SUITABLE_FOR_LACTOSE_INTOLERANCE,VEGAN,VEGETARIAN"
FV4065A - Spicy Beef & Black Bean Chili [DE],"FA-DE Spice, Jalapeno Powder /Gewürz, Jalapeno-Pulver",SPI-00-139360-5,SPI,0.61,grams,REC-029397-4-002,"NATURALLY_GLUTEN_FREE,NATURALLY_LACTOSE_FREE,SUITABLE_FOR_COELIACS,SUITABLE_FOR_LACTOSE_INTOLERANCE,VEGAN,VEGETARIAN"
FV4065A - Spicy Beef & Black Bean Chili [DE],"FA-DE Spice, Oregano Dry /Gewürz, Oregano trocken",SPI-00-139372-5,SPI,0.33,grams,REC-029397-4-002,"FISH_FREE,NATURALLY_GLUTEN_FREE,NATURALLY_LACTOSE_FREE,PORK_FREE,SUITABLE_FOR_COELIACS,SUITABLE_FOR_LACTOSE_INTOLERANCE,VEGAN,VEGETARIAN"
FV4065A - Spicy Beef & Black Bean Chili [DE],"FA-DE Spice, Paprika /Gewürze, Paprika",SPI-00-139373-5,SPI,0.26,grams,REC-029397-4-002,"FISH_FREE,NATURALLY_GLUTEN_FREE,NATURALLY_LACTOSE_FREE,PORK_FREE,SUITABLE_FOR_COELIACS,SUITABLE_FOR_LACTOSE_INTOLERANCE,VEGAN,VEGETARIAN"
FV4065A - Spicy Beef & Black Bean Chili [DE],"FA-DE Spice, Sea Salt /Gewürze, Meersalz",SPI-00-139378-5,SPI,1.46,grams,REC-029397-4-002,"NATURALLY_GLUTEN_FREE,NATURALLY_LACTOSE_FREE,SUITABLE_FOR_COELIACS,SUITABLE_FOR_LACTOSE_INTOLERANCE,VEGAN,VEGETARIAN"
FV4065A - Spicy Beef & Black Bean Chili [DE],"FA-DE Spice, Smoked Paprika /Gewürz, geräucherter Paprika",SPI-00-139383-5,SPI,2.52,grams,REC-029397-4-002,"VEGAN,VEGETARIAN"
FV4065A - Spicy Beef & Black Bean Chili [DE],"FA-DE Stock, Chicken, Reduced/Brühe, Huhn, Reduziert",PRO-00-139288-5,PRO,3.17,grams,REC-029397-4-002,
FV4065A - Spicy Beef & Black Bean Chili [DE],"FA-DE Sweetcorn Supersweet Kernels, IQF /Zuckermais-Supersüßkörner, IQF",PHF-00-139236-1,PHF,54.78,grams,REC-029397-4-002,"FISH_FREE,NATURALLY_GLUTEN_FREE,NATURALLY_LACTOSE_FREE,PORK_FREE,SUITABLE_FOR_COELIACS,SUITABLE_FOR_LACTOSE_INTOLERANCE,VEGAN,VEGETARIAN"
FV4065A - Spicy Beef & Black Bean Chili [DE],FA-DE Tomato Paste /Tomatenmark,PRO-00-139292-5,PRO,0.73,grams,REC-029397-4-002,"FISH_FREE,NATURALLY_GLUTEN_FREE,NATURALLY_LACTOSE_FREE,PORK_FREE,SUITABLE_FOR_COELIACS,SUITABLE_FOR_LACTOSE_INTOLERANCE,VEGAN,VEGETARIAN"
FV4065A - Spicy Beef & Black Bean Chili [DE],"FA-DE Tomatoes, Concentrated Crushed /Tomaten, konzentriert, zerkleinert",PRO-00-139293-5,PRO,78.34,grams,REC-029397-4-002,"FISH_FREE,NATURALLY_GLUTEN_FREE,NATURALLY_LACTOSE_FREE,PORK_FREE,SUITABLE_FOR_COELIACS,SUITABLE_FOR_LACTOSE_INTOLERANCE,VEGAN,VEGETARIAN"
FV4065A - Spicy Beef & Black Bean Chili [DE],FA-DE Water / Wasser,OTH-00-144038-5,OTH,38.74,grams,REC-029397-4-002,
