Recipe Name,Recipe Code,Sub-Recipe 1 Name,Sub-Recipe 2 Name,Sub-Recipe 3 Name,Ingredient,Ingredient ID,Ingredient Category,Gross Quantity,UOM
FE0628B - Mushroom Chicken & Wild Rice [DKSE],REC-013861-4-003,Chicken breast - Herb Grilled Chicken Breast,Chicken Breast - BRINED 160g,,"FA-DE Chicken, Breast, B/S - 160g/Hähnchen, Brust, B/S – 160 g",PTN-00-139317-3,PTN,160,grams
FE0628B - Mushroom Chicken & Wild Rice [DKSE],REC-013861-4-003,Chicken breast - Herb Grilled Chicken Breast,Chicken Breast - BRINED 160g,,FA-DE Water / Wasser,OTH-00-144038-5,OTH,160,grams
FE0628B - Mushroom Chicken & Wild Rice [DKSE],REC-013861-4-003,Chicken breast - Herb Grilled Chicken Breast,Chicken Breast - BRINED 160g,,"FA-DE Spice, Sea Salt /Gewürze, Meersalz",SPI-00-139378-5,SPI,1.41,grams
FE0628B - Mushroom Chicken & Wild Rice [DKSE],REC-013861-4-003,Chicken breast - Herb Grilled Chicken Breast,Herb marinade for Herb grilled Chicken Breast,,"FA-DE Spice, Sea Salt /Gewürze, Meersalz",SPI-00-139378-5,SPI,0.12,grams
FE0628B - Mushroom Chicken & Wild Rice [DKSE],REC-013861-4-003,Chicken breast - Herb Grilled Chicken Breast,Herb marinade for Herb grilled Chicken Breast,,"FA-DE Spice, Italian Seasoning /Gewürze, italienische Gewürze",SPI-00-139359-5,SPI,0.12,grams
FE0628B - Mushroom Chicken & Wild Rice [DKSE],REC-013861-4-003,Chicken breast - Herb Grilled Chicken Breast,Herb marinade for Herb grilled Chicken Breast,Roasted Garlic oil,"FA-DE Garlic, Peeled, Whole Cloves [10kg] /Knoblauch, geschält, ganze Nelken [10kg]",PHF-00-139197-3,PHF,8.29,grams
FE0628B - Mushroom Chicken & Wild Rice [DKSE],REC-013861-4-003,Chicken breast - Herb Grilled Chicken Breast,Herb marinade for Herb grilled Chicken Breast,Roasted Garlic oil,"FA-DE Oil, Olive /Öl, Olivenöl",PRO-00-139277-5,PRO,6.22,grams
FE0628B - Mushroom Chicken & Wild Rice [DKSE],REC-013861-4-003,Green beans - MCTWR Roasted Garlic Green Beans,,,"FA-DE Spice, Black Pepper, Ground /Gewürz, schwarzer Pfeffer, gemahlen",SPI-00-139334-5,SPI,0.11,grams
FE0628B - Mushroom Chicken & Wild Rice [DKSE],REC-013861-4-003,Green beans - MCTWR Roasted Garlic Green Beans,,,"FA-DE Spice, Sea Salt /Gewürze, Meersalz",SPI-00-139378-5,SPI,0.51,grams
FE0628B - Mushroom Chicken & Wild Rice [DKSE],REC-013861-4-003,Green beans - MCTWR Roasted Garlic Green Beans,Roasted Garlic oil,,"FA-DE Garlic, Peeled, Whole Cloves [10kg] /Knoblauch, geschält, ganze Nelken [10kg]",PHF-00-139197-3,PHF,4.19,grams
FE0628B - Mushroom Chicken & Wild Rice [DKSE],REC-013861-4-003,Green beans - MCTWR Roasted Garlic Green Beans,Roasted Garlic oil,,"FA-DE Oil, Olive /Öl, Olivenöl",PRO-00-139277-5,PRO,3.14,grams
FE0628B - Mushroom Chicken & Wild Rice [DKSE],REC-013861-4-003,Green beans - MCTWR Roasted Garlic Green Beans,Roasted Garlic (use),,"FA-DE Garlic, Peeled, Whole Cloves [10kg] /Knoblauch, geschält, ganze Nelken [10kg]",PHF-00-139197-3,PHF,4.09,grams
FE0628B - Mushroom Chicken & Wild Rice [DKSE],REC-013861-4-003,Green beans - MCTWR Roasted Garlic Green Beans,Roasted Garlic (use),,"FA-DE Oil, Olive /Öl, Olivenöl",PRO-00-139277-5,PRO,3.06,grams
FE0628B - Mushroom Chicken & Wild Rice [DKSE],REC-013861-4-003,Green beans - MCTWR Roasted Garlic Green Beans,,,"FA-DE Green Beans, Fresh and Trimmed/Grüne Bohnen, frisch und geschnitten",PHF-00-139198-3,PHF,135.2,grams
FE0628B - Mushroom Chicken & Wild Rice [DKSE],REC-013861-4-003,Mushrooms - MCTWR Roasted Sliced Mushrooms,,,"FA-DE Oil, Olive /Öl, Olivenöl",PRO-00-139277-5,PRO,5.06,grams
FE0628B - Mushroom Chicken & Wild Rice [DKSE],REC-013861-4-003,Mushrooms - MCTWR Roasted Sliced Mushrooms,,,"FA-DE Mushroom, Button, Sliced, Washed /Pilz, Knopf, geschnitten, gewaschen",PHF-00-139206-3,PHF,77,grams
FE0628B - Mushroom Chicken & Wild Rice [DKSE],REC-013861-4-003,Mushrooms - MCTWR Roasted Sliced Mushrooms,,,"FA-DE Spice, Dill Dried /Gewürz, Dill getrocknet",SPI-00-139349-5,SPI,0.12,grams
FE0628B - Mushroom Chicken & Wild Rice [DKSE],REC-013861-4-003,Mushrooms - MCTWR Roasted Sliced Mushrooms,,,"FA-DE Thyme, IQF /Thymian, IQF",PHF-00-139244-1,PHF,0.1,grams
FE0628B - Mushroom Chicken & Wild Rice [DKSE],REC-013861-4-003,Mushrooms - MCTWR Roasted Sliced Mushrooms,,,"FA-DE Garlic, IQF, Diced 4 mm /Knoblauch, IQF, gewürfelt 4 mm",PHF-00-139237-1,PHF,3.62,grams
FE0628B - Mushroom Chicken & Wild Rice [DKSE],REC-013861-4-003,Mushrooms - MCTWR Roasted Sliced Mushrooms,,,"FA-DE Onion, Green, Sliced 5mm /Zwiebel, grün, in Scheiben geschnitten, 5 mm",PHF-00-149803-3,PHF,4.82,grams
FE0628B - Mushroom Chicken & Wild Rice [DKSE],REC-013861-4-003,Mushrooms - MCTWR Roasted Sliced Mushrooms,,,"FA-DE Spice, Sea Salt /Gewürze, Meersalz",SPI-00-139378-5,SPI,0.1,grams
FE0628B - Mushroom Chicken & Wild Rice [DKSE],REC-013861-4-003,Mushrooms - MCTWR Roasted Sliced Mushrooms,,,"FA-DE Spice, Black Pepper, Ground /Gewürz, schwarzer Pfeffer, gemahlen",SPI-00-139334-5,SPI,0.07,grams
FE0628B - Mushroom Chicken & Wild Rice [DKSE],REC-013861-4-003,Rice - MCTWR Cheesy Creamy Wild Rice Blend Batch,Cooked Long Grain & Wild Rice Blend w/ Sage,,"FA-DE Spice, Garlic Granulated /Gewürz, Knoblauch granuliert",SPI-00-139353-5,SPI,0.21,grams
FE0628B - Mushroom Chicken & Wild Rice [DKSE],REC-013861-4-003,Rice - MCTWR Cheesy Creamy Wild Rice Blend Batch,Cooked Long Grain & Wild Rice Blend w/ Sage,,"FA-DE Spice, Sea Salt /Gewürze, Meersalz",SPI-00-139378-5,SPI,0.33,grams
FE0628B - Mushroom Chicken & Wild Rice [DKSE],REC-013861-4-003,Rice - MCTWR Cheesy Creamy Wild Rice Blend Batch,Cooked Long Grain & Wild Rice Blend w/ Sage,,"FA-DE Stock, Chicken, Reduced/Brühe, Huhn, Reduziert",PRO-00-139288-5,PRO,2.27,grams
FE0628B - Mushroom Chicken & Wild Rice [DKSE],REC-013861-4-003,Rice - MCTWR Cheesy Creamy Wild Rice Blend Batch,Cooked Long Grain & Wild Rice Blend w/ Sage,,"FA-DE Spice, Sage, Rubbed /Gewürz, Salbei, gerieben",SPI-00-139377-5,SPI,0.76,grams
FE0628B - Mushroom Chicken & Wild Rice [DKSE],REC-013861-4-003,Rice - MCTWR Cheesy Creamy Wild Rice Blend Batch,Cooked Long Grain & Wild Rice Blend w/ Sage,,FA-DE Water / Wasser,OTH-00-144038-5,OTH,54.57,grams
FE0628B - Mushroom Chicken & Wild Rice [DKSE],REC-013861-4-003,Rice - MCTWR Cheesy Creamy Wild Rice Blend Batch,Cooked Long Grain & Wild Rice Blend w/ Sage,,"FA-DE Spice, Onion Granulated /Gewürze, Zwiebeln granuliert",SPI-00-139370-5,SPI,0.3,grams
FE0628B - Mushroom Chicken & Wild Rice [DKSE],REC-013861-4-003,Rice - MCTWR Cheesy Creamy Wild Rice Blend Batch,Cooked Long Grain & Wild Rice Blend w/ Sage,,"FA-DE Rice, Long Grain and Wild Blend /Reis, Langkorn- und Wildreismischung",DRY-00-139155-5,DRY,36.38,grams
FE0628B - Mushroom Chicken & Wild Rice [DKSE],REC-013861-4-003,Rice - MCTWR Cheesy Creamy Wild Rice Blend Batch,Cooked Long Grain & Wild Rice Blend w/ Sage,,"FA-DE Chives, Dried /Schnittlauch, getrocknet",SPI-00-139322-5,SPI,0.15,grams
FE0628B - Mushroom Chicken & Wild Rice [DKSE],REC-013861-4-003,Rice - MCTWR Cheesy Creamy Wild Rice Blend Batch,Onions - Cooked Spanish Onions,,"FA-DE Oil, Olive /Öl, Olivenöl",PRO-00-139277-5,PRO,2.98,grams
FE0628B - Mushroom Chicken & Wild Rice [DKSE],REC-013861-4-003,Rice - MCTWR Cheesy Creamy Wild Rice Blend Batch,Onions - Cooked Spanish Onions,,"FA-DE Onion, Spanish, Diced 5mm /Zwiebel, Spanisch, gewürfelt 5 mm",PHF-00-139212-3,PHF,23.85,grams
FE0628B - Mushroom Chicken & Wild Rice [DKSE],REC-013861-4-003,Rice - MCTWR Cheesy Creamy Wild Rice Blend Batch,Sauce - Mozzarella Herb Cream Cheese Sauce,,FA-DE Heavy Cream 35% /Sahne 35%,DAI-00-148167-3,DAI,15.75,grams
FE0628B - Mushroom Chicken & Wild Rice [DKSE],REC-013861-4-003,Rice - MCTWR Cheesy Creamy Wild Rice Blend Batch,Sauce - Mozzarella Herb Cream Cheese Sauce,,"FA-DE Chives, Dried /Schnittlauch, getrocknet",SPI-00-139322-5,SPI,0.09,grams
FE0628B - Mushroom Chicken & Wild Rice [DKSE],REC-013861-4-003,Rice - MCTWR Cheesy Creamy Wild Rice Blend Batch,Sauce - Mozzarella Herb Cream Cheese Sauce,Roasted Garlic (use),"FA-DE Garlic, Peeled, Whole Cloves [10kg] /Knoblauch, geschält, ganze Nelken [10kg]",PHF-00-139197-3,PHF,0.93,grams
FE0628B - Mushroom Chicken & Wild Rice [DKSE],REC-013861-4-003,Rice - MCTWR Cheesy Creamy Wild Rice Blend Batch,Sauce - Mozzarella Herb Cream Cheese Sauce,Roasted Garlic (use),"FA-DE Oil, Olive /Öl, Olivenöl",PRO-00-139277-5,PRO,0.7,grams
FE0628B - Mushroom Chicken & Wild Rice [DKSE],REC-013861-4-003,Rice - MCTWR Cheesy Creamy Wild Rice Blend Batch,Sauce - Mozzarella Herb Cream Cheese Sauce,,"FA-DE Spice, Onion Granulated /Gewürze, Zwiebeln granuliert",SPI-00-139370-5,SPI,0.09,grams
FE0628B - Mushroom Chicken & Wild Rice [DKSE],REC-013861-4-003,Rice - MCTWR Cheesy Creamy Wild Rice Blend Batch,Sauce - Mozzarella Herb Cream Cheese Sauce,,"FA-DE Cheese, Mozzarella, Shredded /Käse, Mozzarella, gerieben",DAI-00-139125-3,DAI,4.17,grams
FE0628B - Mushroom Chicken & Wild Rice [DKSE],REC-013861-4-003,Rice - MCTWR Cheesy Creamy Wild Rice Blend Batch,Sauce - Mozzarella Herb Cream Cheese Sauce,,"FA-DE Thyme, IQF /Thymian, IQF",PHF-00-139244-1,PHF,0.07,grams
FE0628B - Mushroom Chicken & Wild Rice [DKSE],REC-013861-4-003,Rice - MCTWR Cheesy Creamy Wild Rice Blend Batch,Sauce - Mozzarella Herb Cream Cheese Sauce,,"FA-DE Spice, Sea Salt /Gewürze, Meersalz",SPI-00-139378-5,SPI,0.08,grams
FE0628B - Mushroom Chicken & Wild Rice [DKSE],REC-013861-4-003,Rice - MCTWR Cheesy Creamy Wild Rice Blend Batch,Sauce - Mozzarella Herb Cream Cheese Sauce,,"FA-DE Rosemary, IQF /Rosmarin, IQF",PHF-00-139243-1,PHF,0.07,grams
FE0628B - Mushroom Chicken & Wild Rice [DKSE],REC-013861-4-003,Rice - MCTWR Cheesy Creamy Wild Rice Blend Batch,Sauce - Mozzarella Herb Cream Cheese Sauce,,"FA-DE Cheese, Cream, 13% Fat (Milk) /Käse, Sahne, 13% Fett",DAI-00-139122-3,DAI,11.81,grams
FE0628B - Mushroom Chicken & Wild Rice [DKSE],REC-013861-4-003,Rice - MCTWR Cheesy Creamy Wild Rice Blend Batch,Sauce - Mozzarella Herb Cream Cheese Sauce,,"FA-DE Sage, IQF /Salbei, IQF",PHF-00-139246-1,PHF,0.07,grams
FE0628B - Mushroom Chicken & Wild Rice [DKSE],REC-013861-4-003,Rice - MCTWR Cheesy Creamy Wild Rice Blend Batch,Sauce - Mozzarella Herb Cream Cheese Sauce,,"FA-DE Cheese, Parmesan, Grated /Käse, Parmesan, gerieben",DAI-00-139127-3,DAI,1.74,grams
FE0628B - Mushroom Chicken & Wild Rice [DKSE],REC-013861-4-003,Rice - MCTWR Cheesy Creamy Wild Rice Blend Batch,Sauce - Mozzarella Herb Cream Cheese Sauce,,"FA-DE Spice, Black Pepper, Ground /Gewürz, schwarzer Pfeffer, gemahlen",SPI-00-139334-5,SPI,0.09,grams
FV0024A - Chicken in tomato cream sauce [DKSE],REC-013938-4-006,Sauce - Sun-Dried Tomato Sauce - Less Salt,,,"FA-DE Cheese, Parmesan, Grated /Käse, Parmesan, gerieben",DAI-00-139127-3,DAI,14.55,grams
FV0024A - Chicken in tomato cream sauce [DKSE],REC-013938-4-006,Sauce - Sun-Dried Tomato Sauce - Less Salt,,,FA-DE Heavy Cream 20% /Sahne 20%,DAI-00-139137-3,DAI,90.49,grams
FV0024A - Chicken in tomato cream sauce [DKSE],REC-013938-4-006,Sauce - Sun-Dried Tomato Sauce - Less Salt,,,"FA-DE Oil, Olive /Öl, Olivenöl",PRO-00-139277-5,PRO,8.29,grams
FV0024A - Chicken in tomato cream sauce [DKSE],REC-013938-4-006,Sauce - Sun-Dried Tomato Sauce - Less Salt,,,"FA-DE Stock, Chicken, Reduced/Brühe, Huhn, Reduziert",PRO-00-139288-5,PRO,1.63,grams
FV0024A - Chicken in tomato cream sauce [DKSE],REC-013938-4-006,Sauce - Sun-Dried Tomato Sauce - Less Salt,,,"FA-DE Garlic, IQF, Diced 4 mm /Knoblauch, IQF, gewürfelt 4 mm",PHF-00-139237-1,PHF,3.31,grams
FV0024A - Chicken in tomato cream sauce [DKSE],REC-013938-4-006,Sauce - Sun-Dried Tomato Sauce - Less Salt,Hydrated Sun-Dried Tomatoes,,"FA-DE Tomatoes, Sun - Dried Julienned /Tomaten, sonnengetrocknete Julienne",PRO-00-139296-5,PRO,8.07,grams
FV0024A - Chicken in tomato cream sauce [DKSE],REC-013938-4-006,Sauce - Sun-Dried Tomato Sauce - Less Salt,Hydrated Sun-Dried Tomatoes,,FA-DE Water / Wasser,OTH-00-144038-5,OTH,8.07,grams
FV0024A - Chicken in tomato cream sauce [DKSE],REC-013938-4-006,Sauce - Sun-Dried Tomato Sauce - Less Salt,,,"FA-DE Spinach, Fresh, Stem Off /Spinat, frisch, ohne Stiel",PHF-00-139225-3,PHF,11.64,grams
FV0024A - Chicken in tomato cream sauce [DKSE],REC-013938-4-006,Sauce - Sun-Dried Tomato Sauce - Less Salt,,,"FA-DE Spice, Sea Salt /Gewürze, Meersalz",SPI-00-139378-5,SPI,0.07,grams
FV0024A - Chicken in tomato cream sauce [DKSE],REC-013938-4-006,Sauce - Sun-Dried Tomato Sauce - Less Salt,,,"FA-DE Onion, Spanish, Diced 5mm /Zwiebel, Spanisch, gewürfelt 5 mm",PHF-00-139212-3,PHF,14.55,grams
FV0024A - Chicken in tomato cream sauce [DKSE],REC-013938-4-006,Chicken breast - Sun-Dried Tomato Chicken Batch - Grilled 160g,,,"FA-DE Spice, Black Pepper, Ground /Gewürz, schwarzer Pfeffer, gemahlen",SPI-00-139334-5,SPI,0.14,grams
FV0024A - Chicken in tomato cream sauce [DKSE],REC-013938-4-006,Chicken breast - Sun-Dried Tomato Chicken Batch - Grilled 160g,,,"FA-DE Spice, Oregano Dry /Gewürz, Oregano trocken",SPI-00-139372-5,SPI,0.14,grams
FV0024A - Chicken in tomato cream sauce [DKSE],REC-013938-4-006,Chicken breast - Sun-Dried Tomato Chicken Batch - Grilled 160g,,,"FA-DE Spice, Onion Granulated /Gewürze, Zwiebeln granuliert",SPI-00-139370-5,SPI,0.23,grams
FV0024A - Chicken in tomato cream sauce [DKSE],REC-013938-4-006,Chicken breast - Sun-Dried Tomato Chicken Batch - Grilled 160g,,,"FA-DE Spice, Crushed Red Pepper Flakes /Gewürz, zerkleinerte rote Pfefferflocken",SPI-00-139344-5,SPI,0.09,grams
FV0024A - Chicken in tomato cream sauce [DKSE],REC-013938-4-006,Chicken breast - Sun-Dried Tomato Chicken Batch - Grilled 160g,,,"FA-DE Spice, Garlic Granulated /Gewürz, Knoblauch granuliert",SPI-00-139353-5,SPI,0.43,grams
FV0024A - Chicken in tomato cream sauce [DKSE],REC-013938-4-006,Chicken breast - Sun-Dried Tomato Chicken Batch - Grilled 160g,,,"FA-DE Vinegar, Red Wine /Essig, Rotwein",PRO-00-139301-5,PRO,2.3,grams
FV0024A - Chicken in tomato cream sauce [DKSE],REC-013938-4-006,Chicken breast - Sun-Dried Tomato Chicken Batch - Grilled 160g,Chicken Breast - BRINED 160g,,"FA-DE Chicken, Breast, B/S - 160g/Hähnchen, Brust, B/S – 160 g",PTN-00-139317-3,PTN,160,grams
FV0024A - Chicken in tomato cream sauce [DKSE],REC-013938-4-006,Chicken breast - Sun-Dried Tomato Chicken Batch - Grilled 160g,Chicken Breast - BRINED 160g,,FA-DE Water / Wasser,OTH-00-144038-5,OTH,160,grams
FV0024A - Chicken in tomato cream sauce [DKSE],REC-013938-4-006,Chicken breast - Sun-Dried Tomato Chicken Batch - Grilled 160g,Chicken Breast - BRINED 160g,,"FA-DE Spice, Sea Salt /Gewürze, Meersalz",SPI-00-139378-5,SPI,1.41,grams
FV0024A - Chicken in tomato cream sauce [DKSE],REC-013938-4-006,Chicken breast - Sun-Dried Tomato Chicken Batch - Grilled 160g,,,"FA-DE Parsley, Chopped /Petersilie, gehackt",PHF-00-139215-3,PHF,0.46,grams
FV0024A - Chicken in tomato cream sauce [DKSE],REC-013938-4-006,Chicken breast - Sun-Dried Tomato Chicken Batch - Grilled 160g,,,"FA-DE Oil, Olive /Öl, Olivenöl",PRO-00-139277-5,PRO,6.8,grams
FV0024A - Chicken in tomato cream sauce [DKSE],REC-013938-4-006,Chicken breast - Sun-Dried Tomato Chicken Batch - Grilled 160g,Basil - Picked Basil Leaves,,"FA-DE Basil, Fresh /Basilikum, frisch",PHF-00-139175-3,PHF,1.02,grams
FV0024A - Chicken in tomato cream sauce [DKSE],REC-013938-4-006,Cooked Courgette Noodles - No Salt,,,"FA-DE Oil, Olive /Öl, Olivenöl",PRO-00-139277-5,PRO,8.07,grams
FV0024A - Chicken in tomato cream sauce [DKSE],REC-013938-4-006,Cooked Courgette Noodles - No Salt,,,"FA-DE Zucchini, Spiralized Noodles /Zucchini, Spiralnudeln",PHF-00-139230-3,PHF,138.21,grams
FV0035A - Salmon with pesto [DKSE],REC-013940-4-004,Salmon - garlic seasoning,,,"FA-DE Salmon, Skinless, Boneless, Filet/Lachs, ohne Haut, ohne Knochen, Filet - IQF",PTN-00-139968-1,PTN,140,grams
FV0035A - Salmon with pesto [DKSE],REC-013940-4-004,Salmon - garlic seasoning,,,"FA-DE Spice, Sea Salt /Gewürze, Meersalz",SPI-00-139378-5,SPI,0.42,grams
FV0035A - Salmon with pesto [DKSE],REC-013940-4-004,Salmon - garlic seasoning,,,"FA-DE Spice, Garlic Granulated /Gewürz, Knoblauch granuliert",SPI-00-139353-5,SPI,0.14,grams
FV0035A - Salmon with pesto [DKSE],REC-013940-4-004,Sauce - Pesto,Toasted Sliced Almonds,,"FA-DE Almond, Sliced, Blanched /Mandeln, geschnitten, blanchiert",SPI-00-139147-5,SPI,3.03,grams
FV0035A - Salmon with pesto [DKSE],REC-013940-4-004,Sauce - Pesto,,,"FA-DE Cheese, Parmesan, Grated /Käse, Parmesan, gerieben",DAI-00-139127-3,DAI,3.72,grams
FV0035A - Salmon with pesto [DKSE],REC-013940-4-004,Sauce - Pesto,,,"FA-DE Spice, Sea Salt /Gewürze, Meersalz",SPI-00-139378-5,SPI,0.15,grams
FV0035A - Salmon with pesto [DKSE],REC-013940-4-004,Sauce - Pesto,,,"FA-DE Oil, Olive /Öl, Olivenöl",PRO-00-139277-5,PRO,17.24,grams
FV0035A - Salmon with pesto [DKSE],REC-013940-4-004,Sauce - Pesto,Basil Kill Step,Basil - Picked Basil Leaves,"FA-DE Basil, Fresh /Basilikum, frisch",PHF-00-139175-3,PHF,7.04,grams
FV0035A - Salmon with pesto [DKSE],REC-013940-4-004,Sauce - Pesto,,,"FA-DE Spice, Garlic Granulated /Gewürz, Knoblauch granuliert",SPI-00-139353-5,SPI,0.15,grams
FV0035A - Salmon with pesto [DKSE],REC-013940-4-004,Sauce - Pesto,Fresh Spinach Kill Step,,"FA-DE Spinach, Fresh, Stem Off /Spinat, frisch, ohne Stiel",PHF-00-139225-3,PHF,4.03,grams
FV0035A - Salmon with pesto [DKSE],REC-013940-4-004,S&P Roasted Green Beans 1,,,"FA-DE Oil, Olive /Öl, Olivenöl",PRO-00-139277-5,PRO,7.62,grams
FV0035A - Salmon with pesto [DKSE],REC-013940-4-004,S&P Roasted Green Beans 1,,,"FA-DE Spice, Sea Salt /Gewürze, Meersalz",SPI-00-139378-5,SPI,0.45,grams
FV0035A - Salmon with pesto [DKSE],REC-013940-4-004,S&P Roasted Green Beans 1,,,"FA-DE Spice, Black Pepper, Ground /Gewürz, schwarzer Pfeffer, gemahlen",SPI-00-139334-5,SPI,0.22,grams
FV0035A - Salmon with pesto [DKSE],REC-013940-4-004,S&P Roasted Green Beans 1,,,"FA-DE Green Beans, Fresh and Trimmed/Grüne Bohnen, frisch und geschnitten",PHF-00-139198-3,PHF,112.35,grams
FV0035A - Salmon with pesto [DKSE],REC-013940-4-004,Spinach - Creamed Spinach,,,"FA-DE Spice, Sea Salt /Gewürze, Meersalz",SPI-00-139378-5,SPI,0.14,grams
FV0035A - Salmon with pesto [DKSE],REC-013940-4-004,Spinach - Creamed Spinach,,,"FA-DE Onion, Spanish, Diced 5mm /Zwiebel, Spanisch, gewürfelt 5 mm",PHF-00-139212-3,PHF,12.01,grams
FV0035A - Salmon with pesto [DKSE],REC-013940-4-004,Spinach - Creamed Spinach,,,"FA-DE Cheese, Parmesan, Grated /Käse, Parmesan, gerieben",DAI-00-139127-3,DAI,9.01,grams
FV0035A - Salmon with pesto [DKSE],REC-013940-4-004,Spinach - Creamed Spinach,Thawed & Squeezed Frozen Spinach,,"FA-DE Spinach, Frozen Leaf/Spinat, gefrorener Blattspinat",PHF-00-139242-1,PHF,88.66,grams
FV0035A - Salmon with pesto [DKSE],REC-013940-4-004,Spinach - Creamed Spinach,,,"FA-DE Oil, Olive /Öl, Olivenöl",PRO-00-139277-5,PRO,3.01,grams
FV0035A - Salmon with pesto [DKSE],REC-013940-4-004,Spinach - Creamed Spinach,,,"FA-DE Cheese, Cream, 13% Fat (Milk) /Käse, Sahne, 13% Fett",DAI-00-139122-3,DAI,38.73,grams
FV0035A - Salmon with pesto [DKSE],REC-013940-4-004,Spinach - Creamed Spinach,,,"FA-DE Garlic, IQF, Diced 4 mm /Knoblauch, IQF, gewürfelt 4 mm",PHF-00-139237-1,PHF,3.01,grams
FV0035A - Salmon with pesto [DKSE],REC-013940-4-004,Compound butter - Sun-Dried Tomato,,,"FA-DE Spice, Garlic Granulated /Gewürz, Knoblauch granuliert",SPI-00-139353-5,SPI,0.04,grams
FV0035A - Salmon with pesto [DKSE],REC-013940-4-004,Compound butter - Sun-Dried Tomato,Roasted Garlic (use),,"FA-DE Garlic, Peeled, Whole Cloves [10kg] /Knoblauch, geschält, ganze Nelken [10kg]",PHF-00-139197-3,PHF,1.17,grams
FV0035A - Salmon with pesto [DKSE],REC-013940-4-004,Compound butter - Sun-Dried Tomato,Roasted Garlic (use),,"FA-DE Oil, Olive /Öl, Olivenöl",PRO-00-139277-5,PRO,0.88,grams
FV0035A - Salmon with pesto [DKSE],REC-013940-4-004,Compound butter - Sun-Dried Tomato,,,"FA-DE Butter, Unsalted /Butter, ungesalzen",DAI-00-139146-3,DAI,9.32,grams
FV0035A - Salmon with pesto [DKSE],REC-013940-4-004,Compound butter - Sun-Dried Tomato,,,"FA-DE Spice, Sea Salt /Gewürze, Meersalz",SPI-00-139378-5,SPI,0.19,grams
FV0035A - Salmon with pesto [DKSE],REC-013940-4-004,Compound butter - Sun-Dried Tomato,Sun-Dried Tomato + Basil Puree,,FA-DE Water / Wasser,OTH-00-144038-5,OTH,1.74,grams
FV0035A - Salmon with pesto [DKSE],REC-013940-4-004,Compound butter - Sun-Dried Tomato,Sun-Dried Tomato + Basil Puree,Basil - Picked Basil Leaves,"FA-DE Basil, Fresh /Basilikum, frisch",PHF-00-139175-3,PHF,0.32,grams
FV0035A - Salmon with pesto [DKSE],REC-013940-4-004,Compound butter - Sun-Dried Tomato,Sun-Dried Tomato + Basil Puree,,"FA-DE Tomatoes, Sun - Dried Julienned /Tomaten, sonnengetrocknete Julienne",PRO-00-139296-5,PRO,1.74,grams
FV0224A - Chicken à la Florentine [DKSE],REC-013963-4-004,Chicken breast - Herb Grilled Chicken Breast,Chicken Breast - BRINED 160g,,"FA-DE Chicken, Breast, B/S - 160g/Hähnchen, Brust, B/S – 160 g",PTN-00-139317-3,PTN,160,grams
FV0224A - Chicken à la Florentine [DKSE],REC-013963-4-004,Chicken breast - Herb Grilled Chicken Breast,Chicken Breast - BRINED 160g,,FA-DE Water / Wasser,OTH-00-144038-5,OTH,160,grams
FV0224A - Chicken à la Florentine [DKSE],REC-013963-4-004,Chicken breast - Herb Grilled Chicken Breast,Chicken Breast - BRINED 160g,,"FA-DE Spice, Sea Salt /Gewürze, Meersalz",SPI-00-139378-5,SPI,1.41,grams
FV0224A - Chicken à la Florentine [DKSE],REC-013963-4-004,Chicken breast - Herb Grilled Chicken Breast,Herb marinade for Herb grilled Chicken Breast,,"FA-DE Spice, Sea Salt /Gewürze, Meersalz",SPI-00-139378-5,SPI,0.12,grams
FV0224A - Chicken à la Florentine [DKSE],REC-013963-4-004,Chicken breast - Herb Grilled Chicken Breast,Herb marinade for Herb grilled Chicken Breast,,"FA-DE Spice, Italian Seasoning /Gewürze, italienische Gewürze",SPI-00-139359-5,SPI,0.12,grams
FV0224A - Chicken à la Florentine [DKSE],REC-013963-4-004,Chicken breast - Herb Grilled Chicken Breast,Herb marinade for Herb grilled Chicken Breast,Roasted Garlic oil,"FA-DE Garlic, Peeled, Whole Cloves [10kg] /Knoblauch, geschält, ganze Nelken [10kg]",PHF-00-139197-3,PHF,8.29,grams
FV0224A - Chicken à la Florentine [DKSE],REC-013963-4-004,Chicken breast - Herb Grilled Chicken Breast,Herb marinade for Herb grilled Chicken Breast,Roasted Garlic oil,"FA-DE Oil, Olive /Öl, Olivenöl",PRO-00-139277-5,PRO,6.22,grams
FV0224A - Chicken à la Florentine [DKSE],REC-013963-4-004,,,,"FA-DE Cheese, Mozzarella, Shredded /Käse, Mozzarella, gerieben",DAI-00-139125-3,DAI,15,grams
FV0224A - Chicken à la Florentine [DKSE],REC-013963-4-004,Cauliflower - Chili-Garlic Cauliflower Florets,,,"FA-DE Spice, Black Pepper, Ground /Gewürz, schwarzer Pfeffer, gemahlen",SPI-00-139334-5,SPI,0.29,grams
FV0224A - Chicken à la Florentine [DKSE],REC-013963-4-004,Cauliflower - Chili-Garlic Cauliflower Florets,,,"FA-DE Spice, Sea Salt /Gewürze, Meersalz",SPI-00-139378-5,SPI,0.59,grams
FV0224A - Chicken à la Florentine [DKSE],REC-013963-4-004,Cauliflower - Chili-Garlic Cauliflower Florets,,,"FA-DE Oil, Olive /Öl, Olivenöl",PRO-00-139277-5,PRO,8.96,grams
FV0224A - Chicken à la Florentine [DKSE],REC-013963-4-004,Cauliflower - Chili-Garlic Cauliflower Florets,,,"FA-DE Spice, Gochugaru Chili Pepper Flakes /Gewürz, Gochugaru-Chili-Pfefferflocken",SPI-00-139356-5,SPI,0.29,grams
FV0224A - Chicken à la Florentine [DKSE],REC-013963-4-004,Cauliflower - Chili-Garlic Cauliflower Florets,,,"FA-DE Cauliflower, Florets /Blumenkohl, Röschen",PHF-00-143426-3,PHF,122.98,grams
FV0224A - Chicken à la Florentine [DKSE],REC-013963-4-004,Cauliflower - Chili-Garlic Cauliflower Florets,,,"FA-DE Spice, Onion Powder, Toasted /Gewürze, Zwiebelpulver, geröstet",SPI-00-139371-5,SPI,0.29,grams
FV0224A - Chicken à la Florentine [DKSE],REC-013963-4-004,Cauliflower - Chili-Garlic Cauliflower Florets,,,"FA-DE Garlic, IQF, Diced 4 mm /Knoblauch, IQF, gewürfelt 4 mm",PHF-00-139237-1,PHF,4.08,grams
FV0224A - Chicken à la Florentine [DKSE],REC-013963-4-004,Sauce - Florentine Cream Sauce,,,"FA-DE Garlic, IQF, Diced 4 mm /Knoblauch, IQF, gewürfelt 4 mm",PHF-00-139237-1,PHF,0.5,grams
FV0224A - Chicken à la Florentine [DKSE],REC-013963-4-004,Sauce - Florentine Cream Sauce,,,"FA-DE Wine, White/Wein, Weiß",PRO-00-139305-5,PRO,0.92,grams
FV0224A - Chicken à la Florentine [DKSE],REC-013963-4-004,Sauce - Florentine Cream Sauce,,,"FA-DE Stock, Chicken, Reduced/Brühe, Huhn, Reduziert",PRO-00-139288-5,PRO,0.17,grams
FV0224A - Chicken à la Florentine [DKSE],REC-013963-4-004,Sauce - Florentine Cream Sauce,,,"FA-DE Spice, Sea Salt /Gewürze, Meersalz",SPI-00-139378-5,SPI,0.08,grams
FV0224A - Chicken à la Florentine [DKSE],REC-013963-4-004,Sauce - Florentine Cream Sauce,,,"FA-DE Milk, Whole /Milch, voll",DAI-00-139142-3,DAI,4.34,grams
FV0224A - Chicken à la Florentine [DKSE],REC-013963-4-004,Sauce - Florentine Cream Sauce,,,"FA-DE Spice, Black Pepper, Ground /Gewürz, schwarzer Pfeffer, gemahlen",SPI-00-139334-5,SPI,0.03,grams
FV0224A - Chicken à la Florentine [DKSE],REC-013963-4-004,Sauce - Florentine Cream Sauce,Heavy Cream- Yielded,,FA-DE Heavy Cream 20% /Sahne 20%,DAI-00-139137-3,DAI,13.35,grams
FV0224A - Chicken à la Florentine [DKSE],REC-013963-4-004,Sauce - Florentine Cream Sauce,,,"FA-DE Juice, Lemon /Saft, Zitrone",PRO-00-139265-5,PRO,0.42,grams
FV0224A - Chicken à la Florentine [DKSE],REC-013963-4-004,Sauce - Florentine Cream Sauce,,,"FA-DE Onion, Spanish, Diced 5mm /Zwiebel, Spanisch, gewürfelt 5 mm",PHF-00-139212-3,PHF,1.25,grams
FV0224A - Chicken à la Florentine [DKSE],REC-013963-4-004,Sauce - Florentine Cream Sauce,,,"FA-DE Oil, Olive /Öl, Olivenöl",PRO-00-139277-5,PRO,2.09,grams
FV0224A - Chicken à la Florentine [DKSE],REC-013963-4-004,Sauce - Florentine Cream Sauce,,,"FA-DE Cheese, Cream, 13% Fat (Milk) /Käse, Sahne, 13% Fett",DAI-00-139122-3,DAI,4.42,grams
FV0224A - Chicken à la Florentine [DKSE],REC-013963-4-004,Sauce - Florentine Cream Sauce,,,"FA-DE Spice, Onion Powder, Toasted /Gewürze, Zwiebelpulver, geröstet",SPI-00-139371-5,SPI,0.08,grams
FV0224A - Chicken à la Florentine [DKSE],REC-013963-4-004,Sauce - Florentine Cream Sauce,,,"FA-DE Cheese, Parmesan, Grated /Käse, Parmesan, gerieben",DAI-00-139127-3,DAI,1.5,grams
FV0224A - Chicken à la Florentine [DKSE],REC-013963-4-004,Polenta less fat,,,"FA-DE Grits, Cereal Hot, Quick /Grütze, Müsli, heiß, schnell",PRO-00-139264-5,PRO,16.19,grams
FV0224A - Chicken à la Florentine [DKSE],REC-013963-4-004,Polenta less fat,,,"FA-DE Butter, Unsalted /Butter, ungesalzen",DAI-00-139146-3,DAI,3.1,grams
FV0224A - Chicken à la Florentine [DKSE],REC-013963-4-004,Polenta less fat,,,"FA-DE Chives, Dried /Schnittlauch, getrocknet",SPI-00-139322-5,SPI,0.09,grams
FV0224A - Chicken à la Florentine [DKSE],REC-013963-4-004,Polenta less fat,,,FA-DE Mascarpone /Mascarpone,DAI-00-139143-3,DAI,6.21,grams
FV0224A - Chicken à la Florentine [DKSE],REC-013963-4-004,Polenta less fat,,,"FA-DE Milk, Semi-Skimmed /Milch, teilentrahmt",DAI-00-139139-3,DAI,74.48,grams
FV0224A - Chicken à la Florentine [DKSE],REC-013963-4-004,Polenta less fat,,,"FA-DE Spice, Sea Salt /Gewürze, Meersalz",SPI-00-139378-5,SPI,0.37,grams
FV0224A - Chicken à la Florentine [DKSE],REC-013963-4-004,Polenta less fat,,,"FA-DE Cheese, Parmesan, Grated /Käse, Parmesan, gerieben",DAI-00-139127-3,DAI,3.72,grams
FV0224A - Chicken à la Florentine [DKSE],REC-013963-4-004,Spinach - Garlic Spinach - Frzn Spinach - less garlic,,,"FA-DE Garlic, IQF, Diced 4 mm /Knoblauch, IQF, gewürfelt 4 mm",PHF-00-139237-1,PHF,1.43,grams
FV0224A - Chicken à la Florentine [DKSE],REC-013963-4-004,Spinach - Garlic Spinach - Frzn Spinach - less garlic,,,"FA-DE Spice, Sea Salt /Gewürze, Meersalz",SPI-00-139378-5,SPI,0.24,grams
FV0224A - Chicken à la Florentine [DKSE],REC-013963-4-004,Spinach - Garlic Spinach - Frzn Spinach - less garlic,Thawed & Squeezed Frozen Spinach,,"FA-DE Spinach, Frozen Leaf/Spinat, gefrorener Blattspinat",PHF-00-139242-1,PHF,83.25,grams
FV0224A - Chicken à la Florentine [DKSE],REC-013963-4-004,Spinach - Garlic Spinach - Frzn Spinach - less garlic,,,"FA-DE Oil, Olive /Öl, Olivenöl",PRO-00-139277-5,PRO,3.64,grams
FV0281A - Baja Salmon [DKSE],REC-014197-4-005,Broccoli - S&P Broccoli FLORETS - less salt,,,"FA-DE Spice, Sea Salt /Gewürze, Meersalz",SPI-00-139378-5,SPI,0.38,grams
FV0281A - Baja Salmon [DKSE],REC-014197-4-005,Broccoli - S&P Broccoli FLORETS - less salt,,,"FA-DE Oil, Olive /Öl, Olivenöl",PRO-00-139277-5,PRO,8.5,grams
FV0281A - Baja Salmon [DKSE],REC-014197-4-005,Broccoli - S&P Broccoli FLORETS - less salt,,,"FA-DE Spice, Garlic Powder, Toasted /Gewürz, Knoblauchpulver, geröstet",SPI-00-139354-5,SPI,0.3,grams
FV0281A - Baja Salmon [DKSE],REC-014197-4-005,Broccoli - S&P Broccoli FLORETS - less salt,,,"FA-DE Broccoli, Florets, /Brokkoli, Röschen",PHF-00-143425-3,PHF,103.24,grams
FV0281A - Baja Salmon [DKSE],REC-014197-4-005,Broccoli - S&P Broccoli FLORETS - less salt,,,"FA-DE Spice, Black Pepper, Ground /Gewürz, schwarzer Pfeffer, gemahlen",SPI-00-139334-5,SPI,0.38,grams
FV0281A - Baja Salmon [DKSE],REC-014197-4-005,Sauce - Cilantro Sour Cream,,,"FA-DE Spice, Sea Salt /Gewürze, Meersalz",SPI-00-139378-5,SPI,0.29,grams
FV0281A - Baja Salmon [DKSE],REC-014197-4-005,Sauce - Cilantro Sour Cream,,,"FA-DE Jalapeno Peppers, Diced 5mm /Jalapeno-Paprikaschoten, gewürfelt, 5 mm",PHF-00-139201-3,PHF,1.49,grams
FV0281A - Baja Salmon [DKSE],REC-014197-4-005,Sauce - Cilantro Sour Cream,,,"FA-DE Juice, Lime /Saft, Limette",PRO-00-139268-5,PRO,1.49,grams
FV0281A - Baja Salmon [DKSE],REC-014197-4-005,Sauce - Cilantro Sour Cream,,,"FA-DE Garlic, Peeled, Whole Cloves [10kg] /Knoblauch, geschält, ganze Nelken [10kg]",PHF-00-139197-3,PHF,0.29,grams
FV0281A - Baja Salmon [DKSE],REC-014197-4-005,Sauce - Cilantro Sour Cream,,,FA-DE Sour Cream /Sauerrahm,DAI-00-139141-3,DAI,29.81,grams
FV0281A - Baja Salmon [DKSE],REC-014197-4-005,Sauce - Cilantro Sour Cream,,,"FA-DE Coriander, Chopped /Koriander, gehackt",PHF-00-139192-3,PHF,7.45,grams
FV0281A - Baja Salmon [DKSE],REC-014197-4-005,Mexican Cauliflower Rice,,,"FA-DE Oil, Olive /Öl, Olivenöl",PRO-00-139277-5,PRO,3.02,grams
FV0281A - Baja Salmon [DKSE],REC-014197-4-005,Mexican Cauliflower Rice,,,"FA-DE Spice, Sea Salt /Gewürze, Meersalz",SPI-00-139378-5,SPI,0.37,grams
FV0281A - Baja Salmon [DKSE],REC-014197-4-005,Mexican Cauliflower Rice,,,"FA-DE Spice, Chili Powder /Gewürz, Chilipulver",SPI-00-139340-5,SPI,0.37,grams
FV0281A - Baja Salmon [DKSE],REC-014197-4-005,Mexican Cauliflower Rice,,,"FA-DE Bell Peppers, Green, Diced 10mm /Paprika, grün, gewürfelt 10 mm",PHF-00-139176-3,PHF,6.79,grams
FV0281A - Baja Salmon [DKSE],REC-014197-4-005,Mexican Cauliflower Rice,,,"FA-DE Bell Peppers, Red, Diced 10mm /Paprika, rot, gewürfelt 10 mm",PHF-00-139179-3,PHF,20.77,grams
FV0281A - Baja Salmon [DKSE],REC-014197-4-005,Mexican Cauliflower Rice,,,"FA-DE Spice, Paprika /Gewürze, Paprika",SPI-00-139373-5,SPI,0.37,grams
FV0281A - Baja Salmon [DKSE],REC-014197-4-005,Mexican Cauliflower Rice,,,"FA-DE Cauliflower, Riced, IQF /Blumenkohl, Reis, IQF",PHF-00-139233-1,PHF,111.41,grams
FV0281A - Baja Salmon [DKSE],REC-014197-4-005,Mexican Cauliflower Rice,,,"FA-DE Spice, Cumin Ground /Gewürz, gemahlener Kreuzkümmel",SPI-00-139345-5,SPI,0.37,grams
FV0281A - Baja Salmon [DKSE],REC-014197-4-005,Mexican Cauliflower Rice,,,"FA-DE Onion, Red, Diced 5mm /Zwiebeln, rot, gewürfelt 5 mm",PHF-00-139213-3,PHF,13.6,grams
FV0281A - Baja Salmon [DKSE],REC-014197-4-005,Compound butter - Chili-Garlic Butter - master batch,,,"FA-DE Spice, Minced Garlic, Toasted, Dry /Gewürz, gehackter Knoblauch, geröstet, trocken",SPI-00-139367-5,SPI,0.21,grams
FV0281A - Baja Salmon [DKSE],REC-014197-4-005,Compound butter - Chili-Garlic Butter - master batch,,,"FA-DE Spice, Gochugaru Chili Pepper Flakes /Gewürz, Gochugaru-Chili-Pfefferflocken",SPI-00-139356-5,SPI,0.07,grams
FV0281A - Baja Salmon [DKSE],REC-014197-4-005,Compound butter - Chili-Garlic Butter - master batch,,,"FA-DE Spice, Sea Salt /Gewürze, Meersalz",SPI-00-139378-5,SPI,0.07,grams
FV0281A - Baja Salmon [DKSE],REC-014197-4-005,Compound butter - Chili-Garlic Butter - master batch,,,"FA-DE Spice, Black Pepper, Ground /Gewürz, schwarzer Pfeffer, gemahlen",SPI-00-139334-5,SPI,0.07,grams
FV0281A - Baja Salmon [DKSE],REC-014197-4-005,Compound butter - Chili-Garlic Butter - master batch,,,"FA-DE Butter, Unsalted /Butter, ungesalzen",DAI-00-139146-3,DAI,5.63,grams
FV0281A - Baja Salmon [DKSE],REC-014197-4-005,Compound butter - Chili-Garlic Butter - master batch,,,"FA-DE Spice, Guajillo Peppers, Ground /Gewürze, Guajillo-Paprikaschoten, gemahlen",SPI-00-139358-5,SPI,0.07,grams
FV0281A - Baja Salmon [DKSE],REC-014197-4-005,Compound butter - Chili-Garlic,,,"FA-DE Spice, Sea Salt /Gewürze, Meersalz",SPI-00-139378-5,SPI,0.07,grams
FV0281A - Baja Salmon [DKSE],REC-014197-4-005,Compound butter - Chili-Garlic,,,"FA-DE Butter, Unsalted /Butter, ungesalzen",DAI-00-139146-3,DAI,5.63,grams
FV0281A - Baja Salmon [DKSE],REC-014197-4-005,Compound butter - Chili-Garlic,,,"FA-DE Spice, Minced Garlic, Toasted, Dry /Gewürz, gehackter Knoblauch, geröstet, trocken",SPI-00-139367-5,SPI,0.21,grams
FV0281A - Baja Salmon [DKSE],REC-014197-4-005,Compound butter - Chili-Garlic,,,"FA-DE Spice, Guajillo Peppers, Ground /Gewürze, Guajillo-Paprikaschoten, gemahlen",SPI-00-139358-5,SPI,0.07,grams
FV0281A - Baja Salmon [DKSE],REC-014197-4-005,Compound butter - Chili-Garlic,,,"FA-DE Spice, Black Pepper, Ground /Gewürz, schwarzer Pfeffer, gemahlen",SPI-00-139334-5,SPI,0.07,grams
FV0281A - Baja Salmon [DKSE],REC-014197-4-005,Compound butter - Chili-Garlic,,,"FA-DE Spice, Gochugaru Chili Pepper Flakes /Gewürz, Gochugaru-Chili-Pfefferflocken",SPI-00-139356-5,SPI,0.07,grams
FV0281A - Baja Salmon [DKSE],REC-014197-4-005,Salmon - BAJA Salmon - Batch,,,"FA-DE Spice, Sea Salt /Gewürze, Meersalz",SPI-00-139378-5,SPI,0.6,grams
FV0281A - Baja Salmon [DKSE],REC-014197-4-005,Salmon - BAJA Salmon - Batch,Marinade - Baja Marinade,,"FA-DE Spice, Onion Granulated /Gewürze, Zwiebeln granuliert",SPI-00-139370-5,SPI,0.54,grams
FV0281A - Baja Salmon [DKSE],REC-014197-4-005,Salmon - BAJA Salmon - Batch,Marinade - Baja Marinade,,"FA-DE Juice, Lime /Saft, Limette",PRO-00-139268-5,PRO,0.37,grams
FV0281A - Baja Salmon [DKSE],REC-014197-4-005,Salmon - BAJA Salmon - Batch,Marinade - Baja Marinade,,"FA-DE Spice, Smoked Paprika /Gewürz, geräucherter Paprika",SPI-00-139383-5,SPI,0.11,grams
FV0281A - Baja Salmon [DKSE],REC-014197-4-005,Salmon - BAJA Salmon - Batch,Marinade - Baja Marinade,,"FA-DE Juice, Orange /Saft, Orange",PRO-00-139267-5,PRO,0.37,grams
FV0281A - Baja Salmon [DKSE],REC-014197-4-005,Salmon - BAJA Salmon - Batch,Marinade - Baja Marinade,,"FA-DE Oil, Olive /Öl, Olivenöl",PRO-00-139277-5,PRO,5.27,grams
FV0281A - Baja Salmon [DKSE],REC-014197-4-005,Salmon - BAJA Salmon - Batch,Marinade - Baja Marinade,,"FA-DE Spice, Ancho Chili Powder /Gewürz, Ancho-Chili-Pulver",SPI-00-139329-5,SPI,0.85,grams
FV0281A - Baja Salmon [DKSE],REC-014197-4-005,Salmon - BAJA Salmon - Batch,Marinade - Baja Marinade,,"FA-DE Garlic, IQF, Diced 4 mm /Knoblauch, IQF, gewürfelt 4 mm",PHF-00-139237-1,PHF,2.1,grams
FV0281A - Baja Salmon [DKSE],REC-014197-4-005,Salmon - BAJA Salmon - Batch,Marinade - Baja Marinade,,"FA-DE Spice, Cumin Ground /Gewürz, gemahlener Kreuzkümmel",SPI-00-139345-5,SPI,0.54,grams
FV0281A - Baja Salmon [DKSE],REC-014197-4-005,Salmon - BAJA Salmon - Batch,Marinade - Baja Marinade,,"FA-DE Spice, Sea Salt /Gewürze, Meersalz",SPI-00-139378-5,SPI,0.31,grams
FV0281A - Baja Salmon [DKSE],REC-014197-4-005,Salmon - BAJA Salmon - Batch,Marinade - Baja Marinade,,"FA-DE Spice, Black Pepper, Ground /Gewürz, schwarzer Pfeffer, gemahlen",SPI-00-139334-5,SPI,0.2,grams
FV0281A - Baja Salmon [DKSE],REC-014197-4-005,Salmon - BAJA Salmon - Batch,,,"FA-DE Salmon, Skinless, Boneless, Filet/Lachs, ohne Haut, ohne Knochen, Filet - IQF",PTN-00-139968-1,PTN,140,grams
FV0322A - Sour Cream & Chive Chicken [DKSE],REC-014219-4-002,Broccoli - Roasted S&P,,,"FA-DE Spice, Black Pepper, Ground /Gewürz, schwarzer Pfeffer, gemahlen",SPI-00-139334-5,SPI,0.24,grams
FV0322A - Sour Cream & Chive Chicken [DKSE],REC-014219-4-002,Broccoli - Roasted S&P,,,"FA-DE Spice, Garlic Powder, Toasted /Gewürz, Knoblauchpulver, geröstet",SPI-00-139354-5,SPI,0.19,grams
FV0322A - Sour Cream & Chive Chicken [DKSE],REC-014219-4-002,Broccoli - Roasted S&P,,,"FA-DE Broccoli, Florets, /Brokkoli, Röschen",PHF-00-143425-3,PHF,68.1,grams
FV0322A - Sour Cream & Chive Chicken [DKSE],REC-014219-4-002,Broccoli - Roasted S&P,,,"FA-DE Oil, Olive /Öl, Olivenöl",PRO-00-139277-5,PRO,4.92,grams
FV0322A - Sour Cream & Chive Chicken [DKSE],REC-014219-4-002,Broccoli - Roasted S&P,,,"FA-DE Spice, Sea Salt /Gewürze, Meersalz",SPI-00-139378-5,SPI,0.29,grams
FV0322A - Sour Cream & Chive Chicken [DKSE],REC-014219-4-002,S&P Roasted Green Beans 1,,,"FA-DE Oil, Olive /Öl, Olivenöl",PRO-00-139277-5,PRO,9.31,grams
FV0322A - Sour Cream & Chive Chicken [DKSE],REC-014219-4-002,S&P Roasted Green Beans 1,,,"FA-DE Spice, Sea Salt /Gewürze, Meersalz",SPI-00-139378-5,SPI,0.54,grams
FV0322A - Sour Cream & Chive Chicken [DKSE],REC-014219-4-002,S&P Roasted Green Beans 1,,,"FA-DE Spice, Black Pepper, Ground /Gewürz, schwarzer Pfeffer, gemahlen",SPI-00-139334-5,SPI,0.27,grams
FV0322A - Sour Cream & Chive Chicken [DKSE],REC-014219-4-002,S&P Roasted Green Beans 1,,,"FA-DE Green Beans, Fresh and Trimmed/Grüne Bohnen, frisch und geschnitten",PHF-00-139198-3,PHF,137.32,grams
FV0322A - Sour Cream & Chive Chicken [DKSE],REC-014219-4-002,Sour Cream and Chive Mashed Yukons (more salt),,,"FA-DE Milk, Whole /Milch, voll",DAI-00-139142-3,DAI,8.15,grams
FV0322A - Sour Cream & Chive Chicken [DKSE],REC-014219-4-002,Sour Cream and Chive Mashed Yukons (more salt),,,"FA-DE Butter, Unsalted /Butter, ungesalzen",DAI-00-139146-3,DAI,3.22,grams
FV0322A - Sour Cream & Chive Chicken [DKSE],REC-014219-4-002,Sour Cream and Chive Mashed Yukons (more salt),,,FA-DE Sour Cream /Sauerrahm,DAI-00-139141-3,DAI,9.39,grams
FV0322A - Sour Cream & Chive Chicken [DKSE],REC-014219-4-002,Sour Cream and Chive Mashed Yukons (more salt),,,"FA-DE Spice, Garlic Powder, Toasted /Gewürz, Knoblauchpulver, geröstet",SPI-00-139354-5,SPI,0.27,grams
FV0322A - Sour Cream & Chive Chicken [DKSE],REC-014219-4-002,Sour Cream and Chive Mashed Yukons (more salt),,,"FA-DE Chives, Dried /Schnittlauch, getrocknet",SPI-00-139322-5,SPI,0.54,grams
FV0322A - Sour Cream & Chive Chicken [DKSE],REC-014219-4-002,Sour Cream and Chive Mashed Yukons (more salt),,,"FA-DE Spice, Black Pepper, Ground /Gewürz, schwarzer Pfeffer, gemahlen",SPI-00-139334-5,SPI,0.14,grams
FV0322A - Sour Cream & Chive Chicken [DKSE],REC-014219-4-002,Sour Cream and Chive Mashed Yukons (more salt),,,"FA-DE Spice, Sea Salt /Gewürze, Meersalz",SPI-00-139378-5,SPI,0.75,grams
FV0322A - Sour Cream & Chive Chicken [DKSE],REC-014219-4-002,Sour Cream and Chive Mashed Yukons (more salt),,,"FA-DE Spice, Onion Granulated /Gewürze, Zwiebeln granuliert",SPI-00-139370-5,SPI,0.27,grams
FV0322A - Sour Cream & Chive Chicken [DKSE],REC-014219-4-002,Sour Cream and Chive Mashed Yukons (more salt),Cooked Diced Potato,,"FA-DE Potatoes, Diced 10mm /Kartoffeln, gewürfelt, 10 mm",PHF-00-139219-3,PHF,92.71,grams
FV0322A - Sour Cream & Chive Chicken [DKSE],REC-014219-4-002,Sour Cream and Chive Mashed Yukons (more salt),Roasted Garlic (use),,"FA-DE Garlic, Peeled, Whole Cloves [10kg] /Knoblauch, geschält, ganze Nelken [10kg]",PHF-00-139197-3,PHF,1.36,grams
FV0322A - Sour Cream & Chive Chicken [DKSE],REC-014219-4-002,Sour Cream and Chive Mashed Yukons (more salt),Roasted Garlic (use),,"FA-DE Oil, Olive /Öl, Olivenöl",PRO-00-139277-5,PRO,1.02,grams
FV0322A - Sour Cream & Chive Chicken [DKSE],REC-014219-4-002,Chive-Garlic Butter,,,"FA-DE Spice, Leek Powder /Gewürz, Lauchpulver",SPI-00-139361-5,SPI,0.09,grams
FV0322A - Sour Cream & Chive Chicken [DKSE],REC-014219-4-002,Chive-Garlic Butter,,,"FA-DE Spice, Black Pepper, Ground /Gewürz, schwarzer Pfeffer, gemahlen",SPI-00-139334-5,SPI,0.06,grams
FV0322A - Sour Cream & Chive Chicken [DKSE],REC-014219-4-002,Chive-Garlic Butter,,,"FA-DE Spice, Sea Salt /Gewürze, Meersalz",SPI-00-139378-5,SPI,0.12,grams
FV0322A - Sour Cream & Chive Chicken [DKSE],REC-014219-4-002,Chive-Garlic Butter,,,"FA-DE Butter, Unsalted /Butter, ungesalzen",DAI-00-139146-3,DAI,9.47,grams
FV0322A - Sour Cream & Chive Chicken [DKSE],REC-014219-4-002,Chive-Garlic Butter,,,"FA-DE Chives, Dried /Schnittlauch, getrocknet",SPI-00-139322-5,SPI,0.09,grams
FV0322A - Sour Cream & Chive Chicken [DKSE],REC-014219-4-002,Chive-Garlic Butter,,,"FA-DE Spice, Minced Garlic, Toasted, Dry /Gewürz, gehackter Knoblauch, geröstet, trocken",SPI-00-139367-5,SPI,0.24,grams
FV0322A - Sour Cream & Chive Chicken [DKSE],REC-014219-4-002,Grilled Chicken Breast Marinade #4 - Garlic Herb (EACH),Chicken Breast - BRINED 160g,,"FA-DE Chicken, Breast, B/S - 160g/Hähnchen, Brust, B/S – 160 g",PTN-00-139317-3,PTN,160,grams
FV0322A - Sour Cream & Chive Chicken [DKSE],REC-014219-4-002,Grilled Chicken Breast Marinade #4 - Garlic Herb (EACH),Chicken Breast - BRINED 160g,,FA-DE Water / Wasser,OTH-00-144038-5,OTH,160,grams
FV0322A - Sour Cream & Chive Chicken [DKSE],REC-014219-4-002,Grilled Chicken Breast Marinade #4 - Garlic Herb (EACH),Chicken Breast - BRINED 160g,,"FA-DE Spice, Sea Salt /Gewürze, Meersalz",SPI-00-139378-5,SPI,1.41,grams
FV0322A - Sour Cream & Chive Chicken [DKSE],REC-014219-4-002,Grilled Chicken Breast Marinade #4 - Garlic Herb (EACH),Mod Marinade #4 - Garlic and Herb,,"FA-DE Vinegar, Red Wine /Essig, Rotwein",PRO-00-139301-5,PRO,0.82,grams
FV0322A - Sour Cream & Chive Chicken [DKSE],REC-014219-4-002,Grilled Chicken Breast Marinade #4 - Garlic Herb (EACH),Mod Marinade #4 - Garlic and Herb,,"FA-DE Spice, Black Pepper, Ground /Gewürz, schwarzer Pfeffer, gemahlen",SPI-00-139334-5,SPI,0.05,grams
FV0322A - Sour Cream & Chive Chicken [DKSE],REC-014219-4-002,Grilled Chicken Breast Marinade #4 - Garlic Herb (EACH),Mod Marinade #4 - Garlic and Herb,,"FA-DE Garlic, IQF, Diced 4 mm /Knoblauch, IQF, gewürfelt 4 mm",PHF-00-139237-1,PHF,0.82,grams
FV0322A - Sour Cream & Chive Chicken [DKSE],REC-014219-4-002,Grilled Chicken Breast Marinade #4 - Garlic Herb (EACH),Mod Marinade #4 - Garlic and Herb,,"FA-DE Oil, Olive /Öl, Olivenöl",PRO-00-139277-5,PRO,2.45,grams
FV0322A - Sour Cream & Chive Chicken [DKSE],REC-014219-4-002,Grilled Chicken Breast Marinade #4 - Garlic Herb (EACH),Mod Marinade #4 - Garlic and Herb,,"FA-DE Spice, Sea Salt /Gewürze, Meersalz",SPI-00-139378-5,SPI,0.09,grams
FV0322A - Sour Cream & Chive Chicken [DKSE],REC-014219-4-002,Grilled Chicken Breast Marinade #4 - Garlic Herb (EACH),Mod Marinade #4 - Garlic and Herb,,"FA-DE Spice, Parsley Dried /Gewürze, getrocknete Petersilie",SPI-00-139374-5,SPI,0.12,grams
FV0322A - Sour Cream & Chive Chicken [DKSE],REC-014219-4-002,Grilled Chicken Breast Marinade #4 - Garlic Herb (EACH),Mod Marinade #4 - Garlic and Herb,,"FA-DE Spice, Garlic Granulated /Gewürz, Knoblauch granuliert",SPI-00-139353-5,SPI,0.19,grams
FV0333A - Tuscan Shrimp [DKSE],REC-013835-4-003,"Zucchini/Pepper/Onion Mix for Tuscan Shrimp - 1/2"" Diced",,,"FA-DE Onion, Red, Diced 10mm/Zwiebeln, rot, gewürfelt, 10 mm",PHF-00-139216-3,PHF,13.01,grams
FV0333A - Tuscan Shrimp [DKSE],REC-013835-4-003,"Zucchini/Pepper/Onion Mix for Tuscan Shrimp - 1/2"" Diced",Tuscan Spice,,"FA-DE Spice, Fennel Ground /Gewürz, Fenchel gemahlen",SPI-00-139351-5,SPI,0.05,grams
FV0333A - Tuscan Shrimp [DKSE],REC-013835-4-003,"Zucchini/Pepper/Onion Mix for Tuscan Shrimp - 1/2"" Diced",Tuscan Spice,,"FA-DE Spice, Basil, Dried /Gewürz, Basilikum, getrocknet",SPI-00-139331-5,SPI,0.15,grams
FV0333A - Tuscan Shrimp [DKSE],REC-013835-4-003,"Zucchini/Pepper/Onion Mix for Tuscan Shrimp - 1/2"" Diced",Tuscan Spice,,"FA-DE Spice, Cayenne Pepper /Gewürz, Cayennepfeffer",SPI-00-139339-5,SPI,0.03,grams
FV0333A - Tuscan Shrimp [DKSE],REC-013835-4-003,"Zucchini/Pepper/Onion Mix for Tuscan Shrimp - 1/2"" Diced",Tuscan Spice,,"FA-DE Spice, Oregano Dry /Gewürz, Oregano trocken",SPI-00-139372-5,SPI,0.1,grams
FV0333A - Tuscan Shrimp [DKSE],REC-013835-4-003,"Zucchini/Pepper/Onion Mix for Tuscan Shrimp - 1/2"" Diced",Tuscan Spice,,"FA-DE Spice, Rosemary, Powder /Gewürz, Rosmarin, Pulver",SPI-00-139376-5,SPI,0.1,grams
FV0333A - Tuscan Shrimp [DKSE],REC-013835-4-003,"Zucchini/Pepper/Onion Mix for Tuscan Shrimp - 1/2"" Diced",Tuscan Spice,,"FA-DE Spice, Garlic Granulated /Gewürz, Knoblauch granuliert",SPI-00-139353-5,SPI,0.15,grams
FV0333A - Tuscan Shrimp [DKSE],REC-013835-4-003,"Zucchini/Pepper/Onion Mix for Tuscan Shrimp - 1/2"" Diced",,,"FA-DE Oil, Olive /Öl, Olivenöl",PRO-00-139277-5,PRO,2.89,grams
FV0333A - Tuscan Shrimp [DKSE],REC-013835-4-003,"Zucchini/Pepper/Onion Mix for Tuscan Shrimp - 1/2"" Diced",,,"FA-DE Zucchini, Diced 10mm /Zucchini, gewürfelt 10 mm",PHF-00-139229-3,PHF,75.15,grams
FV0333A - Tuscan Shrimp [DKSE],REC-013835-4-003,"Zucchini/Pepper/Onion Mix for Tuscan Shrimp - 1/2"" Diced",,,"FA-DE Spice, Sea Salt /Gewürze, Meersalz",SPI-00-139378-5,SPI,0.24,grams
FV0333A - Tuscan Shrimp [DKSE],REC-013835-4-003,"Zucchini/Pepper/Onion Mix for Tuscan Shrimp - 1/2"" Diced",,,"FA-DE Bell Peppers, Red, Diced 10mm /Paprika, rot, gewürfelt 10 mm",PHF-00-139179-3,PHF,19.36,grams
FV0333A - Tuscan Shrimp [DKSE],REC-013835-4-003,Creamed Kale - Cream Cheese,,,"FA-DE Milk, Whole /Milch, voll",DAI-00-139142-3,DAI,3.86,grams
FV0333A - Tuscan Shrimp [DKSE],REC-013835-4-003,Creamed Kale - Cream Cheese,,,FA-DE Heavy Cream 20% /Sahne 20%,DAI-00-139137-3,DAI,47.58,grams
FV0333A - Tuscan Shrimp [DKSE],REC-013835-4-003,Creamed Kale - Cream Cheese,,,"FA-DE Spice, White Pepper /Gewürz, weißer Pfeffer",SPI-00-139387-5,SPI,0.07,grams
FV0333A - Tuscan Shrimp [DKSE],REC-013835-4-003,Creamed Kale - Cream Cheese,,,"FA-DE Cheese, Cream, 13% Fat (Milk) /Käse, Sahne, 13% Fett",DAI-00-139122-3,DAI,7.72,grams
FV0333A - Tuscan Shrimp [DKSE],REC-013835-4-003,Creamed Kale - Cream Cheese,"Steamed Kale - 1/2""diced",,"FA-DE Kale, Shredded 5mm /Grünkohl, geschreddert, 5 mm",PHF-00-139203-3,PHF,26.16,grams
FV0333A - Tuscan Shrimp [DKSE],REC-013835-4-003,Creamed Kale - Cream Cheese,,,"FA-DE Spice, Sea Salt /Gewürze, Meersalz",SPI-00-139378-5,SPI,0.6,grams
FV0333A - Tuscan Shrimp [DKSE],REC-013835-4-003,Creamed Kale - Cream Cheese,Roasted Onions/Garlic,,"FA-DE Onion, Spanish, Diced 5mm /Zwiebel, Spanisch, gewürfelt 5 mm",PHF-00-139212-3,PHF,9.65,grams
FV0333A - Tuscan Shrimp [DKSE],REC-013835-4-003,Creamed Kale - Cream Cheese,Roasted Onions/Garlic,,"FA-DE Garlic, IQF, Diced 4 mm /Knoblauch, IQF, gewürfelt 4 mm",PHF-00-139237-1,PHF,3.85,grams
FV0333A - Tuscan Shrimp [DKSE],REC-013835-4-003,Creamed Kale - Cream Cheese,Roasted Onions/Garlic,,"FA-DE Oil, Olive /Öl, Olivenöl",PRO-00-139277-5,PRO,2.7,grams
FV0333A - Tuscan Shrimp [DKSE],REC-013835-4-003,Creamed Kale - Cream Cheese,,,"FA-DE Cheese, Parmesan, Grated /Käse, Parmesan, gerieben",DAI-00-139127-3,DAI,6.57,grams
FV0333A - Tuscan Shrimp [DKSE],REC-013835-4-003,Tuscan Shrimp batch,,,FA-DE Prawns 21/25 /Garnelen 21/25 - IQF,PTN-00-139321-1,PTN,138.92,grams
FV0333A - Tuscan Shrimp [DKSE],REC-013835-4-003,Tuscan Shrimp batch,Tuscan Marinade - No salt,,"FA-DE Oil, Olive /Öl, Olivenöl",PRO-00-139277-5,PRO,7.73,grams
FV0333A - Tuscan Shrimp [DKSE],REC-013835-4-003,Tuscan Shrimp batch,Tuscan Marinade - No salt,,"FA-DE Garlic, IQF, Diced 4 mm /Knoblauch, IQF, gewürfelt 4 mm",PHF-00-139237-1,PHF,2.06,grams
FV0333A - Tuscan Shrimp [DKSE],REC-013835-4-003,Tuscan Shrimp batch,Tuscan Marinade - No salt,Tuscan Spice,"FA-DE Spice, Fennel Ground /Gewürz, Fenchel gemahlen",SPI-00-139351-5,SPI,0.11,grams
FV0333A - Tuscan Shrimp [DKSE],REC-013835-4-003,Tuscan Shrimp batch,Tuscan Marinade - No salt,Tuscan Spice,"FA-DE Spice, Basil, Dried /Gewürz, Basilikum, getrocknet",SPI-00-139331-5,SPI,0.32,grams
FV0333A - Tuscan Shrimp [DKSE],REC-013835-4-003,Tuscan Shrimp batch,Tuscan Marinade - No salt,Tuscan Spice,"FA-DE Spice, Cayenne Pepper /Gewürz, Cayennepfeffer",SPI-00-139339-5,SPI,0.05,grams
FV0333A - Tuscan Shrimp [DKSE],REC-013835-4-003,Tuscan Shrimp batch,Tuscan Marinade - No salt,Tuscan Spice,"FA-DE Spice, Oregano Dry /Gewürz, Oregano trocken",SPI-00-139372-5,SPI,0.22,grams
FV0333A - Tuscan Shrimp [DKSE],REC-013835-4-003,Tuscan Shrimp batch,Tuscan Marinade - No salt,Tuscan Spice,"FA-DE Spice, Rosemary, Powder /Gewürz, Rosmarin, Pulver",SPI-00-139376-5,SPI,0.22,grams
FV0333A - Tuscan Shrimp [DKSE],REC-013835-4-003,Tuscan Shrimp batch,Tuscan Marinade - No salt,Tuscan Spice,"FA-DE Spice, Garlic Granulated /Gewürz, Knoblauch granuliert",SPI-00-139353-5,SPI,0.32,grams
FV0333A - Tuscan Shrimp [DKSE],REC-013835-4-003,Tuscan Shrimp batch,Tuscan Marinade - No salt,,"FA-DE Spice, Black Pepper, Ground /Gewürz, schwarzer Pfeffer, gemahlen",SPI-00-139334-5,SPI,0.17,grams
FV0333A - Tuscan Shrimp [DKSE],REC-013835-4-003,Sauce - Tuscan Shrimp Butter Sauce,,,"FA-DE Butter, Unsalted /Butter, ungesalzen",DAI-00-139146-3,DAI,15.91,grams
FV0333A - Tuscan Shrimp [DKSE],REC-013835-4-003,Sauce - Tuscan Shrimp Butter Sauce,,,"FA-DE Spice, Minced Garlic, Toasted, Dry /Gewürz, gehackter Knoblauch, geröstet, trocken",SPI-00-139367-5,SPI,0.42,grams
FV0333A - Tuscan Shrimp [DKSE],REC-013835-4-003,Sauce - Tuscan Shrimp Butter Sauce,,,"FA-DE Gum, Xanthan /Gummi, Xanthan",DRY-00-139153-5,DRY,0.08,grams
FV0333A - Tuscan Shrimp [DKSE],REC-013835-4-003,Sauce - Tuscan Shrimp Butter Sauce,,,"FA-DE Onion, Spanish, Diced 5mm /Zwiebel, Spanisch, gewürfelt 5 mm",PHF-00-139212-3,PHF,3.82,grams
FV0333A - Tuscan Shrimp [DKSE],REC-013835-4-003,Sauce - Tuscan Shrimp Butter Sauce,,,"FA-DE Spice, Black Pepper, Ground /Gewürz, schwarzer Pfeffer, gemahlen",SPI-00-139334-5,SPI,0.1,grams
FV0333A - Tuscan Shrimp [DKSE],REC-013835-4-003,Sauce - Tuscan Shrimp Butter Sauce,,,FA-DE Water / Wasser,OTH-00-144038-5,OTH,16.23,grams
FV0333A - Tuscan Shrimp [DKSE],REC-013835-4-003,Sauce - Tuscan Shrimp Butter Sauce,,,"FA-DE Garlic, IQF, Diced 4 mm /Knoblauch, IQF, gewürfelt 4 mm",PHF-00-139237-1,PHF,1.21,grams
FV0333A - Tuscan Shrimp [DKSE],REC-013835-4-003,Sauce - Tuscan Shrimp Butter Sauce,,,"FA-DE Spice, Sea Salt /Gewürze, Meersalz",SPI-00-139378-5,SPI,0.24,grams
FV0333A - Tuscan Shrimp [DKSE],REC-013835-4-003,Sauce - Tuscan Shrimp Butter Sauce,,,"FA-DE Spice, Garlic Powder, Toasted /Gewürz, Knoblauchpulver, geröstet",SPI-00-139354-5,SPI,0.31,grams
FV0333A - Tuscan Shrimp [DKSE],REC-013835-4-003,Sauce - Tuscan Shrimp Butter Sauce,,,"FA-DE Spice, Parsley Dried /Gewürze, getrocknete Petersilie",SPI-00-139374-5,SPI,0.04,grams
FV0333A - Tuscan Shrimp [DKSE],REC-013835-4-003,Sauce - Tuscan Shrimp Butter Sauce,,,"FA-DE Stock Concentrate, Mirepoix /Stammkonzentrat, Mirepoix",PRO-00-139287-5,PRO,0.8,grams
FV0401A - Pulled chicken with cheddar and bacon [DKSE],REC-013941-4-007,Garlic Broccoli - less salt,,,"FA-DE Broccoli, Florets, /Brokkoli, Röschen",PHF-00-143425-3,PHF,64.35,grams
FV0401A - Pulled chicken with cheddar and bacon [DKSE],REC-013941-4-007,Garlic Broccoli - less salt,,,"FA-DE Oil, Olive /Öl, Olivenöl",PRO-00-139277-5,PRO,3.37,grams
FV0401A - Pulled chicken with cheddar and bacon [DKSE],REC-013941-4-007,Garlic Broccoli - less salt,Roasted Garlic (use),,"FA-DE Garlic, Peeled, Whole Cloves [10kg] /Knoblauch, geschält, ganze Nelken [10kg]",PHF-00-139197-3,PHF,3.4,grams
FV0401A - Pulled chicken with cheddar and bacon [DKSE],REC-013941-4-007,Garlic Broccoli - less salt,Roasted Garlic (use),,"FA-DE Oil, Olive /Öl, Olivenöl",PRO-00-139277-5,PRO,2.55,grams
FV0401A - Pulled chicken with cheddar and bacon [DKSE],REC-013941-4-007,Garlic Broccoli - less salt,,,"FA-DE Spice, Sea Salt /Gewürze, Meersalz",SPI-00-139378-5,SPI,0.19,grams
FV0401A - Pulled chicken with cheddar and bacon [DKSE],REC-013941-4-007,Shredded chicken - Keto Crack Chicken Thigh Batch,Dry Ranch Marinade,,"FA-DE Oil, Olive /Öl, Olivenöl",PRO-00-139277-5,PRO,17.46,grams
FV0401A - Pulled chicken with cheddar and bacon [DKSE],REC-013941-4-007,Shredded chicken - Keto Crack Chicken Thigh Batch,Dry Ranch Marinade,DRY Ranch Seasoning,"FA-DE Chives, Dried /Schnittlauch, getrocknet",SPI-00-139322-5,SPI,0.14,grams
FV0401A - Pulled chicken with cheddar and bacon [DKSE],REC-013941-4-007,Shredded chicken - Keto Crack Chicken Thigh Batch,Dry Ranch Marinade,DRY Ranch Seasoning,"FA-DE Spice, Onion Granulated /Gewürze, Zwiebeln granuliert",SPI-00-139370-5,SPI,0.4,grams
FV0401A - Pulled chicken with cheddar and bacon [DKSE],REC-013941-4-007,Shredded chicken - Keto Crack Chicken Thigh Batch,Dry Ranch Marinade,DRY Ranch Seasoning,"FA-DE Spice, Buttermilk Powder/Gewürz, Buttermilchpulver",SPI-00-151139-5,SPI,2.15,grams
FV0401A - Pulled chicken with cheddar and bacon [DKSE],REC-013941-4-007,Shredded chicken - Keto Crack Chicken Thigh Batch,Dry Ranch Marinade,DRY Ranch Seasoning,"FA-DE Spice, Parsley Dried /Gewürze, getrocknete Petersilie",SPI-00-139374-5,SPI,0.06,grams
FV0401A - Pulled chicken with cheddar and bacon [DKSE],REC-013941-4-007,Shredded chicken - Keto Crack Chicken Thigh Batch,Dry Ranch Marinade,DRY Ranch Seasoning,"FA-DE Spice, Garlic Granulated /Gewürz, Knoblauch granuliert",SPI-00-139353-5,SPI,0.45,grams
FV0401A - Pulled chicken with cheddar and bacon [DKSE],REC-013941-4-007,Shredded chicken - Keto Crack Chicken Thigh Batch,Dry Ranch Marinade,DRY Ranch Seasoning,"FA-DE Spice, Black Pepper, Ground /Gewürz, schwarzer Pfeffer, gemahlen",SPI-00-139334-5,SPI,0.23,grams
FV0401A - Pulled chicken with cheddar and bacon [DKSE],REC-013941-4-007,Shredded chicken - Keto Crack Chicken Thigh Batch,Dry Ranch Marinade,DRY Ranch Seasoning,"FA-DE Spice, Dill Dried /Gewürz, Dill getrocknet",SPI-00-139349-5,SPI,0.14,grams
FV0401A - Pulled chicken with cheddar and bacon [DKSE],REC-013941-4-007,Shredded chicken - Keto Crack Chicken Thigh Batch,Dry Ranch Marinade,Roasted Garlic (use),"FA-DE Garlic, Peeled, Whole Cloves [10kg] /Knoblauch, geschält, ganze Nelken [10kg]",PHF-00-139197-3,PHF,1.76,grams
FV0401A - Pulled chicken with cheddar and bacon [DKSE],REC-013941-4-007,Shredded chicken - Keto Crack Chicken Thigh Batch,Dry Ranch Marinade,Roasted Garlic (use),"FA-DE Oil, Olive /Öl, Olivenöl",PRO-00-139277-5,PRO,1.32,grams
FV0401A - Pulled chicken with cheddar and bacon [DKSE],REC-013941-4-007,Shredded chicken - Keto Crack Chicken Thigh Batch,Shredded Chicken Thighs - BRINED,,FA-DE Water / Wasser,OTH-00-144038-5,OTH,156.9,grams
FV0401A - Pulled chicken with cheddar and bacon [DKSE],REC-013941-4-007,Shredded chicken - Keto Crack Chicken Thigh Batch,Shredded Chicken Thighs - BRINED,,"FA-DE Spice, Sea Salt /Gewürze, Meersalz",SPI-00-139378-5,SPI,1.38,grams
FV0401A - Pulled chicken with cheddar and bacon [DKSE],REC-013941-4-007,Shredded chicken - Keto Crack Chicken Thigh Batch,Shredded Chicken Thighs - BRINED,,"FA-DE Chicken, Thighs, Boneless Skinless /Hähnchen, Oberschenkel, ohne Knochen und ohne Haut",PTN-00-139343-3,PTN,156.9,grams
FV0401A - Pulled chicken with cheddar and bacon [DKSE],REC-013941-4-007,Shredded chicken - Keto Crack Chicken Thigh Batch,,,FA-DE Reserved Braising Liquid / Zurückgehaltene Schmorfllüssigkeit,PRO-00-144041-3,PRO,41.06,grams
FV0401A - Pulled chicken with cheddar and bacon [DKSE],REC-013941-4-007,Shredded chicken - Keto Crack Chicken Thigh Batch,DRY Ranch Seasoning,,"FA-DE Chives, Dried /Schnittlauch, getrocknet",SPI-00-139322-5,SPI,0.07,grams
FV0401A - Pulled chicken with cheddar and bacon [DKSE],REC-013941-4-007,Shredded chicken - Keto Crack Chicken Thigh Batch,DRY Ranch Seasoning,,"FA-DE Spice, Onion Granulated /Gewürze, Zwiebeln granuliert",SPI-00-139370-5,SPI,0.19,grams
FV0401A - Pulled chicken with cheddar and bacon [DKSE],REC-013941-4-007,Shredded chicken - Keto Crack Chicken Thigh Batch,DRY Ranch Seasoning,,"FA-DE Spice, Buttermilk Powder/Gewürz, Buttermilchpulver",SPI-00-151139-5,SPI,1.06,grams
FV0401A - Pulled chicken with cheddar and bacon [DKSE],REC-013941-4-007,Shredded chicken - Keto Crack Chicken Thigh Batch,DRY Ranch Seasoning,,"FA-DE Spice, Parsley Dried /Gewürze, getrocknete Petersilie",SPI-00-139374-5,SPI,0.03,grams
FV0401A - Pulled chicken with cheddar and bacon [DKSE],REC-013941-4-007,Shredded chicken - Keto Crack Chicken Thigh Batch,DRY Ranch Seasoning,,"FA-DE Spice, Garlic Granulated /Gewürz, Knoblauch granuliert",SPI-00-139353-5,SPI,0.22,grams
FV0401A - Pulled chicken with cheddar and bacon [DKSE],REC-013941-4-007,Shredded chicken - Keto Crack Chicken Thigh Batch,DRY Ranch Seasoning,,"FA-DE Spice, Black Pepper, Ground /Gewürz, schwarzer Pfeffer, gemahlen",SPI-00-139334-5,SPI,0.11,grams
FV0401A - Pulled chicken with cheddar and bacon [DKSE],REC-013941-4-007,Shredded chicken - Keto Crack Chicken Thigh Batch,DRY Ranch Seasoning,,"FA-DE Spice, Dill Dried /Gewürz, Dill getrocknet",SPI-00-139349-5,SPI,0.07,grams
FV0401A - Pulled chicken with cheddar and bacon [DKSE],REC-013941-4-007,Extra Crispy Diced Bacon,,,"FA-DE Bacon, Diced /Speck, gewürfelt",PTN-00-139306-3,PTN,27.22,grams
FV0401A - Pulled chicken with cheddar and bacon [DKSE],REC-013941-4-007,Roasted Green Onions,,,"FA-DE Onion, Green, Sliced 5mm /Zwiebel, grün, in Scheiben geschnitten, 5 mm",PHF-00-149803-3,PHF,11.76,grams
FV0401A - Pulled chicken with cheddar and bacon [DKSE],REC-013941-4-007,,,,"FA-DE Cheese, Red Cheddar/Käse, Roter Cheddar",DAI-00-139129-3,DAI,10,grams
FV0401A - Pulled chicken with cheddar and bacon [DKSE],REC-013941-4-007,Sauce - Crack Chicken Cheese Mix,,,"FA-DE Spice, Garlic Granulated /Gewürz, Knoblauch granuliert",SPI-00-139353-5,SPI,0.46,grams
FV0401A - Pulled chicken with cheddar and bacon [DKSE],REC-013941-4-007,Sauce - Crack Chicken Cheese Mix,DRY Ranch Seasoning,,"FA-DE Chives, Dried /Schnittlauch, getrocknet",SPI-00-139322-5,SPI,0.09,grams
FV0401A - Pulled chicken with cheddar and bacon [DKSE],REC-013941-4-007,Sauce - Crack Chicken Cheese Mix,DRY Ranch Seasoning,,"FA-DE Spice, Onion Granulated /Gewürze, Zwiebeln granuliert",SPI-00-139370-5,SPI,0.26,grams
FV0401A - Pulled chicken with cheddar and bacon [DKSE],REC-013941-4-007,Sauce - Crack Chicken Cheese Mix,DRY Ranch Seasoning,,"FA-DE Spice, Buttermilk Powder/Gewürz, Buttermilchpulver",SPI-00-151139-5,SPI,1.42,grams
FV0401A - Pulled chicken with cheddar and bacon [DKSE],REC-013941-4-007,Sauce - Crack Chicken Cheese Mix,DRY Ranch Seasoning,,"FA-DE Spice, Parsley Dried /Gewürze, getrocknete Petersilie",SPI-00-139374-5,SPI,0.04,grams
FV0401A - Pulled chicken with cheddar and bacon [DKSE],REC-013941-4-007,Sauce - Crack Chicken Cheese Mix,DRY Ranch Seasoning,,"FA-DE Spice, Garlic Granulated /Gewürz, Knoblauch granuliert",SPI-00-139353-5,SPI,0.3,grams
FV0401A - Pulled chicken with cheddar and bacon [DKSE],REC-013941-4-007,Sauce - Crack Chicken Cheese Mix,DRY Ranch Seasoning,,"FA-DE Spice, Black Pepper, Ground /Gewürz, schwarzer Pfeffer, gemahlen",SPI-00-139334-5,SPI,0.15,grams
FV0401A - Pulled chicken with cheddar and bacon [DKSE],REC-013941-4-007,Sauce - Crack Chicken Cheese Mix,DRY Ranch Seasoning,,"FA-DE Spice, Dill Dried /Gewürz, Dill getrocknet",SPI-00-139349-5,SPI,0.09,grams
FV0401A - Pulled chicken with cheddar and bacon [DKSE],REC-013941-4-007,Sauce - Crack Chicken Cheese Mix,,,"FA-DE Cheese, Cream, 13% Fat (Milk) /Käse, Sahne, 13% Fett",DAI-00-139122-3,DAI,22.98,grams
FV0401A - Pulled chicken with cheddar and bacon [DKSE],REC-013941-4-007,Sauce - Crack Chicken Cheese Mix,,,"FA-DE Cheese, Red Cheddar/Käse, Roter Cheddar",DAI-00-139129-3,DAI,18.39,grams
FV0401A - Pulled chicken with cheddar and bacon [DKSE],REC-013941-4-007,Sauce - Crack Chicken Cheese Mix,,,"FA-DE Oil, Olive /Öl, Olivenöl",PRO-00-139277-5,PRO,6.89,grams
FV0401A - Pulled chicken with cheddar and bacon [DKSE],REC-013941-4-007,Portobello - CBRSC Roasted Portobello's,Roasted Garlic (use),,"FA-DE Garlic, Peeled, Whole Cloves [10kg] /Knoblauch, geschält, ganze Nelken [10kg]",PHF-00-139197-3,PHF,1.56,grams
FV0401A - Pulled chicken with cheddar and bacon [DKSE],REC-013941-4-007,Portobello - CBRSC Roasted Portobello's,Roasted Garlic (use),,"FA-DE Oil, Olive /Öl, Olivenöl",PRO-00-139277-5,PRO,1.17,grams
FV0401A - Pulled chicken with cheddar and bacon [DKSE],REC-013941-4-007,Portobello - CBRSC Roasted Portobello's,,,"FA-DE Thyme, IQF /Thymian, IQF",PHF-00-139244-1,PHF,0.31,grams
FV0401A - Pulled chicken with cheddar and bacon [DKSE],REC-013941-4-007,Portobello - CBRSC Roasted Portobello's,,,"FA-DE Spice, Sea Salt /Gewürze, Meersalz",SPI-00-139378-5,SPI,0.39,grams
FV0401A - Pulled chicken with cheddar and bacon [DKSE],REC-013941-4-007,Portobello - CBRSC Roasted Portobello's,,,"FA-DE Spice, Black Pepper, Ground /Gewürz, schwarzer Pfeffer, gemahlen",SPI-00-139334-5,SPI,0.31,grams
FV0401A - Pulled chicken with cheddar and bacon [DKSE],REC-013941-4-007,Portobello - CBRSC Roasted Portobello's,,,"FA-DE Oil, Olive /Öl, Olivenöl",PRO-00-139277-5,PRO,6.18,grams
FV0401A - Pulled chicken with cheddar and bacon [DKSE],REC-013941-4-007,Portobello - CBRSC Roasted Portobello's,,,"FA-DE Mushroom, Portobello, Sliced, Washed /Pilze, Portobello, in Scheiben geschnitten, gewaschen",PHF-00-139207-3,PHF,80.05,grams
FV0413A - Braised beef in herby jus [DKSE],REC-014130-4-007,Compound butter - Parmesan-Chive,,,"FA-DE Spice, Parsley Dried /Gewürze, getrocknete Petersilie",SPI-00-139374-5,SPI,0.12,grams
FV0413A - Braised beef in herby jus [DKSE],REC-014130-4-007,Compound butter - Parmesan-Chive,,,"FA-DE Butter, Unsalted /Butter, ungesalzen",DAI-00-139146-3,DAI,9,grams
FV0413A - Braised beef in herby jus [DKSE],REC-014130-4-007,Compound butter - Parmesan-Chive,,,"FA-DE Chives, Dried /Schnittlauch, getrocknet",SPI-00-139322-5,SPI,0.12,grams
FV0413A - Braised beef in herby jus [DKSE],REC-014130-4-007,Compound butter - Parmesan-Chive,,,"FA-DE Cheese, Parmesan, Grated /Käse, Parmesan, gerieben",DAI-00-139127-3,DAI,3,grams
FV0413A - Braised beef in herby jus [DKSE],REC-014130-4-007,Shredded Sous Vide Beef,,,"FA-DE Beef, Pulled, Sous Vide/Rindfleisch, Pulled, Sous Vide",PTN-00-139315-3,PTN,81.63,grams
FV0413A - Braised beef in herby jus [DKSE],REC-014130-4-007,Mash - Parmesan Cauli Mash w/ Chives,,,"FA-DE Cheese, Cream, 13% Fat (Milk) /Käse, Sahne, 13% Fett",DAI-00-139122-3,DAI,15.12,grams
FV0413A - Braised beef in herby jus [DKSE],REC-014130-4-007,Mash - Parmesan Cauli Mash w/ Chives,,,FA-DE Heavy Cream 35% /Sahne 35%,DAI-00-148167-3,DAI,7.56,grams
FV0413A - Braised beef in herby jus [DKSE],REC-014130-4-007,Mash - Parmesan Cauli Mash w/ Chives,,,"FA-DE Cheese, Parmesan, Grated /Käse, Parmesan, gerieben",DAI-00-139127-3,DAI,3.4,grams
FV0413A - Braised beef in herby jus [DKSE],REC-014130-4-007,Mash - Parmesan Cauli Mash w/ Chives,,,"FA-DE Cauliflower, Riced, IQF /Blumenkohl, Reis, IQF",PHF-00-139233-1,PHF,93.33,grams
FV0413A - Braised beef in herby jus [DKSE],REC-014130-4-007,Mash - Parmesan Cauli Mash w/ Chives,,,"FA-DE Spice, Sea Salt /Gewürze, Meersalz",SPI-00-139378-5,SPI,0.37,grams
FV0413A - Braised beef in herby jus [DKSE],REC-014130-4-007,Mash - Parmesan Cauli Mash w/ Chives,,,"FA-DE Chives, Dried /Schnittlauch, getrocknet",SPI-00-139322-5,SPI,0.37,grams
FV0413A - Braised beef in herby jus [DKSE],REC-014130-4-007,Sauce - for French Dip Shredded Beef,Spice mix - Spice Pack for French Dip Style Shredded Beef,,"FA-DE Spice, Dried Onion Flakes /Gewürze, getrocknete Zwiebelflocken",SPI-00-139348-5,SPI,0.16,grams
FV0413A - Braised beef in herby jus [DKSE],REC-014130-4-007,Sauce - for French Dip Shredded Beef,Spice mix - Spice Pack for French Dip Style Shredded Beef,,"FA-DE Spice, Bay Leaf Powder /Gewürz, Lorbeerblattpulver",SPI-00-139333-5,SPI,0.03,grams
FV0413A - Braised beef in herby jus [DKSE],REC-014130-4-007,Sauce - for French Dip Shredded Beef,Spice mix - Spice Pack for French Dip Style Shredded Beef,,"FA-DE Thyme, IQF /Thymian, IQF",PHF-00-139244-1,PHF,0.03,grams
FV0413A - Braised beef in herby jus [DKSE],REC-014130-4-007,Sauce - for French Dip Shredded Beef,Spice mix - Spice Pack for French Dip Style Shredded Beef,,"FA-DE Spice, Onion Granulated /Gewürze, Zwiebeln granuliert",SPI-00-139370-5,SPI,0.13,grams
FV0413A - Braised beef in herby jus [DKSE],REC-014130-4-007,Sauce - for French Dip Shredded Beef,Spice mix - Spice Pack for French Dip Style Shredded Beef,,"FA-DE Spice, Sea Salt /Gewürze, Meersalz",SPI-00-139378-5,SPI,0.01,grams
FV0413A - Braised beef in herby jus [DKSE],REC-014130-4-007,Sauce - for French Dip Shredded Beef,Spice mix - Spice Pack for French Dip Style Shredded Beef,,"FA-DE Spice, Black Pepper, Ground /Gewürz, schwarzer Pfeffer, gemahlen",SPI-00-139334-5,SPI,0.1,grams
FV0413A - Braised beef in herby jus [DKSE],REC-014130-4-007,Sauce - for French Dip Shredded Beef,Spice mix - Spice Pack for French Dip Style Shredded Beef,,"FA-DE Spice, Garlic Granulated /Gewürz, Knoblauch granuliert",SPI-00-139353-5,SPI,0.1,grams
FV0413A - Braised beef in herby jus [DKSE],REC-014130-4-007,Sauce - for French Dip Shredded Beef,Spice mix - Spice Pack for French Dip Style Shredded Beef,,"FA-DE Spice, Paprika /Gewürze, Paprika",SPI-00-139373-5,SPI,0.13,grams
FV0413A - Braised beef in herby jus [DKSE],REC-014130-4-007,Sauce - for French Dip Shredded Beef,,,FA-DE Water / Wasser,OTH-00-144038-5,OTH,16.52,grams
FV0413A - Braised beef in herby jus [DKSE],REC-014130-4-007,Sauce - for French Dip Shredded Beef,,,"FA-DE Stock, Chicken, Reduced/Brühe, Huhn, Reduziert",PRO-00-139288-5,PRO,3.62,grams
FV0413A - Braised beef in herby jus [DKSE],REC-014130-4-007,Sauce - for French Dip Shredded Beef,,,"FA-DE Onion, Spanish, Diced 5mm /Zwiebel, Spanisch, gewürfelt 5 mm",PHF-00-139212-3,PHF,10.88,grams
FV0413A - Braised beef in herby jus [DKSE],REC-014130-4-007,Sauce - for French Dip Shredded Beef,,,"FA-DE Oil, Olive /Öl, Olivenöl",PRO-00-139277-5,PRO,0.72,grams
FV0413A - Braised beef in herby jus [DKSE],REC-014130-4-007,Sauce - for French Dip Shredded Beef,,,"FA-DE Spice, Dried Onion Flakes /Gewürze, getrocknete Zwiebelflocken",SPI-00-139348-5,SPI,0.75,grams
FV0413A - Braised beef in herby jus [DKSE],REC-014130-4-007,Sauce - for French Dip Shredded Beef,,,"FA-DE Spice, Sea Salt /Gewürze, Meersalz",SPI-00-139378-5,SPI,0.09,grams
FV0413A - Braised beef in herby jus [DKSE],REC-014130-4-007,Broccoli - S&P Broccoli FLORETS - less salt,,,"FA-DE Spice, Sea Salt /Gewürze, Meersalz",SPI-00-139378-5,SPI,0.44,grams
FV0413A - Braised beef in herby jus [DKSE],REC-014130-4-007,Broccoli - S&P Broccoli FLORETS - less salt,,,"FA-DE Oil, Olive /Öl, Olivenöl",PRO-00-139277-5,PRO,10,grams
FV0413A - Braised beef in herby jus [DKSE],REC-014130-4-007,Broccoli - S&P Broccoli FLORETS - less salt,,,"FA-DE Spice, Garlic Powder, Toasted /Gewürz, Knoblauchpulver, geröstet",SPI-00-139354-5,SPI,0.36,grams
FV0413A - Braised beef in herby jus [DKSE],REC-014130-4-007,Broccoli - S&P Broccoli FLORETS - less salt,,,"FA-DE Broccoli, Florets, /Brokkoli, Röschen",PHF-00-143425-3,PHF,121.46,grams
FV0413A - Braised beef in herby jus [DKSE],REC-014130-4-007,Broccoli - S&P Broccoli FLORETS - less salt,,,"FA-DE Spice, Black Pepper, Ground /Gewürz, schwarzer Pfeffer, gemahlen",SPI-00-139334-5,SPI,0.44,grams
FV0413A - Braised beef in herby jus [DKSE],REC-014130-4-007,,,,"FA-DE Cheese, Emmentaler, Shredded /Käse, Emmentaler, gerieben",DAI-00-139134-3,DAI,15,grams
FV0413A - Braised beef in herby jus [DKSE],REC-014130-4-007,Onions - Caramelized Onions,,,"FA-DE Thyme, IQF /Thymian, IQF",PHF-00-139244-1,PHF,0.15,grams
FV0413A - Braised beef in herby jus [DKSE],REC-014130-4-007,Onions - Caramelized Onions,,,"FA-DE Oil, Olive /Öl, Olivenöl",PRO-00-139277-5,PRO,1.35,grams
FV0413A - Braised beef in herby jus [DKSE],REC-014130-4-007,Onions - Caramelized Onions,,,"FA-DE Spice, Sea Salt /Gewürze, Meersalz",SPI-00-139378-5,SPI,0.15,grams
FV0413A - Braised beef in herby jus [DKSE],REC-014130-4-007,Onions - Caramelized Onions,,,"FA-DE Spice, Black Pepper, Ground /Gewürz, schwarzer Pfeffer, gemahlen",SPI-00-139334-5,SPI,0.15,grams
FV0413A - Braised beef in herby jus [DKSE],REC-014130-4-007,Onions - Caramelized Onions,,,"FA-DE Onion, Spanish, Sliced 5mm /Zwiebel, spanisch, in Scheiben geschnitten, 5 mm",PHF-00-139211-3,PHF,51.15,grams
FV0472A - Indian Butter Chicken [DKSE],REC-013852-4-001,Diced chicken - Butter Chicken Batch - BA,,,"FA-DE Spice, Chili Powder /Gewürz, Chilipulver",SPI-00-139340-5,SPI,0.17,grams
FV0472A - Indian Butter Chicken [DKSE],REC-013852-4-001,Diced chicken - Butter Chicken Batch - BA,,,"FA-DE Spice, Turmeric /Gewürz, Kurkuma",SPI-00-139384-5,SPI,0.37,grams
FV0472A - Indian Butter Chicken [DKSE],REC-013852-4-001,Diced chicken - Butter Chicken Batch - BA,,,"FA-DE Spice, Sea Salt /Gewürze, Meersalz",SPI-00-139378-5,SPI,0.23,grams
FV0472A - Indian Butter Chicken [DKSE],REC-013852-4-001,Diced chicken - Butter Chicken Batch - BA,Factor Garam Masala Spice Blend,,"FA-DE Spice, Fennel Ground /Gewürz, Fenchel gemahlen",SPI-00-139351-5,SPI,0.03,grams
FV0472A - Indian Butter Chicken [DKSE],REC-013852-4-001,Diced chicken - Butter Chicken Batch - BA,Factor Garam Masala Spice Blend,,"FA-DE Spice, Nutmeg Ground /Gewürz, gemahlene Muskatnuss",SPI-00-139368-5,SPI,0.06,grams
FV0472A - Indian Butter Chicken [DKSE],REC-013852-4-001,Diced chicken - Butter Chicken Batch - BA,Factor Garam Masala Spice Blend,,"FA-DE Spice, Coriander Ground /Gewürz, gemahlener Koriander",SPI-00-139386-5,SPI,0.18,grams
FV0472A - Indian Butter Chicken [DKSE],REC-013852-4-001,Diced chicken - Butter Chicken Batch - BA,Factor Garam Masala Spice Blend,,"FA-DE Spice, Cinnamon Ground /Gewürz, gemahlener Zimt",SPI-00-139341-5,SPI,0.12,grams
FV0472A - Indian Butter Chicken [DKSE],REC-013852-4-001,Diced chicken - Butter Chicken Batch - BA,Factor Garam Masala Spice Blend,,"FA-DE Spice, Cumin Ground /Gewürz, gemahlener Kreuzkümmel",SPI-00-139345-5,SPI,0.37,grams
FV0472A - Indian Butter Chicken [DKSE],REC-013852-4-001,Diced chicken - Butter Chicken Batch - BA,Factor Garam Masala Spice Blend,,"FA-DE Spice, Cloves Ground /Gewürze, gemahlene Nelken",SPI-00-139342-5,SPI,0.06,grams
FV0472A - Indian Butter Chicken [DKSE],REC-013852-4-001,Diced chicken - Butter Chicken Batch - BA,Factor Garam Masala Spice Blend,,"FA-DE Spice, Black Pepper, Ground /Gewürz, schwarzer Pfeffer, gemahlen",SPI-00-139334-5,SPI,0.09,grams
FV0472A - Indian Butter Chicken [DKSE],REC-013852-4-001,Diced chicken - Butter Chicken Batch - BA,Factor Garam Masala Spice Blend,,"FA-DE Spice, Turmeric /Gewürz, Kurkuma",SPI-00-139384-5,SPI,0.03,grams
FV0472A - Indian Butter Chicken [DKSE],REC-013852-4-001,Diced chicken - Butter Chicken Batch - BA,,,"FA-DE Garlic, IQF, Diced 4 mm /Knoblauch, IQF, gewürfelt 4 mm",PHF-00-139237-1,PHF,0.92,grams
FV0472A - Indian Butter Chicken [DKSE],REC-013852-4-001,Diced chicken - Butter Chicken Batch - BA,Chicken CHUNKS - BRINED,,"FA-DE Chicken Breast, Chunked, Boneless Skinless /Hähnchenbrust, in Stücken, ohne Knochen und ohne Haut",PTN-00-139314-3,PTN,128.29,grams
FV0472A - Indian Butter Chicken [DKSE],REC-013852-4-001,Diced chicken - Butter Chicken Batch - BA,Chicken CHUNKS - BRINED,,"FA-DE Spice, Sea Salt /Gewürze, Meersalz",SPI-00-139378-5,SPI,1.13,grams
FV0472A - Indian Butter Chicken [DKSE],REC-013852-4-001,Diced chicken - Butter Chicken Batch - BA,Chicken CHUNKS - BRINED,,FA-DE Water / Wasser,OTH-00-144038-5,OTH,128.29,grams
FV0472A - Indian Butter Chicken [DKSE],REC-013852-4-001,Diced chicken - Butter Chicken Batch - BA,,,"FA-DE Yogurt, Greek, Plain /Joghurt, Griechisch, Natur",DAI-00-139161-3,DAI,6.87,grams
FV0472A - Indian Butter Chicken [DKSE],REC-013852-4-001,Diced chicken - Butter Chicken Batch - BA,,,"FA-DE Spice, Cumin Ground /Gewürz, gemahlener Kreuzkümmel",SPI-00-139345-5,SPI,0.34,grams
FV0472A - Indian Butter Chicken [DKSE],REC-013852-4-001,Diced chicken - Butter Chicken Batch - BA,,,"FA-DE Ginger, IQF, Diced 4 mm /Ingwer, IQF, gewürfelt 4 mm",PHF-00-139238-1,PHF,2.29,grams
FV0472A - Indian Butter Chicken [DKSE],REC-013852-4-001,Roasted Green Onions,,,"FA-DE Onion, Green, Sliced 5mm /Zwiebel, grün, in Scheiben geschnitten, 5 mm",PHF-00-149803-3,PHF,7.06,grams
FV0472A - Indian Butter Chicken [DKSE],REC-013852-4-001,Cauliflower rice - Cilantro and Lime Cauliflower Rice - BA,,,"FA-DE Spice, Black Pepper, Ground /Gewürz, schwarzer Pfeffer, gemahlen",SPI-00-139334-5,SPI,0.06,grams
FV0472A - Indian Butter Chicken [DKSE],REC-013852-4-001,Cauliflower rice - Cilantro and Lime Cauliflower Rice - BA,,,"FA-DE Juice, Lime /Saft, Limette",PRO-00-139268-5,PRO,0.91,grams
FV0472A - Indian Butter Chicken [DKSE],REC-013852-4-001,Cauliflower rice - Cilantro and Lime Cauliflower Rice - BA,Roasted Garlic oil,,"FA-DE Garlic, Peeled, Whole Cloves [10kg] /Knoblauch, geschält, ganze Nelken [10kg]",PHF-00-139197-3,PHF,12.49,grams
FV0472A - Indian Butter Chicken [DKSE],REC-013852-4-001,Cauliflower rice - Cilantro and Lime Cauliflower Rice - BA,Roasted Garlic oil,,"FA-DE Oil, Olive /Öl, Olivenöl",PRO-00-139277-5,PRO,9.37,grams
FV0472A - Indian Butter Chicken [DKSE],REC-013852-4-001,Cauliflower rice - Cilantro and Lime Cauliflower Rice - BA,,,"FA-DE Spice, Sea Salt /Gewürze, Meersalz",SPI-00-139378-5,SPI,0.43,grams
FV0472A - Indian Butter Chicken [DKSE],REC-013852-4-001,Cauliflower rice - Cilantro and Lime Cauliflower Rice - BA,,,"FA-DE Cauliflower, Riced, IQF /Blumenkohl, Reis, IQF",PHF-00-139233-1,PHF,112.5,grams
FV0472A - Indian Butter Chicken [DKSE],REC-013852-4-001,Cauliflower rice - Cilantro and Lime Cauliflower Rice - BA,,,"FA-DE Coriander, Chopped /Koriander, gehackt",PHF-00-139192-3,PHF,6.05,grams
FV0472A - Indian Butter Chicken [DKSE],REC-013852-4-001,Sauce - Butter Chicken sauce,,,"FA-DE Spice, Fenugreek Powder /Gewürz, Bockshornkleepulver",SPI-00-154750-5,SPI,0.1,grams
FV0472A - Indian Butter Chicken [DKSE],REC-013852-4-001,Sauce - Butter Chicken sauce,,,"FA-DE Garlic, IQF, Diced 4 mm /Knoblauch, IQF, gewürfelt 4 mm",PHF-00-139237-1,PHF,3.09,grams
FV0472A - Indian Butter Chicken [DKSE],REC-013852-4-001,Sauce - Butter Chicken sauce,,,"FA-DE Spice, Cumin Ground /Gewürz, gemahlener Kreuzkümmel",SPI-00-139345-5,SPI,0.46,grams
FV0472A - Indian Butter Chicken [DKSE],REC-013852-4-001,Sauce - Butter Chicken sauce,,,"FA-DE Butter, Unsalted /Butter, ungesalzen",DAI-00-139146-3,DAI,18.52,grams
FV0472A - Indian Butter Chicken [DKSE],REC-013852-4-001,Sauce - Butter Chicken sauce,,,"FA-DE Spice, Sea Salt /Gewürze, Meersalz",SPI-00-139378-5,SPI,0.73,grams
FV0472A - Indian Butter Chicken [DKSE],REC-013852-4-001,Sauce - Butter Chicken sauce,,,"FA-DE Spice, Chili Powder /Gewürz, Chilipulver",SPI-00-139340-5,SPI,0.14,grams
FV0472A - Indian Butter Chicken [DKSE],REC-013852-4-001,Sauce - Butter Chicken sauce,,,"FA-DE Onion, Spanish, Diced 5mm /Zwiebel, Spanisch, gewürfelt 5 mm",PHF-00-139212-3,PHF,15.44,grams
FV0472A - Indian Butter Chicken [DKSE],REC-013852-4-001,Sauce - Butter Chicken sauce,Factor Garam Masala Spice Blend,,"FA-DE Spice, Fennel Ground /Gewürz, Fenchel gemahlen",SPI-00-139351-5,SPI,0.01,grams
FV0472A - Indian Butter Chicken [DKSE],REC-013852-4-001,Sauce - Butter Chicken sauce,Factor Garam Masala Spice Blend,,"FA-DE Spice, Nutmeg Ground /Gewürz, gemahlene Muskatnuss",SPI-00-139368-5,SPI,0.03,grams
FV0472A - Indian Butter Chicken [DKSE],REC-013852-4-001,Sauce - Butter Chicken sauce,Factor Garam Masala Spice Blend,,"FA-DE Spice, Coriander Ground /Gewürz, gemahlener Koriander",SPI-00-139386-5,SPI,0.09,grams
FV0472A - Indian Butter Chicken [DKSE],REC-013852-4-001,Sauce - Butter Chicken sauce,Factor Garam Masala Spice Blend,,"FA-DE Spice, Cinnamon Ground /Gewürz, gemahlener Zimt",SPI-00-139341-5,SPI,0.06,grams
FV0472A - Indian Butter Chicken [DKSE],REC-013852-4-001,Sauce - Butter Chicken sauce,Factor Garam Masala Spice Blend,,"FA-DE Spice, Cumin Ground /Gewürz, gemahlener Kreuzkümmel",SPI-00-139345-5,SPI,0.18,grams
FV0472A - Indian Butter Chicken [DKSE],REC-013852-4-001,Sauce - Butter Chicken sauce,Factor Garam Masala Spice Blend,,"FA-DE Spice, Cloves Ground /Gewürze, gemahlene Nelken",SPI-00-139342-5,SPI,0.03,grams
FV0472A - Indian Butter Chicken [DKSE],REC-013852-4-001,Sauce - Butter Chicken sauce,Factor Garam Masala Spice Blend,,"FA-DE Spice, Black Pepper, Ground /Gewürz, schwarzer Pfeffer, gemahlen",SPI-00-139334-5,SPI,0.05,grams
FV0472A - Indian Butter Chicken [DKSE],REC-013852-4-001,Sauce - Butter Chicken sauce,Factor Garam Masala Spice Blend,,"FA-DE Spice, Turmeric /Gewürz, Kurkuma",SPI-00-139384-5,SPI,0.01,grams
FV0472A - Indian Butter Chicken [DKSE],REC-013852-4-001,Sauce - Butter Chicken sauce,,,"FA-DE Oil, Olive /Öl, Olivenöl",PRO-00-139277-5,PRO,9.65,grams
FV0472A - Indian Butter Chicken [DKSE],REC-013852-4-001,Sauce - Butter Chicken sauce,,,"FA-DE Ginger, IQF, Diced 4 mm /Ingwer, IQF, gewürfelt 4 mm",PHF-00-139238-1,PHF,2.32,grams
FV0472A - Indian Butter Chicken [DKSE],REC-013852-4-001,Sauce - Butter Chicken sauce,,,"FA-DE Tomatoes, Crushed /Tomaten, zerkleinert",PRO-00-139294-5,PRO,41.79,grams
FV0472A - Indian Butter Chicken [DKSE],REC-013852-4-001,Sauce - Butter Chicken sauce,,,"FA-DE Spice, Coriander Ground /Gewürz, gemahlener Koriander",SPI-00-139386-5,SPI,0.29,grams
FV0472A - Indian Butter Chicken [DKSE],REC-013852-4-001,Sauce - Butter Chicken sauce,,,FA-DE Heavy Cream 20% /Sahne 20%,DAI-00-139137-3,DAI,32.8,grams
FV0601A - Mozzarella Burger & Roasted Potatoes [DKSE],REC-013423-4-004,Smokehouse Ketchup,,,"FA-DE Spice, Black Pepper, Ground /Gewürz, schwarzer Pfeffer, gemahlen",SPI-00-139334-5,SPI,0.04,grams
FV0601A - Mozzarella Burger & Roasted Potatoes [DKSE],REC-013423-4-004,Smokehouse Ketchup,,,FA-DE Honey /Honig – Masse,PRO-00-139266-5,PRO,4.89,grams
FV0601A - Mozzarella Burger & Roasted Potatoes [DKSE],REC-013423-4-004,Smokehouse Ketchup,,,"FA-DE Garlic, IQF, Diced 4 mm /Knoblauch, IQF, gewürfelt 4 mm",PHF-00-139237-1,PHF,1.24,grams
FV0601A - Mozzarella Burger & Roasted Potatoes [DKSE],REC-013423-4-004,Smokehouse Ketchup,Concentrated Tomatoes- Diluted (90/10) (primo gusto/old california),,"FA-DE Tomatoes, Concentrated Crushed /Tomaten, konzentriert, zerkleinert",PRO-00-139293-5,PRO,20.46,grams
FV0601A - Mozzarella Burger & Roasted Potatoes [DKSE],REC-013423-4-004,Smokehouse Ketchup,Concentrated Tomatoes- Diluted (90/10) (primo gusto/old california),,FA-DE Water / Wasser,OTH-00-144038-5,OTH,2.28,grams
FV0601A - Mozzarella Burger & Roasted Potatoes [DKSE],REC-013423-4-004,Smokehouse Ketchup,,,"FA-DE Oil, Olive /Öl, Olivenöl",PRO-00-139277-5,PRO,0.7,grams
FV0601A - Mozzarella Burger & Roasted Potatoes [DKSE],REC-013423-4-004,Smokehouse Ketchup,,,"FA-DE Thyme, IQF /Thymian, IQF",PHF-00-139244-1,PHF,0.09,grams
FV0601A - Mozzarella Burger & Roasted Potatoes [DKSE],REC-013423-4-004,Smokehouse Ketchup,,,"FA-DE Vinegar, Balsamic /Essig, Balsamico",PRO-00-139298-5,PRO,3.1,grams
FV0601A - Mozzarella Burger & Roasted Potatoes [DKSE],REC-013423-4-004,Roasted Garlic and Parsley Roasted Potato - SH,,,"FA-DE Parsley, Chopped /Petersilie, gehackt",PHF-00-139215-3,PHF,5.31,grams
FV0601A - Mozzarella Burger & Roasted Potatoes [DKSE],REC-013423-4-004,Roasted Garlic and Parsley Roasted Potato - SH,,,"FA-DE Spice, Black Pepper, Ground /Gewürz, schwarzer Pfeffer, gemahlen",SPI-00-139334-5,SPI,0.35,grams
FV0601A - Mozzarella Burger & Roasted Potatoes [DKSE],REC-013423-4-004,Roasted Garlic and Parsley Roasted Potato - SH,,,"FA-DE Oil, Olive /Öl, Olivenöl",PRO-00-139277-5,PRO,5.31,grams
FV0601A - Mozzarella Burger & Roasted Potatoes [DKSE],REC-013423-4-004,Roasted Garlic and Parsley Roasted Potato - SH,Roasted Garlic (use),,"FA-DE Garlic, Peeled, Whole Cloves [10kg] /Knoblauch, geschält, ganze Nelken [10kg]",PHF-00-139197-3,PHF,6.42,grams
FV0601A - Mozzarella Burger & Roasted Potatoes [DKSE],REC-013423-4-004,Roasted Garlic and Parsley Roasted Potato - SH,Roasted Garlic (use),,"FA-DE Oil, Olive /Öl, Olivenöl",PRO-00-139277-5,PRO,4.81,grams
FV0601A - Mozzarella Burger & Roasted Potatoes [DKSE],REC-013423-4-004,Roasted Garlic and Parsley Roasted Potato - SH,,,"FA-DE Spice, Sea Salt /Gewürze, Meersalz",SPI-00-139378-5,SPI,0.35,grams
FV0601A - Mozzarella Burger & Roasted Potatoes [DKSE],REC-013423-4-004,Roasted Garlic and Parsley Roasted Potato - SH,,,"FA-DE Potatoes, Diced 10mm /Kartoffeln, gewürfelt, 10 mm",PHF-00-139219-3,PHF,130.62,grams
FV0601A - Mozzarella Burger & Roasted Potatoes [DKSE],REC-013423-4-004,Mozzarella + Parsley Mix,,,"FA-DE Parsley, Chopped /Petersilie, gehackt",PHF-00-139215-3,PHF,0.93,grams
FV0601A - Mozzarella Burger & Roasted Potatoes [DKSE],REC-013423-4-004,Mozzarella + Parsley Mix,,,"FA-DE Cheese, Mozzarella, Shredded /Käse, Mozzarella, gerieben",DAI-00-139125-3,DAI,13.07,grams
FV0601A - Mozzarella Burger & Roasted Potatoes [DKSE],REC-013423-4-004,Beef Burger Master EU,Burger Patty,Cooked Burger Veggies,"FA-DE Spice, Onion Granulated /Gewürze, Zwiebeln granuliert",SPI-00-139370-5,SPI,4.77,grams
FV0601A - Mozzarella Burger & Roasted Potatoes [DKSE],REC-013423-4-004,Beef Burger Master EU,Burger Patty,Cooked Burger Veggies,"FA-DE Spice, Sea Salt /Gewürze, Meersalz",SPI-00-139378-5,SPI,0.35,grams
FV0601A - Mozzarella Burger & Roasted Potatoes [DKSE],REC-013423-4-004,Beef Burger Master EU,Burger Patty,Cooked Burger Veggies,"FA-DE Oil, Olive /Öl, Olivenöl",PRO-00-139277-5,PRO,3.19,grams
FV0601A - Mozzarella Burger & Roasted Potatoes [DKSE],REC-013423-4-004,Beef Burger Master EU,Burger Patty,Cooked Burger Veggies,"FA-DE Garlic, IQF, Diced 4 mm /Knoblauch, IQF, gewürfelt 4 mm",PHF-00-139237-1,PHF,4.77,grams
FV0601A - Mozzarella Burger & Roasted Potatoes [DKSE],REC-013423-4-004,Beef Burger Master EU,Burger Patty,Cooked Burger Veggies,"FA-DE Spice, Garlic Granulated /Gewürz, Knoblauch granuliert",SPI-00-139353-5,SPI,2.39,grams
FV0601A - Mozzarella Burger & Roasted Potatoes [DKSE],REC-013423-4-004,Beef Burger Master EU,Burger Patty,Cooked Burger Veggies,"FA-DE Onion, Spanish, Diced 5mm /Zwiebel, Spanisch, gewürfelt 5 mm",PHF-00-139212-3,PHF,8.35,grams
FV0601A - Mozzarella Burger & Roasted Potatoes [DKSE],REC-013423-4-004,Beef Burger Master EU,Burger Patty,Burger Stock,"FA-DE Stock, Chicken, Reduced/Brühe, Huhn, Reduziert",PRO-00-139288-5,PRO,1.14,grams
FV0601A - Mozzarella Burger & Roasted Potatoes [DKSE],REC-013423-4-004,Beef Burger Master EU,Burger Patty,Burger Stock,FA-DE Water / Wasser,OTH-00-144038-5,OTH,16.07,grams
FV0601A - Mozzarella Burger & Roasted Potatoes [DKSE],REC-013423-4-004,Beef Burger Master EU,Burger Patty,Burger Stock,"FA-DE Spice, Sea Salt /Gewürze, Meersalz",SPI-00-139378-5,SPI,0.61,grams
FV0601A - Mozzarella Burger & Roasted Potatoes [DKSE],REC-013423-4-004,Beef Burger Master EU,Burger Patty,,"FA-DE Beef, Ground, 80/20 /Rindfleisch, gemahlen, 80/20",PTN-00-139319-3,PTN,169.76,grams
FV0601A - Mozzarella Burger & Roasted Potatoes [DKSE],REC-013423-4-004,Mixed veg - Summer Zucchini Roast,,,"FA-DE Oil, Olive /Öl, Olivenöl",PRO-00-139277-5,PRO,1.9,grams
FV0601A - Mozzarella Burger & Roasted Potatoes [DKSE],REC-013423-4-004,Mixed veg - Summer Zucchini Roast,,,"FA-DE Sweetcorn Supersweet Kernels, IQF /Zuckermais-Supersüßkörner, IQF",PHF-00-139236-1,PHF,20.95,grams
FV0601A - Mozzarella Burger & Roasted Potatoes [DKSE],REC-013423-4-004,Mixed veg - Summer Zucchini Roast,,,"FA-DE Garlic, IQF, Diced 4 mm /Knoblauch, IQF, gewürfelt 4 mm",PHF-00-139237-1,PHF,2.22,grams
FV0601A - Mozzarella Burger & Roasted Potatoes [DKSE],REC-013423-4-004,Mixed veg - Summer Zucchini Roast,,,"FA-DE Spice, Sea Salt /Gewürze, Meersalz",SPI-00-139378-5,SPI,0.31,grams
FV0601A - Mozzarella Burger & Roasted Potatoes [DKSE],REC-013423-4-004,Mixed veg - Summer Zucchini Roast,,,"FA-DE Zucchini, Diced 10mm /Zucchini, gewürfelt 10 mm",PHF-00-139229-3,PHF,55.87,grams
FV0601A - Mozzarella Burger & Roasted Potatoes [DKSE],REC-013423-4-004,Mixed veg - Summer Zucchini Roast,,,"FA-DE Spice, Onion Powder, Toasted /Gewürze, Zwiebelpulver, geröstet",SPI-00-139371-5,SPI,0.31,grams
FV0601A - Mozzarella Burger & Roasted Potatoes [DKSE],REC-013423-4-004,Mixed veg - Summer Zucchini Roast,,,"FA-DE Tomatoes, Diced 10mm /Tomaten, gewürfelt, 10 mm",PHF-00-139239-3,PHF,28.25,grams
FV0601A - Mozzarella Burger & Roasted Potatoes [DKSE],REC-013423-4-004,Mixed veg - Summer Zucchini Roast,,,"FA-DE Spice, Garlic Granulated /Gewürz, Knoblauch granuliert",SPI-00-139353-5,SPI,0.31,grams
FV0601A - Mozzarella Burger & Roasted Potatoes [DKSE],REC-013423-4-004,Mixed veg - Summer Zucchini Roast,,,"FA-DE Onion, Spanish, Diced 10mm /Zwiebel, Spanisch, gewürfelt 10 mm",PHF-00-139209-3,PHF,4.76,grams
FV0601A - Mozzarella Burger & Roasted Potatoes [DKSE],REC-013423-4-004,Mixed veg - Summer Zucchini Roast,,,"FA-DE Bell Peppers, Red, Diced 10mm /Paprika, rot, gewürfelt 10 mm",PHF-00-139179-3,PHF,2.85,grams
FV0601A - Mozzarella Burger & Roasted Potatoes [DKSE],REC-013423-4-004,Mixed veg - Summer Zucchini Roast,,,"FA-DE Parsley, Chopped /Petersilie, gehackt",PHF-00-139215-3,PHF,0.31,grams
FV0601A - Mozzarella Burger & Roasted Potatoes [DKSE],REC-013423-4-004,Mozzarella + Parsley Mix,,,"FA-DE Parsley, Chopped /Petersilie, gehackt",PHF-00-139215-3,PHF,0.93,grams
FV0601A - Mozzarella Burger & Roasted Potatoes [DKSE],REC-013423-4-004,Mozzarella + Parsley Mix,,,"FA-DE Cheese, Mozzarella, Shredded /Käse, Mozzarella, gerieben",DAI-00-139125-3,DAI,13.07,grams
FV0612A - Dijon Ground Beef & Mushroom Skillet [DKSE],REC-014010-4-004,Sauce - Emmentaler Fondue,,,"FA-DE Cheese, Cream, 13% Fat (Milk) /Käse, Sahne, 13% Fett",DAI-00-139122-3,DAI,7.02,grams
FV0612A - Dijon Ground Beef & Mushroom Skillet [DKSE],REC-014010-4-004,Sauce - Emmentaler Fondue,,,"FA-DE Milk, Whole /Milch, voll",DAI-00-139142-3,DAI,13.64,grams
FV0612A - Dijon Ground Beef & Mushroom Skillet [DKSE],REC-014010-4-004,Sauce - Emmentaler Fondue,,,"FA-DE Gum, Xanthan /Gummi, Xanthan",DRY-00-139153-5,DRY,0.02,grams
FV0612A - Dijon Ground Beef & Mushroom Skillet [DKSE],REC-014010-4-004,Sauce - Emmentaler Fondue,,,"FA-DE Cheese, Emmentaler, Shredded /Käse, Emmentaler, gerieben",DAI-00-139134-3,DAI,14.24,grams
FV0612A - Dijon Ground Beef & Mushroom Skillet [DKSE],REC-014010-4-004,Sauce - Emmentaler Fondue,,,"FA-DE Spice, White Pepper /Gewürz, weißer Pfeffer",SPI-00-139387-5,SPI,0.03,grams
FV0612A - Dijon Ground Beef & Mushroom Skillet [DKSE],REC-014010-4-004,Sauce - Emmentaler Fondue,"Plain Roasted Red Bell Peppers - 1/4"" Diced",,"FA-DE Bell Peppers, Red, Diced 10mm /Paprika, rot, gewürfelt 10 mm",PHF-00-139179-3,PHF,8.19,grams
FV0612A - Dijon Ground Beef & Mushroom Skillet [DKSE],REC-014010-4-004,Sauce - Emmentaler Fondue,"Plain Roasted Red Bell Peppers - 1/4"" Diced",,"FA-DE Oil, Olive /Öl, Olivenöl",PRO-00-139277-5,PRO,0.29,grams
FV0612A - Dijon Ground Beef & Mushroom Skillet [DKSE],REC-014010-4-004,Sauce - Emmentaler Fondue,,,FA-DE Water / Wasser,OTH-00-144038-5,OTH,17.47,grams
FV0612A - Dijon Ground Beef & Mushroom Skillet [DKSE],REC-014010-4-004,Sauce - Emmentaler Fondue,,,"FA-DE Spice, Sea Salt /Gewürze, Meersalz",SPI-00-139378-5,SPI,0.28,grams
FV0612A - Dijon Ground Beef & Mushroom Skillet [DKSE],REC-014010-4-004,Sauce - Emmentaler Fondue,,,"FA-DE Spice, Onion Powder, Toasted /Gewürze, Zwiebelpulver, geröstet",SPI-00-139371-5,SPI,0.05,grams
FV0612A - Dijon Ground Beef & Mushroom Skillet [DKSE],REC-014010-4-004,Roasted Potatoes,,,"FA-DE Oil, Olive /Öl, Olivenöl",PRO-00-139277-5,PRO,5.83,grams
FV0612A - Dijon Ground Beef & Mushroom Skillet [DKSE],REC-014010-4-004,Roasted Potatoes,,,"FA-DE Spice, Parsley Dried /Gewürze, getrocknete Petersilie",SPI-00-139374-5,SPI,0.29,grams
FV0612A - Dijon Ground Beef & Mushroom Skillet [DKSE],REC-014010-4-004,Roasted Potatoes,,,"FA-DE Potatoes, Diced 10mm /Kartoffeln, gewürfelt, 10 mm",PHF-00-139219-3,PHF,136.1,grams
FV0612A - Dijon Ground Beef & Mushroom Skillet [DKSE],REC-014010-4-004,Roasted Potatoes,,,"FA-DE Spice, Black Pepper, Ground /Gewürz, schwarzer Pfeffer, gemahlen",SPI-00-139334-5,SPI,0.1,grams
FV0612A - Dijon Ground Beef & Mushroom Skillet [DKSE],REC-014010-4-004,Roasted Potatoes,,,"FA-DE Spice, Sea Salt /Gewürze, Meersalz",SPI-00-139378-5,SPI,0.59,grams
FV0612A - Dijon Ground Beef & Mushroom Skillet [DKSE],REC-014010-4-004,Roasted Potatoes,,,"FA-DE Spice, Garlic Granulated /Gewürz, Knoblauch granuliert",SPI-00-139353-5,SPI,0.87,grams
FV0612A - Dijon Ground Beef & Mushroom Skillet [DKSE],REC-014010-4-004,Roasted Potatoes,,,"FA-DE Spice, Onion Granulated /Gewürze, Zwiebeln granuliert",SPI-00-139370-5,SPI,0.29,grams
FV0612A - Dijon Ground Beef & Mushroom Skillet [DKSE],REC-014010-4-004,Dry Roasted Mushrooms (thick),,,"FA-DE Mushroom, Button, Sliced, Washed /Pilz, Knopf, geschnitten, gewaschen",PHF-00-139206-3,PHF,117.87,grams
FV0612A - Dijon Ground Beef & Mushroom Skillet [DKSE],REC-014010-4-004,Mushroom Swiss Beef (medium salt),,,"FA-DE Spice, Sea Salt /Gewürze, Meersalz",SPI-00-139378-5,SPI,0.82,grams
FV0612A - Dijon Ground Beef & Mushroom Skillet [DKSE],REC-014010-4-004,Mushroom Swiss Beef (medium salt),,,"FA-DE Spice, Onion Powder, Toasted /Gewürze, Zwiebelpulver, geröstet",SPI-00-139371-5,SPI,0.63,grams
FV0612A - Dijon Ground Beef & Mushroom Skillet [DKSE],REC-014010-4-004,Mushroom Swiss Beef (medium salt),,,"FA-DE Mustard, Dijon /Senf, Dijon",PRO-00-139276-5,PRO,6.36,grams
FV0612A - Dijon Ground Beef & Mushroom Skillet [DKSE],REC-014010-4-004,Mushroom Swiss Beef (medium salt),,,"FA-DE Spice, Tomato Powder /Gewürz, Tomatenpulver",SPI-00-139325-5,SPI,0.63,grams
FV0612A - Dijon Ground Beef & Mushroom Skillet [DKSE],REC-014010-4-004,Mushroom Swiss Beef (medium salt),,,"FA-DE Spice, Porcini Mushroom Powder /Gewürz, Steinpilzpulver",SPI-00-139375-5,SPI,0.32,grams
FV0612A - Dijon Ground Beef & Mushroom Skillet [DKSE],REC-014010-4-004,Mushroom Swiss Beef (medium salt),Ground Beef - cooked,,"FA-DE Beef, Ground, 80/20 /Rindfleisch, gemahlen, 80/20",PTN-00-139319-3,PTN,112.22,grams
FV0612A - Dijon Ground Beef & Mushroom Skillet [DKSE],REC-014010-4-004,Mushroom Swiss Beef (medium salt),,,"FA-DE Spice, Garlic Powder, Toasted /Gewürz, Knoblauchpulver, geröstet",SPI-00-139354-5,SPI,0.63,grams
FV0612A - Dijon Ground Beef & Mushroom Skillet [DKSE],REC-014010-4-004,Oven Roasted Scallions,,,"FA-DE Onion, Green, Sliced 5mm /Zwiebel, grün, in Scheiben geschnitten, 5 mm",PHF-00-149803-3,PHF,9.08,grams
FV0612A - Dijon Ground Beef & Mushroom Skillet [DKSE],REC-014010-4-004,Roasted Red Onion,,,"FA-DE Onion, Red, Diced 10mm/Zwiebeln, rot, gewürfelt, 10 mm",PHF-00-139216-3,PHF,62.57,grams
FV0794A - Loaded Bacon Shredded Chicken [DKSE],REC-013489-4-002,Ranch Sour Cream Batch - PH,,,"FA-DE Juice, Lemon /Saft, Zitrone",PRO-00-139265-5,PRO,2.88,grams
FV0794A - Loaded Bacon Shredded Chicken [DKSE],REC-013489-4-002,Ranch Sour Cream Batch - PH,Steamed Cream Cheese,,"FA-DE Cheese, Cream, 13% Fat (Milk) /Käse, Sahne, 13% Fett",DAI-00-139122-3,DAI,4.71,grams
FV0794A - Loaded Bacon Shredded Chicken [DKSE],REC-013489-4-002,Ranch Sour Cream Batch - PH,,,FA-DE Sour Cream /Sauerrahm,DAI-00-139141-3,DAI,26.08,grams
FV0794A - Loaded Bacon Shredded Chicken [DKSE],REC-013489-4-002,Ranch Sour Cream Batch - PH,DRY Ranch Seasoning,,"FA-DE Chives, Dried /Schnittlauch, getrocknet",SPI-00-139322-5,SPI,0.08,grams
FV0794A - Loaded Bacon Shredded Chicken [DKSE],REC-013489-4-002,Ranch Sour Cream Batch - PH,DRY Ranch Seasoning,,"FA-DE Spice, Onion Granulated /Gewürze, Zwiebeln granuliert",SPI-00-139370-5,SPI,0.24,grams
FV0794A - Loaded Bacon Shredded Chicken [DKSE],REC-013489-4-002,Ranch Sour Cream Batch - PH,DRY Ranch Seasoning,,"FA-DE Spice, Buttermilk Powder/Gewürz, Buttermilchpulver",SPI-00-151139-5,SPI,1.29,grams
FV0794A - Loaded Bacon Shredded Chicken [DKSE],REC-013489-4-002,Ranch Sour Cream Batch - PH,DRY Ranch Seasoning,,"FA-DE Spice, Parsley Dried /Gewürze, getrocknete Petersilie",SPI-00-139374-5,SPI,0.03,grams
FV0794A - Loaded Bacon Shredded Chicken [DKSE],REC-013489-4-002,Ranch Sour Cream Batch - PH,DRY Ranch Seasoning,,"FA-DE Spice, Garlic Granulated /Gewürz, Knoblauch granuliert",SPI-00-139353-5,SPI,0.27,grams
FV0794A - Loaded Bacon Shredded Chicken [DKSE],REC-013489-4-002,Ranch Sour Cream Batch - PH,DRY Ranch Seasoning,,"FA-DE Spice, Black Pepper, Ground /Gewürz, schwarzer Pfeffer, gemahlen",SPI-00-139334-5,SPI,0.14,grams
FV0794A - Loaded Bacon Shredded Chicken [DKSE],REC-013489-4-002,Ranch Sour Cream Batch - PH,DRY Ranch Seasoning,,"FA-DE Spice, Dill Dried /Gewürz, Dill getrocknet",SPI-00-139349-5,SPI,0.08,grams
FV0794A - Loaded Bacon Shredded Chicken [DKSE],REC-013489-4-002,Green Beans CUT 1-1/2 - Fresh,,,"FA-DE Green Beans, Fresh, Cut 40mm /Grüne Bohnen, frisch, geschnitten 40mm",PHF-00-139199-3,PHF,102.57,grams
FV0794A - Loaded Bacon Shredded Chicken [DKSE],REC-013489-4-002,Green Beans CUT 1-1/2 - Fresh,,,"FA-DE Spice, Black Pepper, Ground /Gewürz, schwarzer Pfeffer, gemahlen",SPI-00-139334-5,SPI,0.08,grams
FV0794A - Loaded Bacon Shredded Chicken [DKSE],REC-013489-4-002,Green Beans CUT 1-1/2 - Fresh,,,"FA-DE Spice, Sea Salt /Gewürze, Meersalz",SPI-00-139378-5,SPI,0.59,grams
FV0794A - Loaded Bacon Shredded Chicken [DKSE],REC-013489-4-002,Green Beans CUT 1-1/2 - Fresh,,,"FA-DE Oil, Olive /Öl, Olivenöl",PRO-00-139277-5,PRO,5.27,grams
FV0794A - Loaded Bacon Shredded Chicken [DKSE],REC-013489-4-002,Green Beans CUT 1-1/2 - Fresh,,,"FA-DE Spice, Garlic Granulated /Gewürz, Knoblauch granuliert",SPI-00-139353-5,SPI,0.44,grams
FV0794A - Loaded Bacon Shredded Chicken [DKSE],REC-013489-4-002,Bacon Chicken Casserole,Bacon Chicken Casserole Cheese Sauce,,"FA-DE Cheese, Cream, 13% Fat (Milk) /Käse, Sahne, 13% Fett",DAI-00-139122-3,DAI,10.15,grams
FV0794A - Loaded Bacon Shredded Chicken [DKSE],REC-013489-4-002,Bacon Chicken Casserole,Bacon Chicken Casserole Cheese Sauce,,"FA-DE Stock, Chicken, Reduced/Brühe, Huhn, Reduziert",PRO-00-139288-5,PRO,0.42,grams
FV0794A - Loaded Bacon Shredded Chicken [DKSE],REC-013489-4-002,Bacon Chicken Casserole,Bacon Chicken Casserole Cheese Sauce,,"FA-DE Onion, Spanish, Diced 5mm /Zwiebel, Spanisch, gewürfelt 5 mm",PHF-00-139212-3,PHF,6.04,grams
FV0794A - Loaded Bacon Shredded Chicken [DKSE],REC-013489-4-002,Bacon Chicken Casserole,Bacon Chicken Casserole Cheese Sauce,,FA-DE Water / Wasser,OTH-00-144038-5,OTH,19.62,grams
FV0794A - Loaded Bacon Shredded Chicken [DKSE],REC-013489-4-002,Bacon Chicken Casserole,Bacon Chicken Casserole Cheese Sauce,,"FA-DE Cheese, White Cheddar, Shredded /Käse, weißer Cheddar, gerieben",DAI-00-139135-3,DAI,21.13,grams
FV0794A - Loaded Bacon Shredded Chicken [DKSE],REC-013489-4-002,Bacon Chicken Casserole,Bacon Chicken Casserole Cheese Sauce,,"FA-DE Garlic, IQF, Diced 4 mm /Knoblauch, IQF, gewürfelt 4 mm",PHF-00-139237-1,PHF,2.34,grams
FV0794A - Loaded Bacon Shredded Chicken [DKSE],REC-013489-4-002,Bacon Chicken Casserole,Bacon Chicken Casserole Cheese Sauce,,"FA-DE Cheese, Mozzarella, Shredded /Käse, Mozzarella, gerieben",DAI-00-139125-3,DAI,23.48,grams
FV0794A - Loaded Bacon Shredded Chicken [DKSE],REC-013489-4-002,Bacon Chicken Casserole,Bacon Chicken Casserole Cheese Sauce,,"FA-DE Oil, Olive /Öl, Olivenöl",PRO-00-139277-5,PRO,8.55,grams
FV0794A - Loaded Bacon Shredded Chicken [DKSE],REC-013489-4-002,Bacon Chicken Casserole,Thawed & Squeezed Frozen Spinach,,"FA-DE Spinach, Frozen Leaf/Spinat, gefrorener Blattspinat",PHF-00-139242-1,PHF,35.16,grams
FV0794A - Loaded Bacon Shredded Chicken [DKSE],REC-013489-4-002,Bacon Chicken Casserole,Shredded Ranch Chicken (Loaded Bacon & Spinach),DRY Ranch Seasoning,"FA-DE Chives, Dried /Schnittlauch, getrocknet",SPI-00-139322-5,SPI,0.19,grams
FV0794A - Loaded Bacon Shredded Chicken [DKSE],REC-013489-4-002,Bacon Chicken Casserole,Shredded Ranch Chicken (Loaded Bacon & Spinach),DRY Ranch Seasoning,"FA-DE Spice, Onion Granulated /Gewürze, Zwiebeln granuliert",SPI-00-139370-5,SPI,0.53,grams
FV0794A - Loaded Bacon Shredded Chicken [DKSE],REC-013489-4-002,Bacon Chicken Casserole,Shredded Ranch Chicken (Loaded Bacon & Spinach),DRY Ranch Seasoning,"FA-DE Spice, Buttermilk Powder/Gewürz, Buttermilchpulver",SPI-00-151139-5,SPI,2.87,grams
FV0794A - Loaded Bacon Shredded Chicken [DKSE],REC-013489-4-002,Bacon Chicken Casserole,Shredded Ranch Chicken (Loaded Bacon & Spinach),DRY Ranch Seasoning,"FA-DE Spice, Parsley Dried /Gewürze, getrocknete Petersilie",SPI-00-139374-5,SPI,0.07,grams
FV0794A - Loaded Bacon Shredded Chicken [DKSE],REC-013489-4-002,Bacon Chicken Casserole,Shredded Ranch Chicken (Loaded Bacon & Spinach),DRY Ranch Seasoning,"FA-DE Spice, Garlic Granulated /Gewürz, Knoblauch granuliert",SPI-00-139353-5,SPI,0.6,grams
FV0794A - Loaded Bacon Shredded Chicken [DKSE],REC-013489-4-002,Bacon Chicken Casserole,Shredded Ranch Chicken (Loaded Bacon & Spinach),DRY Ranch Seasoning,"FA-DE Spice, Black Pepper, Ground /Gewürz, schwarzer Pfeffer, gemahlen",SPI-00-139334-5,SPI,0.3,grams
FV0794A - Loaded Bacon Shredded Chicken [DKSE],REC-013489-4-002,Bacon Chicken Casserole,Shredded Ranch Chicken (Loaded Bacon & Spinach),DRY Ranch Seasoning,"FA-DE Spice, Dill Dried /Gewürz, Dill getrocknet",SPI-00-139349-5,SPI,0.19,grams
FV0794A - Loaded Bacon Shredded Chicken [DKSE],REC-013489-4-002,Bacon Chicken Casserole,Shredded Ranch Chicken (Loaded Bacon & Spinach),Chicken Thighs - BRINED,"FA-DE Spice, Sea Salt /Gewürze, Meersalz",SPI-00-139378-5,SPI,1.36,grams
FV0794A - Loaded Bacon Shredded Chicken [DKSE],REC-013489-4-002,Bacon Chicken Casserole,Shredded Ranch Chicken (Loaded Bacon & Spinach),Chicken Thighs - BRINED,"FA-DE Chicken, Thighs, Boneless Skinless /Hähnchen, Oberschenkel, ohne Knochen und ohne Haut",PTN-00-139343-3,PTN,154.33,grams
FV0794A - Loaded Bacon Shredded Chicken [DKSE],REC-013489-4-002,Bacon Chicken Casserole,Shredded Ranch Chicken (Loaded Bacon & Spinach),Chicken Thighs - BRINED,FA-DE Water / Wasser,OTH-00-144038-5,OTH,154.33,grams
FV0794A - Loaded Bacon Shredded Chicken [DKSE],REC-013489-4-002,Bacon Chicken Casserole,Shredded Ranch Chicken (Loaded Bacon & Spinach),,"FA-DE Oil, Olive /Öl, Olivenöl",PRO-00-139277-5,PRO,9.64,grams
FV0794A - Loaded Bacon Shredded Chicken [DKSE],REC-013489-4-002,Extra Crispy Diced Bacon,,,"FA-DE Bacon, Diced /Speck, gewürfelt",PTN-00-139306-3,PTN,27.22,grams
FV0846A - Stroganoff-Style Beef Burger [DKSE],REC-029854-4-002,Herb-Parmesan Butter,,,"FA-DE Spice, Parsley Dried /Gewürze, getrocknete Petersilie",SPI-00-139374-5,SPI,0.09,grams
FV0846A - Stroganoff-Style Beef Burger [DKSE],REC-029854-4-002,Herb-Parmesan Butter,,,"FA-DE Butter, Unsalted /Butter, ungesalzen",DAI-00-139146-3,DAI,11.56,grams
FV0846A - Stroganoff-Style Beef Burger [DKSE],REC-029854-4-002,Herb-Parmesan Butter,,,"FA-DE Cheese, Parmesan, Grated /Käse, Parmesan, gerieben",DAI-00-139127-3,DAI,1.16,grams
FV0846A - Stroganoff-Style Beef Burger [DKSE],REC-029854-4-002,Herb-Parmesan Butter,,,"FA-DE Spice, Black Pepper, Ground /Gewürz, schwarzer Pfeffer, gemahlen",SPI-00-139334-5,SPI,0.11,grams
FV0846A - Stroganoff-Style Beef Burger [DKSE],REC-029854-4-002,Herb-Parmesan Butter,,,"FA-DE Spice, White Pepper /Gewürz, weißer Pfeffer",SPI-00-139387-5,SPI,0.11,grams
FV0846A - Stroganoff-Style Beef Burger [DKSE],REC-029854-4-002,Sauce for Beef Stroganoff - 1/2 garlic- No wine,,,"FA-DE Mushroom, Button, Sliced, Washed /Pilz, Knopf, geschnitten, gewaschen",PHF-00-139206-3,PHF,46.56,grams
FV0846A - Stroganoff-Style Beef Burger [DKSE],REC-029854-4-002,Sauce for Beef Stroganoff - 1/2 garlic- No wine,,,"FA-DE Onion, Green, Sliced 5mm /Zwiebel, grün, in Scheiben geschnitten, 5 mm",PHF-00-149803-3,PHF,5.19,grams
FV0846A - Stroganoff-Style Beef Burger [DKSE],REC-029854-4-002,Sauce for Beef Stroganoff - 1/2 garlic- No wine,,,"FA-DE Garlic, IQF, Diced 4 mm /Knoblauch, IQF, gewürfelt 4 mm",PHF-00-139237-1,PHF,3.68,grams
FV0846A - Stroganoff-Style Beef Burger [DKSE],REC-029854-4-002,Sauce for Beef Stroganoff - 1/2 garlic- No wine,,,"FA-DE Thyme, IQF /Thymian, IQF",PHF-00-139244-1,PHF,0.97,grams
FV0846A - Stroganoff-Style Beef Burger [DKSE],REC-029854-4-002,Sauce for Beef Stroganoff - 1/2 garlic- No wine,,,"FA-DE Mustard, Dijon /Senf, Dijon",PRO-00-139276-5,PRO,3.19,grams
FV0846A - Stroganoff-Style Beef Burger [DKSE],REC-029854-4-002,Sauce for Beef Stroganoff - 1/2 garlic- No wine,,,"FA-DE Cheese, Cream, 13% Fat (Milk) /Käse, Sahne, 13% Fett",DAI-00-139122-3,DAI,14.69,grams
FV0846A - Stroganoff-Style Beef Burger [DKSE],REC-029854-4-002,Sauce for Beef Stroganoff - 1/2 garlic- No wine,,,FA-DE Heavy Cream 35% /Sahne 35%,DAI-00-148167-3,DAI,1.96,grams
FV0846A - Stroganoff-Style Beef Burger [DKSE],REC-029854-4-002,Sauce for Beef Stroganoff - 1/2 garlic- No wine,,,"FA-DE Stock Concentrate, Classic Reduced Brown /Stammkonzentrat, klassisches, reduziertes Braun",PRO-00-139285-5,PRO,4.89,grams
FV0846A - Stroganoff-Style Beef Burger [DKSE],REC-029854-4-002,Sauce for Beef Stroganoff - 1/2 garlic- No wine,,,"FA-DE Onion, Spanish, Diced 5mm /Zwiebel, Spanisch, gewürfelt 5 mm",PHF-00-139212-3,PHF,3.68,grams
FV0846A - Stroganoff-Style Beef Burger [DKSE],REC-029854-4-002,Sauce for Beef Stroganoff - 1/2 garlic- No wine,,,"FA-DE Spice, Sea Salt /Gewürze, Meersalz",SPI-00-139378-5,SPI,0.27,grams
FV0846A - Stroganoff-Style Beef Burger [DKSE],REC-029854-4-002,Sauce for Beef Stroganoff - 1/2 garlic- No wine,,,FA-DE Sour Cream /Sauerrahm,DAI-00-139141-3,DAI,14.69,grams
FV0846A - Stroganoff-Style Beef Burger [DKSE],REC-029854-4-002,Sauce for Beef Stroganoff - 1/2 garlic- No wine,,,"FA-DE Oil, Olive /Öl, Olivenöl",PRO-00-139277-5,PRO,5.79,grams
FV0846A - Stroganoff-Style Beef Burger [DKSE],REC-029854-4-002,Sauce for Beef Stroganoff - 1/2 garlic- No wine,,,"FA-DE Spice, Porcini Mushroom Powder /Gewürz, Steinpilzpulver",SPI-00-139375-5,SPI,0.73,grams
FV0846A - Stroganoff-Style Beef Burger [DKSE],REC-029854-4-002,Sauce for Beef Stroganoff - 1/2 garlic- No wine,,,FA-DE Water / Wasser,OTH-00-144038-5,OTH,2.46,grams
FV0846A - Stroganoff-Style Beef Burger [DKSE],REC-029854-4-002,Loaded Roasted Sliced Mushrooms 1/2 green onion,,,"FA-DE Spice, Sea Salt /Gewürze, Meersalz",SPI-00-139378-5,SPI,0.26,grams
FV0846A - Stroganoff-Style Beef Burger [DKSE],REC-029854-4-002,Loaded Roasted Sliced Mushrooms 1/2 green onion,,,"FA-DE Mushroom, Button, Sliced, Washed /Pilz, Knopf, geschnitten, gewaschen",PHF-00-139206-3,PHF,67.6,grams
FV0846A - Stroganoff-Style Beef Burger [DKSE],REC-029854-4-002,Loaded Roasted Sliced Mushrooms 1/2 green onion,,,"FA-DE Spice, Black Pepper, Ground /Gewürz, schwarzer Pfeffer, gemahlen",SPI-00-139334-5,SPI,0.06,grams
FV0846A - Stroganoff-Style Beef Burger [DKSE],REC-029854-4-002,Loaded Roasted Sliced Mushrooms 1/2 green onion,,,"FA-DE Oil, Olive /Öl, Olivenöl",PRO-00-139277-5,PRO,10.56,grams
FV0846A - Stroganoff-Style Beef Burger [DKSE],REC-029854-4-002,Loaded Roasted Sliced Mushrooms 1/2 green onion,,,"FA-DE Spice, Dill Dried /Gewürz, Dill getrocknet",SPI-00-139349-5,SPI,0.1,grams
FV0846A - Stroganoff-Style Beef Burger [DKSE],REC-029854-4-002,Loaded Roasted Sliced Mushrooms 1/2 green onion,,,"FA-DE Thyme, IQF /Thymian, IQF",PHF-00-139244-1,PHF,0.08,grams
FV0846A - Stroganoff-Style Beef Burger [DKSE],REC-029854-4-002,Loaded Roasted Sliced Mushrooms 1/2 green onion,,,"FA-DE Onion, Green, Sliced 5mm /Zwiebel, grün, in Scheiben geschnitten, 5 mm",PHF-00-149803-3,PHF,1.69,grams
FV0846A - Stroganoff-Style Beef Burger [DKSE],REC-029854-4-002,Loaded Roasted Sliced Mushrooms 1/2 green onion,,,"FA-DE Garlic, IQF, Diced 4 mm /Knoblauch, IQF, gewürfelt 4 mm",PHF-00-139237-1,PHF,3.16,grams
FV0846A - Stroganoff-Style Beef Burger [DKSE],REC-029854-4-002,Green Beans CUT 1-1/2 - Fresh - Less Salt,,,"FA-DE Green Beans, Fresh and Trimmed/Grüne Bohnen, frisch und geschnitten",PHF-00-139198-3,PHF,64.19,grams
FV0846A - Stroganoff-Style Beef Burger [DKSE],REC-029854-4-002,Green Beans CUT 1-1/2 - Fresh - Less Salt,,,"FA-DE Oil, Olive /Öl, Olivenöl",PRO-00-139277-5,PRO,3.28,grams
FV0846A - Stroganoff-Style Beef Burger [DKSE],REC-029854-4-002,Green Beans CUT 1-1/2 - Fresh - Less Salt,,,"FA-DE Spice, Sea Salt /Gewürze, Meersalz",SPI-00-139378-5,SPI,0.27,grams
FV0846A - Stroganoff-Style Beef Burger [DKSE],REC-029854-4-002,Green Beans CUT 1-1/2 - Fresh - Less Salt,,,"FA-DE Spice, Black Pepper, Ground /Gewürz, schwarzer Pfeffer, gemahlen",SPI-00-139334-5,SPI,0.09,grams
FV0846A - Stroganoff-Style Beef Burger [DKSE],REC-029854-4-002,Green Beans CUT 1-1/2 - Fresh - Less Salt,,,"FA-DE Spice, Garlic Granulated /Gewürz, Knoblauch granuliert",SPI-00-139353-5,SPI,0.27,grams
FV0846A - Stroganoff-Style Beef Burger [DKSE],REC-029854-4-002,Beef Burger Master (each) New,,,FA-DE Water / Wasser,OTH-00-144038-5,OTH,15.83,grams
FV0846A - Stroganoff-Style Beef Burger [DKSE],REC-029854-4-002,Beef Burger Master (each) New,,,"FA-DE Stock Concentrate, Classic Reduced Brown /Stammkonzentrat, klassisches, reduziertes Braun",PRO-00-139285-5,PRO,1.1,grams
FV0846A - Stroganoff-Style Beef Burger [DKSE],REC-029854-4-002,Beef Burger Master (each) New,,,"FA-DE Spice, Sea Salt /Gewürze, Meersalz",SPI-00-139378-5,SPI,0.79,grams
FV0846A - Stroganoff-Style Beef Burger [DKSE],REC-029854-4-002,Beef Burger Master (each) New,,,"FA-DE Spice, Garlic Granulated /Gewürz, Knoblauch granuliert",SPI-00-139353-5,SPI,3.52,grams
FV0846A - Stroganoff-Style Beef Burger [DKSE],REC-029854-4-002,Beef Burger Master (each) New,Burger Patty Veg,,"FA-DE Garlic, IQF, Diced 4 mm /Knoblauch, IQF, gewürfelt 4 mm",PHF-00-139237-1,PHF,0.12,grams
FV0846A - Stroganoff-Style Beef Burger [DKSE],REC-029854-4-002,Beef Burger Master (each) New,Burger Patty Veg,,"FA-DE Oil, Olive /Öl, Olivenöl",PRO-00-139277-5,PRO,0.08,grams
FV0846A - Stroganoff-Style Beef Burger [DKSE],REC-029854-4-002,Beef Burger Master (each) New,Burger Patty Veg,,"FA-DE Onion, Spanish, Diced 5mm /Zwiebel, Spanisch, gewürfelt 5 mm",PHF-00-139212-3,PHF,0.21,grams
FV0846A - Stroganoff-Style Beef Burger [DKSE],REC-029854-4-002,Beef Burger Master (each) New,,,"FA-DE Beef, Ground, 80/20 /Rindfleisch, gemahlen, 80/20",PTN-00-139319-3,PTN,142.42,grams
FV0846A - Stroganoff-Style Beef Burger [DKSE],REC-029854-4-002,Roasted Green Onions,,,"FA-DE Onion, Green, Sliced 5mm /Zwiebel, grün, in Scheiben geschnitten, 5 mm",PHF-00-149803-3,PHF,5.88,grams
FV0970A - Caramelized Onion & Emmental Fondue Chicken [DKSE],REC-014186-4-003,Chicken breast - Herb Grilled Chicken Breast,Chicken Breast - BRINED 160g,,"FA-DE Chicken, Breast, B/S - 160g/Hähnchen, Brust, B/S – 160 g",PTN-00-139317-3,PTN,160,grams
FV0970A - Caramelized Onion & Emmental Fondue Chicken [DKSE],REC-014186-4-003,Chicken breast - Herb Grilled Chicken Breast,Chicken Breast - BRINED 160g,,FA-DE Water / Wasser,OTH-00-144038-5,OTH,160,grams
FV0970A - Caramelized Onion & Emmental Fondue Chicken [DKSE],REC-014186-4-003,Chicken breast - Herb Grilled Chicken Breast,Chicken Breast - BRINED 160g,,"FA-DE Spice, Sea Salt /Gewürze, Meersalz",SPI-00-139378-5,SPI,1.41,grams
FV0970A - Caramelized Onion & Emmental Fondue Chicken [DKSE],REC-014186-4-003,Chicken breast - Herb Grilled Chicken Breast,Herb marinade for Herb grilled Chicken Breast,,"FA-DE Spice, Sea Salt /Gewürze, Meersalz",SPI-00-139378-5,SPI,0.12,grams
FV0970A - Caramelized Onion & Emmental Fondue Chicken [DKSE],REC-014186-4-003,Chicken breast - Herb Grilled Chicken Breast,Herb marinade for Herb grilled Chicken Breast,,"FA-DE Spice, Italian Seasoning /Gewürze, italienische Gewürze",SPI-00-139359-5,SPI,0.12,grams
FV0970A - Caramelized Onion & Emmental Fondue Chicken [DKSE],REC-014186-4-003,Chicken breast - Herb Grilled Chicken Breast,Herb marinade for Herb grilled Chicken Breast,Roasted Garlic oil,"FA-DE Garlic, Peeled, Whole Cloves [10kg] /Knoblauch, geschält, ganze Nelken [10kg]",PHF-00-139197-3,PHF,8.29,grams
FV0970A - Caramelized Onion & Emmental Fondue Chicken [DKSE],REC-014186-4-003,Chicken breast - Herb Grilled Chicken Breast,Herb marinade for Herb grilled Chicken Breast,Roasted Garlic oil,"FA-DE Oil, Olive /Öl, Olivenöl",PRO-00-139277-5,PRO,6.22,grams
FV0970A - Caramelized Onion & Emmental Fondue Chicken [DKSE],REC-014186-4-003,Garlic Herb Butter,,,"FA-DE Spice, Parsley Dried /Gewürze, getrocknete Petersilie",SPI-00-139374-5,SPI,0.04,grams
FV0970A - Caramelized Onion & Emmental Fondue Chicken [DKSE],REC-014186-4-003,Garlic Herb Butter,,,"FA-DE Spice, Garlic Powder, Toasted /Gewürz, Knoblauchpulver, geröstet",SPI-00-139354-5,SPI,0.19,grams
FV0970A - Caramelized Onion & Emmental Fondue Chicken [DKSE],REC-014186-4-003,Garlic Herb Butter,Sauteed garlic for Garlic Herb Butter,,"FA-DE Butter, Unsalted /Butter, ungesalzen",DAI-00-139146-3,DAI,0.45,grams
FV0970A - Caramelized Onion & Emmental Fondue Chicken [DKSE],REC-014186-4-003,Garlic Herb Butter,Sauteed garlic for Garlic Herb Butter,,"FA-DE Garlic, IQF, Diced 4 mm /Knoblauch, IQF, gewürfelt 4 mm",PHF-00-139237-1,PHF,0.75,grams
FV0970A - Caramelized Onion & Emmental Fondue Chicken [DKSE],REC-014186-4-003,Garlic Herb Butter,,,"FA-DE Chives, Dried /Schnittlauch, getrocknet",SPI-00-139322-5,SPI,0.04,grams
FV0970A - Caramelized Onion & Emmental Fondue Chicken [DKSE],REC-014186-4-003,Garlic Herb Butter,,,"FA-DE Butter, Unsalted /Butter, ungesalzen",DAI-00-139146-3,DAI,13.84,grams
FV0970A - Caramelized Onion & Emmental Fondue Chicken [DKSE],REC-014186-4-003,Emmental Cheese Sauce - More Salt/Fat,,,"FA-DE Cheese, Cream 22% Fat /Käse, Sahne 22% Fett",DAI-00-139128-3,DAI,11.96,grams
FV0970A - Caramelized Onion & Emmental Fondue Chicken [DKSE],REC-014186-4-003,Emmental Cheese Sauce - More Salt/Fat,,,"FA-DE Cheese, Emmentaler, Shredded /Käse, Emmentaler, gerieben",DAI-00-139134-3,DAI,13.01,grams
FV0970A - Caramelized Onion & Emmental Fondue Chicken [DKSE],REC-014186-4-003,Emmental Cheese Sauce - More Salt/Fat,,,"FA-DE Milk, Whole /Milch, voll",DAI-00-139142-3,DAI,18.57,grams
FV0970A - Caramelized Onion & Emmental Fondue Chicken [DKSE],REC-014186-4-003,Emmental Cheese Sauce - More Salt/Fat,,,"FA-DE Spice, Black Pepper, Ground /Gewürz, schwarzer Pfeffer, gemahlen",SPI-00-139334-5,SPI,0.08,grams
FV0970A - Caramelized Onion & Emmental Fondue Chicken [DKSE],REC-014186-4-003,Emmental Cheese Sauce - More Salt/Fat,,,"FA-DE Spice, Sea Salt /Gewürze, Meersalz",SPI-00-139378-5,SPI,0.34,grams
FV0970A - Caramelized Onion & Emmental Fondue Chicken [DKSE],REC-014186-4-003,Emmental Cheese Sauce - More Salt/Fat,,,"FA-DE Spice, Onion Powder, Toasted /Gewürze, Zwiebelpulver, geröstet",SPI-00-139371-5,SPI,0.11,grams
FV0970A - Caramelized Onion & Emmental Fondue Chicken [DKSE],REC-014186-4-003,Emmental Cheese Sauce - More Salt/Fat,,,"FA-DE Spice, Garlic Granulated /Gewürz, Knoblauch granuliert",SPI-00-139353-5,SPI,0.11,grams
FV0970A - Caramelized Onion & Emmental Fondue Chicken [DKSE],REC-014186-4-003,Emmental Cheese Sauce - More Salt/Fat,,,FA-DE Heavy Cream 35% /Sahne 35%,DAI-00-148167-3,DAI,18.54,grams
FV0970A - Caramelized Onion & Emmental Fondue Chicken [DKSE],REC-014186-4-003,S&P Roasted Green Beans 1,,,"FA-DE Oil, Olive /Öl, Olivenöl",PRO-00-139277-5,PRO,4.23,grams
FV0970A - Caramelized Onion & Emmental Fondue Chicken [DKSE],REC-014186-4-003,S&P Roasted Green Beans 1,,,"FA-DE Spice, Sea Salt /Gewürze, Meersalz",SPI-00-139378-5,SPI,0.25,grams
FV0970A - Caramelized Onion & Emmental Fondue Chicken [DKSE],REC-014186-4-003,S&P Roasted Green Beans 1,,,"FA-DE Spice, Black Pepper, Ground /Gewürz, schwarzer Pfeffer, gemahlen",SPI-00-139334-5,SPI,0.12,grams
FV0970A - Caramelized Onion & Emmental Fondue Chicken [DKSE],REC-014186-4-003,S&P Roasted Green Beans 1,,,"FA-DE Green Beans, Fresh and Trimmed/Grüne Bohnen, frisch und geschnitten",PHF-00-139198-3,PHF,62.42,grams
FV0970A - Caramelized Onion & Emmental Fondue Chicken [DKSE],REC-014186-4-003,"Thyme Roasted Mushrooms (less pepper, more salt)",,,"FA-DE Spice, Black Pepper, Ground /Gewürz, schwarzer Pfeffer, gemahlen",SPI-00-139334-5,SPI,0.25,grams
FV0970A - Caramelized Onion & Emmental Fondue Chicken [DKSE],REC-014186-4-003,"Thyme Roasted Mushrooms (less pepper, more salt)",,,"FA-DE Spice, Sea Salt /Gewürze, Meersalz",SPI-00-139378-5,SPI,0.61,grams
FV0970A - Caramelized Onion & Emmental Fondue Chicken [DKSE],REC-014186-4-003,"Thyme Roasted Mushrooms (less pepper, more salt)",,,"FA-DE Mushroom, Button, Sliced, Washed /Pilz, Knopf, geschnitten, gewaschen",PHF-00-139206-3,PHF,116.77,grams
FV0970A - Caramelized Onion & Emmental Fondue Chicken [DKSE],REC-014186-4-003,"Thyme Roasted Mushrooms (less pepper, more salt)",,,"FA-DE Spice, Thyme Dry /Gewürz, Thymian trocken",SPI-00-139385-5,SPI,0.16,grams
FV0970A - Caramelized Onion & Emmental Fondue Chicken [DKSE],REC-014186-4-003,"Thyme Roasted Mushrooms (less pepper, more salt)",,,"FA-DE Oil, Olive /Öl, Olivenöl",PRO-00-139277-5,PRO,8,grams
FV0970A - Caramelized Onion & Emmental Fondue Chicken [DKSE],REC-014186-4-003,Keto French Onion Burger Onions - More Salt - no wine,,,"FA-DE Onion, Spanish, Sliced 5mm /Zwiebel, spanisch, in Scheiben geschnitten, 5 mm",PHF-00-139211-3,PHF,39.32,grams
FV0970A - Caramelized Onion & Emmental Fondue Chicken [DKSE],REC-014186-4-003,Keto French Onion Burger Onions - More Salt - no wine,,,"FA-DE Stock, Chicken, Reduced/Brühe, Huhn, Reduziert",PRO-00-139288-5,PRO,1.22,grams
FV0970A - Caramelized Onion & Emmental Fondue Chicken [DKSE],REC-014186-4-003,Keto French Onion Burger Onions - More Salt - no wine,,,"FA-DE Vinegar, Balsamic /Essig, Balsamico",PRO-00-139298-5,PRO,0.59,grams
FV0970A - Caramelized Onion & Emmental Fondue Chicken [DKSE],REC-014186-4-003,Keto French Onion Burger Onions - More Salt - no wine,,,"FA-DE Butter, Unsalted /Butter, ungesalzen",DAI-00-139146-3,DAI,0.49,grams
FV0970A - Caramelized Onion & Emmental Fondue Chicken [DKSE],REC-014186-4-003,Keto French Onion Burger Onions - More Salt - no wine,,,"FA-DE Oil, Olive /Öl, Olivenöl",PRO-00-139277-5,PRO,0.74,grams
FV0970A - Caramelized Onion & Emmental Fondue Chicken [DKSE],REC-014186-4-003,Keto French Onion Burger Onions - More Salt - no wine,,,"FA-DE Spice, Black Pepper, Ground /Gewürz, schwarzer Pfeffer, gemahlen",SPI-00-139334-5,SPI,0.12,grams
FV0970A - Caramelized Onion & Emmental Fondue Chicken [DKSE],REC-014186-4-003,Keto French Onion Burger Onions - More Salt - no wine,,,"FA-DE Spice, Sea Salt /Gewürze, Meersalz",SPI-00-139378-5,SPI,0.32,grams
FV0970A - Caramelized Onion & Emmental Fondue Chicken [DKSE],REC-014186-4-003,Keto French Onion Burger Onions - More Salt - no wine,,,"FA-DE Thyme, IQF /Thymian, IQF",PHF-00-139244-1,PHF,0.12,grams
FV0970A - Caramelized Onion & Emmental Fondue Chicken [DKSE],REC-014186-4-003,Roasted Green Onions,,,"FA-DE Onion, Green, Sliced 5mm /Zwiebel, grün, in Scheiben geschnitten, 5 mm",PHF-00-149803-3,PHF,5.88,grams
FV0972A - Salmon Piccata [DKSE],REC-013607-4-002,Garlic Herb Marinated Salmon,Garlic-herb Marinade - for barramundi,,"FA-DE Spice, Parsley Dried /Gewürze, getrocknete Petersilie",SPI-00-139374-5,SPI,0.12,grams
FV0972A - Salmon Piccata [DKSE],REC-013607-4-002,Garlic Herb Marinated Salmon,Garlic-herb Marinade - for barramundi,,"FA-DE Spice, Sea Salt /Gewürze, Meersalz",SPI-00-139378-5,SPI,0.6,grams
FV0972A - Salmon Piccata [DKSE],REC-013607-4-002,Garlic Herb Marinated Salmon,Garlic-herb Marinade - for barramundi,,"FA-DE Garlic, IQF, Diced 4 mm /Knoblauch, IQF, gewürfelt 4 mm",PHF-00-139237-1,PHF,0.76,grams
FV0972A - Salmon Piccata [DKSE],REC-013607-4-002,Garlic Herb Marinated Salmon,Garlic-herb Marinade - for barramundi,,"FA-DE Chives, Dried /Schnittlauch, getrocknet",SPI-00-139322-5,SPI,0.12,grams
FV0972A - Salmon Piccata [DKSE],REC-013607-4-002,Garlic Herb Marinated Salmon,Garlic-herb Marinade - for barramundi,,"FA-DE Juice, Lemon /Saft, Zitrone",PRO-00-139265-5,PRO,0.76,grams
FV0972A - Salmon Piccata [DKSE],REC-013607-4-002,Garlic Herb Marinated Salmon,Garlic-herb Marinade - for barramundi,,"FA-DE Onion, Green, Sliced 5mm /Zwiebel, grün, in Scheiben geschnitten, 5 mm",PHF-00-149803-3,PHF,2.52,grams
FV0972A - Salmon Piccata [DKSE],REC-013607-4-002,Garlic Herb Marinated Salmon,Garlic-herb Marinade - for barramundi,,"FA-DE Oil, Olive /Öl, Olivenöl",PRO-00-139277-5,PRO,3.79,grams
FV0972A - Salmon Piccata [DKSE],REC-013607-4-002,Garlic Herb Marinated Salmon,,,"FA-DE Salmon, Skinless, Boneless, Filet/Lachs, ohne Haut, ohne Knochen, Filet - IQF",PTN-00-139968-1,PTN,140,grams
FV0972A - Salmon Piccata [DKSE],REC-013607-4-002,,,,"FA-DE Capers, Preserved/Kapern, konserviert",PRO-00-139257-5,PRO,7,grams
FV0972A - Salmon Piccata [DKSE],REC-013607-4-002,Sauce - Piccata Sauce - Lower Fat,,,"FA-DE Spice, Sea Salt /Gewürze, Meersalz",SPI-00-139378-5,SPI,0.2,grams
FV0972A - Salmon Piccata [DKSE],REC-013607-4-002,Sauce - Piccata Sauce - Lower Fat,,,"FA-DE Parsley, Chopped /Petersilie, gehackt",PHF-00-139215-3,PHF,0.2,grams
FV0972A - Salmon Piccata [DKSE],REC-013607-4-002,Sauce - Piccata Sauce - Lower Fat,,,"FA-DE Juice, Lemon /Saft, Zitrone",PRO-00-139265-5,PRO,3.77,grams
FV0972A - Salmon Piccata [DKSE],REC-013607-4-002,Sauce - Piccata Sauce - Lower Fat,,,"FA-DE Onion, Spanish, Diced 5mm /Zwiebel, Spanisch, gewürfelt 5 mm",PHF-00-139212-3,PHF,2.64,grams
FV0972A - Salmon Piccata [DKSE],REC-013607-4-002,Sauce - Piccata Sauce - Lower Fat,,,"FA-DE Garlic, IQF, Diced 4 mm /Knoblauch, IQF, gewürfelt 4 mm",PHF-00-139237-1,PHF,1.05,grams
FV0972A - Salmon Piccata [DKSE],REC-013607-4-002,Sauce - Piccata Sauce - Lower Fat,Pureed Capers,,"FA-DE Capers, Preserved/Kapern, konserviert",PRO-00-139257-5,PRO,2.92,grams
FV0972A - Salmon Piccata [DKSE],REC-013607-4-002,Sauce - Piccata Sauce - Lower Fat,,,FA-DE Heavy Cream 20% /Sahne 20%,DAI-00-139137-3,DAI,31.81,grams
FV0972A - Salmon Piccata [DKSE],REC-013607-4-002,Sauce - Piccata Sauce - Lower Fat,,,"FA-DE Spice, Lemon Powder /Gewürz, Zitronenpulver",SPI-00-139362-5,SPI,0.06,grams
FV0972A - Salmon Piccata [DKSE],REC-013607-4-002,Sauce - Piccata Sauce - Lower Fat,,,"FA-DE Milk, Whole /Milch, voll",DAI-00-139142-3,DAI,5.73,grams
FV0972A - Salmon Piccata [DKSE],REC-013607-4-002,Sauce - Piccata Sauce - Lower Fat,,,"FA-DE Oil, Olive /Öl, Olivenöl",PRO-00-139277-5,PRO,2.27,grams
FV0972A - Salmon Piccata [DKSE],REC-013607-4-002,Sauce - Piccata Sauce - Lower Fat,,,"FA-DE Shallots, Diced 5mm /Schalotten, gewürfelt, 5 mm",PHF-00-139222-3,PHF,2.64,grams
FV0972A - Salmon Piccata [DKSE],REC-013607-4-002,Sauce - Piccata Sauce - Lower Fat,,,"FA-DE Butter, Unsalted /Butter, ungesalzen",DAI-00-139146-3,DAI,4.17,grams
FV0972A - Salmon Piccata [DKSE],REC-013607-4-002,Parmesan Cauliflower Mash - Rice - HTD - Batch,,,"FA-DE Spice, Sea Salt /Gewürze, Meersalz",SPI-00-139378-5,SPI,0.33,grams
FV0972A - Salmon Piccata [DKSE],REC-013607-4-002,Parmesan Cauliflower Mash - Rice - HTD - Batch,,,"FA-DE Cheese, Parmesan, Grated /Käse, Parmesan, gerieben",DAI-00-139127-3,DAI,2.67,grams
FV0972A - Salmon Piccata [DKSE],REC-013607-4-002,Parmesan Cauliflower Mash - Rice - HTD - Batch,,,"FA-DE Butter, Unsalted /Butter, ungesalzen",DAI-00-139146-3,DAI,8.03,grams
FV0972A - Salmon Piccata [DKSE],REC-013607-4-002,Parmesan Cauliflower Mash - Rice - HTD - Batch,,,"FA-DE Cheese, Cream, 13% Fat (Milk) /Käse, Sahne, 13% Fett",DAI-00-139122-3,DAI,18.65,grams
FV0972A - Salmon Piccata [DKSE],REC-013607-4-002,Parmesan Cauliflower Mash - Rice - HTD - Batch,,,"FA-DE Cauliflower, Riced, IQF /Blumenkohl, Reis, IQF",PHF-00-139233-1,PHF,72.35,grams
FV0972A - Salmon Piccata [DKSE],REC-013607-4-002,Broccoli - S&P Broccoli FLORETS - less salt,,,"FA-DE Spice, Sea Salt /Gewürze, Meersalz",SPI-00-139378-5,SPI,0.44,grams
FV0972A - Salmon Piccata [DKSE],REC-013607-4-002,Broccoli - S&P Broccoli FLORETS - less salt,,,"FA-DE Oil, Olive /Öl, Olivenöl",PRO-00-139277-5,PRO,10,grams
FV0972A - Salmon Piccata [DKSE],REC-013607-4-002,Broccoli - S&P Broccoli FLORETS - less salt,,,"FA-DE Spice, Garlic Powder, Toasted /Gewürz, Knoblauchpulver, geröstet",SPI-00-139354-5,SPI,0.36,grams
FV0972A - Salmon Piccata [DKSE],REC-013607-4-002,Broccoli - S&P Broccoli FLORETS - less salt,,,"FA-DE Broccoli, Florets, /Brokkoli, Röschen",PHF-00-143425-3,PHF,121.46,grams
FV0972A - Salmon Piccata [DKSE],REC-013607-4-002,Broccoli - S&P Broccoli FLORETS - less salt,,,"FA-DE Spice, Black Pepper, Ground /Gewürz, schwarzer Pfeffer, gemahlen",SPI-00-139334-5,SPI,0.44,grams
FV1145A - Roasted Salmon & Dill Yogurt [DKSE],REC-029971-4-001,Italian Roasted Diced Potatoes,,,"FA-DE Spice, Sea Salt /Gewürze, Meersalz",SPI-00-139378-5,SPI,0.67,grams
FV1145A - Roasted Salmon & Dill Yogurt [DKSE],REC-029971-4-001,Italian Roasted Diced Potatoes,,,"FA-DE Spice, Parsley Dried /Gewürze, getrocknete Petersilie",SPI-00-139374-5,SPI,0.47,grams
FV1145A - Roasted Salmon & Dill Yogurt [DKSE],REC-029971-4-001,Italian Roasted Diced Potatoes,,,"FA-DE Potatoes, Diced 10mm /Kartoffeln, gewürfelt, 10 mm",PHF-00-139219-3,PHF,131.4,grams
FV1145A - Roasted Salmon & Dill Yogurt [DKSE],REC-029971-4-001,Italian Roasted Diced Potatoes,,,"FA-DE Spice, Oregano Dry /Gewürz, Oregano trocken",SPI-00-139372-5,SPI,0.18,grams
FV1145A - Roasted Salmon & Dill Yogurt [DKSE],REC-029971-4-001,Italian Roasted Diced Potatoes,,,"FA-DE Oil, Olive /Öl, Olivenöl",PRO-00-139277-5,PRO,2.93,grams
FV1145A - Roasted Salmon & Dill Yogurt [DKSE],REC-029971-4-001,Italian Roasted Diced Potatoes,,,"FA-DE Spice, Dried Onion Flakes /Gewürze, getrocknete Zwiebelflocken",SPI-00-139348-5,SPI,0.66,grams
FV1145A - Roasted Salmon & Dill Yogurt [DKSE],REC-029971-4-001,Italian Roasted Diced Potatoes,Roasted Garlic (use),,"FA-DE Garlic, Peeled, Whole Cloves [10kg] /Knoblauch, geschält, ganze Nelken [10kg]",PHF-00-139197-3,PHF,5.84,grams
FV1145A - Roasted Salmon & Dill Yogurt [DKSE],REC-029971-4-001,Italian Roasted Diced Potatoes,Roasted Garlic (use),,"FA-DE Oil, Olive /Öl, Olivenöl",PRO-00-139277-5,PRO,4.38,grams
FV1145A - Roasted Salmon & Dill Yogurt [DKSE],REC-029971-4-001,Green Beans CUT 1-1/2 - Fresh - very little salt,,,"FA-DE Spice, Sea Salt /Gewürze, Meersalz",SPI-00-139378-5,SPI,0.13,grams
FV1145A - Roasted Salmon & Dill Yogurt [DKSE],REC-029971-4-001,Green Beans CUT 1-1/2 - Fresh - very little salt,,,"FA-DE Spice, Garlic Granulated /Gewürz, Knoblauch granuliert",SPI-00-139353-5,SPI,0.32,grams
FV1145A - Roasted Salmon & Dill Yogurt [DKSE],REC-029971-4-001,Green Beans CUT 1-1/2 - Fresh - very little salt,,,"FA-DE Oil, Olive /Öl, Olivenöl",PRO-00-139277-5,PRO,4.06,grams
FV1145A - Roasted Salmon & Dill Yogurt [DKSE],REC-029971-4-001,Green Beans CUT 1-1/2 - Fresh - very little salt,,,"FA-DE Spice, Black Pepper, Ground /Gewürz, schwarzer Pfeffer, gemahlen",SPI-00-139334-5,SPI,0.11,grams
FV1145A - Roasted Salmon & Dill Yogurt [DKSE],REC-029971-4-001,Green Beans CUT 1-1/2 - Fresh - very little salt,,,"FA-DE Green Beans, Fresh, Cut 40mm /Grüne Bohnen, frisch, geschnitten 40mm",PHF-00-139199-3,PHF,76.95,grams
FV1145A - Roasted Salmon & Dill Yogurt [DKSE],REC-029971-4-001,Moroccan Salmon Batch,,,"FA-DE Spice, Sea Salt /Gewürze, Meersalz",SPI-00-139378-5,SPI,0.28,grams
FV1145A - Roasted Salmon & Dill Yogurt [DKSE],REC-029971-4-001,Moroccan Salmon Batch,Moroccan Salmon Marinade,,"FA-DE Coriander, Chopped /Koriander, gehackt",PHF-00-139192-3,PHF,0.83,grams
FV1145A - Roasted Salmon & Dill Yogurt [DKSE],REC-029971-4-001,Moroccan Salmon Batch,Moroccan Salmon Marinade,,"FA-DE Spice, Turmeric /Gewürz, Kurkuma",SPI-00-139384-5,SPI,0.05,grams
FV1145A - Roasted Salmon & Dill Yogurt [DKSE],REC-029971-4-001,Moroccan Salmon Batch,Moroccan Salmon Marinade,,"FA-DE Oil, Olive /Öl, Olivenöl",PRO-00-139277-5,PRO,3.3,grams
FV1145A - Roasted Salmon & Dill Yogurt [DKSE],REC-029971-4-001,Moroccan Salmon Batch,Moroccan Salmon Marinade,,"FA-DE Zest, Lemon/Gewürz, Zitronenschale",PHF-00-139247-3,PHF,0.05,grams
FV1145A - Roasted Salmon & Dill Yogurt [DKSE],REC-029971-4-001,Moroccan Salmon Batch,Moroccan Salmon Marinade,,"FA-DE Spice, Smoked Paprika /Gewürz, geräucherter Paprika",SPI-00-139383-5,SPI,0.31,grams
FV1145A - Roasted Salmon & Dill Yogurt [DKSE],REC-029971-4-001,Moroccan Salmon Batch,Moroccan Salmon Marinade,,"FA-DE Spice, Ginger Ground /Gewürze, gemahlener Ingwer",SPI-00-139355-5,SPI,0.05,grams
FV1145A - Roasted Salmon & Dill Yogurt [DKSE],REC-029971-4-001,Moroccan Salmon Batch,Moroccan Salmon Marinade,,"FA-DE Parsley, Chopped /Petersilie, gehackt",PHF-00-139215-3,PHF,0.83,grams
FV1145A - Roasted Salmon & Dill Yogurt [DKSE],REC-029971-4-001,Moroccan Salmon Batch,Moroccan Salmon Marinade,,"FA-DE Spice, Cumin Ground /Gewürz, gemahlener Kreuzkümmel",SPI-00-139345-5,SPI,0.36,grams
FV1145A - Roasted Salmon & Dill Yogurt [DKSE],REC-029971-4-001,Moroccan Salmon Batch,Moroccan Salmon Marinade,,"FA-DE Spice, Onion Powder, Toasted /Gewürze, Zwiebelpulver, geröstet",SPI-00-139371-5,SPI,0.08,grams
FV1145A - Roasted Salmon & Dill Yogurt [DKSE],REC-029971-4-001,Moroccan Salmon Batch,Moroccan Salmon Marinade,,"FA-DE Spice, Sea Salt /Gewürze, Meersalz",SPI-00-139378-5,SPI,0.41,grams
FV1145A - Roasted Salmon & Dill Yogurt [DKSE],REC-029971-4-001,Moroccan Salmon Batch,Moroccan Salmon Marinade,,"FA-DE Yogurt, Greek, Plain /Joghurt, Griechisch, Natur",DAI-00-139161-3,DAI,3.3,grams
FV1145A - Roasted Salmon & Dill Yogurt [DKSE],REC-029971-4-001,Moroccan Salmon Batch,Moroccan Salmon Marinade,,"FA-DE Spice, Harissa Powder /Gewürz, Harissa-Pulver",SPI-00-139323-5,SPI,0.36,grams
FV1145A - Roasted Salmon & Dill Yogurt [DKSE],REC-029971-4-001,Moroccan Salmon Batch,,,"FA-DE Salmon, Skinless, Boneless, Filet/Lachs, ohne Haut, ohne Knochen, Filet - IQF",PTN-00-139968-1,PTN,140,grams
FV1145A - Roasted Salmon & Dill Yogurt [DKSE],REC-029971-4-001,Roasted Red Peppers - Diced (half pepper),,,"FA-DE Bell Peppers, Red, Diced 10mm /Paprika, rot, gewürfelt 10 mm",PHF-00-139179-3,PHF,36.82,grams
FV1145A - Roasted Salmon & Dill Yogurt [DKSE],REC-029971-4-001,Roasted Red Peppers - Diced (half pepper),,,"FA-DE Spice, Black Pepper, Ground /Gewürz, schwarzer Pfeffer, gemahlen",SPI-00-139334-5,SPI,0.18,grams
FV1145A - Roasted Salmon & Dill Yogurt [DKSE],REC-029971-4-001,Roasted Red Peppers - Diced (half pepper),,,"FA-DE Oil, Olive /Öl, Olivenöl",PRO-00-139277-5,PRO,1.38,grams
FV1145A - Roasted Salmon & Dill Yogurt [DKSE],REC-029971-4-001,Roasted Red Peppers - Diced (half pepper),,,"FA-DE Spice, Sea Salt /Gewürze, Meersalz",SPI-00-139378-5,SPI,0.21,grams
FV1145A - Roasted Salmon & Dill Yogurt [DKSE],REC-029971-4-001,Roasted Red Peppers - Diced (half pepper),,,"FA-DE Spice, Garlic Granulated /Gewürz, Knoblauch granuliert",SPI-00-139353-5,SPI,0.23,grams
FV1145A - Roasted Salmon & Dill Yogurt [DKSE],REC-029971-4-001,Roasted Red Peppers - Diced (half pepper),,,"FA-DE Garlic, IQF, Diced 4 mm /Knoblauch, IQF, gewürfelt 4 mm",PHF-00-139237-1,PHF,1.38,grams
FV1145A - Roasted Salmon & Dill Yogurt [DKSE],REC-029971-4-001,Lemon Dill Yogurt,Roasted Garlic (use),,"FA-DE Garlic, Peeled, Whole Cloves [10kg] /Knoblauch, geschält, ganze Nelken [10kg]",PHF-00-139197-3,PHF,1.75,grams
FV1145A - Roasted Salmon & Dill Yogurt [DKSE],REC-029971-4-001,Lemon Dill Yogurt,Roasted Garlic (use),,"FA-DE Oil, Olive /Öl, Olivenöl",PRO-00-139277-5,PRO,1.31,grams
FV1145A - Roasted Salmon & Dill Yogurt [DKSE],REC-029971-4-001,Lemon Dill Yogurt,,,"FA-DE Juice, Lemon /Saft, Zitrone",PRO-00-139265-5,PRO,1.39,grams
FV1145A - Roasted Salmon & Dill Yogurt [DKSE],REC-029971-4-001,Lemon Dill Yogurt,,,FA-DE Sour Cream /Sauerrahm,DAI-00-139141-3,DAI,15.07,grams
FV1145A - Roasted Salmon & Dill Yogurt [DKSE],REC-029971-4-001,Lemon Dill Yogurt,,,"FA-DE Spice, Black Pepper, Ground /Gewürz, schwarzer Pfeffer, gemahlen",SPI-00-139334-5,SPI,0.1,grams
FV1145A - Roasted Salmon & Dill Yogurt [DKSE],REC-029971-4-001,Lemon Dill Yogurt,,,"FA-DE Spice, Lemon Powder /Gewürz, Zitronenpulver",SPI-00-139362-5,SPI,0.01,grams
FV1145A - Roasted Salmon & Dill Yogurt [DKSE],REC-029971-4-001,Lemon Dill Yogurt,,,"FA-DE Yogurt, Greek, Plain /Joghurt, Griechisch, Natur",DAI-00-139161-3,DAI,9.27,grams
FV1145A - Roasted Salmon & Dill Yogurt [DKSE],REC-029971-4-001,Lemon Dill Yogurt,,,"FA-DE Milk, Whole /Milch, voll",DAI-00-139142-3,DAI,7.53,grams
FV1145A - Roasted Salmon & Dill Yogurt [DKSE],REC-029971-4-001,Lemon Dill Yogurt,Picked Dill Leaves,,"FA-DE Dill, Fresh/Dill, frisch",PHF-00-139200-3,PHF,1.21,grams
FV1145A - Roasted Salmon & Dill Yogurt [DKSE],REC-029971-4-001,Cooked 10mm diced Spanish Onions,,,"FA-DE Spice, Sea Salt /Gewürze, Meersalz",SPI-00-139378-5,SPI,0.07,grams
FV1145A - Roasted Salmon & Dill Yogurt [DKSE],REC-029971-4-001,Cooked 10mm diced Spanish Onions,,,"FA-DE Oil, Olive /Öl, Olivenöl",PRO-00-139277-5,PRO,1.71,grams
FV1145A - Roasted Salmon & Dill Yogurt [DKSE],REC-029971-4-001,Cooked 10mm diced Spanish Onions,,,"FA-DE Onion, Spanish, Diced 10mm /Zwiebel, Spanisch, gewürfelt 10 mm",PHF-00-139209-3,PHF,37.87,grams
FV1320A - Aji Verde Salmon [DKSE],REC-029892-4-002,Roasted Zucchini & Corn - Less Corn,,,"FA-DE Sweetcorn Supersweet Kernels, IQF /Zuckermais-Supersüßkörner, IQF",PHF-00-139236-1,PHF,19.69,grams
FV1320A - Aji Verde Salmon [DKSE],REC-029892-4-002,Roasted Zucchini & Corn - Less Corn,,,"FA-DE Onion, Green, Sliced 5mm /Zwiebel, grün, in Scheiben geschnitten, 5 mm",PHF-00-149803-3,PHF,5.74,grams
FV1320A - Aji Verde Salmon [DKSE],REC-029892-4-002,Roasted Zucchini & Corn - Less Corn,,,"FA-DE Spice, Coriander Ground /Gewürz, gemahlener Koriander",SPI-00-139386-5,SPI,0.16,grams
FV1320A - Aji Verde Salmon [DKSE],REC-029892-4-002,Roasted Zucchini & Corn - Less Corn,,,"FA-DE Oil, Olive /Öl, Olivenöl",PRO-00-139277-5,PRO,1.2,grams
FV1320A - Aji Verde Salmon [DKSE],REC-029892-4-002,Roasted Zucchini & Corn - Less Corn,,,"FA-DE Garlic, IQF, Diced 4 mm /Knoblauch, IQF, gewürfelt 4 mm",PHF-00-139237-1,PHF,5.91,grams
FV1320A - Aji Verde Salmon [DKSE],REC-029892-4-002,Roasted Zucchini & Corn - Less Corn,,,"FA-DE Spice, Onion Granulated /Gewürze, Zwiebeln granuliert",SPI-00-139370-5,SPI,0.2,grams
FV1320A - Aji Verde Salmon [DKSE],REC-029892-4-002,Roasted Zucchini & Corn - Less Corn,,,"FA-DE Zucchini, Diced 10mm /Zucchini, gewürfelt 10 mm",PHF-00-139229-3,PHF,78.73,grams
FV1320A - Aji Verde Salmon [DKSE],REC-029892-4-002,Roasted Zucchini & Corn - Less Corn,,,"FA-DE Spice, Garlic Granulated /Gewürz, Knoblauch granuliert",SPI-00-139353-5,SPI,0.49,grams
FV1320A - Aji Verde Salmon [DKSE],REC-029892-4-002,Roasted Zucchini & Corn - Less Corn,,,"FA-DE Spice, Sea Salt /Gewürze, Meersalz",SPI-00-139378-5,SPI,0.43,grams
FV1320A - Aji Verde Salmon [DKSE],REC-029892-4-002,Roasted Zucchini & Corn - Less Corn,,,"FA-DE Spice, Black Pepper, Ground /Gewürz, schwarzer Pfeffer, gemahlen",SPI-00-139334-5,SPI,0.16,grams
FV1320A - Aji Verde Salmon [DKSE],REC-029892-4-002,Roasted Zucchini & Corn - Less Corn,,,"FA-DE Spice, Chili Powder /Gewürz, Chilipulver",SPI-00-139340-5,SPI,0.52,grams
FV1320A - Aji Verde Salmon [DKSE],REC-029892-4-002,Cumin Roasted Diced Red & Green Bell Peppers - 10mm,,,"FA-DE Spice, Chili Powder /Gewürz, Chilipulver",SPI-00-139340-5,SPI,0.46,grams
FV1320A - Aji Verde Salmon [DKSE],REC-029892-4-002,Cumin Roasted Diced Red & Green Bell Peppers - 10mm,,,"FA-DE Spice, Coriander Ground /Gewürz, gemahlener Koriander",SPI-00-139386-5,SPI,0.11,grams
FV1320A - Aji Verde Salmon [DKSE],REC-029892-4-002,Cumin Roasted Diced Red & Green Bell Peppers - 10mm,,,"FA-DE Onion, Red, Diced 10mm/Zwiebeln, rot, gewürfelt, 10 mm",PHF-00-139216-3,PHF,19.31,grams
FV1320A - Aji Verde Salmon [DKSE],REC-029892-4-002,Cumin Roasted Diced Red & Green Bell Peppers - 10mm,,,"FA-DE Spice, Cumin Ground /Gewürz, gemahlener Kreuzkümmel",SPI-00-139345-5,SPI,0.46,grams
FV1320A - Aji Verde Salmon [DKSE],REC-029892-4-002,Cumin Roasted Diced Red & Green Bell Peppers - 10mm,,,"FA-DE Bell Peppers, Green, Diced 10mm /Paprika, grün, gewürfelt 10 mm",PHF-00-139176-3,PHF,19.32,grams
FV1320A - Aji Verde Salmon [DKSE],REC-029892-4-002,Cumin Roasted Diced Red & Green Bell Peppers - 10mm,,,"FA-DE Spice, Paprika /Gewürze, Paprika",SPI-00-139373-5,SPI,0.46,grams
FV1320A - Aji Verde Salmon [DKSE],REC-029892-4-002,Cumin Roasted Diced Red & Green Bell Peppers - 10mm,,,"FA-DE Spice, Sea Salt /Gewürze, Meersalz",SPI-00-139378-5,SPI,0.22,grams
FV1320A - Aji Verde Salmon [DKSE],REC-029892-4-002,Cumin Roasted Diced Red & Green Bell Peppers - 10mm,,,"FA-DE Bell Peppers, Red, Diced 10mm /Paprika, rot, gewürfelt 10 mm",PHF-00-139179-3,PHF,19.31,grams
FV1320A - Aji Verde Salmon [DKSE],REC-029892-4-002,Cumin Roasted Diced Red & Green Bell Peppers - 10mm,,,"FA-DE Oil, Olive /Öl, Olivenöl",PRO-00-139277-5,PRO,1.39,grams
FV1320A - Aji Verde Salmon [DKSE],REC-029892-4-002,Tomato & Bell Pepper Quinoa Batch 2,Cumin Roasted Diced Red & Green Bell Peppers - 10mm,,"FA-DE Spice, Chili Powder /Gewürz, Chilipulver",SPI-00-139340-5,SPI,0.71,grams
FV1320A - Aji Verde Salmon [DKSE],REC-029892-4-002,Tomato & Bell Pepper Quinoa Batch 2,Cumin Roasted Diced Red & Green Bell Peppers - 10mm,,"FA-DE Spice, Coriander Ground /Gewürz, gemahlener Koriander",SPI-00-139386-5,SPI,0.17,grams
FV1320A - Aji Verde Salmon [DKSE],REC-029892-4-002,Tomato & Bell Pepper Quinoa Batch 2,Cumin Roasted Diced Red & Green Bell Peppers - 10mm,,"FA-DE Onion, Red, Diced 10mm/Zwiebeln, rot, gewürfelt, 10 mm",PHF-00-139216-3,PHF,30.14,grams
FV1320A - Aji Verde Salmon [DKSE],REC-029892-4-002,Tomato & Bell Pepper Quinoa Batch 2,Cumin Roasted Diced Red & Green Bell Peppers - 10mm,,"FA-DE Spice, Cumin Ground /Gewürz, gemahlener Kreuzkümmel",SPI-00-139345-5,SPI,0.71,grams
FV1320A - Aji Verde Salmon [DKSE],REC-029892-4-002,Tomato & Bell Pepper Quinoa Batch 2,Cumin Roasted Diced Red & Green Bell Peppers - 10mm,,"FA-DE Bell Peppers, Green, Diced 10mm /Paprika, grün, gewürfelt 10 mm",PHF-00-139176-3,PHF,30.16,grams
FV1320A - Aji Verde Salmon [DKSE],REC-029892-4-002,Tomato & Bell Pepper Quinoa Batch 2,Cumin Roasted Diced Red & Green Bell Peppers - 10mm,,"FA-DE Spice, Paprika /Gewürze, Paprika",SPI-00-139373-5,SPI,0.71,grams
FV1320A - Aji Verde Salmon [DKSE],REC-029892-4-002,Tomato & Bell Pepper Quinoa Batch 2,Cumin Roasted Diced Red & Green Bell Peppers - 10mm,,"FA-DE Spice, Sea Salt /Gewürze, Meersalz",SPI-00-139378-5,SPI,0.34,grams
FV1320A - Aji Verde Salmon [DKSE],REC-029892-4-002,Tomato & Bell Pepper Quinoa Batch 2,Cumin Roasted Diced Red & Green Bell Peppers - 10mm,,"FA-DE Bell Peppers, Red, Diced 10mm /Paprika, rot, gewürfelt 10 mm",PHF-00-139179-3,PHF,30.14,grams
FV1320A - Aji Verde Salmon [DKSE],REC-029892-4-002,Tomato & Bell Pepper Quinoa Batch 2,Cumin Roasted Diced Red & Green Bell Peppers - 10mm,,"FA-DE Oil, Olive /Öl, Olivenöl",PRO-00-139277-5,PRO,2.18,grams
FV1320A - Aji Verde Salmon [DKSE],REC-029892-4-002,Tomato & Bell Pepper Quinoa Batch 2,Cooked Tomato Quinoa,,"FA-DE Tomatoes, Concentrated Crushed /Tomaten, konzentriert, zerkleinert",PRO-00-139293-5,PRO,8.64,grams
FV1320A - Aji Verde Salmon [DKSE],REC-029892-4-002,Tomato & Bell Pepper Quinoa Batch 2,Cooked Tomato Quinoa,,"FA-DE Quinoa, White/Quinoa, weiß",DRY-00-139166-5,DRY,28.79,grams
FV1320A - Aji Verde Salmon [DKSE],REC-029892-4-002,Tomato & Bell Pepper Quinoa Batch 2,Cooked Tomato Quinoa,,FA-DE Water / Wasser,OTH-00-144038-5,OTH,34.02,grams
FV1320A - Aji Verde Salmon [DKSE],REC-029892-4-002,Tomato & Bell Pepper Quinoa Batch 2,Cooked Tomato Quinoa,,"FA-DE Spice, Sea Salt /Gewürze, Meersalz",SPI-00-139378-5,SPI,0.96,grams
FV1320A - Aji Verde Salmon [DKSE],REC-029892-4-002,Scallion Marinated Salmon,Scallion Marinade - added spices -no sage - less oil,,"FA-DE Spice, Garlic Granulated /Gewürz, Knoblauch granuliert",SPI-00-139353-5,SPI,0.37,grams
FV1320A - Aji Verde Salmon [DKSE],REC-029892-4-002,Scallion Marinated Salmon,Scallion Marinade - added spices -no sage - less oil,,"FA-DE Spice, Sea Salt /Gewürze, Meersalz",SPI-00-139378-5,SPI,0.59,grams
FV1320A - Aji Verde Salmon [DKSE],REC-029892-4-002,Scallion Marinated Salmon,Scallion Marinade - added spices -no sage - less oil,Green Onion Steam,"FA-DE Onion, Green, Sliced 5mm /Zwiebel, grün, in Scheiben geschnitten, 5 mm",PHF-00-149803-3,PHF,4.67,grams
FV1320A - Aji Verde Salmon [DKSE],REC-029892-4-002,Scallion Marinated Salmon,Scallion Marinade - added spices -no sage - less oil,,"FA-DE Spice, Black Pepper, Ground /Gewürz, schwarzer Pfeffer, gemahlen",SPI-00-139334-5,SPI,0.43,grams
FV1320A - Aji Verde Salmon [DKSE],REC-029892-4-002,Scallion Marinated Salmon,Scallion Marinade - added spices -no sage - less oil,,"FA-DE Spice, Paprika /Gewürze, Paprika",SPI-00-139373-5,SPI,0.32,grams
FV1320A - Aji Verde Salmon [DKSE],REC-029892-4-002,Scallion Marinated Salmon,Scallion Marinade - added spices -no sage - less oil,,"FA-DE Oil, Olive /Öl, Olivenöl",PRO-00-139277-5,PRO,3.63,grams
FV1320A - Aji Verde Salmon [DKSE],REC-029892-4-002,Scallion Marinated Salmon,,,"FA-DE Salmon, Skinless, Boneless, Filet/Lachs, ohne Haut, ohne Knochen, Filet - IQF",PTN-00-139968-1,PTN,140,grams
FV1320A - Aji Verde Salmon [DKSE],REC-029892-4-002,Aji Verde Sauce 3 (CUPPED) NO MAYO,,,"FA-DE Spice, Garlic Granulated /Gewürz, Knoblauch granuliert",SPI-00-139353-5,SPI,0.12,grams
FV1320A - Aji Verde Salmon [DKSE],REC-029892-4-002,Aji Verde Sauce 3 (CUPPED) NO MAYO,,,"FA-DE Spice, Sea Salt /Gewürze, Meersalz",SPI-00-139378-5,SPI,0.21,grams
FV1320A - Aji Verde Salmon [DKSE],REC-029892-4-002,Aji Verde Sauce 3 (CUPPED) NO MAYO,,,"FA-DE Spice, Jalapeno Powder /Gewürz, Jalapeno-Pulver",SPI-00-139360-5,SPI,0.07,grams
FV1320A - Aji Verde Salmon [DKSE],REC-029892-4-002,Aji Verde Sauce 3 (CUPPED) NO MAYO,,,"FA-DE Oil, Olive /Öl, Olivenöl",PRO-00-139277-5,PRO,2.94,grams
FV1320A - Aji Verde Salmon [DKSE],REC-029892-4-002,Aji Verde Sauce 3 (CUPPED) NO MAYO,,,"FA-DE Coriander, Chopped /Koriander, gehackt",PHF-00-139192-3,PHF,4.58,grams
FV1320A - Aji Verde Salmon [DKSE],REC-029892-4-002,Aji Verde Sauce 3 (CUPPED) NO MAYO,"Roasted Diced Jalapenos, Garlic and (less)Cilantro",,"FA-DE Coriander, Chopped /Koriander, gehackt",PHF-00-139192-3,PHF,1.64,grams
FV1320A - Aji Verde Salmon [DKSE],REC-029892-4-002,Aji Verde Sauce 3 (CUPPED) NO MAYO,"Roasted Diced Jalapenos, Garlic and (less)Cilantro",,"FA-DE Garlic, IQF, Diced 4 mm /Knoblauch, IQF, gewürfelt 4 mm",PHF-00-139237-1,PHF,0.66,grams
FV1320A - Aji Verde Salmon [DKSE],REC-029892-4-002,Aji Verde Sauce 3 (CUPPED) NO MAYO,"Roasted Diced Jalapenos, Garlic and (less)Cilantro",,"FA-DE Jalapeno Peppers, Diced 5mm /Jalapeno-Paprikaschoten, gewürfelt, 5 mm",PHF-00-139201-3,PHF,0.66,grams
FV1320A - Aji Verde Salmon [DKSE],REC-029892-4-002,Aji Verde Sauce 3 (CUPPED) NO MAYO,,,"FA-DE Juice, Lime /Saft, Limette",PRO-00-139268-5,PRO,4.17,grams
FV1320A - Aji Verde Salmon [DKSE],REC-029892-4-002,Aji Verde Sauce 3 (CUPPED) NO MAYO,,,"FA-DE Spice, Minced Garlic, Toasted, Dry /Gewürz, gehackter Knoblauch, geröstet, trocken",SPI-00-139367-5,SPI,1.47,grams
FV1320A - Aji Verde Salmon [DKSE],REC-029892-4-002,Aji Verde Sauce 3 (CUPPED) NO MAYO,,,FA-DE Sour Cream /Sauerrahm,DAI-00-139141-3,DAI,16.51,grams
FV1346A - Parmesan & Garlic Cream Shredded Beef [DKSE],REC-015144-4-002,Toasted garlic cream,,,"FA-DE Milk, Whole /Milch, voll",DAI-00-139142-3,DAI,29.75,grams
FV1346A - Parmesan & Garlic Cream Shredded Beef [DKSE],REC-015144-4-002,Toasted garlic cream,,,"FA-DE Spice, Garlic Powder, Toasted /Gewürz, Knoblauchpulver, geröstet",SPI-00-139354-5,SPI,1.05,grams
FV1346A - Parmesan & Garlic Cream Shredded Beef [DKSE],REC-015144-4-002,Toasted garlic cream,,,"FA-DE Cheese, Cream, 13% Fat (Milk) /Käse, Sahne, 13% Fett",DAI-00-139122-3,DAI,24.51,grams
FV1346A - Parmesan & Garlic Cream Shredded Beef [DKSE],REC-015144-4-002,Toasted garlic cream,,,"FA-DE Spice, Sea Salt /Gewürze, Meersalz",SPI-00-139378-5,SPI,0.31,grams
FV1346A - Parmesan & Garlic Cream Shredded Beef [DKSE],REC-015144-4-002,Toasted garlic cream,,,"FA-DE Spice, Minced Garlic, Toasted, Dry /Gewürz, gehackter Knoblauch, geröstet, trocken",SPI-00-139367-5,SPI,1.05,grams
FV1346A - Parmesan & Garlic Cream Shredded Beef [DKSE],REC-015144-4-002,Toasted garlic cream,,,"FA-DE Cheese, Parmesan, Grated /Käse, Parmesan, gerieben",DAI-00-139127-3,DAI,14,grams
FV1346A - Parmesan & Garlic Cream Shredded Beef [DKSE],REC-015144-4-002,Toasted garlic cream,,,"FA-DE Spice, Black Pepper, Ground /Gewürz, schwarzer Pfeffer, gemahlen",SPI-00-139334-5,SPI,0.12,grams
FV1346A - Parmesan & Garlic Cream Shredded Beef [DKSE],REC-015144-4-002,Toasted garlic cream,,,"FA-DE Chives, Dried /Schnittlauch, getrocknet",SPI-00-139322-5,SPI,0.7,grams
FV1346A - Parmesan & Garlic Cream Shredded Beef [DKSE],REC-015144-4-002,Toasted garlic cream,,,"FA-DE Spice, Onion Powder, Toasted /Gewürze, Zwiebelpulver, geröstet",SPI-00-139371-5,SPI,0.7,grams
FV1346A - Parmesan & Garlic Cream Shredded Beef [DKSE],REC-015144-4-002,Toasted garlic cream,,,FA-DE Heavy Cream 20% /Sahne 20%,DAI-00-139137-3,DAI,10.51,grams
FV1346A - Parmesan & Garlic Cream Shredded Beef [DKSE],REC-015144-4-002,Toasted garlic cream,,,"FA-DE Stock, Chicken, Reduced/Brühe, Huhn, Reduziert",PRO-00-139288-5,PRO,2.8,grams
FV1346A - Parmesan & Garlic Cream Shredded Beef [DKSE],REC-015144-4-002,Roasted Broccoli - Alliums,,,"FA-DE Spice, Sea Salt /Gewürze, Meersalz",SPI-00-139378-5,SPI,0.48,grams
FV1346A - Parmesan & Garlic Cream Shredded Beef [DKSE],REC-015144-4-002,Roasted Broccoli - Alliums,,,"FA-DE Broccoli, Florets, /Brokkoli, Röschen",PHF-00-143425-3,PHF,111.9,grams
FV1346A - Parmesan & Garlic Cream Shredded Beef [DKSE],REC-015144-4-002,Roasted Broccoli - Alliums,,,"FA-DE Spice, Onion Powder, Toasted /Gewürze, Zwiebelpulver, geröstet",SPI-00-139371-5,SPI,0.6,grams
FV1346A - Parmesan & Garlic Cream Shredded Beef [DKSE],REC-015144-4-002,Roasted Broccoli - Alliums,,,"FA-DE Oil, Olive /Öl, Olivenöl",PRO-00-139277-5,PRO,7.94,grams
FV1346A - Parmesan & Garlic Cream Shredded Beef [DKSE],REC-015144-4-002,Rosemary and Thyme Roasted Potato Wedges,,,"FA-DE Potatoes, Skin On, wedges /Kartoffeln mit Schale, Keile",PHF-00-139226-3,PHF,118.38,grams
FV1346A - Parmesan & Garlic Cream Shredded Beef [DKSE],REC-015144-4-002,Rosemary and Thyme Roasted Potato Wedges,,,"FA-DE Spice, Onion Powder, Toasted /Gewürze, Zwiebelpulver, geröstet",SPI-00-139371-5,SPI,0.44,grams
FV1346A - Parmesan & Garlic Cream Shredded Beef [DKSE],REC-015144-4-002,Rosemary and Thyme Roasted Potato Wedges,,,"FA-DE Spice, Black Pepper, Ground /Gewürz, schwarzer Pfeffer, gemahlen",SPI-00-139334-5,SPI,0.28,grams
FV1346A - Parmesan & Garlic Cream Shredded Beef [DKSE],REC-015144-4-002,Rosemary and Thyme Roasted Potato Wedges,,,"FA-DE Oil, Olive /Öl, Olivenöl",PRO-00-139277-5,PRO,1.48,grams
FV1346A - Parmesan & Garlic Cream Shredded Beef [DKSE],REC-015144-4-002,Rosemary and Thyme Roasted Potato Wedges,,,"FA-DE Thyme, IQF /Thymian, IQF",PHF-00-139244-1,PHF,0.15,grams
FV1346A - Parmesan & Garlic Cream Shredded Beef [DKSE],REC-015144-4-002,Rosemary and Thyme Roasted Potato Wedges,,,"FA-DE Rosemary, IQF /Rosmarin, IQF",PHF-00-139243-1,PHF,0.15,grams
FV1346A - Parmesan & Garlic Cream Shredded Beef [DKSE],REC-015144-4-002,Rosemary and Thyme Roasted Potato Wedges,,,"FA-DE Spice, Sea Salt /Gewürze, Meersalz",SPI-00-139378-5,SPI,0.2,grams
FV1346A - Parmesan & Garlic Cream Shredded Beef [DKSE],REC-015144-4-002,Rosemary and Thyme Roasted Potato Wedges,,,"FA-DE Spice, Garlic Granulated /Gewürz, Knoblauch granuliert",SPI-00-139353-5,SPI,0.44,grams
FV1346A - Parmesan & Garlic Cream Shredded Beef [DKSE],REC-015144-4-002,Mixed veg - Roasted Peppers & Onions,,,"FA-DE Onion, Spanish, Sliced 5mm /Zwiebel, spanisch, in Scheiben geschnitten, 5 mm",PHF-00-139211-3,PHF,19.05,grams
FV1346A - Parmesan & Garlic Cream Shredded Beef [DKSE],REC-015144-4-002,Mixed veg - Roasted Peppers & Onions,,,"FA-DE Bell Peppers, Red, Sliced 10mm /Paprika, rot, in Scheiben geschnitten, 10 mm",PHF-00-139183-3,PHF,53.33,grams
FV1346A - Parmesan & Garlic Cream Shredded Beef [DKSE],REC-015144-4-002,Mixed veg - Roasted Peppers & Onions,,,"FA-DE Spice, Sea Salt /Gewürze, Meersalz",SPI-00-139378-5,SPI,0.12,grams
FV1346A - Parmesan & Garlic Cream Shredded Beef [DKSE],REC-015144-4-002,Mixed veg - Roasted Peppers & Onions,,,"FA-DE Oil, Olive /Öl, Olivenöl",PRO-00-139277-5,PRO,2.87,grams
FV1346A - Parmesan & Garlic Cream Shredded Beef [DKSE],REC-015144-4-002,Mixed veg - Roasted Peppers & Onions,,,"FA-DE Spice, Black Pepper, Ground /Gewürz, schwarzer Pfeffer, gemahlen",SPI-00-139334-5,SPI,0.12,grams
FV1346A - Parmesan & Garlic Cream Shredded Beef [DKSE],REC-015144-4-002,Shredded Sous Vide Beef,,,"FA-DE Beef, Pulled, Sous Vide/Rindfleisch, Pulled, Sous Vide",PTN-00-139315-3,PTN,112.25,grams
FV1346A - Parmesan & Garlic Cream Shredded Beef [DKSE],REC-015144-4-002,Herb-Parmesan Butter (best),Spice Pack Herb-Parmesan Butter (best),,"FA-DE Spice, Sea Salt /Gewürze, Meersalz",SPI-00-139378-5,SPI,0.08,grams
FV1346A - Parmesan & Garlic Cream Shredded Beef [DKSE],REC-015144-4-002,Herb-Parmesan Butter (best),Spice Pack Herb-Parmesan Butter (best),,"FA-DE Chives, Dried /Schnittlauch, getrocknet",SPI-00-139322-5,SPI,0.06,grams
FV1346A - Parmesan & Garlic Cream Shredded Beef [DKSE],REC-015144-4-002,Herb-Parmesan Butter (best),Spice Pack Herb-Parmesan Butter (best),,"FA-DE Cheese, Parmesan, Grated /Käse, Parmesan, gerieben",DAI-00-139127-3,DAI,1.72,grams
FV1346A - Parmesan & Garlic Cream Shredded Beef [DKSE],REC-015144-4-002,Herb-Parmesan Butter (best),Spice Pack Herb-Parmesan Butter (best),,"FA-DE Spice, Black Pepper, Ground /Gewürz, schwarzer Pfeffer, gemahlen",SPI-00-139334-5,SPI,0.08,grams
FV1346A - Parmesan & Garlic Cream Shredded Beef [DKSE],REC-015144-4-002,Herb-Parmesan Butter (best),Spice Pack Herb-Parmesan Butter (best),,"FA-DE Spice, Parsley Dried /Gewürze, getrocknete Petersilie",SPI-00-139374-5,SPI,0.06,grams
FV1346A - Parmesan & Garlic Cream Shredded Beef [DKSE],REC-015144-4-002,Herb-Parmesan Butter (best),,,"FA-DE Butter, Unsalted /Butter, ungesalzen",DAI-00-139146-3,DAI,7.99,grams
FV1347A - Pot Roast Shredded Beef & Mash [DKSE],REC-013601-4-002,Pearl onions - Roasted Pearl Onions,,,"FA-DE Oil, Olive /Öl, Olivenöl",PRO-00-139277-5,PRO,1.4,grams
FV1347A - Pot Roast Shredded Beef & Mash [DKSE],REC-013601-4-002,Pearl onions - Roasted Pearl Onions,,,"FA-DE Spice, Black Pepper, Ground /Gewürz, schwarzer Pfeffer, gemahlen",SPI-00-139334-5,SPI,0.33,grams
FV1347A - Pot Roast Shredded Beef & Mash [DKSE],REC-013601-4-002,Pearl onions - Roasted Pearl Onions,,,"FA-DE Thyme, IQF /Thymian, IQF",PHF-00-139244-1,PHF,0.33,grams
FV1347A - Pot Roast Shredded Beef & Mash [DKSE],REC-013601-4-002,Pearl onions - Roasted Pearl Onions,,,"FA-DE Onion, Pearl, IQF /Zwiebeln, Perlen, IQF",PHF-00-139232-1,PHF,45.4,grams
FV1347A - Pot Roast Shredded Beef & Mash [DKSE],REC-013601-4-002,Chicken Jus Lie + cream cheese,,,FA-DE Water / Wasser,OTH-00-144038-5,OTH,28.65,grams
FV1347A - Pot Roast Shredded Beef & Mash [DKSE],REC-013601-4-002,Chicken Jus Lie + cream cheese,,,"FA-DE Spice, Onion Powder, Toasted /Gewürze, Zwiebelpulver, geröstet",SPI-00-139371-5,SPI,0.16,grams
FV1347A - Pot Roast Shredded Beef & Mash [DKSE],REC-013601-4-002,Chicken Jus Lie + cream cheese,,,"FA-DE Gum, Xanthan /Gummi, Xanthan",DRY-00-139153-5,DRY,0.06,grams
FV1347A - Pot Roast Shredded Beef & Mash [DKSE],REC-013601-4-002,Chicken Jus Lie + cream cheese,,,"FA-DE Thyme, IQF /Thymian, IQF",PHF-00-139244-1,PHF,0.1,grams
FV1347A - Pot Roast Shredded Beef & Mash [DKSE],REC-013601-4-002,Chicken Jus Lie + cream cheese,,,"FA-DE Spice, Garlic Powder, Toasted /Gewürz, Knoblauchpulver, geröstet",SPI-00-139354-5,SPI,0.16,grams
FV1347A - Pot Roast Shredded Beef & Mash [DKSE],REC-013601-4-002,Chicken Jus Lie + cream cheese,,,"FA-DE Stock, Chicken, Reduced/Brühe, Huhn, Reduziert",PRO-00-139288-5,PRO,6.55,grams
FV1347A - Pot Roast Shredded Beef & Mash [DKSE],REC-013601-4-002,Chicken Jus Lie + cream cheese,,,"FA-DE Spice, Italian Seasoning /Gewürze, italienische Gewürze",SPI-00-139359-5,SPI,0.02,grams
FV1347A - Pot Roast Shredded Beef & Mash [DKSE],REC-013601-4-002,Chicken Jus Lie + cream cheese,,,"FA-DE Spice, Minced Garlic, Toasted, Dry /Gewürz, gehackter Knoblauch, geröstet, trocken",SPI-00-139367-5,SPI,0.16,grams
FV1347A - Pot Roast Shredded Beef & Mash [DKSE],REC-013601-4-002,Chicken Jus Lie + cream cheese,,,"FA-DE Cheese, Cream, 13% Fat (Milk) /Käse, Sahne, 13% Fett",DAI-00-139122-3,DAI,1.96,grams
FV1347A - Pot Roast Shredded Beef & Mash [DKSE],REC-013601-4-002,Compound butter - Parmesan-Chive,,,"FA-DE Spice, Parsley Dried /Gewürze, getrocknete Petersilie",SPI-00-139374-5,SPI,0.1,grams
FV1347A - Pot Roast Shredded Beef & Mash [DKSE],REC-013601-4-002,Compound butter - Parmesan-Chive,,,"FA-DE Butter, Unsalted /Butter, ungesalzen",DAI-00-139146-3,DAI,7.5,grams
FV1347A - Pot Roast Shredded Beef & Mash [DKSE],REC-013601-4-002,Compound butter - Parmesan-Chive,,,"FA-DE Chives, Dried /Schnittlauch, getrocknet",SPI-00-139322-5,SPI,0.1,grams
FV1347A - Pot Roast Shredded Beef & Mash [DKSE],REC-013601-4-002,Compound butter - Parmesan-Chive,,,"FA-DE Cheese, Parmesan, Grated /Käse, Parmesan, gerieben",DAI-00-139127-3,DAI,2.5,grams
FV1347A - Pot Roast Shredded Beef & Mash [DKSE],REC-013601-4-002,French Onion Mashed Potatoes,Cooked Diced Potato,,"FA-DE Potatoes, Diced 10mm /Kartoffeln, gewürfelt, 10 mm",PHF-00-139219-3,PHF,97.63,grams
FV1347A - Pot Roast Shredded Beef & Mash [DKSE],REC-013601-4-002,French Onion Mashed Potatoes,French Onion Mashed Potatoes - Heat Treated Dairy,,"FA-DE Spice, Dried Onion Flakes /Gewürze, getrocknete Zwiebelflocken",SPI-00-139348-5,SPI,0.71,grams
FV1347A - Pot Roast Shredded Beef & Mash [DKSE],REC-013601-4-002,French Onion Mashed Potatoes,French Onion Mashed Potatoes - Heat Treated Dairy,,"FA-DE Chives, Dried /Schnittlauch, getrocknet",SPI-00-139322-5,SPI,0.48,grams
FV1347A - Pot Roast Shredded Beef & Mash [DKSE],REC-013601-4-002,French Onion Mashed Potatoes,French Onion Mashed Potatoes - Heat Treated Dairy,Roasted Garlic (use),"FA-DE Garlic, Peeled, Whole Cloves [10kg] /Knoblauch, geschält, ganze Nelken [10kg]",PHF-00-139197-3,PHF,0.48,grams
FV1347A - Pot Roast Shredded Beef & Mash [DKSE],REC-013601-4-002,French Onion Mashed Potatoes,French Onion Mashed Potatoes - Heat Treated Dairy,Roasted Garlic (use),"FA-DE Oil, Olive /Öl, Olivenöl",PRO-00-139277-5,PRO,0.36,grams
FV1347A - Pot Roast Shredded Beef & Mash [DKSE],REC-013601-4-002,French Onion Mashed Potatoes,French Onion Mashed Potatoes - Heat Treated Dairy,,"FA-DE Spice, Sea Salt /Gewürze, Meersalz",SPI-00-139378-5,SPI,0.6,grams
FV1347A - Pot Roast Shredded Beef & Mash [DKSE],REC-013601-4-002,French Onion Mashed Potatoes,French Onion Mashed Potatoes - Heat Treated Dairy,,"FA-DE Spice, Onion Granulated /Gewürze, Zwiebeln granuliert",SPI-00-139370-5,SPI,0.48,grams
FV1347A - Pot Roast Shredded Beef & Mash [DKSE],REC-013601-4-002,French Onion Mashed Potatoes,French Onion Mashed Potatoes - Heat Treated Dairy,,"FA-DE Spice, Black Pepper, Ground /Gewürz, schwarzer Pfeffer, gemahlen",SPI-00-139334-5,SPI,0.12,grams
FV1347A - Pot Roast Shredded Beef & Mash [DKSE],REC-013601-4-002,French Onion Mashed Potatoes,French Onion Mashed Potatoes - Heat Treated Dairy,,"FA-DE Milk, Whole /Milch, voll",DAI-00-139142-3,DAI,7.14,grams
FV1347A - Pot Roast Shredded Beef & Mash [DKSE],REC-013601-4-002,French Onion Mashed Potatoes,French Onion Mashed Potatoes - Heat Treated Dairy,,"FA-DE Butter, Unsalted /Butter, ungesalzen",DAI-00-139146-3,DAI,1.43,grams
FV1347A - Pot Roast Shredded Beef & Mash [DKSE],REC-013601-4-002,French Onion Mashed Potatoes,French Onion Mashed Potatoes - Heat Treated Dairy,,FA-DE Sour Cream /Sauerrahm,DAI-00-139141-3,DAI,9.75,grams
FV1347A - Pot Roast Shredded Beef & Mash [DKSE],REC-013601-4-002,Broccoli - Onion Powder Broccoli FLORETS - More Salt,,,"FA-DE Broccoli, Florets, /Brokkoli, Röschen",PHF-00-143425-3,PHF,64.96,grams
FV1347A - Pot Roast Shredded Beef & Mash [DKSE],REC-013601-4-002,Broccoli - Onion Powder Broccoli FLORETS - More Salt,,,"FA-DE Spice, Sea Salt /Gewürze, Meersalz",SPI-00-139378-5,SPI,0.44,grams
FV1347A - Pot Roast Shredded Beef & Mash [DKSE],REC-013601-4-002,Broccoli - Onion Powder Broccoli FLORETS - More Salt,,,"FA-DE Spice, Onion Powder, Toasted /Gewürze, Zwiebelpulver, geröstet",SPI-00-139371-5,SPI,0.44,grams
FV1347A - Pot Roast Shredded Beef & Mash [DKSE],REC-013601-4-002,Broccoli - Onion Powder Broccoli FLORETS - More Salt,,,"FA-DE Oil, Olive /Öl, Olivenöl",PRO-00-139277-5,PRO,4.77,grams
FV1347A - Pot Roast Shredded Beef & Mash [DKSE],REC-013601-4-002,Shredded Sous Vide Beef,,,"FA-DE Beef, Pulled, Sous Vide/Rindfleisch, Pulled, Sous Vide",PTN-00-139315-3,PTN,112.25,grams
FV1347A - Pot Roast Shredded Beef & Mash [DKSE],REC-013601-4-002,Rosemary Carrot Coins,,,"FA-DE Chives, Dried /Schnittlauch, getrocknet",SPI-00-139322-5,SPI,0.06,grams
FV1347A - Pot Roast Shredded Beef & Mash [DKSE],REC-013601-4-002,Rosemary Carrot Coins,,,"FA-DE Carrots, Coin Cut 5mm /Karotten, Münzschnitt 5 mm",PHF-00-139185-3,PHF,77.96,grams
FV1347A - Pot Roast Shredded Beef & Mash [DKSE],REC-013601-4-002,Rosemary Carrot Coins,,,"FA-DE Oil, Olive /Öl, Olivenöl",PRO-00-139277-5,PRO,2.1,grams
FV1347A - Pot Roast Shredded Beef & Mash [DKSE],REC-013601-4-002,Rosemary Carrot Coins,,,"FA-DE Spice, Black Pepper, Ground /Gewürz, schwarzer Pfeffer, gemahlen",SPI-00-139334-5,SPI,0.13,grams
FV1347A - Pot Roast Shredded Beef & Mash [DKSE],REC-013601-4-002,Rosemary Carrot Coins,,,"FA-DE Spice, Garlic Granulated /Gewürz, Knoblauch granuliert",SPI-00-139353-5,SPI,0.25,grams
FV1347A - Pot Roast Shredded Beef & Mash [DKSE],REC-013601-4-002,Rosemary Carrot Coins,,,"FA-DE Spice, Sea Salt /Gewürze, Meersalz",SPI-00-139378-5,SPI,0.17,grams
FV1347A - Pot Roast Shredded Beef & Mash [DKSE],REC-013601-4-002,Rosemary Carrot Coins,,,"FA-DE Rosemary, IQF /Rosmarin, IQF",PHF-00-139243-1,PHF,0.36,grams
FV1404A Bulgogi Shredded Beef Bowl  [DKSE],REC-029549-4-002,Chili-Garlic Roasted Zucchini Half Moons,,,"FA-DE Zucchini, Half Moon /Zucchini, Mondwürfel",PHF-00-139231-3,PHF,105.97,grams
FV1404A Bulgogi Shredded Beef Bowl  [DKSE],REC-029549-4-002,Chili-Garlic Roasted Zucchini Half Moons,,,"FA-DE Spice, Minced Garlic, Toasted, Dry /Gewürz, gehackter Knoblauch, geröstet, trocken",SPI-00-139367-5,SPI,0.73,grams
FV1404A Bulgogi Shredded Beef Bowl  [DKSE],REC-029549-4-002,Chili-Garlic Roasted Zucchini Half Moons,,,"FA-DE Spice, Gochugaru Chili Pepper Flakes /Gewürz, Gochugaru-Chili-Pfefferflocken",SPI-00-139356-5,SPI,0.09,grams
FV1404A Bulgogi Shredded Beef Bowl  [DKSE],REC-029549-4-002,Chili-Garlic Roasted Zucchini Half Moons,,,"FA-DE Spice, Black Pepper, Ground /Gewürz, schwarzer Pfeffer, gemahlen",SPI-00-139334-5,SPI,0.09,grams
FV1404A Bulgogi Shredded Beef Bowl  [DKSE],REC-029549-4-002,Chili-Garlic Roasted Zucchini Half Moons,,,"FA-DE Spice, Sea Salt /Gewürze, Meersalz",SPI-00-139378-5,SPI,0.36,grams
FV1404A Bulgogi Shredded Beef Bowl  [DKSE],REC-029549-4-002,Chili-Garlic Roasted Zucchini Half Moons,,,"FA-DE Oil, Olive /Öl, Olivenöl",PRO-00-139277-5,PRO,3.76,grams
FV1404A Bulgogi Shredded Beef Bowl  [DKSE],REC-029549-4-002,Sesame-ginger roasted diced red peppers,,,"FA-DE Coriander, Chopped /Koriander, gehackt",PHF-00-139192-3,PHF,2.39,grams
FV1404A Bulgogi Shredded Beef Bowl  [DKSE],REC-029549-4-002,Sesame-ginger roasted diced red peppers,,,"FA-DE Oil, Sesame Seed, Toasted /Öl, Sesamsamen, geröstet",PRO-00-139280-5,PRO,1.77,grams
FV1404A Bulgogi Shredded Beef Bowl  [DKSE],REC-029549-4-002,Sesame-ginger roasted diced red peppers,,,"FA-DE Onion, Green, Sliced 5mm /Zwiebel, grün, in Scheiben geschnitten, 5 mm",PHF-00-149803-3,PHF,6.85,grams
FV1404A Bulgogi Shredded Beef Bowl  [DKSE],REC-029549-4-002,Sesame-ginger roasted diced red peppers,,,"FA-DE Ginger, IQF, Diced 4 mm /Ingwer, IQF, gewürfelt 4 mm",PHF-00-139238-1,PHF,1.14,grams
FV1404A Bulgogi Shredded Beef Bowl  [DKSE],REC-029549-4-002,Sesame-ginger roasted diced red peppers,,,"FA-DE Spice, Sesame Seed, Roasted /Gewürz, Sesamsamen, geröstet",SPI-00-139379-5,SPI,0.42,grams
FV1404A Bulgogi Shredded Beef Bowl  [DKSE],REC-029549-4-002,Sesame-ginger roasted diced red peppers,,,"FA-DE Spice, Black Pepper, Ground /Gewürz, schwarzer Pfeffer, gemahlen",SPI-00-139334-5,SPI,0.1,grams
FV1404A Bulgogi Shredded Beef Bowl  [DKSE],REC-029549-4-002,Sesame-ginger roasted diced red peppers,,,"FA-DE Spice, Sea Salt /Gewürze, Meersalz",SPI-00-139378-5,SPI,0.15,grams
FV1404A Bulgogi Shredded Beef Bowl  [DKSE],REC-029549-4-002,Sesame-ginger roasted diced red peppers,,,"FA-DE Bell Peppers, Red, Diced 10mm /Paprika, rot, gewürfelt 10 mm",PHF-00-139179-3,PHF,38.22,grams
FV1404A Bulgogi Shredded Beef Bowl  [DKSE],REC-029549-4-002,Sesame-ginger roasted diced red peppers,,,"FA-DE Spice, Garlic Granulated /Gewürz, Knoblauch granuliert",SPI-00-139353-5,SPI,0.31,grams
FV1404A Bulgogi Shredded Beef Bowl  [DKSE],REC-029549-4-002,Sesame-ginger roasted diced red peppers,,,"FA-DE Garlic, IQF, Diced 4 mm /Knoblauch, IQF, gewürfelt 4 mm",PHF-00-139237-1,PHF,1.87,grams
FV1404A Bulgogi Shredded Beef Bowl  [DKSE],REC-029549-4-002,Brown Jasmine Rice & Cauliflower Blend,Brown Basmati Rice with GGS,,"FA-DE Ginger, IQF, Diced 4 mm /Ingwer, IQF, gewürfelt 4 mm",PHF-00-139238-1,PHF,2.02,grams
FV1404A Bulgogi Shredded Beef Bowl  [DKSE],REC-029549-4-002,Brown Jasmine Rice & Cauliflower Blend,Brown Basmati Rice with GGS,,"FA-DE Garlic, IQF, Diced 4 mm /Knoblauch, IQF, gewürfelt 4 mm",PHF-00-139237-1,PHF,2.02,grams
FV1404A Bulgogi Shredded Beef Bowl  [DKSE],REC-029549-4-002,Brown Jasmine Rice & Cauliflower Blend,Brown Basmati Rice with GGS,,"FA-DE Rice, Basmati, Brown /Reis, Basmati, braun",DRY-00-139168-5,DRY,23.86,grams
FV1404A Bulgogi Shredded Beef Bowl  [DKSE],REC-029549-4-002,Brown Jasmine Rice & Cauliflower Blend,Brown Basmati Rice with GGS,,"FA-DE Onion, Green, Sliced 5mm /Zwiebel, grün, in Scheiben geschnitten, 5 mm",PHF-00-149803-3,PHF,2.02,grams
FV1404A Bulgogi Shredded Beef Bowl  [DKSE],REC-029549-4-002,Brown Jasmine Rice & Cauliflower Blend,Brown Basmati Rice with GGS,,FA-DE Water / Wasser,OTH-00-144038-5,OTH,35.3,grams
FV1404A Bulgogi Shredded Beef Bowl  [DKSE],REC-029549-4-002,Brown Jasmine Rice & Cauliflower Blend,Brown Basmati Rice with GGS,,"FA-DE Spice, Sea Salt /Gewürze, Meersalz",SPI-00-139378-5,SPI,0.14,grams
FV1404A Bulgogi Shredded Beef Bowl  [DKSE],REC-029549-4-002,Brown Jasmine Rice & Cauliflower Blend,Roasted Cauliflower rice w/ Cilantro,,"FA-DE Oil, Olive /Öl, Olivenöl",PRO-00-139277-5,PRO,3.47,grams
FV1404A Bulgogi Shredded Beef Bowl  [DKSE],REC-029549-4-002,Brown Jasmine Rice & Cauliflower Blend,Roasted Cauliflower rice w/ Cilantro,,"FA-DE Coriander, Chopped /Koriander, gehackt",PHF-00-139192-3,PHF,2.8,grams
FV1404A Bulgogi Shredded Beef Bowl  [DKSE],REC-029549-4-002,Brown Jasmine Rice & Cauliflower Blend,Roasted Cauliflower rice w/ Cilantro,,"FA-DE Cauliflower, Riced, IQF /Blumenkohl, Reis, IQF",PHF-00-139233-1,PHF,51.33,grams
FV1404A Bulgogi Shredded Beef Bowl  [DKSE],REC-029549-4-002,Brown Jasmine Rice & Cauliflower Blend,Roasted Cauliflower rice w/ Cilantro,,"FA-DE Spice, Black Pepper, Ground /Gewürz, schwarzer Pfeffer, gemahlen",SPI-00-139334-5,SPI,0.04,grams
FV1404A Bulgogi Shredded Beef Bowl  [DKSE],REC-029549-4-002,Brown Jasmine Rice & Cauliflower Blend,Roasted Cauliflower rice w/ Cilantro,,"FA-DE Spice, Garlic Granulated /Gewürz, Knoblauch granuliert",SPI-00-139353-5,SPI,0.27,grams
FV1404A Bulgogi Shredded Beef Bowl  [DKSE],REC-029549-4-002,Brown Jasmine Rice & Cauliflower Blend,Roasted Cauliflower rice w/ Cilantro,,"FA-DE Oil, Sesame Seed, Toasted /Öl, Sesamsamen, geröstet",PRO-00-139280-5,PRO,0.4,grams
FV1404A Bulgogi Shredded Beef Bowl  [DKSE],REC-029549-4-002,Brown Jasmine Rice & Cauliflower Blend,Roasted Cauliflower rice w/ Cilantro,,"FA-DE Spice, Sea Salt /Gewürze, Meersalz",SPI-00-139378-5,SPI,0.29,grams
FV1404A Bulgogi Shredded Beef Bowl  [DKSE],REC-029549-4-002,Bulgogi Sauce,,,"FA-DE Oil, Sesame Seed, Toasted /Öl, Sesamsamen, geröstet",PRO-00-139280-5,PRO,4.81,grams
FV1404A Bulgogi Shredded Beef Bowl  [DKSE],REC-029549-4-002,Bulgogi Sauce,,,FA-DE Water / Wasser,OTH-00-144038-5,OTH,3.52,grams
FV1404A Bulgogi Shredded Beef Bowl  [DKSE],REC-029549-4-002,Bulgogi Sauce,,,"FA-DE Ginger, IQF, Diced 4 mm /Ingwer, IQF, gewürfelt 4 mm",PHF-00-139238-1,PHF,3.1,grams
FV1404A Bulgogi Shredded Beef Bowl  [DKSE],REC-029549-4-002,Bulgogi Sauce,,,"FA-DE Garlic, IQF, Diced 4 mm /Knoblauch, IQF, gewürfelt 4 mm",PHF-00-139237-1,PHF,4.81,grams
FV1404A Bulgogi Shredded Beef Bowl  [DKSE],REC-029549-4-002,Bulgogi Sauce,,,"FA-DE Spice, Black Pepper, Ground /Gewürz, schwarzer Pfeffer, gemahlen",SPI-00-139334-5,SPI,0.11,grams
FV1404A Bulgogi Shredded Beef Bowl  [DKSE],REC-029549-4-002,Bulgogi Sauce,,,"FA-DE Onion, Green, Sliced 5mm /Zwiebel, grün, in Scheiben geschnitten, 5 mm",PHF-00-149803-3,PHF,7.16,grams
FV1404A Bulgogi Shredded Beef Bowl  [DKSE],REC-029549-4-002,Bulgogi Sauce,,,FA-DE Cornstarch /Maisstärke (Maisstärke),DRY-00-150449-5,DRY,0.75,grams
FV1404A Bulgogi Shredded Beef Bowl  [DKSE],REC-029549-4-002,Bulgogi Sauce,,,"FA-DE Vinegar, Rice /Essig, Reis",PRO-00-139300-5,PRO,7.26,grams
FV1404A Bulgogi Shredded Beef Bowl  [DKSE],REC-029549-4-002,Bulgogi Sauce,,,"FA-DE Tamari, Reduced Sodium Soy Sauce /Tamari, natriumreduzierte Sojasauce",PRO-00-139291-5,PRO,4.59,grams
FV1404A Bulgogi Shredded Beef Bowl  [DKSE],REC-029549-4-002,Bulgogi Sauce,,,FA-DE Water / Wasser,OTH-00-144038-5,OTH,8.54,grams
FV1404A Bulgogi Shredded Beef Bowl  [DKSE],REC-029549-4-002,Bulgogi Sauce,,,"FA-DE Sugar, Coconut /Zucker, Kokosnuss",DRY-00-139171-5,DRY,3.74,grams
FV1404A Bulgogi Shredded Beef Bowl  [DKSE],REC-029549-4-002,Bulgogi Sauce,,,"FA-DE Spice, Gochugaru Chili Pepper Flakes /Gewürz, Gochugaru-Chili-Pfefferflocken",SPI-00-139356-5,SPI,0.21,grams
FV1404A Bulgogi Shredded Beef Bowl  [DKSE],REC-029549-4-002,Roasted Garlic Green Cabbage & Carrots,,,"FA-DE Spice, Garlic Granulated /Gewürz, Knoblauch granuliert",SPI-00-139353-5,SPI,0.11,grams
FV1404A Bulgogi Shredded Beef Bowl  [DKSE],REC-029549-4-002,Roasted Garlic Green Cabbage & Carrots,,,"FA-DE Spice, Sea Salt /Gewürze, Meersalz",SPI-00-139378-5,SPI,0.11,grams
FV1404A Bulgogi Shredded Beef Bowl  [DKSE],REC-029549-4-002,Roasted Garlic Green Cabbage & Carrots,,,"FA-DE Spice, Onion Powder, Toasted /Gewürze, Zwiebelpulver, geröstet",SPI-00-139371-5,SPI,0.11,grams
FV1404A Bulgogi Shredded Beef Bowl  [DKSE],REC-029549-4-002,Roasted Garlic Green Cabbage & Carrots,,,"FA-DE Carrots, Julienne 2-3mm /Karotten, Julienne 2-3 mm",PHF-00-139187-3,PHF,15.98,grams
FV1404A Bulgogi Shredded Beef Bowl  [DKSE],REC-029549-4-002,Roasted Garlic Green Cabbage & Carrots,,,"FA-DE Cabbage, Green, Shredded 5mm / Wirsing, geschnitten, 5 mm",PHF-00-139188-3,PHF,15.98,grams
FV1404A Bulgogi Shredded Beef Bowl  [DKSE],REC-029549-4-002,Roasted Garlic Green Cabbage & Carrots,,,"FA-DE Spice, Black Pepper, Ground /Gewürz, schwarzer Pfeffer, gemahlen",SPI-00-139334-5,SPI,0.04,grams
FV1404A Bulgogi Shredded Beef Bowl  [DKSE],REC-029549-4-002,Roasted Garlic Green Cabbage & Carrots,,,"FA-DE Coriander, Chopped /Koriander, gehackt",PHF-00-139192-3,PHF,0.74,grams
FV1404A Bulgogi Shredded Beef Bowl  [DKSE],REC-029549-4-002,Roasted Garlic Green Cabbage & Carrots,Roasted Garlic (use),,"FA-DE Garlic, Peeled, Whole Cloves [10kg] /Knoblauch, geschält, ganze Nelken [10kg]",PHF-00-139197-3,PHF,1.07,grams
FV1404A Bulgogi Shredded Beef Bowl  [DKSE],REC-029549-4-002,Roasted Garlic Green Cabbage & Carrots,Roasted Garlic (use),,"FA-DE Oil, Olive /Öl, Olivenöl",PRO-00-139277-5,PRO,0.8,grams
FV1404A Bulgogi Shredded Beef Bowl  [DKSE],REC-029549-4-002,Roasted Garlic Green Cabbage & Carrots,,,"FA-DE Spice, Coriander Ground /Gewürz, gemahlener Koriander",SPI-00-139386-5,SPI,0.42,grams
FV1404A Bulgogi Shredded Beef Bowl  [DKSE],REC-029549-4-002,Roasted Garlic Green Cabbage & Carrots,,,"FA-DE Oil, Olive /Öl, Olivenöl",PRO-00-139277-5,PRO,1.06,grams
FV1404A Bulgogi Shredded Beef Bowl  [DKSE],REC-029549-4-002,Shredded Sous Vide Beef Chuck,,,"FA-DE Beef, Pulled, Sous Vide/Rindfleisch, Pulled, Sous Vide",PTN-00-139315-3,PTN,100.76,grams
FV1439A - Tzatziki Salmon & Lemon Rice [DKSE],REC-029425-4-002,Greek Lemon Rice w/ inclusions,GSCLR Greek Lemon Rice,,"FA-DE Spice, Garlic Powder, Toasted /Gewürz, Knoblauchpulver, geröstet",SPI-00-139354-5,SPI,0.39,grams
FV1439A - Tzatziki Salmon & Lemon Rice [DKSE],REC-029425-4-002,Greek Lemon Rice w/ inclusions,GSCLR Greek Lemon Rice,,"FA-DE Stock Concentrate, Mirepoix /Stammkonzentrat, Mirepoix",PRO-00-139287-5,PRO,1.95,grams
FV1439A - Tzatziki Salmon & Lemon Rice [DKSE],REC-029425-4-002,Greek Lemon Rice w/ inclusions,GSCLR Greek Lemon Rice,,"FA-DE Spice, Dill Dried /Gewürz, Dill getrocknet",SPI-00-139349-5,SPI,0.65,grams
FV1439A - Tzatziki Salmon & Lemon Rice [DKSE],REC-029425-4-002,Greek Lemon Rice w/ inclusions,GSCLR Greek Lemon Rice,,"FA-DE Spice, Sea Salt /Gewürze, Meersalz",SPI-00-139378-5,SPI,0.26,grams
FV1439A - Tzatziki Salmon & Lemon Rice [DKSE],REC-029425-4-002,Greek Lemon Rice w/ inclusions,GSCLR Greek Lemon Rice,,"FA-DE Spice, Turmeric /Gewürz, Kurkuma",SPI-00-139384-5,SPI,0.39,grams
FV1439A - Tzatziki Salmon & Lemon Rice [DKSE],REC-029425-4-002,Greek Lemon Rice w/ inclusions,GSCLR Greek Lemon Rice,,"FA-DE Spice, Oregano Dry /Gewürz, Oregano trocken",SPI-00-139372-5,SPI,0.07,grams
FV1439A - Tzatziki Salmon & Lemon Rice [DKSE],REC-029425-4-002,Greek Lemon Rice w/ inclusions,GSCLR Greek Lemon Rice,,"FA-DE Spice, Lemon Powder /Gewürz, Zitronenpulver",SPI-00-139362-5,SPI,0.13,grams
FV1439A - Tzatziki Salmon & Lemon Rice [DKSE],REC-029425-4-002,Greek Lemon Rice w/ inclusions,GSCLR Greek Lemon Rice,,"FA-DE Rice, Basmati, Brown /Reis, Basmati, braun",DRY-00-139168-5,DRY,31.13,grams
FV1439A - Tzatziki Salmon & Lemon Rice [DKSE],REC-029425-4-002,Greek Lemon Rice w/ inclusions,GSCLR Greek Lemon Rice,,FA-DE Water / Wasser,OTH-00-144038-5,OTH,46.11,grams
FV1439A - Tzatziki Salmon & Lemon Rice [DKSE],REC-029425-4-002,Greek Lemon Rice w/ inclusions,Roasted Red Peppers and Red Onion w/ Garlic,,"FA-DE Oil, Olive /Öl, Olivenöl",PRO-00-139277-5,PRO,0.27,grams
FV1439A - Tzatziki Salmon & Lemon Rice [DKSE],REC-029425-4-002,Greek Lemon Rice w/ inclusions,Roasted Red Peppers and Red Onion w/ Garlic,,"FA-DE Spice, Black Pepper, Ground /Gewürz, schwarzer Pfeffer, gemahlen",SPI-00-139334-5,SPI,0.27,grams
FV1439A - Tzatziki Salmon & Lemon Rice [DKSE],REC-029425-4-002,Greek Lemon Rice w/ inclusions,Roasted Red Peppers and Red Onion w/ Garlic,,"FA-DE Bell Peppers, Red, Diced 10mm /Paprika, rot, gewürfelt 10 mm",PHF-00-139179-3,PHF,31.54,grams
FV1439A - Tzatziki Salmon & Lemon Rice [DKSE],REC-029425-4-002,Greek Lemon Rice w/ inclusions,Roasted Red Peppers and Red Onion w/ Garlic,,"FA-DE Garlic, IQF, Diced 4 mm /Knoblauch, IQF, gewürfelt 4 mm",PHF-00-139237-1,PHF,1.21,grams
FV1439A - Tzatziki Salmon & Lemon Rice [DKSE],REC-029425-4-002,Greek Lemon Rice w/ inclusions,Roasted Red Peppers and Red Onion w/ Garlic,,"FA-DE Spice, Garlic Granulated /Gewürz, Knoblauch granuliert",SPI-00-139353-5,SPI,0.27,grams
FV1439A - Tzatziki Salmon & Lemon Rice [DKSE],REC-029425-4-002,Greek Lemon Rice w/ inclusions,Roasted Red Peppers and Red Onion w/ Garlic,,"FA-DE Onion, Red, Diced 10mm/Zwiebeln, rot, gewürfelt, 10 mm",PHF-00-139216-3,PHF,29.79,grams
FV1439A - Tzatziki Salmon & Lemon Rice [DKSE],REC-029425-4-002,Greek Lemon Rice w/ inclusions,Roasted Red Peppers and Red Onion w/ Garlic,,"FA-DE Spice, Sea Salt /Gewürze, Meersalz",SPI-00-139378-5,SPI,0.54,grams
FV1439A - Tzatziki Salmon & Lemon Rice [DKSE],REC-029425-4-002,Salmon - garlic seasoning,,,"FA-DE Salmon, Skinless, Boneless, Filet/Lachs, ohne Haut, ohne Knochen, Filet - IQF",PTN-00-139968-1,PTN,140,grams
FV1439A - Tzatziki Salmon & Lemon Rice [DKSE],REC-029425-4-002,Salmon - garlic seasoning,,,"FA-DE Spice, Sea Salt /Gewürze, Meersalz",SPI-00-139378-5,SPI,0.42,grams
FV1439A - Tzatziki Salmon & Lemon Rice [DKSE],REC-029425-4-002,Salmon - garlic seasoning,,,"FA-DE Spice, Garlic Granulated /Gewürz, Knoblauch granuliert",SPI-00-139353-5,SPI,0.14,grams
FV1439A - Tzatziki Salmon & Lemon Rice [DKSE],REC-029425-4-002,Garlic and Chive Roasted Cauliflower Florets,,,"FA-DE Cauliflower, Florets /Blumenkohl, Röschen",PHF-00-143426-3,PHF,90.37,grams
FV1439A - Tzatziki Salmon & Lemon Rice [DKSE],REC-029425-4-002,Garlic and Chive Roasted Cauliflower Florets,,,"FA-DE Spice, Black Pepper, Ground /Gewürz, schwarzer Pfeffer, gemahlen",SPI-00-139334-5,SPI,0.14,grams
FV1439A - Tzatziki Salmon & Lemon Rice [DKSE],REC-029425-4-002,Garlic and Chive Roasted Cauliflower Florets,,,"FA-DE Oil, Olive /Öl, Olivenöl",PRO-00-139277-5,PRO,3.71,grams
FV1439A - Tzatziki Salmon & Lemon Rice [DKSE],REC-029425-4-002,Garlic and Chive Roasted Cauliflower Florets,,,"FA-DE Chives, Dried /Schnittlauch, getrocknet",SPI-00-139322-5,SPI,0.14,grams
FV1439A - Tzatziki Salmon & Lemon Rice [DKSE],REC-029425-4-002,Garlic and Chive Roasted Cauliflower Florets,,,"FA-DE Spice, Sea Salt /Gewürze, Meersalz",SPI-00-139378-5,SPI,0.14,grams
FV1439A - Tzatziki Salmon & Lemon Rice [DKSE],REC-029425-4-002,Garlic and Chive Roasted Cauliflower Florets,,,"FA-DE Garlic, IQF, Diced 4 mm /Knoblauch, IQF, gewürfelt 4 mm",PHF-00-139237-1,PHF,2.14,grams
FV1439A - Tzatziki Salmon & Lemon Rice [DKSE],REC-029425-4-002,"Roasted Zucchini, Diced - Toasted Garlic",,,"FA-DE Spice, Sea Salt /Gewürze, Meersalz",SPI-00-139378-5,SPI,0.17,grams
FV1439A - Tzatziki Salmon & Lemon Rice [DKSE],REC-029425-4-002,"Roasted Zucchini, Diced - Toasted Garlic",,,"FA-DE Oil, Olive /Öl, Olivenöl",PRO-00-139277-5,PRO,0.25,grams
FV1439A - Tzatziki Salmon & Lemon Rice [DKSE],REC-029425-4-002,"Roasted Zucchini, Diced - Toasted Garlic",,,"FA-DE Spice, Black Pepper, Ground /Gewürz, schwarzer Pfeffer, gemahlen",SPI-00-139334-5,SPI,0.02,grams
FV1439A - Tzatziki Salmon & Lemon Rice [DKSE],REC-029425-4-002,"Roasted Zucchini, Diced - Toasted Garlic",,,"FA-DE Zucchini, Diced 10mm /Zucchini, gewürfelt 10 mm",PHF-00-139229-3,PHF,43.08,grams
FV1439A - Tzatziki Salmon & Lemon Rice [DKSE],REC-029425-4-002,"Roasted Zucchini, Diced - Toasted Garlic",,,"FA-DE Spice, Minced Garlic, Toasted, Dry /Gewürz, gehackter Knoblauch, geröstet, trocken",SPI-00-139367-5,SPI,0.17,grams
FV1439A - Tzatziki Salmon & Lemon Rice [DKSE],REC-029425-4-002,GBB Tzatziki,,,"FA-DE Juice, Lemon /Saft, Zitrone",PRO-00-139265-5,PRO,1.83,grams
FV1439A - Tzatziki Salmon & Lemon Rice [DKSE],REC-029425-4-002,GBB Tzatziki,,,"FA-DE Dill, Fresh/Dill, frisch",PHF-00-139200-3,PHF,1.22,grams
FV1439A - Tzatziki Salmon & Lemon Rice [DKSE],REC-029425-4-002,GBB Tzatziki,,,"FA-DE Spice, Sea Salt /Gewürze, Meersalz",SPI-00-139378-5,SPI,0.06,grams
FV1439A - Tzatziki Salmon & Lemon Rice [DKSE],REC-029425-4-002,GBB Tzatziki,,,FA-DE Sour Cream /Sauerrahm,DAI-00-139141-3,DAI,31.08,grams
FV1439A - Tzatziki Salmon & Lemon Rice [DKSE],REC-029425-4-002,GBB Tzatziki,,,"FA-DE Mint, Fresh/Minze, frisch",PHF-00-139205-3,PHF,0.61,grams
FV1439A - Tzatziki Salmon & Lemon Rice [DKSE],REC-029425-4-002,GBB Tzatziki,,,"FA-DE Oil, Olive /Öl, Olivenöl",PRO-00-139277-5,PRO,1.55,grams
FV1439A - Tzatziki Salmon & Lemon Rice [DKSE],REC-029425-4-002,GBB Tzatziki,,,"FA-DE Zest, Lemon/Gewürz, Zitronenschale",PHF-00-139247-3,PHF,0.92,grams
FV1439A - Tzatziki Salmon & Lemon Rice [DKSE],REC-029425-4-002,Roasted Balsamic Pearl Onions- Half Balsamic,,,"FA-DE Oil, Olive /Öl, Olivenöl",PRO-00-139277-5,PRO,0.47,grams
FV1439A - Tzatziki Salmon & Lemon Rice [DKSE],REC-029425-4-002,Roasted Balsamic Pearl Onions- Half Balsamic,,,"FA-DE Spice, Sea Salt /Gewürze, Meersalz",SPI-00-139378-5,SPI,0.16,grams
FV1439A - Tzatziki Salmon & Lemon Rice [DKSE],REC-029425-4-002,Roasted Balsamic Pearl Onions- Half Balsamic,,,"FA-DE Spice, Parsley Dried /Gewürze, getrocknete Petersilie",SPI-00-139374-5,SPI,0.32,grams
FV1439A - Tzatziki Salmon & Lemon Rice [DKSE],REC-029425-4-002,Roasted Balsamic Pearl Onions- Half Balsamic,,,"FA-DE Spice, Thyme Dry /Gewürz, Thymian trocken",SPI-00-139385-5,SPI,0.32,grams
FV1439A - Tzatziki Salmon & Lemon Rice [DKSE],REC-029425-4-002,Roasted Balsamic Pearl Onions- Half Balsamic,,,"FA-DE Vinegar, Balsamic /Essig, Balsamico",PRO-00-139298-5,PRO,2.69,grams
FV1439A - Tzatziki Salmon & Lemon Rice [DKSE],REC-029425-4-002,Roasted Balsamic Pearl Onions- Half Balsamic,,,"FA-DE Onion, Pearl, IQF /Zwiebeln, Perlen, IQF",PHF-00-139232-1,PHF,45.99,grams
FV4006A - Pork tenderloin in sun dried tomato sauce [DKSE],REC-014085-4-002,Pork tenderloin - herb marinade,Pork Tenderloin - HERB BRINED,,FA-DE Water / Wasser,OTH-00-144038-5,OTH,170,grams
FV4006A - Pork tenderloin in sun dried tomato sauce [DKSE],REC-014085-4-002,Pork tenderloin - herb marinade,Pork Tenderloin - HERB BRINED,,"FA-DE Spice, Thyme Dry /Gewürz, Thymian trocken",SPI-00-139385-5,SPI,0.28,grams
FV4006A - Pork tenderloin in sun dried tomato sauce [DKSE],REC-014085-4-002,Pork tenderloin - herb marinade,Pork Tenderloin - HERB BRINED,,"FA-DE Pork, Tenderloin /Schweinefleisch, Filet",PTN-00-139310-3,PTN,170,grams
FV4006A - Pork tenderloin in sun dried tomato sauce [DKSE],REC-014085-4-002,Pork tenderloin - herb marinade,Pork Tenderloin - HERB BRINED,,"FA-DE Spice, Sage, Rubbed /Gewürz, Salbei, gerieben",SPI-00-139377-5,SPI,0.28,grams
FV4006A - Pork tenderloin in sun dried tomato sauce [DKSE],REC-014085-4-002,Pork tenderloin - herb marinade,Pork Tenderloin - HERB BRINED,,"FA-DE Spice, Sea Salt /Gewürze, Meersalz",SPI-00-139378-5,SPI,1.5,grams
FV4006A - Pork tenderloin in sun dried tomato sauce [DKSE],REC-014085-4-002,Pork tenderloin - herb marinade,Pork Tenderloin - HERB BRINED,,FA-DE Dried Rosemary/Rosmarin getrocknet,SPI-00-143552-5,SPI,0.28,grams
FV4006A - Pork tenderloin in sun dried tomato sauce [DKSE],REC-014085-4-002,Pork tenderloin - herb marinade,Herb Marinade for Pork Tenderloin,,"FA-DE Chives, Dried /Schnittlauch, getrocknet",SPI-00-139322-5,SPI,0.05,grams
FV4006A - Pork tenderloin in sun dried tomato sauce [DKSE],REC-014085-4-002,Pork tenderloin - herb marinade,Herb Marinade for Pork Tenderloin,,"FA-DE Spice, Oregano Dry /Gewürz, Oregano trocken",SPI-00-139372-5,SPI,0.03,grams
FV4006A - Pork tenderloin in sun dried tomato sauce [DKSE],REC-014085-4-002,Pork tenderloin - herb marinade,Herb Marinade for Pork Tenderloin,,"FA-DE Oil, Olive /Öl, Olivenöl",PRO-00-139277-5,PRO,11.1,grams
FV4006A - Pork tenderloin in sun dried tomato sauce [DKSE],REC-014085-4-002,Pork tenderloin - herb marinade,Herb Marinade for Pork Tenderloin,,"FA-DE Spice, Onion Granulated /Gewürze, Zwiebeln granuliert",SPI-00-139370-5,SPI,0.12,grams
FV4006A - Pork tenderloin in sun dried tomato sauce [DKSE],REC-014085-4-002,Pork tenderloin - herb marinade,Herb Marinade for Pork Tenderloin,,"FA-DE Spice, Sea Salt /Gewürze, Meersalz",SPI-00-139378-5,SPI,0.27,grams
FV4006A - Pork tenderloin in sun dried tomato sauce [DKSE],REC-014085-4-002,Pork tenderloin - herb marinade,Herb Marinade for Pork Tenderloin,,"FA-DE Spice, Parsley Dried /Gewürze, getrocknete Petersilie",SPI-00-139374-5,SPI,0.03,grams
FV4006A - Pork tenderloin in sun dried tomato sauce [DKSE],REC-014085-4-002,Pork tenderloin - herb marinade,Herb Marinade for Pork Tenderloin,,"FA-DE Spice, Black Pepper, Ground /Gewürz, schwarzer Pfeffer, gemahlen",SPI-00-139334-5,SPI,0.18,grams
FV4006A - Pork tenderloin in sun dried tomato sauce [DKSE],REC-014085-4-002,Pork tenderloin - herb marinade,Herb Marinade for Pork Tenderloin,,"FA-DE Spice, Garlic Granulated /Gewürz, Knoblauch granuliert",SPI-00-139353-5,SPI,0.24,grams
FV4006A - Pork tenderloin in sun dried tomato sauce [DKSE],REC-014085-4-002,Mash - Roasted Garlic Cauliflower Mashed,Steamed Cauliflower Rice,,"FA-DE Cauliflower, Riced, IQF /Blumenkohl, Reis, IQF",PHF-00-139233-1,PHF,75.65,grams
FV4006A - Pork tenderloin in sun dried tomato sauce [DKSE],REC-014085-4-002,Mash - Roasted Garlic Cauliflower Mashed,,,"FA-DE Butter, Unsalted /Butter, ungesalzen",DAI-00-139146-3,DAI,10.64,grams
FV4006A - Pork tenderloin in sun dried tomato sauce [DKSE],REC-014085-4-002,Mash - Roasted Garlic Cauliflower Mashed,,,"FA-DE Cheese, Cream, 13% Fat (Milk) /Käse, Sahne, 13% Fett",DAI-00-139122-3,DAI,15.96,grams
FV4006A - Pork tenderloin in sun dried tomato sauce [DKSE],REC-014085-4-002,Mash - Roasted Garlic Cauliflower Mashed,,,"FA-DE Spice, Sea Salt /Gewürze, Meersalz",SPI-00-139378-5,SPI,0.49,grams
FV4006A - Pork tenderloin in sun dried tomato sauce [DKSE],REC-014085-4-002,Mash - Roasted Garlic Cauliflower Mashed,Roasted Garlic (use),,"FA-DE Garlic, Peeled, Whole Cloves [10kg] /Knoblauch, geschält, ganze Nelken [10kg]",PHF-00-139197-3,PHF,2.71,grams
FV4006A - Pork tenderloin in sun dried tomato sauce [DKSE],REC-014085-4-002,Mash - Roasted Garlic Cauliflower Mashed,Roasted Garlic (use),,"FA-DE Oil, Olive /Öl, Olivenöl",PRO-00-139277-5,PRO,2.04,grams
FV4006A - Pork tenderloin in sun dried tomato sauce [DKSE],REC-014085-4-002,Sauce - Sun-Dried Tomato Sauce - Less Salt,,,"FA-DE Cheese, Parmesan, Grated /Käse, Parmesan, gerieben",DAI-00-139127-3,DAI,5.2,grams
FV4006A - Pork tenderloin in sun dried tomato sauce [DKSE],REC-014085-4-002,Sauce - Sun-Dried Tomato Sauce - Less Salt,,,FA-DE Heavy Cream 20% /Sahne 20%,DAI-00-139137-3,DAI,32.32,grams
FV4006A - Pork tenderloin in sun dried tomato sauce [DKSE],REC-014085-4-002,Sauce - Sun-Dried Tomato Sauce - Less Salt,,,"FA-DE Oil, Olive /Öl, Olivenöl",PRO-00-139277-5,PRO,2.96,grams
FV4006A - Pork tenderloin in sun dried tomato sauce [DKSE],REC-014085-4-002,Sauce - Sun-Dried Tomato Sauce - Less Salt,,,"FA-DE Stock, Chicken, Reduced/Brühe, Huhn, Reduziert",PRO-00-139288-5,PRO,0.58,grams
FV4006A - Pork tenderloin in sun dried tomato sauce [DKSE],REC-014085-4-002,Sauce - Sun-Dried Tomato Sauce - Less Salt,,,"FA-DE Garlic, IQF, Diced 4 mm /Knoblauch, IQF, gewürfelt 4 mm",PHF-00-139237-1,PHF,1.18,grams
FV4006A - Pork tenderloin in sun dried tomato sauce [DKSE],REC-014085-4-002,Sauce - Sun-Dried Tomato Sauce - Less Salt,Hydrated Sun-Dried Tomatoes,,"FA-DE Tomatoes, Sun - Dried Julienned /Tomaten, sonnengetrocknete Julienne",PRO-00-139296-5,PRO,2.88,grams
FV4006A - Pork tenderloin in sun dried tomato sauce [DKSE],REC-014085-4-002,Sauce - Sun-Dried Tomato Sauce - Less Salt,Hydrated Sun-Dried Tomatoes,,FA-DE Water / Wasser,OTH-00-144038-5,OTH,2.88,grams
FV4006A - Pork tenderloin in sun dried tomato sauce [DKSE],REC-014085-4-002,Sauce - Sun-Dried Tomato Sauce - Less Salt,,,"FA-DE Spinach, Fresh, Stem Off /Spinat, frisch, ohne Stiel",PHF-00-139225-3,PHF,4.16,grams
FV4006A - Pork tenderloin in sun dried tomato sauce [DKSE],REC-014085-4-002,Sauce - Sun-Dried Tomato Sauce - Less Salt,,,"FA-DE Spice, Sea Salt /Gewürze, Meersalz",SPI-00-139378-5,SPI,0.03,grams
FV4006A - Pork tenderloin in sun dried tomato sauce [DKSE],REC-014085-4-002,Sauce - Sun-Dried Tomato Sauce - Less Salt,,,"FA-DE Onion, Spanish, Diced 5mm /Zwiebel, Spanisch, gewürfelt 5 mm",PHF-00-139212-3,PHF,5.2,grams
FV4006A - Pork tenderloin in sun dried tomato sauce [DKSE],REC-014085-4-002,Cauliflower - Roasted S&P,,,"FA-DE Cauliflower, Florets /Blumenkohl, Röschen",PHF-00-143426-3,PHF,57.97,grams
FV4006A - Pork tenderloin in sun dried tomato sauce [DKSE],REC-014085-4-002,Cauliflower - Roasted S&P,,,"FA-DE Spice, Sea Salt /Gewürze, Meersalz",SPI-00-139378-5,SPI,0.23,grams
FV4006A - Pork tenderloin in sun dried tomato sauce [DKSE],REC-014085-4-002,Cauliflower - Roasted S&P,,,"FA-DE Spice, Black Pepper, Ground /Gewürz, schwarzer Pfeffer, gemahlen",SPI-00-139334-5,SPI,0.14,grams
FV4006A - Pork tenderloin in sun dried tomato sauce [DKSE],REC-014085-4-002,Cauliflower - Roasted S&P,,,"FA-DE Oil, Olive /Öl, Olivenöl",PRO-00-139277-5,PRO,2.75,grams
FV4006A - Pork tenderloin in sun dried tomato sauce [DKSE],REC-014085-4-002,Compound butter - Parmesan-Chive,,,"FA-DE Spice, Parsley Dried /Gewürze, getrocknete Petersilie",SPI-00-139374-5,SPI,0.1,grams
FV4006A - Pork tenderloin in sun dried tomato sauce [DKSE],REC-014085-4-002,Compound butter - Parmesan-Chive,,,"FA-DE Butter, Unsalted /Butter, ungesalzen",DAI-00-139146-3,DAI,7.5,grams
FV4006A - Pork tenderloin in sun dried tomato sauce [DKSE],REC-014085-4-002,Compound butter - Parmesan-Chive,,,"FA-DE Chives, Dried /Schnittlauch, getrocknet",SPI-00-139322-5,SPI,0.1,grams
FV4006A - Pork tenderloin in sun dried tomato sauce [DKSE],REC-014085-4-002,Compound butter - Parmesan-Chive,,,"FA-DE Cheese, Parmesan, Grated /Käse, Parmesan, gerieben",DAI-00-139127-3,DAI,2.5,grams
FV4006A - Pork tenderloin in sun dried tomato sauce [DKSE],REC-014085-4-002,Broccoli - Roasted S&P,,,"FA-DE Spice, Black Pepper, Ground /Gewürz, schwarzer Pfeffer, gemahlen",SPI-00-139334-5,SPI,0.2,grams
FV4006A - Pork tenderloin in sun dried tomato sauce [DKSE],REC-014085-4-002,Broccoli - Roasted S&P,,,"FA-DE Spice, Garlic Powder, Toasted /Gewürz, Knoblauchpulver, geröstet",SPI-00-139354-5,SPI,0.16,grams
FV4006A - Pork tenderloin in sun dried tomato sauce [DKSE],REC-014085-4-002,Broccoli - Roasted S&P,,,"FA-DE Broccoli, Florets, /Brokkoli, Röschen",PHF-00-143425-3,PHF,56.75,grams
FV4006A - Pork tenderloin in sun dried tomato sauce [DKSE],REC-014085-4-002,Broccoli - Roasted S&P,,,"FA-DE Oil, Olive /Öl, Olivenöl",PRO-00-139277-5,PRO,4.1,grams
FV4006A - Pork tenderloin in sun dried tomato sauce [DKSE],REC-014085-4-002,Broccoli - Roasted S&P,,,"FA-DE Spice, Sea Salt /Gewürze, Meersalz",SPI-00-139378-5,SPI,0.24,grams
FV4009A - Salmon with a mustard dill sauce [DKSE],REC-013579-4-002,Green Beans CUT 1-1/2 - Fresh - Less Salt,,,"FA-DE Green Beans, Fresh and Trimmed/Grüne Bohnen, frisch und geschnitten",PHF-00-139198-3,PHF,77.03,grams
FV4009A - Salmon with a mustard dill sauce [DKSE],REC-013579-4-002,Green Beans CUT 1-1/2 - Fresh - Less Salt,,,"FA-DE Oil, Olive /Öl, Olivenöl",PRO-00-139277-5,PRO,3.93,grams
FV4009A - Salmon with a mustard dill sauce [DKSE],REC-013579-4-002,Green Beans CUT 1-1/2 - Fresh - Less Salt,,,"FA-DE Spice, Sea Salt /Gewürze, Meersalz",SPI-00-139378-5,SPI,0.32,grams
FV4009A - Salmon with a mustard dill sauce [DKSE],REC-013579-4-002,Green Beans CUT 1-1/2 - Fresh - Less Salt,,,"FA-DE Spice, Black Pepper, Ground /Gewürz, schwarzer Pfeffer, gemahlen",SPI-00-139334-5,SPI,0.11,grams
FV4009A - Salmon with a mustard dill sauce [DKSE],REC-013579-4-002,Green Beans CUT 1-1/2 - Fresh - Less Salt,,,"FA-DE Spice, Garlic Granulated /Gewürz, Knoblauch granuliert",SPI-00-139353-5,SPI,0.32,grams
FV4009A - Salmon with a mustard dill sauce [DKSE],REC-013579-4-002,Honey-Garlic Roasted Carrot Coins,,,"FA-DE Spice, Sea Salt /Gewürze, Meersalz",SPI-00-139378-5,SPI,0.22,grams
FV4009A - Salmon with a mustard dill sauce [DKSE],REC-013579-4-002,Honey-Garlic Roasted Carrot Coins,,,"FA-DE Spice, Black Pepper, Ground /Gewürz, schwarzer Pfeffer, gemahlen",SPI-00-139334-5,SPI,0.08,grams
FV4009A - Salmon with a mustard dill sauce [DKSE],REC-013579-4-002,Honey-Garlic Roasted Carrot Coins,,,FA-DE Honey /Honig – Masse,PRO-00-139266-5,PRO,4.25,grams
FV4009A - Salmon with a mustard dill sauce [DKSE],REC-013579-4-002,Honey-Garlic Roasted Carrot Coins,,,"FA-DE Spice, Parsley Dried /Gewürze, getrocknete Petersilie",SPI-00-139374-5,SPI,0.09,grams
FV4009A - Salmon with a mustard dill sauce [DKSE],REC-013579-4-002,Honey-Garlic Roasted Carrot Coins,,,"FA-DE Chives, Dried /Schnittlauch, getrocknet",SPI-00-139322-5,SPI,0.04,grams
FV4009A - Salmon with a mustard dill sauce [DKSE],REC-013579-4-002,Honey-Garlic Roasted Carrot Coins,,,"FA-DE Carrots, Coin Cut 5mm /Karotten, Münzschnitt 5 mm",PHF-00-139185-3,PHF,68.05,grams
FV4009A - Salmon with a mustard dill sauce [DKSE],REC-013579-4-002,Honey-Garlic Roasted Carrot Coins,,,"FA-DE Oil, Olive /Öl, Olivenöl",PRO-00-139277-5,PRO,2.12,grams
FV4009A - Salmon with a mustard dill sauce [DKSE],REC-013579-4-002,Honey-Garlic Roasted Carrot Coins,Roasted Garlic (use),,"FA-DE Garlic, Peeled, Whole Cloves [10kg] /Knoblauch, geschält, ganze Nelken [10kg]",PHF-00-139197-3,PHF,3.22,grams
FV4009A - Salmon with a mustard dill sauce [DKSE],REC-013579-4-002,Honey-Garlic Roasted Carrot Coins,Roasted Garlic (use),,"FA-DE Oil, Olive /Öl, Olivenöl",PRO-00-139277-5,PRO,2.42,grams
FV4009A - Salmon with a mustard dill sauce [DKSE],REC-013579-4-002,Sauce - Creamy Dijon and Dill Sauce,,,"FA-DE Mustard, Dijon /Senf, Dijon",PRO-00-139276-5,PRO,5.8,grams
FV4009A - Salmon with a mustard dill sauce [DKSE],REC-013579-4-002,Sauce - Creamy Dijon and Dill Sauce,,,"FA-DE Dill, Fresh/Dill, frisch",PHF-00-139200-3,PHF,0.5,grams
FV4009A - Salmon with a mustard dill sauce [DKSE],REC-013579-4-002,Sauce - Creamy Dijon and Dill Sauce,,,"FA-DE Cheese, Parmesan, Grated /Käse, Parmesan, gerieben",DAI-00-139127-3,DAI,1.42,grams
FV4009A - Salmon with a mustard dill sauce [DKSE],REC-013579-4-002,Sauce - Creamy Dijon and Dill Sauce,,,FA-DE Heavy Cream 20% /Sahne 20%,DAI-00-139137-3,DAI,28.29,grams
FV4009A - Salmon with a mustard dill sauce [DKSE],REC-013579-4-002,Sauce - Creamy Dijon and Dill Sauce,,,"FA-DE Spice, Garlic Granulated /Gewürz, Knoblauch granuliert",SPI-00-139353-5,SPI,0.28,grams
FV4009A - Salmon with a mustard dill sauce [DKSE],REC-013579-4-002,Sauce - Creamy Dijon and Dill Sauce,,,"FA-DE Spice, Black Pepper, Ground /Gewürz, schwarzer Pfeffer, gemahlen",SPI-00-139334-5,SPI,0.13,grams
FV4009A - Salmon with a mustard dill sauce [DKSE],REC-013579-4-002,Sauce - Creamy Dijon and Dill Sauce,,,"FA-DE Vinegar, White Wine /Essig, Weißwein",PRO-00-139303-5,PRO,0.28,grams
FV4009A - Salmon with a mustard dill sauce [DKSE],REC-013579-4-002,Sauce - Creamy Dijon and Dill Sauce,,,"FA-DE Onion, Spanish, Diced 5mm /Zwiebel, Spanisch, gewürfelt 5 mm",PHF-00-139212-3,PHF,2.52,grams
FV4009A - Salmon with a mustard dill sauce [DKSE],REC-013579-4-002,Sauce - Creamy Dijon and Dill Sauce,,,"FA-DE Stock, Chicken, Reduced/Brühe, Huhn, Reduziert",PRO-00-139288-5,PRO,1.13,grams
FV4009A - Salmon with a mustard dill sauce [DKSE],REC-013579-4-002,Sauce - Creamy Dijon and Dill Sauce,,,"FA-DE Spice, Mustard Seed Ground, Dry /Gewürz, Senfkörner gemahlen, Trockenmasse",SPI-00-139369-5,SPI,0.88,grams
FV4009A - Salmon with a mustard dill sauce [DKSE],REC-013579-4-002,Sauce - Creamy Dijon and Dill Sauce,,,"FA-DE Spice, Sea Salt /Gewürze, Meersalz",SPI-00-139378-5,SPI,0.1,grams
FV4009A - Salmon with a mustard dill sauce [DKSE],REC-013579-4-002,Sauce - Creamy Dijon and Dill Sauce,,,"FA-DE Garlic, IQF, Diced 4 mm /Knoblauch, IQF, gewürfelt 4 mm",PHF-00-139237-1,PHF,1.34,grams
FV4009A - Salmon with a mustard dill sauce [DKSE],REC-013579-4-002,Sauce - Creamy Dijon and Dill Sauce,,,"FA-DE Oil, Olive /Öl, Olivenöl",PRO-00-139277-5,PRO,4.38,grams
FV4009A - Salmon with a mustard dill sauce [DKSE],REC-013579-4-002,Garlic Spinach Stamppot,Mash - Horseradish Shredded Beef Mashed Potatoes,,"FA-DE Spice, Garlic Granulated /Gewürz, Knoblauch granuliert",SPI-00-139353-5,SPI,0.14,grams
FV4009A - Salmon with a mustard dill sauce [DKSE],REC-013579-4-002,Garlic Spinach Stamppot,Mash - Horseradish Shredded Beef Mashed Potatoes,Steamed Potato Batch,"FA-DE Potatoes, Diced 10mm /Kartoffeln, gewürfelt, 10 mm",PHF-00-139219-3,PHF,109.75,grams
FV4009A - Salmon with a mustard dill sauce [DKSE],REC-013579-4-002,Garlic Spinach Stamppot,Mash - Horseradish Shredded Beef Mashed Potatoes,,"FA-DE Butter, Unsalted /Butter, ungesalzen",DAI-00-139146-3,DAI,5.48,grams
FV4009A - Salmon with a mustard dill sauce [DKSE],REC-013579-4-002,Garlic Spinach Stamppot,Mash - Horseradish Shredded Beef Mashed Potatoes,,"FA-DE Spice, Sea Salt /Gewürze, Meersalz",SPI-00-139378-5,SPI,0.6,grams
FV4009A - Salmon with a mustard dill sauce [DKSE],REC-013579-4-002,Garlic Spinach Stamppot,Mash - Horseradish Shredded Beef Mashed Potatoes,,"FA-DE Milk, Whole /Milch, voll",DAI-00-139142-3,DAI,8.09,grams
FV4009A - Salmon with a mustard dill sauce [DKSE],REC-013579-4-002,Garlic Spinach Stamppot,Mash - Horseradish Shredded Beef Mashed Potatoes,,"FA-DE Spice, Onion Granulated /Gewürze, Zwiebeln granuliert",SPI-00-139370-5,SPI,0.14,grams
FV4009A - Salmon with a mustard dill sauce [DKSE],REC-013579-4-002,Garlic Spinach Stamppot,Spinach - Garlic Spinach - Frzn Spinach - less garlic,,"FA-DE Garlic, IQF, Diced 4 mm /Knoblauch, IQF, gewürfelt 4 mm",PHF-00-139237-1,PHF,0.46,grams
FV4009A - Salmon with a mustard dill sauce [DKSE],REC-013579-4-002,Garlic Spinach Stamppot,Spinach - Garlic Spinach - Frzn Spinach - less garlic,,"FA-DE Spice, Sea Salt /Gewürze, Meersalz",SPI-00-139378-5,SPI,0.08,grams
FV4009A - Salmon with a mustard dill sauce [DKSE],REC-013579-4-002,Garlic Spinach Stamppot,Spinach - Garlic Spinach - Frzn Spinach - less garlic,Thawed & Squeezed Frozen Spinach,"FA-DE Spinach, Frozen Leaf/Spinat, gefrorener Blattspinat",PHF-00-139242-1,PHF,27.06,grams
FV4009A - Salmon with a mustard dill sauce [DKSE],REC-013579-4-002,Garlic Spinach Stamppot,Spinach - Garlic Spinach - Frzn Spinach - less garlic,,"FA-DE Oil, Olive /Öl, Olivenöl",PRO-00-139277-5,PRO,1.18,grams
FV4009A - Salmon with a mustard dill sauce [DKSE],REC-013579-4-002,Salmon - garlic seasoning,,,"FA-DE Salmon, Skinless, Boneless, Filet/Lachs, ohne Haut, ohne Knochen, Filet - IQF",PTN-00-139968-1,PTN,140,grams
FV4009A - Salmon with a mustard dill sauce [DKSE],REC-013579-4-002,Salmon - garlic seasoning,,,"FA-DE Spice, Sea Salt /Gewürze, Meersalz",SPI-00-139378-5,SPI,0.42,grams
FV4009A - Salmon with a mustard dill sauce [DKSE],REC-013579-4-002,Salmon - garlic seasoning,,,"FA-DE Spice, Garlic Granulated /Gewürz, Knoblauch granuliert",SPI-00-139353-5,SPI,0.14,grams
FV4015A - Chicken ratatouille [DKSE],REC-013765-4-002,,,,"FA-DE Cheese, Mozzarella, Shredded /Käse, Mozzarella, gerieben",DAI-00-139125-3,DAI,10,grams
FV4015A - Chicken ratatouille [DKSE],REC-013765-4-002,Chicken breast - Herb Grilled Chicken Breast,Chicken Breast - BRINED 160g,,"FA-DE Chicken, Breast, B/S - 160g/Hähnchen, Brust, B/S – 160 g",PTN-00-139317-3,PTN,160,grams
FV4015A - Chicken ratatouille [DKSE],REC-013765-4-002,Chicken breast - Herb Grilled Chicken Breast,Chicken Breast - BRINED 160g,,FA-DE Water / Wasser,OTH-00-144038-5,OTH,160,grams
FV4015A - Chicken ratatouille [DKSE],REC-013765-4-002,Chicken breast - Herb Grilled Chicken Breast,Chicken Breast - BRINED 160g,,"FA-DE Spice, Sea Salt /Gewürze, Meersalz",SPI-00-139378-5,SPI,1.41,grams
FV4015A - Chicken ratatouille [DKSE],REC-013765-4-002,Chicken breast - Herb Grilled Chicken Breast,Herb marinade for Herb grilled Chicken Breast,,"FA-DE Spice, Sea Salt /Gewürze, Meersalz",SPI-00-139378-5,SPI,0.12,grams
FV4015A - Chicken ratatouille [DKSE],REC-013765-4-002,Chicken breast - Herb Grilled Chicken Breast,Herb marinade for Herb grilled Chicken Breast,,"FA-DE Spice, Italian Seasoning /Gewürze, italienische Gewürze",SPI-00-139359-5,SPI,0.12,grams
FV4015A - Chicken ratatouille [DKSE],REC-013765-4-002,Chicken breast - Herb Grilled Chicken Breast,Herb marinade for Herb grilled Chicken Breast,Roasted Garlic oil,"FA-DE Garlic, Peeled, Whole Cloves [10kg] /Knoblauch, geschält, ganze Nelken [10kg]",PHF-00-139197-3,PHF,8.29,grams
FV4015A - Chicken ratatouille [DKSE],REC-013765-4-002,Chicken breast - Herb Grilled Chicken Breast,Herb marinade for Herb grilled Chicken Breast,Roasted Garlic oil,"FA-DE Oil, Olive /Öl, Olivenöl",PRO-00-139277-5,PRO,6.22,grams
FV4015A - Chicken ratatouille [DKSE],REC-013765-4-002,Sauce - Herby Parmesan Garlic Dressing,,,"FA-DE Spice, Sea Salt /Gewürze, Meersalz",SPI-00-139378-5,SPI,0.15,grams
FV4015A - Chicken ratatouille [DKSE],REC-013765-4-002,Sauce - Herby Parmesan Garlic Dressing,,,FA-DE Sour Cream /Sauerrahm,DAI-00-139141-3,DAI,25.56,grams
FV4015A - Chicken ratatouille [DKSE],REC-013765-4-002,Sauce - Herby Parmesan Garlic Dressing,,,"FA-DE Cheese, Parmesan, Grated /Käse, Parmesan, gerieben",DAI-00-139127-3,DAI,3.65,grams
FV4015A - Chicken ratatouille [DKSE],REC-013765-4-002,Sauce - Herby Parmesan Garlic Dressing,Roasted Garlic (use),,"FA-DE Garlic, Peeled, Whole Cloves [10kg] /Knoblauch, geschält, ganze Nelken [10kg]",PHF-00-139197-3,PHF,2.21,grams
FV4015A - Chicken ratatouille [DKSE],REC-013765-4-002,Sauce - Herby Parmesan Garlic Dressing,Roasted Garlic (use),,"FA-DE Oil, Olive /Öl, Olivenöl",PRO-00-139277-5,PRO,1.66,grams
FV4015A - Chicken ratatouille [DKSE],REC-013765-4-002,Sauce - Herby Parmesan Garlic Dressing,,,"FA-DE Chives, Fresh/Schnittlauch, frisch",PHF-00-139191-3,PHF,0.72,grams
FV4015A - Chicken ratatouille [DKSE],REC-013765-4-002,Sauce - Herby Parmesan Garlic Dressing,,,"FA-DE Juice, Lemon /Saft, Zitrone",PRO-00-139265-5,PRO,0.72,grams
FV4015A - Chicken ratatouille [DKSE],REC-013765-4-002,Sauce - Herby Parmesan Garlic Dressing,,,"FA-DE Oil, Olive /Öl, Olivenöl",PRO-00-139277-5,PRO,2.57,grams
FV4015A - Chicken ratatouille [DKSE],REC-013765-4-002,Potatoes - Roasted Potato Wedges with Skin,,,"FA-DE Oil, Olive /Öl, Olivenöl",PRO-00-139277-5,PRO,5.79,grams
FV4015A - Chicken ratatouille [DKSE],REC-013765-4-002,Potatoes - Roasted Potato Wedges with Skin,,,"FA-DE Potatoes, Skin On, wedges /Kartoffeln mit Schale, Keile",PHF-00-139226-3,PHF,135.18,grams
FV4015A - Chicken ratatouille [DKSE],REC-013765-4-002,Potatoes - Roasted Potato Wedges with Skin,,,"FA-DE Spice, Sea Salt /Gewürze, Meersalz",SPI-00-139378-5,SPI,0.58,grams
FV4015A - Chicken ratatouille [DKSE],REC-013765-4-002,Mixed veg - Ratatouille Vegetable Batch,,,"FA-DE Parsley, Chopped /Petersilie, gehackt",PHF-00-139215-3,PHF,1.46,grams
FV4015A - Chicken ratatouille [DKSE],REC-013765-4-002,Mixed veg - Ratatouille Vegetable Batch,,,"FA-DE Rosemary, IQF /Rosmarin, IQF",PHF-00-139243-1,PHF,0.18,grams
FV4015A - Chicken ratatouille [DKSE],REC-013765-4-002,Mixed veg - Ratatouille Vegetable Batch,,,"FA-DE Onion, Spanish, Diced 10mm /Zwiebel, Spanisch, gewürfelt 10 mm",PHF-00-139209-3,PHF,14.22,grams
FV4015A - Chicken ratatouille [DKSE],REC-013765-4-002,Mixed veg - Ratatouille Vegetable Batch,,,"FA-DE Fennel, Diced 10mm /Fenchel, gewürfelt 10 mm",PHF-00-139196-3,PHF,6.68,grams
FV4015A - Chicken ratatouille [DKSE],REC-013765-4-002,Mixed veg - Ratatouille Vegetable Batch,Roasted Garlic oil,,"FA-DE Garlic, Peeled, Whole Cloves [10kg] /Knoblauch, geschält, ganze Nelken [10kg]",PHF-00-139197-3,PHF,4.52,grams
FV4015A - Chicken ratatouille [DKSE],REC-013765-4-002,Mixed veg - Ratatouille Vegetable Batch,Roasted Garlic oil,,"FA-DE Oil, Olive /Öl, Olivenöl",PRO-00-139277-5,PRO,3.39,grams
FV4015A - Chicken ratatouille [DKSE],REC-013765-4-002,Mixed veg - Ratatouille Vegetable Batch,,,"FA-DE Zucchini, Diced 10mm /Zucchini, gewürfelt 10 mm",PHF-00-139229-3,PHF,46.68,grams
FV4015A - Chicken ratatouille [DKSE],REC-013765-4-002,Mixed veg - Ratatouille Vegetable Batch,Basil - Picked Basil Leaves,,"FA-DE Basil, Fresh /Basilikum, frisch",PHF-00-139175-3,PHF,2.61,grams
FV4015A - Chicken ratatouille [DKSE],REC-013765-4-002,Mixed veg - Ratatouille Vegetable Batch,,,"FA-DE Tomatoes, Diced, BiB/Tomaten, gewürfelt, BiB",PRO-00-139295-5,PRO,45.04,grams
FV4015A - Chicken ratatouille [DKSE],REC-013765-4-002,Mixed veg - Ratatouille Vegetable Batch,,,FA-DE Tomato Paste /Tomatenmark,PRO-00-139292-5,PRO,8.84,grams
FV4015A - Chicken ratatouille [DKSE],REC-013765-4-002,Mixed veg - Ratatouille Vegetable Batch,,,"FA-DE Onion, Red, Diced 10mm/Zwiebeln, rot, gewürfelt, 10 mm",PHF-00-139216-3,PHF,14.22,grams
FV4015A - Chicken ratatouille [DKSE],REC-013765-4-002,Mixed veg - Ratatouille Vegetable Batch,,,"FA-DE Spice, Black Pepper, Ground /Gewürz, schwarzer Pfeffer, gemahlen",SPI-00-139334-5,SPI,0.05,grams
FV4015A - Chicken ratatouille [DKSE],REC-013765-4-002,Mixed veg - Ratatouille Vegetable Batch,,,"FA-DE Spice, Sea Salt /Gewürze, Meersalz",SPI-00-139378-5,SPI,0.77,grams
FV4015A - Chicken ratatouille [DKSE],REC-013765-4-002,Mixed veg - Ratatouille Vegetable Batch,,,"FA-DE Bell Peppers, Red, Diced 10mm /Paprika, rot, gewürfelt 10 mm",PHF-00-139179-3,PHF,26.62,grams
FV4015A - Chicken ratatouille [DKSE],REC-013765-4-002,Mixed veg - Ratatouille Vegetable Batch,,,"FA-DE Garlic, IQF, Diced 4 mm /Knoblauch, IQF, gewürfelt 4 mm",PHF-00-139237-1,PHF,4.19,grams
FV4039A - Salmon in creamy gochugaru sauce [DKSE],REC-013629-4-002,Roasted Green Onions,,,"FA-DE Onion, Green, Sliced 5mm /Zwiebel, grün, in Scheiben geschnitten, 5 mm",PHF-00-149803-3,PHF,11.76,grams
FV4039A - Salmon in creamy gochugaru sauce [DKSE],REC-013629-4-002,Tomatoes - Roasted cherry tomatoes,,,"FA-DE Tomatoes, Cherry/Tomaten, Kirsche",PHF-00-139190-3,PHF,46.58,grams
FV4039A - Salmon in creamy gochugaru sauce [DKSE],REC-013629-4-002,Tomatoes - Roasted cherry tomatoes,,,"FA-DE Spice, Sea Salt /Gewürze, Meersalz",SPI-00-139378-5,SPI,0.02,grams
FV4039A - Salmon in creamy gochugaru sauce [DKSE],REC-013629-4-002,Tomatoes - Roasted cherry tomatoes,,,"FA-DE Oil, Olive /Öl, Olivenöl",PRO-00-139277-5,PRO,0.47,grams
FV4039A - Salmon in creamy gochugaru sauce [DKSE],REC-013629-4-002,Sauce - Creamy Gochugaru Sauce,,,"FA-DE Garlic, IQF, Diced 4 mm /Knoblauch, IQF, gewürfelt 4 mm",PHF-00-139237-1,PHF,2.8,grams
FV4039A - Salmon in creamy gochugaru sauce [DKSE],REC-013629-4-002,Sauce - Creamy Gochugaru Sauce,,,"FA-DE Spice, Gochugaru Chili Pepper Flakes /Gewürz, Gochugaru-Chili-Pfefferflocken",SPI-00-139356-5,SPI,1.59,grams
FV4039A - Salmon in creamy gochugaru sauce [DKSE],REC-013629-4-002,Sauce - Creamy Gochugaru Sauce,,,"FA-DE Onion, Spanish, Diced 5mm /Zwiebel, Spanisch, gewürfelt 5 mm",PHF-00-139212-3,PHF,12.31,grams
FV4039A - Salmon in creamy gochugaru sauce [DKSE],REC-013629-4-002,Sauce - Creamy Gochugaru Sauce,,,"FA-DE Stock, Chicken, Reduced/Brühe, Huhn, Reduziert",PRO-00-139288-5,PRO,1.38,grams
FV4039A - Salmon in creamy gochugaru sauce [DKSE],REC-013629-4-002,Sauce - Creamy Gochugaru Sauce,,,"FA-DE Spice, Sea Salt /Gewürze, Meersalz",SPI-00-139378-5,SPI,0.27,grams
FV4039A - Salmon in creamy gochugaru sauce [DKSE],REC-013629-4-002,Sauce - Creamy Gochugaru Sauce,,,"FA-DE Cheese, Parmesan, Grated /Käse, Parmesan, gerieben",DAI-00-139127-3,DAI,12.31,grams
FV4039A - Salmon in creamy gochugaru sauce [DKSE],REC-013629-4-002,Sauce - Creamy Gochugaru Sauce,,,"FA-DE Oil, Olive /Öl, Olivenöl",PRO-00-139277-5,PRO,7.01,grams
FV4039A - Salmon in creamy gochugaru sauce [DKSE],REC-013629-4-002,Sauce - Creamy Gochugaru Sauce,,,FA-DE Tomato Paste /Tomatenmark,PRO-00-139292-5,PRO,2.73,grams
FV4039A - Salmon in creamy gochugaru sauce [DKSE],REC-013629-4-002,Sauce - Creamy Gochugaru Sauce,,,"FA-DE Spinach, Fresh, Stem Off /Spinat, frisch, ohne Stiel",PHF-00-139225-3,PHF,9.85,grams
FV4039A - Salmon in creamy gochugaru sauce [DKSE],REC-013629-4-002,Sauce - Creamy Gochugaru Sauce,,,FA-DE Heavy Cream 20% /Sahne 20%,DAI-00-139137-3,DAI,76.55,grams
FV4039A - Salmon in creamy gochugaru sauce [DKSE],REC-013629-4-002,Salmon - garlic seasoning,,,"FA-DE Salmon, Skinless, Boneless, Filet/Lachs, ohne Haut, ohne Knochen, Filet - IQF",PTN-00-139968-1,PTN,140,grams
FV4039A - Salmon in creamy gochugaru sauce [DKSE],REC-013629-4-002,Salmon - garlic seasoning,,,"FA-DE Spice, Sea Salt /Gewürze, Meersalz",SPI-00-139378-5,SPI,0.42,grams
FV4039A - Salmon in creamy gochugaru sauce [DKSE],REC-013629-4-002,Salmon - garlic seasoning,,,"FA-DE Spice, Garlic Granulated /Gewürz, Knoblauch granuliert",SPI-00-139353-5,SPI,0.14,grams
FV4039A - Salmon in creamy gochugaru sauce [DKSE],REC-013629-4-002,Courgette - Sesame Zucchini Noodles,,,"FA-DE Spice, Sea Salt /Gewürze, Meersalz",SPI-00-139378-5,SPI,0.73,grams
FV4039A - Salmon in creamy gochugaru sauce [DKSE],REC-013629-4-002,Courgette - Sesame Zucchini Noodles,,,"FA-DE Oil, Olive /Öl, Olivenöl",PRO-00-139277-5,PRO,4.03,grams
FV4039A - Salmon in creamy gochugaru sauce [DKSE],REC-013629-4-002,Courgette - Sesame Zucchini Noodles,,,"FA-DE Zucchini, Spiralized Noodles /Zucchini, Spiralnudeln",PHF-00-139230-3,PHF,172.76,grams
FV4039A - Salmon in creamy gochugaru sauce [DKSE],REC-013629-4-002,Courgette - Sesame Zucchini Noodles,,,"FA-DE Spice, Sesame Seed, Roasted /Gewürz, Sesamsamen, geröstet",SPI-00-139379-5,SPI,2.03,grams
FV4053A - Gochugaru Chicken [DKSE],REC-013455-4-003,Cauliflower - Chili-Garlic Cauliflower Florets,,,"FA-DE Spice, Black Pepper, Ground /Gewürz, schwarzer Pfeffer, gemahlen",SPI-00-139334-5,SPI,0.35,grams
FV4053A - Gochugaru Chicken [DKSE],REC-013455-4-003,Cauliflower - Chili-Garlic Cauliflower Florets,,,"FA-DE Spice, Sea Salt /Gewürze, Meersalz",SPI-00-139378-5,SPI,0.72,grams
FV4053A - Gochugaru Chicken [DKSE],REC-013455-4-003,Cauliflower - Chili-Garlic Cauliflower Florets,,,"FA-DE Oil, Olive /Öl, Olivenöl",PRO-00-139277-5,PRO,11,grams
FV4053A - Gochugaru Chicken [DKSE],REC-013455-4-003,Cauliflower - Chili-Garlic Cauliflower Florets,,,"FA-DE Spice, Gochugaru Chili Pepper Flakes /Gewürz, Gochugaru-Chili-Pfefferflocken",SPI-00-139356-5,SPI,0.35,grams
FV4053A - Gochugaru Chicken [DKSE],REC-013455-4-003,Cauliflower - Chili-Garlic Cauliflower Florets,,,"FA-DE Cauliflower, Florets /Blumenkohl, Röschen",PHF-00-143426-3,PHF,150.94,grams
FV4053A - Gochugaru Chicken [DKSE],REC-013455-4-003,Cauliflower - Chili-Garlic Cauliflower Florets,,,"FA-DE Spice, Onion Powder, Toasted /Gewürze, Zwiebelpulver, geröstet",SPI-00-139371-5,SPI,0.35,grams
FV4053A - Gochugaru Chicken [DKSE],REC-013455-4-003,Cauliflower - Chili-Garlic Cauliflower Florets,,,"FA-DE Garlic, IQF, Diced 4 mm /Knoblauch, IQF, gewürfelt 4 mm",PHF-00-139237-1,PHF,5.01,grams
FV4053A - Gochugaru Chicken [DKSE],REC-013455-4-003,Diced Chicken - Garlic & Herb Marinade,Chicken CHUNKS - BRINED,,"FA-DE Chicken Breast, Chunked, Boneless Skinless /Hähnchenbrust, in Stücken, ohne Knochen und ohne Haut",PTN-00-139314-3,PTN,127.87,grams
FV4053A - Gochugaru Chicken [DKSE],REC-013455-4-003,Diced Chicken - Garlic & Herb Marinade,Chicken CHUNKS - BRINED,,"FA-DE Spice, Sea Salt /Gewürze, Meersalz",SPI-00-139378-5,SPI,1.13,grams
FV4053A - Gochugaru Chicken [DKSE],REC-013455-4-003,Diced Chicken - Garlic & Herb Marinade,Chicken CHUNKS - BRINED,,FA-DE Water / Wasser,OTH-00-144038-5,OTH,127.87,grams
FV4053A - Gochugaru Chicken [DKSE],REC-013455-4-003,Diced Chicken - Garlic & Herb Marinade,Mod Marinade #4 - Garlic and Herb,,"FA-DE Vinegar, Red Wine /Essig, Rotwein",PRO-00-139301-5,PRO,0.81,grams
FV4053A - Gochugaru Chicken [DKSE],REC-013455-4-003,Diced Chicken - Garlic & Herb Marinade,Mod Marinade #4 - Garlic and Herb,,"FA-DE Spice, Black Pepper, Ground /Gewürz, schwarzer Pfeffer, gemahlen",SPI-00-139334-5,SPI,0.05,grams
FV4053A - Gochugaru Chicken [DKSE],REC-013455-4-003,Diced Chicken - Garlic & Herb Marinade,Mod Marinade #4 - Garlic and Herb,,"FA-DE Garlic, IQF, Diced 4 mm /Knoblauch, IQF, gewürfelt 4 mm",PHF-00-139237-1,PHF,0.81,grams
FV4053A - Gochugaru Chicken [DKSE],REC-013455-4-003,Diced Chicken - Garlic & Herb Marinade,Mod Marinade #4 - Garlic and Herb,,"FA-DE Oil, Olive /Öl, Olivenöl",PRO-00-139277-5,PRO,2.42,grams
FV4053A - Gochugaru Chicken [DKSE],REC-013455-4-003,Diced Chicken - Garlic & Herb Marinade,Mod Marinade #4 - Garlic and Herb,,"FA-DE Spice, Sea Salt /Gewürze, Meersalz",SPI-00-139378-5,SPI,0.09,grams
FV4053A - Gochugaru Chicken [DKSE],REC-013455-4-003,Diced Chicken - Garlic & Herb Marinade,Mod Marinade #4 - Garlic and Herb,,"FA-DE Spice, Parsley Dried /Gewürze, getrocknete Petersilie",SPI-00-139374-5,SPI,0.12,grams
FV4053A - Gochugaru Chicken [DKSE],REC-013455-4-003,Diced Chicken - Garlic & Herb Marinade,Mod Marinade #4 - Garlic and Herb,,"FA-DE Spice, Garlic Granulated /Gewürz, Knoblauch granuliert",SPI-00-139353-5,SPI,0.19,grams
FV4053A - Gochugaru Chicken [DKSE],REC-013455-4-003,Sauce - Creamy Gochugaru Sauce,,,"FA-DE Garlic, IQF, Diced 4 mm /Knoblauch, IQF, gewürfelt 4 mm",PHF-00-139237-1,PHF,2.8,grams
FV4053A - Gochugaru Chicken [DKSE],REC-013455-4-003,Sauce - Creamy Gochugaru Sauce,,,"FA-DE Spice, Gochugaru Chili Pepper Flakes /Gewürz, Gochugaru-Chili-Pfefferflocken",SPI-00-139356-5,SPI,1.59,grams
FV4053A - Gochugaru Chicken [DKSE],REC-013455-4-003,Sauce - Creamy Gochugaru Sauce,,,"FA-DE Onion, Spanish, Diced 5mm /Zwiebel, Spanisch, gewürfelt 5 mm",PHF-00-139212-3,PHF,12.31,grams
FV4053A - Gochugaru Chicken [DKSE],REC-013455-4-003,Sauce - Creamy Gochugaru Sauce,,,"FA-DE Stock, Chicken, Reduced/Brühe, Huhn, Reduziert",PRO-00-139288-5,PRO,1.38,grams
FV4053A - Gochugaru Chicken [DKSE],REC-013455-4-003,Sauce - Creamy Gochugaru Sauce,,,"FA-DE Spice, Sea Salt /Gewürze, Meersalz",SPI-00-139378-5,SPI,0.27,grams
FV4053A - Gochugaru Chicken [DKSE],REC-013455-4-003,Sauce - Creamy Gochugaru Sauce,,,"FA-DE Cheese, Parmesan, Grated /Käse, Parmesan, gerieben",DAI-00-139127-3,DAI,12.31,grams
FV4053A - Gochugaru Chicken [DKSE],REC-013455-4-003,Sauce - Creamy Gochugaru Sauce,,,"FA-DE Oil, Olive /Öl, Olivenöl",PRO-00-139277-5,PRO,7.01,grams
FV4053A - Gochugaru Chicken [DKSE],REC-013455-4-003,Sauce - Creamy Gochugaru Sauce,,,FA-DE Tomato Paste /Tomatenmark,PRO-00-139292-5,PRO,2.73,grams
FV4053A - Gochugaru Chicken [DKSE],REC-013455-4-003,Sauce - Creamy Gochugaru Sauce,,,"FA-DE Spinach, Fresh, Stem Off /Spinat, frisch, ohne Stiel",PHF-00-139225-3,PHF,9.85,grams
FV4053A - Gochugaru Chicken [DKSE],REC-013455-4-003,Sauce - Creamy Gochugaru Sauce,,,FA-DE Heavy Cream 20% /Sahne 20%,DAI-00-139137-3,DAI,76.55,grams
FV4053A - Gochugaru Chicken [DKSE],REC-013455-4-003,Roasted Green Onions,,,"FA-DE Onion, Green, Sliced 5mm /Zwiebel, grün, in Scheiben geschnitten, 5 mm",PHF-00-149803-3,PHF,17.65,grams
FV4053A - Gochugaru Chicken [DKSE],REC-013455-4-003,,,,"FA-DE Cheese, Mozzarella, Shredded /Käse, Mozzarella, gerieben",DAI-00-139125-3,DAI,15,grams
FV4063A - Cheddar Pulled Beef  [DKSE],REC-014036-4-003,Mac n Cheese Sauce - chili cheddar,,,"FA-DE Cheese, Red Cheddar/Käse, Roter Cheddar",DAI-00-139129-3,DAI,38.47,grams
FV4063A - Cheddar Pulled Beef  [DKSE],REC-014036-4-003,Mac n Cheese Sauce - chili cheddar,,,"FA-DE Spice, Ancho Chili Powder /Gewürz, Ancho-Chili-Pulver",SPI-00-139329-5,SPI,0.15,grams
FV4063A - Cheddar Pulled Beef  [DKSE],REC-014036-4-003,Mac n Cheese Sauce - chili cheddar,,,"FA-DE Spice, Smoked Paprika /Gewürz, geräucherter Paprika",SPI-00-139383-5,SPI,0.07,grams
FV4063A - Cheddar Pulled Beef  [DKSE],REC-014036-4-003,Mac n Cheese Sauce - chili cheddar,,,"FA-DE Cheese, Cream 22% Fat /Käse, Sahne 22% Fett",DAI-00-139128-3,DAI,23.68,grams
FV4063A - Cheddar Pulled Beef  [DKSE],REC-014036-4-003,Mac n Cheese Sauce - chili cheddar,,,"FA-DE Cheese, Parmesan, Grated /Käse, Parmesan, gerieben",DAI-00-139127-3,DAI,1.85,grams
FV4063A - Cheddar Pulled Beef  [DKSE],REC-014036-4-003,Mac n Cheese Sauce - chili cheddar,,,"FA-DE Spice, Onion Granulated /Gewürze, Zwiebeln granuliert",SPI-00-139370-5,SPI,0.37,grams
FV4063A - Cheddar Pulled Beef  [DKSE],REC-014036-4-003,Mac n Cheese Sauce - chili cheddar,,,"FA-DE Spice, Garlic Granulated /Gewürz, Knoblauch granuliert",SPI-00-139353-5,SPI,0.37,grams
FV4063A - Cheddar Pulled Beef  [DKSE],REC-014036-4-003,Mac n Cheese Sauce - chili cheddar,,,"FA-DE Spice, Sea Salt /Gewürze, Meersalz",SPI-00-139378-5,SPI,0.12,grams
FV4063A - Cheddar Pulled Beef  [DKSE],REC-014036-4-003,Mac n Cheese Sauce - chili cheddar,,,"FA-DE Spice, Cumin Ground /Gewürz, gemahlener Kreuzkümmel",SPI-00-139345-5,SPI,0.15,grams
FV4063A - Cheddar Pulled Beef  [DKSE],REC-014036-4-003,Mac n Cheese Sauce - chili cheddar,,,FA-DE Heavy Cream 35% /Sahne 35%,DAI-00-148167-3,DAI,11.84,grams
FV4063A - Cheddar Pulled Beef  [DKSE],REC-014036-4-003,Mac n Cheese Sauce - chili cheddar,,,"FA-DE Milk, Whole /Milch, voll",DAI-00-139142-3,DAI,23.68,grams
FV4063A - Cheddar Pulled Beef  [DKSE],REC-014036-4-003,Smoky Cauliflower Florets,,,"FA-DE Spice, Garlic Granulated /Gewürz, Knoblauch granuliert",SPI-00-139353-5,SPI,0.41,grams
FV4063A - Cheddar Pulled Beef  [DKSE],REC-014036-4-003,Smoky Cauliflower Florets,,,"FA-DE Spice, Chili Powder /Gewürz, Chilipulver",SPI-00-139340-5,SPI,0.25,grams
FV4063A - Cheddar Pulled Beef  [DKSE],REC-014036-4-003,Smoky Cauliflower Florets,,,"FA-DE Cauliflower, Florets /Blumenkohl, Röschen",PHF-00-143426-3,PHF,136.39,grams
FV4063A - Cheddar Pulled Beef  [DKSE],REC-014036-4-003,Smoky Cauliflower Florets,,,"FA-DE Spice, Sea Salt /Gewürze, Meersalz",SPI-00-139378-5,SPI,0.5,grams
FV4063A - Cheddar Pulled Beef  [DKSE],REC-014036-4-003,Smoky Cauliflower Florets,,,"FA-DE Oil, Olive /Öl, Olivenöl",PRO-00-139277-5,PRO,7.59,grams
FV4063A - Cheddar Pulled Beef  [DKSE],REC-014036-4-003,Smoky Cauliflower Florets,,,"FA-DE Spice, Cumin Ground /Gewürz, gemahlener Kreuzkümmel",SPI-00-139345-5,SPI,0.21,grams
FV4063A - Cheddar Pulled Beef  [DKSE],REC-014036-4-003,Smoky Cauliflower Florets,,,"FA-DE Spice, Ancho Chili Powder /Gewürz, Ancho-Chili-Pulver",SPI-00-139329-5,SPI,0.21,grams
FV4063A - Cheddar Pulled Beef  [DKSE],REC-014036-4-003,Smoky Cauliflower Florets,,,"FA-DE Spice, Onion Granulated /Gewürze, Zwiebeln granuliert",SPI-00-139370-5,SPI,0.41,grams
FV4063A - Cheddar Pulled Beef  [DKSE],REC-014036-4-003,,,,"FA-DE Cheese, White Cheddar, Shredded /Käse, weißer Cheddar, gerieben",DAI-00-139135-3,DAI,10,grams
FV4063A - Cheddar Pulled Beef  [DKSE],REC-014036-4-003,Shredded Sous Vide Beef Chuck,,,"FA-DE Beef, Pulled, Sous Vide/Rindfleisch, Pulled, Sous Vide",PTN-00-139315-3,PTN,100.76,grams
FV4063A - Cheddar Pulled Beef  [DKSE],REC-014036-4-003,Mixed veg - Italian Peppers & Onions,,,"FA-DE Bell Peppers, Green, Sliced 10mm /Paprika, grün, in Scheiben geschnitten, 10 mm",PHF-00-139180-3,PHF,30.42,grams
FV4063A - Cheddar Pulled Beef  [DKSE],REC-014036-4-003,Mixed veg - Italian Peppers & Onions,,,"FA-DE Spice, Black Pepper, Ground /Gewürz, schwarzer Pfeffer, gemahlen",SPI-00-139334-5,SPI,0.13,grams
FV4063A - Cheddar Pulled Beef  [DKSE],REC-014036-4-003,Mixed veg - Italian Peppers & Onions,,,"FA-DE Spice, Italian Seasoning /Gewürze, italienische Gewürze",SPI-00-139359-5,SPI,0.23,grams
FV4063A - Cheddar Pulled Beef  [DKSE],REC-014036-4-003,Mixed veg - Italian Peppers & Onions,,,"FA-DE Onion, Red, Sliced 5mm /Zwiebeln, rot, geschnitten 5 mm",PHF-00-139214-3,PHF,21.73,grams
FV4063A - Cheddar Pulled Beef  [DKSE],REC-014036-4-003,Mixed veg - Italian Peppers & Onions,,,"FA-DE Bell Peppers, Red, Sliced 10mm /Paprika, rot, in Scheiben geschnitten, 10 mm",PHF-00-139183-3,PHF,30.42,grams
FV4063A - Cheddar Pulled Beef  [DKSE],REC-014036-4-003,Mixed veg - Italian Peppers & Onions,,,"FA-DE Spice, Garlic Powder, Toasted /Gewürz, Knoblauchpulver, geröstet",SPI-00-139354-5,SPI,0.33,grams
FV4063A - Cheddar Pulled Beef  [DKSE],REC-014036-4-003,Mixed veg - Italian Peppers & Onions,,,"FA-DE Spice, Sea Salt /Gewürze, Meersalz",SPI-00-139378-5,SPI,0.13,grams
FV4063A - Cheddar Pulled Beef  [DKSE],REC-014036-4-003,Mixed veg - Italian Peppers & Onions,,,"FA-DE Oil, Olive /Öl, Olivenöl",PRO-00-139277-5,PRO,4.08,grams
FV4064A - Ginger Garlic Grilled Chicken [DKSE],REC-016335-4-003,Broccoli - Sesame Broccoli,,,"FA-DE Oil, Sesame Seed, Toasted /Öl, Sesamsamen, geröstet",PRO-00-139280-5,PRO,9.25,grams
FV4064A - Ginger Garlic Grilled Chicken [DKSE],REC-016335-4-003,Broccoli - Sesame Broccoli,,,"FA-DE Spice, Sesame Seed, Roasted /Gewürz, Sesamsamen, geröstet",SPI-00-139379-5,SPI,1.94,grams
FV4064A - Ginger Garlic Grilled Chicken [DKSE],REC-016335-4-003,Broccoli - Sesame Broccoli,Roasted Garlic (use),,"FA-DE Garlic, Peeled, Whole Cloves [10kg] /Knoblauch, geschält, ganze Nelken [10kg]",PHF-00-139197-3,PHF,7.37,grams
FV4064A - Ginger Garlic Grilled Chicken [DKSE],REC-016335-4-003,Broccoli - Sesame Broccoli,Roasted Garlic (use),,"FA-DE Oil, Olive /Öl, Olivenöl",PRO-00-139277-5,PRO,5.53,grams
FV4064A - Ginger Garlic Grilled Chicken [DKSE],REC-016335-4-003,Broccoli - Sesame Broccoli,,,"FA-DE Spice, Sea Salt /Gewürze, Meersalz",SPI-00-139378-5,SPI,0.58,grams
FV4064A - Ginger Garlic Grilled Chicken [DKSE],REC-016335-4-003,Broccoli - Sesame Broccoli,,,"FA-DE Broccoli, Florets, /Brokkoli, Röschen",PHF-00-143425-3,PHF,134.19,grams
FV4064A - Ginger Garlic Grilled Chicken [DKSE],REC-016335-4-003,Grilled Chicken Breast Marinade #6 - Asian (EACH),Chicken Breast - BRINED 160g,,"FA-DE Chicken, Breast, B/S - 160g/Hähnchen, Brust, B/S – 160 g",PTN-00-139317-3,PTN,160,grams
FV4064A - Ginger Garlic Grilled Chicken [DKSE],REC-016335-4-003,Grilled Chicken Breast Marinade #6 - Asian (EACH),Chicken Breast - BRINED 160g,,FA-DE Water / Wasser,OTH-00-144038-5,OTH,160,grams
FV4064A - Ginger Garlic Grilled Chicken [DKSE],REC-016335-4-003,Grilled Chicken Breast Marinade #6 - Asian (EACH),Chicken Breast - BRINED 160g,,"FA-DE Spice, Sea Salt /Gewürze, Meersalz",SPI-00-139378-5,SPI,1.41,grams
FV4064A - Ginger Garlic Grilled Chicken [DKSE],REC-016335-4-003,Grilled Chicken Breast Marinade #6 - Asian (EACH),Mod Marinade #6 - Asian,,FA-DE Honey /Honig – Masse,PRO-00-139266-5,PRO,0.54,grams
FV4064A - Ginger Garlic Grilled Chicken [DKSE],REC-016335-4-003,Grilled Chicken Breast Marinade #6 - Asian (EACH),Mod Marinade #6 - Asian,,"FA-DE Spice, Gochugaru Chili Pepper Flakes /Gewürz, Gochugaru-Chili-Pfefferflocken",SPI-00-139356-5,SPI,0,grams
FV4064A - Ginger Garlic Grilled Chicken [DKSE],REC-016335-4-003,Grilled Chicken Breast Marinade #6 - Asian (EACH),Mod Marinade #6 - Asian,,"FA-DE Garlic, IQF, Diced 4 mm /Knoblauch, IQF, gewürfelt 4 mm",PHF-00-139237-1,PHF,0.86,grams
FV4064A - Ginger Garlic Grilled Chicken [DKSE],REC-016335-4-003,Grilled Chicken Breast Marinade #6 - Asian (EACH),Mod Marinade #6 - Asian,,"FA-DE Oil, Olive /Öl, Olivenöl",PRO-00-139277-5,PRO,0.86,grams
FV4064A - Ginger Garlic Grilled Chicken [DKSE],REC-016335-4-003,Grilled Chicken Breast Marinade #6 - Asian (EACH),Mod Marinade #6 - Asian,,"FA-DE Tamari, Reduced Sodium Soy Sauce /Tamari, natriumreduzierte Sojasauce",PRO-00-139291-5,PRO,0.54,grams
FV4064A - Ginger Garlic Grilled Chicken [DKSE],REC-016335-4-003,Grilled Chicken Breast Marinade #6 - Asian (EACH),Mod Marinade #6 - Asian,,"FA-DE Ginger, IQF, Diced 4 mm /Ingwer, IQF, gewürfelt 4 mm",PHF-00-139238-1,PHF,0.64,grams
FV4064A - Ginger Garlic Grilled Chicken [DKSE],REC-016335-4-003,Grilled Chicken Breast Marinade #6 - Asian (EACH),Mod Marinade #6 - Asian,,"FA-DE Oil, Sesame Seed, Toasted /Öl, Sesamsamen, geröstet",PRO-00-139280-5,PRO,0.86,grams
FV4064A - Ginger Garlic Grilled Chicken [DKSE],REC-016335-4-003,Grilled Chicken Breast Marinade #6 - Asian (EACH),Mod Marinade #6 - Asian,,"FA-DE Spice, Sea Salt /Gewürze, Meersalz",SPI-00-139378-5,SPI,0.01,grams
FV4064A - Ginger Garlic Grilled Chicken [DKSE],REC-016335-4-003,Grilled Chicken Breast Marinade #6 - Asian (EACH),Mod Marinade #6 - Asian,,"FA-DE Onion, Green, Sliced 5mm /Zwiebel, grün, in Scheiben geschnitten, 5 mm",PHF-00-149803-3,PHF,0.86,grams
FV4064A - Ginger Garlic Grilled Chicken [DKSE],REC-016335-4-003,Grilled Chicken Breast Marinade #6 - Asian (EACH),Mod Marinade #6 - Asian,,"FA-DE Spice, White Pepper /Gewürz, weißer Pfeffer",SPI-00-139387-5,SPI,0.03,grams
FV4064A - Ginger Garlic Grilled Chicken [DKSE],REC-016335-4-003,Grilled Chicken Breast Marinade #6 - Asian (EACH),Mod Marinade #6 - Asian,,"FA-DE Vinegar, Rice /Essig, Reis",PRO-00-139300-5,PRO,0.21,grams
FV4064A - Ginger Garlic Grilled Chicken [DKSE],REC-016335-4-003,Teriyaki Sauce,Xanthan/Tapioca Slurry,,FA-DE Water / Wasser,OTH-00-144038-5,OTH,1.63,grams
FV4064A - Ginger Garlic Grilled Chicken [DKSE],REC-016335-4-003,Teriyaki Sauce,Xanthan/Tapioca Slurry,,"FA-DE Gum, Xanthan /Gummi, Xanthan",DRY-00-139153-5,DRY,0,grams
FV4064A - Ginger Garlic Grilled Chicken [DKSE],REC-016335-4-003,Teriyaki Sauce,Xanthan/Tapioca Slurry,,"FA-DE Starch, Tapioca /Stärke, Tapioka",DRY-00-139170-5,DRY,0.54,grams
FV4064A - Ginger Garlic Grilled Chicken [DKSE],REC-016335-4-003,Teriyaki Sauce,,,"FA-DE Spice, Ginger Ground /Gewürze, gemahlener Ingwer",SPI-00-139355-5,SPI,0.22,grams
FV4064A - Ginger Garlic Grilled Chicken [DKSE],REC-016335-4-003,Teriyaki Sauce,,,"FA-DE Tamari, Reduced Sodium Soy Sauce /Tamari, natriumreduzierte Sojasauce",PRO-00-139291-5,PRO,5.33,grams
FV4064A - Ginger Garlic Grilled Chicken [DKSE],REC-016335-4-003,Teriyaki Sauce,,,"FA-DE Oil, Sesame Seed, Toasted /Öl, Sesamsamen, geröstet",PRO-00-139280-5,PRO,3.63,grams
FV4064A - Ginger Garlic Grilled Chicken [DKSE],REC-016335-4-003,Teriyaki Sauce,,,"FA-DE Spice, Onion Granulated /Gewürze, Zwiebeln granuliert",SPI-00-139370-5,SPI,0.36,grams
FV4064A - Ginger Garlic Grilled Chicken [DKSE],REC-016335-4-003,Teriyaki Sauce,,,"FA-DE Sugar, Coconut /Zucker, Kokosnuss",DRY-00-139171-5,DRY,3.63,grams
FV4064A - Ginger Garlic Grilled Chicken [DKSE],REC-016335-4-003,Teriyaki Sauce,,,"FA-DE Vinegar, Rice /Essig, Reis",PRO-00-139300-5,PRO,1.45,grams
FV4064A - Ginger Garlic Grilled Chicken [DKSE],REC-016335-4-003,Teriyaki Sauce,,,"FA-DE Juice, Orange /Saft, Orange",PRO-00-139267-5,PRO,7.26,grams
FV4064A - Ginger Garlic Grilled Chicken [DKSE],REC-016335-4-003,Teriyaki Sauce,,,FA-DE Honey /Honig – Masse,PRO-00-139266-5,PRO,3.63,grams
FV4064A - Ginger Garlic Grilled Chicken [DKSE],REC-016335-4-003,Teriyaki Sauce,,,FA-DE Water / Wasser,OTH-00-144038-5,OTH,5.58,grams
FV4064A - Ginger Garlic Grilled Chicken [DKSE],REC-016335-4-003,Teriyaki Sauce,,,"FA-DE Spice, Garlic Granulated /Gewürz, Knoblauch granuliert",SPI-00-139353-5,SPI,0.22,grams
FV4064A - Ginger Garlic Grilled Chicken [DKSE],REC-016335-4-003,,,,"FA-DE Spice, Sesame Seed, Roasted /Gewürz, Sesamsamen, geröstet",SPI-00-139379-5,SPI,3,grams
FV4064A - Ginger Garlic Grilled Chicken [DKSE],REC-016335-4-003,Brown Basmati Rice with GGS,,,"FA-DE Ginger, IQF, Diced 4 mm /Ingwer, IQF, gewürfelt 4 mm",PHF-00-139238-1,PHF,3.33,grams
FV4064A - Ginger Garlic Grilled Chicken [DKSE],REC-016335-4-003,Brown Basmati Rice with GGS,,,"FA-DE Garlic, IQF, Diced 4 mm /Knoblauch, IQF, gewürfelt 4 mm",PHF-00-139237-1,PHF,3.33,grams
FV4064A - Ginger Garlic Grilled Chicken [DKSE],REC-016335-4-003,Brown Basmati Rice with GGS,,,"FA-DE Rice, Basmati, Brown /Reis, Basmati, braun",DRY-00-139168-5,DRY,39.37,grams
FV4064A - Ginger Garlic Grilled Chicken [DKSE],REC-016335-4-003,Brown Basmati Rice with GGS,,,"FA-DE Onion, Green, Sliced 5mm /Zwiebel, grün, in Scheiben geschnitten, 5 mm",PHF-00-149803-3,PHF,3.33,grams
FV4064A - Ginger Garlic Grilled Chicken [DKSE],REC-016335-4-003,Brown Basmati Rice with GGS,,,FA-DE Water / Wasser,OTH-00-144038-5,OTH,58.25,grams
FV4064A - Ginger Garlic Grilled Chicken [DKSE],REC-016335-4-003,Brown Basmati Rice with GGS,,,"FA-DE Spice, Sea Salt /Gewürze, Meersalz",SPI-00-139378-5,SPI,0.23,grams
FV4064A - Ginger Garlic Grilled Chicken [DKSE],REC-016335-4-003,Edamame Succotash,,,"FA-DE Spice, Garlic Granulated /Gewürz, Knoblauch granuliert",SPI-00-139353-5,SPI,0.2,grams
FV4064A - Ginger Garlic Grilled Chicken [DKSE],REC-016335-4-003,Edamame Succotash,,,"FA-DE Oil, Sesame Seed, Toasted /Öl, Sesamsamen, geröstet",PRO-00-139280-5,PRO,0.68,grams
FV4064A - Ginger Garlic Grilled Chicken [DKSE],REC-016335-4-003,Edamame Succotash,,,"FA-DE Bell Peppers, Red, Diced 10mm /Paprika, rot, gewürfelt 10 mm",PHF-00-139179-3,PHF,11.57,grams
FV4064A - Ginger Garlic Grilled Chicken [DKSE],REC-016335-4-003,Edamame Succotash,,,"FA-DE Onion, Red, Diced 10mm/Zwiebeln, rot, gewürfelt, 10 mm",PHF-00-139216-3,PHF,4.58,grams
FV4064A - Ginger Garlic Grilled Chicken [DKSE],REC-016335-4-003,Edamame Succotash,,,"FA-DE Edamame, Soy /Edamame, Soja",PHF-00-139195-3,PHF,55.88,grams
FV4064A - Ginger Garlic Grilled Chicken [DKSE],REC-016335-4-003,Edamame Succotash,,,"FA-DE Garlic, IQF, Diced 4 mm /Knoblauch, IQF, gewürfelt 4 mm",PHF-00-139237-1,PHF,1.21,grams
FV4064A - Ginger Garlic Grilled Chicken [DKSE],REC-016335-4-003,Edamame Succotash,,,"FA-DE Bell Peppers, Green, Diced 10mm /Paprika, grün, gewürfelt 10 mm",PHF-00-139176-3,PHF,13.86,grams
FV4064A - Ginger Garlic Grilled Chicken [DKSE],REC-016335-4-003,Edamame Succotash,,,"FA-DE Spice, Black Pepper, Ground /Gewürz, schwarzer Pfeffer, gemahlen",SPI-00-139334-5,SPI,0.1,grams
FV4064A - Ginger Garlic Grilled Chicken [DKSE],REC-016335-4-003,Edamame Succotash,,,"FA-DE Tamari, Reduced Sodium Soy Sauce /Tamari, natriumreduzierte Sojasauce",PRO-00-139291-5,PRO,0.17,grams
FV4064A - Ginger Garlic Grilled Chicken [DKSE],REC-016335-4-003,Edamame Succotash,,,"FA-DE Spice, Sea Salt /Gewürze, Meersalz",SPI-00-139378-5,SPI,0.11,grams
FV4064A - Ginger Garlic Grilled Chicken [DKSE],REC-016335-4-003,Edamame Succotash,,,"FA-DE Ginger, IQF, Diced 4 mm /Ingwer, IQF, gewürfelt 4 mm",PHF-00-139238-1,PHF,1.15,grams
FV4064A - Ginger Garlic Grilled Chicken [DKSE],REC-016335-4-003,Edamame Succotash,,,"FA-DE Coriander, Chopped /Koriander, gehackt",PHF-00-139192-3,PHF,0.46,grams
