Recipe Name,Recipe Code,Sub-Recipe 1 Name,Sub-Recipe 2 Name,Sub-Recipe 3 Name,Ingredient,Ingredient ID,Ingredient Category,Gross Quantity,UOM
Bacon Chicken Casserole,SUB-013488-4-001,Bacon Chicken Casserole Cheese Sauce,,,"FA-DE Cheese, Cream, 13% Fat (Milk) /Käse, Sahne, 13% Fett",DAI-00-139122-3,DAI,7.93,grams
Bacon Chicken Casserole,SUB-013488-4-001,Bacon Chicken Casserole Cheese Sauce,,,"FA-DE Stock, Chicken, Reduced/Brühe, Huhn, Reduziert",PRO-00-139288-5,PRO,0.33,grams
Bacon Chicken Casserole,SUB-013488-4-001,Bacon Chicken Casserole Cheese Sauce,,,"FA-DE Onion, Spanish, Diced 5mm /Zwiebel, Spanisch, gewürfelt 5 mm",PHF-00-139212-3,PHF,4.72,grams
Bacon Chicken Casserole,SUB-013488-4-001,Bacon Chicken Casserole Cheese Sauce,,,FA-DE Water / Wasser,OTH-00-144038-5,OTH,15.33,grams
Bacon Chicken Casserole,SUB-013488-4-001,Bacon Chicken Casserole Cheese Sauce,,,"FA-DE Cheese, White Cheddar, Shredded /Käse, weißer Cheddar, gerieben",DAI-00-139135-3,DAI,16.51,grams
Bacon Chicken Casserole,SUB-013488-4-001,Bacon Chicken Casserole Cheese Sauce,,,"FA-DE Garlic, IQF, Diced 4 mm /Knoblauch, IQF, gewürfelt 4 mm",PHF-00-139237-1,PHF,1.83,grams
Bacon Chicken Casserole,SUB-013488-4-001,Bacon Chicken Casserole Cheese Sauce,,,"FA-DE Cheese, Mozzarella, Shredded /Käse, Mozzarella, gerieben",DAI-00-139125-3,DAI,18.34,grams
Bacon Chicken Casserole,SUB-013488-4-001,Bacon Chicken Casserole Cheese Sauce,,,"FA-DE Oil, Olive /Öl, Olivenöl",PRO-00-139277-5,PRO,6.68,grams
Bacon Chicken Casserole,SUB-013488-4-001,Thawed & Squeezed Frozen Spinach,,,"FA-DE Spinach, Frozen Leaf/Spinat, gefrorener Blattspinat",PHF-00-139242-1,PHF,27.47,grams
Bacon Chicken Casserole,SUB-013488-4-001,Shredded Ranch Chicken (Loaded Bacon & Spinach),DRY Ranch Seasoning,,"FA-DE Chives, Dried /Schnittlauch, getrocknet",SPI-00-139322-5,SPI,0.15,grams
Bacon Chicken Casserole,SUB-013488-4-001,Shredded Ranch Chicken (Loaded Bacon & Spinach),DRY Ranch Seasoning,,"FA-DE Spice, Onion Granulated /Gewürze, Zwiebeln granuliert",SPI-00-139370-5,SPI,0.41,grams
Bacon Chicken Casserole,SUB-013488-4-001,Shredded Ranch Chicken (Loaded Bacon & Spinach),DRY Ranch Seasoning,,"FA-DE Spice, Buttermilk Powder/Gewürz, Buttermilchpulver",SPI-00-151139-5,SPI,2.24,grams
Bacon Chicken Casserole,SUB-013488-4-001,Shredded Ranch Chicken (Loaded Bacon & Spinach),DRY Ranch Seasoning,,"FA-DE Spice, Parsley Dried /Gewürze, getrocknete Petersilie",SPI-00-139374-5,SPI,0.06,grams
Bacon Chicken Casserole,SUB-013488-4-001,Shredded Ranch Chicken (Loaded Bacon & Spinach),DRY Ranch Seasoning,,"FA-DE Spice, Garlic Granulated /Gewürz, Knoblauch granuliert",SPI-00-139353-5,SPI,0.47,grams
Bacon Chicken Casserole,SUB-013488-4-001,Shredded Ranch Chicken (Loaded Bacon & Spinach),DRY Ranch Seasoning,,"FA-DE Spice, Black Pepper, Ground /Gewürz, schwarzer Pfeffer, gemahlen",SPI-00-139334-5,SPI,0.24,grams
Bacon Chicken Casserole,SUB-013488-4-001,Shredded Ranch Chicken (Loaded Bacon & Spinach),DRY Ranch Seasoning,,"FA-DE Spice, Dill Dried /Gewürz, Dill getrocknet",SPI-00-139349-5,SPI,0.15,grams
Bacon Chicken Casserole,SUB-013488-4-001,Shredded Ranch Chicken (Loaded Bacon & Spinach),Chicken Thighs - BRINED,,"FA-DE Spice, Sea Salt /Gewürze, Meersalz",SPI-00-139378-5,SPI,1.06,grams
Bacon Chicken Casserole,SUB-013488-4-001,Shredded Ranch Chicken (Loaded Bacon & Spinach),Chicken Thighs - BRINED,,"FA-DE Chicken, Thighs, Boneless Skinless /Hähnchen, Oberschenkel, ohne Knochen und ohne Haut",PTN-00-139343-3,PTN,120.56,grams
Bacon Chicken Casserole,SUB-013488-4-001,Shredded Ranch Chicken (Loaded Bacon & Spinach),Chicken Thighs - BRINED,,FA-DE Water / Wasser,OTH-00-144038-5,OTH,120.56,grams
Bacon Chicken Casserole,SUB-013488-4-001,Shredded Ranch Chicken (Loaded Bacon & Spinach),,,"FA-DE Oil, Olive /Öl, Olivenöl",PRO-00-139277-5,PRO,7.53,grams
Bacon Chicken Casserole Cheese Sauce,SUB-013483-4-001,,,,"FA-DE Cheese, Cream, 13% Fat (Milk) /Käse, Sahne, 13% Fett",DAI-00-139122-3,DAI,7.93,grams
Bacon Chicken Casserole Cheese Sauce,SUB-013483-4-001,,,,"FA-DE Stock, Chicken, Reduced/Brühe, Huhn, Reduziert",PRO-00-139288-5,PRO,0.33,grams
Bacon Chicken Casserole Cheese Sauce,SUB-013483-4-001,,,,"FA-DE Onion, Spanish, Diced 5mm /Zwiebel, Spanisch, gewürfelt 5 mm",PHF-00-139212-3,PHF,4.72,grams
Bacon Chicken Casserole Cheese Sauce,SUB-013483-4-001,,,,FA-DE Water / Wasser,OTH-00-144038-5,OTH,15.33,grams
Bacon Chicken Casserole Cheese Sauce,SUB-013483-4-001,,,,"FA-DE Cheese, White Cheddar, Shredded /Käse, weißer Cheddar, gerieben",DAI-00-139135-3,DAI,16.51,grams
Bacon Chicken Casserole Cheese Sauce,SUB-013483-4-001,,,,"FA-DE Garlic, IQF, Diced 4 mm /Knoblauch, IQF, gewürfelt 4 mm",PHF-00-139237-1,PHF,1.83,grams
Bacon Chicken Casserole Cheese Sauce,SUB-013483-4-001,,,,"FA-DE Cheese, Mozzarella, Shredded /Käse, Mozzarella, gerieben",DAI-00-139125-3,DAI,18.34,grams
Bacon Chicken Casserole Cheese Sauce,SUB-013483-4-001,,,,"FA-DE Oil, Olive /Öl, Olivenöl",PRO-00-139277-5,PRO,6.68,grams
Basil - Picked Basil Leaves,SUB-013424-4-001,,,,"FA-DE Basil, Fresh /Basilikum, frisch",PHF-00-139175-3,PHF,2840,grams
Basil Kill Step,SUB-024331-4-001,Basil - Picked Basil Leaves,,,"FA-DE Basil, Fresh /Basilikum, frisch",PHF-00-139175-3,PHF,1786.16,grams
Beef Burger Master (each) New,SUB-029965-4-001,,,,FA-DE Water / Wasser,OTH-00-144038-5,OTH,15.83,grams
Beef Burger Master (each) New,SUB-029965-4-001,,,,"FA-DE Stock Concentrate, Classic Reduced Brown /Stammkonzentrat, klassisches, reduziertes Braun",PRO-00-139285-5,PRO,1.1,grams
Beef Burger Master (each) New,SUB-029965-4-001,,,,"FA-DE Spice, Sea Salt /Gewürze, Meersalz",SPI-00-139378-5,SPI,0.79,grams
Beef Burger Master (each) New,SUB-029965-4-001,,,,"FA-DE Spice, Garlic Granulated /Gewürz, Knoblauch granuliert",SPI-00-139353-5,SPI,3.52,grams
Beef Burger Master (each) New,SUB-029965-4-001,Burger Patty Veg,,,"FA-DE Garlic, IQF, Diced 4 mm /Knoblauch, IQF, gewürfelt 4 mm",PHF-00-139237-1,PHF,0.12,grams
Beef Burger Master (each) New,SUB-029965-4-001,Burger Patty Veg,,,"FA-DE Oil, Olive /Öl, Olivenöl",PRO-00-139277-5,PRO,0.08,grams
Beef Burger Master (each) New,SUB-029965-4-001,Burger Patty Veg,,,"FA-DE Onion, Spanish, Diced 5mm /Zwiebel, Spanisch, gewürfelt 5 mm",PHF-00-139212-3,PHF,0.21,grams
Beef Burger Master (each) New,SUB-029965-4-001,,,,"FA-DE Beef, Ground, 80/20 /Rindfleisch, gemahlen, 80/20",PTN-00-139319-3,PTN,142.42,grams
Beef Burger Master EU,SUB-031776-4-001,Burger Patty,Cooked Burger Veggies,,"FA-DE Spice, Onion Granulated /Gewürze, Zwiebeln granuliert",SPI-00-139370-5,SPI,4.77,grams
Beef Burger Master EU,SUB-031776-4-001,Burger Patty,Cooked Burger Veggies,,"FA-DE Spice, Sea Salt /Gewürze, Meersalz",SPI-00-139378-5,SPI,0.35,grams
Beef Burger Master EU,SUB-031776-4-001,Burger Patty,Cooked Burger Veggies,,"FA-DE Oil, Olive /Öl, Olivenöl",PRO-00-139277-5,PRO,3.19,grams
Beef Burger Master EU,SUB-031776-4-001,Burger Patty,Cooked Burger Veggies,,"FA-DE Garlic, IQF, Diced 4 mm /Knoblauch, IQF, gewürfelt 4 mm",PHF-00-139237-1,PHF,4.77,grams
Beef Burger Master EU,SUB-031776-4-001,Burger Patty,Cooked Burger Veggies,,"FA-DE Spice, Garlic Granulated /Gewürz, Knoblauch granuliert",SPI-00-139353-5,SPI,2.39,grams
Beef Burger Master EU,SUB-031776-4-001,Burger Patty,Cooked Burger Veggies,,"FA-DE Onion, Spanish, Diced 5mm /Zwiebel, Spanisch, gewürfelt 5 mm",PHF-00-139212-3,PHF,8.35,grams
Beef Burger Master EU,SUB-031776-4-001,Burger Patty,Burger Stock,,"FA-DE Stock, Chicken, Reduced/Brühe, Huhn, Reduziert",PRO-00-139288-5,PRO,1.14,grams
Beef Burger Master EU,SUB-031776-4-001,Burger Patty,Burger Stock,,FA-DE Water / Wasser,OTH-00-144038-5,OTH,16.07,grams
Beef Burger Master EU,SUB-031776-4-001,Burger Patty,Burger Stock,,"FA-DE Spice, Sea Salt /Gewürze, Meersalz",SPI-00-139378-5,SPI,0.61,grams
Beef Burger Master EU,SUB-031776-4-001,Burger Patty,,,"FA-DE Beef, Ground, 80/20 /Rindfleisch, gemahlen, 80/20",PTN-00-139319-3,PTN,169.76,grams
Broccoli - Roasted S&P,SUB-016200-4-001,,,,"FA-DE Spice, Black Pepper, Ground /Gewürz, schwarzer Pfeffer, gemahlen",SPI-00-139334-5,SPI,2.5,grams
Broccoli - Roasted S&P,SUB-016200-4-001,,,,"FA-DE Spice, Garlic Powder, Toasted /Gewürz, Knoblauchpulver, geröstet",SPI-00-139354-5,SPI,2,grams
Broccoli - Roasted S&P,SUB-016200-4-001,,,,"FA-DE Broccoli, Florets, /Brokkoli, Röschen",PHF-00-143425-3,PHF,706,grams
Broccoli - Roasted S&P,SUB-016200-4-001,,,,"FA-DE Oil, Olive /Öl, Olivenöl",PRO-00-139277-5,PRO,51,grams
Broccoli - Roasted S&P,SUB-016200-4-001,,,,"FA-DE Spice, Sea Salt /Gewürze, Meersalz",SPI-00-139378-5,SPI,3,grams
Broccoli - S&P Broccoli FLORETS - less salt,SUB-013822-4-001,,,,"FA-DE Spice, Sea Salt /Gewürze, Meersalz",SPI-00-139378-5,SPI,2.83,grams
Broccoli - S&P Broccoli FLORETS - less salt,SUB-013822-4-001,,,,"FA-DE Oil, Olive /Öl, Olivenöl",PRO-00-139277-5,PRO,63.85,grams
Broccoli - S&P Broccoli FLORETS - less salt,SUB-013822-4-001,,,,"FA-DE Spice, Garlic Powder, Toasted /Gewürz, Knoblauchpulver, geröstet",SPI-00-139354-5,SPI,2.27,grams
Broccoli - S&P Broccoli FLORETS - less salt,SUB-013822-4-001,,,,"FA-DE Broccoli, Florets, /Brokkoli, Röschen",PHF-00-143425-3,PHF,775.64,grams
Broccoli - S&P Broccoli FLORETS - less salt,SUB-013822-4-001,,,,"FA-DE Spice, Black Pepper, Ground /Gewürz, schwarzer Pfeffer, gemahlen",SPI-00-139334-5,SPI,2.83,grams
Burger Patty,SUB-031783-4-001,Cooked Burger Veggies,,,"FA-DE Spice, Onion Granulated /Gewürze, Zwiebeln granuliert",SPI-00-139370-5,SPI,4.77,grams
Burger Patty,SUB-031783-4-001,Cooked Burger Veggies,,,"FA-DE Spice, Sea Salt /Gewürze, Meersalz",SPI-00-139378-5,SPI,0.35,grams
Burger Patty,SUB-031783-4-001,Cooked Burger Veggies,,,"FA-DE Oil, Olive /Öl, Olivenöl",PRO-00-139277-5,PRO,3.19,grams
Burger Patty,SUB-031783-4-001,Cooked Burger Veggies,,,"FA-DE Garlic, IQF, Diced 4 mm /Knoblauch, IQF, gewürfelt 4 mm",PHF-00-139237-1,PHF,4.77,grams
Burger Patty,SUB-031783-4-001,Cooked Burger Veggies,,,"FA-DE Spice, Garlic Granulated /Gewürz, Knoblauch granuliert",SPI-00-139353-5,SPI,2.39,grams
Burger Patty,SUB-031783-4-001,Cooked Burger Veggies,,,"FA-DE Onion, Spanish, Diced 5mm /Zwiebel, Spanisch, gewürfelt 5 mm",PHF-00-139212-3,PHF,8.35,grams
Burger Patty,SUB-031783-4-001,Burger Stock,,,"FA-DE Stock, Chicken, Reduced/Brühe, Huhn, Reduziert",PRO-00-139288-5,PRO,1.14,grams
Burger Patty,SUB-031783-4-001,Burger Stock,,,FA-DE Water / Wasser,OTH-00-144038-5,OTH,16.07,grams
Burger Patty,SUB-031783-4-001,Burger Stock,,,"FA-DE Spice, Sea Salt /Gewürze, Meersalz",SPI-00-139378-5,SPI,0.61,grams
Burger Patty,SUB-031783-4-001,,,,"FA-DE Beef, Ground, 80/20 /Rindfleisch, gemahlen, 80/20",PTN-00-139319-3,PTN,169.76,grams
Burger Patty Veg,SUB-029852-4-001,,,,"FA-DE Garlic, IQF, Diced 4 mm /Knoblauch, IQF, gewürfelt 4 mm",PHF-00-139237-1,PHF,3.38,grams
Burger Patty Veg,SUB-029852-4-001,,,,"FA-DE Oil, Olive /Öl, Olivenöl",PRO-00-139277-5,PRO,2.26,grams
Burger Patty Veg,SUB-029852-4-001,,,,"FA-DE Onion, Spanish, Diced 5mm /Zwiebel, Spanisch, gewürfelt 5 mm",PHF-00-139212-3,PHF,5.98,grams
Burger Stock,SUB-031810-4-001,,,,"FA-DE Stock, Chicken, Reduced/Brühe, Huhn, Reduziert",PRO-00-139288-5,PRO,1.13,grams
Burger Stock,SUB-031810-4-001,,,,FA-DE Water / Wasser,OTH-00-144038-5,OTH,15.88,grams
Burger Stock,SUB-031810-4-001,,,,"FA-DE Spice, Sea Salt /Gewürze, Meersalz",SPI-00-139378-5,SPI,0.6,grams
Cauliflower - Roasted S&P,SUB-016201-4-001,,,,"FA-DE Cauliflower, Florets /Blumenkohl, Röschen",PHF-00-143426-3,PHF,119.63,grams
Cauliflower - Roasted S&P,SUB-016201-4-001,,,,"FA-DE Spice, Sea Salt /Gewürze, Meersalz",SPI-00-139378-5,SPI,0.48,grams
Cauliflower - Roasted S&P,SUB-016201-4-001,,,,"FA-DE Spice, Black Pepper, Ground /Gewürz, schwarzer Pfeffer, gemahlen",SPI-00-139334-5,SPI,0.28,grams
Cauliflower - Roasted S&P,SUB-016201-4-001,,,,"FA-DE Oil, Olive /Öl, Olivenöl",PRO-00-139277-5,PRO,5.67,grams
Cauliflower rice - Cilantro and Lime Cauliflower Rice - BA,SUB-013733-4-001,,,,"FA-DE Spice, Black Pepper, Ground /Gewürz, schwarzer Pfeffer, gemahlen",SPI-00-139334-5,SPI,0.29,grams
Cauliflower rice - Cilantro and Lime Cauliflower Rice - BA,SUB-013733-4-001,,,,"FA-DE Juice, Lime /Saft, Limette",PRO-00-139268-5,PRO,4.25,grams
Cauliflower rice - Cilantro and Lime Cauliflower Rice - BA,SUB-013733-4-001,Roasted Garlic oil,,,"FA-DE Garlic, Peeled, Whole Cloves [10kg] /Knoblauch, geschält, ganze Nelken [10kg]",PHF-00-139197-3,PHF,58.55,grams
Cauliflower rice - Cilantro and Lime Cauliflower Rice - BA,SUB-013733-4-001,Roasted Garlic oil,,,"FA-DE Oil, Olive /Öl, Olivenöl",PRO-00-139277-5,PRO,43.91,grams
Cauliflower rice - Cilantro and Lime Cauliflower Rice - BA,SUB-013733-4-001,,,,"FA-DE Spice, Sea Salt /Gewürze, Meersalz",SPI-00-139378-5,SPI,2,grams
Cauliflower rice - Cilantro and Lime Cauliflower Rice - BA,SUB-013733-4-001,,,,"FA-DE Cauliflower, Riced, IQF /Blumenkohl, Reis, IQF",PHF-00-139233-1,PHF,527.3,grams
Cauliflower rice - Cilantro and Lime Cauliflower Rice - BA,SUB-013733-4-001,,,,"FA-DE Coriander, Chopped /Koriander, gehackt",PHF-00-139192-3,PHF,28.35,grams
Chicken Breast - BRINED 160g,SUB-013527-4-001,,,,"FA-DE Chicken, Breast, B/S - 160g/Hähnchen, Brust, B/S – 160 g",PTN-00-139317-3,PTN,1700,grams
Chicken Breast - BRINED 160g,SUB-013527-4-001,,,,FA-DE Water / Wasser,OTH-00-144038-5,OTH,1700,grams
Chicken Breast - BRINED 160g,SUB-013527-4-001,,,,"FA-DE Spice, Sea Salt /Gewürze, Meersalz",SPI-00-139378-5,SPI,15.03,grams
Chicken CHUNKS - BRINED,SUB-013451-4-001,,,,"FA-DE Chicken Breast, Chunked, Boneless Skinless /Hähnchenbrust, in Stücken, ohne Knochen und ohne Haut",PTN-00-139314-3,PTN,1700,grams
Chicken CHUNKS - BRINED,SUB-013451-4-001,,,,"FA-DE Spice, Sea Salt /Gewürze, Meersalz",SPI-00-139378-5,SPI,15,grams
Chicken CHUNKS - BRINED,SUB-013451-4-001,,,,FA-DE Water / Wasser,OTH-00-144038-5,OTH,1700,grams
Chicken Thighs - BRINED,SUB-013532-4-001,,,,"FA-DE Spice, Sea Salt /Gewürze, Meersalz",SPI-00-139378-5,SPI,15,grams
Chicken Thighs - BRINED,SUB-013532-4-001,,,,"FA-DE Chicken, Thighs, Boneless Skinless /Hähnchen, Oberschenkel, ohne Knochen und ohne Haut",PTN-00-139343-3,PTN,1700,grams
Chicken Thighs - BRINED,SUB-013532-4-001,,,,FA-DE Water / Wasser,OTH-00-144038-5,OTH,1700,grams
Chicken breast - Sun-Dried Tomato Chicken Batch - Grilled 160g,SUB-013572-4-001,,,,"FA-DE Spice, Black Pepper, Ground /Gewürz, schwarzer Pfeffer, gemahlen",SPI-00-139334-5,SPI,0.14,grams
Chicken breast - Sun-Dried Tomato Chicken Batch - Grilled 160g,SUB-013572-4-001,,,,"FA-DE Spice, Oregano Dry /Gewürz, Oregano trocken",SPI-00-139372-5,SPI,0.14,grams
Chicken breast - Sun-Dried Tomato Chicken Batch - Grilled 160g,SUB-013572-4-001,,,,"FA-DE Spice, Onion Granulated /Gewürze, Zwiebeln granuliert",SPI-00-139370-5,SPI,0.23,grams
Chicken breast - Sun-Dried Tomato Chicken Batch - Grilled 160g,SUB-013572-4-001,,,,"FA-DE Spice, Crushed Red Pepper Flakes /Gewürz, zerkleinerte rote Pfefferflocken",SPI-00-139344-5,SPI,0.09,grams
Chicken breast - Sun-Dried Tomato Chicken Batch - Grilled 160g,SUB-013572-4-001,,,,"FA-DE Spice, Garlic Granulated /Gewürz, Knoblauch granuliert",SPI-00-139353-5,SPI,0.43,grams
Chicken breast - Sun-Dried Tomato Chicken Batch - Grilled 160g,SUB-013572-4-001,,,,"FA-DE Vinegar, Red Wine /Essig, Rotwein",PRO-00-139301-5,PRO,2.3,grams
Chicken breast - Sun-Dried Tomato Chicken Batch - Grilled 160g,SUB-013572-4-001,Chicken Breast - BRINED 160g,,,"FA-DE Chicken, Breast, B/S - 160g/Hähnchen, Brust, B/S – 160 g",PTN-00-139317-3,PTN,160,grams
Chicken breast - Sun-Dried Tomato Chicken Batch - Grilled 160g,SUB-013572-4-001,Chicken Breast - BRINED 160g,,,FA-DE Water / Wasser,OTH-00-144038-5,OTH,160,grams
Chicken breast - Sun-Dried Tomato Chicken Batch - Grilled 160g,SUB-013572-4-001,Chicken Breast - BRINED 160g,,,"FA-DE Spice, Sea Salt /Gewürze, Meersalz",SPI-00-139378-5,SPI,1.41,grams
Chicken breast - Sun-Dried Tomato Chicken Batch - Grilled 160g,SUB-013572-4-001,,,,"FA-DE Parsley, Chopped /Petersilie, gehackt",PHF-00-139215-3,PHF,0.46,grams
Chicken breast - Sun-Dried Tomato Chicken Batch - Grilled 160g,SUB-013572-4-001,,,,"FA-DE Oil, Olive /Öl, Olivenöl",PRO-00-139277-5,PRO,6.8,grams
Chicken breast - Sun-Dried Tomato Chicken Batch - Grilled 160g,SUB-013572-4-001,Basil - Picked Basil Leaves,,,"FA-DE Basil, Fresh /Basilikum, frisch",PHF-00-139175-3,PHF,1.02,grams
Compound butter - Chili-Garlic,SUB-013823-4-001,,,,"FA-DE Spice, Sea Salt /Gewürze, Meersalz",SPI-00-139378-5,SPI,2.83,grams
Compound butter - Chili-Garlic,SUB-013823-4-001,,,,"FA-DE Butter, Unsalted /Butter, ungesalzen",DAI-00-139146-3,DAI,226.8,grams
Compound butter - Chili-Garlic,SUB-013823-4-001,,,,"FA-DE Spice, Minced Garlic, Toasted, Dry /Gewürz, gehackter Knoblauch, geröstet, trocken",SPI-00-139367-5,SPI,8.5,grams
Compound butter - Chili-Garlic,SUB-013823-4-001,,,,"FA-DE Spice, Guajillo Peppers, Ground /Gewürze, Guajillo-Paprikaschoten, gemahlen",SPI-00-139358-5,SPI,2.83,grams
Compound butter - Chili-Garlic,SUB-013823-4-001,,,,"FA-DE Spice, Black Pepper, Ground /Gewürz, schwarzer Pfeffer, gemahlen",SPI-00-139334-5,SPI,2.83,grams
Compound butter - Chili-Garlic,SUB-013823-4-001,,,,"FA-DE Spice, Gochugaru Chili Pepper Flakes /Gewürz, Gochugaru-Chili-Pfefferflocken",SPI-00-139356-5,SPI,2.83,grams
Compound butter - Chili-Garlic Butter - master batch,SUB-014054-4-001,,,,"FA-DE Spice, Minced Garlic, Toasted, Dry /Gewürz, gehackter Knoblauch, geröstet, trocken",SPI-00-139367-5,SPI,1880,grams
Compound butter - Chili-Garlic Butter - master batch,SUB-014054-4-001,,,,"FA-DE Spice, Gochugaru Chili Pepper Flakes /Gewürz, Gochugaru-Chili-Pfefferflocken",SPI-00-139356-5,SPI,625.67,grams
Compound butter - Chili-Garlic Butter - master batch,SUB-014054-4-001,,,,"FA-DE Spice, Sea Salt /Gewürze, Meersalz",SPI-00-139378-5,SPI,625.67,grams
Compound butter - Chili-Garlic Butter - master batch,SUB-014054-4-001,,,,"FA-DE Spice, Black Pepper, Ground /Gewürz, schwarzer Pfeffer, gemahlen",SPI-00-139334-5,SPI,625.67,grams
Compound butter - Chili-Garlic Butter - master batch,SUB-014054-4-001,,,,"FA-DE Butter, Unsalted /Butter, ungesalzen",DAI-00-139146-3,DAI,50050,grams
Compound butter - Chili-Garlic Butter - master batch,SUB-014054-4-001,,,,"FA-DE Spice, Guajillo Peppers, Ground /Gewürze, Guajillo-Paprikaschoten, gemahlen",SPI-00-139358-5,SPI,625.67,grams
Compound butter - Parmesan-Chive,SUB-013536-4-001,,,,"FA-DE Spice, Parsley Dried /Gewürze, getrocknete Petersilie",SPI-00-139374-5,SPI,5.67,grams
Compound butter - Parmesan-Chive,SUB-013536-4-001,,,,"FA-DE Butter, Unsalted /Butter, ungesalzen",DAI-00-139146-3,DAI,425.24,grams
Compound butter - Parmesan-Chive,SUB-013536-4-001,,,,"FA-DE Chives, Dried /Schnittlauch, getrocknet",SPI-00-139322-5,SPI,5.67,grams
Compound butter - Parmesan-Chive,SUB-013536-4-001,,,,"FA-DE Cheese, Parmesan, Grated /Käse, Parmesan, gerieben",DAI-00-139127-3,DAI,141.75,grams
Compound butter - Sun-Dried Tomato,SUB-013608-4-001,,,,"FA-DE Spice, Garlic Granulated /Gewürz, Knoblauch granuliert",SPI-00-139353-5,SPI,0.03,grams
Compound butter - Sun-Dried Tomato,SUB-013608-4-001,Roasted Garlic (use),,,"FA-DE Garlic, Peeled, Whole Cloves [10kg] /Knoblauch, geschält, ganze Nelken [10kg]",PHF-00-139197-3,PHF,0.86,grams
Compound butter - Sun-Dried Tomato,SUB-013608-4-001,Roasted Garlic (use),,,"FA-DE Oil, Olive /Öl, Olivenöl",PRO-00-139277-5,PRO,0.64,grams
Compound butter - Sun-Dried Tomato,SUB-013608-4-001,,,,"FA-DE Butter, Unsalted /Butter, ungesalzen",DAI-00-139146-3,DAI,6.8,grams
Compound butter - Sun-Dried Tomato,SUB-013608-4-001,,,,"FA-DE Spice, Sea Salt /Gewürze, Meersalz",SPI-00-139378-5,SPI,0.14,grams
Compound butter - Sun-Dried Tomato,SUB-013608-4-001,Sun-Dried Tomato + Basil Puree,,,FA-DE Water / Wasser,OTH-00-144038-5,OTH,1.27,grams
Compound butter - Sun-Dried Tomato,SUB-013608-4-001,Sun-Dried Tomato + Basil Puree,Basil - Picked Basil Leaves,,"FA-DE Basil, Fresh /Basilikum, frisch",PHF-00-139175-3,PHF,0.23,grams
Compound butter - Sun-Dried Tomato,SUB-013608-4-001,Sun-Dried Tomato + Basil Puree,,,"FA-DE Tomatoes, Sun - Dried Julienned /Tomaten, sonnengetrocknete Julienne",PRO-00-139296-5,PRO,1.27,grams
Concentrated Tomatoes- Diluted (90/10) (primo gusto/old california),SUB-013421-4-001,,,,"FA-DE Tomatoes, Concentrated Crushed /Tomaten, konzentriert, zerkleinert",PRO-00-139293-5,PRO,63.5,grams
Concentrated Tomatoes- Diluted (90/10) (primo gusto/old california),SUB-013421-4-001,,,,FA-DE Water / Wasser,OTH-00-144038-5,OTH,7.09,grams
Cooked 10mm diced Spanish Onions,SUB-029899-4-001,,,,"FA-DE Spice, Sea Salt /Gewürze, Meersalz",SPI-00-139378-5,SPI,0.07,grams
Cooked 10mm diced Spanish Onions,SUB-029899-4-001,,,,"FA-DE Oil, Olive /Öl, Olivenöl",PRO-00-139277-5,PRO,1.6,grams
Cooked 10mm diced Spanish Onions,SUB-029899-4-001,,,,"FA-DE Onion, Spanish, Diced 10mm /Zwiebel, Spanisch, gewürfelt 10 mm",PHF-00-139209-3,PHF,35.43,grams
Cooked Burger Veggies,SUB-031784-4-001,,,,"FA-DE Spice, Onion Granulated /Gewürze, Zwiebeln granuliert",SPI-00-139370-5,SPI,3.4,grams
Cooked Burger Veggies,SUB-031784-4-001,,,,"FA-DE Spice, Sea Salt /Gewürze, Meersalz",SPI-00-139378-5,SPI,0.25,grams
Cooked Burger Veggies,SUB-031784-4-001,,,,"FA-DE Oil, Olive /Öl, Olivenöl",PRO-00-139277-5,PRO,2.27,grams
Cooked Burger Veggies,SUB-031784-4-001,,,,"FA-DE Garlic, IQF, Diced 4 mm /Knoblauch, IQF, gewürfelt 4 mm",PHF-00-139237-1,PHF,3.4,grams
Cooked Burger Veggies,SUB-031784-4-001,,,,"FA-DE Spice, Garlic Granulated /Gewürz, Knoblauch granuliert",SPI-00-139353-5,SPI,1.7,grams
Cooked Burger Veggies,SUB-031784-4-001,,,,"FA-DE Onion, Spanish, Diced 5mm /Zwiebel, Spanisch, gewürfelt 5 mm",PHF-00-139212-3,PHF,5.95,grams
Cooked Courgette Noodles - No Salt,SUB-013573-4-001,,,,"FA-DE Oil, Olive /Öl, Olivenöl",PRO-00-139277-5,PRO,99.22,grams
Cooked Courgette Noodles - No Salt,SUB-013573-4-001,,,,"FA-DE Zucchini, Spiralized Noodles /Zucchini, Spiralnudeln",PHF-00-139230-3,PHF,1700,grams
Courgette - Sesame Zucchini Noodles,SUB-013628-4-001,,,,"FA-DE Spice, Sea Salt /Gewürze, Meersalz",SPI-00-139378-5,SPI,7.14,grams
Courgette - Sesame Zucchini Noodles,SUB-013628-4-001,,,,"FA-DE Oil, Olive /Öl, Olivenöl",PRO-00-139277-5,PRO,39.66,grams
Courgette - Sesame Zucchini Noodles,SUB-013628-4-001,,,,"FA-DE Zucchini, Spiralized Noodles /Zucchini, Spiralnudeln",PHF-00-139230-3,PHF,1700,grams
Courgette - Sesame Zucchini Noodles,SUB-013628-4-001,,,,"FA-DE Spice, Sesame Seed, Roasted /Gewürz, Sesamsamen, geröstet",SPI-00-139379-5,SPI,20,grams
Creamed Kale - Cream Cheese,SUB-013834-4-001,,,,"FA-DE Milk, Whole /Milch, voll",DAI-00-139142-3,DAI,2.58,grams
Creamed Kale - Cream Cheese,SUB-013834-4-001,,,,FA-DE Heavy Cream 20% /Sahne 20%,DAI-00-139137-3,DAI,31.8,grams
Creamed Kale - Cream Cheese,SUB-013834-4-001,,,,"FA-DE Spice, White Pepper /Gewürz, weißer Pfeffer",SPI-00-139387-5,SPI,0.05,grams
Creamed Kale - Cream Cheese,SUB-013834-4-001,,,,"FA-DE Cheese, Cream, 13% Fat (Milk) /Käse, Sahne, 13% Fett",DAI-00-139122-3,DAI,5.16,grams
Creamed Kale - Cream Cheese,SUB-013834-4-001,"Steamed Kale - 1/2""diced",,,"FA-DE Kale, Shredded 5mm /Grünkohl, geschreddert, 5 mm",PHF-00-139203-3,PHF,17.48,grams
Creamed Kale - Cream Cheese,SUB-013834-4-001,,,,"FA-DE Spice, Sea Salt /Gewürze, Meersalz",SPI-00-139378-5,SPI,0.4,grams
Creamed Kale - Cream Cheese,SUB-013834-4-001,Roasted Onions/Garlic,,,"FA-DE Onion, Spanish, Diced 5mm /Zwiebel, Spanisch, gewürfelt 5 mm",PHF-00-139212-3,PHF,6.45,grams
Creamed Kale - Cream Cheese,SUB-013834-4-001,Roasted Onions/Garlic,,,"FA-DE Garlic, IQF, Diced 4 mm /Knoblauch, IQF, gewürfelt 4 mm",PHF-00-139237-1,PHF,2.58,grams
Creamed Kale - Cream Cheese,SUB-013834-4-001,Roasted Onions/Garlic,,,"FA-DE Oil, Olive /Öl, Olivenöl",PRO-00-139277-5,PRO,1.8,grams
Creamed Kale - Cream Cheese,SUB-013834-4-001,,,,"FA-DE Cheese, Parmesan, Grated /Käse, Parmesan, gerieben",DAI-00-139127-3,DAI,4.39,grams
DRY Ranch Seasoning,SUB-013480-4-001,,,,"FA-DE Chives, Dried /Schnittlauch, getrocknet",SPI-00-139322-5,SPI,0.35,grams
DRY Ranch Seasoning,SUB-013480-4-001,,,,"FA-DE Spice, Onion Granulated /Gewürze, Zwiebeln granuliert",SPI-00-139370-5,SPI,0.99,grams
DRY Ranch Seasoning,SUB-013480-4-001,,,,"FA-DE Spice, Buttermilk Powder/Gewürz, Buttermilchpulver",SPI-00-151139-5,SPI,5.39,grams
DRY Ranch Seasoning,SUB-013480-4-001,,,,"FA-DE Spice, Parsley Dried /Gewürze, getrocknete Petersilie",SPI-00-139374-5,SPI,0.14,grams
DRY Ranch Seasoning,SUB-013480-4-001,,,,"FA-DE Spice, Garlic Granulated /Gewürz, Knoblauch granuliert",SPI-00-139353-5,SPI,1.13,grams
DRY Ranch Seasoning,SUB-013480-4-001,,,,"FA-DE Spice, Black Pepper, Ground /Gewürz, schwarzer Pfeffer, gemahlen",SPI-00-139334-5,SPI,0.57,grams
DRY Ranch Seasoning,SUB-013480-4-001,,,,"FA-DE Spice, Dill Dried /Gewürz, Dill getrocknet",SPI-00-139349-5,SPI,0.35,grams
Diced chicken - Butter Chicken Batch - BA,SUB-013850-4-001,,,,"FA-DE Spice, Chili Powder /Gewürz, Chilipulver",SPI-00-139340-5,SPI,1.06,grams
Diced chicken - Butter Chicken Batch - BA,SUB-013850-4-001,,,,"FA-DE Spice, Turmeric /Gewürz, Kurkuma",SPI-00-139384-5,SPI,2.27,grams
Diced chicken - Butter Chicken Batch - BA,SUB-013850-4-001,,,,"FA-DE Spice, Sea Salt /Gewürze, Meersalz",SPI-00-139378-5,SPI,1.42,grams
Diced chicken - Butter Chicken Batch - BA,SUB-013850-4-001,Factor Garam Masala Spice Blend,,,"FA-DE Spice, Fennel Ground /Gewürz, Fenchel gemahlen",SPI-00-139351-5,SPI,0.18,grams
Diced chicken - Butter Chicken Batch - BA,SUB-013850-4-001,Factor Garam Masala Spice Blend,,,"FA-DE Spice, Nutmeg Ground /Gewürz, gemahlene Muskatnuss",SPI-00-139368-5,SPI,0.36,grams
Diced chicken - Butter Chicken Batch - BA,SUB-013850-4-001,Factor Garam Masala Spice Blend,,,"FA-DE Spice, Coriander Ground /Gewürz, gemahlener Koriander",SPI-00-139386-5,SPI,1.13,grams
Diced chicken - Butter Chicken Batch - BA,SUB-013850-4-001,Factor Garam Masala Spice Blend,,,"FA-DE Spice, Cinnamon Ground /Gewürz, gemahlener Zimt",SPI-00-139341-5,SPI,0.75,grams
Diced chicken - Butter Chicken Batch - BA,SUB-013850-4-001,Factor Garam Masala Spice Blend,,,"FA-DE Spice, Cumin Ground /Gewürz, gemahlener Kreuzkümmel",SPI-00-139345-5,SPI,2.26,grams
Diced chicken - Butter Chicken Batch - BA,SUB-013850-4-001,Factor Garam Masala Spice Blend,,,"FA-DE Spice, Cloves Ground /Gewürze, gemahlene Nelken",SPI-00-139342-5,SPI,0.36,grams
Diced chicken - Butter Chicken Batch - BA,SUB-013850-4-001,Factor Garam Masala Spice Blend,,,"FA-DE Spice, Black Pepper, Ground /Gewürz, schwarzer Pfeffer, gemahlen",SPI-00-139334-5,SPI,0.57,grams
Diced chicken - Butter Chicken Batch - BA,SUB-013850-4-001,Factor Garam Masala Spice Blend,,,"FA-DE Spice, Turmeric /Gewürz, Kurkuma",SPI-00-139384-5,SPI,0.18,grams
Diced chicken - Butter Chicken Batch - BA,SUB-013850-4-001,,,,"FA-DE Garlic, IQF, Diced 4 mm /Knoblauch, IQF, gewürfelt 4 mm",PHF-00-139237-1,PHF,5.67,grams
Diced chicken - Butter Chicken Batch - BA,SUB-013850-4-001,Chicken CHUNKS - BRINED,,,"FA-DE Chicken Breast, Chunked, Boneless Skinless /Hähnchenbrust, in Stücken, ohne Knochen und ohne Haut",PTN-00-139314-3,PTN,793.79,grams
Diced chicken - Butter Chicken Batch - BA,SUB-013850-4-001,Chicken CHUNKS - BRINED,,,"FA-DE Spice, Sea Salt /Gewürze, Meersalz",SPI-00-139378-5,SPI,7,grams
Diced chicken - Butter Chicken Batch - BA,SUB-013850-4-001,Chicken CHUNKS - BRINED,,,FA-DE Water / Wasser,OTH-00-144038-5,OTH,793.79,grams
Diced chicken - Butter Chicken Batch - BA,SUB-013850-4-001,,,,"FA-DE Yogurt, Greek, Plain /Joghurt, Griechisch, Natur",DAI-00-139161-3,DAI,42.52,grams
Diced chicken - Butter Chicken Batch - BA,SUB-013850-4-001,,,,"FA-DE Spice, Cumin Ground /Gewürz, gemahlener Kreuzkümmel",SPI-00-139345-5,SPI,2.13,grams
Diced chicken - Butter Chicken Batch - BA,SUB-013850-4-001,,,,"FA-DE Ginger, IQF, Diced 4 mm /Ingwer, IQF, gewürfelt 4 mm",PHF-00-139238-1,PHF,14.18,grams
Extra Crispy Diced Bacon,SUB-013468-4-001,,,,"FA-DE Bacon, Diced /Speck, gewürfelt",PTN-00-139306-3,PTN,1420,grams
FV0024A - Chicken in tomato cream sauce [BNL],REC-013938-4-007,Cooked Courgette Noodles - No Salt,,,"FA-DE Oil, Olive /Öl, Olivenöl",PRO-00-139277-5,PRO,8.07,grams
FV0024A - Chicken in tomato cream sauce [BNL],REC-013938-4-007,Cooked Courgette Noodles - No Salt,,,"FA-DE Zucchini, Spiralized Noodles /Zucchini, Spiralnudeln",PHF-00-139230-3,PHF,138.21,grams
FV0024A - Chicken in tomato cream sauce [BNL],REC-013938-4-007,Chicken breast - Sun-Dried Tomato Chicken Batch - Grilled 160g,,,"FA-DE Spice, Black Pepper, Ground /Gewürz, schwarzer Pfeffer, gemahlen",SPI-00-139334-5,SPI,0.14,grams
FV0024A - Chicken in tomato cream sauce [BNL],REC-013938-4-007,Chicken breast - Sun-Dried Tomato Chicken Batch - Grilled 160g,,,"FA-DE Spice, Oregano Dry /Gewürz, Oregano trocken",SPI-00-139372-5,SPI,0.14,grams
FV0024A - Chicken in tomato cream sauce [BNL],REC-013938-4-007,Chicken breast - Sun-Dried Tomato Chicken Batch - Grilled 160g,,,"FA-DE Spice, Onion Granulated /Gewürze, Zwiebeln granuliert",SPI-00-139370-5,SPI,0.23,grams
FV0024A - Chicken in tomato cream sauce [BNL],REC-013938-4-007,Chicken breast - Sun-Dried Tomato Chicken Batch - Grilled 160g,,,"FA-DE Spice, Crushed Red Pepper Flakes /Gewürz, zerkleinerte rote Pfefferflocken",SPI-00-139344-5,SPI,0.09,grams
FV0024A - Chicken in tomato cream sauce [BNL],REC-013938-4-007,Chicken breast - Sun-Dried Tomato Chicken Batch - Grilled 160g,,,"FA-DE Spice, Garlic Granulated /Gewürz, Knoblauch granuliert",SPI-00-139353-5,SPI,0.43,grams
FV0024A - Chicken in tomato cream sauce [BNL],REC-013938-4-007,Chicken breast - Sun-Dried Tomato Chicken Batch - Grilled 160g,,,"FA-DE Vinegar, Red Wine /Essig, Rotwein",PRO-00-139301-5,PRO,2.3,grams
FV0024A - Chicken in tomato cream sauce [BNL],REC-013938-4-007,Chicken breast - Sun-Dried Tomato Chicken Batch - Grilled 160g,Chicken Breast - BRINED 160g,,"FA-DE Chicken, Breast, B/S - 160g/Hähnchen, Brust, B/S – 160 g",PTN-00-139317-3,PTN,160,grams
FV0024A - Chicken in tomato cream sauce [BNL],REC-013938-4-007,Chicken breast - Sun-Dried Tomato Chicken Batch - Grilled 160g,Chicken Breast - BRINED 160g,,FA-DE Water / Wasser,OTH-00-144038-5,OTH,160,grams
FV0024A - Chicken in tomato cream sauce [BNL],REC-013938-4-007,Chicken breast - Sun-Dried Tomato Chicken Batch - Grilled 160g,Chicken Breast - BRINED 160g,,"FA-DE Spice, Sea Salt /Gewürze, Meersalz",SPI-00-139378-5,SPI,1.41,grams
FV0024A - Chicken in tomato cream sauce [BNL],REC-013938-4-007,Chicken breast - Sun-Dried Tomato Chicken Batch - Grilled 160g,,,"FA-DE Parsley, Chopped /Petersilie, gehackt",PHF-00-139215-3,PHF,0.46,grams
FV0024A - Chicken in tomato cream sauce [BNL],REC-013938-4-007,Chicken breast - Sun-Dried Tomato Chicken Batch - Grilled 160g,,,"FA-DE Oil, Olive /Öl, Olivenöl",PRO-00-139277-5,PRO,6.8,grams
FV0024A - Chicken in tomato cream sauce [BNL],REC-013938-4-007,Chicken breast - Sun-Dried Tomato Chicken Batch - Grilled 160g,Basil - Picked Basil Leaves,,"FA-DE Basil, Fresh /Basilikum, frisch",PHF-00-139175-3,PHF,1.02,grams
FV0024A - Chicken in tomato cream sauce [BNL],REC-013938-4-007,Sauce - Sun-Dried Tomato Sauce - Less Salt,,,"FA-DE Cheese, Parmesan, Grated /Käse, Parmesan, gerieben",DAI-00-139127-3,DAI,14.55,grams
FV0024A - Chicken in tomato cream sauce [BNL],REC-013938-4-007,Sauce - Sun-Dried Tomato Sauce - Less Salt,,,FA-DE Heavy Cream 20% /Sahne 20%,DAI-00-139137-3,DAI,90.49,grams
FV0024A - Chicken in tomato cream sauce [BNL],REC-013938-4-007,Sauce - Sun-Dried Tomato Sauce - Less Salt,,,"FA-DE Oil, Olive /Öl, Olivenöl",PRO-00-139277-5,PRO,8.29,grams
FV0024A - Chicken in tomato cream sauce [BNL],REC-013938-4-007,Sauce - Sun-Dried Tomato Sauce - Less Salt,,,"FA-DE Stock, Chicken, Reduced/Brühe, Huhn, Reduziert",PRO-00-139288-5,PRO,1.63,grams
FV0024A - Chicken in tomato cream sauce [BNL],REC-013938-4-007,Sauce - Sun-Dried Tomato Sauce - Less Salt,,,"FA-DE Garlic, IQF, Diced 4 mm /Knoblauch, IQF, gewürfelt 4 mm",PHF-00-139237-1,PHF,3.31,grams
FV0024A - Chicken in tomato cream sauce [BNL],REC-013938-4-007,Sauce - Sun-Dried Tomato Sauce - Less Salt,Hydrated Sun-Dried Tomatoes,,"FA-DE Tomatoes, Sun - Dried Julienned /Tomaten, sonnengetrocknete Julienne",PRO-00-139296-5,PRO,8.07,grams
FV0024A - Chicken in tomato cream sauce [BNL],REC-013938-4-007,Sauce - Sun-Dried Tomato Sauce - Less Salt,Hydrated Sun-Dried Tomatoes,,FA-DE Water / Wasser,OTH-00-144038-5,OTH,8.07,grams
FV0024A - Chicken in tomato cream sauce [BNL],REC-013938-4-007,Sauce - Sun-Dried Tomato Sauce - Less Salt,,,"FA-DE Spinach, Fresh, Stem Off /Spinat, frisch, ohne Stiel",PHF-00-139225-3,PHF,11.64,grams
FV0024A - Chicken in tomato cream sauce [BNL],REC-013938-4-007,Sauce - Sun-Dried Tomato Sauce - Less Salt,,,"FA-DE Spice, Sea Salt /Gewürze, Meersalz",SPI-00-139378-5,SPI,0.07,grams
FV0024A - Chicken in tomato cream sauce [BNL],REC-013938-4-007,Sauce - Sun-Dried Tomato Sauce - Less Salt,,,"FA-DE Onion, Spanish, Diced 5mm /Zwiebel, Spanisch, gewürfelt 5 mm",PHF-00-139212-3,PHF,14.55,grams
FV0024A - Chicken in tomato cream sauce [DE],REC-013938-4-005,Cooked Courgette Noodles - No Salt,,,"FA-DE Oil, Olive /Öl, Olivenöl",PRO-00-139277-5,PRO,8.07,grams
FV0024A - Chicken in tomato cream sauce [DE],REC-013938-4-005,Cooked Courgette Noodles - No Salt,,,"FA-DE Zucchini, Spiralized Noodles /Zucchini, Spiralnudeln",PHF-00-139230-3,PHF,138.21,grams
FV0024A - Chicken in tomato cream sauce [DE],REC-013938-4-005,Sauce - Sun-Dried Tomato Sauce - Less Salt,,,"FA-DE Cheese, Parmesan, Grated /Käse, Parmesan, gerieben",DAI-00-139127-3,DAI,14.55,grams
FV0024A - Chicken in tomato cream sauce [DE],REC-013938-4-005,Sauce - Sun-Dried Tomato Sauce - Less Salt,,,FA-DE Heavy Cream 20% /Sahne 20%,DAI-00-139137-3,DAI,90.49,grams
FV0024A - Chicken in tomato cream sauce [DE],REC-013938-4-005,Sauce - Sun-Dried Tomato Sauce - Less Salt,,,"FA-DE Oil, Olive /Öl, Olivenöl",PRO-00-139277-5,PRO,8.29,grams
FV0024A - Chicken in tomato cream sauce [DE],REC-013938-4-005,Sauce - Sun-Dried Tomato Sauce - Less Salt,,,"FA-DE Stock, Chicken, Reduced/Brühe, Huhn, Reduziert",PRO-00-139288-5,PRO,1.63,grams
FV0024A - Chicken in tomato cream sauce [DE],REC-013938-4-005,Sauce - Sun-Dried Tomato Sauce - Less Salt,,,"FA-DE Garlic, IQF, Diced 4 mm /Knoblauch, IQF, gewürfelt 4 mm",PHF-00-139237-1,PHF,3.31,grams
FV0024A - Chicken in tomato cream sauce [DE],REC-013938-4-005,Sauce - Sun-Dried Tomato Sauce - Less Salt,Hydrated Sun-Dried Tomatoes,,"FA-DE Tomatoes, Sun - Dried Julienned /Tomaten, sonnengetrocknete Julienne",PRO-00-139296-5,PRO,8.07,grams
FV0024A - Chicken in tomato cream sauce [DE],REC-013938-4-005,Sauce - Sun-Dried Tomato Sauce - Less Salt,Hydrated Sun-Dried Tomatoes,,FA-DE Water / Wasser,OTH-00-144038-5,OTH,8.07,grams
FV0024A - Chicken in tomato cream sauce [DE],REC-013938-4-005,Sauce - Sun-Dried Tomato Sauce - Less Salt,,,"FA-DE Spinach, Fresh, Stem Off /Spinat, frisch, ohne Stiel",PHF-00-139225-3,PHF,11.64,grams
FV0024A - Chicken in tomato cream sauce [DE],REC-013938-4-005,Sauce - Sun-Dried Tomato Sauce - Less Salt,,,"FA-DE Spice, Sea Salt /Gewürze, Meersalz",SPI-00-139378-5,SPI,0.07,grams
FV0024A - Chicken in tomato cream sauce [DE],REC-013938-4-005,Sauce - Sun-Dried Tomato Sauce - Less Salt,,,"FA-DE Onion, Spanish, Diced 5mm /Zwiebel, Spanisch, gewürfelt 5 mm",PHF-00-139212-3,PHF,14.55,grams
FV0024A - Chicken in tomato cream sauce [DE],REC-013938-4-005,Chicken breast - Sun-Dried Tomato Chicken Batch - Grilled 160g,,,"FA-DE Spice, Black Pepper, Ground /Gewürz, schwarzer Pfeffer, gemahlen",SPI-00-139334-5,SPI,0.14,grams
FV0024A - Chicken in tomato cream sauce [DE],REC-013938-4-005,Chicken breast - Sun-Dried Tomato Chicken Batch - Grilled 160g,,,"FA-DE Spice, Oregano Dry /Gewürz, Oregano trocken",SPI-00-139372-5,SPI,0.14,grams
FV0024A - Chicken in tomato cream sauce [DE],REC-013938-4-005,Chicken breast - Sun-Dried Tomato Chicken Batch - Grilled 160g,,,"FA-DE Spice, Onion Granulated /Gewürze, Zwiebeln granuliert",SPI-00-139370-5,SPI,0.23,grams
FV0024A - Chicken in tomato cream sauce [DE],REC-013938-4-005,Chicken breast - Sun-Dried Tomato Chicken Batch - Grilled 160g,,,"FA-DE Spice, Crushed Red Pepper Flakes /Gewürz, zerkleinerte rote Pfefferflocken",SPI-00-139344-5,SPI,0.09,grams
FV0024A - Chicken in tomato cream sauce [DE],REC-013938-4-005,Chicken breast - Sun-Dried Tomato Chicken Batch - Grilled 160g,,,"FA-DE Spice, Garlic Granulated /Gewürz, Knoblauch granuliert",SPI-00-139353-5,SPI,0.43,grams
FV0024A - Chicken in tomato cream sauce [DE],REC-013938-4-005,Chicken breast - Sun-Dried Tomato Chicken Batch - Grilled 160g,,,"FA-DE Vinegar, Red Wine /Essig, Rotwein",PRO-00-139301-5,PRO,2.3,grams
FV0024A - Chicken in tomato cream sauce [DE],REC-013938-4-005,Chicken breast - Sun-Dried Tomato Chicken Batch - Grilled 160g,Chicken Breast - BRINED 160g,,"FA-DE Chicken, Breast, B/S - 160g/Hähnchen, Brust, B/S – 160 g",PTN-00-139317-3,PTN,160,grams
FV0024A - Chicken in tomato cream sauce [DE],REC-013938-4-005,Chicken breast - Sun-Dried Tomato Chicken Batch - Grilled 160g,Chicken Breast - BRINED 160g,,FA-DE Water / Wasser,OTH-00-144038-5,OTH,160,grams
FV0024A - Chicken in tomato cream sauce [DE],REC-013938-4-005,Chicken breast - Sun-Dried Tomato Chicken Batch - Grilled 160g,Chicken Breast - BRINED 160g,,"FA-DE Spice, Sea Salt /Gewürze, Meersalz",SPI-00-139378-5,SPI,1.41,grams
FV0024A - Chicken in tomato cream sauce [DE],REC-013938-4-005,Chicken breast - Sun-Dried Tomato Chicken Batch - Grilled 160g,,,"FA-DE Parsley, Chopped /Petersilie, gehackt",PHF-00-139215-3,PHF,0.46,grams
FV0024A - Chicken in tomato cream sauce [DE],REC-013938-4-005,Chicken breast - Sun-Dried Tomato Chicken Batch - Grilled 160g,,,"FA-DE Oil, Olive /Öl, Olivenöl",PRO-00-139277-5,PRO,6.8,grams
FV0024A - Chicken in tomato cream sauce [DE],REC-013938-4-005,Chicken breast - Sun-Dried Tomato Chicken Batch - Grilled 160g,Basil - Picked Basil Leaves,,"FA-DE Basil, Fresh /Basilikum, frisch",PHF-00-139175-3,PHF,1.02,grams
FV0024A - Chicken in tomato cream sauce [DKSE],REC-013938-4-006,Sauce - Sun-Dried Tomato Sauce - Less Salt,,,"FA-DE Cheese, Parmesan, Grated /Käse, Parmesan, gerieben",DAI-00-139127-3,DAI,14.55,grams
FV0024A - Chicken in tomato cream sauce [DKSE],REC-013938-4-006,Sauce - Sun-Dried Tomato Sauce - Less Salt,,,FA-DE Heavy Cream 20% /Sahne 20%,DAI-00-139137-3,DAI,90.49,grams
FV0024A - Chicken in tomato cream sauce [DKSE],REC-013938-4-006,Sauce - Sun-Dried Tomato Sauce - Less Salt,,,"FA-DE Oil, Olive /Öl, Olivenöl",PRO-00-139277-5,PRO,8.29,grams
FV0024A - Chicken in tomato cream sauce [DKSE],REC-013938-4-006,Sauce - Sun-Dried Tomato Sauce - Less Salt,,,"FA-DE Stock, Chicken, Reduced/Brühe, Huhn, Reduziert",PRO-00-139288-5,PRO,1.63,grams
FV0024A - Chicken in tomato cream sauce [DKSE],REC-013938-4-006,Sauce - Sun-Dried Tomato Sauce - Less Salt,,,"FA-DE Garlic, IQF, Diced 4 mm /Knoblauch, IQF, gewürfelt 4 mm",PHF-00-139237-1,PHF,3.31,grams
FV0024A - Chicken in tomato cream sauce [DKSE],REC-013938-4-006,Sauce - Sun-Dried Tomato Sauce - Less Salt,Hydrated Sun-Dried Tomatoes,,"FA-DE Tomatoes, Sun - Dried Julienned /Tomaten, sonnengetrocknete Julienne",PRO-00-139296-5,PRO,8.07,grams
FV0024A - Chicken in tomato cream sauce [DKSE],REC-013938-4-006,Sauce - Sun-Dried Tomato Sauce - Less Salt,Hydrated Sun-Dried Tomatoes,,FA-DE Water / Wasser,OTH-00-144038-5,OTH,8.07,grams
FV0024A - Chicken in tomato cream sauce [DKSE],REC-013938-4-006,Sauce - Sun-Dried Tomato Sauce - Less Salt,,,"FA-DE Spinach, Fresh, Stem Off /Spinat, frisch, ohne Stiel",PHF-00-139225-3,PHF,11.64,grams
FV0024A - Chicken in tomato cream sauce [DKSE],REC-013938-4-006,Sauce - Sun-Dried Tomato Sauce - Less Salt,,,"FA-DE Spice, Sea Salt /Gewürze, Meersalz",SPI-00-139378-5,SPI,0.07,grams
FV0024A - Chicken in tomato cream sauce [DKSE],REC-013938-4-006,Sauce - Sun-Dried Tomato Sauce - Less Salt,,,"FA-DE Onion, Spanish, Diced 5mm /Zwiebel, Spanisch, gewürfelt 5 mm",PHF-00-139212-3,PHF,14.55,grams
FV0024A - Chicken in tomato cream sauce [DKSE],REC-013938-4-006,Chicken breast - Sun-Dried Tomato Chicken Batch - Grilled 160g,,,"FA-DE Spice, Black Pepper, Ground /Gewürz, schwarzer Pfeffer, gemahlen",SPI-00-139334-5,SPI,0.14,grams
FV0024A - Chicken in tomato cream sauce [DKSE],REC-013938-4-006,Chicken breast - Sun-Dried Tomato Chicken Batch - Grilled 160g,,,"FA-DE Spice, Oregano Dry /Gewürz, Oregano trocken",SPI-00-139372-5,SPI,0.14,grams
FV0024A - Chicken in tomato cream sauce [DKSE],REC-013938-4-006,Chicken breast - Sun-Dried Tomato Chicken Batch - Grilled 160g,,,"FA-DE Spice, Onion Granulated /Gewürze, Zwiebeln granuliert",SPI-00-139370-5,SPI,0.23,grams
FV0024A - Chicken in tomato cream sauce [DKSE],REC-013938-4-006,Chicken breast - Sun-Dried Tomato Chicken Batch - Grilled 160g,,,"FA-DE Spice, Crushed Red Pepper Flakes /Gewürz, zerkleinerte rote Pfefferflocken",SPI-00-139344-5,SPI,0.09,grams
FV0024A - Chicken in tomato cream sauce [DKSE],REC-013938-4-006,Chicken breast - Sun-Dried Tomato Chicken Batch - Grilled 160g,,,"FA-DE Spice, Garlic Granulated /Gewürz, Knoblauch granuliert",SPI-00-139353-5,SPI,0.43,grams
FV0024A - Chicken in tomato cream sauce [DKSE],REC-013938-4-006,Chicken breast - Sun-Dried Tomato Chicken Batch - Grilled 160g,,,"FA-DE Vinegar, Red Wine /Essig, Rotwein",PRO-00-139301-5,PRO,2.3,grams
FV0024A - Chicken in tomato cream sauce [DKSE],REC-013938-4-006,Chicken breast - Sun-Dried Tomato Chicken Batch - Grilled 160g,Chicken Breast - BRINED 160g,,"FA-DE Chicken, Breast, B/S - 160g/Hähnchen, Brust, B/S – 160 g",PTN-00-139317-3,PTN,160,grams
FV0024A - Chicken in tomato cream sauce [DKSE],REC-013938-4-006,Chicken breast - Sun-Dried Tomato Chicken Batch - Grilled 160g,Chicken Breast - BRINED 160g,,FA-DE Water / Wasser,OTH-00-144038-5,OTH,160,grams
FV0024A - Chicken in tomato cream sauce [DKSE],REC-013938-4-006,Chicken breast - Sun-Dried Tomato Chicken Batch - Grilled 160g,Chicken Breast - BRINED 160g,,"FA-DE Spice, Sea Salt /Gewürze, Meersalz",SPI-00-139378-5,SPI,1.41,grams
FV0024A - Chicken in tomato cream sauce [DKSE],REC-013938-4-006,Chicken breast - Sun-Dried Tomato Chicken Batch - Grilled 160g,,,"FA-DE Parsley, Chopped /Petersilie, gehackt",PHF-00-139215-3,PHF,0.46,grams
FV0024A - Chicken in tomato cream sauce [DKSE],REC-013938-4-006,Chicken breast - Sun-Dried Tomato Chicken Batch - Grilled 160g,,,"FA-DE Oil, Olive /Öl, Olivenöl",PRO-00-139277-5,PRO,6.8,grams
FV0024A - Chicken in tomato cream sauce [DKSE],REC-013938-4-006,Chicken breast - Sun-Dried Tomato Chicken Batch - Grilled 160g,Basil - Picked Basil Leaves,,"FA-DE Basil, Fresh /Basilikum, frisch",PHF-00-139175-3,PHF,1.02,grams
FV0024A - Chicken in tomato cream sauce [DKSE],REC-013938-4-006,Cooked Courgette Noodles - No Salt,,,"FA-DE Oil, Olive /Öl, Olivenöl",PRO-00-139277-5,PRO,8.07,grams
FV0024A - Chicken in tomato cream sauce [DKSE],REC-013938-4-006,Cooked Courgette Noodles - No Salt,,,"FA-DE Zucchini, Spiralized Noodles /Zucchini, Spiralnudeln",PHF-00-139230-3,PHF,138.21,grams
FV0035A - Salmon with pesto [BNL],REC-013940-4-007,Compound butter - Sun-Dried Tomato,,,"FA-DE Spice, Garlic Granulated /Gewürz, Knoblauch granuliert",SPI-00-139353-5,SPI,0.04,grams
FV0035A - Salmon with pesto [BNL],REC-013940-4-007,Compound butter - Sun-Dried Tomato,Roasted Garlic (use),,"FA-DE Garlic, Peeled, Whole Cloves [10kg] /Knoblauch, geschält, ganze Nelken [10kg]",PHF-00-139197-3,PHF,1.17,grams
FV0035A - Salmon with pesto [BNL],REC-013940-4-007,Compound butter - Sun-Dried Tomato,Roasted Garlic (use),,"FA-DE Oil, Olive /Öl, Olivenöl",PRO-00-139277-5,PRO,0.88,grams
FV0035A - Salmon with pesto [BNL],REC-013940-4-007,Compound butter - Sun-Dried Tomato,,,"FA-DE Butter, Unsalted /Butter, ungesalzen",DAI-00-139146-3,DAI,9.32,grams
FV0035A - Salmon with pesto [BNL],REC-013940-4-007,Compound butter - Sun-Dried Tomato,,,"FA-DE Spice, Sea Salt /Gewürze, Meersalz",SPI-00-139378-5,SPI,0.19,grams
FV0035A - Salmon with pesto [BNL],REC-013940-4-007,Compound butter - Sun-Dried Tomato,Sun-Dried Tomato + Basil Puree,,FA-DE Water / Wasser,OTH-00-144038-5,OTH,1.74,grams
FV0035A - Salmon with pesto [BNL],REC-013940-4-007,Compound butter - Sun-Dried Tomato,Sun-Dried Tomato + Basil Puree,Basil - Picked Basil Leaves,"FA-DE Basil, Fresh /Basilikum, frisch",PHF-00-139175-3,PHF,0.32,grams
FV0035A - Salmon with pesto [BNL],REC-013940-4-007,Compound butter - Sun-Dried Tomato,Sun-Dried Tomato + Basil Puree,,"FA-DE Tomatoes, Sun - Dried Julienned /Tomaten, sonnengetrocknete Julienne",PRO-00-139296-5,PRO,1.74,grams
FV0035A - Salmon with pesto [BNL],REC-013940-4-007,Salmon - garlic seasoning,,,"FA-DE Salmon, Skinless, Boneless, Filet/Lachs, ohne Haut, ohne Knochen, Filet - IQF",PTN-00-139968-1,PTN,140,grams
FV0035A - Salmon with pesto [BNL],REC-013940-4-007,Salmon - garlic seasoning,,,"FA-DE Spice, Sea Salt /Gewürze, Meersalz",SPI-00-139378-5,SPI,0.42,grams
FV0035A - Salmon with pesto [BNL],REC-013940-4-007,Salmon - garlic seasoning,,,"FA-DE Spice, Garlic Granulated /Gewürz, Knoblauch granuliert",SPI-00-139353-5,SPI,0.14,grams
FV0035A - Salmon with pesto [BNL],REC-013940-4-007,Spinach - Creamed Spinach,,,"FA-DE Spice, Sea Salt /Gewürze, Meersalz",SPI-00-139378-5,SPI,0.14,grams
FV0035A - Salmon with pesto [BNL],REC-013940-4-007,Spinach - Creamed Spinach,,,"FA-DE Onion, Spanish, Diced 5mm /Zwiebel, Spanisch, gewürfelt 5 mm",PHF-00-139212-3,PHF,12.01,grams
FV0035A - Salmon with pesto [BNL],REC-013940-4-007,Spinach - Creamed Spinach,,,"FA-DE Cheese, Parmesan, Grated /Käse, Parmesan, gerieben",DAI-00-139127-3,DAI,9.01,grams
FV0035A - Salmon with pesto [BNL],REC-013940-4-007,Spinach - Creamed Spinach,Thawed & Squeezed Frozen Spinach,,"FA-DE Spinach, Frozen Leaf/Spinat, gefrorener Blattspinat",PHF-00-139242-1,PHF,88.66,grams
FV0035A - Salmon with pesto [BNL],REC-013940-4-007,Spinach - Creamed Spinach,,,"FA-DE Oil, Olive /Öl, Olivenöl",PRO-00-139277-5,PRO,3.01,grams
FV0035A - Salmon with pesto [BNL],REC-013940-4-007,Spinach - Creamed Spinach,,,"FA-DE Cheese, Cream, 13% Fat (Milk) /Käse, Sahne, 13% Fett",DAI-00-139122-3,DAI,38.73,grams
FV0035A - Salmon with pesto [BNL],REC-013940-4-007,Spinach - Creamed Spinach,,,"FA-DE Garlic, IQF, Diced 4 mm /Knoblauch, IQF, gewürfelt 4 mm",PHF-00-139237-1,PHF,3.01,grams
FV0035A - Salmon with pesto [BNL],REC-013940-4-007,Sauce - Pesto,Toasted Sliced Almonds,,"FA-DE Almond, Sliced, Blanched /Mandeln, geschnitten, blanchiert",SPI-00-139147-5,SPI,3.03,grams
FV0035A - Salmon with pesto [BNL],REC-013940-4-007,Sauce - Pesto,,,"FA-DE Cheese, Parmesan, Grated /Käse, Parmesan, gerieben",DAI-00-139127-3,DAI,3.72,grams
FV0035A - Salmon with pesto [BNL],REC-013940-4-007,Sauce - Pesto,,,"FA-DE Spice, Sea Salt /Gewürze, Meersalz",SPI-00-139378-5,SPI,0.15,grams
FV0035A - Salmon with pesto [BNL],REC-013940-4-007,Sauce - Pesto,,,"FA-DE Oil, Olive /Öl, Olivenöl",PRO-00-139277-5,PRO,17.24,grams
FV0035A - Salmon with pesto [BNL],REC-013940-4-007,Sauce - Pesto,Basil Kill Step,Basil - Picked Basil Leaves,"FA-DE Basil, Fresh /Basilikum, frisch",PHF-00-139175-3,PHF,7.04,grams
FV0035A - Salmon with pesto [BNL],REC-013940-4-007,Sauce - Pesto,,,"FA-DE Spice, Garlic Granulated /Gewürz, Knoblauch granuliert",SPI-00-139353-5,SPI,0.15,grams
FV0035A - Salmon with pesto [BNL],REC-013940-4-007,Sauce - Pesto,Fresh Spinach Kill Step,,"FA-DE Spinach, Fresh, Stem Off /Spinat, frisch, ohne Stiel",PHF-00-139225-3,PHF,4.03,grams
FV0035A - Salmon with pesto [BNL],REC-013940-4-007,S&P Roasted Green Beans 1,,,"FA-DE Oil, Olive /Öl, Olivenöl",PRO-00-139277-5,PRO,7.62,grams
FV0035A - Salmon with pesto [BNL],REC-013940-4-007,S&P Roasted Green Beans 1,,,"FA-DE Spice, Sea Salt /Gewürze, Meersalz",SPI-00-139378-5,SPI,0.45,grams
FV0035A - Salmon with pesto [BNL],REC-013940-4-007,S&P Roasted Green Beans 1,,,"FA-DE Spice, Black Pepper, Ground /Gewürz, schwarzer Pfeffer, gemahlen",SPI-00-139334-5,SPI,0.22,grams
FV0035A - Salmon with pesto [BNL],REC-013940-4-007,S&P Roasted Green Beans 1,,,"FA-DE Green Beans, Fresh and Trimmed/Grüne Bohnen, frisch und geschnitten",PHF-00-139198-3,PHF,112.35,grams
FV0035A - Salmon with pesto [DE],REC-013940-4-006,Compound butter - Sun-Dried Tomato,,,"FA-DE Spice, Garlic Granulated /Gewürz, Knoblauch granuliert",SPI-00-139353-5,SPI,0.04,grams
FV0035A - Salmon with pesto [DE],REC-013940-4-006,Compound butter - Sun-Dried Tomato,Roasted Garlic (use),,"FA-DE Garlic, Peeled, Whole Cloves [10kg] /Knoblauch, geschält, ganze Nelken [10kg]",PHF-00-139197-3,PHF,1.17,grams
FV0035A - Salmon with pesto [DE],REC-013940-4-006,Compound butter - Sun-Dried Tomato,Roasted Garlic (use),,"FA-DE Oil, Olive /Öl, Olivenöl",PRO-00-139277-5,PRO,0.88,grams
FV0035A - Salmon with pesto [DE],REC-013940-4-006,Compound butter - Sun-Dried Tomato,,,"FA-DE Butter, Unsalted /Butter, ungesalzen",DAI-00-139146-3,DAI,9.32,grams
FV0035A - Salmon with pesto [DE],REC-013940-4-006,Compound butter - Sun-Dried Tomato,,,"FA-DE Spice, Sea Salt /Gewürze, Meersalz",SPI-00-139378-5,SPI,0.19,grams
FV0035A - Salmon with pesto [DE],REC-013940-4-006,Compound butter - Sun-Dried Tomato,Sun-Dried Tomato + Basil Puree,,FA-DE Water / Wasser,OTH-00-144038-5,OTH,1.74,grams
FV0035A - Salmon with pesto [DE],REC-013940-4-006,Compound butter - Sun-Dried Tomato,Sun-Dried Tomato + Basil Puree,Basil - Picked Basil Leaves,"FA-DE Basil, Fresh /Basilikum, frisch",PHF-00-139175-3,PHF,0.32,grams
FV0035A - Salmon with pesto [DE],REC-013940-4-006,Compound butter - Sun-Dried Tomato,Sun-Dried Tomato + Basil Puree,,"FA-DE Tomatoes, Sun - Dried Julienned /Tomaten, sonnengetrocknete Julienne",PRO-00-139296-5,PRO,1.74,grams
FV0035A - Salmon with pesto [DE],REC-013940-4-006,Spinach - Creamed Spinach,,,"FA-DE Spice, Sea Salt /Gewürze, Meersalz",SPI-00-139378-5,SPI,0.14,grams
FV0035A - Salmon with pesto [DE],REC-013940-4-006,Spinach - Creamed Spinach,,,"FA-DE Onion, Spanish, Diced 5mm /Zwiebel, Spanisch, gewürfelt 5 mm",PHF-00-139212-3,PHF,12.01,grams
FV0035A - Salmon with pesto [DE],REC-013940-4-006,Spinach - Creamed Spinach,,,"FA-DE Cheese, Parmesan, Grated /Käse, Parmesan, gerieben",DAI-00-139127-3,DAI,9.01,grams
FV0035A - Salmon with pesto [DE],REC-013940-4-006,Spinach - Creamed Spinach,Thawed & Squeezed Frozen Spinach,,"FA-DE Spinach, Frozen Leaf/Spinat, gefrorener Blattspinat",PHF-00-139242-1,PHF,88.66,grams
FV0035A - Salmon with pesto [DE],REC-013940-4-006,Spinach - Creamed Spinach,,,"FA-DE Oil, Olive /Öl, Olivenöl",PRO-00-139277-5,PRO,3.01,grams
FV0035A - Salmon with pesto [DE],REC-013940-4-006,Spinach - Creamed Spinach,,,"FA-DE Cheese, Cream, 13% Fat (Milk) /Käse, Sahne, 13% Fett",DAI-00-139122-3,DAI,38.73,grams
FV0035A - Salmon with pesto [DE],REC-013940-4-006,Spinach - Creamed Spinach,,,"FA-DE Garlic, IQF, Diced 4 mm /Knoblauch, IQF, gewürfelt 4 mm",PHF-00-139237-1,PHF,3.01,grams
FV0035A - Salmon with pesto [DE],REC-013940-4-006,Sauce - Pesto,Toasted Sliced Almonds,,"FA-DE Almond, Sliced, Blanched /Mandeln, geschnitten, blanchiert",SPI-00-139147-5,SPI,3.03,grams
FV0035A - Salmon with pesto [DE],REC-013940-4-006,Sauce - Pesto,,,"FA-DE Cheese, Parmesan, Grated /Käse, Parmesan, gerieben",DAI-00-139127-3,DAI,3.72,grams
FV0035A - Salmon with pesto [DE],REC-013940-4-006,Sauce - Pesto,,,"FA-DE Spice, Sea Salt /Gewürze, Meersalz",SPI-00-139378-5,SPI,0.15,grams
FV0035A - Salmon with pesto [DE],REC-013940-4-006,Sauce - Pesto,,,"FA-DE Oil, Olive /Öl, Olivenöl",PRO-00-139277-5,PRO,17.24,grams
FV0035A - Salmon with pesto [DE],REC-013940-4-006,Sauce - Pesto,Basil Kill Step,Basil - Picked Basil Leaves,"FA-DE Basil, Fresh /Basilikum, frisch",PHF-00-139175-3,PHF,7.04,grams
FV0035A - Salmon with pesto [DE],REC-013940-4-006,Sauce - Pesto,,,"FA-DE Spice, Garlic Granulated /Gewürz, Knoblauch granuliert",SPI-00-139353-5,SPI,0.15,grams
FV0035A - Salmon with pesto [DE],REC-013940-4-006,Sauce - Pesto,Fresh Spinach Kill Step,,"FA-DE Spinach, Fresh, Stem Off /Spinat, frisch, ohne Stiel",PHF-00-139225-3,PHF,4.03,grams
FV0035A - Salmon with pesto [DE],REC-013940-4-006,S&P Roasted Green Beans 1,,,"FA-DE Oil, Olive /Öl, Olivenöl",PRO-00-139277-5,PRO,7.62,grams
FV0035A - Salmon with pesto [DE],REC-013940-4-006,S&P Roasted Green Beans 1,,,"FA-DE Spice, Sea Salt /Gewürze, Meersalz",SPI-00-139378-5,SPI,0.45,grams
FV0035A - Salmon with pesto [DE],REC-013940-4-006,S&P Roasted Green Beans 1,,,"FA-DE Spice, Black Pepper, Ground /Gewürz, schwarzer Pfeffer, gemahlen",SPI-00-139334-5,SPI,0.22,grams
FV0035A - Salmon with pesto [DE],REC-013940-4-006,S&P Roasted Green Beans 1,,,"FA-DE Green Beans, Fresh and Trimmed/Grüne Bohnen, frisch und geschnitten",PHF-00-139198-3,PHF,112.35,grams
FV0035A - Salmon with pesto [DE],REC-013940-4-006,Salmon - garlic seasoning,,,"FA-DE Salmon, Skinless, Boneless, Filet/Lachs, ohne Haut, ohne Knochen, Filet - IQF",PTN-00-139968-1,PTN,140,grams
FV0035A - Salmon with pesto [DE],REC-013940-4-006,Salmon - garlic seasoning,,,"FA-DE Spice, Sea Salt /Gewürze, Meersalz",SPI-00-139378-5,SPI,0.42,grams
FV0035A - Salmon with pesto [DE],REC-013940-4-006,Salmon - garlic seasoning,,,"FA-DE Spice, Garlic Granulated /Gewürz, Knoblauch granuliert",SPI-00-139353-5,SPI,0.14,grams
FV0035A - Salmon with pesto [DKSE],REC-013940-4-004,Salmon - garlic seasoning,,,"FA-DE Salmon, Skinless, Boneless, Filet/Lachs, ohne Haut, ohne Knochen, Filet - IQF",PTN-00-139968-1,PTN,140,grams
FV0035A - Salmon with pesto [DKSE],REC-013940-4-004,Salmon - garlic seasoning,,,"FA-DE Spice, Sea Salt /Gewürze, Meersalz",SPI-00-139378-5,SPI,0.42,grams
FV0035A - Salmon with pesto [DKSE],REC-013940-4-004,Salmon - garlic seasoning,,,"FA-DE Spice, Garlic Granulated /Gewürz, Knoblauch granuliert",SPI-00-139353-5,SPI,0.14,grams
FV0035A - Salmon with pesto [DKSE],REC-013940-4-004,Sauce - Pesto,Toasted Sliced Almonds,,"FA-DE Almond, Sliced, Blanched /Mandeln, geschnitten, blanchiert",SPI-00-139147-5,SPI,3.03,grams
FV0035A - Salmon with pesto [DKSE],REC-013940-4-004,Sauce - Pesto,,,"FA-DE Cheese, Parmesan, Grated /Käse, Parmesan, gerieben",DAI-00-139127-3,DAI,3.72,grams
FV0035A - Salmon with pesto [DKSE],REC-013940-4-004,Sauce - Pesto,,,"FA-DE Spice, Sea Salt /Gewürze, Meersalz",SPI-00-139378-5,SPI,0.15,grams
FV0035A - Salmon with pesto [DKSE],REC-013940-4-004,Sauce - Pesto,,,"FA-DE Oil, Olive /Öl, Olivenöl",PRO-00-139277-5,PRO,17.24,grams
FV0035A - Salmon with pesto [DKSE],REC-013940-4-004,Sauce - Pesto,Basil Kill Step,Basil - Picked Basil Leaves,"FA-DE Basil, Fresh /Basilikum, frisch",PHF-00-139175-3,PHF,7.04,grams
FV0035A - Salmon with pesto [DKSE],REC-013940-4-004,Sauce - Pesto,,,"FA-DE Spice, Garlic Granulated /Gewürz, Knoblauch granuliert",SPI-00-139353-5,SPI,0.15,grams
FV0035A - Salmon with pesto [DKSE],REC-013940-4-004,Sauce - Pesto,Fresh Spinach Kill Step,,"FA-DE Spinach, Fresh, Stem Off /Spinat, frisch, ohne Stiel",PHF-00-139225-3,PHF,4.03,grams
FV0035A - Salmon with pesto [DKSE],REC-013940-4-004,S&P Roasted Green Beans 1,,,"FA-DE Oil, Olive /Öl, Olivenöl",PRO-00-139277-5,PRO,7.62,grams
FV0035A - Salmon with pesto [DKSE],REC-013940-4-004,S&P Roasted Green Beans 1,,,"FA-DE Spice, Sea Salt /Gewürze, Meersalz",SPI-00-139378-5,SPI,0.45,grams
FV0035A - Salmon with pesto [DKSE],REC-013940-4-004,S&P Roasted Green Beans 1,,,"FA-DE Spice, Black Pepper, Ground /Gewürz, schwarzer Pfeffer, gemahlen",SPI-00-139334-5,SPI,0.22,grams
FV0035A - Salmon with pesto [DKSE],REC-013940-4-004,S&P Roasted Green Beans 1,,,"FA-DE Green Beans, Fresh and Trimmed/Grüne Bohnen, frisch und geschnitten",PHF-00-139198-3,PHF,112.35,grams
FV0035A - Salmon with pesto [DKSE],REC-013940-4-004,Spinach - Creamed Spinach,,,"FA-DE Spice, Sea Salt /Gewürze, Meersalz",SPI-00-139378-5,SPI,0.14,grams
FV0035A - Salmon with pesto [DKSE],REC-013940-4-004,Spinach - Creamed Spinach,,,"FA-DE Onion, Spanish, Diced 5mm /Zwiebel, Spanisch, gewürfelt 5 mm",PHF-00-139212-3,PHF,12.01,grams
FV0035A - Salmon with pesto [DKSE],REC-013940-4-004,Spinach - Creamed Spinach,,,"FA-DE Cheese, Parmesan, Grated /Käse, Parmesan, gerieben",DAI-00-139127-3,DAI,9.01,grams
FV0035A - Salmon with pesto [DKSE],REC-013940-4-004,Spinach - Creamed Spinach,Thawed & Squeezed Frozen Spinach,,"FA-DE Spinach, Frozen Leaf/Spinat, gefrorener Blattspinat",PHF-00-139242-1,PHF,88.66,grams
FV0035A - Salmon with pesto [DKSE],REC-013940-4-004,Spinach - Creamed Spinach,,,"FA-DE Oil, Olive /Öl, Olivenöl",PRO-00-139277-5,PRO,3.01,grams
FV0035A - Salmon with pesto [DKSE],REC-013940-4-004,Spinach - Creamed Spinach,,,"FA-DE Cheese, Cream, 13% Fat (Milk) /Käse, Sahne, 13% Fett",DAI-00-139122-3,DAI,38.73,grams
FV0035A - Salmon with pesto [DKSE],REC-013940-4-004,Spinach - Creamed Spinach,,,"FA-DE Garlic, IQF, Diced 4 mm /Knoblauch, IQF, gewürfelt 4 mm",PHF-00-139237-1,PHF,3.01,grams
FV0035A - Salmon with pesto [DKSE],REC-013940-4-004,Compound butter - Sun-Dried Tomato,,,"FA-DE Spice, Garlic Granulated /Gewürz, Knoblauch granuliert",SPI-00-139353-5,SPI,0.04,grams
FV0035A - Salmon with pesto [DKSE],REC-013940-4-004,Compound butter - Sun-Dried Tomato,Roasted Garlic (use),,"FA-DE Garlic, Peeled, Whole Cloves [10kg] /Knoblauch, geschält, ganze Nelken [10kg]",PHF-00-139197-3,PHF,1.17,grams
FV0035A - Salmon with pesto [DKSE],REC-013940-4-004,Compound butter - Sun-Dried Tomato,Roasted Garlic (use),,"FA-DE Oil, Olive /Öl, Olivenöl",PRO-00-139277-5,PRO,0.88,grams
FV0035A - Salmon with pesto [DKSE],REC-013940-4-004,Compound butter - Sun-Dried Tomato,,,"FA-DE Butter, Unsalted /Butter, ungesalzen",DAI-00-139146-3,DAI,9.32,grams
FV0035A - Salmon with pesto [DKSE],REC-013940-4-004,Compound butter - Sun-Dried Tomato,,,"FA-DE Spice, Sea Salt /Gewürze, Meersalz",SPI-00-139378-5,SPI,0.19,grams
FV0035A - Salmon with pesto [DKSE],REC-013940-4-004,Compound butter - Sun-Dried Tomato,Sun-Dried Tomato + Basil Puree,,FA-DE Water / Wasser,OTH-00-144038-5,OTH,1.74,grams
FV0035A - Salmon with pesto [DKSE],REC-013940-4-004,Compound butter - Sun-Dried Tomato,Sun-Dried Tomato + Basil Puree,Basil - Picked Basil Leaves,"FA-DE Basil, Fresh /Basilikum, frisch",PHF-00-139175-3,PHF,0.32,grams
FV0035A - Salmon with pesto [DKSE],REC-013940-4-004,Compound butter - Sun-Dried Tomato,Sun-Dried Tomato + Basil Puree,,"FA-DE Tomatoes, Sun - Dried Julienned /Tomaten, sonnengetrocknete Julienne",PRO-00-139296-5,PRO,1.74,grams
FV0281A - Baja Salmon [BNL],REC-014197-4-006,Sauce - Cilantro Sour Cream,,,"FA-DE Spice, Sea Salt /Gewürze, Meersalz",SPI-00-139378-5,SPI,0.29,grams
FV0281A - Baja Salmon [BNL],REC-014197-4-006,Sauce - Cilantro Sour Cream,,,"FA-DE Jalapeno Peppers, Diced 5mm /Jalapeno-Paprikaschoten, gewürfelt, 5 mm",PHF-00-139201-3,PHF,1.49,grams
FV0281A - Baja Salmon [BNL],REC-014197-4-006,Sauce - Cilantro Sour Cream,,,"FA-DE Juice, Lime /Saft, Limette",PRO-00-139268-5,PRO,1.49,grams
FV0281A - Baja Salmon [BNL],REC-014197-4-006,Sauce - Cilantro Sour Cream,,,"FA-DE Garlic, Peeled, Whole Cloves [10kg] /Knoblauch, geschält, ganze Nelken [10kg]",PHF-00-139197-3,PHF,0.29,grams
FV0281A - Baja Salmon [BNL],REC-014197-4-006,Sauce - Cilantro Sour Cream,,,FA-DE Sour Cream /Sauerrahm,DAI-00-139141-3,DAI,29.81,grams
FV0281A - Baja Salmon [BNL],REC-014197-4-006,Sauce - Cilantro Sour Cream,,,"FA-DE Coriander, Chopped /Koriander, gehackt",PHF-00-139192-3,PHF,7.45,grams
FV0281A - Baja Salmon [BNL],REC-014197-4-006,Compound butter - Chili-Garlic Butter - master batch,,,"FA-DE Spice, Minced Garlic, Toasted, Dry /Gewürz, gehackter Knoblauch, geröstet, trocken",SPI-00-139367-5,SPI,0.21,grams
FV0281A - Baja Salmon [BNL],REC-014197-4-006,Compound butter - Chili-Garlic Butter - master batch,,,"FA-DE Spice, Gochugaru Chili Pepper Flakes /Gewürz, Gochugaru-Chili-Pfefferflocken",SPI-00-139356-5,SPI,0.07,grams
FV0281A - Baja Salmon [BNL],REC-014197-4-006,Compound butter - Chili-Garlic Butter - master batch,,,"FA-DE Spice, Sea Salt /Gewürze, Meersalz",SPI-00-139378-5,SPI,0.07,grams
FV0281A - Baja Salmon [BNL],REC-014197-4-006,Compound butter - Chili-Garlic Butter - master batch,,,"FA-DE Spice, Black Pepper, Ground /Gewürz, schwarzer Pfeffer, gemahlen",SPI-00-139334-5,SPI,0.07,grams
FV0281A - Baja Salmon [BNL],REC-014197-4-006,Compound butter - Chili-Garlic Butter - master batch,,,"FA-DE Butter, Unsalted /Butter, ungesalzen",DAI-00-139146-3,DAI,5.63,grams
FV0281A - Baja Salmon [BNL],REC-014197-4-006,Compound butter - Chili-Garlic Butter - master batch,,,"FA-DE Spice, Guajillo Peppers, Ground /Gewürze, Guajillo-Paprikaschoten, gemahlen",SPI-00-139358-5,SPI,0.07,grams
FV0281A - Baja Salmon [BNL],REC-014197-4-006,Salmon - BAJA Salmon - Batch,,,"FA-DE Spice, Sea Salt /Gewürze, Meersalz",SPI-00-139378-5,SPI,0.6,grams
FV0281A - Baja Salmon [BNL],REC-014197-4-006,Salmon - BAJA Salmon - Batch,Marinade - Baja Marinade,,"FA-DE Spice, Onion Granulated /Gewürze, Zwiebeln granuliert",SPI-00-139370-5,SPI,0.54,grams
FV0281A - Baja Salmon [BNL],REC-014197-4-006,Salmon - BAJA Salmon - Batch,Marinade - Baja Marinade,,"FA-DE Juice, Lime /Saft, Limette",PRO-00-139268-5,PRO,0.37,grams
FV0281A - Baja Salmon [BNL],REC-014197-4-006,Salmon - BAJA Salmon - Batch,Marinade - Baja Marinade,,"FA-DE Spice, Smoked Paprika /Gewürz, geräucherter Paprika",SPI-00-139383-5,SPI,0.11,grams
FV0281A - Baja Salmon [BNL],REC-014197-4-006,Salmon - BAJA Salmon - Batch,Marinade - Baja Marinade,,"FA-DE Juice, Orange /Saft, Orange",PRO-00-139267-5,PRO,0.37,grams
FV0281A - Baja Salmon [BNL],REC-014197-4-006,Salmon - BAJA Salmon - Batch,Marinade - Baja Marinade,,"FA-DE Oil, Olive /Öl, Olivenöl",PRO-00-139277-5,PRO,5.27,grams
FV0281A - Baja Salmon [BNL],REC-014197-4-006,Salmon - BAJA Salmon - Batch,Marinade - Baja Marinade,,"FA-DE Spice, Ancho Chili Powder /Gewürz, Ancho-Chili-Pulver",SPI-00-139329-5,SPI,0.85,grams
FV0281A - Baja Salmon [BNL],REC-014197-4-006,Salmon - BAJA Salmon - Batch,Marinade - Baja Marinade,,"FA-DE Garlic, IQF, Diced 4 mm /Knoblauch, IQF, gewürfelt 4 mm",PHF-00-139237-1,PHF,2.1,grams
FV0281A - Baja Salmon [BNL],REC-014197-4-006,Salmon - BAJA Salmon - Batch,Marinade - Baja Marinade,,"FA-DE Spice, Cumin Ground /Gewürz, gemahlener Kreuzkümmel",SPI-00-139345-5,SPI,0.54,grams
FV0281A - Baja Salmon [BNL],REC-014197-4-006,Salmon - BAJA Salmon - Batch,Marinade - Baja Marinade,,"FA-DE Spice, Sea Salt /Gewürze, Meersalz",SPI-00-139378-5,SPI,0.31,grams
FV0281A - Baja Salmon [BNL],REC-014197-4-006,Salmon - BAJA Salmon - Batch,Marinade - Baja Marinade,,"FA-DE Spice, Black Pepper, Ground /Gewürz, schwarzer Pfeffer, gemahlen",SPI-00-139334-5,SPI,0.2,grams
FV0281A - Baja Salmon [BNL],REC-014197-4-006,Salmon - BAJA Salmon - Batch,,,"FA-DE Salmon, Skinless, Boneless, Filet/Lachs, ohne Haut, ohne Knochen, Filet - IQF",PTN-00-139968-1,PTN,140,grams
FV0281A - Baja Salmon [BNL],REC-014197-4-006,Broccoli - S&P Broccoli FLORETS - less salt,,,"FA-DE Spice, Sea Salt /Gewürze, Meersalz",SPI-00-139378-5,SPI,0.38,grams
FV0281A - Baja Salmon [BNL],REC-014197-4-006,Broccoli - S&P Broccoli FLORETS - less salt,,,"FA-DE Oil, Olive /Öl, Olivenöl",PRO-00-139277-5,PRO,8.5,grams
FV0281A - Baja Salmon [BNL],REC-014197-4-006,Broccoli - S&P Broccoli FLORETS - less salt,,,"FA-DE Spice, Garlic Powder, Toasted /Gewürz, Knoblauchpulver, geröstet",SPI-00-139354-5,SPI,0.3,grams
FV0281A - Baja Salmon [BNL],REC-014197-4-006,Broccoli - S&P Broccoli FLORETS - less salt,,,"FA-DE Broccoli, Florets, /Brokkoli, Röschen",PHF-00-143425-3,PHF,103.24,grams
FV0281A - Baja Salmon [BNL],REC-014197-4-006,Broccoli - S&P Broccoli FLORETS - less salt,,,"FA-DE Spice, Black Pepper, Ground /Gewürz, schwarzer Pfeffer, gemahlen",SPI-00-139334-5,SPI,0.38,grams
FV0281A - Baja Salmon [BNL],REC-014197-4-006,Compound butter - Chili-Garlic,,,"FA-DE Spice, Sea Salt /Gewürze, Meersalz",SPI-00-139378-5,SPI,0.07,grams
FV0281A - Baja Salmon [BNL],REC-014197-4-006,Compound butter - Chili-Garlic,,,"FA-DE Butter, Unsalted /Butter, ungesalzen",DAI-00-139146-3,DAI,5.63,grams
FV0281A - Baja Salmon [BNL],REC-014197-4-006,Compound butter - Chili-Garlic,,,"FA-DE Spice, Minced Garlic, Toasted, Dry /Gewürz, gehackter Knoblauch, geröstet, trocken",SPI-00-139367-5,SPI,0.21,grams
FV0281A - Baja Salmon [BNL],REC-014197-4-006,Compound butter - Chili-Garlic,,,"FA-DE Spice, Guajillo Peppers, Ground /Gewürze, Guajillo-Paprikaschoten, gemahlen",SPI-00-139358-5,SPI,0.07,grams
FV0281A - Baja Salmon [BNL],REC-014197-4-006,Compound butter - Chili-Garlic,,,"FA-DE Spice, Black Pepper, Ground /Gewürz, schwarzer Pfeffer, gemahlen",SPI-00-139334-5,SPI,0.07,grams
FV0281A - Baja Salmon [BNL],REC-014197-4-006,Compound butter - Chili-Garlic,,,"FA-DE Spice, Gochugaru Chili Pepper Flakes /Gewürz, Gochugaru-Chili-Pfefferflocken",SPI-00-139356-5,SPI,0.07,grams
FV0281A - Baja Salmon [BNL],REC-014197-4-006,Mexican Cauliflower Rice,,,"FA-DE Oil, Olive /Öl, Olivenöl",PRO-00-139277-5,PRO,3.02,grams
FV0281A - Baja Salmon [BNL],REC-014197-4-006,Mexican Cauliflower Rice,,,"FA-DE Spice, Sea Salt /Gewürze, Meersalz",SPI-00-139378-5,SPI,0.37,grams
FV0281A - Baja Salmon [BNL],REC-014197-4-006,Mexican Cauliflower Rice,,,"FA-DE Spice, Chili Powder /Gewürz, Chilipulver",SPI-00-139340-5,SPI,0.37,grams
FV0281A - Baja Salmon [BNL],REC-014197-4-006,Mexican Cauliflower Rice,,,"FA-DE Bell Peppers, Green, Diced 10mm /Paprika, grün, gewürfelt 10 mm",PHF-00-139176-3,PHF,6.79,grams
FV0281A - Baja Salmon [BNL],REC-014197-4-006,Mexican Cauliflower Rice,,,"FA-DE Bell Peppers, Red, Diced 10mm /Paprika, rot, gewürfelt 10 mm",PHF-00-139179-3,PHF,20.77,grams
FV0281A - Baja Salmon [BNL],REC-014197-4-006,Mexican Cauliflower Rice,,,"FA-DE Spice, Paprika /Gewürze, Paprika",SPI-00-139373-5,SPI,0.37,grams
FV0281A - Baja Salmon [BNL],REC-014197-4-006,Mexican Cauliflower Rice,,,"FA-DE Cauliflower, Riced, IQF /Blumenkohl, Reis, IQF",PHF-00-139233-1,PHF,111.41,grams
FV0281A - Baja Salmon [BNL],REC-014197-4-006,Mexican Cauliflower Rice,,,"FA-DE Spice, Cumin Ground /Gewürz, gemahlener Kreuzkümmel",SPI-00-139345-5,SPI,0.37,grams
FV0281A - Baja Salmon [BNL],REC-014197-4-006,Mexican Cauliflower Rice,,,"FA-DE Onion, Red, Diced 5mm /Zwiebeln, rot, gewürfelt 5 mm",PHF-00-139213-3,PHF,13.6,grams
FV0281A - Baja Salmon [DE],REC-014197-4-004,Sauce - Cilantro Sour Cream,,,"FA-DE Spice, Sea Salt /Gewürze, Meersalz",SPI-00-139378-5,SPI,0.29,grams
FV0281A - Baja Salmon [DE],REC-014197-4-004,Sauce - Cilantro Sour Cream,,,"FA-DE Jalapeno Peppers, Diced 5mm /Jalapeno-Paprikaschoten, gewürfelt, 5 mm",PHF-00-139201-3,PHF,1.49,grams
FV0281A - Baja Salmon [DE],REC-014197-4-004,Sauce - Cilantro Sour Cream,,,"FA-DE Juice, Lime /Saft, Limette",PRO-00-139268-5,PRO,1.49,grams
FV0281A - Baja Salmon [DE],REC-014197-4-004,Sauce - Cilantro Sour Cream,,,"FA-DE Garlic, Peeled, Whole Cloves [10kg] /Knoblauch, geschält, ganze Nelken [10kg]",PHF-00-139197-3,PHF,0.29,grams
FV0281A - Baja Salmon [DE],REC-014197-4-004,Sauce - Cilantro Sour Cream,,,FA-DE Sour Cream /Sauerrahm,DAI-00-139141-3,DAI,29.81,grams
FV0281A - Baja Salmon [DE],REC-014197-4-004,Sauce - Cilantro Sour Cream,,,"FA-DE Coriander, Chopped /Koriander, gehackt",PHF-00-139192-3,PHF,7.45,grams
FV0281A - Baja Salmon [DE],REC-014197-4-004,Compound butter - Chili-Garlic Butter - master batch,,,"FA-DE Spice, Minced Garlic, Toasted, Dry /Gewürz, gehackter Knoblauch, geröstet, trocken",SPI-00-139367-5,SPI,0.21,grams
FV0281A - Baja Salmon [DE],REC-014197-4-004,Compound butter - Chili-Garlic Butter - master batch,,,"FA-DE Spice, Gochugaru Chili Pepper Flakes /Gewürz, Gochugaru-Chili-Pfefferflocken",SPI-00-139356-5,SPI,0.07,grams
FV0281A - Baja Salmon [DE],REC-014197-4-004,Compound butter - Chili-Garlic Butter - master batch,,,"FA-DE Spice, Sea Salt /Gewürze, Meersalz",SPI-00-139378-5,SPI,0.07,grams
FV0281A - Baja Salmon [DE],REC-014197-4-004,Compound butter - Chili-Garlic Butter - master batch,,,"FA-DE Spice, Black Pepper, Ground /Gewürz, schwarzer Pfeffer, gemahlen",SPI-00-139334-5,SPI,0.07,grams
FV0281A - Baja Salmon [DE],REC-014197-4-004,Compound butter - Chili-Garlic Butter - master batch,,,"FA-DE Butter, Unsalted /Butter, ungesalzen",DAI-00-139146-3,DAI,5.63,grams
FV0281A - Baja Salmon [DE],REC-014197-4-004,Compound butter - Chili-Garlic Butter - master batch,,,"FA-DE Spice, Guajillo Peppers, Ground /Gewürze, Guajillo-Paprikaschoten, gemahlen",SPI-00-139358-5,SPI,0.07,grams
FV0281A - Baja Salmon [DE],REC-014197-4-004,Broccoli - S&P Broccoli FLORETS - less salt,,,"FA-DE Spice, Sea Salt /Gewürze, Meersalz",SPI-00-139378-5,SPI,0.38,grams
FV0281A - Baja Salmon [DE],REC-014197-4-004,Broccoli - S&P Broccoli FLORETS - less salt,,,"FA-DE Oil, Olive /Öl, Olivenöl",PRO-00-139277-5,PRO,8.5,grams
FV0281A - Baja Salmon [DE],REC-014197-4-004,Broccoli - S&P Broccoli FLORETS - less salt,,,"FA-DE Spice, Garlic Powder, Toasted /Gewürz, Knoblauchpulver, geröstet",SPI-00-139354-5,SPI,0.3,grams
FV0281A - Baja Salmon [DE],REC-014197-4-004,Broccoli - S&P Broccoli FLORETS - less salt,,,"FA-DE Broccoli, Florets, /Brokkoli, Röschen",PHF-00-143425-3,PHF,103.24,grams
FV0281A - Baja Salmon [DE],REC-014197-4-004,Broccoli - S&P Broccoli FLORETS - less salt,,,"FA-DE Spice, Black Pepper, Ground /Gewürz, schwarzer Pfeffer, gemahlen",SPI-00-139334-5,SPI,0.38,grams
FV0281A - Baja Salmon [DE],REC-014197-4-004,Mexican Cauliflower Rice,,,"FA-DE Oil, Olive /Öl, Olivenöl",PRO-00-139277-5,PRO,3.02,grams
FV0281A - Baja Salmon [DE],REC-014197-4-004,Mexican Cauliflower Rice,,,"FA-DE Spice, Sea Salt /Gewürze, Meersalz",SPI-00-139378-5,SPI,0.37,grams
FV0281A - Baja Salmon [DE],REC-014197-4-004,Mexican Cauliflower Rice,,,"FA-DE Spice, Chili Powder /Gewürz, Chilipulver",SPI-00-139340-5,SPI,0.37,grams
FV0281A - Baja Salmon [DE],REC-014197-4-004,Mexican Cauliflower Rice,,,"FA-DE Bell Peppers, Green, Diced 10mm /Paprika, grün, gewürfelt 10 mm",PHF-00-139176-3,PHF,6.79,grams
FV0281A - Baja Salmon [DE],REC-014197-4-004,Mexican Cauliflower Rice,,,"FA-DE Bell Peppers, Red, Diced 10mm /Paprika, rot, gewürfelt 10 mm",PHF-00-139179-3,PHF,20.77,grams
FV0281A - Baja Salmon [DE],REC-014197-4-004,Mexican Cauliflower Rice,,,"FA-DE Spice, Paprika /Gewürze, Paprika",SPI-00-139373-5,SPI,0.37,grams
FV0281A - Baja Salmon [DE],REC-014197-4-004,Mexican Cauliflower Rice,,,"FA-DE Cauliflower, Riced, IQF /Blumenkohl, Reis, IQF",PHF-00-139233-1,PHF,111.41,grams
FV0281A - Baja Salmon [DE],REC-014197-4-004,Mexican Cauliflower Rice,,,"FA-DE Spice, Cumin Ground /Gewürz, gemahlener Kreuzkümmel",SPI-00-139345-5,SPI,0.37,grams
FV0281A - Baja Salmon [DE],REC-014197-4-004,Mexican Cauliflower Rice,,,"FA-DE Onion, Red, Diced 5mm /Zwiebeln, rot, gewürfelt 5 mm",PHF-00-139213-3,PHF,13.6,grams
FV0281A - Baja Salmon [DE],REC-014197-4-004,Salmon - BAJA Salmon - Batch,,,"FA-DE Spice, Sea Salt /Gewürze, Meersalz",SPI-00-139378-5,SPI,0.6,grams
FV0281A - Baja Salmon [DE],REC-014197-4-004,Salmon - BAJA Salmon - Batch,Marinade - Baja Marinade,,"FA-DE Spice, Onion Granulated /Gewürze, Zwiebeln granuliert",SPI-00-139370-5,SPI,0.54,grams
FV0281A - Baja Salmon [DE],REC-014197-4-004,Salmon - BAJA Salmon - Batch,Marinade - Baja Marinade,,"FA-DE Juice, Lime /Saft, Limette",PRO-00-139268-5,PRO,0.37,grams
FV0281A - Baja Salmon [DE],REC-014197-4-004,Salmon - BAJA Salmon - Batch,Marinade - Baja Marinade,,"FA-DE Spice, Smoked Paprika /Gewürz, geräucherter Paprika",SPI-00-139383-5,SPI,0.11,grams
FV0281A - Baja Salmon [DE],REC-014197-4-004,Salmon - BAJA Salmon - Batch,Marinade - Baja Marinade,,"FA-DE Juice, Orange /Saft, Orange",PRO-00-139267-5,PRO,0.37,grams
FV0281A - Baja Salmon [DE],REC-014197-4-004,Salmon - BAJA Salmon - Batch,Marinade - Baja Marinade,,"FA-DE Oil, Olive /Öl, Olivenöl",PRO-00-139277-5,PRO,5.27,grams
FV0281A - Baja Salmon [DE],REC-014197-4-004,Salmon - BAJA Salmon - Batch,Marinade - Baja Marinade,,"FA-DE Spice, Ancho Chili Powder /Gewürz, Ancho-Chili-Pulver",SPI-00-139329-5,SPI,0.85,grams
FV0281A - Baja Salmon [DE],REC-014197-4-004,Salmon - BAJA Salmon - Batch,Marinade - Baja Marinade,,"FA-DE Garlic, IQF, Diced 4 mm /Knoblauch, IQF, gewürfelt 4 mm",PHF-00-139237-1,PHF,2.1,grams
FV0281A - Baja Salmon [DE],REC-014197-4-004,Salmon - BAJA Salmon - Batch,Marinade - Baja Marinade,,"FA-DE Spice, Cumin Ground /Gewürz, gemahlener Kreuzkümmel",SPI-00-139345-5,SPI,0.54,grams
FV0281A - Baja Salmon [DE],REC-014197-4-004,Salmon - BAJA Salmon - Batch,Marinade - Baja Marinade,,"FA-DE Spice, Sea Salt /Gewürze, Meersalz",SPI-00-139378-5,SPI,0.31,grams
FV0281A - Baja Salmon [DE],REC-014197-4-004,Salmon - BAJA Salmon - Batch,Marinade - Baja Marinade,,"FA-DE Spice, Black Pepper, Ground /Gewürz, schwarzer Pfeffer, gemahlen",SPI-00-139334-5,SPI,0.2,grams
FV0281A - Baja Salmon [DE],REC-014197-4-004,Salmon - BAJA Salmon - Batch,,,"FA-DE Salmon, Skinless, Boneless, Filet/Lachs, ohne Haut, ohne Knochen, Filet - IQF",PTN-00-139968-1,PTN,140,grams
FV0281A - Baja Salmon [DE],REC-014197-4-004,Compound butter - Chili-Garlic,,,"FA-DE Spice, Sea Salt /Gewürze, Meersalz",SPI-00-139378-5,SPI,0.07,grams
FV0281A - Baja Salmon [DE],REC-014197-4-004,Compound butter - Chili-Garlic,,,"FA-DE Butter, Unsalted /Butter, ungesalzen",DAI-00-139146-3,DAI,5.63,grams
FV0281A - Baja Salmon [DE],REC-014197-4-004,Compound butter - Chili-Garlic,,,"FA-DE Spice, Minced Garlic, Toasted, Dry /Gewürz, gehackter Knoblauch, geröstet, trocken",SPI-00-139367-5,SPI,0.21,grams
FV0281A - Baja Salmon [DE],REC-014197-4-004,Compound butter - Chili-Garlic,,,"FA-DE Spice, Guajillo Peppers, Ground /Gewürze, Guajillo-Paprikaschoten, gemahlen",SPI-00-139358-5,SPI,0.07,grams
FV0281A - Baja Salmon [DE],REC-014197-4-004,Compound butter - Chili-Garlic,,,"FA-DE Spice, Black Pepper, Ground /Gewürz, schwarzer Pfeffer, gemahlen",SPI-00-139334-5,SPI,0.07,grams
FV0281A - Baja Salmon [DE],REC-014197-4-004,Compound butter - Chili-Garlic,,,"FA-DE Spice, Gochugaru Chili Pepper Flakes /Gewürz, Gochugaru-Chili-Pfefferflocken",SPI-00-139356-5,SPI,0.07,grams
FV0281A - Baja Salmon [DKSE],REC-014197-4-005,Broccoli - S&P Broccoli FLORETS - less salt,,,"FA-DE Spice, Sea Salt /Gewürze, Meersalz",SPI-00-139378-5,SPI,0.38,grams
FV0281A - Baja Salmon [DKSE],REC-014197-4-005,Broccoli - S&P Broccoli FLORETS - less salt,,,"FA-DE Oil, Olive /Öl, Olivenöl",PRO-00-139277-5,PRO,8.5,grams
FV0281A - Baja Salmon [DKSE],REC-014197-4-005,Broccoli - S&P Broccoli FLORETS - less salt,,,"FA-DE Spice, Garlic Powder, Toasted /Gewürz, Knoblauchpulver, geröstet",SPI-00-139354-5,SPI,0.3,grams
FV0281A - Baja Salmon [DKSE],REC-014197-4-005,Broccoli - S&P Broccoli FLORETS - less salt,,,"FA-DE Broccoli, Florets, /Brokkoli, Röschen",PHF-00-143425-3,PHF,103.24,grams
FV0281A - Baja Salmon [DKSE],REC-014197-4-005,Broccoli - S&P Broccoli FLORETS - less salt,,,"FA-DE Spice, Black Pepper, Ground /Gewürz, schwarzer Pfeffer, gemahlen",SPI-00-139334-5,SPI,0.38,grams
FV0281A - Baja Salmon [DKSE],REC-014197-4-005,Sauce - Cilantro Sour Cream,,,"FA-DE Spice, Sea Salt /Gewürze, Meersalz",SPI-00-139378-5,SPI,0.29,grams
FV0281A - Baja Salmon [DKSE],REC-014197-4-005,Sauce - Cilantro Sour Cream,,,"FA-DE Jalapeno Peppers, Diced 5mm /Jalapeno-Paprikaschoten, gewürfelt, 5 mm",PHF-00-139201-3,PHF,1.49,grams
FV0281A - Baja Salmon [DKSE],REC-014197-4-005,Sauce - Cilantro Sour Cream,,,"FA-DE Juice, Lime /Saft, Limette",PRO-00-139268-5,PRO,1.49,grams
FV0281A - Baja Salmon [DKSE],REC-014197-4-005,Sauce - Cilantro Sour Cream,,,"FA-DE Garlic, Peeled, Whole Cloves [10kg] /Knoblauch, geschält, ganze Nelken [10kg]",PHF-00-139197-3,PHF,0.29,grams
FV0281A - Baja Salmon [DKSE],REC-014197-4-005,Sauce - Cilantro Sour Cream,,,FA-DE Sour Cream /Sauerrahm,DAI-00-139141-3,DAI,29.81,grams
FV0281A - Baja Salmon [DKSE],REC-014197-4-005,Sauce - Cilantro Sour Cream,,,"FA-DE Coriander, Chopped /Koriander, gehackt",PHF-00-139192-3,PHF,7.45,grams
FV0281A - Baja Salmon [DKSE],REC-014197-4-005,Mexican Cauliflower Rice,,,"FA-DE Oil, Olive /Öl, Olivenöl",PRO-00-139277-5,PRO,3.02,grams
FV0281A - Baja Salmon [DKSE],REC-014197-4-005,Mexican Cauliflower Rice,,,"FA-DE Spice, Sea Salt /Gewürze, Meersalz",SPI-00-139378-5,SPI,0.37,grams
FV0281A - Baja Salmon [DKSE],REC-014197-4-005,Mexican Cauliflower Rice,,,"FA-DE Spice, Chili Powder /Gewürz, Chilipulver",SPI-00-139340-5,SPI,0.37,grams
FV0281A - Baja Salmon [DKSE],REC-014197-4-005,Mexican Cauliflower Rice,,,"FA-DE Bell Peppers, Green, Diced 10mm /Paprika, grün, gewürfelt 10 mm",PHF-00-139176-3,PHF,6.79,grams
FV0281A - Baja Salmon [DKSE],REC-014197-4-005,Mexican Cauliflower Rice,,,"FA-DE Bell Peppers, Red, Diced 10mm /Paprika, rot, gewürfelt 10 mm",PHF-00-139179-3,PHF,20.77,grams
FV0281A - Baja Salmon [DKSE],REC-014197-4-005,Mexican Cauliflower Rice,,,"FA-DE Spice, Paprika /Gewürze, Paprika",SPI-00-139373-5,SPI,0.37,grams
FV0281A - Baja Salmon [DKSE],REC-014197-4-005,Mexican Cauliflower Rice,,,"FA-DE Cauliflower, Riced, IQF /Blumenkohl, Reis, IQF",PHF-00-139233-1,PHF,111.41,grams
FV0281A - Baja Salmon [DKSE],REC-014197-4-005,Mexican Cauliflower Rice,,,"FA-DE Spice, Cumin Ground /Gewürz, gemahlener Kreuzkümmel",SPI-00-139345-5,SPI,0.37,grams
FV0281A - Baja Salmon [DKSE],REC-014197-4-005,Mexican Cauliflower Rice,,,"FA-DE Onion, Red, Diced 5mm /Zwiebeln, rot, gewürfelt 5 mm",PHF-00-139213-3,PHF,13.6,grams
FV0281A - Baja Salmon [DKSE],REC-014197-4-005,Compound butter - Chili-Garlic Butter - master batch,,,"FA-DE Spice, Minced Garlic, Toasted, Dry /Gewürz, gehackter Knoblauch, geröstet, trocken",SPI-00-139367-5,SPI,0.21,grams
FV0281A - Baja Salmon [DKSE],REC-014197-4-005,Compound butter - Chili-Garlic Butter - master batch,,,"FA-DE Spice, Gochugaru Chili Pepper Flakes /Gewürz, Gochugaru-Chili-Pfefferflocken",SPI-00-139356-5,SPI,0.07,grams
FV0281A - Baja Salmon [DKSE],REC-014197-4-005,Compound butter - Chili-Garlic Butter - master batch,,,"FA-DE Spice, Sea Salt /Gewürze, Meersalz",SPI-00-139378-5,SPI,0.07,grams
FV0281A - Baja Salmon [DKSE],REC-014197-4-005,Compound butter - Chili-Garlic Butter - master batch,,,"FA-DE Spice, Black Pepper, Ground /Gewürz, schwarzer Pfeffer, gemahlen",SPI-00-139334-5,SPI,0.07,grams
FV0281A - Baja Salmon [DKSE],REC-014197-4-005,Compound butter - Chili-Garlic Butter - master batch,,,"FA-DE Butter, Unsalted /Butter, ungesalzen",DAI-00-139146-3,DAI,5.63,grams
FV0281A - Baja Salmon [DKSE],REC-014197-4-005,Compound butter - Chili-Garlic Butter - master batch,,,"FA-DE Spice, Guajillo Peppers, Ground /Gewürze, Guajillo-Paprikaschoten, gemahlen",SPI-00-139358-5,SPI,0.07,grams
FV0281A - Baja Salmon [DKSE],REC-014197-4-005,Compound butter - Chili-Garlic,,,"FA-DE Spice, Sea Salt /Gewürze, Meersalz",SPI-00-139378-5,SPI,0.07,grams
FV0281A - Baja Salmon [DKSE],REC-014197-4-005,Compound butter - Chili-Garlic,,,"FA-DE Butter, Unsalted /Butter, ungesalzen",DAI-00-139146-3,DAI,5.63,grams
FV0281A - Baja Salmon [DKSE],REC-014197-4-005,Compound butter - Chili-Garlic,,,"FA-DE Spice, Minced Garlic, Toasted, Dry /Gewürz, gehackter Knoblauch, geröstet, trocken",SPI-00-139367-5,SPI,0.21,grams
FV0281A - Baja Salmon [DKSE],REC-014197-4-005,Compound butter - Chili-Garlic,,,"FA-DE Spice, Guajillo Peppers, Ground /Gewürze, Guajillo-Paprikaschoten, gemahlen",SPI-00-139358-5,SPI,0.07,grams
FV0281A - Baja Salmon [DKSE],REC-014197-4-005,Compound butter - Chili-Garlic,,,"FA-DE Spice, Black Pepper, Ground /Gewürz, schwarzer Pfeffer, gemahlen",SPI-00-139334-5,SPI,0.07,grams
FV0281A - Baja Salmon [DKSE],REC-014197-4-005,Compound butter - Chili-Garlic,,,"FA-DE Spice, Gochugaru Chili Pepper Flakes /Gewürz, Gochugaru-Chili-Pfefferflocken",SPI-00-139356-5,SPI,0.07,grams
FV0281A - Baja Salmon [DKSE],REC-014197-4-005,Salmon - BAJA Salmon - Batch,,,"FA-DE Spice, Sea Salt /Gewürze, Meersalz",SPI-00-139378-5,SPI,0.6,grams
FV0281A - Baja Salmon [DKSE],REC-014197-4-005,Salmon - BAJA Salmon - Batch,Marinade - Baja Marinade,,"FA-DE Spice, Onion Granulated /Gewürze, Zwiebeln granuliert",SPI-00-139370-5,SPI,0.54,grams
FV0281A - Baja Salmon [DKSE],REC-014197-4-005,Salmon - BAJA Salmon - Batch,Marinade - Baja Marinade,,"FA-DE Juice, Lime /Saft, Limette",PRO-00-139268-5,PRO,0.37,grams
FV0281A - Baja Salmon [DKSE],REC-014197-4-005,Salmon - BAJA Salmon - Batch,Marinade - Baja Marinade,,"FA-DE Spice, Smoked Paprika /Gewürz, geräucherter Paprika",SPI-00-139383-5,SPI,0.11,grams
FV0281A - Baja Salmon [DKSE],REC-014197-4-005,Salmon - BAJA Salmon - Batch,Marinade - Baja Marinade,,"FA-DE Juice, Orange /Saft, Orange",PRO-00-139267-5,PRO,0.37,grams
FV0281A - Baja Salmon [DKSE],REC-014197-4-005,Salmon - BAJA Salmon - Batch,Marinade - Baja Marinade,,"FA-DE Oil, Olive /Öl, Olivenöl",PRO-00-139277-5,PRO,5.27,grams
FV0281A - Baja Salmon [DKSE],REC-014197-4-005,Salmon - BAJA Salmon - Batch,Marinade - Baja Marinade,,"FA-DE Spice, Ancho Chili Powder /Gewürz, Ancho-Chili-Pulver",SPI-00-139329-5,SPI,0.85,grams
FV0281A - Baja Salmon [DKSE],REC-014197-4-005,Salmon - BAJA Salmon - Batch,Marinade - Baja Marinade,,"FA-DE Garlic, IQF, Diced 4 mm /Knoblauch, IQF, gewürfelt 4 mm",PHF-00-139237-1,PHF,2.1,grams
FV0281A - Baja Salmon [DKSE],REC-014197-4-005,Salmon - BAJA Salmon - Batch,Marinade - Baja Marinade,,"FA-DE Spice, Cumin Ground /Gewürz, gemahlener Kreuzkümmel",SPI-00-139345-5,SPI,0.54,grams
FV0281A - Baja Salmon [DKSE],REC-014197-4-005,Salmon - BAJA Salmon - Batch,Marinade - Baja Marinade,,"FA-DE Spice, Sea Salt /Gewürze, Meersalz",SPI-00-139378-5,SPI,0.31,grams
FV0281A - Baja Salmon [DKSE],REC-014197-4-005,Salmon - BAJA Salmon - Batch,Marinade - Baja Marinade,,"FA-DE Spice, Black Pepper, Ground /Gewürz, schwarzer Pfeffer, gemahlen",SPI-00-139334-5,SPI,0.2,grams
FV0281A - Baja Salmon [DKSE],REC-014197-4-005,Salmon - BAJA Salmon - Batch,,,"FA-DE Salmon, Skinless, Boneless, Filet/Lachs, ohne Haut, ohne Knochen, Filet - IQF",PTN-00-139968-1,PTN,140,grams
FV0333A - Tuscan Shrimp [BNL],REC-013835-4-004,"Zucchini/Pepper/Onion Mix for Tuscan Shrimp - 1/2"" Diced",,,"FA-DE Onion, Red, Diced 10mm/Zwiebeln, rot, gewürfelt, 10 mm",PHF-00-139216-3,PHF,13.01,grams
FV0333A - Tuscan Shrimp [BNL],REC-013835-4-004,"Zucchini/Pepper/Onion Mix for Tuscan Shrimp - 1/2"" Diced",Tuscan Spice,,"FA-DE Spice, Fennel Ground /Gewürz, Fenchel gemahlen",SPI-00-139351-5,SPI,0.05,grams
FV0333A - Tuscan Shrimp [BNL],REC-013835-4-004,"Zucchini/Pepper/Onion Mix for Tuscan Shrimp - 1/2"" Diced",Tuscan Spice,,"FA-DE Spice, Basil, Dried /Gewürz, Basilikum, getrocknet",SPI-00-139331-5,SPI,0.15,grams
FV0333A - Tuscan Shrimp [BNL],REC-013835-4-004,"Zucchini/Pepper/Onion Mix for Tuscan Shrimp - 1/2"" Diced",Tuscan Spice,,"FA-DE Spice, Cayenne Pepper /Gewürz, Cayennepfeffer",SPI-00-139339-5,SPI,0.03,grams
FV0333A - Tuscan Shrimp [BNL],REC-013835-4-004,"Zucchini/Pepper/Onion Mix for Tuscan Shrimp - 1/2"" Diced",Tuscan Spice,,"FA-DE Spice, Oregano Dry /Gewürz, Oregano trocken",SPI-00-139372-5,SPI,0.1,grams
FV0333A - Tuscan Shrimp [BNL],REC-013835-4-004,"Zucchini/Pepper/Onion Mix for Tuscan Shrimp - 1/2"" Diced",Tuscan Spice,,"FA-DE Spice, Rosemary, Powder /Gewürz, Rosmarin, Pulver",SPI-00-139376-5,SPI,0.1,grams
FV0333A - Tuscan Shrimp [BNL],REC-013835-4-004,"Zucchini/Pepper/Onion Mix for Tuscan Shrimp - 1/2"" Diced",Tuscan Spice,,"FA-DE Spice, Garlic Granulated /Gewürz, Knoblauch granuliert",SPI-00-139353-5,SPI,0.15,grams
FV0333A - Tuscan Shrimp [BNL],REC-013835-4-004,"Zucchini/Pepper/Onion Mix for Tuscan Shrimp - 1/2"" Diced",,,"FA-DE Oil, Olive /Öl, Olivenöl",PRO-00-139277-5,PRO,2.89,grams
FV0333A - Tuscan Shrimp [BNL],REC-013835-4-004,"Zucchini/Pepper/Onion Mix for Tuscan Shrimp - 1/2"" Diced",,,"FA-DE Zucchini, Diced 10mm /Zucchini, gewürfelt 10 mm",PHF-00-139229-3,PHF,75.15,grams
FV0333A - Tuscan Shrimp [BNL],REC-013835-4-004,"Zucchini/Pepper/Onion Mix for Tuscan Shrimp - 1/2"" Diced",,,"FA-DE Spice, Sea Salt /Gewürze, Meersalz",SPI-00-139378-5,SPI,0.24,grams
FV0333A - Tuscan Shrimp [BNL],REC-013835-4-004,"Zucchini/Pepper/Onion Mix for Tuscan Shrimp - 1/2"" Diced",,,"FA-DE Bell Peppers, Red, Diced 10mm /Paprika, rot, gewürfelt 10 mm",PHF-00-139179-3,PHF,19.36,grams
FV0333A - Tuscan Shrimp [BNL],REC-013835-4-004,Creamed Kale - Cream Cheese,,,"FA-DE Milk, Whole /Milch, voll",DAI-00-139142-3,DAI,3.86,grams
FV0333A - Tuscan Shrimp [BNL],REC-013835-4-004,Creamed Kale - Cream Cheese,,,FA-DE Heavy Cream 20% /Sahne 20%,DAI-00-139137-3,DAI,47.58,grams
FV0333A - Tuscan Shrimp [BNL],REC-013835-4-004,Creamed Kale - Cream Cheese,,,"FA-DE Spice, White Pepper /Gewürz, weißer Pfeffer",SPI-00-139387-5,SPI,0.07,grams
FV0333A - Tuscan Shrimp [BNL],REC-013835-4-004,Creamed Kale - Cream Cheese,,,"FA-DE Cheese, Cream, 13% Fat (Milk) /Käse, Sahne, 13% Fett",DAI-00-139122-3,DAI,7.72,grams
FV0333A - Tuscan Shrimp [BNL],REC-013835-4-004,Creamed Kale - Cream Cheese,"Steamed Kale - 1/2""diced",,"FA-DE Kale, Shredded 5mm /Grünkohl, geschreddert, 5 mm",PHF-00-139203-3,PHF,26.16,grams
FV0333A - Tuscan Shrimp [BNL],REC-013835-4-004,Creamed Kale - Cream Cheese,,,"FA-DE Spice, Sea Salt /Gewürze, Meersalz",SPI-00-139378-5,SPI,0.6,grams
FV0333A - Tuscan Shrimp [BNL],REC-013835-4-004,Creamed Kale - Cream Cheese,Roasted Onions/Garlic,,"FA-DE Onion, Spanish, Diced 5mm /Zwiebel, Spanisch, gewürfelt 5 mm",PHF-00-139212-3,PHF,9.65,grams
FV0333A - Tuscan Shrimp [BNL],REC-013835-4-004,Creamed Kale - Cream Cheese,Roasted Onions/Garlic,,"FA-DE Garlic, IQF, Diced 4 mm /Knoblauch, IQF, gewürfelt 4 mm",PHF-00-139237-1,PHF,3.85,grams
FV0333A - Tuscan Shrimp [BNL],REC-013835-4-004,Creamed Kale - Cream Cheese,Roasted Onions/Garlic,,"FA-DE Oil, Olive /Öl, Olivenöl",PRO-00-139277-5,PRO,2.7,grams
FV0333A - Tuscan Shrimp [BNL],REC-013835-4-004,Creamed Kale - Cream Cheese,,,"FA-DE Cheese, Parmesan, Grated /Käse, Parmesan, gerieben",DAI-00-139127-3,DAI,6.57,grams
FV0333A - Tuscan Shrimp [BNL],REC-013835-4-004,Sauce - Tuscan Shrimp Butter Sauce,,,"FA-DE Butter, Unsalted /Butter, ungesalzen",DAI-00-139146-3,DAI,15.91,grams
FV0333A - Tuscan Shrimp [BNL],REC-013835-4-004,Sauce - Tuscan Shrimp Butter Sauce,,,"FA-DE Spice, Minced Garlic, Toasted, Dry /Gewürz, gehackter Knoblauch, geröstet, trocken",SPI-00-139367-5,SPI,0.42,grams
FV0333A - Tuscan Shrimp [BNL],REC-013835-4-004,Sauce - Tuscan Shrimp Butter Sauce,,,"FA-DE Gum, Xanthan /Gummi, Xanthan",DRY-00-139153-5,DRY,0.08,grams
FV0333A - Tuscan Shrimp [BNL],REC-013835-4-004,Sauce - Tuscan Shrimp Butter Sauce,,,"FA-DE Onion, Spanish, Diced 5mm /Zwiebel, Spanisch, gewürfelt 5 mm",PHF-00-139212-3,PHF,3.82,grams
FV0333A - Tuscan Shrimp [BNL],REC-013835-4-004,Sauce - Tuscan Shrimp Butter Sauce,,,"FA-DE Spice, Black Pepper, Ground /Gewürz, schwarzer Pfeffer, gemahlen",SPI-00-139334-5,SPI,0.1,grams
FV0333A - Tuscan Shrimp [BNL],REC-013835-4-004,Sauce - Tuscan Shrimp Butter Sauce,,,FA-DE Water / Wasser,OTH-00-144038-5,OTH,16.23,grams
FV0333A - Tuscan Shrimp [BNL],REC-013835-4-004,Sauce - Tuscan Shrimp Butter Sauce,,,"FA-DE Garlic, IQF, Diced 4 mm /Knoblauch, IQF, gewürfelt 4 mm",PHF-00-139237-1,PHF,1.21,grams
FV0333A - Tuscan Shrimp [BNL],REC-013835-4-004,Sauce - Tuscan Shrimp Butter Sauce,,,"FA-DE Spice, Sea Salt /Gewürze, Meersalz",SPI-00-139378-5,SPI,0.24,grams
FV0333A - Tuscan Shrimp [BNL],REC-013835-4-004,Sauce - Tuscan Shrimp Butter Sauce,,,"FA-DE Spice, Garlic Powder, Toasted /Gewürz, Knoblauchpulver, geröstet",SPI-00-139354-5,SPI,0.31,grams
FV0333A - Tuscan Shrimp [BNL],REC-013835-4-004,Sauce - Tuscan Shrimp Butter Sauce,,,"FA-DE Spice, Parsley Dried /Gewürze, getrocknete Petersilie",SPI-00-139374-5,SPI,0.04,grams
FV0333A - Tuscan Shrimp [BNL],REC-013835-4-004,Sauce - Tuscan Shrimp Butter Sauce,,,"FA-DE Stock Concentrate, Mirepoix /Stammkonzentrat, Mirepoix",PRO-00-139287-5,PRO,0.8,grams
FV0333A - Tuscan Shrimp [BNL],REC-013835-4-004,Tuscan Shrimp batch,,,FA-DE Prawns 21/25 /Garnelen 21/25 - IQF,PTN-00-139321-1,PTN,138.92,grams
FV0333A - Tuscan Shrimp [BNL],REC-013835-4-004,Tuscan Shrimp batch,Tuscan Marinade - No salt,,"FA-DE Oil, Olive /Öl, Olivenöl",PRO-00-139277-5,PRO,7.73,grams
FV0333A - Tuscan Shrimp [BNL],REC-013835-4-004,Tuscan Shrimp batch,Tuscan Marinade - No salt,,"FA-DE Garlic, IQF, Diced 4 mm /Knoblauch, IQF, gewürfelt 4 mm",PHF-00-139237-1,PHF,2.06,grams
FV0333A - Tuscan Shrimp [BNL],REC-013835-4-004,Tuscan Shrimp batch,Tuscan Marinade - No salt,Tuscan Spice,"FA-DE Spice, Fennel Ground /Gewürz, Fenchel gemahlen",SPI-00-139351-5,SPI,0.11,grams
FV0333A - Tuscan Shrimp [BNL],REC-013835-4-004,Tuscan Shrimp batch,Tuscan Marinade - No salt,Tuscan Spice,"FA-DE Spice, Basil, Dried /Gewürz, Basilikum, getrocknet",SPI-00-139331-5,SPI,0.32,grams
FV0333A - Tuscan Shrimp [BNL],REC-013835-4-004,Tuscan Shrimp batch,Tuscan Marinade - No salt,Tuscan Spice,"FA-DE Spice, Cayenne Pepper /Gewürz, Cayennepfeffer",SPI-00-139339-5,SPI,0.05,grams
FV0333A - Tuscan Shrimp [BNL],REC-013835-4-004,Tuscan Shrimp batch,Tuscan Marinade - No salt,Tuscan Spice,"FA-DE Spice, Oregano Dry /Gewürz, Oregano trocken",SPI-00-139372-5,SPI,0.22,grams
FV0333A - Tuscan Shrimp [BNL],REC-013835-4-004,Tuscan Shrimp batch,Tuscan Marinade - No salt,Tuscan Spice,"FA-DE Spice, Rosemary, Powder /Gewürz, Rosmarin, Pulver",SPI-00-139376-5,SPI,0.22,grams
FV0333A - Tuscan Shrimp [BNL],REC-013835-4-004,Tuscan Shrimp batch,Tuscan Marinade - No salt,Tuscan Spice,"FA-DE Spice, Garlic Granulated /Gewürz, Knoblauch granuliert",SPI-00-139353-5,SPI,0.32,grams
FV0333A - Tuscan Shrimp [BNL],REC-013835-4-004,Tuscan Shrimp batch,Tuscan Marinade - No salt,,"FA-DE Spice, Black Pepper, Ground /Gewürz, schwarzer Pfeffer, gemahlen",SPI-00-139334-5,SPI,0.17,grams
FV0333A - Tuscan Shrimp [DE],REC-013835-4-002,Tuscan Shrimp batch,,,FA-DE Prawns 21/25 /Garnelen 21/25 - IQF,PTN-00-139321-1,PTN,138.92,grams
FV0333A - Tuscan Shrimp [DE],REC-013835-4-002,Tuscan Shrimp batch,Tuscan Marinade - No salt,,"FA-DE Oil, Olive /Öl, Olivenöl",PRO-00-139277-5,PRO,7.73,grams
FV0333A - Tuscan Shrimp [DE],REC-013835-4-002,Tuscan Shrimp batch,Tuscan Marinade - No salt,,"FA-DE Garlic, IQF, Diced 4 mm /Knoblauch, IQF, gewürfelt 4 mm",PHF-00-139237-1,PHF,2.06,grams
FV0333A - Tuscan Shrimp [DE],REC-013835-4-002,Tuscan Shrimp batch,Tuscan Marinade - No salt,Tuscan Spice,"FA-DE Spice, Fennel Ground /Gewürz, Fenchel gemahlen",SPI-00-139351-5,SPI,0.11,grams
FV0333A - Tuscan Shrimp [DE],REC-013835-4-002,Tuscan Shrimp batch,Tuscan Marinade - No salt,Tuscan Spice,"FA-DE Spice, Basil, Dried /Gewürz, Basilikum, getrocknet",SPI-00-139331-5,SPI,0.32,grams
FV0333A - Tuscan Shrimp [DE],REC-013835-4-002,Tuscan Shrimp batch,Tuscan Marinade - No salt,Tuscan Spice,"FA-DE Spice, Cayenne Pepper /Gewürz, Cayennepfeffer",SPI-00-139339-5,SPI,0.05,grams
FV0333A - Tuscan Shrimp [DE],REC-013835-4-002,Tuscan Shrimp batch,Tuscan Marinade - No salt,Tuscan Spice,"FA-DE Spice, Oregano Dry /Gewürz, Oregano trocken",SPI-00-139372-5,SPI,0.22,grams
FV0333A - Tuscan Shrimp [DE],REC-013835-4-002,Tuscan Shrimp batch,Tuscan Marinade - No salt,Tuscan Spice,"FA-DE Spice, Rosemary, Powder /Gewürz, Rosmarin, Pulver",SPI-00-139376-5,SPI,0.22,grams
FV0333A - Tuscan Shrimp [DE],REC-013835-4-002,Tuscan Shrimp batch,Tuscan Marinade - No salt,Tuscan Spice,"FA-DE Spice, Garlic Granulated /Gewürz, Knoblauch granuliert",SPI-00-139353-5,SPI,0.32,grams
FV0333A - Tuscan Shrimp [DE],REC-013835-4-002,Tuscan Shrimp batch,Tuscan Marinade - No salt,,"FA-DE Spice, Black Pepper, Ground /Gewürz, schwarzer Pfeffer, gemahlen",SPI-00-139334-5,SPI,0.17,grams
FV0333A - Tuscan Shrimp [DE],REC-013835-4-002,"Zucchini/Pepper/Onion Mix for Tuscan Shrimp - 1/2"" Diced",,,"FA-DE Onion, Red, Diced 10mm/Zwiebeln, rot, gewürfelt, 10 mm",PHF-00-139216-3,PHF,13.01,grams
FV0333A - Tuscan Shrimp [DE],REC-013835-4-002,"Zucchini/Pepper/Onion Mix for Tuscan Shrimp - 1/2"" Diced",Tuscan Spice,,"FA-DE Spice, Fennel Ground /Gewürz, Fenchel gemahlen",SPI-00-139351-5,SPI,0.05,grams
FV0333A - Tuscan Shrimp [DE],REC-013835-4-002,"Zucchini/Pepper/Onion Mix for Tuscan Shrimp - 1/2"" Diced",Tuscan Spice,,"FA-DE Spice, Basil, Dried /Gewürz, Basilikum, getrocknet",SPI-00-139331-5,SPI,0.15,grams
FV0333A - Tuscan Shrimp [DE],REC-013835-4-002,"Zucchini/Pepper/Onion Mix for Tuscan Shrimp - 1/2"" Diced",Tuscan Spice,,"FA-DE Spice, Cayenne Pepper /Gewürz, Cayennepfeffer",SPI-00-139339-5,SPI,0.03,grams
FV0333A - Tuscan Shrimp [DE],REC-013835-4-002,"Zucchini/Pepper/Onion Mix for Tuscan Shrimp - 1/2"" Diced",Tuscan Spice,,"FA-DE Spice, Oregano Dry /Gewürz, Oregano trocken",SPI-00-139372-5,SPI,0.1,grams
FV0333A - Tuscan Shrimp [DE],REC-013835-4-002,"Zucchini/Pepper/Onion Mix for Tuscan Shrimp - 1/2"" Diced",Tuscan Spice,,"FA-DE Spice, Rosemary, Powder /Gewürz, Rosmarin, Pulver",SPI-00-139376-5,SPI,0.1,grams
FV0333A - Tuscan Shrimp [DE],REC-013835-4-002,"Zucchini/Pepper/Onion Mix for Tuscan Shrimp - 1/2"" Diced",Tuscan Spice,,"FA-DE Spice, Garlic Granulated /Gewürz, Knoblauch granuliert",SPI-00-139353-5,SPI,0.15,grams
FV0333A - Tuscan Shrimp [DE],REC-013835-4-002,"Zucchini/Pepper/Onion Mix for Tuscan Shrimp - 1/2"" Diced",,,"FA-DE Oil, Olive /Öl, Olivenöl",PRO-00-139277-5,PRO,2.89,grams
FV0333A - Tuscan Shrimp [DE],REC-013835-4-002,"Zucchini/Pepper/Onion Mix for Tuscan Shrimp - 1/2"" Diced",,,"FA-DE Zucchini, Diced 10mm /Zucchini, gewürfelt 10 mm",PHF-00-139229-3,PHF,75.15,grams
FV0333A - Tuscan Shrimp [DE],REC-013835-4-002,"Zucchini/Pepper/Onion Mix for Tuscan Shrimp - 1/2"" Diced",,,"FA-DE Spice, Sea Salt /Gewürze, Meersalz",SPI-00-139378-5,SPI,0.24,grams
FV0333A - Tuscan Shrimp [DE],REC-013835-4-002,"Zucchini/Pepper/Onion Mix for Tuscan Shrimp - 1/2"" Diced",,,"FA-DE Bell Peppers, Red, Diced 10mm /Paprika, rot, gewürfelt 10 mm",PHF-00-139179-3,PHF,19.36,grams
FV0333A - Tuscan Shrimp [DE],REC-013835-4-002,Creamed Kale - Cream Cheese,,,"FA-DE Milk, Whole /Milch, voll",DAI-00-139142-3,DAI,3.86,grams
FV0333A - Tuscan Shrimp [DE],REC-013835-4-002,Creamed Kale - Cream Cheese,,,FA-DE Heavy Cream 20% /Sahne 20%,DAI-00-139137-3,DAI,47.58,grams
FV0333A - Tuscan Shrimp [DE],REC-013835-4-002,Creamed Kale - Cream Cheese,,,"FA-DE Spice, White Pepper /Gewürz, weißer Pfeffer",SPI-00-139387-5,SPI,0.07,grams
FV0333A - Tuscan Shrimp [DE],REC-013835-4-002,Creamed Kale - Cream Cheese,,,"FA-DE Cheese, Cream, 13% Fat (Milk) /Käse, Sahne, 13% Fett",DAI-00-139122-3,DAI,7.72,grams
FV0333A - Tuscan Shrimp [DE],REC-013835-4-002,Creamed Kale - Cream Cheese,"Steamed Kale - 1/2""diced",,"FA-DE Kale, Shredded 5mm /Grünkohl, geschreddert, 5 mm",PHF-00-139203-3,PHF,26.16,grams
FV0333A - Tuscan Shrimp [DE],REC-013835-4-002,Creamed Kale - Cream Cheese,,,"FA-DE Spice, Sea Salt /Gewürze, Meersalz",SPI-00-139378-5,SPI,0.6,grams
FV0333A - Tuscan Shrimp [DE],REC-013835-4-002,Creamed Kale - Cream Cheese,Roasted Onions/Garlic,,"FA-DE Onion, Spanish, Diced 5mm /Zwiebel, Spanisch, gewürfelt 5 mm",PHF-00-139212-3,PHF,9.65,grams
FV0333A - Tuscan Shrimp [DE],REC-013835-4-002,Creamed Kale - Cream Cheese,Roasted Onions/Garlic,,"FA-DE Garlic, IQF, Diced 4 mm /Knoblauch, IQF, gewürfelt 4 mm",PHF-00-139237-1,PHF,3.85,grams
FV0333A - Tuscan Shrimp [DE],REC-013835-4-002,Creamed Kale - Cream Cheese,Roasted Onions/Garlic,,"FA-DE Oil, Olive /Öl, Olivenöl",PRO-00-139277-5,PRO,2.7,grams
FV0333A - Tuscan Shrimp [DE],REC-013835-4-002,Creamed Kale - Cream Cheese,,,"FA-DE Cheese, Parmesan, Grated /Käse, Parmesan, gerieben",DAI-00-139127-3,DAI,6.57,grams
FV0333A - Tuscan Shrimp [DE],REC-013835-4-002,Sauce - Tuscan Shrimp Butter Sauce,,,"FA-DE Butter, Unsalted /Butter, ungesalzen",DAI-00-139146-3,DAI,15.91,grams
FV0333A - Tuscan Shrimp [DE],REC-013835-4-002,Sauce - Tuscan Shrimp Butter Sauce,,,"FA-DE Spice, Minced Garlic, Toasted, Dry /Gewürz, gehackter Knoblauch, geröstet, trocken",SPI-00-139367-5,SPI,0.42,grams
FV0333A - Tuscan Shrimp [DE],REC-013835-4-002,Sauce - Tuscan Shrimp Butter Sauce,,,"FA-DE Gum, Xanthan /Gummi, Xanthan",DRY-00-139153-5,DRY,0.08,grams
FV0333A - Tuscan Shrimp [DE],REC-013835-4-002,Sauce - Tuscan Shrimp Butter Sauce,,,"FA-DE Onion, Spanish, Diced 5mm /Zwiebel, Spanisch, gewürfelt 5 mm",PHF-00-139212-3,PHF,3.82,grams
FV0333A - Tuscan Shrimp [DE],REC-013835-4-002,Sauce - Tuscan Shrimp Butter Sauce,,,"FA-DE Spice, Black Pepper, Ground /Gewürz, schwarzer Pfeffer, gemahlen",SPI-00-139334-5,SPI,0.1,grams
FV0333A - Tuscan Shrimp [DE],REC-013835-4-002,Sauce - Tuscan Shrimp Butter Sauce,,,FA-DE Water / Wasser,OTH-00-144038-5,OTH,16.23,grams
FV0333A - Tuscan Shrimp [DE],REC-013835-4-002,Sauce - Tuscan Shrimp Butter Sauce,,,"FA-DE Garlic, IQF, Diced 4 mm /Knoblauch, IQF, gewürfelt 4 mm",PHF-00-139237-1,PHF,1.21,grams
FV0333A - Tuscan Shrimp [DE],REC-013835-4-002,Sauce - Tuscan Shrimp Butter Sauce,,,"FA-DE Spice, Sea Salt /Gewürze, Meersalz",SPI-00-139378-5,SPI,0.24,grams
FV0333A - Tuscan Shrimp [DE],REC-013835-4-002,Sauce - Tuscan Shrimp Butter Sauce,,,"FA-DE Spice, Garlic Powder, Toasted /Gewürz, Knoblauchpulver, geröstet",SPI-00-139354-5,SPI,0.31,grams
FV0333A - Tuscan Shrimp [DE],REC-013835-4-002,Sauce - Tuscan Shrimp Butter Sauce,,,"FA-DE Spice, Parsley Dried /Gewürze, getrocknete Petersilie",SPI-00-139374-5,SPI,0.04,grams
FV0333A - Tuscan Shrimp [DE],REC-013835-4-002,Sauce - Tuscan Shrimp Butter Sauce,,,"FA-DE Stock Concentrate, Mirepoix /Stammkonzentrat, Mirepoix",PRO-00-139287-5,PRO,0.8,grams
FV0333A - Tuscan Shrimp [DKSE],REC-013835-4-003,"Zucchini/Pepper/Onion Mix for Tuscan Shrimp - 1/2"" Diced",,,"FA-DE Onion, Red, Diced 10mm/Zwiebeln, rot, gewürfelt, 10 mm",PHF-00-139216-3,PHF,13.01,grams
FV0333A - Tuscan Shrimp [DKSE],REC-013835-4-003,"Zucchini/Pepper/Onion Mix for Tuscan Shrimp - 1/2"" Diced",Tuscan Spice,,"FA-DE Spice, Fennel Ground /Gewürz, Fenchel gemahlen",SPI-00-139351-5,SPI,0.05,grams
FV0333A - Tuscan Shrimp [DKSE],REC-013835-4-003,"Zucchini/Pepper/Onion Mix for Tuscan Shrimp - 1/2"" Diced",Tuscan Spice,,"FA-DE Spice, Basil, Dried /Gewürz, Basilikum, getrocknet",SPI-00-139331-5,SPI,0.15,grams
FV0333A - Tuscan Shrimp [DKSE],REC-013835-4-003,"Zucchini/Pepper/Onion Mix for Tuscan Shrimp - 1/2"" Diced",Tuscan Spice,,"FA-DE Spice, Cayenne Pepper /Gewürz, Cayennepfeffer",SPI-00-139339-5,SPI,0.03,grams
FV0333A - Tuscan Shrimp [DKSE],REC-013835-4-003,"Zucchini/Pepper/Onion Mix for Tuscan Shrimp - 1/2"" Diced",Tuscan Spice,,"FA-DE Spice, Oregano Dry /Gewürz, Oregano trocken",SPI-00-139372-5,SPI,0.1,grams
FV0333A - Tuscan Shrimp [DKSE],REC-013835-4-003,"Zucchini/Pepper/Onion Mix for Tuscan Shrimp - 1/2"" Diced",Tuscan Spice,,"FA-DE Spice, Rosemary, Powder /Gewürz, Rosmarin, Pulver",SPI-00-139376-5,SPI,0.1,grams
FV0333A - Tuscan Shrimp [DKSE],REC-013835-4-003,"Zucchini/Pepper/Onion Mix for Tuscan Shrimp - 1/2"" Diced",Tuscan Spice,,"FA-DE Spice, Garlic Granulated /Gewürz, Knoblauch granuliert",SPI-00-139353-5,SPI,0.15,grams
FV0333A - Tuscan Shrimp [DKSE],REC-013835-4-003,"Zucchini/Pepper/Onion Mix for Tuscan Shrimp - 1/2"" Diced",,,"FA-DE Oil, Olive /Öl, Olivenöl",PRO-00-139277-5,PRO,2.89,grams
FV0333A - Tuscan Shrimp [DKSE],REC-013835-4-003,"Zucchini/Pepper/Onion Mix for Tuscan Shrimp - 1/2"" Diced",,,"FA-DE Zucchini, Diced 10mm /Zucchini, gewürfelt 10 mm",PHF-00-139229-3,PHF,75.15,grams
FV0333A - Tuscan Shrimp [DKSE],REC-013835-4-003,"Zucchini/Pepper/Onion Mix for Tuscan Shrimp - 1/2"" Diced",,,"FA-DE Spice, Sea Salt /Gewürze, Meersalz",SPI-00-139378-5,SPI,0.24,grams
FV0333A - Tuscan Shrimp [DKSE],REC-013835-4-003,"Zucchini/Pepper/Onion Mix for Tuscan Shrimp - 1/2"" Diced",,,"FA-DE Bell Peppers, Red, Diced 10mm /Paprika, rot, gewürfelt 10 mm",PHF-00-139179-3,PHF,19.36,grams
FV0333A - Tuscan Shrimp [DKSE],REC-013835-4-003,Creamed Kale - Cream Cheese,,,"FA-DE Milk, Whole /Milch, voll",DAI-00-139142-3,DAI,3.86,grams
FV0333A - Tuscan Shrimp [DKSE],REC-013835-4-003,Creamed Kale - Cream Cheese,,,FA-DE Heavy Cream 20% /Sahne 20%,DAI-00-139137-3,DAI,47.58,grams
FV0333A - Tuscan Shrimp [DKSE],REC-013835-4-003,Creamed Kale - Cream Cheese,,,"FA-DE Spice, White Pepper /Gewürz, weißer Pfeffer",SPI-00-139387-5,SPI,0.07,grams
FV0333A - Tuscan Shrimp [DKSE],REC-013835-4-003,Creamed Kale - Cream Cheese,,,"FA-DE Cheese, Cream, 13% Fat (Milk) /Käse, Sahne, 13% Fett",DAI-00-139122-3,DAI,7.72,grams
FV0333A - Tuscan Shrimp [DKSE],REC-013835-4-003,Creamed Kale - Cream Cheese,"Steamed Kale - 1/2""diced",,"FA-DE Kale, Shredded 5mm /Grünkohl, geschreddert, 5 mm",PHF-00-139203-3,PHF,26.16,grams
FV0333A - Tuscan Shrimp [DKSE],REC-013835-4-003,Creamed Kale - Cream Cheese,,,"FA-DE Spice, Sea Salt /Gewürze, Meersalz",SPI-00-139378-5,SPI,0.6,grams
FV0333A - Tuscan Shrimp [DKSE],REC-013835-4-003,Creamed Kale - Cream Cheese,Roasted Onions/Garlic,,"FA-DE Onion, Spanish, Diced 5mm /Zwiebel, Spanisch, gewürfelt 5 mm",PHF-00-139212-3,PHF,9.65,grams
FV0333A - Tuscan Shrimp [DKSE],REC-013835-4-003,Creamed Kale - Cream Cheese,Roasted Onions/Garlic,,"FA-DE Garlic, IQF, Diced 4 mm /Knoblauch, IQF, gewürfelt 4 mm",PHF-00-139237-1,PHF,3.85,grams
FV0333A - Tuscan Shrimp [DKSE],REC-013835-4-003,Creamed Kale - Cream Cheese,Roasted Onions/Garlic,,"FA-DE Oil, Olive /Öl, Olivenöl",PRO-00-139277-5,PRO,2.7,grams
FV0333A - Tuscan Shrimp [DKSE],REC-013835-4-003,Creamed Kale - Cream Cheese,,,"FA-DE Cheese, Parmesan, Grated /Käse, Parmesan, gerieben",DAI-00-139127-3,DAI,6.57,grams
FV0333A - Tuscan Shrimp [DKSE],REC-013835-4-003,Tuscan Shrimp batch,,,FA-DE Prawns 21/25 /Garnelen 21/25 - IQF,PTN-00-139321-1,PTN,138.92,grams
FV0333A - Tuscan Shrimp [DKSE],REC-013835-4-003,Tuscan Shrimp batch,Tuscan Marinade - No salt,,"FA-DE Oil, Olive /Öl, Olivenöl",PRO-00-139277-5,PRO,7.73,grams
FV0333A - Tuscan Shrimp [DKSE],REC-013835-4-003,Tuscan Shrimp batch,Tuscan Marinade - No salt,,"FA-DE Garlic, IQF, Diced 4 mm /Knoblauch, IQF, gewürfelt 4 mm",PHF-00-139237-1,PHF,2.06,grams
FV0333A - Tuscan Shrimp [DKSE],REC-013835-4-003,Tuscan Shrimp batch,Tuscan Marinade - No salt,Tuscan Spice,"FA-DE Spice, Fennel Ground /Gewürz, Fenchel gemahlen",SPI-00-139351-5,SPI,0.11,grams
FV0333A - Tuscan Shrimp [DKSE],REC-013835-4-003,Tuscan Shrimp batch,Tuscan Marinade - No salt,Tuscan Spice,"FA-DE Spice, Basil, Dried /Gewürz, Basilikum, getrocknet",SPI-00-139331-5,SPI,0.32,grams
FV0333A - Tuscan Shrimp [DKSE],REC-013835-4-003,Tuscan Shrimp batch,Tuscan Marinade - No salt,Tuscan Spice,"FA-DE Spice, Cayenne Pepper /Gewürz, Cayennepfeffer",SPI-00-139339-5,SPI,0.05,grams
FV0333A - Tuscan Shrimp [DKSE],REC-013835-4-003,Tuscan Shrimp batch,Tuscan Marinade - No salt,Tuscan Spice,"FA-DE Spice, Oregano Dry /Gewürz, Oregano trocken",SPI-00-139372-5,SPI,0.22,grams
FV0333A - Tuscan Shrimp [DKSE],REC-013835-4-003,Tuscan Shrimp batch,Tuscan Marinade - No salt,Tuscan Spice,"FA-DE Spice, Rosemary, Powder /Gewürz, Rosmarin, Pulver",SPI-00-139376-5,SPI,0.22,grams
FV0333A - Tuscan Shrimp [DKSE],REC-013835-4-003,Tuscan Shrimp batch,Tuscan Marinade - No salt,Tuscan Spice,"FA-DE Spice, Garlic Granulated /Gewürz, Knoblauch granuliert",SPI-00-139353-5,SPI,0.32,grams
FV0333A - Tuscan Shrimp [DKSE],REC-013835-4-003,Tuscan Shrimp batch,Tuscan Marinade - No salt,,"FA-DE Spice, Black Pepper, Ground /Gewürz, schwarzer Pfeffer, gemahlen",SPI-00-139334-5,SPI,0.17,grams
FV0333A - Tuscan Shrimp [DKSE],REC-013835-4-003,Sauce - Tuscan Shrimp Butter Sauce,,,"FA-DE Butter, Unsalted /Butter, ungesalzen",DAI-00-139146-3,DAI,15.91,grams
FV0333A - Tuscan Shrimp [DKSE],REC-013835-4-003,Sauce - Tuscan Shrimp Butter Sauce,,,"FA-DE Spice, Minced Garlic, Toasted, Dry /Gewürz, gehackter Knoblauch, geröstet, trocken",SPI-00-139367-5,SPI,0.42,grams
FV0333A - Tuscan Shrimp [DKSE],REC-013835-4-003,Sauce - Tuscan Shrimp Butter Sauce,,,"FA-DE Gum, Xanthan /Gummi, Xanthan",DRY-00-139153-5,DRY,0.08,grams
FV0333A - Tuscan Shrimp [DKSE],REC-013835-4-003,Sauce - Tuscan Shrimp Butter Sauce,,,"FA-DE Onion, Spanish, Diced 5mm /Zwiebel, Spanisch, gewürfelt 5 mm",PHF-00-139212-3,PHF,3.82,grams
FV0333A - Tuscan Shrimp [DKSE],REC-013835-4-003,Sauce - Tuscan Shrimp Butter Sauce,,,"FA-DE Spice, Black Pepper, Ground /Gewürz, schwarzer Pfeffer, gemahlen",SPI-00-139334-5,SPI,0.1,grams
FV0333A - Tuscan Shrimp [DKSE],REC-013835-4-003,Sauce - Tuscan Shrimp Butter Sauce,,,FA-DE Water / Wasser,OTH-00-144038-5,OTH,16.23,grams
FV0333A - Tuscan Shrimp [DKSE],REC-013835-4-003,Sauce - Tuscan Shrimp Butter Sauce,,,"FA-DE Garlic, IQF, Diced 4 mm /Knoblauch, IQF, gewürfelt 4 mm",PHF-00-139237-1,PHF,1.21,grams
FV0333A - Tuscan Shrimp [DKSE],REC-013835-4-003,Sauce - Tuscan Shrimp Butter Sauce,,,"FA-DE Spice, Sea Salt /Gewürze, Meersalz",SPI-00-139378-5,SPI,0.24,grams
FV0333A - Tuscan Shrimp [DKSE],REC-013835-4-003,Sauce - Tuscan Shrimp Butter Sauce,,,"FA-DE Spice, Garlic Powder, Toasted /Gewürz, Knoblauchpulver, geröstet",SPI-00-139354-5,SPI,0.31,grams
FV0333A - Tuscan Shrimp [DKSE],REC-013835-4-003,Sauce - Tuscan Shrimp Butter Sauce,,,"FA-DE Spice, Parsley Dried /Gewürze, getrocknete Petersilie",SPI-00-139374-5,SPI,0.04,grams
FV0333A - Tuscan Shrimp [DKSE],REC-013835-4-003,Sauce - Tuscan Shrimp Butter Sauce,,,"FA-DE Stock Concentrate, Mirepoix /Stammkonzentrat, Mirepoix",PRO-00-139287-5,PRO,0.8,grams
FV0472A - Indian Butter Chicken [BNL],REC-013852-4-003,Sauce - Butter Chicken sauce,,,"FA-DE Spice, Fenugreek Powder /Gewürz, Bockshornkleepulver",SPI-00-154750-5,SPI,0.1,grams
FV0472A - Indian Butter Chicken [BNL],REC-013852-4-003,Sauce - Butter Chicken sauce,,,"FA-DE Garlic, IQF, Diced 4 mm /Knoblauch, IQF, gewürfelt 4 mm",PHF-00-139237-1,PHF,3.09,grams
FV0472A - Indian Butter Chicken [BNL],REC-013852-4-003,Sauce - Butter Chicken sauce,,,"FA-DE Spice, Cumin Ground /Gewürz, gemahlener Kreuzkümmel",SPI-00-139345-5,SPI,0.46,grams
FV0472A - Indian Butter Chicken [BNL],REC-013852-4-003,Sauce - Butter Chicken sauce,,,"FA-DE Butter, Unsalted /Butter, ungesalzen",DAI-00-139146-3,DAI,18.52,grams
FV0472A - Indian Butter Chicken [BNL],REC-013852-4-003,Sauce - Butter Chicken sauce,,,"FA-DE Spice, Sea Salt /Gewürze, Meersalz",SPI-00-139378-5,SPI,0.73,grams
FV0472A - Indian Butter Chicken [BNL],REC-013852-4-003,Sauce - Butter Chicken sauce,,,"FA-DE Spice, Chili Powder /Gewürz, Chilipulver",SPI-00-139340-5,SPI,0.14,grams
FV0472A - Indian Butter Chicken [BNL],REC-013852-4-003,Sauce - Butter Chicken sauce,,,"FA-DE Onion, Spanish, Diced 5mm /Zwiebel, Spanisch, gewürfelt 5 mm",PHF-00-139212-3,PHF,15.44,grams
FV0472A - Indian Butter Chicken [BNL],REC-013852-4-003,Sauce - Butter Chicken sauce,Factor Garam Masala Spice Blend,,"FA-DE Spice, Fennel Ground /Gewürz, Fenchel gemahlen",SPI-00-139351-5,SPI,0.01,grams
FV0472A - Indian Butter Chicken [BNL],REC-013852-4-003,Sauce - Butter Chicken sauce,Factor Garam Masala Spice Blend,,"FA-DE Spice, Nutmeg Ground /Gewürz, gemahlene Muskatnuss",SPI-00-139368-5,SPI,0.03,grams
FV0472A - Indian Butter Chicken [BNL],REC-013852-4-003,Sauce - Butter Chicken sauce,Factor Garam Masala Spice Blend,,"FA-DE Spice, Coriander Ground /Gewürz, gemahlener Koriander",SPI-00-139386-5,SPI,0.09,grams
FV0472A - Indian Butter Chicken [BNL],REC-013852-4-003,Sauce - Butter Chicken sauce,Factor Garam Masala Spice Blend,,"FA-DE Spice, Cinnamon Ground /Gewürz, gemahlener Zimt",SPI-00-139341-5,SPI,0.06,grams
FV0472A - Indian Butter Chicken [BNL],REC-013852-4-003,Sauce - Butter Chicken sauce,Factor Garam Masala Spice Blend,,"FA-DE Spice, Cumin Ground /Gewürz, gemahlener Kreuzkümmel",SPI-00-139345-5,SPI,0.18,grams
FV0472A - Indian Butter Chicken [BNL],REC-013852-4-003,Sauce - Butter Chicken sauce,Factor Garam Masala Spice Blend,,"FA-DE Spice, Cloves Ground /Gewürze, gemahlene Nelken",SPI-00-139342-5,SPI,0.03,grams
FV0472A - Indian Butter Chicken [BNL],REC-013852-4-003,Sauce - Butter Chicken sauce,Factor Garam Masala Spice Blend,,"FA-DE Spice, Black Pepper, Ground /Gewürz, schwarzer Pfeffer, gemahlen",SPI-00-139334-5,SPI,0.05,grams
FV0472A - Indian Butter Chicken [BNL],REC-013852-4-003,Sauce - Butter Chicken sauce,Factor Garam Masala Spice Blend,,"FA-DE Spice, Turmeric /Gewürz, Kurkuma",SPI-00-139384-5,SPI,0.01,grams
FV0472A - Indian Butter Chicken [BNL],REC-013852-4-003,Sauce - Butter Chicken sauce,,,"FA-DE Oil, Olive /Öl, Olivenöl",PRO-00-139277-5,PRO,9.65,grams
FV0472A - Indian Butter Chicken [BNL],REC-013852-4-003,Sauce - Butter Chicken sauce,,,"FA-DE Ginger, IQF, Diced 4 mm /Ingwer, IQF, gewürfelt 4 mm",PHF-00-139238-1,PHF,2.32,grams
FV0472A - Indian Butter Chicken [BNL],REC-013852-4-003,Sauce - Butter Chicken sauce,,,"FA-DE Tomatoes, Crushed /Tomaten, zerkleinert",PRO-00-139294-5,PRO,41.79,grams
FV0472A - Indian Butter Chicken [BNL],REC-013852-4-003,Sauce - Butter Chicken sauce,,,"FA-DE Spice, Coriander Ground /Gewürz, gemahlener Koriander",SPI-00-139386-5,SPI,0.29,grams
FV0472A - Indian Butter Chicken [BNL],REC-013852-4-003,Sauce - Butter Chicken sauce,,,FA-DE Heavy Cream 20% /Sahne 20%,DAI-00-139137-3,DAI,32.8,grams
FV0472A - Indian Butter Chicken [BNL],REC-013852-4-003,Roasted Green Onions,,,"FA-DE Onion, Green, Sliced 5mm /Zwiebel, grün, in Scheiben geschnitten, 5 mm",PHF-00-149803-3,PHF,7.06,grams
FV0472A - Indian Butter Chicken [BNL],REC-013852-4-003,Cauliflower rice - Cilantro and Lime Cauliflower Rice - BA,,,"FA-DE Spice, Black Pepper, Ground /Gewürz, schwarzer Pfeffer, gemahlen",SPI-00-139334-5,SPI,0.06,grams
FV0472A - Indian Butter Chicken [BNL],REC-013852-4-003,Cauliflower rice - Cilantro and Lime Cauliflower Rice - BA,,,"FA-DE Juice, Lime /Saft, Limette",PRO-00-139268-5,PRO,0.91,grams
FV0472A - Indian Butter Chicken [BNL],REC-013852-4-003,Cauliflower rice - Cilantro and Lime Cauliflower Rice - BA,Roasted Garlic oil,,"FA-DE Garlic, Peeled, Whole Cloves [10kg] /Knoblauch, geschält, ganze Nelken [10kg]",PHF-00-139197-3,PHF,12.49,grams
FV0472A - Indian Butter Chicken [BNL],REC-013852-4-003,Cauliflower rice - Cilantro and Lime Cauliflower Rice - BA,Roasted Garlic oil,,"FA-DE Oil, Olive /Öl, Olivenöl",PRO-00-139277-5,PRO,9.37,grams
FV0472A - Indian Butter Chicken [BNL],REC-013852-4-003,Cauliflower rice - Cilantro and Lime Cauliflower Rice - BA,,,"FA-DE Spice, Sea Salt /Gewürze, Meersalz",SPI-00-139378-5,SPI,0.43,grams
FV0472A - Indian Butter Chicken [BNL],REC-013852-4-003,Cauliflower rice - Cilantro and Lime Cauliflower Rice - BA,,,"FA-DE Cauliflower, Riced, IQF /Blumenkohl, Reis, IQF",PHF-00-139233-1,PHF,112.5,grams
FV0472A - Indian Butter Chicken [BNL],REC-013852-4-003,Cauliflower rice - Cilantro and Lime Cauliflower Rice - BA,,,"FA-DE Coriander, Chopped /Koriander, gehackt",PHF-00-139192-3,PHF,6.05,grams
FV0472A - Indian Butter Chicken [BNL],REC-013852-4-003,Diced chicken - Butter Chicken Batch - BA,,,"FA-DE Spice, Chili Powder /Gewürz, Chilipulver",SPI-00-139340-5,SPI,0.17,grams
FV0472A - Indian Butter Chicken [BNL],REC-013852-4-003,Diced chicken - Butter Chicken Batch - BA,,,"FA-DE Spice, Turmeric /Gewürz, Kurkuma",SPI-00-139384-5,SPI,0.37,grams
FV0472A - Indian Butter Chicken [BNL],REC-013852-4-003,Diced chicken - Butter Chicken Batch - BA,,,"FA-DE Spice, Sea Salt /Gewürze, Meersalz",SPI-00-139378-5,SPI,0.23,grams
FV0472A - Indian Butter Chicken [BNL],REC-013852-4-003,Diced chicken - Butter Chicken Batch - BA,Factor Garam Masala Spice Blend,,"FA-DE Spice, Fennel Ground /Gewürz, Fenchel gemahlen",SPI-00-139351-5,SPI,0.03,grams
FV0472A - Indian Butter Chicken [BNL],REC-013852-4-003,Diced chicken - Butter Chicken Batch - BA,Factor Garam Masala Spice Blend,,"FA-DE Spice, Nutmeg Ground /Gewürz, gemahlene Muskatnuss",SPI-00-139368-5,SPI,0.06,grams
FV0472A - Indian Butter Chicken [BNL],REC-013852-4-003,Diced chicken - Butter Chicken Batch - BA,Factor Garam Masala Spice Blend,,"FA-DE Spice, Coriander Ground /Gewürz, gemahlener Koriander",SPI-00-139386-5,SPI,0.18,grams
FV0472A - Indian Butter Chicken [BNL],REC-013852-4-003,Diced chicken - Butter Chicken Batch - BA,Factor Garam Masala Spice Blend,,"FA-DE Spice, Cinnamon Ground /Gewürz, gemahlener Zimt",SPI-00-139341-5,SPI,0.12,grams
FV0472A - Indian Butter Chicken [BNL],REC-013852-4-003,Diced chicken - Butter Chicken Batch - BA,Factor Garam Masala Spice Blend,,"FA-DE Spice, Cumin Ground /Gewürz, gemahlener Kreuzkümmel",SPI-00-139345-5,SPI,0.37,grams
FV0472A - Indian Butter Chicken [BNL],REC-013852-4-003,Diced chicken - Butter Chicken Batch - BA,Factor Garam Masala Spice Blend,,"FA-DE Spice, Cloves Ground /Gewürze, gemahlene Nelken",SPI-00-139342-5,SPI,0.06,grams
FV0472A - Indian Butter Chicken [BNL],REC-013852-4-003,Diced chicken - Butter Chicken Batch - BA,Factor Garam Masala Spice Blend,,"FA-DE Spice, Black Pepper, Ground /Gewürz, schwarzer Pfeffer, gemahlen",SPI-00-139334-5,SPI,0.09,grams
FV0472A - Indian Butter Chicken [BNL],REC-013852-4-003,Diced chicken - Butter Chicken Batch - BA,Factor Garam Masala Spice Blend,,"FA-DE Spice, Turmeric /Gewürz, Kurkuma",SPI-00-139384-5,SPI,0.03,grams
FV0472A - Indian Butter Chicken [BNL],REC-013852-4-003,Diced chicken - Butter Chicken Batch - BA,,,"FA-DE Garlic, IQF, Diced 4 mm /Knoblauch, IQF, gewürfelt 4 mm",PHF-00-139237-1,PHF,0.92,grams
FV0472A - Indian Butter Chicken [BNL],REC-013852-4-003,Diced chicken - Butter Chicken Batch - BA,Chicken CHUNKS - BRINED,,"FA-DE Chicken Breast, Chunked, Boneless Skinless /Hähnchenbrust, in Stücken, ohne Knochen und ohne Haut",PTN-00-139314-3,PTN,128.29,grams
FV0472A - Indian Butter Chicken [BNL],REC-013852-4-003,Diced chicken - Butter Chicken Batch - BA,Chicken CHUNKS - BRINED,,"FA-DE Spice, Sea Salt /Gewürze, Meersalz",SPI-00-139378-5,SPI,1.13,grams
FV0472A - Indian Butter Chicken [BNL],REC-013852-4-003,Diced chicken - Butter Chicken Batch - BA,Chicken CHUNKS - BRINED,,FA-DE Water / Wasser,OTH-00-144038-5,OTH,128.29,grams
FV0472A - Indian Butter Chicken [BNL],REC-013852-4-003,Diced chicken - Butter Chicken Batch - BA,,,"FA-DE Yogurt, Greek, Plain /Joghurt, Griechisch, Natur",DAI-00-139161-3,DAI,6.87,grams
FV0472A - Indian Butter Chicken [BNL],REC-013852-4-003,Diced chicken - Butter Chicken Batch - BA,,,"FA-DE Spice, Cumin Ground /Gewürz, gemahlener Kreuzkümmel",SPI-00-139345-5,SPI,0.34,grams
FV0472A - Indian Butter Chicken [BNL],REC-013852-4-003,Diced chicken - Butter Chicken Batch - BA,,,"FA-DE Ginger, IQF, Diced 4 mm /Ingwer, IQF, gewürfelt 4 mm",PHF-00-139238-1,PHF,2.29,grams
FV0472A - Indian Butter Chicken [DE],REC-013852-4-002,Roasted Green Onions,,,"FA-DE Onion, Green, Sliced 5mm /Zwiebel, grün, in Scheiben geschnitten, 5 mm",PHF-00-149803-3,PHF,7.06,grams
FV0472A - Indian Butter Chicken [DE],REC-013852-4-002,Sauce - Butter Chicken sauce,,,"FA-DE Spice, Fenugreek Powder /Gewürz, Bockshornkleepulver",SPI-00-154750-5,SPI,0.1,grams
FV0472A - Indian Butter Chicken [DE],REC-013852-4-002,Sauce - Butter Chicken sauce,,,"FA-DE Garlic, IQF, Diced 4 mm /Knoblauch, IQF, gewürfelt 4 mm",PHF-00-139237-1,PHF,3.09,grams
FV0472A - Indian Butter Chicken [DE],REC-013852-4-002,Sauce - Butter Chicken sauce,,,"FA-DE Spice, Cumin Ground /Gewürz, gemahlener Kreuzkümmel",SPI-00-139345-5,SPI,0.46,grams
FV0472A - Indian Butter Chicken [DE],REC-013852-4-002,Sauce - Butter Chicken sauce,,,"FA-DE Butter, Unsalted /Butter, ungesalzen",DAI-00-139146-3,DAI,18.52,grams
FV0472A - Indian Butter Chicken [DE],REC-013852-4-002,Sauce - Butter Chicken sauce,,,"FA-DE Spice, Sea Salt /Gewürze, Meersalz",SPI-00-139378-5,SPI,0.73,grams
FV0472A - Indian Butter Chicken [DE],REC-013852-4-002,Sauce - Butter Chicken sauce,,,"FA-DE Spice, Chili Powder /Gewürz, Chilipulver",SPI-00-139340-5,SPI,0.14,grams
FV0472A - Indian Butter Chicken [DE],REC-013852-4-002,Sauce - Butter Chicken sauce,,,"FA-DE Onion, Spanish, Diced 5mm /Zwiebel, Spanisch, gewürfelt 5 mm",PHF-00-139212-3,PHF,15.44,grams
FV0472A - Indian Butter Chicken [DE],REC-013852-4-002,Sauce - Butter Chicken sauce,Factor Garam Masala Spice Blend,,"FA-DE Spice, Fennel Ground /Gewürz, Fenchel gemahlen",SPI-00-139351-5,SPI,0.01,grams
FV0472A - Indian Butter Chicken [DE],REC-013852-4-002,Sauce - Butter Chicken sauce,Factor Garam Masala Spice Blend,,"FA-DE Spice, Nutmeg Ground /Gewürz, gemahlene Muskatnuss",SPI-00-139368-5,SPI,0.03,grams
FV0472A - Indian Butter Chicken [DE],REC-013852-4-002,Sauce - Butter Chicken sauce,Factor Garam Masala Spice Blend,,"FA-DE Spice, Coriander Ground /Gewürz, gemahlener Koriander",SPI-00-139386-5,SPI,0.09,grams
FV0472A - Indian Butter Chicken [DE],REC-013852-4-002,Sauce - Butter Chicken sauce,Factor Garam Masala Spice Blend,,"FA-DE Spice, Cinnamon Ground /Gewürz, gemahlener Zimt",SPI-00-139341-5,SPI,0.06,grams
FV0472A - Indian Butter Chicken [DE],REC-013852-4-002,Sauce - Butter Chicken sauce,Factor Garam Masala Spice Blend,,"FA-DE Spice, Cumin Ground /Gewürz, gemahlener Kreuzkümmel",SPI-00-139345-5,SPI,0.18,grams
FV0472A - Indian Butter Chicken [DE],REC-013852-4-002,Sauce - Butter Chicken sauce,Factor Garam Masala Spice Blend,,"FA-DE Spice, Cloves Ground /Gewürze, gemahlene Nelken",SPI-00-139342-5,SPI,0.03,grams
FV0472A - Indian Butter Chicken [DE],REC-013852-4-002,Sauce - Butter Chicken sauce,Factor Garam Masala Spice Blend,,"FA-DE Spice, Black Pepper, Ground /Gewürz, schwarzer Pfeffer, gemahlen",SPI-00-139334-5,SPI,0.05,grams
FV0472A - Indian Butter Chicken [DE],REC-013852-4-002,Sauce - Butter Chicken sauce,Factor Garam Masala Spice Blend,,"FA-DE Spice, Turmeric /Gewürz, Kurkuma",SPI-00-139384-5,SPI,0.01,grams
FV0472A - Indian Butter Chicken [DE],REC-013852-4-002,Sauce - Butter Chicken sauce,,,"FA-DE Oil, Olive /Öl, Olivenöl",PRO-00-139277-5,PRO,9.65,grams
FV0472A - Indian Butter Chicken [DE],REC-013852-4-002,Sauce - Butter Chicken sauce,,,"FA-DE Ginger, IQF, Diced 4 mm /Ingwer, IQF, gewürfelt 4 mm",PHF-00-139238-1,PHF,2.32,grams
FV0472A - Indian Butter Chicken [DE],REC-013852-4-002,Sauce - Butter Chicken sauce,,,"FA-DE Tomatoes, Crushed /Tomaten, zerkleinert",PRO-00-139294-5,PRO,41.79,grams
FV0472A - Indian Butter Chicken [DE],REC-013852-4-002,Sauce - Butter Chicken sauce,,,"FA-DE Spice, Coriander Ground /Gewürz, gemahlener Koriander",SPI-00-139386-5,SPI,0.29,grams
FV0472A - Indian Butter Chicken [DE],REC-013852-4-002,Sauce - Butter Chicken sauce,,,FA-DE Heavy Cream 20% /Sahne 20%,DAI-00-139137-3,DAI,32.8,grams
FV0472A - Indian Butter Chicken [DE],REC-013852-4-002,Diced chicken - Butter Chicken Batch - BA,,,"FA-DE Spice, Chili Powder /Gewürz, Chilipulver",SPI-00-139340-5,SPI,0.17,grams
FV0472A - Indian Butter Chicken [DE],REC-013852-4-002,Diced chicken - Butter Chicken Batch - BA,,,"FA-DE Spice, Turmeric /Gewürz, Kurkuma",SPI-00-139384-5,SPI,0.37,grams
FV0472A - Indian Butter Chicken [DE],REC-013852-4-002,Diced chicken - Butter Chicken Batch - BA,,,"FA-DE Spice, Sea Salt /Gewürze, Meersalz",SPI-00-139378-5,SPI,0.23,grams
FV0472A - Indian Butter Chicken [DE],REC-013852-4-002,Diced chicken - Butter Chicken Batch - BA,Factor Garam Masala Spice Blend,,"FA-DE Spice, Fennel Ground /Gewürz, Fenchel gemahlen",SPI-00-139351-5,SPI,0.03,grams
FV0472A - Indian Butter Chicken [DE],REC-013852-4-002,Diced chicken - Butter Chicken Batch - BA,Factor Garam Masala Spice Blend,,"FA-DE Spice, Nutmeg Ground /Gewürz, gemahlene Muskatnuss",SPI-00-139368-5,SPI,0.06,grams
FV0472A - Indian Butter Chicken [DE],REC-013852-4-002,Diced chicken - Butter Chicken Batch - BA,Factor Garam Masala Spice Blend,,"FA-DE Spice, Coriander Ground /Gewürz, gemahlener Koriander",SPI-00-139386-5,SPI,0.18,grams
FV0472A - Indian Butter Chicken [DE],REC-013852-4-002,Diced chicken - Butter Chicken Batch - BA,Factor Garam Masala Spice Blend,,"FA-DE Spice, Cinnamon Ground /Gewürz, gemahlener Zimt",SPI-00-139341-5,SPI,0.12,grams
FV0472A - Indian Butter Chicken [DE],REC-013852-4-002,Diced chicken - Butter Chicken Batch - BA,Factor Garam Masala Spice Blend,,"FA-DE Spice, Cumin Ground /Gewürz, gemahlener Kreuzkümmel",SPI-00-139345-5,SPI,0.37,grams
FV0472A - Indian Butter Chicken [DE],REC-013852-4-002,Diced chicken - Butter Chicken Batch - BA,Factor Garam Masala Spice Blend,,"FA-DE Spice, Cloves Ground /Gewürze, gemahlene Nelken",SPI-00-139342-5,SPI,0.06,grams
FV0472A - Indian Butter Chicken [DE],REC-013852-4-002,Diced chicken - Butter Chicken Batch - BA,Factor Garam Masala Spice Blend,,"FA-DE Spice, Black Pepper, Ground /Gewürz, schwarzer Pfeffer, gemahlen",SPI-00-139334-5,SPI,0.09,grams
FV0472A - Indian Butter Chicken [DE],REC-013852-4-002,Diced chicken - Butter Chicken Batch - BA,Factor Garam Masala Spice Blend,,"FA-DE Spice, Turmeric /Gewürz, Kurkuma",SPI-00-139384-5,SPI,0.03,grams
FV0472A - Indian Butter Chicken [DE],REC-013852-4-002,Diced chicken - Butter Chicken Batch - BA,,,"FA-DE Garlic, IQF, Diced 4 mm /Knoblauch, IQF, gewürfelt 4 mm",PHF-00-139237-1,PHF,0.92,grams
FV0472A - Indian Butter Chicken [DE],REC-013852-4-002,Diced chicken - Butter Chicken Batch - BA,Chicken CHUNKS - BRINED,,"FA-DE Chicken Breast, Chunked, Boneless Skinless /Hähnchenbrust, in Stücken, ohne Knochen und ohne Haut",PTN-00-139314-3,PTN,128.29,grams
FV0472A - Indian Butter Chicken [DE],REC-013852-4-002,Diced chicken - Butter Chicken Batch - BA,Chicken CHUNKS - BRINED,,"FA-DE Spice, Sea Salt /Gewürze, Meersalz",SPI-00-139378-5,SPI,1.13,grams
FV0472A - Indian Butter Chicken [DE],REC-013852-4-002,Diced chicken - Butter Chicken Batch - BA,Chicken CHUNKS - BRINED,,FA-DE Water / Wasser,OTH-00-144038-5,OTH,128.29,grams
FV0472A - Indian Butter Chicken [DE],REC-013852-4-002,Diced chicken - Butter Chicken Batch - BA,,,"FA-DE Yogurt, Greek, Plain /Joghurt, Griechisch, Natur",DAI-00-139161-3,DAI,6.87,grams
FV0472A - Indian Butter Chicken [DE],REC-013852-4-002,Diced chicken - Butter Chicken Batch - BA,,,"FA-DE Spice, Cumin Ground /Gewürz, gemahlener Kreuzkümmel",SPI-00-139345-5,SPI,0.34,grams
FV0472A - Indian Butter Chicken [DE],REC-013852-4-002,Diced chicken - Butter Chicken Batch - BA,,,"FA-DE Ginger, IQF, Diced 4 mm /Ingwer, IQF, gewürfelt 4 mm",PHF-00-139238-1,PHF,2.29,grams
FV0472A - Indian Butter Chicken [DE],REC-013852-4-002,Cauliflower rice - Cilantro and Lime Cauliflower Rice - BA,,,"FA-DE Spice, Black Pepper, Ground /Gewürz, schwarzer Pfeffer, gemahlen",SPI-00-139334-5,SPI,0.06,grams
FV0472A - Indian Butter Chicken [DE],REC-013852-4-002,Cauliflower rice - Cilantro and Lime Cauliflower Rice - BA,,,"FA-DE Juice, Lime /Saft, Limette",PRO-00-139268-5,PRO,0.91,grams
FV0472A - Indian Butter Chicken [DE],REC-013852-4-002,Cauliflower rice - Cilantro and Lime Cauliflower Rice - BA,Roasted Garlic oil,,"FA-DE Garlic, Peeled, Whole Cloves [10kg] /Knoblauch, geschält, ganze Nelken [10kg]",PHF-00-139197-3,PHF,12.49,grams
FV0472A - Indian Butter Chicken [DE],REC-013852-4-002,Cauliflower rice - Cilantro and Lime Cauliflower Rice - BA,Roasted Garlic oil,,"FA-DE Oil, Olive /Öl, Olivenöl",PRO-00-139277-5,PRO,9.37,grams
FV0472A - Indian Butter Chicken [DE],REC-013852-4-002,Cauliflower rice - Cilantro and Lime Cauliflower Rice - BA,,,"FA-DE Spice, Sea Salt /Gewürze, Meersalz",SPI-00-139378-5,SPI,0.43,grams
FV0472A - Indian Butter Chicken [DE],REC-013852-4-002,Cauliflower rice - Cilantro and Lime Cauliflower Rice - BA,,,"FA-DE Cauliflower, Riced, IQF /Blumenkohl, Reis, IQF",PHF-00-139233-1,PHF,112.5,grams
FV0472A - Indian Butter Chicken [DE],REC-013852-4-002,Cauliflower rice - Cilantro and Lime Cauliflower Rice - BA,,,"FA-DE Coriander, Chopped /Koriander, gehackt",PHF-00-139192-3,PHF,6.05,grams
FV0472A - Indian Butter Chicken [DKSE],REC-013852-4-001,Diced chicken - Butter Chicken Batch - BA,,,"FA-DE Spice, Chili Powder /Gewürz, Chilipulver",SPI-00-139340-5,SPI,0.17,grams
FV0472A - Indian Butter Chicken [DKSE],REC-013852-4-001,Diced chicken - Butter Chicken Batch - BA,,,"FA-DE Spice, Turmeric /Gewürz, Kurkuma",SPI-00-139384-5,SPI,0.37,grams
FV0472A - Indian Butter Chicken [DKSE],REC-013852-4-001,Diced chicken - Butter Chicken Batch - BA,,,"FA-DE Spice, Sea Salt /Gewürze, Meersalz",SPI-00-139378-5,SPI,0.23,grams
FV0472A - Indian Butter Chicken [DKSE],REC-013852-4-001,Diced chicken - Butter Chicken Batch - BA,Factor Garam Masala Spice Blend,,"FA-DE Spice, Fennel Ground /Gewürz, Fenchel gemahlen",SPI-00-139351-5,SPI,0.03,grams
FV0472A - Indian Butter Chicken [DKSE],REC-013852-4-001,Diced chicken - Butter Chicken Batch - BA,Factor Garam Masala Spice Blend,,"FA-DE Spice, Nutmeg Ground /Gewürz, gemahlene Muskatnuss",SPI-00-139368-5,SPI,0.06,grams
FV0472A - Indian Butter Chicken [DKSE],REC-013852-4-001,Diced chicken - Butter Chicken Batch - BA,Factor Garam Masala Spice Blend,,"FA-DE Spice, Coriander Ground /Gewürz, gemahlener Koriander",SPI-00-139386-5,SPI,0.18,grams
FV0472A - Indian Butter Chicken [DKSE],REC-013852-4-001,Diced chicken - Butter Chicken Batch - BA,Factor Garam Masala Spice Blend,,"FA-DE Spice, Cinnamon Ground /Gewürz, gemahlener Zimt",SPI-00-139341-5,SPI,0.12,grams
FV0472A - Indian Butter Chicken [DKSE],REC-013852-4-001,Diced chicken - Butter Chicken Batch - BA,Factor Garam Masala Spice Blend,,"FA-DE Spice, Cumin Ground /Gewürz, gemahlener Kreuzkümmel",SPI-00-139345-5,SPI,0.37,grams
FV0472A - Indian Butter Chicken [DKSE],REC-013852-4-001,Diced chicken - Butter Chicken Batch - BA,Factor Garam Masala Spice Blend,,"FA-DE Spice, Cloves Ground /Gewürze, gemahlene Nelken",SPI-00-139342-5,SPI,0.06,grams
FV0472A - Indian Butter Chicken [DKSE],REC-013852-4-001,Diced chicken - Butter Chicken Batch - BA,Factor Garam Masala Spice Blend,,"FA-DE Spice, Black Pepper, Ground /Gewürz, schwarzer Pfeffer, gemahlen",SPI-00-139334-5,SPI,0.09,grams
FV0472A - Indian Butter Chicken [DKSE],REC-013852-4-001,Diced chicken - Butter Chicken Batch - BA,Factor Garam Masala Spice Blend,,"FA-DE Spice, Turmeric /Gewürz, Kurkuma",SPI-00-139384-5,SPI,0.03,grams
FV0472A - Indian Butter Chicken [DKSE],REC-013852-4-001,Diced chicken - Butter Chicken Batch - BA,,,"FA-DE Garlic, IQF, Diced 4 mm /Knoblauch, IQF, gewürfelt 4 mm",PHF-00-139237-1,PHF,0.92,grams
FV0472A - Indian Butter Chicken [DKSE],REC-013852-4-001,Diced chicken - Butter Chicken Batch - BA,Chicken CHUNKS - BRINED,,"FA-DE Chicken Breast, Chunked, Boneless Skinless /Hähnchenbrust, in Stücken, ohne Knochen und ohne Haut",PTN-00-139314-3,PTN,128.29,grams
FV0472A - Indian Butter Chicken [DKSE],REC-013852-4-001,Diced chicken - Butter Chicken Batch - BA,Chicken CHUNKS - BRINED,,"FA-DE Spice, Sea Salt /Gewürze, Meersalz",SPI-00-139378-5,SPI,1.13,grams
FV0472A - Indian Butter Chicken [DKSE],REC-013852-4-001,Diced chicken - Butter Chicken Batch - BA,Chicken CHUNKS - BRINED,,FA-DE Water / Wasser,OTH-00-144038-5,OTH,128.29,grams
FV0472A - Indian Butter Chicken [DKSE],REC-013852-4-001,Diced chicken - Butter Chicken Batch - BA,,,"FA-DE Yogurt, Greek, Plain /Joghurt, Griechisch, Natur",DAI-00-139161-3,DAI,6.87,grams
FV0472A - Indian Butter Chicken [DKSE],REC-013852-4-001,Diced chicken - Butter Chicken Batch - BA,,,"FA-DE Spice, Cumin Ground /Gewürz, gemahlener Kreuzkümmel",SPI-00-139345-5,SPI,0.34,grams
FV0472A - Indian Butter Chicken [DKSE],REC-013852-4-001,Diced chicken - Butter Chicken Batch - BA,,,"FA-DE Ginger, IQF, Diced 4 mm /Ingwer, IQF, gewürfelt 4 mm",PHF-00-139238-1,PHF,2.29,grams
FV0472A - Indian Butter Chicken [DKSE],REC-013852-4-001,Roasted Green Onions,,,"FA-DE Onion, Green, Sliced 5mm /Zwiebel, grün, in Scheiben geschnitten, 5 mm",PHF-00-149803-3,PHF,7.06,grams
FV0472A - Indian Butter Chicken [DKSE],REC-013852-4-001,Cauliflower rice - Cilantro and Lime Cauliflower Rice - BA,,,"FA-DE Spice, Black Pepper, Ground /Gewürz, schwarzer Pfeffer, gemahlen",SPI-00-139334-5,SPI,0.06,grams
FV0472A - Indian Butter Chicken [DKSE],REC-013852-4-001,Cauliflower rice - Cilantro and Lime Cauliflower Rice - BA,,,"FA-DE Juice, Lime /Saft, Limette",PRO-00-139268-5,PRO,0.91,grams
FV0472A - Indian Butter Chicken [DKSE],REC-013852-4-001,Cauliflower rice - Cilantro and Lime Cauliflower Rice - BA,Roasted Garlic oil,,"FA-DE Garlic, Peeled, Whole Cloves [10kg] /Knoblauch, geschält, ganze Nelken [10kg]",PHF-00-139197-3,PHF,12.49,grams
FV0472A - Indian Butter Chicken [DKSE],REC-013852-4-001,Cauliflower rice - Cilantro and Lime Cauliflower Rice - BA,Roasted Garlic oil,,"FA-DE Oil, Olive /Öl, Olivenöl",PRO-00-139277-5,PRO,9.37,grams
FV0472A - Indian Butter Chicken [DKSE],REC-013852-4-001,Cauliflower rice - Cilantro and Lime Cauliflower Rice - BA,,,"FA-DE Spice, Sea Salt /Gewürze, Meersalz",SPI-00-139378-5,SPI,0.43,grams
FV0472A - Indian Butter Chicken [DKSE],REC-013852-4-001,Cauliflower rice - Cilantro and Lime Cauliflower Rice - BA,,,"FA-DE Cauliflower, Riced, IQF /Blumenkohl, Reis, IQF",PHF-00-139233-1,PHF,112.5,grams
FV0472A - Indian Butter Chicken [DKSE],REC-013852-4-001,Cauliflower rice - Cilantro and Lime Cauliflower Rice - BA,,,"FA-DE Coriander, Chopped /Koriander, gehackt",PHF-00-139192-3,PHF,6.05,grams
FV0472A - Indian Butter Chicken [DKSE],REC-013852-4-001,Sauce - Butter Chicken sauce,,,"FA-DE Spice, Fenugreek Powder /Gewürz, Bockshornkleepulver",SPI-00-154750-5,SPI,0.1,grams
FV0472A - Indian Butter Chicken [DKSE],REC-013852-4-001,Sauce - Butter Chicken sauce,,,"FA-DE Garlic, IQF, Diced 4 mm /Knoblauch, IQF, gewürfelt 4 mm",PHF-00-139237-1,PHF,3.09,grams
FV0472A - Indian Butter Chicken [DKSE],REC-013852-4-001,Sauce - Butter Chicken sauce,,,"FA-DE Spice, Cumin Ground /Gewürz, gemahlener Kreuzkümmel",SPI-00-139345-5,SPI,0.46,grams
FV0472A - Indian Butter Chicken [DKSE],REC-013852-4-001,Sauce - Butter Chicken sauce,,,"FA-DE Butter, Unsalted /Butter, ungesalzen",DAI-00-139146-3,DAI,18.52,grams
FV0472A - Indian Butter Chicken [DKSE],REC-013852-4-001,Sauce - Butter Chicken sauce,,,"FA-DE Spice, Sea Salt /Gewürze, Meersalz",SPI-00-139378-5,SPI,0.73,grams
FV0472A - Indian Butter Chicken [DKSE],REC-013852-4-001,Sauce - Butter Chicken sauce,,,"FA-DE Spice, Chili Powder /Gewürz, Chilipulver",SPI-00-139340-5,SPI,0.14,grams
FV0472A - Indian Butter Chicken [DKSE],REC-013852-4-001,Sauce - Butter Chicken sauce,,,"FA-DE Onion, Spanish, Diced 5mm /Zwiebel, Spanisch, gewürfelt 5 mm",PHF-00-139212-3,PHF,15.44,grams
FV0472A - Indian Butter Chicken [DKSE],REC-013852-4-001,Sauce - Butter Chicken sauce,Factor Garam Masala Spice Blend,,"FA-DE Spice, Fennel Ground /Gewürz, Fenchel gemahlen",SPI-00-139351-5,SPI,0.01,grams
FV0472A - Indian Butter Chicken [DKSE],REC-013852-4-001,Sauce - Butter Chicken sauce,Factor Garam Masala Spice Blend,,"FA-DE Spice, Nutmeg Ground /Gewürz, gemahlene Muskatnuss",SPI-00-139368-5,SPI,0.03,grams
FV0472A - Indian Butter Chicken [DKSE],REC-013852-4-001,Sauce - Butter Chicken sauce,Factor Garam Masala Spice Blend,,"FA-DE Spice, Coriander Ground /Gewürz, gemahlener Koriander",SPI-00-139386-5,SPI,0.09,grams
FV0472A - Indian Butter Chicken [DKSE],REC-013852-4-001,Sauce - Butter Chicken sauce,Factor Garam Masala Spice Blend,,"FA-DE Spice, Cinnamon Ground /Gewürz, gemahlener Zimt",SPI-00-139341-5,SPI,0.06,grams
FV0472A - Indian Butter Chicken [DKSE],REC-013852-4-001,Sauce - Butter Chicken sauce,Factor Garam Masala Spice Blend,,"FA-DE Spice, Cumin Ground /Gewürz, gemahlener Kreuzkümmel",SPI-00-139345-5,SPI,0.18,grams
FV0472A - Indian Butter Chicken [DKSE],REC-013852-4-001,Sauce - Butter Chicken sauce,Factor Garam Masala Spice Blend,,"FA-DE Spice, Cloves Ground /Gewürze, gemahlene Nelken",SPI-00-139342-5,SPI,0.03,grams
FV0472A - Indian Butter Chicken [DKSE],REC-013852-4-001,Sauce - Butter Chicken sauce,Factor Garam Masala Spice Blend,,"FA-DE Spice, Black Pepper, Ground /Gewürz, schwarzer Pfeffer, gemahlen",SPI-00-139334-5,SPI,0.05,grams
FV0472A - Indian Butter Chicken [DKSE],REC-013852-4-001,Sauce - Butter Chicken sauce,Factor Garam Masala Spice Blend,,"FA-DE Spice, Turmeric /Gewürz, Kurkuma",SPI-00-139384-5,SPI,0.01,grams
FV0472A - Indian Butter Chicken [DKSE],REC-013852-4-001,Sauce - Butter Chicken sauce,,,"FA-DE Oil, Olive /Öl, Olivenöl",PRO-00-139277-5,PRO,9.65,grams
FV0472A - Indian Butter Chicken [DKSE],REC-013852-4-001,Sauce - Butter Chicken sauce,,,"FA-DE Ginger, IQF, Diced 4 mm /Ingwer, IQF, gewürfelt 4 mm",PHF-00-139238-1,PHF,2.32,grams
FV0472A - Indian Butter Chicken [DKSE],REC-013852-4-001,Sauce - Butter Chicken sauce,,,"FA-DE Tomatoes, Crushed /Tomaten, zerkleinert",PRO-00-139294-5,PRO,41.79,grams
FV0472A - Indian Butter Chicken [DKSE],REC-013852-4-001,Sauce - Butter Chicken sauce,,,"FA-DE Spice, Coriander Ground /Gewürz, gemahlener Koriander",SPI-00-139386-5,SPI,0.29,grams
FV0472A - Indian Butter Chicken [DKSE],REC-013852-4-001,Sauce - Butter Chicken sauce,,,FA-DE Heavy Cream 20% /Sahne 20%,DAI-00-139137-3,DAI,32.8,grams
FV0601A - Mozzarella Burger & Roasted Potatoes [BNL],REC-013423-4-005,Roasted Garlic and Parsley Roasted Potato - SH,,,"FA-DE Parsley, Chopped /Petersilie, gehackt",PHF-00-139215-3,PHF,5.31,grams
FV0601A - Mozzarella Burger & Roasted Potatoes [BNL],REC-013423-4-005,Roasted Garlic and Parsley Roasted Potato - SH,,,"FA-DE Spice, Black Pepper, Ground /Gewürz, schwarzer Pfeffer, gemahlen",SPI-00-139334-5,SPI,0.35,grams
FV0601A - Mozzarella Burger & Roasted Potatoes [BNL],REC-013423-4-005,Roasted Garlic and Parsley Roasted Potato - SH,,,"FA-DE Oil, Olive /Öl, Olivenöl",PRO-00-139277-5,PRO,5.31,grams
FV0601A - Mozzarella Burger & Roasted Potatoes [BNL],REC-013423-4-005,Roasted Garlic and Parsley Roasted Potato - SH,Roasted Garlic (use),,"FA-DE Garlic, Peeled, Whole Cloves [10kg] /Knoblauch, geschält, ganze Nelken [10kg]",PHF-00-139197-3,PHF,6.42,grams
FV0601A - Mozzarella Burger & Roasted Potatoes [BNL],REC-013423-4-005,Roasted Garlic and Parsley Roasted Potato - SH,Roasted Garlic (use),,"FA-DE Oil, Olive /Öl, Olivenöl",PRO-00-139277-5,PRO,4.81,grams
FV0601A - Mozzarella Burger & Roasted Potatoes [BNL],REC-013423-4-005,Roasted Garlic and Parsley Roasted Potato - SH,,,"FA-DE Spice, Sea Salt /Gewürze, Meersalz",SPI-00-139378-5,SPI,0.35,grams
FV0601A - Mozzarella Burger & Roasted Potatoes [BNL],REC-013423-4-005,Roasted Garlic and Parsley Roasted Potato - SH,,,"FA-DE Potatoes, Diced 10mm /Kartoffeln, gewürfelt, 10 mm",PHF-00-139219-3,PHF,130.62,grams
FV0601A - Mozzarella Burger & Roasted Potatoes [BNL],REC-013423-4-005,Mixed veg - Summer Zucchini Roast,,,"FA-DE Oil, Olive /Öl, Olivenöl",PRO-00-139277-5,PRO,1.9,grams
FV0601A - Mozzarella Burger & Roasted Potatoes [BNL],REC-013423-4-005,Mixed veg - Summer Zucchini Roast,,,"FA-DE Sweetcorn Supersweet Kernels, IQF /Zuckermais-Supersüßkörner, IQF",PHF-00-139236-1,PHF,20.95,grams
FV0601A - Mozzarella Burger & Roasted Potatoes [BNL],REC-013423-4-005,Mixed veg - Summer Zucchini Roast,,,"FA-DE Garlic, IQF, Diced 4 mm /Knoblauch, IQF, gewürfelt 4 mm",PHF-00-139237-1,PHF,2.22,grams
FV0601A - Mozzarella Burger & Roasted Potatoes [BNL],REC-013423-4-005,Mixed veg - Summer Zucchini Roast,,,"FA-DE Spice, Sea Salt /Gewürze, Meersalz",SPI-00-139378-5,SPI,0.31,grams
FV0601A - Mozzarella Burger & Roasted Potatoes [BNL],REC-013423-4-005,Mixed veg - Summer Zucchini Roast,,,"FA-DE Zucchini, Diced 10mm /Zucchini, gewürfelt 10 mm",PHF-00-139229-3,PHF,55.87,grams
FV0601A - Mozzarella Burger & Roasted Potatoes [BNL],REC-013423-4-005,Mixed veg - Summer Zucchini Roast,,,"FA-DE Spice, Onion Powder, Toasted /Gewürze, Zwiebelpulver, geröstet",SPI-00-139371-5,SPI,0.31,grams
FV0601A - Mozzarella Burger & Roasted Potatoes [BNL],REC-013423-4-005,Mixed veg - Summer Zucchini Roast,,,"FA-DE Tomatoes, Diced 10mm /Tomaten, gewürfelt, 10 mm",PHF-00-139239-3,PHF,28.25,grams
FV0601A - Mozzarella Burger & Roasted Potatoes [BNL],REC-013423-4-005,Mixed veg - Summer Zucchini Roast,,,"FA-DE Spice, Garlic Granulated /Gewürz, Knoblauch granuliert",SPI-00-139353-5,SPI,0.31,grams
FV0601A - Mozzarella Burger & Roasted Potatoes [BNL],REC-013423-4-005,Mixed veg - Summer Zucchini Roast,,,"FA-DE Onion, Spanish, Diced 10mm /Zwiebel, Spanisch, gewürfelt 10 mm",PHF-00-139209-3,PHF,4.76,grams
FV0601A - Mozzarella Burger & Roasted Potatoes [BNL],REC-013423-4-005,Mixed veg - Summer Zucchini Roast,,,"FA-DE Bell Peppers, Red, Diced 10mm /Paprika, rot, gewürfelt 10 mm",PHF-00-139179-3,PHF,2.85,grams
FV0601A - Mozzarella Burger & Roasted Potatoes [BNL],REC-013423-4-005,Mixed veg - Summer Zucchini Roast,,,"FA-DE Parsley, Chopped /Petersilie, gehackt",PHF-00-139215-3,PHF,0.31,grams
FV0601A - Mozzarella Burger & Roasted Potatoes [BNL],REC-013423-4-005,Smokehouse Ketchup,,,"FA-DE Spice, Black Pepper, Ground /Gewürz, schwarzer Pfeffer, gemahlen",SPI-00-139334-5,SPI,0.04,grams
FV0601A - Mozzarella Burger & Roasted Potatoes [BNL],REC-013423-4-005,Smokehouse Ketchup,,,FA-DE Honey /Honig – Masse,PRO-00-139266-5,PRO,4.89,grams
FV0601A - Mozzarella Burger & Roasted Potatoes [BNL],REC-013423-4-005,Smokehouse Ketchup,,,"FA-DE Garlic, IQF, Diced 4 mm /Knoblauch, IQF, gewürfelt 4 mm",PHF-00-139237-1,PHF,1.24,grams
FV0601A - Mozzarella Burger & Roasted Potatoes [BNL],REC-013423-4-005,Smokehouse Ketchup,Concentrated Tomatoes- Diluted (90/10) (primo gusto/old california),,"FA-DE Tomatoes, Concentrated Crushed /Tomaten, konzentriert, zerkleinert",PRO-00-139293-5,PRO,20.46,grams
FV0601A - Mozzarella Burger & Roasted Potatoes [BNL],REC-013423-4-005,Smokehouse Ketchup,Concentrated Tomatoes- Diluted (90/10) (primo gusto/old california),,FA-DE Water / Wasser,OTH-00-144038-5,OTH,2.28,grams
FV0601A - Mozzarella Burger & Roasted Potatoes [BNL],REC-013423-4-005,Smokehouse Ketchup,,,"FA-DE Oil, Olive /Öl, Olivenöl",PRO-00-139277-5,PRO,0.7,grams
FV0601A - Mozzarella Burger & Roasted Potatoes [BNL],REC-013423-4-005,Smokehouse Ketchup,,,"FA-DE Thyme, IQF /Thymian, IQF",PHF-00-139244-1,PHF,0.09,grams
FV0601A - Mozzarella Burger & Roasted Potatoes [BNL],REC-013423-4-005,Smokehouse Ketchup,,,"FA-DE Vinegar, Balsamic /Essig, Balsamico",PRO-00-139298-5,PRO,3.1,grams
FV0601A - Mozzarella Burger & Roasted Potatoes [BNL],REC-013423-4-005,Mozzarella + Parsley Mix,,,"FA-DE Parsley, Chopped /Petersilie, gehackt",PHF-00-139215-3,PHF,0.93,grams
FV0601A - Mozzarella Burger & Roasted Potatoes [BNL],REC-013423-4-005,Mozzarella + Parsley Mix,,,"FA-DE Cheese, Mozzarella, Shredded /Käse, Mozzarella, gerieben",DAI-00-139125-3,DAI,13.07,grams
FV0601A - Mozzarella Burger & Roasted Potatoes [BNL],REC-013423-4-005,Beef Burger Master EU,Burger Patty,Cooked Burger Veggies,"FA-DE Spice, Onion Granulated /Gewürze, Zwiebeln granuliert",SPI-00-139370-5,SPI,4.77,grams
FV0601A - Mozzarella Burger & Roasted Potatoes [BNL],REC-013423-4-005,Beef Burger Master EU,Burger Patty,Cooked Burger Veggies,"FA-DE Spice, Sea Salt /Gewürze, Meersalz",SPI-00-139378-5,SPI,0.35,grams
FV0601A - Mozzarella Burger & Roasted Potatoes [BNL],REC-013423-4-005,Beef Burger Master EU,Burger Patty,Cooked Burger Veggies,"FA-DE Oil, Olive /Öl, Olivenöl",PRO-00-139277-5,PRO,3.19,grams
FV0601A - Mozzarella Burger & Roasted Potatoes [BNL],REC-013423-4-005,Beef Burger Master EU,Burger Patty,Cooked Burger Veggies,"FA-DE Garlic, IQF, Diced 4 mm /Knoblauch, IQF, gewürfelt 4 mm",PHF-00-139237-1,PHF,4.77,grams
FV0601A - Mozzarella Burger & Roasted Potatoes [BNL],REC-013423-4-005,Beef Burger Master EU,Burger Patty,Cooked Burger Veggies,"FA-DE Spice, Garlic Granulated /Gewürz, Knoblauch granuliert",SPI-00-139353-5,SPI,2.39,grams
FV0601A - Mozzarella Burger & Roasted Potatoes [BNL],REC-013423-4-005,Beef Burger Master EU,Burger Patty,Cooked Burger Veggies,"FA-DE Onion, Spanish, Diced 5mm /Zwiebel, Spanisch, gewürfelt 5 mm",PHF-00-139212-3,PHF,8.35,grams
FV0601A - Mozzarella Burger & Roasted Potatoes [BNL],REC-013423-4-005,Beef Burger Master EU,Burger Patty,Burger Stock,"FA-DE Stock, Chicken, Reduced/Brühe, Huhn, Reduziert",PRO-00-139288-5,PRO,1.14,grams
FV0601A - Mozzarella Burger & Roasted Potatoes [BNL],REC-013423-4-005,Beef Burger Master EU,Burger Patty,Burger Stock,FA-DE Water / Wasser,OTH-00-144038-5,OTH,16.07,grams
FV0601A - Mozzarella Burger & Roasted Potatoes [BNL],REC-013423-4-005,Beef Burger Master EU,Burger Patty,Burger Stock,"FA-DE Spice, Sea Salt /Gewürze, Meersalz",SPI-00-139378-5,SPI,0.61,grams
FV0601A - Mozzarella Burger & Roasted Potatoes [BNL],REC-013423-4-005,Beef Burger Master EU,Burger Patty,,"FA-DE Beef, Ground, 80/20 /Rindfleisch, gemahlen, 80/20",PTN-00-139319-3,PTN,169.76,grams
FV0601A - Mozzarella Burger & Roasted Potatoes [BNL],REC-013423-4-005,Mozzarella + Parsley Mix,,,"FA-DE Parsley, Chopped /Petersilie, gehackt",PHF-00-139215-3,PHF,0.93,grams
FV0601A - Mozzarella Burger & Roasted Potatoes [BNL],REC-013423-4-005,Mozzarella + Parsley Mix,,,"FA-DE Cheese, Mozzarella, Shredded /Käse, Mozzarella, gerieben",DAI-00-139125-3,DAI,13.07,grams
FV0794A - Loaded Bacon Shredded Chicken [BNL],REC-013489-4-003,Ranch Sour Cream Batch - PH,,,"FA-DE Juice, Lemon /Saft, Zitrone",PRO-00-139265-5,PRO,2.88,grams
FV0794A - Loaded Bacon Shredded Chicken [BNL],REC-013489-4-003,Ranch Sour Cream Batch - PH,Steamed Cream Cheese,,"FA-DE Cheese, Cream, 13% Fat (Milk) /Käse, Sahne, 13% Fett",DAI-00-139122-3,DAI,4.71,grams
FV0794A - Loaded Bacon Shredded Chicken [BNL],REC-013489-4-003,Ranch Sour Cream Batch - PH,,,FA-DE Sour Cream /Sauerrahm,DAI-00-139141-3,DAI,26.08,grams
FV0794A - Loaded Bacon Shredded Chicken [BNL],REC-013489-4-003,Ranch Sour Cream Batch - PH,DRY Ranch Seasoning,,"FA-DE Chives, Dried /Schnittlauch, getrocknet",SPI-00-139322-5,SPI,0.08,grams
FV0794A - Loaded Bacon Shredded Chicken [BNL],REC-013489-4-003,Ranch Sour Cream Batch - PH,DRY Ranch Seasoning,,"FA-DE Spice, Onion Granulated /Gewürze, Zwiebeln granuliert",SPI-00-139370-5,SPI,0.24,grams
FV0794A - Loaded Bacon Shredded Chicken [BNL],REC-013489-4-003,Ranch Sour Cream Batch - PH,DRY Ranch Seasoning,,"FA-DE Spice, Buttermilk Powder/Gewürz, Buttermilchpulver",SPI-00-151139-5,SPI,1.29,grams
FV0794A - Loaded Bacon Shredded Chicken [BNL],REC-013489-4-003,Ranch Sour Cream Batch - PH,DRY Ranch Seasoning,,"FA-DE Spice, Parsley Dried /Gewürze, getrocknete Petersilie",SPI-00-139374-5,SPI,0.03,grams
FV0794A - Loaded Bacon Shredded Chicken [BNL],REC-013489-4-003,Ranch Sour Cream Batch - PH,DRY Ranch Seasoning,,"FA-DE Spice, Garlic Granulated /Gewürz, Knoblauch granuliert",SPI-00-139353-5,SPI,0.27,grams
FV0794A - Loaded Bacon Shredded Chicken [BNL],REC-013489-4-003,Ranch Sour Cream Batch - PH,DRY Ranch Seasoning,,"FA-DE Spice, Black Pepper, Ground /Gewürz, schwarzer Pfeffer, gemahlen",SPI-00-139334-5,SPI,0.14,grams
FV0794A - Loaded Bacon Shredded Chicken [BNL],REC-013489-4-003,Ranch Sour Cream Batch - PH,DRY Ranch Seasoning,,"FA-DE Spice, Dill Dried /Gewürz, Dill getrocknet",SPI-00-139349-5,SPI,0.08,grams
FV0794A - Loaded Bacon Shredded Chicken [BNL],REC-013489-4-003,Green Beans CUT 1-1/2 - Fresh,,,"FA-DE Green Beans, Fresh, Cut 40mm /Grüne Bohnen, frisch, geschnitten 40mm",PHF-00-139199-3,PHF,102.57,grams
FV0794A - Loaded Bacon Shredded Chicken [BNL],REC-013489-4-003,Green Beans CUT 1-1/2 - Fresh,,,"FA-DE Spice, Black Pepper, Ground /Gewürz, schwarzer Pfeffer, gemahlen",SPI-00-139334-5,SPI,0.08,grams
FV0794A - Loaded Bacon Shredded Chicken [BNL],REC-013489-4-003,Green Beans CUT 1-1/2 - Fresh,,,"FA-DE Spice, Sea Salt /Gewürze, Meersalz",SPI-00-139378-5,SPI,0.59,grams
FV0794A - Loaded Bacon Shredded Chicken [BNL],REC-013489-4-003,Green Beans CUT 1-1/2 - Fresh,,,"FA-DE Oil, Olive /Öl, Olivenöl",PRO-00-139277-5,PRO,5.27,grams
FV0794A - Loaded Bacon Shredded Chicken [BNL],REC-013489-4-003,Green Beans CUT 1-1/2 - Fresh,,,"FA-DE Spice, Garlic Granulated /Gewürz, Knoblauch granuliert",SPI-00-139353-5,SPI,0.44,grams
FV0794A - Loaded Bacon Shredded Chicken [BNL],REC-013489-4-003,Bacon Chicken Casserole,Bacon Chicken Casserole Cheese Sauce,,"FA-DE Cheese, Cream, 13% Fat (Milk) /Käse, Sahne, 13% Fett",DAI-00-139122-3,DAI,10.15,grams
FV0794A - Loaded Bacon Shredded Chicken [BNL],REC-013489-4-003,Bacon Chicken Casserole,Bacon Chicken Casserole Cheese Sauce,,"FA-DE Stock, Chicken, Reduced/Brühe, Huhn, Reduziert",PRO-00-139288-5,PRO,0.42,grams
FV0794A - Loaded Bacon Shredded Chicken [BNL],REC-013489-4-003,Bacon Chicken Casserole,Bacon Chicken Casserole Cheese Sauce,,"FA-DE Onion, Spanish, Diced 5mm /Zwiebel, Spanisch, gewürfelt 5 mm",PHF-00-139212-3,PHF,6.04,grams
FV0794A - Loaded Bacon Shredded Chicken [BNL],REC-013489-4-003,Bacon Chicken Casserole,Bacon Chicken Casserole Cheese Sauce,,FA-DE Water / Wasser,OTH-00-144038-5,OTH,19.62,grams
FV0794A - Loaded Bacon Shredded Chicken [BNL],REC-013489-4-003,Bacon Chicken Casserole,Bacon Chicken Casserole Cheese Sauce,,"FA-DE Cheese, White Cheddar, Shredded /Käse, weißer Cheddar, gerieben",DAI-00-139135-3,DAI,21.13,grams
FV0794A - Loaded Bacon Shredded Chicken [BNL],REC-013489-4-003,Bacon Chicken Casserole,Bacon Chicken Casserole Cheese Sauce,,"FA-DE Garlic, IQF, Diced 4 mm /Knoblauch, IQF, gewürfelt 4 mm",PHF-00-139237-1,PHF,2.34,grams
FV0794A - Loaded Bacon Shredded Chicken [BNL],REC-013489-4-003,Bacon Chicken Casserole,Bacon Chicken Casserole Cheese Sauce,,"FA-DE Cheese, Mozzarella, Shredded /Käse, Mozzarella, gerieben",DAI-00-139125-3,DAI,23.48,grams
FV0794A - Loaded Bacon Shredded Chicken [BNL],REC-013489-4-003,Bacon Chicken Casserole,Bacon Chicken Casserole Cheese Sauce,,"FA-DE Oil, Olive /Öl, Olivenöl",PRO-00-139277-5,PRO,8.55,grams
FV0794A - Loaded Bacon Shredded Chicken [BNL],REC-013489-4-003,Bacon Chicken Casserole,Thawed & Squeezed Frozen Spinach,,"FA-DE Spinach, Frozen Leaf/Spinat, gefrorener Blattspinat",PHF-00-139242-1,PHF,35.16,grams
FV0794A - Loaded Bacon Shredded Chicken [BNL],REC-013489-4-003,Bacon Chicken Casserole,Shredded Ranch Chicken (Loaded Bacon & Spinach),DRY Ranch Seasoning,"FA-DE Chives, Dried /Schnittlauch, getrocknet",SPI-00-139322-5,SPI,0.19,grams
FV0794A - Loaded Bacon Shredded Chicken [BNL],REC-013489-4-003,Bacon Chicken Casserole,Shredded Ranch Chicken (Loaded Bacon & Spinach),DRY Ranch Seasoning,"FA-DE Spice, Onion Granulated /Gewürze, Zwiebeln granuliert",SPI-00-139370-5,SPI,0.53,grams
FV0794A - Loaded Bacon Shredded Chicken [BNL],REC-013489-4-003,Bacon Chicken Casserole,Shredded Ranch Chicken (Loaded Bacon & Spinach),DRY Ranch Seasoning,"FA-DE Spice, Buttermilk Powder/Gewürz, Buttermilchpulver",SPI-00-151139-5,SPI,2.87,grams
FV0794A - Loaded Bacon Shredded Chicken [BNL],REC-013489-4-003,Bacon Chicken Casserole,Shredded Ranch Chicken (Loaded Bacon & Spinach),DRY Ranch Seasoning,"FA-DE Spice, Parsley Dried /Gewürze, getrocknete Petersilie",SPI-00-139374-5,SPI,0.07,grams
FV0794A - Loaded Bacon Shredded Chicken [BNL],REC-013489-4-003,Bacon Chicken Casserole,Shredded Ranch Chicken (Loaded Bacon & Spinach),DRY Ranch Seasoning,"FA-DE Spice, Garlic Granulated /Gewürz, Knoblauch granuliert",SPI-00-139353-5,SPI,0.6,grams
FV0794A - Loaded Bacon Shredded Chicken [BNL],REC-013489-4-003,Bacon Chicken Casserole,Shredded Ranch Chicken (Loaded Bacon & Spinach),DRY Ranch Seasoning,"FA-DE Spice, Black Pepper, Ground /Gewürz, schwarzer Pfeffer, gemahlen",SPI-00-139334-5,SPI,0.3,grams
FV0794A - Loaded Bacon Shredded Chicken [BNL],REC-013489-4-003,Bacon Chicken Casserole,Shredded Ranch Chicken (Loaded Bacon & Spinach),DRY Ranch Seasoning,"FA-DE Spice, Dill Dried /Gewürz, Dill getrocknet",SPI-00-139349-5,SPI,0.19,grams
FV0794A - Loaded Bacon Shredded Chicken [BNL],REC-013489-4-003,Bacon Chicken Casserole,Shredded Ranch Chicken (Loaded Bacon & Spinach),Chicken Thighs - BRINED,"FA-DE Spice, Sea Salt /Gewürze, Meersalz",SPI-00-139378-5,SPI,1.36,grams
FV0794A - Loaded Bacon Shredded Chicken [BNL],REC-013489-4-003,Bacon Chicken Casserole,Shredded Ranch Chicken (Loaded Bacon & Spinach),Chicken Thighs - BRINED,"FA-DE Chicken, Thighs, Boneless Skinless /Hähnchen, Oberschenkel, ohne Knochen und ohne Haut",PTN-00-139343-3,PTN,154.33,grams
FV0794A - Loaded Bacon Shredded Chicken [BNL],REC-013489-4-003,Bacon Chicken Casserole,Shredded Ranch Chicken (Loaded Bacon & Spinach),Chicken Thighs - BRINED,FA-DE Water / Wasser,OTH-00-144038-5,OTH,154.33,grams
FV0794A - Loaded Bacon Shredded Chicken [BNL],REC-013489-4-003,Bacon Chicken Casserole,Shredded Ranch Chicken (Loaded Bacon & Spinach),,"FA-DE Oil, Olive /Öl, Olivenöl",PRO-00-139277-5,PRO,9.64,grams
FV0794A - Loaded Bacon Shredded Chicken [BNL],REC-013489-4-003,Extra Crispy Diced Bacon,,,"FA-DE Bacon, Diced /Speck, gewürfelt",PTN-00-139306-3,PTN,27.22,grams
FV0846A - Stroganoff-Style Beef Burger [BNL],REC-029854-4-003,Sauce for Beef Stroganoff - 1/2 garlic- No wine,,,"FA-DE Mushroom, Button, Sliced, Washed /Pilz, Knopf, geschnitten, gewaschen",PHF-00-139206-3,PHF,46.56,grams
FV0846A - Stroganoff-Style Beef Burger [BNL],REC-029854-4-003,Sauce for Beef Stroganoff - 1/2 garlic- No wine,,,"FA-DE Onion, Green, Sliced 5mm /Zwiebel, grün, in Scheiben geschnitten, 5 mm",PHF-00-149803-3,PHF,5.19,grams
FV0846A - Stroganoff-Style Beef Burger [BNL],REC-029854-4-003,Sauce for Beef Stroganoff - 1/2 garlic- No wine,,,"FA-DE Garlic, IQF, Diced 4 mm /Knoblauch, IQF, gewürfelt 4 mm",PHF-00-139237-1,PHF,3.68,grams
FV0846A - Stroganoff-Style Beef Burger [BNL],REC-029854-4-003,Sauce for Beef Stroganoff - 1/2 garlic- No wine,,,"FA-DE Thyme, IQF /Thymian, IQF",PHF-00-139244-1,PHF,0.97,grams
FV0846A - Stroganoff-Style Beef Burger [BNL],REC-029854-4-003,Sauce for Beef Stroganoff - 1/2 garlic- No wine,,,"FA-DE Mustard, Dijon /Senf, Dijon",PRO-00-139276-5,PRO,3.19,grams
FV0846A - Stroganoff-Style Beef Burger [BNL],REC-029854-4-003,Sauce for Beef Stroganoff - 1/2 garlic- No wine,,,"FA-DE Cheese, Cream, 13% Fat (Milk) /Käse, Sahne, 13% Fett",DAI-00-139122-3,DAI,14.69,grams
FV0846A - Stroganoff-Style Beef Burger [BNL],REC-029854-4-003,Sauce for Beef Stroganoff - 1/2 garlic- No wine,,,FA-DE Heavy Cream 35% /Sahne 35%,DAI-00-148167-3,DAI,1.96,grams
FV0846A - Stroganoff-Style Beef Burger [BNL],REC-029854-4-003,Sauce for Beef Stroganoff - 1/2 garlic- No wine,,,"FA-DE Stock Concentrate, Classic Reduced Brown /Stammkonzentrat, klassisches, reduziertes Braun",PRO-00-139285-5,PRO,4.89,grams
FV0846A - Stroganoff-Style Beef Burger [BNL],REC-029854-4-003,Sauce for Beef Stroganoff - 1/2 garlic- No wine,,,"FA-DE Onion, Spanish, Diced 5mm /Zwiebel, Spanisch, gewürfelt 5 mm",PHF-00-139212-3,PHF,3.68,grams
FV0846A - Stroganoff-Style Beef Burger [BNL],REC-029854-4-003,Sauce for Beef Stroganoff - 1/2 garlic- No wine,,,"FA-DE Spice, Sea Salt /Gewürze, Meersalz",SPI-00-139378-5,SPI,0.27,grams
FV0846A - Stroganoff-Style Beef Burger [BNL],REC-029854-4-003,Sauce for Beef Stroganoff - 1/2 garlic- No wine,,,FA-DE Sour Cream /Sauerrahm,DAI-00-139141-3,DAI,14.69,grams
FV0846A - Stroganoff-Style Beef Burger [BNL],REC-029854-4-003,Sauce for Beef Stroganoff - 1/2 garlic- No wine,,,"FA-DE Oil, Olive /Öl, Olivenöl",PRO-00-139277-5,PRO,5.79,grams
FV0846A - Stroganoff-Style Beef Burger [BNL],REC-029854-4-003,Sauce for Beef Stroganoff - 1/2 garlic- No wine,,,"FA-DE Spice, Porcini Mushroom Powder /Gewürz, Steinpilzpulver",SPI-00-139375-5,SPI,0.73,grams
FV0846A - Stroganoff-Style Beef Burger [BNL],REC-029854-4-003,Sauce for Beef Stroganoff - 1/2 garlic- No wine,,,FA-DE Water / Wasser,OTH-00-144038-5,OTH,2.46,grams
FV0846A - Stroganoff-Style Beef Burger [BNL],REC-029854-4-003,Green Beans CUT 1-1/2 - Fresh - Less Salt,,,"FA-DE Green Beans, Fresh and Trimmed/Grüne Bohnen, frisch und geschnitten",PHF-00-139198-3,PHF,64.19,grams
FV0846A - Stroganoff-Style Beef Burger [BNL],REC-029854-4-003,Green Beans CUT 1-1/2 - Fresh - Less Salt,,,"FA-DE Oil, Olive /Öl, Olivenöl",PRO-00-139277-5,PRO,3.28,grams
FV0846A - Stroganoff-Style Beef Burger [BNL],REC-029854-4-003,Green Beans CUT 1-1/2 - Fresh - Less Salt,,,"FA-DE Spice, Sea Salt /Gewürze, Meersalz",SPI-00-139378-5,SPI,0.27,grams
FV0846A - Stroganoff-Style Beef Burger [BNL],REC-029854-4-003,Green Beans CUT 1-1/2 - Fresh - Less Salt,,,"FA-DE Spice, Black Pepper, Ground /Gewürz, schwarzer Pfeffer, gemahlen",SPI-00-139334-5,SPI,0.09,grams
FV0846A - Stroganoff-Style Beef Burger [BNL],REC-029854-4-003,Green Beans CUT 1-1/2 - Fresh - Less Salt,,,"FA-DE Spice, Garlic Granulated /Gewürz, Knoblauch granuliert",SPI-00-139353-5,SPI,0.27,grams
FV0846A - Stroganoff-Style Beef Burger [BNL],REC-029854-4-003,Herb-Parmesan Butter,,,"FA-DE Spice, Parsley Dried /Gewürze, getrocknete Petersilie",SPI-00-139374-5,SPI,0.09,grams
FV0846A - Stroganoff-Style Beef Burger [BNL],REC-029854-4-003,Herb-Parmesan Butter,,,"FA-DE Butter, Unsalted /Butter, ungesalzen",DAI-00-139146-3,DAI,11.56,grams
FV0846A - Stroganoff-Style Beef Burger [BNL],REC-029854-4-003,Herb-Parmesan Butter,,,"FA-DE Cheese, Parmesan, Grated /Käse, Parmesan, gerieben",DAI-00-139127-3,DAI,1.16,grams
FV0846A - Stroganoff-Style Beef Burger [BNL],REC-029854-4-003,Herb-Parmesan Butter,,,"FA-DE Spice, Black Pepper, Ground /Gewürz, schwarzer Pfeffer, gemahlen",SPI-00-139334-5,SPI,0.11,grams
FV0846A - Stroganoff-Style Beef Burger [BNL],REC-029854-4-003,Herb-Parmesan Butter,,,"FA-DE Spice, White Pepper /Gewürz, weißer Pfeffer",SPI-00-139387-5,SPI,0.11,grams
FV0846A - Stroganoff-Style Beef Burger [BNL],REC-029854-4-003,Beef Burger Master (each) New,,,FA-DE Water / Wasser,OTH-00-144038-5,OTH,15.83,grams
FV0846A - Stroganoff-Style Beef Burger [BNL],REC-029854-4-003,Beef Burger Master (each) New,,,"FA-DE Stock Concentrate, Classic Reduced Brown /Stammkonzentrat, klassisches, reduziertes Braun",PRO-00-139285-5,PRO,1.1,grams
FV0846A - Stroganoff-Style Beef Burger [BNL],REC-029854-4-003,Beef Burger Master (each) New,,,"FA-DE Spice, Sea Salt /Gewürze, Meersalz",SPI-00-139378-5,SPI,0.79,grams
FV0846A - Stroganoff-Style Beef Burger [BNL],REC-029854-4-003,Beef Burger Master (each) New,,,"FA-DE Spice, Garlic Granulated /Gewürz, Knoblauch granuliert",SPI-00-139353-5,SPI,3.52,grams
FV0846A - Stroganoff-Style Beef Burger [BNL],REC-029854-4-003,Beef Burger Master (each) New,Burger Patty Veg,,"FA-DE Garlic, IQF, Diced 4 mm /Knoblauch, IQF, gewürfelt 4 mm",PHF-00-139237-1,PHF,0.12,grams
FV0846A - Stroganoff-Style Beef Burger [BNL],REC-029854-4-003,Beef Burger Master (each) New,Burger Patty Veg,,"FA-DE Oil, Olive /Öl, Olivenöl",PRO-00-139277-5,PRO,0.08,grams
FV0846A - Stroganoff-Style Beef Burger [BNL],REC-029854-4-003,Beef Burger Master (each) New,Burger Patty Veg,,"FA-DE Onion, Spanish, Diced 5mm /Zwiebel, Spanisch, gewürfelt 5 mm",PHF-00-139212-3,PHF,0.21,grams
FV0846A - Stroganoff-Style Beef Burger [BNL],REC-029854-4-003,Beef Burger Master (each) New,,,"FA-DE Beef, Ground, 80/20 /Rindfleisch, gemahlen, 80/20",PTN-00-139319-3,PTN,142.42,grams
FV0846A - Stroganoff-Style Beef Burger [BNL],REC-029854-4-003,Roasted Green Onions,,,"FA-DE Onion, Green, Sliced 5mm /Zwiebel, grün, in Scheiben geschnitten, 5 mm",PHF-00-149803-3,PHF,5.88,grams
FV0846A - Stroganoff-Style Beef Burger [BNL],REC-029854-4-003,Loaded Roasted Sliced Mushrooms 1/2 green onion,,,"FA-DE Spice, Sea Salt /Gewürze, Meersalz",SPI-00-139378-5,SPI,0.26,grams
FV0846A - Stroganoff-Style Beef Burger [BNL],REC-029854-4-003,Loaded Roasted Sliced Mushrooms 1/2 green onion,,,"FA-DE Mushroom, Button, Sliced, Washed /Pilz, Knopf, geschnitten, gewaschen",PHF-00-139206-3,PHF,67.6,grams
FV0846A - Stroganoff-Style Beef Burger [BNL],REC-029854-4-003,Loaded Roasted Sliced Mushrooms 1/2 green onion,,,"FA-DE Spice, Black Pepper, Ground /Gewürz, schwarzer Pfeffer, gemahlen",SPI-00-139334-5,SPI,0.06,grams
FV0846A - Stroganoff-Style Beef Burger [BNL],REC-029854-4-003,Loaded Roasted Sliced Mushrooms 1/2 green onion,,,"FA-DE Oil, Olive /Öl, Olivenöl",PRO-00-139277-5,PRO,10.56,grams
FV0846A - Stroganoff-Style Beef Burger [BNL],REC-029854-4-003,Loaded Roasted Sliced Mushrooms 1/2 green onion,,,"FA-DE Spice, Dill Dried /Gewürz, Dill getrocknet",SPI-00-139349-5,SPI,0.1,grams
FV0846A - Stroganoff-Style Beef Burger [BNL],REC-029854-4-003,Loaded Roasted Sliced Mushrooms 1/2 green onion,,,"FA-DE Thyme, IQF /Thymian, IQF",PHF-00-139244-1,PHF,0.08,grams
FV0846A - Stroganoff-Style Beef Burger [BNL],REC-029854-4-003,Loaded Roasted Sliced Mushrooms 1/2 green onion,,,"FA-DE Onion, Green, Sliced 5mm /Zwiebel, grün, in Scheiben geschnitten, 5 mm",PHF-00-149803-3,PHF,1.69,grams
FV0846A - Stroganoff-Style Beef Burger [BNL],REC-029854-4-003,Loaded Roasted Sliced Mushrooms 1/2 green onion,,,"FA-DE Garlic, IQF, Diced 4 mm /Knoblauch, IQF, gewürfelt 4 mm",PHF-00-139237-1,PHF,3.16,grams
FV0846A - Stroganoff-Style Beef Burger [DE],REC-029854-4-001,Herb-Parmesan Butter,,,"FA-DE Spice, Parsley Dried /Gewürze, getrocknete Petersilie",SPI-00-139374-5,SPI,0.09,grams
FV0846A - Stroganoff-Style Beef Burger [DE],REC-029854-4-001,Herb-Parmesan Butter,,,"FA-DE Butter, Unsalted /Butter, ungesalzen",DAI-00-139146-3,DAI,11.56,grams
FV0846A - Stroganoff-Style Beef Burger [DE],REC-029854-4-001,Herb-Parmesan Butter,,,"FA-DE Cheese, Parmesan, Grated /Käse, Parmesan, gerieben",DAI-00-139127-3,DAI,1.16,grams
FV0846A - Stroganoff-Style Beef Burger [DE],REC-029854-4-001,Herb-Parmesan Butter,,,"FA-DE Spice, Black Pepper, Ground /Gewürz, schwarzer Pfeffer, gemahlen",SPI-00-139334-5,SPI,0.11,grams
FV0846A - Stroganoff-Style Beef Burger [DE],REC-029854-4-001,Herb-Parmesan Butter,,,"FA-DE Spice, White Pepper /Gewürz, weißer Pfeffer",SPI-00-139387-5,SPI,0.11,grams
FV0846A - Stroganoff-Style Beef Burger [DE],REC-029854-4-001,Green Beans CUT 1-1/2 - Fresh - Less Salt,,,"FA-DE Green Beans, Fresh and Trimmed/Grüne Bohnen, frisch und geschnitten",PHF-00-139198-3,PHF,64.19,grams
FV0846A - Stroganoff-Style Beef Burger [DE],REC-029854-4-001,Green Beans CUT 1-1/2 - Fresh - Less Salt,,,"FA-DE Oil, Olive /Öl, Olivenöl",PRO-00-139277-5,PRO,3.28,grams
FV0846A - Stroganoff-Style Beef Burger [DE],REC-029854-4-001,Green Beans CUT 1-1/2 - Fresh - Less Salt,,,"FA-DE Spice, Sea Salt /Gewürze, Meersalz",SPI-00-139378-5,SPI,0.27,grams
FV0846A - Stroganoff-Style Beef Burger [DE],REC-029854-4-001,Green Beans CUT 1-1/2 - Fresh - Less Salt,,,"FA-DE Spice, Black Pepper, Ground /Gewürz, schwarzer Pfeffer, gemahlen",SPI-00-139334-5,SPI,0.09,grams
FV0846A - Stroganoff-Style Beef Burger [DE],REC-029854-4-001,Green Beans CUT 1-1/2 - Fresh - Less Salt,,,"FA-DE Spice, Garlic Granulated /Gewürz, Knoblauch granuliert",SPI-00-139353-5,SPI,0.27,grams
FV0846A - Stroganoff-Style Beef Burger [DE],REC-029854-4-001,Sauce for Beef Stroganoff - 1/2 garlic- No wine,,,"FA-DE Mushroom, Button, Sliced, Washed /Pilz, Knopf, geschnitten, gewaschen",PHF-00-139206-3,PHF,46.56,grams
FV0846A - Stroganoff-Style Beef Burger [DE],REC-029854-4-001,Sauce for Beef Stroganoff - 1/2 garlic- No wine,,,"FA-DE Onion, Green, Sliced 5mm /Zwiebel, grün, in Scheiben geschnitten, 5 mm",PHF-00-149803-3,PHF,5.19,grams
FV0846A - Stroganoff-Style Beef Burger [DE],REC-029854-4-001,Sauce for Beef Stroganoff - 1/2 garlic- No wine,,,"FA-DE Garlic, IQF, Diced 4 mm /Knoblauch, IQF, gewürfelt 4 mm",PHF-00-139237-1,PHF,3.68,grams
FV0846A - Stroganoff-Style Beef Burger [DE],REC-029854-4-001,Sauce for Beef Stroganoff - 1/2 garlic- No wine,,,"FA-DE Thyme, IQF /Thymian, IQF",PHF-00-139244-1,PHF,0.97,grams
FV0846A - Stroganoff-Style Beef Burger [DE],REC-029854-4-001,Sauce for Beef Stroganoff - 1/2 garlic- No wine,,,"FA-DE Mustard, Dijon /Senf, Dijon",PRO-00-139276-5,PRO,3.19,grams
FV0846A - Stroganoff-Style Beef Burger [DE],REC-029854-4-001,Sauce for Beef Stroganoff - 1/2 garlic- No wine,,,"FA-DE Cheese, Cream, 13% Fat (Milk) /Käse, Sahne, 13% Fett",DAI-00-139122-3,DAI,14.69,grams
FV0846A - Stroganoff-Style Beef Burger [DE],REC-029854-4-001,Sauce for Beef Stroganoff - 1/2 garlic- No wine,,,FA-DE Heavy Cream 35% /Sahne 35%,DAI-00-148167-3,DAI,1.96,grams
FV0846A - Stroganoff-Style Beef Burger [DE],REC-029854-4-001,Sauce for Beef Stroganoff - 1/2 garlic- No wine,,,"FA-DE Stock Concentrate, Classic Reduced Brown /Stammkonzentrat, klassisches, reduziertes Braun",PRO-00-139285-5,PRO,4.89,grams
FV0846A - Stroganoff-Style Beef Burger [DE],REC-029854-4-001,Sauce for Beef Stroganoff - 1/2 garlic- No wine,,,"FA-DE Onion, Spanish, Diced 5mm /Zwiebel, Spanisch, gewürfelt 5 mm",PHF-00-139212-3,PHF,3.68,grams
FV0846A - Stroganoff-Style Beef Burger [DE],REC-029854-4-001,Sauce for Beef Stroganoff - 1/2 garlic- No wine,,,"FA-DE Spice, Sea Salt /Gewürze, Meersalz",SPI-00-139378-5,SPI,0.27,grams
FV0846A - Stroganoff-Style Beef Burger [DE],REC-029854-4-001,Sauce for Beef Stroganoff - 1/2 garlic- No wine,,,FA-DE Sour Cream /Sauerrahm,DAI-00-139141-3,DAI,14.69,grams
FV0846A - Stroganoff-Style Beef Burger [DE],REC-029854-4-001,Sauce for Beef Stroganoff - 1/2 garlic- No wine,,,"FA-DE Oil, Olive /Öl, Olivenöl",PRO-00-139277-5,PRO,5.79,grams
FV0846A - Stroganoff-Style Beef Burger [DE],REC-029854-4-001,Sauce for Beef Stroganoff - 1/2 garlic- No wine,,,"FA-DE Spice, Porcini Mushroom Powder /Gewürz, Steinpilzpulver",SPI-00-139375-5,SPI,0.73,grams
FV0846A - Stroganoff-Style Beef Burger [DE],REC-029854-4-001,Sauce for Beef Stroganoff - 1/2 garlic- No wine,,,FA-DE Water / Wasser,OTH-00-144038-5,OTH,2.46,grams
FV0846A - Stroganoff-Style Beef Burger [DE],REC-029854-4-001,Beef Burger Master EU,Burger Patty,Cooked Burger Veggies,"FA-DE Spice, Onion Granulated /Gewürze, Zwiebeln granuliert",SPI-00-139370-5,SPI,4.77,grams
FV0846A - Stroganoff-Style Beef Burger [DE],REC-029854-4-001,Beef Burger Master EU,Burger Patty,Cooked Burger Veggies,"FA-DE Spice, Sea Salt /Gewürze, Meersalz",SPI-00-139378-5,SPI,0.35,grams
FV0846A - Stroganoff-Style Beef Burger [DE],REC-029854-4-001,Beef Burger Master EU,Burger Patty,Cooked Burger Veggies,"FA-DE Oil, Olive /Öl, Olivenöl",PRO-00-139277-5,PRO,3.19,grams
FV0846A - Stroganoff-Style Beef Burger [DE],REC-029854-4-001,Beef Burger Master EU,Burger Patty,Cooked Burger Veggies,"FA-DE Garlic, IQF, Diced 4 mm /Knoblauch, IQF, gewürfelt 4 mm",PHF-00-139237-1,PHF,4.77,grams
FV0846A - Stroganoff-Style Beef Burger [DE],REC-029854-4-001,Beef Burger Master EU,Burger Patty,Cooked Burger Veggies,"FA-DE Spice, Garlic Granulated /Gewürz, Knoblauch granuliert",SPI-00-139353-5,SPI,2.39,grams
FV0846A - Stroganoff-Style Beef Burger [DE],REC-029854-4-001,Beef Burger Master EU,Burger Patty,Cooked Burger Veggies,"FA-DE Onion, Spanish, Diced 5mm /Zwiebel, Spanisch, gewürfelt 5 mm",PHF-00-139212-3,PHF,8.35,grams
FV0846A - Stroganoff-Style Beef Burger [DE],REC-029854-4-001,Beef Burger Master EU,Burger Patty,Burger Stock,"FA-DE Stock, Chicken, Reduced/Brühe, Huhn, Reduziert",PRO-00-139288-5,PRO,1.14,grams
FV0846A - Stroganoff-Style Beef Burger [DE],REC-029854-4-001,Beef Burger Master EU,Burger Patty,Burger Stock,FA-DE Water / Wasser,OTH-00-144038-5,OTH,16.07,grams
FV0846A - Stroganoff-Style Beef Burger [DE],REC-029854-4-001,Beef Burger Master EU,Burger Patty,Burger Stock,"FA-DE Spice, Sea Salt /Gewürze, Meersalz",SPI-00-139378-5,SPI,0.61,grams
FV0846A - Stroganoff-Style Beef Burger [DE],REC-029854-4-001,Beef Burger Master EU,Burger Patty,,"FA-DE Beef, Ground, 80/20 /Rindfleisch, gemahlen, 80/20",PTN-00-139319-3,PTN,169.76,grams
FV0846A - Stroganoff-Style Beef Burger [DE],REC-029854-4-001,Loaded Roasted Sliced Mushrooms 1/2 green onion,,,"FA-DE Spice, Sea Salt /Gewürze, Meersalz",SPI-00-139378-5,SPI,0.26,grams
FV0846A - Stroganoff-Style Beef Burger [DE],REC-029854-4-001,Loaded Roasted Sliced Mushrooms 1/2 green onion,,,"FA-DE Mushroom, Button, Sliced, Washed /Pilz, Knopf, geschnitten, gewaschen",PHF-00-139206-3,PHF,67.6,grams
FV0846A - Stroganoff-Style Beef Burger [DE],REC-029854-4-001,Loaded Roasted Sliced Mushrooms 1/2 green onion,,,"FA-DE Spice, Black Pepper, Ground /Gewürz, schwarzer Pfeffer, gemahlen",SPI-00-139334-5,SPI,0.06,grams
FV0846A - Stroganoff-Style Beef Burger [DE],REC-029854-4-001,Loaded Roasted Sliced Mushrooms 1/2 green onion,,,"FA-DE Oil, Olive /Öl, Olivenöl",PRO-00-139277-5,PRO,10.56,grams
FV0846A - Stroganoff-Style Beef Burger [DE],REC-029854-4-001,Loaded Roasted Sliced Mushrooms 1/2 green onion,,,"FA-DE Spice, Dill Dried /Gewürz, Dill getrocknet",SPI-00-139349-5,SPI,0.1,grams
FV0846A - Stroganoff-Style Beef Burger [DE],REC-029854-4-001,Loaded Roasted Sliced Mushrooms 1/2 green onion,,,"FA-DE Thyme, IQF /Thymian, IQF",PHF-00-139244-1,PHF,0.08,grams
FV0846A - Stroganoff-Style Beef Burger [DE],REC-029854-4-001,Loaded Roasted Sliced Mushrooms 1/2 green onion,,,"FA-DE Onion, Green, Sliced 5mm /Zwiebel, grün, in Scheiben geschnitten, 5 mm",PHF-00-149803-3,PHF,1.69,grams
FV0846A - Stroganoff-Style Beef Burger [DE],REC-029854-4-001,Loaded Roasted Sliced Mushrooms 1/2 green onion,,,"FA-DE Garlic, IQF, Diced 4 mm /Knoblauch, IQF, gewürfelt 4 mm",PHF-00-139237-1,PHF,3.16,grams
FV0846A - Stroganoff-Style Beef Burger [DE],REC-029854-4-001,Roasted Green Onions,,,"FA-DE Onion, Green, Sliced 5mm /Zwiebel, grün, in Scheiben geschnitten, 5 mm",PHF-00-149803-3,PHF,5.88,grams
FV0846A - Stroganoff-Style Beef Burger [DKSE],REC-029854-4-002,Herb-Parmesan Butter,,,"FA-DE Spice, Parsley Dried /Gewürze, getrocknete Petersilie",SPI-00-139374-5,SPI,0.09,grams
FV0846A - Stroganoff-Style Beef Burger [DKSE],REC-029854-4-002,Herb-Parmesan Butter,,,"FA-DE Butter, Unsalted /Butter, ungesalzen",DAI-00-139146-3,DAI,11.56,grams
FV0846A - Stroganoff-Style Beef Burger [DKSE],REC-029854-4-002,Herb-Parmesan Butter,,,"FA-DE Cheese, Parmesan, Grated /Käse, Parmesan, gerieben",DAI-00-139127-3,DAI,1.16,grams
FV0846A - Stroganoff-Style Beef Burger [DKSE],REC-029854-4-002,Herb-Parmesan Butter,,,"FA-DE Spice, Black Pepper, Ground /Gewürz, schwarzer Pfeffer, gemahlen",SPI-00-139334-5,SPI,0.11,grams
FV0846A - Stroganoff-Style Beef Burger [DKSE],REC-029854-4-002,Herb-Parmesan Butter,,,"FA-DE Spice, White Pepper /Gewürz, weißer Pfeffer",SPI-00-139387-5,SPI,0.11,grams
FV0846A - Stroganoff-Style Beef Burger [DKSE],REC-029854-4-002,Sauce for Beef Stroganoff - 1/2 garlic- No wine,,,"FA-DE Mushroom, Button, Sliced, Washed /Pilz, Knopf, geschnitten, gewaschen",PHF-00-139206-3,PHF,46.56,grams
FV0846A - Stroganoff-Style Beef Burger [DKSE],REC-029854-4-002,Sauce for Beef Stroganoff - 1/2 garlic- No wine,,,"FA-DE Onion, Green, Sliced 5mm /Zwiebel, grün, in Scheiben geschnitten, 5 mm",PHF-00-149803-3,PHF,5.19,grams
FV0846A - Stroganoff-Style Beef Burger [DKSE],REC-029854-4-002,Sauce for Beef Stroganoff - 1/2 garlic- No wine,,,"FA-DE Garlic, IQF, Diced 4 mm /Knoblauch, IQF, gewürfelt 4 mm",PHF-00-139237-1,PHF,3.68,grams
FV0846A - Stroganoff-Style Beef Burger [DKSE],REC-029854-4-002,Sauce for Beef Stroganoff - 1/2 garlic- No wine,,,"FA-DE Thyme, IQF /Thymian, IQF",PHF-00-139244-1,PHF,0.97,grams
FV0846A - Stroganoff-Style Beef Burger [DKSE],REC-029854-4-002,Sauce for Beef Stroganoff - 1/2 garlic- No wine,,,"FA-DE Mustard, Dijon /Senf, Dijon",PRO-00-139276-5,PRO,3.19,grams
FV0846A - Stroganoff-Style Beef Burger [DKSE],REC-029854-4-002,Sauce for Beef Stroganoff - 1/2 garlic- No wine,,,"FA-DE Cheese, Cream, 13% Fat (Milk) /Käse, Sahne, 13% Fett",DAI-00-139122-3,DAI,14.69,grams
FV0846A - Stroganoff-Style Beef Burger [DKSE],REC-029854-4-002,Sauce for Beef Stroganoff - 1/2 garlic- No wine,,,FA-DE Heavy Cream 35% /Sahne 35%,DAI-00-148167-3,DAI,1.96,grams
FV0846A - Stroganoff-Style Beef Burger [DKSE],REC-029854-4-002,Sauce for Beef Stroganoff - 1/2 garlic- No wine,,,"FA-DE Stock Concentrate, Classic Reduced Brown /Stammkonzentrat, klassisches, reduziertes Braun",PRO-00-139285-5,PRO,4.89,grams
FV0846A - Stroganoff-Style Beef Burger [DKSE],REC-029854-4-002,Sauce for Beef Stroganoff - 1/2 garlic- No wine,,,"FA-DE Onion, Spanish, Diced 5mm /Zwiebel, Spanisch, gewürfelt 5 mm",PHF-00-139212-3,PHF,3.68,grams
FV0846A - Stroganoff-Style Beef Burger [DKSE],REC-029854-4-002,Sauce for Beef Stroganoff - 1/2 garlic- No wine,,,"FA-DE Spice, Sea Salt /Gewürze, Meersalz",SPI-00-139378-5,SPI,0.27,grams
FV0846A - Stroganoff-Style Beef Burger [DKSE],REC-029854-4-002,Sauce for Beef Stroganoff - 1/2 garlic- No wine,,,FA-DE Sour Cream /Sauerrahm,DAI-00-139141-3,DAI,14.69,grams
FV0846A - Stroganoff-Style Beef Burger [DKSE],REC-029854-4-002,Sauce for Beef Stroganoff - 1/2 garlic- No wine,,,"FA-DE Oil, Olive /Öl, Olivenöl",PRO-00-139277-5,PRO,5.79,grams
FV0846A - Stroganoff-Style Beef Burger [DKSE],REC-029854-4-002,Sauce for Beef Stroganoff - 1/2 garlic- No wine,,,"FA-DE Spice, Porcini Mushroom Powder /Gewürz, Steinpilzpulver",SPI-00-139375-5,SPI,0.73,grams
FV0846A - Stroganoff-Style Beef Burger [DKSE],REC-029854-4-002,Sauce for Beef Stroganoff - 1/2 garlic- No wine,,,FA-DE Water / Wasser,OTH-00-144038-5,OTH,2.46,grams
FV0846A - Stroganoff-Style Beef Burger [DKSE],REC-029854-4-002,Loaded Roasted Sliced Mushrooms 1/2 green onion,,,"FA-DE Spice, Sea Salt /Gewürze, Meersalz",SPI-00-139378-5,SPI,0.26,grams
FV0846A - Stroganoff-Style Beef Burger [DKSE],REC-029854-4-002,Loaded Roasted Sliced Mushrooms 1/2 green onion,,,"FA-DE Mushroom, Button, Sliced, Washed /Pilz, Knopf, geschnitten, gewaschen",PHF-00-139206-3,PHF,67.6,grams
FV0846A - Stroganoff-Style Beef Burger [DKSE],REC-029854-4-002,Loaded Roasted Sliced Mushrooms 1/2 green onion,,,"FA-DE Spice, Black Pepper, Ground /Gewürz, schwarzer Pfeffer, gemahlen",SPI-00-139334-5,SPI,0.06,grams
FV0846A - Stroganoff-Style Beef Burger [DKSE],REC-029854-4-002,Loaded Roasted Sliced Mushrooms 1/2 green onion,,,"FA-DE Oil, Olive /Öl, Olivenöl",PRO-00-139277-5,PRO,10.56,grams
FV0846A - Stroganoff-Style Beef Burger [DKSE],REC-029854-4-002,Loaded Roasted Sliced Mushrooms 1/2 green onion,,,"FA-DE Spice, Dill Dried /Gewürz, Dill getrocknet",SPI-00-139349-5,SPI,0.1,grams
FV0846A - Stroganoff-Style Beef Burger [DKSE],REC-029854-4-002,Loaded Roasted Sliced Mushrooms 1/2 green onion,,,"FA-DE Thyme, IQF /Thymian, IQF",PHF-00-139244-1,PHF,0.08,grams
FV0846A - Stroganoff-Style Beef Burger [DKSE],REC-029854-4-002,Loaded Roasted Sliced Mushrooms 1/2 green onion,,,"FA-DE Onion, Green, Sliced 5mm /Zwiebel, grün, in Scheiben geschnitten, 5 mm",PHF-00-149803-3,PHF,1.69,grams
FV0846A - Stroganoff-Style Beef Burger [DKSE],REC-029854-4-002,Loaded Roasted Sliced Mushrooms 1/2 green onion,,,"FA-DE Garlic, IQF, Diced 4 mm /Knoblauch, IQF, gewürfelt 4 mm",PHF-00-139237-1,PHF,3.16,grams
FV0846A - Stroganoff-Style Beef Burger [DKSE],REC-029854-4-002,Green Beans CUT 1-1/2 - Fresh - Less Salt,,,"FA-DE Green Beans, Fresh and Trimmed/Grüne Bohnen, frisch und geschnitten",PHF-00-139198-3,PHF,64.19,grams
FV0846A - Stroganoff-Style Beef Burger [DKSE],REC-029854-4-002,Green Beans CUT 1-1/2 - Fresh - Less Salt,,,"FA-DE Oil, Olive /Öl, Olivenöl",PRO-00-139277-5,PRO,3.28,grams
FV0846A - Stroganoff-Style Beef Burger [DKSE],REC-029854-4-002,Green Beans CUT 1-1/2 - Fresh - Less Salt,,,"FA-DE Spice, Sea Salt /Gewürze, Meersalz",SPI-00-139378-5,SPI,0.27,grams
FV0846A - Stroganoff-Style Beef Burger [DKSE],REC-029854-4-002,Green Beans CUT 1-1/2 - Fresh - Less Salt,,,"FA-DE Spice, Black Pepper, Ground /Gewürz, schwarzer Pfeffer, gemahlen",SPI-00-139334-5,SPI,0.09,grams
FV0846A - Stroganoff-Style Beef Burger [DKSE],REC-029854-4-002,Green Beans CUT 1-1/2 - Fresh - Less Salt,,,"FA-DE Spice, Garlic Granulated /Gewürz, Knoblauch granuliert",SPI-00-139353-5,SPI,0.27,grams
FV0846A - Stroganoff-Style Beef Burger [DKSE],REC-029854-4-002,Beef Burger Master (each) New,,,FA-DE Water / Wasser,OTH-00-144038-5,OTH,15.83,grams
FV0846A - Stroganoff-Style Beef Burger [DKSE],REC-029854-4-002,Beef Burger Master (each) New,,,"FA-DE Stock Concentrate, Classic Reduced Brown /Stammkonzentrat, klassisches, reduziertes Braun",PRO-00-139285-5,PRO,1.1,grams
FV0846A - Stroganoff-Style Beef Burger [DKSE],REC-029854-4-002,Beef Burger Master (each) New,,,"FA-DE Spice, Sea Salt /Gewürze, Meersalz",SPI-00-139378-5,SPI,0.79,grams
FV0846A - Stroganoff-Style Beef Burger [DKSE],REC-029854-4-002,Beef Burger Master (each) New,,,"FA-DE Spice, Garlic Granulated /Gewürz, Knoblauch granuliert",SPI-00-139353-5,SPI,3.52,grams
FV0846A - Stroganoff-Style Beef Burger [DKSE],REC-029854-4-002,Beef Burger Master (each) New,Burger Patty Veg,,"FA-DE Garlic, IQF, Diced 4 mm /Knoblauch, IQF, gewürfelt 4 mm",PHF-00-139237-1,PHF,0.12,grams
FV0846A - Stroganoff-Style Beef Burger [DKSE],REC-029854-4-002,Beef Burger Master (each) New,Burger Patty Veg,,"FA-DE Oil, Olive /Öl, Olivenöl",PRO-00-139277-5,PRO,0.08,grams
FV0846A - Stroganoff-Style Beef Burger [DKSE],REC-029854-4-002,Beef Burger Master (each) New,Burger Patty Veg,,"FA-DE Onion, Spanish, Diced 5mm /Zwiebel, Spanisch, gewürfelt 5 mm",PHF-00-139212-3,PHF,0.21,grams
FV0846A - Stroganoff-Style Beef Burger [DKSE],REC-029854-4-002,Beef Burger Master (each) New,,,"FA-DE Beef, Ground, 80/20 /Rindfleisch, gemahlen, 80/20",PTN-00-139319-3,PTN,142.42,grams
FV0846A - Stroganoff-Style Beef Burger [DKSE],REC-029854-4-002,Roasted Green Onions,,,"FA-DE Onion, Green, Sliced 5mm /Zwiebel, grün, in Scheiben geschnitten, 5 mm",PHF-00-149803-3,PHF,5.88,grams
FV1145A - Roasted Salmon & Dill Yogurt [BNL],REC-029971-4-003,Green Beans CUT 1-1/2 - Fresh,,,"FA-DE Green Beans, Fresh, Cut 40mm /Grüne Bohnen, frisch, geschnitten 40mm",PHF-00-139199-3,PHF,76.92,grams
FV1145A - Roasted Salmon & Dill Yogurt [BNL],REC-029971-4-003,Green Beans CUT 1-1/2 - Fresh,,,"FA-DE Spice, Black Pepper, Ground /Gewürz, schwarzer Pfeffer, gemahlen",SPI-00-139334-5,SPI,0.06,grams
FV1145A - Roasted Salmon & Dill Yogurt [BNL],REC-029971-4-003,Green Beans CUT 1-1/2 - Fresh,,,"FA-DE Spice, Sea Salt /Gewürze, Meersalz",SPI-00-139378-5,SPI,0.44,grams
FV1145A - Roasted Salmon & Dill Yogurt [BNL],REC-029971-4-003,Green Beans CUT 1-1/2 - Fresh,,,"FA-DE Oil, Olive /Öl, Olivenöl",PRO-00-139277-5,PRO,3.95,grams
FV1145A - Roasted Salmon & Dill Yogurt [BNL],REC-029971-4-003,Green Beans CUT 1-1/2 - Fresh,,,"FA-DE Spice, Garlic Granulated /Gewürz, Knoblauch granuliert",SPI-00-139353-5,SPI,0.33,grams
FV1145A - Roasted Salmon & Dill Yogurt [BNL],REC-029971-4-003,Lemon Dill Yogurt,Roasted Garlic (use),,"FA-DE Garlic, Peeled, Whole Cloves [10kg] /Knoblauch, geschält, ganze Nelken [10kg]",PHF-00-139197-3,PHF,1.75,grams
FV1145A - Roasted Salmon & Dill Yogurt [BNL],REC-029971-4-003,Lemon Dill Yogurt,Roasted Garlic (use),,"FA-DE Oil, Olive /Öl, Olivenöl",PRO-00-139277-5,PRO,1.31,grams
FV1145A - Roasted Salmon & Dill Yogurt [BNL],REC-029971-4-003,Lemon Dill Yogurt,,,"FA-DE Juice, Lemon /Saft, Zitrone",PRO-00-139265-5,PRO,1.39,grams
FV1145A - Roasted Salmon & Dill Yogurt [BNL],REC-029971-4-003,Lemon Dill Yogurt,,,FA-DE Sour Cream /Sauerrahm,DAI-00-139141-3,DAI,15.07,grams
FV1145A - Roasted Salmon & Dill Yogurt [BNL],REC-029971-4-003,Lemon Dill Yogurt,,,"FA-DE Spice, Black Pepper, Ground /Gewürz, schwarzer Pfeffer, gemahlen",SPI-00-139334-5,SPI,0.1,grams
FV1145A - Roasted Salmon & Dill Yogurt [BNL],REC-029971-4-003,Lemon Dill Yogurt,,,"FA-DE Spice, Lemon Powder /Gewürz, Zitronenpulver",SPI-00-139362-5,SPI,0.01,grams
FV1145A - Roasted Salmon & Dill Yogurt [BNL],REC-029971-4-003,Lemon Dill Yogurt,,,"FA-DE Yogurt, Greek, Plain /Joghurt, Griechisch, Natur",DAI-00-139161-3,DAI,9.27,grams
FV1145A - Roasted Salmon & Dill Yogurt [BNL],REC-029971-4-003,Lemon Dill Yogurt,,,"FA-DE Milk, Whole /Milch, voll",DAI-00-139142-3,DAI,7.53,grams
FV1145A - Roasted Salmon & Dill Yogurt [BNL],REC-029971-4-003,Lemon Dill Yogurt,Picked Dill Leaves,,"FA-DE Dill, Fresh/Dill, frisch",PHF-00-139200-3,PHF,1.21,grams
FV1145A - Roasted Salmon & Dill Yogurt [BNL],REC-029971-4-003,Italian Roasted Diced Potatoes,,,"FA-DE Spice, Sea Salt /Gewürze, Meersalz",SPI-00-139378-5,SPI,0.67,grams
FV1145A - Roasted Salmon & Dill Yogurt [BNL],REC-029971-4-003,Italian Roasted Diced Potatoes,,,"FA-DE Spice, Parsley Dried /Gewürze, getrocknete Petersilie",SPI-00-139374-5,SPI,0.47,grams
FV1145A - Roasted Salmon & Dill Yogurt [BNL],REC-029971-4-003,Italian Roasted Diced Potatoes,,,"FA-DE Potatoes, Diced 10mm /Kartoffeln, gewürfelt, 10 mm",PHF-00-139219-3,PHF,131.4,grams
FV1145A - Roasted Salmon & Dill Yogurt [BNL],REC-029971-4-003,Italian Roasted Diced Potatoes,,,"FA-DE Spice, Oregano Dry /Gewürz, Oregano trocken",SPI-00-139372-5,SPI,0.18,grams
FV1145A - Roasted Salmon & Dill Yogurt [BNL],REC-029971-4-003,Italian Roasted Diced Potatoes,,,"FA-DE Oil, Olive /Öl, Olivenöl",PRO-00-139277-5,PRO,2.93,grams
FV1145A - Roasted Salmon & Dill Yogurt [BNL],REC-029971-4-003,Italian Roasted Diced Potatoes,,,"FA-DE Spice, Dried Onion Flakes /Gewürze, getrocknete Zwiebelflocken",SPI-00-139348-5,SPI,0.66,grams
FV1145A - Roasted Salmon & Dill Yogurt [BNL],REC-029971-4-003,Italian Roasted Diced Potatoes,Roasted Garlic (use),,"FA-DE Garlic, Peeled, Whole Cloves [10kg] /Knoblauch, geschält, ganze Nelken [10kg]",PHF-00-139197-3,PHF,5.84,grams
FV1145A - Roasted Salmon & Dill Yogurt [BNL],REC-029971-4-003,Italian Roasted Diced Potatoes,Roasted Garlic (use),,"FA-DE Oil, Olive /Öl, Olivenöl",PRO-00-139277-5,PRO,4.38,grams
FV1145A - Roasted Salmon & Dill Yogurt [BNL],REC-029971-4-003,Moroccan Salmon Batch,,,"FA-DE Spice, Sea Salt /Gewürze, Meersalz",SPI-00-139378-5,SPI,0.28,grams
FV1145A - Roasted Salmon & Dill Yogurt [BNL],REC-029971-4-003,Moroccan Salmon Batch,Moroccan Salmon Marinade,,"FA-DE Coriander, Chopped /Koriander, gehackt",PHF-00-139192-3,PHF,0.83,grams
FV1145A - Roasted Salmon & Dill Yogurt [BNL],REC-029971-4-003,Moroccan Salmon Batch,Moroccan Salmon Marinade,,"FA-DE Spice, Turmeric /Gewürz, Kurkuma",SPI-00-139384-5,SPI,0.05,grams
FV1145A - Roasted Salmon & Dill Yogurt [BNL],REC-029971-4-003,Moroccan Salmon Batch,Moroccan Salmon Marinade,,"FA-DE Oil, Olive /Öl, Olivenöl",PRO-00-139277-5,PRO,3.3,grams
FV1145A - Roasted Salmon & Dill Yogurt [BNL],REC-029971-4-003,Moroccan Salmon Batch,Moroccan Salmon Marinade,,"FA-DE Zest, Lemon/Gewürz, Zitronenschale",PHF-00-139247-3,PHF,0.05,grams
FV1145A - Roasted Salmon & Dill Yogurt [BNL],REC-029971-4-003,Moroccan Salmon Batch,Moroccan Salmon Marinade,,"FA-DE Spice, Smoked Paprika /Gewürz, geräucherter Paprika",SPI-00-139383-5,SPI,0.31,grams
FV1145A - Roasted Salmon & Dill Yogurt [BNL],REC-029971-4-003,Moroccan Salmon Batch,Moroccan Salmon Marinade,,"FA-DE Spice, Ginger Ground /Gewürze, gemahlener Ingwer",SPI-00-139355-5,SPI,0.05,grams
FV1145A - Roasted Salmon & Dill Yogurt [BNL],REC-029971-4-003,Moroccan Salmon Batch,Moroccan Salmon Marinade,,"FA-DE Parsley, Chopped /Petersilie, gehackt",PHF-00-139215-3,PHF,0.83,grams
FV1145A - Roasted Salmon & Dill Yogurt [BNL],REC-029971-4-003,Moroccan Salmon Batch,Moroccan Salmon Marinade,,"FA-DE Spice, Cumin Ground /Gewürz, gemahlener Kreuzkümmel",SPI-00-139345-5,SPI,0.36,grams
FV1145A - Roasted Salmon & Dill Yogurt [BNL],REC-029971-4-003,Moroccan Salmon Batch,Moroccan Salmon Marinade,,"FA-DE Spice, Onion Powder, Toasted /Gewürze, Zwiebelpulver, geröstet",SPI-00-139371-5,SPI,0.08,grams
FV1145A - Roasted Salmon & Dill Yogurt [BNL],REC-029971-4-003,Moroccan Salmon Batch,Moroccan Salmon Marinade,,"FA-DE Spice, Sea Salt /Gewürze, Meersalz",SPI-00-139378-5,SPI,0.41,grams
FV1145A - Roasted Salmon & Dill Yogurt [BNL],REC-029971-4-003,Moroccan Salmon Batch,Moroccan Salmon Marinade,,"FA-DE Yogurt, Greek, Plain /Joghurt, Griechisch, Natur",DAI-00-139161-3,DAI,3.3,grams
FV1145A - Roasted Salmon & Dill Yogurt [BNL],REC-029971-4-003,Moroccan Salmon Batch,Moroccan Salmon Marinade,,"FA-DE Spice, Harissa Powder /Gewürz, Harissa-Pulver",SPI-00-139323-5,SPI,0.36,grams
FV1145A - Roasted Salmon & Dill Yogurt [BNL],REC-029971-4-003,Moroccan Salmon Batch,,,"FA-DE Salmon, Skinless, Boneless, Filet/Lachs, ohne Haut, ohne Knochen, Filet - IQF",PTN-00-139968-1,PTN,140,grams
FV1145A - Roasted Salmon & Dill Yogurt [BNL],REC-029971-4-003,Cooked 10mm diced Spanish Onions,,,"FA-DE Spice, Sea Salt /Gewürze, Meersalz",SPI-00-139378-5,SPI,0.07,grams
FV1145A - Roasted Salmon & Dill Yogurt [BNL],REC-029971-4-003,Cooked 10mm diced Spanish Onions,,,"FA-DE Oil, Olive /Öl, Olivenöl",PRO-00-139277-5,PRO,1.71,grams
FV1145A - Roasted Salmon & Dill Yogurt [BNL],REC-029971-4-003,Cooked 10mm diced Spanish Onions,,,"FA-DE Onion, Spanish, Diced 10mm /Zwiebel, Spanisch, gewürfelt 10 mm",PHF-00-139209-3,PHF,37.87,grams
FV1145A - Roasted Salmon & Dill Yogurt [BNL],REC-029971-4-003,Roasted Red Peppers - Diced (half pepper),,,"FA-DE Bell Peppers, Red, Diced 10mm /Paprika, rot, gewürfelt 10 mm",PHF-00-139179-3,PHF,36.82,grams
FV1145A - Roasted Salmon & Dill Yogurt [BNL],REC-029971-4-003,Roasted Red Peppers - Diced (half pepper),,,"FA-DE Spice, Black Pepper, Ground /Gewürz, schwarzer Pfeffer, gemahlen",SPI-00-139334-5,SPI,0.18,grams
FV1145A - Roasted Salmon & Dill Yogurt [BNL],REC-029971-4-003,Roasted Red Peppers - Diced (half pepper),,,"FA-DE Oil, Olive /Öl, Olivenöl",PRO-00-139277-5,PRO,1.38,grams
FV1145A - Roasted Salmon & Dill Yogurt [BNL],REC-029971-4-003,Roasted Red Peppers - Diced (half pepper),,,"FA-DE Spice, Sea Salt /Gewürze, Meersalz",SPI-00-139378-5,SPI,0.21,grams
FV1145A - Roasted Salmon & Dill Yogurt [BNL],REC-029971-4-003,Roasted Red Peppers - Diced (half pepper),,,"FA-DE Spice, Garlic Granulated /Gewürz, Knoblauch granuliert",SPI-00-139353-5,SPI,0.23,grams
FV1145A - Roasted Salmon & Dill Yogurt [BNL],REC-029971-4-003,Roasted Red Peppers - Diced (half pepper),,,"FA-DE Garlic, IQF, Diced 4 mm /Knoblauch, IQF, gewürfelt 4 mm",PHF-00-139237-1,PHF,1.38,grams
FV1145A - Roasted Salmon & Dill Yogurt [DE],REC-029971-4-002,Green Beans CUT 1-1/2 - Fresh - very little salt,,,"FA-DE Spice, Sea Salt /Gewürze, Meersalz",SPI-00-139378-5,SPI,0.13,grams
FV1145A - Roasted Salmon & Dill Yogurt [DE],REC-029971-4-002,Green Beans CUT 1-1/2 - Fresh - very little salt,,,"FA-DE Spice, Garlic Granulated /Gewürz, Knoblauch granuliert",SPI-00-139353-5,SPI,0.32,grams
FV1145A - Roasted Salmon & Dill Yogurt [DE],REC-029971-4-002,Green Beans CUT 1-1/2 - Fresh - very little salt,,,"FA-DE Oil, Olive /Öl, Olivenöl",PRO-00-139277-5,PRO,4.06,grams
FV1145A - Roasted Salmon & Dill Yogurt [DE],REC-029971-4-002,Green Beans CUT 1-1/2 - Fresh - very little salt,,,"FA-DE Spice, Black Pepper, Ground /Gewürz, schwarzer Pfeffer, gemahlen",SPI-00-139334-5,SPI,0.11,grams
FV1145A - Roasted Salmon & Dill Yogurt [DE],REC-029971-4-002,Green Beans CUT 1-1/2 - Fresh - very little salt,,,"FA-DE Green Beans, Fresh, Cut 40mm /Grüne Bohnen, frisch, geschnitten 40mm",PHF-00-139199-3,PHF,76.95,grams
FV1145A - Roasted Salmon & Dill Yogurt [DE],REC-029971-4-002,Moroccan Salmon Batch,,,"FA-DE Spice, Sea Salt /Gewürze, Meersalz",SPI-00-139378-5,SPI,0.28,grams
FV1145A - Roasted Salmon & Dill Yogurt [DE],REC-029971-4-002,Moroccan Salmon Batch,Moroccan Salmon Marinade,,"FA-DE Coriander, Chopped /Koriander, gehackt",PHF-00-139192-3,PHF,0.83,grams
FV1145A - Roasted Salmon & Dill Yogurt [DE],REC-029971-4-002,Moroccan Salmon Batch,Moroccan Salmon Marinade,,"FA-DE Spice, Turmeric /Gewürz, Kurkuma",SPI-00-139384-5,SPI,0.05,grams
FV1145A - Roasted Salmon & Dill Yogurt [DE],REC-029971-4-002,Moroccan Salmon Batch,Moroccan Salmon Marinade,,"FA-DE Oil, Olive /Öl, Olivenöl",PRO-00-139277-5,PRO,3.3,grams
FV1145A - Roasted Salmon & Dill Yogurt [DE],REC-029971-4-002,Moroccan Salmon Batch,Moroccan Salmon Marinade,,"FA-DE Zest, Lemon/Gewürz, Zitronenschale",PHF-00-139247-3,PHF,0.05,grams
FV1145A - Roasted Salmon & Dill Yogurt [DE],REC-029971-4-002,Moroccan Salmon Batch,Moroccan Salmon Marinade,,"FA-DE Spice, Smoked Paprika /Gewürz, geräucherter Paprika",SPI-00-139383-5,SPI,0.31,grams
FV1145A - Roasted Salmon & Dill Yogurt [DE],REC-029971-4-002,Moroccan Salmon Batch,Moroccan Salmon Marinade,,"FA-DE Spice, Ginger Ground /Gewürze, gemahlener Ingwer",SPI-00-139355-5,SPI,0.05,grams
FV1145A - Roasted Salmon & Dill Yogurt [DE],REC-029971-4-002,Moroccan Salmon Batch,Moroccan Salmon Marinade,,"FA-DE Parsley, Chopped /Petersilie, gehackt",PHF-00-139215-3,PHF,0.83,grams
FV1145A - Roasted Salmon & Dill Yogurt [DE],REC-029971-4-002,Moroccan Salmon Batch,Moroccan Salmon Marinade,,"FA-DE Spice, Cumin Ground /Gewürz, gemahlener Kreuzkümmel",SPI-00-139345-5,SPI,0.36,grams
FV1145A - Roasted Salmon & Dill Yogurt [DE],REC-029971-4-002,Moroccan Salmon Batch,Moroccan Salmon Marinade,,"FA-DE Spice, Onion Powder, Toasted /Gewürze, Zwiebelpulver, geröstet",SPI-00-139371-5,SPI,0.08,grams
FV1145A - Roasted Salmon & Dill Yogurt [DE],REC-029971-4-002,Moroccan Salmon Batch,Moroccan Salmon Marinade,,"FA-DE Spice, Sea Salt /Gewürze, Meersalz",SPI-00-139378-5,SPI,0.41,grams
FV1145A - Roasted Salmon & Dill Yogurt [DE],REC-029971-4-002,Moroccan Salmon Batch,Moroccan Salmon Marinade,,"FA-DE Yogurt, Greek, Plain /Joghurt, Griechisch, Natur",DAI-00-139161-3,DAI,3.3,grams
FV1145A - Roasted Salmon & Dill Yogurt [DE],REC-029971-4-002,Moroccan Salmon Batch,Moroccan Salmon Marinade,,"FA-DE Spice, Harissa Powder /Gewürz, Harissa-Pulver",SPI-00-139323-5,SPI,0.36,grams
FV1145A - Roasted Salmon & Dill Yogurt [DE],REC-029971-4-002,Moroccan Salmon Batch,,,"FA-DE Salmon, Skinless, Boneless, Filet/Lachs, ohne Haut, ohne Knochen, Filet - IQF",PTN-00-139968-1,PTN,140,grams
FV1145A - Roasted Salmon & Dill Yogurt [DE],REC-029971-4-002,Roasted Red Peppers - Diced (half pepper),,,"FA-DE Bell Peppers, Red, Diced 10mm /Paprika, rot, gewürfelt 10 mm",PHF-00-139179-3,PHF,36.82,grams
FV1145A - Roasted Salmon & Dill Yogurt [DE],REC-029971-4-002,Roasted Red Peppers - Diced (half pepper),,,"FA-DE Spice, Black Pepper, Ground /Gewürz, schwarzer Pfeffer, gemahlen",SPI-00-139334-5,SPI,0.18,grams
FV1145A - Roasted Salmon & Dill Yogurt [DE],REC-029971-4-002,Roasted Red Peppers - Diced (half pepper),,,"FA-DE Oil, Olive /Öl, Olivenöl",PRO-00-139277-5,PRO,1.38,grams
FV1145A - Roasted Salmon & Dill Yogurt [DE],REC-029971-4-002,Roasted Red Peppers - Diced (half pepper),,,"FA-DE Spice, Sea Salt /Gewürze, Meersalz",SPI-00-139378-5,SPI,0.21,grams
FV1145A - Roasted Salmon & Dill Yogurt [DE],REC-029971-4-002,Roasted Red Peppers - Diced (half pepper),,,"FA-DE Spice, Garlic Granulated /Gewürz, Knoblauch granuliert",SPI-00-139353-5,SPI,0.23,grams
FV1145A - Roasted Salmon & Dill Yogurt [DE],REC-029971-4-002,Roasted Red Peppers - Diced (half pepper),,,"FA-DE Garlic, IQF, Diced 4 mm /Knoblauch, IQF, gewürfelt 4 mm",PHF-00-139237-1,PHF,1.38,grams
FV1145A - Roasted Salmon & Dill Yogurt [DE],REC-029971-4-002,Lemon Dill Yogurt,Roasted Garlic (use),,"FA-DE Garlic, Peeled, Whole Cloves [10kg] /Knoblauch, geschält, ganze Nelken [10kg]",PHF-00-139197-3,PHF,1.75,grams
FV1145A - Roasted Salmon & Dill Yogurt [DE],REC-029971-4-002,Lemon Dill Yogurt,Roasted Garlic (use),,"FA-DE Oil, Olive /Öl, Olivenöl",PRO-00-139277-5,PRO,1.31,grams
FV1145A - Roasted Salmon & Dill Yogurt [DE],REC-029971-4-002,Lemon Dill Yogurt,,,"FA-DE Juice, Lemon /Saft, Zitrone",PRO-00-139265-5,PRO,1.39,grams
FV1145A - Roasted Salmon & Dill Yogurt [DE],REC-029971-4-002,Lemon Dill Yogurt,,,FA-DE Sour Cream /Sauerrahm,DAI-00-139141-3,DAI,15.07,grams
FV1145A - Roasted Salmon & Dill Yogurt [DE],REC-029971-4-002,Lemon Dill Yogurt,,,"FA-DE Spice, Black Pepper, Ground /Gewürz, schwarzer Pfeffer, gemahlen",SPI-00-139334-5,SPI,0.1,grams
FV1145A - Roasted Salmon & Dill Yogurt [DE],REC-029971-4-002,Lemon Dill Yogurt,,,"FA-DE Spice, Lemon Powder /Gewürz, Zitronenpulver",SPI-00-139362-5,SPI,0.01,grams
FV1145A - Roasted Salmon & Dill Yogurt [DE],REC-029971-4-002,Lemon Dill Yogurt,,,"FA-DE Yogurt, Greek, Plain /Joghurt, Griechisch, Natur",DAI-00-139161-3,DAI,9.27,grams
FV1145A - Roasted Salmon & Dill Yogurt [DE],REC-029971-4-002,Lemon Dill Yogurt,,,"FA-DE Milk, Whole /Milch, voll",DAI-00-139142-3,DAI,7.53,grams
FV1145A - Roasted Salmon & Dill Yogurt [DE],REC-029971-4-002,Lemon Dill Yogurt,Picked Dill Leaves,,"FA-DE Dill, Fresh/Dill, frisch",PHF-00-139200-3,PHF,1.21,grams
FV1145A - Roasted Salmon & Dill Yogurt [DE],REC-029971-4-002,Cooked 10mm diced Spanish Onions,,,"FA-DE Spice, Sea Salt /Gewürze, Meersalz",SPI-00-139378-5,SPI,0.07,grams
FV1145A - Roasted Salmon & Dill Yogurt [DE],REC-029971-4-002,Cooked 10mm diced Spanish Onions,,,"FA-DE Oil, Olive /Öl, Olivenöl",PRO-00-139277-5,PRO,1.71,grams
FV1145A - Roasted Salmon & Dill Yogurt [DE],REC-029971-4-002,Cooked 10mm diced Spanish Onions,,,"FA-DE Onion, Spanish, Diced 10mm /Zwiebel, Spanisch, gewürfelt 10 mm",PHF-00-139209-3,PHF,37.87,grams
FV1145A - Roasted Salmon & Dill Yogurt [DE],REC-029971-4-002,Italian Roasted Diced Potatoes,,,"FA-DE Spice, Sea Salt /Gewürze, Meersalz",SPI-00-139378-5,SPI,0.67,grams
FV1145A - Roasted Salmon & Dill Yogurt [DE],REC-029971-4-002,Italian Roasted Diced Potatoes,,,"FA-DE Spice, Parsley Dried /Gewürze, getrocknete Petersilie",SPI-00-139374-5,SPI,0.47,grams
FV1145A - Roasted Salmon & Dill Yogurt [DE],REC-029971-4-002,Italian Roasted Diced Potatoes,,,"FA-DE Potatoes, Diced 10mm /Kartoffeln, gewürfelt, 10 mm",PHF-00-139219-3,PHF,131.4,grams
FV1145A - Roasted Salmon & Dill Yogurt [DE],REC-029971-4-002,Italian Roasted Diced Potatoes,,,"FA-DE Spice, Oregano Dry /Gewürz, Oregano trocken",SPI-00-139372-5,SPI,0.18,grams
FV1145A - Roasted Salmon & Dill Yogurt [DE],REC-029971-4-002,Italian Roasted Diced Potatoes,,,"FA-DE Oil, Olive /Öl, Olivenöl",PRO-00-139277-5,PRO,2.93,grams
FV1145A - Roasted Salmon & Dill Yogurt [DE],REC-029971-4-002,Italian Roasted Diced Potatoes,,,"FA-DE Spice, Dried Onion Flakes /Gewürze, getrocknete Zwiebelflocken",SPI-00-139348-5,SPI,0.66,grams
FV1145A - Roasted Salmon & Dill Yogurt [DE],REC-029971-4-002,Italian Roasted Diced Potatoes,Roasted Garlic (use),,"FA-DE Garlic, Peeled, Whole Cloves [10kg] /Knoblauch, geschält, ganze Nelken [10kg]",PHF-00-139197-3,PHF,5.84,grams
FV1145A - Roasted Salmon & Dill Yogurt [DE],REC-029971-4-002,Italian Roasted Diced Potatoes,Roasted Garlic (use),,"FA-DE Oil, Olive /Öl, Olivenöl",PRO-00-139277-5,PRO,4.38,grams
FV1145A - Roasted Salmon & Dill Yogurt [DKSE],REC-029971-4-001,Italian Roasted Diced Potatoes,,,"FA-DE Spice, Sea Salt /Gewürze, Meersalz",SPI-00-139378-5,SPI,0.67,grams
FV1145A - Roasted Salmon & Dill Yogurt [DKSE],REC-029971-4-001,Italian Roasted Diced Potatoes,,,"FA-DE Spice, Parsley Dried /Gewürze, getrocknete Petersilie",SPI-00-139374-5,SPI,0.47,grams
FV1145A - Roasted Salmon & Dill Yogurt [DKSE],REC-029971-4-001,Italian Roasted Diced Potatoes,,,"FA-DE Potatoes, Diced 10mm /Kartoffeln, gewürfelt, 10 mm",PHF-00-139219-3,PHF,131.4,grams
FV1145A - Roasted Salmon & Dill Yogurt [DKSE],REC-029971-4-001,Italian Roasted Diced Potatoes,,,"FA-DE Spice, Oregano Dry /Gewürz, Oregano trocken",SPI-00-139372-5,SPI,0.18,grams
FV1145A - Roasted Salmon & Dill Yogurt [DKSE],REC-029971-4-001,Italian Roasted Diced Potatoes,,,"FA-DE Oil, Olive /Öl, Olivenöl",PRO-00-139277-5,PRO,2.93,grams
FV1145A - Roasted Salmon & Dill Yogurt [DKSE],REC-029971-4-001,Italian Roasted Diced Potatoes,,,"FA-DE Spice, Dried Onion Flakes /Gewürze, getrocknete Zwiebelflocken",SPI-00-139348-5,SPI,0.66,grams
FV1145A - Roasted Salmon & Dill Yogurt [DKSE],REC-029971-4-001,Italian Roasted Diced Potatoes,Roasted Garlic (use),,"FA-DE Garlic, Peeled, Whole Cloves [10kg] /Knoblauch, geschält, ganze Nelken [10kg]",PHF-00-139197-3,PHF,5.84,grams
FV1145A - Roasted Salmon & Dill Yogurt [DKSE],REC-029971-4-001,Italian Roasted Diced Potatoes,Roasted Garlic (use),,"FA-DE Oil, Olive /Öl, Olivenöl",PRO-00-139277-5,PRO,4.38,grams
FV1145A - Roasted Salmon & Dill Yogurt [DKSE],REC-029971-4-001,Green Beans CUT 1-1/2 - Fresh - very little salt,,,"FA-DE Spice, Sea Salt /Gewürze, Meersalz",SPI-00-139378-5,SPI,0.13,grams
FV1145A - Roasted Salmon & Dill Yogurt [DKSE],REC-029971-4-001,Green Beans CUT 1-1/2 - Fresh - very little salt,,,"FA-DE Spice, Garlic Granulated /Gewürz, Knoblauch granuliert",SPI-00-139353-5,SPI,0.32,grams
FV1145A - Roasted Salmon & Dill Yogurt [DKSE],REC-029971-4-001,Green Beans CUT 1-1/2 - Fresh - very little salt,,,"FA-DE Oil, Olive /Öl, Olivenöl",PRO-00-139277-5,PRO,4.06,grams
FV1145A - Roasted Salmon & Dill Yogurt [DKSE],REC-029971-4-001,Green Beans CUT 1-1/2 - Fresh - very little salt,,,"FA-DE Spice, Black Pepper, Ground /Gewürz, schwarzer Pfeffer, gemahlen",SPI-00-139334-5,SPI,0.11,grams
FV1145A - Roasted Salmon & Dill Yogurt [DKSE],REC-029971-4-001,Green Beans CUT 1-1/2 - Fresh - very little salt,,,"FA-DE Green Beans, Fresh, Cut 40mm /Grüne Bohnen, frisch, geschnitten 40mm",PHF-00-139199-3,PHF,76.95,grams
FV1145A - Roasted Salmon & Dill Yogurt [DKSE],REC-029971-4-001,Moroccan Salmon Batch,,,"FA-DE Spice, Sea Salt /Gewürze, Meersalz",SPI-00-139378-5,SPI,0.28,grams
FV1145A - Roasted Salmon & Dill Yogurt [DKSE],REC-029971-4-001,Moroccan Salmon Batch,Moroccan Salmon Marinade,,"FA-DE Coriander, Chopped /Koriander, gehackt",PHF-00-139192-3,PHF,0.83,grams
FV1145A - Roasted Salmon & Dill Yogurt [DKSE],REC-029971-4-001,Moroccan Salmon Batch,Moroccan Salmon Marinade,,"FA-DE Spice, Turmeric /Gewürz, Kurkuma",SPI-00-139384-5,SPI,0.05,grams
FV1145A - Roasted Salmon & Dill Yogurt [DKSE],REC-029971-4-001,Moroccan Salmon Batch,Moroccan Salmon Marinade,,"FA-DE Oil, Olive /Öl, Olivenöl",PRO-00-139277-5,PRO,3.3,grams
FV1145A - Roasted Salmon & Dill Yogurt [DKSE],REC-029971-4-001,Moroccan Salmon Batch,Moroccan Salmon Marinade,,"FA-DE Zest, Lemon/Gewürz, Zitronenschale",PHF-00-139247-3,PHF,0.05,grams
FV1145A - Roasted Salmon & Dill Yogurt [DKSE],REC-029971-4-001,Moroccan Salmon Batch,Moroccan Salmon Marinade,,"FA-DE Spice, Smoked Paprika /Gewürz, geräucherter Paprika",SPI-00-139383-5,SPI,0.31,grams
FV1145A - Roasted Salmon & Dill Yogurt [DKSE],REC-029971-4-001,Moroccan Salmon Batch,Moroccan Salmon Marinade,,"FA-DE Spice, Ginger Ground /Gewürze, gemahlener Ingwer",SPI-00-139355-5,SPI,0.05,grams
FV1145A - Roasted Salmon & Dill Yogurt [DKSE],REC-029971-4-001,Moroccan Salmon Batch,Moroccan Salmon Marinade,,"FA-DE Parsley, Chopped /Petersilie, gehackt",PHF-00-139215-3,PHF,0.83,grams
FV1145A - Roasted Salmon & Dill Yogurt [DKSE],REC-029971-4-001,Moroccan Salmon Batch,Moroccan Salmon Marinade,,"FA-DE Spice, Cumin Ground /Gewürz, gemahlener Kreuzkümmel",SPI-00-139345-5,SPI,0.36,grams
FV1145A - Roasted Salmon & Dill Yogurt [DKSE],REC-029971-4-001,Moroccan Salmon Batch,Moroccan Salmon Marinade,,"FA-DE Spice, Onion Powder, Toasted /Gewürze, Zwiebelpulver, geröstet",SPI-00-139371-5,SPI,0.08,grams
FV1145A - Roasted Salmon & Dill Yogurt [DKSE],REC-029971-4-001,Moroccan Salmon Batch,Moroccan Salmon Marinade,,"FA-DE Spice, Sea Salt /Gewürze, Meersalz",SPI-00-139378-5,SPI,0.41,grams
FV1145A - Roasted Salmon & Dill Yogurt [DKSE],REC-029971-4-001,Moroccan Salmon Batch,Moroccan Salmon Marinade,,"FA-DE Yogurt, Greek, Plain /Joghurt, Griechisch, Natur",DAI-00-139161-3,DAI,3.3,grams
FV1145A - Roasted Salmon & Dill Yogurt [DKSE],REC-029971-4-001,Moroccan Salmon Batch,Moroccan Salmon Marinade,,"FA-DE Spice, Harissa Powder /Gewürz, Harissa-Pulver",SPI-00-139323-5,SPI,0.36,grams
FV1145A - Roasted Salmon & Dill Yogurt [DKSE],REC-029971-4-001,Moroccan Salmon Batch,,,"FA-DE Salmon, Skinless, Boneless, Filet/Lachs, ohne Haut, ohne Knochen, Filet - IQF",PTN-00-139968-1,PTN,140,grams
FV1145A - Roasted Salmon & Dill Yogurt [DKSE],REC-029971-4-001,Roasted Red Peppers - Diced (half pepper),,,"FA-DE Bell Peppers, Red, Diced 10mm /Paprika, rot, gewürfelt 10 mm",PHF-00-139179-3,PHF,36.82,grams
FV1145A - Roasted Salmon & Dill Yogurt [DKSE],REC-029971-4-001,Roasted Red Peppers - Diced (half pepper),,,"FA-DE Spice, Black Pepper, Ground /Gewürz, schwarzer Pfeffer, gemahlen",SPI-00-139334-5,SPI,0.18,grams
FV1145A - Roasted Salmon & Dill Yogurt [DKSE],REC-029971-4-001,Roasted Red Peppers - Diced (half pepper),,,"FA-DE Oil, Olive /Öl, Olivenöl",PRO-00-139277-5,PRO,1.38,grams
FV1145A - Roasted Salmon & Dill Yogurt [DKSE],REC-029971-4-001,Roasted Red Peppers - Diced (half pepper),,,"FA-DE Spice, Sea Salt /Gewürze, Meersalz",SPI-00-139378-5,SPI,0.21,grams
FV1145A - Roasted Salmon & Dill Yogurt [DKSE],REC-029971-4-001,Roasted Red Peppers - Diced (half pepper),,,"FA-DE Spice, Garlic Granulated /Gewürz, Knoblauch granuliert",SPI-00-139353-5,SPI,0.23,grams
FV1145A - Roasted Salmon & Dill Yogurt [DKSE],REC-029971-4-001,Roasted Red Peppers - Diced (half pepper),,,"FA-DE Garlic, IQF, Diced 4 mm /Knoblauch, IQF, gewürfelt 4 mm",PHF-00-139237-1,PHF,1.38,grams
FV1145A - Roasted Salmon & Dill Yogurt [DKSE],REC-029971-4-001,Lemon Dill Yogurt,Roasted Garlic (use),,"FA-DE Garlic, Peeled, Whole Cloves [10kg] /Knoblauch, geschält, ganze Nelken [10kg]",PHF-00-139197-3,PHF,1.75,grams
FV1145A - Roasted Salmon & Dill Yogurt [DKSE],REC-029971-4-001,Lemon Dill Yogurt,Roasted Garlic (use),,"FA-DE Oil, Olive /Öl, Olivenöl",PRO-00-139277-5,PRO,1.31,grams
FV1145A - Roasted Salmon & Dill Yogurt [DKSE],REC-029971-4-001,Lemon Dill Yogurt,,,"FA-DE Juice, Lemon /Saft, Zitrone",PRO-00-139265-5,PRO,1.39,grams
FV1145A - Roasted Salmon & Dill Yogurt [DKSE],REC-029971-4-001,Lemon Dill Yogurt,,,FA-DE Sour Cream /Sauerrahm,DAI-00-139141-3,DAI,15.07,grams
FV1145A - Roasted Salmon & Dill Yogurt [DKSE],REC-029971-4-001,Lemon Dill Yogurt,,,"FA-DE Spice, Black Pepper, Ground /Gewürz, schwarzer Pfeffer, gemahlen",SPI-00-139334-5,SPI,0.1,grams
FV1145A - Roasted Salmon & Dill Yogurt [DKSE],REC-029971-4-001,Lemon Dill Yogurt,,,"FA-DE Spice, Lemon Powder /Gewürz, Zitronenpulver",SPI-00-139362-5,SPI,0.01,grams
FV1145A - Roasted Salmon & Dill Yogurt [DKSE],REC-029971-4-001,Lemon Dill Yogurt,,,"FA-DE Yogurt, Greek, Plain /Joghurt, Griechisch, Natur",DAI-00-139161-3,DAI,9.27,grams
FV1145A - Roasted Salmon & Dill Yogurt [DKSE],REC-029971-4-001,Lemon Dill Yogurt,,,"FA-DE Milk, Whole /Milch, voll",DAI-00-139142-3,DAI,7.53,grams
FV1145A - Roasted Salmon & Dill Yogurt [DKSE],REC-029971-4-001,Lemon Dill Yogurt,Picked Dill Leaves,,"FA-DE Dill, Fresh/Dill, frisch",PHF-00-139200-3,PHF,1.21,grams
FV1145A - Roasted Salmon & Dill Yogurt [DKSE],REC-029971-4-001,Cooked 10mm diced Spanish Onions,,,"FA-DE Spice, Sea Salt /Gewürze, Meersalz",SPI-00-139378-5,SPI,0.07,grams
FV1145A - Roasted Salmon & Dill Yogurt [DKSE],REC-029971-4-001,Cooked 10mm diced Spanish Onions,,,"FA-DE Oil, Olive /Öl, Olivenöl",PRO-00-139277-5,PRO,1.71,grams
FV1145A - Roasted Salmon & Dill Yogurt [DKSE],REC-029971-4-001,Cooked 10mm diced Spanish Onions,,,"FA-DE Onion, Spanish, Diced 10mm /Zwiebel, Spanisch, gewürfelt 10 mm",PHF-00-139209-3,PHF,37.87,grams
FV1346A - Parmesan & Garlic Cream Shredded Beef [DE],REC-015144-4-003,Herb-Parmesan Butter (best),Spice Pack Herb-Parmesan Butter (best),,"FA-DE Spice, Sea Salt /Gewürze, Meersalz",SPI-00-139378-5,SPI,0.08,grams
FV1346A - Parmesan & Garlic Cream Shredded Beef [DE],REC-015144-4-003,Herb-Parmesan Butter (best),Spice Pack Herb-Parmesan Butter (best),,"FA-DE Chives, Dried /Schnittlauch, getrocknet",SPI-00-139322-5,SPI,0.06,grams
FV1346A - Parmesan & Garlic Cream Shredded Beef [DE],REC-015144-4-003,Herb-Parmesan Butter (best),Spice Pack Herb-Parmesan Butter (best),,"FA-DE Cheese, Parmesan, Grated /Käse, Parmesan, gerieben",DAI-00-139127-3,DAI,1.72,grams
FV1346A - Parmesan & Garlic Cream Shredded Beef [DE],REC-015144-4-003,Herb-Parmesan Butter (best),Spice Pack Herb-Parmesan Butter (best),,"FA-DE Spice, Black Pepper, Ground /Gewürz, schwarzer Pfeffer, gemahlen",SPI-00-139334-5,SPI,0.08,grams
FV1346A - Parmesan & Garlic Cream Shredded Beef [DE],REC-015144-4-003,Herb-Parmesan Butter (best),Spice Pack Herb-Parmesan Butter (best),,"FA-DE Spice, Parsley Dried /Gewürze, getrocknete Petersilie",SPI-00-139374-5,SPI,0.06,grams
FV1346A - Parmesan & Garlic Cream Shredded Beef [DE],REC-015144-4-003,Herb-Parmesan Butter (best),,,"FA-DE Butter, Unsalted /Butter, ungesalzen",DAI-00-139146-3,DAI,7.99,grams
FV1346A - Parmesan & Garlic Cream Shredded Beef [DE],REC-015144-4-003,Toasted garlic cream,,,"FA-DE Milk, Whole /Milch, voll",DAI-00-139142-3,DAI,29.75,grams
FV1346A - Parmesan & Garlic Cream Shredded Beef [DE],REC-015144-4-003,Toasted garlic cream,,,"FA-DE Spice, Garlic Powder, Toasted /Gewürz, Knoblauchpulver, geröstet",SPI-00-139354-5,SPI,1.05,grams
FV1346A - Parmesan & Garlic Cream Shredded Beef [DE],REC-015144-4-003,Toasted garlic cream,,,"FA-DE Cheese, Cream, 13% Fat (Milk) /Käse, Sahne, 13% Fett",DAI-00-139122-3,DAI,24.51,grams
FV1346A - Parmesan & Garlic Cream Shredded Beef [DE],REC-015144-4-003,Toasted garlic cream,,,"FA-DE Spice, Sea Salt /Gewürze, Meersalz",SPI-00-139378-5,SPI,0.31,grams
FV1346A - Parmesan & Garlic Cream Shredded Beef [DE],REC-015144-4-003,Toasted garlic cream,,,"FA-DE Spice, Minced Garlic, Toasted, Dry /Gewürz, gehackter Knoblauch, geröstet, trocken",SPI-00-139367-5,SPI,1.05,grams
FV1346A - Parmesan & Garlic Cream Shredded Beef [DE],REC-015144-4-003,Toasted garlic cream,,,"FA-DE Cheese, Parmesan, Grated /Käse, Parmesan, gerieben",DAI-00-139127-3,DAI,14,grams
FV1346A - Parmesan & Garlic Cream Shredded Beef [DE],REC-015144-4-003,Toasted garlic cream,,,"FA-DE Spice, Black Pepper, Ground /Gewürz, schwarzer Pfeffer, gemahlen",SPI-00-139334-5,SPI,0.12,grams
FV1346A - Parmesan & Garlic Cream Shredded Beef [DE],REC-015144-4-003,Toasted garlic cream,,,"FA-DE Chives, Dried /Schnittlauch, getrocknet",SPI-00-139322-5,SPI,0.7,grams
FV1346A - Parmesan & Garlic Cream Shredded Beef [DE],REC-015144-4-003,Toasted garlic cream,,,"FA-DE Spice, Onion Powder, Toasted /Gewürze, Zwiebelpulver, geröstet",SPI-00-139371-5,SPI,0.7,grams
FV1346A - Parmesan & Garlic Cream Shredded Beef [DE],REC-015144-4-003,Toasted garlic cream,,,FA-DE Heavy Cream 20% /Sahne 20%,DAI-00-139137-3,DAI,10.51,grams
FV1346A - Parmesan & Garlic Cream Shredded Beef [DE],REC-015144-4-003,Toasted garlic cream,,,"FA-DE Stock, Chicken, Reduced/Brühe, Huhn, Reduziert",PRO-00-139288-5,PRO,2.8,grams
FV1346A - Parmesan & Garlic Cream Shredded Beef [DE],REC-015144-4-003,Rosemary and Thyme Roasted Potato Wedges,,,"FA-DE Potatoes, Skin On, wedges /Kartoffeln mit Schale, Keile",PHF-00-139226-3,PHF,118.38,grams
FV1346A - Parmesan & Garlic Cream Shredded Beef [DE],REC-015144-4-003,Rosemary and Thyme Roasted Potato Wedges,,,"FA-DE Spice, Onion Powder, Toasted /Gewürze, Zwiebelpulver, geröstet",SPI-00-139371-5,SPI,0.44,grams
FV1346A - Parmesan & Garlic Cream Shredded Beef [DE],REC-015144-4-003,Rosemary and Thyme Roasted Potato Wedges,,,"FA-DE Spice, Black Pepper, Ground /Gewürz, schwarzer Pfeffer, gemahlen",SPI-00-139334-5,SPI,0.28,grams
FV1346A - Parmesan & Garlic Cream Shredded Beef [DE],REC-015144-4-003,Rosemary and Thyme Roasted Potato Wedges,,,"FA-DE Oil, Olive /Öl, Olivenöl",PRO-00-139277-5,PRO,1.48,grams
FV1346A - Parmesan & Garlic Cream Shredded Beef [DE],REC-015144-4-003,Rosemary and Thyme Roasted Potato Wedges,,,"FA-DE Thyme, IQF /Thymian, IQF",PHF-00-139244-1,PHF,0.15,grams
FV1346A - Parmesan & Garlic Cream Shredded Beef [DE],REC-015144-4-003,Rosemary and Thyme Roasted Potato Wedges,,,"FA-DE Rosemary, IQF /Rosmarin, IQF",PHF-00-139243-1,PHF,0.15,grams
FV1346A - Parmesan & Garlic Cream Shredded Beef [DE],REC-015144-4-003,Rosemary and Thyme Roasted Potato Wedges,,,"FA-DE Spice, Sea Salt /Gewürze, Meersalz",SPI-00-139378-5,SPI,0.2,grams
FV1346A - Parmesan & Garlic Cream Shredded Beef [DE],REC-015144-4-003,Rosemary and Thyme Roasted Potato Wedges,,,"FA-DE Spice, Garlic Granulated /Gewürz, Knoblauch granuliert",SPI-00-139353-5,SPI,0.44,grams
FV1346A - Parmesan & Garlic Cream Shredded Beef [DE],REC-015144-4-003,Roasted Broccoli - Alliums,,,"FA-DE Spice, Sea Salt /Gewürze, Meersalz",SPI-00-139378-5,SPI,0.48,grams
FV1346A - Parmesan & Garlic Cream Shredded Beef [DE],REC-015144-4-003,Roasted Broccoli - Alliums,,,"FA-DE Broccoli, Florets, /Brokkoli, Röschen",PHF-00-143425-3,PHF,111.9,grams
FV1346A - Parmesan & Garlic Cream Shredded Beef [DE],REC-015144-4-003,Roasted Broccoli - Alliums,,,"FA-DE Spice, Onion Powder, Toasted /Gewürze, Zwiebelpulver, geröstet",SPI-00-139371-5,SPI,0.6,grams
FV1346A - Parmesan & Garlic Cream Shredded Beef [DE],REC-015144-4-003,Roasted Broccoli - Alliums,,,"FA-DE Oil, Olive /Öl, Olivenöl",PRO-00-139277-5,PRO,7.94,grams
FV1346A - Parmesan & Garlic Cream Shredded Beef [DE],REC-015144-4-003,Mixed veg - Roasted Peppers & Onions,,,"FA-DE Onion, Spanish, Sliced 5mm /Zwiebel, spanisch, in Scheiben geschnitten, 5 mm",PHF-00-139211-3,PHF,19.05,grams
FV1346A - Parmesan & Garlic Cream Shredded Beef [DE],REC-015144-4-003,Mixed veg - Roasted Peppers & Onions,,,"FA-DE Bell Peppers, Red, Sliced 10mm /Paprika, rot, in Scheiben geschnitten, 10 mm",PHF-00-139183-3,PHF,53.33,grams
FV1346A - Parmesan & Garlic Cream Shredded Beef [DE],REC-015144-4-003,Mixed veg - Roasted Peppers & Onions,,,"FA-DE Spice, Sea Salt /Gewürze, Meersalz",SPI-00-139378-5,SPI,0.12,grams
FV1346A - Parmesan & Garlic Cream Shredded Beef [DE],REC-015144-4-003,Mixed veg - Roasted Peppers & Onions,,,"FA-DE Oil, Olive /Öl, Olivenöl",PRO-00-139277-5,PRO,2.87,grams
FV1346A - Parmesan & Garlic Cream Shredded Beef [DE],REC-015144-4-003,Mixed veg - Roasted Peppers & Onions,,,"FA-DE Spice, Black Pepper, Ground /Gewürz, schwarzer Pfeffer, gemahlen",SPI-00-139334-5,SPI,0.12,grams
FV1346A - Parmesan & Garlic Cream Shredded Beef [DE],REC-015144-4-003,Shredded Sous Vide Beef,,,"FA-DE Beef, Pulled, Sous Vide/Rindfleisch, Pulled, Sous Vide",PTN-00-139315-3,PTN,112.25,grams
FV1439A - Tzatziki Salmon & Lemon Rice [BNL],REC-029425-4-003,Roasted Balsamic Pearl Onions- Half Balsamic,,,"FA-DE Oil, Olive /Öl, Olivenöl",PRO-00-139277-5,PRO,0.47,grams
FV1439A - Tzatziki Salmon & Lemon Rice [BNL],REC-029425-4-003,Roasted Balsamic Pearl Onions- Half Balsamic,,,"FA-DE Spice, Sea Salt /Gewürze, Meersalz",SPI-00-139378-5,SPI,0.16,grams
FV1439A - Tzatziki Salmon & Lemon Rice [BNL],REC-029425-4-003,Roasted Balsamic Pearl Onions- Half Balsamic,,,"FA-DE Spice, Parsley Dried /Gewürze, getrocknete Petersilie",SPI-00-139374-5,SPI,0.32,grams
FV1439A - Tzatziki Salmon & Lemon Rice [BNL],REC-029425-4-003,Roasted Balsamic Pearl Onions- Half Balsamic,,,"FA-DE Spice, Thyme Dry /Gewürz, Thymian trocken",SPI-00-139385-5,SPI,0.32,grams
FV1439A - Tzatziki Salmon & Lemon Rice [BNL],REC-029425-4-003,Roasted Balsamic Pearl Onions- Half Balsamic,,,"FA-DE Vinegar, Balsamic /Essig, Balsamico",PRO-00-139298-5,PRO,2.69,grams
FV1439A - Tzatziki Salmon & Lemon Rice [BNL],REC-029425-4-003,Roasted Balsamic Pearl Onions- Half Balsamic,,,"FA-DE Onion, Pearl, IQF /Zwiebeln, Perlen, IQF",PHF-00-139232-1,PHF,45.99,grams
FV1439A - Tzatziki Salmon & Lemon Rice [BNL],REC-029425-4-003,Garlic and Chive Roasted Cauliflower Florets,,,"FA-DE Cauliflower, Florets /Blumenkohl, Röschen",PHF-00-143426-3,PHF,90.37,grams
FV1439A - Tzatziki Salmon & Lemon Rice [BNL],REC-029425-4-003,Garlic and Chive Roasted Cauliflower Florets,,,"FA-DE Spice, Black Pepper, Ground /Gewürz, schwarzer Pfeffer, gemahlen",SPI-00-139334-5,SPI,0.14,grams
FV1439A - Tzatziki Salmon & Lemon Rice [BNL],REC-029425-4-003,Garlic and Chive Roasted Cauliflower Florets,,,"FA-DE Oil, Olive /Öl, Olivenöl",PRO-00-139277-5,PRO,3.71,grams
FV1439A - Tzatziki Salmon & Lemon Rice [BNL],REC-029425-4-003,Garlic and Chive Roasted Cauliflower Florets,,,"FA-DE Chives, Dried /Schnittlauch, getrocknet",SPI-00-139322-5,SPI,0.14,grams
FV1439A - Tzatziki Salmon & Lemon Rice [BNL],REC-029425-4-003,Garlic and Chive Roasted Cauliflower Florets,,,"FA-DE Spice, Sea Salt /Gewürze, Meersalz",SPI-00-139378-5,SPI,0.14,grams
FV1439A - Tzatziki Salmon & Lemon Rice [BNL],REC-029425-4-003,Garlic and Chive Roasted Cauliflower Florets,,,"FA-DE Garlic, IQF, Diced 4 mm /Knoblauch, IQF, gewürfelt 4 mm",PHF-00-139237-1,PHF,2.14,grams
FV1439A - Tzatziki Salmon & Lemon Rice [BNL],REC-029425-4-003,Greek Lemon Rice w/ inclusions,GSCLR Greek Lemon Rice,,"FA-DE Spice, Garlic Powder, Toasted /Gewürz, Knoblauchpulver, geröstet",SPI-00-139354-5,SPI,0.39,grams
FV1439A - Tzatziki Salmon & Lemon Rice [BNL],REC-029425-4-003,Greek Lemon Rice w/ inclusions,GSCLR Greek Lemon Rice,,"FA-DE Stock Concentrate, Mirepoix /Stammkonzentrat, Mirepoix",PRO-00-139287-5,PRO,1.95,grams
FV1439A - Tzatziki Salmon & Lemon Rice [BNL],REC-029425-4-003,Greek Lemon Rice w/ inclusions,GSCLR Greek Lemon Rice,,"FA-DE Spice, Dill Dried /Gewürz, Dill getrocknet",SPI-00-139349-5,SPI,0.65,grams
FV1439A - Tzatziki Salmon & Lemon Rice [BNL],REC-029425-4-003,Greek Lemon Rice w/ inclusions,GSCLR Greek Lemon Rice,,"FA-DE Spice, Sea Salt /Gewürze, Meersalz",SPI-00-139378-5,SPI,0.26,grams
FV1439A - Tzatziki Salmon & Lemon Rice [BNL],REC-029425-4-003,Greek Lemon Rice w/ inclusions,GSCLR Greek Lemon Rice,,"FA-DE Spice, Turmeric /Gewürz, Kurkuma",SPI-00-139384-5,SPI,0.39,grams
FV1439A - Tzatziki Salmon & Lemon Rice [BNL],REC-029425-4-003,Greek Lemon Rice w/ inclusions,GSCLR Greek Lemon Rice,,"FA-DE Spice, Oregano Dry /Gewürz, Oregano trocken",SPI-00-139372-5,SPI,0.07,grams
FV1439A - Tzatziki Salmon & Lemon Rice [BNL],REC-029425-4-003,Greek Lemon Rice w/ inclusions,GSCLR Greek Lemon Rice,,"FA-DE Spice, Lemon Powder /Gewürz, Zitronenpulver",SPI-00-139362-5,SPI,0.13,grams
FV1439A - Tzatziki Salmon & Lemon Rice [BNL],REC-029425-4-003,Greek Lemon Rice w/ inclusions,GSCLR Greek Lemon Rice,,"FA-DE Rice, Basmati, Brown /Reis, Basmati, braun",DRY-00-139168-5,DRY,31.13,grams
FV1439A - Tzatziki Salmon & Lemon Rice [BNL],REC-029425-4-003,Greek Lemon Rice w/ inclusions,GSCLR Greek Lemon Rice,,FA-DE Water / Wasser,OTH-00-144038-5,OTH,46.11,grams
FV1439A - Tzatziki Salmon & Lemon Rice [BNL],REC-029425-4-003,Greek Lemon Rice w/ inclusions,Roasted Red Peppers and Red Onion w/ Garlic,,"FA-DE Oil, Olive /Öl, Olivenöl",PRO-00-139277-5,PRO,0.27,grams
FV1439A - Tzatziki Salmon & Lemon Rice [BNL],REC-029425-4-003,Greek Lemon Rice w/ inclusions,Roasted Red Peppers and Red Onion w/ Garlic,,"FA-DE Spice, Black Pepper, Ground /Gewürz, schwarzer Pfeffer, gemahlen",SPI-00-139334-5,SPI,0.27,grams
FV1439A - Tzatziki Salmon & Lemon Rice [BNL],REC-029425-4-003,Greek Lemon Rice w/ inclusions,Roasted Red Peppers and Red Onion w/ Garlic,,"FA-DE Bell Peppers, Red, Diced 10mm /Paprika, rot, gewürfelt 10 mm",PHF-00-139179-3,PHF,31.54,grams
FV1439A - Tzatziki Salmon & Lemon Rice [BNL],REC-029425-4-003,Greek Lemon Rice w/ inclusions,Roasted Red Peppers and Red Onion w/ Garlic,,"FA-DE Garlic, IQF, Diced 4 mm /Knoblauch, IQF, gewürfelt 4 mm",PHF-00-139237-1,PHF,1.21,grams
FV1439A - Tzatziki Salmon & Lemon Rice [BNL],REC-029425-4-003,Greek Lemon Rice w/ inclusions,Roasted Red Peppers and Red Onion w/ Garlic,,"FA-DE Spice, Garlic Granulated /Gewürz, Knoblauch granuliert",SPI-00-139353-5,SPI,0.27,grams
FV1439A - Tzatziki Salmon & Lemon Rice [BNL],REC-029425-4-003,Greek Lemon Rice w/ inclusions,Roasted Red Peppers and Red Onion w/ Garlic,,"FA-DE Onion, Red, Diced 10mm/Zwiebeln, rot, gewürfelt, 10 mm",PHF-00-139216-3,PHF,29.79,grams
FV1439A - Tzatziki Salmon & Lemon Rice [BNL],REC-029425-4-003,Greek Lemon Rice w/ inclusions,Roasted Red Peppers and Red Onion w/ Garlic,,"FA-DE Spice, Sea Salt /Gewürze, Meersalz",SPI-00-139378-5,SPI,0.54,grams
FV1439A - Tzatziki Salmon & Lemon Rice [BNL],REC-029425-4-003,GBB Tzatziki,,,"FA-DE Juice, Lemon /Saft, Zitrone",PRO-00-139265-5,PRO,1.83,grams
FV1439A - Tzatziki Salmon & Lemon Rice [BNL],REC-029425-4-003,GBB Tzatziki,,,"FA-DE Dill, Fresh/Dill, frisch",PHF-00-139200-3,PHF,1.22,grams
FV1439A - Tzatziki Salmon & Lemon Rice [BNL],REC-029425-4-003,GBB Tzatziki,,,"FA-DE Spice, Sea Salt /Gewürze, Meersalz",SPI-00-139378-5,SPI,0.06,grams
FV1439A - Tzatziki Salmon & Lemon Rice [BNL],REC-029425-4-003,GBB Tzatziki,,,FA-DE Sour Cream /Sauerrahm,DAI-00-139141-3,DAI,31.08,grams
FV1439A - Tzatziki Salmon & Lemon Rice [BNL],REC-029425-4-003,GBB Tzatziki,,,"FA-DE Mint, Fresh/Minze, frisch",PHF-00-139205-3,PHF,0.61,grams
FV1439A - Tzatziki Salmon & Lemon Rice [BNL],REC-029425-4-003,GBB Tzatziki,,,"FA-DE Oil, Olive /Öl, Olivenöl",PRO-00-139277-5,PRO,1.55,grams
FV1439A - Tzatziki Salmon & Lemon Rice [BNL],REC-029425-4-003,GBB Tzatziki,,,"FA-DE Zest, Lemon/Gewürz, Zitronenschale",PHF-00-139247-3,PHF,0.92,grams
FV1439A - Tzatziki Salmon & Lemon Rice [BNL],REC-029425-4-003,Salmon - garlic seasoning,,,"FA-DE Salmon, Skinless, Boneless, Filet/Lachs, ohne Haut, ohne Knochen, Filet - IQF",PTN-00-139968-1,PTN,140,grams
FV1439A - Tzatziki Salmon & Lemon Rice [BNL],REC-029425-4-003,Salmon - garlic seasoning,,,"FA-DE Spice, Sea Salt /Gewürze, Meersalz",SPI-00-139378-5,SPI,0.42,grams
FV1439A - Tzatziki Salmon & Lemon Rice [BNL],REC-029425-4-003,Salmon - garlic seasoning,,,"FA-DE Spice, Garlic Granulated /Gewürz, Knoblauch granuliert",SPI-00-139353-5,SPI,0.14,grams
FV1439A - Tzatziki Salmon & Lemon Rice [BNL],REC-029425-4-003,"Roasted Zucchini, Diced - Toasted Garlic",,,"FA-DE Spice, Sea Salt /Gewürze, Meersalz",SPI-00-139378-5,SPI,0.17,grams
FV1439A - Tzatziki Salmon & Lemon Rice [BNL],REC-029425-4-003,"Roasted Zucchini, Diced - Toasted Garlic",,,"FA-DE Oil, Olive /Öl, Olivenöl",PRO-00-139277-5,PRO,0.25,grams
FV1439A - Tzatziki Salmon & Lemon Rice [BNL],REC-029425-4-003,"Roasted Zucchini, Diced - Toasted Garlic",,,"FA-DE Spice, Black Pepper, Ground /Gewürz, schwarzer Pfeffer, gemahlen",SPI-00-139334-5,SPI,0.02,grams
FV1439A - Tzatziki Salmon & Lemon Rice [BNL],REC-029425-4-003,"Roasted Zucchini, Diced - Toasted Garlic",,,"FA-DE Zucchini, Diced 10mm /Zucchini, gewürfelt 10 mm",PHF-00-139229-3,PHF,43.08,grams
FV1439A - Tzatziki Salmon & Lemon Rice [BNL],REC-029425-4-003,"Roasted Zucchini, Diced - Toasted Garlic",,,"FA-DE Spice, Minced Garlic, Toasted, Dry /Gewürz, gehackter Knoblauch, geröstet, trocken",SPI-00-139367-5,SPI,0.17,grams
FV4006A - Pork tenderloin in sun dried tomato sauce [BNL],REC-014085-4-001,Broccoli - Roasted S&P,,,"FA-DE Spice, Black Pepper, Ground /Gewürz, schwarzer Pfeffer, gemahlen",SPI-00-139334-5,SPI,0.2,grams
FV4006A - Pork tenderloin in sun dried tomato sauce [BNL],REC-014085-4-001,Broccoli - Roasted S&P,,,"FA-DE Spice, Garlic Powder, Toasted /Gewürz, Knoblauchpulver, geröstet",SPI-00-139354-5,SPI,0.16,grams
FV4006A - Pork tenderloin in sun dried tomato sauce [BNL],REC-014085-4-001,Broccoli - Roasted S&P,,,"FA-DE Broccoli, Florets, /Brokkoli, Röschen",PHF-00-143425-3,PHF,56.75,grams
FV4006A - Pork tenderloin in sun dried tomato sauce [BNL],REC-014085-4-001,Broccoli - Roasted S&P,,,"FA-DE Oil, Olive /Öl, Olivenöl",PRO-00-139277-5,PRO,4.1,grams
FV4006A - Pork tenderloin in sun dried tomato sauce [BNL],REC-014085-4-001,Broccoli - Roasted S&P,,,"FA-DE Spice, Sea Salt /Gewürze, Meersalz",SPI-00-139378-5,SPI,0.24,grams
FV4006A - Pork tenderloin in sun dried tomato sauce [BNL],REC-014085-4-001,Sauce - Sun-Dried Tomato Sauce - Less Salt,,,"FA-DE Cheese, Parmesan, Grated /Käse, Parmesan, gerieben",DAI-00-139127-3,DAI,5.2,grams
FV4006A - Pork tenderloin in sun dried tomato sauce [BNL],REC-014085-4-001,Sauce - Sun-Dried Tomato Sauce - Less Salt,,,FA-DE Heavy Cream 20% /Sahne 20%,DAI-00-139137-3,DAI,32.32,grams
FV4006A - Pork tenderloin in sun dried tomato sauce [BNL],REC-014085-4-001,Sauce - Sun-Dried Tomato Sauce - Less Salt,,,"FA-DE Oil, Olive /Öl, Olivenöl",PRO-00-139277-5,PRO,2.96,grams
FV4006A - Pork tenderloin in sun dried tomato sauce [BNL],REC-014085-4-001,Sauce - Sun-Dried Tomato Sauce - Less Salt,,,"FA-DE Stock, Chicken, Reduced/Brühe, Huhn, Reduziert",PRO-00-139288-5,PRO,0.58,grams
FV4006A - Pork tenderloin in sun dried tomato sauce [BNL],REC-014085-4-001,Sauce - Sun-Dried Tomato Sauce - Less Salt,,,"FA-DE Garlic, IQF, Diced 4 mm /Knoblauch, IQF, gewürfelt 4 mm",PHF-00-139237-1,PHF,1.18,grams
FV4006A - Pork tenderloin in sun dried tomato sauce [BNL],REC-014085-4-001,Sauce - Sun-Dried Tomato Sauce - Less Salt,Hydrated Sun-Dried Tomatoes,,"FA-DE Tomatoes, Sun - Dried Julienned /Tomaten, sonnengetrocknete Julienne",PRO-00-139296-5,PRO,2.88,grams
FV4006A - Pork tenderloin in sun dried tomato sauce [BNL],REC-014085-4-001,Sauce - Sun-Dried Tomato Sauce - Less Salt,Hydrated Sun-Dried Tomatoes,,FA-DE Water / Wasser,OTH-00-144038-5,OTH,2.88,grams
FV4006A - Pork tenderloin in sun dried tomato sauce [BNL],REC-014085-4-001,Sauce - Sun-Dried Tomato Sauce - Less Salt,,,"FA-DE Spinach, Fresh, Stem Off /Spinat, frisch, ohne Stiel",PHF-00-139225-3,PHF,4.16,grams
FV4006A - Pork tenderloin in sun dried tomato sauce [BNL],REC-014085-4-001,Sauce - Sun-Dried Tomato Sauce - Less Salt,,,"FA-DE Spice, Sea Salt /Gewürze, Meersalz",SPI-00-139378-5,SPI,0.03,grams
FV4006A - Pork tenderloin in sun dried tomato sauce [BNL],REC-014085-4-001,Sauce - Sun-Dried Tomato Sauce - Less Salt,,,"FA-DE Onion, Spanish, Diced 5mm /Zwiebel, Spanisch, gewürfelt 5 mm",PHF-00-139212-3,PHF,5.2,grams
FV4006A - Pork tenderloin in sun dried tomato sauce [BNL],REC-014085-4-001,Mash - Roasted Garlic Cauliflower Mashed,Steamed Cauliflower Rice,,"FA-DE Cauliflower, Riced, IQF /Blumenkohl, Reis, IQF",PHF-00-139233-1,PHF,75.65,grams
FV4006A - Pork tenderloin in sun dried tomato sauce [BNL],REC-014085-4-001,Mash - Roasted Garlic Cauliflower Mashed,,,"FA-DE Butter, Unsalted /Butter, ungesalzen",DAI-00-139146-3,DAI,10.64,grams
FV4006A - Pork tenderloin in sun dried tomato sauce [BNL],REC-014085-4-001,Mash - Roasted Garlic Cauliflower Mashed,,,"FA-DE Cheese, Cream, 13% Fat (Milk) /Käse, Sahne, 13% Fett",DAI-00-139122-3,DAI,15.96,grams
FV4006A - Pork tenderloin in sun dried tomato sauce [BNL],REC-014085-4-001,Mash - Roasted Garlic Cauliflower Mashed,,,"FA-DE Spice, Sea Salt /Gewürze, Meersalz",SPI-00-139378-5,SPI,0.49,grams
FV4006A - Pork tenderloin in sun dried tomato sauce [BNL],REC-014085-4-001,Mash - Roasted Garlic Cauliflower Mashed,Roasted Garlic (use),,"FA-DE Garlic, Peeled, Whole Cloves [10kg] /Knoblauch, geschält, ganze Nelken [10kg]",PHF-00-139197-3,PHF,2.71,grams
FV4006A - Pork tenderloin in sun dried tomato sauce [BNL],REC-014085-4-001,Mash - Roasted Garlic Cauliflower Mashed,Roasted Garlic (use),,"FA-DE Oil, Olive /Öl, Olivenöl",PRO-00-139277-5,PRO,2.04,grams
FV4006A - Pork tenderloin in sun dried tomato sauce [BNL],REC-014085-4-001,Cauliflower - Roasted S&P,,,"FA-DE Cauliflower, Florets /Blumenkohl, Röschen",PHF-00-143426-3,PHF,57.97,grams
FV4006A - Pork tenderloin in sun dried tomato sauce [BNL],REC-014085-4-001,Cauliflower - Roasted S&P,,,"FA-DE Spice, Sea Salt /Gewürze, Meersalz",SPI-00-139378-5,SPI,0.23,grams
FV4006A - Pork tenderloin in sun dried tomato sauce [BNL],REC-014085-4-001,Cauliflower - Roasted S&P,,,"FA-DE Spice, Black Pepper, Ground /Gewürz, schwarzer Pfeffer, gemahlen",SPI-00-139334-5,SPI,0.14,grams
FV4006A - Pork tenderloin in sun dried tomato sauce [BNL],REC-014085-4-001,Cauliflower - Roasted S&P,,,"FA-DE Oil, Olive /Öl, Olivenöl",PRO-00-139277-5,PRO,2.75,grams
FV4006A - Pork tenderloin in sun dried tomato sauce [BNL],REC-014085-4-001,Pork tenderloin - herb marinade,Pork Tenderloin - HERB BRINED,,FA-DE Water / Wasser,OTH-00-144038-5,OTH,170,grams
FV4006A - Pork tenderloin in sun dried tomato sauce [BNL],REC-014085-4-001,Pork tenderloin - herb marinade,Pork Tenderloin - HERB BRINED,,"FA-DE Spice, Thyme Dry /Gewürz, Thymian trocken",SPI-00-139385-5,SPI,0.28,grams
FV4006A - Pork tenderloin in sun dried tomato sauce [BNL],REC-014085-4-001,Pork tenderloin - herb marinade,Pork Tenderloin - HERB BRINED,,"FA-DE Pork, Tenderloin /Schweinefleisch, Filet",PTN-00-139310-3,PTN,170,grams
FV4006A - Pork tenderloin in sun dried tomato sauce [BNL],REC-014085-4-001,Pork tenderloin - herb marinade,Pork Tenderloin - HERB BRINED,,"FA-DE Spice, Sage, Rubbed /Gewürz, Salbei, gerieben",SPI-00-139377-5,SPI,0.28,grams
FV4006A - Pork tenderloin in sun dried tomato sauce [BNL],REC-014085-4-001,Pork tenderloin - herb marinade,Pork Tenderloin - HERB BRINED,,"FA-DE Spice, Sea Salt /Gewürze, Meersalz",SPI-00-139378-5,SPI,1.5,grams
FV4006A - Pork tenderloin in sun dried tomato sauce [BNL],REC-014085-4-001,Pork tenderloin - herb marinade,Pork Tenderloin - HERB BRINED,,FA-DE Dried Rosemary/Rosmarin getrocknet,SPI-00-143552-5,SPI,0.28,grams
FV4006A - Pork tenderloin in sun dried tomato sauce [BNL],REC-014085-4-001,Pork tenderloin - herb marinade,Herb Marinade for Pork Tenderloin,,"FA-DE Chives, Dried /Schnittlauch, getrocknet",SPI-00-139322-5,SPI,0.05,grams
FV4006A - Pork tenderloin in sun dried tomato sauce [BNL],REC-014085-4-001,Pork tenderloin - herb marinade,Herb Marinade for Pork Tenderloin,,"FA-DE Spice, Oregano Dry /Gewürz, Oregano trocken",SPI-00-139372-5,SPI,0.03,grams
FV4006A - Pork tenderloin in sun dried tomato sauce [BNL],REC-014085-4-001,Pork tenderloin - herb marinade,Herb Marinade for Pork Tenderloin,,"FA-DE Oil, Olive /Öl, Olivenöl",PRO-00-139277-5,PRO,11.1,grams
FV4006A - Pork tenderloin in sun dried tomato sauce [BNL],REC-014085-4-001,Pork tenderloin - herb marinade,Herb Marinade for Pork Tenderloin,,"FA-DE Spice, Onion Granulated /Gewürze, Zwiebeln granuliert",SPI-00-139370-5,SPI,0.12,grams
FV4006A - Pork tenderloin in sun dried tomato sauce [BNL],REC-014085-4-001,Pork tenderloin - herb marinade,Herb Marinade for Pork Tenderloin,,"FA-DE Spice, Sea Salt /Gewürze, Meersalz",SPI-00-139378-5,SPI,0.27,grams
FV4006A - Pork tenderloin in sun dried tomato sauce [BNL],REC-014085-4-001,Pork tenderloin - herb marinade,Herb Marinade for Pork Tenderloin,,"FA-DE Spice, Parsley Dried /Gewürze, getrocknete Petersilie",SPI-00-139374-5,SPI,0.03,grams
FV4006A - Pork tenderloin in sun dried tomato sauce [BNL],REC-014085-4-001,Pork tenderloin - herb marinade,Herb Marinade for Pork Tenderloin,,"FA-DE Spice, Black Pepper, Ground /Gewürz, schwarzer Pfeffer, gemahlen",SPI-00-139334-5,SPI,0.18,grams
FV4006A - Pork tenderloin in sun dried tomato sauce [BNL],REC-014085-4-001,Pork tenderloin - herb marinade,Herb Marinade for Pork Tenderloin,,"FA-DE Spice, Garlic Granulated /Gewürz, Knoblauch granuliert",SPI-00-139353-5,SPI,0.24,grams
FV4006A - Pork tenderloin in sun dried tomato sauce [BNL],REC-014085-4-001,Compound butter - Parmesan-Chive,,,"FA-DE Spice, Parsley Dried /Gewürze, getrocknete Petersilie",SPI-00-139374-5,SPI,0.1,grams
FV4006A - Pork tenderloin in sun dried tomato sauce [BNL],REC-014085-4-001,Compound butter - Parmesan-Chive,,,"FA-DE Butter, Unsalted /Butter, ungesalzen",DAI-00-139146-3,DAI,7.5,grams
FV4006A - Pork tenderloin in sun dried tomato sauce [BNL],REC-014085-4-001,Compound butter - Parmesan-Chive,,,"FA-DE Chives, Dried /Schnittlauch, getrocknet",SPI-00-139322-5,SPI,0.1,grams
FV4006A - Pork tenderloin in sun dried tomato sauce [BNL],REC-014085-4-001,Compound butter - Parmesan-Chive,,,"FA-DE Cheese, Parmesan, Grated /Käse, Parmesan, gerieben",DAI-00-139127-3,DAI,2.5,grams
FV4006A - Pork tenderloin in sun dried tomato sauce [DE],REC-014085-4-003,Compound butter - Parmesan-Chive,,,"FA-DE Spice, Parsley Dried /Gewürze, getrocknete Petersilie",SPI-00-139374-5,SPI,0.1,grams
FV4006A - Pork tenderloin in sun dried tomato sauce [DE],REC-014085-4-003,Compound butter - Parmesan-Chive,,,"FA-DE Butter, Unsalted /Butter, ungesalzen",DAI-00-139146-3,DAI,7.5,grams
FV4006A - Pork tenderloin in sun dried tomato sauce [DE],REC-014085-4-003,Compound butter - Parmesan-Chive,,,"FA-DE Chives, Dried /Schnittlauch, getrocknet",SPI-00-139322-5,SPI,0.1,grams
FV4006A - Pork tenderloin in sun dried tomato sauce [DE],REC-014085-4-003,Compound butter - Parmesan-Chive,,,"FA-DE Cheese, Parmesan, Grated /Käse, Parmesan, gerieben",DAI-00-139127-3,DAI,2.5,grams
FV4006A - Pork tenderloin in sun dried tomato sauce [DE],REC-014085-4-003,Broccoli - Roasted S&P,,,"FA-DE Spice, Black Pepper, Ground /Gewürz, schwarzer Pfeffer, gemahlen",SPI-00-139334-5,SPI,0.2,grams
FV4006A - Pork tenderloin in sun dried tomato sauce [DE],REC-014085-4-003,Broccoli - Roasted S&P,,,"FA-DE Spice, Garlic Powder, Toasted /Gewürz, Knoblauchpulver, geröstet",SPI-00-139354-5,SPI,0.16,grams
FV4006A - Pork tenderloin in sun dried tomato sauce [DE],REC-014085-4-003,Broccoli - Roasted S&P,,,"FA-DE Broccoli, Florets, /Brokkoli, Röschen",PHF-00-143425-3,PHF,56.75,grams
FV4006A - Pork tenderloin in sun dried tomato sauce [DE],REC-014085-4-003,Broccoli - Roasted S&P,,,"FA-DE Oil, Olive /Öl, Olivenöl",PRO-00-139277-5,PRO,4.1,grams
FV4006A - Pork tenderloin in sun dried tomato sauce [DE],REC-014085-4-003,Broccoli - Roasted S&P,,,"FA-DE Spice, Sea Salt /Gewürze, Meersalz",SPI-00-139378-5,SPI,0.24,grams
FV4006A - Pork tenderloin in sun dried tomato sauce [DE],REC-014085-4-003,Cauliflower - Roasted S&P,,,"FA-DE Cauliflower, Florets /Blumenkohl, Röschen",PHF-00-143426-3,PHF,57.97,grams
FV4006A - Pork tenderloin in sun dried tomato sauce [DE],REC-014085-4-003,Cauliflower - Roasted S&P,,,"FA-DE Spice, Sea Salt /Gewürze, Meersalz",SPI-00-139378-5,SPI,0.23,grams
FV4006A - Pork tenderloin in sun dried tomato sauce [DE],REC-014085-4-003,Cauliflower - Roasted S&P,,,"FA-DE Spice, Black Pepper, Ground /Gewürz, schwarzer Pfeffer, gemahlen",SPI-00-139334-5,SPI,0.14,grams
FV4006A - Pork tenderloin in sun dried tomato sauce [DE],REC-014085-4-003,Cauliflower - Roasted S&P,,,"FA-DE Oil, Olive /Öl, Olivenöl",PRO-00-139277-5,PRO,2.75,grams
FV4006A - Pork tenderloin in sun dried tomato sauce [DE],REC-014085-4-003,Pork tenderloin - herb marinade,Pork Tenderloin - HERB BRINED,,FA-DE Water / Wasser,OTH-00-144038-5,OTH,170,grams
FV4006A - Pork tenderloin in sun dried tomato sauce [DE],REC-014085-4-003,Pork tenderloin - herb marinade,Pork Tenderloin - HERB BRINED,,"FA-DE Spice, Thyme Dry /Gewürz, Thymian trocken",SPI-00-139385-5,SPI,0.28,grams
FV4006A - Pork tenderloin in sun dried tomato sauce [DE],REC-014085-4-003,Pork tenderloin - herb marinade,Pork Tenderloin - HERB BRINED,,"FA-DE Pork, Tenderloin /Schweinefleisch, Filet",PTN-00-139310-3,PTN,170,grams
FV4006A - Pork tenderloin in sun dried tomato sauce [DE],REC-014085-4-003,Pork tenderloin - herb marinade,Pork Tenderloin - HERB BRINED,,"FA-DE Spice, Sage, Rubbed /Gewürz, Salbei, gerieben",SPI-00-139377-5,SPI,0.28,grams
FV4006A - Pork tenderloin in sun dried tomato sauce [DE],REC-014085-4-003,Pork tenderloin - herb marinade,Pork Tenderloin - HERB BRINED,,"FA-DE Spice, Sea Salt /Gewürze, Meersalz",SPI-00-139378-5,SPI,1.5,grams
FV4006A - Pork tenderloin in sun dried tomato sauce [DE],REC-014085-4-003,Pork tenderloin - herb marinade,Pork Tenderloin - HERB BRINED,,FA-DE Dried Rosemary/Rosmarin getrocknet,SPI-00-143552-5,SPI,0.28,grams
FV4006A - Pork tenderloin in sun dried tomato sauce [DE],REC-014085-4-003,Pork tenderloin - herb marinade,Herb Marinade for Pork Tenderloin,,"FA-DE Chives, Dried /Schnittlauch, getrocknet",SPI-00-139322-5,SPI,0.05,grams
FV4006A - Pork tenderloin in sun dried tomato sauce [DE],REC-014085-4-003,Pork tenderloin - herb marinade,Herb Marinade for Pork Tenderloin,,"FA-DE Spice, Oregano Dry /Gewürz, Oregano trocken",SPI-00-139372-5,SPI,0.03,grams
FV4006A - Pork tenderloin in sun dried tomato sauce [DE],REC-014085-4-003,Pork tenderloin - herb marinade,Herb Marinade for Pork Tenderloin,,"FA-DE Oil, Olive /Öl, Olivenöl",PRO-00-139277-5,PRO,11.1,grams
FV4006A - Pork tenderloin in sun dried tomato sauce [DE],REC-014085-4-003,Pork tenderloin - herb marinade,Herb Marinade for Pork Tenderloin,,"FA-DE Spice, Onion Granulated /Gewürze, Zwiebeln granuliert",SPI-00-139370-5,SPI,0.12,grams
FV4006A - Pork tenderloin in sun dried tomato sauce [DE],REC-014085-4-003,Pork tenderloin - herb marinade,Herb Marinade for Pork Tenderloin,,"FA-DE Spice, Sea Salt /Gewürze, Meersalz",SPI-00-139378-5,SPI,0.27,grams
FV4006A - Pork tenderloin in sun dried tomato sauce [DE],REC-014085-4-003,Pork tenderloin - herb marinade,Herb Marinade for Pork Tenderloin,,"FA-DE Spice, Parsley Dried /Gewürze, getrocknete Petersilie",SPI-00-139374-5,SPI,0.03,grams
FV4006A - Pork tenderloin in sun dried tomato sauce [DE],REC-014085-4-003,Pork tenderloin - herb marinade,Herb Marinade for Pork Tenderloin,,"FA-DE Spice, Black Pepper, Ground /Gewürz, schwarzer Pfeffer, gemahlen",SPI-00-139334-5,SPI,0.18,grams
FV4006A - Pork tenderloin in sun dried tomato sauce [DE],REC-014085-4-003,Pork tenderloin - herb marinade,Herb Marinade for Pork Tenderloin,,"FA-DE Spice, Garlic Granulated /Gewürz, Knoblauch granuliert",SPI-00-139353-5,SPI,0.24,grams
FV4006A - Pork tenderloin in sun dried tomato sauce [DE],REC-014085-4-003,Mash - Roasted Garlic Cauliflower Mashed,Steamed Cauliflower Rice,,"FA-DE Cauliflower, Riced, IQF /Blumenkohl, Reis, IQF",PHF-00-139233-1,PHF,75.65,grams
FV4006A - Pork tenderloin in sun dried tomato sauce [DE],REC-014085-4-003,Mash - Roasted Garlic Cauliflower Mashed,,,"FA-DE Butter, Unsalted /Butter, ungesalzen",DAI-00-139146-3,DAI,10.64,grams
FV4006A - Pork tenderloin in sun dried tomato sauce [DE],REC-014085-4-003,Mash - Roasted Garlic Cauliflower Mashed,,,"FA-DE Cheese, Cream, 13% Fat (Milk) /Käse, Sahne, 13% Fett",DAI-00-139122-3,DAI,15.96,grams
FV4006A - Pork tenderloin in sun dried tomato sauce [DE],REC-014085-4-003,Mash - Roasted Garlic Cauliflower Mashed,,,"FA-DE Spice, Sea Salt /Gewürze, Meersalz",SPI-00-139378-5,SPI,0.49,grams
FV4006A - Pork tenderloin in sun dried tomato sauce [DE],REC-014085-4-003,Mash - Roasted Garlic Cauliflower Mashed,Roasted Garlic (use),,"FA-DE Garlic, Peeled, Whole Cloves [10kg] /Knoblauch, geschält, ganze Nelken [10kg]",PHF-00-139197-3,PHF,2.71,grams
FV4006A - Pork tenderloin in sun dried tomato sauce [DE],REC-014085-4-003,Mash - Roasted Garlic Cauliflower Mashed,Roasted Garlic (use),,"FA-DE Oil, Olive /Öl, Olivenöl",PRO-00-139277-5,PRO,2.04,grams
FV4006A - Pork tenderloin in sun dried tomato sauce [DE],REC-014085-4-003,Sauce - Sun-Dried Tomato Sauce - Less Salt,,,"FA-DE Cheese, Parmesan, Grated /Käse, Parmesan, gerieben",DAI-00-139127-3,DAI,5.2,grams
FV4006A - Pork tenderloin in sun dried tomato sauce [DE],REC-014085-4-003,Sauce - Sun-Dried Tomato Sauce - Less Salt,,,FA-DE Heavy Cream 20% /Sahne 20%,DAI-00-139137-3,DAI,32.32,grams
FV4006A - Pork tenderloin in sun dried tomato sauce [DE],REC-014085-4-003,Sauce - Sun-Dried Tomato Sauce - Less Salt,,,"FA-DE Oil, Olive /Öl, Olivenöl",PRO-00-139277-5,PRO,2.96,grams
FV4006A - Pork tenderloin in sun dried tomato sauce [DE],REC-014085-4-003,Sauce - Sun-Dried Tomato Sauce - Less Salt,,,"FA-DE Stock, Chicken, Reduced/Brühe, Huhn, Reduziert",PRO-00-139288-5,PRO,0.58,grams
FV4006A - Pork tenderloin in sun dried tomato sauce [DE],REC-014085-4-003,Sauce - Sun-Dried Tomato Sauce - Less Salt,,,"FA-DE Garlic, IQF, Diced 4 mm /Knoblauch, IQF, gewürfelt 4 mm",PHF-00-139237-1,PHF,1.18,grams
FV4006A - Pork tenderloin in sun dried tomato sauce [DE],REC-014085-4-003,Sauce - Sun-Dried Tomato Sauce - Less Salt,Hydrated Sun-Dried Tomatoes,,"FA-DE Tomatoes, Sun - Dried Julienned /Tomaten, sonnengetrocknete Julienne",PRO-00-139296-5,PRO,2.88,grams
FV4006A - Pork tenderloin in sun dried tomato sauce [DE],REC-014085-4-003,Sauce - Sun-Dried Tomato Sauce - Less Salt,Hydrated Sun-Dried Tomatoes,,FA-DE Water / Wasser,OTH-00-144038-5,OTH,2.88,grams
FV4006A - Pork tenderloin in sun dried tomato sauce [DE],REC-014085-4-003,Sauce - Sun-Dried Tomato Sauce - Less Salt,,,"FA-DE Spinach, Fresh, Stem Off /Spinat, frisch, ohne Stiel",PHF-00-139225-3,PHF,4.16,grams
FV4006A - Pork tenderloin in sun dried tomato sauce [DE],REC-014085-4-003,Sauce - Sun-Dried Tomato Sauce - Less Salt,,,"FA-DE Spice, Sea Salt /Gewürze, Meersalz",SPI-00-139378-5,SPI,0.03,grams
FV4006A - Pork tenderloin in sun dried tomato sauce [DE],REC-014085-4-003,Sauce - Sun-Dried Tomato Sauce - Less Salt,,,"FA-DE Onion, Spanish, Diced 5mm /Zwiebel, Spanisch, gewürfelt 5 mm",PHF-00-139212-3,PHF,5.2,grams
FV4006A - Pork tenderloin in sun dried tomato sauce [DKSE],REC-014085-4-002,Pork tenderloin - herb marinade,Pork Tenderloin - HERB BRINED,,FA-DE Water / Wasser,OTH-00-144038-5,OTH,170,grams
FV4006A - Pork tenderloin in sun dried tomato sauce [DKSE],REC-014085-4-002,Pork tenderloin - herb marinade,Pork Tenderloin - HERB BRINED,,"FA-DE Spice, Thyme Dry /Gewürz, Thymian trocken",SPI-00-139385-5,SPI,0.28,grams
FV4006A - Pork tenderloin in sun dried tomato sauce [DKSE],REC-014085-4-002,Pork tenderloin - herb marinade,Pork Tenderloin - HERB BRINED,,"FA-DE Pork, Tenderloin /Schweinefleisch, Filet",PTN-00-139310-3,PTN,170,grams
FV4006A - Pork tenderloin in sun dried tomato sauce [DKSE],REC-014085-4-002,Pork tenderloin - herb marinade,Pork Tenderloin - HERB BRINED,,"FA-DE Spice, Sage, Rubbed /Gewürz, Salbei, gerieben",SPI-00-139377-5,SPI,0.28,grams
FV4006A - Pork tenderloin in sun dried tomato sauce [DKSE],REC-014085-4-002,Pork tenderloin - herb marinade,Pork Tenderloin - HERB BRINED,,"FA-DE Spice, Sea Salt /Gewürze, Meersalz",SPI-00-139378-5,SPI,1.5,grams
FV4006A - Pork tenderloin in sun dried tomato sauce [DKSE],REC-014085-4-002,Pork tenderloin - herb marinade,Pork Tenderloin - HERB BRINED,,FA-DE Dried Rosemary/Rosmarin getrocknet,SPI-00-143552-5,SPI,0.28,grams
FV4006A - Pork tenderloin in sun dried tomato sauce [DKSE],REC-014085-4-002,Pork tenderloin - herb marinade,Herb Marinade for Pork Tenderloin,,"FA-DE Chives, Dried /Schnittlauch, getrocknet",SPI-00-139322-5,SPI,0.05,grams
FV4006A - Pork tenderloin in sun dried tomato sauce [DKSE],REC-014085-4-002,Pork tenderloin - herb marinade,Herb Marinade for Pork Tenderloin,,"FA-DE Spice, Oregano Dry /Gewürz, Oregano trocken",SPI-00-139372-5,SPI,0.03,grams
FV4006A - Pork tenderloin in sun dried tomato sauce [DKSE],REC-014085-4-002,Pork tenderloin - herb marinade,Herb Marinade for Pork Tenderloin,,"FA-DE Oil, Olive /Öl, Olivenöl",PRO-00-139277-5,PRO,11.1,grams
FV4006A - Pork tenderloin in sun dried tomato sauce [DKSE],REC-014085-4-002,Pork tenderloin - herb marinade,Herb Marinade for Pork Tenderloin,,"FA-DE Spice, Onion Granulated /Gewürze, Zwiebeln granuliert",SPI-00-139370-5,SPI,0.12,grams
FV4006A - Pork tenderloin in sun dried tomato sauce [DKSE],REC-014085-4-002,Pork tenderloin - herb marinade,Herb Marinade for Pork Tenderloin,,"FA-DE Spice, Sea Salt /Gewürze, Meersalz",SPI-00-139378-5,SPI,0.27,grams
FV4006A - Pork tenderloin in sun dried tomato sauce [DKSE],REC-014085-4-002,Pork tenderloin - herb marinade,Herb Marinade for Pork Tenderloin,,"FA-DE Spice, Parsley Dried /Gewürze, getrocknete Petersilie",SPI-00-139374-5,SPI,0.03,grams
FV4006A - Pork tenderloin in sun dried tomato sauce [DKSE],REC-014085-4-002,Pork tenderloin - herb marinade,Herb Marinade for Pork Tenderloin,,"FA-DE Spice, Black Pepper, Ground /Gewürz, schwarzer Pfeffer, gemahlen",SPI-00-139334-5,SPI,0.18,grams
FV4006A - Pork tenderloin in sun dried tomato sauce [DKSE],REC-014085-4-002,Pork tenderloin - herb marinade,Herb Marinade for Pork Tenderloin,,"FA-DE Spice, Garlic Granulated /Gewürz, Knoblauch granuliert",SPI-00-139353-5,SPI,0.24,grams
FV4006A - Pork tenderloin in sun dried tomato sauce [DKSE],REC-014085-4-002,Mash - Roasted Garlic Cauliflower Mashed,Steamed Cauliflower Rice,,"FA-DE Cauliflower, Riced, IQF /Blumenkohl, Reis, IQF",PHF-00-139233-1,PHF,75.65,grams
FV4006A - Pork tenderloin in sun dried tomato sauce [DKSE],REC-014085-4-002,Mash - Roasted Garlic Cauliflower Mashed,,,"FA-DE Butter, Unsalted /Butter, ungesalzen",DAI-00-139146-3,DAI,10.64,grams
FV4006A - Pork tenderloin in sun dried tomato sauce [DKSE],REC-014085-4-002,Mash - Roasted Garlic Cauliflower Mashed,,,"FA-DE Cheese, Cream, 13% Fat (Milk) /Käse, Sahne, 13% Fett",DAI-00-139122-3,DAI,15.96,grams
FV4006A - Pork tenderloin in sun dried tomato sauce [DKSE],REC-014085-4-002,Mash - Roasted Garlic Cauliflower Mashed,,,"FA-DE Spice, Sea Salt /Gewürze, Meersalz",SPI-00-139378-5,SPI,0.49,grams
FV4006A - Pork tenderloin in sun dried tomato sauce [DKSE],REC-014085-4-002,Mash - Roasted Garlic Cauliflower Mashed,Roasted Garlic (use),,"FA-DE Garlic, Peeled, Whole Cloves [10kg] /Knoblauch, geschält, ganze Nelken [10kg]",PHF-00-139197-3,PHF,2.71,grams
FV4006A - Pork tenderloin in sun dried tomato sauce [DKSE],REC-014085-4-002,Mash - Roasted Garlic Cauliflower Mashed,Roasted Garlic (use),,"FA-DE Oil, Olive /Öl, Olivenöl",PRO-00-139277-5,PRO,2.04,grams
FV4006A - Pork tenderloin in sun dried tomato sauce [DKSE],REC-014085-4-002,Sauce - Sun-Dried Tomato Sauce - Less Salt,,,"FA-DE Cheese, Parmesan, Grated /Käse, Parmesan, gerieben",DAI-00-139127-3,DAI,5.2,grams
FV4006A - Pork tenderloin in sun dried tomato sauce [DKSE],REC-014085-4-002,Sauce - Sun-Dried Tomato Sauce - Less Salt,,,FA-DE Heavy Cream 20% /Sahne 20%,DAI-00-139137-3,DAI,32.32,grams
FV4006A - Pork tenderloin in sun dried tomato sauce [DKSE],REC-014085-4-002,Sauce - Sun-Dried Tomato Sauce - Less Salt,,,"FA-DE Oil, Olive /Öl, Olivenöl",PRO-00-139277-5,PRO,2.96,grams
FV4006A - Pork tenderloin in sun dried tomato sauce [DKSE],REC-014085-4-002,Sauce - Sun-Dried Tomato Sauce - Less Salt,,,"FA-DE Stock, Chicken, Reduced/Brühe, Huhn, Reduziert",PRO-00-139288-5,PRO,0.58,grams
FV4006A - Pork tenderloin in sun dried tomato sauce [DKSE],REC-014085-4-002,Sauce - Sun-Dried Tomato Sauce - Less Salt,,,"FA-DE Garlic, IQF, Diced 4 mm /Knoblauch, IQF, gewürfelt 4 mm",PHF-00-139237-1,PHF,1.18,grams
FV4006A - Pork tenderloin in sun dried tomato sauce [DKSE],REC-014085-4-002,Sauce - Sun-Dried Tomato Sauce - Less Salt,Hydrated Sun-Dried Tomatoes,,"FA-DE Tomatoes, Sun - Dried Julienned /Tomaten, sonnengetrocknete Julienne",PRO-00-139296-5,PRO,2.88,grams
FV4006A - Pork tenderloin in sun dried tomato sauce [DKSE],REC-014085-4-002,Sauce - Sun-Dried Tomato Sauce - Less Salt,Hydrated Sun-Dried Tomatoes,,FA-DE Water / Wasser,OTH-00-144038-5,OTH,2.88,grams
FV4006A - Pork tenderloin in sun dried tomato sauce [DKSE],REC-014085-4-002,Sauce - Sun-Dried Tomato Sauce - Less Salt,,,"FA-DE Spinach, Fresh, Stem Off /Spinat, frisch, ohne Stiel",PHF-00-139225-3,PHF,4.16,grams
FV4006A - Pork tenderloin in sun dried tomato sauce [DKSE],REC-014085-4-002,Sauce - Sun-Dried Tomato Sauce - Less Salt,,,"FA-DE Spice, Sea Salt /Gewürze, Meersalz",SPI-00-139378-5,SPI,0.03,grams
FV4006A - Pork tenderloin in sun dried tomato sauce [DKSE],REC-014085-4-002,Sauce - Sun-Dried Tomato Sauce - Less Salt,,,"FA-DE Onion, Spanish, Diced 5mm /Zwiebel, Spanisch, gewürfelt 5 mm",PHF-00-139212-3,PHF,5.2,grams
FV4006A - Pork tenderloin in sun dried tomato sauce [DKSE],REC-014085-4-002,Cauliflower - Roasted S&P,,,"FA-DE Cauliflower, Florets /Blumenkohl, Röschen",PHF-00-143426-3,PHF,57.97,grams
FV4006A - Pork tenderloin in sun dried tomato sauce [DKSE],REC-014085-4-002,Cauliflower - Roasted S&P,,,"FA-DE Spice, Sea Salt /Gewürze, Meersalz",SPI-00-139378-5,SPI,0.23,grams
FV4006A - Pork tenderloin in sun dried tomato sauce [DKSE],REC-014085-4-002,Cauliflower - Roasted S&P,,,"FA-DE Spice, Black Pepper, Ground /Gewürz, schwarzer Pfeffer, gemahlen",SPI-00-139334-5,SPI,0.14,grams
FV4006A - Pork tenderloin in sun dried tomato sauce [DKSE],REC-014085-4-002,Cauliflower - Roasted S&P,,,"FA-DE Oil, Olive /Öl, Olivenöl",PRO-00-139277-5,PRO,2.75,grams
FV4006A - Pork tenderloin in sun dried tomato sauce [DKSE],REC-014085-4-002,Compound butter - Parmesan-Chive,,,"FA-DE Spice, Parsley Dried /Gewürze, getrocknete Petersilie",SPI-00-139374-5,SPI,0.1,grams
FV4006A - Pork tenderloin in sun dried tomato sauce [DKSE],REC-014085-4-002,Compound butter - Parmesan-Chive,,,"FA-DE Butter, Unsalted /Butter, ungesalzen",DAI-00-139146-3,DAI,7.5,grams
FV4006A - Pork tenderloin in sun dried tomato sauce [DKSE],REC-014085-4-002,Compound butter - Parmesan-Chive,,,"FA-DE Chives, Dried /Schnittlauch, getrocknet",SPI-00-139322-5,SPI,0.1,grams
FV4006A - Pork tenderloin in sun dried tomato sauce [DKSE],REC-014085-4-002,Compound butter - Parmesan-Chive,,,"FA-DE Cheese, Parmesan, Grated /Käse, Parmesan, gerieben",DAI-00-139127-3,DAI,2.5,grams
FV4006A - Pork tenderloin in sun dried tomato sauce [DKSE],REC-014085-4-002,Broccoli - Roasted S&P,,,"FA-DE Spice, Black Pepper, Ground /Gewürz, schwarzer Pfeffer, gemahlen",SPI-00-139334-5,SPI,0.2,grams
FV4006A - Pork tenderloin in sun dried tomato sauce [DKSE],REC-014085-4-002,Broccoli - Roasted S&P,,,"FA-DE Spice, Garlic Powder, Toasted /Gewürz, Knoblauchpulver, geröstet",SPI-00-139354-5,SPI,0.16,grams
FV4006A - Pork tenderloin in sun dried tomato sauce [DKSE],REC-014085-4-002,Broccoli - Roasted S&P,,,"FA-DE Broccoli, Florets, /Brokkoli, Röschen",PHF-00-143425-3,PHF,56.75,grams
FV4006A - Pork tenderloin in sun dried tomato sauce [DKSE],REC-014085-4-002,Broccoli - Roasted S&P,,,"FA-DE Oil, Olive /Öl, Olivenöl",PRO-00-139277-5,PRO,4.1,grams
FV4006A - Pork tenderloin in sun dried tomato sauce [DKSE],REC-014085-4-002,Broccoli - Roasted S&P,,,"FA-DE Spice, Sea Salt /Gewürze, Meersalz",SPI-00-139378-5,SPI,0.24,grams
FV4039A - Salmon in creamy gochugaru sauce [BNL],REC-013629-4-003,Sauce - Creamy Gochugaru Sauce,,,"FA-DE Garlic, IQF, Diced 4 mm /Knoblauch, IQF, gewürfelt 4 mm",PHF-00-139237-1,PHF,2.8,grams
FV4039A - Salmon in creamy gochugaru sauce [BNL],REC-013629-4-003,Sauce - Creamy Gochugaru Sauce,,,"FA-DE Spice, Gochugaru Chili Pepper Flakes /Gewürz, Gochugaru-Chili-Pfefferflocken",SPI-00-139356-5,SPI,1.59,grams
FV4039A - Salmon in creamy gochugaru sauce [BNL],REC-013629-4-003,Sauce - Creamy Gochugaru Sauce,,,"FA-DE Onion, Spanish, Diced 5mm /Zwiebel, Spanisch, gewürfelt 5 mm",PHF-00-139212-3,PHF,12.31,grams
FV4039A - Salmon in creamy gochugaru sauce [BNL],REC-013629-4-003,Sauce - Creamy Gochugaru Sauce,,,"FA-DE Stock, Chicken, Reduced/Brühe, Huhn, Reduziert",PRO-00-139288-5,PRO,1.38,grams
FV4039A - Salmon in creamy gochugaru sauce [BNL],REC-013629-4-003,Sauce - Creamy Gochugaru Sauce,,,"FA-DE Spice, Sea Salt /Gewürze, Meersalz",SPI-00-139378-5,SPI,0.27,grams
FV4039A - Salmon in creamy gochugaru sauce [BNL],REC-013629-4-003,Sauce - Creamy Gochugaru Sauce,,,"FA-DE Cheese, Parmesan, Grated /Käse, Parmesan, gerieben",DAI-00-139127-3,DAI,12.31,grams
FV4039A - Salmon in creamy gochugaru sauce [BNL],REC-013629-4-003,Sauce - Creamy Gochugaru Sauce,,,"FA-DE Oil, Olive /Öl, Olivenöl",PRO-00-139277-5,PRO,7.01,grams
FV4039A - Salmon in creamy gochugaru sauce [BNL],REC-013629-4-003,Sauce - Creamy Gochugaru Sauce,,,FA-DE Tomato Paste /Tomatenmark,PRO-00-139292-5,PRO,2.73,grams
FV4039A - Salmon in creamy gochugaru sauce [BNL],REC-013629-4-003,Sauce - Creamy Gochugaru Sauce,,,"FA-DE Spinach, Fresh, Stem Off /Spinat, frisch, ohne Stiel",PHF-00-139225-3,PHF,9.85,grams
FV4039A - Salmon in creamy gochugaru sauce [BNL],REC-013629-4-003,Sauce - Creamy Gochugaru Sauce,,,FA-DE Heavy Cream 20% /Sahne 20%,DAI-00-139137-3,DAI,76.55,grams
FV4039A - Salmon in creamy gochugaru sauce [BNL],REC-013629-4-003,Courgette - Sesame Zucchini Noodles,,,"FA-DE Spice, Sea Salt /Gewürze, Meersalz",SPI-00-139378-5,SPI,0.73,grams
FV4039A - Salmon in creamy gochugaru sauce [BNL],REC-013629-4-003,Courgette - Sesame Zucchini Noodles,,,"FA-DE Oil, Olive /Öl, Olivenöl",PRO-00-139277-5,PRO,4.03,grams
FV4039A - Salmon in creamy gochugaru sauce [BNL],REC-013629-4-003,Courgette - Sesame Zucchini Noodles,,,"FA-DE Zucchini, Spiralized Noodles /Zucchini, Spiralnudeln",PHF-00-139230-3,PHF,172.76,grams
FV4039A - Salmon in creamy gochugaru sauce [BNL],REC-013629-4-003,Courgette - Sesame Zucchini Noodles,,,"FA-DE Spice, Sesame Seed, Roasted /Gewürz, Sesamsamen, geröstet",SPI-00-139379-5,SPI,2.03,grams
FV4039A - Salmon in creamy gochugaru sauce [BNL],REC-013629-4-003,Tomatoes - Roasted cherry tomatoes,,,"FA-DE Tomatoes, Cherry/Tomaten, Kirsche",PHF-00-139190-3,PHF,46.58,grams
FV4039A - Salmon in creamy gochugaru sauce [BNL],REC-013629-4-003,Tomatoes - Roasted cherry tomatoes,,,"FA-DE Spice, Sea Salt /Gewürze, Meersalz",SPI-00-139378-5,SPI,0.02,grams
FV4039A - Salmon in creamy gochugaru sauce [BNL],REC-013629-4-003,Tomatoes - Roasted cherry tomatoes,,,"FA-DE Oil, Olive /Öl, Olivenöl",PRO-00-139277-5,PRO,0.47,grams
FV4039A - Salmon in creamy gochugaru sauce [BNL],REC-013629-4-003,Roasted Green Onions,,,"FA-DE Onion, Green, Sliced 5mm /Zwiebel, grün, in Scheiben geschnitten, 5 mm",PHF-00-149803-3,PHF,11.76,grams
FV4039A - Salmon in creamy gochugaru sauce [BNL],REC-013629-4-003,Salmon - garlic seasoning,,,"FA-DE Salmon, Skinless, Boneless, Filet/Lachs, ohne Haut, ohne Knochen, Filet - IQF",PTN-00-139968-1,PTN,140,grams
FV4039A - Salmon in creamy gochugaru sauce [BNL],REC-013629-4-003,Salmon - garlic seasoning,,,"FA-DE Spice, Sea Salt /Gewürze, Meersalz",SPI-00-139378-5,SPI,0.42,grams
FV4039A - Salmon in creamy gochugaru sauce [BNL],REC-013629-4-003,Salmon - garlic seasoning,,,"FA-DE Spice, Garlic Granulated /Gewürz, Knoblauch granuliert",SPI-00-139353-5,SPI,0.14,grams
Factor Garam Masala Spice Blend,SUB-013507-4-001,,,,"FA-DE Spice, Fennel Ground /Gewürz, Fenchel gemahlen",SPI-00-139351-5,SPI,8,grams
Factor Garam Masala Spice Blend,SUB-013507-4-001,,,,"FA-DE Spice, Nutmeg Ground /Gewürz, gemahlene Muskatnuss",SPI-00-139368-5,SPI,16,grams
Factor Garam Masala Spice Blend,SUB-013507-4-001,,,,"FA-DE Spice, Coriander Ground /Gewürz, gemahlener Koriander",SPI-00-139386-5,SPI,50,grams
Factor Garam Masala Spice Blend,SUB-013507-4-001,,,,"FA-DE Spice, Cinnamon Ground /Gewürz, gemahlener Zimt",SPI-00-139341-5,SPI,33,grams
Factor Garam Masala Spice Blend,SUB-013507-4-001,,,,"FA-DE Spice, Cumin Ground /Gewürz, gemahlener Kreuzkümmel",SPI-00-139345-5,SPI,100,grams
Factor Garam Masala Spice Blend,SUB-013507-4-001,,,,"FA-DE Spice, Cloves Ground /Gewürze, gemahlene Nelken",SPI-00-139342-5,SPI,16,grams
Factor Garam Masala Spice Blend,SUB-013507-4-001,,,,"FA-DE Spice, Black Pepper, Ground /Gewürz, schwarzer Pfeffer, gemahlen",SPI-00-139334-5,SPI,25,grams
Factor Garam Masala Spice Blend,SUB-013507-4-001,,,,"FA-DE Spice, Turmeric /Gewürz, Kurkuma",SPI-00-139384-5,SPI,8,grams
Fresh Spinach Kill Step,SUB-024333-4-001,,,,"FA-DE Spinach, Fresh, Stem Off /Spinat, frisch, ohne Stiel",PHF-00-139225-3,PHF,1000,grams
GBB Tzatziki,SUB-029389-4-001,,,,"FA-DE Juice, Lemon /Saft, Zitrone",PRO-00-139265-5,PRO,1.8,grams
GBB Tzatziki,SUB-029389-4-001,,,,"FA-DE Dill, Fresh/Dill, frisch",PHF-00-139200-3,PHF,1.2,grams
GBB Tzatziki,SUB-029389-4-001,,,,"FA-DE Spice, Sea Salt /Gewürze, Meersalz",SPI-00-139378-5,SPI,0.06,grams
GBB Tzatziki,SUB-029389-4-001,,,,FA-DE Sour Cream /Sauerrahm,DAI-00-139141-3,DAI,30.5,grams
GBB Tzatziki,SUB-029389-4-001,,,,"FA-DE Mint, Fresh/Minze, frisch",PHF-00-139205-3,PHF,0.6,grams
GBB Tzatziki,SUB-029389-4-001,,,,"FA-DE Oil, Olive /Öl, Olivenöl",PRO-00-139277-5,PRO,1.52,grams
GBB Tzatziki,SUB-029389-4-001,,,,"FA-DE Zest, Lemon/Gewürz, Zitronenschale",PHF-00-139247-3,PHF,0.9,grams
GSCLR Greek Lemon Rice,SUB-029394-4-001,,,,"FA-DE Spice, Garlic Powder, Toasted /Gewürz, Knoblauchpulver, geröstet",SPI-00-139354-5,SPI,0.3,grams
GSCLR Greek Lemon Rice,SUB-029394-4-001,,,,"FA-DE Stock Concentrate, Mirepoix /Stammkonzentrat, Mirepoix",PRO-00-139287-5,PRO,1.5,grams
GSCLR Greek Lemon Rice,SUB-029394-4-001,,,,"FA-DE Spice, Dill Dried /Gewürz, Dill getrocknet",SPI-00-139349-5,SPI,0.5,grams
GSCLR Greek Lemon Rice,SUB-029394-4-001,,,,"FA-DE Spice, Sea Salt /Gewürze, Meersalz",SPI-00-139378-5,SPI,0.2,grams
GSCLR Greek Lemon Rice,SUB-029394-4-001,,,,"FA-DE Spice, Turmeric /Gewürz, Kurkuma",SPI-00-139384-5,SPI,0.3,grams
GSCLR Greek Lemon Rice,SUB-029394-4-001,,,,"FA-DE Spice, Oregano Dry /Gewürz, Oregano trocken",SPI-00-139372-5,SPI,0.05,grams
GSCLR Greek Lemon Rice,SUB-029394-4-001,,,,"FA-DE Spice, Lemon Powder /Gewürz, Zitronenpulver",SPI-00-139362-5,SPI,0.1,grams
GSCLR Greek Lemon Rice,SUB-029394-4-001,,,,"FA-DE Rice, Basmati, Brown /Reis, Basmati, braun",DRY-00-139168-5,DRY,23.9,grams
GSCLR Greek Lemon Rice,SUB-029394-4-001,,,,FA-DE Water / Wasser,OTH-00-144038-5,OTH,35.4,grams
Garlic and Chive Roasted Cauliflower Florets,SUB-029387-4-001,,,,"FA-DE Cauliflower, Florets /Blumenkohl, Röschen",PHF-00-143426-3,PHF,63.4,grams
Garlic and Chive Roasted Cauliflower Florets,SUB-029387-4-001,,,,"FA-DE Spice, Black Pepper, Ground /Gewürz, schwarzer Pfeffer, gemahlen",SPI-00-139334-5,SPI,0.1,grams
Garlic and Chive Roasted Cauliflower Florets,SUB-029387-4-001,,,,"FA-DE Oil, Olive /Öl, Olivenöl",PRO-00-139277-5,PRO,2.6,grams
Garlic and Chive Roasted Cauliflower Florets,SUB-029387-4-001,,,,"FA-DE Chives, Dried /Schnittlauch, getrocknet",SPI-00-139322-5,SPI,0.1,grams
Garlic and Chive Roasted Cauliflower Florets,SUB-029387-4-001,,,,"FA-DE Spice, Sea Salt /Gewürze, Meersalz",SPI-00-139378-5,SPI,0.1,grams
Garlic and Chive Roasted Cauliflower Florets,SUB-029387-4-001,,,,"FA-DE Garlic, IQF, Diced 4 mm /Knoblauch, IQF, gewürfelt 4 mm",PHF-00-139237-1,PHF,1.5,grams
Greek Lemon Rice w/ inclusions,SUB-029398-4-001,GSCLR Greek Lemon Rice,,,"FA-DE Spice, Garlic Powder, Toasted /Gewürz, Knoblauchpulver, geröstet",SPI-00-139354-5,SPI,9.79,grams
Greek Lemon Rice w/ inclusions,SUB-029398-4-001,GSCLR Greek Lemon Rice,,,"FA-DE Stock Concentrate, Mirepoix /Stammkonzentrat, Mirepoix",PRO-00-139287-5,PRO,48.94,grams
Greek Lemon Rice w/ inclusions,SUB-029398-4-001,GSCLR Greek Lemon Rice,,,"FA-DE Spice, Dill Dried /Gewürz, Dill getrocknet",SPI-00-139349-5,SPI,16.31,grams
Greek Lemon Rice w/ inclusions,SUB-029398-4-001,GSCLR Greek Lemon Rice,,,"FA-DE Spice, Sea Salt /Gewürze, Meersalz",SPI-00-139378-5,SPI,6.52,grams
Greek Lemon Rice w/ inclusions,SUB-029398-4-001,GSCLR Greek Lemon Rice,,,"FA-DE Spice, Turmeric /Gewürz, Kurkuma",SPI-00-139384-5,SPI,9.79,grams
Greek Lemon Rice w/ inclusions,SUB-029398-4-001,GSCLR Greek Lemon Rice,,,"FA-DE Spice, Oregano Dry /Gewürz, Oregano trocken",SPI-00-139372-5,SPI,1.63,grams
Greek Lemon Rice w/ inclusions,SUB-029398-4-001,GSCLR Greek Lemon Rice,,,"FA-DE Spice, Lemon Powder /Gewürz, Zitronenpulver",SPI-00-139362-5,SPI,3.26,grams
Greek Lemon Rice w/ inclusions,SUB-029398-4-001,GSCLR Greek Lemon Rice,,,"FA-DE Rice, Basmati, Brown /Reis, Basmati, braun",DRY-00-139168-5,DRY,779.73,grams
Greek Lemon Rice w/ inclusions,SUB-029398-4-001,GSCLR Greek Lemon Rice,,,FA-DE Water / Wasser,OTH-00-144038-5,OTH,1154.92,grams
Greek Lemon Rice w/ inclusions,SUB-029398-4-001,Roasted Red Peppers and Red Onion w/ Garlic,,,"FA-DE Oil, Olive /Öl, Olivenöl",PRO-00-139277-5,PRO,6.72,grams
Greek Lemon Rice w/ inclusions,SUB-029398-4-001,Roasted Red Peppers and Red Onion w/ Garlic,,,"FA-DE Spice, Black Pepper, Ground /Gewürz, schwarzer Pfeffer, gemahlen",SPI-00-139334-5,SPI,6.72,grams
Greek Lemon Rice w/ inclusions,SUB-029398-4-001,Roasted Red Peppers and Red Onion w/ Garlic,,,"FA-DE Bell Peppers, Red, Diced 10mm /Paprika, rot, gewürfelt 10 mm",PHF-00-139179-3,PHF,789.92,grams
Greek Lemon Rice w/ inclusions,SUB-029398-4-001,Roasted Red Peppers and Red Onion w/ Garlic,,,"FA-DE Garlic, IQF, Diced 4 mm /Knoblauch, IQF, gewürfelt 4 mm",PHF-00-139237-1,PHF,30.25,grams
Greek Lemon Rice w/ inclusions,SUB-029398-4-001,Roasted Red Peppers and Red Onion w/ Garlic,,,"FA-DE Spice, Garlic Granulated /Gewürz, Knoblauch granuliert",SPI-00-139353-5,SPI,6.72,grams
Greek Lemon Rice w/ inclusions,SUB-029398-4-001,Roasted Red Peppers and Red Onion w/ Garlic,,,"FA-DE Onion, Red, Diced 10mm/Zwiebeln, rot, gewürfelt, 10 mm",PHF-00-139216-3,PHF,746.22,grams
Greek Lemon Rice w/ inclusions,SUB-029398-4-001,Roasted Red Peppers and Red Onion w/ Garlic,,,"FA-DE Spice, Sea Salt /Gewürze, Meersalz",SPI-00-139378-5,SPI,13.45,grams
Green Beans CUT 1-1/2 - Fresh,SUB-013484-4-001,,,,"FA-DE Green Beans, Fresh, Cut 40mm /Grüne Bohnen, frisch, geschnitten 40mm",PHF-00-139199-3,PHF,90.86,grams
Green Beans CUT 1-1/2 - Fresh,SUB-013484-4-001,,,,"FA-DE Spice, Black Pepper, Ground /Gewürz, schwarzer Pfeffer, gemahlen",SPI-00-139334-5,SPI,0.07,grams
Green Beans CUT 1-1/2 - Fresh,SUB-013484-4-001,,,,"FA-DE Spice, Sea Salt /Gewürze, Meersalz",SPI-00-139378-5,SPI,0.52,grams
Green Beans CUT 1-1/2 - Fresh,SUB-013484-4-001,,,,"FA-DE Oil, Olive /Öl, Olivenöl",PRO-00-139277-5,PRO,4.67,grams
Green Beans CUT 1-1/2 - Fresh,SUB-013484-4-001,,,,"FA-DE Spice, Garlic Granulated /Gewürz, Knoblauch granuliert",SPI-00-139353-5,SPI,0.39,grams
Green Beans CUT 1-1/2 - Fresh - Less Salt,SUB-029004-4-001,,,,"FA-DE Green Beans, Fresh and Trimmed/Grüne Bohnen, frisch und geschnitten",PHF-00-139198-3,PHF,72.5,grams
Green Beans CUT 1-1/2 - Fresh - Less Salt,SUB-029004-4-001,,,,"FA-DE Oil, Olive /Öl, Olivenöl",PRO-00-139277-5,PRO,3.7,grams
Green Beans CUT 1-1/2 - Fresh - Less Salt,SUB-029004-4-001,,,,"FA-DE Spice, Sea Salt /Gewürze, Meersalz",SPI-00-139378-5,SPI,0.3,grams
Green Beans CUT 1-1/2 - Fresh - Less Salt,SUB-029004-4-001,,,,"FA-DE Spice, Black Pepper, Ground /Gewürz, schwarzer Pfeffer, gemahlen",SPI-00-139334-5,SPI,0.1,grams
Green Beans CUT 1-1/2 - Fresh - Less Salt,SUB-029004-4-001,,,,"FA-DE Spice, Garlic Granulated /Gewürz, Knoblauch granuliert",SPI-00-139353-5,SPI,0.3,grams
Green Beans CUT 1-1/2 - Fresh - very little salt,SUB-014171-4-001,,,,"FA-DE Spice, Sea Salt /Gewürze, Meersalz",SPI-00-139378-5,SPI,0.09,grams
Green Beans CUT 1-1/2 - Fresh - very little salt,SUB-014171-4-001,,,,"FA-DE Spice, Garlic Granulated /Gewürz, Knoblauch granuliert",SPI-00-139353-5,SPI,0.23,grams
Green Beans CUT 1-1/2 - Fresh - very little salt,SUB-014171-4-001,,,,"FA-DE Oil, Olive /Öl, Olivenöl",PRO-00-139277-5,PRO,2.88,grams
Green Beans CUT 1-1/2 - Fresh - very little salt,SUB-014171-4-001,,,,"FA-DE Spice, Black Pepper, Ground /Gewürz, schwarzer Pfeffer, gemahlen",SPI-00-139334-5,SPI,0.08,grams
Green Beans CUT 1-1/2 - Fresh - very little salt,SUB-014171-4-001,,,,"FA-DE Green Beans, Fresh, Cut 40mm /Grüne Bohnen, frisch, geschnitten 40mm",PHF-00-139199-3,PHF,54.53,grams
Herb Marinade for Pork Tenderloin,SUB-031651-4-001,,,,"FA-DE Chives, Dried /Schnittlauch, getrocknet",SPI-00-139322-5,SPI,0.06,grams
Herb Marinade for Pork Tenderloin,SUB-031651-4-001,,,,"FA-DE Spice, Oregano Dry /Gewürz, Oregano trocken",SPI-00-139372-5,SPI,0.03,grams
Herb Marinade for Pork Tenderloin,SUB-031651-4-001,,,,"FA-DE Oil, Olive /Öl, Olivenöl",PRO-00-139277-5,PRO,12.73,grams
Herb Marinade for Pork Tenderloin,SUB-031651-4-001,,,,"FA-DE Spice, Onion Granulated /Gewürze, Zwiebeln granuliert",SPI-00-139370-5,SPI,0.14,grams
Herb Marinade for Pork Tenderloin,SUB-031651-4-001,,,,"FA-DE Spice, Sea Salt /Gewürze, Meersalz",SPI-00-139378-5,SPI,0.31,grams
Herb Marinade for Pork Tenderloin,SUB-031651-4-001,,,,"FA-DE Spice, Parsley Dried /Gewürze, getrocknete Petersilie",SPI-00-139374-5,SPI,0.03,grams
Herb Marinade for Pork Tenderloin,SUB-031651-4-001,,,,"FA-DE Spice, Black Pepper, Ground /Gewürz, schwarzer Pfeffer, gemahlen",SPI-00-139334-5,SPI,0.21,grams
Herb Marinade for Pork Tenderloin,SUB-031651-4-001,,,,"FA-DE Spice, Garlic Granulated /Gewürz, Knoblauch granuliert",SPI-00-139353-5,SPI,0.27,grams
Herb-Parmesan Butter,SUB-029972-4-001,,,,"FA-DE Spice, Parsley Dried /Gewürze, getrocknete Petersilie",SPI-00-139374-5,SPI,0.1,grams
Herb-Parmesan Butter,SUB-029972-4-001,,,,"FA-DE Butter, Unsalted /Butter, ungesalzen",DAI-00-139146-3,DAI,12.29,grams
Herb-Parmesan Butter,SUB-029972-4-001,,,,"FA-DE Cheese, Parmesan, Grated /Käse, Parmesan, gerieben",DAI-00-139127-3,DAI,1.23,grams
Herb-Parmesan Butter,SUB-029972-4-001,,,,"FA-DE Spice, Black Pepper, Ground /Gewürz, schwarzer Pfeffer, gemahlen",SPI-00-139334-5,SPI,0.12,grams
Herb-Parmesan Butter,SUB-029972-4-001,,,,"FA-DE Spice, White Pepper /Gewürz, weißer Pfeffer",SPI-00-139387-5,SPI,0.12,grams
Herb-Parmesan Butter (best),SUB-014168-4-001,Spice Pack Herb-Parmesan Butter (best),,,"FA-DE Spice, Sea Salt /Gewürze, Meersalz",SPI-00-139378-5,SPI,0.1,grams
Herb-Parmesan Butter (best),SUB-014168-4-001,Spice Pack Herb-Parmesan Butter (best),,,"FA-DE Chives, Dried /Schnittlauch, getrocknet",SPI-00-139322-5,SPI,0.08,grams
Herb-Parmesan Butter (best),SUB-014168-4-001,Spice Pack Herb-Parmesan Butter (best),,,"FA-DE Cheese, Parmesan, Grated /Käse, Parmesan, gerieben",DAI-00-139127-3,DAI,2.19,grams
Herb-Parmesan Butter (best),SUB-014168-4-001,Spice Pack Herb-Parmesan Butter (best),,,"FA-DE Spice, Black Pepper, Ground /Gewürz, schwarzer Pfeffer, gemahlen",SPI-00-139334-5,SPI,0.1,grams
Herb-Parmesan Butter (best),SUB-014168-4-001,Spice Pack Herb-Parmesan Butter (best),,,"FA-DE Spice, Parsley Dried /Gewürze, getrocknete Petersilie",SPI-00-139374-5,SPI,0.08,grams
Herb-Parmesan Butter (best),SUB-014168-4-001,,,,"FA-DE Butter, Unsalted /Butter, ungesalzen",DAI-00-139146-3,DAI,10.15,grams
Hydrated Sun-Dried Tomatoes,SUB-013501-4-001,,,,"FA-DE Tomatoes, Sun - Dried Julienned /Tomaten, sonnengetrocknete Julienne",PRO-00-139296-5,PRO,45359,grams
Hydrated Sun-Dried Tomatoes,SUB-013501-4-001,,,,FA-DE Water / Wasser,OTH-00-144038-5,OTH,45359,grams
Italian Roasted Diced Potatoes,SUB-029885-4-001,,,,"FA-DE Spice, Sea Salt /Gewürze, Meersalz",SPI-00-139378-5,SPI,0.62,grams
Italian Roasted Diced Potatoes,SUB-029885-4-001,,,,"FA-DE Spice, Parsley Dried /Gewürze, getrocknete Petersilie",SPI-00-139374-5,SPI,0.44,grams
Italian Roasted Diced Potatoes,SUB-029885-4-001,,,,"FA-DE Potatoes, Diced 10mm /Kartoffeln, gewürfelt, 10 mm",PHF-00-139219-3,PHF,121.99,grams
Italian Roasted Diced Potatoes,SUB-029885-4-001,,,,"FA-DE Spice, Oregano Dry /Gewürz, Oregano trocken",SPI-00-139372-5,SPI,0.17,grams
Italian Roasted Diced Potatoes,SUB-029885-4-001,,,,"FA-DE Oil, Olive /Öl, Olivenöl",PRO-00-139277-5,PRO,2.72,grams
Italian Roasted Diced Potatoes,SUB-029885-4-001,,,,"FA-DE Spice, Dried Onion Flakes /Gewürze, getrocknete Zwiebelflocken",SPI-00-139348-5,SPI,0.61,grams
Italian Roasted Diced Potatoes,SUB-029885-4-001,Roasted Garlic (use),,,"FA-DE Garlic, Peeled, Whole Cloves [10kg] /Knoblauch, geschält, ganze Nelken [10kg]",PHF-00-139197-3,PHF,5.42,grams
Italian Roasted Diced Potatoes,SUB-029885-4-001,Roasted Garlic (use),,,"FA-DE Oil, Olive /Öl, Olivenöl",PRO-00-139277-5,PRO,4.07,grams
Lemon Dill Yogurt,SUB-029910-4-001,Roasted Garlic (use),,,"FA-DE Garlic, Peeled, Whole Cloves [10kg] /Knoblauch, geschält, ganze Nelken [10kg]",PHF-00-139197-3,PHF,1.62,grams
Lemon Dill Yogurt,SUB-029910-4-001,Roasted Garlic (use),,,"FA-DE Oil, Olive /Öl, Olivenöl",PRO-00-139277-5,PRO,1.22,grams
Lemon Dill Yogurt,SUB-029910-4-001,,,,"FA-DE Juice, Lemon /Saft, Zitrone",PRO-00-139265-5,PRO,1.29,grams
Lemon Dill Yogurt,SUB-029910-4-001,,,,FA-DE Sour Cream /Sauerrahm,DAI-00-139141-3,DAI,13.96,grams
Lemon Dill Yogurt,SUB-029910-4-001,,,,"FA-DE Spice, Black Pepper, Ground /Gewürz, schwarzer Pfeffer, gemahlen",SPI-00-139334-5,SPI,0.09,grams
Lemon Dill Yogurt,SUB-029910-4-001,,,,"FA-DE Spice, Lemon Powder /Gewürz, Zitronenpulver",SPI-00-139362-5,SPI,0.01,grams
Lemon Dill Yogurt,SUB-029910-4-001,,,,"FA-DE Yogurt, Greek, Plain /Joghurt, Griechisch, Natur",DAI-00-139161-3,DAI,8.59,grams
Lemon Dill Yogurt,SUB-029910-4-001,,,,"FA-DE Milk, Whole /Milch, voll",DAI-00-139142-3,DAI,6.98,grams
Lemon Dill Yogurt,SUB-029910-4-001,Picked Dill Leaves,,,"FA-DE Dill, Fresh/Dill, frisch",PHF-00-139200-3,PHF,1.12,grams
Loaded Roasted Sliced Mushrooms 1/2 green onion,SUB-029969-4-001,,,,"FA-DE Spice, Sea Salt /Gewürze, Meersalz",SPI-00-139378-5,SPI,0.26,grams
Loaded Roasted Sliced Mushrooms 1/2 green onion,SUB-029969-4-001,,,,"FA-DE Mushroom, Button, Sliced, Washed /Pilz, Knopf, geschnitten, gewaschen",PHF-00-139206-3,PHF,67.07,grams
Loaded Roasted Sliced Mushrooms 1/2 green onion,SUB-029969-4-001,,,,"FA-DE Spice, Black Pepper, Ground /Gewürz, schwarzer Pfeffer, gemahlen",SPI-00-139334-5,SPI,0.06,grams
Loaded Roasted Sliced Mushrooms 1/2 green onion,SUB-029969-4-001,,,,"FA-DE Oil, Olive /Öl, Olivenöl",PRO-00-139277-5,PRO,10.48,grams
Loaded Roasted Sliced Mushrooms 1/2 green onion,SUB-029969-4-001,,,,"FA-DE Spice, Dill Dried /Gewürz, Dill getrocknet",SPI-00-139349-5,SPI,0.1,grams
Loaded Roasted Sliced Mushrooms 1/2 green onion,SUB-029969-4-001,,,,"FA-DE Thyme, IQF /Thymian, IQF",PHF-00-139244-1,PHF,0.08,grams
Loaded Roasted Sliced Mushrooms 1/2 green onion,SUB-029969-4-001,,,,"FA-DE Onion, Green, Sliced 5mm /Zwiebel, grün, in Scheiben geschnitten, 5 mm",PHF-00-149803-3,PHF,1.68,grams
Loaded Roasted Sliced Mushrooms 1/2 green onion,SUB-029969-4-001,,,,"FA-DE Garlic, IQF, Diced 4 mm /Knoblauch, IQF, gewürfelt 4 mm",PHF-00-139237-1,PHF,3.14,grams
Marinade - Baja Marinade,SUB-014052-4-001,,,,"FA-DE Spice, Onion Granulated /Gewürze, Zwiebeln granuliert",SPI-00-139370-5,SPI,5.39,grams
Marinade - Baja Marinade,SUB-014052-4-001,,,,"FA-DE Juice, Lime /Saft, Limette",PRO-00-139268-5,PRO,3.69,grams
Marinade - Baja Marinade,SUB-014052-4-001,,,,"FA-DE Spice, Smoked Paprika /Gewürz, geräucherter Paprika",SPI-00-139383-5,SPI,1.13,grams
Marinade - Baja Marinade,SUB-014052-4-001,,,,"FA-DE Juice, Orange /Saft, Orange",PRO-00-139267-5,PRO,3.69,grams
Marinade - Baja Marinade,SUB-014052-4-001,,,,"FA-DE Oil, Olive /Öl, Olivenöl",PRO-00-139277-5,PRO,52.73,grams
Marinade - Baja Marinade,SUB-014052-4-001,,,,"FA-DE Spice, Ancho Chili Powder /Gewürz, Ancho-Chili-Pulver",SPI-00-139329-5,SPI,8.5,grams
Marinade - Baja Marinade,SUB-014052-4-001,,,,"FA-DE Garlic, IQF, Diced 4 mm /Knoblauch, IQF, gewürfelt 4 mm",PHF-00-139237-1,PHF,20.98,grams
Marinade - Baja Marinade,SUB-014052-4-001,,,,"FA-DE Spice, Cumin Ground /Gewürz, gemahlener Kreuzkümmel",SPI-00-139345-5,SPI,5.39,grams
Marinade - Baja Marinade,SUB-014052-4-001,,,,"FA-DE Spice, Sea Salt /Gewürze, Meersalz",SPI-00-139378-5,SPI,3.12,grams
Marinade - Baja Marinade,SUB-014052-4-001,,,,"FA-DE Spice, Black Pepper, Ground /Gewürz, schwarzer Pfeffer, gemahlen",SPI-00-139334-5,SPI,1.98,grams
Mash - Roasted Garlic Cauliflower Mashed,SUB-013673-4-001,Steamed Cauliflower Rice,,,"FA-DE Cauliflower, Riced, IQF /Blumenkohl, Reis, IQF",PHF-00-139233-1,PHF,270835.36,grams
Mash - Roasted Garlic Cauliflower Mashed,SUB-013673-4-001,,,,"FA-DE Butter, Unsalted /Butter, ungesalzen",DAI-00-139146-3,DAI,38100,grams
Mash - Roasted Garlic Cauliflower Mashed,SUB-013673-4-001,,,,"FA-DE Cheese, Cream, 13% Fat (Milk) /Käse, Sahne, 13% Fett",DAI-00-139122-3,DAI,57150,grams
Mash - Roasted Garlic Cauliflower Mashed,SUB-013673-4-001,,,,"FA-DE Spice, Sea Salt /Gewürze, Meersalz",SPI-00-139378-5,SPI,1750,grams
Mash - Roasted Garlic Cauliflower Mashed,SUB-013673-4-001,Roasted Garlic (use),,,"FA-DE Garlic, Peeled, Whole Cloves [10kg] /Knoblauch, geschält, ganze Nelken [10kg]",PHF-00-139197-3,PHF,9716.91,grams
Mash - Roasted Garlic Cauliflower Mashed,SUB-013673-4-001,Roasted Garlic (use),,,"FA-DE Oil, Olive /Öl, Olivenöl",PRO-00-139277-5,PRO,7287.63,grams
Mexican Cauliflower Rice,SUB-014051-4-001,,,,"FA-DE Oil, Olive /Öl, Olivenöl",PRO-00-139277-5,PRO,2.27,grams
Mexican Cauliflower Rice,SUB-014051-4-001,,,,"FA-DE Spice, Sea Salt /Gewürze, Meersalz",SPI-00-139378-5,SPI,0.28,grams
Mexican Cauliflower Rice,SUB-014051-4-001,,,,"FA-DE Spice, Chili Powder /Gewürz, Chilipulver",SPI-00-139340-5,SPI,0.28,grams
Mexican Cauliflower Rice,SUB-014051-4-001,,,,"FA-DE Bell Peppers, Green, Diced 10mm /Paprika, grün, gewürfelt 10 mm",PHF-00-139176-3,PHF,5.1,grams
Mexican Cauliflower Rice,SUB-014051-4-001,,,,"FA-DE Bell Peppers, Red, Diced 10mm /Paprika, rot, gewürfelt 10 mm",PHF-00-139179-3,PHF,15.59,grams
Mexican Cauliflower Rice,SUB-014051-4-001,,,,"FA-DE Spice, Paprika /Gewürze, Paprika",SPI-00-139373-5,SPI,0.28,grams
Mexican Cauliflower Rice,SUB-014051-4-001,,,,"FA-DE Cauliflower, Riced, IQF /Blumenkohl, Reis, IQF",PHF-00-139233-1,PHF,83.63,grams
Mexican Cauliflower Rice,SUB-014051-4-001,,,,"FA-DE Spice, Cumin Ground /Gewürz, gemahlener Kreuzkümmel",SPI-00-139345-5,SPI,0.28,grams
Mexican Cauliflower Rice,SUB-014051-4-001,,,,"FA-DE Onion, Red, Diced 5mm /Zwiebeln, rot, gewürfelt 5 mm",PHF-00-139213-3,PHF,10.21,grams
Mixed veg - Roasted Peppers & Onions,SUB-026055-4-001,,,,"FA-DE Onion, Spanish, Sliced 5mm /Zwiebel, spanisch, in Scheiben geschnitten, 5 mm",PHF-00-139211-3,PHF,186.54,grams
Mixed veg - Roasted Peppers & Onions,SUB-026055-4-001,,,,"FA-DE Bell Peppers, Red, Sliced 10mm /Paprika, rot, in Scheiben geschnitten, 10 mm",PHF-00-139183-3,PHF,522.2,grams
Mixed veg - Roasted Peppers & Onions,SUB-026055-4-001,,,,"FA-DE Spice, Sea Salt /Gewürze, Meersalz",SPI-00-139378-5,SPI,1.13,grams
Mixed veg - Roasted Peppers & Onions,SUB-026055-4-001,,,,"FA-DE Oil, Olive /Öl, Olivenöl",PRO-00-139277-5,PRO,28.07,grams
Mixed veg - Roasted Peppers & Onions,SUB-026055-4-001,,,,"FA-DE Spice, Black Pepper, Ground /Gewürz, schwarzer Pfeffer, gemahlen",SPI-00-139334-5,SPI,1.13,grams
Mixed veg - Summer Zucchini Roast,SUB-013418-4-001,,,,"FA-DE Oil, Olive /Öl, Olivenöl",PRO-00-139277-5,PRO,1.7,grams
Mixed veg - Summer Zucchini Roast,SUB-013418-4-001,,,,"FA-DE Sweetcorn Supersweet Kernels, IQF /Zuckermais-Supersüßkörner, IQF",PHF-00-139236-1,PHF,18.71,grams
Mixed veg - Summer Zucchini Roast,SUB-013418-4-001,,,,"FA-DE Garlic, IQF, Diced 4 mm /Knoblauch, IQF, gewürfelt 4 mm",PHF-00-139237-1,PHF,1.98,grams
Mixed veg - Summer Zucchini Roast,SUB-013418-4-001,,,,"FA-DE Spice, Sea Salt /Gewürze, Meersalz",SPI-00-139378-5,SPI,0.28,grams
Mixed veg - Summer Zucchini Roast,SUB-013418-4-001,,,,"FA-DE Zucchini, Diced 10mm /Zucchini, gewürfelt 10 mm",PHF-00-139229-3,PHF,49.9,grams
Mixed veg - Summer Zucchini Roast,SUB-013418-4-001,,,,"FA-DE Spice, Onion Powder, Toasted /Gewürze, Zwiebelpulver, geröstet",SPI-00-139371-5,SPI,0.28,grams
Mixed veg - Summer Zucchini Roast,SUB-013418-4-001,,,,"FA-DE Tomatoes, Diced 10mm /Tomaten, gewürfelt, 10 mm",PHF-00-139239-3,PHF,25.23,grams
Mixed veg - Summer Zucchini Roast,SUB-013418-4-001,,,,"FA-DE Spice, Garlic Granulated /Gewürz, Knoblauch granuliert",SPI-00-139353-5,SPI,0.28,grams
Mixed veg - Summer Zucchini Roast,SUB-013418-4-001,,,,"FA-DE Onion, Spanish, Diced 10mm /Zwiebel, Spanisch, gewürfelt 10 mm",PHF-00-139209-3,PHF,4.25,grams
Mixed veg - Summer Zucchini Roast,SUB-013418-4-001,,,,"FA-DE Bell Peppers, Red, Diced 10mm /Paprika, rot, gewürfelt 10 mm",PHF-00-139179-3,PHF,2.55,grams
Mixed veg - Summer Zucchini Roast,SUB-013418-4-001,,,,"FA-DE Parsley, Chopped /Petersilie, gehackt",PHF-00-139215-3,PHF,0.28,grams
Moroccan Salmon Batch,SUB-029902-4-001,,,,"FA-DE Spice, Sea Salt /Gewürze, Meersalz",SPI-00-139378-5,SPI,0.28,grams
Moroccan Salmon Batch,SUB-029902-4-001,Moroccan Salmon Marinade,,,"FA-DE Coriander, Chopped /Koriander, gehackt",PHF-00-139192-3,PHF,0.83,grams
Moroccan Salmon Batch,SUB-029902-4-001,Moroccan Salmon Marinade,,,"FA-DE Spice, Turmeric /Gewürz, Kurkuma",SPI-00-139384-5,SPI,0.05,grams
Moroccan Salmon Batch,SUB-029902-4-001,Moroccan Salmon Marinade,,,"FA-DE Oil, Olive /Öl, Olivenöl",PRO-00-139277-5,PRO,3.3,grams
Moroccan Salmon Batch,SUB-029902-4-001,Moroccan Salmon Marinade,,,"FA-DE Zest, Lemon/Gewürz, Zitronenschale",PHF-00-139247-3,PHF,0.05,grams
Moroccan Salmon Batch,SUB-029902-4-001,Moroccan Salmon Marinade,,,"FA-DE Spice, Smoked Paprika /Gewürz, geräucherter Paprika",SPI-00-139383-5,SPI,0.31,grams
Moroccan Salmon Batch,SUB-029902-4-001,Moroccan Salmon Marinade,,,"FA-DE Spice, Ginger Ground /Gewürze, gemahlener Ingwer",SPI-00-139355-5,SPI,0.05,grams
Moroccan Salmon Batch,SUB-029902-4-001,Moroccan Salmon Marinade,,,"FA-DE Parsley, Chopped /Petersilie, gehackt",PHF-00-139215-3,PHF,0.83,grams
Moroccan Salmon Batch,SUB-029902-4-001,Moroccan Salmon Marinade,,,"FA-DE Spice, Cumin Ground /Gewürz, gemahlener Kreuzkümmel",SPI-00-139345-5,SPI,0.36,grams
Moroccan Salmon Batch,SUB-029902-4-001,Moroccan Salmon Marinade,,,"FA-DE Spice, Onion Powder, Toasted /Gewürze, Zwiebelpulver, geröstet",SPI-00-139371-5,SPI,0.08,grams
Moroccan Salmon Batch,SUB-029902-4-001,Moroccan Salmon Marinade,,,"FA-DE Spice, Sea Salt /Gewürze, Meersalz",SPI-00-139378-5,SPI,0.41,grams
Moroccan Salmon Batch,SUB-029902-4-001,Moroccan Salmon Marinade,,,"FA-DE Yogurt, Greek, Plain /Joghurt, Griechisch, Natur",DAI-00-139161-3,DAI,3.3,grams
Moroccan Salmon Batch,SUB-029902-4-001,Moroccan Salmon Marinade,,,"FA-DE Spice, Harissa Powder /Gewürz, Harissa-Pulver",SPI-00-139323-5,SPI,0.36,grams
Moroccan Salmon Batch,SUB-029902-4-001,,,,"FA-DE Salmon, Skinless, Boneless, Filet/Lachs, ohne Haut, ohne Knochen, Filet - IQF",PTN-00-139968-1,PTN,140,grams
Moroccan Salmon Marinade,SUB-029903-4-001,,,,"FA-DE Coriander, Chopped /Koriander, gehackt",PHF-00-139192-3,PHF,0.83,grams
Moroccan Salmon Marinade,SUB-029903-4-001,,,,"FA-DE Spice, Turmeric /Gewürz, Kurkuma",SPI-00-139384-5,SPI,0.05,grams
Moroccan Salmon Marinade,SUB-029903-4-001,,,,"FA-DE Oil, Olive /Öl, Olivenöl",PRO-00-139277-5,PRO,3.3,grams
Moroccan Salmon Marinade,SUB-029903-4-001,,,,"FA-DE Zest, Lemon/Gewürz, Zitronenschale",PHF-00-139247-3,PHF,0.05,grams
Moroccan Salmon Marinade,SUB-029903-4-001,,,,"FA-DE Spice, Smoked Paprika /Gewürz, geräucherter Paprika",SPI-00-139383-5,SPI,0.31,grams
Moroccan Salmon Marinade,SUB-029903-4-001,,,,"FA-DE Spice, Ginger Ground /Gewürze, gemahlener Ingwer",SPI-00-139355-5,SPI,0.05,grams
Moroccan Salmon Marinade,SUB-029903-4-001,,,,"FA-DE Parsley, Chopped /Petersilie, gehackt",PHF-00-139215-3,PHF,0.83,grams
Moroccan Salmon Marinade,SUB-029903-4-001,,,,"FA-DE Spice, Cumin Ground /Gewürz, gemahlener Kreuzkümmel",SPI-00-139345-5,SPI,0.36,grams
Moroccan Salmon Marinade,SUB-029903-4-001,,,,"FA-DE Spice, Onion Powder, Toasted /Gewürze, Zwiebelpulver, geröstet",SPI-00-139371-5,SPI,0.08,grams
Moroccan Salmon Marinade,SUB-029903-4-001,,,,"FA-DE Spice, Sea Salt /Gewürze, Meersalz",SPI-00-139378-5,SPI,0.41,grams
Moroccan Salmon Marinade,SUB-029903-4-001,,,,"FA-DE Yogurt, Greek, Plain /Joghurt, Griechisch, Natur",DAI-00-139161-3,DAI,3.3,grams
Moroccan Salmon Marinade,SUB-029903-4-001,,,,"FA-DE Spice, Harissa Powder /Gewürz, Harissa-Pulver",SPI-00-139323-5,SPI,0.36,grams
Mozzarella + Parsley Mix,SUB-013419-4-001,,,,"FA-DE Parsley, Chopped /Petersilie, gehackt",PHF-00-139215-3,PHF,1.7,grams
Mozzarella + Parsley Mix,SUB-013419-4-001,,,,"FA-DE Cheese, Mozzarella, Shredded /Käse, Mozzarella, gerieben",DAI-00-139125-3,DAI,23.81,grams
Picked Dill Leaves,SUB-029918-4-001,,,,"FA-DE Dill, Fresh/Dill, frisch",PHF-00-139200-3,PHF,1.12,grams
Pork Tenderloin - HERB BRINED,SUB-013465-4-001,,,,FA-DE Water / Wasser,OTH-00-144038-5,OTH,6800,grams
Pork Tenderloin - HERB BRINED,SUB-013465-4-001,,,,"FA-DE Spice, Thyme Dry /Gewürz, Thymian trocken",SPI-00-139385-5,SPI,11.34,grams
Pork Tenderloin - HERB BRINED,SUB-013465-4-001,,,,"FA-DE Pork, Tenderloin /Schweinefleisch, Filet",PTN-00-139310-3,PTN,6800,grams
Pork Tenderloin - HERB BRINED,SUB-013465-4-001,,,,"FA-DE Spice, Sage, Rubbed /Gewürz, Salbei, gerieben",SPI-00-139377-5,SPI,11.34,grams
Pork Tenderloin - HERB BRINED,SUB-013465-4-001,,,,"FA-DE Spice, Sea Salt /Gewürze, Meersalz",SPI-00-139378-5,SPI,60.1,grams
Pork Tenderloin - HERB BRINED,SUB-013465-4-001,,,,FA-DE Dried Rosemary/Rosmarin getrocknet,SPI-00-143552-5,SPI,11.34,grams
Pork tenderloin - herb marinade,SUB-013466-4-001,Pork Tenderloin - HERB BRINED,,,FA-DE Water / Wasser,OTH-00-144038-5,OTH,170,grams
Pork tenderloin - herb marinade,SUB-013466-4-001,Pork Tenderloin - HERB BRINED,,,"FA-DE Spice, Thyme Dry /Gewürz, Thymian trocken",SPI-00-139385-5,SPI,0.28,grams
Pork tenderloin - herb marinade,SUB-013466-4-001,Pork Tenderloin - HERB BRINED,,,"FA-DE Pork, Tenderloin /Schweinefleisch, Filet",PTN-00-139310-3,PTN,170,grams
Pork tenderloin - herb marinade,SUB-013466-4-001,Pork Tenderloin - HERB BRINED,,,"FA-DE Spice, Sage, Rubbed /Gewürz, Salbei, gerieben",SPI-00-139377-5,SPI,0.28,grams
Pork tenderloin - herb marinade,SUB-013466-4-001,Pork Tenderloin - HERB BRINED,,,"FA-DE Spice, Sea Salt /Gewürze, Meersalz",SPI-00-139378-5,SPI,1.5,grams
Pork tenderloin - herb marinade,SUB-013466-4-001,Pork Tenderloin - HERB BRINED,,,FA-DE Dried Rosemary/Rosmarin getrocknet,SPI-00-143552-5,SPI,0.28,grams
Pork tenderloin - herb marinade,SUB-013466-4-001,Herb Marinade for Pork Tenderloin,,,"FA-DE Chives, Dried /Schnittlauch, getrocknet",SPI-00-139322-5,SPI,0.05,grams
Pork tenderloin - herb marinade,SUB-013466-4-001,Herb Marinade for Pork Tenderloin,,,"FA-DE Spice, Oregano Dry /Gewürz, Oregano trocken",SPI-00-139372-5,SPI,0.03,grams
Pork tenderloin - herb marinade,SUB-013466-4-001,Herb Marinade for Pork Tenderloin,,,"FA-DE Oil, Olive /Öl, Olivenöl",PRO-00-139277-5,PRO,11.1,grams
Pork tenderloin - herb marinade,SUB-013466-4-001,Herb Marinade for Pork Tenderloin,,,"FA-DE Spice, Onion Granulated /Gewürze, Zwiebeln granuliert",SPI-00-139370-5,SPI,0.12,grams
Pork tenderloin - herb marinade,SUB-013466-4-001,Herb Marinade for Pork Tenderloin,,,"FA-DE Spice, Sea Salt /Gewürze, Meersalz",SPI-00-139378-5,SPI,0.27,grams
Pork tenderloin - herb marinade,SUB-013466-4-001,Herb Marinade for Pork Tenderloin,,,"FA-DE Spice, Parsley Dried /Gewürze, getrocknete Petersilie",SPI-00-139374-5,SPI,0.03,grams
Pork tenderloin - herb marinade,SUB-013466-4-001,Herb Marinade for Pork Tenderloin,,,"FA-DE Spice, Black Pepper, Ground /Gewürz, schwarzer Pfeffer, gemahlen",SPI-00-139334-5,SPI,0.18,grams
Pork tenderloin - herb marinade,SUB-013466-4-001,Herb Marinade for Pork Tenderloin,,,"FA-DE Spice, Garlic Granulated /Gewürz, Knoblauch granuliert",SPI-00-139353-5,SPI,0.24,grams
Ranch Sour Cream Batch - PH,SUB-013485-4-001,,,,"FA-DE Juice, Lemon /Saft, Zitrone",PRO-00-139265-5,PRO,2.86,grams
Ranch Sour Cream Batch - PH,SUB-013485-4-001,Steamed Cream Cheese,,,"FA-DE Cheese, Cream, 13% Fat (Milk) /Käse, Sahne, 13% Fett",DAI-00-139122-3,DAI,4.67,grams
Ranch Sour Cream Batch - PH,SUB-013485-4-001,,,,FA-DE Sour Cream /Sauerrahm,DAI-00-139141-3,DAI,25.87,grams
Ranch Sour Cream Batch - PH,SUB-013485-4-001,DRY Ranch Seasoning,,,"FA-DE Chives, Dried /Schnittlauch, getrocknet",SPI-00-139322-5,SPI,0.08,grams
Ranch Sour Cream Batch - PH,SUB-013485-4-001,DRY Ranch Seasoning,,,"FA-DE Spice, Onion Granulated /Gewürze, Zwiebeln granuliert",SPI-00-139370-5,SPI,0.24,grams
Ranch Sour Cream Batch - PH,SUB-013485-4-001,DRY Ranch Seasoning,,,"FA-DE Spice, Buttermilk Powder/Gewürz, Buttermilchpulver",SPI-00-151139-5,SPI,1.28,grams
Ranch Sour Cream Batch - PH,SUB-013485-4-001,DRY Ranch Seasoning,,,"FA-DE Spice, Parsley Dried /Gewürze, getrocknete Petersilie",SPI-00-139374-5,SPI,0.03,grams
Ranch Sour Cream Batch - PH,SUB-013485-4-001,DRY Ranch Seasoning,,,"FA-DE Spice, Garlic Granulated /Gewürz, Knoblauch granuliert",SPI-00-139353-5,SPI,0.27,grams
Ranch Sour Cream Batch - PH,SUB-013485-4-001,DRY Ranch Seasoning,,,"FA-DE Spice, Black Pepper, Ground /Gewürz, schwarzer Pfeffer, gemahlen",SPI-00-139334-5,SPI,0.14,grams
Ranch Sour Cream Batch - PH,SUB-013485-4-001,DRY Ranch Seasoning,,,"FA-DE Spice, Dill Dried /Gewürz, Dill getrocknet",SPI-00-139349-5,SPI,0.08,grams
Roasted Balsamic Pearl Onions- Half Balsamic,SUB-029392-4-001,,,,"FA-DE Oil, Olive /Öl, Olivenöl",PRO-00-139277-5,PRO,0.3,grams
Roasted Balsamic Pearl Onions- Half Balsamic,SUB-029392-4-001,,,,"FA-DE Spice, Sea Salt /Gewürze, Meersalz",SPI-00-139378-5,SPI,0.1,grams
Roasted Balsamic Pearl Onions- Half Balsamic,SUB-029392-4-001,,,,"FA-DE Spice, Parsley Dried /Gewürze, getrocknete Petersilie",SPI-00-139374-5,SPI,0.2,grams
Roasted Balsamic Pearl Onions- Half Balsamic,SUB-029392-4-001,,,,"FA-DE Spice, Thyme Dry /Gewürz, Thymian trocken",SPI-00-139385-5,SPI,0.2,grams
Roasted Balsamic Pearl Onions- Half Balsamic,SUB-029392-4-001,,,,"FA-DE Vinegar, Balsamic /Essig, Balsamico",PRO-00-139298-5,PRO,1.7,grams
Roasted Balsamic Pearl Onions- Half Balsamic,SUB-029392-4-001,,,,"FA-DE Onion, Pearl, IQF /Zwiebeln, Perlen, IQF",PHF-00-139232-1,PHF,29.1,grams
Roasted Broccoli - Alliums,SUB-014233-4-001,,,,"FA-DE Spice, Sea Salt /Gewürze, Meersalz",SPI-00-139378-5,SPI,0.3,grams
Roasted Broccoli - Alliums,SUB-014233-4-001,,,,"FA-DE Broccoli, Florets, /Brokkoli, Röschen",PHF-00-143425-3,PHF,70.5,grams
Roasted Broccoli - Alliums,SUB-014233-4-001,,,,"FA-DE Spice, Onion Powder, Toasted /Gewürze, Zwiebelpulver, geröstet",SPI-00-139371-5,SPI,0.38,grams
Roasted Broccoli - Alliums,SUB-014233-4-001,,,,"FA-DE Oil, Olive /Öl, Olivenöl",PRO-00-139277-5,PRO,5,grams
Roasted Garlic (use),SUB-013367-4-001,,,,"FA-DE Garlic, Peeled, Whole Cloves [10kg] /Knoblauch, geschält, ganze Nelken [10kg]",PHF-00-139197-3,PHF,453.59,grams
Roasted Garlic (use),SUB-013367-4-001,,,,"FA-DE Oil, Olive /Öl, Olivenöl",PRO-00-139277-5,PRO,340.19,grams
Roasted Garlic and Parsley Roasted Potato - SH,SUB-013390-4-001,,,,"FA-DE Parsley, Chopped /Petersilie, gehackt",PHF-00-139215-3,PHF,4.25,grams
Roasted Garlic and Parsley Roasted Potato - SH,SUB-013390-4-001,,,,"FA-DE Spice, Black Pepper, Ground /Gewürz, schwarzer Pfeffer, gemahlen",SPI-00-139334-5,SPI,0.28,grams
Roasted Garlic and Parsley Roasted Potato - SH,SUB-013390-4-001,,,,"FA-DE Oil, Olive /Öl, Olivenöl",PRO-00-139277-5,PRO,4.25,grams
Roasted Garlic and Parsley Roasted Potato - SH,SUB-013390-4-001,Roasted Garlic (use),,,"FA-DE Garlic, Peeled, Whole Cloves [10kg] /Knoblauch, geschält, ganze Nelken [10kg]",PHF-00-139197-3,PHF,5.14,grams
Roasted Garlic and Parsley Roasted Potato - SH,SUB-013390-4-001,Roasted Garlic (use),,,"FA-DE Oil, Olive /Öl, Olivenöl",PRO-00-139277-5,PRO,3.86,grams
Roasted Garlic and Parsley Roasted Potato - SH,SUB-013390-4-001,,,,"FA-DE Spice, Sea Salt /Gewürze, Meersalz",SPI-00-139378-5,SPI,0.28,grams
Roasted Garlic and Parsley Roasted Potato - SH,SUB-013390-4-001,,,,"FA-DE Potatoes, Diced 10mm /Kartoffeln, gewürfelt, 10 mm",PHF-00-139219-3,PHF,104.61,grams
Roasted Garlic oil,SUB-013367-4-002,,,,"FA-DE Garlic, Peeled, Whole Cloves [10kg] /Knoblauch, geschält, ganze Nelken [10kg]",PHF-00-139197-3,PHF,453.59,grams
Roasted Garlic oil,SUB-013367-4-002,,,,"FA-DE Oil, Olive /Öl, Olivenöl",PRO-00-139277-5,PRO,340.19,grams
Roasted Green Onions,SUB-023370-4-001,,,,"FA-DE Onion, Green, Sliced 5mm /Zwiebel, grün, in Scheiben geschnitten, 5 mm",PHF-00-149803-3,PHF,15,grams
Roasted Onions/Garlic,SUB-013787-4-001,,,,"FA-DE Onion, Spanish, Diced 5mm /Zwiebel, Spanisch, gewürfelt 5 mm",PHF-00-139212-3,PHF,7.09,grams
Roasted Onions/Garlic,SUB-013787-4-001,,,,"FA-DE Garlic, IQF, Diced 4 mm /Knoblauch, IQF, gewürfelt 4 mm",PHF-00-139237-1,PHF,2.83,grams
Roasted Onions/Garlic,SUB-013787-4-001,,,,"FA-DE Oil, Olive /Öl, Olivenöl",PRO-00-139277-5,PRO,1.98,grams
Roasted Red Peppers - Diced (half pepper),SUB-029906-4-001,,,,"FA-DE Bell Peppers, Red, Diced 10mm /Paprika, rot, gewürfelt 10 mm",PHF-00-139179-3,PHF,31,grams
Roasted Red Peppers - Diced (half pepper),SUB-029906-4-001,,,,"FA-DE Spice, Black Pepper, Ground /Gewürz, schwarzer Pfeffer, gemahlen",SPI-00-139334-5,SPI,0.15,grams
Roasted Red Peppers - Diced (half pepper),SUB-029906-4-001,,,,"FA-DE Oil, Olive /Öl, Olivenöl",PRO-00-139277-5,PRO,1.16,grams
Roasted Red Peppers - Diced (half pepper),SUB-029906-4-001,,,,"FA-DE Spice, Sea Salt /Gewürze, Meersalz",SPI-00-139378-5,SPI,0.18,grams
Roasted Red Peppers - Diced (half pepper),SUB-029906-4-001,,,,"FA-DE Spice, Garlic Granulated /Gewürz, Knoblauch granuliert",SPI-00-139353-5,SPI,0.19,grams
Roasted Red Peppers - Diced (half pepper),SUB-029906-4-001,,,,"FA-DE Garlic, IQF, Diced 4 mm /Knoblauch, IQF, gewürfelt 4 mm",PHF-00-139237-1,PHF,1.16,grams
Roasted Red Peppers and Red Onion w/ Garlic,SUB-029393-4-001,,,,"FA-DE Oil, Olive /Öl, Olivenöl",PRO-00-139277-5,PRO,0.2,grams
Roasted Red Peppers and Red Onion w/ Garlic,SUB-029393-4-001,,,,"FA-DE Spice, Black Pepper, Ground /Gewürz, schwarzer Pfeffer, gemahlen",SPI-00-139334-5,SPI,0.2,grams
Roasted Red Peppers and Red Onion w/ Garlic,SUB-029393-4-001,,,,"FA-DE Bell Peppers, Red, Diced 10mm /Paprika, rot, gewürfelt 10 mm",PHF-00-139179-3,PHF,23.5,grams
Roasted Red Peppers and Red Onion w/ Garlic,SUB-029393-4-001,,,,"FA-DE Garlic, IQF, Diced 4 mm /Knoblauch, IQF, gewürfelt 4 mm",PHF-00-139237-1,PHF,0.9,grams
Roasted Red Peppers and Red Onion w/ Garlic,SUB-029393-4-001,,,,"FA-DE Spice, Garlic Granulated /Gewürz, Knoblauch granuliert",SPI-00-139353-5,SPI,0.2,grams
Roasted Red Peppers and Red Onion w/ Garlic,SUB-029393-4-001,,,,"FA-DE Onion, Red, Diced 10mm/Zwiebeln, rot, gewürfelt, 10 mm",PHF-00-139216-3,PHF,22.2,grams
Roasted Red Peppers and Red Onion w/ Garlic,SUB-029393-4-001,,,,"FA-DE Spice, Sea Salt /Gewürze, Meersalz",SPI-00-139378-5,SPI,0.4,grams
"Roasted Zucchini, Diced - Toasted Garlic",SUB-029391-4-001,,,,"FA-DE Spice, Sea Salt /Gewürze, Meersalz",SPI-00-139378-5,SPI,0.2,grams
"Roasted Zucchini, Diced - Toasted Garlic",SUB-029391-4-001,,,,"FA-DE Oil, Olive /Öl, Olivenöl",PRO-00-139277-5,PRO,0.3,grams
"Roasted Zucchini, Diced - Toasted Garlic",SUB-029391-4-001,,,,"FA-DE Spice, Black Pepper, Ground /Gewürz, schwarzer Pfeffer, gemahlen",SPI-00-139334-5,SPI,0.02,grams
"Roasted Zucchini, Diced - Toasted Garlic",SUB-029391-4-001,,,,"FA-DE Zucchini, Diced 10mm /Zucchini, gewürfelt 10 mm",PHF-00-139229-3,PHF,51.9,grams
"Roasted Zucchini, Diced - Toasted Garlic",SUB-029391-4-001,,,,"FA-DE Spice, Minced Garlic, Toasted, Dry /Gewürz, gehackter Knoblauch, geröstet, trocken",SPI-00-139367-5,SPI,0.2,grams
Rosemary and Thyme Roasted Potato Wedges,SUB-015143-4-001,,,,"FA-DE Potatoes, Skin On, wedges /Kartoffeln mit Schale, Keile",PHF-00-139226-3,PHF,129.02,grams
Rosemary and Thyme Roasted Potato Wedges,SUB-015143-4-001,,,,"FA-DE Spice, Onion Powder, Toasted /Gewürze, Zwiebelpulver, geröstet",SPI-00-139371-5,SPI,0.48,grams
Rosemary and Thyme Roasted Potato Wedges,SUB-015143-4-001,,,,"FA-DE Spice, Black Pepper, Ground /Gewürz, schwarzer Pfeffer, gemahlen",SPI-00-139334-5,SPI,0.3,grams
Rosemary and Thyme Roasted Potato Wedges,SUB-015143-4-001,,,,"FA-DE Oil, Olive /Öl, Olivenöl",PRO-00-139277-5,PRO,1.61,grams
Rosemary and Thyme Roasted Potato Wedges,SUB-015143-4-001,,,,"FA-DE Thyme, IQF /Thymian, IQF",PHF-00-139244-1,PHF,0.16,grams
Rosemary and Thyme Roasted Potato Wedges,SUB-015143-4-001,,,,"FA-DE Rosemary, IQF /Rosmarin, IQF",PHF-00-139243-1,PHF,0.16,grams
Rosemary and Thyme Roasted Potato Wedges,SUB-015143-4-001,,,,"FA-DE Spice, Sea Salt /Gewürze, Meersalz",SPI-00-139378-5,SPI,0.22,grams
Rosemary and Thyme Roasted Potato Wedges,SUB-015143-4-001,,,,"FA-DE Spice, Garlic Granulated /Gewürz, Knoblauch granuliert",SPI-00-139353-5,SPI,0.48,grams
S&P Roasted Green Beans 1,SUB-014184-4-001,,,,"FA-DE Oil, Olive /Öl, Olivenöl",PRO-00-139277-5,PRO,3.08,grams
S&P Roasted Green Beans 1,SUB-014184-4-001,,,,"FA-DE Spice, Sea Salt /Gewürze, Meersalz",SPI-00-139378-5,SPI,0.18,grams
S&P Roasted Green Beans 1,SUB-014184-4-001,,,,"FA-DE Spice, Black Pepper, Ground /Gewürz, schwarzer Pfeffer, gemahlen",SPI-00-139334-5,SPI,0.09,grams
S&P Roasted Green Beans 1,SUB-014184-4-001,,,,"FA-DE Green Beans, Fresh and Trimmed/Grüne Bohnen, frisch und geschnitten",PHF-00-139198-3,PHF,45.44,grams
Salmon - BAJA Salmon - Batch,SUB-014053-4-001,,,,"FA-DE Spice, Sea Salt /Gewürze, Meersalz",SPI-00-139378-5,SPI,0.6,grams
Salmon - BAJA Salmon - Batch,SUB-014053-4-001,Marinade - Baja Marinade,,,"FA-DE Spice, Onion Granulated /Gewürze, Zwiebeln granuliert",SPI-00-139370-5,SPI,0.54,grams
Salmon - BAJA Salmon - Batch,SUB-014053-4-001,Marinade - Baja Marinade,,,"FA-DE Juice, Lime /Saft, Limette",PRO-00-139268-5,PRO,0.37,grams
Salmon - BAJA Salmon - Batch,SUB-014053-4-001,Marinade - Baja Marinade,,,"FA-DE Spice, Smoked Paprika /Gewürz, geräucherter Paprika",SPI-00-139383-5,SPI,0.11,grams
Salmon - BAJA Salmon - Batch,SUB-014053-4-001,Marinade - Baja Marinade,,,"FA-DE Juice, Orange /Saft, Orange",PRO-00-139267-5,PRO,0.37,grams
Salmon - BAJA Salmon - Batch,SUB-014053-4-001,Marinade - Baja Marinade,,,"FA-DE Oil, Olive /Öl, Olivenöl",PRO-00-139277-5,PRO,5.27,grams
Salmon - BAJA Salmon - Batch,SUB-014053-4-001,Marinade - Baja Marinade,,,"FA-DE Spice, Ancho Chili Powder /Gewürz, Ancho-Chili-Pulver",SPI-00-139329-5,SPI,0.85,grams
Salmon - BAJA Salmon - Batch,SUB-014053-4-001,Marinade - Baja Marinade,,,"FA-DE Garlic, IQF, Diced 4 mm /Knoblauch, IQF, gewürfelt 4 mm",PHF-00-139237-1,PHF,2.1,grams
Salmon - BAJA Salmon - Batch,SUB-014053-4-001,Marinade - Baja Marinade,,,"FA-DE Spice, Cumin Ground /Gewürz, gemahlener Kreuzkümmel",SPI-00-139345-5,SPI,0.54,grams
Salmon - BAJA Salmon - Batch,SUB-014053-4-001,Marinade - Baja Marinade,,,"FA-DE Spice, Sea Salt /Gewürze, Meersalz",SPI-00-139378-5,SPI,0.31,grams
Salmon - BAJA Salmon - Batch,SUB-014053-4-001,Marinade - Baja Marinade,,,"FA-DE Spice, Black Pepper, Ground /Gewürz, schwarzer Pfeffer, gemahlen",SPI-00-139334-5,SPI,0.2,grams
Salmon - BAJA Salmon - Batch,SUB-014053-4-001,,,,"FA-DE Salmon, Skinless, Boneless, Filet/Lachs, ohne Haut, ohne Knochen, Filet - IQF",PTN-00-139968-1,PTN,140,grams
Salmon - garlic seasoning,SUB-013382-4-001,,,,"FA-DE Salmon, Skinless, Boneless, Filet/Lachs, ohne Haut, ohne Knochen, Filet - IQF",PTN-00-139968-1,PTN,140,grams
Salmon - garlic seasoning,SUB-013382-4-001,,,,"FA-DE Spice, Sea Salt /Gewürze, Meersalz",SPI-00-139378-5,SPI,0.42,grams
Salmon - garlic seasoning,SUB-013382-4-001,,,,"FA-DE Spice, Garlic Granulated /Gewürz, Knoblauch granuliert",SPI-00-139353-5,SPI,0.14,grams
Sauce - Butter Chicken sauce,SUB-013851-4-001,,,,"FA-DE Spice, Fenugreek Powder /Gewürz, Bockshornkleepulver",SPI-00-154750-5,SPI,0.71,grams
Sauce - Butter Chicken sauce,SUB-013851-4-001,,,,"FA-DE Garlic, IQF, Diced 4 mm /Knoblauch, IQF, gewürfelt 4 mm",PHF-00-139237-1,PHF,22.68,grams
Sauce - Butter Chicken sauce,SUB-013851-4-001,,,,"FA-DE Spice, Cumin Ground /Gewürz, gemahlener Kreuzkümmel",SPI-00-139345-5,SPI,3.4,grams
Sauce - Butter Chicken sauce,SUB-013851-4-001,,,,"FA-DE Butter, Unsalted /Butter, ungesalzen",DAI-00-139146-3,DAI,136.08,grams
Sauce - Butter Chicken sauce,SUB-013851-4-001,,,,"FA-DE Spice, Sea Salt /Gewürze, Meersalz",SPI-00-139378-5,SPI,5.39,grams
Sauce - Butter Chicken sauce,SUB-013851-4-001,,,,"FA-DE Spice, Chili Powder /Gewürz, Chilipulver",SPI-00-139340-5,SPI,1.06,grams
Sauce - Butter Chicken sauce,SUB-013851-4-001,,,,"FA-DE Onion, Spanish, Diced 5mm /Zwiebel, Spanisch, gewürfelt 5 mm",PHF-00-139212-3,PHF,113.4,grams
Sauce - Butter Chicken sauce,SUB-013851-4-001,Factor Garam Masala Spice Blend,,,"FA-DE Spice, Fennel Ground /Gewürz, Fenchel gemahlen",SPI-00-139351-5,SPI,0.11,grams
Sauce - Butter Chicken sauce,SUB-013851-4-001,Factor Garam Masala Spice Blend,,,"FA-DE Spice, Nutmeg Ground /Gewürz, gemahlene Muskatnuss",SPI-00-139368-5,SPI,0.22,grams
Sauce - Butter Chicken sauce,SUB-013851-4-001,Factor Garam Masala Spice Blend,,,"FA-DE Spice, Coriander Ground /Gewürz, gemahlener Koriander",SPI-00-139386-5,SPI,0.68,grams
Sauce - Butter Chicken sauce,SUB-013851-4-001,Factor Garam Masala Spice Blend,,,"FA-DE Spice, Cinnamon Ground /Gewürz, gemahlener Zimt",SPI-00-139341-5,SPI,0.45,grams
Sauce - Butter Chicken sauce,SUB-013851-4-001,Factor Garam Masala Spice Blend,,,"FA-DE Spice, Cumin Ground /Gewürz, gemahlener Kreuzkümmel",SPI-00-139345-5,SPI,1.36,grams
Sauce - Butter Chicken sauce,SUB-013851-4-001,Factor Garam Masala Spice Blend,,,"FA-DE Spice, Cloves Ground /Gewürze, gemahlene Nelken",SPI-00-139342-5,SPI,0.22,grams
Sauce - Butter Chicken sauce,SUB-013851-4-001,Factor Garam Masala Spice Blend,,,"FA-DE Spice, Black Pepper, Ground /Gewürz, schwarzer Pfeffer, gemahlen",SPI-00-139334-5,SPI,0.34,grams
Sauce - Butter Chicken sauce,SUB-013851-4-001,Factor Garam Masala Spice Blend,,,"FA-DE Spice, Turmeric /Gewürz, Kurkuma",SPI-00-139384-5,SPI,0.11,grams
Sauce - Butter Chicken sauce,SUB-013851-4-001,,,,"FA-DE Oil, Olive /Öl, Olivenöl",PRO-00-139277-5,PRO,70.87,grams
Sauce - Butter Chicken sauce,SUB-013851-4-001,,,,"FA-DE Ginger, IQF, Diced 4 mm /Ingwer, IQF, gewürfelt 4 mm",PHF-00-139238-1,PHF,17.01,grams
Sauce - Butter Chicken sauce,SUB-013851-4-001,,,,"FA-DE Tomatoes, Crushed /Tomaten, zerkleinert",PRO-00-139294-5,PRO,307.03,grams
Sauce - Butter Chicken sauce,SUB-013851-4-001,,,,"FA-DE Spice, Coriander Ground /Gewürz, gemahlener Koriander",SPI-00-139386-5,SPI,2.13,grams
Sauce - Butter Chicken sauce,SUB-013851-4-001,,,,FA-DE Heavy Cream 20% /Sahne 20%,DAI-00-139137-3,DAI,240.97,grams
Sauce - Cilantro Sour Cream,SUB-013701-4-001,,,,"FA-DE Spice, Sea Salt /Gewürze, Meersalz",SPI-00-139378-5,SPI,0.34,grams
Sauce - Cilantro Sour Cream,SUB-013701-4-001,,,,"FA-DE Jalapeno Peppers, Diced 5mm /Jalapeno-Paprikaschoten, gewürfelt, 5 mm",PHF-00-139201-3,PHF,1.77,grams
Sauce - Cilantro Sour Cream,SUB-013701-4-001,,,,"FA-DE Juice, Lime /Saft, Limette",PRO-00-139268-5,PRO,1.77,grams
Sauce - Cilantro Sour Cream,SUB-013701-4-001,,,,"FA-DE Garlic, Peeled, Whole Cloves [10kg] /Knoblauch, geschält, ganze Nelken [10kg]",PHF-00-139197-3,PHF,0.35,grams
Sauce - Cilantro Sour Cream,SUB-013701-4-001,,,,FA-DE Sour Cream /Sauerrahm,DAI-00-139141-3,DAI,35.44,grams
Sauce - Cilantro Sour Cream,SUB-013701-4-001,,,,"FA-DE Coriander, Chopped /Koriander, gehackt",PHF-00-139192-3,PHF,8.86,grams
Sauce - Creamy Gochugaru Sauce,SUB-013450-4-001,,,,"FA-DE Garlic, IQF, Diced 4 mm /Knoblauch, IQF, gewürfelt 4 mm",PHF-00-139237-1,PHF,12.31,grams
Sauce - Creamy Gochugaru Sauce,SUB-013450-4-001,,,,"FA-DE Spice, Gochugaru Chili Pepper Flakes /Gewürz, Gochugaru-Chili-Pfefferflocken",SPI-00-139356-5,SPI,7,grams
Sauce - Creamy Gochugaru Sauce,SUB-013450-4-001,,,,"FA-DE Onion, Spanish, Diced 5mm /Zwiebel, Spanisch, gewürfelt 5 mm",PHF-00-139212-3,PHF,54.05,grams
Sauce - Creamy Gochugaru Sauce,SUB-013450-4-001,,,,"FA-DE Stock, Chicken, Reduced/Brühe, Huhn, Reduziert",PRO-00-139288-5,PRO,6.07,grams
Sauce - Creamy Gochugaru Sauce,SUB-013450-4-001,,,,"FA-DE Spice, Sea Salt /Gewürze, Meersalz",SPI-00-139378-5,SPI,1.2,grams
Sauce - Creamy Gochugaru Sauce,SUB-013450-4-001,,,,"FA-DE Cheese, Parmesan, Grated /Käse, Parmesan, gerieben",DAI-00-139127-3,DAI,54.05,grams
Sauce - Creamy Gochugaru Sauce,SUB-013450-4-001,,,,"FA-DE Oil, Olive /Öl, Olivenöl",PRO-00-139277-5,PRO,30.8,grams
Sauce - Creamy Gochugaru Sauce,SUB-013450-4-001,,,,FA-DE Tomato Paste /Tomatenmark,PRO-00-139292-5,PRO,12,grams
Sauce - Creamy Gochugaru Sauce,SUB-013450-4-001,,,,"FA-DE Spinach, Fresh, Stem Off /Spinat, frisch, ohne Stiel",PHF-00-139225-3,PHF,43.24,grams
Sauce - Creamy Gochugaru Sauce,SUB-013450-4-001,,,,FA-DE Heavy Cream 20% /Sahne 20%,DAI-00-139137-3,DAI,336.14,grams
Sauce - Pesto,SUB-013665-4-001,Toasted Sliced Almonds,,,"FA-DE Almond, Sliced, Blanched /Mandeln, geschnitten, blanchiert",SPI-00-139147-5,SPI,4.11,grams
Sauce - Pesto,SUB-013665-4-001,,,,"FA-DE Cheese, Parmesan, Grated /Käse, Parmesan, gerieben",DAI-00-139127-3,DAI,5.05,grams
Sauce - Pesto,SUB-013665-4-001,,,,"FA-DE Spice, Sea Salt /Gewürze, Meersalz",SPI-00-139378-5,SPI,0.2,grams
Sauce - Pesto,SUB-013665-4-001,,,,"FA-DE Oil, Olive /Öl, Olivenöl",PRO-00-139277-5,PRO,23.42,grams
Sauce - Pesto,SUB-013665-4-001,Basil Kill Step,Basil - Picked Basil Leaves,,"FA-DE Basil, Fresh /Basilikum, frisch",PHF-00-139175-3,PHF,9.56,grams
Sauce - Pesto,SUB-013665-4-001,,,,"FA-DE Spice, Garlic Granulated /Gewürz, Knoblauch granuliert",SPI-00-139353-5,SPI,0.21,grams
Sauce - Pesto,SUB-013665-4-001,Fresh Spinach Kill Step,,,"FA-DE Spinach, Fresh, Stem Off /Spinat, frisch, ohne Stiel",PHF-00-139225-3,PHF,5.48,grams
Sauce - Sun-Dried Tomato Sauce - Less Salt,SUB-013571-4-001,,,,"FA-DE Cheese, Parmesan, Grated /Käse, Parmesan, gerieben",DAI-00-139127-3,DAI,117.43,grams
Sauce - Sun-Dried Tomato Sauce - Less Salt,SUB-013571-4-001,,,,FA-DE Heavy Cream 20% /Sahne 20%,DAI-00-139137-3,DAI,730.37,grams
Sauce - Sun-Dried Tomato Sauce - Less Salt,SUB-013571-4-001,,,,"FA-DE Oil, Olive /Öl, Olivenöl",PRO-00-139277-5,PRO,66.92,grams
Sauce - Sun-Dried Tomato Sauce - Less Salt,SUB-013571-4-001,,,,"FA-DE Stock, Chicken, Reduced/Brühe, Huhn, Reduziert",PRO-00-139288-5,PRO,13.19,grams
Sauce - Sun-Dried Tomato Sauce - Less Salt,SUB-013571-4-001,,,,"FA-DE Garlic, IQF, Diced 4 mm /Knoblauch, IQF, gewürfelt 4 mm",PHF-00-139237-1,PHF,26.75,grams
Sauce - Sun-Dried Tomato Sauce - Less Salt,SUB-013571-4-001,Hydrated Sun-Dried Tomatoes,,,"FA-DE Tomatoes, Sun - Dried Julienned /Tomaten, sonnengetrocknete Julienne",PRO-00-139296-5,PRO,65.13,grams
Sauce - Sun-Dried Tomato Sauce - Less Salt,SUB-013571-4-001,Hydrated Sun-Dried Tomatoes,,,FA-DE Water / Wasser,OTH-00-144038-5,OTH,65.13,grams
Sauce - Sun-Dried Tomato Sauce - Less Salt,SUB-013571-4-001,,,,"FA-DE Spinach, Fresh, Stem Off /Spinat, frisch, ohne Stiel",PHF-00-139225-3,PHF,93.95,grams
Sauce - Sun-Dried Tomato Sauce - Less Salt,SUB-013571-4-001,,,,"FA-DE Spice, Sea Salt /Gewürze, Meersalz",SPI-00-139378-5,SPI,0.57,grams
Sauce - Sun-Dried Tomato Sauce - Less Salt,SUB-013571-4-001,,,,"FA-DE Onion, Spanish, Diced 5mm /Zwiebel, Spanisch, gewürfelt 5 mm",PHF-00-139212-3,PHF,117.43,grams
Sauce - Tuscan Shrimp Butter Sauce,SUB-013803-4-001,,,,"FA-DE Butter, Unsalted /Butter, ungesalzen",DAI-00-139146-3,DAI,14.17,grams
Sauce - Tuscan Shrimp Butter Sauce,SUB-013803-4-001,,,,"FA-DE Spice, Minced Garlic, Toasted, Dry /Gewürz, gehackter Knoblauch, geröstet, trocken",SPI-00-139367-5,SPI,0.37,grams
Sauce - Tuscan Shrimp Butter Sauce,SUB-013803-4-001,,,,"FA-DE Gum, Xanthan /Gummi, Xanthan",DRY-00-139153-5,DRY,0.07,grams
Sauce - Tuscan Shrimp Butter Sauce,SUB-013803-4-001,,,,"FA-DE Onion, Spanish, Diced 5mm /Zwiebel, Spanisch, gewürfelt 5 mm",PHF-00-139212-3,PHF,3.4,grams
Sauce - Tuscan Shrimp Butter Sauce,SUB-013803-4-001,,,,"FA-DE Spice, Black Pepper, Ground /Gewürz, schwarzer Pfeffer, gemahlen",SPI-00-139334-5,SPI,0.09,grams
Sauce - Tuscan Shrimp Butter Sauce,SUB-013803-4-001,,,,FA-DE Water / Wasser,OTH-00-144038-5,OTH,14.46,grams
Sauce - Tuscan Shrimp Butter Sauce,SUB-013803-4-001,,,,"FA-DE Garlic, IQF, Diced 4 mm /Knoblauch, IQF, gewürfelt 4 mm",PHF-00-139237-1,PHF,1.08,grams
Sauce - Tuscan Shrimp Butter Sauce,SUB-013803-4-001,,,,"FA-DE Spice, Sea Salt /Gewürze, Meersalz",SPI-00-139378-5,SPI,0.21,grams
Sauce - Tuscan Shrimp Butter Sauce,SUB-013803-4-001,,,,"FA-DE Spice, Garlic Powder, Toasted /Gewürz, Knoblauchpulver, geröstet",SPI-00-139354-5,SPI,0.28,grams
Sauce - Tuscan Shrimp Butter Sauce,SUB-013803-4-001,,,,"FA-DE Spice, Parsley Dried /Gewürze, getrocknete Petersilie",SPI-00-139374-5,SPI,0.04,grams
Sauce - Tuscan Shrimp Butter Sauce,SUB-013803-4-001,,,,"FA-DE Stock Concentrate, Mirepoix /Stammkonzentrat, Mirepoix",PRO-00-139287-5,PRO,0.71,grams
Sauce for Beef Stroganoff - 1/2 garlic- No wine,SUB-029908-4-001,,,,"FA-DE Mushroom, Button, Sliced, Washed /Pilz, Knopf, geschnitten, gewaschen",PHF-00-139206-3,PHF,25.41,grams
Sauce for Beef Stroganoff - 1/2 garlic- No wine,SUB-029908-4-001,,,,"FA-DE Onion, Green, Sliced 5mm /Zwiebel, grün, in Scheiben geschnitten, 5 mm",PHF-00-149803-3,PHF,2.83,grams
Sauce for Beef Stroganoff - 1/2 garlic- No wine,SUB-029908-4-001,,,,"FA-DE Garlic, IQF, Diced 4 mm /Knoblauch, IQF, gewürfelt 4 mm",PHF-00-139237-1,PHF,2.01,grams
Sauce for Beef Stroganoff - 1/2 garlic- No wine,SUB-029908-4-001,,,,"FA-DE Thyme, IQF /Thymian, IQF",PHF-00-139244-1,PHF,0.53,grams
Sauce for Beef Stroganoff - 1/2 garlic- No wine,SUB-029908-4-001,,,,"FA-DE Mustard, Dijon /Senf, Dijon",PRO-00-139276-5,PRO,1.74,grams
Sauce for Beef Stroganoff - 1/2 garlic- No wine,SUB-029908-4-001,,,,"FA-DE Cheese, Cream, 13% Fat (Milk) /Käse, Sahne, 13% Fett",DAI-00-139122-3,DAI,8.02,grams
Sauce for Beef Stroganoff - 1/2 garlic- No wine,SUB-029908-4-001,,,,FA-DE Heavy Cream 35% /Sahne 35%,DAI-00-148167-3,DAI,1.07,grams
Sauce for Beef Stroganoff - 1/2 garlic- No wine,SUB-029908-4-001,,,,"FA-DE Stock Concentrate, Classic Reduced Brown /Stammkonzentrat, klassisches, reduziertes Braun",PRO-00-139285-5,PRO,2.67,grams
Sauce for Beef Stroganoff - 1/2 garlic- No wine,SUB-029908-4-001,,,,"FA-DE Onion, Spanish, Diced 5mm /Zwiebel, Spanisch, gewürfelt 5 mm",PHF-00-139212-3,PHF,2.01,grams
Sauce for Beef Stroganoff - 1/2 garlic- No wine,SUB-029908-4-001,,,,"FA-DE Spice, Sea Salt /Gewürze, Meersalz",SPI-00-139378-5,SPI,0.15,grams
Sauce for Beef Stroganoff - 1/2 garlic- No wine,SUB-029908-4-001,,,,FA-DE Sour Cream /Sauerrahm,DAI-00-139141-3,DAI,8.02,grams
Sauce for Beef Stroganoff - 1/2 garlic- No wine,SUB-029908-4-001,,,,"FA-DE Oil, Olive /Öl, Olivenöl",PRO-00-139277-5,PRO,3.16,grams
Sauce for Beef Stroganoff - 1/2 garlic- No wine,SUB-029908-4-001,,,,"FA-DE Spice, Porcini Mushroom Powder /Gewürz, Steinpilzpulver",SPI-00-139375-5,SPI,0.4,grams
Sauce for Beef Stroganoff - 1/2 garlic- No wine,SUB-029908-4-001,,,,FA-DE Water / Wasser,OTH-00-144038-5,OTH,1.34,grams
Shredded Ranch Chicken (Loaded Bacon & Spinach),SUB-013487-4-001,DRY Ranch Seasoning,,,"FA-DE Chives, Dried /Schnittlauch, getrocknet",SPI-00-139322-5,SPI,0.15,grams
Shredded Ranch Chicken (Loaded Bacon & Spinach),SUB-013487-4-001,DRY Ranch Seasoning,,,"FA-DE Spice, Onion Granulated /Gewürze, Zwiebeln granuliert",SPI-00-139370-5,SPI,0.41,grams
Shredded Ranch Chicken (Loaded Bacon & Spinach),SUB-013487-4-001,DRY Ranch Seasoning,,,"FA-DE Spice, Buttermilk Powder/Gewürz, Buttermilchpulver",SPI-00-151139-5,SPI,2.24,grams
Shredded Ranch Chicken (Loaded Bacon & Spinach),SUB-013487-4-001,DRY Ranch Seasoning,,,"FA-DE Spice, Parsley Dried /Gewürze, getrocknete Petersilie",SPI-00-139374-5,SPI,0.06,grams
Shredded Ranch Chicken (Loaded Bacon & Spinach),SUB-013487-4-001,DRY Ranch Seasoning,,,"FA-DE Spice, Garlic Granulated /Gewürz, Knoblauch granuliert",SPI-00-139353-5,SPI,0.47,grams
Shredded Ranch Chicken (Loaded Bacon & Spinach),SUB-013487-4-001,DRY Ranch Seasoning,,,"FA-DE Spice, Black Pepper, Ground /Gewürz, schwarzer Pfeffer, gemahlen",SPI-00-139334-5,SPI,0.24,grams
Shredded Ranch Chicken (Loaded Bacon & Spinach),SUB-013487-4-001,DRY Ranch Seasoning,,,"FA-DE Spice, Dill Dried /Gewürz, Dill getrocknet",SPI-00-139349-5,SPI,0.15,grams
Shredded Ranch Chicken (Loaded Bacon & Spinach),SUB-013487-4-001,Chicken Thighs - BRINED,,,"FA-DE Spice, Sea Salt /Gewürze, Meersalz",SPI-00-139378-5,SPI,1.06,grams
Shredded Ranch Chicken (Loaded Bacon & Spinach),SUB-013487-4-001,Chicken Thighs - BRINED,,,"FA-DE Chicken, Thighs, Boneless Skinless /Hähnchen, Oberschenkel, ohne Knochen und ohne Haut",PTN-00-139343-3,PTN,120.56,grams
Shredded Ranch Chicken (Loaded Bacon & Spinach),SUB-013487-4-001,Chicken Thighs - BRINED,,,FA-DE Water / Wasser,OTH-00-144038-5,OTH,120.56,grams
Shredded Ranch Chicken (Loaded Bacon & Spinach),SUB-013487-4-001,,,,"FA-DE Oil, Olive /Öl, Olivenöl",PRO-00-139277-5,PRO,7.53,grams
Shredded Sous Vide Beef,SUB-013599-4-001,,,,"FA-DE Beef, Pulled, Sous Vide/Rindfleisch, Pulled, Sous Vide",PTN-00-139315-3,PTN,54430,grams
Smokehouse Ketchup,SUB-013422-4-001,,,,"FA-DE Spice, Black Pepper, Ground /Gewürz, schwarzer Pfeffer, gemahlen",SPI-00-139334-5,SPI,1.42,grams
Smokehouse Ketchup,SUB-013422-4-001,,,,FA-DE Honey /Honig – Masse,PRO-00-139266-5,PRO,163.01,grams
Smokehouse Ketchup,SUB-013422-4-001,,,,"FA-DE Garlic, IQF, Diced 4 mm /Knoblauch, IQF, gewürfelt 4 mm",PHF-00-139237-1,PHF,41.39,grams
Smokehouse Ketchup,SUB-013422-4-001,Concentrated Tomatoes- Diluted (90/10) (primo gusto/old california),,,"FA-DE Tomatoes, Concentrated Crushed /Tomaten, konzentriert, zerkleinert",PRO-00-139293-5,PRO,681.93,grams
Smokehouse Ketchup,SUB-013422-4-001,Concentrated Tomatoes- Diluted (90/10) (primo gusto/old california),,,FA-DE Water / Wasser,OTH-00-144038-5,OTH,76.14,grams
Smokehouse Ketchup,SUB-013422-4-001,,,,"FA-DE Oil, Olive /Öl, Olivenöl",PRO-00-139277-5,PRO,23.25,grams
Smokehouse Ketchup,SUB-013422-4-001,,,,"FA-DE Thyme, IQF /Thymian, IQF",PHF-00-139244-1,PHF,2.84,grams
Smokehouse Ketchup,SUB-013422-4-001,,,,"FA-DE Vinegar, Balsamic /Essig, Balsamico",PRO-00-139298-5,PRO,103.19,grams
Spice Pack Herb-Parmesan Butter (best),SUB-014167-4-001,,,,"FA-DE Spice, Sea Salt /Gewürze, Meersalz",SPI-00-139378-5,SPI,0.1,grams
Spice Pack Herb-Parmesan Butter (best),SUB-014167-4-001,,,,"FA-DE Chives, Dried /Schnittlauch, getrocknet",SPI-00-139322-5,SPI,0.08,grams
Spice Pack Herb-Parmesan Butter (best),SUB-014167-4-001,,,,"FA-DE Cheese, Parmesan, Grated /Käse, Parmesan, gerieben",DAI-00-139127-3,DAI,2.24,grams
Spice Pack Herb-Parmesan Butter (best),SUB-014167-4-001,,,,"FA-DE Spice, Black Pepper, Ground /Gewürz, schwarzer Pfeffer, gemahlen",SPI-00-139334-5,SPI,0.1,grams
Spice Pack Herb-Parmesan Butter (best),SUB-014167-4-001,,,,"FA-DE Spice, Parsley Dried /Gewürze, getrocknete Petersilie",SPI-00-139374-5,SPI,0.08,grams
Spinach - Creamed Spinach,SUB-013867-4-001,,,,"FA-DE Spice, Sea Salt /Gewürze, Meersalz",SPI-00-139378-5,SPI,0.12,grams
Spinach - Creamed Spinach,SUB-013867-4-001,,,,"FA-DE Onion, Spanish, Diced 5mm /Zwiebel, Spanisch, gewürfelt 5 mm",PHF-00-139212-3,PHF,10.55,grams
Spinach - Creamed Spinach,SUB-013867-4-001,,,,"FA-DE Cheese, Parmesan, Grated /Käse, Parmesan, gerieben",DAI-00-139127-3,DAI,7.91,grams
Spinach - Creamed Spinach,SUB-013867-4-001,Thawed & Squeezed Frozen Spinach,,,"FA-DE Spinach, Frozen Leaf/Spinat, gefrorener Blattspinat",PHF-00-139242-1,PHF,77.88,grams
Spinach - Creamed Spinach,SUB-013867-4-001,,,,"FA-DE Oil, Olive /Öl, Olivenöl",PRO-00-139277-5,PRO,2.64,grams
Spinach - Creamed Spinach,SUB-013867-4-001,,,,"FA-DE Cheese, Cream, 13% Fat (Milk) /Käse, Sahne, 13% Fett",DAI-00-139122-3,DAI,34.02,grams
Spinach - Creamed Spinach,SUB-013867-4-001,,,,"FA-DE Garlic, IQF, Diced 4 mm /Knoblauch, IQF, gewürfelt 4 mm",PHF-00-139237-1,PHF,2.64,grams
Steamed Cauliflower Rice,SUB-029075-4-001,,,,"FA-DE Cauliflower, Riced, IQF /Blumenkohl, Reis, IQF",PHF-00-139233-1,PHF,75.82,grams
Steamed Cream Cheese,SUB-013481-4-001,,,,"FA-DE Cheese, Cream, 13% Fat (Milk) /Käse, Sahne, 13% Fett",DAI-00-139122-3,DAI,4.67,grams
"Steamed Kale - 1/2""diced",SUB-013786-4-001,,,,"FA-DE Kale, Shredded 5mm /Grünkohl, geschreddert, 5 mm",PHF-00-139203-3,PHF,4540,grams
Sun-Dried Tomato + Basil Puree,SUB-029076-4-001,,,,FA-DE Water / Wasser,OTH-00-144038-5,OTH,45340,grams
Sun-Dried Tomato + Basil Puree,SUB-029076-4-001,Basil - Picked Basil Leaves,,,"FA-DE Basil, Fresh /Basilikum, frisch",PHF-00-139175-3,PHF,8305.66,grams
Sun-Dried Tomato + Basil Puree,SUB-029076-4-001,,,,"FA-DE Tomatoes, Sun - Dried Julienned /Tomaten, sonnengetrocknete Julienne",PRO-00-139296-5,PRO,45340,grams
Thawed & Squeezed Frozen Spinach,SUB-013405-4-001,,,,"FA-DE Spinach, Frozen Leaf/Spinat, gefrorener Blattspinat",PHF-00-139242-1,PHF,2310,grams
Toasted Sliced Almonds,SUB-013495-4-001,,,,"FA-DE Almond, Sliced, Blanched /Mandeln, geschnitten, blanchiert",SPI-00-139147-5,SPI,65.2,grams
Toasted garlic cream,SUB-015142-4-001,,,,"FA-DE Milk, Whole /Milch, voll",DAI-00-139142-3,DAI,24.1,grams
Toasted garlic cream,SUB-015142-4-001,,,,"FA-DE Spice, Garlic Powder, Toasted /Gewürz, Knoblauchpulver, geröstet",SPI-00-139354-5,SPI,0.85,grams
Toasted garlic cream,SUB-015142-4-001,,,,"FA-DE Cheese, Cream, 13% Fat (Milk) /Käse, Sahne, 13% Fett",DAI-00-139122-3,DAI,19.85,grams
Toasted garlic cream,SUB-015142-4-001,,,,"FA-DE Spice, Sea Salt /Gewürze, Meersalz",SPI-00-139378-5,SPI,0.25,grams
Toasted garlic cream,SUB-015142-4-001,,,,"FA-DE Spice, Minced Garlic, Toasted, Dry /Gewürz, gehackter Knoblauch, geröstet, trocken",SPI-00-139367-5,SPI,0.85,grams
Toasted garlic cream,SUB-015142-4-001,,,,"FA-DE Cheese, Parmesan, Grated /Käse, Parmesan, gerieben",DAI-00-139127-3,DAI,11.34,grams
Toasted garlic cream,SUB-015142-4-001,,,,"FA-DE Spice, Black Pepper, Ground /Gewürz, schwarzer Pfeffer, gemahlen",SPI-00-139334-5,SPI,0.1,grams
Toasted garlic cream,SUB-015142-4-001,,,,"FA-DE Chives, Dried /Schnittlauch, getrocknet",SPI-00-139322-5,SPI,0.57,grams
Toasted garlic cream,SUB-015142-4-001,,,,"FA-DE Spice, Onion Powder, Toasted /Gewürze, Zwiebelpulver, geröstet",SPI-00-139371-5,SPI,0.57,grams
Toasted garlic cream,SUB-015142-4-001,,,,FA-DE Heavy Cream 20% /Sahne 20%,DAI-00-139137-3,DAI,8.51,grams
Toasted garlic cream,SUB-015142-4-001,,,,"FA-DE Stock, Chicken, Reduced/Brühe, Huhn, Reduziert",PRO-00-139288-5,PRO,2.27,grams
Tomatoes - Roasted cherry tomatoes,SUB-013627-4-001,,,,"FA-DE Tomatoes, Cherry/Tomaten, Kirsche",PHF-00-139190-3,PHF,850.49,grams
Tomatoes - Roasted cherry tomatoes,SUB-013627-4-001,,,,"FA-DE Spice, Sea Salt /Gewürze, Meersalz",SPI-00-139378-5,SPI,0.28,grams
Tomatoes - Roasted cherry tomatoes,SUB-013627-4-001,,,,"FA-DE Oil, Olive /Öl, Olivenöl",PRO-00-139277-5,PRO,8.5,grams
Tuscan Marinade - No salt,SUB-031711-4-002,,,,"FA-DE Oil, Olive /Öl, Olivenöl",PRO-00-139277-5,PRO,7.44,grams
Tuscan Marinade - No salt,SUB-031711-4-002,,,,"FA-DE Garlic, IQF, Diced 4 mm /Knoblauch, IQF, gewürfelt 4 mm",PHF-00-139237-1,PHF,1.98,grams
Tuscan Marinade - No salt,SUB-031711-4-002,Tuscan Spice,,,"FA-DE Spice, Fennel Ground /Gewürz, Fenchel gemahlen",SPI-00-139351-5,SPI,0.1,grams
Tuscan Marinade - No salt,SUB-031711-4-002,Tuscan Spice,,,"FA-DE Spice, Basil, Dried /Gewürz, Basilikum, getrocknet",SPI-00-139331-5,SPI,0.31,grams
Tuscan Marinade - No salt,SUB-031711-4-002,Tuscan Spice,,,"FA-DE Spice, Cayenne Pepper /Gewürz, Cayennepfeffer",SPI-00-139339-5,SPI,0.05,grams
Tuscan Marinade - No salt,SUB-031711-4-002,Tuscan Spice,,,"FA-DE Spice, Oregano Dry /Gewürz, Oregano trocken",SPI-00-139372-5,SPI,0.21,grams
Tuscan Marinade - No salt,SUB-031711-4-002,Tuscan Spice,,,"FA-DE Spice, Rosemary, Powder /Gewürz, Rosmarin, Pulver",SPI-00-139376-5,SPI,0.21,grams
Tuscan Marinade - No salt,SUB-031711-4-002,Tuscan Spice,,,"FA-DE Spice, Garlic Granulated /Gewürz, Knoblauch granuliert",SPI-00-139353-5,SPI,0.31,grams
Tuscan Marinade - No salt,SUB-031711-4-002,,,,"FA-DE Spice, Black Pepper, Ground /Gewürz, schwarzer Pfeffer, gemahlen",SPI-00-139334-5,SPI,0.16,grams
Tuscan Shrimp batch,SUB-013801-4-001,,,,FA-DE Prawns 21/25 /Garnelen 21/25 - IQF,PTN-00-139321-1,PTN,158.76,grams
Tuscan Shrimp batch,SUB-013801-4-001,Tuscan Marinade - No salt,,,"FA-DE Oil, Olive /Öl, Olivenöl",PRO-00-139277-5,PRO,8.84,grams
Tuscan Shrimp batch,SUB-013801-4-001,Tuscan Marinade - No salt,,,"FA-DE Garlic, IQF, Diced 4 mm /Knoblauch, IQF, gewürfelt 4 mm",PHF-00-139237-1,PHF,2.35,grams
Tuscan Shrimp batch,SUB-013801-4-001,Tuscan Marinade - No salt,Tuscan Spice,,"FA-DE Spice, Fennel Ground /Gewürz, Fenchel gemahlen",SPI-00-139351-5,SPI,0.12,grams
Tuscan Shrimp batch,SUB-013801-4-001,Tuscan Marinade - No salt,Tuscan Spice,,"FA-DE Spice, Basil, Dried /Gewürz, Basilikum, getrocknet",SPI-00-139331-5,SPI,0.37,grams
Tuscan Shrimp batch,SUB-013801-4-001,Tuscan Marinade - No salt,Tuscan Spice,,"FA-DE Spice, Cayenne Pepper /Gewürz, Cayennepfeffer",SPI-00-139339-5,SPI,0.06,grams
Tuscan Shrimp batch,SUB-013801-4-001,Tuscan Marinade - No salt,Tuscan Spice,,"FA-DE Spice, Oregano Dry /Gewürz, Oregano trocken",SPI-00-139372-5,SPI,0.25,grams
Tuscan Shrimp batch,SUB-013801-4-001,Tuscan Marinade - No salt,Tuscan Spice,,"FA-DE Spice, Rosemary, Powder /Gewürz, Rosmarin, Pulver",SPI-00-139376-5,SPI,0.25,grams
Tuscan Shrimp batch,SUB-013801-4-001,Tuscan Marinade - No salt,Tuscan Spice,,"FA-DE Spice, Garlic Granulated /Gewürz, Knoblauch granuliert",SPI-00-139353-5,SPI,0.37,grams
Tuscan Shrimp batch,SUB-013801-4-001,Tuscan Marinade - No salt,,,"FA-DE Spice, Black Pepper, Ground /Gewürz, schwarzer Pfeffer, gemahlen",SPI-00-139334-5,SPI,0.19,grams
Tuscan Spice,SUB-013784-4-001,,,,"FA-DE Spice, Fennel Ground /Gewürz, Fenchel gemahlen",SPI-00-139351-5,SPI,2.84,grams
Tuscan Spice,SUB-013784-4-001,,,,"FA-DE Spice, Basil, Dried /Gewürz, Basilikum, getrocknet",SPI-00-139331-5,SPI,8.5,grams
Tuscan Spice,SUB-013784-4-001,,,,"FA-DE Spice, Cayenne Pepper /Gewürz, Cayennepfeffer",SPI-00-139339-5,SPI,1.42,grams
Tuscan Spice,SUB-013784-4-001,,,,"FA-DE Spice, Oregano Dry /Gewürz, Oregano trocken",SPI-00-139372-5,SPI,5.67,grams
Tuscan Spice,SUB-013784-4-001,,,,"FA-DE Spice, Rosemary, Powder /Gewürz, Rosmarin, Pulver",SPI-00-139376-5,SPI,5.67,grams
Tuscan Spice,SUB-013784-4-001,,,,"FA-DE Spice, Garlic Granulated /Gewürz, Knoblauch granuliert",SPI-00-139353-5,SPI,8.5,grams
"Zucchini/Pepper/Onion Mix for Tuscan Shrimp - 1/2"" Diced",SUB-013802-4-001,,,,"FA-DE Onion, Red, Diced 10mm/Zwiebeln, rot, gewürfelt, 10 mm",PHF-00-139216-3,PHF,12.76,grams
"Zucchini/Pepper/Onion Mix for Tuscan Shrimp - 1/2"" Diced",SUB-013802-4-001,Tuscan Spice,,,"FA-DE Spice, Fennel Ground /Gewürz, Fenchel gemahlen",SPI-00-139351-5,SPI,0.05,grams
"Zucchini/Pepper/Onion Mix for Tuscan Shrimp - 1/2"" Diced",SUB-013802-4-001,Tuscan Spice,,,"FA-DE Spice, Basil, Dried /Gewürz, Basilikum, getrocknet",SPI-00-139331-5,SPI,0.15,grams
"Zucchini/Pepper/Onion Mix for Tuscan Shrimp - 1/2"" Diced",SUB-013802-4-001,Tuscan Spice,,,"FA-DE Spice, Cayenne Pepper /Gewürz, Cayennepfeffer",SPI-00-139339-5,SPI,0.03,grams
"Zucchini/Pepper/Onion Mix for Tuscan Shrimp - 1/2"" Diced",SUB-013802-4-001,Tuscan Spice,,,"FA-DE Spice, Oregano Dry /Gewürz, Oregano trocken",SPI-00-139372-5,SPI,0.1,grams
"Zucchini/Pepper/Onion Mix for Tuscan Shrimp - 1/2"" Diced",SUB-013802-4-001,Tuscan Spice,,,"FA-DE Spice, Rosemary, Powder /Gewürz, Rosmarin, Pulver",SPI-00-139376-5,SPI,0.1,grams
"Zucchini/Pepper/Onion Mix for Tuscan Shrimp - 1/2"" Diced",SUB-013802-4-001,Tuscan Spice,,,"FA-DE Spice, Garlic Granulated /Gewürz, Knoblauch granuliert",SPI-00-139353-5,SPI,0.15,grams
"Zucchini/Pepper/Onion Mix for Tuscan Shrimp - 1/2"" Diced",SUB-013802-4-001,,,,"FA-DE Oil, Olive /Öl, Olivenöl",PRO-00-139277-5,PRO,2.83,grams
"Zucchini/Pepper/Onion Mix for Tuscan Shrimp - 1/2"" Diced",SUB-013802-4-001,,,,"FA-DE Zucchini, Diced 10mm /Zucchini, gewürfelt 10 mm",PHF-00-139229-3,PHF,73.71,grams
"Zucchini/Pepper/Onion Mix for Tuscan Shrimp - 1/2"" Diced",SUB-013802-4-001,,,,"FA-DE Spice, Sea Salt /Gewürze, Meersalz",SPI-00-139378-5,SPI,0.24,grams
"Zucchini/Pepper/Onion Mix for Tuscan Shrimp - 1/2"" Diced",SUB-013802-4-001,,,,"FA-DE Bell Peppers, Red, Diced 10mm /Paprika, rot, gewürfelt 10 mm",PHF-00-139179-3,PHF,18.99,grams
