Recipe Name,Recipe ID,Sub-Recipe 1 Name,Sub-Recipe 1 ID,Sub-Recipe 1 Quantity,Sub-Recipe 1 UOM,Sub-Recipe 1 Recipe Categories,Sub-Recipe 2 Name,Sub-Recipe 2 ID,Sub-Recipe 2 Quantity,Sub-Recipe 2 UOM,Sub-Recipe 2 Recipe Categories,Sub-Recipe 3 Name,Sub-Recipe 3 ID,Sub-Recipe 3 Quantity,Sub-Recipe 3 UOM,Sub-Recipe 3 Recipe Categories,Sub-Recipe 4 Name,Sub-Recipe 4 ID,Sub-Recipe 4 Quantity,Sub-Recipe 4 UOM,Sub-Recipe 4 Recipe Categories,Ingredient,Ingredient ID,Gross Ingredient Qty,Net Ingredient Qty,Ingredient UOM,Ingredient Allergen Type,Sub Allergen Type,Sub-Recipe Yield %,Qty Converted to Weight,Qty Unit
Aji Verde Sauce 3 (CUPPED) NO MAYO,SUB-029904-4-001,,,,,,,,,,,,,,,,,,,,,FA-DE Sour Cream /Sauerrahm,DAI-00-139141-3,15.95,15.95,grams,MILCH (EINSCHLIESSLICH LAKTOSE),,,15.95,grams
Aji Verde Sauce 3 (CUPPED) NO MAYO,SUB-029904-4-001,,,,,,,,,,,,,,,,,,,,,"FA-DE Coriander, Chopped /Koriander, gehackt",PHF-00-139192-3,4.42,4.42,grams,,,,4.42,grams
Aji Verde Sauce 3 (CUPPED) NO MAYO,SUB-029904-4-001,,,,,,,,,,,,,,,,,,,,,"FA-DE Juice, Lime /Saft, Limette",PRO-00-139268-5,4.03,4.03,grams,,,,4.03,grams
Aji Verde Sauce 3 (CUPPED) NO MAYO,SUB-029904-4-001,,,,,,,,,,,,,,,,,,,,,"FA-DE Oil, Olive /Öl, Olivenöl",PRO-00-139277-5,2.84,2.84,grams,,,,2.84,grams
Aji Verde Sauce 3 (CUPPED) NO MAYO,SUB-029904-4-001,"Roasted Diced Jalapenos, Garlic and (less)Cilantro",SUB-029030-4-001,2.13,grams,OVEN,,,,,,,,,,,,,,,,"FA-DE Jalapeno Peppers, Diced 5mm /Jalapeno-Paprikaschoten, gewürfelt, 5 mm",PHF-00-139201-3,0.64,0.64,grams,,,0.74482,0.64,grams
Aji Verde Sauce 3 (CUPPED) NO MAYO,SUB-029904-4-001,"Roasted Diced Jalapenos, Garlic and (less)Cilantro",SUB-029030-4-001,2.13,grams,OVEN,,,,,,,,,,,,,,,,"FA-DE Garlic, IQF, Diced 4 mm /Knoblauch, IQF, gewürfelt 4 mm",PHF-00-139237-1,0.64,0.64,grams,SCHWEFELDIOXIDE UND SULFITE,,0.74482,0.64,grams
Aji Verde Sauce 3 (CUPPED) NO MAYO,SUB-029904-4-001,"Roasted Diced Jalapenos, Garlic and (less)Cilantro",SUB-029030-4-001,2.13,grams,OVEN,,,,,,,,,,,,,,,,"FA-DE Coriander, Chopped /Koriander, gehackt",PHF-00-139192-3,1.59,1.59,grams,,,0.74482,1.59,grams
Aji Verde Sauce 3 (CUPPED) NO MAYO,SUB-029904-4-001,,,,,,,,,,,,,,,,,,,,,"FA-DE Spice, Minced Garlic, Toasted, Dry /Gewürz, gehackter Knoblauch, geröstet, trocken",SPI-00-139367-5,1.42,1.42,grams,,,,1.42,grams
Aji Verde Sauce 3 (CUPPED) NO MAYO,SUB-029904-4-001,,,,,,,,,,,,,,,,,,,,,"FA-DE Spice, Sea Salt /Gewürze, Meersalz",SPI-00-139378-5,0.2,0.2,grams,,,,0.2,grams
Aji Verde Sauce 3 (CUPPED) NO MAYO,SUB-029904-4-001,,,,,,,,,,,,,,,,,,,,,"FA-DE Spice, Garlic Granulated /Gewürz, Knoblauch granuliert",SPI-00-139353-5,0.12,0.12,grams,,,,0.12,grams
Aji Verde Sauce 3 (CUPPED) NO MAYO,SUB-029904-4-001,,,,,,,,,,,,,,,,,,,,,"FA-DE Spice, Jalapeno Powder /Gewürz, Jalapeno-Pulver",SPI-00-139360-5,0.07,0.07,grams,,,,0.07,grams
Basil - Picked Basil Leaves,SUB-013424-4-001,,,,,,,,,,,,,,,,,,,,,"FA-DE Basil, Fresh /Basilikum, frisch",PHF-00-139175-3,2840,2840,grams,,,,2840,grams
Basil Kill Step,SUB-024331-4-001,Basil - Picked Basil Leaves,SUB-013424-4-001,1000,grams,"DEBOX, STAGING",,,,,,,,,,,,,,,,"FA-DE Basil, Fresh /Basilikum, frisch",PHF-00-139175-3,1786.16,1786.16,grams,,,0.55986,1786.16,grams
Beef Burger Master EU,SUB-031776-4-001,Burger Patty,SUB-031783-4-001,194,grams,"BLAST CHILLER, HORIZONTAL MIXER, OVEN, PATTY MAKER",,,,,,,,,,,,,,,,"FA-DE Beef, Ground, 80/20 /Rindfleisch, gemahlen, 80/20",PTN-00-139319-3,161.44,161.44,grams,,,0.97143,161.44,grams
Beef Burger Master EU,SUB-031776-4-001,Burger Patty,SUB-031783-4-001,194,grams,"BLAST CHILLER, HORIZONTAL MIXER, OVEN, PATTY MAKER",Cooked Burger Veggies,SUB-031784-4-001,21.52,grams,"BLAST CHILLER, BRAISER, SPICE PORTIONING",,,,,,,,,,,"FA-DE Onion, Spanish, Diced 5mm /Zwiebel, Spanisch, gewürfelt 5 mm",PHF-00-139212-3,7.94,7.94,grams,,,0.94991,7.94,grams
Beef Burger Master EU,SUB-031776-4-001,Burger Patty,SUB-031783-4-001,194,grams,"BLAST CHILLER, HORIZONTAL MIXER, OVEN, PATTY MAKER",Cooked Burger Veggies,SUB-031784-4-001,21.52,grams,"BLAST CHILLER, BRAISER, SPICE PORTIONING",,,,,,,,,,,"FA-DE Garlic, IQF, Diced 4 mm /Knoblauch, IQF, gewürfelt 4 mm",PHF-00-139237-1,4.54,4.54,grams,SCHWEFELDIOXIDE UND SULFITE,,0.94991,4.54,grams
Beef Burger Master EU,SUB-031776-4-001,Burger Patty,SUB-031783-4-001,194,grams,"BLAST CHILLER, HORIZONTAL MIXER, OVEN, PATTY MAKER",Cooked Burger Veggies,SUB-031784-4-001,21.52,grams,"BLAST CHILLER, BRAISER, SPICE PORTIONING",,,,,,,,,,,"FA-DE Oil, Olive /Öl, Olivenöl",PRO-00-139277-5,3.03,3.03,grams,,,0.94991,3.03,grams
Beef Burger Master EU,SUB-031776-4-001,Burger Patty,SUB-031783-4-001,194,grams,"BLAST CHILLER, HORIZONTAL MIXER, OVEN, PATTY MAKER",Cooked Burger Veggies,SUB-031784-4-001,21.52,grams,"BLAST CHILLER, BRAISER, SPICE PORTIONING",,,,,,,,,,,"FA-DE Spice, Garlic Granulated /Gewürz, Knoblauch granuliert",SPI-00-139353-5,2.27,2.27,grams,,,0.94991,2.27,grams
Beef Burger Master EU,SUB-031776-4-001,Burger Patty,SUB-031783-4-001,194,grams,"BLAST CHILLER, HORIZONTAL MIXER, OVEN, PATTY MAKER",Cooked Burger Veggies,SUB-031784-4-001,21.52,grams,"BLAST CHILLER, BRAISER, SPICE PORTIONING",,,,,,,,,,,"FA-DE Spice, Onion Granulated /Gewürze, Zwiebeln granuliert",SPI-00-139370-5,4.54,4.54,grams,,,0.94991,4.54,grams
Beef Burger Master EU,SUB-031776-4-001,Burger Patty,SUB-031783-4-001,194,grams,"BLAST CHILLER, HORIZONTAL MIXER, OVEN, PATTY MAKER",Cooked Burger Veggies,SUB-031784-4-001,21.52,grams,"BLAST CHILLER, BRAISER, SPICE PORTIONING",,,,,,,,,,,"FA-DE Spice, Sea Salt /Gewürze, Meersalz",SPI-00-139378-5,0.33,0.33,grams,,,0.94991,0.33,grams
Beef Burger Master EU,SUB-031776-4-001,Burger Patty,SUB-031783-4-001,194,grams,"BLAST CHILLER, HORIZONTAL MIXER, OVEN, PATTY MAKER",Burger Stock,SUB-031810-4-001,16.75,grams,IMMERSION BLENDER,,,,,,,,,,,FA-DE Water / Wasser,OTH-00-144038-5,15.28,15.28,grams,,,0.98807,15.28,grams
Beef Burger Master EU,SUB-031776-4-001,Burger Patty,SUB-031783-4-001,194,grams,"BLAST CHILLER, HORIZONTAL MIXER, OVEN, PATTY MAKER",Burger Stock,SUB-031810-4-001,16.75,grams,IMMERSION BLENDER,,,,,,,,,,,"FA-DE Stock, Chicken, Reduced/Brühe, Huhn, Reduziert",PRO-00-139288-5,1.09,1.09,grams,,,0.98807,1.09,grams
Beef Burger Master EU,SUB-031776-4-001,Burger Patty,SUB-031783-4-001,194,grams,"BLAST CHILLER, HORIZONTAL MIXER, OVEN, PATTY MAKER",Burger Stock,SUB-031810-4-001,16.75,grams,IMMERSION BLENDER,,,,,,,,,,,"FA-DE Spice, Sea Salt /Gewürze, Meersalz",SPI-00-139378-5,0.58,0.58,grams,,,0.98807,0.58,grams
Black Bean Enchilada Mix,SUB-013916-4-001,Sauce - Red Chili Sauce - Vegetarian,SUB-013614-4-001,566.99,grams,"BLAST CHILLER, BRAISER, IMMERSION BLENDER, SPICE PORTIONING",,,,,,,,,,,,,,,,"FA-DE Coriander, Chopped /Koriander, gehackt",PHF-00-139192-3,30.9,30.9,grams,,,0.8673,30.9,grams
Black Bean Enchilada Mix,SUB-013916-4-001,Sauce - Red Chili Sauce - Vegetarian,SUB-013614-4-001,566.99,grams,"BLAST CHILLER, BRAISER, IMMERSION BLENDER, SPICE PORTIONING",,,,,,,,,,,,,,,,"FA-DE Spice, Guajillo Peppers, Ground /Gewürze, Guajillo-Paprikaschoten, gemahlen",SPI-00-139358-5,7.65,7.65,grams,,,0.8673,7.65,grams
Black Bean Enchilada Mix,SUB-013916-4-001,Sauce - Red Chili Sauce - Vegetarian,SUB-013614-4-001,566.99,grams,"BLAST CHILLER, BRAISER, IMMERSION BLENDER, SPICE PORTIONING",,,,,,,,,,,,,,,,"FA-DE Spice, Smoked Paprika /Gewürz, geräucherter Paprika",SPI-00-139383-5,1.42,1.42,grams,,,0.8673,1.42,grams
Black Bean Enchilada Mix,SUB-013916-4-001,Sauce - Red Chili Sauce - Vegetarian,SUB-013614-4-001,566.99,grams,"BLAST CHILLER, BRAISER, IMMERSION BLENDER, SPICE PORTIONING",,,,,,,,,,,,,,,,FA-DE Tomato Paste /Tomatenmark,PRO-00-139292-5,130.97,130.97,grams,,,0.8673,130.97,grams
Black Bean Enchilada Mix,SUB-013916-4-001,Sauce - Red Chili Sauce - Vegetarian,SUB-013614-4-001,566.99,grams,"BLAST CHILLER, BRAISER, IMMERSION BLENDER, SPICE PORTIONING",,,,,,,,,,,,,,,,"FA-DE Onion, Spanish, Diced 5mm /Zwiebel, Spanisch, gewürfelt 5 mm",PHF-00-139212-3,100.07,100.07,grams,,,0.8673,100.07,grams
Black Bean Enchilada Mix,SUB-013916-4-001,Sauce - Red Chili Sauce - Vegetarian,SUB-013614-4-001,566.99,grams,"BLAST CHILLER, BRAISER, IMMERSION BLENDER, SPICE PORTIONING",,,,,,,,,,,,,,,,"FA-DE Spice, Oregano Dry /Gewürz, Oregano trocken",SPI-00-139372-5,1.42,1.42,grams,,,0.8673,1.42,grams
Black Bean Enchilada Mix,SUB-013916-4-001,Sauce - Red Chili Sauce - Vegetarian,SUB-013614-4-001,566.99,grams,"BLAST CHILLER, BRAISER, IMMERSION BLENDER, SPICE PORTIONING",,,,,,,,,,,,,,,,"FA-DE Oil, Olive /Öl, Olivenöl",PRO-00-139277-5,38.56,38.56,grams,,,0.8673,38.56,grams
Black Bean Enchilada Mix,SUB-013916-4-001,Sauce - Red Chili Sauce - Vegetarian,SUB-013614-4-001,566.99,grams,"BLAST CHILLER, BRAISER, IMMERSION BLENDER, SPICE PORTIONING",,,,,,,,,,,,,,,,"FA-DE Spice, Garlic Granulated /Gewürz, Knoblauch granuliert",SPI-00-139353-5,1.42,1.42,grams,,,0.8673,1.42,grams
Black Bean Enchilada Mix,SUB-013916-4-001,Sauce - Red Chili Sauce - Vegetarian,SUB-013614-4-001,566.99,grams,"BLAST CHILLER, BRAISER, IMMERSION BLENDER, SPICE PORTIONING",,,,,,,,,,,,,,,,FA-DE Water / Wasser,OTH-00-144038-5,208.09,208.09,grams,,,0.8673,208.09,grams
Black Bean Enchilada Mix,SUB-013916-4-001,Sauce - Red Chili Sauce - Vegetarian,SUB-013614-4-001,566.99,grams,"BLAST CHILLER, BRAISER, IMMERSION BLENDER, SPICE PORTIONING",,,,,,,,,,,,,,,,"FA-DE Spice, Brown Chipotle Chile Powder /Gewürz, braunes Chipotle-Chili-Pulver",SPI-00-139335-5,2.27,2.27,grams,,,0.8673,2.27,grams
Black Bean Enchilada Mix,SUB-013916-4-001,Sauce - Red Chili Sauce - Vegetarian,SUB-013614-4-001,566.99,grams,"BLAST CHILLER, BRAISER, IMMERSION BLENDER, SPICE PORTIONING",,,,,,,,,,,,,,,,"FA-DE Spice, Cumin Ground /Gewürz, gemahlener Kreuzkümmel",SPI-00-139345-5,4.54,4.54,grams,,,0.8673,4.54,grams
Black Bean Enchilada Mix,SUB-013916-4-001,Sauce - Red Chili Sauce - Vegetarian,SUB-013614-4-001,566.99,grams,"BLAST CHILLER, BRAISER, IMMERSION BLENDER, SPICE PORTIONING",,,,,,,,,,,,,,,,"FA-DE Spice, Ancho Chili Powder /Gewürz, Ancho-Chili-Pulver",SPI-00-139329-5,7.65,7.65,grams,,,0.8673,7.65,grams
Black Bean Enchilada Mix,SUB-013916-4-001,Sauce - Red Chili Sauce - Vegetarian,SUB-013614-4-001,566.99,grams,"BLAST CHILLER, BRAISER, IMMERSION BLENDER, SPICE PORTIONING",,,,,,,,,,,,,,,,"FA-DE Spice, Sea Salt /Gewürze, Meersalz",SPI-00-139378-5,3.12,3.12,grams,,,0.8673,3.12,grams
Black Bean Enchilada Mix,SUB-013916-4-001,Sauce - Red Chili Sauce - Vegetarian,SUB-013614-4-001,566.99,grams,"BLAST CHILLER, BRAISER, IMMERSION BLENDER, SPICE PORTIONING",,,,,,,,,,,,,,,,"FA-DE Bell Peppers, Green, Diced 10mm /Paprika, grün, gewürfelt 10 mm",PHF-00-139176-3,53.86,53.86,grams,,,0.8673,53.86,grams
Black Bean Enchilada Mix,SUB-013916-4-001,Sauce - Red Chili Sauce - Vegetarian,SUB-013614-4-001,566.99,grams,"BLAST CHILLER, BRAISER, IMMERSION BLENDER, SPICE PORTIONING",,,,,,,,,,,,,,,,"FA-DE Garlic, IQF, Diced 4 mm /Knoblauch, IQF, gewürfelt 4 mm",PHF-00-139237-1,23.25,23.25,grams,SCHWEFELDIOXIDE UND SULFITE,,0.8673,23.25,grams
Black Bean Enchilada Mix,SUB-013916-4-001,Sauce - Red Chili Sauce - Vegetarian,SUB-013614-4-001,566.99,grams,"BLAST CHILLER, BRAISER, IMMERSION BLENDER, SPICE PORTIONING",,,,,,,,,,,,,,,,"FA-DE Vinegar, Apple Cider /Essig, Apfelwein",PRO-00-139299-5,38.56,38.56,grams,,,0.8673,38.56,grams
Black Bean Enchilada Mix,SUB-013916-4-001,Mixed veg - Black Bean Veg for Enchilada Bowl,SUB-013915-4-001,566.99,grams,"BLAST CHILLER, OVEN",,,,,,,,,,,,,,,,"FA-DE Oil, Olive /Öl, Olivenöl",PRO-00-139277-5,24.95,24.95,grams,,,0.75709,24.95,grams
Black Bean Enchilada Mix,SUB-013916-4-001,Mixed veg - Black Bean Veg for Enchilada Bowl,SUB-013915-4-001,566.99,grams,"BLAST CHILLER, OVEN",,,,,,,,,,,,,,,,"FA-DE Spice, Sea Salt /Gewürze, Meersalz",SPI-00-139378-5,2.27,2.27,grams,,,0.75709,2.27,grams
Black Bean Enchilada Mix,SUB-013916-4-001,Mixed veg - Black Bean Veg for Enchilada Bowl,SUB-013915-4-001,566.99,grams,"BLAST CHILLER, OVEN",,,,,,,,,,,,,,,,"FA-DE Beans, Black, Low Sodium, Aseptic /Bohnen, schwarz, natriumarm, aseptisch",PRO-00-139255-5,667.42,467.19,grams,,,0.75709,467.19,grams
Black Bean Enchilada Mix,SUB-013916-4-001,Mixed veg - Black Bean Veg for Enchilada Bowl,SUB-013915-4-001,566.99,grams,"BLAST CHILLER, OVEN",,,,,,,,,,,,,,,,"FA-DE Bell Peppers, Red, Diced 10mm /Paprika, rot, gewürfelt 10 mm",PHF-00-139179-3,49.9,49.9,grams,,,0.75709,49.9,grams
Black Bean Enchilada Mix,SUB-013916-4-001,Mixed veg - Black Bean Veg for Enchilada Bowl,SUB-013915-4-001,566.99,grams,"BLAST CHILLER, OVEN",,,,,,,,,,,,,,,,"FA-DE Spice, Chili Powder /Gewürz, Chilipulver",SPI-00-139340-5,2.27,2.27,grams,,,0.75709,2.27,grams
Black Bean Enchilada Mix,SUB-013916-4-001,Mixed veg - Black Bean Veg for Enchilada Bowl,SUB-013915-4-001,566.99,grams,"BLAST CHILLER, OVEN",,,,,,,,,,,,,,,,"FA-DE Garlic, IQF, Diced 4 mm /Knoblauch, IQF, gewürfelt 4 mm",PHF-00-139237-1,23.25,23.25,grams,SCHWEFELDIOXIDE UND SULFITE,,0.75709,23.25,grams
Black Bean Enchilada Mix,SUB-013916-4-001,Mixed veg - Black Bean Veg for Enchilada Bowl,SUB-013915-4-001,566.99,grams,"BLAST CHILLER, OVEN",,,,,,,,,,,,,,,,"FA-DE Bell Peppers, Green, Diced 10mm /Paprika, grün, gewürfelt 10 mm",PHF-00-139176-3,98,98,grams,,,0.75709,98,grams
Black Bean Enchilada Mix,SUB-013916-4-001,Mixed veg - Black Bean Veg for Enchilada Bowl,SUB-013915-4-001,566.99,grams,"BLAST CHILLER, OVEN",,,,,,,,,,,,,,,,"FA-DE Spice, Cumin Ground /Gewürz, gemahlener Kreuzkümmel",SPI-00-139345-5,3.12,3.12,grams,,,0.75709,3.12,grams
Black Bean Enchilada Mix,SUB-013916-4-001,Mixed veg - Black Bean Veg for Enchilada Bowl,SUB-013915-4-001,566.99,grams,"BLAST CHILLER, OVEN",,,,,,,,,,,,,,,,"FA-DE Onion, Spanish, Diced 5mm /Zwiebel, Spanisch, gewürfelt 5 mm",PHF-00-139212-3,77.96,77.96,grams,,,0.75709,77.96,grams
Broccoli - Roasted S&P,SUB-016200-4-001,,,,,,,,,,,,,,,,,,,,,"FA-DE Spice, Black Pepper, Ground /Gewürz, schwarzer Pfeffer, gemahlen",SPI-00-139334-5,2.5,2.5,grams,,,,2.5,grams
Broccoli - Roasted S&P,SUB-016200-4-001,,,,,,,,,,,,,,,,,,,,,"FA-DE Spice, Garlic Powder, Toasted /Gewürz, Knoblauchpulver, geröstet",SPI-00-139354-5,2,2,grams,,,,2,grams
Broccoli - Roasted S&P,SUB-016200-4-001,,,,,,,,,,,,,,,,,,,,,"FA-DE Broccoli, Florets, /Brokkoli, Röschen",PHF-00-143425-3,706,706,grams,,,,706,grams
Broccoli - Roasted S&P,SUB-016200-4-001,,,,,,,,,,,,,,,,,,,,,"FA-DE Oil, Olive /Öl, Olivenöl",PRO-00-139277-5,51,51,grams,,,,51,grams
Broccoli - Roasted S&P,SUB-016200-4-001,,,,,,,,,,,,,,,,,,,,,"FA-DE Spice, Sea Salt /Gewürze, Meersalz",SPI-00-139378-5,3,3,grams,,,,3,grams
Burger Patty,SUB-031783-4-001,,,,,,,,,,,,,,,,,,,,,"FA-DE Beef, Ground, 80/20 /Rindfleisch, gemahlen, 80/20",PTN-00-139319-3,169.76,169.76,grams,,,,169.76,grams
Burger Patty,SUB-031783-4-001,Cooked Burger Veggies,SUB-031784-4-001,22.63,grams,"BLAST CHILLER, BRAISER, SPICE PORTIONING",,,,,,,,,,,,,,,,"FA-DE Onion, Spanish, Diced 5mm /Zwiebel, Spanisch, gewürfelt 5 mm",PHF-00-139212-3,8.35,8.35,grams,,,0.94991,8.35,grams
Burger Patty,SUB-031783-4-001,Cooked Burger Veggies,SUB-031784-4-001,22.63,grams,"BLAST CHILLER, BRAISER, SPICE PORTIONING",,,,,,,,,,,,,,,,"FA-DE Garlic, IQF, Diced 4 mm /Knoblauch, IQF, gewürfelt 4 mm",PHF-00-139237-1,4.77,4.77,grams,SCHWEFELDIOXIDE UND SULFITE,,0.94991,4.77,grams
Burger Patty,SUB-031783-4-001,Cooked Burger Veggies,SUB-031784-4-001,22.63,grams,"BLAST CHILLER, BRAISER, SPICE PORTIONING",,,,,,,,,,,,,,,,"FA-DE Oil, Olive /Öl, Olivenöl",PRO-00-139277-5,3.19,3.19,grams,,,0.94991,3.19,grams
Burger Patty,SUB-031783-4-001,Cooked Burger Veggies,SUB-031784-4-001,22.63,grams,"BLAST CHILLER, BRAISER, SPICE PORTIONING",,,,,,,,,,,,,,,,"FA-DE Spice, Garlic Granulated /Gewürz, Knoblauch granuliert",SPI-00-139353-5,2.39,2.39,grams,,,0.94991,2.39,grams
Burger Patty,SUB-031783-4-001,Cooked Burger Veggies,SUB-031784-4-001,22.63,grams,"BLAST CHILLER, BRAISER, SPICE PORTIONING",,,,,,,,,,,,,,,,"FA-DE Spice, Onion Granulated /Gewürze, Zwiebeln granuliert",SPI-00-139370-5,4.77,4.77,grams,,,0.94991,4.77,grams
Burger Patty,SUB-031783-4-001,Cooked Burger Veggies,SUB-031784-4-001,22.63,grams,"BLAST CHILLER, BRAISER, SPICE PORTIONING",,,,,,,,,,,,,,,,"FA-DE Spice, Sea Salt /Gewürze, Meersalz",SPI-00-139378-5,0.35,0.35,grams,,,0.94991,0.35,grams
Burger Patty,SUB-031783-4-001,Burger Stock,SUB-031810-4-001,17.61,grams,IMMERSION BLENDER,,,,,,,,,,,,,,,,FA-DE Water / Wasser,OTH-00-144038-5,16.07,16.07,grams,,,0.98807,16.07,grams
Burger Patty,SUB-031783-4-001,Burger Stock,SUB-031810-4-001,17.61,grams,IMMERSION BLENDER,,,,,,,,,,,,,,,,"FA-DE Stock, Chicken, Reduced/Brühe, Huhn, Reduziert",PRO-00-139288-5,1.14,1.14,grams,,,0.98807,1.14,grams
Burger Patty,SUB-031783-4-001,Burger Stock,SUB-031810-4-001,17.61,grams,IMMERSION BLENDER,,,,,,,,,,,,,,,,"FA-DE Spice, Sea Salt /Gewürze, Meersalz",SPI-00-139378-5,0.61,0.61,grams,,,0.98807,0.61,grams
Burger Stock,SUB-031810-4-001,,,,,,,,,,,,,,,,,,,,,FA-DE Water / Wasser,OTH-00-144038-5,15.88,15.88,grams,,,,15.88,grams
Burger Stock,SUB-031810-4-001,,,,,,,,,,,,,,,,,,,,,"FA-DE Stock, Chicken, Reduced/Brühe, Huhn, Reduziert",PRO-00-139288-5,1.13,1.13,grams,,,,1.13,grams
Burger Stock,SUB-031810-4-001,,,,,,,,,,,,,,,,,,,,,"FA-DE Spice, Sea Salt /Gewürze, Meersalz",SPI-00-139378-5,0.6,0.6,grams,,,,0.6,grams
Cauliflower - Chili-Garlic Cauliflower Florets,SUB-013454-4-001,,,,,,,,,,,,,,,,,,,,,"FA-DE Cauliflower, Florets /Blumenkohl, Röschen",PHF-00-143426-3,119.63,119.63,grams,,,,119.63,grams
Cauliflower - Chili-Garlic Cauliflower Florets,SUB-013454-4-001,,,,,,,,,,,,,,,,,,,,,"FA-DE Oil, Olive /Öl, Olivenöl",PRO-00-139277-5,8.72,8.72,grams,,,,8.72,grams
Cauliflower - Chili-Garlic Cauliflower Florets,SUB-013454-4-001,,,,,,,,,,,,,,,,,,,,,"FA-DE Garlic, IQF, Diced 4 mm /Knoblauch, IQF, gewürfelt 4 mm",PHF-00-139237-1,3.97,3.97,grams,SCHWEFELDIOXIDE UND SULFITE,,,3.97,grams
Cauliflower - Chili-Garlic Cauliflower Florets,SUB-013454-4-001,,,,,,,,,,,,,,,,,,,,,"FA-DE Spice, Sea Salt /Gewürze, Meersalz",SPI-00-139378-5,0.57,0.57,grams,,,,0.57,grams
Cauliflower - Chili-Garlic Cauliflower Florets,SUB-013454-4-001,,,,,,,,,,,,,,,,,,,,,"FA-DE Spice, Onion Powder, Toasted /Gewürze, Zwiebelpulver, geröstet",SPI-00-139371-5,0.28,0.28,grams,,,,0.28,grams
Cauliflower - Chili-Garlic Cauliflower Florets,SUB-013454-4-001,,,,,,,,,,,,,,,,,,,,,"FA-DE Spice, Black Pepper, Ground /Gewürz, schwarzer Pfeffer, gemahlen",SPI-00-139334-5,0.28,0.28,grams,,,,0.28,grams
Cauliflower - Chili-Garlic Cauliflower Florets,SUB-013454-4-001,,,,,,,,,,,,,,,,,,,,,"FA-DE Spice, Gochugaru Chili Pepper Flakes /Gewürz, Gochugaru-Chili-Pfefferflocken",SPI-00-139356-5,0.28,0.28,grams,,,,0.28,grams
Chicken Breast - BRINED 160g,SUB-013527-4-001,,,,,,,,,,,,,,,,,,,,,"FA-DE Chicken, Breast, B/S - 160g/Hähnchen, Brust, B/S – 160 g",PTN-00-139317-3,1700,1700,grams,,,,1700,grams
Chicken Breast - BRINED 160g,SUB-013527-4-001,,,,,,,,,,,,,,,,,,,,,FA-DE Water / Wasser,OTH-00-144038-5,1700,1700,grams,,,,1700,grams
Chicken Breast - BRINED 160g,SUB-013527-4-001,,,,,,,,,,,,,,,,,,,,,"FA-DE Spice, Sea Salt /Gewürze, Meersalz",SPI-00-139378-5,15.03,15.03,grams,,,,15.03,grams
Chicken CHUNKS - BRINED,SUB-013451-4-001,,,,,,,,,,,,,,,,,,,,,FA-DE Water / Wasser,OTH-00-144038-5,1700,1700,grams,,,,1700,grams
Chicken CHUNKS - BRINED,SUB-013451-4-001,,,,,,,,,,,,,,,,,,,,,"FA-DE Spice, Sea Salt /Gewürze, Meersalz",SPI-00-139378-5,15,15,grams,,,,15,grams
Chicken CHUNKS - BRINED,SUB-013451-4-001,,,,,,,,,,,,,,,,,,,,,"FA-DE Chicken Breast, Chunked, Boneless Skinless /Hähnchenbrust, in Stücken, ohne Knochen und ohne Haut",PTN-00-139314-3,1700,1700,grams,,,,1700,grams
Chicken Thighs - BRINED,SUB-013532-4-001,,,,,,,,,,,,,,,,,,,,,"FA-DE Chicken, Thighs, Boneless Skinless /Hähnchen, Oberschenkel, ohne Knochen und ohne Haut",PTN-00-139343-3,1700,1700,grams,,,,1700,grams
Chicken Thighs - BRINED,SUB-013532-4-001,,,,,,,,,,,,,,,,,,,,,FA-DE Water / Wasser,OTH-00-144038-5,1700,1700,grams,,,,1700,grams
Chicken Thighs - BRINED,SUB-013532-4-001,,,,,,,,,,,,,,,,,,,,,"FA-DE Spice, Sea Salt /Gewürze, Meersalz",SPI-00-139378-5,15,15,grams,,,,15,grams
Chicken breast - Sun-Dried Tomato Chicken Batch - Grilled 160g,SUB-013572-4-001,,,,,,,,,,,,,,,,,,,,,"FA-DE Spice, Black Pepper, Ground /Gewürz, schwarzer Pfeffer, gemahlen",SPI-00-139334-5,0.14,0.14,grams,,,,0.14,grams
Chicken breast - Sun-Dried Tomato Chicken Batch - Grilled 160g,SUB-013572-4-001,,,,,,,,,,,,,,,,,,,,,"FA-DE Spice, Oregano Dry /Gewürz, Oregano trocken",SPI-00-139372-5,0.14,0.14,grams,,,,0.14,grams
Chicken breast - Sun-Dried Tomato Chicken Batch - Grilled 160g,SUB-013572-4-001,,,,,,,,,,,,,,,,,,,,,"FA-DE Spice, Onion Granulated /Gewürze, Zwiebeln granuliert",SPI-00-139370-5,0.23,0.23,grams,,,,0.23,grams
Chicken breast - Sun-Dried Tomato Chicken Batch - Grilled 160g,SUB-013572-4-001,,,,,,,,,,,,,,,,,,,,,"FA-DE Spice, Crushed Red Pepper Flakes /Gewürz, zerkleinerte rote Pfefferflocken",SPI-00-139344-5,0.09,0.09,grams,,,,0.09,grams
Chicken breast - Sun-Dried Tomato Chicken Batch - Grilled 160g,SUB-013572-4-001,,,,,,,,,,,,,,,,,,,,,"FA-DE Spice, Garlic Granulated /Gewürz, Knoblauch granuliert",SPI-00-139353-5,0.43,0.43,grams,,,,0.43,grams
Chicken breast - Sun-Dried Tomato Chicken Batch - Grilled 160g,SUB-013572-4-001,,,,,,,,,,,,,,,,,,,,,"FA-DE Vinegar, Red Wine /Essig, Rotwein",PRO-00-139301-5,2.3,2.3,grams,,,,2.3,grams
Chicken breast - Sun-Dried Tomato Chicken Batch - Grilled 160g,SUB-013572-4-001,Chicken Breast - BRINED 160g,SUB-013527-4-001,160,grams,BRINE,,,,,,,,,,,,,,,,"FA-DE Chicken, Breast, B/S - 160g/Hähnchen, Brust, B/S – 160 g",PTN-00-139317-3,160,160,grams,,,0.4978,160,grams
Chicken breast - Sun-Dried Tomato Chicken Batch - Grilled 160g,SUB-013572-4-001,Chicken Breast - BRINED 160g,SUB-013527-4-001,160,grams,BRINE,,,,,,,,,,,,,,,,FA-DE Water / Wasser,OTH-00-144038-5,160,160,grams,,,0.4978,160,grams
Chicken breast - Sun-Dried Tomato Chicken Batch - Grilled 160g,SUB-013572-4-001,Chicken Breast - BRINED 160g,SUB-013527-4-001,160,grams,BRINE,,,,,,,,,,,,,,,,"FA-DE Spice, Sea Salt /Gewürze, Meersalz",SPI-00-139378-5,1.41,1.41,grams,,,0.4978,1.41,grams
Chicken breast - Sun-Dried Tomato Chicken Batch - Grilled 160g,SUB-013572-4-001,,,,,,,,,,,,,,,,,,,,,"FA-DE Parsley, Chopped /Petersilie, gehackt",PHF-00-139215-3,0.46,0.46,grams,,,,0.46,grams
Chicken breast - Sun-Dried Tomato Chicken Batch - Grilled 160g,SUB-013572-4-001,,,,,,,,,,,,,,,,,,,,,"FA-DE Oil, Olive /Öl, Olivenöl",PRO-00-139277-5,6.8,6.8,grams,,,,6.8,grams
Chicken breast - Sun-Dried Tomato Chicken Batch - Grilled 160g,SUB-013572-4-001,Basil - Picked Basil Leaves,SUB-013424-4-001,0.57,grams,"DEBOX, STAGING",,,,,,,,,,,,,,,,"FA-DE Basil, Fresh /Basilikum, frisch",PHF-00-139175-3,1.02,1.02,grams,,,0.55986,1.02,grams
Chili Garlic Pork Marinade,SUB-013989-4-001,,,,,,,,,,,,,,,,,,,,,"FA-DE Spice, Sea Salt /Gewürze, Meersalz",SPI-00-139378-5,0.85,0.85,grams,,,,0.85,grams
Chili Garlic Pork Marinade,SUB-013989-4-001,,,,,,,,,,,,,,,,,,,,,"FA-DE Garlic, Peeled, Whole Cloves [10kg] /Knoblauch, geschält, ganze Nelken [10kg]",PHF-00-139197-3,7.09,7.09,grams,,,,7.09,grams
Chili Garlic Pork Marinade,SUB-013989-4-001,,,,,,,,,,,,,,,,,,,,,"FA-DE Vinegar, Apple Cider /Essig, Apfelwein",PRO-00-139299-5,30.05,30.05,grams,,,,30.05,grams
Chili Garlic Pork Marinade,SUB-013989-4-001,,,,,,,,,,,,,,,,,,,,,"FA-DE Spice, Crushed Red Pepper Flakes /Gewürz, zerkleinerte rote Pfefferflocken",SPI-00-139344-5,0.57,0.57,grams,,,,0.57,grams
Chili Garlic Pork Marinade,SUB-013989-4-001,,,,,,,,,,,,,,,,,,,,,"FA-DE Spice, Black Pepper, Ground /Gewürz, schwarzer Pfeffer, gemahlen",SPI-00-139334-5,1.42,1.42,grams,,,,1.42,grams
Chili Garlic Pork Marinade,SUB-013989-4-001,,,,,,,,,,,,,,,,,,,,,"FA-DE Oil, Olive /Öl, Olivenöl",PRO-00-139277-5,60.1,60.1,grams,,,,60.1,grams
Chili Garlic Pork Marinade,SUB-013989-4-001,,,,,,,,,,,,,,,,,,,,,"FA-DE Spice, Garlic Granulated /Gewürz, Knoblauch granuliert",SPI-00-139353-5,3.97,3.97,grams,,,,3.97,grams
Chili Garlic Pork Marinade,SUB-013989-4-001,,,,,,,,,,,,,,,,,,,,,"FA-DE Oil, Sesame Seed, Toasted /Öl, Sesamsamen, geröstet",PRO-00-139280-5,20.13,20.13,grams,SESAMSAMEN,,,20.13,grams
Chili Garlic Pork Marinade,SUB-013989-4-001,,,,,,,,,,,,,,,,,,,,,"FA-DE Spice, Gochugaru Chili Pepper Flakes /Gewürz, Gochugaru-Chili-Pfefferflocken",SPI-00-139356-5,5.95,5.95,grams,,,,5.95,grams
Chili Garlic Pork Marinade,SUB-013989-4-001,,,,,,,,,,,,,,,,,,,,,"FA-DE Spice, Onion Powder, Toasted /Gewürze, Zwiebelpulver, geröstet",SPI-00-139371-5,1.98,1.98,grams,,,,1.98,grams
Chili Garlic marinated Pork Tenderloin,SUB-032087-4-001,Pork Tenderloin - BRINED,SUB-013360-4-001,140,grams,BRINE,,,,,,,,,,,,,,,,"FA-DE Spice, Sea Salt /Gewürze, Meersalz",SPI-00-139378-5,1.24,1.24,grams,,,0.4978,1.24,grams
Chili Garlic marinated Pork Tenderloin,SUB-032087-4-001,Pork Tenderloin - BRINED,SUB-013360-4-001,140,grams,BRINE,,,,,,,,,,,,,,,,FA-DE Water / Wasser,OTH-00-144038-5,140,140,grams,,,0.4978,140,grams
Chili Garlic marinated Pork Tenderloin,SUB-032087-4-001,Pork Tenderloin - BRINED,SUB-013360-4-001,140,grams,BRINE,,,,,,,,,,,,,,,,"FA-DE Pork, Tenderloin /Schweinefleisch, Filet",PTN-00-139310-3,140,140,grams,,,0.4978,140,grams
Chili Garlic marinated Pork Tenderloin,SUB-032087-4-001,Chili Garlic Pork Marinade,SUB-013989-4-001,12,grams,"BLAST CHILLER, GRILL, MARINADE, OVEN, SLICER",,,,,,,,,,,,,,,,"FA-DE Spice, Sea Salt /Gewürze, Meersalz",SPI-00-139378-5,0.08,0.08,grams,,,0.98403,0.08,grams
Chili Garlic marinated Pork Tenderloin,SUB-032087-4-001,Chili Garlic Pork Marinade,SUB-013989-4-001,12,grams,"BLAST CHILLER, GRILL, MARINADE, OVEN, SLICER",,,,,,,,,,,,,,,,"FA-DE Garlic, Peeled, Whole Cloves [10kg] /Knoblauch, geschält, ganze Nelken [10kg]",PHF-00-139197-3,0.65,0.65,grams,,,0.98403,0.65,grams
Chili Garlic marinated Pork Tenderloin,SUB-032087-4-001,Chili Garlic Pork Marinade,SUB-013989-4-001,12,grams,"BLAST CHILLER, GRILL, MARINADE, OVEN, SLICER",,,,,,,,,,,,,,,,"FA-DE Vinegar, Apple Cider /Essig, Apfelwein",PRO-00-139299-5,2.77,2.77,grams,,,0.98403,2.77,grams
Chili Garlic marinated Pork Tenderloin,SUB-032087-4-001,Chili Garlic Pork Marinade,SUB-013989-4-001,12,grams,"BLAST CHILLER, GRILL, MARINADE, OVEN, SLICER",,,,,,,,,,,,,,,,"FA-DE Spice, Crushed Red Pepper Flakes /Gewürz, zerkleinerte rote Pfefferflocken",SPI-00-139344-5,0.05,0.05,grams,,,0.98403,0.05,grams
Chili Garlic marinated Pork Tenderloin,SUB-032087-4-001,Chili Garlic Pork Marinade,SUB-013989-4-001,12,grams,"BLAST CHILLER, GRILL, MARINADE, OVEN, SLICER",,,,,,,,,,,,,,,,"FA-DE Spice, Black Pepper, Ground /Gewürz, schwarzer Pfeffer, gemahlen",SPI-00-139334-5,0.13,0.13,grams,,,0.98403,0.13,grams
Chili Garlic marinated Pork Tenderloin,SUB-032087-4-001,Chili Garlic Pork Marinade,SUB-013989-4-001,12,grams,"BLAST CHILLER, GRILL, MARINADE, OVEN, SLICER",,,,,,,,,,,,,,,,"FA-DE Oil, Olive /Öl, Olivenöl",PRO-00-139277-5,5.55,5.55,grams,,,0.98403,5.55,grams
Chili Garlic marinated Pork Tenderloin,SUB-032087-4-001,Chili Garlic Pork Marinade,SUB-013989-4-001,12,grams,"BLAST CHILLER, GRILL, MARINADE, OVEN, SLICER",,,,,,,,,,,,,,,,"FA-DE Spice, Garlic Granulated /Gewürz, Knoblauch granuliert",SPI-00-139353-5,0.37,0.37,grams,,,0.98403,0.37,grams
Chili Garlic marinated Pork Tenderloin,SUB-032087-4-001,Chili Garlic Pork Marinade,SUB-013989-4-001,12,grams,"BLAST CHILLER, GRILL, MARINADE, OVEN, SLICER",,,,,,,,,,,,,,,,"FA-DE Oil, Sesame Seed, Toasted /Öl, Sesamsamen, geröstet",PRO-00-139280-5,1.86,1.86,grams,SESAMSAMEN,,0.98403,1.86,grams
Chili Garlic marinated Pork Tenderloin,SUB-032087-4-001,Chili Garlic Pork Marinade,SUB-013989-4-001,12,grams,"BLAST CHILLER, GRILL, MARINADE, OVEN, SLICER",,,,,,,,,,,,,,,,"FA-DE Spice, Gochugaru Chili Pepper Flakes /Gewürz, Gochugaru-Chili-Pfefferflocken",SPI-00-139356-5,0.55,0.55,grams,,,0.98403,0.55,grams
Chili Garlic marinated Pork Tenderloin,SUB-032087-4-001,Chili Garlic Pork Marinade,SUB-013989-4-001,12,grams,"BLAST CHILLER, GRILL, MARINADE, OVEN, SLICER",,,,,,,,,,,,,,,,"FA-DE Spice, Onion Powder, Toasted /Gewürze, Zwiebelpulver, geröstet",SPI-00-139371-5,0.18,0.18,grams,,,0.98403,0.18,grams
Chive-Garlic Butter,SUB-014218-4-001,,,,,,,,,,,,,,,,,,,,,"FA-DE Spice, Leek Powder /Gewürz, Lauchpulver",SPI-00-139361-5,0.12,0.12,grams,,,,0.12,grams
Chive-Garlic Butter,SUB-014218-4-001,,,,,,,,,,,,,,,,,,,,,"FA-DE Spice, Black Pepper, Ground /Gewürz, schwarzer Pfeffer, gemahlen",SPI-00-139334-5,0.08,0.08,grams,,,,0.08,grams
Chive-Garlic Butter,SUB-014218-4-001,,,,,,,,,,,,,,,,,,,,,"FA-DE Spice, Sea Salt /Gewürze, Meersalz",SPI-00-139378-5,0.15,0.15,grams,,,,0.15,grams
Chive-Garlic Butter,SUB-014218-4-001,,,,,,,,,,,,,,,,,,,,,"FA-DE Butter, Unsalted /Butter, ungesalzen",DAI-00-139146-3,12.35,12.35,grams,MILCH (EINSCHLIESSLICH LAKTOSE),,,12.35,grams
Chive-Garlic Butter,SUB-014218-4-001,,,,,,,,,,,,,,,,,,,,,"FA-DE Chives, Dried /Schnittlauch, getrocknet",SPI-00-139322-5,0.12,0.12,grams,,,,0.12,grams
Chive-Garlic Butter,SUB-014218-4-001,,,,,,,,,,,,,,,,,,,,,"FA-DE Spice, Minced Garlic, Toasted, Dry /Gewürz, gehackter Knoblauch, geröstet, trocken",SPI-00-139367-5,0.31,0.31,grams,,,,0.31,grams
Compound butter - Sun-Dried Tomato,SUB-013608-4-001,,,,,,,,,,,,,,,,,,,,,"FA-DE Spice, Garlic Granulated /Gewürz, Knoblauch granuliert",SPI-00-139353-5,0.03,0.03,grams,,,,0.03,grams
Compound butter - Sun-Dried Tomato,SUB-013608-4-001,Roasted Garlic (use),SUB-013367-4-001,0.85,grams,"BLAST CHILLER, BRAISER, SPICE PORTIONING",,,,,,,,,,,,,,,,"FA-DE Garlic, Peeled, Whole Cloves [10kg] /Knoblauch, geschält, ganze Nelken [10kg]",PHF-00-139197-3,0.86,0.86,grams,,,0.56691,0.86,grams
Compound butter - Sun-Dried Tomato,SUB-013608-4-001,Roasted Garlic (use),SUB-013367-4-001,0.85,grams,"BLAST CHILLER, BRAISER, SPICE PORTIONING",,,,,,,,,,,,,,,,"FA-DE Oil, Olive /Öl, Olivenöl",PRO-00-139277-5,0.64,0.64,grams,,,0.56691,0.64,grams
Compound butter - Sun-Dried Tomato,SUB-013608-4-001,,,,,,,,,,,,,,,,,,,,,"FA-DE Butter, Unsalted /Butter, ungesalzen",DAI-00-139146-3,6.8,6.8,grams,MILCH (EINSCHLIESSLICH LAKTOSE),,,6.8,grams
Compound butter - Sun-Dried Tomato,SUB-013608-4-001,,,,,,,,,,,,,,,,,,,,,"FA-DE Spice, Sea Salt /Gewürze, Meersalz",SPI-00-139378-5,0.14,0.14,grams,,,,0.14,grams
Compound butter - Sun-Dried Tomato,SUB-013608-4-001,Sun-Dried Tomato + Basil Puree,SUB-029076-4-001,2.4,grams,BRAISER,,,,,,,,,,,,,,,,FA-DE Water / Wasser,OTH-00-144038-5,1.27,1.27,grams,,,0.90035,1.27,grams
Compound butter - Sun-Dried Tomato,SUB-013608-4-001,Sun-Dried Tomato + Basil Puree,SUB-029076-4-001,2.4,grams,BRAISER,Basil - Picked Basil Leaves,SUB-013424-4-001,0.13,grams,"DEBOX, STAGING",,,,,,,,,,,"FA-DE Basil, Fresh /Basilikum, frisch",PHF-00-139175-3,0.23,0.23,grams,,,0.55986,0.23,grams
Compound butter - Sun-Dried Tomato,SUB-013608-4-001,Sun-Dried Tomato + Basil Puree,SUB-029076-4-001,2.4,grams,BRAISER,,,,,,,,,,,,,,,,"FA-DE Tomatoes, Sun - Dried Julienned /Tomaten, sonnengetrocknete Julienne",PRO-00-139296-5,1.27,1.27,grams,,,0.90035,1.27,grams
Concentrated Tomatoes- Diluted (90/10) (primo gusto/old california),SUB-013421-4-001,,,,,,,,,,,,,,,,,,,,,"FA-DE Tomatoes, Concentrated Crushed /Tomaten, konzentriert, zerkleinert",PRO-00-139293-5,63.5,63.5,grams,,,,63.5,grams
Concentrated Tomatoes- Diluted (90/10) (primo gusto/old california),SUB-013421-4-001,,,,,,,,,,,,,,,,,,,,,FA-DE Water / Wasser,OTH-00-144038-5,7.09,7.09,grams,,,,7.09,grams
Cooked 10mm diced Spanish Onions,SUB-029899-4-001,,,,,,,,,,,,,,,,,,,,,"FA-DE Onion, Spanish, Diced 10mm /Zwiebel, Spanisch, gewürfelt 10 mm",PHF-00-139209-3,35.43,35.43,grams,,,,35.43,grams
Cooked 10mm diced Spanish Onions,SUB-029899-4-001,,,,,,,,,,,,,,,,,,,,,"FA-DE Oil, Olive /Öl, Olivenöl",PRO-00-139277-5,1.6,1.6,grams,,,,1.6,grams
Cooked 10mm diced Spanish Onions,SUB-029899-4-001,,,,,,,,,,,,,,,,,,,,,"FA-DE Spice, Sea Salt /Gewürze, Meersalz",SPI-00-139378-5,0.07,0.07,grams,,,,0.07,grams
Cooked Burger Veggies,SUB-031784-4-001,,,,,,,,,,,,,,,,,,,,,"FA-DE Onion, Spanish, Diced 5mm /Zwiebel, Spanisch, gewürfelt 5 mm",PHF-00-139212-3,5.95,5.95,grams,,,,5.95,grams
Cooked Burger Veggies,SUB-031784-4-001,,,,,,,,,,,,,,,,,,,,,"FA-DE Garlic, IQF, Diced 4 mm /Knoblauch, IQF, gewürfelt 4 mm",PHF-00-139237-1,3.4,3.4,grams,SCHWEFELDIOXIDE UND SULFITE,,,3.4,grams
Cooked Burger Veggies,SUB-031784-4-001,,,,,,,,,,,,,,,,,,,,,"FA-DE Oil, Olive /Öl, Olivenöl",PRO-00-139277-5,2.27,2.27,grams,,,,2.27,grams
Cooked Burger Veggies,SUB-031784-4-001,,,,,,,,,,,,,,,,,,,,,"FA-DE Spice, Garlic Granulated /Gewürz, Knoblauch granuliert",SPI-00-139353-5,1.7,1.7,grams,,,,1.7,grams
Cooked Burger Veggies,SUB-031784-4-001,,,,,,,,,,,,,,,,,,,,,"FA-DE Spice, Onion Granulated /Gewürze, Zwiebeln granuliert",SPI-00-139370-5,3.4,3.4,grams,,,,3.4,grams
Cooked Burger Veggies,SUB-031784-4-001,,,,,,,,,,,,,,,,,,,,,"FA-DE Spice, Sea Salt /Gewürze, Meersalz",SPI-00-139378-5,0.25,0.25,grams,,,,0.25,grams
Cooked Courgette Noodles - No Salt,SUB-013573-4-001,,,,,,,,,,,,,,,,,,,,,"FA-DE Oil, Olive /Öl, Olivenöl",PRO-00-139277-5,99.22,99.22,grams,,,,99.22,grams
Cooked Courgette Noodles - No Salt,SUB-013573-4-001,,,,,,,,,,,,,,,,,,,,,"FA-DE Zucchini, Spiralized Noodles /Zucchini, Spiralnudeln",PHF-00-139230-3,1700,1700,grams,,,,1700,grams
Cooked Diced Potato,SUB-013592-4-001,,,,,,,,,,,,,,,,,,,,,"FA-DE Potatoes, Diced 10mm /Kartoffeln, gewürfelt, 10 mm",PHF-00-139219-3,1000,1000,grams,,,,1000,grams
Cooked Red Onions + Garlic,SUB-013687-4-001,,,,,,,,,,,,,,,,,,,,,"FA-DE Oil, Olive /Öl, Olivenöl",PRO-00-139277-5,1.42,1.42,grams,,,,1.42,grams
Cooked Red Onions + Garlic,SUB-013687-4-001,,,,,,,,,,,,,,,,,,,,,"FA-DE Onion, Red, Diced 5mm /Zwiebeln, rot, gewürfelt 5 mm",PHF-00-139213-3,10.77,10.77,grams,,,,10.77,grams
Cooked Red Onions + Garlic,SUB-013687-4-001,,,,,,,,,,,,,,,,,,,,,"FA-DE Garlic, IQF, Diced 4 mm /Knoblauch, IQF, gewürfelt 4 mm",PHF-00-139237-1,2.84,2.84,grams,SCHWEFELDIOXIDE UND SULFITE,,,2.84,grams
Cooked Tomato Quinoa,SUB-029880-4-001,,,,,,,,,,,,,,,,,,,,,FA-DE Water / Wasser,OTH-00-144038-5,26.7,26.7,grams,,,,26.7,grams
Cooked Tomato Quinoa,SUB-029880-4-001,,,,,,,,,,,,,,,,,,,,,"FA-DE Spice, Sea Salt /Gewürze, Meersalz",SPI-00-139378-5,0.75,0.75,grams,,,,0.75,grams
Cooked Tomato Quinoa,SUB-029880-4-001,,,,,,,,,,,,,,,,,,,,,"FA-DE Quinoa, White/Quinoa, weiß",DRY-00-139166-5,22.6,22.6,grams,,,,22.6,grams
Cooked Tomato Quinoa,SUB-029880-4-001,,,,,,,,,,,,,,,,,,,,,"FA-DE Tomatoes, Concentrated Crushed /Tomaten, konzentriert, zerkleinert",PRO-00-139293-5,6.78,6.78,grams,,,,6.78,grams
Creamy Leek - Low Fat,SUB-014222-4-001,,,,,,,,,,,,,,,,,,,,,FA-DE Sour Cream /Sauerrahm,DAI-00-139141-3,120,120,grams,MILCH (EINSCHLIESSLICH LAKTOSE),,,120,grams
Creamy Leek - Low Fat,SUB-014222-4-001,,,,,,,,,,,,,,,,,,,,,"FA-DE Leek, Diced 5mm /Lauch, gewürfelt, 5 mm",PHF-00-139204-3,800,800,grams,,,,800,grams
Creamy Leek - Low Fat,SUB-014222-4-001,,,,,,,,,,,,,,,,,,,,,"FA-DE Oil, Olive /Öl, Olivenöl",PRO-00-139277-5,1,1,grams,,,,1,grams
Creamy Leek - Low Fat,SUB-014222-4-001,,,,,,,,,,,,,,,,,,,,,"FA-DE Spice, Sea Salt /Gewürze, Meersalz",SPI-00-139378-5,0.2,0.2,grams,,,,0.2,grams
Creamy Leek - Low Fat,SUB-014222-4-001,,,,,,,,,,,,,,,,,,,,,FA-DE Heavy Cream 20% /Sahne 20%,DAI-00-139137-3,80,80,grams,MILCH (EINSCHLIESSLICH LAKTOSE),,,80,grams
Creamy Leek - Low Fat,SUB-014222-4-001,,,,,,,,,,,,,,,,,,,,,"FA-DE Spice, Garlic Granulated /Gewürz, Knoblauch granuliert",SPI-00-139353-5,2,2,grams,,,,2,grams
Cumin Coriander Yogurt - CUPPED,SUB-030550-4-001,,,,,,,,,,,,,,,,,,,,,"FA-DE Yogurt, Greek, Plain /Joghurt, Griechisch, Natur",DAI-00-139161-3,115.8,115.8,grams,MILCH (EINSCHLIESSLICH LAKTOSE),,,115.8,grams
Cumin Coriander Yogurt - CUPPED,SUB-030550-4-001,,,,,,,,,,,,,,,,,,,,,"FA-DE Juice, Lime /Saft, Limette",PRO-00-139268-5,12.5,12.5,grams,,,,12.5,grams
Cumin Coriander Yogurt - CUPPED,SUB-030550-4-001,,,,,,,,,,,,,,,,,,,,,"FA-DE Spice, Cumin Ground /Gewürz, gemahlener Kreuzkümmel",SPI-00-139345-5,1.94,1.94,grams,,,,1.94,grams
Cumin Coriander Yogurt - CUPPED,SUB-030550-4-001,,,,,,,,,,,,,,,,,,,,,"FA-DE Spice, Coriander Ground /Gewürz, gemahlener Koriander",SPI-00-139386-5,0.79,0.79,grams,,,,0.79,grams
Cumin Coriander Yogurt - CUPPED,SUB-030550-4-001,,,,,,,,,,,,,,,,,,,,,"FA-DE Spice, Sea Salt /Gewürze, Meersalz",SPI-00-139378-5,0.1,0.1,grams,,,,0.1,grams
Cumin Roasted Diced Red & Green Bell Peppers - 10mm,SUB-029888-4-001,,,,,,,,,,,,,,,,,,,,,"FA-DE Bell Peppers, Red, Diced 10mm /Paprika, rot, gewürfelt 10 mm",PHF-00-139179-3,17.72,17.72,grams,,,,17.72,grams
Cumin Roasted Diced Red & Green Bell Peppers - 10mm,SUB-029888-4-001,,,,,,,,,,,,,,,,,,,,,"FA-DE Bell Peppers, Green, Diced 10mm /Paprika, grün, gewürfelt 10 mm",PHF-00-139176-3,17.73,17.73,grams,,,,17.73,grams
Cumin Roasted Diced Red & Green Bell Peppers - 10mm,SUB-029888-4-001,,,,,,,,,,,,,,,,,,,,,"FA-DE Onion, Red, Diced 10mm/Zwiebeln, rot, gewürfelt, 10 mm",PHF-00-139216-3,17.72,17.72,grams,,,,17.72,grams
Cumin Roasted Diced Red & Green Bell Peppers - 10mm,SUB-029888-4-001,,,,,,,,,,,,,,,,,,,,,"FA-DE Oil, Olive /Öl, Olivenöl",PRO-00-139277-5,1.28,1.28,grams,,,,1.28,grams
Cumin Roasted Diced Red & Green Bell Peppers - 10mm,SUB-029888-4-001,,,,,,,,,,,,,,,,,,,,,"FA-DE Spice, Cumin Ground /Gewürz, gemahlener Kreuzkümmel",SPI-00-139345-5,0.42,0.42,grams,,,,0.42,grams
Cumin Roasted Diced Red & Green Bell Peppers - 10mm,SUB-029888-4-001,,,,,,,,,,,,,,,,,,,,,"FA-DE Spice, Paprika /Gewürze, Paprika",SPI-00-139373-5,0.42,0.42,grams,,,,0.42,grams
Cumin Roasted Diced Red & Green Bell Peppers - 10mm,SUB-029888-4-001,,,,,,,,,,,,,,,,,,,,,"FA-DE Spice, Chili Powder /Gewürz, Chilipulver",SPI-00-139340-5,0.42,0.42,grams,,,,0.42,grams
Cumin Roasted Diced Red & Green Bell Peppers - 10mm,SUB-029888-4-001,,,,,,,,,,,,,,,,,,,,,"FA-DE Spice, Coriander Ground /Gewürz, gemahlener Koriander",SPI-00-139386-5,0.1,0.1,grams,,,,0.1,grams
Cumin Roasted Diced Red & Green Bell Peppers - 10mm,SUB-029888-4-001,,,,,,,,,,,,,,,,,,,,,"FA-DE Spice, Sea Salt /Gewürze, Meersalz",SPI-00-139378-5,0.2,0.2,grams,,,,0.2,grams
DRY Ranch Seasoning,SUB-013480-4-001,,,,,,,,,,,,,,,,,,,,,"FA-DE Spice, Buttermilk Powder/Gewürz, Buttermilchpulver",SPI-00-151139-5,5.39,5.39,grams,MILCH (EINSCHLIESSLICH LAKTOSE),,,5.39,grams
DRY Ranch Seasoning,SUB-013480-4-001,,,,,,,,,,,,,,,,,,,,,"FA-DE Spice, Garlic Granulated /Gewürz, Knoblauch granuliert",SPI-00-139353-5,1.13,1.13,grams,,,,1.13,grams
DRY Ranch Seasoning,SUB-013480-4-001,,,,,,,,,,,,,,,,,,,,,"FA-DE Spice, Onion Granulated /Gewürze, Zwiebeln granuliert",SPI-00-139370-5,0.99,0.99,grams,,,,0.99,grams
DRY Ranch Seasoning,SUB-013480-4-001,,,,,,,,,,,,,,,,,,,,,"FA-DE Spice, Black Pepper, Ground /Gewürz, schwarzer Pfeffer, gemahlen",SPI-00-139334-5,0.57,0.57,grams,,,,0.57,grams
DRY Ranch Seasoning,SUB-013480-4-001,,,,,,,,,,,,,,,,,,,,,"FA-DE Spice, Dill Dried /Gewürz, Dill getrocknet",SPI-00-139349-5,0.35,0.35,grams,,,,0.35,grams
DRY Ranch Seasoning,SUB-013480-4-001,,,,,,,,,,,,,,,,,,,,,"FA-DE Chives, Dried /Schnittlauch, getrocknet",SPI-00-139322-5,0.35,0.35,grams,,,,0.35,grams
DRY Ranch Seasoning,SUB-013480-4-001,,,,,,,,,,,,,,,,,,,,,"FA-DE Spice, Parsley Dried /Gewürze, getrocknete Petersilie",SPI-00-139374-5,0.14,0.14,grams,,,,0.14,grams
Diced Chicken - Garlic & Herb Marinade,SUB-013453-4-001,Chicken CHUNKS - BRINED,SUB-013451-4-001,1560,grams,BRINE,,,,,,,,,,,,,,,,FA-DE Water / Wasser,OTH-00-144038-5,1560,1560,grams,,,0.4978,1560,grams
Diced Chicken - Garlic & Herb Marinade,SUB-013453-4-001,Chicken CHUNKS - BRINED,SUB-013451-4-001,1560,grams,BRINE,,,,,,,,,,,,,,,,"FA-DE Spice, Sea Salt /Gewürze, Meersalz",SPI-00-139378-5,13.76,13.76,grams,,,0.4978,13.76,grams
Diced Chicken - Garlic & Herb Marinade,SUB-013453-4-001,Chicken CHUNKS - BRINED,SUB-013451-4-001,1560,grams,BRINE,,,,,,,,,,,,,,,,"FA-DE Chicken Breast, Chunked, Boneless Skinless /Hähnchenbrust, in Stücken, ohne Knochen und ohne Haut",PTN-00-139314-3,1560,1560,grams,,,0.4978,1560,grams
Diced Chicken - Garlic & Herb Marinade,SUB-013453-4-001,Mod Marinade #4 - Garlic and Herb,SUB-013452-4-001,54.15,grams,IMMERSION BLENDER,,,,,,,,,,,,,,,,"FA-DE Oil, Olive /Öl, Olivenöl",PRO-00-139277-5,29.48,29.48,grams,,,0.98976,29.48,grams
Diced Chicken - Garlic & Herb Marinade,SUB-013453-4-001,Mod Marinade #4 - Garlic and Herb,SUB-013452-4-001,54.15,grams,IMMERSION BLENDER,,,,,,,,,,,,,,,,"FA-DE Vinegar, Red Wine /Essig, Rotwein",PRO-00-139301-5,9.92,9.92,grams,,,0.98976,9.92,grams
Diced Chicken - Garlic & Herb Marinade,SUB-013453-4-001,Mod Marinade #4 - Garlic and Herb,SUB-013452-4-001,54.15,grams,IMMERSION BLENDER,,,,,,,,,,,,,,,,"FA-DE Garlic, IQF, Diced 4 mm /Knoblauch, IQF, gewürfelt 4 mm",PHF-00-139237-1,9.92,9.92,grams,SCHWEFELDIOXIDE UND SULFITE,,0.98976,9.92,grams
Diced Chicken - Garlic & Herb Marinade,SUB-013453-4-001,Mod Marinade #4 - Garlic and Herb,SUB-013452-4-001,54.15,grams,IMMERSION BLENDER,,,,,,,,,,,,,,,,"FA-DE Spice, Garlic Granulated /Gewürz, Knoblauch granuliert",SPI-00-139353-5,2.27,2.27,grams,,,0.98976,2.27,grams
Diced Chicken - Garlic & Herb Marinade,SUB-013453-4-001,Mod Marinade #4 - Garlic and Herb,SUB-013452-4-001,54.15,grams,IMMERSION BLENDER,,,,,,,,,,,,,,,,"FA-DE Spice, Parsley Dried /Gewürze, getrocknete Petersilie",SPI-00-139374-5,1.42,1.42,grams,,,0.98976,1.42,grams
Diced Chicken - Garlic & Herb Marinade,SUB-013453-4-001,Mod Marinade #4 - Garlic and Herb,SUB-013452-4-001,54.15,grams,IMMERSION BLENDER,,,,,,,,,,,,,,,,"FA-DE Spice, Black Pepper, Ground /Gewürz, schwarzer Pfeffer, gemahlen",SPI-00-139334-5,0.57,0.57,grams,,,0.98976,0.57,grams
Diced Chicken - Garlic & Herb Marinade,SUB-013453-4-001,Mod Marinade #4 - Garlic and Herb,SUB-013452-4-001,54.15,grams,IMMERSION BLENDER,,,,,,,,,,,,,,,,"FA-DE Spice, Sea Salt /Gewürze, Meersalz",SPI-00-139378-5,1.13,1.13,grams,,,0.98976,1.13,grams
Dry Ranch Marinade,SUB-031652-4-001,Roasted Garlic (use),SUB-013367-4-001,14.18,grams,"BLAST CHILLER, BRAISER, SPICE PORTIONING",,,,,,,,,,,,,,,,"FA-DE Garlic, Peeled, Whole Cloves [10kg] /Knoblauch, geschält, ganze Nelken [10kg]",PHF-00-139197-3,14.29,14.29,grams,,,0.56691,14.29,grams
Dry Ranch Marinade,SUB-031652-4-001,Roasted Garlic (use),SUB-013367-4-001,14.18,grams,"BLAST CHILLER, BRAISER, SPICE PORTIONING",,,,,,,,,,,,,,,,"FA-DE Oil, Olive /Öl, Olivenöl",PRO-00-139277-5,10.72,10.72,grams,,,0.56691,10.72,grams
Dry Ranch Marinade,SUB-031652-4-001,DRY Ranch Seasoning,SUB-013480-4-001,28.35,grams,"HAND MIX, SPICE PORTIONING",,,,,,,,,,,,,,,,"FA-DE Spice, Buttermilk Powder/Gewürz, Buttermilchpulver",SPI-00-151139-5,17.48,17.48,grams,MILCH (EINSCHLIESSLICH LAKTOSE),,0.97982,17.48,grams
Dry Ranch Marinade,SUB-031652-4-001,DRY Ranch Seasoning,SUB-013480-4-001,28.35,grams,"HAND MIX, SPICE PORTIONING",,,,,,,,,,,,,,,,"FA-DE Spice, Garlic Granulated /Gewürz, Knoblauch granuliert",SPI-00-139353-5,3.67,3.67,grams,,,0.97982,3.67,grams
Dry Ranch Marinade,SUB-031652-4-001,DRY Ranch Seasoning,SUB-013480-4-001,28.35,grams,"HAND MIX, SPICE PORTIONING",,,,,,,,,,,,,,,,"FA-DE Spice, Onion Granulated /Gewürze, Zwiebeln granuliert",SPI-00-139370-5,3.21,3.21,grams,,,0.97982,3.21,grams
Dry Ranch Marinade,SUB-031652-4-001,DRY Ranch Seasoning,SUB-013480-4-001,28.35,grams,"HAND MIX, SPICE PORTIONING",,,,,,,,,,,,,,,,"FA-DE Spice, Black Pepper, Ground /Gewürz, schwarzer Pfeffer, gemahlen",SPI-00-139334-5,1.85,1.85,grams,,,0.97982,1.85,grams
Dry Ranch Marinade,SUB-031652-4-001,DRY Ranch Seasoning,SUB-013480-4-001,28.35,grams,"HAND MIX, SPICE PORTIONING",,,,,,,,,,,,,,,,"FA-DE Spice, Dill Dried /Gewürz, Dill getrocknet",SPI-00-139349-5,1.14,1.14,grams,,,0.97982,1.14,grams
Dry Ranch Marinade,SUB-031652-4-001,DRY Ranch Seasoning,SUB-013480-4-001,28.35,grams,"HAND MIX, SPICE PORTIONING",,,,,,,,,,,,,,,,"FA-DE Chives, Dried /Schnittlauch, getrocknet",SPI-00-139322-5,1.14,1.14,grams,,,0.97982,1.14,grams
Dry Ranch Marinade,SUB-031652-4-001,DRY Ranch Seasoning,SUB-013480-4-001,28.35,grams,"HAND MIX, SPICE PORTIONING",,,,,,,,,,,,,,,,"FA-DE Spice, Parsley Dried /Gewürze, getrocknete Petersilie",SPI-00-139374-5,0.45,0.45,grams,,,0.97982,0.45,grams
Dry Ranch Marinade,SUB-031652-4-001,,,,,,,,,,,,,,,,,,,,,"FA-DE Oil, Olive /Öl, Olivenöl",PRO-00-139277-5,141.75,141.75,grams,,,,141.75,grams
Extra Crispy Diced Bacon,SUB-013468-4-001,,,,,,,,,,,,,,,,,,,,,"FA-DE Bacon, Diced /Speck, gewürfelt",PTN-00-139306-3,1420,1420,grams,,,,1420,grams
FV0024A - Chicken in tomato cream sauce [BNL],REC-013938-4-007,Sauce - Sun-Dried Tomato Sauce - Less Salt,SUB-013571-4-001,140,grams,"BLAST CHILLER, BRAISER, IMMERSION BLENDER, SPICE PORTIONING",,,,,,,,,,,,,,,,"FA-DE Cheese, Parmesan, Grated /Käse, Parmesan, gerieben",DAI-00-139127-3,14.55,14.55,grams,MILCH (EINSCHLIESSLICH LAKTOSE),,0.88017,14.55,grams
FV0024A - Chicken in tomato cream sauce [BNL],REC-013938-4-007,Sauce - Sun-Dried Tomato Sauce - Less Salt,SUB-013571-4-001,140,grams,"BLAST CHILLER, BRAISER, IMMERSION BLENDER, SPICE PORTIONING",,,,,,,,,,,,,,,,"FA-DE Oil, Olive /Öl, Olivenöl",PRO-00-139277-5,8.29,8.29,grams,,,0.88017,8.29,grams
FV0024A - Chicken in tomato cream sauce [BNL],REC-013938-4-007,Sauce - Sun-Dried Tomato Sauce - Less Salt,SUB-013571-4-001,140,grams,"BLAST CHILLER, BRAISER, IMMERSION BLENDER, SPICE PORTIONING",,,,,,,,,,,,,,,,"FA-DE Stock, Chicken, Reduced/Brühe, Huhn, Reduziert",PRO-00-139288-5,1.63,1.63,grams,,,0.88017,1.63,grams
FV0024A - Chicken in tomato cream sauce [BNL],REC-013938-4-007,Sauce - Sun-Dried Tomato Sauce - Less Salt,SUB-013571-4-001,140,grams,"BLAST CHILLER, BRAISER, IMMERSION BLENDER, SPICE PORTIONING",,,,,,,,,,,,,,,,"FA-DE Garlic, IQF, Diced 4 mm /Knoblauch, IQF, gewürfelt 4 mm",PHF-00-139237-1,3.31,3.31,grams,SCHWEFELDIOXIDE UND SULFITE,,0.88017,3.31,grams
FV0024A - Chicken in tomato cream sauce [BNL],REC-013938-4-007,Sauce - Sun-Dried Tomato Sauce - Less Salt,SUB-013571-4-001,140,grams,"BLAST CHILLER, BRAISER, IMMERSION BLENDER, SPICE PORTIONING",Hydrated Sun-Dried Tomatoes,SUB-013501-4-001,14.53,grams,BRAISER,,,,,,,,,,,"FA-DE Tomatoes, Sun - Dried Julienned /Tomaten, sonnengetrocknete Julienne",PRO-00-139296-5,8.07,8.07,grams,,,0.90001,8.07,grams
FV0024A - Chicken in tomato cream sauce [BNL],REC-013938-4-007,Sauce - Sun-Dried Tomato Sauce - Less Salt,SUB-013571-4-001,140,grams,"BLAST CHILLER, BRAISER, IMMERSION BLENDER, SPICE PORTIONING",Hydrated Sun-Dried Tomatoes,SUB-013501-4-001,14.53,grams,BRAISER,,,,,,,,,,,FA-DE Water / Wasser,OTH-00-144038-5,8.07,8.07,grams,,,0.90001,8.07,grams
FV0024A - Chicken in tomato cream sauce [BNL],REC-013938-4-007,Sauce - Sun-Dried Tomato Sauce - Less Salt,SUB-013571-4-001,140,grams,"BLAST CHILLER, BRAISER, IMMERSION BLENDER, SPICE PORTIONING",,,,,,,,,,,,,,,,"FA-DE Spinach, Fresh, Stem Off /Spinat, frisch, ohne Stiel",PHF-00-139225-3,11.64,11.64,grams,,,0.88017,11.64,grams
FV0024A - Chicken in tomato cream sauce [BNL],REC-013938-4-007,Sauce - Sun-Dried Tomato Sauce - Less Salt,SUB-013571-4-001,140,grams,"BLAST CHILLER, BRAISER, IMMERSION BLENDER, SPICE PORTIONING",,,,,,,,,,,,,,,,"FA-DE Spice, Sea Salt /Gewürze, Meersalz",SPI-00-139378-5,0.07,0.07,grams,,,0.88017,0.07,grams
FV0024A - Chicken in tomato cream sauce [BNL],REC-013938-4-007,Sauce - Sun-Dried Tomato Sauce - Less Salt,SUB-013571-4-001,140,grams,"BLAST CHILLER, BRAISER, IMMERSION BLENDER, SPICE PORTIONING",,,,,,,,,,,,,,,,"FA-DE Onion, Spanish, Diced 5mm /Zwiebel, Spanisch, gewürfelt 5 mm",PHF-00-139212-3,14.55,14.55,grams,,,0.88017,14.55,grams
FV0024A - Chicken in tomato cream sauce [BNL],REC-013938-4-007,Sauce - Sun-Dried Tomato Sauce - Less Salt,SUB-013571-4-001,140,grams,"BLAST CHILLER, BRAISER, IMMERSION BLENDER, SPICE PORTIONING",,,,,,,,,,,,,,,,FA-DE Heavy Cream 20% /Sahne 20%,DAI-00-139137-3,90.49,90.49,grams,MILCH (EINSCHLIESSLICH LAKTOSE),,0.88017,90.49,grams
FV0024A - Chicken in tomato cream sauce [BNL],REC-013938-4-007,Chicken breast - Sun-Dried Tomato Chicken Batch - Grilled 160g,SUB-013572-4-001,1,each,"BLAST CHILLER, GRILL, MARINADE, OVEN",,,,,,,,,,,,,,,,"FA-DE Spice, Black Pepper, Ground /Gewürz, schwarzer Pfeffer, gemahlen",SPI-00-139334-5,0.14,0.14,grams,,,0.7011,0.14,grams
FV0024A - Chicken in tomato cream sauce [BNL],REC-013938-4-007,Chicken breast - Sun-Dried Tomato Chicken Batch - Grilled 160g,SUB-013572-4-001,1,each,"BLAST CHILLER, GRILL, MARINADE, OVEN",,,,,,,,,,,,,,,,"FA-DE Spice, Oregano Dry /Gewürz, Oregano trocken",SPI-00-139372-5,0.14,0.14,grams,,,0.7011,0.14,grams
FV0024A - Chicken in tomato cream sauce [BNL],REC-013938-4-007,Chicken breast - Sun-Dried Tomato Chicken Batch - Grilled 160g,SUB-013572-4-001,1,each,"BLAST CHILLER, GRILL, MARINADE, OVEN",,,,,,,,,,,,,,,,"FA-DE Spice, Onion Granulated /Gewürze, Zwiebeln granuliert",SPI-00-139370-5,0.23,0.23,grams,,,0.7011,0.23,grams
FV0024A - Chicken in tomato cream sauce [BNL],REC-013938-4-007,Chicken breast - Sun-Dried Tomato Chicken Batch - Grilled 160g,SUB-013572-4-001,1,each,"BLAST CHILLER, GRILL, MARINADE, OVEN",,,,,,,,,,,,,,,,"FA-DE Spice, Crushed Red Pepper Flakes /Gewürz, zerkleinerte rote Pfefferflocken",SPI-00-139344-5,0.09,0.09,grams,,,0.7011,0.09,grams
FV0024A - Chicken in tomato cream sauce [BNL],REC-013938-4-007,Chicken breast - Sun-Dried Tomato Chicken Batch - Grilled 160g,SUB-013572-4-001,1,each,"BLAST CHILLER, GRILL, MARINADE, OVEN",,,,,,,,,,,,,,,,"FA-DE Spice, Garlic Granulated /Gewürz, Knoblauch granuliert",SPI-00-139353-5,0.43,0.43,grams,,,0.7011,0.43,grams
FV0024A - Chicken in tomato cream sauce [BNL],REC-013938-4-007,Chicken breast - Sun-Dried Tomato Chicken Batch - Grilled 160g,SUB-013572-4-001,1,each,"BLAST CHILLER, GRILL, MARINADE, OVEN",,,,,,,,,,,,,,,,"FA-DE Vinegar, Red Wine /Essig, Rotwein",PRO-00-139301-5,2.3,2.3,grams,,,0.7011,2.3,grams
FV0024A - Chicken in tomato cream sauce [BNL],REC-013938-4-007,Chicken breast - Sun-Dried Tomato Chicken Batch - Grilled 160g,SUB-013572-4-001,1,each,"BLAST CHILLER, GRILL, MARINADE, OVEN",Chicken Breast - BRINED 160g,SUB-013527-4-001,160,grams,BRINE,,,,,,,,,,,"FA-DE Chicken, Breast, B/S - 160g/Hähnchen, Brust, B/S – 160 g",PTN-00-139317-3,160,160,grams,,,0.4978,160,grams
FV0024A - Chicken in tomato cream sauce [BNL],REC-013938-4-007,Chicken breast - Sun-Dried Tomato Chicken Batch - Grilled 160g,SUB-013572-4-001,1,each,"BLAST CHILLER, GRILL, MARINADE, OVEN",Chicken Breast - BRINED 160g,SUB-013527-4-001,160,grams,BRINE,,,,,,,,,,,FA-DE Water / Wasser,OTH-00-144038-5,160,160,grams,,,0.4978,160,grams
FV0024A - Chicken in tomato cream sauce [BNL],REC-013938-4-007,Chicken breast - Sun-Dried Tomato Chicken Batch - Grilled 160g,SUB-013572-4-001,1,each,"BLAST CHILLER, GRILL, MARINADE, OVEN",Chicken Breast - BRINED 160g,SUB-013527-4-001,160,grams,BRINE,,,,,,,,,,,"FA-DE Spice, Sea Salt /Gewürze, Meersalz",SPI-00-139378-5,1.41,1.41,grams,,,0.4978,1.41,grams
FV0024A - Chicken in tomato cream sauce [BNL],REC-013938-4-007,Chicken breast - Sun-Dried Tomato Chicken Batch - Grilled 160g,SUB-013572-4-001,1,each,"BLAST CHILLER, GRILL, MARINADE, OVEN",,,,,,,,,,,,,,,,"FA-DE Parsley, Chopped /Petersilie, gehackt",PHF-00-139215-3,0.46,0.46,grams,,,0.7011,0.46,grams
FV0024A - Chicken in tomato cream sauce [BNL],REC-013938-4-007,Chicken breast - Sun-Dried Tomato Chicken Batch - Grilled 160g,SUB-013572-4-001,1,each,"BLAST CHILLER, GRILL, MARINADE, OVEN",,,,,,,,,,,,,,,,"FA-DE Oil, Olive /Öl, Olivenöl",PRO-00-139277-5,6.8,6.8,grams,,,0.7011,6.8,grams
FV0024A - Chicken in tomato cream sauce [BNL],REC-013938-4-007,Chicken breast - Sun-Dried Tomato Chicken Batch - Grilled 160g,SUB-013572-4-001,1,each,"BLAST CHILLER, GRILL, MARINADE, OVEN",Basil - Picked Basil Leaves,SUB-013424-4-001,0.57,grams,"DEBOX, STAGING",,,,,,,,,,,"FA-DE Basil, Fresh /Basilikum, frisch",PHF-00-139175-3,1.02,1.02,grams,,,0.55986,1.02,grams
FV0024A - Chicken in tomato cream sauce [BNL],REC-013938-4-007,Cooked Courgette Noodles - No Salt,SUB-013573-4-001,100,grams,"BLAST CHILLER, HAND MARINADE, OVEN",,,,,,,,,,,,,,,,"FA-DE Oil, Olive /Öl, Olivenöl",PRO-00-139277-5,8.07,8.07,grams,,,0.68363,8.07,grams
FV0024A - Chicken in tomato cream sauce [BNL],REC-013938-4-007,Cooked Courgette Noodles - No Salt,SUB-013573-4-001,100,grams,"BLAST CHILLER, HAND MARINADE, OVEN",,,,,,,,,,,,,,,,"FA-DE Zucchini, Spiralized Noodles /Zucchini, Spiralnudeln",PHF-00-139230-3,138.21,138.21,grams,,,0.68363,138.21,grams
FV0035A - Salmon with pesto [BNL],REC-013940-4-007,Spinach - Creamed Spinach,SUB-013867-4-001,115,grams,"BLAST CHILLER, HAND MIX",,,,,,,,,,,,,,,,"FA-DE Spice, Sea Salt /Gewürze, Meersalz",SPI-00-139378-5,0.14,0.14,grams,,,0.84,0.14,grams
FV0035A - Salmon with pesto [BNL],REC-013940-4-007,Spinach - Creamed Spinach,SUB-013867-4-001,115,grams,"BLAST CHILLER, HAND MIX",,,,,,,,,,,,,,,,"FA-DE Onion, Spanish, Diced 5mm /Zwiebel, Spanisch, gewürfelt 5 mm",PHF-00-139212-3,12.01,12.01,grams,,,0.84,12.01,grams
FV0035A - Salmon with pesto [BNL],REC-013940-4-007,Spinach - Creamed Spinach,SUB-013867-4-001,115,grams,"BLAST CHILLER, HAND MIX",,,,,,,,,,,,,,,,"FA-DE Cheese, Parmesan, Grated /Käse, Parmesan, gerieben",DAI-00-139127-3,9.01,9.01,grams,MILCH (EINSCHLIESSLICH LAKTOSE),,0.84,9.01,grams
FV0035A - Salmon with pesto [BNL],REC-013940-4-007,Spinach - Creamed Spinach,SUB-013867-4-001,115,grams,"BLAST CHILLER, HAND MIX",Thawed & Squeezed Frozen Spinach,SUB-013405-4-001,71.01,grams,"BLAST CHILLER, HAND MIX, OVEN",,,,,,,,,,,"FA-DE Spinach, Frozen Leaf/Spinat, gefrorener Blattspinat",PHF-00-139242-1,88.66,88.66,grams,,,0.80087,88.66,grams
FV0035A - Salmon with pesto [BNL],REC-013940-4-007,Spinach - Creamed Spinach,SUB-013867-4-001,115,grams,"BLAST CHILLER, HAND MIX",,,,,,,,,,,,,,,,"FA-DE Oil, Olive /Öl, Olivenöl",PRO-00-139277-5,3.01,3.01,grams,,,0.84,3.01,grams
FV0035A - Salmon with pesto [BNL],REC-013940-4-007,Spinach - Creamed Spinach,SUB-013867-4-001,115,grams,"BLAST CHILLER, HAND MIX",,,,,,,,,,,,,,,,"FA-DE Cheese, Cream, 13% Fat (Milk) /Käse, Sahne, 13% Fett",DAI-00-139122-3,38.73,38.73,grams,MILCH (EINSCHLIESSLICH LAKTOSE),,0.84,38.73,grams
FV0035A - Salmon with pesto [BNL],REC-013940-4-007,Spinach - Creamed Spinach,SUB-013867-4-001,115,grams,"BLAST CHILLER, HAND MIX",,,,,,,,,,,,,,,,"FA-DE Garlic, IQF, Diced 4 mm /Knoblauch, IQF, gewürfelt 4 mm",PHF-00-139237-1,3.01,3.01,grams,SCHWEFELDIOXIDE UND SULFITE,,0.84,3.01,grams
FV0035A - Salmon with pesto [BNL],REC-013940-4-007,Salmon - garlic seasoning,SUB-013382-4-001,1,each,"BLAST CHILLER, HAND MARINADE, OVEN, THAW",,,,,,,,,,,,,,,,"FA-DE Salmon, Skinless, Boneless, Filet/Lachs, ohne Haut, ohne Knochen, Filet - IQF",PTN-00-139968-1,140,140,grams,FISCH,,0.81816,140,grams
FV0035A - Salmon with pesto [BNL],REC-013940-4-007,Salmon - garlic seasoning,SUB-013382-4-001,1,each,"BLAST CHILLER, HAND MARINADE, OVEN, THAW",,,,,,,,,,,,,,,,"FA-DE Spice, Sea Salt /Gewürze, Meersalz",SPI-00-139378-5,0.42,0.42,grams,,,0.81816,0.42,grams
FV0035A - Salmon with pesto [BNL],REC-013940-4-007,Salmon - garlic seasoning,SUB-013382-4-001,1,each,"BLAST CHILLER, HAND MARINADE, OVEN, THAW",,,,,,,,,,,,,,,,"FA-DE Spice, Garlic Granulated /Gewürz, Knoblauch granuliert",SPI-00-139353-5,0.14,0.14,grams,,,0.81816,0.14,grams
FV0035A - Salmon with pesto [BNL],REC-013940-4-007,Sauce - Pesto,SUB-013665-4-001,30,grams,"BLAST CHILLER, IMMERSION BLENDER",Toasted Sliced Almonds,SUB-013495-4-001,2.91,grams,"BLAST CHILLER, HAND MARINADE, OVEN",,,,,,,,,,,"FA-DE Almond, Sliced, Blanched /Mandeln, geschnitten, blanchiert",SPI-00-139147-5,3.03,3.03,grams,"MANDELN, SCHALENFRÜCHTE",,0.96089,3.03,grams
FV0035A - Salmon with pesto [BNL],REC-013940-4-007,Sauce - Pesto,SUB-013665-4-001,30,grams,"BLAST CHILLER, IMMERSION BLENDER",,,,,,,,,,,,,,,,"FA-DE Cheese, Parmesan, Grated /Käse, Parmesan, gerieben",DAI-00-139127-3,3.72,3.72,grams,MILCH (EINSCHLIESSLICH LAKTOSE),,0.95726,3.72,grams
FV0035A - Salmon with pesto [BNL],REC-013940-4-007,Sauce - Pesto,SUB-013665-4-001,30,grams,"BLAST CHILLER, IMMERSION BLENDER",,,,,,,,,,,,,,,,"FA-DE Spice, Sea Salt /Gewürze, Meersalz",SPI-00-139378-5,0.15,0.15,grams,,,0.95726,0.15,grams
FV0035A - Salmon with pesto [BNL],REC-013940-4-007,Sauce - Pesto,SUB-013665-4-001,30,grams,"BLAST CHILLER, IMMERSION BLENDER",,,,,,,,,,,,,,,,"FA-DE Oil, Olive /Öl, Olivenöl",PRO-00-139277-5,17.24,17.24,grams,,,0.95726,17.24,grams
FV0035A - Salmon with pesto [BNL],REC-013940-4-007,Sauce - Pesto,SUB-013665-4-001,30,grams,"BLAST CHILLER, IMMERSION BLENDER",Basil Kill Step,SUB-024331-4-001,3.55,grams,"BLAST CHILLER, OVEN",Basil - Picked Basil Leaves,SUB-013424-4-001,3.94,grams,"DEBOX, STAGING",,,,,,"FA-DE Basil, Fresh /Basilikum, frisch",PHF-00-139175-3,7.04,7.04,grams,,,0.55986,7.04,grams
FV0035A - Salmon with pesto [BNL],REC-013940-4-007,Sauce - Pesto,SUB-013665-4-001,30,grams,"BLAST CHILLER, IMMERSION BLENDER",,,,,,,,,,,,,,,,"FA-DE Spice, Garlic Granulated /Gewürz, Knoblauch granuliert",SPI-00-139353-5,0.15,0.15,grams,,,0.95726,0.15,grams
FV0035A - Salmon with pesto [BNL],REC-013940-4-007,Sauce - Pesto,SUB-013665-4-001,30,grams,"BLAST CHILLER, IMMERSION BLENDER",Fresh Spinach Kill Step,SUB-024333-4-001,3.63,grams,"BLAST CHILLER, OVEN",,,,,,,,,,,"FA-DE Spinach, Fresh, Stem Off /Spinat, frisch, ohne Stiel",PHF-00-139225-3,4.03,4.03,grams,,,0.9,4.03,grams
FV0035A - Salmon with pesto [BNL],REC-013940-4-007,S&P Roasted Green Beans 1,SUB-014184-4-001,90,grams,"BLAST CHILLER, OVEN",,,,,,,,,,,,,,,,"FA-DE Oil, Olive /Öl, Olivenöl",PRO-00-139277-5,7.62,7.62,grams,,,0.74605,7.62,grams
FV0035A - Salmon with pesto [BNL],REC-013940-4-007,S&P Roasted Green Beans 1,SUB-014184-4-001,90,grams,"BLAST CHILLER, OVEN",,,,,,,,,,,,,,,,"FA-DE Spice, Sea Salt /Gewürze, Meersalz",SPI-00-139378-5,0.45,0.45,grams,,,0.74605,0.45,grams
FV0035A - Salmon with pesto [BNL],REC-013940-4-007,S&P Roasted Green Beans 1,SUB-014184-4-001,90,grams,"BLAST CHILLER, OVEN",,,,,,,,,,,,,,,,"FA-DE Spice, Black Pepper, Ground /Gewürz, schwarzer Pfeffer, gemahlen",SPI-00-139334-5,0.22,0.22,grams,,,0.74605,0.22,grams
FV0035A - Salmon with pesto [BNL],REC-013940-4-007,S&P Roasted Green Beans 1,SUB-014184-4-001,90,grams,"BLAST CHILLER, OVEN",,,,,,,,,,,,,,,,"FA-DE Green Beans, Fresh and Trimmed/Grüne Bohnen, frisch und geschnitten",PHF-00-139198-3,112.35,112.35,grams,,,0.74605,112.35,grams
FV0035A - Salmon with pesto [BNL],REC-013940-4-007,Compound butter - Sun-Dried Tomato,SUB-013608-4-001,14,grams,"BLAST CHILLER, PLANETARY MIXER, SCOOPER (BUTTER)",,,,,,,,,,,,,,,,"FA-DE Spice, Garlic Granulated /Gewürz, Knoblauch granuliert",SPI-00-139353-5,0.04,0.04,grams,,,1.0,0.04,grams
FV0035A - Salmon with pesto [BNL],REC-013940-4-007,Compound butter - Sun-Dried Tomato,SUB-013608-4-001,14,grams,"BLAST CHILLER, PLANETARY MIXER, SCOOPER (BUTTER)",Roasted Garlic (use),SUB-013367-4-001,1.16,grams,"BLAST CHILLER, BRAISER, SPICE PORTIONING",,,,,,,,,,,"FA-DE Garlic, Peeled, Whole Cloves [10kg] /Knoblauch, geschält, ganze Nelken [10kg]",PHF-00-139197-3,1.17,1.17,grams,,,0.56691,1.17,grams
FV0035A - Salmon with pesto [BNL],REC-013940-4-007,Compound butter - Sun-Dried Tomato,SUB-013608-4-001,14,grams,"BLAST CHILLER, PLANETARY MIXER, SCOOPER (BUTTER)",Roasted Garlic (use),SUB-013367-4-001,1.16,grams,"BLAST CHILLER, BRAISER, SPICE PORTIONING",,,,,,,,,,,"FA-DE Oil, Olive /Öl, Olivenöl",PRO-00-139277-5,0.88,0.88,grams,,,0.56691,0.88,grams
FV0035A - Salmon with pesto [BNL],REC-013940-4-007,Compound butter - Sun-Dried Tomato,SUB-013608-4-001,14,grams,"BLAST CHILLER, PLANETARY MIXER, SCOOPER (BUTTER)",,,,,,,,,,,,,,,,"FA-DE Butter, Unsalted /Butter, ungesalzen",DAI-00-139146-3,9.32,9.32,grams,MILCH (EINSCHLIESSLICH LAKTOSE),,1.0,9.32,grams
FV0035A - Salmon with pesto [BNL],REC-013940-4-007,Compound butter - Sun-Dried Tomato,SUB-013608-4-001,14,grams,"BLAST CHILLER, PLANETARY MIXER, SCOOPER (BUTTER)",,,,,,,,,,,,,,,,"FA-DE Spice, Sea Salt /Gewürze, Meersalz",SPI-00-139378-5,0.19,0.19,grams,,,1.0,0.19,grams
FV0035A - Salmon with pesto [BNL],REC-013940-4-007,Compound butter - Sun-Dried Tomato,SUB-013608-4-001,14,grams,"BLAST CHILLER, PLANETARY MIXER, SCOOPER (BUTTER)",Sun-Dried Tomato + Basil Puree,SUB-029076-4-001,3.29,grams,BRAISER,,,,,,,,,,,FA-DE Water / Wasser,OTH-00-144038-5,1.74,1.74,grams,,,0.90035,1.74,grams
FV0035A - Salmon with pesto [BNL],REC-013940-4-007,Compound butter - Sun-Dried Tomato,SUB-013608-4-001,14,grams,"BLAST CHILLER, PLANETARY MIXER, SCOOPER (BUTTER)",Sun-Dried Tomato + Basil Puree,SUB-029076-4-001,3.29,grams,BRAISER,Basil - Picked Basil Leaves,SUB-013424-4-001,0.18,grams,"DEBOX, STAGING",,,,,,"FA-DE Basil, Fresh /Basilikum, frisch",PHF-00-139175-3,0.32,0.32,grams,,,0.55986,0.32,grams
FV0035A - Salmon with pesto [BNL],REC-013940-4-007,Compound butter - Sun-Dried Tomato,SUB-013608-4-001,14,grams,"BLAST CHILLER, PLANETARY MIXER, SCOOPER (BUTTER)",Sun-Dried Tomato + Basil Puree,SUB-029076-4-001,3.29,grams,BRAISER,,,,,,,,,,,"FA-DE Tomatoes, Sun - Dried Julienned /Tomaten, sonnengetrocknete Julienne",PRO-00-139296-5,1.74,1.74,grams,,,0.90035,1.74,grams
FV0131A - Black bean bowl and enchilada sauce [DKSE],REC-013918-4-005,Rice - Enchilada Bowl Rice,SUB-013914-4-001,100,grams,"BLAST CHILLER, HAND MIX",Cooked Red Onions + Garlic,SUB-013687-4-001,11.63,grams,"BLAST CHILLER, OVEN",,,,,,,,,,,"FA-DE Oil, Olive /Öl, Olivenöl",PRO-00-139277-5,1.35,1.35,grams,,,0.81104,1.35,grams
FV0131A - Black bean bowl and enchilada sauce [DKSE],REC-013918-4-005,Rice - Enchilada Bowl Rice,SUB-013914-4-001,100,grams,"BLAST CHILLER, HAND MIX",Cooked Red Onions + Garlic,SUB-013687-4-001,11.63,grams,"BLAST CHILLER, OVEN",,,,,,,,,,,"FA-DE Onion, Red, Diced 5mm /Zwiebeln, rot, gewürfelt 5 mm",PHF-00-139213-3,10.27,10.27,grams,,,0.81104,10.27,grams
FV0131A - Black bean bowl and enchilada sauce [DKSE],REC-013918-4-005,Rice - Enchilada Bowl Rice,SUB-013914-4-001,100,grams,"BLAST CHILLER, HAND MIX",Cooked Red Onions + Garlic,SUB-013687-4-001,11.63,grams,"BLAST CHILLER, OVEN",,,,,,,,,,,"FA-DE Garlic, IQF, Diced 4 mm /Knoblauch, IQF, gewürfelt 4 mm",PHF-00-139237-1,2.71,2.71,grams,SCHWEFELDIOXIDE UND SULFITE,,0.81104,2.71,grams
FV0131A - Black bean bowl and enchilada sauce [DKSE],REC-013918-4-005,Rice - Enchilada Bowl Rice,SUB-013914-4-001,100,grams,"BLAST CHILLER, HAND MIX",Rice - Cooked Rice for Enchilada Bowl,SUB-013912-4-001,69.77,grams,"BLAST CHILLER, OVEN",,,,,,,,,,,"FA-DE Spice, Cumin Ground /Gewürz, gemahlener Kreuzkümmel",SPI-00-139345-5,0.13,0.13,grams,,,1.1106,0.13,grams
FV0131A - Black bean bowl and enchilada sauce [DKSE],REC-013918-4-005,Rice - Enchilada Bowl Rice,SUB-013914-4-001,100,grams,"BLAST CHILLER, HAND MIX",Rice - Cooked Rice for Enchilada Bowl,SUB-013912-4-001,69.77,grams,"BLAST CHILLER, OVEN",,,,,,,,,,,FA-DE Water / Wasser,OTH-00-144038-5,33.14,33.14,grams,,,1.1106,33.14,grams
FV0131A - Black bean bowl and enchilada sauce [DKSE],REC-013918-4-005,Rice - Enchilada Bowl Rice,SUB-013914-4-001,100,grams,"BLAST CHILLER, HAND MIX",Rice - Cooked Rice for Enchilada Bowl,SUB-013912-4-001,69.77,grams,"BLAST CHILLER, OVEN",,,,,,,,,,,"FA-DE Rice, Basmati, Brown /Reis, Basmati, braun",DRY-00-139168-5,14.13,14.13,grams,,,1.1106,14.13,grams
FV0131A - Black bean bowl and enchilada sauce [DKSE],REC-013918-4-005,Rice - Enchilada Bowl Rice,SUB-013914-4-001,100,grams,"BLAST CHILLER, HAND MIX",Rice - Cooked Rice for Enchilada Bowl,SUB-013912-4-001,69.77,grams,"BLAST CHILLER, OVEN",,,,,,,,,,,"FA-DE Spice, Garlic Powder, Toasted /Gewürz, Knoblauchpulver, geröstet",SPI-00-139354-5,0.07,0.07,grams,,,1.1106,0.07,grams
FV0131A - Black bean bowl and enchilada sauce [DKSE],REC-013918-4-005,Rice - Enchilada Bowl Rice,SUB-013914-4-001,100,grams,"BLAST CHILLER, HAND MIX",Rice - Cooked Rice for Enchilada Bowl,SUB-013912-4-001,69.77,grams,"BLAST CHILLER, OVEN",,,,,,,,,,,"FA-DE Spice, Paprika /Gewürze, Paprika",SPI-00-139373-5,0.07,0.07,grams,,,1.1106,0.07,grams
FV0131A - Black bean bowl and enchilada sauce [DKSE],REC-013918-4-005,Rice - Enchilada Bowl Rice,SUB-013914-4-001,100,grams,"BLAST CHILLER, HAND MIX",Rice - Cooked Rice for Enchilada Bowl,SUB-013912-4-001,69.77,grams,"BLAST CHILLER, OVEN",,,,,,,,,,,"FA-DE Stock Concentrate, Mirepoix /Stammkonzentrat, Mirepoix",PRO-00-139287-5,6.26,6.26,grams,SELLERIE,,1.1106,6.26,grams
FV0131A - Black bean bowl and enchilada sauce [DKSE],REC-013918-4-005,Rice - Enchilada Bowl Rice,SUB-013914-4-001,100,grams,"BLAST CHILLER, HAND MIX",Rice - Cooked Rice for Enchilada Bowl,SUB-013912-4-001,69.77,grams,"BLAST CHILLER, OVEN",,,,,,,,,,,"FA-DE Spice, Sea Salt /Gewürze, Meersalz",SPI-00-139378-5,0.05,0.05,grams,,,1.1106,0.05,grams
FV0131A - Black bean bowl and enchilada sauce [DKSE],REC-013918-4-005,Rice - Enchilada Bowl Rice,SUB-013914-4-001,100,grams,"BLAST CHILLER, HAND MIX",Rice - Cooked Rice for Enchilada Bowl,SUB-013912-4-001,69.77,grams,"BLAST CHILLER, OVEN",,,,,,,,,,,"FA-DE Tomatoes, Concentrated Crushed /Tomaten, konzentriert, zerkleinert",PRO-00-139293-5,8.97,8.97,grams,,,1.1106,8.97,grams
FV0131A - Black bean bowl and enchilada sauce [DKSE],REC-013918-4-005,Rice - Enchilada Bowl Rice,SUB-013914-4-001,100,grams,"BLAST CHILLER, HAND MIX",Sauce - Green Chili Salsa Verde,SUB-013913-4-001,18.6,grams,HAND MIX,,,,,,,,,,,"FA-DE Juice, Lime /Saft, Limette",PRO-00-139268-5,1.15,1.15,grams,,,0.91087,1.15,grams
FV0131A - Black bean bowl and enchilada sauce [DKSE],REC-013918-4-005,Rice - Enchilada Bowl Rice,SUB-013914-4-001,100,grams,"BLAST CHILLER, HAND MIX",Sauce - Green Chili Salsa Verde,SUB-013913-4-001,18.6,grams,HAND MIX,,,,,,,,,,,"FA-DE Oil, Olive /Öl, Olivenöl",PRO-00-139277-5,0.29,0.29,grams,,,0.91087,0.29,grams
FV0131A - Black bean bowl and enchilada sauce [DKSE],REC-013918-4-005,Rice - Enchilada Bowl Rice,SUB-013914-4-001,100,grams,"BLAST CHILLER, HAND MIX",Sauce - Green Chili Salsa Verde,SUB-013913-4-001,18.6,grams,HAND MIX,,,,,,,,,,,"FA-DE Garlic, IQF, Diced 4 mm /Knoblauch, IQF, gewürfelt 4 mm",PHF-00-139237-1,1.15,1.15,grams,SCHWEFELDIOXIDE UND SULFITE,,0.91087,1.15,grams
FV0131A - Black bean bowl and enchilada sauce [DKSE],REC-013918-4-005,Rice - Enchilada Bowl Rice,SUB-013914-4-001,100,grams,"BLAST CHILLER, HAND MIX",Sauce - Green Chili Salsa Verde,SUB-013913-4-001,18.6,grams,HAND MIX,,,,,,,,,,,"FA-DE Spice, Sea Salt /Gewürze, Meersalz",SPI-00-139378-5,0.11,0.11,grams,,,0.91087,0.11,grams
FV0131A - Black bean bowl and enchilada sauce [DKSE],REC-013918-4-005,Rice - Enchilada Bowl Rice,SUB-013914-4-001,100,grams,"BLAST CHILLER, HAND MIX",Sauce - Green Chili Salsa Verde,SUB-013913-4-001,18.6,grams,HAND MIX,,,,,,,,,,,"FA-DE Jalapeno Peppers, Diced 5mm /Jalapeno-Paprikaschoten, gewürfelt, 5 mm",PHF-00-139201-3,15.51,15.51,grams,,,0.91087,15.51,grams
FV0131A - Black bean bowl and enchilada sauce [DKSE],REC-013918-4-005,Rice - Enchilada Bowl Rice,SUB-013914-4-001,100,grams,"BLAST CHILLER, HAND MIX",Sauce - Green Chili Salsa Verde,SUB-013913-4-001,18.6,grams,HAND MIX,,,,,,,,,,,"FA-DE Spice, Cumin Ground /Gewürz, gemahlener Kreuzkümmel",SPI-00-139345-5,0.03,0.03,grams,,,0.91087,0.03,grams
FV0131A - Black bean bowl and enchilada sauce [DKSE],REC-013918-4-005,Rice - Enchilada Bowl Rice,SUB-013914-4-001,100,grams,"BLAST CHILLER, HAND MIX",Sauce - Green Chili Salsa Verde,SUB-013913-4-001,18.6,grams,HAND MIX,,,,,,,,,,,"FA-DE Onion, Spanish, Diced 5mm /Zwiebel, Spanisch, gewürfelt 5 mm",PHF-00-139212-3,1.15,1.15,grams,,,0.91087,1.15,grams
FV0131A - Black bean bowl and enchilada sauce [DKSE],REC-013918-4-005,Rice - Enchilada Bowl Rice,SUB-013914-4-001,100,grams,"BLAST CHILLER, HAND MIX",Sauce - Green Chili Salsa Verde,SUB-013913-4-001,18.6,grams,HAND MIX,,,,,,,,,,,"FA-DE Coriander, Chopped /Koriander, gehackt",PHF-00-139192-3,1.04,1.04,grams,,,0.91087,1.04,grams
FV0131A - Black bean bowl and enchilada sauce [DKSE],REC-013918-4-005,Black Bean Enchilada Mix,SUB-013916-4-001,120,grams,"BLAST CHILLER, HAND MIX",Sauce - Red Chili Sauce - Vegetarian,SUB-013614-4-001,60.21,grams,"BLAST CHILLER, BRAISER, IMMERSION BLENDER, SPICE PORTIONING",,,,,,,,,,,"FA-DE Coriander, Chopped /Koriander, gehackt",PHF-00-139192-3,3.28,3.28,grams,,,0.8673,3.28,grams
FV0131A - Black bean bowl and enchilada sauce [DKSE],REC-013918-4-005,Black Bean Enchilada Mix,SUB-013916-4-001,120,grams,"BLAST CHILLER, HAND MIX",Sauce - Red Chili Sauce - Vegetarian,SUB-013614-4-001,60.21,grams,"BLAST CHILLER, BRAISER, IMMERSION BLENDER, SPICE PORTIONING",,,,,,,,,,,"FA-DE Spice, Guajillo Peppers, Ground /Gewürze, Guajillo-Paprikaschoten, gemahlen",SPI-00-139358-5,0.81,0.81,grams,,,0.8673,0.81,grams
FV0131A - Black bean bowl and enchilada sauce [DKSE],REC-013918-4-005,Black Bean Enchilada Mix,SUB-013916-4-001,120,grams,"BLAST CHILLER, HAND MIX",Sauce - Red Chili Sauce - Vegetarian,SUB-013614-4-001,60.21,grams,"BLAST CHILLER, BRAISER, IMMERSION BLENDER, SPICE PORTIONING",,,,,,,,,,,"FA-DE Spice, Smoked Paprika /Gewürz, geräucherter Paprika",SPI-00-139383-5,0.15,0.15,grams,,,0.8673,0.15,grams
FV0131A - Black bean bowl and enchilada sauce [DKSE],REC-013918-4-005,Black Bean Enchilada Mix,SUB-013916-4-001,120,grams,"BLAST CHILLER, HAND MIX",Sauce - Red Chili Sauce - Vegetarian,SUB-013614-4-001,60.21,grams,"BLAST CHILLER, BRAISER, IMMERSION BLENDER, SPICE PORTIONING",,,,,,,,,,,FA-DE Tomato Paste /Tomatenmark,PRO-00-139292-5,13.91,13.91,grams,,,0.8673,13.91,grams
FV0131A - Black bean bowl and enchilada sauce [DKSE],REC-013918-4-005,Black Bean Enchilada Mix,SUB-013916-4-001,120,grams,"BLAST CHILLER, HAND MIX",Sauce - Red Chili Sauce - Vegetarian,SUB-013614-4-001,60.21,grams,"BLAST CHILLER, BRAISER, IMMERSION BLENDER, SPICE PORTIONING",,,,,,,,,,,"FA-DE Onion, Spanish, Diced 5mm /Zwiebel, Spanisch, gewürfelt 5 mm",PHF-00-139212-3,10.63,10.63,grams,,,0.8673,10.63,grams
FV0131A - Black bean bowl and enchilada sauce [DKSE],REC-013918-4-005,Black Bean Enchilada Mix,SUB-013916-4-001,120,grams,"BLAST CHILLER, HAND MIX",Sauce - Red Chili Sauce - Vegetarian,SUB-013614-4-001,60.21,grams,"BLAST CHILLER, BRAISER, IMMERSION BLENDER, SPICE PORTIONING",,,,,,,,,,,"FA-DE Spice, Oregano Dry /Gewürz, Oregano trocken",SPI-00-139372-5,0.15,0.15,grams,,,0.8673,0.15,grams
FV0131A - Black bean bowl and enchilada sauce [DKSE],REC-013918-4-005,Black Bean Enchilada Mix,SUB-013916-4-001,120,grams,"BLAST CHILLER, HAND MIX",Sauce - Red Chili Sauce - Vegetarian,SUB-013614-4-001,60.21,grams,"BLAST CHILLER, BRAISER, IMMERSION BLENDER, SPICE PORTIONING",,,,,,,,,,,"FA-DE Oil, Olive /Öl, Olivenöl",PRO-00-139277-5,4.09,4.09,grams,,,0.8673,4.09,grams
FV0131A - Black bean bowl and enchilada sauce [DKSE],REC-013918-4-005,Black Bean Enchilada Mix,SUB-013916-4-001,120,grams,"BLAST CHILLER, HAND MIX",Sauce - Red Chili Sauce - Vegetarian,SUB-013614-4-001,60.21,grams,"BLAST CHILLER, BRAISER, IMMERSION BLENDER, SPICE PORTIONING",,,,,,,,,,,"FA-DE Spice, Garlic Granulated /Gewürz, Knoblauch granuliert",SPI-00-139353-5,0.15,0.15,grams,,,0.8673,0.15,grams
FV0131A - Black bean bowl and enchilada sauce [DKSE],REC-013918-4-005,Black Bean Enchilada Mix,SUB-013916-4-001,120,grams,"BLAST CHILLER, HAND MIX",Sauce - Red Chili Sauce - Vegetarian,SUB-013614-4-001,60.21,grams,"BLAST CHILLER, BRAISER, IMMERSION BLENDER, SPICE PORTIONING",,,,,,,,,,,FA-DE Water / Wasser,OTH-00-144038-5,22.1,22.1,grams,,,0.8673,22.1,grams
FV0131A - Black bean bowl and enchilada sauce [DKSE],REC-013918-4-005,Black Bean Enchilada Mix,SUB-013916-4-001,120,grams,"BLAST CHILLER, HAND MIX",Sauce - Red Chili Sauce - Vegetarian,SUB-013614-4-001,60.21,grams,"BLAST CHILLER, BRAISER, IMMERSION BLENDER, SPICE PORTIONING",,,,,,,,,,,"FA-DE Spice, Brown Chipotle Chile Powder /Gewürz, braunes Chipotle-Chili-Pulver",SPI-00-139335-5,0.24,0.24,grams,,,0.8673,0.24,grams
FV0131A - Black bean bowl and enchilada sauce [DKSE],REC-013918-4-005,Black Bean Enchilada Mix,SUB-013916-4-001,120,grams,"BLAST CHILLER, HAND MIX",Sauce - Red Chili Sauce - Vegetarian,SUB-013614-4-001,60.21,grams,"BLAST CHILLER, BRAISER, IMMERSION BLENDER, SPICE PORTIONING",,,,,,,,,,,"FA-DE Spice, Cumin Ground /Gewürz, gemahlener Kreuzkümmel",SPI-00-139345-5,0.48,0.48,grams,,,0.8673,0.48,grams
FV0131A - Black bean bowl and enchilada sauce [DKSE],REC-013918-4-005,Black Bean Enchilada Mix,SUB-013916-4-001,120,grams,"BLAST CHILLER, HAND MIX",Sauce - Red Chili Sauce - Vegetarian,SUB-013614-4-001,60.21,grams,"BLAST CHILLER, BRAISER, IMMERSION BLENDER, SPICE PORTIONING",,,,,,,,,,,"FA-DE Spice, Ancho Chili Powder /Gewürz, Ancho-Chili-Pulver",SPI-00-139329-5,0.81,0.81,grams,,,0.8673,0.81,grams
FV0131A - Black bean bowl and enchilada sauce [DKSE],REC-013918-4-005,Black Bean Enchilada Mix,SUB-013916-4-001,120,grams,"BLAST CHILLER, HAND MIX",Sauce - Red Chili Sauce - Vegetarian,SUB-013614-4-001,60.21,grams,"BLAST CHILLER, BRAISER, IMMERSION BLENDER, SPICE PORTIONING",,,,,,,,,,,"FA-DE Spice, Sea Salt /Gewürze, Meersalz",SPI-00-139378-5,0.33,0.33,grams,,,0.8673,0.33,grams
FV0131A - Black bean bowl and enchilada sauce [DKSE],REC-013918-4-005,Black Bean Enchilada Mix,SUB-013916-4-001,120,grams,"BLAST CHILLER, HAND MIX",Sauce - Red Chili Sauce - Vegetarian,SUB-013614-4-001,60.21,grams,"BLAST CHILLER, BRAISER, IMMERSION BLENDER, SPICE PORTIONING",,,,,,,,,,,"FA-DE Bell Peppers, Green, Diced 10mm /Paprika, grün, gewürfelt 10 mm",PHF-00-139176-3,5.72,5.72,grams,,,0.8673,5.72,grams
FV0131A - Black bean bowl and enchilada sauce [DKSE],REC-013918-4-005,Black Bean Enchilada Mix,SUB-013916-4-001,120,grams,"BLAST CHILLER, HAND MIX",Sauce - Red Chili Sauce - Vegetarian,SUB-013614-4-001,60.21,grams,"BLAST CHILLER, BRAISER, IMMERSION BLENDER, SPICE PORTIONING",,,,,,,,,,,"FA-DE Garlic, IQF, Diced 4 mm /Knoblauch, IQF, gewürfelt 4 mm",PHF-00-139237-1,2.47,2.47,grams,SCHWEFELDIOXIDE UND SULFITE,,0.8673,2.47,grams
FV0131A - Black bean bowl and enchilada sauce [DKSE],REC-013918-4-005,Black Bean Enchilada Mix,SUB-013916-4-001,120,grams,"BLAST CHILLER, HAND MIX",Sauce - Red Chili Sauce - Vegetarian,SUB-013614-4-001,60.21,grams,"BLAST CHILLER, BRAISER, IMMERSION BLENDER, SPICE PORTIONING",,,,,,,,,,,"FA-DE Vinegar, Apple Cider /Essig, Apfelwein",PRO-00-139299-5,4.09,4.09,grams,,,0.8673,4.09,grams
FV0131A - Black bean bowl and enchilada sauce [DKSE],REC-013918-4-005,Black Bean Enchilada Mix,SUB-013916-4-001,120,grams,"BLAST CHILLER, HAND MIX",Mixed veg - Black Bean Veg for Enchilada Bowl,SUB-013915-4-001,60.21,grams,"BLAST CHILLER, OVEN",,,,,,,,,,,"FA-DE Oil, Olive /Öl, Olivenöl",PRO-00-139277-5,2.65,2.65,grams,,,0.75709,2.65,grams
FV0131A - Black bean bowl and enchilada sauce [DKSE],REC-013918-4-005,Black Bean Enchilada Mix,SUB-013916-4-001,120,grams,"BLAST CHILLER, HAND MIX",Mixed veg - Black Bean Veg for Enchilada Bowl,SUB-013915-4-001,60.21,grams,"BLAST CHILLER, OVEN",,,,,,,,,,,"FA-DE Spice, Sea Salt /Gewürze, Meersalz",SPI-00-139378-5,0.24,0.24,grams,,,0.75709,0.24,grams
FV0131A - Black bean bowl and enchilada sauce [DKSE],REC-013918-4-005,Black Bean Enchilada Mix,SUB-013916-4-001,120,grams,"BLAST CHILLER, HAND MIX",Mixed veg - Black Bean Veg for Enchilada Bowl,SUB-013915-4-001,60.21,grams,"BLAST CHILLER, OVEN",,,,,,,,,,,"FA-DE Beans, Black, Low Sodium, Aseptic /Bohnen, schwarz, natriumarm, aseptisch",PRO-00-139255-5,70.88,49.61,grams,,,0.75709,49.61,grams
FV0131A - Black bean bowl and enchilada sauce [DKSE],REC-013918-4-005,Black Bean Enchilada Mix,SUB-013916-4-001,120,grams,"BLAST CHILLER, HAND MIX",Mixed veg - Black Bean Veg for Enchilada Bowl,SUB-013915-4-001,60.21,grams,"BLAST CHILLER, OVEN",,,,,,,,,,,"FA-DE Bell Peppers, Red, Diced 10mm /Paprika, rot, gewürfelt 10 mm",PHF-00-139179-3,5.3,5.3,grams,,,0.75709,5.3,grams
FV0131A - Black bean bowl and enchilada sauce [DKSE],REC-013918-4-005,Black Bean Enchilada Mix,SUB-013916-4-001,120,grams,"BLAST CHILLER, HAND MIX",Mixed veg - Black Bean Veg for Enchilada Bowl,SUB-013915-4-001,60.21,grams,"BLAST CHILLER, OVEN",,,,,,,,,,,"FA-DE Spice, Chili Powder /Gewürz, Chilipulver",SPI-00-139340-5,0.24,0.24,grams,,,0.75709,0.24,grams
FV0131A - Black bean bowl and enchilada sauce [DKSE],REC-013918-4-005,Black Bean Enchilada Mix,SUB-013916-4-001,120,grams,"BLAST CHILLER, HAND MIX",Mixed veg - Black Bean Veg for Enchilada Bowl,SUB-013915-4-001,60.21,grams,"BLAST CHILLER, OVEN",,,,,,,,,,,"FA-DE Garlic, IQF, Diced 4 mm /Knoblauch, IQF, gewürfelt 4 mm",PHF-00-139237-1,2.47,2.47,grams,SCHWEFELDIOXIDE UND SULFITE,,0.75709,2.47,grams
FV0131A - Black bean bowl and enchilada sauce [DKSE],REC-013918-4-005,Black Bean Enchilada Mix,SUB-013916-4-001,120,grams,"BLAST CHILLER, HAND MIX",Mixed veg - Black Bean Veg for Enchilada Bowl,SUB-013915-4-001,60.21,grams,"BLAST CHILLER, OVEN",,,,,,,,,,,"FA-DE Bell Peppers, Green, Diced 10mm /Paprika, grün, gewürfelt 10 mm",PHF-00-139176-3,10.41,10.41,grams,,,0.75709,10.41,grams
FV0131A - Black bean bowl and enchilada sauce [DKSE],REC-013918-4-005,Black Bean Enchilada Mix,SUB-013916-4-001,120,grams,"BLAST CHILLER, HAND MIX",Mixed veg - Black Bean Veg for Enchilada Bowl,SUB-013915-4-001,60.21,grams,"BLAST CHILLER, OVEN",,,,,,,,,,,"FA-DE Spice, Cumin Ground /Gewürz, gemahlener Kreuzkümmel",SPI-00-139345-5,0.33,0.33,grams,,,0.75709,0.33,grams
FV0131A - Black bean bowl and enchilada sauce [DKSE],REC-013918-4-005,Black Bean Enchilada Mix,SUB-013916-4-001,120,grams,"BLAST CHILLER, HAND MIX",Mixed veg - Black Bean Veg for Enchilada Bowl,SUB-013915-4-001,60.21,grams,"BLAST CHILLER, OVEN",,,,,,,,,,,"FA-DE Onion, Spanish, Diced 5mm /Zwiebel, Spanisch, gewürfelt 5 mm",PHF-00-139212-3,8.28,8.28,grams,,,0.75709,8.28,grams
FV0131A - Black bean bowl and enchilada sauce [DKSE],REC-013918-4-005,,,,,,,,,,,,,,,,,,,,,"FA-DE Cheese, White Cheddar, Shredded /Käse, weißer Cheddar, gerieben",DAI-00-139135-3,20,20,grams,MILCH (EINSCHLIESSLICH LAKTOSE),,,20,grams
FV0131A - Black bean bowl and enchilada sauce [DKSE],REC-013918-4-005,Roasted Green Onions,SUB-023370-4-001,5,grams,"BLAST CHILLER, OVEN",,,,,,,,,,,,,,,,"FA-DE Onion, Green, Sliced 5mm /Zwiebel, grün, in Scheiben geschnitten, 5 mm",PHF-00-149803-3,5.88,5.88,grams,,,0.85,5.88,grams
FV0131A - Black bean bowl and enchilada sauce [DKSE],REC-013918-4-005,Mixed veg - Roasted Zucchini & Corn,SUB-013917-4-001,80,grams,"BLAST CHILLER, OVEN",,,,,,,,,,,,,,,,"FA-DE Zucchini, Diced 10mm /Zucchini, gewürfelt 10 mm",PHF-00-139229-3,57.84,57.84,grams,,,0.74037,57.84,grams
FV0131A - Black bean bowl and enchilada sauce [DKSE],REC-013918-4-005,Mixed veg - Roasted Zucchini & Corn,SUB-013917-4-001,80,grams,"BLAST CHILLER, OVEN",,,,,,,,,,,,,,,,"FA-DE Oil, Olive /Öl, Olivenöl",PRO-00-139277-5,4.26,4.26,grams,,,0.74037,4.26,grams
FV0131A - Black bean bowl and enchilada sauce [DKSE],REC-013918-4-005,Mixed veg - Roasted Zucchini & Corn,SUB-013917-4-001,80,grams,"BLAST CHILLER, OVEN",,,,,,,,,,,,,,,,"FA-DE Garlic, IQF, Diced 4 mm /Knoblauch, IQF, gewürfelt 4 mm",PHF-00-139237-1,5.49,5.49,grams,SCHWEFELDIOXIDE UND SULFITE,,0.74037,5.49,grams
FV0131A - Black bean bowl and enchilada sauce [DKSE],REC-013918-4-005,Mixed veg - Roasted Zucchini & Corn,SUB-013917-4-001,80,grams,"BLAST CHILLER, OVEN",,,,,,,,,,,,,,,,"FA-DE Onion, Green, Sliced 5mm /Zwiebel, grün, in Scheiben geschnitten, 5 mm",PHF-00-149803-3,5.32,5.32,grams,,,0.74037,5.32,grams
FV0131A - Black bean bowl and enchilada sauce [DKSE],REC-013918-4-005,Mixed veg - Roasted Zucchini & Corn,SUB-013917-4-001,80,grams,"BLAST CHILLER, OVEN",,,,,,,,,,,,,,,,"FA-DE Spice, Coriander Ground /Gewürz, gemahlener Koriander",SPI-00-139386-5,0.14,0.14,grams,,,0.74037,0.14,grams
FV0131A - Black bean bowl and enchilada sauce [DKSE],REC-013918-4-005,Mixed veg - Roasted Zucchini & Corn,SUB-013917-4-001,80,grams,"BLAST CHILLER, OVEN",,,,,,,,,,,,,,,,"FA-DE Spice, Chili Powder /Gewürz, Chilipulver",SPI-00-139340-5,0.55,0.55,grams,,,0.74037,0.55,grams
FV0131A - Black bean bowl and enchilada sauce [DKSE],REC-013918-4-005,Mixed veg - Roasted Zucchini & Corn,SUB-013917-4-001,80,grams,"BLAST CHILLER, OVEN",,,,,,,,,,,,,,,,"FA-DE Sweetcorn Supersweet Kernels, IQF /Zuckermais-Supersüßkörner, IQF",PHF-00-139236-1,33.49,33.49,grams,,,0.74037,33.49,grams
FV0131A - Black bean bowl and enchilada sauce [DKSE],REC-013918-4-005,Mixed veg - Roasted Zucchini & Corn,SUB-013917-4-001,80,grams,"BLAST CHILLER, OVEN",,,,,,,,,,,,,,,,"FA-DE Spice, Black Pepper, Ground /Gewürz, schwarzer Pfeffer, gemahlen",SPI-00-139334-5,0.14,0.14,grams,,,0.74037,0.14,grams
FV0131A - Black bean bowl and enchilada sauce [DKSE],REC-013918-4-005,Mixed veg - Roasted Zucchini & Corn,SUB-013917-4-001,80,grams,"BLAST CHILLER, OVEN",,,,,,,,,,,,,,,,"FA-DE Spice, Onion Granulated /Gewürze, Zwiebeln granuliert",SPI-00-139370-5,0.17,0.17,grams,,,0.74037,0.17,grams
FV0131A - Black bean bowl and enchilada sauce [DKSE],REC-013918-4-005,Mixed veg - Roasted Zucchini & Corn,SUB-013917-4-001,80,grams,"BLAST CHILLER, OVEN",,,,,,,,,,,,,,,,"FA-DE Spice, Garlic Granulated /Gewürz, Knoblauch granuliert",SPI-00-139353-5,0.48,0.48,grams,,,0.74037,0.48,grams
FV0131A - Black bean bowl and enchilada sauce [DKSE],REC-013918-4-005,Mixed veg - Roasted Zucchini & Corn,SUB-013917-4-001,80,grams,"BLAST CHILLER, OVEN",,,,,,,,,,,,,,,,"FA-DE Juice, Lime /Saft, Limette",PRO-00-139268-5,0.18,0.18,grams,,,0.74037,0.18,grams
FV0131A - Black bean bowl and enchilada sauce [DKSE],REC-013918-4-005,Sauce - Green Chili Salsa Verde,SUB-013913-4-001,45,grams,HAND MIX,,,,,,,,,,,,,,,,"FA-DE Juice, Lime /Saft, Limette",PRO-00-139268-5,2.78,2.78,grams,,,0.91087,2.78,grams
FV0131A - Black bean bowl and enchilada sauce [DKSE],REC-013918-4-005,Sauce - Green Chili Salsa Verde,SUB-013913-4-001,45,grams,HAND MIX,,,,,,,,,,,,,,,,"FA-DE Oil, Olive /Öl, Olivenöl",PRO-00-139277-5,0.69,0.69,grams,,,0.91087,0.69,grams
FV0131A - Black bean bowl and enchilada sauce [DKSE],REC-013918-4-005,Sauce - Green Chili Salsa Verde,SUB-013913-4-001,45,grams,HAND MIX,,,,,,,,,,,,,,,,"FA-DE Garlic, IQF, Diced 4 mm /Knoblauch, IQF, gewürfelt 4 mm",PHF-00-139237-1,2.78,2.78,grams,SCHWEFELDIOXIDE UND SULFITE,,0.91087,2.78,grams
FV0131A - Black bean bowl and enchilada sauce [DKSE],REC-013918-4-005,Sauce - Green Chili Salsa Verde,SUB-013913-4-001,45,grams,HAND MIX,,,,,,,,,,,,,,,,"FA-DE Spice, Sea Salt /Gewürze, Meersalz",SPI-00-139378-5,0.27,0.27,grams,,,0.91087,0.27,grams
FV0131A - Black bean bowl and enchilada sauce [DKSE],REC-013918-4-005,Sauce - Green Chili Salsa Verde,SUB-013913-4-001,45,grams,HAND MIX,,,,,,,,,,,,,,,,"FA-DE Jalapeno Peppers, Diced 5mm /Jalapeno-Paprikaschoten, gewürfelt, 5 mm",PHF-00-139201-3,37.52,37.52,grams,,,0.91087,37.52,grams
FV0131A - Black bean bowl and enchilada sauce [DKSE],REC-013918-4-005,Sauce - Green Chili Salsa Verde,SUB-013913-4-001,45,grams,HAND MIX,,,,,,,,,,,,,,,,"FA-DE Spice, Cumin Ground /Gewürz, gemahlener Kreuzkümmel",SPI-00-139345-5,0.06,0.06,grams,,,0.91087,0.06,grams
FV0131A - Black bean bowl and enchilada sauce [DKSE],REC-013918-4-005,Sauce - Green Chili Salsa Verde,SUB-013913-4-001,45,grams,HAND MIX,,,,,,,,,,,,,,,,"FA-DE Onion, Spanish, Diced 5mm /Zwiebel, Spanisch, gewürfelt 5 mm",PHF-00-139212-3,2.78,2.78,grams,,,0.91087,2.78,grams
FV0131A - Black bean bowl and enchilada sauce [DKSE],REC-013918-4-005,Sauce - Green Chili Salsa Verde,SUB-013913-4-001,45,grams,HAND MIX,,,,,,,,,,,,,,,,"FA-DE Coriander, Chopped /Koriander, gehackt",PHF-00-139192-3,2.51,2.51,grams,,,0.91087,2.51,grams
FV0322A - Sour Cream & Chive Chicken [DE],REC-014219-4-003,Sour Cream and Chive Mashed Yukons (more salt),SUB-014217-4-001,110,grams,"BLAST CHILLER, PLANETARY MIXER",,,,,,,,,,,,,,,,"FA-DE Milk, Whole /Milch, voll",DAI-00-139142-3,8.15,8.15,grams,MILCH (EINSCHLIESSLICH LAKTOSE),,0.95705,8.15,grams
FV0322A - Sour Cream & Chive Chicken [DE],REC-014219-4-003,Sour Cream and Chive Mashed Yukons (more salt),SUB-014217-4-001,110,grams,"BLAST CHILLER, PLANETARY MIXER",,,,,,,,,,,,,,,,"FA-DE Butter, Unsalted /Butter, ungesalzen",DAI-00-139146-3,3.22,3.22,grams,MILCH (EINSCHLIESSLICH LAKTOSE),,0.95705,3.22,grams
FV0322A - Sour Cream & Chive Chicken [DE],REC-014219-4-003,Sour Cream and Chive Mashed Yukons (more salt),SUB-014217-4-001,110,grams,"BLAST CHILLER, PLANETARY MIXER",,,,,,,,,,,,,,,,FA-DE Sour Cream /Sauerrahm,DAI-00-139141-3,9.39,9.39,grams,MILCH (EINSCHLIESSLICH LAKTOSE),,0.95705,9.39,grams
FV0322A - Sour Cream & Chive Chicken [DE],REC-014219-4-003,Sour Cream and Chive Mashed Yukons (more salt),SUB-014217-4-001,110,grams,"BLAST CHILLER, PLANETARY MIXER",,,,,,,,,,,,,,,,"FA-DE Spice, Garlic Powder, Toasted /Gewürz, Knoblauchpulver, geröstet",SPI-00-139354-5,0.27,0.27,grams,,,0.95705,0.27,grams
FV0322A - Sour Cream & Chive Chicken [DE],REC-014219-4-003,Sour Cream and Chive Mashed Yukons (more salt),SUB-014217-4-001,110,grams,"BLAST CHILLER, PLANETARY MIXER",,,,,,,,,,,,,,,,"FA-DE Chives, Dried /Schnittlauch, getrocknet",SPI-00-139322-5,0.54,0.54,grams,,,0.95705,0.54,grams
FV0322A - Sour Cream & Chive Chicken [DE],REC-014219-4-003,Sour Cream and Chive Mashed Yukons (more salt),SUB-014217-4-001,110,grams,"BLAST CHILLER, PLANETARY MIXER",,,,,,,,,,,,,,,,"FA-DE Spice, Black Pepper, Ground /Gewürz, schwarzer Pfeffer, gemahlen",SPI-00-139334-5,0.14,0.14,grams,,,0.95705,0.14,grams
FV0322A - Sour Cream & Chive Chicken [DE],REC-014219-4-003,Sour Cream and Chive Mashed Yukons (more salt),SUB-014217-4-001,110,grams,"BLAST CHILLER, PLANETARY MIXER",,,,,,,,,,,,,,,,"FA-DE Spice, Sea Salt /Gewürze, Meersalz",SPI-00-139378-5,0.75,0.75,grams,,,0.95705,0.75,grams
FV0322A - Sour Cream & Chive Chicken [DE],REC-014219-4-003,Sour Cream and Chive Mashed Yukons (more salt),SUB-014217-4-001,110,grams,"BLAST CHILLER, PLANETARY MIXER",,,,,,,,,,,,,,,,"FA-DE Spice, Onion Granulated /Gewürze, Zwiebeln granuliert",SPI-00-139370-5,0.27,0.27,grams,,,0.95705,0.27,grams
FV0322A - Sour Cream & Chive Chicken [DE],REC-014219-4-003,Sour Cream and Chive Mashed Yukons (more salt),SUB-014217-4-001,110,grams,"BLAST CHILLER, PLANETARY MIXER",Cooked Diced Potato,SUB-013592-4-001,90.86,grams,"BLAST CHILLER, OVEN",,,,,,,,,,,"FA-DE Potatoes, Diced 10mm /Kartoffeln, gewürfelt, 10 mm",PHF-00-139219-3,92.71,92.71,grams,,,0.98,92.71,grams
FV0322A - Sour Cream & Chive Chicken [DE],REC-014219-4-003,Sour Cream and Chive Mashed Yukons (more salt),SUB-014217-4-001,110,grams,"BLAST CHILLER, PLANETARY MIXER",Roasted Garlic (use),SUB-013367-4-001,1.34,grams,"BLAST CHILLER, BRAISER, SPICE PORTIONING",,,,,,,,,,,"FA-DE Garlic, Peeled, Whole Cloves [10kg] /Knoblauch, geschält, ganze Nelken [10kg]",PHF-00-139197-3,1.36,1.36,grams,,,0.56691,1.36,grams
FV0322A - Sour Cream & Chive Chicken [DE],REC-014219-4-003,Sour Cream and Chive Mashed Yukons (more salt),SUB-014217-4-001,110,grams,"BLAST CHILLER, PLANETARY MIXER",Roasted Garlic (use),SUB-013367-4-001,1.34,grams,"BLAST CHILLER, BRAISER, SPICE PORTIONING",,,,,,,,,,,"FA-DE Oil, Olive /Öl, Olivenöl",PRO-00-139277-5,1.02,1.02,grams,,,0.56691,1.02,grams
FV0322A - Sour Cream & Chive Chicken [DE],REC-014219-4-003,Broccoli - Roasted S&P,SUB-016200-4-001,60,grams,"BLAST CHILLER, OVEN",,,,,,,,,,,,,,,,"FA-DE Spice, Black Pepper, Ground /Gewürz, schwarzer Pfeffer, gemahlen",SPI-00-139334-5,0.24,0.24,grams,,,0.8136,0.24,grams
FV0322A - Sour Cream & Chive Chicken [DE],REC-014219-4-003,Broccoli - Roasted S&P,SUB-016200-4-001,60,grams,"BLAST CHILLER, OVEN",,,,,,,,,,,,,,,,"FA-DE Spice, Garlic Powder, Toasted /Gewürz, Knoblauchpulver, geröstet",SPI-00-139354-5,0.19,0.19,grams,,,0.8136,0.19,grams
FV0322A - Sour Cream & Chive Chicken [DE],REC-014219-4-003,Broccoli - Roasted S&P,SUB-016200-4-001,60,grams,"BLAST CHILLER, OVEN",,,,,,,,,,,,,,,,"FA-DE Broccoli, Florets, /Brokkoli, Röschen",PHF-00-143425-3,68.1,68.1,grams,,,0.8136,68.1,grams
FV0322A - Sour Cream & Chive Chicken [DE],REC-014219-4-003,Broccoli - Roasted S&P,SUB-016200-4-001,60,grams,"BLAST CHILLER, OVEN",,,,,,,,,,,,,,,,"FA-DE Oil, Olive /Öl, Olivenöl",PRO-00-139277-5,4.92,4.92,grams,,,0.8136,4.92,grams
FV0322A - Sour Cream & Chive Chicken [DE],REC-014219-4-003,Broccoli - Roasted S&P,SUB-016200-4-001,60,grams,"BLAST CHILLER, OVEN",,,,,,,,,,,,,,,,"FA-DE Spice, Sea Salt /Gewürze, Meersalz",SPI-00-139378-5,0.29,0.29,grams,,,0.8136,0.29,grams
FV0322A - Sour Cream & Chive Chicken [DE],REC-014219-4-003,Chive-Garlic Butter,SUB-014218-4-001,10,grams,"BLAST CHILLER, PLANETARY MIXER, SCOOPER (BUTTER)",,,,,,,,,,,,,,,,"FA-DE Spice, Leek Powder /Gewürz, Lauchpulver",SPI-00-139361-5,0.09,0.09,grams,,,0.99315,0.09,grams
FV0322A - Sour Cream & Chive Chicken [DE],REC-014219-4-003,Chive-Garlic Butter,SUB-014218-4-001,10,grams,"BLAST CHILLER, PLANETARY MIXER, SCOOPER (BUTTER)",,,,,,,,,,,,,,,,"FA-DE Spice, Black Pepper, Ground /Gewürz, schwarzer Pfeffer, gemahlen",SPI-00-139334-5,0.06,0.06,grams,,,0.99315,0.06,grams
FV0322A - Sour Cream & Chive Chicken [DE],REC-014219-4-003,Chive-Garlic Butter,SUB-014218-4-001,10,grams,"BLAST CHILLER, PLANETARY MIXER, SCOOPER (BUTTER)",,,,,,,,,,,,,,,,"FA-DE Spice, Sea Salt /Gewürze, Meersalz",SPI-00-139378-5,0.12,0.12,grams,,,0.99315,0.12,grams
FV0322A - Sour Cream & Chive Chicken [DE],REC-014219-4-003,Chive-Garlic Butter,SUB-014218-4-001,10,grams,"BLAST CHILLER, PLANETARY MIXER, SCOOPER (BUTTER)",,,,,,,,,,,,,,,,"FA-DE Butter, Unsalted /Butter, ungesalzen",DAI-00-139146-3,9.47,9.47,grams,MILCH (EINSCHLIESSLICH LAKTOSE),,0.99315,9.47,grams
FV0322A - Sour Cream & Chive Chicken [DE],REC-014219-4-003,Chive-Garlic Butter,SUB-014218-4-001,10,grams,"BLAST CHILLER, PLANETARY MIXER, SCOOPER (BUTTER)",,,,,,,,,,,,,,,,"FA-DE Chives, Dried /Schnittlauch, getrocknet",SPI-00-139322-5,0.09,0.09,grams,,,0.99315,0.09,grams
FV0322A - Sour Cream & Chive Chicken [DE],REC-014219-4-003,Chive-Garlic Butter,SUB-014218-4-001,10,grams,"BLAST CHILLER, PLANETARY MIXER, SCOOPER (BUTTER)",,,,,,,,,,,,,,,,"FA-DE Spice, Minced Garlic, Toasted, Dry /Gewürz, gehackter Knoblauch, geröstet, trocken",SPI-00-139367-5,0.24,0.24,grams,,,0.99315,0.24,grams
FV0322A - Sour Cream & Chive Chicken [DE],REC-014219-4-003,Grilled Chicken Breast Marinade #4 - Garlic Herb (EACH),SUB-014216-4-001,1,each,"BLAST CHILLER, GRILL, MARINADE, OVEN",Chicken Breast - BRINED 160g,SUB-013527-4-001,160,grams,BRINE,,,,,,,,,,,"FA-DE Chicken, Breast, B/S - 160g/Hähnchen, Brust, B/S – 160 g",PTN-00-139317-3,160,160,grams,,,0.4978,160,grams
FV0322A - Sour Cream & Chive Chicken [DE],REC-014219-4-003,Grilled Chicken Breast Marinade #4 - Garlic Herb (EACH),SUB-014216-4-001,1,each,"BLAST CHILLER, GRILL, MARINADE, OVEN",Chicken Breast - BRINED 160g,SUB-013527-4-001,160,grams,BRINE,,,,,,,,,,,FA-DE Water / Wasser,OTH-00-144038-5,160,160,grams,,,0.4978,160,grams
FV0322A - Sour Cream & Chive Chicken [DE],REC-014219-4-003,Grilled Chicken Breast Marinade #4 - Garlic Herb (EACH),SUB-014216-4-001,1,each,"BLAST CHILLER, GRILL, MARINADE, OVEN",Chicken Breast - BRINED 160g,SUB-013527-4-001,160,grams,BRINE,,,,,,,,,,,"FA-DE Spice, Sea Salt /Gewürze, Meersalz",SPI-00-139378-5,1.41,1.41,grams,,,0.4978,1.41,grams
FV0322A - Sour Cream & Chive Chicken [DE],REC-014219-4-003,Grilled Chicken Breast Marinade #4 - Garlic Herb (EACH),SUB-014216-4-001,1,each,"BLAST CHILLER, GRILL, MARINADE, OVEN",Mod Marinade #4 - Garlic and Herb,SUB-013452-4-001,4.5,grams,IMMERSION BLENDER,,,,,,,,,,,"FA-DE Oil, Olive /Öl, Olivenöl",PRO-00-139277-5,2.45,2.45,grams,,,0.98976,2.45,grams
FV0322A - Sour Cream & Chive Chicken [DE],REC-014219-4-003,Grilled Chicken Breast Marinade #4 - Garlic Herb (EACH),SUB-014216-4-001,1,each,"BLAST CHILLER, GRILL, MARINADE, OVEN",Mod Marinade #4 - Garlic and Herb,SUB-013452-4-001,4.5,grams,IMMERSION BLENDER,,,,,,,,,,,"FA-DE Vinegar, Red Wine /Essig, Rotwein",PRO-00-139301-5,0.82,0.82,grams,,,0.98976,0.82,grams
FV0322A - Sour Cream & Chive Chicken [DE],REC-014219-4-003,Grilled Chicken Breast Marinade #4 - Garlic Herb (EACH),SUB-014216-4-001,1,each,"BLAST CHILLER, GRILL, MARINADE, OVEN",Mod Marinade #4 - Garlic and Herb,SUB-013452-4-001,4.5,grams,IMMERSION BLENDER,,,,,,,,,,,"FA-DE Garlic, IQF, Diced 4 mm /Knoblauch, IQF, gewürfelt 4 mm",PHF-00-139237-1,0.82,0.82,grams,SCHWEFELDIOXIDE UND SULFITE,,0.98976,0.82,grams
FV0322A - Sour Cream & Chive Chicken [DE],REC-014219-4-003,Grilled Chicken Breast Marinade #4 - Garlic Herb (EACH),SUB-014216-4-001,1,each,"BLAST CHILLER, GRILL, MARINADE, OVEN",Mod Marinade #4 - Garlic and Herb,SUB-013452-4-001,4.5,grams,IMMERSION BLENDER,,,,,,,,,,,"FA-DE Spice, Garlic Granulated /Gewürz, Knoblauch granuliert",SPI-00-139353-5,0.19,0.19,grams,,,0.98976,0.19,grams
FV0322A - Sour Cream & Chive Chicken [DE],REC-014219-4-003,Grilled Chicken Breast Marinade #4 - Garlic Herb (EACH),SUB-014216-4-001,1,each,"BLAST CHILLER, GRILL, MARINADE, OVEN",Mod Marinade #4 - Garlic and Herb,SUB-013452-4-001,4.5,grams,IMMERSION BLENDER,,,,,,,,,,,"FA-DE Spice, Parsley Dried /Gewürze, getrocknete Petersilie",SPI-00-139374-5,0.12,0.12,grams,,,0.98976,0.12,grams
FV0322A - Sour Cream & Chive Chicken [DE],REC-014219-4-003,Grilled Chicken Breast Marinade #4 - Garlic Herb (EACH),SUB-014216-4-001,1,each,"BLAST CHILLER, GRILL, MARINADE, OVEN",Mod Marinade #4 - Garlic and Herb,SUB-013452-4-001,4.5,grams,IMMERSION BLENDER,,,,,,,,,,,"FA-DE Spice, Black Pepper, Ground /Gewürz, schwarzer Pfeffer, gemahlen",SPI-00-139334-5,0.05,0.05,grams,,,0.98976,0.05,grams
FV0322A - Sour Cream & Chive Chicken [DE],REC-014219-4-003,Grilled Chicken Breast Marinade #4 - Garlic Herb (EACH),SUB-014216-4-001,1,each,"BLAST CHILLER, GRILL, MARINADE, OVEN",Mod Marinade #4 - Garlic and Herb,SUB-013452-4-001,4.5,grams,IMMERSION BLENDER,,,,,,,,,,,"FA-DE Spice, Sea Salt /Gewürze, Meersalz",SPI-00-139378-5,0.09,0.09,grams,,,0.98976,0.09,grams
FV0322A - Sour Cream & Chive Chicken [DE],REC-014219-4-003,S&P Roasted Green Beans 1,SUB-014184-4-001,110,grams,"BLAST CHILLER, OVEN",,,,,,,,,,,,,,,,"FA-DE Oil, Olive /Öl, Olivenöl",PRO-00-139277-5,9.31,9.31,grams,,,0.74605,9.31,grams
FV0322A - Sour Cream & Chive Chicken [DE],REC-014219-4-003,S&P Roasted Green Beans 1,SUB-014184-4-001,110,grams,"BLAST CHILLER, OVEN",,,,,,,,,,,,,,,,"FA-DE Spice, Sea Salt /Gewürze, Meersalz",SPI-00-139378-5,0.54,0.54,grams,,,0.74605,0.54,grams
FV0322A - Sour Cream & Chive Chicken [DE],REC-014219-4-003,S&P Roasted Green Beans 1,SUB-014184-4-001,110,grams,"BLAST CHILLER, OVEN",,,,,,,,,,,,,,,,"FA-DE Spice, Black Pepper, Ground /Gewürz, schwarzer Pfeffer, gemahlen",SPI-00-139334-5,0.27,0.27,grams,,,0.74605,0.27,grams
FV0322A - Sour Cream & Chive Chicken [DE],REC-014219-4-003,S&P Roasted Green Beans 1,SUB-014184-4-001,110,grams,"BLAST CHILLER, OVEN",,,,,,,,,,,,,,,,"FA-DE Green Beans, Fresh and Trimmed/Grüne Bohnen, frisch und geschnitten",PHF-00-139198-3,137.32,137.32,grams,,,0.74605,137.32,grams
FV0401A - Pulled chicken with cheddar and bacon [BNL],REC-013941-4-008,Sauce - Crack Chicken Cheese Mix,SUB-013714-4-001,50,grams,PLANETARY MIXER,,,,,,,,,,,,,,,,"FA-DE Spice, Garlic Granulated /Gewürz, Knoblauch granuliert",SPI-00-139353-5,0.46,0.46,grams,,,0.98,0.46,grams
FV0401A - Pulled chicken with cheddar and bacon [BNL],REC-013941-4-008,Sauce - Crack Chicken Cheese Mix,SUB-013714-4-001,50,grams,PLANETARY MIXER,DRY Ranch Seasoning,SUB-013480-4-001,2.3,grams,"HAND MIX, SPICE PORTIONING",,,,,,,,,,,"FA-DE Spice, Buttermilk Powder/Gewürz, Buttermilchpulver",SPI-00-151139-5,1.42,1.42,grams,MILCH (EINSCHLIESSLICH LAKTOSE),,0.97982,1.42,grams
FV0401A - Pulled chicken with cheddar and bacon [BNL],REC-013941-4-008,Sauce - Crack Chicken Cheese Mix,SUB-013714-4-001,50,grams,PLANETARY MIXER,DRY Ranch Seasoning,SUB-013480-4-001,2.3,grams,"HAND MIX, SPICE PORTIONING",,,,,,,,,,,"FA-DE Spice, Garlic Granulated /Gewürz, Knoblauch granuliert",SPI-00-139353-5,0.3,0.3,grams,,,0.97982,0.3,grams
FV0401A - Pulled chicken with cheddar and bacon [BNL],REC-013941-4-008,Sauce - Crack Chicken Cheese Mix,SUB-013714-4-001,50,grams,PLANETARY MIXER,DRY Ranch Seasoning,SUB-013480-4-001,2.3,grams,"HAND MIX, SPICE PORTIONING",,,,,,,,,,,"FA-DE Spice, Onion Granulated /Gewürze, Zwiebeln granuliert",SPI-00-139370-5,0.26,0.26,grams,,,0.97982,0.26,grams
FV0401A - Pulled chicken with cheddar and bacon [BNL],REC-013941-4-008,Sauce - Crack Chicken Cheese Mix,SUB-013714-4-001,50,grams,PLANETARY MIXER,DRY Ranch Seasoning,SUB-013480-4-001,2.3,grams,"HAND MIX, SPICE PORTIONING",,,,,,,,,,,"FA-DE Spice, Black Pepper, Ground /Gewürz, schwarzer Pfeffer, gemahlen",SPI-00-139334-5,0.15,0.15,grams,,,0.97982,0.15,grams
FV0401A - Pulled chicken with cheddar and bacon [BNL],REC-013941-4-008,Sauce - Crack Chicken Cheese Mix,SUB-013714-4-001,50,grams,PLANETARY MIXER,DRY Ranch Seasoning,SUB-013480-4-001,2.3,grams,"HAND MIX, SPICE PORTIONING",,,,,,,,,,,"FA-DE Spice, Dill Dried /Gewürz, Dill getrocknet",SPI-00-139349-5,0.09,0.09,grams,,,0.97982,0.09,grams
FV0401A - Pulled chicken with cheddar and bacon [BNL],REC-013941-4-008,Sauce - Crack Chicken Cheese Mix,SUB-013714-4-001,50,grams,PLANETARY MIXER,DRY Ranch Seasoning,SUB-013480-4-001,2.3,grams,"HAND MIX, SPICE PORTIONING",,,,,,,,,,,"FA-DE Chives, Dried /Schnittlauch, getrocknet",SPI-00-139322-5,0.09,0.09,grams,,,0.97982,0.09,grams
FV0401A - Pulled chicken with cheddar and bacon [BNL],REC-013941-4-008,Sauce - Crack Chicken Cheese Mix,SUB-013714-4-001,50,grams,PLANETARY MIXER,DRY Ranch Seasoning,SUB-013480-4-001,2.3,grams,"HAND MIX, SPICE PORTIONING",,,,,,,,,,,"FA-DE Spice, Parsley Dried /Gewürze, getrocknete Petersilie",SPI-00-139374-5,0.04,0.04,grams,,,0.97982,0.04,grams
FV0401A - Pulled chicken with cheddar and bacon [BNL],REC-013941-4-008,Sauce - Crack Chicken Cheese Mix,SUB-013714-4-001,50,grams,PLANETARY MIXER,,,,,,,,,,,,,,,,"FA-DE Cheese, Cream, 13% Fat (Milk) /Käse, Sahne, 13% Fett",DAI-00-139122-3,22.98,22.98,grams,MILCH (EINSCHLIESSLICH LAKTOSE),,0.98,22.98,grams
FV0401A - Pulled chicken with cheddar and bacon [BNL],REC-013941-4-008,Sauce - Crack Chicken Cheese Mix,SUB-013714-4-001,50,grams,PLANETARY MIXER,,,,,,,,,,,,,,,,"FA-DE Cheese, Red Cheddar/Käse, Roter Cheddar",DAI-00-139129-3,18.39,18.39,grams,MILCH (EINSCHLIESSLICH LAKTOSE),,0.98,18.39,grams
FV0401A - Pulled chicken with cheddar and bacon [BNL],REC-013941-4-008,Sauce - Crack Chicken Cheese Mix,SUB-013714-4-001,50,grams,PLANETARY MIXER,,,,,,,,,,,,,,,,"FA-DE Oil, Olive /Öl, Olivenöl",PRO-00-139277-5,6.89,6.89,grams,,,0.98,6.89,grams
FV0401A - Pulled chicken with cheddar and bacon [BNL],REC-013941-4-008,Shredded chicken - Keto Crack Chicken Thigh Batch,SUB-013715-4-001,140,grams,"BLAST CHILLER, HOT SHREDDER, MARINADE, OVEN",Shredded Chicken Thighs - BRINED,SUB-013398-4-001,156.9,grams,BRINE,,,,,,,,,,,FA-DE Water / Wasser,OTH-00-144038-5,156.9,156.9,grams,,,0.4978,156.9,grams
FV0401A - Pulled chicken with cheddar and bacon [BNL],REC-013941-4-008,Shredded chicken - Keto Crack Chicken Thigh Batch,SUB-013715-4-001,140,grams,"BLAST CHILLER, HOT SHREDDER, MARINADE, OVEN",Shredded Chicken Thighs - BRINED,SUB-013398-4-001,156.9,grams,BRINE,,,,,,,,,,,"FA-DE Spice, Sea Salt /Gewürze, Meersalz",SPI-00-139378-5,1.38,1.38,grams,,,0.4978,1.38,grams
FV0401A - Pulled chicken with cheddar and bacon [BNL],REC-013941-4-008,Shredded chicken - Keto Crack Chicken Thigh Batch,SUB-013715-4-001,140,grams,"BLAST CHILLER, HOT SHREDDER, MARINADE, OVEN",Shredded Chicken Thighs - BRINED,SUB-013398-4-001,156.9,grams,BRINE,,,,,,,,,,,"FA-DE Chicken, Thighs, Boneless Skinless /Hähnchen, Oberschenkel, ohne Knochen und ohne Haut",PTN-00-139343-3,156.9,156.9,grams,,,0.4978,156.9,grams
FV0401A - Pulled chicken with cheddar and bacon [BNL],REC-013941-4-008,Shredded chicken - Keto Crack Chicken Thigh Batch,SUB-013715-4-001,140,grams,"BLAST CHILLER, HOT SHREDDER, MARINADE, OVEN",,,,,,,,,,,,,,,,FA-DE Reserved Braising Liquid / Zurückgehaltene Schmorfllüssigkeit,PRO-00-144041-3,41.06,41.06,grams,,,0.6309,41.06,grams
FV0401A - Pulled chicken with cheddar and bacon [BNL],REC-013941-4-008,Shredded chicken - Keto Crack Chicken Thigh Batch,SUB-013715-4-001,140,grams,"BLAST CHILLER, HOT SHREDDER, MARINADE, OVEN",DRY Ranch Seasoning,SUB-013480-4-001,1.71,grams,"HAND MIX, SPICE PORTIONING",,,,,,,,,,,"FA-DE Spice, Buttermilk Powder/Gewürz, Buttermilchpulver",SPI-00-151139-5,1.06,1.06,grams,MILCH (EINSCHLIESSLICH LAKTOSE),,0.97982,1.06,grams
FV0401A - Pulled chicken with cheddar and bacon [BNL],REC-013941-4-008,Shredded chicken - Keto Crack Chicken Thigh Batch,SUB-013715-4-001,140,grams,"BLAST CHILLER, HOT SHREDDER, MARINADE, OVEN",DRY Ranch Seasoning,SUB-013480-4-001,1.71,grams,"HAND MIX, SPICE PORTIONING",,,,,,,,,,,"FA-DE Spice, Garlic Granulated /Gewürz, Knoblauch granuliert",SPI-00-139353-5,0.22,0.22,grams,,,0.97982,0.22,grams
FV0401A - Pulled chicken with cheddar and bacon [BNL],REC-013941-4-008,Shredded chicken - Keto Crack Chicken Thigh Batch,SUB-013715-4-001,140,grams,"BLAST CHILLER, HOT SHREDDER, MARINADE, OVEN",DRY Ranch Seasoning,SUB-013480-4-001,1.71,grams,"HAND MIX, SPICE PORTIONING",,,,,,,,,,,"FA-DE Spice, Onion Granulated /Gewürze, Zwiebeln granuliert",SPI-00-139370-5,0.19,0.19,grams,,,0.97982,0.19,grams
FV0401A - Pulled chicken with cheddar and bacon [BNL],REC-013941-4-008,Shredded chicken - Keto Crack Chicken Thigh Batch,SUB-013715-4-001,140,grams,"BLAST CHILLER, HOT SHREDDER, MARINADE, OVEN",DRY Ranch Seasoning,SUB-013480-4-001,1.71,grams,"HAND MIX, SPICE PORTIONING",,,,,,,,,,,"FA-DE Spice, Black Pepper, Ground /Gewürz, schwarzer Pfeffer, gemahlen",SPI-00-139334-5,0.11,0.11,grams,,,0.97982,0.11,grams
FV0401A - Pulled chicken with cheddar and bacon [BNL],REC-013941-4-008,Shredded chicken - Keto Crack Chicken Thigh Batch,SUB-013715-4-001,140,grams,"BLAST CHILLER, HOT SHREDDER, MARINADE, OVEN",DRY Ranch Seasoning,SUB-013480-4-001,1.71,grams,"HAND MIX, SPICE PORTIONING",,,,,,,,,,,"FA-DE Spice, Dill Dried /Gewürz, Dill getrocknet",SPI-00-139349-5,0.07,0.07,grams,,,0.97982,0.07,grams
FV0401A - Pulled chicken with cheddar and bacon [BNL],REC-013941-4-008,Shredded chicken - Keto Crack Chicken Thigh Batch,SUB-013715-4-001,140,grams,"BLAST CHILLER, HOT SHREDDER, MARINADE, OVEN",DRY Ranch Seasoning,SUB-013480-4-001,1.71,grams,"HAND MIX, SPICE PORTIONING",,,,,,,,,,,"FA-DE Chives, Dried /Schnittlauch, getrocknet",SPI-00-139322-5,0.07,0.07,grams,,,0.97982,0.07,grams
FV0401A - Pulled chicken with cheddar and bacon [BNL],REC-013941-4-008,Shredded chicken - Keto Crack Chicken Thigh Batch,SUB-013715-4-001,140,grams,"BLAST CHILLER, HOT SHREDDER, MARINADE, OVEN",DRY Ranch Seasoning,SUB-013480-4-001,1.71,grams,"HAND MIX, SPICE PORTIONING",,,,,,,,,,,"FA-DE Spice, Parsley Dried /Gewürze, getrocknete Petersilie",SPI-00-139374-5,0.03,0.03,grams,,,0.97982,0.03,grams
FV0401A - Pulled chicken with cheddar and bacon [BNL],REC-013941-4-008,Shredded chicken - Keto Crack Chicken Thigh Batch,SUB-013715-4-001,140,grams,"BLAST CHILLER, HOT SHREDDER, MARINADE, OVEN",Dry Ranch Marinade,SUB-031652-4-001,22.24,grams,IMMERSION BLENDER,Roasted Garlic (use),SUB-013367-4-001,1.75,grams,"BLAST CHILLER, BRAISER, SPICE PORTIONING",,,,,,"FA-DE Garlic, Peeled, Whole Cloves [10kg] /Knoblauch, geschält, ganze Nelken [10kg]",PHF-00-139197-3,1.76,1.76,grams,,,0.56691,1.76,grams
FV0401A - Pulled chicken with cheddar and bacon [BNL],REC-013941-4-008,Shredded chicken - Keto Crack Chicken Thigh Batch,SUB-013715-4-001,140,grams,"BLAST CHILLER, HOT SHREDDER, MARINADE, OVEN",Dry Ranch Marinade,SUB-031652-4-001,22.24,grams,IMMERSION BLENDER,Roasted Garlic (use),SUB-013367-4-001,1.75,grams,"BLAST CHILLER, BRAISER, SPICE PORTIONING",,,,,,"FA-DE Oil, Olive /Öl, Olivenöl",PRO-00-139277-5,1.32,1.32,grams,,,0.56691,1.32,grams
FV0401A - Pulled chicken with cheddar and bacon [BNL],REC-013941-4-008,Shredded chicken - Keto Crack Chicken Thigh Batch,SUB-013715-4-001,140,grams,"BLAST CHILLER, HOT SHREDDER, MARINADE, OVEN",Dry Ranch Marinade,SUB-031652-4-001,22.24,grams,IMMERSION BLENDER,DRY Ranch Seasoning,SUB-013480-4-001,3.49,grams,"HAND MIX, SPICE PORTIONING",,,,,,"FA-DE Spice, Buttermilk Powder/Gewürz, Buttermilchpulver",SPI-00-151139-5,2.15,2.15,grams,MILCH (EINSCHLIESSLICH LAKTOSE),,0.97982,2.15,grams
FV0401A - Pulled chicken with cheddar and bacon [BNL],REC-013941-4-008,Shredded chicken - Keto Crack Chicken Thigh Batch,SUB-013715-4-001,140,grams,"BLAST CHILLER, HOT SHREDDER, MARINADE, OVEN",Dry Ranch Marinade,SUB-031652-4-001,22.24,grams,IMMERSION BLENDER,DRY Ranch Seasoning,SUB-013480-4-001,3.49,grams,"HAND MIX, SPICE PORTIONING",,,,,,"FA-DE Spice, Garlic Granulated /Gewürz, Knoblauch granuliert",SPI-00-139353-5,0.45,0.45,grams,,,0.97982,0.45,grams
FV0401A - Pulled chicken with cheddar and bacon [BNL],REC-013941-4-008,Shredded chicken - Keto Crack Chicken Thigh Batch,SUB-013715-4-001,140,grams,"BLAST CHILLER, HOT SHREDDER, MARINADE, OVEN",Dry Ranch Marinade,SUB-031652-4-001,22.24,grams,IMMERSION BLENDER,DRY Ranch Seasoning,SUB-013480-4-001,3.49,grams,"HAND MIX, SPICE PORTIONING",,,,,,"FA-DE Spice, Onion Granulated /Gewürze, Zwiebeln granuliert",SPI-00-139370-5,0.4,0.4,grams,,,0.97982,0.4,grams
FV0401A - Pulled chicken with cheddar and bacon [BNL],REC-013941-4-008,Shredded chicken - Keto Crack Chicken Thigh Batch,SUB-013715-4-001,140,grams,"BLAST CHILLER, HOT SHREDDER, MARINADE, OVEN",Dry Ranch Marinade,SUB-031652-4-001,22.24,grams,IMMERSION BLENDER,DRY Ranch Seasoning,SUB-013480-4-001,3.49,grams,"HAND MIX, SPICE PORTIONING",,,,,,"FA-DE Spice, Black Pepper, Ground /Gewürz, schwarzer Pfeffer, gemahlen",SPI-00-139334-5,0.23,0.23,grams,,,0.97982,0.23,grams
FV0401A - Pulled chicken with cheddar and bacon [BNL],REC-013941-4-008,Shredded chicken - Keto Crack Chicken Thigh Batch,SUB-013715-4-001,140,grams,"BLAST CHILLER, HOT SHREDDER, MARINADE, OVEN",Dry Ranch Marinade,SUB-031652-4-001,22.24,grams,IMMERSION BLENDER,DRY Ranch Seasoning,SUB-013480-4-001,3.49,grams,"HAND MIX, SPICE PORTIONING",,,,,,"FA-DE Spice, Dill Dried /Gewürz, Dill getrocknet",SPI-00-139349-5,0.14,0.14,grams,,,0.97982,0.14,grams
FV0401A - Pulled chicken with cheddar and bacon [BNL],REC-013941-4-008,Shredded chicken - Keto Crack Chicken Thigh Batch,SUB-013715-4-001,140,grams,"BLAST CHILLER, HOT SHREDDER, MARINADE, OVEN",Dry Ranch Marinade,SUB-031652-4-001,22.24,grams,IMMERSION BLENDER,DRY Ranch Seasoning,SUB-013480-4-001,3.49,grams,"HAND MIX, SPICE PORTIONING",,,,,,"FA-DE Chives, Dried /Schnittlauch, getrocknet",SPI-00-139322-5,0.14,0.14,grams,,,0.97982,0.14,grams
FV0401A - Pulled chicken with cheddar and bacon [BNL],REC-013941-4-008,Shredded chicken - Keto Crack Chicken Thigh Batch,SUB-013715-4-001,140,grams,"BLAST CHILLER, HOT SHREDDER, MARINADE, OVEN",Dry Ranch Marinade,SUB-031652-4-001,22.24,grams,IMMERSION BLENDER,DRY Ranch Seasoning,SUB-013480-4-001,3.49,grams,"HAND MIX, SPICE PORTIONING",,,,,,"FA-DE Spice, Parsley Dried /Gewürze, getrocknete Petersilie",SPI-00-139374-5,0.06,0.06,grams,,,0.97982,0.06,grams
FV0401A - Pulled chicken with cheddar and bacon [BNL],REC-013941-4-008,Shredded chicken - Keto Crack Chicken Thigh Batch,SUB-013715-4-001,140,grams,"BLAST CHILLER, HOT SHREDDER, MARINADE, OVEN",Dry Ranch Marinade,SUB-031652-4-001,22.24,grams,IMMERSION BLENDER,,,,,,,,,,,"FA-DE Oil, Olive /Öl, Olivenöl",PRO-00-139277-5,17.46,17.46,grams,,,0.97998,17.46,grams
FV0401A - Pulled chicken with cheddar and bacon [BNL],REC-013941-4-008,Extra Crispy Diced Bacon,SUB-013468-4-001,10,grams,"BLAST CHILLER, DRAIN, OVEN",,,,,,,,,,,,,,,,"FA-DE Bacon, Diced /Speck, gewürfelt",PTN-00-139306-3,27.22,27.22,grams,,,0.36735,27.22,grams
FV0401A - Pulled chicken with cheddar and bacon [BNL],REC-013941-4-008,Roasted Green Onions,SUB-023370-4-001,10,grams,"BLAST CHILLER, OVEN",,,,,,,,,,,,,,,,"FA-DE Onion, Green, Sliced 5mm /Zwiebel, grün, in Scheiben geschnitten, 5 mm",PHF-00-149803-3,11.76,11.76,grams,,,0.85,11.76,grams
FV0401A - Pulled chicken with cheddar and bacon [BNL],REC-013941-4-008,,,,,,,,,,,,,,,,,,,,,"FA-DE Cheese, White Cheddar, Shredded /Käse, weißer Cheddar, gerieben",DAI-00-139135-3,10,10,grams,MILCH (EINSCHLIESSLICH LAKTOSE),,,10,grams
FV0401A - Pulled chicken with cheddar and bacon [BNL],REC-013941-4-008,Garlic Broccoli - less salt,SUB-014208-4-002,55,grams,"BLAST CHILLER, OVEN",,,,,,,,,,,,,,,,"FA-DE Spice, Sea Salt /Gewürze, Meersalz",SPI-00-139378-5,0.19,0.19,grams,,,0.77149,0.19,grams
FV0401A - Pulled chicken with cheddar and bacon [BNL],REC-013941-4-008,Garlic Broccoli - less salt,SUB-014208-4-002,55,grams,"BLAST CHILLER, OVEN",,,,,,,,,,,,,,,,"FA-DE Broccoli, Florets, /Brokkoli, Röschen",PHF-00-143425-3,64.35,64.35,grams,,,0.77149,64.35,grams
FV0401A - Pulled chicken with cheddar and bacon [BNL],REC-013941-4-008,Garlic Broccoli - less salt,SUB-014208-4-002,55,grams,"BLAST CHILLER, OVEN",,,,,,,,,,,,,,,,"FA-DE Oil, Olive /Öl, Olivenöl",PRO-00-139277-5,3.37,3.37,grams,,,0.77149,3.37,grams
FV0401A - Pulled chicken with cheddar and bacon [BNL],REC-013941-4-008,Garlic Broccoli - less salt,SUB-014208-4-002,55,grams,"BLAST CHILLER, OVEN",Roasted Garlic (use),SUB-013367-4-001,3.38,grams,"BLAST CHILLER, BRAISER, SPICE PORTIONING",,,,,,,,,,,"FA-DE Garlic, Peeled, Whole Cloves [10kg] /Knoblauch, geschält, ganze Nelken [10kg]",PHF-00-139197-3,3.4,3.4,grams,,,0.56691,3.4,grams
FV0401A - Pulled chicken with cheddar and bacon [BNL],REC-013941-4-008,Garlic Broccoli - less salt,SUB-014208-4-002,55,grams,"BLAST CHILLER, OVEN",Roasted Garlic (use),SUB-013367-4-001,3.38,grams,"BLAST CHILLER, BRAISER, SPICE PORTIONING",,,,,,,,,,,"FA-DE Oil, Olive /Öl, Olivenöl",PRO-00-139277-5,2.55,2.55,grams,,,0.56691,2.55,grams
FV0401A - Pulled chicken with cheddar and bacon [BNL],REC-013941-4-008,Portobello - CBRSC Roasted Portobello's,SUB-013717-4-001,55,grams,"BLAST CHILLER, OVEN",Roasted Garlic (use),SUB-013367-4-001,1.54,grams,"BLAST CHILLER, BRAISER, SPICE PORTIONING",,,,,,,,,,,"FA-DE Garlic, Peeled, Whole Cloves [10kg] /Knoblauch, geschält, ganze Nelken [10kg]",PHF-00-139197-3,1.56,1.56,grams,,,0.56691,1.56,grams
FV0401A - Pulled chicken with cheddar and bacon [BNL],REC-013941-4-008,Portobello - CBRSC Roasted Portobello's,SUB-013717-4-001,55,grams,"BLAST CHILLER, OVEN",Roasted Garlic (use),SUB-013367-4-001,1.54,grams,"BLAST CHILLER, BRAISER, SPICE PORTIONING",,,,,,,,,,,"FA-DE Oil, Olive /Öl, Olivenöl",PRO-00-139277-5,1.17,1.17,grams,,,0.56691,1.17,grams
FV0401A - Pulled chicken with cheddar and bacon [BNL],REC-013941-4-008,Portobello - CBRSC Roasted Portobello's,SUB-013717-4-001,55,grams,"BLAST CHILLER, OVEN",,,,,,,,,,,,,,,,"FA-DE Thyme, IQF /Thymian, IQF",PHF-00-139244-1,0.31,0.31,grams,,,0.61956,0.31,grams
FV0401A - Pulled chicken with cheddar and bacon [BNL],REC-013941-4-008,Portobello - CBRSC Roasted Portobello's,SUB-013717-4-001,55,grams,"BLAST CHILLER, OVEN",,,,,,,,,,,,,,,,"FA-DE Spice, Sea Salt /Gewürze, Meersalz",SPI-00-139378-5,0.39,0.39,grams,,,0.61956,0.39,grams
FV0401A - Pulled chicken with cheddar and bacon [BNL],REC-013941-4-008,Portobello - CBRSC Roasted Portobello's,SUB-013717-4-001,55,grams,"BLAST CHILLER, OVEN",,,,,,,,,,,,,,,,"FA-DE Spice, Black Pepper, Ground /Gewürz, schwarzer Pfeffer, gemahlen",SPI-00-139334-5,0.31,0.31,grams,,,0.61956,0.31,grams
FV0401A - Pulled chicken with cheddar and bacon [BNL],REC-013941-4-008,Portobello - CBRSC Roasted Portobello's,SUB-013717-4-001,55,grams,"BLAST CHILLER, OVEN",,,,,,,,,,,,,,,,"FA-DE Oil, Olive /Öl, Olivenöl",PRO-00-139277-5,6.18,6.18,grams,,,0.61956,6.18,grams
FV0401A - Pulled chicken with cheddar and bacon [BNL],REC-013941-4-008,Portobello - CBRSC Roasted Portobello's,SUB-013717-4-001,55,grams,"BLAST CHILLER, OVEN",,,,,,,,,,,,,,,,"FA-DE Mushroom, Portobello, Sliced, Washed /Pilze, Portobello, in Scheiben geschnitten, gewaschen",PHF-00-139207-3,80.05,80.05,grams,,,0.61956,80.05,grams
FV0402A - Spicy jalapeño bowl with beef  [BNL],REC-013885-4-005,Jalapeno Roasted Zucchini,SUB-013881-4-001,80,grams,"BLAST CHILLER, BRAISER, SPICE PORTIONING",,,,,,,,,,,,,,,,"FA-DE Spice, Sea Salt /Gewürze, Meersalz",SPI-00-139378-5,0.72,0.72,grams,,,0.7804,0.72,grams
FV0402A - Spicy jalapeño bowl with beef  [BNL],REC-013885-4-005,Jalapeno Roasted Zucchini,SUB-013881-4-001,80,grams,"BLAST CHILLER, BRAISER, SPICE PORTIONING",Roasted Garlic oil,SUB-013367-4-002,2.03,grams,"BLAST CHILLER, OVEN",,,,,,,,,,,"FA-DE Garlic, Peeled, Whole Cloves [10kg] /Knoblauch, geschält, ganze Nelken [10kg]",PHF-00-139197-3,2.79,2.79,grams,,,0.415,2.79,grams
FV0402A - Spicy jalapeño bowl with beef  [BNL],REC-013885-4-005,Jalapeno Roasted Zucchini,SUB-013881-4-001,80,grams,"BLAST CHILLER, BRAISER, SPICE PORTIONING",Roasted Garlic oil,SUB-013367-4-002,2.03,grams,"BLAST CHILLER, OVEN",,,,,,,,,,,"FA-DE Oil, Olive /Öl, Olivenöl",PRO-00-139277-5,2.1,2.1,grams,,,0.415,2.1,grams
FV0402A - Spicy jalapeño bowl with beef  [BNL],REC-013885-4-005,Jalapeno Roasted Zucchini,SUB-013881-4-001,80,grams,"BLAST CHILLER, BRAISER, SPICE PORTIONING",,,,,,,,,,,,,,,,"FA-DE Spice, Cumin Ground /Gewürz, gemahlener Kreuzkümmel",SPI-00-139345-5,0.22,0.22,grams,,,0.7804,0.22,grams
FV0402A - Spicy jalapeño bowl with beef  [BNL],REC-013885-4-005,Jalapeno Roasted Zucchini,SUB-013881-4-001,80,grams,"BLAST CHILLER, BRAISER, SPICE PORTIONING",,,,,,,,,,,,,,,,"FA-DE Zucchini, Diced 10mm /Zucchini, gewürfelt 10 mm",PHF-00-139229-3,99.26,99.26,grams,,,0.7804,99.26,grams
FV0402A - Spicy jalapeño bowl with beef  [BNL],REC-013885-4-005,Jalapeno Roasted Zucchini,SUB-013881-4-001,80,grams,"BLAST CHILLER, BRAISER, SPICE PORTIONING",,,,,,,,,,,,,,,,"FA-DE Spice, Jalapeno Powder /Gewürz, Jalapeno-Pulver",SPI-00-139360-5,0.28,0.28,grams,,,0.7804,0.28,grams
FV0402A - Spicy jalapeño bowl with beef  [BNL],REC-013885-4-005,Keto Jalapeno - Cilantro Ground beef,SUB-013882-4-001,130,grams,"BLAST CHILLER, BRAISER, IMMERSION BLENDER, SPICE PORTIONING",,,,,,,,,,,,,,,,"FA-DE Bell Peppers, Green, Diced 10mm /Paprika, grün, gewürfelt 10 mm",PHF-00-139176-3,15.46,15.46,grams,,,0.67156,15.46,grams
FV0402A - Spicy jalapeño bowl with beef  [BNL],REC-013885-4-005,Keto Jalapeno - Cilantro Ground beef,SUB-013882-4-001,130,grams,"BLAST CHILLER, BRAISER, IMMERSION BLENDER, SPICE PORTIONING",,,,,,,,,,,,,,,,"FA-DE Coriander, Chopped /Koriander, gehackt",PHF-00-139192-3,5.15,5.15,grams,,,0.67156,5.15,grams
FV0402A - Spicy jalapeño bowl with beef  [BNL],REC-013885-4-005,Keto Jalapeno - Cilantro Ground beef,SUB-013882-4-001,130,grams,"BLAST CHILLER, BRAISER, IMMERSION BLENDER, SPICE PORTIONING",,,,,,,,,,,,,,,,"FA-DE Oil, Olive /Öl, Olivenöl",PRO-00-139277-5,2.58,2.58,grams,,,0.67156,2.58,grams
FV0402A - Spicy jalapeño bowl with beef  [BNL],REC-013885-4-005,Keto Jalapeno - Cilantro Ground beef,SUB-013882-4-001,130,grams,"BLAST CHILLER, BRAISER, IMMERSION BLENDER, SPICE PORTIONING",,,,,,,,,,,,,,,,"FA-DE Spice, Jalapeno Powder /Gewürz, Jalapeno-Pulver",SPI-00-139360-5,0.26,0.26,grams,,,0.67156,0.26,grams
FV0402A - Spicy jalapeño bowl with beef  [BNL],REC-013885-4-005,Keto Jalapeno - Cilantro Ground beef,SUB-013882-4-001,130,grams,"BLAST CHILLER, BRAISER, IMMERSION BLENDER, SPICE PORTIONING",,,,,,,,,,,,,,,,"FA-DE Spice, Cumin Ground /Gewürz, gemahlener Kreuzkümmel",SPI-00-139345-5,1.34,1.34,grams,,,0.67156,1.34,grams
FV0402A - Spicy jalapeño bowl with beef  [BNL],REC-013885-4-005,Keto Jalapeno - Cilantro Ground beef,SUB-013882-4-001,130,grams,"BLAST CHILLER, BRAISER, IMMERSION BLENDER, SPICE PORTIONING",,,,,,,,,,,,,,,,"FA-DE Spice, Crushed Red Pepper Flakes /Gewürz, zerkleinerte rote Pfefferflocken",SPI-00-139344-5,0.05,0.05,grams,,,0.67156,0.05,grams
FV0402A - Spicy jalapeño bowl with beef  [BNL],REC-013885-4-005,Keto Jalapeno - Cilantro Ground beef,SUB-013882-4-001,130,grams,"BLAST CHILLER, BRAISER, IMMERSION BLENDER, SPICE PORTIONING",,,,,,,,,,,,,,,,"FA-DE Jalapeno Peppers, Diced 5mm /Jalapeno-Paprikaschoten, gewürfelt, 5 mm",PHF-00-139201-3,10.31,10.31,grams,,,0.67156,10.31,grams
FV0402A - Spicy jalapeño bowl with beef  [BNL],REC-013885-4-005,Keto Jalapeno - Cilantro Ground beef,SUB-013882-4-001,130,grams,"BLAST CHILLER, BRAISER, IMMERSION BLENDER, SPICE PORTIONING",,,,,,,,,,,,,,,,"FA-DE Beef, Ground, 80/20 /Rindfleisch, gemahlen, 80/20",PTN-00-139319-3,154.55,154.55,grams,,,0.67156,154.55,grams
FV0402A - Spicy jalapeño bowl with beef  [BNL],REC-013885-4-005,Keto Jalapeno - Cilantro Ground beef,SUB-013882-4-001,130,grams,"BLAST CHILLER, BRAISER, IMMERSION BLENDER, SPICE PORTIONING",,,,,,,,,,,,,,,,"FA-DE Spice, Garlic Granulated /Gewürz, Knoblauch granuliert",SPI-00-139353-5,1.29,1.29,grams,,,0.67156,1.29,grams
FV0402A - Spicy jalapeño bowl with beef  [BNL],REC-013885-4-005,Keto Jalapeno - Cilantro Ground beef,SUB-013882-4-001,130,grams,"BLAST CHILLER, BRAISER, IMMERSION BLENDER, SPICE PORTIONING",,,,,,,,,,,,,,,,"FA-DE Spice, Sea Salt /Gewürze, Meersalz",SPI-00-139378-5,1.29,1.29,grams,,,0.67156,1.29,grams
FV0402A - Spicy jalapeño bowl with beef  [BNL],REC-013885-4-005,Keto Jalapeno - Cilantro Ground beef,SUB-013882-4-001,130,grams,"BLAST CHILLER, BRAISER, IMMERSION BLENDER, SPICE PORTIONING",,,,,,,,,,,,,,,,"FA-DE Spice, Oregano Dry /Gewürz, Oregano trocken",SPI-00-139372-5,0.02,0.02,grams,,,0.67156,0.02,grams
FV0402A - Spicy jalapeño bowl with beef  [BNL],REC-013885-4-005,Keto Jalapeno - Cilantro Ground beef,SUB-013882-4-001,130,grams,"BLAST CHILLER, BRAISER, IMMERSION BLENDER, SPICE PORTIONING",,,,,,,,,,,,,,,,"FA-DE Spice, Onion Granulated /Gewürze, Zwiebeln granuliert",SPI-00-139370-5,1.29,1.29,grams,,,0.67156,1.29,grams
FV0402A - Spicy jalapeño bowl with beef  [BNL],REC-013885-4-005,,,,,,,,,,,,,,,,,,,,,"FA-DE Cheese, Mozzarella, Shredded /Käse, Mozzarella, gerieben",DAI-00-139125-3,15,15,grams,MILCH (EINSCHLIESSLICH LAKTOSE),,,15,grams
FV0402A - Spicy jalapeño bowl with beef  [BNL],REC-013885-4-005,Roasted Green and Red Bell Peppers - Diced - reduced salt,SUB-013883-4-001,35,grams,"BLAST CHILLER, OVEN",,,,,,,,,,,,,,,,"FA-DE Oil, Olive /Öl, Olivenöl",PRO-00-139277-5,0.61,0.61,grams,,,0.79997,0.61,grams
FV0402A - Spicy jalapeño bowl with beef  [BNL],REC-013885-4-005,Roasted Green and Red Bell Peppers - Diced - reduced salt,SUB-013883-4-001,35,grams,"BLAST CHILLER, OVEN",,,,,,,,,,,,,,,,"FA-DE Bell Peppers, Green, Diced 10mm /Paprika, grün, gewürfelt 10 mm",PHF-00-139176-3,21.49,21.49,grams,,,0.79997,21.49,grams
FV0402A - Spicy jalapeño bowl with beef  [BNL],REC-013885-4-005,Roasted Green and Red Bell Peppers - Diced - reduced salt,SUB-013883-4-001,35,grams,"BLAST CHILLER, OVEN",,,,,,,,,,,,,,,,"FA-DE Bell Peppers, Red, Diced 10mm /Paprika, rot, gewürfelt 10 mm",PHF-00-139179-3,21.49,21.49,grams,,,0.79997,21.49,grams
FV0402A - Spicy jalapeño bowl with beef  [BNL],REC-013885-4-005,Roasted Green and Red Bell Peppers - Diced - reduced salt,SUB-013883-4-001,35,grams,"BLAST CHILLER, OVEN",,,,,,,,,,,,,,,,"FA-DE Spice, Garlic Granulated /Gewürz, Knoblauch granuliert",SPI-00-139353-5,0.06,0.06,grams,,,0.79997,0.06,grams
FV0402A - Spicy jalapeño bowl with beef  [BNL],REC-013885-4-005,Roasted Green and Red Bell Peppers - Diced - reduced salt,SUB-013883-4-001,35,grams,"BLAST CHILLER, OVEN",,,,,,,,,,,,,,,,"FA-DE Spice, Sea Salt /Gewürze, Meersalz",SPI-00-139378-5,0.1,0.1,grams,,,0.79997,0.1,grams
FV0402A - Spicy jalapeño bowl with beef  [BNL],REC-013885-4-005,Mash - Bell pepper cauliflower mash - rice,SUB-013884-4-001,120,grams,"BLAST CHILLER, BRAISER, IMMERSION BLENDER, SPICE PORTIONING",,,,,,,,,,,,,,,,"FA-DE Butter, Unsalted /Butter, ungesalzen",DAI-00-139146-3,13.24,13.24,grams,MILCH (EINSCHLIESSLICH LAKTOSE),,0.89281,13.24,grams
FV0402A - Spicy jalapeño bowl with beef  [BNL],REC-013885-4-005,Mash - Bell pepper cauliflower mash - rice,SUB-013884-4-001,120,grams,"BLAST CHILLER, BRAISER, IMMERSION BLENDER, SPICE PORTIONING",,,,,,,,,,,,,,,,"FA-DE Cheese, White Cheddar, Shredded /Käse, weißer Cheddar, gerieben",DAI-00-139135-3,6.61,6.61,grams,MILCH (EINSCHLIESSLICH LAKTOSE),,0.89281,6.61,grams
FV0402A - Spicy jalapeño bowl with beef  [BNL],REC-013885-4-005,Mash - Bell pepper cauliflower mash - rice,SUB-013884-4-001,120,grams,"BLAST CHILLER, BRAISER, IMMERSION BLENDER, SPICE PORTIONING",,,,,,,,,,,,,,,,"FA-DE Cheese, Cream 22% Fat /Käse, Sahne 22% Fett",DAI-00-139128-3,16.55,16.55,grams,MILCH (EINSCHLIESSLICH LAKTOSE),,0.89281,16.55,grams
FV0402A - Spicy jalapeño bowl with beef  [BNL],REC-013885-4-005,Mash - Bell pepper cauliflower mash - rice,SUB-013884-4-001,120,grams,"BLAST CHILLER, BRAISER, IMMERSION BLENDER, SPICE PORTIONING",,,,,,,,,,,,,,,,"FA-DE Cheese, Parmesan, Grated /Käse, Parmesan, gerieben",DAI-00-139127-3,3.31,3.31,grams,MILCH (EINSCHLIESSLICH LAKTOSE),,0.89281,3.31,grams
FV0402A - Spicy jalapeño bowl with beef  [BNL],REC-013885-4-005,Mash - Bell pepper cauliflower mash - rice,SUB-013884-4-001,120,grams,"BLAST CHILLER, BRAISER, IMMERSION BLENDER, SPICE PORTIONING",Roasted Green Peppers - 10mm Diced,SUB-013734-4-002,11.94,grams,"BLAST CHILLER, OVEN",,,,,,,,,,,"FA-DE Onion, Green, Sliced 5mm /Zwiebel, grün, in Scheiben geschnitten, 5 mm",PHF-00-149803-3,6.24,6.24,grams,,,0.52971,6.24,grams
FV0402A - Spicy jalapeño bowl with beef  [BNL],REC-013885-4-005,Mash - Bell pepper cauliflower mash - rice,SUB-013884-4-001,120,grams,"BLAST CHILLER, BRAISER, IMMERSION BLENDER, SPICE PORTIONING",Roasted Green Peppers - 10mm Diced,SUB-013734-4-002,11.94,grams,"BLAST CHILLER, OVEN",,,,,,,,,,,"FA-DE Bell Peppers, Green, Diced 10mm /Paprika, grün, gewürfelt 10 mm",PHF-00-139176-3,15.62,15.62,grams,,,0.52971,15.62,grams
FV0402A - Spicy jalapeño bowl with beef  [BNL],REC-013885-4-005,Mash - Bell pepper cauliflower mash - rice,SUB-013884-4-001,120,grams,"BLAST CHILLER, BRAISER, IMMERSION BLENDER, SPICE PORTIONING",Roasted Green Peppers - 10mm Diced,SUB-013734-4-002,11.94,grams,"BLAST CHILLER, OVEN",,,,,,,,,,,"FA-DE Spice, Sea Salt /Gewürze, Meersalz",SPI-00-139378-5,0.68,0.68,grams,,,0.52971,0.68,grams
FV0402A - Spicy jalapeño bowl with beef  [BNL],REC-013885-4-005,Mash - Bell pepper cauliflower mash - rice,SUB-013884-4-001,120,grams,"BLAST CHILLER, BRAISER, IMMERSION BLENDER, SPICE PORTIONING",Steamed Cauliflower Rice,SUB-029075-4-001,82.75,grams,OVEN,,,,,,,,,,,"FA-DE Cauliflower, Riced, IQF /Blumenkohl, Reis, IQF",PHF-00-139233-1,87.14,87.14,grams,,,0.94962,87.14,grams
FV0402A - Spicy jalapeño bowl with beef  [BNL],REC-013885-4-005,Roasted Green Onions,SUB-023370-4-001,5,grams,"BLAST CHILLER, OVEN",,,,,,,,,,,,,,,,"FA-DE Onion, Green, Sliced 5mm /Zwiebel, grün, in Scheiben geschnitten, 5 mm",PHF-00-149803-3,5.88,5.88,grams,,,0.85,5.88,grams
FV0601A - Mozzarella Burger & Roasted Potatoes [BNL],REC-013423-4-005,Roasted Garlic and Parsley Roasted Potato - SH,SUB-013390-4-001,115,grams,"BLAST CHILLER, OVEN",,,,,,,,,,,,,,,,"FA-DE Parsley, Chopped /Petersilie, gehackt",PHF-00-139215-3,5.31,5.31,grams,,,0.77545,5.31,grams
FV0601A - Mozzarella Burger & Roasted Potatoes [BNL],REC-013423-4-005,Roasted Garlic and Parsley Roasted Potato - SH,SUB-013390-4-001,115,grams,"BLAST CHILLER, OVEN",,,,,,,,,,,,,,,,"FA-DE Spice, Black Pepper, Ground /Gewürz, schwarzer Pfeffer, gemahlen",SPI-00-139334-5,0.35,0.35,grams,,,0.77545,0.35,grams
FV0601A - Mozzarella Burger & Roasted Potatoes [BNL],REC-013423-4-005,Roasted Garlic and Parsley Roasted Potato - SH,SUB-013390-4-001,115,grams,"BLAST CHILLER, OVEN",,,,,,,,,,,,,,,,"FA-DE Oil, Olive /Öl, Olivenöl",PRO-00-139277-5,5.31,5.31,grams,,,0.77545,5.31,grams
FV0601A - Mozzarella Burger & Roasted Potatoes [BNL],REC-013423-4-005,Roasted Garlic and Parsley Roasted Potato - SH,SUB-013390-4-001,115,grams,"BLAST CHILLER, OVEN",Roasted Garlic (use),SUB-013367-4-001,6.37,grams,"BLAST CHILLER, BRAISER, SPICE PORTIONING",,,,,,,,,,,"FA-DE Garlic, Peeled, Whole Cloves [10kg] /Knoblauch, geschält, ganze Nelken [10kg]",PHF-00-139197-3,6.42,6.42,grams,,,0.56691,6.42,grams
FV0601A - Mozzarella Burger & Roasted Potatoes [BNL],REC-013423-4-005,Roasted Garlic and Parsley Roasted Potato - SH,SUB-013390-4-001,115,grams,"BLAST CHILLER, OVEN",Roasted Garlic (use),SUB-013367-4-001,6.37,grams,"BLAST CHILLER, BRAISER, SPICE PORTIONING",,,,,,,,,,,"FA-DE Oil, Olive /Öl, Olivenöl",PRO-00-139277-5,4.81,4.81,grams,,,0.56691,4.81,grams
FV0601A - Mozzarella Burger & Roasted Potatoes [BNL],REC-013423-4-005,Roasted Garlic and Parsley Roasted Potato - SH,SUB-013390-4-001,115,grams,"BLAST CHILLER, OVEN",,,,,,,,,,,,,,,,"FA-DE Spice, Sea Salt /Gewürze, Meersalz",SPI-00-139378-5,0.35,0.35,grams,,,0.77545,0.35,grams
FV0601A - Mozzarella Burger & Roasted Potatoes [BNL],REC-013423-4-005,Roasted Garlic and Parsley Roasted Potato - SH,SUB-013390-4-001,115,grams,"BLAST CHILLER, OVEN",,,,,,,,,,,,,,,,"FA-DE Potatoes, Diced 10mm /Kartoffeln, gewürfelt, 10 mm",PHF-00-139219-3,130.62,130.62,grams,,,0.77545,130.62,grams
FV0601A - Mozzarella Burger & Roasted Potatoes [BNL],REC-013423-4-005,Mozzarella + Parsley Mix,SUB-013419-4-001,14,grams,HAND MIX,,,,,,,,,,,,,,,,"FA-DE Parsley, Chopped /Petersilie, gehackt",PHF-00-139215-3,0.93,0.93,grams,,,0.99961,0.93,grams
FV0601A - Mozzarella Burger & Roasted Potatoes [BNL],REC-013423-4-005,Mozzarella + Parsley Mix,SUB-013419-4-001,14,grams,HAND MIX,,,,,,,,,,,,,,,,"FA-DE Cheese, Mozzarella, Shredded /Käse, Mozzarella, gerieben",DAI-00-139125-3,13.07,13.07,grams,MILCH (EINSCHLIESSLICH LAKTOSE),,0.99961,13.07,grams
FV0601A - Mozzarella Burger & Roasted Potatoes [BNL],REC-013423-4-005,Beef Burger Master EU,SUB-031776-4-001,1,each,"BLAST CHILLER, HORIZONTAL MIXER, OVEN, PATTY MAKER",Burger Patty,SUB-031783-4-001,194,grams,"BLAST CHILLER, HORIZONTAL MIXER, OVEN, PATTY MAKER",,,,,,,,,,,"FA-DE Beef, Ground, 80/20 /Rindfleisch, gemahlen, 80/20",PTN-00-139319-3,161.44,161.44,grams,,,0.97143,161.44,grams
FV0601A - Mozzarella Burger & Roasted Potatoes [BNL],REC-013423-4-005,Beef Burger Master EU,SUB-031776-4-001,1,each,"BLAST CHILLER, HORIZONTAL MIXER, OVEN, PATTY MAKER",Burger Patty,SUB-031783-4-001,194,grams,"BLAST CHILLER, HORIZONTAL MIXER, OVEN, PATTY MAKER",Cooked Burger Veggies,SUB-031784-4-001,21.52,grams,"BLAST CHILLER, BRAISER, SPICE PORTIONING",,,,,,"FA-DE Onion, Spanish, Diced 5mm /Zwiebel, Spanisch, gewürfelt 5 mm",PHF-00-139212-3,7.94,7.94,grams,,,0.94991,7.94,grams
FV0601A - Mozzarella Burger & Roasted Potatoes [BNL],REC-013423-4-005,Beef Burger Master EU,SUB-031776-4-001,1,each,"BLAST CHILLER, HORIZONTAL MIXER, OVEN, PATTY MAKER",Burger Patty,SUB-031783-4-001,194,grams,"BLAST CHILLER, HORIZONTAL MIXER, OVEN, PATTY MAKER",Cooked Burger Veggies,SUB-031784-4-001,21.52,grams,"BLAST CHILLER, BRAISER, SPICE PORTIONING",,,,,,"FA-DE Garlic, IQF, Diced 4 mm /Knoblauch, IQF, gewürfelt 4 mm",PHF-00-139237-1,4.54,4.54,grams,SCHWEFELDIOXIDE UND SULFITE,,0.94991,4.54,grams
FV0601A - Mozzarella Burger & Roasted Potatoes [BNL],REC-013423-4-005,Beef Burger Master EU,SUB-031776-4-001,1,each,"BLAST CHILLER, HORIZONTAL MIXER, OVEN, PATTY MAKER",Burger Patty,SUB-031783-4-001,194,grams,"BLAST CHILLER, HORIZONTAL MIXER, OVEN, PATTY MAKER",Cooked Burger Veggies,SUB-031784-4-001,21.52,grams,"BLAST CHILLER, BRAISER, SPICE PORTIONING",,,,,,"FA-DE Oil, Olive /Öl, Olivenöl",PRO-00-139277-5,3.03,3.03,grams,,,0.94991,3.03,grams
FV0601A - Mozzarella Burger & Roasted Potatoes [BNL],REC-013423-4-005,Beef Burger Master EU,SUB-031776-4-001,1,each,"BLAST CHILLER, HORIZONTAL MIXER, OVEN, PATTY MAKER",Burger Patty,SUB-031783-4-001,194,grams,"BLAST CHILLER, HORIZONTAL MIXER, OVEN, PATTY MAKER",Cooked Burger Veggies,SUB-031784-4-001,21.52,grams,"BLAST CHILLER, BRAISER, SPICE PORTIONING",,,,,,"FA-DE Spice, Garlic Granulated /Gewürz, Knoblauch granuliert",SPI-00-139353-5,2.27,2.27,grams,,,0.94991,2.27,grams
FV0601A - Mozzarella Burger & Roasted Potatoes [BNL],REC-013423-4-005,Beef Burger Master EU,SUB-031776-4-001,1,each,"BLAST CHILLER, HORIZONTAL MIXER, OVEN, PATTY MAKER",Burger Patty,SUB-031783-4-001,194,grams,"BLAST CHILLER, HORIZONTAL MIXER, OVEN, PATTY MAKER",Cooked Burger Veggies,SUB-031784-4-001,21.52,grams,"BLAST CHILLER, BRAISER, SPICE PORTIONING",,,,,,"FA-DE Spice, Onion Granulated /Gewürze, Zwiebeln granuliert",SPI-00-139370-5,4.54,4.54,grams,,,0.94991,4.54,grams
FV0601A - Mozzarella Burger & Roasted Potatoes [BNL],REC-013423-4-005,Beef Burger Master EU,SUB-031776-4-001,1,each,"BLAST CHILLER, HORIZONTAL MIXER, OVEN, PATTY MAKER",Burger Patty,SUB-031783-4-001,194,grams,"BLAST CHILLER, HORIZONTAL MIXER, OVEN, PATTY MAKER",Cooked Burger Veggies,SUB-031784-4-001,21.52,grams,"BLAST CHILLER, BRAISER, SPICE PORTIONING",,,,,,"FA-DE Spice, Sea Salt /Gewürze, Meersalz",SPI-00-139378-5,0.33,0.33,grams,,,0.94991,0.33,grams
FV0601A - Mozzarella Burger & Roasted Potatoes [BNL],REC-013423-4-005,Beef Burger Master EU,SUB-031776-4-001,1,each,"BLAST CHILLER, HORIZONTAL MIXER, OVEN, PATTY MAKER",Burger Patty,SUB-031783-4-001,194,grams,"BLAST CHILLER, HORIZONTAL MIXER, OVEN, PATTY MAKER",Burger Stock,SUB-031810-4-001,16.75,grams,IMMERSION BLENDER,,,,,,FA-DE Water / Wasser,OTH-00-144038-5,15.28,15.28,grams,,,0.98807,15.28,grams
FV0601A - Mozzarella Burger & Roasted Potatoes [BNL],REC-013423-4-005,Beef Burger Master EU,SUB-031776-4-001,1,each,"BLAST CHILLER, HORIZONTAL MIXER, OVEN, PATTY MAKER",Burger Patty,SUB-031783-4-001,194,grams,"BLAST CHILLER, HORIZONTAL MIXER, OVEN, PATTY MAKER",Burger Stock,SUB-031810-4-001,16.75,grams,IMMERSION BLENDER,,,,,,"FA-DE Stock, Chicken, Reduced/Brühe, Huhn, Reduziert",PRO-00-139288-5,1.09,1.09,grams,,,0.98807,1.09,grams
FV0601A - Mozzarella Burger & Roasted Potatoes [BNL],REC-013423-4-005,Beef Burger Master EU,SUB-031776-4-001,1,each,"BLAST CHILLER, HORIZONTAL MIXER, OVEN, PATTY MAKER",Burger Patty,SUB-031783-4-001,194,grams,"BLAST CHILLER, HORIZONTAL MIXER, OVEN, PATTY MAKER",Burger Stock,SUB-031810-4-001,16.75,grams,IMMERSION BLENDER,,,,,,"FA-DE Spice, Sea Salt /Gewürze, Meersalz",SPI-00-139378-5,0.58,0.58,grams,,,0.98807,0.58,grams
FV0601A - Mozzarella Burger & Roasted Potatoes [BNL],REC-013423-4-005,Mozzarella + Parsley Mix,SUB-013419-4-001,14,grams,HAND MIX,,,,,,,,,,,,,,,,"FA-DE Parsley, Chopped /Petersilie, gehackt",PHF-00-139215-3,0.93,0.93,grams,,,0.99961,0.93,grams
FV0601A - Mozzarella Burger & Roasted Potatoes [BNL],REC-013423-4-005,Mozzarella + Parsley Mix,SUB-013419-4-001,14,grams,HAND MIX,,,,,,,,,,,,,,,,"FA-DE Cheese, Mozzarella, Shredded /Käse, Mozzarella, gerieben",DAI-00-139125-3,13.07,13.07,grams,MILCH (EINSCHLIESSLICH LAKTOSE),,0.99961,13.07,grams
FV0601A - Mozzarella Burger & Roasted Potatoes [BNL],REC-013423-4-005,Mixed veg - Summer Zucchini Roast,SUB-013418-4-001,85,grams,"BLAST CHILLER, OVEN",,,,,,,,,,,,,,,,"FA-DE Oil, Olive /Öl, Olivenöl",PRO-00-139277-5,1.9,1.9,grams,,,0.72003,1.9,grams
FV0601A - Mozzarella Burger & Roasted Potatoes [BNL],REC-013423-4-005,Mixed veg - Summer Zucchini Roast,SUB-013418-4-001,85,grams,"BLAST CHILLER, OVEN",,,,,,,,,,,,,,,,"FA-DE Sweetcorn Supersweet Kernels, IQF /Zuckermais-Supersüßkörner, IQF",PHF-00-139236-1,20.95,20.95,grams,,,0.72003,20.95,grams
FV0601A - Mozzarella Burger & Roasted Potatoes [BNL],REC-013423-4-005,Mixed veg - Summer Zucchini Roast,SUB-013418-4-001,85,grams,"BLAST CHILLER, OVEN",,,,,,,,,,,,,,,,"FA-DE Garlic, IQF, Diced 4 mm /Knoblauch, IQF, gewürfelt 4 mm",PHF-00-139237-1,2.22,2.22,grams,SCHWEFELDIOXIDE UND SULFITE,,0.72003,2.22,grams
FV0601A - Mozzarella Burger & Roasted Potatoes [BNL],REC-013423-4-005,Mixed veg - Summer Zucchini Roast,SUB-013418-4-001,85,grams,"BLAST CHILLER, OVEN",,,,,,,,,,,,,,,,"FA-DE Spice, Sea Salt /Gewürze, Meersalz",SPI-00-139378-5,0.31,0.31,grams,,,0.72003,0.31,grams
FV0601A - Mozzarella Burger & Roasted Potatoes [BNL],REC-013423-4-005,Mixed veg - Summer Zucchini Roast,SUB-013418-4-001,85,grams,"BLAST CHILLER, OVEN",,,,,,,,,,,,,,,,"FA-DE Zucchini, Diced 10mm /Zucchini, gewürfelt 10 mm",PHF-00-139229-3,55.87,55.87,grams,,,0.72003,55.87,grams
FV0601A - Mozzarella Burger & Roasted Potatoes [BNL],REC-013423-4-005,Mixed veg - Summer Zucchini Roast,SUB-013418-4-001,85,grams,"BLAST CHILLER, OVEN",,,,,,,,,,,,,,,,"FA-DE Spice, Onion Powder, Toasted /Gewürze, Zwiebelpulver, geröstet",SPI-00-139371-5,0.31,0.31,grams,,,0.72003,0.31,grams
FV0601A - Mozzarella Burger & Roasted Potatoes [BNL],REC-013423-4-005,Mixed veg - Summer Zucchini Roast,SUB-013418-4-001,85,grams,"BLAST CHILLER, OVEN",,,,,,,,,,,,,,,,"FA-DE Tomatoes, Diced 10mm /Tomaten, gewürfelt, 10 mm",PHF-00-139239-3,28.25,28.25,grams,,,0.72003,28.25,grams
FV0601A - Mozzarella Burger & Roasted Potatoes [BNL],REC-013423-4-005,Mixed veg - Summer Zucchini Roast,SUB-013418-4-001,85,grams,"BLAST CHILLER, OVEN",,,,,,,,,,,,,,,,"FA-DE Spice, Garlic Granulated /Gewürz, Knoblauch granuliert",SPI-00-139353-5,0.31,0.31,grams,,,0.72003,0.31,grams
FV0601A - Mozzarella Burger & Roasted Potatoes [BNL],REC-013423-4-005,Mixed veg - Summer Zucchini Roast,SUB-013418-4-001,85,grams,"BLAST CHILLER, OVEN",,,,,,,,,,,,,,,,"FA-DE Onion, Spanish, Diced 10mm /Zwiebel, Spanisch, gewürfelt 10 mm",PHF-00-139209-3,4.76,4.76,grams,,,0.72003,4.76,grams
FV0601A - Mozzarella Burger & Roasted Potatoes [BNL],REC-013423-4-005,Mixed veg - Summer Zucchini Roast,SUB-013418-4-001,85,grams,"BLAST CHILLER, OVEN",,,,,,,,,,,,,,,,"FA-DE Bell Peppers, Red, Diced 10mm /Paprika, rot, gewürfelt 10 mm",PHF-00-139179-3,2.85,2.85,grams,,,0.72003,2.85,grams
FV0601A - Mozzarella Burger & Roasted Potatoes [BNL],REC-013423-4-005,Mixed veg - Summer Zucchini Roast,SUB-013418-4-001,85,grams,"BLAST CHILLER, OVEN",,,,,,,,,,,,,,,,"FA-DE Parsley, Chopped /Petersilie, gehackt",PHF-00-139215-3,0.31,0.31,grams,,,0.72003,0.31,grams
FV0601A - Mozzarella Burger & Roasted Potatoes [BNL],REC-013423-4-005,Smokehouse Ketchup,SUB-013422-4-001,30,grams,"BLAST CHILLER, BRAISER, IMMERSION BLENDER, SPICE PORTIONING",,,,,,,,,,,,,,,,"FA-DE Spice, Black Pepper, Ground /Gewürz, schwarzer Pfeffer, gemahlen",SPI-00-139334-5,0.04,0.04,grams,,,0.91477,0.04,grams
FV0601A - Mozzarella Burger & Roasted Potatoes [BNL],REC-013423-4-005,Smokehouse Ketchup,SUB-013422-4-001,30,grams,"BLAST CHILLER, BRAISER, IMMERSION BLENDER, SPICE PORTIONING",,,,,,,,,,,,,,,,FA-DE Honey /Honig – Masse,PRO-00-139266-5,4.89,4.89,grams,,,0.91477,4.89,grams
FV0601A - Mozzarella Burger & Roasted Potatoes [BNL],REC-013423-4-005,Smokehouse Ketchup,SUB-013422-4-001,30,grams,"BLAST CHILLER, BRAISER, IMMERSION BLENDER, SPICE PORTIONING",,,,,,,,,,,,,,,,"FA-DE Garlic, IQF, Diced 4 mm /Knoblauch, IQF, gewürfelt 4 mm",PHF-00-139237-1,1.24,1.24,grams,SCHWEFELDIOXIDE UND SULFITE,,0.91477,1.24,grams
FV0601A - Mozzarella Burger & Roasted Potatoes [BNL],REC-013423-4-005,Smokehouse Ketchup,SUB-013422-4-001,30,grams,"BLAST CHILLER, BRAISER, IMMERSION BLENDER, SPICE PORTIONING",Concentrated Tomatoes- Diluted (90/10) (primo gusto/old california),SUB-013421-4-001,22.74,grams,"DEBOX, STAGING",,,,,,,,,,,"FA-DE Tomatoes, Concentrated Crushed /Tomaten, konzentriert, zerkleinert",PRO-00-139293-5,20.46,20.46,grams,,,1.0,20.46,grams
FV0601A - Mozzarella Burger & Roasted Potatoes [BNL],REC-013423-4-005,Smokehouse Ketchup,SUB-013422-4-001,30,grams,"BLAST CHILLER, BRAISER, IMMERSION BLENDER, SPICE PORTIONING",Concentrated Tomatoes- Diluted (90/10) (primo gusto/old california),SUB-013421-4-001,22.74,grams,"DEBOX, STAGING",,,,,,,,,,,FA-DE Water / Wasser,OTH-00-144038-5,2.28,2.28,grams,,,1.0,2.28,grams
FV0601A - Mozzarella Burger & Roasted Potatoes [BNL],REC-013423-4-005,Smokehouse Ketchup,SUB-013422-4-001,30,grams,"BLAST CHILLER, BRAISER, IMMERSION BLENDER, SPICE PORTIONING",,,,,,,,,,,,,,,,"FA-DE Oil, Olive /Öl, Olivenöl",PRO-00-139277-5,0.7,0.7,grams,,,0.91477,0.7,grams
FV0601A - Mozzarella Burger & Roasted Potatoes [BNL],REC-013423-4-005,Smokehouse Ketchup,SUB-013422-4-001,30,grams,"BLAST CHILLER, BRAISER, IMMERSION BLENDER, SPICE PORTIONING",,,,,,,,,,,,,,,,"FA-DE Thyme, IQF /Thymian, IQF",PHF-00-139244-1,0.09,0.09,grams,,,0.91477,0.09,grams
FV0601A - Mozzarella Burger & Roasted Potatoes [BNL],REC-013423-4-005,Smokehouse Ketchup,SUB-013422-4-001,30,grams,"BLAST CHILLER, BRAISER, IMMERSION BLENDER, SPICE PORTIONING",,,,,,,,,,,,,,,,"FA-DE Vinegar, Balsamic /Essig, Balsamico",PRO-00-139298-5,3.1,3.1,grams,SCHWEFELDIOXIDE UND SULFITE,,0.91477,3.1,grams
FV0778A- Creamy pesto pasta [DKSE],REC-014155-4-005,,,,,,,,,,,,,,,,,,,,,"FA-DE Pasta, Whole Wheat, Penne IQF/Nudeln, vollkorn, IQF",PRO-00-139304-1,115,115,grams,"GLUTENHALTIGES GETREIDE, WEIZEN",,,115,grams
FV0778A- Creamy pesto pasta [DKSE],REC-014155-4-005,Mixed veg - Roasted Vegetable BATCH 25% less oil,SUB-014154-4-001,75,grams,"BLAST CHILLER, OVEN",,,,,,,,,,,,,,,,"FA-DE Zucchini, Diced 10mm /Zucchini, gewürfelt 10 mm",PHF-00-139229-3,66.87,66.87,grams,,,0.7243,66.87,grams
FV0778A- Creamy pesto pasta [DKSE],REC-014155-4-005,Mixed veg - Roasted Vegetable BATCH 25% less oil,SUB-014154-4-001,75,grams,"BLAST CHILLER, OVEN",,,,,,,,,,,,,,,,"FA-DE Garlic, IQF, Diced 4 mm /Knoblauch, IQF, gewürfelt 4 mm",PHF-00-139237-1,1.03,1.03,grams,SCHWEFELDIOXIDE UND SULFITE,,0.7243,1.03,grams
FV0778A- Creamy pesto pasta [DKSE],REC-014155-4-005,Mixed veg - Roasted Vegetable BATCH 25% less oil,SUB-014154-4-001,75,grams,"BLAST CHILLER, OVEN",,,,,,,,,,,,,,,,"FA-DE Spice, Parsley Dried /Gewürze, getrocknete Petersilie",SPI-00-139374-5,0.34,0.34,grams,,,0.7243,0.34,grams
FV0778A- Creamy pesto pasta [DKSE],REC-014155-4-005,Mixed veg - Roasted Vegetable BATCH 25% less oil,SUB-014154-4-001,75,grams,"BLAST CHILLER, OVEN",,,,,,,,,,,,,,,,"FA-DE Spice, Onion Granulated /Gewürze, Zwiebeln granuliert",SPI-00-139370-5,0.34,0.34,grams,,,0.7243,0.34,grams
FV0778A- Creamy pesto pasta [DKSE],REC-014155-4-005,Mixed veg - Roasted Vegetable BATCH 25% less oil,SUB-014154-4-001,75,grams,"BLAST CHILLER, OVEN",,,,,,,,,,,,,,,,"FA-DE Oil, Olive /Öl, Olivenöl",PRO-00-139277-5,2.75,2.75,grams,,,0.7243,2.75,grams
FV0778A- Creamy pesto pasta [DKSE],REC-014155-4-005,Mixed veg - Roasted Vegetable BATCH 25% less oil,SUB-014154-4-001,75,grams,"BLAST CHILLER, OVEN",,,,,,,,,,,,,,,,"FA-DE Bell Peppers, Red, Diced 10mm /Paprika, rot, gewürfelt 10 mm",PHF-00-139179-3,29.83,29.83,grams,,,0.7243,29.83,grams
FV0778A- Creamy pesto pasta [DKSE],REC-014155-4-005,Mixed veg - Roasted Vegetable BATCH 25% less oil,SUB-014154-4-001,75,grams,"BLAST CHILLER, OVEN",,,,,,,,,,,,,,,,"FA-DE Spice, Sea Salt /Gewürze, Meersalz",SPI-00-139378-5,0.6,0.6,grams,,,0.7243,0.6,grams
FV0778A- Creamy pesto pasta [DKSE],REC-014155-4-005,Mixed veg - Roasted Vegetable BATCH 25% less oil,SUB-014154-4-001,75,grams,"BLAST CHILLER, OVEN",,,,,,,,,,,,,,,,"FA-DE Juice, Lemon /Saft, Zitrone",PRO-00-139265-5,1,1,grams,,,0.7243,1,grams
FV0778A- Creamy pesto pasta [DKSE],REC-014155-4-005,Mixed veg - Roasted Vegetable BATCH 25% less oil,SUB-014154-4-001,75,grams,"BLAST CHILLER, OVEN",,,,,,,,,,,,,,,,"FA-DE Spice, White Pepper /Gewürz, weißer Pfeffer",SPI-00-139387-5,0.15,0.15,grams,,,0.7243,0.15,grams
FV0778A- Creamy pesto pasta [DKSE],REC-014155-4-005,Mixed veg - Roasted Vegetable BATCH 25% less oil,SUB-014154-4-001,75,grams,"BLAST CHILLER, OVEN",,,,,,,,,,,,,,,,"FA-DE Spice, Tomato Powder /Gewürz, Tomatenpulver",SPI-00-139325-5,0.64,0.64,grams,,,0.7243,0.64,grams
FV0778A- Creamy pesto pasta [DKSE],REC-014155-4-005,Sauce - Basil Pesto Cream Sauce -Less Fat,SUB-032112-4-001,90,grams,"BLAST CHILLER, IMMERSION BLENDER",,,,,,,,,,,,,,,,"FA-DE Garlic, Peeled, Whole Cloves [10kg] /Knoblauch, geschält, ganze Nelken [10kg]",PHF-00-139197-3,0.89,0.89,grams,,,0.91318,0.89,grams
FV0778A- Creamy pesto pasta [DKSE],REC-014155-4-005,Sauce - Basil Pesto Cream Sauce -Less Fat,SUB-032112-4-001,90,grams,"BLAST CHILLER, IMMERSION BLENDER",,,,,,,,,,,,,,,,FA-DE Water / Wasser,OTH-00-144038-5,11.69,11.69,grams,,,0.91318,11.69,grams
FV0778A- Creamy pesto pasta [DKSE],REC-014155-4-005,Sauce - Basil Pesto Cream Sauce -Less Fat,SUB-032112-4-001,90,grams,"BLAST CHILLER, IMMERSION BLENDER",,,,,,,,,,,,,,,,"FA-DE Juice, Lemon /Saft, Zitrone",PRO-00-139265-5,11.69,11.69,grams,,,0.91318,11.69,grams
FV0778A- Creamy pesto pasta [DKSE],REC-014155-4-005,Sauce - Basil Pesto Cream Sauce -Less Fat,SUB-032112-4-001,90,grams,"BLAST CHILLER, IMMERSION BLENDER",Heavy Cream- Yielded,SUB-013449-4-001,14.39,grams,HAND MIX,,,,,,,,,,,FA-DE Heavy Cream 20% /Sahne 20%,DAI-00-139137-3,15.9,15.9,grams,MILCH (EINSCHLIESSLICH LAKTOSE),,0.90476,15.9,grams
FV0778A- Creamy pesto pasta [DKSE],REC-014155-4-005,Sauce - Basil Pesto Cream Sauce -Less Fat,SUB-032112-4-001,90,grams,"BLAST CHILLER, IMMERSION BLENDER",,,,,,,,,,,,,,,,"FA-DE Spice, Garlic Granulated /Gewürz, Knoblauch granuliert",SPI-00-139353-5,0.89,0.89,grams,,,0.91318,0.89,grams
FV0778A- Creamy pesto pasta [DKSE],REC-014155-4-005,Sauce - Basil Pesto Cream Sauce -Less Fat,SUB-032112-4-001,90,grams,"BLAST CHILLER, IMMERSION BLENDER",,,,,,,,,,,,,,,,"FA-DE Spice, Sea Salt /Gewürze, Meersalz",SPI-00-139378-5,2.38,2.38,grams,,,0.91318,2.38,grams
FV0778A- Creamy pesto pasta [DKSE],REC-014155-4-005,Sauce - Basil Pesto Cream Sauce -Less Fat,SUB-032112-4-001,90,grams,"BLAST CHILLER, IMMERSION BLENDER",,,,,,,,,,,,,,,,"FA-DE Cheese, Parmesan, Grated /Käse, Parmesan, gerieben",DAI-00-139127-3,9,9,grams,MILCH (EINSCHLIESSLICH LAKTOSE),,0.91318,9,grams
FV0778A- Creamy pesto pasta [DKSE],REC-014155-4-005,Sauce - Basil Pesto Cream Sauce -Less Fat,SUB-032112-4-001,90,grams,"BLAST CHILLER, IMMERSION BLENDER",,,,,,,,,,,,,,,,"FA-DE Spinach, Fresh, Stem Off /Spinat, frisch, ohne Stiel",PHF-00-139225-3,10.77,10.77,grams,,,0.91318,10.77,grams
FV0778A- Creamy pesto pasta [DKSE],REC-014155-4-005,Sauce - Basil Pesto Cream Sauce -Less Fat,SUB-032112-4-001,90,grams,"BLAST CHILLER, IMMERSION BLENDER",,,,,,,,,,,,,,,,"FA-DE Oil, Olive /Öl, Olivenöl",PRO-00-139277-5,25.16,25.16,grams,,,0.91318,25.16,grams
FV0778A- Creamy pesto pasta [DKSE],REC-014155-4-005,Sauce - Basil Pesto Cream Sauce -Less Fat,SUB-032112-4-001,90,grams,"BLAST CHILLER, IMMERSION BLENDER",Basil Kill Step,SUB-024331-4-001,11.69,grams,"BLAST CHILLER, OVEN",Basil - Picked Basil Leaves,SUB-013424-4-001,12.99,grams,"DEBOX, STAGING",,,,,,"FA-DE Basil, Fresh /Basilikum, frisch",PHF-00-139175-3,23.19,23.19,grams,,,0.55986,23.19,grams
FV0778A- Creamy pesto pasta [DKSE],REC-014155-4-005,Tomatoes - Roasted cherry tomatoes,SUB-013627-4-001,35,grams,"BLAST CHILLER, OVEN",,,,,,,,,,,,,,,,"FA-DE Tomatoes, Cherry/Tomaten, Kirsche",PHF-00-139190-3,40.76,40.76,grams,,,0.85,40.76,grams
FV0778A- Creamy pesto pasta [DKSE],REC-014155-4-005,Tomatoes - Roasted cherry tomatoes,SUB-013627-4-001,35,grams,"BLAST CHILLER, OVEN",,,,,,,,,,,,,,,,"FA-DE Oil, Olive /Öl, Olivenöl",PRO-00-139277-5,0.41,0.41,grams,,,0.85,0.41,grams
FV0778A- Creamy pesto pasta [DKSE],REC-014155-4-005,Tomatoes - Roasted cherry tomatoes,SUB-013627-4-001,35,grams,"BLAST CHILLER, OVEN",,,,,,,,,,,,,,,,"FA-DE Spice, Sea Salt /Gewürze, Meersalz",SPI-00-139378-5,0.01,0.01,grams,,,0.85,0.01,grams
FV0778A- Creamy pesto pasta [DKSE],REC-014155-4-005,"Green Beans -Roasted Green Beans w/Roasted Garlic less oil, less fat",SUB-032114-4-001,120,grams,"BLAST CHILLER, OVEN",,,,,,,,,,,,,,,,"FA-DE Spice, Black Pepper, Ground /Gewürz, schwarzer Pfeffer, gemahlen",SPI-00-139334-5,0.11,0.11,grams,,,0.75524,0.11,grams
FV0778A- Creamy pesto pasta [DKSE],REC-014155-4-005,"Green Beans -Roasted Green Beans w/Roasted Garlic less oil, less fat",SUB-032114-4-001,120,grams,"BLAST CHILLER, OVEN",,,,,,,,,,,,,,,,"FA-DE Spice, Sea Salt /Gewürze, Meersalz",SPI-00-139378-5,0.53,0.53,grams,,,0.75524,0.53,grams
FV0778A- Creamy pesto pasta [DKSE],REC-014155-4-005,"Green Beans -Roasted Green Beans w/Roasted Garlic less oil, less fat",SUB-032114-4-001,120,grams,"BLAST CHILLER, OVEN",Roasted Garlic (use),SUB-013367-4-001,4.52,grams,"BLAST CHILLER, BRAISER, SPICE PORTIONING",,,,,,,,,,,"FA-DE Garlic, Peeled, Whole Cloves [10kg] /Knoblauch, geschält, ganze Nelken [10kg]",PHF-00-139197-3,4.55,4.55,grams,,,0.56691,4.55,grams
FV0778A- Creamy pesto pasta [DKSE],REC-014155-4-005,"Green Beans -Roasted Green Beans w/Roasted Garlic less oil, less fat",SUB-032114-4-001,120,grams,"BLAST CHILLER, OVEN",Roasted Garlic (use),SUB-013367-4-001,4.52,grams,"BLAST CHILLER, BRAISER, SPICE PORTIONING",,,,,,,,,,,"FA-DE Oil, Olive /Öl, Olivenöl",PRO-00-139277-5,3.41,3.41,grams,,,0.56691,3.41,grams
FV0778A- Creamy pesto pasta [DKSE],REC-014155-4-005,"Green Beans -Roasted Green Beans w/Roasted Garlic less oil, less fat",SUB-032114-4-001,120,grams,"BLAST CHILLER, OVEN",,,,,,,,,,,,,,,,"FA-DE Green Beans, Fresh and Trimmed/Grüne Bohnen, frisch und geschnitten",PHF-00-139198-3,149.73,149.73,grams,,,0.75524,149.73,grams
FV0778A- Creamy pesto pasta [DKSE],REC-014155-4-005,"Green Beans -Roasted Green Beans w/Roasted Garlic less oil, less fat",SUB-032114-4-001,120,grams,"BLAST CHILLER, OVEN",,,,,,,,,,,,,,,,"FA-DE Oil, Olive /Öl, Olivenöl",PRO-00-139277-5,4,4,grams,,,0.75524,4,grams
FV1068A - Moroccan Chicken Thighs & Spiced Potatoes [BNL],REC-030395-4-003,Spice Roasted Potatoes 10mm Diced-Less Pepper,SUB-030305-4-001,80,grams,UNCATEGORIZED BOM,,,,,,,,,,,,,,,,"FA-DE Potatoes, Diced 10mm /Kartoffeln, gewürfelt, 10 mm",PHF-00-139219-3,104.23,104.23,grams,,,0.7217,104.23,grams
FV1068A - Moroccan Chicken Thighs & Spiced Potatoes [BNL],REC-030395-4-003,Spice Roasted Potatoes 10mm Diced-Less Pepper,SUB-030305-4-001,80,grams,UNCATEGORIZED BOM,,,,,,,,,,,,,,,,"FA-DE Oil, Olive /Öl, Olivenöl",PRO-00-139277-5,2.83,2.83,grams,,,0.7217,2.83,grams
FV1068A - Moroccan Chicken Thighs & Spiced Potatoes [BNL],REC-030395-4-003,Spice Roasted Potatoes 10mm Diced-Less Pepper,SUB-030305-4-001,80,grams,UNCATEGORIZED BOM,,,,,,,,,,,,,,,,"FA-DE Spice, Paprika /Gewürze, Paprika",SPI-00-139373-5,0.98,0.98,grams,,,0.7217,0.98,grams
FV1068A - Moroccan Chicken Thighs & Spiced Potatoes [BNL],REC-030395-4-003,Spice Roasted Potatoes 10mm Diced-Less Pepper,SUB-030305-4-001,80,grams,UNCATEGORIZED BOM,,,,,,,,,,,,,,,,"FA-DE Spice, Onion Granulated /Gewürze, Zwiebeln granuliert",SPI-00-139370-5,0.98,0.98,grams,,,0.7217,0.98,grams
FV1068A - Moroccan Chicken Thighs & Spiced Potatoes [BNL],REC-030395-4-003,Spice Roasted Potatoes 10mm Diced-Less Pepper,SUB-030305-4-001,80,grams,UNCATEGORIZED BOM,,,,,,,,,,,,,,,,"FA-DE Spice, Garlic Granulated /Gewürz, Knoblauch granuliert",SPI-00-139353-5,0.74,0.74,grams,,,0.7217,0.74,grams
FV1068A - Moroccan Chicken Thighs & Spiced Potatoes [BNL],REC-030395-4-003,Spice Roasted Potatoes 10mm Diced-Less Pepper,SUB-030305-4-001,80,grams,UNCATEGORIZED BOM,,,,,,,,,,,,,,,,"FA-DE Spice, Black Pepper, Ground /Gewürz, schwarzer Pfeffer, gemahlen",SPI-00-139334-5,0.26,0.26,grams,,,0.7217,0.26,grams
FV1068A - Moroccan Chicken Thighs & Spiced Potatoes [BNL],REC-030395-4-003,Spice Roasted Potatoes 10mm Diced-Less Pepper,SUB-030305-4-001,80,grams,UNCATEGORIZED BOM,,,,,,,,,,,,,,,,"FA-DE Spice, Cumin Ground /Gewürz, gemahlener Kreuzkümmel",SPI-00-139345-5,0.49,0.49,grams,,,0.7217,0.49,grams
FV1068A - Moroccan Chicken Thighs & Spiced Potatoes [BNL],REC-030395-4-003,Spice Roasted Potatoes 10mm Diced-Less Pepper,SUB-030305-4-001,80,grams,UNCATEGORIZED BOM,,,,,,,,,,,,,,,,"FA-DE Spice, Sea Salt /Gewürze, Meersalz",SPI-00-139378-5,0.34,0.34,grams,,,0.7217,0.34,grams
FV1068A - Moroccan Chicken Thighs & Spiced Potatoes [BNL],REC-030395-4-003,Moroccan  Chicken Thighs,SUB-030396-4-001,100,grams,UNCATEGORIZED BOM,Chicken Thighs - BRINED,SUB-013532-4-001,134.96,grams,UNCATEGORIZED BOM,,,,,,,,,,,"FA-DE Chicken, Thighs, Boneless Skinless /Hähnchen, Oberschenkel, ohne Knochen und ohne Haut",PTN-00-139343-3,134.96,134.96,grams,,,0.4978,134.96,grams
FV1068A - Moroccan Chicken Thighs & Spiced Potatoes [BNL],REC-030395-4-003,Moroccan  Chicken Thighs,SUB-030396-4-001,100,grams,UNCATEGORIZED BOM,Chicken Thighs - BRINED,SUB-013532-4-001,134.96,grams,UNCATEGORIZED BOM,,,,,,,,,,,FA-DE Water / Wasser,OTH-00-144038-5,134.96,134.96,grams,,,0.4978,134.96,grams
FV1068A - Moroccan Chicken Thighs & Spiced Potatoes [BNL],REC-030395-4-003,Moroccan  Chicken Thighs,SUB-030396-4-001,100,grams,UNCATEGORIZED BOM,Chicken Thighs - BRINED,SUB-013532-4-001,134.96,grams,UNCATEGORIZED BOM,,,,,,,,,,,"FA-DE Spice, Sea Salt /Gewürze, Meersalz",SPI-00-139378-5,1.19,1.19,grams,,,0.4978,1.19,grams
FV1068A - Moroccan Chicken Thighs & Spiced Potatoes [BNL],REC-030395-4-003,Moroccan  Chicken Thighs,SUB-030396-4-001,100,grams,UNCATEGORIZED BOM,Moroccan Chicken Marinade,SUB-030307-4-001,4.91,grams,IMMERSION BLENDER,,,,,,,,,,,"FA-DE Oil, Olive /Öl, Olivenöl",PRO-00-139277-5,1.68,1.68,grams,,,1.0,1.68,grams
FV1068A - Moroccan Chicken Thighs & Spiced Potatoes [BNL],REC-030395-4-003,Moroccan  Chicken Thighs,SUB-030396-4-001,100,grams,UNCATEGORIZED BOM,Moroccan Chicken Marinade,SUB-030307-4-001,4.91,grams,IMMERSION BLENDER,,,,,,,,,,,"FA-DE Yogurt, Greek, Plain /Joghurt, Griechisch, Natur",DAI-00-139161-3,1.68,1.68,grams,MILCH (EINSCHLIESSLICH LAKTOSE),,1.0,1.68,grams
FV1068A - Moroccan Chicken Thighs & Spiced Potatoes [BNL],REC-030395-4-003,Moroccan  Chicken Thighs,SUB-030396-4-001,100,grams,UNCATEGORIZED BOM,Moroccan Chicken Marinade,SUB-030307-4-001,4.91,grams,IMMERSION BLENDER,,,,,,,,,,,"FA-DE Spice, Smoked Paprika /Gewürz, geräucherter Paprika",SPI-00-139383-5,0.16,0.16,grams,,,1.0,0.16,grams
FV1068A - Moroccan Chicken Thighs & Spiced Potatoes [BNL],REC-030395-4-003,Moroccan  Chicken Thighs,SUB-030396-4-001,100,grams,UNCATEGORIZED BOM,Moroccan Chicken Marinade,SUB-030307-4-001,4.91,grams,IMMERSION BLENDER,,,,,,,,,,,"FA-DE Spice, Cumin Seed /Gewürz, Kreuzkümmel",SPI-00-139346-5,0.18,0.18,grams,,,1.0,0.18,grams
FV1068A - Moroccan Chicken Thighs & Spiced Potatoes [BNL],REC-030395-4-003,Moroccan  Chicken Thighs,SUB-030396-4-001,100,grams,UNCATEGORIZED BOM,Moroccan Chicken Marinade,SUB-030307-4-001,4.91,grams,IMMERSION BLENDER,,,,,,,,,,,"FA-DE Spice, Sea Salt /Gewürze, Meersalz",SPI-00-139378-5,0.1,0.1,grams,,,1.0,0.1,grams
FV1068A - Moroccan Chicken Thighs & Spiced Potatoes [BNL],REC-030395-4-003,Moroccan  Chicken Thighs,SUB-030396-4-001,100,grams,UNCATEGORIZED BOM,Moroccan Chicken Marinade,SUB-030307-4-001,4.91,grams,IMMERSION BLENDER,,,,,,,,,,,"FA-DE Spice, Onion Powder, Toasted /Gewürze, Zwiebelpulver, geröstet",SPI-00-139371-5,0.04,0.04,grams,,,1.0,0.04,grams
FV1068A - Moroccan Chicken Thighs & Spiced Potatoes [BNL],REC-030395-4-003,Moroccan  Chicken Thighs,SUB-030396-4-001,100,grams,UNCATEGORIZED BOM,Moroccan Chicken Marinade,SUB-030307-4-001,4.91,grams,IMMERSION BLENDER,,,,,,,,,,,"FA-DE Spice, Ginger Ground /Gewürze, gemahlener Ingwer",SPI-00-139355-5,0.02,0.02,grams,,,1.0,0.02,grams
FV1068A - Moroccan Chicken Thighs & Spiced Potatoes [BNL],REC-030395-4-003,Moroccan  Chicken Thighs,SUB-030396-4-001,100,grams,UNCATEGORIZED BOM,Moroccan Chicken Marinade,SUB-030307-4-001,4.91,grams,IMMERSION BLENDER,,,,,,,,,,,"FA-DE Spice, Harissa Powder /Gewürz, Harissa-Pulver",SPI-00-139323-5,0.18,0.18,grams,,,1.0,0.18,grams
FV1068A - Moroccan Chicken Thighs & Spiced Potatoes [BNL],REC-030395-4-003,Moroccan  Chicken Thighs,SUB-030396-4-001,100,grams,UNCATEGORIZED BOM,Moroccan Chicken Marinade,SUB-030307-4-001,4.91,grams,IMMERSION BLENDER,,,,,,,,,,,"FA-DE Spice, Turmeric /Gewürz, Kurkuma",SPI-00-139384-5,0.02,0.02,grams,,,1.0,0.02,grams
FV1068A - Moroccan Chicken Thighs & Spiced Potatoes [BNL],REC-030395-4-003,Moroccan  Chicken Thighs,SUB-030396-4-001,100,grams,UNCATEGORIZED BOM,Moroccan Chicken Marinade,SUB-030307-4-001,4.91,grams,IMMERSION BLENDER,,,,,,,,,,,"FA-DE Parsley, Chopped /Petersilie, gehackt",PHF-00-139215-3,0.42,0.42,grams,,,1.0,0.42,grams
FV1068A - Moroccan Chicken Thighs & Spiced Potatoes [BNL],REC-030395-4-003,Moroccan  Chicken Thighs,SUB-030396-4-001,100,grams,UNCATEGORIZED BOM,Moroccan Chicken Marinade,SUB-030307-4-001,4.91,grams,IMMERSION BLENDER,,,,,,,,,,,"FA-DE Coriander, Chopped /Koriander, gehackt",PHF-00-139192-3,0.42,0.42,grams,,,1.0,0.42,grams
FV1068A - Moroccan Chicken Thighs & Spiced Potatoes [BNL],REC-030395-4-003,Moroccan  Chicken Thighs,SUB-030396-4-001,100,grams,UNCATEGORIZED BOM,Moroccan Chicken Marinade,SUB-030307-4-001,4.91,grams,IMMERSION BLENDER,,,,,,,,,,,"FA-DE Zest, Lemon/Gewürz, Zitronenschale",PHF-00-139247-3,0.02,0.02,grams,,,1.0,0.02,grams
FV1068A - Moroccan Chicken Thighs & Spiced Potatoes [BNL],REC-030395-4-003,Moroccan  cherry tomato sauce,SUB-030308-4-001,60,grams,UNCATEGORIZED BOM,,,,,,,,,,,,,,,,"FA-DE Oil, Olive /Öl, Olivenöl",PRO-00-139277-5,2.48,2.48,grams,,,0.88001,2.48,grams
FV1068A - Moroccan Chicken Thighs & Spiced Potatoes [BNL],REC-030395-4-003,Moroccan  cherry tomato sauce,SUB-030308-4-001,60,grams,UNCATEGORIZED BOM,,,,,,,,,,,,,,,,"FA-DE Onion, Spanish, Diced 5mm /Zwiebel, Spanisch, gewürfelt 5 mm",PHF-00-139212-3,9.92,9.92,grams,,,0.88001,9.92,grams
FV1068A - Moroccan Chicken Thighs & Spiced Potatoes [BNL],REC-030395-4-003,Moroccan  cherry tomato sauce,SUB-030308-4-001,60,grams,UNCATEGORIZED BOM,,,,,,,,,,,,,,,,"FA-DE Garlic, IQF, Diced 4 mm /Knoblauch, IQF, gewürfelt 4 mm",PHF-00-139237-1,4.97,4.97,grams,SCHWEFELDIOXIDE UND SULFITE,,0.88001,4.97,grams
FV1068A - Moroccan Chicken Thighs & Spiced Potatoes [BNL],REC-030395-4-003,Moroccan  cherry tomato sauce,SUB-030308-4-001,60,grams,UNCATEGORIZED BOM,,,,,,,,,,,,,,,,"FA-DE Jalapeno Peppers, Diced 5mm /Jalapeno-Paprikaschoten, gewürfelt, 5 mm",PHF-00-139201-3,2.48,2.48,grams,,,0.88001,2.48,grams
FV1068A - Moroccan Chicken Thighs & Spiced Potatoes [BNL],REC-030395-4-003,Moroccan  cherry tomato sauce,SUB-030308-4-001,60,grams,UNCATEGORIZED BOM,,,,,,,,,,,,,,,,"FA-DE Spice, Turmeric /Gewürz, Kurkuma",SPI-00-139384-5,0.05,0.05,grams,,,0.88001,0.05,grams
FV1068A - Moroccan Chicken Thighs & Spiced Potatoes [BNL],REC-030395-4-003,Moroccan  cherry tomato sauce,SUB-030308-4-001,60,grams,UNCATEGORIZED BOM,,,,,,,,,,,,,,,,"FA-DE Spice, Cumin Ground /Gewürz, gemahlener Kreuzkümmel",SPI-00-139345-5,0.25,0.25,grams,,,0.88001,0.25,grams
FV1068A - Moroccan Chicken Thighs & Spiced Potatoes [BNL],REC-030395-4-003,Moroccan  cherry tomato sauce,SUB-030308-4-001,60,grams,UNCATEGORIZED BOM,,,,,,,,,,,,,,,,"FA-DE Spice, Smoked Paprika /Gewürz, geräucherter Paprika",SPI-00-139383-5,0.25,0.25,grams,,,0.88001,0.25,grams
FV1068A - Moroccan Chicken Thighs & Spiced Potatoes [BNL],REC-030395-4-003,Moroccan  cherry tomato sauce,SUB-030308-4-001,60,grams,UNCATEGORIZED BOM,,,,,,,,,,,,,,,,"FA-DE Spice, Harissa Powder /Gewürz, Harissa-Pulver",SPI-00-139323-5,0.5,0.5,grams,,,0.88001,0.5,grams
FV1068A - Moroccan Chicken Thighs & Spiced Potatoes [BNL],REC-030395-4-003,Moroccan  cherry tomato sauce,SUB-030308-4-001,60,grams,UNCATEGORIZED BOM,Concentrated Tomatoes- Diluted (90/10) (primo gusto/old california),SUB-013421-4-001,14.89,grams,"DEBOX, STAGING",,,,,,,,,,,"FA-DE Tomatoes, Concentrated Crushed /Tomaten, konzentriert, zerkleinert",PRO-00-139293-5,13.4,13.4,grams,,,1.0,13.4,grams
FV1068A - Moroccan Chicken Thighs & Spiced Potatoes [BNL],REC-030395-4-003,Moroccan  cherry tomato sauce,SUB-030308-4-001,60,grams,UNCATEGORIZED BOM,Concentrated Tomatoes- Diluted (90/10) (primo gusto/old california),SUB-013421-4-001,14.89,grams,"DEBOX, STAGING",,,,,,,,,,,FA-DE Water / Wasser,OTH-00-144038-5,1.5,1.5,grams,,,1.0,1.5,grams
FV1068A - Moroccan Chicken Thighs & Spiced Potatoes [BNL],REC-030395-4-003,Moroccan  cherry tomato sauce,SUB-030308-4-001,60,grams,UNCATEGORIZED BOM,,,,,,,,,,,,,,,,"FA-DE Tomatoes, Cherry/Tomaten, Kirsche",PHF-00-139190-3,9.92,9.92,grams,,,0.88001,9.92,grams
FV1068A - Moroccan Chicken Thighs & Spiced Potatoes [BNL],REC-030395-4-003,Moroccan  cherry tomato sauce,SUB-030308-4-001,60,grams,UNCATEGORIZED BOM,,,,,,,,,,,,,,,,FA-DE Water / Wasser,OTH-00-144038-5,20.85,20.85,grams,,,0.88001,20.85,grams
FV1068A - Moroccan Chicken Thighs & Spiced Potatoes [BNL],REC-030395-4-003,Moroccan  cherry tomato sauce,SUB-030308-4-001,60,grams,UNCATEGORIZED BOM,,,,,,,,,,,,,,,,"FA-DE Coriander, Chopped /Koriander, gehackt",PHF-00-139192-3,1.07,1.07,grams,,,0.88001,1.07,grams
FV1068A - Moroccan Chicken Thighs & Spiced Potatoes [BNL],REC-030395-4-003,Moroccan  cherry tomato sauce,SUB-030308-4-001,60,grams,UNCATEGORIZED BOM,,,,,,,,,,,,,,,,"FA-DE Spice, Sea Salt /Gewürze, Meersalz",SPI-00-139378-5,0.54,0.54,grams,,,0.88001,0.54,grams
FV1068A - Moroccan Chicken Thighs & Spiced Potatoes [BNL],REC-030395-4-003,Lebanese Green Beans Batch,SUB-030311-4-001,70,grams,UNCATEGORIZED BOM,,,,,,,,,,,,,,,,"FA-DE Oil, Olive /Öl, Olivenöl",PRO-00-139277-5,3.31,3.31,grams,,,0.88479,3.31,grams
FV1068A - Moroccan Chicken Thighs & Spiced Potatoes [BNL],REC-030395-4-003,Lebanese Green Beans Batch,SUB-030311-4-001,70,grams,UNCATEGORIZED BOM,,,,,,,,,,,,,,,,"FA-DE Onion, Red, Diced 5mm /Zwiebeln, rot, gewürfelt 5 mm",PHF-00-139213-3,6.63,6.63,grams,,,0.88479,6.63,grams
FV1068A - Moroccan Chicken Thighs & Spiced Potatoes [BNL],REC-030395-4-003,Lebanese Green Beans Batch,SUB-030311-4-001,70,grams,UNCATEGORIZED BOM,,,,,,,,,,,,,,,,"FA-DE Garlic, IQF, Diced 4 mm /Knoblauch, IQF, gewürfelt 4 mm",PHF-00-139237-1,3.31,3.31,grams,SCHWEFELDIOXIDE UND SULFITE,,0.88479,3.31,grams
FV1068A - Moroccan Chicken Thighs & Spiced Potatoes [BNL],REC-030395-4-003,Lebanese Green Beans Batch,SUB-030311-4-001,70,grams,UNCATEGORIZED BOM,,,,,,,,,,,,,,,,"FA-DE Tomatoes, Crushed /Tomaten, zerkleinert",PRO-00-139294-5,19.89,19.89,grams,,,0.88479,19.89,grams
FV1068A - Moroccan Chicken Thighs & Spiced Potatoes [BNL],REC-030395-4-003,Lebanese Green Beans Batch,SUB-030311-4-001,70,grams,UNCATEGORIZED BOM,,,,,,,,,,,,,,,,"FA-DE Spice, Cumin Ground /Gewürz, gemahlener Kreuzkümmel",SPI-00-139345-5,0.64,0.64,grams,,,0.88479,0.64,grams
FV1068A - Moroccan Chicken Thighs & Spiced Potatoes [BNL],REC-030395-4-003,Lebanese Green Beans Batch,SUB-030311-4-001,70,grams,UNCATEGORIZED BOM,,,,,,,,,,,,,,,,"FA-DE Spice, Cinnamon Ground /Gewürz, gemahlener Zimt",SPI-00-139341-5,0.15,0.15,grams,,,0.88479,0.15,grams
FV1068A - Moroccan Chicken Thighs & Spiced Potatoes [BNL],REC-030395-4-003,Lebanese Green Beans Batch,SUB-030311-4-001,70,grams,UNCATEGORIZED BOM,,,,,,,,,,,,,,,,"FA-DE Spice, Sea Salt /Gewürze, Meersalz",SPI-00-139378-5,0.32,0.32,grams,,,0.88479,0.32,grams
FV1068A - Moroccan Chicken Thighs & Spiced Potatoes [BNL],REC-030395-4-003,Lebanese Green Beans Batch,SUB-030311-4-001,70,grams,UNCATEGORIZED BOM,Steamed Green Beans,SUB-030310-4-001,44.87,grams,UNCATEGORIZED BOM,,,,,,,,,,,"FA-DE Green Beans, Fresh, Cut 40mm /Grüne Bohnen, frisch, geschnitten 40mm",PHF-00-139199-3,58.49,58.49,grams,,,0.75022,58.49,grams
FV1068A - Moroccan Chicken Thighs & Spiced Potatoes [BNL],REC-030395-4-003,Lebanese Green Beans Batch,SUB-030311-4-001,70,grams,UNCATEGORIZED BOM,Steamed Green Beans,SUB-030310-4-001,44.87,grams,UNCATEGORIZED BOM,,,,,,,,,,,"FA-DE Oil, Olive /Öl, Olivenöl",PRO-00-139277-5,1.17,1.17,grams,,,0.75022,1.17,grams
FV1068A - Moroccan Chicken Thighs & Spiced Potatoes [BNL],REC-030395-4-003,Lebanese Green Beans Batch,SUB-030311-4-001,70,grams,UNCATEGORIZED BOM,Steamed Green Beans,SUB-030310-4-001,44.87,grams,UNCATEGORIZED BOM,,,,,,,,,,,"FA-DE Spice, Sea Salt /Gewürze, Meersalz",SPI-00-139378-5,0.14,0.14,grams,,,0.75022,0.14,grams
FV1068A - Moroccan Chicken Thighs & Spiced Potatoes [BNL],REC-030395-4-003,Cumin Coriander Yogurt - CUPPED,SUB-030550-4-001,35,grams,"CUPPING, IMMERSION BLENDER",,,,,,,,,,,,,,,,"FA-DE Yogurt, Greek, Plain /Joghurt, Griechisch, Natur",DAI-00-139161-3,31.54,31.54,grams,MILCH (EINSCHLIESSLICH LAKTOSE),,0.98002,31.54,grams
FV1068A - Moroccan Chicken Thighs & Spiced Potatoes [BNL],REC-030395-4-003,Cumin Coriander Yogurt - CUPPED,SUB-030550-4-001,35,grams,"CUPPING, IMMERSION BLENDER",,,,,,,,,,,,,,,,"FA-DE Juice, Lime /Saft, Limette",PRO-00-139268-5,3.4,3.4,grams,,,0.98002,3.4,grams
FV1068A - Moroccan Chicken Thighs & Spiced Potatoes [BNL],REC-030395-4-003,Cumin Coriander Yogurt - CUPPED,SUB-030550-4-001,35,grams,"CUPPING, IMMERSION BLENDER",,,,,,,,,,,,,,,,"FA-DE Spice, Cumin Ground /Gewürz, gemahlener Kreuzkümmel",SPI-00-139345-5,0.53,0.53,grams,,,0.98002,0.53,grams
FV1068A - Moroccan Chicken Thighs & Spiced Potatoes [BNL],REC-030395-4-003,Cumin Coriander Yogurt - CUPPED,SUB-030550-4-001,35,grams,"CUPPING, IMMERSION BLENDER",,,,,,,,,,,,,,,,"FA-DE Spice, Coriander Ground /Gewürz, gemahlener Koriander",SPI-00-139386-5,0.22,0.22,grams,,,0.98002,0.22,grams
FV1068A - Moroccan Chicken Thighs & Spiced Potatoes [BNL],REC-030395-4-003,Cumin Coriander Yogurt - CUPPED,SUB-030550-4-001,35,grams,"CUPPING, IMMERSION BLENDER",,,,,,,,,,,,,,,,"FA-DE Spice, Sea Salt /Gewürze, Meersalz",SPI-00-139378-5,0.03,0.03,grams,,,0.98002,0.03,grams
FV1145A - Roasted Salmon & Dill Yogurt [BNL],REC-029971-4-003,Italian Roasted Diced Potatoes,SUB-029885-4-001,100,grams,"BLAST CHILLER, OVEN",,,,,,,,,,,,,,,,"FA-DE Potatoes, Diced 10mm /Kartoffeln, gewürfelt, 10 mm",PHF-00-139219-3,131.4,131.4,grams,,,0.70371,131.4,grams
FV1145A - Roasted Salmon & Dill Yogurt [BNL],REC-029971-4-003,Italian Roasted Diced Potatoes,SUB-029885-4-001,100,grams,"BLAST CHILLER, OVEN",Roasted Garlic (use),SUB-013367-4-001,5.79,grams,"BLAST CHILLER, BRAISER, SPICE PORTIONING",,,,,,,,,,,"FA-DE Garlic, Peeled, Whole Cloves [10kg] /Knoblauch, geschält, ganze Nelken [10kg]",PHF-00-139197-3,5.84,5.84,grams,,,0.56691,5.84,grams
FV1145A - Roasted Salmon & Dill Yogurt [BNL],REC-029971-4-003,Italian Roasted Diced Potatoes,SUB-029885-4-001,100,grams,"BLAST CHILLER, OVEN",Roasted Garlic (use),SUB-013367-4-001,5.79,grams,"BLAST CHILLER, BRAISER, SPICE PORTIONING",,,,,,,,,,,"FA-DE Oil, Olive /Öl, Olivenöl",PRO-00-139277-5,4.38,4.38,grams,,,0.56691,4.38,grams
FV1145A - Roasted Salmon & Dill Yogurt [BNL],REC-029971-4-003,Italian Roasted Diced Potatoes,SUB-029885-4-001,100,grams,"BLAST CHILLER, OVEN",,,,,,,,,,,,,,,,"FA-DE Oil, Olive /Öl, Olivenöl",PRO-00-139277-5,2.93,2.93,grams,,,0.70371,2.93,grams
FV1145A - Roasted Salmon & Dill Yogurt [BNL],REC-029971-4-003,Italian Roasted Diced Potatoes,SUB-029885-4-001,100,grams,"BLAST CHILLER, OVEN",,,,,,,,,,,,,,,,"FA-DE Spice, Sea Salt /Gewürze, Meersalz",SPI-00-139378-5,0.67,0.67,grams,,,0.70371,0.67,grams
FV1145A - Roasted Salmon & Dill Yogurt [BNL],REC-029971-4-003,Italian Roasted Diced Potatoes,SUB-029885-4-001,100,grams,"BLAST CHILLER, OVEN",,,,,,,,,,,,,,,,"FA-DE Spice, Parsley Dried /Gewürze, getrocknete Petersilie",SPI-00-139374-5,0.47,0.47,grams,,,0.70371,0.47,grams
FV1145A - Roasted Salmon & Dill Yogurt [BNL],REC-029971-4-003,Italian Roasted Diced Potatoes,SUB-029885-4-001,100,grams,"BLAST CHILLER, OVEN",,,,,,,,,,,,,,,,"FA-DE Spice, Dried Onion Flakes /Gewürze, getrocknete Zwiebelflocken",SPI-00-139348-5,0.66,0.66,grams,,,0.70371,0.66,grams
FV1145A - Roasted Salmon & Dill Yogurt [BNL],REC-029971-4-003,Italian Roasted Diced Potatoes,SUB-029885-4-001,100,grams,"BLAST CHILLER, OVEN",,,,,,,,,,,,,,,,"FA-DE Spice, Oregano Dry /Gewürz, Oregano trocken",SPI-00-139372-5,0.18,0.18,grams,,,0.70371,0.18,grams
FV1145A - Roasted Salmon & Dill Yogurt [BNL],REC-029971-4-003,Cooked 10mm diced Spanish Onions,SUB-029899-4-001,30,grams,"BLAST CHILLER, OVEN",,,,,,,,,,,,,,,,"FA-DE Onion, Spanish, Diced 10mm /Zwiebel, Spanisch, gewürfelt 10 mm",PHF-00-139209-3,37.87,37.87,grams,,,0.7566,37.87,grams
FV1145A - Roasted Salmon & Dill Yogurt [BNL],REC-029971-4-003,Cooked 10mm diced Spanish Onions,SUB-029899-4-001,30,grams,"BLAST CHILLER, OVEN",,,,,,,,,,,,,,,,"FA-DE Oil, Olive /Öl, Olivenöl",PRO-00-139277-5,1.71,1.71,grams,,,0.7566,1.71,grams
FV1145A - Roasted Salmon & Dill Yogurt [BNL],REC-029971-4-003,Cooked 10mm diced Spanish Onions,SUB-029899-4-001,30,grams,"BLAST CHILLER, OVEN",,,,,,,,,,,,,,,,"FA-DE Spice, Sea Salt /Gewürze, Meersalz",SPI-00-139378-5,0.07,0.07,grams,,,0.7566,0.07,grams
FV1145A - Roasted Salmon & Dill Yogurt [BNL],REC-029971-4-003,Moroccan Salmon Batch,SUB-029902-4-001,1,each,"BLAST CHILLER, HAND MARINADE, OVEN, THAW",Moroccan Salmon Marinade,SUB-029903-4-001,9.92,grams,IMMERSION BLENDER,,,,,,,,,,,"FA-DE Oil, Olive /Öl, Olivenöl",PRO-00-139277-5,3.3,3.3,grams,,,0.99899,3.3,grams
FV1145A - Roasted Salmon & Dill Yogurt [BNL],REC-029971-4-003,Moroccan Salmon Batch,SUB-029902-4-001,1,each,"BLAST CHILLER, HAND MARINADE, OVEN, THAW",Moroccan Salmon Marinade,SUB-029903-4-001,9.92,grams,IMMERSION BLENDER,,,,,,,,,,,"FA-DE Yogurt, Greek, Plain /Joghurt, Griechisch, Natur",DAI-00-139161-3,3.3,3.3,grams,MILCH (EINSCHLIESSLICH LAKTOSE),,0.99899,3.3,grams
FV1145A - Roasted Salmon & Dill Yogurt [BNL],REC-029971-4-003,Moroccan Salmon Batch,SUB-029902-4-001,1,each,"BLAST CHILLER, HAND MARINADE, OVEN, THAW",Moroccan Salmon Marinade,SUB-029903-4-001,9.92,grams,IMMERSION BLENDER,,,,,,,,,,,"FA-DE Spice, Smoked Paprika /Gewürz, geräucherter Paprika",SPI-00-139383-5,0.31,0.31,grams,,,0.99899,0.31,grams
FV1145A - Roasted Salmon & Dill Yogurt [BNL],REC-029971-4-003,Moroccan Salmon Batch,SUB-029902-4-001,1,each,"BLAST CHILLER, HAND MARINADE, OVEN, THAW",Moroccan Salmon Marinade,SUB-029903-4-001,9.92,grams,IMMERSION BLENDER,,,,,,,,,,,"FA-DE Spice, Cumin Ground /Gewürz, gemahlener Kreuzkümmel",SPI-00-139345-5,0.36,0.36,grams,,,0.99899,0.36,grams
FV1145A - Roasted Salmon & Dill Yogurt [BNL],REC-029971-4-003,Moroccan Salmon Batch,SUB-029902-4-001,1,each,"BLAST CHILLER, HAND MARINADE, OVEN, THAW",Moroccan Salmon Marinade,SUB-029903-4-001,9.92,grams,IMMERSION BLENDER,,,,,,,,,,,"FA-DE Spice, Sea Salt /Gewürze, Meersalz",SPI-00-139378-5,0.41,0.41,grams,,,0.99899,0.41,grams
FV1145A - Roasted Salmon & Dill Yogurt [BNL],REC-029971-4-003,Moroccan Salmon Batch,SUB-029902-4-001,1,each,"BLAST CHILLER, HAND MARINADE, OVEN, THAW",Moroccan Salmon Marinade,SUB-029903-4-001,9.92,grams,IMMERSION BLENDER,,,,,,,,,,,"FA-DE Spice, Onion Powder, Toasted /Gewürze, Zwiebelpulver, geröstet",SPI-00-139371-5,0.08,0.08,grams,,,0.99899,0.08,grams
FV1145A - Roasted Salmon & Dill Yogurt [BNL],REC-029971-4-003,Moroccan Salmon Batch,SUB-029902-4-001,1,each,"BLAST CHILLER, HAND MARINADE, OVEN, THAW",Moroccan Salmon Marinade,SUB-029903-4-001,9.92,grams,IMMERSION BLENDER,,,,,,,,,,,"FA-DE Spice, Ginger Ground /Gewürze, gemahlener Ingwer",SPI-00-139355-5,0.05,0.05,grams,,,0.99899,0.05,grams
FV1145A - Roasted Salmon & Dill Yogurt [BNL],REC-029971-4-003,Moroccan Salmon Batch,SUB-029902-4-001,1,each,"BLAST CHILLER, HAND MARINADE, OVEN, THAW",Moroccan Salmon Marinade,SUB-029903-4-001,9.92,grams,IMMERSION BLENDER,,,,,,,,,,,"FA-DE Spice, Harissa Powder /Gewürz, Harissa-Pulver",SPI-00-139323-5,0.36,0.36,grams,,,0.99899,0.36,grams
FV1145A - Roasted Salmon & Dill Yogurt [BNL],REC-029971-4-003,Moroccan Salmon Batch,SUB-029902-4-001,1,each,"BLAST CHILLER, HAND MARINADE, OVEN, THAW",Moroccan Salmon Marinade,SUB-029903-4-001,9.92,grams,IMMERSION BLENDER,,,,,,,,,,,"FA-DE Spice, Turmeric /Gewürz, Kurkuma",SPI-00-139384-5,0.05,0.05,grams,,,0.99899,0.05,grams
FV1145A - Roasted Salmon & Dill Yogurt [BNL],REC-029971-4-003,Moroccan Salmon Batch,SUB-029902-4-001,1,each,"BLAST CHILLER, HAND MARINADE, OVEN, THAW",Moroccan Salmon Marinade,SUB-029903-4-001,9.92,grams,IMMERSION BLENDER,,,,,,,,,,,"FA-DE Parsley, Chopped /Petersilie, gehackt",PHF-00-139215-3,0.83,0.83,grams,,,0.99899,0.83,grams
FV1145A - Roasted Salmon & Dill Yogurt [BNL],REC-029971-4-003,Moroccan Salmon Batch,SUB-029902-4-001,1,each,"BLAST CHILLER, HAND MARINADE, OVEN, THAW",Moroccan Salmon Marinade,SUB-029903-4-001,9.92,grams,IMMERSION BLENDER,,,,,,,,,,,"FA-DE Coriander, Chopped /Koriander, gehackt",PHF-00-139192-3,0.83,0.83,grams,,,0.99899,0.83,grams
FV1145A - Roasted Salmon & Dill Yogurt [BNL],REC-029971-4-003,Moroccan Salmon Batch,SUB-029902-4-001,1,each,"BLAST CHILLER, HAND MARINADE, OVEN, THAW",Moroccan Salmon Marinade,SUB-029903-4-001,9.92,grams,IMMERSION BLENDER,,,,,,,,,,,"FA-DE Zest, Lemon/Gewürz, Zitronenschale",PHF-00-139247-3,0.05,0.05,grams,,,0.99899,0.05,grams
FV1145A - Roasted Salmon & Dill Yogurt [BNL],REC-029971-4-003,Moroccan Salmon Batch,SUB-029902-4-001,1,each,"BLAST CHILLER, HAND MARINADE, OVEN, THAW",,,,,,,,,,,,,,,,"FA-DE Salmon, Skinless, Boneless, Filet/Lachs, ohne Haut, ohne Knochen, Filet - IQF",PTN-00-139968-1,140,140,grams,FISCH,,0.79893,140,grams
FV1145A - Roasted Salmon & Dill Yogurt [BNL],REC-029971-4-003,Moroccan Salmon Batch,SUB-029902-4-001,1,each,"BLAST CHILLER, HAND MARINADE, OVEN, THAW",,,,,,,,,,,,,,,,"FA-DE Spice, Sea Salt /Gewürze, Meersalz",SPI-00-139378-5,0.28,0.28,grams,,,0.79893,0.28,grams
FV1145A - Roasted Salmon & Dill Yogurt [BNL],REC-029971-4-003,Roasted Red Peppers - Diced (half pepper),SUB-029906-4-001,30,grams,"BLAST CHILLER, OVEN",,,,,,,,,,,,,,,,"FA-DE Bell Peppers, Red, Diced 10mm /Paprika, rot, gewürfelt 10 mm",PHF-00-139179-3,36.82,36.82,grams,,,0.74645,36.82,grams
FV1145A - Roasted Salmon & Dill Yogurt [BNL],REC-029971-4-003,Roasted Red Peppers - Diced (half pepper),SUB-029906-4-001,30,grams,"BLAST CHILLER, OVEN",,,,,,,,,,,,,,,,"FA-DE Oil, Olive /Öl, Olivenöl",PRO-00-139277-5,1.38,1.38,grams,,,0.74645,1.38,grams
FV1145A - Roasted Salmon & Dill Yogurt [BNL],REC-029971-4-003,Roasted Red Peppers - Diced (half pepper),SUB-029906-4-001,30,grams,"BLAST CHILLER, OVEN",,,,,,,,,,,,,,,,"FA-DE Garlic, IQF, Diced 4 mm /Knoblauch, IQF, gewürfelt 4 mm",PHF-00-139237-1,1.38,1.38,grams,SCHWEFELDIOXIDE UND SULFITE,,0.74645,1.38,grams
FV1145A - Roasted Salmon & Dill Yogurt [BNL],REC-029971-4-003,Roasted Red Peppers - Diced (half pepper),SUB-029906-4-001,30,grams,"BLAST CHILLER, OVEN",,,,,,,,,,,,,,,,"FA-DE Spice, Sea Salt /Gewürze, Meersalz",SPI-00-139378-5,0.21,0.21,grams,,,0.74645,0.21,grams
FV1145A - Roasted Salmon & Dill Yogurt [BNL],REC-029971-4-003,Roasted Red Peppers - Diced (half pepper),SUB-029906-4-001,30,grams,"BLAST CHILLER, OVEN",,,,,,,,,,,,,,,,"FA-DE Spice, Black Pepper, Ground /Gewürz, schwarzer Pfeffer, gemahlen",SPI-00-139334-5,0.18,0.18,grams,,,0.74645,0.18,grams
FV1145A - Roasted Salmon & Dill Yogurt [BNL],REC-029971-4-003,Roasted Red Peppers - Diced (half pepper),SUB-029906-4-001,30,grams,"BLAST CHILLER, OVEN",,,,,,,,,,,,,,,,"FA-DE Spice, Garlic Granulated /Gewürz, Knoblauch granuliert",SPI-00-139353-5,0.23,0.23,grams,,,0.74645,0.23,grams
FV1145A - Roasted Salmon & Dill Yogurt [BNL],REC-029971-4-003,Green Beans CUT 1-1/2 - Fresh,SUB-013484-4-001,60,grams,"BLAST CHILLER, OVEN",,,,,,,,,,,,,,,,"FA-DE Oil, Olive /Öl, Olivenöl",PRO-00-139277-5,3.95,3.95,grams,,,0.73433,3.95,grams
FV1145A - Roasted Salmon & Dill Yogurt [BNL],REC-029971-4-003,Green Beans CUT 1-1/2 - Fresh,SUB-013484-4-001,60,grams,"BLAST CHILLER, OVEN",,,,,,,,,,,,,,,,"FA-DE Spice, Sea Salt /Gewürze, Meersalz",SPI-00-139378-5,0.44,0.44,grams,,,0.73433,0.44,grams
FV1145A - Roasted Salmon & Dill Yogurt [BNL],REC-029971-4-003,Green Beans CUT 1-1/2 - Fresh,SUB-013484-4-001,60,grams,"BLAST CHILLER, OVEN",,,,,,,,,,,,,,,,"FA-DE Spice, Black Pepper, Ground /Gewürz, schwarzer Pfeffer, gemahlen",SPI-00-139334-5,0.06,0.06,grams,,,0.73433,0.06,grams
FV1145A - Roasted Salmon & Dill Yogurt [BNL],REC-029971-4-003,Green Beans CUT 1-1/2 - Fresh,SUB-013484-4-001,60,grams,"BLAST CHILLER, OVEN",,,,,,,,,,,,,,,,"FA-DE Spice, Garlic Granulated /Gewürz, Knoblauch granuliert",SPI-00-139353-5,0.33,0.33,grams,,,0.73433,0.33,grams
FV1145A - Roasted Salmon & Dill Yogurt [BNL],REC-029971-4-003,Green Beans CUT 1-1/2 - Fresh,SUB-013484-4-001,60,grams,"BLAST CHILLER, OVEN",,,,,,,,,,,,,,,,"FA-DE Green Beans, Fresh, Cut 40mm /Grüne Bohnen, frisch, geschnitten 40mm",PHF-00-139199-3,76.92,76.92,grams,,,0.73433,76.92,grams
FV1145A - Roasted Salmon & Dill Yogurt [BNL],REC-029971-4-003,Lemon Dill Yogurt,SUB-029910-4-001,35,grams,"CUPPING, IMMERSION BLENDER",,,,,,,,,,,,,,,,"FA-DE Yogurt, Greek, Plain /Joghurt, Griechisch, Natur",DAI-00-139161-3,9.27,9.27,grams,MILCH (EINSCHLIESSLICH LAKTOSE),,0.98005,9.27,grams
FV1145A - Roasted Salmon & Dill Yogurt [BNL],REC-029971-4-003,Lemon Dill Yogurt,SUB-029910-4-001,35,grams,"CUPPING, IMMERSION BLENDER",,,,,,,,,,,,,,,,FA-DE Sour Cream /Sauerrahm,DAI-00-139141-3,15.07,15.07,grams,MILCH (EINSCHLIESSLICH LAKTOSE),,0.98005,15.07,grams
FV1145A - Roasted Salmon & Dill Yogurt [BNL],REC-029971-4-003,Lemon Dill Yogurt,SUB-029910-4-001,35,grams,"CUPPING, IMMERSION BLENDER",,,,,,,,,,,,,,,,"FA-DE Spice, Lemon Powder /Gewürz, Zitronenpulver",SPI-00-139362-5,0.01,0.01,grams,,,0.98005,0.01,grams
FV1145A - Roasted Salmon & Dill Yogurt [BNL],REC-029971-4-003,Lemon Dill Yogurt,SUB-029910-4-001,35,grams,"CUPPING, IMMERSION BLENDER",Roasted Garlic (use),SUB-013367-4-001,1.74,grams,"BLAST CHILLER, BRAISER, SPICE PORTIONING",,,,,,,,,,,"FA-DE Garlic, Peeled, Whole Cloves [10kg] /Knoblauch, geschält, ganze Nelken [10kg]",PHF-00-139197-3,1.75,1.75,grams,,,0.56691,1.75,grams
FV1145A - Roasted Salmon & Dill Yogurt [BNL],REC-029971-4-003,Lemon Dill Yogurt,SUB-029910-4-001,35,grams,"CUPPING, IMMERSION BLENDER",Roasted Garlic (use),SUB-013367-4-001,1.74,grams,"BLAST CHILLER, BRAISER, SPICE PORTIONING",,,,,,,,,,,"FA-DE Oil, Olive /Öl, Olivenöl",PRO-00-139277-5,1.31,1.31,grams,,,0.56691,1.31,grams
FV1145A - Roasted Salmon & Dill Yogurt [BNL],REC-029971-4-003,Lemon Dill Yogurt,SUB-029910-4-001,35,grams,"CUPPING, IMMERSION BLENDER",,,,,,,,,,,,,,,,"FA-DE Spice, Black Pepper, Ground /Gewürz, schwarzer Pfeffer, gemahlen",SPI-00-139334-5,0.1,0.1,grams,,,0.98005,0.1,grams
FV1145A - Roasted Salmon & Dill Yogurt [BNL],REC-029971-4-003,Lemon Dill Yogurt,SUB-029910-4-001,35,grams,"CUPPING, IMMERSION BLENDER",,,,,,,,,,,,,,,,"FA-DE Milk, Whole /Milch, voll",DAI-00-139142-3,7.53,7.53,grams,MILCH (EINSCHLIESSLICH LAKTOSE),,0.98005,7.53,grams
FV1145A - Roasted Salmon & Dill Yogurt [BNL],REC-029971-4-003,Lemon Dill Yogurt,SUB-029910-4-001,35,grams,"CUPPING, IMMERSION BLENDER",,,,,,,,,,,,,,,,"FA-DE Juice, Lemon /Saft, Zitrone",PRO-00-139265-5,1.39,1.39,grams,,,0.98005,1.39,grams
FV1145A - Roasted Salmon & Dill Yogurt [BNL],REC-029971-4-003,Lemon Dill Yogurt,SUB-029910-4-001,35,grams,"CUPPING, IMMERSION BLENDER",Picked Dill Leaves,SUB-029918-4-001,0.6,grams,"DEBOX, STAGING",,,,,,,,,,,"FA-DE Dill, Fresh/Dill, frisch",PHF-00-139200-3,1.21,0.6,grams,,,1.0,0.6,grams
FV1320A - Aji Verde Salmon [BNL],REC-029892-4-003,Tomato & Bell Pepper Quinoa Batch 2,SUB-029879-4-001,120,grams,"BLAST CHILLER, HAND MIX",Cooked Tomato Quinoa,SUB-029880-4-001,70.25,grams,"BLAST CHILLER, OVEN",,,,,,,,,,,FA-DE Water / Wasser,OTH-00-144038-5,34.02,34.02,grams,,,0.97026,34.02,grams
FV1320A - Aji Verde Salmon [BNL],REC-029892-4-003,Tomato & Bell Pepper Quinoa Batch 2,SUB-029879-4-001,120,grams,"BLAST CHILLER, HAND MIX",Cooked Tomato Quinoa,SUB-029880-4-001,70.25,grams,"BLAST CHILLER, OVEN",,,,,,,,,,,"FA-DE Spice, Sea Salt /Gewürze, Meersalz",SPI-00-139378-5,0.96,0.96,grams,,,0.97026,0.96,grams
FV1320A - Aji Verde Salmon [BNL],REC-029892-4-003,Tomato & Bell Pepper Quinoa Batch 2,SUB-029879-4-001,120,grams,"BLAST CHILLER, HAND MIX",Cooked Tomato Quinoa,SUB-029880-4-001,70.25,grams,"BLAST CHILLER, OVEN",,,,,,,,,,,"FA-DE Quinoa, White/Quinoa, weiß",DRY-00-139166-5,28.79,28.79,grams,,,0.97026,28.79,grams
FV1320A - Aji Verde Salmon [BNL],REC-029892-4-003,Tomato & Bell Pepper Quinoa Batch 2,SUB-029879-4-001,120,grams,"BLAST CHILLER, HAND MIX",Cooked Tomato Quinoa,SUB-029880-4-001,70.25,grams,"BLAST CHILLER, OVEN",,,,,,,,,,,"FA-DE Tomatoes, Concentrated Crushed /Tomaten, konzentriert, zerkleinert",PRO-00-139293-5,8.64,8.64,grams,,,0.97026,8.64,grams
FV1320A - Aji Verde Salmon [BNL],REC-029892-4-003,Tomato & Bell Pepper Quinoa Batch 2,SUB-029879-4-001,120,grams,"BLAST CHILLER, HAND MIX",Cumin Roasted Diced Red & Green Bell Peppers - 10mm,SUB-029888-4-001,70.25,grams,"BLAST CHILLER, OVEN",,,,,,,,,,,"FA-DE Bell Peppers, Red, Diced 10mm /Paprika, rot, gewürfelt 10 mm",PHF-00-139179-3,30.14,30.14,grams,,,0.73737,30.14,grams
FV1320A - Aji Verde Salmon [BNL],REC-029892-4-003,Tomato & Bell Pepper Quinoa Batch 2,SUB-029879-4-001,120,grams,"BLAST CHILLER, HAND MIX",Cumin Roasted Diced Red & Green Bell Peppers - 10mm,SUB-029888-4-001,70.25,grams,"BLAST CHILLER, OVEN",,,,,,,,,,,"FA-DE Bell Peppers, Green, Diced 10mm /Paprika, grün, gewürfelt 10 mm",PHF-00-139176-3,30.16,30.16,grams,,,0.73737,30.16,grams
FV1320A - Aji Verde Salmon [BNL],REC-029892-4-003,Tomato & Bell Pepper Quinoa Batch 2,SUB-029879-4-001,120,grams,"BLAST CHILLER, HAND MIX",Cumin Roasted Diced Red & Green Bell Peppers - 10mm,SUB-029888-4-001,70.25,grams,"BLAST CHILLER, OVEN",,,,,,,,,,,"FA-DE Onion, Red, Diced 10mm/Zwiebeln, rot, gewürfelt, 10 mm",PHF-00-139216-3,30.14,30.14,grams,,,0.73737,30.14,grams
FV1320A - Aji Verde Salmon [BNL],REC-029892-4-003,Tomato & Bell Pepper Quinoa Batch 2,SUB-029879-4-001,120,grams,"BLAST CHILLER, HAND MIX",Cumin Roasted Diced Red & Green Bell Peppers - 10mm,SUB-029888-4-001,70.25,grams,"BLAST CHILLER, OVEN",,,,,,,,,,,"FA-DE Oil, Olive /Öl, Olivenöl",PRO-00-139277-5,2.18,2.18,grams,,,0.73737,2.18,grams
FV1320A - Aji Verde Salmon [BNL],REC-029892-4-003,Tomato & Bell Pepper Quinoa Batch 2,SUB-029879-4-001,120,grams,"BLAST CHILLER, HAND MIX",Cumin Roasted Diced Red & Green Bell Peppers - 10mm,SUB-029888-4-001,70.25,grams,"BLAST CHILLER, OVEN",,,,,,,,,,,"FA-DE Spice, Cumin Ground /Gewürz, gemahlener Kreuzkümmel",SPI-00-139345-5,0.71,0.71,grams,,,0.73737,0.71,grams
FV1320A - Aji Verde Salmon [BNL],REC-029892-4-003,Tomato & Bell Pepper Quinoa Batch 2,SUB-029879-4-001,120,grams,"BLAST CHILLER, HAND MIX",Cumin Roasted Diced Red & Green Bell Peppers - 10mm,SUB-029888-4-001,70.25,grams,"BLAST CHILLER, OVEN",,,,,,,,,,,"FA-DE Spice, Paprika /Gewürze, Paprika",SPI-00-139373-5,0.71,0.71,grams,,,0.73737,0.71,grams
FV1320A - Aji Verde Salmon [BNL],REC-029892-4-003,Tomato & Bell Pepper Quinoa Batch 2,SUB-029879-4-001,120,grams,"BLAST CHILLER, HAND MIX",Cumin Roasted Diced Red & Green Bell Peppers - 10mm,SUB-029888-4-001,70.25,grams,"BLAST CHILLER, OVEN",,,,,,,,,,,"FA-DE Spice, Chili Powder /Gewürz, Chilipulver",SPI-00-139340-5,0.71,0.71,grams,,,0.73737,0.71,grams
FV1320A - Aji Verde Salmon [BNL],REC-029892-4-003,Tomato & Bell Pepper Quinoa Batch 2,SUB-029879-4-001,120,grams,"BLAST CHILLER, HAND MIX",Cumin Roasted Diced Red & Green Bell Peppers - 10mm,SUB-029888-4-001,70.25,grams,"BLAST CHILLER, OVEN",,,,,,,,,,,"FA-DE Spice, Coriander Ground /Gewürz, gemahlener Koriander",SPI-00-139386-5,0.17,0.17,grams,,,0.73737,0.17,grams
FV1320A - Aji Verde Salmon [BNL],REC-029892-4-003,Tomato & Bell Pepper Quinoa Batch 2,SUB-029879-4-001,120,grams,"BLAST CHILLER, HAND MIX",Cumin Roasted Diced Red & Green Bell Peppers - 10mm,SUB-029888-4-001,70.25,grams,"BLAST CHILLER, OVEN",,,,,,,,,,,"FA-DE Spice, Sea Salt /Gewürze, Meersalz",SPI-00-139378-5,0.34,0.34,grams,,,0.73737,0.34,grams
FV1320A - Aji Verde Salmon [BNL],REC-029892-4-003,Scallion Marinated Salmon,SUB-029881-4-001,1,each,"BLAST CHILLER, HAND MARINADE, OVEN, THAW",,,,,,,,,,,,,,,,"FA-DE Salmon, Skinless, Boneless, Filet/Lachs, ohne Haut, ohne Knochen, Filet - IQF",PTN-00-139968-1,140,140,grams,FISCH,,0.76708,140,grams
FV1320A - Aji Verde Salmon [BNL],REC-029892-4-003,Scallion Marinated Salmon,SUB-029881-4-001,1,each,"BLAST CHILLER, HAND MARINADE, OVEN, THAW",Scallion Marinade - added spices -no sage - less oil,SUB-029883-4-001,9.92,grams,IMMERSION BLENDER,,,,,,,,,,,"FA-DE Oil, Olive /Öl, Olivenöl",PRO-00-139277-5,3.63,3.63,grams,,,1.0,3.63,grams
FV1320A - Aji Verde Salmon [BNL],REC-029892-4-003,Scallion Marinated Salmon,SUB-029881-4-001,1,each,"BLAST CHILLER, HAND MARINADE, OVEN, THAW",Scallion Marinade - added spices -no sage - less oil,SUB-029883-4-001,9.92,grams,IMMERSION BLENDER,Green Onion Steam,SUB-029845-4-001,4.58,grams,OVEN,,,,,,"FA-DE Onion, Green, Sliced 5mm /Zwiebel, grün, in Scheiben geschnitten, 5 mm",PHF-00-149803-3,4.67,4.67,grams,,,0.98,4.67,grams
FV1320A - Aji Verde Salmon [BNL],REC-029892-4-003,Scallion Marinated Salmon,SUB-029881-4-001,1,each,"BLAST CHILLER, HAND MARINADE, OVEN, THAW",Scallion Marinade - added spices -no sage - less oil,SUB-029883-4-001,9.92,grams,IMMERSION BLENDER,,,,,,,,,,,"FA-DE Spice, Sea Salt /Gewürze, Meersalz",SPI-00-139378-5,0.59,0.59,grams,,,1.0,0.59,grams
FV1320A - Aji Verde Salmon [BNL],REC-029892-4-003,Scallion Marinated Salmon,SUB-029881-4-001,1,each,"BLAST CHILLER, HAND MARINADE, OVEN, THAW",Scallion Marinade - added spices -no sage - less oil,SUB-029883-4-001,9.92,grams,IMMERSION BLENDER,,,,,,,,,,,"FA-DE Spice, Black Pepper, Ground /Gewürz, schwarzer Pfeffer, gemahlen",SPI-00-139334-5,0.43,0.43,grams,,,1.0,0.43,grams
FV1320A - Aji Verde Salmon [BNL],REC-029892-4-003,Scallion Marinated Salmon,SUB-029881-4-001,1,each,"BLAST CHILLER, HAND MARINADE, OVEN, THAW",Scallion Marinade - added spices -no sage - less oil,SUB-029883-4-001,9.92,grams,IMMERSION BLENDER,,,,,,,,,,,"FA-DE Spice, Paprika /Gewürze, Paprika",SPI-00-139373-5,0.32,0.32,grams,,,1.0,0.32,grams
FV1320A - Aji Verde Salmon [BNL],REC-029892-4-003,Scallion Marinated Salmon,SUB-029881-4-001,1,each,"BLAST CHILLER, HAND MARINADE, OVEN, THAW",Scallion Marinade - added spices -no sage - less oil,SUB-029883-4-001,9.92,grams,IMMERSION BLENDER,,,,,,,,,,,"FA-DE Spice, Garlic Granulated /Gewürz, Knoblauch granuliert",SPI-00-139353-5,0.37,0.37,grams,,,1.0,0.37,grams
FV1320A - Aji Verde Salmon [BNL],REC-029892-4-003,Cumin Roasted Diced Red & Green Bell Peppers - 10mm,SUB-029888-4-001,45,grams,"BLAST CHILLER, OVEN",,,,,,,,,,,,,,,,"FA-DE Bell Peppers, Red, Diced 10mm /Paprika, rot, gewürfelt 10 mm",PHF-00-139179-3,19.31,19.31,grams,,,0.73737,19.31,grams
FV1320A - Aji Verde Salmon [BNL],REC-029892-4-003,Cumin Roasted Diced Red & Green Bell Peppers - 10mm,SUB-029888-4-001,45,grams,"BLAST CHILLER, OVEN",,,,,,,,,,,,,,,,"FA-DE Bell Peppers, Green, Diced 10mm /Paprika, grün, gewürfelt 10 mm",PHF-00-139176-3,19.32,19.32,grams,,,0.73737,19.32,grams
FV1320A - Aji Verde Salmon [BNL],REC-029892-4-003,Cumin Roasted Diced Red & Green Bell Peppers - 10mm,SUB-029888-4-001,45,grams,"BLAST CHILLER, OVEN",,,,,,,,,,,,,,,,"FA-DE Onion, Red, Diced 10mm/Zwiebeln, rot, gewürfelt, 10 mm",PHF-00-139216-3,19.31,19.31,grams,,,0.73737,19.31,grams
FV1320A - Aji Verde Salmon [BNL],REC-029892-4-003,Cumin Roasted Diced Red & Green Bell Peppers - 10mm,SUB-029888-4-001,45,grams,"BLAST CHILLER, OVEN",,,,,,,,,,,,,,,,"FA-DE Oil, Olive /Öl, Olivenöl",PRO-00-139277-5,1.39,1.39,grams,,,0.73737,1.39,grams
FV1320A - Aji Verde Salmon [BNL],REC-029892-4-003,Cumin Roasted Diced Red & Green Bell Peppers - 10mm,SUB-029888-4-001,45,grams,"BLAST CHILLER, OVEN",,,,,,,,,,,,,,,,"FA-DE Spice, Cumin Ground /Gewürz, gemahlener Kreuzkümmel",SPI-00-139345-5,0.46,0.46,grams,,,0.73737,0.46,grams
FV1320A - Aji Verde Salmon [BNL],REC-029892-4-003,Cumin Roasted Diced Red & Green Bell Peppers - 10mm,SUB-029888-4-001,45,grams,"BLAST CHILLER, OVEN",,,,,,,,,,,,,,,,"FA-DE Spice, Paprika /Gewürze, Paprika",SPI-00-139373-5,0.46,0.46,grams,,,0.73737,0.46,grams
FV1320A - Aji Verde Salmon [BNL],REC-029892-4-003,Cumin Roasted Diced Red & Green Bell Peppers - 10mm,SUB-029888-4-001,45,grams,"BLAST CHILLER, OVEN",,,,,,,,,,,,,,,,"FA-DE Spice, Chili Powder /Gewürz, Chilipulver",SPI-00-139340-5,0.46,0.46,grams,,,0.73737,0.46,grams
FV1320A - Aji Verde Salmon [BNL],REC-029892-4-003,Cumin Roasted Diced Red & Green Bell Peppers - 10mm,SUB-029888-4-001,45,grams,"BLAST CHILLER, OVEN",,,,,,,,,,,,,,,,"FA-DE Spice, Coriander Ground /Gewürz, gemahlener Koriander",SPI-00-139386-5,0.11,0.11,grams,,,0.73737,0.11,grams
FV1320A - Aji Verde Salmon [BNL],REC-029892-4-003,Cumin Roasted Diced Red & Green Bell Peppers - 10mm,SUB-029888-4-001,45,grams,"BLAST CHILLER, OVEN",,,,,,,,,,,,,,,,"FA-DE Spice, Sea Salt /Gewürze, Meersalz",SPI-00-139378-5,0.22,0.22,grams,,,0.73737,0.22,grams
FV1320A - Aji Verde Salmon [BNL],REC-029892-4-003,Roasted Zucchini & Corn - Less Corn,SUB-029887-4-001,85,grams,"BLAST CHILLER, OVEN",,,,,,,,,,,,,,,,"FA-DE Zucchini, Diced 10mm /Zucchini, gewürfelt 10 mm",PHF-00-139229-3,78.73,78.73,grams,,,0.75058,78.73,grams
FV1320A - Aji Verde Salmon [BNL],REC-029892-4-003,Roasted Zucchini & Corn - Less Corn,SUB-029887-4-001,85,grams,"BLAST CHILLER, OVEN",,,,,,,,,,,,,,,,"FA-DE Sweetcorn Supersweet Kernels, IQF /Zuckermais-Supersüßkörner, IQF",PHF-00-139236-1,19.69,19.69,grams,,,0.75058,19.69,grams
FV1320A - Aji Verde Salmon [BNL],REC-029892-4-003,Roasted Zucchini & Corn - Less Corn,SUB-029887-4-001,85,grams,"BLAST CHILLER, OVEN",,,,,,,,,,,,,,,,"FA-DE Garlic, IQF, Diced 4 mm /Knoblauch, IQF, gewürfelt 4 mm",PHF-00-139237-1,5.91,5.91,grams,SCHWEFELDIOXIDE UND SULFITE,,0.75058,5.91,grams
FV1320A - Aji Verde Salmon [BNL],REC-029892-4-003,Roasted Zucchini & Corn - Less Corn,SUB-029887-4-001,85,grams,"BLAST CHILLER, OVEN",,,,,,,,,,,,,,,,"FA-DE Onion, Green, Sliced 5mm /Zwiebel, grün, in Scheiben geschnitten, 5 mm",PHF-00-149803-3,5.74,5.74,grams,,,0.75058,5.74,grams
FV1320A - Aji Verde Salmon [BNL],REC-029892-4-003,Roasted Zucchini & Corn - Less Corn,SUB-029887-4-001,85,grams,"BLAST CHILLER, OVEN",,,,,,,,,,,,,,,,"FA-DE Oil, Olive /Öl, Olivenöl",PRO-00-139277-5,1.2,1.2,grams,,,0.75058,1.2,grams
FV1320A - Aji Verde Salmon [BNL],REC-029892-4-003,Roasted Zucchini & Corn - Less Corn,SUB-029887-4-001,85,grams,"BLAST CHILLER, OVEN",,,,,,,,,,,,,,,,"FA-DE Spice, Chili Powder /Gewürz, Chilipulver",SPI-00-139340-5,0.52,0.52,grams,,,0.75058,0.52,grams
FV1320A - Aji Verde Salmon [BNL],REC-029892-4-003,Roasted Zucchini & Corn - Less Corn,SUB-029887-4-001,85,grams,"BLAST CHILLER, OVEN",,,,,,,,,,,,,,,,"FA-DE Spice, Garlic Granulated /Gewürz, Knoblauch granuliert",SPI-00-139353-5,0.49,0.49,grams,,,0.75058,0.49,grams
FV1320A - Aji Verde Salmon [BNL],REC-029892-4-003,Roasted Zucchini & Corn - Less Corn,SUB-029887-4-001,85,grams,"BLAST CHILLER, OVEN",,,,,,,,,,,,,,,,"FA-DE Spice, Sea Salt /Gewürze, Meersalz",SPI-00-139378-5,0.43,0.43,grams,,,0.75058,0.43,grams
FV1320A - Aji Verde Salmon [BNL],REC-029892-4-003,Roasted Zucchini & Corn - Less Corn,SUB-029887-4-001,85,grams,"BLAST CHILLER, OVEN",,,,,,,,,,,,,,,,"FA-DE Spice, Onion Granulated /Gewürze, Zwiebeln granuliert",SPI-00-139370-5,0.2,0.2,grams,,,0.75058,0.2,grams
FV1320A - Aji Verde Salmon [BNL],REC-029892-4-003,Roasted Zucchini & Corn - Less Corn,SUB-029887-4-001,85,grams,"BLAST CHILLER, OVEN",,,,,,,,,,,,,,,,"FA-DE Spice, Coriander Ground /Gewürz, gemahlener Koriander",SPI-00-139386-5,0.16,0.16,grams,,,0.75058,0.16,grams
FV1320A - Aji Verde Salmon [BNL],REC-029892-4-003,Roasted Zucchini & Corn - Less Corn,SUB-029887-4-001,85,grams,"BLAST CHILLER, OVEN",,,,,,,,,,,,,,,,"FA-DE Spice, Black Pepper, Ground /Gewürz, schwarzer Pfeffer, gemahlen",SPI-00-139334-5,0.16,0.16,grams,,,0.75058,0.16,grams
FV1320A - Aji Verde Salmon [BNL],REC-029892-4-003,Aji Verde Sauce 3 (CUPPED) NO MAYO,SUB-029904-4-001,30,grams,"CUPPING, IMMERSION BLENDER",,,,,,,,,,,,,,,,FA-DE Sour Cream /Sauerrahm,DAI-00-139141-3,16.51,16.51,grams,MILCH (EINSCHLIESSLICH LAKTOSE),,0.92944,16.51,grams
FV1320A - Aji Verde Salmon [BNL],REC-029892-4-003,Aji Verde Sauce 3 (CUPPED) NO MAYO,SUB-029904-4-001,30,grams,"CUPPING, IMMERSION BLENDER",,,,,,,,,,,,,,,,"FA-DE Coriander, Chopped /Koriander, gehackt",PHF-00-139192-3,4.58,4.58,grams,,,0.92944,4.58,grams
FV1320A - Aji Verde Salmon [BNL],REC-029892-4-003,Aji Verde Sauce 3 (CUPPED) NO MAYO,SUB-029904-4-001,30,grams,"CUPPING, IMMERSION BLENDER",,,,,,,,,,,,,,,,"FA-DE Juice, Lime /Saft, Limette",PRO-00-139268-5,4.17,4.17,grams,,,0.92944,4.17,grams
FV1320A - Aji Verde Salmon [BNL],REC-029892-4-003,Aji Verde Sauce 3 (CUPPED) NO MAYO,SUB-029904-4-001,30,grams,"CUPPING, IMMERSION BLENDER",,,,,,,,,,,,,,,,"FA-DE Oil, Olive /Öl, Olivenöl",PRO-00-139277-5,2.94,2.94,grams,,,0.92944,2.94,grams
FV1320A - Aji Verde Salmon [BNL],REC-029892-4-003,Aji Verde Sauce 3 (CUPPED) NO MAYO,SUB-029904-4-001,30,grams,"CUPPING, IMMERSION BLENDER","Roasted Diced Jalapenos, Garlic and (less)Cilantro",SUB-029030-4-001,2.2,grams,OVEN,,,,,,,,,,,"FA-DE Jalapeno Peppers, Diced 5mm /Jalapeno-Paprikaschoten, gewürfelt, 5 mm",PHF-00-139201-3,0.66,0.66,grams,,,0.74482,0.66,grams
FV1320A - Aji Verde Salmon [BNL],REC-029892-4-003,Aji Verde Sauce 3 (CUPPED) NO MAYO,SUB-029904-4-001,30,grams,"CUPPING, IMMERSION BLENDER","Roasted Diced Jalapenos, Garlic and (less)Cilantro",SUB-029030-4-001,2.2,grams,OVEN,,,,,,,,,,,"FA-DE Garlic, IQF, Diced 4 mm /Knoblauch, IQF, gewürfelt 4 mm",PHF-00-139237-1,0.66,0.66,grams,SCHWEFELDIOXIDE UND SULFITE,,0.74482,0.66,grams
FV1320A - Aji Verde Salmon [BNL],REC-029892-4-003,Aji Verde Sauce 3 (CUPPED) NO MAYO,SUB-029904-4-001,30,grams,"CUPPING, IMMERSION BLENDER","Roasted Diced Jalapenos, Garlic and (less)Cilantro",SUB-029030-4-001,2.2,grams,OVEN,,,,,,,,,,,"FA-DE Coriander, Chopped /Koriander, gehackt",PHF-00-139192-3,1.64,1.64,grams,,,0.74482,1.64,grams
FV1320A - Aji Verde Salmon [BNL],REC-029892-4-003,Aji Verde Sauce 3 (CUPPED) NO MAYO,SUB-029904-4-001,30,grams,"CUPPING, IMMERSION BLENDER",,,,,,,,,,,,,,,,"FA-DE Spice, Minced Garlic, Toasted, Dry /Gewürz, gehackter Knoblauch, geröstet, trocken",SPI-00-139367-5,1.47,1.47,grams,,,0.92944,1.47,grams
FV1320A - Aji Verde Salmon [BNL],REC-029892-4-003,Aji Verde Sauce 3 (CUPPED) NO MAYO,SUB-029904-4-001,30,grams,"CUPPING, IMMERSION BLENDER",,,,,,,,,,,,,,,,"FA-DE Spice, Sea Salt /Gewürze, Meersalz",SPI-00-139378-5,0.21,0.21,grams,,,0.92944,0.21,grams
FV1320A - Aji Verde Salmon [BNL],REC-029892-4-003,Aji Verde Sauce 3 (CUPPED) NO MAYO,SUB-029904-4-001,30,grams,"CUPPING, IMMERSION BLENDER",,,,,,,,,,,,,,,,"FA-DE Spice, Garlic Granulated /Gewürz, Knoblauch granuliert",SPI-00-139353-5,0.12,0.12,grams,,,0.92944,0.12,grams
FV1320A - Aji Verde Salmon [BNL],REC-029892-4-003,Aji Verde Sauce 3 (CUPPED) NO MAYO,SUB-029904-4-001,30,grams,"CUPPING, IMMERSION BLENDER",,,,,,,,,,,,,,,,"FA-DE Spice, Jalapeno Powder /Gewürz, Jalapeno-Pulver",SPI-00-139360-5,0.07,0.07,grams,,,0.92944,0.07,grams
FV4042A - Pork tenderloin with Mediterranean mash - [BNL],REC-013990-4-003,Mash - Garlic Spinach Stamppot with sundried tomatoes,SUB-013988-4-001,175,grams,"BLAST CHILLER, HAND MIX",Mash - Horseradish Shredded Beef Mashed Potatoes - Less Salt,SUB-032239-4-001,135.06,grams,UNCATEGORIZED BOM,,,,,,,,,,,"FA-DE Spice, Garlic Granulated /Gewürz, Knoblauch granuliert",SPI-00-139353-5,0.17,0.17,grams,,,0.90577,0.17,grams
FV4042A - Pork tenderloin with Mediterranean mash - [BNL],REC-013990-4-003,Mash - Garlic Spinach Stamppot with sundried tomatoes,SUB-013988-4-001,175,grams,"BLAST CHILLER, HAND MIX",Mash - Horseradish Shredded Beef Mashed Potatoes - Less Salt,SUB-032239-4-001,135.06,grams,UNCATEGORIZED BOM,Steamed Potato Batch,SUB-013509-4-001,131.45,grams,"BLAST CHILLER, OVEN",,,,,,"FA-DE Potatoes, Diced 10mm /Kartoffeln, gewürfelt, 10 mm",PHF-00-139219-3,134.13,134.13,grams,,,0.98,134.13,grams
FV4042A - Pork tenderloin with Mediterranean mash - [BNL],REC-013990-4-003,Mash - Garlic Spinach Stamppot with sundried tomatoes,SUB-013988-4-001,175,grams,"BLAST CHILLER, HAND MIX",Mash - Horseradish Shredded Beef Mashed Potatoes - Less Salt,SUB-032239-4-001,135.06,grams,UNCATEGORIZED BOM,,,,,,,,,,,"FA-DE Butter, Unsalted /Butter, ungesalzen",DAI-00-139146-3,6.7,6.7,grams,MILCH (EINSCHLIESSLICH LAKTOSE),,0.90577,6.7,grams
FV4042A - Pork tenderloin with Mediterranean mash - [BNL],REC-013990-4-003,Mash - Garlic Spinach Stamppot with sundried tomatoes,SUB-013988-4-001,175,grams,"BLAST CHILLER, HAND MIX",Mash - Horseradish Shredded Beef Mashed Potatoes - Less Salt,SUB-032239-4-001,135.06,grams,UNCATEGORIZED BOM,,,,,,,,,,,"FA-DE Spice, Sea Salt /Gewürze, Meersalz",SPI-00-139378-5,0.73,0.73,grams,,,0.90577,0.73,grams
FV4042A - Pork tenderloin with Mediterranean mash - [BNL],REC-013990-4-003,Mash - Garlic Spinach Stamppot with sundried tomatoes,SUB-013988-4-001,175,grams,"BLAST CHILLER, HAND MIX",Mash - Horseradish Shredded Beef Mashed Potatoes - Less Salt,SUB-032239-4-001,135.06,grams,UNCATEGORIZED BOM,,,,,,,,,,,"FA-DE Milk, Whole /Milch, voll",DAI-00-139142-3,9.9,9.9,grams,MILCH (EINSCHLIESSLICH LAKTOSE),,0.90577,9.9,grams
FV4042A - Pork tenderloin with Mediterranean mash - [BNL],REC-013990-4-003,Mash - Garlic Spinach Stamppot with sundried tomatoes,SUB-013988-4-001,175,grams,"BLAST CHILLER, HAND MIX",Mash - Horseradish Shredded Beef Mashed Potatoes - Less Salt,SUB-032239-4-001,135.06,grams,UNCATEGORIZED BOM,,,,,,,,,,,"FA-DE Spice, Onion Granulated /Gewürze, Zwiebeln granuliert",SPI-00-139370-5,0.17,0.17,grams,,,0.90577,0.17,grams
FV4042A - Pork tenderloin with Mediterranean mash - [BNL],REC-013990-4-003,Mash - Garlic Spinach Stamppot with sundried tomatoes,SUB-013988-4-001,175,grams,"BLAST CHILLER, HAND MIX",Fresh Spinach Kill Step,SUB-024333-4-001,29.15,grams,"BLAST CHILLER, OVEN",,,,,,,,,,,"FA-DE Spinach, Fresh, Stem Off /Spinat, frisch, ohne Stiel",PHF-00-139225-3,32.39,32.39,grams,,,0.9,32.39,grams
FV4042A - Pork tenderloin with Mediterranean mash - [BNL],REC-013990-4-003,Mash - Garlic Spinach Stamppot with sundried tomatoes,SUB-013988-4-001,175,grams,"BLAST CHILLER, HAND MIX",Hydrated Sun-Dried Tomatoes,SUB-013501-4-001,10.86,grams,BRAISER,,,,,,,,,,,"FA-DE Tomatoes, Sun - Dried Julienned /Tomaten, sonnengetrocknete Julienne",PRO-00-139296-5,6.03,6.03,grams,,,0.90001,6.03,grams
FV4042A - Pork tenderloin with Mediterranean mash - [BNL],REC-013990-4-003,Mash - Garlic Spinach Stamppot with sundried tomatoes,SUB-013988-4-001,175,grams,"BLAST CHILLER, HAND MIX",Hydrated Sun-Dried Tomatoes,SUB-013501-4-001,10.86,grams,BRAISER,,,,,,,,,,,FA-DE Water / Wasser,OTH-00-144038-5,6.03,6.03,grams,,,0.90001,6.03,grams
FV4042A - Pork tenderloin with Mediterranean mash - [BNL],REC-013990-4-003,Chili Garlic marinated Pork Tenderloin,SUB-032087-4-001,100,grams,UNCATEGORIZED BOM,Pork Tenderloin - BRINED,SUB-013360-4-001,119.74,grams,BRINE,,,,,,,,,,,"FA-DE Spice, Sea Salt /Gewürze, Meersalz",SPI-00-139378-5,1.06,1.06,grams,,,0.4978,1.06,grams
FV4042A - Pork tenderloin with Mediterranean mash - [BNL],REC-013990-4-003,Chili Garlic marinated Pork Tenderloin,SUB-032087-4-001,100,grams,UNCATEGORIZED BOM,Pork Tenderloin - BRINED,SUB-013360-4-001,119.74,grams,BRINE,,,,,,,,,,,FA-DE Water / Wasser,OTH-00-144038-5,119.74,119.74,grams,,,0.4978,119.74,grams
FV4042A - Pork tenderloin with Mediterranean mash - [BNL],REC-013990-4-003,Chili Garlic marinated Pork Tenderloin,SUB-032087-4-001,100,grams,UNCATEGORIZED BOM,Pork Tenderloin - BRINED,SUB-013360-4-001,119.74,grams,BRINE,,,,,,,,,,,"FA-DE Pork, Tenderloin /Schweinefleisch, Filet",PTN-00-139310-3,119.74,119.74,grams,,,0.4978,119.74,grams
FV4042A - Pork tenderloin with Mediterranean mash - [BNL],REC-013990-4-003,Chili Garlic marinated Pork Tenderloin,SUB-032087-4-001,100,grams,UNCATEGORIZED BOM,Chili Garlic Pork Marinade,SUB-013989-4-001,10.26,grams,"BLAST CHILLER, GRILL, MARINADE, OVEN, SLICER",,,,,,,,,,,"FA-DE Spice, Sea Salt /Gewürze, Meersalz",SPI-00-139378-5,0.07,0.07,grams,,,0.98403,0.07,grams
FV4042A - Pork tenderloin with Mediterranean mash - [BNL],REC-013990-4-003,Chili Garlic marinated Pork Tenderloin,SUB-032087-4-001,100,grams,UNCATEGORIZED BOM,Chili Garlic Pork Marinade,SUB-013989-4-001,10.26,grams,"BLAST CHILLER, GRILL, MARINADE, OVEN, SLICER",,,,,,,,,,,"FA-DE Garlic, Peeled, Whole Cloves [10kg] /Knoblauch, geschält, ganze Nelken [10kg]",PHF-00-139197-3,0.56,0.56,grams,,,0.98403,0.56,grams
FV4042A - Pork tenderloin with Mediterranean mash - [BNL],REC-013990-4-003,Chili Garlic marinated Pork Tenderloin,SUB-032087-4-001,100,grams,UNCATEGORIZED BOM,Chili Garlic Pork Marinade,SUB-013989-4-001,10.26,grams,"BLAST CHILLER, GRILL, MARINADE, OVEN, SLICER",,,,,,,,,,,"FA-DE Vinegar, Apple Cider /Essig, Apfelwein",PRO-00-139299-5,2.37,2.37,grams,,,0.98403,2.37,grams
FV4042A - Pork tenderloin with Mediterranean mash - [BNL],REC-013990-4-003,Chili Garlic marinated Pork Tenderloin,SUB-032087-4-001,100,grams,UNCATEGORIZED BOM,Chili Garlic Pork Marinade,SUB-013989-4-001,10.26,grams,"BLAST CHILLER, GRILL, MARINADE, OVEN, SLICER",,,,,,,,,,,"FA-DE Spice, Crushed Red Pepper Flakes /Gewürz, zerkleinerte rote Pfefferflocken",SPI-00-139344-5,0.05,0.05,grams,,,0.98403,0.05,grams
FV4042A - Pork tenderloin with Mediterranean mash - [BNL],REC-013990-4-003,Chili Garlic marinated Pork Tenderloin,SUB-032087-4-001,100,grams,UNCATEGORIZED BOM,Chili Garlic Pork Marinade,SUB-013989-4-001,10.26,grams,"BLAST CHILLER, GRILL, MARINADE, OVEN, SLICER",,,,,,,,,,,"FA-DE Spice, Black Pepper, Ground /Gewürz, schwarzer Pfeffer, gemahlen",SPI-00-139334-5,0.11,0.11,grams,,,0.98403,0.11,grams
FV4042A - Pork tenderloin with Mediterranean mash - [BNL],REC-013990-4-003,Chili Garlic marinated Pork Tenderloin,SUB-032087-4-001,100,grams,UNCATEGORIZED BOM,Chili Garlic Pork Marinade,SUB-013989-4-001,10.26,grams,"BLAST CHILLER, GRILL, MARINADE, OVEN, SLICER",,,,,,,,,,,"FA-DE Oil, Olive /Öl, Olivenöl",PRO-00-139277-5,4.74,4.74,grams,,,0.98403,4.74,grams
FV4042A - Pork tenderloin with Mediterranean mash - [BNL],REC-013990-4-003,Chili Garlic marinated Pork Tenderloin,SUB-032087-4-001,100,grams,UNCATEGORIZED BOM,Chili Garlic Pork Marinade,SUB-013989-4-001,10.26,grams,"BLAST CHILLER, GRILL, MARINADE, OVEN, SLICER",,,,,,,,,,,"FA-DE Spice, Garlic Granulated /Gewürz, Knoblauch granuliert",SPI-00-139353-5,0.31,0.31,grams,,,0.98403,0.31,grams
FV4042A - Pork tenderloin with Mediterranean mash - [BNL],REC-013990-4-003,Chili Garlic marinated Pork Tenderloin,SUB-032087-4-001,100,grams,UNCATEGORIZED BOM,Chili Garlic Pork Marinade,SUB-013989-4-001,10.26,grams,"BLAST CHILLER, GRILL, MARINADE, OVEN, SLICER",,,,,,,,,,,"FA-DE Oil, Sesame Seed, Toasted /Öl, Sesamsamen, geröstet",PRO-00-139280-5,1.59,1.59,grams,SESAMSAMEN,,0.98403,1.59,grams
FV4042A - Pork tenderloin with Mediterranean mash - [BNL],REC-013990-4-003,Chili Garlic marinated Pork Tenderloin,SUB-032087-4-001,100,grams,UNCATEGORIZED BOM,Chili Garlic Pork Marinade,SUB-013989-4-001,10.26,grams,"BLAST CHILLER, GRILL, MARINADE, OVEN, SLICER",,,,,,,,,,,"FA-DE Spice, Gochugaru Chili Pepper Flakes /Gewürz, Gochugaru-Chili-Pfefferflocken",SPI-00-139356-5,0.47,0.47,grams,,,0.98403,0.47,grams
FV4042A - Pork tenderloin with Mediterranean mash - [BNL],REC-013990-4-003,Chili Garlic marinated Pork Tenderloin,SUB-032087-4-001,100,grams,UNCATEGORIZED BOM,Chili Garlic Pork Marinade,SUB-013989-4-001,10.26,grams,"BLAST CHILLER, GRILL, MARINADE, OVEN, SLICER",,,,,,,,,,,"FA-DE Spice, Onion Powder, Toasted /Gewürze, Zwiebelpulver, geröstet",SPI-00-139371-5,0.16,0.16,grams,,,0.98403,0.16,grams
FV4042A - Pork tenderloin with Mediterranean mash - [BNL],REC-013990-4-003,Green beans - Garlic Chili Green Beans less salt,SUB-014038-4-001,125,grams,"BLAST CHILLER, OVEN",,,,,,,,,,,,,,,,"FA-DE Onion, Green, Sliced 5mm /Zwiebel, grün, in Scheiben geschnitten, 5 mm",PHF-00-149803-3,2.01,2.01,grams,,,0.76351,2.01,grams
FV4042A - Pork tenderloin with Mediterranean mash - [BNL],REC-013990-4-003,Green beans - Garlic Chili Green Beans less salt,SUB-014038-4-001,125,grams,"BLAST CHILLER, OVEN",,,,,,,,,,,,,,,,"FA-DE Spice, Minced Garlic, Toasted, Dry /Gewürz, gehackter Knoblauch, geröstet, trocken",SPI-00-139367-5,0.46,0.46,grams,,,0.76351,0.46,grams
FV4042A - Pork tenderloin with Mediterranean mash - [BNL],REC-013990-4-003,Green beans - Garlic Chili Green Beans less salt,SUB-014038-4-001,125,grams,"BLAST CHILLER, OVEN",,,,,,,,,,,,,,,,"FA-DE Oil, Olive /Öl, Olivenöl",PRO-00-139277-5,15.21,15.21,grams,,,0.76351,15.21,grams
FV4042A - Pork tenderloin with Mediterranean mash - [BNL],REC-013990-4-003,Green beans - Garlic Chili Green Beans less salt,SUB-014038-4-001,125,grams,"BLAST CHILLER, OVEN",,,,,,,,,,,,,,,,"FA-DE Green Beans, Fresh and Trimmed/Grüne Bohnen, frisch und geschnitten",PHF-00-139198-3,145.06,145.06,grams,,,0.76351,145.06,grams
FV4042A - Pork tenderloin with Mediterranean mash - [BNL],REC-013990-4-003,Green beans - Garlic Chili Green Beans less salt,SUB-014038-4-001,125,grams,"BLAST CHILLER, OVEN",,,,,,,,,,,,,,,,"FA-DE Spice, Gochugaru Chili Pepper Flakes /Gewürz, Gochugaru-Chili-Pfefferflocken",SPI-00-139356-5,0.14,0.14,grams,,,0.76351,0.14,grams
FV4042A - Pork tenderloin with Mediterranean mash - [BNL],REC-013990-4-003,Green beans - Garlic Chili Green Beans less salt,SUB-014038-4-001,125,grams,"BLAST CHILLER, OVEN",,,,,,,,,,,,,,,,"FA-DE Spice, Black Pepper, Ground /Gewürz, schwarzer Pfeffer, gemahlen",SPI-00-139334-5,0.46,0.46,grams,,,0.76351,0.46,grams
FV4042A - Pork tenderloin with Mediterranean mash - [BNL],REC-013990-4-003,Green beans - Garlic Chili Green Beans less salt,SUB-014038-4-001,125,grams,"BLAST CHILLER, OVEN",,,,,,,,,,,,,,,,"FA-DE Spice, Sea Salt /Gewürze, Meersalz",SPI-00-139378-5,0.38,0.38,grams,,,0.76351,0.38,grams
FV4042A - Pork tenderloin with Mediterranean mash - [BNL],REC-013990-4-003,Pinenuts - roasted [PENDING CULINARY REVIEW],SUB-013663-4-001,10,grams,"BLAST CHILLER, HAND MARINADE, OVEN",,,,,,,,,,,,,,,,FA-DE Pine Nuts /Pinienkerne,SPI-00-139162-5,10.12,10.12,grams,,,0.98838,10.12,grams
FV4048A - Creamy Leek Pork tenderloin  [BNL],REC-014223-4-003,Creamy Leek - Low Fat,SUB-014222-4-001,100,grams,"BLAST CHILLER, BRAISER, SPICE PORTIONING",,,,,,,,,,,,,,,,FA-DE Sour Cream /Sauerrahm,DAI-00-139141-3,15,15,grams,MILCH (EINSCHLIESSLICH LAKTOSE),,0.79745,15,grams
FV4048A - Creamy Leek Pork tenderloin  [BNL],REC-014223-4-003,Creamy Leek - Low Fat,SUB-014222-4-001,100,grams,"BLAST CHILLER, BRAISER, SPICE PORTIONING",,,,,,,,,,,,,,,,"FA-DE Leek, Diced 5mm /Lauch, gewürfelt, 5 mm",PHF-00-139204-3,100,100,grams,,,0.79745,100,grams
FV4048A - Creamy Leek Pork tenderloin  [BNL],REC-014223-4-003,Creamy Leek - Low Fat,SUB-014222-4-001,100,grams,"BLAST CHILLER, BRAISER, SPICE PORTIONING",,,,,,,,,,,,,,,,"FA-DE Oil, Olive /Öl, Olivenöl",PRO-00-139277-5,0.13,0.13,grams,,,0.79745,0.13,grams
FV4048A - Creamy Leek Pork tenderloin  [BNL],REC-014223-4-003,Creamy Leek - Low Fat,SUB-014222-4-001,100,grams,"BLAST CHILLER, BRAISER, SPICE PORTIONING",,,,,,,,,,,,,,,,"FA-DE Spice, Sea Salt /Gewürze, Meersalz",SPI-00-139378-5,0.03,0.03,grams,,,0.79745,0.03,grams
FV4048A - Creamy Leek Pork tenderloin  [BNL],REC-014223-4-003,Creamy Leek - Low Fat,SUB-014222-4-001,100,grams,"BLAST CHILLER, BRAISER, SPICE PORTIONING",,,,,,,,,,,,,,,,FA-DE Heavy Cream 20% /Sahne 20%,DAI-00-139137-3,10,10,grams,MILCH (EINSCHLIESSLICH LAKTOSE),,0.79745,10,grams
FV4048A - Creamy Leek Pork tenderloin  [BNL],REC-014223-4-003,Creamy Leek - Low Fat,SUB-014222-4-001,100,grams,"BLAST CHILLER, BRAISER, SPICE PORTIONING",,,,,,,,,,,,,,,,"FA-DE Spice, Garlic Granulated /Gewürz, Knoblauch granuliert",SPI-00-139353-5,0.25,0.25,grams,,,0.79745,0.25,grams
FV4048A - Creamy Leek Pork tenderloin  [BNL],REC-014223-4-003,Mash - Creamy Sweet Potato Puree (more salt),SUB-014156-4-001,95,grams,"BLAST CHILLER, BRAISER, IMMERSION BLENDER, SPICE PORTIONING",,,,,,,,,,,,,,,,"FA-DE Potatoes, Sweet, Diced 10mm /Kartoffeln, süß, gewürfelt 10 mm",PHF-00-139221-3,90.34,90.34,grams,,,0.87518,90.34,grams
FV4048A - Creamy Leek Pork tenderloin  [BNL],REC-014223-4-003,Mash - Creamy Sweet Potato Puree (more salt),SUB-014156-4-001,95,grams,"BLAST CHILLER, BRAISER, IMMERSION BLENDER, SPICE PORTIONING",,,,,,,,,,,,,,,,"FA-DE Cheese, Cream, 13% Fat (Milk) /Käse, Sahne, 13% Fett",DAI-00-139122-3,5.1,5.1,grams,MILCH (EINSCHLIESSLICH LAKTOSE),,0.87518,5.1,grams
FV4048A - Creamy Leek Pork tenderloin  [BNL],REC-014223-4-003,Mash - Creamy Sweet Potato Puree (more salt),SUB-014156-4-001,95,grams,"BLAST CHILLER, BRAISER, IMMERSION BLENDER, SPICE PORTIONING",,,,,,,,,,,,,,,,"FA-DE Milk, Semi-Skimmed /Milch, teilentrahmt",DAI-00-139139-3,12.46,12.46,grams,MILCH (EINSCHLIESSLICH LAKTOSE),,0.87518,12.46,grams
FV4048A - Creamy Leek Pork tenderloin  [BNL],REC-014223-4-003,Mash - Creamy Sweet Potato Puree (more salt),SUB-014156-4-001,95,grams,"BLAST CHILLER, BRAISER, IMMERSION BLENDER, SPICE PORTIONING",,,,,,,,,,,,,,,,"FA-DE Spice, Sage, Rubbed /Gewürz, Salbei, gerieben",SPI-00-139377-5,0.03,0.03,grams,,,0.87518,0.03,grams
FV4048A - Creamy Leek Pork tenderloin  [BNL],REC-014223-4-003,Mash - Creamy Sweet Potato Puree (more salt),SUB-014156-4-001,95,grams,"BLAST CHILLER, BRAISER, IMMERSION BLENDER, SPICE PORTIONING",,,,,,,,,,,,,,,,"FA-DE Spice, Sea Salt /Gewürze, Meersalz",SPI-00-139378-5,0.62,0.62,grams,,,0.87518,0.62,grams
FV4048A - Creamy Leek Pork tenderloin  [BNL],REC-014223-4-003,Pork tenderloin - herb marinade,SUB-013466-4-001,100,grams,"BLAST CHILLER, GRILL, MARINADE, OVEN, SLICER",Pork Tenderloin - HERB BRINED,SUB-013465-4-001,121.43,grams,BRINE,,,,,,,,,,,FA-DE Water / Wasser,OTH-00-144038-5,121.43,121.43,grams,,,0.49656,121.43,grams
FV4048A - Creamy Leek Pork tenderloin  [BNL],REC-014223-4-003,Pork tenderloin - herb marinade,SUB-013466-4-001,100,grams,"BLAST CHILLER, GRILL, MARINADE, OVEN, SLICER",Pork Tenderloin - HERB BRINED,SUB-013465-4-001,121.43,grams,BRINE,,,,,,,,,,,"FA-DE Spice, Thyme Dry /Gewürz, Thymian trocken",SPI-00-139385-5,0.2,0.2,grams,,,0.49656,0.2,grams
FV4048A - Creamy Leek Pork tenderloin  [BNL],REC-014223-4-003,Pork tenderloin - herb marinade,SUB-013466-4-001,100,grams,"BLAST CHILLER, GRILL, MARINADE, OVEN, SLICER",Pork Tenderloin - HERB BRINED,SUB-013465-4-001,121.43,grams,BRINE,,,,,,,,,,,"FA-DE Pork, Tenderloin /Schweinefleisch, Filet",PTN-00-139310-3,121.43,121.43,grams,,,0.49656,121.43,grams
FV4048A - Creamy Leek Pork tenderloin  [BNL],REC-014223-4-003,Pork tenderloin - herb marinade,SUB-013466-4-001,100,grams,"BLAST CHILLER, GRILL, MARINADE, OVEN, SLICER",Pork Tenderloin - HERB BRINED,SUB-013465-4-001,121.43,grams,BRINE,,,,,,,,,,,"FA-DE Spice, Sage, Rubbed /Gewürz, Salbei, gerieben",SPI-00-139377-5,0.2,0.2,grams,,,0.49656,0.2,grams
FV4048A - Creamy Leek Pork tenderloin  [BNL],REC-014223-4-003,Pork tenderloin - herb marinade,SUB-013466-4-001,100,grams,"BLAST CHILLER, GRILL, MARINADE, OVEN, SLICER",Pork Tenderloin - HERB BRINED,SUB-013465-4-001,121.43,grams,BRINE,,,,,,,,,,,"FA-DE Spice, Sea Salt /Gewürze, Meersalz",SPI-00-139378-5,1.07,1.07,grams,,,0.49656,1.07,grams
FV4048A - Creamy Leek Pork tenderloin  [BNL],REC-014223-4-003,Pork tenderloin - herb marinade,SUB-013466-4-001,100,grams,"BLAST CHILLER, GRILL, MARINADE, OVEN, SLICER",Pork Tenderloin - HERB BRINED,SUB-013465-4-001,121.43,grams,BRINE,,,,,,,,,,,FA-DE Dried Rosemary/Rosmarin getrocknet,SPI-00-143552-5,0.2,0.2,grams,,,0.49656,0.2,grams
FV4048A - Creamy Leek Pork tenderloin  [BNL],REC-014223-4-003,Pork tenderloin - herb marinade,SUB-013466-4-001,100,grams,"BLAST CHILLER, GRILL, MARINADE, OVEN, SLICER",Herb Marinade for Pork Tenderloin,SUB-031651-4-001,8.57,grams,UNCATEGORIZED BOM,,,,,,,,,,,"FA-DE Oil, Olive /Öl, Olivenöl",PRO-00-139277-5,7.93,7.93,grams,,,0.99855,7.93,grams
FV4048A - Creamy Leek Pork tenderloin  [BNL],REC-014223-4-003,Pork tenderloin - herb marinade,SUB-013466-4-001,100,grams,"BLAST CHILLER, GRILL, MARINADE, OVEN, SLICER",Herb Marinade for Pork Tenderloin,SUB-031651-4-001,8.57,grams,UNCATEGORIZED BOM,,,,,,,,,,,"FA-DE Spice, Oregano Dry /Gewürz, Oregano trocken",SPI-00-139372-5,0.02,0.02,grams,,,0.99855,0.02,grams
FV4048A - Creamy Leek Pork tenderloin  [BNL],REC-014223-4-003,Pork tenderloin - herb marinade,SUB-013466-4-001,100,grams,"BLAST CHILLER, GRILL, MARINADE, OVEN, SLICER",Herb Marinade for Pork Tenderloin,SUB-031651-4-001,8.57,grams,UNCATEGORIZED BOM,,,,,,,,,,,"FA-DE Spice, Garlic Granulated /Gewürz, Knoblauch granuliert",SPI-00-139353-5,0.17,0.17,grams,,,0.99855,0.17,grams
FV4048A - Creamy Leek Pork tenderloin  [BNL],REC-014223-4-003,Pork tenderloin - herb marinade,SUB-013466-4-001,100,grams,"BLAST CHILLER, GRILL, MARINADE, OVEN, SLICER",Herb Marinade for Pork Tenderloin,SUB-031651-4-001,8.57,grams,UNCATEGORIZED BOM,,,,,,,,,,,"FA-DE Spice, Parsley Dried /Gewürze, getrocknete Petersilie",SPI-00-139374-5,0.02,0.02,grams,,,0.99855,0.02,grams
FV4048A - Creamy Leek Pork tenderloin  [BNL],REC-014223-4-003,Pork tenderloin - herb marinade,SUB-013466-4-001,100,grams,"BLAST CHILLER, GRILL, MARINADE, OVEN, SLICER",Herb Marinade for Pork Tenderloin,SUB-031651-4-001,8.57,grams,UNCATEGORIZED BOM,,,,,,,,,,,"FA-DE Chives, Dried /Schnittlauch, getrocknet",SPI-00-139322-5,0.04,0.04,grams,,,0.99855,0.04,grams
FV4048A - Creamy Leek Pork tenderloin  [BNL],REC-014223-4-003,Pork tenderloin - herb marinade,SUB-013466-4-001,100,grams,"BLAST CHILLER, GRILL, MARINADE, OVEN, SLICER",Herb Marinade for Pork Tenderloin,SUB-031651-4-001,8.57,grams,UNCATEGORIZED BOM,,,,,,,,,,,"FA-DE Spice, Sea Salt /Gewürze, Meersalz",SPI-00-139378-5,0.19,0.19,grams,,,0.99855,0.19,grams
FV4048A - Creamy Leek Pork tenderloin  [BNL],REC-014223-4-003,Pork tenderloin - herb marinade,SUB-013466-4-001,100,grams,"BLAST CHILLER, GRILL, MARINADE, OVEN, SLICER",Herb Marinade for Pork Tenderloin,SUB-031651-4-001,8.57,grams,UNCATEGORIZED BOM,,,,,,,,,,,"FA-DE Spice, Onion Granulated /Gewürze, Zwiebeln granuliert",SPI-00-139370-5,0.09,0.09,grams,,,0.99855,0.09,grams
FV4048A - Creamy Leek Pork tenderloin  [BNL],REC-014223-4-003,Pork tenderloin - herb marinade,SUB-013466-4-001,100,grams,"BLAST CHILLER, GRILL, MARINADE, OVEN, SLICER",Herb Marinade for Pork Tenderloin,SUB-031651-4-001,8.57,grams,UNCATEGORIZED BOM,,,,,,,,,,,"FA-DE Spice, Black Pepper, Ground /Gewürz, schwarzer Pfeffer, gemahlen",SPI-00-139334-5,0.13,0.13,grams,,,0.99855,0.13,grams
FV4048A - Creamy Leek Pork tenderloin  [BNL],REC-014223-4-003,Green beans - Roasted Green Beans w/ Roasted Garlic - Less Oil,SUB-013529-4-001,120,grams,"BLAST CHILLER, OVEN",,,,,,,,,,,,,,,,"FA-DE Spice, Black Pepper, Ground /Gewürz, schwarzer Pfeffer, gemahlen",SPI-00-139334-5,0.11,0.11,grams,,,0.74683,0.11,grams
FV4048A - Creamy Leek Pork tenderloin  [BNL],REC-014223-4-003,Green beans - Roasted Green Beans w/ Roasted Garlic - Less Oil,SUB-013529-4-001,120,grams,"BLAST CHILLER, OVEN",,,,,,,,,,,,,,,,"FA-DE Spice, Sea Salt /Gewürze, Meersalz",SPI-00-139378-5,0.3,0.3,grams,,,0.74683,0.3,grams
FV4048A - Creamy Leek Pork tenderloin  [BNL],REC-014223-4-003,Green beans - Roasted Green Beans w/ Roasted Garlic - Less Oil,SUB-013529-4-001,120,grams,"BLAST CHILLER, OVEN",Roasted Garlic (use),SUB-013367-4-001,4.52,grams,"BLAST CHILLER, BRAISER, SPICE PORTIONING",,,,,,,,,,,"FA-DE Garlic, Peeled, Whole Cloves [10kg] /Knoblauch, geschält, ganze Nelken [10kg]",PHF-00-139197-3,4.55,4.55,grams,,,0.56691,4.55,grams
FV4048A - Creamy Leek Pork tenderloin  [BNL],REC-014223-4-003,Green beans - Roasted Green Beans w/ Roasted Garlic - Less Oil,SUB-013529-4-001,120,grams,"BLAST CHILLER, OVEN",Roasted Garlic (use),SUB-013367-4-001,4.52,grams,"BLAST CHILLER, BRAISER, SPICE PORTIONING",,,,,,,,,,,"FA-DE Oil, Olive /Öl, Olivenöl",PRO-00-139277-5,3.41,3.41,grams,,,0.56691,3.41,grams
FV4048A - Creamy Leek Pork tenderloin  [BNL],REC-014223-4-003,Green beans - Roasted Green Beans w/ Roasted Garlic - Less Oil,SUB-013529-4-001,120,grams,"BLAST CHILLER, OVEN",,,,,,,,,,,,,,,,"FA-DE Green Beans, Fresh and Trimmed/Grüne Bohnen, frisch und geschnitten",PHF-00-139198-3,149.73,149.73,grams,,,0.74683,149.73,grams
FV4048A - Creamy Leek Pork tenderloin  [BNL],REC-014223-4-003,Green beans - Roasted Green Beans w/ Roasted Garlic - Less Oil,SUB-013529-4-001,120,grams,"BLAST CHILLER, OVEN",,,,,,,,,,,,,,,,"FA-DE Oil, Olive /Öl, Olivenöl",PRO-00-139277-5,6.02,6.02,grams,,,0.74683,6.02,grams
FV4053A - Gochugaru Chicken [DKSE],REC-013455-4-003,Sauce - Creamy Gochugaru Sauce,SUB-013450-4-001,115,grams,"BLAST CHILLER, BRAISER, IMMERSION BLENDER, SPICE PORTIONING",,,,,,,,,,,,,,,,"FA-DE Oil, Olive /Öl, Olivenöl",PRO-00-139277-5,7.01,7.01,grams,,,0.90687,7.01,grams
FV4053A - Gochugaru Chicken [DKSE],REC-013455-4-003,Sauce - Creamy Gochugaru Sauce,SUB-013450-4-001,115,grams,"BLAST CHILLER, BRAISER, IMMERSION BLENDER, SPICE PORTIONING",,,,,,,,,,,,,,,,"FA-DE Onion, Spanish, Diced 5mm /Zwiebel, Spanisch, gewürfelt 5 mm",PHF-00-139212-3,12.31,12.31,grams,,,0.90687,12.31,grams
FV4053A - Gochugaru Chicken [DKSE],REC-013455-4-003,Sauce - Creamy Gochugaru Sauce,SUB-013450-4-001,115,grams,"BLAST CHILLER, BRAISER, IMMERSION BLENDER, SPICE PORTIONING",,,,,,,,,,,,,,,,"FA-DE Garlic, IQF, Diced 4 mm /Knoblauch, IQF, gewürfelt 4 mm",PHF-00-139237-1,2.8,2.8,grams,SCHWEFELDIOXIDE UND SULFITE,,0.90687,2.8,grams
FV4053A - Gochugaru Chicken [DKSE],REC-013455-4-003,Sauce - Creamy Gochugaru Sauce,SUB-013450-4-001,115,grams,"BLAST CHILLER, BRAISER, IMMERSION BLENDER, SPICE PORTIONING",,,,,,,,,,,,,,,,FA-DE Heavy Cream 20% /Sahne 20%,DAI-00-139137-3,76.55,76.55,grams,MILCH (EINSCHLIESSLICH LAKTOSE),,0.90687,76.55,grams
FV4053A - Gochugaru Chicken [DKSE],REC-013455-4-003,Sauce - Creamy Gochugaru Sauce,SUB-013450-4-001,115,grams,"BLAST CHILLER, BRAISER, IMMERSION BLENDER, SPICE PORTIONING",,,,,,,,,,,,,,,,"FA-DE Stock, Chicken, Reduced/Brühe, Huhn, Reduziert",PRO-00-139288-5,1.38,1.38,grams,,,0.90687,1.38,grams
FV4053A - Gochugaru Chicken [DKSE],REC-013455-4-003,Sauce - Creamy Gochugaru Sauce,SUB-013450-4-001,115,grams,"BLAST CHILLER, BRAISER, IMMERSION BLENDER, SPICE PORTIONING",,,,,,,,,,,,,,,,"FA-DE Cheese, Parmesan, Grated /Käse, Parmesan, gerieben",DAI-00-139127-3,12.31,12.31,grams,MILCH (EINSCHLIESSLICH LAKTOSE),,0.90687,12.31,grams
FV4053A - Gochugaru Chicken [DKSE],REC-013455-4-003,Sauce - Creamy Gochugaru Sauce,SUB-013450-4-001,115,grams,"BLAST CHILLER, BRAISER, IMMERSION BLENDER, SPICE PORTIONING",,,,,,,,,,,,,,,,"FA-DE Spice, Sea Salt /Gewürze, Meersalz",SPI-00-139378-5,0.27,0.27,grams,,,0.90687,0.27,grams
FV4053A - Gochugaru Chicken [DKSE],REC-013455-4-003,Sauce - Creamy Gochugaru Sauce,SUB-013450-4-001,115,grams,"BLAST CHILLER, BRAISER, IMMERSION BLENDER, SPICE PORTIONING",,,,,,,,,,,,,,,,"FA-DE Spinach, Fresh, Stem Off /Spinat, frisch, ohne Stiel",PHF-00-139225-3,9.85,9.85,grams,,,0.90687,9.85,grams
FV4053A - Gochugaru Chicken [DKSE],REC-013455-4-003,Sauce - Creamy Gochugaru Sauce,SUB-013450-4-001,115,grams,"BLAST CHILLER, BRAISER, IMMERSION BLENDER, SPICE PORTIONING",,,,,,,,,,,,,,,,"FA-DE Spice, Gochugaru Chili Pepper Flakes /Gewürz, Gochugaru-Chili-Pfefferflocken",SPI-00-139356-5,1.59,1.59,grams,,,0.90687,1.59,grams
FV4053A - Gochugaru Chicken [DKSE],REC-013455-4-003,Sauce - Creamy Gochugaru Sauce,SUB-013450-4-001,115,grams,"BLAST CHILLER, BRAISER, IMMERSION BLENDER, SPICE PORTIONING",,,,,,,,,,,,,,,,FA-DE Tomato Paste /Tomatenmark,PRO-00-139292-5,2.73,2.73,grams,,,0.90687,2.73,grams
FV4053A - Gochugaru Chicken [DKSE],REC-013455-4-003,Diced Chicken - Garlic & Herb Marinade,SUB-013453-4-001,100,grams,"BLAST CHILLER, MARINADE, OVEN",Chicken CHUNKS - BRINED,SUB-013451-4-001,127.87,grams,BRINE,,,,,,,,,,,FA-DE Water / Wasser,OTH-00-144038-5,127.87,127.87,grams,,,0.4978,127.87,grams
FV4053A - Gochugaru Chicken [DKSE],REC-013455-4-003,Diced Chicken - Garlic & Herb Marinade,SUB-013453-4-001,100,grams,"BLAST CHILLER, MARINADE, OVEN",Chicken CHUNKS - BRINED,SUB-013451-4-001,127.87,grams,BRINE,,,,,,,,,,,"FA-DE Spice, Sea Salt /Gewürze, Meersalz",SPI-00-139378-5,1.13,1.13,grams,,,0.4978,1.13,grams
FV4053A - Gochugaru Chicken [DKSE],REC-013455-4-003,Diced Chicken - Garlic & Herb Marinade,SUB-013453-4-001,100,grams,"BLAST CHILLER, MARINADE, OVEN",Chicken CHUNKS - BRINED,SUB-013451-4-001,127.87,grams,BRINE,,,,,,,,,,,"FA-DE Chicken Breast, Chunked, Boneless Skinless /Hähnchenbrust, in Stücken, ohne Knochen und ohne Haut",PTN-00-139314-3,127.87,127.87,grams,,,0.4978,127.87,grams
FV4053A - Gochugaru Chicken [DKSE],REC-013455-4-003,Diced Chicken - Garlic & Herb Marinade,SUB-013453-4-001,100,grams,"BLAST CHILLER, MARINADE, OVEN",Mod Marinade #4 - Garlic and Herb,SUB-013452-4-001,4.44,grams,IMMERSION BLENDER,,,,,,,,,,,"FA-DE Oil, Olive /Öl, Olivenöl",PRO-00-139277-5,2.42,2.42,grams,,,0.98976,2.42,grams
FV4053A - Gochugaru Chicken [DKSE],REC-013455-4-003,Diced Chicken - Garlic & Herb Marinade,SUB-013453-4-001,100,grams,"BLAST CHILLER, MARINADE, OVEN",Mod Marinade #4 - Garlic and Herb,SUB-013452-4-001,4.44,grams,IMMERSION BLENDER,,,,,,,,,,,"FA-DE Vinegar, Red Wine /Essig, Rotwein",PRO-00-139301-5,0.81,0.81,grams,,,0.98976,0.81,grams
FV4053A - Gochugaru Chicken [DKSE],REC-013455-4-003,Diced Chicken - Garlic & Herb Marinade,SUB-013453-4-001,100,grams,"BLAST CHILLER, MARINADE, OVEN",Mod Marinade #4 - Garlic and Herb,SUB-013452-4-001,4.44,grams,IMMERSION BLENDER,,,,,,,,,,,"FA-DE Garlic, IQF, Diced 4 mm /Knoblauch, IQF, gewürfelt 4 mm",PHF-00-139237-1,0.81,0.81,grams,SCHWEFELDIOXIDE UND SULFITE,,0.98976,0.81,grams
FV4053A - Gochugaru Chicken [DKSE],REC-013455-4-003,Diced Chicken - Garlic & Herb Marinade,SUB-013453-4-001,100,grams,"BLAST CHILLER, MARINADE, OVEN",Mod Marinade #4 - Garlic and Herb,SUB-013452-4-001,4.44,grams,IMMERSION BLENDER,,,,,,,,,,,"FA-DE Spice, Garlic Granulated /Gewürz, Knoblauch granuliert",SPI-00-139353-5,0.19,0.19,grams,,,0.98976,0.19,grams
FV4053A - Gochugaru Chicken [DKSE],REC-013455-4-003,Diced Chicken - Garlic & Herb Marinade,SUB-013453-4-001,100,grams,"BLAST CHILLER, MARINADE, OVEN",Mod Marinade #4 - Garlic and Herb,SUB-013452-4-001,4.44,grams,IMMERSION BLENDER,,,,,,,,,,,"FA-DE Spice, Parsley Dried /Gewürze, getrocknete Petersilie",SPI-00-139374-5,0.12,0.12,grams,,,0.98976,0.12,grams
FV4053A - Gochugaru Chicken [DKSE],REC-013455-4-003,Diced Chicken - Garlic & Herb Marinade,SUB-013453-4-001,100,grams,"BLAST CHILLER, MARINADE, OVEN",Mod Marinade #4 - Garlic and Herb,SUB-013452-4-001,4.44,grams,IMMERSION BLENDER,,,,,,,,,,,"FA-DE Spice, Black Pepper, Ground /Gewürz, schwarzer Pfeffer, gemahlen",SPI-00-139334-5,0.05,0.05,grams,,,0.98976,0.05,grams
FV4053A - Gochugaru Chicken [DKSE],REC-013455-4-003,Diced Chicken - Garlic & Herb Marinade,SUB-013453-4-001,100,grams,"BLAST CHILLER, MARINADE, OVEN",Mod Marinade #4 - Garlic and Herb,SUB-013452-4-001,4.44,grams,IMMERSION BLENDER,,,,,,,,,,,"FA-DE Spice, Sea Salt /Gewürze, Meersalz",SPI-00-139378-5,0.09,0.09,grams,,,0.98976,0.09,grams
FV4053A - Gochugaru Chicken [DKSE],REC-013455-4-003,Roasted Green Onions,SUB-023370-4-001,15,grams,"BLAST CHILLER, OVEN",,,,,,,,,,,,,,,,"FA-DE Onion, Green, Sliced 5mm /Zwiebel, grün, in Scheiben geschnitten, 5 mm",PHF-00-149803-3,17.65,17.65,grams,,,0.85,17.65,grams
FV4053A - Gochugaru Chicken [DKSE],REC-013455-4-003,Cauliflower - Chili-Garlic Cauliflower Florets,SUB-013454-4-001,135,grams,UNCATEGORIZED BOM,,,,,,,,,,,,,,,,"FA-DE Cauliflower, Florets /Blumenkohl, Röschen",PHF-00-143426-3,150.94,150.94,grams,,,0.80012,150.94,grams
FV4053A - Gochugaru Chicken [DKSE],REC-013455-4-003,Cauliflower - Chili-Garlic Cauliflower Florets,SUB-013454-4-001,135,grams,UNCATEGORIZED BOM,,,,,,,,,,,,,,,,"FA-DE Oil, Olive /Öl, Olivenöl",PRO-00-139277-5,11,11,grams,,,0.80012,11,grams
FV4053A - Gochugaru Chicken [DKSE],REC-013455-4-003,Cauliflower - Chili-Garlic Cauliflower Florets,SUB-013454-4-001,135,grams,UNCATEGORIZED BOM,,,,,,,,,,,,,,,,"FA-DE Garlic, IQF, Diced 4 mm /Knoblauch, IQF, gewürfelt 4 mm",PHF-00-139237-1,5.01,5.01,grams,SCHWEFELDIOXIDE UND SULFITE,,0.80012,5.01,grams
FV4053A - Gochugaru Chicken [DKSE],REC-013455-4-003,Cauliflower - Chili-Garlic Cauliflower Florets,SUB-013454-4-001,135,grams,UNCATEGORIZED BOM,,,,,,,,,,,,,,,,"FA-DE Spice, Sea Salt /Gewürze, Meersalz",SPI-00-139378-5,0.72,0.72,grams,,,0.80012,0.72,grams
FV4053A - Gochugaru Chicken [DKSE],REC-013455-4-003,Cauliflower - Chili-Garlic Cauliflower Florets,SUB-013454-4-001,135,grams,UNCATEGORIZED BOM,,,,,,,,,,,,,,,,"FA-DE Spice, Onion Powder, Toasted /Gewürze, Zwiebelpulver, geröstet",SPI-00-139371-5,0.35,0.35,grams,,,0.80012,0.35,grams
FV4053A - Gochugaru Chicken [DKSE],REC-013455-4-003,Cauliflower - Chili-Garlic Cauliflower Florets,SUB-013454-4-001,135,grams,UNCATEGORIZED BOM,,,,,,,,,,,,,,,,"FA-DE Spice, Black Pepper, Ground /Gewürz, schwarzer Pfeffer, gemahlen",SPI-00-139334-5,0.35,0.35,grams,,,0.80012,0.35,grams
FV4053A - Gochugaru Chicken [DKSE],REC-013455-4-003,Cauliflower - Chili-Garlic Cauliflower Florets,SUB-013454-4-001,135,grams,UNCATEGORIZED BOM,,,,,,,,,,,,,,,,"FA-DE Spice, Gochugaru Chili Pepper Flakes /Gewürz, Gochugaru-Chili-Pfefferflocken",SPI-00-139356-5,0.35,0.35,grams,,,0.80012,0.35,grams
FV4053A - Gochugaru Chicken [DKSE],REC-013455-4-003,,,,,,,,,,,,,,,,,,,,,"FA-DE Cheese, Mozzarella, Shredded /Käse, Mozzarella, gerieben",DAI-00-139125-3,15,15,grams,MILCH (EINSCHLIESSLICH LAKTOSE),,,15,grams
Fresh Spinach Kill Step,SUB-024333-4-001,,,,,,,,,,,,,,,,,,,,,"FA-DE Spinach, Fresh, Stem Off /Spinat, frisch, ohne Stiel",PHF-00-139225-3,1000,1000,grams,,,,1000,grams
Garlic Broccoli - less salt,SUB-014208-4-002,,,,,,,,,,,,,,,,,,,,,"FA-DE Spice, Sea Salt /Gewürze, Meersalz",SPI-00-139378-5,3.5,3.5,grams,,,,3.5,grams
Garlic Broccoli - less salt,SUB-014208-4-002,,,,,,,,,,,,,,,,,,,,,"FA-DE Broccoli, Florets, /Brokkoli, Röschen",PHF-00-143425-3,1170,1170,grams,,,,1170,grams
Garlic Broccoli - less salt,SUB-014208-4-002,,,,,,,,,,,,,,,,,,,,,"FA-DE Oil, Olive /Öl, Olivenöl",PRO-00-139277-5,61.3,61.3,grams,,,,61.3,grams
Garlic Broccoli - less salt,SUB-014208-4-002,Roasted Garlic (use),SUB-013367-4-001,61.4,grams,"BLAST CHILLER, BRAISER, SPICE PORTIONING",,,,,,,,,,,,,,,,"FA-DE Garlic, Peeled, Whole Cloves [10kg] /Knoblauch, geschält, ganze Nelken [10kg]",PHF-00-139197-3,61.89,61.89,grams,,,0.56691,61.89,grams
Garlic Broccoli - less salt,SUB-014208-4-002,Roasted Garlic (use),SUB-013367-4-001,61.4,grams,"BLAST CHILLER, BRAISER, SPICE PORTIONING",,,,,,,,,,,,,,,,"FA-DE Oil, Olive /Öl, Olivenöl",PRO-00-139277-5,46.42,46.42,grams,,,0.56691,46.42,grams
"Green Beans -Roasted Green Beans w/Roasted Garlic less oil, less fat",SUB-032114-4-001,,,,,,,,,,,,,,,,,,,,,"FA-DE Spice, Black Pepper, Ground /Gewürz, schwarzer Pfeffer, gemahlen",SPI-00-139334-5,1,1,grams,,,,1,grams
"Green Beans -Roasted Green Beans w/Roasted Garlic less oil, less fat",SUB-032114-4-001,,,,,,,,,,,,,,,,,,,,,"FA-DE Spice, Sea Salt /Gewürze, Meersalz",SPI-00-139378-5,5,5,grams,,,,5,grams
"Green Beans -Roasted Green Beans w/Roasted Garlic less oil, less fat",SUB-032114-4-001,Roasted Garlic (use),SUB-013367-4-001,42.52,grams,"BLAST CHILLER, BRAISER, SPICE PORTIONING",,,,,,,,,,,,,,,,"FA-DE Garlic, Peeled, Whole Cloves [10kg] /Knoblauch, geschält, ganze Nelken [10kg]",PHF-00-139197-3,42.86,42.86,grams,,,0.56691,42.86,grams
"Green Beans -Roasted Green Beans w/Roasted Garlic less oil, less fat",SUB-032114-4-001,Roasted Garlic (use),SUB-013367-4-001,42.52,grams,"BLAST CHILLER, BRAISER, SPICE PORTIONING",,,,,,,,,,,,,,,,"FA-DE Oil, Olive /Öl, Olivenöl",PRO-00-139277-5,32.14,32.14,grams,,,0.56691,32.14,grams
"Green Beans -Roasted Green Beans w/Roasted Garlic less oil, less fat",SUB-032114-4-001,,,,,,,,,,,,,,,,,,,,,"FA-DE Green Beans, Fresh and Trimmed/Grüne Bohnen, frisch und geschnitten",PHF-00-139198-3,1410,1410,grams,,,,1410,grams
"Green Beans -Roasted Green Beans w/Roasted Garlic less oil, less fat",SUB-032114-4-001,,,,,,,,,,,,,,,,,,,,,"FA-DE Oil, Olive /Öl, Olivenöl",PRO-00-139277-5,37.7,37.7,grams,,,,37.7,grams
Green Beans CUT 1-1/2 - Fresh,SUB-013484-4-001,,,,,,,,,,,,,,,,,,,,,"FA-DE Oil, Olive /Öl, Olivenöl",PRO-00-139277-5,4.67,4.67,grams,,,,4.67,grams
Green Beans CUT 1-1/2 - Fresh,SUB-013484-4-001,,,,,,,,,,,,,,,,,,,,,"FA-DE Spice, Sea Salt /Gewürze, Meersalz",SPI-00-139378-5,0.52,0.52,grams,,,,0.52,grams
Green Beans CUT 1-1/2 - Fresh,SUB-013484-4-001,,,,,,,,,,,,,,,,,,,,,"FA-DE Spice, Black Pepper, Ground /Gewürz, schwarzer Pfeffer, gemahlen",SPI-00-139334-5,0.07,0.07,grams,,,,0.07,grams
Green Beans CUT 1-1/2 - Fresh,SUB-013484-4-001,,,,,,,,,,,,,,,,,,,,,"FA-DE Spice, Garlic Granulated /Gewürz, Knoblauch granuliert",SPI-00-139353-5,0.39,0.39,grams,,,,0.39,grams
Green Beans CUT 1-1/2 - Fresh,SUB-013484-4-001,,,,,,,,,,,,,,,,,,,,,"FA-DE Green Beans, Fresh, Cut 40mm /Grüne Bohnen, frisch, geschnitten 40mm",PHF-00-139199-3,90.86,90.86,grams,,,,90.86,grams
Green Onion Steam,SUB-029845-4-001,,,,,,,,,,,,,,,,,,,,,"FA-DE Onion, Green, Sliced 5mm /Zwiebel, grün, in Scheiben geschnitten, 5 mm",PHF-00-149803-3,3000,3000,grams,,,,3000,grams
Green beans - Garlic Chili Green Beans less salt,SUB-014038-4-001,,,,,,,,,,,,,,,,,,,,,"FA-DE Onion, Green, Sliced 5mm /Zwiebel, grün, in Scheiben geschnitten, 5 mm",PHF-00-149803-3,91.29,91.29,grams,,,,91.29,grams
Green beans - Garlic Chili Green Beans less salt,SUB-014038-4-001,,,,,,,,,,,,,,,,,,,,,"FA-DE Spice, Minced Garlic, Toasted, Dry /Gewürz, gehackter Knoblauch, geröstet, trocken",SPI-00-139367-5,20.7,20.7,grams,,,,20.7,grams
Green beans - Garlic Chili Green Beans less salt,SUB-014038-4-001,,,,,,,,,,,,,,,,,,,,,"FA-DE Oil, Olive /Öl, Olivenöl",PRO-00-139277-5,690.03,690.03,grams,,,,690.03,grams
Green beans - Garlic Chili Green Beans less salt,SUB-014038-4-001,,,,,,,,,,,,,,,,,,,,,"FA-DE Green Beans, Fresh and Trimmed/Grüne Bohnen, frisch und geschnitten",PHF-00-139198-3,6580,6580,grams,,,,6580,grams
Green beans - Garlic Chili Green Beans less salt,SUB-014038-4-001,,,,,,,,,,,,,,,,,,,,,"FA-DE Spice, Gochugaru Chili Pepper Flakes /Gewürz, Gochugaru-Chili-Pfefferflocken",SPI-00-139356-5,6.24,6.24,grams,,,,6.24,grams
Green beans - Garlic Chili Green Beans less salt,SUB-014038-4-001,,,,,,,,,,,,,,,,,,,,,"FA-DE Spice, Black Pepper, Ground /Gewürz, schwarzer Pfeffer, gemahlen",SPI-00-139334-5,20.7,20.7,grams,,,,20.7,grams
Green beans - Garlic Chili Green Beans less salt,SUB-014038-4-001,,,,,,,,,,,,,,,,,,,,,"FA-DE Spice, Sea Salt /Gewürze, Meersalz",SPI-00-139378-5,17.29,17.29,grams,,,,17.29,grams
Green beans - Roasted Green Beans w/ Roasted Garlic - Less Oil,SUB-013529-4-001,,,,,,,,,,,,,,,,,,,,,"FA-DE Spice, Black Pepper, Ground /Gewürz, schwarzer Pfeffer, gemahlen",SPI-00-139334-5,1,1,grams,,,,1,grams
Green beans - Roasted Green Beans w/ Roasted Garlic - Less Oil,SUB-013529-4-001,,,,,,,,,,,,,,,,,,,,,"FA-DE Spice, Sea Salt /Gewürze, Meersalz",SPI-00-139378-5,2.84,2.84,grams,,,,2.84,grams
Green beans - Roasted Green Beans w/ Roasted Garlic - Less Oil,SUB-013529-4-001,Roasted Garlic (use),SUB-013367-4-001,42.52,grams,"BLAST CHILLER, BRAISER, SPICE PORTIONING",,,,,,,,,,,,,,,,"FA-DE Garlic, Peeled, Whole Cloves [10kg] /Knoblauch, geschält, ganze Nelken [10kg]",PHF-00-139197-3,42.86,42.86,grams,,,0.56691,42.86,grams
Green beans - Roasted Green Beans w/ Roasted Garlic - Less Oil,SUB-013529-4-001,Roasted Garlic (use),SUB-013367-4-001,42.52,grams,"BLAST CHILLER, BRAISER, SPICE PORTIONING",,,,,,,,,,,,,,,,"FA-DE Oil, Olive /Öl, Olivenöl",PRO-00-139277-5,32.14,32.14,grams,,,0.56691,32.14,grams
Green beans - Roasted Green Beans w/ Roasted Garlic - Less Oil,SUB-013529-4-001,,,,,,,,,,,,,,,,,,,,,"FA-DE Green Beans, Fresh and Trimmed/Grüne Bohnen, frisch und geschnitten",PHF-00-139198-3,1410,1410,grams,,,,1410,grams
Green beans - Roasted Green Beans w/ Roasted Garlic - Less Oil,SUB-013529-4-001,,,,,,,,,,,,,,,,,,,,,"FA-DE Oil, Olive /Öl, Olivenöl",PRO-00-139277-5,56.7,56.7,grams,,,,56.7,grams
Grilled Chicken Breast Marinade #4 - Garlic Herb (EACH),SUB-014216-4-001,Chicken Breast - BRINED 160g,SUB-013527-4-001,160,grams,BRINE,,,,,,,,,,,,,,,,"FA-DE Chicken, Breast, B/S - 160g/Hähnchen, Brust, B/S – 160 g",PTN-00-139317-3,160,160,grams,,,0.4978,160,grams
Grilled Chicken Breast Marinade #4 - Garlic Herb (EACH),SUB-014216-4-001,Chicken Breast - BRINED 160g,SUB-013527-4-001,160,grams,BRINE,,,,,,,,,,,,,,,,FA-DE Water / Wasser,OTH-00-144038-5,160,160,grams,,,0.4978,160,grams
Grilled Chicken Breast Marinade #4 - Garlic Herb (EACH),SUB-014216-4-001,Chicken Breast - BRINED 160g,SUB-013527-4-001,160,grams,BRINE,,,,,,,,,,,,,,,,"FA-DE Spice, Sea Salt /Gewürze, Meersalz",SPI-00-139378-5,1.41,1.41,grams,,,0.4978,1.41,grams
Grilled Chicken Breast Marinade #4 - Garlic Herb (EACH),SUB-014216-4-001,Mod Marinade #4 - Garlic and Herb,SUB-013452-4-001,4.5,grams,IMMERSION BLENDER,,,,,,,,,,,,,,,,"FA-DE Oil, Olive /Öl, Olivenöl",PRO-00-139277-5,2.45,2.45,grams,,,0.98976,2.45,grams
Grilled Chicken Breast Marinade #4 - Garlic Herb (EACH),SUB-014216-4-001,Mod Marinade #4 - Garlic and Herb,SUB-013452-4-001,4.5,grams,IMMERSION BLENDER,,,,,,,,,,,,,,,,"FA-DE Vinegar, Red Wine /Essig, Rotwein",PRO-00-139301-5,0.82,0.82,grams,,,0.98976,0.82,grams
Grilled Chicken Breast Marinade #4 - Garlic Herb (EACH),SUB-014216-4-001,Mod Marinade #4 - Garlic and Herb,SUB-013452-4-001,4.5,grams,IMMERSION BLENDER,,,,,,,,,,,,,,,,"FA-DE Garlic, IQF, Diced 4 mm /Knoblauch, IQF, gewürfelt 4 mm",PHF-00-139237-1,0.82,0.82,grams,SCHWEFELDIOXIDE UND SULFITE,,0.98976,0.82,grams
Grilled Chicken Breast Marinade #4 - Garlic Herb (EACH),SUB-014216-4-001,Mod Marinade #4 - Garlic and Herb,SUB-013452-4-001,4.5,grams,IMMERSION BLENDER,,,,,,,,,,,,,,,,"FA-DE Spice, Garlic Granulated /Gewürz, Knoblauch granuliert",SPI-00-139353-5,0.19,0.19,grams,,,0.98976,0.19,grams
Grilled Chicken Breast Marinade #4 - Garlic Herb (EACH),SUB-014216-4-001,Mod Marinade #4 - Garlic and Herb,SUB-013452-4-001,4.5,grams,IMMERSION BLENDER,,,,,,,,,,,,,,,,"FA-DE Spice, Parsley Dried /Gewürze, getrocknete Petersilie",SPI-00-139374-5,0.12,0.12,grams,,,0.98976,0.12,grams
Grilled Chicken Breast Marinade #4 - Garlic Herb (EACH),SUB-014216-4-001,Mod Marinade #4 - Garlic and Herb,SUB-013452-4-001,4.5,grams,IMMERSION BLENDER,,,,,,,,,,,,,,,,"FA-DE Spice, Black Pepper, Ground /Gewürz, schwarzer Pfeffer, gemahlen",SPI-00-139334-5,0.05,0.05,grams,,,0.98976,0.05,grams
Grilled Chicken Breast Marinade #4 - Garlic Herb (EACH),SUB-014216-4-001,Mod Marinade #4 - Garlic and Herb,SUB-013452-4-001,4.5,grams,IMMERSION BLENDER,,,,,,,,,,,,,,,,"FA-DE Spice, Sea Salt /Gewürze, Meersalz",SPI-00-139378-5,0.09,0.09,grams,,,0.98976,0.09,grams
Heavy Cream- Yielded,SUB-013449-4-001,,,,,,,,,,,,,,,,,,,,,FA-DE Heavy Cream 20% /Sahne 20%,DAI-00-139137-3,2100,2100,grams,MILCH (EINSCHLIESSLICH LAKTOSE),,,2100,grams
Herb Marinade for Pork Tenderloin,SUB-031651-4-001,,,,,,,,,,,,,,,,,,,,,"FA-DE Oil, Olive /Öl, Olivenöl",PRO-00-139277-5,12.73,12.73,grams,,,,12.73,grams
Herb Marinade for Pork Tenderloin,SUB-031651-4-001,,,,,,,,,,,,,,,,,,,,,"FA-DE Spice, Oregano Dry /Gewürz, Oregano trocken",SPI-00-139372-5,0.03,0.03,grams,,,,0.03,grams
Herb Marinade for Pork Tenderloin,SUB-031651-4-001,,,,,,,,,,,,,,,,,,,,,"FA-DE Spice, Garlic Granulated /Gewürz, Knoblauch granuliert",SPI-00-139353-5,0.27,0.27,grams,,,,0.27,grams
Herb Marinade for Pork Tenderloin,SUB-031651-4-001,,,,,,,,,,,,,,,,,,,,,"FA-DE Spice, Parsley Dried /Gewürze, getrocknete Petersilie",SPI-00-139374-5,0.03,0.03,grams,,,,0.03,grams
Herb Marinade for Pork Tenderloin,SUB-031651-4-001,,,,,,,,,,,,,,,,,,,,,"FA-DE Chives, Dried /Schnittlauch, getrocknet",SPI-00-139322-5,0.06,0.06,grams,,,,0.06,grams
Herb Marinade for Pork Tenderloin,SUB-031651-4-001,,,,,,,,,,,,,,,,,,,,,"FA-DE Spice, Sea Salt /Gewürze, Meersalz",SPI-00-139378-5,0.31,0.31,grams,,,,0.31,grams
Herb Marinade for Pork Tenderloin,SUB-031651-4-001,,,,,,,,,,,,,,,,,,,,,"FA-DE Spice, Onion Granulated /Gewürze, Zwiebeln granuliert",SPI-00-139370-5,0.14,0.14,grams,,,,0.14,grams
Herb Marinade for Pork Tenderloin,SUB-031651-4-001,,,,,,,,,,,,,,,,,,,,,"FA-DE Spice, Black Pepper, Ground /Gewürz, schwarzer Pfeffer, gemahlen",SPI-00-139334-5,0.21,0.21,grams,,,,0.21,grams
Hydrated Sun-Dried Tomatoes,SUB-013501-4-001,,,,,,,,,,,,,,,,,,,,,"FA-DE Tomatoes, Sun - Dried Julienned /Tomaten, sonnengetrocknete Julienne",PRO-00-139296-5,45359,45359,grams,,,,45359,grams
Hydrated Sun-Dried Tomatoes,SUB-013501-4-001,,,,,,,,,,,,,,,,,,,,,FA-DE Water / Wasser,OTH-00-144038-5,45359,45359,grams,,,,45359,grams
Italian Roasted Diced Potatoes,SUB-029885-4-001,,,,,,,,,,,,,,,,,,,,,"FA-DE Potatoes, Diced 10mm /Kartoffeln, gewürfelt, 10 mm",PHF-00-139219-3,121.99,121.99,grams,,,,121.99,grams
Italian Roasted Diced Potatoes,SUB-029885-4-001,Roasted Garlic (use),SUB-013367-4-001,5.38,grams,"BLAST CHILLER, BRAISER, SPICE PORTIONING",,,,,,,,,,,,,,,,"FA-DE Garlic, Peeled, Whole Cloves [10kg] /Knoblauch, geschält, ganze Nelken [10kg]",PHF-00-139197-3,5.42,5.42,grams,,,0.56691,5.42,grams
Italian Roasted Diced Potatoes,SUB-029885-4-001,Roasted Garlic (use),SUB-013367-4-001,5.38,grams,"BLAST CHILLER, BRAISER, SPICE PORTIONING",,,,,,,,,,,,,,,,"FA-DE Oil, Olive /Öl, Olivenöl",PRO-00-139277-5,4.07,4.07,grams,,,0.56691,4.07,grams
Italian Roasted Diced Potatoes,SUB-029885-4-001,,,,,,,,,,,,,,,,,,,,,"FA-DE Oil, Olive /Öl, Olivenöl",PRO-00-139277-5,2.72,2.72,grams,,,,2.72,grams
Italian Roasted Diced Potatoes,SUB-029885-4-001,,,,,,,,,,,,,,,,,,,,,"FA-DE Spice, Sea Salt /Gewürze, Meersalz",SPI-00-139378-5,0.62,0.62,grams,,,,0.62,grams
Italian Roasted Diced Potatoes,SUB-029885-4-001,,,,,,,,,,,,,,,,,,,,,"FA-DE Spice, Parsley Dried /Gewürze, getrocknete Petersilie",SPI-00-139374-5,0.44,0.44,grams,,,,0.44,grams
Italian Roasted Diced Potatoes,SUB-029885-4-001,,,,,,,,,,,,,,,,,,,,,"FA-DE Spice, Dried Onion Flakes /Gewürze, getrocknete Zwiebelflocken",SPI-00-139348-5,0.61,0.61,grams,,,,0.61,grams
Italian Roasted Diced Potatoes,SUB-029885-4-001,,,,,,,,,,,,,,,,,,,,,"FA-DE Spice, Oregano Dry /Gewürz, Oregano trocken",SPI-00-139372-5,0.17,0.17,grams,,,,0.17,grams
Jalapeno Roasted Zucchini,SUB-013881-4-001,,,,,,,,,,,,,,,,,,,,,"FA-DE Spice, Sea Salt /Gewürze, Meersalz",SPI-00-139378-5,0.55,0.55,grams,,,,0.55,grams
Jalapeno Roasted Zucchini,SUB-013881-4-001,Roasted Garlic oil,SUB-013367-4-002,1.55,grams,"BLAST CHILLER, OVEN",,,,,,,,,,,,,,,,"FA-DE Garlic, Peeled, Whole Cloves [10kg] /Knoblauch, geschält, ganze Nelken [10kg]",PHF-00-139197-3,2.13,2.13,grams,,,0.415,2.13,grams
Jalapeno Roasted Zucchini,SUB-013881-4-001,Roasted Garlic oil,SUB-013367-4-002,1.55,grams,"BLAST CHILLER, OVEN",,,,,,,,,,,,,,,,"FA-DE Oil, Olive /Öl, Olivenöl",PRO-00-139277-5,1.6,1.6,grams,,,0.415,1.6,grams
Jalapeno Roasted Zucchini,SUB-013881-4-001,,,,,,,,,,,,,,,,,,,,,"FA-DE Spice, Cumin Ground /Gewürz, gemahlener Kreuzkümmel",SPI-00-139345-5,0.17,0.17,grams,,,,0.17,grams
Jalapeno Roasted Zucchini,SUB-013881-4-001,,,,,,,,,,,,,,,,,,,,,"FA-DE Zucchini, Diced 10mm /Zucchini, gewürfelt 10 mm",PHF-00-139229-3,75.8,75.8,grams,,,,75.8,grams
Jalapeno Roasted Zucchini,SUB-013881-4-001,,,,,,,,,,,,,,,,,,,,,"FA-DE Spice, Jalapeno Powder /Gewürz, Jalapeno-Pulver",SPI-00-139360-5,0.21,0.21,grams,,,,0.21,grams
Keto Jalapeno - Cilantro Ground beef,SUB-013882-4-001,,,,,,,,,,,,,,,,,,,,,"FA-DE Bell Peppers, Green, Diced 10mm /Paprika, grün, gewürfelt 10 mm",PHF-00-139176-3,170.1,170.1,grams,,,,170.1,grams
Keto Jalapeno - Cilantro Ground beef,SUB-013882-4-001,,,,,,,,,,,,,,,,,,,,,"FA-DE Coriander, Chopped /Koriander, gehackt",PHF-00-139192-3,56.7,56.7,grams,,,,56.7,grams
Keto Jalapeno - Cilantro Ground beef,SUB-013882-4-001,,,,,,,,,,,,,,,,,,,,,"FA-DE Oil, Olive /Öl, Olivenöl",PRO-00-139277-5,28.35,28.35,grams,,,,28.35,grams
Keto Jalapeno - Cilantro Ground beef,SUB-013882-4-001,,,,,,,,,,,,,,,,,,,,,"FA-DE Spice, Jalapeno Powder /Gewürz, Jalapeno-Pulver",SPI-00-139360-5,2.83,2.83,grams,,,,2.83,grams
Keto Jalapeno - Cilantro Ground beef,SUB-013882-4-001,,,,,,,,,,,,,,,,,,,,,"FA-DE Spice, Cumin Ground /Gewürz, gemahlener Kreuzkümmel",SPI-00-139345-5,14.74,14.74,grams,,,,14.74,grams
Keto Jalapeno - Cilantro Ground beef,SUB-013882-4-001,,,,,,,,,,,,,,,,,,,,,"FA-DE Spice, Crushed Red Pepper Flakes /Gewürz, zerkleinerte rote Pfefferflocken",SPI-00-139344-5,0.5,0.5,grams,,,,0.5,grams
Keto Jalapeno - Cilantro Ground beef,SUB-013882-4-001,,,,,,,,,,,,,,,,,,,,,"FA-DE Jalapeno Peppers, Diced 5mm /Jalapeno-Paprikaschoten, gewürfelt, 5 mm",PHF-00-139201-3,113.4,113.4,grams,,,,113.4,grams
Keto Jalapeno - Cilantro Ground beef,SUB-013882-4-001,,,,,,,,,,,,,,,,,,,,,"FA-DE Beef, Ground, 80/20 /Rindfleisch, gemahlen, 80/20",PTN-00-139319-3,1700,1700,grams,,,,1700,grams
Keto Jalapeno - Cilantro Ground beef,SUB-013882-4-001,,,,,,,,,,,,,,,,,,,,,"FA-DE Spice, Garlic Granulated /Gewürz, Knoblauch granuliert",SPI-00-139353-5,14.17,14.17,grams,,,,14.17,grams
Keto Jalapeno - Cilantro Ground beef,SUB-013882-4-001,,,,,,,,,,,,,,,,,,,,,"FA-DE Spice, Sea Salt /Gewürze, Meersalz",SPI-00-139378-5,14.21,14.21,grams,,,,14.21,grams
Keto Jalapeno - Cilantro Ground beef,SUB-013882-4-001,,,,,,,,,,,,,,,,,,,,,"FA-DE Spice, Oregano Dry /Gewürz, Oregano trocken",SPI-00-139372-5,0.2,0.2,grams,,,,0.2,grams
Keto Jalapeno - Cilantro Ground beef,SUB-013882-4-001,,,,,,,,,,,,,,,,,,,,,"FA-DE Spice, Onion Granulated /Gewürze, Zwiebeln granuliert",SPI-00-139370-5,14.17,14.17,grams,,,,14.17,grams
Lebanese Green Beans Batch,SUB-030311-4-001,,,,,,,,,,,,,,,,,,,,,"FA-DE Oil, Olive /Öl, Olivenöl",PRO-00-139277-5,3.22,3.22,grams,,,,3.22,grams
Lebanese Green Beans Batch,SUB-030311-4-001,,,,,,,,,,,,,,,,,,,,,"FA-DE Onion, Red, Diced 5mm /Zwiebeln, rot, gewürfelt 5 mm",PHF-00-139213-3,6.44,6.44,grams,,,,6.44,grams
Lebanese Green Beans Batch,SUB-030311-4-001,,,,,,,,,,,,,,,,,,,,,"FA-DE Garlic, IQF, Diced 4 mm /Knoblauch, IQF, gewürfelt 4 mm",PHF-00-139237-1,3.22,3.22,grams,SCHWEFELDIOXIDE UND SULFITE,,,3.22,grams
Lebanese Green Beans Batch,SUB-030311-4-001,,,,,,,,,,,,,,,,,,,,,"FA-DE Tomatoes, Crushed /Tomaten, zerkleinert",PRO-00-139294-5,19.33,19.33,grams,,,,19.33,grams
Lebanese Green Beans Batch,SUB-030311-4-001,,,,,,,,,,,,,,,,,,,,,"FA-DE Spice, Cumin Ground /Gewürz, gemahlener Kreuzkümmel",SPI-00-139345-5,0.62,0.62,grams,,,,0.62,grams
Lebanese Green Beans Batch,SUB-030311-4-001,,,,,,,,,,,,,,,,,,,,,"FA-DE Spice, Cinnamon Ground /Gewürz, gemahlener Zimt",SPI-00-139341-5,0.15,0.15,grams,,,,0.15,grams
Lebanese Green Beans Batch,SUB-030311-4-001,,,,,,,,,,,,,,,,,,,,,"FA-DE Spice, Sea Salt /Gewürze, Meersalz",SPI-00-139378-5,0.31,0.31,grams,,,,0.31,grams
Lebanese Green Beans Batch,SUB-030311-4-001,Steamed Green Beans,SUB-030310-4-001,43.61,grams,UNCATEGORIZED BOM,,,,,,,,,,,,,,,,"FA-DE Green Beans, Fresh, Cut 40mm /Grüne Bohnen, frisch, geschnitten 40mm",PHF-00-139199-3,56.85,56.85,grams,,,0.75022,56.85,grams
Lebanese Green Beans Batch,SUB-030311-4-001,Steamed Green Beans,SUB-030310-4-001,43.61,grams,UNCATEGORIZED BOM,,,,,,,,,,,,,,,,"FA-DE Oil, Olive /Öl, Olivenöl",PRO-00-139277-5,1.14,1.14,grams,,,0.75022,1.14,grams
Lebanese Green Beans Batch,SUB-030311-4-001,Steamed Green Beans,SUB-030310-4-001,43.61,grams,UNCATEGORIZED BOM,,,,,,,,,,,,,,,,"FA-DE Spice, Sea Salt /Gewürze, Meersalz",SPI-00-139378-5,0.14,0.14,grams,,,0.75022,0.14,grams
Lemon Dill Yogurt,SUB-029910-4-001,,,,,,,,,,,,,,,,,,,,,"FA-DE Yogurt, Greek, Plain /Joghurt, Griechisch, Natur",DAI-00-139161-3,8.59,8.59,grams,MILCH (EINSCHLIESSLICH LAKTOSE),,,8.59,grams
Lemon Dill Yogurt,SUB-029910-4-001,,,,,,,,,,,,,,,,,,,,,FA-DE Sour Cream /Sauerrahm,DAI-00-139141-3,13.96,13.96,grams,MILCH (EINSCHLIESSLICH LAKTOSE),,,13.96,grams
Lemon Dill Yogurt,SUB-029910-4-001,,,,,,,,,,,,,,,,,,,,,"FA-DE Spice, Lemon Powder /Gewürz, Zitronenpulver",SPI-00-139362-5,0.01,0.01,grams,,,,0.01,grams
Lemon Dill Yogurt,SUB-029910-4-001,Roasted Garlic (use),SUB-013367-4-001,1.61,grams,"BLAST CHILLER, BRAISER, SPICE PORTIONING",,,,,,,,,,,,,,,,"FA-DE Garlic, Peeled, Whole Cloves [10kg] /Knoblauch, geschält, ganze Nelken [10kg]",PHF-00-139197-3,1.62,1.62,grams,,,0.56691,1.62,grams
Lemon Dill Yogurt,SUB-029910-4-001,Roasted Garlic (use),SUB-013367-4-001,1.61,grams,"BLAST CHILLER, BRAISER, SPICE PORTIONING",,,,,,,,,,,,,,,,"FA-DE Oil, Olive /Öl, Olivenöl",PRO-00-139277-5,1.22,1.22,grams,,,0.56691,1.22,grams
Lemon Dill Yogurt,SUB-029910-4-001,,,,,,,,,,,,,,,,,,,,,"FA-DE Spice, Black Pepper, Ground /Gewürz, schwarzer Pfeffer, gemahlen",SPI-00-139334-5,0.09,0.09,grams,,,,0.09,grams
Lemon Dill Yogurt,SUB-029910-4-001,,,,,,,,,,,,,,,,,,,,,"FA-DE Milk, Whole /Milch, voll",DAI-00-139142-3,6.98,6.98,grams,MILCH (EINSCHLIESSLICH LAKTOSE),,,6.98,grams
Lemon Dill Yogurt,SUB-029910-4-001,,,,,,,,,,,,,,,,,,,,,"FA-DE Juice, Lemon /Saft, Zitrone",PRO-00-139265-5,1.29,1.29,grams,,,,1.29,grams
Lemon Dill Yogurt,SUB-029910-4-001,Picked Dill Leaves,SUB-029918-4-001,0.56,grams,"DEBOX, STAGING",,,,,,,,,,,,,,,,"FA-DE Dill, Fresh/Dill, frisch",PHF-00-139200-3,1.12,0.56,grams,,,1.0,0.56,grams
Mash - Bell pepper cauliflower mash - rice,SUB-013884-4-001,,,,,,,,,,,,,,,,,,,,,"FA-DE Butter, Unsalted /Butter, ungesalzen",DAI-00-139146-3,11.01,11.01,grams,MILCH (EINSCHLIESSLICH LAKTOSE),,,11.01,grams
Mash - Bell pepper cauliflower mash - rice,SUB-013884-4-001,,,,,,,,,,,,,,,,,,,,,"FA-DE Cheese, White Cheddar, Shredded /Käse, weißer Cheddar, gerieben",DAI-00-139135-3,5.5,5.5,grams,MILCH (EINSCHLIESSLICH LAKTOSE),,,5.5,grams
Mash - Bell pepper cauliflower mash - rice,SUB-013884-4-001,,,,,,,,,,,,,,,,,,,,,"FA-DE Cheese, Cream 22% Fat /Käse, Sahne 22% Fett",DAI-00-139128-3,13.76,13.76,grams,MILCH (EINSCHLIESSLICH LAKTOSE),,,13.76,grams
Mash - Bell pepper cauliflower mash - rice,SUB-013884-4-001,,,,,,,,,,,,,,,,,,,,,"FA-DE Cheese, Parmesan, Grated /Käse, Parmesan, gerieben",DAI-00-139127-3,2.75,2.75,grams,MILCH (EINSCHLIESSLICH LAKTOSE),,,2.75,grams
Mash - Bell pepper cauliflower mash - rice,SUB-013884-4-001,Roasted Green Peppers - 10mm Diced,SUB-013734-4-002,9.93,grams,"BLAST CHILLER, OVEN",,,,,,,,,,,,,,,,"FA-DE Onion, Green, Sliced 5mm /Zwiebel, grün, in Scheiben geschnitten, 5 mm",PHF-00-149803-3,5.19,5.19,grams,,,0.52971,5.19,grams
Mash - Bell pepper cauliflower mash - rice,SUB-013884-4-001,Roasted Green Peppers - 10mm Diced,SUB-013734-4-002,9.93,grams,"BLAST CHILLER, OVEN",,,,,,,,,,,,,,,,"FA-DE Bell Peppers, Green, Diced 10mm /Paprika, grün, gewürfelt 10 mm",PHF-00-139176-3,12.99,12.99,grams,,,0.52971,12.99,grams
Mash - Bell pepper cauliflower mash - rice,SUB-013884-4-001,Roasted Green Peppers - 10mm Diced,SUB-013734-4-002,9.93,grams,"BLAST CHILLER, OVEN",,,,,,,,,,,,,,,,"FA-DE Spice, Sea Salt /Gewürze, Meersalz",SPI-00-139378-5,0.57,0.57,grams,,,0.52971,0.57,grams
Mash - Bell pepper cauliflower mash - rice,SUB-013884-4-001,Steamed Cauliflower Rice,SUB-029075-4-001,68.81,grams,OVEN,,,,,,,,,,,,,,,,"FA-DE Cauliflower, Riced, IQF /Blumenkohl, Reis, IQF",PHF-00-139233-1,72.46,72.46,grams,,,0.94962,72.46,grams
Mash - Creamy Sweet Potato Puree (more salt),SUB-014156-4-001,,,,,,,,,,,,,,,,,,,,,"FA-DE Potatoes, Sweet, Diced 10mm /Kartoffeln, süß, gewürfelt 10 mm",PHF-00-139221-3,748.43,748.43,grams,,,,748.43,grams
Mash - Creamy Sweet Potato Puree (more salt),SUB-014156-4-001,,,,,,,,,,,,,,,,,,,,,"FA-DE Cheese, Cream, 13% Fat (Milk) /Käse, Sahne, 13% Fett",DAI-00-139122-3,42.24,42.24,grams,MILCH (EINSCHLIESSLICH LAKTOSE),,,42.24,grams
Mash - Creamy Sweet Potato Puree (more salt),SUB-014156-4-001,,,,,,,,,,,,,,,,,,,,,"FA-DE Milk, Semi-Skimmed /Milch, teilentrahmt",DAI-00-139139-3,103.19,103.19,grams,MILCH (EINSCHLIESSLICH LAKTOSE),,,103.19,grams
Mash - Creamy Sweet Potato Puree (more salt),SUB-014156-4-001,,,,,,,,,,,,,,,,,,,,,"FA-DE Spice, Sage, Rubbed /Gewürz, Salbei, gerieben",SPI-00-139377-5,0.28,0.28,grams,,,,0.28,grams
Mash - Creamy Sweet Potato Puree (more salt),SUB-014156-4-001,,,,,,,,,,,,,,,,,,,,,"FA-DE Spice, Sea Salt /Gewürze, Meersalz",SPI-00-139378-5,5.1,5.1,grams,,,,5.1,grams
Mash - Garlic Spinach Stamppot with sundried tomatoes,SUB-013988-4-001,Mash - Horseradish Shredded Beef Mashed Potatoes - Less Salt,SUB-032239-4-001,695,grams,UNCATEGORIZED BOM,,,,,,,,,,,,,,,,"FA-DE Spice, Garlic Granulated /Gewürz, Knoblauch granuliert",SPI-00-139353-5,0.87,0.87,grams,,,0.90577,0.87,grams
Mash - Garlic Spinach Stamppot with sundried tomatoes,SUB-013988-4-001,Mash - Horseradish Shredded Beef Mashed Potatoes - Less Salt,SUB-032239-4-001,695,grams,UNCATEGORIZED BOM,Steamed Potato Batch,SUB-013509-4-001,676.4,grams,"BLAST CHILLER, OVEN",,,,,,,,,,,"FA-DE Potatoes, Diced 10mm /Kartoffeln, gewürfelt, 10 mm",PHF-00-139219-3,690.2,690.2,grams,,,0.98,690.2,grams
Mash - Garlic Spinach Stamppot with sundried tomatoes,SUB-013988-4-001,Mash - Horseradish Shredded Beef Mashed Potatoes - Less Salt,SUB-032239-4-001,695,grams,UNCATEGORIZED BOM,,,,,,,,,,,,,,,,"FA-DE Butter, Unsalted /Butter, ungesalzen",DAI-00-139146-3,34.48,34.48,grams,MILCH (EINSCHLIESSLICH LAKTOSE),,0.90577,34.48,grams
Mash - Garlic Spinach Stamppot with sundried tomatoes,SUB-013988-4-001,Mash - Horseradish Shredded Beef Mashed Potatoes - Less Salt,SUB-032239-4-001,695,grams,UNCATEGORIZED BOM,,,,,,,,,,,,,,,,"FA-DE Spice, Sea Salt /Gewürze, Meersalz",SPI-00-139378-5,3.75,3.75,grams,,,0.90577,3.75,grams
Mash - Garlic Spinach Stamppot with sundried tomatoes,SUB-013988-4-001,Mash - Horseradish Shredded Beef Mashed Potatoes - Less Salt,SUB-032239-4-001,695,grams,UNCATEGORIZED BOM,,,,,,,,,,,,,,,,"FA-DE Milk, Whole /Milch, voll",DAI-00-139142-3,50.93,50.93,grams,MILCH (EINSCHLIESSLICH LAKTOSE),,0.90577,50.93,grams
Mash - Garlic Spinach Stamppot with sundried tomatoes,SUB-013988-4-001,Mash - Horseradish Shredded Beef Mashed Potatoes - Less Salt,SUB-032239-4-001,695,grams,UNCATEGORIZED BOM,,,,,,,,,,,,,,,,"FA-DE Spice, Onion Granulated /Gewürze, Zwiebeln granuliert",SPI-00-139370-5,0.87,0.87,grams,,,0.90577,0.87,grams
Mash - Garlic Spinach Stamppot with sundried tomatoes,SUB-013988-4-001,Fresh Spinach Kill Step,SUB-024333-4-001,150,grams,"BLAST CHILLER, OVEN",,,,,,,,,,,,,,,,"FA-DE Spinach, Fresh, Stem Off /Spinat, frisch, ohne Stiel",PHF-00-139225-3,166.67,166.67,grams,,,0.9,166.67,grams
Mash - Garlic Spinach Stamppot with sundried tomatoes,SUB-013988-4-001,Hydrated Sun-Dried Tomatoes,SUB-013501-4-001,55.86,grams,BRAISER,,,,,,,,,,,,,,,,"FA-DE Tomatoes, Sun - Dried Julienned /Tomaten, sonnengetrocknete Julienne",PRO-00-139296-5,31.03,31.03,grams,,,0.90001,31.03,grams
Mash - Garlic Spinach Stamppot with sundried tomatoes,SUB-013988-4-001,Hydrated Sun-Dried Tomatoes,SUB-013501-4-001,55.86,grams,BRAISER,,,,,,,,,,,,,,,,FA-DE Water / Wasser,OTH-00-144038-5,31.03,31.03,grams,,,0.90001,31.03,grams
Mash - Horseradish Shredded Beef Mashed Potatoes - Less Salt,SUB-032239-4-001,,,,,,,,,,,,,,,,,,,,,"FA-DE Spice, Garlic Granulated /Gewürz, Knoblauch granuliert",SPI-00-139353-5,0.17,0.17,grams,,,,0.17,grams
Mash - Horseradish Shredded Beef Mashed Potatoes - Less Salt,SUB-032239-4-001,Steamed Potato Batch,SUB-013509-4-001,131.62,grams,"BLAST CHILLER, OVEN",,,,,,,,,,,,,,,,"FA-DE Potatoes, Diced 10mm /Kartoffeln, gewürfelt, 10 mm",PHF-00-139219-3,134.31,134.31,grams,,,0.98,134.31,grams
Mash - Horseradish Shredded Beef Mashed Potatoes - Less Salt,SUB-032239-4-001,,,,,,,,,,,,,,,,,,,,,"FA-DE Butter, Unsalted /Butter, ungesalzen",DAI-00-139146-3,6.71,6.71,grams,MILCH (EINSCHLIESSLICH LAKTOSE),,,6.71,grams
Mash - Horseradish Shredded Beef Mashed Potatoes - Less Salt,SUB-032239-4-001,,,,,,,,,,,,,,,,,,,,,"FA-DE Spice, Sea Salt /Gewürze, Meersalz",SPI-00-139378-5,0.73,0.73,grams,,,,0.73,grams
Mash - Horseradish Shredded Beef Mashed Potatoes - Less Salt,SUB-032239-4-001,,,,,,,,,,,,,,,,,,,,,"FA-DE Milk, Whole /Milch, voll",DAI-00-139142-3,9.91,9.91,grams,MILCH (EINSCHLIESSLICH LAKTOSE),,,9.91,grams
Mash - Horseradish Shredded Beef Mashed Potatoes - Less Salt,SUB-032239-4-001,,,,,,,,,,,,,,,,,,,,,"FA-DE Spice, Onion Granulated /Gewürze, Zwiebeln granuliert",SPI-00-139370-5,0.17,0.17,grams,,,,0.17,grams
Mixed veg - Black Bean Veg for Enchilada Bowl,SUB-013915-4-001,,,,,,,,,,,,,,,,,,,,,"FA-DE Oil, Olive /Öl, Olivenöl",PRO-00-139277-5,24.95,24.95,grams,,,,24.95,grams
Mixed veg - Black Bean Veg for Enchilada Bowl,SUB-013915-4-001,,,,,,,,,,,,,,,,,,,,,"FA-DE Spice, Sea Salt /Gewürze, Meersalz",SPI-00-139378-5,2.27,2.27,grams,,,,2.27,grams
Mixed veg - Black Bean Veg for Enchilada Bowl,SUB-013915-4-001,,,,,,,,,,,,,,,,,,,,,"FA-DE Beans, Black, Low Sodium, Aseptic /Bohnen, schwarz, natriumarm, aseptisch",PRO-00-139255-5,667.43,467.2,grams,,,,467.2,grams
Mixed veg - Black Bean Veg for Enchilada Bowl,SUB-013915-4-001,,,,,,,,,,,,,,,,,,,,,"FA-DE Bell Peppers, Red, Diced 10mm /Paprika, rot, gewürfelt 10 mm",PHF-00-139179-3,49.9,49.9,grams,,,,49.9,grams
Mixed veg - Black Bean Veg for Enchilada Bowl,SUB-013915-4-001,,,,,,,,,,,,,,,,,,,,,"FA-DE Spice, Chili Powder /Gewürz, Chilipulver",SPI-00-139340-5,2.27,2.27,grams,,,,2.27,grams
Mixed veg - Black Bean Veg for Enchilada Bowl,SUB-013915-4-001,,,,,,,,,,,,,,,,,,,,,"FA-DE Garlic, IQF, Diced 4 mm /Knoblauch, IQF, gewürfelt 4 mm",PHF-00-139237-1,23.25,23.25,grams,SCHWEFELDIOXIDE UND SULFITE,,,23.25,grams
Mixed veg - Black Bean Veg for Enchilada Bowl,SUB-013915-4-001,,,,,,,,,,,,,,,,,,,,,"FA-DE Bell Peppers, Green, Diced 10mm /Paprika, grün, gewürfelt 10 mm",PHF-00-139176-3,98,98,grams,,,,98,grams
Mixed veg - Black Bean Veg for Enchilada Bowl,SUB-013915-4-001,,,,,,,,,,,,,,,,,,,,,"FA-DE Spice, Cumin Ground /Gewürz, gemahlener Kreuzkümmel",SPI-00-139345-5,3.12,3.12,grams,,,,3.12,grams
Mixed veg - Black Bean Veg for Enchilada Bowl,SUB-013915-4-001,,,,,,,,,,,,,,,,,,,,,"FA-DE Onion, Spanish, Diced 5mm /Zwiebel, Spanisch, gewürfelt 5 mm",PHF-00-139212-3,77.96,77.96,grams,,,,77.96,grams
Mixed veg - Roasted Vegetable BATCH 25% less oil [PENDING CULINARY REVIEW],SUB-014154-4-001,,,,,,,,,,,,,,,,,,,,,"FA-DE Zucchini, Diced 10mm /Zucchini, gewürfelt 10 mm",PHF-00-139229-3,55.28,55.28,grams,,,,55.28,grams
Mixed veg - Roasted Vegetable BATCH 25% less oil [PENDING CULINARY REVIEW],SUB-014154-4-001,,,,,,,,,,,,,,,,,,,,,"FA-DE Garlic, IQF, Diced 4 mm /Knoblauch, IQF, gewürfelt 4 mm",PHF-00-139237-1,0.85,0.85,grams,SCHWEFELDIOXIDE UND SULFITE,,,0.85,grams
Mixed veg - Roasted Vegetable BATCH 25% less oil [PENDING CULINARY REVIEW],SUB-014154-4-001,,,,,,,,,,,,,,,,,,,,,"FA-DE Spice, Parsley Dried /Gewürze, getrocknete Petersilie",SPI-00-139374-5,0.28,0.28,grams,,,,0.28,grams
Mixed veg - Roasted Vegetable BATCH 25% less oil [PENDING CULINARY REVIEW],SUB-014154-4-001,,,,,,,,,,,,,,,,,,,,,"FA-DE Spice, Onion Granulated /Gewürze, Zwiebeln granuliert",SPI-00-139370-5,0.28,0.28,grams,,,,0.28,grams
Mixed veg - Roasted Vegetable BATCH 25% less oil [PENDING CULINARY REVIEW],SUB-014154-4-001,,,,,,,,,,,,,,,,,,,,,"FA-DE Oil, Olive /Öl, Olivenöl",PRO-00-139277-5,2.27,2.27,grams,,,,2.27,grams
Mixed veg - Roasted Vegetable BATCH 25% less oil [PENDING CULINARY REVIEW],SUB-014154-4-001,,,,,,,,,,,,,,,,,,,,,"FA-DE Bell Peppers, Red, Diced 10mm /Paprika, rot, gewürfelt 10 mm",PHF-00-139179-3,24.66,24.66,grams,,,,24.66,grams
Mixed veg - Roasted Vegetable BATCH 25% less oil [PENDING CULINARY REVIEW],SUB-014154-4-001,,,,,,,,,,,,,,,,,,,,,"FA-DE Spice, Sea Salt /Gewürze, Meersalz",SPI-00-139378-5,0.5,0.5,grams,,,,0.5,grams
Mixed veg - Roasted Vegetable BATCH 25% less oil [PENDING CULINARY REVIEW],SUB-014154-4-001,,,,,,,,,,,,,,,,,,,,,"FA-DE Juice, Lemon /Saft, Zitrone",PRO-00-139265-5,0.83,0.83,grams,,,,0.83,grams
Mixed veg - Roasted Vegetable BATCH 25% less oil [PENDING CULINARY REVIEW],SUB-014154-4-001,,,,,,,,,,,,,,,,,,,,,"FA-DE Spice, White Pepper /Gewürz, weißer Pfeffer",SPI-00-139387-5,0.12,0.12,grams,,,,0.12,grams
Mixed veg - Roasted Vegetable BATCH 25% less oil [PENDING CULINARY REVIEW],SUB-014154-4-001,,,,,,,,,,,,,,,,,,,,,"FA-DE Spice, Tomato Powder /Gewürz, Tomatenpulver",SPI-00-139325-5,0.53,0.53,grams,,,,0.53,grams
Mixed veg - Roasted Zucchini & Corn,SUB-013917-4-001,,,,,,,,,,,,,,,,,,,,,"FA-DE Zucchini, Diced 10mm /Zucchini, gewürfelt 10 mm",PHF-00-139229-3,480.81,480.81,grams,,,,480.81,grams
Mixed veg - Roasted Zucchini & Corn,SUB-013917-4-001,,,,,,,,,,,,,,,,,,,,,"FA-DE Oil, Olive /Öl, Olivenöl",PRO-00-139277-5,35.44,35.44,grams,,,,35.44,grams
Mixed veg - Roasted Zucchini & Corn,SUB-013917-4-001,,,,,,,,,,,,,,,,,,,,,"FA-DE Garlic, IQF, Diced 4 mm /Knoblauch, IQF, gewürfelt 4 mm",PHF-00-139237-1,45.64,45.64,grams,SCHWEFELDIOXIDE UND SULFITE,,,45.64,grams
Mixed veg - Roasted Zucchini & Corn,SUB-013917-4-001,,,,,,,,,,,,,,,,,,,,,"FA-DE Onion, Green, Sliced 5mm /Zwiebel, grün, in Scheiben geschnitten, 5 mm",PHF-00-149803-3,44.23,44.23,grams,,,,44.23,grams
Mixed veg - Roasted Zucchini & Corn,SUB-013917-4-001,,,,,,,,,,,,,,,,,,,,,"FA-DE Spice, Coriander Ground /Gewürz, gemahlener Koriander",SPI-00-139386-5,1.13,1.13,grams,,,,1.13,grams
Mixed veg - Roasted Zucchini & Corn,SUB-013917-4-001,,,,,,,,,,,,,,,,,,,,,"FA-DE Spice, Chili Powder /Gewürz, Chilipulver",SPI-00-139340-5,4.54,4.54,grams,,,,4.54,grams
Mixed veg - Roasted Zucchini & Corn,SUB-013917-4-001,,,,,,,,,,,,,,,,,,,,,"FA-DE Sweetcorn Supersweet Kernels, IQF /Zuckermais-Supersüßkörner, IQF",PHF-00-139236-1,278.39,278.39,grams,,,,278.39,grams
Mixed veg - Roasted Zucchini & Corn,SUB-013917-4-001,,,,,,,,,,,,,,,,,,,,,"FA-DE Spice, Black Pepper, Ground /Gewürz, schwarzer Pfeffer, gemahlen",SPI-00-139334-5,1.13,1.13,grams,,,,1.13,grams
Mixed veg - Roasted Zucchini & Corn,SUB-013917-4-001,,,,,,,,,,,,,,,,,,,,,"FA-DE Spice, Onion Granulated /Gewürze, Zwiebeln granuliert",SPI-00-139370-5,1.42,1.42,grams,,,,1.42,grams
Mixed veg - Roasted Zucchini & Corn,SUB-013917-4-001,,,,,,,,,,,,,,,,,,,,,"FA-DE Spice, Garlic Granulated /Gewürz, Knoblauch granuliert",SPI-00-139353-5,3.97,3.97,grams,,,,3.97,grams
Mixed veg - Roasted Zucchini & Corn,SUB-013917-4-001,,,,,,,,,,,,,,,,,,,,,"FA-DE Juice, Lime /Saft, Limette",PRO-00-139268-5,1.5,1.5,grams,,,,1.5,grams
Mixed veg - Summer Zucchini Roast,SUB-013418-4-001,,,,,,,,,,,,,,,,,,,,,"FA-DE Oil, Olive /Öl, Olivenöl",PRO-00-139277-5,1.7,1.7,grams,,,,1.7,grams
Mixed veg - Summer Zucchini Roast,SUB-013418-4-001,,,,,,,,,,,,,,,,,,,,,"FA-DE Sweetcorn Supersweet Kernels, IQF /Zuckermais-Supersüßkörner, IQF",PHF-00-139236-1,18.71,18.71,grams,,,,18.71,grams
Mixed veg - Summer Zucchini Roast,SUB-013418-4-001,,,,,,,,,,,,,,,,,,,,,"FA-DE Garlic, IQF, Diced 4 mm /Knoblauch, IQF, gewürfelt 4 mm",PHF-00-139237-1,1.98,1.98,grams,SCHWEFELDIOXIDE UND SULFITE,,,1.98,grams
Mixed veg - Summer Zucchini Roast,SUB-013418-4-001,,,,,,,,,,,,,,,,,,,,,"FA-DE Spice, Sea Salt /Gewürze, Meersalz",SPI-00-139378-5,0.28,0.28,grams,,,,0.28,grams
Mixed veg - Summer Zucchini Roast,SUB-013418-4-001,,,,,,,,,,,,,,,,,,,,,"FA-DE Zucchini, Diced 10mm /Zucchini, gewürfelt 10 mm",PHF-00-139229-3,49.9,49.9,grams,,,,49.9,grams
Mixed veg - Summer Zucchini Roast,SUB-013418-4-001,,,,,,,,,,,,,,,,,,,,,"FA-DE Spice, Onion Powder, Toasted /Gewürze, Zwiebelpulver, geröstet",SPI-00-139371-5,0.28,0.28,grams,,,,0.28,grams
Mixed veg - Summer Zucchini Roast,SUB-013418-4-001,,,,,,,,,,,,,,,,,,,,,"FA-DE Tomatoes, Diced 10mm /Tomaten, gewürfelt, 10 mm",PHF-00-139239-3,25.23,25.23,grams,,,,25.23,grams
Mixed veg - Summer Zucchini Roast,SUB-013418-4-001,,,,,,,,,,,,,,,,,,,,,"FA-DE Spice, Garlic Granulated /Gewürz, Knoblauch granuliert",SPI-00-139353-5,0.28,0.28,grams,,,,0.28,grams
Mixed veg - Summer Zucchini Roast,SUB-013418-4-001,,,,,,,,,,,,,,,,,,,,,"FA-DE Onion, Spanish, Diced 10mm /Zwiebel, Spanisch, gewürfelt 10 mm",PHF-00-139209-3,4.25,4.25,grams,,,,4.25,grams
Mixed veg - Summer Zucchini Roast,SUB-013418-4-001,,,,,,,,,,,,,,,,,,,,,"FA-DE Bell Peppers, Red, Diced 10mm /Paprika, rot, gewürfelt 10 mm",PHF-00-139179-3,2.55,2.55,grams,,,,2.55,grams
Mixed veg - Summer Zucchini Roast,SUB-013418-4-001,,,,,,,,,,,,,,,,,,,,,"FA-DE Parsley, Chopped /Petersilie, gehackt",PHF-00-139215-3,0.28,0.28,grams,,,,0.28,grams
Mod Marinade #4 - Garlic and Herb,SUB-013452-4-001,,,,,,,,,,,,,,,,,,,,,"FA-DE Oil, Olive /Öl, Olivenöl",PRO-00-139277-5,29.48,29.48,grams,,,,29.48,grams
Mod Marinade #4 - Garlic and Herb,SUB-013452-4-001,,,,,,,,,,,,,,,,,,,,,"FA-DE Vinegar, Red Wine /Essig, Rotwein",PRO-00-139301-5,9.92,9.92,grams,,,,9.92,grams
Mod Marinade #4 - Garlic and Herb,SUB-013452-4-001,,,,,,,,,,,,,,,,,,,,,"FA-DE Garlic, IQF, Diced 4 mm /Knoblauch, IQF, gewürfelt 4 mm",PHF-00-139237-1,9.92,9.92,grams,SCHWEFELDIOXIDE UND SULFITE,,,9.92,grams
Mod Marinade #4 - Garlic and Herb,SUB-013452-4-001,,,,,,,,,,,,,,,,,,,,,"FA-DE Spice, Garlic Granulated /Gewürz, Knoblauch granuliert",SPI-00-139353-5,2.27,2.27,grams,,,,2.27,grams
Mod Marinade #4 - Garlic and Herb,SUB-013452-4-001,,,,,,,,,,,,,,,,,,,,,"FA-DE Spice, Parsley Dried /Gewürze, getrocknete Petersilie",SPI-00-139374-5,1.42,1.42,grams,,,,1.42,grams
Mod Marinade #4 - Garlic and Herb,SUB-013452-4-001,,,,,,,,,,,,,,,,,,,,,"FA-DE Spice, Black Pepper, Ground /Gewürz, schwarzer Pfeffer, gemahlen",SPI-00-139334-5,0.57,0.57,grams,,,,0.57,grams
Mod Marinade #4 - Garlic and Herb,SUB-013452-4-001,,,,,,,,,,,,,,,,,,,,,"FA-DE Spice, Sea Salt /Gewürze, Meersalz",SPI-00-139378-5,1.13,1.13,grams,,,,1.13,grams
Moroccan  Chicken Thighs,SUB-030396-4-001,Chicken Thighs - BRINED,SUB-013532-4-001,130.09,grams,UNCATEGORIZED BOM,,,,,,,,,,,,,,,,"FA-DE Chicken, Thighs, Boneless Skinless /Hähnchen, Oberschenkel, ohne Knochen und ohne Haut",PTN-00-139343-3,130.09,130.09,grams,,,0.4978,130.09,grams
Moroccan  Chicken Thighs,SUB-030396-4-001,Chicken Thighs - BRINED,SUB-013532-4-001,130.09,grams,UNCATEGORIZED BOM,,,,,,,,,,,,,,,,FA-DE Water / Wasser,OTH-00-144038-5,130.09,130.09,grams,,,0.4978,130.09,grams
Moroccan  Chicken Thighs,SUB-030396-4-001,Chicken Thighs - BRINED,SUB-013532-4-001,130.09,grams,UNCATEGORIZED BOM,,,,,,,,,,,,,,,,"FA-DE Spice, Sea Salt /Gewürze, Meersalz",SPI-00-139378-5,1.15,1.15,grams,,,0.4978,1.15,grams
Moroccan  Chicken Thighs,SUB-030396-4-001,Moroccan Chicken Marinade,SUB-030307-4-001,4.73,grams,IMMERSION BLENDER,,,,,,,,,,,,,,,,"FA-DE Oil, Olive /Öl, Olivenöl",PRO-00-139277-5,1.62,1.62,grams,,,1.0,1.62,grams
Moroccan  Chicken Thighs,SUB-030396-4-001,Moroccan Chicken Marinade,SUB-030307-4-001,4.73,grams,IMMERSION BLENDER,,,,,,,,,,,,,,,,"FA-DE Yogurt, Greek, Plain /Joghurt, Griechisch, Natur",DAI-00-139161-3,1.62,1.62,grams,MILCH (EINSCHLIESSLICH LAKTOSE),,1.0,1.62,grams
Moroccan  Chicken Thighs,SUB-030396-4-001,Moroccan Chicken Marinade,SUB-030307-4-001,4.73,grams,IMMERSION BLENDER,,,,,,,,,,,,,,,,"FA-DE Spice, Smoked Paprika /Gewürz, geräucherter Paprika",SPI-00-139383-5,0.15,0.15,grams,,,1.0,0.15,grams
Moroccan  Chicken Thighs,SUB-030396-4-001,Moroccan Chicken Marinade,SUB-030307-4-001,4.73,grams,IMMERSION BLENDER,,,,,,,,,,,,,,,,"FA-DE Spice, Cumin Seed /Gewürz, Kreuzkümmel",SPI-00-139346-5,0.17,0.17,grams,,,1.0,0.17,grams
Moroccan  Chicken Thighs,SUB-030396-4-001,Moroccan Chicken Marinade,SUB-030307-4-001,4.73,grams,IMMERSION BLENDER,,,,,,,,,,,,,,,,"FA-DE Spice, Sea Salt /Gewürze, Meersalz",SPI-00-139378-5,0.1,0.1,grams,,,1.0,0.1,grams
Moroccan  Chicken Thighs,SUB-030396-4-001,Moroccan Chicken Marinade,SUB-030307-4-001,4.73,grams,IMMERSION BLENDER,,,,,,,,,,,,,,,,"FA-DE Spice, Onion Powder, Toasted /Gewürze, Zwiebelpulver, geröstet",SPI-00-139371-5,0.04,0.04,grams,,,1.0,0.04,grams
Moroccan  Chicken Thighs,SUB-030396-4-001,Moroccan Chicken Marinade,SUB-030307-4-001,4.73,grams,IMMERSION BLENDER,,,,,,,,,,,,,,,,"FA-DE Spice, Ginger Ground /Gewürze, gemahlener Ingwer",SPI-00-139355-5,0.02,0.02,grams,,,1.0,0.02,grams
Moroccan  Chicken Thighs,SUB-030396-4-001,Moroccan Chicken Marinade,SUB-030307-4-001,4.73,grams,IMMERSION BLENDER,,,,,,,,,,,,,,,,"FA-DE Spice, Harissa Powder /Gewürz, Harissa-Pulver",SPI-00-139323-5,0.17,0.17,grams,,,1.0,0.17,grams
Moroccan  Chicken Thighs,SUB-030396-4-001,Moroccan Chicken Marinade,SUB-030307-4-001,4.73,grams,IMMERSION BLENDER,,,,,,,,,,,,,,,,"FA-DE Spice, Turmeric /Gewürz, Kurkuma",SPI-00-139384-5,0.02,0.02,grams,,,1.0,0.02,grams
Moroccan  Chicken Thighs,SUB-030396-4-001,Moroccan Chicken Marinade,SUB-030307-4-001,4.73,grams,IMMERSION BLENDER,,,,,,,,,,,,,,,,"FA-DE Parsley, Chopped /Petersilie, gehackt",PHF-00-139215-3,0.4,0.4,grams,,,1.0,0.4,grams
Moroccan  Chicken Thighs,SUB-030396-4-001,Moroccan Chicken Marinade,SUB-030307-4-001,4.73,grams,IMMERSION BLENDER,,,,,,,,,,,,,,,,"FA-DE Coriander, Chopped /Koriander, gehackt",PHF-00-139192-3,0.4,0.4,grams,,,1.0,0.4,grams
Moroccan  Chicken Thighs,SUB-030396-4-001,Moroccan Chicken Marinade,SUB-030307-4-001,4.73,grams,IMMERSION BLENDER,,,,,,,,,,,,,,,,"FA-DE Zest, Lemon/Gewürz, Zitronenschale",PHF-00-139247-3,0.02,0.02,grams,,,1.0,0.02,grams
Moroccan  cherry tomato sauce,SUB-030308-4-001,,,,,,,,,,,,,,,,,,,,,"FA-DE Oil, Olive /Öl, Olivenöl",PRO-00-139277-5,2.18,2.18,grams,,,,2.18,grams
Moroccan  cherry tomato sauce,SUB-030308-4-001,,,,,,,,,,,,,,,,,,,,,"FA-DE Onion, Spanish, Diced 5mm /Zwiebel, Spanisch, gewürfelt 5 mm",PHF-00-139212-3,8.71,8.71,grams,,,,8.71,grams
Moroccan  cherry tomato sauce,SUB-030308-4-001,,,,,,,,,,,,,,,,,,,,,"FA-DE Garlic, IQF, Diced 4 mm /Knoblauch, IQF, gewürfelt 4 mm",PHF-00-139237-1,4.36,4.36,grams,SCHWEFELDIOXIDE UND SULFITE,,,4.36,grams
Moroccan  cherry tomato sauce,SUB-030308-4-001,,,,,,,,,,,,,,,,,,,,,"FA-DE Jalapeno Peppers, Diced 5mm /Jalapeno-Paprikaschoten, gewürfelt, 5 mm",PHF-00-139201-3,2.18,2.18,grams,,,,2.18,grams
Moroccan  cherry tomato sauce,SUB-030308-4-001,,,,,,,,,,,,,,,,,,,,,"FA-DE Spice, Turmeric /Gewürz, Kurkuma",SPI-00-139384-5,0.04,0.04,grams,,,,0.04,grams
Moroccan  cherry tomato sauce,SUB-030308-4-001,,,,,,,,,,,,,,,,,,,,,"FA-DE Spice, Cumin Ground /Gewürz, gemahlener Kreuzkümmel",SPI-00-139345-5,0.22,0.22,grams,,,,0.22,grams
Moroccan  cherry tomato sauce,SUB-030308-4-001,,,,,,,,,,,,,,,,,,,,,"FA-DE Spice, Smoked Paprika /Gewürz, geräucherter Paprika",SPI-00-139383-5,0.22,0.22,grams,,,,0.22,grams
Moroccan  cherry tomato sauce,SUB-030308-4-001,,,,,,,,,,,,,,,,,,,,,"FA-DE Spice, Harissa Powder /Gewürz, Harissa-Pulver",SPI-00-139323-5,0.44,0.44,grams,,,,0.44,grams
Moroccan  cherry tomato sauce,SUB-030308-4-001,Concentrated Tomatoes- Diluted (90/10) (primo gusto/old california),SUB-013421-4-001,13.07,grams,"DEBOX, STAGING",,,,,,,,,,,,,,,,"FA-DE Tomatoes, Concentrated Crushed /Tomaten, konzentriert, zerkleinert",PRO-00-139293-5,11.76,11.76,grams,,,1.0,11.76,grams
Moroccan  cherry tomato sauce,SUB-030308-4-001,Concentrated Tomatoes- Diluted (90/10) (primo gusto/old california),SUB-013421-4-001,13.07,grams,"DEBOX, STAGING",,,,,,,,,,,,,,,,FA-DE Water / Wasser,OTH-00-144038-5,1.31,1.31,grams,,,1.0,1.31,grams
Moroccan  cherry tomato sauce,SUB-030308-4-001,,,,,,,,,,,,,,,,,,,,,"FA-DE Tomatoes, Cherry/Tomaten, Kirsche",PHF-00-139190-3,8.71,8.71,grams,,,,8.71,grams
Moroccan  cherry tomato sauce,SUB-030308-4-001,,,,,,,,,,,,,,,,,,,,,FA-DE Water / Wasser,OTH-00-144038-5,18.3,18.3,grams,,,,18.3,grams
Moroccan  cherry tomato sauce,SUB-030308-4-001,,,,,,,,,,,,,,,,,,,,,"FA-DE Coriander, Chopped /Koriander, gehackt",PHF-00-139192-3,0.94,0.94,grams,,,,0.94,grams
Moroccan  cherry tomato sauce,SUB-030308-4-001,,,,,,,,,,,,,,,,,,,,,"FA-DE Spice, Sea Salt /Gewürze, Meersalz",SPI-00-139378-5,0.47,0.47,grams,,,,0.47,grams
Moroccan Chicken Marinade,SUB-030307-4-001,,,,,,,,,,,,,,,,,,,,,"FA-DE Oil, Olive /Öl, Olivenöl",PRO-00-139277-5,1.61,1.61,grams,,,,1.61,grams
Moroccan Chicken Marinade,SUB-030307-4-001,,,,,,,,,,,,,,,,,,,,,"FA-DE Yogurt, Greek, Plain /Joghurt, Griechisch, Natur",DAI-00-139161-3,1.61,1.61,grams,MILCH (EINSCHLIESSLICH LAKTOSE),,,1.61,grams
Moroccan Chicken Marinade,SUB-030307-4-001,,,,,,,,,,,,,,,,,,,,,"FA-DE Spice, Smoked Paprika /Gewürz, geräucherter Paprika",SPI-00-139383-5,0.15,0.15,grams,,,,0.15,grams
Moroccan Chicken Marinade,SUB-030307-4-001,,,,,,,,,,,,,,,,,,,,,"FA-DE Spice, Cumin Seed /Gewürz, Kreuzkümmel",SPI-00-139346-5,0.17,0.17,grams,,,,0.17,grams
Moroccan Chicken Marinade,SUB-030307-4-001,,,,,,,,,,,,,,,,,,,,,"FA-DE Spice, Sea Salt /Gewürze, Meersalz",SPI-00-139378-5,0.1,0.1,grams,,,,0.1,grams
Moroccan Chicken Marinade,SUB-030307-4-001,,,,,,,,,,,,,,,,,,,,,"FA-DE Spice, Onion Powder, Toasted /Gewürze, Zwiebelpulver, geröstet",SPI-00-139371-5,0.04,0.04,grams,,,,0.04,grams
Moroccan Chicken Marinade,SUB-030307-4-001,,,,,,,,,,,,,,,,,,,,,"FA-DE Spice, Ginger Ground /Gewürze, gemahlener Ingwer",SPI-00-139355-5,0.02,0.02,grams,,,,0.02,grams
Moroccan Chicken Marinade,SUB-030307-4-001,,,,,,,,,,,,,,,,,,,,,"FA-DE Spice, Harissa Powder /Gewürz, Harissa-Pulver",SPI-00-139323-5,0.17,0.17,grams,,,,0.17,grams
Moroccan Chicken Marinade,SUB-030307-4-001,,,,,,,,,,,,,,,,,,,,,"FA-DE Spice, Turmeric /Gewürz, Kurkuma",SPI-00-139384-5,0.02,0.02,grams,,,,0.02,grams
Moroccan Chicken Marinade,SUB-030307-4-001,,,,,,,,,,,,,,,,,,,,,"FA-DE Parsley, Chopped /Petersilie, gehackt",PHF-00-139215-3,0.4,0.4,grams,,,,0.4,grams
Moroccan Chicken Marinade,SUB-030307-4-001,,,,,,,,,,,,,,,,,,,,,"FA-DE Coriander, Chopped /Koriander, gehackt",PHF-00-139192-3,0.4,0.4,grams,,,,0.4,grams
Moroccan Chicken Marinade,SUB-030307-4-001,,,,,,,,,,,,,,,,,,,,,"FA-DE Zest, Lemon/Gewürz, Zitronenschale",PHF-00-139247-3,0.02,0.02,grams,,,,0.02,grams
Moroccan Salmon Batch,SUB-029902-4-001,Moroccan Salmon Marinade,SUB-029903-4-001,9.92,grams,IMMERSION BLENDER,,,,,,,,,,,,,,,,"FA-DE Oil, Olive /Öl, Olivenöl",PRO-00-139277-5,3.3,3.3,grams,,,0.99899,3.3,grams
Moroccan Salmon Batch,SUB-029902-4-001,Moroccan Salmon Marinade,SUB-029903-4-001,9.92,grams,IMMERSION BLENDER,,,,,,,,,,,,,,,,"FA-DE Yogurt, Greek, Plain /Joghurt, Griechisch, Natur",DAI-00-139161-3,3.3,3.3,grams,MILCH (EINSCHLIESSLICH LAKTOSE),,0.99899,3.3,grams
Moroccan Salmon Batch,SUB-029902-4-001,Moroccan Salmon Marinade,SUB-029903-4-001,9.92,grams,IMMERSION BLENDER,,,,,,,,,,,,,,,,"FA-DE Spice, Smoked Paprika /Gewürz, geräucherter Paprika",SPI-00-139383-5,0.31,0.31,grams,,,0.99899,0.31,grams
Moroccan Salmon Batch,SUB-029902-4-001,Moroccan Salmon Marinade,SUB-029903-4-001,9.92,grams,IMMERSION BLENDER,,,,,,,,,,,,,,,,"FA-DE Spice, Cumin Ground /Gewürz, gemahlener Kreuzkümmel",SPI-00-139345-5,0.36,0.36,grams,,,0.99899,0.36,grams
Moroccan Salmon Batch,SUB-029902-4-001,Moroccan Salmon Marinade,SUB-029903-4-001,9.92,grams,IMMERSION BLENDER,,,,,,,,,,,,,,,,"FA-DE Spice, Sea Salt /Gewürze, Meersalz",SPI-00-139378-5,0.41,0.41,grams,,,0.99899,0.41,grams
Moroccan Salmon Batch,SUB-029902-4-001,Moroccan Salmon Marinade,SUB-029903-4-001,9.92,grams,IMMERSION BLENDER,,,,,,,,,,,,,,,,"FA-DE Spice, Onion Powder, Toasted /Gewürze, Zwiebelpulver, geröstet",SPI-00-139371-5,0.08,0.08,grams,,,0.99899,0.08,grams
Moroccan Salmon Batch,SUB-029902-4-001,Moroccan Salmon Marinade,SUB-029903-4-001,9.92,grams,IMMERSION BLENDER,,,,,,,,,,,,,,,,"FA-DE Spice, Ginger Ground /Gewürze, gemahlener Ingwer",SPI-00-139355-5,0.05,0.05,grams,,,0.99899,0.05,grams
Moroccan Salmon Batch,SUB-029902-4-001,Moroccan Salmon Marinade,SUB-029903-4-001,9.92,grams,IMMERSION BLENDER,,,,,,,,,,,,,,,,"FA-DE Spice, Harissa Powder /Gewürz, Harissa-Pulver",SPI-00-139323-5,0.36,0.36,grams,,,0.99899,0.36,grams
Moroccan Salmon Batch,SUB-029902-4-001,Moroccan Salmon Marinade,SUB-029903-4-001,9.92,grams,IMMERSION BLENDER,,,,,,,,,,,,,,,,"FA-DE Spice, Turmeric /Gewürz, Kurkuma",SPI-00-139384-5,0.05,0.05,grams,,,0.99899,0.05,grams
Moroccan Salmon Batch,SUB-029902-4-001,Moroccan Salmon Marinade,SUB-029903-4-001,9.92,grams,IMMERSION BLENDER,,,,,,,,,,,,,,,,"FA-DE Parsley, Chopped /Petersilie, gehackt",PHF-00-139215-3,0.83,0.83,grams,,,0.99899,0.83,grams
Moroccan Salmon Batch,SUB-029902-4-001,Moroccan Salmon Marinade,SUB-029903-4-001,9.92,grams,IMMERSION BLENDER,,,,,,,,,,,,,,,,"FA-DE Coriander, Chopped /Koriander, gehackt",PHF-00-139192-3,0.83,0.83,grams,,,0.99899,0.83,grams
Moroccan Salmon Batch,SUB-029902-4-001,Moroccan Salmon Marinade,SUB-029903-4-001,9.92,grams,IMMERSION BLENDER,,,,,,,,,,,,,,,,"FA-DE Zest, Lemon/Gewürz, Zitronenschale",PHF-00-139247-3,0.05,0.05,grams,,,0.99899,0.05,grams
Moroccan Salmon Batch,SUB-029902-4-001,,,,,,,,,,,,,,,,,,,,,"FA-DE Salmon, Skinless, Boneless, Filet/Lachs, ohne Haut, ohne Knochen, Filet - IQF",PTN-00-139968-1,140,140,grams,FISCH,,,140,grams
Moroccan Salmon Batch,SUB-029902-4-001,,,,,,,,,,,,,,,,,,,,,"FA-DE Spice, Sea Salt /Gewürze, Meersalz",SPI-00-139378-5,0.28,0.28,grams,,,,0.28,grams
Moroccan Salmon Marinade,SUB-029903-4-001,,,,,,,,,,,,,,,,,,,,,"FA-DE Oil, Olive /Öl, Olivenöl",PRO-00-139277-5,3.3,3.3,grams,,,,3.3,grams
Moroccan Salmon Marinade,SUB-029903-4-001,,,,,,,,,,,,,,,,,,,,,"FA-DE Yogurt, Greek, Plain /Joghurt, Griechisch, Natur",DAI-00-139161-3,3.3,3.3,grams,MILCH (EINSCHLIESSLICH LAKTOSE),,,3.3,grams
Moroccan Salmon Marinade,SUB-029903-4-001,,,,,,,,,,,,,,,,,,,,,"FA-DE Spice, Smoked Paprika /Gewürz, geräucherter Paprika",SPI-00-139383-5,0.31,0.31,grams,,,,0.31,grams
Moroccan Salmon Marinade,SUB-029903-4-001,,,,,,,,,,,,,,,,,,,,,"FA-DE Spice, Cumin Ground /Gewürz, gemahlener Kreuzkümmel",SPI-00-139345-5,0.36,0.36,grams,,,,0.36,grams
Moroccan Salmon Marinade,SUB-029903-4-001,,,,,,,,,,,,,,,,,,,,,"FA-DE Spice, Sea Salt /Gewürze, Meersalz",SPI-00-139378-5,0.41,0.41,grams,,,,0.41,grams
Moroccan Salmon Marinade,SUB-029903-4-001,,,,,,,,,,,,,,,,,,,,,"FA-DE Spice, Onion Powder, Toasted /Gewürze, Zwiebelpulver, geröstet",SPI-00-139371-5,0.08,0.08,grams,,,,0.08,grams
Moroccan Salmon Marinade,SUB-029903-4-001,,,,,,,,,,,,,,,,,,,,,"FA-DE Spice, Ginger Ground /Gewürze, gemahlener Ingwer",SPI-00-139355-5,0.05,0.05,grams,,,,0.05,grams
Moroccan Salmon Marinade,SUB-029903-4-001,,,,,,,,,,,,,,,,,,,,,"FA-DE Spice, Harissa Powder /Gewürz, Harissa-Pulver",SPI-00-139323-5,0.36,0.36,grams,,,,0.36,grams
Moroccan Salmon Marinade,SUB-029903-4-001,,,,,,,,,,,,,,,,,,,,,"FA-DE Spice, Turmeric /Gewürz, Kurkuma",SPI-00-139384-5,0.05,0.05,grams,,,,0.05,grams
Moroccan Salmon Marinade,SUB-029903-4-001,,,,,,,,,,,,,,,,,,,,,"FA-DE Parsley, Chopped /Petersilie, gehackt",PHF-00-139215-3,0.83,0.83,grams,,,,0.83,grams
Moroccan Salmon Marinade,SUB-029903-4-001,,,,,,,,,,,,,,,,,,,,,"FA-DE Coriander, Chopped /Koriander, gehackt",PHF-00-139192-3,0.83,0.83,grams,,,,0.83,grams
Moroccan Salmon Marinade,SUB-029903-4-001,,,,,,,,,,,,,,,,,,,,,"FA-DE Zest, Lemon/Gewürz, Zitronenschale",PHF-00-139247-3,0.05,0.05,grams,,,,0.05,grams
Mozzarella + Parsley Mix,SUB-013419-4-001,,,,,,,,,,,,,,,,,,,,,"FA-DE Parsley, Chopped /Petersilie, gehackt",PHF-00-139215-3,1.7,1.7,grams,,,,1.7,grams
Mozzarella + Parsley Mix,SUB-013419-4-001,,,,,,,,,,,,,,,,,,,,,"FA-DE Cheese, Mozzarella, Shredded /Käse, Mozzarella, gerieben",DAI-00-139125-3,23.81,23.81,grams,MILCH (EINSCHLIESSLICH LAKTOSE),,,23.81,grams
Picked Dill Leaves,SUB-029918-4-001,,,,,,,,,,,,,,,,,,,,,"FA-DE Dill, Fresh/Dill, frisch",PHF-00-139200-3,1.12,0.56,grams,,,,0.56,grams
Pinenuts - roasted [PENDING CULINARY REVIEW],SUB-013663-4-001,,,,,,,,,,,,,,,,,,,,,FA-DE Pine Nuts /Pinienkerne,SPI-00-139162-5,71440,71440,grams,,,,71440,grams
Pork Tenderloin - BRINED,SUB-013360-4-001,,,,,,,,,,,,,,,,,,,,,"FA-DE Spice, Sea Salt /Gewürze, Meersalz",SPI-00-139378-5,15.03,15.03,grams,,,,15.03,grams
Pork Tenderloin - BRINED,SUB-013360-4-001,,,,,,,,,,,,,,,,,,,,,FA-DE Water / Wasser,OTH-00-144038-5,1700,1700,grams,,,,1700,grams
Pork Tenderloin - BRINED,SUB-013360-4-001,,,,,,,,,,,,,,,,,,,,,"FA-DE Pork, Tenderloin /Schweinefleisch, Filet",PTN-00-139310-3,1700,1700,grams,,,,1700,grams
Pork Tenderloin - HERB BRINED,SUB-013465-4-001,,,,,,,,,,,,,,,,,,,,,FA-DE Water / Wasser,OTH-00-144038-5,6800,6800,grams,,,,6800,grams
Pork Tenderloin - HERB BRINED,SUB-013465-4-001,,,,,,,,,,,,,,,,,,,,,"FA-DE Spice, Thyme Dry /Gewürz, Thymian trocken",SPI-00-139385-5,11.34,11.34,grams,,,,11.34,grams
Pork Tenderloin - HERB BRINED,SUB-013465-4-001,,,,,,,,,,,,,,,,,,,,,"FA-DE Pork, Tenderloin /Schweinefleisch, Filet",PTN-00-139310-3,6800,6800,grams,,,,6800,grams
Pork Tenderloin - HERB BRINED,SUB-013465-4-001,,,,,,,,,,,,,,,,,,,,,"FA-DE Spice, Sage, Rubbed /Gewürz, Salbei, gerieben",SPI-00-139377-5,11.34,11.34,grams,,,,11.34,grams
Pork Tenderloin - HERB BRINED,SUB-013465-4-001,,,,,,,,,,,,,,,,,,,,,"FA-DE Spice, Sea Salt /Gewürze, Meersalz",SPI-00-139378-5,60.1,60.1,grams,,,,60.1,grams
Pork Tenderloin - HERB BRINED,SUB-013465-4-001,,,,,,,,,,,,,,,,,,,,,FA-DE Dried Rosemary/Rosmarin getrocknet,SPI-00-143552-5,11.34,11.34,grams,,,,11.34,grams
Pork tenderloin - herb marinade,SUB-013466-4-001,Pork Tenderloin - HERB BRINED,SUB-013465-4-001,170,grams,BRINE,,,,,,,,,,,,,,,,FA-DE Water / Wasser,OTH-00-144038-5,170,170,grams,,,0.49656,170,grams
Pork tenderloin - herb marinade,SUB-013466-4-001,Pork Tenderloin - HERB BRINED,SUB-013465-4-001,170,grams,BRINE,,,,,,,,,,,,,,,,"FA-DE Spice, Thyme Dry /Gewürz, Thymian trocken",SPI-00-139385-5,0.28,0.28,grams,,,0.49656,0.28,grams
Pork tenderloin - herb marinade,SUB-013466-4-001,Pork Tenderloin - HERB BRINED,SUB-013465-4-001,170,grams,BRINE,,,,,,,,,,,,,,,,"FA-DE Pork, Tenderloin /Schweinefleisch, Filet",PTN-00-139310-3,170,170,grams,,,0.49656,170,grams
Pork tenderloin - herb marinade,SUB-013466-4-001,Pork Tenderloin - HERB BRINED,SUB-013465-4-001,170,grams,BRINE,,,,,,,,,,,,,,,,"FA-DE Spice, Sage, Rubbed /Gewürz, Salbei, gerieben",SPI-00-139377-5,0.28,0.28,grams,,,0.49656,0.28,grams
Pork tenderloin - herb marinade,SUB-013466-4-001,Pork Tenderloin - HERB BRINED,SUB-013465-4-001,170,grams,BRINE,,,,,,,,,,,,,,,,"FA-DE Spice, Sea Salt /Gewürze, Meersalz",SPI-00-139378-5,1.5,1.5,grams,,,0.49656,1.5,grams
Pork tenderloin - herb marinade,SUB-013466-4-001,Pork Tenderloin - HERB BRINED,SUB-013465-4-001,170,grams,BRINE,,,,,,,,,,,,,,,,FA-DE Dried Rosemary/Rosmarin getrocknet,SPI-00-143552-5,0.28,0.28,grams,,,0.49656,0.28,grams
Pork tenderloin - herb marinade,SUB-013466-4-001,Herb Marinade for Pork Tenderloin,SUB-031651-4-001,12,grams,UNCATEGORIZED BOM,,,,,,,,,,,,,,,,"FA-DE Oil, Olive /Öl, Olivenöl",PRO-00-139277-5,11.1,11.1,grams,,,0.99855,11.1,grams
Pork tenderloin - herb marinade,SUB-013466-4-001,Herb Marinade for Pork Tenderloin,SUB-031651-4-001,12,grams,UNCATEGORIZED BOM,,,,,,,,,,,,,,,,"FA-DE Spice, Oregano Dry /Gewürz, Oregano trocken",SPI-00-139372-5,0.03,0.03,grams,,,0.99855,0.03,grams
Pork tenderloin - herb marinade,SUB-013466-4-001,Herb Marinade for Pork Tenderloin,SUB-031651-4-001,12,grams,UNCATEGORIZED BOM,,,,,,,,,,,,,,,,"FA-DE Spice, Garlic Granulated /Gewürz, Knoblauch granuliert",SPI-00-139353-5,0.24,0.24,grams,,,0.99855,0.24,grams
Pork tenderloin - herb marinade,SUB-013466-4-001,Herb Marinade for Pork Tenderloin,SUB-031651-4-001,12,grams,UNCATEGORIZED BOM,,,,,,,,,,,,,,,,"FA-DE Spice, Parsley Dried /Gewürze, getrocknete Petersilie",SPI-00-139374-5,0.03,0.03,grams,,,0.99855,0.03,grams
Pork tenderloin - herb marinade,SUB-013466-4-001,Herb Marinade for Pork Tenderloin,SUB-031651-4-001,12,grams,UNCATEGORIZED BOM,,,,,,,,,,,,,,,,"FA-DE Chives, Dried /Schnittlauch, getrocknet",SPI-00-139322-5,0.05,0.05,grams,,,0.99855,0.05,grams
Pork tenderloin - herb marinade,SUB-013466-4-001,Herb Marinade for Pork Tenderloin,SUB-031651-4-001,12,grams,UNCATEGORIZED BOM,,,,,,,,,,,,,,,,"FA-DE Spice, Sea Salt /Gewürze, Meersalz",SPI-00-139378-5,0.27,0.27,grams,,,0.99855,0.27,grams
Pork tenderloin - herb marinade,SUB-013466-4-001,Herb Marinade for Pork Tenderloin,SUB-031651-4-001,12,grams,UNCATEGORIZED BOM,,,,,,,,,,,,,,,,"FA-DE Spice, Onion Granulated /Gewürze, Zwiebeln granuliert",SPI-00-139370-5,0.12,0.12,grams,,,0.99855,0.12,grams
Pork tenderloin - herb marinade,SUB-013466-4-001,Herb Marinade for Pork Tenderloin,SUB-031651-4-001,12,grams,UNCATEGORIZED BOM,,,,,,,,,,,,,,,,"FA-DE Spice, Black Pepper, Ground /Gewürz, schwarzer Pfeffer, gemahlen",SPI-00-139334-5,0.18,0.18,grams,,,0.99855,0.18,grams
Portobello - CBRSC Roasted Portobello's,SUB-013717-4-001,Roasted Garlic (use),SUB-013367-4-001,28.35,grams,"BLAST CHILLER, BRAISER, SPICE PORTIONING",,,,,,,,,,,,,,,,"FA-DE Garlic, Peeled, Whole Cloves [10kg] /Knoblauch, geschält, ganze Nelken [10kg]",PHF-00-139197-3,28.58,28.58,grams,,,0.56691,28.58,grams
Portobello - CBRSC Roasted Portobello's,SUB-013717-4-001,Roasted Garlic (use),SUB-013367-4-001,28.35,grams,"BLAST CHILLER, BRAISER, SPICE PORTIONING",,,,,,,,,,,,,,,,"FA-DE Oil, Olive /Öl, Olivenöl",PRO-00-139277-5,21.43,21.43,grams,,,0.56691,21.43,grams
Portobello - CBRSC Roasted Portobello's,SUB-013717-4-001,,,,,,,,,,,,,,,,,,,,,"FA-DE Thyme, IQF /Thymian, IQF",PHF-00-139244-1,5.67,5.67,grams,,,,5.67,grams
Portobello - CBRSC Roasted Portobello's,SUB-013717-4-001,,,,,,,,,,,,,,,,,,,,,"FA-DE Spice, Sea Salt /Gewürze, Meersalz",SPI-00-139378-5,7.09,7.09,grams,,,,7.09,grams
Portobello - CBRSC Roasted Portobello's,SUB-013717-4-001,,,,,,,,,,,,,,,,,,,,,"FA-DE Spice, Black Pepper, Ground /Gewürz, schwarzer Pfeffer, gemahlen",SPI-00-139334-5,5.67,5.67,grams,,,,5.67,grams
Portobello - CBRSC Roasted Portobello's,SUB-013717-4-001,,,,,,,,,,,,,,,,,,,,,"FA-DE Oil, Olive /Öl, Olivenöl",PRO-00-139277-5,113.4,113.4,grams,,,,113.4,grams
Portobello - CBRSC Roasted Portobello's,SUB-013717-4-001,,,,,,,,,,,,,,,,,,,,,"FA-DE Mushroom, Portobello, Sliced, Washed /Pilze, Portobello, in Scheiben geschnitten, gewaschen",PHF-00-139207-3,1470,1470,grams,,,,1470,grams
Rice - Cooked Rice for Enchilada Bowl,SUB-013912-4-001,,,,,,,,,,,,,,,,,,,,,"FA-DE Spice, Cumin Ground /Gewürz, gemahlener Kreuzkümmel",SPI-00-139345-5,1.62,1.62,grams,,,,1.62,grams
Rice - Cooked Rice for Enchilada Bowl,SUB-013912-4-001,,,,,,,,,,,,,,,,,,,,,FA-DE Water / Wasser,OTH-00-144038-5,425.31,425.31,grams,,,,425.31,grams
Rice - Cooked Rice for Enchilada Bowl,SUB-013912-4-001,,,,,,,,,,,,,,,,,,,,,"FA-DE Rice, Basmati, Brown /Reis, Basmati, braun",DRY-00-139168-5,181.41,181.41,grams,,,,181.41,grams
Rice - Cooked Rice for Enchilada Bowl,SUB-013912-4-001,,,,,,,,,,,,,,,,,,,,,"FA-DE Spice, Garlic Powder, Toasted /Gewürz, Knoblauchpulver, geröstet",SPI-00-139354-5,0.93,0.93,grams,,,,0.93,grams
Rice - Cooked Rice for Enchilada Bowl,SUB-013912-4-001,,,,,,,,,,,,,,,,,,,,,"FA-DE Spice, Paprika /Gewürze, Paprika",SPI-00-139373-5,0.93,0.93,grams,,,,0.93,grams
Rice - Cooked Rice for Enchilada Bowl,SUB-013912-4-001,,,,,,,,,,,,,,,,,,,,,"FA-DE Stock Concentrate, Mirepoix /Stammkonzentrat, Mirepoix",PRO-00-139287-5,80.29,80.29,grams,SELLERIE,,,80.29,grams
Rice - Cooked Rice for Enchilada Bowl,SUB-013912-4-001,,,,,,,,,,,,,,,,,,,,,"FA-DE Spice, Sea Salt /Gewürze, Meersalz",SPI-00-139378-5,0.69,0.69,grams,,,,0.69,grams
Rice - Cooked Rice for Enchilada Bowl,SUB-013912-4-001,,,,,,,,,,,,,,,,,,,,,"FA-DE Tomatoes, Concentrated Crushed /Tomaten, konzentriert, zerkleinert",PRO-00-139293-5,115.13,115.13,grams,,,,115.13,grams
Rice - Enchilada Bowl Rice,SUB-013914-4-001,Cooked Red Onions + Garlic,SUB-013687-4-001,115.38,grams,"BLAST CHILLER, OVEN",,,,,,,,,,,,,,,,"FA-DE Oil, Olive /Öl, Olivenöl",PRO-00-139277-5,13.44,13.44,grams,,,0.81104,13.44,grams
Rice - Enchilada Bowl Rice,SUB-013914-4-001,Cooked Red Onions + Garlic,SUB-013687-4-001,115.38,grams,"BLAST CHILLER, OVEN",,,,,,,,,,,,,,,,"FA-DE Onion, Red, Diced 5mm /Zwiebeln, rot, gewürfelt 5 mm",PHF-00-139213-3,101.94,101.94,grams,,,0.81104,101.94,grams
Rice - Enchilada Bowl Rice,SUB-013914-4-001,Cooked Red Onions + Garlic,SUB-013687-4-001,115.38,grams,"BLAST CHILLER, OVEN",,,,,,,,,,,,,,,,"FA-DE Garlic, IQF, Diced 4 mm /Knoblauch, IQF, gewürfelt 4 mm",PHF-00-139237-1,26.88,26.88,grams,SCHWEFELDIOXIDE UND SULFITE,,0.81104,26.88,grams
Rice - Enchilada Bowl Rice,SUB-013914-4-001,Rice - Cooked Rice for Enchilada Bowl,SUB-013912-4-001,692.29,grams,"BLAST CHILLER, OVEN",,,,,,,,,,,,,,,,"FA-DE Spice, Cumin Ground /Gewürz, gemahlener Kreuzkümmel",SPI-00-139345-5,1.25,1.25,grams,,,1.1106,1.25,grams
Rice - Enchilada Bowl Rice,SUB-013914-4-001,Rice - Cooked Rice for Enchilada Bowl,SUB-013912-4-001,692.29,grams,"BLAST CHILLER, OVEN",,,,,,,,,,,,,,,,FA-DE Water / Wasser,OTH-00-144038-5,328.8,328.8,grams,,,1.1106,328.8,grams
Rice - Enchilada Bowl Rice,SUB-013914-4-001,Rice - Cooked Rice for Enchilada Bowl,SUB-013912-4-001,692.29,grams,"BLAST CHILLER, OVEN",,,,,,,,,,,,,,,,"FA-DE Rice, Basmati, Brown /Reis, Basmati, braun",DRY-00-139168-5,140.25,140.25,grams,,,1.1106,140.25,grams
Rice - Enchilada Bowl Rice,SUB-013914-4-001,Rice - Cooked Rice for Enchilada Bowl,SUB-013912-4-001,692.29,grams,"BLAST CHILLER, OVEN",,,,,,,,,,,,,,,,"FA-DE Spice, Garlic Powder, Toasted /Gewürz, Knoblauchpulver, geröstet",SPI-00-139354-5,0.72,0.72,grams,,,1.1106,0.72,grams
Rice - Enchilada Bowl Rice,SUB-013914-4-001,Rice - Cooked Rice for Enchilada Bowl,SUB-013912-4-001,692.29,grams,"BLAST CHILLER, OVEN",,,,,,,,,,,,,,,,"FA-DE Spice, Paprika /Gewürze, Paprika",SPI-00-139373-5,0.72,0.72,grams,,,1.1106,0.72,grams
Rice - Enchilada Bowl Rice,SUB-013914-4-001,Rice - Cooked Rice for Enchilada Bowl,SUB-013912-4-001,692.29,grams,"BLAST CHILLER, OVEN",,,,,,,,,,,,,,,,"FA-DE Stock Concentrate, Mirepoix /Stammkonzentrat, Mirepoix",PRO-00-139287-5,62.07,62.07,grams,SELLERIE,,1.1106,62.07,grams
Rice - Enchilada Bowl Rice,SUB-013914-4-001,Rice - Cooked Rice for Enchilada Bowl,SUB-013912-4-001,692.29,grams,"BLAST CHILLER, OVEN",,,,,,,,,,,,,,,,"FA-DE Spice, Sea Salt /Gewürze, Meersalz",SPI-00-139378-5,0.53,0.53,grams,,,1.1106,0.53,grams
Rice - Enchilada Bowl Rice,SUB-013914-4-001,Rice - Cooked Rice for Enchilada Bowl,SUB-013912-4-001,692.29,grams,"BLAST CHILLER, OVEN",,,,,,,,,,,,,,,,"FA-DE Tomatoes, Concentrated Crushed /Tomaten, konzentriert, zerkleinert",PRO-00-139293-5,89.01,89.01,grams,,,1.1106,89.01,grams
Rice - Enchilada Bowl Rice,SUB-013914-4-001,Sauce - Green Chili Salsa Verde,SUB-013913-4-001,184.56,grams,HAND MIX,,,,,,,,,,,,,,,,"FA-DE Juice, Lime /Saft, Limette",PRO-00-139268-5,11.42,11.42,grams,,,0.91087,11.42,grams
Rice - Enchilada Bowl Rice,SUB-013914-4-001,Sauce - Green Chili Salsa Verde,SUB-013913-4-001,184.56,grams,HAND MIX,,,,,,,,,,,,,,,,"FA-DE Oil, Olive /Öl, Olivenöl",PRO-00-139277-5,2.83,2.83,grams,,,0.91087,2.83,grams
Rice - Enchilada Bowl Rice,SUB-013914-4-001,Sauce - Green Chili Salsa Verde,SUB-013913-4-001,184.56,grams,HAND MIX,,,,,,,,,,,,,,,,"FA-DE Garlic, IQF, Diced 4 mm /Knoblauch, IQF, gewürfelt 4 mm",PHF-00-139237-1,11.42,11.42,grams,SCHWEFELDIOXIDE UND SULFITE,,0.91087,11.42,grams
Rice - Enchilada Bowl Rice,SUB-013914-4-001,Sauce - Green Chili Salsa Verde,SUB-013913-4-001,184.56,grams,HAND MIX,,,,,,,,,,,,,,,,"FA-DE Spice, Sea Salt /Gewürze, Meersalz",SPI-00-139378-5,1.12,1.12,grams,,,0.91087,1.12,grams
Rice - Enchilada Bowl Rice,SUB-013914-4-001,Sauce - Green Chili Salsa Verde,SUB-013913-4-001,184.56,grams,HAND MIX,,,,,,,,,,,,,,,,"FA-DE Jalapeno Peppers, Diced 5mm /Jalapeno-Paprikaschoten, gewürfelt, 5 mm",PHF-00-139201-3,153.87,153.87,grams,,,0.91087,153.87,grams
Rice - Enchilada Bowl Rice,SUB-013914-4-001,Sauce - Green Chili Salsa Verde,SUB-013913-4-001,184.56,grams,HAND MIX,,,,,,,,,,,,,,,,"FA-DE Spice, Cumin Ground /Gewürz, gemahlener Kreuzkümmel",SPI-00-139345-5,0.26,0.26,grams,,,0.91087,0.26,grams
Rice - Enchilada Bowl Rice,SUB-013914-4-001,Sauce - Green Chili Salsa Verde,SUB-013913-4-001,184.56,grams,HAND MIX,,,,,,,,,,,,,,,,"FA-DE Onion, Spanish, Diced 5mm /Zwiebel, Spanisch, gewürfelt 5 mm",PHF-00-139212-3,11.42,11.42,grams,,,0.91087,11.42,grams
Rice - Enchilada Bowl Rice,SUB-013914-4-001,Sauce - Green Chili Salsa Verde,SUB-013913-4-001,184.56,grams,HAND MIX,,,,,,,,,,,,,,,,"FA-DE Coriander, Chopped /Koriander, gehackt",PHF-00-139192-3,10.3,10.3,grams,,,0.91087,10.3,grams
"Roasted Diced Jalapenos, Garlic and (less)Cilantro",SUB-029030-4-001,,,,,,,,,,,,,,,,,,,,,"FA-DE Jalapeno Peppers, Diced 5mm /Jalapeno-Paprikaschoten, gewürfelt, 5 mm",PHF-00-139201-3,2.36,2.36,grams,,,,2.36,grams
"Roasted Diced Jalapenos, Garlic and (less)Cilantro",SUB-029030-4-001,,,,,,,,,,,,,,,,,,,,,"FA-DE Garlic, IQF, Diced 4 mm /Knoblauch, IQF, gewürfelt 4 mm",PHF-00-139237-1,2.36,2.36,grams,SCHWEFELDIOXIDE UND SULFITE,,,2.36,grams
"Roasted Diced Jalapenos, Garlic and (less)Cilantro",SUB-029030-4-001,,,,,,,,,,,,,,,,,,,,,"FA-DE Coriander, Chopped /Koriander, gehackt",PHF-00-139192-3,5.9,5.9,grams,,,,5.9,grams
Roasted Garlic (use),SUB-013367-4-001,,,,,,,,,,,,,,,,,,,,,"FA-DE Garlic, Peeled, Whole Cloves [10kg] /Knoblauch, geschält, ganze Nelken [10kg]",PHF-00-139197-3,453.59,453.59,grams,,,,453.59,grams
Roasted Garlic (use),SUB-013367-4-001,,,,,,,,,,,,,,,,,,,,,"FA-DE Oil, Olive /Öl, Olivenöl",PRO-00-139277-5,340.19,340.19,grams,,,,340.19,grams
Roasted Garlic and Parsley Roasted Potato - SH,SUB-013390-4-001,,,,,,,,,,,,,,,,,,,,,"FA-DE Parsley, Chopped /Petersilie, gehackt",PHF-00-139215-3,4.25,4.25,grams,,,,4.25,grams
Roasted Garlic and Parsley Roasted Potato - SH,SUB-013390-4-001,,,,,,,,,,,,,,,,,,,,,"FA-DE Spice, Black Pepper, Ground /Gewürz, schwarzer Pfeffer, gemahlen",SPI-00-139334-5,0.28,0.28,grams,,,,0.28,grams
Roasted Garlic and Parsley Roasted Potato - SH,SUB-013390-4-001,,,,,,,,,,,,,,,,,,,,,"FA-DE Oil, Olive /Öl, Olivenöl",PRO-00-139277-5,4.25,4.25,grams,,,,4.25,grams
Roasted Garlic and Parsley Roasted Potato - SH,SUB-013390-4-001,Roasted Garlic (use),SUB-013367-4-001,5.1,grams,"BLAST CHILLER, BRAISER, SPICE PORTIONING",,,,,,,,,,,,,,,,"FA-DE Garlic, Peeled, Whole Cloves [10kg] /Knoblauch, geschält, ganze Nelken [10kg]",PHF-00-139197-3,5.14,5.14,grams,,,0.56691,5.14,grams
Roasted Garlic and Parsley Roasted Potato - SH,SUB-013390-4-001,Roasted Garlic (use),SUB-013367-4-001,5.1,grams,"BLAST CHILLER, BRAISER, SPICE PORTIONING",,,,,,,,,,,,,,,,"FA-DE Oil, Olive /Öl, Olivenöl",PRO-00-139277-5,3.86,3.86,grams,,,0.56691,3.86,grams
Roasted Garlic and Parsley Roasted Potato - SH,SUB-013390-4-001,,,,,,,,,,,,,,,,,,,,,"FA-DE Spice, Sea Salt /Gewürze, Meersalz",SPI-00-139378-5,0.28,0.28,grams,,,,0.28,grams
Roasted Garlic and Parsley Roasted Potato - SH,SUB-013390-4-001,,,,,,,,,,,,,,,,,,,,,"FA-DE Potatoes, Diced 10mm /Kartoffeln, gewürfelt, 10 mm",PHF-00-139219-3,104.61,104.61,grams,,,,104.61,grams
Roasted Garlic oil,SUB-013367-4-002,,,,,,,,,,,,,,,,,,,,,"FA-DE Garlic, Peeled, Whole Cloves [10kg] /Knoblauch, geschält, ganze Nelken [10kg]",PHF-00-139197-3,453.59,453.59,grams,,,,453.59,grams
Roasted Garlic oil,SUB-013367-4-002,,,,,,,,,,,,,,,,,,,,,"FA-DE Oil, Olive /Öl, Olivenöl",PRO-00-139277-5,340.19,340.19,grams,,,,340.19,grams
Roasted Green Onions,SUB-023370-4-001,,,,,,,,,,,,,,,,,,,,,"FA-DE Onion, Green, Sliced 5mm /Zwiebel, grün, in Scheiben geschnitten, 5 mm",PHF-00-149803-3,15,15,grams,,,,15,grams
Roasted Green Peppers - 10mm Diced,SUB-013734-4-002,,,,,,,,,,,,,,,,,,,,,"FA-DE Onion, Green, Sliced 5mm /Zwiebel, grün, in Scheiben geschnitten, 5 mm",PHF-00-149803-3,2.75,2.75,grams,,,,2.75,grams
Roasted Green Peppers - 10mm Diced,SUB-013734-4-002,,,,,,,,,,,,,,,,,,,,,"FA-DE Bell Peppers, Green, Diced 10mm /Paprika, grün, gewürfelt 10 mm",PHF-00-139176-3,6.88,6.88,grams,,,,6.88,grams
Roasted Green Peppers - 10mm Diced,SUB-013734-4-002,,,,,,,,,,,,,,,,,,,,,"FA-DE Spice, Sea Salt /Gewürze, Meersalz",SPI-00-139378-5,0.3,0.3,grams,,,,0.3,grams
Roasted Green and Red Bell Peppers - Diced - reduced salt,SUB-013883-4-001,,,,,,,,,,,,,,,,,,,,,"FA-DE Oil, Olive /Öl, Olivenöl",PRO-00-139277-5,907.18,907.18,grams,,,,907.18,grams
Roasted Green and Red Bell Peppers - Diced - reduced salt,SUB-013883-4-001,,,,,,,,,,,,,,,,,,,,,"FA-DE Bell Peppers, Green, Diced 10mm /Paprika, grün, gewürfelt 10 mm",PHF-00-139176-3,31750,31750,grams,,,,31750,grams
Roasted Green and Red Bell Peppers - Diced - reduced salt,SUB-013883-4-001,,,,,,,,,,,,,,,,,,,,,"FA-DE Bell Peppers, Red, Diced 10mm /Paprika, rot, gewürfelt 10 mm",PHF-00-139179-3,31750,31750,grams,,,,31750,grams
Roasted Green and Red Bell Peppers - Diced - reduced salt,SUB-013883-4-001,,,,,,,,,,,,,,,,,,,,,"FA-DE Spice, Garlic Granulated /Gewürz, Knoblauch granuliert",SPI-00-139353-5,90.72,90.72,grams,,,,90.72,grams
Roasted Green and Red Bell Peppers - Diced - reduced salt,SUB-013883-4-001,,,,,,,,,,,,,,,,,,,,,"FA-DE Spice, Sea Salt /Gewürze, Meersalz",SPI-00-139378-5,141.75,141.75,grams,,,,141.75,grams
Roasted Red Peppers - Diced (half pepper),SUB-029906-4-001,,,,,,,,,,,,,,,,,,,,,"FA-DE Bell Peppers, Red, Diced 10mm /Paprika, rot, gewürfelt 10 mm",PHF-00-139179-3,31,31,grams,,,,31,grams
Roasted Red Peppers - Diced (half pepper),SUB-029906-4-001,,,,,,,,,,,,,,,,,,,,,"FA-DE Oil, Olive /Öl, Olivenöl",PRO-00-139277-5,1.16,1.16,grams,,,,1.16,grams
Roasted Red Peppers - Diced (half pepper),SUB-029906-4-001,,,,,,,,,,,,,,,,,,,,,"FA-DE Garlic, IQF, Diced 4 mm /Knoblauch, IQF, gewürfelt 4 mm",PHF-00-139237-1,1.16,1.16,grams,SCHWEFELDIOXIDE UND SULFITE,,,1.16,grams
Roasted Red Peppers - Diced (half pepper),SUB-029906-4-001,,,,,,,,,,,,,,,,,,,,,"FA-DE Spice, Sea Salt /Gewürze, Meersalz",SPI-00-139378-5,0.18,0.18,grams,,,,0.18,grams
Roasted Red Peppers - Diced (half pepper),SUB-029906-4-001,,,,,,,,,,,,,,,,,,,,,"FA-DE Spice, Black Pepper, Ground /Gewürz, schwarzer Pfeffer, gemahlen",SPI-00-139334-5,0.15,0.15,grams,,,,0.15,grams
Roasted Red Peppers - Diced (half pepper),SUB-029906-4-001,,,,,,,,,,,,,,,,,,,,,"FA-DE Spice, Garlic Granulated /Gewürz, Knoblauch granuliert",SPI-00-139353-5,0.19,0.19,grams,,,,0.19,grams
Roasted Zucchini & Corn - Less Corn,SUB-029887-4-001,,,,,,,,,,,,,,,,,,,,,"FA-DE Zucchini, Diced 10mm /Zucchini, gewürfelt 10 mm",PHF-00-139229-3,77.99,77.99,grams,,,,77.99,grams
Roasted Zucchini & Corn - Less Corn,SUB-029887-4-001,,,,,,,,,,,,,,,,,,,,,"FA-DE Sweetcorn Supersweet Kernels, IQF /Zuckermais-Supersüßkörner, IQF",PHF-00-139236-1,19.5,19.5,grams,,,,19.5,grams
Roasted Zucchini & Corn - Less Corn,SUB-029887-4-001,,,,,,,,,,,,,,,,,,,,,"FA-DE Garlic, IQF, Diced 4 mm /Knoblauch, IQF, gewürfelt 4 mm",PHF-00-139237-1,5.85,5.85,grams,SCHWEFELDIOXIDE UND SULFITE,,,5.85,grams
Roasted Zucchini & Corn - Less Corn,SUB-029887-4-001,,,,,,,,,,,,,,,,,,,,,"FA-DE Onion, Green, Sliced 5mm /Zwiebel, grün, in Scheiben geschnitten, 5 mm",PHF-00-149803-3,5.69,5.69,grams,,,,5.69,grams
Roasted Zucchini & Corn - Less Corn,SUB-029887-4-001,,,,,,,,,,,,,,,,,,,,,"FA-DE Oil, Olive /Öl, Olivenöl",PRO-00-139277-5,1.19,1.19,grams,,,,1.19,grams
Roasted Zucchini & Corn - Less Corn,SUB-029887-4-001,,,,,,,,,,,,,,,,,,,,,"FA-DE Spice, Chili Powder /Gewürz, Chilipulver",SPI-00-139340-5,0.52,0.52,grams,,,,0.52,grams
Roasted Zucchini & Corn - Less Corn,SUB-029887-4-001,,,,,,,,,,,,,,,,,,,,,"FA-DE Spice, Garlic Granulated /Gewürz, Knoblauch granuliert",SPI-00-139353-5,0.49,0.49,grams,,,,0.49,grams
Roasted Zucchini & Corn - Less Corn,SUB-029887-4-001,,,,,,,,,,,,,,,,,,,,,"FA-DE Spice, Sea Salt /Gewürze, Meersalz",SPI-00-139378-5,0.43,0.43,grams,,,,0.43,grams
Roasted Zucchini & Corn - Less Corn,SUB-029887-4-001,,,,,,,,,,,,,,,,,,,,,"FA-DE Spice, Onion Granulated /Gewürze, Zwiebeln granuliert",SPI-00-139370-5,0.2,0.2,grams,,,,0.2,grams
Roasted Zucchini & Corn - Less Corn,SUB-029887-4-001,,,,,,,,,,,,,,,,,,,,,"FA-DE Spice, Coriander Ground /Gewürz, gemahlener Koriander",SPI-00-139386-5,0.16,0.16,grams,,,,0.16,grams
Roasted Zucchini & Corn - Less Corn,SUB-029887-4-001,,,,,,,,,,,,,,,,,,,,,"FA-DE Spice, Black Pepper, Ground /Gewürz, schwarzer Pfeffer, gemahlen",SPI-00-139334-5,0.16,0.16,grams,,,,0.16,grams
S&P Roasted Green Beans 1,SUB-014184-4-001,,,,,,,,,,,,,,,,,,,,,"FA-DE Oil, Olive /Öl, Olivenöl",PRO-00-139277-5,3.08,3.08,grams,,,,3.08,grams
S&P Roasted Green Beans 1,SUB-014184-4-001,,,,,,,,,,,,,,,,,,,,,"FA-DE Spice, Sea Salt /Gewürze, Meersalz",SPI-00-139378-5,0.18,0.18,grams,,,,0.18,grams
S&P Roasted Green Beans 1,SUB-014184-4-001,,,,,,,,,,,,,,,,,,,,,"FA-DE Spice, Black Pepper, Ground /Gewürz, schwarzer Pfeffer, gemahlen",SPI-00-139334-5,0.09,0.09,grams,,,,0.09,grams
S&P Roasted Green Beans 1,SUB-014184-4-001,,,,,,,,,,,,,,,,,,,,,"FA-DE Green Beans, Fresh and Trimmed/Grüne Bohnen, frisch und geschnitten",PHF-00-139198-3,45.44,45.44,grams,,,,45.44,grams
Salmon - garlic seasoning,SUB-013382-4-001,,,,,,,,,,,,,,,,,,,,,"FA-DE Salmon, Skinless, Boneless, Filet/Lachs, ohne Haut, ohne Knochen, Filet - IQF",PTN-00-139968-1,140,140,grams,FISCH,,,140,grams
Salmon - garlic seasoning,SUB-013382-4-001,,,,,,,,,,,,,,,,,,,,,"FA-DE Spice, Sea Salt /Gewürze, Meersalz",SPI-00-139378-5,0.42,0.42,grams,,,,0.42,grams
Salmon - garlic seasoning,SUB-013382-4-001,,,,,,,,,,,,,,,,,,,,,"FA-DE Spice, Garlic Granulated /Gewürz, Knoblauch granuliert",SPI-00-139353-5,0.14,0.14,grams,,,,0.14,grams
Sauce - Basil Pesto Cream Sauce -Less Fat,SUB-032112-4-001,Basil - Picked Basil Leaves,SUB-013424-4-001,3.69,grams,"DEBOX, STAGING",,,,,,,,,,,,,,,,"FA-DE Basil, Fresh /Basilikum, frisch",PHF-00-139175-3,6.59,6.59,grams,,,0.55986,6.59,grams
Sauce - Basil Pesto Cream Sauce -Less Fat,SUB-032112-4-001,,,,,,,,,,,,,,,,,,,,,"FA-DE Garlic, Peeled, Whole Cloves [10kg] /Knoblauch, geschält, ganze Nelken [10kg]",PHF-00-139197-3,0.28,0.28,grams,,,,0.28,grams
Sauce - Basil Pesto Cream Sauce -Less Fat,SUB-032112-4-001,,,,,,,,,,,,,,,,,,,,,FA-DE Water / Wasser,OTH-00-144038-5,3.69,3.69,grams,,,,3.69,grams
Sauce - Basil Pesto Cream Sauce -Less Fat,SUB-032112-4-001,,,,,,,,,,,,,,,,,,,,,"FA-DE Juice, Lemon /Saft, Zitrone",PRO-00-139265-5,3.69,3.69,grams,,,,3.69,grams
Sauce - Basil Pesto Cream Sauce -Less Fat,SUB-032112-4-001,Heavy Cream- Yielded,SUB-013449-4-001,4.54,grams,HAND MIX,,,,,,,,,,,,,,,,FA-DE Heavy Cream 20% /Sahne 20%,DAI-00-139137-3,5.02,5.02,grams,MILCH (EINSCHLIESSLICH LAKTOSE),,0.90476,5.02,grams
Sauce - Basil Pesto Cream Sauce -Less Fat,SUB-032112-4-001,,,,,,,,,,,,,,,,,,,,,"FA-DE Spice, Garlic Granulated /Gewürz, Knoblauch granuliert",SPI-00-139353-5,0.28,0.28,grams,,,,0.28,grams
Sauce - Basil Pesto Cream Sauce -Less Fat,SUB-032112-4-001,,,,,,,,,,,,,,,,,,,,,"FA-DE Spice, Sea Salt /Gewürze, Meersalz",SPI-00-139378-5,0.75,0.75,grams,,,,0.75,grams
Sauce - Basil Pesto Cream Sauce -Less Fat,SUB-032112-4-001,,,,,,,,,,,,,,,,,,,,,"FA-DE Cheese, Parmesan, Grated /Käse, Parmesan, gerieben",DAI-00-139127-3,2.84,2.84,grams,MILCH (EINSCHLIESSLICH LAKTOSE),,,2.84,grams
Sauce - Basil Pesto Cream Sauce -Less Fat,SUB-032112-4-001,,,,,,,,,,,,,,,,,,,,,"FA-DE Spinach, Fresh, Stem Off /Spinat, frisch, ohne Stiel",PHF-00-139225-3,3.4,3.4,grams,,,,3.4,grams
Sauce - Basil Pesto Cream Sauce -Less Fat,SUB-032112-4-001,,,,,,,,,,,,,,,,,,,,,"FA-DE Oil, Olive /Öl, Olivenöl",PRO-00-139277-5,7.94,7.94,grams,,,,7.94,grams
Sauce - Crack Chicken Cheese Mix,SUB-013714-4-001,,,,,,,,,,,,,,,,,,,,,"FA-DE Spice, Garlic Granulated /Gewürz, Knoblauch granuliert",SPI-00-139353-5,5.67,5.67,grams,,,,5.67,grams
Sauce - Crack Chicken Cheese Mix,SUB-013714-4-001,DRY Ranch Seasoning,SUB-013480-4-001,28.35,grams,"HAND MIX, SPICE PORTIONING",,,,,,,,,,,,,,,,"FA-DE Spice, Buttermilk Powder/Gewürz, Buttermilchpulver",SPI-00-151139-5,17.48,17.48,grams,MILCH (EINSCHLIESSLICH LAKTOSE),,0.97982,17.48,grams
Sauce - Crack Chicken Cheese Mix,SUB-013714-4-001,DRY Ranch Seasoning,SUB-013480-4-001,28.35,grams,"HAND MIX, SPICE PORTIONING",,,,,,,,,,,,,,,,"FA-DE Spice, Garlic Granulated /Gewürz, Knoblauch granuliert",SPI-00-139353-5,3.67,3.67,grams,,,0.97982,3.67,grams
Sauce - Crack Chicken Cheese Mix,SUB-013714-4-001,DRY Ranch Seasoning,SUB-013480-4-001,28.35,grams,"HAND MIX, SPICE PORTIONING",,,,,,,,,,,,,,,,"FA-DE Spice, Onion Granulated /Gewürze, Zwiebeln granuliert",SPI-00-139370-5,3.21,3.21,grams,,,0.97982,3.21,grams
Sauce - Crack Chicken Cheese Mix,SUB-013714-4-001,DRY Ranch Seasoning,SUB-013480-4-001,28.35,grams,"HAND MIX, SPICE PORTIONING",,,,,,,,,,,,,,,,"FA-DE Spice, Black Pepper, Ground /Gewürz, schwarzer Pfeffer, gemahlen",SPI-00-139334-5,1.85,1.85,grams,,,0.97982,1.85,grams
Sauce - Crack Chicken Cheese Mix,SUB-013714-4-001,DRY Ranch Seasoning,SUB-013480-4-001,28.35,grams,"HAND MIX, SPICE PORTIONING",,,,,,,,,,,,,,,,"FA-DE Spice, Dill Dried /Gewürz, Dill getrocknet",SPI-00-139349-5,1.14,1.14,grams,,,0.97982,1.14,grams
Sauce - Crack Chicken Cheese Mix,SUB-013714-4-001,DRY Ranch Seasoning,SUB-013480-4-001,28.35,grams,"HAND MIX, SPICE PORTIONING",,,,,,,,,,,,,,,,"FA-DE Chives, Dried /Schnittlauch, getrocknet",SPI-00-139322-5,1.14,1.14,grams,,,0.97982,1.14,grams
Sauce - Crack Chicken Cheese Mix,SUB-013714-4-001,DRY Ranch Seasoning,SUB-013480-4-001,28.35,grams,"HAND MIX, SPICE PORTIONING",,,,,,,,,,,,,,,,"FA-DE Spice, Parsley Dried /Gewürze, getrocknete Petersilie",SPI-00-139374-5,0.45,0.45,grams,,,0.97982,0.45,grams
Sauce - Crack Chicken Cheese Mix,SUB-013714-4-001,,,,,,,,,,,,,,,,,,,,,"FA-DE Cheese, Cream, 13% Fat (Milk) /Käse, Sahne, 13% Fett",DAI-00-139122-3,283.5,283.5,grams,MILCH (EINSCHLIESSLICH LAKTOSE),,,283.5,grams
Sauce - Crack Chicken Cheese Mix,SUB-013714-4-001,,,,,,,,,,,,,,,,,,,,,"FA-DE Cheese, Red Cheddar/Käse, Roter Cheddar",DAI-00-139129-3,226.8,226.8,grams,MILCH (EINSCHLIESSLICH LAKTOSE),,,226.8,grams
Sauce - Crack Chicken Cheese Mix,SUB-013714-4-001,,,,,,,,,,,,,,,,,,,,,"FA-DE Oil, Olive /Öl, Olivenöl",PRO-00-139277-5,85.05,85.05,grams,,,,85.05,grams
Sauce - Creamy Gochugaru Sauce,SUB-013450-4-001,,,,,,,,,,,,,,,,,,,,,"FA-DE Oil, Olive /Öl, Olivenöl",PRO-00-139277-5,30.8,30.8,grams,,,,30.8,grams
Sauce - Creamy Gochugaru Sauce,SUB-013450-4-001,,,,,,,,,,,,,,,,,,,,,"FA-DE Onion, Spanish, Diced 5mm /Zwiebel, Spanisch, gewürfelt 5 mm",PHF-00-139212-3,54.05,54.05,grams,,,,54.05,grams
Sauce - Creamy Gochugaru Sauce,SUB-013450-4-001,,,,,,,,,,,,,,,,,,,,,"FA-DE Garlic, IQF, Diced 4 mm /Knoblauch, IQF, gewürfelt 4 mm",PHF-00-139237-1,12.31,12.31,grams,SCHWEFELDIOXIDE UND SULFITE,,,12.31,grams
Sauce - Creamy Gochugaru Sauce,SUB-013450-4-001,,,,,,,,,,,,,,,,,,,,,FA-DE Heavy Cream 20% /Sahne 20%,DAI-00-139137-3,336.14,336.14,grams,MILCH (EINSCHLIESSLICH LAKTOSE),,,336.14,grams
Sauce - Creamy Gochugaru Sauce,SUB-013450-4-001,,,,,,,,,,,,,,,,,,,,,"FA-DE Stock, Chicken, Reduced/Brühe, Huhn, Reduziert",PRO-00-139288-5,6.07,6.07,grams,,,,6.07,grams
Sauce - Creamy Gochugaru Sauce,SUB-013450-4-001,,,,,,,,,,,,,,,,,,,,,"FA-DE Cheese, Parmesan, Grated /Käse, Parmesan, gerieben",DAI-00-139127-3,54.05,54.05,grams,MILCH (EINSCHLIESSLICH LAKTOSE),,,54.05,grams
Sauce - Creamy Gochugaru Sauce,SUB-013450-4-001,,,,,,,,,,,,,,,,,,,,,"FA-DE Spice, Sea Salt /Gewürze, Meersalz",SPI-00-139378-5,1.2,1.2,grams,,,,1.2,grams
Sauce - Creamy Gochugaru Sauce,SUB-013450-4-001,,,,,,,,,,,,,,,,,,,,,"FA-DE Spinach, Fresh, Stem Off /Spinat, frisch, ohne Stiel",PHF-00-139225-3,43.24,43.24,grams,,,,43.24,grams
Sauce - Creamy Gochugaru Sauce,SUB-013450-4-001,,,,,,,,,,,,,,,,,,,,,"FA-DE Spice, Gochugaru Chili Pepper Flakes /Gewürz, Gochugaru-Chili-Pfefferflocken",SPI-00-139356-5,7,7,grams,,,,7,grams
Sauce - Creamy Gochugaru Sauce,SUB-013450-4-001,,,,,,,,,,,,,,,,,,,,,FA-DE Tomato Paste /Tomatenmark,PRO-00-139292-5,12,12,grams,,,,12,grams
Sauce - Green Chili Salsa Verde,SUB-013913-4-001,,,,,,,,,,,,,,,,,,,,,"FA-DE Juice, Lime /Saft, Limette",PRO-00-139268-5,37.71,37.71,grams,,,,37.71,grams
Sauce - Green Chili Salsa Verde,SUB-013913-4-001,,,,,,,,,,,,,,,,,,,,,"FA-DE Oil, Olive /Öl, Olivenöl",PRO-00-139277-5,9.36,9.36,grams,,,,9.36,grams
Sauce - Green Chili Salsa Verde,SUB-013913-4-001,,,,,,,,,,,,,,,,,,,,,"FA-DE Garlic, IQF, Diced 4 mm /Knoblauch, IQF, gewürfelt 4 mm",PHF-00-139237-1,37.71,37.71,grams,SCHWEFELDIOXIDE UND SULFITE,,,37.71,grams
Sauce - Green Chili Salsa Verde,SUB-013913-4-001,,,,,,,,,,,,,,,,,,,,,"FA-DE Spice, Sea Salt /Gewürze, Meersalz",SPI-00-139378-5,3.69,3.69,grams,,,,3.69,grams
Sauce - Green Chili Salsa Verde,SUB-013913-4-001,,,,,,,,,,,,,,,,,,,,,"FA-DE Jalapeno Peppers, Diced 5mm /Jalapeno-Paprikaschoten, gewürfelt, 5 mm",PHF-00-139201-3,508.31,508.31,grams,,,,508.31,grams
Sauce - Green Chili Salsa Verde,SUB-013913-4-001,,,,,,,,,,,,,,,,,,,,,"FA-DE Spice, Cumin Ground /Gewürz, gemahlener Kreuzkümmel",SPI-00-139345-5,0.85,0.85,grams,,,,0.85,grams
Sauce - Green Chili Salsa Verde,SUB-013913-4-001,,,,,,,,,,,,,,,,,,,,,"FA-DE Onion, Spanish, Diced 5mm /Zwiebel, Spanisch, gewürfelt 5 mm",PHF-00-139212-3,37.71,37.71,grams,,,,37.71,grams
Sauce - Green Chili Salsa Verde,SUB-013913-4-001,,,,,,,,,,,,,,,,,,,,,"FA-DE Coriander, Chopped /Koriander, gehackt",PHF-00-139192-3,34.02,34.02,grams,,,,34.02,grams
Sauce - Pesto,SUB-013665-4-001,Toasted Sliced Almonds,SUB-013495-4-001,3.95,grams,"BLAST CHILLER, HAND MARINADE, OVEN",,,,,,,,,,,,,,,,"FA-DE Almond, Sliced, Blanched /Mandeln, geschnitten, blanchiert",SPI-00-139147-5,4.11,4.11,grams,"MANDELN, SCHALENFRÜCHTE",,0.96089,4.11,grams
Sauce - Pesto,SUB-013665-4-001,,,,,,,,,,,,,,,,,,,,,"FA-DE Cheese, Parmesan, Grated /Käse, Parmesan, gerieben",DAI-00-139127-3,5.05,5.05,grams,MILCH (EINSCHLIESSLICH LAKTOSE),,,5.05,grams
Sauce - Pesto,SUB-013665-4-001,,,,,,,,,,,,,,,,,,,,,"FA-DE Spice, Sea Salt /Gewürze, Meersalz",SPI-00-139378-5,0.2,0.2,grams,,,,0.2,grams
Sauce - Pesto,SUB-013665-4-001,,,,,,,,,,,,,,,,,,,,,"FA-DE Oil, Olive /Öl, Olivenöl",PRO-00-139277-5,23.42,23.42,grams,,,,23.42,grams
Sauce - Pesto,SUB-013665-4-001,Basil Kill Step,SUB-024331-4-001,4.82,grams,"BLAST CHILLER, OVEN",Basil - Picked Basil Leaves,SUB-013424-4-001,5.35,grams,"DEBOX, STAGING",,,,,,,,,,,"FA-DE Basil, Fresh /Basilikum, frisch",PHF-00-139175-3,9.56,9.56,grams,,,0.55986,9.56,grams
Sauce - Pesto,SUB-013665-4-001,,,,,,,,,,,,,,,,,,,,,"FA-DE Spice, Garlic Granulated /Gewürz, Knoblauch granuliert",SPI-00-139353-5,0.21,0.21,grams,,,,0.21,grams
Sauce - Pesto,SUB-013665-4-001,Fresh Spinach Kill Step,SUB-024333-4-001,4.93,grams,"BLAST CHILLER, OVEN",,,,,,,,,,,,,,,,"FA-DE Spinach, Fresh, Stem Off /Spinat, frisch, ohne Stiel",PHF-00-139225-3,5.48,5.48,grams,,,0.9,5.48,grams
Sauce - Red Chili Sauce - Vegetarian,SUB-013614-4-001,,,,,,,,,,,,,,,,,,,,,"FA-DE Coriander, Chopped /Koriander, gehackt",PHF-00-139192-3,30.9,30.9,grams,,,,30.9,grams
Sauce - Red Chili Sauce - Vegetarian,SUB-013614-4-001,,,,,,,,,,,,,,,,,,,,,"FA-DE Spice, Guajillo Peppers, Ground /Gewürze, Guajillo-Paprikaschoten, gemahlen",SPI-00-139358-5,7.65,7.65,grams,,,,7.65,grams
Sauce - Red Chili Sauce - Vegetarian,SUB-013614-4-001,,,,,,,,,,,,,,,,,,,,,"FA-DE Spice, Smoked Paprika /Gewürz, geräucherter Paprika",SPI-00-139383-5,1.42,1.42,grams,,,,1.42,grams
Sauce - Red Chili Sauce - Vegetarian,SUB-013614-4-001,,,,,,,,,,,,,,,,,,,,,FA-DE Tomato Paste /Tomatenmark,PRO-00-139292-5,130.97,130.97,grams,,,,130.97,grams
Sauce - Red Chili Sauce - Vegetarian,SUB-013614-4-001,,,,,,,,,,,,,,,,,,,,,"FA-DE Onion, Spanish, Diced 5mm /Zwiebel, Spanisch, gewürfelt 5 mm",PHF-00-139212-3,100.07,100.07,grams,,,,100.07,grams
Sauce - Red Chili Sauce - Vegetarian,SUB-013614-4-001,,,,,,,,,,,,,,,,,,,,,"FA-DE Spice, Oregano Dry /Gewürz, Oregano trocken",SPI-00-139372-5,1.42,1.42,grams,,,,1.42,grams
Sauce - Red Chili Sauce - Vegetarian,SUB-013614-4-001,,,,,,,,,,,,,,,,,,,,,"FA-DE Oil, Olive /Öl, Olivenöl",PRO-00-139277-5,38.56,38.56,grams,,,,38.56,grams
Sauce - Red Chili Sauce - Vegetarian,SUB-013614-4-001,,,,,,,,,,,,,,,,,,,,,"FA-DE Spice, Garlic Granulated /Gewürz, Knoblauch granuliert",SPI-00-139353-5,1.42,1.42,grams,,,,1.42,grams
Sauce - Red Chili Sauce - Vegetarian,SUB-013614-4-001,,,,,,,,,,,,,,,,,,,,,FA-DE Water / Wasser,OTH-00-144038-5,208.09,208.09,grams,,,,208.09,grams
Sauce - Red Chili Sauce - Vegetarian,SUB-013614-4-001,,,,,,,,,,,,,,,,,,,,,"FA-DE Spice, Brown Chipotle Chile Powder /Gewürz, braunes Chipotle-Chili-Pulver",SPI-00-139335-5,2.27,2.27,grams,,,,2.27,grams
Sauce - Red Chili Sauce - Vegetarian,SUB-013614-4-001,,,,,,,,,,,,,,,,,,,,,"FA-DE Spice, Cumin Ground /Gewürz, gemahlener Kreuzkümmel",SPI-00-139345-5,4.54,4.54,grams,,,,4.54,grams
Sauce - Red Chili Sauce - Vegetarian,SUB-013614-4-001,,,,,,,,,,,,,,,,,,,,,"FA-DE Spice, Ancho Chili Powder /Gewürz, Ancho-Chili-Pulver",SPI-00-139329-5,7.65,7.65,grams,,,,7.65,grams
Sauce - Red Chili Sauce - Vegetarian,SUB-013614-4-001,,,,,,,,,,,,,,,,,,,,,"FA-DE Spice, Sea Salt /Gewürze, Meersalz",SPI-00-139378-5,3.12,3.12,grams,,,,3.12,grams
Sauce - Red Chili Sauce - Vegetarian,SUB-013614-4-001,,,,,,,,,,,,,,,,,,,,,"FA-DE Bell Peppers, Green, Diced 10mm /Paprika, grün, gewürfelt 10 mm",PHF-00-139176-3,53.86,53.86,grams,,,,53.86,grams
Sauce - Red Chili Sauce - Vegetarian,SUB-013614-4-001,,,,,,,,,,,,,,,,,,,,,"FA-DE Garlic, IQF, Diced 4 mm /Knoblauch, IQF, gewürfelt 4 mm",PHF-00-139237-1,23.25,23.25,grams,SCHWEFELDIOXIDE UND SULFITE,,,23.25,grams
Sauce - Red Chili Sauce - Vegetarian,SUB-013614-4-001,,,,,,,,,,,,,,,,,,,,,"FA-DE Vinegar, Apple Cider /Essig, Apfelwein",PRO-00-139299-5,38.56,38.56,grams,,,,38.56,grams
Sauce - Sun-Dried Tomato Sauce - Less Salt,SUB-013571-4-001,,,,,,,,,,,,,,,,,,,,,"FA-DE Cheese, Parmesan, Grated /Käse, Parmesan, gerieben",DAI-00-139127-3,117.43,117.43,grams,MILCH (EINSCHLIESSLICH LAKTOSE),,,117.43,grams
Sauce - Sun-Dried Tomato Sauce - Less Salt,SUB-013571-4-001,,,,,,,,,,,,,,,,,,,,,"FA-DE Oil, Olive /Öl, Olivenöl",PRO-00-139277-5,66.92,66.92,grams,,,,66.92,grams
Sauce - Sun-Dried Tomato Sauce - Less Salt,SUB-013571-4-001,,,,,,,,,,,,,,,,,,,,,"FA-DE Stock, Chicken, Reduced/Brühe, Huhn, Reduziert",PRO-00-139288-5,13.19,13.19,grams,,,,13.19,grams
Sauce - Sun-Dried Tomato Sauce - Less Salt,SUB-013571-4-001,,,,,,,,,,,,,,,,,,,,,"FA-DE Garlic, IQF, Diced 4 mm /Knoblauch, IQF, gewürfelt 4 mm",PHF-00-139237-1,26.75,26.75,grams,SCHWEFELDIOXIDE UND SULFITE,,,26.75,grams
Sauce - Sun-Dried Tomato Sauce - Less Salt,SUB-013571-4-001,Hydrated Sun-Dried Tomatoes,SUB-013501-4-001,117.24,grams,BRAISER,,,,,,,,,,,,,,,,"FA-DE Tomatoes, Sun - Dried Julienned /Tomaten, sonnengetrocknete Julienne",PRO-00-139296-5,65.13,65.13,grams,,,0.90001,65.13,grams
Sauce - Sun-Dried Tomato Sauce - Less Salt,SUB-013571-4-001,Hydrated Sun-Dried Tomatoes,SUB-013501-4-001,117.24,grams,BRAISER,,,,,,,,,,,,,,,,FA-DE Water / Wasser,OTH-00-144038-5,65.13,65.13,grams,,,0.90001,65.13,grams
Sauce - Sun-Dried Tomato Sauce - Less Salt,SUB-013571-4-001,,,,,,,,,,,,,,,,,,,,,"FA-DE Spinach, Fresh, Stem Off /Spinat, frisch, ohne Stiel",PHF-00-139225-3,93.95,93.95,grams,,,,93.95,grams
Sauce - Sun-Dried Tomato Sauce - Less Salt,SUB-013571-4-001,,,,,,,,,,,,,,,,,,,,,"FA-DE Spice, Sea Salt /Gewürze, Meersalz",SPI-00-139378-5,0.57,0.57,grams,,,,0.57,grams
Sauce - Sun-Dried Tomato Sauce - Less Salt,SUB-013571-4-001,,,,,,,,,,,,,,,,,,,,,"FA-DE Onion, Spanish, Diced 5mm /Zwiebel, Spanisch, gewürfelt 5 mm",PHF-00-139212-3,117.43,117.43,grams,,,,117.43,grams
Sauce - Sun-Dried Tomato Sauce - Less Salt,SUB-013571-4-001,,,,,,,,,,,,,,,,,,,,,FA-DE Heavy Cream 20% /Sahne 20%,DAI-00-139137-3,730.37,730.37,grams,MILCH (EINSCHLIESSLICH LAKTOSE),,,730.37,grams
Scallion Marinade - added spices -no sage - less oil,SUB-029883-4-001,,,,,,,,,,,,,,,,,,,,,"FA-DE Oil, Olive /Öl, Olivenöl",PRO-00-139277-5,3.63,3.63,grams,,,,3.63,grams
Scallion Marinade - added spices -no sage - less oil,SUB-029883-4-001,Green Onion Steam,SUB-029845-4-001,4.58,grams,OVEN,,,,,,,,,,,,,,,,"FA-DE Onion, Green, Sliced 5mm /Zwiebel, grün, in Scheiben geschnitten, 5 mm",PHF-00-149803-3,4.67,4.67,grams,,,0.98,4.67,grams
Scallion Marinade - added spices -no sage - less oil,SUB-029883-4-001,,,,,,,,,,,,,,,,,,,,,"FA-DE Spice, Sea Salt /Gewürze, Meersalz",SPI-00-139378-5,0.59,0.59,grams,,,,0.59,grams
Scallion Marinade - added spices -no sage - less oil,SUB-029883-4-001,,,,,,,,,,,,,,,,,,,,,"FA-DE Spice, Black Pepper, Ground /Gewürz, schwarzer Pfeffer, gemahlen",SPI-00-139334-5,0.43,0.43,grams,,,,0.43,grams
Scallion Marinade - added spices -no sage - less oil,SUB-029883-4-001,,,,,,,,,,,,,,,,,,,,,"FA-DE Spice, Paprika /Gewürze, Paprika",SPI-00-139373-5,0.32,0.32,grams,,,,0.32,grams
Scallion Marinade - added spices -no sage - less oil,SUB-029883-4-001,,,,,,,,,,,,,,,,,,,,,"FA-DE Spice, Garlic Granulated /Gewürz, Knoblauch granuliert",SPI-00-139353-5,0.37,0.37,grams,,,,0.37,grams
Scallion Marinated Salmon,SUB-029881-4-001,,,,,,,,,,,,,,,,,,,,,"FA-DE Salmon, Skinless, Boneless, Filet/Lachs, ohne Haut, ohne Knochen, Filet - IQF",PTN-00-139968-1,140,140,grams,FISCH,,,140,grams
Scallion Marinated Salmon,SUB-029881-4-001,Scallion Marinade - added spices -no sage - less oil,SUB-029883-4-001,9.92,grams,IMMERSION BLENDER,,,,,,,,,,,,,,,,"FA-DE Oil, Olive /Öl, Olivenöl",PRO-00-139277-5,3.63,3.63,grams,,,1.0,3.63,grams
Scallion Marinated Salmon,SUB-029881-4-001,Scallion Marinade - added spices -no sage - less oil,SUB-029883-4-001,9.92,grams,IMMERSION BLENDER,Green Onion Steam,SUB-029845-4-001,4.58,grams,OVEN,,,,,,,,,,,"FA-DE Onion, Green, Sliced 5mm /Zwiebel, grün, in Scheiben geschnitten, 5 mm",PHF-00-149803-3,4.67,4.67,grams,,,0.98,4.67,grams
Scallion Marinated Salmon,SUB-029881-4-001,Scallion Marinade - added spices -no sage - less oil,SUB-029883-4-001,9.92,grams,IMMERSION BLENDER,,,,,,,,,,,,,,,,"FA-DE Spice, Sea Salt /Gewürze, Meersalz",SPI-00-139378-5,0.59,0.59,grams,,,1.0,0.59,grams
Scallion Marinated Salmon,SUB-029881-4-001,Scallion Marinade - added spices -no sage - less oil,SUB-029883-4-001,9.92,grams,IMMERSION BLENDER,,,,,,,,,,,,,,,,"FA-DE Spice, Black Pepper, Ground /Gewürz, schwarzer Pfeffer, gemahlen",SPI-00-139334-5,0.43,0.43,grams,,,1.0,0.43,grams
Scallion Marinated Salmon,SUB-029881-4-001,Scallion Marinade - added spices -no sage - less oil,SUB-029883-4-001,9.92,grams,IMMERSION BLENDER,,,,,,,,,,,,,,,,"FA-DE Spice, Paprika /Gewürze, Paprika",SPI-00-139373-5,0.32,0.32,grams,,,1.0,0.32,grams
Scallion Marinated Salmon,SUB-029881-4-001,Scallion Marinade - added spices -no sage - less oil,SUB-029883-4-001,9.92,grams,IMMERSION BLENDER,,,,,,,,,,,,,,,,"FA-DE Spice, Garlic Granulated /Gewürz, Knoblauch granuliert",SPI-00-139353-5,0.37,0.37,grams,,,1.0,0.37,grams
Shredded Chicken Thighs - BRINED,SUB-013398-4-001,,,,,,,,,,,,,,,,,,,,,FA-DE Water / Wasser,OTH-00-144038-5,1700,1700,grams,,,,1700,grams
Shredded Chicken Thighs - BRINED,SUB-013398-4-001,,,,,,,,,,,,,,,,,,,,,"FA-DE Spice, Sea Salt /Gewürze, Meersalz",SPI-00-139378-5,15,15,grams,,,,15,grams
Shredded Chicken Thighs - BRINED,SUB-013398-4-001,,,,,,,,,,,,,,,,,,,,,"FA-DE Chicken, Thighs, Boneless Skinless /Hähnchen, Oberschenkel, ohne Knochen und ohne Haut",PTN-00-139343-3,1700,1700,grams,,,,1700,grams
Shredded chicken - Keto Crack Chicken Thigh Batch,SUB-013715-4-001,Shredded Chicken Thighs - BRINED,SUB-013398-4-001,1300,grams,BRINE,,,,,,,,,,,,,,,,FA-DE Water / Wasser,OTH-00-144038-5,1300,1300,grams,,,0.4978,1300,grams
Shredded chicken - Keto Crack Chicken Thigh Batch,SUB-013715-4-001,Shredded Chicken Thighs - BRINED,SUB-013398-4-001,1300,grams,BRINE,,,,,,,,,,,,,,,,"FA-DE Spice, Sea Salt /Gewürze, Meersalz",SPI-00-139378-5,11.47,11.47,grams,,,0.4978,11.47,grams
Shredded chicken - Keto Crack Chicken Thigh Batch,SUB-013715-4-001,Shredded Chicken Thighs - BRINED,SUB-013398-4-001,1300,grams,BRINE,,,,,,,,,,,,,,,,"FA-DE Chicken, Thighs, Boneless Skinless /Hähnchen, Oberschenkel, ohne Knochen und ohne Haut",PTN-00-139343-3,1300,1300,grams,,,0.4978,1300,grams
Shredded chicken - Keto Crack Chicken Thigh Batch,SUB-013715-4-001,,,,,,,,,,,,,,,,,,,,,FA-DE Reserved Braising Liquid / Zurückgehaltene Schmorfllüssigkeit,PRO-00-144041-3,340.19,340.19,grams,,,,340.19,grams
Shredded chicken - Keto Crack Chicken Thigh Batch,SUB-013715-4-001,DRY Ranch Seasoning,SUB-013480-4-001,14.18,grams,"HAND MIX, SPICE PORTIONING",,,,,,,,,,,,,,,,"FA-DE Spice, Buttermilk Powder/Gewürz, Buttermilchpulver",SPI-00-151139-5,8.74,8.74,grams,MILCH (EINSCHLIESSLICH LAKTOSE),,0.97982,8.74,grams
Shredded chicken - Keto Crack Chicken Thigh Batch,SUB-013715-4-001,DRY Ranch Seasoning,SUB-013480-4-001,14.18,grams,"HAND MIX, SPICE PORTIONING",,,,,,,,,,,,,,,,"FA-DE Spice, Garlic Granulated /Gewürz, Knoblauch granuliert",SPI-00-139353-5,1.83,1.83,grams,,,0.97982,1.83,grams
Shredded chicken - Keto Crack Chicken Thigh Batch,SUB-013715-4-001,DRY Ranch Seasoning,SUB-013480-4-001,14.18,grams,"HAND MIX, SPICE PORTIONING",,,,,,,,,,,,,,,,"FA-DE Spice, Onion Granulated /Gewürze, Zwiebeln granuliert",SPI-00-139370-5,1.61,1.61,grams,,,0.97982,1.61,grams
Shredded chicken - Keto Crack Chicken Thigh Batch,SUB-013715-4-001,DRY Ranch Seasoning,SUB-013480-4-001,14.18,grams,"HAND MIX, SPICE PORTIONING",,,,,,,,,,,,,,,,"FA-DE Spice, Black Pepper, Ground /Gewürz, schwarzer Pfeffer, gemahlen",SPI-00-139334-5,0.92,0.92,grams,,,0.97982,0.92,grams
Shredded chicken - Keto Crack Chicken Thigh Batch,SUB-013715-4-001,DRY Ranch Seasoning,SUB-013480-4-001,14.18,grams,"HAND MIX, SPICE PORTIONING",,,,,,,,,,,,,,,,"FA-DE Spice, Dill Dried /Gewürz, Dill getrocknet",SPI-00-139349-5,0.57,0.57,grams,,,0.97982,0.57,grams
Shredded chicken - Keto Crack Chicken Thigh Batch,SUB-013715-4-001,DRY Ranch Seasoning,SUB-013480-4-001,14.18,grams,"HAND MIX, SPICE PORTIONING",,,,,,,,,,,,,,,,"FA-DE Chives, Dried /Schnittlauch, getrocknet",SPI-00-139322-5,0.57,0.57,grams,,,0.97982,0.57,grams
Shredded chicken - Keto Crack Chicken Thigh Batch,SUB-013715-4-001,DRY Ranch Seasoning,SUB-013480-4-001,14.18,grams,"HAND MIX, SPICE PORTIONING",,,,,,,,,,,,,,,,"FA-DE Spice, Parsley Dried /Gewürze, getrocknete Petersilie",SPI-00-139374-5,0.23,0.23,grams,,,0.97982,0.23,grams
Shredded chicken - Keto Crack Chicken Thigh Batch,SUB-013715-4-001,Dry Ranch Marinade,SUB-031652-4-001,184.28,grams,IMMERSION BLENDER,Roasted Garlic (use),SUB-013367-4-001,14.47,grams,"BLAST CHILLER, BRAISER, SPICE PORTIONING",,,,,,,,,,,"FA-DE Garlic, Peeled, Whole Cloves [10kg] /Knoblauch, geschält, ganze Nelken [10kg]",PHF-00-139197-3,14.59,14.59,grams,,,0.56691,14.59,grams
Shredded chicken - Keto Crack Chicken Thigh Batch,SUB-013715-4-001,Dry Ranch Marinade,SUB-031652-4-001,184.28,grams,IMMERSION BLENDER,Roasted Garlic (use),SUB-013367-4-001,14.47,grams,"BLAST CHILLER, BRAISER, SPICE PORTIONING",,,,,,,,,,,"FA-DE Oil, Olive /Öl, Olivenöl",PRO-00-139277-5,10.94,10.94,grams,,,0.56691,10.94,grams
Shredded chicken - Keto Crack Chicken Thigh Batch,SUB-013715-4-001,Dry Ranch Marinade,SUB-031652-4-001,184.28,grams,IMMERSION BLENDER,DRY Ranch Seasoning,SUB-013480-4-001,28.93,grams,"HAND MIX, SPICE PORTIONING",,,,,,,,,,,"FA-DE Spice, Buttermilk Powder/Gewürz, Buttermilchpulver",SPI-00-151139-5,17.84,17.84,grams,MILCH (EINSCHLIESSLICH LAKTOSE),,0.97982,17.84,grams
Shredded chicken - Keto Crack Chicken Thigh Batch,SUB-013715-4-001,Dry Ranch Marinade,SUB-031652-4-001,184.28,grams,IMMERSION BLENDER,DRY Ranch Seasoning,SUB-013480-4-001,28.93,grams,"HAND MIX, SPICE PORTIONING",,,,,,,,,,,"FA-DE Spice, Garlic Granulated /Gewürz, Knoblauch granuliert",SPI-00-139353-5,3.74,3.74,grams,,,0.97982,3.74,grams
Shredded chicken - Keto Crack Chicken Thigh Batch,SUB-013715-4-001,Dry Ranch Marinade,SUB-031652-4-001,184.28,grams,IMMERSION BLENDER,DRY Ranch Seasoning,SUB-013480-4-001,28.93,grams,"HAND MIX, SPICE PORTIONING",,,,,,,,,,,"FA-DE Spice, Onion Granulated /Gewürze, Zwiebeln granuliert",SPI-00-139370-5,3.28,3.28,grams,,,0.97982,3.28,grams
Shredded chicken - Keto Crack Chicken Thigh Batch,SUB-013715-4-001,Dry Ranch Marinade,SUB-031652-4-001,184.28,grams,IMMERSION BLENDER,DRY Ranch Seasoning,SUB-013480-4-001,28.93,grams,"HAND MIX, SPICE PORTIONING",,,,,,,,,,,"FA-DE Spice, Black Pepper, Ground /Gewürz, schwarzer Pfeffer, gemahlen",SPI-00-139334-5,1.89,1.89,grams,,,0.97982,1.89,grams
Shredded chicken - Keto Crack Chicken Thigh Batch,SUB-013715-4-001,Dry Ranch Marinade,SUB-031652-4-001,184.28,grams,IMMERSION BLENDER,DRY Ranch Seasoning,SUB-013480-4-001,28.93,grams,"HAND MIX, SPICE PORTIONING",,,,,,,,,,,"FA-DE Spice, Dill Dried /Gewürz, Dill getrocknet",SPI-00-139349-5,1.16,1.16,grams,,,0.97982,1.16,grams
Shredded chicken - Keto Crack Chicken Thigh Batch,SUB-013715-4-001,Dry Ranch Marinade,SUB-031652-4-001,184.28,grams,IMMERSION BLENDER,DRY Ranch Seasoning,SUB-013480-4-001,28.93,grams,"HAND MIX, SPICE PORTIONING",,,,,,,,,,,"FA-DE Chives, Dried /Schnittlauch, getrocknet",SPI-00-139322-5,1.16,1.16,grams,,,0.97982,1.16,grams
Shredded chicken - Keto Crack Chicken Thigh Batch,SUB-013715-4-001,Dry Ranch Marinade,SUB-031652-4-001,184.28,grams,IMMERSION BLENDER,DRY Ranch Seasoning,SUB-013480-4-001,28.93,grams,"HAND MIX, SPICE PORTIONING",,,,,,,,,,,"FA-DE Spice, Parsley Dried /Gewürze, getrocknete Petersilie",SPI-00-139374-5,0.46,0.46,grams,,,0.97982,0.46,grams
Shredded chicken - Keto Crack Chicken Thigh Batch,SUB-013715-4-001,Dry Ranch Marinade,SUB-031652-4-001,184.28,grams,IMMERSION BLENDER,,,,,,,,,,,,,,,,"FA-DE Oil, Olive /Öl, Olivenöl",PRO-00-139277-5,144.65,144.65,grams,,,0.97998,144.65,grams
Smokehouse Ketchup,SUB-013422-4-001,,,,,,,,,,,,,,,,,,,,,"FA-DE Spice, Black Pepper, Ground /Gewürz, schwarzer Pfeffer, gemahlen",SPI-00-139334-5,1.42,1.42,grams,,,,1.42,grams
Smokehouse Ketchup,SUB-013422-4-001,,,,,,,,,,,,,,,,,,,,,FA-DE Honey /Honig – Masse,PRO-00-139266-5,163.01,163.01,grams,,,,163.01,grams
Smokehouse Ketchup,SUB-013422-4-001,,,,,,,,,,,,,,,,,,,,,"FA-DE Garlic, IQF, Diced 4 mm /Knoblauch, IQF, gewürfelt 4 mm",PHF-00-139237-1,41.39,41.39,grams,SCHWEFELDIOXIDE UND SULFITE,,,41.39,grams
Smokehouse Ketchup,SUB-013422-4-001,Concentrated Tomatoes- Diluted (90/10) (primo gusto/old california),SUB-013421-4-001,758.07,grams,"DEBOX, STAGING",,,,,,,,,,,,,,,,"FA-DE Tomatoes, Concentrated Crushed /Tomaten, konzentriert, zerkleinert",PRO-00-139293-5,681.93,681.93,grams,,,1.0,681.93,grams
Smokehouse Ketchup,SUB-013422-4-001,Concentrated Tomatoes- Diluted (90/10) (primo gusto/old california),SUB-013421-4-001,758.07,grams,"DEBOX, STAGING",,,,,,,,,,,,,,,,FA-DE Water / Wasser,OTH-00-144038-5,76.14,76.14,grams,,,1.0,76.14,grams
Smokehouse Ketchup,SUB-013422-4-001,,,,,,,,,,,,,,,,,,,,,"FA-DE Oil, Olive /Öl, Olivenöl",PRO-00-139277-5,23.25,23.25,grams,,,,23.25,grams
Smokehouse Ketchup,SUB-013422-4-001,,,,,,,,,,,,,,,,,,,,,"FA-DE Thyme, IQF /Thymian, IQF",PHF-00-139244-1,2.84,2.84,grams,,,,2.84,grams
Smokehouse Ketchup,SUB-013422-4-001,,,,,,,,,,,,,,,,,,,,,"FA-DE Vinegar, Balsamic /Essig, Balsamico",PRO-00-139298-5,103.19,103.19,grams,SCHWEFELDIOXIDE UND SULFITE,,,103.19,grams
Sour Cream and Chive Mashed Yukons (more salt),SUB-014217-4-001,,,,,,,,,,,,,,,,,,,,,"FA-DE Milk, Whole /Milch, voll",DAI-00-139142-3,9.03,9.03,grams,MILCH (EINSCHLIESSLICH LAKTOSE),,,9.03,grams
Sour Cream and Chive Mashed Yukons (more salt),SUB-014217-4-001,,,,,,,,,,,,,,,,,,,,,"FA-DE Butter, Unsalted /Butter, ungesalzen",DAI-00-139146-3,3.57,3.57,grams,MILCH (EINSCHLIESSLICH LAKTOSE),,,3.57,grams
Sour Cream and Chive Mashed Yukons (more salt),SUB-014217-4-001,,,,,,,,,,,,,,,,,,,,,FA-DE Sour Cream /Sauerrahm,DAI-00-139141-3,10.41,10.41,grams,MILCH (EINSCHLIESSLICH LAKTOSE),,,10.41,grams
Sour Cream and Chive Mashed Yukons (more salt),SUB-014217-4-001,,,,,,,,,,,,,,,,,,,,,"FA-DE Spice, Garlic Powder, Toasted /Gewürz, Knoblauchpulver, geröstet",SPI-00-139354-5,0.3,0.3,grams,,,,0.3,grams
Sour Cream and Chive Mashed Yukons (more salt),SUB-014217-4-001,,,,,,,,,,,,,,,,,,,,,"FA-DE Chives, Dried /Schnittlauch, getrocknet",SPI-00-139322-5,0.6,0.6,grams,,,,0.6,grams
Sour Cream and Chive Mashed Yukons (more salt),SUB-014217-4-001,,,,,,,,,,,,,,,,,,,,,"FA-DE Spice, Black Pepper, Ground /Gewürz, schwarzer Pfeffer, gemahlen",SPI-00-139334-5,0.15,0.15,grams,,,,0.15,grams
Sour Cream and Chive Mashed Yukons (more salt),SUB-014217-4-001,,,,,,,,,,,,,,,,,,,,,"FA-DE Spice, Sea Salt /Gewürze, Meersalz",SPI-00-139378-5,0.83,0.83,grams,,,,0.83,grams
Sour Cream and Chive Mashed Yukons (more salt),SUB-014217-4-001,,,,,,,,,,,,,,,,,,,,,"FA-DE Spice, Onion Granulated /Gewürze, Zwiebeln granuliert",SPI-00-139370-5,0.3,0.3,grams,,,,0.3,grams
Sour Cream and Chive Mashed Yukons (more salt),SUB-014217-4-001,Cooked Diced Potato,SUB-013592-4-001,100.69,grams,"BLAST CHILLER, OVEN",,,,,,,,,,,,,,,,"FA-DE Potatoes, Diced 10mm /Kartoffeln, gewürfelt, 10 mm",PHF-00-139219-3,102.74,102.74,grams,,,0.98,102.74,grams
Sour Cream and Chive Mashed Yukons (more salt),SUB-014217-4-001,Roasted Garlic (use),SUB-013367-4-001,1.49,grams,"BLAST CHILLER, BRAISER, SPICE PORTIONING",,,,,,,,,,,,,,,,"FA-DE Garlic, Peeled, Whole Cloves [10kg] /Knoblauch, geschält, ganze Nelken [10kg]",PHF-00-139197-3,1.5,1.5,grams,,,0.56691,1.5,grams
Sour Cream and Chive Mashed Yukons (more salt),SUB-014217-4-001,Roasted Garlic (use),SUB-013367-4-001,1.49,grams,"BLAST CHILLER, BRAISER, SPICE PORTIONING",,,,,,,,,,,,,,,,"FA-DE Oil, Olive /Öl, Olivenöl",PRO-00-139277-5,1.13,1.13,grams,,,0.56691,1.13,grams
Spice Roasted Potatoes 10mm Diced-Less Pepper,SUB-030305-4-001,,,,,,,,,,,,,,,,,,,,,"FA-DE Potatoes, Diced 10mm /Kartoffeln, gewürfelt, 10 mm",PHF-00-139219-3,91.46,91.46,grams,,,,91.46,grams
Spice Roasted Potatoes 10mm Diced-Less Pepper,SUB-030305-4-001,,,,,,,,,,,,,,,,,,,,,"FA-DE Oil, Olive /Öl, Olivenöl",PRO-00-139277-5,2.48,2.48,grams,,,,2.48,grams
Spice Roasted Potatoes 10mm Diced-Less Pepper,SUB-030305-4-001,,,,,,,,,,,,,,,,,,,,,"FA-DE Spice, Paprika /Gewürze, Paprika",SPI-00-139373-5,0.86,0.86,grams,,,,0.86,grams
Spice Roasted Potatoes 10mm Diced-Less Pepper,SUB-030305-4-001,,,,,,,,,,,,,,,,,,,,,"FA-DE Spice, Onion Granulated /Gewürze, Zwiebeln granuliert",SPI-00-139370-5,0.86,0.86,grams,,,,0.86,grams
Spice Roasted Potatoes 10mm Diced-Less Pepper,SUB-030305-4-001,,,,,,,,,,,,,,,,,,,,,"FA-DE Spice, Garlic Granulated /Gewürz, Knoblauch granuliert",SPI-00-139353-5,0.65,0.65,grams,,,,0.65,grams
Spice Roasted Potatoes 10mm Diced-Less Pepper,SUB-030305-4-001,,,,,,,,,,,,,,,,,,,,,"FA-DE Spice, Black Pepper, Ground /Gewürz, schwarzer Pfeffer, gemahlen",SPI-00-139334-5,0.23,0.23,grams,,,,0.23,grams
Spice Roasted Potatoes 10mm Diced-Less Pepper,SUB-030305-4-001,,,,,,,,,,,,,,,,,,,,,"FA-DE Spice, Cumin Ground /Gewürz, gemahlener Kreuzkümmel",SPI-00-139345-5,0.43,0.43,grams,,,,0.43,grams
Spice Roasted Potatoes 10mm Diced-Less Pepper,SUB-030305-4-001,,,,,,,,,,,,,,,,,,,,,"FA-DE Spice, Sea Salt /Gewürze, Meersalz",SPI-00-139378-5,0.3,0.3,grams,,,,0.3,grams
Spinach - Creamed Spinach,SUB-013867-4-001,,,,,,,,,,,,,,,,,,,,,"FA-DE Spice, Sea Salt /Gewürze, Meersalz",SPI-00-139378-5,0.12,0.12,grams,,,,0.12,grams
Spinach - Creamed Spinach,SUB-013867-4-001,,,,,,,,,,,,,,,,,,,,,"FA-DE Onion, Spanish, Diced 5mm /Zwiebel, Spanisch, gewürfelt 5 mm",PHF-00-139212-3,10.55,10.55,grams,,,,10.55,grams
Spinach - Creamed Spinach,SUB-013867-4-001,,,,,,,,,,,,,,,,,,,,,"FA-DE Cheese, Parmesan, Grated /Käse, Parmesan, gerieben",DAI-00-139127-3,7.91,7.91,grams,MILCH (EINSCHLIESSLICH LAKTOSE),,,7.91,grams
Spinach - Creamed Spinach,SUB-013867-4-001,Thawed & Squeezed Frozen Spinach,SUB-013405-4-001,62.37,grams,"BLAST CHILLER, HAND MIX, OVEN",,,,,,,,,,,,,,,,"FA-DE Spinach, Frozen Leaf/Spinat, gefrorener Blattspinat",PHF-00-139242-1,77.88,77.88,grams,,,0.80087,77.88,grams
Spinach - Creamed Spinach,SUB-013867-4-001,,,,,,,,,,,,,,,,,,,,,"FA-DE Oil, Olive /Öl, Olivenöl",PRO-00-139277-5,2.64,2.64,grams,,,,2.64,grams
Spinach - Creamed Spinach,SUB-013867-4-001,,,,,,,,,,,,,,,,,,,,,"FA-DE Cheese, Cream, 13% Fat (Milk) /Käse, Sahne, 13% Fett",DAI-00-139122-3,34.02,34.02,grams,MILCH (EINSCHLIESSLICH LAKTOSE),,,34.02,grams
Spinach - Creamed Spinach,SUB-013867-4-001,,,,,,,,,,,,,,,,,,,,,"FA-DE Garlic, IQF, Diced 4 mm /Knoblauch, IQF, gewürfelt 4 mm",PHF-00-139237-1,2.64,2.64,grams,SCHWEFELDIOXIDE UND SULFITE,,,2.64,grams
Steamed Cauliflower Rice,SUB-029075-4-001,,,,,,,,,,,,,,,,,,,,,"FA-DE Cauliflower, Riced, IQF /Blumenkohl, Reis, IQF",PHF-00-139233-1,75.82,75.82,grams,,,,75.82,grams
Steamed Green Beans,SUB-030310-4-001,,,,,,,,,,,,,,,,,,,,,"FA-DE Green Beans, Fresh, Cut 40mm /Grüne Bohnen, frisch, geschnitten 40mm",PHF-00-139199-3,56.85,56.85,grams,,,,56.85,grams
Steamed Green Beans,SUB-030310-4-001,,,,,,,,,,,,,,,,,,,,,"FA-DE Oil, Olive /Öl, Olivenöl",PRO-00-139277-5,1.14,1.14,grams,,,,1.14,grams
Steamed Green Beans,SUB-030310-4-001,,,,,,,,,,,,,,,,,,,,,"FA-DE Spice, Sea Salt /Gewürze, Meersalz",SPI-00-139378-5,0.14,0.14,grams,,,,0.14,grams
Steamed Potato Batch,SUB-013509-4-001,,,,,,,,,,,,,,,,,,,,,"FA-DE Potatoes, Diced 10mm /Kartoffeln, gewürfelt, 10 mm",PHF-00-139219-3,83010,83010,grams,,,,83010,grams
Sun-Dried Tomato + Basil Puree,SUB-029076-4-001,,,,,,,,,,,,,,,,,,,,,FA-DE Water / Wasser,OTH-00-144038-5,45340,45340,grams,,,,45340,grams
Sun-Dried Tomato + Basil Puree,SUB-029076-4-001,Basil - Picked Basil Leaves,SUB-013424-4-001,4650,grams,"DEBOX, STAGING",,,,,,,,,,,,,,,,"FA-DE Basil, Fresh /Basilikum, frisch",PHF-00-139175-3,8305.66,8305.66,grams,,,0.55986,8305.66,grams
Sun-Dried Tomato + Basil Puree,SUB-029076-4-001,,,,,,,,,,,,,,,,,,,,,"FA-DE Tomatoes, Sun - Dried Julienned /Tomaten, sonnengetrocknete Julienne",PRO-00-139296-5,45340,45340,grams,,,,45340,grams
Thawed & Squeezed Frozen Spinach,SUB-013405-4-001,,,,,,,,,,,,,,,,,,,,,"FA-DE Spinach, Frozen Leaf/Spinat, gefrorener Blattspinat",PHF-00-139242-1,2310,2310,grams,,,,2310,grams
Toasted Sliced Almonds,SUB-013495-4-001,,,,,,,,,,,,,,,,,,,,,"FA-DE Almond, Sliced, Blanched /Mandeln, geschnitten, blanchiert",SPI-00-139147-5,65.2,65.2,grams,"MANDELN, SCHALENFRÜCHTE",,,65.2,grams
Tomato & Bell Pepper Quinoa Batch 2,SUB-029879-4-001,Cooked Tomato Quinoa,SUB-029880-4-001,59.53,grams,"BLAST CHILLER, OVEN",,,,,,,,,,,,,,,,FA-DE Water / Wasser,OTH-00-144038-5,28.83,28.83,grams,,,0.97026,28.83,grams
Tomato & Bell Pepper Quinoa Batch 2,SUB-029879-4-001,Cooked Tomato Quinoa,SUB-029880-4-001,59.53,grams,"BLAST CHILLER, OVEN",,,,,,,,,,,,,,,,"FA-DE Spice, Sea Salt /Gewürze, Meersalz",SPI-00-139378-5,0.81,0.81,grams,,,0.97026,0.81,grams
Tomato & Bell Pepper Quinoa Batch 2,SUB-029879-4-001,Cooked Tomato Quinoa,SUB-029880-4-001,59.53,grams,"BLAST CHILLER, OVEN",,,,,,,,,,,,,,,,"FA-DE Quinoa, White/Quinoa, weiß",DRY-00-139166-5,24.4,24.4,grams,,,0.97026,24.4,grams
Tomato & Bell Pepper Quinoa Batch 2,SUB-029879-4-001,Cooked Tomato Quinoa,SUB-029880-4-001,59.53,grams,"BLAST CHILLER, OVEN",,,,,,,,,,,,,,,,"FA-DE Tomatoes, Concentrated Crushed /Tomaten, konzentriert, zerkleinert",PRO-00-139293-5,7.32,7.32,grams,,,0.97026,7.32,grams
Tomato & Bell Pepper Quinoa Batch 2,SUB-029879-4-001,Cumin Roasted Diced Red & Green Bell Peppers - 10mm,SUB-029888-4-001,59.53,grams,"BLAST CHILLER, OVEN",,,,,,,,,,,,,,,,"FA-DE Bell Peppers, Red, Diced 10mm /Paprika, rot, gewürfelt 10 mm",PHF-00-139179-3,25.54,25.54,grams,,,0.73737,25.54,grams
Tomato & Bell Pepper Quinoa Batch 2,SUB-029879-4-001,Cumin Roasted Diced Red & Green Bell Peppers - 10mm,SUB-029888-4-001,59.53,grams,"BLAST CHILLER, OVEN",,,,,,,,,,,,,,,,"FA-DE Bell Peppers, Green, Diced 10mm /Paprika, grün, gewürfelt 10 mm",PHF-00-139176-3,25.56,25.56,grams,,,0.73737,25.56,grams
Tomato & Bell Pepper Quinoa Batch 2,SUB-029879-4-001,Cumin Roasted Diced Red & Green Bell Peppers - 10mm,SUB-029888-4-001,59.53,grams,"BLAST CHILLER, OVEN",,,,,,,,,,,,,,,,"FA-DE Onion, Red, Diced 10mm/Zwiebeln, rot, gewürfelt, 10 mm",PHF-00-139216-3,25.54,25.54,grams,,,0.73737,25.54,grams
Tomato & Bell Pepper Quinoa Batch 2,SUB-029879-4-001,Cumin Roasted Diced Red & Green Bell Peppers - 10mm,SUB-029888-4-001,59.53,grams,"BLAST CHILLER, OVEN",,,,,,,,,,,,,,,,"FA-DE Oil, Olive /Öl, Olivenöl",PRO-00-139277-5,1.84,1.84,grams,,,0.73737,1.84,grams
Tomato & Bell Pepper Quinoa Batch 2,SUB-029879-4-001,Cumin Roasted Diced Red & Green Bell Peppers - 10mm,SUB-029888-4-001,59.53,grams,"BLAST CHILLER, OVEN",,,,,,,,,,,,,,,,"FA-DE Spice, Cumin Ground /Gewürz, gemahlener Kreuzkümmel",SPI-00-139345-5,0.61,0.61,grams,,,0.73737,0.61,grams
Tomato & Bell Pepper Quinoa Batch 2,SUB-029879-4-001,Cumin Roasted Diced Red & Green Bell Peppers - 10mm,SUB-029888-4-001,59.53,grams,"BLAST CHILLER, OVEN",,,,,,,,,,,,,,,,"FA-DE Spice, Paprika /Gewürze, Paprika",SPI-00-139373-5,0.61,0.61,grams,,,0.73737,0.61,grams
Tomato & Bell Pepper Quinoa Batch 2,SUB-029879-4-001,Cumin Roasted Diced Red & Green Bell Peppers - 10mm,SUB-029888-4-001,59.53,grams,"BLAST CHILLER, OVEN",,,,,,,,,,,,,,,,"FA-DE Spice, Chili Powder /Gewürz, Chilipulver",SPI-00-139340-5,0.61,0.61,grams,,,0.73737,0.61,grams
Tomato & Bell Pepper Quinoa Batch 2,SUB-029879-4-001,Cumin Roasted Diced Red & Green Bell Peppers - 10mm,SUB-029888-4-001,59.53,grams,"BLAST CHILLER, OVEN",,,,,,,,,,,,,,,,"FA-DE Spice, Coriander Ground /Gewürz, gemahlener Koriander",SPI-00-139386-5,0.14,0.14,grams,,,0.73737,0.14,grams
Tomato & Bell Pepper Quinoa Batch 2,SUB-029879-4-001,Cumin Roasted Diced Red & Green Bell Peppers - 10mm,SUB-029888-4-001,59.53,grams,"BLAST CHILLER, OVEN",,,,,,,,,,,,,,,,"FA-DE Spice, Sea Salt /Gewürze, Meersalz",SPI-00-139378-5,0.29,0.29,grams,,,0.73737,0.29,grams
Tomatoes - Roasted cherry tomatoes,SUB-013627-4-001,,,,,,,,,,,,,,,,,,,,,"FA-DE Tomatoes, Cherry/Tomaten, Kirsche",PHF-00-139190-3,850.49,850.49,grams,,,,850.49,grams
Tomatoes - Roasted cherry tomatoes,SUB-013627-4-001,,,,,,,,,,,,,,,,,,,,,"FA-DE Oil, Olive /Öl, Olivenöl",PRO-00-139277-5,8.5,8.5,grams,,,,8.5,grams
Tomatoes - Roasted cherry tomatoes,SUB-013627-4-001,,,,,,,,,,,,,,,,,,,,,"FA-DE Spice, Sea Salt /Gewürze, Meersalz",SPI-00-139378-5,0.28,0.28,grams,,,,0.28,grams
