Recipe Name,Recipe ID,Sub-Recipe 1 Name,Sub-Recipe 1 ID,Sub-Recipe 1 Quantity,Sub-Recipe 1 UOM,Sub-Recipe 1 Recipe Categories,Sub-Recipe 2 Name,Sub-Recipe 2 ID,Sub-Recipe 2 Quantity,Sub-Recipe 2 UOM,Sub-Recipe 2 Recipe Categories,Sub-Recipe 3 Name,Sub-Recipe 3 ID,Sub-Recipe 3 Quantity,Sub-Recipe 3 UOM,Sub-Recipe 3 Recipe Categories,Sub-Recipe 4 Name,Sub-Recipe 4 ID,Sub-Recipe 4 Quantity,Sub-Recipe 4 UOM,Sub-Recipe 4 Recipe Categories,Ingredient,Ingredient ID,Gross Ingredient Qty,Net Ingredient Qty,Ingredient UOM,Ingredient Allergen Type,Sub Allergen Type,Sub-Recipe Yield %,Qty Converted to Weight,Qty Unit
Almonds - Garlic & Black Pepper Toasted Almonds,SUB-013553-4-001,,,,,,,,,,,,,,,,,,,,,"FA-DE Almond, Sliced, Blanched /Mandeln, geschnitten, blanchiert",SPI-00-139147-5,7.94,7.94,grams,"MANDELN, SCHALENFRÜCHTE",,,7.94,grams
Almonds - Garlic & Black Pepper Toasted Almonds,SUB-013553-4-001,,,,,,,,,,,,,,,,,,,,,"FA-DE Oil, Olive /Öl, Olivenöl",PRO-00-139277-5,0.57,0.57,grams,,,,0.57,grams
Almonds - Garlic & Black Pepper Toasted Almonds,SUB-013553-4-001,,,,,,,,,,,,,,,,,,,,,"FA-DE Spice, Garlic Granulated /Gewürz, Knoblauch granuliert",SPI-00-139353-5,0.28,0.28,grams,,,,0.28,grams
Almonds - Garlic & Black Pepper Toasted Almonds,SUB-013553-4-001,,,,,,,,,,,,,,,,,,,,,"FA-DE Spice, Black Pepper, Ground /Gewürz, schwarzer Pfeffer, gemahlen",SPI-00-139334-5,0.07,0.07,grams,,,,0.07,grams
Almonds - Garlic & Black Pepper Toasted Almonds,SUB-013553-4-001,,,,,,,,,,,,,,,,,,,,,"FA-DE Spice, Sea Salt /Gewürze, Meersalz",SPI-00-139378-5,0.06,0.06,grams,,,,0.06,grams
Balsamic Cherry Tomatoes,SUB-014243-4-001,,,,,,,,,,,,,,,,,,,,,"FA-DE Spice, Black Pepper, Ground /Gewürz, schwarzer Pfeffer, gemahlen",SPI-00-139334-5,9.37,9.37,grams,,,,9.37,grams
Balsamic Cherry Tomatoes,SUB-014243-4-001,,,,,,,,,,,,,,,,,,,,,"FA-DE Tomatoes, Cherry/Tomaten, Kirsche",PHF-00-139190-3,2780,2780,grams,,,,2780,grams
Balsamic Cherry Tomatoes,SUB-014243-4-001,,,,,,,,,,,,,,,,,,,,,"FA-DE Oil, Olive /Öl, Olivenöl",PRO-00-139277-5,131.12,131.12,grams,,,,131.12,grams
Balsamic Cherry Tomatoes,SUB-014243-4-001,,,,,,,,,,,,,,,,,,,,,"FA-DE Vinegar, Balsamic /Essig, Balsamico",PRO-00-139298-5,93.66,93.66,grams,SCHWEFELDIOXIDE UND SULFITE,,,93.66,grams
Balsamic Cherry Tomatoes,SUB-014243-4-001,Basil - Picked Basil Leaves,SUB-013424-4-001,32.78,grams,"DEBOX, STAGING",,,,,,,,,,,,,,,,"FA-DE Basil, Fresh /Basilikum, frisch",PHF-00-139175-3,58.55,58.55,grams,,,0.55986,58.55,grams
Balsamic Cherry Tomatoes,SUB-014243-4-001,,,,,,,,,,,,,,,,,,,,,"FA-DE Onion, Red, Diced 5mm /Zwiebeln, rot, gewürfelt 5 mm",PHF-00-139213-3,257.55,257.55,grams,,,,257.55,grams
Basil - Picked Basil Leaves,SUB-013424-4-001,,,,,,,,,,,,,,,,,,,,,"FA-DE Basil, Fresh /Basilikum, frisch",PHF-00-139175-3,2840,2840,grams,,,,2840,grams
Basil Kill Step,SUB-024331-4-001,Basil - Picked Basil Leaves,SUB-013424-4-001,1000,grams,"DEBOX, STAGING",,,,,,,,,,,,,,,,"FA-DE Basil, Fresh /Basilikum, frisch",PHF-00-139175-3,1786.16,1786.16,grams,,,0.55986,1786.16,grams
Beef Burger Master EU,SUB-031776-4-001,Burger Patty,SUB-031783-4-001,194,grams,"BLAST CHILLER, HORIZONTAL MIXER, OVEN, PATTY MAKER",,,,,,,,,,,,,,,,"FA-DE Beef, Ground, 80/20 /Rindfleisch, gemahlen, 80/20",PTN-00-139319-3,161.44,161.44,grams,,,0.97143,161.44,grams
Beef Burger Master EU,SUB-031776-4-001,Burger Patty,SUB-031783-4-001,194,grams,"BLAST CHILLER, HORIZONTAL MIXER, OVEN, PATTY MAKER",Cooked Burger Veggies,SUB-031784-4-001,21.52,grams,"BLAST CHILLER, BRAISER, SPICE PORTIONING",,,,,,,,,,,"FA-DE Onion, Spanish, Diced 5mm /Zwiebel, Spanisch, gewürfelt 5 mm",PHF-00-139212-3,7.94,7.94,grams,,,0.94991,7.94,grams
Beef Burger Master EU,SUB-031776-4-001,Burger Patty,SUB-031783-4-001,194,grams,"BLAST CHILLER, HORIZONTAL MIXER, OVEN, PATTY MAKER",Cooked Burger Veggies,SUB-031784-4-001,21.52,grams,"BLAST CHILLER, BRAISER, SPICE PORTIONING",,,,,,,,,,,"FA-DE Garlic, IQF, Diced 4 mm /Knoblauch, IQF, gewürfelt 4 mm",PHF-00-139237-1,4.54,4.54,grams,SCHWEFELDIOXIDE UND SULFITE,,0.94991,4.54,grams
Beef Burger Master EU,SUB-031776-4-001,Burger Patty,SUB-031783-4-001,194,grams,"BLAST CHILLER, HORIZONTAL MIXER, OVEN, PATTY MAKER",Cooked Burger Veggies,SUB-031784-4-001,21.52,grams,"BLAST CHILLER, BRAISER, SPICE PORTIONING",,,,,,,,,,,"FA-DE Oil, Olive /Öl, Olivenöl",PRO-00-139277-5,3.03,3.03,grams,,,0.94991,3.03,grams
Beef Burger Master EU,SUB-031776-4-001,Burger Patty,SUB-031783-4-001,194,grams,"BLAST CHILLER, HORIZONTAL MIXER, OVEN, PATTY MAKER",Cooked Burger Veggies,SUB-031784-4-001,21.52,grams,"BLAST CHILLER, BRAISER, SPICE PORTIONING",,,,,,,,,,,"FA-DE Spice, Garlic Granulated /Gewürz, Knoblauch granuliert",SPI-00-139353-5,2.27,2.27,grams,,,0.94991,2.27,grams
Beef Burger Master EU,SUB-031776-4-001,Burger Patty,SUB-031783-4-001,194,grams,"BLAST CHILLER, HORIZONTAL MIXER, OVEN, PATTY MAKER",Cooked Burger Veggies,SUB-031784-4-001,21.52,grams,"BLAST CHILLER, BRAISER, SPICE PORTIONING",,,,,,,,,,,"FA-DE Spice, Onion Granulated /Gewürze, Zwiebeln granuliert",SPI-00-139370-5,4.54,4.54,grams,,,0.94991,4.54,grams
Beef Burger Master EU,SUB-031776-4-001,Burger Patty,SUB-031783-4-001,194,grams,"BLAST CHILLER, HORIZONTAL MIXER, OVEN, PATTY MAKER",Cooked Burger Veggies,SUB-031784-4-001,21.52,grams,"BLAST CHILLER, BRAISER, SPICE PORTIONING",,,,,,,,,,,"FA-DE Spice, Sea Salt /Gewürze, Meersalz",SPI-00-139378-5,0.33,0.33,grams,,,0.94991,0.33,grams
Beef Burger Master EU,SUB-031776-4-001,Burger Patty,SUB-031783-4-001,194,grams,"BLAST CHILLER, HORIZONTAL MIXER, OVEN, PATTY MAKER",Burger Stock,SUB-031810-4-001,16.75,grams,IMMERSION BLENDER,,,,,,,,,,,FA-DE Water / Wasser,OTH-00-144038-5,15.28,15.28,grams,,,0.98807,15.28,grams
Beef Burger Master EU,SUB-031776-4-001,Burger Patty,SUB-031783-4-001,194,grams,"BLAST CHILLER, HORIZONTAL MIXER, OVEN, PATTY MAKER",Burger Stock,SUB-031810-4-001,16.75,grams,IMMERSION BLENDER,,,,,,,,,,,"FA-DE Stock, Chicken, Reduced/Brühe, Huhn, Reduziert",PRO-00-139288-5,1.09,1.09,grams,,,0.98807,1.09,grams
Beef Burger Master EU,SUB-031776-4-001,Burger Patty,SUB-031783-4-001,194,grams,"BLAST CHILLER, HORIZONTAL MIXER, OVEN, PATTY MAKER",Burger Stock,SUB-031810-4-001,16.75,grams,IMMERSION BLENDER,,,,,,,,,,,"FA-DE Spice, Sea Salt /Gewürze, Meersalz",SPI-00-139378-5,0.58,0.58,grams,,,0.98807,0.58,grams
Broccoli - Roasted S&P,SUB-016200-4-001,,,,,,,,,,,,,,,,,,,,,"FA-DE Spice, Black Pepper, Ground /Gewürz, schwarzer Pfeffer, gemahlen",SPI-00-139334-5,2.5,2.5,grams,,,,2.5,grams
Broccoli - Roasted S&P,SUB-016200-4-001,,,,,,,,,,,,,,,,,,,,,"FA-DE Spice, Garlic Powder, Toasted /Gewürz, Knoblauchpulver, geröstet",SPI-00-139354-5,2,2,grams,,,,2,grams
Broccoli - Roasted S&P,SUB-016200-4-001,,,,,,,,,,,,,,,,,,,,,"FA-DE Broccoli, Florets, /Brokkoli, Röschen",PHF-00-143425-3,706,706,grams,,,,706,grams
Broccoli - Roasted S&P,SUB-016200-4-001,,,,,,,,,,,,,,,,,,,,,"FA-DE Oil, Olive /Öl, Olivenöl",PRO-00-139277-5,51,51,grams,,,,51,grams
Broccoli - Roasted S&P,SUB-016200-4-001,,,,,,,,,,,,,,,,,,,,,"FA-DE Spice, Sea Salt /Gewürze, Meersalz",SPI-00-139378-5,3,3,grams,,,,3,grams
Brown Basmati Rice Cooked -NO SALT,SUB-030343-4-001,,,,,,,,,,,,,,,,,,,,,"FA-DE Rice, Basmati, Brown /Reis, Basmati, braun",DRY-00-139168-5,2730,2730,grams,,,,2730,grams
Brown Basmati Rice Cooked -NO SALT,SUB-030343-4-001,,,,,,,,,,,,,,,,,,,,,FA-DE Water / Wasser,OTH-00-144038-5,4090,4090,grams,,,,4090,grams
Burger Patty,SUB-031783-4-001,,,,,,,,,,,,,,,,,,,,,"FA-DE Beef, Ground, 80/20 /Rindfleisch, gemahlen, 80/20",PTN-00-139319-3,169.76,169.76,grams,,,,169.76,grams
Burger Patty,SUB-031783-4-001,Cooked Burger Veggies,SUB-031784-4-001,22.63,grams,"BLAST CHILLER, BRAISER, SPICE PORTIONING",,,,,,,,,,,,,,,,"FA-DE Onion, Spanish, Diced 5mm /Zwiebel, Spanisch, gewürfelt 5 mm",PHF-00-139212-3,8.35,8.35,grams,,,0.94991,8.35,grams
Burger Patty,SUB-031783-4-001,Cooked Burger Veggies,SUB-031784-4-001,22.63,grams,"BLAST CHILLER, BRAISER, SPICE PORTIONING",,,,,,,,,,,,,,,,"FA-DE Garlic, IQF, Diced 4 mm /Knoblauch, IQF, gewürfelt 4 mm",PHF-00-139237-1,4.77,4.77,grams,SCHWEFELDIOXIDE UND SULFITE,,0.94991,4.77,grams
Burger Patty,SUB-031783-4-001,Cooked Burger Veggies,SUB-031784-4-001,22.63,grams,"BLAST CHILLER, BRAISER, SPICE PORTIONING",,,,,,,,,,,,,,,,"FA-DE Oil, Olive /Öl, Olivenöl",PRO-00-139277-5,3.19,3.19,grams,,,0.94991,3.19,grams
Burger Patty,SUB-031783-4-001,Cooked Burger Veggies,SUB-031784-4-001,22.63,grams,"BLAST CHILLER, BRAISER, SPICE PORTIONING",,,,,,,,,,,,,,,,"FA-DE Spice, Garlic Granulated /Gewürz, Knoblauch granuliert",SPI-00-139353-5,2.39,2.39,grams,,,0.94991,2.39,grams
Burger Patty,SUB-031783-4-001,Cooked Burger Veggies,SUB-031784-4-001,22.63,grams,"BLAST CHILLER, BRAISER, SPICE PORTIONING",,,,,,,,,,,,,,,,"FA-DE Spice, Onion Granulated /Gewürze, Zwiebeln granuliert",SPI-00-139370-5,4.77,4.77,grams,,,0.94991,4.77,grams
Burger Patty,SUB-031783-4-001,Cooked Burger Veggies,SUB-031784-4-001,22.63,grams,"BLAST CHILLER, BRAISER, SPICE PORTIONING",,,,,,,,,,,,,,,,"FA-DE Spice, Sea Salt /Gewürze, Meersalz",SPI-00-139378-5,0.35,0.35,grams,,,0.94991,0.35,grams
Burger Patty,SUB-031783-4-001,Burger Stock,SUB-031810-4-001,17.61,grams,IMMERSION BLENDER,,,,,,,,,,,,,,,,FA-DE Water / Wasser,OTH-00-144038-5,16.07,16.07,grams,,,0.98807,16.07,grams
Burger Patty,SUB-031783-4-001,Burger Stock,SUB-031810-4-001,17.61,grams,IMMERSION BLENDER,,,,,,,,,,,,,,,,"FA-DE Stock, Chicken, Reduced/Brühe, Huhn, Reduziert",PRO-00-139288-5,1.14,1.14,grams,,,0.98807,1.14,grams
Burger Patty,SUB-031783-4-001,Burger Stock,SUB-031810-4-001,17.61,grams,IMMERSION BLENDER,,,,,,,,,,,,,,,,"FA-DE Spice, Sea Salt /Gewürze, Meersalz",SPI-00-139378-5,0.61,0.61,grams,,,0.98807,0.61,grams
Burger Stock,SUB-031810-4-001,,,,,,,,,,,,,,,,,,,,,FA-DE Water / Wasser,OTH-00-144038-5,15.88,15.88,grams,,,,15.88,grams
Burger Stock,SUB-031810-4-001,,,,,,,,,,,,,,,,,,,,,"FA-DE Stock, Chicken, Reduced/Brühe, Huhn, Reduziert",PRO-00-139288-5,1.13,1.13,grams,,,,1.13,grams
Burger Stock,SUB-031810-4-001,,,,,,,,,,,,,,,,,,,,,"FA-DE Spice, Sea Salt /Gewürze, Meersalz",SPI-00-139378-5,0.6,0.6,grams,,,,0.6,grams
Cauliflower - Chili-Garlic Cauliflower Florets,SUB-013454-4-001,,,,,,,,,,,,,,,,,,,,,"FA-DE Cauliflower, Florets /Blumenkohl, Röschen",PHF-00-143426-3,119.63,119.63,grams,,,,119.63,grams
Cauliflower - Chili-Garlic Cauliflower Florets,SUB-013454-4-001,,,,,,,,,,,,,,,,,,,,,"FA-DE Oil, Olive /Öl, Olivenöl",PRO-00-139277-5,8.72,8.72,grams,,,,8.72,grams
Cauliflower - Chili-Garlic Cauliflower Florets,SUB-013454-4-001,,,,,,,,,,,,,,,,,,,,,"FA-DE Garlic, IQF, Diced 4 mm /Knoblauch, IQF, gewürfelt 4 mm",PHF-00-139237-1,3.97,3.97,grams,SCHWEFELDIOXIDE UND SULFITE,,,3.97,grams
Cauliflower - Chili-Garlic Cauliflower Florets,SUB-013454-4-001,,,,,,,,,,,,,,,,,,,,,"FA-DE Spice, Sea Salt /Gewürze, Meersalz",SPI-00-139378-5,0.57,0.57,grams,,,,0.57,grams
Cauliflower - Chili-Garlic Cauliflower Florets,SUB-013454-4-001,,,,,,,,,,,,,,,,,,,,,"FA-DE Spice, Onion Powder, Toasted /Gewürze, Zwiebelpulver, geröstet",SPI-00-139371-5,0.28,0.28,grams,,,,0.28,grams
Cauliflower - Chili-Garlic Cauliflower Florets,SUB-013454-4-001,,,,,,,,,,,,,,,,,,,,,"FA-DE Spice, Black Pepper, Ground /Gewürz, schwarzer Pfeffer, gemahlen",SPI-00-139334-5,0.28,0.28,grams,,,,0.28,grams
Cauliflower - Chili-Garlic Cauliflower Florets,SUB-013454-4-001,,,,,,,,,,,,,,,,,,,,,"FA-DE Spice, Gochugaru Chili Pepper Flakes /Gewürz, Gochugaru-Chili-Pfefferflocken",SPI-00-139356-5,0.28,0.28,grams,,,,0.28,grams
Chicken Breast - BRINED 160g,SUB-013527-4-001,,,,,,,,,,,,,,,,,,,,,"FA-DE Chicken, Breast, B/S - 160g/Hähnchen, Brust, B/S – 160 g",PTN-00-139317-3,1700,1700,grams,,,,1700,grams
Chicken Breast - BRINED 160g,SUB-013527-4-001,,,,,,,,,,,,,,,,,,,,,FA-DE Water / Wasser,OTH-00-144038-5,1700,1700,grams,,,,1700,grams
Chicken Breast - BRINED 160g,SUB-013527-4-001,,,,,,,,,,,,,,,,,,,,,"FA-DE Spice, Sea Salt /Gewürze, Meersalz",SPI-00-139378-5,15.03,15.03,grams,,,,15.03,grams
Chicken CHUNKS - BRINED,SUB-013451-4-001,,,,,,,,,,,,,,,,,,,,,FA-DE Water / Wasser,OTH-00-144038-5,1700,1700,grams,,,,1700,grams
Chicken CHUNKS - BRINED,SUB-013451-4-001,,,,,,,,,,,,,,,,,,,,,"FA-DE Spice, Sea Salt /Gewürze, Meersalz",SPI-00-139378-5,15,15,grams,,,,15,grams
Chicken CHUNKS - BRINED,SUB-013451-4-001,,,,,,,,,,,,,,,,,,,,,"FA-DE Chicken Breast, Chunked, Boneless Skinless /Hähnchenbrust, in Stücken, ohne Knochen und ohne Haut",PTN-00-139314-3,1700,1700,grams,,,,1700,grams
Chicken Thighs - BRINED,SUB-013532-4-001,,,,,,,,,,,,,,,,,,,,,"FA-DE Chicken, Thighs, Boneless Skinless /Hähnchen, Oberschenkel, ohne Knochen und ohne Haut",PTN-00-139343-3,1700,1700,grams,,,,1700,grams
Chicken Thighs - BRINED,SUB-013532-4-001,,,,,,,,,,,,,,,,,,,,,FA-DE Water / Wasser,OTH-00-144038-5,1700,1700,grams,,,,1700,grams
Chicken Thighs - BRINED,SUB-013532-4-001,,,,,,,,,,,,,,,,,,,,,"FA-DE Spice, Sea Salt /Gewürze, Meersalz",SPI-00-139378-5,15,15,grams,,,,15,grams
Chive-Garlic Butter,SUB-014218-4-001,,,,,,,,,,,,,,,,,,,,,"FA-DE Spice, Leek Powder /Gewürz, Lauchpulver",SPI-00-139361-5,0.12,0.12,grams,,,,0.12,grams
Chive-Garlic Butter,SUB-014218-4-001,,,,,,,,,,,,,,,,,,,,,"FA-DE Spice, Black Pepper, Ground /Gewürz, schwarzer Pfeffer, gemahlen",SPI-00-139334-5,0.08,0.08,grams,,,,0.08,grams
Chive-Garlic Butter,SUB-014218-4-001,,,,,,,,,,,,,,,,,,,,,"FA-DE Spice, Sea Salt /Gewürze, Meersalz",SPI-00-139378-5,0.15,0.15,grams,,,,0.15,grams
Chive-Garlic Butter,SUB-014218-4-001,,,,,,,,,,,,,,,,,,,,,"FA-DE Butter, Unsalted /Butter, ungesalzen",DAI-00-139146-3,12.35,12.35,grams,MILCH (EINSCHLIESSLICH LAKTOSE),,,12.35,grams
Chive-Garlic Butter,SUB-014218-4-001,,,,,,,,,,,,,,,,,,,,,"FA-DE Chives, Dried /Schnittlauch, getrocknet",SPI-00-139322-5,0.12,0.12,grams,,,,0.12,grams
Chive-Garlic Butter,SUB-014218-4-001,,,,,,,,,,,,,,,,,,,,,"FA-DE Spice, Minced Garlic, Toasted, Dry /Gewürz, gehackter Knoblauch, geröstet, trocken",SPI-00-139367-5,0.31,0.31,grams,,,,0.31,grams
Compound butter - Garlic Lemon Butter,SUB-013547-4-001,,,,,,,,,,,,,,,,,,,,,"FA-DE Spice, Garlic Powder, Toasted /Gewürz, Knoblauchpulver, geröstet",SPI-00-139354-5,0.28,0.28,grams,,,,0.28,grams
Compound butter - Garlic Lemon Butter,SUB-013547-4-001,,,,,,,,,,,,,,,,,,,,,"FA-DE Spice, Minced Garlic, Toasted, Dry /Gewürz, gehackter Knoblauch, geröstet, trocken",SPI-00-139367-5,0.21,0.21,grams,,,,0.21,grams
Compound butter - Garlic Lemon Butter,SUB-013547-4-001,,,,,,,,,,,,,,,,,,,,,"FA-DE Spice, Lemon Powder /Gewürz, Zitronenpulver",SPI-00-139362-5,0.07,0.07,grams,,,,0.07,grams
Compound butter - Garlic Lemon Butter,SUB-013547-4-001,,,,,,,,,,,,,,,,,,,,,"FA-DE Spice, Sea Salt /Gewürze, Meersalz",SPI-00-139378-5,0.09,0.09,grams,,,,0.09,grams
Compound butter - Garlic Lemon Butter,SUB-013547-4-001,,,,,,,,,,,,,,,,,,,,,"FA-DE Butter, Unsalted /Butter, ungesalzen",DAI-00-139146-3,11.77,11.77,grams,MILCH (EINSCHLIESSLICH LAKTOSE),,,11.77,grams
Compound butter - Garlic Lemon Butter,SUB-013547-4-001,,,,,,,,,,,,,,,,,,,,,"FA-DE Spice, Parsley Dried /Gewürze, getrocknete Petersilie",SPI-00-139374-5,0.03,0.03,grams,,,,0.03,grams
Compound butter - Garlic Lemon Butter,SUB-013547-4-001,,,,,,,,,,,,,,,,,,,,,"FA-DE Spice, Black Pepper, Ground /Gewürz, schwarzer Pfeffer, gemahlen",SPI-00-139334-5,0.07,0.07,grams,,,,0.07,grams
Concentrated Tomatoes- Diluted (90/10) (primo gusto/old california),SUB-013421-4-001,,,,,,,,,,,,,,,,,,,,,"FA-DE Tomatoes, Concentrated Crushed /Tomaten, konzentriert, zerkleinert",PRO-00-139293-5,63.5,63.5,grams,,,,63.5,grams
Concentrated Tomatoes- Diluted (90/10) (primo gusto/old california),SUB-013421-4-001,,,,,,,,,,,,,,,,,,,,,FA-DE Water / Wasser,OTH-00-144038-5,7.09,7.09,grams,,,,7.09,grams
Cooked Burger Veggies,SUB-031784-4-001,,,,,,,,,,,,,,,,,,,,,"FA-DE Onion, Spanish, Diced 5mm /Zwiebel, Spanisch, gewürfelt 5 mm",PHF-00-139212-3,5.95,5.95,grams,,,,5.95,grams
Cooked Burger Veggies,SUB-031784-4-001,,,,,,,,,,,,,,,,,,,,,"FA-DE Garlic, IQF, Diced 4 mm /Knoblauch, IQF, gewürfelt 4 mm",PHF-00-139237-1,3.4,3.4,grams,SCHWEFELDIOXIDE UND SULFITE,,,3.4,grams
Cooked Burger Veggies,SUB-031784-4-001,,,,,,,,,,,,,,,,,,,,,"FA-DE Oil, Olive /Öl, Olivenöl",PRO-00-139277-5,2.27,2.27,grams,,,,2.27,grams
Cooked Burger Veggies,SUB-031784-4-001,,,,,,,,,,,,,,,,,,,,,"FA-DE Spice, Garlic Granulated /Gewürz, Knoblauch granuliert",SPI-00-139353-5,1.7,1.7,grams,,,,1.7,grams
Cooked Burger Veggies,SUB-031784-4-001,,,,,,,,,,,,,,,,,,,,,"FA-DE Spice, Onion Granulated /Gewürze, Zwiebeln granuliert",SPI-00-139370-5,3.4,3.4,grams,,,,3.4,grams
Cooked Burger Veggies,SUB-031784-4-001,,,,,,,,,,,,,,,,,,,,,"FA-DE Spice, Sea Salt /Gewürze, Meersalz",SPI-00-139378-5,0.25,0.25,grams,,,,0.25,grams
Cooked Diced Potato,SUB-013592-4-001,,,,,,,,,,,,,,,,,,,,,"FA-DE Potatoes, Diced 10mm /Kartoffeln, gewürfelt, 10 mm",PHF-00-139219-3,1000,1000,grams,,,,1000,grams
Cornstarch Slurry - for Lemon Garlic Cream Sauce,SUB-031600-4-001,,,,,,,,,,,,,,,,,,,,,"FA-DE Milk, Semi-Skimmed /Milch, teilentrahmt",DAI-00-139139-3,216,216,grams,MILCH (EINSCHLIESSLICH LAKTOSE),,,216,grams
Cornstarch Slurry - for Lemon Garlic Cream Sauce,SUB-031600-4-001,,,,,,,,,,,,,,,,,,,,,FA-DE Cornstarch /Maisstärke (Maisstärke),DRY-00-150449-5,18,18,grams,,,,18,grams
Courgette - Sesame Zucchini Noodles,SUB-013628-4-001,,,,,,,,,,,,,,,,,,,,,"FA-DE Zucchini, Spiralized Noodles /Zucchini, Spiralnudeln",PHF-00-139230-3,1700,1700,grams,,,,1700,grams
Courgette - Sesame Zucchini Noodles,SUB-013628-4-001,,,,,,,,,,,,,,,,,,,,,"FA-DE Oil, Olive /Öl, Olivenöl",PRO-00-139277-5,39.66,39.66,grams,,,,39.66,grams
Courgette - Sesame Zucchini Noodles,SUB-013628-4-001,,,,,,,,,,,,,,,,,,,,,"FA-DE Spice, Sesame Seed, Roasted /Gewürz, Sesamsamen, geröstet",SPI-00-139379-5,20,20,grams,SESAMSAMEN,,,20,grams
Courgette - Sesame Zucchini Noodles,SUB-013628-4-001,,,,,,,,,,,,,,,,,,,,,"FA-DE Spice, Sea Salt /Gewürze, Meersalz",SPI-00-139378-5,7.14,7.14,grams,,,,7.14,grams
Creamy Leek - Low Fat,SUB-014222-4-001,,,,,,,,,,,,,,,,,,,,,FA-DE Sour Cream /Sauerrahm,DAI-00-139141-3,120,120,grams,MILCH (EINSCHLIESSLICH LAKTOSE),,,120,grams
Creamy Leek - Low Fat,SUB-014222-4-001,,,,,,,,,,,,,,,,,,,,,"FA-DE Leek, Diced 5mm /Lauch, gewürfelt, 5 mm",PHF-00-139204-3,800,800,grams,,,,800,grams
Creamy Leek - Low Fat,SUB-014222-4-001,,,,,,,,,,,,,,,,,,,,,"FA-DE Oil, Olive /Öl, Olivenöl",PRO-00-139277-5,1,1,grams,,,,1,grams
Creamy Leek - Low Fat,SUB-014222-4-001,,,,,,,,,,,,,,,,,,,,,"FA-DE Spice, Sea Salt /Gewürze, Meersalz",SPI-00-139378-5,0.2,0.2,grams,,,,0.2,grams
Creamy Leek - Low Fat,SUB-014222-4-001,,,,,,,,,,,,,,,,,,,,,FA-DE Heavy Cream 20% /Sahne 20%,DAI-00-139137-3,80,80,grams,MILCH (EINSCHLIESSLICH LAKTOSE),,,80,grams
Creamy Leek - Low Fat,SUB-014222-4-001,,,,,,,,,,,,,,,,,,,,,"FA-DE Spice, Garlic Granulated /Gewürz, Knoblauch granuliert",SPI-00-139353-5,2,2,grams,,,,2,grams
Cumin Coriander Yogurt - CUPPED,SUB-030550-4-001,,,,,,,,,,,,,,,,,,,,,"FA-DE Yogurt, Greek, Plain /Joghurt, Griechisch, Natur",DAI-00-139161-3,115.8,115.8,grams,MILCH (EINSCHLIESSLICH LAKTOSE),,,115.8,grams
Cumin Coriander Yogurt - CUPPED,SUB-030550-4-001,,,,,,,,,,,,,,,,,,,,,"FA-DE Juice, Lime /Saft, Limette",PRO-00-139268-5,12.5,12.5,grams,,,,12.5,grams
Cumin Coriander Yogurt - CUPPED,SUB-030550-4-001,,,,,,,,,,,,,,,,,,,,,"FA-DE Spice, Cumin Ground /Gewürz, gemahlener Kreuzkümmel",SPI-00-139345-5,1.94,1.94,grams,,,,1.94,grams
Cumin Coriander Yogurt - CUPPED,SUB-030550-4-001,,,,,,,,,,,,,,,,,,,,,"FA-DE Spice, Coriander Ground /Gewürz, gemahlener Koriander",SPI-00-139386-5,0.79,0.79,grams,,,,0.79,grams
Cumin Coriander Yogurt - CUPPED,SUB-030550-4-001,,,,,,,,,,,,,,,,,,,,,"FA-DE Spice, Sea Salt /Gewürze, Meersalz",SPI-00-139378-5,0.1,0.1,grams,,,,0.1,grams
DRY Ranch Seasoning,SUB-013480-4-001,,,,,,,,,,,,,,,,,,,,,"FA-DE Spice, Buttermilk Powder/Gewürz, Buttermilchpulver",SPI-00-151139-5,5.39,5.39,grams,MILCH (EINSCHLIESSLICH LAKTOSE),,,5.39,grams
DRY Ranch Seasoning,SUB-013480-4-001,,,,,,,,,,,,,,,,,,,,,"FA-DE Spice, Garlic Granulated /Gewürz, Knoblauch granuliert",SPI-00-139353-5,1.13,1.13,grams,,,,1.13,grams
DRY Ranch Seasoning,SUB-013480-4-001,,,,,,,,,,,,,,,,,,,,,"FA-DE Spice, Onion Granulated /Gewürze, Zwiebeln granuliert",SPI-00-139370-5,0.99,0.99,grams,,,,0.99,grams
DRY Ranch Seasoning,SUB-013480-4-001,,,,,,,,,,,,,,,,,,,,,"FA-DE Spice, Black Pepper, Ground /Gewürz, schwarzer Pfeffer, gemahlen",SPI-00-139334-5,0.57,0.57,grams,,,,0.57,grams
DRY Ranch Seasoning,SUB-013480-4-001,,,,,,,,,,,,,,,,,,,,,"FA-DE Spice, Dill Dried /Gewürz, Dill getrocknet",SPI-00-139349-5,0.35,0.35,grams,,,,0.35,grams
DRY Ranch Seasoning,SUB-013480-4-001,,,,,,,,,,,,,,,,,,,,,"FA-DE Chives, Dried /Schnittlauch, getrocknet",SPI-00-139322-5,0.35,0.35,grams,,,,0.35,grams
DRY Ranch Seasoning,SUB-013480-4-001,,,,,,,,,,,,,,,,,,,,,"FA-DE Spice, Parsley Dried /Gewürze, getrocknete Petersilie",SPI-00-139374-5,0.14,0.14,grams,,,,0.14,grams
Diced Chicken - Garlic & Herb Marinade,SUB-013453-4-001,Chicken CHUNKS - BRINED,SUB-013451-4-001,1560,grams,BRINE,,,,,,,,,,,,,,,,FA-DE Water / Wasser,OTH-00-144038-5,1560,1560,grams,,,0.4978,1560,grams
Diced Chicken - Garlic & Herb Marinade,SUB-013453-4-001,Chicken CHUNKS - BRINED,SUB-013451-4-001,1560,grams,BRINE,,,,,,,,,,,,,,,,"FA-DE Spice, Sea Salt /Gewürze, Meersalz",SPI-00-139378-5,13.76,13.76,grams,,,0.4978,13.76,grams
Diced Chicken - Garlic & Herb Marinade,SUB-013453-4-001,Chicken CHUNKS - BRINED,SUB-013451-4-001,1560,grams,BRINE,,,,,,,,,,,,,,,,"FA-DE Chicken Breast, Chunked, Boneless Skinless /Hähnchenbrust, in Stücken, ohne Knochen und ohne Haut",PTN-00-139314-3,1560,1560,grams,,,0.4978,1560,grams
Diced Chicken - Garlic & Herb Marinade,SUB-013453-4-001,Mod Marinade #4 - Garlic and Herb,SUB-013452-4-001,54.15,grams,IMMERSION BLENDER,,,,,,,,,,,,,,,,"FA-DE Oil, Olive /Öl, Olivenöl",PRO-00-139277-5,29.48,29.48,grams,,,0.98976,29.48,grams
Diced Chicken - Garlic & Herb Marinade,SUB-013453-4-001,Mod Marinade #4 - Garlic and Herb,SUB-013452-4-001,54.15,grams,IMMERSION BLENDER,,,,,,,,,,,,,,,,"FA-DE Vinegar, Red Wine /Essig, Rotwein",PRO-00-139301-5,9.92,9.92,grams,,,0.98976,9.92,grams
Diced Chicken - Garlic & Herb Marinade,SUB-013453-4-001,Mod Marinade #4 - Garlic and Herb,SUB-013452-4-001,54.15,grams,IMMERSION BLENDER,,,,,,,,,,,,,,,,"FA-DE Garlic, IQF, Diced 4 mm /Knoblauch, IQF, gewürfelt 4 mm",PHF-00-139237-1,9.92,9.92,grams,SCHWEFELDIOXIDE UND SULFITE,,0.98976,9.92,grams
Diced Chicken - Garlic & Herb Marinade,SUB-013453-4-001,Mod Marinade #4 - Garlic and Herb,SUB-013452-4-001,54.15,grams,IMMERSION BLENDER,,,,,,,,,,,,,,,,"FA-DE Spice, Garlic Granulated /Gewürz, Knoblauch granuliert",SPI-00-139353-5,2.27,2.27,grams,,,0.98976,2.27,grams
Diced Chicken - Garlic & Herb Marinade,SUB-013453-4-001,Mod Marinade #4 - Garlic and Herb,SUB-013452-4-001,54.15,grams,IMMERSION BLENDER,,,,,,,,,,,,,,,,"FA-DE Spice, Parsley Dried /Gewürze, getrocknete Petersilie",SPI-00-139374-5,1.42,1.42,grams,,,0.98976,1.42,grams
Diced Chicken - Garlic & Herb Marinade,SUB-013453-4-001,Mod Marinade #4 - Garlic and Herb,SUB-013452-4-001,54.15,grams,IMMERSION BLENDER,,,,,,,,,,,,,,,,"FA-DE Spice, Black Pepper, Ground /Gewürz, schwarzer Pfeffer, gemahlen",SPI-00-139334-5,0.57,0.57,grams,,,0.98976,0.57,grams
Diced Chicken - Garlic & Herb Marinade,SUB-013453-4-001,Mod Marinade #4 - Garlic and Herb,SUB-013452-4-001,54.15,grams,IMMERSION BLENDER,,,,,,,,,,,,,,,,"FA-DE Spice, Sea Salt /Gewürze, Meersalz",SPI-00-139378-5,1.13,1.13,grams,,,0.98976,1.13,grams
Dry Ranch Marinade,SUB-031652-4-001,Roasted Garlic (use),SUB-013367-4-001,14.18,grams,"BLAST CHILLER, BRAISER, SPICE PORTIONING",,,,,,,,,,,,,,,,"FA-DE Garlic, Peeled, Whole Cloves [10kg] /Knoblauch, geschält, ganze Nelken [10kg]",PHF-00-139197-3,14.29,14.29,grams,,,0.56691,14.29,grams
Dry Ranch Marinade,SUB-031652-4-001,Roasted Garlic (use),SUB-013367-4-001,14.18,grams,"BLAST CHILLER, BRAISER, SPICE PORTIONING",,,,,,,,,,,,,,,,"FA-DE Oil, Olive /Öl, Olivenöl",PRO-00-139277-5,10.72,10.72,grams,,,0.56691,10.72,grams
Dry Ranch Marinade,SUB-031652-4-001,DRY Ranch Seasoning,SUB-013480-4-001,28.35,grams,"HAND MIX, SPICE PORTIONING",,,,,,,,,,,,,,,,"FA-DE Spice, Buttermilk Powder/Gewürz, Buttermilchpulver",SPI-00-151139-5,17.48,17.48,grams,MILCH (EINSCHLIESSLICH LAKTOSE),,0.97982,17.48,grams
Dry Ranch Marinade,SUB-031652-4-001,DRY Ranch Seasoning,SUB-013480-4-001,28.35,grams,"HAND MIX, SPICE PORTIONING",,,,,,,,,,,,,,,,"FA-DE Spice, Garlic Granulated /Gewürz, Knoblauch granuliert",SPI-00-139353-5,3.67,3.67,grams,,,0.97982,3.67,grams
Dry Ranch Marinade,SUB-031652-4-001,DRY Ranch Seasoning,SUB-013480-4-001,28.35,grams,"HAND MIX, SPICE PORTIONING",,,,,,,,,,,,,,,,"FA-DE Spice, Onion Granulated /Gewürze, Zwiebeln granuliert",SPI-00-139370-5,3.21,3.21,grams,,,0.97982,3.21,grams
Dry Ranch Marinade,SUB-031652-4-001,DRY Ranch Seasoning,SUB-013480-4-001,28.35,grams,"HAND MIX, SPICE PORTIONING",,,,,,,,,,,,,,,,"FA-DE Spice, Black Pepper, Ground /Gewürz, schwarzer Pfeffer, gemahlen",SPI-00-139334-5,1.85,1.85,grams,,,0.97982,1.85,grams
Dry Ranch Marinade,SUB-031652-4-001,DRY Ranch Seasoning,SUB-013480-4-001,28.35,grams,"HAND MIX, SPICE PORTIONING",,,,,,,,,,,,,,,,"FA-DE Spice, Dill Dried /Gewürz, Dill getrocknet",SPI-00-139349-5,1.14,1.14,grams,,,0.97982,1.14,grams
Dry Ranch Marinade,SUB-031652-4-001,DRY Ranch Seasoning,SUB-013480-4-001,28.35,grams,"HAND MIX, SPICE PORTIONING",,,,,,,,,,,,,,,,"FA-DE Chives, Dried /Schnittlauch, getrocknet",SPI-00-139322-5,1.14,1.14,grams,,,0.97982,1.14,grams
Dry Ranch Marinade,SUB-031652-4-001,DRY Ranch Seasoning,SUB-013480-4-001,28.35,grams,"HAND MIX, SPICE PORTIONING",,,,,,,,,,,,,,,,"FA-DE Spice, Parsley Dried /Gewürze, getrocknete Petersilie",SPI-00-139374-5,0.45,0.45,grams,,,0.97982,0.45,grams
Dry Ranch Marinade,SUB-031652-4-001,,,,,,,,,,,,,,,,,,,,,"FA-DE Oil, Olive /Öl, Olivenöl",PRO-00-139277-5,141.75,141.75,grams,,,,141.75,grams
Extra Crispy Diced Bacon,SUB-013468-4-001,,,,,,,,,,,,,,,,,,,,,"FA-DE Bacon, Diced /Speck, gewürfelt",PTN-00-139306-3,1420,1420,grams,,,,1420,grams
FV0232A - Herb Crusted Chicken [DE],REC-013836-4-006,Herb-Crusted Chicken - 1 piece,SUB-013811-4-001,1,each,"BLAST CHILLER, CRUSTED, MARINADE, OVEN",Chicken Breast - BRINED 160g,SUB-013527-4-001,160,grams,BRINE,,,,,,,,,,,"FA-DE Chicken, Breast, B/S - 160g/Hähnchen, Brust, B/S – 160 g",PTN-00-139317-3,160,160,grams,,,0.4978,160,grams
FV0232A - Herb Crusted Chicken [DE],REC-013836-4-006,Herb-Crusted Chicken - 1 piece,SUB-013811-4-001,1,each,"BLAST CHILLER, CRUSTED, MARINADE, OVEN",Chicken Breast - BRINED 160g,SUB-013527-4-001,160,grams,BRINE,,,,,,,,,,,FA-DE Water / Wasser,OTH-00-144038-5,160,160,grams,,,0.4978,160,grams
FV0232A - Herb Crusted Chicken [DE],REC-013836-4-006,Herb-Crusted Chicken - 1 piece,SUB-013811-4-001,1,each,"BLAST CHILLER, CRUSTED, MARINADE, OVEN",Chicken Breast - BRINED 160g,SUB-013527-4-001,160,grams,BRINE,,,,,,,,,,,"FA-DE Spice, Sea Salt /Gewürze, Meersalz",SPI-00-139378-5,1.41,1.41,grams,,,0.4978,1.41,grams
FV0232A - Herb Crusted Chicken [DE],REC-013836-4-006,Herb-Crusted Chicken - 1 piece,SUB-013811-4-001,1,each,"BLAST CHILLER, CRUSTED, MARINADE, OVEN",Herb Crusted Chicken Crust,SUB-013810-4-001,30,grams,PLANETARY MIXER,,,,,,,,,,,"FA-DE Butter, Unsalted /Butter, ungesalzen",DAI-00-139146-3,5.54,5.54,grams,MILCH (EINSCHLIESSLICH LAKTOSE),,0.99085,5.54,grams
FV0232A - Herb Crusted Chicken [DE],REC-013836-4-006,Herb-Crusted Chicken - 1 piece,SUB-013811-4-001,1,each,"BLAST CHILLER, CRUSTED, MARINADE, OVEN",Herb Crusted Chicken Crust,SUB-013810-4-001,30,grams,PLANETARY MIXER,,,,,,,,,,,"FA-DE Mayo, Avocado (Egg) /Mayo, Avocado (Ei)",PRO-00-139271-5,9.94,9.94,grams,"EIER, SENF",,0.99085,9.94,grams
FV0232A - Herb Crusted Chicken [DE],REC-013836-4-006,Herb-Crusted Chicken - 1 piece,SUB-013811-4-001,1,each,"BLAST CHILLER, CRUSTED, MARINADE, OVEN",Herb Crusted Chicken Crust,SUB-013810-4-001,30,grams,PLANETARY MIXER,,,,,,,,,,,"FA-DE Spice, Basil, Dried /Gewürz, Basilikum, getrocknet",SPI-00-139331-5,0.09,0.09,grams,,,0.99085,0.09,grams
FV0232A - Herb Crusted Chicken [DE],REC-013836-4-006,Herb-Crusted Chicken - 1 piece,SUB-013811-4-001,1,each,"BLAST CHILLER, CRUSTED, MARINADE, OVEN",Herb Crusted Chicken Crust,SUB-013810-4-001,30,grams,PLANETARY MIXER,,,,,,,,,,,"FA-DE Spice, Parsley Dried /Gewürze, getrocknete Petersilie",SPI-00-139374-5,0.11,0.11,grams,,,0.99085,0.11,grams
FV0232A - Herb Crusted Chicken [DE],REC-013836-4-006,Herb-Crusted Chicken - 1 piece,SUB-013811-4-001,1,each,"BLAST CHILLER, CRUSTED, MARINADE, OVEN",Herb Crusted Chicken Crust,SUB-013810-4-001,30,grams,PLANETARY MIXER,,,,,,,,,,,"FA-DE Spice, Garlic Granulated /Gewürz, Knoblauch granuliert",SPI-00-139353-5,0.74,0.74,grams,,,0.99085,0.74,grams
FV0232A - Herb Crusted Chicken [DE],REC-013836-4-006,Herb-Crusted Chicken - 1 piece,SUB-013811-4-001,1,each,"BLAST CHILLER, CRUSTED, MARINADE, OVEN",Herb Crusted Chicken Crust,SUB-013810-4-001,30,grams,PLANETARY MIXER,,,,,,,,,,,"FA-DE Cheese, Parmesan, Grated /Käse, Parmesan, gerieben",DAI-00-139127-3,5.96,5.96,grams,MILCH (EINSCHLIESSLICH LAKTOSE),,0.99085,5.96,grams
FV0232A - Herb Crusted Chicken [DE],REC-013836-4-006,Herb-Crusted Chicken - 1 piece,SUB-013811-4-001,1,each,"BLAST CHILLER, CRUSTED, MARINADE, OVEN",Herb Crusted Chicken Crust,SUB-013810-4-001,30,grams,PLANETARY MIXER,,,,,,,,,,,"FA-DE Flour, Almond /Mehl, Mandel",DRY-00-139154-5,7.86,7.86,grams,"MANDELN, SCHALENFRÜCHTE",,0.99085,7.86,grams
FV0232A - Herb Crusted Chicken [DE],REC-013836-4-006,Herb-Crusted Chicken - 1 piece,SUB-013811-4-001,1,each,"BLAST CHILLER, CRUSTED, MARINADE, OVEN",Herb Crusted Chicken Crust,SUB-013810-4-001,30,grams,PLANETARY MIXER,,,,,,,,,,,"FA-DE Spice, Oregano Dry /Gewürz, Oregano trocken",SPI-00-139372-5,0.03,0.03,grams,,,0.99085,0.03,grams
FV0232A - Herb Crusted Chicken [DE],REC-013836-4-006,Mash - Garlic Herb Mashed Cauliflower - Rice,SUB-013551-4-001,100,grams,"BLAST CHILLER, HAND MIX",Steamed Cauliflower Rice,SUB-029075-4-001,76.63,grams,OVEN,,,,,,,,,,,"FA-DE Cauliflower, Riced, IQF /Blumenkohl, Reis, IQF",PHF-00-139233-1,80.69,80.69,grams,,,0.94962,80.69,grams
FV0232A - Herb Crusted Chicken [DE],REC-013836-4-006,Mash - Garlic Herb Mashed Cauliflower - Rice,SUB-013551-4-001,100,grams,"BLAST CHILLER, HAND MIX",,,,,,,,,,,,,,,,"FA-DE Cheese, Cream, 13% Fat (Milk) /Käse, Sahne, 13% Fett",DAI-00-139122-3,11.05,11.05,grams,MILCH (EINSCHLIESSLICH LAKTOSE),,0.97998,11.05,grams
FV0232A - Herb Crusted Chicken [DE],REC-013836-4-006,Mash - Garlic Herb Mashed Cauliflower - Rice,SUB-013551-4-001,100,grams,"BLAST CHILLER, HAND MIX",,,,,,,,,,,,,,,,"FA-DE Butter, Unsalted /Butter, ungesalzen",DAI-00-139146-3,10.97,10.97,grams,MILCH (EINSCHLIESSLICH LAKTOSE),,0.97998,10.97,grams
FV0232A - Herb Crusted Chicken [DE],REC-013836-4-006,Mash - Garlic Herb Mashed Cauliflower - Rice,SUB-013551-4-001,100,grams,"BLAST CHILLER, HAND MIX",Roasted Garlic (use),SUB-013367-4-001,1.68,grams,"BLAST CHILLER, BRAISER, SPICE PORTIONING",,,,,,,,,,,"FA-DE Garlic, Peeled, Whole Cloves [10kg] /Knoblauch, geschält, ganze Nelken [10kg]",PHF-00-139197-3,1.69,1.69,grams,,,0.56691,1.69,grams
FV0232A - Herb Crusted Chicken [DE],REC-013836-4-006,Mash - Garlic Herb Mashed Cauliflower - Rice,SUB-013551-4-001,100,grams,"BLAST CHILLER, HAND MIX",Roasted Garlic (use),SUB-013367-4-001,1.68,grams,"BLAST CHILLER, BRAISER, SPICE PORTIONING",,,,,,,,,,,"FA-DE Oil, Olive /Öl, Olivenöl",PRO-00-139277-5,1.27,1.27,grams,,,0.56691,1.27,grams
FV0232A - Herb Crusted Chicken [DE],REC-013836-4-006,Mash - Garlic Herb Mashed Cauliflower - Rice,SUB-013551-4-001,100,grams,"BLAST CHILLER, HAND MIX",,,,,,,,,,,,,,,,"FA-DE Spice, Sea Salt /Gewürze, Meersalz",SPI-00-139378-5,0.56,0.56,grams,,,0.97998,0.56,grams
FV0232A - Herb Crusted Chicken [DE],REC-013836-4-006,Mash - Garlic Herb Mashed Cauliflower - Rice,SUB-013551-4-001,100,grams,"BLAST CHILLER, HAND MIX",,,,,,,,,,,,,,,,"FA-DE Parsley, Chopped /Petersilie, gehackt",PHF-00-139215-3,0.35,0.35,grams,,,0.97998,0.35,grams
FV0232A - Herb Crusted Chicken [DE],REC-013836-4-006,Mash - Garlic Herb Mashed Cauliflower - Rice,SUB-013551-4-001,100,grams,"BLAST CHILLER, HAND MIX",,,,,,,,,,,,,,,,"FA-DE Chives, Dried /Schnittlauch, getrocknet",SPI-00-139322-5,0.07,0.07,grams,,,0.97998,0.07,grams
FV0232A - Herb Crusted Chicken [DE],REC-013836-4-006,Mash - Garlic Herb Mashed Cauliflower - Rice,SUB-013551-4-001,100,grams,"BLAST CHILLER, HAND MIX",,,,,,,,,,,,,,,,"FA-DE Spice, Green Onion Granulated /Gewürz, grüne Zwiebel granuliert",SPI-00-139357-5,0.07,0.07,grams,,,0.97998,0.07,grams
FV0232A - Herb Crusted Chicken [DE],REC-013836-4-006,Mash - Garlic Herb Mashed Cauliflower - Rice,SUB-013551-4-001,100,grams,"BLAST CHILLER, HAND MIX",,,,,,,,,,,,,,,,"FA-DE Spice, Tarragon, Dry /Gewürze, Estragon, Trockenmasse",SPI-00-139382-5,0.05,0.05,grams,,,0.97998,0.05,grams
FV0232A - Herb Crusted Chicken [DE],REC-013836-4-006,Mash - Garlic Herb Mashed Cauliflower - Rice,SUB-013551-4-001,100,grams,"BLAST CHILLER, HAND MIX",,,,,,,,,,,,,,,,"FA-DE Spice, Onion Granulated /Gewürze, Zwiebeln granuliert",SPI-00-139370-5,0.46,0.46,grams,,,0.97998,0.46,grams
FV0232A - Herb Crusted Chicken [DE],REC-013836-4-006,Mash - Garlic Herb Mashed Cauliflower - Rice,SUB-013551-4-001,100,grams,"BLAST CHILLER, HAND MIX",,,,,,,,,,,,,,,,"FA-DE Spice, Black Pepper, Ground /Gewürz, schwarzer Pfeffer, gemahlen",SPI-00-139334-5,0.14,0.14,grams,,,0.97998,0.14,grams
FV0232A - Herb Crusted Chicken [DE],REC-013836-4-006,Almonds - Garlic & Black Pepper Toasted Almonds,SUB-013553-4-001,6,grams,"BLAST CHILLER, HAND MARINADE, OVEN",,,,,,,,,,,,,,,,"FA-DE Almond, Sliced, Blanched /Mandeln, geschnitten, blanchiert",SPI-00-139147-5,6.57,6.57,grams,"MANDELN, SCHALENFRÜCHTE",,0.81278,6.57,grams
FV0232A - Herb Crusted Chicken [DE],REC-013836-4-006,Almonds - Garlic & Black Pepper Toasted Almonds,SUB-013553-4-001,6,grams,"BLAST CHILLER, HAND MARINADE, OVEN",,,,,,,,,,,,,,,,"FA-DE Oil, Olive /Öl, Olivenöl",PRO-00-139277-5,0.47,0.47,grams,,,0.81278,0.47,grams
FV0232A - Herb Crusted Chicken [DE],REC-013836-4-006,Almonds - Garlic & Black Pepper Toasted Almonds,SUB-013553-4-001,6,grams,"BLAST CHILLER, HAND MARINADE, OVEN",,,,,,,,,,,,,,,,"FA-DE Spice, Garlic Granulated /Gewürz, Knoblauch granuliert",SPI-00-139353-5,0.23,0.23,grams,,,0.81278,0.23,grams
FV0232A - Herb Crusted Chicken [DE],REC-013836-4-006,Almonds - Garlic & Black Pepper Toasted Almonds,SUB-013553-4-001,6,grams,"BLAST CHILLER, HAND MARINADE, OVEN",,,,,,,,,,,,,,,,"FA-DE Spice, Black Pepper, Ground /Gewürz, schwarzer Pfeffer, gemahlen",SPI-00-139334-5,0.06,0.06,grams,,,0.81278,0.06,grams
FV0232A - Herb Crusted Chicken [DE],REC-013836-4-006,Almonds - Garlic & Black Pepper Toasted Almonds,SUB-013553-4-001,6,grams,"BLAST CHILLER, HAND MARINADE, OVEN",,,,,,,,,,,,,,,,"FA-DE Spice, Sea Salt /Gewürze, Meersalz",SPI-00-139378-5,0.05,0.05,grams,,,0.81278,0.05,grams
FV0232A - Herb Crusted Chicken [DE],REC-013836-4-006,Green beans - oil and sea salt,SUB-013552-4-001,80,grams,"BLAST CHILLER, OVEN",,,,,,,,,,,,,,,,"FA-DE Oil, Olive /Öl, Olivenöl",PRO-00-139277-5,2.06,2.06,grams,,,0.76705,2.06,grams
FV0232A - Herb Crusted Chicken [DE],REC-013836-4-006,Green beans - oil and sea salt,SUB-013552-4-001,80,grams,"BLAST CHILLER, OVEN",,,,,,,,,,,,,,,,"FA-DE Green Beans, Fresh and Trimmed/Grüne Bohnen, frisch und geschnitten",PHF-00-139198-3,101.89,101.89,grams,,,0.76705,101.89,grams
FV0232A - Herb Crusted Chicken [DE],REC-013836-4-006,Green beans - oil and sea salt,SUB-013552-4-001,80,grams,"BLAST CHILLER, OVEN",,,,,,,,,,,,,,,,"FA-DE Spice, Sea Salt /Gewürze, Meersalz",SPI-00-139378-5,0.34,0.34,grams,,,0.76705,0.34,grams
FV0232A - Herb Crusted Chicken [DE],REC-013836-4-006,Compound butter - Garlic Lemon Butter,SUB-013547-4-001,13,grams,"BLAST CHILLER, PLANETARY MIXER, SCOOPER (BUTTER)",,,,,,,,,,,,,,,,"FA-DE Spice, Garlic Powder, Toasted /Gewürz, Knoblauchpulver, geröstet",SPI-00-139354-5,0.32,0.32,grams,,,0.90575,0.32,grams
FV0232A - Herb Crusted Chicken [DE],REC-013836-4-006,Compound butter - Garlic Lemon Butter,SUB-013547-4-001,13,grams,"BLAST CHILLER, PLANETARY MIXER, SCOOPER (BUTTER)",,,,,,,,,,,,,,,,"FA-DE Spice, Minced Garlic, Toasted, Dry /Gewürz, gehackter Knoblauch, geröstet, trocken",SPI-00-139367-5,0.24,0.24,grams,,,0.90575,0.24,grams
FV0232A - Herb Crusted Chicken [DE],REC-013836-4-006,Compound butter - Garlic Lemon Butter,SUB-013547-4-001,13,grams,"BLAST CHILLER, PLANETARY MIXER, SCOOPER (BUTTER)",,,,,,,,,,,,,,,,"FA-DE Spice, Lemon Powder /Gewürz, Zitronenpulver",SPI-00-139362-5,0.08,0.08,grams,,,0.90575,0.08,grams
FV0232A - Herb Crusted Chicken [DE],REC-013836-4-006,Compound butter - Garlic Lemon Butter,SUB-013547-4-001,13,grams,"BLAST CHILLER, PLANETARY MIXER, SCOOPER (BUTTER)",,,,,,,,,,,,,,,,"FA-DE Spice, Sea Salt /Gewürze, Meersalz",SPI-00-139378-5,0.1,0.1,grams,,,0.90575,0.1,grams
FV0232A - Herb Crusted Chicken [DE],REC-013836-4-006,Compound butter - Garlic Lemon Butter,SUB-013547-4-001,13,grams,"BLAST CHILLER, PLANETARY MIXER, SCOOPER (BUTTER)",,,,,,,,,,,,,,,,"FA-DE Butter, Unsalted /Butter, ungesalzen",DAI-00-139146-3,13.49,13.49,grams,MILCH (EINSCHLIESSLICH LAKTOSE),,0.90575,13.49,grams
FV0232A - Herb Crusted Chicken [DE],REC-013836-4-006,Compound butter - Garlic Lemon Butter,SUB-013547-4-001,13,grams,"BLAST CHILLER, PLANETARY MIXER, SCOOPER (BUTTER)",,,,,,,,,,,,,,,,"FA-DE Spice, Parsley Dried /Gewürze, getrocknete Petersilie",SPI-00-139374-5,0.03,0.03,grams,,,0.90575,0.03,grams
FV0232A - Herb Crusted Chicken [DE],REC-013836-4-006,Compound butter - Garlic Lemon Butter,SUB-013547-4-001,13,grams,"BLAST CHILLER, PLANETARY MIXER, SCOOPER (BUTTER)",,,,,,,,,,,,,,,,"FA-DE Spice, Black Pepper, Ground /Gewürz, schwarzer Pfeffer, gemahlen",SPI-00-139334-5,0.08,0.08,grams,,,0.90575,0.08,grams
FV0322A - Sour Cream & Chive Chicken [DE],REC-014219-4-003,Sour Cream and Chive Mashed Yukons (more salt),SUB-014217-4-001,110,grams,"BLAST CHILLER, PLANETARY MIXER",,,,,,,,,,,,,,,,"FA-DE Milk, Whole /Milch, voll",DAI-00-139142-3,8.15,8.15,grams,MILCH (EINSCHLIESSLICH LAKTOSE),,0.95705,8.15,grams
FV0322A - Sour Cream & Chive Chicken [DE],REC-014219-4-003,Sour Cream and Chive Mashed Yukons (more salt),SUB-014217-4-001,110,grams,"BLAST CHILLER, PLANETARY MIXER",,,,,,,,,,,,,,,,"FA-DE Butter, Unsalted /Butter, ungesalzen",DAI-00-139146-3,3.22,3.22,grams,MILCH (EINSCHLIESSLICH LAKTOSE),,0.95705,3.22,grams
FV0322A - Sour Cream & Chive Chicken [DE],REC-014219-4-003,Sour Cream and Chive Mashed Yukons (more salt),SUB-014217-4-001,110,grams,"BLAST CHILLER, PLANETARY MIXER",,,,,,,,,,,,,,,,FA-DE Sour Cream /Sauerrahm,DAI-00-139141-3,9.39,9.39,grams,MILCH (EINSCHLIESSLICH LAKTOSE),,0.95705,9.39,grams
FV0322A - Sour Cream & Chive Chicken [DE],REC-014219-4-003,Sour Cream and Chive Mashed Yukons (more salt),SUB-014217-4-001,110,grams,"BLAST CHILLER, PLANETARY MIXER",,,,,,,,,,,,,,,,"FA-DE Spice, Garlic Powder, Toasted /Gewürz, Knoblauchpulver, geröstet",SPI-00-139354-5,0.27,0.27,grams,,,0.95705,0.27,grams
FV0322A - Sour Cream & Chive Chicken [DE],REC-014219-4-003,Sour Cream and Chive Mashed Yukons (more salt),SUB-014217-4-001,110,grams,"BLAST CHILLER, PLANETARY MIXER",,,,,,,,,,,,,,,,"FA-DE Chives, Dried /Schnittlauch, getrocknet",SPI-00-139322-5,0.54,0.54,grams,,,0.95705,0.54,grams
FV0322A - Sour Cream & Chive Chicken [DE],REC-014219-4-003,Sour Cream and Chive Mashed Yukons (more salt),SUB-014217-4-001,110,grams,"BLAST CHILLER, PLANETARY MIXER",,,,,,,,,,,,,,,,"FA-DE Spice, Black Pepper, Ground /Gewürz, schwarzer Pfeffer, gemahlen",SPI-00-139334-5,0.14,0.14,grams,,,0.95705,0.14,grams
FV0322A - Sour Cream & Chive Chicken [DE],REC-014219-4-003,Sour Cream and Chive Mashed Yukons (more salt),SUB-014217-4-001,110,grams,"BLAST CHILLER, PLANETARY MIXER",,,,,,,,,,,,,,,,"FA-DE Spice, Sea Salt /Gewürze, Meersalz",SPI-00-139378-5,0.75,0.75,grams,,,0.95705,0.75,grams
FV0322A - Sour Cream & Chive Chicken [DE],REC-014219-4-003,Sour Cream and Chive Mashed Yukons (more salt),SUB-014217-4-001,110,grams,"BLAST CHILLER, PLANETARY MIXER",,,,,,,,,,,,,,,,"FA-DE Spice, Onion Granulated /Gewürze, Zwiebeln granuliert",SPI-00-139370-5,0.27,0.27,grams,,,0.95705,0.27,grams
FV0322A - Sour Cream & Chive Chicken [DE],REC-014219-4-003,Sour Cream and Chive Mashed Yukons (more salt),SUB-014217-4-001,110,grams,"BLAST CHILLER, PLANETARY MIXER",Cooked Diced Potato,SUB-013592-4-001,90.86,grams,"BLAST CHILLER, OVEN",,,,,,,,,,,"FA-DE Potatoes, Diced 10mm /Kartoffeln, gewürfelt, 10 mm",PHF-00-139219-3,92.71,92.71,grams,,,0.98,92.71,grams
FV0322A - Sour Cream & Chive Chicken [DE],REC-014219-4-003,Sour Cream and Chive Mashed Yukons (more salt),SUB-014217-4-001,110,grams,"BLAST CHILLER, PLANETARY MIXER",Roasted Garlic (use),SUB-013367-4-001,1.34,grams,"BLAST CHILLER, BRAISER, SPICE PORTIONING",,,,,,,,,,,"FA-DE Garlic, Peeled, Whole Cloves [10kg] /Knoblauch, geschält, ganze Nelken [10kg]",PHF-00-139197-3,1.36,1.36,grams,,,0.56691,1.36,grams
FV0322A - Sour Cream & Chive Chicken [DE],REC-014219-4-003,Sour Cream and Chive Mashed Yukons (more salt),SUB-014217-4-001,110,grams,"BLAST CHILLER, PLANETARY MIXER",Roasted Garlic (use),SUB-013367-4-001,1.34,grams,"BLAST CHILLER, BRAISER, SPICE PORTIONING",,,,,,,,,,,"FA-DE Oil, Olive /Öl, Olivenöl",PRO-00-139277-5,1.02,1.02,grams,,,0.56691,1.02,grams
FV0322A - Sour Cream & Chive Chicken [DE],REC-014219-4-003,Broccoli - Roasted S&P,SUB-016200-4-001,60,grams,"BLAST CHILLER, OVEN",,,,,,,,,,,,,,,,"FA-DE Spice, Black Pepper, Ground /Gewürz, schwarzer Pfeffer, gemahlen",SPI-00-139334-5,0.26,0.26,grams,,,0.7425,0.26,grams
FV0322A - Sour Cream & Chive Chicken [DE],REC-014219-4-003,Broccoli - Roasted S&P,SUB-016200-4-001,60,grams,"BLAST CHILLER, OVEN",,,,,,,,,,,,,,,,"FA-DE Spice, Garlic Powder, Toasted /Gewürz, Knoblauchpulver, geröstet",SPI-00-139354-5,0.21,0.21,grams,,,0.7425,0.21,grams
FV0322A - Sour Cream & Chive Chicken [DE],REC-014219-4-003,Broccoli - Roasted S&P,SUB-016200-4-001,60,grams,"BLAST CHILLER, OVEN",,,,,,,,,,,,,,,,"FA-DE Broccoli, Florets, /Brokkoli, Röschen",PHF-00-143425-3,74.62,74.62,grams,,,0.7425,74.62,grams
FV0322A - Sour Cream & Chive Chicken [DE],REC-014219-4-003,Broccoli - Roasted S&P,SUB-016200-4-001,60,grams,"BLAST CHILLER, OVEN",,,,,,,,,,,,,,,,"FA-DE Oil, Olive /Öl, Olivenöl",PRO-00-139277-5,5.39,5.39,grams,,,0.7425,5.39,grams
FV0322A - Sour Cream & Chive Chicken [DE],REC-014219-4-003,Broccoli - Roasted S&P,SUB-016200-4-001,60,grams,"BLAST CHILLER, OVEN",,,,,,,,,,,,,,,,"FA-DE Spice, Sea Salt /Gewürze, Meersalz",SPI-00-139378-5,0.32,0.32,grams,,,0.7425,0.32,grams
FV0322A - Sour Cream & Chive Chicken [DE],REC-014219-4-003,Grilled Chicken Breast Marinade #4 - Garlic Herb (EACH),SUB-014216-4-001,1,each,"BLAST CHILLER, GRILL, MARINADE, OVEN",Chicken Breast - BRINED 160g,SUB-013527-4-001,160,grams,BRINE,,,,,,,,,,,"FA-DE Chicken, Breast, B/S - 160g/Hähnchen, Brust, B/S – 160 g",PTN-00-139317-3,160,160,grams,,,0.4978,160,grams
FV0322A - Sour Cream & Chive Chicken [DE],REC-014219-4-003,Grilled Chicken Breast Marinade #4 - Garlic Herb (EACH),SUB-014216-4-001,1,each,"BLAST CHILLER, GRILL, MARINADE, OVEN",Chicken Breast - BRINED 160g,SUB-013527-4-001,160,grams,BRINE,,,,,,,,,,,FA-DE Water / Wasser,OTH-00-144038-5,160,160,grams,,,0.4978,160,grams
FV0322A - Sour Cream & Chive Chicken [DE],REC-014219-4-003,Grilled Chicken Breast Marinade #4 - Garlic Herb (EACH),SUB-014216-4-001,1,each,"BLAST CHILLER, GRILL, MARINADE, OVEN",Chicken Breast - BRINED 160g,SUB-013527-4-001,160,grams,BRINE,,,,,,,,,,,"FA-DE Spice, Sea Salt /Gewürze, Meersalz",SPI-00-139378-5,1.41,1.41,grams,,,0.4978,1.41,grams
FV0322A - Sour Cream & Chive Chicken [DE],REC-014219-4-003,Grilled Chicken Breast Marinade #4 - Garlic Herb (EACH),SUB-014216-4-001,1,each,"BLAST CHILLER, GRILL, MARINADE, OVEN",Mod Marinade #4 - Garlic and Herb,SUB-013452-4-001,4.5,grams,IMMERSION BLENDER,,,,,,,,,,,"FA-DE Oil, Olive /Öl, Olivenöl",PRO-00-139277-5,2.45,2.45,grams,,,0.98976,2.45,grams
FV0322A - Sour Cream & Chive Chicken [DE],REC-014219-4-003,Grilled Chicken Breast Marinade #4 - Garlic Herb (EACH),SUB-014216-4-001,1,each,"BLAST CHILLER, GRILL, MARINADE, OVEN",Mod Marinade #4 - Garlic and Herb,SUB-013452-4-001,4.5,grams,IMMERSION BLENDER,,,,,,,,,,,"FA-DE Vinegar, Red Wine /Essig, Rotwein",PRO-00-139301-5,0.82,0.82,grams,,,0.98976,0.82,grams
FV0322A - Sour Cream & Chive Chicken [DE],REC-014219-4-003,Grilled Chicken Breast Marinade #4 - Garlic Herb (EACH),SUB-014216-4-001,1,each,"BLAST CHILLER, GRILL, MARINADE, OVEN",Mod Marinade #4 - Garlic and Herb,SUB-013452-4-001,4.5,grams,IMMERSION BLENDER,,,,,,,,,,,"FA-DE Garlic, IQF, Diced 4 mm /Knoblauch, IQF, gewürfelt 4 mm",PHF-00-139237-1,0.82,0.82,grams,SCHWEFELDIOXIDE UND SULFITE,,0.98976,0.82,grams
FV0322A - Sour Cream & Chive Chicken [DE],REC-014219-4-003,Grilled Chicken Breast Marinade #4 - Garlic Herb (EACH),SUB-014216-4-001,1,each,"BLAST CHILLER, GRILL, MARINADE, OVEN",Mod Marinade #4 - Garlic and Herb,SUB-013452-4-001,4.5,grams,IMMERSION BLENDER,,,,,,,,,,,"FA-DE Spice, Garlic Granulated /Gewürz, Knoblauch granuliert",SPI-00-139353-5,0.19,0.19,grams,,,0.98976,0.19,grams
FV0322A - Sour Cream & Chive Chicken [DE],REC-014219-4-003,Grilled Chicken Breast Marinade #4 - Garlic Herb (EACH),SUB-014216-4-001,1,each,"BLAST CHILLER, GRILL, MARINADE, OVEN",Mod Marinade #4 - Garlic and Herb,SUB-013452-4-001,4.5,grams,IMMERSION BLENDER,,,,,,,,,,,"FA-DE Spice, Parsley Dried /Gewürze, getrocknete Petersilie",SPI-00-139374-5,0.12,0.12,grams,,,0.98976,0.12,grams
FV0322A - Sour Cream & Chive Chicken [DE],REC-014219-4-003,Grilled Chicken Breast Marinade #4 - Garlic Herb (EACH),SUB-014216-4-001,1,each,"BLAST CHILLER, GRILL, MARINADE, OVEN",Mod Marinade #4 - Garlic and Herb,SUB-013452-4-001,4.5,grams,IMMERSION BLENDER,,,,,,,,,,,"FA-DE Spice, Black Pepper, Ground /Gewürz, schwarzer Pfeffer, gemahlen",SPI-00-139334-5,0.05,0.05,grams,,,0.98976,0.05,grams
FV0322A - Sour Cream & Chive Chicken [DE],REC-014219-4-003,Grilled Chicken Breast Marinade #4 - Garlic Herb (EACH),SUB-014216-4-001,1,each,"BLAST CHILLER, GRILL, MARINADE, OVEN",Mod Marinade #4 - Garlic and Herb,SUB-013452-4-001,4.5,grams,IMMERSION BLENDER,,,,,,,,,,,"FA-DE Spice, Sea Salt /Gewürze, Meersalz",SPI-00-139378-5,0.09,0.09,grams,,,0.98976,0.09,grams
FV0322A - Sour Cream & Chive Chicken [DE],REC-014219-4-003,S&P Roasted Green Beans 1,SUB-014184-4-001,110,grams,"BLAST CHILLER, OVEN",,,,,,,,,,,,,,,,"FA-DE Oil, Olive /Öl, Olivenöl",PRO-00-139277-5,9.94,9.94,grams,,,0.69891,9.94,grams
FV0322A - Sour Cream & Chive Chicken [DE],REC-014219-4-003,S&P Roasted Green Beans 1,SUB-014184-4-001,110,grams,"BLAST CHILLER, OVEN",,,,,,,,,,,,,,,,"FA-DE Spice, Sea Salt /Gewürze, Meersalz",SPI-00-139378-5,0.58,0.58,grams,,,0.69891,0.58,grams
FV0322A - Sour Cream & Chive Chicken [DE],REC-014219-4-003,S&P Roasted Green Beans 1,SUB-014184-4-001,110,grams,"BLAST CHILLER, OVEN",,,,,,,,,,,,,,,,"FA-DE Spice, Black Pepper, Ground /Gewürz, schwarzer Pfeffer, gemahlen",SPI-00-139334-5,0.29,0.29,grams,,,0.69891,0.29,grams
FV0322A - Sour Cream & Chive Chicken [DE],REC-014219-4-003,S&P Roasted Green Beans 1,SUB-014184-4-001,110,grams,"BLAST CHILLER, OVEN",,,,,,,,,,,,,,,,"FA-DE Green Beans, Fresh and Trimmed/Grüne Bohnen, frisch und geschnitten",PHF-00-139198-3,146.58,146.58,grams,,,0.69891,146.58,grams
FV0322A - Sour Cream & Chive Chicken [DE],REC-014219-4-003,Chive-Garlic Butter,SUB-014218-4-001,10,grams,"BLAST CHILLER, PLANETARY MIXER, SCOOPER (BUTTER)",,,,,,,,,,,,,,,,"FA-DE Spice, Leek Powder /Gewürz, Lauchpulver",SPI-00-139361-5,0.09,0.09,grams,,,0.96268,0.09,grams
FV0322A - Sour Cream & Chive Chicken [DE],REC-014219-4-003,Chive-Garlic Butter,SUB-014218-4-001,10,grams,"BLAST CHILLER, PLANETARY MIXER, SCOOPER (BUTTER)",,,,,,,,,,,,,,,,"FA-DE Spice, Black Pepper, Ground /Gewürz, schwarzer Pfeffer, gemahlen",SPI-00-139334-5,0.06,0.06,grams,,,0.96268,0.06,grams
FV0322A - Sour Cream & Chive Chicken [DE],REC-014219-4-003,Chive-Garlic Butter,SUB-014218-4-001,10,grams,"BLAST CHILLER, PLANETARY MIXER, SCOOPER (BUTTER)",,,,,,,,,,,,,,,,"FA-DE Spice, Sea Salt /Gewürze, Meersalz",SPI-00-139378-5,0.12,0.12,grams,,,0.96268,0.12,grams
FV0322A - Sour Cream & Chive Chicken [DE],REC-014219-4-003,Chive-Garlic Butter,SUB-014218-4-001,10,grams,"BLAST CHILLER, PLANETARY MIXER, SCOOPER (BUTTER)",,,,,,,,,,,,,,,,"FA-DE Butter, Unsalted /Butter, ungesalzen",DAI-00-139146-3,9.77,9.77,grams,MILCH (EINSCHLIESSLICH LAKTOSE),,0.96268,9.77,grams
FV0322A - Sour Cream & Chive Chicken [DE],REC-014219-4-003,Chive-Garlic Butter,SUB-014218-4-001,10,grams,"BLAST CHILLER, PLANETARY MIXER, SCOOPER (BUTTER)",,,,,,,,,,,,,,,,"FA-DE Chives, Dried /Schnittlauch, getrocknet",SPI-00-139322-5,0.09,0.09,grams,,,0.96268,0.09,grams
FV0322A - Sour Cream & Chive Chicken [DE],REC-014219-4-003,Chive-Garlic Butter,SUB-014218-4-001,10,grams,"BLAST CHILLER, PLANETARY MIXER, SCOOPER (BUTTER)",,,,,,,,,,,,,,,,"FA-DE Spice, Minced Garlic, Toasted, Dry /Gewürz, gehackter Knoblauch, geröstet, trocken",SPI-00-139367-5,0.25,0.25,grams,,,0.96268,0.25,grams
FV0401A - Pulled chicken with cheddar and bacon [BNL],REC-013941-4-008,Sauce - Crack Chicken Cheese Mix,SUB-013714-4-001,50,grams,PLANETARY MIXER,,,,,,,,,,,,,,,,"FA-DE Spice, Garlic Granulated /Gewürz, Knoblauch granuliert",SPI-00-139353-5,0.46,0.46,grams,,,0.98,0.46,grams
FV0401A - Pulled chicken with cheddar and bacon [BNL],REC-013941-4-008,Sauce - Crack Chicken Cheese Mix,SUB-013714-4-001,50,grams,PLANETARY MIXER,DRY Ranch Seasoning,SUB-013480-4-001,2.3,grams,"HAND MIX, SPICE PORTIONING",,,,,,,,,,,"FA-DE Spice, Buttermilk Powder/Gewürz, Buttermilchpulver",SPI-00-151139-5,1.42,1.42,grams,MILCH (EINSCHLIESSLICH LAKTOSE),,0.97982,1.42,grams
FV0401A - Pulled chicken with cheddar and bacon [BNL],REC-013941-4-008,Sauce - Crack Chicken Cheese Mix,SUB-013714-4-001,50,grams,PLANETARY MIXER,DRY Ranch Seasoning,SUB-013480-4-001,2.3,grams,"HAND MIX, SPICE PORTIONING",,,,,,,,,,,"FA-DE Spice, Garlic Granulated /Gewürz, Knoblauch granuliert",SPI-00-139353-5,0.3,0.3,grams,,,0.97982,0.3,grams
FV0401A - Pulled chicken with cheddar and bacon [BNL],REC-013941-4-008,Sauce - Crack Chicken Cheese Mix,SUB-013714-4-001,50,grams,PLANETARY MIXER,DRY Ranch Seasoning,SUB-013480-4-001,2.3,grams,"HAND MIX, SPICE PORTIONING",,,,,,,,,,,"FA-DE Spice, Onion Granulated /Gewürze, Zwiebeln granuliert",SPI-00-139370-5,0.26,0.26,grams,,,0.97982,0.26,grams
FV0401A - Pulled chicken with cheddar and bacon [BNL],REC-013941-4-008,Sauce - Crack Chicken Cheese Mix,SUB-013714-4-001,50,grams,PLANETARY MIXER,DRY Ranch Seasoning,SUB-013480-4-001,2.3,grams,"HAND MIX, SPICE PORTIONING",,,,,,,,,,,"FA-DE Spice, Black Pepper, Ground /Gewürz, schwarzer Pfeffer, gemahlen",SPI-00-139334-5,0.15,0.15,grams,,,0.97982,0.15,grams
FV0401A - Pulled chicken with cheddar and bacon [BNL],REC-013941-4-008,Sauce - Crack Chicken Cheese Mix,SUB-013714-4-001,50,grams,PLANETARY MIXER,DRY Ranch Seasoning,SUB-013480-4-001,2.3,grams,"HAND MIX, SPICE PORTIONING",,,,,,,,,,,"FA-DE Spice, Dill Dried /Gewürz, Dill getrocknet",SPI-00-139349-5,0.09,0.09,grams,,,0.97982,0.09,grams
FV0401A - Pulled chicken with cheddar and bacon [BNL],REC-013941-4-008,Sauce - Crack Chicken Cheese Mix,SUB-013714-4-001,50,grams,PLANETARY MIXER,DRY Ranch Seasoning,SUB-013480-4-001,2.3,grams,"HAND MIX, SPICE PORTIONING",,,,,,,,,,,"FA-DE Chives, Dried /Schnittlauch, getrocknet",SPI-00-139322-5,0.09,0.09,grams,,,0.97982,0.09,grams
FV0401A - Pulled chicken with cheddar and bacon [BNL],REC-013941-4-008,Sauce - Crack Chicken Cheese Mix,SUB-013714-4-001,50,grams,PLANETARY MIXER,DRY Ranch Seasoning,SUB-013480-4-001,2.3,grams,"HAND MIX, SPICE PORTIONING",,,,,,,,,,,"FA-DE Spice, Parsley Dried /Gewürze, getrocknete Petersilie",SPI-00-139374-5,0.04,0.04,grams,,,0.97982,0.04,grams
FV0401A - Pulled chicken with cheddar and bacon [BNL],REC-013941-4-008,Sauce - Crack Chicken Cheese Mix,SUB-013714-4-001,50,grams,PLANETARY MIXER,,,,,,,,,,,,,,,,"FA-DE Cheese, Cream, 13% Fat (Milk) /Käse, Sahne, 13% Fett",DAI-00-139122-3,22.98,22.98,grams,MILCH (EINSCHLIESSLICH LAKTOSE),,0.98,22.98,grams
FV0401A - Pulled chicken with cheddar and bacon [BNL],REC-013941-4-008,Sauce - Crack Chicken Cheese Mix,SUB-013714-4-001,50,grams,PLANETARY MIXER,,,,,,,,,,,,,,,,"FA-DE Cheese, Red Cheddar/Käse, Roter Cheddar",DAI-00-139129-3,18.39,18.39,grams,MILCH (EINSCHLIESSLICH LAKTOSE),,0.98,18.39,grams
FV0401A - Pulled chicken with cheddar and bacon [BNL],REC-013941-4-008,Sauce - Crack Chicken Cheese Mix,SUB-013714-4-001,50,grams,PLANETARY MIXER,,,,,,,,,,,,,,,,"FA-DE Oil, Olive /Öl, Olivenöl",PRO-00-139277-5,6.89,6.89,grams,,,0.98,6.89,grams
FV0401A - Pulled chicken with cheddar and bacon [BNL],REC-013941-4-008,Shredded chicken - Keto Crack Chicken Thigh Batch - Shredder,SUB-013715-4-002,140,grams,"BLAST CHILLER, HOT SHREDDER, MARINADE, OVEN",Shredded Chicken Thighs - BRINED,SUB-013398-4-001,156.9,grams,BRINE,,,,,,,,,,,FA-DE Water / Wasser,OTH-00-144038-5,156.9,156.9,grams,,,0.4978,156.9,grams
FV0401A - Pulled chicken with cheddar and bacon [BNL],REC-013941-4-008,Shredded chicken - Keto Crack Chicken Thigh Batch - Shredder,SUB-013715-4-002,140,grams,"BLAST CHILLER, HOT SHREDDER, MARINADE, OVEN",Shredded Chicken Thighs - BRINED,SUB-013398-4-001,156.9,grams,BRINE,,,,,,,,,,,"FA-DE Spice, Sea Salt /Gewürze, Meersalz",SPI-00-139378-5,1.38,1.38,grams,,,0.4978,1.38,grams
FV0401A - Pulled chicken with cheddar and bacon [BNL],REC-013941-4-008,Shredded chicken - Keto Crack Chicken Thigh Batch - Shredder,SUB-013715-4-002,140,grams,"BLAST CHILLER, HOT SHREDDER, MARINADE, OVEN",Shredded Chicken Thighs - BRINED,SUB-013398-4-001,156.9,grams,BRINE,,,,,,,,,,,"FA-DE Chicken, Thighs, Boneless Skinless /Hähnchen, Oberschenkel, ohne Knochen und ohne Haut",PTN-00-139343-3,156.9,156.9,grams,,,0.4978,156.9,grams
FV0401A - Pulled chicken with cheddar and bacon [BNL],REC-013941-4-008,Shredded chicken - Keto Crack Chicken Thigh Batch - Shredder,SUB-013715-4-002,140,grams,"BLAST CHILLER, HOT SHREDDER, MARINADE, OVEN",,,,,,,,,,,,,,,,FA-DE Reserved Braising Liquid / Zurückgehaltene Schmorfllüssigkeit,PRO-00-144041-3,41.06,41.06,grams,,,0.6309,41.06,grams
FV0401A - Pulled chicken with cheddar and bacon [BNL],REC-013941-4-008,Shredded chicken - Keto Crack Chicken Thigh Batch - Shredder,SUB-013715-4-002,140,grams,"BLAST CHILLER, HOT SHREDDER, MARINADE, OVEN",DRY Ranch Seasoning,SUB-013480-4-001,1.71,grams,"HAND MIX, SPICE PORTIONING",,,,,,,,,,,"FA-DE Spice, Buttermilk Powder/Gewürz, Buttermilchpulver",SPI-00-151139-5,1.06,1.06,grams,MILCH (EINSCHLIESSLICH LAKTOSE),,0.97982,1.06,grams
FV0401A - Pulled chicken with cheddar and bacon [BNL],REC-013941-4-008,Shredded chicken - Keto Crack Chicken Thigh Batch - Shredder,SUB-013715-4-002,140,grams,"BLAST CHILLER, HOT SHREDDER, MARINADE, OVEN",DRY Ranch Seasoning,SUB-013480-4-001,1.71,grams,"HAND MIX, SPICE PORTIONING",,,,,,,,,,,"FA-DE Spice, Garlic Granulated /Gewürz, Knoblauch granuliert",SPI-00-139353-5,0.22,0.22,grams,,,0.97982,0.22,grams
FV0401A - Pulled chicken with cheddar and bacon [BNL],REC-013941-4-008,Shredded chicken - Keto Crack Chicken Thigh Batch - Shredder,SUB-013715-4-002,140,grams,"BLAST CHILLER, HOT SHREDDER, MARINADE, OVEN",DRY Ranch Seasoning,SUB-013480-4-001,1.71,grams,"HAND MIX, SPICE PORTIONING",,,,,,,,,,,"FA-DE Spice, Onion Granulated /Gewürze, Zwiebeln granuliert",SPI-00-139370-5,0.19,0.19,grams,,,0.97982,0.19,grams
FV0401A - Pulled chicken with cheddar and bacon [BNL],REC-013941-4-008,Shredded chicken - Keto Crack Chicken Thigh Batch - Shredder,SUB-013715-4-002,140,grams,"BLAST CHILLER, HOT SHREDDER, MARINADE, OVEN",DRY Ranch Seasoning,SUB-013480-4-001,1.71,grams,"HAND MIX, SPICE PORTIONING",,,,,,,,,,,"FA-DE Spice, Black Pepper, Ground /Gewürz, schwarzer Pfeffer, gemahlen",SPI-00-139334-5,0.11,0.11,grams,,,0.97982,0.11,grams
FV0401A - Pulled chicken with cheddar and bacon [BNL],REC-013941-4-008,Shredded chicken - Keto Crack Chicken Thigh Batch - Shredder,SUB-013715-4-002,140,grams,"BLAST CHILLER, HOT SHREDDER, MARINADE, OVEN",DRY Ranch Seasoning,SUB-013480-4-001,1.71,grams,"HAND MIX, SPICE PORTIONING",,,,,,,,,,,"FA-DE Spice, Dill Dried /Gewürz, Dill getrocknet",SPI-00-139349-5,0.07,0.07,grams,,,0.97982,0.07,grams
FV0401A - Pulled chicken with cheddar and bacon [BNL],REC-013941-4-008,Shredded chicken - Keto Crack Chicken Thigh Batch - Shredder,SUB-013715-4-002,140,grams,"BLAST CHILLER, HOT SHREDDER, MARINADE, OVEN",DRY Ranch Seasoning,SUB-013480-4-001,1.71,grams,"HAND MIX, SPICE PORTIONING",,,,,,,,,,,"FA-DE Chives, Dried /Schnittlauch, getrocknet",SPI-00-139322-5,0.07,0.07,grams,,,0.97982,0.07,grams
FV0401A - Pulled chicken with cheddar and bacon [BNL],REC-013941-4-008,Shredded chicken - Keto Crack Chicken Thigh Batch - Shredder,SUB-013715-4-002,140,grams,"BLAST CHILLER, HOT SHREDDER, MARINADE, OVEN",DRY Ranch Seasoning,SUB-013480-4-001,1.71,grams,"HAND MIX, SPICE PORTIONING",,,,,,,,,,,"FA-DE Spice, Parsley Dried /Gewürze, getrocknete Petersilie",SPI-00-139374-5,0.03,0.03,grams,,,0.97982,0.03,grams
FV0401A - Pulled chicken with cheddar and bacon [BNL],REC-013941-4-008,Shredded chicken - Keto Crack Chicken Thigh Batch - Shredder,SUB-013715-4-002,140,grams,"BLAST CHILLER, HOT SHREDDER, MARINADE, OVEN",Dry Ranch Marinade,SUB-031652-4-001,22.24,grams,IMMERSION BLENDER,Roasted Garlic (use),SUB-013367-4-001,1.75,grams,"BLAST CHILLER, BRAISER, SPICE PORTIONING",,,,,,"FA-DE Garlic, Peeled, Whole Cloves [10kg] /Knoblauch, geschält, ganze Nelken [10kg]",PHF-00-139197-3,1.76,1.76,grams,,,0.56691,1.76,grams
FV0401A - Pulled chicken with cheddar and bacon [BNL],REC-013941-4-008,Shredded chicken - Keto Crack Chicken Thigh Batch - Shredder,SUB-013715-4-002,140,grams,"BLAST CHILLER, HOT SHREDDER, MARINADE, OVEN",Dry Ranch Marinade,SUB-031652-4-001,22.24,grams,IMMERSION BLENDER,Roasted Garlic (use),SUB-013367-4-001,1.75,grams,"BLAST CHILLER, BRAISER, SPICE PORTIONING",,,,,,"FA-DE Oil, Olive /Öl, Olivenöl",PRO-00-139277-5,1.32,1.32,grams,,,0.56691,1.32,grams
FV0401A - Pulled chicken with cheddar and bacon [BNL],REC-013941-4-008,Shredded chicken - Keto Crack Chicken Thigh Batch - Shredder,SUB-013715-4-002,140,grams,"BLAST CHILLER, HOT SHREDDER, MARINADE, OVEN",Dry Ranch Marinade,SUB-031652-4-001,22.24,grams,IMMERSION BLENDER,DRY Ranch Seasoning,SUB-013480-4-001,3.49,grams,"HAND MIX, SPICE PORTIONING",,,,,,"FA-DE Spice, Buttermilk Powder/Gewürz, Buttermilchpulver",SPI-00-151139-5,2.15,2.15,grams,MILCH (EINSCHLIESSLICH LAKTOSE),,0.97982,2.15,grams
FV0401A - Pulled chicken with cheddar and bacon [BNL],REC-013941-4-008,Shredded chicken - Keto Crack Chicken Thigh Batch - Shredder,SUB-013715-4-002,140,grams,"BLAST CHILLER, HOT SHREDDER, MARINADE, OVEN",Dry Ranch Marinade,SUB-031652-4-001,22.24,grams,IMMERSION BLENDER,DRY Ranch Seasoning,SUB-013480-4-001,3.49,grams,"HAND MIX, SPICE PORTIONING",,,,,,"FA-DE Spice, Garlic Granulated /Gewürz, Knoblauch granuliert",SPI-00-139353-5,0.45,0.45,grams,,,0.97982,0.45,grams
FV0401A - Pulled chicken with cheddar and bacon [BNL],REC-013941-4-008,Shredded chicken - Keto Crack Chicken Thigh Batch - Shredder,SUB-013715-4-002,140,grams,"BLAST CHILLER, HOT SHREDDER, MARINADE, OVEN",Dry Ranch Marinade,SUB-031652-4-001,22.24,grams,IMMERSION BLENDER,DRY Ranch Seasoning,SUB-013480-4-001,3.49,grams,"HAND MIX, SPICE PORTIONING",,,,,,"FA-DE Spice, Onion Granulated /Gewürze, Zwiebeln granuliert",SPI-00-139370-5,0.4,0.4,grams,,,0.97982,0.4,grams
FV0401A - Pulled chicken with cheddar and bacon [BNL],REC-013941-4-008,Shredded chicken - Keto Crack Chicken Thigh Batch - Shredder,SUB-013715-4-002,140,grams,"BLAST CHILLER, HOT SHREDDER, MARINADE, OVEN",Dry Ranch Marinade,SUB-031652-4-001,22.24,grams,IMMERSION BLENDER,DRY Ranch Seasoning,SUB-013480-4-001,3.49,grams,"HAND MIX, SPICE PORTIONING",,,,,,"FA-DE Spice, Black Pepper, Ground /Gewürz, schwarzer Pfeffer, gemahlen",SPI-00-139334-5,0.23,0.23,grams,,,0.97982,0.23,grams
FV0401A - Pulled chicken with cheddar and bacon [BNL],REC-013941-4-008,Shredded chicken - Keto Crack Chicken Thigh Batch - Shredder,SUB-013715-4-002,140,grams,"BLAST CHILLER, HOT SHREDDER, MARINADE, OVEN",Dry Ranch Marinade,SUB-031652-4-001,22.24,grams,IMMERSION BLENDER,DRY Ranch Seasoning,SUB-013480-4-001,3.49,grams,"HAND MIX, SPICE PORTIONING",,,,,,"FA-DE Spice, Dill Dried /Gewürz, Dill getrocknet",SPI-00-139349-5,0.14,0.14,grams,,,0.97982,0.14,grams
FV0401A - Pulled chicken with cheddar and bacon [BNL],REC-013941-4-008,Shredded chicken - Keto Crack Chicken Thigh Batch - Shredder,SUB-013715-4-002,140,grams,"BLAST CHILLER, HOT SHREDDER, MARINADE, OVEN",Dry Ranch Marinade,SUB-031652-4-001,22.24,grams,IMMERSION BLENDER,DRY Ranch Seasoning,SUB-013480-4-001,3.49,grams,"HAND MIX, SPICE PORTIONING",,,,,,"FA-DE Chives, Dried /Schnittlauch, getrocknet",SPI-00-139322-5,0.14,0.14,grams,,,0.97982,0.14,grams
FV0401A - Pulled chicken with cheddar and bacon [BNL],REC-013941-4-008,Shredded chicken - Keto Crack Chicken Thigh Batch - Shredder,SUB-013715-4-002,140,grams,"BLAST CHILLER, HOT SHREDDER, MARINADE, OVEN",Dry Ranch Marinade,SUB-031652-4-001,22.24,grams,IMMERSION BLENDER,DRY Ranch Seasoning,SUB-013480-4-001,3.49,grams,"HAND MIX, SPICE PORTIONING",,,,,,"FA-DE Spice, Parsley Dried /Gewürze, getrocknete Petersilie",SPI-00-139374-5,0.06,0.06,grams,,,0.97982,0.06,grams
FV0401A - Pulled chicken with cheddar and bacon [BNL],REC-013941-4-008,Shredded chicken - Keto Crack Chicken Thigh Batch - Shredder,SUB-013715-4-002,140,grams,"BLAST CHILLER, HOT SHREDDER, MARINADE, OVEN",Dry Ranch Marinade,SUB-031652-4-001,22.24,grams,IMMERSION BLENDER,,,,,,,,,,,"FA-DE Oil, Olive /Öl, Olivenöl",PRO-00-139277-5,17.46,17.46,grams,,,0.97998,17.46,grams
FV0401A - Pulled chicken with cheddar and bacon [BNL],REC-013941-4-008,Extra Crispy Diced Bacon,SUB-013468-4-001,10,grams,"BLAST CHILLER, DRAIN, OVEN",,,,,,,,,,,,,,,,"FA-DE Bacon, Diced /Speck, gewürfelt",PTN-00-139306-3,27.22,27.22,grams,,,0.36735,27.22,grams
FV0401A - Pulled chicken with cheddar and bacon [BNL],REC-013941-4-008,Roasted Green Onions,SUB-023370-4-001,10,grams,"BLAST CHILLER, OVEN",,,,,,,,,,,,,,,,"FA-DE Onion, Green, Sliced 5mm /Zwiebel, grün, in Scheiben geschnitten, 5 mm",PHF-00-149803-3,12.91,12.91,grams,,,0.77467,12.91,grams
FV0401A - Pulled chicken with cheddar and bacon [BNL],REC-013941-4-008,,,,,,,,,,,,,,,,,,,,,"FA-DE Cheese, White Cheddar, Shredded /Käse, weißer Cheddar, gerieben",DAI-00-139135-3,10,10,grams,MILCH (EINSCHLIESSLICH LAKTOSE),,,10,grams
FV0401A - Pulled chicken with cheddar and bacon [BNL],REC-013941-4-008,Garlic Broccoli - less salt,SUB-014208-4-002,55,grams,"BLAST CHILLER, OVEN",,,,,,,,,,,,,,,,"FA-DE Spice, Sea Salt /Gewürze, Meersalz",SPI-00-139378-5,0.19,0.19,grams,,,0.77149,0.19,grams
FV0401A - Pulled chicken with cheddar and bacon [BNL],REC-013941-4-008,Garlic Broccoli - less salt,SUB-014208-4-002,55,grams,"BLAST CHILLER, OVEN",,,,,,,,,,,,,,,,"FA-DE Broccoli, Florets, /Brokkoli, Röschen",PHF-00-143425-3,64.35,64.35,grams,,,0.77149,64.35,grams
FV0401A - Pulled chicken with cheddar and bacon [BNL],REC-013941-4-008,Garlic Broccoli - less salt,SUB-014208-4-002,55,grams,"BLAST CHILLER, OVEN",,,,,,,,,,,,,,,,"FA-DE Oil, Olive /Öl, Olivenöl",PRO-00-139277-5,3.37,3.37,grams,,,0.77149,3.37,grams
FV0401A - Pulled chicken with cheddar and bacon [BNL],REC-013941-4-008,Garlic Broccoli - less salt,SUB-014208-4-002,55,grams,"BLAST CHILLER, OVEN",Roasted Garlic (use),SUB-013367-4-001,3.38,grams,"BLAST CHILLER, BRAISER, SPICE PORTIONING",,,,,,,,,,,"FA-DE Garlic, Peeled, Whole Cloves [10kg] /Knoblauch, geschält, ganze Nelken [10kg]",PHF-00-139197-3,3.4,3.4,grams,,,0.56691,3.4,grams
FV0401A - Pulled chicken with cheddar and bacon [BNL],REC-013941-4-008,Garlic Broccoli - less salt,SUB-014208-4-002,55,grams,"BLAST CHILLER, OVEN",Roasted Garlic (use),SUB-013367-4-001,3.38,grams,"BLAST CHILLER, BRAISER, SPICE PORTIONING",,,,,,,,,,,"FA-DE Oil, Olive /Öl, Olivenöl",PRO-00-139277-5,2.55,2.55,grams,,,0.56691,2.55,grams
FV0401A - Pulled chicken with cheddar and bacon [BNL],REC-013941-4-008,Portobello - CBRSC Roasted Portobello's,SUB-013717-4-001,55,grams,"BLAST CHILLER, OVEN",Roasted Garlic (use),SUB-013367-4-001,1.54,grams,"BLAST CHILLER, BRAISER, SPICE PORTIONING",,,,,,,,,,,"FA-DE Garlic, Peeled, Whole Cloves [10kg] /Knoblauch, geschält, ganze Nelken [10kg]",PHF-00-139197-3,1.56,1.56,grams,,,0.56691,1.56,grams
FV0401A - Pulled chicken with cheddar and bacon [BNL],REC-013941-4-008,Portobello - CBRSC Roasted Portobello's,SUB-013717-4-001,55,grams,"BLAST CHILLER, OVEN",Roasted Garlic (use),SUB-013367-4-001,1.54,grams,"BLAST CHILLER, BRAISER, SPICE PORTIONING",,,,,,,,,,,"FA-DE Oil, Olive /Öl, Olivenöl",PRO-00-139277-5,1.17,1.17,grams,,,0.56691,1.17,grams
FV0401A - Pulled chicken with cheddar and bacon [BNL],REC-013941-4-008,Portobello - CBRSC Roasted Portobello's,SUB-013717-4-001,55,grams,"BLAST CHILLER, OVEN",,,,,,,,,,,,,,,,"FA-DE Thyme, IQF /Thymian, IQF",PHF-00-139244-1,0.31,0.31,grams,,,0.61956,0.31,grams
FV0401A - Pulled chicken with cheddar and bacon [BNL],REC-013941-4-008,Portobello - CBRSC Roasted Portobello's,SUB-013717-4-001,55,grams,"BLAST CHILLER, OVEN",,,,,,,,,,,,,,,,"FA-DE Spice, Sea Salt /Gewürze, Meersalz",SPI-00-139378-5,0.39,0.39,grams,,,0.61956,0.39,grams
FV0401A - Pulled chicken with cheddar and bacon [BNL],REC-013941-4-008,Portobello - CBRSC Roasted Portobello's,SUB-013717-4-001,55,grams,"BLAST CHILLER, OVEN",,,,,,,,,,,,,,,,"FA-DE Spice, Black Pepper, Ground /Gewürz, schwarzer Pfeffer, gemahlen",SPI-00-139334-5,0.31,0.31,grams,,,0.61956,0.31,grams
FV0401A - Pulled chicken with cheddar and bacon [BNL],REC-013941-4-008,Portobello - CBRSC Roasted Portobello's,SUB-013717-4-001,55,grams,"BLAST CHILLER, OVEN",,,,,,,,,,,,,,,,"FA-DE Oil, Olive /Öl, Olivenöl",PRO-00-139277-5,6.18,6.18,grams,,,0.61956,6.18,grams
FV0401A - Pulled chicken with cheddar and bacon [BNL],REC-013941-4-008,Portobello - CBRSC Roasted Portobello's,SUB-013717-4-001,55,grams,"BLAST CHILLER, OVEN",,,,,,,,,,,,,,,,"FA-DE Mushroom, Portobello, Sliced, Washed /Pilze, Portobello, in Scheiben geschnitten, gewaschen",PHF-00-139207-3,80.05,80.05,grams,,,0.61956,80.05,grams
FV0401A - Pulled chicken with cheddar and bacon [DE],REC-013941-4-003,Sauce - Crack Chicken Cheese Mix,SUB-013714-4-001,50,grams,PLANETARY MIXER,,,,,,,,,,,,,,,,"FA-DE Spice, Garlic Granulated /Gewürz, Knoblauch granuliert",SPI-00-139353-5,0.46,0.46,grams,,,0.98,0.46,grams
FV0401A - Pulled chicken with cheddar and bacon [DE],REC-013941-4-003,Sauce - Crack Chicken Cheese Mix,SUB-013714-4-001,50,grams,PLANETARY MIXER,DRY Ranch Seasoning,SUB-013480-4-001,2.3,grams,"HAND MIX, SPICE PORTIONING",,,,,,,,,,,"FA-DE Spice, Buttermilk Powder/Gewürz, Buttermilchpulver",SPI-00-151139-5,1.42,1.42,grams,MILCH (EINSCHLIESSLICH LAKTOSE),,0.97982,1.42,grams
FV0401A - Pulled chicken with cheddar and bacon [DE],REC-013941-4-003,Sauce - Crack Chicken Cheese Mix,SUB-013714-4-001,50,grams,PLANETARY MIXER,DRY Ranch Seasoning,SUB-013480-4-001,2.3,grams,"HAND MIX, SPICE PORTIONING",,,,,,,,,,,"FA-DE Spice, Garlic Granulated /Gewürz, Knoblauch granuliert",SPI-00-139353-5,0.3,0.3,grams,,,0.97982,0.3,grams
FV0401A - Pulled chicken with cheddar and bacon [DE],REC-013941-4-003,Sauce - Crack Chicken Cheese Mix,SUB-013714-4-001,50,grams,PLANETARY MIXER,DRY Ranch Seasoning,SUB-013480-4-001,2.3,grams,"HAND MIX, SPICE PORTIONING",,,,,,,,,,,"FA-DE Spice, Onion Granulated /Gewürze, Zwiebeln granuliert",SPI-00-139370-5,0.26,0.26,grams,,,0.97982,0.26,grams
FV0401A - Pulled chicken with cheddar and bacon [DE],REC-013941-4-003,Sauce - Crack Chicken Cheese Mix,SUB-013714-4-001,50,grams,PLANETARY MIXER,DRY Ranch Seasoning,SUB-013480-4-001,2.3,grams,"HAND MIX, SPICE PORTIONING",,,,,,,,,,,"FA-DE Spice, Black Pepper, Ground /Gewürz, schwarzer Pfeffer, gemahlen",SPI-00-139334-5,0.15,0.15,grams,,,0.97982,0.15,grams
FV0401A - Pulled chicken with cheddar and bacon [DE],REC-013941-4-003,Sauce - Crack Chicken Cheese Mix,SUB-013714-4-001,50,grams,PLANETARY MIXER,DRY Ranch Seasoning,SUB-013480-4-001,2.3,grams,"HAND MIX, SPICE PORTIONING",,,,,,,,,,,"FA-DE Spice, Dill Dried /Gewürz, Dill getrocknet",SPI-00-139349-5,0.09,0.09,grams,,,0.97982,0.09,grams
FV0401A - Pulled chicken with cheddar and bacon [DE],REC-013941-4-003,Sauce - Crack Chicken Cheese Mix,SUB-013714-4-001,50,grams,PLANETARY MIXER,DRY Ranch Seasoning,SUB-013480-4-001,2.3,grams,"HAND MIX, SPICE PORTIONING",,,,,,,,,,,"FA-DE Chives, Dried /Schnittlauch, getrocknet",SPI-00-139322-5,0.09,0.09,grams,,,0.97982,0.09,grams
FV0401A - Pulled chicken with cheddar and bacon [DE],REC-013941-4-003,Sauce - Crack Chicken Cheese Mix,SUB-013714-4-001,50,grams,PLANETARY MIXER,DRY Ranch Seasoning,SUB-013480-4-001,2.3,grams,"HAND MIX, SPICE PORTIONING",,,,,,,,,,,"FA-DE Spice, Parsley Dried /Gewürze, getrocknete Petersilie",SPI-00-139374-5,0.04,0.04,grams,,,0.97982,0.04,grams
FV0401A - Pulled chicken with cheddar and bacon [DE],REC-013941-4-003,Sauce - Crack Chicken Cheese Mix,SUB-013714-4-001,50,grams,PLANETARY MIXER,,,,,,,,,,,,,,,,"FA-DE Cheese, Cream, 13% Fat (Milk) /Käse, Sahne, 13% Fett",DAI-00-139122-3,22.98,22.98,grams,MILCH (EINSCHLIESSLICH LAKTOSE),,0.98,22.98,grams
FV0401A - Pulled chicken with cheddar and bacon [DE],REC-013941-4-003,Sauce - Crack Chicken Cheese Mix,SUB-013714-4-001,50,grams,PLANETARY MIXER,,,,,,,,,,,,,,,,"FA-DE Cheese, Red Cheddar/Käse, Roter Cheddar",DAI-00-139129-3,18.39,18.39,grams,MILCH (EINSCHLIESSLICH LAKTOSE),,0.98,18.39,grams
FV0401A - Pulled chicken with cheddar and bacon [DE],REC-013941-4-003,Sauce - Crack Chicken Cheese Mix,SUB-013714-4-001,50,grams,PLANETARY MIXER,,,,,,,,,,,,,,,,"FA-DE Oil, Olive /Öl, Olivenöl",PRO-00-139277-5,6.89,6.89,grams,,,0.98,6.89,grams
FV0401A - Pulled chicken with cheddar and bacon [DE],REC-013941-4-003,Shredded chicken - Keto Crack Chicken Thigh Batch - Shredder,SUB-013715-4-002,140,grams,"BLAST CHILLER, HOT SHREDDER, MARINADE, OVEN",Shredded Chicken Thighs - BRINED,SUB-013398-4-001,156.9,grams,BRINE,,,,,,,,,,,FA-DE Water / Wasser,OTH-00-144038-5,156.9,156.9,grams,,,0.4978,156.9,grams
FV0401A - Pulled chicken with cheddar and bacon [DE],REC-013941-4-003,Shredded chicken - Keto Crack Chicken Thigh Batch - Shredder,SUB-013715-4-002,140,grams,"BLAST CHILLER, HOT SHREDDER, MARINADE, OVEN",Shredded Chicken Thighs - BRINED,SUB-013398-4-001,156.9,grams,BRINE,,,,,,,,,,,"FA-DE Spice, Sea Salt /Gewürze, Meersalz",SPI-00-139378-5,1.38,1.38,grams,,,0.4978,1.38,grams
FV0401A - Pulled chicken with cheddar and bacon [DE],REC-013941-4-003,Shredded chicken - Keto Crack Chicken Thigh Batch - Shredder,SUB-013715-4-002,140,grams,"BLAST CHILLER, HOT SHREDDER, MARINADE, OVEN",Shredded Chicken Thighs - BRINED,SUB-013398-4-001,156.9,grams,BRINE,,,,,,,,,,,"FA-DE Chicken, Thighs, Boneless Skinless /Hähnchen, Oberschenkel, ohne Knochen und ohne Haut",PTN-00-139343-3,156.9,156.9,grams,,,0.4978,156.9,grams
FV0401A - Pulled chicken with cheddar and bacon [DE],REC-013941-4-003,Shredded chicken - Keto Crack Chicken Thigh Batch - Shredder,SUB-013715-4-002,140,grams,"BLAST CHILLER, HOT SHREDDER, MARINADE, OVEN",,,,,,,,,,,,,,,,FA-DE Reserved Braising Liquid / Zurückgehaltene Schmorfllüssigkeit,PRO-00-144041-3,41.06,41.06,grams,,,0.6309,41.06,grams
FV0401A - Pulled chicken with cheddar and bacon [DE],REC-013941-4-003,Shredded chicken - Keto Crack Chicken Thigh Batch - Shredder,SUB-013715-4-002,140,grams,"BLAST CHILLER, HOT SHREDDER, MARINADE, OVEN",DRY Ranch Seasoning,SUB-013480-4-001,1.71,grams,"HAND MIX, SPICE PORTIONING",,,,,,,,,,,"FA-DE Spice, Buttermilk Powder/Gewürz, Buttermilchpulver",SPI-00-151139-5,1.06,1.06,grams,MILCH (EINSCHLIESSLICH LAKTOSE),,0.97982,1.06,grams
FV0401A - Pulled chicken with cheddar and bacon [DE],REC-013941-4-003,Shredded chicken - Keto Crack Chicken Thigh Batch - Shredder,SUB-013715-4-002,140,grams,"BLAST CHILLER, HOT SHREDDER, MARINADE, OVEN",DRY Ranch Seasoning,SUB-013480-4-001,1.71,grams,"HAND MIX, SPICE PORTIONING",,,,,,,,,,,"FA-DE Spice, Garlic Granulated /Gewürz, Knoblauch granuliert",SPI-00-139353-5,0.22,0.22,grams,,,0.97982,0.22,grams
FV0401A - Pulled chicken with cheddar and bacon [DE],REC-013941-4-003,Shredded chicken - Keto Crack Chicken Thigh Batch - Shredder,SUB-013715-4-002,140,grams,"BLAST CHILLER, HOT SHREDDER, MARINADE, OVEN",DRY Ranch Seasoning,SUB-013480-4-001,1.71,grams,"HAND MIX, SPICE PORTIONING",,,,,,,,,,,"FA-DE Spice, Onion Granulated /Gewürze, Zwiebeln granuliert",SPI-00-139370-5,0.19,0.19,grams,,,0.97982,0.19,grams
FV0401A - Pulled chicken with cheddar and bacon [DE],REC-013941-4-003,Shredded chicken - Keto Crack Chicken Thigh Batch - Shredder,SUB-013715-4-002,140,grams,"BLAST CHILLER, HOT SHREDDER, MARINADE, OVEN",DRY Ranch Seasoning,SUB-013480-4-001,1.71,grams,"HAND MIX, SPICE PORTIONING",,,,,,,,,,,"FA-DE Spice, Black Pepper, Ground /Gewürz, schwarzer Pfeffer, gemahlen",SPI-00-139334-5,0.11,0.11,grams,,,0.97982,0.11,grams
FV0401A - Pulled chicken with cheddar and bacon [DE],REC-013941-4-003,Shredded chicken - Keto Crack Chicken Thigh Batch - Shredder,SUB-013715-4-002,140,grams,"BLAST CHILLER, HOT SHREDDER, MARINADE, OVEN",DRY Ranch Seasoning,SUB-013480-4-001,1.71,grams,"HAND MIX, SPICE PORTIONING",,,,,,,,,,,"FA-DE Spice, Dill Dried /Gewürz, Dill getrocknet",SPI-00-139349-5,0.07,0.07,grams,,,0.97982,0.07,grams
FV0401A - Pulled chicken with cheddar and bacon [DE],REC-013941-4-003,Shredded chicken - Keto Crack Chicken Thigh Batch - Shredder,SUB-013715-4-002,140,grams,"BLAST CHILLER, HOT SHREDDER, MARINADE, OVEN",DRY Ranch Seasoning,SUB-013480-4-001,1.71,grams,"HAND MIX, SPICE PORTIONING",,,,,,,,,,,"FA-DE Chives, Dried /Schnittlauch, getrocknet",SPI-00-139322-5,0.07,0.07,grams,,,0.97982,0.07,grams
FV0401A - Pulled chicken with cheddar and bacon [DE],REC-013941-4-003,Shredded chicken - Keto Crack Chicken Thigh Batch - Shredder,SUB-013715-4-002,140,grams,"BLAST CHILLER, HOT SHREDDER, MARINADE, OVEN",DRY Ranch Seasoning,SUB-013480-4-001,1.71,grams,"HAND MIX, SPICE PORTIONING",,,,,,,,,,,"FA-DE Spice, Parsley Dried /Gewürze, getrocknete Petersilie",SPI-00-139374-5,0.03,0.03,grams,,,0.97982,0.03,grams
FV0401A - Pulled chicken with cheddar and bacon [DE],REC-013941-4-003,Shredded chicken - Keto Crack Chicken Thigh Batch - Shredder,SUB-013715-4-002,140,grams,"BLAST CHILLER, HOT SHREDDER, MARINADE, OVEN",Dry Ranch Marinade,SUB-031652-4-001,22.24,grams,IMMERSION BLENDER,Roasted Garlic (use),SUB-013367-4-001,1.75,grams,"BLAST CHILLER, BRAISER, SPICE PORTIONING",,,,,,"FA-DE Garlic, Peeled, Whole Cloves [10kg] /Knoblauch, geschält, ganze Nelken [10kg]",PHF-00-139197-3,1.76,1.76,grams,,,0.56691,1.76,grams
FV0401A - Pulled chicken with cheddar and bacon [DE],REC-013941-4-003,Shredded chicken - Keto Crack Chicken Thigh Batch - Shredder,SUB-013715-4-002,140,grams,"BLAST CHILLER, HOT SHREDDER, MARINADE, OVEN",Dry Ranch Marinade,SUB-031652-4-001,22.24,grams,IMMERSION BLENDER,Roasted Garlic (use),SUB-013367-4-001,1.75,grams,"BLAST CHILLER, BRAISER, SPICE PORTIONING",,,,,,"FA-DE Oil, Olive /Öl, Olivenöl",PRO-00-139277-5,1.32,1.32,grams,,,0.56691,1.32,grams
FV0401A - Pulled chicken with cheddar and bacon [DE],REC-013941-4-003,Shredded chicken - Keto Crack Chicken Thigh Batch - Shredder,SUB-013715-4-002,140,grams,"BLAST CHILLER, HOT SHREDDER, MARINADE, OVEN",Dry Ranch Marinade,SUB-031652-4-001,22.24,grams,IMMERSION BLENDER,DRY Ranch Seasoning,SUB-013480-4-001,3.49,grams,"HAND MIX, SPICE PORTIONING",,,,,,"FA-DE Spice, Buttermilk Powder/Gewürz, Buttermilchpulver",SPI-00-151139-5,2.15,2.15,grams,MILCH (EINSCHLIESSLICH LAKTOSE),,0.97982,2.15,grams
FV0401A - Pulled chicken with cheddar and bacon [DE],REC-013941-4-003,Shredded chicken - Keto Crack Chicken Thigh Batch - Shredder,SUB-013715-4-002,140,grams,"BLAST CHILLER, HOT SHREDDER, MARINADE, OVEN",Dry Ranch Marinade,SUB-031652-4-001,22.24,grams,IMMERSION BLENDER,DRY Ranch Seasoning,SUB-013480-4-001,3.49,grams,"HAND MIX, SPICE PORTIONING",,,,,,"FA-DE Spice, Garlic Granulated /Gewürz, Knoblauch granuliert",SPI-00-139353-5,0.45,0.45,grams,,,0.97982,0.45,grams
FV0401A - Pulled chicken with cheddar and bacon [DE],REC-013941-4-003,Shredded chicken - Keto Crack Chicken Thigh Batch - Shredder,SUB-013715-4-002,140,grams,"BLAST CHILLER, HOT SHREDDER, MARINADE, OVEN",Dry Ranch Marinade,SUB-031652-4-001,22.24,grams,IMMERSION BLENDER,DRY Ranch Seasoning,SUB-013480-4-001,3.49,grams,"HAND MIX, SPICE PORTIONING",,,,,,"FA-DE Spice, Onion Granulated /Gewürze, Zwiebeln granuliert",SPI-00-139370-5,0.4,0.4,grams,,,0.97982,0.4,grams
FV0401A - Pulled chicken with cheddar and bacon [DE],REC-013941-4-003,Shredded chicken - Keto Crack Chicken Thigh Batch - Shredder,SUB-013715-4-002,140,grams,"BLAST CHILLER, HOT SHREDDER, MARINADE, OVEN",Dry Ranch Marinade,SUB-031652-4-001,22.24,grams,IMMERSION BLENDER,DRY Ranch Seasoning,SUB-013480-4-001,3.49,grams,"HAND MIX, SPICE PORTIONING",,,,,,"FA-DE Spice, Black Pepper, Ground /Gewürz, schwarzer Pfeffer, gemahlen",SPI-00-139334-5,0.23,0.23,grams,,,0.97982,0.23,grams
FV0401A - Pulled chicken with cheddar and bacon [DE],REC-013941-4-003,Shredded chicken - Keto Crack Chicken Thigh Batch - Shredder,SUB-013715-4-002,140,grams,"BLAST CHILLER, HOT SHREDDER, MARINADE, OVEN",Dry Ranch Marinade,SUB-031652-4-001,22.24,grams,IMMERSION BLENDER,DRY Ranch Seasoning,SUB-013480-4-001,3.49,grams,"HAND MIX, SPICE PORTIONING",,,,,,"FA-DE Spice, Dill Dried /Gewürz, Dill getrocknet",SPI-00-139349-5,0.14,0.14,grams,,,0.97982,0.14,grams
FV0401A - Pulled chicken with cheddar and bacon [DE],REC-013941-4-003,Shredded chicken - Keto Crack Chicken Thigh Batch - Shredder,SUB-013715-4-002,140,grams,"BLAST CHILLER, HOT SHREDDER, MARINADE, OVEN",Dry Ranch Marinade,SUB-031652-4-001,22.24,grams,IMMERSION BLENDER,DRY Ranch Seasoning,SUB-013480-4-001,3.49,grams,"HAND MIX, SPICE PORTIONING",,,,,,"FA-DE Chives, Dried /Schnittlauch, getrocknet",SPI-00-139322-5,0.14,0.14,grams,,,0.97982,0.14,grams
FV0401A - Pulled chicken with cheddar and bacon [DE],REC-013941-4-003,Shredded chicken - Keto Crack Chicken Thigh Batch - Shredder,SUB-013715-4-002,140,grams,"BLAST CHILLER, HOT SHREDDER, MARINADE, OVEN",Dry Ranch Marinade,SUB-031652-4-001,22.24,grams,IMMERSION BLENDER,DRY Ranch Seasoning,SUB-013480-4-001,3.49,grams,"HAND MIX, SPICE PORTIONING",,,,,,"FA-DE Spice, Parsley Dried /Gewürze, getrocknete Petersilie",SPI-00-139374-5,0.06,0.06,grams,,,0.97982,0.06,grams
FV0401A - Pulled chicken with cheddar and bacon [DE],REC-013941-4-003,Shredded chicken - Keto Crack Chicken Thigh Batch - Shredder,SUB-013715-4-002,140,grams,"BLAST CHILLER, HOT SHREDDER, MARINADE, OVEN",Dry Ranch Marinade,SUB-031652-4-001,22.24,grams,IMMERSION BLENDER,,,,,,,,,,,"FA-DE Oil, Olive /Öl, Olivenöl",PRO-00-139277-5,17.46,17.46,grams,,,0.97998,17.46,grams
FV0401A - Pulled chicken with cheddar and bacon [DE],REC-013941-4-003,,,,,,,,,,,,,,,,,,,,,"FA-DE Cheese, Red Cheddar/Käse, Roter Cheddar",DAI-00-139129-3,10,10,grams,MILCH (EINSCHLIESSLICH LAKTOSE),,,10,grams
FV0401A - Pulled chicken with cheddar and bacon [DE],REC-013941-4-003,Extra Crispy Diced Bacon,SUB-013468-4-001,10,grams,"BLAST CHILLER, DRAIN, OVEN",,,,,,,,,,,,,,,,"FA-DE Bacon, Diced /Speck, gewürfelt",PTN-00-139306-3,27.22,27.22,grams,,,0.36735,27.22,grams
FV0401A - Pulled chicken with cheddar and bacon [DE],REC-013941-4-003,Roasted Green Onions,SUB-023370-4-001,10,grams,"BLAST CHILLER, OVEN",,,,,,,,,,,,,,,,"FA-DE Onion, Green, Sliced 5mm /Zwiebel, grün, in Scheiben geschnitten, 5 mm",PHF-00-149803-3,12.91,12.91,grams,,,0.77467,12.91,grams
FV0401A - Pulled chicken with cheddar and bacon [DE],REC-013941-4-003,Garlic Broccoli - less salt,SUB-014208-4-002,55,grams,"BLAST CHILLER, OVEN",,,,,,,,,,,,,,,,"FA-DE Spice, Sea Salt /Gewürze, Meersalz",SPI-00-139378-5,0.19,0.19,grams,,,0.77149,0.19,grams
FV0401A - Pulled chicken with cheddar and bacon [DE],REC-013941-4-003,Garlic Broccoli - less salt,SUB-014208-4-002,55,grams,"BLAST CHILLER, OVEN",,,,,,,,,,,,,,,,"FA-DE Broccoli, Florets, /Brokkoli, Röschen",PHF-00-143425-3,64.35,64.35,grams,,,0.77149,64.35,grams
FV0401A - Pulled chicken with cheddar and bacon [DE],REC-013941-4-003,Garlic Broccoli - less salt,SUB-014208-4-002,55,grams,"BLAST CHILLER, OVEN",,,,,,,,,,,,,,,,"FA-DE Oil, Olive /Öl, Olivenöl",PRO-00-139277-5,3.37,3.37,grams,,,0.77149,3.37,grams
FV0401A - Pulled chicken with cheddar and bacon [DE],REC-013941-4-003,Garlic Broccoli - less salt,SUB-014208-4-002,55,grams,"BLAST CHILLER, OVEN",Roasted Garlic (use),SUB-013367-4-001,3.38,grams,"BLAST CHILLER, BRAISER, SPICE PORTIONING",,,,,,,,,,,"FA-DE Garlic, Peeled, Whole Cloves [10kg] /Knoblauch, geschält, ganze Nelken [10kg]",PHF-00-139197-3,3.4,3.4,grams,,,0.56691,3.4,grams
FV0401A - Pulled chicken with cheddar and bacon [DE],REC-013941-4-003,Garlic Broccoli - less salt,SUB-014208-4-002,55,grams,"BLAST CHILLER, OVEN",Roasted Garlic (use),SUB-013367-4-001,3.38,grams,"BLAST CHILLER, BRAISER, SPICE PORTIONING",,,,,,,,,,,"FA-DE Oil, Olive /Öl, Olivenöl",PRO-00-139277-5,2.55,2.55,grams,,,0.56691,2.55,grams
FV0401A - Pulled chicken with cheddar and bacon [DE],REC-013941-4-003,Portobello - CBRSC Roasted Portobello's,SUB-013717-4-001,55,grams,"BLAST CHILLER, OVEN",Roasted Garlic (use),SUB-013367-4-001,1.54,grams,"BLAST CHILLER, BRAISER, SPICE PORTIONING",,,,,,,,,,,"FA-DE Garlic, Peeled, Whole Cloves [10kg] /Knoblauch, geschält, ganze Nelken [10kg]",PHF-00-139197-3,1.56,1.56,grams,,,0.56691,1.56,grams
FV0401A - Pulled chicken with cheddar and bacon [DE],REC-013941-4-003,Portobello - CBRSC Roasted Portobello's,SUB-013717-4-001,55,grams,"BLAST CHILLER, OVEN",Roasted Garlic (use),SUB-013367-4-001,1.54,grams,"BLAST CHILLER, BRAISER, SPICE PORTIONING",,,,,,,,,,,"FA-DE Oil, Olive /Öl, Olivenöl",PRO-00-139277-5,1.17,1.17,grams,,,0.56691,1.17,grams
FV0401A - Pulled chicken with cheddar and bacon [DE],REC-013941-4-003,Portobello - CBRSC Roasted Portobello's,SUB-013717-4-001,55,grams,"BLAST CHILLER, OVEN",,,,,,,,,,,,,,,,"FA-DE Thyme, IQF /Thymian, IQF",PHF-00-139244-1,0.31,0.31,grams,,,0.61956,0.31,grams
FV0401A - Pulled chicken with cheddar and bacon [DE],REC-013941-4-003,Portobello - CBRSC Roasted Portobello's,SUB-013717-4-001,55,grams,"BLAST CHILLER, OVEN",,,,,,,,,,,,,,,,"FA-DE Spice, Sea Salt /Gewürze, Meersalz",SPI-00-139378-5,0.39,0.39,grams,,,0.61956,0.39,grams
FV0401A - Pulled chicken with cheddar and bacon [DE],REC-013941-4-003,Portobello - CBRSC Roasted Portobello's,SUB-013717-4-001,55,grams,"BLAST CHILLER, OVEN",,,,,,,,,,,,,,,,"FA-DE Spice, Black Pepper, Ground /Gewürz, schwarzer Pfeffer, gemahlen",SPI-00-139334-5,0.31,0.31,grams,,,0.61956,0.31,grams
FV0401A - Pulled chicken with cheddar and bacon [DE],REC-013941-4-003,Portobello - CBRSC Roasted Portobello's,SUB-013717-4-001,55,grams,"BLAST CHILLER, OVEN",,,,,,,,,,,,,,,,"FA-DE Oil, Olive /Öl, Olivenöl",PRO-00-139277-5,6.18,6.18,grams,,,0.61956,6.18,grams
FV0401A - Pulled chicken with cheddar and bacon [DE],REC-013941-4-003,Portobello - CBRSC Roasted Portobello's,SUB-013717-4-001,55,grams,"BLAST CHILLER, OVEN",,,,,,,,,,,,,,,,"FA-DE Mushroom, Portobello, Sliced, Washed /Pilze, Portobello, in Scheiben geschnitten, gewaschen",PHF-00-139207-3,80.05,80.05,grams,,,0.61956,80.05,grams
FV0401A - Pulled chicken with cheddar and bacon [DKSE],REC-013941-4-007,Sauce - Crack Chicken Cheese Mix,SUB-013714-4-001,50,grams,PLANETARY MIXER,,,,,,,,,,,,,,,,"FA-DE Spice, Garlic Granulated /Gewürz, Knoblauch granuliert",SPI-00-139353-5,0.46,0.46,grams,,,0.98,0.46,grams
FV0401A - Pulled chicken with cheddar and bacon [DKSE],REC-013941-4-007,Sauce - Crack Chicken Cheese Mix,SUB-013714-4-001,50,grams,PLANETARY MIXER,DRY Ranch Seasoning,SUB-013480-4-001,2.3,grams,"HAND MIX, SPICE PORTIONING",,,,,,,,,,,"FA-DE Spice, Buttermilk Powder/Gewürz, Buttermilchpulver",SPI-00-151139-5,1.42,1.42,grams,MILCH (EINSCHLIESSLICH LAKTOSE),,0.97982,1.42,grams
FV0401A - Pulled chicken with cheddar and bacon [DKSE],REC-013941-4-007,Sauce - Crack Chicken Cheese Mix,SUB-013714-4-001,50,grams,PLANETARY MIXER,DRY Ranch Seasoning,SUB-013480-4-001,2.3,grams,"HAND MIX, SPICE PORTIONING",,,,,,,,,,,"FA-DE Spice, Garlic Granulated /Gewürz, Knoblauch granuliert",SPI-00-139353-5,0.3,0.3,grams,,,0.97982,0.3,grams
FV0401A - Pulled chicken with cheddar and bacon [DKSE],REC-013941-4-007,Sauce - Crack Chicken Cheese Mix,SUB-013714-4-001,50,grams,PLANETARY MIXER,DRY Ranch Seasoning,SUB-013480-4-001,2.3,grams,"HAND MIX, SPICE PORTIONING",,,,,,,,,,,"FA-DE Spice, Onion Granulated /Gewürze, Zwiebeln granuliert",SPI-00-139370-5,0.26,0.26,grams,,,0.97982,0.26,grams
FV0401A - Pulled chicken with cheddar and bacon [DKSE],REC-013941-4-007,Sauce - Crack Chicken Cheese Mix,SUB-013714-4-001,50,grams,PLANETARY MIXER,DRY Ranch Seasoning,SUB-013480-4-001,2.3,grams,"HAND MIX, SPICE PORTIONING",,,,,,,,,,,"FA-DE Spice, Black Pepper, Ground /Gewürz, schwarzer Pfeffer, gemahlen",SPI-00-139334-5,0.15,0.15,grams,,,0.97982,0.15,grams
FV0401A - Pulled chicken with cheddar and bacon [DKSE],REC-013941-4-007,Sauce - Crack Chicken Cheese Mix,SUB-013714-4-001,50,grams,PLANETARY MIXER,DRY Ranch Seasoning,SUB-013480-4-001,2.3,grams,"HAND MIX, SPICE PORTIONING",,,,,,,,,,,"FA-DE Spice, Dill Dried /Gewürz, Dill getrocknet",SPI-00-139349-5,0.09,0.09,grams,,,0.97982,0.09,grams
FV0401A - Pulled chicken with cheddar and bacon [DKSE],REC-013941-4-007,Sauce - Crack Chicken Cheese Mix,SUB-013714-4-001,50,grams,PLANETARY MIXER,DRY Ranch Seasoning,SUB-013480-4-001,2.3,grams,"HAND MIX, SPICE PORTIONING",,,,,,,,,,,"FA-DE Chives, Dried /Schnittlauch, getrocknet",SPI-00-139322-5,0.09,0.09,grams,,,0.97982,0.09,grams
FV0401A - Pulled chicken with cheddar and bacon [DKSE],REC-013941-4-007,Sauce - Crack Chicken Cheese Mix,SUB-013714-4-001,50,grams,PLANETARY MIXER,DRY Ranch Seasoning,SUB-013480-4-001,2.3,grams,"HAND MIX, SPICE PORTIONING",,,,,,,,,,,"FA-DE Spice, Parsley Dried /Gewürze, getrocknete Petersilie",SPI-00-139374-5,0.04,0.04,grams,,,0.97982,0.04,grams
FV0401A - Pulled chicken with cheddar and bacon [DKSE],REC-013941-4-007,Sauce - Crack Chicken Cheese Mix,SUB-013714-4-001,50,grams,PLANETARY MIXER,,,,,,,,,,,,,,,,"FA-DE Cheese, Cream, 13% Fat (Milk) /Käse, Sahne, 13% Fett",DAI-00-139122-3,22.98,22.98,grams,MILCH (EINSCHLIESSLICH LAKTOSE),,0.98,22.98,grams
FV0401A - Pulled chicken with cheddar and bacon [DKSE],REC-013941-4-007,Sauce - Crack Chicken Cheese Mix,SUB-013714-4-001,50,grams,PLANETARY MIXER,,,,,,,,,,,,,,,,"FA-DE Cheese, Red Cheddar/Käse, Roter Cheddar",DAI-00-139129-3,18.39,18.39,grams,MILCH (EINSCHLIESSLICH LAKTOSE),,0.98,18.39,grams
FV0401A - Pulled chicken with cheddar and bacon [DKSE],REC-013941-4-007,Sauce - Crack Chicken Cheese Mix,SUB-013714-4-001,50,grams,PLANETARY MIXER,,,,,,,,,,,,,,,,"FA-DE Oil, Olive /Öl, Olivenöl",PRO-00-139277-5,6.89,6.89,grams,,,0.98,6.89,grams
FV0401A - Pulled chicken with cheddar and bacon [DKSE],REC-013941-4-007,Shredded chicken - Keto Crack Chicken Thigh Batch - Shredder,SUB-013715-4-002,140,grams,"BLAST CHILLER, HOT SHREDDER, MARINADE, OVEN",Shredded Chicken Thighs - BRINED,SUB-013398-4-001,156.9,grams,BRINE,,,,,,,,,,,FA-DE Water / Wasser,OTH-00-144038-5,156.9,156.9,grams,,,0.4978,156.9,grams
FV0401A - Pulled chicken with cheddar and bacon [DKSE],REC-013941-4-007,Shredded chicken - Keto Crack Chicken Thigh Batch - Shredder,SUB-013715-4-002,140,grams,"BLAST CHILLER, HOT SHREDDER, MARINADE, OVEN",Shredded Chicken Thighs - BRINED,SUB-013398-4-001,156.9,grams,BRINE,,,,,,,,,,,"FA-DE Spice, Sea Salt /Gewürze, Meersalz",SPI-00-139378-5,1.38,1.38,grams,,,0.4978,1.38,grams
FV0401A - Pulled chicken with cheddar and bacon [DKSE],REC-013941-4-007,Shredded chicken - Keto Crack Chicken Thigh Batch - Shredder,SUB-013715-4-002,140,grams,"BLAST CHILLER, HOT SHREDDER, MARINADE, OVEN",Shredded Chicken Thighs - BRINED,SUB-013398-4-001,156.9,grams,BRINE,,,,,,,,,,,"FA-DE Chicken, Thighs, Boneless Skinless /Hähnchen, Oberschenkel, ohne Knochen und ohne Haut",PTN-00-139343-3,156.9,156.9,grams,,,0.4978,156.9,grams
FV0401A - Pulled chicken with cheddar and bacon [DKSE],REC-013941-4-007,Shredded chicken - Keto Crack Chicken Thigh Batch - Shredder,SUB-013715-4-002,140,grams,"BLAST CHILLER, HOT SHREDDER, MARINADE, OVEN",,,,,,,,,,,,,,,,FA-DE Reserved Braising Liquid / Zurückgehaltene Schmorfllüssigkeit,PRO-00-144041-3,41.06,41.06,grams,,,0.6309,41.06,grams
FV0401A - Pulled chicken with cheddar and bacon [DKSE],REC-013941-4-007,Shredded chicken - Keto Crack Chicken Thigh Batch - Shredder,SUB-013715-4-002,140,grams,"BLAST CHILLER, HOT SHREDDER, MARINADE, OVEN",DRY Ranch Seasoning,SUB-013480-4-001,1.71,grams,"HAND MIX, SPICE PORTIONING",,,,,,,,,,,"FA-DE Spice, Buttermilk Powder/Gewürz, Buttermilchpulver",SPI-00-151139-5,1.06,1.06,grams,MILCH (EINSCHLIESSLICH LAKTOSE),,0.97982,1.06,grams
FV0401A - Pulled chicken with cheddar and bacon [DKSE],REC-013941-4-007,Shredded chicken - Keto Crack Chicken Thigh Batch - Shredder,SUB-013715-4-002,140,grams,"BLAST CHILLER, HOT SHREDDER, MARINADE, OVEN",DRY Ranch Seasoning,SUB-013480-4-001,1.71,grams,"HAND MIX, SPICE PORTIONING",,,,,,,,,,,"FA-DE Spice, Garlic Granulated /Gewürz, Knoblauch granuliert",SPI-00-139353-5,0.22,0.22,grams,,,0.97982,0.22,grams
FV0401A - Pulled chicken with cheddar and bacon [DKSE],REC-013941-4-007,Shredded chicken - Keto Crack Chicken Thigh Batch - Shredder,SUB-013715-4-002,140,grams,"BLAST CHILLER, HOT SHREDDER, MARINADE, OVEN",DRY Ranch Seasoning,SUB-013480-4-001,1.71,grams,"HAND MIX, SPICE PORTIONING",,,,,,,,,,,"FA-DE Spice, Onion Granulated /Gewürze, Zwiebeln granuliert",SPI-00-139370-5,0.19,0.19,grams,,,0.97982,0.19,grams
FV0401A - Pulled chicken with cheddar and bacon [DKSE],REC-013941-4-007,Shredded chicken - Keto Crack Chicken Thigh Batch - Shredder,SUB-013715-4-002,140,grams,"BLAST CHILLER, HOT SHREDDER, MARINADE, OVEN",DRY Ranch Seasoning,SUB-013480-4-001,1.71,grams,"HAND MIX, SPICE PORTIONING",,,,,,,,,,,"FA-DE Spice, Black Pepper, Ground /Gewürz, schwarzer Pfeffer, gemahlen",SPI-00-139334-5,0.11,0.11,grams,,,0.97982,0.11,grams
FV0401A - Pulled chicken with cheddar and bacon [DKSE],REC-013941-4-007,Shredded chicken - Keto Crack Chicken Thigh Batch - Shredder,SUB-013715-4-002,140,grams,"BLAST CHILLER, HOT SHREDDER, MARINADE, OVEN",DRY Ranch Seasoning,SUB-013480-4-001,1.71,grams,"HAND MIX, SPICE PORTIONING",,,,,,,,,,,"FA-DE Spice, Dill Dried /Gewürz, Dill getrocknet",SPI-00-139349-5,0.07,0.07,grams,,,0.97982,0.07,grams
FV0401A - Pulled chicken with cheddar and bacon [DKSE],REC-013941-4-007,Shredded chicken - Keto Crack Chicken Thigh Batch - Shredder,SUB-013715-4-002,140,grams,"BLAST CHILLER, HOT SHREDDER, MARINADE, OVEN",DRY Ranch Seasoning,SUB-013480-4-001,1.71,grams,"HAND MIX, SPICE PORTIONING",,,,,,,,,,,"FA-DE Chives, Dried /Schnittlauch, getrocknet",SPI-00-139322-5,0.07,0.07,grams,,,0.97982,0.07,grams
FV0401A - Pulled chicken with cheddar and bacon [DKSE],REC-013941-4-007,Shredded chicken - Keto Crack Chicken Thigh Batch - Shredder,SUB-013715-4-002,140,grams,"BLAST CHILLER, HOT SHREDDER, MARINADE, OVEN",DRY Ranch Seasoning,SUB-013480-4-001,1.71,grams,"HAND MIX, SPICE PORTIONING",,,,,,,,,,,"FA-DE Spice, Parsley Dried /Gewürze, getrocknete Petersilie",SPI-00-139374-5,0.03,0.03,grams,,,0.97982,0.03,grams
FV0401A - Pulled chicken with cheddar and bacon [DKSE],REC-013941-4-007,Shredded chicken - Keto Crack Chicken Thigh Batch - Shredder,SUB-013715-4-002,140,grams,"BLAST CHILLER, HOT SHREDDER, MARINADE, OVEN",Dry Ranch Marinade,SUB-031652-4-001,22.24,grams,IMMERSION BLENDER,Roasted Garlic (use),SUB-013367-4-001,1.75,grams,"BLAST CHILLER, BRAISER, SPICE PORTIONING",,,,,,"FA-DE Garlic, Peeled, Whole Cloves [10kg] /Knoblauch, geschält, ganze Nelken [10kg]",PHF-00-139197-3,1.76,1.76,grams,,,0.56691,1.76,grams
FV0401A - Pulled chicken with cheddar and bacon [DKSE],REC-013941-4-007,Shredded chicken - Keto Crack Chicken Thigh Batch - Shredder,SUB-013715-4-002,140,grams,"BLAST CHILLER, HOT SHREDDER, MARINADE, OVEN",Dry Ranch Marinade,SUB-031652-4-001,22.24,grams,IMMERSION BLENDER,Roasted Garlic (use),SUB-013367-4-001,1.75,grams,"BLAST CHILLER, BRAISER, SPICE PORTIONING",,,,,,"FA-DE Oil, Olive /Öl, Olivenöl",PRO-00-139277-5,1.32,1.32,grams,,,0.56691,1.32,grams
FV0401A - Pulled chicken with cheddar and bacon [DKSE],REC-013941-4-007,Shredded chicken - Keto Crack Chicken Thigh Batch - Shredder,SUB-013715-4-002,140,grams,"BLAST CHILLER, HOT SHREDDER, MARINADE, OVEN",Dry Ranch Marinade,SUB-031652-4-001,22.24,grams,IMMERSION BLENDER,DRY Ranch Seasoning,SUB-013480-4-001,3.49,grams,"HAND MIX, SPICE PORTIONING",,,,,,"FA-DE Spice, Buttermilk Powder/Gewürz, Buttermilchpulver",SPI-00-151139-5,2.15,2.15,grams,MILCH (EINSCHLIESSLICH LAKTOSE),,0.97982,2.15,grams
FV0401A - Pulled chicken with cheddar and bacon [DKSE],REC-013941-4-007,Shredded chicken - Keto Crack Chicken Thigh Batch - Shredder,SUB-013715-4-002,140,grams,"BLAST CHILLER, HOT SHREDDER, MARINADE, OVEN",Dry Ranch Marinade,SUB-031652-4-001,22.24,grams,IMMERSION BLENDER,DRY Ranch Seasoning,SUB-013480-4-001,3.49,grams,"HAND MIX, SPICE PORTIONING",,,,,,"FA-DE Spice, Garlic Granulated /Gewürz, Knoblauch granuliert",SPI-00-139353-5,0.45,0.45,grams,,,0.97982,0.45,grams
FV0401A - Pulled chicken with cheddar and bacon [DKSE],REC-013941-4-007,Shredded chicken - Keto Crack Chicken Thigh Batch - Shredder,SUB-013715-4-002,140,grams,"BLAST CHILLER, HOT SHREDDER, MARINADE, OVEN",Dry Ranch Marinade,SUB-031652-4-001,22.24,grams,IMMERSION BLENDER,DRY Ranch Seasoning,SUB-013480-4-001,3.49,grams,"HAND MIX, SPICE PORTIONING",,,,,,"FA-DE Spice, Onion Granulated /Gewürze, Zwiebeln granuliert",SPI-00-139370-5,0.4,0.4,grams,,,0.97982,0.4,grams
FV0401A - Pulled chicken with cheddar and bacon [DKSE],REC-013941-4-007,Shredded chicken - Keto Crack Chicken Thigh Batch - Shredder,SUB-013715-4-002,140,grams,"BLAST CHILLER, HOT SHREDDER, MARINADE, OVEN",Dry Ranch Marinade,SUB-031652-4-001,22.24,grams,IMMERSION BLENDER,DRY Ranch Seasoning,SUB-013480-4-001,3.49,grams,"HAND MIX, SPICE PORTIONING",,,,,,"FA-DE Spice, Black Pepper, Ground /Gewürz, schwarzer Pfeffer, gemahlen",SPI-00-139334-5,0.23,0.23,grams,,,0.97982,0.23,grams
FV0401A - Pulled chicken with cheddar and bacon [DKSE],REC-013941-4-007,Shredded chicken - Keto Crack Chicken Thigh Batch - Shredder,SUB-013715-4-002,140,grams,"BLAST CHILLER, HOT SHREDDER, MARINADE, OVEN",Dry Ranch Marinade,SUB-031652-4-001,22.24,grams,IMMERSION BLENDER,DRY Ranch Seasoning,SUB-013480-4-001,3.49,grams,"HAND MIX, SPICE PORTIONING",,,,,,"FA-DE Spice, Dill Dried /Gewürz, Dill getrocknet",SPI-00-139349-5,0.14,0.14,grams,,,0.97982,0.14,grams
FV0401A - Pulled chicken with cheddar and bacon [DKSE],REC-013941-4-007,Shredded chicken - Keto Crack Chicken Thigh Batch - Shredder,SUB-013715-4-002,140,grams,"BLAST CHILLER, HOT SHREDDER, MARINADE, OVEN",Dry Ranch Marinade,SUB-031652-4-001,22.24,grams,IMMERSION BLENDER,DRY Ranch Seasoning,SUB-013480-4-001,3.49,grams,"HAND MIX, SPICE PORTIONING",,,,,,"FA-DE Chives, Dried /Schnittlauch, getrocknet",SPI-00-139322-5,0.14,0.14,grams,,,0.97982,0.14,grams
FV0401A - Pulled chicken with cheddar and bacon [DKSE],REC-013941-4-007,Shredded chicken - Keto Crack Chicken Thigh Batch - Shredder,SUB-013715-4-002,140,grams,"BLAST CHILLER, HOT SHREDDER, MARINADE, OVEN",Dry Ranch Marinade,SUB-031652-4-001,22.24,grams,IMMERSION BLENDER,DRY Ranch Seasoning,SUB-013480-4-001,3.49,grams,"HAND MIX, SPICE PORTIONING",,,,,,"FA-DE Spice, Parsley Dried /Gewürze, getrocknete Petersilie",SPI-00-139374-5,0.06,0.06,grams,,,0.97982,0.06,grams
FV0401A - Pulled chicken with cheddar and bacon [DKSE],REC-013941-4-007,Shredded chicken - Keto Crack Chicken Thigh Batch - Shredder,SUB-013715-4-002,140,grams,"BLAST CHILLER, HOT SHREDDER, MARINADE, OVEN",Dry Ranch Marinade,SUB-031652-4-001,22.24,grams,IMMERSION BLENDER,,,,,,,,,,,"FA-DE Oil, Olive /Öl, Olivenöl",PRO-00-139277-5,17.46,17.46,grams,,,0.97998,17.46,grams
FV0401A - Pulled chicken with cheddar and bacon [DKSE],REC-013941-4-007,,,,,,,,,,,,,,,,,,,,,"FA-DE Cheese, Red Cheddar/Käse, Roter Cheddar",DAI-00-139129-3,10,10,grams,MILCH (EINSCHLIESSLICH LAKTOSE),,,10,grams
FV0401A - Pulled chicken with cheddar and bacon [DKSE],REC-013941-4-007,Extra Crispy Diced Bacon,SUB-013468-4-001,10,grams,"BLAST CHILLER, DRAIN, OVEN",,,,,,,,,,,,,,,,"FA-DE Bacon, Diced /Speck, gewürfelt",PTN-00-139306-3,27.22,27.22,grams,,,0.36735,27.22,grams
FV0401A - Pulled chicken with cheddar and bacon [DKSE],REC-013941-4-007,Roasted Green Onions,SUB-023370-4-001,10,grams,"BLAST CHILLER, OVEN",,,,,,,,,,,,,,,,"FA-DE Onion, Green, Sliced 5mm /Zwiebel, grün, in Scheiben geschnitten, 5 mm",PHF-00-149803-3,12.91,12.91,grams,,,0.77467,12.91,grams
FV0401A - Pulled chicken with cheddar and bacon [DKSE],REC-013941-4-007,Garlic Broccoli - less salt,SUB-014208-4-002,55,grams,"BLAST CHILLER, OVEN",,,,,,,,,,,,,,,,"FA-DE Spice, Sea Salt /Gewürze, Meersalz",SPI-00-139378-5,0.19,0.19,grams,,,0.77149,0.19,grams
FV0401A - Pulled chicken with cheddar and bacon [DKSE],REC-013941-4-007,Garlic Broccoli - less salt,SUB-014208-4-002,55,grams,"BLAST CHILLER, OVEN",,,,,,,,,,,,,,,,"FA-DE Broccoli, Florets, /Brokkoli, Röschen",PHF-00-143425-3,64.35,64.35,grams,,,0.77149,64.35,grams
FV0401A - Pulled chicken with cheddar and bacon [DKSE],REC-013941-4-007,Garlic Broccoli - less salt,SUB-014208-4-002,55,grams,"BLAST CHILLER, OVEN",,,,,,,,,,,,,,,,"FA-DE Oil, Olive /Öl, Olivenöl",PRO-00-139277-5,3.37,3.37,grams,,,0.77149,3.37,grams
FV0401A - Pulled chicken with cheddar and bacon [DKSE],REC-013941-4-007,Garlic Broccoli - less salt,SUB-014208-4-002,55,grams,"BLAST CHILLER, OVEN",Roasted Garlic (use),SUB-013367-4-001,3.38,grams,"BLAST CHILLER, BRAISER, SPICE PORTIONING",,,,,,,,,,,"FA-DE Garlic, Peeled, Whole Cloves [10kg] /Knoblauch, geschält, ganze Nelken [10kg]",PHF-00-139197-3,3.4,3.4,grams,,,0.56691,3.4,grams
FV0401A - Pulled chicken with cheddar and bacon [DKSE],REC-013941-4-007,Garlic Broccoli - less salt,SUB-014208-4-002,55,grams,"BLAST CHILLER, OVEN",Roasted Garlic (use),SUB-013367-4-001,3.38,grams,"BLAST CHILLER, BRAISER, SPICE PORTIONING",,,,,,,,,,,"FA-DE Oil, Olive /Öl, Olivenöl",PRO-00-139277-5,2.55,2.55,grams,,,0.56691,2.55,grams
FV0401A - Pulled chicken with cheddar and bacon [DKSE],REC-013941-4-007,Portobello - CBRSC Roasted Portobello's,SUB-013717-4-001,55,grams,"BLAST CHILLER, OVEN",Roasted Garlic (use),SUB-013367-4-001,1.54,grams,"BLAST CHILLER, BRAISER, SPICE PORTIONING",,,,,,,,,,,"FA-DE Garlic, Peeled, Whole Cloves [10kg] /Knoblauch, geschält, ganze Nelken [10kg]",PHF-00-139197-3,1.56,1.56,grams,,,0.56691,1.56,grams
FV0401A - Pulled chicken with cheddar and bacon [DKSE],REC-013941-4-007,Portobello - CBRSC Roasted Portobello's,SUB-013717-4-001,55,grams,"BLAST CHILLER, OVEN",Roasted Garlic (use),SUB-013367-4-001,1.54,grams,"BLAST CHILLER, BRAISER, SPICE PORTIONING",,,,,,,,,,,"FA-DE Oil, Olive /Öl, Olivenöl",PRO-00-139277-5,1.17,1.17,grams,,,0.56691,1.17,grams
FV0401A - Pulled chicken with cheddar and bacon [DKSE],REC-013941-4-007,Portobello - CBRSC Roasted Portobello's,SUB-013717-4-001,55,grams,"BLAST CHILLER, OVEN",,,,,,,,,,,,,,,,"FA-DE Thyme, IQF /Thymian, IQF",PHF-00-139244-1,0.31,0.31,grams,,,0.61956,0.31,grams
FV0401A - Pulled chicken with cheddar and bacon [DKSE],REC-013941-4-007,Portobello - CBRSC Roasted Portobello's,SUB-013717-4-001,55,grams,"BLAST CHILLER, OVEN",,,,,,,,,,,,,,,,"FA-DE Spice, Sea Salt /Gewürze, Meersalz",SPI-00-139378-5,0.39,0.39,grams,,,0.61956,0.39,grams
FV0401A - Pulled chicken with cheddar and bacon [DKSE],REC-013941-4-007,Portobello - CBRSC Roasted Portobello's,SUB-013717-4-001,55,grams,"BLAST CHILLER, OVEN",,,,,,,,,,,,,,,,"FA-DE Spice, Black Pepper, Ground /Gewürz, schwarzer Pfeffer, gemahlen",SPI-00-139334-5,0.31,0.31,grams,,,0.61956,0.31,grams
FV0401A - Pulled chicken with cheddar and bacon [DKSE],REC-013941-4-007,Portobello - CBRSC Roasted Portobello's,SUB-013717-4-001,55,grams,"BLAST CHILLER, OVEN",,,,,,,,,,,,,,,,"FA-DE Oil, Olive /Öl, Olivenöl",PRO-00-139277-5,6.18,6.18,grams,,,0.61956,6.18,grams
FV0401A - Pulled chicken with cheddar and bacon [DKSE],REC-013941-4-007,Portobello - CBRSC Roasted Portobello's,SUB-013717-4-001,55,grams,"BLAST CHILLER, OVEN",,,,,,,,,,,,,,,,"FA-DE Mushroom, Portobello, Sliced, Washed /Pilze, Portobello, in Scheiben geschnitten, gewaschen",PHF-00-139207-3,80.05,80.05,grams,,,0.61956,80.05,grams
FV0402A - Spicy jalapeño bowl with beef  [BNL],REC-013885-4-005,Jalapeno Roasted Zucchini,SUB-013881-4-001,80,grams,"BLAST CHILLER, BRAISER, SPICE PORTIONING",,,,,,,,,,,,,,,,"FA-DE Spice, Sea Salt /Gewürze, Meersalz",SPI-00-139378-5,0.72,0.72,grams,,,0.7804,0.72,grams
FV0402A - Spicy jalapeño bowl with beef  [BNL],REC-013885-4-005,Jalapeno Roasted Zucchini,SUB-013881-4-001,80,grams,"BLAST CHILLER, BRAISER, SPICE PORTIONING",Roasted Garlic oil,SUB-013367-4-002,2.03,grams,"BLAST CHILLER, OVEN",,,,,,,,,,,"FA-DE Garlic, Peeled, Whole Cloves [10kg] /Knoblauch, geschält, ganze Nelken [10kg]",PHF-00-139197-3,2.79,2.79,grams,,,0.415,2.79,grams
FV0402A - Spicy jalapeño bowl with beef  [BNL],REC-013885-4-005,Jalapeno Roasted Zucchini,SUB-013881-4-001,80,grams,"BLAST CHILLER, BRAISER, SPICE PORTIONING",Roasted Garlic oil,SUB-013367-4-002,2.03,grams,"BLAST CHILLER, OVEN",,,,,,,,,,,"FA-DE Oil, Olive /Öl, Olivenöl",PRO-00-139277-5,2.1,2.1,grams,,,0.415,2.1,grams
FV0402A - Spicy jalapeño bowl with beef  [BNL],REC-013885-4-005,Jalapeno Roasted Zucchini,SUB-013881-4-001,80,grams,"BLAST CHILLER, BRAISER, SPICE PORTIONING",,,,,,,,,,,,,,,,"FA-DE Spice, Cumin Ground /Gewürz, gemahlener Kreuzkümmel",SPI-00-139345-5,0.22,0.22,grams,,,0.7804,0.22,grams
FV0402A - Spicy jalapeño bowl with beef  [BNL],REC-013885-4-005,Jalapeno Roasted Zucchini,SUB-013881-4-001,80,grams,"BLAST CHILLER, BRAISER, SPICE PORTIONING",,,,,,,,,,,,,,,,"FA-DE Zucchini, Diced 10mm /Zucchini, gewürfelt 10 mm",PHF-00-139229-3,99.26,99.26,grams,,,0.7804,99.26,grams
FV0402A - Spicy jalapeño bowl with beef  [BNL],REC-013885-4-005,Jalapeno Roasted Zucchini,SUB-013881-4-001,80,grams,"BLAST CHILLER, BRAISER, SPICE PORTIONING",,,,,,,,,,,,,,,,"FA-DE Spice, Jalapeno Powder /Gewürz, Jalapeno-Pulver",SPI-00-139360-5,0.28,0.28,grams,,,0.7804,0.28,grams
FV0402A - Spicy jalapeño bowl with beef  [BNL],REC-013885-4-005,Keto Jalapeno - Cilantro Ground beef,SUB-013882-4-001,130,grams,"BLAST CHILLER, BRAISER, IMMERSION BLENDER, SPICE PORTIONING",Ground Beef - cooked,SUB-013435-4-001,154.55,grams,"BLAST CHILLER, BRAISER",,,,,,,,,,,"FA-DE Beef, Ground, 80/20 /Rindfleisch, gemahlen, 80/20",PTN-00-139319-3,216.67,216.67,grams,,,0.71328,216.67,grams
FV0402A - Spicy jalapeño bowl with beef  [BNL],REC-013885-4-005,Keto Jalapeno - Cilantro Ground beef,SUB-013882-4-001,130,grams,"BLAST CHILLER, BRAISER, IMMERSION BLENDER, SPICE PORTIONING",Keto Jalapeno - Cilantro Ground beef - Inclusions,SUB-013882-4-002,39.03,grams,"BLAST CHILLER, BRAISER, SPICE PORTIONING",,,,,,,,,,,"FA-DE Bell Peppers, Green, Diced 10mm /Paprika, grün, gewürfelt 10 mm",PHF-00-139176-3,16.28,16.28,grams,,,0.95,16.28,grams
FV0402A - Spicy jalapeño bowl with beef  [BNL],REC-013885-4-005,Keto Jalapeno - Cilantro Ground beef,SUB-013882-4-001,130,grams,"BLAST CHILLER, BRAISER, IMMERSION BLENDER, SPICE PORTIONING",Keto Jalapeno - Cilantro Ground beef - Inclusions,SUB-013882-4-002,39.03,grams,"BLAST CHILLER, BRAISER, SPICE PORTIONING",,,,,,,,,,,"FA-DE Coriander, Chopped /Koriander, gehackt",PHF-00-139192-3,5.43,5.43,grams,,,0.95,5.43,grams
FV0402A - Spicy jalapeño bowl with beef  [BNL],REC-013885-4-005,Keto Jalapeno - Cilantro Ground beef,SUB-013882-4-001,130,grams,"BLAST CHILLER, BRAISER, IMMERSION BLENDER, SPICE PORTIONING",Keto Jalapeno - Cilantro Ground beef - Inclusions,SUB-013882-4-002,39.03,grams,"BLAST CHILLER, BRAISER, SPICE PORTIONING",,,,,,,,,,,"FA-DE Oil, Olive /Öl, Olivenöl",PRO-00-139277-5,2.71,2.71,grams,,,0.95,2.71,grams
FV0402A - Spicy jalapeño bowl with beef  [BNL],REC-013885-4-005,Keto Jalapeno - Cilantro Ground beef,SUB-013882-4-001,130,grams,"BLAST CHILLER, BRAISER, IMMERSION BLENDER, SPICE PORTIONING",Keto Jalapeno - Cilantro Ground beef - Inclusions,SUB-013882-4-002,39.03,grams,"BLAST CHILLER, BRAISER, SPICE PORTIONING",,,,,,,,,,,"FA-DE Spice, Jalapeno Powder /Gewürz, Jalapeno-Pulver",SPI-00-139360-5,0.27,0.27,grams,,,0.95,0.27,grams
FV0402A - Spicy jalapeño bowl with beef  [BNL],REC-013885-4-005,Keto Jalapeno - Cilantro Ground beef,SUB-013882-4-001,130,grams,"BLAST CHILLER, BRAISER, IMMERSION BLENDER, SPICE PORTIONING",Keto Jalapeno - Cilantro Ground beef - Inclusions,SUB-013882-4-002,39.03,grams,"BLAST CHILLER, BRAISER, SPICE PORTIONING",,,,,,,,,,,"FA-DE Spice, Cumin Ground /Gewürz, gemahlener Kreuzkümmel",SPI-00-139345-5,1.41,1.41,grams,,,0.95,1.41,grams
FV0402A - Spicy jalapeño bowl with beef  [BNL],REC-013885-4-005,Keto Jalapeno - Cilantro Ground beef,SUB-013882-4-001,130,grams,"BLAST CHILLER, BRAISER, IMMERSION BLENDER, SPICE PORTIONING",Keto Jalapeno - Cilantro Ground beef - Inclusions,SUB-013882-4-002,39.03,grams,"BLAST CHILLER, BRAISER, SPICE PORTIONING",,,,,,,,,,,"FA-DE Spice, Crushed Red Pepper Flakes /Gewürz, zerkleinerte rote Pfefferflocken",SPI-00-139344-5,0.05,0.05,grams,,,0.95,0.05,grams
FV0402A - Spicy jalapeño bowl with beef  [BNL],REC-013885-4-005,Keto Jalapeno - Cilantro Ground beef,SUB-013882-4-001,130,grams,"BLAST CHILLER, BRAISER, IMMERSION BLENDER, SPICE PORTIONING",Keto Jalapeno - Cilantro Ground beef - Inclusions,SUB-013882-4-002,39.03,grams,"BLAST CHILLER, BRAISER, SPICE PORTIONING",,,,,,,,,,,"FA-DE Jalapeno Peppers, Diced 5mm /Jalapeno-Paprikaschoten, gewürfelt, 5 mm",PHF-00-139201-3,10.85,10.85,grams,,,0.95,10.85,grams
FV0402A - Spicy jalapeño bowl with beef  [BNL],REC-013885-4-005,Keto Jalapeno - Cilantro Ground beef,SUB-013882-4-001,130,grams,"BLAST CHILLER, BRAISER, IMMERSION BLENDER, SPICE PORTIONING",Keto Jalapeno - Cilantro Ground beef - Inclusions,SUB-013882-4-002,39.03,grams,"BLAST CHILLER, BRAISER, SPICE PORTIONING",,,,,,,,,,,"FA-DE Spice, Garlic Granulated /Gewürz, Knoblauch granuliert",SPI-00-139353-5,1.36,1.36,grams,,,0.95,1.36,grams
FV0402A - Spicy jalapeño bowl with beef  [BNL],REC-013885-4-005,Keto Jalapeno - Cilantro Ground beef,SUB-013882-4-001,130,grams,"BLAST CHILLER, BRAISER, IMMERSION BLENDER, SPICE PORTIONING",Keto Jalapeno - Cilantro Ground beef - Inclusions,SUB-013882-4-002,39.03,grams,"BLAST CHILLER, BRAISER, SPICE PORTIONING",,,,,,,,,,,"FA-DE Spice, Sea Salt /Gewürze, Meersalz",SPI-00-139378-5,1.36,1.36,grams,,,0.95,1.36,grams
FV0402A - Spicy jalapeño bowl with beef  [BNL],REC-013885-4-005,Keto Jalapeno - Cilantro Ground beef,SUB-013882-4-001,130,grams,"BLAST CHILLER, BRAISER, IMMERSION BLENDER, SPICE PORTIONING",Keto Jalapeno - Cilantro Ground beef - Inclusions,SUB-013882-4-002,39.03,grams,"BLAST CHILLER, BRAISER, SPICE PORTIONING",,,,,,,,,,,"FA-DE Spice, Oregano Dry /Gewürz, Oregano trocken",SPI-00-139372-5,0.02,0.02,grams,,,0.95,0.02,grams
FV0402A - Spicy jalapeño bowl with beef  [BNL],REC-013885-4-005,Keto Jalapeno - Cilantro Ground beef,SUB-013882-4-001,130,grams,"BLAST CHILLER, BRAISER, IMMERSION BLENDER, SPICE PORTIONING",Keto Jalapeno - Cilantro Ground beef - Inclusions,SUB-013882-4-002,39.03,grams,"BLAST CHILLER, BRAISER, SPICE PORTIONING",,,,,,,,,,,"FA-DE Spice, Onion Granulated /Gewürze, Zwiebeln granuliert",SPI-00-139370-5,1.36,1.36,grams,,,0.95,1.36,grams
FV0402A - Spicy jalapeño bowl with beef  [BNL],REC-013885-4-005,,,,,,,,,,,,,,,,,,,,,"FA-DE Cheese, Mozzarella, Shredded /Käse, Mozzarella, gerieben",DAI-00-139125-3,15,15,grams,MILCH (EINSCHLIESSLICH LAKTOSE),,,15,grams
FV0402A - Spicy jalapeño bowl with beef  [BNL],REC-013885-4-005,Roasted Green and Red Bell Peppers - Diced - reduced salt,SUB-013883-4-001,35,grams,"BLAST CHILLER, OVEN",,,,,,,,,,,,,,,,"FA-DE Oil, Olive /Öl, Olivenöl",PRO-00-139277-5,0.61,0.61,grams,,,0.79997,0.61,grams
FV0402A - Spicy jalapeño bowl with beef  [BNL],REC-013885-4-005,Roasted Green and Red Bell Peppers - Diced - reduced salt,SUB-013883-4-001,35,grams,"BLAST CHILLER, OVEN",,,,,,,,,,,,,,,,"FA-DE Bell Peppers, Green, Diced 10mm /Paprika, grün, gewürfelt 10 mm",PHF-00-139176-3,21.49,21.49,grams,,,0.79997,21.49,grams
FV0402A - Spicy jalapeño bowl with beef  [BNL],REC-013885-4-005,Roasted Green and Red Bell Peppers - Diced - reduced salt,SUB-013883-4-001,35,grams,"BLAST CHILLER, OVEN",,,,,,,,,,,,,,,,"FA-DE Bell Peppers, Red, Diced 10mm /Paprika, rot, gewürfelt 10 mm",PHF-00-139179-3,21.49,21.49,grams,,,0.79997,21.49,grams
FV0402A - Spicy jalapeño bowl with beef  [BNL],REC-013885-4-005,Roasted Green and Red Bell Peppers - Diced - reduced salt,SUB-013883-4-001,35,grams,"BLAST CHILLER, OVEN",,,,,,,,,,,,,,,,"FA-DE Spice, Garlic Granulated /Gewürz, Knoblauch granuliert",SPI-00-139353-5,0.06,0.06,grams,,,0.79997,0.06,grams
FV0402A - Spicy jalapeño bowl with beef  [BNL],REC-013885-4-005,Roasted Green and Red Bell Peppers - Diced - reduced salt,SUB-013883-4-001,35,grams,"BLAST CHILLER, OVEN",,,,,,,,,,,,,,,,"FA-DE Spice, Sea Salt /Gewürze, Meersalz",SPI-00-139378-5,0.1,0.1,grams,,,0.79997,0.1,grams
FV0402A - Spicy jalapeño bowl with beef  [BNL],REC-013885-4-005,Mash - Bell pepper cauliflower mash - rice,SUB-013884-4-001,120,grams,"BLAST CHILLER, BRAISER, IMMERSION BLENDER, SPICE PORTIONING",,,,,,,,,,,,,,,,"FA-DE Butter, Unsalted /Butter, ungesalzen",DAI-00-139146-3,13.24,13.24,grams,MILCH (EINSCHLIESSLICH LAKTOSE),,0.89281,13.24,grams
FV0402A - Spicy jalapeño bowl with beef  [BNL],REC-013885-4-005,Mash - Bell pepper cauliflower mash - rice,SUB-013884-4-001,120,grams,"BLAST CHILLER, BRAISER, IMMERSION BLENDER, SPICE PORTIONING",,,,,,,,,,,,,,,,"FA-DE Cheese, White Cheddar, Shredded /Käse, weißer Cheddar, gerieben",DAI-00-139135-3,6.61,6.61,grams,MILCH (EINSCHLIESSLICH LAKTOSE),,0.89281,6.61,grams
FV0402A - Spicy jalapeño bowl with beef  [BNL],REC-013885-4-005,Mash - Bell pepper cauliflower mash - rice,SUB-013884-4-001,120,grams,"BLAST CHILLER, BRAISER, IMMERSION BLENDER, SPICE PORTIONING",,,,,,,,,,,,,,,,"FA-DE Cheese, Cream 22% Fat /Käse, Sahne 22% Fett",DAI-00-139128-3,16.55,16.55,grams,MILCH (EINSCHLIESSLICH LAKTOSE),,0.89281,16.55,grams
FV0402A - Spicy jalapeño bowl with beef  [BNL],REC-013885-4-005,Mash - Bell pepper cauliflower mash - rice,SUB-013884-4-001,120,grams,"BLAST CHILLER, BRAISER, IMMERSION BLENDER, SPICE PORTIONING",,,,,,,,,,,,,,,,"FA-DE Cheese, Parmesan, Grated /Käse, Parmesan, gerieben",DAI-00-139127-3,3.31,3.31,grams,MILCH (EINSCHLIESSLICH LAKTOSE),,0.89281,3.31,grams
FV0402A - Spicy jalapeño bowl with beef  [BNL],REC-013885-4-005,Mash - Bell pepper cauliflower mash - rice,SUB-013884-4-001,120,grams,"BLAST CHILLER, BRAISER, IMMERSION BLENDER, SPICE PORTIONING",Roasted Green Peppers - 10mm Diced,SUB-013734-4-002,11.94,grams,"BLAST CHILLER, OVEN",,,,,,,,,,,"FA-DE Onion, Green, Sliced 5mm /Zwiebel, grün, in Scheiben geschnitten, 5 mm",PHF-00-149803-3,6.24,6.24,grams,,,0.52971,6.24,grams
FV0402A - Spicy jalapeño bowl with beef  [BNL],REC-013885-4-005,Mash - Bell pepper cauliflower mash - rice,SUB-013884-4-001,120,grams,"BLAST CHILLER, BRAISER, IMMERSION BLENDER, SPICE PORTIONING",Roasted Green Peppers - 10mm Diced,SUB-013734-4-002,11.94,grams,"BLAST CHILLER, OVEN",,,,,,,,,,,"FA-DE Bell Peppers, Green, Diced 10mm /Paprika, grün, gewürfelt 10 mm",PHF-00-139176-3,15.62,15.62,grams,,,0.52971,15.62,grams
FV0402A - Spicy jalapeño bowl with beef  [BNL],REC-013885-4-005,Mash - Bell pepper cauliflower mash - rice,SUB-013884-4-001,120,grams,"BLAST CHILLER, BRAISER, IMMERSION BLENDER, SPICE PORTIONING",Roasted Green Peppers - 10mm Diced,SUB-013734-4-002,11.94,grams,"BLAST CHILLER, OVEN",,,,,,,,,,,"FA-DE Spice, Sea Salt /Gewürze, Meersalz",SPI-00-139378-5,0.68,0.68,grams,,,0.52971,0.68,grams
FV0402A - Spicy jalapeño bowl with beef  [BNL],REC-013885-4-005,Mash - Bell pepper cauliflower mash - rice,SUB-013884-4-001,120,grams,"BLAST CHILLER, BRAISER, IMMERSION BLENDER, SPICE PORTIONING",Steamed Cauliflower Rice,SUB-029075-4-001,82.75,grams,OVEN,,,,,,,,,,,"FA-DE Cauliflower, Riced, IQF /Blumenkohl, Reis, IQF",PHF-00-139233-1,87.14,87.14,grams,,,0.94962,87.14,grams
FV0402A - Spicy jalapeño bowl with beef  [BNL],REC-013885-4-005,Roasted Green Onions,SUB-023370-4-001,5,grams,"BLAST CHILLER, OVEN",,,,,,,,,,,,,,,,"FA-DE Onion, Green, Sliced 5mm /Zwiebel, grün, in Scheiben geschnitten, 5 mm",PHF-00-149803-3,6.45,6.45,grams,,,0.77467,6.45,grams
FV0601A - Mozzarella Burger & Roasted Potatoes [BNL],REC-013423-4-005,Roasted Garlic and Parsley Roasted Potato - SH,SUB-013390-4-001,115,grams,"BLAST CHILLER, OVEN",,,,,,,,,,,,,,,,"FA-DE Parsley, Chopped /Petersilie, gehackt",PHF-00-139215-3,5.31,5.31,grams,,,0.77545,5.31,grams
FV0601A - Mozzarella Burger & Roasted Potatoes [BNL],REC-013423-4-005,Roasted Garlic and Parsley Roasted Potato - SH,SUB-013390-4-001,115,grams,"BLAST CHILLER, OVEN",,,,,,,,,,,,,,,,"FA-DE Spice, Black Pepper, Ground /Gewürz, schwarzer Pfeffer, gemahlen",SPI-00-139334-5,0.35,0.35,grams,,,0.77545,0.35,grams
FV0601A - Mozzarella Burger & Roasted Potatoes [BNL],REC-013423-4-005,Roasted Garlic and Parsley Roasted Potato - SH,SUB-013390-4-001,115,grams,"BLAST CHILLER, OVEN",,,,,,,,,,,,,,,,"FA-DE Oil, Olive /Öl, Olivenöl",PRO-00-139277-5,5.31,5.31,grams,,,0.77545,5.31,grams
FV0601A - Mozzarella Burger & Roasted Potatoes [BNL],REC-013423-4-005,Roasted Garlic and Parsley Roasted Potato - SH,SUB-013390-4-001,115,grams,"BLAST CHILLER, OVEN",Roasted Garlic (use),SUB-013367-4-001,6.37,grams,"BLAST CHILLER, BRAISER, SPICE PORTIONING",,,,,,,,,,,"FA-DE Garlic, Peeled, Whole Cloves [10kg] /Knoblauch, geschält, ganze Nelken [10kg]",PHF-00-139197-3,6.42,6.42,grams,,,0.56691,6.42,grams
FV0601A - Mozzarella Burger & Roasted Potatoes [BNL],REC-013423-4-005,Roasted Garlic and Parsley Roasted Potato - SH,SUB-013390-4-001,115,grams,"BLAST CHILLER, OVEN",Roasted Garlic (use),SUB-013367-4-001,6.37,grams,"BLAST CHILLER, BRAISER, SPICE PORTIONING",,,,,,,,,,,"FA-DE Oil, Olive /Öl, Olivenöl",PRO-00-139277-5,4.81,4.81,grams,,,0.56691,4.81,grams
FV0601A - Mozzarella Burger & Roasted Potatoes [BNL],REC-013423-4-005,Roasted Garlic and Parsley Roasted Potato - SH,SUB-013390-4-001,115,grams,"BLAST CHILLER, OVEN",,,,,,,,,,,,,,,,"FA-DE Spice, Sea Salt /Gewürze, Meersalz",SPI-00-139378-5,0.35,0.35,grams,,,0.77545,0.35,grams
FV0601A - Mozzarella Burger & Roasted Potatoes [BNL],REC-013423-4-005,Roasted Garlic and Parsley Roasted Potato - SH,SUB-013390-4-001,115,grams,"BLAST CHILLER, OVEN",,,,,,,,,,,,,,,,"FA-DE Potatoes, Diced 10mm /Kartoffeln, gewürfelt, 10 mm",PHF-00-139219-3,130.62,130.62,grams,,,0.77545,130.62,grams
FV0601A - Mozzarella Burger & Roasted Potatoes [BNL],REC-013423-4-005,Mozzarella + Parsley Mix,SUB-013419-4-001,14,grams,HAND MIX,,,,,,,,,,,,,,,,"FA-DE Parsley, Chopped /Petersilie, gehackt",PHF-00-139215-3,0.93,0.93,grams,,,0.99961,0.93,grams
FV0601A - Mozzarella Burger & Roasted Potatoes [BNL],REC-013423-4-005,Mozzarella + Parsley Mix,SUB-013419-4-001,14,grams,HAND MIX,,,,,,,,,,,,,,,,"FA-DE Cheese, Mozzarella, Shredded /Käse, Mozzarella, gerieben",DAI-00-139125-3,13.07,13.07,grams,MILCH (EINSCHLIESSLICH LAKTOSE),,0.99961,13.07,grams
FV0601A - Mozzarella Burger & Roasted Potatoes [BNL],REC-013423-4-005,Beef Burger Master EU,SUB-031776-4-001,1,each,"BLAST CHILLER, HORIZONTAL MIXER, OVEN, PATTY MAKER",Burger Patty,SUB-031783-4-001,194,grams,"BLAST CHILLER, HORIZONTAL MIXER, OVEN, PATTY MAKER",,,,,,,,,,,"FA-DE Beef, Ground, 80/20 /Rindfleisch, gemahlen, 80/20",PTN-00-139319-3,161.44,161.44,grams,,,0.97143,161.44,grams
FV0601A - Mozzarella Burger & Roasted Potatoes [BNL],REC-013423-4-005,Beef Burger Master EU,SUB-031776-4-001,1,each,"BLAST CHILLER, HORIZONTAL MIXER, OVEN, PATTY MAKER",Burger Patty,SUB-031783-4-001,194,grams,"BLAST CHILLER, HORIZONTAL MIXER, OVEN, PATTY MAKER",Cooked Burger Veggies,SUB-031784-4-001,21.52,grams,"BLAST CHILLER, BRAISER, SPICE PORTIONING",,,,,,"FA-DE Onion, Spanish, Diced 5mm /Zwiebel, Spanisch, gewürfelt 5 mm",PHF-00-139212-3,7.94,7.94,grams,,,0.94991,7.94,grams
FV0601A - Mozzarella Burger & Roasted Potatoes [BNL],REC-013423-4-005,Beef Burger Master EU,SUB-031776-4-001,1,each,"BLAST CHILLER, HORIZONTAL MIXER, OVEN, PATTY MAKER",Burger Patty,SUB-031783-4-001,194,grams,"BLAST CHILLER, HORIZONTAL MIXER, OVEN, PATTY MAKER",Cooked Burger Veggies,SUB-031784-4-001,21.52,grams,"BLAST CHILLER, BRAISER, SPICE PORTIONING",,,,,,"FA-DE Garlic, IQF, Diced 4 mm /Knoblauch, IQF, gewürfelt 4 mm",PHF-00-139237-1,4.54,4.54,grams,SCHWEFELDIOXIDE UND SULFITE,,0.94991,4.54,grams
FV0601A - Mozzarella Burger & Roasted Potatoes [BNL],REC-013423-4-005,Beef Burger Master EU,SUB-031776-4-001,1,each,"BLAST CHILLER, HORIZONTAL MIXER, OVEN, PATTY MAKER",Burger Patty,SUB-031783-4-001,194,grams,"BLAST CHILLER, HORIZONTAL MIXER, OVEN, PATTY MAKER",Cooked Burger Veggies,SUB-031784-4-001,21.52,grams,"BLAST CHILLER, BRAISER, SPICE PORTIONING",,,,,,"FA-DE Oil, Olive /Öl, Olivenöl",PRO-00-139277-5,3.03,3.03,grams,,,0.94991,3.03,grams
FV0601A - Mozzarella Burger & Roasted Potatoes [BNL],REC-013423-4-005,Beef Burger Master EU,SUB-031776-4-001,1,each,"BLAST CHILLER, HORIZONTAL MIXER, OVEN, PATTY MAKER",Burger Patty,SUB-031783-4-001,194,grams,"BLAST CHILLER, HORIZONTAL MIXER, OVEN, PATTY MAKER",Cooked Burger Veggies,SUB-031784-4-001,21.52,grams,"BLAST CHILLER, BRAISER, SPICE PORTIONING",,,,,,"FA-DE Spice, Garlic Granulated /Gewürz, Knoblauch granuliert",SPI-00-139353-5,2.27,2.27,grams,,,0.94991,2.27,grams
FV0601A - Mozzarella Burger & Roasted Potatoes [BNL],REC-013423-4-005,Beef Burger Master EU,SUB-031776-4-001,1,each,"BLAST CHILLER, HORIZONTAL MIXER, OVEN, PATTY MAKER",Burger Patty,SUB-031783-4-001,194,grams,"BLAST CHILLER, HORIZONTAL MIXER, OVEN, PATTY MAKER",Cooked Burger Veggies,SUB-031784-4-001,21.52,grams,"BLAST CHILLER, BRAISER, SPICE PORTIONING",,,,,,"FA-DE Spice, Onion Granulated /Gewürze, Zwiebeln granuliert",SPI-00-139370-5,4.54,4.54,grams,,,0.94991,4.54,grams
FV0601A - Mozzarella Burger & Roasted Potatoes [BNL],REC-013423-4-005,Beef Burger Master EU,SUB-031776-4-001,1,each,"BLAST CHILLER, HORIZONTAL MIXER, OVEN, PATTY MAKER",Burger Patty,SUB-031783-4-001,194,grams,"BLAST CHILLER, HORIZONTAL MIXER, OVEN, PATTY MAKER",Cooked Burger Veggies,SUB-031784-4-001,21.52,grams,"BLAST CHILLER, BRAISER, SPICE PORTIONING",,,,,,"FA-DE Spice, Sea Salt /Gewürze, Meersalz",SPI-00-139378-5,0.33,0.33,grams,,,0.94991,0.33,grams
FV0601A - Mozzarella Burger & Roasted Potatoes [BNL],REC-013423-4-005,Beef Burger Master EU,SUB-031776-4-001,1,each,"BLAST CHILLER, HORIZONTAL MIXER, OVEN, PATTY MAKER",Burger Patty,SUB-031783-4-001,194,grams,"BLAST CHILLER, HORIZONTAL MIXER, OVEN, PATTY MAKER",Burger Stock,SUB-031810-4-001,16.75,grams,IMMERSION BLENDER,,,,,,FA-DE Water / Wasser,OTH-00-144038-5,15.28,15.28,grams,,,0.98807,15.28,grams
FV0601A - Mozzarella Burger & Roasted Potatoes [BNL],REC-013423-4-005,Beef Burger Master EU,SUB-031776-4-001,1,each,"BLAST CHILLER, HORIZONTAL MIXER, OVEN, PATTY MAKER",Burger Patty,SUB-031783-4-001,194,grams,"BLAST CHILLER, HORIZONTAL MIXER, OVEN, PATTY MAKER",Burger Stock,SUB-031810-4-001,16.75,grams,IMMERSION BLENDER,,,,,,"FA-DE Stock, Chicken, Reduced/Brühe, Huhn, Reduziert",PRO-00-139288-5,1.09,1.09,grams,,,0.98807,1.09,grams
FV0601A - Mozzarella Burger & Roasted Potatoes [BNL],REC-013423-4-005,Beef Burger Master EU,SUB-031776-4-001,1,each,"BLAST CHILLER, HORIZONTAL MIXER, OVEN, PATTY MAKER",Burger Patty,SUB-031783-4-001,194,grams,"BLAST CHILLER, HORIZONTAL MIXER, OVEN, PATTY MAKER",Burger Stock,SUB-031810-4-001,16.75,grams,IMMERSION BLENDER,,,,,,"FA-DE Spice, Sea Salt /Gewürze, Meersalz",SPI-00-139378-5,0.58,0.58,grams,,,0.98807,0.58,grams
FV0601A - Mozzarella Burger & Roasted Potatoes [BNL],REC-013423-4-005,Mozzarella + Parsley Mix,SUB-013419-4-001,14,grams,HAND MIX,,,,,,,,,,,,,,,,"FA-DE Parsley, Chopped /Petersilie, gehackt",PHF-00-139215-3,0.93,0.93,grams,,,0.99961,0.93,grams
FV0601A - Mozzarella Burger & Roasted Potatoes [BNL],REC-013423-4-005,Mozzarella + Parsley Mix,SUB-013419-4-001,14,grams,HAND MIX,,,,,,,,,,,,,,,,"FA-DE Cheese, Mozzarella, Shredded /Käse, Mozzarella, gerieben",DAI-00-139125-3,13.07,13.07,grams,MILCH (EINSCHLIESSLICH LAKTOSE),,0.99961,13.07,grams
FV0601A - Mozzarella Burger & Roasted Potatoes [BNL],REC-013423-4-005,Mixed veg - Summer Zucchini Roast,SUB-013418-4-001,85,grams,"BLAST CHILLER, OVEN",,,,,,,,,,,,,,,,"FA-DE Oil, Olive /Öl, Olivenöl",PRO-00-139277-5,1.99,1.99,grams,,,0.68712,1.99,grams
FV0601A - Mozzarella Burger & Roasted Potatoes [BNL],REC-013423-4-005,Mixed veg - Summer Zucchini Roast,SUB-013418-4-001,85,grams,"BLAST CHILLER, OVEN",,,,,,,,,,,,,,,,"FA-DE Sweetcorn Supersweet Kernels, IQF /Zuckermais-Supersüßkörner, IQF",PHF-00-139236-1,21.95,21.95,grams,,,0.68712,21.95,grams
FV0601A - Mozzarella Burger & Roasted Potatoes [BNL],REC-013423-4-005,Mixed veg - Summer Zucchini Roast,SUB-013418-4-001,85,grams,"BLAST CHILLER, OVEN",,,,,,,,,,,,,,,,"FA-DE Garlic, IQF, Diced 4 mm /Knoblauch, IQF, gewürfelt 4 mm",PHF-00-139237-1,2.32,2.32,grams,SCHWEFELDIOXIDE UND SULFITE,,0.68712,2.32,grams
FV0601A - Mozzarella Burger & Roasted Potatoes [BNL],REC-013423-4-005,Mixed veg - Summer Zucchini Roast,SUB-013418-4-001,85,grams,"BLAST CHILLER, OVEN",,,,,,,,,,,,,,,,"FA-DE Spice, Sea Salt /Gewürze, Meersalz",SPI-00-139378-5,0.33,0.33,grams,,,0.68712,0.33,grams
FV0601A - Mozzarella Burger & Roasted Potatoes [BNL],REC-013423-4-005,Mixed veg - Summer Zucchini Roast,SUB-013418-4-001,85,grams,"BLAST CHILLER, OVEN",,,,,,,,,,,,,,,,"FA-DE Zucchini, Diced 10mm /Zucchini, gewürfelt 10 mm",PHF-00-139229-3,58.54,58.54,grams,,,0.68712,58.54,grams
FV0601A - Mozzarella Burger & Roasted Potatoes [BNL],REC-013423-4-005,Mixed veg - Summer Zucchini Roast,SUB-013418-4-001,85,grams,"BLAST CHILLER, OVEN",,,,,,,,,,,,,,,,"FA-DE Spice, Onion Powder, Toasted /Gewürze, Zwiebelpulver, geröstet",SPI-00-139371-5,0.33,0.33,grams,,,0.68712,0.33,grams
FV0601A - Mozzarella Burger & Roasted Potatoes [BNL],REC-013423-4-005,Mixed veg - Summer Zucchini Roast,SUB-013418-4-001,85,grams,"BLAST CHILLER, OVEN",,,,,,,,,,,,,,,,"FA-DE Tomatoes, Diced 10mm /Tomaten, gewürfelt, 10 mm",PHF-00-139239-3,29.6,29.6,grams,,,0.68712,29.6,grams
FV0601A - Mozzarella Burger & Roasted Potatoes [BNL],REC-013423-4-005,Mixed veg - Summer Zucchini Roast,SUB-013418-4-001,85,grams,"BLAST CHILLER, OVEN",,,,,,,,,,,,,,,,"FA-DE Spice, Garlic Granulated /Gewürz, Knoblauch granuliert",SPI-00-139353-5,0.33,0.33,grams,,,0.68712,0.33,grams
FV0601A - Mozzarella Burger & Roasted Potatoes [BNL],REC-013423-4-005,Mixed veg - Summer Zucchini Roast,SUB-013418-4-001,85,grams,"BLAST CHILLER, OVEN",,,,,,,,,,,,,,,,"FA-DE Onion, Spanish, Diced 10mm /Zwiebel, Spanisch, gewürfelt 10 mm",PHF-00-139209-3,4.99,4.99,grams,,,0.68712,4.99,grams
FV0601A - Mozzarella Burger & Roasted Potatoes [BNL],REC-013423-4-005,Mixed veg - Summer Zucchini Roast,SUB-013418-4-001,85,grams,"BLAST CHILLER, OVEN",,,,,,,,,,,,,,,,"FA-DE Bell Peppers, Red, Diced 10mm /Paprika, rot, gewürfelt 10 mm",PHF-00-139179-3,2.99,2.99,grams,,,0.68712,2.99,grams
FV0601A - Mozzarella Burger & Roasted Potatoes [BNL],REC-013423-4-005,Mixed veg - Summer Zucchini Roast,SUB-013418-4-001,85,grams,"BLAST CHILLER, OVEN",,,,,,,,,,,,,,,,"FA-DE Parsley, Chopped /Petersilie, gehackt",PHF-00-139215-3,0.33,0.33,grams,,,0.68712,0.33,grams
FV0601A - Mozzarella Burger & Roasted Potatoes [BNL],REC-013423-4-005,Smokehouse Ketchup,SUB-013422-4-001,30,grams,"BLAST CHILLER, BRAISER, IMMERSION BLENDER, SPICE PORTIONING",,,,,,,,,,,,,,,,"FA-DE Spice, Black Pepper, Ground /Gewürz, schwarzer Pfeffer, gemahlen",SPI-00-139334-5,0.03,0.03,grams,,,0.89996,0.03,grams
FV0601A - Mozzarella Burger & Roasted Potatoes [BNL],REC-013423-4-005,Smokehouse Ketchup,SUB-013422-4-001,30,grams,"BLAST CHILLER, BRAISER, IMMERSION BLENDER, SPICE PORTIONING",,,,,,,,,,,,,,,,FA-DE Honey /Honig – Masse,PRO-00-139266-5,4,4,grams,,,0.89996,4,grams
FV0601A - Mozzarella Burger & Roasted Potatoes [BNL],REC-013423-4-005,Smokehouse Ketchup,SUB-013422-4-001,30,grams,"BLAST CHILLER, BRAISER, IMMERSION BLENDER, SPICE PORTIONING",,,,,,,,,,,,,,,,"FA-DE Garlic, IQF, Diced 4 mm /Knoblauch, IQF, gewürfelt 4 mm",PHF-00-139237-1,1.01,1.01,grams,SCHWEFELDIOXIDE UND SULFITE,,0.89996,1.01,grams
FV0601A - Mozzarella Burger & Roasted Potatoes [BNL],REC-013423-4-005,Smokehouse Ketchup,SUB-013422-4-001,30,grams,"BLAST CHILLER, BRAISER, IMMERSION BLENDER, SPICE PORTIONING",,,,,,,,,,,,,,,,"FA-DE Tomatoes, Concentrated Crushed /Tomaten, konzentriert, zerkleinert",PRO-00-139293-5,16.72,16.72,grams,,,0.89996,16.72,grams
FV0601A - Mozzarella Burger & Roasted Potatoes [BNL],REC-013423-4-005,Smokehouse Ketchup,SUB-013422-4-001,30,grams,"BLAST CHILLER, BRAISER, IMMERSION BLENDER, SPICE PORTIONING",,,,,,,,,,,,,,,,"FA-DE Oil, Olive /Öl, Olivenöl",PRO-00-139277-5,0.57,0.57,grams,,,0.89996,0.57,grams
FV0601A - Mozzarella Burger & Roasted Potatoes [BNL],REC-013423-4-005,Smokehouse Ketchup,SUB-013422-4-001,30,grams,"BLAST CHILLER, BRAISER, IMMERSION BLENDER, SPICE PORTIONING",,,,,,,,,,,,,,,,"FA-DE Thyme, IQF /Thymian, IQF",PHF-00-139244-1,0.07,0.07,grams,,,0.89996,0.07,grams
FV0601A - Mozzarella Burger & Roasted Potatoes [BNL],REC-013423-4-005,Smokehouse Ketchup,SUB-013422-4-001,30,grams,"BLAST CHILLER, BRAISER, IMMERSION BLENDER, SPICE PORTIONING",,,,,,,,,,,,,,,,"FA-DE Vinegar, Balsamic /Essig, Balsamico",PRO-00-139298-5,2.53,2.53,grams,SCHWEFELDIOXIDE UND SULFITE,,0.89996,2.53,grams
FV0601A - Mozzarella Burger & Roasted Potatoes [BNL],REC-013423-4-005,Smokehouse Ketchup,SUB-013422-4-001,30,grams,"BLAST CHILLER, BRAISER, IMMERSION BLENDER, SPICE PORTIONING",,,,,,,,,,,,,,,,FA-DE Water / Wasser,OTH-00-144038-5,8.4,8.4,grams,,,0.89996,8.4,grams
FV0778A- Creamy pesto pasta [BNL],REC-014155-4-003,,,,,,,,,,,,,,,,,,,,,"FA-DE Pasta, Whole Wheat, Penne IQF/Nudeln, vollkorn, IQF",PRO-00-139304-1,115,115,grams,"GLUTENHALTIGES GETREIDE, WEIZEN",,,115,grams
FV0778A- Creamy pesto pasta [BNL],REC-014155-4-003,Mixed veg - Roasted Vegetable BATCH 25% less oil,SUB-014154-4-001,75,grams,"BLAST CHILLER, OVEN",,,,,,,,,,,,,,,,"FA-DE Zucchini, Diced 10mm /Zucchini, gewürfelt 10 mm",PHF-00-139229-3,66.87,66.87,grams,,,0.7243,66.87,grams
FV0778A- Creamy pesto pasta [BNL],REC-014155-4-003,Mixed veg - Roasted Vegetable BATCH 25% less oil,SUB-014154-4-001,75,grams,"BLAST CHILLER, OVEN",,,,,,,,,,,,,,,,"FA-DE Garlic, IQF, Diced 4 mm /Knoblauch, IQF, gewürfelt 4 mm",PHF-00-139237-1,1.03,1.03,grams,SCHWEFELDIOXIDE UND SULFITE,,0.7243,1.03,grams
FV0778A- Creamy pesto pasta [BNL],REC-014155-4-003,Mixed veg - Roasted Vegetable BATCH 25% less oil,SUB-014154-4-001,75,grams,"BLAST CHILLER, OVEN",,,,,,,,,,,,,,,,"FA-DE Spice, Parsley Dried /Gewürze, getrocknete Petersilie",SPI-00-139374-5,0.34,0.34,grams,,,0.7243,0.34,grams
FV0778A- Creamy pesto pasta [BNL],REC-014155-4-003,Mixed veg - Roasted Vegetable BATCH 25% less oil,SUB-014154-4-001,75,grams,"BLAST CHILLER, OVEN",,,,,,,,,,,,,,,,"FA-DE Spice, Onion Granulated /Gewürze, Zwiebeln granuliert",SPI-00-139370-5,0.34,0.34,grams,,,0.7243,0.34,grams
FV0778A- Creamy pesto pasta [BNL],REC-014155-4-003,Mixed veg - Roasted Vegetable BATCH 25% less oil,SUB-014154-4-001,75,grams,"BLAST CHILLER, OVEN",,,,,,,,,,,,,,,,"FA-DE Oil, Olive /Öl, Olivenöl",PRO-00-139277-5,2.75,2.75,grams,,,0.7243,2.75,grams
FV0778A- Creamy pesto pasta [BNL],REC-014155-4-003,Mixed veg - Roasted Vegetable BATCH 25% less oil,SUB-014154-4-001,75,grams,"BLAST CHILLER, OVEN",,,,,,,,,,,,,,,,"FA-DE Bell Peppers, Red, Diced 10mm /Paprika, rot, gewürfelt 10 mm",PHF-00-139179-3,29.83,29.83,grams,,,0.7243,29.83,grams
FV0778A- Creamy pesto pasta [BNL],REC-014155-4-003,Mixed veg - Roasted Vegetable BATCH 25% less oil,SUB-014154-4-001,75,grams,"BLAST CHILLER, OVEN",,,,,,,,,,,,,,,,"FA-DE Spice, Sea Salt /Gewürze, Meersalz",SPI-00-139378-5,0.6,0.6,grams,,,0.7243,0.6,grams
FV0778A- Creamy pesto pasta [BNL],REC-014155-4-003,Mixed veg - Roasted Vegetable BATCH 25% less oil,SUB-014154-4-001,75,grams,"BLAST CHILLER, OVEN",,,,,,,,,,,,,,,,"FA-DE Juice, Lemon /Saft, Zitrone",PRO-00-139265-5,1,1,grams,,,0.7243,1,grams
FV0778A- Creamy pesto pasta [BNL],REC-014155-4-003,Mixed veg - Roasted Vegetable BATCH 25% less oil,SUB-014154-4-001,75,grams,"BLAST CHILLER, OVEN",,,,,,,,,,,,,,,,"FA-DE Spice, White Pepper /Gewürz, weißer Pfeffer",SPI-00-139387-5,0.15,0.15,grams,,,0.7243,0.15,grams
FV0778A- Creamy pesto pasta [BNL],REC-014155-4-003,Mixed veg - Roasted Vegetable BATCH 25% less oil,SUB-014154-4-001,75,grams,"BLAST CHILLER, OVEN",,,,,,,,,,,,,,,,"FA-DE Spice, Tomato Powder /Gewürz, Tomatenpulver",SPI-00-139325-5,0.64,0.64,grams,,,0.7243,0.64,grams
FV0778A- Creamy pesto pasta [BNL],REC-014155-4-003,Sauce - Basil Pesto Cream Sauce -Less Fat,SUB-032112-4-001,90,grams,"BLAST CHILLER, IMMERSION BLENDER",,,,,,,,,,,,,,,,"FA-DE Garlic, Peeled, Whole Cloves [10kg] /Knoblauch, geschält, ganze Nelken [10kg]",PHF-00-139197-3,0.89,0.89,grams,,,0.91318,0.89,grams
FV0778A- Creamy pesto pasta [BNL],REC-014155-4-003,Sauce - Basil Pesto Cream Sauce -Less Fat,SUB-032112-4-001,90,grams,"BLAST CHILLER, IMMERSION BLENDER",,,,,,,,,,,,,,,,FA-DE Water / Wasser,OTH-00-144038-5,11.69,11.69,grams,,,0.91318,11.69,grams
FV0778A- Creamy pesto pasta [BNL],REC-014155-4-003,Sauce - Basil Pesto Cream Sauce -Less Fat,SUB-032112-4-001,90,grams,"BLAST CHILLER, IMMERSION BLENDER",,,,,,,,,,,,,,,,"FA-DE Juice, Lemon /Saft, Zitrone",PRO-00-139265-5,11.69,11.69,grams,,,0.91318,11.69,grams
FV0778A- Creamy pesto pasta [BNL],REC-014155-4-003,Sauce - Basil Pesto Cream Sauce -Less Fat,SUB-032112-4-001,90,grams,"BLAST CHILLER, IMMERSION BLENDER",Heavy Cream- Yielded,SUB-013449-4-001,14.39,grams,HAND MIX,,,,,,,,,,,FA-DE Heavy Cream 20% /Sahne 20%,DAI-00-139137-3,15.9,15.9,grams,MILCH (EINSCHLIESSLICH LAKTOSE),,0.90476,15.9,grams
FV0778A- Creamy pesto pasta [BNL],REC-014155-4-003,Sauce - Basil Pesto Cream Sauce -Less Fat,SUB-032112-4-001,90,grams,"BLAST CHILLER, IMMERSION BLENDER",,,,,,,,,,,,,,,,"FA-DE Spice, Garlic Granulated /Gewürz, Knoblauch granuliert",SPI-00-139353-5,0.89,0.89,grams,,,0.91318,0.89,grams
FV0778A- Creamy pesto pasta [BNL],REC-014155-4-003,Sauce - Basil Pesto Cream Sauce -Less Fat,SUB-032112-4-001,90,grams,"BLAST CHILLER, IMMERSION BLENDER",,,,,,,,,,,,,,,,"FA-DE Spice, Sea Salt /Gewürze, Meersalz",SPI-00-139378-5,2.38,2.38,grams,,,0.91318,2.38,grams
FV0778A- Creamy pesto pasta [BNL],REC-014155-4-003,Sauce - Basil Pesto Cream Sauce -Less Fat,SUB-032112-4-001,90,grams,"BLAST CHILLER, IMMERSION BLENDER",,,,,,,,,,,,,,,,"FA-DE Cheese, Parmesan, Grated /Käse, Parmesan, gerieben",DAI-00-139127-3,9,9,grams,MILCH (EINSCHLIESSLICH LAKTOSE),,0.91318,9,grams
FV0778A- Creamy pesto pasta [BNL],REC-014155-4-003,Sauce - Basil Pesto Cream Sauce -Less Fat,SUB-032112-4-001,90,grams,"BLAST CHILLER, IMMERSION BLENDER",,,,,,,,,,,,,,,,"FA-DE Spinach, Fresh, Stem Off /Spinat, frisch, ohne Stiel",PHF-00-139225-3,10.77,10.77,grams,,,0.91318,10.77,grams
FV0778A- Creamy pesto pasta [BNL],REC-014155-4-003,Sauce - Basil Pesto Cream Sauce -Less Fat,SUB-032112-4-001,90,grams,"BLAST CHILLER, IMMERSION BLENDER",,,,,,,,,,,,,,,,"FA-DE Oil, Olive /Öl, Olivenöl",PRO-00-139277-5,25.16,25.16,grams,,,0.91318,25.16,grams
FV0778A- Creamy pesto pasta [BNL],REC-014155-4-003,Sauce - Basil Pesto Cream Sauce -Less Fat,SUB-032112-4-001,90,grams,"BLAST CHILLER, IMMERSION BLENDER",Basil Kill Step,SUB-024331-4-001,11.69,grams,"BLAST CHILLER, OVEN",Basil - Picked Basil Leaves,SUB-013424-4-001,12.99,grams,"DEBOX, STAGING",,,,,,"FA-DE Basil, Fresh /Basilikum, frisch",PHF-00-139175-3,23.19,23.19,grams,,,0.55986,23.19,grams
FV0778A- Creamy pesto pasta [BNL],REC-014155-4-003,Tomatoes - Roasted cherry tomatoes,SUB-013627-4-001,35,grams,"BLAST CHILLER, OVEN",,,,,,,,,,,,,,,,"FA-DE Tomatoes, Cherry/Tomaten, Kirsche",PHF-00-139190-3,40.76,40.76,grams,,,0.85,40.76,grams
FV0778A- Creamy pesto pasta [BNL],REC-014155-4-003,Tomatoes - Roasted cherry tomatoes,SUB-013627-4-001,35,grams,"BLAST CHILLER, OVEN",,,,,,,,,,,,,,,,"FA-DE Oil, Olive /Öl, Olivenöl",PRO-00-139277-5,0.41,0.41,grams,,,0.85,0.41,grams
FV0778A- Creamy pesto pasta [BNL],REC-014155-4-003,Tomatoes - Roasted cherry tomatoes,SUB-013627-4-001,35,grams,"BLAST CHILLER, OVEN",,,,,,,,,,,,,,,,"FA-DE Spice, Sea Salt /Gewürze, Meersalz",SPI-00-139378-5,0.01,0.01,grams,,,0.85,0.01,grams
FV0778A- Creamy pesto pasta [BNL],REC-014155-4-003,"Green Beans -Roasted Green Beans w/Roasted Garlic less oil, less fat",SUB-032114-4-001,120,grams,"BLAST CHILLER, OVEN",,,,,,,,,,,,,,,,"FA-DE Spice, Black Pepper, Ground /Gewürz, schwarzer Pfeffer, gemahlen",SPI-00-139334-5,0.11,0.11,grams,,,0.75524,0.11,grams
FV0778A- Creamy pesto pasta [BNL],REC-014155-4-003,"Green Beans -Roasted Green Beans w/Roasted Garlic less oil, less fat",SUB-032114-4-001,120,grams,"BLAST CHILLER, OVEN",,,,,,,,,,,,,,,,"FA-DE Spice, Sea Salt /Gewürze, Meersalz",SPI-00-139378-5,0.53,0.53,grams,,,0.75524,0.53,grams
FV0778A- Creamy pesto pasta [BNL],REC-014155-4-003,"Green Beans -Roasted Green Beans w/Roasted Garlic less oil, less fat",SUB-032114-4-001,120,grams,"BLAST CHILLER, OVEN",Roasted Garlic (use),SUB-013367-4-001,4.52,grams,"BLAST CHILLER, BRAISER, SPICE PORTIONING",,,,,,,,,,,"FA-DE Garlic, Peeled, Whole Cloves [10kg] /Knoblauch, geschält, ganze Nelken [10kg]",PHF-00-139197-3,4.55,4.55,grams,,,0.56691,4.55,grams
FV0778A- Creamy pesto pasta [BNL],REC-014155-4-003,"Green Beans -Roasted Green Beans w/Roasted Garlic less oil, less fat",SUB-032114-4-001,120,grams,"BLAST CHILLER, OVEN",Roasted Garlic (use),SUB-013367-4-001,4.52,grams,"BLAST CHILLER, BRAISER, SPICE PORTIONING",,,,,,,,,,,"FA-DE Oil, Olive /Öl, Olivenöl",PRO-00-139277-5,3.41,3.41,grams,,,0.56691,3.41,grams
FV0778A- Creamy pesto pasta [BNL],REC-014155-4-003,"Green Beans -Roasted Green Beans w/Roasted Garlic less oil, less fat",SUB-032114-4-001,120,grams,"BLAST CHILLER, OVEN",,,,,,,,,,,,,,,,"FA-DE Green Beans, Fresh and Trimmed/Grüne Bohnen, frisch und geschnitten",PHF-00-139198-3,149.73,149.73,grams,,,0.75524,149.73,grams
FV0778A- Creamy pesto pasta [BNL],REC-014155-4-003,"Green Beans -Roasted Green Beans w/Roasted Garlic less oil, less fat",SUB-032114-4-001,120,grams,"BLAST CHILLER, OVEN",,,,,,,,,,,,,,,,"FA-DE Oil, Olive /Öl, Olivenöl",PRO-00-139277-5,4,4,grams,,,0.75524,4,grams
FV0778A- Creamy pesto pasta [DKSE],REC-014155-4-005,,,,,,,,,,,,,,,,,,,,,"FA-DE Pasta, Whole Wheat, Penne IQF/Nudeln, vollkorn, IQF",PRO-00-139304-1,115,115,grams,"GLUTENHALTIGES GETREIDE, WEIZEN",,,115,grams
FV0778A- Creamy pesto pasta [DKSE],REC-014155-4-005,Mixed veg - Roasted Vegetable BATCH 25% less oil,SUB-014154-4-001,75,grams,"BLAST CHILLER, OVEN",,,,,,,,,,,,,,,,"FA-DE Zucchini, Diced 10mm /Zucchini, gewürfelt 10 mm",PHF-00-139229-3,66.87,66.87,grams,,,0.7243,66.87,grams
FV0778A- Creamy pesto pasta [DKSE],REC-014155-4-005,Mixed veg - Roasted Vegetable BATCH 25% less oil,SUB-014154-4-001,75,grams,"BLAST CHILLER, OVEN",,,,,,,,,,,,,,,,"FA-DE Garlic, IQF, Diced 4 mm /Knoblauch, IQF, gewürfelt 4 mm",PHF-00-139237-1,1.03,1.03,grams,SCHWEFELDIOXIDE UND SULFITE,,0.7243,1.03,grams
FV0778A- Creamy pesto pasta [DKSE],REC-014155-4-005,Mixed veg - Roasted Vegetable BATCH 25% less oil,SUB-014154-4-001,75,grams,"BLAST CHILLER, OVEN",,,,,,,,,,,,,,,,"FA-DE Spice, Parsley Dried /Gewürze, getrocknete Petersilie",SPI-00-139374-5,0.34,0.34,grams,,,0.7243,0.34,grams
FV0778A- Creamy pesto pasta [DKSE],REC-014155-4-005,Mixed veg - Roasted Vegetable BATCH 25% less oil,SUB-014154-4-001,75,grams,"BLAST CHILLER, OVEN",,,,,,,,,,,,,,,,"FA-DE Spice, Onion Granulated /Gewürze, Zwiebeln granuliert",SPI-00-139370-5,0.34,0.34,grams,,,0.7243,0.34,grams
FV0778A- Creamy pesto pasta [DKSE],REC-014155-4-005,Mixed veg - Roasted Vegetable BATCH 25% less oil,SUB-014154-4-001,75,grams,"BLAST CHILLER, OVEN",,,,,,,,,,,,,,,,"FA-DE Oil, Olive /Öl, Olivenöl",PRO-00-139277-5,2.75,2.75,grams,,,0.7243,2.75,grams
FV0778A- Creamy pesto pasta [DKSE],REC-014155-4-005,Mixed veg - Roasted Vegetable BATCH 25% less oil,SUB-014154-4-001,75,grams,"BLAST CHILLER, OVEN",,,,,,,,,,,,,,,,"FA-DE Bell Peppers, Red, Diced 10mm /Paprika, rot, gewürfelt 10 mm",PHF-00-139179-3,29.83,29.83,grams,,,0.7243,29.83,grams
FV0778A- Creamy pesto pasta [DKSE],REC-014155-4-005,Mixed veg - Roasted Vegetable BATCH 25% less oil,SUB-014154-4-001,75,grams,"BLAST CHILLER, OVEN",,,,,,,,,,,,,,,,"FA-DE Spice, Sea Salt /Gewürze, Meersalz",SPI-00-139378-5,0.6,0.6,grams,,,0.7243,0.6,grams
FV0778A- Creamy pesto pasta [DKSE],REC-014155-4-005,Mixed veg - Roasted Vegetable BATCH 25% less oil,SUB-014154-4-001,75,grams,"BLAST CHILLER, OVEN",,,,,,,,,,,,,,,,"FA-DE Juice, Lemon /Saft, Zitrone",PRO-00-139265-5,1,1,grams,,,0.7243,1,grams
FV0778A- Creamy pesto pasta [DKSE],REC-014155-4-005,Mixed veg - Roasted Vegetable BATCH 25% less oil,SUB-014154-4-001,75,grams,"BLAST CHILLER, OVEN",,,,,,,,,,,,,,,,"FA-DE Spice, White Pepper /Gewürz, weißer Pfeffer",SPI-00-139387-5,0.15,0.15,grams,,,0.7243,0.15,grams
FV0778A- Creamy pesto pasta [DKSE],REC-014155-4-005,Mixed veg - Roasted Vegetable BATCH 25% less oil,SUB-014154-4-001,75,grams,"BLAST CHILLER, OVEN",,,,,,,,,,,,,,,,"FA-DE Spice, Tomato Powder /Gewürz, Tomatenpulver",SPI-00-139325-5,0.64,0.64,grams,,,0.7243,0.64,grams
FV0778A- Creamy pesto pasta [DKSE],REC-014155-4-005,Sauce - Basil Pesto Cream Sauce -Less Fat,SUB-032112-4-001,90,grams,"BLAST CHILLER, IMMERSION BLENDER",,,,,,,,,,,,,,,,"FA-DE Garlic, Peeled, Whole Cloves [10kg] /Knoblauch, geschält, ganze Nelken [10kg]",PHF-00-139197-3,0.89,0.89,grams,,,0.91318,0.89,grams
FV0778A- Creamy pesto pasta [DKSE],REC-014155-4-005,Sauce - Basil Pesto Cream Sauce -Less Fat,SUB-032112-4-001,90,grams,"BLAST CHILLER, IMMERSION BLENDER",,,,,,,,,,,,,,,,FA-DE Water / Wasser,OTH-00-144038-5,11.69,11.69,grams,,,0.91318,11.69,grams
FV0778A- Creamy pesto pasta [DKSE],REC-014155-4-005,Sauce - Basil Pesto Cream Sauce -Less Fat,SUB-032112-4-001,90,grams,"BLAST CHILLER, IMMERSION BLENDER",,,,,,,,,,,,,,,,"FA-DE Juice, Lemon /Saft, Zitrone",PRO-00-139265-5,11.69,11.69,grams,,,0.91318,11.69,grams
FV0778A- Creamy pesto pasta [DKSE],REC-014155-4-005,Sauce - Basil Pesto Cream Sauce -Less Fat,SUB-032112-4-001,90,grams,"BLAST CHILLER, IMMERSION BLENDER",Heavy Cream- Yielded,SUB-013449-4-001,14.39,grams,HAND MIX,,,,,,,,,,,FA-DE Heavy Cream 20% /Sahne 20%,DAI-00-139137-3,15.9,15.9,grams,MILCH (EINSCHLIESSLICH LAKTOSE),,0.90476,15.9,grams
FV0778A- Creamy pesto pasta [DKSE],REC-014155-4-005,Sauce - Basil Pesto Cream Sauce -Less Fat,SUB-032112-4-001,90,grams,"BLAST CHILLER, IMMERSION BLENDER",,,,,,,,,,,,,,,,"FA-DE Spice, Garlic Granulated /Gewürz, Knoblauch granuliert",SPI-00-139353-5,0.89,0.89,grams,,,0.91318,0.89,grams
FV0778A- Creamy pesto pasta [DKSE],REC-014155-4-005,Sauce - Basil Pesto Cream Sauce -Less Fat,SUB-032112-4-001,90,grams,"BLAST CHILLER, IMMERSION BLENDER",,,,,,,,,,,,,,,,"FA-DE Spice, Sea Salt /Gewürze, Meersalz",SPI-00-139378-5,2.38,2.38,grams,,,0.91318,2.38,grams
FV0778A- Creamy pesto pasta [DKSE],REC-014155-4-005,Sauce - Basil Pesto Cream Sauce -Less Fat,SUB-032112-4-001,90,grams,"BLAST CHILLER, IMMERSION BLENDER",,,,,,,,,,,,,,,,"FA-DE Cheese, Parmesan, Grated /Käse, Parmesan, gerieben",DAI-00-139127-3,9,9,grams,MILCH (EINSCHLIESSLICH LAKTOSE),,0.91318,9,grams
FV0778A- Creamy pesto pasta [DKSE],REC-014155-4-005,Sauce - Basil Pesto Cream Sauce -Less Fat,SUB-032112-4-001,90,grams,"BLAST CHILLER, IMMERSION BLENDER",,,,,,,,,,,,,,,,"FA-DE Spinach, Fresh, Stem Off /Spinat, frisch, ohne Stiel",PHF-00-139225-3,10.77,10.77,grams,,,0.91318,10.77,grams
FV0778A- Creamy pesto pasta [DKSE],REC-014155-4-005,Sauce - Basil Pesto Cream Sauce -Less Fat,SUB-032112-4-001,90,grams,"BLAST CHILLER, IMMERSION BLENDER",,,,,,,,,,,,,,,,"FA-DE Oil, Olive /Öl, Olivenöl",PRO-00-139277-5,25.16,25.16,grams,,,0.91318,25.16,grams
FV0778A- Creamy pesto pasta [DKSE],REC-014155-4-005,Sauce - Basil Pesto Cream Sauce -Less Fat,SUB-032112-4-001,90,grams,"BLAST CHILLER, IMMERSION BLENDER",Basil Kill Step,SUB-024331-4-001,11.69,grams,"BLAST CHILLER, OVEN",Basil - Picked Basil Leaves,SUB-013424-4-001,12.99,grams,"DEBOX, STAGING",,,,,,"FA-DE Basil, Fresh /Basilikum, frisch",PHF-00-139175-3,23.19,23.19,grams,,,0.55986,23.19,grams
FV0778A- Creamy pesto pasta [DKSE],REC-014155-4-005,Tomatoes - Roasted cherry tomatoes,SUB-013627-4-001,35,grams,"BLAST CHILLER, OVEN",,,,,,,,,,,,,,,,"FA-DE Tomatoes, Cherry/Tomaten, Kirsche",PHF-00-139190-3,40.76,40.76,grams,,,0.85,40.76,grams
FV0778A- Creamy pesto pasta [DKSE],REC-014155-4-005,Tomatoes - Roasted cherry tomatoes,SUB-013627-4-001,35,grams,"BLAST CHILLER, OVEN",,,,,,,,,,,,,,,,"FA-DE Oil, Olive /Öl, Olivenöl",PRO-00-139277-5,0.41,0.41,grams,,,0.85,0.41,grams
FV0778A- Creamy pesto pasta [DKSE],REC-014155-4-005,Tomatoes - Roasted cherry tomatoes,SUB-013627-4-001,35,grams,"BLAST CHILLER, OVEN",,,,,,,,,,,,,,,,"FA-DE Spice, Sea Salt /Gewürze, Meersalz",SPI-00-139378-5,0.01,0.01,grams,,,0.85,0.01,grams
FV0778A- Creamy pesto pasta [DKSE],REC-014155-4-005,"Green Beans -Roasted Green Beans w/Roasted Garlic less oil, less fat",SUB-032114-4-001,120,grams,"BLAST CHILLER, OVEN",,,,,,,,,,,,,,,,"FA-DE Spice, Black Pepper, Ground /Gewürz, schwarzer Pfeffer, gemahlen",SPI-00-139334-5,0.11,0.11,grams,,,0.75524,0.11,grams
FV0778A- Creamy pesto pasta [DKSE],REC-014155-4-005,"Green Beans -Roasted Green Beans w/Roasted Garlic less oil, less fat",SUB-032114-4-001,120,grams,"BLAST CHILLER, OVEN",,,,,,,,,,,,,,,,"FA-DE Spice, Sea Salt /Gewürze, Meersalz",SPI-00-139378-5,0.53,0.53,grams,,,0.75524,0.53,grams
FV0778A- Creamy pesto pasta [DKSE],REC-014155-4-005,"Green Beans -Roasted Green Beans w/Roasted Garlic less oil, less fat",SUB-032114-4-001,120,grams,"BLAST CHILLER, OVEN",Roasted Garlic (use),SUB-013367-4-001,4.52,grams,"BLAST CHILLER, BRAISER, SPICE PORTIONING",,,,,,,,,,,"FA-DE Garlic, Peeled, Whole Cloves [10kg] /Knoblauch, geschält, ganze Nelken [10kg]",PHF-00-139197-3,4.55,4.55,grams,,,0.56691,4.55,grams
FV0778A- Creamy pesto pasta [DKSE],REC-014155-4-005,"Green Beans -Roasted Green Beans w/Roasted Garlic less oil, less fat",SUB-032114-4-001,120,grams,"BLAST CHILLER, OVEN",Roasted Garlic (use),SUB-013367-4-001,4.52,grams,"BLAST CHILLER, BRAISER, SPICE PORTIONING",,,,,,,,,,,"FA-DE Oil, Olive /Öl, Olivenöl",PRO-00-139277-5,3.41,3.41,grams,,,0.56691,3.41,grams
FV0778A- Creamy pesto pasta [DKSE],REC-014155-4-005,"Green Beans -Roasted Green Beans w/Roasted Garlic less oil, less fat",SUB-032114-4-001,120,grams,"BLAST CHILLER, OVEN",,,,,,,,,,,,,,,,"FA-DE Green Beans, Fresh and Trimmed/Grüne Bohnen, frisch und geschnitten",PHF-00-139198-3,149.73,149.73,grams,,,0.75524,149.73,grams
FV0778A- Creamy pesto pasta [DKSE],REC-014155-4-005,"Green Beans -Roasted Green Beans w/Roasted Garlic less oil, less fat",SUB-032114-4-001,120,grams,"BLAST CHILLER, OVEN",,,,,,,,,,,,,,,,"FA-DE Oil, Olive /Öl, Olivenöl",PRO-00-139277-5,4,4,grams,,,0.75524,4,grams
FV1068A - Shredded Moroccan Chicken Thighs & Spiced Potatoes [BNL],REC-030395-4-003,Spice Roasted Potatoes 10mm Diced-Less Pepper,SUB-030305-4-001,80,grams,UNCATEGORIZED BOM,,,,,,,,,,,,,,,,"FA-DE Potatoes, Diced 10mm /Kartoffeln, gewürfelt, 10 mm",PHF-00-139219-3,104.23,104.23,grams,,,0.7217,104.23,grams
FV1068A - Shredded Moroccan Chicken Thighs & Spiced Potatoes [BNL],REC-030395-4-003,Spice Roasted Potatoes 10mm Diced-Less Pepper,SUB-030305-4-001,80,grams,UNCATEGORIZED BOM,,,,,,,,,,,,,,,,"FA-DE Oil, Olive /Öl, Olivenöl",PRO-00-139277-5,2.83,2.83,grams,,,0.7217,2.83,grams
FV1068A - Shredded Moroccan Chicken Thighs & Spiced Potatoes [BNL],REC-030395-4-003,Spice Roasted Potatoes 10mm Diced-Less Pepper,SUB-030305-4-001,80,grams,UNCATEGORIZED BOM,,,,,,,,,,,,,,,,"FA-DE Spice, Paprika /Gewürze, Paprika",SPI-00-139373-5,0.98,0.98,grams,,,0.7217,0.98,grams
FV1068A - Shredded Moroccan Chicken Thighs & Spiced Potatoes [BNL],REC-030395-4-003,Spice Roasted Potatoes 10mm Diced-Less Pepper,SUB-030305-4-001,80,grams,UNCATEGORIZED BOM,,,,,,,,,,,,,,,,"FA-DE Spice, Onion Granulated /Gewürze, Zwiebeln granuliert",SPI-00-139370-5,0.98,0.98,grams,,,0.7217,0.98,grams
FV1068A - Shredded Moroccan Chicken Thighs & Spiced Potatoes [BNL],REC-030395-4-003,Spice Roasted Potatoes 10mm Diced-Less Pepper,SUB-030305-4-001,80,grams,UNCATEGORIZED BOM,,,,,,,,,,,,,,,,"FA-DE Spice, Garlic Granulated /Gewürz, Knoblauch granuliert",SPI-00-139353-5,0.74,0.74,grams,,,0.7217,0.74,grams
FV1068A - Shredded Moroccan Chicken Thighs & Spiced Potatoes [BNL],REC-030395-4-003,Spice Roasted Potatoes 10mm Diced-Less Pepper,SUB-030305-4-001,80,grams,UNCATEGORIZED BOM,,,,,,,,,,,,,,,,"FA-DE Spice, Black Pepper, Ground /Gewürz, schwarzer Pfeffer, gemahlen",SPI-00-139334-5,0.26,0.26,grams,,,0.7217,0.26,grams
FV1068A - Shredded Moroccan Chicken Thighs & Spiced Potatoes [BNL],REC-030395-4-003,Spice Roasted Potatoes 10mm Diced-Less Pepper,SUB-030305-4-001,80,grams,UNCATEGORIZED BOM,,,,,,,,,,,,,,,,"FA-DE Spice, Cumin Ground /Gewürz, gemahlener Kreuzkümmel",SPI-00-139345-5,0.49,0.49,grams,,,0.7217,0.49,grams
FV1068A - Shredded Moroccan Chicken Thighs & Spiced Potatoes [BNL],REC-030395-4-003,Spice Roasted Potatoes 10mm Diced-Less Pepper,SUB-030305-4-001,80,grams,UNCATEGORIZED BOM,,,,,,,,,,,,,,,,"FA-DE Spice, Sea Salt /Gewürze, Meersalz",SPI-00-139378-5,0.34,0.34,grams,,,0.7217,0.34,grams
FV1068A - Shredded Moroccan Chicken Thighs & Spiced Potatoes [BNL],REC-030395-4-003,Shredded Moroccan  Chicken Thighs,SUB-030396-4-001,100,grams,UNCATEGORIZED BOM,Chicken Thighs - BRINED,SUB-013532-4-001,134.96,grams,UNCATEGORIZED BOM,,,,,,,,,,,"FA-DE Chicken, Thighs, Boneless Skinless /Hähnchen, Oberschenkel, ohne Knochen und ohne Haut",PTN-00-139343-3,134.96,134.96,grams,,,0.4978,134.96,grams
FV1068A - Shredded Moroccan Chicken Thighs & Spiced Potatoes [BNL],REC-030395-4-003,Shredded Moroccan  Chicken Thighs,SUB-030396-4-001,100,grams,UNCATEGORIZED BOM,Chicken Thighs - BRINED,SUB-013532-4-001,134.96,grams,UNCATEGORIZED BOM,,,,,,,,,,,FA-DE Water / Wasser,OTH-00-144038-5,134.96,134.96,grams,,,0.4978,134.96,grams
FV1068A - Shredded Moroccan Chicken Thighs & Spiced Potatoes [BNL],REC-030395-4-003,Shredded Moroccan  Chicken Thighs,SUB-030396-4-001,100,grams,UNCATEGORIZED BOM,Chicken Thighs - BRINED,SUB-013532-4-001,134.96,grams,UNCATEGORIZED BOM,,,,,,,,,,,"FA-DE Spice, Sea Salt /Gewürze, Meersalz",SPI-00-139378-5,1.19,1.19,grams,,,0.4978,1.19,grams
FV1068A - Shredded Moroccan Chicken Thighs & Spiced Potatoes [BNL],REC-030395-4-003,Shredded Moroccan  Chicken Thighs,SUB-030396-4-001,100,grams,UNCATEGORIZED BOM,Moroccan Chicken Marinade,SUB-030307-4-001,4.91,grams,IMMERSION BLENDER,,,,,,,,,,,"FA-DE Oil, Olive /Öl, Olivenöl",PRO-00-139277-5,1.68,1.68,grams,,,1.0,1.68,grams
FV1068A - Shredded Moroccan Chicken Thighs & Spiced Potatoes [BNL],REC-030395-4-003,Shredded Moroccan  Chicken Thighs,SUB-030396-4-001,100,grams,UNCATEGORIZED BOM,Moroccan Chicken Marinade,SUB-030307-4-001,4.91,grams,IMMERSION BLENDER,,,,,,,,,,,"FA-DE Yogurt, Greek, Plain /Joghurt, Griechisch, Natur",DAI-00-139161-3,1.68,1.68,grams,MILCH (EINSCHLIESSLICH LAKTOSE),,1.0,1.68,grams
FV1068A - Shredded Moroccan Chicken Thighs & Spiced Potatoes [BNL],REC-030395-4-003,Shredded Moroccan  Chicken Thighs,SUB-030396-4-001,100,grams,UNCATEGORIZED BOM,Moroccan Chicken Marinade,SUB-030307-4-001,4.91,grams,IMMERSION BLENDER,,,,,,,,,,,"FA-DE Spice, Smoked Paprika /Gewürz, geräucherter Paprika",SPI-00-139383-5,0.16,0.16,grams,,,1.0,0.16,grams
FV1068A - Shredded Moroccan Chicken Thighs & Spiced Potatoes [BNL],REC-030395-4-003,Shredded Moroccan  Chicken Thighs,SUB-030396-4-001,100,grams,UNCATEGORIZED BOM,Moroccan Chicken Marinade,SUB-030307-4-001,4.91,grams,IMMERSION BLENDER,,,,,,,,,,,"FA-DE Spice, Cumin Seed /Gewürz, Kreuzkümmel",SPI-00-139346-5,0.18,0.18,grams,,,1.0,0.18,grams
FV1068A - Shredded Moroccan Chicken Thighs & Spiced Potatoes [BNL],REC-030395-4-003,Shredded Moroccan  Chicken Thighs,SUB-030396-4-001,100,grams,UNCATEGORIZED BOM,Moroccan Chicken Marinade,SUB-030307-4-001,4.91,grams,IMMERSION BLENDER,,,,,,,,,,,"FA-DE Spice, Sea Salt /Gewürze, Meersalz",SPI-00-139378-5,0.1,0.1,grams,,,1.0,0.1,grams
FV1068A - Shredded Moroccan Chicken Thighs & Spiced Potatoes [BNL],REC-030395-4-003,Shredded Moroccan  Chicken Thighs,SUB-030396-4-001,100,grams,UNCATEGORIZED BOM,Moroccan Chicken Marinade,SUB-030307-4-001,4.91,grams,IMMERSION BLENDER,,,,,,,,,,,"FA-DE Spice, Onion Powder, Toasted /Gewürze, Zwiebelpulver, geröstet",SPI-00-139371-5,0.04,0.04,grams,,,1.0,0.04,grams
FV1068A - Shredded Moroccan Chicken Thighs & Spiced Potatoes [BNL],REC-030395-4-003,Shredded Moroccan  Chicken Thighs,SUB-030396-4-001,100,grams,UNCATEGORIZED BOM,Moroccan Chicken Marinade,SUB-030307-4-001,4.91,grams,IMMERSION BLENDER,,,,,,,,,,,"FA-DE Spice, Ginger Ground /Gewürze, gemahlener Ingwer",SPI-00-139355-5,0.02,0.02,grams,,,1.0,0.02,grams
FV1068A - Shredded Moroccan Chicken Thighs & Spiced Potatoes [BNL],REC-030395-4-003,Shredded Moroccan  Chicken Thighs,SUB-030396-4-001,100,grams,UNCATEGORIZED BOM,Moroccan Chicken Marinade,SUB-030307-4-001,4.91,grams,IMMERSION BLENDER,,,,,,,,,,,"FA-DE Spice, Harissa Powder /Gewürz, Harissa-Pulver",SPI-00-139323-5,0.18,0.18,grams,,,1.0,0.18,grams
FV1068A - Shredded Moroccan Chicken Thighs & Spiced Potatoes [BNL],REC-030395-4-003,Shredded Moroccan  Chicken Thighs,SUB-030396-4-001,100,grams,UNCATEGORIZED BOM,Moroccan Chicken Marinade,SUB-030307-4-001,4.91,grams,IMMERSION BLENDER,,,,,,,,,,,"FA-DE Spice, Turmeric /Gewürz, Kurkuma",SPI-00-139384-5,0.02,0.02,grams,,,1.0,0.02,grams
FV1068A - Shredded Moroccan Chicken Thighs & Spiced Potatoes [BNL],REC-030395-4-003,Shredded Moroccan  Chicken Thighs,SUB-030396-4-001,100,grams,UNCATEGORIZED BOM,Moroccan Chicken Marinade,SUB-030307-4-001,4.91,grams,IMMERSION BLENDER,,,,,,,,,,,"FA-DE Parsley, Chopped /Petersilie, gehackt",PHF-00-139215-3,0.42,0.42,grams,,,1.0,0.42,grams
FV1068A - Shredded Moroccan Chicken Thighs & Spiced Potatoes [BNL],REC-030395-4-003,Shredded Moroccan  Chicken Thighs,SUB-030396-4-001,100,grams,UNCATEGORIZED BOM,Moroccan Chicken Marinade,SUB-030307-4-001,4.91,grams,IMMERSION BLENDER,,,,,,,,,,,"FA-DE Coriander, Chopped /Koriander, gehackt",PHF-00-139192-3,0.42,0.42,grams,,,1.0,0.42,grams
FV1068A - Shredded Moroccan Chicken Thighs & Spiced Potatoes [BNL],REC-030395-4-003,Shredded Moroccan  Chicken Thighs,SUB-030396-4-001,100,grams,UNCATEGORIZED BOM,Moroccan Chicken Marinade,SUB-030307-4-001,4.91,grams,IMMERSION BLENDER,,,,,,,,,,,"FA-DE Zest, Lemon/Gewürz, Zitronenschale",PHF-00-139247-3,0.02,0.02,grams,,,1.0,0.02,grams
FV1068A - Shredded Moroccan Chicken Thighs & Spiced Potatoes [BNL],REC-030395-4-003,Moroccan  cherry tomato sauce,SUB-030308-4-001,60,grams,UNCATEGORIZED BOM,,,,,,,,,,,,,,,,"FA-DE Oil, Olive /Öl, Olivenöl",PRO-00-139277-5,2.48,2.48,grams,,,0.88001,2.48,grams
FV1068A - Shredded Moroccan Chicken Thighs & Spiced Potatoes [BNL],REC-030395-4-003,Moroccan  cherry tomato sauce,SUB-030308-4-001,60,grams,UNCATEGORIZED BOM,,,,,,,,,,,,,,,,"FA-DE Onion, Spanish, Diced 5mm /Zwiebel, Spanisch, gewürfelt 5 mm",PHF-00-139212-3,9.92,9.92,grams,,,0.88001,9.92,grams
FV1068A - Shredded Moroccan Chicken Thighs & Spiced Potatoes [BNL],REC-030395-4-003,Moroccan  cherry tomato sauce,SUB-030308-4-001,60,grams,UNCATEGORIZED BOM,,,,,,,,,,,,,,,,"FA-DE Garlic, IQF, Diced 4 mm /Knoblauch, IQF, gewürfelt 4 mm",PHF-00-139237-1,4.97,4.97,grams,SCHWEFELDIOXIDE UND SULFITE,,0.88001,4.97,grams
FV1068A - Shredded Moroccan Chicken Thighs & Spiced Potatoes [BNL],REC-030395-4-003,Moroccan  cherry tomato sauce,SUB-030308-4-001,60,grams,UNCATEGORIZED BOM,,,,,,,,,,,,,,,,"FA-DE Jalapeno Peppers, Diced 5mm /Jalapeno-Paprikaschoten, gewürfelt, 5 mm",PHF-00-139201-3,2.48,2.48,grams,,,0.88001,2.48,grams
FV1068A - Shredded Moroccan Chicken Thighs & Spiced Potatoes [BNL],REC-030395-4-003,Moroccan  cherry tomato sauce,SUB-030308-4-001,60,grams,UNCATEGORIZED BOM,,,,,,,,,,,,,,,,"FA-DE Spice, Turmeric /Gewürz, Kurkuma",SPI-00-139384-5,0.05,0.05,grams,,,0.88001,0.05,grams
FV1068A - Shredded Moroccan Chicken Thighs & Spiced Potatoes [BNL],REC-030395-4-003,Moroccan  cherry tomato sauce,SUB-030308-4-001,60,grams,UNCATEGORIZED BOM,,,,,,,,,,,,,,,,"FA-DE Spice, Cumin Ground /Gewürz, gemahlener Kreuzkümmel",SPI-00-139345-5,0.25,0.25,grams,,,0.88001,0.25,grams
FV1068A - Shredded Moroccan Chicken Thighs & Spiced Potatoes [BNL],REC-030395-4-003,Moroccan  cherry tomato sauce,SUB-030308-4-001,60,grams,UNCATEGORIZED BOM,,,,,,,,,,,,,,,,"FA-DE Spice, Smoked Paprika /Gewürz, geräucherter Paprika",SPI-00-139383-5,0.25,0.25,grams,,,0.88001,0.25,grams
FV1068A - Shredded Moroccan Chicken Thighs & Spiced Potatoes [BNL],REC-030395-4-003,Moroccan  cherry tomato sauce,SUB-030308-4-001,60,grams,UNCATEGORIZED BOM,,,,,,,,,,,,,,,,"FA-DE Spice, Harissa Powder /Gewürz, Harissa-Pulver",SPI-00-139323-5,0.5,0.5,grams,,,0.88001,0.5,grams
FV1068A - Shredded Moroccan Chicken Thighs & Spiced Potatoes [BNL],REC-030395-4-003,Moroccan  cherry tomato sauce,SUB-030308-4-001,60,grams,UNCATEGORIZED BOM,Concentrated Tomatoes- Diluted (90/10) (primo gusto/old california),SUB-013421-4-001,14.89,grams,"DEBOX, STAGING",,,,,,,,,,,"FA-DE Tomatoes, Concentrated Crushed /Tomaten, konzentriert, zerkleinert",PRO-00-139293-5,13.4,13.4,grams,,,1.0,13.4,grams
FV1068A - Shredded Moroccan Chicken Thighs & Spiced Potatoes [BNL],REC-030395-4-003,Moroccan  cherry tomato sauce,SUB-030308-4-001,60,grams,UNCATEGORIZED BOM,Concentrated Tomatoes- Diluted (90/10) (primo gusto/old california),SUB-013421-4-001,14.89,grams,"DEBOX, STAGING",,,,,,,,,,,FA-DE Water / Wasser,OTH-00-144038-5,1.5,1.5,grams,,,1.0,1.5,grams
FV1068A - Shredded Moroccan Chicken Thighs & Spiced Potatoes [BNL],REC-030395-4-003,Moroccan  cherry tomato sauce,SUB-030308-4-001,60,grams,UNCATEGORIZED BOM,,,,,,,,,,,,,,,,"FA-DE Tomatoes, Cherry/Tomaten, Kirsche",PHF-00-139190-3,9.92,9.92,grams,,,0.88001,9.92,grams
FV1068A - Shredded Moroccan Chicken Thighs & Spiced Potatoes [BNL],REC-030395-4-003,Moroccan  cherry tomato sauce,SUB-030308-4-001,60,grams,UNCATEGORIZED BOM,,,,,,,,,,,,,,,,FA-DE Water / Wasser,OTH-00-144038-5,20.85,20.85,grams,,,0.88001,20.85,grams
FV1068A - Shredded Moroccan Chicken Thighs & Spiced Potatoes [BNL],REC-030395-4-003,Moroccan  cherry tomato sauce,SUB-030308-4-001,60,grams,UNCATEGORIZED BOM,,,,,,,,,,,,,,,,"FA-DE Coriander, Chopped /Koriander, gehackt",PHF-00-139192-3,1.07,1.07,grams,,,0.88001,1.07,grams
FV1068A - Shredded Moroccan Chicken Thighs & Spiced Potatoes [BNL],REC-030395-4-003,Moroccan  cherry tomato sauce,SUB-030308-4-001,60,grams,UNCATEGORIZED BOM,,,,,,,,,,,,,,,,"FA-DE Spice, Sea Salt /Gewürze, Meersalz",SPI-00-139378-5,0.54,0.54,grams,,,0.88001,0.54,grams
FV1068A - Shredded Moroccan Chicken Thighs & Spiced Potatoes [BNL],REC-030395-4-003,Lebanese Green Beans Batch,SUB-030311-4-001,70,grams,UNCATEGORIZED BOM,,,,,,,,,,,,,,,,"FA-DE Oil, Olive /Öl, Olivenöl",PRO-00-139277-5,3.31,3.31,grams,,,0.88479,3.31,grams
FV1068A - Shredded Moroccan Chicken Thighs & Spiced Potatoes [BNL],REC-030395-4-003,Lebanese Green Beans Batch,SUB-030311-4-001,70,grams,UNCATEGORIZED BOM,,,,,,,,,,,,,,,,"FA-DE Onion, Red, Diced 5mm /Zwiebeln, rot, gewürfelt 5 mm",PHF-00-139213-3,6.63,6.63,grams,,,0.88479,6.63,grams
FV1068A - Shredded Moroccan Chicken Thighs & Spiced Potatoes [BNL],REC-030395-4-003,Lebanese Green Beans Batch,SUB-030311-4-001,70,grams,UNCATEGORIZED BOM,,,,,,,,,,,,,,,,"FA-DE Garlic, IQF, Diced 4 mm /Knoblauch, IQF, gewürfelt 4 mm",PHF-00-139237-1,3.31,3.31,grams,SCHWEFELDIOXIDE UND SULFITE,,0.88479,3.31,grams
FV1068A - Shredded Moroccan Chicken Thighs & Spiced Potatoes [BNL],REC-030395-4-003,Lebanese Green Beans Batch,SUB-030311-4-001,70,grams,UNCATEGORIZED BOM,,,,,,,,,,,,,,,,"FA-DE Tomatoes, Crushed /Tomaten, zerkleinert",PRO-00-139294-5,19.89,19.89,grams,,,0.88479,19.89,grams
FV1068A - Shredded Moroccan Chicken Thighs & Spiced Potatoes [BNL],REC-030395-4-003,Lebanese Green Beans Batch,SUB-030311-4-001,70,grams,UNCATEGORIZED BOM,,,,,,,,,,,,,,,,"FA-DE Spice, Cumin Ground /Gewürz, gemahlener Kreuzkümmel",SPI-00-139345-5,0.64,0.64,grams,,,0.88479,0.64,grams
FV1068A - Shredded Moroccan Chicken Thighs & Spiced Potatoes [BNL],REC-030395-4-003,Lebanese Green Beans Batch,SUB-030311-4-001,70,grams,UNCATEGORIZED BOM,,,,,,,,,,,,,,,,"FA-DE Spice, Cinnamon Ground /Gewürz, gemahlener Zimt",SPI-00-139341-5,0.15,0.15,grams,,,0.88479,0.15,grams
FV1068A - Shredded Moroccan Chicken Thighs & Spiced Potatoes [BNL],REC-030395-4-003,Lebanese Green Beans Batch,SUB-030311-4-001,70,grams,UNCATEGORIZED BOM,,,,,,,,,,,,,,,,"FA-DE Spice, Sea Salt /Gewürze, Meersalz",SPI-00-139378-5,0.32,0.32,grams,,,0.88479,0.32,grams
FV1068A - Shredded Moroccan Chicken Thighs & Spiced Potatoes [BNL],REC-030395-4-003,Lebanese Green Beans Batch,SUB-030311-4-001,70,grams,UNCATEGORIZED BOM,Steamed Green Beans,SUB-030310-4-001,44.87,grams,UNCATEGORIZED BOM,,,,,,,,,,,"FA-DE Green Beans, Fresh, Cut 40mm /Grüne Bohnen, frisch, geschnitten 40mm",PHF-00-139199-3,58.49,58.49,grams,,,0.75022,58.49,grams
FV1068A - Shredded Moroccan Chicken Thighs & Spiced Potatoes [BNL],REC-030395-4-003,Lebanese Green Beans Batch,SUB-030311-4-001,70,grams,UNCATEGORIZED BOM,Steamed Green Beans,SUB-030310-4-001,44.87,grams,UNCATEGORIZED BOM,,,,,,,,,,,"FA-DE Oil, Olive /Öl, Olivenöl",PRO-00-139277-5,1.17,1.17,grams,,,0.75022,1.17,grams
FV1068A - Shredded Moroccan Chicken Thighs & Spiced Potatoes [BNL],REC-030395-4-003,Lebanese Green Beans Batch,SUB-030311-4-001,70,grams,UNCATEGORIZED BOM,Steamed Green Beans,SUB-030310-4-001,44.87,grams,UNCATEGORIZED BOM,,,,,,,,,,,"FA-DE Spice, Sea Salt /Gewürze, Meersalz",SPI-00-139378-5,0.14,0.14,grams,,,0.75022,0.14,grams
FV1068A - Shredded Moroccan Chicken Thighs & Spiced Potatoes [BNL],REC-030395-4-003,Cumin Coriander Yogurt - CUPPED,SUB-030550-4-001,35,grams,"CUPPING, IMMERSION BLENDER",,,,,,,,,,,,,,,,"FA-DE Yogurt, Greek, Plain /Joghurt, Griechisch, Natur",DAI-00-139161-3,31.54,31.54,grams,MILCH (EINSCHLIESSLICH LAKTOSE),,0.98002,31.54,grams
FV1068A - Shredded Moroccan Chicken Thighs & Spiced Potatoes [BNL],REC-030395-4-003,Cumin Coriander Yogurt - CUPPED,SUB-030550-4-001,35,grams,"CUPPING, IMMERSION BLENDER",,,,,,,,,,,,,,,,"FA-DE Juice, Lime /Saft, Limette",PRO-00-139268-5,3.4,3.4,grams,,,0.98002,3.4,grams
FV1068A - Shredded Moroccan Chicken Thighs & Spiced Potatoes [BNL],REC-030395-4-003,Cumin Coriander Yogurt - CUPPED,SUB-030550-4-001,35,grams,"CUPPING, IMMERSION BLENDER",,,,,,,,,,,,,,,,"FA-DE Spice, Cumin Ground /Gewürz, gemahlener Kreuzkümmel",SPI-00-139345-5,0.53,0.53,grams,,,0.98002,0.53,grams
FV1068A - Shredded Moroccan Chicken Thighs & Spiced Potatoes [BNL],REC-030395-4-003,Cumin Coriander Yogurt - CUPPED,SUB-030550-4-001,35,grams,"CUPPING, IMMERSION BLENDER",,,,,,,,,,,,,,,,"FA-DE Spice, Coriander Ground /Gewürz, gemahlener Koriander",SPI-00-139386-5,0.22,0.22,grams,,,0.98002,0.22,grams
FV1068A - Shredded Moroccan Chicken Thighs & Spiced Potatoes [BNL],REC-030395-4-003,Cumin Coriander Yogurt - CUPPED,SUB-030550-4-001,35,grams,"CUPPING, IMMERSION BLENDER",,,,,,,,,,,,,,,,"FA-DE Spice, Sea Salt /Gewürze, Meersalz",SPI-00-139378-5,0.03,0.03,grams,,,0.98002,0.03,grams
FV1346A - Parmesan & Garlic Cream Shredded Beef [DE],REC-015144-4-003,Rosemary and Thyme Roasted Potato Wedges,SUB-015143-4-001,90,grams,"BLAST CHILLER, OVEN",,,,,,,,,,,,,,,,"FA-DE Potatoes, Skin On, wedges /Kartoffeln mit Schale, Keile",PHF-00-139226-3,118.38,118.38,grams,,,0.74069,118.38,grams
FV1346A - Parmesan & Garlic Cream Shredded Beef [DE],REC-015144-4-003,Rosemary and Thyme Roasted Potato Wedges,SUB-015143-4-001,90,grams,"BLAST CHILLER, OVEN",,,,,,,,,,,,,,,,"FA-DE Oil, Olive /Öl, Olivenöl",PRO-00-139277-5,1.48,1.48,grams,,,0.74069,1.48,grams
FV1346A - Parmesan & Garlic Cream Shredded Beef [DE],REC-015144-4-003,Rosemary and Thyme Roasted Potato Wedges,SUB-015143-4-001,90,grams,"BLAST CHILLER, OVEN",,,,,,,,,,,,,,,,"FA-DE Spice, Black Pepper, Ground /Gewürz, schwarzer Pfeffer, gemahlen",SPI-00-139334-5,0.28,0.28,grams,,,0.74069,0.28,grams
FV1346A - Parmesan & Garlic Cream Shredded Beef [DE],REC-015144-4-003,Rosemary and Thyme Roasted Potato Wedges,SUB-015143-4-001,90,grams,"BLAST CHILLER, OVEN",,,,,,,,,,,,,,,,"FA-DE Spice, Garlic Granulated /Gewürz, Knoblauch granuliert",SPI-00-139353-5,0.44,0.44,grams,,,0.74069,0.44,grams
FV1346A - Parmesan & Garlic Cream Shredded Beef [DE],REC-015144-4-003,Rosemary and Thyme Roasted Potato Wedges,SUB-015143-4-001,90,grams,"BLAST CHILLER, OVEN",,,,,,,,,,,,,,,,"FA-DE Spice, Onion Powder, Toasted /Gewürze, Zwiebelpulver, geröstet",SPI-00-139371-5,0.44,0.44,grams,,,0.74069,0.44,grams
FV1346A - Parmesan & Garlic Cream Shredded Beef [DE],REC-015144-4-003,Rosemary and Thyme Roasted Potato Wedges,SUB-015143-4-001,90,grams,"BLAST CHILLER, OVEN",,,,,,,,,,,,,,,,"FA-DE Spice, Sea Salt /Gewürze, Meersalz",SPI-00-139378-5,0.2,0.2,grams,,,0.74069,0.2,grams
FV1346A - Parmesan & Garlic Cream Shredded Beef [DE],REC-015144-4-003,Rosemary and Thyme Roasted Potato Wedges,SUB-015143-4-001,90,grams,"BLAST CHILLER, OVEN",,,,,,,,,,,,,,,,"FA-DE Thyme, IQF /Thymian, IQF",PHF-00-139244-1,0.15,0.15,grams,,,0.74069,0.15,grams
FV1346A - Parmesan & Garlic Cream Shredded Beef [DE],REC-015144-4-003,Rosemary and Thyme Roasted Potato Wedges,SUB-015143-4-001,90,grams,"BLAST CHILLER, OVEN",,,,,,,,,,,,,,,,"FA-DE Rosemary, IQF /Rosmarin, IQF",PHF-00-139243-1,0.15,0.15,grams,,,0.74069,0.15,grams
FV1346A - Parmesan & Garlic Cream Shredded Beef [DE],REC-015144-4-003,Mixed veg - Roasted Peppers & Onions,SUB-026055-4-001,40,grams,"BLAST CHILLER, OVEN",,,,,,,,,,,,,,,,"FA-DE Bell Peppers, Red, Sliced 10mm /Paprika, rot, in Scheiben geschnitten, 10 mm",PHF-00-139183-3,53.33,53.33,grams,,,0.53,53.33,grams
FV1346A - Parmesan & Garlic Cream Shredded Beef [DE],REC-015144-4-003,Mixed veg - Roasted Peppers & Onions,SUB-026055-4-001,40,grams,"BLAST CHILLER, OVEN",,,,,,,,,,,,,,,,"FA-DE Onion, Spanish, Sliced 5mm /Zwiebel, spanisch, in Scheiben geschnitten, 5 mm",PHF-00-139211-3,19.05,19.05,grams,,,0.53,19.05,grams
FV1346A - Parmesan & Garlic Cream Shredded Beef [DE],REC-015144-4-003,Mixed veg - Roasted Peppers & Onions,SUB-026055-4-001,40,grams,"BLAST CHILLER, OVEN",,,,,,,,,,,,,,,,"FA-DE Oil, Olive /Öl, Olivenöl",PRO-00-139277-5,2.87,2.87,grams,,,0.53,2.87,grams
FV1346A - Parmesan & Garlic Cream Shredded Beef [DE],REC-015144-4-003,Mixed veg - Roasted Peppers & Onions,SUB-026055-4-001,40,grams,"BLAST CHILLER, OVEN",,,,,,,,,,,,,,,,"FA-DE Spice, Sea Salt /Gewürze, Meersalz",SPI-00-139378-5,0.12,0.12,grams,,,0.53,0.12,grams
FV1346A - Parmesan & Garlic Cream Shredded Beef [DE],REC-015144-4-003,Mixed veg - Roasted Peppers & Onions,SUB-026055-4-001,40,grams,"BLAST CHILLER, OVEN",,,,,,,,,,,,,,,,"FA-DE Spice, Black Pepper, Ground /Gewürz, schwarzer Pfeffer, gemahlen",SPI-00-139334-5,0.12,0.12,grams,,,0.53,0.12,grams
FV1346A - Parmesan & Garlic Cream Shredded Beef [DE],REC-015144-4-003,Shredded Sous Vide Beef,SUB-013599-4-001,110,grams,"COLD SHREDDER, HAND MIX",,,,,,,,,,,,,,,,"FA-DE Beef, Pulled, Sous Vide/Rindfleisch, Pulled, Sous Vide",PTN-00-139315-3,112.25,112.25,grams,,,0.97997,112.25,grams
FV1346A - Parmesan & Garlic Cream Shredded Beef [DE],REC-015144-4-003,Toasted garlic cream,SUB-015142-4-001,70,grams,"BLAST CHILLER, BRAISER, SPICE PORTIONING",,,,,,,,,,,,,,,,FA-DE Heavy Cream 20% /Sahne 20%,DAI-00-139137-3,10.51,10.51,grams,MILCH (EINSCHLIESSLICH LAKTOSE),,0.81865,10.51,grams
FV1346A - Parmesan & Garlic Cream Shredded Beef [DE],REC-015144-4-003,Toasted garlic cream,SUB-015142-4-001,70,grams,"BLAST CHILLER, BRAISER, SPICE PORTIONING",,,,,,,,,,,,,,,,"FA-DE Milk, Whole /Milch, voll",DAI-00-139142-3,29.75,29.75,grams,MILCH (EINSCHLIESSLICH LAKTOSE),,0.81865,29.75,grams
FV1346A - Parmesan & Garlic Cream Shredded Beef [DE],REC-015144-4-003,Toasted garlic cream,SUB-015142-4-001,70,grams,"BLAST CHILLER, BRAISER, SPICE PORTIONING",,,,,,,,,,,,,,,,"FA-DE Cheese, Cream, 13% Fat (Milk) /Käse, Sahne, 13% Fett",DAI-00-139122-3,24.51,24.51,grams,MILCH (EINSCHLIESSLICH LAKTOSE),,0.81865,24.51,grams
FV1346A - Parmesan & Garlic Cream Shredded Beef [DE],REC-015144-4-003,Toasted garlic cream,SUB-015142-4-001,70,grams,"BLAST CHILLER, BRAISER, SPICE PORTIONING",,,,,,,,,,,,,,,,"FA-DE Stock, Chicken, Reduced/Brühe, Huhn, Reduziert",PRO-00-139288-5,2.8,2.8,grams,,,0.81865,2.8,grams
FV1346A - Parmesan & Garlic Cream Shredded Beef [DE],REC-015144-4-003,Toasted garlic cream,SUB-015142-4-001,70,grams,"BLAST CHILLER, BRAISER, SPICE PORTIONING",,,,,,,,,,,,,,,,"FA-DE Spice, Black Pepper, Ground /Gewürz, schwarzer Pfeffer, gemahlen",SPI-00-139334-5,0.12,0.12,grams,,,0.81865,0.12,grams
FV1346A - Parmesan & Garlic Cream Shredded Beef [DE],REC-015144-4-003,Toasted garlic cream,SUB-015142-4-001,70,grams,"BLAST CHILLER, BRAISER, SPICE PORTIONING",,,,,,,,,,,,,,,,"FA-DE Chives, Dried /Schnittlauch, getrocknet",SPI-00-139322-5,0.7,0.7,grams,,,0.81865,0.7,grams
FV1346A - Parmesan & Garlic Cream Shredded Beef [DE],REC-015144-4-003,Toasted garlic cream,SUB-015142-4-001,70,grams,"BLAST CHILLER, BRAISER, SPICE PORTIONING",,,,,,,,,,,,,,,,"FA-DE Spice, Onion Powder, Toasted /Gewürze, Zwiebelpulver, geröstet",SPI-00-139371-5,0.7,0.7,grams,,,0.81865,0.7,grams
FV1346A - Parmesan & Garlic Cream Shredded Beef [DE],REC-015144-4-003,Toasted garlic cream,SUB-015142-4-001,70,grams,"BLAST CHILLER, BRAISER, SPICE PORTIONING",,,,,,,,,,,,,,,,"FA-DE Spice, Garlic Powder, Toasted /Gewürz, Knoblauchpulver, geröstet",SPI-00-139354-5,1.05,1.05,grams,,,0.81865,1.05,grams
FV1346A - Parmesan & Garlic Cream Shredded Beef [DE],REC-015144-4-003,Toasted garlic cream,SUB-015142-4-001,70,grams,"BLAST CHILLER, BRAISER, SPICE PORTIONING",,,,,,,,,,,,,,,,"FA-DE Spice, Minced Garlic, Toasted, Dry /Gewürz, gehackter Knoblauch, geröstet, trocken",SPI-00-139367-5,1.05,1.05,grams,,,0.81865,1.05,grams
FV1346A - Parmesan & Garlic Cream Shredded Beef [DE],REC-015144-4-003,Toasted garlic cream,SUB-015142-4-001,70,grams,"BLAST CHILLER, BRAISER, SPICE PORTIONING",,,,,,,,,,,,,,,,"FA-DE Spice, Sea Salt /Gewürze, Meersalz",SPI-00-139378-5,0.31,0.31,grams,,,0.81865,0.31,grams
FV1346A - Parmesan & Garlic Cream Shredded Beef [DE],REC-015144-4-003,Toasted garlic cream,SUB-015142-4-001,70,grams,"BLAST CHILLER, BRAISER, SPICE PORTIONING",,,,,,,,,,,,,,,,"FA-DE Cheese, Parmesan, Grated /Käse, Parmesan, gerieben",DAI-00-139127-3,14,14,grams,MILCH (EINSCHLIESSLICH LAKTOSE),,0.81865,14,grams
FV1346A - Parmesan & Garlic Cream Shredded Beef [DE],REC-015144-4-003,Roasted Broccoli - Alliums,SUB-014233-4-001,90,grams,"HAND MIX, SPICE PORTIONING",,,,,,,,,,,,,,,,"FA-DE Spice, Sea Salt /Gewürze, Meersalz",SPI-00-139378-5,0.48,0.48,grams,,,0.74429,0.48,grams
FV1346A - Parmesan & Garlic Cream Shredded Beef [DE],REC-015144-4-003,Roasted Broccoli - Alliums,SUB-014233-4-001,90,grams,"HAND MIX, SPICE PORTIONING",,,,,,,,,,,,,,,,"FA-DE Broccoli, Florets, /Brokkoli, Röschen",PHF-00-143425-3,111.9,111.9,grams,,,0.74429,111.9,grams
FV1346A - Parmesan & Garlic Cream Shredded Beef [DE],REC-015144-4-003,Roasted Broccoli - Alliums,SUB-014233-4-001,90,grams,"HAND MIX, SPICE PORTIONING",,,,,,,,,,,,,,,,"FA-DE Spice, Onion Powder, Toasted /Gewürze, Zwiebelpulver, geröstet",SPI-00-139371-5,0.6,0.6,grams,,,0.74429,0.6,grams
FV1346A - Parmesan & Garlic Cream Shredded Beef [DE],REC-015144-4-003,Roasted Broccoli - Alliums,SUB-014233-4-001,90,grams,"HAND MIX, SPICE PORTIONING",,,,,,,,,,,,,,,,"FA-DE Oil, Olive /Öl, Olivenöl",PRO-00-139277-5,7.94,7.94,grams,,,0.74429,7.94,grams
FV1346A - Parmesan & Garlic Cream Shredded Beef [DE],REC-015144-4-003,Herb-Parmesan Butter (best),SUB-014168-4-001,10,grams,"BLAST CHILLER, PLANETARY MIXER, SCOOPER (BUTTER)",Spice Pack Herb-Parmesan Butter (best),SUB-014167-4-001,2.01,grams,HAND MIX,,,,,,,,,,,"FA-DE Spice, Sea Salt /Gewürze, Meersalz",SPI-00-139378-5,0.08,0.08,grams,,,1.00385,0.08,grams
FV1346A - Parmesan & Garlic Cream Shredded Beef [DE],REC-015144-4-003,Herb-Parmesan Butter (best),SUB-014168-4-001,10,grams,"BLAST CHILLER, PLANETARY MIXER, SCOOPER (BUTTER)",Spice Pack Herb-Parmesan Butter (best),SUB-014167-4-001,2.01,grams,HAND MIX,,,,,,,,,,,"FA-DE Chives, Dried /Schnittlauch, getrocknet",SPI-00-139322-5,0.06,0.06,grams,,,1.00385,0.06,grams
FV1346A - Parmesan & Garlic Cream Shredded Beef [DE],REC-015144-4-003,Herb-Parmesan Butter (best),SUB-014168-4-001,10,grams,"BLAST CHILLER, PLANETARY MIXER, SCOOPER (BUTTER)",Spice Pack Herb-Parmesan Butter (best),SUB-014167-4-001,2.01,grams,HAND MIX,,,,,,,,,,,"FA-DE Cheese, Parmesan, Grated /Käse, Parmesan, gerieben",DAI-00-139127-3,1.72,1.72,grams,MILCH (EINSCHLIESSLICH LAKTOSE),,1.00385,1.72,grams
FV1346A - Parmesan & Garlic Cream Shredded Beef [DE],REC-015144-4-003,Herb-Parmesan Butter (best),SUB-014168-4-001,10,grams,"BLAST CHILLER, PLANETARY MIXER, SCOOPER (BUTTER)",Spice Pack Herb-Parmesan Butter (best),SUB-014167-4-001,2.01,grams,HAND MIX,,,,,,,,,,,"FA-DE Spice, Black Pepper, Ground /Gewürz, schwarzer Pfeffer, gemahlen",SPI-00-139334-5,0.08,0.08,grams,,,1.00385,0.08,grams
FV1346A - Parmesan & Garlic Cream Shredded Beef [DE],REC-015144-4-003,Herb-Parmesan Butter (best),SUB-014168-4-001,10,grams,"BLAST CHILLER, PLANETARY MIXER, SCOOPER (BUTTER)",Spice Pack Herb-Parmesan Butter (best),SUB-014167-4-001,2.01,grams,HAND MIX,,,,,,,,,,,"FA-DE Spice, Parsley Dried /Gewürze, getrocknete Petersilie",SPI-00-139374-5,0.06,0.06,grams,,,1.00385,0.06,grams
FV1346A - Parmesan & Garlic Cream Shredded Beef [DE],REC-015144-4-003,Herb-Parmesan Butter (best),SUB-014168-4-001,10,grams,"BLAST CHILLER, PLANETARY MIXER, SCOOPER (BUTTER)",,,,,,,,,,,,,,,,"FA-DE Butter, Unsalted /Butter, ungesalzen",DAI-00-139146-3,7.99,7.99,grams,MILCH (EINSCHLIESSLICH LAKTOSE),,1.0,7.99,grams
FV1646A Lemon Garlic Shrimp & Spanakorizo [DKSE],REC-030366-4-003,Spanakopita Rice,SUB-031599-4-001,105,grams,UNCATEGORIZED BOM,Brown Basmati Rice Cooked -NO SALT,SUB-030343-4-001,61.76,grams,UNCATEGORIZED BOM,,,,,,,,,,,"FA-DE Rice, Basmati, Brown /Reis, Basmati, braun",DRY-00-139168-5,24.16,24.16,grams,,,1.02346,24.16,grams
FV1646A Lemon Garlic Shrimp & Spanakorizo [DKSE],REC-030366-4-003,Spanakopita Rice,SUB-031599-4-001,105,grams,UNCATEGORIZED BOM,Brown Basmati Rice Cooked -NO SALT,SUB-030343-4-001,61.76,grams,UNCATEGORIZED BOM,,,,,,,,,,,FA-DE Water / Wasser,OTH-00-144038-5,36.19,36.19,grams,,,1.02346,36.19,grams
FV1646A Lemon Garlic Shrimp & Spanakorizo [DKSE],REC-030366-4-003,Spanakopita Rice,SUB-031599-4-001,105,grams,UNCATEGORIZED BOM,Spanakopita Rice Inclusion,SUB-030344-4-001,43.24,grams,"BLAST CHILLER, BRAISER, SPICE PORTIONING",,,,,,,,,,,"FA-DE Oil, Olive /Öl, Olivenöl",PRO-00-139277-5,3.86,3.86,grams,,,0.93327,3.86,grams
FV1646A Lemon Garlic Shrimp & Spanakorizo [DKSE],REC-030366-4-003,Spanakopita Rice,SUB-031599-4-001,105,grams,UNCATEGORIZED BOM,Spanakopita Rice Inclusion,SUB-030344-4-001,43.24,grams,"BLAST CHILLER, BRAISER, SPICE PORTIONING",,,,,,,,,,,"FA-DE Onion, Spanish, Diced 10mm /Zwiebel, Spanisch, gewürfelt 10 mm",PHF-00-139209-3,10.1,10.1,grams,,,0.93327,10.1,grams
FV1646A Lemon Garlic Shrimp & Spanakorizo [DKSE],REC-030366-4-003,Spanakopita Rice,SUB-031599-4-001,105,grams,UNCATEGORIZED BOM,Spanakopita Rice Inclusion,SUB-030344-4-001,43.24,grams,"BLAST CHILLER, BRAISER, SPICE PORTIONING",,,,,,,,,,,"FA-DE Garlic, IQF, Diced 4 mm /Knoblauch, IQF, gewürfelt 4 mm",PHF-00-139237-1,5.05,5.05,grams,SCHWEFELDIOXIDE UND SULFITE,,0.93327,5.05,grams
FV1646A Lemon Garlic Shrimp & Spanakorizo [DKSE],REC-030366-4-003,Spanakopita Rice,SUB-031599-4-001,105,grams,UNCATEGORIZED BOM,Spanakopita Rice Inclusion,SUB-030344-4-001,43.24,grams,"BLAST CHILLER, BRAISER, SPICE PORTIONING",,,,,,,,,,,"FA-DE Spice, Sea Salt /Gewürze, Meersalz",SPI-00-139378-5,0.22,0.22,grams,,,0.93327,0.22,grams
FV1646A Lemon Garlic Shrimp & Spanakorizo [DKSE],REC-030366-4-003,Spanakopita Rice,SUB-031599-4-001,105,grams,UNCATEGORIZED BOM,Spanakopita Rice Inclusion,SUB-030344-4-001,43.24,grams,"BLAST CHILLER, BRAISER, SPICE PORTIONING",,,,,,,,,,,"FA-DE Spice, Dill Dried /Gewürz, Dill getrocknet",SPI-00-139349-5,0.1,0.1,grams,,,0.93327,0.1,grams
FV1646A Lemon Garlic Shrimp & Spanakorizo [DKSE],REC-030366-4-003,Spanakopita Rice,SUB-031599-4-001,105,grams,UNCATEGORIZED BOM,Spanakopita Rice Inclusion,SUB-030344-4-001,43.24,grams,"BLAST CHILLER, BRAISER, SPICE PORTIONING",,,,,,,,,,,"FA-DE Spice, Oregano Dry /Gewürz, Oregano trocken",SPI-00-139372-5,0.05,0.05,grams,,,0.93327,0.05,grams
FV1646A Lemon Garlic Shrimp & Spanakorizo [DKSE],REC-030366-4-003,Spanakopita Rice,SUB-031599-4-001,105,grams,UNCATEGORIZED BOM,Spanakopita Rice Inclusion,SUB-030344-4-001,43.24,grams,"BLAST CHILLER, BRAISER, SPICE PORTIONING",Thawed & Squeezed Frozen Spinach,SUB-013405-4-001,16.83,grams,"BLAST CHILLER, HAND MIX, OVEN",,,,,,"FA-DE Spinach, Frozen Leaf/Spinat, gefrorener Blattspinat",PHF-00-139242-1,27.98,27.98,grams,,,0.60173,27.98,grams
FV1646A Lemon Garlic Shrimp & Spanakorizo [DKSE],REC-030366-4-003,Spanakopita Rice,SUB-031599-4-001,105,grams,UNCATEGORIZED BOM,Spanakopita Rice Inclusion,SUB-030344-4-001,43.24,grams,"BLAST CHILLER, BRAISER, SPICE PORTIONING",,,,,,,,,,,"FA-DE Cheese, Feta /Käse, Feta",DAI-00-144309-3,10.1,10.1,grams,MILCH (EINSCHLIESSLICH LAKTOSE),,0.93327,10.1,grams
FV1646A Lemon Garlic Shrimp & Spanakorizo [DKSE],REC-030366-4-003,Tuscan Shrimp Batch 2,SUB-030357-4-001,95,grams,"BLAST CHILLER, MARINADE, OVEN, THAW",Frozen Shrimp - Thawed,SUB-029188-4-001,146.76,grams,"BLAST CHILLER, MARINADE, OVEN, THAW",,,,,,,,,,,FA-DE Prawns 21/25 /Garnelen 21/25 - IQF,PTN-00-139321-1,183.46,183.46,grams,KREBSTIERE,,0.29194,183.46,grams
FV1646A Lemon Garlic Shrimp & Spanakorizo [DKSE],REC-030366-4-003,Tuscan Shrimp Batch 2,SUB-030357-4-001,95,grams,"BLAST CHILLER, MARINADE, OVEN, THAW",Frozen Shrimp - Thawed,SUB-029188-4-001,146.76,grams,"BLAST CHILLER, MARINADE, OVEN, THAW",,,,,,,,,,,FA-DE Water / Wasser,OTH-00-144038-5,275.2,275.2,grams,,,0.29194,275.2,grams
FV1646A Lemon Garlic Shrimp & Spanakorizo [DKSE],REC-030366-4-003,Tuscan Shrimp Batch 2,SUB-030357-4-001,95,grams,"BLAST CHILLER, MARINADE, OVEN, THAW",Frozen Shrimp - Thawed,SUB-029188-4-001,146.76,grams,"BLAST CHILLER, MARINADE, OVEN, THAW",,,,,,,,,,,FA-DE Water / Wasser,OTH-00-144038-5,44.03,44.03,grams,,,0.29194,44.03,grams
FV1646A Lemon Garlic Shrimp & Spanakorizo [DKSE],REC-030366-4-003,Tuscan Shrimp Batch 2,SUB-030357-4-001,95,grams,"BLAST CHILLER, MARINADE, OVEN, THAW",Tuscan Marinade,SUB-031711-4-001,11.57,grams,IMMERSION BLENDER,,,,,,,,,,,"FA-DE Oil, Olive /Öl, Olivenöl",PRO-00-139277-5,8.17,8.17,grams,,,0.96256,8.17,grams
FV1646A Lemon Garlic Shrimp & Spanakorizo [DKSE],REC-030366-4-003,Tuscan Shrimp Batch 2,SUB-030357-4-001,95,grams,"BLAST CHILLER, MARINADE, OVEN, THAW",Tuscan Marinade,SUB-031711-4-001,11.57,grams,IMMERSION BLENDER,,,,,,,,,,,"FA-DE Garlic, IQF, Diced 4 mm /Knoblauch, IQF, gewürfelt 4 mm",PHF-00-139237-1,2.17,2.17,grams,SCHWEFELDIOXIDE UND SULFITE,,0.96256,2.17,grams
FV1646A Lemon Garlic Shrimp & Spanakorizo [DKSE],REC-030366-4-003,Tuscan Shrimp Batch 2,SUB-030357-4-001,95,grams,"BLAST CHILLER, MARINADE, OVEN, THAW",Tuscan Marinade,SUB-031711-4-001,11.57,grams,IMMERSION BLENDER,,,,,,,,,,,"FA-DE Spice, Black Pepper, Ground /Gewürz, schwarzer Pfeffer, gemahlen",SPI-00-139334-5,0.18,0.18,grams,,,0.96256,0.18,grams
FV1646A Lemon Garlic Shrimp & Spanakorizo [DKSE],REC-030366-4-003,Tuscan Shrimp Batch 2,SUB-030357-4-001,95,grams,"BLAST CHILLER, MARINADE, OVEN, THAW",Tuscan Marinade,SUB-031711-4-001,11.57,grams,IMMERSION BLENDER,Tuscan Spice,SUB-013784-4-001,1.28,grams,"HAND MIX, SPICE PORTIONING",,,,,,"FA-DE Spice, Fennel Ground /Gewürz, Fenchel gemahlen",SPI-00-139351-5,0.11,0.11,grams,,,0.98006,0.11,grams
FV1646A Lemon Garlic Shrimp & Spanakorizo [DKSE],REC-030366-4-003,Tuscan Shrimp Batch 2,SUB-030357-4-001,95,grams,"BLAST CHILLER, MARINADE, OVEN, THAW",Tuscan Marinade,SUB-031711-4-001,11.57,grams,IMMERSION BLENDER,Tuscan Spice,SUB-013784-4-001,1.28,grams,"HAND MIX, SPICE PORTIONING",,,,,,"FA-DE Spice, Basil, Dried /Gewürz, Basilikum, getrocknet",SPI-00-139331-5,0.34,0.34,grams,,,0.98006,0.34,grams
FV1646A Lemon Garlic Shrimp & Spanakorizo [DKSE],REC-030366-4-003,Tuscan Shrimp Batch 2,SUB-030357-4-001,95,grams,"BLAST CHILLER, MARINADE, OVEN, THAW",Tuscan Marinade,SUB-031711-4-001,11.57,grams,IMMERSION BLENDER,Tuscan Spice,SUB-013784-4-001,1.28,grams,"HAND MIX, SPICE PORTIONING",,,,,,"FA-DE Spice, Cayenne Pepper /Gewürz, Cayennepfeffer",SPI-00-139339-5,0.06,0.06,grams,,,0.98006,0.06,grams
FV1646A Lemon Garlic Shrimp & Spanakorizo [DKSE],REC-030366-4-003,Tuscan Shrimp Batch 2,SUB-030357-4-001,95,grams,"BLAST CHILLER, MARINADE, OVEN, THAW",Tuscan Marinade,SUB-031711-4-001,11.57,grams,IMMERSION BLENDER,Tuscan Spice,SUB-013784-4-001,1.28,grams,"HAND MIX, SPICE PORTIONING",,,,,,"FA-DE Spice, Oregano Dry /Gewürz, Oregano trocken",SPI-00-139372-5,0.23,0.23,grams,,,0.98006,0.23,grams
FV1646A Lemon Garlic Shrimp & Spanakorizo [DKSE],REC-030366-4-003,Tuscan Shrimp Batch 2,SUB-030357-4-001,95,grams,"BLAST CHILLER, MARINADE, OVEN, THAW",Tuscan Marinade,SUB-031711-4-001,11.57,grams,IMMERSION BLENDER,Tuscan Spice,SUB-013784-4-001,1.28,grams,"HAND MIX, SPICE PORTIONING",,,,,,"FA-DE Spice, Rosemary, Powder /Gewürz, Rosmarin, Pulver",SPI-00-139376-5,0.23,0.23,grams,,,0.98006,0.23,grams
FV1646A Lemon Garlic Shrimp & Spanakorizo [DKSE],REC-030366-4-003,Tuscan Shrimp Batch 2,SUB-030357-4-001,95,grams,"BLAST CHILLER, MARINADE, OVEN, THAW",Tuscan Marinade,SUB-031711-4-001,11.57,grams,IMMERSION BLENDER,Tuscan Spice,SUB-013784-4-001,1.28,grams,"HAND MIX, SPICE PORTIONING",,,,,,"FA-DE Spice, Garlic Granulated /Gewürz, Knoblauch granuliert",SPI-00-139353-5,0.34,0.34,grams,,,0.98006,0.34,grams
FV1646A Lemon Garlic Shrimp & Spanakorizo [DKSE],REC-030366-4-003,Tuscan Shrimp Batch 2,SUB-030357-4-001,95,grams,"BLAST CHILLER, MARINADE, OVEN, THAW",Tuscan Marinade,SUB-031711-4-001,11.57,grams,IMMERSION BLENDER,,,,,,,,,,,"FA-DE Spice, Sea Salt /Gewürze, Meersalz",SPI-00-139378-5,0.22,0.22,grams,,,0.96256,0.22,grams
FV1646A Lemon Garlic Shrimp & Spanakorizo [DKSE],REC-030366-4-003,Lemon Garlic Cream Sauce,SUB-030358-4-001,43,grams,"BLAST CHILLER, BRAISER, IMMERSION BLENDER, SPICE PORTIONING",,,,,,,,,,,,,,,,"FA-DE Oil, Olive /Öl, Olivenöl",PRO-00-139277-5,1.14,1.14,grams,,,0.8878,1.14,grams
FV1646A Lemon Garlic Shrimp & Spanakorizo [DKSE],REC-030366-4-003,Lemon Garlic Cream Sauce,SUB-030358-4-001,43,grams,"BLAST CHILLER, BRAISER, IMMERSION BLENDER, SPICE PORTIONING",,,,,,,,,,,,,,,,"FA-DE Garlic, IQF, Diced 4 mm /Knoblauch, IQF, gewürfelt 4 mm",PHF-00-139237-1,1.17,1.17,grams,SCHWEFELDIOXIDE UND SULFITE,,0.8878,1.17,grams
FV1646A Lemon Garlic Shrimp & Spanakorizo [DKSE],REC-030366-4-003,Lemon Garlic Cream Sauce,SUB-030358-4-001,43,grams,"BLAST CHILLER, BRAISER, IMMERSION BLENDER, SPICE PORTIONING",,,,,,,,,,,,,,,,"FA-DE Milk, Semi-Skimmed /Milch, teilentrahmt",DAI-00-139139-3,11.77,11.77,grams,MILCH (EINSCHLIESSLICH LAKTOSE),,0.8878,11.77,grams
FV1646A Lemon Garlic Shrimp & Spanakorizo [DKSE],REC-030366-4-003,Lemon Garlic Cream Sauce,SUB-030358-4-001,43,grams,"BLAST CHILLER, BRAISER, IMMERSION BLENDER, SPICE PORTIONING",,,,,,,,,,,,,,,,"FA-DE Juice, Lemon /Saft, Zitrone",PRO-00-139265-5,9.18,9.18,grams,,,0.8878,9.18,grams
FV1646A Lemon Garlic Shrimp & Spanakorizo [DKSE],REC-030366-4-003,Lemon Garlic Cream Sauce,SUB-030358-4-001,43,grams,"BLAST CHILLER, BRAISER, IMMERSION BLENDER, SPICE PORTIONING",,,,,,,,,,,,,,,,"FA-DE Cheese, Parmesan, Grated /Käse, Parmesan, gerieben",DAI-00-139127-3,8.63,8.63,grams,MILCH (EINSCHLIESSLICH LAKTOSE),,0.8878,8.63,grams
FV1646A Lemon Garlic Shrimp & Spanakorizo [DKSE],REC-030366-4-003,Lemon Garlic Cream Sauce,SUB-030358-4-001,43,grams,"BLAST CHILLER, BRAISER, IMMERSION BLENDER, SPICE PORTIONING",,,,,,,,,,,,,,,,"FA-DE Spice, Sea Salt /Gewürze, Meersalz",SPI-00-139378-5,0.07,0.07,grams,,,0.8878,0.07,grams
FV1646A Lemon Garlic Shrimp & Spanakorizo [DKSE],REC-030366-4-003,Lemon Garlic Cream Sauce,SUB-030358-4-001,43,grams,"BLAST CHILLER, BRAISER, IMMERSION BLENDER, SPICE PORTIONING",,,,,,,,,,,,,,,,"FA-DE Parsley, Chopped /Petersilie, gehackt",PHF-00-139215-3,1.39,1.39,grams,,,0.8878,1.39,grams
FV1646A Lemon Garlic Shrimp & Spanakorizo [DKSE],REC-030366-4-003,Lemon Garlic Cream Sauce,SUB-030358-4-001,43,grams,"BLAST CHILLER, BRAISER, IMMERSION BLENDER, SPICE PORTIONING",,,,,,,,,,,,,,,,"FA-DE Spice, Garlic Granulated /Gewürz, Knoblauch granuliert",SPI-00-139353-5,0.28,0.28,grams,,,0.8878,0.28,grams
FV1646A Lemon Garlic Shrimp & Spanakorizo [DKSE],REC-030366-4-003,Lemon Garlic Cream Sauce,SUB-030358-4-001,43,grams,"BLAST CHILLER, BRAISER, IMMERSION BLENDER, SPICE PORTIONING",,,,,,,,,,,,,,,,"FA-DE Spice, White Pepper /Gewürz, weißer Pfeffer",SPI-00-139387-5,0.06,0.06,grams,,,0.8878,0.06,grams
FV1646A Lemon Garlic Shrimp & Spanakorizo [DKSE],REC-030366-4-003,Lemon Garlic Cream Sauce,SUB-030358-4-001,43,grams,"BLAST CHILLER, BRAISER, IMMERSION BLENDER, SPICE PORTIONING",,,,,,,,,,,,,,,,"FA-DE Spice, Nutmeg Ground /Gewürz, gemahlene Muskatnuss",SPI-00-139368-5,0.09,0.09,grams,,,0.8878,0.09,grams
FV1646A Lemon Garlic Shrimp & Spanakorizo [DKSE],REC-030366-4-003,Lemon Garlic Cream Sauce,SUB-030358-4-001,43,grams,"BLAST CHILLER, BRAISER, IMMERSION BLENDER, SPICE PORTIONING",,,,,,,,,,,,,,,,"FA-DE Spice, Bay Leaf Powder /Gewürz, Lorbeerblattpulver",SPI-00-139333-5,0.21,0.21,grams,,,0.8878,0.21,grams
FV1646A Lemon Garlic Shrimp & Spanakorizo [DKSE],REC-030366-4-003,Lemon Garlic Cream Sauce,SUB-030358-4-001,43,grams,"BLAST CHILLER, BRAISER, IMMERSION BLENDER, SPICE PORTIONING",,,,,,,,,,,,,,,,"FA-DE Spice, Cayenne Pepper /Gewürz, Cayennepfeffer",SPI-00-139339-5,0.21,0.21,grams,,,0.8878,0.21,grams
FV1646A Lemon Garlic Shrimp & Spanakorizo [DKSE],REC-030366-4-003,Lemon Garlic Cream Sauce,SUB-030358-4-001,43,grams,"BLAST CHILLER, BRAISER, IMMERSION BLENDER, SPICE PORTIONING",Cornstarch Slurry - for Lemon Garlic Cream Sauce,SUB-031600-4-001,14.24,grams,UNCATEGORIZED BOM,,,,,,,,,,,"FA-DE Milk, Semi-Skimmed /Milch, teilentrahmt",DAI-00-139139-3,13.16,13.16,grams,MILCH (EINSCHLIESSLICH LAKTOSE),,0.99889,13.16,grams
FV1646A Lemon Garlic Shrimp & Spanakorizo [DKSE],REC-030366-4-003,Lemon Garlic Cream Sauce,SUB-030358-4-001,43,grams,"BLAST CHILLER, BRAISER, IMMERSION BLENDER, SPICE PORTIONING",Cornstarch Slurry - for Lemon Garlic Cream Sauce,SUB-031600-4-001,14.24,grams,UNCATEGORIZED BOM,,,,,,,,,,,FA-DE Cornstarch /Maisstärke (Maisstärke),DRY-00-150449-5,1.1,1.1,grams,,,0.99889,1.1,grams
FV1646A Lemon Garlic Shrimp & Spanakorizo [DKSE],REC-030366-4-003,Garlic and Chive Roasted Cauliflower Florets,SUB-029387-4-001,90,grams,"BLAST CHILLER, OVEN",,,,,,,,,,,,,,,,"FA-DE Cauliflower, Florets /Blumenkohl, Röschen",PHF-00-143426-3,122.16,122.16,grams,,,0.68894,122.16,grams
FV1646A Lemon Garlic Shrimp & Spanakorizo [DKSE],REC-030366-4-003,Garlic and Chive Roasted Cauliflower Florets,SUB-029387-4-001,90,grams,"BLAST CHILLER, OVEN",,,,,,,,,,,,,,,,"FA-DE Spice, Black Pepper, Ground /Gewürz, schwarzer Pfeffer, gemahlen",SPI-00-139334-5,0.19,0.19,grams,,,0.68894,0.19,grams
FV1646A Lemon Garlic Shrimp & Spanakorizo [DKSE],REC-030366-4-003,Garlic and Chive Roasted Cauliflower Florets,SUB-029387-4-001,90,grams,"BLAST CHILLER, OVEN",,,,,,,,,,,,,,,,"FA-DE Garlic, IQF, Diced 4 mm /Knoblauch, IQF, gewürfelt 4 mm",PHF-00-139237-1,2.89,2.89,grams,SCHWEFELDIOXIDE UND SULFITE,,0.68894,2.89,grams
FV1646A Lemon Garlic Shrimp & Spanakorizo [DKSE],REC-030366-4-003,Garlic and Chive Roasted Cauliflower Florets,SUB-029387-4-001,90,grams,"BLAST CHILLER, OVEN",,,,,,,,,,,,,,,,"FA-DE Spice, Sea Salt /Gewürze, Meersalz",SPI-00-139378-5,0.19,0.19,grams,,,0.68894,0.19,grams
FV1646A Lemon Garlic Shrimp & Spanakorizo [DKSE],REC-030366-4-003,Garlic and Chive Roasted Cauliflower Florets,SUB-029387-4-001,90,grams,"BLAST CHILLER, OVEN",,,,,,,,,,,,,,,,"FA-DE Chives, Dried /Schnittlauch, getrocknet",SPI-00-139322-5,0.19,0.19,grams,,,0.68894,0.19,grams
FV1646A Lemon Garlic Shrimp & Spanakorizo [DKSE],REC-030366-4-003,Garlic and Chive Roasted Cauliflower Florets,SUB-029387-4-001,90,grams,"BLAST CHILLER, OVEN",,,,,,,,,,,,,,,,"FA-DE Oil, Olive /Öl, Olivenöl",PRO-00-139277-5,5.01,5.01,grams,,,0.68894,5.01,grams
FV1646A Lemon Garlic Shrimp & Spanakorizo [DKSE],REC-030366-4-003,Toasted Garlic Zucchini - Half moons 3 - half salt,SUB-030364-4-001,40,grams,"BLAST CHILLER, OVEN",,,,,,,,,,,,,,,,"FA-DE Zucchini, Half Moon /Zucchini, Mondwürfel",PHF-00-139231-3,62.93,62.93,grams,,,0.6209,62.93,grams
FV1646A Lemon Garlic Shrimp & Spanakorizo [DKSE],REC-030366-4-003,Toasted Garlic Zucchini - Half moons 3 - half salt,SUB-030364-4-001,40,grams,"BLAST CHILLER, OVEN",,,,,,,,,,,,,,,,"FA-DE Oil, Olive /Öl, Olivenöl",PRO-00-139277-5,0.84,0.84,grams,,,0.6209,0.84,grams
FV1646A Lemon Garlic Shrimp & Spanakorizo [DKSE],REC-030366-4-003,Toasted Garlic Zucchini - Half moons 3 - half salt,SUB-030364-4-001,40,grams,"BLAST CHILLER, OVEN",,,,,,,,,,,,,,,,"FA-DE Spice, Minced Garlic, Toasted, Dry /Gewürz, gehackter Knoblauch, geröstet, trocken",SPI-00-139367-5,0.45,0.45,grams,,,0.6209,0.45,grams
FV1646A Lemon Garlic Shrimp & Spanakorizo [DKSE],REC-030366-4-003,Toasted Garlic Zucchini - Half moons 3 - half salt,SUB-030364-4-001,40,grams,"BLAST CHILLER, OVEN",,,,,,,,,,,,,,,,"FA-DE Spice, Sea Salt /Gewürze, Meersalz",SPI-00-139378-5,0.11,0.11,grams,,,0.6209,0.11,grams
FV1646A Lemon Garlic Shrimp & Spanakorizo [DKSE],REC-030366-4-003,Toasted Garlic Zucchini - Half moons 3 - half salt,SUB-030364-4-001,40,grams,"BLAST CHILLER, OVEN",,,,,,,,,,,,,,,,"FA-DE Spice, Black Pepper, Ground /Gewürz, schwarzer Pfeffer, gemahlen",SPI-00-139334-5,0.09,0.09,grams,,,0.6209,0.09,grams
FV1646A Lemon Garlic Shrimp & Spanakorizo [DKSE],REC-030366-4-003,Balsamic Cherry Tomatoes,SUB-014243-4-001,32,grams,"BLAST CHILLER, OVEN",,,,,,,,,,,,,,,,"FA-DE Spice, Black Pepper, Ground /Gewürz, schwarzer Pfeffer, gemahlen",SPI-00-139334-5,0.11,0.11,grams,,,0.85641,0.11,grams
FV1646A Lemon Garlic Shrimp & Spanakorizo [DKSE],REC-030366-4-003,Balsamic Cherry Tomatoes,SUB-014243-4-001,32,grams,"BLAST CHILLER, OVEN",,,,,,,,,,,,,,,,"FA-DE Tomatoes, Cherry/Tomaten, Kirsche",PHF-00-139190-3,31.43,31.43,grams,,,0.85641,31.43,grams
FV1646A Lemon Garlic Shrimp & Spanakorizo [DKSE],REC-030366-4-003,Balsamic Cherry Tomatoes,SUB-014243-4-001,32,grams,"BLAST CHILLER, OVEN",,,,,,,,,,,,,,,,"FA-DE Oil, Olive /Öl, Olivenöl",PRO-00-139277-5,1.48,1.48,grams,,,0.85641,1.48,grams
FV1646A Lemon Garlic Shrimp & Spanakorizo [DKSE],REC-030366-4-003,Balsamic Cherry Tomatoes,SUB-014243-4-001,32,grams,"BLAST CHILLER, OVEN",,,,,,,,,,,,,,,,"FA-DE Vinegar, Balsamic /Essig, Balsamico",PRO-00-139298-5,1.06,1.06,grams,SCHWEFELDIOXIDE UND SULFITE,,0.85641,1.06,grams
FV1646A Lemon Garlic Shrimp & Spanakorizo [DKSE],REC-030366-4-003,Balsamic Cherry Tomatoes,SUB-014243-4-001,32,grams,"BLAST CHILLER, OVEN",Basil - Picked Basil Leaves,SUB-013424-4-001,0.37,grams,"DEBOX, STAGING",,,,,,,,,,,"FA-DE Basil, Fresh /Basilikum, frisch",PHF-00-139175-3,0.66,0.66,grams,,,0.55986,0.66,grams
FV1646A Lemon Garlic Shrimp & Spanakorizo [DKSE],REC-030366-4-003,Balsamic Cherry Tomatoes,SUB-014243-4-001,32,grams,"BLAST CHILLER, OVEN",,,,,,,,,,,,,,,,"FA-DE Onion, Red, Diced 5mm /Zwiebeln, rot, gewürfelt 5 mm",PHF-00-139213-3,2.91,2.91,grams,,,0.85641,2.91,grams
FV4039A - Salmon in creamy gochugaru sauce [BNL],REC-013629-4-003,Salmon - garlic seasoning,SUB-013382-4-001,1,each,"BLAST CHILLER, HAND MARINADE, OVEN, THAW",,,,,,,,,,,,,,,,"FA-DE Salmon, Skinless, Boneless, Filet/Lachs, ohne Haut, ohne Knochen, Filet - IQF",PTN-00-139968-1,140,140,grams,FISCH,,0.81816,140,grams
FV4039A - Salmon in creamy gochugaru sauce [BNL],REC-013629-4-003,Salmon - garlic seasoning,SUB-013382-4-001,1,each,"BLAST CHILLER, HAND MARINADE, OVEN, THAW",,,,,,,,,,,,,,,,"FA-DE Spice, Sea Salt /Gewürze, Meersalz",SPI-00-139378-5,0.42,0.42,grams,,,0.81816,0.42,grams
FV4039A - Salmon in creamy gochugaru sauce [BNL],REC-013629-4-003,Salmon - garlic seasoning,SUB-013382-4-001,1,each,"BLAST CHILLER, HAND MARINADE, OVEN, THAW",,,,,,,,,,,,,,,,"FA-DE Spice, Garlic Granulated /Gewürz, Knoblauch granuliert",SPI-00-139353-5,0.14,0.14,grams,,,0.81816,0.14,grams
FV4039A - Salmon in creamy gochugaru sauce [BNL],REC-013629-4-003,Sauce - Creamy Gochugaru Sauce,SUB-013450-4-001,115,grams,"BLAST CHILLER, BRAISER, IMMERSION BLENDER, SPICE PORTIONING",,,,,,,,,,,,,,,,"FA-DE Oil, Olive /Öl, Olivenöl",PRO-00-139277-5,7.51,7.51,grams,,,0.8465,7.51,grams
FV4039A - Salmon in creamy gochugaru sauce [BNL],REC-013629-4-003,Sauce - Creamy Gochugaru Sauce,SUB-013450-4-001,115,grams,"BLAST CHILLER, BRAISER, IMMERSION BLENDER, SPICE PORTIONING",,,,,,,,,,,,,,,,"FA-DE Onion, Spanish, Diced 5mm /Zwiebel, Spanisch, gewürfelt 5 mm",PHF-00-139212-3,13.19,13.19,grams,,,0.8465,13.19,grams
FV4039A - Salmon in creamy gochugaru sauce [BNL],REC-013629-4-003,Sauce - Creamy Gochugaru Sauce,SUB-013450-4-001,115,grams,"BLAST CHILLER, BRAISER, IMMERSION BLENDER, SPICE PORTIONING",,,,,,,,,,,,,,,,"FA-DE Garlic, IQF, Diced 4 mm /Knoblauch, IQF, gewürfelt 4 mm",PHF-00-139237-1,3,3,grams,SCHWEFELDIOXIDE UND SULFITE,,0.8465,3,grams
FV4039A - Salmon in creamy gochugaru sauce [BNL],REC-013629-4-003,Sauce - Creamy Gochugaru Sauce,SUB-013450-4-001,115,grams,"BLAST CHILLER, BRAISER, IMMERSION BLENDER, SPICE PORTIONING",,,,,,,,,,,,,,,,FA-DE Heavy Cream 20% /Sahne 20%,DAI-00-139137-3,82.01,82.01,grams,MILCH (EINSCHLIESSLICH LAKTOSE),,0.8465,82.01,grams
FV4039A - Salmon in creamy gochugaru sauce [BNL],REC-013629-4-003,Sauce - Creamy Gochugaru Sauce,SUB-013450-4-001,115,grams,"BLAST CHILLER, BRAISER, IMMERSION BLENDER, SPICE PORTIONING",,,,,,,,,,,,,,,,"FA-DE Stock, Chicken, Reduced/Brühe, Huhn, Reduziert",PRO-00-139288-5,1.48,1.48,grams,,,0.8465,1.48,grams
FV4039A - Salmon in creamy gochugaru sauce [BNL],REC-013629-4-003,Sauce - Creamy Gochugaru Sauce,SUB-013450-4-001,115,grams,"BLAST CHILLER, BRAISER, IMMERSION BLENDER, SPICE PORTIONING",,,,,,,,,,,,,,,,"FA-DE Cheese, Parmesan, Grated /Käse, Parmesan, gerieben",DAI-00-139127-3,13.19,13.19,grams,MILCH (EINSCHLIESSLICH LAKTOSE),,0.8465,13.19,grams
FV4039A - Salmon in creamy gochugaru sauce [BNL],REC-013629-4-003,Sauce - Creamy Gochugaru Sauce,SUB-013450-4-001,115,grams,"BLAST CHILLER, BRAISER, IMMERSION BLENDER, SPICE PORTIONING",,,,,,,,,,,,,,,,"FA-DE Spice, Sea Salt /Gewürze, Meersalz",SPI-00-139378-5,0.29,0.29,grams,,,0.8465,0.29,grams
FV4039A - Salmon in creamy gochugaru sauce [BNL],REC-013629-4-003,Sauce - Creamy Gochugaru Sauce,SUB-013450-4-001,115,grams,"BLAST CHILLER, BRAISER, IMMERSION BLENDER, SPICE PORTIONING",,,,,,,,,,,,,,,,"FA-DE Spinach, Fresh, Stem Off /Spinat, frisch, ohne Stiel",PHF-00-139225-3,10.55,10.55,grams,,,0.8465,10.55,grams
FV4039A - Salmon in creamy gochugaru sauce [BNL],REC-013629-4-003,Sauce - Creamy Gochugaru Sauce,SUB-013450-4-001,115,grams,"BLAST CHILLER, BRAISER, IMMERSION BLENDER, SPICE PORTIONING",,,,,,,,,,,,,,,,"FA-DE Spice, Gochugaru Chili Pepper Flakes /Gewürz, Gochugaru-Chili-Pfefferflocken",SPI-00-139356-5,1.71,1.71,grams,,,0.8465,1.71,grams
FV4039A - Salmon in creamy gochugaru sauce [BNL],REC-013629-4-003,Sauce - Creamy Gochugaru Sauce,SUB-013450-4-001,115,grams,"BLAST CHILLER, BRAISER, IMMERSION BLENDER, SPICE PORTIONING",,,,,,,,,,,,,,,,FA-DE Tomato Paste /Tomatenmark,PRO-00-139292-5,2.93,2.93,grams,,,0.8465,2.93,grams
FV4039A - Salmon in creamy gochugaru sauce [BNL],REC-013629-4-003,Roasted Green Onions,SUB-023370-4-001,10,grams,"BLAST CHILLER, OVEN",,,,,,,,,,,,,,,,"FA-DE Onion, Green, Sliced 5mm /Zwiebel, grün, in Scheiben geschnitten, 5 mm",PHF-00-149803-3,12.91,12.91,grams,,,0.77467,12.91,grams
FV4039A - Salmon in creamy gochugaru sauce [BNL],REC-013629-4-003,Tomatoes - Roasted cherry tomatoes,SUB-013627-4-001,40,grams,"BLAST CHILLER, OVEN",,,,,,,,,,,,,,,,"FA-DE Tomatoes, Cherry/Tomaten, Kirsche",PHF-00-139190-3,46.58,46.58,grams,,,0.85,46.58,grams
FV4039A - Salmon in creamy gochugaru sauce [BNL],REC-013629-4-003,Tomatoes - Roasted cherry tomatoes,SUB-013627-4-001,40,grams,"BLAST CHILLER, OVEN",,,,,,,,,,,,,,,,"FA-DE Oil, Olive /Öl, Olivenöl",PRO-00-139277-5,0.47,0.47,grams,,,0.85,0.47,grams
FV4039A - Salmon in creamy gochugaru sauce [BNL],REC-013629-4-003,Tomatoes - Roasted cherry tomatoes,SUB-013627-4-001,40,grams,"BLAST CHILLER, OVEN",,,,,,,,,,,,,,,,"FA-DE Spice, Sea Salt /Gewürze, Meersalz",SPI-00-139378-5,0.02,0.02,grams,,,0.85,0.02,grams
FV4039A - Salmon in creamy gochugaru sauce [BNL],REC-013629-4-003,Courgette - Sesame Zucchini Noodles,SUB-013628-4-001,125,grams,"BLAST CHILLER, OVEN",,,,,,,,,,,,,,,,"FA-DE Zucchini, Spiralized Noodles /Zucchini, Spiralnudeln",PHF-00-139230-3,172.76,172.76,grams,,,0.69617,172.76,grams
FV4039A - Salmon in creamy gochugaru sauce [BNL],REC-013629-4-003,Courgette - Sesame Zucchini Noodles,SUB-013628-4-001,125,grams,"BLAST CHILLER, OVEN",,,,,,,,,,,,,,,,"FA-DE Oil, Olive /Öl, Olivenöl",PRO-00-139277-5,4.03,4.03,grams,,,0.69617,4.03,grams
FV4039A - Salmon in creamy gochugaru sauce [BNL],REC-013629-4-003,Courgette - Sesame Zucchini Noodles,SUB-013628-4-001,125,grams,"BLAST CHILLER, OVEN",,,,,,,,,,,,,,,,"FA-DE Spice, Sesame Seed, Roasted /Gewürz, Sesamsamen, geröstet",SPI-00-139379-5,2.03,2.03,grams,SESAMSAMEN,,0.69617,2.03,grams
FV4039A - Salmon in creamy gochugaru sauce [BNL],REC-013629-4-003,Courgette - Sesame Zucchini Noodles,SUB-013628-4-001,125,grams,"BLAST CHILLER, OVEN",,,,,,,,,,,,,,,,"FA-DE Spice, Sea Salt /Gewürze, Meersalz",SPI-00-139378-5,0.73,0.73,grams,,,0.69617,0.73,grams
FV4048A - Creamy Leek Pork tenderloin  [BNL],REC-014223-4-003,Creamy Leek - Low Fat,SUB-014222-4-001,100,grams,"BLAST CHILLER, BRAISER, SPICE PORTIONING",,,,,,,,,,,,,,,,FA-DE Sour Cream /Sauerrahm,DAI-00-139141-3,15,15,grams,MILCH (EINSCHLIESSLICH LAKTOSE),,0.79745,15,grams
FV4048A - Creamy Leek Pork tenderloin  [BNL],REC-014223-4-003,Creamy Leek - Low Fat,SUB-014222-4-001,100,grams,"BLAST CHILLER, BRAISER, SPICE PORTIONING",,,,,,,,,,,,,,,,"FA-DE Leek, Diced 5mm /Lauch, gewürfelt, 5 mm",PHF-00-139204-3,100,100,grams,,,0.79745,100,grams
FV4048A - Creamy Leek Pork tenderloin  [BNL],REC-014223-4-003,Creamy Leek - Low Fat,SUB-014222-4-001,100,grams,"BLAST CHILLER, BRAISER, SPICE PORTIONING",,,,,,,,,,,,,,,,"FA-DE Oil, Olive /Öl, Olivenöl",PRO-00-139277-5,0.13,0.13,grams,,,0.79745,0.13,grams
FV4048A - Creamy Leek Pork tenderloin  [BNL],REC-014223-4-003,Creamy Leek - Low Fat,SUB-014222-4-001,100,grams,"BLAST CHILLER, BRAISER, SPICE PORTIONING",,,,,,,,,,,,,,,,"FA-DE Spice, Sea Salt /Gewürze, Meersalz",SPI-00-139378-5,0.03,0.03,grams,,,0.79745,0.03,grams
FV4048A - Creamy Leek Pork tenderloin  [BNL],REC-014223-4-003,Creamy Leek - Low Fat,SUB-014222-4-001,100,grams,"BLAST CHILLER, BRAISER, SPICE PORTIONING",,,,,,,,,,,,,,,,FA-DE Heavy Cream 20% /Sahne 20%,DAI-00-139137-3,10,10,grams,MILCH (EINSCHLIESSLICH LAKTOSE),,0.79745,10,grams
FV4048A - Creamy Leek Pork tenderloin  [BNL],REC-014223-4-003,Creamy Leek - Low Fat,SUB-014222-4-001,100,grams,"BLAST CHILLER, BRAISER, SPICE PORTIONING",,,,,,,,,,,,,,,,"FA-DE Spice, Garlic Granulated /Gewürz, Knoblauch granuliert",SPI-00-139353-5,0.25,0.25,grams,,,0.79745,0.25,grams
FV4048A - Creamy Leek Pork tenderloin  [BNL],REC-014223-4-003,Mash - Creamy Sweet Potato Puree (more salt),SUB-014156-4-001,95,grams,"BLAST CHILLER, BRAISER, IMMERSION BLENDER, SPICE PORTIONING",,,,,,,,,,,,,,,,"FA-DE Cheese, Cream, 13% Fat (Milk) /Käse, Sahne, 13% Fett",DAI-00-139122-3,5.1,5.1,grams,MILCH (EINSCHLIESSLICH LAKTOSE),,0.87518,5.1,grams
FV4048A - Creamy Leek Pork tenderloin  [BNL],REC-014223-4-003,Mash - Creamy Sweet Potato Puree (more salt),SUB-014156-4-001,95,grams,"BLAST CHILLER, BRAISER, IMMERSION BLENDER, SPICE PORTIONING",,,,,,,,,,,,,,,,"FA-DE Milk, Semi-Skimmed /Milch, teilentrahmt",DAI-00-139139-3,12.46,12.46,grams,MILCH (EINSCHLIESSLICH LAKTOSE),,0.87518,12.46,grams
FV4048A - Creamy Leek Pork tenderloin  [BNL],REC-014223-4-003,Mash - Creamy Sweet Potato Puree (more salt),SUB-014156-4-001,95,grams,"BLAST CHILLER, BRAISER, IMMERSION BLENDER, SPICE PORTIONING",,,,,,,,,,,,,,,,"FA-DE Spice, Sage, Rubbed /Gewürz, Salbei, gerieben",SPI-00-139377-5,0.03,0.03,grams,,,0.87518,0.03,grams
FV4048A - Creamy Leek Pork tenderloin  [BNL],REC-014223-4-003,Mash - Creamy Sweet Potato Puree (more salt),SUB-014156-4-001,95,grams,"BLAST CHILLER, BRAISER, IMMERSION BLENDER, SPICE PORTIONING",,,,,,,,,,,,,,,,"FA-DE Spice, Sea Salt /Gewürze, Meersalz",SPI-00-139378-5,0.62,0.62,grams,,,0.87518,0.62,grams
FV4048A - Creamy Leek Pork tenderloin  [BNL],REC-014223-4-003,Mash - Creamy Sweet Potato Puree (more salt),SUB-014156-4-001,95,grams,"BLAST CHILLER, BRAISER, IMMERSION BLENDER, SPICE PORTIONING",Steamed Sweet Potato,SUB-013509-4-002,90.34,grams,"BLAST CHILLER, OVEN",,,,,,,,,,,"FA-DE Potatoes, Sweet, Diced 10mm /Kartoffeln, süß, gewürfelt 10 mm",PHF-00-139221-3,92.63,92.63,grams,,,0.97538,92.63,grams
FV4048A - Creamy Leek Pork tenderloin  [BNL],REC-014223-4-003,Pork tenderloin - herb marinade,SUB-013466-4-001,100,grams,"BLAST CHILLER, GRILL, MARINADE, OVEN, SLICER",Pork Tenderloin - HERB BRINED,SUB-013465-4-001,155.68,grams,BRINE,,,,,,,,,,,FA-DE Water / Wasser,OTH-00-144038-5,155.68,155.68,grams,,,0.49656,155.68,grams
FV4048A - Creamy Leek Pork tenderloin  [BNL],REC-014223-4-003,Pork tenderloin - herb marinade,SUB-013466-4-001,100,grams,"BLAST CHILLER, GRILL, MARINADE, OVEN, SLICER",Pork Tenderloin - HERB BRINED,SUB-013465-4-001,155.68,grams,BRINE,,,,,,,,,,,"FA-DE Spice, Thyme Dry /Gewürz, Thymian trocken",SPI-00-139385-5,0.26,0.26,grams,,,0.49656,0.26,grams
FV4048A - Creamy Leek Pork tenderloin  [BNL],REC-014223-4-003,Pork tenderloin - herb marinade,SUB-013466-4-001,100,grams,"BLAST CHILLER, GRILL, MARINADE, OVEN, SLICER",Pork Tenderloin - HERB BRINED,SUB-013465-4-001,155.68,grams,BRINE,,,,,,,,,,,"FA-DE Pork, Tenderloin /Schweinefleisch, Filet",PTN-00-139310-3,155.68,155.68,grams,,,0.49656,155.68,grams
FV4048A - Creamy Leek Pork tenderloin  [BNL],REC-014223-4-003,Pork tenderloin - herb marinade,SUB-013466-4-001,100,grams,"BLAST CHILLER, GRILL, MARINADE, OVEN, SLICER",Pork Tenderloin - HERB BRINED,SUB-013465-4-001,155.68,grams,BRINE,,,,,,,,,,,"FA-DE Spice, Sage, Rubbed /Gewürz, Salbei, gerieben",SPI-00-139377-5,0.26,0.26,grams,,,0.49656,0.26,grams
FV4048A - Creamy Leek Pork tenderloin  [BNL],REC-014223-4-003,Pork tenderloin - herb marinade,SUB-013466-4-001,100,grams,"BLAST CHILLER, GRILL, MARINADE, OVEN, SLICER",Pork Tenderloin - HERB BRINED,SUB-013465-4-001,155.68,grams,BRINE,,,,,,,,,,,"FA-DE Spice, Sea Salt /Gewürze, Meersalz",SPI-00-139378-5,1.38,1.38,grams,,,0.49656,1.38,grams
FV4048A - Creamy Leek Pork tenderloin  [BNL],REC-014223-4-003,Pork tenderloin - herb marinade,SUB-013466-4-001,100,grams,"BLAST CHILLER, GRILL, MARINADE, OVEN, SLICER",Pork Tenderloin - HERB BRINED,SUB-013465-4-001,155.68,grams,BRINE,,,,,,,,,,,FA-DE Dried Rosemary/Rosmarin getrocknet,SPI-00-143552-5,0.26,0.26,grams,,,0.49656,0.26,grams
FV4048A - Creamy Leek Pork tenderloin  [BNL],REC-014223-4-003,Pork tenderloin - herb marinade,SUB-013466-4-001,100,grams,"BLAST CHILLER, GRILL, MARINADE, OVEN, SLICER",Herb Marinade for Pork Tenderloin,SUB-031651-4-001,10.99,grams,UNCATEGORIZED BOM,,,,,,,,,,,"FA-DE Oil, Olive /Öl, Olivenöl",PRO-00-139277-5,10.17,10.17,grams,,,0.99855,10.17,grams
FV4048A - Creamy Leek Pork tenderloin  [BNL],REC-014223-4-003,Pork tenderloin - herb marinade,SUB-013466-4-001,100,grams,"BLAST CHILLER, GRILL, MARINADE, OVEN, SLICER",Herb Marinade for Pork Tenderloin,SUB-031651-4-001,10.99,grams,UNCATEGORIZED BOM,,,,,,,,,,,"FA-DE Spice, Oregano Dry /Gewürz, Oregano trocken",SPI-00-139372-5,0.02,0.02,grams,,,0.99855,0.02,grams
FV4048A - Creamy Leek Pork tenderloin  [BNL],REC-014223-4-003,Pork tenderloin - herb marinade,SUB-013466-4-001,100,grams,"BLAST CHILLER, GRILL, MARINADE, OVEN, SLICER",Herb Marinade for Pork Tenderloin,SUB-031651-4-001,10.99,grams,UNCATEGORIZED BOM,,,,,,,,,,,"FA-DE Spice, Garlic Granulated /Gewürz, Knoblauch granuliert",SPI-00-139353-5,0.22,0.22,grams,,,0.99855,0.22,grams
FV4048A - Creamy Leek Pork tenderloin  [BNL],REC-014223-4-003,Pork tenderloin - herb marinade,SUB-013466-4-001,100,grams,"BLAST CHILLER, GRILL, MARINADE, OVEN, SLICER",Herb Marinade for Pork Tenderloin,SUB-031651-4-001,10.99,grams,UNCATEGORIZED BOM,,,,,,,,,,,"FA-DE Spice, Parsley Dried /Gewürze, getrocknete Petersilie",SPI-00-139374-5,0.02,0.02,grams,,,0.99855,0.02,grams
FV4048A - Creamy Leek Pork tenderloin  [BNL],REC-014223-4-003,Pork tenderloin - herb marinade,SUB-013466-4-001,100,grams,"BLAST CHILLER, GRILL, MARINADE, OVEN, SLICER",Herb Marinade for Pork Tenderloin,SUB-031651-4-001,10.99,grams,UNCATEGORIZED BOM,,,,,,,,,,,"FA-DE Chives, Dried /Schnittlauch, getrocknet",SPI-00-139322-5,0.05,0.05,grams,,,0.99855,0.05,grams
FV4048A - Creamy Leek Pork tenderloin  [BNL],REC-014223-4-003,Pork tenderloin - herb marinade,SUB-013466-4-001,100,grams,"BLAST CHILLER, GRILL, MARINADE, OVEN, SLICER",Herb Marinade for Pork Tenderloin,SUB-031651-4-001,10.99,grams,UNCATEGORIZED BOM,,,,,,,,,,,"FA-DE Spice, Sea Salt /Gewürze, Meersalz",SPI-00-139378-5,0.25,0.25,grams,,,0.99855,0.25,grams
FV4048A - Creamy Leek Pork tenderloin  [BNL],REC-014223-4-003,Pork tenderloin - herb marinade,SUB-013466-4-001,100,grams,"BLAST CHILLER, GRILL, MARINADE, OVEN, SLICER",Herb Marinade for Pork Tenderloin,SUB-031651-4-001,10.99,grams,UNCATEGORIZED BOM,,,,,,,,,,,"FA-DE Spice, Onion Granulated /Gewürze, Zwiebeln granuliert",SPI-00-139370-5,0.11,0.11,grams,,,0.99855,0.11,grams
FV4048A - Creamy Leek Pork tenderloin  [BNL],REC-014223-4-003,Pork tenderloin - herb marinade,SUB-013466-4-001,100,grams,"BLAST CHILLER, GRILL, MARINADE, OVEN, SLICER",Herb Marinade for Pork Tenderloin,SUB-031651-4-001,10.99,grams,UNCATEGORIZED BOM,,,,,,,,,,,"FA-DE Spice, Black Pepper, Ground /Gewürz, schwarzer Pfeffer, gemahlen",SPI-00-139334-5,0.17,0.17,grams,,,0.99855,0.17,grams
FV4048A - Creamy Leek Pork tenderloin  [BNL],REC-014223-4-003,Green beans - Roasted Green Beans w/ Roasted Garlic - Less Oil,SUB-013529-4-001,120,grams,"BLAST CHILLER, OVEN",,,,,,,,,,,,,,,,"FA-DE Spice, Black Pepper, Ground /Gewürz, schwarzer Pfeffer, gemahlen",SPI-00-139334-5,0.11,0.11,grams,,,0.74683,0.11,grams
FV4048A - Creamy Leek Pork tenderloin  [BNL],REC-014223-4-003,Green beans - Roasted Green Beans w/ Roasted Garlic - Less Oil,SUB-013529-4-001,120,grams,"BLAST CHILLER, OVEN",,,,,,,,,,,,,,,,"FA-DE Spice, Sea Salt /Gewürze, Meersalz",SPI-00-139378-5,0.3,0.3,grams,,,0.74683,0.3,grams
FV4048A - Creamy Leek Pork tenderloin  [BNL],REC-014223-4-003,Green beans - Roasted Green Beans w/ Roasted Garlic - Less Oil,SUB-013529-4-001,120,grams,"BLAST CHILLER, OVEN",Roasted Garlic (use),SUB-013367-4-001,4.52,grams,"BLAST CHILLER, BRAISER, SPICE PORTIONING",,,,,,,,,,,"FA-DE Garlic, Peeled, Whole Cloves [10kg] /Knoblauch, geschält, ganze Nelken [10kg]",PHF-00-139197-3,4.55,4.55,grams,,,0.56691,4.55,grams
FV4048A - Creamy Leek Pork tenderloin  [BNL],REC-014223-4-003,Green beans - Roasted Green Beans w/ Roasted Garlic - Less Oil,SUB-013529-4-001,120,grams,"BLAST CHILLER, OVEN",Roasted Garlic (use),SUB-013367-4-001,4.52,grams,"BLAST CHILLER, BRAISER, SPICE PORTIONING",,,,,,,,,,,"FA-DE Oil, Olive /Öl, Olivenöl",PRO-00-139277-5,3.41,3.41,grams,,,0.56691,3.41,grams
FV4048A - Creamy Leek Pork tenderloin  [BNL],REC-014223-4-003,Green beans - Roasted Green Beans w/ Roasted Garlic - Less Oil,SUB-013529-4-001,120,grams,"BLAST CHILLER, OVEN",,,,,,,,,,,,,,,,"FA-DE Green Beans, Fresh and Trimmed/Grüne Bohnen, frisch und geschnitten",PHF-00-139198-3,149.73,149.73,grams,,,0.74683,149.73,grams
FV4048A - Creamy Leek Pork tenderloin  [BNL],REC-014223-4-003,Green beans - Roasted Green Beans w/ Roasted Garlic - Less Oil,SUB-013529-4-001,120,grams,"BLAST CHILLER, OVEN",,,,,,,,,,,,,,,,"FA-DE Oil, Olive /Öl, Olivenöl",PRO-00-139277-5,6.02,6.02,grams,,,0.74683,6.02,grams
FV4048A - Creamy Leek Pork tenderloin [DE],REC-014223-4-002,Creamy Leek - Low Fat,SUB-014222-4-001,100,grams,"BLAST CHILLER, BRAISER, SPICE PORTIONING",,,,,,,,,,,,,,,,FA-DE Sour Cream /Sauerrahm,DAI-00-139141-3,15,15,grams,MILCH (EINSCHLIESSLICH LAKTOSE),,0.79745,15,grams
FV4048A - Creamy Leek Pork tenderloin [DE],REC-014223-4-002,Creamy Leek - Low Fat,SUB-014222-4-001,100,grams,"BLAST CHILLER, BRAISER, SPICE PORTIONING",,,,,,,,,,,,,,,,"FA-DE Leek, Diced 5mm /Lauch, gewürfelt, 5 mm",PHF-00-139204-3,100,100,grams,,,0.79745,100,grams
FV4048A - Creamy Leek Pork tenderloin [DE],REC-014223-4-002,Creamy Leek - Low Fat,SUB-014222-4-001,100,grams,"BLAST CHILLER, BRAISER, SPICE PORTIONING",,,,,,,,,,,,,,,,"FA-DE Oil, Olive /Öl, Olivenöl",PRO-00-139277-5,0.13,0.13,grams,,,0.79745,0.13,grams
FV4048A - Creamy Leek Pork tenderloin [DE],REC-014223-4-002,Creamy Leek - Low Fat,SUB-014222-4-001,100,grams,"BLAST CHILLER, BRAISER, SPICE PORTIONING",,,,,,,,,,,,,,,,"FA-DE Spice, Sea Salt /Gewürze, Meersalz",SPI-00-139378-5,0.03,0.03,grams,,,0.79745,0.03,grams
FV4048A - Creamy Leek Pork tenderloin [DE],REC-014223-4-002,Creamy Leek - Low Fat,SUB-014222-4-001,100,grams,"BLAST CHILLER, BRAISER, SPICE PORTIONING",,,,,,,,,,,,,,,,FA-DE Heavy Cream 20% /Sahne 20%,DAI-00-139137-3,10,10,grams,MILCH (EINSCHLIESSLICH LAKTOSE),,0.79745,10,grams
FV4048A - Creamy Leek Pork tenderloin [DE],REC-014223-4-002,Creamy Leek - Low Fat,SUB-014222-4-001,100,grams,"BLAST CHILLER, BRAISER, SPICE PORTIONING",,,,,,,,,,,,,,,,"FA-DE Spice, Garlic Granulated /Gewürz, Knoblauch granuliert",SPI-00-139353-5,0.25,0.25,grams,,,0.79745,0.25,grams
FV4048A - Creamy Leek Pork tenderloin [DE],REC-014223-4-002,Mash - Creamy Sweet Potato Puree (more salt),SUB-014156-4-001,95,grams,"BLAST CHILLER, BRAISER, IMMERSION BLENDER, SPICE PORTIONING",,,,,,,,,,,,,,,,"FA-DE Cheese, Cream, 13% Fat (Milk) /Käse, Sahne, 13% Fett",DAI-00-139122-3,5.1,5.1,grams,MILCH (EINSCHLIESSLICH LAKTOSE),,0.87518,5.1,grams
FV4048A - Creamy Leek Pork tenderloin [DE],REC-014223-4-002,Mash - Creamy Sweet Potato Puree (more salt),SUB-014156-4-001,95,grams,"BLAST CHILLER, BRAISER, IMMERSION BLENDER, SPICE PORTIONING",,,,,,,,,,,,,,,,"FA-DE Milk, Semi-Skimmed /Milch, teilentrahmt",DAI-00-139139-3,12.46,12.46,grams,MILCH (EINSCHLIESSLICH LAKTOSE),,0.87518,12.46,grams
FV4048A - Creamy Leek Pork tenderloin [DE],REC-014223-4-002,Mash - Creamy Sweet Potato Puree (more salt),SUB-014156-4-001,95,grams,"BLAST CHILLER, BRAISER, IMMERSION BLENDER, SPICE PORTIONING",,,,,,,,,,,,,,,,"FA-DE Spice, Sage, Rubbed /Gewürz, Salbei, gerieben",SPI-00-139377-5,0.03,0.03,grams,,,0.87518,0.03,grams
FV4048A - Creamy Leek Pork tenderloin [DE],REC-014223-4-002,Mash - Creamy Sweet Potato Puree (more salt),SUB-014156-4-001,95,grams,"BLAST CHILLER, BRAISER, IMMERSION BLENDER, SPICE PORTIONING",,,,,,,,,,,,,,,,"FA-DE Spice, Sea Salt /Gewürze, Meersalz",SPI-00-139378-5,0.62,0.62,grams,,,0.87518,0.62,grams
FV4048A - Creamy Leek Pork tenderloin [DE],REC-014223-4-002,Mash - Creamy Sweet Potato Puree (more salt),SUB-014156-4-001,95,grams,"BLAST CHILLER, BRAISER, IMMERSION BLENDER, SPICE PORTIONING",Steamed Sweet Potato,SUB-013509-4-002,90.34,grams,"BLAST CHILLER, OVEN",,,,,,,,,,,"FA-DE Potatoes, Sweet, Diced 10mm /Kartoffeln, süß, gewürfelt 10 mm",PHF-00-139221-3,92.63,92.63,grams,,,0.97538,92.63,grams
FV4048A - Creamy Leek Pork tenderloin [DE],REC-014223-4-002,Pork tenderloin - herb marinade,SUB-013466-4-001,100,grams,"BLAST CHILLER, GRILL, MARINADE, OVEN, SLICER",Pork Tenderloin - HERB BRINED,SUB-013465-4-001,155.68,grams,BRINE,,,,,,,,,,,FA-DE Water / Wasser,OTH-00-144038-5,155.68,155.68,grams,,,0.49656,155.68,grams
FV4048A - Creamy Leek Pork tenderloin [DE],REC-014223-4-002,Pork tenderloin - herb marinade,SUB-013466-4-001,100,grams,"BLAST CHILLER, GRILL, MARINADE, OVEN, SLICER",Pork Tenderloin - HERB BRINED,SUB-013465-4-001,155.68,grams,BRINE,,,,,,,,,,,"FA-DE Spice, Thyme Dry /Gewürz, Thymian trocken",SPI-00-139385-5,0.26,0.26,grams,,,0.49656,0.26,grams
FV4048A - Creamy Leek Pork tenderloin [DE],REC-014223-4-002,Pork tenderloin - herb marinade,SUB-013466-4-001,100,grams,"BLAST CHILLER, GRILL, MARINADE, OVEN, SLICER",Pork Tenderloin - HERB BRINED,SUB-013465-4-001,155.68,grams,BRINE,,,,,,,,,,,"FA-DE Pork, Tenderloin /Schweinefleisch, Filet",PTN-00-139310-3,155.68,155.68,grams,,,0.49656,155.68,grams
FV4048A - Creamy Leek Pork tenderloin [DE],REC-014223-4-002,Pork tenderloin - herb marinade,SUB-013466-4-001,100,grams,"BLAST CHILLER, GRILL, MARINADE, OVEN, SLICER",Pork Tenderloin - HERB BRINED,SUB-013465-4-001,155.68,grams,BRINE,,,,,,,,,,,"FA-DE Spice, Sage, Rubbed /Gewürz, Salbei, gerieben",SPI-00-139377-5,0.26,0.26,grams,,,0.49656,0.26,grams
FV4048A - Creamy Leek Pork tenderloin [DE],REC-014223-4-002,Pork tenderloin - herb marinade,SUB-013466-4-001,100,grams,"BLAST CHILLER, GRILL, MARINADE, OVEN, SLICER",Pork Tenderloin - HERB BRINED,SUB-013465-4-001,155.68,grams,BRINE,,,,,,,,,,,"FA-DE Spice, Sea Salt /Gewürze, Meersalz",SPI-00-139378-5,1.38,1.38,grams,,,0.49656,1.38,grams
FV4048A - Creamy Leek Pork tenderloin [DE],REC-014223-4-002,Pork tenderloin - herb marinade,SUB-013466-4-001,100,grams,"BLAST CHILLER, GRILL, MARINADE, OVEN, SLICER",Pork Tenderloin - HERB BRINED,SUB-013465-4-001,155.68,grams,BRINE,,,,,,,,,,,FA-DE Dried Rosemary/Rosmarin getrocknet,SPI-00-143552-5,0.26,0.26,grams,,,0.49656,0.26,grams
FV4048A - Creamy Leek Pork tenderloin [DE],REC-014223-4-002,Pork tenderloin - herb marinade,SUB-013466-4-001,100,grams,"BLAST CHILLER, GRILL, MARINADE, OVEN, SLICER",Herb Marinade for Pork Tenderloin,SUB-031651-4-001,10.99,grams,UNCATEGORIZED BOM,,,,,,,,,,,"FA-DE Oil, Olive /Öl, Olivenöl",PRO-00-139277-5,10.17,10.17,grams,,,0.99855,10.17,grams
FV4048A - Creamy Leek Pork tenderloin [DE],REC-014223-4-002,Pork tenderloin - herb marinade,SUB-013466-4-001,100,grams,"BLAST CHILLER, GRILL, MARINADE, OVEN, SLICER",Herb Marinade for Pork Tenderloin,SUB-031651-4-001,10.99,grams,UNCATEGORIZED BOM,,,,,,,,,,,"FA-DE Spice, Oregano Dry /Gewürz, Oregano trocken",SPI-00-139372-5,0.02,0.02,grams,,,0.99855,0.02,grams
FV4048A - Creamy Leek Pork tenderloin [DE],REC-014223-4-002,Pork tenderloin - herb marinade,SUB-013466-4-001,100,grams,"BLAST CHILLER, GRILL, MARINADE, OVEN, SLICER",Herb Marinade for Pork Tenderloin,SUB-031651-4-001,10.99,grams,UNCATEGORIZED BOM,,,,,,,,,,,"FA-DE Spice, Garlic Granulated /Gewürz, Knoblauch granuliert",SPI-00-139353-5,0.22,0.22,grams,,,0.99855,0.22,grams
FV4048A - Creamy Leek Pork tenderloin [DE],REC-014223-4-002,Pork tenderloin - herb marinade,SUB-013466-4-001,100,grams,"BLAST CHILLER, GRILL, MARINADE, OVEN, SLICER",Herb Marinade for Pork Tenderloin,SUB-031651-4-001,10.99,grams,UNCATEGORIZED BOM,,,,,,,,,,,"FA-DE Spice, Parsley Dried /Gewürze, getrocknete Petersilie",SPI-00-139374-5,0.02,0.02,grams,,,0.99855,0.02,grams
FV4048A - Creamy Leek Pork tenderloin [DE],REC-014223-4-002,Pork tenderloin - herb marinade,SUB-013466-4-001,100,grams,"BLAST CHILLER, GRILL, MARINADE, OVEN, SLICER",Herb Marinade for Pork Tenderloin,SUB-031651-4-001,10.99,grams,UNCATEGORIZED BOM,,,,,,,,,,,"FA-DE Chives, Dried /Schnittlauch, getrocknet",SPI-00-139322-5,0.05,0.05,grams,,,0.99855,0.05,grams
FV4048A - Creamy Leek Pork tenderloin [DE],REC-014223-4-002,Pork tenderloin - herb marinade,SUB-013466-4-001,100,grams,"BLAST CHILLER, GRILL, MARINADE, OVEN, SLICER",Herb Marinade for Pork Tenderloin,SUB-031651-4-001,10.99,grams,UNCATEGORIZED BOM,,,,,,,,,,,"FA-DE Spice, Sea Salt /Gewürze, Meersalz",SPI-00-139378-5,0.25,0.25,grams,,,0.99855,0.25,grams
FV4048A - Creamy Leek Pork tenderloin [DE],REC-014223-4-002,Pork tenderloin - herb marinade,SUB-013466-4-001,100,grams,"BLAST CHILLER, GRILL, MARINADE, OVEN, SLICER",Herb Marinade for Pork Tenderloin,SUB-031651-4-001,10.99,grams,UNCATEGORIZED BOM,,,,,,,,,,,"FA-DE Spice, Onion Granulated /Gewürze, Zwiebeln granuliert",SPI-00-139370-5,0.11,0.11,grams,,,0.99855,0.11,grams
FV4048A - Creamy Leek Pork tenderloin [DE],REC-014223-4-002,Pork tenderloin - herb marinade,SUB-013466-4-001,100,grams,"BLAST CHILLER, GRILL, MARINADE, OVEN, SLICER",Herb Marinade for Pork Tenderloin,SUB-031651-4-001,10.99,grams,UNCATEGORIZED BOM,,,,,,,,,,,"FA-DE Spice, Black Pepper, Ground /Gewürz, schwarzer Pfeffer, gemahlen",SPI-00-139334-5,0.17,0.17,grams,,,0.99855,0.17,grams
FV4048A - Creamy Leek Pork tenderloin [DE],REC-014223-4-002,Green beans - Roasted Green Beans w/ Roasted Garlic - Less Oil,SUB-013529-4-001,120,grams,"BLAST CHILLER, OVEN",,,,,,,,,,,,,,,,"FA-DE Spice, Black Pepper, Ground /Gewürz, schwarzer Pfeffer, gemahlen",SPI-00-139334-5,0.11,0.11,grams,,,0.74683,0.11,grams
FV4048A - Creamy Leek Pork tenderloin [DE],REC-014223-4-002,Green beans - Roasted Green Beans w/ Roasted Garlic - Less Oil,SUB-013529-4-001,120,grams,"BLAST CHILLER, OVEN",,,,,,,,,,,,,,,,"FA-DE Spice, Sea Salt /Gewürze, Meersalz",SPI-00-139378-5,0.3,0.3,grams,,,0.74683,0.3,grams
FV4048A - Creamy Leek Pork tenderloin [DE],REC-014223-4-002,Green beans - Roasted Green Beans w/ Roasted Garlic - Less Oil,SUB-013529-4-001,120,grams,"BLAST CHILLER, OVEN",Roasted Garlic (use),SUB-013367-4-001,4.52,grams,"BLAST CHILLER, BRAISER, SPICE PORTIONING",,,,,,,,,,,"FA-DE Garlic, Peeled, Whole Cloves [10kg] /Knoblauch, geschält, ganze Nelken [10kg]",PHF-00-139197-3,4.55,4.55,grams,,,0.56691,4.55,grams
FV4048A - Creamy Leek Pork tenderloin [DE],REC-014223-4-002,Green beans - Roasted Green Beans w/ Roasted Garlic - Less Oil,SUB-013529-4-001,120,grams,"BLAST CHILLER, OVEN",Roasted Garlic (use),SUB-013367-4-001,4.52,grams,"BLAST CHILLER, BRAISER, SPICE PORTIONING",,,,,,,,,,,"FA-DE Oil, Olive /Öl, Olivenöl",PRO-00-139277-5,3.41,3.41,grams,,,0.56691,3.41,grams
FV4048A - Creamy Leek Pork tenderloin [DE],REC-014223-4-002,Green beans - Roasted Green Beans w/ Roasted Garlic - Less Oil,SUB-013529-4-001,120,grams,"BLAST CHILLER, OVEN",,,,,,,,,,,,,,,,"FA-DE Green Beans, Fresh and Trimmed/Grüne Bohnen, frisch und geschnitten",PHF-00-139198-3,149.73,149.73,grams,,,0.74683,149.73,grams
FV4048A - Creamy Leek Pork tenderloin [DE],REC-014223-4-002,Green beans - Roasted Green Beans w/ Roasted Garlic - Less Oil,SUB-013529-4-001,120,grams,"BLAST CHILLER, OVEN",,,,,,,,,,,,,,,,"FA-DE Oil, Olive /Öl, Olivenöl",PRO-00-139277-5,6.02,6.02,grams,,,0.74683,6.02,grams
FV4053A - Gochugaru Chicken [DKSE],REC-013455-4-003,Sauce - Creamy Gochugaru Sauce,SUB-013450-4-001,115,grams,"BLAST CHILLER, BRAISER, IMMERSION BLENDER, SPICE PORTIONING",,,,,,,,,,,,,,,,"FA-DE Oil, Olive /Öl, Olivenöl",PRO-00-139277-5,7.51,7.51,grams,,,0.8465,7.51,grams
FV4053A - Gochugaru Chicken [DKSE],REC-013455-4-003,Sauce - Creamy Gochugaru Sauce,SUB-013450-4-001,115,grams,"BLAST CHILLER, BRAISER, IMMERSION BLENDER, SPICE PORTIONING",,,,,,,,,,,,,,,,"FA-DE Onion, Spanish, Diced 5mm /Zwiebel, Spanisch, gewürfelt 5 mm",PHF-00-139212-3,13.19,13.19,grams,,,0.8465,13.19,grams
FV4053A - Gochugaru Chicken [DKSE],REC-013455-4-003,Sauce - Creamy Gochugaru Sauce,SUB-013450-4-001,115,grams,"BLAST CHILLER, BRAISER, IMMERSION BLENDER, SPICE PORTIONING",,,,,,,,,,,,,,,,"FA-DE Garlic, IQF, Diced 4 mm /Knoblauch, IQF, gewürfelt 4 mm",PHF-00-139237-1,3,3,grams,SCHWEFELDIOXIDE UND SULFITE,,0.8465,3,grams
FV4053A - Gochugaru Chicken [DKSE],REC-013455-4-003,Sauce - Creamy Gochugaru Sauce,SUB-013450-4-001,115,grams,"BLAST CHILLER, BRAISER, IMMERSION BLENDER, SPICE PORTIONING",,,,,,,,,,,,,,,,FA-DE Heavy Cream 20% /Sahne 20%,DAI-00-139137-3,82.01,82.01,grams,MILCH (EINSCHLIESSLICH LAKTOSE),,0.8465,82.01,grams
FV4053A - Gochugaru Chicken [DKSE],REC-013455-4-003,Sauce - Creamy Gochugaru Sauce,SUB-013450-4-001,115,grams,"BLAST CHILLER, BRAISER, IMMERSION BLENDER, SPICE PORTIONING",,,,,,,,,,,,,,,,"FA-DE Stock, Chicken, Reduced/Brühe, Huhn, Reduziert",PRO-00-139288-5,1.48,1.48,grams,,,0.8465,1.48,grams
FV4053A - Gochugaru Chicken [DKSE],REC-013455-4-003,Sauce - Creamy Gochugaru Sauce,SUB-013450-4-001,115,grams,"BLAST CHILLER, BRAISER, IMMERSION BLENDER, SPICE PORTIONING",,,,,,,,,,,,,,,,"FA-DE Cheese, Parmesan, Grated /Käse, Parmesan, gerieben",DAI-00-139127-3,13.19,13.19,grams,MILCH (EINSCHLIESSLICH LAKTOSE),,0.8465,13.19,grams
FV4053A - Gochugaru Chicken [DKSE],REC-013455-4-003,Sauce - Creamy Gochugaru Sauce,SUB-013450-4-001,115,grams,"BLAST CHILLER, BRAISER, IMMERSION BLENDER, SPICE PORTIONING",,,,,,,,,,,,,,,,"FA-DE Spice, Sea Salt /Gewürze, Meersalz",SPI-00-139378-5,0.29,0.29,grams,,,0.8465,0.29,grams
FV4053A - Gochugaru Chicken [DKSE],REC-013455-4-003,Sauce - Creamy Gochugaru Sauce,SUB-013450-4-001,115,grams,"BLAST CHILLER, BRAISER, IMMERSION BLENDER, SPICE PORTIONING",,,,,,,,,,,,,,,,"FA-DE Spinach, Fresh, Stem Off /Spinat, frisch, ohne Stiel",PHF-00-139225-3,10.55,10.55,grams,,,0.8465,10.55,grams
FV4053A - Gochugaru Chicken [DKSE],REC-013455-4-003,Sauce - Creamy Gochugaru Sauce,SUB-013450-4-001,115,grams,"BLAST CHILLER, BRAISER, IMMERSION BLENDER, SPICE PORTIONING",,,,,,,,,,,,,,,,"FA-DE Spice, Gochugaru Chili Pepper Flakes /Gewürz, Gochugaru-Chili-Pfefferflocken",SPI-00-139356-5,1.71,1.71,grams,,,0.8465,1.71,grams
FV4053A - Gochugaru Chicken [DKSE],REC-013455-4-003,Sauce - Creamy Gochugaru Sauce,SUB-013450-4-001,115,grams,"BLAST CHILLER, BRAISER, IMMERSION BLENDER, SPICE PORTIONING",,,,,,,,,,,,,,,,FA-DE Tomato Paste /Tomatenmark,PRO-00-139292-5,2.93,2.93,grams,,,0.8465,2.93,grams
FV4053A - Gochugaru Chicken [DKSE],REC-013455-4-003,Diced Chicken - Garlic & Herb Marinade,SUB-013453-4-001,100,grams,"BLAST CHILLER, MARINADE, OVEN",Chicken CHUNKS - BRINED,SUB-013451-4-001,127.87,grams,BRINE,,,,,,,,,,,FA-DE Water / Wasser,OTH-00-144038-5,127.87,127.87,grams,,,0.4978,127.87,grams
FV4053A - Gochugaru Chicken [DKSE],REC-013455-4-003,Diced Chicken - Garlic & Herb Marinade,SUB-013453-4-001,100,grams,"BLAST CHILLER, MARINADE, OVEN",Chicken CHUNKS - BRINED,SUB-013451-4-001,127.87,grams,BRINE,,,,,,,,,,,"FA-DE Spice, Sea Salt /Gewürze, Meersalz",SPI-00-139378-5,1.13,1.13,grams,,,0.4978,1.13,grams
FV4053A - Gochugaru Chicken [DKSE],REC-013455-4-003,Diced Chicken - Garlic & Herb Marinade,SUB-013453-4-001,100,grams,"BLAST CHILLER, MARINADE, OVEN",Chicken CHUNKS - BRINED,SUB-013451-4-001,127.87,grams,BRINE,,,,,,,,,,,"FA-DE Chicken Breast, Chunked, Boneless Skinless /Hähnchenbrust, in Stücken, ohne Knochen und ohne Haut",PTN-00-139314-3,127.87,127.87,grams,,,0.4978,127.87,grams
FV4053A - Gochugaru Chicken [DKSE],REC-013455-4-003,Diced Chicken - Garlic & Herb Marinade,SUB-013453-4-001,100,grams,"BLAST CHILLER, MARINADE, OVEN",Mod Marinade #4 - Garlic and Herb,SUB-013452-4-001,4.44,grams,IMMERSION BLENDER,,,,,,,,,,,"FA-DE Oil, Olive /Öl, Olivenöl",PRO-00-139277-5,2.42,2.42,grams,,,0.98976,2.42,grams
FV4053A - Gochugaru Chicken [DKSE],REC-013455-4-003,Diced Chicken - Garlic & Herb Marinade,SUB-013453-4-001,100,grams,"BLAST CHILLER, MARINADE, OVEN",Mod Marinade #4 - Garlic and Herb,SUB-013452-4-001,4.44,grams,IMMERSION BLENDER,,,,,,,,,,,"FA-DE Vinegar, Red Wine /Essig, Rotwein",PRO-00-139301-5,0.81,0.81,grams,,,0.98976,0.81,grams
FV4053A - Gochugaru Chicken [DKSE],REC-013455-4-003,Diced Chicken - Garlic & Herb Marinade,SUB-013453-4-001,100,grams,"BLAST CHILLER, MARINADE, OVEN",Mod Marinade #4 - Garlic and Herb,SUB-013452-4-001,4.44,grams,IMMERSION BLENDER,,,,,,,,,,,"FA-DE Garlic, IQF, Diced 4 mm /Knoblauch, IQF, gewürfelt 4 mm",PHF-00-139237-1,0.81,0.81,grams,SCHWEFELDIOXIDE UND SULFITE,,0.98976,0.81,grams
FV4053A - Gochugaru Chicken [DKSE],REC-013455-4-003,Diced Chicken - Garlic & Herb Marinade,SUB-013453-4-001,100,grams,"BLAST CHILLER, MARINADE, OVEN",Mod Marinade #4 - Garlic and Herb,SUB-013452-4-001,4.44,grams,IMMERSION BLENDER,,,,,,,,,,,"FA-DE Spice, Garlic Granulated /Gewürz, Knoblauch granuliert",SPI-00-139353-5,0.19,0.19,grams,,,0.98976,0.19,grams
FV4053A - Gochugaru Chicken [DKSE],REC-013455-4-003,Diced Chicken - Garlic & Herb Marinade,SUB-013453-4-001,100,grams,"BLAST CHILLER, MARINADE, OVEN",Mod Marinade #4 - Garlic and Herb,SUB-013452-4-001,4.44,grams,IMMERSION BLENDER,,,,,,,,,,,"FA-DE Spice, Parsley Dried /Gewürze, getrocknete Petersilie",SPI-00-139374-5,0.12,0.12,grams,,,0.98976,0.12,grams
FV4053A - Gochugaru Chicken [DKSE],REC-013455-4-003,Diced Chicken - Garlic & Herb Marinade,SUB-013453-4-001,100,grams,"BLAST CHILLER, MARINADE, OVEN",Mod Marinade #4 - Garlic and Herb,SUB-013452-4-001,4.44,grams,IMMERSION BLENDER,,,,,,,,,,,"FA-DE Spice, Black Pepper, Ground /Gewürz, schwarzer Pfeffer, gemahlen",SPI-00-139334-5,0.05,0.05,grams,,,0.98976,0.05,grams
FV4053A - Gochugaru Chicken [DKSE],REC-013455-4-003,Diced Chicken - Garlic & Herb Marinade,SUB-013453-4-001,100,grams,"BLAST CHILLER, MARINADE, OVEN",Mod Marinade #4 - Garlic and Herb,SUB-013452-4-001,4.44,grams,IMMERSION BLENDER,,,,,,,,,,,"FA-DE Spice, Sea Salt /Gewürze, Meersalz",SPI-00-139378-5,0.09,0.09,grams,,,0.98976,0.09,grams
FV4053A - Gochugaru Chicken [DKSE],REC-013455-4-003,Roasted Green Onions,SUB-023370-4-001,15,grams,"BLAST CHILLER, OVEN",,,,,,,,,,,,,,,,"FA-DE Onion, Green, Sliced 5mm /Zwiebel, grün, in Scheiben geschnitten, 5 mm",PHF-00-149803-3,19.36,19.36,grams,,,0.77467,19.36,grams
FV4053A - Gochugaru Chicken [DKSE],REC-013455-4-003,Cauliflower - Chili-Garlic Cauliflower Florets,SUB-013454-4-001,135,grams,UNCATEGORIZED BOM,,,,,,,,,,,,,,,,"FA-DE Cauliflower, Florets /Blumenkohl, Röschen",PHF-00-143426-3,150.94,150.94,grams,,,0.80012,150.94,grams
FV4053A - Gochugaru Chicken [DKSE],REC-013455-4-003,Cauliflower - Chili-Garlic Cauliflower Florets,SUB-013454-4-001,135,grams,UNCATEGORIZED BOM,,,,,,,,,,,,,,,,"FA-DE Oil, Olive /Öl, Olivenöl",PRO-00-139277-5,11,11,grams,,,0.80012,11,grams
FV4053A - Gochugaru Chicken [DKSE],REC-013455-4-003,Cauliflower - Chili-Garlic Cauliflower Florets,SUB-013454-4-001,135,grams,UNCATEGORIZED BOM,,,,,,,,,,,,,,,,"FA-DE Garlic, IQF, Diced 4 mm /Knoblauch, IQF, gewürfelt 4 mm",PHF-00-139237-1,5.01,5.01,grams,SCHWEFELDIOXIDE UND SULFITE,,0.80012,5.01,grams
FV4053A - Gochugaru Chicken [DKSE],REC-013455-4-003,Cauliflower - Chili-Garlic Cauliflower Florets,SUB-013454-4-001,135,grams,UNCATEGORIZED BOM,,,,,,,,,,,,,,,,"FA-DE Spice, Sea Salt /Gewürze, Meersalz",SPI-00-139378-5,0.72,0.72,grams,,,0.80012,0.72,grams
FV4053A - Gochugaru Chicken [DKSE],REC-013455-4-003,Cauliflower - Chili-Garlic Cauliflower Florets,SUB-013454-4-001,135,grams,UNCATEGORIZED BOM,,,,,,,,,,,,,,,,"FA-DE Spice, Onion Powder, Toasted /Gewürze, Zwiebelpulver, geröstet",SPI-00-139371-5,0.35,0.35,grams,,,0.80012,0.35,grams
FV4053A - Gochugaru Chicken [DKSE],REC-013455-4-003,Cauliflower - Chili-Garlic Cauliflower Florets,SUB-013454-4-001,135,grams,UNCATEGORIZED BOM,,,,,,,,,,,,,,,,"FA-DE Spice, Black Pepper, Ground /Gewürz, schwarzer Pfeffer, gemahlen",SPI-00-139334-5,0.35,0.35,grams,,,0.80012,0.35,grams
FV4053A - Gochugaru Chicken [DKSE],REC-013455-4-003,Cauliflower - Chili-Garlic Cauliflower Florets,SUB-013454-4-001,135,grams,UNCATEGORIZED BOM,,,,,,,,,,,,,,,,"FA-DE Spice, Gochugaru Chili Pepper Flakes /Gewürz, Gochugaru-Chili-Pfefferflocken",SPI-00-139356-5,0.35,0.35,grams,,,0.80012,0.35,grams
FV4053A - Gochugaru Chicken [DKSE],REC-013455-4-003,,,,,,,,,,,,,,,,,,,,,"FA-DE Cheese, Mozzarella, Shredded /Käse, Mozzarella, gerieben",DAI-00-139125-3,15,15,grams,MILCH (EINSCHLIESSLICH LAKTOSE),,,15,grams
Frozen Shrimp - Thawed,SUB-029188-4-001,,,,,,,,,,,,,,,,,,,,,FA-DE Prawns 21/25 /Garnelen 21/25 - IQF,PTN-00-139321-1,138.91,138.91,grams,KREBSTIERE,,,138.91,grams
Frozen Shrimp - Thawed,SUB-029188-4-001,,,,,,,,,,,,,,,,,,,,,FA-DE Water / Wasser,OTH-00-144038-5,208.37,208.37,grams,,,,208.37,grams
Frozen Shrimp - Thawed,SUB-029188-4-001,,,,,,,,,,,,,,,,,,,,,FA-DE Water / Wasser,OTH-00-144038-5,33.34,33.34,grams,,,,33.34,grams
Garlic Broccoli - less salt,SUB-014208-4-002,,,,,,,,,,,,,,,,,,,,,"FA-DE Spice, Sea Salt /Gewürze, Meersalz",SPI-00-139378-5,3.5,3.5,grams,,,,3.5,grams
Garlic Broccoli - less salt,SUB-014208-4-002,,,,,,,,,,,,,,,,,,,,,"FA-DE Broccoli, Florets, /Brokkoli, Röschen",PHF-00-143425-3,1170,1170,grams,,,,1170,grams
Garlic Broccoli - less salt,SUB-014208-4-002,,,,,,,,,,,,,,,,,,,,,"FA-DE Oil, Olive /Öl, Olivenöl",PRO-00-139277-5,61.3,61.3,grams,,,,61.3,grams
Garlic Broccoli - less salt,SUB-014208-4-002,Roasted Garlic (use),SUB-013367-4-001,61.4,grams,"BLAST CHILLER, BRAISER, SPICE PORTIONING",,,,,,,,,,,,,,,,"FA-DE Garlic, Peeled, Whole Cloves [10kg] /Knoblauch, geschält, ganze Nelken [10kg]",PHF-00-139197-3,61.89,61.89,grams,,,0.56691,61.89,grams
Garlic Broccoli - less salt,SUB-014208-4-002,Roasted Garlic (use),SUB-013367-4-001,61.4,grams,"BLAST CHILLER, BRAISER, SPICE PORTIONING",,,,,,,,,,,,,,,,"FA-DE Oil, Olive /Öl, Olivenöl",PRO-00-139277-5,46.42,46.42,grams,,,0.56691,46.42,grams
Garlic and Chive Roasted Cauliflower Florets,SUB-029387-4-001,,,,,,,,,,,,,,,,,,,,,"FA-DE Cauliflower, Florets /Blumenkohl, Röschen",PHF-00-143426-3,63.4,63.4,grams,,,,63.4,grams
Garlic and Chive Roasted Cauliflower Florets,SUB-029387-4-001,,,,,,,,,,,,,,,,,,,,,"FA-DE Spice, Black Pepper, Ground /Gewürz, schwarzer Pfeffer, gemahlen",SPI-00-139334-5,0.1,0.1,grams,,,,0.1,grams
Garlic and Chive Roasted Cauliflower Florets,SUB-029387-4-001,,,,,,,,,,,,,,,,,,,,,"FA-DE Garlic, IQF, Diced 4 mm /Knoblauch, IQF, gewürfelt 4 mm",PHF-00-139237-1,1.5,1.5,grams,SCHWEFELDIOXIDE UND SULFITE,,,1.5,grams
Garlic and Chive Roasted Cauliflower Florets,SUB-029387-4-001,,,,,,,,,,,,,,,,,,,,,"FA-DE Spice, Sea Salt /Gewürze, Meersalz",SPI-00-139378-5,0.1,0.1,grams,,,,0.1,grams
Garlic and Chive Roasted Cauliflower Florets,SUB-029387-4-001,,,,,,,,,,,,,,,,,,,,,"FA-DE Chives, Dried /Schnittlauch, getrocknet",SPI-00-139322-5,0.1,0.1,grams,,,,0.1,grams
Garlic and Chive Roasted Cauliflower Florets,SUB-029387-4-001,,,,,,,,,,,,,,,,,,,,,"FA-DE Oil, Olive /Öl, Olivenöl",PRO-00-139277-5,2.6,2.6,grams,,,,2.6,grams
"Green Beans -Roasted Green Beans w/Roasted Garlic less oil, less fat",SUB-032114-4-001,,,,,,,,,,,,,,,,,,,,,"FA-DE Spice, Black Pepper, Ground /Gewürz, schwarzer Pfeffer, gemahlen",SPI-00-139334-5,1,1,grams,,,,1,grams
"Green Beans -Roasted Green Beans w/Roasted Garlic less oil, less fat",SUB-032114-4-001,,,,,,,,,,,,,,,,,,,,,"FA-DE Spice, Sea Salt /Gewürze, Meersalz",SPI-00-139378-5,5,5,grams,,,,5,grams
"Green Beans -Roasted Green Beans w/Roasted Garlic less oil, less fat",SUB-032114-4-001,Roasted Garlic (use),SUB-013367-4-001,42.52,grams,"BLAST CHILLER, BRAISER, SPICE PORTIONING",,,,,,,,,,,,,,,,"FA-DE Garlic, Peeled, Whole Cloves [10kg] /Knoblauch, geschält, ganze Nelken [10kg]",PHF-00-139197-3,42.86,42.86,grams,,,0.56691,42.86,grams
"Green Beans -Roasted Green Beans w/Roasted Garlic less oil, less fat",SUB-032114-4-001,Roasted Garlic (use),SUB-013367-4-001,42.52,grams,"BLAST CHILLER, BRAISER, SPICE PORTIONING",,,,,,,,,,,,,,,,"FA-DE Oil, Olive /Öl, Olivenöl",PRO-00-139277-5,32.14,32.14,grams,,,0.56691,32.14,grams
"Green Beans -Roasted Green Beans w/Roasted Garlic less oil, less fat",SUB-032114-4-001,,,,,,,,,,,,,,,,,,,,,"FA-DE Green Beans, Fresh and Trimmed/Grüne Bohnen, frisch und geschnitten",PHF-00-139198-3,1410,1410,grams,,,,1410,grams
"Green Beans -Roasted Green Beans w/Roasted Garlic less oil, less fat",SUB-032114-4-001,,,,,,,,,,,,,,,,,,,,,"FA-DE Oil, Olive /Öl, Olivenöl",PRO-00-139277-5,37.7,37.7,grams,,,,37.7,grams
Green beans - Roasted Green Beans w/ Roasted Garlic - Less Oil,SUB-013529-4-001,,,,,,,,,,,,,,,,,,,,,"FA-DE Spice, Black Pepper, Ground /Gewürz, schwarzer Pfeffer, gemahlen",SPI-00-139334-5,1,1,grams,,,,1,grams
Green beans - Roasted Green Beans w/ Roasted Garlic - Less Oil,SUB-013529-4-001,,,,,,,,,,,,,,,,,,,,,"FA-DE Spice, Sea Salt /Gewürze, Meersalz",SPI-00-139378-5,2.84,2.84,grams,,,,2.84,grams
Green beans - Roasted Green Beans w/ Roasted Garlic - Less Oil,SUB-013529-4-001,Roasted Garlic (use),SUB-013367-4-001,42.52,grams,"BLAST CHILLER, BRAISER, SPICE PORTIONING",,,,,,,,,,,,,,,,"FA-DE Garlic, Peeled, Whole Cloves [10kg] /Knoblauch, geschält, ganze Nelken [10kg]",PHF-00-139197-3,42.86,42.86,grams,,,0.56691,42.86,grams
Green beans - Roasted Green Beans w/ Roasted Garlic - Less Oil,SUB-013529-4-001,Roasted Garlic (use),SUB-013367-4-001,42.52,grams,"BLAST CHILLER, BRAISER, SPICE PORTIONING",,,,,,,,,,,,,,,,"FA-DE Oil, Olive /Öl, Olivenöl",PRO-00-139277-5,32.14,32.14,grams,,,0.56691,32.14,grams
Green beans - Roasted Green Beans w/ Roasted Garlic - Less Oil,SUB-013529-4-001,,,,,,,,,,,,,,,,,,,,,"FA-DE Green Beans, Fresh and Trimmed/Grüne Bohnen, frisch und geschnitten",PHF-00-139198-3,1410,1410,grams,,,,1410,grams
Green beans - Roasted Green Beans w/ Roasted Garlic - Less Oil,SUB-013529-4-001,,,,,,,,,,,,,,,,,,,,,"FA-DE Oil, Olive /Öl, Olivenöl",PRO-00-139277-5,56.7,56.7,grams,,,,56.7,grams
Green beans - oil and sea salt,SUB-013552-4-001,,,,,,,,,,,,,,,,,,,,,"FA-DE Oil, Olive /Öl, Olivenöl",PRO-00-139277-5,1.7,1.7,grams,,,,1.7,grams
Green beans - oil and sea salt,SUB-013552-4-001,,,,,,,,,,,,,,,,,,,,,"FA-DE Green Beans, Fresh and Trimmed/Grüne Bohnen, frisch und geschnitten",PHF-00-139198-3,83.92,83.92,grams,,,,83.92,grams
Green beans - oil and sea salt,SUB-013552-4-001,,,,,,,,,,,,,,,,,,,,,"FA-DE Spice, Sea Salt /Gewürze, Meersalz",SPI-00-139378-5,0.28,0.28,grams,,,,0.28,grams
Grilled Chicken Breast Marinade #4 - Garlic Herb (EACH),SUB-014216-4-001,Chicken Breast - BRINED 160g,SUB-013527-4-001,160,grams,BRINE,,,,,,,,,,,,,,,,"FA-DE Chicken, Breast, B/S - 160g/Hähnchen, Brust, B/S – 160 g",PTN-00-139317-3,160,160,grams,,,0.4978,160,grams
Grilled Chicken Breast Marinade #4 - Garlic Herb (EACH),SUB-014216-4-001,Chicken Breast - BRINED 160g,SUB-013527-4-001,160,grams,BRINE,,,,,,,,,,,,,,,,FA-DE Water / Wasser,OTH-00-144038-5,160,160,grams,,,0.4978,160,grams
Grilled Chicken Breast Marinade #4 - Garlic Herb (EACH),SUB-014216-4-001,Chicken Breast - BRINED 160g,SUB-013527-4-001,160,grams,BRINE,,,,,,,,,,,,,,,,"FA-DE Spice, Sea Salt /Gewürze, Meersalz",SPI-00-139378-5,1.41,1.41,grams,,,0.4978,1.41,grams
Grilled Chicken Breast Marinade #4 - Garlic Herb (EACH),SUB-014216-4-001,Mod Marinade #4 - Garlic and Herb,SUB-013452-4-001,4.5,grams,IMMERSION BLENDER,,,,,,,,,,,,,,,,"FA-DE Oil, Olive /Öl, Olivenöl",PRO-00-139277-5,2.45,2.45,grams,,,0.98976,2.45,grams
Grilled Chicken Breast Marinade #4 - Garlic Herb (EACH),SUB-014216-4-001,Mod Marinade #4 - Garlic and Herb,SUB-013452-4-001,4.5,grams,IMMERSION BLENDER,,,,,,,,,,,,,,,,"FA-DE Vinegar, Red Wine /Essig, Rotwein",PRO-00-139301-5,0.82,0.82,grams,,,0.98976,0.82,grams
Grilled Chicken Breast Marinade #4 - Garlic Herb (EACH),SUB-014216-4-001,Mod Marinade #4 - Garlic and Herb,SUB-013452-4-001,4.5,grams,IMMERSION BLENDER,,,,,,,,,,,,,,,,"FA-DE Garlic, IQF, Diced 4 mm /Knoblauch, IQF, gewürfelt 4 mm",PHF-00-139237-1,0.82,0.82,grams,SCHWEFELDIOXIDE UND SULFITE,,0.98976,0.82,grams
Grilled Chicken Breast Marinade #4 - Garlic Herb (EACH),SUB-014216-4-001,Mod Marinade #4 - Garlic and Herb,SUB-013452-4-001,4.5,grams,IMMERSION BLENDER,,,,,,,,,,,,,,,,"FA-DE Spice, Garlic Granulated /Gewürz, Knoblauch granuliert",SPI-00-139353-5,0.19,0.19,grams,,,0.98976,0.19,grams
Grilled Chicken Breast Marinade #4 - Garlic Herb (EACH),SUB-014216-4-001,Mod Marinade #4 - Garlic and Herb,SUB-013452-4-001,4.5,grams,IMMERSION BLENDER,,,,,,,,,,,,,,,,"FA-DE Spice, Parsley Dried /Gewürze, getrocknete Petersilie",SPI-00-139374-5,0.12,0.12,grams,,,0.98976,0.12,grams
Grilled Chicken Breast Marinade #4 - Garlic Herb (EACH),SUB-014216-4-001,Mod Marinade #4 - Garlic and Herb,SUB-013452-4-001,4.5,grams,IMMERSION BLENDER,,,,,,,,,,,,,,,,"FA-DE Spice, Black Pepper, Ground /Gewürz, schwarzer Pfeffer, gemahlen",SPI-00-139334-5,0.05,0.05,grams,,,0.98976,0.05,grams
Grilled Chicken Breast Marinade #4 - Garlic Herb (EACH),SUB-014216-4-001,Mod Marinade #4 - Garlic and Herb,SUB-013452-4-001,4.5,grams,IMMERSION BLENDER,,,,,,,,,,,,,,,,"FA-DE Spice, Sea Salt /Gewürze, Meersalz",SPI-00-139378-5,0.09,0.09,grams,,,0.98976,0.09,grams
Ground Beef - cooked,SUB-013435-4-001,,,,,,,,,,,,,,,,,,,,,"FA-DE Beef, Ground, 80/20 /Rindfleisch, gemahlen, 80/20",PTN-00-139319-3,45340,45340,grams,,,,45340,grams
Heavy Cream- Yielded,SUB-013449-4-001,,,,,,,,,,,,,,,,,,,,,FA-DE Heavy Cream 20% /Sahne 20%,DAI-00-139137-3,2100,2100,grams,MILCH (EINSCHLIESSLICH LAKTOSE),,,2100,grams
Herb Crusted Chicken Crust,SUB-013810-4-001,,,,,,,,,,,,,,,,,,,,,"FA-DE Butter, Unsalted /Butter, ungesalzen",DAI-00-139146-3,6.8,6.8,grams,MILCH (EINSCHLIESSLICH LAKTOSE),,,6.8,grams
Herb Crusted Chicken Crust,SUB-013810-4-001,,,,,,,,,,,,,,,,,,,,,"FA-DE Mayo, Avocado (Egg) /Mayo, Avocado (Ei)",PRO-00-139271-5,12.19,12.19,grams,"EIER, SENF",,,12.19,grams
Herb Crusted Chicken Crust,SUB-013810-4-001,,,,,,,,,,,,,,,,,,,,,"FA-DE Spice, Basil, Dried /Gewürz, Basilikum, getrocknet",SPI-00-139331-5,0.11,0.11,grams,,,,0.11,grams
Herb Crusted Chicken Crust,SUB-013810-4-001,,,,,,,,,,,,,,,,,,,,,"FA-DE Spice, Parsley Dried /Gewürze, getrocknete Petersilie",SPI-00-139374-5,0.14,0.14,grams,,,,0.14,grams
Herb Crusted Chicken Crust,SUB-013810-4-001,,,,,,,,,,,,,,,,,,,,,"FA-DE Spice, Garlic Granulated /Gewürz, Knoblauch granuliert",SPI-00-139353-5,0.91,0.91,grams,,,,0.91,grams
Herb Crusted Chicken Crust,SUB-013810-4-001,,,,,,,,,,,,,,,,,,,,,"FA-DE Cheese, Parmesan, Grated /Käse, Parmesan, gerieben",DAI-00-139127-3,7.31,7.31,grams,MILCH (EINSCHLIESSLICH LAKTOSE),,,7.31,grams
Herb Crusted Chicken Crust,SUB-013810-4-001,,,,,,,,,,,,,,,,,,,,,"FA-DE Flour, Almond /Mehl, Mandel",DRY-00-139154-5,9.64,9.64,grams,"MANDELN, SCHALENFRÜCHTE",,,9.64,grams
Herb Crusted Chicken Crust,SUB-013810-4-001,,,,,,,,,,,,,,,,,,,,,"FA-DE Spice, Oregano Dry /Gewürz, Oregano trocken",SPI-00-139372-5,0.04,0.04,grams,,,,0.04,grams
Herb Marinade for Pork Tenderloin,SUB-031651-4-001,,,,,,,,,,,,,,,,,,,,,"FA-DE Oil, Olive /Öl, Olivenöl",PRO-00-139277-5,12.73,12.73,grams,,,,12.73,grams
Herb Marinade for Pork Tenderloin,SUB-031651-4-001,,,,,,,,,,,,,,,,,,,,,"FA-DE Spice, Oregano Dry /Gewürz, Oregano trocken",SPI-00-139372-5,0.03,0.03,grams,,,,0.03,grams
Herb Marinade for Pork Tenderloin,SUB-031651-4-001,,,,,,,,,,,,,,,,,,,,,"FA-DE Spice, Garlic Granulated /Gewürz, Knoblauch granuliert",SPI-00-139353-5,0.27,0.27,grams,,,,0.27,grams
Herb Marinade for Pork Tenderloin,SUB-031651-4-001,,,,,,,,,,,,,,,,,,,,,"FA-DE Spice, Parsley Dried /Gewürze, getrocknete Petersilie",SPI-00-139374-5,0.03,0.03,grams,,,,0.03,grams
Herb Marinade for Pork Tenderloin,SUB-031651-4-001,,,,,,,,,,,,,,,,,,,,,"FA-DE Chives, Dried /Schnittlauch, getrocknet",SPI-00-139322-5,0.06,0.06,grams,,,,0.06,grams
Herb Marinade for Pork Tenderloin,SUB-031651-4-001,,,,,,,,,,,,,,,,,,,,,"FA-DE Spice, Sea Salt /Gewürze, Meersalz",SPI-00-139378-5,0.31,0.31,grams,,,,0.31,grams
Herb Marinade for Pork Tenderloin,SUB-031651-4-001,,,,,,,,,,,,,,,,,,,,,"FA-DE Spice, Onion Granulated /Gewürze, Zwiebeln granuliert",SPI-00-139370-5,0.14,0.14,grams,,,,0.14,grams
Herb Marinade for Pork Tenderloin,SUB-031651-4-001,,,,,,,,,,,,,,,,,,,,,"FA-DE Spice, Black Pepper, Ground /Gewürz, schwarzer Pfeffer, gemahlen",SPI-00-139334-5,0.21,0.21,grams,,,,0.21,grams
Herb-Crusted Chicken - 1 piece,SUB-013811-4-001,Chicken Breast - BRINED 160g,SUB-013527-4-001,160,grams,BRINE,,,,,,,,,,,,,,,,"FA-DE Chicken, Breast, B/S - 160g/Hähnchen, Brust, B/S – 160 g",PTN-00-139317-3,160,160,grams,,,0.4978,160,grams
Herb-Crusted Chicken - 1 piece,SUB-013811-4-001,Chicken Breast - BRINED 160g,SUB-013527-4-001,160,grams,BRINE,,,,,,,,,,,,,,,,FA-DE Water / Wasser,OTH-00-144038-5,160,160,grams,,,0.4978,160,grams
Herb-Crusted Chicken - 1 piece,SUB-013811-4-001,Chicken Breast - BRINED 160g,SUB-013527-4-001,160,grams,BRINE,,,,,,,,,,,,,,,,"FA-DE Spice, Sea Salt /Gewürze, Meersalz",SPI-00-139378-5,1.41,1.41,grams,,,0.4978,1.41,grams
Herb-Crusted Chicken - 1 piece,SUB-013811-4-001,Herb Crusted Chicken Crust,SUB-013810-4-001,30,grams,PLANETARY MIXER,,,,,,,,,,,,,,,,"FA-DE Butter, Unsalted /Butter, ungesalzen",DAI-00-139146-3,5.54,5.54,grams,MILCH (EINSCHLIESSLICH LAKTOSE),,0.99085,5.54,grams
Herb-Crusted Chicken - 1 piece,SUB-013811-4-001,Herb Crusted Chicken Crust,SUB-013810-4-001,30,grams,PLANETARY MIXER,,,,,,,,,,,,,,,,"FA-DE Mayo, Avocado (Egg) /Mayo, Avocado (Ei)",PRO-00-139271-5,9.94,9.94,grams,"EIER, SENF",,0.99085,9.94,grams
Herb-Crusted Chicken - 1 piece,SUB-013811-4-001,Herb Crusted Chicken Crust,SUB-013810-4-001,30,grams,PLANETARY MIXER,,,,,,,,,,,,,,,,"FA-DE Spice, Basil, Dried /Gewürz, Basilikum, getrocknet",SPI-00-139331-5,0.09,0.09,grams,,,0.99085,0.09,grams
Herb-Crusted Chicken - 1 piece,SUB-013811-4-001,Herb Crusted Chicken Crust,SUB-013810-4-001,30,grams,PLANETARY MIXER,,,,,,,,,,,,,,,,"FA-DE Spice, Parsley Dried /Gewürze, getrocknete Petersilie",SPI-00-139374-5,0.11,0.11,grams,,,0.99085,0.11,grams
Herb-Crusted Chicken - 1 piece,SUB-013811-4-001,Herb Crusted Chicken Crust,SUB-013810-4-001,30,grams,PLANETARY MIXER,,,,,,,,,,,,,,,,"FA-DE Spice, Garlic Granulated /Gewürz, Knoblauch granuliert",SPI-00-139353-5,0.74,0.74,grams,,,0.99085,0.74,grams
Herb-Crusted Chicken - 1 piece,SUB-013811-4-001,Herb Crusted Chicken Crust,SUB-013810-4-001,30,grams,PLANETARY MIXER,,,,,,,,,,,,,,,,"FA-DE Cheese, Parmesan, Grated /Käse, Parmesan, gerieben",DAI-00-139127-3,5.96,5.96,grams,MILCH (EINSCHLIESSLICH LAKTOSE),,0.99085,5.96,grams
Herb-Crusted Chicken - 1 piece,SUB-013811-4-001,Herb Crusted Chicken Crust,SUB-013810-4-001,30,grams,PLANETARY MIXER,,,,,,,,,,,,,,,,"FA-DE Flour, Almond /Mehl, Mandel",DRY-00-139154-5,7.86,7.86,grams,"MANDELN, SCHALENFRÜCHTE",,0.99085,7.86,grams
Herb-Crusted Chicken - 1 piece,SUB-013811-4-001,Herb Crusted Chicken Crust,SUB-013810-4-001,30,grams,PLANETARY MIXER,,,,,,,,,,,,,,,,"FA-DE Spice, Oregano Dry /Gewürz, Oregano trocken",SPI-00-139372-5,0.03,0.03,grams,,,0.99085,0.03,grams
Herb-Parmesan Butter (best),SUB-014168-4-001,Spice Pack Herb-Parmesan Butter (best),SUB-014167-4-001,2.55,grams,HAND MIX,,,,,,,,,,,,,,,,"FA-DE Spice, Sea Salt /Gewürze, Meersalz",SPI-00-139378-5,0.1,0.1,grams,,,1.00385,0.1,grams
Herb-Parmesan Butter (best),SUB-014168-4-001,Spice Pack Herb-Parmesan Butter (best),SUB-014167-4-001,2.55,grams,HAND MIX,,,,,,,,,,,,,,,,"FA-DE Chives, Dried /Schnittlauch, getrocknet",SPI-00-139322-5,0.08,0.08,grams,,,1.00385,0.08,grams
Herb-Parmesan Butter (best),SUB-014168-4-001,Spice Pack Herb-Parmesan Butter (best),SUB-014167-4-001,2.55,grams,HAND MIX,,,,,,,,,,,,,,,,"FA-DE Cheese, Parmesan, Grated /Käse, Parmesan, gerieben",DAI-00-139127-3,2.19,2.19,grams,MILCH (EINSCHLIESSLICH LAKTOSE),,1.00385,2.19,grams
Herb-Parmesan Butter (best),SUB-014168-4-001,Spice Pack Herb-Parmesan Butter (best),SUB-014167-4-001,2.55,grams,HAND MIX,,,,,,,,,,,,,,,,"FA-DE Spice, Black Pepper, Ground /Gewürz, schwarzer Pfeffer, gemahlen",SPI-00-139334-5,0.1,0.1,grams,,,1.00385,0.1,grams
Herb-Parmesan Butter (best),SUB-014168-4-001,Spice Pack Herb-Parmesan Butter (best),SUB-014167-4-001,2.55,grams,HAND MIX,,,,,,,,,,,,,,,,"FA-DE Spice, Parsley Dried /Gewürze, getrocknete Petersilie",SPI-00-139374-5,0.08,0.08,grams,,,1.00385,0.08,grams
Herb-Parmesan Butter (best),SUB-014168-4-001,,,,,,,,,,,,,,,,,,,,,"FA-DE Butter, Unsalted /Butter, ungesalzen",DAI-00-139146-3,10.15,10.15,grams,MILCH (EINSCHLIESSLICH LAKTOSE),,,10.15,grams
Jalapeno Roasted Zucchini,SUB-013881-4-001,,,,,,,,,,,,,,,,,,,,,"FA-DE Spice, Sea Salt /Gewürze, Meersalz",SPI-00-139378-5,0.55,0.55,grams,,,,0.55,grams
Jalapeno Roasted Zucchini,SUB-013881-4-001,Roasted Garlic oil,SUB-013367-4-002,1.55,grams,"BLAST CHILLER, OVEN",,,,,,,,,,,,,,,,"FA-DE Garlic, Peeled, Whole Cloves [10kg] /Knoblauch, geschält, ganze Nelken [10kg]",PHF-00-139197-3,2.13,2.13,grams,,,0.415,2.13,grams
Jalapeno Roasted Zucchini,SUB-013881-4-001,Roasted Garlic oil,SUB-013367-4-002,1.55,grams,"BLAST CHILLER, OVEN",,,,,,,,,,,,,,,,"FA-DE Oil, Olive /Öl, Olivenöl",PRO-00-139277-5,1.6,1.6,grams,,,0.415,1.6,grams
Jalapeno Roasted Zucchini,SUB-013881-4-001,,,,,,,,,,,,,,,,,,,,,"FA-DE Spice, Cumin Ground /Gewürz, gemahlener Kreuzkümmel",SPI-00-139345-5,0.17,0.17,grams,,,,0.17,grams
Jalapeno Roasted Zucchini,SUB-013881-4-001,,,,,,,,,,,,,,,,,,,,,"FA-DE Zucchini, Diced 10mm /Zucchini, gewürfelt 10 mm",PHF-00-139229-3,75.8,75.8,grams,,,,75.8,grams
Jalapeno Roasted Zucchini,SUB-013881-4-001,,,,,,,,,,,,,,,,,,,,,"FA-DE Spice, Jalapeno Powder /Gewürz, Jalapeno-Pulver",SPI-00-139360-5,0.21,0.21,grams,,,,0.21,grams
Keto Jalapeno - Cilantro Ground beef,SUB-013882-4-001,Ground Beef - cooked,SUB-013435-4-001,1700,grams,"BLAST CHILLER, BRAISER",,,,,,,,,,,,,,,,"FA-DE Beef, Ground, 80/20 /Rindfleisch, gemahlen, 80/20",PTN-00-139319-3,2383.36,2383.36,grams,,,0.71328,2383.36,grams
Keto Jalapeno - Cilantro Ground beef,SUB-013882-4-001,Keto Jalapeno - Cilantro Ground beef - Inclusions,SUB-013882-4-002,429.37,grams,"BLAST CHILLER, BRAISER, SPICE PORTIONING",,,,,,,,,,,,,,,,"FA-DE Bell Peppers, Green, Diced 10mm /Paprika, grün, gewürfelt 10 mm",PHF-00-139176-3,179.05,179.05,grams,,,0.95,179.05,grams
Keto Jalapeno - Cilantro Ground beef,SUB-013882-4-001,Keto Jalapeno - Cilantro Ground beef - Inclusions,SUB-013882-4-002,429.37,grams,"BLAST CHILLER, BRAISER, SPICE PORTIONING",,,,,,,,,,,,,,,,"FA-DE Coriander, Chopped /Koriander, gehackt",PHF-00-139192-3,59.68,59.68,grams,,,0.95,59.68,grams
Keto Jalapeno - Cilantro Ground beef,SUB-013882-4-001,Keto Jalapeno - Cilantro Ground beef - Inclusions,SUB-013882-4-002,429.37,grams,"BLAST CHILLER, BRAISER, SPICE PORTIONING",,,,,,,,,,,,,,,,"FA-DE Oil, Olive /Öl, Olivenöl",PRO-00-139277-5,29.84,29.84,grams,,,0.95,29.84,grams
Keto Jalapeno - Cilantro Ground beef,SUB-013882-4-001,Keto Jalapeno - Cilantro Ground beef - Inclusions,SUB-013882-4-002,429.37,grams,"BLAST CHILLER, BRAISER, SPICE PORTIONING",,,,,,,,,,,,,,,,"FA-DE Spice, Jalapeno Powder /Gewürz, Jalapeno-Pulver",SPI-00-139360-5,2.98,2.98,grams,,,0.95,2.98,grams
Keto Jalapeno - Cilantro Ground beef,SUB-013882-4-001,Keto Jalapeno - Cilantro Ground beef - Inclusions,SUB-013882-4-002,429.37,grams,"BLAST CHILLER, BRAISER, SPICE PORTIONING",,,,,,,,,,,,,,,,"FA-DE Spice, Cumin Ground /Gewürz, gemahlener Kreuzkümmel",SPI-00-139345-5,15.52,15.52,grams,,,0.95,15.52,grams
Keto Jalapeno - Cilantro Ground beef,SUB-013882-4-001,Keto Jalapeno - Cilantro Ground beef - Inclusions,SUB-013882-4-002,429.37,grams,"BLAST CHILLER, BRAISER, SPICE PORTIONING",,,,,,,,,,,,,,,,"FA-DE Spice, Crushed Red Pepper Flakes /Gewürz, zerkleinerte rote Pfefferflocken",SPI-00-139344-5,0.53,0.53,grams,,,0.95,0.53,grams
Keto Jalapeno - Cilantro Ground beef,SUB-013882-4-001,Keto Jalapeno - Cilantro Ground beef - Inclusions,SUB-013882-4-002,429.37,grams,"BLAST CHILLER, BRAISER, SPICE PORTIONING",,,,,,,,,,,,,,,,"FA-DE Jalapeno Peppers, Diced 5mm /Jalapeno-Paprikaschoten, gewürfelt, 5 mm",PHF-00-139201-3,119.37,119.37,grams,,,0.95,119.37,grams
Keto Jalapeno - Cilantro Ground beef,SUB-013882-4-001,Keto Jalapeno - Cilantro Ground beef - Inclusions,SUB-013882-4-002,429.37,grams,"BLAST CHILLER, BRAISER, SPICE PORTIONING",,,,,,,,,,,,,,,,"FA-DE Spice, Garlic Granulated /Gewürz, Knoblauch granuliert",SPI-00-139353-5,14.92,14.92,grams,,,0.95,14.92,grams
Keto Jalapeno - Cilantro Ground beef,SUB-013882-4-001,Keto Jalapeno - Cilantro Ground beef - Inclusions,SUB-013882-4-002,429.37,grams,"BLAST CHILLER, BRAISER, SPICE PORTIONING",,,,,,,,,,,,,,,,"FA-DE Spice, Sea Salt /Gewürze, Meersalz",SPI-00-139378-5,14.96,14.96,grams,,,0.95,14.96,grams
Keto Jalapeno - Cilantro Ground beef,SUB-013882-4-001,Keto Jalapeno - Cilantro Ground beef - Inclusions,SUB-013882-4-002,429.37,grams,"BLAST CHILLER, BRAISER, SPICE PORTIONING",,,,,,,,,,,,,,,,"FA-DE Spice, Oregano Dry /Gewürz, Oregano trocken",SPI-00-139372-5,0.21,0.21,grams,,,0.95,0.21,grams
Keto Jalapeno - Cilantro Ground beef,SUB-013882-4-001,Keto Jalapeno - Cilantro Ground beef - Inclusions,SUB-013882-4-002,429.37,grams,"BLAST CHILLER, BRAISER, SPICE PORTIONING",,,,,,,,,,,,,,,,"FA-DE Spice, Onion Granulated /Gewürze, Zwiebeln granuliert",SPI-00-139370-5,14.92,14.92,grams,,,0.95,14.92,grams
Keto Jalapeno - Cilantro Ground beef - Inclusions,SUB-013882-4-002,,,,,,,,,,,,,,,,,,,,,"FA-DE Bell Peppers, Green, Diced 10mm /Paprika, grün, gewürfelt 10 mm",PHF-00-139176-3,170.1,170.1,grams,,,,170.1,grams
Keto Jalapeno - Cilantro Ground beef - Inclusions,SUB-013882-4-002,,,,,,,,,,,,,,,,,,,,,"FA-DE Coriander, Chopped /Koriander, gehackt",PHF-00-139192-3,56.7,56.7,grams,,,,56.7,grams
Keto Jalapeno - Cilantro Ground beef - Inclusions,SUB-013882-4-002,,,,,,,,,,,,,,,,,,,,,"FA-DE Oil, Olive /Öl, Olivenöl",PRO-00-139277-5,28.35,28.35,grams,,,,28.35,grams
Keto Jalapeno - Cilantro Ground beef - Inclusions,SUB-013882-4-002,,,,,,,,,,,,,,,,,,,,,"FA-DE Spice, Jalapeno Powder /Gewürz, Jalapeno-Pulver",SPI-00-139360-5,2.83,2.83,grams,,,,2.83,grams
Keto Jalapeno - Cilantro Ground beef - Inclusions,SUB-013882-4-002,,,,,,,,,,,,,,,,,,,,,"FA-DE Spice, Cumin Ground /Gewürz, gemahlener Kreuzkümmel",SPI-00-139345-5,14.74,14.74,grams,,,,14.74,grams
Keto Jalapeno - Cilantro Ground beef - Inclusions,SUB-013882-4-002,,,,,,,,,,,,,,,,,,,,,"FA-DE Spice, Crushed Red Pepper Flakes /Gewürz, zerkleinerte rote Pfefferflocken",SPI-00-139344-5,0.5,0.5,grams,,,,0.5,grams
Keto Jalapeno - Cilantro Ground beef - Inclusions,SUB-013882-4-002,,,,,,,,,,,,,,,,,,,,,"FA-DE Jalapeno Peppers, Diced 5mm /Jalapeno-Paprikaschoten, gewürfelt, 5 mm",PHF-00-139201-3,113.4,113.4,grams,,,,113.4,grams
Keto Jalapeno - Cilantro Ground beef - Inclusions,SUB-013882-4-002,,,,,,,,,,,,,,,,,,,,,"FA-DE Spice, Garlic Granulated /Gewürz, Knoblauch granuliert",SPI-00-139353-5,14.17,14.17,grams,,,,14.17,grams
Keto Jalapeno - Cilantro Ground beef - Inclusions,SUB-013882-4-002,,,,,,,,,,,,,,,,,,,,,"FA-DE Spice, Sea Salt /Gewürze, Meersalz",SPI-00-139378-5,14.21,14.21,grams,,,,14.21,grams
Keto Jalapeno - Cilantro Ground beef - Inclusions,SUB-013882-4-002,,,,,,,,,,,,,,,,,,,,,"FA-DE Spice, Oregano Dry /Gewürz, Oregano trocken",SPI-00-139372-5,0.2,0.2,grams,,,,0.2,grams
Keto Jalapeno - Cilantro Ground beef - Inclusions,SUB-013882-4-002,,,,,,,,,,,,,,,,,,,,,"FA-DE Spice, Onion Granulated /Gewürze, Zwiebeln granuliert",SPI-00-139370-5,14.17,14.17,grams,,,,14.17,grams
Lebanese Green Beans Batch,SUB-030311-4-001,,,,,,,,,,,,,,,,,,,,,"FA-DE Oil, Olive /Öl, Olivenöl",PRO-00-139277-5,3.22,3.22,grams,,,,3.22,grams
Lebanese Green Beans Batch,SUB-030311-4-001,,,,,,,,,,,,,,,,,,,,,"FA-DE Onion, Red, Diced 5mm /Zwiebeln, rot, gewürfelt 5 mm",PHF-00-139213-3,6.44,6.44,grams,,,,6.44,grams
Lebanese Green Beans Batch,SUB-030311-4-001,,,,,,,,,,,,,,,,,,,,,"FA-DE Garlic, IQF, Diced 4 mm /Knoblauch, IQF, gewürfelt 4 mm",PHF-00-139237-1,3.22,3.22,grams,SCHWEFELDIOXIDE UND SULFITE,,,3.22,grams
Lebanese Green Beans Batch,SUB-030311-4-001,,,,,,,,,,,,,,,,,,,,,"FA-DE Tomatoes, Crushed /Tomaten, zerkleinert",PRO-00-139294-5,19.33,19.33,grams,,,,19.33,grams
Lebanese Green Beans Batch,SUB-030311-4-001,,,,,,,,,,,,,,,,,,,,,"FA-DE Spice, Cumin Ground /Gewürz, gemahlener Kreuzkümmel",SPI-00-139345-5,0.62,0.62,grams,,,,0.62,grams
Lebanese Green Beans Batch,SUB-030311-4-001,,,,,,,,,,,,,,,,,,,,,"FA-DE Spice, Cinnamon Ground /Gewürz, gemahlener Zimt",SPI-00-139341-5,0.15,0.15,grams,,,,0.15,grams
Lebanese Green Beans Batch,SUB-030311-4-001,,,,,,,,,,,,,,,,,,,,,"FA-DE Spice, Sea Salt /Gewürze, Meersalz",SPI-00-139378-5,0.31,0.31,grams,,,,0.31,grams
Lebanese Green Beans Batch,SUB-030311-4-001,Steamed Green Beans,SUB-030310-4-001,43.61,grams,UNCATEGORIZED BOM,,,,,,,,,,,,,,,,"FA-DE Green Beans, Fresh, Cut 40mm /Grüne Bohnen, frisch, geschnitten 40mm",PHF-00-139199-3,56.85,56.85,grams,,,0.75022,56.85,grams
Lebanese Green Beans Batch,SUB-030311-4-001,Steamed Green Beans,SUB-030310-4-001,43.61,grams,UNCATEGORIZED BOM,,,,,,,,,,,,,,,,"FA-DE Oil, Olive /Öl, Olivenöl",PRO-00-139277-5,1.14,1.14,grams,,,0.75022,1.14,grams
Lebanese Green Beans Batch,SUB-030311-4-001,Steamed Green Beans,SUB-030310-4-001,43.61,grams,UNCATEGORIZED BOM,,,,,,,,,,,,,,,,"FA-DE Spice, Sea Salt /Gewürze, Meersalz",SPI-00-139378-5,0.14,0.14,grams,,,0.75022,0.14,grams
Lemon Garlic Cream Sauce,SUB-030358-4-001,,,,,,,,,,,,,,,,,,,,,"FA-DE Oil, Olive /Öl, Olivenöl",PRO-00-139277-5,17.37,17.37,grams,,,,17.37,grams
Lemon Garlic Cream Sauce,SUB-030358-4-001,,,,,,,,,,,,,,,,,,,,,"FA-DE Garlic, IQF, Diced 4 mm /Knoblauch, IQF, gewürfelt 4 mm",PHF-00-139237-1,17.73,17.73,grams,SCHWEFELDIOXIDE UND SULFITE,,,17.73,grams
Lemon Garlic Cream Sauce,SUB-030358-4-001,,,,,,,,,,,,,,,,,,,,,"FA-DE Milk, Semi-Skimmed /Milch, teilentrahmt",DAI-00-139139-3,178.55,178.55,grams,MILCH (EINSCHLIESSLICH LAKTOSE),,,178.55,grams
Lemon Garlic Cream Sauce,SUB-030358-4-001,,,,,,,,,,,,,,,,,,,,,"FA-DE Juice, Lemon /Saft, Zitrone",PRO-00-139265-5,139.33,139.33,grams,,,,139.33,grams
Lemon Garlic Cream Sauce,SUB-030358-4-001,,,,,,,,,,,,,,,,,,,,,"FA-DE Cheese, Parmesan, Grated /Käse, Parmesan, gerieben",DAI-00-139127-3,130.9,130.9,grams,MILCH (EINSCHLIESSLICH LAKTOSE),,,130.9,grams
Lemon Garlic Cream Sauce,SUB-030358-4-001,,,,,,,,,,,,,,,,,,,,,"FA-DE Spice, Sea Salt /Gewürze, Meersalz",SPI-00-139378-5,1.09,1.09,grams,,,,1.09,grams
Lemon Garlic Cream Sauce,SUB-030358-4-001,,,,,,,,,,,,,,,,,,,,,"FA-DE Parsley, Chopped /Petersilie, gehackt",PHF-00-139215-3,21.07,21.07,grams,,,,21.07,grams
Lemon Garlic Cream Sauce,SUB-030358-4-001,,,,,,,,,,,,,,,,,,,,,"FA-DE Spice, Garlic Granulated /Gewürz, Knoblauch granuliert",SPI-00-139353-5,4.3,4.3,grams,,,,4.3,grams
Lemon Garlic Cream Sauce,SUB-030358-4-001,,,,,,,,,,,,,,,,,,,,,"FA-DE Spice, White Pepper /Gewürz, weißer Pfeffer",SPI-00-139387-5,0.84,0.84,grams,,,,0.84,grams
Lemon Garlic Cream Sauce,SUB-030358-4-001,,,,,,,,,,,,,,,,,,,,,"FA-DE Spice, Nutmeg Ground /Gewürz, gemahlene Muskatnuss",SPI-00-139368-5,1.4,1.4,grams,,,,1.4,grams
Lemon Garlic Cream Sauce,SUB-030358-4-001,,,,,,,,,,,,,,,,,,,,,"FA-DE Spice, Bay Leaf Powder /Gewürz, Lorbeerblattpulver",SPI-00-139333-5,3.15,3.15,grams,,,,3.15,grams
Lemon Garlic Cream Sauce,SUB-030358-4-001,,,,,,,,,,,,,,,,,,,,,"FA-DE Spice, Cayenne Pepper /Gewürz, Cayennepfeffer",SPI-00-139339-5,3.15,3.15,grams,,,,3.15,grams
Lemon Garlic Cream Sauce,SUB-030358-4-001,Cornstarch Slurry - for Lemon Garlic Cream Sauce,SUB-031600-4-001,216,grams,UNCATEGORIZED BOM,,,,,,,,,,,,,,,,"FA-DE Milk, Semi-Skimmed /Milch, teilentrahmt",DAI-00-139139-3,199.61,199.61,grams,MILCH (EINSCHLIESSLICH LAKTOSE),,0.99889,199.61,grams
Lemon Garlic Cream Sauce,SUB-030358-4-001,Cornstarch Slurry - for Lemon Garlic Cream Sauce,SUB-031600-4-001,216,grams,UNCATEGORIZED BOM,,,,,,,,,,,,,,,,FA-DE Cornstarch /Maisstärke (Maisstärke),DRY-00-150449-5,16.63,16.63,grams,,,0.99889,16.63,grams
Mash - Bell pepper cauliflower mash - rice,SUB-013884-4-001,,,,,,,,,,,,,,,,,,,,,"FA-DE Butter, Unsalted /Butter, ungesalzen",DAI-00-139146-3,11.01,11.01,grams,MILCH (EINSCHLIESSLICH LAKTOSE),,,11.01,grams
Mash - Bell pepper cauliflower mash - rice,SUB-013884-4-001,,,,,,,,,,,,,,,,,,,,,"FA-DE Cheese, White Cheddar, Shredded /Käse, weißer Cheddar, gerieben",DAI-00-139135-3,5.5,5.5,grams,MILCH (EINSCHLIESSLICH LAKTOSE),,,5.5,grams
Mash - Bell pepper cauliflower mash - rice,SUB-013884-4-001,,,,,,,,,,,,,,,,,,,,,"FA-DE Cheese, Cream 22% Fat /Käse, Sahne 22% Fett",DAI-00-139128-3,13.76,13.76,grams,MILCH (EINSCHLIESSLICH LAKTOSE),,,13.76,grams
Mash - Bell pepper cauliflower mash - rice,SUB-013884-4-001,,,,,,,,,,,,,,,,,,,,,"FA-DE Cheese, Parmesan, Grated /Käse, Parmesan, gerieben",DAI-00-139127-3,2.75,2.75,grams,MILCH (EINSCHLIESSLICH LAKTOSE),,,2.75,grams
Mash - Bell pepper cauliflower mash - rice,SUB-013884-4-001,Roasted Green Peppers - 10mm Diced,SUB-013734-4-002,9.93,grams,"BLAST CHILLER, OVEN",,,,,,,,,,,,,,,,"FA-DE Onion, Green, Sliced 5mm /Zwiebel, grün, in Scheiben geschnitten, 5 mm",PHF-00-149803-3,5.19,5.19,grams,,,0.52971,5.19,grams
Mash - Bell pepper cauliflower mash - rice,SUB-013884-4-001,Roasted Green Peppers - 10mm Diced,SUB-013734-4-002,9.93,grams,"BLAST CHILLER, OVEN",,,,,,,,,,,,,,,,"FA-DE Bell Peppers, Green, Diced 10mm /Paprika, grün, gewürfelt 10 mm",PHF-00-139176-3,12.99,12.99,grams,,,0.52971,12.99,grams
Mash - Bell pepper cauliflower mash - rice,SUB-013884-4-001,Roasted Green Peppers - 10mm Diced,SUB-013734-4-002,9.93,grams,"BLAST CHILLER, OVEN",,,,,,,,,,,,,,,,"FA-DE Spice, Sea Salt /Gewürze, Meersalz",SPI-00-139378-5,0.57,0.57,grams,,,0.52971,0.57,grams
Mash - Bell pepper cauliflower mash - rice,SUB-013884-4-001,Steamed Cauliflower Rice,SUB-029075-4-001,68.81,grams,OVEN,,,,,,,,,,,,,,,,"FA-DE Cauliflower, Riced, IQF /Blumenkohl, Reis, IQF",PHF-00-139233-1,72.46,72.46,grams,,,0.94962,72.46,grams
Mash - Creamy Sweet Potato Puree (more salt),SUB-014156-4-001,,,,,,,,,,,,,,,,,,,,,"FA-DE Cheese, Cream, 13% Fat (Milk) /Käse, Sahne, 13% Fett",DAI-00-139122-3,42.24,42.24,grams,MILCH (EINSCHLIESSLICH LAKTOSE),,,42.24,grams
Mash - Creamy Sweet Potato Puree (more salt),SUB-014156-4-001,,,,,,,,,,,,,,,,,,,,,"FA-DE Milk, Semi-Skimmed /Milch, teilentrahmt",DAI-00-139139-3,103.19,103.19,grams,MILCH (EINSCHLIESSLICH LAKTOSE),,,103.19,grams
Mash - Creamy Sweet Potato Puree (more salt),SUB-014156-4-001,,,,,,,,,,,,,,,,,,,,,"FA-DE Spice, Sage, Rubbed /Gewürz, Salbei, gerieben",SPI-00-139377-5,0.28,0.28,grams,,,,0.28,grams
Mash - Creamy Sweet Potato Puree (more salt),SUB-014156-4-001,,,,,,,,,,,,,,,,,,,,,"FA-DE Spice, Sea Salt /Gewürze, Meersalz",SPI-00-139378-5,5.1,5.1,grams,,,,5.1,grams
Mash - Creamy Sweet Potato Puree (more salt),SUB-014156-4-001,Steamed Sweet Potato,SUB-013509-4-002,748.43,grams,"BLAST CHILLER, OVEN",,,,,,,,,,,,,,,,"FA-DE Potatoes, Sweet, Diced 10mm /Kartoffeln, süß, gewürfelt 10 mm",PHF-00-139221-3,767.33,767.33,grams,,,0.97538,767.33,grams
Mash - Garlic Herb Mashed Cauliflower - Rice,SUB-013551-4-001,Steamed Cauliflower Rice,SUB-029075-4-001,72.03,grams,OVEN,,,,,,,,,,,,,,,,"FA-DE Cauliflower, Riced, IQF /Blumenkohl, Reis, IQF",PHF-00-139233-1,75.85,75.85,grams,,,0.94962,75.85,grams
Mash - Garlic Herb Mashed Cauliflower - Rice,SUB-013551-4-001,,,,,,,,,,,,,,,,,,,,,"FA-DE Cheese, Cream, 13% Fat (Milk) /Käse, Sahne, 13% Fett",DAI-00-139122-3,10.39,10.39,grams,MILCH (EINSCHLIESSLICH LAKTOSE),,,10.39,grams
Mash - Garlic Herb Mashed Cauliflower - Rice,SUB-013551-4-001,,,,,,,,,,,,,,,,,,,,,"FA-DE Butter, Unsalted /Butter, ungesalzen",DAI-00-139146-3,10.31,10.31,grams,MILCH (EINSCHLIESSLICH LAKTOSE),,,10.31,grams
Mash - Garlic Herb Mashed Cauliflower - Rice,SUB-013551-4-001,Roasted Garlic (use),SUB-013367-4-001,1.58,grams,"BLAST CHILLER, BRAISER, SPICE PORTIONING",,,,,,,,,,,,,,,,"FA-DE Garlic, Peeled, Whole Cloves [10kg] /Knoblauch, geschält, ganze Nelken [10kg]",PHF-00-139197-3,1.59,1.59,grams,,,0.56691,1.59,grams
Mash - Garlic Herb Mashed Cauliflower - Rice,SUB-013551-4-001,Roasted Garlic (use),SUB-013367-4-001,1.58,grams,"BLAST CHILLER, BRAISER, SPICE PORTIONING",,,,,,,,,,,,,,,,"FA-DE Oil, Olive /Öl, Olivenöl",PRO-00-139277-5,1.19,1.19,grams,,,0.56691,1.19,grams
Mash - Garlic Herb Mashed Cauliflower - Rice,SUB-013551-4-001,,,,,,,,,,,,,,,,,,,,,"FA-DE Spice, Sea Salt /Gewürze, Meersalz",SPI-00-139378-5,0.53,0.53,grams,,,,0.53,grams
Mash - Garlic Herb Mashed Cauliflower - Rice,SUB-013551-4-001,,,,,,,,,,,,,,,,,,,,,"FA-DE Parsley, Chopped /Petersilie, gehackt",PHF-00-139215-3,0.33,0.33,grams,,,,0.33,grams
Mash - Garlic Herb Mashed Cauliflower - Rice,SUB-013551-4-001,,,,,,,,,,,,,,,,,,,,,"FA-DE Chives, Dried /Schnittlauch, getrocknet",SPI-00-139322-5,0.07,0.07,grams,,,,0.07,grams
Mash - Garlic Herb Mashed Cauliflower - Rice,SUB-013551-4-001,,,,,,,,,,,,,,,,,,,,,"FA-DE Spice, Green Onion Granulated /Gewürz, grüne Zwiebel granuliert",SPI-00-139357-5,0.07,0.07,grams,,,,0.07,grams
Mash - Garlic Herb Mashed Cauliflower - Rice,SUB-013551-4-001,,,,,,,,,,,,,,,,,,,,,"FA-DE Spice, Tarragon, Dry /Gewürze, Estragon, Trockenmasse",SPI-00-139382-5,0.05,0.05,grams,,,,0.05,grams
Mash - Garlic Herb Mashed Cauliflower - Rice,SUB-013551-4-001,,,,,,,,,,,,,,,,,,,,,"FA-DE Spice, Onion Granulated /Gewürze, Zwiebeln granuliert",SPI-00-139370-5,0.43,0.43,grams,,,,0.43,grams
Mash - Garlic Herb Mashed Cauliflower - Rice,SUB-013551-4-001,,,,,,,,,,,,,,,,,,,,,"FA-DE Spice, Black Pepper, Ground /Gewürz, schwarzer Pfeffer, gemahlen",SPI-00-139334-5,0.13,0.13,grams,,,,0.13,grams
Mixed veg - Roasted Peppers & Onions,SUB-026055-4-001,,,,,,,,,,,,,,,,,,,,,"FA-DE Bell Peppers, Red, Sliced 10mm /Paprika, rot, in Scheiben geschnitten, 10 mm",PHF-00-139183-3,522.2,522.2,grams,,,,522.2,grams
Mixed veg - Roasted Peppers & Onions,SUB-026055-4-001,,,,,,,,,,,,,,,,,,,,,"FA-DE Onion, Spanish, Sliced 5mm /Zwiebel, spanisch, in Scheiben geschnitten, 5 mm",PHF-00-139211-3,186.54,186.54,grams,,,,186.54,grams
Mixed veg - Roasted Peppers & Onions,SUB-026055-4-001,,,,,,,,,,,,,,,,,,,,,"FA-DE Oil, Olive /Öl, Olivenöl",PRO-00-139277-5,28.07,28.07,grams,,,,28.07,grams
Mixed veg - Roasted Peppers & Onions,SUB-026055-4-001,,,,,,,,,,,,,,,,,,,,,"FA-DE Spice, Sea Salt /Gewürze, Meersalz",SPI-00-139378-5,1.13,1.13,grams,,,,1.13,grams
Mixed veg - Roasted Peppers & Onions,SUB-026055-4-001,,,,,,,,,,,,,,,,,,,,,"FA-DE Spice, Black Pepper, Ground /Gewürz, schwarzer Pfeffer, gemahlen",SPI-00-139334-5,1.13,1.13,grams,,,,1.13,grams
Mixed veg - Roasted Vegetable BATCH 25% less oil,SUB-014154-4-001,,,,,,,,,,,,,,,,,,,,,"FA-DE Zucchini, Diced 10mm /Zucchini, gewürfelt 10 mm",PHF-00-139229-3,55.28,55.28,grams,,,,55.28,grams
Mixed veg - Roasted Vegetable BATCH 25% less oil,SUB-014154-4-001,,,,,,,,,,,,,,,,,,,,,"FA-DE Garlic, IQF, Diced 4 mm /Knoblauch, IQF, gewürfelt 4 mm",PHF-00-139237-1,0.85,0.85,grams,SCHWEFELDIOXIDE UND SULFITE,,,0.85,grams
Mixed veg - Roasted Vegetable BATCH 25% less oil,SUB-014154-4-001,,,,,,,,,,,,,,,,,,,,,"FA-DE Spice, Parsley Dried /Gewürze, getrocknete Petersilie",SPI-00-139374-5,0.28,0.28,grams,,,,0.28,grams
Mixed veg - Roasted Vegetable BATCH 25% less oil,SUB-014154-4-001,,,,,,,,,,,,,,,,,,,,,"FA-DE Spice, Onion Granulated /Gewürze, Zwiebeln granuliert",SPI-00-139370-5,0.28,0.28,grams,,,,0.28,grams
Mixed veg - Roasted Vegetable BATCH 25% less oil,SUB-014154-4-001,,,,,,,,,,,,,,,,,,,,,"FA-DE Oil, Olive /Öl, Olivenöl",PRO-00-139277-5,2.27,2.27,grams,,,,2.27,grams
Mixed veg - Roasted Vegetable BATCH 25% less oil,SUB-014154-4-001,,,,,,,,,,,,,,,,,,,,,"FA-DE Bell Peppers, Red, Diced 10mm /Paprika, rot, gewürfelt 10 mm",PHF-00-139179-3,24.66,24.66,grams,,,,24.66,grams
Mixed veg - Roasted Vegetable BATCH 25% less oil,SUB-014154-4-001,,,,,,,,,,,,,,,,,,,,,"FA-DE Spice, Sea Salt /Gewürze, Meersalz",SPI-00-139378-5,0.5,0.5,grams,,,,0.5,grams
Mixed veg - Roasted Vegetable BATCH 25% less oil,SUB-014154-4-001,,,,,,,,,,,,,,,,,,,,,"FA-DE Juice, Lemon /Saft, Zitrone",PRO-00-139265-5,0.83,0.83,grams,,,,0.83,grams
Mixed veg - Roasted Vegetable BATCH 25% less oil,SUB-014154-4-001,,,,,,,,,,,,,,,,,,,,,"FA-DE Spice, White Pepper /Gewürz, weißer Pfeffer",SPI-00-139387-5,0.12,0.12,grams,,,,0.12,grams
Mixed veg - Roasted Vegetable BATCH 25% less oil,SUB-014154-4-001,,,,,,,,,,,,,,,,,,,,,"FA-DE Spice, Tomato Powder /Gewürz, Tomatenpulver",SPI-00-139325-5,0.53,0.53,grams,,,,0.53,grams
Mixed veg - Summer Zucchini Roast,SUB-013418-4-001,,,,,,,,,,,,,,,,,,,,,"FA-DE Oil, Olive /Öl, Olivenöl",PRO-00-139277-5,1.7,1.7,grams,,,,1.7,grams
Mixed veg - Summer Zucchini Roast,SUB-013418-4-001,,,,,,,,,,,,,,,,,,,,,"FA-DE Sweetcorn Supersweet Kernels, IQF /Zuckermais-Supersüßkörner, IQF",PHF-00-139236-1,18.71,18.71,grams,,,,18.71,grams
Mixed veg - Summer Zucchini Roast,SUB-013418-4-001,,,,,,,,,,,,,,,,,,,,,"FA-DE Garlic, IQF, Diced 4 mm /Knoblauch, IQF, gewürfelt 4 mm",PHF-00-139237-1,1.98,1.98,grams,SCHWEFELDIOXIDE UND SULFITE,,,1.98,grams
Mixed veg - Summer Zucchini Roast,SUB-013418-4-001,,,,,,,,,,,,,,,,,,,,,"FA-DE Spice, Sea Salt /Gewürze, Meersalz",SPI-00-139378-5,0.28,0.28,grams,,,,0.28,grams
Mixed veg - Summer Zucchini Roast,SUB-013418-4-001,,,,,,,,,,,,,,,,,,,,,"FA-DE Zucchini, Diced 10mm /Zucchini, gewürfelt 10 mm",PHF-00-139229-3,49.9,49.9,grams,,,,49.9,grams
Mixed veg - Summer Zucchini Roast,SUB-013418-4-001,,,,,,,,,,,,,,,,,,,,,"FA-DE Spice, Onion Powder, Toasted /Gewürze, Zwiebelpulver, geröstet",SPI-00-139371-5,0.28,0.28,grams,,,,0.28,grams
Mixed veg - Summer Zucchini Roast,SUB-013418-4-001,,,,,,,,,,,,,,,,,,,,,"FA-DE Tomatoes, Diced 10mm /Tomaten, gewürfelt, 10 mm",PHF-00-139239-3,25.23,25.23,grams,,,,25.23,grams
Mixed veg - Summer Zucchini Roast,SUB-013418-4-001,,,,,,,,,,,,,,,,,,,,,"FA-DE Spice, Garlic Granulated /Gewürz, Knoblauch granuliert",SPI-00-139353-5,0.28,0.28,grams,,,,0.28,grams
Mixed veg - Summer Zucchini Roast,SUB-013418-4-001,,,,,,,,,,,,,,,,,,,,,"FA-DE Onion, Spanish, Diced 10mm /Zwiebel, Spanisch, gewürfelt 10 mm",PHF-00-139209-3,4.25,4.25,grams,,,,4.25,grams
Mixed veg - Summer Zucchini Roast,SUB-013418-4-001,,,,,,,,,,,,,,,,,,,,,"FA-DE Bell Peppers, Red, Diced 10mm /Paprika, rot, gewürfelt 10 mm",PHF-00-139179-3,2.55,2.55,grams,,,,2.55,grams
Mixed veg - Summer Zucchini Roast,SUB-013418-4-001,,,,,,,,,,,,,,,,,,,,,"FA-DE Parsley, Chopped /Petersilie, gehackt",PHF-00-139215-3,0.28,0.28,grams,,,,0.28,grams
Mod Marinade #4 - Garlic and Herb,SUB-013452-4-001,,,,,,,,,,,,,,,,,,,,,"FA-DE Oil, Olive /Öl, Olivenöl",PRO-00-139277-5,29.48,29.48,grams,,,,29.48,grams
Mod Marinade #4 - Garlic and Herb,SUB-013452-4-001,,,,,,,,,,,,,,,,,,,,,"FA-DE Vinegar, Red Wine /Essig, Rotwein",PRO-00-139301-5,9.92,9.92,grams,,,,9.92,grams
Mod Marinade #4 - Garlic and Herb,SUB-013452-4-001,,,,,,,,,,,,,,,,,,,,,"FA-DE Garlic, IQF, Diced 4 mm /Knoblauch, IQF, gewürfelt 4 mm",PHF-00-139237-1,9.92,9.92,grams,SCHWEFELDIOXIDE UND SULFITE,,,9.92,grams
Mod Marinade #4 - Garlic and Herb,SUB-013452-4-001,,,,,,,,,,,,,,,,,,,,,"FA-DE Spice, Garlic Granulated /Gewürz, Knoblauch granuliert",SPI-00-139353-5,2.27,2.27,grams,,,,2.27,grams
Mod Marinade #4 - Garlic and Herb,SUB-013452-4-001,,,,,,,,,,,,,,,,,,,,,"FA-DE Spice, Parsley Dried /Gewürze, getrocknete Petersilie",SPI-00-139374-5,1.42,1.42,grams,,,,1.42,grams
Mod Marinade #4 - Garlic and Herb,SUB-013452-4-001,,,,,,,,,,,,,,,,,,,,,"FA-DE Spice, Black Pepper, Ground /Gewürz, schwarzer Pfeffer, gemahlen",SPI-00-139334-5,0.57,0.57,grams,,,,0.57,grams
Mod Marinade #4 - Garlic and Herb,SUB-013452-4-001,,,,,,,,,,,,,,,,,,,,,"FA-DE Spice, Sea Salt /Gewürze, Meersalz",SPI-00-139378-5,1.13,1.13,grams,,,,1.13,grams
Moroccan  cherry tomato sauce,SUB-030308-4-001,,,,,,,,,,,,,,,,,,,,,"FA-DE Oil, Olive /Öl, Olivenöl",PRO-00-139277-5,2.18,2.18,grams,,,,2.18,grams
Moroccan  cherry tomato sauce,SUB-030308-4-001,,,,,,,,,,,,,,,,,,,,,"FA-DE Onion, Spanish, Diced 5mm /Zwiebel, Spanisch, gewürfelt 5 mm",PHF-00-139212-3,8.71,8.71,grams,,,,8.71,grams
Moroccan  cherry tomato sauce,SUB-030308-4-001,,,,,,,,,,,,,,,,,,,,,"FA-DE Garlic, IQF, Diced 4 mm /Knoblauch, IQF, gewürfelt 4 mm",PHF-00-139237-1,4.36,4.36,grams,SCHWEFELDIOXIDE UND SULFITE,,,4.36,grams
Moroccan  cherry tomato sauce,SUB-030308-4-001,,,,,,,,,,,,,,,,,,,,,"FA-DE Jalapeno Peppers, Diced 5mm /Jalapeno-Paprikaschoten, gewürfelt, 5 mm",PHF-00-139201-3,2.18,2.18,grams,,,,2.18,grams
Moroccan  cherry tomato sauce,SUB-030308-4-001,,,,,,,,,,,,,,,,,,,,,"FA-DE Spice, Turmeric /Gewürz, Kurkuma",SPI-00-139384-5,0.04,0.04,grams,,,,0.04,grams
Moroccan  cherry tomato sauce,SUB-030308-4-001,,,,,,,,,,,,,,,,,,,,,"FA-DE Spice, Cumin Ground /Gewürz, gemahlener Kreuzkümmel",SPI-00-139345-5,0.22,0.22,grams,,,,0.22,grams
Moroccan  cherry tomato sauce,SUB-030308-4-001,,,,,,,,,,,,,,,,,,,,,"FA-DE Spice, Smoked Paprika /Gewürz, geräucherter Paprika",SPI-00-139383-5,0.22,0.22,grams,,,,0.22,grams
Moroccan  cherry tomato sauce,SUB-030308-4-001,,,,,,,,,,,,,,,,,,,,,"FA-DE Spice, Harissa Powder /Gewürz, Harissa-Pulver",SPI-00-139323-5,0.44,0.44,grams,,,,0.44,grams
Moroccan  cherry tomato sauce,SUB-030308-4-001,Concentrated Tomatoes- Diluted (90/10) (primo gusto/old california),SUB-013421-4-001,13.07,grams,"DEBOX, STAGING",,,,,,,,,,,,,,,,"FA-DE Tomatoes, Concentrated Crushed /Tomaten, konzentriert, zerkleinert",PRO-00-139293-5,11.76,11.76,grams,,,1.0,11.76,grams
Moroccan  cherry tomato sauce,SUB-030308-4-001,Concentrated Tomatoes- Diluted (90/10) (primo gusto/old california),SUB-013421-4-001,13.07,grams,"DEBOX, STAGING",,,,,,,,,,,,,,,,FA-DE Water / Wasser,OTH-00-144038-5,1.31,1.31,grams,,,1.0,1.31,grams
Moroccan  cherry tomato sauce,SUB-030308-4-001,,,,,,,,,,,,,,,,,,,,,"FA-DE Tomatoes, Cherry/Tomaten, Kirsche",PHF-00-139190-3,8.71,8.71,grams,,,,8.71,grams
Moroccan  cherry tomato sauce,SUB-030308-4-001,,,,,,,,,,,,,,,,,,,,,FA-DE Water / Wasser,OTH-00-144038-5,18.3,18.3,grams,,,,18.3,grams
Moroccan  cherry tomato sauce,SUB-030308-4-001,,,,,,,,,,,,,,,,,,,,,"FA-DE Coriander, Chopped /Koriander, gehackt",PHF-00-139192-3,0.94,0.94,grams,,,,0.94,grams
Moroccan  cherry tomato sauce,SUB-030308-4-001,,,,,,,,,,,,,,,,,,,,,"FA-DE Spice, Sea Salt /Gewürze, Meersalz",SPI-00-139378-5,0.47,0.47,grams,,,,0.47,grams
Moroccan Chicken Marinade,SUB-030307-4-001,,,,,,,,,,,,,,,,,,,,,"FA-DE Oil, Olive /Öl, Olivenöl",PRO-00-139277-5,1.61,1.61,grams,,,,1.61,grams
Moroccan Chicken Marinade,SUB-030307-4-001,,,,,,,,,,,,,,,,,,,,,"FA-DE Yogurt, Greek, Plain /Joghurt, Griechisch, Natur",DAI-00-139161-3,1.61,1.61,grams,MILCH (EINSCHLIESSLICH LAKTOSE),,,1.61,grams
Moroccan Chicken Marinade,SUB-030307-4-001,,,,,,,,,,,,,,,,,,,,,"FA-DE Spice, Smoked Paprika /Gewürz, geräucherter Paprika",SPI-00-139383-5,0.15,0.15,grams,,,,0.15,grams
Moroccan Chicken Marinade,SUB-030307-4-001,,,,,,,,,,,,,,,,,,,,,"FA-DE Spice, Cumin Seed /Gewürz, Kreuzkümmel",SPI-00-139346-5,0.17,0.17,grams,,,,0.17,grams
Moroccan Chicken Marinade,SUB-030307-4-001,,,,,,,,,,,,,,,,,,,,,"FA-DE Spice, Sea Salt /Gewürze, Meersalz",SPI-00-139378-5,0.1,0.1,grams,,,,0.1,grams
Moroccan Chicken Marinade,SUB-030307-4-001,,,,,,,,,,,,,,,,,,,,,"FA-DE Spice, Onion Powder, Toasted /Gewürze, Zwiebelpulver, geröstet",SPI-00-139371-5,0.04,0.04,grams,,,,0.04,grams
Moroccan Chicken Marinade,SUB-030307-4-001,,,,,,,,,,,,,,,,,,,,,"FA-DE Spice, Ginger Ground /Gewürze, gemahlener Ingwer",SPI-00-139355-5,0.02,0.02,grams,,,,0.02,grams
Moroccan Chicken Marinade,SUB-030307-4-001,,,,,,,,,,,,,,,,,,,,,"FA-DE Spice, Harissa Powder /Gewürz, Harissa-Pulver",SPI-00-139323-5,0.17,0.17,grams,,,,0.17,grams
Moroccan Chicken Marinade,SUB-030307-4-001,,,,,,,,,,,,,,,,,,,,,"FA-DE Spice, Turmeric /Gewürz, Kurkuma",SPI-00-139384-5,0.02,0.02,grams,,,,0.02,grams
Moroccan Chicken Marinade,SUB-030307-4-001,,,,,,,,,,,,,,,,,,,,,"FA-DE Parsley, Chopped /Petersilie, gehackt",PHF-00-139215-3,0.4,0.4,grams,,,,0.4,grams
Moroccan Chicken Marinade,SUB-030307-4-001,,,,,,,,,,,,,,,,,,,,,"FA-DE Coriander, Chopped /Koriander, gehackt",PHF-00-139192-3,0.4,0.4,grams,,,,0.4,grams
Moroccan Chicken Marinade,SUB-030307-4-001,,,,,,,,,,,,,,,,,,,,,"FA-DE Zest, Lemon/Gewürz, Zitronenschale",PHF-00-139247-3,0.02,0.02,grams,,,,0.02,grams
Mozzarella + Parsley Mix,SUB-013419-4-001,,,,,,,,,,,,,,,,,,,,,"FA-DE Parsley, Chopped /Petersilie, gehackt",PHF-00-139215-3,1.7,1.7,grams,,,,1.7,grams
Mozzarella + Parsley Mix,SUB-013419-4-001,,,,,,,,,,,,,,,,,,,,,"FA-DE Cheese, Mozzarella, Shredded /Käse, Mozzarella, gerieben",DAI-00-139125-3,23.81,23.81,grams,MILCH (EINSCHLIESSLICH LAKTOSE),,,23.81,grams
Pork Tenderloin - HERB BRINED,SUB-013465-4-001,,,,,,,,,,,,,,,,,,,,,FA-DE Water / Wasser,OTH-00-144038-5,6800,6800,grams,,,,6800,grams
Pork Tenderloin - HERB BRINED,SUB-013465-4-001,,,,,,,,,,,,,,,,,,,,,"FA-DE Spice, Thyme Dry /Gewürz, Thymian trocken",SPI-00-139385-5,11.34,11.34,grams,,,,11.34,grams
Pork Tenderloin - HERB BRINED,SUB-013465-4-001,,,,,,,,,,,,,,,,,,,,,"FA-DE Pork, Tenderloin /Schweinefleisch, Filet",PTN-00-139310-3,6800,6800,grams,,,,6800,grams
Pork Tenderloin - HERB BRINED,SUB-013465-4-001,,,,,,,,,,,,,,,,,,,,,"FA-DE Spice, Sage, Rubbed /Gewürz, Salbei, gerieben",SPI-00-139377-5,11.34,11.34,grams,,,,11.34,grams
Pork Tenderloin - HERB BRINED,SUB-013465-4-001,,,,,,,,,,,,,,,,,,,,,"FA-DE Spice, Sea Salt /Gewürze, Meersalz",SPI-00-139378-5,60.1,60.1,grams,,,,60.1,grams
Pork Tenderloin - HERB BRINED,SUB-013465-4-001,,,,,,,,,,,,,,,,,,,,,FA-DE Dried Rosemary/Rosmarin getrocknet,SPI-00-143552-5,11.34,11.34,grams,,,,11.34,grams
Pork tenderloin - herb marinade,SUB-013466-4-001,Pork Tenderloin - HERB BRINED,SUB-013465-4-001,170,grams,BRINE,,,,,,,,,,,,,,,,FA-DE Water / Wasser,OTH-00-144038-5,170,170,grams,,,0.49656,170,grams
Pork tenderloin - herb marinade,SUB-013466-4-001,Pork Tenderloin - HERB BRINED,SUB-013465-4-001,170,grams,BRINE,,,,,,,,,,,,,,,,"FA-DE Spice, Thyme Dry /Gewürz, Thymian trocken",SPI-00-139385-5,0.28,0.28,grams,,,0.49656,0.28,grams
Pork tenderloin - herb marinade,SUB-013466-4-001,Pork Tenderloin - HERB BRINED,SUB-013465-4-001,170,grams,BRINE,,,,,,,,,,,,,,,,"FA-DE Pork, Tenderloin /Schweinefleisch, Filet",PTN-00-139310-3,170,170,grams,,,0.49656,170,grams
Pork tenderloin - herb marinade,SUB-013466-4-001,Pork Tenderloin - HERB BRINED,SUB-013465-4-001,170,grams,BRINE,,,,,,,,,,,,,,,,"FA-DE Spice, Sage, Rubbed /Gewürz, Salbei, gerieben",SPI-00-139377-5,0.28,0.28,grams,,,0.49656,0.28,grams
Pork tenderloin - herb marinade,SUB-013466-4-001,Pork Tenderloin - HERB BRINED,SUB-013465-4-001,170,grams,BRINE,,,,,,,,,,,,,,,,"FA-DE Spice, Sea Salt /Gewürze, Meersalz",SPI-00-139378-5,1.5,1.5,grams,,,0.49656,1.5,grams
Pork tenderloin - herb marinade,SUB-013466-4-001,Pork Tenderloin - HERB BRINED,SUB-013465-4-001,170,grams,BRINE,,,,,,,,,,,,,,,,FA-DE Dried Rosemary/Rosmarin getrocknet,SPI-00-143552-5,0.28,0.28,grams,,,0.49656,0.28,grams
Pork tenderloin - herb marinade,SUB-013466-4-001,Herb Marinade for Pork Tenderloin,SUB-031651-4-001,12,grams,UNCATEGORIZED BOM,,,,,,,,,,,,,,,,"FA-DE Oil, Olive /Öl, Olivenöl",PRO-00-139277-5,11.1,11.1,grams,,,0.99855,11.1,grams
Pork tenderloin - herb marinade,SUB-013466-4-001,Herb Marinade for Pork Tenderloin,SUB-031651-4-001,12,grams,UNCATEGORIZED BOM,,,,,,,,,,,,,,,,"FA-DE Spice, Oregano Dry /Gewürz, Oregano trocken",SPI-00-139372-5,0.03,0.03,grams,,,0.99855,0.03,grams
Pork tenderloin - herb marinade,SUB-013466-4-001,Herb Marinade for Pork Tenderloin,SUB-031651-4-001,12,grams,UNCATEGORIZED BOM,,,,,,,,,,,,,,,,"FA-DE Spice, Garlic Granulated /Gewürz, Knoblauch granuliert",SPI-00-139353-5,0.24,0.24,grams,,,0.99855,0.24,grams
Pork tenderloin - herb marinade,SUB-013466-4-001,Herb Marinade for Pork Tenderloin,SUB-031651-4-001,12,grams,UNCATEGORIZED BOM,,,,,,,,,,,,,,,,"FA-DE Spice, Parsley Dried /Gewürze, getrocknete Petersilie",SPI-00-139374-5,0.03,0.03,grams,,,0.99855,0.03,grams
Pork tenderloin - herb marinade,SUB-013466-4-001,Herb Marinade for Pork Tenderloin,SUB-031651-4-001,12,grams,UNCATEGORIZED BOM,,,,,,,,,,,,,,,,"FA-DE Chives, Dried /Schnittlauch, getrocknet",SPI-00-139322-5,0.05,0.05,grams,,,0.99855,0.05,grams
Pork tenderloin - herb marinade,SUB-013466-4-001,Herb Marinade for Pork Tenderloin,SUB-031651-4-001,12,grams,UNCATEGORIZED BOM,,,,,,,,,,,,,,,,"FA-DE Spice, Sea Salt /Gewürze, Meersalz",SPI-00-139378-5,0.27,0.27,grams,,,0.99855,0.27,grams
Pork tenderloin - herb marinade,SUB-013466-4-001,Herb Marinade for Pork Tenderloin,SUB-031651-4-001,12,grams,UNCATEGORIZED BOM,,,,,,,,,,,,,,,,"FA-DE Spice, Onion Granulated /Gewürze, Zwiebeln granuliert",SPI-00-139370-5,0.12,0.12,grams,,,0.99855,0.12,grams
Pork tenderloin - herb marinade,SUB-013466-4-001,Herb Marinade for Pork Tenderloin,SUB-031651-4-001,12,grams,UNCATEGORIZED BOM,,,,,,,,,,,,,,,,"FA-DE Spice, Black Pepper, Ground /Gewürz, schwarzer Pfeffer, gemahlen",SPI-00-139334-5,0.18,0.18,grams,,,0.99855,0.18,grams
Portobello - CBRSC Roasted Portobello's,SUB-013717-4-001,Roasted Garlic (use),SUB-013367-4-001,28.35,grams,"BLAST CHILLER, BRAISER, SPICE PORTIONING",,,,,,,,,,,,,,,,"FA-DE Garlic, Peeled, Whole Cloves [10kg] /Knoblauch, geschält, ganze Nelken [10kg]",PHF-00-139197-3,28.58,28.58,grams,,,0.56691,28.58,grams
Portobello - CBRSC Roasted Portobello's,SUB-013717-4-001,Roasted Garlic (use),SUB-013367-4-001,28.35,grams,"BLAST CHILLER, BRAISER, SPICE PORTIONING",,,,,,,,,,,,,,,,"FA-DE Oil, Olive /Öl, Olivenöl",PRO-00-139277-5,21.43,21.43,grams,,,0.56691,21.43,grams
Portobello - CBRSC Roasted Portobello's,SUB-013717-4-001,,,,,,,,,,,,,,,,,,,,,"FA-DE Thyme, IQF /Thymian, IQF",PHF-00-139244-1,5.67,5.67,grams,,,,5.67,grams
Portobello - CBRSC Roasted Portobello's,SUB-013717-4-001,,,,,,,,,,,,,,,,,,,,,"FA-DE Spice, Sea Salt /Gewürze, Meersalz",SPI-00-139378-5,7.09,7.09,grams,,,,7.09,grams
Portobello - CBRSC Roasted Portobello's,SUB-013717-4-001,,,,,,,,,,,,,,,,,,,,,"FA-DE Spice, Black Pepper, Ground /Gewürz, schwarzer Pfeffer, gemahlen",SPI-00-139334-5,5.67,5.67,grams,,,,5.67,grams
Portobello - CBRSC Roasted Portobello's,SUB-013717-4-001,,,,,,,,,,,,,,,,,,,,,"FA-DE Oil, Olive /Öl, Olivenöl",PRO-00-139277-5,113.4,113.4,grams,,,,113.4,grams
Portobello - CBRSC Roasted Portobello's,SUB-013717-4-001,,,,,,,,,,,,,,,,,,,,,"FA-DE Mushroom, Portobello, Sliced, Washed /Pilze, Portobello, in Scheiben geschnitten, gewaschen",PHF-00-139207-3,1470,1470,grams,,,,1470,grams
Roasted Broccoli - Alliums,SUB-014233-4-001,,,,,,,,,,,,,,,,,,,,,"FA-DE Spice, Sea Salt /Gewürze, Meersalz",SPI-00-139378-5,0.3,0.3,grams,,,,0.3,grams
Roasted Broccoli - Alliums,SUB-014233-4-001,,,,,,,,,,,,,,,,,,,,,"FA-DE Broccoli, Florets, /Brokkoli, Röschen",PHF-00-143425-3,70.5,70.5,grams,,,,70.5,grams
Roasted Broccoli - Alliums,SUB-014233-4-001,,,,,,,,,,,,,,,,,,,,,"FA-DE Spice, Onion Powder, Toasted /Gewürze, Zwiebelpulver, geröstet",SPI-00-139371-5,0.38,0.38,grams,,,,0.38,grams
Roasted Broccoli - Alliums,SUB-014233-4-001,,,,,,,,,,,,,,,,,,,,,"FA-DE Oil, Olive /Öl, Olivenöl",PRO-00-139277-5,5,5,grams,,,,5,grams
Roasted Garlic (use),SUB-013367-4-001,,,,,,,,,,,,,,,,,,,,,"FA-DE Garlic, Peeled, Whole Cloves [10kg] /Knoblauch, geschält, ganze Nelken [10kg]",PHF-00-139197-3,453.59,453.59,grams,,,,453.59,grams
Roasted Garlic (use),SUB-013367-4-001,,,,,,,,,,,,,,,,,,,,,"FA-DE Oil, Olive /Öl, Olivenöl",PRO-00-139277-5,340.19,340.19,grams,,,,340.19,grams
Roasted Garlic and Parsley Roasted Potato - SH,SUB-013390-4-001,,,,,,,,,,,,,,,,,,,,,"FA-DE Parsley, Chopped /Petersilie, gehackt",PHF-00-139215-3,4.25,4.25,grams,,,,4.25,grams
Roasted Garlic and Parsley Roasted Potato - SH,SUB-013390-4-001,,,,,,,,,,,,,,,,,,,,,"FA-DE Spice, Black Pepper, Ground /Gewürz, schwarzer Pfeffer, gemahlen",SPI-00-139334-5,0.28,0.28,grams,,,,0.28,grams
Roasted Garlic and Parsley Roasted Potato - SH,SUB-013390-4-001,,,,,,,,,,,,,,,,,,,,,"FA-DE Oil, Olive /Öl, Olivenöl",PRO-00-139277-5,4.25,4.25,grams,,,,4.25,grams
Roasted Garlic and Parsley Roasted Potato - SH,SUB-013390-4-001,Roasted Garlic (use),SUB-013367-4-001,5.1,grams,"BLAST CHILLER, BRAISER, SPICE PORTIONING",,,,,,,,,,,,,,,,"FA-DE Garlic, Peeled, Whole Cloves [10kg] /Knoblauch, geschält, ganze Nelken [10kg]",PHF-00-139197-3,5.14,5.14,grams,,,0.56691,5.14,grams
Roasted Garlic and Parsley Roasted Potato - SH,SUB-013390-4-001,Roasted Garlic (use),SUB-013367-4-001,5.1,grams,"BLAST CHILLER, BRAISER, SPICE PORTIONING",,,,,,,,,,,,,,,,"FA-DE Oil, Olive /Öl, Olivenöl",PRO-00-139277-5,3.86,3.86,grams,,,0.56691,3.86,grams
Roasted Garlic and Parsley Roasted Potato - SH,SUB-013390-4-001,,,,,,,,,,,,,,,,,,,,,"FA-DE Spice, Sea Salt /Gewürze, Meersalz",SPI-00-139378-5,0.28,0.28,grams,,,,0.28,grams
Roasted Garlic and Parsley Roasted Potato - SH,SUB-013390-4-001,,,,,,,,,,,,,,,,,,,,,"FA-DE Potatoes, Diced 10mm /Kartoffeln, gewürfelt, 10 mm",PHF-00-139219-3,104.61,104.61,grams,,,,104.61,grams
Roasted Garlic oil,SUB-013367-4-002,,,,,,,,,,,,,,,,,,,,,"FA-DE Garlic, Peeled, Whole Cloves [10kg] /Knoblauch, geschält, ganze Nelken [10kg]",PHF-00-139197-3,453.59,453.59,grams,,,,453.59,grams
Roasted Garlic oil,SUB-013367-4-002,,,,,,,,,,,,,,,,,,,,,"FA-DE Oil, Olive /Öl, Olivenöl",PRO-00-139277-5,340.19,340.19,grams,,,,340.19,grams
Roasted Green Onions,SUB-023370-4-001,,,,,,,,,,,,,,,,,,,,,"FA-DE Onion, Green, Sliced 5mm /Zwiebel, grün, in Scheiben geschnitten, 5 mm",PHF-00-149803-3,15,15,grams,,,,15,grams
Roasted Green Peppers - 10mm Diced,SUB-013734-4-002,,,,,,,,,,,,,,,,,,,,,"FA-DE Onion, Green, Sliced 5mm /Zwiebel, grün, in Scheiben geschnitten, 5 mm",PHF-00-149803-3,2.75,2.75,grams,,,,2.75,grams
Roasted Green Peppers - 10mm Diced,SUB-013734-4-002,,,,,,,,,,,,,,,,,,,,,"FA-DE Bell Peppers, Green, Diced 10mm /Paprika, grün, gewürfelt 10 mm",PHF-00-139176-3,6.88,6.88,grams,,,,6.88,grams
Roasted Green Peppers - 10mm Diced,SUB-013734-4-002,,,,,,,,,,,,,,,,,,,,,"FA-DE Spice, Sea Salt /Gewürze, Meersalz",SPI-00-139378-5,0.3,0.3,grams,,,,0.3,grams
Roasted Green and Red Bell Peppers - Diced - reduced salt,SUB-013883-4-001,,,,,,,,,,,,,,,,,,,,,"FA-DE Oil, Olive /Öl, Olivenöl",PRO-00-139277-5,907.18,907.18,grams,,,,907.18,grams
Roasted Green and Red Bell Peppers - Diced - reduced salt,SUB-013883-4-001,,,,,,,,,,,,,,,,,,,,,"FA-DE Bell Peppers, Green, Diced 10mm /Paprika, grün, gewürfelt 10 mm",PHF-00-139176-3,31750,31750,grams,,,,31750,grams
Roasted Green and Red Bell Peppers - Diced - reduced salt,SUB-013883-4-001,,,,,,,,,,,,,,,,,,,,,"FA-DE Bell Peppers, Red, Diced 10mm /Paprika, rot, gewürfelt 10 mm",PHF-00-139179-3,31750,31750,grams,,,,31750,grams
Roasted Green and Red Bell Peppers - Diced - reduced salt,SUB-013883-4-001,,,,,,,,,,,,,,,,,,,,,"FA-DE Spice, Garlic Granulated /Gewürz, Knoblauch granuliert",SPI-00-139353-5,90.72,90.72,grams,,,,90.72,grams
Roasted Green and Red Bell Peppers - Diced - reduced salt,SUB-013883-4-001,,,,,,,,,,,,,,,,,,,,,"FA-DE Spice, Sea Salt /Gewürze, Meersalz",SPI-00-139378-5,141.75,141.75,grams,,,,141.75,grams
Rosemary and Thyme Roasted Potato Wedges,SUB-015143-4-001,,,,,,,,,,,,,,,,,,,,,"FA-DE Potatoes, Skin On, wedges /Kartoffeln mit Schale, Keile",PHF-00-139226-3,129.02,129.02,grams,,,,129.02,grams
Rosemary and Thyme Roasted Potato Wedges,SUB-015143-4-001,,,,,,,,,,,,,,,,,,,,,"FA-DE Oil, Olive /Öl, Olivenöl",PRO-00-139277-5,1.61,1.61,grams,,,,1.61,grams
Rosemary and Thyme Roasted Potato Wedges,SUB-015143-4-001,,,,,,,,,,,,,,,,,,,,,"FA-DE Spice, Black Pepper, Ground /Gewürz, schwarzer Pfeffer, gemahlen",SPI-00-139334-5,0.3,0.3,grams,,,,0.3,grams
Rosemary and Thyme Roasted Potato Wedges,SUB-015143-4-001,,,,,,,,,,,,,,,,,,,,,"FA-DE Spice, Garlic Granulated /Gewürz, Knoblauch granuliert",SPI-00-139353-5,0.48,0.48,grams,,,,0.48,grams
Rosemary and Thyme Roasted Potato Wedges,SUB-015143-4-001,,,,,,,,,,,,,,,,,,,,,"FA-DE Spice, Onion Powder, Toasted /Gewürze, Zwiebelpulver, geröstet",SPI-00-139371-5,0.48,0.48,grams,,,,0.48,grams
Rosemary and Thyme Roasted Potato Wedges,SUB-015143-4-001,,,,,,,,,,,,,,,,,,,,,"FA-DE Spice, Sea Salt /Gewürze, Meersalz",SPI-00-139378-5,0.22,0.22,grams,,,,0.22,grams
Rosemary and Thyme Roasted Potato Wedges,SUB-015143-4-001,,,,,,,,,,,,,,,,,,,,,"FA-DE Thyme, IQF /Thymian, IQF",PHF-00-139244-1,0.16,0.16,grams,,,,0.16,grams
Rosemary and Thyme Roasted Potato Wedges,SUB-015143-4-001,,,,,,,,,,,,,,,,,,,,,"FA-DE Rosemary, IQF /Rosmarin, IQF",PHF-00-139243-1,0.16,0.16,grams,,,,0.16,grams
S&P Roasted Green Beans 1,SUB-014184-4-001,,,,,,,,,,,,,,,,,,,,,"FA-DE Oil, Olive /Öl, Olivenöl",PRO-00-139277-5,3.08,3.08,grams,,,,3.08,grams
S&P Roasted Green Beans 1,SUB-014184-4-001,,,,,,,,,,,,,,,,,,,,,"FA-DE Spice, Sea Salt /Gewürze, Meersalz",SPI-00-139378-5,0.18,0.18,grams,,,,0.18,grams
S&P Roasted Green Beans 1,SUB-014184-4-001,,,,,,,,,,,,,,,,,,,,,"FA-DE Spice, Black Pepper, Ground /Gewürz, schwarzer Pfeffer, gemahlen",SPI-00-139334-5,0.09,0.09,grams,,,,0.09,grams
S&P Roasted Green Beans 1,SUB-014184-4-001,,,,,,,,,,,,,,,,,,,,,"FA-DE Green Beans, Fresh and Trimmed/Grüne Bohnen, frisch und geschnitten",PHF-00-139198-3,45.44,45.44,grams,,,,45.44,grams
Salmon - garlic seasoning,SUB-013382-4-001,,,,,,,,,,,,,,,,,,,,,"FA-DE Salmon, Skinless, Boneless, Filet/Lachs, ohne Haut, ohne Knochen, Filet - IQF",PTN-00-139968-1,140,140,grams,FISCH,,,140,grams
Salmon - garlic seasoning,SUB-013382-4-001,,,,,,,,,,,,,,,,,,,,,"FA-DE Spice, Sea Salt /Gewürze, Meersalz",SPI-00-139378-5,0.42,0.42,grams,,,,0.42,grams
Salmon - garlic seasoning,SUB-013382-4-001,,,,,,,,,,,,,,,,,,,,,"FA-DE Spice, Garlic Granulated /Gewürz, Knoblauch granuliert",SPI-00-139353-5,0.14,0.14,grams,,,,0.14,grams
Sauce - Basil Pesto Cream Sauce -Less Fat,SUB-032112-4-001,,,,,,,,,,,,,,,,,,,,,"FA-DE Garlic, Peeled, Whole Cloves [10kg] /Knoblauch, geschält, ganze Nelken [10kg]",PHF-00-139197-3,0.28,0.28,grams,,,,0.28,grams
Sauce - Basil Pesto Cream Sauce -Less Fat,SUB-032112-4-001,,,,,,,,,,,,,,,,,,,,,FA-DE Water / Wasser,OTH-00-144038-5,3.69,3.69,grams,,,,3.69,grams
Sauce - Basil Pesto Cream Sauce -Less Fat,SUB-032112-4-001,,,,,,,,,,,,,,,,,,,,,"FA-DE Juice, Lemon /Saft, Zitrone",PRO-00-139265-5,3.69,3.69,grams,,,,3.69,grams
Sauce - Basil Pesto Cream Sauce -Less Fat,SUB-032112-4-001,Heavy Cream- Yielded,SUB-013449-4-001,4.54,grams,HAND MIX,,,,,,,,,,,,,,,,FA-DE Heavy Cream 20% /Sahne 20%,DAI-00-139137-3,5.02,5.02,grams,MILCH (EINSCHLIESSLICH LAKTOSE),,0.90476,5.02,grams
Sauce - Basil Pesto Cream Sauce -Less Fat,SUB-032112-4-001,,,,,,,,,,,,,,,,,,,,,"FA-DE Spice, Garlic Granulated /Gewürz, Knoblauch granuliert",SPI-00-139353-5,0.28,0.28,grams,,,,0.28,grams
Sauce - Basil Pesto Cream Sauce -Less Fat,SUB-032112-4-001,,,,,,,,,,,,,,,,,,,,,"FA-DE Spice, Sea Salt /Gewürze, Meersalz",SPI-00-139378-5,0.75,0.75,grams,,,,0.75,grams
Sauce - Basil Pesto Cream Sauce -Less Fat,SUB-032112-4-001,,,,,,,,,,,,,,,,,,,,,"FA-DE Cheese, Parmesan, Grated /Käse, Parmesan, gerieben",DAI-00-139127-3,2.84,2.84,grams,MILCH (EINSCHLIESSLICH LAKTOSE),,,2.84,grams
Sauce - Basil Pesto Cream Sauce -Less Fat,SUB-032112-4-001,,,,,,,,,,,,,,,,,,,,,"FA-DE Spinach, Fresh, Stem Off /Spinat, frisch, ohne Stiel",PHF-00-139225-3,3.4,3.4,grams,,,,3.4,grams
Sauce - Basil Pesto Cream Sauce -Less Fat,SUB-032112-4-001,,,,,,,,,,,,,,,,,,,,,"FA-DE Oil, Olive /Öl, Olivenöl",PRO-00-139277-5,7.94,7.94,grams,,,,7.94,grams
Sauce - Basil Pesto Cream Sauce -Less Fat,SUB-032112-4-001,Basil Kill Step,SUB-024331-4-001,3.69,grams,"BLAST CHILLER, OVEN",Basil - Picked Basil Leaves,SUB-013424-4-001,4.1,grams,"DEBOX, STAGING",,,,,,,,,,,"FA-DE Basil, Fresh /Basilikum, frisch",PHF-00-139175-3,7.32,7.32,grams,,,0.55986,7.32,grams
Sauce - Crack Chicken Cheese Mix,SUB-013714-4-001,,,,,,,,,,,,,,,,,,,,,"FA-DE Spice, Garlic Granulated /Gewürz, Knoblauch granuliert",SPI-00-139353-5,5.67,5.67,grams,,,,5.67,grams
Sauce - Crack Chicken Cheese Mix,SUB-013714-4-001,DRY Ranch Seasoning,SUB-013480-4-001,28.35,grams,"HAND MIX, SPICE PORTIONING",,,,,,,,,,,,,,,,"FA-DE Spice, Buttermilk Powder/Gewürz, Buttermilchpulver",SPI-00-151139-5,17.48,17.48,grams,MILCH (EINSCHLIESSLICH LAKTOSE),,0.97982,17.48,grams
Sauce - Crack Chicken Cheese Mix,SUB-013714-4-001,DRY Ranch Seasoning,SUB-013480-4-001,28.35,grams,"HAND MIX, SPICE PORTIONING",,,,,,,,,,,,,,,,"FA-DE Spice, Garlic Granulated /Gewürz, Knoblauch granuliert",SPI-00-139353-5,3.67,3.67,grams,,,0.97982,3.67,grams
Sauce - Crack Chicken Cheese Mix,SUB-013714-4-001,DRY Ranch Seasoning,SUB-013480-4-001,28.35,grams,"HAND MIX, SPICE PORTIONING",,,,,,,,,,,,,,,,"FA-DE Spice, Onion Granulated /Gewürze, Zwiebeln granuliert",SPI-00-139370-5,3.21,3.21,grams,,,0.97982,3.21,grams
Sauce - Crack Chicken Cheese Mix,SUB-013714-4-001,DRY Ranch Seasoning,SUB-013480-4-001,28.35,grams,"HAND MIX, SPICE PORTIONING",,,,,,,,,,,,,,,,"FA-DE Spice, Black Pepper, Ground /Gewürz, schwarzer Pfeffer, gemahlen",SPI-00-139334-5,1.85,1.85,grams,,,0.97982,1.85,grams
Sauce - Crack Chicken Cheese Mix,SUB-013714-4-001,DRY Ranch Seasoning,SUB-013480-4-001,28.35,grams,"HAND MIX, SPICE PORTIONING",,,,,,,,,,,,,,,,"FA-DE Spice, Dill Dried /Gewürz, Dill getrocknet",SPI-00-139349-5,1.14,1.14,grams,,,0.97982,1.14,grams
Sauce - Crack Chicken Cheese Mix,SUB-013714-4-001,DRY Ranch Seasoning,SUB-013480-4-001,28.35,grams,"HAND MIX, SPICE PORTIONING",,,,,,,,,,,,,,,,"FA-DE Chives, Dried /Schnittlauch, getrocknet",SPI-00-139322-5,1.14,1.14,grams,,,0.97982,1.14,grams
Sauce - Crack Chicken Cheese Mix,SUB-013714-4-001,DRY Ranch Seasoning,SUB-013480-4-001,28.35,grams,"HAND MIX, SPICE PORTIONING",,,,,,,,,,,,,,,,"FA-DE Spice, Parsley Dried /Gewürze, getrocknete Petersilie",SPI-00-139374-5,0.45,0.45,grams,,,0.97982,0.45,grams
Sauce - Crack Chicken Cheese Mix,SUB-013714-4-001,,,,,,,,,,,,,,,,,,,,,"FA-DE Cheese, Cream, 13% Fat (Milk) /Käse, Sahne, 13% Fett",DAI-00-139122-3,283.5,283.5,grams,MILCH (EINSCHLIESSLICH LAKTOSE),,,283.5,grams
Sauce - Crack Chicken Cheese Mix,SUB-013714-4-001,,,,,,,,,,,,,,,,,,,,,"FA-DE Cheese, Red Cheddar/Käse, Roter Cheddar",DAI-00-139129-3,226.8,226.8,grams,MILCH (EINSCHLIESSLICH LAKTOSE),,,226.8,grams
Sauce - Crack Chicken Cheese Mix,SUB-013714-4-001,,,,,,,,,,,,,,,,,,,,,"FA-DE Oil, Olive /Öl, Olivenöl",PRO-00-139277-5,85.05,85.05,grams,,,,85.05,grams
Sauce - Creamy Gochugaru Sauce,SUB-013450-4-001,,,,,,,,,,,,,,,,,,,,,"FA-DE Oil, Olive /Öl, Olivenöl",PRO-00-139277-5,30.8,30.8,grams,,,,30.8,grams
Sauce - Creamy Gochugaru Sauce,SUB-013450-4-001,,,,,,,,,,,,,,,,,,,,,"FA-DE Onion, Spanish, Diced 5mm /Zwiebel, Spanisch, gewürfelt 5 mm",PHF-00-139212-3,54.05,54.05,grams,,,,54.05,grams
Sauce - Creamy Gochugaru Sauce,SUB-013450-4-001,,,,,,,,,,,,,,,,,,,,,"FA-DE Garlic, IQF, Diced 4 mm /Knoblauch, IQF, gewürfelt 4 mm",PHF-00-139237-1,12.31,12.31,grams,SCHWEFELDIOXIDE UND SULFITE,,,12.31,grams
Sauce - Creamy Gochugaru Sauce,SUB-013450-4-001,,,,,,,,,,,,,,,,,,,,,FA-DE Heavy Cream 20% /Sahne 20%,DAI-00-139137-3,336.14,336.14,grams,MILCH (EINSCHLIESSLICH LAKTOSE),,,336.14,grams
Sauce - Creamy Gochugaru Sauce,SUB-013450-4-001,,,,,,,,,,,,,,,,,,,,,"FA-DE Stock, Chicken, Reduced/Brühe, Huhn, Reduziert",PRO-00-139288-5,6.07,6.07,grams,,,,6.07,grams
Sauce - Creamy Gochugaru Sauce,SUB-013450-4-001,,,,,,,,,,,,,,,,,,,,,"FA-DE Cheese, Parmesan, Grated /Käse, Parmesan, gerieben",DAI-00-139127-3,54.05,54.05,grams,MILCH (EINSCHLIESSLICH LAKTOSE),,,54.05,grams
Sauce - Creamy Gochugaru Sauce,SUB-013450-4-001,,,,,,,,,,,,,,,,,,,,,"FA-DE Spice, Sea Salt /Gewürze, Meersalz",SPI-00-139378-5,1.2,1.2,grams,,,,1.2,grams
Sauce - Creamy Gochugaru Sauce,SUB-013450-4-001,,,,,,,,,,,,,,,,,,,,,"FA-DE Spinach, Fresh, Stem Off /Spinat, frisch, ohne Stiel",PHF-00-139225-3,43.24,43.24,grams,,,,43.24,grams
Sauce - Creamy Gochugaru Sauce,SUB-013450-4-001,,,,,,,,,,,,,,,,,,,,,"FA-DE Spice, Gochugaru Chili Pepper Flakes /Gewürz, Gochugaru-Chili-Pfefferflocken",SPI-00-139356-5,7,7,grams,,,,7,grams
Sauce - Creamy Gochugaru Sauce,SUB-013450-4-001,,,,,,,,,,,,,,,,,,,,,FA-DE Tomato Paste /Tomatenmark,PRO-00-139292-5,12,12,grams,,,,12,grams
Shredded Chicken Thighs - BRINED,SUB-013398-4-001,,,,,,,,,,,,,,,,,,,,,FA-DE Water / Wasser,OTH-00-144038-5,1700,1700,grams,,,,1700,grams
Shredded Chicken Thighs - BRINED,SUB-013398-4-001,,,,,,,,,,,,,,,,,,,,,"FA-DE Spice, Sea Salt /Gewürze, Meersalz",SPI-00-139378-5,15,15,grams,,,,15,grams
Shredded Chicken Thighs - BRINED,SUB-013398-4-001,,,,,,,,,,,,,,,,,,,,,"FA-DE Chicken, Thighs, Boneless Skinless /Hähnchen, Oberschenkel, ohne Knochen und ohne Haut",PTN-00-139343-3,1700,1700,grams,,,,1700,grams
Shredded Moroccan  Chicken Thighs,SUB-030396-4-001,Chicken Thighs - BRINED,SUB-013532-4-001,130.09,grams,UNCATEGORIZED BOM,,,,,,,,,,,,,,,,"FA-DE Chicken, Thighs, Boneless Skinless /Hähnchen, Oberschenkel, ohne Knochen und ohne Haut",PTN-00-139343-3,130.09,130.09,grams,,,0.4978,130.09,grams
Shredded Moroccan  Chicken Thighs,SUB-030396-4-001,Chicken Thighs - BRINED,SUB-013532-4-001,130.09,grams,UNCATEGORIZED BOM,,,,,,,,,,,,,,,,FA-DE Water / Wasser,OTH-00-144038-5,130.09,130.09,grams,,,0.4978,130.09,grams
Shredded Moroccan  Chicken Thighs,SUB-030396-4-001,Chicken Thighs - BRINED,SUB-013532-4-001,130.09,grams,UNCATEGORIZED BOM,,,,,,,,,,,,,,,,"FA-DE Spice, Sea Salt /Gewürze, Meersalz",SPI-00-139378-5,1.15,1.15,grams,,,0.4978,1.15,grams
Shredded Moroccan  Chicken Thighs,SUB-030396-4-001,Moroccan Chicken Marinade,SUB-030307-4-001,4.73,grams,IMMERSION BLENDER,,,,,,,,,,,,,,,,"FA-DE Oil, Olive /Öl, Olivenöl",PRO-00-139277-5,1.62,1.62,grams,,,1.0,1.62,grams
Shredded Moroccan  Chicken Thighs,SUB-030396-4-001,Moroccan Chicken Marinade,SUB-030307-4-001,4.73,grams,IMMERSION BLENDER,,,,,,,,,,,,,,,,"FA-DE Yogurt, Greek, Plain /Joghurt, Griechisch, Natur",DAI-00-139161-3,1.62,1.62,grams,MILCH (EINSCHLIESSLICH LAKTOSE),,1.0,1.62,grams
Shredded Moroccan  Chicken Thighs,SUB-030396-4-001,Moroccan Chicken Marinade,SUB-030307-4-001,4.73,grams,IMMERSION BLENDER,,,,,,,,,,,,,,,,"FA-DE Spice, Smoked Paprika /Gewürz, geräucherter Paprika",SPI-00-139383-5,0.15,0.15,grams,,,1.0,0.15,grams
Shredded Moroccan  Chicken Thighs,SUB-030396-4-001,Moroccan Chicken Marinade,SUB-030307-4-001,4.73,grams,IMMERSION BLENDER,,,,,,,,,,,,,,,,"FA-DE Spice, Cumin Seed /Gewürz, Kreuzkümmel",SPI-00-139346-5,0.17,0.17,grams,,,1.0,0.17,grams
Shredded Moroccan  Chicken Thighs,SUB-030396-4-001,Moroccan Chicken Marinade,SUB-030307-4-001,4.73,grams,IMMERSION BLENDER,,,,,,,,,,,,,,,,"FA-DE Spice, Sea Salt /Gewürze, Meersalz",SPI-00-139378-5,0.1,0.1,grams,,,1.0,0.1,grams
Shredded Moroccan  Chicken Thighs,SUB-030396-4-001,Moroccan Chicken Marinade,SUB-030307-4-001,4.73,grams,IMMERSION BLENDER,,,,,,,,,,,,,,,,"FA-DE Spice, Onion Powder, Toasted /Gewürze, Zwiebelpulver, geröstet",SPI-00-139371-5,0.04,0.04,grams,,,1.0,0.04,grams
Shredded Moroccan  Chicken Thighs,SUB-030396-4-001,Moroccan Chicken Marinade,SUB-030307-4-001,4.73,grams,IMMERSION BLENDER,,,,,,,,,,,,,,,,"FA-DE Spice, Ginger Ground /Gewürze, gemahlener Ingwer",SPI-00-139355-5,0.02,0.02,grams,,,1.0,0.02,grams
Shredded Moroccan  Chicken Thighs,SUB-030396-4-001,Moroccan Chicken Marinade,SUB-030307-4-001,4.73,grams,IMMERSION BLENDER,,,,,,,,,,,,,,,,"FA-DE Spice, Harissa Powder /Gewürz, Harissa-Pulver",SPI-00-139323-5,0.17,0.17,grams,,,1.0,0.17,grams
Shredded Moroccan  Chicken Thighs,SUB-030396-4-001,Moroccan Chicken Marinade,SUB-030307-4-001,4.73,grams,IMMERSION BLENDER,,,,,,,,,,,,,,,,"FA-DE Spice, Turmeric /Gewürz, Kurkuma",SPI-00-139384-5,0.02,0.02,grams,,,1.0,0.02,grams
Shredded Moroccan  Chicken Thighs,SUB-030396-4-001,Moroccan Chicken Marinade,SUB-030307-4-001,4.73,grams,IMMERSION BLENDER,,,,,,,,,,,,,,,,"FA-DE Parsley, Chopped /Petersilie, gehackt",PHF-00-139215-3,0.4,0.4,grams,,,1.0,0.4,grams
Shredded Moroccan  Chicken Thighs,SUB-030396-4-001,Moroccan Chicken Marinade,SUB-030307-4-001,4.73,grams,IMMERSION BLENDER,,,,,,,,,,,,,,,,"FA-DE Coriander, Chopped /Koriander, gehackt",PHF-00-139192-3,0.4,0.4,grams,,,1.0,0.4,grams
Shredded Moroccan  Chicken Thighs,SUB-030396-4-001,Moroccan Chicken Marinade,SUB-030307-4-001,4.73,grams,IMMERSION BLENDER,,,,,,,,,,,,,,,,"FA-DE Zest, Lemon/Gewürz, Zitronenschale",PHF-00-139247-3,0.02,0.02,grams,,,1.0,0.02,grams
Shredded Sous Vide Beef,SUB-013599-4-001,,,,,,,,,,,,,,,,,,,,,"FA-DE Beef, Pulled, Sous Vide/Rindfleisch, Pulled, Sous Vide",PTN-00-139315-3,54430,54430,grams,,,,54430,grams
Shredded chicken - Keto Crack Chicken Thigh Batch - Shredder,SUB-013715-4-002,Shredded Chicken Thighs - BRINED,SUB-013398-4-001,1300,grams,BRINE,,,,,,,,,,,,,,,,FA-DE Water / Wasser,OTH-00-144038-5,1300,1300,grams,,,0.4978,1300,grams
Shredded chicken - Keto Crack Chicken Thigh Batch - Shredder,SUB-013715-4-002,Shredded Chicken Thighs - BRINED,SUB-013398-4-001,1300,grams,BRINE,,,,,,,,,,,,,,,,"FA-DE Spice, Sea Salt /Gewürze, Meersalz",SPI-00-139378-5,11.47,11.47,grams,,,0.4978,11.47,grams
Shredded chicken - Keto Crack Chicken Thigh Batch - Shredder,SUB-013715-4-002,Shredded Chicken Thighs - BRINED,SUB-013398-4-001,1300,grams,BRINE,,,,,,,,,,,,,,,,"FA-DE Chicken, Thighs, Boneless Skinless /Hähnchen, Oberschenkel, ohne Knochen und ohne Haut",PTN-00-139343-3,1300,1300,grams,,,0.4978,1300,grams
Shredded chicken - Keto Crack Chicken Thigh Batch - Shredder,SUB-013715-4-002,,,,,,,,,,,,,,,,,,,,,FA-DE Reserved Braising Liquid / Zurückgehaltene Schmorfllüssigkeit,PRO-00-144041-3,340.19,340.19,grams,,,,340.19,grams
Shredded chicken - Keto Crack Chicken Thigh Batch - Shredder,SUB-013715-4-002,DRY Ranch Seasoning,SUB-013480-4-001,14.18,grams,"HAND MIX, SPICE PORTIONING",,,,,,,,,,,,,,,,"FA-DE Spice, Buttermilk Powder/Gewürz, Buttermilchpulver",SPI-00-151139-5,8.74,8.74,grams,MILCH (EINSCHLIESSLICH LAKTOSE),,0.97982,8.74,grams
Shredded chicken - Keto Crack Chicken Thigh Batch - Shredder,SUB-013715-4-002,DRY Ranch Seasoning,SUB-013480-4-001,14.18,grams,"HAND MIX, SPICE PORTIONING",,,,,,,,,,,,,,,,"FA-DE Spice, Garlic Granulated /Gewürz, Knoblauch granuliert",SPI-00-139353-5,1.83,1.83,grams,,,0.97982,1.83,grams
Shredded chicken - Keto Crack Chicken Thigh Batch - Shredder,SUB-013715-4-002,DRY Ranch Seasoning,SUB-013480-4-001,14.18,grams,"HAND MIX, SPICE PORTIONING",,,,,,,,,,,,,,,,"FA-DE Spice, Onion Granulated /Gewürze, Zwiebeln granuliert",SPI-00-139370-5,1.61,1.61,grams,,,0.97982,1.61,grams
Shredded chicken - Keto Crack Chicken Thigh Batch - Shredder,SUB-013715-4-002,DRY Ranch Seasoning,SUB-013480-4-001,14.18,grams,"HAND MIX, SPICE PORTIONING",,,,,,,,,,,,,,,,"FA-DE Spice, Black Pepper, Ground /Gewürz, schwarzer Pfeffer, gemahlen",SPI-00-139334-5,0.92,0.92,grams,,,0.97982,0.92,grams
Shredded chicken - Keto Crack Chicken Thigh Batch - Shredder,SUB-013715-4-002,DRY Ranch Seasoning,SUB-013480-4-001,14.18,grams,"HAND MIX, SPICE PORTIONING",,,,,,,,,,,,,,,,"FA-DE Spice, Dill Dried /Gewürz, Dill getrocknet",SPI-00-139349-5,0.57,0.57,grams,,,0.97982,0.57,grams
Shredded chicken - Keto Crack Chicken Thigh Batch - Shredder,SUB-013715-4-002,DRY Ranch Seasoning,SUB-013480-4-001,14.18,grams,"HAND MIX, SPICE PORTIONING",,,,,,,,,,,,,,,,"FA-DE Chives, Dried /Schnittlauch, getrocknet",SPI-00-139322-5,0.57,0.57,grams,,,0.97982,0.57,grams
Shredded chicken - Keto Crack Chicken Thigh Batch - Shredder,SUB-013715-4-002,DRY Ranch Seasoning,SUB-013480-4-001,14.18,grams,"HAND MIX, SPICE PORTIONING",,,,,,,,,,,,,,,,"FA-DE Spice, Parsley Dried /Gewürze, getrocknete Petersilie",SPI-00-139374-5,0.23,0.23,grams,,,0.97982,0.23,grams
Shredded chicken - Keto Crack Chicken Thigh Batch - Shredder,SUB-013715-4-002,Dry Ranch Marinade,SUB-031652-4-001,184.28,grams,IMMERSION BLENDER,Roasted Garlic (use),SUB-013367-4-001,14.47,grams,"BLAST CHILLER, BRAISER, SPICE PORTIONING",,,,,,,,,,,"FA-DE Garlic, Peeled, Whole Cloves [10kg] /Knoblauch, geschält, ganze Nelken [10kg]",PHF-00-139197-3,14.59,14.59,grams,,,0.56691,14.59,grams
Shredded chicken - Keto Crack Chicken Thigh Batch - Shredder,SUB-013715-4-002,Dry Ranch Marinade,SUB-031652-4-001,184.28,grams,IMMERSION BLENDER,Roasted Garlic (use),SUB-013367-4-001,14.47,grams,"BLAST CHILLER, BRAISER, SPICE PORTIONING",,,,,,,,,,,"FA-DE Oil, Olive /Öl, Olivenöl",PRO-00-139277-5,10.94,10.94,grams,,,0.56691,10.94,grams
Shredded chicken - Keto Crack Chicken Thigh Batch - Shredder,SUB-013715-4-002,Dry Ranch Marinade,SUB-031652-4-001,184.28,grams,IMMERSION BLENDER,DRY Ranch Seasoning,SUB-013480-4-001,28.93,grams,"HAND MIX, SPICE PORTIONING",,,,,,,,,,,"FA-DE Spice, Buttermilk Powder/Gewürz, Buttermilchpulver",SPI-00-151139-5,17.84,17.84,grams,MILCH (EINSCHLIESSLICH LAKTOSE),,0.97982,17.84,grams
Shredded chicken - Keto Crack Chicken Thigh Batch - Shredder,SUB-013715-4-002,Dry Ranch Marinade,SUB-031652-4-001,184.28,grams,IMMERSION BLENDER,DRY Ranch Seasoning,SUB-013480-4-001,28.93,grams,"HAND MIX, SPICE PORTIONING",,,,,,,,,,,"FA-DE Spice, Garlic Granulated /Gewürz, Knoblauch granuliert",SPI-00-139353-5,3.74,3.74,grams,,,0.97982,3.74,grams
Shredded chicken - Keto Crack Chicken Thigh Batch - Shredder,SUB-013715-4-002,Dry Ranch Marinade,SUB-031652-4-001,184.28,grams,IMMERSION BLENDER,DRY Ranch Seasoning,SUB-013480-4-001,28.93,grams,"HAND MIX, SPICE PORTIONING",,,,,,,,,,,"FA-DE Spice, Onion Granulated /Gewürze, Zwiebeln granuliert",SPI-00-139370-5,3.28,3.28,grams,,,0.97982,3.28,grams
Shredded chicken - Keto Crack Chicken Thigh Batch - Shredder,SUB-013715-4-002,Dry Ranch Marinade,SUB-031652-4-001,184.28,grams,IMMERSION BLENDER,DRY Ranch Seasoning,SUB-013480-4-001,28.93,grams,"HAND MIX, SPICE PORTIONING",,,,,,,,,,,"FA-DE Spice, Black Pepper, Ground /Gewürz, schwarzer Pfeffer, gemahlen",SPI-00-139334-5,1.89,1.89,grams,,,0.97982,1.89,grams
Shredded chicken - Keto Crack Chicken Thigh Batch - Shredder,SUB-013715-4-002,Dry Ranch Marinade,SUB-031652-4-001,184.28,grams,IMMERSION BLENDER,DRY Ranch Seasoning,SUB-013480-4-001,28.93,grams,"HAND MIX, SPICE PORTIONING",,,,,,,,,,,"FA-DE Spice, Dill Dried /Gewürz, Dill getrocknet",SPI-00-139349-5,1.16,1.16,grams,,,0.97982,1.16,grams
Shredded chicken - Keto Crack Chicken Thigh Batch - Shredder,SUB-013715-4-002,Dry Ranch Marinade,SUB-031652-4-001,184.28,grams,IMMERSION BLENDER,DRY Ranch Seasoning,SUB-013480-4-001,28.93,grams,"HAND MIX, SPICE PORTIONING",,,,,,,,,,,"FA-DE Chives, Dried /Schnittlauch, getrocknet",SPI-00-139322-5,1.16,1.16,grams,,,0.97982,1.16,grams
Shredded chicken - Keto Crack Chicken Thigh Batch - Shredder,SUB-013715-4-002,Dry Ranch Marinade,SUB-031652-4-001,184.28,grams,IMMERSION BLENDER,DRY Ranch Seasoning,SUB-013480-4-001,28.93,grams,"HAND MIX, SPICE PORTIONING",,,,,,,,,,,"FA-DE Spice, Parsley Dried /Gewürze, getrocknete Petersilie",SPI-00-139374-5,0.46,0.46,grams,,,0.97982,0.46,grams
Shredded chicken - Keto Crack Chicken Thigh Batch - Shredder,SUB-013715-4-002,Dry Ranch Marinade,SUB-031652-4-001,184.28,grams,IMMERSION BLENDER,,,,,,,,,,,,,,,,"FA-DE Oil, Olive /Öl, Olivenöl",PRO-00-139277-5,144.65,144.65,grams,,,0.97998,144.65,grams
Smokehouse Ketchup,SUB-013422-4-001,,,,,,,,,,,,,,,,,,,,,"FA-DE Spice, Black Pepper, Ground /Gewürz, schwarzer Pfeffer, gemahlen",SPI-00-139334-5,31.95,31.95,grams,,,,31.95,grams
Smokehouse Ketchup,SUB-013422-4-001,,,,,,,,,,,,,,,,,,,,,FA-DE Honey /Honig – Masse,PRO-00-139266-5,3670,3670,grams,,,,3670,grams
Smokehouse Ketchup,SUB-013422-4-001,,,,,,,,,,,,,,,,,,,,,"FA-DE Garlic, IQF, Diced 4 mm /Knoblauch, IQF, gewürfelt 4 mm",PHF-00-139237-1,931.27,931.27,grams,SCHWEFELDIOXIDE UND SULFITE,,,931.27,grams
Smokehouse Ketchup,SUB-013422-4-001,,,,,,,,,,,,,,,,,,,,,"FA-DE Tomatoes, Concentrated Crushed /Tomaten, konzentriert, zerkleinert",PRO-00-139293-5,15340,15340,grams,,,,15340,grams
Smokehouse Ketchup,SUB-013422-4-001,,,,,,,,,,,,,,,,,,,,,"FA-DE Oil, Olive /Öl, Olivenöl",PRO-00-139277-5,523.13,523.13,grams,,,,523.13,grams
Smokehouse Ketchup,SUB-013422-4-001,,,,,,,,,,,,,,,,,,,,,"FA-DE Thyme, IQF /Thymian, IQF",PHF-00-139244-1,63.9,63.9,grams,,,,63.9,grams
Smokehouse Ketchup,SUB-013422-4-001,,,,,,,,,,,,,,,,,,,,,"FA-DE Vinegar, Balsamic /Essig, Balsamico",PRO-00-139298-5,2320,2320,grams,SCHWEFELDIOXIDE UND SULFITE,,,2320,grams
Smokehouse Ketchup,SUB-013422-4-001,,,,,,,,,,,,,,,,,,,,,FA-DE Water / Wasser,OTH-00-144038-5,7710,7710,grams,,,,7710,grams
Sour Cream and Chive Mashed Yukons (more salt),SUB-014217-4-001,,,,,,,,,,,,,,,,,,,,,"FA-DE Milk, Whole /Milch, voll",DAI-00-139142-3,9.03,9.03,grams,MILCH (EINSCHLIESSLICH LAKTOSE),,,9.03,grams
Sour Cream and Chive Mashed Yukons (more salt),SUB-014217-4-001,,,,,,,,,,,,,,,,,,,,,"FA-DE Butter, Unsalted /Butter, ungesalzen",DAI-00-139146-3,3.57,3.57,grams,MILCH (EINSCHLIESSLICH LAKTOSE),,,3.57,grams
Sour Cream and Chive Mashed Yukons (more salt),SUB-014217-4-001,,,,,,,,,,,,,,,,,,,,,FA-DE Sour Cream /Sauerrahm,DAI-00-139141-3,10.41,10.41,grams,MILCH (EINSCHLIESSLICH LAKTOSE),,,10.41,grams
Sour Cream and Chive Mashed Yukons (more salt),SUB-014217-4-001,,,,,,,,,,,,,,,,,,,,,"FA-DE Spice, Garlic Powder, Toasted /Gewürz, Knoblauchpulver, geröstet",SPI-00-139354-5,0.3,0.3,grams,,,,0.3,grams
Sour Cream and Chive Mashed Yukons (more salt),SUB-014217-4-001,,,,,,,,,,,,,,,,,,,,,"FA-DE Chives, Dried /Schnittlauch, getrocknet",SPI-00-139322-5,0.6,0.6,grams,,,,0.6,grams
Sour Cream and Chive Mashed Yukons (more salt),SUB-014217-4-001,,,,,,,,,,,,,,,,,,,,,"FA-DE Spice, Black Pepper, Ground /Gewürz, schwarzer Pfeffer, gemahlen",SPI-00-139334-5,0.15,0.15,grams,,,,0.15,grams
Sour Cream and Chive Mashed Yukons (more salt),SUB-014217-4-001,,,,,,,,,,,,,,,,,,,,,"FA-DE Spice, Sea Salt /Gewürze, Meersalz",SPI-00-139378-5,0.83,0.83,grams,,,,0.83,grams
Sour Cream and Chive Mashed Yukons (more salt),SUB-014217-4-001,,,,,,,,,,,,,,,,,,,,,"FA-DE Spice, Onion Granulated /Gewürze, Zwiebeln granuliert",SPI-00-139370-5,0.3,0.3,grams,,,,0.3,grams
Sour Cream and Chive Mashed Yukons (more salt),SUB-014217-4-001,Cooked Diced Potato,SUB-013592-4-001,100.69,grams,"BLAST CHILLER, OVEN",,,,,,,,,,,,,,,,"FA-DE Potatoes, Diced 10mm /Kartoffeln, gewürfelt, 10 mm",PHF-00-139219-3,102.74,102.74,grams,,,0.98,102.74,grams
Sour Cream and Chive Mashed Yukons (more salt),SUB-014217-4-001,Roasted Garlic (use),SUB-013367-4-001,1.49,grams,"BLAST CHILLER, BRAISER, SPICE PORTIONING",,,,,,,,,,,,,,,,"FA-DE Garlic, Peeled, Whole Cloves [10kg] /Knoblauch, geschält, ganze Nelken [10kg]",PHF-00-139197-3,1.5,1.5,grams,,,0.56691,1.5,grams
Sour Cream and Chive Mashed Yukons (more salt),SUB-014217-4-001,Roasted Garlic (use),SUB-013367-4-001,1.49,grams,"BLAST CHILLER, BRAISER, SPICE PORTIONING",,,,,,,,,,,,,,,,"FA-DE Oil, Olive /Öl, Olivenöl",PRO-00-139277-5,1.13,1.13,grams,,,0.56691,1.13,grams
Spanakopita Rice,SUB-031599-4-001,Brown Basmati Rice Cooked -NO SALT,SUB-030343-4-001,283.5,grams,UNCATEGORIZED BOM,,,,,,,,,,,,,,,,"FA-DE Rice, Basmati, Brown /Reis, Basmati, braun",DRY-00-139168-5,110.88,110.88,grams,,,1.02346,110.88,grams
Spanakopita Rice,SUB-031599-4-001,Brown Basmati Rice Cooked -NO SALT,SUB-030343-4-001,283.5,grams,UNCATEGORIZED BOM,,,,,,,,,,,,,,,,FA-DE Water / Wasser,OTH-00-144038-5,166.12,166.12,grams,,,1.02346,166.12,grams
Spanakopita Rice,SUB-031599-4-001,Spanakopita Rice Inclusion,SUB-030344-4-001,198.45,grams,"BLAST CHILLER, BRAISER, SPICE PORTIONING",,,,,,,,,,,,,,,,"FA-DE Oil, Olive /Öl, Olivenöl",PRO-00-139277-5,17.72,17.72,grams,,,0.93327,17.72,grams
Spanakopita Rice,SUB-031599-4-001,Spanakopita Rice Inclusion,SUB-030344-4-001,198.45,grams,"BLAST CHILLER, BRAISER, SPICE PORTIONING",,,,,,,,,,,,,,,,"FA-DE Onion, Spanish, Diced 10mm /Zwiebel, Spanisch, gewürfelt 10 mm",PHF-00-139209-3,46.38,46.38,grams,,,0.93327,46.38,grams
Spanakopita Rice,SUB-031599-4-001,Spanakopita Rice Inclusion,SUB-030344-4-001,198.45,grams,"BLAST CHILLER, BRAISER, SPICE PORTIONING",,,,,,,,,,,,,,,,"FA-DE Garlic, IQF, Diced 4 mm /Knoblauch, IQF, gewürfelt 4 mm",PHF-00-139237-1,23.17,23.17,grams,SCHWEFELDIOXIDE UND SULFITE,,0.93327,23.17,grams
Spanakopita Rice,SUB-031599-4-001,Spanakopita Rice Inclusion,SUB-030344-4-001,198.45,grams,"BLAST CHILLER, BRAISER, SPICE PORTIONING",,,,,,,,,,,,,,,,"FA-DE Spice, Sea Salt /Gewürze, Meersalz",SPI-00-139378-5,1.02,1.02,grams,,,0.93327,1.02,grams
Spanakopita Rice,SUB-031599-4-001,Spanakopita Rice Inclusion,SUB-030344-4-001,198.45,grams,"BLAST CHILLER, BRAISER, SPICE PORTIONING",,,,,,,,,,,,,,,,"FA-DE Spice, Dill Dried /Gewürz, Dill getrocknet",SPI-00-139349-5,0.47,0.47,grams,,,0.93327,0.47,grams
Spanakopita Rice,SUB-031599-4-001,Spanakopita Rice Inclusion,SUB-030344-4-001,198.45,grams,"BLAST CHILLER, BRAISER, SPICE PORTIONING",,,,,,,,,,,,,,,,"FA-DE Spice, Oregano Dry /Gewürz, Oregano trocken",SPI-00-139372-5,0.23,0.23,grams,,,0.93327,0.23,grams
Spanakopita Rice,SUB-031599-4-001,Spanakopita Rice Inclusion,SUB-030344-4-001,198.45,grams,"BLAST CHILLER, BRAISER, SPICE PORTIONING",Thawed & Squeezed Frozen Spinach,SUB-013405-4-001,77.27,grams,"BLAST CHILLER, HAND MIX, OVEN",,,,,,,,,,,"FA-DE Spinach, Frozen Leaf/Spinat, gefrorener Blattspinat",PHF-00-139242-1,128.41,128.41,grams,,,0.60173,128.41,grams
Spanakopita Rice,SUB-031599-4-001,Spanakopita Rice Inclusion,SUB-030344-4-001,198.45,grams,"BLAST CHILLER, BRAISER, SPICE PORTIONING",,,,,,,,,,,,,,,,"FA-DE Cheese, Feta /Käse, Feta",DAI-00-144309-3,46.38,46.38,grams,MILCH (EINSCHLIESSLICH LAKTOSE),,0.93327,46.38,grams
Spanakopita Rice Inclusion,SUB-030344-4-001,,,,,,,,,,,,,,,,,,,,,"FA-DE Oil, Olive /Öl, Olivenöl",PRO-00-139277-5,3.81,3.81,grams,,,,3.81,grams
Spanakopita Rice Inclusion,SUB-030344-4-001,,,,,,,,,,,,,,,,,,,,,"FA-DE Onion, Spanish, Diced 10mm /Zwiebel, Spanisch, gewürfelt 10 mm",PHF-00-139209-3,9.97,9.97,grams,,,,9.97,grams
Spanakopita Rice Inclusion,SUB-030344-4-001,,,,,,,,,,,,,,,,,,,,,"FA-DE Garlic, IQF, Diced 4 mm /Knoblauch, IQF, gewürfelt 4 mm",PHF-00-139237-1,4.98,4.98,grams,SCHWEFELDIOXIDE UND SULFITE,,,4.98,grams
Spanakopita Rice Inclusion,SUB-030344-4-001,,,,,,,,,,,,,,,,,,,,,"FA-DE Spice, Sea Salt /Gewürze, Meersalz",SPI-00-139378-5,0.22,0.22,grams,,,,0.22,grams
Spanakopita Rice Inclusion,SUB-030344-4-001,,,,,,,,,,,,,,,,,,,,,"FA-DE Spice, Dill Dried /Gewürz, Dill getrocknet",SPI-00-139349-5,0.1,0.1,grams,,,,0.1,grams
Spanakopita Rice Inclusion,SUB-030344-4-001,,,,,,,,,,,,,,,,,,,,,"FA-DE Spice, Oregano Dry /Gewürz, Oregano trocken",SPI-00-139372-5,0.05,0.05,grams,,,,0.05,grams
Spanakopita Rice Inclusion,SUB-030344-4-001,Thawed & Squeezed Frozen Spinach,SUB-013405-4-001,16.61,grams,"BLAST CHILLER, HAND MIX, OVEN",,,,,,,,,,,,,,,,"FA-DE Spinach, Frozen Leaf/Spinat, gefrorener Blattspinat",PHF-00-139242-1,27.6,27.6,grams,,,0.60173,27.6,grams
Spanakopita Rice Inclusion,SUB-030344-4-001,,,,,,,,,,,,,,,,,,,,,"FA-DE Cheese, Feta /Käse, Feta",DAI-00-144309-3,9.97,9.97,grams,MILCH (EINSCHLIESSLICH LAKTOSE),,,9.97,grams
Spice Pack Herb-Parmesan Butter (best),SUB-014167-4-001,,,,,,,,,,,,,,,,,,,,,"FA-DE Spice, Sea Salt /Gewürze, Meersalz",SPI-00-139378-5,0.1,0.1,grams,,,,0.1,grams
Spice Pack Herb-Parmesan Butter (best),SUB-014167-4-001,,,,,,,,,,,,,,,,,,,,,"FA-DE Chives, Dried /Schnittlauch, getrocknet",SPI-00-139322-5,0.08,0.08,grams,,,,0.08,grams
Spice Pack Herb-Parmesan Butter (best),SUB-014167-4-001,,,,,,,,,,,,,,,,,,,,,"FA-DE Cheese, Parmesan, Grated /Käse, Parmesan, gerieben",DAI-00-139127-3,2.24,2.24,grams,MILCH (EINSCHLIESSLICH LAKTOSE),,,2.24,grams
Spice Pack Herb-Parmesan Butter (best),SUB-014167-4-001,,,,,,,,,,,,,,,,,,,,,"FA-DE Spice, Black Pepper, Ground /Gewürz, schwarzer Pfeffer, gemahlen",SPI-00-139334-5,0.1,0.1,grams,,,,0.1,grams
Spice Pack Herb-Parmesan Butter (best),SUB-014167-4-001,,,,,,,,,,,,,,,,,,,,,"FA-DE Spice, Parsley Dried /Gewürze, getrocknete Petersilie",SPI-00-139374-5,0.08,0.08,grams,,,,0.08,grams
Spice Roasted Potatoes 10mm Diced-Less Pepper,SUB-030305-4-001,,,,,,,,,,,,,,,,,,,,,"FA-DE Potatoes, Diced 10mm /Kartoffeln, gewürfelt, 10 mm",PHF-00-139219-3,91.46,91.46,grams,,,,91.46,grams
Spice Roasted Potatoes 10mm Diced-Less Pepper,SUB-030305-4-001,,,,,,,,,,,,,,,,,,,,,"FA-DE Oil, Olive /Öl, Olivenöl",PRO-00-139277-5,2.48,2.48,grams,,,,2.48,grams
Spice Roasted Potatoes 10mm Diced-Less Pepper,SUB-030305-4-001,,,,,,,,,,,,,,,,,,,,,"FA-DE Spice, Paprika /Gewürze, Paprika",SPI-00-139373-5,0.86,0.86,grams,,,,0.86,grams
Spice Roasted Potatoes 10mm Diced-Less Pepper,SUB-030305-4-001,,,,,,,,,,,,,,,,,,,,,"FA-DE Spice, Onion Granulated /Gewürze, Zwiebeln granuliert",SPI-00-139370-5,0.86,0.86,grams,,,,0.86,grams
Spice Roasted Potatoes 10mm Diced-Less Pepper,SUB-030305-4-001,,,,,,,,,,,,,,,,,,,,,"FA-DE Spice, Garlic Granulated /Gewürz, Knoblauch granuliert",SPI-00-139353-5,0.65,0.65,grams,,,,0.65,grams
Spice Roasted Potatoes 10mm Diced-Less Pepper,SUB-030305-4-001,,,,,,,,,,,,,,,,,,,,,"FA-DE Spice, Black Pepper, Ground /Gewürz, schwarzer Pfeffer, gemahlen",SPI-00-139334-5,0.23,0.23,grams,,,,0.23,grams
Spice Roasted Potatoes 10mm Diced-Less Pepper,SUB-030305-4-001,,,,,,,,,,,,,,,,,,,,,"FA-DE Spice, Cumin Ground /Gewürz, gemahlener Kreuzkümmel",SPI-00-139345-5,0.43,0.43,grams,,,,0.43,grams
Spice Roasted Potatoes 10mm Diced-Less Pepper,SUB-030305-4-001,,,,,,,,,,,,,,,,,,,,,"FA-DE Spice, Sea Salt /Gewürze, Meersalz",SPI-00-139378-5,0.3,0.3,grams,,,,0.3,grams
Steamed Cauliflower Rice,SUB-029075-4-001,,,,,,,,,,,,,,,,,,,,,"FA-DE Cauliflower, Riced, IQF /Blumenkohl, Reis, IQF",PHF-00-139233-1,75.82,75.82,grams,,,,75.82,grams
Steamed Green Beans,SUB-030310-4-001,,,,,,,,,,,,,,,,,,,,,"FA-DE Green Beans, Fresh, Cut 40mm /Grüne Bohnen, frisch, geschnitten 40mm",PHF-00-139199-3,56.85,56.85,grams,,,,56.85,grams
Steamed Green Beans,SUB-030310-4-001,,,,,,,,,,,,,,,,,,,,,"FA-DE Oil, Olive /Öl, Olivenöl",PRO-00-139277-5,1.14,1.14,grams,,,,1.14,grams
Steamed Green Beans,SUB-030310-4-001,,,,,,,,,,,,,,,,,,,,,"FA-DE Spice, Sea Salt /Gewürze, Meersalz",SPI-00-139378-5,0.14,0.14,grams,,,,0.14,grams
Steamed Sweet Potato,SUB-013509-4-002,,,,,,,,,,,,,,,,,,,,,"FA-DE Potatoes, Sweet, Diced 10mm /Kartoffeln, süß, gewürfelt 10 mm",PHF-00-139221-3,748.43,748.43,grams,,,,748.43,grams
Thawed & Squeezed Frozen Spinach,SUB-013405-4-001,,,,,,,,,,,,,,,,,,,,,"FA-DE Spinach, Frozen Leaf/Spinat, gefrorener Blattspinat",PHF-00-139242-1,2310,2310,grams,,,,2310,grams
Toasted Garlic Zucchini - Half moons 3 - half salt,SUB-030364-4-001,,,,,,,,,,,,,,,,,,,,,"FA-DE Zucchini, Half Moon /Zucchini, Mondwürfel",PHF-00-139231-3,49.45,49.45,grams,,,,49.45,grams
Toasted Garlic Zucchini - Half moons 3 - half salt,SUB-030364-4-001,,,,,,,,,,,,,,,,,,,,,"FA-DE Oil, Olive /Öl, Olivenöl",PRO-00-139277-5,0.66,0.66,grams,,,,0.66,grams
Toasted Garlic Zucchini - Half moons 3 - half salt,SUB-030364-4-001,,,,,,,,,,,,,,,,,,,,,"FA-DE Spice, Minced Garlic, Toasted, Dry /Gewürz, gehackter Knoblauch, geröstet, trocken",SPI-00-139367-5,0.35,0.35,grams,,,,0.35,grams
Toasted Garlic Zucchini - Half moons 3 - half salt,SUB-030364-4-001,,,,,,,,,,,,,,,,,,,,,"FA-DE Spice, Sea Salt /Gewürze, Meersalz",SPI-00-139378-5,0.09,0.09,grams,,,,0.09,grams
Toasted Garlic Zucchini - Half moons 3 - half salt,SUB-030364-4-001,,,,,,,,,,,,,,,,,,,,,"FA-DE Spice, Black Pepper, Ground /Gewürz, schwarzer Pfeffer, gemahlen",SPI-00-139334-5,0.07,0.07,grams,,,,0.07,grams
Toasted garlic cream,SUB-015142-4-001,,,,,,,,,,,,,,,,,,,,,FA-DE Heavy Cream 20% /Sahne 20%,DAI-00-139137-3,8.51,8.51,grams,MILCH (EINSCHLIESSLICH LAKTOSE),,,8.51,grams
Toasted garlic cream,SUB-015142-4-001,,,,,,,,,,,,,,,,,,,,,"FA-DE Milk, Whole /Milch, voll",DAI-00-139142-3,24.1,24.1,grams,MILCH (EINSCHLIESSLICH LAKTOSE),,,24.1,grams
Toasted garlic cream,SUB-015142-4-001,,,,,,,,,,,,,,,,,,,,,"FA-DE Cheese, Cream, 13% Fat (Milk) /Käse, Sahne, 13% Fett",DAI-00-139122-3,19.85,19.85,grams,MILCH (EINSCHLIESSLICH LAKTOSE),,,19.85,grams
Toasted garlic cream,SUB-015142-4-001,,,,,,,,,,,,,,,,,,,,,"FA-DE Stock, Chicken, Reduced/Brühe, Huhn, Reduziert",PRO-00-139288-5,2.27,2.27,grams,,,,2.27,grams
Toasted garlic cream,SUB-015142-4-001,,,,,,,,,,,,,,,,,,,,,"FA-DE Spice, Black Pepper, Ground /Gewürz, schwarzer Pfeffer, gemahlen",SPI-00-139334-5,0.1,0.1,grams,,,,0.1,grams
Toasted garlic cream,SUB-015142-4-001,,,,,,,,,,,,,,,,,,,,,"FA-DE Chives, Dried /Schnittlauch, getrocknet",SPI-00-139322-5,0.57,0.57,grams,,,,0.57,grams
Toasted garlic cream,SUB-015142-4-001,,,,,,,,,,,,,,,,,,,,,"FA-DE Spice, Onion Powder, Toasted /Gewürze, Zwiebelpulver, geröstet",SPI-00-139371-5,0.57,0.57,grams,,,,0.57,grams
Toasted garlic cream,SUB-015142-4-001,,,,,,,,,,,,,,,,,,,,,"FA-DE Spice, Garlic Powder, Toasted /Gewürz, Knoblauchpulver, geröstet",SPI-00-139354-5,0.85,0.85,grams,,,,0.85,grams
Toasted garlic cream,SUB-015142-4-001,,,,,,,,,,,,,,,,,,,,,"FA-DE Spice, Minced Garlic, Toasted, Dry /Gewürz, gehackter Knoblauch, geröstet, trocken",SPI-00-139367-5,0.85,0.85,grams,,,,0.85,grams
Toasted garlic cream,SUB-015142-4-001,,,,,,,,,,,,,,,,,,,,,"FA-DE Spice, Sea Salt /Gewürze, Meersalz",SPI-00-139378-5,0.25,0.25,grams,,,,0.25,grams
Toasted garlic cream,SUB-015142-4-001,,,,,,,,,,,,,,,,,,,,,"FA-DE Cheese, Parmesan, Grated /Käse, Parmesan, gerieben",DAI-00-139127-3,11.34,11.34,grams,MILCH (EINSCHLIESSLICH LAKTOSE),,,11.34,grams
Tomatoes - Roasted cherry tomatoes,SUB-013627-4-001,,,,,,,,,,,,,,,,,,,,,"FA-DE Tomatoes, Cherry/Tomaten, Kirsche",PHF-00-139190-3,850.49,850.49,grams,,,,850.49,grams
Tomatoes - Roasted cherry tomatoes,SUB-013627-4-001,,,,,,,,,,,,,,,,,,,,,"FA-DE Oil, Olive /Öl, Olivenöl",PRO-00-139277-5,8.5,8.5,grams,,,,8.5,grams
Tomatoes - Roasted cherry tomatoes,SUB-013627-4-001,,,,,,,,,,,,,,,,,,,,,"FA-DE Spice, Sea Salt /Gewürze, Meersalz",SPI-00-139378-5,0.28,0.28,grams,,,,0.28,grams
Tuscan Marinade,SUB-031711-4-001,,,,,,,,,,,,,,,,,,,,,"FA-DE Oil, Olive /Öl, Olivenöl",PRO-00-139277-5,7.44,7.44,grams,,,,7.44,grams
Tuscan Marinade,SUB-031711-4-001,,,,,,,,,,,,,,,,,,,,,"FA-DE Garlic, IQF, Diced 4 mm /Knoblauch, IQF, gewürfelt 4 mm",PHF-00-139237-1,1.98,1.98,grams,SCHWEFELDIOXIDE UND SULFITE,,,1.98,grams
Tuscan Marinade,SUB-031711-4-001,,,,,,,,,,,,,,,,,,,,,"FA-DE Spice, Black Pepper, Ground /Gewürz, schwarzer Pfeffer, gemahlen",SPI-00-139334-5,0.16,0.16,grams,,,,0.16,grams
Tuscan Marinade,SUB-031711-4-001,Tuscan Spice,SUB-013784-4-001,1.17,grams,"HAND MIX, SPICE PORTIONING",,,,,,,,,,,,,,,,"FA-DE Spice, Fennel Ground /Gewürz, Fenchel gemahlen",SPI-00-139351-5,0.1,0.1,grams,,,0.98006,0.1,grams
Tuscan Marinade,SUB-031711-4-001,Tuscan Spice,SUB-013784-4-001,1.17,grams,"HAND MIX, SPICE PORTIONING",,,,,,,,,,,,,,,,"FA-DE Spice, Basil, Dried /Gewürz, Basilikum, getrocknet",SPI-00-139331-5,0.31,0.31,grams,,,0.98006,0.31,grams
Tuscan Marinade,SUB-031711-4-001,Tuscan Spice,SUB-013784-4-001,1.17,grams,"HAND MIX, SPICE PORTIONING",,,,,,,,,,,,,,,,"FA-DE Spice, Cayenne Pepper /Gewürz, Cayennepfeffer",SPI-00-139339-5,0.05,0.05,grams,,,0.98006,0.05,grams
Tuscan Marinade,SUB-031711-4-001,Tuscan Spice,SUB-013784-4-001,1.17,grams,"HAND MIX, SPICE PORTIONING",,,,,,,,,,,,,,,,"FA-DE Spice, Oregano Dry /Gewürz, Oregano trocken",SPI-00-139372-5,0.21,0.21,grams,,,0.98006,0.21,grams
Tuscan Marinade,SUB-031711-4-001,Tuscan Spice,SUB-013784-4-001,1.17,grams,"HAND MIX, SPICE PORTIONING",,,,,,,,,,,,,,,,"FA-DE Spice, Rosemary, Powder /Gewürz, Rosmarin, Pulver",SPI-00-139376-5,0.21,0.21,grams,,,0.98006,0.21,grams
Tuscan Marinade,SUB-031711-4-001,Tuscan Spice,SUB-013784-4-001,1.17,grams,"HAND MIX, SPICE PORTIONING",,,,,,,,,,,,,,,,"FA-DE Spice, Garlic Granulated /Gewürz, Knoblauch granuliert",SPI-00-139353-5,0.31,0.31,grams,,,0.98006,0.31,grams
Tuscan Marinade,SUB-031711-4-001,,,,,,,,,,,,,,,,,,,,,"FA-DE Spice, Sea Salt /Gewürze, Meersalz",SPI-00-139378-5,0.2,0.2,grams,,,,0.2,grams
Tuscan Shrimp Batch 2,SUB-030357-4-001,Frozen Shrimp - Thawed,SUB-029188-4-001,125.47,grams,"BLAST CHILLER, MARINADE, OVEN, THAW",,,,,,,,,,,,,,,,FA-DE Prawns 21/25 /Garnelen 21/25 - IQF,PTN-00-139321-1,156.85,156.85,grams,KREBSTIERE,,0.29194,156.85,grams
Tuscan Shrimp Batch 2,SUB-030357-4-001,Frozen Shrimp - Thawed,SUB-029188-4-001,125.47,grams,"BLAST CHILLER, MARINADE, OVEN, THAW",,,,,,,,,,,,,,,,FA-DE Water / Wasser,OTH-00-144038-5,235.28,235.28,grams,,,0.29194,235.28,grams
Tuscan Shrimp Batch 2,SUB-030357-4-001,Frozen Shrimp - Thawed,SUB-029188-4-001,125.47,grams,"BLAST CHILLER, MARINADE, OVEN, THAW",,,,,,,,,,,,,,,,FA-DE Water / Wasser,OTH-00-144038-5,37.65,37.65,grams,,,0.29194,37.65,grams
Tuscan Shrimp Batch 2,SUB-030357-4-001,Tuscan Marinade,SUB-031711-4-001,9.89,grams,IMMERSION BLENDER,,,,,,,,,,,,,,,,"FA-DE Oil, Olive /Öl, Olivenöl",PRO-00-139277-5,6.98,6.98,grams,,,0.96256,6.98,grams
Tuscan Shrimp Batch 2,SUB-030357-4-001,Tuscan Marinade,SUB-031711-4-001,9.89,grams,IMMERSION BLENDER,,,,,,,,,,,,,,,,"FA-DE Garlic, IQF, Diced 4 mm /Knoblauch, IQF, gewürfelt 4 mm",PHF-00-139237-1,1.86,1.86,grams,SCHWEFELDIOXIDE UND SULFITE,,0.96256,1.86,grams
Tuscan Shrimp Batch 2,SUB-030357-4-001,Tuscan Marinade,SUB-031711-4-001,9.89,grams,IMMERSION BLENDER,,,,,,,,,,,,,,,,"FA-DE Spice, Black Pepper, Ground /Gewürz, schwarzer Pfeffer, gemahlen",SPI-00-139334-5,0.15,0.15,grams,,,0.96256,0.15,grams
Tuscan Shrimp Batch 2,SUB-030357-4-001,Tuscan Marinade,SUB-031711-4-001,9.89,grams,IMMERSION BLENDER,Tuscan Spice,SUB-013784-4-001,1.1,grams,"HAND MIX, SPICE PORTIONING",,,,,,,,,,,"FA-DE Spice, Fennel Ground /Gewürz, Fenchel gemahlen",SPI-00-139351-5,0.1,0.1,grams,,,0.98006,0.1,grams
Tuscan Shrimp Batch 2,SUB-030357-4-001,Tuscan Marinade,SUB-031711-4-001,9.89,grams,IMMERSION BLENDER,Tuscan Spice,SUB-013784-4-001,1.1,grams,"HAND MIX, SPICE PORTIONING",,,,,,,,,,,"FA-DE Spice, Basil, Dried /Gewürz, Basilikum, getrocknet",SPI-00-139331-5,0.29,0.29,grams,,,0.98006,0.29,grams
Tuscan Shrimp Batch 2,SUB-030357-4-001,Tuscan Marinade,SUB-031711-4-001,9.89,grams,IMMERSION BLENDER,Tuscan Spice,SUB-013784-4-001,1.1,grams,"HAND MIX, SPICE PORTIONING",,,,,,,,,,,"FA-DE Spice, Cayenne Pepper /Gewürz, Cayennepfeffer",SPI-00-139339-5,0.05,0.05,grams,,,0.98006,0.05,grams
Tuscan Shrimp Batch 2,SUB-030357-4-001,Tuscan Marinade,SUB-031711-4-001,9.89,grams,IMMERSION BLENDER,Tuscan Spice,SUB-013784-4-001,1.1,grams,"HAND MIX, SPICE PORTIONING",,,,,,,,,,,"FA-DE Spice, Oregano Dry /Gewürz, Oregano trocken",SPI-00-139372-5,0.19,0.19,grams,,,0.98006,0.19,grams
Tuscan Shrimp Batch 2,SUB-030357-4-001,Tuscan Marinade,SUB-031711-4-001,9.89,grams,IMMERSION BLENDER,Tuscan Spice,SUB-013784-4-001,1.1,grams,"HAND MIX, SPICE PORTIONING",,,,,,,,,,,"FA-DE Spice, Rosemary, Powder /Gewürz, Rosmarin, Pulver",SPI-00-139376-5,0.19,0.19,grams,,,0.98006,0.19,grams
Tuscan Shrimp Batch 2,SUB-030357-4-001,Tuscan Marinade,SUB-031711-4-001,9.89,grams,IMMERSION BLENDER,Tuscan Spice,SUB-013784-4-001,1.1,grams,"HAND MIX, SPICE PORTIONING",,,,,,,,,,,"FA-DE Spice, Garlic Granulated /Gewürz, Knoblauch granuliert",SPI-00-139353-5,0.29,0.29,grams,,,0.98006,0.29,grams
Tuscan Shrimp Batch 2,SUB-030357-4-001,Tuscan Marinade,SUB-031711-4-001,9.89,grams,IMMERSION BLENDER,,,,,,,,,,,,,,,,"FA-DE Spice, Sea Salt /Gewürze, Meersalz",SPI-00-139378-5,0.19,0.19,grams,,,0.96256,0.19,grams
Tuscan Spice,SUB-013784-4-001,,,,,,,,,,,,,,,,,,,,,"FA-DE Spice, Fennel Ground /Gewürz, Fenchel gemahlen",SPI-00-139351-5,2.84,2.84,grams,,,,2.84,grams
Tuscan Spice,SUB-013784-4-001,,,,,,,,,,,,,,,,,,,,,"FA-DE Spice, Basil, Dried /Gewürz, Basilikum, getrocknet",SPI-00-139331-5,8.5,8.5,grams,,,,8.5,grams
Tuscan Spice,SUB-013784-4-001,,,,,,,,,,,,,,,,,,,,,"FA-DE Spice, Cayenne Pepper /Gewürz, Cayennepfeffer",SPI-00-139339-5,1.42,1.42,grams,,,,1.42,grams
Tuscan Spice,SUB-013784-4-001,,,,,,,,,,,,,,,,,,,,,"FA-DE Spice, Oregano Dry /Gewürz, Oregano trocken",SPI-00-139372-5,5.67,5.67,grams,,,,5.67,grams
Tuscan Spice,SUB-013784-4-001,,,,,,,,,,,,,,,,,,,,,"FA-DE Spice, Rosemary, Powder /Gewürz, Rosmarin, Pulver",SPI-00-139376-5,5.67,5.67,grams,,,,5.67,grams
Tuscan Spice,SUB-013784-4-001,,,,,,,,,,,,,,,,,,,,,"FA-DE Spice, Garlic Granulated /Gewürz, Knoblauch granuliert",SPI-00-139353-5,8.5,8.5,grams,,,,8.5,grams
