Recipe Name,Recipe ID,Sub-Recipe 1 Name,Sub-Recipe 1 ID,Sub-Recipe 1 Quantity,Sub-Recipe 1 UOM,Sub-Recipe 1 Recipe Categories,Sub-Recipe 2 Name,Sub-Recipe 2 ID,Sub-Recipe 2 Quantity,Sub-Recipe 2 UOM,Sub-Recipe 2 Recipe Categories,Sub-Recipe 3 Name,Sub-Recipe 3 ID,Sub-Recipe 3 Quantity,Sub-Recipe 3 UOM,Sub-Recipe 3 Recipe Categories,Sub-Recipe 4 Name,Sub-Recipe 4 ID,Sub-Recipe 4 Quantity,Sub-Recipe 4 UOM,Sub-Recipe 4 Recipe Categories,Ingredient,Ingredient ID,Gross Ingredient Qty,Net Ingredient Qty,Ingredient UOM,Ingredient Allergen Type,Sub Allergen Type,Sub-Recipe Yield %,Qty Converted to Weight,Qty Unit
FV0024A - Chicken in tomato cream sauce [BNL],REC-013938-4-007,Sauce - Sun-Dried Tomato Sauce - Less Salt,SUB-013571-4-001,140,grams,"BLAST CHILLER, BRAISER, IMMERSION BLENDER, SPICE PORTIONING",,,,,,,,,,,,,,,,"FA-DE Cheese, Parmesan, Grated /Käse, Parmesan, gerieben",DAI-00-139127-3,14.55,14.55,grams,MILCH (EINSCHLIESSLICH LAKTOSE),,0.88017,14.55,grams
FV0024A - Chicken in tomato cream sauce [BNL],REC-013938-4-007,Sauce - Sun-Dried Tomato Sauce - Less Salt,SUB-013571-4-001,140,grams,"BLAST CHILLER, BRAISER, IMMERSION BLENDER, SPICE PORTIONING",,,,,,,,,,,,,,,,"FA-DE Oil, Olive /Öl, Olivenöl",PRO-00-139277-5,8.29,8.29,grams,,,0.88017,8.29,grams
FV0024A - Chicken in tomato cream sauce [BNL],REC-013938-4-007,Sauce - Sun-Dried Tomato Sauce - Less Salt,SUB-013571-4-001,140,grams,"BLAST CHILLER, BRAISER, IMMERSION BLENDER, SPICE PORTIONING",,,,,,,,,,,,,,,,"FA-DE Stock, Chicken, Reduced/Brühe, Huhn, Reduziert",PRO-00-139288-5,1.63,1.63,grams,,,0.88017,1.63,grams
FV0024A - Chicken in tomato cream sauce [BNL],REC-013938-4-007,Sauce - Sun-Dried Tomato Sauce - Less Salt,SUB-013571-4-001,140,grams,"BLAST CHILLER, BRAISER, IMMERSION BLENDER, SPICE PORTIONING",,,,,,,,,,,,,,,,"FA-DE Garlic, IQF, Diced 4 mm /Knoblauch, IQF, gewürfelt 4 mm",PHF-00-139237-1,3.31,3.31,grams,SCHWEFELDIOXIDE UND SULFITE,,0.88017,3.31,grams
FV0024A - Chicken in tomato cream sauce [BNL],REC-013938-4-007,Sauce - Sun-Dried Tomato Sauce - Less Salt,SUB-013571-4-001,140,grams,"BLAST CHILLER, BRAISER, IMMERSION BLENDER, SPICE PORTIONING",Hydrated Sun-Dried Tomatoes,SUB-013501-4-001,14.53,grams,BRAISER,,,,,,,,,,,"FA-DE Tomatoes, Sun - Dried Julienned /Tomaten, sonnengetrocknete Julienne",PRO-00-139296-5,8.07,8.07,grams,,,0.90002,8.07,grams
FV0024A - Chicken in tomato cream sauce [BNL],REC-013938-4-007,Sauce - Sun-Dried Tomato Sauce - Less Salt,SUB-013571-4-001,140,grams,"BLAST CHILLER, BRAISER, IMMERSION BLENDER, SPICE PORTIONING",Hydrated Sun-Dried Tomatoes,SUB-013501-4-001,14.53,grams,BRAISER,,,,,,,,,,,FA-DE Water / Wasser,OTH-00-144038-5,8.07,8.07,grams,,,0.90002,8.07,grams
FV0024A - Chicken in tomato cream sauce [BNL],REC-013938-4-007,Sauce - Sun-Dried Tomato Sauce - Less Salt,SUB-013571-4-001,140,grams,"BLAST CHILLER, BRAISER, IMMERSION BLENDER, SPICE PORTIONING",,,,,,,,,,,,,,,,"FA-DE Spinach, Fresh, Stem Off /Spinat, frisch, ohne Stiel",PHF-00-139225-3,11.64,11.64,grams,,,0.88017,11.64,grams
FV0024A - Chicken in tomato cream sauce [BNL],REC-013938-4-007,Sauce - Sun-Dried Tomato Sauce - Less Salt,SUB-013571-4-001,140,grams,"BLAST CHILLER, BRAISER, IMMERSION BLENDER, SPICE PORTIONING",,,,,,,,,,,,,,,,"FA-DE Spice, Sea Salt /Gewürze, Meersalz",SPI-00-139378-5,0.07,0.07,grams,,,0.88017,0.07,grams
FV0024A - Chicken in tomato cream sauce [BNL],REC-013938-4-007,Sauce - Sun-Dried Tomato Sauce - Less Salt,SUB-013571-4-001,140,grams,"BLAST CHILLER, BRAISER, IMMERSION BLENDER, SPICE PORTIONING",,,,,,,,,,,,,,,,"FA-DE Onion, Spanish, Diced 5mm /Zwiebel, Spanisch, gewürfelt 5 mm",PHF-00-139212-3,14.55,14.55,grams,,,0.88017,14.55,grams
FV0024A - Chicken in tomato cream sauce [BNL],REC-013938-4-007,Sauce - Sun-Dried Tomato Sauce - Less Salt,SUB-013571-4-001,140,grams,"BLAST CHILLER, BRAISER, IMMERSION BLENDER, SPICE PORTIONING",,,,,,,,,,,,,,,,FA-DE Heavy Cream 20% /Sahne 20%,DAI-00-139137-3,90.49,90.49,grams,MILCH (EINSCHLIESSLICH LAKTOSE),,0.88017,90.49,grams
FV0024A - Chicken in tomato cream sauce [BNL],REC-013938-4-007,Chicken breast - Sun-Dried Tomato Chicken Batch - Grilled 160g,SUB-013572-4-001,1,each,"BLAST CHILLER, GRILL, MARINADE, OVEN",,,,,,,,,,,,,,,,"FA-DE Spice, Black Pepper, Ground /Gewürz, schwarzer Pfeffer, gemahlen",SPI-00-139334-5,0.14,0.14,grams,,,0.7011,0.14,grams
FV0024A - Chicken in tomato cream sauce [BNL],REC-013938-4-007,Chicken breast - Sun-Dried Tomato Chicken Batch - Grilled 160g,SUB-013572-4-001,1,each,"BLAST CHILLER, GRILL, MARINADE, OVEN",,,,,,,,,,,,,,,,"FA-DE Spice, Oregano Dry /Gewürz, Oregano trocken",SPI-00-139372-5,0.14,0.14,grams,,,0.7011,0.14,grams
FV0024A - Chicken in tomato cream sauce [BNL],REC-013938-4-007,Chicken breast - Sun-Dried Tomato Chicken Batch - Grilled 160g,SUB-013572-4-001,1,each,"BLAST CHILLER, GRILL, MARINADE, OVEN",,,,,,,,,,,,,,,,"FA-DE Spice, Onion Granulated /Gewürze, Zwiebeln granuliert",SPI-00-139370-5,0.23,0.23,grams,,,0.7011,0.23,grams
FV0024A - Chicken in tomato cream sauce [BNL],REC-013938-4-007,Chicken breast - Sun-Dried Tomato Chicken Batch - Grilled 160g,SUB-013572-4-001,1,each,"BLAST CHILLER, GRILL, MARINADE, OVEN",,,,,,,,,,,,,,,,"FA-DE Spice, Crushed Red Pepper Flakes /Gewürz, zerkleinerte rote Pfefferflocken",SPI-00-139344-5,0.09,0.09,grams,,,0.7011,0.09,grams
FV0024A - Chicken in tomato cream sauce [BNL],REC-013938-4-007,Chicken breast - Sun-Dried Tomato Chicken Batch - Grilled 160g,SUB-013572-4-001,1,each,"BLAST CHILLER, GRILL, MARINADE, OVEN",,,,,,,,,,,,,,,,"FA-DE Spice, Garlic Granulated /Gewürz, Knoblauch granuliert",SPI-00-139353-5,0.43,0.43,grams,,,0.7011,0.43,grams
FV0024A - Chicken in tomato cream sauce [BNL],REC-013938-4-007,Chicken breast - Sun-Dried Tomato Chicken Batch - Grilled 160g,SUB-013572-4-001,1,each,"BLAST CHILLER, GRILL, MARINADE, OVEN",,,,,,,,,,,,,,,,"FA-DE Vinegar, Red Wine /Essig, Rotwein",PRO-00-139301-5,2.3,2.3,grams,,,0.7011,2.3,grams
FV0024A - Chicken in tomato cream sauce [BNL],REC-013938-4-007,Chicken breast - Sun-Dried Tomato Chicken Batch - Grilled 160g,SUB-013572-4-001,1,each,"BLAST CHILLER, GRILL, MARINADE, OVEN",Chicken Breast - BRINED 160g,SUB-013527-4-001,160,grams,BRINE,,,,,,,,,,,"FA-DE Chicken, Breast, B/S - 160g/Hähnchen, Brust, B/S – 160 g",PTN-00-139317-3,160,160,grams,,,0.4978,160,grams
FV0024A - Chicken in tomato cream sauce [BNL],REC-013938-4-007,Chicken breast - Sun-Dried Tomato Chicken Batch - Grilled 160g,SUB-013572-4-001,1,each,"BLAST CHILLER, GRILL, MARINADE, OVEN",Chicken Breast - BRINED 160g,SUB-013527-4-001,160,grams,BRINE,,,,,,,,,,,FA-DE Water / Wasser,OTH-00-144038-5,160,160,grams,,,0.4978,160,grams
FV0024A - Chicken in tomato cream sauce [BNL],REC-013938-4-007,Chicken breast - Sun-Dried Tomato Chicken Batch - Grilled 160g,SUB-013572-4-001,1,each,"BLAST CHILLER, GRILL, MARINADE, OVEN",Chicken Breast - BRINED 160g,SUB-013527-4-001,160,grams,BRINE,,,,,,,,,,,"FA-DE Spice, Sea Salt /Gewürze, Meersalz",SPI-00-139378-5,1.41,1.41,grams,,,0.4978,1.41,grams
FV0024A - Chicken in tomato cream sauce [BNL],REC-013938-4-007,Chicken breast - Sun-Dried Tomato Chicken Batch - Grilled 160g,SUB-013572-4-001,1,each,"BLAST CHILLER, GRILL, MARINADE, OVEN",,,,,,,,,,,,,,,,"FA-DE Parsley, Chopped /Petersilie, gehackt",PHF-00-139215-3,0.46,0.46,grams,,,0.7011,0.46,grams
FV0024A - Chicken in tomato cream sauce [BNL],REC-013938-4-007,Chicken breast - Sun-Dried Tomato Chicken Batch - Grilled 160g,SUB-013572-4-001,1,each,"BLAST CHILLER, GRILL, MARINADE, OVEN",,,,,,,,,,,,,,,,"FA-DE Oil, Olive /Öl, Olivenöl",PRO-00-139277-5,6.8,6.8,grams,,,0.7011,6.8,grams
FV0024A - Chicken in tomato cream sauce [BNL],REC-013938-4-007,Chicken breast - Sun-Dried Tomato Chicken Batch - Grilled 160g,SUB-013572-4-001,1,each,"BLAST CHILLER, GRILL, MARINADE, OVEN",Basil - Picked Basil Leaves,SUB-013424-4-001,0.57,grams,"DEBOX, STAGING",,,,,,,,,,,"FA-DE Basil, Fresh /Basilikum, frisch",PHF-00-139175-3,1.02,1.02,grams,,,0.55986,1.02,grams
FV0024A - Chicken in tomato cream sauce [BNL],REC-013938-4-007,Cooked Courgette Noodles - No Salt,SUB-013573-4-001,100,grams,"BLAST CHILLER, HAND MARINADE, OVEN",,,,,,,,,,,,,,,,"FA-DE Oil, Olive /Öl, Olivenöl",PRO-00-139277-5,8.07,8.07,grams,,,0.68363,8.07,grams
FV0024A - Chicken in tomato cream sauce [BNL],REC-013938-4-007,Cooked Courgette Noodles - No Salt,SUB-013573-4-001,100,grams,"BLAST CHILLER, HAND MARINADE, OVEN",,,,,,,,,,,,,,,,"FA-DE Zucchini, Spiralized Noodles /Zucchini, Spiralnudeln",PHF-00-139230-3,138.21,138.21,grams,,,0.68363,138.21,grams
FV0090A - Ratatouille of zucchini and pepper [DE],REC-013827-4-004,Mixed veg - Ratatouille Vegetable Batch,SUB-013764-4-001,255,grams,"BLAST CHILLER, BRAISER, SPICE PORTIONING",,,,,,,,,,,,,,,,"FA-DE Parsley, Chopped /Petersilie, gehackt",PHF-00-139215-3,2.48,2.48,grams,,,0.86355,2.48,grams
FV0090A - Ratatouille of zucchini and pepper [DE],REC-013827-4-004,Mixed veg - Ratatouille Vegetable Batch,SUB-013764-4-001,255,grams,"BLAST CHILLER, BRAISER, SPICE PORTIONING",,,,,,,,,,,,,,,,"FA-DE Rosemary, IQF /Rosmarin, IQF",PHF-00-139243-1,0.31,0.31,grams,,,0.86355,0.31,grams
FV0090A - Ratatouille of zucchini and pepper [DE],REC-013827-4-004,Mixed veg - Ratatouille Vegetable Batch,SUB-013764-4-001,255,grams,"BLAST CHILLER, BRAISER, SPICE PORTIONING",,,,,,,,,,,,,,,,"FA-DE Onion, Spanish, Diced 10mm /Zwiebel, Spanisch, gewürfelt 10 mm",PHF-00-139209-3,24.18,24.18,grams,,,0.86355,24.18,grams
FV0090A - Ratatouille of zucchini and pepper [DE],REC-013827-4-004,Mixed veg - Ratatouille Vegetable Batch,SUB-013764-4-001,255,grams,"BLAST CHILLER, BRAISER, SPICE PORTIONING",,,,,,,,,,,,,,,,"FA-DE Fennel, Diced 10mm /Fenchel, gewürfelt 10 mm",PHF-00-139196-3,11.35,11.35,grams,,,0.86355,11.35,grams
FV0090A - Ratatouille of zucchini and pepper [DE],REC-013827-4-004,Mixed veg - Ratatouille Vegetable Batch,SUB-013764-4-001,255,grams,"BLAST CHILLER, BRAISER, SPICE PORTIONING",,,,,,,,,,,,,,,,"FA-DE Zucchini, Diced 10mm /Zucchini, gewürfelt 10 mm",PHF-00-139229-3,79.36,79.36,grams,,,0.86355,79.36,grams
FV0090A - Ratatouille of zucchini and pepper [DE],REC-013827-4-004,Mixed veg - Ratatouille Vegetable Batch,SUB-013764-4-001,255,grams,"BLAST CHILLER, BRAISER, SPICE PORTIONING",Basil - Picked Basil Leaves,SUB-013424-4-001,2.48,grams,"DEBOX, STAGING",,,,,,,,,,,"FA-DE Basil, Fresh /Basilikum, frisch",PHF-00-139175-3,4.43,4.43,grams,,,0.55986,4.43,grams
FV0090A - Ratatouille of zucchini and pepper [DE],REC-013827-4-004,Mixed veg - Ratatouille Vegetable Batch,SUB-013764-4-001,255,grams,"BLAST CHILLER, BRAISER, SPICE PORTIONING",,,,,,,,,,,,,,,,"FA-DE Tomatoes, Diced, BiB/Tomaten, gewürfelt, BiB",PRO-00-139295-5,76.56,76.56,grams,,,0.86355,76.56,grams
FV0090A - Ratatouille of zucchini and pepper [DE],REC-013827-4-004,Mixed veg - Ratatouille Vegetable Batch,SUB-013764-4-001,255,grams,"BLAST CHILLER, BRAISER, SPICE PORTIONING",,,,,,,,,,,,,,,,FA-DE Tomato Paste /Tomatenmark,PRO-00-139292-5,15.03,15.03,grams,,,0.86355,15.03,grams
FV0090A - Ratatouille of zucchini and pepper [DE],REC-013827-4-004,Mixed veg - Ratatouille Vegetable Batch,SUB-013764-4-001,255,grams,"BLAST CHILLER, BRAISER, SPICE PORTIONING",Roasted Garlic oil,SUB-013367-4-002,5.58,grams,"BLAST CHILLER, OVEN",,,,,,,,,,,"FA-DE Garlic, Peeled, Whole Cloves [10kg] /Knoblauch, geschält, ganze Nelken [10kg]",PHF-00-139197-3,7.68,7.68,grams,,,0.415,7.68,grams
FV0090A - Ratatouille of zucchini and pepper [DE],REC-013827-4-004,Mixed veg - Ratatouille Vegetable Batch,SUB-013764-4-001,255,grams,"BLAST CHILLER, BRAISER, SPICE PORTIONING",Roasted Garlic oil,SUB-013367-4-002,5.58,grams,"BLAST CHILLER, OVEN",,,,,,,,,,,"FA-DE Oil, Olive /Öl, Olivenöl",PRO-00-139277-5,5.76,5.76,grams,,,0.415,5.76,grams
FV0090A - Ratatouille of zucchini and pepper [DE],REC-013827-4-004,Mixed veg - Ratatouille Vegetable Batch,SUB-013764-4-001,255,grams,"BLAST CHILLER, BRAISER, SPICE PORTIONING",,,,,,,,,,,,,,,,"FA-DE Onion, Red, Diced 10mm/Zwiebeln, rot, gewürfelt, 10 mm",PHF-00-139216-3,24.18,24.18,grams,,,0.86355,24.18,grams
FV0090A - Ratatouille of zucchini and pepper [DE],REC-013827-4-004,Mixed veg - Ratatouille Vegetable Batch,SUB-013764-4-001,255,grams,"BLAST CHILLER, BRAISER, SPICE PORTIONING",,,,,,,,,,,,,,,,"FA-DE Spice, Black Pepper, Ground /Gewürz, schwarzer Pfeffer, gemahlen",SPI-00-139334-5,0.09,0.09,grams,,,0.86355,0.09,grams
FV0090A - Ratatouille of zucchini and pepper [DE],REC-013827-4-004,Mixed veg - Ratatouille Vegetable Batch,SUB-013764-4-001,255,grams,"BLAST CHILLER, BRAISER, SPICE PORTIONING",,,,,,,,,,,,,,,,"FA-DE Spice, Sea Salt /Gewürze, Meersalz",SPI-00-139378-5,1.31,1.31,grams,,,0.86355,1.31,grams
FV0090A - Ratatouille of zucchini and pepper [DE],REC-013827-4-004,Mixed veg - Ratatouille Vegetable Batch,SUB-013764-4-001,255,grams,"BLAST CHILLER, BRAISER, SPICE PORTIONING",,,,,,,,,,,,,,,,"FA-DE Bell Peppers, Red, Diced 10mm /Paprika, rot, gewürfelt 10 mm",PHF-00-139179-3,45.26,45.26,grams,,,0.86355,45.26,grams
FV0090A - Ratatouille of zucchini and pepper [DE],REC-013827-4-004,Mixed veg - Ratatouille Vegetable Batch,SUB-013764-4-001,255,grams,"BLAST CHILLER, BRAISER, SPICE PORTIONING",,,,,,,,,,,,,,,,"FA-DE Garlic, IQF, Diced 4 mm /Knoblauch, IQF, gewürfelt 4 mm",PHF-00-139237-1,7.13,7.13,grams,SCHWEFELDIOXIDE UND SULFITE,,0.86355,7.13,grams
FV0090A - Ratatouille of zucchini and pepper [DE],REC-013827-4-004,Sunflower seeds - Vegetable Ratatouille Toasted Seed Garnish,SUB-013826-4-001,10,grams,"BLAST CHILLER, HAND MARINADE, OVEN",,,,,,,,,,,,,,,,FA-DE Honey /Honig – Masse,PRO-00-139266-5,0.57,0.57,grams,,,0.98148,0.57,grams
FV0090A - Ratatouille of zucchini and pepper [DE],REC-013827-4-004,Sunflower seeds - Vegetable Ratatouille Toasted Seed Garnish,SUB-013826-4-001,10,grams,"BLAST CHILLER, HAND MARINADE, OVEN",,,,,,,,,,,,,,,,FA-DE Sunflower Seeds /Sonnenblumenkerne,DRY-00-139172-5,8.99,8.99,grams,,,0.98148,8.99,grams
FV0090A - Ratatouille of zucchini and pepper [DE],REC-013827-4-004,Sunflower seeds - Vegetable Ratatouille Toasted Seed Garnish,SUB-013826-4-001,10,grams,"BLAST CHILLER, HAND MARINADE, OVEN",,,,,,,,,,,,,,,,"FA-DE Spice, Sea Salt /Gewürze, Meersalz",SPI-00-139378-5,0.04,0.04,grams,,,0.98148,0.04,grams
FV0090A - Ratatouille of zucchini and pepper [DE],REC-013827-4-004,Sunflower seeds - Vegetable Ratatouille Toasted Seed Garnish,SUB-013826-4-001,10,grams,"BLAST CHILLER, HAND MARINADE, OVEN",,,,,,,,,,,,,,,,"FA-DE Oil, Olive /Öl, Olivenöl",PRO-00-139277-5,0.37,0.37,grams,,,0.98148,0.37,grams
FV0090A - Ratatouille of zucchini and pepper [DE],REC-013827-4-004,Sunflower seeds - Vegetable Ratatouille Toasted Seed Garnish,SUB-013826-4-001,10,grams,"BLAST CHILLER, HAND MARINADE, OVEN",,,,,,,,,,,,,,,,"FA-DE Spice, Black Pepper, Ground /Gewürz, schwarzer Pfeffer, gemahlen",SPI-00-139334-5,0.21,0.21,grams,,,0.98148,0.21,grams
FV0090A - Ratatouille of zucchini and pepper [DE],REC-013827-4-004,Polenta less fat,SUB-031689-4-001,140,grams,"BLAST CHILLER, BRAISER, SPICE PORTIONING",,,,,,,,,,,,,,,,"FA-DE Grits, Cereal Hot, Quick /Grütze, Müsli, heiß, schnell",PRO-00-139264-5,25.18,25.18,grams,,,0.86402,25.18,grams
FV0090A - Ratatouille of zucchini and pepper [DE],REC-013827-4-004,Polenta less fat,SUB-031689-4-001,140,grams,"BLAST CHILLER, BRAISER, SPICE PORTIONING",,,,,,,,,,,,,,,,"FA-DE Spice, Sea Salt /Gewürze, Meersalz",SPI-00-139378-5,0.58,0.58,grams,,,0.86402,0.58,grams
FV0090A - Ratatouille of zucchini and pepper [DE],REC-013827-4-004,Polenta less fat,SUB-031689-4-001,140,grams,"BLAST CHILLER, BRAISER, SPICE PORTIONING",,,,,,,,,,,,,,,,"FA-DE Milk, Semi-Skimmed /Milch, teilentrahmt",DAI-00-139139-3,115.86,115.86,grams,MILCH (EINSCHLIESSLICH LAKTOSE),,0.86402,115.86,grams
FV0090A - Ratatouille of zucchini and pepper [DE],REC-013827-4-004,Polenta less fat,SUB-031689-4-001,140,grams,"BLAST CHILLER, BRAISER, SPICE PORTIONING",,,,,,,,,,,,,,,,"FA-DE Cheese, Parmesan, Grated /Käse, Parmesan, gerieben",DAI-00-139127-3,5.79,5.79,grams,MILCH (EINSCHLIESSLICH LAKTOSE),,0.86402,5.79,grams
FV0090A - Ratatouille of zucchini and pepper [DE],REC-013827-4-004,Polenta less fat,SUB-031689-4-001,140,grams,"BLAST CHILLER, BRAISER, SPICE PORTIONING",,,,,,,,,,,,,,,,"FA-DE Chives, Dried /Schnittlauch, getrocknet",SPI-00-139322-5,0.14,0.14,grams,,,0.86402,0.14,grams
FV0090A - Ratatouille of zucchini and pepper [DE],REC-013827-4-004,Polenta less fat,SUB-031689-4-001,140,grams,"BLAST CHILLER, BRAISER, SPICE PORTIONING",,,,,,,,,,,,,,,,FA-DE Mascarpone /Mascarpone,DAI-00-139143-3,9.66,9.66,grams,MILCH (EINSCHLIESSLICH LAKTOSE),,0.86402,9.66,grams
FV0090A - Ratatouille of zucchini and pepper [DE],REC-013827-4-004,Polenta less fat,SUB-031689-4-001,140,grams,"BLAST CHILLER, BRAISER, SPICE PORTIONING",,,,,,,,,,,,,,,,"FA-DE Butter, Unsalted /Butter, ungesalzen",DAI-00-139146-3,4.83,4.83,grams,MILCH (EINSCHLIESSLICH LAKTOSE),,0.86402,4.83,grams
FV0130A - Pulled Chicken Burrito Bowl - [BNL],REC-014049-4-006,Rice - Shredded Chicken Taco Bowl Rice & Beans - Parboiled Rice [PENDING CULINARY REVIEW],SUB-013698-4-001,100,grams,"BLAST CHILLER, HAND MIX",Cooked Parboiled Brown Rice for Shredded Chicken Taco Bowl [PENDING CULINARY REVIEW],SUB-013697-4-001,78.66,grams,"BLAST CHILLER, OVEN",,,,,,,,,,,"FA-DE Stock, Chicken, Reduced/Brühe, Huhn, Reduziert",PRO-00-139288-5,1.96,1.96,grams,,,1.01014,1.96,grams
FV0130A - Pulled Chicken Burrito Bowl - [BNL],REC-014049-4-006,Rice - Shredded Chicken Taco Bowl Rice & Beans - Parboiled Rice [PENDING CULINARY REVIEW],SUB-013698-4-001,100,grams,"BLAST CHILLER, HAND MIX",Cooked Parboiled Brown Rice for Shredded Chicken Taco Bowl [PENDING CULINARY REVIEW],SUB-013697-4-001,78.66,grams,"BLAST CHILLER, OVEN",,,,,,,,,,,FA-DE Water / Wasser,OTH-00-144038-5,45.38,45.38,grams,,,1.01014,45.38,grams
FV0130A - Pulled Chicken Burrito Bowl - [BNL],REC-014049-4-006,Rice - Shredded Chicken Taco Bowl Rice & Beans - Parboiled Rice [PENDING CULINARY REVIEW],SUB-013698-4-001,100,grams,"BLAST CHILLER, HAND MIX",Cooked Parboiled Brown Rice for Shredded Chicken Taco Bowl [PENDING CULINARY REVIEW],SUB-013697-4-001,78.66,grams,"BLAST CHILLER, OVEN",,,,,,,,,,,"FA-DE Spice, Sea Salt /Gewürze, Meersalz",SPI-00-139378-5,0.27,0.27,grams,,,1.01014,0.27,grams
FV0130A - Pulled Chicken Burrito Bowl - [BNL],REC-014049-4-006,Rice - Shredded Chicken Taco Bowl Rice & Beans - Parboiled Rice [PENDING CULINARY REVIEW],SUB-013698-4-001,100,grams,"BLAST CHILLER, HAND MIX",Cooked Parboiled Brown Rice for Shredded Chicken Taco Bowl [PENDING CULINARY REVIEW],SUB-013697-4-001,78.66,grams,"BLAST CHILLER, OVEN",,,,,,,,,,,"FA-DE Rice, Basmati, Brown /Reis, Basmati, braun",DRY-00-139168-5,30.26,30.26,grams,,,1.01014,30.26,grams
FV0130A - Pulled Chicken Burrito Bowl - [BNL],REC-014049-4-006,Rice - Shredded Chicken Taco Bowl Rice & Beans - Parboiled Rice [PENDING CULINARY REVIEW],SUB-013698-4-001,100,grams,"BLAST CHILLER, HAND MIX",,,,,,,,,,,,,,,,"FA-DE Coriander, Chopped /Koriander, gehackt",PHF-00-139192-3,1.48,1.48,grams,,,1.00197,1.48,grams
FV0130A - Pulled Chicken Burrito Bowl - [BNL],REC-014049-4-006,Rice - Shredded Chicken Taco Bowl Rice & Beans - Parboiled Rice [PENDING CULINARY REVIEW],SUB-013698-4-001,100,grams,"BLAST CHILLER, HAND MIX",,,,,,,,,,,,,,,,"FA-DE Beans, Black, Low Sodium, Aseptic /Bohnen, schwarz, natriumarm, aseptisch",PRO-00-139255-5,28.09,19.66,grams,,,1.00197,19.66,grams
FV0130A - Pulled Chicken Burrito Bowl - [BNL],REC-014049-4-006,Roasted Green and Red Bell Peppers - Diced - reduced salt,SUB-013883-4-001,45,grams,"BLAST CHILLER, OVEN",,,,,,,,,,,,,,,,"FA-DE Oil, Olive /Öl, Olivenöl",PRO-00-139277-5,0.79,0.79,grams,,,0.79997,0.79,grams
FV0130A - Pulled Chicken Burrito Bowl - [BNL],REC-014049-4-006,Roasted Green and Red Bell Peppers - Diced - reduced salt,SUB-013883-4-001,45,grams,"BLAST CHILLER, OVEN",,,,,,,,,,,,,,,,"FA-DE Bell Peppers, Green, Diced 10mm /Paprika, grün, gewürfelt 10 mm",PHF-00-139176-3,27.63,27.63,grams,,,0.79997,27.63,grams
FV0130A - Pulled Chicken Burrito Bowl - [BNL],REC-014049-4-006,Roasted Green and Red Bell Peppers - Diced - reduced salt,SUB-013883-4-001,45,grams,"BLAST CHILLER, OVEN",,,,,,,,,,,,,,,,"FA-DE Bell Peppers, Red, Diced 10mm /Paprika, rot, gewürfelt 10 mm",PHF-00-139179-3,27.63,27.63,grams,,,0.79997,27.63,grams
FV0130A - Pulled Chicken Burrito Bowl - [BNL],REC-014049-4-006,Roasted Green and Red Bell Peppers - Diced - reduced salt,SUB-013883-4-001,45,grams,"BLAST CHILLER, OVEN",,,,,,,,,,,,,,,,"FA-DE Spice, Garlic Granulated /Gewürz, Knoblauch granuliert",SPI-00-139353-5,0.08,0.08,grams,,,0.79997,0.08,grams
FV0130A - Pulled Chicken Burrito Bowl - [BNL],REC-014049-4-006,Roasted Green and Red Bell Peppers - Diced - reduced salt,SUB-013883-4-001,45,grams,"BLAST CHILLER, OVEN",,,,,,,,,,,,,,,,"FA-DE Spice, Sea Salt /Gewürze, Meersalz",SPI-00-139378-5,0.12,0.12,grams,,,0.79997,0.12,grams
FV0130A - Pulled Chicken Burrito Bowl - [BNL],REC-014049-4-006,Diced Chicken - Batch for Taco Bowl,SUB-014048-4-001,100,grams,"BLAST CHILLER, MARINADE, OVEN",,,,,,,,,,,,,,,,"FA-DE Oil, Olive /Öl, Olivenöl",PRO-00-139277-5,3.32,3.32,grams,,,0.71934,3.32,grams
FV0130A - Pulled Chicken Burrito Bowl - [BNL],REC-014049-4-006,Diced Chicken - Batch for Taco Bowl,SUB-014048-4-001,100,grams,"BLAST CHILLER, MARINADE, OVEN",Spice mix - No Salt Taco Seasoning [PENDING CULINARY REVIEW],SUB-013612-4-001,2.88,grams,"HAND MIX, SPICE PORTIONING",,,,,,,,,,,"FA-DE Spice, Garlic Granulated /Gewürz, Knoblauch granuliert",SPI-00-139353-5,0.15,0.15,grams,,,0.99684,0.15,grams
FV0130A - Pulled Chicken Burrito Bowl - [BNL],REC-014049-4-006,Diced Chicken - Batch for Taco Bowl,SUB-014048-4-001,100,grams,"BLAST CHILLER, MARINADE, OVEN",Spice mix - No Salt Taco Seasoning [PENDING CULINARY REVIEW],SUB-013612-4-001,2.88,grams,"HAND MIX, SPICE PORTIONING",,,,,,,,,,,"FA-DE Spice, Chili Powder /Gewürz, Chilipulver",SPI-00-139340-5,1.26,1.26,grams,,,0.99684,1.26,grams
FV0130A - Pulled Chicken Burrito Bowl - [BNL],REC-014049-4-006,Diced Chicken - Batch for Taco Bowl,SUB-014048-4-001,100,grams,"BLAST CHILLER, MARINADE, OVEN",Spice mix - No Salt Taco Seasoning [PENDING CULINARY REVIEW],SUB-013612-4-001,2.88,grams,"HAND MIX, SPICE PORTIONING",,,,,,,,,,,"FA-DE Spice, Onion Granulated /Gewürze, Zwiebeln granuliert",SPI-00-139370-5,0.11,0.11,grams,,,0.99684,0.11,grams
FV0130A - Pulled Chicken Burrito Bowl - [BNL],REC-014049-4-006,Diced Chicken - Batch for Taco Bowl,SUB-014048-4-001,100,grams,"BLAST CHILLER, MARINADE, OVEN",Spice mix - No Salt Taco Seasoning [PENDING CULINARY REVIEW],SUB-013612-4-001,2.88,grams,"HAND MIX, SPICE PORTIONING",,,,,,,,,,,"FA-DE Spice, Black Pepper, Ground /Gewürz, schwarzer Pfeffer, gemahlen",SPI-00-139334-5,0.42,0.42,grams,,,0.99684,0.42,grams
FV0130A - Pulled Chicken Burrito Bowl - [BNL],REC-014049-4-006,Diced Chicken - Batch for Taco Bowl,SUB-014048-4-001,100,grams,"BLAST CHILLER, MARINADE, OVEN",Spice mix - No Salt Taco Seasoning [PENDING CULINARY REVIEW],SUB-013612-4-001,2.88,grams,"HAND MIX, SPICE PORTIONING",,,,,,,,,,,"FA-DE Spice, Oregano Dry /Gewürz, Oregano trocken",SPI-00-139372-5,0.05,0.05,grams,,,0.99684,0.05,grams
FV0130A - Pulled Chicken Burrito Bowl - [BNL],REC-014049-4-006,Diced Chicken - Batch for Taco Bowl,SUB-014048-4-001,100,grams,"BLAST CHILLER, MARINADE, OVEN",Spice mix - No Salt Taco Seasoning [PENDING CULINARY REVIEW],SUB-013612-4-001,2.88,grams,"HAND MIX, SPICE PORTIONING",,,,,,,,,,,"FA-DE Spice, Gochugaru Chili Pepper Flakes /Gewürz, Gochugaru-Chili-Pfefferflocken",SPI-00-139356-5,0.12,0.12,grams,,,0.99684,0.12,grams
FV0130A - Pulled Chicken Burrito Bowl - [BNL],REC-014049-4-006,Diced Chicken - Batch for Taco Bowl,SUB-014048-4-001,100,grams,"BLAST CHILLER, MARINADE, OVEN",Spice mix - No Salt Taco Seasoning [PENDING CULINARY REVIEW],SUB-013612-4-001,2.88,grams,"HAND MIX, SPICE PORTIONING",,,,,,,,,,,"FA-DE Spice, Paprika /Gewürze, Paprika",SPI-00-139373-5,0.21,0.21,grams,,,0.99684,0.21,grams
FV0130A - Pulled Chicken Burrito Bowl - [BNL],REC-014049-4-006,Diced Chicken - Batch for Taco Bowl,SUB-014048-4-001,100,grams,"BLAST CHILLER, MARINADE, OVEN",Spice mix - No Salt Taco Seasoning [PENDING CULINARY REVIEW],SUB-013612-4-001,2.88,grams,"HAND MIX, SPICE PORTIONING",,,,,,,,,,,"FA-DE Spice, Cumin Ground /Gewürz, gemahlener Kreuzkümmel",SPI-00-139345-5,0.58,0.58,grams,,,0.99684,0.58,grams
FV0130A - Pulled Chicken Burrito Bowl - [BNL],REC-014049-4-006,Diced Chicken - Batch for Taco Bowl,SUB-014048-4-001,100,grams,"BLAST CHILLER, MARINADE, OVEN",Chicken CHUNKS - BRINED,SUB-013451-4-001,132.81,grams,BRINE,,,,,,,,,,,FA-DE Water / Wasser,OTH-00-144038-5,132.81,132.81,grams,,,0.4978,132.81,grams
FV0130A - Pulled Chicken Burrito Bowl - [BNL],REC-014049-4-006,Diced Chicken - Batch for Taco Bowl,SUB-014048-4-001,100,grams,"BLAST CHILLER, MARINADE, OVEN",Chicken CHUNKS - BRINED,SUB-013451-4-001,132.81,grams,BRINE,,,,,,,,,,,"FA-DE Spice, Sea Salt /Gewürze, Meersalz",SPI-00-139378-5,1.17,1.17,grams,,,0.4978,1.17,grams
FV0130A - Pulled Chicken Burrito Bowl - [BNL],REC-014049-4-006,Diced Chicken - Batch for Taco Bowl,SUB-014048-4-001,100,grams,"BLAST CHILLER, MARINADE, OVEN",Chicken CHUNKS - BRINED,SUB-013451-4-001,132.81,grams,BRINE,,,,,,,,,,,"FA-DE Chicken Breast, Chunked, Boneless Skinless /Hähnchenbrust, in Stücken, ohne Knochen und ohne Haut",PTN-00-139314-3,132.81,132.81,grams,,,0.4978,132.81,grams
FV0130A - Pulled Chicken Burrito Bowl - [BNL],REC-014049-4-006,,,,,,,,,,,,,,,,,,,,,"FA-DE Cheese, White Cheddar, Shredded /Käse, weißer Cheddar, gerieben",DAI-00-139135-3,15,15,grams,MILCH (EINSCHLIESSLICH LAKTOSE),,,15,grams
FV0130A - Pulled Chicken Burrito Bowl - [BNL],REC-014049-4-006,Roasted Green Onions,SUB-023370-4-001,5,grams,"BLAST CHILLER, OVEN",,,,,,,,,,,,,,,,"FA-DE Onion, Green, Sliced 5mm /Zwiebel, grün, in Scheiben geschnitten, 5 mm",PHF-00-149803-3,6.45,6.45,grams,,,0.77467,6.45,grams
FV0130A - Pulled Chicken Burrito Bowl - [BNL],REC-014049-4-006,Corn - Red Chili pulled Pork,SUB-013700-4-001,90,grams,"BLAST CHILLER, OVEN",,,,,,,,,,,,,,,,"FA-DE Spice, Chili Powder /Gewürz, Chilipulver",SPI-00-139340-5,0.37,0.37,grams,,,0.86639,0.37,grams
FV0130A - Pulled Chicken Burrito Bowl - [BNL],REC-014049-4-006,Corn - Red Chili pulled Pork,SUB-013700-4-001,90,grams,"BLAST CHILLER, OVEN",,,,,,,,,,,,,,,,"FA-DE Spice, Paprika /Gewürze, Paprika",SPI-00-139373-5,0.37,0.37,grams,,,0.86639,0.37,grams
FV0130A - Pulled Chicken Burrito Bowl - [BNL],REC-014049-4-006,Corn - Red Chili pulled Pork,SUB-013700-4-001,90,grams,"BLAST CHILLER, OVEN",,,,,,,,,,,,,,,,"FA-DE Onion, Red, Diced 5mm /Zwiebeln, rot, gewürfelt 5 mm",PHF-00-139213-3,9.06,9.06,grams,,,0.86639,9.06,grams
FV0130A - Pulled Chicken Burrito Bowl - [BNL],REC-014049-4-006,Corn - Red Chili pulled Pork,SUB-013700-4-001,90,grams,"BLAST CHILLER, OVEN",,,,,,,,,,,,,,,,"FA-DE Spice, Sea Salt /Gewürze, Meersalz",SPI-00-139378-5,0.4,0.4,grams,,,0.86639,0.4,grams
FV0130A - Pulled Chicken Burrito Bowl - [BNL],REC-014049-4-006,Corn - Red Chili pulled Pork,SUB-013700-4-001,90,grams,"BLAST CHILLER, OVEN",,,,,,,,,,,,,,,,"FA-DE Coriander, Chopped /Koriander, gehackt",PHF-00-139192-3,2.34,2.34,grams,,,0.86639,2.34,grams
FV0130A - Pulled Chicken Burrito Bowl - [BNL],REC-014049-4-006,Corn - Red Chili pulled Pork,SUB-013700-4-001,90,grams,"BLAST CHILLER, OVEN",,,,,,,,,,,,,,,,"FA-DE Bell Peppers, Red, Diced 10mm /Paprika, rot, gewürfelt 10 mm",PHF-00-139179-3,9.06,9.06,grams,,,0.86639,9.06,grams
FV0130A - Pulled Chicken Burrito Bowl - [BNL],REC-014049-4-006,Corn - Red Chili pulled Pork,SUB-013700-4-001,90,grams,"BLAST CHILLER, OVEN",,,,,,,,,,,,,,,,"FA-DE Spice, Cumin Ground /Gewürz, gemahlener Kreuzkümmel",SPI-00-139345-5,0.37,0.37,grams,,,0.86639,0.37,grams
FV0130A - Pulled Chicken Burrito Bowl - [BNL],REC-014049-4-006,Corn - Red Chili pulled Pork,SUB-013700-4-001,90,grams,"BLAST CHILLER, OVEN",,,,,,,,,,,,,,,,"FA-DE Sweetcorn Supersweet Kernels, IQF /Zuckermais-Supersüßkörner, IQF",PHF-00-139236-1,72.85,72.85,grams,,,0.86639,72.85,grams
FV0130A - Pulled Chicken Burrito Bowl - [BNL],REC-014049-4-006,Corn - Red Chili pulled Pork,SUB-013700-4-001,90,grams,"BLAST CHILLER, OVEN",,,,,,,,,,,,,,,,"FA-DE Bell Peppers, Green, Diced 10mm /Paprika, grün, gewürfelt 10 mm",PHF-00-139176-3,9.06,9.06,grams,,,0.86639,9.06,grams
FV0130A - Pulled Chicken Burrito Bowl - [BNL],REC-014049-4-006,Sauce - Cilantro Sour Cream,SUB-013701-4-001,44,grams,"CUPPING, IMMERSION BLENDER",,,,,,,,,,,,,,,,"FA-DE Spice, Sea Salt /Gewürze, Meersalz",SPI-00-139378-5,0.31,0.31,grams,,,0.98001,0.31,grams
FV0130A - Pulled Chicken Burrito Bowl - [BNL],REC-014049-4-006,Sauce - Cilantro Sour Cream,SUB-013701-4-001,44,grams,"CUPPING, IMMERSION BLENDER",,,,,,,,,,,,,,,,"FA-DE Jalapeno Peppers, Diced 5mm /Jalapeno-Paprikaschoten, gewürfelt, 5 mm",PHF-00-139201-3,1.64,1.64,grams,,,0.98001,1.64,grams
FV0130A - Pulled Chicken Burrito Bowl - [BNL],REC-014049-4-006,Sauce - Cilantro Sour Cream,SUB-013701-4-001,44,grams,"CUPPING, IMMERSION BLENDER",,,,,,,,,,,,,,,,"FA-DE Juice, Lime /Saft, Limette",PRO-00-139268-5,1.64,1.64,grams,,,0.98001,1.64,grams
FV0130A - Pulled Chicken Burrito Bowl - [BNL],REC-014049-4-006,Sauce - Cilantro Sour Cream,SUB-013701-4-001,44,grams,"CUPPING, IMMERSION BLENDER",,,,,,,,,,,,,,,,"FA-DE Garlic, Peeled, Whole Cloves [10kg] /Knoblauch, geschält, ganze Nelken [10kg]",PHF-00-139197-3,0.32,0.32,grams,,,0.98001,0.32,grams
FV0130A - Pulled Chicken Burrito Bowl - [BNL],REC-014049-4-006,Sauce - Cilantro Sour Cream,SUB-013701-4-001,44,grams,"CUPPING, IMMERSION BLENDER",,,,,,,,,,,,,,,,FA-DE Sour Cream /Sauerrahm,DAI-00-139141-3,32.79,32.79,grams,MILCH (EINSCHLIESSLICH LAKTOSE),,0.98001,32.79,grams
FV0130A - Pulled Chicken Burrito Bowl - [BNL],REC-014049-4-006,Sauce - Cilantro Sour Cream,SUB-013701-4-001,44,grams,"CUPPING, IMMERSION BLENDER",,,,,,,,,,,,,,,,"FA-DE Coriander, Chopped /Koriander, gehackt",PHF-00-139192-3,8.2,8.2,grams,,,0.98001,8.2,grams
FV0160A - Beef Shepherds Pie [BNL],REC-013396-4-008,Beef Shepherd's Pie Meat Base - enhanced,SUB-013392-4-001,140,grams,"BLAST CHILLER, BRAISER, IMMERSION BLENDER, SPICE PORTIONING",,,,,,,,,,,,,,,,"FA-DE Wine, Red/Wein, rot",PRO-00-139302-5,4.93,4.93,grams,SCHWEFELDIOXIDE UND SULFITE,,0.80081,4.93,grams
FV0160A - Beef Shepherds Pie [BNL],REC-013396-4-008,Beef Shepherd's Pie Meat Base - enhanced,SUB-013392-4-001,140,grams,"BLAST CHILLER, BRAISER, IMMERSION BLENDER, SPICE PORTIONING",,,,,,,,,,,,,,,,"FA-DE Spice, Paprika /Gewürze, Paprika",SPI-00-139373-5,0.49,0.49,grams,,,0.80081,0.49,grams
FV0160A - Beef Shepherds Pie [BNL],REC-013396-4-008,Beef Shepherd's Pie Meat Base - enhanced,SUB-013392-4-001,140,grams,"BLAST CHILLER, BRAISER, IMMERSION BLENDER, SPICE PORTIONING",,,,,,,,,,,,,,,,"FA-DE Spice, Sea Salt /Gewürze, Meersalz",SPI-00-139378-5,0.72,0.72,grams,,,0.80081,0.72,grams
FV0160A - Beef Shepherds Pie [BNL],REC-013396-4-008,Beef Shepherd's Pie Meat Base - enhanced,SUB-013392-4-001,140,grams,"BLAST CHILLER, BRAISER, IMMERSION BLENDER, SPICE PORTIONING",,,,,,,,,,,,,,,,"FA-DE Spice, Black Pepper, Ground /Gewürz, schwarzer Pfeffer, gemahlen",SPI-00-139334-5,0.24,0.24,grams,,,0.80081,0.24,grams
FV0160A - Beef Shepherds Pie [BNL],REC-013396-4-008,Beef Shepherd's Pie Meat Base - enhanced,SUB-013392-4-001,140,grams,"BLAST CHILLER, BRAISER, IMMERSION BLENDER, SPICE PORTIONING",Pork Shepherd's Pie Veg for Base,SUB-013391-4-001,23.77,grams,"BLAST CHILLER, OVEN",,,,,,,,,,,"FA-DE Garlic, IQF, Diced 4 mm /Knoblauch, IQF, gewürfelt 4 mm",PHF-00-139237-1,4.06,4.06,grams,SCHWEFELDIOXIDE UND SULFITE,,0.79055,4.06,grams
FV0160A - Beef Shepherds Pie [BNL],REC-013396-4-008,Beef Shepherd's Pie Meat Base - enhanced,SUB-013392-4-001,140,grams,"BLAST CHILLER, BRAISER, IMMERSION BLENDER, SPICE PORTIONING",Pork Shepherd's Pie Veg for Base,SUB-013391-4-001,23.77,grams,"BLAST CHILLER, OVEN",,,,,,,,,,,"FA-DE Spice, Sea Salt /Gewürze, Meersalz",SPI-00-139378-5,0.11,0.11,grams,,,0.79055,0.11,grams
FV0160A - Beef Shepherds Pie [BNL],REC-013396-4-008,Beef Shepherd's Pie Meat Base - enhanced,SUB-013392-4-001,140,grams,"BLAST CHILLER, BRAISER, IMMERSION BLENDER, SPICE PORTIONING",Pork Shepherd's Pie Veg for Base,SUB-013391-4-001,23.77,grams,"BLAST CHILLER, OVEN",,,,,,,,,,,"FA-DE Spice, Black Pepper, Ground /Gewürz, schwarzer Pfeffer, gemahlen",SPI-00-139334-5,0.09,0.09,grams,,,0.79055,0.09,grams
FV0160A - Beef Shepherds Pie [BNL],REC-013396-4-008,Beef Shepherd's Pie Meat Base - enhanced,SUB-013392-4-001,140,grams,"BLAST CHILLER, BRAISER, IMMERSION BLENDER, SPICE PORTIONING",Pork Shepherd's Pie Veg for Base,SUB-013391-4-001,23.77,grams,"BLAST CHILLER, OVEN",,,,,,,,,,,"FA-DE Carrots, Diced 10mm /Karotten, gewürfelt, 10 mm",PHF-00-139186-3,7.25,7.25,grams,,,0.79055,7.25,grams
FV0160A - Beef Shepherds Pie [BNL],REC-013396-4-008,Beef Shepherd's Pie Meat Base - enhanced,SUB-013392-4-001,140,grams,"BLAST CHILLER, BRAISER, IMMERSION BLENDER, SPICE PORTIONING",Pork Shepherd's Pie Veg for Base,SUB-013391-4-001,23.77,grams,"BLAST CHILLER, OVEN",,,,,,,,,,,"FA-DE Oil, Olive /Öl, Olivenöl",PRO-00-139277-5,1.74,1.74,grams,,,0.79055,1.74,grams
FV0160A - Beef Shepherds Pie [BNL],REC-013396-4-008,Beef Shepherd's Pie Meat Base - enhanced,SUB-013392-4-001,140,grams,"BLAST CHILLER, BRAISER, IMMERSION BLENDER, SPICE PORTIONING",Pork Shepherd's Pie Veg for Base,SUB-013391-4-001,23.77,grams,"BLAST CHILLER, OVEN",,,,,,,,,,,"FA-DE Onion, Spanish, Diced 5mm /Zwiebel, Spanisch, gewürfelt 5 mm",PHF-00-139212-3,9.57,9.57,grams,,,0.79055,9.57,grams
FV0160A - Beef Shepherds Pie [BNL],REC-013396-4-008,Beef Shepherd's Pie Meat Base - enhanced,SUB-013392-4-001,140,grams,"BLAST CHILLER, BRAISER, IMMERSION BLENDER, SPICE PORTIONING",Pork Shepherd's Pie Veg for Base,SUB-013391-4-001,23.77,grams,"BLAST CHILLER, OVEN",,,,,,,,,,,"FA-DE Celery, Diced 5mm /Sellerie, gewürfelt 5 mm",PHF-00-139189-3,7.25,7.25,grams,SELLERIE,,0.79055,7.25,grams
FV0160A - Beef Shepherds Pie [BNL],REC-013396-4-008,Beef Shepherd's Pie Meat Base - enhanced,SUB-013392-4-001,140,grams,"BLAST CHILLER, BRAISER, IMMERSION BLENDER, SPICE PORTIONING",,,,,,,,,,,,,,,,"FA-DE Spice, Sage, Rubbed /Gewürz, Salbei, gerieben",SPI-00-139377-5,0.03,0.03,grams,,,0.80081,0.03,grams
FV0160A - Beef Shepherds Pie [BNL],REC-013396-4-008,Beef Shepherd's Pie Meat Base - enhanced,SUB-013392-4-001,140,grams,"BLAST CHILLER, BRAISER, IMMERSION BLENDER, SPICE PORTIONING",,,,,,,,,,,,,,,,FA-DE Water / Wasser,OTH-00-144038-5,24.06,24.06,grams,,,0.80081,24.06,grams
FV0160A - Beef Shepherds Pie [BNL],REC-013396-4-008,Beef Shepherd's Pie Meat Base - enhanced,SUB-013392-4-001,140,grams,"BLAST CHILLER, BRAISER, IMMERSION BLENDER, SPICE PORTIONING",,,,,,,,,,,,,,,,"FA-DE Spice, Mustard Seed Ground, Dry /Gewürz, Senfkörner gemahlen, Trockenmasse",SPI-00-139369-5,0.52,0.52,grams,SENF,,0.80081,0.52,grams
FV0160A - Beef Shepherds Pie [BNL],REC-013396-4-008,Beef Shepherd's Pie Meat Base - enhanced,SUB-013392-4-001,140,grams,"BLAST CHILLER, BRAISER, IMMERSION BLENDER, SPICE PORTIONING",,,,,,,,,,,,,,,,FA-DE Tomato Paste /Tomatenmark,PRO-00-139292-5,7.54,7.54,grams,,,0.80081,7.54,grams
FV0160A - Beef Shepherds Pie [BNL],REC-013396-4-008,Beef Shepherd's Pie Meat Base - enhanced,SUB-013392-4-001,140,grams,"BLAST CHILLER, BRAISER, IMMERSION BLENDER, SPICE PORTIONING",,,,,,,,,,,,,,,,"FA-DE Stock, Chicken, Reduced/Brühe, Huhn, Reduziert",PRO-00-139288-5,2.32,2.32,grams,,,0.80081,2.32,grams
FV0160A - Beef Shepherds Pie [BNL],REC-013396-4-008,Beef Shepherd's Pie Meat Base - enhanced,SUB-013392-4-001,140,grams,"BLAST CHILLER, BRAISER, IMMERSION BLENDER, SPICE PORTIONING",,,,,,,,,,,,,,,,"FA-DE Spice, Fennel Ground /Gewürz, Fenchel gemahlen",SPI-00-139351-5,0.07,0.07,grams,,,0.80081,0.07,grams
FV0160A - Beef Shepherds Pie [BNL],REC-013396-4-008,Beef Shepherd's Pie Meat Base - enhanced,SUB-013392-4-001,140,grams,"BLAST CHILLER, BRAISER, IMMERSION BLENDER, SPICE PORTIONING",,,,,,,,,,,,,,,,"FA-DE Parsley, Chopped /Petersilie, gehackt",PHF-00-139215-3,1.01,1.01,grams,,,0.80081,1.01,grams
FV0160A - Beef Shepherds Pie [BNL],REC-013396-4-008,Beef Shepherd's Pie Meat Base - enhanced,SUB-013392-4-001,140,grams,"BLAST CHILLER, BRAISER, IMMERSION BLENDER, SPICE PORTIONING",,,,,,,,,,,,,,,,"FA-DE Beef, Ground, 80/20 /Rindfleisch, gemahlen, 80/20",PTN-00-139319-3,108.69,108.69,grams,,,0.80081,108.69,grams
FV0160A - Beef Shepherds Pie [BNL],REC-013396-4-008,Beef Shepherd's Pie Meat Base - enhanced,SUB-013392-4-001,140,grams,"BLAST CHILLER, BRAISER, IMMERSION BLENDER, SPICE PORTIONING",,,,,,,,,,,,,,,,"FA-DE Thyme, IQF /Thymian, IQF",PHF-00-139244-1,0.17,0.17,grams,,,0.80081,0.17,grams
FV0160A - Beef Shepherds Pie [BNL],REC-013396-4-008,Beef Shepherd's Pie Meat Base - enhanced,SUB-013392-4-001,140,grams,"BLAST CHILLER, BRAISER, IMMERSION BLENDER, SPICE PORTIONING",,,,,,,,,,,,,,,,"FA-DE Spice, Crushed Red Pepper Flakes /Gewürz, zerkleinerte rote Pfefferflocken",SPI-00-139344-5,0.03,0.03,grams,,,0.80081,0.03,grams
FV0160A - Beef Shepherds Pie [BNL],REC-013396-4-008,Beef Shepherd's Pie Meat Base - enhanced,SUB-013392-4-001,140,grams,"BLAST CHILLER, BRAISER, IMMERSION BLENDER, SPICE PORTIONING",,,,,,,,,,,,,,,,"FA-DE Rosemary, IQF /Rosmarin, IQF",PHF-00-139243-1,0.24,0.24,grams,,,0.80081,0.24,grams
FV0160A - Beef Shepherds Pie [BNL],REC-013396-4-008,Mash - Pork Shepherd's Pie Mashed Potatoes,SUB-013394-4-001,140,grams,"BLAST CHILLER, PLANETARY MIXER",,,,,,,,,,,,,,,,FA-DE Sour Cream /Sauerrahm,DAI-00-139141-3,3.64,3.64,grams,MILCH (EINSCHLIESSLICH LAKTOSE),,0.89642,3.64,grams
FV0160A - Beef Shepherds Pie [BNL],REC-013396-4-008,Mash - Pork Shepherd's Pie Mashed Potatoes,SUB-013394-4-001,140,grams,"BLAST CHILLER, PLANETARY MIXER",,,,,,,,,,,,,,,,"FA-DE Milk, Whole /Milch, voll",DAI-00-139142-3,9.09,9.09,grams,MILCH (EINSCHLIESSLICH LAKTOSE),,0.89642,9.09,grams
FV0160A - Beef Shepherds Pie [BNL],REC-013396-4-008,Mash - Pork Shepherd's Pie Mashed Potatoes,SUB-013394-4-001,140,grams,"BLAST CHILLER, PLANETARY MIXER",,,,,,,,,,,,,,,,"FA-DE Spice, White Pepper /Gewürz, weißer Pfeffer",SPI-00-139387-5,0.1,0.1,grams,,,0.89642,0.1,grams
FV0160A - Beef Shepherds Pie [BNL],REC-013396-4-008,Mash - Pork Shepherd's Pie Mashed Potatoes,SUB-013394-4-001,140,grams,"BLAST CHILLER, PLANETARY MIXER",,,,,,,,,,,,,,,,"FA-DE Butter, Unsalted /Butter, ungesalzen",DAI-00-139146-3,5.45,5.45,grams,MILCH (EINSCHLIESSLICH LAKTOSE),,0.89642,5.45,grams
FV0160A - Beef Shepherds Pie [BNL],REC-013396-4-008,Mash - Pork Shepherd's Pie Mashed Potatoes,SUB-013394-4-001,140,grams,"BLAST CHILLER, PLANETARY MIXER",Steamed Potato Batch,SUB-013509-4-001,136.36,grams,"BLAST CHILLER, OVEN",,,,,,,,,,,"FA-DE Potatoes, Diced 10mm /Kartoffeln, gewürfelt, 10 mm",PHF-00-139219-3,139.14,139.14,grams,,,0.98,139.14,grams
FV0160A - Beef Shepherds Pie [BNL],REC-013396-4-008,Mash - Pork Shepherd's Pie Mashed Potatoes,SUB-013394-4-001,140,grams,"BLAST CHILLER, PLANETARY MIXER",,,,,,,,,,,,,,,,"FA-DE Spice, Sea Salt /Gewürze, Meersalz",SPI-00-139378-5,0.82,0.82,grams,,,0.89642,0.82,grams
FV0160A - Beef Shepherds Pie [BNL],REC-013396-4-008,Mash - Pork Shepherd's Pie Mashed Potatoes,SUB-013394-4-001,140,grams,"BLAST CHILLER, PLANETARY MIXER",,,,,,,,,,,,,,,,"FA-DE Spice, Garlic Granulated /Gewürz, Knoblauch granuliert",SPI-00-139353-5,0.18,0.18,grams,,,0.89642,0.18,grams
FV0160A - Beef Shepherds Pie [BNL],REC-013396-4-008,Mash - Pork Shepherd's Pie Mashed Potatoes,SUB-013394-4-001,140,grams,"BLAST CHILLER, PLANETARY MIXER",,,,,,,,,,,,,,,,"FA-DE Chives, Dried /Schnittlauch, getrocknet",SPI-00-139322-5,0.37,0.37,grams,,,0.89642,0.37,grams
FV0160A - Beef Shepherds Pie [BNL],REC-013396-4-008,Mash - Pork Shepherd's Pie Mashed Potatoes,SUB-013394-4-001,140,grams,"BLAST CHILLER, PLANETARY MIXER",,,,,,,,,,,,,,,,"FA-DE Spice, Onion Granulated /Gewürze, Zwiebeln granuliert",SPI-00-139370-5,0.18,0.18,grams,,,0.89642,0.18,grams
FV0160A - Beef Shepherds Pie [BNL],REC-013396-4-008,,,,,,,,,,,,,,,,,,,,,"FA-DE Cheese, White Cheddar, Shredded /Käse, weißer Cheddar, gerieben",DAI-00-139135-3,10,10,grams,MILCH (EINSCHLIESSLICH LAKTOSE),,,10,grams
FV0160A - Beef Shepherds Pie [BNL],REC-013396-4-008,"Green beans - Plain S&P Roasted Green Beans, Whole",SUB-013395-4-001,110,grams,"BLAST CHILLER, OVEN",,,,,,,,,,,,,,,,"FA-DE Oil, Olive /Öl, Olivenöl",PRO-00-139277-5,1.92,1.92,grams,,,0.7671,1.92,grams
FV0160A - Beef Shepherds Pie [BNL],REC-013396-4-008,"Green beans - Plain S&P Roasted Green Beans, Whole",SUB-013395-4-001,110,grams,"BLAST CHILLER, OVEN",,,,,,,,,,,,,,,,"FA-DE Spice, Sea Salt /Gewürze, Meersalz",SPI-00-139378-5,0.37,0.37,grams,,,0.7671,0.37,grams
FV0160A - Beef Shepherds Pie [BNL],REC-013396-4-008,"Green beans - Plain S&P Roasted Green Beans, Whole",SUB-013395-4-001,110,grams,"BLAST CHILLER, OVEN",,,,,,,,,,,,,,,,"FA-DE Green Beans, Fresh and Trimmed/Grüne Bohnen, frisch und geschnitten",PHF-00-139198-3,140.87,140.87,grams,,,0.7671,140.87,grams
FV0160A - Beef Shepherds Pie [BNL],REC-013396-4-008,"Green beans - Plain S&P Roasted Green Beans, Whole",SUB-013395-4-001,110,grams,"BLAST CHILLER, OVEN",,,,,,,,,,,,,,,,"FA-DE Spice, Black Pepper, Ground /Gewürz, schwarzer Pfeffer, gemahlen",SPI-00-139334-5,0.23,0.23,grams,,,0.7671,0.23,grams
FV0232A - Herb Crusted Chicken [DE],REC-013836-4-006,Herb-Crusted Chicken - 1 piece,SUB-013811-4-001,1,each,"BLAST CHILLER, CRUSTED, MARINADE, OVEN",Chicken Breast - BRINED 160g,SUB-013527-4-001,160,grams,BRINE,,,,,,,,,,,"FA-DE Chicken, Breast, B/S - 160g/Hähnchen, Brust, B/S – 160 g",PTN-00-139317-3,160,160,grams,,,0.4978,160,grams
FV0232A - Herb Crusted Chicken [DE],REC-013836-4-006,Herb-Crusted Chicken - 1 piece,SUB-013811-4-001,1,each,"BLAST CHILLER, CRUSTED, MARINADE, OVEN",Chicken Breast - BRINED 160g,SUB-013527-4-001,160,grams,BRINE,,,,,,,,,,,FA-DE Water / Wasser,OTH-00-144038-5,160,160,grams,,,0.4978,160,grams
FV0232A - Herb Crusted Chicken [DE],REC-013836-4-006,Herb-Crusted Chicken - 1 piece,SUB-013811-4-001,1,each,"BLAST CHILLER, CRUSTED, MARINADE, OVEN",Chicken Breast - BRINED 160g,SUB-013527-4-001,160,grams,BRINE,,,,,,,,,,,"FA-DE Spice, Sea Salt /Gewürze, Meersalz",SPI-00-139378-5,1.41,1.41,grams,,,0.4978,1.41,grams
FV0232A - Herb Crusted Chicken [DE],REC-013836-4-006,Herb-Crusted Chicken - 1 piece,SUB-013811-4-001,1,each,"BLAST CHILLER, CRUSTED, MARINADE, OVEN",Herb Crusted Chicken Crust,SUB-013810-4-001,30,grams,PLANETARY MIXER,,,,,,,,,,,"FA-DE Butter, Unsalted /Butter, ungesalzen",DAI-00-139146-3,5.54,5.54,grams,MILCH (EINSCHLIESSLICH LAKTOSE),,0.99085,5.54,grams
FV0232A - Herb Crusted Chicken [DE],REC-013836-4-006,Herb-Crusted Chicken - 1 piece,SUB-013811-4-001,1,each,"BLAST CHILLER, CRUSTED, MARINADE, OVEN",Herb Crusted Chicken Crust,SUB-013810-4-001,30,grams,PLANETARY MIXER,,,,,,,,,,,"FA-DE Mayo, Avocado (Egg) /Mayo, Avocado (Ei)",PRO-00-139271-5,9.94,9.94,grams,"EIER, SENF",,0.99085,9.94,grams
FV0232A - Herb Crusted Chicken [DE],REC-013836-4-006,Herb-Crusted Chicken - 1 piece,SUB-013811-4-001,1,each,"BLAST CHILLER, CRUSTED, MARINADE, OVEN",Herb Crusted Chicken Crust,SUB-013810-4-001,30,grams,PLANETARY MIXER,,,,,,,,,,,"FA-DE Spice, Basil, Dried /Gewürz, Basilikum, getrocknet",SPI-00-139331-5,0.09,0.09,grams,,,0.99085,0.09,grams
FV0232A - Herb Crusted Chicken [DE],REC-013836-4-006,Herb-Crusted Chicken - 1 piece,SUB-013811-4-001,1,each,"BLAST CHILLER, CRUSTED, MARINADE, OVEN",Herb Crusted Chicken Crust,SUB-013810-4-001,30,grams,PLANETARY MIXER,,,,,,,,,,,"FA-DE Spice, Parsley Dried /Gewürze, getrocknete Petersilie",SPI-00-139374-5,0.11,0.11,grams,,,0.99085,0.11,grams
FV0232A - Herb Crusted Chicken [DE],REC-013836-4-006,Herb-Crusted Chicken - 1 piece,SUB-013811-4-001,1,each,"BLAST CHILLER, CRUSTED, MARINADE, OVEN",Herb Crusted Chicken Crust,SUB-013810-4-001,30,grams,PLANETARY MIXER,,,,,,,,,,,"FA-DE Spice, Garlic Granulated /Gewürz, Knoblauch granuliert",SPI-00-139353-5,0.74,0.74,grams,,,0.99085,0.74,grams
FV0232A - Herb Crusted Chicken [DE],REC-013836-4-006,Herb-Crusted Chicken - 1 piece,SUB-013811-4-001,1,each,"BLAST CHILLER, CRUSTED, MARINADE, OVEN",Herb Crusted Chicken Crust,SUB-013810-4-001,30,grams,PLANETARY MIXER,,,,,,,,,,,"FA-DE Cheese, Parmesan, Grated /Käse, Parmesan, gerieben",DAI-00-139127-3,5.96,5.96,grams,MILCH (EINSCHLIESSLICH LAKTOSE),,0.99085,5.96,grams
FV0232A - Herb Crusted Chicken [DE],REC-013836-4-006,Herb-Crusted Chicken - 1 piece,SUB-013811-4-001,1,each,"BLAST CHILLER, CRUSTED, MARINADE, OVEN",Herb Crusted Chicken Crust,SUB-013810-4-001,30,grams,PLANETARY MIXER,,,,,,,,,,,"FA-DE Flour, Almond /Mehl, Mandel",DRY-00-139154-5,7.86,7.86,grams,,,0.99085,7.86,grams
FV0232A - Herb Crusted Chicken [DE],REC-013836-4-006,Herb-Crusted Chicken - 1 piece,SUB-013811-4-001,1,each,"BLAST CHILLER, CRUSTED, MARINADE, OVEN",Herb Crusted Chicken Crust,SUB-013810-4-001,30,grams,PLANETARY MIXER,,,,,,,,,,,"FA-DE Spice, Oregano Dry /Gewürz, Oregano trocken",SPI-00-139372-5,0.03,0.03,grams,,,0.99085,0.03,grams
FV0232A - Herb Crusted Chicken [DE],REC-013836-4-006,Mash - Garlic Herb Mashed Cauliflower - Rice,SUB-013551-4-001,100,grams,"BLAST CHILLER, HAND MIX",Steamed Cauliflower Rice,SUB-029075-4-001,76.63,grams,OVEN,,,,,,,,,,,"FA-DE Cauliflower, Riced, IQF /Blumenkohl, Reis, IQF",PHF-00-139233-1,80.69,80.69,grams,,,0.94962,80.69,grams
FV0232A - Herb Crusted Chicken [DE],REC-013836-4-006,Mash - Garlic Herb Mashed Cauliflower - Rice,SUB-013551-4-001,100,grams,"BLAST CHILLER, HAND MIX",,,,,,,,,,,,,,,,"FA-DE Cheese, Cream, 13% Fat (Milk) /Käse, Sahne, 13% Fett",DAI-00-139122-3,11.05,11.05,grams,MILCH (EINSCHLIESSLICH LAKTOSE),,0.97998,11.05,grams
FV0232A - Herb Crusted Chicken [DE],REC-013836-4-006,Mash - Garlic Herb Mashed Cauliflower - Rice,SUB-013551-4-001,100,grams,"BLAST CHILLER, HAND MIX",,,,,,,,,,,,,,,,"FA-DE Butter, Unsalted /Butter, ungesalzen",DAI-00-139146-3,10.97,10.97,grams,MILCH (EINSCHLIESSLICH LAKTOSE),,0.97998,10.97,grams
FV0232A - Herb Crusted Chicken [DE],REC-013836-4-006,Mash - Garlic Herb Mashed Cauliflower - Rice,SUB-013551-4-001,100,grams,"BLAST CHILLER, HAND MIX",Roasted Garlic (use),SUB-013367-4-001,1.68,grams,"BLAST CHILLER, BRAISER, SPICE PORTIONING",,,,,,,,,,,"FA-DE Garlic, Peeled, Whole Cloves [10kg] /Knoblauch, geschält, ganze Nelken [10kg]",PHF-00-139197-3,1.69,1.69,grams,,,0.56691,1.69,grams
FV0232A - Herb Crusted Chicken [DE],REC-013836-4-006,Mash - Garlic Herb Mashed Cauliflower - Rice,SUB-013551-4-001,100,grams,"BLAST CHILLER, HAND MIX",Roasted Garlic (use),SUB-013367-4-001,1.68,grams,"BLAST CHILLER, BRAISER, SPICE PORTIONING",,,,,,,,,,,"FA-DE Oil, Olive /Öl, Olivenöl",PRO-00-139277-5,1.27,1.27,grams,,,0.56691,1.27,grams
FV0232A - Herb Crusted Chicken [DE],REC-013836-4-006,Mash - Garlic Herb Mashed Cauliflower - Rice,SUB-013551-4-001,100,grams,"BLAST CHILLER, HAND MIX",,,,,,,,,,,,,,,,"FA-DE Spice, Sea Salt /Gewürze, Meersalz",SPI-00-139378-5,0.56,0.56,grams,,,0.97998,0.56,grams
FV0232A - Herb Crusted Chicken [DE],REC-013836-4-006,Mash - Garlic Herb Mashed Cauliflower - Rice,SUB-013551-4-001,100,grams,"BLAST CHILLER, HAND MIX",,,,,,,,,,,,,,,,"FA-DE Parsley, Chopped /Petersilie, gehackt",PHF-00-139215-3,0.35,0.35,grams,,,0.97998,0.35,grams
FV0232A - Herb Crusted Chicken [DE],REC-013836-4-006,Mash - Garlic Herb Mashed Cauliflower - Rice,SUB-013551-4-001,100,grams,"BLAST CHILLER, HAND MIX",,,,,,,,,,,,,,,,"FA-DE Chives, Dried /Schnittlauch, getrocknet",SPI-00-139322-5,0.07,0.07,grams,,,0.97998,0.07,grams
FV0232A - Herb Crusted Chicken [DE],REC-013836-4-006,Mash - Garlic Herb Mashed Cauliflower - Rice,SUB-013551-4-001,100,grams,"BLAST CHILLER, HAND MIX",,,,,,,,,,,,,,,,"FA-DE Spice, Green Onion Granulated /Gewürz, grüne Zwiebel granuliert",SPI-00-139357-5,0.07,0.07,grams,,,0.97998,0.07,grams
FV0232A - Herb Crusted Chicken [DE],REC-013836-4-006,Mash - Garlic Herb Mashed Cauliflower - Rice,SUB-013551-4-001,100,grams,"BLAST CHILLER, HAND MIX",,,,,,,,,,,,,,,,"FA-DE Spice, Tarragon, Dry /Gewürze, Estragon, Trockenmasse",SPI-00-139382-5,0.05,0.05,grams,,,0.97998,0.05,grams
FV0232A - Herb Crusted Chicken [DE],REC-013836-4-006,Mash - Garlic Herb Mashed Cauliflower - Rice,SUB-013551-4-001,100,grams,"BLAST CHILLER, HAND MIX",,,,,,,,,,,,,,,,"FA-DE Spice, Onion Granulated /Gewürze, Zwiebeln granuliert",SPI-00-139370-5,0.46,0.46,grams,,,0.97998,0.46,grams
FV0232A - Herb Crusted Chicken [DE],REC-013836-4-006,Mash - Garlic Herb Mashed Cauliflower - Rice,SUB-013551-4-001,100,grams,"BLAST CHILLER, HAND MIX",,,,,,,,,,,,,,,,"FA-DE Spice, Black Pepper, Ground /Gewürz, schwarzer Pfeffer, gemahlen",SPI-00-139334-5,0.14,0.14,grams,,,0.97998,0.14,grams
FV0232A - Herb Crusted Chicken [DE],REC-013836-4-006,Almonds - Garlic & Black Pepper Toasted Almonds,SUB-013553-4-001,6,grams,"BLAST CHILLER, HAND MARINADE, OVEN",,,,,,,,,,,,,,,,"FA-DE Almond, Sliced, Blanched /Mandeln, geschnitten, blanchiert",SPI-00-139147-5,6.57,6.57,grams,"MANDELN, SCHALENFRÜCHTE",,0.81278,6.57,grams
FV0232A - Herb Crusted Chicken [DE],REC-013836-4-006,Almonds - Garlic & Black Pepper Toasted Almonds,SUB-013553-4-001,6,grams,"BLAST CHILLER, HAND MARINADE, OVEN",,,,,,,,,,,,,,,,"FA-DE Oil, Olive /Öl, Olivenöl",PRO-00-139277-5,0.47,0.47,grams,,,0.81278,0.47,grams
FV0232A - Herb Crusted Chicken [DE],REC-013836-4-006,Almonds - Garlic & Black Pepper Toasted Almonds,SUB-013553-4-001,6,grams,"BLAST CHILLER, HAND MARINADE, OVEN",,,,,,,,,,,,,,,,"FA-DE Spice, Garlic Granulated /Gewürz, Knoblauch granuliert",SPI-00-139353-5,0.23,0.23,grams,,,0.81278,0.23,grams
FV0232A - Herb Crusted Chicken [DE],REC-013836-4-006,Almonds - Garlic & Black Pepper Toasted Almonds,SUB-013553-4-001,6,grams,"BLAST CHILLER, HAND MARINADE, OVEN",,,,,,,,,,,,,,,,"FA-DE Spice, Black Pepper, Ground /Gewürz, schwarzer Pfeffer, gemahlen",SPI-00-139334-5,0.06,0.06,grams,,,0.81278,0.06,grams
FV0232A - Herb Crusted Chicken [DE],REC-013836-4-006,Almonds - Garlic & Black Pepper Toasted Almonds,SUB-013553-4-001,6,grams,"BLAST CHILLER, HAND MARINADE, OVEN",,,,,,,,,,,,,,,,"FA-DE Spice, Sea Salt /Gewürze, Meersalz",SPI-00-139378-5,0.05,0.05,grams,,,0.81278,0.05,grams
FV0232A - Herb Crusted Chicken [DE],REC-013836-4-006,Green beans - oil and sea salt,SUB-013552-4-001,80,grams,"BLAST CHILLER, OVEN",,,,,,,,,,,,,,,,"FA-DE Oil, Olive /Öl, Olivenöl",PRO-00-139277-5,2.06,2.06,grams,,,0.76705,2.06,grams
FV0232A - Herb Crusted Chicken [DE],REC-013836-4-006,Green beans - oil and sea salt,SUB-013552-4-001,80,grams,"BLAST CHILLER, OVEN",,,,,,,,,,,,,,,,"FA-DE Green Beans, Fresh and Trimmed/Grüne Bohnen, frisch und geschnitten",PHF-00-139198-3,101.89,101.89,grams,,,0.76705,101.89,grams
FV0232A - Herb Crusted Chicken [DE],REC-013836-4-006,Green beans - oil and sea salt,SUB-013552-4-001,80,grams,"BLAST CHILLER, OVEN",,,,,,,,,,,,,,,,"FA-DE Spice, Sea Salt /Gewürze, Meersalz",SPI-00-139378-5,0.34,0.34,grams,,,0.76705,0.34,grams
FV0232A - Herb Crusted Chicken [DE],REC-013836-4-006,Compound butter - Garlic Lemon Butter,SUB-013547-4-001,13,grams,"BLAST CHILLER, PLANETARY MIXER, SCOOPER (BUTTER)",,,,,,,,,,,,,,,,"FA-DE Spice, Garlic Powder, Toasted /Gewürz, Knoblauchpulver, geröstet",SPI-00-139354-5,0.32,0.32,grams,,,0.90575,0.32,grams
FV0232A - Herb Crusted Chicken [DE],REC-013836-4-006,Compound butter - Garlic Lemon Butter,SUB-013547-4-001,13,grams,"BLAST CHILLER, PLANETARY MIXER, SCOOPER (BUTTER)",,,,,,,,,,,,,,,,"FA-DE Spice, Minced Garlic, Toasted, Dry /Gewürz, gehackter Knoblauch, geröstet, trocken",SPI-00-139367-5,0.24,0.24,grams,,,0.90575,0.24,grams
FV0232A - Herb Crusted Chicken [DE],REC-013836-4-006,Compound butter - Garlic Lemon Butter,SUB-013547-4-001,13,grams,"BLAST CHILLER, PLANETARY MIXER, SCOOPER (BUTTER)",,,,,,,,,,,,,,,,"FA-DE Spice, Lemon Powder /Gewürz, Zitronenpulver",SPI-00-139362-5,0.08,0.08,grams,,,0.90575,0.08,grams
FV0232A - Herb Crusted Chicken [DE],REC-013836-4-006,Compound butter - Garlic Lemon Butter,SUB-013547-4-001,13,grams,"BLAST CHILLER, PLANETARY MIXER, SCOOPER (BUTTER)",,,,,,,,,,,,,,,,"FA-DE Spice, Sea Salt /Gewürze, Meersalz",SPI-00-139378-5,0.1,0.1,grams,,,0.90575,0.1,grams
FV0232A - Herb Crusted Chicken [DE],REC-013836-4-006,Compound butter - Garlic Lemon Butter,SUB-013547-4-001,13,grams,"BLAST CHILLER, PLANETARY MIXER, SCOOPER (BUTTER)",,,,,,,,,,,,,,,,"FA-DE Butter, Unsalted /Butter, ungesalzen",DAI-00-139146-3,13.49,13.49,grams,MILCH (EINSCHLIESSLICH LAKTOSE),,0.90575,13.49,grams
FV0232A - Herb Crusted Chicken [DE],REC-013836-4-006,Compound butter - Garlic Lemon Butter,SUB-013547-4-001,13,grams,"BLAST CHILLER, PLANETARY MIXER, SCOOPER (BUTTER)",,,,,,,,,,,,,,,,"FA-DE Spice, Parsley Dried /Gewürze, getrocknete Petersilie",SPI-00-139374-5,0.03,0.03,grams,,,0.90575,0.03,grams
FV0232A - Herb Crusted Chicken [DE],REC-013836-4-006,Compound butter - Garlic Lemon Butter,SUB-013547-4-001,13,grams,"BLAST CHILLER, PLANETARY MIXER, SCOOPER (BUTTER)",,,,,,,,,,,,,,,,"FA-DE Spice, Black Pepper, Ground /Gewürz, schwarzer Pfeffer, gemahlen",SPI-00-139334-5,0.08,0.08,grams,,,0.90575,0.08,grams
FV0281A - Baja Salmon [BNL],REC-014197-4-006,Mexican Cauliflower Rice,SUB-014051-4-001,120,grams,OVEN,,,,,,,,,,,,,,,,"FA-DE Oil, Olive /Öl, Olivenöl",PRO-00-139277-5,3.02,3.02,grams,,,0.76391,3.02,grams
FV0281A - Baja Salmon [BNL],REC-014197-4-006,Mexican Cauliflower Rice,SUB-014051-4-001,120,grams,OVEN,,,,,,,,,,,,,,,,"FA-DE Spice, Sea Salt /Gewürze, Meersalz",SPI-00-139378-5,0.37,0.37,grams,,,0.76391,0.37,grams
FV0281A - Baja Salmon [BNL],REC-014197-4-006,Mexican Cauliflower Rice,SUB-014051-4-001,120,grams,OVEN,,,,,,,,,,,,,,,,"FA-DE Spice, Chili Powder /Gewürz, Chilipulver",SPI-00-139340-5,0.37,0.37,grams,,,0.76391,0.37,grams
FV0281A - Baja Salmon [BNL],REC-014197-4-006,Mexican Cauliflower Rice,SUB-014051-4-001,120,grams,OVEN,,,,,,,,,,,,,,,,"FA-DE Bell Peppers, Green, Diced 10mm /Paprika, grün, gewürfelt 10 mm",PHF-00-139176-3,6.79,6.79,grams,,,0.76391,6.79,grams
FV0281A - Baja Salmon [BNL],REC-014197-4-006,Mexican Cauliflower Rice,SUB-014051-4-001,120,grams,OVEN,,,,,,,,,,,,,,,,"FA-DE Bell Peppers, Red, Diced 10mm /Paprika, rot, gewürfelt 10 mm",PHF-00-139179-3,20.77,20.77,grams,,,0.76391,20.77,grams
FV0281A - Baja Salmon [BNL],REC-014197-4-006,Mexican Cauliflower Rice,SUB-014051-4-001,120,grams,OVEN,,,,,,,,,,,,,,,,"FA-DE Spice, Paprika /Gewürze, Paprika",SPI-00-139373-5,0.37,0.37,grams,,,0.76391,0.37,grams
FV0281A - Baja Salmon [BNL],REC-014197-4-006,Mexican Cauliflower Rice,SUB-014051-4-001,120,grams,OVEN,,,,,,,,,,,,,,,,"FA-DE Cauliflower, Riced, IQF /Blumenkohl, Reis, IQF",PHF-00-139233-1,111.41,111.41,grams,,,0.76391,111.41,grams
FV0281A - Baja Salmon [BNL],REC-014197-4-006,Mexican Cauliflower Rice,SUB-014051-4-001,120,grams,OVEN,,,,,,,,,,,,,,,,"FA-DE Spice, Cumin Ground /Gewürz, gemahlener Kreuzkümmel",SPI-00-139345-5,0.37,0.37,grams,,,0.76391,0.37,grams
FV0281A - Baja Salmon [BNL],REC-014197-4-006,Mexican Cauliflower Rice,SUB-014051-4-001,120,grams,OVEN,,,,,,,,,,,,,,,,"FA-DE Onion, Red, Diced 5mm /Zwiebeln, rot, gewürfelt 5 mm",PHF-00-139213-3,13.6,13.6,grams,,,0.76391,13.6,grams
FV0281A - Baja Salmon [BNL],REC-014197-4-006,Salmon - BAJA Salmon - Batch,SUB-014053-4-001,1,each,"BLAST CHILLER, HAND MARINADE, OVEN, THAW",,,,,,,,,,,,,,,,"FA-DE Spice, Sea Salt /Gewürze, Meersalz",SPI-00-139378-5,0.6,0.6,grams,,,0.79681,0.6,grams
FV0281A - Baja Salmon [BNL],REC-014197-4-006,Salmon - BAJA Salmon - Batch,SUB-014053-4-001,1,each,"BLAST CHILLER, HAND MARINADE, OVEN, THAW",Marinade - Baja Marinade,SUB-014052-4-001,10,grams,IMMERSION BLENDER,,,,,,,,,,,"FA-DE Spice, Onion Granulated /Gewürze, Zwiebeln granuliert",SPI-00-139370-5,0.54,0.54,grams,,,0.93809,0.54,grams
FV0281A - Baja Salmon [BNL],REC-014197-4-006,Salmon - BAJA Salmon - Batch,SUB-014053-4-001,1,each,"BLAST CHILLER, HAND MARINADE, OVEN, THAW",Marinade - Baja Marinade,SUB-014052-4-001,10,grams,IMMERSION BLENDER,,,,,,,,,,,"FA-DE Juice, Lime /Saft, Limette",PRO-00-139268-5,0.37,0.37,grams,,,0.93809,0.37,grams
FV0281A - Baja Salmon [BNL],REC-014197-4-006,Salmon - BAJA Salmon - Batch,SUB-014053-4-001,1,each,"BLAST CHILLER, HAND MARINADE, OVEN, THAW",Marinade - Baja Marinade,SUB-014052-4-001,10,grams,IMMERSION BLENDER,,,,,,,,,,,"FA-DE Spice, Smoked Paprika /Gewürz, geräucherter Paprika",SPI-00-139383-5,0.11,0.11,grams,,,0.93809,0.11,grams
FV0281A - Baja Salmon [BNL],REC-014197-4-006,Salmon - BAJA Salmon - Batch,SUB-014053-4-001,1,each,"BLAST CHILLER, HAND MARINADE, OVEN, THAW",Marinade - Baja Marinade,SUB-014052-4-001,10,grams,IMMERSION BLENDER,,,,,,,,,,,"FA-DE Juice, Orange /Saft, Orange",PRO-00-139267-5,0.37,0.37,grams,,,0.93809,0.37,grams
FV0281A - Baja Salmon [BNL],REC-014197-4-006,Salmon - BAJA Salmon - Batch,SUB-014053-4-001,1,each,"BLAST CHILLER, HAND MARINADE, OVEN, THAW",Marinade - Baja Marinade,SUB-014052-4-001,10,grams,IMMERSION BLENDER,,,,,,,,,,,"FA-DE Oil, Olive /Öl, Olivenöl",PRO-00-139277-5,5.27,5.27,grams,,,0.93809,5.27,grams
FV0281A - Baja Salmon [BNL],REC-014197-4-006,Salmon - BAJA Salmon - Batch,SUB-014053-4-001,1,each,"BLAST CHILLER, HAND MARINADE, OVEN, THAW",Marinade - Baja Marinade,SUB-014052-4-001,10,grams,IMMERSION BLENDER,,,,,,,,,,,"FA-DE Spice, Ancho Chili Powder /Gewürz, Ancho-Chili-Pulver",SPI-00-139329-5,0.85,0.85,grams,,,0.93809,0.85,grams
FV0281A - Baja Salmon [BNL],REC-014197-4-006,Salmon - BAJA Salmon - Batch,SUB-014053-4-001,1,each,"BLAST CHILLER, HAND MARINADE, OVEN, THAW",Marinade - Baja Marinade,SUB-014052-4-001,10,grams,IMMERSION BLENDER,,,,,,,,,,,"FA-DE Garlic, IQF, Diced 4 mm /Knoblauch, IQF, gewürfelt 4 mm",PHF-00-139237-1,2.1,2.1,grams,SCHWEFELDIOXIDE UND SULFITE,,0.93809,2.1,grams
FV0281A - Baja Salmon [BNL],REC-014197-4-006,Salmon - BAJA Salmon - Batch,SUB-014053-4-001,1,each,"BLAST CHILLER, HAND MARINADE, OVEN, THAW",Marinade - Baja Marinade,SUB-014052-4-001,10,grams,IMMERSION BLENDER,,,,,,,,,,,"FA-DE Spice, Cumin Ground /Gewürz, gemahlener Kreuzkümmel",SPI-00-139345-5,0.54,0.54,grams,,,0.93809,0.54,grams
FV0281A - Baja Salmon [BNL],REC-014197-4-006,Salmon - BAJA Salmon - Batch,SUB-014053-4-001,1,each,"BLAST CHILLER, HAND MARINADE, OVEN, THAW",Marinade - Baja Marinade,SUB-014052-4-001,10,grams,IMMERSION BLENDER,,,,,,,,,,,"FA-DE Spice, Sea Salt /Gewürze, Meersalz",SPI-00-139378-5,0.31,0.31,grams,,,0.93809,0.31,grams
FV0281A - Baja Salmon [BNL],REC-014197-4-006,Salmon - BAJA Salmon - Batch,SUB-014053-4-001,1,each,"BLAST CHILLER, HAND MARINADE, OVEN, THAW",Marinade - Baja Marinade,SUB-014052-4-001,10,grams,IMMERSION BLENDER,,,,,,,,,,,"FA-DE Spice, Black Pepper, Ground /Gewürz, schwarzer Pfeffer, gemahlen",SPI-00-139334-5,0.2,0.2,grams,,,0.93809,0.2,grams
FV0281A - Baja Salmon [BNL],REC-014197-4-006,Salmon - BAJA Salmon - Batch,SUB-014053-4-001,1,each,"BLAST CHILLER, HAND MARINADE, OVEN, THAW",,,,,,,,,,,,,,,,"FA-DE Salmon, Skinless, Boneless, Filet/Lachs, ohne Haut, ohne Knochen, Filet - IQF",PTN-00-139968-1,140,140,grams,FISCH,,0.79681,140,grams
FV0281A - Baja Salmon [BNL],REC-014197-4-006,Compound butter - Chili-Garlic Butter - master batch,SUB-014054-4-001,12,grams,"BLAST CHILLER, PLANETARY MIXER, SCOOPER (BUTTER)",,,,,,,,,,,,,,,,"FA-DE Spice, Minced Garlic, Toasted, Dry /Gewürz, gehackter Knoblauch, geröstet, trocken",SPI-00-139367-5,0.42,0.42,grams,,,0.97993,0.42,grams
FV0281A - Baja Salmon [BNL],REC-014197-4-006,Compound butter - Chili-Garlic Butter - master batch,SUB-014054-4-001,12,grams,"BLAST CHILLER, PLANETARY MIXER, SCOOPER (BUTTER)",,,,,,,,,,,,,,,,"FA-DE Spice, Gochugaru Chili Pepper Flakes /Gewürz, Gochugaru-Chili-Pfefferflocken",SPI-00-139356-5,0.14,0.14,grams,,,0.97993,0.14,grams
FV0281A - Baja Salmon [BNL],REC-014197-4-006,Compound butter - Chili-Garlic Butter - master batch,SUB-014054-4-001,12,grams,"BLAST CHILLER, PLANETARY MIXER, SCOOPER (BUTTER)",,,,,,,,,,,,,,,,"FA-DE Spice, Sea Salt /Gewürze, Meersalz",SPI-00-139378-5,0.14,0.14,grams,,,0.97993,0.14,grams
FV0281A - Baja Salmon [BNL],REC-014197-4-006,Compound butter - Chili-Garlic Butter - master batch,SUB-014054-4-001,12,grams,"BLAST CHILLER, PLANETARY MIXER, SCOOPER (BUTTER)",,,,,,,,,,,,,,,,"FA-DE Spice, Black Pepper, Ground /Gewürz, schwarzer Pfeffer, gemahlen",SPI-00-139334-5,0.14,0.14,grams,,,0.97993,0.14,grams
FV0281A - Baja Salmon [BNL],REC-014197-4-006,Compound butter - Chili-Garlic Butter - master batch,SUB-014054-4-001,12,grams,"BLAST CHILLER, PLANETARY MIXER, SCOOPER (BUTTER)",,,,,,,,,,,,,,,,"FA-DE Butter, Unsalted /Butter, ungesalzen",DAI-00-139146-3,11.26,11.26,grams,MILCH (EINSCHLIESSLICH LAKTOSE),,0.97993,11.26,grams
FV0281A - Baja Salmon [BNL],REC-014197-4-006,Compound butter - Chili-Garlic Butter - master batch,SUB-014054-4-001,12,grams,"BLAST CHILLER, PLANETARY MIXER, SCOOPER (BUTTER)",,,,,,,,,,,,,,,,"FA-DE Spice, Guajillo Peppers, Ground /Gewürze, Guajillo-Paprikaschoten, gemahlen",SPI-00-139358-5,0.14,0.14,grams,,,0.97993,0.14,grams
FV0281A - Baja Salmon [BNL],REC-014197-4-006,Broccoli - S&P Broccoli FLORETS - less salt,SUB-013822-4-001,85,grams,HAND MIX,,,,,,,,,,,,,,,,"FA-DE Broccoli, Florets, /Brokkoli, Röschen",PHF-00-143425-3,103.24,103.24,grams,,,0.75359,103.24,grams
FV0281A - Baja Salmon [BNL],REC-014197-4-006,Broccoli - S&P Broccoli FLORETS - less salt,SUB-013822-4-001,85,grams,HAND MIX,Broccoli Marinade,SUB-031970-4-001,9.55,grams,IMMERSION BLENDER,,,,,,,,,,,"FA-DE Spice, Sea Salt /Gewürze, Meersalz",SPI-00-139378-5,0.38,0.38,grams,,,0.97994,0.38,grams
FV0281A - Baja Salmon [BNL],REC-014197-4-006,Broccoli - S&P Broccoli FLORETS - less salt,SUB-013822-4-001,85,grams,HAND MIX,Broccoli Marinade,SUB-031970-4-001,9.55,grams,IMMERSION BLENDER,,,,,,,,,,,"FA-DE Oil, Olive /Öl, Olivenöl",PRO-00-139277-5,8.67,8.67,grams,,,0.97994,8.67,grams
FV0281A - Baja Salmon [BNL],REC-014197-4-006,Broccoli - S&P Broccoli FLORETS - less salt,SUB-013822-4-001,85,grams,HAND MIX,Broccoli Marinade,SUB-031970-4-001,9.55,grams,IMMERSION BLENDER,,,,,,,,,,,"FA-DE Spice, Garlic Powder, Toasted /Gewürz, Knoblauchpulver, geröstet",SPI-00-139354-5,0.31,0.31,grams,,,0.97994,0.31,grams
FV0281A - Baja Salmon [BNL],REC-014197-4-006,Broccoli - S&P Broccoli FLORETS - less salt,SUB-013822-4-001,85,grams,HAND MIX,Broccoli Marinade,SUB-031970-4-001,9.55,grams,IMMERSION BLENDER,,,,,,,,,,,"FA-DE Spice, Black Pepper, Ground /Gewürz, schwarzer Pfeffer, gemahlen",SPI-00-139334-5,0.38,0.38,grams,,,0.97994,0.38,grams
FV0281A - Baja Salmon [BNL],REC-014197-4-006,Sauce - Cilantro Sour Cream,SUB-013701-4-001,40,grams,"CUPPING, IMMERSION BLENDER",,,,,,,,,,,,,,,,"FA-DE Spice, Sea Salt /Gewürze, Meersalz",SPI-00-139378-5,0.29,0.29,grams,,,0.98001,0.29,grams
FV0281A - Baja Salmon [BNL],REC-014197-4-006,Sauce - Cilantro Sour Cream,SUB-013701-4-001,40,grams,"CUPPING, IMMERSION BLENDER",,,,,,,,,,,,,,,,"FA-DE Jalapeno Peppers, Diced 5mm /Jalapeno-Paprikaschoten, gewürfelt, 5 mm",PHF-00-139201-3,1.49,1.49,grams,,,0.98001,1.49,grams
FV0281A - Baja Salmon [BNL],REC-014197-4-006,Sauce - Cilantro Sour Cream,SUB-013701-4-001,40,grams,"CUPPING, IMMERSION BLENDER",,,,,,,,,,,,,,,,"FA-DE Juice, Lime /Saft, Limette",PRO-00-139268-5,1.49,1.49,grams,,,0.98001,1.49,grams
FV0281A - Baja Salmon [BNL],REC-014197-4-006,Sauce - Cilantro Sour Cream,SUB-013701-4-001,40,grams,"CUPPING, IMMERSION BLENDER",,,,,,,,,,,,,,,,"FA-DE Garlic, Peeled, Whole Cloves [10kg] /Knoblauch, geschält, ganze Nelken [10kg]",PHF-00-139197-3,0.29,0.29,grams,,,0.98001,0.29,grams
FV0281A - Baja Salmon [BNL],REC-014197-4-006,Sauce - Cilantro Sour Cream,SUB-013701-4-001,40,grams,"CUPPING, IMMERSION BLENDER",,,,,,,,,,,,,,,,FA-DE Sour Cream /Sauerrahm,DAI-00-139141-3,29.81,29.81,grams,MILCH (EINSCHLIESSLICH LAKTOSE),,0.98001,29.81,grams
FV0281A - Baja Salmon [BNL],REC-014197-4-006,Sauce - Cilantro Sour Cream,SUB-013701-4-001,40,grams,"CUPPING, IMMERSION BLENDER",,,,,,,,,,,,,,,,"FA-DE Coriander, Chopped /Koriander, gehackt",PHF-00-139192-3,7.45,7.45,grams,,,0.98001,7.45,grams
FV0322A - Sour Cream & Chive Chicken [DE],REC-014219-4-003,Sour Cream and Chive Mashed Yukons (more salt),SUB-014217-4-001,110,grams,"BLAST CHILLER, PLANETARY MIXER",,,,,,,,,,,,,,,,"FA-DE Milk, Whole /Milch, voll",DAI-00-139142-3,8.15,8.15,grams,MILCH (EINSCHLIESSLICH LAKTOSE),,0.95705,8.15,grams
FV0322A - Sour Cream & Chive Chicken [DE],REC-014219-4-003,Sour Cream and Chive Mashed Yukons (more salt),SUB-014217-4-001,110,grams,"BLAST CHILLER, PLANETARY MIXER",,,,,,,,,,,,,,,,"FA-DE Butter, Unsalted /Butter, ungesalzen",DAI-00-139146-3,3.22,3.22,grams,MILCH (EINSCHLIESSLICH LAKTOSE),,0.95705,3.22,grams
FV0322A - Sour Cream & Chive Chicken [DE],REC-014219-4-003,Sour Cream and Chive Mashed Yukons (more salt),SUB-014217-4-001,110,grams,"BLAST CHILLER, PLANETARY MIXER",,,,,,,,,,,,,,,,FA-DE Sour Cream /Sauerrahm,DAI-00-139141-3,9.39,9.39,grams,MILCH (EINSCHLIESSLICH LAKTOSE),,0.95705,9.39,grams
FV0322A - Sour Cream & Chive Chicken [DE],REC-014219-4-003,Sour Cream and Chive Mashed Yukons (more salt),SUB-014217-4-001,110,grams,"BLAST CHILLER, PLANETARY MIXER",,,,,,,,,,,,,,,,"FA-DE Spice, Garlic Powder, Toasted /Gewürz, Knoblauchpulver, geröstet",SPI-00-139354-5,0.27,0.27,grams,,,0.95705,0.27,grams
FV0322A - Sour Cream & Chive Chicken [DE],REC-014219-4-003,Sour Cream and Chive Mashed Yukons (more salt),SUB-014217-4-001,110,grams,"BLAST CHILLER, PLANETARY MIXER",,,,,,,,,,,,,,,,"FA-DE Chives, Dried /Schnittlauch, getrocknet",SPI-00-139322-5,0.54,0.54,grams,,,0.95705,0.54,grams
FV0322A - Sour Cream & Chive Chicken [DE],REC-014219-4-003,Sour Cream and Chive Mashed Yukons (more salt),SUB-014217-4-001,110,grams,"BLAST CHILLER, PLANETARY MIXER",,,,,,,,,,,,,,,,"FA-DE Spice, Black Pepper, Ground /Gewürz, schwarzer Pfeffer, gemahlen",SPI-00-139334-5,0.14,0.14,grams,,,0.95705,0.14,grams
FV0322A - Sour Cream & Chive Chicken [DE],REC-014219-4-003,Sour Cream and Chive Mashed Yukons (more salt),SUB-014217-4-001,110,grams,"BLAST CHILLER, PLANETARY MIXER",,,,,,,,,,,,,,,,"FA-DE Spice, Sea Salt /Gewürze, Meersalz",SPI-00-139378-5,0.75,0.75,grams,,,0.95705,0.75,grams
FV0322A - Sour Cream & Chive Chicken [DE],REC-014219-4-003,Sour Cream and Chive Mashed Yukons (more salt),SUB-014217-4-001,110,grams,"BLAST CHILLER, PLANETARY MIXER",,,,,,,,,,,,,,,,"FA-DE Spice, Onion Granulated /Gewürze, Zwiebeln granuliert",SPI-00-139370-5,0.27,0.27,grams,,,0.95705,0.27,grams
FV0322A - Sour Cream & Chive Chicken [DE],REC-014219-4-003,Sour Cream and Chive Mashed Yukons (more salt),SUB-014217-4-001,110,grams,"BLAST CHILLER, PLANETARY MIXER",Cooked Diced Potato,SUB-013592-4-001,90.86,grams,"BLAST CHILLER, OVEN",,,,,,,,,,,"FA-DE Potatoes, Diced 10mm /Kartoffeln, gewürfelt, 10 mm",PHF-00-139219-3,92.71,92.71,grams,,,0.98,92.71,grams
FV0322A - Sour Cream & Chive Chicken [DE],REC-014219-4-003,Sour Cream and Chive Mashed Yukons (more salt),SUB-014217-4-001,110,grams,"BLAST CHILLER, PLANETARY MIXER",Roasted Garlic (use),SUB-013367-4-001,1.34,grams,"BLAST CHILLER, BRAISER, SPICE PORTIONING",,,,,,,,,,,"FA-DE Garlic, Peeled, Whole Cloves [10kg] /Knoblauch, geschält, ganze Nelken [10kg]",PHF-00-139197-3,1.36,1.36,grams,,,0.56691,1.36,grams
FV0322A - Sour Cream & Chive Chicken [DE],REC-014219-4-003,Sour Cream and Chive Mashed Yukons (more salt),SUB-014217-4-001,110,grams,"BLAST CHILLER, PLANETARY MIXER",Roasted Garlic (use),SUB-013367-4-001,1.34,grams,"BLAST CHILLER, BRAISER, SPICE PORTIONING",,,,,,,,,,,"FA-DE Oil, Olive /Öl, Olivenöl",PRO-00-139277-5,1.02,1.02,grams,,,0.56691,1.02,grams
FV0322A - Sour Cream & Chive Chicken [DE],REC-014219-4-003,Broccoli - Roasted S&P,SUB-016200-4-001,60,grams,"BLAST CHILLER, OVEN",,,,,,,,,,,,,,,,"FA-DE Spice, Black Pepper, Ground /Gewürz, schwarzer Pfeffer, gemahlen",SPI-00-139334-5,0.26,0.26,grams,,,0.7425,0.26,grams
FV0322A - Sour Cream & Chive Chicken [DE],REC-014219-4-003,Broccoli - Roasted S&P,SUB-016200-4-001,60,grams,"BLAST CHILLER, OVEN",,,,,,,,,,,,,,,,"FA-DE Spice, Garlic Powder, Toasted /Gewürz, Knoblauchpulver, geröstet",SPI-00-139354-5,0.21,0.21,grams,,,0.7425,0.21,grams
FV0322A - Sour Cream & Chive Chicken [DE],REC-014219-4-003,Broccoli - Roasted S&P,SUB-016200-4-001,60,grams,"BLAST CHILLER, OVEN",,,,,,,,,,,,,,,,"FA-DE Broccoli, Florets, /Brokkoli, Röschen",PHF-00-143425-3,74.62,74.62,grams,,,0.7425,74.62,grams
FV0322A - Sour Cream & Chive Chicken [DE],REC-014219-4-003,Broccoli - Roasted S&P,SUB-016200-4-001,60,grams,"BLAST CHILLER, OVEN",,,,,,,,,,,,,,,,"FA-DE Oil, Olive /Öl, Olivenöl",PRO-00-139277-5,5.39,5.39,grams,,,0.7425,5.39,grams
FV0322A - Sour Cream & Chive Chicken [DE],REC-014219-4-003,Broccoli - Roasted S&P,SUB-016200-4-001,60,grams,"BLAST CHILLER, OVEN",,,,,,,,,,,,,,,,"FA-DE Spice, Sea Salt /Gewürze, Meersalz",SPI-00-139378-5,0.32,0.32,grams,,,0.7425,0.32,grams
FV0322A - Sour Cream & Chive Chicken [DE],REC-014219-4-003,Grilled Chicken Breast Marinade #4 - Garlic Herb (EACH),SUB-014216-4-001,1,each,"BLAST CHILLER, GRILL, MARINADE, OVEN",Chicken Breast - BRINED 160g,SUB-013527-4-001,160,grams,BRINE,,,,,,,,,,,"FA-DE Chicken, Breast, B/S - 160g/Hähnchen, Brust, B/S – 160 g",PTN-00-139317-3,160,160,grams,,,0.4978,160,grams
FV0322A - Sour Cream & Chive Chicken [DE],REC-014219-4-003,Grilled Chicken Breast Marinade #4 - Garlic Herb (EACH),SUB-014216-4-001,1,each,"BLAST CHILLER, GRILL, MARINADE, OVEN",Chicken Breast - BRINED 160g,SUB-013527-4-001,160,grams,BRINE,,,,,,,,,,,FA-DE Water / Wasser,OTH-00-144038-5,160,160,grams,,,0.4978,160,grams
FV0322A - Sour Cream & Chive Chicken [DE],REC-014219-4-003,Grilled Chicken Breast Marinade #4 - Garlic Herb (EACH),SUB-014216-4-001,1,each,"BLAST CHILLER, GRILL, MARINADE, OVEN",Chicken Breast - BRINED 160g,SUB-013527-4-001,160,grams,BRINE,,,,,,,,,,,"FA-DE Spice, Sea Salt /Gewürze, Meersalz",SPI-00-139378-5,1.41,1.41,grams,,,0.4978,1.41,grams
FV0322A - Sour Cream & Chive Chicken [DE],REC-014219-4-003,Grilled Chicken Breast Marinade #4 - Garlic Herb (EACH),SUB-014216-4-001,1,each,"BLAST CHILLER, GRILL, MARINADE, OVEN",Mod Marinade #4 - Garlic and Herb,SUB-013452-4-001,4.5,grams,IMMERSION BLENDER,,,,,,,,,,,"FA-DE Oil, Olive /Öl, Olivenöl",PRO-00-139277-5,2.45,2.45,grams,,,0.98976,2.45,grams
FV0322A - Sour Cream & Chive Chicken [DE],REC-014219-4-003,Grilled Chicken Breast Marinade #4 - Garlic Herb (EACH),SUB-014216-4-001,1,each,"BLAST CHILLER, GRILL, MARINADE, OVEN",Mod Marinade #4 - Garlic and Herb,SUB-013452-4-001,4.5,grams,IMMERSION BLENDER,,,,,,,,,,,"FA-DE Vinegar, Red Wine /Essig, Rotwein",PRO-00-139301-5,0.82,0.82,grams,,,0.98976,0.82,grams
FV0322A - Sour Cream & Chive Chicken [DE],REC-014219-4-003,Grilled Chicken Breast Marinade #4 - Garlic Herb (EACH),SUB-014216-4-001,1,each,"BLAST CHILLER, GRILL, MARINADE, OVEN",Mod Marinade #4 - Garlic and Herb,SUB-013452-4-001,4.5,grams,IMMERSION BLENDER,,,,,,,,,,,"FA-DE Garlic, IQF, Diced 4 mm /Knoblauch, IQF, gewürfelt 4 mm",PHF-00-139237-1,0.82,0.82,grams,SCHWEFELDIOXIDE UND SULFITE,,0.98976,0.82,grams
FV0322A - Sour Cream & Chive Chicken [DE],REC-014219-4-003,Grilled Chicken Breast Marinade #4 - Garlic Herb (EACH),SUB-014216-4-001,1,each,"BLAST CHILLER, GRILL, MARINADE, OVEN",Mod Marinade #4 - Garlic and Herb,SUB-013452-4-001,4.5,grams,IMMERSION BLENDER,,,,,,,,,,,"FA-DE Spice, Garlic Granulated /Gewürz, Knoblauch granuliert",SPI-00-139353-5,0.19,0.19,grams,,,0.98976,0.19,grams
FV0322A - Sour Cream & Chive Chicken [DE],REC-014219-4-003,Grilled Chicken Breast Marinade #4 - Garlic Herb (EACH),SUB-014216-4-001,1,each,"BLAST CHILLER, GRILL, MARINADE, OVEN",Mod Marinade #4 - Garlic and Herb,SUB-013452-4-001,4.5,grams,IMMERSION BLENDER,,,,,,,,,,,"FA-DE Spice, Parsley Dried /Gewürze, getrocknete Petersilie",SPI-00-139374-5,0.12,0.12,grams,,,0.98976,0.12,grams
FV0322A - Sour Cream & Chive Chicken [DE],REC-014219-4-003,Grilled Chicken Breast Marinade #4 - Garlic Herb (EACH),SUB-014216-4-001,1,each,"BLAST CHILLER, GRILL, MARINADE, OVEN",Mod Marinade #4 - Garlic and Herb,SUB-013452-4-001,4.5,grams,IMMERSION BLENDER,,,,,,,,,,,"FA-DE Spice, Black Pepper, Ground /Gewürz, schwarzer Pfeffer, gemahlen",SPI-00-139334-5,0.05,0.05,grams,,,0.98976,0.05,grams
FV0322A - Sour Cream & Chive Chicken [DE],REC-014219-4-003,Grilled Chicken Breast Marinade #4 - Garlic Herb (EACH),SUB-014216-4-001,1,each,"BLAST CHILLER, GRILL, MARINADE, OVEN",Mod Marinade #4 - Garlic and Herb,SUB-013452-4-001,4.5,grams,IMMERSION BLENDER,,,,,,,,,,,"FA-DE Spice, Sea Salt /Gewürze, Meersalz",SPI-00-139378-5,0.09,0.09,grams,,,0.98976,0.09,grams
FV0322A - Sour Cream & Chive Chicken [DE],REC-014219-4-003,S&P Roasted Green Beans 1,SUB-014184-4-001,110,grams,"BLAST CHILLER, OVEN",,,,,,,,,,,,,,,,"FA-DE Oil, Olive /Öl, Olivenöl",PRO-00-139277-5,9.94,9.94,grams,,,0.69891,9.94,grams
FV0322A - Sour Cream & Chive Chicken [DE],REC-014219-4-003,S&P Roasted Green Beans 1,SUB-014184-4-001,110,grams,"BLAST CHILLER, OVEN",,,,,,,,,,,,,,,,"FA-DE Spice, Sea Salt /Gewürze, Meersalz",SPI-00-139378-5,0.58,0.58,grams,,,0.69891,0.58,grams
FV0322A - Sour Cream & Chive Chicken [DE],REC-014219-4-003,S&P Roasted Green Beans 1,SUB-014184-4-001,110,grams,"BLAST CHILLER, OVEN",,,,,,,,,,,,,,,,"FA-DE Spice, Black Pepper, Ground /Gewürz, schwarzer Pfeffer, gemahlen",SPI-00-139334-5,0.29,0.29,grams,,,0.69891,0.29,grams
FV0322A - Sour Cream & Chive Chicken [DE],REC-014219-4-003,S&P Roasted Green Beans 1,SUB-014184-4-001,110,grams,"BLAST CHILLER, OVEN",,,,,,,,,,,,,,,,"FA-DE Green Beans, Fresh and Trimmed/Grüne Bohnen, frisch und geschnitten",PHF-00-139198-3,146.58,146.58,grams,,,0.69891,146.58,grams
FV0322A - Sour Cream & Chive Chicken [DE],REC-014219-4-003,Chive-Garlic Butter,SUB-014218-4-001,10,grams,"BLAST CHILLER, PLANETARY MIXER, SCOOPER (BUTTER)",,,,,,,,,,,,,,,,"FA-DE Spice, Leek Powder /Gewürz, Lauchpulver",SPI-00-139361-5,0.09,0.09,grams,,,0.96268,0.09,grams
FV0322A - Sour Cream & Chive Chicken [DE],REC-014219-4-003,Chive-Garlic Butter,SUB-014218-4-001,10,grams,"BLAST CHILLER, PLANETARY MIXER, SCOOPER (BUTTER)",,,,,,,,,,,,,,,,"FA-DE Spice, Black Pepper, Ground /Gewürz, schwarzer Pfeffer, gemahlen",SPI-00-139334-5,0.06,0.06,grams,,,0.96268,0.06,grams
FV0322A - Sour Cream & Chive Chicken [DE],REC-014219-4-003,Chive-Garlic Butter,SUB-014218-4-001,10,grams,"BLAST CHILLER, PLANETARY MIXER, SCOOPER (BUTTER)",,,,,,,,,,,,,,,,"FA-DE Spice, Sea Salt /Gewürze, Meersalz",SPI-00-139378-5,0.12,0.12,grams,,,0.96268,0.12,grams
FV0322A - Sour Cream & Chive Chicken [DE],REC-014219-4-003,Chive-Garlic Butter,SUB-014218-4-001,10,grams,"BLAST CHILLER, PLANETARY MIXER, SCOOPER (BUTTER)",,,,,,,,,,,,,,,,"FA-DE Butter, Unsalted /Butter, ungesalzen",DAI-00-139146-3,9.77,9.77,grams,MILCH (EINSCHLIESSLICH LAKTOSE),,0.96268,9.77,grams
FV0322A - Sour Cream & Chive Chicken [DE],REC-014219-4-003,Chive-Garlic Butter,SUB-014218-4-001,10,grams,"BLAST CHILLER, PLANETARY MIXER, SCOOPER (BUTTER)",,,,,,,,,,,,,,,,"FA-DE Chives, Dried /Schnittlauch, getrocknet",SPI-00-139322-5,0.09,0.09,grams,,,0.96268,0.09,grams
FV0322A - Sour Cream & Chive Chicken [DE],REC-014219-4-003,Chive-Garlic Butter,SUB-014218-4-001,10,grams,"BLAST CHILLER, PLANETARY MIXER, SCOOPER (BUTTER)",,,,,,,,,,,,,,,,"FA-DE Spice, Minced Garlic, Toasted, Dry /Gewürz, gehackter Knoblauch, geröstet, trocken",SPI-00-139367-5,0.25,0.25,grams,,,0.96268,0.25,grams
FV0345A - Beef Stroganoff Meatballs [DKSE],REC-014227-4-003,Cauliflower Gratin- No Onions,SUB-014177-4-001,120,grams,"BLAST CHILLER, BRAISER, IMMERSION BLENDER, SPICE PORTIONING",,,,,,,,,,,,,,,,"FA-DE Oil, Olive /Öl, Olivenöl",PRO-00-139277-5,5.61,5.61,grams,,,0.97558,5.61,grams
FV0345A - Beef Stroganoff Meatballs [DKSE],REC-014227-4-003,Cauliflower Gratin- No Onions,SUB-014177-4-001,120,grams,"BLAST CHILLER, BRAISER, IMMERSION BLENDER, SPICE PORTIONING",,,,,,,,,,,,,,,,"FA-DE Cauliflower, Riced, IQF /Blumenkohl, Reis, IQF",PHF-00-139233-1,64.82,64.82,grams,,,0.97558,64.82,grams
FV0345A - Beef Stroganoff Meatballs [DKSE],REC-014227-4-003,Cauliflower Gratin- No Onions,SUB-014177-4-001,120,grams,"BLAST CHILLER, BRAISER, IMMERSION BLENDER, SPICE PORTIONING",,,,,,,,,,,,,,,,FA-DE Heavy Cream 20% /Sahne 20%,DAI-00-139137-3,22.31,22.31,grams,MILCH (EINSCHLIESSLICH LAKTOSE),,0.97558,22.31,grams
FV0345A - Beef Stroganoff Meatballs [DKSE],REC-014227-4-003,Cauliflower Gratin- No Onions,SUB-014177-4-001,120,grams,"BLAST CHILLER, BRAISER, IMMERSION BLENDER, SPICE PORTIONING",Roasted Garlic (use),SUB-013367-4-001,2.12,grams,"BLAST CHILLER, BRAISER, SPICE PORTIONING",,,,,,,,,,,"FA-DE Garlic, Peeled, Whole Cloves [10kg] /Knoblauch, geschält, ganze Nelken [10kg]",PHF-00-139197-3,2.14,2.14,grams,,,0.56691,2.14,grams
FV0345A - Beef Stroganoff Meatballs [DKSE],REC-014227-4-003,Cauliflower Gratin- No Onions,SUB-014177-4-001,120,grams,"BLAST CHILLER, BRAISER, IMMERSION BLENDER, SPICE PORTIONING",Roasted Garlic (use),SUB-013367-4-001,2.12,grams,"BLAST CHILLER, BRAISER, SPICE PORTIONING",,,,,,,,,,,"FA-DE Oil, Olive /Öl, Olivenöl",PRO-00-139277-5,1.6,1.6,grams,,,0.56691,1.6,grams
FV0345A - Beef Stroganoff Meatballs [DKSE],REC-014227-4-003,Cauliflower Gratin- No Onions,SUB-014177-4-001,120,grams,"BLAST CHILLER, BRAISER, IMMERSION BLENDER, SPICE PORTIONING",,,,,,,,,,,,,,,,"FA-DE Cheese, Mozzarella, Shredded /Käse, Mozzarella, gerieben",DAI-00-139125-3,16.83,16.83,grams,MILCH (EINSCHLIESSLICH LAKTOSE),,0.97558,16.83,grams
FV0345A - Beef Stroganoff Meatballs [DKSE],REC-014227-4-003,Cauliflower Gratin- No Onions,SUB-014177-4-001,120,grams,"BLAST CHILLER, BRAISER, IMMERSION BLENDER, SPICE PORTIONING",,,,,,,,,,,,,,,,"FA-DE Spice, Sea Salt /Gewürze, Meersalz",SPI-00-139378-5,0.35,0.35,grams,,,0.97558,0.35,grams
FV0345A - Beef Stroganoff Meatballs [DKSE],REC-014227-4-003,Cauliflower Gratin- No Onions,SUB-014177-4-001,120,grams,"BLAST CHILLER, BRAISER, IMMERSION BLENDER, SPICE PORTIONING",,,,,,,,,,,,,,,,"FA-DE Parsley, Chopped /Petersilie, gehackt",PHF-00-139215-3,2.12,2.12,grams,,,0.97558,2.12,grams
FV0345A - Beef Stroganoff Meatballs [DKSE],REC-014227-4-003,Cauliflower Gratin- No Onions,SUB-014177-4-001,120,grams,"BLAST CHILLER, BRAISER, IMMERSION BLENDER, SPICE PORTIONING",,,,,,,,,,,,,,,,"FA-DE Cheese, Cream, 13% Fat (Milk) /Käse, Sahne, 13% Fett",DAI-00-139122-3,8.84,8.84,grams,MILCH (EINSCHLIESSLICH LAKTOSE),,0.97558,8.84,grams
FV0345A - Beef Stroganoff Meatballs [DKSE],REC-014227-4-003,F_ Meatball 2.1 - Basic Beef - EACH,SUB-031483-4-001,5,each,"BLAST CHILLER, HORIZONTAL MIXER, OVEN, PATTY MAKER",Veg for Meatloaf/Meatball,SUB-014228-4-001,15,grams,"BLAST CHILLER, OVEN",,,,,,,,,,,"FA-DE Oil, Olive /Öl, Olivenöl",PRO-00-139277-5,0.32,0.32,grams,,,0.89191,0.32,grams
FV0345A - Beef Stroganoff Meatballs [DKSE],REC-014227-4-003,F_ Meatball 2.1 - Basic Beef - EACH,SUB-031483-4-001,5,each,"BLAST CHILLER, HORIZONTAL MIXER, OVEN, PATTY MAKER",Veg for Meatloaf/Meatball,SUB-014228-4-001,15,grams,"BLAST CHILLER, OVEN",,,,,,,,,,,"FA-DE Spice, Onion Powder, Toasted /Gewürze, Zwiebelpulver, geröstet",SPI-00-139371-5,0.16,0.16,grams,,,0.89191,0.16,grams
FV0345A - Beef Stroganoff Meatballs [DKSE],REC-014227-4-003,F_ Meatball 2.1 - Basic Beef - EACH,SUB-031483-4-001,5,each,"BLAST CHILLER, HORIZONTAL MIXER, OVEN, PATTY MAKER",Veg for Meatloaf/Meatball,SUB-014228-4-001,15,grams,"BLAST CHILLER, OVEN",,,,,,,,,,,"FA-DE Spice, Garlic Powder, Toasted /Gewürz, Knoblauchpulver, geröstet",SPI-00-139354-5,0.16,0.16,grams,,,0.89191,0.16,grams
FV0345A - Beef Stroganoff Meatballs [DKSE],REC-014227-4-003,F_ Meatball 2.1 - Basic Beef - EACH,SUB-031483-4-001,5,each,"BLAST CHILLER, HORIZONTAL MIXER, OVEN, PATTY MAKER",Veg for Meatloaf/Meatball,SUB-014228-4-001,15,grams,"BLAST CHILLER, OVEN",,,,,,,,,,,"FA-DE Spice, Sea Salt /Gewürze, Meersalz",SPI-00-139378-5,0.04,0.04,grams,,,0.89191,0.04,grams
FV0345A - Beef Stroganoff Meatballs [DKSE],REC-014227-4-003,F_ Meatball 2.1 - Basic Beef - EACH,SUB-031483-4-001,5,each,"BLAST CHILLER, HORIZONTAL MIXER, OVEN, PATTY MAKER",Veg for Meatloaf/Meatball,SUB-014228-4-001,15,grams,"BLAST CHILLER, OVEN",,,,,,,,,,,"FA-DE Celery, Diced 5mm /Sellerie, gewürfelt 5 mm",PHF-00-139189-3,4.84,4.84,grams,SELLERIE,,0.89191,4.84,grams
FV0345A - Beef Stroganoff Meatballs [DKSE],REC-014227-4-003,F_ Meatball 2.1 - Basic Beef - EACH,SUB-031483-4-001,5,each,"BLAST CHILLER, HORIZONTAL MIXER, OVEN, PATTY MAKER",Veg for Meatloaf/Meatball,SUB-014228-4-001,15,grams,"BLAST CHILLER, OVEN",,,,,,,,,,,"FA-DE Onion, Spanish, Diced 5mm /Zwiebel, Spanisch, gewürfelt 5 mm",PHF-00-139212-3,11.29,11.29,grams,,,0.89191,11.29,grams
FV0345A - Beef Stroganoff Meatballs [DKSE],REC-014227-4-003,F_ Meatball 2.1 - Basic Beef - EACH,SUB-031483-4-001,5,each,"BLAST CHILLER, HORIZONTAL MIXER, OVEN, PATTY MAKER",Meatball Panade - Seasoned,SUB-014229-4-001,16,grams,PLANETARY MIXER,,,,,,,,,,,"FA-DE Liquid Egg, Whole /Flüssigei, ganz",DAI-00-139144-3,7.18,7.18,grams,EIER,,0.98065,7.18,grams
FV0345A - Beef Stroganoff Meatballs [DKSE],REC-014227-4-003,F_ Meatball 2.1 - Basic Beef - EACH,SUB-031483-4-001,5,each,"BLAST CHILLER, HORIZONTAL MIXER, OVEN, PATTY MAKER",Meatball Panade - Seasoned,SUB-014229-4-001,16,grams,PLANETARY MIXER,,,,,,,,,,,"FA-DE Flour, Almond /Mehl, Mandel",DRY-00-139154-5,3.26,3.26,grams,,,0.98065,3.26,grams
FV0345A - Beef Stroganoff Meatballs [DKSE],REC-014227-4-003,F_ Meatball 2.1 - Basic Beef - EACH,SUB-031483-4-001,5,each,"BLAST CHILLER, HORIZONTAL MIXER, OVEN, PATTY MAKER",Meatball Panade - Seasoned,SUB-014229-4-001,16,grams,PLANETARY MIXER,,,,,,,,,,,"FA-DE Cheese, Parmesan, Grated /Käse, Parmesan, gerieben",DAI-00-139127-3,3.92,3.92,grams,MILCH (EINSCHLIESSLICH LAKTOSE),,0.98065,3.92,grams
FV0345A - Beef Stroganoff Meatballs [DKSE],REC-014227-4-003,F_ Meatball 2.1 - Basic Beef - EACH,SUB-031483-4-001,5,each,"BLAST CHILLER, HORIZONTAL MIXER, OVEN, PATTY MAKER",Meatball Panade - Seasoned,SUB-014229-4-001,16,grams,PLANETARY MIXER,,,,,,,,,,,"FA-DE Spice, Sea Salt /Gewürze, Meersalz",SPI-00-139378-5,0.65,0.65,grams,,,0.98065,0.65,grams
FV0345A - Beef Stroganoff Meatballs [DKSE],REC-014227-4-003,F_ Meatball 2.1 - Basic Beef - EACH,SUB-031483-4-001,5,each,"BLAST CHILLER, HORIZONTAL MIXER, OVEN, PATTY MAKER",Meatball Panade - Seasoned,SUB-014229-4-001,16,grams,PLANETARY MIXER,,,,,,,,,,,"FA-DE Spice, Onion Powder, Toasted /Gewürze, Zwiebelpulver, geröstet",SPI-00-139371-5,0.65,0.65,grams,,,0.98065,0.65,grams
FV0345A - Beef Stroganoff Meatballs [DKSE],REC-014227-4-003,F_ Meatball 2.1 - Basic Beef - EACH,SUB-031483-4-001,5,each,"BLAST CHILLER, HORIZONTAL MIXER, OVEN, PATTY MAKER",Meatball Panade - Seasoned,SUB-014229-4-001,16,grams,PLANETARY MIXER,,,,,,,,,,,"FA-DE Spice, Black Pepper, Ground /Gewürz, schwarzer Pfeffer, gemahlen",SPI-00-139334-5,0.45,0.45,grams,,,0.98065,0.45,grams
FV0345A - Beef Stroganoff Meatballs [DKSE],REC-014227-4-003,F_ Meatball 2.1 - Basic Beef - EACH,SUB-031483-4-001,5,each,"BLAST CHILLER, HORIZONTAL MIXER, OVEN, PATTY MAKER",Meatball Panade - Seasoned,SUB-014229-4-001,16,grams,PLANETARY MIXER,,,,,,,,,,,"FA-DE Spice, Garlic Powder, Toasted /Gewürz, Knoblauchpulver, geröstet",SPI-00-139354-5,0.2,0.2,grams,,,0.98065,0.2,grams
FV0345A - Beef Stroganoff Meatballs [DKSE],REC-014227-4-003,F_ Meatball 2.1 - Basic Beef - EACH,SUB-031483-4-001,5,each,"BLAST CHILLER, HORIZONTAL MIXER, OVEN, PATTY MAKER",,,,,,,,,,,,,,,,"FA-DE Beef, Ground, 80/20 /Rindfleisch, gemahlen, 80/20",PTN-00-139319-3,115,115,grams,,,0.82192,115,grams
FV0345A - Beef Stroganoff Meatballs [DKSE],REC-014227-4-003,Roasted Portobello's- Less Garlic,SUB-014226-4-001,60,grams,"BLAST CHILLER, OVEN",,,,,,,,,,,,,,,,"FA-DE Thyme, IQF /Thymian, IQF",PHF-00-139244-1,0.3,0.3,grams,,,0.70269,0.3,grams
FV0345A - Beef Stroganoff Meatballs [DKSE],REC-014227-4-003,Roasted Portobello's- Less Garlic,SUB-014226-4-001,60,grams,"BLAST CHILLER, OVEN",,,,,,,,,,,,,,,,"FA-DE Mushroom, Portobello, Sliced, Washed /Pilze, Portobello, in Scheiben geschnitten, gewaschen",PHF-00-139207-3,78,78,grams,,,0.70269,78,grams
FV0345A - Beef Stroganoff Meatballs [DKSE],REC-014227-4-003,Roasted Portobello's- Less Garlic,SUB-014226-4-001,60,grams,"BLAST CHILLER, OVEN",,,,,,,,,,,,,,,,"FA-DE Spice, Sea Salt /Gewürze, Meersalz",SPI-00-139378-5,0.19,0.19,grams,,,0.70269,0.19,grams
FV0345A - Beef Stroganoff Meatballs [DKSE],REC-014227-4-003,Roasted Portobello's- Less Garlic,SUB-014226-4-001,60,grams,"BLAST CHILLER, OVEN",,,,,,,,,,,,,,,,"FA-DE Oil, Olive /Öl, Olivenöl",PRO-00-139277-5,6,6,grams,,,0.70269,6,grams
FV0345A - Beef Stroganoff Meatballs [DKSE],REC-014227-4-003,Roasted Portobello's- Less Garlic,SUB-014226-4-001,60,grams,"BLAST CHILLER, OVEN",Roasted Garlic (use),SUB-013367-4-001,0.9,grams,"BLAST CHILLER, BRAISER, SPICE PORTIONING",,,,,,,,,,,"FA-DE Garlic, Peeled, Whole Cloves [10kg] /Knoblauch, geschält, ganze Nelken [10kg]",PHF-00-139197-3,0.91,0.91,grams,,,0.56691,0.91,grams
FV0345A - Beef Stroganoff Meatballs [DKSE],REC-014227-4-003,Roasted Portobello's- Less Garlic,SUB-014226-4-001,60,grams,"BLAST CHILLER, OVEN",Roasted Garlic (use),SUB-013367-4-001,0.9,grams,"BLAST CHILLER, BRAISER, SPICE PORTIONING",,,,,,,,,,,"FA-DE Oil, Olive /Öl, Olivenöl",PRO-00-139277-5,0.68,0.68,grams,,,0.56691,0.68,grams
FV0345A - Beef Stroganoff Meatballs [DKSE],REC-014227-4-003,Stroganoff Sauce (thick sliced),SUB-014176-4-001,40,grams,"BLAST CHILLER, BRAISER, IMMERSION BLENDER, SPICE PORTIONING",,,,,,,,,,,,,,,,"FA-DE Oil, Olive /Öl, Olivenöl",PRO-00-139277-5,2.94,2.94,grams,,,0.8612,2.94,grams
FV0345A - Beef Stroganoff Meatballs [DKSE],REC-014227-4-003,Stroganoff Sauce (thick sliced),SUB-014176-4-001,40,grams,"BLAST CHILLER, BRAISER, IMMERSION BLENDER, SPICE PORTIONING",,,,,,,,,,,,,,,,"FA-DE Mushroom, Button, Sliced, Washed /Pilz, Knopf, geschnitten, gewaschen",PHF-00-139206-3,17.61,17.61,grams,,,0.8612,17.61,grams
FV0345A - Beef Stroganoff Meatballs [DKSE],REC-014227-4-003,Stroganoff Sauce (thick sliced),SUB-014176-4-001,40,grams,"BLAST CHILLER, BRAISER, IMMERSION BLENDER, SPICE PORTIONING",,,,,,,,,,,,,,,,"FA-DE Wine, Red/Wein, rot",PRO-00-139302-5,2.67,2.67,grams,SCHWEFELDIOXIDE UND SULFITE,,0.8612,2.67,grams
FV0345A - Beef Stroganoff Meatballs [DKSE],REC-014227-4-003,Stroganoff Sauce (thick sliced),SUB-014176-4-001,40,grams,"BLAST CHILLER, BRAISER, IMMERSION BLENDER, SPICE PORTIONING",,,,,,,,,,,,,,,,"FA-DE Cheese, Cream, 13% Fat (Milk) /Käse, Sahne, 13% Fett",DAI-00-139122-3,5.6,5.6,grams,MILCH (EINSCHLIESSLICH LAKTOSE),,0.8612,5.6,grams
FV0345A - Beef Stroganoff Meatballs [DKSE],REC-014227-4-003,Stroganoff Sauce (thick sliced),SUB-014176-4-001,40,grams,"BLAST CHILLER, BRAISER, IMMERSION BLENDER, SPICE PORTIONING",,,,,,,,,,,,,,,,"FA-DE Mustard, Dijon /Senf, Dijon",PRO-00-139276-5,1.34,1.34,grams,SENF,,0.8612,1.34,grams
FV0345A - Beef Stroganoff Meatballs [DKSE],REC-014227-4-003,Stroganoff Sauce (thick sliced),SUB-014176-4-001,40,grams,"BLAST CHILLER, BRAISER, IMMERSION BLENDER, SPICE PORTIONING",,,,,,,,,,,,,,,,"FA-DE Onion, Spanish, Diced 5mm /Zwiebel, Spanisch, gewürfelt 5 mm",PHF-00-139212-3,5.6,5.6,grams,,,0.8612,5.6,grams
FV0345A - Beef Stroganoff Meatballs [DKSE],REC-014227-4-003,Stroganoff Sauce (thick sliced),SUB-014176-4-001,40,grams,"BLAST CHILLER, BRAISER, IMMERSION BLENDER, SPICE PORTIONING",,,,,,,,,,,,,,,,"FA-DE Spice, Porcini Mushroom Powder /Gewürz, Steinpilzpulver",SPI-00-139375-5,0.26,0.26,grams,,,0.8612,0.26,grams
FV0345A - Beef Stroganoff Meatballs [DKSE],REC-014227-4-003,Stroganoff Sauce (thick sliced),SUB-014176-4-001,40,grams,"BLAST CHILLER, BRAISER, IMMERSION BLENDER, SPICE PORTIONING",,,,,,,,,,,,,,,,"FA-DE Thyme, IQF /Thymian, IQF",PHF-00-139244-1,0.26,0.26,grams,,,0.8612,0.26,grams
FV0345A - Beef Stroganoff Meatballs [DKSE],REC-014227-4-003,Stroganoff Sauce (thick sliced),SUB-014176-4-001,40,grams,"BLAST CHILLER, BRAISER, IMMERSION BLENDER, SPICE PORTIONING",,,,,,,,,,,,,,,,FA-DE Water / Wasser,OTH-00-144038-5,0.8,0.8,grams,,,0.8612,0.8,grams
FV0345A - Beef Stroganoff Meatballs [DKSE],REC-014227-4-003,Stroganoff Sauce (thick sliced),SUB-014176-4-001,40,grams,"BLAST CHILLER, BRAISER, IMMERSION BLENDER, SPICE PORTIONING",,,,,,,,,,,,,,,,"FA-DE Garlic, IQF, Diced 4 mm /Knoblauch, IQF, gewürfelt 4 mm",PHF-00-139237-1,2.67,2.67,grams,SCHWEFELDIOXIDE UND SULFITE,,0.8612,2.67,grams
FV0345A - Beef Stroganoff Meatballs [DKSE],REC-014227-4-003,Stroganoff Sauce (thick sliced),SUB-014176-4-001,40,grams,"BLAST CHILLER, BRAISER, IMMERSION BLENDER, SPICE PORTIONING",,,,,,,,,,,,,,,,FA-DE Heavy Cream 20% /Sahne 20%,DAI-00-139137-3,0.8,0.8,grams,MILCH (EINSCHLIESSLICH LAKTOSE),,0.8612,0.8,grams
FV0345A - Beef Stroganoff Meatballs [DKSE],REC-014227-4-003,Stroganoff Sauce (thick sliced),SUB-014176-4-001,40,grams,"BLAST CHILLER, BRAISER, IMMERSION BLENDER, SPICE PORTIONING",,,,,,,,,,,,,,,,"FA-DE Spice, Sea Salt /Gewürze, Meersalz",SPI-00-139378-5,0.26,0.26,grams,,,0.8612,0.26,grams
FV0345A - Beef Stroganoff Meatballs [DKSE],REC-014227-4-003,Stroganoff Sauce (thick sliced),SUB-014176-4-001,40,grams,"BLAST CHILLER, BRAISER, IMMERSION BLENDER, SPICE PORTIONING",,,,,,,,,,,,,,,,FA-DE Sour Cream /Sauerrahm,DAI-00-139141-3,3.76,3.76,grams,MILCH (EINSCHLIESSLICH LAKTOSE),,0.8612,3.76,grams
FV0345A - Beef Stroganoff Meatballs [DKSE],REC-014227-4-003,Stroganoff Sauce (thick sliced),SUB-014176-4-001,40,grams,"BLAST CHILLER, BRAISER, IMMERSION BLENDER, SPICE PORTIONING",,,,,,,,,,,,,,,,"FA-DE Stock, Chicken, Reduced/Brühe, Huhn, Reduziert",PRO-00-139288-5,1.86,1.86,grams,,,0.8612,1.86,grams
FV0401A - Pulled chicken with cheddar and bacon [BNL],REC-013941-4-008,Sauce - Crack Chicken Cheese Mix,SUB-013714-4-001,50,grams,PLANETARY MIXER,,,,,,,,,,,,,,,,"FA-DE Spice, Garlic Granulated /Gewürz, Knoblauch granuliert",SPI-00-139353-5,0.46,0.46,grams,,,0.98,0.46,grams
FV0401A - Pulled chicken with cheddar and bacon [BNL],REC-013941-4-008,Sauce - Crack Chicken Cheese Mix,SUB-013714-4-001,50,grams,PLANETARY MIXER,DRY Ranch Seasoning,SUB-013480-4-001,2.3,grams,"HAND MIX, SPICE PORTIONING",,,,,,,,,,,"FA-DE Spice, Buttermilk Powder/Gewürz, Buttermilchpulver",SPI-00-151139-5,1.42,1.42,grams,MILCH (EINSCHLIESSLICH LAKTOSE),,0.97982,1.42,grams
FV0401A - Pulled chicken with cheddar and bacon [BNL],REC-013941-4-008,Sauce - Crack Chicken Cheese Mix,SUB-013714-4-001,50,grams,PLANETARY MIXER,DRY Ranch Seasoning,SUB-013480-4-001,2.3,grams,"HAND MIX, SPICE PORTIONING",,,,,,,,,,,"FA-DE Spice, Garlic Granulated /Gewürz, Knoblauch granuliert",SPI-00-139353-5,0.3,0.3,grams,,,0.97982,0.3,grams
FV0401A - Pulled chicken with cheddar and bacon [BNL],REC-013941-4-008,Sauce - Crack Chicken Cheese Mix,SUB-013714-4-001,50,grams,PLANETARY MIXER,DRY Ranch Seasoning,SUB-013480-4-001,2.3,grams,"HAND MIX, SPICE PORTIONING",,,,,,,,,,,"FA-DE Spice, Onion Granulated /Gewürze, Zwiebeln granuliert",SPI-00-139370-5,0.26,0.26,grams,,,0.97982,0.26,grams
FV0401A - Pulled chicken with cheddar and bacon [BNL],REC-013941-4-008,Sauce - Crack Chicken Cheese Mix,SUB-013714-4-001,50,grams,PLANETARY MIXER,DRY Ranch Seasoning,SUB-013480-4-001,2.3,grams,"HAND MIX, SPICE PORTIONING",,,,,,,,,,,"FA-DE Spice, Black Pepper, Ground /Gewürz, schwarzer Pfeffer, gemahlen",SPI-00-139334-5,0.15,0.15,grams,,,0.97982,0.15,grams
FV0401A - Pulled chicken with cheddar and bacon [BNL],REC-013941-4-008,Sauce - Crack Chicken Cheese Mix,SUB-013714-4-001,50,grams,PLANETARY MIXER,DRY Ranch Seasoning,SUB-013480-4-001,2.3,grams,"HAND MIX, SPICE PORTIONING",,,,,,,,,,,"FA-DE Spice, Dill Dried /Gewürz, Dill getrocknet",SPI-00-139349-5,0.09,0.09,grams,,,0.97982,0.09,grams
FV0401A - Pulled chicken with cheddar and bacon [BNL],REC-013941-4-008,Sauce - Crack Chicken Cheese Mix,SUB-013714-4-001,50,grams,PLANETARY MIXER,DRY Ranch Seasoning,SUB-013480-4-001,2.3,grams,"HAND MIX, SPICE PORTIONING",,,,,,,,,,,"FA-DE Chives, Dried /Schnittlauch, getrocknet",SPI-00-139322-5,0.09,0.09,grams,,,0.97982,0.09,grams
FV0401A - Pulled chicken with cheddar and bacon [BNL],REC-013941-4-008,Sauce - Crack Chicken Cheese Mix,SUB-013714-4-001,50,grams,PLANETARY MIXER,DRY Ranch Seasoning,SUB-013480-4-001,2.3,grams,"HAND MIX, SPICE PORTIONING",,,,,,,,,,,"FA-DE Spice, Parsley Dried /Gewürze, getrocknete Petersilie",SPI-00-139374-5,0.04,0.04,grams,,,0.97982,0.04,grams
FV0401A - Pulled chicken with cheddar and bacon [BNL],REC-013941-4-008,Sauce - Crack Chicken Cheese Mix,SUB-013714-4-001,50,grams,PLANETARY MIXER,,,,,,,,,,,,,,,,"FA-DE Cheese, Cream, 13% Fat (Milk) /Käse, Sahne, 13% Fett",DAI-00-139122-3,22.98,22.98,grams,MILCH (EINSCHLIESSLICH LAKTOSE),,0.98,22.98,grams
FV0401A - Pulled chicken with cheddar and bacon [BNL],REC-013941-4-008,Sauce - Crack Chicken Cheese Mix,SUB-013714-4-001,50,grams,PLANETARY MIXER,,,,,,,,,,,,,,,,"FA-DE Cheese, Red Cheddar/Käse, Roter Cheddar",DAI-00-139129-3,18.39,18.39,grams,MILCH (EINSCHLIESSLICH LAKTOSE),,0.98,18.39,grams
FV0401A - Pulled chicken with cheddar and bacon [BNL],REC-013941-4-008,Sauce - Crack Chicken Cheese Mix,SUB-013714-4-001,50,grams,PLANETARY MIXER,,,,,,,,,,,,,,,,"FA-DE Oil, Olive /Öl, Olivenöl",PRO-00-139277-5,6.89,6.89,grams,,,0.98,6.89,grams
FV0401A - Pulled chicken with cheddar and bacon [BNL],REC-013941-4-008,Shredded chicken - Keto Crack Chicken Thigh Batch,SUB-013715-4-001,140,grams,"BLAST CHILLER, HOT SHREDDER, MARINADE, OVEN",Shredded Chicken Thighs - BRINED,SUB-013398-4-001,156.9,grams,BRINE,,,,,,,,,,,FA-DE Water / Wasser,OTH-00-144038-5,156.9,156.9,grams,,,0.4978,156.9,grams
FV0401A - Pulled chicken with cheddar and bacon [BNL],REC-013941-4-008,Shredded chicken - Keto Crack Chicken Thigh Batch,SUB-013715-4-001,140,grams,"BLAST CHILLER, HOT SHREDDER, MARINADE, OVEN",Shredded Chicken Thighs - BRINED,SUB-013398-4-001,156.9,grams,BRINE,,,,,,,,,,,"FA-DE Spice, Sea Salt /Gewürze, Meersalz",SPI-00-139378-5,1.38,1.38,grams,,,0.4978,1.38,grams
FV0401A - Pulled chicken with cheddar and bacon [BNL],REC-013941-4-008,Shredded chicken - Keto Crack Chicken Thigh Batch,SUB-013715-4-001,140,grams,"BLAST CHILLER, HOT SHREDDER, MARINADE, OVEN",Shredded Chicken Thighs - BRINED,SUB-013398-4-001,156.9,grams,BRINE,,,,,,,,,,,"FA-DE Chicken, Thighs, Boneless Skinless /Hähnchen, Oberschenkel, ohne Knochen und ohne Haut",PTN-00-139343-3,156.9,156.9,grams,,,0.4978,156.9,grams
FV0401A - Pulled chicken with cheddar and bacon [BNL],REC-013941-4-008,Shredded chicken - Keto Crack Chicken Thigh Batch,SUB-013715-4-001,140,grams,"BLAST CHILLER, HOT SHREDDER, MARINADE, OVEN",,,,,,,,,,,,,,,,FA-DE Reserved Braising Liquid / Zurückgehaltene Schmorfllüssigkeit,PRO-00-144041-3,41.06,41.06,grams,,,0.6309,41.06,grams
FV0401A - Pulled chicken with cheddar and bacon [BNL],REC-013941-4-008,Shredded chicken - Keto Crack Chicken Thigh Batch,SUB-013715-4-001,140,grams,"BLAST CHILLER, HOT SHREDDER, MARINADE, OVEN",DRY Ranch Seasoning,SUB-013480-4-001,1.71,grams,"HAND MIX, SPICE PORTIONING",,,,,,,,,,,"FA-DE Spice, Buttermilk Powder/Gewürz, Buttermilchpulver",SPI-00-151139-5,1.06,1.06,grams,MILCH (EINSCHLIESSLICH LAKTOSE),,0.97982,1.06,grams
FV0401A - Pulled chicken with cheddar and bacon [BNL],REC-013941-4-008,Shredded chicken - Keto Crack Chicken Thigh Batch,SUB-013715-4-001,140,grams,"BLAST CHILLER, HOT SHREDDER, MARINADE, OVEN",DRY Ranch Seasoning,SUB-013480-4-001,1.71,grams,"HAND MIX, SPICE PORTIONING",,,,,,,,,,,"FA-DE Spice, Garlic Granulated /Gewürz, Knoblauch granuliert",SPI-00-139353-5,0.22,0.22,grams,,,0.97982,0.22,grams
FV0401A - Pulled chicken with cheddar and bacon [BNL],REC-013941-4-008,Shredded chicken - Keto Crack Chicken Thigh Batch,SUB-013715-4-001,140,grams,"BLAST CHILLER, HOT SHREDDER, MARINADE, OVEN",DRY Ranch Seasoning,SUB-013480-4-001,1.71,grams,"HAND MIX, SPICE PORTIONING",,,,,,,,,,,"FA-DE Spice, Onion Granulated /Gewürze, Zwiebeln granuliert",SPI-00-139370-5,0.19,0.19,grams,,,0.97982,0.19,grams
FV0401A - Pulled chicken with cheddar and bacon [BNL],REC-013941-4-008,Shredded chicken - Keto Crack Chicken Thigh Batch,SUB-013715-4-001,140,grams,"BLAST CHILLER, HOT SHREDDER, MARINADE, OVEN",DRY Ranch Seasoning,SUB-013480-4-001,1.71,grams,"HAND MIX, SPICE PORTIONING",,,,,,,,,,,"FA-DE Spice, Black Pepper, Ground /Gewürz, schwarzer Pfeffer, gemahlen",SPI-00-139334-5,0.11,0.11,grams,,,0.97982,0.11,grams
FV0401A - Pulled chicken with cheddar and bacon [BNL],REC-013941-4-008,Shredded chicken - Keto Crack Chicken Thigh Batch,SUB-013715-4-001,140,grams,"BLAST CHILLER, HOT SHREDDER, MARINADE, OVEN",DRY Ranch Seasoning,SUB-013480-4-001,1.71,grams,"HAND MIX, SPICE PORTIONING",,,,,,,,,,,"FA-DE Spice, Dill Dried /Gewürz, Dill getrocknet",SPI-00-139349-5,0.07,0.07,grams,,,0.97982,0.07,grams
FV0401A - Pulled chicken with cheddar and bacon [BNL],REC-013941-4-008,Shredded chicken - Keto Crack Chicken Thigh Batch,SUB-013715-4-001,140,grams,"BLAST CHILLER, HOT SHREDDER, MARINADE, OVEN",DRY Ranch Seasoning,SUB-013480-4-001,1.71,grams,"HAND MIX, SPICE PORTIONING",,,,,,,,,,,"FA-DE Chives, Dried /Schnittlauch, getrocknet",SPI-00-139322-5,0.07,0.07,grams,,,0.97982,0.07,grams
FV0401A - Pulled chicken with cheddar and bacon [BNL],REC-013941-4-008,Shredded chicken - Keto Crack Chicken Thigh Batch,SUB-013715-4-001,140,grams,"BLAST CHILLER, HOT SHREDDER, MARINADE, OVEN",DRY Ranch Seasoning,SUB-013480-4-001,1.71,grams,"HAND MIX, SPICE PORTIONING",,,,,,,,,,,"FA-DE Spice, Parsley Dried /Gewürze, getrocknete Petersilie",SPI-00-139374-5,0.03,0.03,grams,,,0.97982,0.03,grams
FV0401A - Pulled chicken with cheddar and bacon [BNL],REC-013941-4-008,Shredded chicken - Keto Crack Chicken Thigh Batch,SUB-013715-4-001,140,grams,"BLAST CHILLER, HOT SHREDDER, MARINADE, OVEN",Dry Ranch Marinade,SUB-031652-4-001,22.24,grams,IMMERSION BLENDER,Roasted Garlic (use),SUB-013367-4-001,1.75,grams,"BLAST CHILLER, BRAISER, SPICE PORTIONING",,,,,,"FA-DE Garlic, Peeled, Whole Cloves [10kg] /Knoblauch, geschält, ganze Nelken [10kg]",PHF-00-139197-3,1.76,1.76,grams,,,0.56691,1.76,grams
FV0401A - Pulled chicken with cheddar and bacon [BNL],REC-013941-4-008,Shredded chicken - Keto Crack Chicken Thigh Batch,SUB-013715-4-001,140,grams,"BLAST CHILLER, HOT SHREDDER, MARINADE, OVEN",Dry Ranch Marinade,SUB-031652-4-001,22.24,grams,IMMERSION BLENDER,Roasted Garlic (use),SUB-013367-4-001,1.75,grams,"BLAST CHILLER, BRAISER, SPICE PORTIONING",,,,,,"FA-DE Oil, Olive /Öl, Olivenöl",PRO-00-139277-5,1.32,1.32,grams,,,0.56691,1.32,grams
FV0401A - Pulled chicken with cheddar and bacon [BNL],REC-013941-4-008,Shredded chicken - Keto Crack Chicken Thigh Batch,SUB-013715-4-001,140,grams,"BLAST CHILLER, HOT SHREDDER, MARINADE, OVEN",Dry Ranch Marinade,SUB-031652-4-001,22.24,grams,IMMERSION BLENDER,DRY Ranch Seasoning,SUB-013480-4-001,3.49,grams,"HAND MIX, SPICE PORTIONING",,,,,,"FA-DE Spice, Buttermilk Powder/Gewürz, Buttermilchpulver",SPI-00-151139-5,2.15,2.15,grams,MILCH (EINSCHLIESSLICH LAKTOSE),,0.97982,2.15,grams
FV0401A - Pulled chicken with cheddar and bacon [BNL],REC-013941-4-008,Shredded chicken - Keto Crack Chicken Thigh Batch,SUB-013715-4-001,140,grams,"BLAST CHILLER, HOT SHREDDER, MARINADE, OVEN",Dry Ranch Marinade,SUB-031652-4-001,22.24,grams,IMMERSION BLENDER,DRY Ranch Seasoning,SUB-013480-4-001,3.49,grams,"HAND MIX, SPICE PORTIONING",,,,,,"FA-DE Spice, Garlic Granulated /Gewürz, Knoblauch granuliert",SPI-00-139353-5,0.45,0.45,grams,,,0.97982,0.45,grams
FV0401A - Pulled chicken with cheddar and bacon [BNL],REC-013941-4-008,Shredded chicken - Keto Crack Chicken Thigh Batch,SUB-013715-4-001,140,grams,"BLAST CHILLER, HOT SHREDDER, MARINADE, OVEN",Dry Ranch Marinade,SUB-031652-4-001,22.24,grams,IMMERSION BLENDER,DRY Ranch Seasoning,SUB-013480-4-001,3.49,grams,"HAND MIX, SPICE PORTIONING",,,,,,"FA-DE Spice, Onion Granulated /Gewürze, Zwiebeln granuliert",SPI-00-139370-5,0.4,0.4,grams,,,0.97982,0.4,grams
FV0401A - Pulled chicken with cheddar and bacon [BNL],REC-013941-4-008,Shredded chicken - Keto Crack Chicken Thigh Batch,SUB-013715-4-001,140,grams,"BLAST CHILLER, HOT SHREDDER, MARINADE, OVEN",Dry Ranch Marinade,SUB-031652-4-001,22.24,grams,IMMERSION BLENDER,DRY Ranch Seasoning,SUB-013480-4-001,3.49,grams,"HAND MIX, SPICE PORTIONING",,,,,,"FA-DE Spice, Black Pepper, Ground /Gewürz, schwarzer Pfeffer, gemahlen",SPI-00-139334-5,0.23,0.23,grams,,,0.97982,0.23,grams
FV0401A - Pulled chicken with cheddar and bacon [BNL],REC-013941-4-008,Shredded chicken - Keto Crack Chicken Thigh Batch,SUB-013715-4-001,140,grams,"BLAST CHILLER, HOT SHREDDER, MARINADE, OVEN",Dry Ranch Marinade,SUB-031652-4-001,22.24,grams,IMMERSION BLENDER,DRY Ranch Seasoning,SUB-013480-4-001,3.49,grams,"HAND MIX, SPICE PORTIONING",,,,,,"FA-DE Spice, Dill Dried /Gewürz, Dill getrocknet",SPI-00-139349-5,0.14,0.14,grams,,,0.97982,0.14,grams
FV0401A - Pulled chicken with cheddar and bacon [BNL],REC-013941-4-008,Shredded chicken - Keto Crack Chicken Thigh Batch,SUB-013715-4-001,140,grams,"BLAST CHILLER, HOT SHREDDER, MARINADE, OVEN",Dry Ranch Marinade,SUB-031652-4-001,22.24,grams,IMMERSION BLENDER,DRY Ranch Seasoning,SUB-013480-4-001,3.49,grams,"HAND MIX, SPICE PORTIONING",,,,,,"FA-DE Chives, Dried /Schnittlauch, getrocknet",SPI-00-139322-5,0.14,0.14,grams,,,0.97982,0.14,grams
FV0401A - Pulled chicken with cheddar and bacon [BNL],REC-013941-4-008,Shredded chicken - Keto Crack Chicken Thigh Batch,SUB-013715-4-001,140,grams,"BLAST CHILLER, HOT SHREDDER, MARINADE, OVEN",Dry Ranch Marinade,SUB-031652-4-001,22.24,grams,IMMERSION BLENDER,DRY Ranch Seasoning,SUB-013480-4-001,3.49,grams,"HAND MIX, SPICE PORTIONING",,,,,,"FA-DE Spice, Parsley Dried /Gewürze, getrocknete Petersilie",SPI-00-139374-5,0.06,0.06,grams,,,0.97982,0.06,grams
FV0401A - Pulled chicken with cheddar and bacon [BNL],REC-013941-4-008,Shredded chicken - Keto Crack Chicken Thigh Batch,SUB-013715-4-001,140,grams,"BLAST CHILLER, HOT SHREDDER, MARINADE, OVEN",Dry Ranch Marinade,SUB-031652-4-001,22.24,grams,IMMERSION BLENDER,,,,,,,,,,,"FA-DE Oil, Olive /Öl, Olivenöl",PRO-00-139277-5,17.46,17.46,grams,,,0.97998,17.46,grams
FV0401A - Pulled chicken with cheddar and bacon [BNL],REC-013941-4-008,Extra Crispy Diced Bacon,SUB-013468-4-001,10,grams,"BLAST CHILLER, DRAIN, OVEN",,,,,,,,,,,,,,,,"FA-DE Bacon, Diced /Speck, gewürfelt",PTN-00-139306-3,27.22,27.22,grams,,,0.36735,27.22,grams
FV0401A - Pulled chicken with cheddar and bacon [BNL],REC-013941-4-008,Roasted Green Onions,SUB-023370-4-001,10,grams,"BLAST CHILLER, OVEN",,,,,,,,,,,,,,,,"FA-DE Onion, Green, Sliced 5mm /Zwiebel, grün, in Scheiben geschnitten, 5 mm",PHF-00-149803-3,12.91,12.91,grams,,,0.77467,12.91,grams
FV0401A - Pulled chicken with cheddar and bacon [BNL],REC-013941-4-008,,,,,,,,,,,,,,,,,,,,,"FA-DE Cheese, White Cheddar, Shredded /Käse, weißer Cheddar, gerieben",DAI-00-139135-3,10,10,grams,MILCH (EINSCHLIESSLICH LAKTOSE),,,10,grams
FV0401A - Pulled chicken with cheddar and bacon [BNL],REC-013941-4-008,Garlic Broccoli - less salt,SUB-014208-4-002,55,grams,"BLAST CHILLER, OVEN",,,,,,,,,,,,,,,,"FA-DE Spice, Sea Salt /Gewürze, Meersalz",SPI-00-139378-5,0.19,0.19,grams,,,0.77149,0.19,grams
FV0401A - Pulled chicken with cheddar and bacon [BNL],REC-013941-4-008,Garlic Broccoli - less salt,SUB-014208-4-002,55,grams,"BLAST CHILLER, OVEN",,,,,,,,,,,,,,,,"FA-DE Broccoli, Florets, /Brokkoli, Röschen",PHF-00-143425-3,64.35,64.35,grams,,,0.77149,64.35,grams
FV0401A - Pulled chicken with cheddar and bacon [BNL],REC-013941-4-008,Garlic Broccoli - less salt,SUB-014208-4-002,55,grams,"BLAST CHILLER, OVEN",,,,,,,,,,,,,,,,"FA-DE Oil, Olive /Öl, Olivenöl",PRO-00-139277-5,3.37,3.37,grams,,,0.77149,3.37,grams
FV0401A - Pulled chicken with cheddar and bacon [BNL],REC-013941-4-008,Garlic Broccoli - less salt,SUB-014208-4-002,55,grams,"BLAST CHILLER, OVEN",Roasted Garlic (use),SUB-013367-4-001,3.38,grams,"BLAST CHILLER, BRAISER, SPICE PORTIONING",,,,,,,,,,,"FA-DE Garlic, Peeled, Whole Cloves [10kg] /Knoblauch, geschält, ganze Nelken [10kg]",PHF-00-139197-3,3.4,3.4,grams,,,0.56691,3.4,grams
FV0401A - Pulled chicken with cheddar and bacon [BNL],REC-013941-4-008,Garlic Broccoli - less salt,SUB-014208-4-002,55,grams,"BLAST CHILLER, OVEN",Roasted Garlic (use),SUB-013367-4-001,3.38,grams,"BLAST CHILLER, BRAISER, SPICE PORTIONING",,,,,,,,,,,"FA-DE Oil, Olive /Öl, Olivenöl",PRO-00-139277-5,2.55,2.55,grams,,,0.56691,2.55,grams
FV0401A - Pulled chicken with cheddar and bacon [BNL],REC-013941-4-008,Portobello - CBRSC Roasted Portobello's,SUB-013717-4-001,55,grams,"BLAST CHILLER, OVEN",Roasted Garlic (use),SUB-013367-4-001,1.54,grams,"BLAST CHILLER, BRAISER, SPICE PORTIONING",,,,,,,,,,,"FA-DE Garlic, Peeled, Whole Cloves [10kg] /Knoblauch, geschält, ganze Nelken [10kg]",PHF-00-139197-3,1.56,1.56,grams,,,0.56691,1.56,grams
FV0401A - Pulled chicken with cheddar and bacon [BNL],REC-013941-4-008,Portobello - CBRSC Roasted Portobello's,SUB-013717-4-001,55,grams,"BLAST CHILLER, OVEN",Roasted Garlic (use),SUB-013367-4-001,1.54,grams,"BLAST CHILLER, BRAISER, SPICE PORTIONING",,,,,,,,,,,"FA-DE Oil, Olive /Öl, Olivenöl",PRO-00-139277-5,1.17,1.17,grams,,,0.56691,1.17,grams
FV0401A - Pulled chicken with cheddar and bacon [BNL],REC-013941-4-008,Portobello - CBRSC Roasted Portobello's,SUB-013717-4-001,55,grams,"BLAST CHILLER, OVEN",,,,,,,,,,,,,,,,"FA-DE Thyme, IQF /Thymian, IQF",PHF-00-139244-1,0.31,0.31,grams,,,0.61956,0.31,grams
FV0401A - Pulled chicken with cheddar and bacon [BNL],REC-013941-4-008,Portobello - CBRSC Roasted Portobello's,SUB-013717-4-001,55,grams,"BLAST CHILLER, OVEN",,,,,,,,,,,,,,,,"FA-DE Spice, Sea Salt /Gewürze, Meersalz",SPI-00-139378-5,0.39,0.39,grams,,,0.61956,0.39,grams
FV0401A - Pulled chicken with cheddar and bacon [BNL],REC-013941-4-008,Portobello - CBRSC Roasted Portobello's,SUB-013717-4-001,55,grams,"BLAST CHILLER, OVEN",,,,,,,,,,,,,,,,"FA-DE Spice, Black Pepper, Ground /Gewürz, schwarzer Pfeffer, gemahlen",SPI-00-139334-5,0.31,0.31,grams,,,0.61956,0.31,grams
FV0401A - Pulled chicken with cheddar and bacon [BNL],REC-013941-4-008,Portobello - CBRSC Roasted Portobello's,SUB-013717-4-001,55,grams,"BLAST CHILLER, OVEN",,,,,,,,,,,,,,,,"FA-DE Oil, Olive /Öl, Olivenöl",PRO-00-139277-5,6.18,6.18,grams,,,0.61956,6.18,grams
FV0401A - Pulled chicken with cheddar and bacon [BNL],REC-013941-4-008,Portobello - CBRSC Roasted Portobello's,SUB-013717-4-001,55,grams,"BLAST CHILLER, OVEN",,,,,,,,,,,,,,,,"FA-DE Mushroom, Portobello, Sliced, Washed /Pilze, Portobello, in Scheiben geschnitten, gewaschen",PHF-00-139207-3,80.05,80.05,grams,,,0.61956,80.05,grams
FV0402A - Spicy jalapeño bowl with beef  [BNL],REC-013885-4-005,Jalapeno Roasted Zucchini,SUB-013881-4-001,80,grams,"BLAST CHILLER, BRAISER, SPICE PORTIONING",,,,,,,,,,,,,,,,"FA-DE Spice, Sea Salt /Gewürze, Meersalz",SPI-00-139378-5,0.72,0.72,grams,,,0.7804,0.72,grams
FV0402A - Spicy jalapeño bowl with beef  [BNL],REC-013885-4-005,Jalapeno Roasted Zucchini,SUB-013881-4-001,80,grams,"BLAST CHILLER, BRAISER, SPICE PORTIONING",Roasted Garlic oil,SUB-013367-4-002,2.03,grams,"BLAST CHILLER, OVEN",,,,,,,,,,,"FA-DE Garlic, Peeled, Whole Cloves [10kg] /Knoblauch, geschält, ganze Nelken [10kg]",PHF-00-139197-3,2.79,2.79,grams,,,0.415,2.79,grams
FV0402A - Spicy jalapeño bowl with beef  [BNL],REC-013885-4-005,Jalapeno Roasted Zucchini,SUB-013881-4-001,80,grams,"BLAST CHILLER, BRAISER, SPICE PORTIONING",Roasted Garlic oil,SUB-013367-4-002,2.03,grams,"BLAST CHILLER, OVEN",,,,,,,,,,,"FA-DE Oil, Olive /Öl, Olivenöl",PRO-00-139277-5,2.1,2.1,grams,,,0.415,2.1,grams
FV0402A - Spicy jalapeño bowl with beef  [BNL],REC-013885-4-005,Jalapeno Roasted Zucchini,SUB-013881-4-001,80,grams,"BLAST CHILLER, BRAISER, SPICE PORTIONING",,,,,,,,,,,,,,,,"FA-DE Spice, Cumin Ground /Gewürz, gemahlener Kreuzkümmel",SPI-00-139345-5,0.22,0.22,grams,,,0.7804,0.22,grams
FV0402A - Spicy jalapeño bowl with beef  [BNL],REC-013885-4-005,Jalapeno Roasted Zucchini,SUB-013881-4-001,80,grams,"BLAST CHILLER, BRAISER, SPICE PORTIONING",,,,,,,,,,,,,,,,"FA-DE Zucchini, Diced 10mm /Zucchini, gewürfelt 10 mm",PHF-00-139229-3,99.26,99.26,grams,,,0.7804,99.26,grams
FV0402A - Spicy jalapeño bowl with beef  [BNL],REC-013885-4-005,Jalapeno Roasted Zucchini,SUB-013881-4-001,80,grams,"BLAST CHILLER, BRAISER, SPICE PORTIONING",,,,,,,,,,,,,,,,"FA-DE Spice, Jalapeno Powder /Gewürz, Jalapeno-Pulver",SPI-00-139360-5,0.28,0.28,grams,,,0.7804,0.28,grams
FV0402A - Spicy jalapeño bowl with beef  [BNL],REC-013885-4-005,Keto Jalapeno - Cilantro Ground beef,SUB-013882-4-001,130,grams,"BLAST CHILLER, BRAISER, IMMERSION BLENDER, SPICE PORTIONING",Ground Beef - cooked,SUB-013435-4-001,154.55,grams,"BLAST CHILLER, BRAISER",,,,,,,,,,,"FA-DE Beef, Ground, 80/20 /Rindfleisch, gemahlen, 80/20",PTN-00-139319-3,216.67,216.67,grams,,,0.71328,216.67,grams
FV0402A - Spicy jalapeño bowl with beef  [BNL],REC-013885-4-005,Keto Jalapeno - Cilantro Ground beef,SUB-013882-4-001,130,grams,"BLAST CHILLER, BRAISER, IMMERSION BLENDER, SPICE PORTIONING",Keto Jalapeno - Cilantro Ground beef - Inclusions,SUB-013882-4-002,39.03,grams,"BLAST CHILLER, BRAISER, SPICE PORTIONING",,,,,,,,,,,"FA-DE Bell Peppers, Green, Diced 10mm /Paprika, grün, gewürfelt 10 mm",PHF-00-139176-3,16.28,16.28,grams,,,0.95,16.28,grams
FV0402A - Spicy jalapeño bowl with beef  [BNL],REC-013885-4-005,Keto Jalapeno - Cilantro Ground beef,SUB-013882-4-001,130,grams,"BLAST CHILLER, BRAISER, IMMERSION BLENDER, SPICE PORTIONING",Keto Jalapeno - Cilantro Ground beef - Inclusions,SUB-013882-4-002,39.03,grams,"BLAST CHILLER, BRAISER, SPICE PORTIONING",,,,,,,,,,,"FA-DE Coriander, Chopped /Koriander, gehackt",PHF-00-139192-3,5.43,5.43,grams,,,0.95,5.43,grams
FV0402A - Spicy jalapeño bowl with beef  [BNL],REC-013885-4-005,Keto Jalapeno - Cilantro Ground beef,SUB-013882-4-001,130,grams,"BLAST CHILLER, BRAISER, IMMERSION BLENDER, SPICE PORTIONING",Keto Jalapeno - Cilantro Ground beef - Inclusions,SUB-013882-4-002,39.03,grams,"BLAST CHILLER, BRAISER, SPICE PORTIONING",,,,,,,,,,,"FA-DE Oil, Olive /Öl, Olivenöl",PRO-00-139277-5,2.71,2.71,grams,,,0.95,2.71,grams
FV0402A - Spicy jalapeño bowl with beef  [BNL],REC-013885-4-005,Keto Jalapeno - Cilantro Ground beef,SUB-013882-4-001,130,grams,"BLAST CHILLER, BRAISER, IMMERSION BLENDER, SPICE PORTIONING",Keto Jalapeno - Cilantro Ground beef - Inclusions,SUB-013882-4-002,39.03,grams,"BLAST CHILLER, BRAISER, SPICE PORTIONING",,,,,,,,,,,"FA-DE Spice, Jalapeno Powder /Gewürz, Jalapeno-Pulver",SPI-00-139360-5,0.27,0.27,grams,,,0.95,0.27,grams
FV0402A - Spicy jalapeño bowl with beef  [BNL],REC-013885-4-005,Keto Jalapeno - Cilantro Ground beef,SUB-013882-4-001,130,grams,"BLAST CHILLER, BRAISER, IMMERSION BLENDER, SPICE PORTIONING",Keto Jalapeno - Cilantro Ground beef - Inclusions,SUB-013882-4-002,39.03,grams,"BLAST CHILLER, BRAISER, SPICE PORTIONING",,,,,,,,,,,"FA-DE Spice, Cumin Ground /Gewürz, gemahlener Kreuzkümmel",SPI-00-139345-5,1.41,1.41,grams,,,0.95,1.41,grams
FV0402A - Spicy jalapeño bowl with beef  [BNL],REC-013885-4-005,Keto Jalapeno - Cilantro Ground beef,SUB-013882-4-001,130,grams,"BLAST CHILLER, BRAISER, IMMERSION BLENDER, SPICE PORTIONING",Keto Jalapeno - Cilantro Ground beef - Inclusions,SUB-013882-4-002,39.03,grams,"BLAST CHILLER, BRAISER, SPICE PORTIONING",,,,,,,,,,,"FA-DE Spice, Crushed Red Pepper Flakes /Gewürz, zerkleinerte rote Pfefferflocken",SPI-00-139344-5,0.05,0.05,grams,,,0.95,0.05,grams
FV0402A - Spicy jalapeño bowl with beef  [BNL],REC-013885-4-005,Keto Jalapeno - Cilantro Ground beef,SUB-013882-4-001,130,grams,"BLAST CHILLER, BRAISER, IMMERSION BLENDER, SPICE PORTIONING",Keto Jalapeno - Cilantro Ground beef - Inclusions,SUB-013882-4-002,39.03,grams,"BLAST CHILLER, BRAISER, SPICE PORTIONING",,,,,,,,,,,"FA-DE Jalapeno Peppers, Diced 5mm /Jalapeno-Paprikaschoten, gewürfelt, 5 mm",PHF-00-139201-3,10.85,10.85,grams,,,0.95,10.85,grams
FV0402A - Spicy jalapeño bowl with beef  [BNL],REC-013885-4-005,Keto Jalapeno - Cilantro Ground beef,SUB-013882-4-001,130,grams,"BLAST CHILLER, BRAISER, IMMERSION BLENDER, SPICE PORTIONING",Keto Jalapeno - Cilantro Ground beef - Inclusions,SUB-013882-4-002,39.03,grams,"BLAST CHILLER, BRAISER, SPICE PORTIONING",,,,,,,,,,,"FA-DE Spice, Garlic Granulated /Gewürz, Knoblauch granuliert",SPI-00-139353-5,1.36,1.36,grams,,,0.95,1.36,grams
FV0402A - Spicy jalapeño bowl with beef  [BNL],REC-013885-4-005,Keto Jalapeno - Cilantro Ground beef,SUB-013882-4-001,130,grams,"BLAST CHILLER, BRAISER, IMMERSION BLENDER, SPICE PORTIONING",Keto Jalapeno - Cilantro Ground beef - Inclusions,SUB-013882-4-002,39.03,grams,"BLAST CHILLER, BRAISER, SPICE PORTIONING",,,,,,,,,,,"FA-DE Spice, Sea Salt /Gewürze, Meersalz",SPI-00-139378-5,1.36,1.36,grams,,,0.95,1.36,grams
FV0402A - Spicy jalapeño bowl with beef  [BNL],REC-013885-4-005,Keto Jalapeno - Cilantro Ground beef,SUB-013882-4-001,130,grams,"BLAST CHILLER, BRAISER, IMMERSION BLENDER, SPICE PORTIONING",Keto Jalapeno - Cilantro Ground beef - Inclusions,SUB-013882-4-002,39.03,grams,"BLAST CHILLER, BRAISER, SPICE PORTIONING",,,,,,,,,,,"FA-DE Spice, Oregano Dry /Gewürz, Oregano trocken",SPI-00-139372-5,0.02,0.02,grams,,,0.95,0.02,grams
FV0402A - Spicy jalapeño bowl with beef  [BNL],REC-013885-4-005,Keto Jalapeno - Cilantro Ground beef,SUB-013882-4-001,130,grams,"BLAST CHILLER, BRAISER, IMMERSION BLENDER, SPICE PORTIONING",Keto Jalapeno - Cilantro Ground beef - Inclusions,SUB-013882-4-002,39.03,grams,"BLAST CHILLER, BRAISER, SPICE PORTIONING",,,,,,,,,,,"FA-DE Spice, Onion Granulated /Gewürze, Zwiebeln granuliert",SPI-00-139370-5,1.36,1.36,grams,,,0.95,1.36,grams
FV0402A - Spicy jalapeño bowl with beef  [BNL],REC-013885-4-005,,,,,,,,,,,,,,,,,,,,,"FA-DE Cheese, Mozzarella, Shredded /Käse, Mozzarella, gerieben",DAI-00-139125-3,15,15,grams,MILCH (EINSCHLIESSLICH LAKTOSE),,,15,grams
FV0402A - Spicy jalapeño bowl with beef  [BNL],REC-013885-4-005,Roasted Green and Red Bell Peppers - Diced - reduced salt,SUB-013883-4-001,35,grams,"BLAST CHILLER, OVEN",,,,,,,,,,,,,,,,"FA-DE Oil, Olive /Öl, Olivenöl",PRO-00-139277-5,0.61,0.61,grams,,,0.79997,0.61,grams
FV0402A - Spicy jalapeño bowl with beef  [BNL],REC-013885-4-005,Roasted Green and Red Bell Peppers - Diced - reduced salt,SUB-013883-4-001,35,grams,"BLAST CHILLER, OVEN",,,,,,,,,,,,,,,,"FA-DE Bell Peppers, Green, Diced 10mm /Paprika, grün, gewürfelt 10 mm",PHF-00-139176-3,21.49,21.49,grams,,,0.79997,21.49,grams
FV0402A - Spicy jalapeño bowl with beef  [BNL],REC-013885-4-005,Roasted Green and Red Bell Peppers - Diced - reduced salt,SUB-013883-4-001,35,grams,"BLAST CHILLER, OVEN",,,,,,,,,,,,,,,,"FA-DE Bell Peppers, Red, Diced 10mm /Paprika, rot, gewürfelt 10 mm",PHF-00-139179-3,21.49,21.49,grams,,,0.79997,21.49,grams
FV0402A - Spicy jalapeño bowl with beef  [BNL],REC-013885-4-005,Roasted Green and Red Bell Peppers - Diced - reduced salt,SUB-013883-4-001,35,grams,"BLAST CHILLER, OVEN",,,,,,,,,,,,,,,,"FA-DE Spice, Garlic Granulated /Gewürz, Knoblauch granuliert",SPI-00-139353-5,0.06,0.06,grams,,,0.79997,0.06,grams
FV0402A - Spicy jalapeño bowl with beef  [BNL],REC-013885-4-005,Roasted Green and Red Bell Peppers - Diced - reduced salt,SUB-013883-4-001,35,grams,"BLAST CHILLER, OVEN",,,,,,,,,,,,,,,,"FA-DE Spice, Sea Salt /Gewürze, Meersalz",SPI-00-139378-5,0.1,0.1,grams,,,0.79997,0.1,grams
FV0402A - Spicy jalapeño bowl with beef  [BNL],REC-013885-4-005,Mash - Bell pepper cauliflower mash - rice,SUB-013884-4-001,120,grams,"BLAST CHILLER, BRAISER, IMMERSION BLENDER, SPICE PORTIONING",,,,,,,,,,,,,,,,"FA-DE Butter, Unsalted /Butter, ungesalzen",DAI-00-139146-3,13.24,13.24,grams,MILCH (EINSCHLIESSLICH LAKTOSE),,0.89281,13.24,grams
FV0402A - Spicy jalapeño bowl with beef  [BNL],REC-013885-4-005,Mash - Bell pepper cauliflower mash - rice,SUB-013884-4-001,120,grams,"BLAST CHILLER, BRAISER, IMMERSION BLENDER, SPICE PORTIONING",,,,,,,,,,,,,,,,"FA-DE Cheese, White Cheddar, Shredded /Käse, weißer Cheddar, gerieben",DAI-00-139135-3,6.61,6.61,grams,MILCH (EINSCHLIESSLICH LAKTOSE),,0.89281,6.61,grams
FV0402A - Spicy jalapeño bowl with beef  [BNL],REC-013885-4-005,Mash - Bell pepper cauliflower mash - rice,SUB-013884-4-001,120,grams,"BLAST CHILLER, BRAISER, IMMERSION BLENDER, SPICE PORTIONING",,,,,,,,,,,,,,,,"FA-DE Cheese, Cream 22% Fat /Käse, Sahne 22% Fett",DAI-00-139128-3,16.55,16.55,grams,MILCH (EINSCHLIESSLICH LAKTOSE),,0.89281,16.55,grams
FV0402A - Spicy jalapeño bowl with beef  [BNL],REC-013885-4-005,Mash - Bell pepper cauliflower mash - rice,SUB-013884-4-001,120,grams,"BLAST CHILLER, BRAISER, IMMERSION BLENDER, SPICE PORTIONING",,,,,,,,,,,,,,,,"FA-DE Cheese, Parmesan, Grated /Käse, Parmesan, gerieben",DAI-00-139127-3,3.31,3.31,grams,MILCH (EINSCHLIESSLICH LAKTOSE),,0.89281,3.31,grams
FV0402A - Spicy jalapeño bowl with beef  [BNL],REC-013885-4-005,Mash - Bell pepper cauliflower mash - rice,SUB-013884-4-001,120,grams,"BLAST CHILLER, BRAISER, IMMERSION BLENDER, SPICE PORTIONING",Roasted Green Peppers - 10mm Diced,SUB-013734-4-002,11.94,grams,"BLAST CHILLER, OVEN",,,,,,,,,,,"FA-DE Onion, Green, Sliced 5mm /Zwiebel, grün, in Scheiben geschnitten, 5 mm",PHF-00-149803-3,6.24,6.24,grams,,,0.52971,6.24,grams
FV0402A - Spicy jalapeño bowl with beef  [BNL],REC-013885-4-005,Mash - Bell pepper cauliflower mash - rice,SUB-013884-4-001,120,grams,"BLAST CHILLER, BRAISER, IMMERSION BLENDER, SPICE PORTIONING",Roasted Green Peppers - 10mm Diced,SUB-013734-4-002,11.94,grams,"BLAST CHILLER, OVEN",,,,,,,,,,,"FA-DE Bell Peppers, Green, Diced 10mm /Paprika, grün, gewürfelt 10 mm",PHF-00-139176-3,15.62,15.62,grams,,,0.52971,15.62,grams
FV0402A - Spicy jalapeño bowl with beef  [BNL],REC-013885-4-005,Mash - Bell pepper cauliflower mash - rice,SUB-013884-4-001,120,grams,"BLAST CHILLER, BRAISER, IMMERSION BLENDER, SPICE PORTIONING",Roasted Green Peppers - 10mm Diced,SUB-013734-4-002,11.94,grams,"BLAST CHILLER, OVEN",,,,,,,,,,,"FA-DE Spice, Sea Salt /Gewürze, Meersalz",SPI-00-139378-5,0.68,0.68,grams,,,0.52971,0.68,grams
FV0402A - Spicy jalapeño bowl with beef  [BNL],REC-013885-4-005,Mash - Bell pepper cauliflower mash - rice,SUB-013884-4-001,120,grams,"BLAST CHILLER, BRAISER, IMMERSION BLENDER, SPICE PORTIONING",Steamed Cauliflower Rice,SUB-029075-4-001,82.75,grams,OVEN,,,,,,,,,,,"FA-DE Cauliflower, Riced, IQF /Blumenkohl, Reis, IQF",PHF-00-139233-1,87.14,87.14,grams,,,0.94962,87.14,grams
FV0402A - Spicy jalapeño bowl with beef  [BNL],REC-013885-4-005,Roasted Green Onions,SUB-023370-4-001,5,grams,"BLAST CHILLER, OVEN",,,,,,,,,,,,,,,,"FA-DE Onion, Green, Sliced 5mm /Zwiebel, grün, in Scheiben geschnitten, 5 mm",PHF-00-149803-3,6.45,6.45,grams,,,0.77467,6.45,grams
FV0426A - Potato Leek Mash & Grilled Chicken [DE],REC-013840-4-004,Chicken breast - Herb Grilled Chicken Breast,SUB-013545-4-001,1,each,"BLAST CHILLER, GRILL, MARINADE, OVEN",Chicken Breast - BRINED 160g,SUB-013527-4-001,160,grams,BRINE,,,,,,,,,,,"FA-DE Chicken, Breast, B/S - 160g/Hähnchen, Brust, B/S – 160 g",PTN-00-139317-3,160,160,grams,,,0.4978,160,grams
FV0426A - Potato Leek Mash & Grilled Chicken [DE],REC-013840-4-004,Chicken breast - Herb Grilled Chicken Breast,SUB-013545-4-001,1,each,"BLAST CHILLER, GRILL, MARINADE, OVEN",Chicken Breast - BRINED 160g,SUB-013527-4-001,160,grams,BRINE,,,,,,,,,,,FA-DE Water / Wasser,OTH-00-144038-5,160,160,grams,,,0.4978,160,grams
FV0426A - Potato Leek Mash & Grilled Chicken [DE],REC-013840-4-004,Chicken breast - Herb Grilled Chicken Breast,SUB-013545-4-001,1,each,"BLAST CHILLER, GRILL, MARINADE, OVEN",Chicken Breast - BRINED 160g,SUB-013527-4-001,160,grams,BRINE,,,,,,,,,,,"FA-DE Spice, Sea Salt /Gewürze, Meersalz",SPI-00-139378-5,1.41,1.41,grams,,,0.4978,1.41,grams
FV0426A - Potato Leek Mash & Grilled Chicken [DE],REC-013840-4-004,Chicken breast - Herb Grilled Chicken Breast,SUB-013545-4-001,1,each,"BLAST CHILLER, GRILL, MARINADE, OVEN",Herb marinade for Herb grilled Chicken Breast,SUB-031653-4-001,6.24,grams,UNCATEGORIZED BOM,,,,,,,,,,,"FA-DE Spice, Sea Salt /Gewürze, Meersalz",SPI-00-139378-5,0.12,0.12,grams,,,0.99679,0.12,grams
FV0426A - Potato Leek Mash & Grilled Chicken [DE],REC-013840-4-004,Chicken breast - Herb Grilled Chicken Breast,SUB-013545-4-001,1,each,"BLAST CHILLER, GRILL, MARINADE, OVEN",Herb marinade for Herb grilled Chicken Breast,SUB-031653-4-001,6.24,grams,UNCATEGORIZED BOM,Roasted Garlic oil,SUB-013367-4-002,6.02,grams,"BLAST CHILLER, OVEN",,,,,,"FA-DE Garlic, Peeled, Whole Cloves [10kg] /Knoblauch, geschält, ganze Nelken [10kg]",PHF-00-139197-3,8.29,8.29,grams,,,0.415,8.29,grams
FV0426A - Potato Leek Mash & Grilled Chicken [DE],REC-013840-4-004,Chicken breast - Herb Grilled Chicken Breast,SUB-013545-4-001,1,each,"BLAST CHILLER, GRILL, MARINADE, OVEN",Herb marinade for Herb grilled Chicken Breast,SUB-031653-4-001,6.24,grams,UNCATEGORIZED BOM,Roasted Garlic oil,SUB-013367-4-002,6.02,grams,"BLAST CHILLER, OVEN",,,,,,"FA-DE Oil, Olive /Öl, Olivenöl",PRO-00-139277-5,6.22,6.22,grams,,,0.415,6.22,grams
FV0426A - Potato Leek Mash & Grilled Chicken [DE],REC-013840-4-004,Chicken breast - Herb Grilled Chicken Breast,SUB-013545-4-001,1,each,"BLAST CHILLER, GRILL, MARINADE, OVEN",Herb marinade for Herb grilled Chicken Breast,SUB-031653-4-001,6.24,grams,UNCATEGORIZED BOM,,,,,,,,,,,"FA-DE Spice, Italian Seasoning /Gewürze, italienische Gewürze",SPI-00-139359-5,0.12,0.12,grams,,,0.99679,0.12,grams
FV0426A - Potato Leek Mash & Grilled Chicken [DE],REC-013840-4-004,Mash - Leek & Cream cheese Mashed Potatoes,SUB-013838-4-001,150,grams,"BLAST CHILLER, PLANETARY MIXER",,,,,,,,,,,,,,,,"FA-DE Spice, Black Pepper, Ground /Gewürz, schwarzer Pfeffer, gemahlen",SPI-00-139334-5,0.06,0.06,grams,,,0.92973,0.06,grams
FV0426A - Potato Leek Mash & Grilled Chicken [DE],REC-013840-4-004,Mash - Leek & Cream cheese Mashed Potatoes,SUB-013838-4-001,150,grams,"BLAST CHILLER, PLANETARY MIXER",Roasted Leeks with garlic,SUB-013837-4-001,10.95,grams,"BLAST CHILLER, OVEN",,,,,,,,,,,"FA-DE Oil, Olive /Öl, Olivenöl",PRO-00-139277-5,0.37,0.37,grams,,,0.7963,0.37,grams
FV0426A - Potato Leek Mash & Grilled Chicken [DE],REC-013840-4-004,Mash - Leek & Cream cheese Mashed Potatoes,SUB-013838-4-001,150,grams,"BLAST CHILLER, PLANETARY MIXER",Roasted Leeks with garlic,SUB-013837-4-001,10.95,grams,"BLAST CHILLER, OVEN",,,,,,,,,,,"FA-DE Spice, Sea Salt /Gewürze, Meersalz",SPI-00-139378-5,0.05,0.05,grams,,,0.7963,0.05,grams
FV0426A - Potato Leek Mash & Grilled Chicken [DE],REC-013840-4-004,Mash - Leek & Cream cheese Mashed Potatoes,SUB-013838-4-001,150,grams,"BLAST CHILLER, PLANETARY MIXER",Roasted Leeks with garlic,SUB-013837-4-001,10.95,grams,"BLAST CHILLER, OVEN",,,,,,,,,,,"FA-DE Garlic, IQF, Diced 4 mm /Knoblauch, IQF, gewürfelt 4 mm",PHF-00-139237-1,1.04,1.04,grams,SCHWEFELDIOXIDE UND SULFITE,,0.7963,1.04,grams
FV0426A - Potato Leek Mash & Grilled Chicken [DE],REC-013840-4-004,Mash - Leek & Cream cheese Mashed Potatoes,SUB-013838-4-001,150,grams,"BLAST CHILLER, PLANETARY MIXER",Roasted Leeks with garlic,SUB-013837-4-001,10.95,grams,"BLAST CHILLER, OVEN",,,,,,,,,,,"FA-DE Spice, Black Pepper, Ground /Gewürz, schwarzer Pfeffer, gemahlen",SPI-00-139334-5,0.07,0.07,grams,,,0.7963,0.07,grams
FV0426A - Potato Leek Mash & Grilled Chicken [DE],REC-013840-4-004,Mash - Leek & Cream cheese Mashed Potatoes,SUB-013838-4-001,150,grams,"BLAST CHILLER, PLANETARY MIXER",Roasted Leeks with garlic,SUB-013837-4-001,10.95,grams,"BLAST CHILLER, OVEN",,,,,,,,,,,"FA-DE Leek, Diced 5mm /Lauch, gewürfelt, 5 mm",PHF-00-139204-3,12.22,12.22,grams,,,0.7963,12.22,grams
FV0426A - Potato Leek Mash & Grilled Chicken [DE],REC-013840-4-004,Mash - Leek & Cream cheese Mashed Potatoes,SUB-013838-4-001,150,grams,"BLAST CHILLER, PLANETARY MIXER",,,,,,,,,,,,,,,,"FA-DE Cheese, Cream, 13% Fat (Milk) /Käse, Sahne, 13% Fett",DAI-00-139122-3,15.52,15.52,grams,MILCH (EINSCHLIESSLICH LAKTOSE),,0.92973,15.52,grams
FV0426A - Potato Leek Mash & Grilled Chicken [DE],REC-013840-4-004,Mash - Leek & Cream cheese Mashed Potatoes,SUB-013838-4-001,150,grams,"BLAST CHILLER, PLANETARY MIXER",,,,,,,,,,,,,,,,FA-DE Heavy Cream 35% /Sahne 35%,DAI-00-148167-3,3.1,3.1,grams,MILCH (EINSCHLIESSLICH LAKTOSE),,0.92973,3.1,grams
FV0426A - Potato Leek Mash & Grilled Chicken [DE],REC-013840-4-004,Mash - Leek & Cream cheese Mashed Potatoes,SUB-013838-4-001,150,grams,"BLAST CHILLER, PLANETARY MIXER",,,,,,,,,,,,,,,,"FA-DE Milk, Whole /Milch, voll",DAI-00-139142-3,6.21,6.21,grams,MILCH (EINSCHLIESSLICH LAKTOSE),,0.92973,6.21,grams
FV0426A - Potato Leek Mash & Grilled Chicken [DE],REC-013840-4-004,Mash - Leek & Cream cheese Mashed Potatoes,SUB-013838-4-001,150,grams,"BLAST CHILLER, PLANETARY MIXER",,,,,,,,,,,,,,,,"FA-DE Spice, Sea Salt /Gewürze, Meersalz",SPI-00-139378-5,0.78,0.78,grams,,,0.92973,0.78,grams
FV0426A - Potato Leek Mash & Grilled Chicken [DE],REC-013840-4-004,Mash - Leek & Cream cheese Mashed Potatoes,SUB-013838-4-001,150,grams,"BLAST CHILLER, PLANETARY MIXER",,,,,,,,,,,,,,,,"FA-DE Chives, Dried /Schnittlauch, getrocknet",SPI-00-139322-5,0.31,0.31,grams,,,0.92973,0.31,grams
FV0426A - Potato Leek Mash & Grilled Chicken [DE],REC-013840-4-004,Mash - Leek & Cream cheese Mashed Potatoes,SUB-013838-4-001,150,grams,"BLAST CHILLER, PLANETARY MIXER",Steamed Potato Batch,SUB-013509-4-001,111.68,grams,"BLAST CHILLER, OVEN",,,,,,,,,,,"FA-DE Potatoes, Diced 10mm /Kartoffeln, gewürfelt, 10 mm",PHF-00-139219-3,113.96,113.96,grams,,,0.98,113.96,grams
FV0426A - Potato Leek Mash & Grilled Chicken [DE],REC-013840-4-004,Mash - Leek & Cream cheese Mashed Potatoes,SUB-013838-4-001,150,grams,"BLAST CHILLER, PLANETARY MIXER",,,,,,,,,,,,,,,,FA-DE Sour Cream /Sauerrahm,DAI-00-139141-3,12.73,12.73,grams,MILCH (EINSCHLIESSLICH LAKTOSE),,0.92973,12.73,grams
FV0426A - Potato Leek Mash & Grilled Chicken [DE],REC-013840-4-004,Corn - S&P Roasty Corn Sauté - BRAISER,SUB-013839-4-001,65,grams,"BLAST CHILLER, BRAISER, SPICE PORTIONING",,,,,,,,,,,,,,,,"FA-DE Oil, Olive /Öl, Olivenöl",PRO-00-139277-5,1,1,grams,,,0.92167,1,grams
FV0426A - Potato Leek Mash & Grilled Chicken [DE],REC-013840-4-004,Corn - S&P Roasty Corn Sauté - BRAISER,SUB-013839-4-001,65,grams,"BLAST CHILLER, BRAISER, SPICE PORTIONING",,,,,,,,,,,,,,,,"FA-DE Sweetcorn Supersweet Kernels, IQF /Zuckermais-Supersüßkörner, IQF",PHF-00-139236-1,64.2,64.2,grams,,,0.92167,64.2,grams
FV0426A - Potato Leek Mash & Grilled Chicken [DE],REC-013840-4-004,Corn - S&P Roasty Corn Sauté - BRAISER,SUB-013839-4-001,65,grams,"BLAST CHILLER, BRAISER, SPICE PORTIONING",,,,,,,,,,,,,,,,"FA-DE Onion, Spanish, Diced 5mm /Zwiebel, Spanisch, gewürfelt 5 mm",PHF-00-139212-3,3.01,3.01,grams,,,0.92167,3.01,grams
FV0426A - Potato Leek Mash & Grilled Chicken [DE],REC-013840-4-004,Corn - S&P Roasty Corn Sauté - BRAISER,SUB-013839-4-001,65,grams,"BLAST CHILLER, BRAISER, SPICE PORTIONING",,,,,,,,,,,,,,,,"FA-DE Spice, Black Pepper, Ground /Gewürz, schwarzer Pfeffer, gemahlen",SPI-00-139334-5,0.04,0.04,grams,,,0.92167,0.04,grams
FV0426A - Potato Leek Mash & Grilled Chicken [DE],REC-013840-4-004,Corn - S&P Roasty Corn Sauté - BRAISER,SUB-013839-4-001,65,grams,"BLAST CHILLER, BRAISER, SPICE PORTIONING",,,,,,,,,,,,,,,,"FA-DE Spice, Sea Salt /Gewürze, Meersalz",SPI-00-139378-5,0.04,0.04,grams,,,0.92167,0.04,grams
FV0426A - Potato Leek Mash & Grilled Chicken [DE],REC-013840-4-004,Corn - S&P Roasty Corn Sauté - BRAISER,SUB-013839-4-001,65,grams,"BLAST CHILLER, BRAISER, SPICE PORTIONING",,,,,,,,,,,,,,,,"FA-DE Garlic, IQF, Diced 4 mm /Knoblauch, IQF, gewürfelt 4 mm",PHF-00-139237-1,2.01,2.01,grams,SCHWEFELDIOXIDE UND SULFITE,,0.92167,2.01,grams
FV0426A - Potato Leek Mash & Grilled Chicken [DE],REC-013840-4-004,Corn - S&P Roasty Corn Sauté - BRAISER,SUB-013839-4-001,65,grams,"BLAST CHILLER, BRAISER, SPICE PORTIONING",,,,,,,,,,,,,,,,"FA-DE Spice, Garlic Granulated /Gewürz, Knoblauch granuliert",SPI-00-139353-5,0.23,0.23,grams,,,0.92167,0.23,grams
FV0426A - Potato Leek Mash & Grilled Chicken [DE],REC-013840-4-004,Courgette - Herb Roasted Zucchini + more salt,SUB-013535-4-001,65,grams,"BLAST CHILLER, OVEN",,,,,,,,,,,,,,,,"FA-DE Oil, Olive /Öl, Olivenöl",PRO-00-139277-5,1.18,1.18,grams,,,0.7628,1.18,grams
FV0426A - Potato Leek Mash & Grilled Chicken [DE],REC-013840-4-004,Courgette - Herb Roasted Zucchini + more salt,SUB-013535-4-001,65,grams,"BLAST CHILLER, OVEN",,,,,,,,,,,,,,,,"FA-DE Spice, Italian Seasoning /Gewürze, italienische Gewürze",SPI-00-139359-5,0.24,0.24,grams,,,0.7628,0.24,grams
FV0426A - Potato Leek Mash & Grilled Chicken [DE],REC-013840-4-004,Courgette - Herb Roasted Zucchini + more salt,SUB-013535-4-001,65,grams,"BLAST CHILLER, OVEN",,,,,,,,,,,,,,,,"FA-DE Zucchini, Diced 10mm /Zucchini, gewürfelt 10 mm",PHF-00-139229-3,83.25,83.25,grams,,,0.7628,83.25,grams
FV0426A - Potato Leek Mash & Grilled Chicken [DE],REC-013840-4-004,Courgette - Herb Roasted Zucchini + more salt,SUB-013535-4-001,65,grams,"BLAST CHILLER, OVEN",,,,,,,,,,,,,,,,"FA-DE Spice, Black Pepper, Ground /Gewürz, schwarzer Pfeffer, gemahlen",SPI-00-139334-5,0.12,0.12,grams,,,0.7628,0.12,grams
FV0426A - Potato Leek Mash & Grilled Chicken [DE],REC-013840-4-004,Courgette - Herb Roasted Zucchini + more salt,SUB-013535-4-001,65,grams,"BLAST CHILLER, OVEN",,,,,,,,,,,,,,,,"FA-DE Spice, Sea Salt /Gewürze, Meersalz",SPI-00-139378-5,0.42,0.42,grams,,,0.7628,0.42,grams
FV0426A - Potato Leek Mash & Grilled Chicken [DE],REC-013840-4-004,Compound butter - Parmesan-Chive,SUB-013536-4-001,12,grams,"BLAST CHILLER, PLANETARY MIXER, SCOOPER (BUTTER)",,,,,,,,,,,,,,,,"FA-DE Spice, Parsley Dried /Gewürze, getrocknete Petersilie",SPI-00-139374-5,0.12,0.12,grams,,,0.97539,0.12,grams
FV0426A - Potato Leek Mash & Grilled Chicken [DE],REC-013840-4-004,Compound butter - Parmesan-Chive,SUB-013536-4-001,12,grams,"BLAST CHILLER, PLANETARY MIXER, SCOOPER (BUTTER)",,,,,,,,,,,,,,,,"FA-DE Butter, Unsalted /Butter, ungesalzen",DAI-00-139146-3,9.05,9.05,grams,MILCH (EINSCHLIESSLICH LAKTOSE),,0.97539,9.05,grams
FV0426A - Potato Leek Mash & Grilled Chicken [DE],REC-013840-4-004,Compound butter - Parmesan-Chive,SUB-013536-4-001,12,grams,"BLAST CHILLER, PLANETARY MIXER, SCOOPER (BUTTER)",,,,,,,,,,,,,,,,"FA-DE Chives, Dried /Schnittlauch, getrocknet",SPI-00-139322-5,0.12,0.12,grams,,,0.97539,0.12,grams
FV0426A - Potato Leek Mash & Grilled Chicken [DE],REC-013840-4-004,Compound butter - Parmesan-Chive,SUB-013536-4-001,12,grams,"BLAST CHILLER, PLANETARY MIXER, SCOOPER (BUTTER)",,,,,,,,,,,,,,,,"FA-DE Cheese, Parmesan, Grated /Käse, Parmesan, gerieben",DAI-00-139127-3,3.02,3.02,grams,MILCH (EINSCHLIESSLICH LAKTOSE),,0.97539,3.02,grams
FV0472A - Indian Butter Chicken [BNL],REC-013852-4-003,Diced chicken - Butter Chicken Batch - BA,SUB-013850-4-001,115,grams,"BLAST CHILLER, MARINADE, OVEN",,,,,,,,,,,,,,,,"FA-DE Spice, Chili Powder /Gewürz, Chilipulver",SPI-00-139340-5,0.17,0.17,grams,,,0.81911,0.17,grams
FV0472A - Indian Butter Chicken [BNL],REC-013852-4-003,Diced chicken - Butter Chicken Batch - BA,SUB-013850-4-001,115,grams,"BLAST CHILLER, MARINADE, OVEN",,,,,,,,,,,,,,,,"FA-DE Spice, Turmeric /Gewürz, Kurkuma",SPI-00-139384-5,0.37,0.37,grams,,,0.81911,0.37,grams
FV0472A - Indian Butter Chicken [BNL],REC-013852-4-003,Diced chicken - Butter Chicken Batch - BA,SUB-013850-4-001,115,grams,"BLAST CHILLER, MARINADE, OVEN",,,,,,,,,,,,,,,,"FA-DE Spice, Sea Salt /Gewürze, Meersalz",SPI-00-139378-5,0.23,0.23,grams,,,0.81911,0.23,grams
FV0472A - Indian Butter Chicken [BNL],REC-013852-4-003,Diced chicken - Butter Chicken Batch - BA,SUB-013850-4-001,115,grams,"BLAST CHILLER, MARINADE, OVEN",Factor Garam Masala Spice Blend,SUB-013507-4-001,0.92,grams,"HAND MIX, SPICE PORTIONING",,,,,,,,,,,"FA-DE Spice, Fennel Ground /Gewürz, Fenchel gemahlen",SPI-00-139351-5,0.03,0.03,grams,,,0.98,0.03,grams
FV0472A - Indian Butter Chicken [BNL],REC-013852-4-003,Diced chicken - Butter Chicken Batch - BA,SUB-013850-4-001,115,grams,"BLAST CHILLER, MARINADE, OVEN",Factor Garam Masala Spice Blend,SUB-013507-4-001,0.92,grams,"HAND MIX, SPICE PORTIONING",,,,,,,,,,,"FA-DE Spice, Nutmeg Ground /Gewürz, gemahlene Muskatnuss",SPI-00-139368-5,0.06,0.06,grams,,,0.98,0.06,grams
FV0472A - Indian Butter Chicken [BNL],REC-013852-4-003,Diced chicken - Butter Chicken Batch - BA,SUB-013850-4-001,115,grams,"BLAST CHILLER, MARINADE, OVEN",Factor Garam Masala Spice Blend,SUB-013507-4-001,0.92,grams,"HAND MIX, SPICE PORTIONING",,,,,,,,,,,"FA-DE Spice, Coriander Ground /Gewürz, gemahlener Koriander",SPI-00-139386-5,0.18,0.18,grams,,,0.98,0.18,grams
FV0472A - Indian Butter Chicken [BNL],REC-013852-4-003,Diced chicken - Butter Chicken Batch - BA,SUB-013850-4-001,115,grams,"BLAST CHILLER, MARINADE, OVEN",Factor Garam Masala Spice Blend,SUB-013507-4-001,0.92,grams,"HAND MIX, SPICE PORTIONING",,,,,,,,,,,"FA-DE Spice, Cinnamon Ground /Gewürz, gemahlener Zimt",SPI-00-139341-5,0.12,0.12,grams,,,0.98,0.12,grams
FV0472A - Indian Butter Chicken [BNL],REC-013852-4-003,Diced chicken - Butter Chicken Batch - BA,SUB-013850-4-001,115,grams,"BLAST CHILLER, MARINADE, OVEN",Factor Garam Masala Spice Blend,SUB-013507-4-001,0.92,grams,"HAND MIX, SPICE PORTIONING",,,,,,,,,,,"FA-DE Spice, Cumin Ground /Gewürz, gemahlener Kreuzkümmel",SPI-00-139345-5,0.37,0.37,grams,,,0.98,0.37,grams
FV0472A - Indian Butter Chicken [BNL],REC-013852-4-003,Diced chicken - Butter Chicken Batch - BA,SUB-013850-4-001,115,grams,"BLAST CHILLER, MARINADE, OVEN",Factor Garam Masala Spice Blend,SUB-013507-4-001,0.92,grams,"HAND MIX, SPICE PORTIONING",,,,,,,,,,,"FA-DE Spice, Cloves Ground /Gewürze, gemahlene Nelken",SPI-00-139342-5,0.06,0.06,grams,,,0.98,0.06,grams
FV0472A - Indian Butter Chicken [BNL],REC-013852-4-003,Diced chicken - Butter Chicken Batch - BA,SUB-013850-4-001,115,grams,"BLAST CHILLER, MARINADE, OVEN",Factor Garam Masala Spice Blend,SUB-013507-4-001,0.92,grams,"HAND MIX, SPICE PORTIONING",,,,,,,,,,,"FA-DE Spice, Black Pepper, Ground /Gewürz, schwarzer Pfeffer, gemahlen",SPI-00-139334-5,0.09,0.09,grams,,,0.98,0.09,grams
FV0472A - Indian Butter Chicken [BNL],REC-013852-4-003,Diced chicken - Butter Chicken Batch - BA,SUB-013850-4-001,115,grams,"BLAST CHILLER, MARINADE, OVEN",Factor Garam Masala Spice Blend,SUB-013507-4-001,0.92,grams,"HAND MIX, SPICE PORTIONING",,,,,,,,,,,"FA-DE Spice, Turmeric /Gewürz, Kurkuma",SPI-00-139384-5,0.03,0.03,grams,,,0.98,0.03,grams
FV0472A - Indian Butter Chicken [BNL],REC-013852-4-003,Diced chicken - Butter Chicken Batch - BA,SUB-013850-4-001,115,grams,"BLAST CHILLER, MARINADE, OVEN",,,,,,,,,,,,,,,,"FA-DE Garlic, IQF, Diced 4 mm /Knoblauch, IQF, gewürfelt 4 mm",PHF-00-139237-1,0.92,0.92,grams,SCHWEFELDIOXIDE UND SULFITE,,0.81911,0.92,grams
FV0472A - Indian Butter Chicken [BNL],REC-013852-4-003,Diced chicken - Butter Chicken Batch - BA,SUB-013850-4-001,115,grams,"BLAST CHILLER, MARINADE, OVEN",Chicken CHUNKS - BRINED,SUB-013451-4-001,128.29,grams,BRINE,,,,,,,,,,,FA-DE Water / Wasser,OTH-00-144038-5,128.29,128.29,grams,,,0.4978,128.29,grams
FV0472A - Indian Butter Chicken [BNL],REC-013852-4-003,Diced chicken - Butter Chicken Batch - BA,SUB-013850-4-001,115,grams,"BLAST CHILLER, MARINADE, OVEN",Chicken CHUNKS - BRINED,SUB-013451-4-001,128.29,grams,BRINE,,,,,,,,,,,"FA-DE Spice, Sea Salt /Gewürze, Meersalz",SPI-00-139378-5,1.13,1.13,grams,,,0.4978,1.13,grams
FV0472A - Indian Butter Chicken [BNL],REC-013852-4-003,Diced chicken - Butter Chicken Batch - BA,SUB-013850-4-001,115,grams,"BLAST CHILLER, MARINADE, OVEN",Chicken CHUNKS - BRINED,SUB-013451-4-001,128.29,grams,BRINE,,,,,,,,,,,"FA-DE Chicken Breast, Chunked, Boneless Skinless /Hähnchenbrust, in Stücken, ohne Knochen und ohne Haut",PTN-00-139314-3,128.29,128.29,grams,,,0.4978,128.29,grams
FV0472A - Indian Butter Chicken [BNL],REC-013852-4-003,Diced chicken - Butter Chicken Batch - BA,SUB-013850-4-001,115,grams,"BLAST CHILLER, MARINADE, OVEN",,,,,,,,,,,,,,,,"FA-DE Yogurt, Greek, Plain /Joghurt, Griechisch, Natur",DAI-00-139161-3,6.87,6.87,grams,MILCH (EINSCHLIESSLICH LAKTOSE),,0.81911,6.87,grams
FV0472A - Indian Butter Chicken [BNL],REC-013852-4-003,Diced chicken - Butter Chicken Batch - BA,SUB-013850-4-001,115,grams,"BLAST CHILLER, MARINADE, OVEN",,,,,,,,,,,,,,,,"FA-DE Spice, Cumin Ground /Gewürz, gemahlener Kreuzkümmel",SPI-00-139345-5,0.34,0.34,grams,,,0.81911,0.34,grams
FV0472A - Indian Butter Chicken [BNL],REC-013852-4-003,Diced chicken - Butter Chicken Batch - BA,SUB-013850-4-001,115,grams,"BLAST CHILLER, MARINADE, OVEN",,,,,,,,,,,,,,,,"FA-DE Ginger, IQF, Diced 4 mm /Ingwer, IQF, gewürfelt 4 mm",PHF-00-139238-1,2.29,2.29,grams,SCHWEFELDIOXIDE UND SULFITE,,0.81911,2.29,grams
FV0472A - Indian Butter Chicken [BNL],REC-013852-4-003,Sauce - Butter Chicken sauce,SUB-013851-4-001,115,grams,"BLAST CHILLER, BRAISER, IMMERSION BLENDER, SPICE PORTIONING",,,,,,,,,,,,,,,,"FA-DE Spice, Fenugreek Powder /Gewürz, Bockshornkleepulver",SPI-00-154750-5,0.1,0.1,grams,,,0.91418,0.1,grams
FV0472A - Indian Butter Chicken [BNL],REC-013852-4-003,Sauce - Butter Chicken sauce,SUB-013851-4-001,115,grams,"BLAST CHILLER, BRAISER, IMMERSION BLENDER, SPICE PORTIONING",,,,,,,,,,,,,,,,"FA-DE Garlic, IQF, Diced 4 mm /Knoblauch, IQF, gewürfelt 4 mm",PHF-00-139237-1,3.09,3.09,grams,SCHWEFELDIOXIDE UND SULFITE,,0.91418,3.09,grams
FV0472A - Indian Butter Chicken [BNL],REC-013852-4-003,Sauce - Butter Chicken sauce,SUB-013851-4-001,115,grams,"BLAST CHILLER, BRAISER, IMMERSION BLENDER, SPICE PORTIONING",,,,,,,,,,,,,,,,"FA-DE Spice, Cumin Ground /Gewürz, gemahlener Kreuzkümmel",SPI-00-139345-5,0.46,0.46,grams,,,0.91418,0.46,grams
FV0472A - Indian Butter Chicken [BNL],REC-013852-4-003,Sauce - Butter Chicken sauce,SUB-013851-4-001,115,grams,"BLAST CHILLER, BRAISER, IMMERSION BLENDER, SPICE PORTIONING",,,,,,,,,,,,,,,,"FA-DE Butter, Unsalted /Butter, ungesalzen",DAI-00-139146-3,18.52,18.52,grams,MILCH (EINSCHLIESSLICH LAKTOSE),,0.91418,18.52,grams
FV0472A - Indian Butter Chicken [BNL],REC-013852-4-003,Sauce - Butter Chicken sauce,SUB-013851-4-001,115,grams,"BLAST CHILLER, BRAISER, IMMERSION BLENDER, SPICE PORTIONING",,,,,,,,,,,,,,,,"FA-DE Spice, Sea Salt /Gewürze, Meersalz",SPI-00-139378-5,0.73,0.73,grams,,,0.91418,0.73,grams
FV0472A - Indian Butter Chicken [BNL],REC-013852-4-003,Sauce - Butter Chicken sauce,SUB-013851-4-001,115,grams,"BLAST CHILLER, BRAISER, IMMERSION BLENDER, SPICE PORTIONING",,,,,,,,,,,,,,,,"FA-DE Spice, Chili Powder /Gewürz, Chilipulver",SPI-00-139340-5,0.14,0.14,grams,,,0.91418,0.14,grams
FV0472A - Indian Butter Chicken [BNL],REC-013852-4-003,Sauce - Butter Chicken sauce,SUB-013851-4-001,115,grams,"BLAST CHILLER, BRAISER, IMMERSION BLENDER, SPICE PORTIONING",,,,,,,,,,,,,,,,"FA-DE Onion, Spanish, Diced 5mm /Zwiebel, Spanisch, gewürfelt 5 mm",PHF-00-139212-3,15.44,15.44,grams,,,0.91418,15.44,grams
FV0472A - Indian Butter Chicken [BNL],REC-013852-4-003,Sauce - Butter Chicken sauce,SUB-013851-4-001,115,grams,"BLAST CHILLER, BRAISER, IMMERSION BLENDER, SPICE PORTIONING",Factor Garam Masala Spice Blend,SUB-013507-4-001,0.46,grams,"HAND MIX, SPICE PORTIONING",,,,,,,,,,,"FA-DE Spice, Fennel Ground /Gewürz, Fenchel gemahlen",SPI-00-139351-5,0.01,0.01,grams,,,0.98,0.01,grams
FV0472A - Indian Butter Chicken [BNL],REC-013852-4-003,Sauce - Butter Chicken sauce,SUB-013851-4-001,115,grams,"BLAST CHILLER, BRAISER, IMMERSION BLENDER, SPICE PORTIONING",Factor Garam Masala Spice Blend,SUB-013507-4-001,0.46,grams,"HAND MIX, SPICE PORTIONING",,,,,,,,,,,"FA-DE Spice, Nutmeg Ground /Gewürz, gemahlene Muskatnuss",SPI-00-139368-5,0.03,0.03,grams,,,0.98,0.03,grams
FV0472A - Indian Butter Chicken [BNL],REC-013852-4-003,Sauce - Butter Chicken sauce,SUB-013851-4-001,115,grams,"BLAST CHILLER, BRAISER, IMMERSION BLENDER, SPICE PORTIONING",Factor Garam Masala Spice Blend,SUB-013507-4-001,0.46,grams,"HAND MIX, SPICE PORTIONING",,,,,,,,,,,"FA-DE Spice, Coriander Ground /Gewürz, gemahlener Koriander",SPI-00-139386-5,0.09,0.09,grams,,,0.98,0.09,grams
FV0472A - Indian Butter Chicken [BNL],REC-013852-4-003,Sauce - Butter Chicken sauce,SUB-013851-4-001,115,grams,"BLAST CHILLER, BRAISER, IMMERSION BLENDER, SPICE PORTIONING",Factor Garam Masala Spice Blend,SUB-013507-4-001,0.46,grams,"HAND MIX, SPICE PORTIONING",,,,,,,,,,,"FA-DE Spice, Cinnamon Ground /Gewürz, gemahlener Zimt",SPI-00-139341-5,0.06,0.06,grams,,,0.98,0.06,grams
FV0472A - Indian Butter Chicken [BNL],REC-013852-4-003,Sauce - Butter Chicken sauce,SUB-013851-4-001,115,grams,"BLAST CHILLER, BRAISER, IMMERSION BLENDER, SPICE PORTIONING",Factor Garam Masala Spice Blend,SUB-013507-4-001,0.46,grams,"HAND MIX, SPICE PORTIONING",,,,,,,,,,,"FA-DE Spice, Cumin Ground /Gewürz, gemahlener Kreuzkümmel",SPI-00-139345-5,0.18,0.18,grams,,,0.98,0.18,grams
FV0472A - Indian Butter Chicken [BNL],REC-013852-4-003,Sauce - Butter Chicken sauce,SUB-013851-4-001,115,grams,"BLAST CHILLER, BRAISER, IMMERSION BLENDER, SPICE PORTIONING",Factor Garam Masala Spice Blend,SUB-013507-4-001,0.46,grams,"HAND MIX, SPICE PORTIONING",,,,,,,,,,,"FA-DE Spice, Cloves Ground /Gewürze, gemahlene Nelken",SPI-00-139342-5,0.03,0.03,grams,,,0.98,0.03,grams
FV0472A - Indian Butter Chicken [BNL],REC-013852-4-003,Sauce - Butter Chicken sauce,SUB-013851-4-001,115,grams,"BLAST CHILLER, BRAISER, IMMERSION BLENDER, SPICE PORTIONING",Factor Garam Masala Spice Blend,SUB-013507-4-001,0.46,grams,"HAND MIX, SPICE PORTIONING",,,,,,,,,,,"FA-DE Spice, Black Pepper, Ground /Gewürz, schwarzer Pfeffer, gemahlen",SPI-00-139334-5,0.05,0.05,grams,,,0.98,0.05,grams
FV0472A - Indian Butter Chicken [BNL],REC-013852-4-003,Sauce - Butter Chicken sauce,SUB-013851-4-001,115,grams,"BLAST CHILLER, BRAISER, IMMERSION BLENDER, SPICE PORTIONING",Factor Garam Masala Spice Blend,SUB-013507-4-001,0.46,grams,"HAND MIX, SPICE PORTIONING",,,,,,,,,,,"FA-DE Spice, Turmeric /Gewürz, Kurkuma",SPI-00-139384-5,0.01,0.01,grams,,,0.98,0.01,grams
FV0472A - Indian Butter Chicken [BNL],REC-013852-4-003,Sauce - Butter Chicken sauce,SUB-013851-4-001,115,grams,"BLAST CHILLER, BRAISER, IMMERSION BLENDER, SPICE PORTIONING",,,,,,,,,,,,,,,,"FA-DE Oil, Olive /Öl, Olivenöl",PRO-00-139277-5,9.65,9.65,grams,,,0.91418,9.65,grams
FV0472A - Indian Butter Chicken [BNL],REC-013852-4-003,Sauce - Butter Chicken sauce,SUB-013851-4-001,115,grams,"BLAST CHILLER, BRAISER, IMMERSION BLENDER, SPICE PORTIONING",,,,,,,,,,,,,,,,"FA-DE Ginger, IQF, Diced 4 mm /Ingwer, IQF, gewürfelt 4 mm",PHF-00-139238-1,2.32,2.32,grams,SCHWEFELDIOXIDE UND SULFITE,,0.91418,2.32,grams
FV0472A - Indian Butter Chicken [BNL],REC-013852-4-003,Sauce - Butter Chicken sauce,SUB-013851-4-001,115,grams,"BLAST CHILLER, BRAISER, IMMERSION BLENDER, SPICE PORTIONING",,,,,,,,,,,,,,,,"FA-DE Tomatoes, Crushed /Tomaten, zerkleinert",PRO-00-139294-5,41.79,41.79,grams,,,0.91418,41.79,grams
FV0472A - Indian Butter Chicken [BNL],REC-013852-4-003,Sauce - Butter Chicken sauce,SUB-013851-4-001,115,grams,"BLAST CHILLER, BRAISER, IMMERSION BLENDER, SPICE PORTIONING",,,,,,,,,,,,,,,,"FA-DE Spice, Coriander Ground /Gewürz, gemahlener Koriander",SPI-00-139386-5,0.29,0.29,grams,,,0.91418,0.29,grams
FV0472A - Indian Butter Chicken [BNL],REC-013852-4-003,Sauce - Butter Chicken sauce,SUB-013851-4-001,115,grams,"BLAST CHILLER, BRAISER, IMMERSION BLENDER, SPICE PORTIONING",,,,,,,,,,,,,,,,FA-DE Heavy Cream 20% /Sahne 20%,DAI-00-139137-3,32.8,32.8,grams,MILCH (EINSCHLIESSLICH LAKTOSE),,0.91418,32.8,grams
FV0472A - Indian Butter Chicken [BNL],REC-013852-4-003,Roasted Green Onions,SUB-023370-4-001,6,grams,"BLAST CHILLER, OVEN",,,,,,,,,,,,,,,,"FA-DE Onion, Green, Sliced 5mm /Zwiebel, grün, in Scheiben geschnitten, 5 mm",PHF-00-149803-3,7.75,7.75,grams,,,0.77467,7.75,grams
FV0472A - Indian Butter Chicken [BNL],REC-013852-4-003,Cauliflower rice - Cilantro and Lime Cauliflower Rice - BA,SUB-013733-4-001,120,grams,"BLAST CHILLER, OVEN",,,,,,,,,,,,,,,,"FA-DE Spice, Black Pepper, Ground /Gewürz, schwarzer Pfeffer, gemahlen",SPI-00-139334-5,0.07,0.07,grams,,,0.77359,0.07,grams
FV0472A - Indian Butter Chicken [BNL],REC-013852-4-003,Cauliflower rice - Cilantro and Lime Cauliflower Rice - BA,SUB-013733-4-001,120,grams,"BLAST CHILLER, OVEN",,,,,,,,,,,,,,,,"FA-DE Juice, Lime /Saft, Limette",PRO-00-139268-5,1.09,1.09,grams,,,0.77359,1.09,grams
FV0472A - Indian Butter Chicken [BNL],REC-013852-4-003,Cauliflower rice - Cilantro and Lime Cauliflower Rice - BA,SUB-013733-4-001,120,grams,"BLAST CHILLER, OVEN",Roasted Garlic oil,SUB-013367-4-002,10.91,grams,"BLAST CHILLER, OVEN",,,,,,,,,,,"FA-DE Garlic, Peeled, Whole Cloves [10kg] /Knoblauch, geschält, ganze Nelken [10kg]",PHF-00-139197-3,15.02,15.02,grams,,,0.415,15.02,grams
FV0472A - Indian Butter Chicken [BNL],REC-013852-4-003,Cauliflower rice - Cilantro and Lime Cauliflower Rice - BA,SUB-013733-4-001,120,grams,"BLAST CHILLER, OVEN",Roasted Garlic oil,SUB-013367-4-002,10.91,grams,"BLAST CHILLER, OVEN",,,,,,,,,,,"FA-DE Oil, Olive /Öl, Olivenöl",PRO-00-139277-5,11.26,11.26,grams,,,0.415,11.26,grams
FV0472A - Indian Butter Chicken [BNL],REC-013852-4-003,Cauliflower rice - Cilantro and Lime Cauliflower Rice - BA,SUB-013733-4-001,120,grams,"BLAST CHILLER, OVEN",,,,,,,,,,,,,,,,"FA-DE Spice, Sea Salt /Gewürze, Meersalz",SPI-00-139378-5,0.51,0.51,grams,,,0.77359,0.51,grams
FV0472A - Indian Butter Chicken [BNL],REC-013852-4-003,Cauliflower rice - Cilantro and Lime Cauliflower Rice - BA,SUB-013733-4-001,120,grams,"BLAST CHILLER, OVEN",,,,,,,,,,,,,,,,"FA-DE Cauliflower, Riced, IQF /Blumenkohl, Reis, IQF",PHF-00-139233-1,135.26,135.26,grams,,,0.77359,135.26,grams
FV0472A - Indian Butter Chicken [BNL],REC-013852-4-003,Cauliflower rice - Cilantro and Lime Cauliflower Rice - BA,SUB-013733-4-001,120,grams,"BLAST CHILLER, OVEN",,,,,,,,,,,,,,,,"FA-DE Coriander, Chopped /Koriander, gehackt",PHF-00-139192-3,7.27,7.27,grams,,,0.77359,7.27,grams
FV0601A - Mozzarella Burger & Roasted Potatoes [BNL],REC-013423-4-005,Roasted Garlic and Parsley Roasted Potato - SH,SUB-013390-4-001,115,grams,"BLAST CHILLER, OVEN",,,,,,,,,,,,,,,,"FA-DE Parsley, Chopped /Petersilie, gehackt",PHF-00-139215-3,5.31,5.31,grams,,,0.77545,5.31,grams
FV0601A - Mozzarella Burger & Roasted Potatoes [BNL],REC-013423-4-005,Roasted Garlic and Parsley Roasted Potato - SH,SUB-013390-4-001,115,grams,"BLAST CHILLER, OVEN",,,,,,,,,,,,,,,,"FA-DE Spice, Black Pepper, Ground /Gewürz, schwarzer Pfeffer, gemahlen",SPI-00-139334-5,0.35,0.35,grams,,,0.77545,0.35,grams
FV0601A - Mozzarella Burger & Roasted Potatoes [BNL],REC-013423-4-005,Roasted Garlic and Parsley Roasted Potato - SH,SUB-013390-4-001,115,grams,"BLAST CHILLER, OVEN",,,,,,,,,,,,,,,,"FA-DE Oil, Olive /Öl, Olivenöl",PRO-00-139277-5,5.31,5.31,grams,,,0.77545,5.31,grams
FV0601A - Mozzarella Burger & Roasted Potatoes [BNL],REC-013423-4-005,Roasted Garlic and Parsley Roasted Potato - SH,SUB-013390-4-001,115,grams,"BLAST CHILLER, OVEN",Roasted Garlic (use),SUB-013367-4-001,6.37,grams,"BLAST CHILLER, BRAISER, SPICE PORTIONING",,,,,,,,,,,"FA-DE Garlic, Peeled, Whole Cloves [10kg] /Knoblauch, geschält, ganze Nelken [10kg]",PHF-00-139197-3,6.42,6.42,grams,,,0.56691,6.42,grams
FV0601A - Mozzarella Burger & Roasted Potatoes [BNL],REC-013423-4-005,Roasted Garlic and Parsley Roasted Potato - SH,SUB-013390-4-001,115,grams,"BLAST CHILLER, OVEN",Roasted Garlic (use),SUB-013367-4-001,6.37,grams,"BLAST CHILLER, BRAISER, SPICE PORTIONING",,,,,,,,,,,"FA-DE Oil, Olive /Öl, Olivenöl",PRO-00-139277-5,4.81,4.81,grams,,,0.56691,4.81,grams
FV0601A - Mozzarella Burger & Roasted Potatoes [BNL],REC-013423-4-005,Roasted Garlic and Parsley Roasted Potato - SH,SUB-013390-4-001,115,grams,"BLAST CHILLER, OVEN",,,,,,,,,,,,,,,,"FA-DE Spice, Sea Salt /Gewürze, Meersalz",SPI-00-139378-5,0.35,0.35,grams,,,0.77545,0.35,grams
FV0601A - Mozzarella Burger & Roasted Potatoes [BNL],REC-013423-4-005,Roasted Garlic and Parsley Roasted Potato - SH,SUB-013390-4-001,115,grams,"BLAST CHILLER, OVEN",,,,,,,,,,,,,,,,"FA-DE Potatoes, Diced 10mm /Kartoffeln, gewürfelt, 10 mm",PHF-00-139219-3,130.62,130.62,grams,,,0.77545,130.62,grams
FV0601A - Mozzarella Burger & Roasted Potatoes [BNL],REC-013423-4-005,Mozzarella + Parsley Mix,SUB-013419-4-001,14,grams,HAND MIX,,,,,,,,,,,,,,,,"FA-DE Parsley, Chopped /Petersilie, gehackt",PHF-00-139215-3,0.93,0.93,grams,,,0.99961,0.93,grams
FV0601A - Mozzarella Burger & Roasted Potatoes [BNL],REC-013423-4-005,Mozzarella + Parsley Mix,SUB-013419-4-001,14,grams,HAND MIX,,,,,,,,,,,,,,,,"FA-DE Cheese, Mozzarella, Shredded /Käse, Mozzarella, gerieben",DAI-00-139125-3,13.07,13.07,grams,MILCH (EINSCHLIESSLICH LAKTOSE),,0.99961,13.07,grams
FV0601A - Mozzarella Burger & Roasted Potatoes [BNL],REC-013423-4-005,Beef Burger Master EU,SUB-031776-4-001,1,each,"BLAST CHILLER, HORIZONTAL MIXER, OVEN, PATTY MAKER",Burger Patty,SUB-031783-4-001,194,grams,"BLAST CHILLER, HORIZONTAL MIXER, OVEN, PATTY MAKER",,,,,,,,,,,"FA-DE Beef, Ground, 80/20 /Rindfleisch, gemahlen, 80/20",PTN-00-139319-3,161.44,161.44,grams,,,0.97143,161.44,grams
FV0601A - Mozzarella Burger & Roasted Potatoes [BNL],REC-013423-4-005,Beef Burger Master EU,SUB-031776-4-001,1,each,"BLAST CHILLER, HORIZONTAL MIXER, OVEN, PATTY MAKER",Burger Patty,SUB-031783-4-001,194,grams,"BLAST CHILLER, HORIZONTAL MIXER, OVEN, PATTY MAKER",Cooked Burger Veggies,SUB-031784-4-001,21.52,grams,"BLAST CHILLER, BRAISER, SPICE PORTIONING",,,,,,"FA-DE Onion, Spanish, Diced 5mm /Zwiebel, Spanisch, gewürfelt 5 mm",PHF-00-139212-3,7.94,7.94,grams,,,0.94991,7.94,grams
FV0601A - Mozzarella Burger & Roasted Potatoes [BNL],REC-013423-4-005,Beef Burger Master EU,SUB-031776-4-001,1,each,"BLAST CHILLER, HORIZONTAL MIXER, OVEN, PATTY MAKER",Burger Patty,SUB-031783-4-001,194,grams,"BLAST CHILLER, HORIZONTAL MIXER, OVEN, PATTY MAKER",Cooked Burger Veggies,SUB-031784-4-001,21.52,grams,"BLAST CHILLER, BRAISER, SPICE PORTIONING",,,,,,"FA-DE Garlic, IQF, Diced 4 mm /Knoblauch, IQF, gewürfelt 4 mm",PHF-00-139237-1,4.54,4.54,grams,SCHWEFELDIOXIDE UND SULFITE,,0.94991,4.54,grams
FV0601A - Mozzarella Burger & Roasted Potatoes [BNL],REC-013423-4-005,Beef Burger Master EU,SUB-031776-4-001,1,each,"BLAST CHILLER, HORIZONTAL MIXER, OVEN, PATTY MAKER",Burger Patty,SUB-031783-4-001,194,grams,"BLAST CHILLER, HORIZONTAL MIXER, OVEN, PATTY MAKER",Cooked Burger Veggies,SUB-031784-4-001,21.52,grams,"BLAST CHILLER, BRAISER, SPICE PORTIONING",,,,,,"FA-DE Oil, Olive /Öl, Olivenöl",PRO-00-139277-5,3.03,3.03,grams,,,0.94991,3.03,grams
FV0601A - Mozzarella Burger & Roasted Potatoes [BNL],REC-013423-4-005,Beef Burger Master EU,SUB-031776-4-001,1,each,"BLAST CHILLER, HORIZONTAL MIXER, OVEN, PATTY MAKER",Burger Patty,SUB-031783-4-001,194,grams,"BLAST CHILLER, HORIZONTAL MIXER, OVEN, PATTY MAKER",Cooked Burger Veggies,SUB-031784-4-001,21.52,grams,"BLAST CHILLER, BRAISER, SPICE PORTIONING",,,,,,"FA-DE Spice, Garlic Granulated /Gewürz, Knoblauch granuliert",SPI-00-139353-5,2.27,2.27,grams,,,0.94991,2.27,grams
FV0601A - Mozzarella Burger & Roasted Potatoes [BNL],REC-013423-4-005,Beef Burger Master EU,SUB-031776-4-001,1,each,"BLAST CHILLER, HORIZONTAL MIXER, OVEN, PATTY MAKER",Burger Patty,SUB-031783-4-001,194,grams,"BLAST CHILLER, HORIZONTAL MIXER, OVEN, PATTY MAKER",Cooked Burger Veggies,SUB-031784-4-001,21.52,grams,"BLAST CHILLER, BRAISER, SPICE PORTIONING",,,,,,"FA-DE Spice, Onion Granulated /Gewürze, Zwiebeln granuliert",SPI-00-139370-5,4.54,4.54,grams,,,0.94991,4.54,grams
FV0601A - Mozzarella Burger & Roasted Potatoes [BNL],REC-013423-4-005,Beef Burger Master EU,SUB-031776-4-001,1,each,"BLAST CHILLER, HORIZONTAL MIXER, OVEN, PATTY MAKER",Burger Patty,SUB-031783-4-001,194,grams,"BLAST CHILLER, HORIZONTAL MIXER, OVEN, PATTY MAKER",Cooked Burger Veggies,SUB-031784-4-001,21.52,grams,"BLAST CHILLER, BRAISER, SPICE PORTIONING",,,,,,"FA-DE Spice, Sea Salt /Gewürze, Meersalz",SPI-00-139378-5,0.33,0.33,grams,,,0.94991,0.33,grams
FV0601A - Mozzarella Burger & Roasted Potatoes [BNL],REC-013423-4-005,Beef Burger Master EU,SUB-031776-4-001,1,each,"BLAST CHILLER, HORIZONTAL MIXER, OVEN, PATTY MAKER",Burger Patty,SUB-031783-4-001,194,grams,"BLAST CHILLER, HORIZONTAL MIXER, OVEN, PATTY MAKER",Burger Stock,SUB-031810-4-001,16.75,grams,IMMERSION BLENDER,,,,,,FA-DE Water / Wasser,OTH-00-144038-5,15.28,15.28,grams,,,0.98807,15.28,grams
FV0601A - Mozzarella Burger & Roasted Potatoes [BNL],REC-013423-4-005,Beef Burger Master EU,SUB-031776-4-001,1,each,"BLAST CHILLER, HORIZONTAL MIXER, OVEN, PATTY MAKER",Burger Patty,SUB-031783-4-001,194,grams,"BLAST CHILLER, HORIZONTAL MIXER, OVEN, PATTY MAKER",Burger Stock,SUB-031810-4-001,16.75,grams,IMMERSION BLENDER,,,,,,"FA-DE Stock, Chicken, Reduced/Brühe, Huhn, Reduziert",PRO-00-139288-5,1.09,1.09,grams,,,0.98807,1.09,grams
FV0601A - Mozzarella Burger & Roasted Potatoes [BNL],REC-013423-4-005,Beef Burger Master EU,SUB-031776-4-001,1,each,"BLAST CHILLER, HORIZONTAL MIXER, OVEN, PATTY MAKER",Burger Patty,SUB-031783-4-001,194,grams,"BLAST CHILLER, HORIZONTAL MIXER, OVEN, PATTY MAKER",Burger Stock,SUB-031810-4-001,16.75,grams,IMMERSION BLENDER,,,,,,"FA-DE Spice, Sea Salt /Gewürze, Meersalz",SPI-00-139378-5,0.58,0.58,grams,,,0.98807,0.58,grams
FV0601A - Mozzarella Burger & Roasted Potatoes [BNL],REC-013423-4-005,Mozzarella + Parsley Mix,SUB-013419-4-001,14,grams,HAND MIX,,,,,,,,,,,,,,,,"FA-DE Parsley, Chopped /Petersilie, gehackt",PHF-00-139215-3,0.93,0.93,grams,,,0.99961,0.93,grams
FV0601A - Mozzarella Burger & Roasted Potatoes [BNL],REC-013423-4-005,Mozzarella + Parsley Mix,SUB-013419-4-001,14,grams,HAND MIX,,,,,,,,,,,,,,,,"FA-DE Cheese, Mozzarella, Shredded /Käse, Mozzarella, gerieben",DAI-00-139125-3,13.07,13.07,grams,MILCH (EINSCHLIESSLICH LAKTOSE),,0.99961,13.07,grams
FV0601A - Mozzarella Burger & Roasted Potatoes [BNL],REC-013423-4-005,Mixed veg - Summer Zucchini Roast,SUB-013418-4-001,85,grams,"BLAST CHILLER, OVEN",,,,,,,,,,,,,,,,"FA-DE Oil, Olive /Öl, Olivenöl",PRO-00-139277-5,1.99,1.99,grams,,,0.68712,1.99,grams
FV0601A - Mozzarella Burger & Roasted Potatoes [BNL],REC-013423-4-005,Mixed veg - Summer Zucchini Roast,SUB-013418-4-001,85,grams,"BLAST CHILLER, OVEN",,,,,,,,,,,,,,,,"FA-DE Sweetcorn Supersweet Kernels, IQF /Zuckermais-Supersüßkörner, IQF",PHF-00-139236-1,21.95,21.95,grams,,,0.68712,21.95,grams
FV0601A - Mozzarella Burger & Roasted Potatoes [BNL],REC-013423-4-005,Mixed veg - Summer Zucchini Roast,SUB-013418-4-001,85,grams,"BLAST CHILLER, OVEN",,,,,,,,,,,,,,,,"FA-DE Garlic, IQF, Diced 4 mm /Knoblauch, IQF, gewürfelt 4 mm",PHF-00-139237-1,2.32,2.32,grams,SCHWEFELDIOXIDE UND SULFITE,,0.68712,2.32,grams
FV0601A - Mozzarella Burger & Roasted Potatoes [BNL],REC-013423-4-005,Mixed veg - Summer Zucchini Roast,SUB-013418-4-001,85,grams,"BLAST CHILLER, OVEN",,,,,,,,,,,,,,,,"FA-DE Spice, Sea Salt /Gewürze, Meersalz",SPI-00-139378-5,0.33,0.33,grams,,,0.68712,0.33,grams
FV0601A - Mozzarella Burger & Roasted Potatoes [BNL],REC-013423-4-005,Mixed veg - Summer Zucchini Roast,SUB-013418-4-001,85,grams,"BLAST CHILLER, OVEN",,,,,,,,,,,,,,,,"FA-DE Zucchini, Diced 10mm /Zucchini, gewürfelt 10 mm",PHF-00-139229-3,58.54,58.54,grams,,,0.68712,58.54,grams
FV0601A - Mozzarella Burger & Roasted Potatoes [BNL],REC-013423-4-005,Mixed veg - Summer Zucchini Roast,SUB-013418-4-001,85,grams,"BLAST CHILLER, OVEN",,,,,,,,,,,,,,,,"FA-DE Spice, Onion Powder, Toasted /Gewürze, Zwiebelpulver, geröstet",SPI-00-139371-5,0.33,0.33,grams,,,0.68712,0.33,grams
FV0601A - Mozzarella Burger & Roasted Potatoes [BNL],REC-013423-4-005,Mixed veg - Summer Zucchini Roast,SUB-013418-4-001,85,grams,"BLAST CHILLER, OVEN",,,,,,,,,,,,,,,,"FA-DE Tomatoes, Diced 10mm /Tomaten, gewürfelt, 10 mm",PHF-00-139239-3,29.6,29.6,grams,,,0.68712,29.6,grams
FV0601A - Mozzarella Burger & Roasted Potatoes [BNL],REC-013423-4-005,Mixed veg - Summer Zucchini Roast,SUB-013418-4-001,85,grams,"BLAST CHILLER, OVEN",,,,,,,,,,,,,,,,"FA-DE Spice, Garlic Granulated /Gewürz, Knoblauch granuliert",SPI-00-139353-5,0.33,0.33,grams,,,0.68712,0.33,grams
FV0601A - Mozzarella Burger & Roasted Potatoes [BNL],REC-013423-4-005,Mixed veg - Summer Zucchini Roast,SUB-013418-4-001,85,grams,"BLAST CHILLER, OVEN",,,,,,,,,,,,,,,,"FA-DE Onion, Spanish, Diced 10mm /Zwiebel, Spanisch, gewürfelt 10 mm",PHF-00-139209-3,4.99,4.99,grams,,,0.68712,4.99,grams
FV0601A - Mozzarella Burger & Roasted Potatoes [BNL],REC-013423-4-005,Mixed veg - Summer Zucchini Roast,SUB-013418-4-001,85,grams,"BLAST CHILLER, OVEN",,,,,,,,,,,,,,,,"FA-DE Bell Peppers, Red, Diced 10mm /Paprika, rot, gewürfelt 10 mm",PHF-00-139179-3,2.99,2.99,grams,,,0.68712,2.99,grams
FV0601A - Mozzarella Burger & Roasted Potatoes [BNL],REC-013423-4-005,Mixed veg - Summer Zucchini Roast,SUB-013418-4-001,85,grams,"BLAST CHILLER, OVEN",,,,,,,,,,,,,,,,"FA-DE Parsley, Chopped /Petersilie, gehackt",PHF-00-139215-3,0.33,0.33,grams,,,0.68712,0.33,grams
FV0601A - Mozzarella Burger & Roasted Potatoes [BNL],REC-013423-4-005,Smokehouse Ketchup,SUB-013422-4-001,30,grams,"BLAST CHILLER, BRAISER, IMMERSION BLENDER, SPICE PORTIONING",,,,,,,,,,,,,,,,"FA-DE Spice, Black Pepper, Ground /Gewürz, schwarzer Pfeffer, gemahlen",SPI-00-139334-5,0.04,0.04,grams,,,0.91477,0.04,grams
FV0601A - Mozzarella Burger & Roasted Potatoes [BNL],REC-013423-4-005,Smokehouse Ketchup,SUB-013422-4-001,30,grams,"BLAST CHILLER, BRAISER, IMMERSION BLENDER, SPICE PORTIONING",,,,,,,,,,,,,,,,FA-DE Honey /Honig – Masse,PRO-00-139266-5,4.89,4.89,grams,,,0.91477,4.89,grams
FV0601A - Mozzarella Burger & Roasted Potatoes [BNL],REC-013423-4-005,Smokehouse Ketchup,SUB-013422-4-001,30,grams,"BLAST CHILLER, BRAISER, IMMERSION BLENDER, SPICE PORTIONING",,,,,,,,,,,,,,,,"FA-DE Garlic, IQF, Diced 4 mm /Knoblauch, IQF, gewürfelt 4 mm",PHF-00-139237-1,1.24,1.24,grams,SCHWEFELDIOXIDE UND SULFITE,,0.91477,1.24,grams
FV0601A - Mozzarella Burger & Roasted Potatoes [BNL],REC-013423-4-005,Smokehouse Ketchup,SUB-013422-4-001,30,grams,"BLAST CHILLER, BRAISER, IMMERSION BLENDER, SPICE PORTIONING",Concentrated Tomatoes- Diluted (90/10) (primo gusto/old california),SUB-013421-4-001,22.74,grams,"DEBOX, STAGING",,,,,,,,,,,"FA-DE Tomatoes, Concentrated Crushed /Tomaten, konzentriert, zerkleinert",PRO-00-139293-5,20.46,20.46,grams,,,1.0,20.46,grams
FV0601A - Mozzarella Burger & Roasted Potatoes [BNL],REC-013423-4-005,Smokehouse Ketchup,SUB-013422-4-001,30,grams,"BLAST CHILLER, BRAISER, IMMERSION BLENDER, SPICE PORTIONING",Concentrated Tomatoes- Diluted (90/10) (primo gusto/old california),SUB-013421-4-001,22.74,grams,"DEBOX, STAGING",,,,,,,,,,,FA-DE Water / Wasser,OTH-00-144038-5,2.28,2.28,grams,,,1.0,2.28,grams
FV0601A - Mozzarella Burger & Roasted Potatoes [BNL],REC-013423-4-005,Smokehouse Ketchup,SUB-013422-4-001,30,grams,"BLAST CHILLER, BRAISER, IMMERSION BLENDER, SPICE PORTIONING",,,,,,,,,,,,,,,,"FA-DE Oil, Olive /Öl, Olivenöl",PRO-00-139277-5,0.7,0.7,grams,,,0.91477,0.7,grams
FV0601A - Mozzarella Burger & Roasted Potatoes [BNL],REC-013423-4-005,Smokehouse Ketchup,SUB-013422-4-001,30,grams,"BLAST CHILLER, BRAISER, IMMERSION BLENDER, SPICE PORTIONING",,,,,,,,,,,,,,,,"FA-DE Thyme, IQF /Thymian, IQF",PHF-00-139244-1,0.09,0.09,grams,,,0.91477,0.09,grams
FV0601A - Mozzarella Burger & Roasted Potatoes [BNL],REC-013423-4-005,Smokehouse Ketchup,SUB-013422-4-001,30,grams,"BLAST CHILLER, BRAISER, IMMERSION BLENDER, SPICE PORTIONING",,,,,,,,,,,,,,,,"FA-DE Vinegar, Balsamic /Essig, Balsamico",PRO-00-139298-5,3.1,3.1,grams,SCHWEFELDIOXIDE UND SULFITE,,0.91477,3.1,grams
FV0612A - Dijon Ground Beef & Mushroom Skillet [BNL],REC-014010-4-005,Roasted Potatoes,SUB-013668-4-001,110,grams,"BLAST CHILLER, OVEN",,,,,,,,,,,,,,,,"FA-DE Oil, Olive /Öl, Olivenöl",PRO-00-139277-5,5.83,5.83,grams,,,0.76352,5.83,grams
FV0612A - Dijon Ground Beef & Mushroom Skillet [BNL],REC-014010-4-005,Roasted Potatoes,SUB-013668-4-001,110,grams,"BLAST CHILLER, OVEN",,,,,,,,,,,,,,,,"FA-DE Spice, Parsley Dried /Gewürze, getrocknete Petersilie",SPI-00-139374-5,0.29,0.29,grams,,,0.76352,0.29,grams
FV0612A - Dijon Ground Beef & Mushroom Skillet [BNL],REC-014010-4-005,Roasted Potatoes,SUB-013668-4-001,110,grams,"BLAST CHILLER, OVEN",,,,,,,,,,,,,,,,"FA-DE Potatoes, Diced 10mm /Kartoffeln, gewürfelt, 10 mm",PHF-00-139219-3,136.1,136.1,grams,,,0.76352,136.1,grams
FV0612A - Dijon Ground Beef & Mushroom Skillet [BNL],REC-014010-4-005,Roasted Potatoes,SUB-013668-4-001,110,grams,"BLAST CHILLER, OVEN",,,,,,,,,,,,,,,,"FA-DE Spice, Black Pepper, Ground /Gewürz, schwarzer Pfeffer, gemahlen",SPI-00-139334-5,0.1,0.1,grams,,,0.76352,0.1,grams
FV0612A - Dijon Ground Beef & Mushroom Skillet [BNL],REC-014010-4-005,Roasted Potatoes,SUB-013668-4-001,110,grams,"BLAST CHILLER, OVEN",,,,,,,,,,,,,,,,"FA-DE Spice, Sea Salt /Gewürze, Meersalz",SPI-00-139378-5,0.59,0.59,grams,,,0.76352,0.59,grams
FV0612A - Dijon Ground Beef & Mushroom Skillet [BNL],REC-014010-4-005,Roasted Potatoes,SUB-013668-4-001,110,grams,"BLAST CHILLER, OVEN",,,,,,,,,,,,,,,,"FA-DE Spice, Garlic Granulated /Gewürz, Knoblauch granuliert",SPI-00-139353-5,0.87,0.87,grams,,,0.76352,0.87,grams
FV0612A - Dijon Ground Beef & Mushroom Skillet [BNL],REC-014010-4-005,Roasted Potatoes,SUB-013668-4-001,110,grams,"BLAST CHILLER, OVEN",,,,,,,,,,,,,,,,"FA-DE Spice, Onion Granulated /Gewürze, Zwiebeln granuliert",SPI-00-139370-5,0.29,0.29,grams,,,0.76352,0.29,grams
FV0612A - Dijon Ground Beef & Mushroom Skillet [BNL],REC-014010-4-005,Dry Roasted Mushrooms (thick),SUB-014006-4-001,80,grams,"BLAST CHILLER, OVEN",,,,,,,,,,,,,,,,"FA-DE Mushroom, Button, Sliced, Washed /Pilz, Knopf, geschnitten, gewaschen",PHF-00-139206-3,117.87,117.87,grams,,,0.67871,117.87,grams
FV0612A - Dijon Ground Beef & Mushroom Skillet [BNL],REC-014010-4-005,Roasted Red Onion,SUB-014007-4-001,50,grams,"BLAST CHILLER, OVEN",,,,,,,,,,,,,,,,"FA-DE Onion, Red, Diced 10mm/Zwiebeln, rot, gewürfelt, 10 mm",PHF-00-139216-3,62.57,62.57,grams,,,0.79908,62.57,grams
FV0612A - Dijon Ground Beef & Mushroom Skillet [BNL],REC-014010-4-005,Mushroom Swiss Beef (medium salt),SUB-014302-4-001,85,grams,"BLAST CHILLER, BRAISER",,,,,,,,,,,,,,,,"FA-DE Spice, Sea Salt /Gewürze, Meersalz",SPI-00-139378-5,0.82,0.82,grams,,,0.95046,0.82,grams
FV0612A - Dijon Ground Beef & Mushroom Skillet [BNL],REC-014010-4-005,Mushroom Swiss Beef (medium salt),SUB-014302-4-001,85,grams,"BLAST CHILLER, BRAISER",,,,,,,,,,,,,,,,"FA-DE Spice, Onion Powder, Toasted /Gewürze, Zwiebelpulver, geröstet",SPI-00-139371-5,0.63,0.63,grams,,,0.95046,0.63,grams
FV0612A - Dijon Ground Beef & Mushroom Skillet [BNL],REC-014010-4-005,Mushroom Swiss Beef (medium salt),SUB-014302-4-001,85,grams,"BLAST CHILLER, BRAISER",,,,,,,,,,,,,,,,"FA-DE Mustard, Dijon /Senf, Dijon",PRO-00-139276-5,6.36,6.36,grams,SENF,,0.95046,6.36,grams
FV0612A - Dijon Ground Beef & Mushroom Skillet [BNL],REC-014010-4-005,Mushroom Swiss Beef (medium salt),SUB-014302-4-001,85,grams,"BLAST CHILLER, BRAISER",,,,,,,,,,,,,,,,"FA-DE Spice, Tomato Powder /Gewürz, Tomatenpulver",SPI-00-139325-5,0.63,0.63,grams,,,0.95046,0.63,grams
FV0612A - Dijon Ground Beef & Mushroom Skillet [BNL],REC-014010-4-005,Mushroom Swiss Beef (medium salt),SUB-014302-4-001,85,grams,"BLAST CHILLER, BRAISER",,,,,,,,,,,,,,,,"FA-DE Spice, Porcini Mushroom Powder /Gewürz, Steinpilzpulver",SPI-00-139375-5,0.32,0.32,grams,,,0.95046,0.32,grams
FV0612A - Dijon Ground Beef & Mushroom Skillet [BNL],REC-014010-4-005,Mushroom Swiss Beef (medium salt),SUB-014302-4-001,85,grams,"BLAST CHILLER, BRAISER",Ground Beef - cooked,SUB-013435-4-001,80.05,grams,"BLAST CHILLER, BRAISER",,,,,,,,,,,"FA-DE Beef, Ground, 80/20 /Rindfleisch, gemahlen, 80/20",PTN-00-139319-3,112.22,112.22,grams,,,0.71328,112.22,grams
FV0612A - Dijon Ground Beef & Mushroom Skillet [BNL],REC-014010-4-005,Mushroom Swiss Beef (medium salt),SUB-014302-4-001,85,grams,"BLAST CHILLER, BRAISER",,,,,,,,,,,,,,,,"FA-DE Spice, Garlic Powder, Toasted /Gewürz, Knoblauchpulver, geröstet",SPI-00-139354-5,0.63,0.63,grams,,,0.95046,0.63,grams
FV0612A - Dijon Ground Beef & Mushroom Skillet [BNL],REC-014010-4-005,Sauce - Emmentaler Fondue,SUB-013671-4-001,55,grams,"BLAST CHILLER, BRAISER, IMMERSION BLENDER, SPICE PORTIONING",,,,,,,,,,,,,,,,"FA-DE Cheese, Cream, 13% Fat (Milk) /Käse, Sahne, 13% Fett",DAI-00-139122-3,7.02,7.02,grams,MILCH (EINSCHLIESSLICH LAKTOSE),,0.9204,7.02,grams
FV0612A - Dijon Ground Beef & Mushroom Skillet [BNL],REC-014010-4-005,Sauce - Emmentaler Fondue,SUB-013671-4-001,55,grams,"BLAST CHILLER, BRAISER, IMMERSION BLENDER, SPICE PORTIONING",,,,,,,,,,,,,,,,"FA-DE Milk, Whole /Milch, voll",DAI-00-139142-3,13.64,13.64,grams,MILCH (EINSCHLIESSLICH LAKTOSE),,0.9204,13.64,grams
FV0612A - Dijon Ground Beef & Mushroom Skillet [BNL],REC-014010-4-005,Sauce - Emmentaler Fondue,SUB-013671-4-001,55,grams,"BLAST CHILLER, BRAISER, IMMERSION BLENDER, SPICE PORTIONING",,,,,,,,,,,,,,,,"FA-DE Gum, Xanthan /Gummi, Xanthan",DRY-00-139153-5,0.02,0.02,grams,,,0.9204,0.02,grams
FV0612A - Dijon Ground Beef & Mushroom Skillet [BNL],REC-014010-4-005,Sauce - Emmentaler Fondue,SUB-013671-4-001,55,grams,"BLAST CHILLER, BRAISER, IMMERSION BLENDER, SPICE PORTIONING",,,,,,,,,,,,,,,,"FA-DE Cheese, Emmentaler, Shredded /Käse, Emmentaler, gerieben",DAI-00-139134-3,14.24,14.24,grams,MILCH (EINSCHLIESSLICH LAKTOSE),,0.9204,14.24,grams
FV0612A - Dijon Ground Beef & Mushroom Skillet [BNL],REC-014010-4-005,Sauce - Emmentaler Fondue,SUB-013671-4-001,55,grams,"BLAST CHILLER, BRAISER, IMMERSION BLENDER, SPICE PORTIONING",,,,,,,,,,,,,,,,"FA-DE Spice, White Pepper /Gewürz, weißer Pfeffer",SPI-00-139387-5,0.03,0.03,grams,,,0.9204,0.03,grams
FV0612A - Dijon Ground Beef & Mushroom Skillet [BNL],REC-014010-4-005,Sauce - Emmentaler Fondue,SUB-013671-4-001,55,grams,"BLAST CHILLER, BRAISER, IMMERSION BLENDER, SPICE PORTIONING","Plain Roasted Red Bell Peppers - 1/4"" Diced",SUB-014008-4-001,7.02,grams,"BLAST CHILLER, OVEN",,,,,,,,,,,"FA-DE Bell Peppers, Red, Diced 10mm /Paprika, rot, gewürfelt 10 mm",PHF-00-139179-3,8.19,8.19,grams,,,0.82725,8.19,grams
FV0612A - Dijon Ground Beef & Mushroom Skillet [BNL],REC-014010-4-005,Sauce - Emmentaler Fondue,SUB-013671-4-001,55,grams,"BLAST CHILLER, BRAISER, IMMERSION BLENDER, SPICE PORTIONING","Plain Roasted Red Bell Peppers - 1/4"" Diced",SUB-014008-4-001,7.02,grams,"BLAST CHILLER, OVEN",,,,,,,,,,,"FA-DE Oil, Olive /Öl, Olivenöl",PRO-00-139277-5,0.29,0.29,grams,,,0.82725,0.29,grams
FV0612A - Dijon Ground Beef & Mushroom Skillet [BNL],REC-014010-4-005,Sauce - Emmentaler Fondue,SUB-013671-4-001,55,grams,"BLAST CHILLER, BRAISER, IMMERSION BLENDER, SPICE PORTIONING",,,,,,,,,,,,,,,,FA-DE Water / Wasser,OTH-00-144038-5,17.47,17.47,grams,,,0.9204,17.47,grams
FV0612A - Dijon Ground Beef & Mushroom Skillet [BNL],REC-014010-4-005,Sauce - Emmentaler Fondue,SUB-013671-4-001,55,grams,"BLAST CHILLER, BRAISER, IMMERSION BLENDER, SPICE PORTIONING",,,,,,,,,,,,,,,,"FA-DE Spice, Sea Salt /Gewürze, Meersalz",SPI-00-139378-5,0.28,0.28,grams,,,0.9204,0.28,grams
FV0612A - Dijon Ground Beef & Mushroom Skillet [BNL],REC-014010-4-005,Sauce - Emmentaler Fondue,SUB-013671-4-001,55,grams,"BLAST CHILLER, BRAISER, IMMERSION BLENDER, SPICE PORTIONING",,,,,,,,,,,,,,,,"FA-DE Spice, Onion Powder, Toasted /Gewürze, Zwiebelpulver, geröstet",SPI-00-139371-5,0.05,0.05,grams,,,0.9204,0.05,grams
FV0612A - Dijon Ground Beef & Mushroom Skillet [BNL],REC-014010-4-005,Roasted Green Onions,SUB-023370-4-001,5,grams,"BLAST CHILLER, OVEN",,,,,,,,,,,,,,,,"FA-DE Onion, Green, Sliced 5mm /Zwiebel, grün, in Scheiben geschnitten, 5 mm",PHF-00-149803-3,6.45,6.45,grams,,,0.77467,6.45,grams
FV0651A - BBQ Chickpeas & Roasted Cabbage Slaw [BNL],REC-013948-4-003,Cabbage - Roasted Green Cabbage,SUB-013919-4-001,80,grams,"BLAST CHILLER, OVEN",,,,,,,,,,,,,,,,"FA-DE Spice, Sea Salt /Gewürze, Meersalz",SPI-00-139378-5,0.43,0.43,grams,,,0.79755,0.43,grams
FV0651A - BBQ Chickpeas & Roasted Cabbage Slaw [BNL],REC-013948-4-003,Cabbage - Roasted Green Cabbage,SUB-013919-4-001,80,grams,"BLAST CHILLER, OVEN",,,,,,,,,,,,,,,,"FA-DE Garlic, IQF, Diced 4 mm /Knoblauch, IQF, gewürfelt 4 mm",PHF-00-139237-1,2.62,2.62,grams,SCHWEFELDIOXIDE UND SULFITE,,0.79755,2.62,grams
FV0651A - BBQ Chickpeas & Roasted Cabbage Slaw [BNL],REC-013948-4-003,Cabbage - Roasted Green Cabbage,SUB-013919-4-001,80,grams,"BLAST CHILLER, OVEN",,,,,,,,,,,,,,,,"FA-DE Cabbage, Green, Shredded 5mm / Wirsing, geschnitten, 5 mm",PHF-00-139188-3,89.42,89.42,grams,,,0.79755,89.42,grams
FV0651A - BBQ Chickpeas & Roasted Cabbage Slaw [BNL],REC-013948-4-003,Cabbage - Roasted Green Cabbage,SUB-013919-4-001,80,grams,"BLAST CHILLER, OVEN",,,,,,,,,,,,,,,,"FA-DE Oil, Olive /Öl, Olivenöl",PRO-00-139277-5,7.42,7.42,grams,,,0.79755,7.42,grams
FV0651A - BBQ Chickpeas & Roasted Cabbage Slaw [BNL],REC-013948-4-003,Cabbage - Roasted Green Cabbage,SUB-013919-4-001,80,grams,"BLAST CHILLER, OVEN",,,,,,,,,,,,,,,,"FA-DE Spice, Onion Granulated /Gewürze, Zwiebeln granuliert",SPI-00-139370-5,0.43,0.43,grams,,,0.79755,0.43,grams
FV0651A - BBQ Chickpeas & Roasted Cabbage Slaw [BNL],REC-013948-4-003,Chickpeas - BBQ Chickpeas,SUB-013931-4-001,130,grams,"BLAST CHILLER, HAND MIX",Steamed Chickpeas,SUB-013920-4-001,67.1,grams,"BLAST CHILLER, OVEN",,,,,,,,,,,"FA-DE Beans, Chickpeas/Garbanzo, Aseptic /Bohnen, Kichererbsen, aseptisch",PRO-00-139252-5,115.75,67.14,grams,,,0.99945,67.14,grams
FV0651A - BBQ Chickpeas & Roasted Cabbage Slaw [BNL],REC-013948-4-003,Chickpeas - BBQ Chickpeas,SUB-013931-4-001,130,grams,"BLAST CHILLER, HAND MIX",Sauce - Maple BBQ Sauce,SUB-013524-4-001,37.72,grams,"BLAST CHILLER, BRAISER, IMMERSION BLENDER, SPICE PORTIONING",,,,,,,,,,,"FA-DE Spice, Chili Powder /Gewürz, Chilipulver",SPI-00-139340-5,0.59,0.59,grams,,,0.92067,0.59,grams
FV0651A - BBQ Chickpeas & Roasted Cabbage Slaw [BNL],REC-013948-4-003,Chickpeas - BBQ Chickpeas,SUB-013931-4-001,130,grams,"BLAST CHILLER, HAND MIX",Sauce - Maple BBQ Sauce,SUB-013524-4-001,37.72,grams,"BLAST CHILLER, BRAISER, IMMERSION BLENDER, SPICE PORTIONING",,,,,,,,,,,FA-DE Maple Syrup/Ahornsirup,PRO-00-139270-5,4.77,4.77,grams,,,0.92067,4.77,grams
FV0651A - BBQ Chickpeas & Roasted Cabbage Slaw [BNL],REC-013948-4-003,Chickpeas - BBQ Chickpeas,SUB-013931-4-001,130,grams,"BLAST CHILLER, HAND MIX",Sauce - Maple BBQ Sauce,SUB-013524-4-001,37.72,grams,"BLAST CHILLER, BRAISER, IMMERSION BLENDER, SPICE PORTIONING",,,,,,,,,,,"FA-DE Spice, Garlic Powder, Toasted /Gewürz, Knoblauchpulver, geröstet",SPI-00-139354-5,0.47,0.47,grams,,,0.92067,0.47,grams
FV0651A - BBQ Chickpeas & Roasted Cabbage Slaw [BNL],REC-013948-4-003,Chickpeas - BBQ Chickpeas,SUB-013931-4-001,130,grams,"BLAST CHILLER, HAND MIX",Sauce - Maple BBQ Sauce,SUB-013524-4-001,37.72,grams,"BLAST CHILLER, BRAISER, IMMERSION BLENDER, SPICE PORTIONING",,,,,,,,,,,"FA-DE Vinegar, Apple Cider /Essig, Apfelwein",PRO-00-139299-5,1.79,1.79,grams,,,0.92067,1.79,grams
FV0651A - BBQ Chickpeas & Roasted Cabbage Slaw [BNL],REC-013948-4-003,Chickpeas - BBQ Chickpeas,SUB-013931-4-001,130,grams,"BLAST CHILLER, HAND MIX",Sauce - Maple BBQ Sauce,SUB-013524-4-001,37.72,grams,"BLAST CHILLER, BRAISER, IMMERSION BLENDER, SPICE PORTIONING",,,,,,,,,,,"FA-DE Spice, Black Pepper, Ground /Gewürz, schwarzer Pfeffer, gemahlen",SPI-00-139334-5,0.24,0.24,grams,,,0.92067,0.24,grams
FV0651A - BBQ Chickpeas & Roasted Cabbage Slaw [BNL],REC-013948-4-003,Chickpeas - BBQ Chickpeas,SUB-013931-4-001,130,grams,"BLAST CHILLER, HAND MIX",Sauce - Maple BBQ Sauce,SUB-013524-4-001,37.72,grams,"BLAST CHILLER, BRAISER, IMMERSION BLENDER, SPICE PORTIONING",Roasted Garlic (use),SUB-013367-4-001,2.38,grams,"BLAST CHILLER, BRAISER, SPICE PORTIONING",,,,,,"FA-DE Garlic, Peeled, Whole Cloves [10kg] /Knoblauch, geschält, ganze Nelken [10kg]",PHF-00-139197-3,2.4,2.4,grams,,,0.56691,2.4,grams
FV0651A - BBQ Chickpeas & Roasted Cabbage Slaw [BNL],REC-013948-4-003,Chickpeas - BBQ Chickpeas,SUB-013931-4-001,130,grams,"BLAST CHILLER, HAND MIX",Sauce - Maple BBQ Sauce,SUB-013524-4-001,37.72,grams,"BLAST CHILLER, BRAISER, IMMERSION BLENDER, SPICE PORTIONING",Roasted Garlic (use),SUB-013367-4-001,2.38,grams,"BLAST CHILLER, BRAISER, SPICE PORTIONING",,,,,,"FA-DE Oil, Olive /Öl, Olivenöl",PRO-00-139277-5,1.8,1.8,grams,,,0.56691,1.8,grams
FV0651A - BBQ Chickpeas & Roasted Cabbage Slaw [BNL],REC-013948-4-003,Chickpeas - BBQ Chickpeas,SUB-013931-4-001,130,grams,"BLAST CHILLER, HAND MIX",Sauce - Maple BBQ Sauce,SUB-013524-4-001,37.72,grams,"BLAST CHILLER, BRAISER, IMMERSION BLENDER, SPICE PORTIONING",,,,,,,,,,,"FA-DE Tomatoes, Concentrated Crushed /Tomaten, konzentriert, zerkleinert",PRO-00-139293-5,28.63,28.63,grams,,,0.92067,28.63,grams
FV0651A - BBQ Chickpeas & Roasted Cabbage Slaw [BNL],REC-013948-4-003,Chickpeas - BBQ Chickpeas,SUB-013931-4-001,130,grams,"BLAST CHILLER, HAND MIX",Sauce - Maple BBQ Sauce,SUB-013524-4-001,37.72,grams,"BLAST CHILLER, BRAISER, IMMERSION BLENDER, SPICE PORTIONING",,,,,,,,,,,"FA-DE Spice, Sea Salt /Gewürze, Meersalz",SPI-00-139378-5,0.2,0.2,grams,,,0.92067,0.2,grams
FV0651A - BBQ Chickpeas & Roasted Cabbage Slaw [BNL],REC-013948-4-003,Chickpeas - BBQ Chickpeas,SUB-013931-4-001,130,grams,"BLAST CHILLER, HAND MIX",Sauce - Maple BBQ Sauce,SUB-013524-4-001,37.72,grams,"BLAST CHILLER, BRAISER, IMMERSION BLENDER, SPICE PORTIONING",,,,,,,,,,,FA-DE Date Paste/Dattelpaste,PRO-00-152099-5,0.09,0.09,grams,,,0.92067,0.09,grams
FV0651A - BBQ Chickpeas & Roasted Cabbage Slaw [BNL],REC-013948-4-003,Chickpeas - BBQ Chickpeas,SUB-013931-4-001,130,grams,"BLAST CHILLER, HAND MIX",Sauce - Maple BBQ Sauce,SUB-013524-4-001,37.72,grams,"BLAST CHILLER, BRAISER, IMMERSION BLENDER, SPICE PORTIONING",,,,,,,,,,,FA-DE Tomato Paste /Tomatenmark,PRO-00-139292-5,1.79,1.79,grams,,,0.92067,1.79,grams
FV0651A - BBQ Chickpeas & Roasted Cabbage Slaw [BNL],REC-013948-4-003,Chickpeas - BBQ Chickpeas,SUB-013931-4-001,130,grams,"BLAST CHILLER, HAND MIX",Mixed peppers - Roasted diced red and green bell peppers,SUB-013633-4-001,25.23,grams,"BLAST CHILLER, OVEN",,,,,,,,,,,"FA-DE Spice, Garlic Granulated /Gewürz, Knoblauch granuliert",SPI-00-139353-5,0.23,0.23,grams,,,0.72668,0.23,grams
FV0651A - BBQ Chickpeas & Roasted Cabbage Slaw [BNL],REC-013948-4-003,Chickpeas - BBQ Chickpeas,SUB-013931-4-001,130,grams,"BLAST CHILLER, HAND MIX",Mixed peppers - Roasted diced red and green bell peppers,SUB-013633-4-001,25.23,grams,"BLAST CHILLER, OVEN",,,,,,,,,,,"FA-DE Spice, Black Pepper, Ground /Gewürz, schwarzer Pfeffer, gemahlen",SPI-00-139334-5,0.23,0.23,grams,,,0.72668,0.23,grams
FV0651A - BBQ Chickpeas & Roasted Cabbage Slaw [BNL],REC-013948-4-003,Chickpeas - BBQ Chickpeas,SUB-013931-4-001,130,grams,"BLAST CHILLER, HAND MIX",Mixed peppers - Roasted diced red and green bell peppers,SUB-013633-4-001,25.23,grams,"BLAST CHILLER, OVEN",,,,,,,,,,,"FA-DE Garlic, IQF, Diced 4 mm /Knoblauch, IQF, gewürfelt 4 mm",PHF-00-139237-1,1.16,1.16,grams,SCHWEFELDIOXIDE UND SULFITE,,0.72668,1.16,grams
FV0651A - BBQ Chickpeas & Roasted Cabbage Slaw [BNL],REC-013948-4-003,Chickpeas - BBQ Chickpeas,SUB-013931-4-001,130,grams,"BLAST CHILLER, HAND MIX",Mixed peppers - Roasted diced red and green bell peppers,SUB-013633-4-001,25.23,grams,"BLAST CHILLER, OVEN",,,,,,,,,,,"FA-DE Oil, Olive /Öl, Olivenöl",PRO-00-139277-5,1.16,1.16,grams,,,0.72668,1.16,grams
FV0651A - BBQ Chickpeas & Roasted Cabbage Slaw [BNL],REC-013948-4-003,Chickpeas - BBQ Chickpeas,SUB-013931-4-001,130,grams,"BLAST CHILLER, HAND MIX",Mixed peppers - Roasted diced red and green bell peppers,SUB-013633-4-001,25.23,grams,"BLAST CHILLER, OVEN",,,,,,,,,,,"FA-DE Spice, Sea Salt /Gewürze, Meersalz",SPI-00-139378-5,0.11,0.11,grams,,,0.72668,0.11,grams
FV0651A - BBQ Chickpeas & Roasted Cabbage Slaw [BNL],REC-013948-4-003,Chickpeas - BBQ Chickpeas,SUB-013931-4-001,130,grams,"BLAST CHILLER, HAND MIX",Mixed peppers - Roasted diced red and green bell peppers,SUB-013633-4-001,25.23,grams,"BLAST CHILLER, OVEN",,,,,,,,,,,"FA-DE Bell Peppers, Green, Diced 10mm /Paprika, grün, gewürfelt 10 mm",PHF-00-139176-3,15.92,15.92,grams,,,0.72668,15.92,grams
FV0651A - BBQ Chickpeas & Roasted Cabbage Slaw [BNL],REC-013948-4-003,Chickpeas - BBQ Chickpeas,SUB-013931-4-001,130,grams,"BLAST CHILLER, HAND MIX",Mixed peppers - Roasted diced red and green bell peppers,SUB-013633-4-001,25.23,grams,"BLAST CHILLER, OVEN",,,,,,,,,,,"FA-DE Bell Peppers, Red, Diced 10mm /Paprika, rot, gewürfelt 10 mm",PHF-00-139179-3,15.92,15.92,grams,,,0.72668,15.92,grams
FV0651A - BBQ Chickpeas & Roasted Cabbage Slaw [BNL],REC-013948-4-003,,,,,,,,,,,,,,,,,,,,,"FA-DE Cheese, White Cheddar, Shredded /Käse, weißer Cheddar, gerieben",DAI-00-139135-3,20,20,grams,MILCH (EINSCHLIESSLICH LAKTOSE),,,20,grams
FV0651A - BBQ Chickpeas & Roasted Cabbage Slaw [BNL],REC-013948-4-003,Polenta - with Mascarpone and Parmesan - Quick Cook,SUB-013621-4-001,70,grams,"BLAST CHILLER, BRAISER, SPICE PORTIONING",,,,,,,,,,,,,,,,"FA-DE Grits, Cereal Hot, Quick /Grütze, Müsli, heiß, schnell",PRO-00-139264-5,12.59,12.59,grams,,,0.90169,12.59,grams
FV0651A - BBQ Chickpeas & Roasted Cabbage Slaw [BNL],REC-013948-4-003,Polenta - with Mascarpone and Parmesan - Quick Cook,SUB-013621-4-001,70,grams,"BLAST CHILLER, BRAISER, SPICE PORTIONING",,,,,,,,,,,,,,,,"FA-DE Spice, Sea Salt /Gewürze, Meersalz",SPI-00-139378-5,0.24,0.24,grams,,,0.90169,0.24,grams
FV0651A - BBQ Chickpeas & Roasted Cabbage Slaw [BNL],REC-013948-4-003,Polenta - with Mascarpone and Parmesan - Quick Cook,SUB-013621-4-001,70,grams,"BLAST CHILLER, BRAISER, SPICE PORTIONING",,,,,,,,,,,,,,,,"FA-DE Milk, Whole /Milch, voll",DAI-00-139142-3,50.37,50.37,grams,MILCH (EINSCHLIESSLICH LAKTOSE),,0.90169,50.37,grams
FV0651A - BBQ Chickpeas & Roasted Cabbage Slaw [BNL],REC-013948-4-003,Polenta - with Mascarpone and Parmesan - Quick Cook,SUB-013621-4-001,70,grams,"BLAST CHILLER, BRAISER, SPICE PORTIONING",,,,,,,,,,,,,,,,"FA-DE Cheese, Parmesan, Grated /Käse, Parmesan, gerieben",DAI-00-139127-3,4.1,4.1,grams,MILCH (EINSCHLIESSLICH LAKTOSE),,0.90169,4.1,grams
FV0651A - BBQ Chickpeas & Roasted Cabbage Slaw [BNL],REC-013948-4-003,Polenta - with Mascarpone and Parmesan - Quick Cook,SUB-013621-4-001,70,grams,"BLAST CHILLER, BRAISER, SPICE PORTIONING",,,,,,,,,,,,,,,,FA-DE Mascarpone /Mascarpone,DAI-00-139143-3,6.85,6.85,grams,MILCH (EINSCHLIESSLICH LAKTOSE),,0.90169,6.85,grams
FV0651A - BBQ Chickpeas & Roasted Cabbage Slaw [BNL],REC-013948-4-003,Polenta - with Mascarpone and Parmesan - Quick Cook,SUB-013621-4-001,70,grams,"BLAST CHILLER, BRAISER, SPICE PORTIONING",,,,,,,,,,,,,,,,"FA-DE Butter, Unsalted /Butter, ungesalzen",DAI-00-139146-3,3.42,3.42,grams,MILCH (EINSCHLIESSLICH LAKTOSE),,0.90169,3.42,grams
FV0651A - BBQ Chickpeas & Roasted Cabbage Slaw [BNL],REC-013948-4-003,Polenta - with Mascarpone and Parmesan - Quick Cook,SUB-013621-4-001,70,grams,"BLAST CHILLER, BRAISER, SPICE PORTIONING",,,,,,,,,,,,,,,,"FA-DE Chives, Dried /Schnittlauch, getrocknet",SPI-00-139322-5,0.07,0.07,grams,,,0.90169,0.07,grams
FV0651A - BBQ Chickpeas & Roasted Cabbage Slaw [BNL],REC-013948-4-003,Corn - Chive-garlic corn kernels,SUB-013947-4-001,40,grams,"BLAST CHILLER, HAND MARINADE, OVEN",,,,,,,,,,,,,,,,"FA-DE Oil, Olive /Öl, Olivenöl",PRO-00-139277-5,1.6,1.6,grams,,,0.85732,1.6,grams
FV0651A - BBQ Chickpeas & Roasted Cabbage Slaw [BNL],REC-013948-4-003,Corn - Chive-garlic corn kernels,SUB-013947-4-001,40,grams,"BLAST CHILLER, HAND MARINADE, OVEN",,,,,,,,,,,,,,,,"FA-DE Sweetcorn Supersweet Kernels, IQF /Zuckermais-Supersüßkörner, IQF",PHF-00-139236-1,44.07,44.07,grams,,,0.85732,44.07,grams
FV0651A - BBQ Chickpeas & Roasted Cabbage Slaw [BNL],REC-013948-4-003,Corn - Chive-garlic corn kernels,SUB-013947-4-001,40,grams,"BLAST CHILLER, HAND MARINADE, OVEN",,,,,,,,,,,,,,,,"FA-DE Spice, Sea Salt /Gewürze, Meersalz",SPI-00-139378-5,0.2,0.2,grams,,,0.85732,0.2,grams
FV0651A - BBQ Chickpeas & Roasted Cabbage Slaw [BNL],REC-013948-4-003,Corn - Chive-garlic corn kernels,SUB-013947-4-001,40,grams,"BLAST CHILLER, HAND MARINADE, OVEN",,,,,,,,,,,,,,,,"FA-DE Chives, Dried /Schnittlauch, getrocknet",SPI-00-139322-5,0.4,0.4,grams,,,0.85732,0.4,grams
FV0651A - BBQ Chickpeas & Roasted Cabbage Slaw [BNL],REC-013948-4-003,Corn - Chive-garlic corn kernels,SUB-013947-4-001,40,grams,"BLAST CHILLER, HAND MARINADE, OVEN",,,,,,,,,,,,,,,,"FA-DE Spice, Garlic Powder, Toasted /Gewürz, Knoblauchpulver, geröstet",SPI-00-139354-5,0.4,0.4,grams,,,0.85732,0.4,grams
FV0651A - BBQ Chickpeas & Roasted Cabbage Slaw [BNL],REC-013948-4-003,"Green beans - S&P Roasted Green Beans, 40mm Cut -  Less Salt",SUB-013569-4-001,50,grams,"HAND MIX, SPICE PORTIONING",,,,,,,,,,,,,,,,"FA-DE Onion, Green, Sliced 5mm /Zwiebel, grün, in Scheiben geschnitten, 5 mm",PHF-00-149803-3,0.87,0.87,grams,,,0.71482,0.87,grams
FV0651A - BBQ Chickpeas & Roasted Cabbage Slaw [BNL],REC-013948-4-003,"Green beans - S&P Roasted Green Beans, 40mm Cut -  Less Salt",SUB-013569-4-001,50,grams,"HAND MIX, SPICE PORTIONING",,,,,,,,,,,,,,,,"FA-DE Oil, Olive /Öl, Olivenöl",PRO-00-139277-5,6.5,6.5,grams,,,0.71482,6.5,grams
FV0651A - BBQ Chickpeas & Roasted Cabbage Slaw [BNL],REC-013948-4-003,"Green beans - S&P Roasted Green Beans, 40mm Cut -  Less Salt",SUB-013569-4-001,50,grams,"HAND MIX, SPICE PORTIONING",,,,,,,,,,,,,,,,"FA-DE Spice, Black Pepper, Ground /Gewürz, schwarzer Pfeffer, gemahlen",SPI-00-139334-5,0.13,0.13,grams,,,0.71482,0.13,grams
FV0651A - BBQ Chickpeas & Roasted Cabbage Slaw [BNL],REC-013948-4-003,"Green beans - S&P Roasted Green Beans, 40mm Cut -  Less Salt",SUB-013569-4-001,50,grams,"HAND MIX, SPICE PORTIONING",,,,,,,,,,,,,,,,"FA-DE Green Beans, Fresh, Cut 40mm /Grüne Bohnen, frisch, geschnitten 40mm",PHF-00-139199-3,62.39,62.39,grams,,,0.71482,62.39,grams
FV0651A - BBQ Chickpeas & Roasted Cabbage Slaw [BNL],REC-013948-4-003,"Green beans - S&P Roasted Green Beans, 40mm Cut -  Less Salt",SUB-013569-4-001,50,grams,"HAND MIX, SPICE PORTIONING",,,,,,,,,,,,,,,,"FA-DE Spice, Sea Salt /Gewürze, Meersalz",SPI-00-139378-5,0.06,0.06,grams,,,0.71482,0.06,grams
FV0651A - BBQ Chickpeas & Roasted Cabbage Slaw [DE],REC-013948-4-004,Cabbage - Roasted Green Cabbage,SUB-013919-4-001,80,grams,"BLAST CHILLER, OVEN",,,,,,,,,,,,,,,,"FA-DE Spice, Sea Salt /Gewürze, Meersalz",SPI-00-139378-5,0.43,0.43,grams,,,0.79755,0.43,grams
FV0651A - BBQ Chickpeas & Roasted Cabbage Slaw [DE],REC-013948-4-004,Cabbage - Roasted Green Cabbage,SUB-013919-4-001,80,grams,"BLAST CHILLER, OVEN",,,,,,,,,,,,,,,,"FA-DE Garlic, IQF, Diced 4 mm /Knoblauch, IQF, gewürfelt 4 mm",PHF-00-139237-1,2.62,2.62,grams,SCHWEFELDIOXIDE UND SULFITE,,0.79755,2.62,grams
FV0651A - BBQ Chickpeas & Roasted Cabbage Slaw [DE],REC-013948-4-004,Cabbage - Roasted Green Cabbage,SUB-013919-4-001,80,grams,"BLAST CHILLER, OVEN",,,,,,,,,,,,,,,,"FA-DE Cabbage, Green, Shredded 5mm / Wirsing, geschnitten, 5 mm",PHF-00-139188-3,89.42,89.42,grams,,,0.79755,89.42,grams
FV0651A - BBQ Chickpeas & Roasted Cabbage Slaw [DE],REC-013948-4-004,Cabbage - Roasted Green Cabbage,SUB-013919-4-001,80,grams,"BLAST CHILLER, OVEN",,,,,,,,,,,,,,,,"FA-DE Oil, Olive /Öl, Olivenöl",PRO-00-139277-5,7.42,7.42,grams,,,0.79755,7.42,grams
FV0651A - BBQ Chickpeas & Roasted Cabbage Slaw [DE],REC-013948-4-004,Cabbage - Roasted Green Cabbage,SUB-013919-4-001,80,grams,"BLAST CHILLER, OVEN",,,,,,,,,,,,,,,,"FA-DE Spice, Onion Granulated /Gewürze, Zwiebeln granuliert",SPI-00-139370-5,0.43,0.43,grams,,,0.79755,0.43,grams
FV0651A - BBQ Chickpeas & Roasted Cabbage Slaw [DE],REC-013948-4-004,Chickpeas - BBQ Chickpeas,SUB-013931-4-001,130,grams,"BLAST CHILLER, HAND MIX",Steamed Chickpeas,SUB-013920-4-001,67.1,grams,"BLAST CHILLER, OVEN",,,,,,,,,,,"FA-DE Beans, Chickpeas/Garbanzo, Aseptic /Bohnen, Kichererbsen, aseptisch",PRO-00-139252-5,115.75,67.14,grams,,,0.99945,67.14,grams
FV0651A - BBQ Chickpeas & Roasted Cabbage Slaw [DE],REC-013948-4-004,Chickpeas - BBQ Chickpeas,SUB-013931-4-001,130,grams,"BLAST CHILLER, HAND MIX",Sauce - Maple BBQ Sauce,SUB-013524-4-001,37.72,grams,"BLAST CHILLER, BRAISER, IMMERSION BLENDER, SPICE PORTIONING",,,,,,,,,,,"FA-DE Spice, Chili Powder /Gewürz, Chilipulver",SPI-00-139340-5,0.59,0.59,grams,,,0.92067,0.59,grams
FV0651A - BBQ Chickpeas & Roasted Cabbage Slaw [DE],REC-013948-4-004,Chickpeas - BBQ Chickpeas,SUB-013931-4-001,130,grams,"BLAST CHILLER, HAND MIX",Sauce - Maple BBQ Sauce,SUB-013524-4-001,37.72,grams,"BLAST CHILLER, BRAISER, IMMERSION BLENDER, SPICE PORTIONING",,,,,,,,,,,FA-DE Maple Syrup/Ahornsirup,PRO-00-139270-5,4.77,4.77,grams,,,0.92067,4.77,grams
FV0651A - BBQ Chickpeas & Roasted Cabbage Slaw [DE],REC-013948-4-004,Chickpeas - BBQ Chickpeas,SUB-013931-4-001,130,grams,"BLAST CHILLER, HAND MIX",Sauce - Maple BBQ Sauce,SUB-013524-4-001,37.72,grams,"BLAST CHILLER, BRAISER, IMMERSION BLENDER, SPICE PORTIONING",,,,,,,,,,,"FA-DE Spice, Garlic Powder, Toasted /Gewürz, Knoblauchpulver, geröstet",SPI-00-139354-5,0.47,0.47,grams,,,0.92067,0.47,grams
FV0651A - BBQ Chickpeas & Roasted Cabbage Slaw [DE],REC-013948-4-004,Chickpeas - BBQ Chickpeas,SUB-013931-4-001,130,grams,"BLAST CHILLER, HAND MIX",Sauce - Maple BBQ Sauce,SUB-013524-4-001,37.72,grams,"BLAST CHILLER, BRAISER, IMMERSION BLENDER, SPICE PORTIONING",,,,,,,,,,,"FA-DE Vinegar, Apple Cider /Essig, Apfelwein",PRO-00-139299-5,1.79,1.79,grams,,,0.92067,1.79,grams
FV0651A - BBQ Chickpeas & Roasted Cabbage Slaw [DE],REC-013948-4-004,Chickpeas - BBQ Chickpeas,SUB-013931-4-001,130,grams,"BLAST CHILLER, HAND MIX",Sauce - Maple BBQ Sauce,SUB-013524-4-001,37.72,grams,"BLAST CHILLER, BRAISER, IMMERSION BLENDER, SPICE PORTIONING",,,,,,,,,,,"FA-DE Spice, Black Pepper, Ground /Gewürz, schwarzer Pfeffer, gemahlen",SPI-00-139334-5,0.24,0.24,grams,,,0.92067,0.24,grams
FV0651A - BBQ Chickpeas & Roasted Cabbage Slaw [DE],REC-013948-4-004,Chickpeas - BBQ Chickpeas,SUB-013931-4-001,130,grams,"BLAST CHILLER, HAND MIX",Sauce - Maple BBQ Sauce,SUB-013524-4-001,37.72,grams,"BLAST CHILLER, BRAISER, IMMERSION BLENDER, SPICE PORTIONING",Roasted Garlic (use),SUB-013367-4-001,2.38,grams,"BLAST CHILLER, BRAISER, SPICE PORTIONING",,,,,,"FA-DE Garlic, Peeled, Whole Cloves [10kg] /Knoblauch, geschält, ganze Nelken [10kg]",PHF-00-139197-3,2.4,2.4,grams,,,0.56691,2.4,grams
FV0651A - BBQ Chickpeas & Roasted Cabbage Slaw [DE],REC-013948-4-004,Chickpeas - BBQ Chickpeas,SUB-013931-4-001,130,grams,"BLAST CHILLER, HAND MIX",Sauce - Maple BBQ Sauce,SUB-013524-4-001,37.72,grams,"BLAST CHILLER, BRAISER, IMMERSION BLENDER, SPICE PORTIONING",Roasted Garlic (use),SUB-013367-4-001,2.38,grams,"BLAST CHILLER, BRAISER, SPICE PORTIONING",,,,,,"FA-DE Oil, Olive /Öl, Olivenöl",PRO-00-139277-5,1.8,1.8,grams,,,0.56691,1.8,grams
FV0651A - BBQ Chickpeas & Roasted Cabbage Slaw [DE],REC-013948-4-004,Chickpeas - BBQ Chickpeas,SUB-013931-4-001,130,grams,"BLAST CHILLER, HAND MIX",Sauce - Maple BBQ Sauce,SUB-013524-4-001,37.72,grams,"BLAST CHILLER, BRAISER, IMMERSION BLENDER, SPICE PORTIONING",,,,,,,,,,,"FA-DE Tomatoes, Concentrated Crushed /Tomaten, konzentriert, zerkleinert",PRO-00-139293-5,28.63,28.63,grams,,,0.92067,28.63,grams
FV0651A - BBQ Chickpeas & Roasted Cabbage Slaw [DE],REC-013948-4-004,Chickpeas - BBQ Chickpeas,SUB-013931-4-001,130,grams,"BLAST CHILLER, HAND MIX",Sauce - Maple BBQ Sauce,SUB-013524-4-001,37.72,grams,"BLAST CHILLER, BRAISER, IMMERSION BLENDER, SPICE PORTIONING",,,,,,,,,,,"FA-DE Spice, Sea Salt /Gewürze, Meersalz",SPI-00-139378-5,0.2,0.2,grams,,,0.92067,0.2,grams
FV0651A - BBQ Chickpeas & Roasted Cabbage Slaw [DE],REC-013948-4-004,Chickpeas - BBQ Chickpeas,SUB-013931-4-001,130,grams,"BLAST CHILLER, HAND MIX",Sauce - Maple BBQ Sauce,SUB-013524-4-001,37.72,grams,"BLAST CHILLER, BRAISER, IMMERSION BLENDER, SPICE PORTIONING",,,,,,,,,,,FA-DE Date Paste/Dattelpaste,PRO-00-152099-5,0.09,0.09,grams,,,0.92067,0.09,grams
FV0651A - BBQ Chickpeas & Roasted Cabbage Slaw [DE],REC-013948-4-004,Chickpeas - BBQ Chickpeas,SUB-013931-4-001,130,grams,"BLAST CHILLER, HAND MIX",Sauce - Maple BBQ Sauce,SUB-013524-4-001,37.72,grams,"BLAST CHILLER, BRAISER, IMMERSION BLENDER, SPICE PORTIONING",,,,,,,,,,,FA-DE Tomato Paste /Tomatenmark,PRO-00-139292-5,1.79,1.79,grams,,,0.92067,1.79,grams
FV0651A - BBQ Chickpeas & Roasted Cabbage Slaw [DE],REC-013948-4-004,Chickpeas - BBQ Chickpeas,SUB-013931-4-001,130,grams,"BLAST CHILLER, HAND MIX",Mixed peppers - Roasted diced red and green bell peppers,SUB-013633-4-001,25.23,grams,"BLAST CHILLER, OVEN",,,,,,,,,,,"FA-DE Spice, Garlic Granulated /Gewürz, Knoblauch granuliert",SPI-00-139353-5,0.23,0.23,grams,,,0.72668,0.23,grams
FV0651A - BBQ Chickpeas & Roasted Cabbage Slaw [DE],REC-013948-4-004,Chickpeas - BBQ Chickpeas,SUB-013931-4-001,130,grams,"BLAST CHILLER, HAND MIX",Mixed peppers - Roasted diced red and green bell peppers,SUB-013633-4-001,25.23,grams,"BLAST CHILLER, OVEN",,,,,,,,,,,"FA-DE Spice, Black Pepper, Ground /Gewürz, schwarzer Pfeffer, gemahlen",SPI-00-139334-5,0.23,0.23,grams,,,0.72668,0.23,grams
FV0651A - BBQ Chickpeas & Roasted Cabbage Slaw [DE],REC-013948-4-004,Chickpeas - BBQ Chickpeas,SUB-013931-4-001,130,grams,"BLAST CHILLER, HAND MIX",Mixed peppers - Roasted diced red and green bell peppers,SUB-013633-4-001,25.23,grams,"BLAST CHILLER, OVEN",,,,,,,,,,,"FA-DE Garlic, IQF, Diced 4 mm /Knoblauch, IQF, gewürfelt 4 mm",PHF-00-139237-1,1.16,1.16,grams,SCHWEFELDIOXIDE UND SULFITE,,0.72668,1.16,grams
FV0651A - BBQ Chickpeas & Roasted Cabbage Slaw [DE],REC-013948-4-004,Chickpeas - BBQ Chickpeas,SUB-013931-4-001,130,grams,"BLAST CHILLER, HAND MIX",Mixed peppers - Roasted diced red and green bell peppers,SUB-013633-4-001,25.23,grams,"BLAST CHILLER, OVEN",,,,,,,,,,,"FA-DE Oil, Olive /Öl, Olivenöl",PRO-00-139277-5,1.16,1.16,grams,,,0.72668,1.16,grams
FV0651A - BBQ Chickpeas & Roasted Cabbage Slaw [DE],REC-013948-4-004,Chickpeas - BBQ Chickpeas,SUB-013931-4-001,130,grams,"BLAST CHILLER, HAND MIX",Mixed peppers - Roasted diced red and green bell peppers,SUB-013633-4-001,25.23,grams,"BLAST CHILLER, OVEN",,,,,,,,,,,"FA-DE Spice, Sea Salt /Gewürze, Meersalz",SPI-00-139378-5,0.11,0.11,grams,,,0.72668,0.11,grams
FV0651A - BBQ Chickpeas & Roasted Cabbage Slaw [DE],REC-013948-4-004,Chickpeas - BBQ Chickpeas,SUB-013931-4-001,130,grams,"BLAST CHILLER, HAND MIX",Mixed peppers - Roasted diced red and green bell peppers,SUB-013633-4-001,25.23,grams,"BLAST CHILLER, OVEN",,,,,,,,,,,"FA-DE Bell Peppers, Green, Diced 10mm /Paprika, grün, gewürfelt 10 mm",PHF-00-139176-3,15.92,15.92,grams,,,0.72668,15.92,grams
FV0651A - BBQ Chickpeas & Roasted Cabbage Slaw [DE],REC-013948-4-004,Chickpeas - BBQ Chickpeas,SUB-013931-4-001,130,grams,"BLAST CHILLER, HAND MIX",Mixed peppers - Roasted diced red and green bell peppers,SUB-013633-4-001,25.23,grams,"BLAST CHILLER, OVEN",,,,,,,,,,,"FA-DE Bell Peppers, Red, Diced 10mm /Paprika, rot, gewürfelt 10 mm",PHF-00-139179-3,15.92,15.92,grams,,,0.72668,15.92,grams
FV0651A - BBQ Chickpeas & Roasted Cabbage Slaw [DE],REC-013948-4-004,,,,,,,,,,,,,,,,,,,,,"FA-DE Cheese, White Cheddar, Shredded /Käse, weißer Cheddar, gerieben",DAI-00-139135-3,20,20,grams,MILCH (EINSCHLIESSLICH LAKTOSE),,,20,grams
FV0651A - BBQ Chickpeas & Roasted Cabbage Slaw [DE],REC-013948-4-004,Polenta - with Mascarpone and Parmesan - Quick Cook,SUB-013621-4-001,70,grams,"BLAST CHILLER, BRAISER, SPICE PORTIONING",,,,,,,,,,,,,,,,"FA-DE Grits, Cereal Hot, Quick /Grütze, Müsli, heiß, schnell",PRO-00-139264-5,12.59,12.59,grams,,,0.90169,12.59,grams
FV0651A - BBQ Chickpeas & Roasted Cabbage Slaw [DE],REC-013948-4-004,Polenta - with Mascarpone and Parmesan - Quick Cook,SUB-013621-4-001,70,grams,"BLAST CHILLER, BRAISER, SPICE PORTIONING",,,,,,,,,,,,,,,,"FA-DE Spice, Sea Salt /Gewürze, Meersalz",SPI-00-139378-5,0.24,0.24,grams,,,0.90169,0.24,grams
FV0651A - BBQ Chickpeas & Roasted Cabbage Slaw [DE],REC-013948-4-004,Polenta - with Mascarpone and Parmesan - Quick Cook,SUB-013621-4-001,70,grams,"BLAST CHILLER, BRAISER, SPICE PORTIONING",,,,,,,,,,,,,,,,"FA-DE Milk, Whole /Milch, voll",DAI-00-139142-3,50.37,50.37,grams,MILCH (EINSCHLIESSLICH LAKTOSE),,0.90169,50.37,grams
FV0651A - BBQ Chickpeas & Roasted Cabbage Slaw [DE],REC-013948-4-004,Polenta - with Mascarpone and Parmesan - Quick Cook,SUB-013621-4-001,70,grams,"BLAST CHILLER, BRAISER, SPICE PORTIONING",,,,,,,,,,,,,,,,"FA-DE Cheese, Parmesan, Grated /Käse, Parmesan, gerieben",DAI-00-139127-3,4.1,4.1,grams,MILCH (EINSCHLIESSLICH LAKTOSE),,0.90169,4.1,grams
FV0651A - BBQ Chickpeas & Roasted Cabbage Slaw [DE],REC-013948-4-004,Polenta - with Mascarpone and Parmesan - Quick Cook,SUB-013621-4-001,70,grams,"BLAST CHILLER, BRAISER, SPICE PORTIONING",,,,,,,,,,,,,,,,FA-DE Mascarpone /Mascarpone,DAI-00-139143-3,6.85,6.85,grams,MILCH (EINSCHLIESSLICH LAKTOSE),,0.90169,6.85,grams
FV0651A - BBQ Chickpeas & Roasted Cabbage Slaw [DE],REC-013948-4-004,Polenta - with Mascarpone and Parmesan - Quick Cook,SUB-013621-4-001,70,grams,"BLAST CHILLER, BRAISER, SPICE PORTIONING",,,,,,,,,,,,,,,,"FA-DE Butter, Unsalted /Butter, ungesalzen",DAI-00-139146-3,3.42,3.42,grams,MILCH (EINSCHLIESSLICH LAKTOSE),,0.90169,3.42,grams
FV0651A - BBQ Chickpeas & Roasted Cabbage Slaw [DE],REC-013948-4-004,Polenta - with Mascarpone and Parmesan - Quick Cook,SUB-013621-4-001,70,grams,"BLAST CHILLER, BRAISER, SPICE PORTIONING",,,,,,,,,,,,,,,,"FA-DE Chives, Dried /Schnittlauch, getrocknet",SPI-00-139322-5,0.07,0.07,grams,,,0.90169,0.07,grams
FV0651A - BBQ Chickpeas & Roasted Cabbage Slaw [DE],REC-013948-4-004,Corn - Chive-garlic corn kernels,SUB-013947-4-001,40,grams,"BLAST CHILLER, HAND MARINADE, OVEN",,,,,,,,,,,,,,,,"FA-DE Oil, Olive /Öl, Olivenöl",PRO-00-139277-5,1.6,1.6,grams,,,0.85732,1.6,grams
FV0651A - BBQ Chickpeas & Roasted Cabbage Slaw [DE],REC-013948-4-004,Corn - Chive-garlic corn kernels,SUB-013947-4-001,40,grams,"BLAST CHILLER, HAND MARINADE, OVEN",,,,,,,,,,,,,,,,"FA-DE Sweetcorn Supersweet Kernels, IQF /Zuckermais-Supersüßkörner, IQF",PHF-00-139236-1,44.07,44.07,grams,,,0.85732,44.07,grams
FV0651A - BBQ Chickpeas & Roasted Cabbage Slaw [DE],REC-013948-4-004,Corn - Chive-garlic corn kernels,SUB-013947-4-001,40,grams,"BLAST CHILLER, HAND MARINADE, OVEN",,,,,,,,,,,,,,,,"FA-DE Spice, Sea Salt /Gewürze, Meersalz",SPI-00-139378-5,0.2,0.2,grams,,,0.85732,0.2,grams
FV0651A - BBQ Chickpeas & Roasted Cabbage Slaw [DE],REC-013948-4-004,Corn - Chive-garlic corn kernels,SUB-013947-4-001,40,grams,"BLAST CHILLER, HAND MARINADE, OVEN",,,,,,,,,,,,,,,,"FA-DE Chives, Dried /Schnittlauch, getrocknet",SPI-00-139322-5,0.4,0.4,grams,,,0.85732,0.4,grams
FV0651A - BBQ Chickpeas & Roasted Cabbage Slaw [DE],REC-013948-4-004,Corn - Chive-garlic corn kernels,SUB-013947-4-001,40,grams,"BLAST CHILLER, HAND MARINADE, OVEN",,,,,,,,,,,,,,,,"FA-DE Spice, Garlic Powder, Toasted /Gewürz, Knoblauchpulver, geröstet",SPI-00-139354-5,0.4,0.4,grams,,,0.85732,0.4,grams
FV0651A - BBQ Chickpeas & Roasted Cabbage Slaw [DE],REC-013948-4-004,Green beans - Garlic Chili Green Beans less salt,SUB-014038-4-001,50,grams,"BLAST CHILLER, OVEN",,,,,,,,,,,,,,,,"FA-DE Onion, Green, Sliced 5mm /Zwiebel, grün, in Scheiben geschnitten, 5 mm",PHF-00-149803-3,0.81,0.81,grams,,,0.76351,0.81,grams
FV0651A - BBQ Chickpeas & Roasted Cabbage Slaw [DE],REC-013948-4-004,Green beans - Garlic Chili Green Beans less salt,SUB-014038-4-001,50,grams,"BLAST CHILLER, OVEN",,,,,,,,,,,,,,,,"FA-DE Spice, Minced Garlic, Toasted, Dry /Gewürz, gehackter Knoblauch, geröstet, trocken",SPI-00-139367-5,0.18,0.18,grams,,,0.76351,0.18,grams
FV0651A - BBQ Chickpeas & Roasted Cabbage Slaw [DE],REC-013948-4-004,Green beans - Garlic Chili Green Beans less salt,SUB-014038-4-001,50,grams,"BLAST CHILLER, OVEN",,,,,,,,,,,,,,,,"FA-DE Oil, Olive /Öl, Olivenöl",PRO-00-139277-5,6.08,6.08,grams,,,0.76351,6.08,grams
FV0651A - BBQ Chickpeas & Roasted Cabbage Slaw [DE],REC-013948-4-004,Green beans - Garlic Chili Green Beans less salt,SUB-014038-4-001,50,grams,"BLAST CHILLER, OVEN",,,,,,,,,,,,,,,,"FA-DE Green Beans, Fresh and Trimmed/Grüne Bohnen, frisch und geschnitten",PHF-00-139198-3,58.02,58.02,grams,,,0.76351,58.02,grams
FV0651A - BBQ Chickpeas & Roasted Cabbage Slaw [DE],REC-013948-4-004,Green beans - Garlic Chili Green Beans less salt,SUB-014038-4-001,50,grams,"BLAST CHILLER, OVEN",,,,,,,,,,,,,,,,"FA-DE Spice, Gochugaru Chili Pepper Flakes /Gewürz, Gochugaru-Chili-Pfefferflocken",SPI-00-139356-5,0.06,0.06,grams,,,0.76351,0.06,grams
FV0651A - BBQ Chickpeas & Roasted Cabbage Slaw [DE],REC-013948-4-004,Green beans - Garlic Chili Green Beans less salt,SUB-014038-4-001,50,grams,"BLAST CHILLER, OVEN",,,,,,,,,,,,,,,,"FA-DE Spice, Black Pepper, Ground /Gewürz, schwarzer Pfeffer, gemahlen",SPI-00-139334-5,0.18,0.18,grams,,,0.76351,0.18,grams
FV0651A - BBQ Chickpeas & Roasted Cabbage Slaw [DE],REC-013948-4-004,Green beans - Garlic Chili Green Beans less salt,SUB-014038-4-001,50,grams,"BLAST CHILLER, OVEN",,,,,,,,,,,,,,,,"FA-DE Spice, Sea Salt /Gewürze, Meersalz",SPI-00-139378-5,0.15,0.15,grams,,,0.76351,0.15,grams
FV0713A - Cabbage in cheese sauce with minced beef [DKSE],REC-013950-4-003,Cabbage - Cheesy Cabbage Casserole,SUB-013771-4-001,100,grams,"BLAST CHILLER, BRAISER, SPICE PORTIONING",,,,,,,,,,,,,,,,"FA-DE Cheese, Red Cheddar/Käse, Roter Cheddar",DAI-00-139129-3,9.21,9.21,grams,MILCH (EINSCHLIESSLICH LAKTOSE),,0.89308,9.21,grams
FV0713A - Cabbage in cheese sauce with minced beef [DKSE],REC-013950-4-003,Cabbage - Cheesy Cabbage Casserole,SUB-013771-4-001,100,grams,"BLAST CHILLER, BRAISER, SPICE PORTIONING",,,,,,,,,,,,,,,,"FA-DE Onion, Spanish, Diced 5mm /Zwiebel, Spanisch, gewürfelt 5 mm",PHF-00-139212-3,8.38,8.38,grams,,,0.89308,8.38,grams
FV0713A - Cabbage in cheese sauce with minced beef [DKSE],REC-013950-4-003,Cabbage - Cheesy Cabbage Casserole,SUB-013771-4-001,100,grams,"BLAST CHILLER, BRAISER, SPICE PORTIONING",,,,,,,,,,,,,,,,"FA-DE Spice, Onion Granulated /Gewürze, Zwiebeln granuliert",SPI-00-139370-5,0.28,0.28,grams,,,0.89308,0.28,grams
FV0713A - Cabbage in cheese sauce with minced beef [DKSE],REC-013950-4-003,Cabbage - Cheesy Cabbage Casserole,SUB-013771-4-001,100,grams,"BLAST CHILLER, BRAISER, SPICE PORTIONING",,,,,,,,,,,,,,,,"FA-DE Cabbage, Green, Shredded 5mm / Wirsing, geschnitten, 5 mm",PHF-00-139188-3,52.22,52.22,grams,,,0.89308,52.22,grams
FV0713A - Cabbage in cheese sauce with minced beef [DKSE],REC-013950-4-003,Cabbage - Cheesy Cabbage Casserole,SUB-013771-4-001,100,grams,"BLAST CHILLER, BRAISER, SPICE PORTIONING",,,,,,,,,,,,,,,,"FA-DE Spice, Black Pepper, Ground /Gewürz, schwarzer Pfeffer, gemahlen",SPI-00-139334-5,0.28,0.28,grams,,,0.89308,0.28,grams
FV0713A - Cabbage in cheese sauce with minced beef [DKSE],REC-013950-4-003,Cabbage - Cheesy Cabbage Casserole,SUB-013771-4-001,100,grams,"BLAST CHILLER, BRAISER, SPICE PORTIONING",,,,,,,,,,,,,,,,"FA-DE Spice, Sea Salt /Gewürze, Meersalz",SPI-00-139378-5,0.28,0.28,grams,,,0.89308,0.28,grams
FV0713A - Cabbage in cheese sauce with minced beef [DKSE],REC-013950-4-003,Cabbage - Cheesy Cabbage Casserole,SUB-013771-4-001,100,grams,"BLAST CHILLER, BRAISER, SPICE PORTIONING",,,,,,,,,,,,,,,,"FA-DE Stock, Chicken, Reduced/Brühe, Huhn, Reduziert",PRO-00-139288-5,0.56,0.56,grams,,,0.89308,0.56,grams
FV0713A - Cabbage in cheese sauce with minced beef [DKSE],REC-013950-4-003,Cabbage - Cheesy Cabbage Casserole,SUB-013771-4-001,100,grams,"BLAST CHILLER, BRAISER, SPICE PORTIONING",,,,,,,,,,,,,,,,"FA-DE Spice, Garlic Granulated /Gewürz, Knoblauch granuliert",SPI-00-139353-5,0.28,0.28,grams,,,0.89308,0.28,grams
FV0713A - Cabbage in cheese sauce with minced beef [DKSE],REC-013950-4-003,Cabbage - Cheesy Cabbage Casserole,SUB-013771-4-001,100,grams,"BLAST CHILLER, BRAISER, SPICE PORTIONING",,,,,,,,,,,,,,,,"FA-DE Cheese, Cream, 13% Fat (Milk) /Käse, Sahne, 13% Fett",DAI-00-139122-3,7.26,7.26,grams,MILCH (EINSCHLIESSLICH LAKTOSE),,0.89308,7.26,grams
FV0713A - Cabbage in cheese sauce with minced beef [DKSE],REC-013950-4-003,Cabbage - Cheesy Cabbage Casserole,SUB-013771-4-001,100,grams,"BLAST CHILLER, BRAISER, SPICE PORTIONING",,,,,,,,,,,,,,,,"FA-DE Oil, Olive /Öl, Olivenöl",PRO-00-139277-5,6.7,6.7,grams,,,0.89308,6.7,grams
FV0713A - Cabbage in cheese sauce with minced beef [DKSE],REC-013950-4-003,Cabbage - Cheesy Cabbage Casserole,SUB-013771-4-001,100,grams,"BLAST CHILLER, BRAISER, SPICE PORTIONING",,,,,,,,,,,,,,,,FA-DE Sour Cream /Sauerrahm,DAI-00-139141-3,12.01,12.01,grams,MILCH (EINSCHLIESSLICH LAKTOSE),,0.89308,12.01,grams
FV0713A - Cabbage in cheese sauce with minced beef [DKSE],REC-013950-4-003,Cabbage - Cheesy Cabbage Casserole,SUB-013771-4-001,100,grams,"BLAST CHILLER, BRAISER, SPICE PORTIONING",,,,,,,,,,,,,,,,FA-DE Heavy Cream 35% /Sahne 35%,DAI-00-148167-3,14.52,14.52,grams,MILCH (EINSCHLIESSLICH LAKTOSE),,0.89308,14.52,grams
FV0713A - Cabbage in cheese sauce with minced beef [DKSE],REC-013950-4-003,Tomato Ground Beef Mix,SUB-013949-4-001,130,grams,"BLAST CHILLER, BRAISER, IMMERSION BLENDER, SPICE PORTIONING",,,,,,,,,,,,,,,,"FA-DE Tomatoes, Crushed /Tomaten, zerkleinert",PRO-00-139294-5,45.22,45.22,grams,,,0.79785,45.22,grams
FV0713A - Cabbage in cheese sauce with minced beef [DKSE],REC-013950-4-003,Tomato Ground Beef Mix,SUB-013949-4-001,130,grams,"BLAST CHILLER, BRAISER, IMMERSION BLENDER, SPICE PORTIONING",,,,,,,,,,,,,,,,"FA-DE Onion, Spanish, Diced 10mm /Zwiebel, Spanisch, gewürfelt 10 mm",PHF-00-139209-3,16.15,16.15,grams,,,0.79785,16.15,grams
FV0713A - Cabbage in cheese sauce with minced beef [DKSE],REC-013950-4-003,Tomato Ground Beef Mix,SUB-013949-4-001,130,grams,"BLAST CHILLER, BRAISER, IMMERSION BLENDER, SPICE PORTIONING",,,,,,,,,,,,,,,,"FA-DE Spice, Sea Salt /Gewürze, Meersalz",SPI-00-139378-5,0.32,0.32,grams,,,0.79785,0.32,grams
FV0713A - Cabbage in cheese sauce with minced beef [DKSE],REC-013950-4-003,Tomato Ground Beef Mix,SUB-013949-4-001,130,grams,"BLAST CHILLER, BRAISER, IMMERSION BLENDER, SPICE PORTIONING",,,,,,,,,,,,,,,,"FA-DE Spice, Garlic Granulated /Gewürz, Knoblauch granuliert",SPI-00-139353-5,0.64,0.64,grams,,,0.79785,0.64,grams
FV0713A - Cabbage in cheese sauce with minced beef [DKSE],REC-013950-4-003,Tomato Ground Beef Mix,SUB-013949-4-001,130,grams,"BLAST CHILLER, BRAISER, IMMERSION BLENDER, SPICE PORTIONING",,,,,,,,,,,,,,,,"FA-DE Stock, Chicken, Reduced/Brühe, Huhn, Reduziert",PRO-00-139288-5,3.01,3.01,grams,,,0.79785,3.01,grams
FV0713A - Cabbage in cheese sauce with minced beef [DKSE],REC-013950-4-003,Tomato Ground Beef Mix,SUB-013949-4-001,130,grams,"BLAST CHILLER, BRAISER, IMMERSION BLENDER, SPICE PORTIONING",Ground Beef - cooked,SUB-013435-4-001,92.94,grams,"BLAST CHILLER, BRAISER",,,,,,,,,,,"FA-DE Beef, Ground, 80/20 /Rindfleisch, gemahlen, 80/20",PTN-00-139319-3,130.29,130.29,grams,,,0.71328,130.29,grams
FV0713A - Cabbage in cheese sauce with minced beef [DKSE],REC-013950-4-003,Tomato Ground Beef Mix,SUB-013949-4-001,130,grams,"BLAST CHILLER, BRAISER, IMMERSION BLENDER, SPICE PORTIONING",,,,,,,,,,,,,,,,"FA-DE Spice, Black Pepper, Ground /Gewürz, schwarzer Pfeffer, gemahlen",SPI-00-139334-5,0.13,0.13,grams,,,0.79785,0.13,grams
FV0713A - Cabbage in cheese sauce with minced beef [DKSE],REC-013950-4-003,Tomato Ground Beef Mix,SUB-013949-4-001,130,grams,"BLAST CHILLER, BRAISER, IMMERSION BLENDER, SPICE PORTIONING",,,,,,,,,,,,,,,,"FA-DE Spice, Mustard Seed Ground, Dry /Gewürz, Senfkörner gemahlen, Trockenmasse",SPI-00-139369-5,0.19,0.19,grams,SENF,,0.79785,0.19,grams
FV0713A - Cabbage in cheese sauce with minced beef [DKSE],REC-013950-4-003,Tomato Ground Beef Mix,SUB-013949-4-001,130,grams,"BLAST CHILLER, BRAISER, IMMERSION BLENDER, SPICE PORTIONING",,,,,,,,,,,,,,,,"FA-DE Cheese, Parmesan, Grated /Käse, Parmesan, gerieben",DAI-00-139127-3,1.73,1.73,grams,MILCH (EINSCHLIESSLICH LAKTOSE),,0.79785,1.73,grams
FV0713A - Cabbage in cheese sauce with minced beef [DKSE],REC-013950-4-003,Tomato Ground Beef Mix,SUB-013949-4-001,130,grams,"BLAST CHILLER, BRAISER, IMMERSION BLENDER, SPICE PORTIONING",,,,,,,,,,,,,,,,"FA-DE Spice, Crushed Red Pepper Flakes /Gewürz, zerkleinerte rote Pfefferflocken",SPI-00-139344-5,0.1,0.1,grams,,,0.79785,0.1,grams
FV0713A - Cabbage in cheese sauce with minced beef [DKSE],REC-013950-4-003,Tomato Ground Beef Mix,SUB-013949-4-001,130,grams,"BLAST CHILLER, BRAISER, IMMERSION BLENDER, SPICE PORTIONING",,,,,,,,,,,,,,,,"FA-DE Spice, Onion Powder, Toasted /Gewürze, Zwiebelpulver, geröstet",SPI-00-139371-5,0.48,0.48,grams,,,0.79785,0.48,grams
FV0713A - Cabbage in cheese sauce with minced beef [DKSE],REC-013950-4-003,Tomato Ground Beef Mix,SUB-013949-4-001,130,grams,"BLAST CHILLER, BRAISER, IMMERSION BLENDER, SPICE PORTIONING",,,,,,,,,,,,,,,,"FA-DE Oil, Olive /Öl, Olivenöl",PRO-00-139277-5,2.03,2.03,grams,,,0.79785,2.03,grams
FV0713A - Cabbage in cheese sauce with minced beef [DKSE],REC-013950-4-003,,,,,,,,,,,,,,,,,,,,,"FA-DE Cheese, White Cheddar, Shredded /Käse, weißer Cheddar, gerieben",DAI-00-139135-3,25,25,grams,MILCH (EINSCHLIESSLICH LAKTOSE),,,25,grams
FV0713A - Cabbage in cheese sauce with minced beef [DKSE],REC-013950-4-003,Mixed veg - Garlic Chili Green Beans & Red Bell Peppers,SUB-013731-4-001,100,grams,"BLAST CHILLER, OVEN",,,,,,,,,,,,,,,,"FA-DE Green Beans, Fresh, Cut 40mm /Grüne Bohnen, frisch, geschnitten 40mm",PHF-00-139199-3,59.48,59.48,grams,,,0.79503,59.48,grams
FV0713A - Cabbage in cheese sauce with minced beef [DKSE],REC-013950-4-003,Mixed veg - Garlic Chili Green Beans & Red Bell Peppers,SUB-013731-4-001,100,grams,"BLAST CHILLER, OVEN",,,,,,,,,,,,,,,,"FA-DE Bell Peppers, Red, Sliced 10mm /Paprika, rot, in Scheiben geschnitten, 10 mm",PHF-00-139183-3,59.48,59.48,grams,,,0.79503,59.48,grams
FV0713A - Cabbage in cheese sauce with minced beef [DKSE],REC-013950-4-003,Mixed veg - Garlic Chili Green Beans & Red Bell Peppers,SUB-013731-4-001,100,grams,"BLAST CHILLER, OVEN",Mixed veg - Garlic Chili Green Beans & Red Bell Peppers Marinade,SUB-032171-4-001,6.83,grams,IMMERSION BLENDER,,,,,,,,,,,"FA-DE Spice, Gochugaru Chili Pepper Flakes /Gewürz, Gochugaru-Chili-Pfefferflocken",SPI-00-139356-5,0.1,0.1,grams,,,0.98008,0.1,grams
FV0713A - Cabbage in cheese sauce with minced beef [DKSE],REC-013950-4-003,Mixed veg - Garlic Chili Green Beans & Red Bell Peppers,SUB-013731-4-001,100,grams,"BLAST CHILLER, OVEN",Mixed veg - Garlic Chili Green Beans & Red Bell Peppers Marinade,SUB-032171-4-001,6.83,grams,IMMERSION BLENDER,,,,,,,,,,,"FA-DE Spice, Sea Salt /Gewürze, Meersalz",SPI-00-139378-5,0.63,0.63,grams,,,0.98008,0.63,grams
FV0713A - Cabbage in cheese sauce with minced beef [DKSE],REC-013950-4-003,Mixed veg - Garlic Chili Green Beans & Red Bell Peppers,SUB-013731-4-001,100,grams,"BLAST CHILLER, OVEN",Mixed veg - Garlic Chili Green Beans & Red Bell Peppers Marinade,SUB-032171-4-001,6.83,grams,IMMERSION BLENDER,,,,,,,,,,,"FA-DE Oil, Olive /Öl, Olivenöl",PRO-00-139277-5,4.5,4.5,grams,,,0.98008,4.5,grams
FV0713A - Cabbage in cheese sauce with minced beef [DKSE],REC-013950-4-003,Mixed veg - Garlic Chili Green Beans & Red Bell Peppers,SUB-013731-4-001,100,grams,"BLAST CHILLER, OVEN",Mixed veg - Garlic Chili Green Beans & Red Bell Peppers Marinade,SUB-032171-4-001,6.83,grams,IMMERSION BLENDER,,,,,,,,,,,"FA-DE Onion, Green, Sliced 5mm /Zwiebel, grün, in Scheiben geschnitten, 5 mm",PHF-00-149803-3,1.33,1.33,grams,,,0.98008,1.33,grams
FV0713A - Cabbage in cheese sauce with minced beef [DKSE],REC-013950-4-003,Mixed veg - Garlic Chili Green Beans & Red Bell Peppers,SUB-013731-4-001,100,grams,"BLAST CHILLER, OVEN",Mixed veg - Garlic Chili Green Beans & Red Bell Peppers Marinade,SUB-032171-4-001,6.83,grams,IMMERSION BLENDER,,,,,,,,,,,"FA-DE Spice, Minced Garlic, Toasted, Dry /Gewürz, gehackter Knoblauch, geröstet, trocken",SPI-00-139367-5,0.3,0.3,grams,,,0.98008,0.3,grams
FV0713A - Cabbage in cheese sauce with minced beef [DKSE],REC-013950-4-003,Mixed veg - Garlic Chili Green Beans & Red Bell Peppers,SUB-013731-4-001,100,grams,"BLAST CHILLER, OVEN",Mixed veg - Garlic Chili Green Beans & Red Bell Peppers Marinade,SUB-032171-4-001,6.83,grams,IMMERSION BLENDER,,,,,,,,,,,"FA-DE Spice, Black Pepper, Ground /Gewürz, schwarzer Pfeffer, gemahlen",SPI-00-139334-5,0.1,0.1,grams,,,0.98008,0.1,grams
FV0778A- Creamy pesto pasta [BNL],REC-014155-4-003,,,,,,,,,,,,,,,,,,,,,"FA-DE Pasta, Whole Wheat, Penne IQF/Nudeln, vollkorn, IQF",PRO-00-139304-1,115,115,grams,"GLUTENHALTIGES GETREIDE, WEIZEN",,,115,grams
FV0778A- Creamy pesto pasta [BNL],REC-014155-4-003,Mixed veg - Roasted Vegetable BATCH 25% less oil,SUB-014154-4-001,75,grams,"BLAST CHILLER, OVEN",,,,,,,,,,,,,,,,"FA-DE Zucchini, Diced 10mm /Zucchini, gewürfelt 10 mm",PHF-00-139229-3,66.87,66.87,grams,,,0.7243,66.87,grams
FV0778A- Creamy pesto pasta [BNL],REC-014155-4-003,Mixed veg - Roasted Vegetable BATCH 25% less oil,SUB-014154-4-001,75,grams,"BLAST CHILLER, OVEN",,,,,,,,,,,,,,,,"FA-DE Garlic, IQF, Diced 4 mm /Knoblauch, IQF, gewürfelt 4 mm",PHF-00-139237-1,1.03,1.03,grams,SCHWEFELDIOXIDE UND SULFITE,,0.7243,1.03,grams
FV0778A- Creamy pesto pasta [BNL],REC-014155-4-003,Mixed veg - Roasted Vegetable BATCH 25% less oil,SUB-014154-4-001,75,grams,"BLAST CHILLER, OVEN",,,,,,,,,,,,,,,,"FA-DE Spice, Parsley Dried /Gewürze, getrocknete Petersilie",SPI-00-139374-5,0.34,0.34,grams,,,0.7243,0.34,grams
FV0778A- Creamy pesto pasta [BNL],REC-014155-4-003,Mixed veg - Roasted Vegetable BATCH 25% less oil,SUB-014154-4-001,75,grams,"BLAST CHILLER, OVEN",,,,,,,,,,,,,,,,"FA-DE Spice, Onion Granulated /Gewürze, Zwiebeln granuliert",SPI-00-139370-5,0.34,0.34,grams,,,0.7243,0.34,grams
FV0778A- Creamy pesto pasta [BNL],REC-014155-4-003,Mixed veg - Roasted Vegetable BATCH 25% less oil,SUB-014154-4-001,75,grams,"BLAST CHILLER, OVEN",,,,,,,,,,,,,,,,"FA-DE Oil, Olive /Öl, Olivenöl",PRO-00-139277-5,2.75,2.75,grams,,,0.7243,2.75,grams
FV0778A- Creamy pesto pasta [BNL],REC-014155-4-003,Mixed veg - Roasted Vegetable BATCH 25% less oil,SUB-014154-4-001,75,grams,"BLAST CHILLER, OVEN",,,,,,,,,,,,,,,,"FA-DE Bell Peppers, Red, Diced 10mm /Paprika, rot, gewürfelt 10 mm",PHF-00-139179-3,29.83,29.83,grams,,,0.7243,29.83,grams
FV0778A- Creamy pesto pasta [BNL],REC-014155-4-003,Mixed veg - Roasted Vegetable BATCH 25% less oil,SUB-014154-4-001,75,grams,"BLAST CHILLER, OVEN",,,,,,,,,,,,,,,,"FA-DE Spice, Sea Salt /Gewürze, Meersalz",SPI-00-139378-5,0.6,0.6,grams,,,0.7243,0.6,grams
FV0778A- Creamy pesto pasta [BNL],REC-014155-4-003,Mixed veg - Roasted Vegetable BATCH 25% less oil,SUB-014154-4-001,75,grams,"BLAST CHILLER, OVEN",,,,,,,,,,,,,,,,"FA-DE Juice, Lemon /Saft, Zitrone",PRO-00-139265-5,1,1,grams,,,0.7243,1,grams
FV0778A- Creamy pesto pasta [BNL],REC-014155-4-003,Mixed veg - Roasted Vegetable BATCH 25% less oil,SUB-014154-4-001,75,grams,"BLAST CHILLER, OVEN",,,,,,,,,,,,,,,,"FA-DE Spice, White Pepper /Gewürz, weißer Pfeffer",SPI-00-139387-5,0.15,0.15,grams,,,0.7243,0.15,grams
FV0778A- Creamy pesto pasta [BNL],REC-014155-4-003,Mixed veg - Roasted Vegetable BATCH 25% less oil,SUB-014154-4-001,75,grams,"BLAST CHILLER, OVEN",,,,,,,,,,,,,,,,"FA-DE Spice, Tomato Powder /Gewürz, Tomatenpulver",SPI-00-139325-5,0.64,0.64,grams,,,0.7243,0.64,grams
FV0778A- Creamy pesto pasta [BNL],REC-014155-4-003,Sauce - Basil Pesto Cream Sauce -Less Fat,SUB-032112-4-001,90,grams,"BLAST CHILLER, IMMERSION BLENDER",,,,,,,,,,,,,,,,"FA-DE Garlic, Peeled, Whole Cloves [10kg] /Knoblauch, geschält, ganze Nelken [10kg]",PHF-00-139197-3,0.89,0.89,grams,,,0.91318,0.89,grams
FV0778A- Creamy pesto pasta [BNL],REC-014155-4-003,Sauce - Basil Pesto Cream Sauce -Less Fat,SUB-032112-4-001,90,grams,"BLAST CHILLER, IMMERSION BLENDER",,,,,,,,,,,,,,,,FA-DE Water / Wasser,OTH-00-144038-5,11.69,11.69,grams,,,0.91318,11.69,grams
FV0778A- Creamy pesto pasta [BNL],REC-014155-4-003,Sauce - Basil Pesto Cream Sauce -Less Fat,SUB-032112-4-001,90,grams,"BLAST CHILLER, IMMERSION BLENDER",,,,,,,,,,,,,,,,"FA-DE Juice, Lemon /Saft, Zitrone",PRO-00-139265-5,11.69,11.69,grams,,,0.91318,11.69,grams
FV0778A- Creamy pesto pasta [BNL],REC-014155-4-003,Sauce - Basil Pesto Cream Sauce -Less Fat,SUB-032112-4-001,90,grams,"BLAST CHILLER, IMMERSION BLENDER",Heavy Cream- Yielded,SUB-013449-4-001,14.39,grams,HAND MIX,,,,,,,,,,,FA-DE Heavy Cream 20% /Sahne 20%,DAI-00-139137-3,15.9,15.9,grams,MILCH (EINSCHLIESSLICH LAKTOSE),,0.90476,15.9,grams
FV0778A- Creamy pesto pasta [BNL],REC-014155-4-003,Sauce - Basil Pesto Cream Sauce -Less Fat,SUB-032112-4-001,90,grams,"BLAST CHILLER, IMMERSION BLENDER",,,,,,,,,,,,,,,,"FA-DE Spice, Garlic Granulated /Gewürz, Knoblauch granuliert",SPI-00-139353-5,0.89,0.89,grams,,,0.91318,0.89,grams
FV0778A- Creamy pesto pasta [BNL],REC-014155-4-003,Sauce - Basil Pesto Cream Sauce -Less Fat,SUB-032112-4-001,90,grams,"BLAST CHILLER, IMMERSION BLENDER",,,,,,,,,,,,,,,,"FA-DE Spice, Sea Salt /Gewürze, Meersalz",SPI-00-139378-5,2.38,2.38,grams,,,0.91318,2.38,grams
FV0778A- Creamy pesto pasta [BNL],REC-014155-4-003,Sauce - Basil Pesto Cream Sauce -Less Fat,SUB-032112-4-001,90,grams,"BLAST CHILLER, IMMERSION BLENDER",,,,,,,,,,,,,,,,"FA-DE Cheese, Parmesan, Grated /Käse, Parmesan, gerieben",DAI-00-139127-3,9,9,grams,MILCH (EINSCHLIESSLICH LAKTOSE),,0.91318,9,grams
FV0778A- Creamy pesto pasta [BNL],REC-014155-4-003,Sauce - Basil Pesto Cream Sauce -Less Fat,SUB-032112-4-001,90,grams,"BLAST CHILLER, IMMERSION BLENDER",,,,,,,,,,,,,,,,"FA-DE Spinach, Fresh, Stem Off /Spinat, frisch, ohne Stiel",PHF-00-139225-3,10.77,10.77,grams,,,0.91318,10.77,grams
FV0778A- Creamy pesto pasta [BNL],REC-014155-4-003,Sauce - Basil Pesto Cream Sauce -Less Fat,SUB-032112-4-001,90,grams,"BLAST CHILLER, IMMERSION BLENDER",,,,,,,,,,,,,,,,"FA-DE Oil, Olive /Öl, Olivenöl",PRO-00-139277-5,25.16,25.16,grams,,,0.91318,25.16,grams
FV0778A- Creamy pesto pasta [BNL],REC-014155-4-003,Sauce - Basil Pesto Cream Sauce -Less Fat,SUB-032112-4-001,90,grams,"BLAST CHILLER, IMMERSION BLENDER",Basil Kill Step,SUB-024331-4-001,11.69,grams,"BLAST CHILLER, OVEN",Basil - Picked Basil Leaves,SUB-013424-4-001,12.99,grams,"DEBOX, STAGING",,,,,,"FA-DE Basil, Fresh /Basilikum, frisch",PHF-00-139175-3,23.19,23.19,grams,,,0.55986,23.19,grams
FV0778A- Creamy pesto pasta [BNL],REC-014155-4-003,Tomatoes - Roasted cherry tomatoes,SUB-013627-4-001,35,grams,"BLAST CHILLER, OVEN",,,,,,,,,,,,,,,,"FA-DE Tomatoes, Cherry/Tomaten, Kirsche",PHF-00-139190-3,40.76,40.76,grams,,,0.85,40.76,grams
FV0778A- Creamy pesto pasta [BNL],REC-014155-4-003,Tomatoes - Roasted cherry tomatoes,SUB-013627-4-001,35,grams,"BLAST CHILLER, OVEN",,,,,,,,,,,,,,,,"FA-DE Oil, Olive /Öl, Olivenöl",PRO-00-139277-5,0.41,0.41,grams,,,0.85,0.41,grams
FV0778A- Creamy pesto pasta [BNL],REC-014155-4-003,Tomatoes - Roasted cherry tomatoes,SUB-013627-4-001,35,grams,"BLAST CHILLER, OVEN",,,,,,,,,,,,,,,,"FA-DE Spice, Sea Salt /Gewürze, Meersalz",SPI-00-139378-5,0.01,0.01,grams,,,0.85,0.01,grams
FV0778A- Creamy pesto pasta [BNL],REC-014155-4-003,"Green Beans -Roasted Green Beans w/Roasted Garlic less oil, less fat",SUB-032114-4-001,120,grams,"BLAST CHILLER, OVEN",,,,,,,,,,,,,,,,"FA-DE Spice, Black Pepper, Ground /Gewürz, schwarzer Pfeffer, gemahlen",SPI-00-139334-5,0.11,0.11,grams,,,0.75524,0.11,grams
FV0778A- Creamy pesto pasta [BNL],REC-014155-4-003,"Green Beans -Roasted Green Beans w/Roasted Garlic less oil, less fat",SUB-032114-4-001,120,grams,"BLAST CHILLER, OVEN",,,,,,,,,,,,,,,,"FA-DE Spice, Sea Salt /Gewürze, Meersalz",SPI-00-139378-5,0.53,0.53,grams,,,0.75524,0.53,grams
FV0778A- Creamy pesto pasta [BNL],REC-014155-4-003,"Green Beans -Roasted Green Beans w/Roasted Garlic less oil, less fat",SUB-032114-4-001,120,grams,"BLAST CHILLER, OVEN",Roasted Garlic (use),SUB-013367-4-001,4.52,grams,"BLAST CHILLER, BRAISER, SPICE PORTIONING",,,,,,,,,,,"FA-DE Garlic, Peeled, Whole Cloves [10kg] /Knoblauch, geschält, ganze Nelken [10kg]",PHF-00-139197-3,4.55,4.55,grams,,,0.56691,4.55,grams
FV0778A- Creamy pesto pasta [BNL],REC-014155-4-003,"Green Beans -Roasted Green Beans w/Roasted Garlic less oil, less fat",SUB-032114-4-001,120,grams,"BLAST CHILLER, OVEN",Roasted Garlic (use),SUB-013367-4-001,4.52,grams,"BLAST CHILLER, BRAISER, SPICE PORTIONING",,,,,,,,,,,"FA-DE Oil, Olive /Öl, Olivenöl",PRO-00-139277-5,3.41,3.41,grams,,,0.56691,3.41,grams
FV0778A- Creamy pesto pasta [BNL],REC-014155-4-003,"Green Beans -Roasted Green Beans w/Roasted Garlic less oil, less fat",SUB-032114-4-001,120,grams,"BLAST CHILLER, OVEN",,,,,,,,,,,,,,,,"FA-DE Green Beans, Fresh and Trimmed/Grüne Bohnen, frisch und geschnitten",PHF-00-139198-3,149.73,149.73,grams,,,0.75524,149.73,grams
FV0778A- Creamy pesto pasta [BNL],REC-014155-4-003,"Green Beans -Roasted Green Beans w/Roasted Garlic less oil, less fat",SUB-032114-4-001,120,grams,"BLAST CHILLER, OVEN",,,,,,,,,,,,,,,,"FA-DE Oil, Olive /Öl, Olivenöl",PRO-00-139277-5,4,4,grams,,,0.75524,4,grams
FV0778A- Creamy pesto pasta [DKSE],REC-014155-4-005,,,,,,,,,,,,,,,,,,,,,"FA-DE Pasta, Whole Wheat, Penne IQF/Nudeln, vollkorn, IQF",PRO-00-139304-1,115,115,grams,"GLUTENHALTIGES GETREIDE, WEIZEN",,,115,grams
FV0778A- Creamy pesto pasta [DKSE],REC-014155-4-005,Mixed veg - Roasted Vegetable BATCH 25% less oil,SUB-014154-4-001,75,grams,"BLAST CHILLER, OVEN",,,,,,,,,,,,,,,,"FA-DE Zucchini, Diced 10mm /Zucchini, gewürfelt 10 mm",PHF-00-139229-3,66.87,66.87,grams,,,0.7243,66.87,grams
FV0778A- Creamy pesto pasta [DKSE],REC-014155-4-005,Mixed veg - Roasted Vegetable BATCH 25% less oil,SUB-014154-4-001,75,grams,"BLAST CHILLER, OVEN",,,,,,,,,,,,,,,,"FA-DE Garlic, IQF, Diced 4 mm /Knoblauch, IQF, gewürfelt 4 mm",PHF-00-139237-1,1.03,1.03,grams,SCHWEFELDIOXIDE UND SULFITE,,0.7243,1.03,grams
FV0778A- Creamy pesto pasta [DKSE],REC-014155-4-005,Mixed veg - Roasted Vegetable BATCH 25% less oil,SUB-014154-4-001,75,grams,"BLAST CHILLER, OVEN",,,,,,,,,,,,,,,,"FA-DE Spice, Parsley Dried /Gewürze, getrocknete Petersilie",SPI-00-139374-5,0.34,0.34,grams,,,0.7243,0.34,grams
FV0778A- Creamy pesto pasta [DKSE],REC-014155-4-005,Mixed veg - Roasted Vegetable BATCH 25% less oil,SUB-014154-4-001,75,grams,"BLAST CHILLER, OVEN",,,,,,,,,,,,,,,,"FA-DE Spice, Onion Granulated /Gewürze, Zwiebeln granuliert",SPI-00-139370-5,0.34,0.34,grams,,,0.7243,0.34,grams
FV0778A- Creamy pesto pasta [DKSE],REC-014155-4-005,Mixed veg - Roasted Vegetable BATCH 25% less oil,SUB-014154-4-001,75,grams,"BLAST CHILLER, OVEN",,,,,,,,,,,,,,,,"FA-DE Oil, Olive /Öl, Olivenöl",PRO-00-139277-5,2.75,2.75,grams,,,0.7243,2.75,grams
FV0778A- Creamy pesto pasta [DKSE],REC-014155-4-005,Mixed veg - Roasted Vegetable BATCH 25% less oil,SUB-014154-4-001,75,grams,"BLAST CHILLER, OVEN",,,,,,,,,,,,,,,,"FA-DE Bell Peppers, Red, Diced 10mm /Paprika, rot, gewürfelt 10 mm",PHF-00-139179-3,29.83,29.83,grams,,,0.7243,29.83,grams
FV0778A- Creamy pesto pasta [DKSE],REC-014155-4-005,Mixed veg - Roasted Vegetable BATCH 25% less oil,SUB-014154-4-001,75,grams,"BLAST CHILLER, OVEN",,,,,,,,,,,,,,,,"FA-DE Spice, Sea Salt /Gewürze, Meersalz",SPI-00-139378-5,0.6,0.6,grams,,,0.7243,0.6,grams
FV0778A- Creamy pesto pasta [DKSE],REC-014155-4-005,Mixed veg - Roasted Vegetable BATCH 25% less oil,SUB-014154-4-001,75,grams,"BLAST CHILLER, OVEN",,,,,,,,,,,,,,,,"FA-DE Juice, Lemon /Saft, Zitrone",PRO-00-139265-5,1,1,grams,,,0.7243,1,grams
FV0778A- Creamy pesto pasta [DKSE],REC-014155-4-005,Mixed veg - Roasted Vegetable BATCH 25% less oil,SUB-014154-4-001,75,grams,"BLAST CHILLER, OVEN",,,,,,,,,,,,,,,,"FA-DE Spice, White Pepper /Gewürz, weißer Pfeffer",SPI-00-139387-5,0.15,0.15,grams,,,0.7243,0.15,grams
FV0778A- Creamy pesto pasta [DKSE],REC-014155-4-005,Mixed veg - Roasted Vegetable BATCH 25% less oil,SUB-014154-4-001,75,grams,"BLAST CHILLER, OVEN",,,,,,,,,,,,,,,,"FA-DE Spice, Tomato Powder /Gewürz, Tomatenpulver",SPI-00-139325-5,0.64,0.64,grams,,,0.7243,0.64,grams
FV0778A- Creamy pesto pasta [DKSE],REC-014155-4-005,Sauce - Basil Pesto Cream Sauce -Less Fat,SUB-032112-4-001,90,grams,"BLAST CHILLER, IMMERSION BLENDER",,,,,,,,,,,,,,,,"FA-DE Garlic, Peeled, Whole Cloves [10kg] /Knoblauch, geschält, ganze Nelken [10kg]",PHF-00-139197-3,0.89,0.89,grams,,,0.91318,0.89,grams
FV0778A- Creamy pesto pasta [DKSE],REC-014155-4-005,Sauce - Basil Pesto Cream Sauce -Less Fat,SUB-032112-4-001,90,grams,"BLAST CHILLER, IMMERSION BLENDER",,,,,,,,,,,,,,,,FA-DE Water / Wasser,OTH-00-144038-5,11.69,11.69,grams,,,0.91318,11.69,grams
FV0778A- Creamy pesto pasta [DKSE],REC-014155-4-005,Sauce - Basil Pesto Cream Sauce -Less Fat,SUB-032112-4-001,90,grams,"BLAST CHILLER, IMMERSION BLENDER",,,,,,,,,,,,,,,,"FA-DE Juice, Lemon /Saft, Zitrone",PRO-00-139265-5,11.69,11.69,grams,,,0.91318,11.69,grams
FV0778A- Creamy pesto pasta [DKSE],REC-014155-4-005,Sauce - Basil Pesto Cream Sauce -Less Fat,SUB-032112-4-001,90,grams,"BLAST CHILLER, IMMERSION BLENDER",Heavy Cream- Yielded,SUB-013449-4-001,14.39,grams,HAND MIX,,,,,,,,,,,FA-DE Heavy Cream 20% /Sahne 20%,DAI-00-139137-3,15.9,15.9,grams,MILCH (EINSCHLIESSLICH LAKTOSE),,0.90476,15.9,grams
FV0778A- Creamy pesto pasta [DKSE],REC-014155-4-005,Sauce - Basil Pesto Cream Sauce -Less Fat,SUB-032112-4-001,90,grams,"BLAST CHILLER, IMMERSION BLENDER",,,,,,,,,,,,,,,,"FA-DE Spice, Garlic Granulated /Gewürz, Knoblauch granuliert",SPI-00-139353-5,0.89,0.89,grams,,,0.91318,0.89,grams
FV0778A- Creamy pesto pasta [DKSE],REC-014155-4-005,Sauce - Basil Pesto Cream Sauce -Less Fat,SUB-032112-4-001,90,grams,"BLAST CHILLER, IMMERSION BLENDER",,,,,,,,,,,,,,,,"FA-DE Spice, Sea Salt /Gewürze, Meersalz",SPI-00-139378-5,2.38,2.38,grams,,,0.91318,2.38,grams
FV0778A- Creamy pesto pasta [DKSE],REC-014155-4-005,Sauce - Basil Pesto Cream Sauce -Less Fat,SUB-032112-4-001,90,grams,"BLAST CHILLER, IMMERSION BLENDER",,,,,,,,,,,,,,,,"FA-DE Cheese, Parmesan, Grated /Käse, Parmesan, gerieben",DAI-00-139127-3,9,9,grams,MILCH (EINSCHLIESSLICH LAKTOSE),,0.91318,9,grams
FV0778A- Creamy pesto pasta [DKSE],REC-014155-4-005,Sauce - Basil Pesto Cream Sauce -Less Fat,SUB-032112-4-001,90,grams,"BLAST CHILLER, IMMERSION BLENDER",,,,,,,,,,,,,,,,"FA-DE Spinach, Fresh, Stem Off /Spinat, frisch, ohne Stiel",PHF-00-139225-3,10.77,10.77,grams,,,0.91318,10.77,grams
FV0778A- Creamy pesto pasta [DKSE],REC-014155-4-005,Sauce - Basil Pesto Cream Sauce -Less Fat,SUB-032112-4-001,90,grams,"BLAST CHILLER, IMMERSION BLENDER",,,,,,,,,,,,,,,,"FA-DE Oil, Olive /Öl, Olivenöl",PRO-00-139277-5,25.16,25.16,grams,,,0.91318,25.16,grams
FV0778A- Creamy pesto pasta [DKSE],REC-014155-4-005,Sauce - Basil Pesto Cream Sauce -Less Fat,SUB-032112-4-001,90,grams,"BLAST CHILLER, IMMERSION BLENDER",Basil Kill Step,SUB-024331-4-001,11.69,grams,"BLAST CHILLER, OVEN",Basil - Picked Basil Leaves,SUB-013424-4-001,12.99,grams,"DEBOX, STAGING",,,,,,"FA-DE Basil, Fresh /Basilikum, frisch",PHF-00-139175-3,23.19,23.19,grams,,,0.55986,23.19,grams
FV0778A- Creamy pesto pasta [DKSE],REC-014155-4-005,Tomatoes - Roasted cherry tomatoes,SUB-013627-4-001,35,grams,"BLAST CHILLER, OVEN",,,,,,,,,,,,,,,,"FA-DE Tomatoes, Cherry/Tomaten, Kirsche",PHF-00-139190-3,40.76,40.76,grams,,,0.85,40.76,grams
FV0778A- Creamy pesto pasta [DKSE],REC-014155-4-005,Tomatoes - Roasted cherry tomatoes,SUB-013627-4-001,35,grams,"BLAST CHILLER, OVEN",,,,,,,,,,,,,,,,"FA-DE Oil, Olive /Öl, Olivenöl",PRO-00-139277-5,0.41,0.41,grams,,,0.85,0.41,grams
FV0778A- Creamy pesto pasta [DKSE],REC-014155-4-005,Tomatoes - Roasted cherry tomatoes,SUB-013627-4-001,35,grams,"BLAST CHILLER, OVEN",,,,,,,,,,,,,,,,"FA-DE Spice, Sea Salt /Gewürze, Meersalz",SPI-00-139378-5,0.01,0.01,grams,,,0.85,0.01,grams
FV0778A- Creamy pesto pasta [DKSE],REC-014155-4-005,"Green Beans -Roasted Green Beans w/Roasted Garlic less oil, less fat",SUB-032114-4-001,120,grams,"BLAST CHILLER, OVEN",,,,,,,,,,,,,,,,"FA-DE Spice, Black Pepper, Ground /Gewürz, schwarzer Pfeffer, gemahlen",SPI-00-139334-5,0.11,0.11,grams,,,0.75524,0.11,grams
FV0778A- Creamy pesto pasta [DKSE],REC-014155-4-005,"Green Beans -Roasted Green Beans w/Roasted Garlic less oil, less fat",SUB-032114-4-001,120,grams,"BLAST CHILLER, OVEN",,,,,,,,,,,,,,,,"FA-DE Spice, Sea Salt /Gewürze, Meersalz",SPI-00-139378-5,0.53,0.53,grams,,,0.75524,0.53,grams
FV0778A- Creamy pesto pasta [DKSE],REC-014155-4-005,"Green Beans -Roasted Green Beans w/Roasted Garlic less oil, less fat",SUB-032114-4-001,120,grams,"BLAST CHILLER, OVEN",Roasted Garlic (use),SUB-013367-4-001,4.52,grams,"BLAST CHILLER, BRAISER, SPICE PORTIONING",,,,,,,,,,,"FA-DE Garlic, Peeled, Whole Cloves [10kg] /Knoblauch, geschält, ganze Nelken [10kg]",PHF-00-139197-3,4.55,4.55,grams,,,0.56691,4.55,grams
FV0778A- Creamy pesto pasta [DKSE],REC-014155-4-005,"Green Beans -Roasted Green Beans w/Roasted Garlic less oil, less fat",SUB-032114-4-001,120,grams,"BLAST CHILLER, OVEN",Roasted Garlic (use),SUB-013367-4-001,4.52,grams,"BLAST CHILLER, BRAISER, SPICE PORTIONING",,,,,,,,,,,"FA-DE Oil, Olive /Öl, Olivenöl",PRO-00-139277-5,3.41,3.41,grams,,,0.56691,3.41,grams
FV0778A- Creamy pesto pasta [DKSE],REC-014155-4-005,"Green Beans -Roasted Green Beans w/Roasted Garlic less oil, less fat",SUB-032114-4-001,120,grams,"BLAST CHILLER, OVEN",,,,,,,,,,,,,,,,"FA-DE Green Beans, Fresh and Trimmed/Grüne Bohnen, frisch und geschnitten",PHF-00-139198-3,149.73,149.73,grams,,,0.75524,149.73,grams
FV0778A- Creamy pesto pasta [DKSE],REC-014155-4-005,"Green Beans -Roasted Green Beans w/Roasted Garlic less oil, less fat",SUB-032114-4-001,120,grams,"BLAST CHILLER, OVEN",,,,,,,,,,,,,,,,"FA-DE Oil, Olive /Öl, Olivenöl",PRO-00-139277-5,4,4,grams,,,0.75524,4,grams
FV0794A - Loaded Bacon Shredded Chicken [BNL],REC-013489-4-003,Bacon Chicken Casserole,SUB-013488-4-001,225,grams,"BLAST CHILLER, HAND MIX",Shredded Ranch Chicken (Loaded Bacon & Spinach),SUB-013487-4-001,120.52,grams,"BLAST CHILLER, HOT SHREDDER, MARINADE, OVEN",,,,,,,,,,,"FA-DE Oil, Olive /Öl, Olivenöl",PRO-00-139277-5,9.64,9.64,grams,,,0.71477,9.64,grams
FV0794A - Loaded Bacon Shredded Chicken [BNL],REC-013489-4-003,Bacon Chicken Casserole,SUB-013488-4-001,225,grams,"BLAST CHILLER, HAND MIX",Shredded Ranch Chicken (Loaded Bacon & Spinach),SUB-013487-4-001,120.52,grams,"BLAST CHILLER, HOT SHREDDER, MARINADE, OVEN",DRY Ranch Seasoning,SUB-013480-4-001,4.65,grams,"HAND MIX, SPICE PORTIONING",,,,,,"FA-DE Spice, Buttermilk Powder/Gewürz, Buttermilchpulver",SPI-00-151139-5,2.87,2.87,grams,MILCH (EINSCHLIESSLICH LAKTOSE),,0.97982,2.87,grams
FV0794A - Loaded Bacon Shredded Chicken [BNL],REC-013489-4-003,Bacon Chicken Casserole,SUB-013488-4-001,225,grams,"BLAST CHILLER, HAND MIX",Shredded Ranch Chicken (Loaded Bacon & Spinach),SUB-013487-4-001,120.52,grams,"BLAST CHILLER, HOT SHREDDER, MARINADE, OVEN",DRY Ranch Seasoning,SUB-013480-4-001,4.65,grams,"HAND MIX, SPICE PORTIONING",,,,,,"FA-DE Spice, Garlic Granulated /Gewürz, Knoblauch granuliert",SPI-00-139353-5,0.6,0.6,grams,,,0.97982,0.6,grams
FV0794A - Loaded Bacon Shredded Chicken [BNL],REC-013489-4-003,Bacon Chicken Casserole,SUB-013488-4-001,225,grams,"BLAST CHILLER, HAND MIX",Shredded Ranch Chicken (Loaded Bacon & Spinach),SUB-013487-4-001,120.52,grams,"BLAST CHILLER, HOT SHREDDER, MARINADE, OVEN",DRY Ranch Seasoning,SUB-013480-4-001,4.65,grams,"HAND MIX, SPICE PORTIONING",,,,,,"FA-DE Spice, Onion Granulated /Gewürze, Zwiebeln granuliert",SPI-00-139370-5,0.53,0.53,grams,,,0.97982,0.53,grams
FV0794A - Loaded Bacon Shredded Chicken [BNL],REC-013489-4-003,Bacon Chicken Casserole,SUB-013488-4-001,225,grams,"BLAST CHILLER, HAND MIX",Shredded Ranch Chicken (Loaded Bacon & Spinach),SUB-013487-4-001,120.52,grams,"BLAST CHILLER, HOT SHREDDER, MARINADE, OVEN",DRY Ranch Seasoning,SUB-013480-4-001,4.65,grams,"HAND MIX, SPICE PORTIONING",,,,,,"FA-DE Spice, Black Pepper, Ground /Gewürz, schwarzer Pfeffer, gemahlen",SPI-00-139334-5,0.3,0.3,grams,,,0.97982,0.3,grams
FV0794A - Loaded Bacon Shredded Chicken [BNL],REC-013489-4-003,Bacon Chicken Casserole,SUB-013488-4-001,225,grams,"BLAST CHILLER, HAND MIX",Shredded Ranch Chicken (Loaded Bacon & Spinach),SUB-013487-4-001,120.52,grams,"BLAST CHILLER, HOT SHREDDER, MARINADE, OVEN",DRY Ranch Seasoning,SUB-013480-4-001,4.65,grams,"HAND MIX, SPICE PORTIONING",,,,,,"FA-DE Spice, Dill Dried /Gewürz, Dill getrocknet",SPI-00-139349-5,0.19,0.19,grams,,,0.97982,0.19,grams
FV0794A - Loaded Bacon Shredded Chicken [BNL],REC-013489-4-003,Bacon Chicken Casserole,SUB-013488-4-001,225,grams,"BLAST CHILLER, HAND MIX",Shredded Ranch Chicken (Loaded Bacon & Spinach),SUB-013487-4-001,120.52,grams,"BLAST CHILLER, HOT SHREDDER, MARINADE, OVEN",DRY Ranch Seasoning,SUB-013480-4-001,4.65,grams,"HAND MIX, SPICE PORTIONING",,,,,,"FA-DE Chives, Dried /Schnittlauch, getrocknet",SPI-00-139322-5,0.19,0.19,grams,,,0.97982,0.19,grams
FV0794A - Loaded Bacon Shredded Chicken [BNL],REC-013489-4-003,Bacon Chicken Casserole,SUB-013488-4-001,225,grams,"BLAST CHILLER, HAND MIX",Shredded Ranch Chicken (Loaded Bacon & Spinach),SUB-013487-4-001,120.52,grams,"BLAST CHILLER, HOT SHREDDER, MARINADE, OVEN",DRY Ranch Seasoning,SUB-013480-4-001,4.65,grams,"HAND MIX, SPICE PORTIONING",,,,,,"FA-DE Spice, Parsley Dried /Gewürze, getrocknete Petersilie",SPI-00-139374-5,0.07,0.07,grams,,,0.97982,0.07,grams
FV0794A - Loaded Bacon Shredded Chicken [BNL],REC-013489-4-003,Bacon Chicken Casserole,SUB-013488-4-001,225,grams,"BLAST CHILLER, HAND MIX",Shredded Ranch Chicken (Loaded Bacon & Spinach),SUB-013487-4-001,120.52,grams,"BLAST CHILLER, HOT SHREDDER, MARINADE, OVEN",Chicken Thighs - BRINED,SUB-013532-4-001,154.33,grams,UNCATEGORIZED BOM,,,,,,"FA-DE Chicken, Thighs, Boneless Skinless /Hähnchen, Oberschenkel, ohne Knochen und ohne Haut",PTN-00-139343-3,154.33,154.33,grams,,,0.4978,154.33,grams
FV0794A - Loaded Bacon Shredded Chicken [BNL],REC-013489-4-003,Bacon Chicken Casserole,SUB-013488-4-001,225,grams,"BLAST CHILLER, HAND MIX",Shredded Ranch Chicken (Loaded Bacon & Spinach),SUB-013487-4-001,120.52,grams,"BLAST CHILLER, HOT SHREDDER, MARINADE, OVEN",Chicken Thighs - BRINED,SUB-013532-4-001,154.33,grams,UNCATEGORIZED BOM,,,,,,FA-DE Water / Wasser,OTH-00-144038-5,154.33,154.33,grams,,,0.4978,154.33,grams
FV0794A - Loaded Bacon Shredded Chicken [BNL],REC-013489-4-003,Bacon Chicken Casserole,SUB-013488-4-001,225,grams,"BLAST CHILLER, HAND MIX",Shredded Ranch Chicken (Loaded Bacon & Spinach),SUB-013487-4-001,120.52,grams,"BLAST CHILLER, HOT SHREDDER, MARINADE, OVEN",Chicken Thighs - BRINED,SUB-013532-4-001,154.33,grams,UNCATEGORIZED BOM,,,,,,"FA-DE Spice, Sea Salt /Gewürze, Meersalz",SPI-00-139378-5,1.36,1.36,grams,,,0.4978,1.36,grams
FV0794A - Loaded Bacon Shredded Chicken [BNL],REC-013489-4-003,Bacon Chicken Casserole,SUB-013488-4-001,225,grams,"BLAST CHILLER, HAND MIX",Bacon Chicken Casserole Cheese Sauce,SUB-013483-4-001,84.54,grams,"BLAST CHILLER, BRAISER, IMMERSION BLENDER, SPICE PORTIONING",,,,,,,,,,,"FA-DE Oil, Olive /Öl, Olivenöl",PRO-00-139277-5,8.55,8.55,grams,,,0.92145,8.55,grams
FV0794A - Loaded Bacon Shredded Chicken [BNL],REC-013489-4-003,Bacon Chicken Casserole,SUB-013488-4-001,225,grams,"BLAST CHILLER, HAND MIX",Bacon Chicken Casserole Cheese Sauce,SUB-013483-4-001,84.54,grams,"BLAST CHILLER, BRAISER, IMMERSION BLENDER, SPICE PORTIONING",,,,,,,,,,,"FA-DE Garlic, IQF, Diced 4 mm /Knoblauch, IQF, gewürfelt 4 mm",PHF-00-139237-1,2.34,2.34,grams,SCHWEFELDIOXIDE UND SULFITE,,0.92145,2.34,grams
FV0794A - Loaded Bacon Shredded Chicken [BNL],REC-013489-4-003,Bacon Chicken Casserole,SUB-013488-4-001,225,grams,"BLAST CHILLER, HAND MIX",Bacon Chicken Casserole Cheese Sauce,SUB-013483-4-001,84.54,grams,"BLAST CHILLER, BRAISER, IMMERSION BLENDER, SPICE PORTIONING",,,,,,,,,,,"FA-DE Onion, Spanish, Diced 5mm /Zwiebel, Spanisch, gewürfelt 5 mm",PHF-00-139212-3,6.04,6.04,grams,,,0.92145,6.04,grams
FV0794A - Loaded Bacon Shredded Chicken [BNL],REC-013489-4-003,Bacon Chicken Casserole,SUB-013488-4-001,225,grams,"BLAST CHILLER, HAND MIX",Bacon Chicken Casserole Cheese Sauce,SUB-013483-4-001,84.54,grams,"BLAST CHILLER, BRAISER, IMMERSION BLENDER, SPICE PORTIONING",,,,,,,,,,,"FA-DE Stock, Chicken, Reduced/Brühe, Huhn, Reduziert",PRO-00-139288-5,0.42,0.42,grams,,,0.92145,0.42,grams
FV0794A - Loaded Bacon Shredded Chicken [BNL],REC-013489-4-003,Bacon Chicken Casserole,SUB-013488-4-001,225,grams,"BLAST CHILLER, HAND MIX",Bacon Chicken Casserole Cheese Sauce,SUB-013483-4-001,84.54,grams,"BLAST CHILLER, BRAISER, IMMERSION BLENDER, SPICE PORTIONING",,,,,,,,,,,FA-DE Water / Wasser,OTH-00-144038-5,19.62,19.62,grams,,,0.92145,19.62,grams
FV0794A - Loaded Bacon Shredded Chicken [BNL],REC-013489-4-003,Bacon Chicken Casserole,SUB-013488-4-001,225,grams,"BLAST CHILLER, HAND MIX",Bacon Chicken Casserole Cheese Sauce,SUB-013483-4-001,84.54,grams,"BLAST CHILLER, BRAISER, IMMERSION BLENDER, SPICE PORTIONING",,,,,,,,,,,"FA-DE Cheese, Cream, 13% Fat (Milk) /Käse, Sahne, 13% Fett",DAI-00-139122-3,10.15,10.15,grams,MILCH (EINSCHLIESSLICH LAKTOSE),,0.92145,10.15,grams
FV0794A - Loaded Bacon Shredded Chicken [BNL],REC-013489-4-003,Bacon Chicken Casserole,SUB-013488-4-001,225,grams,"BLAST CHILLER, HAND MIX",Bacon Chicken Casserole Cheese Sauce,SUB-013483-4-001,84.54,grams,"BLAST CHILLER, BRAISER, IMMERSION BLENDER, SPICE PORTIONING",,,,,,,,,,,"FA-DE Cheese, White Cheddar, Shredded /Käse, weißer Cheddar, gerieben",DAI-00-139135-3,21.13,21.13,grams,MILCH (EINSCHLIESSLICH LAKTOSE),,0.92145,21.13,grams
FV0794A - Loaded Bacon Shredded Chicken [BNL],REC-013489-4-003,Bacon Chicken Casserole,SUB-013488-4-001,225,grams,"BLAST CHILLER, HAND MIX",Bacon Chicken Casserole Cheese Sauce,SUB-013483-4-001,84.54,grams,"BLAST CHILLER, BRAISER, IMMERSION BLENDER, SPICE PORTIONING",,,,,,,,,,,"FA-DE Cheese, Mozzarella, Shredded /Käse, Mozzarella, gerieben",DAI-00-139125-3,23.48,23.48,grams,MILCH (EINSCHLIESSLICH LAKTOSE),,0.92145,23.48,grams
FV0794A - Loaded Bacon Shredded Chicken [BNL],REC-013489-4-003,Bacon Chicken Casserole,SUB-013488-4-001,225,grams,"BLAST CHILLER, HAND MIX",Thawed & Squeezed Frozen Spinach,SUB-013405-4-001,28.16,grams,"BLAST CHILLER, HAND MIX, OVEN",,,,,,,,,,,"FA-DE Spinach, Frozen Leaf/Spinat, gefrorener Blattspinat",PHF-00-139242-1,35.16,35.16,grams,,,0.80087,35.16,grams
FV0794A - Loaded Bacon Shredded Chicken [BNL],REC-013489-4-003,Extra Crispy Diced Bacon,SUB-013468-4-001,10,grams,"BLAST CHILLER, DRAIN, OVEN",,,,,,,,,,,,,,,,"FA-DE Bacon, Diced /Speck, gewürfelt",PTN-00-139306-3,27.22,27.22,grams,,,0.36735,27.22,grams
FV0794A - Loaded Bacon Shredded Chicken [BNL],REC-013489-4-003,Green Beans CUT 1-1/2 - Fresh,SUB-013484-4-001,80,grams,"BLAST CHILLER, OVEN",,,,,,,,,,,,,,,,"FA-DE Oil, Olive /Öl, Olivenöl",PRO-00-139277-5,5.27,5.27,grams,,,0.73433,5.27,grams
FV0794A - Loaded Bacon Shredded Chicken [BNL],REC-013489-4-003,Green Beans CUT 1-1/2 - Fresh,SUB-013484-4-001,80,grams,"BLAST CHILLER, OVEN",,,,,,,,,,,,,,,,"FA-DE Spice, Sea Salt /Gewürze, Meersalz",SPI-00-139378-5,0.59,0.59,grams,,,0.73433,0.59,grams
FV0794A - Loaded Bacon Shredded Chicken [BNL],REC-013489-4-003,Green Beans CUT 1-1/2 - Fresh,SUB-013484-4-001,80,grams,"BLAST CHILLER, OVEN",,,,,,,,,,,,,,,,"FA-DE Spice, Black Pepper, Ground /Gewürz, schwarzer Pfeffer, gemahlen",SPI-00-139334-5,0.08,0.08,grams,,,0.73433,0.08,grams
FV0794A - Loaded Bacon Shredded Chicken [BNL],REC-013489-4-003,Green Beans CUT 1-1/2 - Fresh,SUB-013484-4-001,80,grams,"BLAST CHILLER, OVEN",,,,,,,,,,,,,,,,"FA-DE Spice, Garlic Granulated /Gewürz, Knoblauch granuliert",SPI-00-139353-5,0.44,0.44,grams,,,0.73433,0.44,grams
FV0794A - Loaded Bacon Shredded Chicken [BNL],REC-013489-4-003,Green Beans CUT 1-1/2 - Fresh,SUB-013484-4-001,80,grams,"BLAST CHILLER, OVEN",,,,,,,,,,,,,,,,"FA-DE Green Beans, Fresh, Cut 40mm /Grüne Bohnen, frisch, geschnitten 40mm",PHF-00-139199-3,102.57,102.57,grams,,,0.73433,102.57,grams
FV0794A - Loaded Bacon Shredded Chicken [BNL],REC-013489-4-003,Ranch Sour Cream Batch - PH,SUB-013485-4-001,35,grams,"BLAST CHILLER, HAND MIX",,,,,,,,,,,,,,,,FA-DE Sour Cream /Sauerrahm,DAI-00-139141-3,26.08,26.08,grams,MILCH (EINSCHLIESSLICH LAKTOSE),,0.97996,26.08,grams
FV0794A - Loaded Bacon Shredded Chicken [BNL],REC-013489-4-003,Ranch Sour Cream Batch - PH,SUB-013485-4-001,35,grams,"BLAST CHILLER, HAND MIX",Steamed Cream Cheese,SUB-013481-4-001,4.66,grams,"BLAST CHILLER, OVEN",,,,,,,,,,,"FA-DE Cheese, Cream, 13% Fat (Milk) /Käse, Sahne, 13% Fett",DAI-00-139122-3,4.71,4.71,grams,MILCH (EINSCHLIESSLICH LAKTOSE),,0.98929,4.71,grams
FV0794A - Loaded Bacon Shredded Chicken [BNL],REC-013489-4-003,Ranch Sour Cream Batch - PH,SUB-013485-4-001,35,grams,"BLAST CHILLER, HAND MIX",DRY Ranch Seasoning,SUB-013480-4-001,2.1,grams,"HAND MIX, SPICE PORTIONING",,,,,,,,,,,"FA-DE Spice, Buttermilk Powder/Gewürz, Buttermilchpulver",SPI-00-151139-5,1.29,1.29,grams,MILCH (EINSCHLIESSLICH LAKTOSE),,0.97982,1.29,grams
FV0794A - Loaded Bacon Shredded Chicken [BNL],REC-013489-4-003,Ranch Sour Cream Batch - PH,SUB-013485-4-001,35,grams,"BLAST CHILLER, HAND MIX",DRY Ranch Seasoning,SUB-013480-4-001,2.1,grams,"HAND MIX, SPICE PORTIONING",,,,,,,,,,,"FA-DE Spice, Garlic Granulated /Gewürz, Knoblauch granuliert",SPI-00-139353-5,0.27,0.27,grams,,,0.97982,0.27,grams
FV0794A - Loaded Bacon Shredded Chicken [BNL],REC-013489-4-003,Ranch Sour Cream Batch - PH,SUB-013485-4-001,35,grams,"BLAST CHILLER, HAND MIX",DRY Ranch Seasoning,SUB-013480-4-001,2.1,grams,"HAND MIX, SPICE PORTIONING",,,,,,,,,,,"FA-DE Spice, Onion Granulated /Gewürze, Zwiebeln granuliert",SPI-00-139370-5,0.24,0.24,grams,,,0.97982,0.24,grams
FV0794A - Loaded Bacon Shredded Chicken [BNL],REC-013489-4-003,Ranch Sour Cream Batch - PH,SUB-013485-4-001,35,grams,"BLAST CHILLER, HAND MIX",DRY Ranch Seasoning,SUB-013480-4-001,2.1,grams,"HAND MIX, SPICE PORTIONING",,,,,,,,,,,"FA-DE Spice, Black Pepper, Ground /Gewürz, schwarzer Pfeffer, gemahlen",SPI-00-139334-5,0.14,0.14,grams,,,0.97982,0.14,grams
FV0794A - Loaded Bacon Shredded Chicken [BNL],REC-013489-4-003,Ranch Sour Cream Batch - PH,SUB-013485-4-001,35,grams,"BLAST CHILLER, HAND MIX",DRY Ranch Seasoning,SUB-013480-4-001,2.1,grams,"HAND MIX, SPICE PORTIONING",,,,,,,,,,,"FA-DE Spice, Dill Dried /Gewürz, Dill getrocknet",SPI-00-139349-5,0.08,0.08,grams,,,0.97982,0.08,grams
FV0794A - Loaded Bacon Shredded Chicken [BNL],REC-013489-4-003,Ranch Sour Cream Batch - PH,SUB-013485-4-001,35,grams,"BLAST CHILLER, HAND MIX",DRY Ranch Seasoning,SUB-013480-4-001,2.1,grams,"HAND MIX, SPICE PORTIONING",,,,,,,,,,,"FA-DE Chives, Dried /Schnittlauch, getrocknet",SPI-00-139322-5,0.08,0.08,grams,,,0.97982,0.08,grams
FV0794A - Loaded Bacon Shredded Chicken [BNL],REC-013489-4-003,Ranch Sour Cream Batch - PH,SUB-013485-4-001,35,grams,"BLAST CHILLER, HAND MIX",DRY Ranch Seasoning,SUB-013480-4-001,2.1,grams,"HAND MIX, SPICE PORTIONING",,,,,,,,,,,"FA-DE Spice, Parsley Dried /Gewürze, getrocknete Petersilie",SPI-00-139374-5,0.03,0.03,grams,,,0.97982,0.03,grams
FV0794A - Loaded Bacon Shredded Chicken [BNL],REC-013489-4-003,Ranch Sour Cream Batch - PH,SUB-013485-4-001,35,grams,"BLAST CHILLER, HAND MIX",,,,,,,,,,,,,,,,"FA-DE Juice, Lemon /Saft, Zitrone",PRO-00-139265-5,2.88,2.88,grams,,,0.97996,2.88,grams
FV0846A - Stroganoff-Style Beef Burger [BNL],REC-029854-4-003,Sauce for Beef Stroganoff - 1/2 garlic- No wine,SUB-029908-4-001,100,grams,"BLAST CHILLER, BRAISER, IMMERSION BLENDER, SPICE PORTIONING",,,,,,,,,,,,,,,,"FA-DE Oil, Olive /Öl, Olivenöl",PRO-00-139277-5,5.85,5.85,grams,,,0.91055,5.85,grams
FV0846A - Stroganoff-Style Beef Burger [BNL],REC-029854-4-003,Sauce for Beef Stroganoff - 1/2 garlic- No wine,SUB-029908-4-001,100,grams,"BLAST CHILLER, BRAISER, IMMERSION BLENDER, SPICE PORTIONING",,,,,,,,,,,,,,,,"FA-DE Onion, Spanish, Diced 5mm /Zwiebel, Spanisch, gewürfelt 5 mm",PHF-00-139212-3,3.72,3.72,grams,,,0.91055,3.72,grams
FV0846A - Stroganoff-Style Beef Burger [BNL],REC-029854-4-003,Sauce for Beef Stroganoff - 1/2 garlic- No wine,SUB-029908-4-001,100,grams,"BLAST CHILLER, BRAISER, IMMERSION BLENDER, SPICE PORTIONING",,,,,,,,,,,,,,,,"FA-DE Garlic, IQF, Diced 4 mm /Knoblauch, IQF, gewürfelt 4 mm",PHF-00-139237-1,3.72,3.72,grams,SCHWEFELDIOXIDE UND SULFITE,,0.91055,3.72,grams
FV0846A - Stroganoff-Style Beef Burger [BNL],REC-029854-4-003,Sauce for Beef Stroganoff - 1/2 garlic- No wine,SUB-029908-4-001,100,grams,"BLAST CHILLER, BRAISER, IMMERSION BLENDER, SPICE PORTIONING",,,,,,,,,,,,,,,,"FA-DE Mushroom, Button, Sliced, Washed /Pilz, Knopf, geschnitten, gewaschen",PHF-00-139206-3,47.01,47.01,grams,,,0.91055,47.01,grams
FV0846A - Stroganoff-Style Beef Burger [BNL],REC-029854-4-003,Sauce for Beef Stroganoff - 1/2 garlic- No wine,SUB-029908-4-001,100,grams,"BLAST CHILLER, BRAISER, IMMERSION BLENDER, SPICE PORTIONING",,,,,,,,,,,,,,,,"FA-DE Thyme, IQF /Thymian, IQF",PHF-00-139244-1,0.98,0.98,grams,,,0.91055,0.98,grams
FV0846A - Stroganoff-Style Beef Burger [BNL],REC-029854-4-003,Sauce for Beef Stroganoff - 1/2 garlic- No wine,SUB-029908-4-001,100,grams,"BLAST CHILLER, BRAISER, IMMERSION BLENDER, SPICE PORTIONING",,,,,,,,,,,,,,,,"FA-DE Spice, Porcini Mushroom Powder /Gewürz, Steinpilzpulver",SPI-00-139375-5,0.74,0.74,grams,,,0.91055,0.74,grams
FV0846A - Stroganoff-Style Beef Burger [BNL],REC-029854-4-003,Sauce for Beef Stroganoff - 1/2 garlic- No wine,SUB-029908-4-001,100,grams,"BLAST CHILLER, BRAISER, IMMERSION BLENDER, SPICE PORTIONING",,,,,,,,,,,,,,,,"FA-DE Spice, Sea Salt /Gewürze, Meersalz",SPI-00-139378-5,0.28,0.28,grams,,,0.91055,0.28,grams
FV0846A - Stroganoff-Style Beef Burger [BNL],REC-029854-4-003,Sauce for Beef Stroganoff - 1/2 garlic- No wine,SUB-029908-4-001,100,grams,"BLAST CHILLER, BRAISER, IMMERSION BLENDER, SPICE PORTIONING",,,,,,,,,,,,,,,,FA-DE Water / Wasser,OTH-00-144038-5,2.48,2.48,grams,,,0.91055,2.48,grams
FV0846A - Stroganoff-Style Beef Burger [BNL],REC-029854-4-003,Sauce for Beef Stroganoff - 1/2 garlic- No wine,SUB-029908-4-001,100,grams,"BLAST CHILLER, BRAISER, IMMERSION BLENDER, SPICE PORTIONING",,,,,,,,,,,,,,,,FA-DE Heavy Cream 35% /Sahne 35%,DAI-00-148167-3,1.98,1.98,grams,MILCH (EINSCHLIESSLICH LAKTOSE),,0.91055,1.98,grams
FV0846A - Stroganoff-Style Beef Burger [BNL],REC-029854-4-003,Sauce for Beef Stroganoff - 1/2 garlic- No wine,SUB-029908-4-001,100,grams,"BLAST CHILLER, BRAISER, IMMERSION BLENDER, SPICE PORTIONING",,,,,,,,,,,,,,,,"FA-DE Stock Concentrate, Classic Reduced Brown /Stammkonzentrat, klassisches, reduziertes Braun",PRO-00-139285-5,4.94,4.94,grams,SELLERIE,,0.91055,4.94,grams
FV0846A - Stroganoff-Style Beef Burger [BNL],REC-029854-4-003,Sauce for Beef Stroganoff - 1/2 garlic- No wine,SUB-029908-4-001,100,grams,"BLAST CHILLER, BRAISER, IMMERSION BLENDER, SPICE PORTIONING",,,,,,,,,,,,,,,,"FA-DE Cheese, Cream, 13% Fat (Milk) /Käse, Sahne, 13% Fett",DAI-00-139122-3,14.84,14.84,grams,MILCH (EINSCHLIESSLICH LAKTOSE),,0.91055,14.84,grams
FV0846A - Stroganoff-Style Beef Burger [BNL],REC-029854-4-003,Sauce for Beef Stroganoff - 1/2 garlic- No wine,SUB-029908-4-001,100,grams,"BLAST CHILLER, BRAISER, IMMERSION BLENDER, SPICE PORTIONING",,,,,,,,,,,,,,,,FA-DE Sour Cream /Sauerrahm,DAI-00-139141-3,14.84,14.84,grams,MILCH (EINSCHLIESSLICH LAKTOSE),,0.91055,14.84,grams
FV0846A - Stroganoff-Style Beef Burger [BNL],REC-029854-4-003,Sauce for Beef Stroganoff - 1/2 garlic- No wine,SUB-029908-4-001,100,grams,"BLAST CHILLER, BRAISER, IMMERSION BLENDER, SPICE PORTIONING",,,,,,,,,,,,,,,,"FA-DE Mustard, Dijon /Senf, Dijon",PRO-00-139276-5,3.22,3.22,grams,SENF,,0.91055,3.22,grams
FV0846A - Stroganoff-Style Beef Burger [BNL],REC-029854-4-003,Sauce for Beef Stroganoff - 1/2 garlic- No wine,SUB-029908-4-001,100,grams,"BLAST CHILLER, BRAISER, IMMERSION BLENDER, SPICE PORTIONING",,,,,,,,,,,,,,,,"FA-DE Onion, Green, Sliced 5mm /Zwiebel, grün, in Scheiben geschnitten, 5 mm",PHF-00-149803-3,5.24,5.24,grams,,,0.91055,5.24,grams
FV0846A - Stroganoff-Style Beef Burger [BNL],REC-029854-4-003,Beef Burger Master EU,SUB-031776-4-001,1,each,"BLAST CHILLER, HORIZONTAL MIXER, OVEN, PATTY MAKER",Burger Patty,SUB-031783-4-001,194,grams,"BLAST CHILLER, HORIZONTAL MIXER, OVEN, PATTY MAKER",,,,,,,,,,,"FA-DE Beef, Ground, 80/20 /Rindfleisch, gemahlen, 80/20",PTN-00-139319-3,161.44,161.44,grams,,,0.97143,161.44,grams
FV0846A - Stroganoff-Style Beef Burger [BNL],REC-029854-4-003,Beef Burger Master EU,SUB-031776-4-001,1,each,"BLAST CHILLER, HORIZONTAL MIXER, OVEN, PATTY MAKER",Burger Patty,SUB-031783-4-001,194,grams,"BLAST CHILLER, HORIZONTAL MIXER, OVEN, PATTY MAKER",Cooked Burger Veggies,SUB-031784-4-001,21.52,grams,"BLAST CHILLER, BRAISER, SPICE PORTIONING",,,,,,"FA-DE Onion, Spanish, Diced 5mm /Zwiebel, Spanisch, gewürfelt 5 mm",PHF-00-139212-3,7.94,7.94,grams,,,0.94991,7.94,grams
FV0846A - Stroganoff-Style Beef Burger [BNL],REC-029854-4-003,Beef Burger Master EU,SUB-031776-4-001,1,each,"BLAST CHILLER, HORIZONTAL MIXER, OVEN, PATTY MAKER",Burger Patty,SUB-031783-4-001,194,grams,"BLAST CHILLER, HORIZONTAL MIXER, OVEN, PATTY MAKER",Cooked Burger Veggies,SUB-031784-4-001,21.52,grams,"BLAST CHILLER, BRAISER, SPICE PORTIONING",,,,,,"FA-DE Garlic, IQF, Diced 4 mm /Knoblauch, IQF, gewürfelt 4 mm",PHF-00-139237-1,4.54,4.54,grams,SCHWEFELDIOXIDE UND SULFITE,,0.94991,4.54,grams
FV0846A - Stroganoff-Style Beef Burger [BNL],REC-029854-4-003,Beef Burger Master EU,SUB-031776-4-001,1,each,"BLAST CHILLER, HORIZONTAL MIXER, OVEN, PATTY MAKER",Burger Patty,SUB-031783-4-001,194,grams,"BLAST CHILLER, HORIZONTAL MIXER, OVEN, PATTY MAKER",Cooked Burger Veggies,SUB-031784-4-001,21.52,grams,"BLAST CHILLER, BRAISER, SPICE PORTIONING",,,,,,"FA-DE Oil, Olive /Öl, Olivenöl",PRO-00-139277-5,3.03,3.03,grams,,,0.94991,3.03,grams
FV0846A - Stroganoff-Style Beef Burger [BNL],REC-029854-4-003,Beef Burger Master EU,SUB-031776-4-001,1,each,"BLAST CHILLER, HORIZONTAL MIXER, OVEN, PATTY MAKER",Burger Patty,SUB-031783-4-001,194,grams,"BLAST CHILLER, HORIZONTAL MIXER, OVEN, PATTY MAKER",Cooked Burger Veggies,SUB-031784-4-001,21.52,grams,"BLAST CHILLER, BRAISER, SPICE PORTIONING",,,,,,"FA-DE Spice, Garlic Granulated /Gewürz, Knoblauch granuliert",SPI-00-139353-5,2.27,2.27,grams,,,0.94991,2.27,grams
FV0846A - Stroganoff-Style Beef Burger [BNL],REC-029854-4-003,Beef Burger Master EU,SUB-031776-4-001,1,each,"BLAST CHILLER, HORIZONTAL MIXER, OVEN, PATTY MAKER",Burger Patty,SUB-031783-4-001,194,grams,"BLAST CHILLER, HORIZONTAL MIXER, OVEN, PATTY MAKER",Cooked Burger Veggies,SUB-031784-4-001,21.52,grams,"BLAST CHILLER, BRAISER, SPICE PORTIONING",,,,,,"FA-DE Spice, Onion Granulated /Gewürze, Zwiebeln granuliert",SPI-00-139370-5,4.54,4.54,grams,,,0.94991,4.54,grams
FV0846A - Stroganoff-Style Beef Burger [BNL],REC-029854-4-003,Beef Burger Master EU,SUB-031776-4-001,1,each,"BLAST CHILLER, HORIZONTAL MIXER, OVEN, PATTY MAKER",Burger Patty,SUB-031783-4-001,194,grams,"BLAST CHILLER, HORIZONTAL MIXER, OVEN, PATTY MAKER",Cooked Burger Veggies,SUB-031784-4-001,21.52,grams,"BLAST CHILLER, BRAISER, SPICE PORTIONING",,,,,,"FA-DE Spice, Sea Salt /Gewürze, Meersalz",SPI-00-139378-5,0.33,0.33,grams,,,0.94991,0.33,grams
FV0846A - Stroganoff-Style Beef Burger [BNL],REC-029854-4-003,Beef Burger Master EU,SUB-031776-4-001,1,each,"BLAST CHILLER, HORIZONTAL MIXER, OVEN, PATTY MAKER",Burger Patty,SUB-031783-4-001,194,grams,"BLAST CHILLER, HORIZONTAL MIXER, OVEN, PATTY MAKER",Burger Stock,SUB-031810-4-001,16.75,grams,IMMERSION BLENDER,,,,,,FA-DE Water / Wasser,OTH-00-144038-5,15.28,15.28,grams,,,0.98807,15.28,grams
FV0846A - Stroganoff-Style Beef Burger [BNL],REC-029854-4-003,Beef Burger Master EU,SUB-031776-4-001,1,each,"BLAST CHILLER, HORIZONTAL MIXER, OVEN, PATTY MAKER",Burger Patty,SUB-031783-4-001,194,grams,"BLAST CHILLER, HORIZONTAL MIXER, OVEN, PATTY MAKER",Burger Stock,SUB-031810-4-001,16.75,grams,IMMERSION BLENDER,,,,,,"FA-DE Stock, Chicken, Reduced/Brühe, Huhn, Reduziert",PRO-00-139288-5,1.09,1.09,grams,,,0.98807,1.09,grams
FV0846A - Stroganoff-Style Beef Burger [BNL],REC-029854-4-003,Beef Burger Master EU,SUB-031776-4-001,1,each,"BLAST CHILLER, HORIZONTAL MIXER, OVEN, PATTY MAKER",Burger Patty,SUB-031783-4-001,194,grams,"BLAST CHILLER, HORIZONTAL MIXER, OVEN, PATTY MAKER",Burger Stock,SUB-031810-4-001,16.75,grams,IMMERSION BLENDER,,,,,,"FA-DE Spice, Sea Salt /Gewürze, Meersalz",SPI-00-139378-5,0.58,0.58,grams,,,0.98807,0.58,grams
FV0846A - Stroganoff-Style Beef Burger [BNL],REC-029854-4-003,Roasted Green Onions,SUB-023370-4-001,5,grams,"BLAST CHILLER, OVEN",,,,,,,,,,,,,,,,"FA-DE Onion, Green, Sliced 5mm /Zwiebel, grün, in Scheiben geschnitten, 5 mm",PHF-00-149803-3,6.45,6.45,grams,,,0.77467,6.45,grams
FV0846A - Stroganoff-Style Beef Burger [BNL],REC-029854-4-003,Green Beans CUT 1-1/2 - Fresh - Less Salt,SUB-029004-4-001,50,grams,"BLAST CHILLER, OVEN",,,,,,,,,,,,,,,,"FA-DE Oil, Olive /Öl, Olivenöl",PRO-00-139277-5,3.28,3.28,grams,,,0.73433,3.28,grams
FV0846A - Stroganoff-Style Beef Burger [BNL],REC-029854-4-003,Green Beans CUT 1-1/2 - Fresh - Less Salt,SUB-029004-4-001,50,grams,"BLAST CHILLER, OVEN",,,,,,,,,,,,,,,,"FA-DE Spice, Sea Salt /Gewürze, Meersalz",SPI-00-139378-5,0.27,0.27,grams,,,0.73433,0.27,grams
FV0846A - Stroganoff-Style Beef Burger [BNL],REC-029854-4-003,Green Beans CUT 1-1/2 - Fresh - Less Salt,SUB-029004-4-001,50,grams,"BLAST CHILLER, OVEN",,,,,,,,,,,,,,,,"FA-DE Spice, Black Pepper, Ground /Gewürz, schwarzer Pfeffer, gemahlen",SPI-00-139334-5,0.09,0.09,grams,,,0.73433,0.09,grams
FV0846A - Stroganoff-Style Beef Burger [BNL],REC-029854-4-003,Green Beans CUT 1-1/2 - Fresh - Less Salt,SUB-029004-4-001,50,grams,"BLAST CHILLER, OVEN",,,,,,,,,,,,,,,,"FA-DE Spice, Garlic Granulated /Gewürz, Knoblauch granuliert",SPI-00-139353-5,0.27,0.27,grams,,,0.73433,0.27,grams
FV0846A - Stroganoff-Style Beef Burger [BNL],REC-029854-4-003,Green Beans CUT 1-1/2 - Fresh - Less Salt,SUB-029004-4-001,50,grams,"BLAST CHILLER, OVEN",,,,,,,,,,,,,,,,"FA-DE Green Beans, Fresh, Cut 40mm /Grüne Bohnen, frisch, geschnitten 40mm",PHF-00-139199-3,64.19,64.19,grams,,,0.73433,64.19,grams
FV0846A - Stroganoff-Style Beef Burger [BNL],REC-029854-4-003,Loaded Roasted Sliced Mushrooms 1/2 green onion,SUB-029969-4-001,50,grams,"BLAST CHILLER, OVEN",,,,,,,,,,,,,,,,"FA-DE Mushroom, Button, Sliced, Washed /Pilz, Knopf, geschnitten, gewaschen",PHF-00-139206-3,67.6,67.6,grams,,,0.59865,67.6,grams
FV0846A - Stroganoff-Style Beef Burger [BNL],REC-029854-4-003,Loaded Roasted Sliced Mushrooms 1/2 green onion,SUB-029969-4-001,50,grams,"BLAST CHILLER, OVEN",,,,,,,,,,,,,,,,"FA-DE Onion, Green, Sliced 5mm /Zwiebel, grün, in Scheiben geschnitten, 5 mm",PHF-00-149803-3,1.69,1.69,grams,,,0.59865,1.69,grams
FV0846A - Stroganoff-Style Beef Burger [BNL],REC-029854-4-003,Loaded Roasted Sliced Mushrooms 1/2 green onion,SUB-029969-4-001,50,grams,"BLAST CHILLER, OVEN",,,,,,,,,,,,,,,,"FA-DE Garlic, IQF, Diced 4 mm /Knoblauch, IQF, gewürfelt 4 mm",PHF-00-139237-1,3.16,3.16,grams,SCHWEFELDIOXIDE UND SULFITE,,0.59865,3.16,grams
FV0846A - Stroganoff-Style Beef Burger [BNL],REC-029854-4-003,Loaded Roasted Sliced Mushrooms 1/2 green onion,SUB-029969-4-001,50,grams,"BLAST CHILLER, OVEN",,,,,,,,,,,,,,,,"FA-DE Oil, Olive /Öl, Olivenöl",PRO-00-139277-5,10.56,10.56,grams,,,0.59865,10.56,grams
FV0846A - Stroganoff-Style Beef Burger [BNL],REC-029854-4-003,Loaded Roasted Sliced Mushrooms 1/2 green onion,SUB-029969-4-001,50,grams,"BLAST CHILLER, OVEN",,,,,,,,,,,,,,,,"FA-DE Spice, Sea Salt /Gewürze, Meersalz",SPI-00-139378-5,0.26,0.26,grams,,,0.59865,0.26,grams
FV0846A - Stroganoff-Style Beef Burger [BNL],REC-029854-4-003,Loaded Roasted Sliced Mushrooms 1/2 green onion,SUB-029969-4-001,50,grams,"BLAST CHILLER, OVEN",,,,,,,,,,,,,,,,"FA-DE Thyme, IQF /Thymian, IQF",PHF-00-139244-1,0.08,0.08,grams,,,0.59865,0.08,grams
FV0846A - Stroganoff-Style Beef Burger [BNL],REC-029854-4-003,Loaded Roasted Sliced Mushrooms 1/2 green onion,SUB-029969-4-001,50,grams,"BLAST CHILLER, OVEN",,,,,,,,,,,,,,,,"FA-DE Spice, Dill Dried /Gewürz, Dill getrocknet",SPI-00-139349-5,0.1,0.1,grams,,,0.59865,0.1,grams
FV0846A - Stroganoff-Style Beef Burger [BNL],REC-029854-4-003,Loaded Roasted Sliced Mushrooms 1/2 green onion,SUB-029969-4-001,50,grams,"BLAST CHILLER, OVEN",,,,,,,,,,,,,,,,"FA-DE Spice, Black Pepper, Ground /Gewürz, schwarzer Pfeffer, gemahlen",SPI-00-139334-5,0.06,0.06,grams,,,0.59865,0.06,grams
FV0846A - Stroganoff-Style Beef Burger [BNL],REC-029854-4-003,Herb-Parmesan Butter,SUB-029972-4-001,12,grams,"BLAST CHILLER, PLANETARY MIXER, SCOOPER (BUTTER)",,,,,,,,,,,,,,,,"FA-DE Butter, Unsalted /Butter, ungesalzen",DAI-00-139146-3,11.56,11.56,grams,MILCH (EINSCHLIESSLICH LAKTOSE),,0.92063,11.56,grams
FV0846A - Stroganoff-Style Beef Burger [BNL],REC-029854-4-003,Herb-Parmesan Butter,SUB-029972-4-001,12,grams,"BLAST CHILLER, PLANETARY MIXER, SCOOPER (BUTTER)",,,,,,,,,,,,,,,,"FA-DE Cheese, Parmesan, Grated /Käse, Parmesan, gerieben",DAI-00-139127-3,1.16,1.16,grams,MILCH (EINSCHLIESSLICH LAKTOSE),,0.92063,1.16,grams
FV0846A - Stroganoff-Style Beef Burger [BNL],REC-029854-4-003,Herb-Parmesan Butter,SUB-029972-4-001,12,grams,"BLAST CHILLER, PLANETARY MIXER, SCOOPER (BUTTER)",,,,,,,,,,,,,,,,"FA-DE Spice, White Pepper /Gewürz, weißer Pfeffer",SPI-00-139387-5,0.11,0.11,grams,,,0.92063,0.11,grams
FV0846A - Stroganoff-Style Beef Burger [BNL],REC-029854-4-003,Herb-Parmesan Butter,SUB-029972-4-001,12,grams,"BLAST CHILLER, PLANETARY MIXER, SCOOPER (BUTTER)",,,,,,,,,,,,,,,,"FA-DE Spice, Parsley Dried /Gewürze, getrocknete Petersilie",SPI-00-139374-5,0.09,0.09,grams,,,0.92063,0.09,grams
FV0846A - Stroganoff-Style Beef Burger [BNL],REC-029854-4-003,Herb-Parmesan Butter,SUB-029972-4-001,12,grams,"BLAST CHILLER, PLANETARY MIXER, SCOOPER (BUTTER)",,,,,,,,,,,,,,,,"FA-DE Spice, Black Pepper, Ground /Gewürz, schwarzer Pfeffer, gemahlen",SPI-00-139334-5,0.11,0.11,grams,,,0.92063,0.11,grams
FV0972A - Salmon Piccata [BNL],REC-013607-4-003,Parmesan Cauliflower Mash - Rice - HTD - Batch,SUB-013598-4-001,100,grams,"BLAST CHILLER, BRAISER, SPICE PORTIONING",,,,,,,,,,,,,,,,"FA-DE Spice, Sea Salt /Gewürze, Meersalz",SPI-00-139378-5,0.33,0.33,grams,,,0.98004,0.33,grams
FV0972A - Salmon Piccata [BNL],REC-013607-4-003,Parmesan Cauliflower Mash - Rice - HTD - Batch,SUB-013598-4-001,100,grams,"BLAST CHILLER, BRAISER, SPICE PORTIONING",,,,,,,,,,,,,,,,"FA-DE Cheese, Parmesan, Grated /Käse, Parmesan, gerieben",DAI-00-139127-3,2.67,2.67,grams,MILCH (EINSCHLIESSLICH LAKTOSE),,0.98004,2.67,grams
FV0972A - Salmon Piccata [BNL],REC-013607-4-003,Parmesan Cauliflower Mash - Rice - HTD - Batch,SUB-013598-4-001,100,grams,"BLAST CHILLER, BRAISER, SPICE PORTIONING",,,,,,,,,,,,,,,,"FA-DE Butter, Unsalted /Butter, ungesalzen",DAI-00-139146-3,8.03,8.03,grams,MILCH (EINSCHLIESSLICH LAKTOSE),,0.98004,8.03,grams
FV0972A - Salmon Piccata [BNL],REC-013607-4-003,Parmesan Cauliflower Mash - Rice - HTD - Batch,SUB-013598-4-001,100,grams,"BLAST CHILLER, BRAISER, SPICE PORTIONING",,,,,,,,,,,,,,,,"FA-DE Cheese, Cream, 13% Fat (Milk) /Käse, Sahne, 13% Fett",DAI-00-139122-3,18.65,18.65,grams,MILCH (EINSCHLIESSLICH LAKTOSE),,0.98004,18.65,grams
FV0972A - Salmon Piccata [BNL],REC-013607-4-003,Parmesan Cauliflower Mash - Rice - HTD - Batch,SUB-013598-4-001,100,grams,"BLAST CHILLER, BRAISER, SPICE PORTIONING",,,,,,,,,,,,,,,,"FA-DE Cauliflower, Riced, IQF /Blumenkohl, Reis, IQF",PHF-00-139233-1,72.35,72.35,grams,,,0.98004,72.35,grams
FV0972A - Salmon Piccata [BNL],REC-013607-4-003,Garlic Herb Marinated Salmon,SUB-013603-4-001,1,each,"BLAST CHILLER, HAND MARINADE, OVEN, THAW",Garlic-herb Marinade - for barramundi,SUB-013602-4-001,8.5,grams,IMMERSION BLENDER,,,,,,,,,,,"FA-DE Spice, Parsley Dried /Gewürze, getrocknete Petersilie",SPI-00-139374-5,0.12,0.12,grams,,,0.97998,0.12,grams
FV0972A - Salmon Piccata [BNL],REC-013607-4-003,Garlic Herb Marinated Salmon,SUB-013603-4-001,1,each,"BLAST CHILLER, HAND MARINADE, OVEN, THAW",Garlic-herb Marinade - for barramundi,SUB-013602-4-001,8.5,grams,IMMERSION BLENDER,,,,,,,,,,,"FA-DE Spice, Sea Salt /Gewürze, Meersalz",SPI-00-139378-5,0.6,0.6,grams,,,0.97998,0.6,grams
FV0972A - Salmon Piccata [BNL],REC-013607-4-003,Garlic Herb Marinated Salmon,SUB-013603-4-001,1,each,"BLAST CHILLER, HAND MARINADE, OVEN, THAW",Garlic-herb Marinade - for barramundi,SUB-013602-4-001,8.5,grams,IMMERSION BLENDER,,,,,,,,,,,"FA-DE Garlic, IQF, Diced 4 mm /Knoblauch, IQF, gewürfelt 4 mm",PHF-00-139237-1,0.76,0.76,grams,SCHWEFELDIOXIDE UND SULFITE,,0.97998,0.76,grams
FV0972A - Salmon Piccata [BNL],REC-013607-4-003,Garlic Herb Marinated Salmon,SUB-013603-4-001,1,each,"BLAST CHILLER, HAND MARINADE, OVEN, THAW",Garlic-herb Marinade - for barramundi,SUB-013602-4-001,8.5,grams,IMMERSION BLENDER,,,,,,,,,,,"FA-DE Chives, Dried /Schnittlauch, getrocknet",SPI-00-139322-5,0.12,0.12,grams,,,0.97998,0.12,grams
FV0972A - Salmon Piccata [BNL],REC-013607-4-003,Garlic Herb Marinated Salmon,SUB-013603-4-001,1,each,"BLAST CHILLER, HAND MARINADE, OVEN, THAW",Garlic-herb Marinade - for barramundi,SUB-013602-4-001,8.5,grams,IMMERSION BLENDER,,,,,,,,,,,"FA-DE Juice, Lemon /Saft, Zitrone",PRO-00-139265-5,0.76,0.76,grams,,,0.97998,0.76,grams
FV0972A - Salmon Piccata [BNL],REC-013607-4-003,Garlic Herb Marinated Salmon,SUB-013603-4-001,1,each,"BLAST CHILLER, HAND MARINADE, OVEN, THAW",Garlic-herb Marinade - for barramundi,SUB-013602-4-001,8.5,grams,IMMERSION BLENDER,,,,,,,,,,,"FA-DE Onion, Green, Sliced 5mm /Zwiebel, grün, in Scheiben geschnitten, 5 mm",PHF-00-149803-3,2.52,2.52,grams,,,0.97998,2.52,grams
FV0972A - Salmon Piccata [BNL],REC-013607-4-003,Garlic Herb Marinated Salmon,SUB-013603-4-001,1,each,"BLAST CHILLER, HAND MARINADE, OVEN, THAW",Garlic-herb Marinade - for barramundi,SUB-013602-4-001,8.5,grams,IMMERSION BLENDER,,,,,,,,,,,"FA-DE Oil, Olive /Öl, Olivenöl",PRO-00-139277-5,3.79,3.79,grams,,,0.97998,3.79,grams
FV0972A - Salmon Piccata [BNL],REC-013607-4-003,Garlic Herb Marinated Salmon,SUB-013603-4-001,1,each,"BLAST CHILLER, HAND MARINADE, OVEN, THAW",,,,,,,,,,,,,,,,"FA-DE Salmon, Skinless, Boneless, Filet/Lachs, ohne Haut, ohne Knochen, Filet - IQF",PTN-00-139968-1,140,140,grams,FISCH,,0.77441,140,grams
FV0972A - Salmon Piccata [BNL],REC-013607-4-003,Sauce - Piccata Sauce - Lower Fat,SUB-013605-4-001,50,grams,"BLAST CHILLER, BRAISER, IMMERSION BLENDER, SPICE PORTIONING",,,,,,,,,,,,,,,,"FA-DE Spice, Sea Salt /Gewürze, Meersalz",SPI-00-139378-5,0.2,0.2,grams,,,0.87052,0.2,grams
FV0972A - Salmon Piccata [BNL],REC-013607-4-003,Sauce - Piccata Sauce - Lower Fat,SUB-013605-4-001,50,grams,"BLAST CHILLER, BRAISER, IMMERSION BLENDER, SPICE PORTIONING",,,,,,,,,,,,,,,,"FA-DE Parsley, Chopped /Petersilie, gehackt",PHF-00-139215-3,0.2,0.2,grams,,,0.87052,0.2,grams
FV0972A - Salmon Piccata [BNL],REC-013607-4-003,Sauce - Piccata Sauce - Lower Fat,SUB-013605-4-001,50,grams,"BLAST CHILLER, BRAISER, IMMERSION BLENDER, SPICE PORTIONING",,,,,,,,,,,,,,,,"FA-DE Juice, Lemon /Saft, Zitrone",PRO-00-139265-5,3.77,3.77,grams,,,0.87052,3.77,grams
FV0972A - Salmon Piccata [BNL],REC-013607-4-003,Sauce - Piccata Sauce - Lower Fat,SUB-013605-4-001,50,grams,"BLAST CHILLER, BRAISER, IMMERSION BLENDER, SPICE PORTIONING",,,,,,,,,,,,,,,,"FA-DE Onion, Spanish, Diced 5mm /Zwiebel, Spanisch, gewürfelt 5 mm",PHF-00-139212-3,2.64,2.64,grams,,,0.87052,2.64,grams
FV0972A - Salmon Piccata [BNL],REC-013607-4-003,Sauce - Piccata Sauce - Lower Fat,SUB-013605-4-001,50,grams,"BLAST CHILLER, BRAISER, IMMERSION BLENDER, SPICE PORTIONING",,,,,,,,,,,,,,,,"FA-DE Garlic, IQF, Diced 4 mm /Knoblauch, IQF, gewürfelt 4 mm",PHF-00-139237-1,1.05,1.05,grams,SCHWEFELDIOXIDE UND SULFITE,,0.87052,1.05,grams
FV0972A - Salmon Piccata [BNL],REC-013607-4-003,Sauce - Piccata Sauce - Lower Fat,SUB-013605-4-001,50,grams,"BLAST CHILLER, BRAISER, IMMERSION BLENDER, SPICE PORTIONING",Pureed Capers,SUB-013604-4-001,2.92,grams,"DEBOX, STAGING",,,,,,,,,,,"FA-DE Capers, Preserved/Kapern, konserviert",PRO-00-139257-5,2.92,2.92,grams,,,1.0,2.92,grams
FV0972A - Salmon Piccata [BNL],REC-013607-4-003,Sauce - Piccata Sauce - Lower Fat,SUB-013605-4-001,50,grams,"BLAST CHILLER, BRAISER, IMMERSION BLENDER, SPICE PORTIONING",,,,,,,,,,,,,,,,FA-DE Heavy Cream 20% /Sahne 20%,DAI-00-139137-3,31.81,31.81,grams,MILCH (EINSCHLIESSLICH LAKTOSE),,0.87052,31.81,grams
FV0972A - Salmon Piccata [BNL],REC-013607-4-003,Sauce - Piccata Sauce - Lower Fat,SUB-013605-4-001,50,grams,"BLAST CHILLER, BRAISER, IMMERSION BLENDER, SPICE PORTIONING",,,,,,,,,,,,,,,,"FA-DE Spice, Lemon Powder /Gewürz, Zitronenpulver",SPI-00-139362-5,0.06,0.06,grams,,,0.87052,0.06,grams
FV0972A - Salmon Piccata [BNL],REC-013607-4-003,Sauce - Piccata Sauce - Lower Fat,SUB-013605-4-001,50,grams,"BLAST CHILLER, BRAISER, IMMERSION BLENDER, SPICE PORTIONING",,,,,,,,,,,,,,,,"FA-DE Milk, Whole /Milch, voll",DAI-00-139142-3,5.73,5.73,grams,MILCH (EINSCHLIESSLICH LAKTOSE),,0.87052,5.73,grams
FV0972A - Salmon Piccata [BNL],REC-013607-4-003,Sauce - Piccata Sauce - Lower Fat,SUB-013605-4-001,50,grams,"BLAST CHILLER, BRAISER, IMMERSION BLENDER, SPICE PORTIONING",,,,,,,,,,,,,,,,"FA-DE Oil, Olive /Öl, Olivenöl",PRO-00-139277-5,2.27,2.27,grams,,,0.87052,2.27,grams
FV0972A - Salmon Piccata [BNL],REC-013607-4-003,Sauce - Piccata Sauce - Lower Fat,SUB-013605-4-001,50,grams,"BLAST CHILLER, BRAISER, IMMERSION BLENDER, SPICE PORTIONING",,,,,,,,,,,,,,,,"FA-DE Shallots, Diced 5mm /Schalotten, gewürfelt, 5 mm",PHF-00-139222-3,2.64,2.64,grams,,,0.87052,2.64,grams
FV0972A - Salmon Piccata [BNL],REC-013607-4-003,Sauce - Piccata Sauce - Lower Fat,SUB-013605-4-001,50,grams,"BLAST CHILLER, BRAISER, IMMERSION BLENDER, SPICE PORTIONING",,,,,,,,,,,,,,,,"FA-DE Butter, Unsalted /Butter, ungesalzen",DAI-00-139146-3,4.17,4.17,grams,MILCH (EINSCHLIESSLICH LAKTOSE),,0.87052,4.17,grams
FV0972A - Salmon Piccata [BNL],REC-013607-4-003,Capers,SUB-032499-4-001,7,grams,"DEBOX, STAGING",,,,,,,,,,,,,,,,"FA-DE Capers, Preserved/Kapern, konserviert",PRO-00-139257-5,12.28,12.28,grams,,,0.57,12.28,grams
FV0972A - Salmon Piccata [BNL],REC-013607-4-003,Broccoli - S&P Broccoli FLORETS - less salt,SUB-013822-4-001,100,grams,HAND MIX,,,,,,,,,,,,,,,,"FA-DE Broccoli, Florets, /Brokkoli, Röschen",PHF-00-143425-3,121.46,121.46,grams,,,0.75359,121.46,grams
FV0972A - Salmon Piccata [BNL],REC-013607-4-003,Broccoli - S&P Broccoli FLORETS - less salt,SUB-013822-4-001,100,grams,HAND MIX,Broccoli Marinade,SUB-031970-4-001,11.24,grams,IMMERSION BLENDER,,,,,,,,,,,"FA-DE Spice, Sea Salt /Gewürze, Meersalz",SPI-00-139378-5,0.45,0.45,grams,,,0.97994,0.45,grams
FV0972A - Salmon Piccata [BNL],REC-013607-4-003,Broccoli - S&P Broccoli FLORETS - less salt,SUB-013822-4-001,100,grams,HAND MIX,Broccoli Marinade,SUB-031970-4-001,11.24,grams,IMMERSION BLENDER,,,,,,,,,,,"FA-DE Oil, Olive /Öl, Olivenöl",PRO-00-139277-5,10.2,10.2,grams,,,0.97994,10.2,grams
FV0972A - Salmon Piccata [BNL],REC-013607-4-003,Broccoli - S&P Broccoli FLORETS - less salt,SUB-013822-4-001,100,grams,HAND MIX,Broccoli Marinade,SUB-031970-4-001,11.24,grams,IMMERSION BLENDER,,,,,,,,,,,"FA-DE Spice, Garlic Powder, Toasted /Gewürz, Knoblauchpulver, geröstet",SPI-00-139354-5,0.36,0.36,grams,,,0.97994,0.36,grams
FV0972A - Salmon Piccata [BNL],REC-013607-4-003,Broccoli - S&P Broccoli FLORETS - less salt,SUB-013822-4-001,100,grams,HAND MIX,Broccoli Marinade,SUB-031970-4-001,11.24,grams,IMMERSION BLENDER,,,,,,,,,,,"FA-DE Spice, Black Pepper, Ground /Gewürz, schwarzer Pfeffer, gemahlen",SPI-00-139334-5,0.45,0.45,grams,,,0.97994,0.45,grams
FV1068A - Shredded Moroccan Chicken Thighs & Spiced Potatoes [BNL],REC-030395-4-003,Spice Roasted Potatoes 10mm Diced-Less Pepper,SUB-030305-4-001,80,grams,UNCATEGORIZED BOM,,,,,,,,,,,,,,,,"FA-DE Potatoes, Diced 10mm /Kartoffeln, gewürfelt, 10 mm",PHF-00-139219-3,104.23,104.23,grams,,,0.7217,104.23,grams
FV1068A - Shredded Moroccan Chicken Thighs & Spiced Potatoes [BNL],REC-030395-4-003,Spice Roasted Potatoes 10mm Diced-Less Pepper,SUB-030305-4-001,80,grams,UNCATEGORIZED BOM,,,,,,,,,,,,,,,,"FA-DE Oil, Olive /Öl, Olivenöl",PRO-00-139277-5,2.83,2.83,grams,,,0.7217,2.83,grams
FV1068A - Shredded Moroccan Chicken Thighs & Spiced Potatoes [BNL],REC-030395-4-003,Spice Roasted Potatoes 10mm Diced-Less Pepper,SUB-030305-4-001,80,grams,UNCATEGORIZED BOM,,,,,,,,,,,,,,,,"FA-DE Spice, Paprika /Gewürze, Paprika",SPI-00-139373-5,0.98,0.98,grams,,,0.7217,0.98,grams
FV1068A - Shredded Moroccan Chicken Thighs & Spiced Potatoes [BNL],REC-030395-4-003,Spice Roasted Potatoes 10mm Diced-Less Pepper,SUB-030305-4-001,80,grams,UNCATEGORIZED BOM,,,,,,,,,,,,,,,,"FA-DE Spice, Onion Granulated /Gewürze, Zwiebeln granuliert",SPI-00-139370-5,0.98,0.98,grams,,,0.7217,0.98,grams
FV1068A - Shredded Moroccan Chicken Thighs & Spiced Potatoes [BNL],REC-030395-4-003,Spice Roasted Potatoes 10mm Diced-Less Pepper,SUB-030305-4-001,80,grams,UNCATEGORIZED BOM,,,,,,,,,,,,,,,,"FA-DE Spice, Garlic Granulated /Gewürz, Knoblauch granuliert",SPI-00-139353-5,0.74,0.74,grams,,,0.7217,0.74,grams
FV1068A - Shredded Moroccan Chicken Thighs & Spiced Potatoes [BNL],REC-030395-4-003,Spice Roasted Potatoes 10mm Diced-Less Pepper,SUB-030305-4-001,80,grams,UNCATEGORIZED BOM,,,,,,,,,,,,,,,,"FA-DE Spice, Black Pepper, Ground /Gewürz, schwarzer Pfeffer, gemahlen",SPI-00-139334-5,0.26,0.26,grams,,,0.7217,0.26,grams
FV1068A - Shredded Moroccan Chicken Thighs & Spiced Potatoes [BNL],REC-030395-4-003,Spice Roasted Potatoes 10mm Diced-Less Pepper,SUB-030305-4-001,80,grams,UNCATEGORIZED BOM,,,,,,,,,,,,,,,,"FA-DE Spice, Cumin Ground /Gewürz, gemahlener Kreuzkümmel",SPI-00-139345-5,0.49,0.49,grams,,,0.7217,0.49,grams
FV1068A - Shredded Moroccan Chicken Thighs & Spiced Potatoes [BNL],REC-030395-4-003,Spice Roasted Potatoes 10mm Diced-Less Pepper,SUB-030305-4-001,80,grams,UNCATEGORIZED BOM,,,,,,,,,,,,,,,,"FA-DE Spice, Sea Salt /Gewürze, Meersalz",SPI-00-139378-5,0.34,0.34,grams,,,0.7217,0.34,grams
FV1068A - Shredded Moroccan Chicken Thighs & Spiced Potatoes [BNL],REC-030395-4-003,Shredded Moroccan  Chicken Thighs,SUB-030396-4-001,100,grams,UNCATEGORIZED BOM,Chicken Thighs - BRINED,SUB-013532-4-001,134.96,grams,UNCATEGORIZED BOM,,,,,,,,,,,"FA-DE Chicken, Thighs, Boneless Skinless /Hähnchen, Oberschenkel, ohne Knochen und ohne Haut",PTN-00-139343-3,134.96,134.96,grams,,,0.4978,134.96,grams
FV1068A - Shredded Moroccan Chicken Thighs & Spiced Potatoes [BNL],REC-030395-4-003,Shredded Moroccan  Chicken Thighs,SUB-030396-4-001,100,grams,UNCATEGORIZED BOM,Chicken Thighs - BRINED,SUB-013532-4-001,134.96,grams,UNCATEGORIZED BOM,,,,,,,,,,,FA-DE Water / Wasser,OTH-00-144038-5,134.96,134.96,grams,,,0.4978,134.96,grams
FV1068A - Shredded Moroccan Chicken Thighs & Spiced Potatoes [BNL],REC-030395-4-003,Shredded Moroccan  Chicken Thighs,SUB-030396-4-001,100,grams,UNCATEGORIZED BOM,Chicken Thighs - BRINED,SUB-013532-4-001,134.96,grams,UNCATEGORIZED BOM,,,,,,,,,,,"FA-DE Spice, Sea Salt /Gewürze, Meersalz",SPI-00-139378-5,1.19,1.19,grams,,,0.4978,1.19,grams
FV1068A - Shredded Moroccan Chicken Thighs & Spiced Potatoes [BNL],REC-030395-4-003,Shredded Moroccan  Chicken Thighs,SUB-030396-4-001,100,grams,UNCATEGORIZED BOM,Moroccan Chicken Marinade,SUB-030307-4-001,4.91,grams,IMMERSION BLENDER,,,,,,,,,,,"FA-DE Oil, Olive /Öl, Olivenöl",PRO-00-139277-5,1.68,1.68,grams,,,1.0,1.68,grams
FV1068A - Shredded Moroccan Chicken Thighs & Spiced Potatoes [BNL],REC-030395-4-003,Shredded Moroccan  Chicken Thighs,SUB-030396-4-001,100,grams,UNCATEGORIZED BOM,Moroccan Chicken Marinade,SUB-030307-4-001,4.91,grams,IMMERSION BLENDER,,,,,,,,,,,"FA-DE Yogurt, Greek, Plain /Joghurt, Griechisch, Natur",DAI-00-139161-3,1.68,1.68,grams,MILCH (EINSCHLIESSLICH LAKTOSE),,1.0,1.68,grams
FV1068A - Shredded Moroccan Chicken Thighs & Spiced Potatoes [BNL],REC-030395-4-003,Shredded Moroccan  Chicken Thighs,SUB-030396-4-001,100,grams,UNCATEGORIZED BOM,Moroccan Chicken Marinade,SUB-030307-4-001,4.91,grams,IMMERSION BLENDER,,,,,,,,,,,"FA-DE Spice, Smoked Paprika /Gewürz, geräucherter Paprika",SPI-00-139383-5,0.16,0.16,grams,,,1.0,0.16,grams
FV1068A - Shredded Moroccan Chicken Thighs & Spiced Potatoes [BNL],REC-030395-4-003,Shredded Moroccan  Chicken Thighs,SUB-030396-4-001,100,grams,UNCATEGORIZED BOM,Moroccan Chicken Marinade,SUB-030307-4-001,4.91,grams,IMMERSION BLENDER,,,,,,,,,,,"FA-DE Spice, Cumin Seed /Gewürz, Kreuzkümmel",SPI-00-139346-5,0.18,0.18,grams,,,1.0,0.18,grams
FV1068A - Shredded Moroccan Chicken Thighs & Spiced Potatoes [BNL],REC-030395-4-003,Shredded Moroccan  Chicken Thighs,SUB-030396-4-001,100,grams,UNCATEGORIZED BOM,Moroccan Chicken Marinade,SUB-030307-4-001,4.91,grams,IMMERSION BLENDER,,,,,,,,,,,"FA-DE Spice, Sea Salt /Gewürze, Meersalz",SPI-00-139378-5,0.1,0.1,grams,,,1.0,0.1,grams
FV1068A - Shredded Moroccan Chicken Thighs & Spiced Potatoes [BNL],REC-030395-4-003,Shredded Moroccan  Chicken Thighs,SUB-030396-4-001,100,grams,UNCATEGORIZED BOM,Moroccan Chicken Marinade,SUB-030307-4-001,4.91,grams,IMMERSION BLENDER,,,,,,,,,,,"FA-DE Spice, Onion Powder, Toasted /Gewürze, Zwiebelpulver, geröstet",SPI-00-139371-5,0.04,0.04,grams,,,1.0,0.04,grams
FV1068A - Shredded Moroccan Chicken Thighs & Spiced Potatoes [BNL],REC-030395-4-003,Shredded Moroccan  Chicken Thighs,SUB-030396-4-001,100,grams,UNCATEGORIZED BOM,Moroccan Chicken Marinade,SUB-030307-4-001,4.91,grams,IMMERSION BLENDER,,,,,,,,,,,"FA-DE Spice, Ginger Ground /Gewürze, gemahlener Ingwer",SPI-00-139355-5,0.02,0.02,grams,,,1.0,0.02,grams
FV1068A - Shredded Moroccan Chicken Thighs & Spiced Potatoes [BNL],REC-030395-4-003,Shredded Moroccan  Chicken Thighs,SUB-030396-4-001,100,grams,UNCATEGORIZED BOM,Moroccan Chicken Marinade,SUB-030307-4-001,4.91,grams,IMMERSION BLENDER,,,,,,,,,,,"FA-DE Spice, Harissa Powder /Gewürz, Harissa-Pulver",SPI-00-139323-5,0.18,0.18,grams,,,1.0,0.18,grams
FV1068A - Shredded Moroccan Chicken Thighs & Spiced Potatoes [BNL],REC-030395-4-003,Shredded Moroccan  Chicken Thighs,SUB-030396-4-001,100,grams,UNCATEGORIZED BOM,Moroccan Chicken Marinade,SUB-030307-4-001,4.91,grams,IMMERSION BLENDER,,,,,,,,,,,"FA-DE Spice, Turmeric /Gewürz, Kurkuma",SPI-00-139384-5,0.02,0.02,grams,,,1.0,0.02,grams
FV1068A - Shredded Moroccan Chicken Thighs & Spiced Potatoes [BNL],REC-030395-4-003,Shredded Moroccan  Chicken Thighs,SUB-030396-4-001,100,grams,UNCATEGORIZED BOM,Moroccan Chicken Marinade,SUB-030307-4-001,4.91,grams,IMMERSION BLENDER,,,,,,,,,,,"FA-DE Parsley, Chopped /Petersilie, gehackt",PHF-00-139215-3,0.42,0.42,grams,,,1.0,0.42,grams
FV1068A - Shredded Moroccan Chicken Thighs & Spiced Potatoes [BNL],REC-030395-4-003,Shredded Moroccan  Chicken Thighs,SUB-030396-4-001,100,grams,UNCATEGORIZED BOM,Moroccan Chicken Marinade,SUB-030307-4-001,4.91,grams,IMMERSION BLENDER,,,,,,,,,,,"FA-DE Coriander, Chopped /Koriander, gehackt",PHF-00-139192-3,0.42,0.42,grams,,,1.0,0.42,grams
FV1068A - Shredded Moroccan Chicken Thighs & Spiced Potatoes [BNL],REC-030395-4-003,Shredded Moroccan  Chicken Thighs,SUB-030396-4-001,100,grams,UNCATEGORIZED BOM,Moroccan Chicken Marinade,SUB-030307-4-001,4.91,grams,IMMERSION BLENDER,,,,,,,,,,,"FA-DE Zest, Lemon/Gewürz, Zitronenschale",PHF-00-139247-3,0.02,0.02,grams,,,1.0,0.02,grams
FV1068A - Shredded Moroccan Chicken Thighs & Spiced Potatoes [BNL],REC-030395-4-003,Moroccan  cherry tomato sauce,SUB-030308-4-001,60,grams,UNCATEGORIZED BOM,,,,,,,,,,,,,,,,"FA-DE Oil, Olive /Öl, Olivenöl",PRO-00-139277-5,2.48,2.48,grams,,,0.88001,2.48,grams
FV1068A - Shredded Moroccan Chicken Thighs & Spiced Potatoes [BNL],REC-030395-4-003,Moroccan  cherry tomato sauce,SUB-030308-4-001,60,grams,UNCATEGORIZED BOM,,,,,,,,,,,,,,,,"FA-DE Onion, Spanish, Diced 5mm /Zwiebel, Spanisch, gewürfelt 5 mm",PHF-00-139212-3,9.92,9.92,grams,,,0.88001,9.92,grams
FV1068A - Shredded Moroccan Chicken Thighs & Spiced Potatoes [BNL],REC-030395-4-003,Moroccan  cherry tomato sauce,SUB-030308-4-001,60,grams,UNCATEGORIZED BOM,,,,,,,,,,,,,,,,"FA-DE Garlic, IQF, Diced 4 mm /Knoblauch, IQF, gewürfelt 4 mm",PHF-00-139237-1,4.97,4.97,grams,SCHWEFELDIOXIDE UND SULFITE,,0.88001,4.97,grams
FV1068A - Shredded Moroccan Chicken Thighs & Spiced Potatoes [BNL],REC-030395-4-003,Moroccan  cherry tomato sauce,SUB-030308-4-001,60,grams,UNCATEGORIZED BOM,,,,,,,,,,,,,,,,"FA-DE Jalapeno Peppers, Diced 5mm /Jalapeno-Paprikaschoten, gewürfelt, 5 mm",PHF-00-139201-3,2.48,2.48,grams,,,0.88001,2.48,grams
FV1068A - Shredded Moroccan Chicken Thighs & Spiced Potatoes [BNL],REC-030395-4-003,Moroccan  cherry tomato sauce,SUB-030308-4-001,60,grams,UNCATEGORIZED BOM,,,,,,,,,,,,,,,,"FA-DE Spice, Turmeric /Gewürz, Kurkuma",SPI-00-139384-5,0.05,0.05,grams,,,0.88001,0.05,grams
FV1068A - Shredded Moroccan Chicken Thighs & Spiced Potatoes [BNL],REC-030395-4-003,Moroccan  cherry tomato sauce,SUB-030308-4-001,60,grams,UNCATEGORIZED BOM,,,,,,,,,,,,,,,,"FA-DE Spice, Cumin Ground /Gewürz, gemahlener Kreuzkümmel",SPI-00-139345-5,0.25,0.25,grams,,,0.88001,0.25,grams
FV1068A - Shredded Moroccan Chicken Thighs & Spiced Potatoes [BNL],REC-030395-4-003,Moroccan  cherry tomato sauce,SUB-030308-4-001,60,grams,UNCATEGORIZED BOM,,,,,,,,,,,,,,,,"FA-DE Spice, Smoked Paprika /Gewürz, geräucherter Paprika",SPI-00-139383-5,0.25,0.25,grams,,,0.88001,0.25,grams
FV1068A - Shredded Moroccan Chicken Thighs & Spiced Potatoes [BNL],REC-030395-4-003,Moroccan  cherry tomato sauce,SUB-030308-4-001,60,grams,UNCATEGORIZED BOM,,,,,,,,,,,,,,,,"FA-DE Spice, Harissa Powder /Gewürz, Harissa-Pulver",SPI-00-139323-5,0.5,0.5,grams,,,0.88001,0.5,grams
FV1068A - Shredded Moroccan Chicken Thighs & Spiced Potatoes [BNL],REC-030395-4-003,Moroccan  cherry tomato sauce,SUB-030308-4-001,60,grams,UNCATEGORIZED BOM,Concentrated Tomatoes- Diluted (90/10) (primo gusto/old california),SUB-013421-4-001,14.89,grams,"DEBOX, STAGING",,,,,,,,,,,"FA-DE Tomatoes, Concentrated Crushed /Tomaten, konzentriert, zerkleinert",PRO-00-139293-5,13.4,13.4,grams,,,1.0,13.4,grams
FV1068A - Shredded Moroccan Chicken Thighs & Spiced Potatoes [BNL],REC-030395-4-003,Moroccan  cherry tomato sauce,SUB-030308-4-001,60,grams,UNCATEGORIZED BOM,Concentrated Tomatoes- Diluted (90/10) (primo gusto/old california),SUB-013421-4-001,14.89,grams,"DEBOX, STAGING",,,,,,,,,,,FA-DE Water / Wasser,OTH-00-144038-5,1.5,1.5,grams,,,1.0,1.5,grams
FV1068A - Shredded Moroccan Chicken Thighs & Spiced Potatoes [BNL],REC-030395-4-003,Moroccan  cherry tomato sauce,SUB-030308-4-001,60,grams,UNCATEGORIZED BOM,,,,,,,,,,,,,,,,"FA-DE Tomatoes, Cherry/Tomaten, Kirsche",PHF-00-139190-3,9.92,9.92,grams,,,0.88001,9.92,grams
FV1068A - Shredded Moroccan Chicken Thighs & Spiced Potatoes [BNL],REC-030395-4-003,Moroccan  cherry tomato sauce,SUB-030308-4-001,60,grams,UNCATEGORIZED BOM,,,,,,,,,,,,,,,,FA-DE Water / Wasser,OTH-00-144038-5,20.85,20.85,grams,,,0.88001,20.85,grams
FV1068A - Shredded Moroccan Chicken Thighs & Spiced Potatoes [BNL],REC-030395-4-003,Moroccan  cherry tomato sauce,SUB-030308-4-001,60,grams,UNCATEGORIZED BOM,,,,,,,,,,,,,,,,"FA-DE Coriander, Chopped /Koriander, gehackt",PHF-00-139192-3,1.07,1.07,grams,,,0.88001,1.07,grams
FV1068A - Shredded Moroccan Chicken Thighs & Spiced Potatoes [BNL],REC-030395-4-003,Moroccan  cherry tomato sauce,SUB-030308-4-001,60,grams,UNCATEGORIZED BOM,,,,,,,,,,,,,,,,"FA-DE Spice, Sea Salt /Gewürze, Meersalz",SPI-00-139378-5,0.54,0.54,grams,,,0.88001,0.54,grams
FV1068A - Shredded Moroccan Chicken Thighs & Spiced Potatoes [BNL],REC-030395-4-003,Lebanese Green Beans Batch,SUB-030311-4-001,70,grams,UNCATEGORIZED BOM,,,,,,,,,,,,,,,,"FA-DE Oil, Olive /Öl, Olivenöl",PRO-00-139277-5,3.31,3.31,grams,,,0.88479,3.31,grams
FV1068A - Shredded Moroccan Chicken Thighs & Spiced Potatoes [BNL],REC-030395-4-003,Lebanese Green Beans Batch,SUB-030311-4-001,70,grams,UNCATEGORIZED BOM,,,,,,,,,,,,,,,,"FA-DE Onion, Red, Diced 5mm /Zwiebeln, rot, gewürfelt 5 mm",PHF-00-139213-3,6.63,6.63,grams,,,0.88479,6.63,grams
FV1068A - Shredded Moroccan Chicken Thighs & Spiced Potatoes [BNL],REC-030395-4-003,Lebanese Green Beans Batch,SUB-030311-4-001,70,grams,UNCATEGORIZED BOM,,,,,,,,,,,,,,,,"FA-DE Garlic, IQF, Diced 4 mm /Knoblauch, IQF, gewürfelt 4 mm",PHF-00-139237-1,3.31,3.31,grams,SCHWEFELDIOXIDE UND SULFITE,,0.88479,3.31,grams
FV1068A - Shredded Moroccan Chicken Thighs & Spiced Potatoes [BNL],REC-030395-4-003,Lebanese Green Beans Batch,SUB-030311-4-001,70,grams,UNCATEGORIZED BOM,,,,,,,,,,,,,,,,"FA-DE Tomatoes, Crushed /Tomaten, zerkleinert",PRO-00-139294-5,19.89,19.89,grams,,,0.88479,19.89,grams
FV1068A - Shredded Moroccan Chicken Thighs & Spiced Potatoes [BNL],REC-030395-4-003,Lebanese Green Beans Batch,SUB-030311-4-001,70,grams,UNCATEGORIZED BOM,,,,,,,,,,,,,,,,"FA-DE Spice, Cumin Ground /Gewürz, gemahlener Kreuzkümmel",SPI-00-139345-5,0.64,0.64,grams,,,0.88479,0.64,grams
FV1068A - Shredded Moroccan Chicken Thighs & Spiced Potatoes [BNL],REC-030395-4-003,Lebanese Green Beans Batch,SUB-030311-4-001,70,grams,UNCATEGORIZED BOM,,,,,,,,,,,,,,,,"FA-DE Spice, Cinnamon Ground /Gewürz, gemahlener Zimt",SPI-00-139341-5,0.15,0.15,grams,,,0.88479,0.15,grams
FV1068A - Shredded Moroccan Chicken Thighs & Spiced Potatoes [BNL],REC-030395-4-003,Lebanese Green Beans Batch,SUB-030311-4-001,70,grams,UNCATEGORIZED BOM,,,,,,,,,,,,,,,,"FA-DE Spice, Sea Salt /Gewürze, Meersalz",SPI-00-139378-5,0.32,0.32,grams,,,0.88479,0.32,grams
FV1068A - Shredded Moroccan Chicken Thighs & Spiced Potatoes [BNL],REC-030395-4-003,Lebanese Green Beans Batch,SUB-030311-4-001,70,grams,UNCATEGORIZED BOM,Steamed Green Beans,SUB-030310-4-001,44.87,grams,UNCATEGORIZED BOM,,,,,,,,,,,"FA-DE Green Beans, Fresh, Cut 40mm /Grüne Bohnen, frisch, geschnitten 40mm",PHF-00-139199-3,58.49,58.49,grams,,,0.75022,58.49,grams
FV1068A - Shredded Moroccan Chicken Thighs & Spiced Potatoes [BNL],REC-030395-4-003,Lebanese Green Beans Batch,SUB-030311-4-001,70,grams,UNCATEGORIZED BOM,Steamed Green Beans,SUB-030310-4-001,44.87,grams,UNCATEGORIZED BOM,,,,,,,,,,,"FA-DE Oil, Olive /Öl, Olivenöl",PRO-00-139277-5,1.17,1.17,grams,,,0.75022,1.17,grams
FV1068A - Shredded Moroccan Chicken Thighs & Spiced Potatoes [BNL],REC-030395-4-003,Lebanese Green Beans Batch,SUB-030311-4-001,70,grams,UNCATEGORIZED BOM,Steamed Green Beans,SUB-030310-4-001,44.87,grams,UNCATEGORIZED BOM,,,,,,,,,,,"FA-DE Spice, Sea Salt /Gewürze, Meersalz",SPI-00-139378-5,0.14,0.14,grams,,,0.75022,0.14,grams
FV1068A - Shredded Moroccan Chicken Thighs & Spiced Potatoes [BNL],REC-030395-4-003,Cumin Coriander Yogurt - CUPPED,SUB-030550-4-001,35,grams,"CUPPING, IMMERSION BLENDER",,,,,,,,,,,,,,,,"FA-DE Yogurt, Greek, Plain /Joghurt, Griechisch, Natur",DAI-00-139161-3,31.54,31.54,grams,MILCH (EINSCHLIESSLICH LAKTOSE),,0.98002,31.54,grams
FV1068A - Shredded Moroccan Chicken Thighs & Spiced Potatoes [BNL],REC-030395-4-003,Cumin Coriander Yogurt - CUPPED,SUB-030550-4-001,35,grams,"CUPPING, IMMERSION BLENDER",,,,,,,,,,,,,,,,"FA-DE Juice, Lime /Saft, Limette",PRO-00-139268-5,3.4,3.4,grams,,,0.98002,3.4,grams
FV1068A - Shredded Moroccan Chicken Thighs & Spiced Potatoes [BNL],REC-030395-4-003,Cumin Coriander Yogurt - CUPPED,SUB-030550-4-001,35,grams,"CUPPING, IMMERSION BLENDER",,,,,,,,,,,,,,,,"FA-DE Spice, Cumin Ground /Gewürz, gemahlener Kreuzkümmel",SPI-00-139345-5,0.53,0.53,grams,,,0.98002,0.53,grams
FV1068A - Shredded Moroccan Chicken Thighs & Spiced Potatoes [BNL],REC-030395-4-003,Cumin Coriander Yogurt - CUPPED,SUB-030550-4-001,35,grams,"CUPPING, IMMERSION BLENDER",,,,,,,,,,,,,,,,"FA-DE Spice, Coriander Ground /Gewürz, gemahlener Koriander",SPI-00-139386-5,0.22,0.22,grams,,,0.98002,0.22,grams
FV1068A - Shredded Moroccan Chicken Thighs & Spiced Potatoes [BNL],REC-030395-4-003,Cumin Coriander Yogurt - CUPPED,SUB-030550-4-001,35,grams,"CUPPING, IMMERSION BLENDER",,,,,,,,,,,,,,,,"FA-DE Spice, Sea Salt /Gewürze, Meersalz",SPI-00-139378-5,0.03,0.03,grams,,,0.98002,0.03,grams
FV1320A - Aji Verde Salmon [BNL],REC-029892-4-003,Tomato & Bell Pepper Quinoa Batch 2,SUB-029879-4-001,120,grams,"BLAST CHILLER, HAND MIX",Cooked Tomato Quinoa,SUB-029880-4-001,70.25,grams,"BLAST CHILLER, OVEN",,,,,,,,,,,FA-DE Water / Wasser,OTH-00-144038-5,34.02,34.02,grams,,,0.97026,34.02,grams
FV1320A - Aji Verde Salmon [BNL],REC-029892-4-003,Tomato & Bell Pepper Quinoa Batch 2,SUB-029879-4-001,120,grams,"BLAST CHILLER, HAND MIX",Cooked Tomato Quinoa,SUB-029880-4-001,70.25,grams,"BLAST CHILLER, OVEN",,,,,,,,,,,"FA-DE Spice, Sea Salt /Gewürze, Meersalz",SPI-00-139378-5,0.96,0.96,grams,,,0.97026,0.96,grams
FV1320A - Aji Verde Salmon [BNL],REC-029892-4-003,Tomato & Bell Pepper Quinoa Batch 2,SUB-029879-4-001,120,grams,"BLAST CHILLER, HAND MIX",Cooked Tomato Quinoa,SUB-029880-4-001,70.25,grams,"BLAST CHILLER, OVEN",,,,,,,,,,,"FA-DE Quinoa, White/Quinoa, weiß",DRY-00-139166-5,28.79,28.79,grams,,,0.97026,28.79,grams
FV1320A - Aji Verde Salmon [BNL],REC-029892-4-003,Tomato & Bell Pepper Quinoa Batch 2,SUB-029879-4-001,120,grams,"BLAST CHILLER, HAND MIX",Cooked Tomato Quinoa,SUB-029880-4-001,70.25,grams,"BLAST CHILLER, OVEN",,,,,,,,,,,"FA-DE Tomatoes, Concentrated Crushed /Tomaten, konzentriert, zerkleinert",PRO-00-139293-5,8.64,8.64,grams,,,0.97026,8.64,grams
FV1320A - Aji Verde Salmon [BNL],REC-029892-4-003,Tomato & Bell Pepper Quinoa Batch 2,SUB-029879-4-001,120,grams,"BLAST CHILLER, HAND MIX",Cumin Roasted Diced Red & Green Bell Peppers - 10mm,SUB-029888-4-001,70.25,grams,"BLAST CHILLER, OVEN",,,,,,,,,,,"FA-DE Bell Peppers, Red, Diced 10mm /Paprika, rot, gewürfelt 10 mm",PHF-00-139179-3,30.14,30.14,grams,,,0.73737,30.14,grams
FV1320A - Aji Verde Salmon [BNL],REC-029892-4-003,Tomato & Bell Pepper Quinoa Batch 2,SUB-029879-4-001,120,grams,"BLAST CHILLER, HAND MIX",Cumin Roasted Diced Red & Green Bell Peppers - 10mm,SUB-029888-4-001,70.25,grams,"BLAST CHILLER, OVEN",,,,,,,,,,,"FA-DE Bell Peppers, Green, Diced 10mm /Paprika, grün, gewürfelt 10 mm",PHF-00-139176-3,30.16,30.16,grams,,,0.73737,30.16,grams
FV1320A - Aji Verde Salmon [BNL],REC-029892-4-003,Tomato & Bell Pepper Quinoa Batch 2,SUB-029879-4-001,120,grams,"BLAST CHILLER, HAND MIX",Cumin Roasted Diced Red & Green Bell Peppers - 10mm,SUB-029888-4-001,70.25,grams,"BLAST CHILLER, OVEN",,,,,,,,,,,"FA-DE Onion, Red, Diced 10mm/Zwiebeln, rot, gewürfelt, 10 mm",PHF-00-139216-3,30.14,30.14,grams,,,0.73737,30.14,grams
FV1320A - Aji Verde Salmon [BNL],REC-029892-4-003,Tomato & Bell Pepper Quinoa Batch 2,SUB-029879-4-001,120,grams,"BLAST CHILLER, HAND MIX",Cumin Roasted Diced Red & Green Bell Peppers - 10mm,SUB-029888-4-001,70.25,grams,"BLAST CHILLER, OVEN",,,,,,,,,,,"FA-DE Oil, Olive /Öl, Olivenöl",PRO-00-139277-5,2.18,2.18,grams,,,0.73737,2.18,grams
FV1320A - Aji Verde Salmon [BNL],REC-029892-4-003,Tomato & Bell Pepper Quinoa Batch 2,SUB-029879-4-001,120,grams,"BLAST CHILLER, HAND MIX",Cumin Roasted Diced Red & Green Bell Peppers - 10mm,SUB-029888-4-001,70.25,grams,"BLAST CHILLER, OVEN",,,,,,,,,,,"FA-DE Spice, Cumin Ground /Gewürz, gemahlener Kreuzkümmel",SPI-00-139345-5,0.71,0.71,grams,,,0.73737,0.71,grams
FV1320A - Aji Verde Salmon [BNL],REC-029892-4-003,Tomato & Bell Pepper Quinoa Batch 2,SUB-029879-4-001,120,grams,"BLAST CHILLER, HAND MIX",Cumin Roasted Diced Red & Green Bell Peppers - 10mm,SUB-029888-4-001,70.25,grams,"BLAST CHILLER, OVEN",,,,,,,,,,,"FA-DE Spice, Paprika /Gewürze, Paprika",SPI-00-139373-5,0.71,0.71,grams,,,0.73737,0.71,grams
FV1320A - Aji Verde Salmon [BNL],REC-029892-4-003,Tomato & Bell Pepper Quinoa Batch 2,SUB-029879-4-001,120,grams,"BLAST CHILLER, HAND MIX",Cumin Roasted Diced Red & Green Bell Peppers - 10mm,SUB-029888-4-001,70.25,grams,"BLAST CHILLER, OVEN",,,,,,,,,,,"FA-DE Spice, Chili Powder /Gewürz, Chilipulver",SPI-00-139340-5,0.71,0.71,grams,,,0.73737,0.71,grams
FV1320A - Aji Verde Salmon [BNL],REC-029892-4-003,Tomato & Bell Pepper Quinoa Batch 2,SUB-029879-4-001,120,grams,"BLAST CHILLER, HAND MIX",Cumin Roasted Diced Red & Green Bell Peppers - 10mm,SUB-029888-4-001,70.25,grams,"BLAST CHILLER, OVEN",,,,,,,,,,,"FA-DE Spice, Coriander Ground /Gewürz, gemahlener Koriander",SPI-00-139386-5,0.17,0.17,grams,,,0.73737,0.17,grams
FV1320A - Aji Verde Salmon [BNL],REC-029892-4-003,Tomato & Bell Pepper Quinoa Batch 2,SUB-029879-4-001,120,grams,"BLAST CHILLER, HAND MIX",Cumin Roasted Diced Red & Green Bell Peppers - 10mm,SUB-029888-4-001,70.25,grams,"BLAST CHILLER, OVEN",,,,,,,,,,,"FA-DE Spice, Sea Salt /Gewürze, Meersalz",SPI-00-139378-5,0.34,0.34,grams,,,0.73737,0.34,grams
FV1320A - Aji Verde Salmon [BNL],REC-029892-4-003,Scallion Marinated Salmon,SUB-029881-4-001,1,each,"BLAST CHILLER, HAND MARINADE, OVEN, THAW",,,,,,,,,,,,,,,,"FA-DE Salmon, Skinless, Boneless, Filet/Lachs, ohne Haut, ohne Knochen, Filet - IQF",PTN-00-139968-1,140,140,grams,FISCH,,0.76708,140,grams
FV1320A - Aji Verde Salmon [BNL],REC-029892-4-003,Scallion Marinated Salmon,SUB-029881-4-001,1,each,"BLAST CHILLER, HAND MARINADE, OVEN, THAW",Scallion Marinade - added spices -no sage - less oil,SUB-029883-4-001,9.92,grams,IMMERSION BLENDER,,,,,,,,,,,"FA-DE Oil, Olive /Öl, Olivenöl",PRO-00-139277-5,3.63,3.63,grams,,,1.0,3.63,grams
FV1320A - Aji Verde Salmon [BNL],REC-029892-4-003,Scallion Marinated Salmon,SUB-029881-4-001,1,each,"BLAST CHILLER, HAND MARINADE, OVEN, THAW",Scallion Marinade - added spices -no sage - less oil,SUB-029883-4-001,9.92,grams,IMMERSION BLENDER,,,,,,,,,,,"FA-DE Onion, Green, Sliced 5mm /Zwiebel, grün, in Scheiben geschnitten, 5 mm",PHF-00-149803-3,4.58,4.58,grams,,,1.0,4.58,grams
FV1320A - Aji Verde Salmon [BNL],REC-029892-4-003,Scallion Marinated Salmon,SUB-029881-4-001,1,each,"BLAST CHILLER, HAND MARINADE, OVEN, THAW",Scallion Marinade - added spices -no sage - less oil,SUB-029883-4-001,9.92,grams,IMMERSION BLENDER,,,,,,,,,,,"FA-DE Spice, Sea Salt /Gewürze, Meersalz",SPI-00-139378-5,0.59,0.59,grams,,,1.0,0.59,grams
FV1320A - Aji Verde Salmon [BNL],REC-029892-4-003,Scallion Marinated Salmon,SUB-029881-4-001,1,each,"BLAST CHILLER, HAND MARINADE, OVEN, THAW",Scallion Marinade - added spices -no sage - less oil,SUB-029883-4-001,9.92,grams,IMMERSION BLENDER,,,,,,,,,,,"FA-DE Spice, Black Pepper, Ground /Gewürz, schwarzer Pfeffer, gemahlen",SPI-00-139334-5,0.43,0.43,grams,,,1.0,0.43,grams
FV1320A - Aji Verde Salmon [BNL],REC-029892-4-003,Scallion Marinated Salmon,SUB-029881-4-001,1,each,"BLAST CHILLER, HAND MARINADE, OVEN, THAW",Scallion Marinade - added spices -no sage - less oil,SUB-029883-4-001,9.92,grams,IMMERSION BLENDER,,,,,,,,,,,"FA-DE Spice, Paprika /Gewürze, Paprika",SPI-00-139373-5,0.32,0.32,grams,,,1.0,0.32,grams
FV1320A - Aji Verde Salmon [BNL],REC-029892-4-003,Scallion Marinated Salmon,SUB-029881-4-001,1,each,"BLAST CHILLER, HAND MARINADE, OVEN, THAW",Scallion Marinade - added spices -no sage - less oil,SUB-029883-4-001,9.92,grams,IMMERSION BLENDER,,,,,,,,,,,"FA-DE Spice, Garlic Granulated /Gewürz, Knoblauch granuliert",SPI-00-139353-5,0.37,0.37,grams,,,1.0,0.37,grams
FV1320A - Aji Verde Salmon [BNL],REC-029892-4-003,Cumin Roasted Diced Red & Green Bell Peppers - 10mm,SUB-029888-4-001,45,grams,"BLAST CHILLER, OVEN",,,,,,,,,,,,,,,,"FA-DE Bell Peppers, Red, Diced 10mm /Paprika, rot, gewürfelt 10 mm",PHF-00-139179-3,19.31,19.31,grams,,,0.73737,19.31,grams
FV1320A - Aji Verde Salmon [BNL],REC-029892-4-003,Cumin Roasted Diced Red & Green Bell Peppers - 10mm,SUB-029888-4-001,45,grams,"BLAST CHILLER, OVEN",,,,,,,,,,,,,,,,"FA-DE Bell Peppers, Green, Diced 10mm /Paprika, grün, gewürfelt 10 mm",PHF-00-139176-3,19.32,19.32,grams,,,0.73737,19.32,grams
FV1320A - Aji Verde Salmon [BNL],REC-029892-4-003,Cumin Roasted Diced Red & Green Bell Peppers - 10mm,SUB-029888-4-001,45,grams,"BLAST CHILLER, OVEN",,,,,,,,,,,,,,,,"FA-DE Onion, Red, Diced 10mm/Zwiebeln, rot, gewürfelt, 10 mm",PHF-00-139216-3,19.31,19.31,grams,,,0.73737,19.31,grams
FV1320A - Aji Verde Salmon [BNL],REC-029892-4-003,Cumin Roasted Diced Red & Green Bell Peppers - 10mm,SUB-029888-4-001,45,grams,"BLAST CHILLER, OVEN",,,,,,,,,,,,,,,,"FA-DE Oil, Olive /Öl, Olivenöl",PRO-00-139277-5,1.39,1.39,grams,,,0.73737,1.39,grams
FV1320A - Aji Verde Salmon [BNL],REC-029892-4-003,Cumin Roasted Diced Red & Green Bell Peppers - 10mm,SUB-029888-4-001,45,grams,"BLAST CHILLER, OVEN",,,,,,,,,,,,,,,,"FA-DE Spice, Cumin Ground /Gewürz, gemahlener Kreuzkümmel",SPI-00-139345-5,0.46,0.46,grams,,,0.73737,0.46,grams
FV1320A - Aji Verde Salmon [BNL],REC-029892-4-003,Cumin Roasted Diced Red & Green Bell Peppers - 10mm,SUB-029888-4-001,45,grams,"BLAST CHILLER, OVEN",,,,,,,,,,,,,,,,"FA-DE Spice, Paprika /Gewürze, Paprika",SPI-00-139373-5,0.46,0.46,grams,,,0.73737,0.46,grams
FV1320A - Aji Verde Salmon [BNL],REC-029892-4-003,Cumin Roasted Diced Red & Green Bell Peppers - 10mm,SUB-029888-4-001,45,grams,"BLAST CHILLER, OVEN",,,,,,,,,,,,,,,,"FA-DE Spice, Chili Powder /Gewürz, Chilipulver",SPI-00-139340-5,0.46,0.46,grams,,,0.73737,0.46,grams
FV1320A - Aji Verde Salmon [BNL],REC-029892-4-003,Cumin Roasted Diced Red & Green Bell Peppers - 10mm,SUB-029888-4-001,45,grams,"BLAST CHILLER, OVEN",,,,,,,,,,,,,,,,"FA-DE Spice, Coriander Ground /Gewürz, gemahlener Koriander",SPI-00-139386-5,0.11,0.11,grams,,,0.73737,0.11,grams
FV1320A - Aji Verde Salmon [BNL],REC-029892-4-003,Cumin Roasted Diced Red & Green Bell Peppers - 10mm,SUB-029888-4-001,45,grams,"BLAST CHILLER, OVEN",,,,,,,,,,,,,,,,"FA-DE Spice, Sea Salt /Gewürze, Meersalz",SPI-00-139378-5,0.22,0.22,grams,,,0.73737,0.22,grams
FV1320A - Aji Verde Salmon [BNL],REC-029892-4-003,Roasted Zucchini & Corn - Less Corn,SUB-029887-4-001,85,grams,"BLAST CHILLER, OVEN",,,,,,,,,,,,,,,,"FA-DE Zucchini, Diced 10mm /Zucchini, gewürfelt 10 mm",PHF-00-139229-3,78.73,78.73,grams,,,0.75058,78.73,grams
FV1320A - Aji Verde Salmon [BNL],REC-029892-4-003,Roasted Zucchini & Corn - Less Corn,SUB-029887-4-001,85,grams,"BLAST CHILLER, OVEN",,,,,,,,,,,,,,,,"FA-DE Sweetcorn Supersweet Kernels, IQF /Zuckermais-Supersüßkörner, IQF",PHF-00-139236-1,19.69,19.69,grams,,,0.75058,19.69,grams
FV1320A - Aji Verde Salmon [BNL],REC-029892-4-003,Roasted Zucchini & Corn - Less Corn,SUB-029887-4-001,85,grams,"BLAST CHILLER, OVEN",,,,,,,,,,,,,,,,"FA-DE Garlic, IQF, Diced 4 mm /Knoblauch, IQF, gewürfelt 4 mm",PHF-00-139237-1,5.91,5.91,grams,SCHWEFELDIOXIDE UND SULFITE,,0.75058,5.91,grams
FV1320A - Aji Verde Salmon [BNL],REC-029892-4-003,Roasted Zucchini & Corn - Less Corn,SUB-029887-4-001,85,grams,"BLAST CHILLER, OVEN",,,,,,,,,,,,,,,,"FA-DE Onion, Green, Sliced 5mm /Zwiebel, grün, in Scheiben geschnitten, 5 mm",PHF-00-149803-3,5.74,5.74,grams,,,0.75058,5.74,grams
FV1320A - Aji Verde Salmon [BNL],REC-029892-4-003,Roasted Zucchini & Corn - Less Corn,SUB-029887-4-001,85,grams,"BLAST CHILLER, OVEN",,,,,,,,,,,,,,,,"FA-DE Oil, Olive /Öl, Olivenöl",PRO-00-139277-5,1.2,1.2,grams,,,0.75058,1.2,grams
FV1320A - Aji Verde Salmon [BNL],REC-029892-4-003,Roasted Zucchini & Corn - Less Corn,SUB-029887-4-001,85,grams,"BLAST CHILLER, OVEN",,,,,,,,,,,,,,,,"FA-DE Spice, Chili Powder /Gewürz, Chilipulver",SPI-00-139340-5,0.52,0.52,grams,,,0.75058,0.52,grams
FV1320A - Aji Verde Salmon [BNL],REC-029892-4-003,Roasted Zucchini & Corn - Less Corn,SUB-029887-4-001,85,grams,"BLAST CHILLER, OVEN",,,,,,,,,,,,,,,,"FA-DE Spice, Garlic Granulated /Gewürz, Knoblauch granuliert",SPI-00-139353-5,0.49,0.49,grams,,,0.75058,0.49,grams
FV1320A - Aji Verde Salmon [BNL],REC-029892-4-003,Roasted Zucchini & Corn - Less Corn,SUB-029887-4-001,85,grams,"BLAST CHILLER, OVEN",,,,,,,,,,,,,,,,"FA-DE Spice, Sea Salt /Gewürze, Meersalz",SPI-00-139378-5,0.43,0.43,grams,,,0.75058,0.43,grams
FV1320A - Aji Verde Salmon [BNL],REC-029892-4-003,Roasted Zucchini & Corn - Less Corn,SUB-029887-4-001,85,grams,"BLAST CHILLER, OVEN",,,,,,,,,,,,,,,,"FA-DE Spice, Onion Granulated /Gewürze, Zwiebeln granuliert",SPI-00-139370-5,0.2,0.2,grams,,,0.75058,0.2,grams
FV1320A - Aji Verde Salmon [BNL],REC-029892-4-003,Roasted Zucchini & Corn - Less Corn,SUB-029887-4-001,85,grams,"BLAST CHILLER, OVEN",,,,,,,,,,,,,,,,"FA-DE Spice, Coriander Ground /Gewürz, gemahlener Koriander",SPI-00-139386-5,0.16,0.16,grams,,,0.75058,0.16,grams
FV1320A - Aji Verde Salmon [BNL],REC-029892-4-003,Roasted Zucchini & Corn - Less Corn,SUB-029887-4-001,85,grams,"BLAST CHILLER, OVEN",,,,,,,,,,,,,,,,"FA-DE Spice, Black Pepper, Ground /Gewürz, schwarzer Pfeffer, gemahlen",SPI-00-139334-5,0.16,0.16,grams,,,0.75058,0.16,grams
FV1320A - Aji Verde Salmon [BNL],REC-029892-4-003,Aji Verde Sauce 3 (CUPPED) NO MAYO,SUB-029904-4-001,30,grams,"CUPPING, IMMERSION BLENDER",,,,,,,,,,,,,,,,FA-DE Sour Cream /Sauerrahm,DAI-00-139141-3,16.51,16.51,grams,MILCH (EINSCHLIESSLICH LAKTOSE),,0.92944,16.51,grams
FV1320A - Aji Verde Salmon [BNL],REC-029892-4-003,Aji Verde Sauce 3 (CUPPED) NO MAYO,SUB-029904-4-001,30,grams,"CUPPING, IMMERSION BLENDER",,,,,,,,,,,,,,,,"FA-DE Coriander, Chopped /Koriander, gehackt",PHF-00-139192-3,4.58,4.58,grams,,,0.92944,4.58,grams
FV1320A - Aji Verde Salmon [BNL],REC-029892-4-003,Aji Verde Sauce 3 (CUPPED) NO MAYO,SUB-029904-4-001,30,grams,"CUPPING, IMMERSION BLENDER",,,,,,,,,,,,,,,,"FA-DE Juice, Lime /Saft, Limette",PRO-00-139268-5,4.17,4.17,grams,,,0.92944,4.17,grams
FV1320A - Aji Verde Salmon [BNL],REC-029892-4-003,Aji Verde Sauce 3 (CUPPED) NO MAYO,SUB-029904-4-001,30,grams,"CUPPING, IMMERSION BLENDER",,,,,,,,,,,,,,,,"FA-DE Oil, Olive /Öl, Olivenöl",PRO-00-139277-5,2.94,2.94,grams,,,0.92944,2.94,grams
FV1320A - Aji Verde Salmon [BNL],REC-029892-4-003,Aji Verde Sauce 3 (CUPPED) NO MAYO,SUB-029904-4-001,30,grams,"CUPPING, IMMERSION BLENDER","Roasted Diced Jalapenos, Garlic and (less)Cilantro",SUB-029030-4-001,2.2,grams,OVEN,,,,,,,,,,,"FA-DE Jalapeno Peppers, Diced 5mm /Jalapeno-Paprikaschoten, gewürfelt, 5 mm",PHF-00-139201-3,0.66,0.66,grams,,,0.74482,0.66,grams
FV1320A - Aji Verde Salmon [BNL],REC-029892-4-003,Aji Verde Sauce 3 (CUPPED) NO MAYO,SUB-029904-4-001,30,grams,"CUPPING, IMMERSION BLENDER","Roasted Diced Jalapenos, Garlic and (less)Cilantro",SUB-029030-4-001,2.2,grams,OVEN,,,,,,,,,,,"FA-DE Garlic, IQF, Diced 4 mm /Knoblauch, IQF, gewürfelt 4 mm",PHF-00-139237-1,0.66,0.66,grams,SCHWEFELDIOXIDE UND SULFITE,,0.74482,0.66,grams
FV1320A - Aji Verde Salmon [BNL],REC-029892-4-003,Aji Verde Sauce 3 (CUPPED) NO MAYO,SUB-029904-4-001,30,grams,"CUPPING, IMMERSION BLENDER","Roasted Diced Jalapenos, Garlic and (less)Cilantro",SUB-029030-4-001,2.2,grams,OVEN,,,,,,,,,,,"FA-DE Coriander, Chopped /Koriander, gehackt",PHF-00-139192-3,1.64,1.64,grams,,,0.74482,1.64,grams
FV1320A - Aji Verde Salmon [BNL],REC-029892-4-003,Aji Verde Sauce 3 (CUPPED) NO MAYO,SUB-029904-4-001,30,grams,"CUPPING, IMMERSION BLENDER",,,,,,,,,,,,,,,,"FA-DE Spice, Minced Garlic, Toasted, Dry /Gewürz, gehackter Knoblauch, geröstet, trocken",SPI-00-139367-5,1.47,1.47,grams,,,0.92944,1.47,grams
FV1320A - Aji Verde Salmon [BNL],REC-029892-4-003,Aji Verde Sauce 3 (CUPPED) NO MAYO,SUB-029904-4-001,30,grams,"CUPPING, IMMERSION BLENDER",,,,,,,,,,,,,,,,"FA-DE Spice, Sea Salt /Gewürze, Meersalz",SPI-00-139378-5,0.21,0.21,grams,,,0.92944,0.21,grams
FV1320A - Aji Verde Salmon [BNL],REC-029892-4-003,Aji Verde Sauce 3 (CUPPED) NO MAYO,SUB-029904-4-001,30,grams,"CUPPING, IMMERSION BLENDER",,,,,,,,,,,,,,,,"FA-DE Spice, Garlic Granulated /Gewürz, Knoblauch granuliert",SPI-00-139353-5,0.12,0.12,grams,,,0.92944,0.12,grams
FV1320A - Aji Verde Salmon [BNL],REC-029892-4-003,Aji Verde Sauce 3 (CUPPED) NO MAYO,SUB-029904-4-001,30,grams,"CUPPING, IMMERSION BLENDER",,,,,,,,,,,,,,,,"FA-DE Spice, Jalapeno Powder /Gewürz, Jalapeno-Pulver",SPI-00-139360-5,0.07,0.07,grams,,,0.92944,0.07,grams
FV1646A Lemon Garlic Shrimp & Spanakorizo [DKSE],REC-030366-4-003,Spanakopita Rice,SUB-031599-4-001,105,grams,UNCATEGORIZED BOM,Brown Basmati Rice Cooked -NO SALT,SUB-030343-4-001,61.76,grams,UNCATEGORIZED BOM,,,,,,,,,,,"FA-DE Rice, Basmati, Brown /Reis, Basmati, braun",DRY-00-139168-5,24.16,24.16,grams,,,1.02346,24.16,grams
FV1646A Lemon Garlic Shrimp & Spanakorizo [DKSE],REC-030366-4-003,Spanakopita Rice,SUB-031599-4-001,105,grams,UNCATEGORIZED BOM,Brown Basmati Rice Cooked -NO SALT,SUB-030343-4-001,61.76,grams,UNCATEGORIZED BOM,,,,,,,,,,,FA-DE Water / Wasser,OTH-00-144038-5,36.19,36.19,grams,,,1.02346,36.19,grams
FV1646A Lemon Garlic Shrimp & Spanakorizo [DKSE],REC-030366-4-003,Spanakopita Rice,SUB-031599-4-001,105,grams,UNCATEGORIZED BOM,Spanakopita Rice Inclusion,SUB-030344-4-001,43.24,grams,"BLAST CHILLER, BRAISER, SPICE PORTIONING",,,,,,,,,,,"FA-DE Oil, Olive /Öl, Olivenöl",PRO-00-139277-5,3.86,3.86,grams,,,0.93327,3.86,grams
FV1646A Lemon Garlic Shrimp & Spanakorizo [DKSE],REC-030366-4-003,Spanakopita Rice,SUB-031599-4-001,105,grams,UNCATEGORIZED BOM,Spanakopita Rice Inclusion,SUB-030344-4-001,43.24,grams,"BLAST CHILLER, BRAISER, SPICE PORTIONING",,,,,,,,,,,"FA-DE Onion, Spanish, Diced 10mm /Zwiebel, Spanisch, gewürfelt 10 mm",PHF-00-139209-3,10.1,10.1,grams,,,0.93327,10.1,grams
FV1646A Lemon Garlic Shrimp & Spanakorizo [DKSE],REC-030366-4-003,Spanakopita Rice,SUB-031599-4-001,105,grams,UNCATEGORIZED BOM,Spanakopita Rice Inclusion,SUB-030344-4-001,43.24,grams,"BLAST CHILLER, BRAISER, SPICE PORTIONING",,,,,,,,,,,"FA-DE Garlic, IQF, Diced 4 mm /Knoblauch, IQF, gewürfelt 4 mm",PHF-00-139237-1,5.05,5.05,grams,SCHWEFELDIOXIDE UND SULFITE,,0.93327,5.05,grams
FV1646A Lemon Garlic Shrimp & Spanakorizo [DKSE],REC-030366-4-003,Spanakopita Rice,SUB-031599-4-001,105,grams,UNCATEGORIZED BOM,Spanakopita Rice Inclusion,SUB-030344-4-001,43.24,grams,"BLAST CHILLER, BRAISER, SPICE PORTIONING",,,,,,,,,,,"FA-DE Spice, Sea Salt /Gewürze, Meersalz",SPI-00-139378-5,0.22,0.22,grams,,,0.93327,0.22,grams
FV1646A Lemon Garlic Shrimp & Spanakorizo [DKSE],REC-030366-4-003,Spanakopita Rice,SUB-031599-4-001,105,grams,UNCATEGORIZED BOM,Spanakopita Rice Inclusion,SUB-030344-4-001,43.24,grams,"BLAST CHILLER, BRAISER, SPICE PORTIONING",,,,,,,,,,,"FA-DE Spice, Dill Dried /Gewürz, Dill getrocknet",SPI-00-139349-5,0.1,0.1,grams,,,0.93327,0.1,grams
FV1646A Lemon Garlic Shrimp & Spanakorizo [DKSE],REC-030366-4-003,Spanakopita Rice,SUB-031599-4-001,105,grams,UNCATEGORIZED BOM,Spanakopita Rice Inclusion,SUB-030344-4-001,43.24,grams,"BLAST CHILLER, BRAISER, SPICE PORTIONING",,,,,,,,,,,"FA-DE Spice, Oregano Dry /Gewürz, Oregano trocken",SPI-00-139372-5,0.05,0.05,grams,,,0.93327,0.05,grams
FV1646A Lemon Garlic Shrimp & Spanakorizo [DKSE],REC-030366-4-003,Spanakopita Rice,SUB-031599-4-001,105,grams,UNCATEGORIZED BOM,Spanakopita Rice Inclusion,SUB-030344-4-001,43.24,grams,"BLAST CHILLER, BRAISER, SPICE PORTIONING",Thawed & Squeezed Frozen Spinach,SUB-013405-4-001,16.83,grams,"BLAST CHILLER, HAND MIX, OVEN",,,,,,"FA-DE Spinach, Frozen Leaf/Spinat, gefrorener Blattspinat",PHF-00-139242-1,21.02,21.02,grams,,,0.80087,21.02,grams
FV1646A Lemon Garlic Shrimp & Spanakorizo [DKSE],REC-030366-4-003,Spanakopita Rice,SUB-031599-4-001,105,grams,UNCATEGORIZED BOM,Spanakopita Rice Inclusion,SUB-030344-4-001,43.24,grams,"BLAST CHILLER, BRAISER, SPICE PORTIONING",,,,,,,,,,,"FA-DE Cheese, Feta /Käse, Feta",DAI-00-144309-3,10.1,10.1,grams,MILCH (EINSCHLIESSLICH LAKTOSE),,0.93327,10.1,grams
FV1646A Lemon Garlic Shrimp & Spanakorizo [DKSE],REC-030366-4-003,Tuscan Shrimp Batch 2,SUB-030357-4-001,95,grams,"BLAST CHILLER, MARINADE, OVEN, THAW",Frozen Shrimp - Thawed,SUB-029188-4-001,146.76,grams,"BLAST CHILLER, MARINADE, OVEN, THAW",,,,,,,,,,,FA-DE Prawns 21/25 /Garnelen 21/25 - IQF,PTN-00-139321-1,183.46,183.46,grams,KREBSTIERE,,0.29194,183.46,grams
FV1646A Lemon Garlic Shrimp & Spanakorizo [DKSE],REC-030366-4-003,Tuscan Shrimp Batch 2,SUB-030357-4-001,95,grams,"BLAST CHILLER, MARINADE, OVEN, THAW",Frozen Shrimp - Thawed,SUB-029188-4-001,146.76,grams,"BLAST CHILLER, MARINADE, OVEN, THAW",,,,,,,,,,,FA-DE Water / Wasser,OTH-00-144038-5,275.2,275.2,grams,,,0.29194,275.2,grams
FV1646A Lemon Garlic Shrimp & Spanakorizo [DKSE],REC-030366-4-003,Tuscan Shrimp Batch 2,SUB-030357-4-001,95,grams,"BLAST CHILLER, MARINADE, OVEN, THAW",Frozen Shrimp - Thawed,SUB-029188-4-001,146.76,grams,"BLAST CHILLER, MARINADE, OVEN, THAW",,,,,,,,,,,FA-DE Water / Wasser,OTH-00-144038-5,44.03,44.03,grams,,,0.29194,44.03,grams
FV1646A Lemon Garlic Shrimp & Spanakorizo [DKSE],REC-030366-4-003,Tuscan Shrimp Batch 2,SUB-030357-4-001,95,grams,"BLAST CHILLER, MARINADE, OVEN, THAW",Tuscan Marinade,SUB-031711-4-001,11.57,grams,IMMERSION BLENDER,,,,,,,,,,,"FA-DE Oil, Olive /Öl, Olivenöl",PRO-00-139277-5,8.17,8.17,grams,,,0.96256,8.17,grams
FV1646A Lemon Garlic Shrimp & Spanakorizo [DKSE],REC-030366-4-003,Tuscan Shrimp Batch 2,SUB-030357-4-001,95,grams,"BLAST CHILLER, MARINADE, OVEN, THAW",Tuscan Marinade,SUB-031711-4-001,11.57,grams,IMMERSION BLENDER,,,,,,,,,,,"FA-DE Garlic, IQF, Diced 4 mm /Knoblauch, IQF, gewürfelt 4 mm",PHF-00-139237-1,2.17,2.17,grams,SCHWEFELDIOXIDE UND SULFITE,,0.96256,2.17,grams
FV1646A Lemon Garlic Shrimp & Spanakorizo [DKSE],REC-030366-4-003,Tuscan Shrimp Batch 2,SUB-030357-4-001,95,grams,"BLAST CHILLER, MARINADE, OVEN, THAW",Tuscan Marinade,SUB-031711-4-001,11.57,grams,IMMERSION BLENDER,,,,,,,,,,,"FA-DE Spice, Black Pepper, Ground /Gewürz, schwarzer Pfeffer, gemahlen",SPI-00-139334-5,0.18,0.18,grams,,,0.96256,0.18,grams
FV1646A Lemon Garlic Shrimp & Spanakorizo [DKSE],REC-030366-4-003,Tuscan Shrimp Batch 2,SUB-030357-4-001,95,grams,"BLAST CHILLER, MARINADE, OVEN, THAW",Tuscan Marinade,SUB-031711-4-001,11.57,grams,IMMERSION BLENDER,Tuscan Spice,SUB-013784-4-001,1.28,grams,"HAND MIX, SPICE PORTIONING",,,,,,"FA-DE Spice, Fennel Ground /Gewürz, Fenchel gemahlen",SPI-00-139351-5,0.11,0.11,grams,,,0.98006,0.11,grams
FV1646A Lemon Garlic Shrimp & Spanakorizo [DKSE],REC-030366-4-003,Tuscan Shrimp Batch 2,SUB-030357-4-001,95,grams,"BLAST CHILLER, MARINADE, OVEN, THAW",Tuscan Marinade,SUB-031711-4-001,11.57,grams,IMMERSION BLENDER,Tuscan Spice,SUB-013784-4-001,1.28,grams,"HAND MIX, SPICE PORTIONING",,,,,,"FA-DE Spice, Basil, Dried /Gewürz, Basilikum, getrocknet",SPI-00-139331-5,0.34,0.34,grams,,,0.98006,0.34,grams
FV1646A Lemon Garlic Shrimp & Spanakorizo [DKSE],REC-030366-4-003,Tuscan Shrimp Batch 2,SUB-030357-4-001,95,grams,"BLAST CHILLER, MARINADE, OVEN, THAW",Tuscan Marinade,SUB-031711-4-001,11.57,grams,IMMERSION BLENDER,Tuscan Spice,SUB-013784-4-001,1.28,grams,"HAND MIX, SPICE PORTIONING",,,,,,"FA-DE Spice, Cayenne Pepper /Gewürz, Cayennepfeffer",SPI-00-139339-5,0.06,0.06,grams,,,0.98006,0.06,grams
FV1646A Lemon Garlic Shrimp & Spanakorizo [DKSE],REC-030366-4-003,Tuscan Shrimp Batch 2,SUB-030357-4-001,95,grams,"BLAST CHILLER, MARINADE, OVEN, THAW",Tuscan Marinade,SUB-031711-4-001,11.57,grams,IMMERSION BLENDER,Tuscan Spice,SUB-013784-4-001,1.28,grams,"HAND MIX, SPICE PORTIONING",,,,,,"FA-DE Spice, Oregano Dry /Gewürz, Oregano trocken",SPI-00-139372-5,0.23,0.23,grams,,,0.98006,0.23,grams
FV1646A Lemon Garlic Shrimp & Spanakorizo [DKSE],REC-030366-4-003,Tuscan Shrimp Batch 2,SUB-030357-4-001,95,grams,"BLAST CHILLER, MARINADE, OVEN, THAW",Tuscan Marinade,SUB-031711-4-001,11.57,grams,IMMERSION BLENDER,Tuscan Spice,SUB-013784-4-001,1.28,grams,"HAND MIX, SPICE PORTIONING",,,,,,"FA-DE Spice, Rosemary, Powder /Gewürz, Rosmarin, Pulver",SPI-00-139376-5,0.23,0.23,grams,,,0.98006,0.23,grams
FV1646A Lemon Garlic Shrimp & Spanakorizo [DKSE],REC-030366-4-003,Tuscan Shrimp Batch 2,SUB-030357-4-001,95,grams,"BLAST CHILLER, MARINADE, OVEN, THAW",Tuscan Marinade,SUB-031711-4-001,11.57,grams,IMMERSION BLENDER,Tuscan Spice,SUB-013784-4-001,1.28,grams,"HAND MIX, SPICE PORTIONING",,,,,,"FA-DE Spice, Garlic Granulated /Gewürz, Knoblauch granuliert",SPI-00-139353-5,0.34,0.34,grams,,,0.98006,0.34,grams
FV1646A Lemon Garlic Shrimp & Spanakorizo [DKSE],REC-030366-4-003,Tuscan Shrimp Batch 2,SUB-030357-4-001,95,grams,"BLAST CHILLER, MARINADE, OVEN, THAW",Tuscan Marinade,SUB-031711-4-001,11.57,grams,IMMERSION BLENDER,,,,,,,,,,,"FA-DE Spice, Sea Salt /Gewürze, Meersalz",SPI-00-139378-5,0.22,0.22,grams,,,0.96256,0.22,grams
FV1646A Lemon Garlic Shrimp & Spanakorizo [DKSE],REC-030366-4-003,Lemon Garlic Cream Sauce,SUB-030358-4-001,43,grams,"BLAST CHILLER, BRAISER, IMMERSION BLENDER, SPICE PORTIONING",,,,,,,,,,,,,,,,"FA-DE Oil, Olive /Öl, Olivenöl",PRO-00-139277-5,1.14,1.14,grams,,,0.8878,1.14,grams
FV1646A Lemon Garlic Shrimp & Spanakorizo [DKSE],REC-030366-4-003,Lemon Garlic Cream Sauce,SUB-030358-4-001,43,grams,"BLAST CHILLER, BRAISER, IMMERSION BLENDER, SPICE PORTIONING",,,,,,,,,,,,,,,,"FA-DE Garlic, IQF, Diced 4 mm /Knoblauch, IQF, gewürfelt 4 mm",PHF-00-139237-1,1.17,1.17,grams,SCHWEFELDIOXIDE UND SULFITE,,0.8878,1.17,grams
FV1646A Lemon Garlic Shrimp & Spanakorizo [DKSE],REC-030366-4-003,Lemon Garlic Cream Sauce,SUB-030358-4-001,43,grams,"BLAST CHILLER, BRAISER, IMMERSION BLENDER, SPICE PORTIONING",,,,,,,,,,,,,,,,"FA-DE Milk, Semi-Skimmed /Milch, teilentrahmt",DAI-00-139139-3,11.77,11.77,grams,MILCH (EINSCHLIESSLICH LAKTOSE),,0.8878,11.77,grams
FV1646A Lemon Garlic Shrimp & Spanakorizo [DKSE],REC-030366-4-003,Lemon Garlic Cream Sauce,SUB-030358-4-001,43,grams,"BLAST CHILLER, BRAISER, IMMERSION BLENDER, SPICE PORTIONING",,,,,,,,,,,,,,,,"FA-DE Juice, Lemon /Saft, Zitrone",PRO-00-139265-5,9.18,9.18,grams,,,0.8878,9.18,grams
FV1646A Lemon Garlic Shrimp & Spanakorizo [DKSE],REC-030366-4-003,Lemon Garlic Cream Sauce,SUB-030358-4-001,43,grams,"BLAST CHILLER, BRAISER, IMMERSION BLENDER, SPICE PORTIONING",,,,,,,,,,,,,,,,"FA-DE Cheese, Parmesan, Grated /Käse, Parmesan, gerieben",DAI-00-139127-3,8.63,8.63,grams,MILCH (EINSCHLIESSLICH LAKTOSE),,0.8878,8.63,grams
FV1646A Lemon Garlic Shrimp & Spanakorizo [DKSE],REC-030366-4-003,Lemon Garlic Cream Sauce,SUB-030358-4-001,43,grams,"BLAST CHILLER, BRAISER, IMMERSION BLENDER, SPICE PORTIONING",,,,,,,,,,,,,,,,"FA-DE Spice, Sea Salt /Gewürze, Meersalz",SPI-00-139378-5,0.07,0.07,grams,,,0.8878,0.07,grams
FV1646A Lemon Garlic Shrimp & Spanakorizo [DKSE],REC-030366-4-003,Lemon Garlic Cream Sauce,SUB-030358-4-001,43,grams,"BLAST CHILLER, BRAISER, IMMERSION BLENDER, SPICE PORTIONING",,,,,,,,,,,,,,,,"FA-DE Parsley, Chopped /Petersilie, gehackt",PHF-00-139215-3,1.39,1.39,grams,,,0.8878,1.39,grams
FV1646A Lemon Garlic Shrimp & Spanakorizo [DKSE],REC-030366-4-003,Lemon Garlic Cream Sauce,SUB-030358-4-001,43,grams,"BLAST CHILLER, BRAISER, IMMERSION BLENDER, SPICE PORTIONING",,,,,,,,,,,,,,,,"FA-DE Spice, Garlic Granulated /Gewürz, Knoblauch granuliert",SPI-00-139353-5,0.28,0.28,grams,,,0.8878,0.28,grams
FV1646A Lemon Garlic Shrimp & Spanakorizo [DKSE],REC-030366-4-003,Lemon Garlic Cream Sauce,SUB-030358-4-001,43,grams,"BLAST CHILLER, BRAISER, IMMERSION BLENDER, SPICE PORTIONING",,,,,,,,,,,,,,,,"FA-DE Spice, White Pepper /Gewürz, weißer Pfeffer",SPI-00-139387-5,0.06,0.06,grams,,,0.8878,0.06,grams
FV1646A Lemon Garlic Shrimp & Spanakorizo [DKSE],REC-030366-4-003,Lemon Garlic Cream Sauce,SUB-030358-4-001,43,grams,"BLAST CHILLER, BRAISER, IMMERSION BLENDER, SPICE PORTIONING",,,,,,,,,,,,,,,,"FA-DE Spice, Nutmeg Ground /Gewürz, gemahlene Muskatnuss",SPI-00-139368-5,0.09,0.09,grams,,,0.8878,0.09,grams
FV1646A Lemon Garlic Shrimp & Spanakorizo [DKSE],REC-030366-4-003,Lemon Garlic Cream Sauce,SUB-030358-4-001,43,grams,"BLAST CHILLER, BRAISER, IMMERSION BLENDER, SPICE PORTIONING",,,,,,,,,,,,,,,,"FA-DE Spice, Bay Leaf Powder /Gewürz, Lorbeerblattpulver",SPI-00-139333-5,0.21,0.21,grams,,,0.8878,0.21,grams
FV1646A Lemon Garlic Shrimp & Spanakorizo [DKSE],REC-030366-4-003,Lemon Garlic Cream Sauce,SUB-030358-4-001,43,grams,"BLAST CHILLER, BRAISER, IMMERSION BLENDER, SPICE PORTIONING",,,,,,,,,,,,,,,,"FA-DE Spice, Cayenne Pepper /Gewürz, Cayennepfeffer",SPI-00-139339-5,0.21,0.21,grams,,,0.8878,0.21,grams
FV1646A Lemon Garlic Shrimp & Spanakorizo [DKSE],REC-030366-4-003,Lemon Garlic Cream Sauce,SUB-030358-4-001,43,grams,"BLAST CHILLER, BRAISER, IMMERSION BLENDER, SPICE PORTIONING",Cornstarch Slurry - for Lemon Garlic Cream Sauce,SUB-031600-4-001,14.24,grams,UNCATEGORIZED BOM,,,,,,,,,,,"FA-DE Milk, Semi-Skimmed /Milch, teilentrahmt",DAI-00-139139-3,13.16,13.16,grams,MILCH (EINSCHLIESSLICH LAKTOSE),,0.99889,13.16,grams
FV1646A Lemon Garlic Shrimp & Spanakorizo [DKSE],REC-030366-4-003,Lemon Garlic Cream Sauce,SUB-030358-4-001,43,grams,"BLAST CHILLER, BRAISER, IMMERSION BLENDER, SPICE PORTIONING",Cornstarch Slurry - for Lemon Garlic Cream Sauce,SUB-031600-4-001,14.24,grams,UNCATEGORIZED BOM,,,,,,,,,,,FA-DE Cornstarch /Maisstärke (Maisstärke),DRY-00-150449-5,1.1,1.1,grams,,,0.99889,1.1,grams
FV1646A Lemon Garlic Shrimp & Spanakorizo [DKSE],REC-030366-4-003,Garlic and Chive Roasted Cauliflower Florets,SUB-029387-4-001,90,grams,"BLAST CHILLER, OVEN",,,,,,,,,,,,,,,,"FA-DE Cauliflower, Florets /Blumenkohl, Röschen",PHF-00-143426-3,122.16,122.16,grams,,,0.68894,122.16,grams
FV1646A Lemon Garlic Shrimp & Spanakorizo [DKSE],REC-030366-4-003,Garlic and Chive Roasted Cauliflower Florets,SUB-029387-4-001,90,grams,"BLAST CHILLER, OVEN",,,,,,,,,,,,,,,,"FA-DE Spice, Black Pepper, Ground /Gewürz, schwarzer Pfeffer, gemahlen",SPI-00-139334-5,0.19,0.19,grams,,,0.68894,0.19,grams
FV1646A Lemon Garlic Shrimp & Spanakorizo [DKSE],REC-030366-4-003,Garlic and Chive Roasted Cauliflower Florets,SUB-029387-4-001,90,grams,"BLAST CHILLER, OVEN",,,,,,,,,,,,,,,,"FA-DE Garlic, IQF, Diced 4 mm /Knoblauch, IQF, gewürfelt 4 mm",PHF-00-139237-1,2.89,2.89,grams,SCHWEFELDIOXIDE UND SULFITE,,0.68894,2.89,grams
FV1646A Lemon Garlic Shrimp & Spanakorizo [DKSE],REC-030366-4-003,Garlic and Chive Roasted Cauliflower Florets,SUB-029387-4-001,90,grams,"BLAST CHILLER, OVEN",,,,,,,,,,,,,,,,"FA-DE Spice, Sea Salt /Gewürze, Meersalz",SPI-00-139378-5,0.19,0.19,grams,,,0.68894,0.19,grams
FV1646A Lemon Garlic Shrimp & Spanakorizo [DKSE],REC-030366-4-003,Garlic and Chive Roasted Cauliflower Florets,SUB-029387-4-001,90,grams,"BLAST CHILLER, OVEN",,,,,,,,,,,,,,,,"FA-DE Chives, Dried /Schnittlauch, getrocknet",SPI-00-139322-5,0.19,0.19,grams,,,0.68894,0.19,grams
FV1646A Lemon Garlic Shrimp & Spanakorizo [DKSE],REC-030366-4-003,Garlic and Chive Roasted Cauliflower Florets,SUB-029387-4-001,90,grams,"BLAST CHILLER, OVEN",,,,,,,,,,,,,,,,"FA-DE Oil, Olive /Öl, Olivenöl",PRO-00-139277-5,5.01,5.01,grams,,,0.68894,5.01,grams
FV1646A Lemon Garlic Shrimp & Spanakorizo [DKSE],REC-030366-4-003,Toasted Garlic Zucchini - Half moons 3 - half salt,SUB-030364-4-001,40,grams,"BLAST CHILLER, OVEN",,,,,,,,,,,,,,,,"FA-DE Zucchini, Half Moon /Zucchini, Mondwürfel",PHF-00-139231-3,62.93,62.93,grams,,,0.6209,62.93,grams
FV1646A Lemon Garlic Shrimp & Spanakorizo [DKSE],REC-030366-4-003,Toasted Garlic Zucchini - Half moons 3 - half salt,SUB-030364-4-001,40,grams,"BLAST CHILLER, OVEN",,,,,,,,,,,,,,,,"FA-DE Oil, Olive /Öl, Olivenöl",PRO-00-139277-5,0.84,0.84,grams,,,0.6209,0.84,grams
FV1646A Lemon Garlic Shrimp & Spanakorizo [DKSE],REC-030366-4-003,Toasted Garlic Zucchini - Half moons 3 - half salt,SUB-030364-4-001,40,grams,"BLAST CHILLER, OVEN",,,,,,,,,,,,,,,,"FA-DE Spice, Minced Garlic, Toasted, Dry /Gewürz, gehackter Knoblauch, geröstet, trocken",SPI-00-139367-5,0.45,0.45,grams,,,0.6209,0.45,grams
FV1646A Lemon Garlic Shrimp & Spanakorizo [DKSE],REC-030366-4-003,Toasted Garlic Zucchini - Half moons 3 - half salt,SUB-030364-4-001,40,grams,"BLAST CHILLER, OVEN",,,,,,,,,,,,,,,,"FA-DE Spice, Sea Salt /Gewürze, Meersalz",SPI-00-139378-5,0.11,0.11,grams,,,0.6209,0.11,grams
FV1646A Lemon Garlic Shrimp & Spanakorizo [DKSE],REC-030366-4-003,Toasted Garlic Zucchini - Half moons 3 - half salt,SUB-030364-4-001,40,grams,"BLAST CHILLER, OVEN",,,,,,,,,,,,,,,,"FA-DE Spice, Black Pepper, Ground /Gewürz, schwarzer Pfeffer, gemahlen",SPI-00-139334-5,0.09,0.09,grams,,,0.6209,0.09,grams
FV1646A Lemon Garlic Shrimp & Spanakorizo [DKSE],REC-030366-4-003,Balsamic Cherry Tomatoes,SUB-014243-4-001,32,grams,"BLAST CHILLER, OVEN",,,,,,,,,,,,,,,,"FA-DE Spice, Black Pepper, Ground /Gewürz, schwarzer Pfeffer, gemahlen",SPI-00-139334-5,0.11,0.11,grams,,,0.85641,0.11,grams
FV1646A Lemon Garlic Shrimp & Spanakorizo [DKSE],REC-030366-4-003,Balsamic Cherry Tomatoes,SUB-014243-4-001,32,grams,"BLAST CHILLER, OVEN",,,,,,,,,,,,,,,,"FA-DE Tomatoes, Cherry/Tomaten, Kirsche",PHF-00-139190-3,31.43,31.43,grams,,,0.85641,31.43,grams
FV1646A Lemon Garlic Shrimp & Spanakorizo [DKSE],REC-030366-4-003,Balsamic Cherry Tomatoes,SUB-014243-4-001,32,grams,"BLAST CHILLER, OVEN",,,,,,,,,,,,,,,,"FA-DE Oil, Olive /Öl, Olivenöl",PRO-00-139277-5,1.48,1.48,grams,,,0.85641,1.48,grams
FV1646A Lemon Garlic Shrimp & Spanakorizo [DKSE],REC-030366-4-003,Balsamic Cherry Tomatoes,SUB-014243-4-001,32,grams,"BLAST CHILLER, OVEN",,,,,,,,,,,,,,,,"FA-DE Vinegar, Balsamic /Essig, Balsamico",PRO-00-139298-5,1.06,1.06,grams,SCHWEFELDIOXIDE UND SULFITE,,0.85641,1.06,grams
FV1646A Lemon Garlic Shrimp & Spanakorizo [DKSE],REC-030366-4-003,Balsamic Cherry Tomatoes,SUB-014243-4-001,32,grams,"BLAST CHILLER, OVEN",Basil - Picked Basil Leaves,SUB-013424-4-001,0.37,grams,"DEBOX, STAGING",,,,,,,,,,,"FA-DE Basil, Fresh /Basilikum, frisch",PHF-00-139175-3,0.66,0.66,grams,,,0.55986,0.66,grams
FV1646A Lemon Garlic Shrimp & Spanakorizo [DKSE],REC-030366-4-003,Balsamic Cherry Tomatoes,SUB-014243-4-001,32,grams,"BLAST CHILLER, OVEN",,,,,,,,,,,,,,,,"FA-DE Onion, Red, Diced 5mm /Zwiebeln, rot, gewürfelt 5 mm",PHF-00-139213-3,2.91,2.91,grams,,,0.85641,2.91,grams
FV1776A Tomato & Feta Shrimp [DKSE],REC-029186-4-003,Greek Lemon Rice - Brown Jasmine,SUB-029184-4-001,90,grams,UNCATEGORIZED BOM,Cooked Greek Lemon Rice,SUB-029185-4-001,67.5,grams,"BLAST CHILLER, HAND MIX, OVEN",,,,,,,,,,,"FA-DE Rice, Jasmine, Brown/Reis, Jasmin, braun",DRY-00-139169-5,25.65,25.65,grams,,,1.02005,25.65,grams
FV1776A Tomato & Feta Shrimp [DKSE],REC-029186-4-003,Greek Lemon Rice - Brown Jasmine,SUB-029184-4-001,90,grams,UNCATEGORIZED BOM,Cooked Greek Lemon Rice,SUB-029185-4-001,67.5,grams,"BLAST CHILLER, HAND MIX, OVEN",,,,,,,,,,,FA-DE Water / Wasser,OTH-00-144038-5,37.97,37.97,grams,,,1.02005,37.97,grams
FV1776A Tomato & Feta Shrimp [DKSE],REC-029186-4-003,Greek Lemon Rice - Brown Jasmine,SUB-029184-4-001,90,grams,UNCATEGORIZED BOM,Cooked Greek Lemon Rice,SUB-029185-4-001,67.5,grams,"BLAST CHILLER, HAND MIX, OVEN",,,,,,,,,,,"FA-DE Stock, Chicken, Reduced/Brühe, Huhn, Reduziert",PRO-00-139288-5,1.59,1.59,grams,,,1.02005,1.59,grams
FV1776A Tomato & Feta Shrimp [DKSE],REC-029186-4-003,Greek Lemon Rice - Brown Jasmine,SUB-029184-4-001,90,grams,UNCATEGORIZED BOM,Cooked Greek Lemon Rice,SUB-029185-4-001,67.5,grams,"BLAST CHILLER, HAND MIX, OVEN",,,,,,,,,,,"FA-DE Spice, Sea Salt /Gewürze, Meersalz",SPI-00-139378-5,0.2,0.2,grams,,,1.02005,0.2,grams
FV1776A Tomato & Feta Shrimp [DKSE],REC-029186-4-003,Greek Lemon Rice - Brown Jasmine,SUB-029184-4-001,90,grams,UNCATEGORIZED BOM,Cooked Greek Lemon Rice,SUB-029185-4-001,67.5,grams,"BLAST CHILLER, HAND MIX, OVEN",,,,,,,,,,,"FA-DE Spice, Garlic Powder, Toasted /Gewürz, Knoblauchpulver, geröstet",SPI-00-139354-5,0.35,0.35,grams,,,1.02005,0.35,grams
FV1776A Tomato & Feta Shrimp [DKSE],REC-029186-4-003,Greek Lemon Rice - Brown Jasmine,SUB-029184-4-001,90,grams,UNCATEGORIZED BOM,Cooked Greek Lemon Rice,SUB-029185-4-001,67.5,grams,"BLAST CHILLER, HAND MIX, OVEN",,,,,,,,,,,"FA-DE Spice, Turmeric /Gewürz, Kurkuma",SPI-00-139384-5,0.21,0.21,grams,,,1.02005,0.21,grams
FV1776A Tomato & Feta Shrimp [DKSE],REC-029186-4-003,Greek Lemon Rice - Brown Jasmine,SUB-029184-4-001,90,grams,UNCATEGORIZED BOM,Cooked Greek Lemon Rice,SUB-029185-4-001,67.5,grams,"BLAST CHILLER, HAND MIX, OVEN",,,,,,,,,,,"FA-DE Spice, Dill Dried /Gewürz, Dill getrocknet",SPI-00-139349-5,0.05,0.05,grams,,,1.02005,0.05,grams
FV1776A Tomato & Feta Shrimp [DKSE],REC-029186-4-003,Greek Lemon Rice - Brown Jasmine,SUB-029184-4-001,90,grams,UNCATEGORIZED BOM,Cooked Greek Lemon Rice,SUB-029185-4-001,67.5,grams,"BLAST CHILLER, HAND MIX, OVEN",,,,,,,,,,,"FA-DE Spice, Oregano Dry /Gewürz, Oregano trocken",SPI-00-139372-5,0.05,0.05,grams,,,1.02005,0.05,grams
FV1776A Tomato & Feta Shrimp [DKSE],REC-029186-4-003,Greek Lemon Rice - Brown Jasmine,SUB-029184-4-001,90,grams,UNCATEGORIZED BOM,Cooked Greek Lemon Rice,SUB-029185-4-001,67.5,grams,"BLAST CHILLER, HAND MIX, OVEN",,,,,,,,,,,"FA-DE Spice, Lemon Powder /Gewürz, Zitronenpulver",SPI-00-139362-5,0.11,0.11,grams,,,1.02005,0.11,grams
FV1776A Tomato & Feta Shrimp [DKSE],REC-029186-4-003,Greek Lemon Rice - Brown Jasmine,SUB-029184-4-001,90,grams,UNCATEGORIZED BOM,Cooked Red Onions + Garlic - Lemon Juice and Dill,SUB-029187-4-001,22.5,grams,"BLAST CHILLER, OVEN",,,,,,,,,,,"FA-DE Onion, Red, Diced 5mm /Zwiebeln, rot, gewürfelt 5 mm",PHF-00-139213-3,18.11,18.11,grams,,,0.78173,18.11,grams
FV1776A Tomato & Feta Shrimp [DKSE],REC-029186-4-003,Greek Lemon Rice - Brown Jasmine,SUB-029184-4-001,90,grams,UNCATEGORIZED BOM,Cooked Red Onions + Garlic - Lemon Juice and Dill,SUB-029187-4-001,22.5,grams,"BLAST CHILLER, OVEN",,,,,,,,,,,"FA-DE Garlic, IQF, Diced 4 mm /Knoblauch, IQF, gewürfelt 4 mm",PHF-00-139237-1,4.76,4.76,grams,SCHWEFELDIOXIDE UND SULFITE,,0.78173,4.76,grams
FV1776A Tomato & Feta Shrimp [DKSE],REC-029186-4-003,Greek Lemon Rice - Brown Jasmine,SUB-029184-4-001,90,grams,UNCATEGORIZED BOM,Cooked Red Onions + Garlic - Lemon Juice and Dill,SUB-029187-4-001,22.5,grams,"BLAST CHILLER, OVEN",,,,,,,,,,,"FA-DE Parsley, Chopped /Petersilie, gehackt",PHF-00-139215-3,2.62,2.62,grams,,,0.78173,2.62,grams
FV1776A Tomato & Feta Shrimp [DKSE],REC-029186-4-003,Greek Lemon Rice - Brown Jasmine,SUB-029184-4-001,90,grams,UNCATEGORIZED BOM,Cooked Red Onions + Garlic - Lemon Juice and Dill,SUB-029187-4-001,22.5,grams,"BLAST CHILLER, OVEN",,,,,,,,,,,"FA-DE Oil, Olive /Öl, Olivenöl",PRO-00-139277-5,0.9,0.9,grams,,,0.78173,0.9,grams
FV1776A Tomato & Feta Shrimp [DKSE],REC-029186-4-003,Greek Lemon Rice - Brown Jasmine,SUB-029184-4-001,90,grams,UNCATEGORIZED BOM,Cooked Red Onions + Garlic - Lemon Juice and Dill,SUB-029187-4-001,22.5,grams,"BLAST CHILLER, OVEN",,,,,,,,,,,"FA-DE Juice, Lemon /Saft, Zitrone",PRO-00-139265-5,2.38,2.38,grams,,,0.78173,2.38,grams
FV1776A Tomato & Feta Shrimp [DKSE],REC-029186-4-003,Greek Lemon Rice - Brown Jasmine,SUB-029184-4-001,90,grams,UNCATEGORIZED BOM,Cooked Red Onions + Garlic - Lemon Juice and Dill,SUB-029187-4-001,22.5,grams,"BLAST CHILLER, OVEN",,,,,,,,,,,"FA-DE Spice, Dill Dried /Gewürz, Dill getrocknet",SPI-00-139349-5,0.01,0.01,grams,,,0.78173,0.01,grams
FV1776A Tomato & Feta Shrimp [DKSE],REC-029186-4-003,Basil-Garlic Shrimp Batch - Less Oil,SUB-029191-4-001,105,grams,"BLAST CHILLER, MARINADE, OVEN, THAW",Frozen Shrimp - Thawed,SUB-029188-4-001,163,grams,"BLAST CHILLER, MARINADE, OVEN, THAW",,,,,,,,,,,FA-DE Prawns 21/25 /Garnelen 21/25 - IQF,PTN-00-139321-1,203.77,203.77,grams,KREBSTIERE,,0.29194,203.77,grams
FV1776A Tomato & Feta Shrimp [DKSE],REC-029186-4-003,Basil-Garlic Shrimp Batch - Less Oil,SUB-029191-4-001,105,grams,"BLAST CHILLER, MARINADE, OVEN, THAW",Frozen Shrimp - Thawed,SUB-029188-4-001,163,grams,"BLAST CHILLER, MARINADE, OVEN, THAW",,,,,,,,,,,FA-DE Water / Wasser,OTH-00-144038-5,305.66,305.66,grams,,,0.29194,305.66,grams
FV1776A Tomato & Feta Shrimp [DKSE],REC-029186-4-003,Basil-Garlic Shrimp Batch - Less Oil,SUB-029191-4-001,105,grams,"BLAST CHILLER, MARINADE, OVEN, THAW",Frozen Shrimp - Thawed,SUB-029188-4-001,163,grams,"BLAST CHILLER, MARINADE, OVEN, THAW",,,,,,,,,,,FA-DE Water / Wasser,OTH-00-144038-5,48.91,48.91,grams,,,0.29194,48.91,grams
FV1776A Tomato & Feta Shrimp [DKSE],REC-029186-4-003,Basil-Garlic Shrimp Batch - Less Oil,SUB-029191-4-001,105,grams,"BLAST CHILLER, MARINADE, OVEN, THAW",Basil-Garlic Marinade - No Vinegar/Less Oil,SUB-029190-4-001,12,grams,IMMERSION BLENDER,,,,,,,,,,,"FA-DE Oil, Olive /Öl, Olivenöl",PRO-00-139277-5,3.62,3.62,grams,,,0.94987,3.62,grams
FV1776A Tomato & Feta Shrimp [DKSE],REC-029186-4-003,Basil-Garlic Shrimp Batch - Less Oil,SUB-029191-4-001,105,grams,"BLAST CHILLER, MARINADE, OVEN, THAW",Basil-Garlic Marinade - No Vinegar/Less Oil,SUB-029190-4-001,12,grams,IMMERSION BLENDER,Basil - Picked Basil Leaves,SUB-013424-4-001,6.68,grams,"DEBOX, STAGING",,,,,,"FA-DE Basil, Fresh /Basilikum, frisch",PHF-00-139175-3,11.93,11.93,grams,,,0.55986,11.93,grams
FV1776A Tomato & Feta Shrimp [DKSE],REC-029186-4-003,Basil-Garlic Shrimp Batch - Less Oil,SUB-029191-4-001,105,grams,"BLAST CHILLER, MARINADE, OVEN, THAW",Basil-Garlic Marinade - No Vinegar/Less Oil,SUB-029190-4-001,12,grams,IMMERSION BLENDER,,,,,,,,,,,"FA-DE Garlic, IQF, Diced 4 mm /Knoblauch, IQF, gewürfelt 4 mm",PHF-00-139237-1,0.59,0.59,grams,SCHWEFELDIOXIDE UND SULFITE,,0.94987,0.59,grams
FV1776A Tomato & Feta Shrimp [DKSE],REC-029186-4-003,Basil-Garlic Shrimp Batch - Less Oil,SUB-029191-4-001,105,grams,"BLAST CHILLER, MARINADE, OVEN, THAW",Basil-Garlic Marinade - No Vinegar/Less Oil,SUB-029190-4-001,12,grams,IMMERSION BLENDER,,,,,,,,,,,"FA-DE Spice, Garlic Granulated /Gewürz, Knoblauch granuliert",SPI-00-139353-5,0.59,0.59,grams,,,0.94987,0.59,grams
FV1776A Tomato & Feta Shrimp [DKSE],REC-029186-4-003,Basil-Garlic Shrimp Batch - Less Oil,SUB-029191-4-001,105,grams,"BLAST CHILLER, MARINADE, OVEN, THAW",Basil-Garlic Marinade - No Vinegar/Less Oil,SUB-029190-4-001,12,grams,IMMERSION BLENDER,,,,,,,,,,,"FA-DE Spice, Onion Granulated /Gewürze, Zwiebeln granuliert",SPI-00-139370-5,0.48,0.48,grams,,,0.94987,0.48,grams
FV1776A Tomato & Feta Shrimp [DKSE],REC-029186-4-003,Basil-Garlic Shrimp Batch - Less Oil,SUB-029191-4-001,105,grams,"BLAST CHILLER, MARINADE, OVEN, THAW",Basil-Garlic Marinade - No Vinegar/Less Oil,SUB-029190-4-001,12,grams,IMMERSION BLENDER,,,,,,,,,,,"FA-DE Spice, Black Pepper, Ground /Gewürz, schwarzer Pfeffer, gemahlen",SPI-00-139334-5,0.24,0.24,grams,,,0.94987,0.24,grams
FV1776A Tomato & Feta Shrimp [DKSE],REC-029186-4-003,Basil-Garlic Shrimp Batch - Less Oil,SUB-029191-4-001,105,grams,"BLAST CHILLER, MARINADE, OVEN, THAW",Basil-Garlic Marinade - No Vinegar/Less Oil,SUB-029190-4-001,12,grams,IMMERSION BLENDER,,,,,,,,,,,"FA-DE Spice, Italian Seasoning /Gewürze, italienische Gewürze",SPI-00-139359-5,0.12,0.12,grams,,,0.94987,0.12,grams
FV1776A Tomato & Feta Shrimp [DKSE],REC-029186-4-003,Basil-Garlic Shrimp Batch - Less Oil,SUB-029191-4-001,105,grams,"BLAST CHILLER, MARINADE, OVEN, THAW",Basil-Garlic Marinade - No Vinegar/Less Oil,SUB-029190-4-001,12,grams,IMMERSION BLENDER,,,,,,,,,,,"FA-DE Spice, Crushed Red Pepper Flakes /Gewürz, zerkleinerte rote Pfefferflocken",SPI-00-139344-5,0.02,0.02,grams,,,0.94987,0.02,grams
FV1776A Tomato & Feta Shrimp [DKSE],REC-029186-4-003,Basil-Garlic Shrimp Batch - Less Oil,SUB-029191-4-001,105,grams,"BLAST CHILLER, MARINADE, OVEN, THAW",Basil-Garlic Marinade - No Vinegar/Less Oil,SUB-029190-4-001,12,grams,IMMERSION BLENDER,,,,,,,,,,,"FA-DE Spice, Sea Salt /Gewürze, Meersalz",SPI-00-139378-5,0.29,0.29,grams,,,0.94987,0.29,grams
FV1776A Tomato & Feta Shrimp [DKSE],REC-029186-4-003,Tomato & Feta Sauce - Chunky,SUB-029195-4-001,70,grams,"BLAST CHILLER, BRAISER, IMMERSION BLENDER, SPICE PORTIONING",Concentrated Tomatoes - Diluted (90/10),SUB-029194-4-001,5.49,grams,HAND MIX,,,,,,,,,,,"FA-DE Tomatoes, Concentrated Crushed /Tomaten, konzentriert, zerkleinert",PRO-00-139293-5,4.94,4.94,grams,,,1.0,4.94,grams
FV1776A Tomato & Feta Shrimp [DKSE],REC-029186-4-003,Tomato & Feta Sauce - Chunky,SUB-029195-4-001,70,grams,"BLAST CHILLER, BRAISER, IMMERSION BLENDER, SPICE PORTIONING",Concentrated Tomatoes - Diluted (90/10),SUB-029194-4-001,5.49,grams,HAND MIX,,,,,,,,,,,FA-DE Water / Wasser,OTH-00-144038-5,0.55,0.55,grams,,,1.0,0.55,grams
FV1776A Tomato & Feta Shrimp [DKSE],REC-029186-4-003,Tomato & Feta Sauce - Chunky,SUB-029195-4-001,70,grams,"BLAST CHILLER, BRAISER, IMMERSION BLENDER, SPICE PORTIONING",Basil - Picked Basil Leaves,SUB-013424-4-001,0.27,grams,"DEBOX, STAGING",,,,,,,,,,,"FA-DE Basil, Fresh /Basilikum, frisch",PHF-00-139175-3,0.49,0.49,grams,,,0.55986,0.49,grams
FV1776A Tomato & Feta Shrimp [DKSE],REC-029186-4-003,Tomato & Feta Sauce - Chunky,SUB-029195-4-001,70,grams,"BLAST CHILLER, BRAISER, IMMERSION BLENDER, SPICE PORTIONING",,,,,,,,,,,,,,,,"FA-DE Oil, Olive /Öl, Olivenöl",PRO-00-139277-5,2.74,2.74,grams,,,0.90619,2.74,grams
FV1776A Tomato & Feta Shrimp [DKSE],REC-029186-4-003,Tomato & Feta Sauce - Chunky,SUB-029195-4-001,70,grams,"BLAST CHILLER, BRAISER, IMMERSION BLENDER, SPICE PORTIONING",,,,,,,,,,,,,,,,"FA-DE Onion, Spanish, Diced 5mm /Zwiebel, Spanisch, gewürfelt 5 mm",PHF-00-139212-3,10.99,10.99,grams,,,0.90619,10.99,grams
FV1776A Tomato & Feta Shrimp [DKSE],REC-029186-4-003,Tomato & Feta Sauce - Chunky,SUB-029195-4-001,70,grams,"BLAST CHILLER, BRAISER, IMMERSION BLENDER, SPICE PORTIONING",,,,,,,,,,,,,,,,"FA-DE Garlic, IQF, Diced 4 mm /Knoblauch, IQF, gewürfelt 4 mm",PHF-00-139237-1,4.12,4.12,grams,SCHWEFELDIOXIDE UND SULFITE,,0.90619,4.12,grams
FV1776A Tomato & Feta Shrimp [DKSE],REC-029186-4-003,Tomato & Feta Sauce - Chunky,SUB-029195-4-001,70,grams,"BLAST CHILLER, BRAISER, IMMERSION BLENDER, SPICE PORTIONING",,,,,,,,,,,,,,,,"FA-DE Spice, Garlic Powder, Toasted /Gewürz, Knoblauchpulver, geröstet",SPI-00-139354-5,0.42,0.42,grams,,,0.90619,0.42,grams
FV1776A Tomato & Feta Shrimp [DKSE],REC-029186-4-003,Tomato & Feta Sauce - Chunky,SUB-029195-4-001,70,grams,"BLAST CHILLER, BRAISER, IMMERSION BLENDER, SPICE PORTIONING",,,,,,,,,,,,,,,,"FA-DE Spice, Onion Powder, Toasted /Gewürze, Zwiebelpulver, geröstet",SPI-00-139371-5,0.42,0.42,grams,,,0.90619,0.42,grams
FV1776A Tomato & Feta Shrimp [DKSE],REC-029186-4-003,Tomato & Feta Sauce - Chunky,SUB-029195-4-001,70,grams,"BLAST CHILLER, BRAISER, IMMERSION BLENDER, SPICE PORTIONING",,,,,,,,,,,,,,,,"FA-DE Spice, Oregano Dry /Gewürz, Oregano trocken",SPI-00-139372-5,0.16,0.16,grams,,,0.90619,0.16,grams
FV1776A Tomato & Feta Shrimp [DKSE],REC-029186-4-003,Tomato & Feta Sauce - Chunky,SUB-029195-4-001,70,grams,"BLAST CHILLER, BRAISER, IMMERSION BLENDER, SPICE PORTIONING",,,,,,,,,,,,,,,,"FA-DE Spice, Black Pepper, Ground /Gewürz, schwarzer Pfeffer, gemahlen",SPI-00-139334-5,0.09,0.09,grams,,,0.90619,0.09,grams
FV1776A Tomato & Feta Shrimp [DKSE],REC-029186-4-003,Tomato & Feta Sauce - Chunky,SUB-029195-4-001,70,grams,"BLAST CHILLER, BRAISER, IMMERSION BLENDER, SPICE PORTIONING",,,,,,,,,,,,,,,,"FA-DE Spice, Dill Dried /Gewürz, Dill getrocknet",SPI-00-139349-5,0.05,0.05,grams,,,0.90619,0.05,grams
FV1776A Tomato & Feta Shrimp [DKSE],REC-029186-4-003,Tomato & Feta Sauce - Chunky,SUB-029195-4-001,70,grams,"BLAST CHILLER, BRAISER, IMMERSION BLENDER, SPICE PORTIONING",,,,,,,,,,,,,,,,"FA-DE Spice, Marjoram Dried /Gewürz, Majoran getrocknet",SPI-00-139366-5,0.02,0.02,grams,,,0.90619,0.02,grams
FV1776A Tomato & Feta Shrimp [DKSE],REC-029186-4-003,Tomato & Feta Sauce - Chunky,SUB-029195-4-001,70,grams,"BLAST CHILLER, BRAISER, IMMERSION BLENDER, SPICE PORTIONING",,,,,,,,,,,,,,,,"FA-DE Tomatoes, Diced, BiB/Tomaten, gewürfelt, BiB",PRO-00-139295-5,42.43,42.43,grams,,,0.90619,42.43,grams
FV1776A Tomato & Feta Shrimp [DKSE],REC-029186-4-003,Tomato & Feta Sauce - Chunky,SUB-029195-4-001,70,grams,"BLAST CHILLER, BRAISER, IMMERSION BLENDER, SPICE PORTIONING",,,,,,,,,,,,,,,,"FA-DE Cheese, Feta /Käse, Feta",DAI-00-144309-3,9.36,9.36,grams,MILCH (EINSCHLIESSLICH LAKTOSE),,0.90619,9.36,grams
FV1776A Tomato & Feta Shrimp [DKSE],REC-029186-4-003,Tomato & Feta Sauce - Chunky,SUB-029195-4-001,70,grams,"BLAST CHILLER, BRAISER, IMMERSION BLENDER, SPICE PORTIONING",,,,,,,,,,,,,,,,"FA-DE Parsley, Chopped /Petersilie, gehackt",PHF-00-139215-3,0.35,0.35,grams,,,0.90619,0.35,grams
FV1776A Tomato & Feta Shrimp [DKSE],REC-029186-4-003,Tomato & Feta Sauce - Chunky,SUB-029195-4-001,70,grams,"BLAST CHILLER, BRAISER, IMMERSION BLENDER, SPICE PORTIONING",,,,,,,,,,,,,,,,"FA-DE Spice, Sea Salt /Gewürze, Meersalz",SPI-00-139378-5,0.33,0.33,grams,,,0.90619,0.33,grams
FV1776A Tomato & Feta Shrimp [DKSE],REC-029186-4-003,Garlic & Rosemary Zucchini Moons,SUB-029192-4-001,90,grams,UNCATEGORIZED BOM,,,,,,,,,,,,,,,,"FA-DE Zucchini, Half Moon /Zucchini, Mondwürfel",PHF-00-139231-3,104.69,104.69,grams,,,0.8313,104.69,grams
FV1776A Tomato & Feta Shrimp [DKSE],REC-029186-4-003,Garlic & Rosemary Zucchini Moons,SUB-029192-4-001,90,grams,UNCATEGORIZED BOM,,,,,,,,,,,,,,,,"FA-DE Oil, Olive /Öl, Olivenöl",PRO-00-139277-5,2.19,2.19,grams,,,0.8313,2.19,grams
FV1776A Tomato & Feta Shrimp [DKSE],REC-029186-4-003,Garlic & Rosemary Zucchini Moons,SUB-029192-4-001,90,grams,UNCATEGORIZED BOM,,,,,,,,,,,,,,,,"FA-DE Spice, Minced Garlic, Toasted, Dry /Gewürz, gehackter Knoblauch, geröstet, trocken",SPI-00-139367-5,0.69,0.69,grams,,,0.8313,0.69,grams
FV1776A Tomato & Feta Shrimp [DKSE],REC-029186-4-003,Garlic & Rosemary Zucchini Moons,SUB-029192-4-001,90,grams,UNCATEGORIZED BOM,,,,,,,,,,,,,,,,"FA-DE Spice, Sea Salt /Gewürze, Meersalz",SPI-00-139378-5,0.42,0.42,grams,,,0.8313,0.42,grams
FV1776A Tomato & Feta Shrimp [DKSE],REC-029186-4-003,Garlic & Rosemary Zucchini Moons,SUB-029192-4-001,90,grams,UNCATEGORIZED BOM,,,,,,,,,,,,,,,,"FA-DE Spice, Black Pepper, Ground /Gewürz, schwarzer Pfeffer, gemahlen",SPI-00-139334-5,0.11,0.11,grams,,,0.8313,0.11,grams
FV1776A Tomato & Feta Shrimp [DKSE],REC-029186-4-003,Garlic & Rosemary Zucchini Moons,SUB-029192-4-001,90,grams,UNCATEGORIZED BOM,,,,,,,,,,,,,,,,"FA-DE Spice, Fennel Ground /Gewürz, Fenchel gemahlen",SPI-00-139351-5,0.06,0.06,grams,,,0.8313,0.06,grams
FV1776A Tomato & Feta Shrimp [DKSE],REC-029186-4-003,Garlic & Rosemary Zucchini Moons,SUB-029192-4-001,90,grams,UNCATEGORIZED BOM,,,,,,,,,,,,,,,,"FA-DE Rosemary, IQF /Rosmarin, IQF",PHF-00-139243-1,0.05,0.05,grams,,,0.8313,0.05,grams
FV1776A Tomato & Feta Shrimp [DKSE],REC-029186-4-003,Garlic & Rosemary Zucchini Moons,SUB-029192-4-001,90,grams,UNCATEGORIZED BOM,,,,,,,,,,,,,,,,"FA-DE Spice, Gochugaru Chili Pepper Flakes /Gewürz, Gochugaru-Chili-Pfefferflocken",SPI-00-139356-5,0.04,0.04,grams,,,0.8313,0.04,grams
FV1776A Tomato & Feta Shrimp [DKSE],REC-029186-4-003,Garlic & Rosemary Zucchini Moons,SUB-029192-4-001,90,grams,UNCATEGORIZED BOM,,,,,,,,,,,,,,,,"FA-DE Spice, Oregano Dry /Gewürz, Oregano trocken",SPI-00-139372-5,0.01,0.01,grams,,,0.8313,0.01,grams
FV1776A Tomato & Feta Shrimp [DKSE],REC-029186-4-003,Greek Herb Roasted Cherry Tomatoes - No Salt,SUB-029193-4-001,35,grams,UNCATEGORIZED BOM,,,,,,,,,,,,,,,,"FA-DE Tomatoes, Cherry/Tomaten, Kirsche",PHF-00-139190-3,37.95,37.95,grams,,,0.90694,37.95,grams
FV1776A Tomato & Feta Shrimp [DKSE],REC-029186-4-003,Greek Herb Roasted Cherry Tomatoes - No Salt,SUB-029193-4-001,35,grams,UNCATEGORIZED BOM,,,,,,,,,,,,,,,,"FA-DE Spice, Garlic Granulated /Gewürz, Knoblauch granuliert",SPI-00-139353-5,0.07,0.07,grams,,,0.90694,0.07,grams
FV1776A Tomato & Feta Shrimp [DKSE],REC-029186-4-003,Greek Herb Roasted Cherry Tomatoes - No Salt,SUB-029193-4-001,35,grams,UNCATEGORIZED BOM,,,,,,,,,,,,,,,,"FA-DE Spice, Oregano Dry /Gewürz, Oregano trocken",SPI-00-139372-5,0.07,0.07,grams,,,0.90694,0.07,grams
FV1776A Tomato & Feta Shrimp [DKSE],REC-029186-4-003,Greek Herb Roasted Cherry Tomatoes - No Salt,SUB-029193-4-001,35,grams,UNCATEGORIZED BOM,,,,,,,,,,,,,,,,"FA-DE Spice, Black Pepper, Ground /Gewürz, schwarzer Pfeffer, gemahlen",SPI-00-139334-5,0.03,0.03,grams,,,0.90694,0.03,grams
FV1776A Tomato & Feta Shrimp [DKSE],REC-029186-4-003,Greek Herb Roasted Cherry Tomatoes - No Salt,SUB-029193-4-001,35,grams,UNCATEGORIZED BOM,,,,,,,,,,,,,,,,"FA-DE Oil, Olive /Öl, Olivenöl",PRO-00-139277-5,0.38,0.38,grams,,,0.90694,0.38,grams
FV1776A Tomato & Feta Shrimp [DKSE],REC-029186-4-003,Greek Herb Roasted Cherry Tomatoes - No Salt,SUB-029193-4-001,35,grams,UNCATEGORIZED BOM,,,,,,,,,,,,,,,,"FA-DE Spice, Sea Salt /Gewürze, Meersalz",SPI-00-139378-5,0.1,0.1,grams,,,0.90694,0.1,grams
FV4009A - Salmon with a mustard dill sauce [BNL],REC-013579-4-003,Garlic Spinach Stamppot,SUB-013577-4-001,130,grams,"BLAST CHILLER, HAND MIX",Mash - Horseradish Shredded Beef Mashed Potatoes,SUB-013576-4-001,116.32,grams,"BLAST CHILLER, PLANETARY MIXER",,,,,,,,,,,"FA-DE Spice, Garlic Granulated /Gewürz, Knoblauch granuliert",SPI-00-139353-5,0.15,0.15,grams,,,0.90573,0.15,grams
FV4009A - Salmon with a mustard dill sauce [BNL],REC-013579-4-003,Garlic Spinach Stamppot,SUB-013577-4-001,130,grams,"BLAST CHILLER, HAND MIX",Mash - Horseradish Shredded Beef Mashed Potatoes,SUB-013576-4-001,116.32,grams,"BLAST CHILLER, PLANETARY MIXER",Steamed Potato Batch,SUB-013509-4-001,113.21,grams,"BLAST CHILLER, OVEN",,,,,,"FA-DE Potatoes, Diced 10mm /Kartoffeln, gewürfelt, 10 mm",PHF-00-139219-3,115.52,115.52,grams,,,0.98,115.52,grams
FV4009A - Salmon with a mustard dill sauce [BNL],REC-013579-4-003,Garlic Spinach Stamppot,SUB-013577-4-001,130,grams,"BLAST CHILLER, HAND MIX",Mash - Horseradish Shredded Beef Mashed Potatoes,SUB-013576-4-001,116.32,grams,"BLAST CHILLER, PLANETARY MIXER",,,,,,,,,,,"FA-DE Butter, Unsalted /Butter, ungesalzen",DAI-00-139146-3,5.77,5.77,grams,MILCH (EINSCHLIESSLICH LAKTOSE),,0.90573,5.77,grams
FV4009A - Salmon with a mustard dill sauce [BNL],REC-013579-4-003,Garlic Spinach Stamppot,SUB-013577-4-001,130,grams,"BLAST CHILLER, HAND MIX",Mash - Horseradish Shredded Beef Mashed Potatoes,SUB-013576-4-001,116.32,grams,"BLAST CHILLER, PLANETARY MIXER",,,,,,,,,,,"FA-DE Spice, Sea Salt /Gewürze, Meersalz",SPI-00-139378-5,0.63,0.63,grams,,,0.90573,0.63,grams
FV4009A - Salmon with a mustard dill sauce [BNL],REC-013579-4-003,Garlic Spinach Stamppot,SUB-013577-4-001,130,grams,"BLAST CHILLER, HAND MIX",Mash - Horseradish Shredded Beef Mashed Potatoes,SUB-013576-4-001,116.32,grams,"BLAST CHILLER, PLANETARY MIXER",,,,,,,,,,,"FA-DE Milk, Whole /Milch, voll",DAI-00-139142-3,8.52,8.52,grams,MILCH (EINSCHLIESSLICH LAKTOSE),,0.90573,8.52,grams
FV4009A - Salmon with a mustard dill sauce [BNL],REC-013579-4-003,Garlic Spinach Stamppot,SUB-013577-4-001,130,grams,"BLAST CHILLER, HAND MIX",Mash - Horseradish Shredded Beef Mashed Potatoes,SUB-013576-4-001,116.32,grams,"BLAST CHILLER, PLANETARY MIXER",,,,,,,,,,,"FA-DE Spice, Onion Granulated /Gewürze, Zwiebeln granuliert",SPI-00-139370-5,0.15,0.15,grams,,,0.90573,0.15,grams
FV4009A - Salmon with a mustard dill sauce [BNL],REC-013579-4-003,Garlic Spinach Stamppot,SUB-013577-4-001,130,grams,"BLAST CHILLER, HAND MIX",Spinach - Garlic Spinach - Frzn Spinach - less garlic,SUB-013415-4-001,20.53,grams,"BLAST CHILLER, OVEN",,,,,,,,,,,"FA-DE Garlic, IQF, Diced 4 mm /Knoblauch, IQF, gewürfelt 4 mm",PHF-00-139237-1,0.49,0.49,grams,SCHWEFELDIOXIDE UND SULFITE,,0.8336,0.49,grams
FV4009A - Salmon with a mustard dill sauce [BNL],REC-013579-4-003,Garlic Spinach Stamppot,SUB-013577-4-001,130,grams,"BLAST CHILLER, HAND MIX",Spinach - Garlic Spinach - Frzn Spinach - less garlic,SUB-013415-4-001,20.53,grams,"BLAST CHILLER, OVEN",,,,,,,,,,,"FA-DE Spice, Sea Salt /Gewürze, Meersalz",SPI-00-139378-5,0.08,0.08,grams,,,0.8336,0.08,grams
FV4009A - Salmon with a mustard dill sauce [BNL],REC-013579-4-003,Garlic Spinach Stamppot,SUB-013577-4-001,130,grams,"BLAST CHILLER, HAND MIX",Spinach - Garlic Spinach - Frzn Spinach - less garlic,SUB-013415-4-001,20.53,grams,"BLAST CHILLER, OVEN",Thawed & Squeezed Frozen Spinach,SUB-013405-4-001,22.81,grams,"BLAST CHILLER, HAND MIX, OVEN",,,,,,"FA-DE Spinach, Frozen Leaf/Spinat, gefrorener Blattspinat",PHF-00-139242-1,28.48,28.48,grams,,,0.80087,28.48,grams
FV4009A - Salmon with a mustard dill sauce [BNL],REC-013579-4-003,Garlic Spinach Stamppot,SUB-013577-4-001,130,grams,"BLAST CHILLER, HAND MIX",Spinach - Garlic Spinach - Frzn Spinach - less garlic,SUB-013415-4-001,20.53,grams,"BLAST CHILLER, OVEN",,,,,,,,,,,"FA-DE Oil, Olive /Öl, Olivenöl",PRO-00-139277-5,1.24,1.24,grams,,,0.8336,1.24,grams
FV4009A - Salmon with a mustard dill sauce [BNL],REC-013579-4-003,Salmon - garlic seasoning,SUB-013382-4-001,1,each,"BLAST CHILLER, HAND MARINADE, OVEN, THAW",,,,,,,,,,,,,,,,"FA-DE Salmon, Skinless, Boneless, Filet/Lachs, ohne Haut, ohne Knochen, Filet - IQF",PTN-00-139968-1,140,140,grams,FISCH,,0.81816,140,grams
FV4009A - Salmon with a mustard dill sauce [BNL],REC-013579-4-003,Salmon - garlic seasoning,SUB-013382-4-001,1,each,"BLAST CHILLER, HAND MARINADE, OVEN, THAW",,,,,,,,,,,,,,,,"FA-DE Spice, Sea Salt /Gewürze, Meersalz",SPI-00-139378-5,0.42,0.42,grams,,,0.81816,0.42,grams
FV4009A - Salmon with a mustard dill sauce [BNL],REC-013579-4-003,Salmon - garlic seasoning,SUB-013382-4-001,1,each,"BLAST CHILLER, HAND MARINADE, OVEN, THAW",,,,,,,,,,,,,,,,"FA-DE Spice, Garlic Granulated /Gewürz, Knoblauch granuliert",SPI-00-139353-5,0.14,0.14,grams,,,0.81816,0.14,grams
FV4009A - Salmon with a mustard dill sauce [BNL],REC-013579-4-003,Sauce - Creamy Dijon and Dill Sauce,SUB-013575-4-001,40,grams,"BLAST CHILLER, BRAISER, IMMERSION BLENDER, SPICE PORTIONING",,,,,,,,,,,,,,,,"FA-DE Mustard, Dijon /Senf, Dijon",PRO-00-139276-5,5.86,5.86,grams,SENF,,0.8417,5.86,grams
FV4009A - Salmon with a mustard dill sauce [BNL],REC-013579-4-003,Sauce - Creamy Dijon and Dill Sauce,SUB-013575-4-001,40,grams,"BLAST CHILLER, BRAISER, IMMERSION BLENDER, SPICE PORTIONING",,,,,,,,,,,,,,,,"FA-DE Dill, Fresh/Dill, frisch",PHF-00-139200-3,0.51,0.51,grams,,,0.8417,0.51,grams
FV4009A - Salmon with a mustard dill sauce [BNL],REC-013579-4-003,Sauce - Creamy Dijon and Dill Sauce,SUB-013575-4-001,40,grams,"BLAST CHILLER, BRAISER, IMMERSION BLENDER, SPICE PORTIONING",,,,,,,,,,,,,,,,"FA-DE Cheese, Parmesan, Grated /Käse, Parmesan, gerieben",DAI-00-139127-3,1.43,1.43,grams,MILCH (EINSCHLIESSLICH LAKTOSE),,0.8417,1.43,grams
FV4009A - Salmon with a mustard dill sauce [BNL],REC-013579-4-003,Sauce - Creamy Dijon and Dill Sauce,SUB-013575-4-001,40,grams,"BLAST CHILLER, BRAISER, IMMERSION BLENDER, SPICE PORTIONING",,,,,,,,,,,,,,,,FA-DE Heavy Cream 20% /Sahne 20%,DAI-00-139137-3,28.57,28.57,grams,MILCH (EINSCHLIESSLICH LAKTOSE),,0.8417,28.57,grams
FV4009A - Salmon with a mustard dill sauce [BNL],REC-013579-4-003,Sauce - Creamy Dijon and Dill Sauce,SUB-013575-4-001,40,grams,"BLAST CHILLER, BRAISER, IMMERSION BLENDER, SPICE PORTIONING",,,,,,,,,,,,,,,,"FA-DE Spice, Garlic Granulated /Gewürz, Knoblauch granuliert",SPI-00-139353-5,0.29,0.29,grams,,,0.8417,0.29,grams
FV4009A - Salmon with a mustard dill sauce [BNL],REC-013579-4-003,Sauce - Creamy Dijon and Dill Sauce,SUB-013575-4-001,40,grams,"BLAST CHILLER, BRAISER, IMMERSION BLENDER, SPICE PORTIONING",,,,,,,,,,,,,,,,"FA-DE Spice, Black Pepper, Ground /Gewürz, schwarzer Pfeffer, gemahlen",SPI-00-139334-5,0.13,0.13,grams,,,0.8417,0.13,grams
FV4009A - Salmon with a mustard dill sauce [BNL],REC-013579-4-003,Sauce - Creamy Dijon and Dill Sauce,SUB-013575-4-001,40,grams,"BLAST CHILLER, BRAISER, IMMERSION BLENDER, SPICE PORTIONING",,,,,,,,,,,,,,,,"FA-DE Vinegar, White Wine /Essig, Weißwein",PRO-00-139303-5,0.29,0.29,grams,,,0.8417,0.29,grams
FV4009A - Salmon with a mustard dill sauce [BNL],REC-013579-4-003,Sauce - Creamy Dijon and Dill Sauce,SUB-013575-4-001,40,grams,"BLAST CHILLER, BRAISER, IMMERSION BLENDER, SPICE PORTIONING",,,,,,,,,,,,,,,,"FA-DE Onion, Spanish, Diced 5mm /Zwiebel, Spanisch, gewürfelt 5 mm",PHF-00-139212-3,2.55,2.55,grams,,,0.8417,2.55,grams
FV4009A - Salmon with a mustard dill sauce [BNL],REC-013579-4-003,Sauce - Creamy Dijon and Dill Sauce,SUB-013575-4-001,40,grams,"BLAST CHILLER, BRAISER, IMMERSION BLENDER, SPICE PORTIONING",,,,,,,,,,,,,,,,"FA-DE Stock, Chicken, Reduced/Brühe, Huhn, Reduziert",PRO-00-139288-5,1.14,1.14,grams,,,0.8417,1.14,grams
FV4009A - Salmon with a mustard dill sauce [BNL],REC-013579-4-003,Sauce - Creamy Dijon and Dill Sauce,SUB-013575-4-001,40,grams,"BLAST CHILLER, BRAISER, IMMERSION BLENDER, SPICE PORTIONING",,,,,,,,,,,,,,,,"FA-DE Spice, Mustard Seed Ground, Dry /Gewürz, Senfkörner gemahlen, Trockenmasse",SPI-00-139369-5,0.88,0.88,grams,SENF,,0.8417,0.88,grams
FV4009A - Salmon with a mustard dill sauce [BNL],REC-013579-4-003,Sauce - Creamy Dijon and Dill Sauce,SUB-013575-4-001,40,grams,"BLAST CHILLER, BRAISER, IMMERSION BLENDER, SPICE PORTIONING",,,,,,,,,,,,,,,,"FA-DE Spice, Sea Salt /Gewürze, Meersalz",SPI-00-139378-5,0.1,0.1,grams,,,0.8417,0.1,grams
FV4009A - Salmon with a mustard dill sauce [BNL],REC-013579-4-003,Sauce - Creamy Dijon and Dill Sauce,SUB-013575-4-001,40,grams,"BLAST CHILLER, BRAISER, IMMERSION BLENDER, SPICE PORTIONING",,,,,,,,,,,,,,,,"FA-DE Garlic, IQF, Diced 4 mm /Knoblauch, IQF, gewürfelt 4 mm",PHF-00-139237-1,1.36,1.36,grams,SCHWEFELDIOXIDE UND SULFITE,,0.8417,1.36,grams
FV4009A - Salmon with a mustard dill sauce [BNL],REC-013579-4-003,Sauce - Creamy Dijon and Dill Sauce,SUB-013575-4-001,40,grams,"BLAST CHILLER, BRAISER, IMMERSION BLENDER, SPICE PORTIONING",,,,,,,,,,,,,,,,"FA-DE Oil, Olive /Öl, Olivenöl",PRO-00-139277-5,4.42,4.42,grams,,,0.8417,4.42,grams
FV4009A - Salmon with a mustard dill sauce [BNL],REC-013579-4-003,Green Beans CUT 1-1/2 - Fresh - Less Salt,SUB-029004-4-001,60,grams,"BLAST CHILLER, OVEN",,,,,,,,,,,,,,,,"FA-DE Oil, Olive /Öl, Olivenöl",PRO-00-139277-5,3.93,3.93,grams,,,0.73433,3.93,grams
FV4009A - Salmon with a mustard dill sauce [BNL],REC-013579-4-003,Green Beans CUT 1-1/2 - Fresh - Less Salt,SUB-029004-4-001,60,grams,"BLAST CHILLER, OVEN",,,,,,,,,,,,,,,,"FA-DE Spice, Sea Salt /Gewürze, Meersalz",SPI-00-139378-5,0.32,0.32,grams,,,0.73433,0.32,grams
FV4009A - Salmon with a mustard dill sauce [BNL],REC-013579-4-003,Green Beans CUT 1-1/2 - Fresh - Less Salt,SUB-029004-4-001,60,grams,"BLAST CHILLER, OVEN",,,,,,,,,,,,,,,,"FA-DE Spice, Black Pepper, Ground /Gewürz, schwarzer Pfeffer, gemahlen",SPI-00-139334-5,0.11,0.11,grams,,,0.73433,0.11,grams
FV4009A - Salmon with a mustard dill sauce [BNL],REC-013579-4-003,Green Beans CUT 1-1/2 - Fresh - Less Salt,SUB-029004-4-001,60,grams,"BLAST CHILLER, OVEN",,,,,,,,,,,,,,,,"FA-DE Spice, Garlic Granulated /Gewürz, Knoblauch granuliert",SPI-00-139353-5,0.32,0.32,grams,,,0.73433,0.32,grams
FV4009A - Salmon with a mustard dill sauce [BNL],REC-013579-4-003,Green Beans CUT 1-1/2 - Fresh - Less Salt,SUB-029004-4-001,60,grams,"BLAST CHILLER, OVEN",,,,,,,,,,,,,,,,"FA-DE Green Beans, Fresh, Cut 40mm /Grüne Bohnen, frisch, geschnitten 40mm",PHF-00-139199-3,77.03,77.03,grams,,,0.73433,77.03,grams
FV4009A - Salmon with a mustard dill sauce [BNL],REC-013579-4-003,Honey-Garlic Roasted Carrot Coins,SUB-013578-4-001,60,grams,"BLAST CHILLER, OVEN",,,,,,,,,,,,,,,,"FA-DE Spice, Sea Salt /Gewürze, Meersalz",SPI-00-139378-5,0.22,0.22,grams,,,0.76865,0.22,grams
FV4009A - Salmon with a mustard dill sauce [BNL],REC-013579-4-003,Honey-Garlic Roasted Carrot Coins,SUB-013578-4-001,60,grams,"BLAST CHILLER, OVEN",,,,,,,,,,,,,,,,"FA-DE Spice, Black Pepper, Ground /Gewürz, schwarzer Pfeffer, gemahlen",SPI-00-139334-5,0.08,0.08,grams,,,0.76865,0.08,grams
FV4009A - Salmon with a mustard dill sauce [BNL],REC-013579-4-003,Honey-Garlic Roasted Carrot Coins,SUB-013578-4-001,60,grams,"BLAST CHILLER, OVEN",,,,,,,,,,,,,,,,FA-DE Honey /Honig – Masse,PRO-00-139266-5,4.25,4.25,grams,,,0.76865,4.25,grams
FV4009A - Salmon with a mustard dill sauce [BNL],REC-013579-4-003,Honey-Garlic Roasted Carrot Coins,SUB-013578-4-001,60,grams,"BLAST CHILLER, OVEN",,,,,,,,,,,,,,,,"FA-DE Spice, Parsley Dried /Gewürze, getrocknete Petersilie",SPI-00-139374-5,0.09,0.09,grams,,,0.76865,0.09,grams
FV4009A - Salmon with a mustard dill sauce [BNL],REC-013579-4-003,Honey-Garlic Roasted Carrot Coins,SUB-013578-4-001,60,grams,"BLAST CHILLER, OVEN",,,,,,,,,,,,,,,,"FA-DE Chives, Dried /Schnittlauch, getrocknet",SPI-00-139322-5,0.04,0.04,grams,,,0.76865,0.04,grams
FV4009A - Salmon with a mustard dill sauce [BNL],REC-013579-4-003,Honey-Garlic Roasted Carrot Coins,SUB-013578-4-001,60,grams,"BLAST CHILLER, OVEN",,,,,,,,,,,,,,,,"FA-DE Carrots, Coin Cut 5mm /Karotten, Münzschnitt 5 mm",PHF-00-139185-3,68.05,68.05,grams,,,0.76865,68.05,grams
FV4009A - Salmon with a mustard dill sauce [BNL],REC-013579-4-003,Honey-Garlic Roasted Carrot Coins,SUB-013578-4-001,60,grams,"BLAST CHILLER, OVEN",,,,,,,,,,,,,,,,"FA-DE Oil, Olive /Öl, Olivenöl",PRO-00-139277-5,2.12,2.12,grams,,,0.76865,2.12,grams
FV4009A - Salmon with a mustard dill sauce [BNL],REC-013579-4-003,Honey-Garlic Roasted Carrot Coins,SUB-013578-4-001,60,grams,"BLAST CHILLER, OVEN",Roasted Garlic (use),SUB-013367-4-001,3.2,grams,"BLAST CHILLER, BRAISER, SPICE PORTIONING",,,,,,,,,,,"FA-DE Garlic, Peeled, Whole Cloves [10kg] /Knoblauch, geschält, ganze Nelken [10kg]",PHF-00-139197-3,3.22,3.22,grams,,,0.56691,3.22,grams
FV4009A - Salmon with a mustard dill sauce [BNL],REC-013579-4-003,Honey-Garlic Roasted Carrot Coins,SUB-013578-4-001,60,grams,"BLAST CHILLER, OVEN",Roasted Garlic (use),SUB-013367-4-001,3.2,grams,"BLAST CHILLER, BRAISER, SPICE PORTIONING",,,,,,,,,,,"FA-DE Oil, Olive /Öl, Olivenöl",PRO-00-139277-5,2.42,2.42,grams,,,0.56691,2.42,grams
FV4048A - Creamy Leek Pork tenderloin  [BNL],REC-014223-4-003,Creamy Leek - Low Fat,SUB-014222-4-001,100,grams,"BLAST CHILLER, BRAISER, SPICE PORTIONING",,,,,,,,,,,,,,,,FA-DE Sour Cream /Sauerrahm,DAI-00-139141-3,15,15,grams,MILCH (EINSCHLIESSLICH LAKTOSE),,0.79745,15,grams
FV4048A - Creamy Leek Pork tenderloin  [BNL],REC-014223-4-003,Creamy Leek - Low Fat,SUB-014222-4-001,100,grams,"BLAST CHILLER, BRAISER, SPICE PORTIONING",,,,,,,,,,,,,,,,"FA-DE Leek, Diced 5mm /Lauch, gewürfelt, 5 mm",PHF-00-139204-3,100,100,grams,,,0.79745,100,grams
FV4048A - Creamy Leek Pork tenderloin  [BNL],REC-014223-4-003,Creamy Leek - Low Fat,SUB-014222-4-001,100,grams,"BLAST CHILLER, BRAISER, SPICE PORTIONING",,,,,,,,,,,,,,,,"FA-DE Oil, Olive /Öl, Olivenöl",PRO-00-139277-5,0.13,0.13,grams,,,0.79745,0.13,grams
FV4048A - Creamy Leek Pork tenderloin  [BNL],REC-014223-4-003,Creamy Leek - Low Fat,SUB-014222-4-001,100,grams,"BLAST CHILLER, BRAISER, SPICE PORTIONING",,,,,,,,,,,,,,,,"FA-DE Spice, Sea Salt /Gewürze, Meersalz",SPI-00-139378-5,0.03,0.03,grams,,,0.79745,0.03,grams
FV4048A - Creamy Leek Pork tenderloin  [BNL],REC-014223-4-003,Creamy Leek - Low Fat,SUB-014222-4-001,100,grams,"BLAST CHILLER, BRAISER, SPICE PORTIONING",,,,,,,,,,,,,,,,FA-DE Heavy Cream 20% /Sahne 20%,DAI-00-139137-3,10,10,grams,MILCH (EINSCHLIESSLICH LAKTOSE),,0.79745,10,grams
FV4048A - Creamy Leek Pork tenderloin  [BNL],REC-014223-4-003,Creamy Leek - Low Fat,SUB-014222-4-001,100,grams,"BLAST CHILLER, BRAISER, SPICE PORTIONING",,,,,,,,,,,,,,,,"FA-DE Spice, Garlic Granulated /Gewürz, Knoblauch granuliert",SPI-00-139353-5,0.25,0.25,grams,,,0.79745,0.25,grams
FV4048A - Creamy Leek Pork tenderloin  [BNL],REC-014223-4-003,Mash - Creamy Sweet Potato Puree (more salt),SUB-014156-4-001,95,grams,"BLAST CHILLER, BRAISER, IMMERSION BLENDER, SPICE PORTIONING",,,,,,,,,,,,,,,,"FA-DE Cheese, Cream, 13% Fat (Milk) /Käse, Sahne, 13% Fett",DAI-00-139122-3,5.1,5.1,grams,MILCH (EINSCHLIESSLICH LAKTOSE),,0.87518,5.1,grams
FV4048A - Creamy Leek Pork tenderloin  [BNL],REC-014223-4-003,Mash - Creamy Sweet Potato Puree (more salt),SUB-014156-4-001,95,grams,"BLAST CHILLER, BRAISER, IMMERSION BLENDER, SPICE PORTIONING",,,,,,,,,,,,,,,,"FA-DE Milk, Semi-Skimmed /Milch, teilentrahmt",DAI-00-139139-3,12.46,12.46,grams,MILCH (EINSCHLIESSLICH LAKTOSE),,0.87518,12.46,grams
FV4048A - Creamy Leek Pork tenderloin  [BNL],REC-014223-4-003,Mash - Creamy Sweet Potato Puree (more salt),SUB-014156-4-001,95,grams,"BLAST CHILLER, BRAISER, IMMERSION BLENDER, SPICE PORTIONING",,,,,,,,,,,,,,,,"FA-DE Spice, Sage, Rubbed /Gewürz, Salbei, gerieben",SPI-00-139377-5,0.03,0.03,grams,,,0.87518,0.03,grams
FV4048A - Creamy Leek Pork tenderloin  [BNL],REC-014223-4-003,Mash - Creamy Sweet Potato Puree (more salt),SUB-014156-4-001,95,grams,"BLAST CHILLER, BRAISER, IMMERSION BLENDER, SPICE PORTIONING",,,,,,,,,,,,,,,,"FA-DE Spice, Sea Salt /Gewürze, Meersalz",SPI-00-139378-5,0.62,0.62,grams,,,0.87518,0.62,grams
FV4048A - Creamy Leek Pork tenderloin  [BNL],REC-014223-4-003,Mash - Creamy Sweet Potato Puree (more salt),SUB-014156-4-001,95,grams,"BLAST CHILLER, BRAISER, IMMERSION BLENDER, SPICE PORTIONING",Steamed Sweet Potato,SUB-013509-4-002,90.34,grams,"BLAST CHILLER, OVEN",,,,,,,,,,,"FA-DE Potatoes, Sweet, Diced 10mm /Kartoffeln, süß, gewürfelt 10 mm",PHF-00-139221-3,92.63,92.63,grams,,,0.97538,92.63,grams
FV4048A - Creamy Leek Pork tenderloin  [BNL],REC-014223-4-003,Pork tenderloin - herb marinade,SUB-013466-4-001,100,grams,"BLAST CHILLER, GRILL, MARINADE, OVEN, SLICER",Pork Tenderloin - HERB BRINED,SUB-013465-4-001,155.68,grams,BRINE,,,,,,,,,,,FA-DE Water / Wasser,OTH-00-144038-5,155.68,155.68,grams,,,0.49656,155.68,grams
FV4048A - Creamy Leek Pork tenderloin  [BNL],REC-014223-4-003,Pork tenderloin - herb marinade,SUB-013466-4-001,100,grams,"BLAST CHILLER, GRILL, MARINADE, OVEN, SLICER",Pork Tenderloin - HERB BRINED,SUB-013465-4-001,155.68,grams,BRINE,,,,,,,,,,,"FA-DE Spice, Thyme Dry /Gewürz, Thymian trocken",SPI-00-139385-5,0.26,0.26,grams,,,0.49656,0.26,grams
FV4048A - Creamy Leek Pork tenderloin  [BNL],REC-014223-4-003,Pork tenderloin - herb marinade,SUB-013466-4-001,100,grams,"BLAST CHILLER, GRILL, MARINADE, OVEN, SLICER",Pork Tenderloin - HERB BRINED,SUB-013465-4-001,155.68,grams,BRINE,,,,,,,,,,,"FA-DE Pork, Tenderloin /Schweinefleisch, Filet",PTN-00-139310-3,155.68,155.68,grams,,,0.49656,155.68,grams
FV4048A - Creamy Leek Pork tenderloin  [BNL],REC-014223-4-003,Pork tenderloin - herb marinade,SUB-013466-4-001,100,grams,"BLAST CHILLER, GRILL, MARINADE, OVEN, SLICER",Pork Tenderloin - HERB BRINED,SUB-013465-4-001,155.68,grams,BRINE,,,,,,,,,,,"FA-DE Spice, Sage, Rubbed /Gewürz, Salbei, gerieben",SPI-00-139377-5,0.26,0.26,grams,,,0.49656,0.26,grams
FV4048A - Creamy Leek Pork tenderloin  [BNL],REC-014223-4-003,Pork tenderloin - herb marinade,SUB-013466-4-001,100,grams,"BLAST CHILLER, GRILL, MARINADE, OVEN, SLICER",Pork Tenderloin - HERB BRINED,SUB-013465-4-001,155.68,grams,BRINE,,,,,,,,,,,"FA-DE Spice, Sea Salt /Gewürze, Meersalz",SPI-00-139378-5,1.38,1.38,grams,,,0.49656,1.38,grams
FV4048A - Creamy Leek Pork tenderloin  [BNL],REC-014223-4-003,Pork tenderloin - herb marinade,SUB-013466-4-001,100,grams,"BLAST CHILLER, GRILL, MARINADE, OVEN, SLICER",Pork Tenderloin - HERB BRINED,SUB-013465-4-001,155.68,grams,BRINE,,,,,,,,,,,FA-DE Dried Rosemary/Rosmarin getrocknet,SPI-00-143552-5,0.26,0.26,grams,,,0.49656,0.26,grams
FV4048A - Creamy Leek Pork tenderloin  [BNL],REC-014223-4-003,Pork tenderloin - herb marinade,SUB-013466-4-001,100,grams,"BLAST CHILLER, GRILL, MARINADE, OVEN, SLICER",Herb Marinade for Pork Tenderloin,SUB-031651-4-001,10.99,grams,UNCATEGORIZED BOM,,,,,,,,,,,"FA-DE Oil, Olive /Öl, Olivenöl",PRO-00-139277-5,10.17,10.17,grams,,,0.99855,10.17,grams
FV4048A - Creamy Leek Pork tenderloin  [BNL],REC-014223-4-003,Pork tenderloin - herb marinade,SUB-013466-4-001,100,grams,"BLAST CHILLER, GRILL, MARINADE, OVEN, SLICER",Herb Marinade for Pork Tenderloin,SUB-031651-4-001,10.99,grams,UNCATEGORIZED BOM,,,,,,,,,,,"FA-DE Spice, Oregano Dry /Gewürz, Oregano trocken",SPI-00-139372-5,0.02,0.02,grams,,,0.99855,0.02,grams
FV4048A - Creamy Leek Pork tenderloin  [BNL],REC-014223-4-003,Pork tenderloin - herb marinade,SUB-013466-4-001,100,grams,"BLAST CHILLER, GRILL, MARINADE, OVEN, SLICER",Herb Marinade for Pork Tenderloin,SUB-031651-4-001,10.99,grams,UNCATEGORIZED BOM,,,,,,,,,,,"FA-DE Spice, Garlic Granulated /Gewürz, Knoblauch granuliert",SPI-00-139353-5,0.22,0.22,grams,,,0.99855,0.22,grams
FV4048A - Creamy Leek Pork tenderloin  [BNL],REC-014223-4-003,Pork tenderloin - herb marinade,SUB-013466-4-001,100,grams,"BLAST CHILLER, GRILL, MARINADE, OVEN, SLICER",Herb Marinade for Pork Tenderloin,SUB-031651-4-001,10.99,grams,UNCATEGORIZED BOM,,,,,,,,,,,"FA-DE Spice, Parsley Dried /Gewürze, getrocknete Petersilie",SPI-00-139374-5,0.02,0.02,grams,,,0.99855,0.02,grams
FV4048A - Creamy Leek Pork tenderloin  [BNL],REC-014223-4-003,Pork tenderloin - herb marinade,SUB-013466-4-001,100,grams,"BLAST CHILLER, GRILL, MARINADE, OVEN, SLICER",Herb Marinade for Pork Tenderloin,SUB-031651-4-001,10.99,grams,UNCATEGORIZED BOM,,,,,,,,,,,"FA-DE Chives, Dried /Schnittlauch, getrocknet",SPI-00-139322-5,0.05,0.05,grams,,,0.99855,0.05,grams
FV4048A - Creamy Leek Pork tenderloin  [BNL],REC-014223-4-003,Pork tenderloin - herb marinade,SUB-013466-4-001,100,grams,"BLAST CHILLER, GRILL, MARINADE, OVEN, SLICER",Herb Marinade for Pork Tenderloin,SUB-031651-4-001,10.99,grams,UNCATEGORIZED BOM,,,,,,,,,,,"FA-DE Spice, Sea Salt /Gewürze, Meersalz",SPI-00-139378-5,0.25,0.25,grams,,,0.99855,0.25,grams
FV4048A - Creamy Leek Pork tenderloin  [BNL],REC-014223-4-003,Pork tenderloin - herb marinade,SUB-013466-4-001,100,grams,"BLAST CHILLER, GRILL, MARINADE, OVEN, SLICER",Herb Marinade for Pork Tenderloin,SUB-031651-4-001,10.99,grams,UNCATEGORIZED BOM,,,,,,,,,,,"FA-DE Spice, Onion Granulated /Gewürze, Zwiebeln granuliert",SPI-00-139370-5,0.11,0.11,grams,,,0.99855,0.11,grams
FV4048A - Creamy Leek Pork tenderloin  [BNL],REC-014223-4-003,Pork tenderloin - herb marinade,SUB-013466-4-001,100,grams,"BLAST CHILLER, GRILL, MARINADE, OVEN, SLICER",Herb Marinade for Pork Tenderloin,SUB-031651-4-001,10.99,grams,UNCATEGORIZED BOM,,,,,,,,,,,"FA-DE Spice, Black Pepper, Ground /Gewürz, schwarzer Pfeffer, gemahlen",SPI-00-139334-5,0.17,0.17,grams,,,0.99855,0.17,grams
FV4048A - Creamy Leek Pork tenderloin  [BNL],REC-014223-4-003,Green beans - Roasted Green Beans w/ Roasted Garlic - Less Oil,SUB-013529-4-001,120,grams,"BLAST CHILLER, OVEN",,,,,,,,,,,,,,,,"FA-DE Spice, Black Pepper, Ground /Gewürz, schwarzer Pfeffer, gemahlen",SPI-00-139334-5,0.11,0.11,grams,,,0.74683,0.11,grams
FV4048A - Creamy Leek Pork tenderloin  [BNL],REC-014223-4-003,Green beans - Roasted Green Beans w/ Roasted Garlic - Less Oil,SUB-013529-4-001,120,grams,"BLAST CHILLER, OVEN",,,,,,,,,,,,,,,,"FA-DE Spice, Sea Salt /Gewürze, Meersalz",SPI-00-139378-5,0.3,0.3,grams,,,0.74683,0.3,grams
FV4048A - Creamy Leek Pork tenderloin  [BNL],REC-014223-4-003,Green beans - Roasted Green Beans w/ Roasted Garlic - Less Oil,SUB-013529-4-001,120,grams,"BLAST CHILLER, OVEN",Roasted Garlic (use),SUB-013367-4-001,4.52,grams,"BLAST CHILLER, BRAISER, SPICE PORTIONING",,,,,,,,,,,"FA-DE Garlic, Peeled, Whole Cloves [10kg] /Knoblauch, geschält, ganze Nelken [10kg]",PHF-00-139197-3,4.55,4.55,grams,,,0.56691,4.55,grams
FV4048A - Creamy Leek Pork tenderloin  [BNL],REC-014223-4-003,Green beans - Roasted Green Beans w/ Roasted Garlic - Less Oil,SUB-013529-4-001,120,grams,"BLAST CHILLER, OVEN",Roasted Garlic (use),SUB-013367-4-001,4.52,grams,"BLAST CHILLER, BRAISER, SPICE PORTIONING",,,,,,,,,,,"FA-DE Oil, Olive /Öl, Olivenöl",PRO-00-139277-5,3.41,3.41,grams,,,0.56691,3.41,grams
FV4048A - Creamy Leek Pork tenderloin  [BNL],REC-014223-4-003,Green beans - Roasted Green Beans w/ Roasted Garlic - Less Oil,SUB-013529-4-001,120,grams,"BLAST CHILLER, OVEN",,,,,,,,,,,,,,,,"FA-DE Green Beans, Fresh and Trimmed/Grüne Bohnen, frisch und geschnitten",PHF-00-139198-3,149.73,149.73,grams,,,0.74683,149.73,grams
FV4048A - Creamy Leek Pork tenderloin  [BNL],REC-014223-4-003,Green beans - Roasted Green Beans w/ Roasted Garlic - Less Oil,SUB-013529-4-001,120,grams,"BLAST CHILLER, OVEN",,,,,,,,,,,,,,,,"FA-DE Oil, Olive /Öl, Olivenöl",PRO-00-139277-5,6.02,6.02,grams,,,0.74683,6.02,grams
FV4048A - Creamy Leek Pork tenderloin [DE],REC-014223-4-002,Creamy Leek - Low Fat,SUB-014222-4-001,100,grams,"BLAST CHILLER, BRAISER, SPICE PORTIONING",,,,,,,,,,,,,,,,FA-DE Sour Cream /Sauerrahm,DAI-00-139141-3,15,15,grams,MILCH (EINSCHLIESSLICH LAKTOSE),,0.79745,15,grams
FV4048A - Creamy Leek Pork tenderloin [DE],REC-014223-4-002,Creamy Leek - Low Fat,SUB-014222-4-001,100,grams,"BLAST CHILLER, BRAISER, SPICE PORTIONING",,,,,,,,,,,,,,,,"FA-DE Leek, Diced 5mm /Lauch, gewürfelt, 5 mm",PHF-00-139204-3,100,100,grams,,,0.79745,100,grams
FV4048A - Creamy Leek Pork tenderloin [DE],REC-014223-4-002,Creamy Leek - Low Fat,SUB-014222-4-001,100,grams,"BLAST CHILLER, BRAISER, SPICE PORTIONING",,,,,,,,,,,,,,,,"FA-DE Oil, Olive /Öl, Olivenöl",PRO-00-139277-5,0.13,0.13,grams,,,0.79745,0.13,grams
FV4048A - Creamy Leek Pork tenderloin [DE],REC-014223-4-002,Creamy Leek - Low Fat,SUB-014222-4-001,100,grams,"BLAST CHILLER, BRAISER, SPICE PORTIONING",,,,,,,,,,,,,,,,"FA-DE Spice, Sea Salt /Gewürze, Meersalz",SPI-00-139378-5,0.03,0.03,grams,,,0.79745,0.03,grams
FV4048A - Creamy Leek Pork tenderloin [DE],REC-014223-4-002,Creamy Leek - Low Fat,SUB-014222-4-001,100,grams,"BLAST CHILLER, BRAISER, SPICE PORTIONING",,,,,,,,,,,,,,,,FA-DE Heavy Cream 20% /Sahne 20%,DAI-00-139137-3,10,10,grams,MILCH (EINSCHLIESSLICH LAKTOSE),,0.79745,10,grams
FV4048A - Creamy Leek Pork tenderloin [DE],REC-014223-4-002,Creamy Leek - Low Fat,SUB-014222-4-001,100,grams,"BLAST CHILLER, BRAISER, SPICE PORTIONING",,,,,,,,,,,,,,,,"FA-DE Spice, Garlic Granulated /Gewürz, Knoblauch granuliert",SPI-00-139353-5,0.25,0.25,grams,,,0.79745,0.25,grams
FV4048A - Creamy Leek Pork tenderloin [DE],REC-014223-4-002,Mash - Creamy Sweet Potato Puree (more salt),SUB-014156-4-001,95,grams,"BLAST CHILLER, BRAISER, IMMERSION BLENDER, SPICE PORTIONING",,,,,,,,,,,,,,,,"FA-DE Cheese, Cream, 13% Fat (Milk) /Käse, Sahne, 13% Fett",DAI-00-139122-3,5.1,5.1,grams,MILCH (EINSCHLIESSLICH LAKTOSE),,0.87518,5.1,grams
FV4048A - Creamy Leek Pork tenderloin [DE],REC-014223-4-002,Mash - Creamy Sweet Potato Puree (more salt),SUB-014156-4-001,95,grams,"BLAST CHILLER, BRAISER, IMMERSION BLENDER, SPICE PORTIONING",,,,,,,,,,,,,,,,"FA-DE Milk, Semi-Skimmed /Milch, teilentrahmt",DAI-00-139139-3,12.46,12.46,grams,MILCH (EINSCHLIESSLICH LAKTOSE),,0.87518,12.46,grams
FV4048A - Creamy Leek Pork tenderloin [DE],REC-014223-4-002,Mash - Creamy Sweet Potato Puree (more salt),SUB-014156-4-001,95,grams,"BLAST CHILLER, BRAISER, IMMERSION BLENDER, SPICE PORTIONING",,,,,,,,,,,,,,,,"FA-DE Spice, Sage, Rubbed /Gewürz, Salbei, gerieben",SPI-00-139377-5,0.03,0.03,grams,,,0.87518,0.03,grams
FV4048A - Creamy Leek Pork tenderloin [DE],REC-014223-4-002,Mash - Creamy Sweet Potato Puree (more salt),SUB-014156-4-001,95,grams,"BLAST CHILLER, BRAISER, IMMERSION BLENDER, SPICE PORTIONING",,,,,,,,,,,,,,,,"FA-DE Spice, Sea Salt /Gewürze, Meersalz",SPI-00-139378-5,0.62,0.62,grams,,,0.87518,0.62,grams
FV4048A - Creamy Leek Pork tenderloin [DE],REC-014223-4-002,Mash - Creamy Sweet Potato Puree (more salt),SUB-014156-4-001,95,grams,"BLAST CHILLER, BRAISER, IMMERSION BLENDER, SPICE PORTIONING",Steamed Sweet Potato,SUB-013509-4-002,90.34,grams,"BLAST CHILLER, OVEN",,,,,,,,,,,"FA-DE Potatoes, Sweet, Diced 10mm /Kartoffeln, süß, gewürfelt 10 mm",PHF-00-139221-3,92.63,92.63,grams,,,0.97538,92.63,grams
FV4048A - Creamy Leek Pork tenderloin [DE],REC-014223-4-002,Pork tenderloin - herb marinade,SUB-013466-4-001,100,grams,"BLAST CHILLER, GRILL, MARINADE, OVEN, SLICER",Pork Tenderloin - HERB BRINED,SUB-013465-4-001,155.68,grams,BRINE,,,,,,,,,,,FA-DE Water / Wasser,OTH-00-144038-5,155.68,155.68,grams,,,0.49656,155.68,grams
FV4048A - Creamy Leek Pork tenderloin [DE],REC-014223-4-002,Pork tenderloin - herb marinade,SUB-013466-4-001,100,grams,"BLAST CHILLER, GRILL, MARINADE, OVEN, SLICER",Pork Tenderloin - HERB BRINED,SUB-013465-4-001,155.68,grams,BRINE,,,,,,,,,,,"FA-DE Spice, Thyme Dry /Gewürz, Thymian trocken",SPI-00-139385-5,0.26,0.26,grams,,,0.49656,0.26,grams
FV4048A - Creamy Leek Pork tenderloin [DE],REC-014223-4-002,Pork tenderloin - herb marinade,SUB-013466-4-001,100,grams,"BLAST CHILLER, GRILL, MARINADE, OVEN, SLICER",Pork Tenderloin - HERB BRINED,SUB-013465-4-001,155.68,grams,BRINE,,,,,,,,,,,"FA-DE Pork, Tenderloin /Schweinefleisch, Filet",PTN-00-139310-3,155.68,155.68,grams,,,0.49656,155.68,grams
FV4048A - Creamy Leek Pork tenderloin [DE],REC-014223-4-002,Pork tenderloin - herb marinade,SUB-013466-4-001,100,grams,"BLAST CHILLER, GRILL, MARINADE, OVEN, SLICER",Pork Tenderloin - HERB BRINED,SUB-013465-4-001,155.68,grams,BRINE,,,,,,,,,,,"FA-DE Spice, Sage, Rubbed /Gewürz, Salbei, gerieben",SPI-00-139377-5,0.26,0.26,grams,,,0.49656,0.26,grams
FV4048A - Creamy Leek Pork tenderloin [DE],REC-014223-4-002,Pork tenderloin - herb marinade,SUB-013466-4-001,100,grams,"BLAST CHILLER, GRILL, MARINADE, OVEN, SLICER",Pork Tenderloin - HERB BRINED,SUB-013465-4-001,155.68,grams,BRINE,,,,,,,,,,,"FA-DE Spice, Sea Salt /Gewürze, Meersalz",SPI-00-139378-5,1.38,1.38,grams,,,0.49656,1.38,grams
FV4048A - Creamy Leek Pork tenderloin [DE],REC-014223-4-002,Pork tenderloin - herb marinade,SUB-013466-4-001,100,grams,"BLAST CHILLER, GRILL, MARINADE, OVEN, SLICER",Pork Tenderloin - HERB BRINED,SUB-013465-4-001,155.68,grams,BRINE,,,,,,,,,,,FA-DE Dried Rosemary/Rosmarin getrocknet,SPI-00-143552-5,0.26,0.26,grams,,,0.49656,0.26,grams
FV4048A - Creamy Leek Pork tenderloin [DE],REC-014223-4-002,Pork tenderloin - herb marinade,SUB-013466-4-001,100,grams,"BLAST CHILLER, GRILL, MARINADE, OVEN, SLICER",Herb Marinade for Pork Tenderloin,SUB-031651-4-001,10.99,grams,UNCATEGORIZED BOM,,,,,,,,,,,"FA-DE Oil, Olive /Öl, Olivenöl",PRO-00-139277-5,10.17,10.17,grams,,,0.99855,10.17,grams
FV4048A - Creamy Leek Pork tenderloin [DE],REC-014223-4-002,Pork tenderloin - herb marinade,SUB-013466-4-001,100,grams,"BLAST CHILLER, GRILL, MARINADE, OVEN, SLICER",Herb Marinade for Pork Tenderloin,SUB-031651-4-001,10.99,grams,UNCATEGORIZED BOM,,,,,,,,,,,"FA-DE Spice, Oregano Dry /Gewürz, Oregano trocken",SPI-00-139372-5,0.02,0.02,grams,,,0.99855,0.02,grams
FV4048A - Creamy Leek Pork tenderloin [DE],REC-014223-4-002,Pork tenderloin - herb marinade,SUB-013466-4-001,100,grams,"BLAST CHILLER, GRILL, MARINADE, OVEN, SLICER",Herb Marinade for Pork Tenderloin,SUB-031651-4-001,10.99,grams,UNCATEGORIZED BOM,,,,,,,,,,,"FA-DE Spice, Garlic Granulated /Gewürz, Knoblauch granuliert",SPI-00-139353-5,0.22,0.22,grams,,,0.99855,0.22,grams
FV4048A - Creamy Leek Pork tenderloin [DE],REC-014223-4-002,Pork tenderloin - herb marinade,SUB-013466-4-001,100,grams,"BLAST CHILLER, GRILL, MARINADE, OVEN, SLICER",Herb Marinade for Pork Tenderloin,SUB-031651-4-001,10.99,grams,UNCATEGORIZED BOM,,,,,,,,,,,"FA-DE Spice, Parsley Dried /Gewürze, getrocknete Petersilie",SPI-00-139374-5,0.02,0.02,grams,,,0.99855,0.02,grams
FV4048A - Creamy Leek Pork tenderloin [DE],REC-014223-4-002,Pork tenderloin - herb marinade,SUB-013466-4-001,100,grams,"BLAST CHILLER, GRILL, MARINADE, OVEN, SLICER",Herb Marinade for Pork Tenderloin,SUB-031651-4-001,10.99,grams,UNCATEGORIZED BOM,,,,,,,,,,,"FA-DE Chives, Dried /Schnittlauch, getrocknet",SPI-00-139322-5,0.05,0.05,grams,,,0.99855,0.05,grams
FV4048A - Creamy Leek Pork tenderloin [DE],REC-014223-4-002,Pork tenderloin - herb marinade,SUB-013466-4-001,100,grams,"BLAST CHILLER, GRILL, MARINADE, OVEN, SLICER",Herb Marinade for Pork Tenderloin,SUB-031651-4-001,10.99,grams,UNCATEGORIZED BOM,,,,,,,,,,,"FA-DE Spice, Sea Salt /Gewürze, Meersalz",SPI-00-139378-5,0.25,0.25,grams,,,0.99855,0.25,grams
FV4048A - Creamy Leek Pork tenderloin [DE],REC-014223-4-002,Pork tenderloin - herb marinade,SUB-013466-4-001,100,grams,"BLAST CHILLER, GRILL, MARINADE, OVEN, SLICER",Herb Marinade for Pork Tenderloin,SUB-031651-4-001,10.99,grams,UNCATEGORIZED BOM,,,,,,,,,,,"FA-DE Spice, Onion Granulated /Gewürze, Zwiebeln granuliert",SPI-00-139370-5,0.11,0.11,grams,,,0.99855,0.11,grams
FV4048A - Creamy Leek Pork tenderloin [DE],REC-014223-4-002,Pork tenderloin - herb marinade,SUB-013466-4-001,100,grams,"BLAST CHILLER, GRILL, MARINADE, OVEN, SLICER",Herb Marinade for Pork Tenderloin,SUB-031651-4-001,10.99,grams,UNCATEGORIZED BOM,,,,,,,,,,,"FA-DE Spice, Black Pepper, Ground /Gewürz, schwarzer Pfeffer, gemahlen",SPI-00-139334-5,0.17,0.17,grams,,,0.99855,0.17,grams
FV4048A - Creamy Leek Pork tenderloin [DE],REC-014223-4-002,Green beans - Roasted Green Beans w/ Roasted Garlic - Less Oil,SUB-013529-4-001,120,grams,"BLAST CHILLER, OVEN",,,,,,,,,,,,,,,,"FA-DE Spice, Black Pepper, Ground /Gewürz, schwarzer Pfeffer, gemahlen",SPI-00-139334-5,0.11,0.11,grams,,,0.74683,0.11,grams
FV4048A - Creamy Leek Pork tenderloin [DE],REC-014223-4-002,Green beans - Roasted Green Beans w/ Roasted Garlic - Less Oil,SUB-013529-4-001,120,grams,"BLAST CHILLER, OVEN",,,,,,,,,,,,,,,,"FA-DE Spice, Sea Salt /Gewürze, Meersalz",SPI-00-139378-5,0.3,0.3,grams,,,0.74683,0.3,grams
FV4048A - Creamy Leek Pork tenderloin [DE],REC-014223-4-002,Green beans - Roasted Green Beans w/ Roasted Garlic - Less Oil,SUB-013529-4-001,120,grams,"BLAST CHILLER, OVEN",Roasted Garlic (use),SUB-013367-4-001,4.52,grams,"BLAST CHILLER, BRAISER, SPICE PORTIONING",,,,,,,,,,,"FA-DE Garlic, Peeled, Whole Cloves [10kg] /Knoblauch, geschält, ganze Nelken [10kg]",PHF-00-139197-3,4.55,4.55,grams,,,0.56691,4.55,grams
FV4048A - Creamy Leek Pork tenderloin [DE],REC-014223-4-002,Green beans - Roasted Green Beans w/ Roasted Garlic - Less Oil,SUB-013529-4-001,120,grams,"BLAST CHILLER, OVEN",Roasted Garlic (use),SUB-013367-4-001,4.52,grams,"BLAST CHILLER, BRAISER, SPICE PORTIONING",,,,,,,,,,,"FA-DE Oil, Olive /Öl, Olivenöl",PRO-00-139277-5,3.41,3.41,grams,,,0.56691,3.41,grams
FV4048A - Creamy Leek Pork tenderloin [DE],REC-014223-4-002,Green beans - Roasted Green Beans w/ Roasted Garlic - Less Oil,SUB-013529-4-001,120,grams,"BLAST CHILLER, OVEN",,,,,,,,,,,,,,,,"FA-DE Green Beans, Fresh and Trimmed/Grüne Bohnen, frisch und geschnitten",PHF-00-139198-3,149.73,149.73,grams,,,0.74683,149.73,grams
FV4048A - Creamy Leek Pork tenderloin [DE],REC-014223-4-002,Green beans - Roasted Green Beans w/ Roasted Garlic - Less Oil,SUB-013529-4-001,120,grams,"BLAST CHILLER, OVEN",,,,,,,,,,,,,,,,"FA-DE Oil, Olive /Öl, Olivenöl",PRO-00-139277-5,6.02,6.02,grams,,,0.74683,6.02,grams
FV4053A - Gochugaru Chicken [DKSE],REC-013455-4-003,Sauce - Creamy Gochugaru Sauce,SUB-013450-4-001,115,grams,"BLAST CHILLER, BRAISER, IMMERSION BLENDER, SPICE PORTIONING",,,,,,,,,,,,,,,,"FA-DE Oil, Olive /Öl, Olivenöl",PRO-00-139277-5,7.51,7.51,grams,,,0.8465,7.51,grams
FV4053A - Gochugaru Chicken [DKSE],REC-013455-4-003,Sauce - Creamy Gochugaru Sauce,SUB-013450-4-001,115,grams,"BLAST CHILLER, BRAISER, IMMERSION BLENDER, SPICE PORTIONING",,,,,,,,,,,,,,,,"FA-DE Onion, Spanish, Diced 5mm /Zwiebel, Spanisch, gewürfelt 5 mm",PHF-00-139212-3,13.19,13.19,grams,,,0.8465,13.19,grams
FV4053A - Gochugaru Chicken [DKSE],REC-013455-4-003,Sauce - Creamy Gochugaru Sauce,SUB-013450-4-001,115,grams,"BLAST CHILLER, BRAISER, IMMERSION BLENDER, SPICE PORTIONING",,,,,,,,,,,,,,,,"FA-DE Garlic, IQF, Diced 4 mm /Knoblauch, IQF, gewürfelt 4 mm",PHF-00-139237-1,3,3,grams,SCHWEFELDIOXIDE UND SULFITE,,0.8465,3,grams
FV4053A - Gochugaru Chicken [DKSE],REC-013455-4-003,Sauce - Creamy Gochugaru Sauce,SUB-013450-4-001,115,grams,"BLAST CHILLER, BRAISER, IMMERSION BLENDER, SPICE PORTIONING",,,,,,,,,,,,,,,,FA-DE Heavy Cream 20% /Sahne 20%,DAI-00-139137-3,82.01,82.01,grams,MILCH (EINSCHLIESSLICH LAKTOSE),,0.8465,82.01,grams
FV4053A - Gochugaru Chicken [DKSE],REC-013455-4-003,Sauce - Creamy Gochugaru Sauce,SUB-013450-4-001,115,grams,"BLAST CHILLER, BRAISER, IMMERSION BLENDER, SPICE PORTIONING",,,,,,,,,,,,,,,,"FA-DE Stock, Chicken, Reduced/Brühe, Huhn, Reduziert",PRO-00-139288-5,1.48,1.48,grams,,,0.8465,1.48,grams
FV4053A - Gochugaru Chicken [DKSE],REC-013455-4-003,Sauce - Creamy Gochugaru Sauce,SUB-013450-4-001,115,grams,"BLAST CHILLER, BRAISER, IMMERSION BLENDER, SPICE PORTIONING",,,,,,,,,,,,,,,,"FA-DE Cheese, Parmesan, Grated /Käse, Parmesan, gerieben",DAI-00-139127-3,13.19,13.19,grams,MILCH (EINSCHLIESSLICH LAKTOSE),,0.8465,13.19,grams
FV4053A - Gochugaru Chicken [DKSE],REC-013455-4-003,Sauce - Creamy Gochugaru Sauce,SUB-013450-4-001,115,grams,"BLAST CHILLER, BRAISER, IMMERSION BLENDER, SPICE PORTIONING",,,,,,,,,,,,,,,,"FA-DE Spice, Sea Salt /Gewürze, Meersalz",SPI-00-139378-5,0.29,0.29,grams,,,0.8465,0.29,grams
FV4053A - Gochugaru Chicken [DKSE],REC-013455-4-003,Sauce - Creamy Gochugaru Sauce,SUB-013450-4-001,115,grams,"BLAST CHILLER, BRAISER, IMMERSION BLENDER, SPICE PORTIONING",,,,,,,,,,,,,,,,"FA-DE Spinach, Fresh, Stem Off /Spinat, frisch, ohne Stiel",PHF-00-139225-3,10.55,10.55,grams,,,0.8465,10.55,grams
FV4053A - Gochugaru Chicken [DKSE],REC-013455-4-003,Sauce - Creamy Gochugaru Sauce,SUB-013450-4-001,115,grams,"BLAST CHILLER, BRAISER, IMMERSION BLENDER, SPICE PORTIONING",,,,,,,,,,,,,,,,"FA-DE Spice, Gochugaru Chili Pepper Flakes /Gewürz, Gochugaru-Chili-Pfefferflocken",SPI-00-139356-5,1.71,1.71,grams,,,0.8465,1.71,grams
FV4053A - Gochugaru Chicken [DKSE],REC-013455-4-003,Sauce - Creamy Gochugaru Sauce,SUB-013450-4-001,115,grams,"BLAST CHILLER, BRAISER, IMMERSION BLENDER, SPICE PORTIONING",,,,,,,,,,,,,,,,FA-DE Tomato Paste /Tomatenmark,PRO-00-139292-5,2.93,2.93,grams,,,0.8465,2.93,grams
FV4053A - Gochugaru Chicken [DKSE],REC-013455-4-003,Diced Chicken - Garlic & Herb Marinade,SUB-013453-4-001,100,grams,"BLAST CHILLER, MARINADE, OVEN",Chicken CHUNKS - BRINED,SUB-013451-4-001,127.87,grams,BRINE,,,,,,,,,,,FA-DE Water / Wasser,OTH-00-144038-5,127.87,127.87,grams,,,0.4978,127.87,grams
FV4053A - Gochugaru Chicken [DKSE],REC-013455-4-003,Diced Chicken - Garlic & Herb Marinade,SUB-013453-4-001,100,grams,"BLAST CHILLER, MARINADE, OVEN",Chicken CHUNKS - BRINED,SUB-013451-4-001,127.87,grams,BRINE,,,,,,,,,,,"FA-DE Spice, Sea Salt /Gewürze, Meersalz",SPI-00-139378-5,1.13,1.13,grams,,,0.4978,1.13,grams
FV4053A - Gochugaru Chicken [DKSE],REC-013455-4-003,Diced Chicken - Garlic & Herb Marinade,SUB-013453-4-001,100,grams,"BLAST CHILLER, MARINADE, OVEN",Chicken CHUNKS - BRINED,SUB-013451-4-001,127.87,grams,BRINE,,,,,,,,,,,"FA-DE Chicken Breast, Chunked, Boneless Skinless /Hähnchenbrust, in Stücken, ohne Knochen und ohne Haut",PTN-00-139314-3,127.87,127.87,grams,,,0.4978,127.87,grams
FV4053A - Gochugaru Chicken [DKSE],REC-013455-4-003,Diced Chicken - Garlic & Herb Marinade,SUB-013453-4-001,100,grams,"BLAST CHILLER, MARINADE, OVEN",Mod Marinade #4 - Garlic and Herb,SUB-013452-4-001,4.44,grams,IMMERSION BLENDER,,,,,,,,,,,"FA-DE Oil, Olive /Öl, Olivenöl",PRO-00-139277-5,2.42,2.42,grams,,,0.98976,2.42,grams
FV4053A - Gochugaru Chicken [DKSE],REC-013455-4-003,Diced Chicken - Garlic & Herb Marinade,SUB-013453-4-001,100,grams,"BLAST CHILLER, MARINADE, OVEN",Mod Marinade #4 - Garlic and Herb,SUB-013452-4-001,4.44,grams,IMMERSION BLENDER,,,,,,,,,,,"FA-DE Vinegar, Red Wine /Essig, Rotwein",PRO-00-139301-5,0.81,0.81,grams,,,0.98976,0.81,grams
FV4053A - Gochugaru Chicken [DKSE],REC-013455-4-003,Diced Chicken - Garlic & Herb Marinade,SUB-013453-4-001,100,grams,"BLAST CHILLER, MARINADE, OVEN",Mod Marinade #4 - Garlic and Herb,SUB-013452-4-001,4.44,grams,IMMERSION BLENDER,,,,,,,,,,,"FA-DE Garlic, IQF, Diced 4 mm /Knoblauch, IQF, gewürfelt 4 mm",PHF-00-139237-1,0.81,0.81,grams,SCHWEFELDIOXIDE UND SULFITE,,0.98976,0.81,grams
FV4053A - Gochugaru Chicken [DKSE],REC-013455-4-003,Diced Chicken - Garlic & Herb Marinade,SUB-013453-4-001,100,grams,"BLAST CHILLER, MARINADE, OVEN",Mod Marinade #4 - Garlic and Herb,SUB-013452-4-001,4.44,grams,IMMERSION BLENDER,,,,,,,,,,,"FA-DE Spice, Garlic Granulated /Gewürz, Knoblauch granuliert",SPI-00-139353-5,0.19,0.19,grams,,,0.98976,0.19,grams
FV4053A - Gochugaru Chicken [DKSE],REC-013455-4-003,Diced Chicken - Garlic & Herb Marinade,SUB-013453-4-001,100,grams,"BLAST CHILLER, MARINADE, OVEN",Mod Marinade #4 - Garlic and Herb,SUB-013452-4-001,4.44,grams,IMMERSION BLENDER,,,,,,,,,,,"FA-DE Spice, Parsley Dried /Gewürze, getrocknete Petersilie",SPI-00-139374-5,0.12,0.12,grams,,,0.98976,0.12,grams
FV4053A - Gochugaru Chicken [DKSE],REC-013455-4-003,Diced Chicken - Garlic & Herb Marinade,SUB-013453-4-001,100,grams,"BLAST CHILLER, MARINADE, OVEN",Mod Marinade #4 - Garlic and Herb,SUB-013452-4-001,4.44,grams,IMMERSION BLENDER,,,,,,,,,,,"FA-DE Spice, Black Pepper, Ground /Gewürz, schwarzer Pfeffer, gemahlen",SPI-00-139334-5,0.05,0.05,grams,,,0.98976,0.05,grams
FV4053A - Gochugaru Chicken [DKSE],REC-013455-4-003,Diced Chicken - Garlic & Herb Marinade,SUB-013453-4-001,100,grams,"BLAST CHILLER, MARINADE, OVEN",Mod Marinade #4 - Garlic and Herb,SUB-013452-4-001,4.44,grams,IMMERSION BLENDER,,,,,,,,,,,"FA-DE Spice, Sea Salt /Gewürze, Meersalz",SPI-00-139378-5,0.09,0.09,grams,,,0.98976,0.09,grams
FV4053A - Gochugaru Chicken [DKSE],REC-013455-4-003,Roasted Green Onions,SUB-023370-4-001,15,grams,"BLAST CHILLER, OVEN",,,,,,,,,,,,,,,,"FA-DE Onion, Green, Sliced 5mm /Zwiebel, grün, in Scheiben geschnitten, 5 mm",PHF-00-149803-3,19.36,19.36,grams,,,0.77467,19.36,grams
FV4053A - Gochugaru Chicken [DKSE],REC-013455-4-003,Cauliflower - Chili-Garlic Cauliflower Florets,SUB-013454-4-001,135,grams,UNCATEGORIZED BOM,,,,,,,,,,,,,,,,"FA-DE Cauliflower, Florets /Blumenkohl, Röschen",PHF-00-143426-3,150.94,150.94,grams,,,0.80012,150.94,grams
FV4053A - Gochugaru Chicken [DKSE],REC-013455-4-003,Cauliflower - Chili-Garlic Cauliflower Florets,SUB-013454-4-001,135,grams,UNCATEGORIZED BOM,,,,,,,,,,,,,,,,"FA-DE Oil, Olive /Öl, Olivenöl",PRO-00-139277-5,11,11,grams,,,0.80012,11,grams
FV4053A - Gochugaru Chicken [DKSE],REC-013455-4-003,Cauliflower - Chili-Garlic Cauliflower Florets,SUB-013454-4-001,135,grams,UNCATEGORIZED BOM,,,,,,,,,,,,,,,,"FA-DE Garlic, IQF, Diced 4 mm /Knoblauch, IQF, gewürfelt 4 mm",PHF-00-139237-1,5.01,5.01,grams,SCHWEFELDIOXIDE UND SULFITE,,0.80012,5.01,grams
FV4053A - Gochugaru Chicken [DKSE],REC-013455-4-003,Cauliflower - Chili-Garlic Cauliflower Florets,SUB-013454-4-001,135,grams,UNCATEGORIZED BOM,,,,,,,,,,,,,,,,"FA-DE Spice, Sea Salt /Gewürze, Meersalz",SPI-00-139378-5,0.72,0.72,grams,,,0.80012,0.72,grams
FV4053A - Gochugaru Chicken [DKSE],REC-013455-4-003,Cauliflower - Chili-Garlic Cauliflower Florets,SUB-013454-4-001,135,grams,UNCATEGORIZED BOM,,,,,,,,,,,,,,,,"FA-DE Spice, Onion Powder, Toasted /Gewürze, Zwiebelpulver, geröstet",SPI-00-139371-5,0.35,0.35,grams,,,0.80012,0.35,grams
FV4053A - Gochugaru Chicken [DKSE],REC-013455-4-003,Cauliflower - Chili-Garlic Cauliflower Florets,SUB-013454-4-001,135,grams,UNCATEGORIZED BOM,,,,,,,,,,,,,,,,"FA-DE Spice, Black Pepper, Ground /Gewürz, schwarzer Pfeffer, gemahlen",SPI-00-139334-5,0.35,0.35,grams,,,0.80012,0.35,grams
FV4053A - Gochugaru Chicken [DKSE],REC-013455-4-003,Cauliflower - Chili-Garlic Cauliflower Florets,SUB-013454-4-001,135,grams,UNCATEGORIZED BOM,,,,,,,,,,,,,,,,"FA-DE Spice, Gochugaru Chili Pepper Flakes /Gewürz, Gochugaru-Chili-Pfefferflocken",SPI-00-139356-5,0.35,0.35,grams,,,0.80012,0.35,grams
FV4053A - Gochugaru Chicken [DKSE],REC-013455-4-003,,,,,,,,,,,,,,,,,,,,,"FA-DE Cheese, Mozzarella, Shredded /Käse, Mozzarella, gerieben",DAI-00-139125-3,15,15,grams,MILCH (EINSCHLIESSLICH LAKTOSE),,,15,grams
FV4064A - Ginger Garlic Grilled Chicken [DE],REC-016335-4-002,Brown Basmati Rice with GGS,SUB-014273-4-001,110,grams,"BLAST CHILLER, HAND MIX, OVEN",,,,,,,,,,,,,,,,"FA-DE Ginger, IQF, Diced 4 mm /Ingwer, IQF, gewürfelt 4 mm",PHF-00-139238-1,3.33,3.33,grams,SCHWEFELDIOXIDE UND SULFITE,,1.01999,3.33,grams
FV4064A - Ginger Garlic Grilled Chicken [DE],REC-016335-4-002,Brown Basmati Rice with GGS,SUB-014273-4-001,110,grams,"BLAST CHILLER, HAND MIX, OVEN",,,,,,,,,,,,,,,,"FA-DE Garlic, IQF, Diced 4 mm /Knoblauch, IQF, gewürfelt 4 mm",PHF-00-139237-1,3.33,3.33,grams,SCHWEFELDIOXIDE UND SULFITE,,1.01999,3.33,grams
FV4064A - Ginger Garlic Grilled Chicken [DE],REC-016335-4-002,Brown Basmati Rice with GGS,SUB-014273-4-001,110,grams,"BLAST CHILLER, HAND MIX, OVEN",,,,,,,,,,,,,,,,"FA-DE Onion, Green, Sliced 5mm /Zwiebel, grün, in Scheiben geschnitten, 5 mm",PHF-00-149803-3,3.33,3.33,grams,,,1.01999,3.33,grams
FV4064A - Ginger Garlic Grilled Chicken [DE],REC-016335-4-002,Brown Basmati Rice with GGS,SUB-014273-4-001,110,grams,"BLAST CHILLER, HAND MIX, OVEN",,,,,,,,,,,,,,,,"FA-DE Spice, Sea Salt /Gewürze, Meersalz",SPI-00-139378-5,0.23,0.23,grams,,,1.01999,0.23,grams
FV4064A - Ginger Garlic Grilled Chicken [DE],REC-016335-4-002,Brown Basmati Rice with GGS,SUB-014273-4-001,110,grams,"BLAST CHILLER, HAND MIX, OVEN",,,,,,,,,,,,,,,,"FA-DE Rice, Basmati, Brown /Reis, Basmati, braun",DRY-00-139168-5,39.37,39.37,grams,,,1.01999,39.37,grams
FV4064A - Ginger Garlic Grilled Chicken [DE],REC-016335-4-002,Brown Basmati Rice with GGS,SUB-014273-4-001,110,grams,"BLAST CHILLER, HAND MIX, OVEN",,,,,,,,,,,,,,,,FA-DE Water / Wasser,OTH-00-144038-5,58.25,58.25,grams,,,1.01999,58.25,grams
FV4064A - Ginger Garlic Grilled Chicken [DE],REC-016335-4-002,Edamame Succotash,SUB-016331-4-001,60,grams,"BLAST CHILLER, OVEN",,,,,,,,,,,,,,,,"FA-DE Edamame, Soy /Edamame, Soja",PHF-00-139195-3,55.88,55.88,grams,SOJA,,0.66697,55.88,grams
FV4064A - Ginger Garlic Grilled Chicken [DE],REC-016335-4-002,Edamame Succotash,SUB-016331-4-001,60,grams,"BLAST CHILLER, OVEN",,,,,,,,,,,,,,,,"FA-DE Oil, Sesame Seed, Toasted /Öl, Sesamsamen, geröstet",PRO-00-139280-5,0.67,0.67,grams,SESAMSAMEN,,0.66697,0.67,grams
FV4064A - Ginger Garlic Grilled Chicken [DE],REC-016335-4-002,Edamame Succotash,SUB-016331-4-001,60,grams,"BLAST CHILLER, OVEN",,,,,,,,,,,,,,,,"FA-DE Tamari, Reduced Sodium Soy Sauce /Tamari, natriumreduzierte Sojasauce",PRO-00-139291-5,0.17,0.17,grams,SOJA,,0.66697,0.17,grams
FV4064A - Ginger Garlic Grilled Chicken [DE],REC-016335-4-002,Edamame Succotash,SUB-016331-4-001,60,grams,"BLAST CHILLER, OVEN",,,,,,,,,,,,,,,,"FA-DE Onion, Red, Diced 10mm/Zwiebeln, rot, gewürfelt, 10 mm",PHF-00-139216-3,4.58,4.58,grams,,,0.66697,4.58,grams
FV4064A - Ginger Garlic Grilled Chicken [DE],REC-016335-4-002,Edamame Succotash,SUB-016331-4-001,60,grams,"BLAST CHILLER, OVEN",,,,,,,,,,,,,,,,"FA-DE Bell Peppers, Red, Diced 10mm /Paprika, rot, gewürfelt 10 mm",PHF-00-139179-3,11.57,11.57,grams,,,0.66697,11.57,grams
FV4064A - Ginger Garlic Grilled Chicken [DE],REC-016335-4-002,Edamame Succotash,SUB-016331-4-001,60,grams,"BLAST CHILLER, OVEN",,,,,,,,,,,,,,,,"FA-DE Bell Peppers, Green, Diced 10mm /Paprika, grün, gewürfelt 10 mm",PHF-00-139176-3,13.86,13.86,grams,,,0.66697,13.86,grams
FV4064A - Ginger Garlic Grilled Chicken [DE],REC-016335-4-002,Edamame Succotash,SUB-016331-4-001,60,grams,"BLAST CHILLER, OVEN",,,,,,,,,,,,,,,,"FA-DE Garlic, IQF, Diced 4 mm /Knoblauch, IQF, gewürfelt 4 mm",PHF-00-139237-1,1.21,1.21,grams,SCHWEFELDIOXIDE UND SULFITE,,0.66697,1.21,grams
FV4064A - Ginger Garlic Grilled Chicken [DE],REC-016335-4-002,Edamame Succotash,SUB-016331-4-001,60,grams,"BLAST CHILLER, OVEN",,,,,,,,,,,,,,,,"FA-DE Ginger, IQF, Diced 4 mm /Ingwer, IQF, gewürfelt 4 mm",PHF-00-139238-1,1.15,1.15,grams,SCHWEFELDIOXIDE UND SULFITE,,0.66697,1.15,grams
FV4064A - Ginger Garlic Grilled Chicken [DE],REC-016335-4-002,Edamame Succotash,SUB-016331-4-001,60,grams,"BLAST CHILLER, OVEN",,,,,,,,,,,,,,,,"FA-DE Spice, Sea Salt /Gewürze, Meersalz",SPI-00-139378-5,0.11,0.11,grams,,,0.66697,0.11,grams
FV4064A - Ginger Garlic Grilled Chicken [DE],REC-016335-4-002,Edamame Succotash,SUB-016331-4-001,60,grams,"BLAST CHILLER, OVEN",,,,,,,,,,,,,,,,"FA-DE Spice, Black Pepper, Ground /Gewürz, schwarzer Pfeffer, gemahlen",SPI-00-139334-5,0.1,0.1,grams,,,0.66697,0.1,grams
FV4064A - Ginger Garlic Grilled Chicken [DE],REC-016335-4-002,Edamame Succotash,SUB-016331-4-001,60,grams,"BLAST CHILLER, OVEN",,,,,,,,,,,,,,,,"FA-DE Spice, Garlic Granulated /Gewürz, Knoblauch granuliert",SPI-00-139353-5,0.2,0.2,grams,,,0.66697,0.2,grams
FV4064A - Ginger Garlic Grilled Chicken [DE],REC-016335-4-002,Edamame Succotash,SUB-016331-4-001,60,grams,"BLAST CHILLER, OVEN",,,,,,,,,,,,,,,,"FA-DE Coriander, Chopped /Koriander, gehackt",PHF-00-139192-3,0.46,0.46,grams,,,0.66697,0.46,grams
FV4064A - Ginger Garlic Grilled Chicken [DE],REC-016335-4-002,Grilled Chicken Breast Marinade #6 - Asian (EACH),SUB-016253-4-001,1,each,"BLAST CHILLER, GRILL, MARINADE, OVEN",Chicken Breast - BRINED 160g,SUB-013527-4-001,160,grams,BRINE,,,,,,,,,,,"FA-DE Chicken, Breast, B/S - 160g/Hähnchen, Brust, B/S – 160 g",PTN-00-139317-3,160,160,grams,,,0.4978,160,grams
FV4064A - Ginger Garlic Grilled Chicken [DE],REC-016335-4-002,Grilled Chicken Breast Marinade #6 - Asian (EACH),SUB-016253-4-001,1,each,"BLAST CHILLER, GRILL, MARINADE, OVEN",Chicken Breast - BRINED 160g,SUB-013527-4-001,160,grams,BRINE,,,,,,,,,,,FA-DE Water / Wasser,OTH-00-144038-5,160,160,grams,,,0.4978,160,grams
FV4064A - Ginger Garlic Grilled Chicken [DE],REC-016335-4-002,Grilled Chicken Breast Marinade #6 - Asian (EACH),SUB-016253-4-001,1,each,"BLAST CHILLER, GRILL, MARINADE, OVEN",Chicken Breast - BRINED 160g,SUB-013527-4-001,160,grams,BRINE,,,,,,,,,,,"FA-DE Spice, Sea Salt /Gewürze, Meersalz",SPI-00-139378-5,1.41,1.41,grams,,,0.4978,1.41,grams
FV4064A - Ginger Garlic Grilled Chicken [DE],REC-016335-4-002,Grilled Chicken Breast Marinade #6 - Asian (EACH),SUB-016253-4-001,1,each,"BLAST CHILLER, GRILL, MARINADE, OVEN",Mod Marinade #6 - Asian,SUB-016246-4-001,5.4,grams,IMMERSION BLENDER,,,,,,,,,,,"FA-DE Onion, Green, Sliced 5mm /Zwiebel, grün, in Scheiben geschnitten, 5 mm",PHF-00-149803-3,0.86,0.86,grams,,,0.99821,0.86,grams
FV4064A - Ginger Garlic Grilled Chicken [DE],REC-016335-4-002,Grilled Chicken Breast Marinade #6 - Asian (EACH),SUB-016253-4-001,1,each,"BLAST CHILLER, GRILL, MARINADE, OVEN",Mod Marinade #6 - Asian,SUB-016246-4-001,5.4,grams,IMMERSION BLENDER,,,,,,,,,,,"FA-DE Garlic, IQF, Diced 4 mm /Knoblauch, IQF, gewürfelt 4 mm",PHF-00-139237-1,0.86,0.86,grams,SCHWEFELDIOXIDE UND SULFITE,,0.99821,0.86,grams
FV4064A - Ginger Garlic Grilled Chicken [DE],REC-016335-4-002,Grilled Chicken Breast Marinade #6 - Asian (EACH),SUB-016253-4-001,1,each,"BLAST CHILLER, GRILL, MARINADE, OVEN",Mod Marinade #6 - Asian,SUB-016246-4-001,5.4,grams,IMMERSION BLENDER,,,,,,,,,,,"FA-DE Ginger, IQF, Diced 4 mm /Ingwer, IQF, gewürfelt 4 mm",PHF-00-139238-1,0.64,0.64,grams,SCHWEFELDIOXIDE UND SULFITE,,0.99821,0.64,grams
FV4064A - Ginger Garlic Grilled Chicken [DE],REC-016335-4-002,Grilled Chicken Breast Marinade #6 - Asian (EACH),SUB-016253-4-001,1,each,"BLAST CHILLER, GRILL, MARINADE, OVEN",Mod Marinade #6 - Asian,SUB-016246-4-001,5.4,grams,IMMERSION BLENDER,,,,,,,,,,,"FA-DE Tamari, Reduced Sodium Soy Sauce /Tamari, natriumreduzierte Sojasauce",PRO-00-139291-5,0.54,0.54,grams,SOJA,,0.99821,0.54,grams
FV4064A - Ginger Garlic Grilled Chicken [DE],REC-016335-4-002,Grilled Chicken Breast Marinade #6 - Asian (EACH),SUB-016253-4-001,1,each,"BLAST CHILLER, GRILL, MARINADE, OVEN",Mod Marinade #6 - Asian,SUB-016246-4-001,5.4,grams,IMMERSION BLENDER,,,,,,,,,,,FA-DE Honey /Honig – Masse,PRO-00-139266-5,0.54,0.54,grams,,,0.99821,0.54,grams
FV4064A - Ginger Garlic Grilled Chicken [DE],REC-016335-4-002,Grilled Chicken Breast Marinade #6 - Asian (EACH),SUB-016253-4-001,1,each,"BLAST CHILLER, GRILL, MARINADE, OVEN",Mod Marinade #6 - Asian,SUB-016246-4-001,5.4,grams,IMMERSION BLENDER,,,,,,,,,,,"FA-DE Vinegar, Rice /Essig, Reis",PRO-00-139300-5,0.21,0.21,grams,,,0.99821,0.21,grams
FV4064A - Ginger Garlic Grilled Chicken [DE],REC-016335-4-002,Grilled Chicken Breast Marinade #6 - Asian (EACH),SUB-016253-4-001,1,each,"BLAST CHILLER, GRILL, MARINADE, OVEN",Mod Marinade #6 - Asian,SUB-016246-4-001,5.4,grams,IMMERSION BLENDER,,,,,,,,,,,"FA-DE Spice, White Pepper /Gewürz, weißer Pfeffer",SPI-00-139387-5,0.03,0.03,grams,,,0.99821,0.03,grams
FV4064A - Ginger Garlic Grilled Chicken [DE],REC-016335-4-002,Grilled Chicken Breast Marinade #6 - Asian (EACH),SUB-016253-4-001,1,each,"BLAST CHILLER, GRILL, MARINADE, OVEN",Mod Marinade #6 - Asian,SUB-016246-4-001,5.4,grams,IMMERSION BLENDER,,,,,,,,,,,"FA-DE Spice, Sea Salt /Gewürze, Meersalz",SPI-00-139378-5,0.01,0.01,grams,,,0.99821,0.01,grams
FV4064A - Ginger Garlic Grilled Chicken [DE],REC-016335-4-002,Grilled Chicken Breast Marinade #6 - Asian (EACH),SUB-016253-4-001,1,each,"BLAST CHILLER, GRILL, MARINADE, OVEN",Mod Marinade #6 - Asian,SUB-016246-4-001,5.4,grams,IMMERSION BLENDER,,,,,,,,,,,"FA-DE Spice, Gochugaru Chili Pepper Flakes /Gewürz, Gochugaru-Chili-Pfefferflocken",SPI-00-139356-5,0,0,grams,,,0.99821,0,grams
FV4064A - Ginger Garlic Grilled Chicken [DE],REC-016335-4-002,Grilled Chicken Breast Marinade #6 - Asian (EACH),SUB-016253-4-001,1,each,"BLAST CHILLER, GRILL, MARINADE, OVEN",Mod Marinade #6 - Asian,SUB-016246-4-001,5.4,grams,IMMERSION BLENDER,,,,,,,,,,,"FA-DE Oil, Olive /Öl, Olivenöl",PRO-00-139277-5,0.86,0.86,grams,,,0.99821,0.86,grams
FV4064A - Ginger Garlic Grilled Chicken [DE],REC-016335-4-002,Grilled Chicken Breast Marinade #6 - Asian (EACH),SUB-016253-4-001,1,each,"BLAST CHILLER, GRILL, MARINADE, OVEN",Mod Marinade #6 - Asian,SUB-016246-4-001,5.4,grams,IMMERSION BLENDER,,,,,,,,,,,"FA-DE Oil, Sesame Seed, Toasted /Öl, Sesamsamen, geröstet",PRO-00-139280-5,0.86,0.86,grams,SESAMSAMEN,,0.99821,0.86,grams
FV4064A - Ginger Garlic Grilled Chicken [DE],REC-016335-4-002,Teriyaki Sauce,SUB-016332-4-001,30,grams,"BLAST CHILLER, BRAISER, IMMERSION BLENDER, SPICE PORTIONING",,,,,,,,,,,,,,,,"FA-DE Oil, Sesame Seed, Toasted /Öl, Sesamsamen, geröstet",PRO-00-139280-5,3.63,3.63,grams,SESAMSAMEN,,0.89566,3.63,grams
FV4064A - Ginger Garlic Grilled Chicken [DE],REC-016335-4-002,Teriyaki Sauce,SUB-016332-4-001,30,grams,"BLAST CHILLER, BRAISER, IMMERSION BLENDER, SPICE PORTIONING",,,,,,,,,,,,,,,,"FA-DE Juice, Orange /Saft, Orange",PRO-00-139267-5,7.26,7.26,grams,,,0.89566,7.26,grams
FV4064A - Ginger Garlic Grilled Chicken [DE],REC-016335-4-002,Teriyaki Sauce,SUB-016332-4-001,30,grams,"BLAST CHILLER, BRAISER, IMMERSION BLENDER, SPICE PORTIONING",,,,,,,,,,,,,,,,FA-DE Honey /Honig – Masse,PRO-00-139266-5,3.63,3.63,grams,,,0.89566,3.63,grams
FV4064A - Ginger Garlic Grilled Chicken [DE],REC-016335-4-002,Teriyaki Sauce,SUB-016332-4-001,30,grams,"BLAST CHILLER, BRAISER, IMMERSION BLENDER, SPICE PORTIONING",,,,,,,,,,,,,,,,"FA-DE Tamari, Reduced Sodium Soy Sauce /Tamari, natriumreduzierte Sojasauce",PRO-00-139291-5,5.33,5.33,grams,SOJA,,0.89566,5.33,grams
FV4064A - Ginger Garlic Grilled Chicken [DE],REC-016335-4-002,Teriyaki Sauce,SUB-016332-4-001,30,grams,"BLAST CHILLER, BRAISER, IMMERSION BLENDER, SPICE PORTIONING",,,,,,,,,,,,,,,,FA-DE Water / Wasser,OTH-00-144038-5,5.58,5.58,grams,,,0.89566,5.58,grams
FV4064A - Ginger Garlic Grilled Chicken [DE],REC-016335-4-002,Teriyaki Sauce,SUB-016332-4-001,30,grams,"BLAST CHILLER, BRAISER, IMMERSION BLENDER, SPICE PORTIONING",,,,,,,,,,,,,,,,"FA-DE Spice, Garlic Granulated /Gewürz, Knoblauch granuliert",SPI-00-139353-5,0.22,0.22,grams,,,0.89566,0.22,grams
FV4064A - Ginger Garlic Grilled Chicken [DE],REC-016335-4-002,Teriyaki Sauce,SUB-016332-4-001,30,grams,"BLAST CHILLER, BRAISER, IMMERSION BLENDER, SPICE PORTIONING",,,,,,,,,,,,,,,,"FA-DE Spice, Onion Granulated /Gewürze, Zwiebeln granuliert",SPI-00-139370-5,0.36,0.36,grams,,,0.89566,0.36,grams
FV4064A - Ginger Garlic Grilled Chicken [DE],REC-016335-4-002,Teriyaki Sauce,SUB-016332-4-001,30,grams,"BLAST CHILLER, BRAISER, IMMERSION BLENDER, SPICE PORTIONING",,,,,,,,,,,,,,,,"FA-DE Spice, Ginger Ground /Gewürze, gemahlener Ingwer",SPI-00-139355-5,0.22,0.22,grams,,,0.89566,0.22,grams
FV4064A - Ginger Garlic Grilled Chicken [DE],REC-016335-4-002,Teriyaki Sauce,SUB-016332-4-001,30,grams,"BLAST CHILLER, BRAISER, IMMERSION BLENDER, SPICE PORTIONING",,,,,,,,,,,,,,,,"FA-DE Sugar, Coconut /Zucker, Kokosnuss",DRY-00-139171-5,3.63,3.63,grams,,,0.89566,3.63,grams
FV4064A - Ginger Garlic Grilled Chicken [DE],REC-016335-4-002,Teriyaki Sauce,SUB-016332-4-001,30,grams,"BLAST CHILLER, BRAISER, IMMERSION BLENDER, SPICE PORTIONING",,,,,,,,,,,,,,,,"FA-DE Vinegar, Rice /Essig, Reis",PRO-00-139300-5,1.45,1.45,grams,,,0.89566,1.45,grams
FV4064A - Ginger Garlic Grilled Chicken [DE],REC-016335-4-002,Teriyaki Sauce,SUB-016332-4-001,30,grams,"BLAST CHILLER, BRAISER, IMMERSION BLENDER, SPICE PORTIONING",Xanthan/Tapioca Slurry,SUB-016333-4-001,2.18,grams,"BLAST CHILLER, IMMERSION BLENDER",,,,,,,,,,,"FA-DE Starch, Tapioca /Stärke, Tapioka",DRY-00-139170-5,0.54,0.54,grams,,,1.0,0.54,grams
FV4064A - Ginger Garlic Grilled Chicken [DE],REC-016335-4-002,Teriyaki Sauce,SUB-016332-4-001,30,grams,"BLAST CHILLER, BRAISER, IMMERSION BLENDER, SPICE PORTIONING",Xanthan/Tapioca Slurry,SUB-016333-4-001,2.18,grams,"BLAST CHILLER, IMMERSION BLENDER",,,,,,,,,,,FA-DE Water / Wasser,OTH-00-144038-5,1.63,1.63,grams,,,1.0,1.63,grams
FV4064A - Ginger Garlic Grilled Chicken [DE],REC-016335-4-002,Teriyaki Sauce,SUB-016332-4-001,30,grams,"BLAST CHILLER, BRAISER, IMMERSION BLENDER, SPICE PORTIONING",Xanthan/Tapioca Slurry,SUB-016333-4-001,2.18,grams,"BLAST CHILLER, IMMERSION BLENDER",,,,,,,,,,,"FA-DE Gum, Xanthan /Gummi, Xanthan",DRY-00-139153-5,0,0,grams,,,1.0,0,grams
FV4064A - Ginger Garlic Grilled Chicken [DE],REC-016335-4-002,,,,,,,,,,,,,,,,,,,,,"FA-DE Spice, Sesame Seed, Roasted /Gewürz, Sesamsamen, geröstet",SPI-00-139379-5,3,3,grams,SESAMSAMEN,,,3,grams
FV4064A - Ginger Garlic Grilled Chicken [DE],REC-016335-4-002,Broccoli - Sesame Broccoli,SUB-016334-4-001,100,grams,"BLAST CHILLER, OVEN",Roasted Garlic (use),SUB-013367-4-001,7.31,grams,"BLAST CHILLER, BRAISER, SPICE PORTIONING",,,,,,,,,,,"FA-DE Garlic, Peeled, Whole Cloves [10kg] /Knoblauch, geschält, ganze Nelken [10kg]",PHF-00-139197-3,7.37,7.37,grams,,,0.56691,7.37,grams
FV4064A - Ginger Garlic Grilled Chicken [DE],REC-016335-4-002,Broccoli - Sesame Broccoli,SUB-016334-4-001,100,grams,"BLAST CHILLER, OVEN",Roasted Garlic (use),SUB-013367-4-001,7.31,grams,"BLAST CHILLER, BRAISER, SPICE PORTIONING",,,,,,,,,,,"FA-DE Oil, Olive /Öl, Olivenöl",PRO-00-139277-5,5.53,5.53,grams,,,0.56691,5.53,grams
FV4064A - Ginger Garlic Grilled Chicken [DE],REC-016335-4-002,Broccoli - Sesame Broccoli,SUB-016334-4-001,100,grams,"BLAST CHILLER, OVEN",,,,,,,,,,,,,,,,"FA-DE Oil, Sesame Seed, Toasted /Öl, Sesamsamen, geröstet",PRO-00-139280-5,9.25,9.25,grams,SESAMSAMEN,,0.65245,9.25,grams
FV4064A - Ginger Garlic Grilled Chicken [DE],REC-016335-4-002,Broccoli - Sesame Broccoli,SUB-016334-4-001,100,grams,"BLAST CHILLER, OVEN",,,,,,,,,,,,,,,,"FA-DE Broccoli, Florets, /Brokkoli, Röschen",PHF-00-143425-3,134.19,134.19,grams,,,0.65245,134.19,grams
FV4064A - Ginger Garlic Grilled Chicken [DE],REC-016335-4-002,Broccoli - Sesame Broccoli,SUB-016334-4-001,100,grams,"BLAST CHILLER, OVEN",,,,,,,,,,,,,,,,"FA-DE Spice, Sea Salt /Gewürze, Meersalz",SPI-00-139378-5,0.58,0.58,grams,,,0.65245,0.58,grams
FV4064A - Ginger Garlic Grilled Chicken [DE],REC-016335-4-002,Broccoli - Sesame Broccoli,SUB-016334-4-001,100,grams,"BLAST CHILLER, OVEN",,,,,,,,,,,,,,,,"FA-DE Spice, Sesame Seed, Roasted /Gewürz, Sesamsamen, geröstet",SPI-00-139379-5,1.94,1.94,grams,SESAMSAMEN,,0.65245,1.94,grams
FV4064A - Ginger Garlic Grilled Chicken [DKSE],REC-016335-4-003,Brown Basmati Rice with GGS,SUB-014273-4-001,110,grams,"BLAST CHILLER, HAND MIX, OVEN",,,,,,,,,,,,,,,,"FA-DE Ginger, IQF, Diced 4 mm /Ingwer, IQF, gewürfelt 4 mm",PHF-00-139238-1,3.33,3.33,grams,SCHWEFELDIOXIDE UND SULFITE,,1.01999,3.33,grams
FV4064A - Ginger Garlic Grilled Chicken [DKSE],REC-016335-4-003,Brown Basmati Rice with GGS,SUB-014273-4-001,110,grams,"BLAST CHILLER, HAND MIX, OVEN",,,,,,,,,,,,,,,,"FA-DE Garlic, IQF, Diced 4 mm /Knoblauch, IQF, gewürfelt 4 mm",PHF-00-139237-1,3.33,3.33,grams,SCHWEFELDIOXIDE UND SULFITE,,1.01999,3.33,grams
FV4064A - Ginger Garlic Grilled Chicken [DKSE],REC-016335-4-003,Brown Basmati Rice with GGS,SUB-014273-4-001,110,grams,"BLAST CHILLER, HAND MIX, OVEN",,,,,,,,,,,,,,,,"FA-DE Onion, Green, Sliced 5mm /Zwiebel, grün, in Scheiben geschnitten, 5 mm",PHF-00-149803-3,3.33,3.33,grams,,,1.01999,3.33,grams
FV4064A - Ginger Garlic Grilled Chicken [DKSE],REC-016335-4-003,Brown Basmati Rice with GGS,SUB-014273-4-001,110,grams,"BLAST CHILLER, HAND MIX, OVEN",,,,,,,,,,,,,,,,"FA-DE Spice, Sea Salt /Gewürze, Meersalz",SPI-00-139378-5,0.23,0.23,grams,,,1.01999,0.23,grams
FV4064A - Ginger Garlic Grilled Chicken [DKSE],REC-016335-4-003,Brown Basmati Rice with GGS,SUB-014273-4-001,110,grams,"BLAST CHILLER, HAND MIX, OVEN",,,,,,,,,,,,,,,,"FA-DE Rice, Basmati, Brown /Reis, Basmati, braun",DRY-00-139168-5,39.37,39.37,grams,,,1.01999,39.37,grams
FV4064A - Ginger Garlic Grilled Chicken [DKSE],REC-016335-4-003,Brown Basmati Rice with GGS,SUB-014273-4-001,110,grams,"BLAST CHILLER, HAND MIX, OVEN",,,,,,,,,,,,,,,,FA-DE Water / Wasser,OTH-00-144038-5,58.25,58.25,grams,,,1.01999,58.25,grams
FV4064A - Ginger Garlic Grilled Chicken [DKSE],REC-016335-4-003,Edamame Succotash,SUB-016331-4-001,60,grams,"BLAST CHILLER, OVEN",,,,,,,,,,,,,,,,"FA-DE Edamame, Soy /Edamame, Soja",PHF-00-139195-3,55.88,55.88,grams,SOJA,,0.66697,55.88,grams
FV4064A - Ginger Garlic Grilled Chicken [DKSE],REC-016335-4-003,Edamame Succotash,SUB-016331-4-001,60,grams,"BLAST CHILLER, OVEN",,,,,,,,,,,,,,,,"FA-DE Oil, Sesame Seed, Toasted /Öl, Sesamsamen, geröstet",PRO-00-139280-5,0.67,0.67,grams,SESAMSAMEN,,0.66697,0.67,grams
FV4064A - Ginger Garlic Grilled Chicken [DKSE],REC-016335-4-003,Edamame Succotash,SUB-016331-4-001,60,grams,"BLAST CHILLER, OVEN",,,,,,,,,,,,,,,,"FA-DE Tamari, Reduced Sodium Soy Sauce /Tamari, natriumreduzierte Sojasauce",PRO-00-139291-5,0.17,0.17,grams,SOJA,,0.66697,0.17,grams
FV4064A - Ginger Garlic Grilled Chicken [DKSE],REC-016335-4-003,Edamame Succotash,SUB-016331-4-001,60,grams,"BLAST CHILLER, OVEN",,,,,,,,,,,,,,,,"FA-DE Onion, Red, Diced 10mm/Zwiebeln, rot, gewürfelt, 10 mm",PHF-00-139216-3,4.58,4.58,grams,,,0.66697,4.58,grams
FV4064A - Ginger Garlic Grilled Chicken [DKSE],REC-016335-4-003,Edamame Succotash,SUB-016331-4-001,60,grams,"BLAST CHILLER, OVEN",,,,,,,,,,,,,,,,"FA-DE Bell Peppers, Red, Diced 10mm /Paprika, rot, gewürfelt 10 mm",PHF-00-139179-3,11.57,11.57,grams,,,0.66697,11.57,grams
FV4064A - Ginger Garlic Grilled Chicken [DKSE],REC-016335-4-003,Edamame Succotash,SUB-016331-4-001,60,grams,"BLAST CHILLER, OVEN",,,,,,,,,,,,,,,,"FA-DE Bell Peppers, Green, Diced 10mm /Paprika, grün, gewürfelt 10 mm",PHF-00-139176-3,13.86,13.86,grams,,,0.66697,13.86,grams
FV4064A - Ginger Garlic Grilled Chicken [DKSE],REC-016335-4-003,Edamame Succotash,SUB-016331-4-001,60,grams,"BLAST CHILLER, OVEN",,,,,,,,,,,,,,,,"FA-DE Garlic, IQF, Diced 4 mm /Knoblauch, IQF, gewürfelt 4 mm",PHF-00-139237-1,1.21,1.21,grams,SCHWEFELDIOXIDE UND SULFITE,,0.66697,1.21,grams
FV4064A - Ginger Garlic Grilled Chicken [DKSE],REC-016335-4-003,Edamame Succotash,SUB-016331-4-001,60,grams,"BLAST CHILLER, OVEN",,,,,,,,,,,,,,,,"FA-DE Ginger, IQF, Diced 4 mm /Ingwer, IQF, gewürfelt 4 mm",PHF-00-139238-1,1.15,1.15,grams,SCHWEFELDIOXIDE UND SULFITE,,0.66697,1.15,grams
FV4064A - Ginger Garlic Grilled Chicken [DKSE],REC-016335-4-003,Edamame Succotash,SUB-016331-4-001,60,grams,"BLAST CHILLER, OVEN",,,,,,,,,,,,,,,,"FA-DE Spice, Sea Salt /Gewürze, Meersalz",SPI-00-139378-5,0.11,0.11,grams,,,0.66697,0.11,grams
FV4064A - Ginger Garlic Grilled Chicken [DKSE],REC-016335-4-003,Edamame Succotash,SUB-016331-4-001,60,grams,"BLAST CHILLER, OVEN",,,,,,,,,,,,,,,,"FA-DE Spice, Black Pepper, Ground /Gewürz, schwarzer Pfeffer, gemahlen",SPI-00-139334-5,0.1,0.1,grams,,,0.66697,0.1,grams
FV4064A - Ginger Garlic Grilled Chicken [DKSE],REC-016335-4-003,Edamame Succotash,SUB-016331-4-001,60,grams,"BLAST CHILLER, OVEN",,,,,,,,,,,,,,,,"FA-DE Spice, Garlic Granulated /Gewürz, Knoblauch granuliert",SPI-00-139353-5,0.2,0.2,grams,,,0.66697,0.2,grams
FV4064A - Ginger Garlic Grilled Chicken [DKSE],REC-016335-4-003,Edamame Succotash,SUB-016331-4-001,60,grams,"BLAST CHILLER, OVEN",,,,,,,,,,,,,,,,"FA-DE Coriander, Chopped /Koriander, gehackt",PHF-00-139192-3,0.46,0.46,grams,,,0.66697,0.46,grams
FV4064A - Ginger Garlic Grilled Chicken [DKSE],REC-016335-4-003,Grilled Chicken Breast Marinade #6 - Asian (EACH),SUB-016253-4-001,1,each,"BLAST CHILLER, GRILL, MARINADE, OVEN",Chicken Breast - BRINED 160g,SUB-013527-4-001,160,grams,BRINE,,,,,,,,,,,"FA-DE Chicken, Breast, B/S - 160g/Hähnchen, Brust, B/S – 160 g",PTN-00-139317-3,160,160,grams,,,0.4978,160,grams
FV4064A - Ginger Garlic Grilled Chicken [DKSE],REC-016335-4-003,Grilled Chicken Breast Marinade #6 - Asian (EACH),SUB-016253-4-001,1,each,"BLAST CHILLER, GRILL, MARINADE, OVEN",Chicken Breast - BRINED 160g,SUB-013527-4-001,160,grams,BRINE,,,,,,,,,,,FA-DE Water / Wasser,OTH-00-144038-5,160,160,grams,,,0.4978,160,grams
FV4064A - Ginger Garlic Grilled Chicken [DKSE],REC-016335-4-003,Grilled Chicken Breast Marinade #6 - Asian (EACH),SUB-016253-4-001,1,each,"BLAST CHILLER, GRILL, MARINADE, OVEN",Chicken Breast - BRINED 160g,SUB-013527-4-001,160,grams,BRINE,,,,,,,,,,,"FA-DE Spice, Sea Salt /Gewürze, Meersalz",SPI-00-139378-5,1.41,1.41,grams,,,0.4978,1.41,grams
FV4064A - Ginger Garlic Grilled Chicken [DKSE],REC-016335-4-003,Grilled Chicken Breast Marinade #6 - Asian (EACH),SUB-016253-4-001,1,each,"BLAST CHILLER, GRILL, MARINADE, OVEN",Mod Marinade #6 - Asian,SUB-016246-4-001,5.4,grams,IMMERSION BLENDER,,,,,,,,,,,"FA-DE Onion, Green, Sliced 5mm /Zwiebel, grün, in Scheiben geschnitten, 5 mm",PHF-00-149803-3,0.86,0.86,grams,,,0.99821,0.86,grams
FV4064A - Ginger Garlic Grilled Chicken [DKSE],REC-016335-4-003,Grilled Chicken Breast Marinade #6 - Asian (EACH),SUB-016253-4-001,1,each,"BLAST CHILLER, GRILL, MARINADE, OVEN",Mod Marinade #6 - Asian,SUB-016246-4-001,5.4,grams,IMMERSION BLENDER,,,,,,,,,,,"FA-DE Garlic, IQF, Diced 4 mm /Knoblauch, IQF, gewürfelt 4 mm",PHF-00-139237-1,0.86,0.86,grams,SCHWEFELDIOXIDE UND SULFITE,,0.99821,0.86,grams
FV4064A - Ginger Garlic Grilled Chicken [DKSE],REC-016335-4-003,Grilled Chicken Breast Marinade #6 - Asian (EACH),SUB-016253-4-001,1,each,"BLAST CHILLER, GRILL, MARINADE, OVEN",Mod Marinade #6 - Asian,SUB-016246-4-001,5.4,grams,IMMERSION BLENDER,,,,,,,,,,,"FA-DE Ginger, IQF, Diced 4 mm /Ingwer, IQF, gewürfelt 4 mm",PHF-00-139238-1,0.64,0.64,grams,SCHWEFELDIOXIDE UND SULFITE,,0.99821,0.64,grams
FV4064A - Ginger Garlic Grilled Chicken [DKSE],REC-016335-4-003,Grilled Chicken Breast Marinade #6 - Asian (EACH),SUB-016253-4-001,1,each,"BLAST CHILLER, GRILL, MARINADE, OVEN",Mod Marinade #6 - Asian,SUB-016246-4-001,5.4,grams,IMMERSION BLENDER,,,,,,,,,,,"FA-DE Tamari, Reduced Sodium Soy Sauce /Tamari, natriumreduzierte Sojasauce",PRO-00-139291-5,0.54,0.54,grams,SOJA,,0.99821,0.54,grams
FV4064A - Ginger Garlic Grilled Chicken [DKSE],REC-016335-4-003,Grilled Chicken Breast Marinade #6 - Asian (EACH),SUB-016253-4-001,1,each,"BLAST CHILLER, GRILL, MARINADE, OVEN",Mod Marinade #6 - Asian,SUB-016246-4-001,5.4,grams,IMMERSION BLENDER,,,,,,,,,,,FA-DE Honey /Honig – Masse,PRO-00-139266-5,0.54,0.54,grams,,,0.99821,0.54,grams
FV4064A - Ginger Garlic Grilled Chicken [DKSE],REC-016335-4-003,Grilled Chicken Breast Marinade #6 - Asian (EACH),SUB-016253-4-001,1,each,"BLAST CHILLER, GRILL, MARINADE, OVEN",Mod Marinade #6 - Asian,SUB-016246-4-001,5.4,grams,IMMERSION BLENDER,,,,,,,,,,,"FA-DE Vinegar, Rice /Essig, Reis",PRO-00-139300-5,0.21,0.21,grams,,,0.99821,0.21,grams
FV4064A - Ginger Garlic Grilled Chicken [DKSE],REC-016335-4-003,Grilled Chicken Breast Marinade #6 - Asian (EACH),SUB-016253-4-001,1,each,"BLAST CHILLER, GRILL, MARINADE, OVEN",Mod Marinade #6 - Asian,SUB-016246-4-001,5.4,grams,IMMERSION BLENDER,,,,,,,,,,,"FA-DE Spice, White Pepper /Gewürz, weißer Pfeffer",SPI-00-139387-5,0.03,0.03,grams,,,0.99821,0.03,grams
FV4064A - Ginger Garlic Grilled Chicken [DKSE],REC-016335-4-003,Grilled Chicken Breast Marinade #6 - Asian (EACH),SUB-016253-4-001,1,each,"BLAST CHILLER, GRILL, MARINADE, OVEN",Mod Marinade #6 - Asian,SUB-016246-4-001,5.4,grams,IMMERSION BLENDER,,,,,,,,,,,"FA-DE Spice, Sea Salt /Gewürze, Meersalz",SPI-00-139378-5,0.01,0.01,grams,,,0.99821,0.01,grams
FV4064A - Ginger Garlic Grilled Chicken [DKSE],REC-016335-4-003,Grilled Chicken Breast Marinade #6 - Asian (EACH),SUB-016253-4-001,1,each,"BLAST CHILLER, GRILL, MARINADE, OVEN",Mod Marinade #6 - Asian,SUB-016246-4-001,5.4,grams,IMMERSION BLENDER,,,,,,,,,,,"FA-DE Spice, Gochugaru Chili Pepper Flakes /Gewürz, Gochugaru-Chili-Pfefferflocken",SPI-00-139356-5,0,0,grams,,,0.99821,0,grams
FV4064A - Ginger Garlic Grilled Chicken [DKSE],REC-016335-4-003,Grilled Chicken Breast Marinade #6 - Asian (EACH),SUB-016253-4-001,1,each,"BLAST CHILLER, GRILL, MARINADE, OVEN",Mod Marinade #6 - Asian,SUB-016246-4-001,5.4,grams,IMMERSION BLENDER,,,,,,,,,,,"FA-DE Oil, Olive /Öl, Olivenöl",PRO-00-139277-5,0.86,0.86,grams,,,0.99821,0.86,grams
FV4064A - Ginger Garlic Grilled Chicken [DKSE],REC-016335-4-003,Grilled Chicken Breast Marinade #6 - Asian (EACH),SUB-016253-4-001,1,each,"BLAST CHILLER, GRILL, MARINADE, OVEN",Mod Marinade #6 - Asian,SUB-016246-4-001,5.4,grams,IMMERSION BLENDER,,,,,,,,,,,"FA-DE Oil, Sesame Seed, Toasted /Öl, Sesamsamen, geröstet",PRO-00-139280-5,0.86,0.86,grams,SESAMSAMEN,,0.99821,0.86,grams
FV4064A - Ginger Garlic Grilled Chicken [DKSE],REC-016335-4-003,Teriyaki Sauce,SUB-016332-4-001,30,grams,"BLAST CHILLER, BRAISER, IMMERSION BLENDER, SPICE PORTIONING",,,,,,,,,,,,,,,,"FA-DE Oil, Sesame Seed, Toasted /Öl, Sesamsamen, geröstet",PRO-00-139280-5,3.63,3.63,grams,SESAMSAMEN,,0.89566,3.63,grams
FV4064A - Ginger Garlic Grilled Chicken [DKSE],REC-016335-4-003,Teriyaki Sauce,SUB-016332-4-001,30,grams,"BLAST CHILLER, BRAISER, IMMERSION BLENDER, SPICE PORTIONING",,,,,,,,,,,,,,,,"FA-DE Juice, Orange /Saft, Orange",PRO-00-139267-5,7.26,7.26,grams,,,0.89566,7.26,grams
FV4064A - Ginger Garlic Grilled Chicken [DKSE],REC-016335-4-003,Teriyaki Sauce,SUB-016332-4-001,30,grams,"BLAST CHILLER, BRAISER, IMMERSION BLENDER, SPICE PORTIONING",,,,,,,,,,,,,,,,FA-DE Honey /Honig – Masse,PRO-00-139266-5,3.63,3.63,grams,,,0.89566,3.63,grams
FV4064A - Ginger Garlic Grilled Chicken [DKSE],REC-016335-4-003,Teriyaki Sauce,SUB-016332-4-001,30,grams,"BLAST CHILLER, BRAISER, IMMERSION BLENDER, SPICE PORTIONING",,,,,,,,,,,,,,,,"FA-DE Tamari, Reduced Sodium Soy Sauce /Tamari, natriumreduzierte Sojasauce",PRO-00-139291-5,5.33,5.33,grams,SOJA,,0.89566,5.33,grams
FV4064A - Ginger Garlic Grilled Chicken [DKSE],REC-016335-4-003,Teriyaki Sauce,SUB-016332-4-001,30,grams,"BLAST CHILLER, BRAISER, IMMERSION BLENDER, SPICE PORTIONING",,,,,,,,,,,,,,,,FA-DE Water / Wasser,OTH-00-144038-5,5.58,5.58,grams,,,0.89566,5.58,grams
FV4064A - Ginger Garlic Grilled Chicken [DKSE],REC-016335-4-003,Teriyaki Sauce,SUB-016332-4-001,30,grams,"BLAST CHILLER, BRAISER, IMMERSION BLENDER, SPICE PORTIONING",,,,,,,,,,,,,,,,"FA-DE Spice, Garlic Granulated /Gewürz, Knoblauch granuliert",SPI-00-139353-5,0.22,0.22,grams,,,0.89566,0.22,grams
FV4064A - Ginger Garlic Grilled Chicken [DKSE],REC-016335-4-003,Teriyaki Sauce,SUB-016332-4-001,30,grams,"BLAST CHILLER, BRAISER, IMMERSION BLENDER, SPICE PORTIONING",,,,,,,,,,,,,,,,"FA-DE Spice, Onion Granulated /Gewürze, Zwiebeln granuliert",SPI-00-139370-5,0.36,0.36,grams,,,0.89566,0.36,grams
FV4064A - Ginger Garlic Grilled Chicken [DKSE],REC-016335-4-003,Teriyaki Sauce,SUB-016332-4-001,30,grams,"BLAST CHILLER, BRAISER, IMMERSION BLENDER, SPICE PORTIONING",,,,,,,,,,,,,,,,"FA-DE Spice, Ginger Ground /Gewürze, gemahlener Ingwer",SPI-00-139355-5,0.22,0.22,grams,,,0.89566,0.22,grams
FV4064A - Ginger Garlic Grilled Chicken [DKSE],REC-016335-4-003,Teriyaki Sauce,SUB-016332-4-001,30,grams,"BLAST CHILLER, BRAISER, IMMERSION BLENDER, SPICE PORTIONING",,,,,,,,,,,,,,,,"FA-DE Sugar, Coconut /Zucker, Kokosnuss",DRY-00-139171-5,3.63,3.63,grams,,,0.89566,3.63,grams
FV4064A - Ginger Garlic Grilled Chicken [DKSE],REC-016335-4-003,Teriyaki Sauce,SUB-016332-4-001,30,grams,"BLAST CHILLER, BRAISER, IMMERSION BLENDER, SPICE PORTIONING",,,,,,,,,,,,,,,,"FA-DE Vinegar, Rice /Essig, Reis",PRO-00-139300-5,1.45,1.45,grams,,,0.89566,1.45,grams
FV4064A - Ginger Garlic Grilled Chicken [DKSE],REC-016335-4-003,Teriyaki Sauce,SUB-016332-4-001,30,grams,"BLAST CHILLER, BRAISER, IMMERSION BLENDER, SPICE PORTIONING",Xanthan/Tapioca Slurry,SUB-016333-4-001,2.18,grams,"BLAST CHILLER, IMMERSION BLENDER",,,,,,,,,,,"FA-DE Starch, Tapioca /Stärke, Tapioka",DRY-00-139170-5,0.54,0.54,grams,,,1.0,0.54,grams
FV4064A - Ginger Garlic Grilled Chicken [DKSE],REC-016335-4-003,Teriyaki Sauce,SUB-016332-4-001,30,grams,"BLAST CHILLER, BRAISER, IMMERSION BLENDER, SPICE PORTIONING",Xanthan/Tapioca Slurry,SUB-016333-4-001,2.18,grams,"BLAST CHILLER, IMMERSION BLENDER",,,,,,,,,,,FA-DE Water / Wasser,OTH-00-144038-5,1.63,1.63,grams,,,1.0,1.63,grams
FV4064A - Ginger Garlic Grilled Chicken [DKSE],REC-016335-4-003,Teriyaki Sauce,SUB-016332-4-001,30,grams,"BLAST CHILLER, BRAISER, IMMERSION BLENDER, SPICE PORTIONING",Xanthan/Tapioca Slurry,SUB-016333-4-001,2.18,grams,"BLAST CHILLER, IMMERSION BLENDER",,,,,,,,,,,"FA-DE Gum, Xanthan /Gummi, Xanthan",DRY-00-139153-5,0,0,grams,,,1.0,0,grams
FV4064A - Ginger Garlic Grilled Chicken [DKSE],REC-016335-4-003,,,,,,,,,,,,,,,,,,,,,"FA-DE Spice, Sesame Seed, Roasted /Gewürz, Sesamsamen, geröstet",SPI-00-139379-5,3,3,grams,SESAMSAMEN,,,3,grams
FV4064A - Ginger Garlic Grilled Chicken [DKSE],REC-016335-4-003,Broccoli - Sesame Broccoli,SUB-016334-4-001,100,grams,"BLAST CHILLER, OVEN",Roasted Garlic (use),SUB-013367-4-001,7.31,grams,"BLAST CHILLER, BRAISER, SPICE PORTIONING",,,,,,,,,,,"FA-DE Garlic, Peeled, Whole Cloves [10kg] /Knoblauch, geschält, ganze Nelken [10kg]",PHF-00-139197-3,7.37,7.37,grams,,,0.56691,7.37,grams
FV4064A - Ginger Garlic Grilled Chicken [DKSE],REC-016335-4-003,Broccoli - Sesame Broccoli,SUB-016334-4-001,100,grams,"BLAST CHILLER, OVEN",Roasted Garlic (use),SUB-013367-4-001,7.31,grams,"BLAST CHILLER, BRAISER, SPICE PORTIONING",,,,,,,,,,,"FA-DE Oil, Olive /Öl, Olivenöl",PRO-00-139277-5,5.53,5.53,grams,,,0.56691,5.53,grams
FV4064A - Ginger Garlic Grilled Chicken [DKSE],REC-016335-4-003,Broccoli - Sesame Broccoli,SUB-016334-4-001,100,grams,"BLAST CHILLER, OVEN",,,,,,,,,,,,,,,,"FA-DE Oil, Sesame Seed, Toasted /Öl, Sesamsamen, geröstet",PRO-00-139280-5,9.25,9.25,grams,SESAMSAMEN,,0.65245,9.25,grams
FV4064A - Ginger Garlic Grilled Chicken [DKSE],REC-016335-4-003,Broccoli - Sesame Broccoli,SUB-016334-4-001,100,grams,"BLAST CHILLER, OVEN",,,,,,,,,,,,,,,,"FA-DE Broccoli, Florets, /Brokkoli, Röschen",PHF-00-143425-3,134.19,134.19,grams,,,0.65245,134.19,grams
FV4064A - Ginger Garlic Grilled Chicken [DKSE],REC-016335-4-003,Broccoli - Sesame Broccoli,SUB-016334-4-001,100,grams,"BLAST CHILLER, OVEN",,,,,,,,,,,,,,,,"FA-DE Spice, Sea Salt /Gewürze, Meersalz",SPI-00-139378-5,0.58,0.58,grams,,,0.65245,0.58,grams
FV4064A - Ginger Garlic Grilled Chicken [DKSE],REC-016335-4-003,Broccoli - Sesame Broccoli,SUB-016334-4-001,100,grams,"BLAST CHILLER, OVEN",,,,,,,,,,,,,,,,"FA-DE Spice, Sesame Seed, Roasted /Gewürz, Sesamsamen, geröstet",SPI-00-139379-5,1.94,1.94,grams,SESAMSAMEN,,0.65245,1.94,grams
